title,company_id,job_role_id,start_ymd,end_ymd,headcount,career_type,hire_type_lst,region_lst,edu_level_lst,position_detail,main_duty,qualification,preference,disqualify_reason,process
경영·비즈니스기획 담당자 모집,134,1,20260204,20260221,6,경력 2년 이상,계약직,인천광역시,전문학사 이상,"성장 단계 스타트업에서 사업계획·손익 시나리오를 담당할 경영·비즈니스기획을 모집합니다. 이 포지션은 현장의 요구를 실행 가능한 계획과 결과물로 연결하는 역할입니다.

담당 범위는 시장·경쟁사 데이터를 바탕으로 기준을 수립하고, 우선순위에 따라 과제를 실행하며 품질과 일정을 함께 관리하는 것입니다.

기획·전략 조직의 동료와 재무·영업·개발·운영 등 유관 부서, 필요한 경우 외부 파트너와 협업해 의사결정에 필요한 정보를 정리합니다.

이슈가 발생하면 사실과 데이터를 먼저 확인하고 원인을 구분한 뒤, 대안을 비교해 합의된 조치를 실행하고 재발 방지 내용을 문서화합니다.

입사 초기에는 기존 자료와 업무 흐름을 파악하고 Excel·PowerPoint 환경을 익힌 뒤, 담당 영역의 개선 과제와 표준화 작업을 단계적으로 주도합니다.

성과는 결과물의 정확성, 일정 준수, 이해관계자와의 명확한 소통, 사용자와 사업에 미치는 영향을 기준으로 평가합니다.","- 사업계획·손익 시나리오 관련 연간·분기 실행계획 수립
- 시장·경쟁사 데이터 수집·정리 및 핵심 이슈 분석
- Excel·PowerPoint를 활용한 업무 산출물 작성과 버전 관리
- 요구사항을 세부 과제와 일정으로 구체화하고 진행 현황 관리
- 유관 부서 및 외부 파트너와 기준·일정·결과물 조율
- 검토 회의 운영과 의사결정 근거·변경 이력 문서화
- 성과지표 설정 및 결과 데이터 분석을 통한 개선안 제안","- 사업계획·손익 시나리오 관련 지식 또는 프로젝트·실무 경험을 보유한 분
- 시장·경쟁사 데이터를 정확히 해석하고 업무 문서로 구조화할 수 있는 분
- Excel·PowerPoint 중 직무에 필요한 도구를 실무에 적용할 수 있는 분
- 유관 부서와 쟁점을 명확히 설명하고 일정에 맞춰 협업할 수 있는 분
- 문제 원인을 근거에 따라 분석하고 실행 가능한 대안을 제시할 수 있는 분","- 경영지도사 보유자
- PMP 보유자
- ADsP 보유자
- 사업계획·손익 시나리오 관련 프로젝트를 기획부터 결과 검토까지 수행한 경험","- 제출한 경력·자격 증빙이 사실과 다른 경우
- 정해진 기한까지 필수 증빙서류를 제출하지 않은 경우
- 해외여행 및 근무에 결격사유가 있는 경우
- 채용 관련 비밀유지 의무를 위반한 경우",서류전형 > 인성검사 > 실무면접 > 최종면접
경영·비즈니스기획 실무자 채용,43,1,20260409,20260429,9,신입·경력,정규직,대전광역시,학사 이상,"중견기업 전략 조직에서 사업계획·손익 시나리오를 담당할 경영·비즈니스기획을 모집합니다. 이 포지션은 현장의 요구를 실행 가능한 계획과 결과물로 연결하는 역할입니다.

담당 범위는 시장·경쟁사 데이터를 바탕으로 기준을 수립하고, 우선순위에 따라 과제를 실행하며 품질과 일정을 함께 관리하는 것입니다.

기획·전략 조직의 동료와 재무·영업·개발·운영 등 유관 부서, 필요한 경우 외부 파트너와 협업해 의사결정에 필요한 정보를 정리합니다.

이슈가 발생하면 사실과 데이터를 먼저 확인하고 원인을 구분한 뒤, 대안을 비교해 합의된 조치를 실행하고 재발 방지 내용을 문서화합니다.

입사 초기에는 기존 자료와 업무 흐름을 파악하고 Excel·PowerPoint 환경을 익힌 뒤, 담당 영역의 개선 과제와 표준화 작업을 단계적으로 주도합니다.

성과는 결과물의 정확성, 일정 준수, 이해관계자와의 명확한 소통, 사용자와 사업에 미치는 영향을 기준으로 평가합니다.","- 시장·경쟁사 데이터 수집·정리 및 핵심 이슈 분석
- Excel·PowerPoint를 활용한 업무 산출물 작성과 버전 관리
- 요구사항을 세부 과제와 일정으로 구체화하고 진행 현황 관리
- 유관 부서 및 외부 파트너와 기준·일정·결과물 조율
- 검토 회의 운영과 의사결정 근거·변경 이력 문서화
- 성과지표 설정 및 결과 데이터 분석을 통한 개선안 제안
- 업무상 리스크 사전 점검과 문제 발생 시 원인 분석·후속 조치
- 재사용 가능한 체크리스트·가이드·템플릿 정비","- 사업계획·손익 시나리오 관련 지식 또는 프로젝트·실무 경험을 보유한 분
- 시장·경쟁사 데이터를 정확히 해석하고 업무 문서로 구조화할 수 있는 분
- Excel·PowerPoint 중 직무에 필요한 도구를 실무에 적용할 수 있는 분
- 유관 부서와 쟁점을 명확히 설명하고 일정에 맞춰 협업할 수 있는 분
- 문제 원인을 근거에 따라 분석하고 실행 가능한 대안을 제시할 수 있는 분
- 업무상 취급하는 개인정보와 기밀정보를 안전하게 관리할 수 있는 분","- PMP 보유자
- ADsP 보유자
- 경영지도사 보유자
- 사업계획·손익 시나리오 관련 프로젝트를 기획부터 결과 검토까지 수행한 경험
- Excel·PowerPoint를 활용해 반복 업무를 개선하거나 품질 기준을 정립한 경험","- 지원 자격 또는 필수 면허 요건을 충족하지 못한 경우
- 전형 과정에서 타인의 결과물을 무단 사용한 경우
- 채용검진 결과 담당 업무 수행이 곤란한 경우
- 관계 법령상 취업이 제한되는 경우",서류전형 > 직무과제 > 실무면접 > 처우협의
경영·비즈니스기획 전문인력 모집,139,1,20260614,20260707,12,경력 3년 이상,무기계약직,부산광역시,학사 이상,"공공서비스 운영기관에서 사업계획·손익 시나리오를 담당할 경영·비즈니스기획을 모집합니다. 이 포지션은 현장의 요구를 실행 가능한 계획과 결과물로 연결하는 역할입니다.

담당 범위는 시장·경쟁사 데이터를 바탕으로 기준을 수립하고, 우선순위에 따라 과제를 실행하며 품질과 일정을 함께 관리하는 것입니다.

기획·전략 조직의 동료와 재무·영업·개발·운영 등 유관 부서, 필요한 경우 외부 파트너와 협업해 의사결정에 필요한 정보를 정리합니다.

이슈가 발생하면 사실과 데이터를 먼저 확인하고 원인을 구분한 뒤, 대안을 비교해 합의된 조치를 실행하고 재발 방지 내용을 문서화합니다.

입사 초기에는 기존 자료와 업무 흐름을 파악하고 Excel·PowerPoint 환경을 익힌 뒤, 담당 영역의 개선 과제와 표준화 작업을 단계적으로 주도합니다.

성과는 결과물의 정확성, 일정 준수, 이해관계자와의 명확한 소통, 사용자와 사업에 미치는 영향을 기준으로 평가합니다.","- Excel·PowerPoint를 활용한 업무 산출물 작성과 버전 관리
- 요구사항을 세부 과제와 일정으로 구체화하고 진행 현황 관리
- 유관 부서 및 외부 파트너와 기준·일정·결과물 조율
- 검토 회의 운영과 의사결정 근거·변경 이력 문서화
- 성과지표 설정 및 결과 데이터 분석을 통한 개선안 제안
- 업무상 리스크 사전 점검과 문제 발생 시 원인 분석·후속 조치
- 재사용 가능한 체크리스트·가이드·템플릿 정비
- 고객 또는 내부 사용자의 피드백을 반영한 결과물 품질 개선
- 사업계획·손익 시나리오 관련 연간·분기 실행계획 수립","- 사업계획·손익 시나리오 관련 지식 또는 프로젝트·실무 경험을 보유한 분
- 시장·경쟁사 데이터를 정확히 해석하고 업무 문서로 구조화할 수 있는 분
- Excel·PowerPoint 중 직무에 필요한 도구를 실무에 적용할 수 있는 분
- 유관 부서와 쟁점을 명확히 설명하고 일정에 맞춰 협업할 수 있는 분
- 문제 원인을 근거에 따라 분석하고 실행 가능한 대안을 제시할 수 있는 분
- 업무상 취급하는 개인정보와 기밀정보를 안전하게 관리할 수 있는 분
- 경영·비즈니스기획 또는 유사 분야의 3년 이상 실무 경험을 보유한 분","- ADsP 보유자
- 경영지도사 보유자
- PMP 보유자
- 사업계획·손익 시나리오 관련 프로젝트를 기획부터 결과 검토까지 수행한 경험
- Excel·PowerPoint를 활용해 반복 업무를 개선하거나 품질 기준을 정립한 경험
- 외부 파트너 또는 다양한 이해관계자와 복잡한 요구사항을 조율한 경험","- 지원서 또는 제출서류를 허위로 기재한 경우
- 채용 과정에서 부정한 방법을 사용한 경우
- 채용검진 결과 직무 수행이 어렵다고 판단되는 경우
- 관련 법령 또는 내부 인사규정상 채용이 불가능한 경우",서류전형 > 1차면접 > 2차면접 > 채용검진
경영·비즈니스기획 인재 채용,146,1,20260819,20260914,15,경력 무관,정규직,광주광역시,석사 이상,"전문 컨설팅 조직에서 사업계획·손익 시나리오를 담당할 경영·비즈니스기획을 모집합니다. 이 포지션은 현장의 요구를 실행 가능한 계획과 결과물로 연결하는 역할입니다.

담당 범위는 시장·경쟁사 데이터를 바탕으로 기준을 수립하고, 우선순위에 따라 과제를 실행하며 품질과 일정을 함께 관리하는 것입니다.

기획·전략 조직의 동료와 재무·영업·개발·운영 등 유관 부서, 필요한 경우 외부 파트너와 협업해 의사결정에 필요한 정보를 정리합니다.

이슈가 발생하면 사실과 데이터를 먼저 확인하고 원인을 구분한 뒤, 대안을 비교해 합의된 조치를 실행하고 재발 방지 내용을 문서화합니다.

입사 초기에는 기존 자료와 업무 흐름을 파악하고 Excel·PowerPoint 환경을 익힌 뒤, 담당 영역의 개선 과제와 표준화 작업을 단계적으로 주도합니다.

성과는 결과물의 정확성, 일정 준수, 이해관계자와의 명확한 소통, 사용자와 사업에 미치는 영향을 기준으로 평가합니다.","- 요구사항을 세부 과제와 일정으로 구체화하고 진행 현황 관리
- 유관 부서 및 외부 파트너와 기준·일정·결과물 조율
- 검토 회의 운영과 의사결정 근거·변경 이력 문서화
- 성과지표 설정 및 결과 데이터 분석을 통한 개선안 제안
- 업무상 리스크 사전 점검과 문제 발생 시 원인 분석·후속 조치
- 재사용 가능한 체크리스트·가이드·템플릿 정비
- 고객 또는 내부 사용자의 피드백을 반영한 결과물 품질 개선","- 사업계획·손익 시나리오 관련 지식 또는 프로젝트·실무 경험을 보유한 분
- 시장·경쟁사 데이터를 정확히 해석하고 업무 문서로 구조화할 수 있는 분
- Excel·PowerPoint 중 직무에 필요한 도구를 실무에 적용할 수 있는 분
- 유관 부서와 쟁점을 명확히 설명하고 일정에 맞춰 협업할 수 있는 분
- 문제 원인을 근거에 따라 분석하고 실행 가능한 대안을 제시할 수 있는 분","- 경영지도사 보유자
- PMP 보유자
- ADsP 보유자
- 사업계획·손익 시나리오 관련 프로젝트를 기획부터 결과 검토까지 수행한 경험","- 제출한 경력·자격 증빙이 사실과 다른 경우
- 정해진 기한까지 필수 증빙서류를 제출하지 않은 경우
- 해외여행 및 근무에 결격사유가 있는 경우
- 채용 관련 비밀유지 의무를 위반한 경우",서류전형 > 필기전형 > 면접전형 > 최종합격
경영·비즈니스기획 공개채용,17,1,20261001,20261030,18,경력 5년 이상,기간제,세종특별자치시,학력무관,"글로벌 사업 조직에서 사업계획·손익 시나리오를 담당할 경영·비즈니스기획을 모집합니다. 이 포지션은 현장의 요구를 실행 가능한 계획과 결과물로 연결하는 역할입니다.

담당 범위는 시장·경쟁사 데이터를 바탕으로 기준을 수립하고, 우선순위에 따라 과제를 실행하며 품질과 일정을 함께 관리하는 것입니다.

기획·전략 조직의 동료와 재무·영업·개발·운영 등 유관 부서, 필요한 경우 외부 파트너와 협업해 의사결정에 필요한 정보를 정리합니다.

이슈가 발생하면 사실과 데이터를 먼저 확인하고 원인을 구분한 뒤, 대안을 비교해 합의된 조치를 실행하고 재발 방지 내용을 문서화합니다.

입사 초기에는 기존 자료와 업무 흐름을 파악하고 Excel·PowerPoint 환경을 익힌 뒤, 담당 영역의 개선 과제와 표준화 작업을 단계적으로 주도합니다.

성과는 결과물의 정확성, 일정 준수, 이해관계자와의 명확한 소통, 사용자와 사업에 미치는 영향을 기준으로 평가합니다.","- 유관 부서 및 외부 파트너와 기준·일정·결과물 조율
- 검토 회의 운영과 의사결정 근거·변경 이력 문서화
- 성과지표 설정 및 결과 데이터 분석을 통한 개선안 제안
- 업무상 리스크 사전 점검과 문제 발생 시 원인 분석·후속 조치
- 재사용 가능한 체크리스트·가이드·템플릿 정비
- 고객 또는 내부 사용자의 피드백을 반영한 결과물 품질 개선
- 사업계획·손익 시나리오 관련 연간·분기 실행계획 수립
- 시장·경쟁사 데이터 수집·정리 및 핵심 이슈 분석","- 사업계획·손익 시나리오 관련 지식 또는 프로젝트·실무 경험을 보유한 분
- 시장·경쟁사 데이터를 정확히 해석하고 업무 문서로 구조화할 수 있는 분
- Excel·PowerPoint 중 직무에 필요한 도구를 실무에 적용할 수 있는 분
- 유관 부서와 쟁점을 명확히 설명하고 일정에 맞춰 협업할 수 있는 분
- 문제 원인을 근거에 따라 분석하고 실행 가능한 대안을 제시할 수 있는 분
- 업무상 취급하는 개인정보와 기밀정보를 안전하게 관리할 수 있는 분","- PMP 보유자
- ADsP 보유자
- 경영지도사 보유자
- 사업계획·손익 시나리오 관련 프로젝트를 기획부터 결과 검토까지 수행한 경험
- Excel·PowerPoint를 활용해 반복 업무를 개선하거나 품질 기준을 정립한 경험","- 지원 자격 또는 필수 면허 요건을 충족하지 못한 경우
- 전형 과정에서 타인의 결과물을 무단 사용한 경우
- 채용검진 결과 담당 업무 수행이 곤란한 경우
- 관계 법령상 취업이 제한되는 경우",서류전형 > 실무면접 > 최종면접
경영·비즈니스기획 프로젝트 담당 모집,92,1,20260106,20260207,1,경력,정규직,충청남도,전문학사 이상,"연구개발 중심 조직에서 사업계획·손익 시나리오를 담당할 경영·비즈니스기획을 모집합니다. 이 포지션은 현장의 요구를 실행 가능한 계획과 결과물로 연결하는 역할입니다.

담당 범위는 시장·경쟁사 데이터를 바탕으로 기준을 수립하고, 우선순위에 따라 과제를 실행하며 품질과 일정을 함께 관리하는 것입니다.

기획·전략 조직의 동료와 재무·영업·개발·운영 등 유관 부서, 필요한 경우 외부 파트너와 협업해 의사결정에 필요한 정보를 정리합니다.

이슈가 발생하면 사실과 데이터를 먼저 확인하고 원인을 구분한 뒤, 대안을 비교해 합의된 조치를 실행하고 재발 방지 내용을 문서화합니다.

입사 초기에는 기존 자료와 업무 흐름을 파악하고 Excel·PowerPoint 환경을 익힌 뒤, 담당 영역의 개선 과제와 표준화 작업을 단계적으로 주도합니다.

성과는 결과물의 정확성, 일정 준수, 이해관계자와의 명확한 소통, 사용자와 사업에 미치는 영향을 기준으로 평가합니다.","- 검토 회의 운영과 의사결정 근거·변경 이력 문서화
- 성과지표 설정 및 결과 데이터 분석을 통한 개선안 제안
- 업무상 리스크 사전 점검과 문제 발생 시 원인 분석·후속 조치
- 재사용 가능한 체크리스트·가이드·템플릿 정비
- 고객 또는 내부 사용자의 피드백을 반영한 결과물 품질 개선
- 사업계획·손익 시나리오 관련 연간·분기 실행계획 수립
- 시장·경쟁사 데이터 수집·정리 및 핵심 이슈 분석
- Excel·PowerPoint를 활용한 업무 산출물 작성과 버전 관리
- 요구사항을 세부 과제와 일정으로 구체화하고 진행 현황 관리","- 사업계획·손익 시나리오 관련 지식 또는 프로젝트·실무 경험을 보유한 분
- 시장·경쟁사 데이터를 정확히 해석하고 업무 문서로 구조화할 수 있는 분
- Excel·PowerPoint 중 직무에 필요한 도구를 실무에 적용할 수 있는 분
- 유관 부서와 쟁점을 명확히 설명하고 일정에 맞춰 협업할 수 있는 분
- 문제 원인을 근거에 따라 분석하고 실행 가능한 대안을 제시할 수 있는 분
- 업무상 취급하는 개인정보와 기밀정보를 안전하게 관리할 수 있는 분
- 경영·비즈니스기획 또는 유사 분야의 경력 실무 경험을 보유한 분","- ADsP 보유자
- 경영지도사 보유자
- PMP 보유자
- 사업계획·손익 시나리오 관련 프로젝트를 기획부터 결과 검토까지 수행한 경험
- Excel·PowerPoint를 활용해 반복 업무를 개선하거나 품질 기준을 정립한 경험
- 외부 파트너 또는 다양한 이해관계자와 복잡한 요구사항을 조율한 경험","- 지원서 또는 제출서류를 허위로 기재한 경우
- 채용 과정에서 부정한 방법을 사용한 경우
- 채용검진 결과 직무 수행이 어렵다고 판단되는 경우
- 관련 법령 또는 내부 인사규정상 채용이 불가능한 경우",서류전형 > 인성검사 > 실무면접 > 최종면접
경영·비즈니스기획 운영 담당자 채용,117,1,20260311,20260415,4,신입·경력,계약직,경상남도,학사 이상,"플랫폼 운영 조직에서 사업계획·손익 시나리오를 담당할 경영·비즈니스기획을 모집합니다. 이 포지션은 현장의 요구를 실행 가능한 계획과 결과물로 연결하는 역할입니다.

담당 범위는 시장·경쟁사 데이터를 바탕으로 기준을 수립하고, 우선순위에 따라 과제를 실행하며 품질과 일정을 함께 관리하는 것입니다.

기획·전략 조직의 동료와 재무·영업·개발·운영 등 유관 부서, 필요한 경우 외부 파트너와 협업해 의사결정에 필요한 정보를 정리합니다.

이슈가 발생하면 사실과 데이터를 먼저 확인하고 원인을 구분한 뒤, 대안을 비교해 합의된 조치를 실행하고 재발 방지 내용을 문서화합니다.

입사 초기에는 기존 자료와 업무 흐름을 파악하고 Excel·PowerPoint 환경을 익힌 뒤, 담당 영역의 개선 과제와 표준화 작업을 단계적으로 주도합니다.

성과는 결과물의 정확성, 일정 준수, 이해관계자와의 명확한 소통, 사용자와 사업에 미치는 영향을 기준으로 평가합니다.","- 성과지표 설정 및 결과 데이터 분석을 통한 개선안 제안
- 업무상 리스크 사전 점검과 문제 발생 시 원인 분석·후속 조치
- 재사용 가능한 체크리스트·가이드·템플릿 정비
- 고객 또는 내부 사용자의 피드백을 반영한 결과물 품질 개선
- 사업계획·손익 시나리오 관련 연간·분기 실행계획 수립
- 시장·경쟁사 데이터 수집·정리 및 핵심 이슈 분석
- Excel·PowerPoint를 활용한 업무 산출물 작성과 버전 관리","- 사업계획·손익 시나리오 관련 지식 또는 프로젝트·실무 경험을 보유한 분
- 시장·경쟁사 데이터를 정확히 해석하고 업무 문서로 구조화할 수 있는 분
- Excel·PowerPoint 중 직무에 필요한 도구를 실무에 적용할 수 있는 분
- 유관 부서와 쟁점을 명확히 설명하고 일정에 맞춰 협업할 수 있는 분
- 문제 원인을 근거에 따라 분석하고 실행 가능한 대안을 제시할 수 있는 분","- 경영지도사 보유자
- PMP 보유자
- ADsP 보유자
- 사업계획·손익 시나리오 관련 프로젝트를 기획부터 결과 검토까지 수행한 경험","- 제출한 경력·자격 증빙이 사실과 다른 경우
- 정해진 기한까지 필수 증빙서류를 제출하지 않은 경우
- 해외여행 및 근무에 결격사유가 있는 경우
- 채용 관련 비밀유지 의무를 위반한 경우",서류전형 > 직무과제 > 실무면접 > 처우협의
경영·비즈니스기획 핵심인재 모집,43,1,20260516,20260623,7,경력 2년 이상,정규직,제주특별자치도,학사 이상,"브랜드 사업 조직에서 사업계획·손익 시나리오를 담당할 경영·비즈니스기획을 모집합니다. 이 포지션은 현장의 요구를 실행 가능한 계획과 결과물로 연결하는 역할입니다.

담당 범위는 시장·경쟁사 데이터를 바탕으로 기준을 수립하고, 우선순위에 따라 과제를 실행하며 품질과 일정을 함께 관리하는 것입니다.

기획·전략 조직의 동료와 재무·영업·개발·운영 등 유관 부서, 필요한 경우 외부 파트너와 협업해 의사결정에 필요한 정보를 정리합니다.

이슈가 발생하면 사실과 데이터를 먼저 확인하고 원인을 구분한 뒤, 대안을 비교해 합의된 조치를 실행하고 재발 방지 내용을 문서화합니다.

입사 초기에는 기존 자료와 업무 흐름을 파악하고 Excel·PowerPoint 환경을 익힌 뒤, 담당 영역의 개선 과제와 표준화 작업을 단계적으로 주도합니다.

성과는 결과물의 정확성, 일정 준수, 이해관계자와의 명확한 소통, 사용자와 사업에 미치는 영향을 기준으로 평가합니다.","- 업무상 리스크 사전 점검과 문제 발생 시 원인 분석·후속 조치
- 재사용 가능한 체크리스트·가이드·템플릿 정비
- 고객 또는 내부 사용자의 피드백을 반영한 결과물 품질 개선
- 사업계획·손익 시나리오 관련 연간·분기 실행계획 수립
- 시장·경쟁사 데이터 수집·정리 및 핵심 이슈 분석
- Excel·PowerPoint를 활용한 업무 산출물 작성과 버전 관리
- 요구사항을 세부 과제와 일정으로 구체화하고 진행 현황 관리
- 유관 부서 및 외부 파트너와 기준·일정·결과물 조율","- 사업계획·손익 시나리오 관련 지식 또는 프로젝트·실무 경험을 보유한 분
- 시장·경쟁사 데이터를 정확히 해석하고 업무 문서로 구조화할 수 있는 분
- Excel·PowerPoint 중 직무에 필요한 도구를 실무에 적용할 수 있는 분
- 유관 부서와 쟁점을 명확히 설명하고 일정에 맞춰 협업할 수 있는 분
- 문제 원인을 근거에 따라 분석하고 실행 가능한 대안을 제시할 수 있는 분
- 업무상 취급하는 개인정보와 기밀정보를 안전하게 관리할 수 있는 분","- PMP 보유자
- ADsP 보유자
- 경영지도사 보유자
- 사업계획·손익 시나리오 관련 프로젝트를 기획부터 결과 검토까지 수행한 경험
- Excel·PowerPoint를 활용해 반복 업무를 개선하거나 품질 기준을 정립한 경험","- 지원 자격 또는 필수 면허 요건을 충족하지 못한 경우
- 전형 과정에서 타인의 결과물을 무단 사용한 경우
- 채용검진 결과 담당 업무 수행이 곤란한 경우
- 관계 법령상 취업이 제한되는 경우",서류전형 > 1차면접 > 2차면접 > 채용검진
경영·비즈니스기획 전문가 채용,41,1,20260721,20260831,10,경력 3년 이상,무기계약직,서울특별시,석사 이상,"지역 기반 전문기관에서 사업계획·손익 시나리오를 담당할 경영·비즈니스기획을 모집합니다. 이 포지션은 현장의 요구를 실행 가능한 계획과 결과물로 연결하는 역할입니다.

담당 범위는 시장·경쟁사 데이터를 바탕으로 기준을 수립하고, 우선순위에 따라 과제를 실행하며 품질과 일정을 함께 관리하는 것입니다.

기획·전략 조직의 동료와 재무·영업·개발·운영 등 유관 부서, 필요한 경우 외부 파트너와 협업해 의사결정에 필요한 정보를 정리합니다.

이슈가 발생하면 사실과 데이터를 먼저 확인하고 원인을 구분한 뒤, 대안을 비교해 합의된 조치를 실행하고 재발 방지 내용을 문서화합니다.

입사 초기에는 기존 자료와 업무 흐름을 파악하고 Excel·PowerPoint 환경을 익힌 뒤, 담당 영역의 개선 과제와 표준화 작업을 단계적으로 주도합니다.

성과는 결과물의 정확성, 일정 준수, 이해관계자와의 명확한 소통, 사용자와 사업에 미치는 영향을 기준으로 평가합니다.","- 재사용 가능한 체크리스트·가이드·템플릿 정비
- 고객 또는 내부 사용자의 피드백을 반영한 결과물 품질 개선
- 사업계획·손익 시나리오 관련 연간·분기 실행계획 수립
- 시장·경쟁사 데이터 수집·정리 및 핵심 이슈 분석
- Excel·PowerPoint를 활용한 업무 산출물 작성과 버전 관리
- 요구사항을 세부 과제와 일정으로 구체화하고 진행 현황 관리
- 유관 부서 및 외부 파트너와 기준·일정·결과물 조율
- 검토 회의 운영과 의사결정 근거·변경 이력 문서화
- 성과지표 설정 및 결과 데이터 분석을 통한 개선안 제안","- 사업계획·손익 시나리오 관련 지식 또는 프로젝트·실무 경험을 보유한 분
- 시장·경쟁사 데이터를 정확히 해석하고 업무 문서로 구조화할 수 있는 분
- Excel·PowerPoint 중 직무에 필요한 도구를 실무에 적용할 수 있는 분
- 유관 부서와 쟁점을 명확히 설명하고 일정에 맞춰 협업할 수 있는 분
- 문제 원인을 근거에 따라 분석하고 실행 가능한 대안을 제시할 수 있는 분
- 업무상 취급하는 개인정보와 기밀정보를 안전하게 관리할 수 있는 분
- 경영·비즈니스기획 또는 유사 분야의 3년 이상 실무 경험을 보유한 분","- ADsP 보유자
- 경영지도사 보유자
- PMP 보유자
- 사업계획·손익 시나리오 관련 프로젝트를 기획부터 결과 검토까지 수행한 경험
- Excel·PowerPoint를 활용해 반복 업무를 개선하거나 품질 기준을 정립한 경험
- 외부 파트너 또는 다양한 이해관계자와 복잡한 요구사항을 조율한 경험","- 지원서 또는 제출서류를 허위로 기재한 경우
- 채용 과정에서 부정한 방법을 사용한 경우
- 채용검진 결과 직무 수행이 어렵다고 판단되는 경우
- 관련 법령 또는 내부 인사규정상 채용이 불가능한 경우",서류전형 > 필기전형 > 면접전형 > 최종합격
경영·비즈니스기획 신규 인력 모집,79,1,20260903,20261017,13,신입,정규직,경기도,학력무관,"디지털 서비스 조직에서 사업계획·손익 시나리오를 담당할 경영·비즈니스기획을 모집합니다. 이 포지션은 현장의 요구를 실행 가능한 계획과 결과물로 연결하는 역할입니다.

담당 범위는 시장·경쟁사 데이터를 바탕으로 기준을 수립하고, 우선순위에 따라 과제를 실행하며 품질과 일정을 함께 관리하는 것입니다.

기획·전략 조직의 동료와 재무·영업·개발·운영 등 유관 부서, 필요한 경우 외부 파트너와 협업해 의사결정에 필요한 정보를 정리합니다.

이슈가 발생하면 사실과 데이터를 먼저 확인하고 원인을 구분한 뒤, 대안을 비교해 합의된 조치를 실행하고 재발 방지 내용을 문서화합니다.

입사 초기에는 기존 자료와 업무 흐름을 파악하고 Excel·PowerPoint 환경을 익힌 뒤, 담당 영역의 개선 과제와 표준화 작업을 단계적으로 주도합니다.

성과는 결과물의 정확성, 일정 준수, 이해관계자와의 명확한 소통, 사용자와 사업에 미치는 영향을 기준으로 평가합니다.","- 고객 또는 내부 사용자의 피드백을 반영한 결과물 품질 개선
- 사업계획·손익 시나리오 관련 연간·분기 실행계획 수립
- 시장·경쟁사 데이터 수집·정리 및 핵심 이슈 분석
- Excel·PowerPoint를 활용한 업무 산출물 작성과 버전 관리
- 요구사항을 세부 과제와 일정으로 구체화하고 진행 현황 관리
- 유관 부서 및 외부 파트너와 기준·일정·결과물 조율
- 검토 회의 운영과 의사결정 근거·변경 이력 문서화","- 사업계획·손익 시나리오 관련 지식 또는 프로젝트·실무 경험을 보유한 분
- 시장·경쟁사 데이터를 정확히 해석하고 업무 문서로 구조화할 수 있는 분
- Excel·PowerPoint 중 직무에 필요한 도구를 실무에 적용할 수 있는 분
- 유관 부서와 쟁점을 명확히 설명하고 일정에 맞춰 협업할 수 있는 분
- 문제 원인을 근거에 따라 분석하고 실행 가능한 대안을 제시할 수 있는 분","- 경영지도사 보유자
- PMP 보유자
- ADsP 보유자
- 사업계획·손익 시나리오 관련 프로젝트를 기획부터 결과 검토까지 수행한 경험","- 제출한 경력·자격 증빙이 사실과 다른 경우
- 정해진 기한까지 필수 증빙서류를 제출하지 않은 경우
- 해외여행 및 근무에 결격사유가 있는 경우
- 채용 관련 비밀유지 의무를 위반한 경우",서류전형 > 실무면접 > 최종면접
웹기획 담당자 모집,5,2,20260307,20260331,11,신입·경력,정규직,부산광역시,학사 이상,"중견기업 전략 조직에서 웹 서비스 정책·화면 흐름을 담당할 웹기획을 모집합니다. 이 포지션은 현장의 요구를 실행 가능한 계획과 결과물로 연결하는 역할입니다.

담당 범위는 요구사항·사용자 행동 데이터를 바탕으로 기준을 수립하고, 우선순위에 따라 과제를 실행하며 품질과 일정을 함께 관리하는 것입니다.

기획·전략 조직의 동료와 재무·영업·개발·운영 등 유관 부서, 필요한 경우 외부 파트너와 협업해 의사결정에 필요한 정보를 정리합니다.

이슈가 발생하면 사실과 데이터를 먼저 확인하고 원인을 구분한 뒤, 대안을 비교해 합의된 조치를 실행하고 재발 방지 내용을 문서화합니다.

입사 초기에는 기존 자료와 업무 흐름을 파악하고 Figma·Jira 환경을 익힌 뒤, 담당 영역의 개선 과제와 표준화 작업을 단계적으로 주도합니다.

성과는 결과물의 정확성, 일정 준수, 이해관계자와의 명확한 소통, 사용자와 사업에 미치는 영향을 기준으로 평가합니다.","- 웹 서비스 정책·화면 흐름 관련 연간·분기 실행계획 수립
- 요구사항·사용자 행동 데이터 수집·정리 및 핵심 이슈 분석
- Figma·Jira를 활용한 업무 산출물 작성과 버전 관리
- 요구사항을 세부 과제와 일정으로 구체화하고 진행 현황 관리
- 유관 부서 및 외부 파트너와 기준·일정·결과물 조율
- 검토 회의 운영과 의사결정 근거·변경 이력 문서화
- 성과지표 설정 및 결과 데이터 분석을 통한 개선안 제안","- 웹 서비스 정책·화면 흐름 관련 지식 또는 프로젝트·실무 경험을 보유한 분
- 요구사항·사용자 행동 데이터를 정확히 해석하고 업무 문서로 구조화할 수 있는 분
- Figma·Jira 중 직무에 필요한 도구를 실무에 적용할 수 있는 분
- 유관 부서와 쟁점을 명확히 설명하고 일정에 맞춰 협업할 수 있는 분
- 문제 원인을 근거에 따라 분석하고 실행 가능한 대안을 제시할 수 있는 분","- 정보처리기사 보유자
- Google Analytics Certification 보유자
- PMP 보유자
- 웹 서비스 정책·화면 흐름 관련 프로젝트를 기획부터 결과 검토까지 수행한 경험","- 지원 자격 또는 필수 면허 요건을 충족하지 못한 경우
- 전형 과정에서 타인의 결과물을 무단 사용한 경우
- 채용검진 결과 담당 업무 수행이 곤란한 경우
- 관계 법령상 취업이 제한되는 경우",서류전형 > 직무과제 > 실무면접 > 처우협의
웹기획 실무자 채용,146,2,20260512,20260608,14,경력 3년 이상,무기계약직,광주광역시,학사 이상,"공공서비스 운영기관에서 웹 서비스 정책·화면 흐름을 담당할 웹기획을 모집합니다. 이 포지션은 현장의 요구를 실행 가능한 계획과 결과물로 연결하는 역할입니다.

담당 범위는 요구사항·사용자 행동 데이터를 바탕으로 기준을 수립하고, 우선순위에 따라 과제를 실행하며 품질과 일정을 함께 관리하는 것입니다.

기획·전략 조직의 동료와 재무·영업·개발·운영 등 유관 부서, 필요한 경우 외부 파트너와 협업해 의사결정에 필요한 정보를 정리합니다.

이슈가 발생하면 사실과 데이터를 먼저 확인하고 원인을 구분한 뒤, 대안을 비교해 합의된 조치를 실행하고 재발 방지 내용을 문서화합니다.

입사 초기에는 기존 자료와 업무 흐름을 파악하고 Figma·Jira 환경을 익힌 뒤, 담당 영역의 개선 과제와 표준화 작업을 단계적으로 주도합니다.

성과는 결과물의 정확성, 일정 준수, 이해관계자와의 명확한 소통, 사용자와 사업에 미치는 영향을 기준으로 평가합니다.","- 요구사항·사용자 행동 데이터 수집·정리 및 핵심 이슈 분석
- Figma·Jira를 활용한 업무 산출물 작성과 버전 관리
- 요구사항을 세부 과제와 일정으로 구체화하고 진행 현황 관리
- 유관 부서 및 외부 파트너와 기준·일정·결과물 조율
- 검토 회의 운영과 의사결정 근거·변경 이력 문서화
- 성과지표 설정 및 결과 데이터 분석을 통한 개선안 제안
- 업무상 리스크 사전 점검과 문제 발생 시 원인 분석·후속 조치
- 재사용 가능한 체크리스트·가이드·템플릿 정비","- 웹 서비스 정책·화면 흐름 관련 지식 또는 프로젝트·실무 경험을 보유한 분
- 요구사항·사용자 행동 데이터를 정확히 해석하고 업무 문서로 구조화할 수 있는 분
- Figma·Jira 중 직무에 필요한 도구를 실무에 적용할 수 있는 분
- 유관 부서와 쟁점을 명확히 설명하고 일정에 맞춰 협업할 수 있는 분
- 문제 원인을 근거에 따라 분석하고 실행 가능한 대안을 제시할 수 있는 분
- 업무상 취급하는 개인정보와 기밀정보를 안전하게 관리할 수 있는 분","- Google Analytics Certification 보유자
- PMP 보유자
- 정보처리기사 보유자
- 웹 서비스 정책·화면 흐름 관련 프로젝트를 기획부터 결과 검토까지 수행한 경험
- Figma·Jira를 활용해 반복 업무를 개선하거나 품질 기준을 정립한 경험","- 지원서 또는 제출서류를 허위로 기재한 경우
- 채용 과정에서 부정한 방법을 사용한 경우
- 채용검진 결과 직무 수행이 어렵다고 판단되는 경우
- 관련 법령 또는 내부 인사규정상 채용이 불가능한 경우",서류전형 > 1차면접 > 2차면접 > 채용검진
웹기획 전문인력 모집,110,2,20260717,20260816,17,경력 무관,정규직,세종특별자치시,석사 이상,"전문 컨설팅 조직에서 웹 서비스 정책·화면 흐름을 담당할 웹기획을 모집합니다. 이 포지션은 현장의 요구를 실행 가능한 계획과 결과물로 연결하는 역할입니다.

담당 범위는 요구사항·사용자 행동 데이터를 바탕으로 기준을 수립하고, 우선순위에 따라 과제를 실행하며 품질과 일정을 함께 관리하는 것입니다.

기획·전략 조직의 동료와 재무·영업·개발·운영 등 유관 부서, 필요한 경우 외부 파트너와 협업해 의사결정에 필요한 정보를 정리합니다.

이슈가 발생하면 사실과 데이터를 먼저 확인하고 원인을 구분한 뒤, 대안을 비교해 합의된 조치를 실행하고 재발 방지 내용을 문서화합니다.

입사 초기에는 기존 자료와 업무 흐름을 파악하고 Figma·Jira 환경을 익힌 뒤, 담당 영역의 개선 과제와 표준화 작업을 단계적으로 주도합니다.

성과는 결과물의 정확성, 일정 준수, 이해관계자와의 명확한 소통, 사용자와 사업에 미치는 영향을 기준으로 평가합니다.","- Figma·Jira를 활용한 업무 산출물 작성과 버전 관리
- 요구사항을 세부 과제와 일정으로 구체화하고 진행 현황 관리
- 유관 부서 및 외부 파트너와 기준·일정·결과물 조율
- 검토 회의 운영과 의사결정 근거·변경 이력 문서화
- 성과지표 설정 및 결과 데이터 분석을 통한 개선안 제안
- 업무상 리스크 사전 점검과 문제 발생 시 원인 분석·후속 조치
- 재사용 가능한 체크리스트·가이드·템플릿 정비
- 고객 또는 내부 사용자의 피드백을 반영한 결과물 품질 개선
- 웹 서비스 정책·화면 흐름 관련 연간·분기 실행계획 수립","- 웹 서비스 정책·화면 흐름 관련 지식 또는 프로젝트·실무 경험을 보유한 분
- 요구사항·사용자 행동 데이터를 정확히 해석하고 업무 문서로 구조화할 수 있는 분
- Figma·Jira 중 직무에 필요한 도구를 실무에 적용할 수 있는 분
- 유관 부서와 쟁점을 명확히 설명하고 일정에 맞춰 협업할 수 있는 분
- 문제 원인을 근거에 따라 분석하고 실행 가능한 대안을 제시할 수 있는 분
- 업무상 취급하는 개인정보와 기밀정보를 안전하게 관리할 수 있는 분
- 새로운 업무 기준과 도구를 빠르게 학습할 수 있는 분","- PMP 보유자
- 정보처리기사 보유자
- Google Analytics Certification 보유자
- 웹 서비스 정책·화면 흐름 관련 프로젝트를 기획부터 결과 검토까지 수행한 경험
- Figma·Jira를 활용해 반복 업무를 개선하거나 품질 기준을 정립한 경험
- 외부 파트너 또는 다양한 이해관계자와 복잡한 요구사항을 조율한 경험","- 제출한 경력·자격 증빙이 사실과 다른 경우
- 정해진 기한까지 필수 증빙서류를 제출하지 않은 경우
- 해외여행 및 근무에 결격사유가 있는 경우
- 채용 관련 비밀유지 의무를 위반한 경우",서류전형 > 필기전형 > 면접전형 > 최종합격
웹기획 인재 채용,54,2,20260922,20261025,20,경력 5년 이상,기간제,충청남도,학력무관,"글로벌 사업 조직에서 웹 서비스 정책·화면 흐름을 담당할 웹기획을 모집합니다. 이 포지션은 현장의 요구를 실행 가능한 계획과 결과물로 연결하는 역할입니다.

담당 범위는 요구사항·사용자 행동 데이터를 바탕으로 기준을 수립하고, 우선순위에 따라 과제를 실행하며 품질과 일정을 함께 관리하는 것입니다.

기획·전략 조직의 동료와 재무·영업·개발·운영 등 유관 부서, 필요한 경우 외부 파트너와 협업해 의사결정에 필요한 정보를 정리합니다.

이슈가 발생하면 사실과 데이터를 먼저 확인하고 원인을 구분한 뒤, 대안을 비교해 합의된 조치를 실행하고 재발 방지 내용을 문서화합니다.

입사 초기에는 기존 자료와 업무 흐름을 파악하고 Figma·Jira 환경을 익힌 뒤, 담당 영역의 개선 과제와 표준화 작업을 단계적으로 주도합니다.

성과는 결과물의 정확성, 일정 준수, 이해관계자와의 명확한 소통, 사용자와 사업에 미치는 영향을 기준으로 평가합니다.","- 요구사항을 세부 과제와 일정으로 구체화하고 진행 현황 관리
- 유관 부서 및 외부 파트너와 기준·일정·결과물 조율
- 검토 회의 운영과 의사결정 근거·변경 이력 문서화
- 성과지표 설정 및 결과 데이터 분석을 통한 개선안 제안
- 업무상 리스크 사전 점검과 문제 발생 시 원인 분석·후속 조치
- 재사용 가능한 체크리스트·가이드·템플릿 정비
- 고객 또는 내부 사용자의 피드백을 반영한 결과물 품질 개선","- 웹 서비스 정책·화면 흐름 관련 지식 또는 프로젝트·실무 경험을 보유한 분
- 요구사항·사용자 행동 데이터를 정확히 해석하고 업무 문서로 구조화할 수 있는 분
- Figma·Jira 중 직무에 필요한 도구를 실무에 적용할 수 있는 분
- 유관 부서와 쟁점을 명확히 설명하고 일정에 맞춰 협업할 수 있는 분
- 문제 원인을 근거에 따라 분석하고 실행 가능한 대안을 제시할 수 있는 분","- 정보처리기사 보유자
- Google Analytics Certification 보유자
- PMP 보유자
- 웹 서비스 정책·화면 흐름 관련 프로젝트를 기획부터 결과 검토까지 수행한 경험","- 지원 자격 또는 필수 면허 요건을 충족하지 못한 경우
- 전형 과정에서 타인의 결과물을 무단 사용한 경우
- 채용검진 결과 담당 업무 수행이 곤란한 경우
- 관계 법령상 취업이 제한되는 경우",서류전형 > 실무면접 > 최종면접
웹기획 공개채용,115,2,20261104,20261210,3,경력,정규직,경상남도,전문학사 이상,"연구개발 중심 조직에서 웹 서비스 정책·화면 흐름을 담당할 웹기획을 모집합니다. 이 포지션은 현장의 요구를 실행 가능한 계획과 결과물로 연결하는 역할입니다.

담당 범위는 요구사항·사용자 행동 데이터를 바탕으로 기준을 수립하고, 우선순위에 따라 과제를 실행하며 품질과 일정을 함께 관리하는 것입니다.

기획·전략 조직의 동료와 재무·영업·개발·운영 등 유관 부서, 필요한 경우 외부 파트너와 협업해 의사결정에 필요한 정보를 정리합니다.

이슈가 발생하면 사실과 데이터를 먼저 확인하고 원인을 구분한 뒤, 대안을 비교해 합의된 조치를 실행하고 재발 방지 내용을 문서화합니다.

입사 초기에는 기존 자료와 업무 흐름을 파악하고 Figma·Jira 환경을 익힌 뒤, 담당 영역의 개선 과제와 표준화 작업을 단계적으로 주도합니다.

성과는 결과물의 정확성, 일정 준수, 이해관계자와의 명확한 소통, 사용자와 사업에 미치는 영향을 기준으로 평가합니다.","- 유관 부서 및 외부 파트너와 기준·일정·결과물 조율
- 검토 회의 운영과 의사결정 근거·변경 이력 문서화
- 성과지표 설정 및 결과 데이터 분석을 통한 개선안 제안
- 업무상 리스크 사전 점검과 문제 발생 시 원인 분석·후속 조치
- 재사용 가능한 체크리스트·가이드·템플릿 정비
- 고객 또는 내부 사용자의 피드백을 반영한 결과물 품질 개선
- 웹 서비스 정책·화면 흐름 관련 연간·분기 실행계획 수립
- 요구사항·사용자 행동 데이터 수집·정리 및 핵심 이슈 분석","- 웹 서비스 정책·화면 흐름 관련 지식 또는 프로젝트·실무 경험을 보유한 분
- 요구사항·사용자 행동 데이터를 정확히 해석하고 업무 문서로 구조화할 수 있는 분
- Figma·Jira 중 직무에 필요한 도구를 실무에 적용할 수 있는 분
- 유관 부서와 쟁점을 명확히 설명하고 일정에 맞춰 협업할 수 있는 분
- 문제 원인을 근거에 따라 분석하고 실행 가능한 대안을 제시할 수 있는 분
- 업무상 취급하는 개인정보와 기밀정보를 안전하게 관리할 수 있는 분","- Google Analytics Certification 보유자
- PMP 보유자
- 정보처리기사 보유자
- 웹 서비스 정책·화면 흐름 관련 프로젝트를 기획부터 결과 검토까지 수행한 경험
- Figma·Jira를 활용해 반복 업무를 개선하거나 품질 기준을 정립한 경험","- 지원서 또는 제출서류를 허위로 기재한 경우
- 채용 과정에서 부정한 방법을 사용한 경우
- 채용검진 결과 직무 수행이 어렵다고 판단되는 경우
- 관련 법령 또는 내부 인사규정상 채용이 불가능한 경우",서류전형 > 인성검사 > 실무면접 > 최종면접
웹기획 프로젝트 담당 모집,133,2,20260209,20260320,6,신입·경력,계약직,제주특별자치도,학사 이상,"플랫폼 운영 조직에서 웹 서비스 정책·화면 흐름을 담당할 웹기획을 모집합니다. 이 포지션은 현장의 요구를 실행 가능한 계획과 결과물로 연결하는 역할입니다.

담당 범위는 요구사항·사용자 행동 데이터를 바탕으로 기준을 수립하고, 우선순위에 따라 과제를 실행하며 품질과 일정을 함께 관리하는 것입니다.

기획·전략 조직의 동료와 재무·영업·개발·운영 등 유관 부서, 필요한 경우 외부 파트너와 협업해 의사결정에 필요한 정보를 정리합니다.

이슈가 발생하면 사실과 데이터를 먼저 확인하고 원인을 구분한 뒤, 대안을 비교해 합의된 조치를 실행하고 재발 방지 내용을 문서화합니다.

입사 초기에는 기존 자료와 업무 흐름을 파악하고 Figma·Jira 환경을 익힌 뒤, 담당 영역의 개선 과제와 표준화 작업을 단계적으로 주도합니다.

성과는 결과물의 정확성, 일정 준수, 이해관계자와의 명확한 소통, 사용자와 사업에 미치는 영향을 기준으로 평가합니다.","- 검토 회의 운영과 의사결정 근거·변경 이력 문서화
- 성과지표 설정 및 결과 데이터 분석을 통한 개선안 제안
- 업무상 리스크 사전 점검과 문제 발생 시 원인 분석·후속 조치
- 재사용 가능한 체크리스트·가이드·템플릿 정비
- 고객 또는 내부 사용자의 피드백을 반영한 결과물 품질 개선
- 웹 서비스 정책·화면 흐름 관련 연간·분기 실행계획 수립
- 요구사항·사용자 행동 데이터 수집·정리 및 핵심 이슈 분석
- Figma·Jira를 활용한 업무 산출물 작성과 버전 관리
- 요구사항을 세부 과제와 일정으로 구체화하고 진행 현황 관리","- 웹 서비스 정책·화면 흐름 관련 지식 또는 프로젝트·실무 경험을 보유한 분
- 요구사항·사용자 행동 데이터를 정확히 해석하고 업무 문서로 구조화할 수 있는 분
- Figma·Jira 중 직무에 필요한 도구를 실무에 적용할 수 있는 분
- 유관 부서와 쟁점을 명확히 설명하고 일정에 맞춰 협업할 수 있는 분
- 문제 원인을 근거에 따라 분석하고 실행 가능한 대안을 제시할 수 있는 분
- 업무상 취급하는 개인정보와 기밀정보를 안전하게 관리할 수 있는 분
- 웹기획 또는 유사 분야의 신입·경력 실무 경험을 보유한 분","- PMP 보유자
- 정보처리기사 보유자
- Google Analytics Certification 보유자
- 웹 서비스 정책·화면 흐름 관련 프로젝트를 기획부터 결과 검토까지 수행한 경험
- Figma·Jira를 활용해 반복 업무를 개선하거나 품질 기준을 정립한 경험
- 외부 파트너 또는 다양한 이해관계자와 복잡한 요구사항을 조율한 경험","- 제출한 경력·자격 증빙이 사실과 다른 경우
- 정해진 기한까지 필수 증빙서류를 제출하지 않은 경우
- 해외여행 및 근무에 결격사유가 있는 경우
- 채용 관련 비밀유지 의무를 위반한 경우",서류전형 > 직무과제 > 실무면접 > 처우협의
웹기획 운영 담당자 채용,74,2,20260414,20260526,9,경력 2년 이상,정규직,서울특별시,학사 이상,"브랜드 사업 조직에서 웹 서비스 정책·화면 흐름을 담당할 웹기획을 모집합니다. 이 포지션은 현장의 요구를 실행 가능한 계획과 결과물로 연결하는 역할입니다.

담당 범위는 요구사항·사용자 행동 데이터를 바탕으로 기준을 수립하고, 우선순위에 따라 과제를 실행하며 품질과 일정을 함께 관리하는 것입니다.

기획·전략 조직의 동료와 재무·영업·개발·운영 등 유관 부서, 필요한 경우 외부 파트너와 협업해 의사결정에 필요한 정보를 정리합니다.

이슈가 발생하면 사실과 데이터를 먼저 확인하고 원인을 구분한 뒤, 대안을 비교해 합의된 조치를 실행하고 재발 방지 내용을 문서화합니다.

입사 초기에는 기존 자료와 업무 흐름을 파악하고 Figma·Jira 환경을 익힌 뒤, 담당 영역의 개선 과제와 표준화 작업을 단계적으로 주도합니다.

성과는 결과물의 정확성, 일정 준수, 이해관계자와의 명확한 소통, 사용자와 사업에 미치는 영향을 기준으로 평가합니다.","- 성과지표 설정 및 결과 데이터 분석을 통한 개선안 제안
- 업무상 리스크 사전 점검과 문제 발생 시 원인 분석·후속 조치
- 재사용 가능한 체크리스트·가이드·템플릿 정비
- 고객 또는 내부 사용자의 피드백을 반영한 결과물 품질 개선
- 웹 서비스 정책·화면 흐름 관련 연간·분기 실행계획 수립
- 요구사항·사용자 행동 데이터 수집·정리 및 핵심 이슈 분석
- Figma·Jira를 활용한 업무 산출물 작성과 버전 관리","- 웹 서비스 정책·화면 흐름 관련 지식 또는 프로젝트·실무 경험을 보유한 분
- 요구사항·사용자 행동 데이터를 정확히 해석하고 업무 문서로 구조화할 수 있는 분
- Figma·Jira 중 직무에 필요한 도구를 실무에 적용할 수 있는 분
- 유관 부서와 쟁점을 명확히 설명하고 일정에 맞춰 협업할 수 있는 분
- 문제 원인을 근거에 따라 분석하고 실행 가능한 대안을 제시할 수 있는 분","- 정보처리기사 보유자
- Google Analytics Certification 보유자
- PMP 보유자
- 웹 서비스 정책·화면 흐름 관련 프로젝트를 기획부터 결과 검토까지 수행한 경험","- 지원 자격 또는 필수 면허 요건을 충족하지 못한 경우
- 전형 과정에서 타인의 결과물을 무단 사용한 경우
- 채용검진 결과 담당 업무 수행이 곤란한 경우
- 관계 법령상 취업이 제한되는 경우",서류전형 > 1차면접 > 2차면접 > 채용검진
웹기획 핵심인재 모집,105,2,20260619,20260803,12,경력 3년 이상,무기계약직,경기도,석사 이상,"지역 기반 전문기관에서 웹 서비스 정책·화면 흐름을 담당할 웹기획을 모집합니다. 이 포지션은 현장의 요구를 실행 가능한 계획과 결과물로 연결하는 역할입니다.

담당 범위는 요구사항·사용자 행동 데이터를 바탕으로 기준을 수립하고, 우선순위에 따라 과제를 실행하며 품질과 일정을 함께 관리하는 것입니다.

기획·전략 조직의 동료와 재무·영업·개발·운영 등 유관 부서, 필요한 경우 외부 파트너와 협업해 의사결정에 필요한 정보를 정리합니다.

이슈가 발생하면 사실과 데이터를 먼저 확인하고 원인을 구분한 뒤, 대안을 비교해 합의된 조치를 실행하고 재발 방지 내용을 문서화합니다.

입사 초기에는 기존 자료와 업무 흐름을 파악하고 Figma·Jira 환경을 익힌 뒤, 담당 영역의 개선 과제와 표준화 작업을 단계적으로 주도합니다.

성과는 결과물의 정확성, 일정 준수, 이해관계자와의 명확한 소통, 사용자와 사업에 미치는 영향을 기준으로 평가합니다.","- 업무상 리스크 사전 점검과 문제 발생 시 원인 분석·후속 조치
- 재사용 가능한 체크리스트·가이드·템플릿 정비
- 고객 또는 내부 사용자의 피드백을 반영한 결과물 품질 개선
- 웹 서비스 정책·화면 흐름 관련 연간·분기 실행계획 수립
- 요구사항·사용자 행동 데이터 수집·정리 및 핵심 이슈 분석
- Figma·Jira를 활용한 업무 산출물 작성과 버전 관리
- 요구사항을 세부 과제와 일정으로 구체화하고 진행 현황 관리
- 유관 부서 및 외부 파트너와 기준·일정·결과물 조율","- 웹 서비스 정책·화면 흐름 관련 지식 또는 프로젝트·실무 경험을 보유한 분
- 요구사항·사용자 행동 데이터를 정확히 해석하고 업무 문서로 구조화할 수 있는 분
- Figma·Jira 중 직무에 필요한 도구를 실무에 적용할 수 있는 분
- 유관 부서와 쟁점을 명확히 설명하고 일정에 맞춰 협업할 수 있는 분
- 문제 원인을 근거에 따라 분석하고 실행 가능한 대안을 제시할 수 있는 분
- 업무상 취급하는 개인정보와 기밀정보를 안전하게 관리할 수 있는 분","- Google Analytics Certification 보유자
- PMP 보유자
- 정보처리기사 보유자
- 웹 서비스 정책·화면 흐름 관련 프로젝트를 기획부터 결과 검토까지 수행한 경험
- Figma·Jira를 활용해 반복 업무를 개선하거나 품질 기준을 정립한 경험","- 지원서 또는 제출서류를 허위로 기재한 경우
- 채용 과정에서 부정한 방법을 사용한 경우
- 채용검진 결과 직무 수행이 어렵다고 판단되는 경우
- 관련 법령 또는 내부 인사규정상 채용이 불가능한 경우",서류전형 > 필기전형 > 면접전형 > 최종합격
웹기획 전문가 채용,156,2,20260801,20260813,15,신입,정규직,인천광역시,학력무관,"디지털 서비스 조직에서 웹 서비스 정책·화면 흐름을 담당할 웹기획을 모집합니다. 이 포지션은 현장의 요구를 실행 가능한 계획과 결과물로 연결하는 역할입니다.

담당 범위는 요구사항·사용자 행동 데이터를 바탕으로 기준을 수립하고, 우선순위에 따라 과제를 실행하며 품질과 일정을 함께 관리하는 것입니다.

기획·전략 조직의 동료와 재무·영업·개발·운영 등 유관 부서, 필요한 경우 외부 파트너와 협업해 의사결정에 필요한 정보를 정리합니다.

이슈가 발생하면 사실과 데이터를 먼저 확인하고 원인을 구분한 뒤, 대안을 비교해 합의된 조치를 실행하고 재발 방지 내용을 문서화합니다.

입사 초기에는 기존 자료와 업무 흐름을 파악하고 Figma·Jira 환경을 익힌 뒤, 담당 영역의 개선 과제와 표준화 작업을 단계적으로 주도합니다.

성과는 결과물의 정확성, 일정 준수, 이해관계자와의 명확한 소통, 사용자와 사업에 미치는 영향을 기준으로 평가합니다.","- 재사용 가능한 체크리스트·가이드·템플릿 정비
- 고객 또는 내부 사용자의 피드백을 반영한 결과물 품질 개선
- 웹 서비스 정책·화면 흐름 관련 연간·분기 실행계획 수립
- 요구사항·사용자 행동 데이터 수집·정리 및 핵심 이슈 분석
- Figma·Jira를 활용한 업무 산출물 작성과 버전 관리
- 요구사항을 세부 과제와 일정으로 구체화하고 진행 현황 관리
- 유관 부서 및 외부 파트너와 기준·일정·결과물 조율
- 검토 회의 운영과 의사결정 근거·변경 이력 문서화
- 성과지표 설정 및 결과 데이터 분석을 통한 개선안 제안","- 웹 서비스 정책·화면 흐름 관련 지식 또는 프로젝트·실무 경험을 보유한 분
- 요구사항·사용자 행동 데이터를 정확히 해석하고 업무 문서로 구조화할 수 있는 분
- Figma·Jira 중 직무에 필요한 도구를 실무에 적용할 수 있는 분
- 유관 부서와 쟁점을 명확히 설명하고 일정에 맞춰 협업할 수 있는 분
- 문제 원인을 근거에 따라 분석하고 실행 가능한 대안을 제시할 수 있는 분
- 업무상 취급하는 개인정보와 기밀정보를 안전하게 관리할 수 있는 분
- 새로운 업무 기준과 도구를 빠르게 학습할 수 있는 분","- PMP 보유자
- 정보처리기사 보유자
- Google Analytics Certification 보유자
- 웹 서비스 정책·화면 흐름 관련 프로젝트를 기획부터 결과 검토까지 수행한 경험
- Figma·Jira를 활용해 반복 업무를 개선하거나 품질 기준을 정립한 경험
- 외부 파트너 또는 다양한 이해관계자와 복잡한 요구사항을 조율한 경험","- 제출한 경력·자격 증빙이 사실과 다른 경우
- 정해진 기한까지 필수 증빙서류를 제출하지 않은 경우
- 해외여행 및 근무에 결격사유가 있는 경우
- 채용 관련 비밀유지 의무를 위반한 경우",서류전형 > 실무면접 > 최종면접
웹기획 신규 인력 모집,41,2,20261006,20261021,18,경력 2년 이상,계약직,대전광역시,전문학사 이상,"성장 단계 스타트업에서 웹 서비스 정책·화면 흐름을 담당할 웹기획을 모집합니다. 이 포지션은 현장의 요구를 실행 가능한 계획과 결과물로 연결하는 역할입니다.

담당 범위는 요구사항·사용자 행동 데이터를 바탕으로 기준을 수립하고, 우선순위에 따라 과제를 실행하며 품질과 일정을 함께 관리하는 것입니다.

기획·전략 조직의 동료와 재무·영업·개발·운영 등 유관 부서, 필요한 경우 외부 파트너와 협업해 의사결정에 필요한 정보를 정리합니다.

이슈가 발생하면 사실과 데이터를 먼저 확인하고 원인을 구분한 뒤, 대안을 비교해 합의된 조치를 실행하고 재발 방지 내용을 문서화합니다.

입사 초기에는 기존 자료와 업무 흐름을 파악하고 Figma·Jira 환경을 익힌 뒤, 담당 영역의 개선 과제와 표준화 작업을 단계적으로 주도합니다.

성과는 결과물의 정확성, 일정 준수, 이해관계자와의 명확한 소통, 사용자와 사업에 미치는 영향을 기준으로 평가합니다.","- 고객 또는 내부 사용자의 피드백을 반영한 결과물 품질 개선
- 웹 서비스 정책·화면 흐름 관련 연간·분기 실행계획 수립
- 요구사항·사용자 행동 데이터 수집·정리 및 핵심 이슈 분석
- Figma·Jira를 활용한 업무 산출물 작성과 버전 관리
- 요구사항을 세부 과제와 일정으로 구체화하고 진행 현황 관리
- 유관 부서 및 외부 파트너와 기준·일정·결과물 조율
- 검토 회의 운영과 의사결정 근거·변경 이력 문서화","- 웹 서비스 정책·화면 흐름 관련 지식 또는 프로젝트·실무 경험을 보유한 분
- 요구사항·사용자 행동 데이터를 정확히 해석하고 업무 문서로 구조화할 수 있는 분
- Figma·Jira 중 직무에 필요한 도구를 실무에 적용할 수 있는 분
- 유관 부서와 쟁점을 명확히 설명하고 일정에 맞춰 협업할 수 있는 분
- 문제 원인을 근거에 따라 분석하고 실행 가능한 대안을 제시할 수 있는 분","- 정보처리기사 보유자
- Google Analytics Certification 보유자
- PMP 보유자
- 웹 서비스 정책·화면 흐름 관련 프로젝트를 기획부터 결과 검토까지 수행한 경험","- 지원 자격 또는 필수 면허 요건을 충족하지 못한 경우
- 전형 과정에서 타인의 결과물을 무단 사용한 경우
- 채용검진 결과 담당 업무 수행이 곤란한 경우
- 관계 법령상 취업이 제한되는 경우",서류전형 > 인성검사 > 실무면접 > 최종면접
마케팅기획 담당자 모집,121,3,20260410,20260511,16,경력 3년 이상,무기계약직,세종특별자치시,학사 이상,"공공서비스 운영기관에서 브랜드·캠페인 전략을 담당할 마케팅기획을 모집합니다. 이 포지션은 현장의 요구를 실행 가능한 계획과 결과물로 연결하는 역할입니다.

담당 범위는 고객 세그먼트·매체 성과를 바탕으로 기준을 수립하고, 우선순위에 따라 과제를 실행하며 품질과 일정을 함께 관리하는 것입니다.

기획·전략 조직의 동료와 재무·영업·개발·운영 등 유관 부서, 필요한 경우 외부 파트너와 협업해 의사결정에 필요한 정보를 정리합니다.

이슈가 발생하면 사실과 데이터를 먼저 확인하고 원인을 구분한 뒤, 대안을 비교해 합의된 조치를 실행하고 재발 방지 내용을 문서화합니다.

입사 초기에는 기존 자료와 업무 흐름을 파악하고 GA4·Excel 환경을 익힌 뒤, 담당 영역의 개선 과제와 표준화 작업을 단계적으로 주도합니다.

성과는 결과물의 정확성, 일정 준수, 이해관계자와의 명확한 소통, 사용자와 사업에 미치는 영향을 기준으로 평가합니다.","- 브랜드·캠페인 전략 관련 연간·분기 실행계획 수립
- 고객 세그먼트·매체 성과 수집·정리 및 핵심 이슈 분석
- GA4·Excel를 활용한 업무 산출물 작성과 버전 관리
- 요구사항을 세부 과제와 일정으로 구체화하고 진행 현황 관리
- 유관 부서 및 외부 파트너와 기준·일정·결과물 조율
- 검토 회의 운영과 의사결정 근거·변경 이력 문서화
- 성과지표 설정 및 결과 데이터 분석을 통한 개선안 제안","- 브랜드·캠페인 전략 관련 지식 또는 프로젝트·실무 경험을 보유한 분
- 고객 세그먼트·매체 성과를 정확히 해석하고 업무 문서로 구조화할 수 있는 분
- GA4·Excel 중 직무에 필요한 도구를 실무에 적용할 수 있는 분
- 유관 부서와 쟁점을 명확히 설명하고 일정에 맞춰 협업할 수 있는 분
- 문제 원인을 근거에 따라 분석하고 실행 가능한 대안을 제시할 수 있는 분","- 검색광고마케터 1급 보유자
- Google Analytics Certification 보유자
- Meta Certified Digital Marketing Associate 보유자
- 브랜드·캠페인 전략 관련 프로젝트를 기획부터 결과 검토까지 수행한 경험","- 지원서 또는 제출서류를 허위로 기재한 경우
- 채용 과정에서 부정한 방법을 사용한 경우
- 채용검진 결과 직무 수행이 어렵다고 판단되는 경우
- 관련 법령 또는 내부 인사규정상 채용이 불가능한 경우",서류전형 > 1차면접 > 2차면접 > 채용검진
마케팅기획 실무자 채용,97,3,20260615,20260719,19,경력 무관,정규직,충청남도,석사 이상,"전문 컨설팅 조직에서 브랜드·캠페인 전략을 담당할 마케팅기획을 모집합니다. 이 포지션은 현장의 요구를 실행 가능한 계획과 결과물로 연결하는 역할입니다.

담당 범위는 고객 세그먼트·매체 성과를 바탕으로 기준을 수립하고, 우선순위에 따라 과제를 실행하며 품질과 일정을 함께 관리하는 것입니다.

기획·전략 조직의 동료와 재무·영업·개발·운영 등 유관 부서, 필요한 경우 외부 파트너와 협업해 의사결정에 필요한 정보를 정리합니다.

이슈가 발생하면 사실과 데이터를 먼저 확인하고 원인을 구분한 뒤, 대안을 비교해 합의된 조치를 실행하고 재발 방지 내용을 문서화합니다.

입사 초기에는 기존 자료와 업무 흐름을 파악하고 GA4·Excel 환경을 익힌 뒤, 담당 영역의 개선 과제와 표준화 작업을 단계적으로 주도합니다.

성과는 결과물의 정확성, 일정 준수, 이해관계자와의 명확한 소통, 사용자와 사업에 미치는 영향을 기준으로 평가합니다.","- 고객 세그먼트·매체 성과 수집·정리 및 핵심 이슈 분석
- GA4·Excel를 활용한 업무 산출물 작성과 버전 관리
- 요구사항을 세부 과제와 일정으로 구체화하고 진행 현황 관리
- 유관 부서 및 외부 파트너와 기준·일정·결과물 조율
- 검토 회의 운영과 의사결정 근거·변경 이력 문서화
- 성과지표 설정 및 결과 데이터 분석을 통한 개선안 제안
- 업무상 리스크 사전 점검과 문제 발생 시 원인 분석·후속 조치
- 재사용 가능한 체크리스트·가이드·템플릿 정비","- 브랜드·캠페인 전략 관련 지식 또는 프로젝트·실무 경험을 보유한 분
- 고객 세그먼트·매체 성과를 정확히 해석하고 업무 문서로 구조화할 수 있는 분
- GA4·Excel 중 직무에 필요한 도구를 실무에 적용할 수 있는 분
- 유관 부서와 쟁점을 명확히 설명하고 일정에 맞춰 협업할 수 있는 분
- 문제 원인을 근거에 따라 분석하고 실행 가능한 대안을 제시할 수 있는 분
- 업무상 취급하는 개인정보와 기밀정보를 안전하게 관리할 수 있는 분","- Google Analytics Certification 보유자
- Meta Certified Digital Marketing Associate 보유자
- 검색광고마케터 1급 보유자
- 브랜드·캠페인 전략 관련 프로젝트를 기획부터 결과 검토까지 수행한 경험
- GA4·Excel를 활용해 반복 업무를 개선하거나 품질 기준을 정립한 경험","- 제출한 경력·자격 증빙이 사실과 다른 경우
- 정해진 기한까지 필수 증빙서류를 제출하지 않은 경우
- 해외여행 및 근무에 결격사유가 있는 경우
- 채용 관련 비밀유지 의무를 위반한 경우",서류전형 > 필기전형 > 면접전형 > 최종합격
마케팅기획 전문인력 모집,5,3,20260820,20260926,2,경력 5년 이상,기간제,경상남도,학력무관,"글로벌 사업 조직에서 브랜드·캠페인 전략을 담당할 마케팅기획을 모집합니다. 이 포지션은 현장의 요구를 실행 가능한 계획과 결과물로 연결하는 역할입니다.

담당 범위는 고객 세그먼트·매체 성과를 바탕으로 기준을 수립하고, 우선순위에 따라 과제를 실행하며 품질과 일정을 함께 관리하는 것입니다.

기획·전략 조직의 동료와 재무·영업·개발·운영 등 유관 부서, 필요한 경우 외부 파트너와 협업해 의사결정에 필요한 정보를 정리합니다.

이슈가 발생하면 사실과 데이터를 먼저 확인하고 원인을 구분한 뒤, 대안을 비교해 합의된 조치를 실행하고 재발 방지 내용을 문서화합니다.

입사 초기에는 기존 자료와 업무 흐름을 파악하고 GA4·Excel 환경을 익힌 뒤, 담당 영역의 개선 과제와 표준화 작업을 단계적으로 주도합니다.

성과는 결과물의 정확성, 일정 준수, 이해관계자와의 명확한 소통, 사용자와 사업에 미치는 영향을 기준으로 평가합니다.","- GA4·Excel를 활용한 업무 산출물 작성과 버전 관리
- 요구사항을 세부 과제와 일정으로 구체화하고 진행 현황 관리
- 유관 부서 및 외부 파트너와 기준·일정·결과물 조율
- 검토 회의 운영과 의사결정 근거·변경 이력 문서화
- 성과지표 설정 및 결과 데이터 분석을 통한 개선안 제안
- 업무상 리스크 사전 점검과 문제 발생 시 원인 분석·후속 조치
- 재사용 가능한 체크리스트·가이드·템플릿 정비
- 고객 또는 내부 사용자의 피드백을 반영한 결과물 품질 개선
- 브랜드·캠페인 전략 관련 연간·분기 실행계획 수립","- 브랜드·캠페인 전략 관련 지식 또는 프로젝트·실무 경험을 보유한 분
- 고객 세그먼트·매체 성과를 정확히 해석하고 업무 문서로 구조화할 수 있는 분
- GA4·Excel 중 직무에 필요한 도구를 실무에 적용할 수 있는 분
- 유관 부서와 쟁점을 명확히 설명하고 일정에 맞춰 협업할 수 있는 분
- 문제 원인을 근거에 따라 분석하고 실행 가능한 대안을 제시할 수 있는 분
- 업무상 취급하는 개인정보와 기밀정보를 안전하게 관리할 수 있는 분
- 마케팅기획 또는 유사 분야의 5년 이상 실무 경험을 보유한 분","- Meta Certified Digital Marketing Associate 보유자
- 검색광고마케터 1급 보유자
- Google Analytics Certification 보유자
- 브랜드·캠페인 전략 관련 프로젝트를 기획부터 결과 검토까지 수행한 경험
- GA4·Excel를 활용해 반복 업무를 개선하거나 품질 기준을 정립한 경험
- 외부 파트너 또는 다양한 이해관계자와 복잡한 요구사항을 조율한 경험","- 지원 자격 또는 필수 면허 요건을 충족하지 못한 경우
- 전형 과정에서 타인의 결과물을 무단 사용한 경우
- 채용검진 결과 담당 업무 수행이 곤란한 경우
- 관계 법령상 취업이 제한되는 경우",서류전형 > 실무면접 > 최종면접
마케팅기획 인재 채용,117,3,20261002,20261111,5,경력,정규직,제주특별자치도,전문학사 이상,"연구개발 중심 조직에서 브랜드·캠페인 전략을 담당할 마케팅기획을 모집합니다. 이 포지션은 현장의 요구를 실행 가능한 계획과 결과물로 연결하는 역할입니다.

담당 범위는 고객 세그먼트·매체 성과를 바탕으로 기준을 수립하고, 우선순위에 따라 과제를 실행하며 품질과 일정을 함께 관리하는 것입니다.

기획·전략 조직의 동료와 재무·영업·개발·운영 등 유관 부서, 필요한 경우 외부 파트너와 협업해 의사결정에 필요한 정보를 정리합니다.

이슈가 발생하면 사실과 데이터를 먼저 확인하고 원인을 구분한 뒤, 대안을 비교해 합의된 조치를 실행하고 재발 방지 내용을 문서화합니다.

입사 초기에는 기존 자료와 업무 흐름을 파악하고 GA4·Excel 환경을 익힌 뒤, 담당 영역의 개선 과제와 표준화 작업을 단계적으로 주도합니다.

성과는 결과물의 정확성, 일정 준수, 이해관계자와의 명확한 소통, 사용자와 사업에 미치는 영향을 기준으로 평가합니다.","- 요구사항을 세부 과제와 일정으로 구체화하고 진행 현황 관리
- 유관 부서 및 외부 파트너와 기준·일정·결과물 조율
- 검토 회의 운영과 의사결정 근거·변경 이력 문서화
- 성과지표 설정 및 결과 데이터 분석을 통한 개선안 제안
- 업무상 리스크 사전 점검과 문제 발생 시 원인 분석·후속 조치
- 재사용 가능한 체크리스트·가이드·템플릿 정비
- 고객 또는 내부 사용자의 피드백을 반영한 결과물 품질 개선","- 브랜드·캠페인 전략 관련 지식 또는 프로젝트·실무 경험을 보유한 분
- 고객 세그먼트·매체 성과를 정확히 해석하고 업무 문서로 구조화할 수 있는 분
- GA4·Excel 중 직무에 필요한 도구를 실무에 적용할 수 있는 분
- 유관 부서와 쟁점을 명확히 설명하고 일정에 맞춰 협업할 수 있는 분
- 문제 원인을 근거에 따라 분석하고 실행 가능한 대안을 제시할 수 있는 분","- 검색광고마케터 1급 보유자
- Google Analytics Certification 보유자
- Meta Certified Digital Marketing Associate 보유자
- 브랜드·캠페인 전략 관련 프로젝트를 기획부터 결과 검토까지 수행한 경험","- 지원서 또는 제출서류를 허위로 기재한 경우
- 채용 과정에서 부정한 방법을 사용한 경우
- 채용검진 결과 직무 수행이 어렵다고 판단되는 경우
- 관련 법령 또는 내부 인사규정상 채용이 불가능한 경우",서류전형 > 인성검사 > 실무면접 > 최종면접
마케팅기획 공개채용,118,3,20260107,20260219,8,신입·경력,계약직,서울특별시,학사 이상,"플랫폼 운영 조직에서 브랜드·캠페인 전략을 담당할 마케팅기획을 모집합니다. 이 포지션은 현장의 요구를 실행 가능한 계획과 결과물로 연결하는 역할입니다.

담당 범위는 고객 세그먼트·매체 성과를 바탕으로 기준을 수립하고, 우선순위에 따라 과제를 실행하며 품질과 일정을 함께 관리하는 것입니다.

기획·전략 조직의 동료와 재무·영업·개발·운영 등 유관 부서, 필요한 경우 외부 파트너와 협업해 의사결정에 필요한 정보를 정리합니다.

이슈가 발생하면 사실과 데이터를 먼저 확인하고 원인을 구분한 뒤, 대안을 비교해 합의된 조치를 실행하고 재발 방지 내용을 문서화합니다.

입사 초기에는 기존 자료와 업무 흐름을 파악하고 GA4·Excel 환경을 익힌 뒤, 담당 영역의 개선 과제와 표준화 작업을 단계적으로 주도합니다.

성과는 결과물의 정확성, 일정 준수, 이해관계자와의 명확한 소통, 사용자와 사업에 미치는 영향을 기준으로 평가합니다.","- 유관 부서 및 외부 파트너와 기준·일정·결과물 조율
- 검토 회의 운영과 의사결정 근거·변경 이력 문서화
- 성과지표 설정 및 결과 데이터 분석을 통한 개선안 제안
- 업무상 리스크 사전 점검과 문제 발생 시 원인 분석·후속 조치
- 재사용 가능한 체크리스트·가이드·템플릿 정비
- 고객 또는 내부 사용자의 피드백을 반영한 결과물 품질 개선
- 브랜드·캠페인 전략 관련 연간·분기 실행계획 수립
- 고객 세그먼트·매체 성과 수집·정리 및 핵심 이슈 분석","- 브랜드·캠페인 전략 관련 지식 또는 프로젝트·실무 경험을 보유한 분
- 고객 세그먼트·매체 성과를 정확히 해석하고 업무 문서로 구조화할 수 있는 분
- GA4·Excel 중 직무에 필요한 도구를 실무에 적용할 수 있는 분
- 유관 부서와 쟁점을 명확히 설명하고 일정에 맞춰 협업할 수 있는 분
- 문제 원인을 근거에 따라 분석하고 실행 가능한 대안을 제시할 수 있는 분
- 업무상 취급하는 개인정보와 기밀정보를 안전하게 관리할 수 있는 분","- Google Analytics Certification 보유자
- Meta Certified Digital Marketing Associate 보유자
- 검색광고마케터 1급 보유자
- 브랜드·캠페인 전략 관련 프로젝트를 기획부터 결과 검토까지 수행한 경험
- GA4·Excel를 활용해 반복 업무를 개선하거나 품질 기준을 정립한 경험","- 제출한 경력·자격 증빙이 사실과 다른 경우
- 정해진 기한까지 필수 증빙서류를 제출하지 않은 경우
- 해외여행 및 근무에 결격사유가 있는 경우
- 채용 관련 비밀유지 의무를 위반한 경우",서류전형 > 직무과제 > 실무면접 > 처우협의
마케팅기획 프로젝트 담당 모집,75,3,20260312,20260322,11,경력 2년 이상,정규직,경기도,학사 이상,"브랜드 사업 조직에서 브랜드·캠페인 전략을 담당할 마케팅기획을 모집합니다. 이 포지션은 현장의 요구를 실행 가능한 계획과 결과물로 연결하는 역할입니다.

담당 범위는 고객 세그먼트·매체 성과를 바탕으로 기준을 수립하고, 우선순위에 따라 과제를 실행하며 품질과 일정을 함께 관리하는 것입니다.

기획·전략 조직의 동료와 재무·영업·개발·운영 등 유관 부서, 필요한 경우 외부 파트너와 협업해 의사결정에 필요한 정보를 정리합니다.

이슈가 발생하면 사실과 데이터를 먼저 확인하고 원인을 구분한 뒤, 대안을 비교해 합의된 조치를 실행하고 재발 방지 내용을 문서화합니다.

입사 초기에는 기존 자료와 업무 흐름을 파악하고 GA4·Excel 환경을 익힌 뒤, 담당 영역의 개선 과제와 표준화 작업을 단계적으로 주도합니다.

성과는 결과물의 정확성, 일정 준수, 이해관계자와의 명확한 소통, 사용자와 사업에 미치는 영향을 기준으로 평가합니다.","- 검토 회의 운영과 의사결정 근거·변경 이력 문서화
- 성과지표 설정 및 결과 데이터 분석을 통한 개선안 제안
- 업무상 리스크 사전 점검과 문제 발생 시 원인 분석·후속 조치
- 재사용 가능한 체크리스트·가이드·템플릿 정비
- 고객 또는 내부 사용자의 피드백을 반영한 결과물 품질 개선
- 브랜드·캠페인 전략 관련 연간·분기 실행계획 수립
- 고객 세그먼트·매체 성과 수집·정리 및 핵심 이슈 분석
- GA4·Excel를 활용한 업무 산출물 작성과 버전 관리
- 요구사항을 세부 과제와 일정으로 구체화하고 진행 현황 관리","- 브랜드·캠페인 전략 관련 지식 또는 프로젝트·실무 경험을 보유한 분
- 고객 세그먼트·매체 성과를 정확히 해석하고 업무 문서로 구조화할 수 있는 분
- GA4·Excel 중 직무에 필요한 도구를 실무에 적용할 수 있는 분
- 유관 부서와 쟁점을 명확히 설명하고 일정에 맞춰 협업할 수 있는 분
- 문제 원인을 근거에 따라 분석하고 실행 가능한 대안을 제시할 수 있는 분
- 업무상 취급하는 개인정보와 기밀정보를 안전하게 관리할 수 있는 분
- 마케팅기획 또는 유사 분야의 2년 이상 실무 경험을 보유한 분","- Meta Certified Digital Marketing Associate 보유자
- 검색광고마케터 1급 보유자
- Google Analytics Certification 보유자
- 브랜드·캠페인 전략 관련 프로젝트를 기획부터 결과 검토까지 수행한 경험
- GA4·Excel를 활용해 반복 업무를 개선하거나 품질 기준을 정립한 경험
- 외부 파트너 또는 다양한 이해관계자와 복잡한 요구사항을 조율한 경험","- 지원 자격 또는 필수 면허 요건을 충족하지 못한 경우
- 전형 과정에서 타인의 결과물을 무단 사용한 경우
- 채용검진 결과 담당 업무 수행이 곤란한 경우
- 관계 법령상 취업이 제한되는 경우",서류전형 > 1차면접 > 2차면접 > 채용검진
마케팅기획 운영 담당자 채용,132,3,20260517,20260530,14,경력 3년 이상,무기계약직,인천광역시,석사 이상,"지역 기반 전문기관에서 브랜드·캠페인 전략을 담당할 마케팅기획을 모집합니다. 이 포지션은 현장의 요구를 실행 가능한 계획과 결과물로 연결하는 역할입니다.

담당 범위는 고객 세그먼트·매체 성과를 바탕으로 기준을 수립하고, 우선순위에 따라 과제를 실행하며 품질과 일정을 함께 관리하는 것입니다.

기획·전략 조직의 동료와 재무·영업·개발·운영 등 유관 부서, 필요한 경우 외부 파트너와 협업해 의사결정에 필요한 정보를 정리합니다.

이슈가 발생하면 사실과 데이터를 먼저 확인하고 원인을 구분한 뒤, 대안을 비교해 합의된 조치를 실행하고 재발 방지 내용을 문서화합니다.

입사 초기에는 기존 자료와 업무 흐름을 파악하고 GA4·Excel 환경을 익힌 뒤, 담당 영역의 개선 과제와 표준화 작업을 단계적으로 주도합니다.

성과는 결과물의 정확성, 일정 준수, 이해관계자와의 명확한 소통, 사용자와 사업에 미치는 영향을 기준으로 평가합니다.","- 성과지표 설정 및 결과 데이터 분석을 통한 개선안 제안
- 업무상 리스크 사전 점검과 문제 발생 시 원인 분석·후속 조치
- 재사용 가능한 체크리스트·가이드·템플릿 정비
- 고객 또는 내부 사용자의 피드백을 반영한 결과물 품질 개선
- 브랜드·캠페인 전략 관련 연간·분기 실행계획 수립
- 고객 세그먼트·매체 성과 수집·정리 및 핵심 이슈 분석
- GA4·Excel를 활용한 업무 산출물 작성과 버전 관리","- 브랜드·캠페인 전략 관련 지식 또는 프로젝트·실무 경험을 보유한 분
- 고객 세그먼트·매체 성과를 정확히 해석하고 업무 문서로 구조화할 수 있는 분
- GA4·Excel 중 직무에 필요한 도구를 실무에 적용할 수 있는 분
- 유관 부서와 쟁점을 명확히 설명하고 일정에 맞춰 협업할 수 있는 분
- 문제 원인을 근거에 따라 분석하고 실행 가능한 대안을 제시할 수 있는 분","- 검색광고마케터 1급 보유자
- Google Analytics Certification 보유자
- Meta Certified Digital Marketing Associate 보유자
- 브랜드·캠페인 전략 관련 프로젝트를 기획부터 결과 검토까지 수행한 경험","- 지원서 또는 제출서류를 허위로 기재한 경우
- 채용 과정에서 부정한 방법을 사용한 경우
- 채용검진 결과 직무 수행이 어렵다고 판단되는 경우
- 관련 법령 또는 내부 인사규정상 채용이 불가능한 경우",서류전형 > 필기전형 > 면접전형 > 최종합격
마케팅기획 핵심인재 모집,131,3,20260722,20260807,17,신입,정규직,대전광역시,학력무관,"디지털 서비스 조직에서 브랜드·캠페인 전략을 담당할 마케팅기획을 모집합니다. 이 포지션은 현장의 요구를 실행 가능한 계획과 결과물로 연결하는 역할입니다.

담당 범위는 고객 세그먼트·매체 성과를 바탕으로 기준을 수립하고, 우선순위에 따라 과제를 실행하며 품질과 일정을 함께 관리하는 것입니다.

기획·전략 조직의 동료와 재무·영업·개발·운영 등 유관 부서, 필요한 경우 외부 파트너와 협업해 의사결정에 필요한 정보를 정리합니다.

이슈가 발생하면 사실과 데이터를 먼저 확인하고 원인을 구분한 뒤, 대안을 비교해 합의된 조치를 실행하고 재발 방지 내용을 문서화합니다.

입사 초기에는 기존 자료와 업무 흐름을 파악하고 GA4·Excel 환경을 익힌 뒤, 담당 영역의 개선 과제와 표준화 작업을 단계적으로 주도합니다.

성과는 결과물의 정확성, 일정 준수, 이해관계자와의 명확한 소통, 사용자와 사업에 미치는 영향을 기준으로 평가합니다.","- 업무상 리스크 사전 점검과 문제 발생 시 원인 분석·후속 조치
- 재사용 가능한 체크리스트·가이드·템플릿 정비
- 고객 또는 내부 사용자의 피드백을 반영한 결과물 품질 개선
- 브랜드·캠페인 전략 관련 연간·분기 실행계획 수립
- 고객 세그먼트·매체 성과 수집·정리 및 핵심 이슈 분석
- GA4·Excel를 활용한 업무 산출물 작성과 버전 관리
- 요구사항을 세부 과제와 일정으로 구체화하고 진행 현황 관리
- 유관 부서 및 외부 파트너와 기준·일정·결과물 조율","- 브랜드·캠페인 전략 관련 지식 또는 프로젝트·실무 경험을 보유한 분
- 고객 세그먼트·매체 성과를 정확히 해석하고 업무 문서로 구조화할 수 있는 분
- GA4·Excel 중 직무에 필요한 도구를 실무에 적용할 수 있는 분
- 유관 부서와 쟁점을 명확히 설명하고 일정에 맞춰 협업할 수 있는 분
- 문제 원인을 근거에 따라 분석하고 실행 가능한 대안을 제시할 수 있는 분
- 업무상 취급하는 개인정보와 기밀정보를 안전하게 관리할 수 있는 분","- Google Analytics Certification 보유자
- Meta Certified Digital Marketing Associate 보유자
- 검색광고마케터 1급 보유자
- 브랜드·캠페인 전략 관련 프로젝트를 기획부터 결과 검토까지 수행한 경험
- GA4·Excel를 활용해 반복 업무를 개선하거나 품질 기준을 정립한 경험","- 제출한 경력·자격 증빙이 사실과 다른 경우
- 정해진 기한까지 필수 증빙서류를 제출하지 않은 경우
- 해외여행 및 근무에 결격사유가 있는 경우
- 채용 관련 비밀유지 의무를 위반한 경우",서류전형 > 실무면접 > 최종면접
마케팅기획 전문가 채용,88,3,20260904,20260923,20,경력 2년 이상,계약직,부산광역시,전문학사 이상,"성장 단계 스타트업에서 브랜드·캠페인 전략을 담당할 마케팅기획을 모집합니다. 이 포지션은 현장의 요구를 실행 가능한 계획과 결과물로 연결하는 역할입니다.

담당 범위는 고객 세그먼트·매체 성과를 바탕으로 기준을 수립하고, 우선순위에 따라 과제를 실행하며 품질과 일정을 함께 관리하는 것입니다.

기획·전략 조직의 동료와 재무·영업·개발·운영 등 유관 부서, 필요한 경우 외부 파트너와 협업해 의사결정에 필요한 정보를 정리합니다.

이슈가 발생하면 사실과 데이터를 먼저 확인하고 원인을 구분한 뒤, 대안을 비교해 합의된 조치를 실행하고 재발 방지 내용을 문서화합니다.

입사 초기에는 기존 자료와 업무 흐름을 파악하고 GA4·Excel 환경을 익힌 뒤, 담당 영역의 개선 과제와 표준화 작업을 단계적으로 주도합니다.

성과는 결과물의 정확성, 일정 준수, 이해관계자와의 명확한 소통, 사용자와 사업에 미치는 영향을 기준으로 평가합니다.","- 재사용 가능한 체크리스트·가이드·템플릿 정비
- 고객 또는 내부 사용자의 피드백을 반영한 결과물 품질 개선
- 브랜드·캠페인 전략 관련 연간·분기 실행계획 수립
- 고객 세그먼트·매체 성과 수집·정리 및 핵심 이슈 분석
- GA4·Excel를 활용한 업무 산출물 작성과 버전 관리
- 요구사항을 세부 과제와 일정으로 구체화하고 진행 현황 관리
- 유관 부서 및 외부 파트너와 기준·일정·결과물 조율
- 검토 회의 운영과 의사결정 근거·변경 이력 문서화
- 성과지표 설정 및 결과 데이터 분석을 통한 개선안 제안","- 브랜드·캠페인 전략 관련 지식 또는 프로젝트·실무 경험을 보유한 분
- 고객 세그먼트·매체 성과를 정확히 해석하고 업무 문서로 구조화할 수 있는 분
- GA4·Excel 중 직무에 필요한 도구를 실무에 적용할 수 있는 분
- 유관 부서와 쟁점을 명확히 설명하고 일정에 맞춰 협업할 수 있는 분
- 문제 원인을 근거에 따라 분석하고 실행 가능한 대안을 제시할 수 있는 분
- 업무상 취급하는 개인정보와 기밀정보를 안전하게 관리할 수 있는 분
- 마케팅기획 또는 유사 분야의 2년 이상 실무 경험을 보유한 분","- Meta Certified Digital Marketing Associate 보유자
- 검색광고마케터 1급 보유자
- Google Analytics Certification 보유자
- 브랜드·캠페인 전략 관련 프로젝트를 기획부터 결과 검토까지 수행한 경험
- GA4·Excel를 활용해 반복 업무를 개선하거나 품질 기준을 정립한 경험
- 외부 파트너 또는 다양한 이해관계자와 복잡한 요구사항을 조율한 경험","- 지원 자격 또는 필수 면허 요건을 충족하지 못한 경우
- 전형 과정에서 타인의 결과물을 무단 사용한 경우
- 채용검진 결과 담당 업무 수행이 곤란한 경우
- 관계 법령상 취업이 제한되는 경우",서류전형 > 인성검사 > 실무면접 > 최종면접
마케팅기획 신규 인력 모집,62,3,20261109,20261201,3,신입·경력,정규직,광주광역시,학사 이상,"중견기업 전략 조직에서 브랜드·캠페인 전략을 담당할 마케팅기획을 모집합니다. 이 포지션은 현장의 요구를 실행 가능한 계획과 결과물로 연결하는 역할입니다.

담당 범위는 고객 세그먼트·매체 성과를 바탕으로 기준을 수립하고, 우선순위에 따라 과제를 실행하며 품질과 일정을 함께 관리하는 것입니다.

기획·전략 조직의 동료와 재무·영업·개발·운영 등 유관 부서, 필요한 경우 외부 파트너와 협업해 의사결정에 필요한 정보를 정리합니다.

이슈가 발생하면 사실과 데이터를 먼저 확인하고 원인을 구분한 뒤, 대안을 비교해 합의된 조치를 실행하고 재발 방지 내용을 문서화합니다.

입사 초기에는 기존 자료와 업무 흐름을 파악하고 GA4·Excel 환경을 익힌 뒤, 담당 영역의 개선 과제와 표준화 작업을 단계적으로 주도합니다.

성과는 결과물의 정확성, 일정 준수, 이해관계자와의 명확한 소통, 사용자와 사업에 미치는 영향을 기준으로 평가합니다.","- 고객 또는 내부 사용자의 피드백을 반영한 결과물 품질 개선
- 브랜드·캠페인 전략 관련 연간·분기 실행계획 수립
- 고객 세그먼트·매체 성과 수집·정리 및 핵심 이슈 분석
- GA4·Excel를 활용한 업무 산출물 작성과 버전 관리
- 요구사항을 세부 과제와 일정으로 구체화하고 진행 현황 관리
- 유관 부서 및 외부 파트너와 기준·일정·결과물 조율
- 검토 회의 운영과 의사결정 근거·변경 이력 문서화","- 브랜드·캠페인 전략 관련 지식 또는 프로젝트·실무 경험을 보유한 분
- 고객 세그먼트·매체 성과를 정확히 해석하고 업무 문서로 구조화할 수 있는 분
- GA4·Excel 중 직무에 필요한 도구를 실무에 적용할 수 있는 분
- 유관 부서와 쟁점을 명확히 설명하고 일정에 맞춰 협업할 수 있는 분
- 문제 원인을 근거에 따라 분석하고 실행 가능한 대안을 제시할 수 있는 분","- 검색광고마케터 1급 보유자
- Google Analytics Certification 보유자
- Meta Certified Digital Marketing Associate 보유자
- 브랜드·캠페인 전략 관련 프로젝트를 기획부터 결과 검토까지 수행한 경험","- 지원서 또는 제출서류를 허위로 기재한 경우
- 채용 과정에서 부정한 방법을 사용한 경우
- 채용검진 결과 직무 수행이 어렵다고 판단되는 경우
- 관련 법령 또는 내부 인사규정상 채용이 불가능한 경우",서류전형 > 직무과제 > 실무면접 > 처우협의
PL·PM·PO 담당자 모집,79,4,20260513,20260620,1,경력 무관,정규직,경상남도,석사 이상,"전문 컨설팅 조직에서 제품 로드맵·프로젝트 실행을 담당할 PL·PM·PO를 모집합니다. 이 포지션은 현장의 요구를 실행 가능한 계획과 결과물로 연결하는 역할입니다.

담당 범위는 백로그·일정·리스크를 바탕으로 기준을 수립하고, 우선순위에 따라 과제를 실행하며 품질과 일정을 함께 관리하는 것입니다.

기획·전략 조직의 동료와 재무·영업·개발·운영 등 유관 부서, 필요한 경우 외부 파트너와 협업해 의사결정에 필요한 정보를 정리합니다.

이슈가 발생하면 사실과 데이터를 먼저 확인하고 원인을 구분한 뒤, 대안을 비교해 합의된 조치를 실행하고 재발 방지 내용을 문서화합니다.

입사 초기에는 기존 자료와 업무 흐름을 파악하고 Jira·Confluence 환경을 익힌 뒤, 담당 영역의 개선 과제와 표준화 작업을 단계적으로 주도합니다.

성과는 결과물의 정확성, 일정 준수, 이해관계자와의 명확한 소통, 사용자와 사업에 미치는 영향을 기준으로 평가합니다.","- 제품 로드맵·프로젝트 실행 관련 연간·분기 실행계획 수립
- 백로그·일정·리스크 수집·정리 및 핵심 이슈 분석
- Jira·Confluence를 활용한 업무 산출물 작성과 버전 관리
- 요구사항을 세부 과제와 일정으로 구체화하고 진행 현황 관리
- 유관 부서 및 외부 파트너와 기준·일정·결과물 조율
- 검토 회의 운영과 의사결정 근거·변경 이력 문서화
- 성과지표 설정 및 결과 데이터 분석을 통한 개선안 제안","- 제품 로드맵·프로젝트 실행 관련 지식 또는 프로젝트·실무 경험을 보유한 분
- 백로그·일정·리스크를 정확히 해석하고 업무 문서로 구조화할 수 있는 분
- Jira·Confluence 중 직무에 필요한 도구를 실무에 적용할 수 있는 분
- 유관 부서와 쟁점을 명확히 설명하고 일정에 맞춰 협업할 수 있는 분
- 문제 원인을 근거에 따라 분석하고 실행 가능한 대안을 제시할 수 있는 분","- PMP 보유자
- 정보처리기사 보유자
- CSM 보유자
- 제품 로드맵·프로젝트 실행 관련 프로젝트를 기획부터 결과 검토까지 수행한 경험","- 제출한 경력·자격 증빙이 사실과 다른 경우
- 정해진 기한까지 필수 증빙서류를 제출하지 않은 경우
- 해외여행 및 근무에 결격사유가 있는 경우
- 채용 관련 비밀유지 의무를 위반한 경우",서류전형 > 필기전형 > 면접전형 > 최종합격
PL·PM·PO 실무자 채용,36,4,20260718,20260828,4,경력 5년 이상,기간제,제주특별자치도,학력무관,"글로벌 사업 조직에서 제품 로드맵·프로젝트 실행을 담당할 PL·PM·PO를 모집합니다. 이 포지션은 현장의 요구를 실행 가능한 계획과 결과물로 연결하는 역할입니다.

담당 범위는 백로그·일정·리스크를 바탕으로 기준을 수립하고, 우선순위에 따라 과제를 실행하며 품질과 일정을 함께 관리하는 것입니다.

기획·전략 조직의 동료와 재무·영업·개발·운영 등 유관 부서, 필요한 경우 외부 파트너와 협업해 의사결정에 필요한 정보를 정리합니다.

이슈가 발생하면 사실과 데이터를 먼저 확인하고 원인을 구분한 뒤, 대안을 비교해 합의된 조치를 실행하고 재발 방지 내용을 문서화합니다.

입사 초기에는 기존 자료와 업무 흐름을 파악하고 Jira·Confluence 환경을 익힌 뒤, 담당 영역의 개선 과제와 표준화 작업을 단계적으로 주도합니다.

성과는 결과물의 정확성, 일정 준수, 이해관계자와의 명확한 소통, 사용자와 사업에 미치는 영향을 기준으로 평가합니다.","- 백로그·일정·리스크 수집·정리 및 핵심 이슈 분석
- Jira·Confluence를 활용한 업무 산출물 작성과 버전 관리
- 요구사항을 세부 과제와 일정으로 구체화하고 진행 현황 관리
- 유관 부서 및 외부 파트너와 기준·일정·결과물 조율
- 검토 회의 운영과 의사결정 근거·변경 이력 문서화
- 성과지표 설정 및 결과 데이터 분석을 통한 개선안 제안
- 업무상 리스크 사전 점검과 문제 발생 시 원인 분석·후속 조치
- 재사용 가능한 체크리스트·가이드·템플릿 정비","- 제품 로드맵·프로젝트 실행 관련 지식 또는 프로젝트·실무 경험을 보유한 분
- 백로그·일정·리스크를 정확히 해석하고 업무 문서로 구조화할 수 있는 분
- Jira·Confluence 중 직무에 필요한 도구를 실무에 적용할 수 있는 분
- 유관 부서와 쟁점을 명확히 설명하고 일정에 맞춰 협업할 수 있는 분
- 문제 원인을 근거에 따라 분석하고 실행 가능한 대안을 제시할 수 있는 분
- 업무상 취급하는 개인정보와 기밀정보를 안전하게 관리할 수 있는 분","- 정보처리기사 보유자
- CSM 보유자
- PMP 보유자
- 제품 로드맵·프로젝트 실행 관련 프로젝트를 기획부터 결과 검토까지 수행한 경험
- Jira·Confluence를 활용해 반복 업무를 개선하거나 품질 기준을 정립한 경험","- 지원 자격 또는 필수 면허 요건을 충족하지 못한 경우
- 전형 과정에서 타인의 결과물을 무단 사용한 경우
- 채용검진 결과 담당 업무 수행이 곤란한 경우
- 관계 법령상 취업이 제한되는 경우",서류전형 > 실무면접 > 최종면접
PL·PM·PO 전문인력 모집,67,4,20260923,20261106,7,경력,정규직,서울특별시,전문학사 이상,"연구개발 중심 조직에서 제품 로드맵·프로젝트 실행을 담당할 PL·PM·PO를 모집합니다. 이 포지션은 현장의 요구를 실행 가능한 계획과 결과물로 연결하는 역할입니다.

담당 범위는 백로그·일정·리스크를 바탕으로 기준을 수립하고, 우선순위에 따라 과제를 실행하며 품질과 일정을 함께 관리하는 것입니다.

기획·전략 조직의 동료와 재무·영업·개발·운영 등 유관 부서, 필요한 경우 외부 파트너와 협업해 의사결정에 필요한 정보를 정리합니다.

이슈가 발생하면 사실과 데이터를 먼저 확인하고 원인을 구분한 뒤, 대안을 비교해 합의된 조치를 실행하고 재발 방지 내용을 문서화합니다.

입사 초기에는 기존 자료와 업무 흐름을 파악하고 Jira·Confluence 환경을 익힌 뒤, 담당 영역의 개선 과제와 표준화 작업을 단계적으로 주도합니다.

성과는 결과물의 정확성, 일정 준수, 이해관계자와의 명확한 소통, 사용자와 사업에 미치는 영향을 기준으로 평가합니다.","- Jira·Confluence를 활용한 업무 산출물 작성과 버전 관리
- 요구사항을 세부 과제와 일정으로 구체화하고 진행 현황 관리
- 유관 부서 및 외부 파트너와 기준·일정·결과물 조율
- 검토 회의 운영과 의사결정 근거·변경 이력 문서화
- 성과지표 설정 및 결과 데이터 분석을 통한 개선안 제안
- 업무상 리스크 사전 점검과 문제 발생 시 원인 분석·후속 조치
- 재사용 가능한 체크리스트·가이드·템플릿 정비
- 고객 또는 내부 사용자의 피드백을 반영한 결과물 품질 개선
- 제품 로드맵·프로젝트 실행 관련 연간·분기 실행계획 수립","- 제품 로드맵·프로젝트 실행 관련 지식 또는 프로젝트·실무 경험을 보유한 분
- 백로그·일정·리스크를 정확히 해석하고 업무 문서로 구조화할 수 있는 분
- Jira·Confluence 중 직무에 필요한 도구를 실무에 적용할 수 있는 분
- 유관 부서와 쟁점을 명확히 설명하고 일정에 맞춰 협업할 수 있는 분
- 문제 원인을 근거에 따라 분석하고 실행 가능한 대안을 제시할 수 있는 분
- 업무상 취급하는 개인정보와 기밀정보를 안전하게 관리할 수 있는 분
- PL·PM·PO 또는 유사 분야의 경력 실무 경험을 보유한 분","- CSM 보유자
- PMP 보유자
- 정보처리기사 보유자
- 제품 로드맵·프로젝트 실행 관련 프로젝트를 기획부터 결과 검토까지 수행한 경험
- Jira·Confluence를 활용해 반복 업무를 개선하거나 품질 기준을 정립한 경험
- 외부 파트너 또는 다양한 이해관계자와 복잡한 요구사항을 조율한 경험","- 지원서 또는 제출서류를 허위로 기재한 경우
- 채용 과정에서 부정한 방법을 사용한 경우
- 채용검진 결과 직무 수행이 어렵다고 판단되는 경우
- 관련 법령 또는 내부 인사규정상 채용이 불가능한 경우",서류전형 > 인성검사 > 실무면접 > 최종면접
PL·PM·PO 인재 채용,55,4,20261105,20261116,10,신입·경력,계약직,경기도,학사 이상,"플랫폼 운영 조직에서 제품 로드맵·프로젝트 실행을 담당할 PL·PM·PO를 모집합니다. 이 포지션은 현장의 요구를 실행 가능한 계획과 결과물로 연결하는 역할입니다.

담당 범위는 백로그·일정·리스크를 바탕으로 기준을 수립하고, 우선순위에 따라 과제를 실행하며 품질과 일정을 함께 관리하는 것입니다.

기획·전략 조직의 동료와 재무·영업·개발·운영 등 유관 부서, 필요한 경우 외부 파트너와 협업해 의사결정에 필요한 정보를 정리합니다.

이슈가 발생하면 사실과 데이터를 먼저 확인하고 원인을 구분한 뒤, 대안을 비교해 합의된 조치를 실행하고 재발 방지 내용을 문서화합니다.

입사 초기에는 기존 자료와 업무 흐름을 파악하고 Jira·Confluence 환경을 익힌 뒤, 담당 영역의 개선 과제와 표준화 작업을 단계적으로 주도합니다.

성과는 결과물의 정확성, 일정 준수, 이해관계자와의 명확한 소통, 사용자와 사업에 미치는 영향을 기준으로 평가합니다.","- 요구사항을 세부 과제와 일정으로 구체화하고 진행 현황 관리
- 유관 부서 및 외부 파트너와 기준·일정·결과물 조율
- 검토 회의 운영과 의사결정 근거·변경 이력 문서화
- 성과지표 설정 및 결과 데이터 분석을 통한 개선안 제안
- 업무상 리스크 사전 점검과 문제 발생 시 원인 분석·후속 조치
- 재사용 가능한 체크리스트·가이드·템플릿 정비
- 고객 또는 내부 사용자의 피드백을 반영한 결과물 품질 개선","- 제품 로드맵·프로젝트 실행 관련 지식 또는 프로젝트·실무 경험을 보유한 분
- 백로그·일정·리스크를 정확히 해석하고 업무 문서로 구조화할 수 있는 분
- Jira·Confluence 중 직무에 필요한 도구를 실무에 적용할 수 있는 분
- 유관 부서와 쟁점을 명확히 설명하고 일정에 맞춰 협업할 수 있는 분
- 문제 원인을 근거에 따라 분석하고 실행 가능한 대안을 제시할 수 있는 분","- PMP 보유자
- 정보처리기사 보유자
- CSM 보유자
- 제품 로드맵·프로젝트 실행 관련 프로젝트를 기획부터 결과 검토까지 수행한 경험","- 제출한 경력·자격 증빙이 사실과 다른 경우
- 정해진 기한까지 필수 증빙서류를 제출하지 않은 경우
- 해외여행 및 근무에 결격사유가 있는 경우
- 채용 관련 비밀유지 의무를 위반한 경우",서류전형 > 직무과제 > 실무면접 > 처우협의
PL·PM·PO 공개채용,36,4,20260210,20260224,13,경력 2년 이상,정규직,인천광역시,학사 이상,"브랜드 사업 조직에서 제품 로드맵·프로젝트 실행을 담당할 PL·PM·PO를 모집합니다. 이 포지션은 현장의 요구를 실행 가능한 계획과 결과물로 연결하는 역할입니다.

담당 범위는 백로그·일정·리스크를 바탕으로 기준을 수립하고, 우선순위에 따라 과제를 실행하며 품질과 일정을 함께 관리하는 것입니다.

기획·전략 조직의 동료와 재무·영업·개발·운영 등 유관 부서, 필요한 경우 외부 파트너와 협업해 의사결정에 필요한 정보를 정리합니다.

이슈가 발생하면 사실과 데이터를 먼저 확인하고 원인을 구분한 뒤, 대안을 비교해 합의된 조치를 실행하고 재발 방지 내용을 문서화합니다.

입사 초기에는 기존 자료와 업무 흐름을 파악하고 Jira·Confluence 환경을 익힌 뒤, 담당 영역의 개선 과제와 표준화 작업을 단계적으로 주도합니다.

성과는 결과물의 정확성, 일정 준수, 이해관계자와의 명확한 소통, 사용자와 사업에 미치는 영향을 기준으로 평가합니다.","- 유관 부서 및 외부 파트너와 기준·일정·결과물 조율
- 검토 회의 운영과 의사결정 근거·변경 이력 문서화
- 성과지표 설정 및 결과 데이터 분석을 통한 개선안 제안
- 업무상 리스크 사전 점검과 문제 발생 시 원인 분석·후속 조치
- 재사용 가능한 체크리스트·가이드·템플릿 정비
- 고객 또는 내부 사용자의 피드백을 반영한 결과물 품질 개선
- 제품 로드맵·프로젝트 실행 관련 연간·분기 실행계획 수립
- 백로그·일정·리스크 수집·정리 및 핵심 이슈 분석","- 제품 로드맵·프로젝트 실행 관련 지식 또는 프로젝트·실무 경험을 보유한 분
- 백로그·일정·리스크를 정확히 해석하고 업무 문서로 구조화할 수 있는 분
- Jira·Confluence 중 직무에 필요한 도구를 실무에 적용할 수 있는 분
- 유관 부서와 쟁점을 명확히 설명하고 일정에 맞춰 협업할 수 있는 분
- 문제 원인을 근거에 따라 분석하고 실행 가능한 대안을 제시할 수 있는 분
- 업무상 취급하는 개인정보와 기밀정보를 안전하게 관리할 수 있는 분","- 정보처리기사 보유자
- CSM 보유자
- PMP 보유자
- 제품 로드맵·프로젝트 실행 관련 프로젝트를 기획부터 결과 검토까지 수행한 경험
- Jira·Confluence를 활용해 반복 업무를 개선하거나 품질 기준을 정립한 경험","- 지원 자격 또는 필수 면허 요건을 충족하지 못한 경우
- 전형 과정에서 타인의 결과물을 무단 사용한 경우
- 채용검진 결과 담당 업무 수행이 곤란한 경우
- 관계 법령상 취업이 제한되는 경우",서류전형 > 1차면접 > 2차면접 > 채용검진
PL·PM·PO 프로젝트 담당 모집,77,4,20260415,20260502,16,경력 3년 이상,무기계약직,대전광역시,석사 이상,"지역 기반 전문기관에서 제품 로드맵·프로젝트 실행을 담당할 PL·PM·PO를 모집합니다. 이 포지션은 현장의 요구를 실행 가능한 계획과 결과물로 연결하는 역할입니다.

담당 범위는 백로그·일정·리스크를 바탕으로 기준을 수립하고, 우선순위에 따라 과제를 실행하며 품질과 일정을 함께 관리하는 것입니다.

기획·전략 조직의 동료와 재무·영업·개발·운영 등 유관 부서, 필요한 경우 외부 파트너와 협업해 의사결정에 필요한 정보를 정리합니다.

이슈가 발생하면 사실과 데이터를 먼저 확인하고 원인을 구분한 뒤, 대안을 비교해 합의된 조치를 실행하고 재발 방지 내용을 문서화합니다.

입사 초기에는 기존 자료와 업무 흐름을 파악하고 Jira·Confluence 환경을 익힌 뒤, 담당 영역의 개선 과제와 표준화 작업을 단계적으로 주도합니다.

성과는 결과물의 정확성, 일정 준수, 이해관계자와의 명확한 소통, 사용자와 사업에 미치는 영향을 기준으로 평가합니다.","- 검토 회의 운영과 의사결정 근거·변경 이력 문서화
- 성과지표 설정 및 결과 데이터 분석을 통한 개선안 제안
- 업무상 리스크 사전 점검과 문제 발생 시 원인 분석·후속 조치
- 재사용 가능한 체크리스트·가이드·템플릿 정비
- 고객 또는 내부 사용자의 피드백을 반영한 결과물 품질 개선
- 제품 로드맵·프로젝트 실행 관련 연간·분기 실행계획 수립
- 백로그·일정·리스크 수집·정리 및 핵심 이슈 분석
- Jira·Confluence를 활용한 업무 산출물 작성과 버전 관리
- 요구사항을 세부 과제와 일정으로 구체화하고 진행 현황 관리","- 제품 로드맵·프로젝트 실행 관련 지식 또는 프로젝트·실무 경험을 보유한 분
- 백로그·일정·리스크를 정확히 해석하고 업무 문서로 구조화할 수 있는 분
- Jira·Confluence 중 직무에 필요한 도구를 실무에 적용할 수 있는 분
- 유관 부서와 쟁점을 명확히 설명하고 일정에 맞춰 협업할 수 있는 분
- 문제 원인을 근거에 따라 분석하고 실행 가능한 대안을 제시할 수 있는 분
- 업무상 취급하는 개인정보와 기밀정보를 안전하게 관리할 수 있는 분
- PL·PM·PO 또는 유사 분야의 3년 이상 실무 경험을 보유한 분","- CSM 보유자
- PMP 보유자
- 정보처리기사 보유자
- 제품 로드맵·프로젝트 실행 관련 프로젝트를 기획부터 결과 검토까지 수행한 경험
- Jira·Confluence를 활용해 반복 업무를 개선하거나 품질 기준을 정립한 경험
- 외부 파트너 또는 다양한 이해관계자와 복잡한 요구사항을 조율한 경험","- 지원서 또는 제출서류를 허위로 기재한 경우
- 채용 과정에서 부정한 방법을 사용한 경우
- 채용검진 결과 직무 수행이 어렵다고 판단되는 경우
- 관련 법령 또는 내부 인사규정상 채용이 불가능한 경우",서류전형 > 필기전형 > 면접전형 > 최종합격
PL·PM·PO 운영 담당자 채용,152,4,20260620,20260710,19,신입,정규직,부산광역시,학력무관,"디지털 서비스 조직에서 제품 로드맵·프로젝트 실행을 담당할 PL·PM·PO를 모집합니다. 이 포지션은 현장의 요구를 실행 가능한 계획과 결과물로 연결하는 역할입니다.

담당 범위는 백로그·일정·리스크를 바탕으로 기준을 수립하고, 우선순위에 따라 과제를 실행하며 품질과 일정을 함께 관리하는 것입니다.

기획·전략 조직의 동료와 재무·영업·개발·운영 등 유관 부서, 필요한 경우 외부 파트너와 협업해 의사결정에 필요한 정보를 정리합니다.

이슈가 발생하면 사실과 데이터를 먼저 확인하고 원인을 구분한 뒤, 대안을 비교해 합의된 조치를 실행하고 재발 방지 내용을 문서화합니다.

입사 초기에는 기존 자료와 업무 흐름을 파악하고 Jira·Confluence 환경을 익힌 뒤, 담당 영역의 개선 과제와 표준화 작업을 단계적으로 주도합니다.

성과는 결과물의 정확성, 일정 준수, 이해관계자와의 명확한 소통, 사용자와 사업에 미치는 영향을 기준으로 평가합니다.","- 성과지표 설정 및 결과 데이터 분석을 통한 개선안 제안
- 업무상 리스크 사전 점검과 문제 발생 시 원인 분석·후속 조치
- 재사용 가능한 체크리스트·가이드·템플릿 정비
- 고객 또는 내부 사용자의 피드백을 반영한 결과물 품질 개선
- 제품 로드맵·프로젝트 실행 관련 연간·분기 실행계획 수립
- 백로그·일정·리스크 수집·정리 및 핵심 이슈 분석
- Jira·Confluence를 활용한 업무 산출물 작성과 버전 관리","- 제품 로드맵·프로젝트 실행 관련 지식 또는 프로젝트·실무 경험을 보유한 분
- 백로그·일정·리스크를 정확히 해석하고 업무 문서로 구조화할 수 있는 분
- Jira·Confluence 중 직무에 필요한 도구를 실무에 적용할 수 있는 분
- 유관 부서와 쟁점을 명확히 설명하고 일정에 맞춰 협업할 수 있는 분
- 문제 원인을 근거에 따라 분석하고 실행 가능한 대안을 제시할 수 있는 분","- PMP 보유자
- 정보처리기사 보유자
- CSM 보유자
- 제품 로드맵·프로젝트 실행 관련 프로젝트를 기획부터 결과 검토까지 수행한 경험","- 제출한 경력·자격 증빙이 사실과 다른 경우
- 정해진 기한까지 필수 증빙서류를 제출하지 않은 경우
- 해외여행 및 근무에 결격사유가 있는 경우
- 채용 관련 비밀유지 의무를 위반한 경우",서류전형 > 실무면접 > 최종면접
PL·PM·PO 핵심인재 모집,0,4,20260802,20260825,2,경력 2년 이상,계약직,광주광역시,전문학사 이상,"성장 단계 스타트업에서 제품 로드맵·프로젝트 실행을 담당할 PL·PM·PO를 모집합니다. 이 포지션은 현장의 요구를 실행 가능한 계획과 결과물로 연결하는 역할입니다.

담당 범위는 백로그·일정·리스크를 바탕으로 기준을 수립하고, 우선순위에 따라 과제를 실행하며 품질과 일정을 함께 관리하는 것입니다.

기획·전략 조직의 동료와 재무·영업·개발·운영 등 유관 부서, 필요한 경우 외부 파트너와 협업해 의사결정에 필요한 정보를 정리합니다.

이슈가 발생하면 사실과 데이터를 먼저 확인하고 원인을 구분한 뒤, 대안을 비교해 합의된 조치를 실행하고 재발 방지 내용을 문서화합니다.

입사 초기에는 기존 자료와 업무 흐름을 파악하고 Jira·Confluence 환경을 익힌 뒤, 담당 영역의 개선 과제와 표준화 작업을 단계적으로 주도합니다.

성과는 결과물의 정확성, 일정 준수, 이해관계자와의 명확한 소통, 사용자와 사업에 미치는 영향을 기준으로 평가합니다.","- 업무상 리스크 사전 점검과 문제 발생 시 원인 분석·후속 조치
- 재사용 가능한 체크리스트·가이드·템플릿 정비
- 고객 또는 내부 사용자의 피드백을 반영한 결과물 품질 개선
- 제품 로드맵·프로젝트 실행 관련 연간·분기 실행계획 수립
- 백로그·일정·리스크 수집·정리 및 핵심 이슈 분석
- Jira·Confluence를 활용한 업무 산출물 작성과 버전 관리
- 요구사항을 세부 과제와 일정으로 구체화하고 진행 현황 관리
- 유관 부서 및 외부 파트너와 기준·일정·결과물 조율","- 제품 로드맵·프로젝트 실행 관련 지식 또는 프로젝트·실무 경험을 보유한 분
- 백로그·일정·리스크를 정확히 해석하고 업무 문서로 구조화할 수 있는 분
- Jira·Confluence 중 직무에 필요한 도구를 실무에 적용할 수 있는 분
- 유관 부서와 쟁점을 명확히 설명하고 일정에 맞춰 협업할 수 있는 분
- 문제 원인을 근거에 따라 분석하고 실행 가능한 대안을 제시할 수 있는 분
- 업무상 취급하는 개인정보와 기밀정보를 안전하게 관리할 수 있는 분","- 정보처리기사 보유자
- CSM 보유자
- PMP 보유자
- 제품 로드맵·프로젝트 실행 관련 프로젝트를 기획부터 결과 검토까지 수행한 경험
- Jira·Confluence를 활용해 반복 업무를 개선하거나 품질 기준을 정립한 경험","- 지원 자격 또는 필수 면허 요건을 충족하지 못한 경우
- 전형 과정에서 타인의 결과물을 무단 사용한 경우
- 채용검진 결과 담당 업무 수행이 곤란한 경우
- 관계 법령상 취업이 제한되는 경우",서류전형 > 인성검사 > 실무면접 > 최종면접
PL·PM·PO 전문가 채용,131,4,20261007,20261102,5,신입·경력,정규직,세종특별자치시,학사 이상,"중견기업 전략 조직에서 제품 로드맵·프로젝트 실행을 담당할 PL·PM·PO를 모집합니다. 이 포지션은 현장의 요구를 실행 가능한 계획과 결과물로 연결하는 역할입니다.

담당 범위는 백로그·일정·리스크를 바탕으로 기준을 수립하고, 우선순위에 따라 과제를 실행하며 품질과 일정을 함께 관리하는 것입니다.

기획·전략 조직의 동료와 재무·영업·개발·운영 등 유관 부서, 필요한 경우 외부 파트너와 협업해 의사결정에 필요한 정보를 정리합니다.

이슈가 발생하면 사실과 데이터를 먼저 확인하고 원인을 구분한 뒤, 대안을 비교해 합의된 조치를 실행하고 재발 방지 내용을 문서화합니다.

입사 초기에는 기존 자료와 업무 흐름을 파악하고 Jira·Confluence 환경을 익힌 뒤, 담당 영역의 개선 과제와 표준화 작업을 단계적으로 주도합니다.

성과는 결과물의 정확성, 일정 준수, 이해관계자와의 명확한 소통, 사용자와 사업에 미치는 영향을 기준으로 평가합니다.","- 재사용 가능한 체크리스트·가이드·템플릿 정비
- 고객 또는 내부 사용자의 피드백을 반영한 결과물 품질 개선
- 제품 로드맵·프로젝트 실행 관련 연간·분기 실행계획 수립
- 백로그·일정·리스크 수집·정리 및 핵심 이슈 분석
- Jira·Confluence를 활용한 업무 산출물 작성과 버전 관리
- 요구사항을 세부 과제와 일정으로 구체화하고 진행 현황 관리
- 유관 부서 및 외부 파트너와 기준·일정·결과물 조율
- 검토 회의 운영과 의사결정 근거·변경 이력 문서화
- 성과지표 설정 및 결과 데이터 분석을 통한 개선안 제안","- 제품 로드맵·프로젝트 실행 관련 지식 또는 프로젝트·실무 경험을 보유한 분
- 백로그·일정·리스크를 정확히 해석하고 업무 문서로 구조화할 수 있는 분
- Jira·Confluence 중 직무에 필요한 도구를 실무에 적용할 수 있는 분
- 유관 부서와 쟁점을 명확히 설명하고 일정에 맞춰 협업할 수 있는 분
- 문제 원인을 근거에 따라 분석하고 실행 가능한 대안을 제시할 수 있는 분
- 업무상 취급하는 개인정보와 기밀정보를 안전하게 관리할 수 있는 분
- PL·PM·PO 또는 유사 분야의 신입·경력 실무 경험을 보유한 분","- CSM 보유자
- PMP 보유자
- 정보처리기사 보유자
- 제품 로드맵·프로젝트 실행 관련 프로젝트를 기획부터 결과 검토까지 수행한 경험
- Jira·Confluence를 활용해 반복 업무를 개선하거나 품질 기준을 정립한 경험
- 외부 파트너 또는 다양한 이해관계자와 복잡한 요구사항을 조율한 경험","- 지원서 또는 제출서류를 허위로 기재한 경우
- 채용 과정에서 부정한 방법을 사용한 경우
- 채용검진 결과 직무 수행이 어렵다고 판단되는 경우
- 관련 법령 또는 내부 인사규정상 채용이 불가능한 경우",서류전형 > 직무과제 > 실무면접 > 처우협의
PL·PM·PO 신규 인력 모집,113,4,20260112,20260210,8,경력 3년 이상,무기계약직,충청남도,학사 이상,"공공서비스 운영기관에서 제품 로드맵·프로젝트 실행을 담당할 PL·PM·PO를 모집합니다. 이 포지션은 현장의 요구를 실행 가능한 계획과 결과물로 연결하는 역할입니다.

담당 범위는 백로그·일정·리스크를 바탕으로 기준을 수립하고, 우선순위에 따라 과제를 실행하며 품질과 일정을 함께 관리하는 것입니다.

기획·전략 조직의 동료와 재무·영업·개발·운영 등 유관 부서, 필요한 경우 외부 파트너와 협업해 의사결정에 필요한 정보를 정리합니다.

이슈가 발생하면 사실과 데이터를 먼저 확인하고 원인을 구분한 뒤, 대안을 비교해 합의된 조치를 실행하고 재발 방지 내용을 문서화합니다.

입사 초기에는 기존 자료와 업무 흐름을 파악하고 Jira·Confluence 환경을 익힌 뒤, 담당 영역의 개선 과제와 표준화 작업을 단계적으로 주도합니다.

성과는 결과물의 정확성, 일정 준수, 이해관계자와의 명확한 소통, 사용자와 사업에 미치는 영향을 기준으로 평가합니다.","- 고객 또는 내부 사용자의 피드백을 반영한 결과물 품질 개선
- 제품 로드맵·프로젝트 실행 관련 연간·분기 실행계획 수립
- 백로그·일정·리스크 수집·정리 및 핵심 이슈 분석
- Jira·Confluence를 활용한 업무 산출물 작성과 버전 관리
- 요구사항을 세부 과제와 일정으로 구체화하고 진행 현황 관리
- 유관 부서 및 외부 파트너와 기준·일정·결과물 조율
- 검토 회의 운영과 의사결정 근거·변경 이력 문서화","- 제품 로드맵·프로젝트 실행 관련 지식 또는 프로젝트·실무 경험을 보유한 분
- 백로그·일정·리스크를 정확히 해석하고 업무 문서로 구조화할 수 있는 분
- Jira·Confluence 중 직무에 필요한 도구를 실무에 적용할 수 있는 분
- 유관 부서와 쟁점을 명확히 설명하고 일정에 맞춰 협업할 수 있는 분
- 문제 원인을 근거에 따라 분석하고 실행 가능한 대안을 제시할 수 있는 분","- PMP 보유자
- 정보처리기사 보유자
- CSM 보유자
- 제품 로드맵·프로젝트 실행 관련 프로젝트를 기획부터 결과 검토까지 수행한 경험","- 제출한 경력·자격 증빙이 사실과 다른 경우
- 정해진 기한까지 필수 증빙서류를 제출하지 않은 경우
- 해외여행 및 근무에 결격사유가 있는 경우
- 채용 관련 비밀유지 의무를 위반한 경우",서류전형 > 1차면접 > 2차면접 > 채용검진
컨설턴트 담당자 모집,29,5,20260616,20260731,6,경력 5년 이상,기간제,서울특별시,학력무관,"글로벌 사업 조직에서 경영 진단·개선 과제를 담당할 컨설턴트를 모집합니다. 이 포지션은 현장의 요구를 실행 가능한 계획과 결과물로 연결하는 역할입니다.

담당 범위는 인터뷰·프로세스·재무 데이터를 바탕으로 기준을 수립하고, 우선순위에 따라 과제를 실행하며 품질과 일정을 함께 관리하는 것입니다.

기획·전략 조직의 동료와 재무·영업·개발·운영 등 유관 부서, 필요한 경우 외부 파트너와 협업해 의사결정에 필요한 정보를 정리합니다.

이슈가 발생하면 사실과 데이터를 먼저 확인하고 원인을 구분한 뒤, 대안을 비교해 합의된 조치를 실행하고 재발 방지 내용을 문서화합니다.

입사 초기에는 기존 자료와 업무 흐름을 파악하고 Excel·PowerPoint 환경을 익힌 뒤, 담당 영역의 개선 과제와 표준화 작업을 단계적으로 주도합니다.

성과는 결과물의 정확성, 일정 준수, 이해관계자와의 명확한 소통, 사용자와 사업에 미치는 영향을 기준으로 평가합니다.","- 경영 진단·개선 과제 관련 연간·분기 실행계획 수립
- 인터뷰·프로세스·재무 데이터 수집·정리 및 핵심 이슈 분석
- Excel·PowerPoint를 활용한 업무 산출물 작성과 버전 관리
- 요구사항을 세부 과제와 일정으로 구체화하고 진행 현황 관리
- 유관 부서 및 외부 파트너와 기준·일정·결과물 조율
- 검토 회의 운영과 의사결정 근거·변경 이력 문서화
- 성과지표 설정 및 결과 데이터 분석을 통한 개선안 제안","- 경영 진단·개선 과제 관련 지식 또는 프로젝트·실무 경험을 보유한 분
- 인터뷰·프로세스·재무 데이터를 정확히 해석하고 업무 문서로 구조화할 수 있는 분
- Excel·PowerPoint 중 직무에 필요한 도구를 실무에 적용할 수 있는 분
- 유관 부서와 쟁점을 명확히 설명하고 일정에 맞춰 협업할 수 있는 분
- 문제 원인을 근거에 따라 분석하고 실행 가능한 대안을 제시할 수 있는 분","- 경영지도사 보유자
- PMP 보유자
- ADsP 보유자
- 경영 진단·개선 과제 관련 프로젝트를 기획부터 결과 검토까지 수행한 경험","- 지원 자격 또는 필수 면허 요건을 충족하지 못한 경우
- 전형 과정에서 타인의 결과물을 무단 사용한 경우
- 채용검진 결과 담당 업무 수행이 곤란한 경우
- 관계 법령상 취업이 제한되는 경우",서류전형 > 실무면접 > 최종면접
컨설턴트 실무자 채용,7,5,20260821,20260902,9,경력,정규직,경기도,전문학사 이상,"연구개발 중심 조직에서 경영 진단·개선 과제를 담당할 컨설턴트를 모집합니다. 이 포지션은 현장의 요구를 실행 가능한 계획과 결과물로 연결하는 역할입니다.

담당 범위는 인터뷰·프로세스·재무 데이터를 바탕으로 기준을 수립하고, 우선순위에 따라 과제를 실행하며 품질과 일정을 함께 관리하는 것입니다.

기획·전략 조직의 동료와 재무·영업·개발·운영 등 유관 부서, 필요한 경우 외부 파트너와 협업해 의사결정에 필요한 정보를 정리합니다.

이슈가 발생하면 사실과 데이터를 먼저 확인하고 원인을 구분한 뒤, 대안을 비교해 합의된 조치를 실행하고 재발 방지 내용을 문서화합니다.

입사 초기에는 기존 자료와 업무 흐름을 파악하고 Excel·PowerPoint 환경을 익힌 뒤, 담당 영역의 개선 과제와 표준화 작업을 단계적으로 주도합니다.

성과는 결과물의 정확성, 일정 준수, 이해관계자와의 명확한 소통, 사용자와 사업에 미치는 영향을 기준으로 평가합니다.","- 인터뷰·프로세스·재무 데이터 수집·정리 및 핵심 이슈 분석
- Excel·PowerPoint를 활용한 업무 산출물 작성과 버전 관리
- 요구사항을 세부 과제와 일정으로 구체화하고 진행 현황 관리
- 유관 부서 및 외부 파트너와 기준·일정·결과물 조율
- 검토 회의 운영과 의사결정 근거·변경 이력 문서화
- 성과지표 설정 및 결과 데이터 분석을 통한 개선안 제안
- 업무상 리스크 사전 점검과 문제 발생 시 원인 분석·후속 조치
- 재사용 가능한 체크리스트·가이드·템플릿 정비","- 경영 진단·개선 과제 관련 지식 또는 프로젝트·실무 경험을 보유한 분
- 인터뷰·프로세스·재무 데이터를 정확히 해석하고 업무 문서로 구조화할 수 있는 분
- Excel·PowerPoint 중 직무에 필요한 도구를 실무에 적용할 수 있는 분
- 유관 부서와 쟁점을 명확히 설명하고 일정에 맞춰 협업할 수 있는 분
- 문제 원인을 근거에 따라 분석하고 실행 가능한 대안을 제시할 수 있는 분
- 업무상 취급하는 개인정보와 기밀정보를 안전하게 관리할 수 있는 분","- PMP 보유자
- ADsP 보유자
- 경영지도사 보유자
- 경영 진단·개선 과제 관련 프로젝트를 기획부터 결과 검토까지 수행한 경험
- Excel·PowerPoint를 활용해 반복 업무를 개선하거나 품질 기준을 정립한 경험","- 지원서 또는 제출서류를 허위로 기재한 경우
- 채용 과정에서 부정한 방법을 사용한 경우
- 채용검진 결과 직무 수행이 어렵다고 판단되는 경우
- 관련 법령 또는 내부 인사규정상 채용이 불가능한 경우",서류전형 > 인성검사 > 실무면접 > 최종면접
컨설턴트 전문인력 모집,85,5,20261003,20261018,12,신입·경력,계약직,인천광역시,학사 이상,"플랫폼 운영 조직에서 경영 진단·개선 과제를 담당할 컨설턴트를 모집합니다. 이 포지션은 현장의 요구를 실행 가능한 계획과 결과물로 연결하는 역할입니다.

담당 범위는 인터뷰·프로세스·재무 데이터를 바탕으로 기준을 수립하고, 우선순위에 따라 과제를 실행하며 품질과 일정을 함께 관리하는 것입니다.

기획·전략 조직의 동료와 재무·영업·개발·운영 등 유관 부서, 필요한 경우 외부 파트너와 협업해 의사결정에 필요한 정보를 정리합니다.

이슈가 발생하면 사실과 데이터를 먼저 확인하고 원인을 구분한 뒤, 대안을 비교해 합의된 조치를 실행하고 재발 방지 내용을 문서화합니다.

입사 초기에는 기존 자료와 업무 흐름을 파악하고 Excel·PowerPoint 환경을 익힌 뒤, 담당 영역의 개선 과제와 표준화 작업을 단계적으로 주도합니다.

성과는 결과물의 정확성, 일정 준수, 이해관계자와의 명확한 소통, 사용자와 사업에 미치는 영향을 기준으로 평가합니다.","- Excel·PowerPoint를 활용한 업무 산출물 작성과 버전 관리
- 요구사항을 세부 과제와 일정으로 구체화하고 진행 현황 관리
- 유관 부서 및 외부 파트너와 기준·일정·결과물 조율
- 검토 회의 운영과 의사결정 근거·변경 이력 문서화
- 성과지표 설정 및 결과 데이터 분석을 통한 개선안 제안
- 업무상 리스크 사전 점검과 문제 발생 시 원인 분석·후속 조치
- 재사용 가능한 체크리스트·가이드·템플릿 정비
- 고객 또는 내부 사용자의 피드백을 반영한 결과물 품질 개선
- 경영 진단·개선 과제 관련 연간·분기 실행계획 수립","- 경영 진단·개선 과제 관련 지식 또는 프로젝트·실무 경험을 보유한 분
- 인터뷰·프로세스·재무 데이터를 정확히 해석하고 업무 문서로 구조화할 수 있는 분
- Excel·PowerPoint 중 직무에 필요한 도구를 실무에 적용할 수 있는 분
- 유관 부서와 쟁점을 명확히 설명하고 일정에 맞춰 협업할 수 있는 분
- 문제 원인을 근거에 따라 분석하고 실행 가능한 대안을 제시할 수 있는 분
- 업무상 취급하는 개인정보와 기밀정보를 안전하게 관리할 수 있는 분
- 컨설턴트 또는 유사 분야의 신입·경력 실무 경험을 보유한 분","- ADsP 보유자
- 경영지도사 보유자
- PMP 보유자
- 경영 진단·개선 과제 관련 프로젝트를 기획부터 결과 검토까지 수행한 경험
- Excel·PowerPoint를 활용해 반복 업무를 개선하거나 품질 기준을 정립한 경험
- 외부 파트너 또는 다양한 이해관계자와 복잡한 요구사항을 조율한 경험","- 제출한 경력·자격 증빙이 사실과 다른 경우
- 정해진 기한까지 필수 증빙서류를 제출하지 않은 경우
- 해외여행 및 근무에 결격사유가 있는 경우
- 채용 관련 비밀유지 의무를 위반한 경우",서류전형 > 직무과제 > 실무면접 > 처우협의
컨설턴트 인재 채용,58,5,20260108,20260126,15,경력 2년 이상,정규직,대전광역시,학사 이상,"브랜드 사업 조직에서 경영 진단·개선 과제를 담당할 컨설턴트를 모집합니다. 이 포지션은 현장의 요구를 실행 가능한 계획과 결과물로 연결하는 역할입니다.

담당 범위는 인터뷰·프로세스·재무 데이터를 바탕으로 기준을 수립하고, 우선순위에 따라 과제를 실행하며 품질과 일정을 함께 관리하는 것입니다.

기획·전략 조직의 동료와 재무·영업·개발·운영 등 유관 부서, 필요한 경우 외부 파트너와 협업해 의사결정에 필요한 정보를 정리합니다.

이슈가 발생하면 사실과 데이터를 먼저 확인하고 원인을 구분한 뒤, 대안을 비교해 합의된 조치를 실행하고 재발 방지 내용을 문서화합니다.

입사 초기에는 기존 자료와 업무 흐름을 파악하고 Excel·PowerPoint 환경을 익힌 뒤, 담당 영역의 개선 과제와 표준화 작업을 단계적으로 주도합니다.

성과는 결과물의 정확성, 일정 준수, 이해관계자와의 명확한 소통, 사용자와 사업에 미치는 영향을 기준으로 평가합니다.","- 요구사항을 세부 과제와 일정으로 구체화하고 진행 현황 관리
- 유관 부서 및 외부 파트너와 기준·일정·결과물 조율
- 검토 회의 운영과 의사결정 근거·변경 이력 문서화
- 성과지표 설정 및 결과 데이터 분석을 통한 개선안 제안
- 업무상 리스크 사전 점검과 문제 발생 시 원인 분석·후속 조치
- 재사용 가능한 체크리스트·가이드·템플릿 정비
- 고객 또는 내부 사용자의 피드백을 반영한 결과물 품질 개선","- 경영 진단·개선 과제 관련 지식 또는 프로젝트·실무 경험을 보유한 분
- 인터뷰·프로세스·재무 데이터를 정확히 해석하고 업무 문서로 구조화할 수 있는 분
- Excel·PowerPoint 중 직무에 필요한 도구를 실무에 적용할 수 있는 분
- 유관 부서와 쟁점을 명확히 설명하고 일정에 맞춰 협업할 수 있는 분
- 문제 원인을 근거에 따라 분석하고 실행 가능한 대안을 제시할 수 있는 분","- 경영지도사 보유자
- PMP 보유자
- ADsP 보유자
- 경영 진단·개선 과제 관련 프로젝트를 기획부터 결과 검토까지 수행한 경험","- 지원 자격 또는 필수 면허 요건을 충족하지 못한 경우
- 전형 과정에서 타인의 결과물을 무단 사용한 경우
- 채용검진 결과 담당 업무 수행이 곤란한 경우
- 관계 법령상 취업이 제한되는 경우",서류전형 > 1차면접 > 2차면접 > 채용검진
컨설턴트 공개채용,46,5,20260313,20260403,18,경력 3년 이상,무기계약직,부산광역시,석사 이상,"지역 기반 전문기관에서 경영 진단·개선 과제를 담당할 컨설턴트를 모집합니다. 이 포지션은 현장의 요구를 실행 가능한 계획과 결과물로 연결하는 역할입니다.

담당 범위는 인터뷰·프로세스·재무 데이터를 바탕으로 기준을 수립하고, 우선순위에 따라 과제를 실행하며 품질과 일정을 함께 관리하는 것입니다.

기획·전략 조직의 동료와 재무·영업·개발·운영 등 유관 부서, 필요한 경우 외부 파트너와 협업해 의사결정에 필요한 정보를 정리합니다.

이슈가 발생하면 사실과 데이터를 먼저 확인하고 원인을 구분한 뒤, 대안을 비교해 합의된 조치를 실행하고 재발 방지 내용을 문서화합니다.

입사 초기에는 기존 자료와 업무 흐름을 파악하고 Excel·PowerPoint 환경을 익힌 뒤, 담당 영역의 개선 과제와 표준화 작업을 단계적으로 주도합니다.

성과는 결과물의 정확성, 일정 준수, 이해관계자와의 명확한 소통, 사용자와 사업에 미치는 영향을 기준으로 평가합니다.","- 유관 부서 및 외부 파트너와 기준·일정·결과물 조율
- 검토 회의 운영과 의사결정 근거·변경 이력 문서화
- 성과지표 설정 및 결과 데이터 분석을 통한 개선안 제안
- 업무상 리스크 사전 점검과 문제 발생 시 원인 분석·후속 조치
- 재사용 가능한 체크리스트·가이드·템플릿 정비
- 고객 또는 내부 사용자의 피드백을 반영한 결과물 품질 개선
- 경영 진단·개선 과제 관련 연간·분기 실행계획 수립
- 인터뷰·프로세스·재무 데이터 수집·정리 및 핵심 이슈 분석","- 경영 진단·개선 과제 관련 지식 또는 프로젝트·실무 경험을 보유한 분
- 인터뷰·프로세스·재무 데이터를 정확히 해석하고 업무 문서로 구조화할 수 있는 분
- Excel·PowerPoint 중 직무에 필요한 도구를 실무에 적용할 수 있는 분
- 유관 부서와 쟁점을 명확히 설명하고 일정에 맞춰 협업할 수 있는 분
- 문제 원인을 근거에 따라 분석하고 실행 가능한 대안을 제시할 수 있는 분
- 업무상 취급하는 개인정보와 기밀정보를 안전하게 관리할 수 있는 분","- PMP 보유자
- ADsP 보유자
- 경영지도사 보유자
- 경영 진단·개선 과제 관련 프로젝트를 기획부터 결과 검토까지 수행한 경험
- Excel·PowerPoint를 활용해 반복 업무를 개선하거나 품질 기준을 정립한 경험","- 지원서 또는 제출서류를 허위로 기재한 경우
- 채용 과정에서 부정한 방법을 사용한 경우
- 채용검진 결과 직무 수행이 어렵다고 판단되는 경우
- 관련 법령 또는 내부 인사규정상 채용이 불가능한 경우",서류전형 > 필기전형 > 면접전형 > 최종합격
컨설턴트 프로젝트 담당 모집,33,5,20260518,20260611,1,신입,정규직,광주광역시,학력무관,"디지털 서비스 조직에서 경영 진단·개선 과제를 담당할 컨설턴트를 모집합니다. 이 포지션은 현장의 요구를 실행 가능한 계획과 결과물로 연결하는 역할입니다.

담당 범위는 인터뷰·프로세스·재무 데이터를 바탕으로 기준을 수립하고, 우선순위에 따라 과제를 실행하며 품질과 일정을 함께 관리하는 것입니다.

기획·전략 조직의 동료와 재무·영업·개발·운영 등 유관 부서, 필요한 경우 외부 파트너와 협업해 의사결정에 필요한 정보를 정리합니다.

이슈가 발생하면 사실과 데이터를 먼저 확인하고 원인을 구분한 뒤, 대안을 비교해 합의된 조치를 실행하고 재발 방지 내용을 문서화합니다.

입사 초기에는 기존 자료와 업무 흐름을 파악하고 Excel·PowerPoint 환경을 익힌 뒤, 담당 영역의 개선 과제와 표준화 작업을 단계적으로 주도합니다.

성과는 결과물의 정확성, 일정 준수, 이해관계자와의 명확한 소통, 사용자와 사업에 미치는 영향을 기준으로 평가합니다.","- 검토 회의 운영과 의사결정 근거·변경 이력 문서화
- 성과지표 설정 및 결과 데이터 분석을 통한 개선안 제안
- 업무상 리스크 사전 점검과 문제 발생 시 원인 분석·후속 조치
- 재사용 가능한 체크리스트·가이드·템플릿 정비
- 고객 또는 내부 사용자의 피드백을 반영한 결과물 품질 개선
- 경영 진단·개선 과제 관련 연간·분기 실행계획 수립
- 인터뷰·프로세스·재무 데이터 수집·정리 및 핵심 이슈 분석
- Excel·PowerPoint를 활용한 업무 산출물 작성과 버전 관리
- 요구사항을 세부 과제와 일정으로 구체화하고 진행 현황 관리","- 경영 진단·개선 과제 관련 지식 또는 프로젝트·실무 경험을 보유한 분
- 인터뷰·프로세스·재무 데이터를 정확히 해석하고 업무 문서로 구조화할 수 있는 분
- Excel·PowerPoint 중 직무에 필요한 도구를 실무에 적용할 수 있는 분
- 유관 부서와 쟁점을 명확히 설명하고 일정에 맞춰 협업할 수 있는 분
- 문제 원인을 근거에 따라 분석하고 실행 가능한 대안을 제시할 수 있는 분
- 업무상 취급하는 개인정보와 기밀정보를 안전하게 관리할 수 있는 분
- 새로운 업무 기준과 도구를 빠르게 학습할 수 있는 분","- ADsP 보유자
- 경영지도사 보유자
- PMP 보유자
- 경영 진단·개선 과제 관련 프로젝트를 기획부터 결과 검토까지 수행한 경험
- Excel·PowerPoint를 활용해 반복 업무를 개선하거나 품질 기준을 정립한 경험
- 외부 파트너 또는 다양한 이해관계자와 복잡한 요구사항을 조율한 경험","- 제출한 경력·자격 증빙이 사실과 다른 경우
- 정해진 기한까지 필수 증빙서류를 제출하지 않은 경우
- 해외여행 및 근무에 결격사유가 있는 경우
- 채용 관련 비밀유지 의무를 위반한 경우",서류전형 > 실무면접 > 최종면접
컨설턴트 운영 담당자 채용,8,5,20260723,20260819,4,경력 2년 이상,계약직,세종특별자치시,전문학사 이상,"성장 단계 스타트업에서 경영 진단·개선 과제를 담당할 컨설턴트를 모집합니다. 이 포지션은 현장의 요구를 실행 가능한 계획과 결과물로 연결하는 역할입니다.

담당 범위는 인터뷰·프로세스·재무 데이터를 바탕으로 기준을 수립하고, 우선순위에 따라 과제를 실행하며 품질과 일정을 함께 관리하는 것입니다.

기획·전략 조직의 동료와 재무·영업·개발·운영 등 유관 부서, 필요한 경우 외부 파트너와 협업해 의사결정에 필요한 정보를 정리합니다.

이슈가 발생하면 사실과 데이터를 먼저 확인하고 원인을 구분한 뒤, 대안을 비교해 합의된 조치를 실행하고 재발 방지 내용을 문서화합니다.

입사 초기에는 기존 자료와 업무 흐름을 파악하고 Excel·PowerPoint 환경을 익힌 뒤, 담당 영역의 개선 과제와 표준화 작업을 단계적으로 주도합니다.

성과는 결과물의 정확성, 일정 준수, 이해관계자와의 명확한 소통, 사용자와 사업에 미치는 영향을 기준으로 평가합니다.","- 성과지표 설정 및 결과 데이터 분석을 통한 개선안 제안
- 업무상 리스크 사전 점검과 문제 발생 시 원인 분석·후속 조치
- 재사용 가능한 체크리스트·가이드·템플릿 정비
- 고객 또는 내부 사용자의 피드백을 반영한 결과물 품질 개선
- 경영 진단·개선 과제 관련 연간·분기 실행계획 수립
- 인터뷰·프로세스·재무 데이터 수집·정리 및 핵심 이슈 분석
- Excel·PowerPoint를 활용한 업무 산출물 작성과 버전 관리","- 경영 진단·개선 과제 관련 지식 또는 프로젝트·실무 경험을 보유한 분
- 인터뷰·프로세스·재무 데이터를 정확히 해석하고 업무 문서로 구조화할 수 있는 분
- Excel·PowerPoint 중 직무에 필요한 도구를 실무에 적용할 수 있는 분
- 유관 부서와 쟁점을 명확히 설명하고 일정에 맞춰 협업할 수 있는 분
- 문제 원인을 근거에 따라 분석하고 실행 가능한 대안을 제시할 수 있는 분","- 경영지도사 보유자
- PMP 보유자
- ADsP 보유자
- 경영 진단·개선 과제 관련 프로젝트를 기획부터 결과 검토까지 수행한 경험","- 지원 자격 또는 필수 면허 요건을 충족하지 못한 경우
- 전형 과정에서 타인의 결과물을 무단 사용한 경우
- 채용검진 결과 담당 업무 수행이 곤란한 경우
- 관계 법령상 취업이 제한되는 경우",서류전형 > 인성검사 > 실무면접 > 최종면접
컨설턴트 핵심인재 모집,24,5,20260905,20261005,7,신입·경력,정규직,충청남도,학사 이상,"중견기업 전략 조직에서 경영 진단·개선 과제를 담당할 컨설턴트를 모집합니다. 이 포지션은 현장의 요구를 실행 가능한 계획과 결과물로 연결하는 역할입니다.

담당 범위는 인터뷰·프로세스·재무 데이터를 바탕으로 기준을 수립하고, 우선순위에 따라 과제를 실행하며 품질과 일정을 함께 관리하는 것입니다.

기획·전략 조직의 동료와 재무·영업·개발·운영 등 유관 부서, 필요한 경우 외부 파트너와 협업해 의사결정에 필요한 정보를 정리합니다.

이슈가 발생하면 사실과 데이터를 먼저 확인하고 원인을 구분한 뒤, 대안을 비교해 합의된 조치를 실행하고 재발 방지 내용을 문서화합니다.

입사 초기에는 기존 자료와 업무 흐름을 파악하고 Excel·PowerPoint 환경을 익힌 뒤, 담당 영역의 개선 과제와 표준화 작업을 단계적으로 주도합니다.

성과는 결과물의 정확성, 일정 준수, 이해관계자와의 명확한 소통, 사용자와 사업에 미치는 영향을 기준으로 평가합니다.","- 업무상 리스크 사전 점검과 문제 발생 시 원인 분석·후속 조치
- 재사용 가능한 체크리스트·가이드·템플릿 정비
- 고객 또는 내부 사용자의 피드백을 반영한 결과물 품질 개선
- 경영 진단·개선 과제 관련 연간·분기 실행계획 수립
- 인터뷰·프로세스·재무 데이터 수집·정리 및 핵심 이슈 분석
- Excel·PowerPoint를 활용한 업무 산출물 작성과 버전 관리
- 요구사항을 세부 과제와 일정으로 구체화하고 진행 현황 관리
- 유관 부서 및 외부 파트너와 기준·일정·결과물 조율","- 경영 진단·개선 과제 관련 지식 또는 프로젝트·실무 경험을 보유한 분
- 인터뷰·프로세스·재무 데이터를 정확히 해석하고 업무 문서로 구조화할 수 있는 분
- Excel·PowerPoint 중 직무에 필요한 도구를 실무에 적용할 수 있는 분
- 유관 부서와 쟁점을 명확히 설명하고 일정에 맞춰 협업할 수 있는 분
- 문제 원인을 근거에 따라 분석하고 실행 가능한 대안을 제시할 수 있는 분
- 업무상 취급하는 개인정보와 기밀정보를 안전하게 관리할 수 있는 분","- PMP 보유자
- ADsP 보유자
- 경영지도사 보유자
- 경영 진단·개선 과제 관련 프로젝트를 기획부터 결과 검토까지 수행한 경험
- Excel·PowerPoint를 활용해 반복 업무를 개선하거나 품질 기준을 정립한 경험","- 지원서 또는 제출서류를 허위로 기재한 경우
- 채용 과정에서 부정한 방법을 사용한 경우
- 채용검진 결과 직무 수행이 어렵다고 판단되는 경우
- 관련 법령 또는 내부 인사규정상 채용이 불가능한 경우",서류전형 > 직무과제 > 실무면접 > 처우협의
컨설턴트 전문가 채용,95,5,20261110,20261213,10,경력 3년 이상,무기계약직,경상남도,학사 이상,"공공서비스 운영기관에서 경영 진단·개선 과제를 담당할 컨설턴트를 모집합니다. 이 포지션은 현장의 요구를 실행 가능한 계획과 결과물로 연결하는 역할입니다.

담당 범위는 인터뷰·프로세스·재무 데이터를 바탕으로 기준을 수립하고, 우선순위에 따라 과제를 실행하며 품질과 일정을 함께 관리하는 것입니다.

기획·전략 조직의 동료와 재무·영업·개발·운영 등 유관 부서, 필요한 경우 외부 파트너와 협업해 의사결정에 필요한 정보를 정리합니다.

이슈가 발생하면 사실과 데이터를 먼저 확인하고 원인을 구분한 뒤, 대안을 비교해 합의된 조치를 실행하고 재발 방지 내용을 문서화합니다.

입사 초기에는 기존 자료와 업무 흐름을 파악하고 Excel·PowerPoint 환경을 익힌 뒤, 담당 영역의 개선 과제와 표준화 작업을 단계적으로 주도합니다.

성과는 결과물의 정확성, 일정 준수, 이해관계자와의 명확한 소통, 사용자와 사업에 미치는 영향을 기준으로 평가합니다.","- 재사용 가능한 체크리스트·가이드·템플릿 정비
- 고객 또는 내부 사용자의 피드백을 반영한 결과물 품질 개선
- 경영 진단·개선 과제 관련 연간·분기 실행계획 수립
- 인터뷰·프로세스·재무 데이터 수집·정리 및 핵심 이슈 분석
- Excel·PowerPoint를 활용한 업무 산출물 작성과 버전 관리
- 요구사항을 세부 과제와 일정으로 구체화하고 진행 현황 관리
- 유관 부서 및 외부 파트너와 기준·일정·결과물 조율
- 검토 회의 운영과 의사결정 근거·변경 이력 문서화
- 성과지표 설정 및 결과 데이터 분석을 통한 개선안 제안","- 경영 진단·개선 과제 관련 지식 또는 프로젝트·실무 경험을 보유한 분
- 인터뷰·프로세스·재무 데이터를 정확히 해석하고 업무 문서로 구조화할 수 있는 분
- Excel·PowerPoint 중 직무에 필요한 도구를 실무에 적용할 수 있는 분
- 유관 부서와 쟁점을 명확히 설명하고 일정에 맞춰 협업할 수 있는 분
- 문제 원인을 근거에 따라 분석하고 실행 가능한 대안을 제시할 수 있는 분
- 업무상 취급하는 개인정보와 기밀정보를 안전하게 관리할 수 있는 분
- 컨설턴트 또는 유사 분야의 3년 이상 실무 경험을 보유한 분","- ADsP 보유자
- 경영지도사 보유자
- PMP 보유자
- 경영 진단·개선 과제 관련 프로젝트를 기획부터 결과 검토까지 수행한 경험
- Excel·PowerPoint를 활용해 반복 업무를 개선하거나 품질 기준을 정립한 경험
- 외부 파트너 또는 다양한 이해관계자와 복잡한 요구사항을 조율한 경험","- 제출한 경력·자격 증빙이 사실과 다른 경우
- 정해진 기한까지 필수 증빙서류를 제출하지 않은 경우
- 해외여행 및 근무에 결격사유가 있는 경우
- 채용 관련 비밀유지 의무를 위반한 경우",서류전형 > 1차면접 > 2차면접 > 채용검진
컨설턴트 신규 인력 모집,132,5,20260215,20260323,13,경력 무관,정규직,제주특별자치도,석사 이상,"전문 컨설팅 조직에서 경영 진단·개선 과제를 담당할 컨설턴트를 모집합니다. 이 포지션은 현장의 요구를 실행 가능한 계획과 결과물로 연결하는 역할입니다.

담당 범위는 인터뷰·프로세스·재무 데이터를 바탕으로 기준을 수립하고, 우선순위에 따라 과제를 실행하며 품질과 일정을 함께 관리하는 것입니다.

기획·전략 조직의 동료와 재무·영업·개발·운영 등 유관 부서, 필요한 경우 외부 파트너와 협업해 의사결정에 필요한 정보를 정리합니다.

이슈가 발생하면 사실과 데이터를 먼저 확인하고 원인을 구분한 뒤, 대안을 비교해 합의된 조치를 실행하고 재발 방지 내용을 문서화합니다.

입사 초기에는 기존 자료와 업무 흐름을 파악하고 Excel·PowerPoint 환경을 익힌 뒤, 담당 영역의 개선 과제와 표준화 작업을 단계적으로 주도합니다.

성과는 결과물의 정확성, 일정 준수, 이해관계자와의 명확한 소통, 사용자와 사업에 미치는 영향을 기준으로 평가합니다.","- 고객 또는 내부 사용자의 피드백을 반영한 결과물 품질 개선
- 경영 진단·개선 과제 관련 연간·분기 실행계획 수립
- 인터뷰·프로세스·재무 데이터 수집·정리 및 핵심 이슈 분석
- Excel·PowerPoint를 활용한 업무 산출물 작성과 버전 관리
- 요구사항을 세부 과제와 일정으로 구체화하고 진행 현황 관리
- 유관 부서 및 외부 파트너와 기준·일정·결과물 조율
- 검토 회의 운영과 의사결정 근거·변경 이력 문서화","- 경영 진단·개선 과제 관련 지식 또는 프로젝트·실무 경험을 보유한 분
- 인터뷰·프로세스·재무 데이터를 정확히 해석하고 업무 문서로 구조화할 수 있는 분
- Excel·PowerPoint 중 직무에 필요한 도구를 실무에 적용할 수 있는 분
- 유관 부서와 쟁점을 명확히 설명하고 일정에 맞춰 협업할 수 있는 분
- 문제 원인을 근거에 따라 분석하고 실행 가능한 대안을 제시할 수 있는 분","- 경영지도사 보유자
- PMP 보유자
- ADsP 보유자
- 경영 진단·개선 과제 관련 프로젝트를 기획부터 결과 검토까지 수행한 경험","- 지원 자격 또는 필수 면허 요건을 충족하지 못한 경우
- 전형 과정에서 타인의 결과물을 무단 사용한 경우
- 채용검진 결과 담당 업무 수행이 곤란한 경우
- 관계 법령상 취업이 제한되는 경우",서류전형 > 필기전형 > 면접전형 > 최종합격
CEO·COO·CTO 담당자 모집,132,6,20260719,20260804,11,경력,정규직,인천광역시,전문학사 이상,"연구개발 중심 조직에서 전사 전략·운영 체계를 담당할 CEO·COO·CTO를 모집합니다. 이 포지션은 현장의 요구를 실행 가능한 계획과 결과물로 연결하는 역할입니다.

담당 범위는 사업 포트폴리오·핵심지표를 바탕으로 기준을 수립하고, 우선순위에 따라 과제를 실행하며 품질과 일정을 함께 관리하는 것입니다.

기획·전략 조직의 동료와 재무·영업·개발·운영 등 유관 부서, 필요한 경우 외부 파트너와 협업해 의사결정에 필요한 정보를 정리합니다.

이슈가 발생하면 사실과 데이터를 먼저 확인하고 원인을 구분한 뒤, 대안을 비교해 합의된 조치를 실행하고 재발 방지 내용을 문서화합니다.

입사 초기에는 기존 자료와 업무 흐름을 파악하고 ERP·BI 환경을 익힌 뒤, 담당 영역의 개선 과제와 표준화 작업을 단계적으로 주도합니다.

성과는 결과물의 정확성, 일정 준수, 이해관계자와의 명확한 소통, 사용자와 사업에 미치는 영향을 기준으로 평가합니다.","- 전사 전략·운영 체계 관련 연간·분기 실행계획 수립
- 사업 포트폴리오·핵심지표 수집·정리 및 핵심 이슈 분석
- ERP·BI를 활용한 업무 산출물 작성과 버전 관리
- 요구사항을 세부 과제와 일정으로 구체화하고 진행 현황 관리
- 유관 부서 및 외부 파트너와 기준·일정·결과물 조율
- 검토 회의 운영과 의사결정 근거·변경 이력 문서화
- 성과지표 설정 및 결과 데이터 분석을 통한 개선안 제안","- 전사 전략·운영 체계 관련 지식 또는 프로젝트·실무 경험을 보유한 분
- 사업 포트폴리오·핵심지표를 정확히 해석하고 업무 문서로 구조화할 수 있는 분
- ERP·BI 중 직무에 필요한 도구를 실무에 적용할 수 있는 분
- 유관 부서와 쟁점을 명확히 설명하고 일정에 맞춰 협업할 수 있는 분
- 문제 원인을 근거에 따라 분석하고 실행 가능한 대안을 제시할 수 있는 분","- PMP 보유자
- 경영지도사 보유자
- CFA Level 1 보유자
- 전사 전략·운영 체계 관련 프로젝트를 기획부터 결과 검토까지 수행한 경험","- 지원서 또는 제출서류를 허위로 기재한 경우
- 채용 과정에서 부정한 방법을 사용한 경우
- 채용검진 결과 직무 수행이 어렵다고 판단되는 경우
- 관련 법령 또는 내부 인사규정상 채용이 불가능한 경우",서류전형 > 인성검사 > 실무면접 > 최종면접
CEO·COO·CTO 실무자 채용,27,6,20260901,20260920,14,신입·경력,계약직,대전광역시,학사 이상,"플랫폼 운영 조직에서 전사 전략·운영 체계를 담당할 CEO·COO·CTO를 모집합니다. 이 포지션은 현장의 요구를 실행 가능한 계획과 결과물로 연결하는 역할입니다.

담당 범위는 사업 포트폴리오·핵심지표를 바탕으로 기준을 수립하고, 우선순위에 따라 과제를 실행하며 품질과 일정을 함께 관리하는 것입니다.

기획·전략 조직의 동료와 재무·영업·개발·운영 등 유관 부서, 필요한 경우 외부 파트너와 협업해 의사결정에 필요한 정보를 정리합니다.

이슈가 발생하면 사실과 데이터를 먼저 확인하고 원인을 구분한 뒤, 대안을 비교해 합의된 조치를 실행하고 재발 방지 내용을 문서화합니다.

입사 초기에는 기존 자료와 업무 흐름을 파악하고 ERP·BI 환경을 익힌 뒤, 담당 영역의 개선 과제와 표준화 작업을 단계적으로 주도합니다.

성과는 결과물의 정확성, 일정 준수, 이해관계자와의 명확한 소통, 사용자와 사업에 미치는 영향을 기준으로 평가합니다.","- 사업 포트폴리오·핵심지표 수집·정리 및 핵심 이슈 분석
- ERP·BI를 활용한 업무 산출물 작성과 버전 관리
- 요구사항을 세부 과제와 일정으로 구체화하고 진행 현황 관리
- 유관 부서 및 외부 파트너와 기준·일정·결과물 조율
- 검토 회의 운영과 의사결정 근거·변경 이력 문서화
- 성과지표 설정 및 결과 데이터 분석을 통한 개선안 제안
- 업무상 리스크 사전 점검과 문제 발생 시 원인 분석·후속 조치
- 재사용 가능한 체크리스트·가이드·템플릿 정비","- 전사 전략·운영 체계 관련 지식 또는 프로젝트·실무 경험을 보유한 분
- 사업 포트폴리오·핵심지표를 정확히 해석하고 업무 문서로 구조화할 수 있는 분
- ERP·BI 중 직무에 필요한 도구를 실무에 적용할 수 있는 분
- 유관 부서와 쟁점을 명확히 설명하고 일정에 맞춰 협업할 수 있는 분
- 문제 원인을 근거에 따라 분석하고 실행 가능한 대안을 제시할 수 있는 분
- 업무상 취급하는 개인정보와 기밀정보를 안전하게 관리할 수 있는 분","- 경영지도사 보유자
- CFA Level 1 보유자
- PMP 보유자
- 전사 전략·운영 체계 관련 프로젝트를 기획부터 결과 검토까지 수행한 경험
- ERP·BI를 활용해 반복 업무를 개선하거나 품질 기준을 정립한 경험","- 제출한 경력·자격 증빙이 사실과 다른 경우
- 정해진 기한까지 필수 증빙서류를 제출하지 않은 경우
- 해외여행 및 근무에 결격사유가 있는 경우
- 채용 관련 비밀유지 의무를 위반한 경우",서류전형 > 직무과제 > 실무면접 > 처우협의
CEO·COO·CTO 전문인력 모집,22,6,20261106,20261128,17,경력 2년 이상,정규직,부산광역시,학사 이상,"브랜드 사업 조직에서 전사 전략·운영 체계를 담당할 CEO·COO·CTO를 모집합니다. 이 포지션은 현장의 요구를 실행 가능한 계획과 결과물로 연결하는 역할입니다.

담당 범위는 사업 포트폴리오·핵심지표를 바탕으로 기준을 수립하고, 우선순위에 따라 과제를 실행하며 품질과 일정을 함께 관리하는 것입니다.

기획·전략 조직의 동료와 재무·영업·개발·운영 등 유관 부서, 필요한 경우 외부 파트너와 협업해 의사결정에 필요한 정보를 정리합니다.

이슈가 발생하면 사실과 데이터를 먼저 확인하고 원인을 구분한 뒤, 대안을 비교해 합의된 조치를 실행하고 재발 방지 내용을 문서화합니다.

입사 초기에는 기존 자료와 업무 흐름을 파악하고 ERP·BI 환경을 익힌 뒤, 담당 영역의 개선 과제와 표준화 작업을 단계적으로 주도합니다.

성과는 결과물의 정확성, 일정 준수, 이해관계자와의 명확한 소통, 사용자와 사업에 미치는 영향을 기준으로 평가합니다.","- ERP·BI를 활용한 업무 산출물 작성과 버전 관리
- 요구사항을 세부 과제와 일정으로 구체화하고 진행 현황 관리
- 유관 부서 및 외부 파트너와 기준·일정·결과물 조율
- 검토 회의 운영과 의사결정 근거·변경 이력 문서화
- 성과지표 설정 및 결과 데이터 분석을 통한 개선안 제안
- 업무상 리스크 사전 점검과 문제 발생 시 원인 분석·후속 조치
- 재사용 가능한 체크리스트·가이드·템플릿 정비
- 고객 또는 내부 사용자의 피드백을 반영한 결과물 품질 개선
- 전사 전략·운영 체계 관련 연간·분기 실행계획 수립","- 전사 전략·운영 체계 관련 지식 또는 프로젝트·실무 경험을 보유한 분
- 사업 포트폴리오·핵심지표를 정확히 해석하고 업무 문서로 구조화할 수 있는 분
- ERP·BI 중 직무에 필요한 도구를 실무에 적용할 수 있는 분
- 유관 부서와 쟁점을 명확히 설명하고 일정에 맞춰 협업할 수 있는 분
- 문제 원인을 근거에 따라 분석하고 실행 가능한 대안을 제시할 수 있는 분
- 업무상 취급하는 개인정보와 기밀정보를 안전하게 관리할 수 있는 분
- CEO·COO·CTO 또는 유사 분야의 2년 이상 실무 경험을 보유한 분","- CFA Level 1 보유자
- PMP 보유자
- 경영지도사 보유자
- 전사 전략·운영 체계 관련 프로젝트를 기획부터 결과 검토까지 수행한 경험
- ERP·BI를 활용해 반복 업무를 개선하거나 품질 기준을 정립한 경험
- 외부 파트너 또는 다양한 이해관계자와 복잡한 요구사항을 조율한 경험","- 지원 자격 또는 필수 면허 요건을 충족하지 못한 경우
- 전형 과정에서 타인의 결과물을 무단 사용한 경우
- 채용검진 결과 담당 업무 수행이 곤란한 경우
- 관계 법령상 취업이 제한되는 경우",서류전형 > 1차면접 > 2차면접 > 채용검진
CEO·COO·CTO 인재 채용,110,6,20260211,20260308,20,경력 3년 이상,무기계약직,광주광역시,석사 이상,"지역 기반 전문기관에서 전사 전략·운영 체계를 담당할 CEO·COO·CTO를 모집합니다. 이 포지션은 현장의 요구를 실행 가능한 계획과 결과물로 연결하는 역할입니다.

담당 범위는 사업 포트폴리오·핵심지표를 바탕으로 기준을 수립하고, 우선순위에 따라 과제를 실행하며 품질과 일정을 함께 관리하는 것입니다.

기획·전략 조직의 동료와 재무·영업·개발·운영 등 유관 부서, 필요한 경우 외부 파트너와 협업해 의사결정에 필요한 정보를 정리합니다.

이슈가 발생하면 사실과 데이터를 먼저 확인하고 원인을 구분한 뒤, 대안을 비교해 합의된 조치를 실행하고 재발 방지 내용을 문서화합니다.

입사 초기에는 기존 자료와 업무 흐름을 파악하고 ERP·BI 환경을 익힌 뒤, 담당 영역의 개선 과제와 표준화 작업을 단계적으로 주도합니다.

성과는 결과물의 정확성, 일정 준수, 이해관계자와의 명확한 소통, 사용자와 사업에 미치는 영향을 기준으로 평가합니다.","- 요구사항을 세부 과제와 일정으로 구체화하고 진행 현황 관리
- 유관 부서 및 외부 파트너와 기준·일정·결과물 조율
- 검토 회의 운영과 의사결정 근거·변경 이력 문서화
- 성과지표 설정 및 결과 데이터 분석을 통한 개선안 제안
- 업무상 리스크 사전 점검과 문제 발생 시 원인 분석·후속 조치
- 재사용 가능한 체크리스트·가이드·템플릿 정비
- 고객 또는 내부 사용자의 피드백을 반영한 결과물 품질 개선","- 전사 전략·운영 체계 관련 지식 또는 프로젝트·실무 경험을 보유한 분
- 사업 포트폴리오·핵심지표를 정확히 해석하고 업무 문서로 구조화할 수 있는 분
- ERP·BI 중 직무에 필요한 도구를 실무에 적용할 수 있는 분
- 유관 부서와 쟁점을 명확히 설명하고 일정에 맞춰 협업할 수 있는 분
- 문제 원인을 근거에 따라 분석하고 실행 가능한 대안을 제시할 수 있는 분","- PMP 보유자
- 경영지도사 보유자
- CFA Level 1 보유자
- 전사 전략·운영 체계 관련 프로젝트를 기획부터 결과 검토까지 수행한 경험","- 지원서 또는 제출서류를 허위로 기재한 경우
- 채용 과정에서 부정한 방법을 사용한 경우
- 채용검진 결과 직무 수행이 어렵다고 판단되는 경우
- 관련 법령 또는 내부 인사규정상 채용이 불가능한 경우",서류전형 > 필기전형 > 면접전형 > 최종합격
CEO·COO·CTO 공개채용,29,6,20260416,20260514,3,신입,정규직,세종특별자치시,학력무관,"디지털 서비스 조직에서 전사 전략·운영 체계를 담당할 CEO·COO·CTO를 모집합니다. 이 포지션은 현장의 요구를 실행 가능한 계획과 결과물로 연결하는 역할입니다.

담당 범위는 사업 포트폴리오·핵심지표를 바탕으로 기준을 수립하고, 우선순위에 따라 과제를 실행하며 품질과 일정을 함께 관리하는 것입니다.

기획·전략 조직의 동료와 재무·영업·개발·운영 등 유관 부서, 필요한 경우 외부 파트너와 협업해 의사결정에 필요한 정보를 정리합니다.

이슈가 발생하면 사실과 데이터를 먼저 확인하고 원인을 구분한 뒤, 대안을 비교해 합의된 조치를 실행하고 재발 방지 내용을 문서화합니다.

입사 초기에는 기존 자료와 업무 흐름을 파악하고 ERP·BI 환경을 익힌 뒤, 담당 영역의 개선 과제와 표준화 작업을 단계적으로 주도합니다.

성과는 결과물의 정확성, 일정 준수, 이해관계자와의 명확한 소통, 사용자와 사업에 미치는 영향을 기준으로 평가합니다.","- 유관 부서 및 외부 파트너와 기준·일정·결과물 조율
- 검토 회의 운영과 의사결정 근거·변경 이력 문서화
- 성과지표 설정 및 결과 데이터 분석을 통한 개선안 제안
- 업무상 리스크 사전 점검과 문제 발생 시 원인 분석·후속 조치
- 재사용 가능한 체크리스트·가이드·템플릿 정비
- 고객 또는 내부 사용자의 피드백을 반영한 결과물 품질 개선
- 전사 전략·운영 체계 관련 연간·분기 실행계획 수립
- 사업 포트폴리오·핵심지표 수집·정리 및 핵심 이슈 분석","- 전사 전략·운영 체계 관련 지식 또는 프로젝트·실무 경험을 보유한 분
- 사업 포트폴리오·핵심지표를 정확히 해석하고 업무 문서로 구조화할 수 있는 분
- ERP·BI 중 직무에 필요한 도구를 실무에 적용할 수 있는 분
- 유관 부서와 쟁점을 명확히 설명하고 일정에 맞춰 협업할 수 있는 분
- 문제 원인을 근거에 따라 분석하고 실행 가능한 대안을 제시할 수 있는 분
- 업무상 취급하는 개인정보와 기밀정보를 안전하게 관리할 수 있는 분","- 경영지도사 보유자
- CFA Level 1 보유자
- PMP 보유자
- 전사 전략·운영 체계 관련 프로젝트를 기획부터 결과 검토까지 수행한 경험
- ERP·BI를 활용해 반복 업무를 개선하거나 품질 기준을 정립한 경험","- 제출한 경력·자격 증빙이 사실과 다른 경우
- 정해진 기한까지 필수 증빙서류를 제출하지 않은 경우
- 해외여행 및 근무에 결격사유가 있는 경우
- 채용 관련 비밀유지 의무를 위반한 경우",서류전형 > 실무면접 > 최종면접
CEO·COO·CTO 프로젝트 담당 모집,157,6,20260621,20260722,6,경력 2년 이상,계약직,충청남도,전문학사 이상,"성장 단계 스타트업에서 전사 전략·운영 체계를 담당할 CEO·COO·CTO를 모집합니다. 이 포지션은 현장의 요구를 실행 가능한 계획과 결과물로 연결하는 역할입니다.

담당 범위는 사업 포트폴리오·핵심지표를 바탕으로 기준을 수립하고, 우선순위에 따라 과제를 실행하며 품질과 일정을 함께 관리하는 것입니다.

기획·전략 조직의 동료와 재무·영업·개발·운영 등 유관 부서, 필요한 경우 외부 파트너와 협업해 의사결정에 필요한 정보를 정리합니다.

이슈가 발생하면 사실과 데이터를 먼저 확인하고 원인을 구분한 뒤, 대안을 비교해 합의된 조치를 실행하고 재발 방지 내용을 문서화합니다.

입사 초기에는 기존 자료와 업무 흐름을 파악하고 ERP·BI 환경을 익힌 뒤, 담당 영역의 개선 과제와 표준화 작업을 단계적으로 주도합니다.

성과는 결과물의 정확성, 일정 준수, 이해관계자와의 명확한 소통, 사용자와 사업에 미치는 영향을 기준으로 평가합니다.","- 검토 회의 운영과 의사결정 근거·변경 이력 문서화
- 성과지표 설정 및 결과 데이터 분석을 통한 개선안 제안
- 업무상 리스크 사전 점검과 문제 발생 시 원인 분석·후속 조치
- 재사용 가능한 체크리스트·가이드·템플릿 정비
- 고객 또는 내부 사용자의 피드백을 반영한 결과물 품질 개선
- 전사 전략·운영 체계 관련 연간·분기 실행계획 수립
- 사업 포트폴리오·핵심지표 수집·정리 및 핵심 이슈 분석
- ERP·BI를 활용한 업무 산출물 작성과 버전 관리
- 요구사항을 세부 과제와 일정으로 구체화하고 진행 현황 관리","- 전사 전략·운영 체계 관련 지식 또는 프로젝트·실무 경험을 보유한 분
- 사업 포트폴리오·핵심지표를 정확히 해석하고 업무 문서로 구조화할 수 있는 분
- ERP·BI 중 직무에 필요한 도구를 실무에 적용할 수 있는 분
- 유관 부서와 쟁점을 명확히 설명하고 일정에 맞춰 협업할 수 있는 분
- 문제 원인을 근거에 따라 분석하고 실행 가능한 대안을 제시할 수 있는 분
- 업무상 취급하는 개인정보와 기밀정보를 안전하게 관리할 수 있는 분
- CEO·COO·CTO 또는 유사 분야의 2년 이상 실무 경험을 보유한 분","- CFA Level 1 보유자
- PMP 보유자
- 경영지도사 보유자
- 전사 전략·운영 체계 관련 프로젝트를 기획부터 결과 검토까지 수행한 경험
- ERP·BI를 활용해 반복 업무를 개선하거나 품질 기준을 정립한 경험
- 외부 파트너 또는 다양한 이해관계자와 복잡한 요구사항을 조율한 경험","- 지원 자격 또는 필수 면허 요건을 충족하지 못한 경우
- 전형 과정에서 타인의 결과물을 무단 사용한 경우
- 채용검진 결과 담당 업무 수행이 곤란한 경우
- 관계 법령상 취업이 제한되는 경우",서류전형 > 인성검사 > 실무면접 > 최종면접
CEO·COO·CTO 운영 담당자 채용,144,6,20260803,20260906,9,신입·경력,정규직,경상남도,학사 이상,"중견기업 전략 조직에서 전사 전략·운영 체계를 담당할 CEO·COO·CTO를 모집합니다. 이 포지션은 현장의 요구를 실행 가능한 계획과 결과물로 연결하는 역할입니다.

담당 범위는 사업 포트폴리오·핵심지표를 바탕으로 기준을 수립하고, 우선순위에 따라 과제를 실행하며 품질과 일정을 함께 관리하는 것입니다.

기획·전략 조직의 동료와 재무·영업·개발·운영 등 유관 부서, 필요한 경우 외부 파트너와 협업해 의사결정에 필요한 정보를 정리합니다.

이슈가 발생하면 사실과 데이터를 먼저 확인하고 원인을 구분한 뒤, 대안을 비교해 합의된 조치를 실행하고 재발 방지 내용을 문서화합니다.

입사 초기에는 기존 자료와 업무 흐름을 파악하고 ERP·BI 환경을 익힌 뒤, 담당 영역의 개선 과제와 표준화 작업을 단계적으로 주도합니다.

성과는 결과물의 정확성, 일정 준수, 이해관계자와의 명확한 소통, 사용자와 사업에 미치는 영향을 기준으로 평가합니다.","- 성과지표 설정 및 결과 데이터 분석을 통한 개선안 제안
- 업무상 리스크 사전 점검과 문제 발생 시 원인 분석·후속 조치
- 재사용 가능한 체크리스트·가이드·템플릿 정비
- 고객 또는 내부 사용자의 피드백을 반영한 결과물 품질 개선
- 전사 전략·운영 체계 관련 연간·분기 실행계획 수립
- 사업 포트폴리오·핵심지표 수집·정리 및 핵심 이슈 분석
- ERP·BI를 활용한 업무 산출물 작성과 버전 관리","- 전사 전략·운영 체계 관련 지식 또는 프로젝트·실무 경험을 보유한 분
- 사업 포트폴리오·핵심지표를 정확히 해석하고 업무 문서로 구조화할 수 있는 분
- ERP·BI 중 직무에 필요한 도구를 실무에 적용할 수 있는 분
- 유관 부서와 쟁점을 명확히 설명하고 일정에 맞춰 협업할 수 있는 분
- 문제 원인을 근거에 따라 분석하고 실행 가능한 대안을 제시할 수 있는 분","- PMP 보유자
- 경영지도사 보유자
- CFA Level 1 보유자
- 전사 전략·운영 체계 관련 프로젝트를 기획부터 결과 검토까지 수행한 경험","- 지원서 또는 제출서류를 허위로 기재한 경우
- 채용 과정에서 부정한 방법을 사용한 경우
- 채용검진 결과 직무 수행이 어렵다고 판단되는 경우
- 관련 법령 또는 내부 인사규정상 채용이 불가능한 경우",서류전형 > 직무과제 > 실무면접 > 처우협의
CEO·COO·CTO 핵심인재 모집,21,6,20261008,20261114,12,경력 3년 이상,무기계약직,제주특별자치도,학사 이상,"공공서비스 운영기관에서 전사 전략·운영 체계를 담당할 CEO·COO·CTO를 모집합니다. 이 포지션은 현장의 요구를 실행 가능한 계획과 결과물로 연결하는 역할입니다.

담당 범위는 사업 포트폴리오·핵심지표를 바탕으로 기준을 수립하고, 우선순위에 따라 과제를 실행하며 품질과 일정을 함께 관리하는 것입니다.

기획·전략 조직의 동료와 재무·영업·개발·운영 등 유관 부서, 필요한 경우 외부 파트너와 협업해 의사결정에 필요한 정보를 정리합니다.

이슈가 발생하면 사실과 데이터를 먼저 확인하고 원인을 구분한 뒤, 대안을 비교해 합의된 조치를 실행하고 재발 방지 내용을 문서화합니다.

입사 초기에는 기존 자료와 업무 흐름을 파악하고 ERP·BI 환경을 익힌 뒤, 담당 영역의 개선 과제와 표준화 작업을 단계적으로 주도합니다.

성과는 결과물의 정확성, 일정 준수, 이해관계자와의 명확한 소통, 사용자와 사업에 미치는 영향을 기준으로 평가합니다.","- 업무상 리스크 사전 점검과 문제 발생 시 원인 분석·후속 조치
- 재사용 가능한 체크리스트·가이드·템플릿 정비
- 고객 또는 내부 사용자의 피드백을 반영한 결과물 품질 개선
- 전사 전략·운영 체계 관련 연간·분기 실행계획 수립
- 사업 포트폴리오·핵심지표 수집·정리 및 핵심 이슈 분석
- ERP·BI를 활용한 업무 산출물 작성과 버전 관리
- 요구사항을 세부 과제와 일정으로 구체화하고 진행 현황 관리
- 유관 부서 및 외부 파트너와 기준·일정·결과물 조율","- 전사 전략·운영 체계 관련 지식 또는 프로젝트·실무 경험을 보유한 분
- 사업 포트폴리오·핵심지표를 정확히 해석하고 업무 문서로 구조화할 수 있는 분
- ERP·BI 중 직무에 필요한 도구를 실무에 적용할 수 있는 분
- 유관 부서와 쟁점을 명확히 설명하고 일정에 맞춰 협업할 수 있는 분
- 문제 원인을 근거에 따라 분석하고 실행 가능한 대안을 제시할 수 있는 분
- 업무상 취급하는 개인정보와 기밀정보를 안전하게 관리할 수 있는 분","- 경영지도사 보유자
- CFA Level 1 보유자
- PMP 보유자
- 전사 전략·운영 체계 관련 프로젝트를 기획부터 결과 검토까지 수행한 경험
- ERP·BI를 활용해 반복 업무를 개선하거나 품질 기준을 정립한 경험","- 제출한 경력·자격 증빙이 사실과 다른 경우
- 정해진 기한까지 필수 증빙서류를 제출하지 않은 경우
- 해외여행 및 근무에 결격사유가 있는 경우
- 채용 관련 비밀유지 의무를 위반한 경우",서류전형 > 1차면접 > 2차면접 > 채용검진
CEO·COO·CTO 전문가 채용,24,6,20260113,20260222,15,경력 무관,정규직,서울특별시,석사 이상,"전문 컨설팅 조직에서 전사 전략·운영 체계를 담당할 CEO·COO·CTO를 모집합니다. 이 포지션은 현장의 요구를 실행 가능한 계획과 결과물로 연결하는 역할입니다.

담당 범위는 사업 포트폴리오·핵심지표를 바탕으로 기준을 수립하고, 우선순위에 따라 과제를 실행하며 품질과 일정을 함께 관리하는 것입니다.

기획·전략 조직의 동료와 재무·영업·개발·운영 등 유관 부서, 필요한 경우 외부 파트너와 협업해 의사결정에 필요한 정보를 정리합니다.

이슈가 발생하면 사실과 데이터를 먼저 확인하고 원인을 구분한 뒤, 대안을 비교해 합의된 조치를 실행하고 재발 방지 내용을 문서화합니다.

입사 초기에는 기존 자료와 업무 흐름을 파악하고 ERP·BI 환경을 익힌 뒤, 담당 영역의 개선 과제와 표준화 작업을 단계적으로 주도합니다.

성과는 결과물의 정확성, 일정 준수, 이해관계자와의 명확한 소통, 사용자와 사업에 미치는 영향을 기준으로 평가합니다.","- 재사용 가능한 체크리스트·가이드·템플릿 정비
- 고객 또는 내부 사용자의 피드백을 반영한 결과물 품질 개선
- 전사 전략·운영 체계 관련 연간·분기 실행계획 수립
- 사업 포트폴리오·핵심지표 수집·정리 및 핵심 이슈 분석
- ERP·BI를 활용한 업무 산출물 작성과 버전 관리
- 요구사항을 세부 과제와 일정으로 구체화하고 진행 현황 관리
- 유관 부서 및 외부 파트너와 기준·일정·결과물 조율
- 검토 회의 운영과 의사결정 근거·변경 이력 문서화
- 성과지표 설정 및 결과 데이터 분석을 통한 개선안 제안","- 전사 전략·운영 체계 관련 지식 또는 프로젝트·실무 경험을 보유한 분
- 사업 포트폴리오·핵심지표를 정확히 해석하고 업무 문서로 구조화할 수 있는 분
- ERP·BI 중 직무에 필요한 도구를 실무에 적용할 수 있는 분
- 유관 부서와 쟁점을 명확히 설명하고 일정에 맞춰 협업할 수 있는 분
- 문제 원인을 근거에 따라 분석하고 실행 가능한 대안을 제시할 수 있는 분
- 업무상 취급하는 개인정보와 기밀정보를 안전하게 관리할 수 있는 분
- 새로운 업무 기준과 도구를 빠르게 학습할 수 있는 분","- CFA Level 1 보유자
- PMP 보유자
- 경영지도사 보유자
- 전사 전략·운영 체계 관련 프로젝트를 기획부터 결과 검토까지 수행한 경험
- ERP·BI를 활용해 반복 업무를 개선하거나 품질 기준을 정립한 경험
- 외부 파트너 또는 다양한 이해관계자와 복잡한 요구사항을 조율한 경험","- 지원 자격 또는 필수 면허 요건을 충족하지 못한 경우
- 전형 과정에서 타인의 결과물을 무단 사용한 경우
- 채용검진 결과 담당 업무 수행이 곤란한 경우
- 관계 법령상 취업이 제한되는 경우",서류전형 > 필기전형 > 면접전형 > 최종합격
CEO·COO·CTO 신규 인력 모집,54,6,20260318,20260430,18,경력 5년 이상,기간제,경기도,학력무관,"글로벌 사업 조직에서 전사 전략·운영 체계를 담당할 CEO·COO·CTO를 모집합니다. 이 포지션은 현장의 요구를 실행 가능한 계획과 결과물로 연결하는 역할입니다.

담당 범위는 사업 포트폴리오·핵심지표를 바탕으로 기준을 수립하고, 우선순위에 따라 과제를 실행하며 품질과 일정을 함께 관리하는 것입니다.

기획·전략 조직의 동료와 재무·영업·개발·운영 등 유관 부서, 필요한 경우 외부 파트너와 협업해 의사결정에 필요한 정보를 정리합니다.

이슈가 발생하면 사실과 데이터를 먼저 확인하고 원인을 구분한 뒤, 대안을 비교해 합의된 조치를 실행하고 재발 방지 내용을 문서화합니다.

입사 초기에는 기존 자료와 업무 흐름을 파악하고 ERP·BI 환경을 익힌 뒤, 담당 영역의 개선 과제와 표준화 작업을 단계적으로 주도합니다.

성과는 결과물의 정확성, 일정 준수, 이해관계자와의 명확한 소통, 사용자와 사업에 미치는 영향을 기준으로 평가합니다.","- 고객 또는 내부 사용자의 피드백을 반영한 결과물 품질 개선
- 전사 전략·운영 체계 관련 연간·분기 실행계획 수립
- 사업 포트폴리오·핵심지표 수집·정리 및 핵심 이슈 분석
- ERP·BI를 활용한 업무 산출물 작성과 버전 관리
- 요구사항을 세부 과제와 일정으로 구체화하고 진행 현황 관리
- 유관 부서 및 외부 파트너와 기준·일정·결과물 조율
- 검토 회의 운영과 의사결정 근거·변경 이력 문서화","- 전사 전략·운영 체계 관련 지식 또는 프로젝트·실무 경험을 보유한 분
- 사업 포트폴리오·핵심지표를 정확히 해석하고 업무 문서로 구조화할 수 있는 분
- ERP·BI 중 직무에 필요한 도구를 실무에 적용할 수 있는 분
- 유관 부서와 쟁점을 명확히 설명하고 일정에 맞춰 협업할 수 있는 분
- 문제 원인을 근거에 따라 분석하고 실행 가능한 대안을 제시할 수 있는 분","- PMP 보유자
- 경영지도사 보유자
- CFA Level 1 보유자
- 전사 전략·운영 체계 관련 프로젝트를 기획부터 결과 검토까지 수행한 경험","- 지원서 또는 제출서류를 허위로 기재한 경우
- 채용 과정에서 부정한 방법을 사용한 경우
- 채용검진 결과 직무 수행이 어렵다고 판단되는 경우
- 관련 법령 또는 내부 인사규정상 채용이 불가능한 경우",서류전형 > 실무면접 > 최종면접
AI기획자 담당자 모집,122,7,20260822,20260914,16,신입·경력,계약직,부산광역시,학사 이상,"플랫폼 운영 조직에서 AI 서비스 요구사항·모델 활용 시나리오를 담당할 AI기획자를 모집합니다. 이 포지션은 현장의 요구를 실행 가능한 계획과 결과물로 연결하는 역할입니다.

담당 범위는 데이터·모델 성능·사용자 피드백를 바탕으로 기준을 수립하고, 우선순위에 따라 과제를 실행하며 품질과 일정을 함께 관리하는 것입니다.

기획·전략 조직의 동료와 재무·영업·개발·운영 등 유관 부서, 필요한 경우 외부 파트너와 협업해 의사결정에 필요한 정보를 정리합니다.

이슈가 발생하면 사실과 데이터를 먼저 확인하고 원인을 구분한 뒤, 대안을 비교해 합의된 조치를 실행하고 재발 방지 내용을 문서화합니다.

입사 초기에는 기존 자료와 업무 흐름을 파악하고 Figma·Jira·LLM API 환경을 익힌 뒤, 담당 영역의 개선 과제와 표준화 작업을 단계적으로 주도합니다.

성과는 결과물의 정확성, 일정 준수, 이해관계자와의 명확한 소통, 사용자와 사업에 미치는 영향을 기준으로 평가합니다.","- AI 서비스 요구사항·모델 활용 시나리오 관련 연간·분기 실행계획 수립
- 데이터·모델 성능·사용자 피드백 수집·정리 및 핵심 이슈 분석
- Figma·Jira·LLM API를 활용한 업무 산출물 작성과 버전 관리
- 요구사항을 세부 과제와 일정으로 구체화하고 진행 현황 관리
- 유관 부서 및 외부 파트너와 기준·일정·결과물 조율
- 검토 회의 운영과 의사결정 근거·변경 이력 문서화
- 성과지표 설정 및 결과 데이터 분석을 통한 개선안 제안","- AI 서비스 요구사항·모델 활용 시나리오 관련 지식 또는 프로젝트·실무 경험을 보유한 분
- 데이터·모델 성능·사용자 피드백를 정확히 해석하고 업무 문서로 구조화할 수 있는 분
- Figma·Jira·LLM API 중 직무에 필요한 도구를 실무에 적용할 수 있는 분
- 유관 부서와 쟁점을 명확히 설명하고 일정에 맞춰 협업할 수 있는 분
- 문제 원인을 근거에 따라 분석하고 실행 가능한 대안을 제시할 수 있는 분","- AICE Associate 보유자
- AWS Certified AI Practitioner 보유자
- ADsP 보유자
- AI 서비스 요구사항·모델 활용 시나리오 관련 프로젝트를 기획부터 결과 검토까지 수행한 경험","- 제출한 경력·자격 증빙이 사실과 다른 경우
- 정해진 기한까지 필수 증빙서류를 제출하지 않은 경우
- 해외여행 및 근무에 결격사유가 있는 경우
- 채용 관련 비밀유지 의무를 위반한 경우",서류전형 > 직무과제 > 실무면접 > 처우협의
AI기획자 실무자 채용,57,7,20261004,20261030,19,경력 2년 이상,정규직,광주광역시,학사 이상,"브랜드 사업 조직에서 AI 서비스 요구사항·모델 활용 시나리오를 담당할 AI기획자를 모집합니다. 이 포지션은 현장의 요구를 실행 가능한 계획과 결과물로 연결하는 역할입니다.

담당 범위는 데이터·모델 성능·사용자 피드백를 바탕으로 기준을 수립하고, 우선순위에 따라 과제를 실행하며 품질과 일정을 함께 관리하는 것입니다.

기획·전략 조직의 동료와 재무·영업·개발·운영 등 유관 부서, 필요한 경우 외부 파트너와 협업해 의사결정에 필요한 정보를 정리합니다.

이슈가 발생하면 사실과 데이터를 먼저 확인하고 원인을 구분한 뒤, 대안을 비교해 합의된 조치를 실행하고 재발 방지 내용을 문서화합니다.

입사 초기에는 기존 자료와 업무 흐름을 파악하고 Figma·Jira·LLM API 환경을 익힌 뒤, 담당 영역의 개선 과제와 표준화 작업을 단계적으로 주도합니다.

성과는 결과물의 정확성, 일정 준수, 이해관계자와의 명확한 소통, 사용자와 사업에 미치는 영향을 기준으로 평가합니다.","- 데이터·모델 성능·사용자 피드백 수집·정리 및 핵심 이슈 분석
- Figma·Jira·LLM API를 활용한 업무 산출물 작성과 버전 관리
- 요구사항을 세부 과제와 일정으로 구체화하고 진행 현황 관리
- 유관 부서 및 외부 파트너와 기준·일정·결과물 조율
- 검토 회의 운영과 의사결정 근거·변경 이력 문서화
- 성과지표 설정 및 결과 데이터 분석을 통한 개선안 제안
- 업무상 리스크 사전 점검과 문제 발생 시 원인 분석·후속 조치
- 재사용 가능한 체크리스트·가이드·템플릿 정비","- AI 서비스 요구사항·모델 활용 시나리오 관련 지식 또는 프로젝트·실무 경험을 보유한 분
- 데이터·모델 성능·사용자 피드백를 정확히 해석하고 업무 문서로 구조화할 수 있는 분
- Figma·Jira·LLM API 중 직무에 필요한 도구를 실무에 적용할 수 있는 분
- 유관 부서와 쟁점을 명확히 설명하고 일정에 맞춰 협업할 수 있는 분
- 문제 원인을 근거에 따라 분석하고 실행 가능한 대안을 제시할 수 있는 분
- 업무상 취급하는 개인정보와 기밀정보를 안전하게 관리할 수 있는 분","- AWS Certified AI Practitioner 보유자
- ADsP 보유자
- AICE Associate 보유자
- AI 서비스 요구사항·모델 활용 시나리오 관련 프로젝트를 기획부터 결과 검토까지 수행한 경험
- Figma·Jira·LLM API를 활용해 반복 업무를 개선하거나 품질 기준을 정립한 경험","- 지원 자격 또는 필수 면허 요건을 충족하지 못한 경우
- 전형 과정에서 타인의 결과물을 무단 사용한 경우
- 채용검진 결과 담당 업무 수행이 곤란한 경우
- 관계 법령상 취업이 제한되는 경우",서류전형 > 1차면접 > 2차면접 > 채용검진
AI기획자 전문인력 모집,63,7,20260109,20260207,2,경력 3년 이상,무기계약직,세종특별자치시,석사 이상,"지역 기반 전문기관에서 AI 서비스 요구사항·모델 활용 시나리오를 담당할 AI기획자를 모집합니다. 이 포지션은 현장의 요구를 실행 가능한 계획과 결과물로 연결하는 역할입니다.

담당 범위는 데이터·모델 성능·사용자 피드백를 바탕으로 기준을 수립하고, 우선순위에 따라 과제를 실행하며 품질과 일정을 함께 관리하는 것입니다.

기획·전략 조직의 동료와 재무·영업·개발·운영 등 유관 부서, 필요한 경우 외부 파트너와 협업해 의사결정에 필요한 정보를 정리합니다.

이슈가 발생하면 사실과 데이터를 먼저 확인하고 원인을 구분한 뒤, 대안을 비교해 합의된 조치를 실행하고 재발 방지 내용을 문서화합니다.

입사 초기에는 기존 자료와 업무 흐름을 파악하고 Figma·Jira·LLM API 환경을 익힌 뒤, 담당 영역의 개선 과제와 표준화 작업을 단계적으로 주도합니다.

성과는 결과물의 정확성, 일정 준수, 이해관계자와의 명확한 소통, 사용자와 사업에 미치는 영향을 기준으로 평가합니다.","- Figma·Jira·LLM API를 활용한 업무 산출물 작성과 버전 관리
- 요구사항을 세부 과제와 일정으로 구체화하고 진행 현황 관리
- 유관 부서 및 외부 파트너와 기준·일정·결과물 조율
- 검토 회의 운영과 의사결정 근거·변경 이력 문서화
- 성과지표 설정 및 결과 데이터 분석을 통한 개선안 제안
- 업무상 리스크 사전 점검과 문제 발생 시 원인 분석·후속 조치
- 재사용 가능한 체크리스트·가이드·템플릿 정비
- 고객 또는 내부 사용자의 피드백을 반영한 결과물 품질 개선
- AI 서비스 요구사항·모델 활용 시나리오 관련 연간·분기 실행계획 수립","- AI 서비스 요구사항·모델 활용 시나리오 관련 지식 또는 프로젝트·실무 경험을 보유한 분
- 데이터·모델 성능·사용자 피드백를 정확히 해석하고 업무 문서로 구조화할 수 있는 분
- Figma·Jira·LLM API 중 직무에 필요한 도구를 실무에 적용할 수 있는 분
- 유관 부서와 쟁점을 명확히 설명하고 일정에 맞춰 협업할 수 있는 분
- 문제 원인을 근거에 따라 분석하고 실행 가능한 대안을 제시할 수 있는 분
- 업무상 취급하는 개인정보와 기밀정보를 안전하게 관리할 수 있는 분
- AI기획자 또는 유사 분야의 3년 이상 실무 경험을 보유한 분","- ADsP 보유자
- AICE Associate 보유자
- AWS Certified AI Practitioner 보유자
- AI 서비스 요구사항·모델 활용 시나리오 관련 프로젝트를 기획부터 결과 검토까지 수행한 경험
- Figma·Jira·LLM API를 활용해 반복 업무를 개선하거나 품질 기준을 정립한 경험
- 외부 파트너 또는 다양한 이해관계자와 복잡한 요구사항을 조율한 경험","- 지원서 또는 제출서류를 허위로 기재한 경우
- 채용 과정에서 부정한 방법을 사용한 경우
- 채용검진 결과 직무 수행이 어렵다고 판단되는 경우
- 관련 법령 또는 내부 인사규정상 채용이 불가능한 경우",서류전형 > 필기전형 > 면접전형 > 최종합격
AI기획자 인재 채용,108,7,20260314,20260415,5,신입,정규직,충청남도,학력무관,"디지털 서비스 조직에서 AI 서비스 요구사항·모델 활용 시나리오를 담당할 AI기획자를 모집합니다. 이 포지션은 현장의 요구를 실행 가능한 계획과 결과물로 연결하는 역할입니다.

담당 범위는 데이터·모델 성능·사용자 피드백를 바탕으로 기준을 수립하고, 우선순위에 따라 과제를 실행하며 품질과 일정을 함께 관리하는 것입니다.

기획·전략 조직의 동료와 재무·영업·개발·운영 등 유관 부서, 필요한 경우 외부 파트너와 협업해 의사결정에 필요한 정보를 정리합니다.

이슈가 발생하면 사실과 데이터를 먼저 확인하고 원인을 구분한 뒤, 대안을 비교해 합의된 조치를 실행하고 재발 방지 내용을 문서화합니다.

입사 초기에는 기존 자료와 업무 흐름을 파악하고 Figma·Jira·LLM API 환경을 익힌 뒤, 담당 영역의 개선 과제와 표준화 작업을 단계적으로 주도합니다.

성과는 결과물의 정확성, 일정 준수, 이해관계자와의 명확한 소통, 사용자와 사업에 미치는 영향을 기준으로 평가합니다.","- 요구사항을 세부 과제와 일정으로 구체화하고 진행 현황 관리
- 유관 부서 및 외부 파트너와 기준·일정·결과물 조율
- 검토 회의 운영과 의사결정 근거·변경 이력 문서화
- 성과지표 설정 및 결과 데이터 분석을 통한 개선안 제안
- 업무상 리스크 사전 점검과 문제 발생 시 원인 분석·후속 조치
- 재사용 가능한 체크리스트·가이드·템플릿 정비
- 고객 또는 내부 사용자의 피드백을 반영한 결과물 품질 개선","- AI 서비스 요구사항·모델 활용 시나리오 관련 지식 또는 프로젝트·실무 경험을 보유한 분
- 데이터·모델 성능·사용자 피드백를 정확히 해석하고 업무 문서로 구조화할 수 있는 분
- Figma·Jira·LLM API 중 직무에 필요한 도구를 실무에 적용할 수 있는 분
- 유관 부서와 쟁점을 명확히 설명하고 일정에 맞춰 협업할 수 있는 분
- 문제 원인을 근거에 따라 분석하고 실행 가능한 대안을 제시할 수 있는 분","- AICE Associate 보유자
- AWS Certified AI Practitioner 보유자
- ADsP 보유자
- AI 서비스 요구사항·모델 활용 시나리오 관련 프로젝트를 기획부터 결과 검토까지 수행한 경험","- 제출한 경력·자격 증빙이 사실과 다른 경우
- 정해진 기한까지 필수 증빙서류를 제출하지 않은 경우
- 해외여행 및 근무에 결격사유가 있는 경우
- 채용 관련 비밀유지 의무를 위반한 경우",서류전형 > 실무면접 > 최종면접
AI기획자 공개채용,28,7,20260519,20260623,8,경력 2년 이상,계약직,경상남도,전문학사 이상,"성장 단계 스타트업에서 AI 서비스 요구사항·모델 활용 시나리오를 담당할 AI기획자를 모집합니다. 이 포지션은 현장의 요구를 실행 가능한 계획과 결과물로 연결하는 역할입니다.

담당 범위는 데이터·모델 성능·사용자 피드백를 바탕으로 기준을 수립하고, 우선순위에 따라 과제를 실행하며 품질과 일정을 함께 관리하는 것입니다.

기획·전략 조직의 동료와 재무·영업·개발·운영 등 유관 부서, 필요한 경우 외부 파트너와 협업해 의사결정에 필요한 정보를 정리합니다.

이슈가 발생하면 사실과 데이터를 먼저 확인하고 원인을 구분한 뒤, 대안을 비교해 합의된 조치를 실행하고 재발 방지 내용을 문서화합니다.

입사 초기에는 기존 자료와 업무 흐름을 파악하고 Figma·Jira·LLM API 환경을 익힌 뒤, 담당 영역의 개선 과제와 표준화 작업을 단계적으로 주도합니다.

성과는 결과물의 정확성, 일정 준수, 이해관계자와의 명확한 소통, 사용자와 사업에 미치는 영향을 기준으로 평가합니다.","- 유관 부서 및 외부 파트너와 기준·일정·결과물 조율
- 검토 회의 운영과 의사결정 근거·변경 이력 문서화
- 성과지표 설정 및 결과 데이터 분석을 통한 개선안 제안
- 업무상 리스크 사전 점검과 문제 발생 시 원인 분석·후속 조치
- 재사용 가능한 체크리스트·가이드·템플릿 정비
- 고객 또는 내부 사용자의 피드백을 반영한 결과물 품질 개선
- AI 서비스 요구사항·모델 활용 시나리오 관련 연간·분기 실행계획 수립
- 데이터·모델 성능·사용자 피드백 수집·정리 및 핵심 이슈 분석","- AI 서비스 요구사항·모델 활용 시나리오 관련 지식 또는 프로젝트·실무 경험을 보유한 분
- 데이터·모델 성능·사용자 피드백를 정확히 해석하고 업무 문서로 구조화할 수 있는 분
- Figma·Jira·LLM API 중 직무에 필요한 도구를 실무에 적용할 수 있는 분
- 유관 부서와 쟁점을 명확히 설명하고 일정에 맞춰 협업할 수 있는 분
- 문제 원인을 근거에 따라 분석하고 실행 가능한 대안을 제시할 수 있는 분
- 업무상 취급하는 개인정보와 기밀정보를 안전하게 관리할 수 있는 분","- AWS Certified AI Practitioner 보유자
- ADsP 보유자
- AICE Associate 보유자
- AI 서비스 요구사항·모델 활용 시나리오 관련 프로젝트를 기획부터 결과 검토까지 수행한 경험
- Figma·Jira·LLM API를 활용해 반복 업무를 개선하거나 품질 기준을 정립한 경험","- 지원 자격 또는 필수 면허 요건을 충족하지 못한 경우
- 전형 과정에서 타인의 결과물을 무단 사용한 경우
- 채용검진 결과 담당 업무 수행이 곤란한 경우
- 관계 법령상 취업이 제한되는 경우",서류전형 > 인성검사 > 실무면접 > 최종면접
AI기획자 프로젝트 담당 모집,65,7,20260701,20260808,11,신입·경력,정규직,제주특별자치도,학사 이상,"중견기업 전략 조직에서 AI 서비스 요구사항·모델 활용 시나리오를 담당할 AI기획자를 모집합니다. 이 포지션은 현장의 요구를 실행 가능한 계획과 결과물로 연결하는 역할입니다.

담당 범위는 데이터·모델 성능·사용자 피드백를 바탕으로 기준을 수립하고, 우선순위에 따라 과제를 실행하며 품질과 일정을 함께 관리하는 것입니다.

기획·전략 조직의 동료와 재무·영업·개발·운영 등 유관 부서, 필요한 경우 외부 파트너와 협업해 의사결정에 필요한 정보를 정리합니다.

이슈가 발생하면 사실과 데이터를 먼저 확인하고 원인을 구분한 뒤, 대안을 비교해 합의된 조치를 실행하고 재발 방지 내용을 문서화합니다.

입사 초기에는 기존 자료와 업무 흐름을 파악하고 Figma·Jira·LLM API 환경을 익힌 뒤, 담당 영역의 개선 과제와 표준화 작업을 단계적으로 주도합니다.

성과는 결과물의 정확성, 일정 준수, 이해관계자와의 명확한 소통, 사용자와 사업에 미치는 영향을 기준으로 평가합니다.","- 검토 회의 운영과 의사결정 근거·변경 이력 문서화
- 성과지표 설정 및 결과 데이터 분석을 통한 개선안 제안
- 업무상 리스크 사전 점검과 문제 발생 시 원인 분석·후속 조치
- 재사용 가능한 체크리스트·가이드·템플릿 정비
- 고객 또는 내부 사용자의 피드백을 반영한 결과물 품질 개선
- AI 서비스 요구사항·모델 활용 시나리오 관련 연간·분기 실행계획 수립
- 데이터·모델 성능·사용자 피드백 수집·정리 및 핵심 이슈 분석
- Figma·Jira·LLM API를 활용한 업무 산출물 작성과 버전 관리
- 요구사항을 세부 과제와 일정으로 구체화하고 진행 현황 관리","- AI 서비스 요구사항·모델 활용 시나리오 관련 지식 또는 프로젝트·실무 경험을 보유한 분
- 데이터·모델 성능·사용자 피드백를 정확히 해석하고 업무 문서로 구조화할 수 있는 분
- Figma·Jira·LLM API 중 직무에 필요한 도구를 실무에 적용할 수 있는 분
- 유관 부서와 쟁점을 명확히 설명하고 일정에 맞춰 협업할 수 있는 분
- 문제 원인을 근거에 따라 분석하고 실행 가능한 대안을 제시할 수 있는 분
- 업무상 취급하는 개인정보와 기밀정보를 안전하게 관리할 수 있는 분
- AI기획자 또는 유사 분야의 신입·경력 실무 경험을 보유한 분","- ADsP 보유자
- AICE Associate 보유자
- AWS Certified AI Practitioner 보유자
- AI 서비스 요구사항·모델 활용 시나리오 관련 프로젝트를 기획부터 결과 검토까지 수행한 경험
- Figma·Jira·LLM API를 활용해 반복 업무를 개선하거나 품질 기준을 정립한 경험
- 외부 파트너 또는 다양한 이해관계자와 복잡한 요구사항을 조율한 경험","- 지원서 또는 제출서류를 허위로 기재한 경우
- 채용 과정에서 부정한 방법을 사용한 경우
- 채용검진 결과 직무 수행이 어렵다고 판단되는 경우
- 관련 법령 또는 내부 인사규정상 채용이 불가능한 경우",서류전형 > 직무과제 > 실무면접 > 처우협의
AI기획자 운영 담당자 채용,67,7,20260906,20261017,14,경력 3년 이상,무기계약직,서울특별시,학사 이상,"공공서비스 운영기관에서 AI 서비스 요구사항·모델 활용 시나리오를 담당할 AI기획자를 모집합니다. 이 포지션은 현장의 요구를 실행 가능한 계획과 결과물로 연결하는 역할입니다.

담당 범위는 데이터·모델 성능·사용자 피드백를 바탕으로 기준을 수립하고, 우선순위에 따라 과제를 실행하며 품질과 일정을 함께 관리하는 것입니다.

기획·전략 조직의 동료와 재무·영업·개발·운영 등 유관 부서, 필요한 경우 외부 파트너와 협업해 의사결정에 필요한 정보를 정리합니다.

이슈가 발생하면 사실과 데이터를 먼저 확인하고 원인을 구분한 뒤, 대안을 비교해 합의된 조치를 실행하고 재발 방지 내용을 문서화합니다.

입사 초기에는 기존 자료와 업무 흐름을 파악하고 Figma·Jira·LLM API 환경을 익힌 뒤, 담당 영역의 개선 과제와 표준화 작업을 단계적으로 주도합니다.

성과는 결과물의 정확성, 일정 준수, 이해관계자와의 명확한 소통, 사용자와 사업에 미치는 영향을 기준으로 평가합니다.","- 성과지표 설정 및 결과 데이터 분석을 통한 개선안 제안
- 업무상 리스크 사전 점검과 문제 발생 시 원인 분석·후속 조치
- 재사용 가능한 체크리스트·가이드·템플릿 정비
- 고객 또는 내부 사용자의 피드백을 반영한 결과물 품질 개선
- AI 서비스 요구사항·모델 활용 시나리오 관련 연간·분기 실행계획 수립
- 데이터·모델 성능·사용자 피드백 수집·정리 및 핵심 이슈 분석
- Figma·Jira·LLM API를 활용한 업무 산출물 작성과 버전 관리","- AI 서비스 요구사항·모델 활용 시나리오 관련 지식 또는 프로젝트·실무 경험을 보유한 분
- 데이터·모델 성능·사용자 피드백를 정확히 해석하고 업무 문서로 구조화할 수 있는 분
- Figma·Jira·LLM API 중 직무에 필요한 도구를 실무에 적용할 수 있는 분
- 유관 부서와 쟁점을 명확히 설명하고 일정에 맞춰 협업할 수 있는 분
- 문제 원인을 근거에 따라 분석하고 실행 가능한 대안을 제시할 수 있는 분","- AICE Associate 보유자
- AWS Certified AI Practitioner 보유자
- ADsP 보유자
- AI 서비스 요구사항·모델 활용 시나리오 관련 프로젝트를 기획부터 결과 검토까지 수행한 경험","- 제출한 경력·자격 증빙이 사실과 다른 경우
- 정해진 기한까지 필수 증빙서류를 제출하지 않은 경우
- 해외여행 및 근무에 결격사유가 있는 경우
- 채용 관련 비밀유지 의무를 위반한 경우",서류전형 > 1차면접 > 2차면접 > 채용검진
AI기획자 핵심인재 모집,47,7,20261111,20261225,17,경력 무관,정규직,경기도,석사 이상,"전문 컨설팅 조직에서 AI 서비스 요구사항·모델 활용 시나리오를 담당할 AI기획자를 모집합니다. 이 포지션은 현장의 요구를 실행 가능한 계획과 결과물로 연결하는 역할입니다.

담당 범위는 데이터·모델 성능·사용자 피드백를 바탕으로 기준을 수립하고, 우선순위에 따라 과제를 실행하며 품질과 일정을 함께 관리하는 것입니다.

기획·전략 조직의 동료와 재무·영업·개발·운영 등 유관 부서, 필요한 경우 외부 파트너와 협업해 의사결정에 필요한 정보를 정리합니다.

이슈가 발생하면 사실과 데이터를 먼저 확인하고 원인을 구분한 뒤, 대안을 비교해 합의된 조치를 실행하고 재발 방지 내용을 문서화합니다.

입사 초기에는 기존 자료와 업무 흐름을 파악하고 Figma·Jira·LLM API 환경을 익힌 뒤, 담당 영역의 개선 과제와 표준화 작업을 단계적으로 주도합니다.

성과는 결과물의 정확성, 일정 준수, 이해관계자와의 명확한 소통, 사용자와 사업에 미치는 영향을 기준으로 평가합니다.","- 업무상 리스크 사전 점검과 문제 발생 시 원인 분석·후속 조치
- 재사용 가능한 체크리스트·가이드·템플릿 정비
- 고객 또는 내부 사용자의 피드백을 반영한 결과물 품질 개선
- AI 서비스 요구사항·모델 활용 시나리오 관련 연간·분기 실행계획 수립
- 데이터·모델 성능·사용자 피드백 수집·정리 및 핵심 이슈 분석
- Figma·Jira·LLM API를 활용한 업무 산출물 작성과 버전 관리
- 요구사항을 세부 과제와 일정으로 구체화하고 진행 현황 관리
- 유관 부서 및 외부 파트너와 기준·일정·결과물 조율","- AI 서비스 요구사항·모델 활용 시나리오 관련 지식 또는 프로젝트·실무 경험을 보유한 분
- 데이터·모델 성능·사용자 피드백를 정확히 해석하고 업무 문서로 구조화할 수 있는 분
- Figma·Jira·LLM API 중 직무에 필요한 도구를 실무에 적용할 수 있는 분
- 유관 부서와 쟁점을 명확히 설명하고 일정에 맞춰 협업할 수 있는 분
- 문제 원인을 근거에 따라 분석하고 실행 가능한 대안을 제시할 수 있는 분
- 업무상 취급하는 개인정보와 기밀정보를 안전하게 관리할 수 있는 분","- AWS Certified AI Practitioner 보유자
- ADsP 보유자
- AICE Associate 보유자
- AI 서비스 요구사항·모델 활용 시나리오 관련 프로젝트를 기획부터 결과 검토까지 수행한 경험
- Figma·Jira·LLM API를 활용해 반복 업무를 개선하거나 품질 기준을 정립한 경험","- 지원 자격 또는 필수 면허 요건을 충족하지 못한 경우
- 전형 과정에서 타인의 결과물을 무단 사용한 경우
- 채용검진 결과 담당 업무 수행이 곤란한 경우
- 관계 법령상 취업이 제한되는 경우",서류전형 > 필기전형 > 면접전형 > 최종합격
AI기획자 전문가 채용,17,7,20260216,20260227,20,경력 5년 이상,기간제,인천광역시,학력무관,"글로벌 사업 조직에서 AI 서비스 요구사항·모델 활용 시나리오를 담당할 AI기획자를 모집합니다. 이 포지션은 현장의 요구를 실행 가능한 계획과 결과물로 연결하는 역할입니다.

담당 범위는 데이터·모델 성능·사용자 피드백를 바탕으로 기준을 수립하고, 우선순위에 따라 과제를 실행하며 품질과 일정을 함께 관리하는 것입니다.

기획·전략 조직의 동료와 재무·영업·개발·운영 등 유관 부서, 필요한 경우 외부 파트너와 협업해 의사결정에 필요한 정보를 정리합니다.

이슈가 발생하면 사실과 데이터를 먼저 확인하고 원인을 구분한 뒤, 대안을 비교해 합의된 조치를 실행하고 재발 방지 내용을 문서화합니다.

입사 초기에는 기존 자료와 업무 흐름을 파악하고 Figma·Jira·LLM API 환경을 익힌 뒤, 담당 영역의 개선 과제와 표준화 작업을 단계적으로 주도합니다.

성과는 결과물의 정확성, 일정 준수, 이해관계자와의 명확한 소통, 사용자와 사업에 미치는 영향을 기준으로 평가합니다.","- 재사용 가능한 체크리스트·가이드·템플릿 정비
- 고객 또는 내부 사용자의 피드백을 반영한 결과물 품질 개선
- AI 서비스 요구사항·모델 활용 시나리오 관련 연간·분기 실행계획 수립
- 데이터·모델 성능·사용자 피드백 수집·정리 및 핵심 이슈 분석
- Figma·Jira·LLM API를 활용한 업무 산출물 작성과 버전 관리
- 요구사항을 세부 과제와 일정으로 구체화하고 진행 현황 관리
- 유관 부서 및 외부 파트너와 기준·일정·결과물 조율
- 검토 회의 운영과 의사결정 근거·변경 이력 문서화
- 성과지표 설정 및 결과 데이터 분석을 통한 개선안 제안","- AI 서비스 요구사항·모델 활용 시나리오 관련 지식 또는 프로젝트·실무 경험을 보유한 분
- 데이터·모델 성능·사용자 피드백를 정확히 해석하고 업무 문서로 구조화할 수 있는 분
- Figma·Jira·LLM API 중 직무에 필요한 도구를 실무에 적용할 수 있는 분
- 유관 부서와 쟁점을 명확히 설명하고 일정에 맞춰 협업할 수 있는 분
- 문제 원인을 근거에 따라 분석하고 실행 가능한 대안을 제시할 수 있는 분
- 업무상 취급하는 개인정보와 기밀정보를 안전하게 관리할 수 있는 분
- AI기획자 또는 유사 분야의 5년 이상 실무 경험을 보유한 분","- ADsP 보유자
- AICE Associate 보유자
- AWS Certified AI Practitioner 보유자
- AI 서비스 요구사항·모델 활용 시나리오 관련 프로젝트를 기획부터 결과 검토까지 수행한 경험
- Figma·Jira·LLM API를 활용해 반복 업무를 개선하거나 품질 기준을 정립한 경험
- 외부 파트너 또는 다양한 이해관계자와 복잡한 요구사항을 조율한 경험","- 지원서 또는 제출서류를 허위로 기재한 경우
- 채용 과정에서 부정한 방법을 사용한 경우
- 채용검진 결과 직무 수행이 어렵다고 판단되는 경우
- 관련 법령 또는 내부 인사규정상 채용이 불가능한 경우",서류전형 > 실무면접 > 최종면접
AI기획자 신규 인력 모집,153,7,20260421,20260505,3,경력,정규직,대전광역시,전문학사 이상,"연구개발 중심 조직에서 AI 서비스 요구사항·모델 활용 시나리오를 담당할 AI기획자를 모집합니다. 이 포지션은 현장의 요구를 실행 가능한 계획과 결과물로 연결하는 역할입니다.

담당 범위는 데이터·모델 성능·사용자 피드백를 바탕으로 기준을 수립하고, 우선순위에 따라 과제를 실행하며 품질과 일정을 함께 관리하는 것입니다.

기획·전략 조직의 동료와 재무·영업·개발·운영 등 유관 부서, 필요한 경우 외부 파트너와 협업해 의사결정에 필요한 정보를 정리합니다.

이슈가 발생하면 사실과 데이터를 먼저 확인하고 원인을 구분한 뒤, 대안을 비교해 합의된 조치를 실행하고 재발 방지 내용을 문서화합니다.

입사 초기에는 기존 자료와 업무 흐름을 파악하고 Figma·Jira·LLM API 환경을 익힌 뒤, 담당 영역의 개선 과제와 표준화 작업을 단계적으로 주도합니다.

성과는 결과물의 정확성, 일정 준수, 이해관계자와의 명확한 소통, 사용자와 사업에 미치는 영향을 기준으로 평가합니다.","- 고객 또는 내부 사용자의 피드백을 반영한 결과물 품질 개선
- AI 서비스 요구사항·모델 활용 시나리오 관련 연간·분기 실행계획 수립
- 데이터·모델 성능·사용자 피드백 수집·정리 및 핵심 이슈 분석
- Figma·Jira·LLM API를 활용한 업무 산출물 작성과 버전 관리
- 요구사항을 세부 과제와 일정으로 구체화하고 진행 현황 관리
- 유관 부서 및 외부 파트너와 기준·일정·결과물 조율
- 검토 회의 운영과 의사결정 근거·변경 이력 문서화","- AI 서비스 요구사항·모델 활용 시나리오 관련 지식 또는 프로젝트·실무 경험을 보유한 분
- 데이터·모델 성능·사용자 피드백를 정확히 해석하고 업무 문서로 구조화할 수 있는 분
- Figma·Jira·LLM API 중 직무에 필요한 도구를 실무에 적용할 수 있는 분
- 유관 부서와 쟁점을 명확히 설명하고 일정에 맞춰 협업할 수 있는 분
- 문제 원인을 근거에 따라 분석하고 실행 가능한 대안을 제시할 수 있는 분","- AICE Associate 보유자
- AWS Certified AI Practitioner 보유자
- ADsP 보유자
- AI 서비스 요구사항·모델 활용 시나리오 관련 프로젝트를 기획부터 결과 검토까지 수행한 경험","- 제출한 경력·자격 증빙이 사실과 다른 경우
- 정해진 기한까지 필수 증빙서류를 제출하지 않은 경우
- 해외여행 및 근무에 결격사유가 있는 경우
- 채용 관련 비밀유지 의무를 위반한 경우",서류전형 > 인성검사 > 실무면접 > 최종면접
AI사업전략 담당자 모집,154,8,20260902,20261002,1,경력 2년 이상,정규직,세종특별자치시,학사 이상,"브랜드 사업 조직에서 AI 사업모델·시장 진입 전략을 담당할 AI사업전략을 모집합니다. 이 포지션은 현장의 요구를 실행 가능한 계획과 결과물로 연결하는 역할입니다.

담당 범위는 산업 데이터·PoC 성과를 바탕으로 기준을 수립하고, 우선순위에 따라 과제를 실행하며 품질과 일정을 함께 관리하는 것입니다.

기획·전략 조직의 동료와 재무·영업·개발·운영 등 유관 부서, 필요한 경우 외부 파트너와 협업해 의사결정에 필요한 정보를 정리합니다.

이슈가 발생하면 사실과 데이터를 먼저 확인하고 원인을 구분한 뒤, 대안을 비교해 합의된 조치를 실행하고 재발 방지 내용을 문서화합니다.

입사 초기에는 기존 자료와 업무 흐름을 파악하고 Excel·BI·LLM 환경을 익힌 뒤, 담당 영역의 개선 과제와 표준화 작업을 단계적으로 주도합니다.

성과는 결과물의 정확성, 일정 준수, 이해관계자와의 명확한 소통, 사용자와 사업에 미치는 영향을 기준으로 평가합니다.","- AI 사업모델·시장 진입 전략 관련 연간·분기 실행계획 수립
- 산업 데이터·PoC 성과 수집·정리 및 핵심 이슈 분석
- Excel·BI·LLM를 활용한 업무 산출물 작성과 버전 관리
- 요구사항을 세부 과제와 일정으로 구체화하고 진행 현황 관리
- 유관 부서 및 외부 파트너와 기준·일정·결과물 조율
- 검토 회의 운영과 의사결정 근거·변경 이력 문서화
- 성과지표 설정 및 결과 데이터 분석을 통한 개선안 제안","- AI 사업모델·시장 진입 전략 관련 지식 또는 프로젝트·실무 경험을 보유한 분
- 산업 데이터·PoC 성과를 정확히 해석하고 업무 문서로 구조화할 수 있는 분
- Excel·BI·LLM 중 직무에 필요한 도구를 실무에 적용할 수 있는 분
- 유관 부서와 쟁점을 명확히 설명하고 일정에 맞춰 협업할 수 있는 분
- 문제 원인을 근거에 따라 분석하고 실행 가능한 대안을 제시할 수 있는 분","- AWS Certified AI Practitioner 보유자
- AICE Associate 보유자
- PMP 보유자
- AI 사업모델·시장 진입 전략 관련 프로젝트를 기획부터 결과 검토까지 수행한 경험","- 지원 자격 또는 필수 면허 요건을 충족하지 못한 경우
- 전형 과정에서 타인의 결과물을 무단 사용한 경우
- 채용검진 결과 담당 업무 수행이 곤란한 경우
- 관계 법령상 취업이 제한되는 경우",서류전형 > 1차면접 > 2차면접 > 채용검진
AI사업전략 실무자 채용,156,8,20261107,20261210,4,경력 3년 이상,무기계약직,충청남도,석사 이상,"지역 기반 전문기관에서 AI 사업모델·시장 진입 전략을 담당할 AI사업전략을 모집합니다. 이 포지션은 현장의 요구를 실행 가능한 계획과 결과물로 연결하는 역할입니다.

담당 범위는 산업 데이터·PoC 성과를 바탕으로 기준을 수립하고, 우선순위에 따라 과제를 실행하며 품질과 일정을 함께 관리하는 것입니다.

기획·전략 조직의 동료와 재무·영업·개발·운영 등 유관 부서, 필요한 경우 외부 파트너와 협업해 의사결정에 필요한 정보를 정리합니다.

이슈가 발생하면 사실과 데이터를 먼저 확인하고 원인을 구분한 뒤, 대안을 비교해 합의된 조치를 실행하고 재발 방지 내용을 문서화합니다.

입사 초기에는 기존 자료와 업무 흐름을 파악하고 Excel·BI·LLM 환경을 익힌 뒤, 담당 영역의 개선 과제와 표준화 작업을 단계적으로 주도합니다.

성과는 결과물의 정확성, 일정 준수, 이해관계자와의 명확한 소통, 사용자와 사업에 미치는 영향을 기준으로 평가합니다.","- 산업 데이터·PoC 성과 수집·정리 및 핵심 이슈 분석
- Excel·BI·LLM를 활용한 업무 산출물 작성과 버전 관리
- 요구사항을 세부 과제와 일정으로 구체화하고 진행 현황 관리
- 유관 부서 및 외부 파트너와 기준·일정·결과물 조율
- 검토 회의 운영과 의사결정 근거·변경 이력 문서화
- 성과지표 설정 및 결과 데이터 분석을 통한 개선안 제안
- 업무상 리스크 사전 점검과 문제 발생 시 원인 분석·후속 조치
- 재사용 가능한 체크리스트·가이드·템플릿 정비","- AI 사업모델·시장 진입 전략 관련 지식 또는 프로젝트·실무 경험을 보유한 분
- 산업 데이터·PoC 성과를 정확히 해석하고 업무 문서로 구조화할 수 있는 분
- Excel·BI·LLM 중 직무에 필요한 도구를 실무에 적용할 수 있는 분
- 유관 부서와 쟁점을 명확히 설명하고 일정에 맞춰 협업할 수 있는 분
- 문제 원인을 근거에 따라 분석하고 실행 가능한 대안을 제시할 수 있는 분
- 업무상 취급하는 개인정보와 기밀정보를 안전하게 관리할 수 있는 분","- AICE Associate 보유자
- PMP 보유자
- AWS Certified AI Practitioner 보유자
- AI 사업모델·시장 진입 전략 관련 프로젝트를 기획부터 결과 검토까지 수행한 경험
- Excel·BI·LLM를 활용해 반복 업무를 개선하거나 품질 기준을 정립한 경험","- 지원서 또는 제출서류를 허위로 기재한 경우
- 채용 과정에서 부정한 방법을 사용한 경우
- 채용검진 결과 직무 수행이 어렵다고 판단되는 경우
- 관련 법령 또는 내부 인사규정상 채용이 불가능한 경우",서류전형 > 필기전형 > 면접전형 > 최종합격
AI사업전략 전문인력 모집,56,8,20260212,20260320,7,신입,정규직,경상남도,학력무관,"디지털 서비스 조직에서 AI 사업모델·시장 진입 전략을 담당할 AI사업전략을 모집합니다. 이 포지션은 현장의 요구를 실행 가능한 계획과 결과물로 연결하는 역할입니다.

담당 범위는 산업 데이터·PoC 성과를 바탕으로 기준을 수립하고, 우선순위에 따라 과제를 실행하며 품질과 일정을 함께 관리하는 것입니다.

기획·전략 조직의 동료와 재무·영업·개발·운영 등 유관 부서, 필요한 경우 외부 파트너와 협업해 의사결정에 필요한 정보를 정리합니다.

이슈가 발생하면 사실과 데이터를 먼저 확인하고 원인을 구분한 뒤, 대안을 비교해 합의된 조치를 실행하고 재발 방지 내용을 문서화합니다.

입사 초기에는 기존 자료와 업무 흐름을 파악하고 Excel·BI·LLM 환경을 익힌 뒤, 담당 영역의 개선 과제와 표준화 작업을 단계적으로 주도합니다.

성과는 결과물의 정확성, 일정 준수, 이해관계자와의 명확한 소통, 사용자와 사업에 미치는 영향을 기준으로 평가합니다.","- Excel·BI·LLM를 활용한 업무 산출물 작성과 버전 관리
- 요구사항을 세부 과제와 일정으로 구체화하고 진행 현황 관리
- 유관 부서 및 외부 파트너와 기준·일정·결과물 조율
- 검토 회의 운영과 의사결정 근거·변경 이력 문서화
- 성과지표 설정 및 결과 데이터 분석을 통한 개선안 제안
- 업무상 리스크 사전 점검과 문제 발생 시 원인 분석·후속 조치
- 재사용 가능한 체크리스트·가이드·템플릿 정비
- 고객 또는 내부 사용자의 피드백을 반영한 결과물 품질 개선
- AI 사업모델·시장 진입 전략 관련 연간·분기 실행계획 수립","- AI 사업모델·시장 진입 전략 관련 지식 또는 프로젝트·실무 경험을 보유한 분
- 산업 데이터·PoC 성과를 정확히 해석하고 업무 문서로 구조화할 수 있는 분
- Excel·BI·LLM 중 직무에 필요한 도구를 실무에 적용할 수 있는 분
- 유관 부서와 쟁점을 명확히 설명하고 일정에 맞춰 협업할 수 있는 분
- 문제 원인을 근거에 따라 분석하고 실행 가능한 대안을 제시할 수 있는 분
- 업무상 취급하는 개인정보와 기밀정보를 안전하게 관리할 수 있는 분
- 새로운 업무 기준과 도구를 빠르게 학습할 수 있는 분","- PMP 보유자
- AWS Certified AI Practitioner 보유자
- AICE Associate 보유자
- AI 사업모델·시장 진입 전략 관련 프로젝트를 기획부터 결과 검토까지 수행한 경험
- Excel·BI·LLM를 활용해 반복 업무를 개선하거나 품질 기준을 정립한 경험
- 외부 파트너 또는 다양한 이해관계자와 복잡한 요구사항을 조율한 경험","- 제출한 경력·자격 증빙이 사실과 다른 경우
- 정해진 기한까지 필수 증빙서류를 제출하지 않은 경우
- 해외여행 및 근무에 결격사유가 있는 경우
- 채용 관련 비밀유지 의무를 위반한 경우",서류전형 > 실무면접 > 최종면접
AI사업전략 인재 채용,53,8,20260417,20260526,10,경력 2년 이상,계약직,제주특별자치도,전문학사 이상,"성장 단계 스타트업에서 AI 사업모델·시장 진입 전략을 담당할 AI사업전략을 모집합니다. 이 포지션은 현장의 요구를 실행 가능한 계획과 결과물로 연결하는 역할입니다.

담당 범위는 산업 데이터·PoC 성과를 바탕으로 기준을 수립하고, 우선순위에 따라 과제를 실행하며 품질과 일정을 함께 관리하는 것입니다.

기획·전략 조직의 동료와 재무·영업·개발·운영 등 유관 부서, 필요한 경우 외부 파트너와 협업해 의사결정에 필요한 정보를 정리합니다.

이슈가 발생하면 사실과 데이터를 먼저 확인하고 원인을 구분한 뒤, 대안을 비교해 합의된 조치를 실행하고 재발 방지 내용을 문서화합니다.

입사 초기에는 기존 자료와 업무 흐름을 파악하고 Excel·BI·LLM 환경을 익힌 뒤, 담당 영역의 개선 과제와 표준화 작업을 단계적으로 주도합니다.

성과는 결과물의 정확성, 일정 준수, 이해관계자와의 명확한 소통, 사용자와 사업에 미치는 영향을 기준으로 평가합니다.","- 요구사항을 세부 과제와 일정으로 구체화하고 진행 현황 관리
- 유관 부서 및 외부 파트너와 기준·일정·결과물 조율
- 검토 회의 운영과 의사결정 근거·변경 이력 문서화
- 성과지표 설정 및 결과 데이터 분석을 통한 개선안 제안
- 업무상 리스크 사전 점검과 문제 발생 시 원인 분석·후속 조치
- 재사용 가능한 체크리스트·가이드·템플릿 정비
- 고객 또는 내부 사용자의 피드백을 반영한 결과물 품질 개선","- AI 사업모델·시장 진입 전략 관련 지식 또는 프로젝트·실무 경험을 보유한 분
- 산업 데이터·PoC 성과를 정확히 해석하고 업무 문서로 구조화할 수 있는 분
- Excel·BI·LLM 중 직무에 필요한 도구를 실무에 적용할 수 있는 분
- 유관 부서와 쟁점을 명확히 설명하고 일정에 맞춰 협업할 수 있는 분
- 문제 원인을 근거에 따라 분석하고 실행 가능한 대안을 제시할 수 있는 분","- AWS Certified AI Practitioner 보유자
- AICE Associate 보유자
- PMP 보유자
- AI 사업모델·시장 진입 전략 관련 프로젝트를 기획부터 결과 검토까지 수행한 경험","- 지원 자격 또는 필수 면허 요건을 충족하지 못한 경우
- 전형 과정에서 타인의 결과물을 무단 사용한 경우
- 채용검진 결과 담당 업무 수행이 곤란한 경우
- 관계 법령상 취업이 제한되는 경우",서류전형 > 인성검사 > 실무면접 > 최종면접
AI사업전략 공개채용,53,8,20260622,20260803,13,신입·경력,정규직,서울특별시,학사 이상,"중견기업 전략 조직에서 AI 사업모델·시장 진입 전략을 담당할 AI사업전략을 모집합니다. 이 포지션은 현장의 요구를 실행 가능한 계획과 결과물로 연결하는 역할입니다.

담당 범위는 산업 데이터·PoC 성과를 바탕으로 기준을 수립하고, 우선순위에 따라 과제를 실행하며 품질과 일정을 함께 관리하는 것입니다.

기획·전략 조직의 동료와 재무·영업·개발·운영 등 유관 부서, 필요한 경우 외부 파트너와 협업해 의사결정에 필요한 정보를 정리합니다.

이슈가 발생하면 사실과 데이터를 먼저 확인하고 원인을 구분한 뒤, 대안을 비교해 합의된 조치를 실행하고 재발 방지 내용을 문서화합니다.

입사 초기에는 기존 자료와 업무 흐름을 파악하고 Excel·BI·LLM 환경을 익힌 뒤, 담당 영역의 개선 과제와 표준화 작업을 단계적으로 주도합니다.

성과는 결과물의 정확성, 일정 준수, 이해관계자와의 명확한 소통, 사용자와 사업에 미치는 영향을 기준으로 평가합니다.","- 유관 부서 및 외부 파트너와 기준·일정·결과물 조율
- 검토 회의 운영과 의사결정 근거·변경 이력 문서화
- 성과지표 설정 및 결과 데이터 분석을 통한 개선안 제안
- 업무상 리스크 사전 점검과 문제 발생 시 원인 분석·후속 조치
- 재사용 가능한 체크리스트·가이드·템플릿 정비
- 고객 또는 내부 사용자의 피드백을 반영한 결과물 품질 개선
- AI 사업모델·시장 진입 전략 관련 연간·분기 실행계획 수립
- 산업 데이터·PoC 성과 수집·정리 및 핵심 이슈 분석","- AI 사업모델·시장 진입 전략 관련 지식 또는 프로젝트·실무 경험을 보유한 분
- 산업 데이터·PoC 성과를 정확히 해석하고 업무 문서로 구조화할 수 있는 분
- Excel·BI·LLM 중 직무에 필요한 도구를 실무에 적용할 수 있는 분
- 유관 부서와 쟁점을 명확히 설명하고 일정에 맞춰 협업할 수 있는 분
- 문제 원인을 근거에 따라 분석하고 실행 가능한 대안을 제시할 수 있는 분
- 업무상 취급하는 개인정보와 기밀정보를 안전하게 관리할 수 있는 분","- AICE Associate 보유자
- PMP 보유자
- AWS Certified AI Practitioner 보유자
- AI 사업모델·시장 진입 전략 관련 프로젝트를 기획부터 결과 검토까지 수행한 경험
- Excel·BI·LLM를 활용해 반복 업무를 개선하거나 품질 기준을 정립한 경험","- 지원서 또는 제출서류를 허위로 기재한 경우
- 채용 과정에서 부정한 방법을 사용한 경우
- 채용검진 결과 직무 수행이 어렵다고 판단되는 경우
- 관련 법령 또는 내부 인사규정상 채용이 불가능한 경우",서류전형 > 직무과제 > 실무면접 > 처우협의
AI사업전략 프로젝트 담당 모집,138,8,20260804,20260918,16,경력 3년 이상,무기계약직,경기도,학사 이상,"공공서비스 운영기관에서 AI 사업모델·시장 진입 전략을 담당할 AI사업전략을 모집합니다. 이 포지션은 현장의 요구를 실행 가능한 계획과 결과물로 연결하는 역할입니다.

담당 범위는 산업 데이터·PoC 성과를 바탕으로 기준을 수립하고, 우선순위에 따라 과제를 실행하며 품질과 일정을 함께 관리하는 것입니다.

기획·전략 조직의 동료와 재무·영업·개발·운영 등 유관 부서, 필요한 경우 외부 파트너와 협업해 의사결정에 필요한 정보를 정리합니다.

이슈가 발생하면 사실과 데이터를 먼저 확인하고 원인을 구분한 뒤, 대안을 비교해 합의된 조치를 실행하고 재발 방지 내용을 문서화합니다.

입사 초기에는 기존 자료와 업무 흐름을 파악하고 Excel·BI·LLM 환경을 익힌 뒤, 담당 영역의 개선 과제와 표준화 작업을 단계적으로 주도합니다.

성과는 결과물의 정확성, 일정 준수, 이해관계자와의 명확한 소통, 사용자와 사업에 미치는 영향을 기준으로 평가합니다.","- 검토 회의 운영과 의사결정 근거·변경 이력 문서화
- 성과지표 설정 및 결과 데이터 분석을 통한 개선안 제안
- 업무상 리스크 사전 점검과 문제 발생 시 원인 분석·후속 조치
- 재사용 가능한 체크리스트·가이드·템플릿 정비
- 고객 또는 내부 사용자의 피드백을 반영한 결과물 품질 개선
- AI 사업모델·시장 진입 전략 관련 연간·분기 실행계획 수립
- 산업 데이터·PoC 성과 수집·정리 및 핵심 이슈 분석
- Excel·BI·LLM를 활용한 업무 산출물 작성과 버전 관리
- 요구사항을 세부 과제와 일정으로 구체화하고 진행 현황 관리","- AI 사업모델·시장 진입 전략 관련 지식 또는 프로젝트·실무 경험을 보유한 분
- 산업 데이터·PoC 성과를 정확히 해석하고 업무 문서로 구조화할 수 있는 분
- Excel·BI·LLM 중 직무에 필요한 도구를 실무에 적용할 수 있는 분
- 유관 부서와 쟁점을 명확히 설명하고 일정에 맞춰 협업할 수 있는 분
- 문제 원인을 근거에 따라 분석하고 실행 가능한 대안을 제시할 수 있는 분
- 업무상 취급하는 개인정보와 기밀정보를 안전하게 관리할 수 있는 분
- AI사업전략 또는 유사 분야의 3년 이상 실무 경험을 보유한 분","- PMP 보유자
- AWS Certified AI Practitioner 보유자
- AICE Associate 보유자
- AI 사업모델·시장 진입 전략 관련 프로젝트를 기획부터 결과 검토까지 수행한 경험
- Excel·BI·LLM를 활용해 반복 업무를 개선하거나 품질 기준을 정립한 경험
- 외부 파트너 또는 다양한 이해관계자와 복잡한 요구사항을 조율한 경험","- 제출한 경력·자격 증빙이 사실과 다른 경우
- 정해진 기한까지 필수 증빙서류를 제출하지 않은 경우
- 해외여행 및 근무에 결격사유가 있는 경우
- 채용 관련 비밀유지 의무를 위반한 경우",서류전형 > 1차면접 > 2차면접 > 채용검진
AI사업전략 운영 담당자 채용,156,8,20261009,20261021,19,경력 무관,정규직,인천광역시,석사 이상,"전문 컨설팅 조직에서 AI 사업모델·시장 진입 전략을 담당할 AI사업전략을 모집합니다. 이 포지션은 현장의 요구를 실행 가능한 계획과 결과물로 연결하는 역할입니다.

담당 범위는 산업 데이터·PoC 성과를 바탕으로 기준을 수립하고, 우선순위에 따라 과제를 실행하며 품질과 일정을 함께 관리하는 것입니다.

기획·전략 조직의 동료와 재무·영업·개발·운영 등 유관 부서, 필요한 경우 외부 파트너와 협업해 의사결정에 필요한 정보를 정리합니다.

이슈가 발생하면 사실과 데이터를 먼저 확인하고 원인을 구분한 뒤, 대안을 비교해 합의된 조치를 실행하고 재발 방지 내용을 문서화합니다.

입사 초기에는 기존 자료와 업무 흐름을 파악하고 Excel·BI·LLM 환경을 익힌 뒤, 담당 영역의 개선 과제와 표준화 작업을 단계적으로 주도합니다.

성과는 결과물의 정확성, 일정 준수, 이해관계자와의 명확한 소통, 사용자와 사업에 미치는 영향을 기준으로 평가합니다.","- 성과지표 설정 및 결과 데이터 분석을 통한 개선안 제안
- 업무상 리스크 사전 점검과 문제 발생 시 원인 분석·후속 조치
- 재사용 가능한 체크리스트·가이드·템플릿 정비
- 고객 또는 내부 사용자의 피드백을 반영한 결과물 품질 개선
- AI 사업모델·시장 진입 전략 관련 연간·분기 실행계획 수립
- 산업 데이터·PoC 성과 수집·정리 및 핵심 이슈 분석
- Excel·BI·LLM를 활용한 업무 산출물 작성과 버전 관리","- AI 사업모델·시장 진입 전략 관련 지식 또는 프로젝트·실무 경험을 보유한 분
- 산업 데이터·PoC 성과를 정확히 해석하고 업무 문서로 구조화할 수 있는 분
- Excel·BI·LLM 중 직무에 필요한 도구를 실무에 적용할 수 있는 분
- 유관 부서와 쟁점을 명확히 설명하고 일정에 맞춰 협업할 수 있는 분
- 문제 원인을 근거에 따라 분석하고 실행 가능한 대안을 제시할 수 있는 분","- AWS Certified AI Practitioner 보유자
- AICE Associate 보유자
- PMP 보유자
- AI 사업모델·시장 진입 전략 관련 프로젝트를 기획부터 결과 검토까지 수행한 경험","- 지원 자격 또는 필수 면허 요건을 충족하지 못한 경우
- 전형 과정에서 타인의 결과물을 무단 사용한 경우
- 채용검진 결과 담당 업무 수행이 곤란한 경우
- 관계 법령상 취업이 제한되는 경우",서류전형 > 필기전형 > 면접전형 > 최종합격
AI사업전략 핵심인재 모집,111,8,20260114,20260129,2,경력 5년 이상,기간제,대전광역시,학력무관,"글로벌 사업 조직에서 AI 사업모델·시장 진입 전략을 담당할 AI사업전략을 모집합니다. 이 포지션은 현장의 요구를 실행 가능한 계획과 결과물로 연결하는 역할입니다.

담당 범위는 산업 데이터·PoC 성과를 바탕으로 기준을 수립하고, 우선순위에 따라 과제를 실행하며 품질과 일정을 함께 관리하는 것입니다.

기획·전략 조직의 동료와 재무·영업·개발·운영 등 유관 부서, 필요한 경우 외부 파트너와 협업해 의사결정에 필요한 정보를 정리합니다.

이슈가 발생하면 사실과 데이터를 먼저 확인하고 원인을 구분한 뒤, 대안을 비교해 합의된 조치를 실행하고 재발 방지 내용을 문서화합니다.

입사 초기에는 기존 자료와 업무 흐름을 파악하고 Excel·BI·LLM 환경을 익힌 뒤, 담당 영역의 개선 과제와 표준화 작업을 단계적으로 주도합니다.

성과는 결과물의 정확성, 일정 준수, 이해관계자와의 명확한 소통, 사용자와 사업에 미치는 영향을 기준으로 평가합니다.","- 업무상 리스크 사전 점검과 문제 발생 시 원인 분석·후속 조치
- 재사용 가능한 체크리스트·가이드·템플릿 정비
- 고객 또는 내부 사용자의 피드백을 반영한 결과물 품질 개선
- AI 사업모델·시장 진입 전략 관련 연간·분기 실행계획 수립
- 산업 데이터·PoC 성과 수집·정리 및 핵심 이슈 분석
- Excel·BI·LLM를 활용한 업무 산출물 작성과 버전 관리
- 요구사항을 세부 과제와 일정으로 구체화하고 진행 현황 관리
- 유관 부서 및 외부 파트너와 기준·일정·결과물 조율","- AI 사업모델·시장 진입 전략 관련 지식 또는 프로젝트·실무 경험을 보유한 분
- 산업 데이터·PoC 성과를 정확히 해석하고 업무 문서로 구조화할 수 있는 분
- Excel·BI·LLM 중 직무에 필요한 도구를 실무에 적용할 수 있는 분
- 유관 부서와 쟁점을 명확히 설명하고 일정에 맞춰 협업할 수 있는 분
- 문제 원인을 근거에 따라 분석하고 실행 가능한 대안을 제시할 수 있는 분
- 업무상 취급하는 개인정보와 기밀정보를 안전하게 관리할 수 있는 분","- AICE Associate 보유자
- PMP 보유자
- AWS Certified AI Practitioner 보유자
- AI 사업모델·시장 진입 전략 관련 프로젝트를 기획부터 결과 검토까지 수행한 경험
- Excel·BI·LLM를 활용해 반복 업무를 개선하거나 품질 기준을 정립한 경험","- 지원서 또는 제출서류를 허위로 기재한 경우
- 채용 과정에서 부정한 방법을 사용한 경우
- 채용검진 결과 직무 수행이 어렵다고 판단되는 경우
- 관련 법령 또는 내부 인사규정상 채용이 불가능한 경우",서류전형 > 실무면접 > 최종면접
AI사업전략 전문가 채용,107,8,20260319,20260406,5,경력,정규직,부산광역시,전문학사 이상,"연구개발 중심 조직에서 AI 사업모델·시장 진입 전략을 담당할 AI사업전략을 모집합니다. 이 포지션은 현장의 요구를 실행 가능한 계획과 결과물로 연결하는 역할입니다.

담당 범위는 산업 데이터·PoC 성과를 바탕으로 기준을 수립하고, 우선순위에 따라 과제를 실행하며 품질과 일정을 함께 관리하는 것입니다.

기획·전략 조직의 동료와 재무·영업·개발·운영 등 유관 부서, 필요한 경우 외부 파트너와 협업해 의사결정에 필요한 정보를 정리합니다.

이슈가 발생하면 사실과 데이터를 먼저 확인하고 원인을 구분한 뒤, 대안을 비교해 합의된 조치를 실행하고 재발 방지 내용을 문서화합니다.

입사 초기에는 기존 자료와 업무 흐름을 파악하고 Excel·BI·LLM 환경을 익힌 뒤, 담당 영역의 개선 과제와 표준화 작업을 단계적으로 주도합니다.

성과는 결과물의 정확성, 일정 준수, 이해관계자와의 명확한 소통, 사용자와 사업에 미치는 영향을 기준으로 평가합니다.","- 재사용 가능한 체크리스트·가이드·템플릿 정비
- 고객 또는 내부 사용자의 피드백을 반영한 결과물 품질 개선
- AI 사업모델·시장 진입 전략 관련 연간·분기 실행계획 수립
- 산업 데이터·PoC 성과 수집·정리 및 핵심 이슈 분석
- Excel·BI·LLM를 활용한 업무 산출물 작성과 버전 관리
- 요구사항을 세부 과제와 일정으로 구체화하고 진행 현황 관리
- 유관 부서 및 외부 파트너와 기준·일정·결과물 조율
- 검토 회의 운영과 의사결정 근거·변경 이력 문서화
- 성과지표 설정 및 결과 데이터 분석을 통한 개선안 제안","- AI 사업모델·시장 진입 전략 관련 지식 또는 프로젝트·실무 경험을 보유한 분
- 산업 데이터·PoC 성과를 정확히 해석하고 업무 문서로 구조화할 수 있는 분
- Excel·BI·LLM 중 직무에 필요한 도구를 실무에 적용할 수 있는 분
- 유관 부서와 쟁점을 명확히 설명하고 일정에 맞춰 협업할 수 있는 분
- 문제 원인을 근거에 따라 분석하고 실행 가능한 대안을 제시할 수 있는 분
- 업무상 취급하는 개인정보와 기밀정보를 안전하게 관리할 수 있는 분
- AI사업전략 또는 유사 분야의 경력 실무 경험을 보유한 분","- PMP 보유자
- AWS Certified AI Practitioner 보유자
- AICE Associate 보유자
- AI 사업모델·시장 진입 전략 관련 프로젝트를 기획부터 결과 검토까지 수행한 경험
- Excel·BI·LLM를 활용해 반복 업무를 개선하거나 품질 기준을 정립한 경험
- 외부 파트너 또는 다양한 이해관계자와 복잡한 요구사항을 조율한 경험","- 제출한 경력·자격 증빙이 사실과 다른 경우
- 정해진 기한까지 필수 증빙서류를 제출하지 않은 경우
- 해외여행 및 근무에 결격사유가 있는 경우
- 채용 관련 비밀유지 의무를 위반한 경우",서류전형 > 인성검사 > 실무면접 > 최종면접
AI사업전략 신규 인력 모집,154,8,20260501,20260522,8,신입·경력,계약직,광주광역시,학사 이상,"플랫폼 운영 조직에서 AI 사업모델·시장 진입 전략을 담당할 AI사업전략을 모집합니다. 이 포지션은 현장의 요구를 실행 가능한 계획과 결과물로 연결하는 역할입니다.

담당 범위는 산업 데이터·PoC 성과를 바탕으로 기준을 수립하고, 우선순위에 따라 과제를 실행하며 품질과 일정을 함께 관리하는 것입니다.

기획·전략 조직의 동료와 재무·영업·개발·운영 등 유관 부서, 필요한 경우 외부 파트너와 협업해 의사결정에 필요한 정보를 정리합니다.

이슈가 발생하면 사실과 데이터를 먼저 확인하고 원인을 구분한 뒤, 대안을 비교해 합의된 조치를 실행하고 재발 방지 내용을 문서화합니다.

입사 초기에는 기존 자료와 업무 흐름을 파악하고 Excel·BI·LLM 환경을 익힌 뒤, 담당 영역의 개선 과제와 표준화 작업을 단계적으로 주도합니다.

성과는 결과물의 정확성, 일정 준수, 이해관계자와의 명확한 소통, 사용자와 사업에 미치는 영향을 기준으로 평가합니다.","- 고객 또는 내부 사용자의 피드백을 반영한 결과물 품질 개선
- AI 사업모델·시장 진입 전략 관련 연간·분기 실행계획 수립
- 산업 데이터·PoC 성과 수집·정리 및 핵심 이슈 분석
- Excel·BI·LLM를 활용한 업무 산출물 작성과 버전 관리
- 요구사항을 세부 과제와 일정으로 구체화하고 진행 현황 관리
- 유관 부서 및 외부 파트너와 기준·일정·결과물 조율
- 검토 회의 운영과 의사결정 근거·변경 이력 문서화","- AI 사업모델·시장 진입 전략 관련 지식 또는 프로젝트·실무 경험을 보유한 분
- 산업 데이터·PoC 성과를 정확히 해석하고 업무 문서로 구조화할 수 있는 분
- Excel·BI·LLM 중 직무에 필요한 도구를 실무에 적용할 수 있는 분
- 유관 부서와 쟁점을 명확히 설명하고 일정에 맞춰 협업할 수 있는 분
- 문제 원인을 근거에 따라 분석하고 실행 가능한 대안을 제시할 수 있는 분","- AWS Certified AI Practitioner 보유자
- AICE Associate 보유자
- PMP 보유자
- AI 사업모델·시장 진입 전략 관련 프로젝트를 기획부터 결과 검토까지 수행한 경험","- 지원 자격 또는 필수 면허 요건을 충족하지 못한 경우
- 전형 과정에서 타인의 결과물을 무단 사용한 경우
- 채용검진 결과 담당 업무 수행이 곤란한 경우
- 관계 법령상 취업이 제한되는 경우",서류전형 > 직무과제 > 실무면접 > 처우협의
경영지원 담당자 모집,54,9,20261005,20261111,6,경력 3년 이상,무기계약직,경상남도,석사 이상,"지역 기반 전문기관에서 예산·계약·경영회의 운영을 담당할 경영지원을 모집합니다. 이 포지션은 현장의 요구를 실행 가능한 계획과 결과물로 연결하는 역할입니다.

담당 범위는 부서별 실적·규정 문서를 바탕으로 기준을 수립하고, 우선순위에 따라 과제를 실행하며 품질과 일정을 함께 관리하는 것입니다.

법무·사무·총무 조직의 동료와 재무·영업·개발·운영 등 유관 부서, 필요한 경우 외부 파트너와 협업해 의사결정에 필요한 정보를 정리합니다.

이슈가 발생하면 사실과 데이터를 먼저 확인하고 원인을 구분한 뒤, 대안을 비교해 합의된 조치를 실행하고 재발 방지 내용을 문서화합니다.

입사 초기에는 기존 자료와 업무 흐름을 파악하고 ERP·Excel 환경을 익힌 뒤, 담당 영역의 개선 과제와 표준화 작업을 단계적으로 주도합니다.

성과는 결과물의 정확성, 일정 준수, 이해관계자와의 명확한 소통, 사용자와 사업에 미치는 영향을 기준으로 평가합니다.","- 예산·계약·경영회의 운영 관련 연간·분기 실행계획 수립
- 부서별 실적·규정 문서 수집·정리 및 핵심 이슈 분석
- ERP·Excel를 활용한 업무 산출물 작성과 버전 관리
- 요구사항을 세부 과제와 일정으로 구체화하고 진행 현황 관리
- 유관 부서 및 외부 파트너와 기준·일정·결과물 조율
- 검토 회의 운영과 의사결정 근거·변경 이력 문서화
- 성과지표 설정 및 결과 데이터 분석을 통한 개선안 제안","- 예산·계약·경영회의 운영 관련 지식 또는 프로젝트·실무 경험을 보유한 분
- 부서별 실적·규정 문서를 정확히 해석하고 업무 문서로 구조화할 수 있는 분
- ERP·Excel 중 직무에 필요한 도구를 실무에 적용할 수 있는 분
- 유관 부서와 쟁점을 명확히 설명하고 일정에 맞춰 협업할 수 있는 분
- 문제 원인을 근거에 따라 분석하고 실행 가능한 대안을 제시할 수 있는 분","- 경영지도사 보유자
- 컴퓨터활용능력 1급 보유자
- ERP정보관리사 회계 1급 보유자
- 예산·계약·경영회의 운영 관련 프로젝트를 기획부터 결과 검토까지 수행한 경험","- 지원서 또는 제출서류를 허위로 기재한 경우
- 채용 과정에서 부정한 방법을 사용한 경우
- 채용검진 결과 직무 수행이 어렵다고 판단되는 경우
- 관련 법령 또는 내부 인사규정상 채용이 불가능한 경우",서류전형 > 필기전형 > 면접전형 > 최종합격
경영지원 실무자 채용,36,9,20260110,20260219,9,신입,정규직,제주특별자치도,학력무관,"디지털 서비스 조직에서 예산·계약·경영회의 운영을 담당할 경영지원을 모집합니다. 이 포지션은 현장의 요구를 실행 가능한 계획과 결과물로 연결하는 역할입니다.

담당 범위는 부서별 실적·규정 문서를 바탕으로 기준을 수립하고, 우선순위에 따라 과제를 실행하며 품질과 일정을 함께 관리하는 것입니다.

법무·사무·총무 조직의 동료와 재무·영업·개발·운영 등 유관 부서, 필요한 경우 외부 파트너와 협업해 의사결정에 필요한 정보를 정리합니다.

이슈가 발생하면 사실과 데이터를 먼저 확인하고 원인을 구분한 뒤, 대안을 비교해 합의된 조치를 실행하고 재발 방지 내용을 문서화합니다.

입사 초기에는 기존 자료와 업무 흐름을 파악하고 ERP·Excel 환경을 익힌 뒤, 담당 영역의 개선 과제와 표준화 작업을 단계적으로 주도합니다.

성과는 결과물의 정확성, 일정 준수, 이해관계자와의 명확한 소통, 사용자와 사업에 미치는 영향을 기준으로 평가합니다.","- 부서별 실적·규정 문서 수집·정리 및 핵심 이슈 분석
- ERP·Excel를 활용한 업무 산출물 작성과 버전 관리
- 요구사항을 세부 과제와 일정으로 구체화하고 진행 현황 관리
- 유관 부서 및 외부 파트너와 기준·일정·결과물 조율
- 검토 회의 운영과 의사결정 근거·변경 이력 문서화
- 성과지표 설정 및 결과 데이터 분석을 통한 개선안 제안
- 업무상 리스크 사전 점검과 문제 발생 시 원인 분석·후속 조치
- 재사용 가능한 체크리스트·가이드·템플릿 정비","- 예산·계약·경영회의 운영 관련 지식 또는 프로젝트·실무 경험을 보유한 분
- 부서별 실적·규정 문서를 정확히 해석하고 업무 문서로 구조화할 수 있는 분
- ERP·Excel 중 직무에 필요한 도구를 실무에 적용할 수 있는 분
- 유관 부서와 쟁점을 명확히 설명하고 일정에 맞춰 협업할 수 있는 분
- 문제 원인을 근거에 따라 분석하고 실행 가능한 대안을 제시할 수 있는 분
- 업무상 취급하는 개인정보와 기밀정보를 안전하게 관리할 수 있는 분","- 컴퓨터활용능력 1급 보유자
- ERP정보관리사 회계 1급 보유자
- 경영지도사 보유자
- 예산·계약·경영회의 운영 관련 프로젝트를 기획부터 결과 검토까지 수행한 경험
- ERP·Excel를 활용해 반복 업무를 개선하거나 품질 기준을 정립한 경험","- 제출한 경력·자격 증빙이 사실과 다른 경우
- 정해진 기한까지 필수 증빙서류를 제출하지 않은 경우
- 해외여행 및 근무에 결격사유가 있는 경우
- 채용 관련 비밀유지 의무를 위반한 경우",서류전형 > 실무면접 > 최종면접
경영지원 전문인력 모집,120,9,20260315,20260427,12,경력 2년 이상,계약직,서울특별시,전문학사 이상,"성장 단계 스타트업에서 예산·계약·경영회의 운영을 담당할 경영지원을 모집합니다. 이 포지션은 현장의 요구를 실행 가능한 계획과 결과물로 연결하는 역할입니다.

담당 범위는 부서별 실적·규정 문서를 바탕으로 기준을 수립하고, 우선순위에 따라 과제를 실행하며 품질과 일정을 함께 관리하는 것입니다.

법무·사무·총무 조직의 동료와 재무·영업·개발·운영 등 유관 부서, 필요한 경우 외부 파트너와 협업해 의사결정에 필요한 정보를 정리합니다.

이슈가 발생하면 사실과 데이터를 먼저 확인하고 원인을 구분한 뒤, 대안을 비교해 합의된 조치를 실행하고 재발 방지 내용을 문서화합니다.

입사 초기에는 기존 자료와 업무 흐름을 파악하고 ERP·Excel 환경을 익힌 뒤, 담당 영역의 개선 과제와 표준화 작업을 단계적으로 주도합니다.

성과는 결과물의 정확성, 일정 준수, 이해관계자와의 명확한 소통, 사용자와 사업에 미치는 영향을 기준으로 평가합니다.","- ERP·Excel를 활용한 업무 산출물 작성과 버전 관리
- 요구사항을 세부 과제와 일정으로 구체화하고 진행 현황 관리
- 유관 부서 및 외부 파트너와 기준·일정·결과물 조율
- 검토 회의 운영과 의사결정 근거·변경 이력 문서화
- 성과지표 설정 및 결과 데이터 분석을 통한 개선안 제안
- 업무상 리스크 사전 점검과 문제 발생 시 원인 분석·후속 조치
- 재사용 가능한 체크리스트·가이드·템플릿 정비
- 고객 또는 내부 사용자의 피드백을 반영한 결과물 품질 개선
- 예산·계약·경영회의 운영 관련 연간·분기 실행계획 수립","- 예산·계약·경영회의 운영 관련 지식 또는 프로젝트·실무 경험을 보유한 분
- 부서별 실적·규정 문서를 정확히 해석하고 업무 문서로 구조화할 수 있는 분
- ERP·Excel 중 직무에 필요한 도구를 실무에 적용할 수 있는 분
- 유관 부서와 쟁점을 명확히 설명하고 일정에 맞춰 협업할 수 있는 분
- 문제 원인을 근거에 따라 분석하고 실행 가능한 대안을 제시할 수 있는 분
- 업무상 취급하는 개인정보와 기밀정보를 안전하게 관리할 수 있는 분
- 경영지원 또는 유사 분야의 2년 이상 실무 경험을 보유한 분","- ERP정보관리사 회계 1급 보유자
- 경영지도사 보유자
- 컴퓨터활용능력 1급 보유자
- 예산·계약·경영회의 운영 관련 프로젝트를 기획부터 결과 검토까지 수행한 경험
- ERP·Excel를 활용해 반복 업무를 개선하거나 품질 기준을 정립한 경험
- 외부 파트너 또는 다양한 이해관계자와 복잡한 요구사항을 조율한 경험","- 지원 자격 또는 필수 면허 요건을 충족하지 못한 경우
- 전형 과정에서 타인의 결과물을 무단 사용한 경우
- 채용검진 결과 담당 업무 수행이 곤란한 경우
- 관계 법령상 취업이 제한되는 경우",서류전형 > 인성검사 > 실무면접 > 최종면접
경영지원 인재 채용,125,9,20260520,20260530,15,신입·경력,정규직,경기도,학사 이상,"중견기업 전략 조직에서 예산·계약·경영회의 운영을 담당할 경영지원을 모집합니다. 이 포지션은 현장의 요구를 실행 가능한 계획과 결과물로 연결하는 역할입니다.

담당 범위는 부서별 실적·규정 문서를 바탕으로 기준을 수립하고, 우선순위에 따라 과제를 실행하며 품질과 일정을 함께 관리하는 것입니다.

법무·사무·총무 조직의 동료와 재무·영업·개발·운영 등 유관 부서, 필요한 경우 외부 파트너와 협업해 의사결정에 필요한 정보를 정리합니다.

이슈가 발생하면 사실과 데이터를 먼저 확인하고 원인을 구분한 뒤, 대안을 비교해 합의된 조치를 실행하고 재발 방지 내용을 문서화합니다.

입사 초기에는 기존 자료와 업무 흐름을 파악하고 ERP·Excel 환경을 익힌 뒤, 담당 영역의 개선 과제와 표준화 작업을 단계적으로 주도합니다.

성과는 결과물의 정확성, 일정 준수, 이해관계자와의 명확한 소통, 사용자와 사업에 미치는 영향을 기준으로 평가합니다.","- 요구사항을 세부 과제와 일정으로 구체화하고 진행 현황 관리
- 유관 부서 및 외부 파트너와 기준·일정·결과물 조율
- 검토 회의 운영과 의사결정 근거·변경 이력 문서화
- 성과지표 설정 및 결과 데이터 분석을 통한 개선안 제안
- 업무상 리스크 사전 점검과 문제 발생 시 원인 분석·후속 조치
- 재사용 가능한 체크리스트·가이드·템플릿 정비
- 고객 또는 내부 사용자의 피드백을 반영한 결과물 품질 개선","- 예산·계약·경영회의 운영 관련 지식 또는 프로젝트·실무 경험을 보유한 분
- 부서별 실적·규정 문서를 정확히 해석하고 업무 문서로 구조화할 수 있는 분
- ERP·Excel 중 직무에 필요한 도구를 실무에 적용할 수 있는 분
- 유관 부서와 쟁점을 명확히 설명하고 일정에 맞춰 협업할 수 있는 분
- 문제 원인을 근거에 따라 분석하고 실행 가능한 대안을 제시할 수 있는 분","- 경영지도사 보유자
- 컴퓨터활용능력 1급 보유자
- ERP정보관리사 회계 1급 보유자
- 예산·계약·경영회의 운영 관련 프로젝트를 기획부터 결과 검토까지 수행한 경험","- 지원서 또는 제출서류를 허위로 기재한 경우
- 채용 과정에서 부정한 방법을 사용한 경우
- 채용검진 결과 직무 수행이 어렵다고 판단되는 경우
- 관련 법령 또는 내부 인사규정상 채용이 불가능한 경우",서류전형 > 직무과제 > 실무면접 > 처우협의
경영지원 공개채용,77,9,20260702,20260715,18,경력 3년 이상,무기계약직,인천광역시,학사 이상,"공공서비스 운영기관에서 예산·계약·경영회의 운영을 담당할 경영지원을 모집합니다. 이 포지션은 현장의 요구를 실행 가능한 계획과 결과물로 연결하는 역할입니다.

담당 범위는 부서별 실적·규정 문서를 바탕으로 기준을 수립하고, 우선순위에 따라 과제를 실행하며 품질과 일정을 함께 관리하는 것입니다.

법무·사무·총무 조직의 동료와 재무·영업·개발·운영 등 유관 부서, 필요한 경우 외부 파트너와 협업해 의사결정에 필요한 정보를 정리합니다.

이슈가 발생하면 사실과 데이터를 먼저 확인하고 원인을 구분한 뒤, 대안을 비교해 합의된 조치를 실행하고 재발 방지 내용을 문서화합니다.

입사 초기에는 기존 자료와 업무 흐름을 파악하고 ERP·Excel 환경을 익힌 뒤, 담당 영역의 개선 과제와 표준화 작업을 단계적으로 주도합니다.

성과는 결과물의 정확성, 일정 준수, 이해관계자와의 명확한 소통, 사용자와 사업에 미치는 영향을 기준으로 평가합니다.","- 유관 부서 및 외부 파트너와 기준·일정·결과물 조율
- 검토 회의 운영과 의사결정 근거·변경 이력 문서화
- 성과지표 설정 및 결과 데이터 분석을 통한 개선안 제안
- 업무상 리스크 사전 점검과 문제 발생 시 원인 분석·후속 조치
- 재사용 가능한 체크리스트·가이드·템플릿 정비
- 고객 또는 내부 사용자의 피드백을 반영한 결과물 품질 개선
- 예산·계약·경영회의 운영 관련 연간·분기 실행계획 수립
- 부서별 실적·규정 문서 수집·정리 및 핵심 이슈 분석","- 예산·계약·경영회의 운영 관련 지식 또는 프로젝트·실무 경험을 보유한 분
- 부서별 실적·규정 문서를 정확히 해석하고 업무 문서로 구조화할 수 있는 분
- ERP·Excel 중 직무에 필요한 도구를 실무에 적용할 수 있는 분
- 유관 부서와 쟁점을 명확히 설명하고 일정에 맞춰 협업할 수 있는 분
- 문제 원인을 근거에 따라 분석하고 실행 가능한 대안을 제시할 수 있는 분
- 업무상 취급하는 개인정보와 기밀정보를 안전하게 관리할 수 있는 분","- 컴퓨터활용능력 1급 보유자
- ERP정보관리사 회계 1급 보유자
- 경영지도사 보유자
- 예산·계약·경영회의 운영 관련 프로젝트를 기획부터 결과 검토까지 수행한 경험
- ERP·Excel를 활용해 반복 업무를 개선하거나 품질 기준을 정립한 경험","- 제출한 경력·자격 증빙이 사실과 다른 경우
- 정해진 기한까지 필수 증빙서류를 제출하지 않은 경우
- 해외여행 및 근무에 결격사유가 있는 경우
- 채용 관련 비밀유지 의무를 위반한 경우",서류전형 > 1차면접 > 2차면접 > 채용검진
경영지원 프로젝트 담당 모집,44,9,20260907,20260923,1,경력 무관,정규직,대전광역시,석사 이상,"전문 컨설팅 조직에서 예산·계약·경영회의 운영을 담당할 경영지원을 모집합니다. 이 포지션은 현장의 요구를 실행 가능한 계획과 결과물로 연결하는 역할입니다.

담당 범위는 부서별 실적·규정 문서를 바탕으로 기준을 수립하고, 우선순위에 따라 과제를 실행하며 품질과 일정을 함께 관리하는 것입니다.

법무·사무·총무 조직의 동료와 재무·영업·개발·운영 등 유관 부서, 필요한 경우 외부 파트너와 협업해 의사결정에 필요한 정보를 정리합니다.

이슈가 발생하면 사실과 데이터를 먼저 확인하고 원인을 구분한 뒤, 대안을 비교해 합의된 조치를 실행하고 재발 방지 내용을 문서화합니다.

입사 초기에는 기존 자료와 업무 흐름을 파악하고 ERP·Excel 환경을 익힌 뒤, 담당 영역의 개선 과제와 표준화 작업을 단계적으로 주도합니다.

성과는 결과물의 정확성, 일정 준수, 이해관계자와의 명확한 소통, 사용자와 사업에 미치는 영향을 기준으로 평가합니다.","- 검토 회의 운영과 의사결정 근거·변경 이력 문서화
- 성과지표 설정 및 결과 데이터 분석을 통한 개선안 제안
- 업무상 리스크 사전 점검과 문제 발생 시 원인 분석·후속 조치
- 재사용 가능한 체크리스트·가이드·템플릿 정비
- 고객 또는 내부 사용자의 피드백을 반영한 결과물 품질 개선
- 예산·계약·경영회의 운영 관련 연간·분기 실행계획 수립
- 부서별 실적·규정 문서 수집·정리 및 핵심 이슈 분석
- ERP·Excel를 활용한 업무 산출물 작성과 버전 관리
- 요구사항을 세부 과제와 일정으로 구체화하고 진행 현황 관리","- 예산·계약·경영회의 운영 관련 지식 또는 프로젝트·실무 경험을 보유한 분
- 부서별 실적·규정 문서를 정확히 해석하고 업무 문서로 구조화할 수 있는 분
- ERP·Excel 중 직무에 필요한 도구를 실무에 적용할 수 있는 분
- 유관 부서와 쟁점을 명확히 설명하고 일정에 맞춰 협업할 수 있는 분
- 문제 원인을 근거에 따라 분석하고 실행 가능한 대안을 제시할 수 있는 분
- 업무상 취급하는 개인정보와 기밀정보를 안전하게 관리할 수 있는 분
- 새로운 업무 기준과 도구를 빠르게 학습할 수 있는 분","- ERP정보관리사 회계 1급 보유자
- 경영지도사 보유자
- 컴퓨터활용능력 1급 보유자
- 예산·계약·경영회의 운영 관련 프로젝트를 기획부터 결과 검토까지 수행한 경험
- ERP·Excel를 활용해 반복 업무를 개선하거나 품질 기준을 정립한 경험
- 외부 파트너 또는 다양한 이해관계자와 복잡한 요구사항을 조율한 경험","- 지원 자격 또는 필수 면허 요건을 충족하지 못한 경우
- 전형 과정에서 타인의 결과물을 무단 사용한 경우
- 채용검진 결과 담당 업무 수행이 곤란한 경우
- 관계 법령상 취업이 제한되는 경우",서류전형 > 필기전형 > 면접전형 > 최종합격
경영지원 운영 담당자 채용,51,9,20261112,20261201,4,경력 5년 이상,기간제,부산광역시,학력무관,"글로벌 사업 조직에서 예산·계약·경영회의 운영을 담당할 경영지원을 모집합니다. 이 포지션은 현장의 요구를 실행 가능한 계획과 결과물로 연결하는 역할입니다.

담당 범위는 부서별 실적·규정 문서를 바탕으로 기준을 수립하고, 우선순위에 따라 과제를 실행하며 품질과 일정을 함께 관리하는 것입니다.

법무·사무·총무 조직의 동료와 재무·영업·개발·운영 등 유관 부서, 필요한 경우 외부 파트너와 협업해 의사결정에 필요한 정보를 정리합니다.

이슈가 발생하면 사실과 데이터를 먼저 확인하고 원인을 구분한 뒤, 대안을 비교해 합의된 조치를 실행하고 재발 방지 내용을 문서화합니다.

입사 초기에는 기존 자료와 업무 흐름을 파악하고 ERP·Excel 환경을 익힌 뒤, 담당 영역의 개선 과제와 표준화 작업을 단계적으로 주도합니다.

성과는 결과물의 정확성, 일정 준수, 이해관계자와의 명확한 소통, 사용자와 사업에 미치는 영향을 기준으로 평가합니다.","- 성과지표 설정 및 결과 데이터 분석을 통한 개선안 제안
- 업무상 리스크 사전 점검과 문제 발생 시 원인 분석·후속 조치
- 재사용 가능한 체크리스트·가이드·템플릿 정비
- 고객 또는 내부 사용자의 피드백을 반영한 결과물 품질 개선
- 예산·계약·경영회의 운영 관련 연간·분기 실행계획 수립
- 부서별 실적·규정 문서 수집·정리 및 핵심 이슈 분석
- ERP·Excel를 활용한 업무 산출물 작성과 버전 관리","- 예산·계약·경영회의 운영 관련 지식 또는 프로젝트·실무 경험을 보유한 분
- 부서별 실적·규정 문서를 정확히 해석하고 업무 문서로 구조화할 수 있는 분
- ERP·Excel 중 직무에 필요한 도구를 실무에 적용할 수 있는 분
- 유관 부서와 쟁점을 명확히 설명하고 일정에 맞춰 협업할 수 있는 분
- 문제 원인을 근거에 따라 분석하고 실행 가능한 대안을 제시할 수 있는 분","- 경영지도사 보유자
- 컴퓨터활용능력 1급 보유자
- ERP정보관리사 회계 1급 보유자
- 예산·계약·경영회의 운영 관련 프로젝트를 기획부터 결과 검토까지 수행한 경험","- 지원서 또는 제출서류를 허위로 기재한 경우
- 채용 과정에서 부정한 방법을 사용한 경우
- 채용검진 결과 직무 수행이 어렵다고 판단되는 경우
- 관련 법령 또는 내부 인사규정상 채용이 불가능한 경우",서류전형 > 실무면접 > 최종면접
경영지원 핵심인재 모집,117,9,20260217,20260311,7,경력,정규직,광주광역시,전문학사 이상,"연구개발 중심 조직에서 예산·계약·경영회의 운영을 담당할 경영지원을 모집합니다. 이 포지션은 현장의 요구를 실행 가능한 계획과 결과물로 연결하는 역할입니다.

담당 범위는 부서별 실적·규정 문서를 바탕으로 기준을 수립하고, 우선순위에 따라 과제를 실행하며 품질과 일정을 함께 관리하는 것입니다.

법무·사무·총무 조직의 동료와 재무·영업·개발·운영 등 유관 부서, 필요한 경우 외부 파트너와 협업해 의사결정에 필요한 정보를 정리합니다.

이슈가 발생하면 사실과 데이터를 먼저 확인하고 원인을 구분한 뒤, 대안을 비교해 합의된 조치를 실행하고 재발 방지 내용을 문서화합니다.

입사 초기에는 기존 자료와 업무 흐름을 파악하고 ERP·Excel 환경을 익힌 뒤, 담당 영역의 개선 과제와 표준화 작업을 단계적으로 주도합니다.

성과는 결과물의 정확성, 일정 준수, 이해관계자와의 명확한 소통, 사용자와 사업에 미치는 영향을 기준으로 평가합니다.","- 업무상 리스크 사전 점검과 문제 발생 시 원인 분석·후속 조치
- 재사용 가능한 체크리스트·가이드·템플릿 정비
- 고객 또는 내부 사용자의 피드백을 반영한 결과물 품질 개선
- 예산·계약·경영회의 운영 관련 연간·분기 실행계획 수립
- 부서별 실적·규정 문서 수집·정리 및 핵심 이슈 분석
- ERP·Excel를 활용한 업무 산출물 작성과 버전 관리
- 요구사항을 세부 과제와 일정으로 구체화하고 진행 현황 관리
- 유관 부서 및 외부 파트너와 기준·일정·결과물 조율","- 예산·계약·경영회의 운영 관련 지식 또는 프로젝트·실무 경험을 보유한 분
- 부서별 실적·규정 문서를 정확히 해석하고 업무 문서로 구조화할 수 있는 분
- ERP·Excel 중 직무에 필요한 도구를 실무에 적용할 수 있는 분
- 유관 부서와 쟁점을 명확히 설명하고 일정에 맞춰 협업할 수 있는 분
- 문제 원인을 근거에 따라 분석하고 실행 가능한 대안을 제시할 수 있는 분
- 업무상 취급하는 개인정보와 기밀정보를 안전하게 관리할 수 있는 분","- 컴퓨터활용능력 1급 보유자
- ERP정보관리사 회계 1급 보유자
- 경영지도사 보유자
- 예산·계약·경영회의 운영 관련 프로젝트를 기획부터 결과 검토까지 수행한 경험
- ERP·Excel를 활용해 반복 업무를 개선하거나 품질 기준을 정립한 경험","- 제출한 경력·자격 증빙이 사실과 다른 경우
- 정해진 기한까지 필수 증빙서류를 제출하지 않은 경우
- 해외여행 및 근무에 결격사유가 있는 경우
- 채용 관련 비밀유지 의무를 위반한 경우",서류전형 > 인성검사 > 실무면접 > 최종면접
경영지원 전문가 채용,31,9,20260422,20260517,10,신입·경력,계약직,세종특별자치시,학사 이상,"플랫폼 운영 조직에서 예산·계약·경영회의 운영을 담당할 경영지원을 모집합니다. 이 포지션은 현장의 요구를 실행 가능한 계획과 결과물로 연결하는 역할입니다.

담당 범위는 부서별 실적·규정 문서를 바탕으로 기준을 수립하고, 우선순위에 따라 과제를 실행하며 품질과 일정을 함께 관리하는 것입니다.

법무·사무·총무 조직의 동료와 재무·영업·개발·운영 등 유관 부서, 필요한 경우 외부 파트너와 협업해 의사결정에 필요한 정보를 정리합니다.

이슈가 발생하면 사실과 데이터를 먼저 확인하고 원인을 구분한 뒤, 대안을 비교해 합의된 조치를 실행하고 재발 방지 내용을 문서화합니다.

입사 초기에는 기존 자료와 업무 흐름을 파악하고 ERP·Excel 환경을 익힌 뒤, 담당 영역의 개선 과제와 표준화 작업을 단계적으로 주도합니다.

성과는 결과물의 정확성, 일정 준수, 이해관계자와의 명확한 소통, 사용자와 사업에 미치는 영향을 기준으로 평가합니다.","- 재사용 가능한 체크리스트·가이드·템플릿 정비
- 고객 또는 내부 사용자의 피드백을 반영한 결과물 품질 개선
- 예산·계약·경영회의 운영 관련 연간·분기 실행계획 수립
- 부서별 실적·규정 문서 수집·정리 및 핵심 이슈 분석
- ERP·Excel를 활용한 업무 산출물 작성과 버전 관리
- 요구사항을 세부 과제와 일정으로 구체화하고 진행 현황 관리
- 유관 부서 및 외부 파트너와 기준·일정·결과물 조율
- 검토 회의 운영과 의사결정 근거·변경 이력 문서화
- 성과지표 설정 및 결과 데이터 분석을 통한 개선안 제안","- 예산·계약·경영회의 운영 관련 지식 또는 프로젝트·실무 경험을 보유한 분
- 부서별 실적·규정 문서를 정확히 해석하고 업무 문서로 구조화할 수 있는 분
- ERP·Excel 중 직무에 필요한 도구를 실무에 적용할 수 있는 분
- 유관 부서와 쟁점을 명확히 설명하고 일정에 맞춰 협업할 수 있는 분
- 문제 원인을 근거에 따라 분석하고 실행 가능한 대안을 제시할 수 있는 분
- 업무상 취급하는 개인정보와 기밀정보를 안전하게 관리할 수 있는 분
- 경영지원 또는 유사 분야의 신입·경력 실무 경험을 보유한 분","- ERP정보관리사 회계 1급 보유자
- 경영지도사 보유자
- 컴퓨터활용능력 1급 보유자
- 예산·계약·경영회의 운영 관련 프로젝트를 기획부터 결과 검토까지 수행한 경험
- ERP·Excel를 활용해 반복 업무를 개선하거나 품질 기준을 정립한 경험
- 외부 파트너 또는 다양한 이해관계자와 복잡한 요구사항을 조율한 경험","- 지원 자격 또는 필수 면허 요건을 충족하지 못한 경우
- 전형 과정에서 타인의 결과물을 무단 사용한 경우
- 채용검진 결과 담당 업무 수행이 곤란한 경우
- 관계 법령상 취업이 제한되는 경우",서류전형 > 직무과제 > 실무면접 > 처우협의
경영지원 신규 인력 모집,130,9,20260604,20260702,13,경력 2년 이상,정규직,충청남도,학사 이상,"브랜드 사업 조직에서 예산·계약·경영회의 운영을 담당할 경영지원을 모집합니다. 이 포지션은 현장의 요구를 실행 가능한 계획과 결과물로 연결하는 역할입니다.

담당 범위는 부서별 실적·규정 문서를 바탕으로 기준을 수립하고, 우선순위에 따라 과제를 실행하며 품질과 일정을 함께 관리하는 것입니다.

법무·사무·총무 조직의 동료와 재무·영업·개발·운영 등 유관 부서, 필요한 경우 외부 파트너와 협업해 의사결정에 필요한 정보를 정리합니다.

이슈가 발생하면 사실과 데이터를 먼저 확인하고 원인을 구분한 뒤, 대안을 비교해 합의된 조치를 실행하고 재발 방지 내용을 문서화합니다.

입사 초기에는 기존 자료와 업무 흐름을 파악하고 ERP·Excel 환경을 익힌 뒤, 담당 영역의 개선 과제와 표준화 작업을 단계적으로 주도합니다.

성과는 결과물의 정확성, 일정 준수, 이해관계자와의 명확한 소통, 사용자와 사업에 미치는 영향을 기준으로 평가합니다.","- 고객 또는 내부 사용자의 피드백을 반영한 결과물 품질 개선
- 예산·계약·경영회의 운영 관련 연간·분기 실행계획 수립
- 부서별 실적·규정 문서 수집·정리 및 핵심 이슈 분석
- ERP·Excel를 활용한 업무 산출물 작성과 버전 관리
- 요구사항을 세부 과제와 일정으로 구체화하고 진행 현황 관리
- 유관 부서 및 외부 파트너와 기준·일정·결과물 조율
- 검토 회의 운영과 의사결정 근거·변경 이력 문서화","- 예산·계약·경영회의 운영 관련 지식 또는 프로젝트·실무 경험을 보유한 분
- 부서별 실적·규정 문서를 정확히 해석하고 업무 문서로 구조화할 수 있는 분
- ERP·Excel 중 직무에 필요한 도구를 실무에 적용할 수 있는 분
- 유관 부서와 쟁점을 명확히 설명하고 일정에 맞춰 협업할 수 있는 분
- 문제 원인을 근거에 따라 분석하고 실행 가능한 대안을 제시할 수 있는 분","- 경영지도사 보유자
- 컴퓨터활용능력 1급 보유자
- ERP정보관리사 회계 1급 보유자
- 예산·계약·경영회의 운영 관련 프로젝트를 기획부터 결과 검토까지 수행한 경험","- 지원서 또는 제출서류를 허위로 기재한 경우
- 채용 과정에서 부정한 방법을 사용한 경우
- 채용검진 결과 직무 수행이 어렵다고 판단되는 경우
- 관련 법령 또는 내부 인사규정상 채용이 불가능한 경우",서류전형 > 1차면접 > 2차면접 > 채용검진
사무담당자 담당자 모집,87,10,20261108,20261222,11,신입,정규직,서울특별시,학력무관,"디지털 서비스 조직에서 문서·데이터·회의 운영을 담당할 사무담당자를 모집합니다. 이 포지션은 현장의 요구를 실행 가능한 계획과 결과물로 연결하는 역할입니다.

담당 범위는 전자문서·일정·비품 내역를 바탕으로 기준을 수립하고, 우선순위에 따라 과제를 실행하며 품질과 일정을 함께 관리하는 것입니다.

법무·사무·총무 조직의 동료와 재무·영업·개발·운영 등 유관 부서, 필요한 경우 외부 파트너와 협업해 의사결정에 필요한 정보를 정리합니다.

이슈가 발생하면 사실과 데이터를 먼저 확인하고 원인을 구분한 뒤, 대안을 비교해 합의된 조치를 실행하고 재발 방지 내용을 문서화합니다.

입사 초기에는 기존 자료와 업무 흐름을 파악하고 Excel·한글 환경을 익힌 뒤, 담당 영역의 개선 과제와 표준화 작업을 단계적으로 주도합니다.

성과는 결과물의 정확성, 일정 준수, 이해관계자와의 명확한 소통, 사용자와 사업에 미치는 영향을 기준으로 평가합니다.","- 문서·데이터·회의 운영 관련 연간·분기 실행계획 수립
- 전자문서·일정·비품 내역 수집·정리 및 핵심 이슈 분석
- Excel·한글를 활용한 업무 산출물 작성과 버전 관리
- 요구사항을 세부 과제와 일정으로 구체화하고 진행 현황 관리
- 유관 부서 및 외부 파트너와 기준·일정·결과물 조율
- 검토 회의 운영과 의사결정 근거·변경 이력 문서화
- 성과지표 설정 및 결과 데이터 분석을 통한 개선안 제안","- 문서·데이터·회의 운영 관련 지식 또는 프로젝트·실무 경험을 보유한 분
- 전자문서·일정·비품 내역를 정확히 해석하고 업무 문서로 구조화할 수 있는 분
- Excel·한글 중 직무에 필요한 도구를 실무에 적용할 수 있는 분
- 유관 부서와 쟁점을 명확히 설명하고 일정에 맞춰 협업할 수 있는 분
- 문제 원인을 근거에 따라 분석하고 실행 가능한 대안을 제시할 수 있는 분","- 컴퓨터활용능력 1급 보유자
- 워드프로세서 보유자
- ITQ 한글 A등급 보유자
- 문서·데이터·회의 운영 관련 프로젝트를 기획부터 결과 검토까지 수행한 경험","- 제출한 경력·자격 증빙이 사실과 다른 경우
- 정해진 기한까지 필수 증빙서류를 제출하지 않은 경우
- 해외여행 및 근무에 결격사유가 있는 경우
- 채용 관련 비밀유지 의무를 위반한 경우",서류전형 > 실무면접 > 최종면접
사무담당자 실무자 채용,35,10,20260213,20260224,14,경력 2년 이상,계약직,경기도,전문학사 이상,"성장 단계 스타트업에서 문서·데이터·회의 운영을 담당할 사무담당자를 모집합니다. 이 포지션은 현장의 요구를 실행 가능한 계획과 결과물로 연결하는 역할입니다.

담당 범위는 전자문서·일정·비품 내역를 바탕으로 기준을 수립하고, 우선순위에 따라 과제를 실행하며 품질과 일정을 함께 관리하는 것입니다.

법무·사무·총무 조직의 동료와 재무·영업·개발·운영 등 유관 부서, 필요한 경우 외부 파트너와 협업해 의사결정에 필요한 정보를 정리합니다.

이슈가 발생하면 사실과 데이터를 먼저 확인하고 원인을 구분한 뒤, 대안을 비교해 합의된 조치를 실행하고 재발 방지 내용을 문서화합니다.

입사 초기에는 기존 자료와 업무 흐름을 파악하고 Excel·한글 환경을 익힌 뒤, 담당 영역의 개선 과제와 표준화 작업을 단계적으로 주도합니다.

성과는 결과물의 정확성, 일정 준수, 이해관계자와의 명확한 소통, 사용자와 사업에 미치는 영향을 기준으로 평가합니다.","- 전자문서·일정·비품 내역 수집·정리 및 핵심 이슈 분석
- Excel·한글를 활용한 업무 산출물 작성과 버전 관리
- 요구사항을 세부 과제와 일정으로 구체화하고 진행 현황 관리
- 유관 부서 및 외부 파트너와 기준·일정·결과물 조율
- 검토 회의 운영과 의사결정 근거·변경 이력 문서화
- 성과지표 설정 및 결과 데이터 분석을 통한 개선안 제안
- 업무상 리스크 사전 점검과 문제 발생 시 원인 분석·후속 조치
- 재사용 가능한 체크리스트·가이드·템플릿 정비","- 문서·데이터·회의 운영 관련 지식 또는 프로젝트·실무 경험을 보유한 분
- 전자문서·일정·비품 내역를 정확히 해석하고 업무 문서로 구조화할 수 있는 분
- Excel·한글 중 직무에 필요한 도구를 실무에 적용할 수 있는 분
- 유관 부서와 쟁점을 명확히 설명하고 일정에 맞춰 협업할 수 있는 분
- 문제 원인을 근거에 따라 분석하고 실행 가능한 대안을 제시할 수 있는 분
- 업무상 취급하는 개인정보와 기밀정보를 안전하게 관리할 수 있는 분","- 워드프로세서 보유자
- ITQ 한글 A등급 보유자
- 컴퓨터활용능력 1급 보유자
- 문서·데이터·회의 운영 관련 프로젝트를 기획부터 결과 검토까지 수행한 경험
- Excel·한글를 활용해 반복 업무를 개선하거나 품질 기준을 정립한 경험","- 지원 자격 또는 필수 면허 요건을 충족하지 못한 경우
- 전형 과정에서 타인의 결과물을 무단 사용한 경우
- 채용검진 결과 담당 업무 수행이 곤란한 경우
- 관계 법령상 취업이 제한되는 경우",서류전형 > 인성검사 > 실무면접 > 최종면접
사무담당자 전문인력 모집,143,10,20260418,20260502,17,신입·경력,정규직,인천광역시,학사 이상,"중견기업 전략 조직에서 문서·데이터·회의 운영을 담당할 사무담당자를 모집합니다. 이 포지션은 현장의 요구를 실행 가능한 계획과 결과물로 연결하는 역할입니다.

담당 범위는 전자문서·일정·비품 내역를 바탕으로 기준을 수립하고, 우선순위에 따라 과제를 실행하며 품질과 일정을 함께 관리하는 것입니다.

법무·사무·총무 조직의 동료와 재무·영업·개발·운영 등 유관 부서, 필요한 경우 외부 파트너와 협업해 의사결정에 필요한 정보를 정리합니다.

이슈가 발생하면 사실과 데이터를 먼저 확인하고 원인을 구분한 뒤, 대안을 비교해 합의된 조치를 실행하고 재발 방지 내용을 문서화합니다.

입사 초기에는 기존 자료와 업무 흐름을 파악하고 Excel·한글 환경을 익힌 뒤, 담당 영역의 개선 과제와 표준화 작업을 단계적으로 주도합니다.

성과는 결과물의 정확성, 일정 준수, 이해관계자와의 명확한 소통, 사용자와 사업에 미치는 영향을 기준으로 평가합니다.","- Excel·한글를 활용한 업무 산출물 작성과 버전 관리
- 요구사항을 세부 과제와 일정으로 구체화하고 진행 현황 관리
- 유관 부서 및 외부 파트너와 기준·일정·결과물 조율
- 검토 회의 운영과 의사결정 근거·변경 이력 문서화
- 성과지표 설정 및 결과 데이터 분석을 통한 개선안 제안
- 업무상 리스크 사전 점검과 문제 발생 시 원인 분석·후속 조치
- 재사용 가능한 체크리스트·가이드·템플릿 정비
- 고객 또는 내부 사용자의 피드백을 반영한 결과물 품질 개선
- 문서·데이터·회의 운영 관련 연간·분기 실행계획 수립","- 문서·데이터·회의 운영 관련 지식 또는 프로젝트·실무 경험을 보유한 분
- 전자문서·일정·비품 내역를 정확히 해석하고 업무 문서로 구조화할 수 있는 분
- Excel·한글 중 직무에 필요한 도구를 실무에 적용할 수 있는 분
- 유관 부서와 쟁점을 명확히 설명하고 일정에 맞춰 협업할 수 있는 분
- 문제 원인을 근거에 따라 분석하고 실행 가능한 대안을 제시할 수 있는 분
- 업무상 취급하는 개인정보와 기밀정보를 안전하게 관리할 수 있는 분
- 사무담당자 또는 유사 분야의 신입·경력 실무 경험을 보유한 분","- ITQ 한글 A등급 보유자
- 컴퓨터활용능력 1급 보유자
- 워드프로세서 보유자
- 문서·데이터·회의 운영 관련 프로젝트를 기획부터 결과 검토까지 수행한 경험
- Excel·한글를 활용해 반복 업무를 개선하거나 품질 기준을 정립한 경험
- 외부 파트너 또는 다양한 이해관계자와 복잡한 요구사항을 조율한 경험","- 지원서 또는 제출서류를 허위로 기재한 경우
- 채용 과정에서 부정한 방법을 사용한 경우
- 채용검진 결과 직무 수행이 어렵다고 판단되는 경우
- 관련 법령 또는 내부 인사규정상 채용이 불가능한 경우",서류전형 > 직무과제 > 실무면접 > 처우협의
사무담당자 인재 채용,96,10,20260623,20260710,20,경력 3년 이상,무기계약직,대전광역시,학사 이상,"공공서비스 운영기관에서 문서·데이터·회의 운영을 담당할 사무담당자를 모집합니다. 이 포지션은 현장의 요구를 실행 가능한 계획과 결과물로 연결하는 역할입니다.

담당 범위는 전자문서·일정·비품 내역를 바탕으로 기준을 수립하고, 우선순위에 따라 과제를 실행하며 품질과 일정을 함께 관리하는 것입니다.

법무·사무·총무 조직의 동료와 재무·영업·개발·운영 등 유관 부서, 필요한 경우 외부 파트너와 협업해 의사결정에 필요한 정보를 정리합니다.

이슈가 발생하면 사실과 데이터를 먼저 확인하고 원인을 구분한 뒤, 대안을 비교해 합의된 조치를 실행하고 재발 방지 내용을 문서화합니다.

입사 초기에는 기존 자료와 업무 흐름을 파악하고 Excel·한글 환경을 익힌 뒤, 담당 영역의 개선 과제와 표준화 작업을 단계적으로 주도합니다.

성과는 결과물의 정확성, 일정 준수, 이해관계자와의 명확한 소통, 사용자와 사업에 미치는 영향을 기준으로 평가합니다.","- 요구사항을 세부 과제와 일정으로 구체화하고 진행 현황 관리
- 유관 부서 및 외부 파트너와 기준·일정·결과물 조율
- 검토 회의 운영과 의사결정 근거·변경 이력 문서화
- 성과지표 설정 및 결과 데이터 분석을 통한 개선안 제안
- 업무상 리스크 사전 점검과 문제 발생 시 원인 분석·후속 조치
- 재사용 가능한 체크리스트·가이드·템플릿 정비
- 고객 또는 내부 사용자의 피드백을 반영한 결과물 품질 개선","- 문서·데이터·회의 운영 관련 지식 또는 프로젝트·실무 경험을 보유한 분
- 전자문서·일정·비품 내역를 정확히 해석하고 업무 문서로 구조화할 수 있는 분
- Excel·한글 중 직무에 필요한 도구를 실무에 적용할 수 있는 분
- 유관 부서와 쟁점을 명확히 설명하고 일정에 맞춰 협업할 수 있는 분
- 문제 원인을 근거에 따라 분석하고 실행 가능한 대안을 제시할 수 있는 분","- 컴퓨터활용능력 1급 보유자
- 워드프로세서 보유자
- ITQ 한글 A등급 보유자
- 문서·데이터·회의 운영 관련 프로젝트를 기획부터 결과 검토까지 수행한 경험","- 제출한 경력·자격 증빙이 사실과 다른 경우
- 정해진 기한까지 필수 증빙서류를 제출하지 않은 경우
- 해외여행 및 근무에 결격사유가 있는 경우
- 채용 관련 비밀유지 의무를 위반한 경우",서류전형 > 1차면접 > 2차면접 > 채용검진
사무담당자 공개채용,126,10,20260805,20260825,3,경력 무관,정규직,부산광역시,석사 이상,"전문 컨설팅 조직에서 문서·데이터·회의 운영을 담당할 사무담당자를 모집합니다. 이 포지션은 현장의 요구를 실행 가능한 계획과 결과물로 연결하는 역할입니다.

담당 범위는 전자문서·일정·비품 내역를 바탕으로 기준을 수립하고, 우선순위에 따라 과제를 실행하며 품질과 일정을 함께 관리하는 것입니다.

법무·사무·총무 조직의 동료와 재무·영업·개발·운영 등 유관 부서, 필요한 경우 외부 파트너와 협업해 의사결정에 필요한 정보를 정리합니다.

이슈가 발생하면 사실과 데이터를 먼저 확인하고 원인을 구분한 뒤, 대안을 비교해 합의된 조치를 실행하고 재발 방지 내용을 문서화합니다.

입사 초기에는 기존 자료와 업무 흐름을 파악하고 Excel·한글 환경을 익힌 뒤, 담당 영역의 개선 과제와 표준화 작업을 단계적으로 주도합니다.

성과는 결과물의 정확성, 일정 준수, 이해관계자와의 명확한 소통, 사용자와 사업에 미치는 영향을 기준으로 평가합니다.","- 유관 부서 및 외부 파트너와 기준·일정·결과물 조율
- 검토 회의 운영과 의사결정 근거·변경 이력 문서화
- 성과지표 설정 및 결과 데이터 분석을 통한 개선안 제안
- 업무상 리스크 사전 점검과 문제 발생 시 원인 분석·후속 조치
- 재사용 가능한 체크리스트·가이드·템플릿 정비
- 고객 또는 내부 사용자의 피드백을 반영한 결과물 품질 개선
- 문서·데이터·회의 운영 관련 연간·분기 실행계획 수립
- 전자문서·일정·비품 내역 수집·정리 및 핵심 이슈 분석","- 문서·데이터·회의 운영 관련 지식 또는 프로젝트·실무 경험을 보유한 분
- 전자문서·일정·비품 내역를 정확히 해석하고 업무 문서로 구조화할 수 있는 분
- Excel·한글 중 직무에 필요한 도구를 실무에 적용할 수 있는 분
- 유관 부서와 쟁점을 명확히 설명하고 일정에 맞춰 협업할 수 있는 분
- 문제 원인을 근거에 따라 분석하고 실행 가능한 대안을 제시할 수 있는 분
- 업무상 취급하는 개인정보와 기밀정보를 안전하게 관리할 수 있는 분","- 워드프로세서 보유자
- ITQ 한글 A등급 보유자
- 컴퓨터활용능력 1급 보유자
- 문서·데이터·회의 운영 관련 프로젝트를 기획부터 결과 검토까지 수행한 경험
- Excel·한글를 활용해 반복 업무를 개선하거나 품질 기준을 정립한 경험","- 지원 자격 또는 필수 면허 요건을 충족하지 못한 경우
- 전형 과정에서 타인의 결과물을 무단 사용한 경우
- 채용검진 결과 담당 업무 수행이 곤란한 경우
- 관계 법령상 취업이 제한되는 경우",서류전형 > 필기전형 > 면접전형 > 최종합격
사무담당자 프로젝트 담당 모집,153,10,20261010,20261102,6,경력 5년 이상,기간제,광주광역시,학력무관,"글로벌 사업 조직에서 문서·데이터·회의 운영을 담당할 사무담당자를 모집합니다. 이 포지션은 현장의 요구를 실행 가능한 계획과 결과물로 연결하는 역할입니다.

담당 범위는 전자문서·일정·비품 내역를 바탕으로 기준을 수립하고, 우선순위에 따라 과제를 실행하며 품질과 일정을 함께 관리하는 것입니다.

법무·사무·총무 조직의 동료와 재무·영업·개발·운영 등 유관 부서, 필요한 경우 외부 파트너와 협업해 의사결정에 필요한 정보를 정리합니다.

이슈가 발생하면 사실과 데이터를 먼저 확인하고 원인을 구분한 뒤, 대안을 비교해 합의된 조치를 실행하고 재발 방지 내용을 문서화합니다.

입사 초기에는 기존 자료와 업무 흐름을 파악하고 Excel·한글 환경을 익힌 뒤, 담당 영역의 개선 과제와 표준화 작업을 단계적으로 주도합니다.

성과는 결과물의 정확성, 일정 준수, 이해관계자와의 명확한 소통, 사용자와 사업에 미치는 영향을 기준으로 평가합니다.","- 검토 회의 운영과 의사결정 근거·변경 이력 문서화
- 성과지표 설정 및 결과 데이터 분석을 통한 개선안 제안
- 업무상 리스크 사전 점검과 문제 발생 시 원인 분석·후속 조치
- 재사용 가능한 체크리스트·가이드·템플릿 정비
- 고객 또는 내부 사용자의 피드백을 반영한 결과물 품질 개선
- 문서·데이터·회의 운영 관련 연간·분기 실행계획 수립
- 전자문서·일정·비품 내역 수집·정리 및 핵심 이슈 분석
- Excel·한글를 활용한 업무 산출물 작성과 버전 관리
- 요구사항을 세부 과제와 일정으로 구체화하고 진행 현황 관리","- 문서·데이터·회의 운영 관련 지식 또는 프로젝트·실무 경험을 보유한 분
- 전자문서·일정·비품 내역를 정확히 해석하고 업무 문서로 구조화할 수 있는 분
- Excel·한글 중 직무에 필요한 도구를 실무에 적용할 수 있는 분
- 유관 부서와 쟁점을 명확히 설명하고 일정에 맞춰 협업할 수 있는 분
- 문제 원인을 근거에 따라 분석하고 실행 가능한 대안을 제시할 수 있는 분
- 업무상 취급하는 개인정보와 기밀정보를 안전하게 관리할 수 있는 분
- 사무담당자 또는 유사 분야의 5년 이상 실무 경험을 보유한 분","- ITQ 한글 A등급 보유자
- 컴퓨터활용능력 1급 보유자
- 워드프로세서 보유자
- 문서·데이터·회의 운영 관련 프로젝트를 기획부터 결과 검토까지 수행한 경험
- Excel·한글를 활용해 반복 업무를 개선하거나 품질 기준을 정립한 경험
- 외부 파트너 또는 다양한 이해관계자와 복잡한 요구사항을 조율한 경험","- 지원서 또는 제출서류를 허위로 기재한 경우
- 채용 과정에서 부정한 방법을 사용한 경우
- 채용검진 결과 직무 수행이 어렵다고 판단되는 경우
- 관련 법령 또는 내부 인사규정상 채용이 불가능한 경우",서류전형 > 실무면접 > 최종면접
사무담당자 운영 담당자 채용,11,10,20260115,20260210,9,경력,정규직,세종특별자치시,전문학사 이상,"연구개발 중심 조직에서 문서·데이터·회의 운영을 담당할 사무담당자를 모집합니다. 이 포지션은 현장의 요구를 실행 가능한 계획과 결과물로 연결하는 역할입니다.

담당 범위는 전자문서·일정·비품 내역를 바탕으로 기준을 수립하고, 우선순위에 따라 과제를 실행하며 품질과 일정을 함께 관리하는 것입니다.

법무·사무·총무 조직의 동료와 재무·영업·개발·운영 등 유관 부서, 필요한 경우 외부 파트너와 협업해 의사결정에 필요한 정보를 정리합니다.

이슈가 발생하면 사실과 데이터를 먼저 확인하고 원인을 구분한 뒤, 대안을 비교해 합의된 조치를 실행하고 재발 방지 내용을 문서화합니다.

입사 초기에는 기존 자료와 업무 흐름을 파악하고 Excel·한글 환경을 익힌 뒤, 담당 영역의 개선 과제와 표준화 작업을 단계적으로 주도합니다.

성과는 결과물의 정확성, 일정 준수, 이해관계자와의 명확한 소통, 사용자와 사업에 미치는 영향을 기준으로 평가합니다.","- 성과지표 설정 및 결과 데이터 분석을 통한 개선안 제안
- 업무상 리스크 사전 점검과 문제 발생 시 원인 분석·후속 조치
- 재사용 가능한 체크리스트·가이드·템플릿 정비
- 고객 또는 내부 사용자의 피드백을 반영한 결과물 품질 개선
- 문서·데이터·회의 운영 관련 연간·분기 실행계획 수립
- 전자문서·일정·비품 내역 수집·정리 및 핵심 이슈 분석
- Excel·한글를 활용한 업무 산출물 작성과 버전 관리","- 문서·데이터·회의 운영 관련 지식 또는 프로젝트·실무 경험을 보유한 분
- 전자문서·일정·비품 내역를 정확히 해석하고 업무 문서로 구조화할 수 있는 분
- Excel·한글 중 직무에 필요한 도구를 실무에 적용할 수 있는 분
- 유관 부서와 쟁점을 명확히 설명하고 일정에 맞춰 협업할 수 있는 분
- 문제 원인을 근거에 따라 분석하고 실행 가능한 대안을 제시할 수 있는 분","- 컴퓨터활용능력 1급 보유자
- 워드프로세서 보유자
- ITQ 한글 A등급 보유자
- 문서·데이터·회의 운영 관련 프로젝트를 기획부터 결과 검토까지 수행한 경험","- 제출한 경력·자격 증빙이 사실과 다른 경우
- 정해진 기한까지 필수 증빙서류를 제출하지 않은 경우
- 해외여행 및 근무에 결격사유가 있는 경우
- 채용 관련 비밀유지 의무를 위반한 경우",서류전형 > 인성검사 > 실무면접 > 최종면접
사무담당자 핵심인재 모집,96,10,20260320,20260418,12,신입·경력,계약직,충청남도,학사 이상,"플랫폼 운영 조직에서 문서·데이터·회의 운영을 담당할 사무담당자를 모집합니다. 이 포지션은 현장의 요구를 실행 가능한 계획과 결과물로 연결하는 역할입니다.

담당 범위는 전자문서·일정·비품 내역를 바탕으로 기준을 수립하고, 우선순위에 따라 과제를 실행하며 품질과 일정을 함께 관리하는 것입니다.

법무·사무·총무 조직의 동료와 재무·영업·개발·운영 등 유관 부서, 필요한 경우 외부 파트너와 협업해 의사결정에 필요한 정보를 정리합니다.

이슈가 발생하면 사실과 데이터를 먼저 확인하고 원인을 구분한 뒤, 대안을 비교해 합의된 조치를 실행하고 재발 방지 내용을 문서화합니다.

입사 초기에는 기존 자료와 업무 흐름을 파악하고 Excel·한글 환경을 익힌 뒤, 담당 영역의 개선 과제와 표준화 작업을 단계적으로 주도합니다.

성과는 결과물의 정확성, 일정 준수, 이해관계자와의 명확한 소통, 사용자와 사업에 미치는 영향을 기준으로 평가합니다.","- 업무상 리스크 사전 점검과 문제 발생 시 원인 분석·후속 조치
- 재사용 가능한 체크리스트·가이드·템플릿 정비
- 고객 또는 내부 사용자의 피드백을 반영한 결과물 품질 개선
- 문서·데이터·회의 운영 관련 연간·분기 실행계획 수립
- 전자문서·일정·비품 내역 수집·정리 및 핵심 이슈 분석
- Excel·한글를 활용한 업무 산출물 작성과 버전 관리
- 요구사항을 세부 과제와 일정으로 구체화하고 진행 현황 관리
- 유관 부서 및 외부 파트너와 기준·일정·결과물 조율","- 문서·데이터·회의 운영 관련 지식 또는 프로젝트·실무 경험을 보유한 분
- 전자문서·일정·비품 내역를 정확히 해석하고 업무 문서로 구조화할 수 있는 분
- Excel·한글 중 직무에 필요한 도구를 실무에 적용할 수 있는 분
- 유관 부서와 쟁점을 명확히 설명하고 일정에 맞춰 협업할 수 있는 분
- 문제 원인을 근거에 따라 분석하고 실행 가능한 대안을 제시할 수 있는 분
- 업무상 취급하는 개인정보와 기밀정보를 안전하게 관리할 수 있는 분","- 워드프로세서 보유자
- ITQ 한글 A등급 보유자
- 컴퓨터활용능력 1급 보유자
- 문서·데이터·회의 운영 관련 프로젝트를 기획부터 결과 검토까지 수행한 경험
- Excel·한글를 활용해 반복 업무를 개선하거나 품질 기준을 정립한 경험","- 지원 자격 또는 필수 면허 요건을 충족하지 못한 경우
- 전형 과정에서 타인의 결과물을 무단 사용한 경우
- 채용검진 결과 담당 업무 수행이 곤란한 경우
- 관계 법령상 취업이 제한되는 경우",서류전형 > 직무과제 > 실무면접 > 처우협의
사무담당자 전문가 채용,44,10,20260502,20260603,15,경력 2년 이상,정규직,경상남도,학사 이상,"브랜드 사업 조직에서 문서·데이터·회의 운영을 담당할 사무담당자를 모집합니다. 이 포지션은 현장의 요구를 실행 가능한 계획과 결과물로 연결하는 역할입니다.

담당 범위는 전자문서·일정·비품 내역를 바탕으로 기준을 수립하고, 우선순위에 따라 과제를 실행하며 품질과 일정을 함께 관리하는 것입니다.

법무·사무·총무 조직의 동료와 재무·영업·개발·운영 등 유관 부서, 필요한 경우 외부 파트너와 협업해 의사결정에 필요한 정보를 정리합니다.

이슈가 발생하면 사실과 데이터를 먼저 확인하고 원인을 구분한 뒤, 대안을 비교해 합의된 조치를 실행하고 재발 방지 내용을 문서화합니다.

입사 초기에는 기존 자료와 업무 흐름을 파악하고 Excel·한글 환경을 익힌 뒤, 담당 영역의 개선 과제와 표준화 작업을 단계적으로 주도합니다.

성과는 결과물의 정확성, 일정 준수, 이해관계자와의 명확한 소통, 사용자와 사업에 미치는 영향을 기준으로 평가합니다.","- 재사용 가능한 체크리스트·가이드·템플릿 정비
- 고객 또는 내부 사용자의 피드백을 반영한 결과물 품질 개선
- 문서·데이터·회의 운영 관련 연간·분기 실행계획 수립
- 전자문서·일정·비품 내역 수집·정리 및 핵심 이슈 분석
- Excel·한글를 활용한 업무 산출물 작성과 버전 관리
- 요구사항을 세부 과제와 일정으로 구체화하고 진행 현황 관리
- 유관 부서 및 외부 파트너와 기준·일정·결과물 조율
- 검토 회의 운영과 의사결정 근거·변경 이력 문서화
- 성과지표 설정 및 결과 데이터 분석을 통한 개선안 제안","- 문서·데이터·회의 운영 관련 지식 또는 프로젝트·실무 경험을 보유한 분
- 전자문서·일정·비품 내역를 정확히 해석하고 업무 문서로 구조화할 수 있는 분
- Excel·한글 중 직무에 필요한 도구를 실무에 적용할 수 있는 분
- 유관 부서와 쟁점을 명확히 설명하고 일정에 맞춰 협업할 수 있는 분
- 문제 원인을 근거에 따라 분석하고 실행 가능한 대안을 제시할 수 있는 분
- 업무상 취급하는 개인정보와 기밀정보를 안전하게 관리할 수 있는 분
- 사무담당자 또는 유사 분야의 2년 이상 실무 경험을 보유한 분","- ITQ 한글 A등급 보유자
- 컴퓨터활용능력 1급 보유자
- 워드프로세서 보유자
- 문서·데이터·회의 운영 관련 프로젝트를 기획부터 결과 검토까지 수행한 경험
- Excel·한글를 활용해 반복 업무를 개선하거나 품질 기준을 정립한 경험
- 외부 파트너 또는 다양한 이해관계자와 복잡한 요구사항을 조율한 경험","- 지원서 또는 제출서류를 허위로 기재한 경우
- 채용 과정에서 부정한 방법을 사용한 경우
- 채용검진 결과 직무 수행이 어렵다고 판단되는 경우
- 관련 법령 또는 내부 인사규정상 채용이 불가능한 경우",서류전형 > 1차면접 > 2차면접 > 채용검진
사무담당자 신규 인력 모집,106,10,20260707,20260811,18,경력 3년 이상,무기계약직,제주특별자치도,석사 이상,"지역 기반 전문기관에서 문서·데이터·회의 운영을 담당할 사무담당자를 모집합니다. 이 포지션은 현장의 요구를 실행 가능한 계획과 결과물로 연결하는 역할입니다.

담당 범위는 전자문서·일정·비품 내역를 바탕으로 기준을 수립하고, 우선순위에 따라 과제를 실행하며 품질과 일정을 함께 관리하는 것입니다.

법무·사무·총무 조직의 동료와 재무·영업·개발·운영 등 유관 부서, 필요한 경우 외부 파트너와 협업해 의사결정에 필요한 정보를 정리합니다.

이슈가 발생하면 사실과 데이터를 먼저 확인하고 원인을 구분한 뒤, 대안을 비교해 합의된 조치를 실행하고 재발 방지 내용을 문서화합니다.

입사 초기에는 기존 자료와 업무 흐름을 파악하고 Excel·한글 환경을 익힌 뒤, 담당 영역의 개선 과제와 표준화 작업을 단계적으로 주도합니다.

성과는 결과물의 정확성, 일정 준수, 이해관계자와의 명확한 소통, 사용자와 사업에 미치는 영향을 기준으로 평가합니다.","- 고객 또는 내부 사용자의 피드백을 반영한 결과물 품질 개선
- 문서·데이터·회의 운영 관련 연간·분기 실행계획 수립
- 전자문서·일정·비품 내역 수집·정리 및 핵심 이슈 분석
- Excel·한글를 활용한 업무 산출물 작성과 버전 관리
- 요구사항을 세부 과제와 일정으로 구체화하고 진행 현황 관리
- 유관 부서 및 외부 파트너와 기준·일정·결과물 조율
- 검토 회의 운영과 의사결정 근거·변경 이력 문서화","- 문서·데이터·회의 운영 관련 지식 또는 프로젝트·실무 경험을 보유한 분
- 전자문서·일정·비품 내역를 정확히 해석하고 업무 문서로 구조화할 수 있는 분
- Excel·한글 중 직무에 필요한 도구를 실무에 적용할 수 있는 분
- 유관 부서와 쟁점을 명확히 설명하고 일정에 맞춰 협업할 수 있는 분
- 문제 원인을 근거에 따라 분석하고 실행 가능한 대안을 제시할 수 있는 분","- 컴퓨터활용능력 1급 보유자
- 워드프로세서 보유자
- ITQ 한글 A등급 보유자
- 문서·데이터·회의 운영 관련 프로젝트를 기획부터 결과 검토까지 수행한 경험","- 제출한 경력·자격 증빙이 사실과 다른 경우
- 정해진 기한까지 필수 증빙서류를 제출하지 않은 경우
- 해외여행 및 근무에 결격사유가 있는 경우
- 채용 관련 비밀유지 의무를 위반한 경우",서류전형 > 필기전형 > 면접전형 > 최종합격
총무 담당자 모집,104,11,20260111,20260126,16,경력 2년 이상,계약직,인천광역시,전문학사 이상,"성장 단계 스타트업에서 자산·시설·복리후생 운영을 담당할 총무를 모집합니다. 이 포지션은 현장의 요구를 실행 가능한 계획과 결과물로 연결하는 역할입니다.

담당 범위는 계약·구매·안전 점검 자료를 바탕으로 기준을 수립하고, 우선순위에 따라 과제를 실행하며 품질과 일정을 함께 관리하는 것입니다.

법무·사무·총무 조직의 동료와 재무·영업·개발·운영 등 유관 부서, 필요한 경우 외부 파트너와 협업해 의사결정에 필요한 정보를 정리합니다.

이슈가 발생하면 사실과 데이터를 먼저 확인하고 원인을 구분한 뒤, 대안을 비교해 합의된 조치를 실행하고 재발 방지 내용을 문서화합니다.

입사 초기에는 기존 자료와 업무 흐름을 파악하고 ERP·Excel 환경을 익힌 뒤, 담당 영역의 개선 과제와 표준화 작업을 단계적으로 주도합니다.

성과는 결과물의 정확성, 일정 준수, 이해관계자와의 명확한 소통, 사용자와 사업에 미치는 영향을 기준으로 평가합니다.","- 자산·시설·복리후생 운영 관련 연간·분기 실행계획 수립
- 계약·구매·안전 점검 자료 수집·정리 및 핵심 이슈 분석
- ERP·Excel를 활용한 업무 산출물 작성과 버전 관리
- 요구사항을 세부 과제와 일정으로 구체화하고 진행 현황 관리
- 유관 부서 및 외부 파트너와 기준·일정·결과물 조율
- 검토 회의 운영과 의사결정 근거·변경 이력 문서화
- 성과지표 설정 및 결과 데이터 분석을 통한 개선안 제안","- 자산·시설·복리후생 운영 관련 지식 또는 프로젝트·실무 경험을 보유한 분
- 계약·구매·안전 점검 자료를 정확히 해석하고 업무 문서로 구조화할 수 있는 분
- ERP·Excel 중 직무에 필요한 도구를 실무에 적용할 수 있는 분
- 유관 부서와 쟁점을 명확히 설명하고 일정에 맞춰 협업할 수 있는 분
- 문제 원인을 근거에 따라 분석하고 실행 가능한 대안을 제시할 수 있는 분","- 컴퓨터활용능력 1급 보유자
- 소방안전관리자 2급 보유자
- 산업안전기사 보유자
- 자산·시설·복리후생 운영 관련 프로젝트를 기획부터 결과 검토까지 수행한 경험","- 지원 자격 또는 필수 면허 요건을 충족하지 못한 경우
- 전형 과정에서 타인의 결과물을 무단 사용한 경우
- 채용검진 결과 담당 업무 수행이 곤란한 경우
- 관계 법령상 취업이 제한되는 경우",서류전형 > 인성검사 > 실무면접 > 최종면접
총무 실무자 채용,153,11,20260316,20260403,19,신입·경력,정규직,대전광역시,학사 이상,"중견기업 전략 조직에서 자산·시설·복리후생 운영을 담당할 총무를 모집합니다. 이 포지션은 현장의 요구를 실행 가능한 계획과 결과물로 연결하는 역할입니다.

담당 범위는 계약·구매·안전 점검 자료를 바탕으로 기준을 수립하고, 우선순위에 따라 과제를 실행하며 품질과 일정을 함께 관리하는 것입니다.

법무·사무·총무 조직의 동료와 재무·영업·개발·운영 등 유관 부서, 필요한 경우 외부 파트너와 협업해 의사결정에 필요한 정보를 정리합니다.

이슈가 발생하면 사실과 데이터를 먼저 확인하고 원인을 구분한 뒤, 대안을 비교해 합의된 조치를 실행하고 재발 방지 내용을 문서화합니다.

입사 초기에는 기존 자료와 업무 흐름을 파악하고 ERP·Excel 환경을 익힌 뒤, 담당 영역의 개선 과제와 표준화 작업을 단계적으로 주도합니다.

성과는 결과물의 정확성, 일정 준수, 이해관계자와의 명확한 소통, 사용자와 사업에 미치는 영향을 기준으로 평가합니다.","- 계약·구매·안전 점검 자료 수집·정리 및 핵심 이슈 분석
- ERP·Excel를 활용한 업무 산출물 작성과 버전 관리
- 요구사항을 세부 과제와 일정으로 구체화하고 진행 현황 관리
- 유관 부서 및 외부 파트너와 기준·일정·결과물 조율
- 검토 회의 운영과 의사결정 근거·변경 이력 문서화
- 성과지표 설정 및 결과 데이터 분석을 통한 개선안 제안
- 업무상 리스크 사전 점검과 문제 발생 시 원인 분석·후속 조치
- 재사용 가능한 체크리스트·가이드·템플릿 정비","- 자산·시설·복리후생 운영 관련 지식 또는 프로젝트·실무 경험을 보유한 분
- 계약·구매·안전 점검 자료를 정확히 해석하고 업무 문서로 구조화할 수 있는 분
- ERP·Excel 중 직무에 필요한 도구를 실무에 적용할 수 있는 분
- 유관 부서와 쟁점을 명확히 설명하고 일정에 맞춰 협업할 수 있는 분
- 문제 원인을 근거에 따라 분석하고 실행 가능한 대안을 제시할 수 있는 분
- 업무상 취급하는 개인정보와 기밀정보를 안전하게 관리할 수 있는 분","- 소방안전관리자 2급 보유자
- 산업안전기사 보유자
- 컴퓨터활용능력 1급 보유자
- 자산·시설·복리후생 운영 관련 프로젝트를 기획부터 결과 검토까지 수행한 경험
- ERP·Excel를 활용해 반복 업무를 개선하거나 품질 기준을 정립한 경험","- 지원서 또는 제출서류를 허위로 기재한 경우
- 채용 과정에서 부정한 방법을 사용한 경우
- 채용검진 결과 직무 수행이 어렵다고 판단되는 경우
- 관련 법령 또는 내부 인사규정상 채용이 불가능한 경우",서류전형 > 직무과제 > 실무면접 > 처우협의
총무 전문인력 모집,119,11,20260521,20260611,2,경력 3년 이상,무기계약직,부산광역시,학사 이상,"공공서비스 운영기관에서 자산·시설·복리후생 운영을 담당할 총무를 모집합니다. 이 포지션은 현장의 요구를 실행 가능한 계획과 결과물로 연결하는 역할입니다.

담당 범위는 계약·구매·안전 점검 자료를 바탕으로 기준을 수립하고, 우선순위에 따라 과제를 실행하며 품질과 일정을 함께 관리하는 것입니다.

법무·사무·총무 조직의 동료와 재무·영업·개발·운영 등 유관 부서, 필요한 경우 외부 파트너와 협업해 의사결정에 필요한 정보를 정리합니다.

이슈가 발생하면 사실과 데이터를 먼저 확인하고 원인을 구분한 뒤, 대안을 비교해 합의된 조치를 실행하고 재발 방지 내용을 문서화합니다.

입사 초기에는 기존 자료와 업무 흐름을 파악하고 ERP·Excel 환경을 익힌 뒤, 담당 영역의 개선 과제와 표준화 작업을 단계적으로 주도합니다.

성과는 결과물의 정확성, 일정 준수, 이해관계자와의 명확한 소통, 사용자와 사업에 미치는 영향을 기준으로 평가합니다.","- ERP·Excel를 활용한 업무 산출물 작성과 버전 관리
- 요구사항을 세부 과제와 일정으로 구체화하고 진행 현황 관리
- 유관 부서 및 외부 파트너와 기준·일정·결과물 조율
- 검토 회의 운영과 의사결정 근거·변경 이력 문서화
- 성과지표 설정 및 결과 데이터 분석을 통한 개선안 제안
- 업무상 리스크 사전 점검과 문제 발생 시 원인 분석·후속 조치
- 재사용 가능한 체크리스트·가이드·템플릿 정비
- 고객 또는 내부 사용자의 피드백을 반영한 결과물 품질 개선
- 자산·시설·복리후생 운영 관련 연간·분기 실행계획 수립","- 자산·시설·복리후생 운영 관련 지식 또는 프로젝트·실무 경험을 보유한 분
- 계약·구매·안전 점검 자료를 정확히 해석하고 업무 문서로 구조화할 수 있는 분
- ERP·Excel 중 직무에 필요한 도구를 실무에 적용할 수 있는 분
- 유관 부서와 쟁점을 명확히 설명하고 일정에 맞춰 협업할 수 있는 분
- 문제 원인을 근거에 따라 분석하고 실행 가능한 대안을 제시할 수 있는 분
- 업무상 취급하는 개인정보와 기밀정보를 안전하게 관리할 수 있는 분
- 총무 또는 유사 분야의 3년 이상 실무 경험을 보유한 분","- 산업안전기사 보유자
- 컴퓨터활용능력 1급 보유자
- 소방안전관리자 2급 보유자
- 자산·시설·복리후생 운영 관련 프로젝트를 기획부터 결과 검토까지 수행한 경험
- ERP·Excel를 활용해 반복 업무를 개선하거나 품질 기준을 정립한 경험
- 외부 파트너 또는 다양한 이해관계자와 복잡한 요구사항을 조율한 경험","- 제출한 경력·자격 증빙이 사실과 다른 경우
- 정해진 기한까지 필수 증빙서류를 제출하지 않은 경우
- 해외여행 및 근무에 결격사유가 있는 경우
- 채용 관련 비밀유지 의무를 위반한 경우",서류전형 > 1차면접 > 2차면접 > 채용검진
총무 인재 채용,62,11,20260703,20260727,5,경력 무관,정규직,광주광역시,석사 이상,"전문 컨설팅 조직에서 자산·시설·복리후생 운영을 담당할 총무를 모집합니다. 이 포지션은 현장의 요구를 실행 가능한 계획과 결과물로 연결하는 역할입니다.

담당 범위는 계약·구매·안전 점검 자료를 바탕으로 기준을 수립하고, 우선순위에 따라 과제를 실행하며 품질과 일정을 함께 관리하는 것입니다.

법무·사무·총무 조직의 동료와 재무·영업·개발·운영 등 유관 부서, 필요한 경우 외부 파트너와 협업해 의사결정에 필요한 정보를 정리합니다.

이슈가 발생하면 사실과 데이터를 먼저 확인하고 원인을 구분한 뒤, 대안을 비교해 합의된 조치를 실행하고 재발 방지 내용을 문서화합니다.

입사 초기에는 기존 자료와 업무 흐름을 파악하고 ERP·Excel 환경을 익힌 뒤, 담당 영역의 개선 과제와 표준화 작업을 단계적으로 주도합니다.

성과는 결과물의 정확성, 일정 준수, 이해관계자와의 명확한 소통, 사용자와 사업에 미치는 영향을 기준으로 평가합니다.","- 요구사항을 세부 과제와 일정으로 구체화하고 진행 현황 관리
- 유관 부서 및 외부 파트너와 기준·일정·결과물 조율
- 검토 회의 운영과 의사결정 근거·변경 이력 문서화
- 성과지표 설정 및 결과 데이터 분석을 통한 개선안 제안
- 업무상 리스크 사전 점검과 문제 발생 시 원인 분석·후속 조치
- 재사용 가능한 체크리스트·가이드·템플릿 정비
- 고객 또는 내부 사용자의 피드백을 반영한 결과물 품질 개선","- 자산·시설·복리후생 운영 관련 지식 또는 프로젝트·실무 경험을 보유한 분
- 계약·구매·안전 점검 자료를 정확히 해석하고 업무 문서로 구조화할 수 있는 분
- ERP·Excel 중 직무에 필요한 도구를 실무에 적용할 수 있는 분
- 유관 부서와 쟁점을 명확히 설명하고 일정에 맞춰 협업할 수 있는 분
- 문제 원인을 근거에 따라 분석하고 실행 가능한 대안을 제시할 수 있는 분","- 컴퓨터활용능력 1급 보유자
- 소방안전관리자 2급 보유자
- 산업안전기사 보유자
- 자산·시설·복리후생 운영 관련 프로젝트를 기획부터 결과 검토까지 수행한 경험","- 지원 자격 또는 필수 면허 요건을 충족하지 못한 경우
- 전형 과정에서 타인의 결과물을 무단 사용한 경우
- 채용검진 결과 담당 업무 수행이 곤란한 경우
- 관계 법령상 취업이 제한되는 경우",서류전형 > 필기전형 > 면접전형 > 최종합격
총무 공개채용,95,11,20260908,20261005,8,경력 5년 이상,기간제,세종특별자치시,학력무관,"글로벌 사업 조직에서 자산·시설·복리후생 운영을 담당할 총무를 모집합니다. 이 포지션은 현장의 요구를 실행 가능한 계획과 결과물로 연결하는 역할입니다.

담당 범위는 계약·구매·안전 점검 자료를 바탕으로 기준을 수립하고, 우선순위에 따라 과제를 실행하며 품질과 일정을 함께 관리하는 것입니다.

법무·사무·총무 조직의 동료와 재무·영업·개발·운영 등 유관 부서, 필요한 경우 외부 파트너와 협업해 의사결정에 필요한 정보를 정리합니다.

이슈가 발생하면 사실과 데이터를 먼저 확인하고 원인을 구분한 뒤, 대안을 비교해 합의된 조치를 실행하고 재발 방지 내용을 문서화합니다.

입사 초기에는 기존 자료와 업무 흐름을 파악하고 ERP·Excel 환경을 익힌 뒤, 담당 영역의 개선 과제와 표준화 작업을 단계적으로 주도합니다.

성과는 결과물의 정확성, 일정 준수, 이해관계자와의 명확한 소통, 사용자와 사업에 미치는 영향을 기준으로 평가합니다.","- 유관 부서 및 외부 파트너와 기준·일정·결과물 조율
- 검토 회의 운영과 의사결정 근거·변경 이력 문서화
- 성과지표 설정 및 결과 데이터 분석을 통한 개선안 제안
- 업무상 리스크 사전 점검과 문제 발생 시 원인 분석·후속 조치
- 재사용 가능한 체크리스트·가이드·템플릿 정비
- 고객 또는 내부 사용자의 피드백을 반영한 결과물 품질 개선
- 자산·시설·복리후생 운영 관련 연간·분기 실행계획 수립
- 계약·구매·안전 점검 자료 수집·정리 및 핵심 이슈 분석","- 자산·시설·복리후생 운영 관련 지식 또는 프로젝트·실무 경험을 보유한 분
- 계약·구매·안전 점검 자료를 정확히 해석하고 업무 문서로 구조화할 수 있는 분
- ERP·Excel 중 직무에 필요한 도구를 실무에 적용할 수 있는 분
- 유관 부서와 쟁점을 명확히 설명하고 일정에 맞춰 협업할 수 있는 분
- 문제 원인을 근거에 따라 분석하고 실행 가능한 대안을 제시할 수 있는 분
- 업무상 취급하는 개인정보와 기밀정보를 안전하게 관리할 수 있는 분","- 소방안전관리자 2급 보유자
- 산업안전기사 보유자
- 컴퓨터활용능력 1급 보유자
- 자산·시설·복리후생 운영 관련 프로젝트를 기획부터 결과 검토까지 수행한 경험
- ERP·Excel를 활용해 반복 업무를 개선하거나 품질 기준을 정립한 경험","- 지원서 또는 제출서류를 허위로 기재한 경우
- 채용 과정에서 부정한 방법을 사용한 경우
- 채용검진 결과 직무 수행이 어렵다고 판단되는 경우
- 관련 법령 또는 내부 인사규정상 채용이 불가능한 경우",서류전형 > 실무면접 > 최종면접
총무 프로젝트 담당 모집,156,11,20261113,20261213,11,경력,정규직,충청남도,전문학사 이상,"연구개발 중심 조직에서 자산·시설·복리후생 운영을 담당할 총무를 모집합니다. 이 포지션은 현장의 요구를 실행 가능한 계획과 결과물로 연결하는 역할입니다.

담당 범위는 계약·구매·안전 점검 자료를 바탕으로 기준을 수립하고, 우선순위에 따라 과제를 실행하며 품질과 일정을 함께 관리하는 것입니다.

법무·사무·총무 조직의 동료와 재무·영업·개발·운영 등 유관 부서, 필요한 경우 외부 파트너와 협업해 의사결정에 필요한 정보를 정리합니다.

이슈가 발생하면 사실과 데이터를 먼저 확인하고 원인을 구분한 뒤, 대안을 비교해 합의된 조치를 실행하고 재발 방지 내용을 문서화합니다.

입사 초기에는 기존 자료와 업무 흐름을 파악하고 ERP·Excel 환경을 익힌 뒤, 담당 영역의 개선 과제와 표준화 작업을 단계적으로 주도합니다.

성과는 결과물의 정확성, 일정 준수, 이해관계자와의 명확한 소통, 사용자와 사업에 미치는 영향을 기준으로 평가합니다.","- 검토 회의 운영과 의사결정 근거·변경 이력 문서화
- 성과지표 설정 및 결과 데이터 분석을 통한 개선안 제안
- 업무상 리스크 사전 점검과 문제 발생 시 원인 분석·후속 조치
- 재사용 가능한 체크리스트·가이드·템플릿 정비
- 고객 또는 내부 사용자의 피드백을 반영한 결과물 품질 개선
- 자산·시설·복리후생 운영 관련 연간·분기 실행계획 수립
- 계약·구매·안전 점검 자료 수집·정리 및 핵심 이슈 분석
- ERP·Excel를 활용한 업무 산출물 작성과 버전 관리
- 요구사항을 세부 과제와 일정으로 구체화하고 진행 현황 관리","- 자산·시설·복리후생 운영 관련 지식 또는 프로젝트·실무 경험을 보유한 분
- 계약·구매·안전 점검 자료를 정확히 해석하고 업무 문서로 구조화할 수 있는 분
- ERP·Excel 중 직무에 필요한 도구를 실무에 적용할 수 있는 분
- 유관 부서와 쟁점을 명확히 설명하고 일정에 맞춰 협업할 수 있는 분
- 문제 원인을 근거에 따라 분석하고 실행 가능한 대안을 제시할 수 있는 분
- 업무상 취급하는 개인정보와 기밀정보를 안전하게 관리할 수 있는 분
- 총무 또는 유사 분야의 경력 실무 경험을 보유한 분","- 산업안전기사 보유자
- 컴퓨터활용능력 1급 보유자
- 소방안전관리자 2급 보유자
- 자산·시설·복리후생 운영 관련 프로젝트를 기획부터 결과 검토까지 수행한 경험
- ERP·Excel를 활용해 반복 업무를 개선하거나 품질 기준을 정립한 경험
- 외부 파트너 또는 다양한 이해관계자와 복잡한 요구사항을 조율한 경험","- 제출한 경력·자격 증빙이 사실과 다른 경우
- 정해진 기한까지 필수 증빙서류를 제출하지 않은 경우
- 해외여행 및 근무에 결격사유가 있는 경우
- 채용 관련 비밀유지 의무를 위반한 경우",서류전형 > 인성검사 > 실무면접 > 최종면접
총무 운영 담당자 채용,49,11,20260218,20260323,14,신입·경력,계약직,경상남도,학사 이상,"플랫폼 운영 조직에서 자산·시설·복리후생 운영을 담당할 총무를 모집합니다. 이 포지션은 현장의 요구를 실행 가능한 계획과 결과물로 연결하는 역할입니다.

담당 범위는 계약·구매·안전 점검 자료를 바탕으로 기준을 수립하고, 우선순위에 따라 과제를 실행하며 품질과 일정을 함께 관리하는 것입니다.

법무·사무·총무 조직의 동료와 재무·영업·개발·운영 등 유관 부서, 필요한 경우 외부 파트너와 협업해 의사결정에 필요한 정보를 정리합니다.

이슈가 발생하면 사실과 데이터를 먼저 확인하고 원인을 구분한 뒤, 대안을 비교해 합의된 조치를 실행하고 재발 방지 내용을 문서화합니다.

입사 초기에는 기존 자료와 업무 흐름을 파악하고 ERP·Excel 환경을 익힌 뒤, 담당 영역의 개선 과제와 표준화 작업을 단계적으로 주도합니다.

성과는 결과물의 정확성, 일정 준수, 이해관계자와의 명확한 소통, 사용자와 사업에 미치는 영향을 기준으로 평가합니다.","- 성과지표 설정 및 결과 데이터 분석을 통한 개선안 제안
- 업무상 리스크 사전 점검과 문제 발생 시 원인 분석·후속 조치
- 재사용 가능한 체크리스트·가이드·템플릿 정비
- 고객 또는 내부 사용자의 피드백을 반영한 결과물 품질 개선
- 자산·시설·복리후생 운영 관련 연간·분기 실행계획 수립
- 계약·구매·안전 점검 자료 수집·정리 및 핵심 이슈 분석
- ERP·Excel를 활용한 업무 산출물 작성과 버전 관리","- 자산·시설·복리후생 운영 관련 지식 또는 프로젝트·실무 경험을 보유한 분
- 계약·구매·안전 점검 자료를 정확히 해석하고 업무 문서로 구조화할 수 있는 분
- ERP·Excel 중 직무에 필요한 도구를 실무에 적용할 수 있는 분
- 유관 부서와 쟁점을 명확히 설명하고 일정에 맞춰 협업할 수 있는 분
- 문제 원인을 근거에 따라 분석하고 실행 가능한 대안을 제시할 수 있는 분","- 컴퓨터활용능력 1급 보유자
- 소방안전관리자 2급 보유자
- 산업안전기사 보유자
- 자산·시설·복리후생 운영 관련 프로젝트를 기획부터 결과 검토까지 수행한 경험","- 지원 자격 또는 필수 면허 요건을 충족하지 못한 경우
- 전형 과정에서 타인의 결과물을 무단 사용한 경우
- 채용검진 결과 담당 업무 수행이 곤란한 경우
- 관계 법령상 취업이 제한되는 경우",서류전형 > 직무과제 > 실무면접 > 처우협의
총무 핵심인재 모집,144,11,20260423,20260529,17,경력 2년 이상,정규직,제주특별자치도,학사 이상,"브랜드 사업 조직에서 자산·시설·복리후생 운영을 담당할 총무를 모집합니다. 이 포지션은 현장의 요구를 실행 가능한 계획과 결과물로 연결하는 역할입니다.

담당 범위는 계약·구매·안전 점검 자료를 바탕으로 기준을 수립하고, 우선순위에 따라 과제를 실행하며 품질과 일정을 함께 관리하는 것입니다.

법무·사무·총무 조직의 동료와 재무·영업·개발·운영 등 유관 부서, 필요한 경우 외부 파트너와 협업해 의사결정에 필요한 정보를 정리합니다.

이슈가 발생하면 사실과 데이터를 먼저 확인하고 원인을 구분한 뒤, 대안을 비교해 합의된 조치를 실행하고 재발 방지 내용을 문서화합니다.

입사 초기에는 기존 자료와 업무 흐름을 파악하고 ERP·Excel 환경을 익힌 뒤, 담당 영역의 개선 과제와 표준화 작업을 단계적으로 주도합니다.

성과는 결과물의 정확성, 일정 준수, 이해관계자와의 명확한 소통, 사용자와 사업에 미치는 영향을 기준으로 평가합니다.","- 업무상 리스크 사전 점검과 문제 발생 시 원인 분석·후속 조치
- 재사용 가능한 체크리스트·가이드·템플릿 정비
- 고객 또는 내부 사용자의 피드백을 반영한 결과물 품질 개선
- 자산·시설·복리후생 운영 관련 연간·분기 실행계획 수립
- 계약·구매·안전 점검 자료 수집·정리 및 핵심 이슈 분석
- ERP·Excel를 활용한 업무 산출물 작성과 버전 관리
- 요구사항을 세부 과제와 일정으로 구체화하고 진행 현황 관리
- 유관 부서 및 외부 파트너와 기준·일정·결과물 조율","- 자산·시설·복리후생 운영 관련 지식 또는 프로젝트·실무 경험을 보유한 분
- 계약·구매·안전 점검 자료를 정확히 해석하고 업무 문서로 구조화할 수 있는 분
- ERP·Excel 중 직무에 필요한 도구를 실무에 적용할 수 있는 분
- 유관 부서와 쟁점을 명확히 설명하고 일정에 맞춰 협업할 수 있는 분
- 문제 원인을 근거에 따라 분석하고 실행 가능한 대안을 제시할 수 있는 분
- 업무상 취급하는 개인정보와 기밀정보를 안전하게 관리할 수 있는 분","- 소방안전관리자 2급 보유자
- 산업안전기사 보유자
- 컴퓨터활용능력 1급 보유자
- 자산·시설·복리후생 운영 관련 프로젝트를 기획부터 결과 검토까지 수행한 경험
- ERP·Excel를 활용해 반복 업무를 개선하거나 품질 기준을 정립한 경험","- 지원서 또는 제출서류를 허위로 기재한 경우
- 채용 과정에서 부정한 방법을 사용한 경우
- 채용검진 결과 직무 수행이 어렵다고 판단되는 경우
- 관련 법령 또는 내부 인사규정상 채용이 불가능한 경우",서류전형 > 1차면접 > 2차면접 > 채용검진
총무 전문가 채용,106,11,20260605,20260714,20,경력 3년 이상,무기계약직,서울특별시,석사 이상,"지역 기반 전문기관에서 자산·시설·복리후생 운영을 담당할 총무를 모집합니다. 이 포지션은 현장의 요구를 실행 가능한 계획과 결과물로 연결하는 역할입니다.

담당 범위는 계약·구매·안전 점검 자료를 바탕으로 기준을 수립하고, 우선순위에 따라 과제를 실행하며 품질과 일정을 함께 관리하는 것입니다.

법무·사무·총무 조직의 동료와 재무·영업·개발·운영 등 유관 부서, 필요한 경우 외부 파트너와 협업해 의사결정에 필요한 정보를 정리합니다.

이슈가 발생하면 사실과 데이터를 먼저 확인하고 원인을 구분한 뒤, 대안을 비교해 합의된 조치를 실행하고 재발 방지 내용을 문서화합니다.

입사 초기에는 기존 자료와 업무 흐름을 파악하고 ERP·Excel 환경을 익힌 뒤, 담당 영역의 개선 과제와 표준화 작업을 단계적으로 주도합니다.

성과는 결과물의 정확성, 일정 준수, 이해관계자와의 명확한 소통, 사용자와 사업에 미치는 영향을 기준으로 평가합니다.","- 재사용 가능한 체크리스트·가이드·템플릿 정비
- 고객 또는 내부 사용자의 피드백을 반영한 결과물 품질 개선
- 자산·시설·복리후생 운영 관련 연간·분기 실행계획 수립
- 계약·구매·안전 점검 자료 수집·정리 및 핵심 이슈 분석
- ERP·Excel를 활용한 업무 산출물 작성과 버전 관리
- 요구사항을 세부 과제와 일정으로 구체화하고 진행 현황 관리
- 유관 부서 및 외부 파트너와 기준·일정·결과물 조율
- 검토 회의 운영과 의사결정 근거·변경 이력 문서화
- 성과지표 설정 및 결과 데이터 분석을 통한 개선안 제안","- 자산·시설·복리후생 운영 관련 지식 또는 프로젝트·실무 경험을 보유한 분
- 계약·구매·안전 점검 자료를 정확히 해석하고 업무 문서로 구조화할 수 있는 분
- ERP·Excel 중 직무에 필요한 도구를 실무에 적용할 수 있는 분
- 유관 부서와 쟁점을 명확히 설명하고 일정에 맞춰 협업할 수 있는 분
- 문제 원인을 근거에 따라 분석하고 실행 가능한 대안을 제시할 수 있는 분
- 업무상 취급하는 개인정보와 기밀정보를 안전하게 관리할 수 있는 분
- 총무 또는 유사 분야의 3년 이상 실무 경험을 보유한 분","- 산업안전기사 보유자
- 컴퓨터활용능력 1급 보유자
- 소방안전관리자 2급 보유자
- 자산·시설·복리후생 운영 관련 프로젝트를 기획부터 결과 검토까지 수행한 경험
- ERP·Excel를 활용해 반복 업무를 개선하거나 품질 기준을 정립한 경험
- 외부 파트너 또는 다양한 이해관계자와 복잡한 요구사항을 조율한 경험","- 제출한 경력·자격 증빙이 사실과 다른 경우
- 정해진 기한까지 필수 증빙서류를 제출하지 않은 경우
- 해외여행 및 근무에 결격사유가 있는 경우
- 채용 관련 비밀유지 의무를 위반한 경우",서류전형 > 필기전형 > 면접전형 > 최종합격
총무 신규 인력 모집,81,11,20260810,20260921,3,신입,정규직,경기도,학력무관,"디지털 서비스 조직에서 자산·시설·복리후생 운영을 담당할 총무를 모집합니다. 이 포지션은 현장의 요구를 실행 가능한 계획과 결과물로 연결하는 역할입니다.

담당 범위는 계약·구매·안전 점검 자료를 바탕으로 기준을 수립하고, 우선순위에 따라 과제를 실행하며 품질과 일정을 함께 관리하는 것입니다.

법무·사무·총무 조직의 동료와 재무·영업·개발·운영 등 유관 부서, 필요한 경우 외부 파트너와 협업해 의사결정에 필요한 정보를 정리합니다.

이슈가 발생하면 사실과 데이터를 먼저 확인하고 원인을 구분한 뒤, 대안을 비교해 합의된 조치를 실행하고 재발 방지 내용을 문서화합니다.

입사 초기에는 기존 자료와 업무 흐름을 파악하고 ERP·Excel 환경을 익힌 뒤, 담당 영역의 개선 과제와 표준화 작업을 단계적으로 주도합니다.

성과는 결과물의 정확성, 일정 준수, 이해관계자와의 명확한 소통, 사용자와 사업에 미치는 영향을 기준으로 평가합니다.","- 고객 또는 내부 사용자의 피드백을 반영한 결과물 품질 개선
- 자산·시설·복리후생 운영 관련 연간·분기 실행계획 수립
- 계약·구매·안전 점검 자료 수집·정리 및 핵심 이슈 분석
- ERP·Excel를 활용한 업무 산출물 작성과 버전 관리
- 요구사항을 세부 과제와 일정으로 구체화하고 진행 현황 관리
- 유관 부서 및 외부 파트너와 기준·일정·결과물 조율
- 검토 회의 운영과 의사결정 근거·변경 이력 문서화","- 자산·시설·복리후생 운영 관련 지식 또는 프로젝트·실무 경험을 보유한 분
- 계약·구매·안전 점검 자료를 정확히 해석하고 업무 문서로 구조화할 수 있는 분
- ERP·Excel 중 직무에 필요한 도구를 실무에 적용할 수 있는 분
- 유관 부서와 쟁점을 명확히 설명하고 일정에 맞춰 협업할 수 있는 분
- 문제 원인을 근거에 따라 분석하고 실행 가능한 대안을 제시할 수 있는 분","- 컴퓨터활용능력 1급 보유자
- 소방안전관리자 2급 보유자
- 산업안전기사 보유자
- 자산·시설·복리후생 운영 관련 프로젝트를 기획부터 결과 검토까지 수행한 경험","- 지원 자격 또는 필수 면허 요건을 충족하지 못한 경우
- 전형 과정에서 타인의 결과물을 무단 사용한 경우
- 채용검진 결과 담당 업무 수행이 곤란한 경우
- 관계 법령상 취업이 제한되는 경우",서류전형 > 실무면접 > 최종면접
사무보조 담당자 모집,129,12,20260214,20260308,1,신입·경력,정규직,부산광역시,학사 이상,"중견기업 전략 조직에서 자료 입력·문서 편집·행정 지원을 담당할 사무보조를 모집합니다. 이 포지션은 현장의 요구를 실행 가능한 계획과 결과물로 연결하는 역할입니다.

담당 범위는 전표·회의자료·우편물를 바탕으로 기준을 수립하고, 우선순위에 따라 과제를 실행하며 품질과 일정을 함께 관리하는 것입니다.

법무·사무·총무 조직의 동료와 재무·영업·개발·운영 등 유관 부서, 필요한 경우 외부 파트너와 협업해 의사결정에 필요한 정보를 정리합니다.

이슈가 발생하면 사실과 데이터를 먼저 확인하고 원인을 구분한 뒤, 대안을 비교해 합의된 조치를 실행하고 재발 방지 내용을 문서화합니다.

입사 초기에는 기존 자료와 업무 흐름을 파악하고 Excel·한글 환경을 익힌 뒤, 담당 영역의 개선 과제와 표준화 작업을 단계적으로 주도합니다.

성과는 결과물의 정확성, 일정 준수, 이해관계자와의 명확한 소통, 사용자와 사업에 미치는 영향을 기준으로 평가합니다.","- 자료 입력·문서 편집·행정 지원 관련 연간·분기 실행계획 수립
- 전표·회의자료·우편물 수집·정리 및 핵심 이슈 분석
- Excel·한글를 활용한 업무 산출물 작성과 버전 관리
- 요구사항을 세부 과제와 일정으로 구체화하고 진행 현황 관리
- 유관 부서 및 외부 파트너와 기준·일정·결과물 조율
- 검토 회의 운영과 의사결정 근거·변경 이력 문서화
- 성과지표 설정 및 결과 데이터 분석을 통한 개선안 제안","- 자료 입력·문서 편집·행정 지원 관련 지식 또는 프로젝트·실무 경험을 보유한 분
- 전표·회의자료·우편물를 정확히 해석하고 업무 문서로 구조화할 수 있는 분
- Excel·한글 중 직무에 필요한 도구를 실무에 적용할 수 있는 분
- 유관 부서와 쟁점을 명확히 설명하고 일정에 맞춰 협업할 수 있는 분
- 문제 원인을 근거에 따라 분석하고 실행 가능한 대안을 제시할 수 있는 분","- 컴퓨터활용능력 2급 보유자
- 워드프로세서 보유자
- ITQ 한글 A등급 보유자
- 자료 입력·문서 편집·행정 지원 관련 프로젝트를 기획부터 결과 검토까지 수행한 경험","- 지원서 또는 제출서류를 허위로 기재한 경우
- 채용 과정에서 부정한 방법을 사용한 경우
- 채용검진 결과 직무 수행이 어렵다고 판단되는 경우
- 관련 법령 또는 내부 인사규정상 채용이 불가능한 경우",서류전형 > 직무과제 > 실무면접 > 처우협의
사무보조 실무자 채용,153,12,20260419,20260514,4,경력 3년 이상,무기계약직,광주광역시,학사 이상,"공공서비스 운영기관에서 자료 입력·문서 편집·행정 지원을 담당할 사무보조를 모집합니다. 이 포지션은 현장의 요구를 실행 가능한 계획과 결과물로 연결하는 역할입니다.

담당 범위는 전표·회의자료·우편물를 바탕으로 기준을 수립하고, 우선순위에 따라 과제를 실행하며 품질과 일정을 함께 관리하는 것입니다.

법무·사무·총무 조직의 동료와 재무·영업·개발·운영 등 유관 부서, 필요한 경우 외부 파트너와 협업해 의사결정에 필요한 정보를 정리합니다.

이슈가 발생하면 사실과 데이터를 먼저 확인하고 원인을 구분한 뒤, 대안을 비교해 합의된 조치를 실행하고 재발 방지 내용을 문서화합니다.

입사 초기에는 기존 자료와 업무 흐름을 파악하고 Excel·한글 환경을 익힌 뒤, 담당 영역의 개선 과제와 표준화 작업을 단계적으로 주도합니다.

성과는 결과물의 정확성, 일정 준수, 이해관계자와의 명확한 소통, 사용자와 사업에 미치는 영향을 기준으로 평가합니다.","- 전표·회의자료·우편물 수집·정리 및 핵심 이슈 분석
- Excel·한글를 활용한 업무 산출물 작성과 버전 관리
- 요구사항을 세부 과제와 일정으로 구체화하고 진행 현황 관리
- 유관 부서 및 외부 파트너와 기준·일정·결과물 조율
- 검토 회의 운영과 의사결정 근거·변경 이력 문서화
- 성과지표 설정 및 결과 데이터 분석을 통한 개선안 제안
- 업무상 리스크 사전 점검과 문제 발생 시 원인 분석·후속 조치
- 재사용 가능한 체크리스트·가이드·템플릿 정비","- 자료 입력·문서 편집·행정 지원 관련 지식 또는 프로젝트·실무 경험을 보유한 분
- 전표·회의자료·우편물를 정확히 해석하고 업무 문서로 구조화할 수 있는 분
- Excel·한글 중 직무에 필요한 도구를 실무에 적용할 수 있는 분
- 유관 부서와 쟁점을 명확히 설명하고 일정에 맞춰 협업할 수 있는 분
- 문제 원인을 근거에 따라 분석하고 실행 가능한 대안을 제시할 수 있는 분
- 업무상 취급하는 개인정보와 기밀정보를 안전하게 관리할 수 있는 분","- 워드프로세서 보유자
- ITQ 한글 A등급 보유자
- 컴퓨터활용능력 2급 보유자
- 자료 입력·문서 편집·행정 지원 관련 프로젝트를 기획부터 결과 검토까지 수행한 경험
- Excel·한글를 활용해 반복 업무를 개선하거나 품질 기준을 정립한 경험","- 제출한 경력·자격 증빙이 사실과 다른 경우
- 정해진 기한까지 필수 증빙서류를 제출하지 않은 경우
- 해외여행 및 근무에 결격사유가 있는 경우
- 채용 관련 비밀유지 의무를 위반한 경우",서류전형 > 1차면접 > 2차면접 > 채용검진
사무보조 전문인력 모집,79,12,20260601,20260629,7,경력 무관,정규직,세종특별자치시,석사 이상,"전문 컨설팅 조직에서 자료 입력·문서 편집·행정 지원을 담당할 사무보조를 모집합니다. 이 포지션은 현장의 요구를 실행 가능한 계획과 결과물로 연결하는 역할입니다.

담당 범위는 전표·회의자료·우편물를 바탕으로 기준을 수립하고, 우선순위에 따라 과제를 실행하며 품질과 일정을 함께 관리하는 것입니다.

법무·사무·총무 조직의 동료와 재무·영업·개발·운영 등 유관 부서, 필요한 경우 외부 파트너와 협업해 의사결정에 필요한 정보를 정리합니다.

이슈가 발생하면 사실과 데이터를 먼저 확인하고 원인을 구분한 뒤, 대안을 비교해 합의된 조치를 실행하고 재발 방지 내용을 문서화합니다.

입사 초기에는 기존 자료와 업무 흐름을 파악하고 Excel·한글 환경을 익힌 뒤, 담당 영역의 개선 과제와 표준화 작업을 단계적으로 주도합니다.

성과는 결과물의 정확성, 일정 준수, 이해관계자와의 명확한 소통, 사용자와 사업에 미치는 영향을 기준으로 평가합니다.","- Excel·한글를 활용한 업무 산출물 작성과 버전 관리
- 요구사항을 세부 과제와 일정으로 구체화하고 진행 현황 관리
- 유관 부서 및 외부 파트너와 기준·일정·결과물 조율
- 검토 회의 운영과 의사결정 근거·변경 이력 문서화
- 성과지표 설정 및 결과 데이터 분석을 통한 개선안 제안
- 업무상 리스크 사전 점검과 문제 발생 시 원인 분석·후속 조치
- 재사용 가능한 체크리스트·가이드·템플릿 정비
- 고객 또는 내부 사용자의 피드백을 반영한 결과물 품질 개선
- 자료 입력·문서 편집·행정 지원 관련 연간·분기 실행계획 수립","- 자료 입력·문서 편집·행정 지원 관련 지식 또는 프로젝트·실무 경험을 보유한 분
- 전표·회의자료·우편물를 정확히 해석하고 업무 문서로 구조화할 수 있는 분
- Excel·한글 중 직무에 필요한 도구를 실무에 적용할 수 있는 분
- 유관 부서와 쟁점을 명확히 설명하고 일정에 맞춰 협업할 수 있는 분
- 문제 원인을 근거에 따라 분석하고 실행 가능한 대안을 제시할 수 있는 분
- 업무상 취급하는 개인정보와 기밀정보를 안전하게 관리할 수 있는 분
- 새로운 업무 기준과 도구를 빠르게 학습할 수 있는 분","- ITQ 한글 A등급 보유자
- 컴퓨터활용능력 2급 보유자
- 워드프로세서 보유자
- 자료 입력·문서 편집·행정 지원 관련 프로젝트를 기획부터 결과 검토까지 수행한 경험
- Excel·한글를 활용해 반복 업무를 개선하거나 품질 기준을 정립한 경험
- 외부 파트너 또는 다양한 이해관계자와 복잡한 요구사항을 조율한 경험","- 지원 자격 또는 필수 면허 요건을 충족하지 못한 경우
- 전형 과정에서 타인의 결과물을 무단 사용한 경우
- 채용검진 결과 담당 업무 수행이 곤란한 경우
- 관계 법령상 취업이 제한되는 경우",서류전형 > 필기전형 > 면접전형 > 최종합격
사무보조 인재 채용,100,12,20260806,20260906,10,경력 5년 이상,기간제,충청남도,학력무관,"글로벌 사업 조직에서 자료 입력·문서 편집·행정 지원을 담당할 사무보조를 모집합니다. 이 포지션은 현장의 요구를 실행 가능한 계획과 결과물로 연결하는 역할입니다.

담당 범위는 전표·회의자료·우편물를 바탕으로 기준을 수립하고, 우선순위에 따라 과제를 실행하며 품질과 일정을 함께 관리하는 것입니다.

법무·사무·총무 조직의 동료와 재무·영업·개발·운영 등 유관 부서, 필요한 경우 외부 파트너와 협업해 의사결정에 필요한 정보를 정리합니다.

이슈가 발생하면 사실과 데이터를 먼저 확인하고 원인을 구분한 뒤, 대안을 비교해 합의된 조치를 실행하고 재발 방지 내용을 문서화합니다.

입사 초기에는 기존 자료와 업무 흐름을 파악하고 Excel·한글 환경을 익힌 뒤, 담당 영역의 개선 과제와 표준화 작업을 단계적으로 주도합니다.

성과는 결과물의 정확성, 일정 준수, 이해관계자와의 명확한 소통, 사용자와 사업에 미치는 영향을 기준으로 평가합니다.","- 요구사항을 세부 과제와 일정으로 구체화하고 진행 현황 관리
- 유관 부서 및 외부 파트너와 기준·일정·결과물 조율
- 검토 회의 운영과 의사결정 근거·변경 이력 문서화
- 성과지표 설정 및 결과 데이터 분석을 통한 개선안 제안
- 업무상 리스크 사전 점검과 문제 발생 시 원인 분석·후속 조치
- 재사용 가능한 체크리스트·가이드·템플릿 정비
- 고객 또는 내부 사용자의 피드백을 반영한 결과물 품질 개선","- 자료 입력·문서 편집·행정 지원 관련 지식 또는 프로젝트·실무 경험을 보유한 분
- 전표·회의자료·우편물를 정확히 해석하고 업무 문서로 구조화할 수 있는 분
- Excel·한글 중 직무에 필요한 도구를 실무에 적용할 수 있는 분
- 유관 부서와 쟁점을 명확히 설명하고 일정에 맞춰 협업할 수 있는 분
- 문제 원인을 근거에 따라 분석하고 실행 가능한 대안을 제시할 수 있는 분","- 컴퓨터활용능력 2급 보유자
- 워드프로세서 보유자
- ITQ 한글 A등급 보유자
- 자료 입력·문서 편집·행정 지원 관련 프로젝트를 기획부터 결과 검토까지 수행한 경험","- 지원서 또는 제출서류를 허위로 기재한 경우
- 채용 과정에서 부정한 방법을 사용한 경우
- 채용검진 결과 직무 수행이 어렵다고 판단되는 경우
- 관련 법령 또는 내부 인사규정상 채용이 불가능한 경우",서류전형 > 실무면접 > 최종면접
사무보조 공개채용,35,12,20261011,20261114,13,경력,정규직,경상남도,전문학사 이상,"연구개발 중심 조직에서 자료 입력·문서 편집·행정 지원을 담당할 사무보조를 모집합니다. 이 포지션은 현장의 요구를 실행 가능한 계획과 결과물로 연결하는 역할입니다.

담당 범위는 전표·회의자료·우편물를 바탕으로 기준을 수립하고, 우선순위에 따라 과제를 실행하며 품질과 일정을 함께 관리하는 것입니다.

법무·사무·총무 조직의 동료와 재무·영업·개발·운영 등 유관 부서, 필요한 경우 외부 파트너와 협업해 의사결정에 필요한 정보를 정리합니다.

이슈가 발생하면 사실과 데이터를 먼저 확인하고 원인을 구분한 뒤, 대안을 비교해 합의된 조치를 실행하고 재발 방지 내용을 문서화합니다.

입사 초기에는 기존 자료와 업무 흐름을 파악하고 Excel·한글 환경을 익힌 뒤, 담당 영역의 개선 과제와 표준화 작업을 단계적으로 주도합니다.

성과는 결과물의 정확성, 일정 준수, 이해관계자와의 명확한 소통, 사용자와 사업에 미치는 영향을 기준으로 평가합니다.","- 유관 부서 및 외부 파트너와 기준·일정·결과물 조율
- 검토 회의 운영과 의사결정 근거·변경 이력 문서화
- 성과지표 설정 및 결과 데이터 분석을 통한 개선안 제안
- 업무상 리스크 사전 점검과 문제 발생 시 원인 분석·후속 조치
- 재사용 가능한 체크리스트·가이드·템플릿 정비
- 고객 또는 내부 사용자의 피드백을 반영한 결과물 품질 개선
- 자료 입력·문서 편집·행정 지원 관련 연간·분기 실행계획 수립
- 전표·회의자료·우편물 수집·정리 및 핵심 이슈 분석","- 자료 입력·문서 편집·행정 지원 관련 지식 또는 프로젝트·실무 경험을 보유한 분
- 전표·회의자료·우편물를 정확히 해석하고 업무 문서로 구조화할 수 있는 분
- Excel·한글 중 직무에 필요한 도구를 실무에 적용할 수 있는 분
- 유관 부서와 쟁점을 명확히 설명하고 일정에 맞춰 협업할 수 있는 분
- 문제 원인을 근거에 따라 분석하고 실행 가능한 대안을 제시할 수 있는 분
- 업무상 취급하는 개인정보와 기밀정보를 안전하게 관리할 수 있는 분","- 워드프로세서 보유자
- ITQ 한글 A등급 보유자
- 컴퓨터활용능력 2급 보유자
- 자료 입력·문서 편집·행정 지원 관련 프로젝트를 기획부터 결과 검토까지 수행한 경험
- Excel·한글를 활용해 반복 업무를 개선하거나 품질 기준을 정립한 경험","- 제출한 경력·자격 증빙이 사실과 다른 경우
- 정해진 기한까지 필수 증빙서류를 제출하지 않은 경우
- 해외여행 및 근무에 결격사유가 있는 경우
- 채용 관련 비밀유지 의무를 위반한 경우",서류전형 > 인성검사 > 실무면접 > 최종면접
사무보조 프로젝트 담당 모집,15,12,20260116,20260222,16,신입·경력,계약직,제주특별자치도,학사 이상,"플랫폼 운영 조직에서 자료 입력·문서 편집·행정 지원을 담당할 사무보조를 모집합니다. 이 포지션은 현장의 요구를 실행 가능한 계획과 결과물로 연결하는 역할입니다.

담당 범위는 전표·회의자료·우편물를 바탕으로 기준을 수립하고, 우선순위에 따라 과제를 실행하며 품질과 일정을 함께 관리하는 것입니다.

법무·사무·총무 조직의 동료와 재무·영업·개발·운영 등 유관 부서, 필요한 경우 외부 파트너와 협업해 의사결정에 필요한 정보를 정리합니다.

이슈가 발생하면 사실과 데이터를 먼저 확인하고 원인을 구분한 뒤, 대안을 비교해 합의된 조치를 실행하고 재발 방지 내용을 문서화합니다.

입사 초기에는 기존 자료와 업무 흐름을 파악하고 Excel·한글 환경을 익힌 뒤, 담당 영역의 개선 과제와 표준화 작업을 단계적으로 주도합니다.

성과는 결과물의 정확성, 일정 준수, 이해관계자와의 명확한 소통, 사용자와 사업에 미치는 영향을 기준으로 평가합니다.","- 검토 회의 운영과 의사결정 근거·변경 이력 문서화
- 성과지표 설정 및 결과 데이터 분석을 통한 개선안 제안
- 업무상 리스크 사전 점검과 문제 발생 시 원인 분석·후속 조치
- 재사용 가능한 체크리스트·가이드·템플릿 정비
- 고객 또는 내부 사용자의 피드백을 반영한 결과물 품질 개선
- 자료 입력·문서 편집·행정 지원 관련 연간·분기 실행계획 수립
- 전표·회의자료·우편물 수집·정리 및 핵심 이슈 분석
- Excel·한글를 활용한 업무 산출물 작성과 버전 관리
- 요구사항을 세부 과제와 일정으로 구체화하고 진행 현황 관리","- 자료 입력·문서 편집·행정 지원 관련 지식 또는 프로젝트·실무 경험을 보유한 분
- 전표·회의자료·우편물를 정확히 해석하고 업무 문서로 구조화할 수 있는 분
- Excel·한글 중 직무에 필요한 도구를 실무에 적용할 수 있는 분
- 유관 부서와 쟁점을 명확히 설명하고 일정에 맞춰 협업할 수 있는 분
- 문제 원인을 근거에 따라 분석하고 실행 가능한 대안을 제시할 수 있는 분
- 업무상 취급하는 개인정보와 기밀정보를 안전하게 관리할 수 있는 분
- 사무보조 또는 유사 분야의 신입·경력 실무 경험을 보유한 분","- ITQ 한글 A등급 보유자
- 컴퓨터활용능력 2급 보유자
- 워드프로세서 보유자
- 자료 입력·문서 편집·행정 지원 관련 프로젝트를 기획부터 결과 검토까지 수행한 경험
- Excel·한글를 활용해 반복 업무를 개선하거나 품질 기준을 정립한 경험
- 외부 파트너 또는 다양한 이해관계자와 복잡한 요구사항을 조율한 경험","- 지원 자격 또는 필수 면허 요건을 충족하지 못한 경우
- 전형 과정에서 타인의 결과물을 무단 사용한 경우
- 채용검진 결과 담당 업무 수행이 곤란한 경우
- 관계 법령상 취업이 제한되는 경우",서류전형 > 직무과제 > 실무면접 > 처우협의
사무보조 운영 담당자 채용,158,12,20260321,20260430,19,경력 2년 이상,정규직,서울특별시,학사 이상,"브랜드 사업 조직에서 자료 입력·문서 편집·행정 지원을 담당할 사무보조를 모집합니다. 이 포지션은 현장의 요구를 실행 가능한 계획과 결과물로 연결하는 역할입니다.

담당 범위는 전표·회의자료·우편물를 바탕으로 기준을 수립하고, 우선순위에 따라 과제를 실행하며 품질과 일정을 함께 관리하는 것입니다.

법무·사무·총무 조직의 동료와 재무·영업·개발·운영 등 유관 부서, 필요한 경우 외부 파트너와 협업해 의사결정에 필요한 정보를 정리합니다.

이슈가 발생하면 사실과 데이터를 먼저 확인하고 원인을 구분한 뒤, 대안을 비교해 합의된 조치를 실행하고 재발 방지 내용을 문서화합니다.

입사 초기에는 기존 자료와 업무 흐름을 파악하고 Excel·한글 환경을 익힌 뒤, 담당 영역의 개선 과제와 표준화 작업을 단계적으로 주도합니다.

성과는 결과물의 정확성, 일정 준수, 이해관계자와의 명확한 소통, 사용자와 사업에 미치는 영향을 기준으로 평가합니다.","- 성과지표 설정 및 결과 데이터 분석을 통한 개선안 제안
- 업무상 리스크 사전 점검과 문제 발생 시 원인 분석·후속 조치
- 재사용 가능한 체크리스트·가이드·템플릿 정비
- 고객 또는 내부 사용자의 피드백을 반영한 결과물 품질 개선
- 자료 입력·문서 편집·행정 지원 관련 연간·분기 실행계획 수립
- 전표·회의자료·우편물 수집·정리 및 핵심 이슈 분석
- Excel·한글를 활용한 업무 산출물 작성과 버전 관리","- 자료 입력·문서 편집·행정 지원 관련 지식 또는 프로젝트·실무 경험을 보유한 분
- 전표·회의자료·우편물를 정확히 해석하고 업무 문서로 구조화할 수 있는 분
- Excel·한글 중 직무에 필요한 도구를 실무에 적용할 수 있는 분
- 유관 부서와 쟁점을 명확히 설명하고 일정에 맞춰 협업할 수 있는 분
- 문제 원인을 근거에 따라 분석하고 실행 가능한 대안을 제시할 수 있는 분","- 컴퓨터활용능력 2급 보유자
- 워드프로세서 보유자
- ITQ 한글 A등급 보유자
- 자료 입력·문서 편집·행정 지원 관련 프로젝트를 기획부터 결과 검토까지 수행한 경험","- 지원서 또는 제출서류를 허위로 기재한 경우
- 채용 과정에서 부정한 방법을 사용한 경우
- 채용검진 결과 직무 수행이 어렵다고 판단되는 경우
- 관련 법령 또는 내부 인사규정상 채용이 불가능한 경우",서류전형 > 1차면접 > 2차면접 > 채용검진
사무보조 핵심인재 모집,14,12,20260503,20260615,2,경력 3년 이상,무기계약직,경기도,석사 이상,"지역 기반 전문기관에서 자료 입력·문서 편집·행정 지원을 담당할 사무보조를 모집합니다. 이 포지션은 현장의 요구를 실행 가능한 계획과 결과물로 연결하는 역할입니다.

담당 범위는 전표·회의자료·우편물를 바탕으로 기준을 수립하고, 우선순위에 따라 과제를 실행하며 품질과 일정을 함께 관리하는 것입니다.

법무·사무·총무 조직의 동료와 재무·영업·개발·운영 등 유관 부서, 필요한 경우 외부 파트너와 협업해 의사결정에 필요한 정보를 정리합니다.

이슈가 발생하면 사실과 데이터를 먼저 확인하고 원인을 구분한 뒤, 대안을 비교해 합의된 조치를 실행하고 재발 방지 내용을 문서화합니다.

입사 초기에는 기존 자료와 업무 흐름을 파악하고 Excel·한글 환경을 익힌 뒤, 담당 영역의 개선 과제와 표준화 작업을 단계적으로 주도합니다.

성과는 결과물의 정확성, 일정 준수, 이해관계자와의 명확한 소통, 사용자와 사업에 미치는 영향을 기준으로 평가합니다.","- 업무상 리스크 사전 점검과 문제 발생 시 원인 분석·후속 조치
- 재사용 가능한 체크리스트·가이드·템플릿 정비
- 고객 또는 내부 사용자의 피드백을 반영한 결과물 품질 개선
- 자료 입력·문서 편집·행정 지원 관련 연간·분기 실행계획 수립
- 전표·회의자료·우편물 수집·정리 및 핵심 이슈 분석
- Excel·한글를 활용한 업무 산출물 작성과 버전 관리
- 요구사항을 세부 과제와 일정으로 구체화하고 진행 현황 관리
- 유관 부서 및 외부 파트너와 기준·일정·결과물 조율","- 자료 입력·문서 편집·행정 지원 관련 지식 또는 프로젝트·실무 경험을 보유한 분
- 전표·회의자료·우편물를 정확히 해석하고 업무 문서로 구조화할 수 있는 분
- Excel·한글 중 직무에 필요한 도구를 실무에 적용할 수 있는 분
- 유관 부서와 쟁점을 명확히 설명하고 일정에 맞춰 협업할 수 있는 분
- 문제 원인을 근거에 따라 분석하고 실행 가능한 대안을 제시할 수 있는 분
- 업무상 취급하는 개인정보와 기밀정보를 안전하게 관리할 수 있는 분","- 워드프로세서 보유자
- ITQ 한글 A등급 보유자
- 컴퓨터활용능력 2급 보유자
- 자료 입력·문서 편집·행정 지원 관련 프로젝트를 기획부터 결과 검토까지 수행한 경험
- Excel·한글를 활용해 반복 업무를 개선하거나 품질 기준을 정립한 경험","- 제출한 경력·자격 증빙이 사실과 다른 경우
- 정해진 기한까지 필수 증빙서류를 제출하지 않은 경우
- 해외여행 및 근무에 결격사유가 있는 경우
- 채용 관련 비밀유지 의무를 위반한 경우",서류전형 > 필기전형 > 면접전형 > 최종합격
사무보조 전문가 채용,75,12,20260708,20260718,5,신입,정규직,인천광역시,학력무관,"디지털 서비스 조직에서 자료 입력·문서 편집·행정 지원을 담당할 사무보조를 모집합니다. 이 포지션은 현장의 요구를 실행 가능한 계획과 결과물로 연결하는 역할입니다.

담당 범위는 전표·회의자료·우편물를 바탕으로 기준을 수립하고, 우선순위에 따라 과제를 실행하며 품질과 일정을 함께 관리하는 것입니다.

법무·사무·총무 조직의 동료와 재무·영업·개발·운영 등 유관 부서, 필요한 경우 외부 파트너와 협업해 의사결정에 필요한 정보를 정리합니다.

이슈가 발생하면 사실과 데이터를 먼저 확인하고 원인을 구분한 뒤, 대안을 비교해 합의된 조치를 실행하고 재발 방지 내용을 문서화합니다.

입사 초기에는 기존 자료와 업무 흐름을 파악하고 Excel·한글 환경을 익힌 뒤, 담당 영역의 개선 과제와 표준화 작업을 단계적으로 주도합니다.

성과는 결과물의 정확성, 일정 준수, 이해관계자와의 명확한 소통, 사용자와 사업에 미치는 영향을 기준으로 평가합니다.","- 재사용 가능한 체크리스트·가이드·템플릿 정비
- 고객 또는 내부 사용자의 피드백을 반영한 결과물 품질 개선
- 자료 입력·문서 편집·행정 지원 관련 연간·분기 실행계획 수립
- 전표·회의자료·우편물 수집·정리 및 핵심 이슈 분석
- Excel·한글를 활용한 업무 산출물 작성과 버전 관리
- 요구사항을 세부 과제와 일정으로 구체화하고 진행 현황 관리
- 유관 부서 및 외부 파트너와 기준·일정·결과물 조율
- 검토 회의 운영과 의사결정 근거·변경 이력 문서화
- 성과지표 설정 및 결과 데이터 분석을 통한 개선안 제안","- 자료 입력·문서 편집·행정 지원 관련 지식 또는 프로젝트·실무 경험을 보유한 분
- 전표·회의자료·우편물를 정확히 해석하고 업무 문서로 구조화할 수 있는 분
- Excel·한글 중 직무에 필요한 도구를 실무에 적용할 수 있는 분
- 유관 부서와 쟁점을 명확히 설명하고 일정에 맞춰 협업할 수 있는 분
- 문제 원인을 근거에 따라 분석하고 실행 가능한 대안을 제시할 수 있는 분
- 업무상 취급하는 개인정보와 기밀정보를 안전하게 관리할 수 있는 분
- 새로운 업무 기준과 도구를 빠르게 학습할 수 있는 분","- ITQ 한글 A등급 보유자
- 컴퓨터활용능력 2급 보유자
- 워드프로세서 보유자
- 자료 입력·문서 편집·행정 지원 관련 프로젝트를 기획부터 결과 검토까지 수행한 경험
- Excel·한글를 활용해 반복 업무를 개선하거나 품질 기준을 정립한 경험
- 외부 파트너 또는 다양한 이해관계자와 복잡한 요구사항을 조율한 경험","- 지원 자격 또는 필수 면허 요건을 충족하지 못한 경우
- 전형 과정에서 타인의 결과물을 무단 사용한 경우
- 채용검진 결과 담당 업무 수행이 곤란한 경우
- 관계 법령상 취업이 제한되는 경우",서류전형 > 실무면접 > 최종면접
사무보조 신규 인력 모집,34,12,20260913,20260926,8,경력 2년 이상,계약직,대전광역시,전문학사 이상,"성장 단계 스타트업에서 자료 입력·문서 편집·행정 지원을 담당할 사무보조를 모집합니다. 이 포지션은 현장의 요구를 실행 가능한 계획과 결과물로 연결하는 역할입니다.

담당 범위는 전표·회의자료·우편물를 바탕으로 기준을 수립하고, 우선순위에 따라 과제를 실행하며 품질과 일정을 함께 관리하는 것입니다.

법무·사무·총무 조직의 동료와 재무·영업·개발·운영 등 유관 부서, 필요한 경우 외부 파트너와 협업해 의사결정에 필요한 정보를 정리합니다.

이슈가 발생하면 사실과 데이터를 먼저 확인하고 원인을 구분한 뒤, 대안을 비교해 합의된 조치를 실행하고 재발 방지 내용을 문서화합니다.

입사 초기에는 기존 자료와 업무 흐름을 파악하고 Excel·한글 환경을 익힌 뒤, 담당 영역의 개선 과제와 표준화 작업을 단계적으로 주도합니다.

성과는 결과물의 정확성, 일정 준수, 이해관계자와의 명확한 소통, 사용자와 사업에 미치는 영향을 기준으로 평가합니다.","- 고객 또는 내부 사용자의 피드백을 반영한 결과물 품질 개선
- 자료 입력·문서 편집·행정 지원 관련 연간·분기 실행계획 수립
- 전표·회의자료·우편물 수집·정리 및 핵심 이슈 분석
- Excel·한글를 활용한 업무 산출물 작성과 버전 관리
- 요구사항을 세부 과제와 일정으로 구체화하고 진행 현황 관리
- 유관 부서 및 외부 파트너와 기준·일정·결과물 조율
- 검토 회의 운영과 의사결정 근거·변경 이력 문서화","- 자료 입력·문서 편집·행정 지원 관련 지식 또는 프로젝트·실무 경험을 보유한 분
- 전표·회의자료·우편물를 정확히 해석하고 업무 문서로 구조화할 수 있는 분
- Excel·한글 중 직무에 필요한 도구를 실무에 적용할 수 있는 분
- 유관 부서와 쟁점을 명확히 설명하고 일정에 맞춰 협업할 수 있는 분
- 문제 원인을 근거에 따라 분석하고 실행 가능한 대안을 제시할 수 있는 분","- 컴퓨터활용능력 2급 보유자
- 워드프로세서 보유자
- ITQ 한글 A등급 보유자
- 자료 입력·문서 편집·행정 지원 관련 프로젝트를 기획부터 결과 검토까지 수행한 경험","- 지원서 또는 제출서류를 허위로 기재한 경우
- 채용 과정에서 부정한 방법을 사용한 경우
- 채용검진 결과 직무 수행이 어렵다고 판단되는 경우
- 관련 법령 또는 내부 인사규정상 채용이 불가능한 경우",서류전형 > 인성검사 > 실무면접 > 최종면접
법무담당자 담당자 모집,49,13,20260317,20260415,6,경력 3년 이상,무기계약직,세종특별자치시,학사 이상,"공공서비스 운영기관에서 계약 검토·법률 리스크 관리를 담당할 법무담당자를 모집합니다. 이 포지션은 현장의 요구를 실행 가능한 계획과 결과물로 연결하는 역할입니다.

담당 범위는 계약서·법령·분쟁 자료를 바탕으로 기준을 수립하고, 우선순위에 따라 과제를 실행하며 품질과 일정을 함께 관리하는 것입니다.

법무·사무·총무 조직의 동료와 재무·영업·개발·운영 등 유관 부서, 필요한 경우 외부 파트너와 협업해 의사결정에 필요한 정보를 정리합니다.

이슈가 발생하면 사실과 데이터를 먼저 확인하고 원인을 구분한 뒤, 대안을 비교해 합의된 조치를 실행하고 재발 방지 내용을 문서화합니다.

입사 초기에는 기존 자료와 업무 흐름을 파악하고 계약관리시스템·법률DB 환경을 익힌 뒤, 담당 영역의 개선 과제와 표준화 작업을 단계적으로 주도합니다.

성과는 결과물의 정확성, 일정 준수, 이해관계자와의 명확한 소통, 사용자와 사업에 미치는 영향을 기준으로 평가합니다.","- 계약 검토·법률 리스크 관리 관련 연간·분기 실행계획 수립
- 계약서·법령·분쟁 자료 수집·정리 및 핵심 이슈 분석
- 계약관리시스템·법률DB를 활용한 업무 산출물 작성과 버전 관리
- 요구사항을 세부 과제와 일정으로 구체화하고 진행 현황 관리
- 유관 부서 및 외부 파트너와 기준·일정·결과물 조율
- 검토 회의 운영과 의사결정 근거·변경 이력 문서화
- 성과지표 설정 및 결과 데이터 분석을 통한 개선안 제안","- 계약 검토·법률 리스크 관리 관련 지식 또는 프로젝트·실무 경험을 보유한 분
- 계약서·법령·분쟁 자료를 정확히 해석하고 업무 문서로 구조화할 수 있는 분
- 계약관리시스템·법률DB 중 직무에 필요한 도구를 실무에 적용할 수 있는 분
- 유관 부서와 쟁점을 명확히 설명하고 일정에 맞춰 협업할 수 있는 분
- 문제 원인을 근거에 따라 분석하고 실행 가능한 대안을 제시할 수 있는 분","- 변호사 자격 보유자
- 법무사 자격 보유자
- 개인정보보호사(CPPG) 보유자
- 계약 검토·법률 리스크 관리 관련 프로젝트를 기획부터 결과 검토까지 수행한 경험","- 제출한 경력·자격 증빙이 사실과 다른 경우
- 정해진 기한까지 필수 증빙서류를 제출하지 않은 경우
- 해외여행 및 근무에 결격사유가 있는 경우
- 채용 관련 비밀유지 의무를 위반한 경우",서류전형 > 1차면접 > 2차면접 > 채용검진
법무담당자 실무자 채용,107,13,20260522,20260623,9,경력 무관,정규직,충청남도,석사 이상,"전문 컨설팅 조직에서 계약 검토·법률 리스크 관리를 담당할 법무담당자를 모집합니다. 이 포지션은 현장의 요구를 실행 가능한 계획과 결과물로 연결하는 역할입니다.

담당 범위는 계약서·법령·분쟁 자료를 바탕으로 기준을 수립하고, 우선순위에 따라 과제를 실행하며 품질과 일정을 함께 관리하는 것입니다.

법무·사무·총무 조직의 동료와 재무·영업·개발·운영 등 유관 부서, 필요한 경우 외부 파트너와 협업해 의사결정에 필요한 정보를 정리합니다.

이슈가 발생하면 사실과 데이터를 먼저 확인하고 원인을 구분한 뒤, 대안을 비교해 합의된 조치를 실행하고 재발 방지 내용을 문서화합니다.

입사 초기에는 기존 자료와 업무 흐름을 파악하고 계약관리시스템·법률DB 환경을 익힌 뒤, 담당 영역의 개선 과제와 표준화 작업을 단계적으로 주도합니다.

성과는 결과물의 정확성, 일정 준수, 이해관계자와의 명확한 소통, 사용자와 사업에 미치는 영향을 기준으로 평가합니다.","- 계약서·법령·분쟁 자료 수집·정리 및 핵심 이슈 분석
- 계약관리시스템·법률DB를 활용한 업무 산출물 작성과 버전 관리
- 요구사항을 세부 과제와 일정으로 구체화하고 진행 현황 관리
- 유관 부서 및 외부 파트너와 기준·일정·결과물 조율
- 검토 회의 운영과 의사결정 근거·변경 이력 문서화
- 성과지표 설정 및 결과 데이터 분석을 통한 개선안 제안
- 업무상 리스크 사전 점검과 문제 발생 시 원인 분석·후속 조치
- 재사용 가능한 체크리스트·가이드·템플릿 정비","- 계약 검토·법률 리스크 관리 관련 지식 또는 프로젝트·실무 경험을 보유한 분
- 계약서·법령·분쟁 자료를 정확히 해석하고 업무 문서로 구조화할 수 있는 분
- 계약관리시스템·법률DB 중 직무에 필요한 도구를 실무에 적용할 수 있는 분
- 유관 부서와 쟁점을 명확히 설명하고 일정에 맞춰 협업할 수 있는 분
- 문제 원인을 근거에 따라 분석하고 실행 가능한 대안을 제시할 수 있는 분
- 업무상 취급하는 개인정보와 기밀정보를 안전하게 관리할 수 있는 분","- 법무사 자격 보유자
- 개인정보보호사(CPPG) 보유자
- 변호사 자격 보유자
- 계약 검토·법률 리스크 관리 관련 프로젝트를 기획부터 결과 검토까지 수행한 경험
- 계약관리시스템·법률DB를 활용해 반복 업무를 개선하거나 품질 기준을 정립한 경험","- 지원 자격 또는 필수 면허 요건을 충족하지 못한 경우
- 전형 과정에서 타인의 결과물을 무단 사용한 경우
- 채용검진 결과 담당 업무 수행이 곤란한 경우
- 관계 법령상 취업이 제한되는 경우",서류전형 > 필기전형 > 면접전형 > 최종합격
법무담당자 전문인력 모집,117,13,20260704,20260808,12,경력 5년 이상,기간제,경상남도,학력무관,"글로벌 사업 조직에서 계약 검토·법률 리스크 관리를 담당할 법무담당자를 모집합니다. 이 포지션은 현장의 요구를 실행 가능한 계획과 결과물로 연결하는 역할입니다.

담당 범위는 계약서·법령·분쟁 자료를 바탕으로 기준을 수립하고, 우선순위에 따라 과제를 실행하며 품질과 일정을 함께 관리하는 것입니다.

법무·사무·총무 조직의 동료와 재무·영업·개발·운영 등 유관 부서, 필요한 경우 외부 파트너와 협업해 의사결정에 필요한 정보를 정리합니다.

이슈가 발생하면 사실과 데이터를 먼저 확인하고 원인을 구분한 뒤, 대안을 비교해 합의된 조치를 실행하고 재발 방지 내용을 문서화합니다.

입사 초기에는 기존 자료와 업무 흐름을 파악하고 계약관리시스템·법률DB 환경을 익힌 뒤, 담당 영역의 개선 과제와 표준화 작업을 단계적으로 주도합니다.

성과는 결과물의 정확성, 일정 준수, 이해관계자와의 명확한 소통, 사용자와 사업에 미치는 영향을 기준으로 평가합니다.","- 계약관리시스템·법률DB를 활용한 업무 산출물 작성과 버전 관리
- 요구사항을 세부 과제와 일정으로 구체화하고 진행 현황 관리
- 유관 부서 및 외부 파트너와 기준·일정·결과물 조율
- 검토 회의 운영과 의사결정 근거·변경 이력 문서화
- 성과지표 설정 및 결과 데이터 분석을 통한 개선안 제안
- 업무상 리스크 사전 점검과 문제 발생 시 원인 분석·후속 조치
- 재사용 가능한 체크리스트·가이드·템플릿 정비
- 고객 또는 내부 사용자의 피드백을 반영한 결과물 품질 개선
- 계약 검토·법률 리스크 관리 관련 연간·분기 실행계획 수립","- 계약 검토·법률 리스크 관리 관련 지식 또는 프로젝트·실무 경험을 보유한 분
- 계약서·법령·분쟁 자료를 정확히 해석하고 업무 문서로 구조화할 수 있는 분
- 계약관리시스템·법률DB 중 직무에 필요한 도구를 실무에 적용할 수 있는 분
- 유관 부서와 쟁점을 명확히 설명하고 일정에 맞춰 협업할 수 있는 분
- 문제 원인을 근거에 따라 분석하고 실행 가능한 대안을 제시할 수 있는 분
- 업무상 취급하는 개인정보와 기밀정보를 안전하게 관리할 수 있는 분
- 법무담당자 또는 유사 분야의 5년 이상 실무 경험을 보유한 분","- 개인정보보호사(CPPG) 보유자
- 변호사 자격 보유자
- 법무사 자격 보유자
- 계약 검토·법률 리스크 관리 관련 프로젝트를 기획부터 결과 검토까지 수행한 경험
- 계약관리시스템·법률DB를 활용해 반복 업무를 개선하거나 품질 기준을 정립한 경험
- 외부 파트너 또는 다양한 이해관계자와 복잡한 요구사항을 조율한 경험","- 지원서 또는 제출서류를 허위로 기재한 경우
- 채용 과정에서 부정한 방법을 사용한 경우
- 채용검진 결과 직무 수행이 어렵다고 판단되는 경우
- 관련 법령 또는 내부 인사규정상 채용이 불가능한 경우",서류전형 > 실무면접 > 최종면접
법무담당자 인재 채용,126,13,20260909,20261017,15,경력,정규직,제주특별자치도,전문학사 이상,"연구개발 중심 조직에서 계약 검토·법률 리스크 관리를 담당할 법무담당자를 모집합니다. 이 포지션은 현장의 요구를 실행 가능한 계획과 결과물로 연결하는 역할입니다.

담당 범위는 계약서·법령·분쟁 자료를 바탕으로 기준을 수립하고, 우선순위에 따라 과제를 실행하며 품질과 일정을 함께 관리하는 것입니다.

법무·사무·총무 조직의 동료와 재무·영업·개발·운영 등 유관 부서, 필요한 경우 외부 파트너와 협업해 의사결정에 필요한 정보를 정리합니다.

이슈가 발생하면 사실과 데이터를 먼저 확인하고 원인을 구분한 뒤, 대안을 비교해 합의된 조치를 실행하고 재발 방지 내용을 문서화합니다.

입사 초기에는 기존 자료와 업무 흐름을 파악하고 계약관리시스템·법률DB 환경을 익힌 뒤, 담당 영역의 개선 과제와 표준화 작업을 단계적으로 주도합니다.

성과는 결과물의 정확성, 일정 준수, 이해관계자와의 명확한 소통, 사용자와 사업에 미치는 영향을 기준으로 평가합니다.","- 요구사항을 세부 과제와 일정으로 구체화하고 진행 현황 관리
- 유관 부서 및 외부 파트너와 기준·일정·결과물 조율
- 검토 회의 운영과 의사결정 근거·변경 이력 문서화
- 성과지표 설정 및 결과 데이터 분석을 통한 개선안 제안
- 업무상 리스크 사전 점검과 문제 발생 시 원인 분석·후속 조치
- 재사용 가능한 체크리스트·가이드·템플릿 정비
- 고객 또는 내부 사용자의 피드백을 반영한 결과물 품질 개선","- 계약 검토·법률 리스크 관리 관련 지식 또는 프로젝트·실무 경험을 보유한 분
- 계약서·법령·분쟁 자료를 정확히 해석하고 업무 문서로 구조화할 수 있는 분
- 계약관리시스템·법률DB 중 직무에 필요한 도구를 실무에 적용할 수 있는 분
- 유관 부서와 쟁점을 명확히 설명하고 일정에 맞춰 협업할 수 있는 분
- 문제 원인을 근거에 따라 분석하고 실행 가능한 대안을 제시할 수 있는 분","- 변호사 자격 보유자
- 법무사 자격 보유자
- 개인정보보호사(CPPG) 보유자
- 계약 검토·법률 리스크 관리 관련 프로젝트를 기획부터 결과 검토까지 수행한 경험","- 제출한 경력·자격 증빙이 사실과 다른 경우
- 정해진 기한까지 필수 증빙서류를 제출하지 않은 경우
- 해외여행 및 근무에 결격사유가 있는 경우
- 채용 관련 비밀유지 의무를 위반한 경우",서류전형 > 인성검사 > 실무면접 > 최종면접
법무담당자 공개채용,89,13,20261114,20261225,18,신입·경력,계약직,서울특별시,학사 이상,"플랫폼 운영 조직에서 계약 검토·법률 리스크 관리를 담당할 법무담당자를 모집합니다. 이 포지션은 현장의 요구를 실행 가능한 계획과 결과물로 연결하는 역할입니다.

담당 범위는 계약서·법령·분쟁 자료를 바탕으로 기준을 수립하고, 우선순위에 따라 과제를 실행하며 품질과 일정을 함께 관리하는 것입니다.

법무·사무·총무 조직의 동료와 재무·영업·개발·운영 등 유관 부서, 필요한 경우 외부 파트너와 협업해 의사결정에 필요한 정보를 정리합니다.

이슈가 발생하면 사실과 데이터를 먼저 확인하고 원인을 구분한 뒤, 대안을 비교해 합의된 조치를 실행하고 재발 방지 내용을 문서화합니다.

입사 초기에는 기존 자료와 업무 흐름을 파악하고 계약관리시스템·법률DB 환경을 익힌 뒤, 담당 영역의 개선 과제와 표준화 작업을 단계적으로 주도합니다.

성과는 결과물의 정확성, 일정 준수, 이해관계자와의 명확한 소통, 사용자와 사업에 미치는 영향을 기준으로 평가합니다.","- 유관 부서 및 외부 파트너와 기준·일정·결과물 조율
- 검토 회의 운영과 의사결정 근거·변경 이력 문서화
- 성과지표 설정 및 결과 데이터 분석을 통한 개선안 제안
- 업무상 리스크 사전 점검과 문제 발생 시 원인 분석·후속 조치
- 재사용 가능한 체크리스트·가이드·템플릿 정비
- 고객 또는 내부 사용자의 피드백을 반영한 결과물 품질 개선
- 계약 검토·법률 리스크 관리 관련 연간·분기 실행계획 수립
- 계약서·법령·분쟁 자료 수집·정리 및 핵심 이슈 분석","- 계약 검토·법률 리스크 관리 관련 지식 또는 프로젝트·실무 경험을 보유한 분
- 계약서·법령·분쟁 자료를 정확히 해석하고 업무 문서로 구조화할 수 있는 분
- 계약관리시스템·법률DB 중 직무에 필요한 도구를 실무에 적용할 수 있는 분
- 유관 부서와 쟁점을 명확히 설명하고 일정에 맞춰 협업할 수 있는 분
- 문제 원인을 근거에 따라 분석하고 실행 가능한 대안을 제시할 수 있는 분
- 업무상 취급하는 개인정보와 기밀정보를 안전하게 관리할 수 있는 분","- 법무사 자격 보유자
- 개인정보보호사(CPPG) 보유자
- 변호사 자격 보유자
- 계약 검토·법률 리스크 관리 관련 프로젝트를 기획부터 결과 검토까지 수행한 경험
- 계약관리시스템·법률DB를 활용해 반복 업무를 개선하거나 품질 기준을 정립한 경험","- 지원 자격 또는 필수 면허 요건을 충족하지 못한 경우
- 전형 과정에서 타인의 결과물을 무단 사용한 경우
- 채용검진 결과 담당 업무 수행이 곤란한 경우
- 관계 법령상 취업이 제한되는 경우",서류전형 > 직무과제 > 실무면접 > 처우협의
법무담당자 프로젝트 담당 모집,55,13,20260219,20260404,1,경력 2년 이상,정규직,경기도,학사 이상,"브랜드 사업 조직에서 계약 검토·법률 리스크 관리를 담당할 법무담당자를 모집합니다. 이 포지션은 현장의 요구를 실행 가능한 계획과 결과물로 연결하는 역할입니다.

담당 범위는 계약서·법령·분쟁 자료를 바탕으로 기준을 수립하고, 우선순위에 따라 과제를 실행하며 품질과 일정을 함께 관리하는 것입니다.

법무·사무·총무 조직의 동료와 재무·영업·개발·운영 등 유관 부서, 필요한 경우 외부 파트너와 협업해 의사결정에 필요한 정보를 정리합니다.

이슈가 발생하면 사실과 데이터를 먼저 확인하고 원인을 구분한 뒤, 대안을 비교해 합의된 조치를 실행하고 재발 방지 내용을 문서화합니다.

입사 초기에는 기존 자료와 업무 흐름을 파악하고 계약관리시스템·법률DB 환경을 익힌 뒤, 담당 영역의 개선 과제와 표준화 작업을 단계적으로 주도합니다.

성과는 결과물의 정확성, 일정 준수, 이해관계자와의 명확한 소통, 사용자와 사업에 미치는 영향을 기준으로 평가합니다.","- 검토 회의 운영과 의사결정 근거·변경 이력 문서화
- 성과지표 설정 및 결과 데이터 분석을 통한 개선안 제안
- 업무상 리스크 사전 점검과 문제 발생 시 원인 분석·후속 조치
- 재사용 가능한 체크리스트·가이드·템플릿 정비
- 고객 또는 내부 사용자의 피드백을 반영한 결과물 품질 개선
- 계약 검토·법률 리스크 관리 관련 연간·분기 실행계획 수립
- 계약서·법령·분쟁 자료 수집·정리 및 핵심 이슈 분석
- 계약관리시스템·법률DB를 활용한 업무 산출물 작성과 버전 관리
- 요구사항을 세부 과제와 일정으로 구체화하고 진행 현황 관리","- 계약 검토·법률 리스크 관리 관련 지식 또는 프로젝트·실무 경험을 보유한 분
- 계약서·법령·분쟁 자료를 정확히 해석하고 업무 문서로 구조화할 수 있는 분
- 계약관리시스템·법률DB 중 직무에 필요한 도구를 실무에 적용할 수 있는 분
- 유관 부서와 쟁점을 명확히 설명하고 일정에 맞춰 협업할 수 있는 분
- 문제 원인을 근거에 따라 분석하고 실행 가능한 대안을 제시할 수 있는 분
- 업무상 취급하는 개인정보와 기밀정보를 안전하게 관리할 수 있는 분
- 법무담당자 또는 유사 분야의 2년 이상 실무 경험을 보유한 분","- 개인정보보호사(CPPG) 보유자
- 변호사 자격 보유자
- 법무사 자격 보유자
- 계약 검토·법률 리스크 관리 관련 프로젝트를 기획부터 결과 검토까지 수행한 경험
- 계약관리시스템·법률DB를 활용해 반복 업무를 개선하거나 품질 기준을 정립한 경험
- 외부 파트너 또는 다양한 이해관계자와 복잡한 요구사항을 조율한 경험","- 지원서 또는 제출서류를 허위로 기재한 경우
- 채용 과정에서 부정한 방법을 사용한 경우
- 채용검진 결과 직무 수행이 어렵다고 판단되는 경우
- 관련 법령 또는 내부 인사규정상 채용이 불가능한 경우",서류전형 > 1차면접 > 2차면접 > 채용검진
법무담당자 운영 담당자 채용,121,13,20260401,20260412,4,경력 3년 이상,무기계약직,인천광역시,석사 이상,"지역 기반 전문기관에서 계약 검토·법률 리스크 관리를 담당할 법무담당자를 모집합니다. 이 포지션은 현장의 요구를 실행 가능한 계획과 결과물로 연결하는 역할입니다.

담당 범위는 계약서·법령·분쟁 자료를 바탕으로 기준을 수립하고, 우선순위에 따라 과제를 실행하며 품질과 일정을 함께 관리하는 것입니다.

법무·사무·총무 조직의 동료와 재무·영업·개발·운영 등 유관 부서, 필요한 경우 외부 파트너와 협업해 의사결정에 필요한 정보를 정리합니다.

이슈가 발생하면 사실과 데이터를 먼저 확인하고 원인을 구분한 뒤, 대안을 비교해 합의된 조치를 실행하고 재발 방지 내용을 문서화합니다.

입사 초기에는 기존 자료와 업무 흐름을 파악하고 계약관리시스템·법률DB 환경을 익힌 뒤, 담당 영역의 개선 과제와 표준화 작업을 단계적으로 주도합니다.

성과는 결과물의 정확성, 일정 준수, 이해관계자와의 명확한 소통, 사용자와 사업에 미치는 영향을 기준으로 평가합니다.","- 성과지표 설정 및 결과 데이터 분석을 통한 개선안 제안
- 업무상 리스크 사전 점검과 문제 발생 시 원인 분석·후속 조치
- 재사용 가능한 체크리스트·가이드·템플릿 정비
- 고객 또는 내부 사용자의 피드백을 반영한 결과물 품질 개선
- 계약 검토·법률 리스크 관리 관련 연간·분기 실행계획 수립
- 계약서·법령·분쟁 자료 수집·정리 및 핵심 이슈 분석
- 계약관리시스템·법률DB를 활용한 업무 산출물 작성과 버전 관리","- 계약 검토·법률 리스크 관리 관련 지식 또는 프로젝트·실무 경험을 보유한 분
- 계약서·법령·분쟁 자료를 정확히 해석하고 업무 문서로 구조화할 수 있는 분
- 계약관리시스템·법률DB 중 직무에 필요한 도구를 실무에 적용할 수 있는 분
- 유관 부서와 쟁점을 명확히 설명하고 일정에 맞춰 협업할 수 있는 분
- 문제 원인을 근거에 따라 분석하고 실행 가능한 대안을 제시할 수 있는 분","- 변호사 자격 보유자
- 법무사 자격 보유자
- 개인정보보호사(CPPG) 보유자
- 계약 검토·법률 리스크 관리 관련 프로젝트를 기획부터 결과 검토까지 수행한 경험","- 제출한 경력·자격 증빙이 사실과 다른 경우
- 정해진 기한까지 필수 증빙서류를 제출하지 않은 경우
- 해외여행 및 근무에 결격사유가 있는 경우
- 채용 관련 비밀유지 의무를 위반한 경우",서류전형 > 필기전형 > 면접전형 > 최종합격
법무담당자 핵심인재 모집,112,13,20260606,20260620,7,신입,정규직,대전광역시,학력무관,"디지털 서비스 조직에서 계약 검토·법률 리스크 관리를 담당할 법무담당자를 모집합니다. 이 포지션은 현장의 요구를 실행 가능한 계획과 결과물로 연결하는 역할입니다.

담당 범위는 계약서·법령·분쟁 자료를 바탕으로 기준을 수립하고, 우선순위에 따라 과제를 실행하며 품질과 일정을 함께 관리하는 것입니다.

법무·사무·총무 조직의 동료와 재무·영업·개발·운영 등 유관 부서, 필요한 경우 외부 파트너와 협업해 의사결정에 필요한 정보를 정리합니다.

이슈가 발생하면 사실과 데이터를 먼저 확인하고 원인을 구분한 뒤, 대안을 비교해 합의된 조치를 실행하고 재발 방지 내용을 문서화합니다.

입사 초기에는 기존 자료와 업무 흐름을 파악하고 계약관리시스템·법률DB 환경을 익힌 뒤, 담당 영역의 개선 과제와 표준화 작업을 단계적으로 주도합니다.

성과는 결과물의 정확성, 일정 준수, 이해관계자와의 명확한 소통, 사용자와 사업에 미치는 영향을 기준으로 평가합니다.","- 업무상 리스크 사전 점검과 문제 발생 시 원인 분석·후속 조치
- 재사용 가능한 체크리스트·가이드·템플릿 정비
- 고객 또는 내부 사용자의 피드백을 반영한 결과물 품질 개선
- 계약 검토·법률 리스크 관리 관련 연간·분기 실행계획 수립
- 계약서·법령·분쟁 자료 수집·정리 및 핵심 이슈 분석
- 계약관리시스템·법률DB를 활용한 업무 산출물 작성과 버전 관리
- 요구사항을 세부 과제와 일정으로 구체화하고 진행 현황 관리
- 유관 부서 및 외부 파트너와 기준·일정·결과물 조율","- 계약 검토·법률 리스크 관리 관련 지식 또는 프로젝트·실무 경험을 보유한 분
- 계약서·법령·분쟁 자료를 정확히 해석하고 업무 문서로 구조화할 수 있는 분
- 계약관리시스템·법률DB 중 직무에 필요한 도구를 실무에 적용할 수 있는 분
- 유관 부서와 쟁점을 명확히 설명하고 일정에 맞춰 협업할 수 있는 분
- 문제 원인을 근거에 따라 분석하고 실행 가능한 대안을 제시할 수 있는 분
- 업무상 취급하는 개인정보와 기밀정보를 안전하게 관리할 수 있는 분","- 법무사 자격 보유자
- 개인정보보호사(CPPG) 보유자
- 변호사 자격 보유자
- 계약 검토·법률 리스크 관리 관련 프로젝트를 기획부터 결과 검토까지 수행한 경험
- 계약관리시스템·법률DB를 활용해 반복 업무를 개선하거나 품질 기준을 정립한 경험","- 지원 자격 또는 필수 면허 요건을 충족하지 못한 경우
- 전형 과정에서 타인의 결과물을 무단 사용한 경우
- 채용검진 결과 담당 업무 수행이 곤란한 경우
- 관계 법령상 취업이 제한되는 경우",서류전형 > 실무면접 > 최종면접
법무담당자 전문가 채용,24,13,20260811,20260828,10,경력 2년 이상,계약직,부산광역시,전문학사 이상,"성장 단계 스타트업에서 계약 검토·법률 리스크 관리를 담당할 법무담당자를 모집합니다. 이 포지션은 현장의 요구를 실행 가능한 계획과 결과물로 연결하는 역할입니다.

담당 범위는 계약서·법령·분쟁 자료를 바탕으로 기준을 수립하고, 우선순위에 따라 과제를 실행하며 품질과 일정을 함께 관리하는 것입니다.

법무·사무·총무 조직의 동료와 재무·영업·개발·운영 등 유관 부서, 필요한 경우 외부 파트너와 협업해 의사결정에 필요한 정보를 정리합니다.

이슈가 발생하면 사실과 데이터를 먼저 확인하고 원인을 구분한 뒤, 대안을 비교해 합의된 조치를 실행하고 재발 방지 내용을 문서화합니다.

입사 초기에는 기존 자료와 업무 흐름을 파악하고 계약관리시스템·법률DB 환경을 익힌 뒤, 담당 영역의 개선 과제와 표준화 작업을 단계적으로 주도합니다.

성과는 결과물의 정확성, 일정 준수, 이해관계자와의 명확한 소통, 사용자와 사업에 미치는 영향을 기준으로 평가합니다.","- 재사용 가능한 체크리스트·가이드·템플릿 정비
- 고객 또는 내부 사용자의 피드백을 반영한 결과물 품질 개선
- 계약 검토·법률 리스크 관리 관련 연간·분기 실행계획 수립
- 계약서·법령·분쟁 자료 수집·정리 및 핵심 이슈 분석
- 계약관리시스템·법률DB를 활용한 업무 산출물 작성과 버전 관리
- 요구사항을 세부 과제와 일정으로 구체화하고 진행 현황 관리
- 유관 부서 및 외부 파트너와 기준·일정·결과물 조율
- 검토 회의 운영과 의사결정 근거·변경 이력 문서화
- 성과지표 설정 및 결과 데이터 분석을 통한 개선안 제안","- 계약 검토·법률 리스크 관리 관련 지식 또는 프로젝트·실무 경험을 보유한 분
- 계약서·법령·분쟁 자료를 정확히 해석하고 업무 문서로 구조화할 수 있는 분
- 계약관리시스템·법률DB 중 직무에 필요한 도구를 실무에 적용할 수 있는 분
- 유관 부서와 쟁점을 명확히 설명하고 일정에 맞춰 협업할 수 있는 분
- 문제 원인을 근거에 따라 분석하고 실행 가능한 대안을 제시할 수 있는 분
- 업무상 취급하는 개인정보와 기밀정보를 안전하게 관리할 수 있는 분
- 법무담당자 또는 유사 분야의 2년 이상 실무 경험을 보유한 분","- 개인정보보호사(CPPG) 보유자
- 변호사 자격 보유자
- 법무사 자격 보유자
- 계약 검토·법률 리스크 관리 관련 프로젝트를 기획부터 결과 검토까지 수행한 경험
- 계약관리시스템·법률DB를 활용해 반복 업무를 개선하거나 품질 기준을 정립한 경험
- 외부 파트너 또는 다양한 이해관계자와 복잡한 요구사항을 조율한 경험","- 지원서 또는 제출서류를 허위로 기재한 경우
- 채용 과정에서 부정한 방법을 사용한 경우
- 채용검진 결과 직무 수행이 어렵다고 판단되는 경우
- 관련 법령 또는 내부 인사규정상 채용이 불가능한 경우",서류전형 > 인성검사 > 실무면접 > 최종면접
법무담당자 신규 인력 모집,45,13,20261016,20261105,13,신입·경력,정규직,광주광역시,학사 이상,"중견기업 전략 조직에서 계약 검토·법률 리스크 관리를 담당할 법무담당자를 모집합니다. 이 포지션은 현장의 요구를 실행 가능한 계획과 결과물로 연결하는 역할입니다.

담당 범위는 계약서·법령·분쟁 자료를 바탕으로 기준을 수립하고, 우선순위에 따라 과제를 실행하며 품질과 일정을 함께 관리하는 것입니다.

법무·사무·총무 조직의 동료와 재무·영업·개발·운영 등 유관 부서, 필요한 경우 외부 파트너와 협업해 의사결정에 필요한 정보를 정리합니다.

이슈가 발생하면 사실과 데이터를 먼저 확인하고 원인을 구분한 뒤, 대안을 비교해 합의된 조치를 실행하고 재발 방지 내용을 문서화합니다.

입사 초기에는 기존 자료와 업무 흐름을 파악하고 계약관리시스템·법률DB 환경을 익힌 뒤, 담당 영역의 개선 과제와 표준화 작업을 단계적으로 주도합니다.

성과는 결과물의 정확성, 일정 준수, 이해관계자와의 명확한 소통, 사용자와 사업에 미치는 영향을 기준으로 평가합니다.","- 고객 또는 내부 사용자의 피드백을 반영한 결과물 품질 개선
- 계약 검토·법률 리스크 관리 관련 연간·분기 실행계획 수립
- 계약서·법령·분쟁 자료 수집·정리 및 핵심 이슈 분석
- 계약관리시스템·법률DB를 활용한 업무 산출물 작성과 버전 관리
- 요구사항을 세부 과제와 일정으로 구체화하고 진행 현황 관리
- 유관 부서 및 외부 파트너와 기준·일정·결과물 조율
- 검토 회의 운영과 의사결정 근거·변경 이력 문서화","- 계약 검토·법률 리스크 관리 관련 지식 또는 프로젝트·실무 경험을 보유한 분
- 계약서·법령·분쟁 자료를 정확히 해석하고 업무 문서로 구조화할 수 있는 분
- 계약관리시스템·법률DB 중 직무에 필요한 도구를 실무에 적용할 수 있는 분
- 유관 부서와 쟁점을 명확히 설명하고 일정에 맞춰 협업할 수 있는 분
- 문제 원인을 근거에 따라 분석하고 실행 가능한 대안을 제시할 수 있는 분","- 변호사 자격 보유자
- 법무사 자격 보유자
- 개인정보보호사(CPPG) 보유자
- 계약 검토·법률 리스크 관리 관련 프로젝트를 기획부터 결과 검토까지 수행한 경험","- 제출한 경력·자격 증빙이 사실과 다른 경우
- 정해진 기한까지 필수 증빙서류를 제출하지 않은 경우
- 해외여행 및 근무에 결격사유가 있는 경우
- 채용 관련 비밀유지 의무를 위반한 경우",서류전형 > 직무과제 > 실무면접 > 처우협의
비서 담당자 모집,125,14,20260420,20260526,11,경력 무관,정규직,경상남도,석사 이상,"전문 컨설팅 조직에서 임원 일정·의전·회의 지원을 담당할 비서를 모집합니다. 이 포지션은 현장의 요구를 실행 가능한 계획과 결과물로 연결하는 역할입니다.

담당 범위는 일정표·출장·대외 연락를 바탕으로 기준을 수립하고, 우선순위에 따라 과제를 실행하며 품질과 일정을 함께 관리하는 것입니다.

법무·사무·총무 조직의 동료와 재무·영업·개발·운영 등 유관 부서, 필요한 경우 외부 파트너와 협업해 의사결정에 필요한 정보를 정리합니다.

이슈가 발생하면 사실과 데이터를 먼저 확인하고 원인을 구분한 뒤, 대안을 비교해 합의된 조치를 실행하고 재발 방지 내용을 문서화합니다.

입사 초기에는 기존 자료와 업무 흐름을 파악하고 Outlook·Excel 환경을 익힌 뒤, 담당 영역의 개선 과제와 표준화 작업을 단계적으로 주도합니다.

성과는 결과물의 정확성, 일정 준수, 이해관계자와의 명확한 소통, 사용자와 사업에 미치는 영향을 기준으로 평가합니다.","- 임원 일정·의전·회의 지원 관련 연간·분기 실행계획 수립
- 일정표·출장·대외 연락 수집·정리 및 핵심 이슈 분석
- Outlook·Excel를 활용한 업무 산출물 작성과 버전 관리
- 요구사항을 세부 과제와 일정으로 구체화하고 진행 현황 관리
- 유관 부서 및 외부 파트너와 기준·일정·결과물 조율
- 검토 회의 운영과 의사결정 근거·변경 이력 문서화
- 성과지표 설정 및 결과 데이터 분석을 통한 개선안 제안","- 임원 일정·의전·회의 지원 관련 지식 또는 프로젝트·실무 경험을 보유한 분
- 일정표·출장·대외 연락를 정확히 해석하고 업무 문서로 구조화할 수 있는 분
- Outlook·Excel 중 직무에 필요한 도구를 실무에 적용할 수 있는 분
- 유관 부서와 쟁점을 명확히 설명하고 일정에 맞춰 협업할 수 있는 분
- 문제 원인을 근거에 따라 분석하고 실행 가능한 대안을 제시할 수 있는 분","- 비서 1급 보유자
- 컴퓨터활용능력 1급 보유자
- TOEIC Speaking IH 보유자
- 임원 일정·의전·회의 지원 관련 프로젝트를 기획부터 결과 검토까지 수행한 경험","- 지원 자격 또는 필수 면허 요건을 충족하지 못한 경우
- 전형 과정에서 타인의 결과물을 무단 사용한 경우
- 채용검진 결과 담당 업무 수행이 곤란한 경우
- 관계 법령상 취업이 제한되는 경우",서류전형 > 필기전형 > 면접전형 > 최종합격
비서 실무자 채용,62,14,20260602,20260711,14,경력 5년 이상,기간제,제주특별자치도,학력무관,"글로벌 사업 조직에서 임원 일정·의전·회의 지원을 담당할 비서를 모집합니다. 이 포지션은 현장의 요구를 실행 가능한 계획과 결과물로 연결하는 역할입니다.

담당 범위는 일정표·출장·대외 연락를 바탕으로 기준을 수립하고, 우선순위에 따라 과제를 실행하며 품질과 일정을 함께 관리하는 것입니다.

법무·사무·총무 조직의 동료와 재무·영업·개발·운영 등 유관 부서, 필요한 경우 외부 파트너와 협업해 의사결정에 필요한 정보를 정리합니다.

이슈가 발생하면 사실과 데이터를 먼저 확인하고 원인을 구분한 뒤, 대안을 비교해 합의된 조치를 실행하고 재발 방지 내용을 문서화합니다.

입사 초기에는 기존 자료와 업무 흐름을 파악하고 Outlook·Excel 환경을 익힌 뒤, 담당 영역의 개선 과제와 표준화 작업을 단계적으로 주도합니다.

성과는 결과물의 정확성, 일정 준수, 이해관계자와의 명확한 소통, 사용자와 사업에 미치는 영향을 기준으로 평가합니다.","- 일정표·출장·대외 연락 수집·정리 및 핵심 이슈 분석
- Outlook·Excel를 활용한 업무 산출물 작성과 버전 관리
- 요구사항을 세부 과제와 일정으로 구체화하고 진행 현황 관리
- 유관 부서 및 외부 파트너와 기준·일정·결과물 조율
- 검토 회의 운영과 의사결정 근거·변경 이력 문서화
- 성과지표 설정 및 결과 데이터 분석을 통한 개선안 제안
- 업무상 리스크 사전 점검과 문제 발생 시 원인 분석·후속 조치
- 재사용 가능한 체크리스트·가이드·템플릿 정비","- 임원 일정·의전·회의 지원 관련 지식 또는 프로젝트·실무 경험을 보유한 분
- 일정표·출장·대외 연락를 정확히 해석하고 업무 문서로 구조화할 수 있는 분
- Outlook·Excel 중 직무에 필요한 도구를 실무에 적용할 수 있는 분
- 유관 부서와 쟁점을 명확히 설명하고 일정에 맞춰 협업할 수 있는 분
- 문제 원인을 근거에 따라 분석하고 실행 가능한 대안을 제시할 수 있는 분
- 업무상 취급하는 개인정보와 기밀정보를 안전하게 관리할 수 있는 분","- 컴퓨터활용능력 1급 보유자
- TOEIC Speaking IH 보유자
- 비서 1급 보유자
- 임원 일정·의전·회의 지원 관련 프로젝트를 기획부터 결과 검토까지 수행한 경험
- Outlook·Excel를 활용해 반복 업무를 개선하거나 품질 기준을 정립한 경험","- 지원서 또는 제출서류를 허위로 기재한 경우
- 채용 과정에서 부정한 방법을 사용한 경우
- 채용검진 결과 직무 수행이 어렵다고 판단되는 경우
- 관련 법령 또는 내부 인사규정상 채용이 불가능한 경우",서류전형 > 실무면접 > 최종면접
비서 전문인력 모집,100,14,20260807,20260918,17,경력,정규직,서울특별시,전문학사 이상,"연구개발 중심 조직에서 임원 일정·의전·회의 지원을 담당할 비서를 모집합니다. 이 포지션은 현장의 요구를 실행 가능한 계획과 결과물로 연결하는 역할입니다.

담당 범위는 일정표·출장·대외 연락를 바탕으로 기준을 수립하고, 우선순위에 따라 과제를 실행하며 품질과 일정을 함께 관리하는 것입니다.

법무·사무·총무 조직의 동료와 재무·영업·개발·운영 등 유관 부서, 필요한 경우 외부 파트너와 협업해 의사결정에 필요한 정보를 정리합니다.

이슈가 발생하면 사실과 데이터를 먼저 확인하고 원인을 구분한 뒤, 대안을 비교해 합의된 조치를 실행하고 재발 방지 내용을 문서화합니다.

입사 초기에는 기존 자료와 업무 흐름을 파악하고 Outlook·Excel 환경을 익힌 뒤, 담당 영역의 개선 과제와 표준화 작업을 단계적으로 주도합니다.

성과는 결과물의 정확성, 일정 준수, 이해관계자와의 명확한 소통, 사용자와 사업에 미치는 영향을 기준으로 평가합니다.","- Outlook·Excel를 활용한 업무 산출물 작성과 버전 관리
- 요구사항을 세부 과제와 일정으로 구체화하고 진행 현황 관리
- 유관 부서 및 외부 파트너와 기준·일정·결과물 조율
- 검토 회의 운영과 의사결정 근거·변경 이력 문서화
- 성과지표 설정 및 결과 데이터 분석을 통한 개선안 제안
- 업무상 리스크 사전 점검과 문제 발생 시 원인 분석·후속 조치
- 재사용 가능한 체크리스트·가이드·템플릿 정비
- 고객 또는 내부 사용자의 피드백을 반영한 결과물 품질 개선
- 임원 일정·의전·회의 지원 관련 연간·분기 실행계획 수립","- 임원 일정·의전·회의 지원 관련 지식 또는 프로젝트·실무 경험을 보유한 분
- 일정표·출장·대외 연락를 정확히 해석하고 업무 문서로 구조화할 수 있는 분
- Outlook·Excel 중 직무에 필요한 도구를 실무에 적용할 수 있는 분
- 유관 부서와 쟁점을 명확히 설명하고 일정에 맞춰 협업할 수 있는 분
- 문제 원인을 근거에 따라 분석하고 실행 가능한 대안을 제시할 수 있는 분
- 업무상 취급하는 개인정보와 기밀정보를 안전하게 관리할 수 있는 분
- 비서 또는 유사 분야의 경력 실무 경험을 보유한 분","- TOEIC Speaking IH 보유자
- 비서 1급 보유자
- 컴퓨터활용능력 1급 보유자
- 임원 일정·의전·회의 지원 관련 프로젝트를 기획부터 결과 검토까지 수행한 경험
- Outlook·Excel를 활용해 반복 업무를 개선하거나 품질 기준을 정립한 경험
- 외부 파트너 또는 다양한 이해관계자와 복잡한 요구사항을 조율한 경험","- 제출한 경력·자격 증빙이 사실과 다른 경우
- 정해진 기한까지 필수 증빙서류를 제출하지 않은 경우
- 해외여행 및 근무에 결격사유가 있는 경우
- 채용 관련 비밀유지 의무를 위반한 경우",서류전형 > 인성검사 > 실무면접 > 최종면접
비서 인재 채용,0,14,20261012,20261126,20,신입·경력,계약직,경기도,학사 이상,"플랫폼 운영 조직에서 임원 일정·의전·회의 지원을 담당할 비서를 모집합니다. 이 포지션은 현장의 요구를 실행 가능한 계획과 결과물로 연결하는 역할입니다.

담당 범위는 일정표·출장·대외 연락를 바탕으로 기준을 수립하고, 우선순위에 따라 과제를 실행하며 품질과 일정을 함께 관리하는 것입니다.

법무·사무·총무 조직의 동료와 재무·영업·개발·운영 등 유관 부서, 필요한 경우 외부 파트너와 협업해 의사결정에 필요한 정보를 정리합니다.

이슈가 발생하면 사실과 데이터를 먼저 확인하고 원인을 구분한 뒤, 대안을 비교해 합의된 조치를 실행하고 재발 방지 내용을 문서화합니다.

입사 초기에는 기존 자료와 업무 흐름을 파악하고 Outlook·Excel 환경을 익힌 뒤, 담당 영역의 개선 과제와 표준화 작업을 단계적으로 주도합니다.

성과는 결과물의 정확성, 일정 준수, 이해관계자와의 명확한 소통, 사용자와 사업에 미치는 영향을 기준으로 평가합니다.","- 요구사항을 세부 과제와 일정으로 구체화하고 진행 현황 관리
- 유관 부서 및 외부 파트너와 기준·일정·결과물 조율
- 검토 회의 운영과 의사결정 근거·변경 이력 문서화
- 성과지표 설정 및 결과 데이터 분석을 통한 개선안 제안
- 업무상 리스크 사전 점검과 문제 발생 시 원인 분석·후속 조치
- 재사용 가능한 체크리스트·가이드·템플릿 정비
- 고객 또는 내부 사용자의 피드백을 반영한 결과물 품질 개선","- 임원 일정·의전·회의 지원 관련 지식 또는 프로젝트·실무 경험을 보유한 분
- 일정표·출장·대외 연락를 정확히 해석하고 업무 문서로 구조화할 수 있는 분
- Outlook·Excel 중 직무에 필요한 도구를 실무에 적용할 수 있는 분
- 유관 부서와 쟁점을 명확히 설명하고 일정에 맞춰 협업할 수 있는 분
- 문제 원인을 근거에 따라 분석하고 실행 가능한 대안을 제시할 수 있는 분","- 비서 1급 보유자
- 컴퓨터활용능력 1급 보유자
- TOEIC Speaking IH 보유자
- 임원 일정·의전·회의 지원 관련 프로젝트를 기획부터 결과 검토까지 수행한 경험","- 지원 자격 또는 필수 면허 요건을 충족하지 못한 경우
- 전형 과정에서 타인의 결과물을 무단 사용한 경우
- 채용검진 결과 담당 업무 수행이 곤란한 경우
- 관계 법령상 취업이 제한되는 경우",서류전형 > 직무과제 > 실무면접 > 처우협의
비서 공개채용,45,14,20260117,20260129,3,경력 2년 이상,정규직,인천광역시,학사 이상,"브랜드 사업 조직에서 임원 일정·의전·회의 지원을 담당할 비서를 모집합니다. 이 포지션은 현장의 요구를 실행 가능한 계획과 결과물로 연결하는 역할입니다.

담당 범위는 일정표·출장·대외 연락를 바탕으로 기준을 수립하고, 우선순위에 따라 과제를 실행하며 품질과 일정을 함께 관리하는 것입니다.

법무·사무·총무 조직의 동료와 재무·영업·개발·운영 등 유관 부서, 필요한 경우 외부 파트너와 협업해 의사결정에 필요한 정보를 정리합니다.

이슈가 발생하면 사실과 데이터를 먼저 확인하고 원인을 구분한 뒤, 대안을 비교해 합의된 조치를 실행하고 재발 방지 내용을 문서화합니다.

입사 초기에는 기존 자료와 업무 흐름을 파악하고 Outlook·Excel 환경을 익힌 뒤, 담당 영역의 개선 과제와 표준화 작업을 단계적으로 주도합니다.

성과는 결과물의 정확성, 일정 준수, 이해관계자와의 명확한 소통, 사용자와 사업에 미치는 영향을 기준으로 평가합니다.","- 유관 부서 및 외부 파트너와 기준·일정·결과물 조율
- 검토 회의 운영과 의사결정 근거·변경 이력 문서화
- 성과지표 설정 및 결과 데이터 분석을 통한 개선안 제안
- 업무상 리스크 사전 점검과 문제 발생 시 원인 분석·후속 조치
- 재사용 가능한 체크리스트·가이드·템플릿 정비
- 고객 또는 내부 사용자의 피드백을 반영한 결과물 품질 개선
- 임원 일정·의전·회의 지원 관련 연간·분기 실행계획 수립
- 일정표·출장·대외 연락 수집·정리 및 핵심 이슈 분석","- 임원 일정·의전·회의 지원 관련 지식 또는 프로젝트·실무 경험을 보유한 분
- 일정표·출장·대외 연락를 정확히 해석하고 업무 문서로 구조화할 수 있는 분
- Outlook·Excel 중 직무에 필요한 도구를 실무에 적용할 수 있는 분
- 유관 부서와 쟁점을 명확히 설명하고 일정에 맞춰 협업할 수 있는 분
- 문제 원인을 근거에 따라 분석하고 실행 가능한 대안을 제시할 수 있는 분
- 업무상 취급하는 개인정보와 기밀정보를 안전하게 관리할 수 있는 분","- 컴퓨터활용능력 1급 보유자
- TOEIC Speaking IH 보유자
- 비서 1급 보유자
- 임원 일정·의전·회의 지원 관련 프로젝트를 기획부터 결과 검토까지 수행한 경험
- Outlook·Excel를 활용해 반복 업무를 개선하거나 품질 기준을 정립한 경험","- 지원서 또는 제출서류를 허위로 기재한 경우
- 채용 과정에서 부정한 방법을 사용한 경우
- 채용검진 결과 직무 수행이 어렵다고 판단되는 경우
- 관련 법령 또는 내부 인사규정상 채용이 불가능한 경우",서류전형 > 1차면접 > 2차면접 > 채용검진
비서 프로젝트 담당 모집,15,14,20260322,20260406,6,경력 3년 이상,무기계약직,대전광역시,석사 이상,"지역 기반 전문기관에서 임원 일정·의전·회의 지원을 담당할 비서를 모집합니다. 이 포지션은 현장의 요구를 실행 가능한 계획과 결과물로 연결하는 역할입니다.

담당 범위는 일정표·출장·대외 연락를 바탕으로 기준을 수립하고, 우선순위에 따라 과제를 실행하며 품질과 일정을 함께 관리하는 것입니다.

법무·사무·총무 조직의 동료와 재무·영업·개발·운영 등 유관 부서, 필요한 경우 외부 파트너와 협업해 의사결정에 필요한 정보를 정리합니다.

이슈가 발생하면 사실과 데이터를 먼저 확인하고 원인을 구분한 뒤, 대안을 비교해 합의된 조치를 실행하고 재발 방지 내용을 문서화합니다.

입사 초기에는 기존 자료와 업무 흐름을 파악하고 Outlook·Excel 환경을 익힌 뒤, 담당 영역의 개선 과제와 표준화 작업을 단계적으로 주도합니다.

성과는 결과물의 정확성, 일정 준수, 이해관계자와의 명확한 소통, 사용자와 사업에 미치는 영향을 기준으로 평가합니다.","- 검토 회의 운영과 의사결정 근거·변경 이력 문서화
- 성과지표 설정 및 결과 데이터 분석을 통한 개선안 제안
- 업무상 리스크 사전 점검과 문제 발생 시 원인 분석·후속 조치
- 재사용 가능한 체크리스트·가이드·템플릿 정비
- 고객 또는 내부 사용자의 피드백을 반영한 결과물 품질 개선
- 임원 일정·의전·회의 지원 관련 연간·분기 실행계획 수립
- 일정표·출장·대외 연락 수집·정리 및 핵심 이슈 분석
- Outlook·Excel를 활용한 업무 산출물 작성과 버전 관리
- 요구사항을 세부 과제와 일정으로 구체화하고 진행 현황 관리","- 임원 일정·의전·회의 지원 관련 지식 또는 프로젝트·실무 경험을 보유한 분
- 일정표·출장·대외 연락를 정확히 해석하고 업무 문서로 구조화할 수 있는 분
- Outlook·Excel 중 직무에 필요한 도구를 실무에 적용할 수 있는 분
- 유관 부서와 쟁점을 명확히 설명하고 일정에 맞춰 협업할 수 있는 분
- 문제 원인을 근거에 따라 분석하고 실행 가능한 대안을 제시할 수 있는 분
- 업무상 취급하는 개인정보와 기밀정보를 안전하게 관리할 수 있는 분
- 비서 또는 유사 분야의 3년 이상 실무 경험을 보유한 분","- TOEIC Speaking IH 보유자
- 비서 1급 보유자
- 컴퓨터활용능력 1급 보유자
- 임원 일정·의전·회의 지원 관련 프로젝트를 기획부터 결과 검토까지 수행한 경험
- Outlook·Excel를 활용해 반복 업무를 개선하거나 품질 기준을 정립한 경험
- 외부 파트너 또는 다양한 이해관계자와 복잡한 요구사항을 조율한 경험","- 제출한 경력·자격 증빙이 사실과 다른 경우
- 정해진 기한까지 필수 증빙서류를 제출하지 않은 경우
- 해외여행 및 근무에 결격사유가 있는 경우
- 채용 관련 비밀유지 의무를 위반한 경우",서류전형 > 필기전형 > 면접전형 > 최종합격
비서 운영 담당자 채용,14,14,20260504,20260522,9,신입,정규직,부산광역시,학력무관,"디지털 서비스 조직에서 임원 일정·의전·회의 지원을 담당할 비서를 모집합니다. 이 포지션은 현장의 요구를 실행 가능한 계획과 결과물로 연결하는 역할입니다.

담당 범위는 일정표·출장·대외 연락를 바탕으로 기준을 수립하고, 우선순위에 따라 과제를 실행하며 품질과 일정을 함께 관리하는 것입니다.

법무·사무·총무 조직의 동료와 재무·영업·개발·운영 등 유관 부서, 필요한 경우 외부 파트너와 협업해 의사결정에 필요한 정보를 정리합니다.

이슈가 발생하면 사실과 데이터를 먼저 확인하고 원인을 구분한 뒤, 대안을 비교해 합의된 조치를 실행하고 재발 방지 내용을 문서화합니다.

입사 초기에는 기존 자료와 업무 흐름을 파악하고 Outlook·Excel 환경을 익힌 뒤, 담당 영역의 개선 과제와 표준화 작업을 단계적으로 주도합니다.

성과는 결과물의 정확성, 일정 준수, 이해관계자와의 명확한 소통, 사용자와 사업에 미치는 영향을 기준으로 평가합니다.","- 성과지표 설정 및 결과 데이터 분석을 통한 개선안 제안
- 업무상 리스크 사전 점검과 문제 발생 시 원인 분석·후속 조치
- 재사용 가능한 체크리스트·가이드·템플릿 정비
- 고객 또는 내부 사용자의 피드백을 반영한 결과물 품질 개선
- 임원 일정·의전·회의 지원 관련 연간·분기 실행계획 수립
- 일정표·출장·대외 연락 수집·정리 및 핵심 이슈 분석
- Outlook·Excel를 활용한 업무 산출물 작성과 버전 관리","- 임원 일정·의전·회의 지원 관련 지식 또는 프로젝트·실무 경험을 보유한 분
- 일정표·출장·대외 연락를 정확히 해석하고 업무 문서로 구조화할 수 있는 분
- Outlook·Excel 중 직무에 필요한 도구를 실무에 적용할 수 있는 분
- 유관 부서와 쟁점을 명확히 설명하고 일정에 맞춰 협업할 수 있는 분
- 문제 원인을 근거에 따라 분석하고 실행 가능한 대안을 제시할 수 있는 분","- 비서 1급 보유자
- 컴퓨터활용능력 1급 보유자
- TOEIC Speaking IH 보유자
- 임원 일정·의전·회의 지원 관련 프로젝트를 기획부터 결과 검토까지 수행한 경험","- 지원 자격 또는 필수 면허 요건을 충족하지 못한 경우
- 전형 과정에서 타인의 결과물을 무단 사용한 경우
- 채용검진 결과 담당 업무 수행이 곤란한 경우
- 관계 법령상 취업이 제한되는 경우",서류전형 > 실무면접 > 최종면접
비서 핵심인재 모집,96,14,20260709,20260730,12,경력 2년 이상,계약직,광주광역시,전문학사 이상,"성장 단계 스타트업에서 임원 일정·의전·회의 지원을 담당할 비서를 모집합니다. 이 포지션은 현장의 요구를 실행 가능한 계획과 결과물로 연결하는 역할입니다.

담당 범위는 일정표·출장·대외 연락를 바탕으로 기준을 수립하고, 우선순위에 따라 과제를 실행하며 품질과 일정을 함께 관리하는 것입니다.

법무·사무·총무 조직의 동료와 재무·영업·개발·운영 등 유관 부서, 필요한 경우 외부 파트너와 협업해 의사결정에 필요한 정보를 정리합니다.

이슈가 발생하면 사실과 데이터를 먼저 확인하고 원인을 구분한 뒤, 대안을 비교해 합의된 조치를 실행하고 재발 방지 내용을 문서화합니다.

입사 초기에는 기존 자료와 업무 흐름을 파악하고 Outlook·Excel 환경을 익힌 뒤, 담당 영역의 개선 과제와 표준화 작업을 단계적으로 주도합니다.

성과는 결과물의 정확성, 일정 준수, 이해관계자와의 명확한 소통, 사용자와 사업에 미치는 영향을 기준으로 평가합니다.","- 업무상 리스크 사전 점검과 문제 발생 시 원인 분석·후속 조치
- 재사용 가능한 체크리스트·가이드·템플릿 정비
- 고객 또는 내부 사용자의 피드백을 반영한 결과물 품질 개선
- 임원 일정·의전·회의 지원 관련 연간·분기 실행계획 수립
- 일정표·출장·대외 연락 수집·정리 및 핵심 이슈 분석
- Outlook·Excel를 활용한 업무 산출물 작성과 버전 관리
- 요구사항을 세부 과제와 일정으로 구체화하고 진행 현황 관리
- 유관 부서 및 외부 파트너와 기준·일정·결과물 조율","- 임원 일정·의전·회의 지원 관련 지식 또는 프로젝트·실무 경험을 보유한 분
- 일정표·출장·대외 연락를 정확히 해석하고 업무 문서로 구조화할 수 있는 분
- Outlook·Excel 중 직무에 필요한 도구를 실무에 적용할 수 있는 분
- 유관 부서와 쟁점을 명확히 설명하고 일정에 맞춰 협업할 수 있는 분
- 문제 원인을 근거에 따라 분석하고 실행 가능한 대안을 제시할 수 있는 분
- 업무상 취급하는 개인정보와 기밀정보를 안전하게 관리할 수 있는 분","- 컴퓨터활용능력 1급 보유자
- TOEIC Speaking IH 보유자
- 비서 1급 보유자
- 임원 일정·의전·회의 지원 관련 프로젝트를 기획부터 결과 검토까지 수행한 경험
- Outlook·Excel를 활용해 반복 업무를 개선하거나 품질 기준을 정립한 경험","- 지원서 또는 제출서류를 허위로 기재한 경우
- 채용 과정에서 부정한 방법을 사용한 경우
- 채용검진 결과 직무 수행이 어렵다고 판단되는 경우
- 관련 법령 또는 내부 인사규정상 채용이 불가능한 경우",서류전형 > 인성검사 > 실무면접 > 최종면접
비서 전문가 채용,124,14,20260914,20261008,15,신입·경력,정규직,세종특별자치시,학사 이상,"중견기업 전략 조직에서 임원 일정·의전·회의 지원을 담당할 비서를 모집합니다. 이 포지션은 현장의 요구를 실행 가능한 계획과 결과물로 연결하는 역할입니다.

담당 범위는 일정표·출장·대외 연락를 바탕으로 기준을 수립하고, 우선순위에 따라 과제를 실행하며 품질과 일정을 함께 관리하는 것입니다.

법무·사무·총무 조직의 동료와 재무·영업·개발·운영 등 유관 부서, 필요한 경우 외부 파트너와 협업해 의사결정에 필요한 정보를 정리합니다.

이슈가 발생하면 사실과 데이터를 먼저 확인하고 원인을 구분한 뒤, 대안을 비교해 합의된 조치를 실행하고 재발 방지 내용을 문서화합니다.

입사 초기에는 기존 자료와 업무 흐름을 파악하고 Outlook·Excel 환경을 익힌 뒤, 담당 영역의 개선 과제와 표준화 작업을 단계적으로 주도합니다.

성과는 결과물의 정확성, 일정 준수, 이해관계자와의 명확한 소통, 사용자와 사업에 미치는 영향을 기준으로 평가합니다.","- 재사용 가능한 체크리스트·가이드·템플릿 정비
- 고객 또는 내부 사용자의 피드백을 반영한 결과물 품질 개선
- 임원 일정·의전·회의 지원 관련 연간·분기 실행계획 수립
- 일정표·출장·대외 연락 수집·정리 및 핵심 이슈 분석
- Outlook·Excel를 활용한 업무 산출물 작성과 버전 관리
- 요구사항을 세부 과제와 일정으로 구체화하고 진행 현황 관리
- 유관 부서 및 외부 파트너와 기준·일정·결과물 조율
- 검토 회의 운영과 의사결정 근거·변경 이력 문서화
- 성과지표 설정 및 결과 데이터 분석을 통한 개선안 제안","- 임원 일정·의전·회의 지원 관련 지식 또는 프로젝트·실무 경험을 보유한 분
- 일정표·출장·대외 연락를 정확히 해석하고 업무 문서로 구조화할 수 있는 분
- Outlook·Excel 중 직무에 필요한 도구를 실무에 적용할 수 있는 분
- 유관 부서와 쟁점을 명확히 설명하고 일정에 맞춰 협업할 수 있는 분
- 문제 원인을 근거에 따라 분석하고 실행 가능한 대안을 제시할 수 있는 분
- 업무상 취급하는 개인정보와 기밀정보를 안전하게 관리할 수 있는 분
- 비서 또는 유사 분야의 신입·경력 실무 경험을 보유한 분","- TOEIC Speaking IH 보유자
- 비서 1급 보유자
- 컴퓨터활용능력 1급 보유자
- 임원 일정·의전·회의 지원 관련 프로젝트를 기획부터 결과 검토까지 수행한 경험
- Outlook·Excel를 활용해 반복 업무를 개선하거나 품질 기준을 정립한 경험
- 외부 파트너 또는 다양한 이해관계자와 복잡한 요구사항을 조율한 경험","- 제출한 경력·자격 증빙이 사실과 다른 경우
- 정해진 기한까지 필수 증빙서류를 제출하지 않은 경우
- 해외여행 및 근무에 결격사유가 있는 경우
- 채용 관련 비밀유지 의무를 위반한 경우",서류전형 > 직무과제 > 실무면접 > 처우협의
비서 신규 인력 모집,135,14,20261119,20261216,18,경력 3년 이상,무기계약직,충청남도,학사 이상,"공공서비스 운영기관에서 임원 일정·의전·회의 지원을 담당할 비서를 모집합니다. 이 포지션은 현장의 요구를 실행 가능한 계획과 결과물로 연결하는 역할입니다.

담당 범위는 일정표·출장·대외 연락를 바탕으로 기준을 수립하고, 우선순위에 따라 과제를 실행하며 품질과 일정을 함께 관리하는 것입니다.

법무·사무·총무 조직의 동료와 재무·영업·개발·운영 등 유관 부서, 필요한 경우 외부 파트너와 협업해 의사결정에 필요한 정보를 정리합니다.

이슈가 발생하면 사실과 데이터를 먼저 확인하고 원인을 구분한 뒤, 대안을 비교해 합의된 조치를 실행하고 재발 방지 내용을 문서화합니다.

입사 초기에는 기존 자료와 업무 흐름을 파악하고 Outlook·Excel 환경을 익힌 뒤, 담당 영역의 개선 과제와 표준화 작업을 단계적으로 주도합니다.

성과는 결과물의 정확성, 일정 준수, 이해관계자와의 명확한 소통, 사용자와 사업에 미치는 영향을 기준으로 평가합니다.","- 고객 또는 내부 사용자의 피드백을 반영한 결과물 품질 개선
- 임원 일정·의전·회의 지원 관련 연간·분기 실행계획 수립
- 일정표·출장·대외 연락 수집·정리 및 핵심 이슈 분석
- Outlook·Excel를 활용한 업무 산출물 작성과 버전 관리
- 요구사항을 세부 과제와 일정으로 구체화하고 진행 현황 관리
- 유관 부서 및 외부 파트너와 기준·일정·결과물 조율
- 검토 회의 운영과 의사결정 근거·변경 이력 문서화","- 임원 일정·의전·회의 지원 관련 지식 또는 프로젝트·실무 경험을 보유한 분
- 일정표·출장·대외 연락를 정확히 해석하고 업무 문서로 구조화할 수 있는 분
- Outlook·Excel 중 직무에 필요한 도구를 실무에 적용할 수 있는 분
- 유관 부서와 쟁점을 명확히 설명하고 일정에 맞춰 협업할 수 있는 분
- 문제 원인을 근거에 따라 분석하고 실행 가능한 대안을 제시할 수 있는 분","- 비서 1급 보유자
- 컴퓨터활용능력 1급 보유자
- TOEIC Speaking IH 보유자
- 임원 일정·의전·회의 지원 관련 프로젝트를 기획부터 결과 검토까지 수행한 경험","- 지원 자격 또는 필수 면허 요건을 충족하지 못한 경우
- 전형 과정에서 타인의 결과물을 무단 사용한 경우
- 채용검진 결과 담당 업무 수행이 곤란한 경우
- 관계 법령상 취업이 제한되는 경우",서류전형 > 1차면접 > 2차면접 > 채용검진
변호사 담당자 모집,30,15,20260523,20260705,16,경력 5년 이상,기간제,서울특별시,학력무관,"글로벌 사업 조직에서 계약 자문·소송·컴플라이언스를 담당할 변호사를 모집합니다. 이 포지션은 현장의 요구를 실행 가능한 계획과 결과물로 연결하는 역할입니다.

담당 범위는 법령·판례·계약 및 소송 기록를 바탕으로 기준을 수립하고, 우선순위에 따라 과제를 실행하며 품질과 일정을 함께 관리하는 것입니다.

법무·사무·총무 조직의 동료와 재무·영업·개발·운영 등 유관 부서, 필요한 경우 외부 파트너와 협업해 의사결정에 필요한 정보를 정리합니다.

이슈가 발생하면 사실과 데이터를 먼저 확인하고 원인을 구분한 뒤, 대안을 비교해 합의된 조치를 실행하고 재발 방지 내용을 문서화합니다.

입사 초기에는 기존 자료와 업무 흐름을 파악하고 법률DB·전자소송 환경을 익힌 뒤, 담당 영역의 개선 과제와 표준화 작업을 단계적으로 주도합니다.

성과는 결과물의 정확성, 일정 준수, 이해관계자와의 명확한 소통, 사용자와 사업에 미치는 영향을 기준으로 평가합니다.","- 계약 자문·소송·컴플라이언스 관련 연간·분기 실행계획 수립
- 법령·판례·계약 및 소송 기록 수집·정리 및 핵심 이슈 분석
- 법률DB·전자소송를 활용한 업무 산출물 작성과 버전 관리
- 요구사항을 세부 과제와 일정으로 구체화하고 진행 현황 관리
- 유관 부서 및 외부 파트너와 기준·일정·결과물 조율
- 검토 회의 운영과 의사결정 근거·변경 이력 문서화
- 성과지표 설정 및 결과 데이터 분석을 통한 개선안 제안","- 변호사 자격을 보유한 분
- 법령·판례·계약 및 소송 기록를 정확히 해석하고 업무 문서로 구조화할 수 있는 분
- 법률DB·전자소송 중 직무에 필요한 도구를 실무에 적용할 수 있는 분
- 유관 부서와 쟁점을 명확히 설명하고 일정에 맞춰 협업할 수 있는 분
- 문제 원인을 근거에 따라 분석하고 실행 가능한 대안을 제시할 수 있는 분","- 변호사 자격 보유자
- 개인정보보호사(CPPG) 보유자
- IAPP CIPP/E 보유자
- 계약 자문·소송·컴플라이언스 관련 프로젝트를 기획부터 결과 검토까지 수행한 경험","- 지원서 또는 제출서류를 허위로 기재한 경우
- 채용 과정에서 부정한 방법을 사용한 경우
- 채용검진 결과 직무 수행이 어렵다고 판단되는 경우
- 관련 법령 또는 내부 인사규정상 채용이 불가능한 경우",서류전형 > 실무면접 > 최종면접
변호사 실무자 채용,65,15,20260705,20260715,19,경력,정규직,경기도,전문학사 이상,"연구개발 중심 조직에서 계약 자문·소송·컴플라이언스를 담당할 변호사를 모집합니다. 이 포지션은 현장의 요구를 실행 가능한 계획과 결과물로 연결하는 역할입니다.

담당 범위는 법령·판례·계약 및 소송 기록를 바탕으로 기준을 수립하고, 우선순위에 따라 과제를 실행하며 품질과 일정을 함께 관리하는 것입니다.

법무·사무·총무 조직의 동료와 재무·영업·개발·운영 등 유관 부서, 필요한 경우 외부 파트너와 협업해 의사결정에 필요한 정보를 정리합니다.

이슈가 발생하면 사실과 데이터를 먼저 확인하고 원인을 구분한 뒤, 대안을 비교해 합의된 조치를 실행하고 재발 방지 내용을 문서화합니다.

입사 초기에는 기존 자료와 업무 흐름을 파악하고 법률DB·전자소송 환경을 익힌 뒤, 담당 영역의 개선 과제와 표준화 작업을 단계적으로 주도합니다.

성과는 결과물의 정확성, 일정 준수, 이해관계자와의 명확한 소통, 사용자와 사업에 미치는 영향을 기준으로 평가합니다.","- 법령·판례·계약 및 소송 기록 수집·정리 및 핵심 이슈 분석
- 법률DB·전자소송를 활용한 업무 산출물 작성과 버전 관리
- 요구사항을 세부 과제와 일정으로 구체화하고 진행 현황 관리
- 유관 부서 및 외부 파트너와 기준·일정·결과물 조율
- 검토 회의 운영과 의사결정 근거·변경 이력 문서화
- 성과지표 설정 및 결과 데이터 분석을 통한 개선안 제안
- 업무상 리스크 사전 점검과 문제 발생 시 원인 분석·후속 조치
- 재사용 가능한 체크리스트·가이드·템플릿 정비","- 변호사 자격을 보유한 분
- 법령·판례·계약 및 소송 기록를 정확히 해석하고 업무 문서로 구조화할 수 있는 분
- 법률DB·전자소송 중 직무에 필요한 도구를 실무에 적용할 수 있는 분
- 유관 부서와 쟁점을 명확히 설명하고 일정에 맞춰 협업할 수 있는 분
- 문제 원인을 근거에 따라 분석하고 실행 가능한 대안을 제시할 수 있는 분
- 업무상 취급하는 개인정보와 기밀정보를 안전하게 관리할 수 있는 분","- 개인정보보호사(CPPG) 보유자
- IAPP CIPP/E 보유자
- 변호사 자격 보유자
- 계약 자문·소송·컴플라이언스 관련 프로젝트를 기획부터 결과 검토까지 수행한 경험
- 법률DB·전자소송를 활용해 반복 업무를 개선하거나 품질 기준을 정립한 경험","- 제출한 경력·자격 증빙이 사실과 다른 경우
- 정해진 기한까지 필수 증빙서류를 제출하지 않은 경우
- 해외여행 및 근무에 결격사유가 있는 경우
- 채용 관련 비밀유지 의무를 위반한 경우",서류전형 > 인성검사 > 실무면접 > 최종면접
변호사 전문인력 모집,110,15,20260910,20260923,2,신입·경력,계약직,인천광역시,학사 이상,"플랫폼 운영 조직에서 계약 자문·소송·컴플라이언스를 담당할 변호사를 모집합니다. 이 포지션은 현장의 요구를 실행 가능한 계획과 결과물로 연결하는 역할입니다.

담당 범위는 법령·판례·계약 및 소송 기록를 바탕으로 기준을 수립하고, 우선순위에 따라 과제를 실행하며 품질과 일정을 함께 관리하는 것입니다.

법무·사무·총무 조직의 동료와 재무·영업·개발·운영 등 유관 부서, 필요한 경우 외부 파트너와 협업해 의사결정에 필요한 정보를 정리합니다.

이슈가 발생하면 사실과 데이터를 먼저 확인하고 원인을 구분한 뒤, 대안을 비교해 합의된 조치를 실행하고 재발 방지 내용을 문서화합니다.

입사 초기에는 기존 자료와 업무 흐름을 파악하고 법률DB·전자소송 환경을 익힌 뒤, 담당 영역의 개선 과제와 표준화 작업을 단계적으로 주도합니다.

성과는 결과물의 정확성, 일정 준수, 이해관계자와의 명확한 소통, 사용자와 사업에 미치는 영향을 기준으로 평가합니다.","- 법률DB·전자소송를 활용한 업무 산출물 작성과 버전 관리
- 요구사항을 세부 과제와 일정으로 구체화하고 진행 현황 관리
- 유관 부서 및 외부 파트너와 기준·일정·결과물 조율
- 검토 회의 운영과 의사결정 근거·변경 이력 문서화
- 성과지표 설정 및 결과 데이터 분석을 통한 개선안 제안
- 업무상 리스크 사전 점검과 문제 발생 시 원인 분석·후속 조치
- 재사용 가능한 체크리스트·가이드·템플릿 정비
- 고객 또는 내부 사용자의 피드백을 반영한 결과물 품질 개선
- 계약 자문·소송·컴플라이언스 관련 연간·분기 실행계획 수립","- 변호사 자격을 보유한 분
- 법령·판례·계약 및 소송 기록를 정확히 해석하고 업무 문서로 구조화할 수 있는 분
- 법률DB·전자소송 중 직무에 필요한 도구를 실무에 적용할 수 있는 분
- 유관 부서와 쟁점을 명확히 설명하고 일정에 맞춰 협업할 수 있는 분
- 문제 원인을 근거에 따라 분석하고 실행 가능한 대안을 제시할 수 있는 분
- 업무상 취급하는 개인정보와 기밀정보를 안전하게 관리할 수 있는 분
- 변호사 또는 유사 분야의 신입·경력 실무 경험을 보유한 분","- IAPP CIPP/E 보유자
- 변호사 자격 보유자
- 개인정보보호사(CPPG) 보유자
- 계약 자문·소송·컴플라이언스 관련 프로젝트를 기획부터 결과 검토까지 수행한 경험
- 법률DB·전자소송를 활용해 반복 업무를 개선하거나 품질 기준을 정립한 경험
- 외부 파트너 또는 다양한 이해관계자와 복잡한 요구사항을 조율한 경험","- 지원 자격 또는 필수 면허 요건을 충족하지 못한 경우
- 전형 과정에서 타인의 결과물을 무단 사용한 경우
- 채용검진 결과 담당 업무 수행이 곤란한 경우
- 관계 법령상 취업이 제한되는 경우",서류전형 > 직무과제 > 실무면접 > 처우협의
변호사 인재 채용,27,15,20261115,20261201,5,경력 2년 이상,정규직,대전광역시,학사 이상,"브랜드 사업 조직에서 계약 자문·소송·컴플라이언스를 담당할 변호사를 모집합니다. 이 포지션은 현장의 요구를 실행 가능한 계획과 결과물로 연결하는 역할입니다.

담당 범위는 법령·판례·계약 및 소송 기록를 바탕으로 기준을 수립하고, 우선순위에 따라 과제를 실행하며 품질과 일정을 함께 관리하는 것입니다.

법무·사무·총무 조직의 동료와 재무·영업·개발·운영 등 유관 부서, 필요한 경우 외부 파트너와 협업해 의사결정에 필요한 정보를 정리합니다.

이슈가 발생하면 사실과 데이터를 먼저 확인하고 원인을 구분한 뒤, 대안을 비교해 합의된 조치를 실행하고 재발 방지 내용을 문서화합니다.

입사 초기에는 기존 자료와 업무 흐름을 파악하고 법률DB·전자소송 환경을 익힌 뒤, 담당 영역의 개선 과제와 표준화 작업을 단계적으로 주도합니다.

성과는 결과물의 정확성, 일정 준수, 이해관계자와의 명확한 소통, 사용자와 사업에 미치는 영향을 기준으로 평가합니다.","- 요구사항을 세부 과제와 일정으로 구체화하고 진행 현황 관리
- 유관 부서 및 외부 파트너와 기준·일정·결과물 조율
- 검토 회의 운영과 의사결정 근거·변경 이력 문서화
- 성과지표 설정 및 결과 데이터 분석을 통한 개선안 제안
- 업무상 리스크 사전 점검과 문제 발생 시 원인 분석·후속 조치
- 재사용 가능한 체크리스트·가이드·템플릿 정비
- 고객 또는 내부 사용자의 피드백을 반영한 결과물 품질 개선","- 변호사 자격을 보유한 분
- 법령·판례·계약 및 소송 기록를 정확히 해석하고 업무 문서로 구조화할 수 있는 분
- 법률DB·전자소송 중 직무에 필요한 도구를 실무에 적용할 수 있는 분
- 유관 부서와 쟁점을 명확히 설명하고 일정에 맞춰 협업할 수 있는 분
- 문제 원인을 근거에 따라 분석하고 실행 가능한 대안을 제시할 수 있는 분","- 변호사 자격 보유자
- 개인정보보호사(CPPG) 보유자
- IAPP CIPP/E 보유자
- 계약 자문·소송·컴플라이언스 관련 프로젝트를 기획부터 결과 검토까지 수행한 경험","- 지원서 또는 제출서류를 허위로 기재한 경우
- 채용 과정에서 부정한 방법을 사용한 경우
- 채용검진 결과 직무 수행이 어렵다고 판단되는 경우
- 관련 법령 또는 내부 인사규정상 채용이 불가능한 경우",서류전형 > 1차면접 > 2차면접 > 채용검진
변호사 공개채용,86,15,20260220,20260311,8,경력 3년 이상,무기계약직,부산광역시,석사 이상,"지역 기반 전문기관에서 계약 자문·소송·컴플라이언스를 담당할 변호사를 모집합니다. 이 포지션은 현장의 요구를 실행 가능한 계획과 결과물로 연결하는 역할입니다.

담당 범위는 법령·판례·계약 및 소송 기록를 바탕으로 기준을 수립하고, 우선순위에 따라 과제를 실행하며 품질과 일정을 함께 관리하는 것입니다.

법무·사무·총무 조직의 동료와 재무·영업·개발·운영 등 유관 부서, 필요한 경우 외부 파트너와 협업해 의사결정에 필요한 정보를 정리합니다.

이슈가 발생하면 사실과 데이터를 먼저 확인하고 원인을 구분한 뒤, 대안을 비교해 합의된 조치를 실행하고 재발 방지 내용을 문서화합니다.

입사 초기에는 기존 자료와 업무 흐름을 파악하고 법률DB·전자소송 환경을 익힌 뒤, 담당 영역의 개선 과제와 표준화 작업을 단계적으로 주도합니다.

성과는 결과물의 정확성, 일정 준수, 이해관계자와의 명확한 소통, 사용자와 사업에 미치는 영향을 기준으로 평가합니다.","- 유관 부서 및 외부 파트너와 기준·일정·결과물 조율
- 검토 회의 운영과 의사결정 근거·변경 이력 문서화
- 성과지표 설정 및 결과 데이터 분석을 통한 개선안 제안
- 업무상 리스크 사전 점검과 문제 발생 시 원인 분석·후속 조치
- 재사용 가능한 체크리스트·가이드·템플릿 정비
- 고객 또는 내부 사용자의 피드백을 반영한 결과물 품질 개선
- 계약 자문·소송·컴플라이언스 관련 연간·분기 실행계획 수립
- 법령·판례·계약 및 소송 기록 수집·정리 및 핵심 이슈 분석","- 변호사 자격을 보유한 분
- 법령·판례·계약 및 소송 기록를 정확히 해석하고 업무 문서로 구조화할 수 있는 분
- 법률DB·전자소송 중 직무에 필요한 도구를 실무에 적용할 수 있는 분
- 유관 부서와 쟁점을 명확히 설명하고 일정에 맞춰 협업할 수 있는 분
- 문제 원인을 근거에 따라 분석하고 실행 가능한 대안을 제시할 수 있는 분
- 업무상 취급하는 개인정보와 기밀정보를 안전하게 관리할 수 있는 분","- 개인정보보호사(CPPG) 보유자
- IAPP CIPP/E 보유자
- 변호사 자격 보유자
- 계약 자문·소송·컴플라이언스 관련 프로젝트를 기획부터 결과 검토까지 수행한 경험
- 법률DB·전자소송를 활용해 반복 업무를 개선하거나 품질 기준을 정립한 경험","- 제출한 경력·자격 증빙이 사실과 다른 경우
- 정해진 기한까지 필수 증빙서류를 제출하지 않은 경우
- 해외여행 및 근무에 결격사유가 있는 경우
- 채용 관련 비밀유지 의무를 위반한 경우",서류전형 > 필기전형 > 면접전형 > 최종합격
변호사 프로젝트 담당 모집,49,15,20260402,20260424,11,신입,정규직,광주광역시,학력무관,"디지털 서비스 조직에서 계약 자문·소송·컴플라이언스를 담당할 변호사를 모집합니다. 이 포지션은 현장의 요구를 실행 가능한 계획과 결과물로 연결하는 역할입니다.

담당 범위는 법령·판례·계약 및 소송 기록를 바탕으로 기준을 수립하고, 우선순위에 따라 과제를 실행하며 품질과 일정을 함께 관리하는 것입니다.

법무·사무·총무 조직의 동료와 재무·영업·개발·운영 등 유관 부서, 필요한 경우 외부 파트너와 협업해 의사결정에 필요한 정보를 정리합니다.

이슈가 발생하면 사실과 데이터를 먼저 확인하고 원인을 구분한 뒤, 대안을 비교해 합의된 조치를 실행하고 재발 방지 내용을 문서화합니다.

입사 초기에는 기존 자료와 업무 흐름을 파악하고 법률DB·전자소송 환경을 익힌 뒤, 담당 영역의 개선 과제와 표준화 작업을 단계적으로 주도합니다.

성과는 결과물의 정확성, 일정 준수, 이해관계자와의 명확한 소통, 사용자와 사업에 미치는 영향을 기준으로 평가합니다.","- 검토 회의 운영과 의사결정 근거·변경 이력 문서화
- 성과지표 설정 및 결과 데이터 분석을 통한 개선안 제안
- 업무상 리스크 사전 점검과 문제 발생 시 원인 분석·후속 조치
- 재사용 가능한 체크리스트·가이드·템플릿 정비
- 고객 또는 내부 사용자의 피드백을 반영한 결과물 품질 개선
- 계약 자문·소송·컴플라이언스 관련 연간·분기 실행계획 수립
- 법령·판례·계약 및 소송 기록 수집·정리 및 핵심 이슈 분석
- 법률DB·전자소송를 활용한 업무 산출물 작성과 버전 관리
- 요구사항을 세부 과제와 일정으로 구체화하고 진행 현황 관리","- 변호사 자격을 보유한 분
- 법령·판례·계약 및 소송 기록를 정확히 해석하고 업무 문서로 구조화할 수 있는 분
- 법률DB·전자소송 중 직무에 필요한 도구를 실무에 적용할 수 있는 분
- 유관 부서와 쟁점을 명확히 설명하고 일정에 맞춰 협업할 수 있는 분
- 문제 원인을 근거에 따라 분석하고 실행 가능한 대안을 제시할 수 있는 분
- 업무상 취급하는 개인정보와 기밀정보를 안전하게 관리할 수 있는 분
- 새로운 업무 기준과 도구를 빠르게 학습할 수 있는 분","- IAPP CIPP/E 보유자
- 변호사 자격 보유자
- 개인정보보호사(CPPG) 보유자
- 계약 자문·소송·컴플라이언스 관련 프로젝트를 기획부터 결과 검토까지 수행한 경험
- 법률DB·전자소송를 활용해 반복 업무를 개선하거나 품질 기준을 정립한 경험
- 외부 파트너 또는 다양한 이해관계자와 복잡한 요구사항을 조율한 경험","- 지원 자격 또는 필수 면허 요건을 충족하지 못한 경우
- 전형 과정에서 타인의 결과물을 무단 사용한 경우
- 채용검진 결과 담당 업무 수행이 곤란한 경우
- 관계 법령상 취업이 제한되는 경우",서류전형 > 실무면접 > 최종면접
변호사 운영 담당자 채용,87,15,20260607,20260702,14,경력 2년 이상,계약직,세종특별자치시,전문학사 이상,"성장 단계 스타트업에서 계약 자문·소송·컴플라이언스를 담당할 변호사를 모집합니다. 이 포지션은 현장의 요구를 실행 가능한 계획과 결과물로 연결하는 역할입니다.

담당 범위는 법령·판례·계약 및 소송 기록를 바탕으로 기준을 수립하고, 우선순위에 따라 과제를 실행하며 품질과 일정을 함께 관리하는 것입니다.

법무·사무·총무 조직의 동료와 재무·영업·개발·운영 등 유관 부서, 필요한 경우 외부 파트너와 협업해 의사결정에 필요한 정보를 정리합니다.

이슈가 발생하면 사실과 데이터를 먼저 확인하고 원인을 구분한 뒤, 대안을 비교해 합의된 조치를 실행하고 재발 방지 내용을 문서화합니다.

입사 초기에는 기존 자료와 업무 흐름을 파악하고 법률DB·전자소송 환경을 익힌 뒤, 담당 영역의 개선 과제와 표준화 작업을 단계적으로 주도합니다.

성과는 결과물의 정확성, 일정 준수, 이해관계자와의 명확한 소통, 사용자와 사업에 미치는 영향을 기준으로 평가합니다.","- 성과지표 설정 및 결과 데이터 분석을 통한 개선안 제안
- 업무상 리스크 사전 점검과 문제 발생 시 원인 분석·후속 조치
- 재사용 가능한 체크리스트·가이드·템플릿 정비
- 고객 또는 내부 사용자의 피드백을 반영한 결과물 품질 개선
- 계약 자문·소송·컴플라이언스 관련 연간·분기 실행계획 수립
- 법령·판례·계약 및 소송 기록 수집·정리 및 핵심 이슈 분석
- 법률DB·전자소송를 활용한 업무 산출물 작성과 버전 관리","- 변호사 자격을 보유한 분
- 법령·판례·계약 및 소송 기록를 정확히 해석하고 업무 문서로 구조화할 수 있는 분
- 법률DB·전자소송 중 직무에 필요한 도구를 실무에 적용할 수 있는 분
- 유관 부서와 쟁점을 명확히 설명하고 일정에 맞춰 협업할 수 있는 분
- 문제 원인을 근거에 따라 분석하고 실행 가능한 대안을 제시할 수 있는 분","- 변호사 자격 보유자
- 개인정보보호사(CPPG) 보유자
- IAPP CIPP/E 보유자
- 계약 자문·소송·컴플라이언스 관련 프로젝트를 기획부터 결과 검토까지 수행한 경험","- 지원서 또는 제출서류를 허위로 기재한 경우
- 채용 과정에서 부정한 방법을 사용한 경우
- 채용검진 결과 직무 수행이 어렵다고 판단되는 경우
- 관련 법령 또는 내부 인사규정상 채용이 불가능한 경우",서류전형 > 인성검사 > 실무면접 > 최종면접
변호사 핵심인재 모집,101,15,20260812,20260909,17,신입·경력,정규직,충청남도,학사 이상,"중견기업 전략 조직에서 계약 자문·소송·컴플라이언스를 담당할 변호사를 모집합니다. 이 포지션은 현장의 요구를 실행 가능한 계획과 결과물로 연결하는 역할입니다.

담당 범위는 법령·판례·계약 및 소송 기록를 바탕으로 기준을 수립하고, 우선순위에 따라 과제를 실행하며 품질과 일정을 함께 관리하는 것입니다.

법무·사무·총무 조직의 동료와 재무·영업·개발·운영 등 유관 부서, 필요한 경우 외부 파트너와 협업해 의사결정에 필요한 정보를 정리합니다.

이슈가 발생하면 사실과 데이터를 먼저 확인하고 원인을 구분한 뒤, 대안을 비교해 합의된 조치를 실행하고 재발 방지 내용을 문서화합니다.

입사 초기에는 기존 자료와 업무 흐름을 파악하고 법률DB·전자소송 환경을 익힌 뒤, 담당 영역의 개선 과제와 표준화 작업을 단계적으로 주도합니다.

성과는 결과물의 정확성, 일정 준수, 이해관계자와의 명확한 소통, 사용자와 사업에 미치는 영향을 기준으로 평가합니다.","- 업무상 리스크 사전 점검과 문제 발생 시 원인 분석·후속 조치
- 재사용 가능한 체크리스트·가이드·템플릿 정비
- 고객 또는 내부 사용자의 피드백을 반영한 결과물 품질 개선
- 계약 자문·소송·컴플라이언스 관련 연간·분기 실행계획 수립
- 법령·판례·계약 및 소송 기록 수집·정리 및 핵심 이슈 분석
- 법률DB·전자소송를 활용한 업무 산출물 작성과 버전 관리
- 요구사항을 세부 과제와 일정으로 구체화하고 진행 현황 관리
- 유관 부서 및 외부 파트너와 기준·일정·결과물 조율","- 변호사 자격을 보유한 분
- 법령·판례·계약 및 소송 기록를 정확히 해석하고 업무 문서로 구조화할 수 있는 분
- 법률DB·전자소송 중 직무에 필요한 도구를 실무에 적용할 수 있는 분
- 유관 부서와 쟁점을 명확히 설명하고 일정에 맞춰 협업할 수 있는 분
- 문제 원인을 근거에 따라 분석하고 실행 가능한 대안을 제시할 수 있는 분
- 업무상 취급하는 개인정보와 기밀정보를 안전하게 관리할 수 있는 분","- 개인정보보호사(CPPG) 보유자
- IAPP CIPP/E 보유자
- 변호사 자격 보유자
- 계약 자문·소송·컴플라이언스 관련 프로젝트를 기획부터 결과 검토까지 수행한 경험
- 법률DB·전자소송를 활용해 반복 업무를 개선하거나 품질 기준을 정립한 경험","- 제출한 경력·자격 증빙이 사실과 다른 경우
- 정해진 기한까지 필수 증빙서류를 제출하지 않은 경우
- 해외여행 및 근무에 결격사유가 있는 경우
- 채용 관련 비밀유지 의무를 위반한 경우",서류전형 > 직무과제 > 실무면접 > 처우협의
변호사 전문가 채용,102,15,20261017,20261117,20,경력 3년 이상,무기계약직,경상남도,학사 이상,"공공서비스 운영기관에서 계약 자문·소송·컴플라이언스를 담당할 변호사를 모집합니다. 이 포지션은 현장의 요구를 실행 가능한 계획과 결과물로 연결하는 역할입니다.

담당 범위는 법령·판례·계약 및 소송 기록를 바탕으로 기준을 수립하고, 우선순위에 따라 과제를 실행하며 품질과 일정을 함께 관리하는 것입니다.

법무·사무·총무 조직의 동료와 재무·영업·개발·운영 등 유관 부서, 필요한 경우 외부 파트너와 협업해 의사결정에 필요한 정보를 정리합니다.

이슈가 발생하면 사실과 데이터를 먼저 확인하고 원인을 구분한 뒤, 대안을 비교해 합의된 조치를 실행하고 재발 방지 내용을 문서화합니다.

입사 초기에는 기존 자료와 업무 흐름을 파악하고 법률DB·전자소송 환경을 익힌 뒤, 담당 영역의 개선 과제와 표준화 작업을 단계적으로 주도합니다.

성과는 결과물의 정확성, 일정 준수, 이해관계자와의 명확한 소통, 사용자와 사업에 미치는 영향을 기준으로 평가합니다.","- 재사용 가능한 체크리스트·가이드·템플릿 정비
- 고객 또는 내부 사용자의 피드백을 반영한 결과물 품질 개선
- 계약 자문·소송·컴플라이언스 관련 연간·분기 실행계획 수립
- 법령·판례·계약 및 소송 기록 수집·정리 및 핵심 이슈 분석
- 법률DB·전자소송를 활용한 업무 산출물 작성과 버전 관리
- 요구사항을 세부 과제와 일정으로 구체화하고 진행 현황 관리
- 유관 부서 및 외부 파트너와 기준·일정·결과물 조율
- 검토 회의 운영과 의사결정 근거·변경 이력 문서화
- 성과지표 설정 및 결과 데이터 분석을 통한 개선안 제안","- 변호사 자격을 보유한 분
- 법령·판례·계약 및 소송 기록를 정확히 해석하고 업무 문서로 구조화할 수 있는 분
- 법률DB·전자소송 중 직무에 필요한 도구를 실무에 적용할 수 있는 분
- 유관 부서와 쟁점을 명확히 설명하고 일정에 맞춰 협업할 수 있는 분
- 문제 원인을 근거에 따라 분석하고 실행 가능한 대안을 제시할 수 있는 분
- 업무상 취급하는 개인정보와 기밀정보를 안전하게 관리할 수 있는 분
- 변호사 또는 유사 분야의 3년 이상 실무 경험을 보유한 분","- IAPP CIPP/E 보유자
- 변호사 자격 보유자
- 개인정보보호사(CPPG) 보유자
- 계약 자문·소송·컴플라이언스 관련 프로젝트를 기획부터 결과 검토까지 수행한 경험
- 법률DB·전자소송를 활용해 반복 업무를 개선하거나 품질 기준을 정립한 경험
- 외부 파트너 또는 다양한 이해관계자와 복잡한 요구사항을 조율한 경험","- 지원 자격 또는 필수 면허 요건을 충족하지 못한 경우
- 전형 과정에서 타인의 결과물을 무단 사용한 경우
- 채용검진 결과 담당 업무 수행이 곤란한 경우
- 관계 법령상 취업이 제한되는 경우",서류전형 > 1차면접 > 2차면접 > 채용검진
변호사 신규 인력 모집,145,15,20260122,20260225,3,경력 무관,정규직,제주특별자치도,석사 이상,"전문 컨설팅 조직에서 계약 자문·소송·컴플라이언스를 담당할 변호사를 모집합니다. 이 포지션은 현장의 요구를 실행 가능한 계획과 결과물로 연결하는 역할입니다.

담당 범위는 법령·판례·계약 및 소송 기록를 바탕으로 기준을 수립하고, 우선순위에 따라 과제를 실행하며 품질과 일정을 함께 관리하는 것입니다.

법무·사무·총무 조직의 동료와 재무·영업·개발·운영 등 유관 부서, 필요한 경우 외부 파트너와 협업해 의사결정에 필요한 정보를 정리합니다.

이슈가 발생하면 사실과 데이터를 먼저 확인하고 원인을 구분한 뒤, 대안을 비교해 합의된 조치를 실행하고 재발 방지 내용을 문서화합니다.

입사 초기에는 기존 자료와 업무 흐름을 파악하고 법률DB·전자소송 환경을 익힌 뒤, 담당 영역의 개선 과제와 표준화 작업을 단계적으로 주도합니다.

성과는 결과물의 정확성, 일정 준수, 이해관계자와의 명확한 소통, 사용자와 사업에 미치는 영향을 기준으로 평가합니다.","- 고객 또는 내부 사용자의 피드백을 반영한 결과물 품질 개선
- 계약 자문·소송·컴플라이언스 관련 연간·분기 실행계획 수립
- 법령·판례·계약 및 소송 기록 수집·정리 및 핵심 이슈 분석
- 법률DB·전자소송를 활용한 업무 산출물 작성과 버전 관리
- 요구사항을 세부 과제와 일정으로 구체화하고 진행 현황 관리
- 유관 부서 및 외부 파트너와 기준·일정·결과물 조율
- 검토 회의 운영과 의사결정 근거·변경 이력 문서화","- 변호사 자격을 보유한 분
- 법령·판례·계약 및 소송 기록를 정확히 해석하고 업무 문서로 구조화할 수 있는 분
- 법률DB·전자소송 중 직무에 필요한 도구를 실무에 적용할 수 있는 분
- 유관 부서와 쟁점을 명확히 설명하고 일정에 맞춰 협업할 수 있는 분
- 문제 원인을 근거에 따라 분석하고 실행 가능한 대안을 제시할 수 있는 분","- 변호사 자격 보유자
- 개인정보보호사(CPPG) 보유자
- IAPP CIPP/E 보유자
- 계약 자문·소송·컴플라이언스 관련 프로젝트를 기획부터 결과 검토까지 수행한 경험","- 지원서 또는 제출서류를 허위로 기재한 경우
- 채용 과정에서 부정한 방법을 사용한 경우
- 채용검진 결과 직무 수행이 어렵다고 판단되는 경우
- 관련 법령 또는 내부 인사규정상 채용이 불가능한 경우",서류전형 > 필기전형 > 면접전형 > 최종합격
법무사 담당자 모집,97,16,20260603,20260617,1,경력,정규직,인천광역시,전문학사 이상,"연구개발 중심 조직에서 등기·집행·법률서류 작성을 담당할 법무사를 모집합니다. 이 포지션은 현장의 요구를 실행 가능한 계획과 결과물로 연결하는 역할입니다.

담당 범위는 등기부·신청서·위임 자료를 바탕으로 기준을 수립하고, 우선순위에 따라 과제를 실행하며 품질과 일정을 함께 관리하는 것입니다.

법무·사무·총무 조직의 동료와 재무·영업·개발·운영 등 유관 부서, 필요한 경우 외부 파트너와 협업해 의사결정에 필요한 정보를 정리합니다.

이슈가 발생하면 사실과 데이터를 먼저 확인하고 원인을 구분한 뒤, 대안을 비교해 합의된 조치를 실행하고 재발 방지 내용을 문서화합니다.

입사 초기에는 기존 자료와 업무 흐름을 파악하고 인터넷등기소·전자소송 환경을 익힌 뒤, 담당 영역의 개선 과제와 표준화 작업을 단계적으로 주도합니다.

성과는 결과물의 정확성, 일정 준수, 이해관계자와의 명확한 소통, 사용자와 사업에 미치는 영향을 기준으로 평가합니다.","- 등기·집행·법률서류 작성 관련 연간·분기 실행계획 수립
- 등기부·신청서·위임 자료 수집·정리 및 핵심 이슈 분석
- 인터넷등기소·전자소송를 활용한 업무 산출물 작성과 버전 관리
- 요구사항을 세부 과제와 일정으로 구체화하고 진행 현황 관리
- 유관 부서 및 외부 파트너와 기준·일정·결과물 조율
- 검토 회의 운영과 의사결정 근거·변경 이력 문서화
- 성과지표 설정 및 결과 데이터 분석을 통한 개선안 제안","- 법무사 자격을 보유한 분
- 등기부·신청서·위임 자료를 정확히 해석하고 업무 문서로 구조화할 수 있는 분
- 인터넷등기소·전자소송 중 직무에 필요한 도구를 실무에 적용할 수 있는 분
- 유관 부서와 쟁점을 명확히 설명하고 일정에 맞춰 협업할 수 있는 분
- 문제 원인을 근거에 따라 분석하고 실행 가능한 대안을 제시할 수 있는 분","- 법무사 자격 보유자
- 공인중개사 보유자
- 개인정보보호사(CPPG) 보유자
- 등기·집행·법률서류 작성 관련 프로젝트를 기획부터 결과 검토까지 수행한 경험","- 제출한 경력·자격 증빙이 사실과 다른 경우
- 정해진 기한까지 필수 증빙서류를 제출하지 않은 경우
- 해외여행 및 근무에 결격사유가 있는 경우
- 채용 관련 비밀유지 의무를 위반한 경우",서류전형 > 인성검사 > 실무면접 > 최종면접
법무사 실무자 채용,132,16,20260808,20260825,4,신입·경력,계약직,대전광역시,학사 이상,"플랫폼 운영 조직에서 등기·집행·법률서류 작성을 담당할 법무사를 모집합니다. 이 포지션은 현장의 요구를 실행 가능한 계획과 결과물로 연결하는 역할입니다.

담당 범위는 등기부·신청서·위임 자료를 바탕으로 기준을 수립하고, 우선순위에 따라 과제를 실행하며 품질과 일정을 함께 관리하는 것입니다.

법무·사무·총무 조직의 동료와 재무·영업·개발·운영 등 유관 부서, 필요한 경우 외부 파트너와 협업해 의사결정에 필요한 정보를 정리합니다.

이슈가 발생하면 사실과 데이터를 먼저 확인하고 원인을 구분한 뒤, 대안을 비교해 합의된 조치를 실행하고 재발 방지 내용을 문서화합니다.

입사 초기에는 기존 자료와 업무 흐름을 파악하고 인터넷등기소·전자소송 환경을 익힌 뒤, 담당 영역의 개선 과제와 표준화 작업을 단계적으로 주도합니다.

성과는 결과물의 정확성, 일정 준수, 이해관계자와의 명확한 소통, 사용자와 사업에 미치는 영향을 기준으로 평가합니다.","- 등기부·신청서·위임 자료 수집·정리 및 핵심 이슈 분석
- 인터넷등기소·전자소송를 활용한 업무 산출물 작성과 버전 관리
- 요구사항을 세부 과제와 일정으로 구체화하고 진행 현황 관리
- 유관 부서 및 외부 파트너와 기준·일정·결과물 조율
- 검토 회의 운영과 의사결정 근거·변경 이력 문서화
- 성과지표 설정 및 결과 데이터 분석을 통한 개선안 제안
- 업무상 리스크 사전 점검과 문제 발생 시 원인 분석·후속 조치
- 재사용 가능한 체크리스트·가이드·템플릿 정비","- 법무사 자격을 보유한 분
- 등기부·신청서·위임 자료를 정확히 해석하고 업무 문서로 구조화할 수 있는 분
- 인터넷등기소·전자소송 중 직무에 필요한 도구를 실무에 적용할 수 있는 분
- 유관 부서와 쟁점을 명확히 설명하고 일정에 맞춰 협업할 수 있는 분
- 문제 원인을 근거에 따라 분석하고 실행 가능한 대안을 제시할 수 있는 분
- 업무상 취급하는 개인정보와 기밀정보를 안전하게 관리할 수 있는 분","- 공인중개사 보유자
- 개인정보보호사(CPPG) 보유자
- 법무사 자격 보유자
- 등기·집행·법률서류 작성 관련 프로젝트를 기획부터 결과 검토까지 수행한 경험
- 인터넷등기소·전자소송를 활용해 반복 업무를 개선하거나 품질 기준을 정립한 경험","- 지원 자격 또는 필수 면허 요건을 충족하지 못한 경우
- 전형 과정에서 타인의 결과물을 무단 사용한 경우
- 채용검진 결과 담당 업무 수행이 곤란한 경우
- 관계 법령상 취업이 제한되는 경우",서류전형 > 직무과제 > 실무면접 > 처우협의
법무사 전문인력 모집,20,16,20261013,20261102,7,경력 2년 이상,정규직,부산광역시,학사 이상,"브랜드 사업 조직에서 등기·집행·법률서류 작성을 담당할 법무사를 모집합니다. 이 포지션은 현장의 요구를 실행 가능한 계획과 결과물로 연결하는 역할입니다.

담당 범위는 등기부·신청서·위임 자료를 바탕으로 기준을 수립하고, 우선순위에 따라 과제를 실행하며 품질과 일정을 함께 관리하는 것입니다.

법무·사무·총무 조직의 동료와 재무·영업·개발·운영 등 유관 부서, 필요한 경우 외부 파트너와 협업해 의사결정에 필요한 정보를 정리합니다.

이슈가 발생하면 사실과 데이터를 먼저 확인하고 원인을 구분한 뒤, 대안을 비교해 합의된 조치를 실행하고 재발 방지 내용을 문서화합니다.

입사 초기에는 기존 자료와 업무 흐름을 파악하고 인터넷등기소·전자소송 환경을 익힌 뒤, 담당 영역의 개선 과제와 표준화 작업을 단계적으로 주도합니다.

성과는 결과물의 정확성, 일정 준수, 이해관계자와의 명확한 소통, 사용자와 사업에 미치는 영향을 기준으로 평가합니다.","- 인터넷등기소·전자소송를 활용한 업무 산출물 작성과 버전 관리
- 요구사항을 세부 과제와 일정으로 구체화하고 진행 현황 관리
- 유관 부서 및 외부 파트너와 기준·일정·결과물 조율
- 검토 회의 운영과 의사결정 근거·변경 이력 문서화
- 성과지표 설정 및 결과 데이터 분석을 통한 개선안 제안
- 업무상 리스크 사전 점검과 문제 발생 시 원인 분석·후속 조치
- 재사용 가능한 체크리스트·가이드·템플릿 정비
- 고객 또는 내부 사용자의 피드백을 반영한 결과물 품질 개선
- 등기·집행·법률서류 작성 관련 연간·분기 실행계획 수립","- 법무사 자격을 보유한 분
- 등기부·신청서·위임 자료를 정확히 해석하고 업무 문서로 구조화할 수 있는 분
- 인터넷등기소·전자소송 중 직무에 필요한 도구를 실무에 적용할 수 있는 분
- 유관 부서와 쟁점을 명확히 설명하고 일정에 맞춰 협업할 수 있는 분
- 문제 원인을 근거에 따라 분석하고 실행 가능한 대안을 제시할 수 있는 분
- 업무상 취급하는 개인정보와 기밀정보를 안전하게 관리할 수 있는 분
- 법무사 또는 유사 분야의 2년 이상 실무 경험을 보유한 분","- 개인정보보호사(CPPG) 보유자
- 법무사 자격 보유자
- 공인중개사 보유자
- 등기·집행·법률서류 작성 관련 프로젝트를 기획부터 결과 검토까지 수행한 경험
- 인터넷등기소·전자소송를 활용해 반복 업무를 개선하거나 품질 기준을 정립한 경험
- 외부 파트너 또는 다양한 이해관계자와 복잡한 요구사항을 조율한 경험","- 지원서 또는 제출서류를 허위로 기재한 경우
- 채용 과정에서 부정한 방법을 사용한 경우
- 채용검진 결과 직무 수행이 어렵다고 판단되는 경우
- 관련 법령 또는 내부 인사규정상 채용이 불가능한 경우",서류전형 > 1차면접 > 2차면접 > 채용검진
법무사 인재 채용,112,16,20260118,20260210,10,경력 3년 이상,무기계약직,광주광역시,석사 이상,"지역 기반 전문기관에서 등기·집행·법률서류 작성을 담당할 법무사를 모집합니다. 이 포지션은 현장의 요구를 실행 가능한 계획과 결과물로 연결하는 역할입니다.

담당 범위는 등기부·신청서·위임 자료를 바탕으로 기준을 수립하고, 우선순위에 따라 과제를 실행하며 품질과 일정을 함께 관리하는 것입니다.

법무·사무·총무 조직의 동료와 재무·영업·개발·운영 등 유관 부서, 필요한 경우 외부 파트너와 협업해 의사결정에 필요한 정보를 정리합니다.

이슈가 발생하면 사실과 데이터를 먼저 확인하고 원인을 구분한 뒤, 대안을 비교해 합의된 조치를 실행하고 재발 방지 내용을 문서화합니다.

입사 초기에는 기존 자료와 업무 흐름을 파악하고 인터넷등기소·전자소송 환경을 익힌 뒤, 담당 영역의 개선 과제와 표준화 작업을 단계적으로 주도합니다.

성과는 결과물의 정확성, 일정 준수, 이해관계자와의 명확한 소통, 사용자와 사업에 미치는 영향을 기준으로 평가합니다.","- 요구사항을 세부 과제와 일정으로 구체화하고 진행 현황 관리
- 유관 부서 및 외부 파트너와 기준·일정·결과물 조율
- 검토 회의 운영과 의사결정 근거·변경 이력 문서화
- 성과지표 설정 및 결과 데이터 분석을 통한 개선안 제안
- 업무상 리스크 사전 점검과 문제 발생 시 원인 분석·후속 조치
- 재사용 가능한 체크리스트·가이드·템플릿 정비
- 고객 또는 내부 사용자의 피드백을 반영한 결과물 품질 개선","- 법무사 자격을 보유한 분
- 등기부·신청서·위임 자료를 정확히 해석하고 업무 문서로 구조화할 수 있는 분
- 인터넷등기소·전자소송 중 직무에 필요한 도구를 실무에 적용할 수 있는 분
- 유관 부서와 쟁점을 명확히 설명하고 일정에 맞춰 협업할 수 있는 분
- 문제 원인을 근거에 따라 분석하고 실행 가능한 대안을 제시할 수 있는 분","- 법무사 자격 보유자
- 공인중개사 보유자
- 개인정보보호사(CPPG) 보유자
- 등기·집행·법률서류 작성 관련 프로젝트를 기획부터 결과 검토까지 수행한 경험","- 제출한 경력·자격 증빙이 사실과 다른 경우
- 정해진 기한까지 필수 증빙서류를 제출하지 않은 경우
- 해외여행 및 근무에 결격사유가 있는 경우
- 채용 관련 비밀유지 의무를 위반한 경우",서류전형 > 필기전형 > 면접전형 > 최종합격
법무사 공개채용,45,16,20260323,20260418,13,신입,정규직,세종특별자치시,학력무관,"디지털 서비스 조직에서 등기·집행·법률서류 작성을 담당할 법무사를 모집합니다. 이 포지션은 현장의 요구를 실행 가능한 계획과 결과물로 연결하는 역할입니다.

담당 범위는 등기부·신청서·위임 자료를 바탕으로 기준을 수립하고, 우선순위에 따라 과제를 실행하며 품질과 일정을 함께 관리하는 것입니다.

법무·사무·총무 조직의 동료와 재무·영업·개발·운영 등 유관 부서, 필요한 경우 외부 파트너와 협업해 의사결정에 필요한 정보를 정리합니다.

이슈가 발생하면 사실과 데이터를 먼저 확인하고 원인을 구분한 뒤, 대안을 비교해 합의된 조치를 실행하고 재발 방지 내용을 문서화합니다.

입사 초기에는 기존 자료와 업무 흐름을 파악하고 인터넷등기소·전자소송 환경을 익힌 뒤, 담당 영역의 개선 과제와 표준화 작업을 단계적으로 주도합니다.

성과는 결과물의 정확성, 일정 준수, 이해관계자와의 명확한 소통, 사용자와 사업에 미치는 영향을 기준으로 평가합니다.","- 유관 부서 및 외부 파트너와 기준·일정·결과물 조율
- 검토 회의 운영과 의사결정 근거·변경 이력 문서화
- 성과지표 설정 및 결과 데이터 분석을 통한 개선안 제안
- 업무상 리스크 사전 점검과 문제 발생 시 원인 분석·후속 조치
- 재사용 가능한 체크리스트·가이드·템플릿 정비
- 고객 또는 내부 사용자의 피드백을 반영한 결과물 품질 개선
- 등기·집행·법률서류 작성 관련 연간·분기 실행계획 수립
- 등기부·신청서·위임 자료 수집·정리 및 핵심 이슈 분석","- 법무사 자격을 보유한 분
- 등기부·신청서·위임 자료를 정확히 해석하고 업무 문서로 구조화할 수 있는 분
- 인터넷등기소·전자소송 중 직무에 필요한 도구를 실무에 적용할 수 있는 분
- 유관 부서와 쟁점을 명확히 설명하고 일정에 맞춰 협업할 수 있는 분
- 문제 원인을 근거에 따라 분석하고 실행 가능한 대안을 제시할 수 있는 분
- 업무상 취급하는 개인정보와 기밀정보를 안전하게 관리할 수 있는 분","- 공인중개사 보유자
- 개인정보보호사(CPPG) 보유자
- 법무사 자격 보유자
- 등기·집행·법률서류 작성 관련 프로젝트를 기획부터 결과 검토까지 수행한 경험
- 인터넷등기소·전자소송를 활용해 반복 업무를 개선하거나 품질 기준을 정립한 경험","- 지원 자격 또는 필수 면허 요건을 충족하지 못한 경우
- 전형 과정에서 타인의 결과물을 무단 사용한 경우
- 채용검진 결과 담당 업무 수행이 곤란한 경우
- 관계 법령상 취업이 제한되는 경우",서류전형 > 실무면접 > 최종면접
법무사 프로젝트 담당 모집,109,16,20260505,20260603,16,경력 2년 이상,계약직,충청남도,전문학사 이상,"성장 단계 스타트업에서 등기·집행·법률서류 작성을 담당할 법무사를 모집합니다. 이 포지션은 현장의 요구를 실행 가능한 계획과 결과물로 연결하는 역할입니다.

담당 범위는 등기부·신청서·위임 자료를 바탕으로 기준을 수립하고, 우선순위에 따라 과제를 실행하며 품질과 일정을 함께 관리하는 것입니다.

법무·사무·총무 조직의 동료와 재무·영업·개발·운영 등 유관 부서, 필요한 경우 외부 파트너와 협업해 의사결정에 필요한 정보를 정리합니다.

이슈가 발생하면 사실과 데이터를 먼저 확인하고 원인을 구분한 뒤, 대안을 비교해 합의된 조치를 실행하고 재발 방지 내용을 문서화합니다.

입사 초기에는 기존 자료와 업무 흐름을 파악하고 인터넷등기소·전자소송 환경을 익힌 뒤, 담당 영역의 개선 과제와 표준화 작업을 단계적으로 주도합니다.

성과는 결과물의 정확성, 일정 준수, 이해관계자와의 명확한 소통, 사용자와 사업에 미치는 영향을 기준으로 평가합니다.","- 검토 회의 운영과 의사결정 근거·변경 이력 문서화
- 성과지표 설정 및 결과 데이터 분석을 통한 개선안 제안
- 업무상 리스크 사전 점검과 문제 발생 시 원인 분석·후속 조치
- 재사용 가능한 체크리스트·가이드·템플릿 정비
- 고객 또는 내부 사용자의 피드백을 반영한 결과물 품질 개선
- 등기·집행·법률서류 작성 관련 연간·분기 실행계획 수립
- 등기부·신청서·위임 자료 수집·정리 및 핵심 이슈 분석
- 인터넷등기소·전자소송를 활용한 업무 산출물 작성과 버전 관리
- 요구사항을 세부 과제와 일정으로 구체화하고 진행 현황 관리","- 법무사 자격을 보유한 분
- 등기부·신청서·위임 자료를 정확히 해석하고 업무 문서로 구조화할 수 있는 분
- 인터넷등기소·전자소송 중 직무에 필요한 도구를 실무에 적용할 수 있는 분
- 유관 부서와 쟁점을 명확히 설명하고 일정에 맞춰 협업할 수 있는 분
- 문제 원인을 근거에 따라 분석하고 실행 가능한 대안을 제시할 수 있는 분
- 업무상 취급하는 개인정보와 기밀정보를 안전하게 관리할 수 있는 분
- 법무사 또는 유사 분야의 2년 이상 실무 경험을 보유한 분","- 개인정보보호사(CPPG) 보유자
- 법무사 자격 보유자
- 공인중개사 보유자
- 등기·집행·법률서류 작성 관련 프로젝트를 기획부터 결과 검토까지 수행한 경험
- 인터넷등기소·전자소송를 활용해 반복 업무를 개선하거나 품질 기준을 정립한 경험
- 외부 파트너 또는 다양한 이해관계자와 복잡한 요구사항을 조율한 경험","- 지원서 또는 제출서류를 허위로 기재한 경우
- 채용 과정에서 부정한 방법을 사용한 경우
- 채용검진 결과 직무 수행이 어렵다고 판단되는 경우
- 관련 법령 또는 내부 인사규정상 채용이 불가능한 경우",서류전형 > 인성검사 > 실무면접 > 최종면접
법무사 운영 담당자 채용,75,16,20260710,20260811,19,신입·경력,정규직,경상남도,학사 이상,"중견기업 전략 조직에서 등기·집행·법률서류 작성을 담당할 법무사를 모집합니다. 이 포지션은 현장의 요구를 실행 가능한 계획과 결과물로 연결하는 역할입니다.

담당 범위는 등기부·신청서·위임 자료를 바탕으로 기준을 수립하고, 우선순위에 따라 과제를 실행하며 품질과 일정을 함께 관리하는 것입니다.

법무·사무·총무 조직의 동료와 재무·영업·개발·운영 등 유관 부서, 필요한 경우 외부 파트너와 협업해 의사결정에 필요한 정보를 정리합니다.

이슈가 발생하면 사실과 데이터를 먼저 확인하고 원인을 구분한 뒤, 대안을 비교해 합의된 조치를 실행하고 재발 방지 내용을 문서화합니다.

입사 초기에는 기존 자료와 업무 흐름을 파악하고 인터넷등기소·전자소송 환경을 익힌 뒤, 담당 영역의 개선 과제와 표준화 작업을 단계적으로 주도합니다.

성과는 결과물의 정확성, 일정 준수, 이해관계자와의 명확한 소통, 사용자와 사업에 미치는 영향을 기준으로 평가합니다.","- 성과지표 설정 및 결과 데이터 분석을 통한 개선안 제안
- 업무상 리스크 사전 점검과 문제 발생 시 원인 분석·후속 조치
- 재사용 가능한 체크리스트·가이드·템플릿 정비
- 고객 또는 내부 사용자의 피드백을 반영한 결과물 품질 개선
- 등기·집행·법률서류 작성 관련 연간·분기 실행계획 수립
- 등기부·신청서·위임 자료 수집·정리 및 핵심 이슈 분석
- 인터넷등기소·전자소송를 활용한 업무 산출물 작성과 버전 관리","- 법무사 자격을 보유한 분
- 등기부·신청서·위임 자료를 정확히 해석하고 업무 문서로 구조화할 수 있는 분
- 인터넷등기소·전자소송 중 직무에 필요한 도구를 실무에 적용할 수 있는 분
- 유관 부서와 쟁점을 명확히 설명하고 일정에 맞춰 협업할 수 있는 분
- 문제 원인을 근거에 따라 분석하고 실행 가능한 대안을 제시할 수 있는 분","- 법무사 자격 보유자
- 공인중개사 보유자
- 개인정보보호사(CPPG) 보유자
- 등기·집행·법률서류 작성 관련 프로젝트를 기획부터 결과 검토까지 수행한 경험","- 제출한 경력·자격 증빙이 사실과 다른 경우
- 정해진 기한까지 필수 증빙서류를 제출하지 않은 경우
- 해외여행 및 근무에 결격사유가 있는 경우
- 채용 관련 비밀유지 의무를 위반한 경우",서류전형 > 직무과제 > 실무면접 > 처우협의
법무사 핵심인재 모집,9,16,20260915,20261020,2,경력 3년 이상,무기계약직,제주특별자치도,학사 이상,"공공서비스 운영기관에서 등기·집행·법률서류 작성을 담당할 법무사를 모집합니다. 이 포지션은 현장의 요구를 실행 가능한 계획과 결과물로 연결하는 역할입니다.

담당 범위는 등기부·신청서·위임 자료를 바탕으로 기준을 수립하고, 우선순위에 따라 과제를 실행하며 품질과 일정을 함께 관리하는 것입니다.

법무·사무·총무 조직의 동료와 재무·영업·개발·운영 등 유관 부서, 필요한 경우 외부 파트너와 협업해 의사결정에 필요한 정보를 정리합니다.

이슈가 발생하면 사실과 데이터를 먼저 확인하고 원인을 구분한 뒤, 대안을 비교해 합의된 조치를 실행하고 재발 방지 내용을 문서화합니다.

입사 초기에는 기존 자료와 업무 흐름을 파악하고 인터넷등기소·전자소송 환경을 익힌 뒤, 담당 영역의 개선 과제와 표준화 작업을 단계적으로 주도합니다.

성과는 결과물의 정확성, 일정 준수, 이해관계자와의 명확한 소통, 사용자와 사업에 미치는 영향을 기준으로 평가합니다.","- 업무상 리스크 사전 점검과 문제 발생 시 원인 분석·후속 조치
- 재사용 가능한 체크리스트·가이드·템플릿 정비
- 고객 또는 내부 사용자의 피드백을 반영한 결과물 품질 개선
- 등기·집행·법률서류 작성 관련 연간·분기 실행계획 수립
- 등기부·신청서·위임 자료 수집·정리 및 핵심 이슈 분석
- 인터넷등기소·전자소송를 활용한 업무 산출물 작성과 버전 관리
- 요구사항을 세부 과제와 일정으로 구체화하고 진행 현황 관리
- 유관 부서 및 외부 파트너와 기준·일정·결과물 조율","- 법무사 자격을 보유한 분
- 등기부·신청서·위임 자료를 정확히 해석하고 업무 문서로 구조화할 수 있는 분
- 인터넷등기소·전자소송 중 직무에 필요한 도구를 실무에 적용할 수 있는 분
- 유관 부서와 쟁점을 명확히 설명하고 일정에 맞춰 협업할 수 있는 분
- 문제 원인을 근거에 따라 분석하고 실행 가능한 대안을 제시할 수 있는 분
- 업무상 취급하는 개인정보와 기밀정보를 안전하게 관리할 수 있는 분","- 공인중개사 보유자
- 개인정보보호사(CPPG) 보유자
- 법무사 자격 보유자
- 등기·집행·법률서류 작성 관련 프로젝트를 기획부터 결과 검토까지 수행한 경험
- 인터넷등기소·전자소송를 활용해 반복 업무를 개선하거나 품질 기준을 정립한 경험","- 지원 자격 또는 필수 면허 요건을 충족하지 못한 경우
- 전형 과정에서 타인의 결과물을 무단 사용한 경우
- 채용검진 결과 담당 업무 수행이 곤란한 경우
- 관계 법령상 취업이 제한되는 경우",서류전형 > 1차면접 > 2차면접 > 채용검진
법무사 전문가 채용,40,16,20261120,20261228,5,경력 무관,정규직,서울특별시,석사 이상,"전문 컨설팅 조직에서 등기·집행·법률서류 작성을 담당할 법무사를 모집합니다. 이 포지션은 현장의 요구를 실행 가능한 계획과 결과물로 연결하는 역할입니다.

담당 범위는 등기부·신청서·위임 자료를 바탕으로 기준을 수립하고, 우선순위에 따라 과제를 실행하며 품질과 일정을 함께 관리하는 것입니다.

법무·사무·총무 조직의 동료와 재무·영업·개발·운영 등 유관 부서, 필요한 경우 외부 파트너와 협업해 의사결정에 필요한 정보를 정리합니다.

이슈가 발생하면 사실과 데이터를 먼저 확인하고 원인을 구분한 뒤, 대안을 비교해 합의된 조치를 실행하고 재발 방지 내용을 문서화합니다.

입사 초기에는 기존 자료와 업무 흐름을 파악하고 인터넷등기소·전자소송 환경을 익힌 뒤, 담당 영역의 개선 과제와 표준화 작업을 단계적으로 주도합니다.

성과는 결과물의 정확성, 일정 준수, 이해관계자와의 명확한 소통, 사용자와 사업에 미치는 영향을 기준으로 평가합니다.","- 재사용 가능한 체크리스트·가이드·템플릿 정비
- 고객 또는 내부 사용자의 피드백을 반영한 결과물 품질 개선
- 등기·집행·법률서류 작성 관련 연간·분기 실행계획 수립
- 등기부·신청서·위임 자료 수집·정리 및 핵심 이슈 분석
- 인터넷등기소·전자소송를 활용한 업무 산출물 작성과 버전 관리
- 요구사항을 세부 과제와 일정으로 구체화하고 진행 현황 관리
- 유관 부서 및 외부 파트너와 기준·일정·결과물 조율
- 검토 회의 운영과 의사결정 근거·변경 이력 문서화
- 성과지표 설정 및 결과 데이터 분석을 통한 개선안 제안","- 법무사 자격을 보유한 분
- 등기부·신청서·위임 자료를 정확히 해석하고 업무 문서로 구조화할 수 있는 분
- 인터넷등기소·전자소송 중 직무에 필요한 도구를 실무에 적용할 수 있는 분
- 유관 부서와 쟁점을 명확히 설명하고 일정에 맞춰 협업할 수 있는 분
- 문제 원인을 근거에 따라 분석하고 실행 가능한 대안을 제시할 수 있는 분
- 업무상 취급하는 개인정보와 기밀정보를 안전하게 관리할 수 있는 분
- 새로운 업무 기준과 도구를 빠르게 학습할 수 있는 분","- 개인정보보호사(CPPG) 보유자
- 법무사 자격 보유자
- 공인중개사 보유자
- 등기·집행·법률서류 작성 관련 프로젝트를 기획부터 결과 검토까지 수행한 경험
- 인터넷등기소·전자소송를 활용해 반복 업무를 개선하거나 품질 기준을 정립한 경험
- 외부 파트너 또는 다양한 이해관계자와 복잡한 요구사항을 조율한 경험","- 지원서 또는 제출서류를 허위로 기재한 경우
- 채용 과정에서 부정한 방법을 사용한 경우
- 채용검진 결과 직무 수행이 어렵다고 판단되는 경우
- 관련 법령 또는 내부 인사규정상 채용이 불가능한 경우",서류전형 > 필기전형 > 면접전형 > 최종합격
법무사 신규 인력 모집,71,16,20260202,20260315,8,경력 5년 이상,기간제,경기도,학력무관,"글로벌 사업 조직에서 등기·집행·법률서류 작성을 담당할 법무사를 모집합니다. 이 포지션은 현장의 요구를 실행 가능한 계획과 결과물로 연결하는 역할입니다.

담당 범위는 등기부·신청서·위임 자료를 바탕으로 기준을 수립하고, 우선순위에 따라 과제를 실행하며 품질과 일정을 함께 관리하는 것입니다.

법무·사무·총무 조직의 동료와 재무·영업·개발·운영 등 유관 부서, 필요한 경우 외부 파트너와 협업해 의사결정에 필요한 정보를 정리합니다.

이슈가 발생하면 사실과 데이터를 먼저 확인하고 원인을 구분한 뒤, 대안을 비교해 합의된 조치를 실행하고 재발 방지 내용을 문서화합니다.

입사 초기에는 기존 자료와 업무 흐름을 파악하고 인터넷등기소·전자소송 환경을 익힌 뒤, 담당 영역의 개선 과제와 표준화 작업을 단계적으로 주도합니다.

성과는 결과물의 정확성, 일정 준수, 이해관계자와의 명확한 소통, 사용자와 사업에 미치는 영향을 기준으로 평가합니다.","- 고객 또는 내부 사용자의 피드백을 반영한 결과물 품질 개선
- 등기·집행·법률서류 작성 관련 연간·분기 실행계획 수립
- 등기부·신청서·위임 자료 수집·정리 및 핵심 이슈 분석
- 인터넷등기소·전자소송를 활용한 업무 산출물 작성과 버전 관리
- 요구사항을 세부 과제와 일정으로 구체화하고 진행 현황 관리
- 유관 부서 및 외부 파트너와 기준·일정·결과물 조율
- 검토 회의 운영과 의사결정 근거·변경 이력 문서화","- 법무사 자격을 보유한 분
- 등기부·신청서·위임 자료를 정확히 해석하고 업무 문서로 구조화할 수 있는 분
- 인터넷등기소·전자소송 중 직무에 필요한 도구를 실무에 적용할 수 있는 분
- 유관 부서와 쟁점을 명확히 설명하고 일정에 맞춰 협업할 수 있는 분
- 문제 원인을 근거에 따라 분석하고 실행 가능한 대안을 제시할 수 있는 분","- 법무사 자격 보유자
- 공인중개사 보유자
- 개인정보보호사(CPPG) 보유자
- 등기·집행·법률서류 작성 관련 프로젝트를 기획부터 결과 검토까지 수행한 경험","- 제출한 경력·자격 증빙이 사실과 다른 경우
- 정해진 기한까지 필수 증빙서류를 제출하지 않은 경우
- 해외여행 및 근무에 결격사유가 있는 경우
- 채용 관련 비밀유지 의무를 위반한 경우",서류전형 > 실무면접 > 최종면접
변리사 담당자 모집,77,17,20260706,20260727,6,신입·경력,계약직,부산광역시,학사 이상,"플랫폼 운영 조직에서 특허·상표 출원 및 지식재산 전략을 담당할 변리사를 모집합니다. 이 포지션은 현장의 요구를 실행 가능한 계획과 결과물로 연결하는 역할입니다.

담당 범위는 명세서·선행기술·심사 의견를 바탕으로 기준을 수립하고, 우선순위에 따라 과제를 실행하며 품질과 일정을 함께 관리하는 것입니다.

법무·사무·총무 조직의 동료와 재무·영업·개발·운영 등 유관 부서, 필요한 경우 외부 파트너와 협업해 의사결정에 필요한 정보를 정리합니다.

이슈가 발생하면 사실과 데이터를 먼저 확인하고 원인을 구분한 뒤, 대안을 비교해 합의된 조치를 실행하고 재발 방지 내용을 문서화합니다.

입사 초기에는 기존 자료와 업무 흐름을 파악하고 특허정보검색서비스·PCT 환경을 익힌 뒤, 담당 영역의 개선 과제와 표준화 작업을 단계적으로 주도합니다.

성과는 결과물의 정확성, 일정 준수, 이해관계자와의 명확한 소통, 사용자와 사업에 미치는 영향을 기준으로 평가합니다.","- 특허·상표 출원 및 지식재산 전략 관련 연간·분기 실행계획 수립
- 명세서·선행기술·심사 의견 수집·정리 및 핵심 이슈 분석
- 특허정보검색서비스·PCT를 활용한 업무 산출물 작성과 버전 관리
- 요구사항을 세부 과제와 일정으로 구체화하고 진행 현황 관리
- 유관 부서 및 외부 파트너와 기준·일정·결과물 조율
- 검토 회의 운영과 의사결정 근거·변경 이력 문서화
- 성과지표 설정 및 결과 데이터 분석을 통한 개선안 제안","- 변리사 자격을 보유한 분
- 명세서·선행기술·심사 의견를 정확히 해석하고 업무 문서로 구조화할 수 있는 분
- 특허정보검색서비스·PCT 중 직무에 필요한 도구를 실무에 적용할 수 있는 분
- 유관 부서와 쟁점을 명확히 설명하고 일정에 맞춰 협업할 수 있는 분
- 문제 원인을 근거에 따라 분석하고 실행 가능한 대안을 제시할 수 있는 분","- 변리사 자격 보유자
- 정보처리기사 보유자
- TOEIC Speaking AL 보유자
- 특허·상표 출원 및 지식재산 전략 관련 프로젝트를 기획부터 결과 검토까지 수행한 경험","- 지원 자격 또는 필수 면허 요건을 충족하지 못한 경우
- 전형 과정에서 타인의 결과물을 무단 사용한 경우
- 채용검진 결과 담당 업무 수행이 곤란한 경우
- 관계 법령상 취업이 제한되는 경우",서류전형 > 직무과제 > 실무면접 > 처우협의
변리사 실무자 채용,114,17,20260911,20261005,9,경력 2년 이상,정규직,광주광역시,학사 이상,"브랜드 사업 조직에서 특허·상표 출원 및 지식재산 전략을 담당할 변리사를 모집합니다. 이 포지션은 현장의 요구를 실행 가능한 계획과 결과물로 연결하는 역할입니다.

담당 범위는 명세서·선행기술·심사 의견를 바탕으로 기준을 수립하고, 우선순위에 따라 과제를 실행하며 품질과 일정을 함께 관리하는 것입니다.

법무·사무·총무 조직의 동료와 재무·영업·개발·운영 등 유관 부서, 필요한 경우 외부 파트너와 협업해 의사결정에 필요한 정보를 정리합니다.

이슈가 발생하면 사실과 데이터를 먼저 확인하고 원인을 구분한 뒤, 대안을 비교해 합의된 조치를 실행하고 재발 방지 내용을 문서화합니다.

입사 초기에는 기존 자료와 업무 흐름을 파악하고 특허정보검색서비스·PCT 환경을 익힌 뒤, 담당 영역의 개선 과제와 표준화 작업을 단계적으로 주도합니다.

성과는 결과물의 정확성, 일정 준수, 이해관계자와의 명확한 소통, 사용자와 사업에 미치는 영향을 기준으로 평가합니다.","- 명세서·선행기술·심사 의견 수집·정리 및 핵심 이슈 분석
- 특허정보검색서비스·PCT를 활용한 업무 산출물 작성과 버전 관리
- 요구사항을 세부 과제와 일정으로 구체화하고 진행 현황 관리
- 유관 부서 및 외부 파트너와 기준·일정·결과물 조율
- 검토 회의 운영과 의사결정 근거·변경 이력 문서화
- 성과지표 설정 및 결과 데이터 분석을 통한 개선안 제안
- 업무상 리스크 사전 점검과 문제 발생 시 원인 분석·후속 조치
- 재사용 가능한 체크리스트·가이드·템플릿 정비","- 변리사 자격을 보유한 분
- 명세서·선행기술·심사 의견를 정확히 해석하고 업무 문서로 구조화할 수 있는 분
- 특허정보검색서비스·PCT 중 직무에 필요한 도구를 실무에 적용할 수 있는 분
- 유관 부서와 쟁점을 명확히 설명하고 일정에 맞춰 협업할 수 있는 분
- 문제 원인을 근거에 따라 분석하고 실행 가능한 대안을 제시할 수 있는 분
- 업무상 취급하는 개인정보와 기밀정보를 안전하게 관리할 수 있는 분","- 정보처리기사 보유자
- TOEIC Speaking AL 보유자
- 변리사 자격 보유자
- 특허·상표 출원 및 지식재산 전략 관련 프로젝트를 기획부터 결과 검토까지 수행한 경험
- 특허정보검색서비스·PCT를 활용해 반복 업무를 개선하거나 품질 기준을 정립한 경험","- 지원서 또는 제출서류를 허위로 기재한 경우
- 채용 과정에서 부정한 방법을 사용한 경우
- 채용검진 결과 직무 수행이 어렵다고 판단되는 경우
- 관련 법령 또는 내부 인사규정상 채용이 불가능한 경우",서류전형 > 1차면접 > 2차면접 > 채용검진
변리사 전문인력 모집,118,17,20261116,20261213,12,경력 3년 이상,무기계약직,세종특별자치시,석사 이상,"지역 기반 전문기관에서 특허·상표 출원 및 지식재산 전략을 담당할 변리사를 모집합니다. 이 포지션은 현장의 요구를 실행 가능한 계획과 결과물로 연결하는 역할입니다.

담당 범위는 명세서·선행기술·심사 의견를 바탕으로 기준을 수립하고, 우선순위에 따라 과제를 실행하며 품질과 일정을 함께 관리하는 것입니다.

법무·사무·총무 조직의 동료와 재무·영업·개발·운영 등 유관 부서, 필요한 경우 외부 파트너와 협업해 의사결정에 필요한 정보를 정리합니다.

이슈가 발생하면 사실과 데이터를 먼저 확인하고 원인을 구분한 뒤, 대안을 비교해 합의된 조치를 실행하고 재발 방지 내용을 문서화합니다.

입사 초기에는 기존 자료와 업무 흐름을 파악하고 특허정보검색서비스·PCT 환경을 익힌 뒤, 담당 영역의 개선 과제와 표준화 작업을 단계적으로 주도합니다.

성과는 결과물의 정확성, 일정 준수, 이해관계자와의 명확한 소통, 사용자와 사업에 미치는 영향을 기준으로 평가합니다.","- 특허정보검색서비스·PCT를 활용한 업무 산출물 작성과 버전 관리
- 요구사항을 세부 과제와 일정으로 구체화하고 진행 현황 관리
- 유관 부서 및 외부 파트너와 기준·일정·결과물 조율
- 검토 회의 운영과 의사결정 근거·변경 이력 문서화
- 성과지표 설정 및 결과 데이터 분석을 통한 개선안 제안
- 업무상 리스크 사전 점검과 문제 발생 시 원인 분석·후속 조치
- 재사용 가능한 체크리스트·가이드·템플릿 정비
- 고객 또는 내부 사용자의 피드백을 반영한 결과물 품질 개선
- 특허·상표 출원 및 지식재산 전략 관련 연간·분기 실행계획 수립","- 변리사 자격을 보유한 분
- 명세서·선행기술·심사 의견를 정확히 해석하고 업무 문서로 구조화할 수 있는 분
- 특허정보검색서비스·PCT 중 직무에 필요한 도구를 실무에 적용할 수 있는 분
- 유관 부서와 쟁점을 명확히 설명하고 일정에 맞춰 협업할 수 있는 분
- 문제 원인을 근거에 따라 분석하고 실행 가능한 대안을 제시할 수 있는 분
- 업무상 취급하는 개인정보와 기밀정보를 안전하게 관리할 수 있는 분
- 변리사 또는 유사 분야의 3년 이상 실무 경험을 보유한 분","- TOEIC Speaking AL 보유자
- 변리사 자격 보유자
- 정보처리기사 보유자
- 특허·상표 출원 및 지식재산 전략 관련 프로젝트를 기획부터 결과 검토까지 수행한 경험
- 특허정보검색서비스·PCT를 활용해 반복 업무를 개선하거나 품질 기준을 정립한 경험
- 외부 파트너 또는 다양한 이해관계자와 복잡한 요구사항을 조율한 경험","- 제출한 경력·자격 증빙이 사실과 다른 경우
- 정해진 기한까지 필수 증빙서류를 제출하지 않은 경우
- 해외여행 및 근무에 결격사유가 있는 경우
- 채용 관련 비밀유지 의무를 위반한 경우",서류전형 > 필기전형 > 면접전형 > 최종합격
변리사 인재 채용,155,17,20260221,20260323,15,신입,정규직,충청남도,학력무관,"디지털 서비스 조직에서 특허·상표 출원 및 지식재산 전략을 담당할 변리사를 모집합니다. 이 포지션은 현장의 요구를 실행 가능한 계획과 결과물로 연결하는 역할입니다.

담당 범위는 명세서·선행기술·심사 의견를 바탕으로 기준을 수립하고, 우선순위에 따라 과제를 실행하며 품질과 일정을 함께 관리하는 것입니다.

법무·사무·총무 조직의 동료와 재무·영업·개발·운영 등 유관 부서, 필요한 경우 외부 파트너와 협업해 의사결정에 필요한 정보를 정리합니다.

이슈가 발생하면 사실과 데이터를 먼저 확인하고 원인을 구분한 뒤, 대안을 비교해 합의된 조치를 실행하고 재발 방지 내용을 문서화합니다.

입사 초기에는 기존 자료와 업무 흐름을 파악하고 특허정보검색서비스·PCT 환경을 익힌 뒤, 담당 영역의 개선 과제와 표준화 작업을 단계적으로 주도합니다.

성과는 결과물의 정확성, 일정 준수, 이해관계자와의 명확한 소통, 사용자와 사업에 미치는 영향을 기준으로 평가합니다.","- 요구사항을 세부 과제와 일정으로 구체화하고 진행 현황 관리
- 유관 부서 및 외부 파트너와 기준·일정·결과물 조율
- 검토 회의 운영과 의사결정 근거·변경 이력 문서화
- 성과지표 설정 및 결과 데이터 분석을 통한 개선안 제안
- 업무상 리스크 사전 점검과 문제 발생 시 원인 분석·후속 조치
- 재사용 가능한 체크리스트·가이드·템플릿 정비
- 고객 또는 내부 사용자의 피드백을 반영한 결과물 품질 개선","- 변리사 자격을 보유한 분
- 명세서·선행기술·심사 의견를 정확히 해석하고 업무 문서로 구조화할 수 있는 분
- 특허정보검색서비스·PCT 중 직무에 필요한 도구를 실무에 적용할 수 있는 분
- 유관 부서와 쟁점을 명확히 설명하고 일정에 맞춰 협업할 수 있는 분
- 문제 원인을 근거에 따라 분석하고 실행 가능한 대안을 제시할 수 있는 분","- 변리사 자격 보유자
- 정보처리기사 보유자
- TOEIC Speaking AL 보유자
- 특허·상표 출원 및 지식재산 전략 관련 프로젝트를 기획부터 결과 검토까지 수행한 경험","- 지원 자격 또는 필수 면허 요건을 충족하지 못한 경우
- 전형 과정에서 타인의 결과물을 무단 사용한 경우
- 채용검진 결과 담당 업무 수행이 곤란한 경우
- 관계 법령상 취업이 제한되는 경우",서류전형 > 실무면접 > 최종면접
변리사 공개채용,144,17,20260403,20260506,18,경력 2년 이상,계약직,경상남도,전문학사 이상,"성장 단계 스타트업에서 특허·상표 출원 및 지식재산 전략을 담당할 변리사를 모집합니다. 이 포지션은 현장의 요구를 실행 가능한 계획과 결과물로 연결하는 역할입니다.

담당 범위는 명세서·선행기술·심사 의견를 바탕으로 기준을 수립하고, 우선순위에 따라 과제를 실행하며 품질과 일정을 함께 관리하는 것입니다.

법무·사무·총무 조직의 동료와 재무·영업·개발·운영 등 유관 부서, 필요한 경우 외부 파트너와 협업해 의사결정에 필요한 정보를 정리합니다.

이슈가 발생하면 사실과 데이터를 먼저 확인하고 원인을 구분한 뒤, 대안을 비교해 합의된 조치를 실행하고 재발 방지 내용을 문서화합니다.

입사 초기에는 기존 자료와 업무 흐름을 파악하고 특허정보검색서비스·PCT 환경을 익힌 뒤, 담당 영역의 개선 과제와 표준화 작업을 단계적으로 주도합니다.

성과는 결과물의 정확성, 일정 준수, 이해관계자와의 명확한 소통, 사용자와 사업에 미치는 영향을 기준으로 평가합니다.","- 유관 부서 및 외부 파트너와 기준·일정·결과물 조율
- 검토 회의 운영과 의사결정 근거·변경 이력 문서화
- 성과지표 설정 및 결과 데이터 분석을 통한 개선안 제안
- 업무상 리스크 사전 점검과 문제 발생 시 원인 분석·후속 조치
- 재사용 가능한 체크리스트·가이드·템플릿 정비
- 고객 또는 내부 사용자의 피드백을 반영한 결과물 품질 개선
- 특허·상표 출원 및 지식재산 전략 관련 연간·분기 실행계획 수립
- 명세서·선행기술·심사 의견 수집·정리 및 핵심 이슈 분석","- 변리사 자격을 보유한 분
- 명세서·선행기술·심사 의견를 정확히 해석하고 업무 문서로 구조화할 수 있는 분
- 특허정보검색서비스·PCT 중 직무에 필요한 도구를 실무에 적용할 수 있는 분
- 유관 부서와 쟁점을 명확히 설명하고 일정에 맞춰 협업할 수 있는 분
- 문제 원인을 근거에 따라 분석하고 실행 가능한 대안을 제시할 수 있는 분
- 업무상 취급하는 개인정보와 기밀정보를 안전하게 관리할 수 있는 분","- 정보처리기사 보유자
- TOEIC Speaking AL 보유자
- 변리사 자격 보유자
- 특허·상표 출원 및 지식재산 전략 관련 프로젝트를 기획부터 결과 검토까지 수행한 경험
- 특허정보검색서비스·PCT를 활용해 반복 업무를 개선하거나 품질 기준을 정립한 경험","- 지원서 또는 제출서류를 허위로 기재한 경우
- 채용 과정에서 부정한 방법을 사용한 경우
- 채용검진 결과 직무 수행이 어렵다고 판단되는 경우
- 관련 법령 또는 내부 인사규정상 채용이 불가능한 경우",서류전형 > 인성검사 > 실무면접 > 최종면접
변리사 프로젝트 담당 모집,142,17,20260608,20260714,1,신입·경력,정규직,제주특별자치도,학사 이상,"중견기업 전략 조직에서 특허·상표 출원 및 지식재산 전략을 담당할 변리사를 모집합니다. 이 포지션은 현장의 요구를 실행 가능한 계획과 결과물로 연결하는 역할입니다.

담당 범위는 명세서·선행기술·심사 의견를 바탕으로 기준을 수립하고, 우선순위에 따라 과제를 실행하며 품질과 일정을 함께 관리하는 것입니다.

법무·사무·총무 조직의 동료와 재무·영업·개발·운영 등 유관 부서, 필요한 경우 외부 파트너와 협업해 의사결정에 필요한 정보를 정리합니다.

이슈가 발생하면 사실과 데이터를 먼저 확인하고 원인을 구분한 뒤, 대안을 비교해 합의된 조치를 실행하고 재발 방지 내용을 문서화합니다.

입사 초기에는 기존 자료와 업무 흐름을 파악하고 특허정보검색서비스·PCT 환경을 익힌 뒤, 담당 영역의 개선 과제와 표준화 작업을 단계적으로 주도합니다.

성과는 결과물의 정확성, 일정 준수, 이해관계자와의 명확한 소통, 사용자와 사업에 미치는 영향을 기준으로 평가합니다.","- 검토 회의 운영과 의사결정 근거·변경 이력 문서화
- 성과지표 설정 및 결과 데이터 분석을 통한 개선안 제안
- 업무상 리스크 사전 점검과 문제 발생 시 원인 분석·후속 조치
- 재사용 가능한 체크리스트·가이드·템플릿 정비
- 고객 또는 내부 사용자의 피드백을 반영한 결과물 품질 개선
- 특허·상표 출원 및 지식재산 전략 관련 연간·분기 실행계획 수립
- 명세서·선행기술·심사 의견 수집·정리 및 핵심 이슈 분석
- 특허정보검색서비스·PCT를 활용한 업무 산출물 작성과 버전 관리
- 요구사항을 세부 과제와 일정으로 구체화하고 진행 현황 관리","- 변리사 자격을 보유한 분
- 명세서·선행기술·심사 의견를 정확히 해석하고 업무 문서로 구조화할 수 있는 분
- 특허정보검색서비스·PCT 중 직무에 필요한 도구를 실무에 적용할 수 있는 분
- 유관 부서와 쟁점을 명확히 설명하고 일정에 맞춰 협업할 수 있는 분
- 문제 원인을 근거에 따라 분석하고 실행 가능한 대안을 제시할 수 있는 분
- 업무상 취급하는 개인정보와 기밀정보를 안전하게 관리할 수 있는 분
- 변리사 또는 유사 분야의 신입·경력 실무 경험을 보유한 분","- TOEIC Speaking AL 보유자
- 변리사 자격 보유자
- 정보처리기사 보유자
- 특허·상표 출원 및 지식재산 전략 관련 프로젝트를 기획부터 결과 검토까지 수행한 경험
- 특허정보검색서비스·PCT를 활용해 반복 업무를 개선하거나 품질 기준을 정립한 경험
- 외부 파트너 또는 다양한 이해관계자와 복잡한 요구사항을 조율한 경험","- 제출한 경력·자격 증빙이 사실과 다른 경우
- 정해진 기한까지 필수 증빙서류를 제출하지 않은 경우
- 해외여행 및 근무에 결격사유가 있는 경우
- 채용 관련 비밀유지 의무를 위반한 경우",서류전형 > 직무과제 > 실무면접 > 처우협의
변리사 운영 담당자 채용,120,17,20260813,20260921,4,경력 3년 이상,무기계약직,서울특별시,학사 이상,"공공서비스 운영기관에서 특허·상표 출원 및 지식재산 전략을 담당할 변리사를 모집합니다. 이 포지션은 현장의 요구를 실행 가능한 계획과 결과물로 연결하는 역할입니다.

담당 범위는 명세서·선행기술·심사 의견를 바탕으로 기준을 수립하고, 우선순위에 따라 과제를 실행하며 품질과 일정을 함께 관리하는 것입니다.

법무·사무·총무 조직의 동료와 재무·영업·개발·운영 등 유관 부서, 필요한 경우 외부 파트너와 협업해 의사결정에 필요한 정보를 정리합니다.

이슈가 발생하면 사실과 데이터를 먼저 확인하고 원인을 구분한 뒤, 대안을 비교해 합의된 조치를 실행하고 재발 방지 내용을 문서화합니다.

입사 초기에는 기존 자료와 업무 흐름을 파악하고 특허정보검색서비스·PCT 환경을 익힌 뒤, 담당 영역의 개선 과제와 표준화 작업을 단계적으로 주도합니다.

성과는 결과물의 정확성, 일정 준수, 이해관계자와의 명확한 소통, 사용자와 사업에 미치는 영향을 기준으로 평가합니다.","- 성과지표 설정 및 결과 데이터 분석을 통한 개선안 제안
- 업무상 리스크 사전 점검과 문제 발생 시 원인 분석·후속 조치
- 재사용 가능한 체크리스트·가이드·템플릿 정비
- 고객 또는 내부 사용자의 피드백을 반영한 결과물 품질 개선
- 특허·상표 출원 및 지식재산 전략 관련 연간·분기 실행계획 수립
- 명세서·선행기술·심사 의견 수집·정리 및 핵심 이슈 분석
- 특허정보검색서비스·PCT를 활용한 업무 산출물 작성과 버전 관리","- 변리사 자격을 보유한 분
- 명세서·선행기술·심사 의견를 정확히 해석하고 업무 문서로 구조화할 수 있는 분
- 특허정보검색서비스·PCT 중 직무에 필요한 도구를 실무에 적용할 수 있는 분
- 유관 부서와 쟁점을 명확히 설명하고 일정에 맞춰 협업할 수 있는 분
- 문제 원인을 근거에 따라 분석하고 실행 가능한 대안을 제시할 수 있는 분","- 변리사 자격 보유자
- 정보처리기사 보유자
- TOEIC Speaking AL 보유자
- 특허·상표 출원 및 지식재산 전략 관련 프로젝트를 기획부터 결과 검토까지 수행한 경험","- 지원 자격 또는 필수 면허 요건을 충족하지 못한 경우
- 전형 과정에서 타인의 결과물을 무단 사용한 경우
- 채용검진 결과 담당 업무 수행이 곤란한 경우
- 관계 법령상 취업이 제한되는 경우",서류전형 > 1차면접 > 2차면접 > 채용검진
변리사 핵심인재 모집,138,17,20261018,20261129,7,경력 무관,정규직,경기도,석사 이상,"전문 컨설팅 조직에서 특허·상표 출원 및 지식재산 전략을 담당할 변리사를 모집합니다. 이 포지션은 현장의 요구를 실행 가능한 계획과 결과물로 연결하는 역할입니다.

담당 범위는 명세서·선행기술·심사 의견를 바탕으로 기준을 수립하고, 우선순위에 따라 과제를 실행하며 품질과 일정을 함께 관리하는 것입니다.

법무·사무·총무 조직의 동료와 재무·영업·개발·운영 등 유관 부서, 필요한 경우 외부 파트너와 협업해 의사결정에 필요한 정보를 정리합니다.

이슈가 발생하면 사실과 데이터를 먼저 확인하고 원인을 구분한 뒤, 대안을 비교해 합의된 조치를 실행하고 재발 방지 내용을 문서화합니다.

입사 초기에는 기존 자료와 업무 흐름을 파악하고 특허정보검색서비스·PCT 환경을 익힌 뒤, 담당 영역의 개선 과제와 표준화 작업을 단계적으로 주도합니다.

성과는 결과물의 정확성, 일정 준수, 이해관계자와의 명확한 소통, 사용자와 사업에 미치는 영향을 기준으로 평가합니다.","- 업무상 리스크 사전 점검과 문제 발생 시 원인 분석·후속 조치
- 재사용 가능한 체크리스트·가이드·템플릿 정비
- 고객 또는 내부 사용자의 피드백을 반영한 결과물 품질 개선
- 특허·상표 출원 및 지식재산 전략 관련 연간·분기 실행계획 수립
- 명세서·선행기술·심사 의견 수집·정리 및 핵심 이슈 분석
- 특허정보검색서비스·PCT를 활용한 업무 산출물 작성과 버전 관리
- 요구사항을 세부 과제와 일정으로 구체화하고 진행 현황 관리
- 유관 부서 및 외부 파트너와 기준·일정·결과물 조율","- 변리사 자격을 보유한 분
- 명세서·선행기술·심사 의견를 정확히 해석하고 업무 문서로 구조화할 수 있는 분
- 특허정보검색서비스·PCT 중 직무에 필요한 도구를 실무에 적용할 수 있는 분
- 유관 부서와 쟁점을 명확히 설명하고 일정에 맞춰 협업할 수 있는 분
- 문제 원인을 근거에 따라 분석하고 실행 가능한 대안을 제시할 수 있는 분
- 업무상 취급하는 개인정보와 기밀정보를 안전하게 관리할 수 있는 분","- 정보처리기사 보유자
- TOEIC Speaking AL 보유자
- 변리사 자격 보유자
- 특허·상표 출원 및 지식재산 전략 관련 프로젝트를 기획부터 결과 검토까지 수행한 경험
- 특허정보검색서비스·PCT를 활용해 반복 업무를 개선하거나 품질 기준을 정립한 경험","- 지원서 또는 제출서류를 허위로 기재한 경우
- 채용 과정에서 부정한 방법을 사용한 경우
- 채용검진 결과 직무 수행이 어렵다고 판단되는 경우
- 관련 법령 또는 내부 인사규정상 채용이 불가능한 경우",서류전형 > 필기전형 > 면접전형 > 최종합격
변리사 전문가 채용,149,17,20260123,20260309,10,경력 5년 이상,기간제,인천광역시,학력무관,"글로벌 사업 조직에서 특허·상표 출원 및 지식재산 전략을 담당할 변리사를 모집합니다. 이 포지션은 현장의 요구를 실행 가능한 계획과 결과물로 연결하는 역할입니다.

담당 범위는 명세서·선행기술·심사 의견를 바탕으로 기준을 수립하고, 우선순위에 따라 과제를 실행하며 품질과 일정을 함께 관리하는 것입니다.

법무·사무·총무 조직의 동료와 재무·영업·개발·운영 등 유관 부서, 필요한 경우 외부 파트너와 협업해 의사결정에 필요한 정보를 정리합니다.

이슈가 발생하면 사실과 데이터를 먼저 확인하고 원인을 구분한 뒤, 대안을 비교해 합의된 조치를 실행하고 재발 방지 내용을 문서화합니다.

입사 초기에는 기존 자료와 업무 흐름을 파악하고 특허정보검색서비스·PCT 환경을 익힌 뒤, 담당 영역의 개선 과제와 표준화 작업을 단계적으로 주도합니다.

성과는 결과물의 정확성, 일정 준수, 이해관계자와의 명확한 소통, 사용자와 사업에 미치는 영향을 기준으로 평가합니다.","- 재사용 가능한 체크리스트·가이드·템플릿 정비
- 고객 또는 내부 사용자의 피드백을 반영한 결과물 품질 개선
- 특허·상표 출원 및 지식재산 전략 관련 연간·분기 실행계획 수립
- 명세서·선행기술·심사 의견 수집·정리 및 핵심 이슈 분석
- 특허정보검색서비스·PCT를 활용한 업무 산출물 작성과 버전 관리
- 요구사항을 세부 과제와 일정으로 구체화하고 진행 현황 관리
- 유관 부서 및 외부 파트너와 기준·일정·결과물 조율
- 검토 회의 운영과 의사결정 근거·변경 이력 문서화
- 성과지표 설정 및 결과 데이터 분석을 통한 개선안 제안","- 변리사 자격을 보유한 분
- 명세서·선행기술·심사 의견를 정확히 해석하고 업무 문서로 구조화할 수 있는 분
- 특허정보검색서비스·PCT 중 직무에 필요한 도구를 실무에 적용할 수 있는 분
- 유관 부서와 쟁점을 명확히 설명하고 일정에 맞춰 협업할 수 있는 분
- 문제 원인을 근거에 따라 분석하고 실행 가능한 대안을 제시할 수 있는 분
- 업무상 취급하는 개인정보와 기밀정보를 안전하게 관리할 수 있는 분
- 변리사 또는 유사 분야의 5년 이상 실무 경험을 보유한 분","- TOEIC Speaking AL 보유자
- 변리사 자격 보유자
- 정보처리기사 보유자
- 특허·상표 출원 및 지식재산 전략 관련 프로젝트를 기획부터 결과 검토까지 수행한 경험
- 특허정보검색서비스·PCT를 활용해 반복 업무를 개선하거나 품질 기준을 정립한 경험
- 외부 파트너 또는 다양한 이해관계자와 복잡한 요구사항을 조율한 경험","- 제출한 경력·자격 증빙이 사실과 다른 경우
- 정해진 기한까지 필수 증빙서류를 제출하지 않은 경우
- 해외여행 및 근무에 결격사유가 있는 경우
- 채용 관련 비밀유지 의무를 위반한 경우",서류전형 > 실무면접 > 최종면접
변리사 신규 인력 모집,120,17,20260305,20260317,13,경력,정규직,대전광역시,전문학사 이상,"연구개발 중심 조직에서 특허·상표 출원 및 지식재산 전략을 담당할 변리사를 모집합니다. 이 포지션은 현장의 요구를 실행 가능한 계획과 결과물로 연결하는 역할입니다.

담당 범위는 명세서·선행기술·심사 의견를 바탕으로 기준을 수립하고, 우선순위에 따라 과제를 실행하며 품질과 일정을 함께 관리하는 것입니다.

법무·사무·총무 조직의 동료와 재무·영업·개발·운영 등 유관 부서, 필요한 경우 외부 파트너와 협업해 의사결정에 필요한 정보를 정리합니다.

이슈가 발생하면 사실과 데이터를 먼저 확인하고 원인을 구분한 뒤, 대안을 비교해 합의된 조치를 실행하고 재발 방지 내용을 문서화합니다.

입사 초기에는 기존 자료와 업무 흐름을 파악하고 특허정보검색서비스·PCT 환경을 익힌 뒤, 담당 영역의 개선 과제와 표준화 작업을 단계적으로 주도합니다.

성과는 결과물의 정확성, 일정 준수, 이해관계자와의 명확한 소통, 사용자와 사업에 미치는 영향을 기준으로 평가합니다.","- 고객 또는 내부 사용자의 피드백을 반영한 결과물 품질 개선
- 특허·상표 출원 및 지식재산 전략 관련 연간·분기 실행계획 수립
- 명세서·선행기술·심사 의견 수집·정리 및 핵심 이슈 분석
- 특허정보검색서비스·PCT를 활용한 업무 산출물 작성과 버전 관리
- 요구사항을 세부 과제와 일정으로 구체화하고 진행 현황 관리
- 유관 부서 및 외부 파트너와 기준·일정·결과물 조율
- 검토 회의 운영과 의사결정 근거·변경 이력 문서화","- 변리사 자격을 보유한 분
- 명세서·선행기술·심사 의견를 정확히 해석하고 업무 문서로 구조화할 수 있는 분
- 특허정보검색서비스·PCT 중 직무에 필요한 도구를 실무에 적용할 수 있는 분
- 유관 부서와 쟁점을 명확히 설명하고 일정에 맞춰 협업할 수 있는 분
- 문제 원인을 근거에 따라 분석하고 실행 가능한 대안을 제시할 수 있는 분","- 변리사 자격 보유자
- 정보처리기사 보유자
- TOEIC Speaking AL 보유자
- 특허·상표 출원 및 지식재산 전략 관련 프로젝트를 기획부터 결과 검토까지 수행한 경험","- 지원 자격 또는 필수 면허 요건을 충족하지 못한 경우
- 전형 과정에서 타인의 결과물을 무단 사용한 경우
- 채용검진 결과 담당 업무 수행이 곤란한 경우
- 관계 법령상 취업이 제한되는 경우",서류전형 > 인성검사 > 실무면접 > 최종면접
노무사 담당자 모집,0,18,20260809,20260906,11,경력 2년 이상,정규직,세종특별자치시,학사 이상,"브랜드 사업 조직에서 노동관계 자문·노사 이슈 대응을 담당할 노무사를 모집합니다. 이 포지션은 현장의 요구를 실행 가능한 계획과 결과물로 연결하는 역할입니다.

담당 범위는 취업규칙·임금·징계 자료를 바탕으로 기준을 수립하고, 우선순위에 따라 과제를 실행하며 품질과 일정을 함께 관리하는 것입니다.

법무·사무·총무 조직의 동료와 재무·영업·개발·운영 등 유관 부서, 필요한 경우 외부 파트너와 협업해 의사결정에 필요한 정보를 정리합니다.

이슈가 발생하면 사실과 데이터를 먼저 확인하고 원인을 구분한 뒤, 대안을 비교해 합의된 조치를 실행하고 재발 방지 내용을 문서화합니다.

입사 초기에는 기존 자료와 업무 흐름을 파악하고 노무관리시스템·Excel 환경을 익힌 뒤, 담당 영역의 개선 과제와 표준화 작업을 단계적으로 주도합니다.

성과는 결과물의 정확성, 일정 준수, 이해관계자와의 명확한 소통, 사용자와 사업에 미치는 영향을 기준으로 평가합니다.","- 노동관계 자문·노사 이슈 대응 관련 연간·분기 실행계획 수립
- 취업규칙·임금·징계 자료 수집·정리 및 핵심 이슈 분석
- 노무관리시스템·Excel를 활용한 업무 산출물 작성과 버전 관리
- 요구사항을 세부 과제와 일정으로 구체화하고 진행 현황 관리
- 유관 부서 및 외부 파트너와 기준·일정·결과물 조율
- 검토 회의 운영과 의사결정 근거·변경 이력 문서화
- 성과지표 설정 및 결과 데이터 분석을 통한 개선안 제안","- 공인노무사 자격을 보유한 분
- 취업규칙·임금·징계 자료를 정확히 해석하고 업무 문서로 구조화할 수 있는 분
- 노무관리시스템·Excel 중 직무에 필요한 도구를 실무에 적용할 수 있는 분
- 유관 부서와 쟁점을 명확히 설명하고 일정에 맞춰 협업할 수 있는 분
- 문제 원인을 근거에 따라 분석하고 실행 가능한 대안을 제시할 수 있는 분","- 공인노무사 보유자
- SHRM-CP 보유자
- 직업상담사 1급 보유자
- 노동관계 자문·노사 이슈 대응 관련 프로젝트를 기획부터 결과 검토까지 수행한 경험","- 지원서 또는 제출서류를 허위로 기재한 경우
- 채용 과정에서 부정한 방법을 사용한 경우
- 채용검진 결과 직무 수행이 어렵다고 판단되는 경우
- 관련 법령 또는 내부 인사규정상 채용이 불가능한 경우",서류전형 > 1차면접 > 2차면접 > 채용검진
노무사 실무자 채용,82,18,20261014,20261114,14,경력 3년 이상,무기계약직,충청남도,석사 이상,"지역 기반 전문기관에서 노동관계 자문·노사 이슈 대응을 담당할 노무사를 모집합니다. 이 포지션은 현장의 요구를 실행 가능한 계획과 결과물로 연결하는 역할입니다.

담당 범위는 취업규칙·임금·징계 자료를 바탕으로 기준을 수립하고, 우선순위에 따라 과제를 실행하며 품질과 일정을 함께 관리하는 것입니다.

법무·사무·총무 조직의 동료와 재무·영업·개발·운영 등 유관 부서, 필요한 경우 외부 파트너와 협업해 의사결정에 필요한 정보를 정리합니다.

이슈가 발생하면 사실과 데이터를 먼저 확인하고 원인을 구분한 뒤, 대안을 비교해 합의된 조치를 실행하고 재발 방지 내용을 문서화합니다.

입사 초기에는 기존 자료와 업무 흐름을 파악하고 노무관리시스템·Excel 환경을 익힌 뒤, 담당 영역의 개선 과제와 표준화 작업을 단계적으로 주도합니다.

성과는 결과물의 정확성, 일정 준수, 이해관계자와의 명확한 소통, 사용자와 사업에 미치는 영향을 기준으로 평가합니다.","- 취업규칙·임금·징계 자료 수집·정리 및 핵심 이슈 분석
- 노무관리시스템·Excel를 활용한 업무 산출물 작성과 버전 관리
- 요구사항을 세부 과제와 일정으로 구체화하고 진행 현황 관리
- 유관 부서 및 외부 파트너와 기준·일정·결과물 조율
- 검토 회의 운영과 의사결정 근거·변경 이력 문서화
- 성과지표 설정 및 결과 데이터 분석을 통한 개선안 제안
- 업무상 리스크 사전 점검과 문제 발생 시 원인 분석·후속 조치
- 재사용 가능한 체크리스트·가이드·템플릿 정비","- 공인노무사 자격을 보유한 분
- 취업규칙·임금·징계 자료를 정확히 해석하고 업무 문서로 구조화할 수 있는 분
- 노무관리시스템·Excel 중 직무에 필요한 도구를 실무에 적용할 수 있는 분
- 유관 부서와 쟁점을 명확히 설명하고 일정에 맞춰 협업할 수 있는 분
- 문제 원인을 근거에 따라 분석하고 실행 가능한 대안을 제시할 수 있는 분
- 업무상 취급하는 개인정보와 기밀정보를 안전하게 관리할 수 있는 분","- SHRM-CP 보유자
- 직업상담사 1급 보유자
- 공인노무사 보유자
- 노동관계 자문·노사 이슈 대응 관련 프로젝트를 기획부터 결과 검토까지 수행한 경험
- 노무관리시스템·Excel를 활용해 반복 업무를 개선하거나 품질 기준을 정립한 경험","- 제출한 경력·자격 증빙이 사실과 다른 경우
- 정해진 기한까지 필수 증빙서류를 제출하지 않은 경우
- 해외여행 및 근무에 결격사유가 있는 경우
- 채용 관련 비밀유지 의무를 위반한 경우",서류전형 > 필기전형 > 면접전형 > 최종합격
노무사 전문인력 모집,56,18,20260119,20260222,17,신입,정규직,경상남도,학력무관,"디지털 서비스 조직에서 노동관계 자문·노사 이슈 대응을 담당할 노무사를 모집합니다. 이 포지션은 현장의 요구를 실행 가능한 계획과 결과물로 연결하는 역할입니다.

담당 범위는 취업규칙·임금·징계 자료를 바탕으로 기준을 수립하고, 우선순위에 따라 과제를 실행하며 품질과 일정을 함께 관리하는 것입니다.

법무·사무·총무 조직의 동료와 재무·영업·개발·운영 등 유관 부서, 필요한 경우 외부 파트너와 협업해 의사결정에 필요한 정보를 정리합니다.

이슈가 발생하면 사실과 데이터를 먼저 확인하고 원인을 구분한 뒤, 대안을 비교해 합의된 조치를 실행하고 재발 방지 내용을 문서화합니다.

입사 초기에는 기존 자료와 업무 흐름을 파악하고 노무관리시스템·Excel 환경을 익힌 뒤, 담당 영역의 개선 과제와 표준화 작업을 단계적으로 주도합니다.

성과는 결과물의 정확성, 일정 준수, 이해관계자와의 명확한 소통, 사용자와 사업에 미치는 영향을 기준으로 평가합니다.","- 노무관리시스템·Excel를 활용한 업무 산출물 작성과 버전 관리
- 요구사항을 세부 과제와 일정으로 구체화하고 진행 현황 관리
- 유관 부서 및 외부 파트너와 기준·일정·결과물 조율
- 검토 회의 운영과 의사결정 근거·변경 이력 문서화
- 성과지표 설정 및 결과 데이터 분석을 통한 개선안 제안
- 업무상 리스크 사전 점검과 문제 발생 시 원인 분석·후속 조치
- 재사용 가능한 체크리스트·가이드·템플릿 정비
- 고객 또는 내부 사용자의 피드백을 반영한 결과물 품질 개선
- 노동관계 자문·노사 이슈 대응 관련 연간·분기 실행계획 수립","- 공인노무사 자격을 보유한 분
- 취업규칙·임금·징계 자료를 정확히 해석하고 업무 문서로 구조화할 수 있는 분
- 노무관리시스템·Excel 중 직무에 필요한 도구를 실무에 적용할 수 있는 분
- 유관 부서와 쟁점을 명확히 설명하고 일정에 맞춰 협업할 수 있는 분
- 문제 원인을 근거에 따라 분석하고 실행 가능한 대안을 제시할 수 있는 분
- 업무상 취급하는 개인정보와 기밀정보를 안전하게 관리할 수 있는 분
- 새로운 업무 기준과 도구를 빠르게 학습할 수 있는 분","- 직업상담사 1급 보유자
- 공인노무사 보유자
- SHRM-CP 보유자
- 노동관계 자문·노사 이슈 대응 관련 프로젝트를 기획부터 결과 검토까지 수행한 경험
- 노무관리시스템·Excel를 활용해 반복 업무를 개선하거나 품질 기준을 정립한 경험
- 외부 파트너 또는 다양한 이해관계자와 복잡한 요구사항을 조율한 경험","- 지원 자격 또는 필수 면허 요건을 충족하지 못한 경우
- 전형 과정에서 타인의 결과물을 무단 사용한 경우
- 채용검진 결과 담당 업무 수행이 곤란한 경우
- 관계 법령상 취업이 제한되는 경우",서류전형 > 실무면접 > 최종면접
노무사 인재 채용,98,18,20260301,20260407,20,경력 2년 이상,계약직,제주특별자치도,전문학사 이상,"성장 단계 스타트업에서 노동관계 자문·노사 이슈 대응을 담당할 노무사를 모집합니다. 이 포지션은 현장의 요구를 실행 가능한 계획과 결과물로 연결하는 역할입니다.

담당 범위는 취업규칙·임금·징계 자료를 바탕으로 기준을 수립하고, 우선순위에 따라 과제를 실행하며 품질과 일정을 함께 관리하는 것입니다.

법무·사무·총무 조직의 동료와 재무·영업·개발·운영 등 유관 부서, 필요한 경우 외부 파트너와 협업해 의사결정에 필요한 정보를 정리합니다.

이슈가 발생하면 사실과 데이터를 먼저 확인하고 원인을 구분한 뒤, 대안을 비교해 합의된 조치를 실행하고 재발 방지 내용을 문서화합니다.

입사 초기에는 기존 자료와 업무 흐름을 파악하고 노무관리시스템·Excel 환경을 익힌 뒤, 담당 영역의 개선 과제와 표준화 작업을 단계적으로 주도합니다.

성과는 결과물의 정확성, 일정 준수, 이해관계자와의 명확한 소통, 사용자와 사업에 미치는 영향을 기준으로 평가합니다.","- 요구사항을 세부 과제와 일정으로 구체화하고 진행 현황 관리
- 유관 부서 및 외부 파트너와 기준·일정·결과물 조율
- 검토 회의 운영과 의사결정 근거·변경 이력 문서화
- 성과지표 설정 및 결과 데이터 분석을 통한 개선안 제안
- 업무상 리스크 사전 점검과 문제 발생 시 원인 분석·후속 조치
- 재사용 가능한 체크리스트·가이드·템플릿 정비
- 고객 또는 내부 사용자의 피드백을 반영한 결과물 품질 개선","- 공인노무사 자격을 보유한 분
- 취업규칙·임금·징계 자료를 정확히 해석하고 업무 문서로 구조화할 수 있는 분
- 노무관리시스템·Excel 중 직무에 필요한 도구를 실무에 적용할 수 있는 분
- 유관 부서와 쟁점을 명확히 설명하고 일정에 맞춰 협업할 수 있는 분
- 문제 원인을 근거에 따라 분석하고 실행 가능한 대안을 제시할 수 있는 분","- 공인노무사 보유자
- SHRM-CP 보유자
- 직업상담사 1급 보유자
- 노동관계 자문·노사 이슈 대응 관련 프로젝트를 기획부터 결과 검토까지 수행한 경험","- 지원서 또는 제출서류를 허위로 기재한 경우
- 채용 과정에서 부정한 방법을 사용한 경우
- 채용검진 결과 직무 수행이 어렵다고 판단되는 경우
- 관련 법령 또는 내부 인사규정상 채용이 불가능한 경우",서류전형 > 인성검사 > 실무면접 > 최종면접
노무사 공개채용,145,18,20260506,20260615,3,신입·경력,정규직,서울특별시,학사 이상,"중견기업 전략 조직에서 노동관계 자문·노사 이슈 대응을 담당할 노무사를 모집합니다. 이 포지션은 현장의 요구를 실행 가능한 계획과 결과물로 연결하는 역할입니다.

담당 범위는 취업규칙·임금·징계 자료를 바탕으로 기준을 수립하고, 우선순위에 따라 과제를 실행하며 품질과 일정을 함께 관리하는 것입니다.

법무·사무·총무 조직의 동료와 재무·영업·개발·운영 등 유관 부서, 필요한 경우 외부 파트너와 협업해 의사결정에 필요한 정보를 정리합니다.

이슈가 발생하면 사실과 데이터를 먼저 확인하고 원인을 구분한 뒤, 대안을 비교해 합의된 조치를 실행하고 재발 방지 내용을 문서화합니다.

입사 초기에는 기존 자료와 업무 흐름을 파악하고 노무관리시스템·Excel 환경을 익힌 뒤, 담당 영역의 개선 과제와 표준화 작업을 단계적으로 주도합니다.

성과는 결과물의 정확성, 일정 준수, 이해관계자와의 명확한 소통, 사용자와 사업에 미치는 영향을 기준으로 평가합니다.","- 유관 부서 및 외부 파트너와 기준·일정·결과물 조율
- 검토 회의 운영과 의사결정 근거·변경 이력 문서화
- 성과지표 설정 및 결과 데이터 분석을 통한 개선안 제안
- 업무상 리스크 사전 점검과 문제 발생 시 원인 분석·후속 조치
- 재사용 가능한 체크리스트·가이드·템플릿 정비
- 고객 또는 내부 사용자의 피드백을 반영한 결과물 품질 개선
- 노동관계 자문·노사 이슈 대응 관련 연간·분기 실행계획 수립
- 취업규칙·임금·징계 자료 수집·정리 및 핵심 이슈 분석","- 공인노무사 자격을 보유한 분
- 취업규칙·임금·징계 자료를 정확히 해석하고 업무 문서로 구조화할 수 있는 분
- 노무관리시스템·Excel 중 직무에 필요한 도구를 실무에 적용할 수 있는 분
- 유관 부서와 쟁점을 명확히 설명하고 일정에 맞춰 협업할 수 있는 분
- 문제 원인을 근거에 따라 분석하고 실행 가능한 대안을 제시할 수 있는 분
- 업무상 취급하는 개인정보와 기밀정보를 안전하게 관리할 수 있는 분","- SHRM-CP 보유자
- 직업상담사 1급 보유자
- 공인노무사 보유자
- 노동관계 자문·노사 이슈 대응 관련 프로젝트를 기획부터 결과 검토까지 수행한 경험
- 노무관리시스템·Excel를 활용해 반복 업무를 개선하거나 품질 기준을 정립한 경험","- 제출한 경력·자격 증빙이 사실과 다른 경우
- 정해진 기한까지 필수 증빙서류를 제출하지 않은 경우
- 해외여행 및 근무에 결격사유가 있는 경우
- 채용 관련 비밀유지 의무를 위반한 경우",서류전형 > 직무과제 > 실무면접 > 처우협의
노무사 프로젝트 담당 모집,128,18,20260711,20260823,6,경력 3년 이상,무기계약직,경기도,학사 이상,"공공서비스 운영기관에서 노동관계 자문·노사 이슈 대응을 담당할 노무사를 모집합니다. 이 포지션은 현장의 요구를 실행 가능한 계획과 결과물로 연결하는 역할입니다.

담당 범위는 취업규칙·임금·징계 자료를 바탕으로 기준을 수립하고, 우선순위에 따라 과제를 실행하며 품질과 일정을 함께 관리하는 것입니다.

법무·사무·총무 조직의 동료와 재무·영업·개발·운영 등 유관 부서, 필요한 경우 외부 파트너와 협업해 의사결정에 필요한 정보를 정리합니다.

이슈가 발생하면 사실과 데이터를 먼저 확인하고 원인을 구분한 뒤, 대안을 비교해 합의된 조치를 실행하고 재발 방지 내용을 문서화합니다.

입사 초기에는 기존 자료와 업무 흐름을 파악하고 노무관리시스템·Excel 환경을 익힌 뒤, 담당 영역의 개선 과제와 표준화 작업을 단계적으로 주도합니다.

성과는 결과물의 정확성, 일정 준수, 이해관계자와의 명확한 소통, 사용자와 사업에 미치는 영향을 기준으로 평가합니다.","- 검토 회의 운영과 의사결정 근거·변경 이력 문서화
- 성과지표 설정 및 결과 데이터 분석을 통한 개선안 제안
- 업무상 리스크 사전 점검과 문제 발생 시 원인 분석·후속 조치
- 재사용 가능한 체크리스트·가이드·템플릿 정비
- 고객 또는 내부 사용자의 피드백을 반영한 결과물 품질 개선
- 노동관계 자문·노사 이슈 대응 관련 연간·분기 실행계획 수립
- 취업규칙·임금·징계 자료 수집·정리 및 핵심 이슈 분석
- 노무관리시스템·Excel를 활용한 업무 산출물 작성과 버전 관리
- 요구사항을 세부 과제와 일정으로 구체화하고 진행 현황 관리","- 공인노무사 자격을 보유한 분
- 취업규칙·임금·징계 자료를 정확히 해석하고 업무 문서로 구조화할 수 있는 분
- 노무관리시스템·Excel 중 직무에 필요한 도구를 실무에 적용할 수 있는 분
- 유관 부서와 쟁점을 명확히 설명하고 일정에 맞춰 협업할 수 있는 분
- 문제 원인을 근거에 따라 분석하고 실행 가능한 대안을 제시할 수 있는 분
- 업무상 취급하는 개인정보와 기밀정보를 안전하게 관리할 수 있는 분
- 노무사 또는 유사 분야의 3년 이상 실무 경험을 보유한 분","- 직업상담사 1급 보유자
- 공인노무사 보유자
- SHRM-CP 보유자
- 노동관계 자문·노사 이슈 대응 관련 프로젝트를 기획부터 결과 검토까지 수행한 경험
- 노무관리시스템·Excel를 활용해 반복 업무를 개선하거나 품질 기준을 정립한 경험
- 외부 파트너 또는 다양한 이해관계자와 복잡한 요구사항을 조율한 경험","- 지원 자격 또는 필수 면허 요건을 충족하지 못한 경우
- 전형 과정에서 타인의 결과물을 무단 사용한 경우
- 채용검진 결과 담당 업무 수행이 곤란한 경우
- 관계 법령상 취업이 제한되는 경우",서류전형 > 1차면접 > 2차면접 > 채용검진
노무사 운영 담당자 채용,72,18,20260916,20260926,9,경력 무관,정규직,인천광역시,석사 이상,"전문 컨설팅 조직에서 노동관계 자문·노사 이슈 대응을 담당할 노무사를 모집합니다. 이 포지션은 현장의 요구를 실행 가능한 계획과 결과물로 연결하는 역할입니다.

담당 범위는 취업규칙·임금·징계 자료를 바탕으로 기준을 수립하고, 우선순위에 따라 과제를 실행하며 품질과 일정을 함께 관리하는 것입니다.

법무·사무·총무 조직의 동료와 재무·영업·개발·운영 등 유관 부서, 필요한 경우 외부 파트너와 협업해 의사결정에 필요한 정보를 정리합니다.

이슈가 발생하면 사실과 데이터를 먼저 확인하고 원인을 구분한 뒤, 대안을 비교해 합의된 조치를 실행하고 재발 방지 내용을 문서화합니다.

입사 초기에는 기존 자료와 업무 흐름을 파악하고 노무관리시스템·Excel 환경을 익힌 뒤, 담당 영역의 개선 과제와 표준화 작업을 단계적으로 주도합니다.

성과는 결과물의 정확성, 일정 준수, 이해관계자와의 명확한 소통, 사용자와 사업에 미치는 영향을 기준으로 평가합니다.","- 성과지표 설정 및 결과 데이터 분석을 통한 개선안 제안
- 업무상 리스크 사전 점검과 문제 발생 시 원인 분석·후속 조치
- 재사용 가능한 체크리스트·가이드·템플릿 정비
- 고객 또는 내부 사용자의 피드백을 반영한 결과물 품질 개선
- 노동관계 자문·노사 이슈 대응 관련 연간·분기 실행계획 수립
- 취업규칙·임금·징계 자료 수집·정리 및 핵심 이슈 분석
- 노무관리시스템·Excel를 활용한 업무 산출물 작성과 버전 관리","- 공인노무사 자격을 보유한 분
- 취업규칙·임금·징계 자료를 정확히 해석하고 업무 문서로 구조화할 수 있는 분
- 노무관리시스템·Excel 중 직무에 필요한 도구를 실무에 적용할 수 있는 분
- 유관 부서와 쟁점을 명확히 설명하고 일정에 맞춰 협업할 수 있는 분
- 문제 원인을 근거에 따라 분석하고 실행 가능한 대안을 제시할 수 있는 분","- 공인노무사 보유자
- SHRM-CP 보유자
- 직업상담사 1급 보유자
- 노동관계 자문·노사 이슈 대응 관련 프로젝트를 기획부터 결과 검토까지 수행한 경험","- 지원서 또는 제출서류를 허위로 기재한 경우
- 채용 과정에서 부정한 방법을 사용한 경우
- 채용검진 결과 직무 수행이 어렵다고 판단되는 경우
- 관련 법령 또는 내부 인사규정상 채용이 불가능한 경우",서류전형 > 필기전형 > 면접전형 > 최종합격
노무사 핵심인재 모집,139,18,20261121,20261204,12,경력 5년 이상,기간제,대전광역시,학력무관,"글로벌 사업 조직에서 노동관계 자문·노사 이슈 대응을 담당할 노무사를 모집합니다. 이 포지션은 현장의 요구를 실행 가능한 계획과 결과물로 연결하는 역할입니다.

담당 범위는 취업규칙·임금·징계 자료를 바탕으로 기준을 수립하고, 우선순위에 따라 과제를 실행하며 품질과 일정을 함께 관리하는 것입니다.

법무·사무·총무 조직의 동료와 재무·영업·개발·운영 등 유관 부서, 필요한 경우 외부 파트너와 협업해 의사결정에 필요한 정보를 정리합니다.

이슈가 발생하면 사실과 데이터를 먼저 확인하고 원인을 구분한 뒤, 대안을 비교해 합의된 조치를 실행하고 재발 방지 내용을 문서화합니다.

입사 초기에는 기존 자료와 업무 흐름을 파악하고 노무관리시스템·Excel 환경을 익힌 뒤, 담당 영역의 개선 과제와 표준화 작업을 단계적으로 주도합니다.

성과는 결과물의 정확성, 일정 준수, 이해관계자와의 명확한 소통, 사용자와 사업에 미치는 영향을 기준으로 평가합니다.","- 업무상 리스크 사전 점검과 문제 발생 시 원인 분석·후속 조치
- 재사용 가능한 체크리스트·가이드·템플릿 정비
- 고객 또는 내부 사용자의 피드백을 반영한 결과물 품질 개선
- 노동관계 자문·노사 이슈 대응 관련 연간·분기 실행계획 수립
- 취업규칙·임금·징계 자료 수집·정리 및 핵심 이슈 분석
- 노무관리시스템·Excel를 활용한 업무 산출물 작성과 버전 관리
- 요구사항을 세부 과제와 일정으로 구체화하고 진행 현황 관리
- 유관 부서 및 외부 파트너와 기준·일정·결과물 조율","- 공인노무사 자격을 보유한 분
- 취업규칙·임금·징계 자료를 정확히 해석하고 업무 문서로 구조화할 수 있는 분
- 노무관리시스템·Excel 중 직무에 필요한 도구를 실무에 적용할 수 있는 분
- 유관 부서와 쟁점을 명확히 설명하고 일정에 맞춰 협업할 수 있는 분
- 문제 원인을 근거에 따라 분석하고 실행 가능한 대안을 제시할 수 있는 분
- 업무상 취급하는 개인정보와 기밀정보를 안전하게 관리할 수 있는 분","- SHRM-CP 보유자
- 직업상담사 1급 보유자
- 공인노무사 보유자
- 노동관계 자문·노사 이슈 대응 관련 프로젝트를 기획부터 결과 검토까지 수행한 경험
- 노무관리시스템·Excel를 활용해 반복 업무를 개선하거나 품질 기준을 정립한 경험","- 제출한 경력·자격 증빙이 사실과 다른 경우
- 정해진 기한까지 필수 증빙서류를 제출하지 않은 경우
- 해외여행 및 근무에 결격사유가 있는 경우
- 채용 관련 비밀유지 의무를 위반한 경우",서류전형 > 실무면접 > 최종면접
노무사 전문가 채용,106,18,20260203,20260219,15,경력,정규직,부산광역시,전문학사 이상,"연구개발 중심 조직에서 노동관계 자문·노사 이슈 대응을 담당할 노무사를 모집합니다. 이 포지션은 현장의 요구를 실행 가능한 계획과 결과물로 연결하는 역할입니다.

담당 범위는 취업규칙·임금·징계 자료를 바탕으로 기준을 수립하고, 우선순위에 따라 과제를 실행하며 품질과 일정을 함께 관리하는 것입니다.

법무·사무·총무 조직의 동료와 재무·영업·개발·운영 등 유관 부서, 필요한 경우 외부 파트너와 협업해 의사결정에 필요한 정보를 정리합니다.

이슈가 발생하면 사실과 데이터를 먼저 확인하고 원인을 구분한 뒤, 대안을 비교해 합의된 조치를 실행하고 재발 방지 내용을 문서화합니다.

입사 초기에는 기존 자료와 업무 흐름을 파악하고 노무관리시스템·Excel 환경을 익힌 뒤, 담당 영역의 개선 과제와 표준화 작업을 단계적으로 주도합니다.

성과는 결과물의 정확성, 일정 준수, 이해관계자와의 명확한 소통, 사용자와 사업에 미치는 영향을 기준으로 평가합니다.","- 재사용 가능한 체크리스트·가이드·템플릿 정비
- 고객 또는 내부 사용자의 피드백을 반영한 결과물 품질 개선
- 노동관계 자문·노사 이슈 대응 관련 연간·분기 실행계획 수립
- 취업규칙·임금·징계 자료 수집·정리 및 핵심 이슈 분석
- 노무관리시스템·Excel를 활용한 업무 산출물 작성과 버전 관리
- 요구사항을 세부 과제와 일정으로 구체화하고 진행 현황 관리
- 유관 부서 및 외부 파트너와 기준·일정·결과물 조율
- 검토 회의 운영과 의사결정 근거·변경 이력 문서화
- 성과지표 설정 및 결과 데이터 분석을 통한 개선안 제안","- 공인노무사 자격을 보유한 분
- 취업규칙·임금·징계 자료를 정확히 해석하고 업무 문서로 구조화할 수 있는 분
- 노무관리시스템·Excel 중 직무에 필요한 도구를 실무에 적용할 수 있는 분
- 유관 부서와 쟁점을 명확히 설명하고 일정에 맞춰 협업할 수 있는 분
- 문제 원인을 근거에 따라 분석하고 실행 가능한 대안을 제시할 수 있는 분
- 업무상 취급하는 개인정보와 기밀정보를 안전하게 관리할 수 있는 분
- 노무사 또는 유사 분야의 경력 실무 경험을 보유한 분","- 직업상담사 1급 보유자
- 공인노무사 보유자
- SHRM-CP 보유자
- 노동관계 자문·노사 이슈 대응 관련 프로젝트를 기획부터 결과 검토까지 수행한 경험
- 노무관리시스템·Excel를 활용해 반복 업무를 개선하거나 품질 기준을 정립한 경험
- 외부 파트너 또는 다양한 이해관계자와 복잡한 요구사항을 조율한 경험","- 지원 자격 또는 필수 면허 요건을 충족하지 못한 경우
- 전형 과정에서 타인의 결과물을 무단 사용한 경우
- 채용검진 결과 담당 업무 수행이 곤란한 경우
- 관계 법령상 취업이 제한되는 경우",서류전형 > 인성검사 > 실무면접 > 최종면접
노무사 신규 인력 모집,150,18,20260408,20260427,18,신입·경력,계약직,광주광역시,학사 이상,"플랫폼 운영 조직에서 노동관계 자문·노사 이슈 대응을 담당할 노무사를 모집합니다. 이 포지션은 현장의 요구를 실행 가능한 계획과 결과물로 연결하는 역할입니다.

담당 범위는 취업규칙·임금·징계 자료를 바탕으로 기준을 수립하고, 우선순위에 따라 과제를 실행하며 품질과 일정을 함께 관리하는 것입니다.

법무·사무·총무 조직의 동료와 재무·영업·개발·운영 등 유관 부서, 필요한 경우 외부 파트너와 협업해 의사결정에 필요한 정보를 정리합니다.

이슈가 발생하면 사실과 데이터를 먼저 확인하고 원인을 구분한 뒤, 대안을 비교해 합의된 조치를 실행하고 재발 방지 내용을 문서화합니다.

입사 초기에는 기존 자료와 업무 흐름을 파악하고 노무관리시스템·Excel 환경을 익힌 뒤, 담당 영역의 개선 과제와 표준화 작업을 단계적으로 주도합니다.

성과는 결과물의 정확성, 일정 준수, 이해관계자와의 명확한 소통, 사용자와 사업에 미치는 영향을 기준으로 평가합니다.","- 고객 또는 내부 사용자의 피드백을 반영한 결과물 품질 개선
- 노동관계 자문·노사 이슈 대응 관련 연간·분기 실행계획 수립
- 취업규칙·임금·징계 자료 수집·정리 및 핵심 이슈 분석
- 노무관리시스템·Excel를 활용한 업무 산출물 작성과 버전 관리
- 요구사항을 세부 과제와 일정으로 구체화하고 진행 현황 관리
- 유관 부서 및 외부 파트너와 기준·일정·결과물 조율
- 검토 회의 운영과 의사결정 근거·변경 이력 문서화","- 공인노무사 자격을 보유한 분
- 취업규칙·임금·징계 자료를 정확히 해석하고 업무 문서로 구조화할 수 있는 분
- 노무관리시스템·Excel 중 직무에 필요한 도구를 실무에 적용할 수 있는 분
- 유관 부서와 쟁점을 명확히 설명하고 일정에 맞춰 협업할 수 있는 분
- 문제 원인을 근거에 따라 분석하고 실행 가능한 대안을 제시할 수 있는 분","- 공인노무사 보유자
- SHRM-CP 보유자
- 직업상담사 1급 보유자
- 노동관계 자문·노사 이슈 대응 관련 프로젝트를 기획부터 결과 검토까지 수행한 경험","- 지원서 또는 제출서류를 허위로 기재한 경우
- 채용 과정에서 부정한 방법을 사용한 경우
- 채용검진 결과 직무 수행이 어렵다고 판단되는 경우
- 관련 법령 또는 내부 인사규정상 채용이 불가능한 경우",서류전형 > 직무과제 > 실무면접 > 처우협의
AI윤리전문가 담당자 모집,101,19,20260912,20261017,16,경력 3년 이상,무기계약직,경상남도,석사 이상,"지역 기반 전문기관에서 AI 위험·공정성·개인정보 거버넌스를 담당할 AI윤리전문가를 모집합니다. 이 포지션은 현장의 요구를 실행 가능한 계획과 결과물로 연결하는 역할입니다.

담당 범위는 모델 카드·영향평가·규제 문서를 바탕으로 기준을 수립하고, 우선순위에 따라 과제를 실행하며 품질과 일정을 함께 관리하는 것입니다.

법무·사무·총무 조직의 동료와 재무·영업·개발·운영 등 유관 부서, 필요한 경우 외부 파트너와 협업해 의사결정에 필요한 정보를 정리합니다.

이슈가 발생하면 사실과 데이터를 먼저 확인하고 원인을 구분한 뒤, 대안을 비교해 합의된 조치를 실행하고 재발 방지 내용을 문서화합니다.

입사 초기에는 기존 자료와 업무 흐름을 파악하고 AI 영향평가·NIST AI RMF 환경을 익힌 뒤, 담당 영역의 개선 과제와 표준화 작업을 단계적으로 주도합니다.

성과는 결과물의 정확성, 일정 준수, 이해관계자와의 명확한 소통, 사용자와 사업에 미치는 영향을 기준으로 평가합니다.","- AI 위험·공정성·개인정보 거버넌스 관련 연간·분기 실행계획 수립
- 모델 카드·영향평가·규제 문서 수집·정리 및 핵심 이슈 분석
- AI 영향평가·NIST AI RMF를 활용한 업무 산출물 작성과 버전 관리
- 요구사항을 세부 과제와 일정으로 구체화하고 진행 현황 관리
- 유관 부서 및 외부 파트너와 기준·일정·결과물 조율
- 검토 회의 운영과 의사결정 근거·변경 이력 문서화
- 성과지표 설정 및 결과 데이터 분석을 통한 개선안 제안","- AI 위험·공정성·개인정보 거버넌스 관련 지식 또는 프로젝트·실무 경험을 보유한 분
- 모델 카드·영향평가·규제 문서를 정확히 해석하고 업무 문서로 구조화할 수 있는 분
- AI 영향평가·NIST AI RMF 중 직무에 필요한 도구를 실무에 적용할 수 있는 분
- 유관 부서와 쟁점을 명확히 설명하고 일정에 맞춰 협업할 수 있는 분
- 문제 원인을 근거에 따라 분석하고 실행 가능한 대안을 제시할 수 있는 분","- ISO/IEC 42001 Lead Implementer 보유자
- 개인정보보호사(CPPG) 보유자
- IAPP CIPP/E 보유자
- AI 위험·공정성·개인정보 거버넌스 관련 프로젝트를 기획부터 결과 검토까지 수행한 경험","- 제출한 경력·자격 증빙이 사실과 다른 경우
- 정해진 기한까지 필수 증빙서류를 제출하지 않은 경우
- 해외여행 및 근무에 결격사유가 있는 경우
- 채용 관련 비밀유지 의무를 위반한 경우",서류전형 > 필기전형 > 면접전형 > 최종합격
AI윤리전문가 실무자 채용,131,19,20261117,20261225,19,신입,정규직,제주특별자치도,학력무관,"디지털 서비스 조직에서 AI 위험·공정성·개인정보 거버넌스를 담당할 AI윤리전문가를 모집합니다. 이 포지션은 현장의 요구를 실행 가능한 계획과 결과물로 연결하는 역할입니다.

담당 범위는 모델 카드·영향평가·규제 문서를 바탕으로 기준을 수립하고, 우선순위에 따라 과제를 실행하며 품질과 일정을 함께 관리하는 것입니다.

법무·사무·총무 조직의 동료와 재무·영업·개발·운영 등 유관 부서, 필요한 경우 외부 파트너와 협업해 의사결정에 필요한 정보를 정리합니다.

이슈가 발생하면 사실과 데이터를 먼저 확인하고 원인을 구분한 뒤, 대안을 비교해 합의된 조치를 실행하고 재발 방지 내용을 문서화합니다.

입사 초기에는 기존 자료와 업무 흐름을 파악하고 AI 영향평가·NIST AI RMF 환경을 익힌 뒤, 담당 영역의 개선 과제와 표준화 작업을 단계적으로 주도합니다.

성과는 결과물의 정확성, 일정 준수, 이해관계자와의 명확한 소통, 사용자와 사업에 미치는 영향을 기준으로 평가합니다.","- 모델 카드·영향평가·규제 문서 수집·정리 및 핵심 이슈 분석
- AI 영향평가·NIST AI RMF를 활용한 업무 산출물 작성과 버전 관리
- 요구사항을 세부 과제와 일정으로 구체화하고 진행 현황 관리
- 유관 부서 및 외부 파트너와 기준·일정·결과물 조율
- 검토 회의 운영과 의사결정 근거·변경 이력 문서화
- 성과지표 설정 및 결과 데이터 분석을 통한 개선안 제안
- 업무상 리스크 사전 점검과 문제 발생 시 원인 분석·후속 조치
- 재사용 가능한 체크리스트·가이드·템플릿 정비","- AI 위험·공정성·개인정보 거버넌스 관련 지식 또는 프로젝트·실무 경험을 보유한 분
- 모델 카드·영향평가·규제 문서를 정확히 해석하고 업무 문서로 구조화할 수 있는 분
- AI 영향평가·NIST AI RMF 중 직무에 필요한 도구를 실무에 적용할 수 있는 분
- 유관 부서와 쟁점을 명확히 설명하고 일정에 맞춰 협업할 수 있는 분
- 문제 원인을 근거에 따라 분석하고 실행 가능한 대안을 제시할 수 있는 분
- 업무상 취급하는 개인정보와 기밀정보를 안전하게 관리할 수 있는 분","- 개인정보보호사(CPPG) 보유자
- IAPP CIPP/E 보유자
- ISO/IEC 42001 Lead Implementer 보유자
- AI 위험·공정성·개인정보 거버넌스 관련 프로젝트를 기획부터 결과 검토까지 수행한 경험
- AI 영향평가·NIST AI RMF를 활용해 반복 업무를 개선하거나 품질 기준을 정립한 경험","- 지원 자격 또는 필수 면허 요건을 충족하지 못한 경우
- 전형 과정에서 타인의 결과물을 무단 사용한 경우
- 채용검진 결과 담당 업무 수행이 곤란한 경우
- 관계 법령상 취업이 제한되는 경우",서류전형 > 실무면접 > 최종면접
AI윤리전문가 전문인력 모집,158,19,20260222,20260404,2,경력 2년 이상,계약직,서울특별시,전문학사 이상,"성장 단계 스타트업에서 AI 위험·공정성·개인정보 거버넌스를 담당할 AI윤리전문가를 모집합니다. 이 포지션은 현장의 요구를 실행 가능한 계획과 결과물로 연결하는 역할입니다.

담당 범위는 모델 카드·영향평가·규제 문서를 바탕으로 기준을 수립하고, 우선순위에 따라 과제를 실행하며 품질과 일정을 함께 관리하는 것입니다.

법무·사무·총무 조직의 동료와 재무·영업·개발·운영 등 유관 부서, 필요한 경우 외부 파트너와 협업해 의사결정에 필요한 정보를 정리합니다.

이슈가 발생하면 사실과 데이터를 먼저 확인하고 원인을 구분한 뒤, 대안을 비교해 합의된 조치를 실행하고 재발 방지 내용을 문서화합니다.

입사 초기에는 기존 자료와 업무 흐름을 파악하고 AI 영향평가·NIST AI RMF 환경을 익힌 뒤, 담당 영역의 개선 과제와 표준화 작업을 단계적으로 주도합니다.

성과는 결과물의 정확성, 일정 준수, 이해관계자와의 명확한 소통, 사용자와 사업에 미치는 영향을 기준으로 평가합니다.","- AI 영향평가·NIST AI RMF를 활용한 업무 산출물 작성과 버전 관리
- 요구사항을 세부 과제와 일정으로 구체화하고 진행 현황 관리
- 유관 부서 및 외부 파트너와 기준·일정·결과물 조율
- 검토 회의 운영과 의사결정 근거·변경 이력 문서화
- 성과지표 설정 및 결과 데이터 분석을 통한 개선안 제안
- 업무상 리스크 사전 점검과 문제 발생 시 원인 분석·후속 조치
- 재사용 가능한 체크리스트·가이드·템플릿 정비
- 고객 또는 내부 사용자의 피드백을 반영한 결과물 품질 개선
- AI 위험·공정성·개인정보 거버넌스 관련 연간·분기 실행계획 수립","- AI 위험·공정성·개인정보 거버넌스 관련 지식 또는 프로젝트·실무 경험을 보유한 분
- 모델 카드·영향평가·규제 문서를 정확히 해석하고 업무 문서로 구조화할 수 있는 분
- AI 영향평가·NIST AI RMF 중 직무에 필요한 도구를 실무에 적용할 수 있는 분
- 유관 부서와 쟁점을 명확히 설명하고 일정에 맞춰 협업할 수 있는 분
- 문제 원인을 근거에 따라 분석하고 실행 가능한 대안을 제시할 수 있는 분
- 업무상 취급하는 개인정보와 기밀정보를 안전하게 관리할 수 있는 분
- AI윤리전문가 또는 유사 분야의 2년 이상 실무 경험을 보유한 분","- IAPP CIPP/E 보유자
- ISO/IEC 42001 Lead Implementer 보유자
- 개인정보보호사(CPPG) 보유자
- AI 위험·공정성·개인정보 거버넌스 관련 프로젝트를 기획부터 결과 검토까지 수행한 경험
- AI 영향평가·NIST AI RMF를 활용해 반복 업무를 개선하거나 품질 기준을 정립한 경험
- 외부 파트너 또는 다양한 이해관계자와 복잡한 요구사항을 조율한 경험","- 지원서 또는 제출서류를 허위로 기재한 경우
- 채용 과정에서 부정한 방법을 사용한 경우
- 채용검진 결과 직무 수행이 어렵다고 판단되는 경우
- 관련 법령 또는 내부 인사규정상 채용이 불가능한 경우",서류전형 > 인성검사 > 실무면접 > 최종면접
AI윤리전문가 인재 채용,106,19,20260404,20260518,5,신입·경력,정규직,경기도,학사 이상,"중견기업 전략 조직에서 AI 위험·공정성·개인정보 거버넌스를 담당할 AI윤리전문가를 모집합니다. 이 포지션은 현장의 요구를 실행 가능한 계획과 결과물로 연결하는 역할입니다.

담당 범위는 모델 카드·영향평가·규제 문서를 바탕으로 기준을 수립하고, 우선순위에 따라 과제를 실행하며 품질과 일정을 함께 관리하는 것입니다.

법무·사무·총무 조직의 동료와 재무·영업·개발·운영 등 유관 부서, 필요한 경우 외부 파트너와 협업해 의사결정에 필요한 정보를 정리합니다.

이슈가 발생하면 사실과 데이터를 먼저 확인하고 원인을 구분한 뒤, 대안을 비교해 합의된 조치를 실행하고 재발 방지 내용을 문서화합니다.

입사 초기에는 기존 자료와 업무 흐름을 파악하고 AI 영향평가·NIST AI RMF 환경을 익힌 뒤, 담당 영역의 개선 과제와 표준화 작업을 단계적으로 주도합니다.

성과는 결과물의 정확성, 일정 준수, 이해관계자와의 명확한 소통, 사용자와 사업에 미치는 영향을 기준으로 평가합니다.","- 요구사항을 세부 과제와 일정으로 구체화하고 진행 현황 관리
- 유관 부서 및 외부 파트너와 기준·일정·결과물 조율
- 검토 회의 운영과 의사결정 근거·변경 이력 문서화
- 성과지표 설정 및 결과 데이터 분석을 통한 개선안 제안
- 업무상 리스크 사전 점검과 문제 발생 시 원인 분석·후속 조치
- 재사용 가능한 체크리스트·가이드·템플릿 정비
- 고객 또는 내부 사용자의 피드백을 반영한 결과물 품질 개선","- AI 위험·공정성·개인정보 거버넌스 관련 지식 또는 프로젝트·실무 경험을 보유한 분
- 모델 카드·영향평가·규제 문서를 정확히 해석하고 업무 문서로 구조화할 수 있는 분
- AI 영향평가·NIST AI RMF 중 직무에 필요한 도구를 실무에 적용할 수 있는 분
- 유관 부서와 쟁점을 명확히 설명하고 일정에 맞춰 협업할 수 있는 분
- 문제 원인을 근거에 따라 분석하고 실행 가능한 대안을 제시할 수 있는 분","- ISO/IEC 42001 Lead Implementer 보유자
- 개인정보보호사(CPPG) 보유자
- IAPP CIPP/E 보유자
- AI 위험·공정성·개인정보 거버넌스 관련 프로젝트를 기획부터 결과 검토까지 수행한 경험","- 제출한 경력·자격 증빙이 사실과 다른 경우
- 정해진 기한까지 필수 증빙서류를 제출하지 않은 경우
- 해외여행 및 근무에 결격사유가 있는 경우
- 채용 관련 비밀유지 의무를 위반한 경우",서류전형 > 직무과제 > 실무면접 > 처우협의
AI윤리전문가 공개채용,11,19,20260609,20260620,8,경력 3년 이상,무기계약직,인천광역시,학사 이상,"공공서비스 운영기관에서 AI 위험·공정성·개인정보 거버넌스를 담당할 AI윤리전문가를 모집합니다. 이 포지션은 현장의 요구를 실행 가능한 계획과 결과물로 연결하는 역할입니다.

담당 범위는 모델 카드·영향평가·규제 문서를 바탕으로 기준을 수립하고, 우선순위에 따라 과제를 실행하며 품질과 일정을 함께 관리하는 것입니다.

법무·사무·총무 조직의 동료와 재무·영업·개발·운영 등 유관 부서, 필요한 경우 외부 파트너와 협업해 의사결정에 필요한 정보를 정리합니다.

이슈가 발생하면 사실과 데이터를 먼저 확인하고 원인을 구분한 뒤, 대안을 비교해 합의된 조치를 실행하고 재발 방지 내용을 문서화합니다.

입사 초기에는 기존 자료와 업무 흐름을 파악하고 AI 영향평가·NIST AI RMF 환경을 익힌 뒤, 담당 영역의 개선 과제와 표준화 작업을 단계적으로 주도합니다.

성과는 결과물의 정확성, 일정 준수, 이해관계자와의 명확한 소통, 사용자와 사업에 미치는 영향을 기준으로 평가합니다.","- 유관 부서 및 외부 파트너와 기준·일정·결과물 조율
- 검토 회의 운영과 의사결정 근거·변경 이력 문서화
- 성과지표 설정 및 결과 데이터 분석을 통한 개선안 제안
- 업무상 리스크 사전 점검과 문제 발생 시 원인 분석·후속 조치
- 재사용 가능한 체크리스트·가이드·템플릿 정비
- 고객 또는 내부 사용자의 피드백을 반영한 결과물 품질 개선
- AI 위험·공정성·개인정보 거버넌스 관련 연간·분기 실행계획 수립
- 모델 카드·영향평가·규제 문서 수집·정리 및 핵심 이슈 분석","- AI 위험·공정성·개인정보 거버넌스 관련 지식 또는 프로젝트·실무 경험을 보유한 분
- 모델 카드·영향평가·규제 문서를 정확히 해석하고 업무 문서로 구조화할 수 있는 분
- AI 영향평가·NIST AI RMF 중 직무에 필요한 도구를 실무에 적용할 수 있는 분
- 유관 부서와 쟁점을 명확히 설명하고 일정에 맞춰 협업할 수 있는 분
- 문제 원인을 근거에 따라 분석하고 실행 가능한 대안을 제시할 수 있는 분
- 업무상 취급하는 개인정보와 기밀정보를 안전하게 관리할 수 있는 분","- 개인정보보호사(CPPG) 보유자
- IAPP CIPP/E 보유자
- ISO/IEC 42001 Lead Implementer 보유자
- AI 위험·공정성·개인정보 거버넌스 관련 프로젝트를 기획부터 결과 검토까지 수행한 경험
- AI 영향평가·NIST AI RMF를 활용해 반복 업무를 개선하거나 품질 기준을 정립한 경험","- 지원 자격 또는 필수 면허 요건을 충족하지 못한 경우
- 전형 과정에서 타인의 결과물을 무단 사용한 경우
- 채용검진 결과 담당 업무 수행이 곤란한 경우
- 관계 법령상 취업이 제한되는 경우",서류전형 > 1차면접 > 2차면접 > 채용검진
AI윤리전문가 프로젝트 담당 모집,117,19,20260814,20260828,11,경력 무관,정규직,대전광역시,석사 이상,"전문 컨설팅 조직에서 AI 위험·공정성·개인정보 거버넌스를 담당할 AI윤리전문가를 모집합니다. 이 포지션은 현장의 요구를 실행 가능한 계획과 결과물로 연결하는 역할입니다.

담당 범위는 모델 카드·영향평가·규제 문서를 바탕으로 기준을 수립하고, 우선순위에 따라 과제를 실행하며 품질과 일정을 함께 관리하는 것입니다.

법무·사무·총무 조직의 동료와 재무·영업·개발·운영 등 유관 부서, 필요한 경우 외부 파트너와 협업해 의사결정에 필요한 정보를 정리합니다.

이슈가 발생하면 사실과 데이터를 먼저 확인하고 원인을 구분한 뒤, 대안을 비교해 합의된 조치를 실행하고 재발 방지 내용을 문서화합니다.

입사 초기에는 기존 자료와 업무 흐름을 파악하고 AI 영향평가·NIST AI RMF 환경을 익힌 뒤, 담당 영역의 개선 과제와 표준화 작업을 단계적으로 주도합니다.

성과는 결과물의 정확성, 일정 준수, 이해관계자와의 명확한 소통, 사용자와 사업에 미치는 영향을 기준으로 평가합니다.","- 검토 회의 운영과 의사결정 근거·변경 이력 문서화
- 성과지표 설정 및 결과 데이터 분석을 통한 개선안 제안
- 업무상 리스크 사전 점검과 문제 발생 시 원인 분석·후속 조치
- 재사용 가능한 체크리스트·가이드·템플릿 정비
- 고객 또는 내부 사용자의 피드백을 반영한 결과물 품질 개선
- AI 위험·공정성·개인정보 거버넌스 관련 연간·분기 실행계획 수립
- 모델 카드·영향평가·규제 문서 수집·정리 및 핵심 이슈 분석
- AI 영향평가·NIST AI RMF를 활용한 업무 산출물 작성과 버전 관리
- 요구사항을 세부 과제와 일정으로 구체화하고 진행 현황 관리","- AI 위험·공정성·개인정보 거버넌스 관련 지식 또는 프로젝트·실무 경험을 보유한 분
- 모델 카드·영향평가·규제 문서를 정확히 해석하고 업무 문서로 구조화할 수 있는 분
- AI 영향평가·NIST AI RMF 중 직무에 필요한 도구를 실무에 적용할 수 있는 분
- 유관 부서와 쟁점을 명확히 설명하고 일정에 맞춰 협업할 수 있는 분
- 문제 원인을 근거에 따라 분석하고 실행 가능한 대안을 제시할 수 있는 분
- 업무상 취급하는 개인정보와 기밀정보를 안전하게 관리할 수 있는 분
- 새로운 업무 기준과 도구를 빠르게 학습할 수 있는 분","- IAPP CIPP/E 보유자
- ISO/IEC 42001 Lead Implementer 보유자
- 개인정보보호사(CPPG) 보유자
- AI 위험·공정성·개인정보 거버넌스 관련 프로젝트를 기획부터 결과 검토까지 수행한 경험
- AI 영향평가·NIST AI RMF를 활용해 반복 업무를 개선하거나 품질 기준을 정립한 경험
- 외부 파트너 또는 다양한 이해관계자와 복잡한 요구사항을 조율한 경험","- 지원서 또는 제출서류를 허위로 기재한 경우
- 채용 과정에서 부정한 방법을 사용한 경우
- 채용검진 결과 직무 수행이 어렵다고 판단되는 경우
- 관련 법령 또는 내부 인사규정상 채용이 불가능한 경우",서류전형 > 필기전형 > 면접전형 > 최종합격
AI윤리전문가 운영 담당자 채용,84,19,20261019,20261105,14,경력 5년 이상,기간제,부산광역시,학력무관,"글로벌 사업 조직에서 AI 위험·공정성·개인정보 거버넌스를 담당할 AI윤리전문가를 모집합니다. 이 포지션은 현장의 요구를 실행 가능한 계획과 결과물로 연결하는 역할입니다.

담당 범위는 모델 카드·영향평가·규제 문서를 바탕으로 기준을 수립하고, 우선순위에 따라 과제를 실행하며 품질과 일정을 함께 관리하는 것입니다.

법무·사무·총무 조직의 동료와 재무·영업·개발·운영 등 유관 부서, 필요한 경우 외부 파트너와 협업해 의사결정에 필요한 정보를 정리합니다.

이슈가 발생하면 사실과 데이터를 먼저 확인하고 원인을 구분한 뒤, 대안을 비교해 합의된 조치를 실행하고 재발 방지 내용을 문서화합니다.

입사 초기에는 기존 자료와 업무 흐름을 파악하고 AI 영향평가·NIST AI RMF 환경을 익힌 뒤, 담당 영역의 개선 과제와 표준화 작업을 단계적으로 주도합니다.

성과는 결과물의 정확성, 일정 준수, 이해관계자와의 명확한 소통, 사용자와 사업에 미치는 영향을 기준으로 평가합니다.","- 성과지표 설정 및 결과 데이터 분석을 통한 개선안 제안
- 업무상 리스크 사전 점검과 문제 발생 시 원인 분석·후속 조치
- 재사용 가능한 체크리스트·가이드·템플릿 정비
- 고객 또는 내부 사용자의 피드백을 반영한 결과물 품질 개선
- AI 위험·공정성·개인정보 거버넌스 관련 연간·분기 실행계획 수립
- 모델 카드·영향평가·규제 문서 수집·정리 및 핵심 이슈 분석
- AI 영향평가·NIST AI RMF를 활용한 업무 산출물 작성과 버전 관리","- AI 위험·공정성·개인정보 거버넌스 관련 지식 또는 프로젝트·실무 경험을 보유한 분
- 모델 카드·영향평가·규제 문서를 정확히 해석하고 업무 문서로 구조화할 수 있는 분
- AI 영향평가·NIST AI RMF 중 직무에 필요한 도구를 실무에 적용할 수 있는 분
- 유관 부서와 쟁점을 명확히 설명하고 일정에 맞춰 협업할 수 있는 분
- 문제 원인을 근거에 따라 분석하고 실행 가능한 대안을 제시할 수 있는 분","- ISO/IEC 42001 Lead Implementer 보유자
- 개인정보보호사(CPPG) 보유자
- IAPP CIPP/E 보유자
- AI 위험·공정성·개인정보 거버넌스 관련 프로젝트를 기획부터 결과 검토까지 수행한 경험","- 제출한 경력·자격 증빙이 사실과 다른 경우
- 정해진 기한까지 필수 증빙서류를 제출하지 않은 경우
- 해외여행 및 근무에 결격사유가 있는 경우
- 채용 관련 비밀유지 의무를 위반한 경우",서류전형 > 실무면접 > 최종면접
AI윤리전문가 핵심인재 모집,125,19,20260101,20260121,17,경력,정규직,광주광역시,전문학사 이상,"연구개발 중심 조직에서 AI 위험·공정성·개인정보 거버넌스를 담당할 AI윤리전문가를 모집합니다. 이 포지션은 현장의 요구를 실행 가능한 계획과 결과물로 연결하는 역할입니다.

담당 범위는 모델 카드·영향평가·규제 문서를 바탕으로 기준을 수립하고, 우선순위에 따라 과제를 실행하며 품질과 일정을 함께 관리하는 것입니다.

법무·사무·총무 조직의 동료와 재무·영업·개발·운영 등 유관 부서, 필요한 경우 외부 파트너와 협업해 의사결정에 필요한 정보를 정리합니다.

이슈가 발생하면 사실과 데이터를 먼저 확인하고 원인을 구분한 뒤, 대안을 비교해 합의된 조치를 실행하고 재발 방지 내용을 문서화합니다.

입사 초기에는 기존 자료와 업무 흐름을 파악하고 AI 영향평가·NIST AI RMF 환경을 익힌 뒤, 담당 영역의 개선 과제와 표준화 작업을 단계적으로 주도합니다.

성과는 결과물의 정확성, 일정 준수, 이해관계자와의 명확한 소통, 사용자와 사업에 미치는 영향을 기준으로 평가합니다.","- 업무상 리스크 사전 점검과 문제 발생 시 원인 분석·후속 조치
- 재사용 가능한 체크리스트·가이드·템플릿 정비
- 고객 또는 내부 사용자의 피드백을 반영한 결과물 품질 개선
- AI 위험·공정성·개인정보 거버넌스 관련 연간·분기 실행계획 수립
- 모델 카드·영향평가·규제 문서 수집·정리 및 핵심 이슈 분석
- AI 영향평가·NIST AI RMF를 활용한 업무 산출물 작성과 버전 관리
- 요구사항을 세부 과제와 일정으로 구체화하고 진행 현황 관리
- 유관 부서 및 외부 파트너와 기준·일정·결과물 조율","- AI 위험·공정성·개인정보 거버넌스 관련 지식 또는 프로젝트·실무 경험을 보유한 분
- 모델 카드·영향평가·규제 문서를 정확히 해석하고 업무 문서로 구조화할 수 있는 분
- AI 영향평가·NIST AI RMF 중 직무에 필요한 도구를 실무에 적용할 수 있는 분
- 유관 부서와 쟁점을 명확히 설명하고 일정에 맞춰 협업할 수 있는 분
- 문제 원인을 근거에 따라 분석하고 실행 가능한 대안을 제시할 수 있는 분
- 업무상 취급하는 개인정보와 기밀정보를 안전하게 관리할 수 있는 분","- 개인정보보호사(CPPG) 보유자
- IAPP CIPP/E 보유자
- ISO/IEC 42001 Lead Implementer 보유자
- AI 위험·공정성·개인정보 거버넌스 관련 프로젝트를 기획부터 결과 검토까지 수행한 경험
- AI 영향평가·NIST AI RMF를 활용해 반복 업무를 개선하거나 품질 기준을 정립한 경험","- 지원 자격 또는 필수 면허 요건을 충족하지 못한 경우
- 전형 과정에서 타인의 결과물을 무단 사용한 경우
- 채용검진 결과 담당 업무 수행이 곤란한 경우
- 관계 법령상 취업이 제한되는 경우",서류전형 > 인성검사 > 실무면접 > 최종면접
AI윤리전문가 전문가 채용,137,19,20260306,20260329,20,신입·경력,계약직,세종특별자치시,학사 이상,"플랫폼 운영 조직에서 AI 위험·공정성·개인정보 거버넌스를 담당할 AI윤리전문가를 모집합니다. 이 포지션은 현장의 요구를 실행 가능한 계획과 결과물로 연결하는 역할입니다.

담당 범위는 모델 카드·영향평가·규제 문서를 바탕으로 기준을 수립하고, 우선순위에 따라 과제를 실행하며 품질과 일정을 함께 관리하는 것입니다.

법무·사무·총무 조직의 동료와 재무·영업·개발·운영 등 유관 부서, 필요한 경우 외부 파트너와 협업해 의사결정에 필요한 정보를 정리합니다.

이슈가 발생하면 사실과 데이터를 먼저 확인하고 원인을 구분한 뒤, 대안을 비교해 합의된 조치를 실행하고 재발 방지 내용을 문서화합니다.

입사 초기에는 기존 자료와 업무 흐름을 파악하고 AI 영향평가·NIST AI RMF 환경을 익힌 뒤, 담당 영역의 개선 과제와 표준화 작업을 단계적으로 주도합니다.

성과는 결과물의 정확성, 일정 준수, 이해관계자와의 명확한 소통, 사용자와 사업에 미치는 영향을 기준으로 평가합니다.","- 재사용 가능한 체크리스트·가이드·템플릿 정비
- 고객 또는 내부 사용자의 피드백을 반영한 결과물 품질 개선
- AI 위험·공정성·개인정보 거버넌스 관련 연간·분기 실행계획 수립
- 모델 카드·영향평가·규제 문서 수집·정리 및 핵심 이슈 분석
- AI 영향평가·NIST AI RMF를 활용한 업무 산출물 작성과 버전 관리
- 요구사항을 세부 과제와 일정으로 구체화하고 진행 현황 관리
- 유관 부서 및 외부 파트너와 기준·일정·결과물 조율
- 검토 회의 운영과 의사결정 근거·변경 이력 문서화
- 성과지표 설정 및 결과 데이터 분석을 통한 개선안 제안","- AI 위험·공정성·개인정보 거버넌스 관련 지식 또는 프로젝트·실무 경험을 보유한 분
- 모델 카드·영향평가·규제 문서를 정확히 해석하고 업무 문서로 구조화할 수 있는 분
- AI 영향평가·NIST AI RMF 중 직무에 필요한 도구를 실무에 적용할 수 있는 분
- 유관 부서와 쟁점을 명확히 설명하고 일정에 맞춰 협업할 수 있는 분
- 문제 원인을 근거에 따라 분석하고 실행 가능한 대안을 제시할 수 있는 분
- 업무상 취급하는 개인정보와 기밀정보를 안전하게 관리할 수 있는 분
- AI윤리전문가 또는 유사 분야의 신입·경력 실무 경험을 보유한 분","- IAPP CIPP/E 보유자
- ISO/IEC 42001 Lead Implementer 보유자
- 개인정보보호사(CPPG) 보유자
- AI 위험·공정성·개인정보 거버넌스 관련 프로젝트를 기획부터 결과 검토까지 수행한 경험
- AI 영향평가·NIST AI RMF를 활용해 반복 업무를 개선하거나 품질 기준을 정립한 경험
- 외부 파트너 또는 다양한 이해관계자와 복잡한 요구사항을 조율한 경험","- 지원서 또는 제출서류를 허위로 기재한 경우
- 채용 과정에서 부정한 방법을 사용한 경우
- 채용검진 결과 직무 수행이 어렵다고 판단되는 경우
- 관련 법령 또는 내부 인사규정상 채용이 불가능한 경우",서류전형 > 직무과제 > 실무면접 > 처우협의
AI윤리전문가 신규 인력 모집,25,19,20260511,20260606,3,경력 2년 이상,정규직,충청남도,학사 이상,"브랜드 사업 조직에서 AI 위험·공정성·개인정보 거버넌스를 담당할 AI윤리전문가를 모집합니다. 이 포지션은 현장의 요구를 실행 가능한 계획과 결과물로 연결하는 역할입니다.

담당 범위는 모델 카드·영향평가·규제 문서를 바탕으로 기준을 수립하고, 우선순위에 따라 과제를 실행하며 품질과 일정을 함께 관리하는 것입니다.

법무·사무·총무 조직의 동료와 재무·영업·개발·운영 등 유관 부서, 필요한 경우 외부 파트너와 협업해 의사결정에 필요한 정보를 정리합니다.

이슈가 발생하면 사실과 데이터를 먼저 확인하고 원인을 구분한 뒤, 대안을 비교해 합의된 조치를 실행하고 재발 방지 내용을 문서화합니다.

입사 초기에는 기존 자료와 업무 흐름을 파악하고 AI 영향평가·NIST AI RMF 환경을 익힌 뒤, 담당 영역의 개선 과제와 표준화 작업을 단계적으로 주도합니다.

성과는 결과물의 정확성, 일정 준수, 이해관계자와의 명확한 소통, 사용자와 사업에 미치는 영향을 기준으로 평가합니다.","- 고객 또는 내부 사용자의 피드백을 반영한 결과물 품질 개선
- AI 위험·공정성·개인정보 거버넌스 관련 연간·분기 실행계획 수립
- 모델 카드·영향평가·규제 문서 수집·정리 및 핵심 이슈 분석
- AI 영향평가·NIST AI RMF를 활용한 업무 산출물 작성과 버전 관리
- 요구사항을 세부 과제와 일정으로 구체화하고 진행 현황 관리
- 유관 부서 및 외부 파트너와 기준·일정·결과물 조율
- 검토 회의 운영과 의사결정 근거·변경 이력 문서화","- AI 위험·공정성·개인정보 거버넌스 관련 지식 또는 프로젝트·실무 경험을 보유한 분
- 모델 카드·영향평가·규제 문서를 정확히 해석하고 업무 문서로 구조화할 수 있는 분
- AI 영향평가·NIST AI RMF 중 직무에 필요한 도구를 실무에 적용할 수 있는 분
- 유관 부서와 쟁점을 명확히 설명하고 일정에 맞춰 협업할 수 있는 분
- 문제 원인을 근거에 따라 분석하고 실행 가능한 대안을 제시할 수 있는 분","- ISO/IEC 42001 Lead Implementer 보유자
- 개인정보보호사(CPPG) 보유자
- IAPP CIPP/E 보유자
- AI 위험·공정성·개인정보 거버넌스 관련 프로젝트를 기획부터 결과 검토까지 수행한 경험","- 제출한 경력·자격 증빙이 사실과 다른 경우
- 정해진 기한까지 필수 증빙서류를 제출하지 않은 경우
- 해외여행 및 근무에 결격사유가 있는 경우
- 채용 관련 비밀유지 의무를 위반한 경우",서류전형 > 1차면접 > 2차면접 > 채용검진
인사담당자 담당자 모집,65,20,20261015,20261126,1,신입,정규직,서울특별시,학력무관,"디지털 서비스 조직에서 채용·평가·보상 운영을 담당할 인사담당자를 모집합니다. 이 포지션은 현장의 요구를 실행 가능한 계획과 결과물로 연결하는 역할입니다.

담당 범위는 인사 데이터·근로계약·평가 기록를 바탕으로 기준을 수립하고, 우선순위에 따라 과제를 실행하며 품질과 일정을 함께 관리하는 것입니다.

인사·HR 조직의 동료와 재무·영업·개발·운영 등 유관 부서, 필요한 경우 외부 파트너와 협업해 의사결정에 필요한 정보를 정리합니다.

이슈가 발생하면 사실과 데이터를 먼저 확인하고 원인을 구분한 뒤, 대안을 비교해 합의된 조치를 실행하고 재발 방지 내용을 문서화합니다.

입사 초기에는 기존 자료와 업무 흐름을 파악하고 HRIS·Excel 환경을 익힌 뒤, 담당 영역의 개선 과제와 표준화 작업을 단계적으로 주도합니다.

성과는 결과물의 정확성, 일정 준수, 이해관계자와의 명확한 소통, 사용자와 사업에 미치는 영향을 기준으로 평가합니다.","- 채용·평가·보상 운영 관련 연간·분기 실행계획 수립
- 인사 데이터·근로계약·평가 기록 수집·정리 및 핵심 이슈 분석
- HRIS·Excel를 활용한 업무 산출물 작성과 버전 관리
- 요구사항을 세부 과제와 일정으로 구체화하고 진행 현황 관리
- 유관 부서 및 외부 파트너와 기준·일정·결과물 조율
- 검토 회의 운영과 의사결정 근거·변경 이력 문서화
- 성과지표 설정 및 결과 데이터 분석을 통한 개선안 제안","- 채용·평가·보상 운영 관련 지식 또는 프로젝트·실무 경험을 보유한 분
- 인사 데이터·근로계약·평가 기록를 정확히 해석하고 업무 문서로 구조화할 수 있는 분
- HRIS·Excel 중 직무에 필요한 도구를 실무에 적용할 수 있는 분
- 유관 부서와 쟁점을 명확히 설명하고 일정에 맞춰 협업할 수 있는 분
- 문제 원인을 근거에 따라 분석하고 실행 가능한 대안을 제시할 수 있는 분","- 공인노무사 보유자
- SHRM-CP 보유자
- ERP정보관리사 인사 1급 보유자
- 채용·평가·보상 운영 관련 프로젝트를 기획부터 결과 검토까지 수행한 경험","- 지원 자격 또는 필수 면허 요건을 충족하지 못한 경우
- 전형 과정에서 타인의 결과물을 무단 사용한 경우
- 채용검진 결과 담당 업무 수행이 곤란한 경우
- 관계 법령상 취업이 제한되는 경우",서류전형 > 실무면접 > 최종면접
인사담당자 실무자 채용,126,20,20260120,20260306,4,경력 2년 이상,계약직,경기도,전문학사 이상,"성장 단계 스타트업에서 채용·평가·보상 운영을 담당할 인사담당자를 모집합니다. 이 포지션은 현장의 요구를 실행 가능한 계획과 결과물로 연결하는 역할입니다.

담당 범위는 인사 데이터·근로계약·평가 기록를 바탕으로 기준을 수립하고, 우선순위에 따라 과제를 실행하며 품질과 일정을 함께 관리하는 것입니다.

인사·HR 조직의 동료와 재무·영업·개발·운영 등 유관 부서, 필요한 경우 외부 파트너와 협업해 의사결정에 필요한 정보를 정리합니다.

이슈가 발생하면 사실과 데이터를 먼저 확인하고 원인을 구분한 뒤, 대안을 비교해 합의된 조치를 실행하고 재발 방지 내용을 문서화합니다.

입사 초기에는 기존 자료와 업무 흐름을 파악하고 HRIS·Excel 환경을 익힌 뒤, 담당 영역의 개선 과제와 표준화 작업을 단계적으로 주도합니다.

성과는 결과물의 정확성, 일정 준수, 이해관계자와의 명확한 소통, 사용자와 사업에 미치는 영향을 기준으로 평가합니다.","- 인사 데이터·근로계약·평가 기록 수집·정리 및 핵심 이슈 분석
- HRIS·Excel를 활용한 업무 산출물 작성과 버전 관리
- 요구사항을 세부 과제와 일정으로 구체화하고 진행 현황 관리
- 유관 부서 및 외부 파트너와 기준·일정·결과물 조율
- 검토 회의 운영과 의사결정 근거·변경 이력 문서화
- 성과지표 설정 및 결과 데이터 분석을 통한 개선안 제안
- 업무상 리스크 사전 점검과 문제 발생 시 원인 분석·후속 조치
- 재사용 가능한 체크리스트·가이드·템플릿 정비","- 채용·평가·보상 운영 관련 지식 또는 프로젝트·실무 경험을 보유한 분
- 인사 데이터·근로계약·평가 기록를 정확히 해석하고 업무 문서로 구조화할 수 있는 분
- HRIS·Excel 중 직무에 필요한 도구를 실무에 적용할 수 있는 분
- 유관 부서와 쟁점을 명확히 설명하고 일정에 맞춰 협업할 수 있는 분
- 문제 원인을 근거에 따라 분석하고 실행 가능한 대안을 제시할 수 있는 분
- 업무상 취급하는 개인정보와 기밀정보를 안전하게 관리할 수 있는 분","- SHRM-CP 보유자
- ERP정보관리사 인사 1급 보유자
- 공인노무사 보유자
- 채용·평가·보상 운영 관련 프로젝트를 기획부터 결과 검토까지 수행한 경험
- HRIS·Excel를 활용해 반복 업무를 개선하거나 품질 기준을 정립한 경험","- 지원서 또는 제출서류를 허위로 기재한 경우
- 채용 과정에서 부정한 방법을 사용한 경우
- 채용검진 결과 직무 수행이 어렵다고 판단되는 경우
- 관련 법령 또는 내부 인사규정상 채용이 불가능한 경우",서류전형 > 인성검사 > 실무면접 > 최종면접
인사담당자 전문인력 모집,157,20,20260302,20260314,7,신입·경력,정규직,인천광역시,학사 이상,"중견기업 전략 조직에서 채용·평가·보상 운영을 담당할 인사담당자를 모집합니다. 이 포지션은 현장의 요구를 실행 가능한 계획과 결과물로 연결하는 역할입니다.

담당 범위는 인사 데이터·근로계약·평가 기록를 바탕으로 기준을 수립하고, 우선순위에 따라 과제를 실행하며 품질과 일정을 함께 관리하는 것입니다.

인사·HR 조직의 동료와 재무·영업·개발·운영 등 유관 부서, 필요한 경우 외부 파트너와 협업해 의사결정에 필요한 정보를 정리합니다.

이슈가 발생하면 사실과 데이터를 먼저 확인하고 원인을 구분한 뒤, 대안을 비교해 합의된 조치를 실행하고 재발 방지 내용을 문서화합니다.

입사 초기에는 기존 자료와 업무 흐름을 파악하고 HRIS·Excel 환경을 익힌 뒤, 담당 영역의 개선 과제와 표준화 작업을 단계적으로 주도합니다.

성과는 결과물의 정확성, 일정 준수, 이해관계자와의 명확한 소통, 사용자와 사업에 미치는 영향을 기준으로 평가합니다.","- HRIS·Excel를 활용한 업무 산출물 작성과 버전 관리
- 요구사항을 세부 과제와 일정으로 구체화하고 진행 현황 관리
- 유관 부서 및 외부 파트너와 기준·일정·결과물 조율
- 검토 회의 운영과 의사결정 근거·변경 이력 문서화
- 성과지표 설정 및 결과 데이터 분석을 통한 개선안 제안
- 업무상 리스크 사전 점검과 문제 발생 시 원인 분석·후속 조치
- 재사용 가능한 체크리스트·가이드·템플릿 정비
- 고객 또는 내부 사용자의 피드백을 반영한 결과물 품질 개선
- 채용·평가·보상 운영 관련 연간·분기 실행계획 수립","- 채용·평가·보상 운영 관련 지식 또는 프로젝트·실무 경험을 보유한 분
- 인사 데이터·근로계약·평가 기록를 정확히 해석하고 업무 문서로 구조화할 수 있는 분
- HRIS·Excel 중 직무에 필요한 도구를 실무에 적용할 수 있는 분
- 유관 부서와 쟁점을 명확히 설명하고 일정에 맞춰 협업할 수 있는 분
- 문제 원인을 근거에 따라 분석하고 실행 가능한 대안을 제시할 수 있는 분
- 업무상 취급하는 개인정보와 기밀정보를 안전하게 관리할 수 있는 분
- 인사담당자 또는 유사 분야의 신입·경력 실무 경험을 보유한 분","- ERP정보관리사 인사 1급 보유자
- 공인노무사 보유자
- SHRM-CP 보유자
- 채용·평가·보상 운영 관련 프로젝트를 기획부터 결과 검토까지 수행한 경험
- HRIS·Excel를 활용해 반복 업무를 개선하거나 품질 기준을 정립한 경험
- 외부 파트너 또는 다양한 이해관계자와 복잡한 요구사항을 조율한 경험","- 제출한 경력·자격 증빙이 사실과 다른 경우
- 정해진 기한까지 필수 증빙서류를 제출하지 않은 경우
- 해외여행 및 근무에 결격사유가 있는 경우
- 채용 관련 비밀유지 의무를 위반한 경우",서류전형 > 직무과제 > 실무면접 > 처우협의
인사담당자 인재 채용,9,20,20260507,20260522,10,경력 3년 이상,무기계약직,대전광역시,학사 이상,"공공서비스 운영기관에서 채용·평가·보상 운영을 담당할 인사담당자를 모집합니다. 이 포지션은 현장의 요구를 실행 가능한 계획과 결과물로 연결하는 역할입니다.

담당 범위는 인사 데이터·근로계약·평가 기록를 바탕으로 기준을 수립하고, 우선순위에 따라 과제를 실행하며 품질과 일정을 함께 관리하는 것입니다.

인사·HR 조직의 동료와 재무·영업·개발·운영 등 유관 부서, 필요한 경우 외부 파트너와 협업해 의사결정에 필요한 정보를 정리합니다.

이슈가 발생하면 사실과 데이터를 먼저 확인하고 원인을 구분한 뒤, 대안을 비교해 합의된 조치를 실행하고 재발 방지 내용을 문서화합니다.

입사 초기에는 기존 자료와 업무 흐름을 파악하고 HRIS·Excel 환경을 익힌 뒤, 담당 영역의 개선 과제와 표준화 작업을 단계적으로 주도합니다.

성과는 결과물의 정확성, 일정 준수, 이해관계자와의 명확한 소통, 사용자와 사업에 미치는 영향을 기준으로 평가합니다.","- 요구사항을 세부 과제와 일정으로 구체화하고 진행 현황 관리
- 유관 부서 및 외부 파트너와 기준·일정·결과물 조율
- 검토 회의 운영과 의사결정 근거·변경 이력 문서화
- 성과지표 설정 및 결과 데이터 분석을 통한 개선안 제안
- 업무상 리스크 사전 점검과 문제 발생 시 원인 분석·후속 조치
- 재사용 가능한 체크리스트·가이드·템플릿 정비
- 고객 또는 내부 사용자의 피드백을 반영한 결과물 품질 개선","- 채용·평가·보상 운영 관련 지식 또는 프로젝트·실무 경험을 보유한 분
- 인사 데이터·근로계약·평가 기록를 정확히 해석하고 업무 문서로 구조화할 수 있는 분
- HRIS·Excel 중 직무에 필요한 도구를 실무에 적용할 수 있는 분
- 유관 부서와 쟁점을 명확히 설명하고 일정에 맞춰 협업할 수 있는 분
- 문제 원인을 근거에 따라 분석하고 실행 가능한 대안을 제시할 수 있는 분","- 공인노무사 보유자
- SHRM-CP 보유자
- ERP정보관리사 인사 1급 보유자
- 채용·평가·보상 운영 관련 프로젝트를 기획부터 결과 검토까지 수행한 경험","- 지원 자격 또는 필수 면허 요건을 충족하지 못한 경우
- 전형 과정에서 타인의 결과물을 무단 사용한 경우
- 채용검진 결과 담당 업무 수행이 곤란한 경우
- 관계 법령상 취업이 제한되는 경우",서류전형 > 1차면접 > 2차면접 > 채용검진
인사담당자 공개채용,81,20,20260712,20260730,13,경력 무관,정규직,부산광역시,석사 이상,"전문 컨설팅 조직에서 채용·평가·보상 운영을 담당할 인사담당자를 모집합니다. 이 포지션은 현장의 요구를 실행 가능한 계획과 결과물로 연결하는 역할입니다.

담당 범위는 인사 데이터·근로계약·평가 기록를 바탕으로 기준을 수립하고, 우선순위에 따라 과제를 실행하며 품질과 일정을 함께 관리하는 것입니다.

인사·HR 조직의 동료와 재무·영업·개발·운영 등 유관 부서, 필요한 경우 외부 파트너와 협업해 의사결정에 필요한 정보를 정리합니다.

이슈가 발생하면 사실과 데이터를 먼저 확인하고 원인을 구분한 뒤, 대안을 비교해 합의된 조치를 실행하고 재발 방지 내용을 문서화합니다.

입사 초기에는 기존 자료와 업무 흐름을 파악하고 HRIS·Excel 환경을 익힌 뒤, 담당 영역의 개선 과제와 표준화 작업을 단계적으로 주도합니다.

성과는 결과물의 정확성, 일정 준수, 이해관계자와의 명확한 소통, 사용자와 사업에 미치는 영향을 기준으로 평가합니다.","- 유관 부서 및 외부 파트너와 기준·일정·결과물 조율
- 검토 회의 운영과 의사결정 근거·변경 이력 문서화
- 성과지표 설정 및 결과 데이터 분석을 통한 개선안 제안
- 업무상 리스크 사전 점검과 문제 발생 시 원인 분석·후속 조치
- 재사용 가능한 체크리스트·가이드·템플릿 정비
- 고객 또는 내부 사용자의 피드백을 반영한 결과물 품질 개선
- 채용·평가·보상 운영 관련 연간·분기 실행계획 수립
- 인사 데이터·근로계약·평가 기록 수집·정리 및 핵심 이슈 분석","- 채용·평가·보상 운영 관련 지식 또는 프로젝트·실무 경험을 보유한 분
- 인사 데이터·근로계약·평가 기록를 정확히 해석하고 업무 문서로 구조화할 수 있는 분
- HRIS·Excel 중 직무에 필요한 도구를 실무에 적용할 수 있는 분
- 유관 부서와 쟁점을 명확히 설명하고 일정에 맞춰 협업할 수 있는 분
- 문제 원인을 근거에 따라 분석하고 실행 가능한 대안을 제시할 수 있는 분
- 업무상 취급하는 개인정보와 기밀정보를 안전하게 관리할 수 있는 분","- SHRM-CP 보유자
- ERP정보관리사 인사 1급 보유자
- 공인노무사 보유자
- 채용·평가·보상 운영 관련 프로젝트를 기획부터 결과 검토까지 수행한 경험
- HRIS·Excel를 활용해 반복 업무를 개선하거나 품질 기준을 정립한 경험","- 지원서 또는 제출서류를 허위로 기재한 경우
- 채용 과정에서 부정한 방법을 사용한 경우
- 채용검진 결과 직무 수행이 어렵다고 판단되는 경우
- 관련 법령 또는 내부 인사규정상 채용이 불가능한 경우",서류전형 > 필기전형 > 면접전형 > 최종합격
인사담당자 프로젝트 담당 모집,116,20,20260917,20261008,16,경력 5년 이상,기간제,광주광역시,학력무관,"글로벌 사업 조직에서 채용·평가·보상 운영을 담당할 인사담당자를 모집합니다. 이 포지션은 현장의 요구를 실행 가능한 계획과 결과물로 연결하는 역할입니다.

담당 범위는 인사 데이터·근로계약·평가 기록를 바탕으로 기준을 수립하고, 우선순위에 따라 과제를 실행하며 품질과 일정을 함께 관리하는 것입니다.

인사·HR 조직의 동료와 재무·영업·개발·운영 등 유관 부서, 필요한 경우 외부 파트너와 협업해 의사결정에 필요한 정보를 정리합니다.

이슈가 발생하면 사실과 데이터를 먼저 확인하고 원인을 구분한 뒤, 대안을 비교해 합의된 조치를 실행하고 재발 방지 내용을 문서화합니다.

입사 초기에는 기존 자료와 업무 흐름을 파악하고 HRIS·Excel 환경을 익힌 뒤, 담당 영역의 개선 과제와 표준화 작업을 단계적으로 주도합니다.

성과는 결과물의 정확성, 일정 준수, 이해관계자와의 명확한 소통, 사용자와 사업에 미치는 영향을 기준으로 평가합니다.","- 검토 회의 운영과 의사결정 근거·변경 이력 문서화
- 성과지표 설정 및 결과 데이터 분석을 통한 개선안 제안
- 업무상 리스크 사전 점검과 문제 발생 시 원인 분석·후속 조치
- 재사용 가능한 체크리스트·가이드·템플릿 정비
- 고객 또는 내부 사용자의 피드백을 반영한 결과물 품질 개선
- 채용·평가·보상 운영 관련 연간·분기 실행계획 수립
- 인사 데이터·근로계약·평가 기록 수집·정리 및 핵심 이슈 분석
- HRIS·Excel를 활용한 업무 산출물 작성과 버전 관리
- 요구사항을 세부 과제와 일정으로 구체화하고 진행 현황 관리","- 채용·평가·보상 운영 관련 지식 또는 프로젝트·실무 경험을 보유한 분
- 인사 데이터·근로계약·평가 기록를 정확히 해석하고 업무 문서로 구조화할 수 있는 분
- HRIS·Excel 중 직무에 필요한 도구를 실무에 적용할 수 있는 분
- 유관 부서와 쟁점을 명확히 설명하고 일정에 맞춰 협업할 수 있는 분
- 문제 원인을 근거에 따라 분석하고 실행 가능한 대안을 제시할 수 있는 분
- 업무상 취급하는 개인정보와 기밀정보를 안전하게 관리할 수 있는 분
- 인사담당자 또는 유사 분야의 5년 이상 실무 경험을 보유한 분","- ERP정보관리사 인사 1급 보유자
- 공인노무사 보유자
- SHRM-CP 보유자
- 채용·평가·보상 운영 관련 프로젝트를 기획부터 결과 검토까지 수행한 경험
- HRIS·Excel를 활용해 반복 업무를 개선하거나 품질 기준을 정립한 경험
- 외부 파트너 또는 다양한 이해관계자와 복잡한 요구사항을 조율한 경험","- 제출한 경력·자격 증빙이 사실과 다른 경우
- 정해진 기한까지 필수 증빙서류를 제출하지 않은 경우
- 해외여행 및 근무에 결격사유가 있는 경우
- 채용 관련 비밀유지 의무를 위반한 경우",서류전형 > 실무면접 > 최종면접
인사담당자 운영 담당자 채용,55,20,20261122,20261216,19,경력,정규직,세종특별자치시,전문학사 이상,"연구개발 중심 조직에서 채용·평가·보상 운영을 담당할 인사담당자를 모집합니다. 이 포지션은 현장의 요구를 실행 가능한 계획과 결과물로 연결하는 역할입니다.

담당 범위는 인사 데이터·근로계약·평가 기록를 바탕으로 기준을 수립하고, 우선순위에 따라 과제를 실행하며 품질과 일정을 함께 관리하는 것입니다.

인사·HR 조직의 동료와 재무·영업·개발·운영 등 유관 부서, 필요한 경우 외부 파트너와 협업해 의사결정에 필요한 정보를 정리합니다.

이슈가 발생하면 사실과 데이터를 먼저 확인하고 원인을 구분한 뒤, 대안을 비교해 합의된 조치를 실행하고 재발 방지 내용을 문서화합니다.

입사 초기에는 기존 자료와 업무 흐름을 파악하고 HRIS·Excel 환경을 익힌 뒤, 담당 영역의 개선 과제와 표준화 작업을 단계적으로 주도합니다.

성과는 결과물의 정확성, 일정 준수, 이해관계자와의 명확한 소통, 사용자와 사업에 미치는 영향을 기준으로 평가합니다.","- 성과지표 설정 및 결과 데이터 분석을 통한 개선안 제안
- 업무상 리스크 사전 점검과 문제 발생 시 원인 분석·후속 조치
- 재사용 가능한 체크리스트·가이드·템플릿 정비
- 고객 또는 내부 사용자의 피드백을 반영한 결과물 품질 개선
- 채용·평가·보상 운영 관련 연간·분기 실행계획 수립
- 인사 데이터·근로계약·평가 기록 수집·정리 및 핵심 이슈 분석
- HRIS·Excel를 활용한 업무 산출물 작성과 버전 관리","- 채용·평가·보상 운영 관련 지식 또는 프로젝트·실무 경험을 보유한 분
- 인사 데이터·근로계약·평가 기록를 정확히 해석하고 업무 문서로 구조화할 수 있는 분
- HRIS·Excel 중 직무에 필요한 도구를 실무에 적용할 수 있는 분
- 유관 부서와 쟁점을 명확히 설명하고 일정에 맞춰 협업할 수 있는 분
- 문제 원인을 근거에 따라 분석하고 실행 가능한 대안을 제시할 수 있는 분","- 공인노무사 보유자
- SHRM-CP 보유자
- ERP정보관리사 인사 1급 보유자
- 채용·평가·보상 운영 관련 프로젝트를 기획부터 결과 검토까지 수행한 경험","- 지원 자격 또는 필수 면허 요건을 충족하지 못한 경우
- 전형 과정에서 타인의 결과물을 무단 사용한 경우
- 채용검진 결과 담당 업무 수행이 곤란한 경우
- 관계 법령상 취업이 제한되는 경우",서류전형 > 인성검사 > 실무면접 > 최종면접
인사담당자 핵심인재 모집,31,20,20260204,20260303,2,신입·경력,계약직,충청남도,학사 이상,"플랫폼 운영 조직에서 채용·평가·보상 운영을 담당할 인사담당자를 모집합니다. 이 포지션은 현장의 요구를 실행 가능한 계획과 결과물로 연결하는 역할입니다.

담당 범위는 인사 데이터·근로계약·평가 기록를 바탕으로 기준을 수립하고, 우선순위에 따라 과제를 실행하며 품질과 일정을 함께 관리하는 것입니다.

인사·HR 조직의 동료와 재무·영업·개발·운영 등 유관 부서, 필요한 경우 외부 파트너와 협업해 의사결정에 필요한 정보를 정리합니다.

이슈가 발생하면 사실과 데이터를 먼저 확인하고 원인을 구분한 뒤, 대안을 비교해 합의된 조치를 실행하고 재발 방지 내용을 문서화합니다.

입사 초기에는 기존 자료와 업무 흐름을 파악하고 HRIS·Excel 환경을 익힌 뒤, 담당 영역의 개선 과제와 표준화 작업을 단계적으로 주도합니다.

성과는 결과물의 정확성, 일정 준수, 이해관계자와의 명확한 소통, 사용자와 사업에 미치는 영향을 기준으로 평가합니다.","- 업무상 리스크 사전 점검과 문제 발생 시 원인 분석·후속 조치
- 재사용 가능한 체크리스트·가이드·템플릿 정비
- 고객 또는 내부 사용자의 피드백을 반영한 결과물 품질 개선
- 채용·평가·보상 운영 관련 연간·분기 실행계획 수립
- 인사 데이터·근로계약·평가 기록 수집·정리 및 핵심 이슈 분석
- HRIS·Excel를 활용한 업무 산출물 작성과 버전 관리
- 요구사항을 세부 과제와 일정으로 구체화하고 진행 현황 관리
- 유관 부서 및 외부 파트너와 기준·일정·결과물 조율","- 채용·평가·보상 운영 관련 지식 또는 프로젝트·실무 경험을 보유한 분
- 인사 데이터·근로계약·평가 기록를 정확히 해석하고 업무 문서로 구조화할 수 있는 분
- HRIS·Excel 중 직무에 필요한 도구를 실무에 적용할 수 있는 분
- 유관 부서와 쟁점을 명확히 설명하고 일정에 맞춰 협업할 수 있는 분
- 문제 원인을 근거에 따라 분석하고 실행 가능한 대안을 제시할 수 있는 분
- 업무상 취급하는 개인정보와 기밀정보를 안전하게 관리할 수 있는 분","- SHRM-CP 보유자
- ERP정보관리사 인사 1급 보유자
- 공인노무사 보유자
- 채용·평가·보상 운영 관련 프로젝트를 기획부터 결과 검토까지 수행한 경험
- HRIS·Excel를 활용해 반복 업무를 개선하거나 품질 기준을 정립한 경험","- 지원서 또는 제출서류를 허위로 기재한 경우
- 채용 과정에서 부정한 방법을 사용한 경우
- 채용검진 결과 직무 수행이 어렵다고 판단되는 경우
- 관련 법령 또는 내부 인사규정상 채용이 불가능한 경우",서류전형 > 직무과제 > 실무면접 > 처우협의
인사담당자 전문가 채용,150,20,20260409,20260509,5,경력 2년 이상,정규직,경상남도,학사 이상,"브랜드 사업 조직에서 채용·평가·보상 운영을 담당할 인사담당자를 모집합니다. 이 포지션은 현장의 요구를 실행 가능한 계획과 결과물로 연결하는 역할입니다.

담당 범위는 인사 데이터·근로계약·평가 기록를 바탕으로 기준을 수립하고, 우선순위에 따라 과제를 실행하며 품질과 일정을 함께 관리하는 것입니다.

인사·HR 조직의 동료와 재무·영업·개발·운영 등 유관 부서, 필요한 경우 외부 파트너와 협업해 의사결정에 필요한 정보를 정리합니다.

이슈가 발생하면 사실과 데이터를 먼저 확인하고 원인을 구분한 뒤, 대안을 비교해 합의된 조치를 실행하고 재발 방지 내용을 문서화합니다.

입사 초기에는 기존 자료와 업무 흐름을 파악하고 HRIS·Excel 환경을 익힌 뒤, 담당 영역의 개선 과제와 표준화 작업을 단계적으로 주도합니다.

성과는 결과물의 정확성, 일정 준수, 이해관계자와의 명확한 소통, 사용자와 사업에 미치는 영향을 기준으로 평가합니다.","- 재사용 가능한 체크리스트·가이드·템플릿 정비
- 고객 또는 내부 사용자의 피드백을 반영한 결과물 품질 개선
- 채용·평가·보상 운영 관련 연간·분기 실행계획 수립
- 인사 데이터·근로계약·평가 기록 수집·정리 및 핵심 이슈 분석
- HRIS·Excel를 활용한 업무 산출물 작성과 버전 관리
- 요구사항을 세부 과제와 일정으로 구체화하고 진행 현황 관리
- 유관 부서 및 외부 파트너와 기준·일정·결과물 조율
- 검토 회의 운영과 의사결정 근거·변경 이력 문서화
- 성과지표 설정 및 결과 데이터 분석을 통한 개선안 제안","- 채용·평가·보상 운영 관련 지식 또는 프로젝트·실무 경험을 보유한 분
- 인사 데이터·근로계약·평가 기록를 정확히 해석하고 업무 문서로 구조화할 수 있는 분
- HRIS·Excel 중 직무에 필요한 도구를 실무에 적용할 수 있는 분
- 유관 부서와 쟁점을 명확히 설명하고 일정에 맞춰 협업할 수 있는 분
- 문제 원인을 근거에 따라 분석하고 실행 가능한 대안을 제시할 수 있는 분
- 업무상 취급하는 개인정보와 기밀정보를 안전하게 관리할 수 있는 분
- 인사담당자 또는 유사 분야의 2년 이상 실무 경험을 보유한 분","- ERP정보관리사 인사 1급 보유자
- 공인노무사 보유자
- SHRM-CP 보유자
- 채용·평가·보상 운영 관련 프로젝트를 기획부터 결과 검토까지 수행한 경험
- HRIS·Excel를 활용해 반복 업무를 개선하거나 품질 기준을 정립한 경험
- 외부 파트너 또는 다양한 이해관계자와 복잡한 요구사항을 조율한 경험","- 제출한 경력·자격 증빙이 사실과 다른 경우
- 정해진 기한까지 필수 증빙서류를 제출하지 않은 경우
- 해외여행 및 근무에 결격사유가 있는 경우
- 채용 관련 비밀유지 의무를 위반한 경우",서류전형 > 1차면접 > 2차면접 > 채용검진
인사담당자 신규 인력 모집,118,20,20260614,20260717,8,경력 3년 이상,무기계약직,제주특별자치도,석사 이상,"지역 기반 전문기관에서 채용·평가·보상 운영을 담당할 인사담당자를 모집합니다. 이 포지션은 현장의 요구를 실행 가능한 계획과 결과물로 연결하는 역할입니다.

담당 범위는 인사 데이터·근로계약·평가 기록를 바탕으로 기준을 수립하고, 우선순위에 따라 과제를 실행하며 품질과 일정을 함께 관리하는 것입니다.

인사·HR 조직의 동료와 재무·영업·개발·운영 등 유관 부서, 필요한 경우 외부 파트너와 협업해 의사결정에 필요한 정보를 정리합니다.

이슈가 발생하면 사실과 데이터를 먼저 확인하고 원인을 구분한 뒤, 대안을 비교해 합의된 조치를 실행하고 재발 방지 내용을 문서화합니다.

입사 초기에는 기존 자료와 업무 흐름을 파악하고 HRIS·Excel 환경을 익힌 뒤, 담당 영역의 개선 과제와 표준화 작업을 단계적으로 주도합니다.

성과는 결과물의 정확성, 일정 준수, 이해관계자와의 명확한 소통, 사용자와 사업에 미치는 영향을 기준으로 평가합니다.","- 고객 또는 내부 사용자의 피드백을 반영한 결과물 품질 개선
- 채용·평가·보상 운영 관련 연간·분기 실행계획 수립
- 인사 데이터·근로계약·평가 기록 수집·정리 및 핵심 이슈 분석
- HRIS·Excel를 활용한 업무 산출물 작성과 버전 관리
- 요구사항을 세부 과제와 일정으로 구체화하고 진행 현황 관리
- 유관 부서 및 외부 파트너와 기준·일정·결과물 조율
- 검토 회의 운영과 의사결정 근거·변경 이력 문서화","- 채용·평가·보상 운영 관련 지식 또는 프로젝트·실무 경험을 보유한 분
- 인사 데이터·근로계약·평가 기록를 정확히 해석하고 업무 문서로 구조화할 수 있는 분
- HRIS·Excel 중 직무에 필요한 도구를 실무에 적용할 수 있는 분
- 유관 부서와 쟁점을 명확히 설명하고 일정에 맞춰 협업할 수 있는 분
- 문제 원인을 근거에 따라 분석하고 실행 가능한 대안을 제시할 수 있는 분","- 공인노무사 보유자
- SHRM-CP 보유자
- ERP정보관리사 인사 1급 보유자
- 채용·평가·보상 운영 관련 프로젝트를 기획부터 결과 검토까지 수행한 경험","- 지원 자격 또는 필수 면허 요건을 충족하지 못한 경우
- 전형 과정에서 타인의 결과물을 무단 사용한 경우
- 채용검진 결과 담당 업무 수행이 곤란한 경우
- 관계 법령상 취업이 제한되는 경우",서류전형 > 필기전형 > 면접전형 > 최종합격
HRD·HRM 담당자 모집,51,21,20261118,20261201,6,경력 2년 이상,계약직,인천광역시,전문학사 이상,"성장 단계 스타트업에서 교육체계·인재육성·조직개발을 담당할 HRD·HRM를 모집합니다. 이 포지션은 현장의 요구를 실행 가능한 계획과 결과물로 연결하는 역할입니다.

담당 범위는 역량진단·교육성과·인사 데이터를 바탕으로 기준을 수립하고, 우선순위에 따라 과제를 실행하며 품질과 일정을 함께 관리하는 것입니다.

인사·HR 조직의 동료와 재무·영업·개발·운영 등 유관 부서, 필요한 경우 외부 파트너와 협업해 의사결정에 필요한 정보를 정리합니다.

이슈가 발생하면 사실과 데이터를 먼저 확인하고 원인을 구분한 뒤, 대안을 비교해 합의된 조치를 실행하고 재발 방지 내용을 문서화합니다.

입사 초기에는 기존 자료와 업무 흐름을 파악하고 LMS·HRIS 환경을 익힌 뒤, 담당 영역의 개선 과제와 표준화 작업을 단계적으로 주도합니다.

성과는 결과물의 정확성, 일정 준수, 이해관계자와의 명확한 소통, 사용자와 사업에 미치는 영향을 기준으로 평가합니다.","- 교육체계·인재육성·조직개발 관련 연간·분기 실행계획 수립
- 역량진단·교육성과·인사 데이터 수집·정리 및 핵심 이슈 분석
- LMS·HRIS를 활용한 업무 산출물 작성과 버전 관리
- 요구사항을 세부 과제와 일정으로 구체화하고 진행 현황 관리
- 유관 부서 및 외부 파트너와 기준·일정·결과물 조율
- 검토 회의 운영과 의사결정 근거·변경 이력 문서화
- 성과지표 설정 및 결과 데이터 분석을 통한 개선안 제안","- 교육체계·인재육성·조직개발 관련 지식 또는 프로젝트·실무 경험을 보유한 분
- 역량진단·교육성과·인사 데이터를 정확히 해석하고 업무 문서로 구조화할 수 있는 분
- LMS·HRIS 중 직무에 필요한 도구를 실무에 적용할 수 있는 분
- 유관 부서와 쟁점을 명확히 설명하고 일정에 맞춰 협업할 수 있는 분
- 문제 원인을 근거에 따라 분석하고 실행 가능한 대안을 제시할 수 있는 분","- 직업능력개발훈련교사 보유자
- SHRM-CP 보유자
- 평생교육사 2급 보유자
- 교육체계·인재육성·조직개발 관련 프로젝트를 기획부터 결과 검토까지 수행한 경험","- 지원서 또는 제출서류를 허위로 기재한 경우
- 채용 과정에서 부정한 방법을 사용한 경우
- 채용검진 결과 직무 수행이 어렵다고 판단되는 경우
- 관련 법령 또는 내부 인사규정상 채용이 불가능한 경우",서류전형 > 인성검사 > 실무면접 > 최종면접
HRD·HRM 실무자 채용,45,21,20260223,20260311,9,신입·경력,정규직,대전광역시,학사 이상,"중견기업 전략 조직에서 교육체계·인재육성·조직개발을 담당할 HRD·HRM를 모집합니다. 이 포지션은 현장의 요구를 실행 가능한 계획과 결과물로 연결하는 역할입니다.

담당 범위는 역량진단·교육성과·인사 데이터를 바탕으로 기준을 수립하고, 우선순위에 따라 과제를 실행하며 품질과 일정을 함께 관리하는 것입니다.

인사·HR 조직의 동료와 재무·영업·개발·운영 등 유관 부서, 필요한 경우 외부 파트너와 협업해 의사결정에 필요한 정보를 정리합니다.

이슈가 발생하면 사실과 데이터를 먼저 확인하고 원인을 구분한 뒤, 대안을 비교해 합의된 조치를 실행하고 재발 방지 내용을 문서화합니다.

입사 초기에는 기존 자료와 업무 흐름을 파악하고 LMS·HRIS 환경을 익힌 뒤, 담당 영역의 개선 과제와 표준화 작업을 단계적으로 주도합니다.

성과는 결과물의 정확성, 일정 준수, 이해관계자와의 명확한 소통, 사용자와 사업에 미치는 영향을 기준으로 평가합니다.","- 역량진단·교육성과·인사 데이터 수집·정리 및 핵심 이슈 분석
- LMS·HRIS를 활용한 업무 산출물 작성과 버전 관리
- 요구사항을 세부 과제와 일정으로 구체화하고 진행 현황 관리
- 유관 부서 및 외부 파트너와 기준·일정·결과물 조율
- 검토 회의 운영과 의사결정 근거·변경 이력 문서화
- 성과지표 설정 및 결과 데이터 분석을 통한 개선안 제안
- 업무상 리스크 사전 점검과 문제 발생 시 원인 분석·후속 조치
- 재사용 가능한 체크리스트·가이드·템플릿 정비","- 교육체계·인재육성·조직개발 관련 지식 또는 프로젝트·실무 경험을 보유한 분
- 역량진단·교육성과·인사 데이터를 정확히 해석하고 업무 문서로 구조화할 수 있는 분
- LMS·HRIS 중 직무에 필요한 도구를 실무에 적용할 수 있는 분
- 유관 부서와 쟁점을 명확히 설명하고 일정에 맞춰 협업할 수 있는 분
- 문제 원인을 근거에 따라 분석하고 실행 가능한 대안을 제시할 수 있는 분
- 업무상 취급하는 개인정보와 기밀정보를 안전하게 관리할 수 있는 분","- SHRM-CP 보유자
- 평생교육사 2급 보유자
- 직업능력개발훈련교사 보유자
- 교육체계·인재육성·조직개발 관련 프로젝트를 기획부터 결과 검토까지 수행한 경험
- LMS·HRIS를 활용해 반복 업무를 개선하거나 품질 기준을 정립한 경험","- 제출한 경력·자격 증빙이 사실과 다른 경우
- 정해진 기한까지 필수 증빙서류를 제출하지 않은 경우
- 해외여행 및 근무에 결격사유가 있는 경우
- 채용 관련 비밀유지 의무를 위반한 경우",서류전형 > 직무과제 > 실무면접 > 처우협의
HRD·HRM 전문인력 모집,114,21,20260405,20260424,12,경력 3년 이상,무기계약직,부산광역시,학사 이상,"공공서비스 운영기관에서 교육체계·인재육성·조직개발을 담당할 HRD·HRM를 모집합니다. 이 포지션은 현장의 요구를 실행 가능한 계획과 결과물로 연결하는 역할입니다.

담당 범위는 역량진단·교육성과·인사 데이터를 바탕으로 기준을 수립하고, 우선순위에 따라 과제를 실행하며 품질과 일정을 함께 관리하는 것입니다.

인사·HR 조직의 동료와 재무·영업·개발·운영 등 유관 부서, 필요한 경우 외부 파트너와 협업해 의사결정에 필요한 정보를 정리합니다.

이슈가 발생하면 사실과 데이터를 먼저 확인하고 원인을 구분한 뒤, 대안을 비교해 합의된 조치를 실행하고 재발 방지 내용을 문서화합니다.

입사 초기에는 기존 자료와 업무 흐름을 파악하고 LMS·HRIS 환경을 익힌 뒤, 담당 영역의 개선 과제와 표준화 작업을 단계적으로 주도합니다.

성과는 결과물의 정확성, 일정 준수, 이해관계자와의 명확한 소통, 사용자와 사업에 미치는 영향을 기준으로 평가합니다.","- LMS·HRIS를 활용한 업무 산출물 작성과 버전 관리
- 요구사항을 세부 과제와 일정으로 구체화하고 진행 현황 관리
- 유관 부서 및 외부 파트너와 기준·일정·결과물 조율
- 검토 회의 운영과 의사결정 근거·변경 이력 문서화
- 성과지표 설정 및 결과 데이터 분석을 통한 개선안 제안
- 업무상 리스크 사전 점검과 문제 발생 시 원인 분석·후속 조치
- 재사용 가능한 체크리스트·가이드·템플릿 정비
- 고객 또는 내부 사용자의 피드백을 반영한 결과물 품질 개선
- 교육체계·인재육성·조직개발 관련 연간·분기 실행계획 수립","- 교육체계·인재육성·조직개발 관련 지식 또는 프로젝트·실무 경험을 보유한 분
- 역량진단·교육성과·인사 데이터를 정확히 해석하고 업무 문서로 구조화할 수 있는 분
- LMS·HRIS 중 직무에 필요한 도구를 실무에 적용할 수 있는 분
- 유관 부서와 쟁점을 명확히 설명하고 일정에 맞춰 협업할 수 있는 분
- 문제 원인을 근거에 따라 분석하고 실행 가능한 대안을 제시할 수 있는 분
- 업무상 취급하는 개인정보와 기밀정보를 안전하게 관리할 수 있는 분
- HRD·HRM 또는 유사 분야의 3년 이상 실무 경험을 보유한 분","- 평생교육사 2급 보유자
- 직업능력개발훈련교사 보유자
- SHRM-CP 보유자
- 교육체계·인재육성·조직개발 관련 프로젝트를 기획부터 결과 검토까지 수행한 경험
- LMS·HRIS를 활용해 반복 업무를 개선하거나 품질 기준을 정립한 경험
- 외부 파트너 또는 다양한 이해관계자와 복잡한 요구사항을 조율한 경험","- 지원 자격 또는 필수 면허 요건을 충족하지 못한 경우
- 전형 과정에서 타인의 결과물을 무단 사용한 경우
- 채용검진 결과 담당 업무 수행이 곤란한 경우
- 관계 법령상 취업이 제한되는 경우",서류전형 > 1차면접 > 2차면접 > 채용검진
HRD·HRM 인재 채용,40,21,20260610,20260702,15,경력 무관,정규직,광주광역시,석사 이상,"전문 컨설팅 조직에서 교육체계·인재육성·조직개발을 담당할 HRD·HRM를 모집합니다. 이 포지션은 현장의 요구를 실행 가능한 계획과 결과물로 연결하는 역할입니다.

담당 범위는 역량진단·교육성과·인사 데이터를 바탕으로 기준을 수립하고, 우선순위에 따라 과제를 실행하며 품질과 일정을 함께 관리하는 것입니다.

인사·HR 조직의 동료와 재무·영업·개발·운영 등 유관 부서, 필요한 경우 외부 파트너와 협업해 의사결정에 필요한 정보를 정리합니다.

이슈가 발생하면 사실과 데이터를 먼저 확인하고 원인을 구분한 뒤, 대안을 비교해 합의된 조치를 실행하고 재발 방지 내용을 문서화합니다.

입사 초기에는 기존 자료와 업무 흐름을 파악하고 LMS·HRIS 환경을 익힌 뒤, 담당 영역의 개선 과제와 표준화 작업을 단계적으로 주도합니다.

성과는 결과물의 정확성, 일정 준수, 이해관계자와의 명확한 소통, 사용자와 사업에 미치는 영향을 기준으로 평가합니다.","- 요구사항을 세부 과제와 일정으로 구체화하고 진행 현황 관리
- 유관 부서 및 외부 파트너와 기준·일정·결과물 조율
- 검토 회의 운영과 의사결정 근거·변경 이력 문서화
- 성과지표 설정 및 결과 데이터 분석을 통한 개선안 제안
- 업무상 리스크 사전 점검과 문제 발생 시 원인 분석·후속 조치
- 재사용 가능한 체크리스트·가이드·템플릿 정비
- 고객 또는 내부 사용자의 피드백을 반영한 결과물 품질 개선","- 교육체계·인재육성·조직개발 관련 지식 또는 프로젝트·실무 경험을 보유한 분
- 역량진단·교육성과·인사 데이터를 정확히 해석하고 업무 문서로 구조화할 수 있는 분
- LMS·HRIS 중 직무에 필요한 도구를 실무에 적용할 수 있는 분
- 유관 부서와 쟁점을 명확히 설명하고 일정에 맞춰 협업할 수 있는 분
- 문제 원인을 근거에 따라 분석하고 실행 가능한 대안을 제시할 수 있는 분","- 직업능력개발훈련교사 보유자
- SHRM-CP 보유자
- 평생교육사 2급 보유자
- 교육체계·인재육성·조직개발 관련 프로젝트를 기획부터 결과 검토까지 수행한 경험","- 지원서 또는 제출서류를 허위로 기재한 경우
- 채용 과정에서 부정한 방법을 사용한 경우
- 채용검진 결과 직무 수행이 어렵다고 판단되는 경우
- 관련 법령 또는 내부 인사규정상 채용이 불가능한 경우",서류전형 > 필기전형 > 면접전형 > 최종합격
HRD·HRM 공개채용,74,21,20260815,20260909,18,경력 5년 이상,기간제,세종특별자치시,학력무관,"글로벌 사업 조직에서 교육체계·인재육성·조직개발을 담당할 HRD·HRM를 모집합니다. 이 포지션은 현장의 요구를 실행 가능한 계획과 결과물로 연결하는 역할입니다.

담당 범위는 역량진단·교육성과·인사 데이터를 바탕으로 기준을 수립하고, 우선순위에 따라 과제를 실행하며 품질과 일정을 함께 관리하는 것입니다.

인사·HR 조직의 동료와 재무·영업·개발·운영 등 유관 부서, 필요한 경우 외부 파트너와 협업해 의사결정에 필요한 정보를 정리합니다.

이슈가 발생하면 사실과 데이터를 먼저 확인하고 원인을 구분한 뒤, 대안을 비교해 합의된 조치를 실행하고 재발 방지 내용을 문서화합니다.

입사 초기에는 기존 자료와 업무 흐름을 파악하고 LMS·HRIS 환경을 익힌 뒤, 담당 영역의 개선 과제와 표준화 작업을 단계적으로 주도합니다.

성과는 결과물의 정확성, 일정 준수, 이해관계자와의 명확한 소통, 사용자와 사업에 미치는 영향을 기준으로 평가합니다.","- 유관 부서 및 외부 파트너와 기준·일정·결과물 조율
- 검토 회의 운영과 의사결정 근거·변경 이력 문서화
- 성과지표 설정 및 결과 데이터 분석을 통한 개선안 제안
- 업무상 리스크 사전 점검과 문제 발생 시 원인 분석·후속 조치
- 재사용 가능한 체크리스트·가이드·템플릿 정비
- 고객 또는 내부 사용자의 피드백을 반영한 결과물 품질 개선
- 교육체계·인재육성·조직개발 관련 연간·분기 실행계획 수립
- 역량진단·교육성과·인사 데이터 수집·정리 및 핵심 이슈 분석","- 교육체계·인재육성·조직개발 관련 지식 또는 프로젝트·실무 경험을 보유한 분
- 역량진단·교육성과·인사 데이터를 정확히 해석하고 업무 문서로 구조화할 수 있는 분
- LMS·HRIS 중 직무에 필요한 도구를 실무에 적용할 수 있는 분
- 유관 부서와 쟁점을 명확히 설명하고 일정에 맞춰 협업할 수 있는 분
- 문제 원인을 근거에 따라 분석하고 실행 가능한 대안을 제시할 수 있는 분
- 업무상 취급하는 개인정보와 기밀정보를 안전하게 관리할 수 있는 분","- SHRM-CP 보유자
- 평생교육사 2급 보유자
- 직업능력개발훈련교사 보유자
- 교육체계·인재육성·조직개발 관련 프로젝트를 기획부터 결과 검토까지 수행한 경험
- LMS·HRIS를 활용해 반복 업무를 개선하거나 품질 기준을 정립한 경험","- 제출한 경력·자격 증빙이 사실과 다른 경우
- 정해진 기한까지 필수 증빙서류를 제출하지 않은 경우
- 해외여행 및 근무에 결격사유가 있는 경우
- 채용 관련 비밀유지 의무를 위반한 경우",서류전형 > 실무면접 > 최종면접
HRD·HRM 프로젝트 담당 모집,7,21,20261020,20261117,1,경력,정규직,충청남도,전문학사 이상,"연구개발 중심 조직에서 교육체계·인재육성·조직개발을 담당할 HRD·HRM를 모집합니다. 이 포지션은 현장의 요구를 실행 가능한 계획과 결과물로 연결하는 역할입니다.

담당 범위는 역량진단·교육성과·인사 데이터를 바탕으로 기준을 수립하고, 우선순위에 따라 과제를 실행하며 품질과 일정을 함께 관리하는 것입니다.

인사·HR 조직의 동료와 재무·영업·개발·운영 등 유관 부서, 필요한 경우 외부 파트너와 협업해 의사결정에 필요한 정보를 정리합니다.

이슈가 발생하면 사실과 데이터를 먼저 확인하고 원인을 구분한 뒤, 대안을 비교해 합의된 조치를 실행하고 재발 방지 내용을 문서화합니다.

입사 초기에는 기존 자료와 업무 흐름을 파악하고 LMS·HRIS 환경을 익힌 뒤, 담당 영역의 개선 과제와 표준화 작업을 단계적으로 주도합니다.

성과는 결과물의 정확성, 일정 준수, 이해관계자와의 명확한 소통, 사용자와 사업에 미치는 영향을 기준으로 평가합니다.","- 검토 회의 운영과 의사결정 근거·변경 이력 문서화
- 성과지표 설정 및 결과 데이터 분석을 통한 개선안 제안
- 업무상 리스크 사전 점검과 문제 발생 시 원인 분석·후속 조치
- 재사용 가능한 체크리스트·가이드·템플릿 정비
- 고객 또는 내부 사용자의 피드백을 반영한 결과물 품질 개선
- 교육체계·인재육성·조직개발 관련 연간·분기 실행계획 수립
- 역량진단·교육성과·인사 데이터 수집·정리 및 핵심 이슈 분석
- LMS·HRIS를 활용한 업무 산출물 작성과 버전 관리
- 요구사항을 세부 과제와 일정으로 구체화하고 진행 현황 관리","- 교육체계·인재육성·조직개발 관련 지식 또는 프로젝트·실무 경험을 보유한 분
- 역량진단·교육성과·인사 데이터를 정확히 해석하고 업무 문서로 구조화할 수 있는 분
- LMS·HRIS 중 직무에 필요한 도구를 실무에 적용할 수 있는 분
- 유관 부서와 쟁점을 명확히 설명하고 일정에 맞춰 협업할 수 있는 분
- 문제 원인을 근거에 따라 분석하고 실행 가능한 대안을 제시할 수 있는 분
- 업무상 취급하는 개인정보와 기밀정보를 안전하게 관리할 수 있는 분
- HRD·HRM 또는 유사 분야의 경력 실무 경험을 보유한 분","- 평생교육사 2급 보유자
- 직업능력개발훈련교사 보유자
- SHRM-CP 보유자
- 교육체계·인재육성·조직개발 관련 프로젝트를 기획부터 결과 검토까지 수행한 경험
- LMS·HRIS를 활용해 반복 업무를 개선하거나 품질 기준을 정립한 경험
- 외부 파트너 또는 다양한 이해관계자와 복잡한 요구사항을 조율한 경험","- 지원 자격 또는 필수 면허 요건을 충족하지 못한 경우
- 전형 과정에서 타인의 결과물을 무단 사용한 경우
- 채용검진 결과 담당 업무 수행이 곤란한 경우
- 관계 법령상 취업이 제한되는 경우",서류전형 > 인성검사 > 실무면접 > 최종면접
HRD·HRM 운영 담당자 채용,72,21,20260102,20260202,4,신입·경력,계약직,경상남도,학사 이상,"플랫폼 운영 조직에서 교육체계·인재육성·조직개발을 담당할 HRD·HRM를 모집합니다. 이 포지션은 현장의 요구를 실행 가능한 계획과 결과물로 연결하는 역할입니다.

담당 범위는 역량진단·교육성과·인사 데이터를 바탕으로 기준을 수립하고, 우선순위에 따라 과제를 실행하며 품질과 일정을 함께 관리하는 것입니다.

인사·HR 조직의 동료와 재무·영업·개발·운영 등 유관 부서, 필요한 경우 외부 파트너와 협업해 의사결정에 필요한 정보를 정리합니다.

이슈가 발생하면 사실과 데이터를 먼저 확인하고 원인을 구분한 뒤, 대안을 비교해 합의된 조치를 실행하고 재발 방지 내용을 문서화합니다.

입사 초기에는 기존 자료와 업무 흐름을 파악하고 LMS·HRIS 환경을 익힌 뒤, 담당 영역의 개선 과제와 표준화 작업을 단계적으로 주도합니다.

성과는 결과물의 정확성, 일정 준수, 이해관계자와의 명확한 소통, 사용자와 사업에 미치는 영향을 기준으로 평가합니다.","- 성과지표 설정 및 결과 데이터 분석을 통한 개선안 제안
- 업무상 리스크 사전 점검과 문제 발생 시 원인 분석·후속 조치
- 재사용 가능한 체크리스트·가이드·템플릿 정비
- 고객 또는 내부 사용자의 피드백을 반영한 결과물 품질 개선
- 교육체계·인재육성·조직개발 관련 연간·분기 실행계획 수립
- 역량진단·교육성과·인사 데이터 수집·정리 및 핵심 이슈 분석
- LMS·HRIS를 활용한 업무 산출물 작성과 버전 관리","- 교육체계·인재육성·조직개발 관련 지식 또는 프로젝트·실무 경험을 보유한 분
- 역량진단·교육성과·인사 데이터를 정확히 해석하고 업무 문서로 구조화할 수 있는 분
- LMS·HRIS 중 직무에 필요한 도구를 실무에 적용할 수 있는 분
- 유관 부서와 쟁점을 명확히 설명하고 일정에 맞춰 협업할 수 있는 분
- 문제 원인을 근거에 따라 분석하고 실행 가능한 대안을 제시할 수 있는 분","- 직업능력개발훈련교사 보유자
- SHRM-CP 보유자
- 평생교육사 2급 보유자
- 교육체계·인재육성·조직개발 관련 프로젝트를 기획부터 결과 검토까지 수행한 경험","- 지원서 또는 제출서류를 허위로 기재한 경우
- 채용 과정에서 부정한 방법을 사용한 경우
- 채용검진 결과 직무 수행이 어렵다고 판단되는 경우
- 관련 법령 또는 내부 인사규정상 채용이 불가능한 경우",서류전형 > 직무과제 > 실무면접 > 처우협의
HRD·HRM 핵심인재 모집,12,21,20260307,20260410,7,경력 2년 이상,정규직,제주특별자치도,학사 이상,"브랜드 사업 조직에서 교육체계·인재육성·조직개발을 담당할 HRD·HRM를 모집합니다. 이 포지션은 현장의 요구를 실행 가능한 계획과 결과물로 연결하는 역할입니다.

담당 범위는 역량진단·교육성과·인사 데이터를 바탕으로 기준을 수립하고, 우선순위에 따라 과제를 실행하며 품질과 일정을 함께 관리하는 것입니다.

인사·HR 조직의 동료와 재무·영업·개발·운영 등 유관 부서, 필요한 경우 외부 파트너와 협업해 의사결정에 필요한 정보를 정리합니다.

이슈가 발생하면 사실과 데이터를 먼저 확인하고 원인을 구분한 뒤, 대안을 비교해 합의된 조치를 실행하고 재발 방지 내용을 문서화합니다.

입사 초기에는 기존 자료와 업무 흐름을 파악하고 LMS·HRIS 환경을 익힌 뒤, 담당 영역의 개선 과제와 표준화 작업을 단계적으로 주도합니다.

성과는 결과물의 정확성, 일정 준수, 이해관계자와의 명확한 소통, 사용자와 사업에 미치는 영향을 기준으로 평가합니다.","- 업무상 리스크 사전 점검과 문제 발생 시 원인 분석·후속 조치
- 재사용 가능한 체크리스트·가이드·템플릿 정비
- 고객 또는 내부 사용자의 피드백을 반영한 결과물 품질 개선
- 교육체계·인재육성·조직개발 관련 연간·분기 실행계획 수립
- 역량진단·교육성과·인사 데이터 수집·정리 및 핵심 이슈 분석
- LMS·HRIS를 활용한 업무 산출물 작성과 버전 관리
- 요구사항을 세부 과제와 일정으로 구체화하고 진행 현황 관리
- 유관 부서 및 외부 파트너와 기준·일정·결과물 조율","- 교육체계·인재육성·조직개발 관련 지식 또는 프로젝트·실무 경험을 보유한 분
- 역량진단·교육성과·인사 데이터를 정확히 해석하고 업무 문서로 구조화할 수 있는 분
- LMS·HRIS 중 직무에 필요한 도구를 실무에 적용할 수 있는 분
- 유관 부서와 쟁점을 명확히 설명하고 일정에 맞춰 협업할 수 있는 분
- 문제 원인을 근거에 따라 분석하고 실행 가능한 대안을 제시할 수 있는 분
- 업무상 취급하는 개인정보와 기밀정보를 안전하게 관리할 수 있는 분","- SHRM-CP 보유자
- 평생교육사 2급 보유자
- 직업능력개발훈련교사 보유자
- 교육체계·인재육성·조직개발 관련 프로젝트를 기획부터 결과 검토까지 수행한 경험
- LMS·HRIS를 활용해 반복 업무를 개선하거나 품질 기준을 정립한 경험","- 제출한 경력·자격 증빙이 사실과 다른 경우
- 정해진 기한까지 필수 증빙서류를 제출하지 않은 경우
- 해외여행 및 근무에 결격사유가 있는 경우
- 채용 관련 비밀유지 의무를 위반한 경우",서류전형 > 1차면접 > 2차면접 > 채용검진
HRD·HRM 전문가 채용,75,21,20260512,20260618,10,경력 3년 이상,무기계약직,서울특별시,석사 이상,"지역 기반 전문기관에서 교육체계·인재육성·조직개발을 담당할 HRD·HRM를 모집합니다. 이 포지션은 현장의 요구를 실행 가능한 계획과 결과물로 연결하는 역할입니다.

담당 범위는 역량진단·교육성과·인사 데이터를 바탕으로 기준을 수립하고, 우선순위에 따라 과제를 실행하며 품질과 일정을 함께 관리하는 것입니다.

인사·HR 조직의 동료와 재무·영업·개발·운영 등 유관 부서, 필요한 경우 외부 파트너와 협업해 의사결정에 필요한 정보를 정리합니다.

이슈가 발생하면 사실과 데이터를 먼저 확인하고 원인을 구분한 뒤, 대안을 비교해 합의된 조치를 실행하고 재발 방지 내용을 문서화합니다.

입사 초기에는 기존 자료와 업무 흐름을 파악하고 LMS·HRIS 환경을 익힌 뒤, 담당 영역의 개선 과제와 표준화 작업을 단계적으로 주도합니다.

성과는 결과물의 정확성, 일정 준수, 이해관계자와의 명확한 소통, 사용자와 사업에 미치는 영향을 기준으로 평가합니다.","- 재사용 가능한 체크리스트·가이드·템플릿 정비
- 고객 또는 내부 사용자의 피드백을 반영한 결과물 품질 개선
- 교육체계·인재육성·조직개발 관련 연간·분기 실행계획 수립
- 역량진단·교육성과·인사 데이터 수집·정리 및 핵심 이슈 분석
- LMS·HRIS를 활용한 업무 산출물 작성과 버전 관리
- 요구사항을 세부 과제와 일정으로 구체화하고 진행 현황 관리
- 유관 부서 및 외부 파트너와 기준·일정·결과물 조율
- 검토 회의 운영과 의사결정 근거·변경 이력 문서화
- 성과지표 설정 및 결과 데이터 분석을 통한 개선안 제안","- 교육체계·인재육성·조직개발 관련 지식 또는 프로젝트·실무 경험을 보유한 분
- 역량진단·교육성과·인사 데이터를 정확히 해석하고 업무 문서로 구조화할 수 있는 분
- LMS·HRIS 중 직무에 필요한 도구를 실무에 적용할 수 있는 분
- 유관 부서와 쟁점을 명확히 설명하고 일정에 맞춰 협업할 수 있는 분
- 문제 원인을 근거에 따라 분석하고 실행 가능한 대안을 제시할 수 있는 분
- 업무상 취급하는 개인정보와 기밀정보를 안전하게 관리할 수 있는 분
- HRD·HRM 또는 유사 분야의 3년 이상 실무 경험을 보유한 분","- 평생교육사 2급 보유자
- 직업능력개발훈련교사 보유자
- SHRM-CP 보유자
- 교육체계·인재육성·조직개발 관련 프로젝트를 기획부터 결과 검토까지 수행한 경험
- LMS·HRIS를 활용해 반복 업무를 개선하거나 품질 기준을 정립한 경험
- 외부 파트너 또는 다양한 이해관계자와 복잡한 요구사항을 조율한 경험","- 지원 자격 또는 필수 면허 요건을 충족하지 못한 경우
- 전형 과정에서 타인의 결과물을 무단 사용한 경우
- 채용검진 결과 담당 업무 수행이 곤란한 경우
- 관계 법령상 취업이 제한되는 경우",서류전형 > 필기전형 > 면접전형 > 최종합격
HRD·HRM 신규 인력 모집,157,21,20260717,20260826,13,신입,정규직,경기도,학력무관,"디지털 서비스 조직에서 교육체계·인재육성·조직개발을 담당할 HRD·HRM를 모집합니다. 이 포지션은 현장의 요구를 실행 가능한 계획과 결과물로 연결하는 역할입니다.

담당 범위는 역량진단·교육성과·인사 데이터를 바탕으로 기준을 수립하고, 우선순위에 따라 과제를 실행하며 품질과 일정을 함께 관리하는 것입니다.

인사·HR 조직의 동료와 재무·영업·개발·운영 등 유관 부서, 필요한 경우 외부 파트너와 협업해 의사결정에 필요한 정보를 정리합니다.

이슈가 발생하면 사실과 데이터를 먼저 확인하고 원인을 구분한 뒤, 대안을 비교해 합의된 조치를 실행하고 재발 방지 내용을 문서화합니다.

입사 초기에는 기존 자료와 업무 흐름을 파악하고 LMS·HRIS 환경을 익힌 뒤, 담당 영역의 개선 과제와 표준화 작업을 단계적으로 주도합니다.

성과는 결과물의 정확성, 일정 준수, 이해관계자와의 명확한 소통, 사용자와 사업에 미치는 영향을 기준으로 평가합니다.","- 고객 또는 내부 사용자의 피드백을 반영한 결과물 품질 개선
- 교육체계·인재육성·조직개발 관련 연간·분기 실행계획 수립
- 역량진단·교육성과·인사 데이터 수집·정리 및 핵심 이슈 분석
- LMS·HRIS를 활용한 업무 산출물 작성과 버전 관리
- 요구사항을 세부 과제와 일정으로 구체화하고 진행 현황 관리
- 유관 부서 및 외부 파트너와 기준·일정·결과물 조율
- 검토 회의 운영과 의사결정 근거·변경 이력 문서화","- 교육체계·인재육성·조직개발 관련 지식 또는 프로젝트·실무 경험을 보유한 분
- 역량진단·교육성과·인사 데이터를 정확히 해석하고 업무 문서로 구조화할 수 있는 분
- LMS·HRIS 중 직무에 필요한 도구를 실무에 적용할 수 있는 분
- 유관 부서와 쟁점을 명확히 설명하고 일정에 맞춰 협업할 수 있는 분
- 문제 원인을 근거에 따라 분석하고 실행 가능한 대안을 제시할 수 있는 분","- 직업능력개발훈련교사 보유자
- SHRM-CP 보유자
- 평생교육사 2급 보유자
- 교육체계·인재육성·조직개발 관련 프로젝트를 기획부터 결과 검토까지 수행한 경험","- 지원서 또는 제출서류를 허위로 기재한 경우
- 채용 과정에서 부정한 방법을 사용한 경우
- 채용검진 결과 직무 수행이 어렵다고 판단되는 경우
- 관련 법령 또는 내부 인사규정상 채용이 불가능한 경우",서류전형 > 실무면접 > 최종면접
노무관리자 담당자 모집,106,22,20260121,20260210,11,신입·경력,정규직,부산광역시,학사 이상,"중견기업 전략 조직에서 근로시간·임금·노사관계 관리를 담당할 노무관리자를 모집합니다. 이 포지션은 현장의 요구를 실행 가능한 계획과 결과물로 연결하는 역할입니다.

담당 범위는 근태·급여·취업규칙 자료를 바탕으로 기준을 수립하고, 우선순위에 따라 과제를 실행하며 품질과 일정을 함께 관리하는 것입니다.

인사·HR 조직의 동료와 재무·영업·개발·운영 등 유관 부서, 필요한 경우 외부 파트너와 협업해 의사결정에 필요한 정보를 정리합니다.

이슈가 발생하면 사실과 데이터를 먼저 확인하고 원인을 구분한 뒤, 대안을 비교해 합의된 조치를 실행하고 재발 방지 내용을 문서화합니다.

입사 초기에는 기존 자료와 업무 흐름을 파악하고 ERP·근태관리시스템 환경을 익힌 뒤, 담당 영역의 개선 과제와 표준화 작업을 단계적으로 주도합니다.

성과는 결과물의 정확성, 일정 준수, 이해관계자와의 명확한 소통, 사용자와 사업에 미치는 영향을 기준으로 평가합니다.","- 근로시간·임금·노사관계 관리 관련 연간·분기 실행계획 수립
- 근태·급여·취업규칙 자료 수집·정리 및 핵심 이슈 분석
- ERP·근태관리시스템를 활용한 업무 산출물 작성과 버전 관리
- 요구사항을 세부 과제와 일정으로 구체화하고 진행 현황 관리
- 유관 부서 및 외부 파트너와 기준·일정·결과물 조율
- 검토 회의 운영과 의사결정 근거·변경 이력 문서화
- 성과지표 설정 및 결과 데이터 분석을 통한 개선안 제안","- 근로시간·임금·노사관계 관리 관련 지식 또는 프로젝트·실무 경험을 보유한 분
- 근태·급여·취업규칙 자료를 정확히 해석하고 업무 문서로 구조화할 수 있는 분
- ERP·근태관리시스템 중 직무에 필요한 도구를 실무에 적용할 수 있는 분
- 유관 부서와 쟁점을 명확히 설명하고 일정에 맞춰 협업할 수 있는 분
- 문제 원인을 근거에 따라 분석하고 실행 가능한 대안을 제시할 수 있는 분","- 공인노무사 보유자
- ERP정보관리사 인사 1급 보유자
- SHRM-CP 보유자
- 근로시간·임금·노사관계 관리 관련 프로젝트를 기획부터 결과 검토까지 수행한 경험","- 제출한 경력·자격 증빙이 사실과 다른 경우
- 정해진 기한까지 필수 증빙서류를 제출하지 않은 경우
- 해외여행 및 근무에 결격사유가 있는 경우
- 채용 관련 비밀유지 의무를 위반한 경우",서류전형 > 직무과제 > 실무면접 > 처우협의
노무관리자 실무자 채용,121,22,20260303,20260326,14,경력 3년 이상,무기계약직,광주광역시,학사 이상,"공공서비스 운영기관에서 근로시간·임금·노사관계 관리를 담당할 노무관리자를 모집합니다. 이 포지션은 현장의 요구를 실행 가능한 계획과 결과물로 연결하는 역할입니다.

담당 범위는 근태·급여·취업규칙 자료를 바탕으로 기준을 수립하고, 우선순위에 따라 과제를 실행하며 품질과 일정을 함께 관리하는 것입니다.

인사·HR 조직의 동료와 재무·영업·개발·운영 등 유관 부서, 필요한 경우 외부 파트너와 협업해 의사결정에 필요한 정보를 정리합니다.

이슈가 발생하면 사실과 데이터를 먼저 확인하고 원인을 구분한 뒤, 대안을 비교해 합의된 조치를 실행하고 재발 방지 내용을 문서화합니다.

입사 초기에는 기존 자료와 업무 흐름을 파악하고 ERP·근태관리시스템 환경을 익힌 뒤, 담당 영역의 개선 과제와 표준화 작업을 단계적으로 주도합니다.

성과는 결과물의 정확성, 일정 준수, 이해관계자와의 명확한 소통, 사용자와 사업에 미치는 영향을 기준으로 평가합니다.","- 근태·급여·취업규칙 자료 수집·정리 및 핵심 이슈 분석
- ERP·근태관리시스템를 활용한 업무 산출물 작성과 버전 관리
- 요구사항을 세부 과제와 일정으로 구체화하고 진행 현황 관리
- 유관 부서 및 외부 파트너와 기준·일정·결과물 조율
- 검토 회의 운영과 의사결정 근거·변경 이력 문서화
- 성과지표 설정 및 결과 데이터 분석을 통한 개선안 제안
- 업무상 리스크 사전 점검과 문제 발생 시 원인 분석·후속 조치
- 재사용 가능한 체크리스트·가이드·템플릿 정비","- 근로시간·임금·노사관계 관리 관련 지식 또는 프로젝트·실무 경험을 보유한 분
- 근태·급여·취업규칙 자료를 정확히 해석하고 업무 문서로 구조화할 수 있는 분
- ERP·근태관리시스템 중 직무에 필요한 도구를 실무에 적용할 수 있는 분
- 유관 부서와 쟁점을 명확히 설명하고 일정에 맞춰 협업할 수 있는 분
- 문제 원인을 근거에 따라 분석하고 실행 가능한 대안을 제시할 수 있는 분
- 업무상 취급하는 개인정보와 기밀정보를 안전하게 관리할 수 있는 분","- ERP정보관리사 인사 1급 보유자
- SHRM-CP 보유자
- 공인노무사 보유자
- 근로시간·임금·노사관계 관리 관련 프로젝트를 기획부터 결과 검토까지 수행한 경험
- ERP·근태관리시스템를 활용해 반복 업무를 개선하거나 품질 기준을 정립한 경험","- 지원 자격 또는 필수 면허 요건을 충족하지 못한 경우
- 전형 과정에서 타인의 결과물을 무단 사용한 경우
- 채용검진 결과 담당 업무 수행이 곤란한 경우
- 관계 법령상 취업이 제한되는 경우",서류전형 > 1차면접 > 2차면접 > 채용검진
노무관리자 전문인력 모집,114,22,20260508,20260603,17,경력 무관,정규직,세종특별자치시,석사 이상,"전문 컨설팅 조직에서 근로시간·임금·노사관계 관리를 담당할 노무관리자를 모집합니다. 이 포지션은 현장의 요구를 실행 가능한 계획과 결과물로 연결하는 역할입니다.

담당 범위는 근태·급여·취업규칙 자료를 바탕으로 기준을 수립하고, 우선순위에 따라 과제를 실행하며 품질과 일정을 함께 관리하는 것입니다.

인사·HR 조직의 동료와 재무·영업·개발·운영 등 유관 부서, 필요한 경우 외부 파트너와 협업해 의사결정에 필요한 정보를 정리합니다.

이슈가 발생하면 사실과 데이터를 먼저 확인하고 원인을 구분한 뒤, 대안을 비교해 합의된 조치를 실행하고 재발 방지 내용을 문서화합니다.

입사 초기에는 기존 자료와 업무 흐름을 파악하고 ERP·근태관리시스템 환경을 익힌 뒤, 담당 영역의 개선 과제와 표준화 작업을 단계적으로 주도합니다.

성과는 결과물의 정확성, 일정 준수, 이해관계자와의 명확한 소통, 사용자와 사업에 미치는 영향을 기준으로 평가합니다.","- ERP·근태관리시스템를 활용한 업무 산출물 작성과 버전 관리
- 요구사항을 세부 과제와 일정으로 구체화하고 진행 현황 관리
- 유관 부서 및 외부 파트너와 기준·일정·결과물 조율
- 검토 회의 운영과 의사결정 근거·변경 이력 문서화
- 성과지표 설정 및 결과 데이터 분석을 통한 개선안 제안
- 업무상 리스크 사전 점검과 문제 발생 시 원인 분석·후속 조치
- 재사용 가능한 체크리스트·가이드·템플릿 정비
- 고객 또는 내부 사용자의 피드백을 반영한 결과물 품질 개선
- 근로시간·임금·노사관계 관리 관련 연간·분기 실행계획 수립","- 근로시간·임금·노사관계 관리 관련 지식 또는 프로젝트·실무 경험을 보유한 분
- 근태·급여·취업규칙 자료를 정확히 해석하고 업무 문서로 구조화할 수 있는 분
- ERP·근태관리시스템 중 직무에 필요한 도구를 실무에 적용할 수 있는 분
- 유관 부서와 쟁점을 명확히 설명하고 일정에 맞춰 협업할 수 있는 분
- 문제 원인을 근거에 따라 분석하고 실행 가능한 대안을 제시할 수 있는 분
- 업무상 취급하는 개인정보와 기밀정보를 안전하게 관리할 수 있는 분
- 새로운 업무 기준과 도구를 빠르게 학습할 수 있는 분","- SHRM-CP 보유자
- 공인노무사 보유자
- ERP정보관리사 인사 1급 보유자
- 근로시간·임금·노사관계 관리 관련 프로젝트를 기획부터 결과 검토까지 수행한 경험
- ERP·근태관리시스템를 활용해 반복 업무를 개선하거나 품질 기준을 정립한 경험
- 외부 파트너 또는 다양한 이해관계자와 복잡한 요구사항을 조율한 경험","- 지원서 또는 제출서류를 허위로 기재한 경우
- 채용 과정에서 부정한 방법을 사용한 경우
- 채용검진 결과 직무 수행이 어렵다고 판단되는 경우
- 관련 법령 또는 내부 인사규정상 채용이 불가능한 경우",서류전형 > 필기전형 > 면접전형 > 최종합격
노무관리자 인재 채용,59,22,20260713,20260811,20,경력 5년 이상,기간제,충청남도,학력무관,"글로벌 사업 조직에서 근로시간·임금·노사관계 관리를 담당할 노무관리자를 모집합니다. 이 포지션은 현장의 요구를 실행 가능한 계획과 결과물로 연결하는 역할입니다.

담당 범위는 근태·급여·취업규칙 자료를 바탕으로 기준을 수립하고, 우선순위에 따라 과제를 실행하며 품질과 일정을 함께 관리하는 것입니다.

인사·HR 조직의 동료와 재무·영업·개발·운영 등 유관 부서, 필요한 경우 외부 파트너와 협업해 의사결정에 필요한 정보를 정리합니다.

이슈가 발생하면 사실과 데이터를 먼저 확인하고 원인을 구분한 뒤, 대안을 비교해 합의된 조치를 실행하고 재발 방지 내용을 문서화합니다.

입사 초기에는 기존 자료와 업무 흐름을 파악하고 ERP·근태관리시스템 환경을 익힌 뒤, 담당 영역의 개선 과제와 표준화 작업을 단계적으로 주도합니다.

성과는 결과물의 정확성, 일정 준수, 이해관계자와의 명확한 소통, 사용자와 사업에 미치는 영향을 기준으로 평가합니다.","- 요구사항을 세부 과제와 일정으로 구체화하고 진행 현황 관리
- 유관 부서 및 외부 파트너와 기준·일정·결과물 조율
- 검토 회의 운영과 의사결정 근거·변경 이력 문서화
- 성과지표 설정 및 결과 데이터 분석을 통한 개선안 제안
- 업무상 리스크 사전 점검과 문제 발생 시 원인 분석·후속 조치
- 재사용 가능한 체크리스트·가이드·템플릿 정비
- 고객 또는 내부 사용자의 피드백을 반영한 결과물 품질 개선","- 근로시간·임금·노사관계 관리 관련 지식 또는 프로젝트·실무 경험을 보유한 분
- 근태·급여·취업규칙 자료를 정확히 해석하고 업무 문서로 구조화할 수 있는 분
- ERP·근태관리시스템 중 직무에 필요한 도구를 실무에 적용할 수 있는 분
- 유관 부서와 쟁점을 명확히 설명하고 일정에 맞춰 협업할 수 있는 분
- 문제 원인을 근거에 따라 분석하고 실행 가능한 대안을 제시할 수 있는 분","- 공인노무사 보유자
- ERP정보관리사 인사 1급 보유자
- SHRM-CP 보유자
- 근로시간·임금·노사관계 관리 관련 프로젝트를 기획부터 결과 검토까지 수행한 경험","- 제출한 경력·자격 증빙이 사실과 다른 경우
- 정해진 기한까지 필수 증빙서류를 제출하지 않은 경우
- 해외여행 및 근무에 결격사유가 있는 경우
- 채용 관련 비밀유지 의무를 위반한 경우",서류전형 > 실무면접 > 최종면접
노무관리자 공개채용,107,22,20260918,20261020,3,경력,정규직,경상남도,전문학사 이상,"연구개발 중심 조직에서 근로시간·임금·노사관계 관리를 담당할 노무관리자를 모집합니다. 이 포지션은 현장의 요구를 실행 가능한 계획과 결과물로 연결하는 역할입니다.

담당 범위는 근태·급여·취업규칙 자료를 바탕으로 기준을 수립하고, 우선순위에 따라 과제를 실행하며 품질과 일정을 함께 관리하는 것입니다.

인사·HR 조직의 동료와 재무·영업·개발·운영 등 유관 부서, 필요한 경우 외부 파트너와 협업해 의사결정에 필요한 정보를 정리합니다.

이슈가 발생하면 사실과 데이터를 먼저 확인하고 원인을 구분한 뒤, 대안을 비교해 합의된 조치를 실행하고 재발 방지 내용을 문서화합니다.

입사 초기에는 기존 자료와 업무 흐름을 파악하고 ERP·근태관리시스템 환경을 익힌 뒤, 담당 영역의 개선 과제와 표준화 작업을 단계적으로 주도합니다.

성과는 결과물의 정확성, 일정 준수, 이해관계자와의 명확한 소통, 사용자와 사업에 미치는 영향을 기준으로 평가합니다.","- 유관 부서 및 외부 파트너와 기준·일정·결과물 조율
- 검토 회의 운영과 의사결정 근거·변경 이력 문서화
- 성과지표 설정 및 결과 데이터 분석을 통한 개선안 제안
- 업무상 리스크 사전 점검과 문제 발생 시 원인 분석·후속 조치
- 재사용 가능한 체크리스트·가이드·템플릿 정비
- 고객 또는 내부 사용자의 피드백을 반영한 결과물 품질 개선
- 근로시간·임금·노사관계 관리 관련 연간·분기 실행계획 수립
- 근태·급여·취업규칙 자료 수집·정리 및 핵심 이슈 분석","- 근로시간·임금·노사관계 관리 관련 지식 또는 프로젝트·실무 경험을 보유한 분
- 근태·급여·취업규칙 자료를 정확히 해석하고 업무 문서로 구조화할 수 있는 분
- ERP·근태관리시스템 중 직무에 필요한 도구를 실무에 적용할 수 있는 분
- 유관 부서와 쟁점을 명확히 설명하고 일정에 맞춰 협업할 수 있는 분
- 문제 원인을 근거에 따라 분석하고 실행 가능한 대안을 제시할 수 있는 분
- 업무상 취급하는 개인정보와 기밀정보를 안전하게 관리할 수 있는 분","- ERP정보관리사 인사 1급 보유자
- SHRM-CP 보유자
- 공인노무사 보유자
- 근로시간·임금·노사관계 관리 관련 프로젝트를 기획부터 결과 검토까지 수행한 경험
- ERP·근태관리시스템를 활용해 반복 업무를 개선하거나 품질 기준을 정립한 경험","- 지원 자격 또는 필수 면허 요건을 충족하지 못한 경우
- 전형 과정에서 타인의 결과물을 무단 사용한 경우
- 채용검진 결과 담당 업무 수행이 곤란한 경우
- 관계 법령상 취업이 제한되는 경우",서류전형 > 인성검사 > 실무면접 > 최종면접
노무관리자 프로젝트 담당 모집,64,22,20261123,20261228,6,신입·경력,계약직,제주특별자치도,학사 이상,"플랫폼 운영 조직에서 근로시간·임금·노사관계 관리를 담당할 노무관리자를 모집합니다. 이 포지션은 현장의 요구를 실행 가능한 계획과 결과물로 연결하는 역할입니다.

담당 범위는 근태·급여·취업규칙 자료를 바탕으로 기준을 수립하고, 우선순위에 따라 과제를 실행하며 품질과 일정을 함께 관리하는 것입니다.

인사·HR 조직의 동료와 재무·영업·개발·운영 등 유관 부서, 필요한 경우 외부 파트너와 협업해 의사결정에 필요한 정보를 정리합니다.

이슈가 발생하면 사실과 데이터를 먼저 확인하고 원인을 구분한 뒤, 대안을 비교해 합의된 조치를 실행하고 재발 방지 내용을 문서화합니다.

입사 초기에는 기존 자료와 업무 흐름을 파악하고 ERP·근태관리시스템 환경을 익힌 뒤, 담당 영역의 개선 과제와 표준화 작업을 단계적으로 주도합니다.

성과는 결과물의 정확성, 일정 준수, 이해관계자와의 명확한 소통, 사용자와 사업에 미치는 영향을 기준으로 평가합니다.","- 검토 회의 운영과 의사결정 근거·변경 이력 문서화
- 성과지표 설정 및 결과 데이터 분석을 통한 개선안 제안
- 업무상 리스크 사전 점검과 문제 발생 시 원인 분석·후속 조치
- 재사용 가능한 체크리스트·가이드·템플릿 정비
- 고객 또는 내부 사용자의 피드백을 반영한 결과물 품질 개선
- 근로시간·임금·노사관계 관리 관련 연간·분기 실행계획 수립
- 근태·급여·취업규칙 자료 수집·정리 및 핵심 이슈 분석
- ERP·근태관리시스템를 활용한 업무 산출물 작성과 버전 관리
- 요구사항을 세부 과제와 일정으로 구체화하고 진행 현황 관리","- 근로시간·임금·노사관계 관리 관련 지식 또는 프로젝트·실무 경험을 보유한 분
- 근태·급여·취업규칙 자료를 정확히 해석하고 업무 문서로 구조화할 수 있는 분
- ERP·근태관리시스템 중 직무에 필요한 도구를 실무에 적용할 수 있는 분
- 유관 부서와 쟁점을 명확히 설명하고 일정에 맞춰 협업할 수 있는 분
- 문제 원인을 근거에 따라 분석하고 실행 가능한 대안을 제시할 수 있는 분
- 업무상 취급하는 개인정보와 기밀정보를 안전하게 관리할 수 있는 분
- 노무관리자 또는 유사 분야의 신입·경력 실무 경험을 보유한 분","- SHRM-CP 보유자
- 공인노무사 보유자
- ERP정보관리사 인사 1급 보유자
- 근로시간·임금·노사관계 관리 관련 프로젝트를 기획부터 결과 검토까지 수행한 경험
- ERP·근태관리시스템를 활용해 반복 업무를 개선하거나 품질 기준을 정립한 경험
- 외부 파트너 또는 다양한 이해관계자와 복잡한 요구사항을 조율한 경험","- 지원서 또는 제출서류를 허위로 기재한 경우
- 채용 과정에서 부정한 방법을 사용한 경우
- 채용검진 결과 직무 수행이 어렵다고 판단되는 경우
- 관련 법령 또는 내부 인사규정상 채용이 불가능한 경우",서류전형 > 직무과제 > 실무면접 > 처우협의
노무관리자 운영 담당자 채용,4,22,20260205,20260315,9,경력 2년 이상,정규직,서울특별시,학사 이상,"브랜드 사업 조직에서 근로시간·임금·노사관계 관리를 담당할 노무관리자를 모집합니다. 이 포지션은 현장의 요구를 실행 가능한 계획과 결과물로 연결하는 역할입니다.

담당 범위는 근태·급여·취업규칙 자료를 바탕으로 기준을 수립하고, 우선순위에 따라 과제를 실행하며 품질과 일정을 함께 관리하는 것입니다.

인사·HR 조직의 동료와 재무·영업·개발·운영 등 유관 부서, 필요한 경우 외부 파트너와 협업해 의사결정에 필요한 정보를 정리합니다.

이슈가 발생하면 사실과 데이터를 먼저 확인하고 원인을 구분한 뒤, 대안을 비교해 합의된 조치를 실행하고 재발 방지 내용을 문서화합니다.

입사 초기에는 기존 자료와 업무 흐름을 파악하고 ERP·근태관리시스템 환경을 익힌 뒤, 담당 영역의 개선 과제와 표준화 작업을 단계적으로 주도합니다.

성과는 결과물의 정확성, 일정 준수, 이해관계자와의 명확한 소통, 사용자와 사업에 미치는 영향을 기준으로 평가합니다.","- 성과지표 설정 및 결과 데이터 분석을 통한 개선안 제안
- 업무상 리스크 사전 점검과 문제 발생 시 원인 분석·후속 조치
- 재사용 가능한 체크리스트·가이드·템플릿 정비
- 고객 또는 내부 사용자의 피드백을 반영한 결과물 품질 개선
- 근로시간·임금·노사관계 관리 관련 연간·분기 실행계획 수립
- 근태·급여·취업규칙 자료 수집·정리 및 핵심 이슈 분석
- ERP·근태관리시스템를 활용한 업무 산출물 작성과 버전 관리","- 근로시간·임금·노사관계 관리 관련 지식 또는 프로젝트·실무 경험을 보유한 분
- 근태·급여·취업규칙 자료를 정확히 해석하고 업무 문서로 구조화할 수 있는 분
- ERP·근태관리시스템 중 직무에 필요한 도구를 실무에 적용할 수 있는 분
- 유관 부서와 쟁점을 명확히 설명하고 일정에 맞춰 협업할 수 있는 분
- 문제 원인을 근거에 따라 분석하고 실행 가능한 대안을 제시할 수 있는 분","- 공인노무사 보유자
- ERP정보관리사 인사 1급 보유자
- SHRM-CP 보유자
- 근로시간·임금·노사관계 관리 관련 프로젝트를 기획부터 결과 검토까지 수행한 경험","- 제출한 경력·자격 증빙이 사실과 다른 경우
- 정해진 기한까지 필수 증빙서류를 제출하지 않은 경우
- 해외여행 및 근무에 결격사유가 있는 경우
- 채용 관련 비밀유지 의무를 위반한 경우",서류전형 > 1차면접 > 2차면접 > 채용검진
노무관리자 핵심인재 모집,19,22,20260410,20260521,12,경력 3년 이상,무기계약직,경기도,석사 이상,"지역 기반 전문기관에서 근로시간·임금·노사관계 관리를 담당할 노무관리자를 모집합니다. 이 포지션은 현장의 요구를 실행 가능한 계획과 결과물로 연결하는 역할입니다.

담당 범위는 근태·급여·취업규칙 자료를 바탕으로 기준을 수립하고, 우선순위에 따라 과제를 실행하며 품질과 일정을 함께 관리하는 것입니다.

인사·HR 조직의 동료와 재무·영업·개발·운영 등 유관 부서, 필요한 경우 외부 파트너와 협업해 의사결정에 필요한 정보를 정리합니다.

이슈가 발생하면 사실과 데이터를 먼저 확인하고 원인을 구분한 뒤, 대안을 비교해 합의된 조치를 실행하고 재발 방지 내용을 문서화합니다.

입사 초기에는 기존 자료와 업무 흐름을 파악하고 ERP·근태관리시스템 환경을 익힌 뒤, 담당 영역의 개선 과제와 표준화 작업을 단계적으로 주도합니다.

성과는 결과물의 정확성, 일정 준수, 이해관계자와의 명확한 소통, 사용자와 사업에 미치는 영향을 기준으로 평가합니다.","- 업무상 리스크 사전 점검과 문제 발생 시 원인 분석·후속 조치
- 재사용 가능한 체크리스트·가이드·템플릿 정비
- 고객 또는 내부 사용자의 피드백을 반영한 결과물 품질 개선
- 근로시간·임금·노사관계 관리 관련 연간·분기 실행계획 수립
- 근태·급여·취업규칙 자료 수집·정리 및 핵심 이슈 분석
- ERP·근태관리시스템를 활용한 업무 산출물 작성과 버전 관리
- 요구사항을 세부 과제와 일정으로 구체화하고 진행 현황 관리
- 유관 부서 및 외부 파트너와 기준·일정·결과물 조율","- 근로시간·임금·노사관계 관리 관련 지식 또는 프로젝트·실무 경험을 보유한 분
- 근태·급여·취업규칙 자료를 정확히 해석하고 업무 문서로 구조화할 수 있는 분
- ERP·근태관리시스템 중 직무에 필요한 도구를 실무에 적용할 수 있는 분
- 유관 부서와 쟁점을 명확히 설명하고 일정에 맞춰 협업할 수 있는 분
- 문제 원인을 근거에 따라 분석하고 실행 가능한 대안을 제시할 수 있는 분
- 업무상 취급하는 개인정보와 기밀정보를 안전하게 관리할 수 있는 분","- ERP정보관리사 인사 1급 보유자
- SHRM-CP 보유자
- 공인노무사 보유자
- 근로시간·임금·노사관계 관리 관련 프로젝트를 기획부터 결과 검토까지 수행한 경험
- ERP·근태관리시스템를 활용해 반복 업무를 개선하거나 품질 기준을 정립한 경험","- 지원 자격 또는 필수 면허 요건을 충족하지 못한 경우
- 전형 과정에서 타인의 결과물을 무단 사용한 경우
- 채용검진 결과 담당 업무 수행이 곤란한 경우
- 관계 법령상 취업이 제한되는 경우",서류전형 > 필기전형 > 면접전형 > 최종합격
노무관리자 전문가 채용,5,22,20260615,20260729,15,신입,정규직,인천광역시,학력무관,"디지털 서비스 조직에서 근로시간·임금·노사관계 관리를 담당할 노무관리자를 모집합니다. 이 포지션은 현장의 요구를 실행 가능한 계획과 결과물로 연결하는 역할입니다.

담당 범위는 근태·급여·취업규칙 자료를 바탕으로 기준을 수립하고, 우선순위에 따라 과제를 실행하며 품질과 일정을 함께 관리하는 것입니다.

인사·HR 조직의 동료와 재무·영업·개발·운영 등 유관 부서, 필요한 경우 외부 파트너와 협업해 의사결정에 필요한 정보를 정리합니다.

이슈가 발생하면 사실과 데이터를 먼저 확인하고 원인을 구분한 뒤, 대안을 비교해 합의된 조치를 실행하고 재발 방지 내용을 문서화합니다.

입사 초기에는 기존 자료와 업무 흐름을 파악하고 ERP·근태관리시스템 환경을 익힌 뒤, 담당 영역의 개선 과제와 표준화 작업을 단계적으로 주도합니다.

성과는 결과물의 정확성, 일정 준수, 이해관계자와의 명확한 소통, 사용자와 사업에 미치는 영향을 기준으로 평가합니다.","- 재사용 가능한 체크리스트·가이드·템플릿 정비
- 고객 또는 내부 사용자의 피드백을 반영한 결과물 품질 개선
- 근로시간·임금·노사관계 관리 관련 연간·분기 실행계획 수립
- 근태·급여·취업규칙 자료 수집·정리 및 핵심 이슈 분석
- ERP·근태관리시스템를 활용한 업무 산출물 작성과 버전 관리
- 요구사항을 세부 과제와 일정으로 구체화하고 진행 현황 관리
- 유관 부서 및 외부 파트너와 기준·일정·결과물 조율
- 검토 회의 운영과 의사결정 근거·변경 이력 문서화
- 성과지표 설정 및 결과 데이터 분석을 통한 개선안 제안","- 근로시간·임금·노사관계 관리 관련 지식 또는 프로젝트·실무 경험을 보유한 분
- 근태·급여·취업규칙 자료를 정확히 해석하고 업무 문서로 구조화할 수 있는 분
- ERP·근태관리시스템 중 직무에 필요한 도구를 실무에 적용할 수 있는 분
- 유관 부서와 쟁점을 명확히 설명하고 일정에 맞춰 협업할 수 있는 분
- 문제 원인을 근거에 따라 분석하고 실행 가능한 대안을 제시할 수 있는 분
- 업무상 취급하는 개인정보와 기밀정보를 안전하게 관리할 수 있는 분
- 새로운 업무 기준과 도구를 빠르게 학습할 수 있는 분","- SHRM-CP 보유자
- 공인노무사 보유자
- ERP정보관리사 인사 1급 보유자
- 근로시간·임금·노사관계 관리 관련 프로젝트를 기획부터 결과 검토까지 수행한 경험
- ERP·근태관리시스템를 활용해 반복 업무를 개선하거나 품질 기준을 정립한 경험
- 외부 파트너 또는 다양한 이해관계자와 복잡한 요구사항을 조율한 경험","- 지원서 또는 제출서류를 허위로 기재한 경우
- 채용 과정에서 부정한 방법을 사용한 경우
- 채용검진 결과 직무 수행이 어렵다고 판단되는 경우
- 관련 법령 또는 내부 인사규정상 채용이 불가능한 경우",서류전형 > 실무면접 > 최종면접
노무관리자 신규 인력 모집,105,22,20260820,20260831,18,경력 2년 이상,계약직,대전광역시,전문학사 이상,"성장 단계 스타트업에서 근로시간·임금·노사관계 관리를 담당할 노무관리자를 모집합니다. 이 포지션은 현장의 요구를 실행 가능한 계획과 결과물로 연결하는 역할입니다.

담당 범위는 근태·급여·취업규칙 자료를 바탕으로 기준을 수립하고, 우선순위에 따라 과제를 실행하며 품질과 일정을 함께 관리하는 것입니다.

인사·HR 조직의 동료와 재무·영업·개발·운영 등 유관 부서, 필요한 경우 외부 파트너와 협업해 의사결정에 필요한 정보를 정리합니다.

이슈가 발생하면 사실과 데이터를 먼저 확인하고 원인을 구분한 뒤, 대안을 비교해 합의된 조치를 실행하고 재발 방지 내용을 문서화합니다.

입사 초기에는 기존 자료와 업무 흐름을 파악하고 ERP·근태관리시스템 환경을 익힌 뒤, 담당 영역의 개선 과제와 표준화 작업을 단계적으로 주도합니다.

성과는 결과물의 정확성, 일정 준수, 이해관계자와의 명확한 소통, 사용자와 사업에 미치는 영향을 기준으로 평가합니다.","- 고객 또는 내부 사용자의 피드백을 반영한 결과물 품질 개선
- 근로시간·임금·노사관계 관리 관련 연간·분기 실행계획 수립
- 근태·급여·취업규칙 자료 수집·정리 및 핵심 이슈 분석
- ERP·근태관리시스템를 활용한 업무 산출물 작성과 버전 관리
- 요구사항을 세부 과제와 일정으로 구체화하고 진행 현황 관리
- 유관 부서 및 외부 파트너와 기준·일정·결과물 조율
- 검토 회의 운영과 의사결정 근거·변경 이력 문서화","- 근로시간·임금·노사관계 관리 관련 지식 또는 프로젝트·실무 경험을 보유한 분
- 근태·급여·취업규칙 자료를 정확히 해석하고 업무 문서로 구조화할 수 있는 분
- ERP·근태관리시스템 중 직무에 필요한 도구를 실무에 적용할 수 있는 분
- 유관 부서와 쟁점을 명확히 설명하고 일정에 맞춰 협업할 수 있는 분
- 문제 원인을 근거에 따라 분석하고 실행 가능한 대안을 제시할 수 있는 분","- 공인노무사 보유자
- ERP정보관리사 인사 1급 보유자
- SHRM-CP 보유자
- 근로시간·임금·노사관계 관리 관련 프로젝트를 기획부터 결과 검토까지 수행한 경험","- 제출한 경력·자격 증빙이 사실과 다른 경우
- 정해진 기한까지 필수 증빙서류를 제출하지 않은 경우
- 해외여행 및 근무에 결격사유가 있는 경우
- 채용 관련 비밀유지 의무를 위반한 경우",서류전형 > 인성검사 > 실무면접 > 최종면접
잡매니저 담당자 모집,145,23,20260201,20260228,16,경력 3년 이상,무기계약직,세종특별자치시,학사 이상,"공공서비스 운영기관에서 구인기업·구직자 매칭 운영을 담당할 잡매니저를 모집합니다. 이 포지션은 현장의 요구를 실행 가능한 계획과 결과물로 연결하는 역할입니다.

담당 범위는 채용요건·후보자·배치 현황를 바탕으로 기준을 수립하고, 우선순위에 따라 과제를 실행하며 품질과 일정을 함께 관리하는 것입니다.

인사·HR 조직의 동료와 재무·영업·개발·운영 등 유관 부서, 필요한 경우 외부 파트너와 협업해 의사결정에 필요한 정보를 정리합니다.

이슈가 발생하면 사실과 데이터를 먼저 확인하고 원인을 구분한 뒤, 대안을 비교해 합의된 조치를 실행하고 재발 방지 내용을 문서화합니다.

입사 초기에는 기존 자료와 업무 흐름을 파악하고 ATS·CRM 환경을 익힌 뒤, 담당 영역의 개선 과제와 표준화 작업을 단계적으로 주도합니다.

성과는 결과물의 정확성, 일정 준수, 이해관계자와의 명확한 소통, 사용자와 사업에 미치는 영향을 기준으로 평가합니다.","- 구인기업·구직자 매칭 운영 관련 연간·분기 실행계획 수립
- 채용요건·후보자·배치 현황 수집·정리 및 핵심 이슈 분석
- ATS·CRM를 활용한 업무 산출물 작성과 버전 관리
- 요구사항을 세부 과제와 일정으로 구체화하고 진행 현황 관리
- 유관 부서 및 외부 파트너와 기준·일정·결과물 조율
- 검토 회의 운영과 의사결정 근거·변경 이력 문서화
- 성과지표 설정 및 결과 데이터 분석을 통한 개선안 제안","- 구인기업·구직자 매칭 운영 관련 지식 또는 프로젝트·실무 경험을 보유한 분
- 채용요건·후보자·배치 현황를 정확히 해석하고 업무 문서로 구조화할 수 있는 분
- ATS·CRM 중 직무에 필요한 도구를 실무에 적용할 수 있는 분
- 유관 부서와 쟁점을 명확히 설명하고 일정에 맞춰 협업할 수 있는 분
- 문제 원인을 근거에 따라 분석하고 실행 가능한 대안을 제시할 수 있는 분","- 직업상담사 2급 보유자
- 직업상담사 1급 보유자
- 사회복지사 2급 보유자
- 구인기업·구직자 매칭 운영 관련 프로젝트를 기획부터 결과 검토까지 수행한 경험","- 지원 자격 또는 필수 면허 요건을 충족하지 못한 경우
- 전형 과정에서 타인의 결과물을 무단 사용한 경우
- 채용검진 결과 담당 업무 수행이 곤란한 경우
- 관계 법령상 취업이 제한되는 경우",서류전형 > 1차면접 > 2차면접 > 채용검진
잡매니저 실무자 채용,97,23,20260406,20260506,19,경력 무관,정규직,충청남도,석사 이상,"전문 컨설팅 조직에서 구인기업·구직자 매칭 운영을 담당할 잡매니저를 모집합니다. 이 포지션은 현장의 요구를 실행 가능한 계획과 결과물로 연결하는 역할입니다.

담당 범위는 채용요건·후보자·배치 현황를 바탕으로 기준을 수립하고, 우선순위에 따라 과제를 실행하며 품질과 일정을 함께 관리하는 것입니다.

인사·HR 조직의 동료와 재무·영업·개발·운영 등 유관 부서, 필요한 경우 외부 파트너와 협업해 의사결정에 필요한 정보를 정리합니다.

이슈가 발생하면 사실과 데이터를 먼저 확인하고 원인을 구분한 뒤, 대안을 비교해 합의된 조치를 실행하고 재발 방지 내용을 문서화합니다.

입사 초기에는 기존 자료와 업무 흐름을 파악하고 ATS·CRM 환경을 익힌 뒤, 담당 영역의 개선 과제와 표준화 작업을 단계적으로 주도합니다.

성과는 결과물의 정확성, 일정 준수, 이해관계자와의 명확한 소통, 사용자와 사업에 미치는 영향을 기준으로 평가합니다.","- 채용요건·후보자·배치 현황 수집·정리 및 핵심 이슈 분석
- ATS·CRM를 활용한 업무 산출물 작성과 버전 관리
- 요구사항을 세부 과제와 일정으로 구체화하고 진행 현황 관리
- 유관 부서 및 외부 파트너와 기준·일정·결과물 조율
- 검토 회의 운영과 의사결정 근거·변경 이력 문서화
- 성과지표 설정 및 결과 데이터 분석을 통한 개선안 제안
- 업무상 리스크 사전 점검과 문제 발생 시 원인 분석·후속 조치
- 재사용 가능한 체크리스트·가이드·템플릿 정비","- 구인기업·구직자 매칭 운영 관련 지식 또는 프로젝트·실무 경험을 보유한 분
- 채용요건·후보자·배치 현황를 정확히 해석하고 업무 문서로 구조화할 수 있는 분
- ATS·CRM 중 직무에 필요한 도구를 실무에 적용할 수 있는 분
- 유관 부서와 쟁점을 명확히 설명하고 일정에 맞춰 협업할 수 있는 분
- 문제 원인을 근거에 따라 분석하고 실행 가능한 대안을 제시할 수 있는 분
- 업무상 취급하는 개인정보와 기밀정보를 안전하게 관리할 수 있는 분","- 직업상담사 1급 보유자
- 사회복지사 2급 보유자
- 직업상담사 2급 보유자
- 구인기업·구직자 매칭 운영 관련 프로젝트를 기획부터 결과 검토까지 수행한 경험
- ATS·CRM를 활용해 반복 업무를 개선하거나 품질 기준을 정립한 경험","- 지원서 또는 제출서류를 허위로 기재한 경우
- 채용 과정에서 부정한 방법을 사용한 경우
- 채용검진 결과 직무 수행이 어렵다고 판단되는 경우
- 관련 법령 또는 내부 인사규정상 채용이 불가능한 경우",서류전형 > 필기전형 > 면접전형 > 최종합격
잡매니저 전문인력 모집,149,23,20260611,20260714,2,경력 5년 이상,기간제,경상남도,학력무관,"글로벌 사업 조직에서 구인기업·구직자 매칭 운영을 담당할 잡매니저를 모집합니다. 이 포지션은 현장의 요구를 실행 가능한 계획과 결과물로 연결하는 역할입니다.

담당 범위는 채용요건·후보자·배치 현황를 바탕으로 기준을 수립하고, 우선순위에 따라 과제를 실행하며 품질과 일정을 함께 관리하는 것입니다.

인사·HR 조직의 동료와 재무·영업·개발·운영 등 유관 부서, 필요한 경우 외부 파트너와 협업해 의사결정에 필요한 정보를 정리합니다.

이슈가 발생하면 사실과 데이터를 먼저 확인하고 원인을 구분한 뒤, 대안을 비교해 합의된 조치를 실행하고 재발 방지 내용을 문서화합니다.

입사 초기에는 기존 자료와 업무 흐름을 파악하고 ATS·CRM 환경을 익힌 뒤, 담당 영역의 개선 과제와 표준화 작업을 단계적으로 주도합니다.

성과는 결과물의 정확성, 일정 준수, 이해관계자와의 명확한 소통, 사용자와 사업에 미치는 영향을 기준으로 평가합니다.","- ATS·CRM를 활용한 업무 산출물 작성과 버전 관리
- 요구사항을 세부 과제와 일정으로 구체화하고 진행 현황 관리
- 유관 부서 및 외부 파트너와 기준·일정·결과물 조율
- 검토 회의 운영과 의사결정 근거·변경 이력 문서화
- 성과지표 설정 및 결과 데이터 분석을 통한 개선안 제안
- 업무상 리스크 사전 점검과 문제 발생 시 원인 분석·후속 조치
- 재사용 가능한 체크리스트·가이드·템플릿 정비
- 고객 또는 내부 사용자의 피드백을 반영한 결과물 품질 개선
- 구인기업·구직자 매칭 운영 관련 연간·분기 실행계획 수립","- 구인기업·구직자 매칭 운영 관련 지식 또는 프로젝트·실무 경험을 보유한 분
- 채용요건·후보자·배치 현황를 정확히 해석하고 업무 문서로 구조화할 수 있는 분
- ATS·CRM 중 직무에 필요한 도구를 실무에 적용할 수 있는 분
- 유관 부서와 쟁점을 명확히 설명하고 일정에 맞춰 협업할 수 있는 분
- 문제 원인을 근거에 따라 분석하고 실행 가능한 대안을 제시할 수 있는 분
- 업무상 취급하는 개인정보와 기밀정보를 안전하게 관리할 수 있는 분
- 잡매니저 또는 유사 분야의 5년 이상 실무 경험을 보유한 분","- 사회복지사 2급 보유자
- 직업상담사 2급 보유자
- 직업상담사 1급 보유자
- 구인기업·구직자 매칭 운영 관련 프로젝트를 기획부터 결과 검토까지 수행한 경험
- ATS·CRM를 활용해 반복 업무를 개선하거나 품질 기준을 정립한 경험
- 외부 파트너 또는 다양한 이해관계자와 복잡한 요구사항을 조율한 경험","- 제출한 경력·자격 증빙이 사실과 다른 경우
- 정해진 기한까지 필수 증빙서류를 제출하지 않은 경우
- 해외여행 및 근무에 결격사유가 있는 경우
- 채용 관련 비밀유지 의무를 위반한 경우",서류전형 > 실무면접 > 최종면접
잡매니저 인재 채용,18,23,20260816,20260921,5,경력,정규직,제주특별자치도,전문학사 이상,"연구개발 중심 조직에서 구인기업·구직자 매칭 운영을 담당할 잡매니저를 모집합니다. 이 포지션은 현장의 요구를 실행 가능한 계획과 결과물로 연결하는 역할입니다.

담당 범위는 채용요건·후보자·배치 현황를 바탕으로 기준을 수립하고, 우선순위에 따라 과제를 실행하며 품질과 일정을 함께 관리하는 것입니다.

인사·HR 조직의 동료와 재무·영업·개발·운영 등 유관 부서, 필요한 경우 외부 파트너와 협업해 의사결정에 필요한 정보를 정리합니다.

이슈가 발생하면 사실과 데이터를 먼저 확인하고 원인을 구분한 뒤, 대안을 비교해 합의된 조치를 실행하고 재발 방지 내용을 문서화합니다.

입사 초기에는 기존 자료와 업무 흐름을 파악하고 ATS·CRM 환경을 익힌 뒤, 담당 영역의 개선 과제와 표준화 작업을 단계적으로 주도합니다.

성과는 결과물의 정확성, 일정 준수, 이해관계자와의 명확한 소통, 사용자와 사업에 미치는 영향을 기준으로 평가합니다.","- 요구사항을 세부 과제와 일정으로 구체화하고 진행 현황 관리
- 유관 부서 및 외부 파트너와 기준·일정·결과물 조율
- 검토 회의 운영과 의사결정 근거·변경 이력 문서화
- 성과지표 설정 및 결과 데이터 분석을 통한 개선안 제안
- 업무상 리스크 사전 점검과 문제 발생 시 원인 분석·후속 조치
- 재사용 가능한 체크리스트·가이드·템플릿 정비
- 고객 또는 내부 사용자의 피드백을 반영한 결과물 품질 개선","- 구인기업·구직자 매칭 운영 관련 지식 또는 프로젝트·실무 경험을 보유한 분
- 채용요건·후보자·배치 현황를 정확히 해석하고 업무 문서로 구조화할 수 있는 분
- ATS·CRM 중 직무에 필요한 도구를 실무에 적용할 수 있는 분
- 유관 부서와 쟁점을 명확히 설명하고 일정에 맞춰 협업할 수 있는 분
- 문제 원인을 근거에 따라 분석하고 실행 가능한 대안을 제시할 수 있는 분","- 직업상담사 2급 보유자
- 직업상담사 1급 보유자
- 사회복지사 2급 보유자
- 구인기업·구직자 매칭 운영 관련 프로젝트를 기획부터 결과 검토까지 수행한 경험","- 지원 자격 또는 필수 면허 요건을 충족하지 못한 경우
- 전형 과정에서 타인의 결과물을 무단 사용한 경우
- 채용검진 결과 담당 업무 수행이 곤란한 경우
- 관계 법령상 취업이 제한되는 경우",서류전형 > 인성검사 > 실무면접 > 최종면접
잡매니저 공개채용,111,23,20261021,20261129,8,신입·경력,계약직,서울특별시,학사 이상,"플랫폼 운영 조직에서 구인기업·구직자 매칭 운영을 담당할 잡매니저를 모집합니다. 이 포지션은 현장의 요구를 실행 가능한 계획과 결과물로 연결하는 역할입니다.

담당 범위는 채용요건·후보자·배치 현황를 바탕으로 기준을 수립하고, 우선순위에 따라 과제를 실행하며 품질과 일정을 함께 관리하는 것입니다.

인사·HR 조직의 동료와 재무·영업·개발·운영 등 유관 부서, 필요한 경우 외부 파트너와 협업해 의사결정에 필요한 정보를 정리합니다.

이슈가 발생하면 사실과 데이터를 먼저 확인하고 원인을 구분한 뒤, 대안을 비교해 합의된 조치를 실행하고 재발 방지 내용을 문서화합니다.

입사 초기에는 기존 자료와 업무 흐름을 파악하고 ATS·CRM 환경을 익힌 뒤, 담당 영역의 개선 과제와 표준화 작업을 단계적으로 주도합니다.

성과는 결과물의 정확성, 일정 준수, 이해관계자와의 명확한 소통, 사용자와 사업에 미치는 영향을 기준으로 평가합니다.","- 유관 부서 및 외부 파트너와 기준·일정·결과물 조율
- 검토 회의 운영과 의사결정 근거·변경 이력 문서화
- 성과지표 설정 및 결과 데이터 분석을 통한 개선안 제안
- 업무상 리스크 사전 점검과 문제 발생 시 원인 분석·후속 조치
- 재사용 가능한 체크리스트·가이드·템플릿 정비
- 고객 또는 내부 사용자의 피드백을 반영한 결과물 품질 개선
- 구인기업·구직자 매칭 운영 관련 연간·분기 실행계획 수립
- 채용요건·후보자·배치 현황 수집·정리 및 핵심 이슈 분석","- 구인기업·구직자 매칭 운영 관련 지식 또는 프로젝트·실무 경험을 보유한 분
- 채용요건·후보자·배치 현황를 정확히 해석하고 업무 문서로 구조화할 수 있는 분
- ATS·CRM 중 직무에 필요한 도구를 실무에 적용할 수 있는 분
- 유관 부서와 쟁점을 명확히 설명하고 일정에 맞춰 협업할 수 있는 분
- 문제 원인을 근거에 따라 분석하고 실행 가능한 대안을 제시할 수 있는 분
- 업무상 취급하는 개인정보와 기밀정보를 안전하게 관리할 수 있는 분","- 직업상담사 1급 보유자
- 사회복지사 2급 보유자
- 직업상담사 2급 보유자
- 구인기업·구직자 매칭 운영 관련 프로젝트를 기획부터 결과 검토까지 수행한 경험
- ATS·CRM를 활용해 반복 업무를 개선하거나 품질 기준을 정립한 경험","- 지원서 또는 제출서류를 허위로 기재한 경우
- 채용 과정에서 부정한 방법을 사용한 경우
- 채용검진 결과 직무 수행이 어렵다고 판단되는 경우
- 관련 법령 또는 내부 인사규정상 채용이 불가능한 경우",서류전형 > 직무과제 > 실무면접 > 처우협의
잡매니저 프로젝트 담당 모집,123,23,20260103,20260214,11,경력 2년 이상,정규직,경기도,학사 이상,"브랜드 사업 조직에서 구인기업·구직자 매칭 운영을 담당할 잡매니저를 모집합니다. 이 포지션은 현장의 요구를 실행 가능한 계획과 결과물로 연결하는 역할입니다.

담당 범위는 채용요건·후보자·배치 현황를 바탕으로 기준을 수립하고, 우선순위에 따라 과제를 실행하며 품질과 일정을 함께 관리하는 것입니다.

인사·HR 조직의 동료와 재무·영업·개발·운영 등 유관 부서, 필요한 경우 외부 파트너와 협업해 의사결정에 필요한 정보를 정리합니다.

이슈가 발생하면 사실과 데이터를 먼저 확인하고 원인을 구분한 뒤, 대안을 비교해 합의된 조치를 실행하고 재발 방지 내용을 문서화합니다.

입사 초기에는 기존 자료와 업무 흐름을 파악하고 ATS·CRM 환경을 익힌 뒤, 담당 영역의 개선 과제와 표준화 작업을 단계적으로 주도합니다.

성과는 결과물의 정확성, 일정 준수, 이해관계자와의 명확한 소통, 사용자와 사업에 미치는 영향을 기준으로 평가합니다.","- 검토 회의 운영과 의사결정 근거·변경 이력 문서화
- 성과지표 설정 및 결과 데이터 분석을 통한 개선안 제안
- 업무상 리스크 사전 점검과 문제 발생 시 원인 분석·후속 조치
- 재사용 가능한 체크리스트·가이드·템플릿 정비
- 고객 또는 내부 사용자의 피드백을 반영한 결과물 품질 개선
- 구인기업·구직자 매칭 운영 관련 연간·분기 실행계획 수립
- 채용요건·후보자·배치 현황 수집·정리 및 핵심 이슈 분석
- ATS·CRM를 활용한 업무 산출물 작성과 버전 관리
- 요구사항을 세부 과제와 일정으로 구체화하고 진행 현황 관리","- 구인기업·구직자 매칭 운영 관련 지식 또는 프로젝트·실무 경험을 보유한 분
- 채용요건·후보자·배치 현황를 정확히 해석하고 업무 문서로 구조화할 수 있는 분
- ATS·CRM 중 직무에 필요한 도구를 실무에 적용할 수 있는 분
- 유관 부서와 쟁점을 명확히 설명하고 일정에 맞춰 협업할 수 있는 분
- 문제 원인을 근거에 따라 분석하고 실행 가능한 대안을 제시할 수 있는 분
- 업무상 취급하는 개인정보와 기밀정보를 안전하게 관리할 수 있는 분
- 잡매니저 또는 유사 분야의 2년 이상 실무 경험을 보유한 분","- 사회복지사 2급 보유자
- 직업상담사 2급 보유자
- 직업상담사 1급 보유자
- 구인기업·구직자 매칭 운영 관련 프로젝트를 기획부터 결과 검토까지 수행한 경험
- ATS·CRM를 활용해 반복 업무를 개선하거나 품질 기준을 정립한 경험
- 외부 파트너 또는 다양한 이해관계자와 복잡한 요구사항을 조율한 경험","- 제출한 경력·자격 증빙이 사실과 다른 경우
- 정해진 기한까지 필수 증빙서류를 제출하지 않은 경우
- 해외여행 및 근무에 결격사유가 있는 경우
- 채용 관련 비밀유지 의무를 위반한 경우",서류전형 > 1차면접 > 2차면접 > 채용검진
잡매니저 운영 담당자 채용,67,23,20260308,20260422,14,경력 3년 이상,무기계약직,인천광역시,석사 이상,"지역 기반 전문기관에서 구인기업·구직자 매칭 운영을 담당할 잡매니저를 모집합니다. 이 포지션은 현장의 요구를 실행 가능한 계획과 결과물로 연결하는 역할입니다.

담당 범위는 채용요건·후보자·배치 현황를 바탕으로 기준을 수립하고, 우선순위에 따라 과제를 실행하며 품질과 일정을 함께 관리하는 것입니다.

인사·HR 조직의 동료와 재무·영업·개발·운영 등 유관 부서, 필요한 경우 외부 파트너와 협업해 의사결정에 필요한 정보를 정리합니다.

이슈가 발생하면 사실과 데이터를 먼저 확인하고 원인을 구분한 뒤, 대안을 비교해 합의된 조치를 실행하고 재발 방지 내용을 문서화합니다.

입사 초기에는 기존 자료와 업무 흐름을 파악하고 ATS·CRM 환경을 익힌 뒤, 담당 영역의 개선 과제와 표준화 작업을 단계적으로 주도합니다.

성과는 결과물의 정확성, 일정 준수, 이해관계자와의 명확한 소통, 사용자와 사업에 미치는 영향을 기준으로 평가합니다.","- 성과지표 설정 및 결과 데이터 분석을 통한 개선안 제안
- 업무상 리스크 사전 점검과 문제 발생 시 원인 분석·후속 조치
- 재사용 가능한 체크리스트·가이드·템플릿 정비
- 고객 또는 내부 사용자의 피드백을 반영한 결과물 품질 개선
- 구인기업·구직자 매칭 운영 관련 연간·분기 실행계획 수립
- 채용요건·후보자·배치 현황 수집·정리 및 핵심 이슈 분석
- ATS·CRM를 활용한 업무 산출물 작성과 버전 관리","- 구인기업·구직자 매칭 운영 관련 지식 또는 프로젝트·실무 경험을 보유한 분
- 채용요건·후보자·배치 현황를 정확히 해석하고 업무 문서로 구조화할 수 있는 분
- ATS·CRM 중 직무에 필요한 도구를 실무에 적용할 수 있는 분
- 유관 부서와 쟁점을 명확히 설명하고 일정에 맞춰 협업할 수 있는 분
- 문제 원인을 근거에 따라 분석하고 실행 가능한 대안을 제시할 수 있는 분","- 직업상담사 2급 보유자
- 직업상담사 1급 보유자
- 사회복지사 2급 보유자
- 구인기업·구직자 매칭 운영 관련 프로젝트를 기획부터 결과 검토까지 수행한 경험","- 지원 자격 또는 필수 면허 요건을 충족하지 못한 경우
- 전형 과정에서 타인의 결과물을 무단 사용한 경우
- 채용검진 결과 담당 업무 수행이 곤란한 경우
- 관계 법령상 취업이 제한되는 경우",서류전형 > 필기전형 > 면접전형 > 최종합격
잡매니저 핵심인재 모집,119,23,20260513,20260525,17,신입,정규직,대전광역시,학력무관,"디지털 서비스 조직에서 구인기업·구직자 매칭 운영을 담당할 잡매니저를 모집합니다. 이 포지션은 현장의 요구를 실행 가능한 계획과 결과물로 연결하는 역할입니다.

담당 범위는 채용요건·후보자·배치 현황를 바탕으로 기준을 수립하고, 우선순위에 따라 과제를 실행하며 품질과 일정을 함께 관리하는 것입니다.

인사·HR 조직의 동료와 재무·영업·개발·운영 등 유관 부서, 필요한 경우 외부 파트너와 협업해 의사결정에 필요한 정보를 정리합니다.

이슈가 발생하면 사실과 데이터를 먼저 확인하고 원인을 구분한 뒤, 대안을 비교해 합의된 조치를 실행하고 재발 방지 내용을 문서화합니다.

입사 초기에는 기존 자료와 업무 흐름을 파악하고 ATS·CRM 환경을 익힌 뒤, 담당 영역의 개선 과제와 표준화 작업을 단계적으로 주도합니다.

성과는 결과물의 정확성, 일정 준수, 이해관계자와의 명확한 소통, 사용자와 사업에 미치는 영향을 기준으로 평가합니다.","- 업무상 리스크 사전 점검과 문제 발생 시 원인 분석·후속 조치
- 재사용 가능한 체크리스트·가이드·템플릿 정비
- 고객 또는 내부 사용자의 피드백을 반영한 결과물 품질 개선
- 구인기업·구직자 매칭 운영 관련 연간·분기 실행계획 수립
- 채용요건·후보자·배치 현황 수집·정리 및 핵심 이슈 분석
- ATS·CRM를 활용한 업무 산출물 작성과 버전 관리
- 요구사항을 세부 과제와 일정으로 구체화하고 진행 현황 관리
- 유관 부서 및 외부 파트너와 기준·일정·결과물 조율","- 구인기업·구직자 매칭 운영 관련 지식 또는 프로젝트·실무 경험을 보유한 분
- 채용요건·후보자·배치 현황를 정확히 해석하고 업무 문서로 구조화할 수 있는 분
- ATS·CRM 중 직무에 필요한 도구를 실무에 적용할 수 있는 분
- 유관 부서와 쟁점을 명확히 설명하고 일정에 맞춰 협업할 수 있는 분
- 문제 원인을 근거에 따라 분석하고 실행 가능한 대안을 제시할 수 있는 분
- 업무상 취급하는 개인정보와 기밀정보를 안전하게 관리할 수 있는 분","- 직업상담사 1급 보유자
- 사회복지사 2급 보유자
- 직업상담사 2급 보유자
- 구인기업·구직자 매칭 운영 관련 프로젝트를 기획부터 결과 검토까지 수행한 경험
- ATS·CRM를 활용해 반복 업무를 개선하거나 품질 기준을 정립한 경험","- 지원서 또는 제출서류를 허위로 기재한 경우
- 채용 과정에서 부정한 방법을 사용한 경우
- 채용검진 결과 직무 수행이 어렵다고 판단되는 경우
- 관련 법령 또는 내부 인사규정상 채용이 불가능한 경우",서류전형 > 실무면접 > 최종면접
잡매니저 전문가 채용,91,23,20260718,20260802,20,경력 2년 이상,계약직,부산광역시,전문학사 이상,"성장 단계 스타트업에서 구인기업·구직자 매칭 운영을 담당할 잡매니저를 모집합니다. 이 포지션은 현장의 요구를 실행 가능한 계획과 결과물로 연결하는 역할입니다.

담당 범위는 채용요건·후보자·배치 현황를 바탕으로 기준을 수립하고, 우선순위에 따라 과제를 실행하며 품질과 일정을 함께 관리하는 것입니다.

인사·HR 조직의 동료와 재무·영업·개발·운영 등 유관 부서, 필요한 경우 외부 파트너와 협업해 의사결정에 필요한 정보를 정리합니다.

이슈가 발생하면 사실과 데이터를 먼저 확인하고 원인을 구분한 뒤, 대안을 비교해 합의된 조치를 실행하고 재발 방지 내용을 문서화합니다.

입사 초기에는 기존 자료와 업무 흐름을 파악하고 ATS·CRM 환경을 익힌 뒤, 담당 영역의 개선 과제와 표준화 작업을 단계적으로 주도합니다.

성과는 결과물의 정확성, 일정 준수, 이해관계자와의 명확한 소통, 사용자와 사업에 미치는 영향을 기준으로 평가합니다.","- 재사용 가능한 체크리스트·가이드·템플릿 정비
- 고객 또는 내부 사용자의 피드백을 반영한 결과물 품질 개선
- 구인기업·구직자 매칭 운영 관련 연간·분기 실행계획 수립
- 채용요건·후보자·배치 현황 수집·정리 및 핵심 이슈 분석
- ATS·CRM를 활용한 업무 산출물 작성과 버전 관리
- 요구사항을 세부 과제와 일정으로 구체화하고 진행 현황 관리
- 유관 부서 및 외부 파트너와 기준·일정·결과물 조율
- 검토 회의 운영과 의사결정 근거·변경 이력 문서화
- 성과지표 설정 및 결과 데이터 분석을 통한 개선안 제안","- 구인기업·구직자 매칭 운영 관련 지식 또는 프로젝트·실무 경험을 보유한 분
- 채용요건·후보자·배치 현황를 정확히 해석하고 업무 문서로 구조화할 수 있는 분
- ATS·CRM 중 직무에 필요한 도구를 실무에 적용할 수 있는 분
- 유관 부서와 쟁점을 명확히 설명하고 일정에 맞춰 협업할 수 있는 분
- 문제 원인을 근거에 따라 분석하고 실행 가능한 대안을 제시할 수 있는 분
- 업무상 취급하는 개인정보와 기밀정보를 안전하게 관리할 수 있는 분
- 잡매니저 또는 유사 분야의 2년 이상 실무 경험을 보유한 분","- 사회복지사 2급 보유자
- 직업상담사 2급 보유자
- 직업상담사 1급 보유자
- 구인기업·구직자 매칭 운영 관련 프로젝트를 기획부터 결과 검토까지 수행한 경험
- ATS·CRM를 활용해 반복 업무를 개선하거나 품질 기준을 정립한 경험
- 외부 파트너 또는 다양한 이해관계자와 복잡한 요구사항을 조율한 경험","- 제출한 경력·자격 증빙이 사실과 다른 경우
- 정해진 기한까지 필수 증빙서류를 제출하지 않은 경우
- 해외여행 및 근무에 결격사유가 있는 경우
- 채용 관련 비밀유지 의무를 위반한 경우",서류전형 > 인성검사 > 실무면접 > 최종면접
잡매니저 신규 인력 모집,112,23,20260923,20261011,3,신입·경력,정규직,광주광역시,학사 이상,"중견기업 전략 조직에서 구인기업·구직자 매칭 운영을 담당할 잡매니저를 모집합니다. 이 포지션은 현장의 요구를 실행 가능한 계획과 결과물로 연결하는 역할입니다.

담당 범위는 채용요건·후보자·배치 현황를 바탕으로 기준을 수립하고, 우선순위에 따라 과제를 실행하며 품질과 일정을 함께 관리하는 것입니다.

인사·HR 조직의 동료와 재무·영업·개발·운영 등 유관 부서, 필요한 경우 외부 파트너와 협업해 의사결정에 필요한 정보를 정리합니다.

이슈가 발생하면 사실과 데이터를 먼저 확인하고 원인을 구분한 뒤, 대안을 비교해 합의된 조치를 실행하고 재발 방지 내용을 문서화합니다.

입사 초기에는 기존 자료와 업무 흐름을 파악하고 ATS·CRM 환경을 익힌 뒤, 담당 영역의 개선 과제와 표준화 작업을 단계적으로 주도합니다.

성과는 결과물의 정확성, 일정 준수, 이해관계자와의 명확한 소통, 사용자와 사업에 미치는 영향을 기준으로 평가합니다.","- 고객 또는 내부 사용자의 피드백을 반영한 결과물 품질 개선
- 구인기업·구직자 매칭 운영 관련 연간·분기 실행계획 수립
- 채용요건·후보자·배치 현황 수집·정리 및 핵심 이슈 분석
- ATS·CRM를 활용한 업무 산출물 작성과 버전 관리
- 요구사항을 세부 과제와 일정으로 구체화하고 진행 현황 관리
- 유관 부서 및 외부 파트너와 기준·일정·결과물 조율
- 검토 회의 운영과 의사결정 근거·변경 이력 문서화","- 구인기업·구직자 매칭 운영 관련 지식 또는 프로젝트·실무 경험을 보유한 분
- 채용요건·후보자·배치 현황를 정확히 해석하고 업무 문서로 구조화할 수 있는 분
- ATS·CRM 중 직무에 필요한 도구를 실무에 적용할 수 있는 분
- 유관 부서와 쟁점을 명확히 설명하고 일정에 맞춰 협업할 수 있는 분
- 문제 원인을 근거에 따라 분석하고 실행 가능한 대안을 제시할 수 있는 분","- 직업상담사 2급 보유자
- 직업상담사 1급 보유자
- 사회복지사 2급 보유자
- 구인기업·구직자 매칭 운영 관련 프로젝트를 기획부터 결과 검토까지 수행한 경험","- 지원 자격 또는 필수 면허 요건을 충족하지 못한 경우
- 전형 과정에서 타인의 결과물을 무단 사용한 경우
- 채용검진 결과 담당 업무 수행이 곤란한 경우
- 관계 법령상 취업이 제한되는 경우",서류전형 > 직무과제 > 실무면접 > 처우협의
헤드헌터 담당자 모집,85,24,20260304,20260407,1,경력 무관,정규직,경상남도,석사 이상,"전문 컨설팅 조직에서 핵심인재 소싱·후보자 추천을 담당할 헤드헌터를 모집합니다. 이 포지션은 현장의 요구를 실행 가능한 계획과 결과물로 연결하는 역할입니다.

담당 범위는 직무기술서·후보자 경력·시장정보를 바탕으로 기준을 수립하고, 우선순위에 따라 과제를 실행하며 품질과 일정을 함께 관리하는 것입니다.

인사·HR 조직의 동료와 재무·영업·개발·운영 등 유관 부서, 필요한 경우 외부 파트너와 협업해 의사결정에 필요한 정보를 정리합니다.

이슈가 발생하면 사실과 데이터를 먼저 확인하고 원인을 구분한 뒤, 대안을 비교해 합의된 조치를 실행하고 재발 방지 내용을 문서화합니다.

입사 초기에는 기존 자료와 업무 흐름을 파악하고 LinkedIn·ATS 환경을 익힌 뒤, 담당 영역의 개선 과제와 표준화 작업을 단계적으로 주도합니다.

성과는 결과물의 정확성, 일정 준수, 이해관계자와의 명확한 소통, 사용자와 사업에 미치는 영향을 기준으로 평가합니다.","- 핵심인재 소싱·후보자 추천 관련 연간·분기 실행계획 수립
- 직무기술서·후보자 경력·시장정보 수집·정리 및 핵심 이슈 분석
- LinkedIn·ATS를 활용한 업무 산출물 작성과 버전 관리
- 요구사항을 세부 과제와 일정으로 구체화하고 진행 현황 관리
- 유관 부서 및 외부 파트너와 기준·일정·결과물 조율
- 검토 회의 운영과 의사결정 근거·변경 이력 문서화
- 성과지표 설정 및 결과 데이터 분석을 통한 개선안 제안","- 핵심인재 소싱·후보자 추천 관련 지식 또는 프로젝트·실무 경험을 보유한 분
- 직무기술서·후보자 경력·시장정보를 정확히 해석하고 업무 문서로 구조화할 수 있는 분
- LinkedIn·ATS 중 직무에 필요한 도구를 실무에 적용할 수 있는 분
- 유관 부서와 쟁점을 명확히 설명하고 일정에 맞춰 협업할 수 있는 분
- 문제 원인을 근거에 따라 분석하고 실행 가능한 대안을 제시할 수 있는 분","- 직업상담사 2급 보유자
- SHRM-CP 보유자
- PMP 보유자
- 핵심인재 소싱·후보자 추천 관련 프로젝트를 기획부터 결과 검토까지 수행한 경험","- 지원서 또는 제출서류를 허위로 기재한 경우
- 채용 과정에서 부정한 방법을 사용한 경우
- 채용검진 결과 직무 수행이 어렵다고 판단되는 경우
- 관련 법령 또는 내부 인사규정상 채용이 불가능한 경우",서류전형 > 필기전형 > 면접전형 > 최종합격
헤드헌터 실무자 채용,34,24,20260509,20260615,4,경력 5년 이상,기간제,제주특별자치도,학력무관,"글로벌 사업 조직에서 핵심인재 소싱·후보자 추천을 담당할 헤드헌터를 모집합니다. 이 포지션은 현장의 요구를 실행 가능한 계획과 결과물로 연결하는 역할입니다.

담당 범위는 직무기술서·후보자 경력·시장정보를 바탕으로 기준을 수립하고, 우선순위에 따라 과제를 실행하며 품질과 일정을 함께 관리하는 것입니다.

인사·HR 조직의 동료와 재무·영업·개발·운영 등 유관 부서, 필요한 경우 외부 파트너와 협업해 의사결정에 필요한 정보를 정리합니다.

이슈가 발생하면 사실과 데이터를 먼저 확인하고 원인을 구분한 뒤, 대안을 비교해 합의된 조치를 실행하고 재발 방지 내용을 문서화합니다.

입사 초기에는 기존 자료와 업무 흐름을 파악하고 LinkedIn·ATS 환경을 익힌 뒤, 담당 영역의 개선 과제와 표준화 작업을 단계적으로 주도합니다.

성과는 결과물의 정확성, 일정 준수, 이해관계자와의 명확한 소통, 사용자와 사업에 미치는 영향을 기준으로 평가합니다.","- 직무기술서·후보자 경력·시장정보 수집·정리 및 핵심 이슈 분석
- LinkedIn·ATS를 활용한 업무 산출물 작성과 버전 관리
- 요구사항을 세부 과제와 일정으로 구체화하고 진행 현황 관리
- 유관 부서 및 외부 파트너와 기준·일정·결과물 조율
- 검토 회의 운영과 의사결정 근거·변경 이력 문서화
- 성과지표 설정 및 결과 데이터 분석을 통한 개선안 제안
- 업무상 리스크 사전 점검과 문제 발생 시 원인 분석·후속 조치
- 재사용 가능한 체크리스트·가이드·템플릿 정비","- 핵심인재 소싱·후보자 추천 관련 지식 또는 프로젝트·실무 경험을 보유한 분
- 직무기술서·후보자 경력·시장정보를 정확히 해석하고 업무 문서로 구조화할 수 있는 분
- LinkedIn·ATS 중 직무에 필요한 도구를 실무에 적용할 수 있는 분
- 유관 부서와 쟁점을 명확히 설명하고 일정에 맞춰 협업할 수 있는 분
- 문제 원인을 근거에 따라 분석하고 실행 가능한 대안을 제시할 수 있는 분
- 업무상 취급하는 개인정보와 기밀정보를 안전하게 관리할 수 있는 분","- SHRM-CP 보유자
- PMP 보유자
- 직업상담사 2급 보유자
- 핵심인재 소싱·후보자 추천 관련 프로젝트를 기획부터 결과 검토까지 수행한 경험
- LinkedIn·ATS를 활용해 반복 업무를 개선하거나 품질 기준을 정립한 경험","- 제출한 경력·자격 증빙이 사실과 다른 경우
- 정해진 기한까지 필수 증빙서류를 제출하지 않은 경우
- 해외여행 및 근무에 결격사유가 있는 경우
- 채용 관련 비밀유지 의무를 위반한 경우",서류전형 > 실무면접 > 최종면접
헤드헌터 전문인력 모집,11,24,20260714,20260823,7,경력,정규직,서울특별시,전문학사 이상,"연구개발 중심 조직에서 핵심인재 소싱·후보자 추천을 담당할 헤드헌터를 모집합니다. 이 포지션은 현장의 요구를 실행 가능한 계획과 결과물로 연결하는 역할입니다.

담당 범위는 직무기술서·후보자 경력·시장정보를 바탕으로 기준을 수립하고, 우선순위에 따라 과제를 실행하며 품질과 일정을 함께 관리하는 것입니다.

인사·HR 조직의 동료와 재무·영업·개발·운영 등 유관 부서, 필요한 경우 외부 파트너와 협업해 의사결정에 필요한 정보를 정리합니다.

이슈가 발생하면 사실과 데이터를 먼저 확인하고 원인을 구분한 뒤, 대안을 비교해 합의된 조치를 실행하고 재발 방지 내용을 문서화합니다.

입사 초기에는 기존 자료와 업무 흐름을 파악하고 LinkedIn·ATS 환경을 익힌 뒤, 담당 영역의 개선 과제와 표준화 작업을 단계적으로 주도합니다.

성과는 결과물의 정확성, 일정 준수, 이해관계자와의 명확한 소통, 사용자와 사업에 미치는 영향을 기준으로 평가합니다.","- LinkedIn·ATS를 활용한 업무 산출물 작성과 버전 관리
- 요구사항을 세부 과제와 일정으로 구체화하고 진행 현황 관리
- 유관 부서 및 외부 파트너와 기준·일정·결과물 조율
- 검토 회의 운영과 의사결정 근거·변경 이력 문서화
- 성과지표 설정 및 결과 데이터 분석을 통한 개선안 제안
- 업무상 리스크 사전 점검과 문제 발생 시 원인 분석·후속 조치
- 재사용 가능한 체크리스트·가이드·템플릿 정비
- 고객 또는 내부 사용자의 피드백을 반영한 결과물 품질 개선
- 핵심인재 소싱·후보자 추천 관련 연간·분기 실행계획 수립","- 핵심인재 소싱·후보자 추천 관련 지식 또는 프로젝트·실무 경험을 보유한 분
- 직무기술서·후보자 경력·시장정보를 정확히 해석하고 업무 문서로 구조화할 수 있는 분
- LinkedIn·ATS 중 직무에 필요한 도구를 실무에 적용할 수 있는 분
- 유관 부서와 쟁점을 명확히 설명하고 일정에 맞춰 협업할 수 있는 분
- 문제 원인을 근거에 따라 분석하고 실행 가능한 대안을 제시할 수 있는 분
- 업무상 취급하는 개인정보와 기밀정보를 안전하게 관리할 수 있는 분
- 헤드헌터 또는 유사 분야의 경력 실무 경험을 보유한 분","- PMP 보유자
- 직업상담사 2급 보유자
- SHRM-CP 보유자
- 핵심인재 소싱·후보자 추천 관련 프로젝트를 기획부터 결과 검토까지 수행한 경험
- LinkedIn·ATS를 활용해 반복 업무를 개선하거나 품질 기준을 정립한 경험
- 외부 파트너 또는 다양한 이해관계자와 복잡한 요구사항을 조율한 경험","- 지원 자격 또는 필수 면허 요건을 충족하지 못한 경우
- 전형 과정에서 타인의 결과물을 무단 사용한 경우
- 채용검진 결과 담당 업무 수행이 곤란한 경우
- 관계 법령상 취업이 제한되는 경우",서류전형 > 인성검사 > 실무면접 > 최종면접
헤드헌터 인재 채용,80,24,20260919,20261101,10,신입·경력,계약직,경기도,학사 이상,"플랫폼 운영 조직에서 핵심인재 소싱·후보자 추천을 담당할 헤드헌터를 모집합니다. 이 포지션은 현장의 요구를 실행 가능한 계획과 결과물로 연결하는 역할입니다.

담당 범위는 직무기술서·후보자 경력·시장정보를 바탕으로 기준을 수립하고, 우선순위에 따라 과제를 실행하며 품질과 일정을 함께 관리하는 것입니다.

인사·HR 조직의 동료와 재무·영업·개발·운영 등 유관 부서, 필요한 경우 외부 파트너와 협업해 의사결정에 필요한 정보를 정리합니다.

이슈가 발생하면 사실과 데이터를 먼저 확인하고 원인을 구분한 뒤, 대안을 비교해 합의된 조치를 실행하고 재발 방지 내용을 문서화합니다.

입사 초기에는 기존 자료와 업무 흐름을 파악하고 LinkedIn·ATS 환경을 익힌 뒤, 담당 영역의 개선 과제와 표준화 작업을 단계적으로 주도합니다.

성과는 결과물의 정확성, 일정 준수, 이해관계자와의 명확한 소통, 사용자와 사업에 미치는 영향을 기준으로 평가합니다.","- 요구사항을 세부 과제와 일정으로 구체화하고 진행 현황 관리
- 유관 부서 및 외부 파트너와 기준·일정·결과물 조율
- 검토 회의 운영과 의사결정 근거·변경 이력 문서화
- 성과지표 설정 및 결과 데이터 분석을 통한 개선안 제안
- 업무상 리스크 사전 점검과 문제 발생 시 원인 분석·후속 조치
- 재사용 가능한 체크리스트·가이드·템플릿 정비
- 고객 또는 내부 사용자의 피드백을 반영한 결과물 품질 개선","- 핵심인재 소싱·후보자 추천 관련 지식 또는 프로젝트·실무 경험을 보유한 분
- 직무기술서·후보자 경력·시장정보를 정확히 해석하고 업무 문서로 구조화할 수 있는 분
- LinkedIn·ATS 중 직무에 필요한 도구를 실무에 적용할 수 있는 분
- 유관 부서와 쟁점을 명확히 설명하고 일정에 맞춰 협업할 수 있는 분
- 문제 원인을 근거에 따라 분석하고 실행 가능한 대안을 제시할 수 있는 분","- 직업상담사 2급 보유자
- SHRM-CP 보유자
- PMP 보유자
- 핵심인재 소싱·후보자 추천 관련 프로젝트를 기획부터 결과 검토까지 수행한 경험","- 지원서 또는 제출서류를 허위로 기재한 경우
- 채용 과정에서 부정한 방법을 사용한 경우
- 채용검진 결과 직무 수행이 어렵다고 판단되는 경우
- 관련 법령 또는 내부 인사규정상 채용이 불가능한 경우",서류전형 > 직무과제 > 실무면접 > 처우협의
헤드헌터 공개채용,92,24,20261101,20261111,13,경력 2년 이상,정규직,인천광역시,학사 이상,"브랜드 사업 조직에서 핵심인재 소싱·후보자 추천을 담당할 헤드헌터를 모집합니다. 이 포지션은 현장의 요구를 실행 가능한 계획과 결과물로 연결하는 역할입니다.

담당 범위는 직무기술서·후보자 경력·시장정보를 바탕으로 기준을 수립하고, 우선순위에 따라 과제를 실행하며 품질과 일정을 함께 관리하는 것입니다.

인사·HR 조직의 동료와 재무·영업·개발·운영 등 유관 부서, 필요한 경우 외부 파트너와 협업해 의사결정에 필요한 정보를 정리합니다.

이슈가 발생하면 사실과 데이터를 먼저 확인하고 원인을 구분한 뒤, 대안을 비교해 합의된 조치를 실행하고 재발 방지 내용을 문서화합니다.

입사 초기에는 기존 자료와 업무 흐름을 파악하고 LinkedIn·ATS 환경을 익힌 뒤, 담당 영역의 개선 과제와 표준화 작업을 단계적으로 주도합니다.

성과는 결과물의 정확성, 일정 준수, 이해관계자와의 명확한 소통, 사용자와 사업에 미치는 영향을 기준으로 평가합니다.","- 유관 부서 및 외부 파트너와 기준·일정·결과물 조율
- 검토 회의 운영과 의사결정 근거·변경 이력 문서화
- 성과지표 설정 및 결과 데이터 분석을 통한 개선안 제안
- 업무상 리스크 사전 점검과 문제 발생 시 원인 분석·후속 조치
- 재사용 가능한 체크리스트·가이드·템플릿 정비
- 고객 또는 내부 사용자의 피드백을 반영한 결과물 품질 개선
- 핵심인재 소싱·후보자 추천 관련 연간·분기 실행계획 수립
- 직무기술서·후보자 경력·시장정보 수집·정리 및 핵심 이슈 분석","- 핵심인재 소싱·후보자 추천 관련 지식 또는 프로젝트·실무 경험을 보유한 분
- 직무기술서·후보자 경력·시장정보를 정확히 해석하고 업무 문서로 구조화할 수 있는 분
- LinkedIn·ATS 중 직무에 필요한 도구를 실무에 적용할 수 있는 분
- 유관 부서와 쟁점을 명확히 설명하고 일정에 맞춰 협업할 수 있는 분
- 문제 원인을 근거에 따라 분석하고 실행 가능한 대안을 제시할 수 있는 분
- 업무상 취급하는 개인정보와 기밀정보를 안전하게 관리할 수 있는 분","- SHRM-CP 보유자
- PMP 보유자
- 직업상담사 2급 보유자
- 핵심인재 소싱·후보자 추천 관련 프로젝트를 기획부터 결과 검토까지 수행한 경험
- LinkedIn·ATS를 활용해 반복 업무를 개선하거나 품질 기준을 정립한 경험","- 제출한 경력·자격 증빙이 사실과 다른 경우
- 정해진 기한까지 필수 증빙서류를 제출하지 않은 경우
- 해외여행 및 근무에 결격사유가 있는 경우
- 채용 관련 비밀유지 의무를 위반한 경우",서류전형 > 1차면접 > 2차면접 > 채용검진
헤드헌터 프로젝트 담당 모집,53,24,20260206,20260219,16,경력 3년 이상,무기계약직,대전광역시,석사 이상,"지역 기반 전문기관에서 핵심인재 소싱·후보자 추천을 담당할 헤드헌터를 모집합니다. 이 포지션은 현장의 요구를 실행 가능한 계획과 결과물로 연결하는 역할입니다.

담당 범위는 직무기술서·후보자 경력·시장정보를 바탕으로 기준을 수립하고, 우선순위에 따라 과제를 실행하며 품질과 일정을 함께 관리하는 것입니다.

인사·HR 조직의 동료와 재무·영업·개발·운영 등 유관 부서, 필요한 경우 외부 파트너와 협업해 의사결정에 필요한 정보를 정리합니다.

이슈가 발생하면 사실과 데이터를 먼저 확인하고 원인을 구분한 뒤, 대안을 비교해 합의된 조치를 실행하고 재발 방지 내용을 문서화합니다.

입사 초기에는 기존 자료와 업무 흐름을 파악하고 LinkedIn·ATS 환경을 익힌 뒤, 담당 영역의 개선 과제와 표준화 작업을 단계적으로 주도합니다.

성과는 결과물의 정확성, 일정 준수, 이해관계자와의 명확한 소통, 사용자와 사업에 미치는 영향을 기준으로 평가합니다.","- 검토 회의 운영과 의사결정 근거·변경 이력 문서화
- 성과지표 설정 및 결과 데이터 분석을 통한 개선안 제안
- 업무상 리스크 사전 점검과 문제 발생 시 원인 분석·후속 조치
- 재사용 가능한 체크리스트·가이드·템플릿 정비
- 고객 또는 내부 사용자의 피드백을 반영한 결과물 품질 개선
- 핵심인재 소싱·후보자 추천 관련 연간·분기 실행계획 수립
- 직무기술서·후보자 경력·시장정보 수집·정리 및 핵심 이슈 분석
- LinkedIn·ATS를 활용한 업무 산출물 작성과 버전 관리
- 요구사항을 세부 과제와 일정으로 구체화하고 진행 현황 관리","- 핵심인재 소싱·후보자 추천 관련 지식 또는 프로젝트·실무 경험을 보유한 분
- 직무기술서·후보자 경력·시장정보를 정확히 해석하고 업무 문서로 구조화할 수 있는 분
- LinkedIn·ATS 중 직무에 필요한 도구를 실무에 적용할 수 있는 분
- 유관 부서와 쟁점을 명확히 설명하고 일정에 맞춰 협업할 수 있는 분
- 문제 원인을 근거에 따라 분석하고 실행 가능한 대안을 제시할 수 있는 분
- 업무상 취급하는 개인정보와 기밀정보를 안전하게 관리할 수 있는 분
- 헤드헌터 또는 유사 분야의 3년 이상 실무 경험을 보유한 분","- PMP 보유자
- 직업상담사 2급 보유자
- SHRM-CP 보유자
- 핵심인재 소싱·후보자 추천 관련 프로젝트를 기획부터 결과 검토까지 수행한 경험
- LinkedIn·ATS를 활용해 반복 업무를 개선하거나 품질 기준을 정립한 경험
- 외부 파트너 또는 다양한 이해관계자와 복잡한 요구사항을 조율한 경험","- 지원 자격 또는 필수 면허 요건을 충족하지 못한 경우
- 전형 과정에서 타인의 결과물을 무단 사용한 경우
- 채용검진 결과 담당 업무 수행이 곤란한 경우
- 관계 법령상 취업이 제한되는 경우",서류전형 > 필기전형 > 면접전형 > 최종합격
헤드헌터 운영 담당자 채용,98,24,20260411,20260427,19,신입,정규직,부산광역시,학력무관,"디지털 서비스 조직에서 핵심인재 소싱·후보자 추천을 담당할 헤드헌터를 모집합니다. 이 포지션은 현장의 요구를 실행 가능한 계획과 결과물로 연결하는 역할입니다.

담당 범위는 직무기술서·후보자 경력·시장정보를 바탕으로 기준을 수립하고, 우선순위에 따라 과제를 실행하며 품질과 일정을 함께 관리하는 것입니다.

인사·HR 조직의 동료와 재무·영업·개발·운영 등 유관 부서, 필요한 경우 외부 파트너와 협업해 의사결정에 필요한 정보를 정리합니다.

이슈가 발생하면 사실과 데이터를 먼저 확인하고 원인을 구분한 뒤, 대안을 비교해 합의된 조치를 실행하고 재발 방지 내용을 문서화합니다.

입사 초기에는 기존 자료와 업무 흐름을 파악하고 LinkedIn·ATS 환경을 익힌 뒤, 담당 영역의 개선 과제와 표준화 작업을 단계적으로 주도합니다.

성과는 결과물의 정확성, 일정 준수, 이해관계자와의 명확한 소통, 사용자와 사업에 미치는 영향을 기준으로 평가합니다.","- 성과지표 설정 및 결과 데이터 분석을 통한 개선안 제안
- 업무상 리스크 사전 점검과 문제 발생 시 원인 분석·후속 조치
- 재사용 가능한 체크리스트·가이드·템플릿 정비
- 고객 또는 내부 사용자의 피드백을 반영한 결과물 품질 개선
- 핵심인재 소싱·후보자 추천 관련 연간·분기 실행계획 수립
- 직무기술서·후보자 경력·시장정보 수집·정리 및 핵심 이슈 분석
- LinkedIn·ATS를 활용한 업무 산출물 작성과 버전 관리","- 핵심인재 소싱·후보자 추천 관련 지식 또는 프로젝트·실무 경험을 보유한 분
- 직무기술서·후보자 경력·시장정보를 정확히 해석하고 업무 문서로 구조화할 수 있는 분
- LinkedIn·ATS 중 직무에 필요한 도구를 실무에 적용할 수 있는 분
- 유관 부서와 쟁점을 명확히 설명하고 일정에 맞춰 협업할 수 있는 분
- 문제 원인을 근거에 따라 분석하고 실행 가능한 대안을 제시할 수 있는 분","- 직업상담사 2급 보유자
- SHRM-CP 보유자
- PMP 보유자
- 핵심인재 소싱·후보자 추천 관련 프로젝트를 기획부터 결과 검토까지 수행한 경험","- 지원서 또는 제출서류를 허위로 기재한 경우
- 채용 과정에서 부정한 방법을 사용한 경우
- 채용검진 결과 직무 수행이 어렵다고 판단되는 경우
- 관련 법령 또는 내부 인사규정상 채용이 불가능한 경우",서류전형 > 실무면접 > 최종면접
헤드헌터 핵심인재 모집,26,24,20260616,20260705,2,경력 2년 이상,계약직,광주광역시,전문학사 이상,"성장 단계 스타트업에서 핵심인재 소싱·후보자 추천을 담당할 헤드헌터를 모집합니다. 이 포지션은 현장의 요구를 실행 가능한 계획과 결과물로 연결하는 역할입니다.

담당 범위는 직무기술서·후보자 경력·시장정보를 바탕으로 기준을 수립하고, 우선순위에 따라 과제를 실행하며 품질과 일정을 함께 관리하는 것입니다.

인사·HR 조직의 동료와 재무·영업·개발·운영 등 유관 부서, 필요한 경우 외부 파트너와 협업해 의사결정에 필요한 정보를 정리합니다.

이슈가 발생하면 사실과 데이터를 먼저 확인하고 원인을 구분한 뒤, 대안을 비교해 합의된 조치를 실행하고 재발 방지 내용을 문서화합니다.

입사 초기에는 기존 자료와 업무 흐름을 파악하고 LinkedIn·ATS 환경을 익힌 뒤, 담당 영역의 개선 과제와 표준화 작업을 단계적으로 주도합니다.

성과는 결과물의 정확성, 일정 준수, 이해관계자와의 명확한 소통, 사용자와 사업에 미치는 영향을 기준으로 평가합니다.","- 업무상 리스크 사전 점검과 문제 발생 시 원인 분석·후속 조치
- 재사용 가능한 체크리스트·가이드·템플릿 정비
- 고객 또는 내부 사용자의 피드백을 반영한 결과물 품질 개선
- 핵심인재 소싱·후보자 추천 관련 연간·분기 실행계획 수립
- 직무기술서·후보자 경력·시장정보 수집·정리 및 핵심 이슈 분석
- LinkedIn·ATS를 활용한 업무 산출물 작성과 버전 관리
- 요구사항을 세부 과제와 일정으로 구체화하고 진행 현황 관리
- 유관 부서 및 외부 파트너와 기준·일정·결과물 조율","- 핵심인재 소싱·후보자 추천 관련 지식 또는 프로젝트·실무 경험을 보유한 분
- 직무기술서·후보자 경력·시장정보를 정확히 해석하고 업무 문서로 구조화할 수 있는 분
- LinkedIn·ATS 중 직무에 필요한 도구를 실무에 적용할 수 있는 분
- 유관 부서와 쟁점을 명확히 설명하고 일정에 맞춰 협업할 수 있는 분
- 문제 원인을 근거에 따라 분석하고 실행 가능한 대안을 제시할 수 있는 분
- 업무상 취급하는 개인정보와 기밀정보를 안전하게 관리할 수 있는 분","- SHRM-CP 보유자
- PMP 보유자
- 직업상담사 2급 보유자
- 핵심인재 소싱·후보자 추천 관련 프로젝트를 기획부터 결과 검토까지 수행한 경험
- LinkedIn·ATS를 활용해 반복 업무를 개선하거나 품질 기준을 정립한 경험","- 제출한 경력·자격 증빙이 사실과 다른 경우
- 정해진 기한까지 필수 증빙서류를 제출하지 않은 경우
- 해외여행 및 근무에 결격사유가 있는 경우
- 채용 관련 비밀유지 의무를 위반한 경우",서류전형 > 인성검사 > 실무면접 > 최종면접
헤드헌터 전문가 채용,149,24,20260821,20260912,5,신입·경력,정규직,세종특별자치시,학사 이상,"중견기업 전략 조직에서 핵심인재 소싱·후보자 추천을 담당할 헤드헌터를 모집합니다. 이 포지션은 현장의 요구를 실행 가능한 계획과 결과물로 연결하는 역할입니다.

담당 범위는 직무기술서·후보자 경력·시장정보를 바탕으로 기준을 수립하고, 우선순위에 따라 과제를 실행하며 품질과 일정을 함께 관리하는 것입니다.

인사·HR 조직의 동료와 재무·영업·개발·운영 등 유관 부서, 필요한 경우 외부 파트너와 협업해 의사결정에 필요한 정보를 정리합니다.

이슈가 발생하면 사실과 데이터를 먼저 확인하고 원인을 구분한 뒤, 대안을 비교해 합의된 조치를 실행하고 재발 방지 내용을 문서화합니다.

입사 초기에는 기존 자료와 업무 흐름을 파악하고 LinkedIn·ATS 환경을 익힌 뒤, 담당 영역의 개선 과제와 표준화 작업을 단계적으로 주도합니다.

성과는 결과물의 정확성, 일정 준수, 이해관계자와의 명확한 소통, 사용자와 사업에 미치는 영향을 기준으로 평가합니다.","- 재사용 가능한 체크리스트·가이드·템플릿 정비
- 고객 또는 내부 사용자의 피드백을 반영한 결과물 품질 개선
- 핵심인재 소싱·후보자 추천 관련 연간·분기 실행계획 수립
- 직무기술서·후보자 경력·시장정보 수집·정리 및 핵심 이슈 분석
- LinkedIn·ATS를 활용한 업무 산출물 작성과 버전 관리
- 요구사항을 세부 과제와 일정으로 구체화하고 진행 현황 관리
- 유관 부서 및 외부 파트너와 기준·일정·결과물 조율
- 검토 회의 운영과 의사결정 근거·변경 이력 문서화
- 성과지표 설정 및 결과 데이터 분석을 통한 개선안 제안","- 핵심인재 소싱·후보자 추천 관련 지식 또는 프로젝트·실무 경험을 보유한 분
- 직무기술서·후보자 경력·시장정보를 정확히 해석하고 업무 문서로 구조화할 수 있는 분
- LinkedIn·ATS 중 직무에 필요한 도구를 실무에 적용할 수 있는 분
- 유관 부서와 쟁점을 명확히 설명하고 일정에 맞춰 협업할 수 있는 분
- 문제 원인을 근거에 따라 분석하고 실행 가능한 대안을 제시할 수 있는 분
- 업무상 취급하는 개인정보와 기밀정보를 안전하게 관리할 수 있는 분
- 헤드헌터 또는 유사 분야의 신입·경력 실무 경험을 보유한 분","- PMP 보유자
- 직업상담사 2급 보유자
- SHRM-CP 보유자
- 핵심인재 소싱·후보자 추천 관련 프로젝트를 기획부터 결과 검토까지 수행한 경험
- LinkedIn·ATS를 활용해 반복 업무를 개선하거나 품질 기준을 정립한 경험
- 외부 파트너 또는 다양한 이해관계자와 복잡한 요구사항을 조율한 경험","- 지원 자격 또는 필수 면허 요건을 충족하지 못한 경우
- 전형 과정에서 타인의 결과물을 무단 사용한 경우
- 채용검진 결과 담당 업무 수행이 곤란한 경우
- 관계 법령상 취업이 제한되는 경우",서류전형 > 직무과제 > 실무면접 > 처우협의
헤드헌터 신규 인력 모집,134,24,20261003,20261028,8,경력 3년 이상,무기계약직,충청남도,학사 이상,"공공서비스 운영기관에서 핵심인재 소싱·후보자 추천을 담당할 헤드헌터를 모집합니다. 이 포지션은 현장의 요구를 실행 가능한 계획과 결과물로 연결하는 역할입니다.

담당 범위는 직무기술서·후보자 경력·시장정보를 바탕으로 기준을 수립하고, 우선순위에 따라 과제를 실행하며 품질과 일정을 함께 관리하는 것입니다.

인사·HR 조직의 동료와 재무·영업·개발·운영 등 유관 부서, 필요한 경우 외부 파트너와 협업해 의사결정에 필요한 정보를 정리합니다.

이슈가 발생하면 사실과 데이터를 먼저 확인하고 원인을 구분한 뒤, 대안을 비교해 합의된 조치를 실행하고 재발 방지 내용을 문서화합니다.

입사 초기에는 기존 자료와 업무 흐름을 파악하고 LinkedIn·ATS 환경을 익힌 뒤, 담당 영역의 개선 과제와 표준화 작업을 단계적으로 주도합니다.

성과는 결과물의 정확성, 일정 준수, 이해관계자와의 명확한 소통, 사용자와 사업에 미치는 영향을 기준으로 평가합니다.","- 고객 또는 내부 사용자의 피드백을 반영한 결과물 품질 개선
- 핵심인재 소싱·후보자 추천 관련 연간·분기 실행계획 수립
- 직무기술서·후보자 경력·시장정보 수집·정리 및 핵심 이슈 분석
- LinkedIn·ATS를 활용한 업무 산출물 작성과 버전 관리
- 요구사항을 세부 과제와 일정으로 구체화하고 진행 현황 관리
- 유관 부서 및 외부 파트너와 기준·일정·결과물 조율
- 검토 회의 운영과 의사결정 근거·변경 이력 문서화","- 핵심인재 소싱·후보자 추천 관련 지식 또는 프로젝트·실무 경험을 보유한 분
- 직무기술서·후보자 경력·시장정보를 정확히 해석하고 업무 문서로 구조화할 수 있는 분
- LinkedIn·ATS 중 직무에 필요한 도구를 실무에 적용할 수 있는 분
- 유관 부서와 쟁점을 명확히 설명하고 일정에 맞춰 협업할 수 있는 분
- 문제 원인을 근거에 따라 분석하고 실행 가능한 대안을 제시할 수 있는 분","- 직업상담사 2급 보유자
- SHRM-CP 보유자
- PMP 보유자
- 핵심인재 소싱·후보자 추천 관련 프로젝트를 기획부터 결과 검토까지 수행한 경험","- 지원서 또는 제출서류를 허위로 기재한 경우
- 채용 과정에서 부정한 방법을 사용한 경우
- 채용검진 결과 직무 수행이 어렵다고 판단되는 경우
- 관련 법령 또는 내부 인사규정상 채용이 불가능한 경우",서류전형 > 1차면접 > 2차면접 > 채용검진
직업상담사 담당자 모집,6,25,20260407,20260518,6,경력 5년 이상,기간제,서울특별시,학력무관,"글로벌 사업 조직에서 구직 상담·직업심리검사·취업지원을 담당할 직업상담사를 모집합니다. 이 포지션은 현장의 요구를 실행 가능한 계획과 결과물로 연결하는 역할입니다.

담당 범위는 상담기록·채용정보·취업성과를 바탕으로 기준을 수립하고, 우선순위에 따라 과제를 실행하며 품질과 일정을 함께 관리하는 것입니다.

인사·HR 조직의 동료와 재무·영업·개발·운영 등 유관 부서, 필요한 경우 외부 파트너와 협업해 의사결정에 필요한 정보를 정리합니다.

이슈가 발생하면 사실과 데이터를 먼저 확인하고 원인을 구분한 뒤, 대안을 비교해 합의된 조치를 실행하고 재발 방지 내용을 문서화합니다.

입사 초기에는 기존 자료와 업무 흐름을 파악하고 워크넷·상담관리시스템 환경을 익힌 뒤, 담당 영역의 개선 과제와 표준화 작업을 단계적으로 주도합니다.

성과는 결과물의 정확성, 일정 준수, 이해관계자와의 명확한 소통, 사용자와 사업에 미치는 영향을 기준으로 평가합니다.","- 구직 상담·직업심리검사·취업지원 관련 연간·분기 실행계획 수립
- 상담기록·채용정보·취업성과 수집·정리 및 핵심 이슈 분석
- 워크넷·상담관리시스템를 활용한 업무 산출물 작성과 버전 관리
- 요구사항을 세부 과제와 일정으로 구체화하고 진행 현황 관리
- 유관 부서 및 외부 파트너와 기준·일정·결과물 조율
- 검토 회의 운영과 의사결정 근거·변경 이력 문서화
- 성과지표 설정 및 결과 데이터 분석을 통한 개선안 제안","- 직업상담사 2급을 보유한 분
- 상담기록·채용정보·취업성과를 정확히 해석하고 업무 문서로 구조화할 수 있는 분
- 워크넷·상담관리시스템 중 직무에 필요한 도구를 실무에 적용할 수 있는 분
- 유관 부서와 쟁점을 명확히 설명하고 일정에 맞춰 협업할 수 있는 분
- 문제 원인을 근거에 따라 분석하고 실행 가능한 대안을 제시할 수 있는 분","- 직업상담사 2급 보유자
- 직업상담사 1급 보유자
- 사회복지사 2급 보유자
- 구직 상담·직업심리검사·취업지원 관련 프로젝트를 기획부터 결과 검토까지 수행한 경험","- 제출한 경력·자격 증빙이 사실과 다른 경우
- 정해진 기한까지 필수 증빙서류를 제출하지 않은 경우
- 해외여행 및 근무에 결격사유가 있는 경우
- 채용 관련 비밀유지 의무를 위반한 경우",서류전형 > 실무면접 > 최종면접
직업상담사 실무자 채용,49,25,20260612,20260726,9,경력,정규직,경기도,전문학사 이상,"연구개발 중심 조직에서 구직 상담·직업심리검사·취업지원을 담당할 직업상담사를 모집합니다. 이 포지션은 현장의 요구를 실행 가능한 계획과 결과물로 연결하는 역할입니다.

담당 범위는 상담기록·채용정보·취업성과를 바탕으로 기준을 수립하고, 우선순위에 따라 과제를 실행하며 품질과 일정을 함께 관리하는 것입니다.

인사·HR 조직의 동료와 재무·영업·개발·운영 등 유관 부서, 필요한 경우 외부 파트너와 협업해 의사결정에 필요한 정보를 정리합니다.

이슈가 발생하면 사실과 데이터를 먼저 확인하고 원인을 구분한 뒤, 대안을 비교해 합의된 조치를 실행하고 재발 방지 내용을 문서화합니다.

입사 초기에는 기존 자료와 업무 흐름을 파악하고 워크넷·상담관리시스템 환경을 익힌 뒤, 담당 영역의 개선 과제와 표준화 작업을 단계적으로 주도합니다.

성과는 결과물의 정확성, 일정 준수, 이해관계자와의 명확한 소통, 사용자와 사업에 미치는 영향을 기준으로 평가합니다.","- 상담기록·채용정보·취업성과 수집·정리 및 핵심 이슈 분석
- 워크넷·상담관리시스템를 활용한 업무 산출물 작성과 버전 관리
- 요구사항을 세부 과제와 일정으로 구체화하고 진행 현황 관리
- 유관 부서 및 외부 파트너와 기준·일정·결과물 조율
- 검토 회의 운영과 의사결정 근거·변경 이력 문서화
- 성과지표 설정 및 결과 데이터 분석을 통한 개선안 제안
- 업무상 리스크 사전 점검과 문제 발생 시 원인 분석·후속 조치
- 재사용 가능한 체크리스트·가이드·템플릿 정비","- 직업상담사 2급을 보유한 분
- 상담기록·채용정보·취업성과를 정확히 해석하고 업무 문서로 구조화할 수 있는 분
- 워크넷·상담관리시스템 중 직무에 필요한 도구를 실무에 적용할 수 있는 분
- 유관 부서와 쟁점을 명확히 설명하고 일정에 맞춰 협업할 수 있는 분
- 문제 원인을 근거에 따라 분석하고 실행 가능한 대안을 제시할 수 있는 분
- 업무상 취급하는 개인정보와 기밀정보를 안전하게 관리할 수 있는 분","- 직업상담사 1급 보유자
- 사회복지사 2급 보유자
- 직업상담사 2급 보유자
- 구직 상담·직업심리검사·취업지원 관련 프로젝트를 기획부터 결과 검토까지 수행한 경험
- 워크넷·상담관리시스템를 활용해 반복 업무를 개선하거나 품질 기준을 정립한 경험","- 지원 자격 또는 필수 면허 요건을 충족하지 못한 경우
- 전형 과정에서 타인의 결과물을 무단 사용한 경우
- 채용검진 결과 담당 업무 수행이 곤란한 경우
- 관계 법령상 취업이 제한되는 경우",서류전형 > 인성검사 > 실무면접 > 최종면접
직업상담사 전문인력 모집,139,25,20260817,20260828,12,신입·경력,계약직,인천광역시,학사 이상,"플랫폼 운영 조직에서 구직 상담·직업심리검사·취업지원을 담당할 직업상담사를 모집합니다. 이 포지션은 현장의 요구를 실행 가능한 계획과 결과물로 연결하는 역할입니다.

담당 범위는 상담기록·채용정보·취업성과를 바탕으로 기준을 수립하고, 우선순위에 따라 과제를 실행하며 품질과 일정을 함께 관리하는 것입니다.

인사·HR 조직의 동료와 재무·영업·개발·운영 등 유관 부서, 필요한 경우 외부 파트너와 협업해 의사결정에 필요한 정보를 정리합니다.

이슈가 발생하면 사실과 데이터를 먼저 확인하고 원인을 구분한 뒤, 대안을 비교해 합의된 조치를 실행하고 재발 방지 내용을 문서화합니다.

입사 초기에는 기존 자료와 업무 흐름을 파악하고 워크넷·상담관리시스템 환경을 익힌 뒤, 담당 영역의 개선 과제와 표준화 작업을 단계적으로 주도합니다.

성과는 결과물의 정확성, 일정 준수, 이해관계자와의 명확한 소통, 사용자와 사업에 미치는 영향을 기준으로 평가합니다.","- 워크넷·상담관리시스템를 활용한 업무 산출물 작성과 버전 관리
- 요구사항을 세부 과제와 일정으로 구체화하고 진행 현황 관리
- 유관 부서 및 외부 파트너와 기준·일정·결과물 조율
- 검토 회의 운영과 의사결정 근거·변경 이력 문서화
- 성과지표 설정 및 결과 데이터 분석을 통한 개선안 제안
- 업무상 리스크 사전 점검과 문제 발생 시 원인 분석·후속 조치
- 재사용 가능한 체크리스트·가이드·템플릿 정비
- 고객 또는 내부 사용자의 피드백을 반영한 결과물 품질 개선
- 구직 상담·직업심리검사·취업지원 관련 연간·분기 실행계획 수립","- 직업상담사 2급을 보유한 분
- 상담기록·채용정보·취업성과를 정확히 해석하고 업무 문서로 구조화할 수 있는 분
- 워크넷·상담관리시스템 중 직무에 필요한 도구를 실무에 적용할 수 있는 분
- 유관 부서와 쟁점을 명확히 설명하고 일정에 맞춰 협업할 수 있는 분
- 문제 원인을 근거에 따라 분석하고 실행 가능한 대안을 제시할 수 있는 분
- 업무상 취급하는 개인정보와 기밀정보를 안전하게 관리할 수 있는 분
- 직업상담사 또는 유사 분야의 신입·경력 실무 경험을 보유한 분","- 사회복지사 2급 보유자
- 직업상담사 2급 보유자
- 직업상담사 1급 보유자
- 구직 상담·직업심리검사·취업지원 관련 프로젝트를 기획부터 결과 검토까지 수행한 경험
- 워크넷·상담관리시스템를 활용해 반복 업무를 개선하거나 품질 기준을 정립한 경험
- 외부 파트너 또는 다양한 이해관계자와 복잡한 요구사항을 조율한 경험","- 지원서 또는 제출서류를 허위로 기재한 경우
- 채용 과정에서 부정한 방법을 사용한 경우
- 채용검진 결과 직무 수행이 어렵다고 판단되는 경우
- 관련 법령 또는 내부 인사규정상 채용이 불가능한 경우",서류전형 > 직무과제 > 실무면접 > 처우협의
직업상담사 인재 채용,84,25,20261022,20261105,15,경력 2년 이상,정규직,대전광역시,학사 이상,"브랜드 사업 조직에서 구직 상담·직업심리검사·취업지원을 담당할 직업상담사를 모집합니다. 이 포지션은 현장의 요구를 실행 가능한 계획과 결과물로 연결하는 역할입니다.

담당 범위는 상담기록·채용정보·취업성과를 바탕으로 기준을 수립하고, 우선순위에 따라 과제를 실행하며 품질과 일정을 함께 관리하는 것입니다.

인사·HR 조직의 동료와 재무·영업·개발·운영 등 유관 부서, 필요한 경우 외부 파트너와 협업해 의사결정에 필요한 정보를 정리합니다.

이슈가 발생하면 사실과 데이터를 먼저 확인하고 원인을 구분한 뒤, 대안을 비교해 합의된 조치를 실행하고 재발 방지 내용을 문서화합니다.

입사 초기에는 기존 자료와 업무 흐름을 파악하고 워크넷·상담관리시스템 환경을 익힌 뒤, 담당 영역의 개선 과제와 표준화 작업을 단계적으로 주도합니다.

성과는 결과물의 정확성, 일정 준수, 이해관계자와의 명확한 소통, 사용자와 사업에 미치는 영향을 기준으로 평가합니다.","- 요구사항을 세부 과제와 일정으로 구체화하고 진행 현황 관리
- 유관 부서 및 외부 파트너와 기준·일정·결과물 조율
- 검토 회의 운영과 의사결정 근거·변경 이력 문서화
- 성과지표 설정 및 결과 데이터 분석을 통한 개선안 제안
- 업무상 리스크 사전 점검과 문제 발생 시 원인 분석·후속 조치
- 재사용 가능한 체크리스트·가이드·템플릿 정비
- 고객 또는 내부 사용자의 피드백을 반영한 결과물 품질 개선","- 직업상담사 2급을 보유한 분
- 상담기록·채용정보·취업성과를 정확히 해석하고 업무 문서로 구조화할 수 있는 분
- 워크넷·상담관리시스템 중 직무에 필요한 도구를 실무에 적용할 수 있는 분
- 유관 부서와 쟁점을 명확히 설명하고 일정에 맞춰 협업할 수 있는 분
- 문제 원인을 근거에 따라 분석하고 실행 가능한 대안을 제시할 수 있는 분","- 직업상담사 2급 보유자
- 직업상담사 1급 보유자
- 사회복지사 2급 보유자
- 구직 상담·직업심리검사·취업지원 관련 프로젝트를 기획부터 결과 검토까지 수행한 경험","- 제출한 경력·자격 증빙이 사실과 다른 경우
- 정해진 기한까지 필수 증빙서류를 제출하지 않은 경우
- 해외여행 및 근무에 결격사유가 있는 경우
- 채용 관련 비밀유지 의무를 위반한 경우",서류전형 > 1차면접 > 2차면접 > 채용검진
직업상담사 공개채용,11,25,20260104,20260121,18,경력 3년 이상,무기계약직,부산광역시,석사 이상,"지역 기반 전문기관에서 구직 상담·직업심리검사·취업지원을 담당할 직업상담사를 모집합니다. 이 포지션은 현장의 요구를 실행 가능한 계획과 결과물로 연결하는 역할입니다.

담당 범위는 상담기록·채용정보·취업성과를 바탕으로 기준을 수립하고, 우선순위에 따라 과제를 실행하며 품질과 일정을 함께 관리하는 것입니다.

인사·HR 조직의 동료와 재무·영업·개발·운영 등 유관 부서, 필요한 경우 외부 파트너와 협업해 의사결정에 필요한 정보를 정리합니다.

이슈가 발생하면 사실과 데이터를 먼저 확인하고 원인을 구분한 뒤, 대안을 비교해 합의된 조치를 실행하고 재발 방지 내용을 문서화합니다.

입사 초기에는 기존 자료와 업무 흐름을 파악하고 워크넷·상담관리시스템 환경을 익힌 뒤, 담당 영역의 개선 과제와 표준화 작업을 단계적으로 주도합니다.

성과는 결과물의 정확성, 일정 준수, 이해관계자와의 명확한 소통, 사용자와 사업에 미치는 영향을 기준으로 평가합니다.","- 유관 부서 및 외부 파트너와 기준·일정·결과물 조율
- 검토 회의 운영과 의사결정 근거·변경 이력 문서화
- 성과지표 설정 및 결과 데이터 분석을 통한 개선안 제안
- 업무상 리스크 사전 점검과 문제 발생 시 원인 분석·후속 조치
- 재사용 가능한 체크리스트·가이드·템플릿 정비
- 고객 또는 내부 사용자의 피드백을 반영한 결과물 품질 개선
- 구직 상담·직업심리검사·취업지원 관련 연간·분기 실행계획 수립
- 상담기록·채용정보·취업성과 수집·정리 및 핵심 이슈 분석","- 직업상담사 2급을 보유한 분
- 상담기록·채용정보·취업성과를 정확히 해석하고 업무 문서로 구조화할 수 있는 분
- 워크넷·상담관리시스템 중 직무에 필요한 도구를 실무에 적용할 수 있는 분
- 유관 부서와 쟁점을 명확히 설명하고 일정에 맞춰 협업할 수 있는 분
- 문제 원인을 근거에 따라 분석하고 실행 가능한 대안을 제시할 수 있는 분
- 업무상 취급하는 개인정보와 기밀정보를 안전하게 관리할 수 있는 분","- 직업상담사 1급 보유자
- 사회복지사 2급 보유자
- 직업상담사 2급 보유자
- 구직 상담·직업심리검사·취업지원 관련 프로젝트를 기획부터 결과 검토까지 수행한 경험
- 워크넷·상담관리시스템를 활용해 반복 업무를 개선하거나 품질 기준을 정립한 경험","- 지원 자격 또는 필수 면허 요건을 충족하지 못한 경우
- 전형 과정에서 타인의 결과물을 무단 사용한 경우
- 채용검진 결과 담당 업무 수행이 곤란한 경우
- 관계 법령상 취업이 제한되는 경우",서류전형 > 필기전형 > 면접전형 > 최종합격
직업상담사 프로젝트 담당 모집,154,25,20260309,20260329,1,신입,정규직,광주광역시,학력무관,"디지털 서비스 조직에서 구직 상담·직업심리검사·취업지원을 담당할 직업상담사를 모집합니다. 이 포지션은 현장의 요구를 실행 가능한 계획과 결과물로 연결하는 역할입니다.

담당 범위는 상담기록·채용정보·취업성과를 바탕으로 기준을 수립하고, 우선순위에 따라 과제를 실행하며 품질과 일정을 함께 관리하는 것입니다.

인사·HR 조직의 동료와 재무·영업·개발·운영 등 유관 부서, 필요한 경우 외부 파트너와 협업해 의사결정에 필요한 정보를 정리합니다.

이슈가 발생하면 사실과 데이터를 먼저 확인하고 원인을 구분한 뒤, 대안을 비교해 합의된 조치를 실행하고 재발 방지 내용을 문서화합니다.

입사 초기에는 기존 자료와 업무 흐름을 파악하고 워크넷·상담관리시스템 환경을 익힌 뒤, 담당 영역의 개선 과제와 표준화 작업을 단계적으로 주도합니다.

성과는 결과물의 정확성, 일정 준수, 이해관계자와의 명확한 소통, 사용자와 사업에 미치는 영향을 기준으로 평가합니다.","- 검토 회의 운영과 의사결정 근거·변경 이력 문서화
- 성과지표 설정 및 결과 데이터 분석을 통한 개선안 제안
- 업무상 리스크 사전 점검과 문제 발생 시 원인 분석·후속 조치
- 재사용 가능한 체크리스트·가이드·템플릿 정비
- 고객 또는 내부 사용자의 피드백을 반영한 결과물 품질 개선
- 구직 상담·직업심리검사·취업지원 관련 연간·분기 실행계획 수립
- 상담기록·채용정보·취업성과 수집·정리 및 핵심 이슈 분석
- 워크넷·상담관리시스템를 활용한 업무 산출물 작성과 버전 관리
- 요구사항을 세부 과제와 일정으로 구체화하고 진행 현황 관리","- 직업상담사 2급을 보유한 분
- 상담기록·채용정보·취업성과를 정확히 해석하고 업무 문서로 구조화할 수 있는 분
- 워크넷·상담관리시스템 중 직무에 필요한 도구를 실무에 적용할 수 있는 분
- 유관 부서와 쟁점을 명확히 설명하고 일정에 맞춰 협업할 수 있는 분
- 문제 원인을 근거에 따라 분석하고 실행 가능한 대안을 제시할 수 있는 분
- 업무상 취급하는 개인정보와 기밀정보를 안전하게 관리할 수 있는 분
- 새로운 업무 기준과 도구를 빠르게 학습할 수 있는 분","- 사회복지사 2급 보유자
- 직업상담사 2급 보유자
- 직업상담사 1급 보유자
- 구직 상담·직업심리검사·취업지원 관련 프로젝트를 기획부터 결과 검토까지 수행한 경험
- 워크넷·상담관리시스템를 활용해 반복 업무를 개선하거나 품질 기준을 정립한 경험
- 외부 파트너 또는 다양한 이해관계자와 복잡한 요구사항을 조율한 경험","- 지원서 또는 제출서류를 허위로 기재한 경우
- 채용 과정에서 부정한 방법을 사용한 경우
- 채용검진 결과 직무 수행이 어렵다고 판단되는 경우
- 관련 법령 또는 내부 인사규정상 채용이 불가능한 경우",서류전형 > 실무면접 > 최종면접
직업상담사 운영 담당자 채용,22,25,20260514,20260606,4,경력 2년 이상,계약직,세종특별자치시,전문학사 이상,"성장 단계 스타트업에서 구직 상담·직업심리검사·취업지원을 담당할 직업상담사를 모집합니다. 이 포지션은 현장의 요구를 실행 가능한 계획과 결과물로 연결하는 역할입니다.

담당 범위는 상담기록·채용정보·취업성과를 바탕으로 기준을 수립하고, 우선순위에 따라 과제를 실행하며 품질과 일정을 함께 관리하는 것입니다.

인사·HR 조직의 동료와 재무·영업·개발·운영 등 유관 부서, 필요한 경우 외부 파트너와 협업해 의사결정에 필요한 정보를 정리합니다.

이슈가 발생하면 사실과 데이터를 먼저 확인하고 원인을 구분한 뒤, 대안을 비교해 합의된 조치를 실행하고 재발 방지 내용을 문서화합니다.

입사 초기에는 기존 자료와 업무 흐름을 파악하고 워크넷·상담관리시스템 환경을 익힌 뒤, 담당 영역의 개선 과제와 표준화 작업을 단계적으로 주도합니다.

성과는 결과물의 정확성, 일정 준수, 이해관계자와의 명확한 소통, 사용자와 사업에 미치는 영향을 기준으로 평가합니다.","- 성과지표 설정 및 결과 데이터 분석을 통한 개선안 제안
- 업무상 리스크 사전 점검과 문제 발생 시 원인 분석·후속 조치
- 재사용 가능한 체크리스트·가이드·템플릿 정비
- 고객 또는 내부 사용자의 피드백을 반영한 결과물 품질 개선
- 구직 상담·직업심리검사·취업지원 관련 연간·분기 실행계획 수립
- 상담기록·채용정보·취업성과 수집·정리 및 핵심 이슈 분석
- 워크넷·상담관리시스템를 활용한 업무 산출물 작성과 버전 관리","- 직업상담사 2급을 보유한 분
- 상담기록·채용정보·취업성과를 정확히 해석하고 업무 문서로 구조화할 수 있는 분
- 워크넷·상담관리시스템 중 직무에 필요한 도구를 실무에 적용할 수 있는 분
- 유관 부서와 쟁점을 명확히 설명하고 일정에 맞춰 협업할 수 있는 분
- 문제 원인을 근거에 따라 분석하고 실행 가능한 대안을 제시할 수 있는 분","- 직업상담사 2급 보유자
- 직업상담사 1급 보유자
- 사회복지사 2급 보유자
- 구직 상담·직업심리검사·취업지원 관련 프로젝트를 기획부터 결과 검토까지 수행한 경험","- 제출한 경력·자격 증빙이 사실과 다른 경우
- 정해진 기한까지 필수 증빙서류를 제출하지 않은 경우
- 해외여행 및 근무에 결격사유가 있는 경우
- 채용 관련 비밀유지 의무를 위반한 경우",서류전형 > 인성검사 > 실무면접 > 최종면접
직업상담사 핵심인재 모집,104,25,20260719,20260814,7,신입·경력,정규직,충청남도,학사 이상,"중견기업 전략 조직에서 구직 상담·직업심리검사·취업지원을 담당할 직업상담사를 모집합니다. 이 포지션은 현장의 요구를 실행 가능한 계획과 결과물로 연결하는 역할입니다.

담당 범위는 상담기록·채용정보·취업성과를 바탕으로 기준을 수립하고, 우선순위에 따라 과제를 실행하며 품질과 일정을 함께 관리하는 것입니다.

인사·HR 조직의 동료와 재무·영업·개발·운영 등 유관 부서, 필요한 경우 외부 파트너와 협업해 의사결정에 필요한 정보를 정리합니다.

이슈가 발생하면 사실과 데이터를 먼저 확인하고 원인을 구분한 뒤, 대안을 비교해 합의된 조치를 실행하고 재발 방지 내용을 문서화합니다.

입사 초기에는 기존 자료와 업무 흐름을 파악하고 워크넷·상담관리시스템 환경을 익힌 뒤, 담당 영역의 개선 과제와 표준화 작업을 단계적으로 주도합니다.

성과는 결과물의 정확성, 일정 준수, 이해관계자와의 명확한 소통, 사용자와 사업에 미치는 영향을 기준으로 평가합니다.","- 업무상 리스크 사전 점검과 문제 발생 시 원인 분석·후속 조치
- 재사용 가능한 체크리스트·가이드·템플릿 정비
- 고객 또는 내부 사용자의 피드백을 반영한 결과물 품질 개선
- 구직 상담·직업심리검사·취업지원 관련 연간·분기 실행계획 수립
- 상담기록·채용정보·취업성과 수집·정리 및 핵심 이슈 분석
- 워크넷·상담관리시스템를 활용한 업무 산출물 작성과 버전 관리
- 요구사항을 세부 과제와 일정으로 구체화하고 진행 현황 관리
- 유관 부서 및 외부 파트너와 기준·일정·결과물 조율","- 직업상담사 2급을 보유한 분
- 상담기록·채용정보·취업성과를 정확히 해석하고 업무 문서로 구조화할 수 있는 분
- 워크넷·상담관리시스템 중 직무에 필요한 도구를 실무에 적용할 수 있는 분
- 유관 부서와 쟁점을 명확히 설명하고 일정에 맞춰 협업할 수 있는 분
- 문제 원인을 근거에 따라 분석하고 실행 가능한 대안을 제시할 수 있는 분
- 업무상 취급하는 개인정보와 기밀정보를 안전하게 관리할 수 있는 분","- 직업상담사 1급 보유자
- 사회복지사 2급 보유자
- 직업상담사 2급 보유자
- 구직 상담·직업심리검사·취업지원 관련 프로젝트를 기획부터 결과 검토까지 수행한 경험
- 워크넷·상담관리시스템를 활용해 반복 업무를 개선하거나 품질 기준을 정립한 경험","- 지원 자격 또는 필수 면허 요건을 충족하지 못한 경우
- 전형 과정에서 타인의 결과물을 무단 사용한 경우
- 채용검진 결과 담당 업무 수행이 곤란한 경우
- 관계 법령상 취업이 제한되는 경우",서류전형 > 직무과제 > 실무면접 > 처우협의
직업상담사 전문가 채용,60,25,20260901,20260930,10,경력 3년 이상,무기계약직,경상남도,학사 이상,"공공서비스 운영기관에서 구직 상담·직업심리검사·취업지원을 담당할 직업상담사를 모집합니다. 이 포지션은 현장의 요구를 실행 가능한 계획과 결과물로 연결하는 역할입니다.

담당 범위는 상담기록·채용정보·취업성과를 바탕으로 기준을 수립하고, 우선순위에 따라 과제를 실행하며 품질과 일정을 함께 관리하는 것입니다.

인사·HR 조직의 동료와 재무·영업·개발·운영 등 유관 부서, 필요한 경우 외부 파트너와 협업해 의사결정에 필요한 정보를 정리합니다.

이슈가 발생하면 사실과 데이터를 먼저 확인하고 원인을 구분한 뒤, 대안을 비교해 합의된 조치를 실행하고 재발 방지 내용을 문서화합니다.

입사 초기에는 기존 자료와 업무 흐름을 파악하고 워크넷·상담관리시스템 환경을 익힌 뒤, 담당 영역의 개선 과제와 표준화 작업을 단계적으로 주도합니다.

성과는 결과물의 정확성, 일정 준수, 이해관계자와의 명확한 소통, 사용자와 사업에 미치는 영향을 기준으로 평가합니다.","- 재사용 가능한 체크리스트·가이드·템플릿 정비
- 고객 또는 내부 사용자의 피드백을 반영한 결과물 품질 개선
- 구직 상담·직업심리검사·취업지원 관련 연간·분기 실행계획 수립
- 상담기록·채용정보·취업성과 수집·정리 및 핵심 이슈 분석
- 워크넷·상담관리시스템를 활용한 업무 산출물 작성과 버전 관리
- 요구사항을 세부 과제와 일정으로 구체화하고 진행 현황 관리
- 유관 부서 및 외부 파트너와 기준·일정·결과물 조율
- 검토 회의 운영과 의사결정 근거·변경 이력 문서화
- 성과지표 설정 및 결과 데이터 분석을 통한 개선안 제안","- 직업상담사 2급을 보유한 분
- 상담기록·채용정보·취업성과를 정확히 해석하고 업무 문서로 구조화할 수 있는 분
- 워크넷·상담관리시스템 중 직무에 필요한 도구를 실무에 적용할 수 있는 분
- 유관 부서와 쟁점을 명확히 설명하고 일정에 맞춰 협업할 수 있는 분
- 문제 원인을 근거에 따라 분석하고 실행 가능한 대안을 제시할 수 있는 분
- 업무상 취급하는 개인정보와 기밀정보를 안전하게 관리할 수 있는 분
- 직업상담사 또는 유사 분야의 3년 이상 실무 경험을 보유한 분","- 사회복지사 2급 보유자
- 직업상담사 2급 보유자
- 직업상담사 1급 보유자
- 구직 상담·직업심리검사·취업지원 관련 프로젝트를 기획부터 결과 검토까지 수행한 경험
- 워크넷·상담관리시스템를 활용해 반복 업무를 개선하거나 품질 기준을 정립한 경험
- 외부 파트너 또는 다양한 이해관계자와 복잡한 요구사항을 조율한 경험","- 지원서 또는 제출서류를 허위로 기재한 경우
- 채용 과정에서 부정한 방법을 사용한 경우
- 채용검진 결과 직무 수행이 어렵다고 판단되는 경우
- 관련 법령 또는 내부 인사규정상 채용이 불가능한 경우",서류전형 > 1차면접 > 2차면접 > 채용검진
직업상담사 신규 인력 모집,51,25,20261106,20261208,13,경력 무관,정규직,제주특별자치도,석사 이상,"전문 컨설팅 조직에서 구직 상담·직업심리검사·취업지원을 담당할 직업상담사를 모집합니다. 이 포지션은 현장의 요구를 실행 가능한 계획과 결과물로 연결하는 역할입니다.

담당 범위는 상담기록·채용정보·취업성과를 바탕으로 기준을 수립하고, 우선순위에 따라 과제를 실행하며 품질과 일정을 함께 관리하는 것입니다.

인사·HR 조직의 동료와 재무·영업·개발·운영 등 유관 부서, 필요한 경우 외부 파트너와 협업해 의사결정에 필요한 정보를 정리합니다.

이슈가 발생하면 사실과 데이터를 먼저 확인하고 원인을 구분한 뒤, 대안을 비교해 합의된 조치를 실행하고 재발 방지 내용을 문서화합니다.

입사 초기에는 기존 자료와 업무 흐름을 파악하고 워크넷·상담관리시스템 환경을 익힌 뒤, 담당 영역의 개선 과제와 표준화 작업을 단계적으로 주도합니다.

성과는 결과물의 정확성, 일정 준수, 이해관계자와의 명확한 소통, 사용자와 사업에 미치는 영향을 기준으로 평가합니다.","- 고객 또는 내부 사용자의 피드백을 반영한 결과물 품질 개선
- 구직 상담·직업심리검사·취업지원 관련 연간·분기 실행계획 수립
- 상담기록·채용정보·취업성과 수집·정리 및 핵심 이슈 분석
- 워크넷·상담관리시스템를 활용한 업무 산출물 작성과 버전 관리
- 요구사항을 세부 과제와 일정으로 구체화하고 진행 현황 관리
- 유관 부서 및 외부 파트너와 기준·일정·결과물 조율
- 검토 회의 운영과 의사결정 근거·변경 이력 문서화","- 직업상담사 2급을 보유한 분
- 상담기록·채용정보·취업성과를 정확히 해석하고 업무 문서로 구조화할 수 있는 분
- 워크넷·상담관리시스템 중 직무에 필요한 도구를 실무에 적용할 수 있는 분
- 유관 부서와 쟁점을 명확히 설명하고 일정에 맞춰 협업할 수 있는 분
- 문제 원인을 근거에 따라 분석하고 실행 가능한 대안을 제시할 수 있는 분","- 직업상담사 2급 보유자
- 직업상담사 1급 보유자
- 사회복지사 2급 보유자
- 구직 상담·직업심리검사·취업지원 관련 프로젝트를 기획부터 결과 검토까지 수행한 경험","- 제출한 경력·자격 증빙이 사실과 다른 경우
- 정해진 기한까지 필수 증빙서류를 제출하지 않은 경우
- 해외여행 및 근무에 결격사유가 있는 경우
- 채용 관련 비밀유지 의무를 위반한 경우",서류전형 > 필기전형 > 면접전형 > 최종합격
회계담당자 담당자 모집,127,26,20260510,20260522,11,경력,정규직,인천광역시,전문학사 이상,"연구개발 중심 조직에서 결산·전표·재무제표 작성을 담당할 회계담당자를 모집합니다. 이 포지션은 현장의 요구를 실행 가능한 계획과 결과물로 연결하는 역할입니다.

담당 범위는 계정별 원장·증빙·결산 자료를 바탕으로 기준을 수립하고, 우선순위에 따라 과제를 실행하며 품질과 일정을 함께 관리하는 것입니다.

회계·세무 조직의 동료와 재무·영업·개발·운영 등 유관 부서, 필요한 경우 외부 파트너와 협업해 의사결정에 필요한 정보를 정리합니다.

이슈가 발생하면 사실과 데이터를 먼저 확인하고 원인을 구분한 뒤, 대안을 비교해 합의된 조치를 실행하고 재발 방지 내용을 문서화합니다.

입사 초기에는 기존 자료와 업무 흐름을 파악하고 ERP·Excel 환경을 익힌 뒤, 담당 영역의 개선 과제와 표준화 작업을 단계적으로 주도합니다.

성과는 결과물의 정확성, 일정 준수, 이해관계자와의 명확한 소통, 사용자와 사업에 미치는 영향을 기준으로 평가합니다.","- 결산·전표·재무제표 작성 관련 연간·분기 실행계획 수립
- 계정별 원장·증빙·결산 자료 수집·정리 및 핵심 이슈 분석
- ERP·Excel를 활용한 업무 산출물 작성과 버전 관리
- 요구사항을 세부 과제와 일정으로 구체화하고 진행 현황 관리
- 유관 부서 및 외부 파트너와 기준·일정·결과물 조율
- 검토 회의 운영과 의사결정 근거·변경 이력 문서화
- 성과지표 설정 및 결과 데이터 분석을 통한 개선안 제안","- 결산·전표·재무제표 작성 관련 지식 또는 프로젝트·실무 경험을 보유한 분
- 계정별 원장·증빙·결산 자료를 정확히 해석하고 업무 문서로 구조화할 수 있는 분
- ERP·Excel 중 직무에 필요한 도구를 실무에 적용할 수 있는 분
- 유관 부서와 쟁점을 명확히 설명하고 일정에 맞춰 협업할 수 있는 분
- 문제 원인을 근거에 따라 분석하고 실행 가능한 대안을 제시할 수 있는 분","- 전산회계 1급 보유자
- 재경관리사 보유자
- ERP정보관리사 회계 1급 보유자
- 결산·전표·재무제표 작성 관련 프로젝트를 기획부터 결과 검토까지 수행한 경험","- 지원 자격 또는 필수 면허 요건을 충족하지 못한 경우
- 전형 과정에서 타인의 결과물을 무단 사용한 경우
- 채용검진 결과 담당 업무 수행이 곤란한 경우
- 관계 법령상 취업이 제한되는 경우",서류전형 > 인성검사 > 실무면접 > 최종면접
회계담당자 실무자 채용,118,26,20260715,20260730,14,신입·경력,계약직,대전광역시,학사 이상,"플랫폼 운영 조직에서 결산·전표·재무제표 작성을 담당할 회계담당자를 모집합니다. 이 포지션은 현장의 요구를 실행 가능한 계획과 결과물로 연결하는 역할입니다.

담당 범위는 계정별 원장·증빙·결산 자료를 바탕으로 기준을 수립하고, 우선순위에 따라 과제를 실행하며 품질과 일정을 함께 관리하는 것입니다.

회계·세무 조직의 동료와 재무·영업·개발·운영 등 유관 부서, 필요한 경우 외부 파트너와 협업해 의사결정에 필요한 정보를 정리합니다.

이슈가 발생하면 사실과 데이터를 먼저 확인하고 원인을 구분한 뒤, 대안을 비교해 합의된 조치를 실행하고 재발 방지 내용을 문서화합니다.

입사 초기에는 기존 자료와 업무 흐름을 파악하고 ERP·Excel 환경을 익힌 뒤, 담당 영역의 개선 과제와 표준화 작업을 단계적으로 주도합니다.

성과는 결과물의 정확성, 일정 준수, 이해관계자와의 명확한 소통, 사용자와 사업에 미치는 영향을 기준으로 평가합니다.","- 계정별 원장·증빙·결산 자료 수집·정리 및 핵심 이슈 분석
- ERP·Excel를 활용한 업무 산출물 작성과 버전 관리
- 요구사항을 세부 과제와 일정으로 구체화하고 진행 현황 관리
- 유관 부서 및 외부 파트너와 기준·일정·결과물 조율
- 검토 회의 운영과 의사결정 근거·변경 이력 문서화
- 성과지표 설정 및 결과 데이터 분석을 통한 개선안 제안
- 업무상 리스크 사전 점검과 문제 발생 시 원인 분석·후속 조치
- 재사용 가능한 체크리스트·가이드·템플릿 정비","- 결산·전표·재무제표 작성 관련 지식 또는 프로젝트·실무 경험을 보유한 분
- 계정별 원장·증빙·결산 자료를 정확히 해석하고 업무 문서로 구조화할 수 있는 분
- ERP·Excel 중 직무에 필요한 도구를 실무에 적용할 수 있는 분
- 유관 부서와 쟁점을 명확히 설명하고 일정에 맞춰 협업할 수 있는 분
- 문제 원인을 근거에 따라 분석하고 실행 가능한 대안을 제시할 수 있는 분
- 업무상 취급하는 개인정보와 기밀정보를 안전하게 관리할 수 있는 분","- 재경관리사 보유자
- ERP정보관리사 회계 1급 보유자
- 전산회계 1급 보유자
- 결산·전표·재무제표 작성 관련 프로젝트를 기획부터 결과 검토까지 수행한 경험
- ERP·Excel를 활용해 반복 업무를 개선하거나 품질 기준을 정립한 경험","- 지원서 또는 제출서류를 허위로 기재한 경우
- 채용 과정에서 부정한 방법을 사용한 경우
- 채용검진 결과 직무 수행이 어렵다고 판단되는 경우
- 관련 법령 또는 내부 인사규정상 채용이 불가능한 경우",서류전형 > 직무과제 > 실무면접 > 처우협의
회계담당자 전문인력 모집,46,26,20260920,20261008,17,경력 2년 이상,정규직,부산광역시,학사 이상,"브랜드 사업 조직에서 결산·전표·재무제표 작성을 담당할 회계담당자를 모집합니다. 이 포지션은 현장의 요구를 실행 가능한 계획과 결과물로 연결하는 역할입니다.

담당 범위는 계정별 원장·증빙·결산 자료를 바탕으로 기준을 수립하고, 우선순위에 따라 과제를 실행하며 품질과 일정을 함께 관리하는 것입니다.

회계·세무 조직의 동료와 재무·영업·개발·운영 등 유관 부서, 필요한 경우 외부 파트너와 협업해 의사결정에 필요한 정보를 정리합니다.

이슈가 발생하면 사실과 데이터를 먼저 확인하고 원인을 구분한 뒤, 대안을 비교해 합의된 조치를 실행하고 재발 방지 내용을 문서화합니다.

입사 초기에는 기존 자료와 업무 흐름을 파악하고 ERP·Excel 환경을 익힌 뒤, 담당 영역의 개선 과제와 표준화 작업을 단계적으로 주도합니다.

성과는 결과물의 정확성, 일정 준수, 이해관계자와의 명확한 소통, 사용자와 사업에 미치는 영향을 기준으로 평가합니다.","- ERP·Excel를 활용한 업무 산출물 작성과 버전 관리
- 요구사항을 세부 과제와 일정으로 구체화하고 진행 현황 관리
- 유관 부서 및 외부 파트너와 기준·일정·결과물 조율
- 검토 회의 운영과 의사결정 근거·변경 이력 문서화
- 성과지표 설정 및 결과 데이터 분석을 통한 개선안 제안
- 업무상 리스크 사전 점검과 문제 발생 시 원인 분석·후속 조치
- 재사용 가능한 체크리스트·가이드·템플릿 정비
- 고객 또는 내부 사용자의 피드백을 반영한 결과물 품질 개선
- 결산·전표·재무제표 작성 관련 연간·분기 실행계획 수립","- 결산·전표·재무제표 작성 관련 지식 또는 프로젝트·실무 경험을 보유한 분
- 계정별 원장·증빙·결산 자료를 정확히 해석하고 업무 문서로 구조화할 수 있는 분
- ERP·Excel 중 직무에 필요한 도구를 실무에 적용할 수 있는 분
- 유관 부서와 쟁점을 명확히 설명하고 일정에 맞춰 협업할 수 있는 분
- 문제 원인을 근거에 따라 분석하고 실행 가능한 대안을 제시할 수 있는 분
- 업무상 취급하는 개인정보와 기밀정보를 안전하게 관리할 수 있는 분
- 회계담당자 또는 유사 분야의 2년 이상 실무 경험을 보유한 분","- ERP정보관리사 회계 1급 보유자
- 전산회계 1급 보유자
- 재경관리사 보유자
- 결산·전표·재무제표 작성 관련 프로젝트를 기획부터 결과 검토까지 수행한 경험
- ERP·Excel를 활용해 반복 업무를 개선하거나 품질 기준을 정립한 경험
- 외부 파트너 또는 다양한 이해관계자와 복잡한 요구사항을 조율한 경험","- 제출한 경력·자격 증빙이 사실과 다른 경우
- 정해진 기한까지 필수 증빙서류를 제출하지 않은 경우
- 해외여행 및 근무에 결격사유가 있는 경우
- 채용 관련 비밀유지 의무를 위반한 경우",서류전형 > 1차면접 > 2차면접 > 채용검진
회계담당자 인재 채용,58,26,20261102,20261123,20,경력 3년 이상,무기계약직,광주광역시,석사 이상,"지역 기반 전문기관에서 결산·전표·재무제표 작성을 담당할 회계담당자를 모집합니다. 이 포지션은 현장의 요구를 실행 가능한 계획과 결과물로 연결하는 역할입니다.

담당 범위는 계정별 원장·증빙·결산 자료를 바탕으로 기준을 수립하고, 우선순위에 따라 과제를 실행하며 품질과 일정을 함께 관리하는 것입니다.

회계·세무 조직의 동료와 재무·영업·개발·운영 등 유관 부서, 필요한 경우 외부 파트너와 협업해 의사결정에 필요한 정보를 정리합니다.

이슈가 발생하면 사실과 데이터를 먼저 확인하고 원인을 구분한 뒤, 대안을 비교해 합의된 조치를 실행하고 재발 방지 내용을 문서화합니다.

입사 초기에는 기존 자료와 업무 흐름을 파악하고 ERP·Excel 환경을 익힌 뒤, 담당 영역의 개선 과제와 표준화 작업을 단계적으로 주도합니다.

성과는 결과물의 정확성, 일정 준수, 이해관계자와의 명확한 소통, 사용자와 사업에 미치는 영향을 기준으로 평가합니다.","- 요구사항을 세부 과제와 일정으로 구체화하고 진행 현황 관리
- 유관 부서 및 외부 파트너와 기준·일정·결과물 조율
- 검토 회의 운영과 의사결정 근거·변경 이력 문서화
- 성과지표 설정 및 결과 데이터 분석을 통한 개선안 제안
- 업무상 리스크 사전 점검과 문제 발생 시 원인 분석·후속 조치
- 재사용 가능한 체크리스트·가이드·템플릿 정비
- 고객 또는 내부 사용자의 피드백을 반영한 결과물 품질 개선","- 결산·전표·재무제표 작성 관련 지식 또는 프로젝트·실무 경험을 보유한 분
- 계정별 원장·증빙·결산 자료를 정확히 해석하고 업무 문서로 구조화할 수 있는 분
- ERP·Excel 중 직무에 필요한 도구를 실무에 적용할 수 있는 분
- 유관 부서와 쟁점을 명확히 설명하고 일정에 맞춰 협업할 수 있는 분
- 문제 원인을 근거에 따라 분석하고 실행 가능한 대안을 제시할 수 있는 분","- 전산회계 1급 보유자
- 재경관리사 보유자
- ERP정보관리사 회계 1급 보유자
- 결산·전표·재무제표 작성 관련 프로젝트를 기획부터 결과 검토까지 수행한 경험","- 지원 자격 또는 필수 면허 요건을 충족하지 못한 경우
- 전형 과정에서 타인의 결과물을 무단 사용한 경우
- 채용검진 결과 담당 업무 수행이 곤란한 경우
- 관계 법령상 취업이 제한되는 경우",서류전형 > 필기전형 > 면접전형 > 최종합격
회계담당자 공개채용,101,26,20260207,20260303,3,신입,정규직,세종특별자치시,학력무관,"디지털 서비스 조직에서 결산·전표·재무제표 작성을 담당할 회계담당자를 모집합니다. 이 포지션은 현장의 요구를 실행 가능한 계획과 결과물로 연결하는 역할입니다.

담당 범위는 계정별 원장·증빙·결산 자료를 바탕으로 기준을 수립하고, 우선순위에 따라 과제를 실행하며 품질과 일정을 함께 관리하는 것입니다.

회계·세무 조직의 동료와 재무·영업·개발·운영 등 유관 부서, 필요한 경우 외부 파트너와 협업해 의사결정에 필요한 정보를 정리합니다.

이슈가 발생하면 사실과 데이터를 먼저 확인하고 원인을 구분한 뒤, 대안을 비교해 합의된 조치를 실행하고 재발 방지 내용을 문서화합니다.

입사 초기에는 기존 자료와 업무 흐름을 파악하고 ERP·Excel 환경을 익힌 뒤, 담당 영역의 개선 과제와 표준화 작업을 단계적으로 주도합니다.

성과는 결과물의 정확성, 일정 준수, 이해관계자와의 명확한 소통, 사용자와 사업에 미치는 영향을 기준으로 평가합니다.","- 유관 부서 및 외부 파트너와 기준·일정·결과물 조율
- 검토 회의 운영과 의사결정 근거·변경 이력 문서화
- 성과지표 설정 및 결과 데이터 분석을 통한 개선안 제안
- 업무상 리스크 사전 점검과 문제 발생 시 원인 분석·후속 조치
- 재사용 가능한 체크리스트·가이드·템플릿 정비
- 고객 또는 내부 사용자의 피드백을 반영한 결과물 품질 개선
- 결산·전표·재무제표 작성 관련 연간·분기 실행계획 수립
- 계정별 원장·증빙·결산 자료 수집·정리 및 핵심 이슈 분석","- 결산·전표·재무제표 작성 관련 지식 또는 프로젝트·실무 경험을 보유한 분
- 계정별 원장·증빙·결산 자료를 정확히 해석하고 업무 문서로 구조화할 수 있는 분
- ERP·Excel 중 직무에 필요한 도구를 실무에 적용할 수 있는 분
- 유관 부서와 쟁점을 명확히 설명하고 일정에 맞춰 협업할 수 있는 분
- 문제 원인을 근거에 따라 분석하고 실행 가능한 대안을 제시할 수 있는 분
- 업무상 취급하는 개인정보와 기밀정보를 안전하게 관리할 수 있는 분","- 재경관리사 보유자
- ERP정보관리사 회계 1급 보유자
- 전산회계 1급 보유자
- 결산·전표·재무제표 작성 관련 프로젝트를 기획부터 결과 검토까지 수행한 경험
- ERP·Excel를 활용해 반복 업무를 개선하거나 품질 기준을 정립한 경험","- 지원서 또는 제출서류를 허위로 기재한 경우
- 채용 과정에서 부정한 방법을 사용한 경우
- 채용검진 결과 직무 수행이 어렵다고 판단되는 경우
- 관련 법령 또는 내부 인사규정상 채용이 불가능한 경우",서류전형 > 실무면접 > 최종면접
회계담당자 프로젝트 담당 모집,157,26,20260412,20260509,6,경력 2년 이상,계약직,충청남도,전문학사 이상,"성장 단계 스타트업에서 결산·전표·재무제표 작성을 담당할 회계담당자를 모집합니다. 이 포지션은 현장의 요구를 실행 가능한 계획과 결과물로 연결하는 역할입니다.

담당 범위는 계정별 원장·증빙·결산 자료를 바탕으로 기준을 수립하고, 우선순위에 따라 과제를 실행하며 품질과 일정을 함께 관리하는 것입니다.

회계·세무 조직의 동료와 재무·영업·개발·운영 등 유관 부서, 필요한 경우 외부 파트너와 협업해 의사결정에 필요한 정보를 정리합니다.

이슈가 발생하면 사실과 데이터를 먼저 확인하고 원인을 구분한 뒤, 대안을 비교해 합의된 조치를 실행하고 재발 방지 내용을 문서화합니다.

입사 초기에는 기존 자료와 업무 흐름을 파악하고 ERP·Excel 환경을 익힌 뒤, 담당 영역의 개선 과제와 표준화 작업을 단계적으로 주도합니다.

성과는 결과물의 정확성, 일정 준수, 이해관계자와의 명확한 소통, 사용자와 사업에 미치는 영향을 기준으로 평가합니다.","- 검토 회의 운영과 의사결정 근거·변경 이력 문서화
- 성과지표 설정 및 결과 데이터 분석을 통한 개선안 제안
- 업무상 리스크 사전 점검과 문제 발생 시 원인 분석·후속 조치
- 재사용 가능한 체크리스트·가이드·템플릿 정비
- 고객 또는 내부 사용자의 피드백을 반영한 결과물 품질 개선
- 결산·전표·재무제표 작성 관련 연간·분기 실행계획 수립
- 계정별 원장·증빙·결산 자료 수집·정리 및 핵심 이슈 분석
- ERP·Excel를 활용한 업무 산출물 작성과 버전 관리
- 요구사항을 세부 과제와 일정으로 구체화하고 진행 현황 관리","- 결산·전표·재무제표 작성 관련 지식 또는 프로젝트·실무 경험을 보유한 분
- 계정별 원장·증빙·결산 자료를 정확히 해석하고 업무 문서로 구조화할 수 있는 분
- ERP·Excel 중 직무에 필요한 도구를 실무에 적용할 수 있는 분
- 유관 부서와 쟁점을 명확히 설명하고 일정에 맞춰 협업할 수 있는 분
- 문제 원인을 근거에 따라 분석하고 실행 가능한 대안을 제시할 수 있는 분
- 업무상 취급하는 개인정보와 기밀정보를 안전하게 관리할 수 있는 분
- 회계담당자 또는 유사 분야의 2년 이상 실무 경험을 보유한 분","- ERP정보관리사 회계 1급 보유자
- 전산회계 1급 보유자
- 재경관리사 보유자
- 결산·전표·재무제표 작성 관련 프로젝트를 기획부터 결과 검토까지 수행한 경험
- ERP·Excel를 활용해 반복 업무를 개선하거나 품질 기준을 정립한 경험
- 외부 파트너 또는 다양한 이해관계자와 복잡한 요구사항을 조율한 경험","- 제출한 경력·자격 증빙이 사실과 다른 경우
- 정해진 기한까지 필수 증빙서류를 제출하지 않은 경우
- 해외여행 및 근무에 결격사유가 있는 경우
- 채용 관련 비밀유지 의무를 위반한 경우",서류전형 > 인성검사 > 실무면접 > 최종면접
회계담당자 운영 담당자 채용,21,26,20260617,20260717,9,신입·경력,정규직,경상남도,학사 이상,"중견기업 전략 조직에서 결산·전표·재무제표 작성을 담당할 회계담당자를 모집합니다. 이 포지션은 현장의 요구를 실행 가능한 계획과 결과물로 연결하는 역할입니다.

담당 범위는 계정별 원장·증빙·결산 자료를 바탕으로 기준을 수립하고, 우선순위에 따라 과제를 실행하며 품질과 일정을 함께 관리하는 것입니다.

회계·세무 조직의 동료와 재무·영업·개발·운영 등 유관 부서, 필요한 경우 외부 파트너와 협업해 의사결정에 필요한 정보를 정리합니다.

이슈가 발생하면 사실과 데이터를 먼저 확인하고 원인을 구분한 뒤, 대안을 비교해 합의된 조치를 실행하고 재발 방지 내용을 문서화합니다.

입사 초기에는 기존 자료와 업무 흐름을 파악하고 ERP·Excel 환경을 익힌 뒤, 담당 영역의 개선 과제와 표준화 작업을 단계적으로 주도합니다.

성과는 결과물의 정확성, 일정 준수, 이해관계자와의 명확한 소통, 사용자와 사업에 미치는 영향을 기준으로 평가합니다.","- 성과지표 설정 및 결과 데이터 분석을 통한 개선안 제안
- 업무상 리스크 사전 점검과 문제 발생 시 원인 분석·후속 조치
- 재사용 가능한 체크리스트·가이드·템플릿 정비
- 고객 또는 내부 사용자의 피드백을 반영한 결과물 품질 개선
- 결산·전표·재무제표 작성 관련 연간·분기 실행계획 수립
- 계정별 원장·증빙·결산 자료 수집·정리 및 핵심 이슈 분석
- ERP·Excel를 활용한 업무 산출물 작성과 버전 관리","- 결산·전표·재무제표 작성 관련 지식 또는 프로젝트·실무 경험을 보유한 분
- 계정별 원장·증빙·결산 자료를 정확히 해석하고 업무 문서로 구조화할 수 있는 분
- ERP·Excel 중 직무에 필요한 도구를 실무에 적용할 수 있는 분
- 유관 부서와 쟁점을 명확히 설명하고 일정에 맞춰 협업할 수 있는 분
- 문제 원인을 근거에 따라 분석하고 실행 가능한 대안을 제시할 수 있는 분","- 전산회계 1급 보유자
- 재경관리사 보유자
- ERP정보관리사 회계 1급 보유자
- 결산·전표·재무제표 작성 관련 프로젝트를 기획부터 결과 검토까지 수행한 경험","- 지원 자격 또는 필수 면허 요건을 충족하지 못한 경우
- 전형 과정에서 타인의 결과물을 무단 사용한 경우
- 채용검진 결과 담당 업무 수행이 곤란한 경우
- 관계 법령상 취업이 제한되는 경우",서류전형 > 직무과제 > 실무면접 > 처우협의
회계담당자 핵심인재 모집,15,26,20260822,20260924,12,경력 3년 이상,무기계약직,제주특별자치도,학사 이상,"공공서비스 운영기관에서 결산·전표·재무제표 작성을 담당할 회계담당자를 모집합니다. 이 포지션은 현장의 요구를 실행 가능한 계획과 결과물로 연결하는 역할입니다.

담당 범위는 계정별 원장·증빙·결산 자료를 바탕으로 기준을 수립하고, 우선순위에 따라 과제를 실행하며 품질과 일정을 함께 관리하는 것입니다.

회계·세무 조직의 동료와 재무·영업·개발·운영 등 유관 부서, 필요한 경우 외부 파트너와 협업해 의사결정에 필요한 정보를 정리합니다.

이슈가 발생하면 사실과 데이터를 먼저 확인하고 원인을 구분한 뒤, 대안을 비교해 합의된 조치를 실행하고 재발 방지 내용을 문서화합니다.

입사 초기에는 기존 자료와 업무 흐름을 파악하고 ERP·Excel 환경을 익힌 뒤, 담당 영역의 개선 과제와 표준화 작업을 단계적으로 주도합니다.

성과는 결과물의 정확성, 일정 준수, 이해관계자와의 명확한 소통, 사용자와 사업에 미치는 영향을 기준으로 평가합니다.","- 업무상 리스크 사전 점검과 문제 발생 시 원인 분석·후속 조치
- 재사용 가능한 체크리스트·가이드·템플릿 정비
- 고객 또는 내부 사용자의 피드백을 반영한 결과물 품질 개선
- 결산·전표·재무제표 작성 관련 연간·분기 실행계획 수립
- 계정별 원장·증빙·결산 자료 수집·정리 및 핵심 이슈 분석
- ERP·Excel를 활용한 업무 산출물 작성과 버전 관리
- 요구사항을 세부 과제와 일정으로 구체화하고 진행 현황 관리
- 유관 부서 및 외부 파트너와 기준·일정·결과물 조율","- 결산·전표·재무제표 작성 관련 지식 또는 프로젝트·실무 경험을 보유한 분
- 계정별 원장·증빙·결산 자료를 정확히 해석하고 업무 문서로 구조화할 수 있는 분
- ERP·Excel 중 직무에 필요한 도구를 실무에 적용할 수 있는 분
- 유관 부서와 쟁점을 명확히 설명하고 일정에 맞춰 협업할 수 있는 분
- 문제 원인을 근거에 따라 분석하고 실행 가능한 대안을 제시할 수 있는 분
- 업무상 취급하는 개인정보와 기밀정보를 안전하게 관리할 수 있는 분","- 재경관리사 보유자
- ERP정보관리사 회계 1급 보유자
- 전산회계 1급 보유자
- 결산·전표·재무제표 작성 관련 프로젝트를 기획부터 결과 검토까지 수행한 경험
- ERP·Excel를 활용해 반복 업무를 개선하거나 품질 기준을 정립한 경험","- 지원서 또는 제출서류를 허위로 기재한 경우
- 채용 과정에서 부정한 방법을 사용한 경우
- 채용검진 결과 직무 수행이 어렵다고 판단되는 경우
- 관련 법령 또는 내부 인사규정상 채용이 불가능한 경우",서류전형 > 1차면접 > 2차면접 > 채용검진
회계담당자 전문가 채용,21,26,20261004,20261109,15,경력 무관,정규직,서울특별시,석사 이상,"전문 컨설팅 조직에서 결산·전표·재무제표 작성을 담당할 회계담당자를 모집합니다. 이 포지션은 현장의 요구를 실행 가능한 계획과 결과물로 연결하는 역할입니다.

담당 범위는 계정별 원장·증빙·결산 자료를 바탕으로 기준을 수립하고, 우선순위에 따라 과제를 실행하며 품질과 일정을 함께 관리하는 것입니다.

회계·세무 조직의 동료와 재무·영업·개발·운영 등 유관 부서, 필요한 경우 외부 파트너와 협업해 의사결정에 필요한 정보를 정리합니다.

이슈가 발생하면 사실과 데이터를 먼저 확인하고 원인을 구분한 뒤, 대안을 비교해 합의된 조치를 실행하고 재발 방지 내용을 문서화합니다.

입사 초기에는 기존 자료와 업무 흐름을 파악하고 ERP·Excel 환경을 익힌 뒤, 담당 영역의 개선 과제와 표준화 작업을 단계적으로 주도합니다.

성과는 결과물의 정확성, 일정 준수, 이해관계자와의 명확한 소통, 사용자와 사업에 미치는 영향을 기준으로 평가합니다.","- 재사용 가능한 체크리스트·가이드·템플릿 정비
- 고객 또는 내부 사용자의 피드백을 반영한 결과물 품질 개선
- 결산·전표·재무제표 작성 관련 연간·분기 실행계획 수립
- 계정별 원장·증빙·결산 자료 수집·정리 및 핵심 이슈 분석
- ERP·Excel를 활용한 업무 산출물 작성과 버전 관리
- 요구사항을 세부 과제와 일정으로 구체화하고 진행 현황 관리
- 유관 부서 및 외부 파트너와 기준·일정·결과물 조율
- 검토 회의 운영과 의사결정 근거·변경 이력 문서화
- 성과지표 설정 및 결과 데이터 분석을 통한 개선안 제안","- 결산·전표·재무제표 작성 관련 지식 또는 프로젝트·실무 경험을 보유한 분
- 계정별 원장·증빙·결산 자료를 정확히 해석하고 업무 문서로 구조화할 수 있는 분
- ERP·Excel 중 직무에 필요한 도구를 실무에 적용할 수 있는 분
- 유관 부서와 쟁점을 명확히 설명하고 일정에 맞춰 협업할 수 있는 분
- 문제 원인을 근거에 따라 분석하고 실행 가능한 대안을 제시할 수 있는 분
- 업무상 취급하는 개인정보와 기밀정보를 안전하게 관리할 수 있는 분
- 새로운 업무 기준과 도구를 빠르게 학습할 수 있는 분","- ERP정보관리사 회계 1급 보유자
- 전산회계 1급 보유자
- 재경관리사 보유자
- 결산·전표·재무제표 작성 관련 프로젝트를 기획부터 결과 검토까지 수행한 경험
- ERP·Excel를 활용해 반복 업무를 개선하거나 품질 기준을 정립한 경험
- 외부 파트너 또는 다양한 이해관계자와 복잡한 요구사항을 조율한 경험","- 제출한 경력·자격 증빙이 사실과 다른 경우
- 정해진 기한까지 필수 증빙서류를 제출하지 않은 경우
- 해외여행 및 근무에 결격사유가 있는 경우
- 채용 관련 비밀유지 의무를 위반한 경우",서류전형 > 필기전형 > 면접전형 > 최종합격
회계담당자 신규 인력 모집,70,26,20260109,20260217,18,경력 5년 이상,기간제,경기도,학력무관,"글로벌 사업 조직에서 결산·전표·재무제표 작성을 담당할 회계담당자를 모집합니다. 이 포지션은 현장의 요구를 실행 가능한 계획과 결과물로 연결하는 역할입니다.

담당 범위는 계정별 원장·증빙·결산 자료를 바탕으로 기준을 수립하고, 우선순위에 따라 과제를 실행하며 품질과 일정을 함께 관리하는 것입니다.

회계·세무 조직의 동료와 재무·영업·개발·운영 등 유관 부서, 필요한 경우 외부 파트너와 협업해 의사결정에 필요한 정보를 정리합니다.

이슈가 발생하면 사실과 데이터를 먼저 확인하고 원인을 구분한 뒤, 대안을 비교해 합의된 조치를 실행하고 재발 방지 내용을 문서화합니다.

입사 초기에는 기존 자료와 업무 흐름을 파악하고 ERP·Excel 환경을 익힌 뒤, 담당 영역의 개선 과제와 표준화 작업을 단계적으로 주도합니다.

성과는 결과물의 정확성, 일정 준수, 이해관계자와의 명확한 소통, 사용자와 사업에 미치는 영향을 기준으로 평가합니다.","- 고객 또는 내부 사용자의 피드백을 반영한 결과물 품질 개선
- 결산·전표·재무제표 작성 관련 연간·분기 실행계획 수립
- 계정별 원장·증빙·결산 자료 수집·정리 및 핵심 이슈 분석
- ERP·Excel를 활용한 업무 산출물 작성과 버전 관리
- 요구사항을 세부 과제와 일정으로 구체화하고 진행 현황 관리
- 유관 부서 및 외부 파트너와 기준·일정·결과물 조율
- 검토 회의 운영과 의사결정 근거·변경 이력 문서화","- 결산·전표·재무제표 작성 관련 지식 또는 프로젝트·실무 경험을 보유한 분
- 계정별 원장·증빙·결산 자료를 정확히 해석하고 업무 문서로 구조화할 수 있는 분
- ERP·Excel 중 직무에 필요한 도구를 실무에 적용할 수 있는 분
- 유관 부서와 쟁점을 명확히 설명하고 일정에 맞춰 협업할 수 있는 분
- 문제 원인을 근거에 따라 분석하고 실행 가능한 대안을 제시할 수 있는 분","- 전산회계 1급 보유자
- 재경관리사 보유자
- ERP정보관리사 회계 1급 보유자
- 결산·전표·재무제표 작성 관련 프로젝트를 기획부터 결과 검토까지 수행한 경험","- 지원 자격 또는 필수 면허 요건을 충족하지 못한 경우
- 전형 과정에서 타인의 결과물을 무단 사용한 경우
- 채용검진 결과 담당 업무 수행이 곤란한 경우
- 관계 법령상 취업이 제한되는 경우",서류전형 > 실무면접 > 최종면접
경리 담당자 모집,57,27,20260613,20260702,16,신입·경력,계약직,부산광역시,학사 이상,"플랫폼 운영 조직에서 매입매출·자금·증빙 관리를 담당할 경리를 모집합니다. 이 포지션은 현장의 요구를 실행 가능한 계획과 결과물로 연결하는 역할입니다.

담당 범위는 세금계산서·통장·법인카드 내역를 바탕으로 기준을 수립하고, 우선순위에 따라 과제를 실행하며 품질과 일정을 함께 관리하는 것입니다.

회계·세무 조직의 동료와 재무·영업·개발·운영 등 유관 부서, 필요한 경우 외부 파트너와 협업해 의사결정에 필요한 정보를 정리합니다.

이슈가 발생하면 사실과 데이터를 먼저 확인하고 원인을 구분한 뒤, 대안을 비교해 합의된 조치를 실행하고 재발 방지 내용을 문서화합니다.

입사 초기에는 기존 자료와 업무 흐름을 파악하고 ERP·홈택스 환경을 익힌 뒤, 담당 영역의 개선 과제와 표준화 작업을 단계적으로 주도합니다.

성과는 결과물의 정확성, 일정 준수, 이해관계자와의 명확한 소통, 사용자와 사업에 미치는 영향을 기준으로 평가합니다.","- 매입매출·자금·증빙 관리 관련 연간·분기 실행계획 수립
- 세금계산서·통장·법인카드 내역 수집·정리 및 핵심 이슈 분석
- ERP·홈택스를 활용한 업무 산출물 작성과 버전 관리
- 요구사항을 세부 과제와 일정으로 구체화하고 진행 현황 관리
- 유관 부서 및 외부 파트너와 기준·일정·결과물 조율
- 검토 회의 운영과 의사결정 근거·변경 이력 문서화
- 성과지표 설정 및 결과 데이터 분석을 통한 개선안 제안","- 매입매출·자금·증빙 관리 관련 지식 또는 프로젝트·실무 경험을 보유한 분
- 세금계산서·통장·법인카드 내역를 정확히 해석하고 업무 문서로 구조화할 수 있는 분
- ERP·홈택스 중 직무에 필요한 도구를 실무에 적용할 수 있는 분
- 유관 부서와 쟁점을 명확히 설명하고 일정에 맞춰 협업할 수 있는 분
- 문제 원인을 근거에 따라 분석하고 실행 가능한 대안을 제시할 수 있는 분","- 전산회계 1급 보유자
- FAT 1급 보유자
- 컴퓨터활용능력 1급 보유자
- 매입매출·자금·증빙 관리 관련 프로젝트를 기획부터 결과 검토까지 수행한 경험","- 지원서 또는 제출서류를 허위로 기재한 경우
- 채용 과정에서 부정한 방법을 사용한 경우
- 채용검진 결과 직무 수행이 어렵다고 판단되는 경우
- 관련 법령 또는 내부 인사규정상 채용이 불가능한 경우",서류전형 > 직무과제 > 실무면접 > 처우협의
경리 실무자 채용,63,27,20260818,20260909,19,경력 2년 이상,정규직,광주광역시,학사 이상,"브랜드 사업 조직에서 매입매출·자금·증빙 관리를 담당할 경리를 모집합니다. 이 포지션은 현장의 요구를 실행 가능한 계획과 결과물로 연결하는 역할입니다.

담당 범위는 세금계산서·통장·법인카드 내역를 바탕으로 기준을 수립하고, 우선순위에 따라 과제를 실행하며 품질과 일정을 함께 관리하는 것입니다.

회계·세무 조직의 동료와 재무·영업·개발·운영 등 유관 부서, 필요한 경우 외부 파트너와 협업해 의사결정에 필요한 정보를 정리합니다.

이슈가 발생하면 사실과 데이터를 먼저 확인하고 원인을 구분한 뒤, 대안을 비교해 합의된 조치를 실행하고 재발 방지 내용을 문서화합니다.

입사 초기에는 기존 자료와 업무 흐름을 파악하고 ERP·홈택스 환경을 익힌 뒤, 담당 영역의 개선 과제와 표준화 작업을 단계적으로 주도합니다.

성과는 결과물의 정확성, 일정 준수, 이해관계자와의 명확한 소통, 사용자와 사업에 미치는 영향을 기준으로 평가합니다.","- 세금계산서·통장·법인카드 내역 수집·정리 및 핵심 이슈 분석
- ERP·홈택스를 활용한 업무 산출물 작성과 버전 관리
- 요구사항을 세부 과제와 일정으로 구체화하고 진행 현황 관리
- 유관 부서 및 외부 파트너와 기준·일정·결과물 조율
- 검토 회의 운영과 의사결정 근거·변경 이력 문서화
- 성과지표 설정 및 결과 데이터 분석을 통한 개선안 제안
- 업무상 리스크 사전 점검과 문제 발생 시 원인 분석·후속 조치
- 재사용 가능한 체크리스트·가이드·템플릿 정비","- 매입매출·자금·증빙 관리 관련 지식 또는 프로젝트·실무 경험을 보유한 분
- 세금계산서·통장·법인카드 내역를 정확히 해석하고 업무 문서로 구조화할 수 있는 분
- ERP·홈택스 중 직무에 필요한 도구를 실무에 적용할 수 있는 분
- 유관 부서와 쟁점을 명확히 설명하고 일정에 맞춰 협업할 수 있는 분
- 문제 원인을 근거에 따라 분석하고 실행 가능한 대안을 제시할 수 있는 분
- 업무상 취급하는 개인정보와 기밀정보를 안전하게 관리할 수 있는 분","- FAT 1급 보유자
- 컴퓨터활용능력 1급 보유자
- 전산회계 1급 보유자
- 매입매출·자금·증빙 관리 관련 프로젝트를 기획부터 결과 검토까지 수행한 경험
- ERP·홈택스를 활용해 반복 업무를 개선하거나 품질 기준을 정립한 경험","- 제출한 경력·자격 증빙이 사실과 다른 경우
- 정해진 기한까지 필수 증빙서류를 제출하지 않은 경우
- 해외여행 및 근무에 결격사유가 있는 경우
- 채용 관련 비밀유지 의무를 위반한 경우",서류전형 > 1차면접 > 2차면접 > 채용검진
경리 전문인력 모집,9,27,20261023,20261117,2,경력 3년 이상,무기계약직,세종특별자치시,석사 이상,"지역 기반 전문기관에서 매입매출·자금·증빙 관리를 담당할 경리를 모집합니다. 이 포지션은 현장의 요구를 실행 가능한 계획과 결과물로 연결하는 역할입니다.

담당 범위는 세금계산서·통장·법인카드 내역를 바탕으로 기준을 수립하고, 우선순위에 따라 과제를 실행하며 품질과 일정을 함께 관리하는 것입니다.

회계·세무 조직의 동료와 재무·영업·개발·운영 등 유관 부서, 필요한 경우 외부 파트너와 협업해 의사결정에 필요한 정보를 정리합니다.

이슈가 발생하면 사실과 데이터를 먼저 확인하고 원인을 구분한 뒤, 대안을 비교해 합의된 조치를 실행하고 재발 방지 내용을 문서화합니다.

입사 초기에는 기존 자료와 업무 흐름을 파악하고 ERP·홈택스 환경을 익힌 뒤, 담당 영역의 개선 과제와 표준화 작업을 단계적으로 주도합니다.

성과는 결과물의 정확성, 일정 준수, 이해관계자와의 명확한 소통, 사용자와 사업에 미치는 영향을 기준으로 평가합니다.","- ERP·홈택스를 활용한 업무 산출물 작성과 버전 관리
- 요구사항을 세부 과제와 일정으로 구체화하고 진행 현황 관리
- 유관 부서 및 외부 파트너와 기준·일정·결과물 조율
- 검토 회의 운영과 의사결정 근거·변경 이력 문서화
- 성과지표 설정 및 결과 데이터 분석을 통한 개선안 제안
- 업무상 리스크 사전 점검과 문제 발생 시 원인 분석·후속 조치
- 재사용 가능한 체크리스트·가이드·템플릿 정비
- 고객 또는 내부 사용자의 피드백을 반영한 결과물 품질 개선
- 매입매출·자금·증빙 관리 관련 연간·분기 실행계획 수립","- 매입매출·자금·증빙 관리 관련 지식 또는 프로젝트·실무 경험을 보유한 분
- 세금계산서·통장·법인카드 내역를 정확히 해석하고 업무 문서로 구조화할 수 있는 분
- ERP·홈택스 중 직무에 필요한 도구를 실무에 적용할 수 있는 분
- 유관 부서와 쟁점을 명확히 설명하고 일정에 맞춰 협업할 수 있는 분
- 문제 원인을 근거에 따라 분석하고 실행 가능한 대안을 제시할 수 있는 분
- 업무상 취급하는 개인정보와 기밀정보를 안전하게 관리할 수 있는 분
- 경리 또는 유사 분야의 3년 이상 실무 경험을 보유한 분","- 컴퓨터활용능력 1급 보유자
- 전산회계 1급 보유자
- FAT 1급 보유자
- 매입매출·자금·증빙 관리 관련 프로젝트를 기획부터 결과 검토까지 수행한 경험
- ERP·홈택스를 활용해 반복 업무를 개선하거나 품질 기준을 정립한 경험
- 외부 파트너 또는 다양한 이해관계자와 복잡한 요구사항을 조율한 경험","- 지원 자격 또는 필수 면허 요건을 충족하지 못한 경우
- 전형 과정에서 타인의 결과물을 무단 사용한 경우
- 채용검진 결과 담당 업무 수행이 곤란한 경우
- 관계 법령상 취업이 제한되는 경우",서류전형 > 필기전형 > 면접전형 > 최종합격
경리 인재 채용,44,27,20260105,20260202,5,신입,정규직,충청남도,학력무관,"디지털 서비스 조직에서 매입매출·자금·증빙 관리를 담당할 경리를 모집합니다. 이 포지션은 현장의 요구를 실행 가능한 계획과 결과물로 연결하는 역할입니다.

담당 범위는 세금계산서·통장·법인카드 내역를 바탕으로 기준을 수립하고, 우선순위에 따라 과제를 실행하며 품질과 일정을 함께 관리하는 것입니다.

회계·세무 조직의 동료와 재무·영업·개발·운영 등 유관 부서, 필요한 경우 외부 파트너와 협업해 의사결정에 필요한 정보를 정리합니다.

이슈가 발생하면 사실과 데이터를 먼저 확인하고 원인을 구분한 뒤, 대안을 비교해 합의된 조치를 실행하고 재발 방지 내용을 문서화합니다.

입사 초기에는 기존 자료와 업무 흐름을 파악하고 ERP·홈택스 환경을 익힌 뒤, 담당 영역의 개선 과제와 표준화 작업을 단계적으로 주도합니다.

성과는 결과물의 정확성, 일정 준수, 이해관계자와의 명확한 소통, 사용자와 사업에 미치는 영향을 기준으로 평가합니다.","- 요구사항을 세부 과제와 일정으로 구체화하고 진행 현황 관리
- 유관 부서 및 외부 파트너와 기준·일정·결과물 조율
- 검토 회의 운영과 의사결정 근거·변경 이력 문서화
- 성과지표 설정 및 결과 데이터 분석을 통한 개선안 제안
- 업무상 리스크 사전 점검과 문제 발생 시 원인 분석·후속 조치
- 재사용 가능한 체크리스트·가이드·템플릿 정비
- 고객 또는 내부 사용자의 피드백을 반영한 결과물 품질 개선","- 매입매출·자금·증빙 관리 관련 지식 또는 프로젝트·실무 경험을 보유한 분
- 세금계산서·통장·법인카드 내역를 정확히 해석하고 업무 문서로 구조화할 수 있는 분
- ERP·홈택스 중 직무에 필요한 도구를 실무에 적용할 수 있는 분
- 유관 부서와 쟁점을 명확히 설명하고 일정에 맞춰 협업할 수 있는 분
- 문제 원인을 근거에 따라 분석하고 실행 가능한 대안을 제시할 수 있는 분","- 전산회계 1급 보유자
- FAT 1급 보유자
- 컴퓨터활용능력 1급 보유자
- 매입매출·자금·증빙 관리 관련 프로젝트를 기획부터 결과 검토까지 수행한 경험","- 지원서 또는 제출서류를 허위로 기재한 경우
- 채용 과정에서 부정한 방법을 사용한 경우
- 채용검진 결과 직무 수행이 어렵다고 판단되는 경우
- 관련 법령 또는 내부 인사규정상 채용이 불가능한 경우",서류전형 > 실무면접 > 최종면접
경리 공개채용,110,27,20260310,20260410,8,경력 2년 이상,계약직,경상남도,전문학사 이상,"성장 단계 스타트업에서 매입매출·자금·증빙 관리를 담당할 경리를 모집합니다. 이 포지션은 현장의 요구를 실행 가능한 계획과 결과물로 연결하는 역할입니다.

담당 범위는 세금계산서·통장·법인카드 내역를 바탕으로 기준을 수립하고, 우선순위에 따라 과제를 실행하며 품질과 일정을 함께 관리하는 것입니다.

회계·세무 조직의 동료와 재무·영업·개발·운영 등 유관 부서, 필요한 경우 외부 파트너와 협업해 의사결정에 필요한 정보를 정리합니다.

이슈가 발생하면 사실과 데이터를 먼저 확인하고 원인을 구분한 뒤, 대안을 비교해 합의된 조치를 실행하고 재발 방지 내용을 문서화합니다.

입사 초기에는 기존 자료와 업무 흐름을 파악하고 ERP·홈택스 환경을 익힌 뒤, 담당 영역의 개선 과제와 표준화 작업을 단계적으로 주도합니다.

성과는 결과물의 정확성, 일정 준수, 이해관계자와의 명확한 소통, 사용자와 사업에 미치는 영향을 기준으로 평가합니다.","- 유관 부서 및 외부 파트너와 기준·일정·결과물 조율
- 검토 회의 운영과 의사결정 근거·변경 이력 문서화
- 성과지표 설정 및 결과 데이터 분석을 통한 개선안 제안
- 업무상 리스크 사전 점검과 문제 발생 시 원인 분석·후속 조치
- 재사용 가능한 체크리스트·가이드·템플릿 정비
- 고객 또는 내부 사용자의 피드백을 반영한 결과물 품질 개선
- 매입매출·자금·증빙 관리 관련 연간·분기 실행계획 수립
- 세금계산서·통장·법인카드 내역 수집·정리 및 핵심 이슈 분석","- 매입매출·자금·증빙 관리 관련 지식 또는 프로젝트·실무 경험을 보유한 분
- 세금계산서·통장·법인카드 내역를 정확히 해석하고 업무 문서로 구조화할 수 있는 분
- ERP·홈택스 중 직무에 필요한 도구를 실무에 적용할 수 있는 분
- 유관 부서와 쟁점을 명확히 설명하고 일정에 맞춰 협업할 수 있는 분
- 문제 원인을 근거에 따라 분석하고 실행 가능한 대안을 제시할 수 있는 분
- 업무상 취급하는 개인정보와 기밀정보를 안전하게 관리할 수 있는 분","- FAT 1급 보유자
- 컴퓨터활용능력 1급 보유자
- 전산회계 1급 보유자
- 매입매출·자금·증빙 관리 관련 프로젝트를 기획부터 결과 검토까지 수행한 경험
- ERP·홈택스를 활용해 반복 업무를 개선하거나 품질 기준을 정립한 경험","- 제출한 경력·자격 증빙이 사실과 다른 경우
- 정해진 기한까지 필수 증빙서류를 제출하지 않은 경우
- 해외여행 및 근무에 결격사유가 있는 경우
- 채용 관련 비밀유지 의무를 위반한 경우",서류전형 > 인성검사 > 실무면접 > 최종면접
경리 프로젝트 담당 모집,82,27,20260515,20260618,11,신입·경력,정규직,제주특별자치도,학사 이상,"중견기업 전략 조직에서 매입매출·자금·증빙 관리를 담당할 경리를 모집합니다. 이 포지션은 현장의 요구를 실행 가능한 계획과 결과물로 연결하는 역할입니다.

담당 범위는 세금계산서·통장·법인카드 내역를 바탕으로 기준을 수립하고, 우선순위에 따라 과제를 실행하며 품질과 일정을 함께 관리하는 것입니다.

회계·세무 조직의 동료와 재무·영업·개발·운영 등 유관 부서, 필요한 경우 외부 파트너와 협업해 의사결정에 필요한 정보를 정리합니다.

이슈가 발생하면 사실과 데이터를 먼저 확인하고 원인을 구분한 뒤, 대안을 비교해 합의된 조치를 실행하고 재발 방지 내용을 문서화합니다.

입사 초기에는 기존 자료와 업무 흐름을 파악하고 ERP·홈택스 환경을 익힌 뒤, 담당 영역의 개선 과제와 표준화 작업을 단계적으로 주도합니다.

성과는 결과물의 정확성, 일정 준수, 이해관계자와의 명확한 소통, 사용자와 사업에 미치는 영향을 기준으로 평가합니다.","- 검토 회의 운영과 의사결정 근거·변경 이력 문서화
- 성과지표 설정 및 결과 데이터 분석을 통한 개선안 제안
- 업무상 리스크 사전 점검과 문제 발생 시 원인 분석·후속 조치
- 재사용 가능한 체크리스트·가이드·템플릿 정비
- 고객 또는 내부 사용자의 피드백을 반영한 결과물 품질 개선
- 매입매출·자금·증빙 관리 관련 연간·분기 실행계획 수립
- 세금계산서·통장·법인카드 내역 수집·정리 및 핵심 이슈 분석
- ERP·홈택스를 활용한 업무 산출물 작성과 버전 관리
- 요구사항을 세부 과제와 일정으로 구체화하고 진행 현황 관리","- 매입매출·자금·증빙 관리 관련 지식 또는 프로젝트·실무 경험을 보유한 분
- 세금계산서·통장·법인카드 내역를 정확히 해석하고 업무 문서로 구조화할 수 있는 분
- ERP·홈택스 중 직무에 필요한 도구를 실무에 적용할 수 있는 분
- 유관 부서와 쟁점을 명확히 설명하고 일정에 맞춰 협업할 수 있는 분
- 문제 원인을 근거에 따라 분석하고 실행 가능한 대안을 제시할 수 있는 분
- 업무상 취급하는 개인정보와 기밀정보를 안전하게 관리할 수 있는 분
- 경리 또는 유사 분야의 신입·경력 실무 경험을 보유한 분","- 컴퓨터활용능력 1급 보유자
- 전산회계 1급 보유자
- FAT 1급 보유자
- 매입매출·자금·증빙 관리 관련 프로젝트를 기획부터 결과 검토까지 수행한 경험
- ERP·홈택스를 활용해 반복 업무를 개선하거나 품질 기준을 정립한 경험
- 외부 파트너 또는 다양한 이해관계자와 복잡한 요구사항을 조율한 경험","- 지원 자격 또는 필수 면허 요건을 충족하지 못한 경우
- 전형 과정에서 타인의 결과물을 무단 사용한 경우
- 채용검진 결과 담당 업무 수행이 곤란한 경우
- 관계 법령상 취업이 제한되는 경우",서류전형 > 직무과제 > 실무면접 > 처우협의
경리 운영 담당자 채용,146,27,20260720,20260826,14,경력 3년 이상,무기계약직,서울특별시,학사 이상,"공공서비스 운영기관에서 매입매출·자금·증빙 관리를 담당할 경리를 모집합니다. 이 포지션은 현장의 요구를 실행 가능한 계획과 결과물로 연결하는 역할입니다.

담당 범위는 세금계산서·통장·법인카드 내역를 바탕으로 기준을 수립하고, 우선순위에 따라 과제를 실행하며 품질과 일정을 함께 관리하는 것입니다.

회계·세무 조직의 동료와 재무·영업·개발·운영 등 유관 부서, 필요한 경우 외부 파트너와 협업해 의사결정에 필요한 정보를 정리합니다.

이슈가 발생하면 사실과 데이터를 먼저 확인하고 원인을 구분한 뒤, 대안을 비교해 합의된 조치를 실행하고 재발 방지 내용을 문서화합니다.

입사 초기에는 기존 자료와 업무 흐름을 파악하고 ERP·홈택스 환경을 익힌 뒤, 담당 영역의 개선 과제와 표준화 작업을 단계적으로 주도합니다.

성과는 결과물의 정확성, 일정 준수, 이해관계자와의 명확한 소통, 사용자와 사업에 미치는 영향을 기준으로 평가합니다.","- 성과지표 설정 및 결과 데이터 분석을 통한 개선안 제안
- 업무상 리스크 사전 점검과 문제 발생 시 원인 분석·후속 조치
- 재사용 가능한 체크리스트·가이드·템플릿 정비
- 고객 또는 내부 사용자의 피드백을 반영한 결과물 품질 개선
- 매입매출·자금·증빙 관리 관련 연간·분기 실행계획 수립
- 세금계산서·통장·법인카드 내역 수집·정리 및 핵심 이슈 분석
- ERP·홈택스를 활용한 업무 산출물 작성과 버전 관리","- 매입매출·자금·증빙 관리 관련 지식 또는 프로젝트·실무 경험을 보유한 분
- 세금계산서·통장·법인카드 내역를 정확히 해석하고 업무 문서로 구조화할 수 있는 분
- ERP·홈택스 중 직무에 필요한 도구를 실무에 적용할 수 있는 분
- 유관 부서와 쟁점을 명확히 설명하고 일정에 맞춰 협업할 수 있는 분
- 문제 원인을 근거에 따라 분석하고 실행 가능한 대안을 제시할 수 있는 분","- 전산회계 1급 보유자
- FAT 1급 보유자
- 컴퓨터활용능력 1급 보유자
- 매입매출·자금·증빙 관리 관련 프로젝트를 기획부터 결과 검토까지 수행한 경험","- 지원서 또는 제출서류를 허위로 기재한 경우
- 채용 과정에서 부정한 방법을 사용한 경우
- 채용검진 결과 직무 수행이 어렵다고 판단되는 경우
- 관련 법령 또는 내부 인사규정상 채용이 불가능한 경우",서류전형 > 1차면접 > 2차면접 > 채용검진
경리 핵심인재 모집,102,27,20260902,20261012,17,경력 무관,정규직,경기도,석사 이상,"전문 컨설팅 조직에서 매입매출·자금·증빙 관리를 담당할 경리를 모집합니다. 이 포지션은 현장의 요구를 실행 가능한 계획과 결과물로 연결하는 역할입니다.

담당 범위는 세금계산서·통장·법인카드 내역를 바탕으로 기준을 수립하고, 우선순위에 따라 과제를 실행하며 품질과 일정을 함께 관리하는 것입니다.

회계·세무 조직의 동료와 재무·영업·개발·운영 등 유관 부서, 필요한 경우 외부 파트너와 협업해 의사결정에 필요한 정보를 정리합니다.

이슈가 발생하면 사실과 데이터를 먼저 확인하고 원인을 구분한 뒤, 대안을 비교해 합의된 조치를 실행하고 재발 방지 내용을 문서화합니다.

입사 초기에는 기존 자료와 업무 흐름을 파악하고 ERP·홈택스 환경을 익힌 뒤, 담당 영역의 개선 과제와 표준화 작업을 단계적으로 주도합니다.

성과는 결과물의 정확성, 일정 준수, 이해관계자와의 명확한 소통, 사용자와 사업에 미치는 영향을 기준으로 평가합니다.","- 업무상 리스크 사전 점검과 문제 발생 시 원인 분석·후속 조치
- 재사용 가능한 체크리스트·가이드·템플릿 정비
- 고객 또는 내부 사용자의 피드백을 반영한 결과물 품질 개선
- 매입매출·자금·증빙 관리 관련 연간·분기 실행계획 수립
- 세금계산서·통장·법인카드 내역 수집·정리 및 핵심 이슈 분석
- ERP·홈택스를 활용한 업무 산출물 작성과 버전 관리
- 요구사항을 세부 과제와 일정으로 구체화하고 진행 현황 관리
- 유관 부서 및 외부 파트너와 기준·일정·결과물 조율","- 매입매출·자금·증빙 관리 관련 지식 또는 프로젝트·실무 경험을 보유한 분
- 세금계산서·통장·법인카드 내역를 정확히 해석하고 업무 문서로 구조화할 수 있는 분
- ERP·홈택스 중 직무에 필요한 도구를 실무에 적용할 수 있는 분
- 유관 부서와 쟁점을 명확히 설명하고 일정에 맞춰 협업할 수 있는 분
- 문제 원인을 근거에 따라 분석하고 실행 가능한 대안을 제시할 수 있는 분
- 업무상 취급하는 개인정보와 기밀정보를 안전하게 관리할 수 있는 분","- FAT 1급 보유자
- 컴퓨터활용능력 1급 보유자
- 전산회계 1급 보유자
- 매입매출·자금·증빙 관리 관련 프로젝트를 기획부터 결과 검토까지 수행한 경험
- ERP·홈택스를 활용해 반복 업무를 개선하거나 품질 기준을 정립한 경험","- 제출한 경력·자격 증빙이 사실과 다른 경우
- 정해진 기한까지 필수 증빙서류를 제출하지 않은 경우
- 해외여행 및 근무에 결격사유가 있는 경우
- 채용 관련 비밀유지 의무를 위반한 경우",서류전형 > 필기전형 > 면접전형 > 최종합격
경리 전문가 채용,132,27,20261107,20261220,20,경력 5년 이상,기간제,인천광역시,학력무관,"글로벌 사업 조직에서 매입매출·자금·증빙 관리를 담당할 경리를 모집합니다. 이 포지션은 현장의 요구를 실행 가능한 계획과 결과물로 연결하는 역할입니다.

담당 범위는 세금계산서·통장·법인카드 내역를 바탕으로 기준을 수립하고, 우선순위에 따라 과제를 실행하며 품질과 일정을 함께 관리하는 것입니다.

회계·세무 조직의 동료와 재무·영업·개발·운영 등 유관 부서, 필요한 경우 외부 파트너와 협업해 의사결정에 필요한 정보를 정리합니다.

이슈가 발생하면 사실과 데이터를 먼저 확인하고 원인을 구분한 뒤, 대안을 비교해 합의된 조치를 실행하고 재발 방지 내용을 문서화합니다.

입사 초기에는 기존 자료와 업무 흐름을 파악하고 ERP·홈택스 환경을 익힌 뒤, 담당 영역의 개선 과제와 표준화 작업을 단계적으로 주도합니다.

성과는 결과물의 정확성, 일정 준수, 이해관계자와의 명확한 소통, 사용자와 사업에 미치는 영향을 기준으로 평가합니다.","- 재사용 가능한 체크리스트·가이드·템플릿 정비
- 고객 또는 내부 사용자의 피드백을 반영한 결과물 품질 개선
- 매입매출·자금·증빙 관리 관련 연간·분기 실행계획 수립
- 세금계산서·통장·법인카드 내역 수집·정리 및 핵심 이슈 분석
- ERP·홈택스를 활용한 업무 산출물 작성과 버전 관리
- 요구사항을 세부 과제와 일정으로 구체화하고 진행 현황 관리
- 유관 부서 및 외부 파트너와 기준·일정·결과물 조율
- 검토 회의 운영과 의사결정 근거·변경 이력 문서화
- 성과지표 설정 및 결과 데이터 분석을 통한 개선안 제안","- 매입매출·자금·증빙 관리 관련 지식 또는 프로젝트·실무 경험을 보유한 분
- 세금계산서·통장·법인카드 내역를 정확히 해석하고 업무 문서로 구조화할 수 있는 분
- ERP·홈택스 중 직무에 필요한 도구를 실무에 적용할 수 있는 분
- 유관 부서와 쟁점을 명확히 설명하고 일정에 맞춰 협업할 수 있는 분
- 문제 원인을 근거에 따라 분석하고 실행 가능한 대안을 제시할 수 있는 분
- 업무상 취급하는 개인정보와 기밀정보를 안전하게 관리할 수 있는 분
- 경리 또는 유사 분야의 5년 이상 실무 경험을 보유한 분","- 컴퓨터활용능력 1급 보유자
- 전산회계 1급 보유자
- FAT 1급 보유자
- 매입매출·자금·증빙 관리 관련 프로젝트를 기획부터 결과 검토까지 수행한 경험
- ERP·홈택스를 활용해 반복 업무를 개선하거나 품질 기준을 정립한 경험
- 외부 파트너 또는 다양한 이해관계자와 복잡한 요구사항을 조율한 경험","- 지원 자격 또는 필수 면허 요건을 충족하지 못한 경우
- 전형 과정에서 타인의 결과물을 무단 사용한 경우
- 채용검진 결과 담당 업무 수행이 곤란한 경우
- 관계 법령상 취업이 제한되는 경우",서류전형 > 실무면접 > 최종면접
경리 신규 인력 모집,107,27,20260212,20260222,3,경력,정규직,대전광역시,전문학사 이상,"연구개발 중심 조직에서 매입매출·자금·증빙 관리를 담당할 경리를 모집합니다. 이 포지션은 현장의 요구를 실행 가능한 계획과 결과물로 연결하는 역할입니다.

담당 범위는 세금계산서·통장·법인카드 내역를 바탕으로 기준을 수립하고, 우선순위에 따라 과제를 실행하며 품질과 일정을 함께 관리하는 것입니다.

회계·세무 조직의 동료와 재무·영업·개발·운영 등 유관 부서, 필요한 경우 외부 파트너와 협업해 의사결정에 필요한 정보를 정리합니다.

이슈가 발생하면 사실과 데이터를 먼저 확인하고 원인을 구분한 뒤, 대안을 비교해 합의된 조치를 실행하고 재발 방지 내용을 문서화합니다.

입사 초기에는 기존 자료와 업무 흐름을 파악하고 ERP·홈택스 환경을 익힌 뒤, 담당 영역의 개선 과제와 표준화 작업을 단계적으로 주도합니다.

성과는 결과물의 정확성, 일정 준수, 이해관계자와의 명확한 소통, 사용자와 사업에 미치는 영향을 기준으로 평가합니다.","- 고객 또는 내부 사용자의 피드백을 반영한 결과물 품질 개선
- 매입매출·자금·증빙 관리 관련 연간·분기 실행계획 수립
- 세금계산서·통장·법인카드 내역 수집·정리 및 핵심 이슈 분석
- ERP·홈택스를 활용한 업무 산출물 작성과 버전 관리
- 요구사항을 세부 과제와 일정으로 구체화하고 진행 현황 관리
- 유관 부서 및 외부 파트너와 기준·일정·결과물 조율
- 검토 회의 운영과 의사결정 근거·변경 이력 문서화","- 매입매출·자금·증빙 관리 관련 지식 또는 프로젝트·실무 경험을 보유한 분
- 세금계산서·통장·법인카드 내역를 정확히 해석하고 업무 문서로 구조화할 수 있는 분
- ERP·홈택스 중 직무에 필요한 도구를 실무에 적용할 수 있는 분
- 유관 부서와 쟁점을 명확히 설명하고 일정에 맞춰 협업할 수 있는 분
- 문제 원인을 근거에 따라 분석하고 실행 가능한 대안을 제시할 수 있는 분","- 전산회계 1급 보유자
- FAT 1급 보유자
- 컴퓨터활용능력 1급 보유자
- 매입매출·자금·증빙 관리 관련 프로젝트를 기획부터 결과 검토까지 수행한 경험","- 지원서 또는 제출서류를 허위로 기재한 경우
- 채용 과정에서 부정한 방법을 사용한 경우
- 채용검진 결과 직무 수행이 어렵다고 판단되는 경우
- 관련 법령 또는 내부 인사규정상 채용이 불가능한 경우",서류전형 > 인성검사 > 실무면접 > 최종면접
세무담당자 담당자 모집,22,28,20260716,20260811,1,경력 2년 이상,정규직,세종특별자치시,학사 이상,"브랜드 사업 조직에서 부가세·원천세·법인세 신고 지원을 담당할 세무담당자를 모집합니다. 이 포지션은 현장의 요구를 실행 가능한 계획과 결과물로 연결하는 역할입니다.

담당 범위는 세무조정·증빙·신고 자료를 바탕으로 기준을 수립하고, 우선순위에 따라 과제를 실행하며 품질과 일정을 함께 관리하는 것입니다.

회계·세무 조직의 동료와 재무·영업·개발·운영 등 유관 부서, 필요한 경우 외부 파트너와 협업해 의사결정에 필요한 정보를 정리합니다.

이슈가 발생하면 사실과 데이터를 먼저 확인하고 원인을 구분한 뒤, 대안을 비교해 합의된 조치를 실행하고 재발 방지 내용을 문서화합니다.

입사 초기에는 기존 자료와 업무 흐름을 파악하고 홈택스·ERP 환경을 익힌 뒤, 담당 영역의 개선 과제와 표준화 작업을 단계적으로 주도합니다.

성과는 결과물의 정확성, 일정 준수, 이해관계자와의 명확한 소통, 사용자와 사업에 미치는 영향을 기준으로 평가합니다.","- 부가세·원천세·법인세 신고 지원 관련 연간·분기 실행계획 수립
- 세무조정·증빙·신고 자료 수집·정리 및 핵심 이슈 분석
- 홈택스·ERP를 활용한 업무 산출물 작성과 버전 관리
- 요구사항을 세부 과제와 일정으로 구체화하고 진행 현황 관리
- 유관 부서 및 외부 파트너와 기준·일정·결과물 조율
- 검토 회의 운영과 의사결정 근거·변경 이력 문서화
- 성과지표 설정 및 결과 데이터 분석을 통한 개선안 제안","- 부가세·원천세·법인세 신고 지원 관련 지식 또는 프로젝트·실무 경험을 보유한 분
- 세무조정·증빙·신고 자료를 정확히 해석하고 업무 문서로 구조화할 수 있는 분
- 홈택스·ERP 중 직무에 필요한 도구를 실무에 적용할 수 있는 분
- 유관 부서와 쟁점을 명확히 설명하고 일정에 맞춰 협업할 수 있는 분
- 문제 원인을 근거에 따라 분석하고 실행 가능한 대안을 제시할 수 있는 분","- 전산세무 1급 보유자
- TAT 1급 보유자
- 세무사 보유자
- 부가세·원천세·법인세 신고 지원 관련 프로젝트를 기획부터 결과 검토까지 수행한 경험","- 제출한 경력·자격 증빙이 사실과 다른 경우
- 정해진 기한까지 필수 증빙서류를 제출하지 않은 경우
- 해외여행 및 근무에 결격사유가 있는 경우
- 채용 관련 비밀유지 의무를 위반한 경우",서류전형 > 1차면접 > 2차면접 > 채용검진
세무담당자 실무자 채용,87,28,20260921,20261020,4,경력 3년 이상,무기계약직,충청남도,석사 이상,"지역 기반 전문기관에서 부가세·원천세·법인세 신고 지원을 담당할 세무담당자를 모집합니다. 이 포지션은 현장의 요구를 실행 가능한 계획과 결과물로 연결하는 역할입니다.

담당 범위는 세무조정·증빙·신고 자료를 바탕으로 기준을 수립하고, 우선순위에 따라 과제를 실행하며 품질과 일정을 함께 관리하는 것입니다.

회계·세무 조직의 동료와 재무·영업·개발·운영 등 유관 부서, 필요한 경우 외부 파트너와 협업해 의사결정에 필요한 정보를 정리합니다.

이슈가 발생하면 사실과 데이터를 먼저 확인하고 원인을 구분한 뒤, 대안을 비교해 합의된 조치를 실행하고 재발 방지 내용을 문서화합니다.

입사 초기에는 기존 자료와 업무 흐름을 파악하고 홈택스·ERP 환경을 익힌 뒤, 담당 영역의 개선 과제와 표준화 작업을 단계적으로 주도합니다.

성과는 결과물의 정확성, 일정 준수, 이해관계자와의 명확한 소통, 사용자와 사업에 미치는 영향을 기준으로 평가합니다.","- 세무조정·증빙·신고 자료 수집·정리 및 핵심 이슈 분석
- 홈택스·ERP를 활용한 업무 산출물 작성과 버전 관리
- 요구사항을 세부 과제와 일정으로 구체화하고 진행 현황 관리
- 유관 부서 및 외부 파트너와 기준·일정·결과물 조율
- 검토 회의 운영과 의사결정 근거·변경 이력 문서화
- 성과지표 설정 및 결과 데이터 분석을 통한 개선안 제안
- 업무상 리스크 사전 점검과 문제 발생 시 원인 분석·후속 조치
- 재사용 가능한 체크리스트·가이드·템플릿 정비","- 부가세·원천세·법인세 신고 지원 관련 지식 또는 프로젝트·실무 경험을 보유한 분
- 세무조정·증빙·신고 자료를 정확히 해석하고 업무 문서로 구조화할 수 있는 분
- 홈택스·ERP 중 직무에 필요한 도구를 실무에 적용할 수 있는 분
- 유관 부서와 쟁점을 명확히 설명하고 일정에 맞춰 협업할 수 있는 분
- 문제 원인을 근거에 따라 분석하고 실행 가능한 대안을 제시할 수 있는 분
- 업무상 취급하는 개인정보와 기밀정보를 안전하게 관리할 수 있는 분","- TAT 1급 보유자
- 세무사 보유자
- 전산세무 1급 보유자
- 부가세·원천세·법인세 신고 지원 관련 프로젝트를 기획부터 결과 검토까지 수행한 경험
- 홈택스·ERP를 활용해 반복 업무를 개선하거나 품질 기준을 정립한 경험","- 지원 자격 또는 필수 면허 요건을 충족하지 못한 경우
- 전형 과정에서 타인의 결과물을 무단 사용한 경우
- 채용검진 결과 담당 업무 수행이 곤란한 경우
- 관계 법령상 취업이 제한되는 경우",서류전형 > 필기전형 > 면접전형 > 최종합격
세무담당자 전문인력 모집,148,28,20261103,20261205,7,신입,정규직,경상남도,학력무관,"디지털 서비스 조직에서 부가세·원천세·법인세 신고 지원을 담당할 세무담당자를 모집합니다. 이 포지션은 현장의 요구를 실행 가능한 계획과 결과물로 연결하는 역할입니다.

담당 범위는 세무조정·증빙·신고 자료를 바탕으로 기준을 수립하고, 우선순위에 따라 과제를 실행하며 품질과 일정을 함께 관리하는 것입니다.

회계·세무 조직의 동료와 재무·영업·개발·운영 등 유관 부서, 필요한 경우 외부 파트너와 협업해 의사결정에 필요한 정보를 정리합니다.

이슈가 발생하면 사실과 데이터를 먼저 확인하고 원인을 구분한 뒤, 대안을 비교해 합의된 조치를 실행하고 재발 방지 내용을 문서화합니다.

입사 초기에는 기존 자료와 업무 흐름을 파악하고 홈택스·ERP 환경을 익힌 뒤, 담당 영역의 개선 과제와 표준화 작업을 단계적으로 주도합니다.

성과는 결과물의 정확성, 일정 준수, 이해관계자와의 명확한 소통, 사용자와 사업에 미치는 영향을 기준으로 평가합니다.","- 홈택스·ERP를 활용한 업무 산출물 작성과 버전 관리
- 요구사항을 세부 과제와 일정으로 구체화하고 진행 현황 관리
- 유관 부서 및 외부 파트너와 기준·일정·결과물 조율
- 검토 회의 운영과 의사결정 근거·변경 이력 문서화
- 성과지표 설정 및 결과 데이터 분석을 통한 개선안 제안
- 업무상 리스크 사전 점검과 문제 발생 시 원인 분석·후속 조치
- 재사용 가능한 체크리스트·가이드·템플릿 정비
- 고객 또는 내부 사용자의 피드백을 반영한 결과물 품질 개선
- 부가세·원천세·법인세 신고 지원 관련 연간·분기 실행계획 수립","- 부가세·원천세·법인세 신고 지원 관련 지식 또는 프로젝트·실무 경험을 보유한 분
- 세무조정·증빙·신고 자료를 정확히 해석하고 업무 문서로 구조화할 수 있는 분
- 홈택스·ERP 중 직무에 필요한 도구를 실무에 적용할 수 있는 분
- 유관 부서와 쟁점을 명확히 설명하고 일정에 맞춰 협업할 수 있는 분
- 문제 원인을 근거에 따라 분석하고 실행 가능한 대안을 제시할 수 있는 분
- 업무상 취급하는 개인정보와 기밀정보를 안전하게 관리할 수 있는 분
- 새로운 업무 기준과 도구를 빠르게 학습할 수 있는 분","- 세무사 보유자
- 전산세무 1급 보유자
- TAT 1급 보유자
- 부가세·원천세·법인세 신고 지원 관련 프로젝트를 기획부터 결과 검토까지 수행한 경험
- 홈택스·ERP를 활용해 반복 업무를 개선하거나 품질 기준을 정립한 경험
- 외부 파트너 또는 다양한 이해관계자와 복잡한 요구사항을 조율한 경험","- 지원서 또는 제출서류를 허위로 기재한 경우
- 채용 과정에서 부정한 방법을 사용한 경우
- 채용검진 결과 직무 수행이 어렵다고 판단되는 경우
- 관련 법령 또는 내부 인사규정상 채용이 불가능한 경우",서류전형 > 실무면접 > 최종면접
세무담당자 인재 채용,109,28,20260208,20260315,10,경력 2년 이상,계약직,제주특별자치도,전문학사 이상,"성장 단계 스타트업에서 부가세·원천세·법인세 신고 지원을 담당할 세무담당자를 모집합니다. 이 포지션은 현장의 요구를 실행 가능한 계획과 결과물로 연결하는 역할입니다.

담당 범위는 세무조정·증빙·신고 자료를 바탕으로 기준을 수립하고, 우선순위에 따라 과제를 실행하며 품질과 일정을 함께 관리하는 것입니다.

회계·세무 조직의 동료와 재무·영업·개발·운영 등 유관 부서, 필요한 경우 외부 파트너와 협업해 의사결정에 필요한 정보를 정리합니다.

이슈가 발생하면 사실과 데이터를 먼저 확인하고 원인을 구분한 뒤, 대안을 비교해 합의된 조치를 실행하고 재발 방지 내용을 문서화합니다.

입사 초기에는 기존 자료와 업무 흐름을 파악하고 홈택스·ERP 환경을 익힌 뒤, 담당 영역의 개선 과제와 표준화 작업을 단계적으로 주도합니다.

성과는 결과물의 정확성, 일정 준수, 이해관계자와의 명확한 소통, 사용자와 사업에 미치는 영향을 기준으로 평가합니다.","- 요구사항을 세부 과제와 일정으로 구체화하고 진행 현황 관리
- 유관 부서 및 외부 파트너와 기준·일정·결과물 조율
- 검토 회의 운영과 의사결정 근거·변경 이력 문서화
- 성과지표 설정 및 결과 데이터 분석을 통한 개선안 제안
- 업무상 리스크 사전 점검과 문제 발생 시 원인 분석·후속 조치
- 재사용 가능한 체크리스트·가이드·템플릿 정비
- 고객 또는 내부 사용자의 피드백을 반영한 결과물 품질 개선","- 부가세·원천세·법인세 신고 지원 관련 지식 또는 프로젝트·실무 경험을 보유한 분
- 세무조정·증빙·신고 자료를 정확히 해석하고 업무 문서로 구조화할 수 있는 분
- 홈택스·ERP 중 직무에 필요한 도구를 실무에 적용할 수 있는 분
- 유관 부서와 쟁점을 명확히 설명하고 일정에 맞춰 협업할 수 있는 분
- 문제 원인을 근거에 따라 분석하고 실행 가능한 대안을 제시할 수 있는 분","- 전산세무 1급 보유자
- TAT 1급 보유자
- 세무사 보유자
- 부가세·원천세·법인세 신고 지원 관련 프로젝트를 기획부터 결과 검토까지 수행한 경험","- 제출한 경력·자격 증빙이 사실과 다른 경우
- 정해진 기한까지 필수 증빙서류를 제출하지 않은 경우
- 해외여행 및 근무에 결격사유가 있는 경우
- 채용 관련 비밀유지 의무를 위반한 경우",서류전형 > 인성검사 > 실무면접 > 최종면접
세무담당자 공개채용,37,28,20260413,20260521,13,신입·경력,정규직,서울특별시,학사 이상,"중견기업 전략 조직에서 부가세·원천세·법인세 신고 지원을 담당할 세무담당자를 모집합니다. 이 포지션은 현장의 요구를 실행 가능한 계획과 결과물로 연결하는 역할입니다.

담당 범위는 세무조정·증빙·신고 자료를 바탕으로 기준을 수립하고, 우선순위에 따라 과제를 실행하며 품질과 일정을 함께 관리하는 것입니다.

회계·세무 조직의 동료와 재무·영업·개발·운영 등 유관 부서, 필요한 경우 외부 파트너와 협업해 의사결정에 필요한 정보를 정리합니다.

이슈가 발생하면 사실과 데이터를 먼저 확인하고 원인을 구분한 뒤, 대안을 비교해 합의된 조치를 실행하고 재발 방지 내용을 문서화합니다.

입사 초기에는 기존 자료와 업무 흐름을 파악하고 홈택스·ERP 환경을 익힌 뒤, 담당 영역의 개선 과제와 표준화 작업을 단계적으로 주도합니다.

성과는 결과물의 정확성, 일정 준수, 이해관계자와의 명확한 소통, 사용자와 사업에 미치는 영향을 기준으로 평가합니다.","- 유관 부서 및 외부 파트너와 기준·일정·결과물 조율
- 검토 회의 운영과 의사결정 근거·변경 이력 문서화
- 성과지표 설정 및 결과 데이터 분석을 통한 개선안 제안
- 업무상 리스크 사전 점검과 문제 발생 시 원인 분석·후속 조치
- 재사용 가능한 체크리스트·가이드·템플릿 정비
- 고객 또는 내부 사용자의 피드백을 반영한 결과물 품질 개선
- 부가세·원천세·법인세 신고 지원 관련 연간·분기 실행계획 수립
- 세무조정·증빙·신고 자료 수집·정리 및 핵심 이슈 분석","- 부가세·원천세·법인세 신고 지원 관련 지식 또는 프로젝트·실무 경험을 보유한 분
- 세무조정·증빙·신고 자료를 정확히 해석하고 업무 문서로 구조화할 수 있는 분
- 홈택스·ERP 중 직무에 필요한 도구를 실무에 적용할 수 있는 분
- 유관 부서와 쟁점을 명확히 설명하고 일정에 맞춰 협업할 수 있는 분
- 문제 원인을 근거에 따라 분석하고 실행 가능한 대안을 제시할 수 있는 분
- 업무상 취급하는 개인정보와 기밀정보를 안전하게 관리할 수 있는 분","- TAT 1급 보유자
- 세무사 보유자
- 전산세무 1급 보유자
- 부가세·원천세·법인세 신고 지원 관련 프로젝트를 기획부터 결과 검토까지 수행한 경험
- 홈택스·ERP를 활용해 반복 업무를 개선하거나 품질 기준을 정립한 경험","- 지원 자격 또는 필수 면허 요건을 충족하지 못한 경우
- 전형 과정에서 타인의 결과물을 무단 사용한 경우
- 채용검진 결과 담당 업무 수행이 곤란한 경우
- 관계 법령상 취업이 제한되는 경우",서류전형 > 직무과제 > 실무면접 > 처우협의
세무담당자 프로젝트 담당 모집,104,28,20260618,20260729,16,경력 3년 이상,무기계약직,경기도,학사 이상,"공공서비스 운영기관에서 부가세·원천세·법인세 신고 지원을 담당할 세무담당자를 모집합니다. 이 포지션은 현장의 요구를 실행 가능한 계획과 결과물로 연결하는 역할입니다.

담당 범위는 세무조정·증빙·신고 자료를 바탕으로 기준을 수립하고, 우선순위에 따라 과제를 실행하며 품질과 일정을 함께 관리하는 것입니다.

회계·세무 조직의 동료와 재무·영업·개발·운영 등 유관 부서, 필요한 경우 외부 파트너와 협업해 의사결정에 필요한 정보를 정리합니다.

이슈가 발생하면 사실과 데이터를 먼저 확인하고 원인을 구분한 뒤, 대안을 비교해 합의된 조치를 실행하고 재발 방지 내용을 문서화합니다.

입사 초기에는 기존 자료와 업무 흐름을 파악하고 홈택스·ERP 환경을 익힌 뒤, 담당 영역의 개선 과제와 표준화 작업을 단계적으로 주도합니다.

성과는 결과물의 정확성, 일정 준수, 이해관계자와의 명확한 소통, 사용자와 사업에 미치는 영향을 기준으로 평가합니다.","- 검토 회의 운영과 의사결정 근거·변경 이력 문서화
- 성과지표 설정 및 결과 데이터 분석을 통한 개선안 제안
- 업무상 리스크 사전 점검과 문제 발생 시 원인 분석·후속 조치
- 재사용 가능한 체크리스트·가이드·템플릿 정비
- 고객 또는 내부 사용자의 피드백을 반영한 결과물 품질 개선
- 부가세·원천세·법인세 신고 지원 관련 연간·분기 실행계획 수립
- 세무조정·증빙·신고 자료 수집·정리 및 핵심 이슈 분석
- 홈택스·ERP를 활용한 업무 산출물 작성과 버전 관리
- 요구사항을 세부 과제와 일정으로 구체화하고 진행 현황 관리","- 부가세·원천세·법인세 신고 지원 관련 지식 또는 프로젝트·실무 경험을 보유한 분
- 세무조정·증빙·신고 자료를 정확히 해석하고 업무 문서로 구조화할 수 있는 분
- 홈택스·ERP 중 직무에 필요한 도구를 실무에 적용할 수 있는 분
- 유관 부서와 쟁점을 명확히 설명하고 일정에 맞춰 협업할 수 있는 분
- 문제 원인을 근거에 따라 분석하고 실행 가능한 대안을 제시할 수 있는 분
- 업무상 취급하는 개인정보와 기밀정보를 안전하게 관리할 수 있는 분
- 세무담당자 또는 유사 분야의 3년 이상 실무 경험을 보유한 분","- 세무사 보유자
- 전산세무 1급 보유자
- TAT 1급 보유자
- 부가세·원천세·법인세 신고 지원 관련 프로젝트를 기획부터 결과 검토까지 수행한 경험
- 홈택스·ERP를 활용해 반복 업무를 개선하거나 품질 기준을 정립한 경험
- 외부 파트너 또는 다양한 이해관계자와 복잡한 요구사항을 조율한 경험","- 지원서 또는 제출서류를 허위로 기재한 경우
- 채용 과정에서 부정한 방법을 사용한 경우
- 채용검진 결과 직무 수행이 어렵다고 판단되는 경우
- 관련 법령 또는 내부 인사규정상 채용이 불가능한 경우",서류전형 > 1차면접 > 2차면접 > 채용검진
세무담당자 운영 담당자 채용,45,28,20260823,20261006,19,경력 무관,정규직,인천광역시,석사 이상,"전문 컨설팅 조직에서 부가세·원천세·법인세 신고 지원을 담당할 세무담당자를 모집합니다. 이 포지션은 현장의 요구를 실행 가능한 계획과 결과물로 연결하는 역할입니다.

담당 범위는 세무조정·증빙·신고 자료를 바탕으로 기준을 수립하고, 우선순위에 따라 과제를 실행하며 품질과 일정을 함께 관리하는 것입니다.

회계·세무 조직의 동료와 재무·영업·개발·운영 등 유관 부서, 필요한 경우 외부 파트너와 협업해 의사결정에 필요한 정보를 정리합니다.

이슈가 발생하면 사실과 데이터를 먼저 확인하고 원인을 구분한 뒤, 대안을 비교해 합의된 조치를 실행하고 재발 방지 내용을 문서화합니다.

입사 초기에는 기존 자료와 업무 흐름을 파악하고 홈택스·ERP 환경을 익힌 뒤, 담당 영역의 개선 과제와 표준화 작업을 단계적으로 주도합니다.

성과는 결과물의 정확성, 일정 준수, 이해관계자와의 명확한 소통, 사용자와 사업에 미치는 영향을 기준으로 평가합니다.","- 성과지표 설정 및 결과 데이터 분석을 통한 개선안 제안
- 업무상 리스크 사전 점검과 문제 발생 시 원인 분석·후속 조치
- 재사용 가능한 체크리스트·가이드·템플릿 정비
- 고객 또는 내부 사용자의 피드백을 반영한 결과물 품질 개선
- 부가세·원천세·법인세 신고 지원 관련 연간·분기 실행계획 수립
- 세무조정·증빙·신고 자료 수집·정리 및 핵심 이슈 분석
- 홈택스·ERP를 활용한 업무 산출물 작성과 버전 관리","- 부가세·원천세·법인세 신고 지원 관련 지식 또는 프로젝트·실무 경험을 보유한 분
- 세무조정·증빙·신고 자료를 정확히 해석하고 업무 문서로 구조화할 수 있는 분
- 홈택스·ERP 중 직무에 필요한 도구를 실무에 적용할 수 있는 분
- 유관 부서와 쟁점을 명확히 설명하고 일정에 맞춰 협업할 수 있는 분
- 문제 원인을 근거에 따라 분석하고 실행 가능한 대안을 제시할 수 있는 분","- 전산세무 1급 보유자
- TAT 1급 보유자
- 세무사 보유자
- 부가세·원천세·법인세 신고 지원 관련 프로젝트를 기획부터 결과 검토까지 수행한 경험","- 제출한 경력·자격 증빙이 사실과 다른 경우
- 정해진 기한까지 필수 증빙서류를 제출하지 않은 경우
- 해외여행 및 근무에 결격사유가 있는 경우
- 채용 관련 비밀유지 의무를 위반한 경우",서류전형 > 필기전형 > 면접전형 > 최종합격
세무담당자 핵심인재 모집,125,28,20261005,20261016,2,경력 5년 이상,기간제,대전광역시,학력무관,"글로벌 사업 조직에서 부가세·원천세·법인세 신고 지원을 담당할 세무담당자를 모집합니다. 이 포지션은 현장의 요구를 실행 가능한 계획과 결과물로 연결하는 역할입니다.

담당 범위는 세무조정·증빙·신고 자료를 바탕으로 기준을 수립하고, 우선순위에 따라 과제를 실행하며 품질과 일정을 함께 관리하는 것입니다.

회계·세무 조직의 동료와 재무·영업·개발·운영 등 유관 부서, 필요한 경우 외부 파트너와 협업해 의사결정에 필요한 정보를 정리합니다.

이슈가 발생하면 사실과 데이터를 먼저 확인하고 원인을 구분한 뒤, 대안을 비교해 합의된 조치를 실행하고 재발 방지 내용을 문서화합니다.

입사 초기에는 기존 자료와 업무 흐름을 파악하고 홈택스·ERP 환경을 익힌 뒤, 담당 영역의 개선 과제와 표준화 작업을 단계적으로 주도합니다.

성과는 결과물의 정확성, 일정 준수, 이해관계자와의 명확한 소통, 사용자와 사업에 미치는 영향을 기준으로 평가합니다.","- 업무상 리스크 사전 점검과 문제 발생 시 원인 분석·후속 조치
- 재사용 가능한 체크리스트·가이드·템플릿 정비
- 고객 또는 내부 사용자의 피드백을 반영한 결과물 품질 개선
- 부가세·원천세·법인세 신고 지원 관련 연간·분기 실행계획 수립
- 세무조정·증빙·신고 자료 수집·정리 및 핵심 이슈 분석
- 홈택스·ERP를 활용한 업무 산출물 작성과 버전 관리
- 요구사항을 세부 과제와 일정으로 구체화하고 진행 현황 관리
- 유관 부서 및 외부 파트너와 기준·일정·결과물 조율","- 부가세·원천세·법인세 신고 지원 관련 지식 또는 프로젝트·실무 경험을 보유한 분
- 세무조정·증빙·신고 자료를 정확히 해석하고 업무 문서로 구조화할 수 있는 분
- 홈택스·ERP 중 직무에 필요한 도구를 실무에 적용할 수 있는 분
- 유관 부서와 쟁점을 명확히 설명하고 일정에 맞춰 협업할 수 있는 분
- 문제 원인을 근거에 따라 분석하고 실행 가능한 대안을 제시할 수 있는 분
- 업무상 취급하는 개인정보와 기밀정보를 안전하게 관리할 수 있는 분","- TAT 1급 보유자
- 세무사 보유자
- 전산세무 1급 보유자
- 부가세·원천세·법인세 신고 지원 관련 프로젝트를 기획부터 결과 검토까지 수행한 경험
- 홈택스·ERP를 활용해 반복 업무를 개선하거나 품질 기준을 정립한 경험","- 지원 자격 또는 필수 면허 요건을 충족하지 못한 경우
- 전형 과정에서 타인의 결과물을 무단 사용한 경우
- 채용검진 결과 담당 업무 수행이 곤란한 경우
- 관계 법령상 취업이 제한되는 경우",서류전형 > 실무면접 > 최종면접
세무담당자 전문가 채용,29,28,20260110,20260124,5,경력,정규직,부산광역시,전문학사 이상,"연구개발 중심 조직에서 부가세·원천세·법인세 신고 지원을 담당할 세무담당자를 모집합니다. 이 포지션은 현장의 요구를 실행 가능한 계획과 결과물로 연결하는 역할입니다.

담당 범위는 세무조정·증빙·신고 자료를 바탕으로 기준을 수립하고, 우선순위에 따라 과제를 실행하며 품질과 일정을 함께 관리하는 것입니다.

회계·세무 조직의 동료와 재무·영업·개발·운영 등 유관 부서, 필요한 경우 외부 파트너와 협업해 의사결정에 필요한 정보를 정리합니다.

이슈가 발생하면 사실과 데이터를 먼저 확인하고 원인을 구분한 뒤, 대안을 비교해 합의된 조치를 실행하고 재발 방지 내용을 문서화합니다.

입사 초기에는 기존 자료와 업무 흐름을 파악하고 홈택스·ERP 환경을 익힌 뒤, 담당 영역의 개선 과제와 표준화 작업을 단계적으로 주도합니다.

성과는 결과물의 정확성, 일정 준수, 이해관계자와의 명확한 소통, 사용자와 사업에 미치는 영향을 기준으로 평가합니다.","- 재사용 가능한 체크리스트·가이드·템플릿 정비
- 고객 또는 내부 사용자의 피드백을 반영한 결과물 품질 개선
- 부가세·원천세·법인세 신고 지원 관련 연간·분기 실행계획 수립
- 세무조정·증빙·신고 자료 수집·정리 및 핵심 이슈 분석
- 홈택스·ERP를 활용한 업무 산출물 작성과 버전 관리
- 요구사항을 세부 과제와 일정으로 구체화하고 진행 현황 관리
- 유관 부서 및 외부 파트너와 기준·일정·결과물 조율
- 검토 회의 운영과 의사결정 근거·변경 이력 문서화
- 성과지표 설정 및 결과 데이터 분석을 통한 개선안 제안","- 부가세·원천세·법인세 신고 지원 관련 지식 또는 프로젝트·실무 경험을 보유한 분
- 세무조정·증빙·신고 자료를 정확히 해석하고 업무 문서로 구조화할 수 있는 분
- 홈택스·ERP 중 직무에 필요한 도구를 실무에 적용할 수 있는 분
- 유관 부서와 쟁점을 명확히 설명하고 일정에 맞춰 협업할 수 있는 분
- 문제 원인을 근거에 따라 분석하고 실행 가능한 대안을 제시할 수 있는 분
- 업무상 취급하는 개인정보와 기밀정보를 안전하게 관리할 수 있는 분
- 세무담당자 또는 유사 분야의 경력 실무 경험을 보유한 분","- 세무사 보유자
- 전산세무 1급 보유자
- TAT 1급 보유자
- 부가세·원천세·법인세 신고 지원 관련 프로젝트를 기획부터 결과 검토까지 수행한 경험
- 홈택스·ERP를 활용해 반복 업무를 개선하거나 품질 기준을 정립한 경험
- 외부 파트너 또는 다양한 이해관계자와 복잡한 요구사항을 조율한 경험","- 지원서 또는 제출서류를 허위로 기재한 경우
- 채용 과정에서 부정한 방법을 사용한 경우
- 채용검진 결과 직무 수행이 어렵다고 판단되는 경우
- 관련 법령 또는 내부 인사규정상 채용이 불가능한 경우",서류전형 > 인성검사 > 실무면접 > 최종면접
세무담당자 신규 인력 모집,112,28,20260315,20260401,8,신입·경력,계약직,광주광역시,학사 이상,"플랫폼 운영 조직에서 부가세·원천세·법인세 신고 지원을 담당할 세무담당자를 모집합니다. 이 포지션은 현장의 요구를 실행 가능한 계획과 결과물로 연결하는 역할입니다.

담당 범위는 세무조정·증빙·신고 자료를 바탕으로 기준을 수립하고, 우선순위에 따라 과제를 실행하며 품질과 일정을 함께 관리하는 것입니다.

회계·세무 조직의 동료와 재무·영업·개발·운영 등 유관 부서, 필요한 경우 외부 파트너와 협업해 의사결정에 필요한 정보를 정리합니다.

이슈가 발생하면 사실과 데이터를 먼저 확인하고 원인을 구분한 뒤, 대안을 비교해 합의된 조치를 실행하고 재발 방지 내용을 문서화합니다.

입사 초기에는 기존 자료와 업무 흐름을 파악하고 홈택스·ERP 환경을 익힌 뒤, 담당 영역의 개선 과제와 표준화 작업을 단계적으로 주도합니다.

성과는 결과물의 정확성, 일정 준수, 이해관계자와의 명확한 소통, 사용자와 사업에 미치는 영향을 기준으로 평가합니다.","- 고객 또는 내부 사용자의 피드백을 반영한 결과물 품질 개선
- 부가세·원천세·법인세 신고 지원 관련 연간·분기 실행계획 수립
- 세무조정·증빙·신고 자료 수집·정리 및 핵심 이슈 분석
- 홈택스·ERP를 활용한 업무 산출물 작성과 버전 관리
- 요구사항을 세부 과제와 일정으로 구체화하고 진행 현황 관리
- 유관 부서 및 외부 파트너와 기준·일정·결과물 조율
- 검토 회의 운영과 의사결정 근거·변경 이력 문서화","- 부가세·원천세·법인세 신고 지원 관련 지식 또는 프로젝트·실무 경험을 보유한 분
- 세무조정·증빙·신고 자료를 정확히 해석하고 업무 문서로 구조화할 수 있는 분
- 홈택스·ERP 중 직무에 필요한 도구를 실무에 적용할 수 있는 분
- 유관 부서와 쟁점을 명확히 설명하고 일정에 맞춰 협업할 수 있는 분
- 문제 원인을 근거에 따라 분석하고 실행 가능한 대안을 제시할 수 있는 분","- 전산세무 1급 보유자
- TAT 1급 보유자
- 세무사 보유자
- 부가세·원천세·법인세 신고 지원 관련 프로젝트를 기획부터 결과 검토까지 수행한 경험","- 제출한 경력·자격 증빙이 사실과 다른 경우
- 정해진 기한까지 필수 증빙서류를 제출하지 않은 경우
- 해외여행 및 근무에 결격사유가 있는 경우
- 채용 관련 비밀유지 의무를 위반한 경우",서류전형 > 직무과제 > 실무면접 > 처우협의
재무담당자 담당자 모집,105,29,20260819,20260921,6,경력 3년 이상,무기계약직,경상남도,석사 이상,"지역 기반 전문기관에서 자금계획·현금흐름·투자 검토를 담당할 재무담당자를 모집합니다. 이 포지션은 현장의 요구를 실행 가능한 계획과 결과물로 연결하는 역할입니다.

담당 범위는 자금일보·예산·금융계약 자료를 바탕으로 기준을 수립하고, 우선순위에 따라 과제를 실행하며 품질과 일정을 함께 관리하는 것입니다.

회계·세무 조직의 동료와 재무·영업·개발·운영 등 유관 부서, 필요한 경우 외부 파트너와 협업해 의사결정에 필요한 정보를 정리합니다.

이슈가 발생하면 사실과 데이터를 먼저 확인하고 원인을 구분한 뒤, 대안을 비교해 합의된 조치를 실행하고 재발 방지 내용을 문서화합니다.

입사 초기에는 기존 자료와 업무 흐름을 파악하고 ERP·Excel·BI 환경을 익힌 뒤, 담당 영역의 개선 과제와 표준화 작업을 단계적으로 주도합니다.

성과는 결과물의 정확성, 일정 준수, 이해관계자와의 명확한 소통, 사용자와 사업에 미치는 영향을 기준으로 평가합니다.","- 자금계획·현금흐름·투자 검토 관련 연간·분기 실행계획 수립
- 자금일보·예산·금융계약 자료 수집·정리 및 핵심 이슈 분석
- ERP·Excel·BI를 활용한 업무 산출물 작성과 버전 관리
- 요구사항을 세부 과제와 일정으로 구체화하고 진행 현황 관리
- 유관 부서 및 외부 파트너와 기준·일정·결과물 조율
- 검토 회의 운영과 의사결정 근거·변경 이력 문서화
- 성과지표 설정 및 결과 데이터 분석을 통한 개선안 제안","- 자금계획·현금흐름·투자 검토 관련 지식 또는 프로젝트·실무 경험을 보유한 분
- 자금일보·예산·금융계약 자료를 정확히 해석하고 업무 문서로 구조화할 수 있는 분
- ERP·Excel·BI 중 직무에 필요한 도구를 실무에 적용할 수 있는 분
- 유관 부서와 쟁점을 명확히 설명하고 일정에 맞춰 협업할 수 있는 분
- 문제 원인을 근거에 따라 분석하고 실행 가능한 대안을 제시할 수 있는 분","- 재경관리사 보유자
- CFA Level 1 보유자
- 투자자산운용사 보유자
- 자금계획·현금흐름·투자 검토 관련 프로젝트를 기획부터 결과 검토까지 수행한 경험","- 지원 자격 또는 필수 면허 요건을 충족하지 못한 경우
- 전형 과정에서 타인의 결과물을 무단 사용한 경우
- 채용검진 결과 담당 업무 수행이 곤란한 경우
- 관계 법령상 취업이 제한되는 경우",서류전형 > 필기전형 > 면접전형 > 최종합격
재무담당자 실무자 채용,58,29,20261001,20261106,9,신입,정규직,제주특별자치도,학력무관,"디지털 서비스 조직에서 자금계획·현금흐름·투자 검토를 담당할 재무담당자를 모집합니다. 이 포지션은 현장의 요구를 실행 가능한 계획과 결과물로 연결하는 역할입니다.

담당 범위는 자금일보·예산·금융계약 자료를 바탕으로 기준을 수립하고, 우선순위에 따라 과제를 실행하며 품질과 일정을 함께 관리하는 것입니다.

회계·세무 조직의 동료와 재무·영업·개발·운영 등 유관 부서, 필요한 경우 외부 파트너와 협업해 의사결정에 필요한 정보를 정리합니다.

이슈가 발생하면 사실과 데이터를 먼저 확인하고 원인을 구분한 뒤, 대안을 비교해 합의된 조치를 실행하고 재발 방지 내용을 문서화합니다.

입사 초기에는 기존 자료와 업무 흐름을 파악하고 ERP·Excel·BI 환경을 익힌 뒤, 담당 영역의 개선 과제와 표준화 작업을 단계적으로 주도합니다.

성과는 결과물의 정확성, 일정 준수, 이해관계자와의 명확한 소통, 사용자와 사업에 미치는 영향을 기준으로 평가합니다.","- 자금일보·예산·금융계약 자료 수집·정리 및 핵심 이슈 분석
- ERP·Excel·BI를 활용한 업무 산출물 작성과 버전 관리
- 요구사항을 세부 과제와 일정으로 구체화하고 진행 현황 관리
- 유관 부서 및 외부 파트너와 기준·일정·결과물 조율
- 검토 회의 운영과 의사결정 근거·변경 이력 문서화
- 성과지표 설정 및 결과 데이터 분석을 통한 개선안 제안
- 업무상 리스크 사전 점검과 문제 발생 시 원인 분석·후속 조치
- 재사용 가능한 체크리스트·가이드·템플릿 정비","- 자금계획·현금흐름·투자 검토 관련 지식 또는 프로젝트·실무 경험을 보유한 분
- 자금일보·예산·금융계약 자료를 정확히 해석하고 업무 문서로 구조화할 수 있는 분
- ERP·Excel·BI 중 직무에 필요한 도구를 실무에 적용할 수 있는 분
- 유관 부서와 쟁점을 명확히 설명하고 일정에 맞춰 협업할 수 있는 분
- 문제 원인을 근거에 따라 분석하고 실행 가능한 대안을 제시할 수 있는 분
- 업무상 취급하는 개인정보와 기밀정보를 안전하게 관리할 수 있는 분","- CFA Level 1 보유자
- 투자자산운용사 보유자
- 재경관리사 보유자
- 자금계획·현금흐름·투자 검토 관련 프로젝트를 기획부터 결과 검토까지 수행한 경험
- ERP·Excel·BI를 활용해 반복 업무를 개선하거나 품질 기준을 정립한 경험","- 지원서 또는 제출서류를 허위로 기재한 경우
- 채용 과정에서 부정한 방법을 사용한 경우
- 채용검진 결과 직무 수행이 어렵다고 판단되는 경우
- 관련 법령 또는 내부 인사규정상 채용이 불가능한 경우",서류전형 > 실무면접 > 최종면접
재무담당자 전문인력 모집,95,29,20260106,20260214,12,경력 2년 이상,계약직,서울특별시,전문학사 이상,"성장 단계 스타트업에서 자금계획·현금흐름·투자 검토를 담당할 재무담당자를 모집합니다. 이 포지션은 현장의 요구를 실행 가능한 계획과 결과물로 연결하는 역할입니다.

담당 범위는 자금일보·예산·금융계약 자료를 바탕으로 기준을 수립하고, 우선순위에 따라 과제를 실행하며 품질과 일정을 함께 관리하는 것입니다.

회계·세무 조직의 동료와 재무·영업·개발·운영 등 유관 부서, 필요한 경우 외부 파트너와 협업해 의사결정에 필요한 정보를 정리합니다.

이슈가 발생하면 사실과 데이터를 먼저 확인하고 원인을 구분한 뒤, 대안을 비교해 합의된 조치를 실행하고 재발 방지 내용을 문서화합니다.

입사 초기에는 기존 자료와 업무 흐름을 파악하고 ERP·Excel·BI 환경을 익힌 뒤, 담당 영역의 개선 과제와 표준화 작업을 단계적으로 주도합니다.

성과는 결과물의 정확성, 일정 준수, 이해관계자와의 명확한 소통, 사용자와 사업에 미치는 영향을 기준으로 평가합니다.","- ERP·Excel·BI를 활용한 업무 산출물 작성과 버전 관리
- 요구사항을 세부 과제와 일정으로 구체화하고 진행 현황 관리
- 유관 부서 및 외부 파트너와 기준·일정·결과물 조율
- 검토 회의 운영과 의사결정 근거·변경 이력 문서화
- 성과지표 설정 및 결과 데이터 분석을 통한 개선안 제안
- 업무상 리스크 사전 점검과 문제 발생 시 원인 분석·후속 조치
- 재사용 가능한 체크리스트·가이드·템플릿 정비
- 고객 또는 내부 사용자의 피드백을 반영한 결과물 품질 개선
- 자금계획·현금흐름·투자 검토 관련 연간·분기 실행계획 수립","- 자금계획·현금흐름·투자 검토 관련 지식 또는 프로젝트·실무 경험을 보유한 분
- 자금일보·예산·금융계약 자료를 정확히 해석하고 업무 문서로 구조화할 수 있는 분
- ERP·Excel·BI 중 직무에 필요한 도구를 실무에 적용할 수 있는 분
- 유관 부서와 쟁점을 명확히 설명하고 일정에 맞춰 협업할 수 있는 분
- 문제 원인을 근거에 따라 분석하고 실행 가능한 대안을 제시할 수 있는 분
- 업무상 취급하는 개인정보와 기밀정보를 안전하게 관리할 수 있는 분
- 재무담당자 또는 유사 분야의 2년 이상 실무 경험을 보유한 분","- 투자자산운용사 보유자
- 재경관리사 보유자
- CFA Level 1 보유자
- 자금계획·현금흐름·투자 검토 관련 프로젝트를 기획부터 결과 검토까지 수행한 경험
- ERP·Excel·BI를 활용해 반복 업무를 개선하거나 품질 기준을 정립한 경험
- 외부 파트너 또는 다양한 이해관계자와 복잡한 요구사항을 조율한 경험","- 제출한 경력·자격 증빙이 사실과 다른 경우
- 정해진 기한까지 필수 증빙서류를 제출하지 않은 경우
- 해외여행 및 근무에 결격사유가 있는 경우
- 채용 관련 비밀유지 의무를 위반한 경우",서류전형 > 인성검사 > 실무면접 > 최종면접
재무담당자 인재 채용,62,29,20260311,20260422,15,신입·경력,정규직,경기도,학사 이상,"중견기업 전략 조직에서 자금계획·현금흐름·투자 검토를 담당할 재무담당자를 모집합니다. 이 포지션은 현장의 요구를 실행 가능한 계획과 결과물로 연결하는 역할입니다.

담당 범위는 자금일보·예산·금융계약 자료를 바탕으로 기준을 수립하고, 우선순위에 따라 과제를 실행하며 품질과 일정을 함께 관리하는 것입니다.

회계·세무 조직의 동료와 재무·영업·개발·운영 등 유관 부서, 필요한 경우 외부 파트너와 협업해 의사결정에 필요한 정보를 정리합니다.

이슈가 발생하면 사실과 데이터를 먼저 확인하고 원인을 구분한 뒤, 대안을 비교해 합의된 조치를 실행하고 재발 방지 내용을 문서화합니다.

입사 초기에는 기존 자료와 업무 흐름을 파악하고 ERP·Excel·BI 환경을 익힌 뒤, 담당 영역의 개선 과제와 표준화 작업을 단계적으로 주도합니다.

성과는 결과물의 정확성, 일정 준수, 이해관계자와의 명확한 소통, 사용자와 사업에 미치는 영향을 기준으로 평가합니다.","- 요구사항을 세부 과제와 일정으로 구체화하고 진행 현황 관리
- 유관 부서 및 외부 파트너와 기준·일정·결과물 조율
- 검토 회의 운영과 의사결정 근거·변경 이력 문서화
- 성과지표 설정 및 결과 데이터 분석을 통한 개선안 제안
- 업무상 리스크 사전 점검과 문제 발생 시 원인 분석·후속 조치
- 재사용 가능한 체크리스트·가이드·템플릿 정비
- 고객 또는 내부 사용자의 피드백을 반영한 결과물 품질 개선","- 자금계획·현금흐름·투자 검토 관련 지식 또는 프로젝트·실무 경험을 보유한 분
- 자금일보·예산·금융계약 자료를 정확히 해석하고 업무 문서로 구조화할 수 있는 분
- ERP·Excel·BI 중 직무에 필요한 도구를 실무에 적용할 수 있는 분
- 유관 부서와 쟁점을 명확히 설명하고 일정에 맞춰 협업할 수 있는 분
- 문제 원인을 근거에 따라 분석하고 실행 가능한 대안을 제시할 수 있는 분","- 재경관리사 보유자
- CFA Level 1 보유자
- 투자자산운용사 보유자
- 자금계획·현금흐름·투자 검토 관련 프로젝트를 기획부터 결과 검토까지 수행한 경험","- 지원 자격 또는 필수 면허 요건을 충족하지 못한 경우
- 전형 과정에서 타인의 결과물을 무단 사용한 경우
- 채용검진 결과 담당 업무 수행이 곤란한 경우
- 관계 법령상 취업이 제한되는 경우",서류전형 > 직무과제 > 실무면접 > 처우협의
재무담당자 공개채용,80,29,20260516,20260630,18,경력 3년 이상,무기계약직,인천광역시,학사 이상,"공공서비스 운영기관에서 자금계획·현금흐름·투자 검토를 담당할 재무담당자를 모집합니다. 이 포지션은 현장의 요구를 실행 가능한 계획과 결과물로 연결하는 역할입니다.

담당 범위는 자금일보·예산·금융계약 자료를 바탕으로 기준을 수립하고, 우선순위에 따라 과제를 실행하며 품질과 일정을 함께 관리하는 것입니다.

회계·세무 조직의 동료와 재무·영업·개발·운영 등 유관 부서, 필요한 경우 외부 파트너와 협업해 의사결정에 필요한 정보를 정리합니다.

이슈가 발생하면 사실과 데이터를 먼저 확인하고 원인을 구분한 뒤, 대안을 비교해 합의된 조치를 실행하고 재발 방지 내용을 문서화합니다.

입사 초기에는 기존 자료와 업무 흐름을 파악하고 ERP·Excel·BI 환경을 익힌 뒤, 담당 영역의 개선 과제와 표준화 작업을 단계적으로 주도합니다.

성과는 결과물의 정확성, 일정 준수, 이해관계자와의 명확한 소통, 사용자와 사업에 미치는 영향을 기준으로 평가합니다.","- 유관 부서 및 외부 파트너와 기준·일정·결과물 조율
- 검토 회의 운영과 의사결정 근거·변경 이력 문서화
- 성과지표 설정 및 결과 데이터 분석을 통한 개선안 제안
- 업무상 리스크 사전 점검과 문제 발생 시 원인 분석·후속 조치
- 재사용 가능한 체크리스트·가이드·템플릿 정비
- 고객 또는 내부 사용자의 피드백을 반영한 결과물 품질 개선
- 자금계획·현금흐름·투자 검토 관련 연간·분기 실행계획 수립
- 자금일보·예산·금융계약 자료 수집·정리 및 핵심 이슈 분석","- 자금계획·현금흐름·투자 검토 관련 지식 또는 프로젝트·실무 경험을 보유한 분
- 자금일보·예산·금융계약 자료를 정확히 해석하고 업무 문서로 구조화할 수 있는 분
- ERP·Excel·BI 중 직무에 필요한 도구를 실무에 적용할 수 있는 분
- 유관 부서와 쟁점을 명확히 설명하고 일정에 맞춰 협업할 수 있는 분
- 문제 원인을 근거에 따라 분석하고 실행 가능한 대안을 제시할 수 있는 분
- 업무상 취급하는 개인정보와 기밀정보를 안전하게 관리할 수 있는 분","- CFA Level 1 보유자
- 투자자산운용사 보유자
- 재경관리사 보유자
- 자금계획·현금흐름·투자 검토 관련 프로젝트를 기획부터 결과 검토까지 수행한 경험
- ERP·Excel·BI를 활용해 반복 업무를 개선하거나 품질 기준을 정립한 경험","- 지원서 또는 제출서류를 허위로 기재한 경우
- 채용 과정에서 부정한 방법을 사용한 경우
- 채용검진 결과 직무 수행이 어렵다고 판단되는 경우
- 관련 법령 또는 내부 인사규정상 채용이 불가능한 경우",서류전형 > 1차면접 > 2차면접 > 채용검진
재무담당자 프로젝트 담당 모집,66,29,20260721,20260802,1,경력 무관,정규직,대전광역시,석사 이상,"전문 컨설팅 조직에서 자금계획·현금흐름·투자 검토를 담당할 재무담당자를 모집합니다. 이 포지션은 현장의 요구를 실행 가능한 계획과 결과물로 연결하는 역할입니다.

담당 범위는 자금일보·예산·금융계약 자료를 바탕으로 기준을 수립하고, 우선순위에 따라 과제를 실행하며 품질과 일정을 함께 관리하는 것입니다.

회계·세무 조직의 동료와 재무·영업·개발·운영 등 유관 부서, 필요한 경우 외부 파트너와 협업해 의사결정에 필요한 정보를 정리합니다.

이슈가 발생하면 사실과 데이터를 먼저 확인하고 원인을 구분한 뒤, 대안을 비교해 합의된 조치를 실행하고 재발 방지 내용을 문서화합니다.

입사 초기에는 기존 자료와 업무 흐름을 파악하고 ERP·Excel·BI 환경을 익힌 뒤, 담당 영역의 개선 과제와 표준화 작업을 단계적으로 주도합니다.

성과는 결과물의 정확성, 일정 준수, 이해관계자와의 명확한 소통, 사용자와 사업에 미치는 영향을 기준으로 평가합니다.","- 검토 회의 운영과 의사결정 근거·변경 이력 문서화
- 성과지표 설정 및 결과 데이터 분석을 통한 개선안 제안
- 업무상 리스크 사전 점검과 문제 발생 시 원인 분석·후속 조치
- 재사용 가능한 체크리스트·가이드·템플릿 정비
- 고객 또는 내부 사용자의 피드백을 반영한 결과물 품질 개선
- 자금계획·현금흐름·투자 검토 관련 연간·분기 실행계획 수립
- 자금일보·예산·금융계약 자료 수집·정리 및 핵심 이슈 분석
- ERP·Excel·BI를 활용한 업무 산출물 작성과 버전 관리
- 요구사항을 세부 과제와 일정으로 구체화하고 진행 현황 관리","- 자금계획·현금흐름·투자 검토 관련 지식 또는 프로젝트·실무 경험을 보유한 분
- 자금일보·예산·금융계약 자료를 정확히 해석하고 업무 문서로 구조화할 수 있는 분
- ERP·Excel·BI 중 직무에 필요한 도구를 실무에 적용할 수 있는 분
- 유관 부서와 쟁점을 명확히 설명하고 일정에 맞춰 협업할 수 있는 분
- 문제 원인을 근거에 따라 분석하고 실행 가능한 대안을 제시할 수 있는 분
- 업무상 취급하는 개인정보와 기밀정보를 안전하게 관리할 수 있는 분
- 새로운 업무 기준과 도구를 빠르게 학습할 수 있는 분","- 투자자산운용사 보유자
- 재경관리사 보유자
- CFA Level 1 보유자
- 자금계획·현금흐름·투자 검토 관련 프로젝트를 기획부터 결과 검토까지 수행한 경험
- ERP·Excel·BI를 활용해 반복 업무를 개선하거나 품질 기준을 정립한 경험
- 외부 파트너 또는 다양한 이해관계자와 복잡한 요구사항을 조율한 경험","- 제출한 경력·자격 증빙이 사실과 다른 경우
- 정해진 기한까지 필수 증빙서류를 제출하지 않은 경우
- 해외여행 및 근무에 결격사유가 있는 경우
- 채용 관련 비밀유지 의무를 위반한 경우",서류전형 > 필기전형 > 면접전형 > 최종합격
재무담당자 운영 담당자 채용,40,29,20260903,20260918,4,경력 5년 이상,기간제,부산광역시,학력무관,"글로벌 사업 조직에서 자금계획·현금흐름·투자 검토를 담당할 재무담당자를 모집합니다. 이 포지션은 현장의 요구를 실행 가능한 계획과 결과물로 연결하는 역할입니다.

담당 범위는 자금일보·예산·금융계약 자료를 바탕으로 기준을 수립하고, 우선순위에 따라 과제를 실행하며 품질과 일정을 함께 관리하는 것입니다.

회계·세무 조직의 동료와 재무·영업·개발·운영 등 유관 부서, 필요한 경우 외부 파트너와 협업해 의사결정에 필요한 정보를 정리합니다.

이슈가 발생하면 사실과 데이터를 먼저 확인하고 원인을 구분한 뒤, 대안을 비교해 합의된 조치를 실행하고 재발 방지 내용을 문서화합니다.

입사 초기에는 기존 자료와 업무 흐름을 파악하고 ERP·Excel·BI 환경을 익힌 뒤, 담당 영역의 개선 과제와 표준화 작업을 단계적으로 주도합니다.

성과는 결과물의 정확성, 일정 준수, 이해관계자와의 명확한 소통, 사용자와 사업에 미치는 영향을 기준으로 평가합니다.","- 성과지표 설정 및 결과 데이터 분석을 통한 개선안 제안
- 업무상 리스크 사전 점검과 문제 발생 시 원인 분석·후속 조치
- 재사용 가능한 체크리스트·가이드·템플릿 정비
- 고객 또는 내부 사용자의 피드백을 반영한 결과물 품질 개선
- 자금계획·현금흐름·투자 검토 관련 연간·분기 실행계획 수립
- 자금일보·예산·금융계약 자료 수집·정리 및 핵심 이슈 분석
- ERP·Excel·BI를 활용한 업무 산출물 작성과 버전 관리","- 자금계획·현금흐름·투자 검토 관련 지식 또는 프로젝트·실무 경험을 보유한 분
- 자금일보·예산·금융계약 자료를 정확히 해석하고 업무 문서로 구조화할 수 있는 분
- ERP·Excel·BI 중 직무에 필요한 도구를 실무에 적용할 수 있는 분
- 유관 부서와 쟁점을 명확히 설명하고 일정에 맞춰 협업할 수 있는 분
- 문제 원인을 근거에 따라 분석하고 실행 가능한 대안을 제시할 수 있는 분","- 재경관리사 보유자
- CFA Level 1 보유자
- 투자자산운용사 보유자
- 자금계획·현금흐름·투자 검토 관련 프로젝트를 기획부터 결과 검토까지 수행한 경험","- 지원 자격 또는 필수 면허 요건을 충족하지 못한 경우
- 전형 과정에서 타인의 결과물을 무단 사용한 경우
- 채용검진 결과 담당 업무 수행이 곤란한 경우
- 관계 법령상 취업이 제한되는 경우",서류전형 > 실무면접 > 최종면접
재무담당자 핵심인재 모집,112,29,20261108,20261126,7,경력,정규직,광주광역시,전문학사 이상,"연구개발 중심 조직에서 자금계획·현금흐름·투자 검토를 담당할 재무담당자를 모집합니다. 이 포지션은 현장의 요구를 실행 가능한 계획과 결과물로 연결하는 역할입니다.

담당 범위는 자금일보·예산·금융계약 자료를 바탕으로 기준을 수립하고, 우선순위에 따라 과제를 실행하며 품질과 일정을 함께 관리하는 것입니다.

회계·세무 조직의 동료와 재무·영업·개발·운영 등 유관 부서, 필요한 경우 외부 파트너와 협업해 의사결정에 필요한 정보를 정리합니다.

이슈가 발생하면 사실과 데이터를 먼저 확인하고 원인을 구분한 뒤, 대안을 비교해 합의된 조치를 실행하고 재발 방지 내용을 문서화합니다.

입사 초기에는 기존 자료와 업무 흐름을 파악하고 ERP·Excel·BI 환경을 익힌 뒤, 담당 영역의 개선 과제와 표준화 작업을 단계적으로 주도합니다.

성과는 결과물의 정확성, 일정 준수, 이해관계자와의 명확한 소통, 사용자와 사업에 미치는 영향을 기준으로 평가합니다.","- 업무상 리스크 사전 점검과 문제 발생 시 원인 분석·후속 조치
- 재사용 가능한 체크리스트·가이드·템플릿 정비
- 고객 또는 내부 사용자의 피드백을 반영한 결과물 품질 개선
- 자금계획·현금흐름·투자 검토 관련 연간·분기 실행계획 수립
- 자금일보·예산·금융계약 자료 수집·정리 및 핵심 이슈 분석
- ERP·Excel·BI를 활용한 업무 산출물 작성과 버전 관리
- 요구사항을 세부 과제와 일정으로 구체화하고 진행 현황 관리
- 유관 부서 및 외부 파트너와 기준·일정·결과물 조율","- 자금계획·현금흐름·투자 검토 관련 지식 또는 프로젝트·실무 경험을 보유한 분
- 자금일보·예산·금융계약 자료를 정확히 해석하고 업무 문서로 구조화할 수 있는 분
- ERP·Excel·BI 중 직무에 필요한 도구를 실무에 적용할 수 있는 분
- 유관 부서와 쟁점을 명확히 설명하고 일정에 맞춰 협업할 수 있는 분
- 문제 원인을 근거에 따라 분석하고 실행 가능한 대안을 제시할 수 있는 분
- 업무상 취급하는 개인정보와 기밀정보를 안전하게 관리할 수 있는 분","- CFA Level 1 보유자
- 투자자산운용사 보유자
- 재경관리사 보유자
- 자금계획·현금흐름·투자 검토 관련 프로젝트를 기획부터 결과 검토까지 수행한 경험
- ERP·Excel·BI를 활용해 반복 업무를 개선하거나 품질 기준을 정립한 경험","- 지원서 또는 제출서류를 허위로 기재한 경우
- 채용 과정에서 부정한 방법을 사용한 경우
- 채용검진 결과 직무 수행이 어렵다고 판단되는 경우
- 관련 법령 또는 내부 인사규정상 채용이 불가능한 경우",서류전형 > 인성검사 > 실무면접 > 최종면접
재무담당자 전문가 채용,89,29,20260213,20260306,10,신입·경력,계약직,세종특별자치시,학사 이상,"플랫폼 운영 조직에서 자금계획·현금흐름·투자 검토를 담당할 재무담당자를 모집합니다. 이 포지션은 현장의 요구를 실행 가능한 계획과 결과물로 연결하는 역할입니다.

담당 범위는 자금일보·예산·금융계약 자료를 바탕으로 기준을 수립하고, 우선순위에 따라 과제를 실행하며 품질과 일정을 함께 관리하는 것입니다.

회계·세무 조직의 동료와 재무·영업·개발·운영 등 유관 부서, 필요한 경우 외부 파트너와 협업해 의사결정에 필요한 정보를 정리합니다.

이슈가 발생하면 사실과 데이터를 먼저 확인하고 원인을 구분한 뒤, 대안을 비교해 합의된 조치를 실행하고 재발 방지 내용을 문서화합니다.

입사 초기에는 기존 자료와 업무 흐름을 파악하고 ERP·Excel·BI 환경을 익힌 뒤, 담당 영역의 개선 과제와 표준화 작업을 단계적으로 주도합니다.

성과는 결과물의 정확성, 일정 준수, 이해관계자와의 명확한 소통, 사용자와 사업에 미치는 영향을 기준으로 평가합니다.","- 재사용 가능한 체크리스트·가이드·템플릿 정비
- 고객 또는 내부 사용자의 피드백을 반영한 결과물 품질 개선
- 자금계획·현금흐름·투자 검토 관련 연간·분기 실행계획 수립
- 자금일보·예산·금융계약 자료 수집·정리 및 핵심 이슈 분석
- ERP·Excel·BI를 활용한 업무 산출물 작성과 버전 관리
- 요구사항을 세부 과제와 일정으로 구체화하고 진행 현황 관리
- 유관 부서 및 외부 파트너와 기준·일정·결과물 조율
- 검토 회의 운영과 의사결정 근거·변경 이력 문서화
- 성과지표 설정 및 결과 데이터 분석을 통한 개선안 제안","- 자금계획·현금흐름·투자 검토 관련 지식 또는 프로젝트·실무 경험을 보유한 분
- 자금일보·예산·금융계약 자료를 정확히 해석하고 업무 문서로 구조화할 수 있는 분
- ERP·Excel·BI 중 직무에 필요한 도구를 실무에 적용할 수 있는 분
- 유관 부서와 쟁점을 명확히 설명하고 일정에 맞춰 협업할 수 있는 분
- 문제 원인을 근거에 따라 분석하고 실행 가능한 대안을 제시할 수 있는 분
- 업무상 취급하는 개인정보와 기밀정보를 안전하게 관리할 수 있는 분
- 재무담당자 또는 유사 분야의 신입·경력 실무 경험을 보유한 분","- 투자자산운용사 보유자
- 재경관리사 보유자
- CFA Level 1 보유자
- 자금계획·현금흐름·투자 검토 관련 프로젝트를 기획부터 결과 검토까지 수행한 경험
- ERP·Excel·BI를 활용해 반복 업무를 개선하거나 품질 기준을 정립한 경험
- 외부 파트너 또는 다양한 이해관계자와 복잡한 요구사항을 조율한 경험","- 제출한 경력·자격 증빙이 사실과 다른 경우
- 정해진 기한까지 필수 증빙서류를 제출하지 않은 경우
- 해외여행 및 근무에 결격사유가 있는 경우
- 채용 관련 비밀유지 의무를 위반한 경우",서류전형 > 직무과제 > 실무면접 > 처우협의
재무담당자 신규 인력 모집,112,29,20260418,20260512,13,경력 2년 이상,정규직,충청남도,학사 이상,"브랜드 사업 조직에서 자금계획·현금흐름·투자 검토를 담당할 재무담당자를 모집합니다. 이 포지션은 현장의 요구를 실행 가능한 계획과 결과물로 연결하는 역할입니다.

담당 범위는 자금일보·예산·금융계약 자료를 바탕으로 기준을 수립하고, 우선순위에 따라 과제를 실행하며 품질과 일정을 함께 관리하는 것입니다.

회계·세무 조직의 동료와 재무·영업·개발·운영 등 유관 부서, 필요한 경우 외부 파트너와 협업해 의사결정에 필요한 정보를 정리합니다.

이슈가 발생하면 사실과 데이터를 먼저 확인하고 원인을 구분한 뒤, 대안을 비교해 합의된 조치를 실행하고 재발 방지 내용을 문서화합니다.

입사 초기에는 기존 자료와 업무 흐름을 파악하고 ERP·Excel·BI 환경을 익힌 뒤, 담당 영역의 개선 과제와 표준화 작업을 단계적으로 주도합니다.

성과는 결과물의 정확성, 일정 준수, 이해관계자와의 명확한 소통, 사용자와 사업에 미치는 영향을 기준으로 평가합니다.","- 고객 또는 내부 사용자의 피드백을 반영한 결과물 품질 개선
- 자금계획·현금흐름·투자 검토 관련 연간·분기 실행계획 수립
- 자금일보·예산·금융계약 자료 수집·정리 및 핵심 이슈 분석
- ERP·Excel·BI를 활용한 업무 산출물 작성과 버전 관리
- 요구사항을 세부 과제와 일정으로 구체화하고 진행 현황 관리
- 유관 부서 및 외부 파트너와 기준·일정·결과물 조율
- 검토 회의 운영과 의사결정 근거·변경 이력 문서화","- 자금계획·현금흐름·투자 검토 관련 지식 또는 프로젝트·실무 경험을 보유한 분
- 자금일보·예산·금융계약 자료를 정확히 해석하고 업무 문서로 구조화할 수 있는 분
- ERP·Excel·BI 중 직무에 필요한 도구를 실무에 적용할 수 있는 분
- 유관 부서와 쟁점을 명확히 설명하고 일정에 맞춰 협업할 수 있는 분
- 문제 원인을 근거에 따라 분석하고 실행 가능한 대안을 제시할 수 있는 분","- 재경관리사 보유자
- CFA Level 1 보유자
- 투자자산운용사 보유자
- 자금계획·현금흐름·투자 검토 관련 프로젝트를 기획부터 결과 검토까지 수행한 경험","- 지원 자격 또는 필수 면허 요건을 충족하지 못한 경우
- 전형 과정에서 타인의 결과물을 무단 사용한 경우
- 채용검진 결과 담당 업무 수행이 곤란한 경우
- 관계 법령상 취업이 제한되는 경우",서류전형 > 1차면접 > 2차면접 > 채용검진
감사 담당자 모집,70,30,20260922,20261101,11,신입,정규직,서울특별시,학력무관,"디지털 서비스 조직에서 내부통제·업무감사·개선조치를 담당할 감사를 모집합니다. 이 포지션은 현장의 요구를 실행 가능한 계획과 결과물로 연결하는 역할입니다.

담당 범위는 통제기술서·거래표본·감사증빙를 바탕으로 기준을 수립하고, 우선순위에 따라 과제를 실행하며 품질과 일정을 함께 관리하는 것입니다.

회계·세무 조직의 동료와 재무·영업·개발·운영 등 유관 부서, 필요한 경우 외부 파트너와 협업해 의사결정에 필요한 정보를 정리합니다.

이슈가 발생하면 사실과 데이터를 먼저 확인하고 원인을 구분한 뒤, 대안을 비교해 합의된 조치를 실행하고 재발 방지 내용을 문서화합니다.

입사 초기에는 기존 자료와 업무 흐름을 파악하고 GRC·ERP 환경을 익힌 뒤, 담당 영역의 개선 과제와 표준화 작업을 단계적으로 주도합니다.

성과는 결과물의 정확성, 일정 준수, 이해관계자와의 명확한 소통, 사용자와 사업에 미치는 영향을 기준으로 평가합니다.","- 내부통제·업무감사·개선조치 관련 연간·분기 실행계획 수립
- 통제기술서·거래표본·감사증빙 수집·정리 및 핵심 이슈 분석
- GRC·ERP를 활용한 업무 산출물 작성과 버전 관리
- 요구사항을 세부 과제와 일정으로 구체화하고 진행 현황 관리
- 유관 부서 및 외부 파트너와 기준·일정·결과물 조율
- 검토 회의 운영과 의사결정 근거·변경 이력 문서화
- 성과지표 설정 및 결과 데이터 분석을 통한 개선안 제안","- 내부통제·업무감사·개선조치 관련 지식 또는 프로젝트·실무 경험을 보유한 분
- 통제기술서·거래표본·감사증빙를 정확히 해석하고 업무 문서로 구조화할 수 있는 분
- GRC·ERP 중 직무에 필요한 도구를 실무에 적용할 수 있는 분
- 유관 부서와 쟁점을 명확히 설명하고 일정에 맞춰 협업할 수 있는 분
- 문제 원인을 근거에 따라 분석하고 실행 가능한 대안을 제시할 수 있는 분","- 공인회계사 보유자
- CISA 보유자
- CIA 보유자
- 내부통제·업무감사·개선조치 관련 프로젝트를 기획부터 결과 검토까지 수행한 경험","- 지원서 또는 제출서류를 허위로 기재한 경우
- 채용 과정에서 부정한 방법을 사용한 경우
- 채용검진 결과 직무 수행이 어렵다고 판단되는 경우
- 관련 법령 또는 내부 인사규정상 채용이 불가능한 경우",서류전형 > 실무면접 > 최종면접
감사 실무자 채용,90,30,20261104,20261217,14,경력 2년 이상,계약직,경기도,전문학사 이상,"성장 단계 스타트업에서 내부통제·업무감사·개선조치를 담당할 감사를 모집합니다. 이 포지션은 현장의 요구를 실행 가능한 계획과 결과물로 연결하는 역할입니다.

담당 범위는 통제기술서·거래표본·감사증빙를 바탕으로 기준을 수립하고, 우선순위에 따라 과제를 실행하며 품질과 일정을 함께 관리하는 것입니다.

회계·세무 조직의 동료와 재무·영업·개발·운영 등 유관 부서, 필요한 경우 외부 파트너와 협업해 의사결정에 필요한 정보를 정리합니다.

이슈가 발생하면 사실과 데이터를 먼저 확인하고 원인을 구분한 뒤, 대안을 비교해 합의된 조치를 실행하고 재발 방지 내용을 문서화합니다.

입사 초기에는 기존 자료와 업무 흐름을 파악하고 GRC·ERP 환경을 익힌 뒤, 담당 영역의 개선 과제와 표준화 작업을 단계적으로 주도합니다.

성과는 결과물의 정확성, 일정 준수, 이해관계자와의 명확한 소통, 사용자와 사업에 미치는 영향을 기준으로 평가합니다.","- 통제기술서·거래표본·감사증빙 수집·정리 및 핵심 이슈 분석
- GRC·ERP를 활용한 업무 산출물 작성과 버전 관리
- 요구사항을 세부 과제와 일정으로 구체화하고 진행 현황 관리
- 유관 부서 및 외부 파트너와 기준·일정·결과물 조율
- 검토 회의 운영과 의사결정 근거·변경 이력 문서화
- 성과지표 설정 및 결과 데이터 분석을 통한 개선안 제안
- 업무상 리스크 사전 점검과 문제 발생 시 원인 분석·후속 조치
- 재사용 가능한 체크리스트·가이드·템플릿 정비","- 내부통제·업무감사·개선조치 관련 지식 또는 프로젝트·실무 경험을 보유한 분
- 통제기술서·거래표본·감사증빙를 정확히 해석하고 업무 문서로 구조화할 수 있는 분
- GRC·ERP 중 직무에 필요한 도구를 실무에 적용할 수 있는 분
- 유관 부서와 쟁점을 명확히 설명하고 일정에 맞춰 협업할 수 있는 분
- 문제 원인을 근거에 따라 분석하고 실행 가능한 대안을 제시할 수 있는 분
- 업무상 취급하는 개인정보와 기밀정보를 안전하게 관리할 수 있는 분","- CISA 보유자
- CIA 보유자
- 공인회계사 보유자
- 내부통제·업무감사·개선조치 관련 프로젝트를 기획부터 결과 검토까지 수행한 경험
- GRC·ERP를 활용해 반복 업무를 개선하거나 품질 기준을 정립한 경험","- 제출한 경력·자격 증빙이 사실과 다른 경우
- 정해진 기한까지 필수 증빙서류를 제출하지 않은 경우
- 해외여행 및 근무에 결격사유가 있는 경우
- 채용 관련 비밀유지 의무를 위반한 경우",서류전형 > 인성검사 > 실무면접 > 최종면접
감사 전문인력 모집,156,30,20260209,20260219,17,신입·경력,정규직,인천광역시,학사 이상,"중견기업 전략 조직에서 내부통제·업무감사·개선조치를 담당할 감사를 모집합니다. 이 포지션은 현장의 요구를 실행 가능한 계획과 결과물로 연결하는 역할입니다.

담당 범위는 통제기술서·거래표본·감사증빙를 바탕으로 기준을 수립하고, 우선순위에 따라 과제를 실행하며 품질과 일정을 함께 관리하는 것입니다.

회계·세무 조직의 동료와 재무·영업·개발·운영 등 유관 부서, 필요한 경우 외부 파트너와 협업해 의사결정에 필요한 정보를 정리합니다.

이슈가 발생하면 사실과 데이터를 먼저 확인하고 원인을 구분한 뒤, 대안을 비교해 합의된 조치를 실행하고 재발 방지 내용을 문서화합니다.

입사 초기에는 기존 자료와 업무 흐름을 파악하고 GRC·ERP 환경을 익힌 뒤, 담당 영역의 개선 과제와 표준화 작업을 단계적으로 주도합니다.

성과는 결과물의 정확성, 일정 준수, 이해관계자와의 명확한 소통, 사용자와 사업에 미치는 영향을 기준으로 평가합니다.","- GRC·ERP를 활용한 업무 산출물 작성과 버전 관리
- 요구사항을 세부 과제와 일정으로 구체화하고 진행 현황 관리
- 유관 부서 및 외부 파트너와 기준·일정·결과물 조율
- 검토 회의 운영과 의사결정 근거·변경 이력 문서화
- 성과지표 설정 및 결과 데이터 분석을 통한 개선안 제안
- 업무상 리스크 사전 점검과 문제 발생 시 원인 분석·후속 조치
- 재사용 가능한 체크리스트·가이드·템플릿 정비
- 고객 또는 내부 사용자의 피드백을 반영한 결과물 품질 개선
- 내부통제·업무감사·개선조치 관련 연간·분기 실행계획 수립","- 내부통제·업무감사·개선조치 관련 지식 또는 프로젝트·실무 경험을 보유한 분
- 통제기술서·거래표본·감사증빙를 정확히 해석하고 업무 문서로 구조화할 수 있는 분
- GRC·ERP 중 직무에 필요한 도구를 실무에 적용할 수 있는 분
- 유관 부서와 쟁점을 명확히 설명하고 일정에 맞춰 협업할 수 있는 분
- 문제 원인을 근거에 따라 분석하고 실행 가능한 대안을 제시할 수 있는 분
- 업무상 취급하는 개인정보와 기밀정보를 안전하게 관리할 수 있는 분
- 감사 또는 유사 분야의 신입·경력 실무 경험을 보유한 분","- CIA 보유자
- 공인회계사 보유자
- CISA 보유자
- 내부통제·업무감사·개선조치 관련 프로젝트를 기획부터 결과 검토까지 수행한 경험
- GRC·ERP를 활용해 반복 업무를 개선하거나 품질 기준을 정립한 경험
- 외부 파트너 또는 다양한 이해관계자와 복잡한 요구사항을 조율한 경험","- 지원 자격 또는 필수 면허 요건을 충족하지 못한 경우
- 전형 과정에서 타인의 결과물을 무단 사용한 경우
- 채용검진 결과 담당 업무 수행이 곤란한 경우
- 관계 법령상 취업이 제한되는 경우",서류전형 > 직무과제 > 실무면접 > 처우협의
감사 인재 채용,1,30,20260414,20260427,20,경력 3년 이상,무기계약직,대전광역시,학사 이상,"공공서비스 운영기관에서 내부통제·업무감사·개선조치를 담당할 감사를 모집합니다. 이 포지션은 현장의 요구를 실행 가능한 계획과 결과물로 연결하는 역할입니다.

담당 범위는 통제기술서·거래표본·감사증빙를 바탕으로 기준을 수립하고, 우선순위에 따라 과제를 실행하며 품질과 일정을 함께 관리하는 것입니다.

회계·세무 조직의 동료와 재무·영업·개발·운영 등 유관 부서, 필요한 경우 외부 파트너와 협업해 의사결정에 필요한 정보를 정리합니다.

이슈가 발생하면 사실과 데이터를 먼저 확인하고 원인을 구분한 뒤, 대안을 비교해 합의된 조치를 실행하고 재발 방지 내용을 문서화합니다.

입사 초기에는 기존 자료와 업무 흐름을 파악하고 GRC·ERP 환경을 익힌 뒤, 담당 영역의 개선 과제와 표준화 작업을 단계적으로 주도합니다.

성과는 결과물의 정확성, 일정 준수, 이해관계자와의 명확한 소통, 사용자와 사업에 미치는 영향을 기준으로 평가합니다.","- 요구사항을 세부 과제와 일정으로 구체화하고 진행 현황 관리
- 유관 부서 및 외부 파트너와 기준·일정·결과물 조율
- 검토 회의 운영과 의사결정 근거·변경 이력 문서화
- 성과지표 설정 및 결과 데이터 분석을 통한 개선안 제안
- 업무상 리스크 사전 점검과 문제 발생 시 원인 분석·후속 조치
- 재사용 가능한 체크리스트·가이드·템플릿 정비
- 고객 또는 내부 사용자의 피드백을 반영한 결과물 품질 개선","- 내부통제·업무감사·개선조치 관련 지식 또는 프로젝트·실무 경험을 보유한 분
- 통제기술서·거래표본·감사증빙를 정확히 해석하고 업무 문서로 구조화할 수 있는 분
- GRC·ERP 중 직무에 필요한 도구를 실무에 적용할 수 있는 분
- 유관 부서와 쟁점을 명확히 설명하고 일정에 맞춰 협업할 수 있는 분
- 문제 원인을 근거에 따라 분석하고 실행 가능한 대안을 제시할 수 있는 분","- 공인회계사 보유자
- CISA 보유자
- CIA 보유자
- 내부통제·업무감사·개선조치 관련 프로젝트를 기획부터 결과 검토까지 수행한 경험","- 지원서 또는 제출서류를 허위로 기재한 경우
- 채용 과정에서 부정한 방법을 사용한 경우
- 채용검진 결과 직무 수행이 어렵다고 판단되는 경우
- 관련 법령 또는 내부 인사규정상 채용이 불가능한 경우",서류전형 > 1차면접 > 2차면접 > 채용검진
감사 공개채용,94,30,20260619,20260705,3,경력 무관,정규직,부산광역시,석사 이상,"전문 컨설팅 조직에서 내부통제·업무감사·개선조치를 담당할 감사를 모집합니다. 이 포지션은 현장의 요구를 실행 가능한 계획과 결과물로 연결하는 역할입니다.

담당 범위는 통제기술서·거래표본·감사증빙를 바탕으로 기준을 수립하고, 우선순위에 따라 과제를 실행하며 품질과 일정을 함께 관리하는 것입니다.

회계·세무 조직의 동료와 재무·영업·개발·운영 등 유관 부서, 필요한 경우 외부 파트너와 협업해 의사결정에 필요한 정보를 정리합니다.

이슈가 발생하면 사실과 데이터를 먼저 확인하고 원인을 구분한 뒤, 대안을 비교해 합의된 조치를 실행하고 재발 방지 내용을 문서화합니다.

입사 초기에는 기존 자료와 업무 흐름을 파악하고 GRC·ERP 환경을 익힌 뒤, 담당 영역의 개선 과제와 표준화 작업을 단계적으로 주도합니다.

성과는 결과물의 정확성, 일정 준수, 이해관계자와의 명확한 소통, 사용자와 사업에 미치는 영향을 기준으로 평가합니다.","- 유관 부서 및 외부 파트너와 기준·일정·결과물 조율
- 검토 회의 운영과 의사결정 근거·변경 이력 문서화
- 성과지표 설정 및 결과 데이터 분석을 통한 개선안 제안
- 업무상 리스크 사전 점검과 문제 발생 시 원인 분석·후속 조치
- 재사용 가능한 체크리스트·가이드·템플릿 정비
- 고객 또는 내부 사용자의 피드백을 반영한 결과물 품질 개선
- 내부통제·업무감사·개선조치 관련 연간·분기 실행계획 수립
- 통제기술서·거래표본·감사증빙 수집·정리 및 핵심 이슈 분석","- 내부통제·업무감사·개선조치 관련 지식 또는 프로젝트·실무 경험을 보유한 분
- 통제기술서·거래표본·감사증빙를 정확히 해석하고 업무 문서로 구조화할 수 있는 분
- GRC·ERP 중 직무에 필요한 도구를 실무에 적용할 수 있는 분
- 유관 부서와 쟁점을 명확히 설명하고 일정에 맞춰 협업할 수 있는 분
- 문제 원인을 근거에 따라 분석하고 실행 가능한 대안을 제시할 수 있는 분
- 업무상 취급하는 개인정보와 기밀정보를 안전하게 관리할 수 있는 분","- CISA 보유자
- CIA 보유자
- 공인회계사 보유자
- 내부통제·업무감사·개선조치 관련 프로젝트를 기획부터 결과 검토까지 수행한 경험
- GRC·ERP를 활용해 반복 업무를 개선하거나 품질 기준을 정립한 경험","- 제출한 경력·자격 증빙이 사실과 다른 경우
- 정해진 기한까지 필수 증빙서류를 제출하지 않은 경우
- 해외여행 및 근무에 결격사유가 있는 경우
- 채용 관련 비밀유지 의무를 위반한 경우",서류전형 > 필기전형 > 면접전형 > 최종합격
감사 프로젝트 담당 모집,15,30,20260801,20260820,6,경력 5년 이상,기간제,광주광역시,학력무관,"글로벌 사업 조직에서 내부통제·업무감사·개선조치를 담당할 감사를 모집합니다. 이 포지션은 현장의 요구를 실행 가능한 계획과 결과물로 연결하는 역할입니다.

담당 범위는 통제기술서·거래표본·감사증빙를 바탕으로 기준을 수립하고, 우선순위에 따라 과제를 실행하며 품질과 일정을 함께 관리하는 것입니다.

회계·세무 조직의 동료와 재무·영업·개발·운영 등 유관 부서, 필요한 경우 외부 파트너와 협업해 의사결정에 필요한 정보를 정리합니다.

이슈가 발생하면 사실과 데이터를 먼저 확인하고 원인을 구분한 뒤, 대안을 비교해 합의된 조치를 실행하고 재발 방지 내용을 문서화합니다.

입사 초기에는 기존 자료와 업무 흐름을 파악하고 GRC·ERP 환경을 익힌 뒤, 담당 영역의 개선 과제와 표준화 작업을 단계적으로 주도합니다.

성과는 결과물의 정확성, 일정 준수, 이해관계자와의 명확한 소통, 사용자와 사업에 미치는 영향을 기준으로 평가합니다.","- 검토 회의 운영과 의사결정 근거·변경 이력 문서화
- 성과지표 설정 및 결과 데이터 분석을 통한 개선안 제안
- 업무상 리스크 사전 점검과 문제 발생 시 원인 분석·후속 조치
- 재사용 가능한 체크리스트·가이드·템플릿 정비
- 고객 또는 내부 사용자의 피드백을 반영한 결과물 품질 개선
- 내부통제·업무감사·개선조치 관련 연간·분기 실행계획 수립
- 통제기술서·거래표본·감사증빙 수집·정리 및 핵심 이슈 분석
- GRC·ERP를 활용한 업무 산출물 작성과 버전 관리
- 요구사항을 세부 과제와 일정으로 구체화하고 진행 현황 관리","- 내부통제·업무감사·개선조치 관련 지식 또는 프로젝트·실무 경험을 보유한 분
- 통제기술서·거래표본·감사증빙를 정확히 해석하고 업무 문서로 구조화할 수 있는 분
- GRC·ERP 중 직무에 필요한 도구를 실무에 적용할 수 있는 분
- 유관 부서와 쟁점을 명확히 설명하고 일정에 맞춰 협업할 수 있는 분
- 문제 원인을 근거에 따라 분석하고 실행 가능한 대안을 제시할 수 있는 분
- 업무상 취급하는 개인정보와 기밀정보를 안전하게 관리할 수 있는 분
- 감사 또는 유사 분야의 5년 이상 실무 경험을 보유한 분","- CIA 보유자
- 공인회계사 보유자
- CISA 보유자
- 내부통제·업무감사·개선조치 관련 프로젝트를 기획부터 결과 검토까지 수행한 경험
- GRC·ERP를 활용해 반복 업무를 개선하거나 품질 기준을 정립한 경험
- 외부 파트너 또는 다양한 이해관계자와 복잡한 요구사항을 조율한 경험","- 지원 자격 또는 필수 면허 요건을 충족하지 못한 경우
- 전형 과정에서 타인의 결과물을 무단 사용한 경우
- 채용검진 결과 담당 업무 수행이 곤란한 경우
- 관계 법령상 취업이 제한되는 경우",서류전형 > 실무면접 > 최종면접
감사 운영 담당자 채용,45,30,20261006,20261028,9,경력,정규직,세종특별자치시,전문학사 이상,"연구개발 중심 조직에서 내부통제·업무감사·개선조치를 담당할 감사를 모집합니다. 이 포지션은 현장의 요구를 실행 가능한 계획과 결과물로 연결하는 역할입니다.

담당 범위는 통제기술서·거래표본·감사증빙를 바탕으로 기준을 수립하고, 우선순위에 따라 과제를 실행하며 품질과 일정을 함께 관리하는 것입니다.

회계·세무 조직의 동료와 재무·영업·개발·운영 등 유관 부서, 필요한 경우 외부 파트너와 협업해 의사결정에 필요한 정보를 정리합니다.

이슈가 발생하면 사실과 데이터를 먼저 확인하고 원인을 구분한 뒤, 대안을 비교해 합의된 조치를 실행하고 재발 방지 내용을 문서화합니다.

입사 초기에는 기존 자료와 업무 흐름을 파악하고 GRC·ERP 환경을 익힌 뒤, 담당 영역의 개선 과제와 표준화 작업을 단계적으로 주도합니다.

성과는 결과물의 정확성, 일정 준수, 이해관계자와의 명확한 소통, 사용자와 사업에 미치는 영향을 기준으로 평가합니다.","- 성과지표 설정 및 결과 데이터 분석을 통한 개선안 제안
- 업무상 리스크 사전 점검과 문제 발생 시 원인 분석·후속 조치
- 재사용 가능한 체크리스트·가이드·템플릿 정비
- 고객 또는 내부 사용자의 피드백을 반영한 결과물 품질 개선
- 내부통제·업무감사·개선조치 관련 연간·분기 실행계획 수립
- 통제기술서·거래표본·감사증빙 수집·정리 및 핵심 이슈 분석
- GRC·ERP를 활용한 업무 산출물 작성과 버전 관리","- 내부통제·업무감사·개선조치 관련 지식 또는 프로젝트·실무 경험을 보유한 분
- 통제기술서·거래표본·감사증빙를 정확히 해석하고 업무 문서로 구조화할 수 있는 분
- GRC·ERP 중 직무에 필요한 도구를 실무에 적용할 수 있는 분
- 유관 부서와 쟁점을 명확히 설명하고 일정에 맞춰 협업할 수 있는 분
- 문제 원인을 근거에 따라 분석하고 실행 가능한 대안을 제시할 수 있는 분","- 공인회계사 보유자
- CISA 보유자
- CIA 보유자
- 내부통제·업무감사·개선조치 관련 프로젝트를 기획부터 결과 검토까지 수행한 경험","- 지원서 또는 제출서류를 허위로 기재한 경우
- 채용 과정에서 부정한 방법을 사용한 경우
- 채용검진 결과 직무 수행이 어렵다고 판단되는 경우
- 관련 법령 또는 내부 인사규정상 채용이 불가능한 경우",서류전형 > 인성검사 > 실무면접 > 최종면접
감사 핵심인재 모집,101,30,20260111,20260205,12,신입·경력,계약직,충청남도,학사 이상,"플랫폼 운영 조직에서 내부통제·업무감사·개선조치를 담당할 감사를 모집합니다. 이 포지션은 현장의 요구를 실행 가능한 계획과 결과물로 연결하는 역할입니다.

담당 범위는 통제기술서·거래표본·감사증빙를 바탕으로 기준을 수립하고, 우선순위에 따라 과제를 실행하며 품질과 일정을 함께 관리하는 것입니다.

회계·세무 조직의 동료와 재무·영업·개발·운영 등 유관 부서, 필요한 경우 외부 파트너와 협업해 의사결정에 필요한 정보를 정리합니다.

이슈가 발생하면 사실과 데이터를 먼저 확인하고 원인을 구분한 뒤, 대안을 비교해 합의된 조치를 실행하고 재발 방지 내용을 문서화합니다.

입사 초기에는 기존 자료와 업무 흐름을 파악하고 GRC·ERP 환경을 익힌 뒤, 담당 영역의 개선 과제와 표준화 작업을 단계적으로 주도합니다.

성과는 결과물의 정확성, 일정 준수, 이해관계자와의 명확한 소통, 사용자와 사업에 미치는 영향을 기준으로 평가합니다.","- 업무상 리스크 사전 점검과 문제 발생 시 원인 분석·후속 조치
- 재사용 가능한 체크리스트·가이드·템플릿 정비
- 고객 또는 내부 사용자의 피드백을 반영한 결과물 품질 개선
- 내부통제·업무감사·개선조치 관련 연간·분기 실행계획 수립
- 통제기술서·거래표본·감사증빙 수집·정리 및 핵심 이슈 분석
- GRC·ERP를 활용한 업무 산출물 작성과 버전 관리
- 요구사항을 세부 과제와 일정으로 구체화하고 진행 현황 관리
- 유관 부서 및 외부 파트너와 기준·일정·결과물 조율","- 내부통제·업무감사·개선조치 관련 지식 또는 프로젝트·실무 경험을 보유한 분
- 통제기술서·거래표본·감사증빙를 정확히 해석하고 업무 문서로 구조화할 수 있는 분
- GRC·ERP 중 직무에 필요한 도구를 실무에 적용할 수 있는 분
- 유관 부서와 쟁점을 명확히 설명하고 일정에 맞춰 협업할 수 있는 분
- 문제 원인을 근거에 따라 분석하고 실행 가능한 대안을 제시할 수 있는 분
- 업무상 취급하는 개인정보와 기밀정보를 안전하게 관리할 수 있는 분","- CISA 보유자
- CIA 보유자
- 공인회계사 보유자
- 내부통제·업무감사·개선조치 관련 프로젝트를 기획부터 결과 검토까지 수행한 경험
- GRC·ERP를 활용해 반복 업무를 개선하거나 품질 기준을 정립한 경험","- 제출한 경력·자격 증빙이 사실과 다른 경우
- 정해진 기한까지 필수 증빙서류를 제출하지 않은 경우
- 해외여행 및 근무에 결격사유가 있는 경우
- 채용 관련 비밀유지 의무를 위반한 경우",서류전형 > 직무과제 > 실무면접 > 처우협의
감사 전문가 채용,18,30,20260316,20260413,15,경력 2년 이상,정규직,경상남도,학사 이상,"브랜드 사업 조직에서 내부통제·업무감사·개선조치를 담당할 감사를 모집합니다. 이 포지션은 현장의 요구를 실행 가능한 계획과 결과물로 연결하는 역할입니다.

담당 범위는 통제기술서·거래표본·감사증빙를 바탕으로 기준을 수립하고, 우선순위에 따라 과제를 실행하며 품질과 일정을 함께 관리하는 것입니다.

회계·세무 조직의 동료와 재무·영업·개발·운영 등 유관 부서, 필요한 경우 외부 파트너와 협업해 의사결정에 필요한 정보를 정리합니다.

이슈가 발생하면 사실과 데이터를 먼저 확인하고 원인을 구분한 뒤, 대안을 비교해 합의된 조치를 실행하고 재발 방지 내용을 문서화합니다.

입사 초기에는 기존 자료와 업무 흐름을 파악하고 GRC·ERP 환경을 익힌 뒤, 담당 영역의 개선 과제와 표준화 작업을 단계적으로 주도합니다.

성과는 결과물의 정확성, 일정 준수, 이해관계자와의 명확한 소통, 사용자와 사업에 미치는 영향을 기준으로 평가합니다.","- 재사용 가능한 체크리스트·가이드·템플릿 정비
- 고객 또는 내부 사용자의 피드백을 반영한 결과물 품질 개선
- 내부통제·업무감사·개선조치 관련 연간·분기 실행계획 수립
- 통제기술서·거래표본·감사증빙 수집·정리 및 핵심 이슈 분석
- GRC·ERP를 활용한 업무 산출물 작성과 버전 관리
- 요구사항을 세부 과제와 일정으로 구체화하고 진행 현황 관리
- 유관 부서 및 외부 파트너와 기준·일정·결과물 조율
- 검토 회의 운영과 의사결정 근거·변경 이력 문서화
- 성과지표 설정 및 결과 데이터 분석을 통한 개선안 제안","- 내부통제·업무감사·개선조치 관련 지식 또는 프로젝트·실무 경험을 보유한 분
- 통제기술서·거래표본·감사증빙를 정확히 해석하고 업무 문서로 구조화할 수 있는 분
- GRC·ERP 중 직무에 필요한 도구를 실무에 적용할 수 있는 분
- 유관 부서와 쟁점을 명확히 설명하고 일정에 맞춰 협업할 수 있는 분
- 문제 원인을 근거에 따라 분석하고 실행 가능한 대안을 제시할 수 있는 분
- 업무상 취급하는 개인정보와 기밀정보를 안전하게 관리할 수 있는 분
- 감사 또는 유사 분야의 2년 이상 실무 경험을 보유한 분","- CIA 보유자
- 공인회계사 보유자
- CISA 보유자
- 내부통제·업무감사·개선조치 관련 프로젝트를 기획부터 결과 검토까지 수행한 경험
- GRC·ERP를 활용해 반복 업무를 개선하거나 품질 기준을 정립한 경험
- 외부 파트너 또는 다양한 이해관계자와 복잡한 요구사항을 조율한 경험","- 지원 자격 또는 필수 면허 요건을 충족하지 못한 경우
- 전형 과정에서 타인의 결과물을 무단 사용한 경우
- 채용검진 결과 담당 업무 수행이 곤란한 경우
- 관계 법령상 취업이 제한되는 경우",서류전형 > 1차면접 > 2차면접 > 채용검진
감사 신규 인력 모집,5,30,20260521,20260621,18,경력 3년 이상,무기계약직,제주특별자치도,석사 이상,"지역 기반 전문기관에서 내부통제·업무감사·개선조치를 담당할 감사를 모집합니다. 이 포지션은 현장의 요구를 실행 가능한 계획과 결과물로 연결하는 역할입니다.

담당 범위는 통제기술서·거래표본·감사증빙를 바탕으로 기준을 수립하고, 우선순위에 따라 과제를 실행하며 품질과 일정을 함께 관리하는 것입니다.

회계·세무 조직의 동료와 재무·영업·개발·운영 등 유관 부서, 필요한 경우 외부 파트너와 협업해 의사결정에 필요한 정보를 정리합니다.

이슈가 발생하면 사실과 데이터를 먼저 확인하고 원인을 구분한 뒤, 대안을 비교해 합의된 조치를 실행하고 재발 방지 내용을 문서화합니다.

입사 초기에는 기존 자료와 업무 흐름을 파악하고 GRC·ERP 환경을 익힌 뒤, 담당 영역의 개선 과제와 표준화 작업을 단계적으로 주도합니다.

성과는 결과물의 정확성, 일정 준수, 이해관계자와의 명확한 소통, 사용자와 사업에 미치는 영향을 기준으로 평가합니다.","- 고객 또는 내부 사용자의 피드백을 반영한 결과물 품질 개선
- 내부통제·업무감사·개선조치 관련 연간·분기 실행계획 수립
- 통제기술서·거래표본·감사증빙 수집·정리 및 핵심 이슈 분석
- GRC·ERP를 활용한 업무 산출물 작성과 버전 관리
- 요구사항을 세부 과제와 일정으로 구체화하고 진행 현황 관리
- 유관 부서 및 외부 파트너와 기준·일정·결과물 조율
- 검토 회의 운영과 의사결정 근거·변경 이력 문서화","- 내부통제·업무감사·개선조치 관련 지식 또는 프로젝트·실무 경험을 보유한 분
- 통제기술서·거래표본·감사증빙를 정확히 해석하고 업무 문서로 구조화할 수 있는 분
- GRC·ERP 중 직무에 필요한 도구를 실무에 적용할 수 있는 분
- 유관 부서와 쟁점을 명확히 설명하고 일정에 맞춰 협업할 수 있는 분
- 문제 원인을 근거에 따라 분석하고 실행 가능한 대안을 제시할 수 있는 분","- 공인회계사 보유자
- CISA 보유자
- CIA 보유자
- 내부통제·업무감사·개선조치 관련 프로젝트를 기획부터 결과 검토까지 수행한 경험","- 지원서 또는 제출서류를 허위로 기재한 경우
- 채용 과정에서 부정한 방법을 사용한 경우
- 채용검진 결과 직무 수행이 어렵다고 판단되는 경우
- 관련 법령 또는 내부 인사규정상 채용이 불가능한 경우",서류전형 > 필기전형 > 면접전형 > 최종합격
IR·공시 담당자 모집,100,31,20261002,20261013,16,경력 2년 이상,계약직,인천광역시,전문학사 이상,"성장 단계 스타트업에서 투자자 커뮤니케이션·공시 작성을 담당할 IR·공시를 모집합니다. 이 포지션은 현장의 요구를 실행 가능한 계획과 결과물로 연결하는 역할입니다.

담당 범위는 실적·주주·공시 규정 자료를 바탕으로 기준을 수립하고, 우선순위에 따라 과제를 실행하며 품질과 일정을 함께 관리하는 것입니다.

회계·세무 조직의 동료와 재무·영업·개발·운영 등 유관 부서, 필요한 경우 외부 파트너와 협업해 의사결정에 필요한 정보를 정리합니다.

이슈가 발생하면 사실과 데이터를 먼저 확인하고 원인을 구분한 뒤, 대안을 비교해 합의된 조치를 실행하고 재발 방지 내용을 문서화합니다.

입사 초기에는 기존 자료와 업무 흐름을 파악하고 DART·Excel 환경을 익힌 뒤, 담당 영역의 개선 과제와 표준화 작업을 단계적으로 주도합니다.

성과는 결과물의 정확성, 일정 준수, 이해관계자와의 명확한 소통, 사용자와 사업에 미치는 영향을 기준으로 평가합니다.","- 투자자 커뮤니케이션·공시 작성 관련 연간·분기 실행계획 수립
- 실적·주주·공시 규정 자료 수집·정리 및 핵심 이슈 분석
- DART·Excel를 활용한 업무 산출물 작성과 버전 관리
- 요구사항을 세부 과제와 일정으로 구체화하고 진행 현황 관리
- 유관 부서 및 외부 파트너와 기준·일정·결과물 조율
- 검토 회의 운영과 의사결정 근거·변경 이력 문서화
- 성과지표 설정 및 결과 데이터 분석을 통한 개선안 제안","- 투자자 커뮤니케이션·공시 작성 관련 지식 또는 프로젝트·실무 경험을 보유한 분
- 실적·주주·공시 규정 자료를 정확히 해석하고 업무 문서로 구조화할 수 있는 분
- DART·Excel 중 직무에 필요한 도구를 실무에 적용할 수 있는 분
- 유관 부서와 쟁점을 명확히 설명하고 일정에 맞춰 협업할 수 있는 분
- 문제 원인을 근거에 따라 분석하고 실행 가능한 대안을 제시할 수 있는 분","- CFA Level 1 보유자
- 투자자산운용사 보유자
- 재경관리사 보유자
- 투자자 커뮤니케이션·공시 작성 관련 프로젝트를 기획부터 결과 검토까지 수행한 경험","- 제출한 경력·자격 증빙이 사실과 다른 경우
- 정해진 기한까지 필수 증빙서류를 제출하지 않은 경우
- 해외여행 및 근무에 결격사유가 있는 경우
- 채용 관련 비밀유지 의무를 위반한 경우",서류전형 > 인성검사 > 실무면접 > 최종면접
IR·공시 실무자 채용,1,31,20260107,20260121,19,신입·경력,정규직,대전광역시,학사 이상,"중견기업 전략 조직에서 투자자 커뮤니케이션·공시 작성을 담당할 IR·공시를 모집합니다. 이 포지션은 현장의 요구를 실행 가능한 계획과 결과물로 연결하는 역할입니다.

담당 범위는 실적·주주·공시 규정 자료를 바탕으로 기준을 수립하고, 우선순위에 따라 과제를 실행하며 품질과 일정을 함께 관리하는 것입니다.

회계·세무 조직의 동료와 재무·영업·개발·운영 등 유관 부서, 필요한 경우 외부 파트너와 협업해 의사결정에 필요한 정보를 정리합니다.

이슈가 발생하면 사실과 데이터를 먼저 확인하고 원인을 구분한 뒤, 대안을 비교해 합의된 조치를 실행하고 재발 방지 내용을 문서화합니다.

입사 초기에는 기존 자료와 업무 흐름을 파악하고 DART·Excel 환경을 익힌 뒤, 담당 영역의 개선 과제와 표준화 작업을 단계적으로 주도합니다.

성과는 결과물의 정확성, 일정 준수, 이해관계자와의 명확한 소통, 사용자와 사업에 미치는 영향을 기준으로 평가합니다.","- 실적·주주·공시 규정 자료 수집·정리 및 핵심 이슈 분석
- DART·Excel를 활용한 업무 산출물 작성과 버전 관리
- 요구사항을 세부 과제와 일정으로 구체화하고 진행 현황 관리
- 유관 부서 및 외부 파트너와 기준·일정·결과물 조율
- 검토 회의 운영과 의사결정 근거·변경 이력 문서화
- 성과지표 설정 및 결과 데이터 분석을 통한 개선안 제안
- 업무상 리스크 사전 점검과 문제 발생 시 원인 분석·후속 조치
- 재사용 가능한 체크리스트·가이드·템플릿 정비","- 투자자 커뮤니케이션·공시 작성 관련 지식 또는 프로젝트·실무 경험을 보유한 분
- 실적·주주·공시 규정 자료를 정확히 해석하고 업무 문서로 구조화할 수 있는 분
- DART·Excel 중 직무에 필요한 도구를 실무에 적용할 수 있는 분
- 유관 부서와 쟁점을 명확히 설명하고 일정에 맞춰 협업할 수 있는 분
- 문제 원인을 근거에 따라 분석하고 실행 가능한 대안을 제시할 수 있는 분
- 업무상 취급하는 개인정보와 기밀정보를 안전하게 관리할 수 있는 분","- 투자자산운용사 보유자
- 재경관리사 보유자
- CFA Level 1 보유자
- 투자자 커뮤니케이션·공시 작성 관련 프로젝트를 기획부터 결과 검토까지 수행한 경험
- DART·Excel를 활용해 반복 업무를 개선하거나 품질 기준을 정립한 경험","- 지원 자격 또는 필수 면허 요건을 충족하지 못한 경우
- 전형 과정에서 타인의 결과물을 무단 사용한 경우
- 채용검진 결과 담당 업무 수행이 곤란한 경우
- 관계 법령상 취업이 제한되는 경우",서류전형 > 직무과제 > 실무면접 > 처우협의
IR·공시 전문인력 모집,137,31,20260312,20260329,2,경력 3년 이상,무기계약직,부산광역시,학사 이상,"공공서비스 운영기관에서 투자자 커뮤니케이션·공시 작성을 담당할 IR·공시를 모집합니다. 이 포지션은 현장의 요구를 실행 가능한 계획과 결과물로 연결하는 역할입니다.

담당 범위는 실적·주주·공시 규정 자료를 바탕으로 기준을 수립하고, 우선순위에 따라 과제를 실행하며 품질과 일정을 함께 관리하는 것입니다.

회계·세무 조직의 동료와 재무·영업·개발·운영 등 유관 부서, 필요한 경우 외부 파트너와 협업해 의사결정에 필요한 정보를 정리합니다.

이슈가 발생하면 사실과 데이터를 먼저 확인하고 원인을 구분한 뒤, 대안을 비교해 합의된 조치를 실행하고 재발 방지 내용을 문서화합니다.

입사 초기에는 기존 자료와 업무 흐름을 파악하고 DART·Excel 환경을 익힌 뒤, 담당 영역의 개선 과제와 표준화 작업을 단계적으로 주도합니다.

성과는 결과물의 정확성, 일정 준수, 이해관계자와의 명확한 소통, 사용자와 사업에 미치는 영향을 기준으로 평가합니다.","- DART·Excel를 활용한 업무 산출물 작성과 버전 관리
- 요구사항을 세부 과제와 일정으로 구체화하고 진행 현황 관리
- 유관 부서 및 외부 파트너와 기준·일정·결과물 조율
- 검토 회의 운영과 의사결정 근거·변경 이력 문서화
- 성과지표 설정 및 결과 데이터 분석을 통한 개선안 제안
- 업무상 리스크 사전 점검과 문제 발생 시 원인 분석·후속 조치
- 재사용 가능한 체크리스트·가이드·템플릿 정비
- 고객 또는 내부 사용자의 피드백을 반영한 결과물 품질 개선
- 투자자 커뮤니케이션·공시 작성 관련 연간·분기 실행계획 수립","- 투자자 커뮤니케이션·공시 작성 관련 지식 또는 프로젝트·실무 경험을 보유한 분
- 실적·주주·공시 규정 자료를 정확히 해석하고 업무 문서로 구조화할 수 있는 분
- DART·Excel 중 직무에 필요한 도구를 실무에 적용할 수 있는 분
- 유관 부서와 쟁점을 명확히 설명하고 일정에 맞춰 협업할 수 있는 분
- 문제 원인을 근거에 따라 분석하고 실행 가능한 대안을 제시할 수 있는 분
- 업무상 취급하는 개인정보와 기밀정보를 안전하게 관리할 수 있는 분
- IR·공시 또는 유사 분야의 3년 이상 실무 경험을 보유한 분","- 재경관리사 보유자
- CFA Level 1 보유자
- 투자자산운용사 보유자
- 투자자 커뮤니케이션·공시 작성 관련 프로젝트를 기획부터 결과 검토까지 수행한 경험
- DART·Excel를 활용해 반복 업무를 개선하거나 품질 기준을 정립한 경험
- 외부 파트너 또는 다양한 이해관계자와 복잡한 요구사항을 조율한 경험","- 지원서 또는 제출서류를 허위로 기재한 경우
- 채용 과정에서 부정한 방법을 사용한 경우
- 채용검진 결과 직무 수행이 어렵다고 판단되는 경우
- 관련 법령 또는 내부 인사규정상 채용이 불가능한 경우",서류전형 > 1차면접 > 2차면접 > 채용검진
IR·공시 인재 채용,135,31,20260517,20260606,5,경력 무관,정규직,광주광역시,석사 이상,"전문 컨설팅 조직에서 투자자 커뮤니케이션·공시 작성을 담당할 IR·공시를 모집합니다. 이 포지션은 현장의 요구를 실행 가능한 계획과 결과물로 연결하는 역할입니다.

담당 범위는 실적·주주·공시 규정 자료를 바탕으로 기준을 수립하고, 우선순위에 따라 과제를 실행하며 품질과 일정을 함께 관리하는 것입니다.

회계·세무 조직의 동료와 재무·영업·개발·운영 등 유관 부서, 필요한 경우 외부 파트너와 협업해 의사결정에 필요한 정보를 정리합니다.

이슈가 발생하면 사실과 데이터를 먼저 확인하고 원인을 구분한 뒤, 대안을 비교해 합의된 조치를 실행하고 재발 방지 내용을 문서화합니다.

입사 초기에는 기존 자료와 업무 흐름을 파악하고 DART·Excel 환경을 익힌 뒤, 담당 영역의 개선 과제와 표준화 작업을 단계적으로 주도합니다.

성과는 결과물의 정확성, 일정 준수, 이해관계자와의 명확한 소통, 사용자와 사업에 미치는 영향을 기준으로 평가합니다.","- 요구사항을 세부 과제와 일정으로 구체화하고 진행 현황 관리
- 유관 부서 및 외부 파트너와 기준·일정·결과물 조율
- 검토 회의 운영과 의사결정 근거·변경 이력 문서화
- 성과지표 설정 및 결과 데이터 분석을 통한 개선안 제안
- 업무상 리스크 사전 점검과 문제 발생 시 원인 분석·후속 조치
- 재사용 가능한 체크리스트·가이드·템플릿 정비
- 고객 또는 내부 사용자의 피드백을 반영한 결과물 품질 개선","- 투자자 커뮤니케이션·공시 작성 관련 지식 또는 프로젝트·실무 경험을 보유한 분
- 실적·주주·공시 규정 자료를 정확히 해석하고 업무 문서로 구조화할 수 있는 분
- DART·Excel 중 직무에 필요한 도구를 실무에 적용할 수 있는 분
- 유관 부서와 쟁점을 명확히 설명하고 일정에 맞춰 협업할 수 있는 분
- 문제 원인을 근거에 따라 분석하고 실행 가능한 대안을 제시할 수 있는 분","- CFA Level 1 보유자
- 투자자산운용사 보유자
- 재경관리사 보유자
- 투자자 커뮤니케이션·공시 작성 관련 프로젝트를 기획부터 결과 검토까지 수행한 경험","- 제출한 경력·자격 증빙이 사실과 다른 경우
- 정해진 기한까지 필수 증빙서류를 제출하지 않은 경우
- 해외여행 및 근무에 결격사유가 있는 경우
- 채용 관련 비밀유지 의무를 위반한 경우",서류전형 > 필기전형 > 면접전형 > 최종합격
IR·공시 공개채용,132,31,20260722,20260814,8,경력 5년 이상,기간제,세종특별자치시,학력무관,"글로벌 사업 조직에서 투자자 커뮤니케이션·공시 작성을 담당할 IR·공시를 모집합니다. 이 포지션은 현장의 요구를 실행 가능한 계획과 결과물로 연결하는 역할입니다.

담당 범위는 실적·주주·공시 규정 자료를 바탕으로 기준을 수립하고, 우선순위에 따라 과제를 실행하며 품질과 일정을 함께 관리하는 것입니다.

회계·세무 조직의 동료와 재무·영업·개발·운영 등 유관 부서, 필요한 경우 외부 파트너와 협업해 의사결정에 필요한 정보를 정리합니다.

이슈가 발생하면 사실과 데이터를 먼저 확인하고 원인을 구분한 뒤, 대안을 비교해 합의된 조치를 실행하고 재발 방지 내용을 문서화합니다.

입사 초기에는 기존 자료와 업무 흐름을 파악하고 DART·Excel 환경을 익힌 뒤, 담당 영역의 개선 과제와 표준화 작업을 단계적으로 주도합니다.

성과는 결과물의 정확성, 일정 준수, 이해관계자와의 명확한 소통, 사용자와 사업에 미치는 영향을 기준으로 평가합니다.","- 유관 부서 및 외부 파트너와 기준·일정·결과물 조율
- 검토 회의 운영과 의사결정 근거·변경 이력 문서화
- 성과지표 설정 및 결과 데이터 분석을 통한 개선안 제안
- 업무상 리스크 사전 점검과 문제 발생 시 원인 분석·후속 조치
- 재사용 가능한 체크리스트·가이드·템플릿 정비
- 고객 또는 내부 사용자의 피드백을 반영한 결과물 품질 개선
- 투자자 커뮤니케이션·공시 작성 관련 연간·분기 실행계획 수립
- 실적·주주·공시 규정 자료 수집·정리 및 핵심 이슈 분석","- 투자자 커뮤니케이션·공시 작성 관련 지식 또는 프로젝트·실무 경험을 보유한 분
- 실적·주주·공시 규정 자료를 정확히 해석하고 업무 문서로 구조화할 수 있는 분
- DART·Excel 중 직무에 필요한 도구를 실무에 적용할 수 있는 분
- 유관 부서와 쟁점을 명확히 설명하고 일정에 맞춰 협업할 수 있는 분
- 문제 원인을 근거에 따라 분석하고 실행 가능한 대안을 제시할 수 있는 분
- 업무상 취급하는 개인정보와 기밀정보를 안전하게 관리할 수 있는 분","- 투자자산운용사 보유자
- 재경관리사 보유자
- CFA Level 1 보유자
- 투자자 커뮤니케이션·공시 작성 관련 프로젝트를 기획부터 결과 검토까지 수행한 경험
- DART·Excel를 활용해 반복 업무를 개선하거나 품질 기준을 정립한 경험","- 지원 자격 또는 필수 면허 요건을 충족하지 못한 경우
- 전형 과정에서 타인의 결과물을 무단 사용한 경우
- 채용검진 결과 담당 업무 수행이 곤란한 경우
- 관계 법령상 취업이 제한되는 경우",서류전형 > 실무면접 > 최종면접
IR·공시 프로젝트 담당 모집,119,31,20260904,20260930,11,경력,정규직,충청남도,전문학사 이상,"연구개발 중심 조직에서 투자자 커뮤니케이션·공시 작성을 담당할 IR·공시를 모집합니다. 이 포지션은 현장의 요구를 실행 가능한 계획과 결과물로 연결하는 역할입니다.

담당 범위는 실적·주주·공시 규정 자료를 바탕으로 기준을 수립하고, 우선순위에 따라 과제를 실행하며 품질과 일정을 함께 관리하는 것입니다.

회계·세무 조직의 동료와 재무·영업·개발·운영 등 유관 부서, 필요한 경우 외부 파트너와 협업해 의사결정에 필요한 정보를 정리합니다.

이슈가 발생하면 사실과 데이터를 먼저 확인하고 원인을 구분한 뒤, 대안을 비교해 합의된 조치를 실행하고 재발 방지 내용을 문서화합니다.

입사 초기에는 기존 자료와 업무 흐름을 파악하고 DART·Excel 환경을 익힌 뒤, 담당 영역의 개선 과제와 표준화 작업을 단계적으로 주도합니다.

성과는 결과물의 정확성, 일정 준수, 이해관계자와의 명확한 소통, 사용자와 사업에 미치는 영향을 기준으로 평가합니다.","- 검토 회의 운영과 의사결정 근거·변경 이력 문서화
- 성과지표 설정 및 결과 데이터 분석을 통한 개선안 제안
- 업무상 리스크 사전 점검과 문제 발생 시 원인 분석·후속 조치
- 재사용 가능한 체크리스트·가이드·템플릿 정비
- 고객 또는 내부 사용자의 피드백을 반영한 결과물 품질 개선
- 투자자 커뮤니케이션·공시 작성 관련 연간·분기 실행계획 수립
- 실적·주주·공시 규정 자료 수집·정리 및 핵심 이슈 분석
- DART·Excel를 활용한 업무 산출물 작성과 버전 관리
- 요구사항을 세부 과제와 일정으로 구체화하고 진행 현황 관리","- 투자자 커뮤니케이션·공시 작성 관련 지식 또는 프로젝트·실무 경험을 보유한 분
- 실적·주주·공시 규정 자료를 정확히 해석하고 업무 문서로 구조화할 수 있는 분
- DART·Excel 중 직무에 필요한 도구를 실무에 적용할 수 있는 분
- 유관 부서와 쟁점을 명확히 설명하고 일정에 맞춰 협업할 수 있는 분
- 문제 원인을 근거에 따라 분석하고 실행 가능한 대안을 제시할 수 있는 분
- 업무상 취급하는 개인정보와 기밀정보를 안전하게 관리할 수 있는 분
- IR·공시 또는 유사 분야의 경력 실무 경험을 보유한 분","- 재경관리사 보유자
- CFA Level 1 보유자
- 투자자산운용사 보유자
- 투자자 커뮤니케이션·공시 작성 관련 프로젝트를 기획부터 결과 검토까지 수행한 경험
- DART·Excel를 활용해 반복 업무를 개선하거나 품질 기준을 정립한 경험
- 외부 파트너 또는 다양한 이해관계자와 복잡한 요구사항을 조율한 경험","- 지원서 또는 제출서류를 허위로 기재한 경우
- 채용 과정에서 부정한 방법을 사용한 경우
- 채용검진 결과 직무 수행이 어렵다고 판단되는 경우
- 관련 법령 또는 내부 인사규정상 채용이 불가능한 경우",서류전형 > 인성검사 > 실무면접 > 최종면접
IR·공시 운영 담당자 채용,60,31,20261109,20261208,14,신입·경력,계약직,경상남도,학사 이상,"플랫폼 운영 조직에서 투자자 커뮤니케이션·공시 작성을 담당할 IR·공시를 모집합니다. 이 포지션은 현장의 요구를 실행 가능한 계획과 결과물로 연결하는 역할입니다.

담당 범위는 실적·주주·공시 규정 자료를 바탕으로 기준을 수립하고, 우선순위에 따라 과제를 실행하며 품질과 일정을 함께 관리하는 것입니다.

회계·세무 조직의 동료와 재무·영업·개발·운영 등 유관 부서, 필요한 경우 외부 파트너와 협업해 의사결정에 필요한 정보를 정리합니다.

이슈가 발생하면 사실과 데이터를 먼저 확인하고 원인을 구분한 뒤, 대안을 비교해 합의된 조치를 실행하고 재발 방지 내용을 문서화합니다.

입사 초기에는 기존 자료와 업무 흐름을 파악하고 DART·Excel 환경을 익힌 뒤, 담당 영역의 개선 과제와 표준화 작업을 단계적으로 주도합니다.

성과는 결과물의 정확성, 일정 준수, 이해관계자와의 명확한 소통, 사용자와 사업에 미치는 영향을 기준으로 평가합니다.","- 성과지표 설정 및 결과 데이터 분석을 통한 개선안 제안
- 업무상 리스크 사전 점검과 문제 발생 시 원인 분석·후속 조치
- 재사용 가능한 체크리스트·가이드·템플릿 정비
- 고객 또는 내부 사용자의 피드백을 반영한 결과물 품질 개선
- 투자자 커뮤니케이션·공시 작성 관련 연간·분기 실행계획 수립
- 실적·주주·공시 규정 자료 수집·정리 및 핵심 이슈 분석
- DART·Excel를 활용한 업무 산출물 작성과 버전 관리","- 투자자 커뮤니케이션·공시 작성 관련 지식 또는 프로젝트·실무 경험을 보유한 분
- 실적·주주·공시 규정 자료를 정확히 해석하고 업무 문서로 구조화할 수 있는 분
- DART·Excel 중 직무에 필요한 도구를 실무에 적용할 수 있는 분
- 유관 부서와 쟁점을 명확히 설명하고 일정에 맞춰 협업할 수 있는 분
- 문제 원인을 근거에 따라 분석하고 실행 가능한 대안을 제시할 수 있는 분","- CFA Level 1 보유자
- 투자자산운용사 보유자
- 재경관리사 보유자
- 투자자 커뮤니케이션·공시 작성 관련 프로젝트를 기획부터 결과 검토까지 수행한 경험","- 제출한 경력·자격 증빙이 사실과 다른 경우
- 정해진 기한까지 필수 증빙서류를 제출하지 않은 경우
- 해외여행 및 근무에 결격사유가 있는 경우
- 채용 관련 비밀유지 의무를 위반한 경우",서류전형 > 직무과제 > 실무면접 > 처우협의
IR·공시 핵심인재 모집,35,31,20260214,20260318,17,경력 2년 이상,정규직,제주특별자치도,학사 이상,"브랜드 사업 조직에서 투자자 커뮤니케이션·공시 작성을 담당할 IR·공시를 모집합니다. 이 포지션은 현장의 요구를 실행 가능한 계획과 결과물로 연결하는 역할입니다.

담당 범위는 실적·주주·공시 규정 자료를 바탕으로 기준을 수립하고, 우선순위에 따라 과제를 실행하며 품질과 일정을 함께 관리하는 것입니다.

회계·세무 조직의 동료와 재무·영업·개발·운영 등 유관 부서, 필요한 경우 외부 파트너와 협업해 의사결정에 필요한 정보를 정리합니다.

이슈가 발생하면 사실과 데이터를 먼저 확인하고 원인을 구분한 뒤, 대안을 비교해 합의된 조치를 실행하고 재발 방지 내용을 문서화합니다.

입사 초기에는 기존 자료와 업무 흐름을 파악하고 DART·Excel 환경을 익힌 뒤, 담당 영역의 개선 과제와 표준화 작업을 단계적으로 주도합니다.

성과는 결과물의 정확성, 일정 준수, 이해관계자와의 명확한 소통, 사용자와 사업에 미치는 영향을 기준으로 평가합니다.","- 업무상 리스크 사전 점검과 문제 발생 시 원인 분석·후속 조치
- 재사용 가능한 체크리스트·가이드·템플릿 정비
- 고객 또는 내부 사용자의 피드백을 반영한 결과물 품질 개선
- 투자자 커뮤니케이션·공시 작성 관련 연간·분기 실행계획 수립
- 실적·주주·공시 규정 자료 수집·정리 및 핵심 이슈 분석
- DART·Excel를 활용한 업무 산출물 작성과 버전 관리
- 요구사항을 세부 과제와 일정으로 구체화하고 진행 현황 관리
- 유관 부서 및 외부 파트너와 기준·일정·결과물 조율","- 투자자 커뮤니케이션·공시 작성 관련 지식 또는 프로젝트·실무 경험을 보유한 분
- 실적·주주·공시 규정 자료를 정확히 해석하고 업무 문서로 구조화할 수 있는 분
- DART·Excel 중 직무에 필요한 도구를 실무에 적용할 수 있는 분
- 유관 부서와 쟁점을 명확히 설명하고 일정에 맞춰 협업할 수 있는 분
- 문제 원인을 근거에 따라 분석하고 실행 가능한 대안을 제시할 수 있는 분
- 업무상 취급하는 개인정보와 기밀정보를 안전하게 관리할 수 있는 분","- 투자자산운용사 보유자
- 재경관리사 보유자
- CFA Level 1 보유자
- 투자자 커뮤니케이션·공시 작성 관련 프로젝트를 기획부터 결과 검토까지 수행한 경험
- DART·Excel를 활용해 반복 업무를 개선하거나 품질 기준을 정립한 경험","- 지원 자격 또는 필수 면허 요건을 충족하지 못한 경우
- 전형 과정에서 타인의 결과물을 무단 사용한 경우
- 채용검진 결과 담당 업무 수행이 곤란한 경우
- 관계 법령상 취업이 제한되는 경우",서류전형 > 1차면접 > 2차면접 > 채용검진
IR·공시 전문가 채용,110,31,20260419,20260524,20,경력 3년 이상,무기계약직,서울특별시,석사 이상,"지역 기반 전문기관에서 투자자 커뮤니케이션·공시 작성을 담당할 IR·공시를 모집합니다. 이 포지션은 현장의 요구를 실행 가능한 계획과 결과물로 연결하는 역할입니다.

담당 범위는 실적·주주·공시 규정 자료를 바탕으로 기준을 수립하고, 우선순위에 따라 과제를 실행하며 품질과 일정을 함께 관리하는 것입니다.

회계·세무 조직의 동료와 재무·영업·개발·운영 등 유관 부서, 필요한 경우 외부 파트너와 협업해 의사결정에 필요한 정보를 정리합니다.

이슈가 발생하면 사실과 데이터를 먼저 확인하고 원인을 구분한 뒤, 대안을 비교해 합의된 조치를 실행하고 재발 방지 내용을 문서화합니다.

입사 초기에는 기존 자료와 업무 흐름을 파악하고 DART·Excel 환경을 익힌 뒤, 담당 영역의 개선 과제와 표준화 작업을 단계적으로 주도합니다.

성과는 결과물의 정확성, 일정 준수, 이해관계자와의 명확한 소통, 사용자와 사업에 미치는 영향을 기준으로 평가합니다.","- 재사용 가능한 체크리스트·가이드·템플릿 정비
- 고객 또는 내부 사용자의 피드백을 반영한 결과물 품질 개선
- 투자자 커뮤니케이션·공시 작성 관련 연간·분기 실행계획 수립
- 실적·주주·공시 규정 자료 수집·정리 및 핵심 이슈 분석
- DART·Excel를 활용한 업무 산출물 작성과 버전 관리
- 요구사항을 세부 과제와 일정으로 구체화하고 진행 현황 관리
- 유관 부서 및 외부 파트너와 기준·일정·결과물 조율
- 검토 회의 운영과 의사결정 근거·변경 이력 문서화
- 성과지표 설정 및 결과 데이터 분석을 통한 개선안 제안","- 투자자 커뮤니케이션·공시 작성 관련 지식 또는 프로젝트·실무 경험을 보유한 분
- 실적·주주·공시 규정 자료를 정확히 해석하고 업무 문서로 구조화할 수 있는 분
- DART·Excel 중 직무에 필요한 도구를 실무에 적용할 수 있는 분
- 유관 부서와 쟁점을 명확히 설명하고 일정에 맞춰 협업할 수 있는 분
- 문제 원인을 근거에 따라 분석하고 실행 가능한 대안을 제시할 수 있는 분
- 업무상 취급하는 개인정보와 기밀정보를 안전하게 관리할 수 있는 분
- IR·공시 또는 유사 분야의 3년 이상 실무 경험을 보유한 분","- 재경관리사 보유자
- CFA Level 1 보유자
- 투자자산운용사 보유자
- 투자자 커뮤니케이션·공시 작성 관련 프로젝트를 기획부터 결과 검토까지 수행한 경험
- DART·Excel를 활용해 반복 업무를 개선하거나 품질 기준을 정립한 경험
- 외부 파트너 또는 다양한 이해관계자와 복잡한 요구사항을 조율한 경험","- 지원서 또는 제출서류를 허위로 기재한 경우
- 채용 과정에서 부정한 방법을 사용한 경우
- 채용검진 결과 직무 수행이 어렵다고 판단되는 경우
- 관련 법령 또는 내부 인사규정상 채용이 불가능한 경우",서류전형 > 필기전형 > 면접전형 > 최종합격
IR·공시 신규 인력 모집,82,31,20260601,20260709,3,신입,정규직,경기도,학력무관,"디지털 서비스 조직에서 투자자 커뮤니케이션·공시 작성을 담당할 IR·공시를 모집합니다. 이 포지션은 현장의 요구를 실행 가능한 계획과 결과물로 연결하는 역할입니다.

담당 범위는 실적·주주·공시 규정 자료를 바탕으로 기준을 수립하고, 우선순위에 따라 과제를 실행하며 품질과 일정을 함께 관리하는 것입니다.

회계·세무 조직의 동료와 재무·영업·개발·운영 등 유관 부서, 필요한 경우 외부 파트너와 협업해 의사결정에 필요한 정보를 정리합니다.

이슈가 발생하면 사실과 데이터를 먼저 확인하고 원인을 구분한 뒤, 대안을 비교해 합의된 조치를 실행하고 재발 방지 내용을 문서화합니다.

입사 초기에는 기존 자료와 업무 흐름을 파악하고 DART·Excel 환경을 익힌 뒤, 담당 영역의 개선 과제와 표준화 작업을 단계적으로 주도합니다.

성과는 결과물의 정확성, 일정 준수, 이해관계자와의 명확한 소통, 사용자와 사업에 미치는 영향을 기준으로 평가합니다.","- 고객 또는 내부 사용자의 피드백을 반영한 결과물 품질 개선
- 투자자 커뮤니케이션·공시 작성 관련 연간·분기 실행계획 수립
- 실적·주주·공시 규정 자료 수집·정리 및 핵심 이슈 분석
- DART·Excel를 활용한 업무 산출물 작성과 버전 관리
- 요구사항을 세부 과제와 일정으로 구체화하고 진행 현황 관리
- 유관 부서 및 외부 파트너와 기준·일정·결과물 조율
- 검토 회의 운영과 의사결정 근거·변경 이력 문서화","- 투자자 커뮤니케이션·공시 작성 관련 지식 또는 프로젝트·실무 경험을 보유한 분
- 실적·주주·공시 규정 자료를 정확히 해석하고 업무 문서로 구조화할 수 있는 분
- DART·Excel 중 직무에 필요한 도구를 실무에 적용할 수 있는 분
- 유관 부서와 쟁점을 명확히 설명하고 일정에 맞춰 협업할 수 있는 분
- 문제 원인을 근거에 따라 분석하고 실행 가능한 대안을 제시할 수 있는 분","- CFA Level 1 보유자
- 투자자산운용사 보유자
- 재경관리사 보유자
- 투자자 커뮤니케이션·공시 작성 관련 프로젝트를 기획부터 결과 검토까지 수행한 경험","- 제출한 경력·자격 증빙이 사실과 다른 경우
- 정해진 기한까지 필수 증빙서류를 제출하지 않은 경우
- 해외여행 및 근무에 결격사유가 있는 경우
- 채용 관련 비밀유지 의무를 위반한 경우",서류전형 > 실무면접 > 최종면접
회계사 담당자 모집,156,32,20261105,20261123,1,신입·경력,정규직,부산광역시,학사 이상,"중견기업 전략 조직에서 회계감사·재무제표 검토·자문을 담당할 회계사를 모집합니다. 이 포지션은 현장의 요구를 실행 가능한 계획과 결과물로 연결하는 역할입니다.

담당 범위는 감사조서·계정 원장·계약 자료를 바탕으로 기준을 수립하고, 우선순위에 따라 과제를 실행하며 품질과 일정을 함께 관리하는 것입니다.

회계·세무 조직의 동료와 재무·영업·개발·운영 등 유관 부서, 필요한 경우 외부 파트너와 협업해 의사결정에 필요한 정보를 정리합니다.

이슈가 발생하면 사실과 데이터를 먼저 확인하고 원인을 구분한 뒤, 대안을 비교해 합의된 조치를 실행하고 재발 방지 내용을 문서화합니다.

입사 초기에는 기존 자료와 업무 흐름을 파악하고 감사 소프트웨어·ERP 환경을 익힌 뒤, 담당 영역의 개선 과제와 표준화 작업을 단계적으로 주도합니다.

성과는 결과물의 정확성, 일정 준수, 이해관계자와의 명확한 소통, 사용자와 사업에 미치는 영향을 기준으로 평가합니다.","- 회계감사·재무제표 검토·자문 관련 연간·분기 실행계획 수립
- 감사조서·계정 원장·계약 자료 수집·정리 및 핵심 이슈 분석
- 감사 소프트웨어·ERP를 활용한 업무 산출물 작성과 버전 관리
- 요구사항을 세부 과제와 일정으로 구체화하고 진행 현황 관리
- 유관 부서 및 외부 파트너와 기준·일정·결과물 조율
- 검토 회의 운영과 의사결정 근거·변경 이력 문서화
- 성과지표 설정 및 결과 데이터 분석을 통한 개선안 제안","- 공인회계사 자격을 보유한 분
- 감사조서·계정 원장·계약 자료를 정확히 해석하고 업무 문서로 구조화할 수 있는 분
- 감사 소프트웨어·ERP 중 직무에 필요한 도구를 실무에 적용할 수 있는 분
- 유관 부서와 쟁점을 명확히 설명하고 일정에 맞춰 협업할 수 있는 분
- 문제 원인을 근거에 따라 분석하고 실행 가능한 대안을 제시할 수 있는 분","- 공인회계사 보유자
- 재경관리사 보유자
- CISA 보유자
- 회계감사·재무제표 검토·자문 관련 프로젝트를 기획부터 결과 검토까지 수행한 경험","- 지원 자격 또는 필수 면허 요건을 충족하지 못한 경우
- 전형 과정에서 타인의 결과물을 무단 사용한 경우
- 채용검진 결과 담당 업무 수행이 곤란한 경우
- 관계 법령상 취업이 제한되는 경우",서류전형 > 직무과제 > 실무면접 > 처우협의
회계사 실무자 채용,85,32,20260210,20260303,4,경력 3년 이상,무기계약직,광주광역시,학사 이상,"공공서비스 운영기관에서 회계감사·재무제표 검토·자문을 담당할 회계사를 모집합니다. 이 포지션은 현장의 요구를 실행 가능한 계획과 결과물로 연결하는 역할입니다.

담당 범위는 감사조서·계정 원장·계약 자료를 바탕으로 기준을 수립하고, 우선순위에 따라 과제를 실행하며 품질과 일정을 함께 관리하는 것입니다.

회계·세무 조직의 동료와 재무·영업·개발·운영 등 유관 부서, 필요한 경우 외부 파트너와 협업해 의사결정에 필요한 정보를 정리합니다.

이슈가 발생하면 사실과 데이터를 먼저 확인하고 원인을 구분한 뒤, 대안을 비교해 합의된 조치를 실행하고 재발 방지 내용을 문서화합니다.

입사 초기에는 기존 자료와 업무 흐름을 파악하고 감사 소프트웨어·ERP 환경을 익힌 뒤, 담당 영역의 개선 과제와 표준화 작업을 단계적으로 주도합니다.

성과는 결과물의 정확성, 일정 준수, 이해관계자와의 명확한 소통, 사용자와 사업에 미치는 영향을 기준으로 평가합니다.","- 감사조서·계정 원장·계약 자료 수집·정리 및 핵심 이슈 분석
- 감사 소프트웨어·ERP를 활용한 업무 산출물 작성과 버전 관리
- 요구사항을 세부 과제와 일정으로 구체화하고 진행 현황 관리
- 유관 부서 및 외부 파트너와 기준·일정·결과물 조율
- 검토 회의 운영과 의사결정 근거·변경 이력 문서화
- 성과지표 설정 및 결과 데이터 분석을 통한 개선안 제안
- 업무상 리스크 사전 점검과 문제 발생 시 원인 분석·후속 조치
- 재사용 가능한 체크리스트·가이드·템플릿 정비","- 공인회계사 자격을 보유한 분
- 감사조서·계정 원장·계약 자료를 정확히 해석하고 업무 문서로 구조화할 수 있는 분
- 감사 소프트웨어·ERP 중 직무에 필요한 도구를 실무에 적용할 수 있는 분
- 유관 부서와 쟁점을 명확히 설명하고 일정에 맞춰 협업할 수 있는 분
- 문제 원인을 근거에 따라 분석하고 실행 가능한 대안을 제시할 수 있는 분
- 업무상 취급하는 개인정보와 기밀정보를 안전하게 관리할 수 있는 분","- 재경관리사 보유자
- CISA 보유자
- 공인회계사 보유자
- 회계감사·재무제표 검토·자문 관련 프로젝트를 기획부터 결과 검토까지 수행한 경험
- 감사 소프트웨어·ERP를 활용해 반복 업무를 개선하거나 품질 기준을 정립한 경험","- 지원서 또는 제출서류를 허위로 기재한 경우
- 채용 과정에서 부정한 방법을 사용한 경우
- 채용검진 결과 직무 수행이 어렵다고 판단되는 경우
- 관련 법령 또는 내부 인사규정상 채용이 불가능한 경우",서류전형 > 1차면접 > 2차면접 > 채용검진
회계사 전문인력 모집,99,32,20260415,20260509,7,경력 무관,정규직,세종특별자치시,석사 이상,"전문 컨설팅 조직에서 회계감사·재무제표 검토·자문을 담당할 회계사를 모집합니다. 이 포지션은 현장의 요구를 실행 가능한 계획과 결과물로 연결하는 역할입니다.

담당 범위는 감사조서·계정 원장·계약 자료를 바탕으로 기준을 수립하고, 우선순위에 따라 과제를 실행하며 품질과 일정을 함께 관리하는 것입니다.

회계·세무 조직의 동료와 재무·영업·개발·운영 등 유관 부서, 필요한 경우 외부 파트너와 협업해 의사결정에 필요한 정보를 정리합니다.

이슈가 발생하면 사실과 데이터를 먼저 확인하고 원인을 구분한 뒤, 대안을 비교해 합의된 조치를 실행하고 재발 방지 내용을 문서화합니다.

입사 초기에는 기존 자료와 업무 흐름을 파악하고 감사 소프트웨어·ERP 환경을 익힌 뒤, 담당 영역의 개선 과제와 표준화 작업을 단계적으로 주도합니다.

성과는 결과물의 정확성, 일정 준수, 이해관계자와의 명확한 소통, 사용자와 사업에 미치는 영향을 기준으로 평가합니다.","- 감사 소프트웨어·ERP를 활용한 업무 산출물 작성과 버전 관리
- 요구사항을 세부 과제와 일정으로 구체화하고 진행 현황 관리
- 유관 부서 및 외부 파트너와 기준·일정·결과물 조율
- 검토 회의 운영과 의사결정 근거·변경 이력 문서화
- 성과지표 설정 및 결과 데이터 분석을 통한 개선안 제안
- 업무상 리스크 사전 점검과 문제 발생 시 원인 분석·후속 조치
- 재사용 가능한 체크리스트·가이드·템플릿 정비
- 고객 또는 내부 사용자의 피드백을 반영한 결과물 품질 개선
- 회계감사·재무제표 검토·자문 관련 연간·분기 실행계획 수립","- 공인회계사 자격을 보유한 분
- 감사조서·계정 원장·계약 자료를 정확히 해석하고 업무 문서로 구조화할 수 있는 분
- 감사 소프트웨어·ERP 중 직무에 필요한 도구를 실무에 적용할 수 있는 분
- 유관 부서와 쟁점을 명확히 설명하고 일정에 맞춰 협업할 수 있는 분
- 문제 원인을 근거에 따라 분석하고 실행 가능한 대안을 제시할 수 있는 분
- 업무상 취급하는 개인정보와 기밀정보를 안전하게 관리할 수 있는 분
- 새로운 업무 기준과 도구를 빠르게 학습할 수 있는 분","- CISA 보유자
- 공인회계사 보유자
- 재경관리사 보유자
- 회계감사·재무제표 검토·자문 관련 프로젝트를 기획부터 결과 검토까지 수행한 경험
- 감사 소프트웨어·ERP를 활용해 반복 업무를 개선하거나 품질 기준을 정립한 경험
- 외부 파트너 또는 다양한 이해관계자와 복잡한 요구사항을 조율한 경험","- 제출한 경력·자격 증빙이 사실과 다른 경우
- 정해진 기한까지 필수 증빙서류를 제출하지 않은 경우
- 해외여행 및 근무에 결격사유가 있는 경우
- 채용 관련 비밀유지 의무를 위반한 경우",서류전형 > 필기전형 > 면접전형 > 최종합격
회계사 인재 채용,159,32,20260620,20260717,10,경력 5년 이상,기간제,충청남도,학력무관,"글로벌 사업 조직에서 회계감사·재무제표 검토·자문을 담당할 회계사를 모집합니다. 이 포지션은 현장의 요구를 실행 가능한 계획과 결과물로 연결하는 역할입니다.

담당 범위는 감사조서·계정 원장·계약 자료를 바탕으로 기준을 수립하고, 우선순위에 따라 과제를 실행하며 품질과 일정을 함께 관리하는 것입니다.

회계·세무 조직의 동료와 재무·영업·개발·운영 등 유관 부서, 필요한 경우 외부 파트너와 협업해 의사결정에 필요한 정보를 정리합니다.

이슈가 발생하면 사실과 데이터를 먼저 확인하고 원인을 구분한 뒤, 대안을 비교해 합의된 조치를 실행하고 재발 방지 내용을 문서화합니다.

입사 초기에는 기존 자료와 업무 흐름을 파악하고 감사 소프트웨어·ERP 환경을 익힌 뒤, 담당 영역의 개선 과제와 표준화 작업을 단계적으로 주도합니다.

성과는 결과물의 정확성, 일정 준수, 이해관계자와의 명확한 소통, 사용자와 사업에 미치는 영향을 기준으로 평가합니다.","- 요구사항을 세부 과제와 일정으로 구체화하고 진행 현황 관리
- 유관 부서 및 외부 파트너와 기준·일정·결과물 조율
- 검토 회의 운영과 의사결정 근거·변경 이력 문서화
- 성과지표 설정 및 결과 데이터 분석을 통한 개선안 제안
- 업무상 리스크 사전 점검과 문제 발생 시 원인 분석·후속 조치
- 재사용 가능한 체크리스트·가이드·템플릿 정비
- 고객 또는 내부 사용자의 피드백을 반영한 결과물 품질 개선","- 공인회계사 자격을 보유한 분
- 감사조서·계정 원장·계약 자료를 정확히 해석하고 업무 문서로 구조화할 수 있는 분
- 감사 소프트웨어·ERP 중 직무에 필요한 도구를 실무에 적용할 수 있는 분
- 유관 부서와 쟁점을 명확히 설명하고 일정에 맞춰 협업할 수 있는 분
- 문제 원인을 근거에 따라 분석하고 실행 가능한 대안을 제시할 수 있는 분","- 공인회계사 보유자
- 재경관리사 보유자
- CISA 보유자
- 회계감사·재무제표 검토·자문 관련 프로젝트를 기획부터 결과 검토까지 수행한 경험","- 지원 자격 또는 필수 면허 요건을 충족하지 못한 경우
- 전형 과정에서 타인의 결과물을 무단 사용한 경우
- 채용검진 결과 담당 업무 수행이 곤란한 경우
- 관계 법령상 취업이 제한되는 경우",서류전형 > 실무면접 > 최종면접
회계사 공개채용,133,32,20260802,20260901,13,경력,정규직,경상남도,전문학사 이상,"연구개발 중심 조직에서 회계감사·재무제표 검토·자문을 담당할 회계사를 모집합니다. 이 포지션은 현장의 요구를 실행 가능한 계획과 결과물로 연결하는 역할입니다.

담당 범위는 감사조서·계정 원장·계약 자료를 바탕으로 기준을 수립하고, 우선순위에 따라 과제를 실행하며 품질과 일정을 함께 관리하는 것입니다.

회계·세무 조직의 동료와 재무·영업·개발·운영 등 유관 부서, 필요한 경우 외부 파트너와 협업해 의사결정에 필요한 정보를 정리합니다.

이슈가 발생하면 사실과 데이터를 먼저 확인하고 원인을 구분한 뒤, 대안을 비교해 합의된 조치를 실행하고 재발 방지 내용을 문서화합니다.

입사 초기에는 기존 자료와 업무 흐름을 파악하고 감사 소프트웨어·ERP 환경을 익힌 뒤, 담당 영역의 개선 과제와 표준화 작업을 단계적으로 주도합니다.

성과는 결과물의 정확성, 일정 준수, 이해관계자와의 명확한 소통, 사용자와 사업에 미치는 영향을 기준으로 평가합니다.","- 유관 부서 및 외부 파트너와 기준·일정·결과물 조율
- 검토 회의 운영과 의사결정 근거·변경 이력 문서화
- 성과지표 설정 및 결과 데이터 분석을 통한 개선안 제안
- 업무상 리스크 사전 점검과 문제 발생 시 원인 분석·후속 조치
- 재사용 가능한 체크리스트·가이드·템플릿 정비
- 고객 또는 내부 사용자의 피드백을 반영한 결과물 품질 개선
- 회계감사·재무제표 검토·자문 관련 연간·분기 실행계획 수립
- 감사조서·계정 원장·계약 자료 수집·정리 및 핵심 이슈 분석","- 공인회계사 자격을 보유한 분
- 감사조서·계정 원장·계약 자료를 정확히 해석하고 업무 문서로 구조화할 수 있는 분
- 감사 소프트웨어·ERP 중 직무에 필요한 도구를 실무에 적용할 수 있는 분
- 유관 부서와 쟁점을 명확히 설명하고 일정에 맞춰 협업할 수 있는 분
- 문제 원인을 근거에 따라 분석하고 실행 가능한 대안을 제시할 수 있는 분
- 업무상 취급하는 개인정보와 기밀정보를 안전하게 관리할 수 있는 분","- 재경관리사 보유자
- CISA 보유자
- 공인회계사 보유자
- 회계감사·재무제표 검토·자문 관련 프로젝트를 기획부터 결과 검토까지 수행한 경험
- 감사 소프트웨어·ERP를 활용해 반복 업무를 개선하거나 품질 기준을 정립한 경험","- 지원서 또는 제출서류를 허위로 기재한 경우
- 채용 과정에서 부정한 방법을 사용한 경우
- 채용검진 결과 직무 수행이 어렵다고 판단되는 경우
- 관련 법령 또는 내부 인사규정상 채용이 불가능한 경우",서류전형 > 인성검사 > 실무면접 > 최종면접
회계사 프로젝트 담당 모집,51,32,20261007,20261109,16,신입·경력,계약직,제주특별자치도,학사 이상,"플랫폼 운영 조직에서 회계감사·재무제표 검토·자문을 담당할 회계사를 모집합니다. 이 포지션은 현장의 요구를 실행 가능한 계획과 결과물로 연결하는 역할입니다.

담당 범위는 감사조서·계정 원장·계약 자료를 바탕으로 기준을 수립하고, 우선순위에 따라 과제를 실행하며 품질과 일정을 함께 관리하는 것입니다.

회계·세무 조직의 동료와 재무·영업·개발·운영 등 유관 부서, 필요한 경우 외부 파트너와 협업해 의사결정에 필요한 정보를 정리합니다.

이슈가 발생하면 사실과 데이터를 먼저 확인하고 원인을 구분한 뒤, 대안을 비교해 합의된 조치를 실행하고 재발 방지 내용을 문서화합니다.

입사 초기에는 기존 자료와 업무 흐름을 파악하고 감사 소프트웨어·ERP 환경을 익힌 뒤, 담당 영역의 개선 과제와 표준화 작업을 단계적으로 주도합니다.

성과는 결과물의 정확성, 일정 준수, 이해관계자와의 명확한 소통, 사용자와 사업에 미치는 영향을 기준으로 평가합니다.","- 검토 회의 운영과 의사결정 근거·변경 이력 문서화
- 성과지표 설정 및 결과 데이터 분석을 통한 개선안 제안
- 업무상 리스크 사전 점검과 문제 발생 시 원인 분석·후속 조치
- 재사용 가능한 체크리스트·가이드·템플릿 정비
- 고객 또는 내부 사용자의 피드백을 반영한 결과물 품질 개선
- 회계감사·재무제표 검토·자문 관련 연간·분기 실행계획 수립
- 감사조서·계정 원장·계약 자료 수집·정리 및 핵심 이슈 분석
- 감사 소프트웨어·ERP를 활용한 업무 산출물 작성과 버전 관리
- 요구사항을 세부 과제와 일정으로 구체화하고 진행 현황 관리","- 공인회계사 자격을 보유한 분
- 감사조서·계정 원장·계약 자료를 정확히 해석하고 업무 문서로 구조화할 수 있는 분
- 감사 소프트웨어·ERP 중 직무에 필요한 도구를 실무에 적용할 수 있는 분
- 유관 부서와 쟁점을 명확히 설명하고 일정에 맞춰 협업할 수 있는 분
- 문제 원인을 근거에 따라 분석하고 실행 가능한 대안을 제시할 수 있는 분
- 업무상 취급하는 개인정보와 기밀정보를 안전하게 관리할 수 있는 분
- 회계사 또는 유사 분야의 신입·경력 실무 경험을 보유한 분","- CISA 보유자
- 공인회계사 보유자
- 재경관리사 보유자
- 회계감사·재무제표 검토·자문 관련 프로젝트를 기획부터 결과 검토까지 수행한 경험
- 감사 소프트웨어·ERP를 활용해 반복 업무를 개선하거나 품질 기준을 정립한 경험
- 외부 파트너 또는 다양한 이해관계자와 복잡한 요구사항을 조율한 경험","- 제출한 경력·자격 증빙이 사실과 다른 경우
- 정해진 기한까지 필수 증빙서류를 제출하지 않은 경우
- 해외여행 및 근무에 결격사유가 있는 경우
- 채용 관련 비밀유지 의무를 위반한 경우",서류전형 > 직무과제 > 실무면접 > 처우협의
회계사 운영 담당자 채용,5,32,20260112,20260217,19,경력 2년 이상,정규직,서울특별시,학사 이상,"브랜드 사업 조직에서 회계감사·재무제표 검토·자문을 담당할 회계사를 모집합니다. 이 포지션은 현장의 요구를 실행 가능한 계획과 결과물로 연결하는 역할입니다.

담당 범위는 감사조서·계정 원장·계약 자료를 바탕으로 기준을 수립하고, 우선순위에 따라 과제를 실행하며 품질과 일정을 함께 관리하는 것입니다.

회계·세무 조직의 동료와 재무·영업·개발·운영 등 유관 부서, 필요한 경우 외부 파트너와 협업해 의사결정에 필요한 정보를 정리합니다.

이슈가 발생하면 사실과 데이터를 먼저 확인하고 원인을 구분한 뒤, 대안을 비교해 합의된 조치를 실행하고 재발 방지 내용을 문서화합니다.

입사 초기에는 기존 자료와 업무 흐름을 파악하고 감사 소프트웨어·ERP 환경을 익힌 뒤, 담당 영역의 개선 과제와 표준화 작업을 단계적으로 주도합니다.

성과는 결과물의 정확성, 일정 준수, 이해관계자와의 명확한 소통, 사용자와 사업에 미치는 영향을 기준으로 평가합니다.","- 성과지표 설정 및 결과 데이터 분석을 통한 개선안 제안
- 업무상 리스크 사전 점검과 문제 발생 시 원인 분석·후속 조치
- 재사용 가능한 체크리스트·가이드·템플릿 정비
- 고객 또는 내부 사용자의 피드백을 반영한 결과물 품질 개선
- 회계감사·재무제표 검토·자문 관련 연간·분기 실행계획 수립
- 감사조서·계정 원장·계약 자료 수집·정리 및 핵심 이슈 분석
- 감사 소프트웨어·ERP를 활용한 업무 산출물 작성과 버전 관리","- 공인회계사 자격을 보유한 분
- 감사조서·계정 원장·계약 자료를 정확히 해석하고 업무 문서로 구조화할 수 있는 분
- 감사 소프트웨어·ERP 중 직무에 필요한 도구를 실무에 적용할 수 있는 분
- 유관 부서와 쟁점을 명확히 설명하고 일정에 맞춰 협업할 수 있는 분
- 문제 원인을 근거에 따라 분석하고 실행 가능한 대안을 제시할 수 있는 분","- 공인회계사 보유자
- 재경관리사 보유자
- CISA 보유자
- 회계감사·재무제표 검토·자문 관련 프로젝트를 기획부터 결과 검토까지 수행한 경험","- 지원 자격 또는 필수 면허 요건을 충족하지 못한 경우
- 전형 과정에서 타인의 결과물을 무단 사용한 경우
- 채용검진 결과 담당 업무 수행이 곤란한 경우
- 관계 법령상 취업이 제한되는 경우",서류전형 > 1차면접 > 2차면접 > 채용검진
회계사 핵심인재 모집,24,32,20260317,20260425,2,경력 3년 이상,무기계약직,경기도,석사 이상,"지역 기반 전문기관에서 회계감사·재무제표 검토·자문을 담당할 회계사를 모집합니다. 이 포지션은 현장의 요구를 실행 가능한 계획과 결과물로 연결하는 역할입니다.

담당 범위는 감사조서·계정 원장·계약 자료를 바탕으로 기준을 수립하고, 우선순위에 따라 과제를 실행하며 품질과 일정을 함께 관리하는 것입니다.

회계·세무 조직의 동료와 재무·영업·개발·운영 등 유관 부서, 필요한 경우 외부 파트너와 협업해 의사결정에 필요한 정보를 정리합니다.

이슈가 발생하면 사실과 데이터를 먼저 확인하고 원인을 구분한 뒤, 대안을 비교해 합의된 조치를 실행하고 재발 방지 내용을 문서화합니다.

입사 초기에는 기존 자료와 업무 흐름을 파악하고 감사 소프트웨어·ERP 환경을 익힌 뒤, 담당 영역의 개선 과제와 표준화 작업을 단계적으로 주도합니다.

성과는 결과물의 정확성, 일정 준수, 이해관계자와의 명확한 소통, 사용자와 사업에 미치는 영향을 기준으로 평가합니다.","- 업무상 리스크 사전 점검과 문제 발생 시 원인 분석·후속 조치
- 재사용 가능한 체크리스트·가이드·템플릿 정비
- 고객 또는 내부 사용자의 피드백을 반영한 결과물 품질 개선
- 회계감사·재무제표 검토·자문 관련 연간·분기 실행계획 수립
- 감사조서·계정 원장·계약 자료 수집·정리 및 핵심 이슈 분석
- 감사 소프트웨어·ERP를 활용한 업무 산출물 작성과 버전 관리
- 요구사항을 세부 과제와 일정으로 구체화하고 진행 현황 관리
- 유관 부서 및 외부 파트너와 기준·일정·결과물 조율","- 공인회계사 자격을 보유한 분
- 감사조서·계정 원장·계약 자료를 정확히 해석하고 업무 문서로 구조화할 수 있는 분
- 감사 소프트웨어·ERP 중 직무에 필요한 도구를 실무에 적용할 수 있는 분
- 유관 부서와 쟁점을 명확히 설명하고 일정에 맞춰 협업할 수 있는 분
- 문제 원인을 근거에 따라 분석하고 실행 가능한 대안을 제시할 수 있는 분
- 업무상 취급하는 개인정보와 기밀정보를 안전하게 관리할 수 있는 분","- 재경관리사 보유자
- CISA 보유자
- 공인회계사 보유자
- 회계감사·재무제표 검토·자문 관련 프로젝트를 기획부터 결과 검토까지 수행한 경험
- 감사 소프트웨어·ERP를 활용해 반복 업무를 개선하거나 품질 기준을 정립한 경험","- 지원서 또는 제출서류를 허위로 기재한 경우
- 채용 과정에서 부정한 방법을 사용한 경우
- 채용검진 결과 직무 수행이 어렵다고 판단되는 경우
- 관련 법령 또는 내부 인사규정상 채용이 불가능한 경우",서류전형 > 필기전형 > 면접전형 > 최종합격
회계사 전문가 채용,45,32,20260522,20260703,5,신입,정규직,인천광역시,학력무관,"디지털 서비스 조직에서 회계감사·재무제표 검토·자문을 담당할 회계사를 모집합니다. 이 포지션은 현장의 요구를 실행 가능한 계획과 결과물로 연결하는 역할입니다.

담당 범위는 감사조서·계정 원장·계약 자료를 바탕으로 기준을 수립하고, 우선순위에 따라 과제를 실행하며 품질과 일정을 함께 관리하는 것입니다.

회계·세무 조직의 동료와 재무·영업·개발·운영 등 유관 부서, 필요한 경우 외부 파트너와 협업해 의사결정에 필요한 정보를 정리합니다.

이슈가 발생하면 사실과 데이터를 먼저 확인하고 원인을 구분한 뒤, 대안을 비교해 합의된 조치를 실행하고 재발 방지 내용을 문서화합니다.

입사 초기에는 기존 자료와 업무 흐름을 파악하고 감사 소프트웨어·ERP 환경을 익힌 뒤, 담당 영역의 개선 과제와 표준화 작업을 단계적으로 주도합니다.

성과는 결과물의 정확성, 일정 준수, 이해관계자와의 명확한 소통, 사용자와 사업에 미치는 영향을 기준으로 평가합니다.","- 재사용 가능한 체크리스트·가이드·템플릿 정비
- 고객 또는 내부 사용자의 피드백을 반영한 결과물 품질 개선
- 회계감사·재무제표 검토·자문 관련 연간·분기 실행계획 수립
- 감사조서·계정 원장·계약 자료 수집·정리 및 핵심 이슈 분석
- 감사 소프트웨어·ERP를 활용한 업무 산출물 작성과 버전 관리
- 요구사항을 세부 과제와 일정으로 구체화하고 진행 현황 관리
- 유관 부서 및 외부 파트너와 기준·일정·결과물 조율
- 검토 회의 운영과 의사결정 근거·변경 이력 문서화
- 성과지표 설정 및 결과 데이터 분석을 통한 개선안 제안","- 공인회계사 자격을 보유한 분
- 감사조서·계정 원장·계약 자료를 정확히 해석하고 업무 문서로 구조화할 수 있는 분
- 감사 소프트웨어·ERP 중 직무에 필요한 도구를 실무에 적용할 수 있는 분
- 유관 부서와 쟁점을 명확히 설명하고 일정에 맞춰 협업할 수 있는 분
- 문제 원인을 근거에 따라 분석하고 실행 가능한 대안을 제시할 수 있는 분
- 업무상 취급하는 개인정보와 기밀정보를 안전하게 관리할 수 있는 분
- 새로운 업무 기준과 도구를 빠르게 학습할 수 있는 분","- CISA 보유자
- 공인회계사 보유자
- 재경관리사 보유자
- 회계감사·재무제표 검토·자문 관련 프로젝트를 기획부터 결과 검토까지 수행한 경험
- 감사 소프트웨어·ERP를 활용해 반복 업무를 개선하거나 품질 기준을 정립한 경험
- 외부 파트너 또는 다양한 이해관계자와 복잡한 요구사항을 조율한 경험","- 제출한 경력·자격 증빙이 사실과 다른 경우
- 정해진 기한까지 필수 증빙서류를 제출하지 않은 경우
- 해외여행 및 근무에 결격사유가 있는 경우
- 채용 관련 비밀유지 의무를 위반한 경우",서류전형 > 실무면접 > 최종면접
회계사 신규 인력 모집,120,32,20260704,20260818,8,경력 2년 이상,계약직,대전광역시,전문학사 이상,"성장 단계 스타트업에서 회계감사·재무제표 검토·자문을 담당할 회계사를 모집합니다. 이 포지션은 현장의 요구를 실행 가능한 계획과 결과물로 연결하는 역할입니다.

담당 범위는 감사조서·계정 원장·계약 자료를 바탕으로 기준을 수립하고, 우선순위에 따라 과제를 실행하며 품질과 일정을 함께 관리하는 것입니다.

회계·세무 조직의 동료와 재무·영업·개발·운영 등 유관 부서, 필요한 경우 외부 파트너와 협업해 의사결정에 필요한 정보를 정리합니다.

이슈가 발생하면 사실과 데이터를 먼저 확인하고 원인을 구분한 뒤, 대안을 비교해 합의된 조치를 실행하고 재발 방지 내용을 문서화합니다.

입사 초기에는 기존 자료와 업무 흐름을 파악하고 감사 소프트웨어·ERP 환경을 익힌 뒤, 담당 영역의 개선 과제와 표준화 작업을 단계적으로 주도합니다.

성과는 결과물의 정확성, 일정 준수, 이해관계자와의 명확한 소통, 사용자와 사업에 미치는 영향을 기준으로 평가합니다.","- 고객 또는 내부 사용자의 피드백을 반영한 결과물 품질 개선
- 회계감사·재무제표 검토·자문 관련 연간·분기 실행계획 수립
- 감사조서·계정 원장·계약 자료 수집·정리 및 핵심 이슈 분석
- 감사 소프트웨어·ERP를 활용한 업무 산출물 작성과 버전 관리
- 요구사항을 세부 과제와 일정으로 구체화하고 진행 현황 관리
- 유관 부서 및 외부 파트너와 기준·일정·결과물 조율
- 검토 회의 운영과 의사결정 근거·변경 이력 문서화","- 공인회계사 자격을 보유한 분
- 감사조서·계정 원장·계약 자료를 정확히 해석하고 업무 문서로 구조화할 수 있는 분
- 감사 소프트웨어·ERP 중 직무에 필요한 도구를 실무에 적용할 수 있는 분
- 유관 부서와 쟁점을 명확히 설명하고 일정에 맞춰 협업할 수 있는 분
- 문제 원인을 근거에 따라 분석하고 실행 가능한 대안을 제시할 수 있는 분","- 공인회계사 보유자
- 재경관리사 보유자
- CISA 보유자
- 회계감사·재무제표 검토·자문 관련 프로젝트를 기획부터 결과 검토까지 수행한 경험","- 지원 자격 또는 필수 면허 요건을 충족하지 못한 경우
- 전형 과정에서 타인의 결과물을 무단 사용한 경우
- 채용검진 결과 담당 업무 수행이 곤란한 경우
- 관계 법령상 취업이 제한되는 경우",서류전형 > 인성검사 > 실무면접 > 최종면접
세무사 담당자 모집,14,33,20260108,20260202,6,경력 3년 이상,무기계약직,세종특별자치시,학사 이상,"공공서비스 운영기관에서 세무 신고·조정·불복 자문을 담당할 세무사를 모집합니다. 이 포지션은 현장의 요구를 실행 가능한 계획과 결과물로 연결하는 역할입니다.

담당 범위는 장부·증빙·세법 자료를 바탕으로 기준을 수립하고, 우선순위에 따라 과제를 실행하며 품질과 일정을 함께 관리하는 것입니다.

회계·세무 조직의 동료와 재무·영업·개발·운영 등 유관 부서, 필요한 경우 외부 파트너와 협업해 의사결정에 필요한 정보를 정리합니다.

이슈가 발생하면 사실과 데이터를 먼저 확인하고 원인을 구분한 뒤, 대안을 비교해 합의된 조치를 실행하고 재발 방지 내용을 문서화합니다.

입사 초기에는 기존 자료와 업무 흐름을 파악하고 홈택스·세무회계 프로그램 환경을 익힌 뒤, 담당 영역의 개선 과제와 표준화 작업을 단계적으로 주도합니다.

성과는 결과물의 정확성, 일정 준수, 이해관계자와의 명확한 소통, 사용자와 사업에 미치는 영향을 기준으로 평가합니다.","- 세무 신고·조정·불복 자문 관련 연간·분기 실행계획 수립
- 장부·증빙·세법 자료 수집·정리 및 핵심 이슈 분석
- 홈택스·세무회계 프로그램를 활용한 업무 산출물 작성과 버전 관리
- 요구사항을 세부 과제와 일정으로 구체화하고 진행 현황 관리
- 유관 부서 및 외부 파트너와 기준·일정·결과물 조율
- 검토 회의 운영과 의사결정 근거·변경 이력 문서화
- 성과지표 설정 및 결과 데이터 분석을 통한 개선안 제안","- 세무사 자격을 보유한 분
- 장부·증빙·세법 자료를 정확히 해석하고 업무 문서로 구조화할 수 있는 분
- 홈택스·세무회계 프로그램 중 직무에 필요한 도구를 실무에 적용할 수 있는 분
- 유관 부서와 쟁점을 명확히 설명하고 일정에 맞춰 협업할 수 있는 분
- 문제 원인을 근거에 따라 분석하고 실행 가능한 대안을 제시할 수 있는 분","- 세무사 보유자
- 전산세무 1급 보유자
- TAT 1급 보유자
- 세무 신고·조정·불복 자문 관련 프로젝트를 기획부터 결과 검토까지 수행한 경험","- 지원서 또는 제출서류를 허위로 기재한 경우
- 채용 과정에서 부정한 방법을 사용한 경우
- 채용검진 결과 직무 수행이 어렵다고 판단되는 경우
- 관련 법령 또는 내부 인사규정상 채용이 불가능한 경우",서류전형 > 1차면접 > 2차면접 > 채용검진
세무사 실무자 채용,141,33,20260313,20260410,9,경력 무관,정규직,충청남도,석사 이상,"전문 컨설팅 조직에서 세무 신고·조정·불복 자문을 담당할 세무사를 모집합니다. 이 포지션은 현장의 요구를 실행 가능한 계획과 결과물로 연결하는 역할입니다.

담당 범위는 장부·증빙·세법 자료를 바탕으로 기준을 수립하고, 우선순위에 따라 과제를 실행하며 품질과 일정을 함께 관리하는 것입니다.

회계·세무 조직의 동료와 재무·영업·개발·운영 등 유관 부서, 필요한 경우 외부 파트너와 협업해 의사결정에 필요한 정보를 정리합니다.

이슈가 발생하면 사실과 데이터를 먼저 확인하고 원인을 구분한 뒤, 대안을 비교해 합의된 조치를 실행하고 재발 방지 내용을 문서화합니다.

입사 초기에는 기존 자료와 업무 흐름을 파악하고 홈택스·세무회계 프로그램 환경을 익힌 뒤, 담당 영역의 개선 과제와 표준화 작업을 단계적으로 주도합니다.

성과는 결과물의 정확성, 일정 준수, 이해관계자와의 명확한 소통, 사용자와 사업에 미치는 영향을 기준으로 평가합니다.","- 장부·증빙·세법 자료 수집·정리 및 핵심 이슈 분석
- 홈택스·세무회계 프로그램를 활용한 업무 산출물 작성과 버전 관리
- 요구사항을 세부 과제와 일정으로 구체화하고 진행 현황 관리
- 유관 부서 및 외부 파트너와 기준·일정·결과물 조율
- 검토 회의 운영과 의사결정 근거·변경 이력 문서화
- 성과지표 설정 및 결과 데이터 분석을 통한 개선안 제안
- 업무상 리스크 사전 점검과 문제 발생 시 원인 분석·후속 조치
- 재사용 가능한 체크리스트·가이드·템플릿 정비","- 세무사 자격을 보유한 분
- 장부·증빙·세법 자료를 정확히 해석하고 업무 문서로 구조화할 수 있는 분
- 홈택스·세무회계 프로그램 중 직무에 필요한 도구를 실무에 적용할 수 있는 분
- 유관 부서와 쟁점을 명확히 설명하고 일정에 맞춰 협업할 수 있는 분
- 문제 원인을 근거에 따라 분석하고 실행 가능한 대안을 제시할 수 있는 분
- 업무상 취급하는 개인정보와 기밀정보를 안전하게 관리할 수 있는 분","- 전산세무 1급 보유자
- TAT 1급 보유자
- 세무사 보유자
- 세무 신고·조정·불복 자문 관련 프로젝트를 기획부터 결과 검토까지 수행한 경험
- 홈택스·세무회계 프로그램를 활용해 반복 업무를 개선하거나 품질 기준을 정립한 경험","- 제출한 경력·자격 증빙이 사실과 다른 경우
- 정해진 기한까지 필수 증빙서류를 제출하지 않은 경우
- 해외여행 및 근무에 결격사유가 있는 경우
- 채용 관련 비밀유지 의무를 위반한 경우",서류전형 > 필기전형 > 면접전형 > 최종합격
세무사 전문인력 모집,20,33,20260518,20260618,12,경력 5년 이상,기간제,경상남도,학력무관,"글로벌 사업 조직에서 세무 신고·조정·불복 자문을 담당할 세무사를 모집합니다. 이 포지션은 현장의 요구를 실행 가능한 계획과 결과물로 연결하는 역할입니다.

담당 범위는 장부·증빙·세법 자료를 바탕으로 기준을 수립하고, 우선순위에 따라 과제를 실행하며 품질과 일정을 함께 관리하는 것입니다.

회계·세무 조직의 동료와 재무·영업·개발·운영 등 유관 부서, 필요한 경우 외부 파트너와 협업해 의사결정에 필요한 정보를 정리합니다.

이슈가 발생하면 사실과 데이터를 먼저 확인하고 원인을 구분한 뒤, 대안을 비교해 합의된 조치를 실행하고 재발 방지 내용을 문서화합니다.

입사 초기에는 기존 자료와 업무 흐름을 파악하고 홈택스·세무회계 프로그램 환경을 익힌 뒤, 담당 영역의 개선 과제와 표준화 작업을 단계적으로 주도합니다.

성과는 결과물의 정확성, 일정 준수, 이해관계자와의 명확한 소통, 사용자와 사업에 미치는 영향을 기준으로 평가합니다.","- 홈택스·세무회계 프로그램를 활용한 업무 산출물 작성과 버전 관리
- 요구사항을 세부 과제와 일정으로 구체화하고 진행 현황 관리
- 유관 부서 및 외부 파트너와 기준·일정·결과물 조율
- 검토 회의 운영과 의사결정 근거·변경 이력 문서화
- 성과지표 설정 및 결과 데이터 분석을 통한 개선안 제안
- 업무상 리스크 사전 점검과 문제 발생 시 원인 분석·후속 조치
- 재사용 가능한 체크리스트·가이드·템플릿 정비
- 고객 또는 내부 사용자의 피드백을 반영한 결과물 품질 개선
- 세무 신고·조정·불복 자문 관련 연간·분기 실행계획 수립","- 세무사 자격을 보유한 분
- 장부·증빙·세법 자료를 정확히 해석하고 업무 문서로 구조화할 수 있는 분
- 홈택스·세무회계 프로그램 중 직무에 필요한 도구를 실무에 적용할 수 있는 분
- 유관 부서와 쟁점을 명확히 설명하고 일정에 맞춰 협업할 수 있는 분
- 문제 원인을 근거에 따라 분석하고 실행 가능한 대안을 제시할 수 있는 분
- 업무상 취급하는 개인정보와 기밀정보를 안전하게 관리할 수 있는 분
- 세무사 또는 유사 분야의 5년 이상 실무 경험을 보유한 분","- TAT 1급 보유자
- 세무사 보유자
- 전산세무 1급 보유자
- 세무 신고·조정·불복 자문 관련 프로젝트를 기획부터 결과 검토까지 수행한 경험
- 홈택스·세무회계 프로그램를 활용해 반복 업무를 개선하거나 품질 기준을 정립한 경험
- 외부 파트너 또는 다양한 이해관계자와 복잡한 요구사항을 조율한 경험","- 지원 자격 또는 필수 면허 요건을 충족하지 못한 경우
- 전형 과정에서 타인의 결과물을 무단 사용한 경우
- 채용검진 결과 담당 업무 수행이 곤란한 경우
- 관계 법령상 취업이 제한되는 경우",서류전형 > 실무면접 > 최종면접
세무사 인재 채용,74,33,20260723,20260826,15,경력,정규직,제주특별자치도,전문학사 이상,"연구개발 중심 조직에서 세무 신고·조정·불복 자문을 담당할 세무사를 모집합니다. 이 포지션은 현장의 요구를 실행 가능한 계획과 결과물로 연결하는 역할입니다.

담당 범위는 장부·증빙·세법 자료를 바탕으로 기준을 수립하고, 우선순위에 따라 과제를 실행하며 품질과 일정을 함께 관리하는 것입니다.

회계·세무 조직의 동료와 재무·영업·개발·운영 등 유관 부서, 필요한 경우 외부 파트너와 협업해 의사결정에 필요한 정보를 정리합니다.

이슈가 발생하면 사실과 데이터를 먼저 확인하고 원인을 구분한 뒤, 대안을 비교해 합의된 조치를 실행하고 재발 방지 내용을 문서화합니다.

입사 초기에는 기존 자료와 업무 흐름을 파악하고 홈택스·세무회계 프로그램 환경을 익힌 뒤, 담당 영역의 개선 과제와 표준화 작업을 단계적으로 주도합니다.

성과는 결과물의 정확성, 일정 준수, 이해관계자와의 명확한 소통, 사용자와 사업에 미치는 영향을 기준으로 평가합니다.","- 요구사항을 세부 과제와 일정으로 구체화하고 진행 현황 관리
- 유관 부서 및 외부 파트너와 기준·일정·결과물 조율
- 검토 회의 운영과 의사결정 근거·변경 이력 문서화
- 성과지표 설정 및 결과 데이터 분석을 통한 개선안 제안
- 업무상 리스크 사전 점검과 문제 발생 시 원인 분석·후속 조치
- 재사용 가능한 체크리스트·가이드·템플릿 정비
- 고객 또는 내부 사용자의 피드백을 반영한 결과물 품질 개선","- 세무사 자격을 보유한 분
- 장부·증빙·세법 자료를 정확히 해석하고 업무 문서로 구조화할 수 있는 분
- 홈택스·세무회계 프로그램 중 직무에 필요한 도구를 실무에 적용할 수 있는 분
- 유관 부서와 쟁점을 명확히 설명하고 일정에 맞춰 협업할 수 있는 분
- 문제 원인을 근거에 따라 분석하고 실행 가능한 대안을 제시할 수 있는 분","- 세무사 보유자
- 전산세무 1급 보유자
- TAT 1급 보유자
- 세무 신고·조정·불복 자문 관련 프로젝트를 기획부터 결과 검토까지 수행한 경험","- 지원서 또는 제출서류를 허위로 기재한 경우
- 채용 과정에서 부정한 방법을 사용한 경우
- 채용검진 결과 직무 수행이 어렵다고 판단되는 경우
- 관련 법령 또는 내부 인사규정상 채용이 불가능한 경우",서류전형 > 인성검사 > 실무면접 > 최종면접
세무사 공개채용,147,33,20260905,20261012,18,신입·경력,계약직,서울특별시,학사 이상,"플랫폼 운영 조직에서 세무 신고·조정·불복 자문을 담당할 세무사를 모집합니다. 이 포지션은 현장의 요구를 실행 가능한 계획과 결과물로 연결하는 역할입니다.

담당 범위는 장부·증빙·세법 자료를 바탕으로 기준을 수립하고, 우선순위에 따라 과제를 실행하며 품질과 일정을 함께 관리하는 것입니다.

회계·세무 조직의 동료와 재무·영업·개발·운영 등 유관 부서, 필요한 경우 외부 파트너와 협업해 의사결정에 필요한 정보를 정리합니다.

이슈가 발생하면 사실과 데이터를 먼저 확인하고 원인을 구분한 뒤, 대안을 비교해 합의된 조치를 실행하고 재발 방지 내용을 문서화합니다.

입사 초기에는 기존 자료와 업무 흐름을 파악하고 홈택스·세무회계 프로그램 환경을 익힌 뒤, 담당 영역의 개선 과제와 표준화 작업을 단계적으로 주도합니다.

성과는 결과물의 정확성, 일정 준수, 이해관계자와의 명확한 소통, 사용자와 사업에 미치는 영향을 기준으로 평가합니다.","- 유관 부서 및 외부 파트너와 기준·일정·결과물 조율
- 검토 회의 운영과 의사결정 근거·변경 이력 문서화
- 성과지표 설정 및 결과 데이터 분석을 통한 개선안 제안
- 업무상 리스크 사전 점검과 문제 발생 시 원인 분석·후속 조치
- 재사용 가능한 체크리스트·가이드·템플릿 정비
- 고객 또는 내부 사용자의 피드백을 반영한 결과물 품질 개선
- 세무 신고·조정·불복 자문 관련 연간·분기 실행계획 수립
- 장부·증빙·세법 자료 수집·정리 및 핵심 이슈 분석","- 세무사 자격을 보유한 분
- 장부·증빙·세법 자료를 정확히 해석하고 업무 문서로 구조화할 수 있는 분
- 홈택스·세무회계 프로그램 중 직무에 필요한 도구를 실무에 적용할 수 있는 분
- 유관 부서와 쟁점을 명확히 설명하고 일정에 맞춰 협업할 수 있는 분
- 문제 원인을 근거에 따라 분석하고 실행 가능한 대안을 제시할 수 있는 분
- 업무상 취급하는 개인정보와 기밀정보를 안전하게 관리할 수 있는 분","- 전산세무 1급 보유자
- TAT 1급 보유자
- 세무사 보유자
- 세무 신고·조정·불복 자문 관련 프로젝트를 기획부터 결과 검토까지 수행한 경험
- 홈택스·세무회계 프로그램를 활용해 반복 업무를 개선하거나 품질 기준을 정립한 경험","- 제출한 경력·자격 증빙이 사실과 다른 경우
- 정해진 기한까지 필수 증빙서류를 제출하지 않은 경우
- 해외여행 및 근무에 결격사유가 있는 경우
- 채용 관련 비밀유지 의무를 위반한 경우",서류전형 > 직무과제 > 실무면접 > 처우협의
세무사 프로젝트 담당 모집,51,33,20261110,20261220,1,경력 2년 이상,정규직,경기도,학사 이상,"브랜드 사업 조직에서 세무 신고·조정·불복 자문을 담당할 세무사를 모집합니다. 이 포지션은 현장의 요구를 실행 가능한 계획과 결과물로 연결하는 역할입니다.

담당 범위는 장부·증빙·세법 자료를 바탕으로 기준을 수립하고, 우선순위에 따라 과제를 실행하며 품질과 일정을 함께 관리하는 것입니다.

회계·세무 조직의 동료와 재무·영업·개발·운영 등 유관 부서, 필요한 경우 외부 파트너와 협업해 의사결정에 필요한 정보를 정리합니다.

이슈가 발생하면 사실과 데이터를 먼저 확인하고 원인을 구분한 뒤, 대안을 비교해 합의된 조치를 실행하고 재발 방지 내용을 문서화합니다.

입사 초기에는 기존 자료와 업무 흐름을 파악하고 홈택스·세무회계 프로그램 환경을 익힌 뒤, 담당 영역의 개선 과제와 표준화 작업을 단계적으로 주도합니다.

성과는 결과물의 정확성, 일정 준수, 이해관계자와의 명확한 소통, 사용자와 사업에 미치는 영향을 기준으로 평가합니다.","- 검토 회의 운영과 의사결정 근거·변경 이력 문서화
- 성과지표 설정 및 결과 데이터 분석을 통한 개선안 제안
- 업무상 리스크 사전 점검과 문제 발생 시 원인 분석·후속 조치
- 재사용 가능한 체크리스트·가이드·템플릿 정비
- 고객 또는 내부 사용자의 피드백을 반영한 결과물 품질 개선
- 세무 신고·조정·불복 자문 관련 연간·분기 실행계획 수립
- 장부·증빙·세법 자료 수집·정리 및 핵심 이슈 분석
- 홈택스·세무회계 프로그램를 활용한 업무 산출물 작성과 버전 관리
- 요구사항을 세부 과제와 일정으로 구체화하고 진행 현황 관리","- 세무사 자격을 보유한 분
- 장부·증빙·세법 자료를 정확히 해석하고 업무 문서로 구조화할 수 있는 분
- 홈택스·세무회계 프로그램 중 직무에 필요한 도구를 실무에 적용할 수 있는 분
- 유관 부서와 쟁점을 명확히 설명하고 일정에 맞춰 협업할 수 있는 분
- 문제 원인을 근거에 따라 분석하고 실행 가능한 대안을 제시할 수 있는 분
- 업무상 취급하는 개인정보와 기밀정보를 안전하게 관리할 수 있는 분
- 세무사 또는 유사 분야의 2년 이상 실무 경험을 보유한 분","- TAT 1급 보유자
- 세무사 보유자
- 전산세무 1급 보유자
- 세무 신고·조정·불복 자문 관련 프로젝트를 기획부터 결과 검토까지 수행한 경험
- 홈택스·세무회계 프로그램를 활용해 반복 업무를 개선하거나 품질 기준을 정립한 경험
- 외부 파트너 또는 다양한 이해관계자와 복잡한 요구사항을 조율한 경험","- 지원 자격 또는 필수 면허 요건을 충족하지 못한 경우
- 전형 과정에서 타인의 결과물을 무단 사용한 경우
- 채용검진 결과 담당 업무 수행이 곤란한 경우
- 관계 법령상 취업이 제한되는 경우",서류전형 > 1차면접 > 2차면접 > 채용검진
세무사 운영 담당자 채용,99,33,20260215,20260330,4,경력 3년 이상,무기계약직,인천광역시,석사 이상,"지역 기반 전문기관에서 세무 신고·조정·불복 자문을 담당할 세무사를 모집합니다. 이 포지션은 현장의 요구를 실행 가능한 계획과 결과물로 연결하는 역할입니다.

담당 범위는 장부·증빙·세법 자료를 바탕으로 기준을 수립하고, 우선순위에 따라 과제를 실행하며 품질과 일정을 함께 관리하는 것입니다.

회계·세무 조직의 동료와 재무·영업·개발·운영 등 유관 부서, 필요한 경우 외부 파트너와 협업해 의사결정에 필요한 정보를 정리합니다.

이슈가 발생하면 사실과 데이터를 먼저 확인하고 원인을 구분한 뒤, 대안을 비교해 합의된 조치를 실행하고 재발 방지 내용을 문서화합니다.

입사 초기에는 기존 자료와 업무 흐름을 파악하고 홈택스·세무회계 프로그램 환경을 익힌 뒤, 담당 영역의 개선 과제와 표준화 작업을 단계적으로 주도합니다.

성과는 결과물의 정확성, 일정 준수, 이해관계자와의 명확한 소통, 사용자와 사업에 미치는 영향을 기준으로 평가합니다.","- 성과지표 설정 및 결과 데이터 분석을 통한 개선안 제안
- 업무상 리스크 사전 점검과 문제 발생 시 원인 분석·후속 조치
- 재사용 가능한 체크리스트·가이드·템플릿 정비
- 고객 또는 내부 사용자의 피드백을 반영한 결과물 품질 개선
- 세무 신고·조정·불복 자문 관련 연간·분기 실행계획 수립
- 장부·증빙·세법 자료 수집·정리 및 핵심 이슈 분석
- 홈택스·세무회계 프로그램를 활용한 업무 산출물 작성과 버전 관리","- 세무사 자격을 보유한 분
- 장부·증빙·세법 자료를 정확히 해석하고 업무 문서로 구조화할 수 있는 분
- 홈택스·세무회계 프로그램 중 직무에 필요한 도구를 실무에 적용할 수 있는 분
- 유관 부서와 쟁점을 명확히 설명하고 일정에 맞춰 협업할 수 있는 분
- 문제 원인을 근거에 따라 분석하고 실행 가능한 대안을 제시할 수 있는 분","- 세무사 보유자
- 전산세무 1급 보유자
- TAT 1급 보유자
- 세무 신고·조정·불복 자문 관련 프로젝트를 기획부터 결과 검토까지 수행한 경험","- 지원서 또는 제출서류를 허위로 기재한 경우
- 채용 과정에서 부정한 방법을 사용한 경우
- 채용검진 결과 직무 수행이 어렵다고 판단되는 경우
- 관련 법령 또는 내부 인사규정상 채용이 불가능한 경우",서류전형 > 필기전형 > 면접전형 > 최종합격
세무사 핵심인재 모집,52,33,20260420,20260430,7,신입,정규직,대전광역시,학력무관,"디지털 서비스 조직에서 세무 신고·조정·불복 자문을 담당할 세무사를 모집합니다. 이 포지션은 현장의 요구를 실행 가능한 계획과 결과물로 연결하는 역할입니다.

담당 범위는 장부·증빙·세법 자료를 바탕으로 기준을 수립하고, 우선순위에 따라 과제를 실행하며 품질과 일정을 함께 관리하는 것입니다.

회계·세무 조직의 동료와 재무·영업·개발·운영 등 유관 부서, 필요한 경우 외부 파트너와 협업해 의사결정에 필요한 정보를 정리합니다.

이슈가 발생하면 사실과 데이터를 먼저 확인하고 원인을 구분한 뒤, 대안을 비교해 합의된 조치를 실행하고 재발 방지 내용을 문서화합니다.

입사 초기에는 기존 자료와 업무 흐름을 파악하고 홈택스·세무회계 프로그램 환경을 익힌 뒤, 담당 영역의 개선 과제와 표준화 작업을 단계적으로 주도합니다.

성과는 결과물의 정확성, 일정 준수, 이해관계자와의 명확한 소통, 사용자와 사업에 미치는 영향을 기준으로 평가합니다.","- 업무상 리스크 사전 점검과 문제 발생 시 원인 분석·후속 조치
- 재사용 가능한 체크리스트·가이드·템플릿 정비
- 고객 또는 내부 사용자의 피드백을 반영한 결과물 품질 개선
- 세무 신고·조정·불복 자문 관련 연간·분기 실행계획 수립
- 장부·증빙·세법 자료 수집·정리 및 핵심 이슈 분석
- 홈택스·세무회계 프로그램를 활용한 업무 산출물 작성과 버전 관리
- 요구사항을 세부 과제와 일정으로 구체화하고 진행 현황 관리
- 유관 부서 및 외부 파트너와 기준·일정·결과물 조율","- 세무사 자격을 보유한 분
- 장부·증빙·세법 자료를 정확히 해석하고 업무 문서로 구조화할 수 있는 분
- 홈택스·세무회계 프로그램 중 직무에 필요한 도구를 실무에 적용할 수 있는 분
- 유관 부서와 쟁점을 명확히 설명하고 일정에 맞춰 협업할 수 있는 분
- 문제 원인을 근거에 따라 분석하고 실행 가능한 대안을 제시할 수 있는 분
- 업무상 취급하는 개인정보와 기밀정보를 안전하게 관리할 수 있는 분","- 전산세무 1급 보유자
- TAT 1급 보유자
- 세무사 보유자
- 세무 신고·조정·불복 자문 관련 프로젝트를 기획부터 결과 검토까지 수행한 경험
- 홈택스·세무회계 프로그램를 활용해 반복 업무를 개선하거나 품질 기준을 정립한 경험","- 제출한 경력·자격 증빙이 사실과 다른 경우
- 정해진 기한까지 필수 증빙서류를 제출하지 않은 경우
- 해외여행 및 근무에 결격사유가 있는 경우
- 채용 관련 비밀유지 의무를 위반한 경우",서류전형 > 실무면접 > 최종면접
세무사 전문가 채용,53,33,20260602,20260615,10,경력 2년 이상,계약직,부산광역시,전문학사 이상,"성장 단계 스타트업에서 세무 신고·조정·불복 자문을 담당할 세무사를 모집합니다. 이 포지션은 현장의 요구를 실행 가능한 계획과 결과물로 연결하는 역할입니다.

담당 범위는 장부·증빙·세법 자료를 바탕으로 기준을 수립하고, 우선순위에 따라 과제를 실행하며 품질과 일정을 함께 관리하는 것입니다.

회계·세무 조직의 동료와 재무·영업·개발·운영 등 유관 부서, 필요한 경우 외부 파트너와 협업해 의사결정에 필요한 정보를 정리합니다.

이슈가 발생하면 사실과 데이터를 먼저 확인하고 원인을 구분한 뒤, 대안을 비교해 합의된 조치를 실행하고 재발 방지 내용을 문서화합니다.

입사 초기에는 기존 자료와 업무 흐름을 파악하고 홈택스·세무회계 프로그램 환경을 익힌 뒤, 담당 영역의 개선 과제와 표준화 작업을 단계적으로 주도합니다.

성과는 결과물의 정확성, 일정 준수, 이해관계자와의 명확한 소통, 사용자와 사업에 미치는 영향을 기준으로 평가합니다.","- 재사용 가능한 체크리스트·가이드·템플릿 정비
- 고객 또는 내부 사용자의 피드백을 반영한 결과물 품질 개선
- 세무 신고·조정·불복 자문 관련 연간·분기 실행계획 수립
- 장부·증빙·세법 자료 수집·정리 및 핵심 이슈 분석
- 홈택스·세무회계 프로그램를 활용한 업무 산출물 작성과 버전 관리
- 요구사항을 세부 과제와 일정으로 구체화하고 진행 현황 관리
- 유관 부서 및 외부 파트너와 기준·일정·결과물 조율
- 검토 회의 운영과 의사결정 근거·변경 이력 문서화
- 성과지표 설정 및 결과 데이터 분석을 통한 개선안 제안","- 세무사 자격을 보유한 분
- 장부·증빙·세법 자료를 정확히 해석하고 업무 문서로 구조화할 수 있는 분
- 홈택스·세무회계 프로그램 중 직무에 필요한 도구를 실무에 적용할 수 있는 분
- 유관 부서와 쟁점을 명확히 설명하고 일정에 맞춰 협업할 수 있는 분
- 문제 원인을 근거에 따라 분석하고 실행 가능한 대안을 제시할 수 있는 분
- 업무상 취급하는 개인정보와 기밀정보를 안전하게 관리할 수 있는 분
- 세무사 또는 유사 분야의 2년 이상 실무 경험을 보유한 분","- TAT 1급 보유자
- 세무사 보유자
- 전산세무 1급 보유자
- 세무 신고·조정·불복 자문 관련 프로젝트를 기획부터 결과 검토까지 수행한 경험
- 홈택스·세무회계 프로그램를 활용해 반복 업무를 개선하거나 품질 기준을 정립한 경험
- 외부 파트너 또는 다양한 이해관계자와 복잡한 요구사항을 조율한 경험","- 지원 자격 또는 필수 면허 요건을 충족하지 못한 경우
- 전형 과정에서 타인의 결과물을 무단 사용한 경우
- 채용검진 결과 담당 업무 수행이 곤란한 경우
- 관계 법령상 취업이 제한되는 경우",서류전형 > 인성검사 > 실무면접 > 최종면접
세무사 신규 인력 모집,91,33,20260807,20260823,13,신입·경력,정규직,광주광역시,학사 이상,"중견기업 전략 조직에서 세무 신고·조정·불복 자문을 담당할 세무사를 모집합니다. 이 포지션은 현장의 요구를 실행 가능한 계획과 결과물로 연결하는 역할입니다.

담당 범위는 장부·증빙·세법 자료를 바탕으로 기준을 수립하고, 우선순위에 따라 과제를 실행하며 품질과 일정을 함께 관리하는 것입니다.

회계·세무 조직의 동료와 재무·영업·개발·운영 등 유관 부서, 필요한 경우 외부 파트너와 협업해 의사결정에 필요한 정보를 정리합니다.

이슈가 발생하면 사실과 데이터를 먼저 확인하고 원인을 구분한 뒤, 대안을 비교해 합의된 조치를 실행하고 재발 방지 내용을 문서화합니다.

입사 초기에는 기존 자료와 업무 흐름을 파악하고 홈택스·세무회계 프로그램 환경을 익힌 뒤, 담당 영역의 개선 과제와 표준화 작업을 단계적으로 주도합니다.

성과는 결과물의 정확성, 일정 준수, 이해관계자와의 명확한 소통, 사용자와 사업에 미치는 영향을 기준으로 평가합니다.","- 고객 또는 내부 사용자의 피드백을 반영한 결과물 품질 개선
- 세무 신고·조정·불복 자문 관련 연간·분기 실행계획 수립
- 장부·증빙·세법 자료 수집·정리 및 핵심 이슈 분석
- 홈택스·세무회계 프로그램를 활용한 업무 산출물 작성과 버전 관리
- 요구사항을 세부 과제와 일정으로 구체화하고 진행 현황 관리
- 유관 부서 및 외부 파트너와 기준·일정·결과물 조율
- 검토 회의 운영과 의사결정 근거·변경 이력 문서화","- 세무사 자격을 보유한 분
- 장부·증빙·세법 자료를 정확히 해석하고 업무 문서로 구조화할 수 있는 분
- 홈택스·세무회계 프로그램 중 직무에 필요한 도구를 실무에 적용할 수 있는 분
- 유관 부서와 쟁점을 명확히 설명하고 일정에 맞춰 협업할 수 있는 분
- 문제 원인을 근거에 따라 분석하고 실행 가능한 대안을 제시할 수 있는 분","- 세무사 보유자
- 전산세무 1급 보유자
- TAT 1급 보유자
- 세무 신고·조정·불복 자문 관련 프로젝트를 기획부터 결과 검토까지 수행한 경험","- 지원서 또는 제출서류를 허위로 기재한 경우
- 채용 과정에서 부정한 방법을 사용한 경우
- 채용검진 결과 직무 수행이 어렵다고 판단되는 경우
- 관련 법령 또는 내부 인사규정상 채용이 불가능한 경우",서류전형 > 직무과제 > 실무면접 > 처우협의
관세사 담당자 모집,41,34,20260211,20260315,11,경력 무관,정규직,경상남도,석사 이상,"전문 컨설팅 조직에서 수출입 통관·품목분류·관세 자문을 담당할 관세사를 모집합니다. 이 포지션은 현장의 요구를 실행 가능한 계획과 결과물로 연결하는 역할입니다.

담당 범위는 인보이스·원산지·HS 코드 자료를 바탕으로 기준을 수립하고, 우선순위에 따라 과제를 실행하며 품질과 일정을 함께 관리하는 것입니다.

회계·세무 조직의 동료와 재무·영업·개발·운영 등 유관 부서, 필요한 경우 외부 파트너와 협업해 의사결정에 필요한 정보를 정리합니다.

이슈가 발생하면 사실과 데이터를 먼저 확인하고 원인을 구분한 뒤, 대안을 비교해 합의된 조치를 실행하고 재발 방지 내용을 문서화합니다.

입사 초기에는 기존 자료와 업무 흐름을 파악하고 UNI-PASS·FTA 시스템 환경을 익힌 뒤, 담당 영역의 개선 과제와 표준화 작업을 단계적으로 주도합니다.

성과는 결과물의 정확성, 일정 준수, 이해관계자와의 명확한 소통, 사용자와 사업에 미치는 영향을 기준으로 평가합니다.","- 수출입 통관·품목분류·관세 자문 관련 연간·분기 실행계획 수립
- 인보이스·원산지·HS 코드 자료 수집·정리 및 핵심 이슈 분석
- UNI-PASS·FTA 시스템를 활용한 업무 산출물 작성과 버전 관리
- 요구사항을 세부 과제와 일정으로 구체화하고 진행 현황 관리
- 유관 부서 및 외부 파트너와 기준·일정·결과물 조율
- 검토 회의 운영과 의사결정 근거·변경 이력 문서화
- 성과지표 설정 및 결과 데이터 분석을 통한 개선안 제안","- 관세사 자격을 보유한 분
- 인보이스·원산지·HS 코드 자료를 정확히 해석하고 업무 문서로 구조화할 수 있는 분
- UNI-PASS·FTA 시스템 중 직무에 필요한 도구를 실무에 적용할 수 있는 분
- 유관 부서와 쟁점을 명확히 설명하고 일정에 맞춰 협업할 수 있는 분
- 문제 원인을 근거에 따라 분석하고 실행 가능한 대안을 제시할 수 있는 분","- 관세사 보유자
- 원산지관리사 보유자
- 국제무역사 1급 보유자
- 수출입 통관·품목분류·관세 자문 관련 프로젝트를 기획부터 결과 검토까지 수행한 경험","- 제출한 경력·자격 증빙이 사실과 다른 경우
- 정해진 기한까지 필수 증빙서류를 제출하지 않은 경우
- 해외여행 및 근무에 결격사유가 있는 경우
- 채용 관련 비밀유지 의무를 위반한 경우",서류전형 > 필기전형 > 면접전형 > 최종합격
관세사 실무자 채용,76,34,20260416,20260521,14,경력 5년 이상,기간제,제주특별자치도,학력무관,"글로벌 사업 조직에서 수출입 통관·품목분류·관세 자문을 담당할 관세사를 모집합니다. 이 포지션은 현장의 요구를 실행 가능한 계획과 결과물로 연결하는 역할입니다.

담당 범위는 인보이스·원산지·HS 코드 자료를 바탕으로 기준을 수립하고, 우선순위에 따라 과제를 실행하며 품질과 일정을 함께 관리하는 것입니다.

회계·세무 조직의 동료와 재무·영업·개발·운영 등 유관 부서, 필요한 경우 외부 파트너와 협업해 의사결정에 필요한 정보를 정리합니다.

이슈가 발생하면 사실과 데이터를 먼저 확인하고 원인을 구분한 뒤, 대안을 비교해 합의된 조치를 실행하고 재발 방지 내용을 문서화합니다.

입사 초기에는 기존 자료와 업무 흐름을 파악하고 UNI-PASS·FTA 시스템 환경을 익힌 뒤, 담당 영역의 개선 과제와 표준화 작업을 단계적으로 주도합니다.

성과는 결과물의 정확성, 일정 준수, 이해관계자와의 명확한 소통, 사용자와 사업에 미치는 영향을 기준으로 평가합니다.","- 인보이스·원산지·HS 코드 자료 수집·정리 및 핵심 이슈 분석
- UNI-PASS·FTA 시스템를 활용한 업무 산출물 작성과 버전 관리
- 요구사항을 세부 과제와 일정으로 구체화하고 진행 현황 관리
- 유관 부서 및 외부 파트너와 기준·일정·결과물 조율
- 검토 회의 운영과 의사결정 근거·변경 이력 문서화
- 성과지표 설정 및 결과 데이터 분석을 통한 개선안 제안
- 업무상 리스크 사전 점검과 문제 발생 시 원인 분석·후속 조치
- 재사용 가능한 체크리스트·가이드·템플릿 정비","- 관세사 자격을 보유한 분
- 인보이스·원산지·HS 코드 자료를 정확히 해석하고 업무 문서로 구조화할 수 있는 분
- UNI-PASS·FTA 시스템 중 직무에 필요한 도구를 실무에 적용할 수 있는 분
- 유관 부서와 쟁점을 명확히 설명하고 일정에 맞춰 협업할 수 있는 분
- 문제 원인을 근거에 따라 분석하고 실행 가능한 대안을 제시할 수 있는 분
- 업무상 취급하는 개인정보와 기밀정보를 안전하게 관리할 수 있는 분","- 원산지관리사 보유자
- 국제무역사 1급 보유자
- 관세사 보유자
- 수출입 통관·품목분류·관세 자문 관련 프로젝트를 기획부터 결과 검토까지 수행한 경험
- UNI-PASS·FTA 시스템를 활용해 반복 업무를 개선하거나 품질 기준을 정립한 경험","- 지원 자격 또는 필수 면허 요건을 충족하지 못한 경우
- 전형 과정에서 타인의 결과물을 무단 사용한 경우
- 채용검진 결과 담당 업무 수행이 곤란한 경우
- 관계 법령상 취업이 제한되는 경우",서류전형 > 실무면접 > 최종면접
관세사 전문인력 모집,90,34,20260621,20260729,17,경력,정규직,서울특별시,전문학사 이상,"연구개발 중심 조직에서 수출입 통관·품목분류·관세 자문을 담당할 관세사를 모집합니다. 이 포지션은 현장의 요구를 실행 가능한 계획과 결과물로 연결하는 역할입니다.

담당 범위는 인보이스·원산지·HS 코드 자료를 바탕으로 기준을 수립하고, 우선순위에 따라 과제를 실행하며 품질과 일정을 함께 관리하는 것입니다.

회계·세무 조직의 동료와 재무·영업·개발·운영 등 유관 부서, 필요한 경우 외부 파트너와 협업해 의사결정에 필요한 정보를 정리합니다.

이슈가 발생하면 사실과 데이터를 먼저 확인하고 원인을 구분한 뒤, 대안을 비교해 합의된 조치를 실행하고 재발 방지 내용을 문서화합니다.

입사 초기에는 기존 자료와 업무 흐름을 파악하고 UNI-PASS·FTA 시스템 환경을 익힌 뒤, 담당 영역의 개선 과제와 표준화 작업을 단계적으로 주도합니다.

성과는 결과물의 정확성, 일정 준수, 이해관계자와의 명확한 소통, 사용자와 사업에 미치는 영향을 기준으로 평가합니다.","- UNI-PASS·FTA 시스템를 활용한 업무 산출물 작성과 버전 관리
- 요구사항을 세부 과제와 일정으로 구체화하고 진행 현황 관리
- 유관 부서 및 외부 파트너와 기준·일정·결과물 조율
- 검토 회의 운영과 의사결정 근거·변경 이력 문서화
- 성과지표 설정 및 결과 데이터 분석을 통한 개선안 제안
- 업무상 리스크 사전 점검과 문제 발생 시 원인 분석·후속 조치
- 재사용 가능한 체크리스트·가이드·템플릿 정비
- 고객 또는 내부 사용자의 피드백을 반영한 결과물 품질 개선
- 수출입 통관·품목분류·관세 자문 관련 연간·분기 실행계획 수립","- 관세사 자격을 보유한 분
- 인보이스·원산지·HS 코드 자료를 정확히 해석하고 업무 문서로 구조화할 수 있는 분
- UNI-PASS·FTA 시스템 중 직무에 필요한 도구를 실무에 적용할 수 있는 분
- 유관 부서와 쟁점을 명확히 설명하고 일정에 맞춰 협업할 수 있는 분
- 문제 원인을 근거에 따라 분석하고 실행 가능한 대안을 제시할 수 있는 분
- 업무상 취급하는 개인정보와 기밀정보를 안전하게 관리할 수 있는 분
- 관세사 또는 유사 분야의 경력 실무 경험을 보유한 분","- 국제무역사 1급 보유자
- 관세사 보유자
- 원산지관리사 보유자
- 수출입 통관·품목분류·관세 자문 관련 프로젝트를 기획부터 결과 검토까지 수행한 경험
- UNI-PASS·FTA 시스템를 활용해 반복 업무를 개선하거나 품질 기준을 정립한 경험
- 외부 파트너 또는 다양한 이해관계자와 복잡한 요구사항을 조율한 경험","- 지원서 또는 제출서류를 허위로 기재한 경우
- 채용 과정에서 부정한 방법을 사용한 경우
- 채용검진 결과 직무 수행이 어렵다고 판단되는 경우
- 관련 법령 또는 내부 인사규정상 채용이 불가능한 경우",서류전형 > 인성검사 > 실무면접 > 최종면접
관세사 인재 채용,94,34,20260803,20260913,20,신입·경력,계약직,경기도,학사 이상,"플랫폼 운영 조직에서 수출입 통관·품목분류·관세 자문을 담당할 관세사를 모집합니다. 이 포지션은 현장의 요구를 실행 가능한 계획과 결과물로 연결하는 역할입니다.

담당 범위는 인보이스·원산지·HS 코드 자료를 바탕으로 기준을 수립하고, 우선순위에 따라 과제를 실행하며 품질과 일정을 함께 관리하는 것입니다.

회계·세무 조직의 동료와 재무·영업·개발·운영 등 유관 부서, 필요한 경우 외부 파트너와 협업해 의사결정에 필요한 정보를 정리합니다.

이슈가 발생하면 사실과 데이터를 먼저 확인하고 원인을 구분한 뒤, 대안을 비교해 합의된 조치를 실행하고 재발 방지 내용을 문서화합니다.

입사 초기에는 기존 자료와 업무 흐름을 파악하고 UNI-PASS·FTA 시스템 환경을 익힌 뒤, 담당 영역의 개선 과제와 표준화 작업을 단계적으로 주도합니다.

성과는 결과물의 정확성, 일정 준수, 이해관계자와의 명확한 소통, 사용자와 사업에 미치는 영향을 기준으로 평가합니다.","- 요구사항을 세부 과제와 일정으로 구체화하고 진행 현황 관리
- 유관 부서 및 외부 파트너와 기준·일정·결과물 조율
- 검토 회의 운영과 의사결정 근거·변경 이력 문서화
- 성과지표 설정 및 결과 데이터 분석을 통한 개선안 제안
- 업무상 리스크 사전 점검과 문제 발생 시 원인 분석·후속 조치
- 재사용 가능한 체크리스트·가이드·템플릿 정비
- 고객 또는 내부 사용자의 피드백을 반영한 결과물 품질 개선","- 관세사 자격을 보유한 분
- 인보이스·원산지·HS 코드 자료를 정확히 해석하고 업무 문서로 구조화할 수 있는 분
- UNI-PASS·FTA 시스템 중 직무에 필요한 도구를 실무에 적용할 수 있는 분
- 유관 부서와 쟁점을 명확히 설명하고 일정에 맞춰 협업할 수 있는 분
- 문제 원인을 근거에 따라 분석하고 실행 가능한 대안을 제시할 수 있는 분","- 관세사 보유자
- 원산지관리사 보유자
- 국제무역사 1급 보유자
- 수출입 통관·품목분류·관세 자문 관련 프로젝트를 기획부터 결과 검토까지 수행한 경험","- 제출한 경력·자격 증빙이 사실과 다른 경우
- 정해진 기한까지 필수 증빙서류를 제출하지 않은 경우
- 해외여행 및 근무에 결격사유가 있는 경우
- 채용 관련 비밀유지 의무를 위반한 경우",서류전형 > 직무과제 > 실무면접 > 처우협의
관세사 공개채용,92,34,20261008,20261121,3,경력 2년 이상,정규직,인천광역시,학사 이상,"브랜드 사업 조직에서 수출입 통관·품목분류·관세 자문을 담당할 관세사를 모집합니다. 이 포지션은 현장의 요구를 실행 가능한 계획과 결과물로 연결하는 역할입니다.

담당 범위는 인보이스·원산지·HS 코드 자료를 바탕으로 기준을 수립하고, 우선순위에 따라 과제를 실행하며 품질과 일정을 함께 관리하는 것입니다.

회계·세무 조직의 동료와 재무·영업·개발·운영 등 유관 부서, 필요한 경우 외부 파트너와 협업해 의사결정에 필요한 정보를 정리합니다.

이슈가 발생하면 사실과 데이터를 먼저 확인하고 원인을 구분한 뒤, 대안을 비교해 합의된 조치를 실행하고 재발 방지 내용을 문서화합니다.

입사 초기에는 기존 자료와 업무 흐름을 파악하고 UNI-PASS·FTA 시스템 환경을 익힌 뒤, 담당 영역의 개선 과제와 표준화 작업을 단계적으로 주도합니다.

성과는 결과물의 정확성, 일정 준수, 이해관계자와의 명확한 소통, 사용자와 사업에 미치는 영향을 기준으로 평가합니다.","- 유관 부서 및 외부 파트너와 기준·일정·결과물 조율
- 검토 회의 운영과 의사결정 근거·변경 이력 문서화
- 성과지표 설정 및 결과 데이터 분석을 통한 개선안 제안
- 업무상 리스크 사전 점검과 문제 발생 시 원인 분석·후속 조치
- 재사용 가능한 체크리스트·가이드·템플릿 정비
- 고객 또는 내부 사용자의 피드백을 반영한 결과물 품질 개선
- 수출입 통관·품목분류·관세 자문 관련 연간·분기 실행계획 수립
- 인보이스·원산지·HS 코드 자료 수집·정리 및 핵심 이슈 분석","- 관세사 자격을 보유한 분
- 인보이스·원산지·HS 코드 자료를 정확히 해석하고 업무 문서로 구조화할 수 있는 분
- UNI-PASS·FTA 시스템 중 직무에 필요한 도구를 실무에 적용할 수 있는 분
- 유관 부서와 쟁점을 명확히 설명하고 일정에 맞춰 협업할 수 있는 분
- 문제 원인을 근거에 따라 분석하고 실행 가능한 대안을 제시할 수 있는 분
- 업무상 취급하는 개인정보와 기밀정보를 안전하게 관리할 수 있는 분","- 원산지관리사 보유자
- 국제무역사 1급 보유자
- 관세사 보유자
- 수출입 통관·품목분류·관세 자문 관련 프로젝트를 기획부터 결과 검토까지 수행한 경험
- UNI-PASS·FTA 시스템를 활용해 반복 업무를 개선하거나 품질 기준을 정립한 경험","- 지원 자격 또는 필수 면허 요건을 충족하지 못한 경우
- 전형 과정에서 타인의 결과물을 무단 사용한 경우
- 채용검진 결과 담당 업무 수행이 곤란한 경우
- 관계 법령상 취업이 제한되는 경우",서류전형 > 1차면접 > 2차면접 > 채용검진
관세사 프로젝트 담당 모집,38,34,20260113,20260124,6,경력 3년 이상,무기계약직,대전광역시,석사 이상,"지역 기반 전문기관에서 수출입 통관·품목분류·관세 자문을 담당할 관세사를 모집합니다. 이 포지션은 현장의 요구를 실행 가능한 계획과 결과물로 연결하는 역할입니다.

담당 범위는 인보이스·원산지·HS 코드 자료를 바탕으로 기준을 수립하고, 우선순위에 따라 과제를 실행하며 품질과 일정을 함께 관리하는 것입니다.

회계·세무 조직의 동료와 재무·영업·개발·운영 등 유관 부서, 필요한 경우 외부 파트너와 협업해 의사결정에 필요한 정보를 정리합니다.

이슈가 발생하면 사실과 데이터를 먼저 확인하고 원인을 구분한 뒤, 대안을 비교해 합의된 조치를 실행하고 재발 방지 내용을 문서화합니다.

입사 초기에는 기존 자료와 업무 흐름을 파악하고 UNI-PASS·FTA 시스템 환경을 익힌 뒤, 담당 영역의 개선 과제와 표준화 작업을 단계적으로 주도합니다.

성과는 결과물의 정확성, 일정 준수, 이해관계자와의 명확한 소통, 사용자와 사업에 미치는 영향을 기준으로 평가합니다.","- 검토 회의 운영과 의사결정 근거·변경 이력 문서화
- 성과지표 설정 및 결과 데이터 분석을 통한 개선안 제안
- 업무상 리스크 사전 점검과 문제 발생 시 원인 분석·후속 조치
- 재사용 가능한 체크리스트·가이드·템플릿 정비
- 고객 또는 내부 사용자의 피드백을 반영한 결과물 품질 개선
- 수출입 통관·품목분류·관세 자문 관련 연간·분기 실행계획 수립
- 인보이스·원산지·HS 코드 자료 수집·정리 및 핵심 이슈 분석
- UNI-PASS·FTA 시스템를 활용한 업무 산출물 작성과 버전 관리
- 요구사항을 세부 과제와 일정으로 구체화하고 진행 현황 관리","- 관세사 자격을 보유한 분
- 인보이스·원산지·HS 코드 자료를 정확히 해석하고 업무 문서로 구조화할 수 있는 분
- UNI-PASS·FTA 시스템 중 직무에 필요한 도구를 실무에 적용할 수 있는 분
- 유관 부서와 쟁점을 명확히 설명하고 일정에 맞춰 협업할 수 있는 분
- 문제 원인을 근거에 따라 분석하고 실행 가능한 대안을 제시할 수 있는 분
- 업무상 취급하는 개인정보와 기밀정보를 안전하게 관리할 수 있는 분
- 관세사 또는 유사 분야의 3년 이상 실무 경험을 보유한 분","- 국제무역사 1급 보유자
- 관세사 보유자
- 원산지관리사 보유자
- 수출입 통관·품목분류·관세 자문 관련 프로젝트를 기획부터 결과 검토까지 수행한 경험
- UNI-PASS·FTA 시스템를 활용해 반복 업무를 개선하거나 품질 기준을 정립한 경험
- 외부 파트너 또는 다양한 이해관계자와 복잡한 요구사항을 조율한 경험","- 지원서 또는 제출서류를 허위로 기재한 경우
- 채용 과정에서 부정한 방법을 사용한 경우
- 채용검진 결과 직무 수행이 어렵다고 판단되는 경우
- 관련 법령 또는 내부 인사규정상 채용이 불가능한 경우",서류전형 > 필기전형 > 면접전형 > 최종합격
관세사 운영 담당자 채용,57,34,20260318,20260401,9,신입,정규직,부산광역시,학력무관,"디지털 서비스 조직에서 수출입 통관·품목분류·관세 자문을 담당할 관세사를 모집합니다. 이 포지션은 현장의 요구를 실행 가능한 계획과 결과물로 연결하는 역할입니다.

담당 범위는 인보이스·원산지·HS 코드 자료를 바탕으로 기준을 수립하고, 우선순위에 따라 과제를 실행하며 품질과 일정을 함께 관리하는 것입니다.

회계·세무 조직의 동료와 재무·영업·개발·운영 등 유관 부서, 필요한 경우 외부 파트너와 협업해 의사결정에 필요한 정보를 정리합니다.

이슈가 발생하면 사실과 데이터를 먼저 확인하고 원인을 구분한 뒤, 대안을 비교해 합의된 조치를 실행하고 재발 방지 내용을 문서화합니다.

입사 초기에는 기존 자료와 업무 흐름을 파악하고 UNI-PASS·FTA 시스템 환경을 익힌 뒤, 담당 영역의 개선 과제와 표준화 작업을 단계적으로 주도합니다.

성과는 결과물의 정확성, 일정 준수, 이해관계자와의 명확한 소통, 사용자와 사업에 미치는 영향을 기준으로 평가합니다.","- 성과지표 설정 및 결과 데이터 분석을 통한 개선안 제안
- 업무상 리스크 사전 점검과 문제 발생 시 원인 분석·후속 조치
- 재사용 가능한 체크리스트·가이드·템플릿 정비
- 고객 또는 내부 사용자의 피드백을 반영한 결과물 품질 개선
- 수출입 통관·품목분류·관세 자문 관련 연간·분기 실행계획 수립
- 인보이스·원산지·HS 코드 자료 수집·정리 및 핵심 이슈 분석
- UNI-PASS·FTA 시스템를 활용한 업무 산출물 작성과 버전 관리","- 관세사 자격을 보유한 분
- 인보이스·원산지·HS 코드 자료를 정확히 해석하고 업무 문서로 구조화할 수 있는 분
- UNI-PASS·FTA 시스템 중 직무에 필요한 도구를 실무에 적용할 수 있는 분
- 유관 부서와 쟁점을 명확히 설명하고 일정에 맞춰 협업할 수 있는 분
- 문제 원인을 근거에 따라 분석하고 실행 가능한 대안을 제시할 수 있는 분","- 관세사 보유자
- 원산지관리사 보유자
- 국제무역사 1급 보유자
- 수출입 통관·품목분류·관세 자문 관련 프로젝트를 기획부터 결과 검토까지 수행한 경험","- 제출한 경력·자격 증빙이 사실과 다른 경우
- 정해진 기한까지 필수 증빙서류를 제출하지 않은 경우
- 해외여행 및 근무에 결격사유가 있는 경우
- 채용 관련 비밀유지 의무를 위반한 경우",서류전형 > 실무면접 > 최종면접
관세사 핵심인재 모집,45,34,20260523,20260609,12,경력 2년 이상,계약직,광주광역시,전문학사 이상,"성장 단계 스타트업에서 수출입 통관·품목분류·관세 자문을 담당할 관세사를 모집합니다. 이 포지션은 현장의 요구를 실행 가능한 계획과 결과물로 연결하는 역할입니다.

담당 범위는 인보이스·원산지·HS 코드 자료를 바탕으로 기준을 수립하고, 우선순위에 따라 과제를 실행하며 품질과 일정을 함께 관리하는 것입니다.

회계·세무 조직의 동료와 재무·영업·개발·운영 등 유관 부서, 필요한 경우 외부 파트너와 협업해 의사결정에 필요한 정보를 정리합니다.

이슈가 발생하면 사실과 데이터를 먼저 확인하고 원인을 구분한 뒤, 대안을 비교해 합의된 조치를 실행하고 재발 방지 내용을 문서화합니다.

입사 초기에는 기존 자료와 업무 흐름을 파악하고 UNI-PASS·FTA 시스템 환경을 익힌 뒤, 담당 영역의 개선 과제와 표준화 작업을 단계적으로 주도합니다.

성과는 결과물의 정확성, 일정 준수, 이해관계자와의 명확한 소통, 사용자와 사업에 미치는 영향을 기준으로 평가합니다.","- 업무상 리스크 사전 점검과 문제 발생 시 원인 분석·후속 조치
- 재사용 가능한 체크리스트·가이드·템플릿 정비
- 고객 또는 내부 사용자의 피드백을 반영한 결과물 품질 개선
- 수출입 통관·품목분류·관세 자문 관련 연간·분기 실행계획 수립
- 인보이스·원산지·HS 코드 자료 수집·정리 및 핵심 이슈 분석
- UNI-PASS·FTA 시스템를 활용한 업무 산출물 작성과 버전 관리
- 요구사항을 세부 과제와 일정으로 구체화하고 진행 현황 관리
- 유관 부서 및 외부 파트너와 기준·일정·결과물 조율","- 관세사 자격을 보유한 분
- 인보이스·원산지·HS 코드 자료를 정확히 해석하고 업무 문서로 구조화할 수 있는 분
- UNI-PASS·FTA 시스템 중 직무에 필요한 도구를 실무에 적용할 수 있는 분
- 유관 부서와 쟁점을 명확히 설명하고 일정에 맞춰 협업할 수 있는 분
- 문제 원인을 근거에 따라 분석하고 실행 가능한 대안을 제시할 수 있는 분
- 업무상 취급하는 개인정보와 기밀정보를 안전하게 관리할 수 있는 분","- 원산지관리사 보유자
- 국제무역사 1급 보유자
- 관세사 보유자
- 수출입 통관·품목분류·관세 자문 관련 프로젝트를 기획부터 결과 검토까지 수행한 경험
- UNI-PASS·FTA 시스템를 활용해 반복 업무를 개선하거나 품질 기준을 정립한 경험","- 지원 자격 또는 필수 면허 요건을 충족하지 못한 경우
- 전형 과정에서 타인의 결과물을 무단 사용한 경우
- 채용검진 결과 담당 업무 수행이 곤란한 경우
- 관계 법령상 취업이 제한되는 경우",서류전형 > 인성검사 > 실무면접 > 최종면접
관세사 전문가 채용,27,34,20260705,20260725,15,신입·경력,정규직,세종특별자치시,학사 이상,"중견기업 전략 조직에서 수출입 통관·품목분류·관세 자문을 담당할 관세사를 모집합니다. 이 포지션은 현장의 요구를 실행 가능한 계획과 결과물로 연결하는 역할입니다.

담당 범위는 인보이스·원산지·HS 코드 자료를 바탕으로 기준을 수립하고, 우선순위에 따라 과제를 실행하며 품질과 일정을 함께 관리하는 것입니다.

회계·세무 조직의 동료와 재무·영업·개발·운영 등 유관 부서, 필요한 경우 외부 파트너와 협업해 의사결정에 필요한 정보를 정리합니다.

이슈가 발생하면 사실과 데이터를 먼저 확인하고 원인을 구분한 뒤, 대안을 비교해 합의된 조치를 실행하고 재발 방지 내용을 문서화합니다.

입사 초기에는 기존 자료와 업무 흐름을 파악하고 UNI-PASS·FTA 시스템 환경을 익힌 뒤, 담당 영역의 개선 과제와 표준화 작업을 단계적으로 주도합니다.

성과는 결과물의 정확성, 일정 준수, 이해관계자와의 명확한 소통, 사용자와 사업에 미치는 영향을 기준으로 평가합니다.","- 재사용 가능한 체크리스트·가이드·템플릿 정비
- 고객 또는 내부 사용자의 피드백을 반영한 결과물 품질 개선
- 수출입 통관·품목분류·관세 자문 관련 연간·분기 실행계획 수립
- 인보이스·원산지·HS 코드 자료 수집·정리 및 핵심 이슈 분석
- UNI-PASS·FTA 시스템를 활용한 업무 산출물 작성과 버전 관리
- 요구사항을 세부 과제와 일정으로 구체화하고 진행 현황 관리
- 유관 부서 및 외부 파트너와 기준·일정·결과물 조율
- 검토 회의 운영과 의사결정 근거·변경 이력 문서화
- 성과지표 설정 및 결과 데이터 분석을 통한 개선안 제안","- 관세사 자격을 보유한 분
- 인보이스·원산지·HS 코드 자료를 정확히 해석하고 업무 문서로 구조화할 수 있는 분
- UNI-PASS·FTA 시스템 중 직무에 필요한 도구를 실무에 적용할 수 있는 분
- 유관 부서와 쟁점을 명확히 설명하고 일정에 맞춰 협업할 수 있는 분
- 문제 원인을 근거에 따라 분석하고 실행 가능한 대안을 제시할 수 있는 분
- 업무상 취급하는 개인정보와 기밀정보를 안전하게 관리할 수 있는 분
- 관세사 또는 유사 분야의 신입·경력 실무 경험을 보유한 분","- 국제무역사 1급 보유자
- 관세사 보유자
- 원산지관리사 보유자
- 수출입 통관·품목분류·관세 자문 관련 프로젝트를 기획부터 결과 검토까지 수행한 경험
- UNI-PASS·FTA 시스템를 활용해 반복 업무를 개선하거나 품질 기준을 정립한 경험
- 외부 파트너 또는 다양한 이해관계자와 복잡한 요구사항을 조율한 경험","- 지원서 또는 제출서류를 허위로 기재한 경우
- 채용 과정에서 부정한 방법을 사용한 경우
- 채용검진 결과 직무 수행이 어렵다고 판단되는 경우
- 관련 법령 또는 내부 인사규정상 채용이 불가능한 경우",서류전형 > 직무과제 > 실무면접 > 처우협의
관세사 신규 인력 모집,9,34,20260910,20261003,18,경력 3년 이상,무기계약직,충청남도,학사 이상,"공공서비스 운영기관에서 수출입 통관·품목분류·관세 자문을 담당할 관세사를 모집합니다. 이 포지션은 현장의 요구를 실행 가능한 계획과 결과물로 연결하는 역할입니다.

담당 범위는 인보이스·원산지·HS 코드 자료를 바탕으로 기준을 수립하고, 우선순위에 따라 과제를 실행하며 품질과 일정을 함께 관리하는 것입니다.

회계·세무 조직의 동료와 재무·영업·개발·운영 등 유관 부서, 필요한 경우 외부 파트너와 협업해 의사결정에 필요한 정보를 정리합니다.

이슈가 발생하면 사실과 데이터를 먼저 확인하고 원인을 구분한 뒤, 대안을 비교해 합의된 조치를 실행하고 재발 방지 내용을 문서화합니다.

입사 초기에는 기존 자료와 업무 흐름을 파악하고 UNI-PASS·FTA 시스템 환경을 익힌 뒤, 담당 영역의 개선 과제와 표준화 작업을 단계적으로 주도합니다.

성과는 결과물의 정확성, 일정 준수, 이해관계자와의 명확한 소통, 사용자와 사업에 미치는 영향을 기준으로 평가합니다.","- 고객 또는 내부 사용자의 피드백을 반영한 결과물 품질 개선
- 수출입 통관·품목분류·관세 자문 관련 연간·분기 실행계획 수립
- 인보이스·원산지·HS 코드 자료 수집·정리 및 핵심 이슈 분석
- UNI-PASS·FTA 시스템를 활용한 업무 산출물 작성과 버전 관리
- 요구사항을 세부 과제와 일정으로 구체화하고 진행 현황 관리
- 유관 부서 및 외부 파트너와 기준·일정·결과물 조율
- 검토 회의 운영과 의사결정 근거·변경 이력 문서화","- 관세사 자격을 보유한 분
- 인보이스·원산지·HS 코드 자료를 정확히 해석하고 업무 문서로 구조화할 수 있는 분
- UNI-PASS·FTA 시스템 중 직무에 필요한 도구를 실무에 적용할 수 있는 분
- 유관 부서와 쟁점을 명확히 설명하고 일정에 맞춰 협업할 수 있는 분
- 문제 원인을 근거에 따라 분석하고 실행 가능한 대안을 제시할 수 있는 분","- 관세사 보유자
- 원산지관리사 보유자
- 국제무역사 1급 보유자
- 수출입 통관·품목분류·관세 자문 관련 프로젝트를 기획부터 결과 검토까지 수행한 경험","- 제출한 경력·자격 증빙이 사실과 다른 경우
- 정해진 기한까지 필수 증빙서류를 제출하지 않은 경우
- 해외여행 및 근무에 결격사유가 있는 경우
- 채용 관련 비밀유지 의무를 위반한 경우",서류전형 > 1차면접 > 2차면접 > 채용검진
CRM마케터 담당자 모집,67,35,20260314,20260422,16,경력 5년 이상,기간제,서울특별시,학력무관,"글로벌 사업 조직에서 고객 세그먼트·리텐션 캠페인을 담당할 CRM마케터를 모집합니다. 이 포지션은 현장의 요구를 실행 가능한 계획과 결과물로 연결하는 역할입니다.

담당 범위는 구매이력·메시지 반응·LTV 데이터를 바탕으로 기준을 수립하고, 우선순위에 따라 과제를 실행하며 품질과 일정을 함께 관리하는 것입니다.

마케팅·광고·MD 조직의 동료와 재무·영업·개발·운영 등 유관 부서, 필요한 경우 외부 파트너와 협업해 의사결정에 필요한 정보를 정리합니다.

이슈가 발생하면 사실과 데이터를 먼저 확인하고 원인을 구분한 뒤, 대안을 비교해 합의된 조치를 실행하고 재발 방지 내용을 문서화합니다.

입사 초기에는 기존 자료와 업무 흐름을 파악하고 CRM·SQL·GA4 환경을 익힌 뒤, 담당 영역의 개선 과제와 표준화 작업을 단계적으로 주도합니다.

성과는 결과물의 정확성, 일정 준수, 이해관계자와의 명확한 소통, 사용자와 사업에 미치는 영향을 기준으로 평가합니다.","- 고객 세그먼트·리텐션 캠페인 관련 연간·분기 실행계획 수립
- 구매이력·메시지 반응·LTV 데이터 수집·정리 및 핵심 이슈 분석
- CRM·SQL·GA4를 활용한 업무 산출물 작성과 버전 관리
- 요구사항을 세부 과제와 일정으로 구체화하고 진행 현황 관리
- 유관 부서 및 외부 파트너와 기준·일정·결과물 조율
- 검토 회의 운영과 의사결정 근거·변경 이력 문서화
- 성과지표 설정 및 결과 데이터 분석을 통한 개선안 제안","- 고객 세그먼트·리텐션 캠페인 관련 지식 또는 프로젝트·실무 경험을 보유한 분
- 구매이력·메시지 반응·LTV 데이터를 정확히 해석하고 업무 문서로 구조화할 수 있는 분
- CRM·SQL·GA4 중 직무에 필요한 도구를 실무에 적용할 수 있는 분
- 유관 부서와 쟁점을 명확히 설명하고 일정에 맞춰 협업할 수 있는 분
- 문제 원인을 근거에 따라 분석하고 실행 가능한 대안을 제시할 수 있는 분","- SQLD 보유자
- Google Analytics Certification 보유자
- ADsP 보유자
- 고객 세그먼트·리텐션 캠페인 관련 프로젝트를 기획부터 결과 검토까지 수행한 경험","- 지원 자격 또는 필수 면허 요건을 충족하지 못한 경우
- 전형 과정에서 타인의 결과물을 무단 사용한 경우
- 채용검진 결과 담당 업무 수행이 곤란한 경우
- 관계 법령상 취업이 제한되는 경우",서류전형 > 실무면접 > 최종면접
CRM마케터 실무자 채용,134,35,20260519,20260630,19,경력,정규직,경기도,전문학사 이상,"연구개발 중심 조직에서 고객 세그먼트·리텐션 캠페인을 담당할 CRM마케터를 모집합니다. 이 포지션은 현장의 요구를 실행 가능한 계획과 결과물로 연결하는 역할입니다.

담당 범위는 구매이력·메시지 반응·LTV 데이터를 바탕으로 기준을 수립하고, 우선순위에 따라 과제를 실행하며 품질과 일정을 함께 관리하는 것입니다.

마케팅·광고·MD 조직의 동료와 재무·영업·개발·운영 등 유관 부서, 필요한 경우 외부 파트너와 협업해 의사결정에 필요한 정보를 정리합니다.

이슈가 발생하면 사실과 데이터를 먼저 확인하고 원인을 구분한 뒤, 대안을 비교해 합의된 조치를 실행하고 재발 방지 내용을 문서화합니다.

입사 초기에는 기존 자료와 업무 흐름을 파악하고 CRM·SQL·GA4 환경을 익힌 뒤, 담당 영역의 개선 과제와 표준화 작업을 단계적으로 주도합니다.

성과는 결과물의 정확성, 일정 준수, 이해관계자와의 명확한 소통, 사용자와 사업에 미치는 영향을 기준으로 평가합니다.","- 구매이력·메시지 반응·LTV 데이터 수집·정리 및 핵심 이슈 분석
- CRM·SQL·GA4를 활용한 업무 산출물 작성과 버전 관리
- 요구사항을 세부 과제와 일정으로 구체화하고 진행 현황 관리
- 유관 부서 및 외부 파트너와 기준·일정·결과물 조율
- 검토 회의 운영과 의사결정 근거·변경 이력 문서화
- 성과지표 설정 및 결과 데이터 분석을 통한 개선안 제안
- 업무상 리스크 사전 점검과 문제 발생 시 원인 분석·후속 조치
- 재사용 가능한 체크리스트·가이드·템플릿 정비","- 고객 세그먼트·리텐션 캠페인 관련 지식 또는 프로젝트·실무 경험을 보유한 분
- 구매이력·메시지 반응·LTV 데이터를 정확히 해석하고 업무 문서로 구조화할 수 있는 분
- CRM·SQL·GA4 중 직무에 필요한 도구를 실무에 적용할 수 있는 분
- 유관 부서와 쟁점을 명확히 설명하고 일정에 맞춰 협업할 수 있는 분
- 문제 원인을 근거에 따라 분석하고 실행 가능한 대안을 제시할 수 있는 분
- 업무상 취급하는 개인정보와 기밀정보를 안전하게 관리할 수 있는 분","- Google Analytics Certification 보유자
- ADsP 보유자
- SQLD 보유자
- 고객 세그먼트·리텐션 캠페인 관련 프로젝트를 기획부터 결과 검토까지 수행한 경험
- CRM·SQL·GA4를 활용해 반복 업무를 개선하거나 품질 기준을 정립한 경험","- 지원서 또는 제출서류를 허위로 기재한 경우
- 채용 과정에서 부정한 방법을 사용한 경우
- 채용검진 결과 직무 수행이 어렵다고 판단되는 경우
- 관련 법령 또는 내부 인사규정상 채용이 불가능한 경우",서류전형 > 인성검사 > 실무면접 > 최종면접
CRM마케터 전문인력 모집,60,35,20260701,20260815,2,신입·경력,계약직,인천광역시,학사 이상,"플랫폼 운영 조직에서 고객 세그먼트·리텐션 캠페인을 담당할 CRM마케터를 모집합니다. 이 포지션은 현장의 요구를 실행 가능한 계획과 결과물로 연결하는 역할입니다.

담당 범위는 구매이력·메시지 반응·LTV 데이터를 바탕으로 기준을 수립하고, 우선순위에 따라 과제를 실행하며 품질과 일정을 함께 관리하는 것입니다.

마케팅·광고·MD 조직의 동료와 재무·영업·개발·운영 등 유관 부서, 필요한 경우 외부 파트너와 협업해 의사결정에 필요한 정보를 정리합니다.

이슈가 발생하면 사실과 데이터를 먼저 확인하고 원인을 구분한 뒤, 대안을 비교해 합의된 조치를 실행하고 재발 방지 내용을 문서화합니다.

입사 초기에는 기존 자료와 업무 흐름을 파악하고 CRM·SQL·GA4 환경을 익힌 뒤, 담당 영역의 개선 과제와 표준화 작업을 단계적으로 주도합니다.

성과는 결과물의 정확성, 일정 준수, 이해관계자와의 명확한 소통, 사용자와 사업에 미치는 영향을 기준으로 평가합니다.","- CRM·SQL·GA4를 활용한 업무 산출물 작성과 버전 관리
- 요구사항을 세부 과제와 일정으로 구체화하고 진행 현황 관리
- 유관 부서 및 외부 파트너와 기준·일정·결과물 조율
- 검토 회의 운영과 의사결정 근거·변경 이력 문서화
- 성과지표 설정 및 결과 데이터 분석을 통한 개선안 제안
- 업무상 리스크 사전 점검과 문제 발생 시 원인 분석·후속 조치
- 재사용 가능한 체크리스트·가이드·템플릿 정비
- 고객 또는 내부 사용자의 피드백을 반영한 결과물 품질 개선
- 고객 세그먼트·리텐션 캠페인 관련 연간·분기 실행계획 수립","- 고객 세그먼트·리텐션 캠페인 관련 지식 또는 프로젝트·실무 경험을 보유한 분
- 구매이력·메시지 반응·LTV 데이터를 정확히 해석하고 업무 문서로 구조화할 수 있는 분
- CRM·SQL·GA4 중 직무에 필요한 도구를 실무에 적용할 수 있는 분
- 유관 부서와 쟁점을 명확히 설명하고 일정에 맞춰 협업할 수 있는 분
- 문제 원인을 근거에 따라 분석하고 실행 가능한 대안을 제시할 수 있는 분
- 업무상 취급하는 개인정보와 기밀정보를 안전하게 관리할 수 있는 분
- CRM마케터 또는 유사 분야의 신입·경력 실무 경험을 보유한 분","- ADsP 보유자
- SQLD 보유자
- Google Analytics Certification 보유자
- 고객 세그먼트·리텐션 캠페인 관련 프로젝트를 기획부터 결과 검토까지 수행한 경험
- CRM·SQL·GA4를 활용해 반복 업무를 개선하거나 품질 기준을 정립한 경험
- 외부 파트너 또는 다양한 이해관계자와 복잡한 요구사항을 조율한 경험","- 제출한 경력·자격 증빙이 사실과 다른 경우
- 정해진 기한까지 필수 증빙서류를 제출하지 않은 경우
- 해외여행 및 근무에 결격사유가 있는 경우
- 채용 관련 비밀유지 의무를 위반한 경우",서류전형 > 직무과제 > 실무면접 > 처우협의
CRM마케터 인재 채용,131,35,20260906,20260918,5,경력 2년 이상,정규직,대전광역시,학사 이상,"브랜드 사업 조직에서 고객 세그먼트·리텐션 캠페인을 담당할 CRM마케터를 모집합니다. 이 포지션은 현장의 요구를 실행 가능한 계획과 결과물로 연결하는 역할입니다.

담당 범위는 구매이력·메시지 반응·LTV 데이터를 바탕으로 기준을 수립하고, 우선순위에 따라 과제를 실행하며 품질과 일정을 함께 관리하는 것입니다.

마케팅·광고·MD 조직의 동료와 재무·영업·개발·운영 등 유관 부서, 필요한 경우 외부 파트너와 협업해 의사결정에 필요한 정보를 정리합니다.

이슈가 발생하면 사실과 데이터를 먼저 확인하고 원인을 구분한 뒤, 대안을 비교해 합의된 조치를 실행하고 재발 방지 내용을 문서화합니다.

입사 초기에는 기존 자료와 업무 흐름을 파악하고 CRM·SQL·GA4 환경을 익힌 뒤, 담당 영역의 개선 과제와 표준화 작업을 단계적으로 주도합니다.

성과는 결과물의 정확성, 일정 준수, 이해관계자와의 명확한 소통, 사용자와 사업에 미치는 영향을 기준으로 평가합니다.","- 요구사항을 세부 과제와 일정으로 구체화하고 진행 현황 관리
- 유관 부서 및 외부 파트너와 기준·일정·결과물 조율
- 검토 회의 운영과 의사결정 근거·변경 이력 문서화
- 성과지표 설정 및 결과 데이터 분석을 통한 개선안 제안
- 업무상 리스크 사전 점검과 문제 발생 시 원인 분석·후속 조치
- 재사용 가능한 체크리스트·가이드·템플릿 정비
- 고객 또는 내부 사용자의 피드백을 반영한 결과물 품질 개선","- 고객 세그먼트·리텐션 캠페인 관련 지식 또는 프로젝트·실무 경험을 보유한 분
- 구매이력·메시지 반응·LTV 데이터를 정확히 해석하고 업무 문서로 구조화할 수 있는 분
- CRM·SQL·GA4 중 직무에 필요한 도구를 실무에 적용할 수 있는 분
- 유관 부서와 쟁점을 명확히 설명하고 일정에 맞춰 협업할 수 있는 분
- 문제 원인을 근거에 따라 분석하고 실행 가능한 대안을 제시할 수 있는 분","- SQLD 보유자
- Google Analytics Certification 보유자
- ADsP 보유자
- 고객 세그먼트·리텐션 캠페인 관련 프로젝트를 기획부터 결과 검토까지 수행한 경험","- 지원 자격 또는 필수 면허 요건을 충족하지 못한 경우
- 전형 과정에서 타인의 결과물을 무단 사용한 경우
- 채용검진 결과 담당 업무 수행이 곤란한 경우
- 관계 법령상 취업이 제한되는 경우",서류전형 > 1차면접 > 2차면접 > 채용검진
CRM마케터 공개채용,107,35,20261111,20261126,8,경력 3년 이상,무기계약직,부산광역시,석사 이상,"지역 기반 전문기관에서 고객 세그먼트·리텐션 캠페인을 담당할 CRM마케터를 모집합니다. 이 포지션은 현장의 요구를 실행 가능한 계획과 결과물로 연결하는 역할입니다.

담당 범위는 구매이력·메시지 반응·LTV 데이터를 바탕으로 기준을 수립하고, 우선순위에 따라 과제를 실행하며 품질과 일정을 함께 관리하는 것입니다.

마케팅·광고·MD 조직의 동료와 재무·영업·개발·운영 등 유관 부서, 필요한 경우 외부 파트너와 협업해 의사결정에 필요한 정보를 정리합니다.

이슈가 발생하면 사실과 데이터를 먼저 확인하고 원인을 구분한 뒤, 대안을 비교해 합의된 조치를 실행하고 재발 방지 내용을 문서화합니다.

입사 초기에는 기존 자료와 업무 흐름을 파악하고 CRM·SQL·GA4 환경을 익힌 뒤, 담당 영역의 개선 과제와 표준화 작업을 단계적으로 주도합니다.

성과는 결과물의 정확성, 일정 준수, 이해관계자와의 명확한 소통, 사용자와 사업에 미치는 영향을 기준으로 평가합니다.","- 유관 부서 및 외부 파트너와 기준·일정·결과물 조율
- 검토 회의 운영과 의사결정 근거·변경 이력 문서화
- 성과지표 설정 및 결과 데이터 분석을 통한 개선안 제안
- 업무상 리스크 사전 점검과 문제 발생 시 원인 분석·후속 조치
- 재사용 가능한 체크리스트·가이드·템플릿 정비
- 고객 또는 내부 사용자의 피드백을 반영한 결과물 품질 개선
- 고객 세그먼트·리텐션 캠페인 관련 연간·분기 실행계획 수립
- 구매이력·메시지 반응·LTV 데이터 수집·정리 및 핵심 이슈 분석","- 고객 세그먼트·리텐션 캠페인 관련 지식 또는 프로젝트·실무 경험을 보유한 분
- 구매이력·메시지 반응·LTV 데이터를 정확히 해석하고 업무 문서로 구조화할 수 있는 분
- CRM·SQL·GA4 중 직무에 필요한 도구를 실무에 적용할 수 있는 분
- 유관 부서와 쟁점을 명확히 설명하고 일정에 맞춰 협업할 수 있는 분
- 문제 원인을 근거에 따라 분석하고 실행 가능한 대안을 제시할 수 있는 분
- 업무상 취급하는 개인정보와 기밀정보를 안전하게 관리할 수 있는 분","- Google Analytics Certification 보유자
- ADsP 보유자
- SQLD 보유자
- 고객 세그먼트·리텐션 캠페인 관련 프로젝트를 기획부터 결과 검토까지 수행한 경험
- CRM·SQL·GA4를 활용해 반복 업무를 개선하거나 품질 기준을 정립한 경험","- 지원서 또는 제출서류를 허위로 기재한 경우
- 채용 과정에서 부정한 방법을 사용한 경우
- 채용검진 결과 직무 수행이 어렵다고 판단되는 경우
- 관련 법령 또는 내부 인사규정상 채용이 불가능한 경우",서류전형 > 필기전형 > 면접전형 > 최종합격
CRM마케터 프로젝트 담당 모집,33,35,20260216,20260306,11,신입,정규직,광주광역시,학력무관,"디지털 서비스 조직에서 고객 세그먼트·리텐션 캠페인을 담당할 CRM마케터를 모집합니다. 이 포지션은 현장의 요구를 실행 가능한 계획과 결과물로 연결하는 역할입니다.

담당 범위는 구매이력·메시지 반응·LTV 데이터를 바탕으로 기준을 수립하고, 우선순위에 따라 과제를 실행하며 품질과 일정을 함께 관리하는 것입니다.

마케팅·광고·MD 조직의 동료와 재무·영업·개발·운영 등 유관 부서, 필요한 경우 외부 파트너와 협업해 의사결정에 필요한 정보를 정리합니다.

이슈가 발생하면 사실과 데이터를 먼저 확인하고 원인을 구분한 뒤, 대안을 비교해 합의된 조치를 실행하고 재발 방지 내용을 문서화합니다.

입사 초기에는 기존 자료와 업무 흐름을 파악하고 CRM·SQL·GA4 환경을 익힌 뒤, 담당 영역의 개선 과제와 표준화 작업을 단계적으로 주도합니다.

성과는 결과물의 정확성, 일정 준수, 이해관계자와의 명확한 소통, 사용자와 사업에 미치는 영향을 기준으로 평가합니다.","- 검토 회의 운영과 의사결정 근거·변경 이력 문서화
- 성과지표 설정 및 결과 데이터 분석을 통한 개선안 제안
- 업무상 리스크 사전 점검과 문제 발생 시 원인 분석·후속 조치
- 재사용 가능한 체크리스트·가이드·템플릿 정비
- 고객 또는 내부 사용자의 피드백을 반영한 결과물 품질 개선
- 고객 세그먼트·리텐션 캠페인 관련 연간·분기 실행계획 수립
- 구매이력·메시지 반응·LTV 데이터 수집·정리 및 핵심 이슈 분석
- CRM·SQL·GA4를 활용한 업무 산출물 작성과 버전 관리
- 요구사항을 세부 과제와 일정으로 구체화하고 진행 현황 관리","- 고객 세그먼트·리텐션 캠페인 관련 지식 또는 프로젝트·실무 경험을 보유한 분
- 구매이력·메시지 반응·LTV 데이터를 정확히 해석하고 업무 문서로 구조화할 수 있는 분
- CRM·SQL·GA4 중 직무에 필요한 도구를 실무에 적용할 수 있는 분
- 유관 부서와 쟁점을 명확히 설명하고 일정에 맞춰 협업할 수 있는 분
- 문제 원인을 근거에 따라 분석하고 실행 가능한 대안을 제시할 수 있는 분
- 업무상 취급하는 개인정보와 기밀정보를 안전하게 관리할 수 있는 분
- 새로운 업무 기준과 도구를 빠르게 학습할 수 있는 분","- ADsP 보유자
- SQLD 보유자
- Google Analytics Certification 보유자
- 고객 세그먼트·리텐션 캠페인 관련 프로젝트를 기획부터 결과 검토까지 수행한 경험
- CRM·SQL·GA4를 활용해 반복 업무를 개선하거나 품질 기준을 정립한 경험
- 외부 파트너 또는 다양한 이해관계자와 복잡한 요구사항을 조율한 경험","- 제출한 경력·자격 증빙이 사실과 다른 경우
- 정해진 기한까지 필수 증빙서류를 제출하지 않은 경우
- 해외여행 및 근무에 결격사유가 있는 경우
- 채용 관련 비밀유지 의무를 위반한 경우",서류전형 > 실무면접 > 최종면접
CRM마케터 운영 담당자 채용,140,35,20260421,20260512,14,경력 2년 이상,계약직,세종특별자치시,전문학사 이상,"성장 단계 스타트업에서 고객 세그먼트·리텐션 캠페인을 담당할 CRM마케터를 모집합니다. 이 포지션은 현장의 요구를 실행 가능한 계획과 결과물로 연결하는 역할입니다.

담당 범위는 구매이력·메시지 반응·LTV 데이터를 바탕으로 기준을 수립하고, 우선순위에 따라 과제를 실행하며 품질과 일정을 함께 관리하는 것입니다.

마케팅·광고·MD 조직의 동료와 재무·영업·개발·운영 등 유관 부서, 필요한 경우 외부 파트너와 협업해 의사결정에 필요한 정보를 정리합니다.

이슈가 발생하면 사실과 데이터를 먼저 확인하고 원인을 구분한 뒤, 대안을 비교해 합의된 조치를 실행하고 재발 방지 내용을 문서화합니다.

입사 초기에는 기존 자료와 업무 흐름을 파악하고 CRM·SQL·GA4 환경을 익힌 뒤, 담당 영역의 개선 과제와 표준화 작업을 단계적으로 주도합니다.

성과는 결과물의 정확성, 일정 준수, 이해관계자와의 명확한 소통, 사용자와 사업에 미치는 영향을 기준으로 평가합니다.","- 성과지표 설정 및 결과 데이터 분석을 통한 개선안 제안
- 업무상 리스크 사전 점검과 문제 발생 시 원인 분석·후속 조치
- 재사용 가능한 체크리스트·가이드·템플릿 정비
- 고객 또는 내부 사용자의 피드백을 반영한 결과물 품질 개선
- 고객 세그먼트·리텐션 캠페인 관련 연간·분기 실행계획 수립
- 구매이력·메시지 반응·LTV 데이터 수집·정리 및 핵심 이슈 분석
- CRM·SQL·GA4를 활용한 업무 산출물 작성과 버전 관리","- 고객 세그먼트·리텐션 캠페인 관련 지식 또는 프로젝트·실무 경험을 보유한 분
- 구매이력·메시지 반응·LTV 데이터를 정확히 해석하고 업무 문서로 구조화할 수 있는 분
- CRM·SQL·GA4 중 직무에 필요한 도구를 실무에 적용할 수 있는 분
- 유관 부서와 쟁점을 명확히 설명하고 일정에 맞춰 협업할 수 있는 분
- 문제 원인을 근거에 따라 분석하고 실행 가능한 대안을 제시할 수 있는 분","- SQLD 보유자
- Google Analytics Certification 보유자
- ADsP 보유자
- 고객 세그먼트·리텐션 캠페인 관련 프로젝트를 기획부터 결과 검토까지 수행한 경험","- 지원 자격 또는 필수 면허 요건을 충족하지 못한 경우
- 전형 과정에서 타인의 결과물을 무단 사용한 경우
- 채용검진 결과 담당 업무 수행이 곤란한 경우
- 관계 법령상 취업이 제한되는 경우",서류전형 > 인성검사 > 실무면접 > 최종면접
CRM마케터 핵심인재 모집,44,35,20260603,20260627,17,신입·경력,정규직,충청남도,학사 이상,"중견기업 전략 조직에서 고객 세그먼트·리텐션 캠페인을 담당할 CRM마케터를 모집합니다. 이 포지션은 현장의 요구를 실행 가능한 계획과 결과물로 연결하는 역할입니다.

담당 범위는 구매이력·메시지 반응·LTV 데이터를 바탕으로 기준을 수립하고, 우선순위에 따라 과제를 실행하며 품질과 일정을 함께 관리하는 것입니다.

마케팅·광고·MD 조직의 동료와 재무·영업·개발·운영 등 유관 부서, 필요한 경우 외부 파트너와 협업해 의사결정에 필요한 정보를 정리합니다.

이슈가 발생하면 사실과 데이터를 먼저 확인하고 원인을 구분한 뒤, 대안을 비교해 합의된 조치를 실행하고 재발 방지 내용을 문서화합니다.

입사 초기에는 기존 자료와 업무 흐름을 파악하고 CRM·SQL·GA4 환경을 익힌 뒤, 담당 영역의 개선 과제와 표준화 작업을 단계적으로 주도합니다.

성과는 결과물의 정확성, 일정 준수, 이해관계자와의 명확한 소통, 사용자와 사업에 미치는 영향을 기준으로 평가합니다.","- 업무상 리스크 사전 점검과 문제 발생 시 원인 분석·후속 조치
- 재사용 가능한 체크리스트·가이드·템플릿 정비
- 고객 또는 내부 사용자의 피드백을 반영한 결과물 품질 개선
- 고객 세그먼트·리텐션 캠페인 관련 연간·분기 실행계획 수립
- 구매이력·메시지 반응·LTV 데이터 수집·정리 및 핵심 이슈 분석
- CRM·SQL·GA4를 활용한 업무 산출물 작성과 버전 관리
- 요구사항을 세부 과제와 일정으로 구체화하고 진행 현황 관리
- 유관 부서 및 외부 파트너와 기준·일정·결과물 조율","- 고객 세그먼트·리텐션 캠페인 관련 지식 또는 프로젝트·실무 경험을 보유한 분
- 구매이력·메시지 반응·LTV 데이터를 정확히 해석하고 업무 문서로 구조화할 수 있는 분
- CRM·SQL·GA4 중 직무에 필요한 도구를 실무에 적용할 수 있는 분
- 유관 부서와 쟁점을 명확히 설명하고 일정에 맞춰 협업할 수 있는 분
- 문제 원인을 근거에 따라 분석하고 실행 가능한 대안을 제시할 수 있는 분
- 업무상 취급하는 개인정보와 기밀정보를 안전하게 관리할 수 있는 분","- Google Analytics Certification 보유자
- ADsP 보유자
- SQLD 보유자
- 고객 세그먼트·리텐션 캠페인 관련 프로젝트를 기획부터 결과 검토까지 수행한 경험
- CRM·SQL·GA4를 활용해 반복 업무를 개선하거나 품질 기준을 정립한 경험","- 지원서 또는 제출서류를 허위로 기재한 경우
- 채용 과정에서 부정한 방법을 사용한 경우
- 채용검진 결과 직무 수행이 어렵다고 판단되는 경우
- 관련 법령 또는 내부 인사규정상 채용이 불가능한 경우",서류전형 > 직무과제 > 실무면접 > 처우협의
CRM마케터 전문가 채용,144,35,20260808,20260904,20,경력 3년 이상,무기계약직,경상남도,학사 이상,"공공서비스 운영기관에서 고객 세그먼트·리텐션 캠페인을 담당할 CRM마케터를 모집합니다. 이 포지션은 현장의 요구를 실행 가능한 계획과 결과물로 연결하는 역할입니다.

담당 범위는 구매이력·메시지 반응·LTV 데이터를 바탕으로 기준을 수립하고, 우선순위에 따라 과제를 실행하며 품질과 일정을 함께 관리하는 것입니다.

마케팅·광고·MD 조직의 동료와 재무·영업·개발·운영 등 유관 부서, 필요한 경우 외부 파트너와 협업해 의사결정에 필요한 정보를 정리합니다.

이슈가 발생하면 사실과 데이터를 먼저 확인하고 원인을 구분한 뒤, 대안을 비교해 합의된 조치를 실행하고 재발 방지 내용을 문서화합니다.

입사 초기에는 기존 자료와 업무 흐름을 파악하고 CRM·SQL·GA4 환경을 익힌 뒤, 담당 영역의 개선 과제와 표준화 작업을 단계적으로 주도합니다.

성과는 결과물의 정확성, 일정 준수, 이해관계자와의 명확한 소통, 사용자와 사업에 미치는 영향을 기준으로 평가합니다.","- 재사용 가능한 체크리스트·가이드·템플릿 정비
- 고객 또는 내부 사용자의 피드백을 반영한 결과물 품질 개선
- 고객 세그먼트·리텐션 캠페인 관련 연간·분기 실행계획 수립
- 구매이력·메시지 반응·LTV 데이터 수집·정리 및 핵심 이슈 분석
- CRM·SQL·GA4를 활용한 업무 산출물 작성과 버전 관리
- 요구사항을 세부 과제와 일정으로 구체화하고 진행 현황 관리
- 유관 부서 및 외부 파트너와 기준·일정·결과물 조율
- 검토 회의 운영과 의사결정 근거·변경 이력 문서화
- 성과지표 설정 및 결과 데이터 분석을 통한 개선안 제안","- 고객 세그먼트·리텐션 캠페인 관련 지식 또는 프로젝트·실무 경험을 보유한 분
- 구매이력·메시지 반응·LTV 데이터를 정확히 해석하고 업무 문서로 구조화할 수 있는 분
- CRM·SQL·GA4 중 직무에 필요한 도구를 실무에 적용할 수 있는 분
- 유관 부서와 쟁점을 명확히 설명하고 일정에 맞춰 협업할 수 있는 분
- 문제 원인을 근거에 따라 분석하고 실행 가능한 대안을 제시할 수 있는 분
- 업무상 취급하는 개인정보와 기밀정보를 안전하게 관리할 수 있는 분
- CRM마케터 또는 유사 분야의 3년 이상 실무 경험을 보유한 분","- ADsP 보유자
- SQLD 보유자
- Google Analytics Certification 보유자
- 고객 세그먼트·리텐션 캠페인 관련 프로젝트를 기획부터 결과 검토까지 수행한 경험
- CRM·SQL·GA4를 활용해 반복 업무를 개선하거나 품질 기준을 정립한 경험
- 외부 파트너 또는 다양한 이해관계자와 복잡한 요구사항을 조율한 경험","- 제출한 경력·자격 증빙이 사실과 다른 경우
- 정해진 기한까지 필수 증빙서류를 제출하지 않은 경우
- 해외여행 및 근무에 결격사유가 있는 경우
- 채용 관련 비밀유지 의무를 위반한 경우",서류전형 > 1차면접 > 2차면접 > 채용검진
CRM마케터 신규 인력 모집,42,35,20261013,20261112,3,경력 무관,정규직,제주특별자치도,석사 이상,"전문 컨설팅 조직에서 고객 세그먼트·리텐션 캠페인을 담당할 CRM마케터를 모집합니다. 이 포지션은 현장의 요구를 실행 가능한 계획과 결과물로 연결하는 역할입니다.

담당 범위는 구매이력·메시지 반응·LTV 데이터를 바탕으로 기준을 수립하고, 우선순위에 따라 과제를 실행하며 품질과 일정을 함께 관리하는 것입니다.

마케팅·광고·MD 조직의 동료와 재무·영업·개발·운영 등 유관 부서, 필요한 경우 외부 파트너와 협업해 의사결정에 필요한 정보를 정리합니다.

이슈가 발생하면 사실과 데이터를 먼저 확인하고 원인을 구분한 뒤, 대안을 비교해 합의된 조치를 실행하고 재발 방지 내용을 문서화합니다.

입사 초기에는 기존 자료와 업무 흐름을 파악하고 CRM·SQL·GA4 환경을 익힌 뒤, 담당 영역의 개선 과제와 표준화 작업을 단계적으로 주도합니다.

성과는 결과물의 정확성, 일정 준수, 이해관계자와의 명확한 소통, 사용자와 사업에 미치는 영향을 기준으로 평가합니다.","- 고객 또는 내부 사용자의 피드백을 반영한 결과물 품질 개선
- 고객 세그먼트·리텐션 캠페인 관련 연간·분기 실행계획 수립
- 구매이력·메시지 반응·LTV 데이터 수집·정리 및 핵심 이슈 분석
- CRM·SQL·GA4를 활용한 업무 산출물 작성과 버전 관리
- 요구사항을 세부 과제와 일정으로 구체화하고 진행 현황 관리
- 유관 부서 및 외부 파트너와 기준·일정·결과물 조율
- 검토 회의 운영과 의사결정 근거·변경 이력 문서화","- 고객 세그먼트·리텐션 캠페인 관련 지식 또는 프로젝트·실무 경험을 보유한 분
- 구매이력·메시지 반응·LTV 데이터를 정확히 해석하고 업무 문서로 구조화할 수 있는 분
- CRM·SQL·GA4 중 직무에 필요한 도구를 실무에 적용할 수 있는 분
- 유관 부서와 쟁점을 명확히 설명하고 일정에 맞춰 협업할 수 있는 분
- 문제 원인을 근거에 따라 분석하고 실행 가능한 대안을 제시할 수 있는 분","- SQLD 보유자
- Google Analytics Certification 보유자
- ADsP 보유자
- 고객 세그먼트·리텐션 캠페인 관련 프로젝트를 기획부터 결과 검토까지 수행한 경험","- 지원 자격 또는 필수 면허 요건을 충족하지 못한 경우
- 전형 과정에서 타인의 결과물을 무단 사용한 경우
- 채용검진 결과 담당 업무 수행이 곤란한 경우
- 관계 법령상 취업이 제한되는 경우",서류전형 > 필기전형 > 면접전형 > 최종합격
온라인마케터 담당자 모집,48,36,20260417,20260427,1,경력,정규직,인천광역시,전문학사 이상,"연구개발 중심 조직에서 검색·디스플레이 광고 운영을 담당할 온라인마케터를 모집합니다. 이 포지션은 현장의 요구를 실행 가능한 계획과 결과물로 연결하는 역할입니다.

담당 범위는 매체비·전환·ROAS 데이터를 바탕으로 기준을 수립하고, 우선순위에 따라 과제를 실행하며 품질과 일정을 함께 관리하는 것입니다.

마케팅·광고·MD 조직의 동료와 재무·영업·개발·운영 등 유관 부서, 필요한 경우 외부 파트너와 협업해 의사결정에 필요한 정보를 정리합니다.

이슈가 발생하면 사실과 데이터를 먼저 확인하고 원인을 구분한 뒤, 대안을 비교해 합의된 조치를 실행하고 재발 방지 내용을 문서화합니다.

입사 초기에는 기존 자료와 업무 흐름을 파악하고 Google Ads·GA4 환경을 익힌 뒤, 담당 영역의 개선 과제와 표준화 작업을 단계적으로 주도합니다.

성과는 결과물의 정확성, 일정 준수, 이해관계자와의 명확한 소통, 사용자와 사업에 미치는 영향을 기준으로 평가합니다.","- 검색·디스플레이 광고 운영 관련 연간·분기 실행계획 수립
- 매체비·전환·ROAS 데이터 수집·정리 및 핵심 이슈 분석
- Google Ads·GA4를 활용한 업무 산출물 작성과 버전 관리
- 요구사항을 세부 과제와 일정으로 구체화하고 진행 현황 관리
- 유관 부서 및 외부 파트너와 기준·일정·결과물 조율
- 검토 회의 운영과 의사결정 근거·변경 이력 문서화
- 성과지표 설정 및 결과 데이터 분석을 통한 개선안 제안","- 검색·디스플레이 광고 운영 관련 지식 또는 프로젝트·실무 경험을 보유한 분
- 매체비·전환·ROAS 데이터를 정확히 해석하고 업무 문서로 구조화할 수 있는 분
- Google Ads·GA4 중 직무에 필요한 도구를 실무에 적용할 수 있는 분
- 유관 부서와 쟁점을 명확히 설명하고 일정에 맞춰 협업할 수 있는 분
- 문제 원인을 근거에 따라 분석하고 실행 가능한 대안을 제시할 수 있는 분","- 검색광고마케터 1급 보유자
- Google Ads Search Certification 보유자
- Google Analytics Certification 보유자
- 검색·디스플레이 광고 운영 관련 프로젝트를 기획부터 결과 검토까지 수행한 경험","- 지원서 또는 제출서류를 허위로 기재한 경우
- 채용 과정에서 부정한 방법을 사용한 경우
- 채용검진 결과 직무 수행이 어렵다고 판단되는 경우
- 관련 법령 또는 내부 인사규정상 채용이 불가능한 경우",서류전형 > 인성검사 > 실무면접 > 최종면접
온라인마케터 실무자 채용,58,36,20260622,20260705,4,신입·경력,계약직,대전광역시,학사 이상,"플랫폼 운영 조직에서 검색·디스플레이 광고 운영을 담당할 온라인마케터를 모집합니다. 이 포지션은 현장의 요구를 실행 가능한 계획과 결과물로 연결하는 역할입니다.

담당 범위는 매체비·전환·ROAS 데이터를 바탕으로 기준을 수립하고, 우선순위에 따라 과제를 실행하며 품질과 일정을 함께 관리하는 것입니다.

마케팅·광고·MD 조직의 동료와 재무·영업·개발·운영 등 유관 부서, 필요한 경우 외부 파트너와 협업해 의사결정에 필요한 정보를 정리합니다.

이슈가 발생하면 사실과 데이터를 먼저 확인하고 원인을 구분한 뒤, 대안을 비교해 합의된 조치를 실행하고 재발 방지 내용을 문서화합니다.

입사 초기에는 기존 자료와 업무 흐름을 파악하고 Google Ads·GA4 환경을 익힌 뒤, 담당 영역의 개선 과제와 표준화 작업을 단계적으로 주도합니다.

성과는 결과물의 정확성, 일정 준수, 이해관계자와의 명확한 소통, 사용자와 사업에 미치는 영향을 기준으로 평가합니다.","- 매체비·전환·ROAS 데이터 수집·정리 및 핵심 이슈 분석
- Google Ads·GA4를 활용한 업무 산출물 작성과 버전 관리
- 요구사항을 세부 과제와 일정으로 구체화하고 진행 현황 관리
- 유관 부서 및 외부 파트너와 기준·일정·결과물 조율
- 검토 회의 운영과 의사결정 근거·변경 이력 문서화
- 성과지표 설정 및 결과 데이터 분석을 통한 개선안 제안
- 업무상 리스크 사전 점검과 문제 발생 시 원인 분석·후속 조치
- 재사용 가능한 체크리스트·가이드·템플릿 정비","- 검색·디스플레이 광고 운영 관련 지식 또는 프로젝트·실무 경험을 보유한 분
- 매체비·전환·ROAS 데이터를 정확히 해석하고 업무 문서로 구조화할 수 있는 분
- Google Ads·GA4 중 직무에 필요한 도구를 실무에 적용할 수 있는 분
- 유관 부서와 쟁점을 명확히 설명하고 일정에 맞춰 협업할 수 있는 분
- 문제 원인을 근거에 따라 분석하고 실행 가능한 대안을 제시할 수 있는 분
- 업무상 취급하는 개인정보와 기밀정보를 안전하게 관리할 수 있는 분","- Google Ads Search Certification 보유자
- Google Analytics Certification 보유자
- 검색광고마케터 1급 보유자
- 검색·디스플레이 광고 운영 관련 프로젝트를 기획부터 결과 검토까지 수행한 경험
- Google Ads·GA4를 활용해 반복 업무를 개선하거나 품질 기준을 정립한 경험","- 제출한 경력·자격 증빙이 사실과 다른 경우
- 정해진 기한까지 필수 증빙서류를 제출하지 않은 경우
- 해외여행 및 근무에 결격사유가 있는 경우
- 채용 관련 비밀유지 의무를 위반한 경우",서류전형 > 직무과제 > 실무면접 > 처우협의
온라인마케터 전문인력 모집,83,36,20260804,20260820,7,경력 2년 이상,정규직,부산광역시,학사 이상,"브랜드 사업 조직에서 검색·디스플레이 광고 운영을 담당할 온라인마케터를 모집합니다. 이 포지션은 현장의 요구를 실행 가능한 계획과 결과물로 연결하는 역할입니다.

담당 범위는 매체비·전환·ROAS 데이터를 바탕으로 기준을 수립하고, 우선순위에 따라 과제를 실행하며 품질과 일정을 함께 관리하는 것입니다.

마케팅·광고·MD 조직의 동료와 재무·영업·개발·운영 등 유관 부서, 필요한 경우 외부 파트너와 협업해 의사결정에 필요한 정보를 정리합니다.

이슈가 발생하면 사실과 데이터를 먼저 확인하고 원인을 구분한 뒤, 대안을 비교해 합의된 조치를 실행하고 재발 방지 내용을 문서화합니다.

입사 초기에는 기존 자료와 업무 흐름을 파악하고 Google Ads·GA4 환경을 익힌 뒤, 담당 영역의 개선 과제와 표준화 작업을 단계적으로 주도합니다.

성과는 결과물의 정확성, 일정 준수, 이해관계자와의 명확한 소통, 사용자와 사업에 미치는 영향을 기준으로 평가합니다.","- Google Ads·GA4를 활용한 업무 산출물 작성과 버전 관리
- 요구사항을 세부 과제와 일정으로 구체화하고 진행 현황 관리
- 유관 부서 및 외부 파트너와 기준·일정·결과물 조율
- 검토 회의 운영과 의사결정 근거·변경 이력 문서화
- 성과지표 설정 및 결과 데이터 분석을 통한 개선안 제안
- 업무상 리스크 사전 점검과 문제 발생 시 원인 분석·후속 조치
- 재사용 가능한 체크리스트·가이드·템플릿 정비
- 고객 또는 내부 사용자의 피드백을 반영한 결과물 품질 개선
- 검색·디스플레이 광고 운영 관련 연간·분기 실행계획 수립","- 검색·디스플레이 광고 운영 관련 지식 또는 프로젝트·실무 경험을 보유한 분
- 매체비·전환·ROAS 데이터를 정확히 해석하고 업무 문서로 구조화할 수 있는 분
- Google Ads·GA4 중 직무에 필요한 도구를 실무에 적용할 수 있는 분
- 유관 부서와 쟁점을 명확히 설명하고 일정에 맞춰 협업할 수 있는 분
- 문제 원인을 근거에 따라 분석하고 실행 가능한 대안을 제시할 수 있는 분
- 업무상 취급하는 개인정보와 기밀정보를 안전하게 관리할 수 있는 분
- 온라인마케터 또는 유사 분야의 2년 이상 실무 경험을 보유한 분","- Google Analytics Certification 보유자
- 검색광고마케터 1급 보유자
- Google Ads Search Certification 보유자
- 검색·디스플레이 광고 운영 관련 프로젝트를 기획부터 결과 검토까지 수행한 경험
- Google Ads·GA4를 활용해 반복 업무를 개선하거나 품질 기준을 정립한 경험
- 외부 파트너 또는 다양한 이해관계자와 복잡한 요구사항을 조율한 경험","- 지원 자격 또는 필수 면허 요건을 충족하지 못한 경우
- 전형 과정에서 타인의 결과물을 무단 사용한 경우
- 채용검진 결과 담당 업무 수행이 곤란한 경우
- 관계 법령상 취업이 제한되는 경우",서류전형 > 1차면접 > 2차면접 > 채용검진
온라인마케터 인재 채용,92,36,20261009,20261028,10,경력 3년 이상,무기계약직,광주광역시,석사 이상,"지역 기반 전문기관에서 검색·디스플레이 광고 운영을 담당할 온라인마케터를 모집합니다. 이 포지션은 현장의 요구를 실행 가능한 계획과 결과물로 연결하는 역할입니다.

담당 범위는 매체비·전환·ROAS 데이터를 바탕으로 기준을 수립하고, 우선순위에 따라 과제를 실행하며 품질과 일정을 함께 관리하는 것입니다.

마케팅·광고·MD 조직의 동료와 재무·영업·개발·운영 등 유관 부서, 필요한 경우 외부 파트너와 협업해 의사결정에 필요한 정보를 정리합니다.

이슈가 발생하면 사실과 데이터를 먼저 확인하고 원인을 구분한 뒤, 대안을 비교해 합의된 조치를 실행하고 재발 방지 내용을 문서화합니다.

입사 초기에는 기존 자료와 업무 흐름을 파악하고 Google Ads·GA4 환경을 익힌 뒤, 담당 영역의 개선 과제와 표준화 작업을 단계적으로 주도합니다.

성과는 결과물의 정확성, 일정 준수, 이해관계자와의 명확한 소통, 사용자와 사업에 미치는 영향을 기준으로 평가합니다.","- 요구사항을 세부 과제와 일정으로 구체화하고 진행 현황 관리
- 유관 부서 및 외부 파트너와 기준·일정·결과물 조율
- 검토 회의 운영과 의사결정 근거·변경 이력 문서화
- 성과지표 설정 및 결과 데이터 분석을 통한 개선안 제안
- 업무상 리스크 사전 점검과 문제 발생 시 원인 분석·후속 조치
- 재사용 가능한 체크리스트·가이드·템플릿 정비
- 고객 또는 내부 사용자의 피드백을 반영한 결과물 품질 개선","- 검색·디스플레이 광고 운영 관련 지식 또는 프로젝트·실무 경험을 보유한 분
- 매체비·전환·ROAS 데이터를 정확히 해석하고 업무 문서로 구조화할 수 있는 분
- Google Ads·GA4 중 직무에 필요한 도구를 실무에 적용할 수 있는 분
- 유관 부서와 쟁점을 명확히 설명하고 일정에 맞춰 협업할 수 있는 분
- 문제 원인을 근거에 따라 분석하고 실행 가능한 대안을 제시할 수 있는 분","- 검색광고마케터 1급 보유자
- Google Ads Search Certification 보유자
- Google Analytics Certification 보유자
- 검색·디스플레이 광고 운영 관련 프로젝트를 기획부터 결과 검토까지 수행한 경험","- 지원서 또는 제출서류를 허위로 기재한 경우
- 채용 과정에서 부정한 방법을 사용한 경우
- 채용검진 결과 직무 수행이 어렵다고 판단되는 경우
- 관련 법령 또는 내부 인사규정상 채용이 불가능한 경우",서류전형 > 필기전형 > 면접전형 > 최종합격
온라인마케터 공개채용,1,36,20260114,20260205,13,신입,정규직,세종특별자치시,학력무관,"디지털 서비스 조직에서 검색·디스플레이 광고 운영을 담당할 온라인마케터를 모집합니다. 이 포지션은 현장의 요구를 실행 가능한 계획과 결과물로 연결하는 역할입니다.

담당 범위는 매체비·전환·ROAS 데이터를 바탕으로 기준을 수립하고, 우선순위에 따라 과제를 실행하며 품질과 일정을 함께 관리하는 것입니다.

마케팅·광고·MD 조직의 동료와 재무·영업·개발·운영 등 유관 부서, 필요한 경우 외부 파트너와 협업해 의사결정에 필요한 정보를 정리합니다.

이슈가 발생하면 사실과 데이터를 먼저 확인하고 원인을 구분한 뒤, 대안을 비교해 합의된 조치를 실행하고 재발 방지 내용을 문서화합니다.

입사 초기에는 기존 자료와 업무 흐름을 파악하고 Google Ads·GA4 환경을 익힌 뒤, 담당 영역의 개선 과제와 표준화 작업을 단계적으로 주도합니다.

성과는 결과물의 정확성, 일정 준수, 이해관계자와의 명확한 소통, 사용자와 사업에 미치는 영향을 기준으로 평가합니다.","- 유관 부서 및 외부 파트너와 기준·일정·결과물 조율
- 검토 회의 운영과 의사결정 근거·변경 이력 문서화
- 성과지표 설정 및 결과 데이터 분석을 통한 개선안 제안
- 업무상 리스크 사전 점검과 문제 발생 시 원인 분석·후속 조치
- 재사용 가능한 체크리스트·가이드·템플릿 정비
- 고객 또는 내부 사용자의 피드백을 반영한 결과물 품질 개선
- 검색·디스플레이 광고 운영 관련 연간·분기 실행계획 수립
- 매체비·전환·ROAS 데이터 수집·정리 및 핵심 이슈 분석","- 검색·디스플레이 광고 운영 관련 지식 또는 프로젝트·실무 경험을 보유한 분
- 매체비·전환·ROAS 데이터를 정확히 해석하고 업무 문서로 구조화할 수 있는 분
- Google Ads·GA4 중 직무에 필요한 도구를 실무에 적용할 수 있는 분
- 유관 부서와 쟁점을 명확히 설명하고 일정에 맞춰 협업할 수 있는 분
- 문제 원인을 근거에 따라 분석하고 실행 가능한 대안을 제시할 수 있는 분
- 업무상 취급하는 개인정보와 기밀정보를 안전하게 관리할 수 있는 분","- Google Ads Search Certification 보유자
- Google Analytics Certification 보유자
- 검색광고마케터 1급 보유자
- 검색·디스플레이 광고 운영 관련 프로젝트를 기획부터 결과 검토까지 수행한 경험
- Google Ads·GA4를 활용해 반복 업무를 개선하거나 품질 기준을 정립한 경험","- 제출한 경력·자격 증빙이 사실과 다른 경우
- 정해진 기한까지 필수 증빙서류를 제출하지 않은 경우
- 해외여행 및 근무에 결격사유가 있는 경우
- 채용 관련 비밀유지 의무를 위반한 경우",서류전형 > 실무면접 > 최종면접
온라인마케터 프로젝트 담당 모집,84,36,20260319,20260413,16,경력 2년 이상,계약직,충청남도,전문학사 이상,"성장 단계 스타트업에서 검색·디스플레이 광고 운영을 담당할 온라인마케터를 모집합니다. 이 포지션은 현장의 요구를 실행 가능한 계획과 결과물로 연결하는 역할입니다.

담당 범위는 매체비·전환·ROAS 데이터를 바탕으로 기준을 수립하고, 우선순위에 따라 과제를 실행하며 품질과 일정을 함께 관리하는 것입니다.

마케팅·광고·MD 조직의 동료와 재무·영업·개발·운영 등 유관 부서, 필요한 경우 외부 파트너와 협업해 의사결정에 필요한 정보를 정리합니다.

이슈가 발생하면 사실과 데이터를 먼저 확인하고 원인을 구분한 뒤, 대안을 비교해 합의된 조치를 실행하고 재발 방지 내용을 문서화합니다.

입사 초기에는 기존 자료와 업무 흐름을 파악하고 Google Ads·GA4 환경을 익힌 뒤, 담당 영역의 개선 과제와 표준화 작업을 단계적으로 주도합니다.

성과는 결과물의 정확성, 일정 준수, 이해관계자와의 명확한 소통, 사용자와 사업에 미치는 영향을 기준으로 평가합니다.","- 검토 회의 운영과 의사결정 근거·변경 이력 문서화
- 성과지표 설정 및 결과 데이터 분석을 통한 개선안 제안
- 업무상 리스크 사전 점검과 문제 발생 시 원인 분석·후속 조치
- 재사용 가능한 체크리스트·가이드·템플릿 정비
- 고객 또는 내부 사용자의 피드백을 반영한 결과물 품질 개선
- 검색·디스플레이 광고 운영 관련 연간·분기 실행계획 수립
- 매체비·전환·ROAS 데이터 수집·정리 및 핵심 이슈 분석
- Google Ads·GA4를 활용한 업무 산출물 작성과 버전 관리
- 요구사항을 세부 과제와 일정으로 구체화하고 진행 현황 관리","- 검색·디스플레이 광고 운영 관련 지식 또는 프로젝트·실무 경험을 보유한 분
- 매체비·전환·ROAS 데이터를 정확히 해석하고 업무 문서로 구조화할 수 있는 분
- Google Ads·GA4 중 직무에 필요한 도구를 실무에 적용할 수 있는 분
- 유관 부서와 쟁점을 명확히 설명하고 일정에 맞춰 협업할 수 있는 분
- 문제 원인을 근거에 따라 분석하고 실행 가능한 대안을 제시할 수 있는 분
- 업무상 취급하는 개인정보와 기밀정보를 안전하게 관리할 수 있는 분
- 온라인마케터 또는 유사 분야의 2년 이상 실무 경험을 보유한 분","- Google Analytics Certification 보유자
- 검색광고마케터 1급 보유자
- Google Ads Search Certification 보유자
- 검색·디스플레이 광고 운영 관련 프로젝트를 기획부터 결과 검토까지 수행한 경험
- Google Ads·GA4를 활용해 반복 업무를 개선하거나 품질 기준을 정립한 경험
- 외부 파트너 또는 다양한 이해관계자와 복잡한 요구사항을 조율한 경험","- 지원 자격 또는 필수 면허 요건을 충족하지 못한 경우
- 전형 과정에서 타인의 결과물을 무단 사용한 경우
- 채용검진 결과 담당 업무 수행이 곤란한 경우
- 관계 법령상 취업이 제한되는 경우",서류전형 > 인성검사 > 실무면접 > 최종면접
온라인마케터 운영 담당자 채용,136,36,20260501,20260529,19,신입·경력,정규직,경상남도,학사 이상,"중견기업 전략 조직에서 검색·디스플레이 광고 운영을 담당할 온라인마케터를 모집합니다. 이 포지션은 현장의 요구를 실행 가능한 계획과 결과물로 연결하는 역할입니다.

담당 범위는 매체비·전환·ROAS 데이터를 바탕으로 기준을 수립하고, 우선순위에 따라 과제를 실행하며 품질과 일정을 함께 관리하는 것입니다.

마케팅·광고·MD 조직의 동료와 재무·영업·개발·운영 등 유관 부서, 필요한 경우 외부 파트너와 협업해 의사결정에 필요한 정보를 정리합니다.

이슈가 발생하면 사실과 데이터를 먼저 확인하고 원인을 구분한 뒤, 대안을 비교해 합의된 조치를 실행하고 재발 방지 내용을 문서화합니다.

입사 초기에는 기존 자료와 업무 흐름을 파악하고 Google Ads·GA4 환경을 익힌 뒤, 담당 영역의 개선 과제와 표준화 작업을 단계적으로 주도합니다.

성과는 결과물의 정확성, 일정 준수, 이해관계자와의 명확한 소통, 사용자와 사업에 미치는 영향을 기준으로 평가합니다.","- 성과지표 설정 및 결과 데이터 분석을 통한 개선안 제안
- 업무상 리스크 사전 점검과 문제 발생 시 원인 분석·후속 조치
- 재사용 가능한 체크리스트·가이드·템플릿 정비
- 고객 또는 내부 사용자의 피드백을 반영한 결과물 품질 개선
- 검색·디스플레이 광고 운영 관련 연간·분기 실행계획 수립
- 매체비·전환·ROAS 데이터 수집·정리 및 핵심 이슈 분석
- Google Ads·GA4를 활용한 업무 산출물 작성과 버전 관리","- 검색·디스플레이 광고 운영 관련 지식 또는 프로젝트·실무 경험을 보유한 분
- 매체비·전환·ROAS 데이터를 정확히 해석하고 업무 문서로 구조화할 수 있는 분
- Google Ads·GA4 중 직무에 필요한 도구를 실무에 적용할 수 있는 분
- 유관 부서와 쟁점을 명확히 설명하고 일정에 맞춰 협업할 수 있는 분
- 문제 원인을 근거에 따라 분석하고 실행 가능한 대안을 제시할 수 있는 분","- 검색광고마케터 1급 보유자
- Google Ads Search Certification 보유자
- Google Analytics Certification 보유자
- 검색·디스플레이 광고 운영 관련 프로젝트를 기획부터 결과 검토까지 수행한 경험","- 지원서 또는 제출서류를 허위로 기재한 경우
- 채용 과정에서 부정한 방법을 사용한 경우
- 채용검진 결과 직무 수행이 어렵다고 판단되는 경우
- 관련 법령 또는 내부 인사규정상 채용이 불가능한 경우",서류전형 > 직무과제 > 실무면접 > 처우협의
온라인마케터 핵심인재 모집,123,36,20260706,20260806,2,경력 3년 이상,무기계약직,제주특별자치도,학사 이상,"공공서비스 운영기관에서 검색·디스플레이 광고 운영을 담당할 온라인마케터를 모집합니다. 이 포지션은 현장의 요구를 실행 가능한 계획과 결과물로 연결하는 역할입니다.

담당 범위는 매체비·전환·ROAS 데이터를 바탕으로 기준을 수립하고, 우선순위에 따라 과제를 실행하며 품질과 일정을 함께 관리하는 것입니다.

마케팅·광고·MD 조직의 동료와 재무·영업·개발·운영 등 유관 부서, 필요한 경우 외부 파트너와 협업해 의사결정에 필요한 정보를 정리합니다.

이슈가 발생하면 사실과 데이터를 먼저 확인하고 원인을 구분한 뒤, 대안을 비교해 합의된 조치를 실행하고 재발 방지 내용을 문서화합니다.

입사 초기에는 기존 자료와 업무 흐름을 파악하고 Google Ads·GA4 환경을 익힌 뒤, 담당 영역의 개선 과제와 표준화 작업을 단계적으로 주도합니다.

성과는 결과물의 정확성, 일정 준수, 이해관계자와의 명확한 소통, 사용자와 사업에 미치는 영향을 기준으로 평가합니다.","- 업무상 리스크 사전 점검과 문제 발생 시 원인 분석·후속 조치
- 재사용 가능한 체크리스트·가이드·템플릿 정비
- 고객 또는 내부 사용자의 피드백을 반영한 결과물 품질 개선
- 검색·디스플레이 광고 운영 관련 연간·분기 실행계획 수립
- 매체비·전환·ROAS 데이터 수집·정리 및 핵심 이슈 분석
- Google Ads·GA4를 활용한 업무 산출물 작성과 버전 관리
- 요구사항을 세부 과제와 일정으로 구체화하고 진행 현황 관리
- 유관 부서 및 외부 파트너와 기준·일정·결과물 조율","- 검색·디스플레이 광고 운영 관련 지식 또는 프로젝트·실무 경험을 보유한 분
- 매체비·전환·ROAS 데이터를 정확히 해석하고 업무 문서로 구조화할 수 있는 분
- Google Ads·GA4 중 직무에 필요한 도구를 실무에 적용할 수 있는 분
- 유관 부서와 쟁점을 명확히 설명하고 일정에 맞춰 협업할 수 있는 분
- 문제 원인을 근거에 따라 분석하고 실행 가능한 대안을 제시할 수 있는 분
- 업무상 취급하는 개인정보와 기밀정보를 안전하게 관리할 수 있는 분","- Google Ads Search Certification 보유자
- Google Analytics Certification 보유자
- 검색광고마케터 1급 보유자
- 검색·디스플레이 광고 운영 관련 프로젝트를 기획부터 결과 검토까지 수행한 경험
- Google Ads·GA4를 활용해 반복 업무를 개선하거나 품질 기준을 정립한 경험","- 제출한 경력·자격 증빙이 사실과 다른 경우
- 정해진 기한까지 필수 증빙서류를 제출하지 않은 경우
- 해외여행 및 근무에 결격사유가 있는 경우
- 채용 관련 비밀유지 의무를 위반한 경우",서류전형 > 1차면접 > 2차면접 > 채용검진
온라인마케터 전문가 채용,51,36,20260911,20261015,5,경력 무관,정규직,서울특별시,석사 이상,"전문 컨설팅 조직에서 검색·디스플레이 광고 운영을 담당할 온라인마케터를 모집합니다. 이 포지션은 현장의 요구를 실행 가능한 계획과 결과물로 연결하는 역할입니다.

담당 범위는 매체비·전환·ROAS 데이터를 바탕으로 기준을 수립하고, 우선순위에 따라 과제를 실행하며 품질과 일정을 함께 관리하는 것입니다.

마케팅·광고·MD 조직의 동료와 재무·영업·개발·운영 등 유관 부서, 필요한 경우 외부 파트너와 협업해 의사결정에 필요한 정보를 정리합니다.

이슈가 발생하면 사실과 데이터를 먼저 확인하고 원인을 구분한 뒤, 대안을 비교해 합의된 조치를 실행하고 재발 방지 내용을 문서화합니다.

입사 초기에는 기존 자료와 업무 흐름을 파악하고 Google Ads·GA4 환경을 익힌 뒤, 담당 영역의 개선 과제와 표준화 작업을 단계적으로 주도합니다.

성과는 결과물의 정확성, 일정 준수, 이해관계자와의 명확한 소통, 사용자와 사업에 미치는 영향을 기준으로 평가합니다.","- 재사용 가능한 체크리스트·가이드·템플릿 정비
- 고객 또는 내부 사용자의 피드백을 반영한 결과물 품질 개선
- 검색·디스플레이 광고 운영 관련 연간·분기 실행계획 수립
- 매체비·전환·ROAS 데이터 수집·정리 및 핵심 이슈 분석
- Google Ads·GA4를 활용한 업무 산출물 작성과 버전 관리
- 요구사항을 세부 과제와 일정으로 구체화하고 진행 현황 관리
- 유관 부서 및 외부 파트너와 기준·일정·결과물 조율
- 검토 회의 운영과 의사결정 근거·변경 이력 문서화
- 성과지표 설정 및 결과 데이터 분석을 통한 개선안 제안","- 검색·디스플레이 광고 운영 관련 지식 또는 프로젝트·실무 경험을 보유한 분
- 매체비·전환·ROAS 데이터를 정확히 해석하고 업무 문서로 구조화할 수 있는 분
- Google Ads·GA4 중 직무에 필요한 도구를 실무에 적용할 수 있는 분
- 유관 부서와 쟁점을 명확히 설명하고 일정에 맞춰 협업할 수 있는 분
- 문제 원인을 근거에 따라 분석하고 실행 가능한 대안을 제시할 수 있는 분
- 업무상 취급하는 개인정보와 기밀정보를 안전하게 관리할 수 있는 분
- 새로운 업무 기준과 도구를 빠르게 학습할 수 있는 분","- Google Analytics Certification 보유자
- 검색광고마케터 1급 보유자
- Google Ads Search Certification 보유자
- 검색·디스플레이 광고 운영 관련 프로젝트를 기획부터 결과 검토까지 수행한 경험
- Google Ads·GA4를 활용해 반복 업무를 개선하거나 품질 기준을 정립한 경험
- 외부 파트너 또는 다양한 이해관계자와 복잡한 요구사항을 조율한 경험","- 지원 자격 또는 필수 면허 요건을 충족하지 못한 경우
- 전형 과정에서 타인의 결과물을 무단 사용한 경우
- 채용검진 결과 담당 업무 수행이 곤란한 경우
- 관계 법령상 취업이 제한되는 경우",서류전형 > 필기전형 > 면접전형 > 최종합격
온라인마케터 신규 인력 모집,87,36,20261116,20261223,8,경력 5년 이상,기간제,경기도,학력무관,"글로벌 사업 조직에서 검색·디스플레이 광고 운영을 담당할 온라인마케터를 모집합니다. 이 포지션은 현장의 요구를 실행 가능한 계획과 결과물로 연결하는 역할입니다.

담당 범위는 매체비·전환·ROAS 데이터를 바탕으로 기준을 수립하고, 우선순위에 따라 과제를 실행하며 품질과 일정을 함께 관리하는 것입니다.

마케팅·광고·MD 조직의 동료와 재무·영업·개발·운영 등 유관 부서, 필요한 경우 외부 파트너와 협업해 의사결정에 필요한 정보를 정리합니다.

이슈가 발생하면 사실과 데이터를 먼저 확인하고 원인을 구분한 뒤, 대안을 비교해 합의된 조치를 실행하고 재발 방지 내용을 문서화합니다.

입사 초기에는 기존 자료와 업무 흐름을 파악하고 Google Ads·GA4 환경을 익힌 뒤, 담당 영역의 개선 과제와 표준화 작업을 단계적으로 주도합니다.

성과는 결과물의 정확성, 일정 준수, 이해관계자와의 명확한 소통, 사용자와 사업에 미치는 영향을 기준으로 평가합니다.","- 고객 또는 내부 사용자의 피드백을 반영한 결과물 품질 개선
- 검색·디스플레이 광고 운영 관련 연간·분기 실행계획 수립
- 매체비·전환·ROAS 데이터 수집·정리 및 핵심 이슈 분석
- Google Ads·GA4를 활용한 업무 산출물 작성과 버전 관리
- 요구사항을 세부 과제와 일정으로 구체화하고 진행 현황 관리
- 유관 부서 및 외부 파트너와 기준·일정·결과물 조율
- 검토 회의 운영과 의사결정 근거·변경 이력 문서화","- 검색·디스플레이 광고 운영 관련 지식 또는 프로젝트·실무 경험을 보유한 분
- 매체비·전환·ROAS 데이터를 정확히 해석하고 업무 문서로 구조화할 수 있는 분
- Google Ads·GA4 중 직무에 필요한 도구를 실무에 적용할 수 있는 분
- 유관 부서와 쟁점을 명확히 설명하고 일정에 맞춰 협업할 수 있는 분
- 문제 원인을 근거에 따라 분석하고 실행 가능한 대안을 제시할 수 있는 분","- 검색광고마케터 1급 보유자
- Google Ads Search Certification 보유자
- Google Analytics Certification 보유자
- 검색·디스플레이 광고 운영 관련 프로젝트를 기획부터 결과 검토까지 수행한 경험","- 지원서 또는 제출서류를 허위로 기재한 경우
- 채용 과정에서 부정한 방법을 사용한 경우
- 채용검진 결과 직무 수행이 어렵다고 판단되는 경우
- 관련 법령 또는 내부 인사규정상 채용이 불가능한 경우",서류전형 > 실무면접 > 최종면접
콘텐츠마케터 담당자 모집,41,37,20260520,20260606,6,신입·경력,계약직,부산광역시,학사 이상,"플랫폼 운영 조직에서 콘텐츠 전략·제작·성과 분석을 담당할 콘텐츠마케터를 모집합니다. 이 포지션은 현장의 요구를 실행 가능한 계획과 결과물로 연결하는 역할입니다.

담당 범위는 콘텐츠 캘린더·조회·전환 데이터를 바탕으로 기준을 수립하고, 우선순위에 따라 과제를 실행하며 품질과 일정을 함께 관리하는 것입니다.

마케팅·광고·MD 조직의 동료와 재무·영업·개발·운영 등 유관 부서, 필요한 경우 외부 파트너와 협업해 의사결정에 필요한 정보를 정리합니다.

이슈가 발생하면 사실과 데이터를 먼저 확인하고 원인을 구분한 뒤, 대안을 비교해 합의된 조치를 실행하고 재발 방지 내용을 문서화합니다.

입사 초기에는 기존 자료와 업무 흐름을 파악하고 CMS·GA4 환경을 익힌 뒤, 담당 영역의 개선 과제와 표준화 작업을 단계적으로 주도합니다.

성과는 결과물의 정확성, 일정 준수, 이해관계자와의 명확한 소통, 사용자와 사업에 미치는 영향을 기준으로 평가합니다.","- 콘텐츠 전략·제작·성과 분석 관련 연간·분기 실행계획 수립
- 콘텐츠 캘린더·조회·전환 데이터 수집·정리 및 핵심 이슈 분석
- CMS·GA4를 활용한 업무 산출물 작성과 버전 관리
- 요구사항을 세부 과제와 일정으로 구체화하고 진행 현황 관리
- 유관 부서 및 외부 파트너와 기준·일정·결과물 조율
- 검토 회의 운영과 의사결정 근거·변경 이력 문서화
- 성과지표 설정 및 결과 데이터 분석을 통한 개선안 제안","- 콘텐츠 전략·제작·성과 분석 관련 지식 또는 프로젝트·실무 경험을 보유한 분
- 콘텐츠 캘린더·조회·전환 데이터를 정확히 해석하고 업무 문서로 구조화할 수 있는 분
- CMS·GA4 중 직무에 필요한 도구를 실무에 적용할 수 있는 분
- 유관 부서와 쟁점을 명확히 설명하고 일정에 맞춰 협업할 수 있는 분
- 문제 원인을 근거에 따라 분석하고 실행 가능한 대안을 제시할 수 있는 분","- Google Analytics Certification 보유자
- 검색광고마케터 1급 보유자
- Meta Certified Digital Marketing Associate 보유자
- 콘텐츠 전략·제작·성과 분석 관련 프로젝트를 기획부터 결과 검토까지 수행한 경험","- 제출한 경력·자격 증빙이 사실과 다른 경우
- 정해진 기한까지 필수 증빙서류를 제출하지 않은 경우
- 해외여행 및 근무에 결격사유가 있는 경우
- 채용 관련 비밀유지 의무를 위반한 경우",서류전형 > 직무과제 > 실무면접 > 처우협의
콘텐츠마케터 실무자 채용,77,37,20260702,20260722,9,경력 2년 이상,정규직,광주광역시,학사 이상,"브랜드 사업 조직에서 콘텐츠 전략·제작·성과 분석을 담당할 콘텐츠마케터를 모집합니다. 이 포지션은 현장의 요구를 실행 가능한 계획과 결과물로 연결하는 역할입니다.

담당 범위는 콘텐츠 캘린더·조회·전환 데이터를 바탕으로 기준을 수립하고, 우선순위에 따라 과제를 실행하며 품질과 일정을 함께 관리하는 것입니다.

마케팅·광고·MD 조직의 동료와 재무·영업·개발·운영 등 유관 부서, 필요한 경우 외부 파트너와 협업해 의사결정에 필요한 정보를 정리합니다.

이슈가 발생하면 사실과 데이터를 먼저 확인하고 원인을 구분한 뒤, 대안을 비교해 합의된 조치를 실행하고 재발 방지 내용을 문서화합니다.

입사 초기에는 기존 자료와 업무 흐름을 파악하고 CMS·GA4 환경을 익힌 뒤, 담당 영역의 개선 과제와 표준화 작업을 단계적으로 주도합니다.

성과는 결과물의 정확성, 일정 준수, 이해관계자와의 명확한 소통, 사용자와 사업에 미치는 영향을 기준으로 평가합니다.","- 콘텐츠 캘린더·조회·전환 데이터 수집·정리 및 핵심 이슈 분석
- CMS·GA4를 활용한 업무 산출물 작성과 버전 관리
- 요구사항을 세부 과제와 일정으로 구체화하고 진행 현황 관리
- 유관 부서 및 외부 파트너와 기준·일정·결과물 조율
- 검토 회의 운영과 의사결정 근거·변경 이력 문서화
- 성과지표 설정 및 결과 데이터 분석을 통한 개선안 제안
- 업무상 리스크 사전 점검과 문제 발생 시 원인 분석·후속 조치
- 재사용 가능한 체크리스트·가이드·템플릿 정비","- 콘텐츠 전략·제작·성과 분석 관련 지식 또는 프로젝트·실무 경험을 보유한 분
- 콘텐츠 캘린더·조회·전환 데이터를 정확히 해석하고 업무 문서로 구조화할 수 있는 분
- CMS·GA4 중 직무에 필요한 도구를 실무에 적용할 수 있는 분
- 유관 부서와 쟁점을 명확히 설명하고 일정에 맞춰 협업할 수 있는 분
- 문제 원인을 근거에 따라 분석하고 실행 가능한 대안을 제시할 수 있는 분
- 업무상 취급하는 개인정보와 기밀정보를 안전하게 관리할 수 있는 분","- 검색광고마케터 1급 보유자
- Meta Certified Digital Marketing Associate 보유자
- Google Analytics Certification 보유자
- 콘텐츠 전략·제작·성과 분석 관련 프로젝트를 기획부터 결과 검토까지 수행한 경험
- CMS·GA4를 활용해 반복 업무를 개선하거나 품질 기준을 정립한 경험","- 지원 자격 또는 필수 면허 요건을 충족하지 못한 경우
- 전형 과정에서 타인의 결과물을 무단 사용한 경우
- 채용검진 결과 담당 업무 수행이 곤란한 경우
- 관계 법령상 취업이 제한되는 경우",서류전형 > 1차면접 > 2차면접 > 채용검진
콘텐츠마케터 전문인력 모집,16,37,20260907,20260930,12,경력 3년 이상,무기계약직,세종특별자치시,석사 이상,"지역 기반 전문기관에서 콘텐츠 전략·제작·성과 분석을 담당할 콘텐츠마케터를 모집합니다. 이 포지션은 현장의 요구를 실행 가능한 계획과 결과물로 연결하는 역할입니다.

담당 범위는 콘텐츠 캘린더·조회·전환 데이터를 바탕으로 기준을 수립하고, 우선순위에 따라 과제를 실행하며 품질과 일정을 함께 관리하는 것입니다.

마케팅·광고·MD 조직의 동료와 재무·영업·개발·운영 등 유관 부서, 필요한 경우 외부 파트너와 협업해 의사결정에 필요한 정보를 정리합니다.

이슈가 발생하면 사실과 데이터를 먼저 확인하고 원인을 구분한 뒤, 대안을 비교해 합의된 조치를 실행하고 재발 방지 내용을 문서화합니다.

입사 초기에는 기존 자료와 업무 흐름을 파악하고 CMS·GA4 환경을 익힌 뒤, 담당 영역의 개선 과제와 표준화 작업을 단계적으로 주도합니다.

성과는 결과물의 정확성, 일정 준수, 이해관계자와의 명확한 소통, 사용자와 사업에 미치는 영향을 기준으로 평가합니다.","- CMS·GA4를 활용한 업무 산출물 작성과 버전 관리
- 요구사항을 세부 과제와 일정으로 구체화하고 진행 현황 관리
- 유관 부서 및 외부 파트너와 기준·일정·결과물 조율
- 검토 회의 운영과 의사결정 근거·변경 이력 문서화
- 성과지표 설정 및 결과 데이터 분석을 통한 개선안 제안
- 업무상 리스크 사전 점검과 문제 발생 시 원인 분석·후속 조치
- 재사용 가능한 체크리스트·가이드·템플릿 정비
- 고객 또는 내부 사용자의 피드백을 반영한 결과물 품질 개선
- 콘텐츠 전략·제작·성과 분석 관련 연간·분기 실행계획 수립","- 콘텐츠 전략·제작·성과 분석 관련 지식 또는 프로젝트·실무 경험을 보유한 분
- 콘텐츠 캘린더·조회·전환 데이터를 정확히 해석하고 업무 문서로 구조화할 수 있는 분
- CMS·GA4 중 직무에 필요한 도구를 실무에 적용할 수 있는 분
- 유관 부서와 쟁점을 명확히 설명하고 일정에 맞춰 협업할 수 있는 분
- 문제 원인을 근거에 따라 분석하고 실행 가능한 대안을 제시할 수 있는 분
- 업무상 취급하는 개인정보와 기밀정보를 안전하게 관리할 수 있는 분
- 콘텐츠마케터 또는 유사 분야의 3년 이상 실무 경험을 보유한 분","- Meta Certified Digital Marketing Associate 보유자
- Google Analytics Certification 보유자
- 검색광고마케터 1급 보유자
- 콘텐츠 전략·제작·성과 분석 관련 프로젝트를 기획부터 결과 검토까지 수행한 경험
- CMS·GA4를 활용해 반복 업무를 개선하거나 품질 기준을 정립한 경험
- 외부 파트너 또는 다양한 이해관계자와 복잡한 요구사항을 조율한 경험","- 지원서 또는 제출서류를 허위로 기재한 경우
- 채용 과정에서 부정한 방법을 사용한 경우
- 채용검진 결과 직무 수행이 어렵다고 판단되는 경우
- 관련 법령 또는 내부 인사규정상 채용이 불가능한 경우",서류전형 > 필기전형 > 면접전형 > 최종합격
콘텐츠마케터 인재 채용,79,37,20261112,20261208,15,신입,정규직,충청남도,학력무관,"디지털 서비스 조직에서 콘텐츠 전략·제작·성과 분석을 담당할 콘텐츠마케터를 모집합니다. 이 포지션은 현장의 요구를 실행 가능한 계획과 결과물로 연결하는 역할입니다.

담당 범위는 콘텐츠 캘린더·조회·전환 데이터를 바탕으로 기준을 수립하고, 우선순위에 따라 과제를 실행하며 품질과 일정을 함께 관리하는 것입니다.

마케팅·광고·MD 조직의 동료와 재무·영업·개발·운영 등 유관 부서, 필요한 경우 외부 파트너와 협업해 의사결정에 필요한 정보를 정리합니다.

이슈가 발생하면 사실과 데이터를 먼저 확인하고 원인을 구분한 뒤, 대안을 비교해 합의된 조치를 실행하고 재발 방지 내용을 문서화합니다.

입사 초기에는 기존 자료와 업무 흐름을 파악하고 CMS·GA4 환경을 익힌 뒤, 담당 영역의 개선 과제와 표준화 작업을 단계적으로 주도합니다.

성과는 결과물의 정확성, 일정 준수, 이해관계자와의 명확한 소통, 사용자와 사업에 미치는 영향을 기준으로 평가합니다.","- 요구사항을 세부 과제와 일정으로 구체화하고 진행 현황 관리
- 유관 부서 및 외부 파트너와 기준·일정·결과물 조율
- 검토 회의 운영과 의사결정 근거·변경 이력 문서화
- 성과지표 설정 및 결과 데이터 분석을 통한 개선안 제안
- 업무상 리스크 사전 점검과 문제 발생 시 원인 분석·후속 조치
- 재사용 가능한 체크리스트·가이드·템플릿 정비
- 고객 또는 내부 사용자의 피드백을 반영한 결과물 품질 개선","- 콘텐츠 전략·제작·성과 분석 관련 지식 또는 프로젝트·실무 경험을 보유한 분
- 콘텐츠 캘린더·조회·전환 데이터를 정확히 해석하고 업무 문서로 구조화할 수 있는 분
- CMS·GA4 중 직무에 필요한 도구를 실무에 적용할 수 있는 분
- 유관 부서와 쟁점을 명확히 설명하고 일정에 맞춰 협업할 수 있는 분
- 문제 원인을 근거에 따라 분석하고 실행 가능한 대안을 제시할 수 있는 분","- Google Analytics Certification 보유자
- 검색광고마케터 1급 보유자
- Meta Certified Digital Marketing Associate 보유자
- 콘텐츠 전략·제작·성과 분석 관련 프로젝트를 기획부터 결과 검토까지 수행한 경험","- 제출한 경력·자격 증빙이 사실과 다른 경우
- 정해진 기한까지 필수 증빙서류를 제출하지 않은 경우
- 해외여행 및 근무에 결격사유가 있는 경우
- 채용 관련 비밀유지 의무를 위반한 경우",서류전형 > 실무면접 > 최종면접
콘텐츠마케터 공개채용,90,37,20260217,20260318,18,경력 2년 이상,계약직,경상남도,전문학사 이상,"성장 단계 스타트업에서 콘텐츠 전략·제작·성과 분석을 담당할 콘텐츠마케터를 모집합니다. 이 포지션은 현장의 요구를 실행 가능한 계획과 결과물로 연결하는 역할입니다.

담당 범위는 콘텐츠 캘린더·조회·전환 데이터를 바탕으로 기준을 수립하고, 우선순위에 따라 과제를 실행하며 품질과 일정을 함께 관리하는 것입니다.

마케팅·광고·MD 조직의 동료와 재무·영업·개발·운영 등 유관 부서, 필요한 경우 외부 파트너와 협업해 의사결정에 필요한 정보를 정리합니다.

이슈가 발생하면 사실과 데이터를 먼저 확인하고 원인을 구분한 뒤, 대안을 비교해 합의된 조치를 실행하고 재발 방지 내용을 문서화합니다.

입사 초기에는 기존 자료와 업무 흐름을 파악하고 CMS·GA4 환경을 익힌 뒤, 담당 영역의 개선 과제와 표준화 작업을 단계적으로 주도합니다.

성과는 결과물의 정확성, 일정 준수, 이해관계자와의 명확한 소통, 사용자와 사업에 미치는 영향을 기준으로 평가합니다.","- 유관 부서 및 외부 파트너와 기준·일정·결과물 조율
- 검토 회의 운영과 의사결정 근거·변경 이력 문서화
- 성과지표 설정 및 결과 데이터 분석을 통한 개선안 제안
- 업무상 리스크 사전 점검과 문제 발생 시 원인 분석·후속 조치
- 재사용 가능한 체크리스트·가이드·템플릿 정비
- 고객 또는 내부 사용자의 피드백을 반영한 결과물 품질 개선
- 콘텐츠 전략·제작·성과 분석 관련 연간·분기 실행계획 수립
- 콘텐츠 캘린더·조회·전환 데이터 수집·정리 및 핵심 이슈 분석","- 콘텐츠 전략·제작·성과 분석 관련 지식 또는 프로젝트·실무 경험을 보유한 분
- 콘텐츠 캘린더·조회·전환 데이터를 정확히 해석하고 업무 문서로 구조화할 수 있는 분
- CMS·GA4 중 직무에 필요한 도구를 실무에 적용할 수 있는 분
- 유관 부서와 쟁점을 명확히 설명하고 일정에 맞춰 협업할 수 있는 분
- 문제 원인을 근거에 따라 분석하고 실행 가능한 대안을 제시할 수 있는 분
- 업무상 취급하는 개인정보와 기밀정보를 안전하게 관리할 수 있는 분","- 검색광고마케터 1급 보유자
- Meta Certified Digital Marketing Associate 보유자
- Google Analytics Certification 보유자
- 콘텐츠 전략·제작·성과 분석 관련 프로젝트를 기획부터 결과 검토까지 수행한 경험
- CMS·GA4를 활용해 반복 업무를 개선하거나 품질 기준을 정립한 경험","- 지원 자격 또는 필수 면허 요건을 충족하지 못한 경우
- 전형 과정에서 타인의 결과물을 무단 사용한 경우
- 채용검진 결과 담당 업무 수행이 곤란한 경우
- 관계 법령상 취업이 제한되는 경우",서류전형 > 인성검사 > 실무면접 > 최종면접
콘텐츠마케터 프로젝트 담당 모집,41,37,20260422,20260524,1,신입·경력,정규직,제주특별자치도,학사 이상,"중견기업 전략 조직에서 콘텐츠 전략·제작·성과 분석을 담당할 콘텐츠마케터를 모집합니다. 이 포지션은 현장의 요구를 실행 가능한 계획과 결과물로 연결하는 역할입니다.

담당 범위는 콘텐츠 캘린더·조회·전환 데이터를 바탕으로 기준을 수립하고, 우선순위에 따라 과제를 실행하며 품질과 일정을 함께 관리하는 것입니다.

마케팅·광고·MD 조직의 동료와 재무·영업·개발·운영 등 유관 부서, 필요한 경우 외부 파트너와 협업해 의사결정에 필요한 정보를 정리합니다.

이슈가 발생하면 사실과 데이터를 먼저 확인하고 원인을 구분한 뒤, 대안을 비교해 합의된 조치를 실행하고 재발 방지 내용을 문서화합니다.

입사 초기에는 기존 자료와 업무 흐름을 파악하고 CMS·GA4 환경을 익힌 뒤, 담당 영역의 개선 과제와 표준화 작업을 단계적으로 주도합니다.

성과는 결과물의 정확성, 일정 준수, 이해관계자와의 명확한 소통, 사용자와 사업에 미치는 영향을 기준으로 평가합니다.","- 검토 회의 운영과 의사결정 근거·변경 이력 문서화
- 성과지표 설정 및 결과 데이터 분석을 통한 개선안 제안
- 업무상 리스크 사전 점검과 문제 발생 시 원인 분석·후속 조치
- 재사용 가능한 체크리스트·가이드·템플릿 정비
- 고객 또는 내부 사용자의 피드백을 반영한 결과물 품질 개선
- 콘텐츠 전략·제작·성과 분석 관련 연간·분기 실행계획 수립
- 콘텐츠 캘린더·조회·전환 데이터 수집·정리 및 핵심 이슈 분석
- CMS·GA4를 활용한 업무 산출물 작성과 버전 관리
- 요구사항을 세부 과제와 일정으로 구체화하고 진행 현황 관리","- 콘텐츠 전략·제작·성과 분석 관련 지식 또는 프로젝트·실무 경험을 보유한 분
- 콘텐츠 캘린더·조회·전환 데이터를 정확히 해석하고 업무 문서로 구조화할 수 있는 분
- CMS·GA4 중 직무에 필요한 도구를 실무에 적용할 수 있는 분
- 유관 부서와 쟁점을 명확히 설명하고 일정에 맞춰 협업할 수 있는 분
- 문제 원인을 근거에 따라 분석하고 실행 가능한 대안을 제시할 수 있는 분
- 업무상 취급하는 개인정보와 기밀정보를 안전하게 관리할 수 있는 분
- 콘텐츠마케터 또는 유사 분야의 신입·경력 실무 경험을 보유한 분","- Meta Certified Digital Marketing Associate 보유자
- Google Analytics Certification 보유자
- 검색광고마케터 1급 보유자
- 콘텐츠 전략·제작·성과 분석 관련 프로젝트를 기획부터 결과 검토까지 수행한 경험
- CMS·GA4를 활용해 반복 업무를 개선하거나 품질 기준을 정립한 경험
- 외부 파트너 또는 다양한 이해관계자와 복잡한 요구사항을 조율한 경험","- 지원서 또는 제출서류를 허위로 기재한 경우
- 채용 과정에서 부정한 방법을 사용한 경우
- 채용검진 결과 직무 수행이 어렵다고 판단되는 경우
- 관련 법령 또는 내부 인사규정상 채용이 불가능한 경우",서류전형 > 직무과제 > 실무면접 > 처우협의
콘텐츠마케터 운영 담당자 채용,79,37,20260604,20260709,4,경력 3년 이상,무기계약직,서울특별시,학사 이상,"공공서비스 운영기관에서 콘텐츠 전략·제작·성과 분석을 담당할 콘텐츠마케터를 모집합니다. 이 포지션은 현장의 요구를 실행 가능한 계획과 결과물로 연결하는 역할입니다.

담당 범위는 콘텐츠 캘린더·조회·전환 데이터를 바탕으로 기준을 수립하고, 우선순위에 따라 과제를 실행하며 품질과 일정을 함께 관리하는 것입니다.

마케팅·광고·MD 조직의 동료와 재무·영업·개발·운영 등 유관 부서, 필요한 경우 외부 파트너와 협업해 의사결정에 필요한 정보를 정리합니다.

이슈가 발생하면 사실과 데이터를 먼저 확인하고 원인을 구분한 뒤, 대안을 비교해 합의된 조치를 실행하고 재발 방지 내용을 문서화합니다.

입사 초기에는 기존 자료와 업무 흐름을 파악하고 CMS·GA4 환경을 익힌 뒤, 담당 영역의 개선 과제와 표준화 작업을 단계적으로 주도합니다.

성과는 결과물의 정확성, 일정 준수, 이해관계자와의 명확한 소통, 사용자와 사업에 미치는 영향을 기준으로 평가합니다.","- 성과지표 설정 및 결과 데이터 분석을 통한 개선안 제안
- 업무상 리스크 사전 점검과 문제 발생 시 원인 분석·후속 조치
- 재사용 가능한 체크리스트·가이드·템플릿 정비
- 고객 또는 내부 사용자의 피드백을 반영한 결과물 품질 개선
- 콘텐츠 전략·제작·성과 분석 관련 연간·분기 실행계획 수립
- 콘텐츠 캘린더·조회·전환 데이터 수집·정리 및 핵심 이슈 분석
- CMS·GA4를 활용한 업무 산출물 작성과 버전 관리","- 콘텐츠 전략·제작·성과 분석 관련 지식 또는 프로젝트·실무 경험을 보유한 분
- 콘텐츠 캘린더·조회·전환 데이터를 정확히 해석하고 업무 문서로 구조화할 수 있는 분
- CMS·GA4 중 직무에 필요한 도구를 실무에 적용할 수 있는 분
- 유관 부서와 쟁점을 명확히 설명하고 일정에 맞춰 협업할 수 있는 분
- 문제 원인을 근거에 따라 분석하고 실행 가능한 대안을 제시할 수 있는 분","- Google Analytics Certification 보유자
- 검색광고마케터 1급 보유자
- Meta Certified Digital Marketing Associate 보유자
- 콘텐츠 전략·제작·성과 분석 관련 프로젝트를 기획부터 결과 검토까지 수행한 경험","- 제출한 경력·자격 증빙이 사실과 다른 경우
- 정해진 기한까지 필수 증빙서류를 제출하지 않은 경우
- 해외여행 및 근무에 결격사유가 있는 경우
- 채용 관련 비밀유지 의무를 위반한 경우",서류전형 > 1차면접 > 2차면접 > 채용검진
콘텐츠마케터 핵심인재 모집,5,37,20260809,20260916,7,경력 무관,정규직,경기도,석사 이상,"전문 컨설팅 조직에서 콘텐츠 전략·제작·성과 분석을 담당할 콘텐츠마케터를 모집합니다. 이 포지션은 현장의 요구를 실행 가능한 계획과 결과물로 연결하는 역할입니다.

담당 범위는 콘텐츠 캘린더·조회·전환 데이터를 바탕으로 기준을 수립하고, 우선순위에 따라 과제를 실행하며 품질과 일정을 함께 관리하는 것입니다.

마케팅·광고·MD 조직의 동료와 재무·영업·개발·운영 등 유관 부서, 필요한 경우 외부 파트너와 협업해 의사결정에 필요한 정보를 정리합니다.

이슈가 발생하면 사실과 데이터를 먼저 확인하고 원인을 구분한 뒤, 대안을 비교해 합의된 조치를 실행하고 재발 방지 내용을 문서화합니다.

입사 초기에는 기존 자료와 업무 흐름을 파악하고 CMS·GA4 환경을 익힌 뒤, 담당 영역의 개선 과제와 표준화 작업을 단계적으로 주도합니다.

성과는 결과물의 정확성, 일정 준수, 이해관계자와의 명확한 소통, 사용자와 사업에 미치는 영향을 기준으로 평가합니다.","- 업무상 리스크 사전 점검과 문제 발생 시 원인 분석·후속 조치
- 재사용 가능한 체크리스트·가이드·템플릿 정비
- 고객 또는 내부 사용자의 피드백을 반영한 결과물 품질 개선
- 콘텐츠 전략·제작·성과 분석 관련 연간·분기 실행계획 수립
- 콘텐츠 캘린더·조회·전환 데이터 수집·정리 및 핵심 이슈 분석
- CMS·GA4를 활용한 업무 산출물 작성과 버전 관리
- 요구사항을 세부 과제와 일정으로 구체화하고 진행 현황 관리
- 유관 부서 및 외부 파트너와 기준·일정·결과물 조율","- 콘텐츠 전략·제작·성과 분석 관련 지식 또는 프로젝트·실무 경험을 보유한 분
- 콘텐츠 캘린더·조회·전환 데이터를 정확히 해석하고 업무 문서로 구조화할 수 있는 분
- CMS·GA4 중 직무에 필요한 도구를 실무에 적용할 수 있는 분
- 유관 부서와 쟁점을 명확히 설명하고 일정에 맞춰 협업할 수 있는 분
- 문제 원인을 근거에 따라 분석하고 실행 가능한 대안을 제시할 수 있는 분
- 업무상 취급하는 개인정보와 기밀정보를 안전하게 관리할 수 있는 분","- 검색광고마케터 1급 보유자
- Meta Certified Digital Marketing Associate 보유자
- Google Analytics Certification 보유자
- 콘텐츠 전략·제작·성과 분석 관련 프로젝트를 기획부터 결과 검토까지 수행한 경험
- CMS·GA4를 활용해 반복 업무를 개선하거나 품질 기준을 정립한 경험","- 지원 자격 또는 필수 면허 요건을 충족하지 못한 경우
- 전형 과정에서 타인의 결과물을 무단 사용한 경우
- 채용검진 결과 담당 업무 수행이 곤란한 경우
- 관계 법령상 취업이 제한되는 경우",서류전형 > 필기전형 > 면접전형 > 최종합격
콘텐츠마케터 전문가 채용,106,37,20261014,20261124,10,경력 5년 이상,기간제,인천광역시,학력무관,"글로벌 사업 조직에서 콘텐츠 전략·제작·성과 분석을 담당할 콘텐츠마케터를 모집합니다. 이 포지션은 현장의 요구를 실행 가능한 계획과 결과물로 연결하는 역할입니다.

담당 범위는 콘텐츠 캘린더·조회·전환 데이터를 바탕으로 기준을 수립하고, 우선순위에 따라 과제를 실행하며 품질과 일정을 함께 관리하는 것입니다.

마케팅·광고·MD 조직의 동료와 재무·영업·개발·운영 등 유관 부서, 필요한 경우 외부 파트너와 협업해 의사결정에 필요한 정보를 정리합니다.

이슈가 발생하면 사실과 데이터를 먼저 확인하고 원인을 구분한 뒤, 대안을 비교해 합의된 조치를 실행하고 재발 방지 내용을 문서화합니다.

입사 초기에는 기존 자료와 업무 흐름을 파악하고 CMS·GA4 환경을 익힌 뒤, 담당 영역의 개선 과제와 표준화 작업을 단계적으로 주도합니다.

성과는 결과물의 정확성, 일정 준수, 이해관계자와의 명확한 소통, 사용자와 사업에 미치는 영향을 기준으로 평가합니다.","- 재사용 가능한 체크리스트·가이드·템플릿 정비
- 고객 또는 내부 사용자의 피드백을 반영한 결과물 품질 개선
- 콘텐츠 전략·제작·성과 분석 관련 연간·분기 실행계획 수립
- 콘텐츠 캘린더·조회·전환 데이터 수집·정리 및 핵심 이슈 분석
- CMS·GA4를 활용한 업무 산출물 작성과 버전 관리
- 요구사항을 세부 과제와 일정으로 구체화하고 진행 현황 관리
- 유관 부서 및 외부 파트너와 기준·일정·결과물 조율
- 검토 회의 운영과 의사결정 근거·변경 이력 문서화
- 성과지표 설정 및 결과 데이터 분석을 통한 개선안 제안","- 콘텐츠 전략·제작·성과 분석 관련 지식 또는 프로젝트·실무 경험을 보유한 분
- 콘텐츠 캘린더·조회·전환 데이터를 정확히 해석하고 업무 문서로 구조화할 수 있는 분
- CMS·GA4 중 직무에 필요한 도구를 실무에 적용할 수 있는 분
- 유관 부서와 쟁점을 명확히 설명하고 일정에 맞춰 협업할 수 있는 분
- 문제 원인을 근거에 따라 분석하고 실행 가능한 대안을 제시할 수 있는 분
- 업무상 취급하는 개인정보와 기밀정보를 안전하게 관리할 수 있는 분
- 콘텐츠마케터 또는 유사 분야의 5년 이상 실무 경험을 보유한 분","- Meta Certified Digital Marketing Associate 보유자
- Google Analytics Certification 보유자
- 검색광고마케터 1급 보유자
- 콘텐츠 전략·제작·성과 분석 관련 프로젝트를 기획부터 결과 검토까지 수행한 경험
- CMS·GA4를 활용해 반복 업무를 개선하거나 품질 기준을 정립한 경험
- 외부 파트너 또는 다양한 이해관계자와 복잡한 요구사항을 조율한 경험","- 지원서 또는 제출서류를 허위로 기재한 경우
- 채용 과정에서 부정한 방법을 사용한 경우
- 채용검진 결과 직무 수행이 어렵다고 판단되는 경우
- 관련 법령 또는 내부 인사규정상 채용이 불가능한 경우",서류전형 > 실무면접 > 최종면접
콘텐츠마케터 신규 인력 모집,90,37,20260119,20260304,13,경력,정규직,대전광역시,전문학사 이상,"연구개발 중심 조직에서 콘텐츠 전략·제작·성과 분석을 담당할 콘텐츠마케터를 모집합니다. 이 포지션은 현장의 요구를 실행 가능한 계획과 결과물로 연결하는 역할입니다.

담당 범위는 콘텐츠 캘린더·조회·전환 데이터를 바탕으로 기준을 수립하고, 우선순위에 따라 과제를 실행하며 품질과 일정을 함께 관리하는 것입니다.

마케팅·광고·MD 조직의 동료와 재무·영업·개발·운영 등 유관 부서, 필요한 경우 외부 파트너와 협업해 의사결정에 필요한 정보를 정리합니다.

이슈가 발생하면 사실과 데이터를 먼저 확인하고 원인을 구분한 뒤, 대안을 비교해 합의된 조치를 실행하고 재발 방지 내용을 문서화합니다.

입사 초기에는 기존 자료와 업무 흐름을 파악하고 CMS·GA4 환경을 익힌 뒤, 담당 영역의 개선 과제와 표준화 작업을 단계적으로 주도합니다.

성과는 결과물의 정확성, 일정 준수, 이해관계자와의 명확한 소통, 사용자와 사업에 미치는 영향을 기준으로 평가합니다.","- 고객 또는 내부 사용자의 피드백을 반영한 결과물 품질 개선
- 콘텐츠 전략·제작·성과 분석 관련 연간·분기 실행계획 수립
- 콘텐츠 캘린더·조회·전환 데이터 수집·정리 및 핵심 이슈 분석
- CMS·GA4를 활용한 업무 산출물 작성과 버전 관리
- 요구사항을 세부 과제와 일정으로 구체화하고 진행 현황 관리
- 유관 부서 및 외부 파트너와 기준·일정·결과물 조율
- 검토 회의 운영과 의사결정 근거·변경 이력 문서화","- 콘텐츠 전략·제작·성과 분석 관련 지식 또는 프로젝트·실무 경험을 보유한 분
- 콘텐츠 캘린더·조회·전환 데이터를 정확히 해석하고 업무 문서로 구조화할 수 있는 분
- CMS·GA4 중 직무에 필요한 도구를 실무에 적용할 수 있는 분
- 유관 부서와 쟁점을 명확히 설명하고 일정에 맞춰 협업할 수 있는 분
- 문제 원인을 근거에 따라 분석하고 실행 가능한 대안을 제시할 수 있는 분","- Google Analytics Certification 보유자
- 검색광고마케터 1급 보유자
- Meta Certified Digital Marketing Associate 보유자
- 콘텐츠 전략·제작·성과 분석 관련 프로젝트를 기획부터 결과 검토까지 수행한 경험","- 제출한 경력·자격 증빙이 사실과 다른 경우
- 정해진 기한까지 필수 증빙서류를 제출하지 않은 경우
- 해외여행 및 근무에 결격사유가 있는 경우
- 채용 관련 비밀유지 의무를 위반한 경우",서류전형 > 인성검사 > 실무면접 > 최종면접
홍보 담당자 모집,87,38,20260623,20260717,11,경력 2년 이상,정규직,세종특별자치시,학사 이상,"브랜드 사업 조직에서 보도자료·언론관계·이슈 대응을 담당할 홍보를 모집합니다. 이 포지션은 현장의 요구를 실행 가능한 계획과 결과물로 연결하는 역할입니다.

담당 범위는 미디어 리스트·기사·여론 데이터를 바탕으로 기준을 수립하고, 우선순위에 따라 과제를 실행하며 품질과 일정을 함께 관리하는 것입니다.

마케팅·광고·MD 조직의 동료와 재무·영업·개발·운영 등 유관 부서, 필요한 경우 외부 파트너와 협업해 의사결정에 필요한 정보를 정리합니다.

이슈가 발생하면 사실과 데이터를 먼저 확인하고 원인을 구분한 뒤, 대안을 비교해 합의된 조치를 실행하고 재발 방지 내용을 문서화합니다.

입사 초기에는 기존 자료와 업무 흐름을 파악하고 뉴스 모니터링·CMS 환경을 익힌 뒤, 담당 영역의 개선 과제와 표준화 작업을 단계적으로 주도합니다.

성과는 결과물의 정확성, 일정 준수, 이해관계자와의 명확한 소통, 사용자와 사업에 미치는 영향을 기준으로 평가합니다.","- 보도자료·언론관계·이슈 대응 관련 연간·분기 실행계획 수립
- 미디어 리스트·기사·여론 데이터 수집·정리 및 핵심 이슈 분석
- 뉴스 모니터링·CMS를 활용한 업무 산출물 작성과 버전 관리
- 요구사항을 세부 과제와 일정으로 구체화하고 진행 현황 관리
- 유관 부서 및 외부 파트너와 기준·일정·결과물 조율
- 검토 회의 운영과 의사결정 근거·변경 이력 문서화
- 성과지표 설정 및 결과 데이터 분석을 통한 개선안 제안","- 보도자료·언론관계·이슈 대응 관련 지식 또는 프로젝트·실무 경험을 보유한 분
- 미디어 리스트·기사·여론 데이터를 정확히 해석하고 업무 문서로 구조화할 수 있는 분
- 뉴스 모니터링·CMS 중 직무에 필요한 도구를 실무에 적용할 수 있는 분
- 유관 부서와 쟁점을 명확히 설명하고 일정에 맞춰 협업할 수 있는 분
- 문제 원인을 근거에 따라 분석하고 실행 가능한 대안을 제시할 수 있는 분","- PR전문가 인증서 보유자
- KBS한국어능력시험 2+급 보유자
- 한국실용글쓰기검정 보유자
- 보도자료·언론관계·이슈 대응 관련 프로젝트를 기획부터 결과 검토까지 수행한 경험","- 지원 자격 또는 필수 면허 요건을 충족하지 못한 경우
- 전형 과정에서 타인의 결과물을 무단 사용한 경우
- 채용검진 결과 담당 업무 수행이 곤란한 경우
- 관계 법령상 취업이 제한되는 경우",서류전형 > 1차면접 > 2차면접 > 채용검진
홍보 실무자 채용,101,38,20260805,20260901,14,경력 3년 이상,무기계약직,충청남도,석사 이상,"지역 기반 전문기관에서 보도자료·언론관계·이슈 대응을 담당할 홍보를 모집합니다. 이 포지션은 현장의 요구를 실행 가능한 계획과 결과물로 연결하는 역할입니다.

담당 범위는 미디어 리스트·기사·여론 데이터를 바탕으로 기준을 수립하고, 우선순위에 따라 과제를 실행하며 품질과 일정을 함께 관리하는 것입니다.

마케팅·광고·MD 조직의 동료와 재무·영업·개발·운영 등 유관 부서, 필요한 경우 외부 파트너와 협업해 의사결정에 필요한 정보를 정리합니다.

이슈가 발생하면 사실과 데이터를 먼저 확인하고 원인을 구분한 뒤, 대안을 비교해 합의된 조치를 실행하고 재발 방지 내용을 문서화합니다.

입사 초기에는 기존 자료와 업무 흐름을 파악하고 뉴스 모니터링·CMS 환경을 익힌 뒤, 담당 영역의 개선 과제와 표준화 작업을 단계적으로 주도합니다.

성과는 결과물의 정확성, 일정 준수, 이해관계자와의 명확한 소통, 사용자와 사업에 미치는 영향을 기준으로 평가합니다.","- 미디어 리스트·기사·여론 데이터 수집·정리 및 핵심 이슈 분석
- 뉴스 모니터링·CMS를 활용한 업무 산출물 작성과 버전 관리
- 요구사항을 세부 과제와 일정으로 구체화하고 진행 현황 관리
- 유관 부서 및 외부 파트너와 기준·일정·결과물 조율
- 검토 회의 운영과 의사결정 근거·변경 이력 문서화
- 성과지표 설정 및 결과 데이터 분석을 통한 개선안 제안
- 업무상 리스크 사전 점검과 문제 발생 시 원인 분석·후속 조치
- 재사용 가능한 체크리스트·가이드·템플릿 정비","- 보도자료·언론관계·이슈 대응 관련 지식 또는 프로젝트·실무 경험을 보유한 분
- 미디어 리스트·기사·여론 데이터를 정확히 해석하고 업무 문서로 구조화할 수 있는 분
- 뉴스 모니터링·CMS 중 직무에 필요한 도구를 실무에 적용할 수 있는 분
- 유관 부서와 쟁점을 명확히 설명하고 일정에 맞춰 협업할 수 있는 분
- 문제 원인을 근거에 따라 분석하고 실행 가능한 대안을 제시할 수 있는 분
- 업무상 취급하는 개인정보와 기밀정보를 안전하게 관리할 수 있는 분","- KBS한국어능력시험 2+급 보유자
- 한국실용글쓰기검정 보유자
- PR전문가 인증서 보유자
- 보도자료·언론관계·이슈 대응 관련 프로젝트를 기획부터 결과 검토까지 수행한 경험
- 뉴스 모니터링·CMS를 활용해 반복 업무를 개선하거나 품질 기준을 정립한 경험","- 지원서 또는 제출서류를 허위로 기재한 경우
- 채용 과정에서 부정한 방법을 사용한 경우
- 채용검진 결과 직무 수행이 어렵다고 판단되는 경우
- 관련 법령 또는 내부 인사규정상 채용이 불가능한 경우",서류전형 > 필기전형 > 면접전형 > 최종합격
홍보 전문인력 모집,117,38,20261010,20261109,17,신입,정규직,경상남도,학력무관,"디지털 서비스 조직에서 보도자료·언론관계·이슈 대응을 담당할 홍보를 모집합니다. 이 포지션은 현장의 요구를 실행 가능한 계획과 결과물로 연결하는 역할입니다.

담당 범위는 미디어 리스트·기사·여론 데이터를 바탕으로 기준을 수립하고, 우선순위에 따라 과제를 실행하며 품질과 일정을 함께 관리하는 것입니다.

마케팅·광고·MD 조직의 동료와 재무·영업·개발·운영 등 유관 부서, 필요한 경우 외부 파트너와 협업해 의사결정에 필요한 정보를 정리합니다.

이슈가 발생하면 사실과 데이터를 먼저 확인하고 원인을 구분한 뒤, 대안을 비교해 합의된 조치를 실행하고 재발 방지 내용을 문서화합니다.

입사 초기에는 기존 자료와 업무 흐름을 파악하고 뉴스 모니터링·CMS 환경을 익힌 뒤, 담당 영역의 개선 과제와 표준화 작업을 단계적으로 주도합니다.

성과는 결과물의 정확성, 일정 준수, 이해관계자와의 명확한 소통, 사용자와 사업에 미치는 영향을 기준으로 평가합니다.","- 뉴스 모니터링·CMS를 활용한 업무 산출물 작성과 버전 관리
- 요구사항을 세부 과제와 일정으로 구체화하고 진행 현황 관리
- 유관 부서 및 외부 파트너와 기준·일정·결과물 조율
- 검토 회의 운영과 의사결정 근거·변경 이력 문서화
- 성과지표 설정 및 결과 데이터 분석을 통한 개선안 제안
- 업무상 리스크 사전 점검과 문제 발생 시 원인 분석·후속 조치
- 재사용 가능한 체크리스트·가이드·템플릿 정비
- 고객 또는 내부 사용자의 피드백을 반영한 결과물 품질 개선
- 보도자료·언론관계·이슈 대응 관련 연간·분기 실행계획 수립","- 보도자료·언론관계·이슈 대응 관련 지식 또는 프로젝트·실무 경험을 보유한 분
- 미디어 리스트·기사·여론 데이터를 정확히 해석하고 업무 문서로 구조화할 수 있는 분
- 뉴스 모니터링·CMS 중 직무에 필요한 도구를 실무에 적용할 수 있는 분
- 유관 부서와 쟁점을 명확히 설명하고 일정에 맞춰 협업할 수 있는 분
- 문제 원인을 근거에 따라 분석하고 실행 가능한 대안을 제시할 수 있는 분
- 업무상 취급하는 개인정보와 기밀정보를 안전하게 관리할 수 있는 분
- 새로운 업무 기준과 도구를 빠르게 학습할 수 있는 분","- 한국실용글쓰기검정 보유자
- PR전문가 인증서 보유자
- KBS한국어능력시험 2+급 보유자
- 보도자료·언론관계·이슈 대응 관련 프로젝트를 기획부터 결과 검토까지 수행한 경험
- 뉴스 모니터링·CMS를 활용해 반복 업무를 개선하거나 품질 기준을 정립한 경험
- 외부 파트너 또는 다양한 이해관계자와 복잡한 요구사항을 조율한 경험","- 제출한 경력·자격 증빙이 사실과 다른 경우
- 정해진 기한까지 필수 증빙서류를 제출하지 않은 경우
- 해외여행 및 근무에 결격사유가 있는 경우
- 채용 관련 비밀유지 의무를 위반한 경우",서류전형 > 실무면접 > 최종면접
홍보 인재 채용,89,38,20260115,20260217,20,경력 2년 이상,계약직,제주특별자치도,전문학사 이상,"성장 단계 스타트업에서 보도자료·언론관계·이슈 대응을 담당할 홍보를 모집합니다. 이 포지션은 현장의 요구를 실행 가능한 계획과 결과물로 연결하는 역할입니다.

담당 범위는 미디어 리스트·기사·여론 데이터를 바탕으로 기준을 수립하고, 우선순위에 따라 과제를 실행하며 품질과 일정을 함께 관리하는 것입니다.

마케팅·광고·MD 조직의 동료와 재무·영업·개발·운영 등 유관 부서, 필요한 경우 외부 파트너와 협업해 의사결정에 필요한 정보를 정리합니다.

이슈가 발생하면 사실과 데이터를 먼저 확인하고 원인을 구분한 뒤, 대안을 비교해 합의된 조치를 실행하고 재발 방지 내용을 문서화합니다.

입사 초기에는 기존 자료와 업무 흐름을 파악하고 뉴스 모니터링·CMS 환경을 익힌 뒤, 담당 영역의 개선 과제와 표준화 작업을 단계적으로 주도합니다.

성과는 결과물의 정확성, 일정 준수, 이해관계자와의 명확한 소통, 사용자와 사업에 미치는 영향을 기준으로 평가합니다.","- 요구사항을 세부 과제와 일정으로 구체화하고 진행 현황 관리
- 유관 부서 및 외부 파트너와 기준·일정·결과물 조율
- 검토 회의 운영과 의사결정 근거·변경 이력 문서화
- 성과지표 설정 및 결과 데이터 분석을 통한 개선안 제안
- 업무상 리스크 사전 점검과 문제 발생 시 원인 분석·후속 조치
- 재사용 가능한 체크리스트·가이드·템플릿 정비
- 고객 또는 내부 사용자의 피드백을 반영한 결과물 품질 개선","- 보도자료·언론관계·이슈 대응 관련 지식 또는 프로젝트·실무 경험을 보유한 분
- 미디어 리스트·기사·여론 데이터를 정확히 해석하고 업무 문서로 구조화할 수 있는 분
- 뉴스 모니터링·CMS 중 직무에 필요한 도구를 실무에 적용할 수 있는 분
- 유관 부서와 쟁점을 명확히 설명하고 일정에 맞춰 협업할 수 있는 분
- 문제 원인을 근거에 따라 분석하고 실행 가능한 대안을 제시할 수 있는 분","- PR전문가 인증서 보유자
- KBS한국어능력시험 2+급 보유자
- 한국실용글쓰기검정 보유자
- 보도자료·언론관계·이슈 대응 관련 프로젝트를 기획부터 결과 검토까지 수행한 경험","- 지원 자격 또는 필수 면허 요건을 충족하지 못한 경우
- 전형 과정에서 타인의 결과물을 무단 사용한 경우
- 채용검진 결과 담당 업무 수행이 곤란한 경우
- 관계 법령상 취업이 제한되는 경우",서류전형 > 인성검사 > 실무면접 > 최종면접
홍보 공개채용,143,38,20260320,20260425,3,신입·경력,정규직,서울특별시,학사 이상,"중견기업 전략 조직에서 보도자료·언론관계·이슈 대응을 담당할 홍보를 모집합니다. 이 포지션은 현장의 요구를 실행 가능한 계획과 결과물로 연결하는 역할입니다.

담당 범위는 미디어 리스트·기사·여론 데이터를 바탕으로 기준을 수립하고, 우선순위에 따라 과제를 실행하며 품질과 일정을 함께 관리하는 것입니다.

마케팅·광고·MD 조직의 동료와 재무·영업·개발·운영 등 유관 부서, 필요한 경우 외부 파트너와 협업해 의사결정에 필요한 정보를 정리합니다.

이슈가 발생하면 사실과 데이터를 먼저 확인하고 원인을 구분한 뒤, 대안을 비교해 합의된 조치를 실행하고 재발 방지 내용을 문서화합니다.

입사 초기에는 기존 자료와 업무 흐름을 파악하고 뉴스 모니터링·CMS 환경을 익힌 뒤, 담당 영역의 개선 과제와 표준화 작업을 단계적으로 주도합니다.

성과는 결과물의 정확성, 일정 준수, 이해관계자와의 명확한 소통, 사용자와 사업에 미치는 영향을 기준으로 평가합니다.","- 유관 부서 및 외부 파트너와 기준·일정·결과물 조율
- 검토 회의 운영과 의사결정 근거·변경 이력 문서화
- 성과지표 설정 및 결과 데이터 분석을 통한 개선안 제안
- 업무상 리스크 사전 점검과 문제 발생 시 원인 분석·후속 조치
- 재사용 가능한 체크리스트·가이드·템플릿 정비
- 고객 또는 내부 사용자의 피드백을 반영한 결과물 품질 개선
- 보도자료·언론관계·이슈 대응 관련 연간·분기 실행계획 수립
- 미디어 리스트·기사·여론 데이터 수집·정리 및 핵심 이슈 분석","- 보도자료·언론관계·이슈 대응 관련 지식 또는 프로젝트·실무 경험을 보유한 분
- 미디어 리스트·기사·여론 데이터를 정확히 해석하고 업무 문서로 구조화할 수 있는 분
- 뉴스 모니터링·CMS 중 직무에 필요한 도구를 실무에 적용할 수 있는 분
- 유관 부서와 쟁점을 명확히 설명하고 일정에 맞춰 협업할 수 있는 분
- 문제 원인을 근거에 따라 분석하고 실행 가능한 대안을 제시할 수 있는 분
- 업무상 취급하는 개인정보와 기밀정보를 안전하게 관리할 수 있는 분","- KBS한국어능력시험 2+급 보유자
- 한국실용글쓰기검정 보유자
- PR전문가 인증서 보유자
- 보도자료·언론관계·이슈 대응 관련 프로젝트를 기획부터 결과 검토까지 수행한 경험
- 뉴스 모니터링·CMS를 활용해 반복 업무를 개선하거나 품질 기준을 정립한 경험","- 지원서 또는 제출서류를 허위로 기재한 경우
- 채용 과정에서 부정한 방법을 사용한 경우
- 채용검진 결과 직무 수행이 어렵다고 판단되는 경우
- 관련 법령 또는 내부 인사규정상 채용이 불가능한 경우",서류전형 > 직무과제 > 실무면접 > 처우협의
홍보 프로젝트 담당 모집,117,38,20260502,20260610,6,경력 3년 이상,무기계약직,경기도,학사 이상,"공공서비스 운영기관에서 보도자료·언론관계·이슈 대응을 담당할 홍보를 모집합니다. 이 포지션은 현장의 요구를 실행 가능한 계획과 결과물로 연결하는 역할입니다.

담당 범위는 미디어 리스트·기사·여론 데이터를 바탕으로 기준을 수립하고, 우선순위에 따라 과제를 실행하며 품질과 일정을 함께 관리하는 것입니다.

마케팅·광고·MD 조직의 동료와 재무·영업·개발·운영 등 유관 부서, 필요한 경우 외부 파트너와 협업해 의사결정에 필요한 정보를 정리합니다.

이슈가 발생하면 사실과 데이터를 먼저 확인하고 원인을 구분한 뒤, 대안을 비교해 합의된 조치를 실행하고 재발 방지 내용을 문서화합니다.

입사 초기에는 기존 자료와 업무 흐름을 파악하고 뉴스 모니터링·CMS 환경을 익힌 뒤, 담당 영역의 개선 과제와 표준화 작업을 단계적으로 주도합니다.

성과는 결과물의 정확성, 일정 준수, 이해관계자와의 명확한 소통, 사용자와 사업에 미치는 영향을 기준으로 평가합니다.","- 검토 회의 운영과 의사결정 근거·변경 이력 문서화
- 성과지표 설정 및 결과 데이터 분석을 통한 개선안 제안
- 업무상 리스크 사전 점검과 문제 발생 시 원인 분석·후속 조치
- 재사용 가능한 체크리스트·가이드·템플릿 정비
- 고객 또는 내부 사용자의 피드백을 반영한 결과물 품질 개선
- 보도자료·언론관계·이슈 대응 관련 연간·분기 실행계획 수립
- 미디어 리스트·기사·여론 데이터 수집·정리 및 핵심 이슈 분석
- 뉴스 모니터링·CMS를 활용한 업무 산출물 작성과 버전 관리
- 요구사항을 세부 과제와 일정으로 구체화하고 진행 현황 관리","- 보도자료·언론관계·이슈 대응 관련 지식 또는 프로젝트·실무 경험을 보유한 분
- 미디어 리스트·기사·여론 데이터를 정확히 해석하고 업무 문서로 구조화할 수 있는 분
- 뉴스 모니터링·CMS 중 직무에 필요한 도구를 실무에 적용할 수 있는 분
- 유관 부서와 쟁점을 명확히 설명하고 일정에 맞춰 협업할 수 있는 분
- 문제 원인을 근거에 따라 분석하고 실행 가능한 대안을 제시할 수 있는 분
- 업무상 취급하는 개인정보와 기밀정보를 안전하게 관리할 수 있는 분
- 홍보 또는 유사 분야의 3년 이상 실무 경험을 보유한 분","- 한국실용글쓰기검정 보유자
- PR전문가 인증서 보유자
- KBS한국어능력시험 2+급 보유자
- 보도자료·언론관계·이슈 대응 관련 프로젝트를 기획부터 결과 검토까지 수행한 경험
- 뉴스 모니터링·CMS를 활용해 반복 업무를 개선하거나 품질 기준을 정립한 경험
- 외부 파트너 또는 다양한 이해관계자와 복잡한 요구사항을 조율한 경험","- 제출한 경력·자격 증빙이 사실과 다른 경우
- 정해진 기한까지 필수 증빙서류를 제출하지 않은 경우
- 해외여행 및 근무에 결격사유가 있는 경우
- 채용 관련 비밀유지 의무를 위반한 경우",서류전형 > 1차면접 > 2차면접 > 채용검진
홍보 운영 담당자 채용,17,38,20260707,20260818,9,경력 무관,정규직,인천광역시,석사 이상,"전문 컨설팅 조직에서 보도자료·언론관계·이슈 대응을 담당할 홍보를 모집합니다. 이 포지션은 현장의 요구를 실행 가능한 계획과 결과물로 연결하는 역할입니다.

담당 범위는 미디어 리스트·기사·여론 데이터를 바탕으로 기준을 수립하고, 우선순위에 따라 과제를 실행하며 품질과 일정을 함께 관리하는 것입니다.

마케팅·광고·MD 조직의 동료와 재무·영업·개발·운영 등 유관 부서, 필요한 경우 외부 파트너와 협업해 의사결정에 필요한 정보를 정리합니다.

이슈가 발생하면 사실과 데이터를 먼저 확인하고 원인을 구분한 뒤, 대안을 비교해 합의된 조치를 실행하고 재발 방지 내용을 문서화합니다.

입사 초기에는 기존 자료와 업무 흐름을 파악하고 뉴스 모니터링·CMS 환경을 익힌 뒤, 담당 영역의 개선 과제와 표준화 작업을 단계적으로 주도합니다.

성과는 결과물의 정확성, 일정 준수, 이해관계자와의 명확한 소통, 사용자와 사업에 미치는 영향을 기준으로 평가합니다.","- 성과지표 설정 및 결과 데이터 분석을 통한 개선안 제안
- 업무상 리스크 사전 점검과 문제 발생 시 원인 분석·후속 조치
- 재사용 가능한 체크리스트·가이드·템플릿 정비
- 고객 또는 내부 사용자의 피드백을 반영한 결과물 품질 개선
- 보도자료·언론관계·이슈 대응 관련 연간·분기 실행계획 수립
- 미디어 리스트·기사·여론 데이터 수집·정리 및 핵심 이슈 분석
- 뉴스 모니터링·CMS를 활용한 업무 산출물 작성과 버전 관리","- 보도자료·언론관계·이슈 대응 관련 지식 또는 프로젝트·실무 경험을 보유한 분
- 미디어 리스트·기사·여론 데이터를 정확히 해석하고 업무 문서로 구조화할 수 있는 분
- 뉴스 모니터링·CMS 중 직무에 필요한 도구를 실무에 적용할 수 있는 분
- 유관 부서와 쟁점을 명확히 설명하고 일정에 맞춰 협업할 수 있는 분
- 문제 원인을 근거에 따라 분석하고 실행 가능한 대안을 제시할 수 있는 분","- PR전문가 인증서 보유자
- KBS한국어능력시험 2+급 보유자
- 한국실용글쓰기검정 보유자
- 보도자료·언론관계·이슈 대응 관련 프로젝트를 기획부터 결과 검토까지 수행한 경험","- 지원 자격 또는 필수 면허 요건을 충족하지 못한 경우
- 전형 과정에서 타인의 결과물을 무단 사용한 경우
- 채용검진 결과 담당 업무 수행이 곤란한 경우
- 관계 법령상 취업이 제한되는 경우",서류전형 > 필기전형 > 면접전형 > 최종합격
홍보 핵심인재 모집,67,38,20260912,20261027,12,경력 5년 이상,기간제,대전광역시,학력무관,"글로벌 사업 조직에서 보도자료·언론관계·이슈 대응을 담당할 홍보를 모집합니다. 이 포지션은 현장의 요구를 실행 가능한 계획과 결과물로 연결하는 역할입니다.

담당 범위는 미디어 리스트·기사·여론 데이터를 바탕으로 기준을 수립하고, 우선순위에 따라 과제를 실행하며 품질과 일정을 함께 관리하는 것입니다.

마케팅·광고·MD 조직의 동료와 재무·영업·개발·운영 등 유관 부서, 필요한 경우 외부 파트너와 협업해 의사결정에 필요한 정보를 정리합니다.

이슈가 발생하면 사실과 데이터를 먼저 확인하고 원인을 구분한 뒤, 대안을 비교해 합의된 조치를 실행하고 재발 방지 내용을 문서화합니다.

입사 초기에는 기존 자료와 업무 흐름을 파악하고 뉴스 모니터링·CMS 환경을 익힌 뒤, 담당 영역의 개선 과제와 표준화 작업을 단계적으로 주도합니다.

성과는 결과물의 정확성, 일정 준수, 이해관계자와의 명확한 소통, 사용자와 사업에 미치는 영향을 기준으로 평가합니다.","- 업무상 리스크 사전 점검과 문제 발생 시 원인 분석·후속 조치
- 재사용 가능한 체크리스트·가이드·템플릿 정비
- 고객 또는 내부 사용자의 피드백을 반영한 결과물 품질 개선
- 보도자료·언론관계·이슈 대응 관련 연간·분기 실행계획 수립
- 미디어 리스트·기사·여론 데이터 수집·정리 및 핵심 이슈 분석
- 뉴스 모니터링·CMS를 활용한 업무 산출물 작성과 버전 관리
- 요구사항을 세부 과제와 일정으로 구체화하고 진행 현황 관리
- 유관 부서 및 외부 파트너와 기준·일정·결과물 조율","- 보도자료·언론관계·이슈 대응 관련 지식 또는 프로젝트·실무 경험을 보유한 분
- 미디어 리스트·기사·여론 데이터를 정확히 해석하고 업무 문서로 구조화할 수 있는 분
- 뉴스 모니터링·CMS 중 직무에 필요한 도구를 실무에 적용할 수 있는 분
- 유관 부서와 쟁점을 명확히 설명하고 일정에 맞춰 협업할 수 있는 분
- 문제 원인을 근거에 따라 분석하고 실행 가능한 대안을 제시할 수 있는 분
- 업무상 취급하는 개인정보와 기밀정보를 안전하게 관리할 수 있는 분","- KBS한국어능력시험 2+급 보유자
- 한국실용글쓰기검정 보유자
- PR전문가 인증서 보유자
- 보도자료·언론관계·이슈 대응 관련 프로젝트를 기획부터 결과 검토까지 수행한 경험
- 뉴스 모니터링·CMS를 활용해 반복 업무를 개선하거나 품질 기준을 정립한 경험","- 지원서 또는 제출서류를 허위로 기재한 경우
- 채용 과정에서 부정한 방법을 사용한 경우
- 채용검진 결과 직무 수행이 어렵다고 판단되는 경우
- 관련 법령 또는 내부 인사규정상 채용이 불가능한 경우",서류전형 > 실무면접 > 최종면접
홍보 전문가 채용,121,38,20261117,20261129,15,경력,정규직,부산광역시,전문학사 이상,"연구개발 중심 조직에서 보도자료·언론관계·이슈 대응을 담당할 홍보를 모집합니다. 이 포지션은 현장의 요구를 실행 가능한 계획과 결과물로 연결하는 역할입니다.

담당 범위는 미디어 리스트·기사·여론 데이터를 바탕으로 기준을 수립하고, 우선순위에 따라 과제를 실행하며 품질과 일정을 함께 관리하는 것입니다.

마케팅·광고·MD 조직의 동료와 재무·영업·개발·운영 등 유관 부서, 필요한 경우 외부 파트너와 협업해 의사결정에 필요한 정보를 정리합니다.

이슈가 발생하면 사실과 데이터를 먼저 확인하고 원인을 구분한 뒤, 대안을 비교해 합의된 조치를 실행하고 재발 방지 내용을 문서화합니다.

입사 초기에는 기존 자료와 업무 흐름을 파악하고 뉴스 모니터링·CMS 환경을 익힌 뒤, 담당 영역의 개선 과제와 표준화 작업을 단계적으로 주도합니다.

성과는 결과물의 정확성, 일정 준수, 이해관계자와의 명확한 소통, 사용자와 사업에 미치는 영향을 기준으로 평가합니다.","- 재사용 가능한 체크리스트·가이드·템플릿 정비
- 고객 또는 내부 사용자의 피드백을 반영한 결과물 품질 개선
- 보도자료·언론관계·이슈 대응 관련 연간·분기 실행계획 수립
- 미디어 리스트·기사·여론 데이터 수집·정리 및 핵심 이슈 분석
- 뉴스 모니터링·CMS를 활용한 업무 산출물 작성과 버전 관리
- 요구사항을 세부 과제와 일정으로 구체화하고 진행 현황 관리
- 유관 부서 및 외부 파트너와 기준·일정·결과물 조율
- 검토 회의 운영과 의사결정 근거·변경 이력 문서화
- 성과지표 설정 및 결과 데이터 분석을 통한 개선안 제안","- 보도자료·언론관계·이슈 대응 관련 지식 또는 프로젝트·실무 경험을 보유한 분
- 미디어 리스트·기사·여론 데이터를 정확히 해석하고 업무 문서로 구조화할 수 있는 분
- 뉴스 모니터링·CMS 중 직무에 필요한 도구를 실무에 적용할 수 있는 분
- 유관 부서와 쟁점을 명확히 설명하고 일정에 맞춰 협업할 수 있는 분
- 문제 원인을 근거에 따라 분석하고 실행 가능한 대안을 제시할 수 있는 분
- 업무상 취급하는 개인정보와 기밀정보를 안전하게 관리할 수 있는 분
- 홍보 또는 유사 분야의 경력 실무 경험을 보유한 분","- 한국실용글쓰기검정 보유자
- PR전문가 인증서 보유자
- KBS한국어능력시험 2+급 보유자
- 보도자료·언론관계·이슈 대응 관련 프로젝트를 기획부터 결과 검토까지 수행한 경험
- 뉴스 모니터링·CMS를 활용해 반복 업무를 개선하거나 품질 기준을 정립한 경험
- 외부 파트너 또는 다양한 이해관계자와 복잡한 요구사항을 조율한 경험","- 제출한 경력·자격 증빙이 사실과 다른 경우
- 정해진 기한까지 필수 증빙서류를 제출하지 않은 경우
- 해외여행 및 근무에 결격사유가 있는 경우
- 채용 관련 비밀유지 의무를 위반한 경우",서류전형 > 인성검사 > 실무면접 > 최종면접
홍보 신규 인력 모집,115,38,20260222,20260309,18,신입·경력,계약직,광주광역시,학사 이상,"플랫폼 운영 조직에서 보도자료·언론관계·이슈 대응을 담당할 홍보를 모집합니다. 이 포지션은 현장의 요구를 실행 가능한 계획과 결과물로 연결하는 역할입니다.

담당 범위는 미디어 리스트·기사·여론 데이터를 바탕으로 기준을 수립하고, 우선순위에 따라 과제를 실행하며 품질과 일정을 함께 관리하는 것입니다.

마케팅·광고·MD 조직의 동료와 재무·영업·개발·운영 등 유관 부서, 필요한 경우 외부 파트너와 협업해 의사결정에 필요한 정보를 정리합니다.

이슈가 발생하면 사실과 데이터를 먼저 확인하고 원인을 구분한 뒤, 대안을 비교해 합의된 조치를 실행하고 재발 방지 내용을 문서화합니다.

입사 초기에는 기존 자료와 업무 흐름을 파악하고 뉴스 모니터링·CMS 환경을 익힌 뒤, 담당 영역의 개선 과제와 표준화 작업을 단계적으로 주도합니다.

성과는 결과물의 정확성, 일정 준수, 이해관계자와의 명확한 소통, 사용자와 사업에 미치는 영향을 기준으로 평가합니다.","- 고객 또는 내부 사용자의 피드백을 반영한 결과물 품질 개선
- 보도자료·언론관계·이슈 대응 관련 연간·분기 실행계획 수립
- 미디어 리스트·기사·여론 데이터 수집·정리 및 핵심 이슈 분석
- 뉴스 모니터링·CMS를 활용한 업무 산출물 작성과 버전 관리
- 요구사항을 세부 과제와 일정으로 구체화하고 진행 현황 관리
- 유관 부서 및 외부 파트너와 기준·일정·결과물 조율
- 검토 회의 운영과 의사결정 근거·변경 이력 문서화","- 보도자료·언론관계·이슈 대응 관련 지식 또는 프로젝트·실무 경험을 보유한 분
- 미디어 리스트·기사·여론 데이터를 정확히 해석하고 업무 문서로 구조화할 수 있는 분
- 뉴스 모니터링·CMS 중 직무에 필요한 도구를 실무에 적용할 수 있는 분
- 유관 부서와 쟁점을 명확히 설명하고 일정에 맞춰 협업할 수 있는 분
- 문제 원인을 근거에 따라 분석하고 실행 가능한 대안을 제시할 수 있는 분","- PR전문가 인증서 보유자
- KBS한국어능력시험 2+급 보유자
- 한국실용글쓰기검정 보유자
- 보도자료·언론관계·이슈 대응 관련 프로젝트를 기획부터 결과 검토까지 수행한 경험","- 지원 자격 또는 필수 면허 요건을 충족하지 못한 경우
- 전형 과정에서 타인의 결과물을 무단 사용한 경우
- 채용검진 결과 담당 업무 수행이 곤란한 경우
- 관계 법령상 취업이 제한되는 경우",서류전형 > 직무과제 > 실무면접 > 처우협의
설문·리서치 담당자 모집,76,39,20260703,20260803,16,경력 3년 이상,무기계약직,경상남도,석사 이상,"지역 기반 전문기관에서 조사 설계·설문·통계 분석을 담당할 설문·리서치를 모집합니다. 이 포지션은 현장의 요구를 실행 가능한 계획과 결과물로 연결하는 역할입니다.

담당 범위는 응답 데이터·표본·인터뷰 기록를 바탕으로 기준을 수립하고, 우선순위에 따라 과제를 실행하며 품질과 일정을 함께 관리하는 것입니다.

마케팅·광고·MD 조직의 동료와 재무·영업·개발·운영 등 유관 부서, 필요한 경우 외부 파트너와 협업해 의사결정에 필요한 정보를 정리합니다.

이슈가 발생하면 사실과 데이터를 먼저 확인하고 원인을 구분한 뒤, 대안을 비교해 합의된 조치를 실행하고 재발 방지 내용을 문서화합니다.

입사 초기에는 기존 자료와 업무 흐름을 파악하고 SPSS·R·Excel 환경을 익힌 뒤, 담당 영역의 개선 과제와 표준화 작업을 단계적으로 주도합니다.

성과는 결과물의 정확성, 일정 준수, 이해관계자와의 명확한 소통, 사용자와 사업에 미치는 영향을 기준으로 평가합니다.","- 조사 설계·설문·통계 분석 관련 연간·분기 실행계획 수립
- 응답 데이터·표본·인터뷰 기록 수집·정리 및 핵심 이슈 분석
- SPSS·R·Excel를 활용한 업무 산출물 작성과 버전 관리
- 요구사항을 세부 과제와 일정으로 구체화하고 진행 현황 관리
- 유관 부서 및 외부 파트너와 기준·일정·결과물 조율
- 검토 회의 운영과 의사결정 근거·변경 이력 문서화
- 성과지표 설정 및 결과 데이터 분석을 통한 개선안 제안","- 조사 설계·설문·통계 분석 관련 지식 또는 프로젝트·실무 경험을 보유한 분
- 응답 데이터·표본·인터뷰 기록를 정확히 해석하고 업무 문서로 구조화할 수 있는 분
- SPSS·R·Excel 중 직무에 필요한 도구를 실무에 적용할 수 있는 분
- 유관 부서와 쟁점을 명확히 설명하고 일정에 맞춰 협업할 수 있는 분
- 문제 원인을 근거에 따라 분석하고 실행 가능한 대안을 제시할 수 있는 분","- 사회조사분석사 2급 보유자
- ADsP 보유자
- SQLD 보유자
- 조사 설계·설문·통계 분석 관련 프로젝트를 기획부터 결과 검토까지 수행한 경험","- 지원서 또는 제출서류를 허위로 기재한 경우
- 채용 과정에서 부정한 방법을 사용한 경우
- 채용검진 결과 직무 수행이 어렵다고 판단되는 경우
- 관련 법령 또는 내부 인사규정상 채용이 불가능한 경우",서류전형 > 필기전형 > 면접전형 > 최종합격
설문·리서치 실무자 채용,49,39,20260908,20261012,19,신입,정규직,제주특별자치도,학력무관,"디지털 서비스 조직에서 조사 설계·설문·통계 분석을 담당할 설문·리서치를 모집합니다. 이 포지션은 현장의 요구를 실행 가능한 계획과 결과물로 연결하는 역할입니다.

담당 범위는 응답 데이터·표본·인터뷰 기록를 바탕으로 기준을 수립하고, 우선순위에 따라 과제를 실행하며 품질과 일정을 함께 관리하는 것입니다.

마케팅·광고·MD 조직의 동료와 재무·영업·개발·운영 등 유관 부서, 필요한 경우 외부 파트너와 협업해 의사결정에 필요한 정보를 정리합니다.

이슈가 발생하면 사실과 데이터를 먼저 확인하고 원인을 구분한 뒤, 대안을 비교해 합의된 조치를 실행하고 재발 방지 내용을 문서화합니다.

입사 초기에는 기존 자료와 업무 흐름을 파악하고 SPSS·R·Excel 환경을 익힌 뒤, 담당 영역의 개선 과제와 표준화 작업을 단계적으로 주도합니다.

성과는 결과물의 정확성, 일정 준수, 이해관계자와의 명확한 소통, 사용자와 사업에 미치는 영향을 기준으로 평가합니다.","- 응답 데이터·표본·인터뷰 기록 수집·정리 및 핵심 이슈 분석
- SPSS·R·Excel를 활용한 업무 산출물 작성과 버전 관리
- 요구사항을 세부 과제와 일정으로 구체화하고 진행 현황 관리
- 유관 부서 및 외부 파트너와 기준·일정·결과물 조율
- 검토 회의 운영과 의사결정 근거·변경 이력 문서화
- 성과지표 설정 및 결과 데이터 분석을 통한 개선안 제안
- 업무상 리스크 사전 점검과 문제 발생 시 원인 분석·후속 조치
- 재사용 가능한 체크리스트·가이드·템플릿 정비","- 조사 설계·설문·통계 분석 관련 지식 또는 프로젝트·실무 경험을 보유한 분
- 응답 데이터·표본·인터뷰 기록를 정확히 해석하고 업무 문서로 구조화할 수 있는 분
- SPSS·R·Excel 중 직무에 필요한 도구를 실무에 적용할 수 있는 분
- 유관 부서와 쟁점을 명확히 설명하고 일정에 맞춰 협업할 수 있는 분
- 문제 원인을 근거에 따라 분석하고 실행 가능한 대안을 제시할 수 있는 분
- 업무상 취급하는 개인정보와 기밀정보를 안전하게 관리할 수 있는 분","- ADsP 보유자
- SQLD 보유자
- 사회조사분석사 2급 보유자
- 조사 설계·설문·통계 분석 관련 프로젝트를 기획부터 결과 검토까지 수행한 경험
- SPSS·R·Excel를 활용해 반복 업무를 개선하거나 품질 기준을 정립한 경험","- 제출한 경력·자격 증빙이 사실과 다른 경우
- 정해진 기한까지 필수 증빙서류를 제출하지 않은 경우
- 해외여행 및 근무에 결격사유가 있는 경우
- 채용 관련 비밀유지 의무를 위반한 경우",서류전형 > 실무면접 > 최종면접
설문·리서치 전문인력 모집,136,39,20261113,20261220,2,경력 2년 이상,계약직,서울특별시,전문학사 이상,"성장 단계 스타트업에서 조사 설계·설문·통계 분석을 담당할 설문·리서치를 모집합니다. 이 포지션은 현장의 요구를 실행 가능한 계획과 결과물로 연결하는 역할입니다.

담당 범위는 응답 데이터·표본·인터뷰 기록를 바탕으로 기준을 수립하고, 우선순위에 따라 과제를 실행하며 품질과 일정을 함께 관리하는 것입니다.

마케팅·광고·MD 조직의 동료와 재무·영업·개발·운영 등 유관 부서, 필요한 경우 외부 파트너와 협업해 의사결정에 필요한 정보를 정리합니다.

이슈가 발생하면 사실과 데이터를 먼저 확인하고 원인을 구분한 뒤, 대안을 비교해 합의된 조치를 실행하고 재발 방지 내용을 문서화합니다.

입사 초기에는 기존 자료와 업무 흐름을 파악하고 SPSS·R·Excel 환경을 익힌 뒤, 담당 영역의 개선 과제와 표준화 작업을 단계적으로 주도합니다.

성과는 결과물의 정확성, 일정 준수, 이해관계자와의 명확한 소통, 사용자와 사업에 미치는 영향을 기준으로 평가합니다.","- SPSS·R·Excel를 활용한 업무 산출물 작성과 버전 관리
- 요구사항을 세부 과제와 일정으로 구체화하고 진행 현황 관리
- 유관 부서 및 외부 파트너와 기준·일정·결과물 조율
- 검토 회의 운영과 의사결정 근거·변경 이력 문서화
- 성과지표 설정 및 결과 데이터 분석을 통한 개선안 제안
- 업무상 리스크 사전 점검과 문제 발생 시 원인 분석·후속 조치
- 재사용 가능한 체크리스트·가이드·템플릿 정비
- 고객 또는 내부 사용자의 피드백을 반영한 결과물 품질 개선
- 조사 설계·설문·통계 분석 관련 연간·분기 실행계획 수립","- 조사 설계·설문·통계 분석 관련 지식 또는 프로젝트·실무 경험을 보유한 분
- 응답 데이터·표본·인터뷰 기록를 정확히 해석하고 업무 문서로 구조화할 수 있는 분
- SPSS·R·Excel 중 직무에 필요한 도구를 실무에 적용할 수 있는 분
- 유관 부서와 쟁점을 명확히 설명하고 일정에 맞춰 협업할 수 있는 분
- 문제 원인을 근거에 따라 분석하고 실행 가능한 대안을 제시할 수 있는 분
- 업무상 취급하는 개인정보와 기밀정보를 안전하게 관리할 수 있는 분
- 설문·리서치 또는 유사 분야의 2년 이상 실무 경험을 보유한 분","- SQLD 보유자
- 사회조사분석사 2급 보유자
- ADsP 보유자
- 조사 설계·설문·통계 분석 관련 프로젝트를 기획부터 결과 검토까지 수행한 경험
- SPSS·R·Excel를 활용해 반복 업무를 개선하거나 품질 기준을 정립한 경험
- 외부 파트너 또는 다양한 이해관계자와 복잡한 요구사항을 조율한 경험","- 지원 자격 또는 필수 면허 요건을 충족하지 못한 경우
- 전형 과정에서 타인의 결과물을 무단 사용한 경우
- 채용검진 결과 담당 업무 수행이 곤란한 경우
- 관계 법령상 취업이 제한되는 경우",서류전형 > 인성검사 > 실무면접 > 최종면접
설문·리서치 인재 채용,66,39,20260218,20260330,5,신입·경력,정규직,경기도,학사 이상,"중견기업 전략 조직에서 조사 설계·설문·통계 분석을 담당할 설문·리서치를 모집합니다. 이 포지션은 현장의 요구를 실행 가능한 계획과 결과물로 연결하는 역할입니다.

담당 범위는 응답 데이터·표본·인터뷰 기록를 바탕으로 기준을 수립하고, 우선순위에 따라 과제를 실행하며 품질과 일정을 함께 관리하는 것입니다.

마케팅·광고·MD 조직의 동료와 재무·영업·개발·운영 등 유관 부서, 필요한 경우 외부 파트너와 협업해 의사결정에 필요한 정보를 정리합니다.

이슈가 발생하면 사실과 데이터를 먼저 확인하고 원인을 구분한 뒤, 대안을 비교해 합의된 조치를 실행하고 재발 방지 내용을 문서화합니다.

입사 초기에는 기존 자료와 업무 흐름을 파악하고 SPSS·R·Excel 환경을 익힌 뒤, 담당 영역의 개선 과제와 표준화 작업을 단계적으로 주도합니다.

성과는 결과물의 정확성, 일정 준수, 이해관계자와의 명확한 소통, 사용자와 사업에 미치는 영향을 기준으로 평가합니다.","- 요구사항을 세부 과제와 일정으로 구체화하고 진행 현황 관리
- 유관 부서 및 외부 파트너와 기준·일정·결과물 조율
- 검토 회의 운영과 의사결정 근거·변경 이력 문서화
- 성과지표 설정 및 결과 데이터 분석을 통한 개선안 제안
- 업무상 리스크 사전 점검과 문제 발생 시 원인 분석·후속 조치
- 재사용 가능한 체크리스트·가이드·템플릿 정비
- 고객 또는 내부 사용자의 피드백을 반영한 결과물 품질 개선","- 조사 설계·설문·통계 분석 관련 지식 또는 프로젝트·실무 경험을 보유한 분
- 응답 데이터·표본·인터뷰 기록를 정확히 해석하고 업무 문서로 구조화할 수 있는 분
- SPSS·R·Excel 중 직무에 필요한 도구를 실무에 적용할 수 있는 분
- 유관 부서와 쟁점을 명확히 설명하고 일정에 맞춰 협업할 수 있는 분
- 문제 원인을 근거에 따라 분석하고 실행 가능한 대안을 제시할 수 있는 분","- 사회조사분석사 2급 보유자
- ADsP 보유자
- SQLD 보유자
- 조사 설계·설문·통계 분석 관련 프로젝트를 기획부터 결과 검토까지 수행한 경험","- 지원서 또는 제출서류를 허위로 기재한 경우
- 채용 과정에서 부정한 방법을 사용한 경우
- 채용검진 결과 직무 수행이 어렵다고 판단되는 경우
- 관련 법령 또는 내부 인사규정상 채용이 불가능한 경우",서류전형 > 직무과제 > 실무면접 > 처우협의
설문·리서치 공개채용,117,39,20260423,20260605,8,경력 3년 이상,무기계약직,인천광역시,학사 이상,"공공서비스 운영기관에서 조사 설계·설문·통계 분석을 담당할 설문·리서치를 모집합니다. 이 포지션은 현장의 요구를 실행 가능한 계획과 결과물로 연결하는 역할입니다.

담당 범위는 응답 데이터·표본·인터뷰 기록를 바탕으로 기준을 수립하고, 우선순위에 따라 과제를 실행하며 품질과 일정을 함께 관리하는 것입니다.

마케팅·광고·MD 조직의 동료와 재무·영업·개발·운영 등 유관 부서, 필요한 경우 외부 파트너와 협업해 의사결정에 필요한 정보를 정리합니다.

이슈가 발생하면 사실과 데이터를 먼저 확인하고 원인을 구분한 뒤, 대안을 비교해 합의된 조치를 실행하고 재발 방지 내용을 문서화합니다.

입사 초기에는 기존 자료와 업무 흐름을 파악하고 SPSS·R·Excel 환경을 익힌 뒤, 담당 영역의 개선 과제와 표준화 작업을 단계적으로 주도합니다.

성과는 결과물의 정확성, 일정 준수, 이해관계자와의 명확한 소통, 사용자와 사업에 미치는 영향을 기준으로 평가합니다.","- 유관 부서 및 외부 파트너와 기준·일정·결과물 조율
- 검토 회의 운영과 의사결정 근거·변경 이력 문서화
- 성과지표 설정 및 결과 데이터 분석을 통한 개선안 제안
- 업무상 리스크 사전 점검과 문제 발생 시 원인 분석·후속 조치
- 재사용 가능한 체크리스트·가이드·템플릿 정비
- 고객 또는 내부 사용자의 피드백을 반영한 결과물 품질 개선
- 조사 설계·설문·통계 분석 관련 연간·분기 실행계획 수립
- 응답 데이터·표본·인터뷰 기록 수집·정리 및 핵심 이슈 분석","- 조사 설계·설문·통계 분석 관련 지식 또는 프로젝트·실무 경험을 보유한 분
- 응답 데이터·표본·인터뷰 기록를 정확히 해석하고 업무 문서로 구조화할 수 있는 분
- SPSS·R·Excel 중 직무에 필요한 도구를 실무에 적용할 수 있는 분
- 유관 부서와 쟁점을 명확히 설명하고 일정에 맞춰 협업할 수 있는 분
- 문제 원인을 근거에 따라 분석하고 실행 가능한 대안을 제시할 수 있는 분
- 업무상 취급하는 개인정보와 기밀정보를 안전하게 관리할 수 있는 분","- ADsP 보유자
- SQLD 보유자
- 사회조사분석사 2급 보유자
- 조사 설계·설문·통계 분석 관련 프로젝트를 기획부터 결과 검토까지 수행한 경험
- SPSS·R·Excel를 활용해 반복 업무를 개선하거나 품질 기준을 정립한 경험","- 제출한 경력·자격 증빙이 사실과 다른 경우
- 정해진 기한까지 필수 증빙서류를 제출하지 않은 경우
- 해외여행 및 근무에 결격사유가 있는 경우
- 채용 관련 비밀유지 의무를 위반한 경우",서류전형 > 1차면접 > 2차면접 > 채용검진
설문·리서치 프로젝트 담당 모집,43,39,20260605,20260615,11,경력 무관,정규직,대전광역시,석사 이상,"전문 컨설팅 조직에서 조사 설계·설문·통계 분석을 담당할 설문·리서치를 모집합니다. 이 포지션은 현장의 요구를 실행 가능한 계획과 결과물로 연결하는 역할입니다.

담당 범위는 응답 데이터·표본·인터뷰 기록를 바탕으로 기준을 수립하고, 우선순위에 따라 과제를 실행하며 품질과 일정을 함께 관리하는 것입니다.

마케팅·광고·MD 조직의 동료와 재무·영업·개발·운영 등 유관 부서, 필요한 경우 외부 파트너와 협업해 의사결정에 필요한 정보를 정리합니다.

이슈가 발생하면 사실과 데이터를 먼저 확인하고 원인을 구분한 뒤, 대안을 비교해 합의된 조치를 실행하고 재발 방지 내용을 문서화합니다.

입사 초기에는 기존 자료와 업무 흐름을 파악하고 SPSS·R·Excel 환경을 익힌 뒤, 담당 영역의 개선 과제와 표준화 작업을 단계적으로 주도합니다.

성과는 결과물의 정확성, 일정 준수, 이해관계자와의 명확한 소통, 사용자와 사업에 미치는 영향을 기준으로 평가합니다.","- 검토 회의 운영과 의사결정 근거·변경 이력 문서화
- 성과지표 설정 및 결과 데이터 분석을 통한 개선안 제안
- 업무상 리스크 사전 점검과 문제 발생 시 원인 분석·후속 조치
- 재사용 가능한 체크리스트·가이드·템플릿 정비
- 고객 또는 내부 사용자의 피드백을 반영한 결과물 품질 개선
- 조사 설계·설문·통계 분석 관련 연간·분기 실행계획 수립
- 응답 데이터·표본·인터뷰 기록 수집·정리 및 핵심 이슈 분석
- SPSS·R·Excel를 활용한 업무 산출물 작성과 버전 관리
- 요구사항을 세부 과제와 일정으로 구체화하고 진행 현황 관리","- 조사 설계·설문·통계 분석 관련 지식 또는 프로젝트·실무 경험을 보유한 분
- 응답 데이터·표본·인터뷰 기록를 정확히 해석하고 업무 문서로 구조화할 수 있는 분
- SPSS·R·Excel 중 직무에 필요한 도구를 실무에 적용할 수 있는 분
- 유관 부서와 쟁점을 명확히 설명하고 일정에 맞춰 협업할 수 있는 분
- 문제 원인을 근거에 따라 분석하고 실행 가능한 대안을 제시할 수 있는 분
- 업무상 취급하는 개인정보와 기밀정보를 안전하게 관리할 수 있는 분
- 새로운 업무 기준과 도구를 빠르게 학습할 수 있는 분","- SQLD 보유자
- 사회조사분석사 2급 보유자
- ADsP 보유자
- 조사 설계·설문·통계 분석 관련 프로젝트를 기획부터 결과 검토까지 수행한 경험
- SPSS·R·Excel를 활용해 반복 업무를 개선하거나 품질 기준을 정립한 경험
- 외부 파트너 또는 다양한 이해관계자와 복잡한 요구사항을 조율한 경험","- 지원 자격 또는 필수 면허 요건을 충족하지 못한 경우
- 전형 과정에서 타인의 결과물을 무단 사용한 경우
- 채용검진 결과 담당 업무 수행이 곤란한 경우
- 관계 법령상 취업이 제한되는 경우",서류전형 > 필기전형 > 면접전형 > 최종합격
설문·리서치 운영 담당자 채용,131,39,20260810,20260823,14,경력 5년 이상,기간제,부산광역시,학력무관,"글로벌 사업 조직에서 조사 설계·설문·통계 분석을 담당할 설문·리서치를 모집합니다. 이 포지션은 현장의 요구를 실행 가능한 계획과 결과물로 연결하는 역할입니다.

담당 범위는 응답 데이터·표본·인터뷰 기록를 바탕으로 기준을 수립하고, 우선순위에 따라 과제를 실행하며 품질과 일정을 함께 관리하는 것입니다.

마케팅·광고·MD 조직의 동료와 재무·영업·개발·운영 등 유관 부서, 필요한 경우 외부 파트너와 협업해 의사결정에 필요한 정보를 정리합니다.

이슈가 발생하면 사실과 데이터를 먼저 확인하고 원인을 구분한 뒤, 대안을 비교해 합의된 조치를 실행하고 재발 방지 내용을 문서화합니다.

입사 초기에는 기존 자료와 업무 흐름을 파악하고 SPSS·R·Excel 환경을 익힌 뒤, 담당 영역의 개선 과제와 표준화 작업을 단계적으로 주도합니다.

성과는 결과물의 정확성, 일정 준수, 이해관계자와의 명확한 소통, 사용자와 사업에 미치는 영향을 기준으로 평가합니다.","- 성과지표 설정 및 결과 데이터 분석을 통한 개선안 제안
- 업무상 리스크 사전 점검과 문제 발생 시 원인 분석·후속 조치
- 재사용 가능한 체크리스트·가이드·템플릿 정비
- 고객 또는 내부 사용자의 피드백을 반영한 결과물 품질 개선
- 조사 설계·설문·통계 분석 관련 연간·분기 실행계획 수립
- 응답 데이터·표본·인터뷰 기록 수집·정리 및 핵심 이슈 분석
- SPSS·R·Excel를 활용한 업무 산출물 작성과 버전 관리","- 조사 설계·설문·통계 분석 관련 지식 또는 프로젝트·실무 경험을 보유한 분
- 응답 데이터·표본·인터뷰 기록를 정확히 해석하고 업무 문서로 구조화할 수 있는 분
- SPSS·R·Excel 중 직무에 필요한 도구를 실무에 적용할 수 있는 분
- 유관 부서와 쟁점을 명확히 설명하고 일정에 맞춰 협업할 수 있는 분
- 문제 원인을 근거에 따라 분석하고 실행 가능한 대안을 제시할 수 있는 분","- 사회조사분석사 2급 보유자
- ADsP 보유자
- SQLD 보유자
- 조사 설계·설문·통계 분석 관련 프로젝트를 기획부터 결과 검토까지 수행한 경험","- 지원서 또는 제출서류를 허위로 기재한 경우
- 채용 과정에서 부정한 방법을 사용한 경우
- 채용검진 결과 직무 수행이 어렵다고 판단되는 경우
- 관련 법령 또는 내부 인사규정상 채용이 불가능한 경우",서류전형 > 실무면접 > 최종면접
설문·리서치 핵심인재 모집,133,39,20261015,20261031,17,경력,정규직,광주광역시,전문학사 이상,"연구개발 중심 조직에서 조사 설계·설문·통계 분석을 담당할 설문·리서치를 모집합니다. 이 포지션은 현장의 요구를 실행 가능한 계획과 결과물로 연결하는 역할입니다.

담당 범위는 응답 데이터·표본·인터뷰 기록를 바탕으로 기준을 수립하고, 우선순위에 따라 과제를 실행하며 품질과 일정을 함께 관리하는 것입니다.

마케팅·광고·MD 조직의 동료와 재무·영업·개발·운영 등 유관 부서, 필요한 경우 외부 파트너와 협업해 의사결정에 필요한 정보를 정리합니다.

이슈가 발생하면 사실과 데이터를 먼저 확인하고 원인을 구분한 뒤, 대안을 비교해 합의된 조치를 실행하고 재발 방지 내용을 문서화합니다.

입사 초기에는 기존 자료와 업무 흐름을 파악하고 SPSS·R·Excel 환경을 익힌 뒤, 담당 영역의 개선 과제와 표준화 작업을 단계적으로 주도합니다.

성과는 결과물의 정확성, 일정 준수, 이해관계자와의 명확한 소통, 사용자와 사업에 미치는 영향을 기준으로 평가합니다.","- 업무상 리스크 사전 점검과 문제 발생 시 원인 분석·후속 조치
- 재사용 가능한 체크리스트·가이드·템플릿 정비
- 고객 또는 내부 사용자의 피드백을 반영한 결과물 품질 개선
- 조사 설계·설문·통계 분석 관련 연간·분기 실행계획 수립
- 응답 데이터·표본·인터뷰 기록 수집·정리 및 핵심 이슈 분석
- SPSS·R·Excel를 활용한 업무 산출물 작성과 버전 관리
- 요구사항을 세부 과제와 일정으로 구체화하고 진행 현황 관리
- 유관 부서 및 외부 파트너와 기준·일정·결과물 조율","- 조사 설계·설문·통계 분석 관련 지식 또는 프로젝트·실무 경험을 보유한 분
- 응답 데이터·표본·인터뷰 기록를 정확히 해석하고 업무 문서로 구조화할 수 있는 분
- SPSS·R·Excel 중 직무에 필요한 도구를 실무에 적용할 수 있는 분
- 유관 부서와 쟁점을 명확히 설명하고 일정에 맞춰 협업할 수 있는 분
- 문제 원인을 근거에 따라 분석하고 실행 가능한 대안을 제시할 수 있는 분
- 업무상 취급하는 개인정보와 기밀정보를 안전하게 관리할 수 있는 분","- ADsP 보유자
- SQLD 보유자
- 사회조사분석사 2급 보유자
- 조사 설계·설문·통계 분석 관련 프로젝트를 기획부터 결과 검토까지 수행한 경험
- SPSS·R·Excel를 활용해 반복 업무를 개선하거나 품질 기준을 정립한 경험","- 제출한 경력·자격 증빙이 사실과 다른 경우
- 정해진 기한까지 필수 증빙서류를 제출하지 않은 경우
- 해외여행 및 근무에 결격사유가 있는 경우
- 채용 관련 비밀유지 의무를 위반한 경우",서류전형 > 인성검사 > 실무면접 > 최종면접
설문·리서치 전문가 채용,69,39,20260120,20260208,20,신입·경력,계약직,세종특별자치시,학사 이상,"플랫폼 운영 조직에서 조사 설계·설문·통계 분석을 담당할 설문·리서치를 모집합니다. 이 포지션은 현장의 요구를 실행 가능한 계획과 결과물로 연결하는 역할입니다.

담당 범위는 응답 데이터·표본·인터뷰 기록를 바탕으로 기준을 수립하고, 우선순위에 따라 과제를 실행하며 품질과 일정을 함께 관리하는 것입니다.

마케팅·광고·MD 조직의 동료와 재무·영업·개발·운영 등 유관 부서, 필요한 경우 외부 파트너와 협업해 의사결정에 필요한 정보를 정리합니다.

이슈가 발생하면 사실과 데이터를 먼저 확인하고 원인을 구분한 뒤, 대안을 비교해 합의된 조치를 실행하고 재발 방지 내용을 문서화합니다.

입사 초기에는 기존 자료와 업무 흐름을 파악하고 SPSS·R·Excel 환경을 익힌 뒤, 담당 영역의 개선 과제와 표준화 작업을 단계적으로 주도합니다.

성과는 결과물의 정확성, 일정 준수, 이해관계자와의 명확한 소통, 사용자와 사업에 미치는 영향을 기준으로 평가합니다.","- 재사용 가능한 체크리스트·가이드·템플릿 정비
- 고객 또는 내부 사용자의 피드백을 반영한 결과물 품질 개선
- 조사 설계·설문·통계 분석 관련 연간·분기 실행계획 수립
- 응답 데이터·표본·인터뷰 기록 수집·정리 및 핵심 이슈 분석
- SPSS·R·Excel를 활용한 업무 산출물 작성과 버전 관리
- 요구사항을 세부 과제와 일정으로 구체화하고 진행 현황 관리
- 유관 부서 및 외부 파트너와 기준·일정·결과물 조율
- 검토 회의 운영과 의사결정 근거·변경 이력 문서화
- 성과지표 설정 및 결과 데이터 분석을 통한 개선안 제안","- 조사 설계·설문·통계 분석 관련 지식 또는 프로젝트·실무 경험을 보유한 분
- 응답 데이터·표본·인터뷰 기록를 정확히 해석하고 업무 문서로 구조화할 수 있는 분
- SPSS·R·Excel 중 직무에 필요한 도구를 실무에 적용할 수 있는 분
- 유관 부서와 쟁점을 명확히 설명하고 일정에 맞춰 협업할 수 있는 분
- 문제 원인을 근거에 따라 분석하고 실행 가능한 대안을 제시할 수 있는 분
- 업무상 취급하는 개인정보와 기밀정보를 안전하게 관리할 수 있는 분
- 설문·리서치 또는 유사 분야의 신입·경력 실무 경험을 보유한 분","- SQLD 보유자
- 사회조사분석사 2급 보유자
- ADsP 보유자
- 조사 설계·설문·통계 분석 관련 프로젝트를 기획부터 결과 검토까지 수행한 경험
- SPSS·R·Excel를 활용해 반복 업무를 개선하거나 품질 기준을 정립한 경험
- 외부 파트너 또는 다양한 이해관계자와 복잡한 요구사항을 조율한 경험","- 지원 자격 또는 필수 면허 요건을 충족하지 못한 경우
- 전형 과정에서 타인의 결과물을 무단 사용한 경우
- 채용검진 결과 담당 업무 수행이 곤란한 경우
- 관계 법령상 취업이 제한되는 경우",서류전형 > 직무과제 > 실무면접 > 처우협의
설문·리서치 신규 인력 모집,159,39,20260302,20260324,3,경력 2년 이상,정규직,충청남도,학사 이상,"브랜드 사업 조직에서 조사 설계·설문·통계 분석을 담당할 설문·리서치를 모집합니다. 이 포지션은 현장의 요구를 실행 가능한 계획과 결과물로 연결하는 역할입니다.

담당 범위는 응답 데이터·표본·인터뷰 기록를 바탕으로 기준을 수립하고, 우선순위에 따라 과제를 실행하며 품질과 일정을 함께 관리하는 것입니다.

마케팅·광고·MD 조직의 동료와 재무·영업·개발·운영 등 유관 부서, 필요한 경우 외부 파트너와 협업해 의사결정에 필요한 정보를 정리합니다.

이슈가 발생하면 사실과 데이터를 먼저 확인하고 원인을 구분한 뒤, 대안을 비교해 합의된 조치를 실행하고 재발 방지 내용을 문서화합니다.

입사 초기에는 기존 자료와 업무 흐름을 파악하고 SPSS·R·Excel 환경을 익힌 뒤, 담당 영역의 개선 과제와 표준화 작업을 단계적으로 주도합니다.

성과는 결과물의 정확성, 일정 준수, 이해관계자와의 명확한 소통, 사용자와 사업에 미치는 영향을 기준으로 평가합니다.","- 고객 또는 내부 사용자의 피드백을 반영한 결과물 품질 개선
- 조사 설계·설문·통계 분석 관련 연간·분기 실행계획 수립
- 응답 데이터·표본·인터뷰 기록 수집·정리 및 핵심 이슈 분석
- SPSS·R·Excel를 활용한 업무 산출물 작성과 버전 관리
- 요구사항을 세부 과제와 일정으로 구체화하고 진행 현황 관리
- 유관 부서 및 외부 파트너와 기준·일정·결과물 조율
- 검토 회의 운영과 의사결정 근거·변경 이력 문서화","- 조사 설계·설문·통계 분석 관련 지식 또는 프로젝트·실무 경험을 보유한 분
- 응답 데이터·표본·인터뷰 기록를 정확히 해석하고 업무 문서로 구조화할 수 있는 분
- SPSS·R·Excel 중 직무에 필요한 도구를 실무에 적용할 수 있는 분
- 유관 부서와 쟁점을 명확히 설명하고 일정에 맞춰 협업할 수 있는 분
- 문제 원인을 근거에 따라 분석하고 실행 가능한 대안을 제시할 수 있는 분","- 사회조사분석사 2급 보유자
- ADsP 보유자
- SQLD 보유자
- 조사 설계·설문·통계 분석 관련 프로젝트를 기획부터 결과 검토까지 수행한 경험","- 지원서 또는 제출서류를 허위로 기재한 경우
- 채용 과정에서 부정한 방법을 사용한 경우
- 채용검진 결과 직무 수행이 어렵다고 판단되는 경우
- 관련 법령 또는 내부 인사규정상 채용이 불가능한 경우",서류전형 > 1차면접 > 2차면접 > 채용검진
MD 담당자 모집,40,40,20260806,20260913,1,신입,정규직,서울특별시,학력무관,"디지털 서비스 조직에서 상품기획·소싱·매출 관리를 담당할 MD를 모집합니다. 이 포지션은 현장의 요구를 실행 가능한 계획과 결과물로 연결하는 역할입니다.

담당 범위는 판매·재고·마진·시장 데이터를 바탕으로 기준을 수립하고, 우선순위에 따라 과제를 실행하며 품질과 일정을 함께 관리하는 것입니다.

마케팅·광고·MD 조직의 동료와 재무·영업·개발·운영 등 유관 부서, 필요한 경우 외부 파트너와 협업해 의사결정에 필요한 정보를 정리합니다.

이슈가 발생하면 사실과 데이터를 먼저 확인하고 원인을 구분한 뒤, 대안을 비교해 합의된 조치를 실행하고 재발 방지 내용을 문서화합니다.

입사 초기에는 기존 자료와 업무 흐름을 파악하고 ERP·Excel·온라인몰 관리자 환경을 익힌 뒤, 담당 영역의 개선 과제와 표준화 작업을 단계적으로 주도합니다.

성과는 결과물의 정확성, 일정 준수, 이해관계자와의 명확한 소통, 사용자와 사업에 미치는 영향을 기준으로 평가합니다.","- 상품기획·소싱·매출 관리 관련 연간·분기 실행계획 수립
- 판매·재고·마진·시장 데이터 수집·정리 및 핵심 이슈 분석
- ERP·Excel·온라인몰 관리자를 활용한 업무 산출물 작성과 버전 관리
- 요구사항을 세부 과제와 일정으로 구체화하고 진행 현황 관리
- 유관 부서 및 외부 파트너와 기준·일정·결과물 조율
- 검토 회의 운영과 의사결정 근거·변경 이력 문서화
- 성과지표 설정 및 결과 데이터 분석을 통한 개선안 제안","- 상품기획·소싱·매출 관리 관련 지식 또는 프로젝트·실무 경험을 보유한 분
- 판매·재고·마진·시장 데이터를 정확히 해석하고 업무 문서로 구조화할 수 있는 분
- ERP·Excel·온라인몰 관리자 중 직무에 필요한 도구를 실무에 적용할 수 있는 분
- 유관 부서와 쟁점을 명확히 설명하고 일정에 맞춰 협업할 수 있는 분
- 문제 원인을 근거에 따라 분석하고 실행 가능한 대안을 제시할 수 있는 분","- 유통관리사 2급 보유자
- 물류관리사 보유자
- 컴퓨터활용능력 1급 보유자
- 상품기획·소싱·매출 관리 관련 프로젝트를 기획부터 결과 검토까지 수행한 경험","- 제출한 경력·자격 증빙이 사실과 다른 경우
- 정해진 기한까지 필수 증빙서류를 제출하지 않은 경우
- 해외여행 및 근무에 결격사유가 있는 경우
- 채용 관련 비밀유지 의무를 위반한 경우",서류전형 > 실무면접 > 최종면접
MD 실무자 채용,18,40,20261011,20261121,4,경력 2년 이상,계약직,경기도,전문학사 이상,"성장 단계 스타트업에서 상품기획·소싱·매출 관리를 담당할 MD를 모집합니다. 이 포지션은 현장의 요구를 실행 가능한 계획과 결과물로 연결하는 역할입니다.

담당 범위는 판매·재고·마진·시장 데이터를 바탕으로 기준을 수립하고, 우선순위에 따라 과제를 실행하며 품질과 일정을 함께 관리하는 것입니다.

마케팅·광고·MD 조직의 동료와 재무·영업·개발·운영 등 유관 부서, 필요한 경우 외부 파트너와 협업해 의사결정에 필요한 정보를 정리합니다.

이슈가 발생하면 사실과 데이터를 먼저 확인하고 원인을 구분한 뒤, 대안을 비교해 합의된 조치를 실행하고 재발 방지 내용을 문서화합니다.

입사 초기에는 기존 자료와 업무 흐름을 파악하고 ERP·Excel·온라인몰 관리자 환경을 익힌 뒤, 담당 영역의 개선 과제와 표준화 작업을 단계적으로 주도합니다.

성과는 결과물의 정확성, 일정 준수, 이해관계자와의 명확한 소통, 사용자와 사업에 미치는 영향을 기준으로 평가합니다.","- 판매·재고·마진·시장 데이터 수집·정리 및 핵심 이슈 분석
- ERP·Excel·온라인몰 관리자를 활용한 업무 산출물 작성과 버전 관리
- 요구사항을 세부 과제와 일정으로 구체화하고 진행 현황 관리
- 유관 부서 및 외부 파트너와 기준·일정·결과물 조율
- 검토 회의 운영과 의사결정 근거·변경 이력 문서화
- 성과지표 설정 및 결과 데이터 분석을 통한 개선안 제안
- 업무상 리스크 사전 점검과 문제 발생 시 원인 분석·후속 조치
- 재사용 가능한 체크리스트·가이드·템플릿 정비","- 상품기획·소싱·매출 관리 관련 지식 또는 프로젝트·실무 경험을 보유한 분
- 판매·재고·마진·시장 데이터를 정확히 해석하고 업무 문서로 구조화할 수 있는 분
- ERP·Excel·온라인몰 관리자 중 직무에 필요한 도구를 실무에 적용할 수 있는 분
- 유관 부서와 쟁점을 명확히 설명하고 일정에 맞춰 협업할 수 있는 분
- 문제 원인을 근거에 따라 분석하고 실행 가능한 대안을 제시할 수 있는 분
- 업무상 취급하는 개인정보와 기밀정보를 안전하게 관리할 수 있는 분","- 물류관리사 보유자
- 컴퓨터활용능력 1급 보유자
- 유통관리사 2급 보유자
- 상품기획·소싱·매출 관리 관련 프로젝트를 기획부터 결과 검토까지 수행한 경험
- ERP·Excel·온라인몰 관리자를 활용해 반복 업무를 개선하거나 품질 기준을 정립한 경험","- 지원 자격 또는 필수 면허 요건을 충족하지 못한 경우
- 전형 과정에서 타인의 결과물을 무단 사용한 경우
- 채용검진 결과 담당 업무 수행이 곤란한 경우
- 관계 법령상 취업이 제한되는 경우",서류전형 > 인성검사 > 실무면접 > 최종면접
MD 전문인력 모집,7,40,20260116,20260301,7,신입·경력,정규직,인천광역시,학사 이상,"중견기업 전략 조직에서 상품기획·소싱·매출 관리를 담당할 MD를 모집합니다. 이 포지션은 현장의 요구를 실행 가능한 계획과 결과물로 연결하는 역할입니다.

담당 범위는 판매·재고·마진·시장 데이터를 바탕으로 기준을 수립하고, 우선순위에 따라 과제를 실행하며 품질과 일정을 함께 관리하는 것입니다.

마케팅·광고·MD 조직의 동료와 재무·영업·개발·운영 등 유관 부서, 필요한 경우 외부 파트너와 협업해 의사결정에 필요한 정보를 정리합니다.

이슈가 발생하면 사실과 데이터를 먼저 확인하고 원인을 구분한 뒤, 대안을 비교해 합의된 조치를 실행하고 재발 방지 내용을 문서화합니다.

입사 초기에는 기존 자료와 업무 흐름을 파악하고 ERP·Excel·온라인몰 관리자 환경을 익힌 뒤, 담당 영역의 개선 과제와 표준화 작업을 단계적으로 주도합니다.

성과는 결과물의 정확성, 일정 준수, 이해관계자와의 명확한 소통, 사용자와 사업에 미치는 영향을 기준으로 평가합니다.","- ERP·Excel·온라인몰 관리자를 활용한 업무 산출물 작성과 버전 관리
- 요구사항을 세부 과제와 일정으로 구체화하고 진행 현황 관리
- 유관 부서 및 외부 파트너와 기준·일정·결과물 조율
- 검토 회의 운영과 의사결정 근거·변경 이력 문서화
- 성과지표 설정 및 결과 데이터 분석을 통한 개선안 제안
- 업무상 리스크 사전 점검과 문제 발생 시 원인 분석·후속 조치
- 재사용 가능한 체크리스트·가이드·템플릿 정비
- 고객 또는 내부 사용자의 피드백을 반영한 결과물 품질 개선
- 상품기획·소싱·매출 관리 관련 연간·분기 실행계획 수립","- 상품기획·소싱·매출 관리 관련 지식 또는 프로젝트·실무 경험을 보유한 분
- 판매·재고·마진·시장 데이터를 정확히 해석하고 업무 문서로 구조화할 수 있는 분
- ERP·Excel·온라인몰 관리자 중 직무에 필요한 도구를 실무에 적용할 수 있는 분
- 유관 부서와 쟁점을 명확히 설명하고 일정에 맞춰 협업할 수 있는 분
- 문제 원인을 근거에 따라 분석하고 실행 가능한 대안을 제시할 수 있는 분
- 업무상 취급하는 개인정보와 기밀정보를 안전하게 관리할 수 있는 분
- MD 또는 유사 분야의 신입·경력 실무 경험을 보유한 분","- 컴퓨터활용능력 1급 보유자
- 유통관리사 2급 보유자
- 물류관리사 보유자
- 상품기획·소싱·매출 관리 관련 프로젝트를 기획부터 결과 검토까지 수행한 경험
- ERP·Excel·온라인몰 관리자를 활용해 반복 업무를 개선하거나 품질 기준을 정립한 경험
- 외부 파트너 또는 다양한 이해관계자와 복잡한 요구사항을 조율한 경험","- 지원서 또는 제출서류를 허위로 기재한 경우
- 채용 과정에서 부정한 방법을 사용한 경우
- 채용검진 결과 직무 수행이 어렵다고 판단되는 경우
- 관련 법령 또는 내부 인사규정상 채용이 불가능한 경우",서류전형 > 직무과제 > 실무면접 > 처우협의
MD 인재 채용,33,40,20260321,20260401,10,경력 3년 이상,무기계약직,대전광역시,학사 이상,"공공서비스 운영기관에서 상품기획·소싱·매출 관리를 담당할 MD를 모집합니다. 이 포지션은 현장의 요구를 실행 가능한 계획과 결과물로 연결하는 역할입니다.

담당 범위는 판매·재고·마진·시장 데이터를 바탕으로 기준을 수립하고, 우선순위에 따라 과제를 실행하며 품질과 일정을 함께 관리하는 것입니다.

마케팅·광고·MD 조직의 동료와 재무·영업·개발·운영 등 유관 부서, 필요한 경우 외부 파트너와 협업해 의사결정에 필요한 정보를 정리합니다.

이슈가 발생하면 사실과 데이터를 먼저 확인하고 원인을 구분한 뒤, 대안을 비교해 합의된 조치를 실행하고 재발 방지 내용을 문서화합니다.

입사 초기에는 기존 자료와 업무 흐름을 파악하고 ERP·Excel·온라인몰 관리자 환경을 익힌 뒤, 담당 영역의 개선 과제와 표준화 작업을 단계적으로 주도합니다.

성과는 결과물의 정확성, 일정 준수, 이해관계자와의 명확한 소통, 사용자와 사업에 미치는 영향을 기준으로 평가합니다.","- 요구사항을 세부 과제와 일정으로 구체화하고 진행 현황 관리
- 유관 부서 및 외부 파트너와 기준·일정·결과물 조율
- 검토 회의 운영과 의사결정 근거·변경 이력 문서화
- 성과지표 설정 및 결과 데이터 분석을 통한 개선안 제안
- 업무상 리스크 사전 점검과 문제 발생 시 원인 분석·후속 조치
- 재사용 가능한 체크리스트·가이드·템플릿 정비
- 고객 또는 내부 사용자의 피드백을 반영한 결과물 품질 개선","- 상품기획·소싱·매출 관리 관련 지식 또는 프로젝트·실무 경험을 보유한 분
- 판매·재고·마진·시장 데이터를 정확히 해석하고 업무 문서로 구조화할 수 있는 분
- ERP·Excel·온라인몰 관리자 중 직무에 필요한 도구를 실무에 적용할 수 있는 분
- 유관 부서와 쟁점을 명확히 설명하고 일정에 맞춰 협업할 수 있는 분
- 문제 원인을 근거에 따라 분석하고 실행 가능한 대안을 제시할 수 있는 분","- 유통관리사 2급 보유자
- 물류관리사 보유자
- 컴퓨터활용능력 1급 보유자
- 상품기획·소싱·매출 관리 관련 프로젝트를 기획부터 결과 검토까지 수행한 경험","- 제출한 경력·자격 증빙이 사실과 다른 경우
- 정해진 기한까지 필수 증빙서류를 제출하지 않은 경우
- 해외여행 및 근무에 결격사유가 있는 경우
- 채용 관련 비밀유지 의무를 위반한 경우",서류전형 > 1차면접 > 2차면접 > 채용검진
MD 공개채용,105,40,20260503,20260517,13,경력 무관,정규직,부산광역시,석사 이상,"전문 컨설팅 조직에서 상품기획·소싱·매출 관리를 담당할 MD를 모집합니다. 이 포지션은 현장의 요구를 실행 가능한 계획과 결과물로 연결하는 역할입니다.

담당 범위는 판매·재고·마진·시장 데이터를 바탕으로 기준을 수립하고, 우선순위에 따라 과제를 실행하며 품질과 일정을 함께 관리하는 것입니다.

마케팅·광고·MD 조직의 동료와 재무·영업·개발·운영 등 유관 부서, 필요한 경우 외부 파트너와 협업해 의사결정에 필요한 정보를 정리합니다.

이슈가 발생하면 사실과 데이터를 먼저 확인하고 원인을 구분한 뒤, 대안을 비교해 합의된 조치를 실행하고 재발 방지 내용을 문서화합니다.

입사 초기에는 기존 자료와 업무 흐름을 파악하고 ERP·Excel·온라인몰 관리자 환경을 익힌 뒤, 담당 영역의 개선 과제와 표준화 작업을 단계적으로 주도합니다.

성과는 결과물의 정확성, 일정 준수, 이해관계자와의 명확한 소통, 사용자와 사업에 미치는 영향을 기준으로 평가합니다.","- 유관 부서 및 외부 파트너와 기준·일정·결과물 조율
- 검토 회의 운영과 의사결정 근거·변경 이력 문서화
- 성과지표 설정 및 결과 데이터 분석을 통한 개선안 제안
- 업무상 리스크 사전 점검과 문제 발생 시 원인 분석·후속 조치
- 재사용 가능한 체크리스트·가이드·템플릿 정비
- 고객 또는 내부 사용자의 피드백을 반영한 결과물 품질 개선
- 상품기획·소싱·매출 관리 관련 연간·분기 실행계획 수립
- 판매·재고·마진·시장 데이터 수집·정리 및 핵심 이슈 분석","- 상품기획·소싱·매출 관리 관련 지식 또는 프로젝트·실무 경험을 보유한 분
- 판매·재고·마진·시장 데이터를 정확히 해석하고 업무 문서로 구조화할 수 있는 분
- ERP·Excel·온라인몰 관리자 중 직무에 필요한 도구를 실무에 적용할 수 있는 분
- 유관 부서와 쟁점을 명확히 설명하고 일정에 맞춰 협업할 수 있는 분
- 문제 원인을 근거에 따라 분석하고 실행 가능한 대안을 제시할 수 있는 분
- 업무상 취급하는 개인정보와 기밀정보를 안전하게 관리할 수 있는 분","- 물류관리사 보유자
- 컴퓨터활용능력 1급 보유자
- 유통관리사 2급 보유자
- 상품기획·소싱·매출 관리 관련 프로젝트를 기획부터 결과 검토까지 수행한 경험
- ERP·Excel·온라인몰 관리자를 활용해 반복 업무를 개선하거나 품질 기준을 정립한 경험","- 지원 자격 또는 필수 면허 요건을 충족하지 못한 경우
- 전형 과정에서 타인의 결과물을 무단 사용한 경우
- 채용검진 결과 담당 업무 수행이 곤란한 경우
- 관계 법령상 취업이 제한되는 경우",서류전형 > 필기전형 > 면접전형 > 최종합격
MD 프로젝트 담당 모집,93,40,20260708,20260725,16,경력 5년 이상,기간제,광주광역시,학력무관,"글로벌 사업 조직에서 상품기획·소싱·매출 관리를 담당할 MD를 모집합니다. 이 포지션은 현장의 요구를 실행 가능한 계획과 결과물로 연결하는 역할입니다.

담당 범위는 판매·재고·마진·시장 데이터를 바탕으로 기준을 수립하고, 우선순위에 따라 과제를 실행하며 품질과 일정을 함께 관리하는 것입니다.

마케팅·광고·MD 조직의 동료와 재무·영업·개발·운영 등 유관 부서, 필요한 경우 외부 파트너와 협업해 의사결정에 필요한 정보를 정리합니다.

이슈가 발생하면 사실과 데이터를 먼저 확인하고 원인을 구분한 뒤, 대안을 비교해 합의된 조치를 실행하고 재발 방지 내용을 문서화합니다.

입사 초기에는 기존 자료와 업무 흐름을 파악하고 ERP·Excel·온라인몰 관리자 환경을 익힌 뒤, 담당 영역의 개선 과제와 표준화 작업을 단계적으로 주도합니다.

성과는 결과물의 정확성, 일정 준수, 이해관계자와의 명확한 소통, 사용자와 사업에 미치는 영향을 기준으로 평가합니다.","- 검토 회의 운영과 의사결정 근거·변경 이력 문서화
- 성과지표 설정 및 결과 데이터 분석을 통한 개선안 제안
- 업무상 리스크 사전 점검과 문제 발생 시 원인 분석·후속 조치
- 재사용 가능한 체크리스트·가이드·템플릿 정비
- 고객 또는 내부 사용자의 피드백을 반영한 결과물 품질 개선
- 상품기획·소싱·매출 관리 관련 연간·분기 실행계획 수립
- 판매·재고·마진·시장 데이터 수집·정리 및 핵심 이슈 분석
- ERP·Excel·온라인몰 관리자를 활용한 업무 산출물 작성과 버전 관리
- 요구사항을 세부 과제와 일정으로 구체화하고 진행 현황 관리","- 상품기획·소싱·매출 관리 관련 지식 또는 프로젝트·실무 경험을 보유한 분
- 판매·재고·마진·시장 데이터를 정확히 해석하고 업무 문서로 구조화할 수 있는 분
- ERP·Excel·온라인몰 관리자 중 직무에 필요한 도구를 실무에 적용할 수 있는 분
- 유관 부서와 쟁점을 명확히 설명하고 일정에 맞춰 협업할 수 있는 분
- 문제 원인을 근거에 따라 분석하고 실행 가능한 대안을 제시할 수 있는 분
- 업무상 취급하는 개인정보와 기밀정보를 안전하게 관리할 수 있는 분
- MD 또는 유사 분야의 5년 이상 실무 경험을 보유한 분","- 컴퓨터활용능력 1급 보유자
- 유통관리사 2급 보유자
- 물류관리사 보유자
- 상품기획·소싱·매출 관리 관련 프로젝트를 기획부터 결과 검토까지 수행한 경험
- ERP·Excel·온라인몰 관리자를 활용해 반복 업무를 개선하거나 품질 기준을 정립한 경험
- 외부 파트너 또는 다양한 이해관계자와 복잡한 요구사항을 조율한 경험","- 지원서 또는 제출서류를 허위로 기재한 경우
- 채용 과정에서 부정한 방법을 사용한 경우
- 채용검진 결과 직무 수행이 어렵다고 판단되는 경우
- 관련 법령 또는 내부 인사규정상 채용이 불가능한 경우",서류전형 > 실무면접 > 최종면접
MD 운영 담당자 채용,58,40,20260913,20261003,19,경력,정규직,세종특별자치시,전문학사 이상,"연구개발 중심 조직에서 상품기획·소싱·매출 관리를 담당할 MD를 모집합니다. 이 포지션은 현장의 요구를 실행 가능한 계획과 결과물로 연결하는 역할입니다.

담당 범위는 판매·재고·마진·시장 데이터를 바탕으로 기준을 수립하고, 우선순위에 따라 과제를 실행하며 품질과 일정을 함께 관리하는 것입니다.

마케팅·광고·MD 조직의 동료와 재무·영업·개발·운영 등 유관 부서, 필요한 경우 외부 파트너와 협업해 의사결정에 필요한 정보를 정리합니다.

이슈가 발생하면 사실과 데이터를 먼저 확인하고 원인을 구분한 뒤, 대안을 비교해 합의된 조치를 실행하고 재발 방지 내용을 문서화합니다.

입사 초기에는 기존 자료와 업무 흐름을 파악하고 ERP·Excel·온라인몰 관리자 환경을 익힌 뒤, 담당 영역의 개선 과제와 표준화 작업을 단계적으로 주도합니다.

성과는 결과물의 정확성, 일정 준수, 이해관계자와의 명확한 소통, 사용자와 사업에 미치는 영향을 기준으로 평가합니다.","- 성과지표 설정 및 결과 데이터 분석을 통한 개선안 제안
- 업무상 리스크 사전 점검과 문제 발생 시 원인 분석·후속 조치
- 재사용 가능한 체크리스트·가이드·템플릿 정비
- 고객 또는 내부 사용자의 피드백을 반영한 결과물 품질 개선
- 상품기획·소싱·매출 관리 관련 연간·분기 실행계획 수립
- 판매·재고·마진·시장 데이터 수집·정리 및 핵심 이슈 분석
- ERP·Excel·온라인몰 관리자를 활용한 업무 산출물 작성과 버전 관리","- 상품기획·소싱·매출 관리 관련 지식 또는 프로젝트·실무 경험을 보유한 분
- 판매·재고·마진·시장 데이터를 정확히 해석하고 업무 문서로 구조화할 수 있는 분
- ERP·Excel·온라인몰 관리자 중 직무에 필요한 도구를 실무에 적용할 수 있는 분
- 유관 부서와 쟁점을 명확히 설명하고 일정에 맞춰 협업할 수 있는 분
- 문제 원인을 근거에 따라 분석하고 실행 가능한 대안을 제시할 수 있는 분","- 유통관리사 2급 보유자
- 물류관리사 보유자
- 컴퓨터활용능력 1급 보유자
- 상품기획·소싱·매출 관리 관련 프로젝트를 기획부터 결과 검토까지 수행한 경험","- 제출한 경력·자격 증빙이 사실과 다른 경우
- 정해진 기한까지 필수 증빙서류를 제출하지 않은 경우
- 해외여행 및 근무에 결격사유가 있는 경우
- 채용 관련 비밀유지 의무를 위반한 경우",서류전형 > 인성검사 > 실무면접 > 최종면접
MD 핵심인재 모집,158,40,20261118,20261211,2,신입·경력,계약직,충청남도,학사 이상,"플랫폼 운영 조직에서 상품기획·소싱·매출 관리를 담당할 MD를 모집합니다. 이 포지션은 현장의 요구를 실행 가능한 계획과 결과물로 연결하는 역할입니다.

담당 범위는 판매·재고·마진·시장 데이터를 바탕으로 기준을 수립하고, 우선순위에 따라 과제를 실행하며 품질과 일정을 함께 관리하는 것입니다.

마케팅·광고·MD 조직의 동료와 재무·영업·개발·운영 등 유관 부서, 필요한 경우 외부 파트너와 협업해 의사결정에 필요한 정보를 정리합니다.

이슈가 발생하면 사실과 데이터를 먼저 확인하고 원인을 구분한 뒤, 대안을 비교해 합의된 조치를 실행하고 재발 방지 내용을 문서화합니다.

입사 초기에는 기존 자료와 업무 흐름을 파악하고 ERP·Excel·온라인몰 관리자 환경을 익힌 뒤, 담당 영역의 개선 과제와 표준화 작업을 단계적으로 주도합니다.

성과는 결과물의 정확성, 일정 준수, 이해관계자와의 명확한 소통, 사용자와 사업에 미치는 영향을 기준으로 평가합니다.","- 업무상 리스크 사전 점검과 문제 발생 시 원인 분석·후속 조치
- 재사용 가능한 체크리스트·가이드·템플릿 정비
- 고객 또는 내부 사용자의 피드백을 반영한 결과물 품질 개선
- 상품기획·소싱·매출 관리 관련 연간·분기 실행계획 수립
- 판매·재고·마진·시장 데이터 수집·정리 및 핵심 이슈 분석
- ERP·Excel·온라인몰 관리자를 활용한 업무 산출물 작성과 버전 관리
- 요구사항을 세부 과제와 일정으로 구체화하고 진행 현황 관리
- 유관 부서 및 외부 파트너와 기준·일정·결과물 조율","- 상품기획·소싱·매출 관리 관련 지식 또는 프로젝트·실무 경험을 보유한 분
- 판매·재고·마진·시장 데이터를 정확히 해석하고 업무 문서로 구조화할 수 있는 분
- ERP·Excel·온라인몰 관리자 중 직무에 필요한 도구를 실무에 적용할 수 있는 분
- 유관 부서와 쟁점을 명확히 설명하고 일정에 맞춰 협업할 수 있는 분
- 문제 원인을 근거에 따라 분석하고 실행 가능한 대안을 제시할 수 있는 분
- 업무상 취급하는 개인정보와 기밀정보를 안전하게 관리할 수 있는 분","- 물류관리사 보유자
- 컴퓨터활용능력 1급 보유자
- 유통관리사 2급 보유자
- 상품기획·소싱·매출 관리 관련 프로젝트를 기획부터 결과 검토까지 수행한 경험
- ERP·Excel·온라인몰 관리자를 활용해 반복 업무를 개선하거나 품질 기준을 정립한 경험","- 지원 자격 또는 필수 면허 요건을 충족하지 못한 경우
- 전형 과정에서 타인의 결과물을 무단 사용한 경우
- 채용검진 결과 담당 업무 수행이 곤란한 경우
- 관계 법령상 취업이 제한되는 경우",서류전형 > 직무과제 > 실무면접 > 처우협의
MD 전문가 채용,87,40,20260223,20260321,5,경력 2년 이상,정규직,경상남도,학사 이상,"브랜드 사업 조직에서 상품기획·소싱·매출 관리를 담당할 MD를 모집합니다. 이 포지션은 현장의 요구를 실행 가능한 계획과 결과물로 연결하는 역할입니다.

담당 범위는 판매·재고·마진·시장 데이터를 바탕으로 기준을 수립하고, 우선순위에 따라 과제를 실행하며 품질과 일정을 함께 관리하는 것입니다.

마케팅·광고·MD 조직의 동료와 재무·영업·개발·운영 등 유관 부서, 필요한 경우 외부 파트너와 협업해 의사결정에 필요한 정보를 정리합니다.

이슈가 발생하면 사실과 데이터를 먼저 확인하고 원인을 구분한 뒤, 대안을 비교해 합의된 조치를 실행하고 재발 방지 내용을 문서화합니다.

입사 초기에는 기존 자료와 업무 흐름을 파악하고 ERP·Excel·온라인몰 관리자 환경을 익힌 뒤, 담당 영역의 개선 과제와 표준화 작업을 단계적으로 주도합니다.

성과는 결과물의 정확성, 일정 준수, 이해관계자와의 명확한 소통, 사용자와 사업에 미치는 영향을 기준으로 평가합니다.","- 재사용 가능한 체크리스트·가이드·템플릿 정비
- 고객 또는 내부 사용자의 피드백을 반영한 결과물 품질 개선
- 상품기획·소싱·매출 관리 관련 연간·분기 실행계획 수립
- 판매·재고·마진·시장 데이터 수집·정리 및 핵심 이슈 분석
- ERP·Excel·온라인몰 관리자를 활용한 업무 산출물 작성과 버전 관리
- 요구사항을 세부 과제와 일정으로 구체화하고 진행 현황 관리
- 유관 부서 및 외부 파트너와 기준·일정·결과물 조율
- 검토 회의 운영과 의사결정 근거·변경 이력 문서화
- 성과지표 설정 및 결과 데이터 분석을 통한 개선안 제안","- 상품기획·소싱·매출 관리 관련 지식 또는 프로젝트·실무 경험을 보유한 분
- 판매·재고·마진·시장 데이터를 정확히 해석하고 업무 문서로 구조화할 수 있는 분
- ERP·Excel·온라인몰 관리자 중 직무에 필요한 도구를 실무에 적용할 수 있는 분
- 유관 부서와 쟁점을 명확히 설명하고 일정에 맞춰 협업할 수 있는 분
- 문제 원인을 근거에 따라 분석하고 실행 가능한 대안을 제시할 수 있는 분
- 업무상 취급하는 개인정보와 기밀정보를 안전하게 관리할 수 있는 분
- MD 또는 유사 분야의 2년 이상 실무 경험을 보유한 분","- 컴퓨터활용능력 1급 보유자
- 유통관리사 2급 보유자
- 물류관리사 보유자
- 상품기획·소싱·매출 관리 관련 프로젝트를 기획부터 결과 검토까지 수행한 경험
- ERP·Excel·온라인몰 관리자를 활용해 반복 업무를 개선하거나 품질 기준을 정립한 경험
- 외부 파트너 또는 다양한 이해관계자와 복잡한 요구사항을 조율한 경험","- 지원서 또는 제출서류를 허위로 기재한 경우
- 채용 과정에서 부정한 방법을 사용한 경우
- 채용검진 결과 직무 수행이 어렵다고 판단되는 경우
- 관련 법령 또는 내부 인사규정상 채용이 불가능한 경우",서류전형 > 1차면접 > 2차면접 > 채용검진
MD 신규 인력 모집,133,40,20260405,20260504,8,경력 3년 이상,무기계약직,제주특별자치도,석사 이상,"지역 기반 전문기관에서 상품기획·소싱·매출 관리를 담당할 MD를 모집합니다. 이 포지션은 현장의 요구를 실행 가능한 계획과 결과물로 연결하는 역할입니다.

담당 범위는 판매·재고·마진·시장 데이터를 바탕으로 기준을 수립하고, 우선순위에 따라 과제를 실행하며 품질과 일정을 함께 관리하는 것입니다.

마케팅·광고·MD 조직의 동료와 재무·영업·개발·운영 등 유관 부서, 필요한 경우 외부 파트너와 협업해 의사결정에 필요한 정보를 정리합니다.

이슈가 발생하면 사실과 데이터를 먼저 확인하고 원인을 구분한 뒤, 대안을 비교해 합의된 조치를 실행하고 재발 방지 내용을 문서화합니다.

입사 초기에는 기존 자료와 업무 흐름을 파악하고 ERP·Excel·온라인몰 관리자 환경을 익힌 뒤, 담당 영역의 개선 과제와 표준화 작업을 단계적으로 주도합니다.

성과는 결과물의 정확성, 일정 준수, 이해관계자와의 명확한 소통, 사용자와 사업에 미치는 영향을 기준으로 평가합니다.","- 고객 또는 내부 사용자의 피드백을 반영한 결과물 품질 개선
- 상품기획·소싱·매출 관리 관련 연간·분기 실행계획 수립
- 판매·재고·마진·시장 데이터 수집·정리 및 핵심 이슈 분석
- ERP·Excel·온라인몰 관리자를 활용한 업무 산출물 작성과 버전 관리
- 요구사항을 세부 과제와 일정으로 구체화하고 진행 현황 관리
- 유관 부서 및 외부 파트너와 기준·일정·결과물 조율
- 검토 회의 운영과 의사결정 근거·변경 이력 문서화","- 상품기획·소싱·매출 관리 관련 지식 또는 프로젝트·실무 경험을 보유한 분
- 판매·재고·마진·시장 데이터를 정확히 해석하고 업무 문서로 구조화할 수 있는 분
- ERP·Excel·온라인몰 관리자 중 직무에 필요한 도구를 실무에 적용할 수 있는 분
- 유관 부서와 쟁점을 명확히 설명하고 일정에 맞춰 협업할 수 있는 분
- 문제 원인을 근거에 따라 분석하고 실행 가능한 대안을 제시할 수 있는 분","- 유통관리사 2급 보유자
- 물류관리사 보유자
- 컴퓨터활용능력 1급 보유자
- 상품기획·소싱·매출 관리 관련 프로젝트를 기획부터 결과 검토까지 수행한 경험","- 제출한 경력·자격 증빙이 사실과 다른 경우
- 정해진 기한까지 필수 증빙서류를 제출하지 않은 경우
- 해외여행 및 근무에 결격사유가 있는 경우
- 채용 관련 비밀유지 의무를 위반한 경우",서류전형 > 필기전형 > 면접전형 > 최종합격
카피라이터 담당자 모집,95,41,20260909,20261024,6,경력 2년 이상,계약직,인천광역시,전문학사 이상,"성장 단계 스타트업에서 광고 콘셉트·카피 개발을 담당할 카피라이터를 모집합니다. 이 포지션은 현장의 요구를 실행 가능한 계획과 결과물로 연결하는 역할입니다.

담당 범위는 브리프·브랜드 가이드·반응 데이터를 바탕으로 기준을 수립하고, 우선순위에 따라 과제를 실행하며 품질과 일정을 함께 관리하는 것입니다.

마케팅·광고·MD 조직의 동료와 재무·영업·개발·운영 등 유관 부서, 필요한 경우 외부 파트너와 협업해 의사결정에 필요한 정보를 정리합니다.

이슈가 발생하면 사실과 데이터를 먼저 확인하고 원인을 구분한 뒤, 대안을 비교해 합의된 조치를 실행하고 재발 방지 내용을 문서화합니다.

입사 초기에는 기존 자료와 업무 흐름을 파악하고 문서도구·CMS 환경을 익힌 뒤, 담당 영역의 개선 과제와 표준화 작업을 단계적으로 주도합니다.

성과는 결과물의 정확성, 일정 준수, 이해관계자와의 명확한 소통, 사용자와 사업에 미치는 영향을 기준으로 평가합니다.","- 광고 콘셉트·카피 개발 관련 연간·분기 실행계획 수립
- 브리프·브랜드 가이드·반응 데이터 수집·정리 및 핵심 이슈 분석
- 문서도구·CMS를 활용한 업무 산출물 작성과 버전 관리
- 요구사항을 세부 과제와 일정으로 구체화하고 진행 현황 관리
- 유관 부서 및 외부 파트너와 기준·일정·결과물 조율
- 검토 회의 운영과 의사결정 근거·변경 이력 문서화
- 성과지표 설정 및 결과 데이터 분석을 통한 개선안 제안","- 광고 콘셉트·카피 개발 관련 지식 또는 프로젝트·실무 경험을 보유한 분
- 브리프·브랜드 가이드·반응 데이터를 정확히 해석하고 업무 문서로 구조화할 수 있는 분
- 문서도구·CMS 중 직무에 필요한 도구를 실무에 적용할 수 있는 분
- 유관 부서와 쟁점을 명확히 설명하고 일정에 맞춰 협업할 수 있는 분
- 문제 원인을 근거에 따라 분석하고 실행 가능한 대안을 제시할 수 있는 분","- 한국실용글쓰기검정 보유자
- KBS한국어능력시험 2+급 보유자
- Google Analytics Certification 보유자
- 광고 콘셉트·카피 개발 관련 프로젝트를 기획부터 결과 검토까지 수행한 경험","- 지원 자격 또는 필수 면허 요건을 충족하지 못한 경우
- 전형 과정에서 타인의 결과물을 무단 사용한 경우
- 채용검진 결과 담당 업무 수행이 곤란한 경우
- 관계 법령상 취업이 제한되는 경우",서류전형 > 인성검사 > 실무면접 > 최종면접
카피라이터 실무자 채용,12,41,20261114,20261126,9,신입·경력,정규직,대전광역시,학사 이상,"중견기업 전략 조직에서 광고 콘셉트·카피 개발을 담당할 카피라이터를 모집합니다. 이 포지션은 현장의 요구를 실행 가능한 계획과 결과물로 연결하는 역할입니다.

담당 범위는 브리프·브랜드 가이드·반응 데이터를 바탕으로 기준을 수립하고, 우선순위에 따라 과제를 실행하며 품질과 일정을 함께 관리하는 것입니다.

마케팅·광고·MD 조직의 동료와 재무·영업·개발·운영 등 유관 부서, 필요한 경우 외부 파트너와 협업해 의사결정에 필요한 정보를 정리합니다.

이슈가 발생하면 사실과 데이터를 먼저 확인하고 원인을 구분한 뒤, 대안을 비교해 합의된 조치를 실행하고 재발 방지 내용을 문서화합니다.

입사 초기에는 기존 자료와 업무 흐름을 파악하고 문서도구·CMS 환경을 익힌 뒤, 담당 영역의 개선 과제와 표준화 작업을 단계적으로 주도합니다.

성과는 결과물의 정확성, 일정 준수, 이해관계자와의 명확한 소통, 사용자와 사업에 미치는 영향을 기준으로 평가합니다.","- 브리프·브랜드 가이드·반응 데이터 수집·정리 및 핵심 이슈 분석
- 문서도구·CMS를 활용한 업무 산출물 작성과 버전 관리
- 요구사항을 세부 과제와 일정으로 구체화하고 진행 현황 관리
- 유관 부서 및 외부 파트너와 기준·일정·결과물 조율
- 검토 회의 운영과 의사결정 근거·변경 이력 문서화
- 성과지표 설정 및 결과 데이터 분석을 통한 개선안 제안
- 업무상 리스크 사전 점검과 문제 발생 시 원인 분석·후속 조치
- 재사용 가능한 체크리스트·가이드·템플릿 정비","- 광고 콘셉트·카피 개발 관련 지식 또는 프로젝트·실무 경험을 보유한 분
- 브리프·브랜드 가이드·반응 데이터를 정확히 해석하고 업무 문서로 구조화할 수 있는 분
- 문서도구·CMS 중 직무에 필요한 도구를 실무에 적용할 수 있는 분
- 유관 부서와 쟁점을 명확히 설명하고 일정에 맞춰 협업할 수 있는 분
- 문제 원인을 근거에 따라 분석하고 실행 가능한 대안을 제시할 수 있는 분
- 업무상 취급하는 개인정보와 기밀정보를 안전하게 관리할 수 있는 분","- KBS한국어능력시험 2+급 보유자
- Google Analytics Certification 보유자
- 한국실용글쓰기검정 보유자
- 광고 콘셉트·카피 개발 관련 프로젝트를 기획부터 결과 검토까지 수행한 경험
- 문서도구·CMS를 활용해 반복 업무를 개선하거나 품질 기준을 정립한 경험","- 지원서 또는 제출서류를 허위로 기재한 경우
- 채용 과정에서 부정한 방법을 사용한 경우
- 채용검진 결과 직무 수행이 어렵다고 판단되는 경우
- 관련 법령 또는 내부 인사규정상 채용이 불가능한 경우",서류전형 > 직무과제 > 실무면접 > 처우협의
카피라이터 전문인력 모집,81,41,20260219,20260306,12,경력 3년 이상,무기계약직,부산광역시,학사 이상,"공공서비스 운영기관에서 광고 콘셉트·카피 개발을 담당할 카피라이터를 모집합니다. 이 포지션은 현장의 요구를 실행 가능한 계획과 결과물로 연결하는 역할입니다.

담당 범위는 브리프·브랜드 가이드·반응 데이터를 바탕으로 기준을 수립하고, 우선순위에 따라 과제를 실행하며 품질과 일정을 함께 관리하는 것입니다.

마케팅·광고·MD 조직의 동료와 재무·영업·개발·운영 등 유관 부서, 필요한 경우 외부 파트너와 협업해 의사결정에 필요한 정보를 정리합니다.

이슈가 발생하면 사실과 데이터를 먼저 확인하고 원인을 구분한 뒤, 대안을 비교해 합의된 조치를 실행하고 재발 방지 내용을 문서화합니다.

입사 초기에는 기존 자료와 업무 흐름을 파악하고 문서도구·CMS 환경을 익힌 뒤, 담당 영역의 개선 과제와 표준화 작업을 단계적으로 주도합니다.

성과는 결과물의 정확성, 일정 준수, 이해관계자와의 명확한 소통, 사용자와 사업에 미치는 영향을 기준으로 평가합니다.","- 문서도구·CMS를 활용한 업무 산출물 작성과 버전 관리
- 요구사항을 세부 과제와 일정으로 구체화하고 진행 현황 관리
- 유관 부서 및 외부 파트너와 기준·일정·결과물 조율
- 검토 회의 운영과 의사결정 근거·변경 이력 문서화
- 성과지표 설정 및 결과 데이터 분석을 통한 개선안 제안
- 업무상 리스크 사전 점검과 문제 발생 시 원인 분석·후속 조치
- 재사용 가능한 체크리스트·가이드·템플릿 정비
- 고객 또는 내부 사용자의 피드백을 반영한 결과물 품질 개선
- 광고 콘셉트·카피 개발 관련 연간·분기 실행계획 수립","- 광고 콘셉트·카피 개발 관련 지식 또는 프로젝트·실무 경험을 보유한 분
- 브리프·브랜드 가이드·반응 데이터를 정확히 해석하고 업무 문서로 구조화할 수 있는 분
- 문서도구·CMS 중 직무에 필요한 도구를 실무에 적용할 수 있는 분
- 유관 부서와 쟁점을 명확히 설명하고 일정에 맞춰 협업할 수 있는 분
- 문제 원인을 근거에 따라 분석하고 실행 가능한 대안을 제시할 수 있는 분
- 업무상 취급하는 개인정보와 기밀정보를 안전하게 관리할 수 있는 분
- 카피라이터 또는 유사 분야의 3년 이상 실무 경험을 보유한 분","- Google Analytics Certification 보유자
- 한국실용글쓰기검정 보유자
- KBS한국어능력시험 2+급 보유자
- 광고 콘셉트·카피 개발 관련 프로젝트를 기획부터 결과 검토까지 수행한 경험
- 문서도구·CMS를 활용해 반복 업무를 개선하거나 품질 기준을 정립한 경험
- 외부 파트너 또는 다양한 이해관계자와 복잡한 요구사항을 조율한 경험","- 제출한 경력·자격 증빙이 사실과 다른 경우
- 정해진 기한까지 필수 증빙서류를 제출하지 않은 경우
- 해외여행 및 근무에 결격사유가 있는 경우
- 채용 관련 비밀유지 의무를 위반한 경우",서류전형 > 1차면접 > 2차면접 > 채용검진
카피라이터 인재 채용,53,41,20260401,20260419,15,경력 무관,정규직,광주광역시,석사 이상,"전문 컨설팅 조직에서 광고 콘셉트·카피 개발을 담당할 카피라이터를 모집합니다. 이 포지션은 현장의 요구를 실행 가능한 계획과 결과물로 연결하는 역할입니다.

담당 범위는 브리프·브랜드 가이드·반응 데이터를 바탕으로 기준을 수립하고, 우선순위에 따라 과제를 실행하며 품질과 일정을 함께 관리하는 것입니다.

마케팅·광고·MD 조직의 동료와 재무·영업·개발·운영 등 유관 부서, 필요한 경우 외부 파트너와 협업해 의사결정에 필요한 정보를 정리합니다.

이슈가 발생하면 사실과 데이터를 먼저 확인하고 원인을 구분한 뒤, 대안을 비교해 합의된 조치를 실행하고 재발 방지 내용을 문서화합니다.

입사 초기에는 기존 자료와 업무 흐름을 파악하고 문서도구·CMS 환경을 익힌 뒤, 담당 영역의 개선 과제와 표준화 작업을 단계적으로 주도합니다.

성과는 결과물의 정확성, 일정 준수, 이해관계자와의 명확한 소통, 사용자와 사업에 미치는 영향을 기준으로 평가합니다.","- 요구사항을 세부 과제와 일정으로 구체화하고 진행 현황 관리
- 유관 부서 및 외부 파트너와 기준·일정·결과물 조율
- 검토 회의 운영과 의사결정 근거·변경 이력 문서화
- 성과지표 설정 및 결과 데이터 분석을 통한 개선안 제안
- 업무상 리스크 사전 점검과 문제 발생 시 원인 분석·후속 조치
- 재사용 가능한 체크리스트·가이드·템플릿 정비
- 고객 또는 내부 사용자의 피드백을 반영한 결과물 품질 개선","- 광고 콘셉트·카피 개발 관련 지식 또는 프로젝트·실무 경험을 보유한 분
- 브리프·브랜드 가이드·반응 데이터를 정확히 해석하고 업무 문서로 구조화할 수 있는 분
- 문서도구·CMS 중 직무에 필요한 도구를 실무에 적용할 수 있는 분
- 유관 부서와 쟁점을 명확히 설명하고 일정에 맞춰 협업할 수 있는 분
- 문제 원인을 근거에 따라 분석하고 실행 가능한 대안을 제시할 수 있는 분","- 한국실용글쓰기검정 보유자
- KBS한국어능력시험 2+급 보유자
- Google Analytics Certification 보유자
- 광고 콘셉트·카피 개발 관련 프로젝트를 기획부터 결과 검토까지 수행한 경험","- 지원 자격 또는 필수 면허 요건을 충족하지 못한 경우
- 전형 과정에서 타인의 결과물을 무단 사용한 경우
- 채용검진 결과 담당 업무 수행이 곤란한 경우
- 관계 법령상 취업이 제한되는 경우",서류전형 > 필기전형 > 면접전형 > 최종합격
카피라이터 공개채용,68,41,20260606,20260627,18,경력 5년 이상,기간제,세종특별자치시,학력무관,"글로벌 사업 조직에서 광고 콘셉트·카피 개발을 담당할 카피라이터를 모집합니다. 이 포지션은 현장의 요구를 실행 가능한 계획과 결과물로 연결하는 역할입니다.

담당 범위는 브리프·브랜드 가이드·반응 데이터를 바탕으로 기준을 수립하고, 우선순위에 따라 과제를 실행하며 품질과 일정을 함께 관리하는 것입니다.

마케팅·광고·MD 조직의 동료와 재무·영업·개발·운영 등 유관 부서, 필요한 경우 외부 파트너와 협업해 의사결정에 필요한 정보를 정리합니다.

이슈가 발생하면 사실과 데이터를 먼저 확인하고 원인을 구분한 뒤, 대안을 비교해 합의된 조치를 실행하고 재발 방지 내용을 문서화합니다.

입사 초기에는 기존 자료와 업무 흐름을 파악하고 문서도구·CMS 환경을 익힌 뒤, 담당 영역의 개선 과제와 표준화 작업을 단계적으로 주도합니다.

성과는 결과물의 정확성, 일정 준수, 이해관계자와의 명확한 소통, 사용자와 사업에 미치는 영향을 기준으로 평가합니다.","- 유관 부서 및 외부 파트너와 기준·일정·결과물 조율
- 검토 회의 운영과 의사결정 근거·변경 이력 문서화
- 성과지표 설정 및 결과 데이터 분석을 통한 개선안 제안
- 업무상 리스크 사전 점검과 문제 발생 시 원인 분석·후속 조치
- 재사용 가능한 체크리스트·가이드·템플릿 정비
- 고객 또는 내부 사용자의 피드백을 반영한 결과물 품질 개선
- 광고 콘셉트·카피 개발 관련 연간·분기 실행계획 수립
- 브리프·브랜드 가이드·반응 데이터 수집·정리 및 핵심 이슈 분석","- 광고 콘셉트·카피 개발 관련 지식 또는 프로젝트·실무 경험을 보유한 분
- 브리프·브랜드 가이드·반응 데이터를 정확히 해석하고 업무 문서로 구조화할 수 있는 분
- 문서도구·CMS 중 직무에 필요한 도구를 실무에 적용할 수 있는 분
- 유관 부서와 쟁점을 명확히 설명하고 일정에 맞춰 협업할 수 있는 분
- 문제 원인을 근거에 따라 분석하고 실행 가능한 대안을 제시할 수 있는 분
- 업무상 취급하는 개인정보와 기밀정보를 안전하게 관리할 수 있는 분","- KBS한국어능력시험 2+급 보유자
- Google Analytics Certification 보유자
- 한국실용글쓰기검정 보유자
- 광고 콘셉트·카피 개발 관련 프로젝트를 기획부터 결과 검토까지 수행한 경험
- 문서도구·CMS를 활용해 반복 업무를 개선하거나 품질 기준을 정립한 경험","- 지원서 또는 제출서류를 허위로 기재한 경우
- 채용 과정에서 부정한 방법을 사용한 경우
- 채용검진 결과 직무 수행이 어렵다고 판단되는 경우
- 관련 법령 또는 내부 인사규정상 채용이 불가능한 경우",서류전형 > 실무면접 > 최종면접
카피라이터 프로젝트 담당 모집,38,41,20260811,20260904,1,경력,정규직,충청남도,전문학사 이상,"연구개발 중심 조직에서 광고 콘셉트·카피 개발을 담당할 카피라이터를 모집합니다. 이 포지션은 현장의 요구를 실행 가능한 계획과 결과물로 연결하는 역할입니다.

담당 범위는 브리프·브랜드 가이드·반응 데이터를 바탕으로 기준을 수립하고, 우선순위에 따라 과제를 실행하며 품질과 일정을 함께 관리하는 것입니다.

마케팅·광고·MD 조직의 동료와 재무·영업·개발·운영 등 유관 부서, 필요한 경우 외부 파트너와 협업해 의사결정에 필요한 정보를 정리합니다.

이슈가 발생하면 사실과 데이터를 먼저 확인하고 원인을 구분한 뒤, 대안을 비교해 합의된 조치를 실행하고 재발 방지 내용을 문서화합니다.

입사 초기에는 기존 자료와 업무 흐름을 파악하고 문서도구·CMS 환경을 익힌 뒤, 담당 영역의 개선 과제와 표준화 작업을 단계적으로 주도합니다.

성과는 결과물의 정확성, 일정 준수, 이해관계자와의 명확한 소통, 사용자와 사업에 미치는 영향을 기준으로 평가합니다.","- 검토 회의 운영과 의사결정 근거·변경 이력 문서화
- 성과지표 설정 및 결과 데이터 분석을 통한 개선안 제안
- 업무상 리스크 사전 점검과 문제 발생 시 원인 분석·후속 조치
- 재사용 가능한 체크리스트·가이드·템플릿 정비
- 고객 또는 내부 사용자의 피드백을 반영한 결과물 품질 개선
- 광고 콘셉트·카피 개발 관련 연간·분기 실행계획 수립
- 브리프·브랜드 가이드·반응 데이터 수집·정리 및 핵심 이슈 분석
- 문서도구·CMS를 활용한 업무 산출물 작성과 버전 관리
- 요구사항을 세부 과제와 일정으로 구체화하고 진행 현황 관리","- 광고 콘셉트·카피 개발 관련 지식 또는 프로젝트·실무 경험을 보유한 분
- 브리프·브랜드 가이드·반응 데이터를 정확히 해석하고 업무 문서로 구조화할 수 있는 분
- 문서도구·CMS 중 직무에 필요한 도구를 실무에 적용할 수 있는 분
- 유관 부서와 쟁점을 명확히 설명하고 일정에 맞춰 협업할 수 있는 분
- 문제 원인을 근거에 따라 분석하고 실행 가능한 대안을 제시할 수 있는 분
- 업무상 취급하는 개인정보와 기밀정보를 안전하게 관리할 수 있는 분
- 카피라이터 또는 유사 분야의 경력 실무 경험을 보유한 분","- Google Analytics Certification 보유자
- 한국실용글쓰기검정 보유자
- KBS한국어능력시험 2+급 보유자
- 광고 콘셉트·카피 개발 관련 프로젝트를 기획부터 결과 검토까지 수행한 경험
- 문서도구·CMS를 활용해 반복 업무를 개선하거나 품질 기준을 정립한 경험
- 외부 파트너 또는 다양한 이해관계자와 복잡한 요구사항을 조율한 경험","- 제출한 경력·자격 증빙이 사실과 다른 경우
- 정해진 기한까지 필수 증빙서류를 제출하지 않은 경우
- 해외여행 및 근무에 결격사유가 있는 경우
- 채용 관련 비밀유지 의무를 위반한 경우",서류전형 > 인성검사 > 실무면접 > 최종면접
카피라이터 운영 담당자 채용,33,41,20261016,20261112,4,신입·경력,계약직,경상남도,학사 이상,"플랫폼 운영 조직에서 광고 콘셉트·카피 개발을 담당할 카피라이터를 모집합니다. 이 포지션은 현장의 요구를 실행 가능한 계획과 결과물로 연결하는 역할입니다.

담당 범위는 브리프·브랜드 가이드·반응 데이터를 바탕으로 기준을 수립하고, 우선순위에 따라 과제를 실행하며 품질과 일정을 함께 관리하는 것입니다.

마케팅·광고·MD 조직의 동료와 재무·영업·개발·운영 등 유관 부서, 필요한 경우 외부 파트너와 협업해 의사결정에 필요한 정보를 정리합니다.

이슈가 발생하면 사실과 데이터를 먼저 확인하고 원인을 구분한 뒤, 대안을 비교해 합의된 조치를 실행하고 재발 방지 내용을 문서화합니다.

입사 초기에는 기존 자료와 업무 흐름을 파악하고 문서도구·CMS 환경을 익힌 뒤, 담당 영역의 개선 과제와 표준화 작업을 단계적으로 주도합니다.

성과는 결과물의 정확성, 일정 준수, 이해관계자와의 명확한 소통, 사용자와 사업에 미치는 영향을 기준으로 평가합니다.","- 성과지표 설정 및 결과 데이터 분석을 통한 개선안 제안
- 업무상 리스크 사전 점검과 문제 발생 시 원인 분석·후속 조치
- 재사용 가능한 체크리스트·가이드·템플릿 정비
- 고객 또는 내부 사용자의 피드백을 반영한 결과물 품질 개선
- 광고 콘셉트·카피 개발 관련 연간·분기 실행계획 수립
- 브리프·브랜드 가이드·반응 데이터 수집·정리 및 핵심 이슈 분석
- 문서도구·CMS를 활용한 업무 산출물 작성과 버전 관리","- 광고 콘셉트·카피 개발 관련 지식 또는 프로젝트·실무 경험을 보유한 분
- 브리프·브랜드 가이드·반응 데이터를 정확히 해석하고 업무 문서로 구조화할 수 있는 분
- 문서도구·CMS 중 직무에 필요한 도구를 실무에 적용할 수 있는 분
- 유관 부서와 쟁점을 명확히 설명하고 일정에 맞춰 협업할 수 있는 분
- 문제 원인을 근거에 따라 분석하고 실행 가능한 대안을 제시할 수 있는 분","- 한국실용글쓰기검정 보유자
- KBS한국어능력시험 2+급 보유자
- Google Analytics Certification 보유자
- 광고 콘셉트·카피 개발 관련 프로젝트를 기획부터 결과 검토까지 수행한 경험","- 지원 자격 또는 필수 면허 요건을 충족하지 못한 경우
- 전형 과정에서 타인의 결과물을 무단 사용한 경우
- 채용검진 결과 담당 업무 수행이 곤란한 경우
- 관계 법령상 취업이 제한되는 경우",서류전형 > 직무과제 > 실무면접 > 처우협의
카피라이터 핵심인재 모집,107,41,20260121,20260220,7,경력 2년 이상,정규직,제주특별자치도,학사 이상,"브랜드 사업 조직에서 광고 콘셉트·카피 개발을 담당할 카피라이터를 모집합니다. 이 포지션은 현장의 요구를 실행 가능한 계획과 결과물로 연결하는 역할입니다.

담당 범위는 브리프·브랜드 가이드·반응 데이터를 바탕으로 기준을 수립하고, 우선순위에 따라 과제를 실행하며 품질과 일정을 함께 관리하는 것입니다.

마케팅·광고·MD 조직의 동료와 재무·영업·개발·운영 등 유관 부서, 필요한 경우 외부 파트너와 협업해 의사결정에 필요한 정보를 정리합니다.

이슈가 발생하면 사실과 데이터를 먼저 확인하고 원인을 구분한 뒤, 대안을 비교해 합의된 조치를 실행하고 재발 방지 내용을 문서화합니다.

입사 초기에는 기존 자료와 업무 흐름을 파악하고 문서도구·CMS 환경을 익힌 뒤, 담당 영역의 개선 과제와 표준화 작업을 단계적으로 주도합니다.

성과는 결과물의 정확성, 일정 준수, 이해관계자와의 명확한 소통, 사용자와 사업에 미치는 영향을 기준으로 평가합니다.","- 업무상 리스크 사전 점검과 문제 발생 시 원인 분석·후속 조치
- 재사용 가능한 체크리스트·가이드·템플릿 정비
- 고객 또는 내부 사용자의 피드백을 반영한 결과물 품질 개선
- 광고 콘셉트·카피 개발 관련 연간·분기 실행계획 수립
- 브리프·브랜드 가이드·반응 데이터 수집·정리 및 핵심 이슈 분석
- 문서도구·CMS를 활용한 업무 산출물 작성과 버전 관리
- 요구사항을 세부 과제와 일정으로 구체화하고 진행 현황 관리
- 유관 부서 및 외부 파트너와 기준·일정·결과물 조율","- 광고 콘셉트·카피 개발 관련 지식 또는 프로젝트·실무 경험을 보유한 분
- 브리프·브랜드 가이드·반응 데이터를 정확히 해석하고 업무 문서로 구조화할 수 있는 분
- 문서도구·CMS 중 직무에 필요한 도구를 실무에 적용할 수 있는 분
- 유관 부서와 쟁점을 명확히 설명하고 일정에 맞춰 협업할 수 있는 분
- 문제 원인을 근거에 따라 분석하고 실행 가능한 대안을 제시할 수 있는 분
- 업무상 취급하는 개인정보와 기밀정보를 안전하게 관리할 수 있는 분","- KBS한국어능력시험 2+급 보유자
- Google Analytics Certification 보유자
- 한국실용글쓰기검정 보유자
- 광고 콘셉트·카피 개발 관련 프로젝트를 기획부터 결과 검토까지 수행한 경험
- 문서도구·CMS를 활용해 반복 업무를 개선하거나 품질 기준을 정립한 경험","- 지원서 또는 제출서류를 허위로 기재한 경우
- 채용 과정에서 부정한 방법을 사용한 경우
- 채용검진 결과 직무 수행이 어렵다고 판단되는 경우
- 관련 법령 또는 내부 인사규정상 채용이 불가능한 경우",서류전형 > 1차면접 > 2차면접 > 채용검진
카피라이터 전문가 채용,71,41,20260303,20260405,10,경력 3년 이상,무기계약직,서울특별시,석사 이상,"지역 기반 전문기관에서 광고 콘셉트·카피 개발을 담당할 카피라이터를 모집합니다. 이 포지션은 현장의 요구를 실행 가능한 계획과 결과물로 연결하는 역할입니다.

담당 범위는 브리프·브랜드 가이드·반응 데이터를 바탕으로 기준을 수립하고, 우선순위에 따라 과제를 실행하며 품질과 일정을 함께 관리하는 것입니다.

마케팅·광고·MD 조직의 동료와 재무·영업·개발·운영 등 유관 부서, 필요한 경우 외부 파트너와 협업해 의사결정에 필요한 정보를 정리합니다.

이슈가 발생하면 사실과 데이터를 먼저 확인하고 원인을 구분한 뒤, 대안을 비교해 합의된 조치를 실행하고 재발 방지 내용을 문서화합니다.

입사 초기에는 기존 자료와 업무 흐름을 파악하고 문서도구·CMS 환경을 익힌 뒤, 담당 영역의 개선 과제와 표준화 작업을 단계적으로 주도합니다.

성과는 결과물의 정확성, 일정 준수, 이해관계자와의 명확한 소통, 사용자와 사업에 미치는 영향을 기준으로 평가합니다.","- 재사용 가능한 체크리스트·가이드·템플릿 정비
- 고객 또는 내부 사용자의 피드백을 반영한 결과물 품질 개선
- 광고 콘셉트·카피 개발 관련 연간·분기 실행계획 수립
- 브리프·브랜드 가이드·반응 데이터 수집·정리 및 핵심 이슈 분석
- 문서도구·CMS를 활용한 업무 산출물 작성과 버전 관리
- 요구사항을 세부 과제와 일정으로 구체화하고 진행 현황 관리
- 유관 부서 및 외부 파트너와 기준·일정·결과물 조율
- 검토 회의 운영과 의사결정 근거·변경 이력 문서화
- 성과지표 설정 및 결과 데이터 분석을 통한 개선안 제안","- 광고 콘셉트·카피 개발 관련 지식 또는 프로젝트·실무 경험을 보유한 분
- 브리프·브랜드 가이드·반응 데이터를 정확히 해석하고 업무 문서로 구조화할 수 있는 분
- 문서도구·CMS 중 직무에 필요한 도구를 실무에 적용할 수 있는 분
- 유관 부서와 쟁점을 명확히 설명하고 일정에 맞춰 협업할 수 있는 분
- 문제 원인을 근거에 따라 분석하고 실행 가능한 대안을 제시할 수 있는 분
- 업무상 취급하는 개인정보와 기밀정보를 안전하게 관리할 수 있는 분
- 카피라이터 또는 유사 분야의 3년 이상 실무 경험을 보유한 분","- Google Analytics Certification 보유자
- 한국실용글쓰기검정 보유자
- KBS한국어능력시험 2+급 보유자
- 광고 콘셉트·카피 개발 관련 프로젝트를 기획부터 결과 검토까지 수행한 경험
- 문서도구·CMS를 활용해 반복 업무를 개선하거나 품질 기준을 정립한 경험
- 외부 파트너 또는 다양한 이해관계자와 복잡한 요구사항을 조율한 경험","- 제출한 경력·자격 증빙이 사실과 다른 경우
- 정해진 기한까지 필수 증빙서류를 제출하지 않은 경우
- 해외여행 및 근무에 결격사유가 있는 경우
- 채용 관련 비밀유지 의무를 위반한 경우",서류전형 > 필기전형 > 면접전형 > 최종합격
카피라이터 신규 인력 모집,72,41,20260508,20260613,13,신입,정규직,경기도,학력무관,"디지털 서비스 조직에서 광고 콘셉트·카피 개발을 담당할 카피라이터를 모집합니다. 이 포지션은 현장의 요구를 실행 가능한 계획과 결과물로 연결하는 역할입니다.

담당 범위는 브리프·브랜드 가이드·반응 데이터를 바탕으로 기준을 수립하고, 우선순위에 따라 과제를 실행하며 품질과 일정을 함께 관리하는 것입니다.

마케팅·광고·MD 조직의 동료와 재무·영업·개발·운영 등 유관 부서, 필요한 경우 외부 파트너와 협업해 의사결정에 필요한 정보를 정리합니다.

이슈가 발생하면 사실과 데이터를 먼저 확인하고 원인을 구분한 뒤, 대안을 비교해 합의된 조치를 실행하고 재발 방지 내용을 문서화합니다.

입사 초기에는 기존 자료와 업무 흐름을 파악하고 문서도구·CMS 환경을 익힌 뒤, 담당 영역의 개선 과제와 표준화 작업을 단계적으로 주도합니다.

성과는 결과물의 정확성, 일정 준수, 이해관계자와의 명확한 소통, 사용자와 사업에 미치는 영향을 기준으로 평가합니다.","- 고객 또는 내부 사용자의 피드백을 반영한 결과물 품질 개선
- 광고 콘셉트·카피 개발 관련 연간·분기 실행계획 수립
- 브리프·브랜드 가이드·반응 데이터 수집·정리 및 핵심 이슈 분석
- 문서도구·CMS를 활용한 업무 산출물 작성과 버전 관리
- 요구사항을 세부 과제와 일정으로 구체화하고 진행 현황 관리
- 유관 부서 및 외부 파트너와 기준·일정·결과물 조율
- 검토 회의 운영과 의사결정 근거·변경 이력 문서화","- 광고 콘셉트·카피 개발 관련 지식 또는 프로젝트·실무 경험을 보유한 분
- 브리프·브랜드 가이드·반응 데이터를 정확히 해석하고 업무 문서로 구조화할 수 있는 분
- 문서도구·CMS 중 직무에 필요한 도구를 실무에 적용할 수 있는 분
- 유관 부서와 쟁점을 명확히 설명하고 일정에 맞춰 협업할 수 있는 분
- 문제 원인을 근거에 따라 분석하고 실행 가능한 대안을 제시할 수 있는 분","- 한국실용글쓰기검정 보유자
- KBS한국어능력시험 2+급 보유자
- Google Analytics Certification 보유자
- 광고 콘셉트·카피 개발 관련 프로젝트를 기획부터 결과 검토까지 수행한 경험","- 지원 자격 또는 필수 면허 요건을 충족하지 못한 경우
- 전형 과정에서 타인의 결과물을 무단 사용한 경우
- 채용검진 결과 담당 업무 수행이 곤란한 경우
- 관계 법령상 취업이 제한되는 경우",서류전형 > 실무면접 > 최종면접
크리에이티브디렉터 담당자 모집,155,42,20261012,20261028,11,신입·경력,정규직,부산광역시,학사 이상,"중견기업 전략 조직에서 캠페인 콘셉트·크리에이티브 품질 총괄을 담당할 크리에이티브디렉터를 모집합니다. 이 포지션은 현장의 요구를 실행 가능한 계획과 결과물로 연결하는 역할입니다.

담당 범위는 브리프·시안·브랜드 자산를 바탕으로 기준을 수립하고, 우선순위에 따라 과제를 실행하며 품질과 일정을 함께 관리하는 것입니다.

마케팅·광고·MD 조직의 동료와 재무·영업·개발·운영 등 유관 부서, 필요한 경우 외부 파트너와 협업해 의사결정에 필요한 정보를 정리합니다.

이슈가 발생하면 사실과 데이터를 먼저 확인하고 원인을 구분한 뒤, 대안을 비교해 합의된 조치를 실행하고 재발 방지 내용을 문서화합니다.

입사 초기에는 기존 자료와 업무 흐름을 파악하고 Adobe Creative Cloud·Figma 환경을 익힌 뒤, 담당 영역의 개선 과제와 표준화 작업을 단계적으로 주도합니다.

성과는 결과물의 정확성, 일정 준수, 이해관계자와의 명확한 소통, 사용자와 사업에 미치는 영향을 기준으로 평가합니다.","- 캠페인 콘셉트·크리에이티브 품질 총괄 관련 연간·분기 실행계획 수립
- 브리프·시안·브랜드 자산 수집·정리 및 핵심 이슈 분석
- Adobe Creative Cloud·Figma를 활용한 업무 산출물 작성과 버전 관리
- 요구사항을 세부 과제와 일정으로 구체화하고 진행 현황 관리
- 유관 부서 및 외부 파트너와 기준·일정·결과물 조율
- 검토 회의 운영과 의사결정 근거·변경 이력 문서화
- 성과지표 설정 및 결과 데이터 분석을 통한 개선안 제안","- 캠페인 콘셉트·크리에이티브 품질 총괄 관련 지식 또는 프로젝트·실무 경험을 보유한 분
- 브리프·시안·브랜드 자산를 정확히 해석하고 업무 문서로 구조화할 수 있는 분
- Adobe Creative Cloud·Figma 중 직무에 필요한 도구를 실무에 적용할 수 있는 분
- 유관 부서와 쟁점을 명확히 설명하고 일정에 맞춰 협업할 수 있는 분
- 문제 원인을 근거에 따라 분석하고 실행 가능한 대안을 제시할 수 있는 분","- Adobe Certified Professional 보유자
- GTQ 1급 보유자
- 컬러리스트기사 보유자
- 캠페인 콘셉트·크리에이티브 품질 총괄 관련 프로젝트를 기획부터 결과 검토까지 수행한 경험","- 지원서 또는 제출서류를 허위로 기재한 경우
- 채용 과정에서 부정한 방법을 사용한 경우
- 채용검진 결과 직무 수행이 어렵다고 판단되는 경우
- 관련 법령 또는 내부 인사규정상 채용이 불가능한 경우",서류전형 > 직무과제 > 실무면접 > 처우협의
크리에이티브디렉터 실무자 채용,132,42,20260117,20260205,14,경력 3년 이상,무기계약직,광주광역시,학사 이상,"공공서비스 운영기관에서 캠페인 콘셉트·크리에이티브 품질 총괄을 담당할 크리에이티브디렉터를 모집합니다. 이 포지션은 현장의 요구를 실행 가능한 계획과 결과물로 연결하는 역할입니다.

담당 범위는 브리프·시안·브랜드 자산를 바탕으로 기준을 수립하고, 우선순위에 따라 과제를 실행하며 품질과 일정을 함께 관리하는 것입니다.

마케팅·광고·MD 조직의 동료와 재무·영업·개발·운영 등 유관 부서, 필요한 경우 외부 파트너와 협업해 의사결정에 필요한 정보를 정리합니다.

이슈가 발생하면 사실과 데이터를 먼저 확인하고 원인을 구분한 뒤, 대안을 비교해 합의된 조치를 실행하고 재발 방지 내용을 문서화합니다.

입사 초기에는 기존 자료와 업무 흐름을 파악하고 Adobe Creative Cloud·Figma 환경을 익힌 뒤, 담당 영역의 개선 과제와 표준화 작업을 단계적으로 주도합니다.

성과는 결과물의 정확성, 일정 준수, 이해관계자와의 명확한 소통, 사용자와 사업에 미치는 영향을 기준으로 평가합니다.","- 브리프·시안·브랜드 자산 수집·정리 및 핵심 이슈 분석
- Adobe Creative Cloud·Figma를 활용한 업무 산출물 작성과 버전 관리
- 요구사항을 세부 과제와 일정으로 구체화하고 진행 현황 관리
- 유관 부서 및 외부 파트너와 기준·일정·결과물 조율
- 검토 회의 운영과 의사결정 근거·변경 이력 문서화
- 성과지표 설정 및 결과 데이터 분석을 통한 개선안 제안
- 업무상 리스크 사전 점검과 문제 발생 시 원인 분석·후속 조치
- 재사용 가능한 체크리스트·가이드·템플릿 정비","- 캠페인 콘셉트·크리에이티브 품질 총괄 관련 지식 또는 프로젝트·실무 경험을 보유한 분
- 브리프·시안·브랜드 자산를 정확히 해석하고 업무 문서로 구조화할 수 있는 분
- Adobe Creative Cloud·Figma 중 직무에 필요한 도구를 실무에 적용할 수 있는 분
- 유관 부서와 쟁점을 명확히 설명하고 일정에 맞춰 협업할 수 있는 분
- 문제 원인을 근거에 따라 분석하고 실행 가능한 대안을 제시할 수 있는 분
- 업무상 취급하는 개인정보와 기밀정보를 안전하게 관리할 수 있는 분","- GTQ 1급 보유자
- 컬러리스트기사 보유자
- Adobe Certified Professional 보유자
- 캠페인 콘셉트·크리에이티브 품질 총괄 관련 프로젝트를 기획부터 결과 검토까지 수행한 경험
- Adobe Creative Cloud·Figma를 활용해 반복 업무를 개선하거나 품질 기준을 정립한 경험","- 제출한 경력·자격 증빙이 사실과 다른 경우
- 정해진 기한까지 필수 증빙서류를 제출하지 않은 경우
- 해외여행 및 근무에 결격사유가 있는 경우
- 채용 관련 비밀유지 의무를 위반한 경우",서류전형 > 1차면접 > 2차면접 > 채용검진
크리에이티브디렉터 전문인력 모집,16,42,20260322,20260413,17,경력 무관,정규직,세종특별자치시,석사 이상,"전문 컨설팅 조직에서 캠페인 콘셉트·크리에이티브 품질 총괄을 담당할 크리에이티브디렉터를 모집합니다. 이 포지션은 현장의 요구를 실행 가능한 계획과 결과물로 연결하는 역할입니다.

담당 범위는 브리프·시안·브랜드 자산를 바탕으로 기준을 수립하고, 우선순위에 따라 과제를 실행하며 품질과 일정을 함께 관리하는 것입니다.

마케팅·광고·MD 조직의 동료와 재무·영업·개발·운영 등 유관 부서, 필요한 경우 외부 파트너와 협업해 의사결정에 필요한 정보를 정리합니다.

이슈가 발생하면 사실과 데이터를 먼저 확인하고 원인을 구분한 뒤, 대안을 비교해 합의된 조치를 실행하고 재발 방지 내용을 문서화합니다.

입사 초기에는 기존 자료와 업무 흐름을 파악하고 Adobe Creative Cloud·Figma 환경을 익힌 뒤, 담당 영역의 개선 과제와 표준화 작업을 단계적으로 주도합니다.

성과는 결과물의 정확성, 일정 준수, 이해관계자와의 명확한 소통, 사용자와 사업에 미치는 영향을 기준으로 평가합니다.","- Adobe Creative Cloud·Figma를 활용한 업무 산출물 작성과 버전 관리
- 요구사항을 세부 과제와 일정으로 구체화하고 진행 현황 관리
- 유관 부서 및 외부 파트너와 기준·일정·결과물 조율
- 검토 회의 운영과 의사결정 근거·변경 이력 문서화
- 성과지표 설정 및 결과 데이터 분석을 통한 개선안 제안
- 업무상 리스크 사전 점검과 문제 발생 시 원인 분석·후속 조치
- 재사용 가능한 체크리스트·가이드·템플릿 정비
- 고객 또는 내부 사용자의 피드백을 반영한 결과물 품질 개선
- 캠페인 콘셉트·크리에이티브 품질 총괄 관련 연간·분기 실행계획 수립","- 캠페인 콘셉트·크리에이티브 품질 총괄 관련 지식 또는 프로젝트·실무 경험을 보유한 분
- 브리프·시안·브랜드 자산를 정확히 해석하고 업무 문서로 구조화할 수 있는 분
- Adobe Creative Cloud·Figma 중 직무에 필요한 도구를 실무에 적용할 수 있는 분
- 유관 부서와 쟁점을 명확히 설명하고 일정에 맞춰 협업할 수 있는 분
- 문제 원인을 근거에 따라 분석하고 실행 가능한 대안을 제시할 수 있는 분
- 업무상 취급하는 개인정보와 기밀정보를 안전하게 관리할 수 있는 분
- 새로운 업무 기준과 도구를 빠르게 학습할 수 있는 분","- 컬러리스트기사 보유자
- Adobe Certified Professional 보유자
- GTQ 1급 보유자
- 캠페인 콘셉트·크리에이티브 품질 총괄 관련 프로젝트를 기획부터 결과 검토까지 수행한 경험
- Adobe Creative Cloud·Figma를 활용해 반복 업무를 개선하거나 품질 기준을 정립한 경험
- 외부 파트너 또는 다양한 이해관계자와 복잡한 요구사항을 조율한 경험","- 지원 자격 또는 필수 면허 요건을 충족하지 못한 경우
- 전형 과정에서 타인의 결과물을 무단 사용한 경우
- 채용검진 결과 담당 업무 수행이 곤란한 경우
- 관계 법령상 취업이 제한되는 경우",서류전형 > 필기전형 > 면접전형 > 최종합격
크리에이티브디렉터 인재 채용,154,42,20260504,20260529,20,경력 5년 이상,기간제,충청남도,학력무관,"글로벌 사업 조직에서 캠페인 콘셉트·크리에이티브 품질 총괄을 담당할 크리에이티브디렉터를 모집합니다. 이 포지션은 현장의 요구를 실행 가능한 계획과 결과물로 연결하는 역할입니다.

담당 범위는 브리프·시안·브랜드 자산를 바탕으로 기준을 수립하고, 우선순위에 따라 과제를 실행하며 품질과 일정을 함께 관리하는 것입니다.

마케팅·광고·MD 조직의 동료와 재무·영업·개발·운영 등 유관 부서, 필요한 경우 외부 파트너와 협업해 의사결정에 필요한 정보를 정리합니다.

이슈가 발생하면 사실과 데이터를 먼저 확인하고 원인을 구분한 뒤, 대안을 비교해 합의된 조치를 실행하고 재발 방지 내용을 문서화합니다.

입사 초기에는 기존 자료와 업무 흐름을 파악하고 Adobe Creative Cloud·Figma 환경을 익힌 뒤, 담당 영역의 개선 과제와 표준화 작업을 단계적으로 주도합니다.

성과는 결과물의 정확성, 일정 준수, 이해관계자와의 명확한 소통, 사용자와 사업에 미치는 영향을 기준으로 평가합니다.","- 요구사항을 세부 과제와 일정으로 구체화하고 진행 현황 관리
- 유관 부서 및 외부 파트너와 기준·일정·결과물 조율
- 검토 회의 운영과 의사결정 근거·변경 이력 문서화
- 성과지표 설정 및 결과 데이터 분석을 통한 개선안 제안
- 업무상 리스크 사전 점검과 문제 발생 시 원인 분석·후속 조치
- 재사용 가능한 체크리스트·가이드·템플릿 정비
- 고객 또는 내부 사용자의 피드백을 반영한 결과물 품질 개선","- 캠페인 콘셉트·크리에이티브 품질 총괄 관련 지식 또는 프로젝트·실무 경험을 보유한 분
- 브리프·시안·브랜드 자산를 정확히 해석하고 업무 문서로 구조화할 수 있는 분
- Adobe Creative Cloud·Figma 중 직무에 필요한 도구를 실무에 적용할 수 있는 분
- 유관 부서와 쟁점을 명확히 설명하고 일정에 맞춰 협업할 수 있는 분
- 문제 원인을 근거에 따라 분석하고 실행 가능한 대안을 제시할 수 있는 분","- Adobe Certified Professional 보유자
- GTQ 1급 보유자
- 컬러리스트기사 보유자
- 캠페인 콘셉트·크리에이티브 품질 총괄 관련 프로젝트를 기획부터 결과 검토까지 수행한 경험","- 지원서 또는 제출서류를 허위로 기재한 경우
- 채용 과정에서 부정한 방법을 사용한 경우
- 채용검진 결과 직무 수행이 어렵다고 판단되는 경우
- 관련 법령 또는 내부 인사규정상 채용이 불가능한 경우",서류전형 > 실무면접 > 최종면접
크리에이티브디렉터 공개채용,113,42,20260709,20260806,3,경력,정규직,경상남도,전문학사 이상,"연구개발 중심 조직에서 캠페인 콘셉트·크리에이티브 품질 총괄을 담당할 크리에이티브디렉터를 모집합니다. 이 포지션은 현장의 요구를 실행 가능한 계획과 결과물로 연결하는 역할입니다.

담당 범위는 브리프·시안·브랜드 자산를 바탕으로 기준을 수립하고, 우선순위에 따라 과제를 실행하며 품질과 일정을 함께 관리하는 것입니다.

마케팅·광고·MD 조직의 동료와 재무·영업·개발·운영 등 유관 부서, 필요한 경우 외부 파트너와 협업해 의사결정에 필요한 정보를 정리합니다.

이슈가 발생하면 사실과 데이터를 먼저 확인하고 원인을 구분한 뒤, 대안을 비교해 합의된 조치를 실행하고 재발 방지 내용을 문서화합니다.

입사 초기에는 기존 자료와 업무 흐름을 파악하고 Adobe Creative Cloud·Figma 환경을 익힌 뒤, 담당 영역의 개선 과제와 표준화 작업을 단계적으로 주도합니다.

성과는 결과물의 정확성, 일정 준수, 이해관계자와의 명확한 소통, 사용자와 사업에 미치는 영향을 기준으로 평가합니다.","- 유관 부서 및 외부 파트너와 기준·일정·결과물 조율
- 검토 회의 운영과 의사결정 근거·변경 이력 문서화
- 성과지표 설정 및 결과 데이터 분석을 통한 개선안 제안
- 업무상 리스크 사전 점검과 문제 발생 시 원인 분석·후속 조치
- 재사용 가능한 체크리스트·가이드·템플릿 정비
- 고객 또는 내부 사용자의 피드백을 반영한 결과물 품질 개선
- 캠페인 콘셉트·크리에이티브 품질 총괄 관련 연간·분기 실행계획 수립
- 브리프·시안·브랜드 자산 수집·정리 및 핵심 이슈 분석","- 캠페인 콘셉트·크리에이티브 품질 총괄 관련 지식 또는 프로젝트·실무 경험을 보유한 분
- 브리프·시안·브랜드 자산를 정확히 해석하고 업무 문서로 구조화할 수 있는 분
- Adobe Creative Cloud·Figma 중 직무에 필요한 도구를 실무에 적용할 수 있는 분
- 유관 부서와 쟁점을 명확히 설명하고 일정에 맞춰 협업할 수 있는 분
- 문제 원인을 근거에 따라 분석하고 실행 가능한 대안을 제시할 수 있는 분
- 업무상 취급하는 개인정보와 기밀정보를 안전하게 관리할 수 있는 분","- GTQ 1급 보유자
- 컬러리스트기사 보유자
- Adobe Certified Professional 보유자
- 캠페인 콘셉트·크리에이티브 품질 총괄 관련 프로젝트를 기획부터 결과 검토까지 수행한 경험
- Adobe Creative Cloud·Figma를 활용해 반복 업무를 개선하거나 품질 기준을 정립한 경험","- 제출한 경력·자격 증빙이 사실과 다른 경우
- 정해진 기한까지 필수 증빙서류를 제출하지 않은 경우
- 해외여행 및 근무에 결격사유가 있는 경우
- 채용 관련 비밀유지 의무를 위반한 경우",서류전형 > 인성검사 > 실무면접 > 최종면접
크리에이티브디렉터 프로젝트 담당 모집,81,42,20260914,20261015,6,신입·경력,계약직,제주특별자치도,학사 이상,"플랫폼 운영 조직에서 캠페인 콘셉트·크리에이티브 품질 총괄을 담당할 크리에이티브디렉터를 모집합니다. 이 포지션은 현장의 요구를 실행 가능한 계획과 결과물로 연결하는 역할입니다.

담당 범위는 브리프·시안·브랜드 자산를 바탕으로 기준을 수립하고, 우선순위에 따라 과제를 실행하며 품질과 일정을 함께 관리하는 것입니다.

마케팅·광고·MD 조직의 동료와 재무·영업·개발·운영 등 유관 부서, 필요한 경우 외부 파트너와 협업해 의사결정에 필요한 정보를 정리합니다.

이슈가 발생하면 사실과 데이터를 먼저 확인하고 원인을 구분한 뒤, 대안을 비교해 합의된 조치를 실행하고 재발 방지 내용을 문서화합니다.

입사 초기에는 기존 자료와 업무 흐름을 파악하고 Adobe Creative Cloud·Figma 환경을 익힌 뒤, 담당 영역의 개선 과제와 표준화 작업을 단계적으로 주도합니다.

성과는 결과물의 정확성, 일정 준수, 이해관계자와의 명확한 소통, 사용자와 사업에 미치는 영향을 기준으로 평가합니다.","- 검토 회의 운영과 의사결정 근거·변경 이력 문서화
- 성과지표 설정 및 결과 데이터 분석을 통한 개선안 제안
- 업무상 리스크 사전 점검과 문제 발생 시 원인 분석·후속 조치
- 재사용 가능한 체크리스트·가이드·템플릿 정비
- 고객 또는 내부 사용자의 피드백을 반영한 결과물 품질 개선
- 캠페인 콘셉트·크리에이티브 품질 총괄 관련 연간·분기 실행계획 수립
- 브리프·시안·브랜드 자산 수집·정리 및 핵심 이슈 분석
- Adobe Creative Cloud·Figma를 활용한 업무 산출물 작성과 버전 관리
- 요구사항을 세부 과제와 일정으로 구체화하고 진행 현황 관리","- 캠페인 콘셉트·크리에이티브 품질 총괄 관련 지식 또는 프로젝트·실무 경험을 보유한 분
- 브리프·시안·브랜드 자산를 정확히 해석하고 업무 문서로 구조화할 수 있는 분
- Adobe Creative Cloud·Figma 중 직무에 필요한 도구를 실무에 적용할 수 있는 분
- 유관 부서와 쟁점을 명확히 설명하고 일정에 맞춰 협업할 수 있는 분
- 문제 원인을 근거에 따라 분석하고 실행 가능한 대안을 제시할 수 있는 분
- 업무상 취급하는 개인정보와 기밀정보를 안전하게 관리할 수 있는 분
- 크리에이티브디렉터 또는 유사 분야의 신입·경력 실무 경험을 보유한 분","- 컬러리스트기사 보유자
- Adobe Certified Professional 보유자
- GTQ 1급 보유자
- 캠페인 콘셉트·크리에이티브 품질 총괄 관련 프로젝트를 기획부터 결과 검토까지 수행한 경험
- Adobe Creative Cloud·Figma를 활용해 반복 업무를 개선하거나 품질 기준을 정립한 경험
- 외부 파트너 또는 다양한 이해관계자와 복잡한 요구사항을 조율한 경험","- 지원 자격 또는 필수 면허 요건을 충족하지 못한 경우
- 전형 과정에서 타인의 결과물을 무단 사용한 경우
- 채용검진 결과 담당 업무 수행이 곤란한 경우
- 관계 법령상 취업이 제한되는 경우",서류전형 > 직무과제 > 실무면접 > 처우협의
크리에이티브디렉터 운영 담당자 채용,116,42,20261119,20261223,9,경력 2년 이상,정규직,서울특별시,학사 이상,"브랜드 사업 조직에서 캠페인 콘셉트·크리에이티브 품질 총괄을 담당할 크리에이티브디렉터를 모집합니다. 이 포지션은 현장의 요구를 실행 가능한 계획과 결과물로 연결하는 역할입니다.

담당 범위는 브리프·시안·브랜드 자산를 바탕으로 기준을 수립하고, 우선순위에 따라 과제를 실행하며 품질과 일정을 함께 관리하는 것입니다.

마케팅·광고·MD 조직의 동료와 재무·영업·개발·운영 등 유관 부서, 필요한 경우 외부 파트너와 협업해 의사결정에 필요한 정보를 정리합니다.

이슈가 발생하면 사실과 데이터를 먼저 확인하고 원인을 구분한 뒤, 대안을 비교해 합의된 조치를 실행하고 재발 방지 내용을 문서화합니다.

입사 초기에는 기존 자료와 업무 흐름을 파악하고 Adobe Creative Cloud·Figma 환경을 익힌 뒤, 담당 영역의 개선 과제와 표준화 작업을 단계적으로 주도합니다.

성과는 결과물의 정확성, 일정 준수, 이해관계자와의 명확한 소통, 사용자와 사업에 미치는 영향을 기준으로 평가합니다.","- 성과지표 설정 및 결과 데이터 분석을 통한 개선안 제안
- 업무상 리스크 사전 점검과 문제 발생 시 원인 분석·후속 조치
- 재사용 가능한 체크리스트·가이드·템플릿 정비
- 고객 또는 내부 사용자의 피드백을 반영한 결과물 품질 개선
- 캠페인 콘셉트·크리에이티브 품질 총괄 관련 연간·분기 실행계획 수립
- 브리프·시안·브랜드 자산 수집·정리 및 핵심 이슈 분석
- Adobe Creative Cloud·Figma를 활용한 업무 산출물 작성과 버전 관리","- 캠페인 콘셉트·크리에이티브 품질 총괄 관련 지식 또는 프로젝트·실무 경험을 보유한 분
- 브리프·시안·브랜드 자산를 정확히 해석하고 업무 문서로 구조화할 수 있는 분
- Adobe Creative Cloud·Figma 중 직무에 필요한 도구를 실무에 적용할 수 있는 분
- 유관 부서와 쟁점을 명확히 설명하고 일정에 맞춰 협업할 수 있는 분
- 문제 원인을 근거에 따라 분석하고 실행 가능한 대안을 제시할 수 있는 분","- Adobe Certified Professional 보유자
- GTQ 1급 보유자
- 컬러리스트기사 보유자
- 캠페인 콘셉트·크리에이티브 품질 총괄 관련 프로젝트를 기획부터 결과 검토까지 수행한 경험","- 지원서 또는 제출서류를 허위로 기재한 경우
- 채용 과정에서 부정한 방법을 사용한 경우
- 채용검진 결과 직무 수행이 어렵다고 판단되는 경우
- 관련 법령 또는 내부 인사규정상 채용이 불가능한 경우",서류전형 > 1차면접 > 2차면접 > 채용검진
크리에이티브디렉터 핵심인재 모집,136,42,20260201,20260310,12,경력 3년 이상,무기계약직,경기도,석사 이상,"지역 기반 전문기관에서 캠페인 콘셉트·크리에이티브 품질 총괄을 담당할 크리에이티브디렉터를 모집합니다. 이 포지션은 현장의 요구를 실행 가능한 계획과 결과물로 연결하는 역할입니다.

담당 범위는 브리프·시안·브랜드 자산를 바탕으로 기준을 수립하고, 우선순위에 따라 과제를 실행하며 품질과 일정을 함께 관리하는 것입니다.

마케팅·광고·MD 조직의 동료와 재무·영업·개발·운영 등 유관 부서, 필요한 경우 외부 파트너와 협업해 의사결정에 필요한 정보를 정리합니다.

이슈가 발생하면 사실과 데이터를 먼저 확인하고 원인을 구분한 뒤, 대안을 비교해 합의된 조치를 실행하고 재발 방지 내용을 문서화합니다.

입사 초기에는 기존 자료와 업무 흐름을 파악하고 Adobe Creative Cloud·Figma 환경을 익힌 뒤, 담당 영역의 개선 과제와 표준화 작업을 단계적으로 주도합니다.

성과는 결과물의 정확성, 일정 준수, 이해관계자와의 명확한 소통, 사용자와 사업에 미치는 영향을 기준으로 평가합니다.","- 업무상 리스크 사전 점검과 문제 발생 시 원인 분석·후속 조치
- 재사용 가능한 체크리스트·가이드·템플릿 정비
- 고객 또는 내부 사용자의 피드백을 반영한 결과물 품질 개선
- 캠페인 콘셉트·크리에이티브 품질 총괄 관련 연간·분기 실행계획 수립
- 브리프·시안·브랜드 자산 수집·정리 및 핵심 이슈 분석
- Adobe Creative Cloud·Figma를 활용한 업무 산출물 작성과 버전 관리
- 요구사항을 세부 과제와 일정으로 구체화하고 진행 현황 관리
- 유관 부서 및 외부 파트너와 기준·일정·결과물 조율","- 캠페인 콘셉트·크리에이티브 품질 총괄 관련 지식 또는 프로젝트·실무 경험을 보유한 분
- 브리프·시안·브랜드 자산를 정확히 해석하고 업무 문서로 구조화할 수 있는 분
- Adobe Creative Cloud·Figma 중 직무에 필요한 도구를 실무에 적용할 수 있는 분
- 유관 부서와 쟁점을 명확히 설명하고 일정에 맞춰 협업할 수 있는 분
- 문제 원인을 근거에 따라 분석하고 실행 가능한 대안을 제시할 수 있는 분
- 업무상 취급하는 개인정보와 기밀정보를 안전하게 관리할 수 있는 분","- GTQ 1급 보유자
- 컬러리스트기사 보유자
- Adobe Certified Professional 보유자
- 캠페인 콘셉트·크리에이티브 품질 총괄 관련 프로젝트를 기획부터 결과 검토까지 수행한 경험
- Adobe Creative Cloud·Figma를 활용해 반복 업무를 개선하거나 품질 기준을 정립한 경험","- 제출한 경력·자격 증빙이 사실과 다른 경우
- 정해진 기한까지 필수 증빙서류를 제출하지 않은 경우
- 해외여행 및 근무에 결격사유가 있는 경우
- 채용 관련 비밀유지 의무를 위반한 경우",서류전형 > 필기전형 > 면접전형 > 최종합격
크리에이티브디렉터 전문가 채용,93,42,20260406,20260516,15,신입,정규직,인천광역시,학력무관,"디지털 서비스 조직에서 캠페인 콘셉트·크리에이티브 품질 총괄을 담당할 크리에이티브디렉터를 모집합니다. 이 포지션은 현장의 요구를 실행 가능한 계획과 결과물로 연결하는 역할입니다.

담당 범위는 브리프·시안·브랜드 자산를 바탕으로 기준을 수립하고, 우선순위에 따라 과제를 실행하며 품질과 일정을 함께 관리하는 것입니다.

마케팅·광고·MD 조직의 동료와 재무·영업·개발·운영 등 유관 부서, 필요한 경우 외부 파트너와 협업해 의사결정에 필요한 정보를 정리합니다.

이슈가 발생하면 사실과 데이터를 먼저 확인하고 원인을 구분한 뒤, 대안을 비교해 합의된 조치를 실행하고 재발 방지 내용을 문서화합니다.

입사 초기에는 기존 자료와 업무 흐름을 파악하고 Adobe Creative Cloud·Figma 환경을 익힌 뒤, 담당 영역의 개선 과제와 표준화 작업을 단계적으로 주도합니다.

성과는 결과물의 정확성, 일정 준수, 이해관계자와의 명확한 소통, 사용자와 사업에 미치는 영향을 기준으로 평가합니다.","- 재사용 가능한 체크리스트·가이드·템플릿 정비
- 고객 또는 내부 사용자의 피드백을 반영한 결과물 품질 개선
- 캠페인 콘셉트·크리에이티브 품질 총괄 관련 연간·분기 실행계획 수립
- 브리프·시안·브랜드 자산 수집·정리 및 핵심 이슈 분석
- Adobe Creative Cloud·Figma를 활용한 업무 산출물 작성과 버전 관리
- 요구사항을 세부 과제와 일정으로 구체화하고 진행 현황 관리
- 유관 부서 및 외부 파트너와 기준·일정·결과물 조율
- 검토 회의 운영과 의사결정 근거·변경 이력 문서화
- 성과지표 설정 및 결과 데이터 분석을 통한 개선안 제안","- 캠페인 콘셉트·크리에이티브 품질 총괄 관련 지식 또는 프로젝트·실무 경험을 보유한 분
- 브리프·시안·브랜드 자산를 정확히 해석하고 업무 문서로 구조화할 수 있는 분
- Adobe Creative Cloud·Figma 중 직무에 필요한 도구를 실무에 적용할 수 있는 분
- 유관 부서와 쟁점을 명확히 설명하고 일정에 맞춰 협업할 수 있는 분
- 문제 원인을 근거에 따라 분석하고 실행 가능한 대안을 제시할 수 있는 분
- 업무상 취급하는 개인정보와 기밀정보를 안전하게 관리할 수 있는 분
- 새로운 업무 기준과 도구를 빠르게 학습할 수 있는 분","- 컬러리스트기사 보유자
- Adobe Certified Professional 보유자
- GTQ 1급 보유자
- 캠페인 콘셉트·크리에이티브 품질 총괄 관련 프로젝트를 기획부터 결과 검토까지 수행한 경험
- Adobe Creative Cloud·Figma를 활용해 반복 업무를 개선하거나 품질 기준을 정립한 경험
- 외부 파트너 또는 다양한 이해관계자와 복잡한 요구사항을 조율한 경험","- 지원 자격 또는 필수 면허 요건을 충족하지 못한 경우
- 전형 과정에서 타인의 결과물을 무단 사용한 경우
- 채용검진 결과 담당 업무 수행이 곤란한 경우
- 관계 법령상 취업이 제한되는 경우",서류전형 > 실무면접 > 최종면접
크리에이티브디렉터 신규 인력 모집,150,42,20260611,20260724,18,경력 2년 이상,계약직,대전광역시,전문학사 이상,"성장 단계 스타트업에서 캠페인 콘셉트·크리에이티브 품질 총괄을 담당할 크리에이티브디렉터를 모집합니다. 이 포지션은 현장의 요구를 실행 가능한 계획과 결과물로 연결하는 역할입니다.

담당 범위는 브리프·시안·브랜드 자산를 바탕으로 기준을 수립하고, 우선순위에 따라 과제를 실행하며 품질과 일정을 함께 관리하는 것입니다.

마케팅·광고·MD 조직의 동료와 재무·영업·개발·운영 등 유관 부서, 필요한 경우 외부 파트너와 협업해 의사결정에 필요한 정보를 정리합니다.

이슈가 발생하면 사실과 데이터를 먼저 확인하고 원인을 구분한 뒤, 대안을 비교해 합의된 조치를 실행하고 재발 방지 내용을 문서화합니다.

입사 초기에는 기존 자료와 업무 흐름을 파악하고 Adobe Creative Cloud·Figma 환경을 익힌 뒤, 담당 영역의 개선 과제와 표준화 작업을 단계적으로 주도합니다.

성과는 결과물의 정확성, 일정 준수, 이해관계자와의 명확한 소통, 사용자와 사업에 미치는 영향을 기준으로 평가합니다.","- 고객 또는 내부 사용자의 피드백을 반영한 결과물 품질 개선
- 캠페인 콘셉트·크리에이티브 품질 총괄 관련 연간·분기 실행계획 수립
- 브리프·시안·브랜드 자산 수집·정리 및 핵심 이슈 분석
- Adobe Creative Cloud·Figma를 활용한 업무 산출물 작성과 버전 관리
- 요구사항을 세부 과제와 일정으로 구체화하고 진행 현황 관리
- 유관 부서 및 외부 파트너와 기준·일정·결과물 조율
- 검토 회의 운영과 의사결정 근거·변경 이력 문서화","- 캠페인 콘셉트·크리에이티브 품질 총괄 관련 지식 또는 프로젝트·실무 경험을 보유한 분
- 브리프·시안·브랜드 자산를 정확히 해석하고 업무 문서로 구조화할 수 있는 분
- Adobe Creative Cloud·Figma 중 직무에 필요한 도구를 실무에 적용할 수 있는 분
- 유관 부서와 쟁점을 명확히 설명하고 일정에 맞춰 협업할 수 있는 분
- 문제 원인을 근거에 따라 분석하고 실행 가능한 대안을 제시할 수 있는 분","- Adobe Certified Professional 보유자
- GTQ 1급 보유자
- 컬러리스트기사 보유자
- 캠페인 콘셉트·크리에이티브 품질 총괄 관련 프로젝트를 기획부터 결과 검토까지 수행한 경험","- 지원서 또는 제출서류를 허위로 기재한 경우
- 채용 과정에서 부정한 방법을 사용한 경우
- 채용검진 결과 직무 수행이 어렵다고 판단되는 경우
- 관련 법령 또는 내부 인사규정상 채용이 불가능한 경우",서류전형 > 인성검사 > 실무면접 > 최종면접
채널관리자 담당자 모집,49,43,20261115,20261208,16,경력 3년 이상,무기계약직,세종특별자치시,학사 이상,"공공서비스 운영기관에서 온라인 채널 운영·상품 노출·프로모션을 담당할 채널관리자를 모집합니다. 이 포지션은 현장의 요구를 실행 가능한 계획과 결과물로 연결하는 역할입니다.

담당 범위는 채널별 매출·재고·고객 문의를 바탕으로 기준을 수립하고, 우선순위에 따라 과제를 실행하며 품질과 일정을 함께 관리하는 것입니다.

마케팅·광고·MD 조직의 동료와 재무·영업·개발·운영 등 유관 부서, 필요한 경우 외부 파트너와 협업해 의사결정에 필요한 정보를 정리합니다.

이슈가 발생하면 사실과 데이터를 먼저 확인하고 원인을 구분한 뒤, 대안을 비교해 합의된 조치를 실행하고 재발 방지 내용을 문서화합니다.

입사 초기에는 기존 자료와 업무 흐름을 파악하고 쇼핑몰 관리자·ERP·GA4 환경을 익힌 뒤, 담당 영역의 개선 과제와 표준화 작업을 단계적으로 주도합니다.

성과는 결과물의 정확성, 일정 준수, 이해관계자와의 명확한 소통, 사용자와 사업에 미치는 영향을 기준으로 평가합니다.","- 온라인 채널 운영·상품 노출·프로모션 관련 연간·분기 실행계획 수립
- 채널별 매출·재고·고객 문의 수집·정리 및 핵심 이슈 분석
- 쇼핑몰 관리자·ERP·GA4를 활용한 업무 산출물 작성과 버전 관리
- 요구사항을 세부 과제와 일정으로 구체화하고 진행 현황 관리
- 유관 부서 및 외부 파트너와 기준·일정·결과물 조율
- 검토 회의 운영과 의사결정 근거·변경 이력 문서화
- 성과지표 설정 및 결과 데이터 분석을 통한 개선안 제안","- 온라인 채널 운영·상품 노출·프로모션 관련 지식 또는 프로젝트·실무 경험을 보유한 분
- 채널별 매출·재고·고객 문의를 정확히 해석하고 업무 문서로 구조화할 수 있는 분
- 쇼핑몰 관리자·ERP·GA4 중 직무에 필요한 도구를 실무에 적용할 수 있는 분
- 유관 부서와 쟁점을 명확히 설명하고 일정에 맞춰 협업할 수 있는 분
- 문제 원인을 근거에 따라 분석하고 실행 가능한 대안을 제시할 수 있는 분","- 유통관리사 2급 보유자
- 전자상거래관리사 2급 보유자
- Google Analytics Certification 보유자
- 온라인 채널 운영·상품 노출·프로모션 관련 프로젝트를 기획부터 결과 검토까지 수행한 경험","- 제출한 경력·자격 증빙이 사실과 다른 경우
- 정해진 기한까지 필수 증빙서류를 제출하지 않은 경우
- 해외여행 및 근무에 결격사유가 있는 경우
- 채용 관련 비밀유지 의무를 위반한 경우",서류전형 > 1차면접 > 2차면접 > 채용검진
채널관리자 실무자 채용,70,43,20260220,20260318,19,경력 무관,정규직,충청남도,석사 이상,"전문 컨설팅 조직에서 온라인 채널 운영·상품 노출·프로모션을 담당할 채널관리자를 모집합니다. 이 포지션은 현장의 요구를 실행 가능한 계획과 결과물로 연결하는 역할입니다.

담당 범위는 채널별 매출·재고·고객 문의를 바탕으로 기준을 수립하고, 우선순위에 따라 과제를 실행하며 품질과 일정을 함께 관리하는 것입니다.

마케팅·광고·MD 조직의 동료와 재무·영업·개발·운영 등 유관 부서, 필요한 경우 외부 파트너와 협업해 의사결정에 필요한 정보를 정리합니다.

이슈가 발생하면 사실과 데이터를 먼저 확인하고 원인을 구분한 뒤, 대안을 비교해 합의된 조치를 실행하고 재발 방지 내용을 문서화합니다.

입사 초기에는 기존 자료와 업무 흐름을 파악하고 쇼핑몰 관리자·ERP·GA4 환경을 익힌 뒤, 담당 영역의 개선 과제와 표준화 작업을 단계적으로 주도합니다.

성과는 결과물의 정확성, 일정 준수, 이해관계자와의 명확한 소통, 사용자와 사업에 미치는 영향을 기준으로 평가합니다.","- 채널별 매출·재고·고객 문의 수집·정리 및 핵심 이슈 분석
- 쇼핑몰 관리자·ERP·GA4를 활용한 업무 산출물 작성과 버전 관리
- 요구사항을 세부 과제와 일정으로 구체화하고 진행 현황 관리
- 유관 부서 및 외부 파트너와 기준·일정·결과물 조율
- 검토 회의 운영과 의사결정 근거·변경 이력 문서화
- 성과지표 설정 및 결과 데이터 분석을 통한 개선안 제안
- 업무상 리스크 사전 점검과 문제 발생 시 원인 분석·후속 조치
- 재사용 가능한 체크리스트·가이드·템플릿 정비","- 온라인 채널 운영·상품 노출·프로모션 관련 지식 또는 프로젝트·실무 경험을 보유한 분
- 채널별 매출·재고·고객 문의를 정확히 해석하고 업무 문서로 구조화할 수 있는 분
- 쇼핑몰 관리자·ERP·GA4 중 직무에 필요한 도구를 실무에 적용할 수 있는 분
- 유관 부서와 쟁점을 명확히 설명하고 일정에 맞춰 협업할 수 있는 분
- 문제 원인을 근거에 따라 분석하고 실행 가능한 대안을 제시할 수 있는 분
- 업무상 취급하는 개인정보와 기밀정보를 안전하게 관리할 수 있는 분","- 전자상거래관리사 2급 보유자
- Google Analytics Certification 보유자
- 유통관리사 2급 보유자
- 온라인 채널 운영·상품 노출·프로모션 관련 프로젝트를 기획부터 결과 검토까지 수행한 경험
- 쇼핑몰 관리자·ERP·GA4를 활용해 반복 업무를 개선하거나 품질 기준을 정립한 경험","- 지원 자격 또는 필수 면허 요건을 충족하지 못한 경우
- 전형 과정에서 타인의 결과물을 무단 사용한 경우
- 채용검진 결과 담당 업무 수행이 곤란한 경우
- 관계 법령상 취업이 제한되는 경우",서류전형 > 필기전형 > 면접전형 > 최종합격
채널관리자 전문인력 모집,117,43,20260402,20260501,2,경력 5년 이상,기간제,경상남도,학력무관,"글로벌 사업 조직에서 온라인 채널 운영·상품 노출·프로모션을 담당할 채널관리자를 모집합니다. 이 포지션은 현장의 요구를 실행 가능한 계획과 결과물로 연결하는 역할입니다.

담당 범위는 채널별 매출·재고·고객 문의를 바탕으로 기준을 수립하고, 우선순위에 따라 과제를 실행하며 품질과 일정을 함께 관리하는 것입니다.

마케팅·광고·MD 조직의 동료와 재무·영업·개발·운영 등 유관 부서, 필요한 경우 외부 파트너와 협업해 의사결정에 필요한 정보를 정리합니다.

이슈가 발생하면 사실과 데이터를 먼저 확인하고 원인을 구분한 뒤, 대안을 비교해 합의된 조치를 실행하고 재발 방지 내용을 문서화합니다.

입사 초기에는 기존 자료와 업무 흐름을 파악하고 쇼핑몰 관리자·ERP·GA4 환경을 익힌 뒤, 담당 영역의 개선 과제와 표준화 작업을 단계적으로 주도합니다.

성과는 결과물의 정확성, 일정 준수, 이해관계자와의 명확한 소통, 사용자와 사업에 미치는 영향을 기준으로 평가합니다.","- 쇼핑몰 관리자·ERP·GA4를 활용한 업무 산출물 작성과 버전 관리
- 요구사항을 세부 과제와 일정으로 구체화하고 진행 현황 관리
- 유관 부서 및 외부 파트너와 기준·일정·결과물 조율
- 검토 회의 운영과 의사결정 근거·변경 이력 문서화
- 성과지표 설정 및 결과 데이터 분석을 통한 개선안 제안
- 업무상 리스크 사전 점검과 문제 발생 시 원인 분석·후속 조치
- 재사용 가능한 체크리스트·가이드·템플릿 정비
- 고객 또는 내부 사용자의 피드백을 반영한 결과물 품질 개선
- 온라인 채널 운영·상품 노출·프로모션 관련 연간·분기 실행계획 수립","- 온라인 채널 운영·상품 노출·프로모션 관련 지식 또는 프로젝트·실무 경험을 보유한 분
- 채널별 매출·재고·고객 문의를 정확히 해석하고 업무 문서로 구조화할 수 있는 분
- 쇼핑몰 관리자·ERP·GA4 중 직무에 필요한 도구를 실무에 적용할 수 있는 분
- 유관 부서와 쟁점을 명확히 설명하고 일정에 맞춰 협업할 수 있는 분
- 문제 원인을 근거에 따라 분석하고 실행 가능한 대안을 제시할 수 있는 분
- 업무상 취급하는 개인정보와 기밀정보를 안전하게 관리할 수 있는 분
- 채널관리자 또는 유사 분야의 5년 이상 실무 경험을 보유한 분","- Google Analytics Certification 보유자
- 유통관리사 2급 보유자
- 전자상거래관리사 2급 보유자
- 온라인 채널 운영·상품 노출·프로모션 관련 프로젝트를 기획부터 결과 검토까지 수행한 경험
- 쇼핑몰 관리자·ERP·GA4를 활용해 반복 업무를 개선하거나 품질 기준을 정립한 경험
- 외부 파트너 또는 다양한 이해관계자와 복잡한 요구사항을 조율한 경험","- 지원서 또는 제출서류를 허위로 기재한 경우
- 채용 과정에서 부정한 방법을 사용한 경우
- 채용검진 결과 직무 수행이 어렵다고 판단되는 경우
- 관련 법령 또는 내부 인사규정상 채용이 불가능한 경우",서류전형 > 실무면접 > 최종면접
채널관리자 인재 채용,44,43,20260607,20260709,5,경력,정규직,제주특별자치도,전문학사 이상,"연구개발 중심 조직에서 온라인 채널 운영·상품 노출·프로모션을 담당할 채널관리자를 모집합니다. 이 포지션은 현장의 요구를 실행 가능한 계획과 결과물로 연결하는 역할입니다.

담당 범위는 채널별 매출·재고·고객 문의를 바탕으로 기준을 수립하고, 우선순위에 따라 과제를 실행하며 품질과 일정을 함께 관리하는 것입니다.

마케팅·광고·MD 조직의 동료와 재무·영업·개발·운영 등 유관 부서, 필요한 경우 외부 파트너와 협업해 의사결정에 필요한 정보를 정리합니다.

이슈가 발생하면 사실과 데이터를 먼저 확인하고 원인을 구분한 뒤, 대안을 비교해 합의된 조치를 실행하고 재발 방지 내용을 문서화합니다.

입사 초기에는 기존 자료와 업무 흐름을 파악하고 쇼핑몰 관리자·ERP·GA4 환경을 익힌 뒤, 담당 영역의 개선 과제와 표준화 작업을 단계적으로 주도합니다.

성과는 결과물의 정확성, 일정 준수, 이해관계자와의 명확한 소통, 사용자와 사업에 미치는 영향을 기준으로 평가합니다.","- 요구사항을 세부 과제와 일정으로 구체화하고 진행 현황 관리
- 유관 부서 및 외부 파트너와 기준·일정·결과물 조율
- 검토 회의 운영과 의사결정 근거·변경 이력 문서화
- 성과지표 설정 및 결과 데이터 분석을 통한 개선안 제안
- 업무상 리스크 사전 점검과 문제 발생 시 원인 분석·후속 조치
- 재사용 가능한 체크리스트·가이드·템플릿 정비
- 고객 또는 내부 사용자의 피드백을 반영한 결과물 품질 개선","- 온라인 채널 운영·상품 노출·프로모션 관련 지식 또는 프로젝트·실무 경험을 보유한 분
- 채널별 매출·재고·고객 문의를 정확히 해석하고 업무 문서로 구조화할 수 있는 분
- 쇼핑몰 관리자·ERP·GA4 중 직무에 필요한 도구를 실무에 적용할 수 있는 분
- 유관 부서와 쟁점을 명확히 설명하고 일정에 맞춰 협업할 수 있는 분
- 문제 원인을 근거에 따라 분석하고 실행 가능한 대안을 제시할 수 있는 분","- 유통관리사 2급 보유자
- 전자상거래관리사 2급 보유자
- Google Analytics Certification 보유자
- 온라인 채널 운영·상품 노출·프로모션 관련 프로젝트를 기획부터 결과 검토까지 수행한 경험","- 제출한 경력·자격 증빙이 사실과 다른 경우
- 정해진 기한까지 필수 증빙서류를 제출하지 않은 경우
- 해외여행 및 근무에 결격사유가 있는 경우
- 채용 관련 비밀유지 의무를 위반한 경우",서류전형 > 인성검사 > 실무면접 > 최종면접
채널관리자 공개채용,1,43,20260812,20260916,8,신입·경력,계약직,서울특별시,학사 이상,"플랫폼 운영 조직에서 온라인 채널 운영·상품 노출·프로모션을 담당할 채널관리자를 모집합니다. 이 포지션은 현장의 요구를 실행 가능한 계획과 결과물로 연결하는 역할입니다.

담당 범위는 채널별 매출·재고·고객 문의를 바탕으로 기준을 수립하고, 우선순위에 따라 과제를 실행하며 품질과 일정을 함께 관리하는 것입니다.

마케팅·광고·MD 조직의 동료와 재무·영업·개발·운영 등 유관 부서, 필요한 경우 외부 파트너와 협업해 의사결정에 필요한 정보를 정리합니다.

이슈가 발생하면 사실과 데이터를 먼저 확인하고 원인을 구분한 뒤, 대안을 비교해 합의된 조치를 실행하고 재발 방지 내용을 문서화합니다.

입사 초기에는 기존 자료와 업무 흐름을 파악하고 쇼핑몰 관리자·ERP·GA4 환경을 익힌 뒤, 담당 영역의 개선 과제와 표준화 작업을 단계적으로 주도합니다.

성과는 결과물의 정확성, 일정 준수, 이해관계자와의 명확한 소통, 사용자와 사업에 미치는 영향을 기준으로 평가합니다.","- 유관 부서 및 외부 파트너와 기준·일정·결과물 조율
- 검토 회의 운영과 의사결정 근거·변경 이력 문서화
- 성과지표 설정 및 결과 데이터 분석을 통한 개선안 제안
- 업무상 리스크 사전 점검과 문제 발생 시 원인 분석·후속 조치
- 재사용 가능한 체크리스트·가이드·템플릿 정비
- 고객 또는 내부 사용자의 피드백을 반영한 결과물 품질 개선
- 온라인 채널 운영·상품 노출·프로모션 관련 연간·분기 실행계획 수립
- 채널별 매출·재고·고객 문의 수집·정리 및 핵심 이슈 분석","- 온라인 채널 운영·상품 노출·프로모션 관련 지식 또는 프로젝트·실무 경험을 보유한 분
- 채널별 매출·재고·고객 문의를 정확히 해석하고 업무 문서로 구조화할 수 있는 분
- 쇼핑몰 관리자·ERP·GA4 중 직무에 필요한 도구를 실무에 적용할 수 있는 분
- 유관 부서와 쟁점을 명확히 설명하고 일정에 맞춰 협업할 수 있는 분
- 문제 원인을 근거에 따라 분석하고 실행 가능한 대안을 제시할 수 있는 분
- 업무상 취급하는 개인정보와 기밀정보를 안전하게 관리할 수 있는 분","- 전자상거래관리사 2급 보유자
- Google Analytics Certification 보유자
- 유통관리사 2급 보유자
- 온라인 채널 운영·상품 노출·프로모션 관련 프로젝트를 기획부터 결과 검토까지 수행한 경험
- 쇼핑몰 관리자·ERP·GA4를 활용해 반복 업무를 개선하거나 품질 기준을 정립한 경험","- 지원 자격 또는 필수 면허 요건을 충족하지 못한 경우
- 전형 과정에서 타인의 결과물을 무단 사용한 경우
- 채용검진 결과 담당 업무 수행이 곤란한 경우
- 관계 법령상 취업이 제한되는 경우",서류전형 > 직무과제 > 실무면접 > 처우협의
채널관리자 프로젝트 담당 모집,71,43,20261017,20261124,11,경력 2년 이상,정규직,경기도,학사 이상,"브랜드 사업 조직에서 온라인 채널 운영·상품 노출·프로모션을 담당할 채널관리자를 모집합니다. 이 포지션은 현장의 요구를 실행 가능한 계획과 결과물로 연결하는 역할입니다.

담당 범위는 채널별 매출·재고·고객 문의를 바탕으로 기준을 수립하고, 우선순위에 따라 과제를 실행하며 품질과 일정을 함께 관리하는 것입니다.

마케팅·광고·MD 조직의 동료와 재무·영업·개발·운영 등 유관 부서, 필요한 경우 외부 파트너와 협업해 의사결정에 필요한 정보를 정리합니다.

이슈가 발생하면 사실과 데이터를 먼저 확인하고 원인을 구분한 뒤, 대안을 비교해 합의된 조치를 실행하고 재발 방지 내용을 문서화합니다.

입사 초기에는 기존 자료와 업무 흐름을 파악하고 쇼핑몰 관리자·ERP·GA4 환경을 익힌 뒤, 담당 영역의 개선 과제와 표준화 작업을 단계적으로 주도합니다.

성과는 결과물의 정확성, 일정 준수, 이해관계자와의 명확한 소통, 사용자와 사업에 미치는 영향을 기준으로 평가합니다.","- 검토 회의 운영과 의사결정 근거·변경 이력 문서화
- 성과지표 설정 및 결과 데이터 분석을 통한 개선안 제안
- 업무상 리스크 사전 점검과 문제 발생 시 원인 분석·후속 조치
- 재사용 가능한 체크리스트·가이드·템플릿 정비
- 고객 또는 내부 사용자의 피드백을 반영한 결과물 품질 개선
- 온라인 채널 운영·상품 노출·프로모션 관련 연간·분기 실행계획 수립
- 채널별 매출·재고·고객 문의 수집·정리 및 핵심 이슈 분석
- 쇼핑몰 관리자·ERP·GA4를 활용한 업무 산출물 작성과 버전 관리
- 요구사항을 세부 과제와 일정으로 구체화하고 진행 현황 관리","- 온라인 채널 운영·상품 노출·프로모션 관련 지식 또는 프로젝트·실무 경험을 보유한 분
- 채널별 매출·재고·고객 문의를 정확히 해석하고 업무 문서로 구조화할 수 있는 분
- 쇼핑몰 관리자·ERP·GA4 중 직무에 필요한 도구를 실무에 적용할 수 있는 분
- 유관 부서와 쟁점을 명확히 설명하고 일정에 맞춰 협업할 수 있는 분
- 문제 원인을 근거에 따라 분석하고 실행 가능한 대안을 제시할 수 있는 분
- 업무상 취급하는 개인정보와 기밀정보를 안전하게 관리할 수 있는 분
- 채널관리자 또는 유사 분야의 2년 이상 실무 경험을 보유한 분","- Google Analytics Certification 보유자
- 유통관리사 2급 보유자
- 전자상거래관리사 2급 보유자
- 온라인 채널 운영·상품 노출·프로모션 관련 프로젝트를 기획부터 결과 검토까지 수행한 경험
- 쇼핑몰 관리자·ERP·GA4를 활용해 반복 업무를 개선하거나 품질 기준을 정립한 경험
- 외부 파트너 또는 다양한 이해관계자와 복잡한 요구사항을 조율한 경험","- 지원서 또는 제출서류를 허위로 기재한 경우
- 채용 과정에서 부정한 방법을 사용한 경우
- 채용검진 결과 직무 수행이 어렵다고 판단되는 경우
- 관련 법령 또는 내부 인사규정상 채용이 불가능한 경우",서류전형 > 1차면접 > 2차면접 > 채용검진
채널관리자 운영 담당자 채용,10,43,20260122,20260304,14,경력 3년 이상,무기계약직,인천광역시,석사 이상,"지역 기반 전문기관에서 온라인 채널 운영·상품 노출·프로모션을 담당할 채널관리자를 모집합니다. 이 포지션은 현장의 요구를 실행 가능한 계획과 결과물로 연결하는 역할입니다.

담당 범위는 채널별 매출·재고·고객 문의를 바탕으로 기준을 수립하고, 우선순위에 따라 과제를 실행하며 품질과 일정을 함께 관리하는 것입니다.

마케팅·광고·MD 조직의 동료와 재무·영업·개발·운영 등 유관 부서, 필요한 경우 외부 파트너와 협업해 의사결정에 필요한 정보를 정리합니다.

이슈가 발생하면 사실과 데이터를 먼저 확인하고 원인을 구분한 뒤, 대안을 비교해 합의된 조치를 실행하고 재발 방지 내용을 문서화합니다.

입사 초기에는 기존 자료와 업무 흐름을 파악하고 쇼핑몰 관리자·ERP·GA4 환경을 익힌 뒤, 담당 영역의 개선 과제와 표준화 작업을 단계적으로 주도합니다.

성과는 결과물의 정확성, 일정 준수, 이해관계자와의 명확한 소통, 사용자와 사업에 미치는 영향을 기준으로 평가합니다.","- 성과지표 설정 및 결과 데이터 분석을 통한 개선안 제안
- 업무상 리스크 사전 점검과 문제 발생 시 원인 분석·후속 조치
- 재사용 가능한 체크리스트·가이드·템플릿 정비
- 고객 또는 내부 사용자의 피드백을 반영한 결과물 품질 개선
- 온라인 채널 운영·상품 노출·프로모션 관련 연간·분기 실행계획 수립
- 채널별 매출·재고·고객 문의 수집·정리 및 핵심 이슈 분석
- 쇼핑몰 관리자·ERP·GA4를 활용한 업무 산출물 작성과 버전 관리","- 온라인 채널 운영·상품 노출·프로모션 관련 지식 또는 프로젝트·실무 경험을 보유한 분
- 채널별 매출·재고·고객 문의를 정확히 해석하고 업무 문서로 구조화할 수 있는 분
- 쇼핑몰 관리자·ERP·GA4 중 직무에 필요한 도구를 실무에 적용할 수 있는 분
- 유관 부서와 쟁점을 명확히 설명하고 일정에 맞춰 협업할 수 있는 분
- 문제 원인을 근거에 따라 분석하고 실행 가능한 대안을 제시할 수 있는 분","- 유통관리사 2급 보유자
- 전자상거래관리사 2급 보유자
- Google Analytics Certification 보유자
- 온라인 채널 운영·상품 노출·프로모션 관련 프로젝트를 기획부터 결과 검토까지 수행한 경험","- 제출한 경력·자격 증빙이 사실과 다른 경우
- 정해진 기한까지 필수 증빙서류를 제출하지 않은 경우
- 해외여행 및 근무에 결격사유가 있는 경우
- 채용 관련 비밀유지 의무를 위반한 경우",서류전형 > 필기전형 > 면접전형 > 최종합격
채널관리자 핵심인재 모집,10,43,20260304,20260417,17,신입,정규직,대전광역시,학력무관,"디지털 서비스 조직에서 온라인 채널 운영·상품 노출·프로모션을 담당할 채널관리자를 모집합니다. 이 포지션은 현장의 요구를 실행 가능한 계획과 결과물로 연결하는 역할입니다.

담당 범위는 채널별 매출·재고·고객 문의를 바탕으로 기준을 수립하고, 우선순위에 따라 과제를 실행하며 품질과 일정을 함께 관리하는 것입니다.

마케팅·광고·MD 조직의 동료와 재무·영업·개발·운영 등 유관 부서, 필요한 경우 외부 파트너와 협업해 의사결정에 필요한 정보를 정리합니다.

이슈가 발생하면 사실과 데이터를 먼저 확인하고 원인을 구분한 뒤, 대안을 비교해 합의된 조치를 실행하고 재발 방지 내용을 문서화합니다.

입사 초기에는 기존 자료와 업무 흐름을 파악하고 쇼핑몰 관리자·ERP·GA4 환경을 익힌 뒤, 담당 영역의 개선 과제와 표준화 작업을 단계적으로 주도합니다.

성과는 결과물의 정확성, 일정 준수, 이해관계자와의 명확한 소통, 사용자와 사업에 미치는 영향을 기준으로 평가합니다.","- 업무상 리스크 사전 점검과 문제 발생 시 원인 분석·후속 조치
- 재사용 가능한 체크리스트·가이드·템플릿 정비
- 고객 또는 내부 사용자의 피드백을 반영한 결과물 품질 개선
- 온라인 채널 운영·상품 노출·프로모션 관련 연간·분기 실행계획 수립
- 채널별 매출·재고·고객 문의 수집·정리 및 핵심 이슈 분석
- 쇼핑몰 관리자·ERP·GA4를 활용한 업무 산출물 작성과 버전 관리
- 요구사항을 세부 과제와 일정으로 구체화하고 진행 현황 관리
- 유관 부서 및 외부 파트너와 기준·일정·결과물 조율","- 온라인 채널 운영·상품 노출·프로모션 관련 지식 또는 프로젝트·실무 경험을 보유한 분
- 채널별 매출·재고·고객 문의를 정확히 해석하고 업무 문서로 구조화할 수 있는 분
- 쇼핑몰 관리자·ERP·GA4 중 직무에 필요한 도구를 실무에 적용할 수 있는 분
- 유관 부서와 쟁점을 명확히 설명하고 일정에 맞춰 협업할 수 있는 분
- 문제 원인을 근거에 따라 분석하고 실행 가능한 대안을 제시할 수 있는 분
- 업무상 취급하는 개인정보와 기밀정보를 안전하게 관리할 수 있는 분","- 전자상거래관리사 2급 보유자
- Google Analytics Certification 보유자
- 유통관리사 2급 보유자
- 온라인 채널 운영·상품 노출·프로모션 관련 프로젝트를 기획부터 결과 검토까지 수행한 경험
- 쇼핑몰 관리자·ERP·GA4를 활용해 반복 업무를 개선하거나 품질 기준을 정립한 경험","- 지원 자격 또는 필수 면허 요건을 충족하지 못한 경우
- 전형 과정에서 타인의 결과물을 무단 사용한 경우
- 채용검진 결과 담당 업무 수행이 곤란한 경우
- 관계 법령상 취업이 제한되는 경우",서류전형 > 실무면접 > 최종면접
채널관리자 전문가 채용,145,43,20260509,20260520,20,경력 2년 이상,계약직,부산광역시,전문학사 이상,"성장 단계 스타트업에서 온라인 채널 운영·상품 노출·프로모션을 담당할 채널관리자를 모집합니다. 이 포지션은 현장의 요구를 실행 가능한 계획과 결과물로 연결하는 역할입니다.

담당 범위는 채널별 매출·재고·고객 문의를 바탕으로 기준을 수립하고, 우선순위에 따라 과제를 실행하며 품질과 일정을 함께 관리하는 것입니다.

마케팅·광고·MD 조직의 동료와 재무·영업·개발·운영 등 유관 부서, 필요한 경우 외부 파트너와 협업해 의사결정에 필요한 정보를 정리합니다.

이슈가 발생하면 사실과 데이터를 먼저 확인하고 원인을 구분한 뒤, 대안을 비교해 합의된 조치를 실행하고 재발 방지 내용을 문서화합니다.

입사 초기에는 기존 자료와 업무 흐름을 파악하고 쇼핑몰 관리자·ERP·GA4 환경을 익힌 뒤, 담당 영역의 개선 과제와 표준화 작업을 단계적으로 주도합니다.

성과는 결과물의 정확성, 일정 준수, 이해관계자와의 명확한 소통, 사용자와 사업에 미치는 영향을 기준으로 평가합니다.","- 재사용 가능한 체크리스트·가이드·템플릿 정비
- 고객 또는 내부 사용자의 피드백을 반영한 결과물 품질 개선
- 온라인 채널 운영·상품 노출·프로모션 관련 연간·분기 실행계획 수립
- 채널별 매출·재고·고객 문의 수집·정리 및 핵심 이슈 분석
- 쇼핑몰 관리자·ERP·GA4를 활용한 업무 산출물 작성과 버전 관리
- 요구사항을 세부 과제와 일정으로 구체화하고 진행 현황 관리
- 유관 부서 및 외부 파트너와 기준·일정·결과물 조율
- 검토 회의 운영과 의사결정 근거·변경 이력 문서화
- 성과지표 설정 및 결과 데이터 분석을 통한 개선안 제안","- 온라인 채널 운영·상품 노출·프로모션 관련 지식 또는 프로젝트·실무 경험을 보유한 분
- 채널별 매출·재고·고객 문의를 정확히 해석하고 업무 문서로 구조화할 수 있는 분
- 쇼핑몰 관리자·ERP·GA4 중 직무에 필요한 도구를 실무에 적용할 수 있는 분
- 유관 부서와 쟁점을 명확히 설명하고 일정에 맞춰 협업할 수 있는 분
- 문제 원인을 근거에 따라 분석하고 실행 가능한 대안을 제시할 수 있는 분
- 업무상 취급하는 개인정보와 기밀정보를 안전하게 관리할 수 있는 분
- 채널관리자 또는 유사 분야의 2년 이상 실무 경험을 보유한 분","- Google Analytics Certification 보유자
- 유통관리사 2급 보유자
- 전자상거래관리사 2급 보유자
- 온라인 채널 운영·상품 노출·프로모션 관련 프로젝트를 기획부터 결과 검토까지 수행한 경험
- 쇼핑몰 관리자·ERP·GA4를 활용해 반복 업무를 개선하거나 품질 기준을 정립한 경험
- 외부 파트너 또는 다양한 이해관계자와 복잡한 요구사항을 조율한 경험","- 지원서 또는 제출서류를 허위로 기재한 경우
- 채용 과정에서 부정한 방법을 사용한 경우
- 채용검진 결과 직무 수행이 어렵다고 판단되는 경우
- 관련 법령 또는 내부 인사규정상 채용이 불가능한 경우",서류전형 > 인성검사 > 실무면접 > 최종면접
채널관리자 신규 인력 모집,24,43,20260714,20260728,3,신입·경력,정규직,광주광역시,학사 이상,"중견기업 전략 조직에서 온라인 채널 운영·상품 노출·프로모션을 담당할 채널관리자를 모집합니다. 이 포지션은 현장의 요구를 실행 가능한 계획과 결과물로 연결하는 역할입니다.

담당 범위는 채널별 매출·재고·고객 문의를 바탕으로 기준을 수립하고, 우선순위에 따라 과제를 실행하며 품질과 일정을 함께 관리하는 것입니다.

마케팅·광고·MD 조직의 동료와 재무·영업·개발·운영 등 유관 부서, 필요한 경우 외부 파트너와 협업해 의사결정에 필요한 정보를 정리합니다.

이슈가 발생하면 사실과 데이터를 먼저 확인하고 원인을 구분한 뒤, 대안을 비교해 합의된 조치를 실행하고 재발 방지 내용을 문서화합니다.

입사 초기에는 기존 자료와 업무 흐름을 파악하고 쇼핑몰 관리자·ERP·GA4 환경을 익힌 뒤, 담당 영역의 개선 과제와 표준화 작업을 단계적으로 주도합니다.

성과는 결과물의 정확성, 일정 준수, 이해관계자와의 명확한 소통, 사용자와 사업에 미치는 영향을 기준으로 평가합니다.","- 고객 또는 내부 사용자의 피드백을 반영한 결과물 품질 개선
- 온라인 채널 운영·상품 노출·프로모션 관련 연간·분기 실행계획 수립
- 채널별 매출·재고·고객 문의 수집·정리 및 핵심 이슈 분석
- 쇼핑몰 관리자·ERP·GA4를 활용한 업무 산출물 작성과 버전 관리
- 요구사항을 세부 과제와 일정으로 구체화하고 진행 현황 관리
- 유관 부서 및 외부 파트너와 기준·일정·결과물 조율
- 검토 회의 운영과 의사결정 근거·변경 이력 문서화","- 온라인 채널 운영·상품 노출·프로모션 관련 지식 또는 프로젝트·실무 경험을 보유한 분
- 채널별 매출·재고·고객 문의를 정확히 해석하고 업무 문서로 구조화할 수 있는 분
- 쇼핑몰 관리자·ERP·GA4 중 직무에 필요한 도구를 실무에 적용할 수 있는 분
- 유관 부서와 쟁점을 명확히 설명하고 일정에 맞춰 협업할 수 있는 분
- 문제 원인을 근거에 따라 분석하고 실행 가능한 대안을 제시할 수 있는 분","- 유통관리사 2급 보유자
- 전자상거래관리사 2급 보유자
- Google Analytics Certification 보유자
- 온라인 채널 운영·상품 노출·프로모션 관련 프로젝트를 기획부터 결과 검토까지 수행한 경험","- 제출한 경력·자격 증빙이 사실과 다른 경우
- 정해진 기한까지 필수 증빙서류를 제출하지 않은 경우
- 해외여행 및 근무에 결격사유가 있는 경우
- 채용 관련 비밀유지 의무를 위반한 경우",서류전형 > 직무과제 > 실무면접 > 처우협의
그로스해커 담당자 모집,6,44,20260118,20260217,1,경력 무관,정규직,경상남도,석사 이상,"전문 컨설팅 조직에서 퍼널 분석·실험·전환율 개선을 담당할 그로스해커를 모집합니다. 이 포지션은 현장의 요구를 실행 가능한 계획과 결과물로 연결하는 역할입니다.

담당 범위는 이벤트 로그·코호트·A/B 테스트를 바탕으로 기준을 수립하고, 우선순위에 따라 과제를 실행하며 품질과 일정을 함께 관리하는 것입니다.

마케팅·광고·MD 조직의 동료와 재무·영업·개발·운영 등 유관 부서, 필요한 경우 외부 파트너와 협업해 의사결정에 필요한 정보를 정리합니다.

이슈가 발생하면 사실과 데이터를 먼저 확인하고 원인을 구분한 뒤, 대안을 비교해 합의된 조치를 실행하고 재발 방지 내용을 문서화합니다.

입사 초기에는 기존 자료와 업무 흐름을 파악하고 SQL·Python·Amplitude 환경을 익힌 뒤, 담당 영역의 개선 과제와 표준화 작업을 단계적으로 주도합니다.

성과는 결과물의 정확성, 일정 준수, 이해관계자와의 명확한 소통, 사용자와 사업에 미치는 영향을 기준으로 평가합니다.","- 퍼널 분석·실험·전환율 개선 관련 연간·분기 실행계획 수립
- 이벤트 로그·코호트·A/B 테스트 수집·정리 및 핵심 이슈 분석
- SQL·Python·Amplitude를 활용한 업무 산출물 작성과 버전 관리
- 요구사항을 세부 과제와 일정으로 구체화하고 진행 현황 관리
- 유관 부서 및 외부 파트너와 기준·일정·결과물 조율
- 검토 회의 운영과 의사결정 근거·변경 이력 문서화
- 성과지표 설정 및 결과 데이터 분석을 통한 개선안 제안","- 퍼널 분석·실험·전환율 개선 관련 지식 또는 프로젝트·실무 경험을 보유한 분
- 이벤트 로그·코호트·A/B 테스트를 정확히 해석하고 업무 문서로 구조화할 수 있는 분
- SQL·Python·Amplitude 중 직무에 필요한 도구를 실무에 적용할 수 있는 분
- 유관 부서와 쟁점을 명확히 설명하고 일정에 맞춰 협업할 수 있는 분
- 문제 원인을 근거에 따라 분석하고 실행 가능한 대안을 제시할 수 있는 분","- SQLD 보유자
- ADsP 보유자
- Google Analytics Certification 보유자
- 퍼널 분석·실험·전환율 개선 관련 프로젝트를 기획부터 결과 검토까지 수행한 경험","- 지원 자격 또는 필수 면허 요건을 충족하지 못한 경우
- 전형 과정에서 타인의 결과물을 무단 사용한 경우
- 채용검진 결과 담당 업무 수행이 곤란한 경우
- 관계 법령상 취업이 제한되는 경우",서류전형 > 필기전형 > 면접전형 > 최종합격
그로스해커 실무자 채용,82,44,20260323,20260425,4,경력 5년 이상,기간제,제주특별자치도,학력무관,"글로벌 사업 조직에서 퍼널 분석·실험·전환율 개선을 담당할 그로스해커를 모집합니다. 이 포지션은 현장의 요구를 실행 가능한 계획과 결과물로 연결하는 역할입니다.

담당 범위는 이벤트 로그·코호트·A/B 테스트를 바탕으로 기준을 수립하고, 우선순위에 따라 과제를 실행하며 품질과 일정을 함께 관리하는 것입니다.

마케팅·광고·MD 조직의 동료와 재무·영업·개발·운영 등 유관 부서, 필요한 경우 외부 파트너와 협업해 의사결정에 필요한 정보를 정리합니다.

이슈가 발생하면 사실과 데이터를 먼저 확인하고 원인을 구분한 뒤, 대안을 비교해 합의된 조치를 실행하고 재발 방지 내용을 문서화합니다.

입사 초기에는 기존 자료와 업무 흐름을 파악하고 SQL·Python·Amplitude 환경을 익힌 뒤, 담당 영역의 개선 과제와 표준화 작업을 단계적으로 주도합니다.

성과는 결과물의 정확성, 일정 준수, 이해관계자와의 명확한 소통, 사용자와 사업에 미치는 영향을 기준으로 평가합니다.","- 이벤트 로그·코호트·A/B 테스트 수집·정리 및 핵심 이슈 분석
- SQL·Python·Amplitude를 활용한 업무 산출물 작성과 버전 관리
- 요구사항을 세부 과제와 일정으로 구체화하고 진행 현황 관리
- 유관 부서 및 외부 파트너와 기준·일정·결과물 조율
- 검토 회의 운영과 의사결정 근거·변경 이력 문서화
- 성과지표 설정 및 결과 데이터 분석을 통한 개선안 제안
- 업무상 리스크 사전 점검과 문제 발생 시 원인 분석·후속 조치
- 재사용 가능한 체크리스트·가이드·템플릿 정비","- 퍼널 분석·실험·전환율 개선 관련 지식 또는 프로젝트·실무 경험을 보유한 분
- 이벤트 로그·코호트·A/B 테스트를 정확히 해석하고 업무 문서로 구조화할 수 있는 분
- SQL·Python·Amplitude 중 직무에 필요한 도구를 실무에 적용할 수 있는 분
- 유관 부서와 쟁점을 명확히 설명하고 일정에 맞춰 협업할 수 있는 분
- 문제 원인을 근거에 따라 분석하고 실행 가능한 대안을 제시할 수 있는 분
- 업무상 취급하는 개인정보와 기밀정보를 안전하게 관리할 수 있는 분","- ADsP 보유자
- Google Analytics Certification 보유자
- SQLD 보유자
- 퍼널 분석·실험·전환율 개선 관련 프로젝트를 기획부터 결과 검토까지 수행한 경험
- SQL·Python·Amplitude를 활용해 반복 업무를 개선하거나 품질 기준을 정립한 경험","- 지원서 또는 제출서류를 허위로 기재한 경우
- 채용 과정에서 부정한 방법을 사용한 경우
- 채용검진 결과 직무 수행이 어렵다고 판단되는 경우
- 관련 법령 또는 내부 인사규정상 채용이 불가능한 경우",서류전형 > 실무면접 > 최종면접
그로스해커 전문인력 모집,39,44,20260505,20260610,7,경력,정규직,서울특별시,전문학사 이상,"연구개발 중심 조직에서 퍼널 분석·실험·전환율 개선을 담당할 그로스해커를 모집합니다. 이 포지션은 현장의 요구를 실행 가능한 계획과 결과물로 연결하는 역할입니다.

담당 범위는 이벤트 로그·코호트·A/B 테스트를 바탕으로 기준을 수립하고, 우선순위에 따라 과제를 실행하며 품질과 일정을 함께 관리하는 것입니다.

마케팅·광고·MD 조직의 동료와 재무·영업·개발·운영 등 유관 부서, 필요한 경우 외부 파트너와 협업해 의사결정에 필요한 정보를 정리합니다.

이슈가 발생하면 사실과 데이터를 먼저 확인하고 원인을 구분한 뒤, 대안을 비교해 합의된 조치를 실행하고 재발 방지 내용을 문서화합니다.

입사 초기에는 기존 자료와 업무 흐름을 파악하고 SQL·Python·Amplitude 환경을 익힌 뒤, 담당 영역의 개선 과제와 표준화 작업을 단계적으로 주도합니다.

성과는 결과물의 정확성, 일정 준수, 이해관계자와의 명확한 소통, 사용자와 사업에 미치는 영향을 기준으로 평가합니다.","- SQL·Python·Amplitude를 활용한 업무 산출물 작성과 버전 관리
- 요구사항을 세부 과제와 일정으로 구체화하고 진행 현황 관리
- 유관 부서 및 외부 파트너와 기준·일정·결과물 조율
- 검토 회의 운영과 의사결정 근거·변경 이력 문서화
- 성과지표 설정 및 결과 데이터 분석을 통한 개선안 제안
- 업무상 리스크 사전 점검과 문제 발생 시 원인 분석·후속 조치
- 재사용 가능한 체크리스트·가이드·템플릿 정비
- 고객 또는 내부 사용자의 피드백을 반영한 결과물 품질 개선
- 퍼널 분석·실험·전환율 개선 관련 연간·분기 실행계획 수립","- 퍼널 분석·실험·전환율 개선 관련 지식 또는 프로젝트·실무 경험을 보유한 분
- 이벤트 로그·코호트·A/B 테스트를 정확히 해석하고 업무 문서로 구조화할 수 있는 분
- SQL·Python·Amplitude 중 직무에 필요한 도구를 실무에 적용할 수 있는 분
- 유관 부서와 쟁점을 명확히 설명하고 일정에 맞춰 협업할 수 있는 분
- 문제 원인을 근거에 따라 분석하고 실행 가능한 대안을 제시할 수 있는 분
- 업무상 취급하는 개인정보와 기밀정보를 안전하게 관리할 수 있는 분
- 그로스해커 또는 유사 분야의 경력 실무 경험을 보유한 분","- Google Analytics Certification 보유자
- SQLD 보유자
- ADsP 보유자
- 퍼널 분석·실험·전환율 개선 관련 프로젝트를 기획부터 결과 검토까지 수행한 경험
- SQL·Python·Amplitude를 활용해 반복 업무를 개선하거나 품질 기준을 정립한 경험
- 외부 파트너 또는 다양한 이해관계자와 복잡한 요구사항을 조율한 경험","- 제출한 경력·자격 증빙이 사실과 다른 경우
- 정해진 기한까지 필수 증빙서류를 제출하지 않은 경우
- 해외여행 및 근무에 결격사유가 있는 경우
- 채용 관련 비밀유지 의무를 위반한 경우",서류전형 > 인성검사 > 실무면접 > 최종면접
그로스해커 인재 채용,106,44,20260710,20260818,10,신입·경력,계약직,경기도,학사 이상,"플랫폼 운영 조직에서 퍼널 분석·실험·전환율 개선을 담당할 그로스해커를 모집합니다. 이 포지션은 현장의 요구를 실행 가능한 계획과 결과물로 연결하는 역할입니다.

담당 범위는 이벤트 로그·코호트·A/B 테스트를 바탕으로 기준을 수립하고, 우선순위에 따라 과제를 실행하며 품질과 일정을 함께 관리하는 것입니다.

마케팅·광고·MD 조직의 동료와 재무·영업·개발·운영 등 유관 부서, 필요한 경우 외부 파트너와 협업해 의사결정에 필요한 정보를 정리합니다.

이슈가 발생하면 사실과 데이터를 먼저 확인하고 원인을 구분한 뒤, 대안을 비교해 합의된 조치를 실행하고 재발 방지 내용을 문서화합니다.

입사 초기에는 기존 자료와 업무 흐름을 파악하고 SQL·Python·Amplitude 환경을 익힌 뒤, 담당 영역의 개선 과제와 표준화 작업을 단계적으로 주도합니다.

성과는 결과물의 정확성, 일정 준수, 이해관계자와의 명확한 소통, 사용자와 사업에 미치는 영향을 기준으로 평가합니다.","- 요구사항을 세부 과제와 일정으로 구체화하고 진행 현황 관리
- 유관 부서 및 외부 파트너와 기준·일정·결과물 조율
- 검토 회의 운영과 의사결정 근거·변경 이력 문서화
- 성과지표 설정 및 결과 데이터 분석을 통한 개선안 제안
- 업무상 리스크 사전 점검과 문제 발생 시 원인 분석·후속 조치
- 재사용 가능한 체크리스트·가이드·템플릿 정비
- 고객 또는 내부 사용자의 피드백을 반영한 결과물 품질 개선","- 퍼널 분석·실험·전환율 개선 관련 지식 또는 프로젝트·실무 경험을 보유한 분
- 이벤트 로그·코호트·A/B 테스트를 정확히 해석하고 업무 문서로 구조화할 수 있는 분
- SQL·Python·Amplitude 중 직무에 필요한 도구를 실무에 적용할 수 있는 분
- 유관 부서와 쟁점을 명확히 설명하고 일정에 맞춰 협업할 수 있는 분
- 문제 원인을 근거에 따라 분석하고 실행 가능한 대안을 제시할 수 있는 분","- SQLD 보유자
- ADsP 보유자
- Google Analytics Certification 보유자
- 퍼널 분석·실험·전환율 개선 관련 프로젝트를 기획부터 결과 검토까지 수행한 경험","- 지원 자격 또는 필수 면허 요건을 충족하지 못한 경우
- 전형 과정에서 타인의 결과물을 무단 사용한 경우
- 채용검진 결과 담당 업무 수행이 곤란한 경우
- 관계 법령상 취업이 제한되는 경우",서류전형 > 직무과제 > 실무면접 > 처우협의
그로스해커 공개채용,12,44,20260915,20261027,13,경력 2년 이상,정규직,인천광역시,학사 이상,"브랜드 사업 조직에서 퍼널 분석·실험·전환율 개선을 담당할 그로스해커를 모집합니다. 이 포지션은 현장의 요구를 실행 가능한 계획과 결과물로 연결하는 역할입니다.

담당 범위는 이벤트 로그·코호트·A/B 테스트를 바탕으로 기준을 수립하고, 우선순위에 따라 과제를 실행하며 품질과 일정을 함께 관리하는 것입니다.

마케팅·광고·MD 조직의 동료와 재무·영업·개발·운영 등 유관 부서, 필요한 경우 외부 파트너와 협업해 의사결정에 필요한 정보를 정리합니다.

이슈가 발생하면 사실과 데이터를 먼저 확인하고 원인을 구분한 뒤, 대안을 비교해 합의된 조치를 실행하고 재발 방지 내용을 문서화합니다.

입사 초기에는 기존 자료와 업무 흐름을 파악하고 SQL·Python·Amplitude 환경을 익힌 뒤, 담당 영역의 개선 과제와 표준화 작업을 단계적으로 주도합니다.

성과는 결과물의 정확성, 일정 준수, 이해관계자와의 명확한 소통, 사용자와 사업에 미치는 영향을 기준으로 평가합니다.","- 유관 부서 및 외부 파트너와 기준·일정·결과물 조율
- 검토 회의 운영과 의사결정 근거·변경 이력 문서화
- 성과지표 설정 및 결과 데이터 분석을 통한 개선안 제안
- 업무상 리스크 사전 점검과 문제 발생 시 원인 분석·후속 조치
- 재사용 가능한 체크리스트·가이드·템플릿 정비
- 고객 또는 내부 사용자의 피드백을 반영한 결과물 품질 개선
- 퍼널 분석·실험·전환율 개선 관련 연간·분기 실행계획 수립
- 이벤트 로그·코호트·A/B 테스트 수집·정리 및 핵심 이슈 분석","- 퍼널 분석·실험·전환율 개선 관련 지식 또는 프로젝트·실무 경험을 보유한 분
- 이벤트 로그·코호트·A/B 테스트를 정확히 해석하고 업무 문서로 구조화할 수 있는 분
- SQL·Python·Amplitude 중 직무에 필요한 도구를 실무에 적용할 수 있는 분
- 유관 부서와 쟁점을 명확히 설명하고 일정에 맞춰 협업할 수 있는 분
- 문제 원인을 근거에 따라 분석하고 실행 가능한 대안을 제시할 수 있는 분
- 업무상 취급하는 개인정보와 기밀정보를 안전하게 관리할 수 있는 분","- ADsP 보유자
- Google Analytics Certification 보유자
- SQLD 보유자
- 퍼널 분석·실험·전환율 개선 관련 프로젝트를 기획부터 결과 검토까지 수행한 경험
- SQL·Python·Amplitude를 활용해 반복 업무를 개선하거나 품질 기준을 정립한 경험","- 지원서 또는 제출서류를 허위로 기재한 경우
- 채용 과정에서 부정한 방법을 사용한 경우
- 채용검진 결과 직무 수행이 어렵다고 판단되는 경우
- 관련 법령 또는 내부 인사규정상 채용이 불가능한 경우",서류전형 > 1차면접 > 2차면접 > 채용검진
그로스해커 프로젝트 담당 모집,40,44,20261120,20270104,16,경력 3년 이상,무기계약직,대전광역시,석사 이상,"지역 기반 전문기관에서 퍼널 분석·실험·전환율 개선을 담당할 그로스해커를 모집합니다. 이 포지션은 현장의 요구를 실행 가능한 계획과 결과물로 연결하는 역할입니다.

담당 범위는 이벤트 로그·코호트·A/B 테스트를 바탕으로 기준을 수립하고, 우선순위에 따라 과제를 실행하며 품질과 일정을 함께 관리하는 것입니다.

마케팅·광고·MD 조직의 동료와 재무·영업·개발·운영 등 유관 부서, 필요한 경우 외부 파트너와 협업해 의사결정에 필요한 정보를 정리합니다.

이슈가 발생하면 사실과 데이터를 먼저 확인하고 원인을 구분한 뒤, 대안을 비교해 합의된 조치를 실행하고 재발 방지 내용을 문서화합니다.

입사 초기에는 기존 자료와 업무 흐름을 파악하고 SQL·Python·Amplitude 환경을 익힌 뒤, 담당 영역의 개선 과제와 표준화 작업을 단계적으로 주도합니다.

성과는 결과물의 정확성, 일정 준수, 이해관계자와의 명확한 소통, 사용자와 사업에 미치는 영향을 기준으로 평가합니다.","- 검토 회의 운영과 의사결정 근거·변경 이력 문서화
- 성과지표 설정 및 결과 데이터 분석을 통한 개선안 제안
- 업무상 리스크 사전 점검과 문제 발생 시 원인 분석·후속 조치
- 재사용 가능한 체크리스트·가이드·템플릿 정비
- 고객 또는 내부 사용자의 피드백을 반영한 결과물 품질 개선
- 퍼널 분석·실험·전환율 개선 관련 연간·분기 실행계획 수립
- 이벤트 로그·코호트·A/B 테스트 수집·정리 및 핵심 이슈 분석
- SQL·Python·Amplitude를 활용한 업무 산출물 작성과 버전 관리
- 요구사항을 세부 과제와 일정으로 구체화하고 진행 현황 관리","- 퍼널 분석·실험·전환율 개선 관련 지식 또는 프로젝트·실무 경험을 보유한 분
- 이벤트 로그·코호트·A/B 테스트를 정확히 해석하고 업무 문서로 구조화할 수 있는 분
- SQL·Python·Amplitude 중 직무에 필요한 도구를 실무에 적용할 수 있는 분
- 유관 부서와 쟁점을 명확히 설명하고 일정에 맞춰 협업할 수 있는 분
- 문제 원인을 근거에 따라 분석하고 실행 가능한 대안을 제시할 수 있는 분
- 업무상 취급하는 개인정보와 기밀정보를 안전하게 관리할 수 있는 분
- 그로스해커 또는 유사 분야의 3년 이상 실무 경험을 보유한 분","- Google Analytics Certification 보유자
- SQLD 보유자
- ADsP 보유자
- 퍼널 분석·실험·전환율 개선 관련 프로젝트를 기획부터 결과 검토까지 수행한 경험
- SQL·Python·Amplitude를 활용해 반복 업무를 개선하거나 품질 기준을 정립한 경험
- 외부 파트너 또는 다양한 이해관계자와 복잡한 요구사항을 조율한 경험","- 제출한 경력·자격 증빙이 사실과 다른 경우
- 정해진 기한까지 필수 증빙서류를 제출하지 않은 경우
- 해외여행 및 근무에 결격사유가 있는 경우
- 채용 관련 비밀유지 의무를 위반한 경우",서류전형 > 필기전형 > 면접전형 > 최종합격
그로스해커 운영 담당자 채용,52,44,20260202,20260214,19,신입,정규직,부산광역시,학력무관,"디지털 서비스 조직에서 퍼널 분석·실험·전환율 개선을 담당할 그로스해커를 모집합니다. 이 포지션은 현장의 요구를 실행 가능한 계획과 결과물로 연결하는 역할입니다.

담당 범위는 이벤트 로그·코호트·A/B 테스트를 바탕으로 기준을 수립하고, 우선순위에 따라 과제를 실행하며 품질과 일정을 함께 관리하는 것입니다.

마케팅·광고·MD 조직의 동료와 재무·영업·개발·운영 등 유관 부서, 필요한 경우 외부 파트너와 협업해 의사결정에 필요한 정보를 정리합니다.

이슈가 발생하면 사실과 데이터를 먼저 확인하고 원인을 구분한 뒤, 대안을 비교해 합의된 조치를 실행하고 재발 방지 내용을 문서화합니다.

입사 초기에는 기존 자료와 업무 흐름을 파악하고 SQL·Python·Amplitude 환경을 익힌 뒤, 담당 영역의 개선 과제와 표준화 작업을 단계적으로 주도합니다.

성과는 결과물의 정확성, 일정 준수, 이해관계자와의 명확한 소통, 사용자와 사업에 미치는 영향을 기준으로 평가합니다.","- 성과지표 설정 및 결과 데이터 분석을 통한 개선안 제안
- 업무상 리스크 사전 점검과 문제 발생 시 원인 분석·후속 조치
- 재사용 가능한 체크리스트·가이드·템플릿 정비
- 고객 또는 내부 사용자의 피드백을 반영한 결과물 품질 개선
- 퍼널 분석·실험·전환율 개선 관련 연간·분기 실행계획 수립
- 이벤트 로그·코호트·A/B 테스트 수집·정리 및 핵심 이슈 분석
- SQL·Python·Amplitude를 활용한 업무 산출물 작성과 버전 관리","- 퍼널 분석·실험·전환율 개선 관련 지식 또는 프로젝트·실무 경험을 보유한 분
- 이벤트 로그·코호트·A/B 테스트를 정확히 해석하고 업무 문서로 구조화할 수 있는 분
- SQL·Python·Amplitude 중 직무에 필요한 도구를 실무에 적용할 수 있는 분
- 유관 부서와 쟁점을 명확히 설명하고 일정에 맞춰 협업할 수 있는 분
- 문제 원인을 근거에 따라 분석하고 실행 가능한 대안을 제시할 수 있는 분","- SQLD 보유자
- ADsP 보유자
- Google Analytics Certification 보유자
- 퍼널 분석·실험·전환율 개선 관련 프로젝트를 기획부터 결과 검토까지 수행한 경험","- 지원 자격 또는 필수 면허 요건을 충족하지 못한 경우
- 전형 과정에서 타인의 결과물을 무단 사용한 경우
- 채용검진 결과 담당 업무 수행이 곤란한 경우
- 관계 법령상 취업이 제한되는 경우",서류전형 > 실무면접 > 최종면접
그로스해커 핵심인재 모집,116,44,20260407,20260422,2,경력 2년 이상,계약직,광주광역시,전문학사 이상,"성장 단계 스타트업에서 퍼널 분석·실험·전환율 개선을 담당할 그로스해커를 모집합니다. 이 포지션은 현장의 요구를 실행 가능한 계획과 결과물로 연결하는 역할입니다.

담당 범위는 이벤트 로그·코호트·A/B 테스트를 바탕으로 기준을 수립하고, 우선순위에 따라 과제를 실행하며 품질과 일정을 함께 관리하는 것입니다.

마케팅·광고·MD 조직의 동료와 재무·영업·개발·운영 등 유관 부서, 필요한 경우 외부 파트너와 협업해 의사결정에 필요한 정보를 정리합니다.

이슈가 발생하면 사실과 데이터를 먼저 확인하고 원인을 구분한 뒤, 대안을 비교해 합의된 조치를 실행하고 재발 방지 내용을 문서화합니다.

입사 초기에는 기존 자료와 업무 흐름을 파악하고 SQL·Python·Amplitude 환경을 익힌 뒤, 담당 영역의 개선 과제와 표준화 작업을 단계적으로 주도합니다.

성과는 결과물의 정확성, 일정 준수, 이해관계자와의 명확한 소통, 사용자와 사업에 미치는 영향을 기준으로 평가합니다.","- 업무상 리스크 사전 점검과 문제 발생 시 원인 분석·후속 조치
- 재사용 가능한 체크리스트·가이드·템플릿 정비
- 고객 또는 내부 사용자의 피드백을 반영한 결과물 품질 개선
- 퍼널 분석·실험·전환율 개선 관련 연간·분기 실행계획 수립
- 이벤트 로그·코호트·A/B 테스트 수집·정리 및 핵심 이슈 분석
- SQL·Python·Amplitude를 활용한 업무 산출물 작성과 버전 관리
- 요구사항을 세부 과제와 일정으로 구체화하고 진행 현황 관리
- 유관 부서 및 외부 파트너와 기준·일정·결과물 조율","- 퍼널 분석·실험·전환율 개선 관련 지식 또는 프로젝트·실무 경험을 보유한 분
- 이벤트 로그·코호트·A/B 테스트를 정확히 해석하고 업무 문서로 구조화할 수 있는 분
- SQL·Python·Amplitude 중 직무에 필요한 도구를 실무에 적용할 수 있는 분
- 유관 부서와 쟁점을 명확히 설명하고 일정에 맞춰 협업할 수 있는 분
- 문제 원인을 근거에 따라 분석하고 실행 가능한 대안을 제시할 수 있는 분
- 업무상 취급하는 개인정보와 기밀정보를 안전하게 관리할 수 있는 분","- ADsP 보유자
- Google Analytics Certification 보유자
- SQLD 보유자
- 퍼널 분석·실험·전환율 개선 관련 프로젝트를 기획부터 결과 검토까지 수행한 경험
- SQL·Python·Amplitude를 활용해 반복 업무를 개선하거나 품질 기준을 정립한 경험","- 지원서 또는 제출서류를 허위로 기재한 경우
- 채용 과정에서 부정한 방법을 사용한 경우
- 채용검진 결과 직무 수행이 어렵다고 판단되는 경우
- 관련 법령 또는 내부 인사규정상 채용이 불가능한 경우",서류전형 > 인성검사 > 실무면접 > 최종면접
그로스해커 전문가 채용,60,44,20260612,20260630,5,신입·경력,정규직,세종특별자치시,학사 이상,"중견기업 전략 조직에서 퍼널 분석·실험·전환율 개선을 담당할 그로스해커를 모집합니다. 이 포지션은 현장의 요구를 실행 가능한 계획과 결과물로 연결하는 역할입니다.

담당 범위는 이벤트 로그·코호트·A/B 테스트를 바탕으로 기준을 수립하고, 우선순위에 따라 과제를 실행하며 품질과 일정을 함께 관리하는 것입니다.

마케팅·광고·MD 조직의 동료와 재무·영업·개발·운영 등 유관 부서, 필요한 경우 외부 파트너와 협업해 의사결정에 필요한 정보를 정리합니다.

이슈가 발생하면 사실과 데이터를 먼저 확인하고 원인을 구분한 뒤, 대안을 비교해 합의된 조치를 실행하고 재발 방지 내용을 문서화합니다.

입사 초기에는 기존 자료와 업무 흐름을 파악하고 SQL·Python·Amplitude 환경을 익힌 뒤, 담당 영역의 개선 과제와 표준화 작업을 단계적으로 주도합니다.

성과는 결과물의 정확성, 일정 준수, 이해관계자와의 명확한 소통, 사용자와 사업에 미치는 영향을 기준으로 평가합니다.","- 재사용 가능한 체크리스트·가이드·템플릿 정비
- 고객 또는 내부 사용자의 피드백을 반영한 결과물 품질 개선
- 퍼널 분석·실험·전환율 개선 관련 연간·분기 실행계획 수립
- 이벤트 로그·코호트·A/B 테스트 수집·정리 및 핵심 이슈 분석
- SQL·Python·Amplitude를 활용한 업무 산출물 작성과 버전 관리
- 요구사항을 세부 과제와 일정으로 구체화하고 진행 현황 관리
- 유관 부서 및 외부 파트너와 기준·일정·결과물 조율
- 검토 회의 운영과 의사결정 근거·변경 이력 문서화
- 성과지표 설정 및 결과 데이터 분석을 통한 개선안 제안","- 퍼널 분석·실험·전환율 개선 관련 지식 또는 프로젝트·실무 경험을 보유한 분
- 이벤트 로그·코호트·A/B 테스트를 정확히 해석하고 업무 문서로 구조화할 수 있는 분
- SQL·Python·Amplitude 중 직무에 필요한 도구를 실무에 적용할 수 있는 분
- 유관 부서와 쟁점을 명확히 설명하고 일정에 맞춰 협업할 수 있는 분
- 문제 원인을 근거에 따라 분석하고 실행 가능한 대안을 제시할 수 있는 분
- 업무상 취급하는 개인정보와 기밀정보를 안전하게 관리할 수 있는 분
- 그로스해커 또는 유사 분야의 신입·경력 실무 경험을 보유한 분","- Google Analytics Certification 보유자
- SQLD 보유자
- ADsP 보유자
- 퍼널 분석·실험·전환율 개선 관련 프로젝트를 기획부터 결과 검토까지 수행한 경험
- SQL·Python·Amplitude를 활용해 반복 업무를 개선하거나 품질 기준을 정립한 경험
- 외부 파트너 또는 다양한 이해관계자와 복잡한 요구사항을 조율한 경험","- 제출한 경력·자격 증빙이 사실과 다른 경우
- 정해진 기한까지 필수 증빙서류를 제출하지 않은 경우
- 해외여행 및 근무에 결격사유가 있는 경우
- 채용 관련 비밀유지 의무를 위반한 경우",서류전형 > 직무과제 > 실무면접 > 처우협의
그로스해커 신규 인력 모집,84,44,20260817,20260907,8,경력 3년 이상,무기계약직,충청남도,학사 이상,"공공서비스 운영기관에서 퍼널 분석·실험·전환율 개선을 담당할 그로스해커를 모집합니다. 이 포지션은 현장의 요구를 실행 가능한 계획과 결과물로 연결하는 역할입니다.

담당 범위는 이벤트 로그·코호트·A/B 테스트를 바탕으로 기준을 수립하고, 우선순위에 따라 과제를 실행하며 품질과 일정을 함께 관리하는 것입니다.

마케팅·광고·MD 조직의 동료와 재무·영업·개발·운영 등 유관 부서, 필요한 경우 외부 파트너와 협업해 의사결정에 필요한 정보를 정리합니다.

이슈가 발생하면 사실과 데이터를 먼저 확인하고 원인을 구분한 뒤, 대안을 비교해 합의된 조치를 실행하고 재발 방지 내용을 문서화합니다.

입사 초기에는 기존 자료와 업무 흐름을 파악하고 SQL·Python·Amplitude 환경을 익힌 뒤, 담당 영역의 개선 과제와 표준화 작업을 단계적으로 주도합니다.

성과는 결과물의 정확성, 일정 준수, 이해관계자와의 명확한 소통, 사용자와 사업에 미치는 영향을 기준으로 평가합니다.","- 고객 또는 내부 사용자의 피드백을 반영한 결과물 품질 개선
- 퍼널 분석·실험·전환율 개선 관련 연간·분기 실행계획 수립
- 이벤트 로그·코호트·A/B 테스트 수집·정리 및 핵심 이슈 분석
- SQL·Python·Amplitude를 활용한 업무 산출물 작성과 버전 관리
- 요구사항을 세부 과제와 일정으로 구체화하고 진행 현황 관리
- 유관 부서 및 외부 파트너와 기준·일정·결과물 조율
- 검토 회의 운영과 의사결정 근거·변경 이력 문서화","- 퍼널 분석·실험·전환율 개선 관련 지식 또는 프로젝트·실무 경험을 보유한 분
- 이벤트 로그·코호트·A/B 테스트를 정확히 해석하고 업무 문서로 구조화할 수 있는 분
- SQL·Python·Amplitude 중 직무에 필요한 도구를 실무에 적용할 수 있는 분
- 유관 부서와 쟁점을 명확히 설명하고 일정에 맞춰 협업할 수 있는 분
- 문제 원인을 근거에 따라 분석하고 실행 가능한 대안을 제시할 수 있는 분","- SQLD 보유자
- ADsP 보유자
- Google Analytics Certification 보유자
- 퍼널 분석·실험·전환율 개선 관련 프로젝트를 기획부터 결과 검토까지 수행한 경험","- 지원 자격 또는 필수 면허 요건을 충족하지 못한 경우
- 전형 과정에서 타인의 결과물을 무단 사용한 경우
- 채용검진 결과 담당 업무 수행이 곤란한 경우
- 관계 법령상 취업이 제한되는 경우",서류전형 > 1차면접 > 2차면접 > 채용검진
그래픽디자이너 담당자 모집,119,45,20260221,20260330,6,경력 5년 이상,기간제,서울특별시,학력무관,"글로벌 사업 조직에서 브랜드 그래픽·인쇄물 제작을 담당할 그래픽디자이너를 모집합니다. 이 포지션은 현장의 요구를 실행 가능한 계획과 결과물로 연결하는 역할입니다.

담당 범위는 디자인 브리프·이미지·출력 사양를 바탕으로 기준을 수립하고, 우선순위에 따라 과제를 실행하며 품질과 일정을 함께 관리하는 것입니다.

디자인 조직의 동료와 재무·영업·개발·운영 등 유관 부서, 필요한 경우 외부 파트너와 협업해 의사결정에 필요한 정보를 정리합니다.

이슈가 발생하면 사실과 데이터를 먼저 확인하고 원인을 구분한 뒤, 대안을 비교해 합의된 조치를 실행하고 재발 방지 내용을 문서화합니다.

입사 초기에는 기존 자료와 업무 흐름을 파악하고 Photoshop·Illustrator 환경을 익힌 뒤, 담당 영역의 개선 과제와 표준화 작업을 단계적으로 주도합니다.

성과는 결과물의 정확성, 일정 준수, 이해관계자와의 명확한 소통, 사용자와 사업에 미치는 영향을 기준으로 평가합니다.","- 브랜드 그래픽·인쇄물 제작 관련 연간·분기 실행계획 수립
- 디자인 브리프·이미지·출력 사양 수집·정리 및 핵심 이슈 분석
- Photoshop·Illustrator를 활용한 업무 산출물 작성과 버전 관리
- 요구사항을 세부 과제와 일정으로 구체화하고 진행 현황 관리
- 유관 부서 및 외부 파트너와 기준·일정·결과물 조율
- 검토 회의 운영과 의사결정 근거·변경 이력 문서화
- 성과지표 설정 및 결과 데이터 분석을 통한 개선안 제안","- 브랜드 그래픽·인쇄물 제작 관련 지식 또는 프로젝트·실무 경험을 보유한 분
- 디자인 브리프·이미지·출력 사양를 정확히 해석하고 업무 문서로 구조화할 수 있는 분
- Photoshop·Illustrator 중 직무에 필요한 도구를 실무에 적용할 수 있는 분
- 유관 부서와 쟁점을 명확히 설명하고 일정에 맞춰 협업할 수 있는 분
- 문제 원인을 근거에 따라 분석하고 실행 가능한 대안을 제시할 수 있는 분","- GTQ 그래픽기술자격 1급 보유자
- Adobe Certified Professional 보유자
- 시각디자인산업기사 보유자
- 브랜드 그래픽·인쇄물 제작 관련 프로젝트를 기획부터 결과 검토까지 수행한 경험","- 지원서 또는 제출서류를 허위로 기재한 경우
- 채용 과정에서 부정한 방법을 사용한 경우
- 채용검진 결과 직무 수행이 어렵다고 판단되는 경우
- 관련 법령 또는 내부 인사규정상 채용이 불가능한 경우",서류전형 > 실무면접 > 최종면접
그래픽디자이너 실무자 채용,152,45,20260403,20260513,9,경력,정규직,경기도,전문학사 이상,"연구개발 중심 조직에서 브랜드 그래픽·인쇄물 제작을 담당할 그래픽디자이너를 모집합니다. 이 포지션은 현장의 요구를 실행 가능한 계획과 결과물로 연결하는 역할입니다.

담당 범위는 디자인 브리프·이미지·출력 사양를 바탕으로 기준을 수립하고, 우선순위에 따라 과제를 실행하며 품질과 일정을 함께 관리하는 것입니다.

디자인 조직의 동료와 재무·영업·개발·운영 등 유관 부서, 필요한 경우 외부 파트너와 협업해 의사결정에 필요한 정보를 정리합니다.

이슈가 발생하면 사실과 데이터를 먼저 확인하고 원인을 구분한 뒤, 대안을 비교해 합의된 조치를 실행하고 재발 방지 내용을 문서화합니다.

입사 초기에는 기존 자료와 업무 흐름을 파악하고 Photoshop·Illustrator 환경을 익힌 뒤, 담당 영역의 개선 과제와 표준화 작업을 단계적으로 주도합니다.

성과는 결과물의 정확성, 일정 준수, 이해관계자와의 명확한 소통, 사용자와 사업에 미치는 영향을 기준으로 평가합니다.","- 디자인 브리프·이미지·출력 사양 수집·정리 및 핵심 이슈 분석
- Photoshop·Illustrator를 활용한 업무 산출물 작성과 버전 관리
- 요구사항을 세부 과제와 일정으로 구체화하고 진행 현황 관리
- 유관 부서 및 외부 파트너와 기준·일정·결과물 조율
- 검토 회의 운영과 의사결정 근거·변경 이력 문서화
- 성과지표 설정 및 결과 데이터 분석을 통한 개선안 제안
- 업무상 리스크 사전 점검과 문제 발생 시 원인 분석·후속 조치
- 재사용 가능한 체크리스트·가이드·템플릿 정비","- 브랜드 그래픽·인쇄물 제작 관련 지식 또는 프로젝트·실무 경험을 보유한 분
- 디자인 브리프·이미지·출력 사양를 정확히 해석하고 업무 문서로 구조화할 수 있는 분
- Photoshop·Illustrator 중 직무에 필요한 도구를 실무에 적용할 수 있는 분
- 유관 부서와 쟁점을 명확히 설명하고 일정에 맞춰 협업할 수 있는 분
- 문제 원인을 근거에 따라 분석하고 실행 가능한 대안을 제시할 수 있는 분
- 업무상 취급하는 개인정보와 기밀정보를 안전하게 관리할 수 있는 분","- Adobe Certified Professional 보유자
- 시각디자인산업기사 보유자
- GTQ 그래픽기술자격 1급 보유자
- 브랜드 그래픽·인쇄물 제작 관련 프로젝트를 기획부터 결과 검토까지 수행한 경험
- Photoshop·Illustrator를 활용해 반복 업무를 개선하거나 품질 기준을 정립한 경험","- 제출한 경력·자격 증빙이 사실과 다른 경우
- 정해진 기한까지 필수 증빙서류를 제출하지 않은 경우
- 해외여행 및 근무에 결격사유가 있는 경우
- 채용 관련 비밀유지 의무를 위반한 경우",서류전형 > 인성검사 > 실무면접 > 최종면접
그래픽디자이너 전문인력 모집,100,45,20260608,20260721,12,신입·경력,계약직,인천광역시,학사 이상,"플랫폼 운영 조직에서 브랜드 그래픽·인쇄물 제작을 담당할 그래픽디자이너를 모집합니다. 이 포지션은 현장의 요구를 실행 가능한 계획과 결과물로 연결하는 역할입니다.

담당 범위는 디자인 브리프·이미지·출력 사양를 바탕으로 기준을 수립하고, 우선순위에 따라 과제를 실행하며 품질과 일정을 함께 관리하는 것입니다.

디자인 조직의 동료와 재무·영업·개발·운영 등 유관 부서, 필요한 경우 외부 파트너와 협업해 의사결정에 필요한 정보를 정리합니다.

이슈가 발생하면 사실과 데이터를 먼저 확인하고 원인을 구분한 뒤, 대안을 비교해 합의된 조치를 실행하고 재발 방지 내용을 문서화합니다.

입사 초기에는 기존 자료와 업무 흐름을 파악하고 Photoshop·Illustrator 환경을 익힌 뒤, 담당 영역의 개선 과제와 표준화 작업을 단계적으로 주도합니다.

성과는 결과물의 정확성, 일정 준수, 이해관계자와의 명확한 소통, 사용자와 사업에 미치는 영향을 기준으로 평가합니다.","- Photoshop·Illustrator를 활용한 업무 산출물 작성과 버전 관리
- 요구사항을 세부 과제와 일정으로 구체화하고 진행 현황 관리
- 유관 부서 및 외부 파트너와 기준·일정·결과물 조율
- 검토 회의 운영과 의사결정 근거·변경 이력 문서화
- 성과지표 설정 및 결과 데이터 분석을 통한 개선안 제안
- 업무상 리스크 사전 점검과 문제 발생 시 원인 분석·후속 조치
- 재사용 가능한 체크리스트·가이드·템플릿 정비
- 고객 또는 내부 사용자의 피드백을 반영한 결과물 품질 개선
- 브랜드 그래픽·인쇄물 제작 관련 연간·분기 실행계획 수립","- 브랜드 그래픽·인쇄물 제작 관련 지식 또는 프로젝트·실무 경험을 보유한 분
- 디자인 브리프·이미지·출력 사양를 정확히 해석하고 업무 문서로 구조화할 수 있는 분
- Photoshop·Illustrator 중 직무에 필요한 도구를 실무에 적용할 수 있는 분
- 유관 부서와 쟁점을 명확히 설명하고 일정에 맞춰 협업할 수 있는 분
- 문제 원인을 근거에 따라 분석하고 실행 가능한 대안을 제시할 수 있는 분
- 업무상 취급하는 개인정보와 기밀정보를 안전하게 관리할 수 있는 분
- 그래픽디자이너 또는 유사 분야의 신입·경력 실무 경험을 보유한 분","- 시각디자인산업기사 보유자
- GTQ 그래픽기술자격 1급 보유자
- Adobe Certified Professional 보유자
- 브랜드 그래픽·인쇄물 제작 관련 프로젝트를 기획부터 결과 검토까지 수행한 경험
- Photoshop·Illustrator를 활용해 반복 업무를 개선하거나 품질 기준을 정립한 경험
- 외부 파트너 또는 다양한 이해관계자와 복잡한 요구사항을 조율한 경험","- 지원 자격 또는 필수 면허 요건을 충족하지 못한 경우
- 전형 과정에서 타인의 결과물을 무단 사용한 경우
- 채용검진 결과 담당 업무 수행이 곤란한 경우
- 관계 법령상 취업이 제한되는 경우",서류전형 > 직무과제 > 실무면접 > 처우협의
그래픽디자이너 인재 채용,139,45,20260813,20260823,15,경력 2년 이상,정규직,대전광역시,학사 이상,"브랜드 사업 조직에서 브랜드 그래픽·인쇄물 제작을 담당할 그래픽디자이너를 모집합니다. 이 포지션은 현장의 요구를 실행 가능한 계획과 결과물로 연결하는 역할입니다.

담당 범위는 디자인 브리프·이미지·출력 사양를 바탕으로 기준을 수립하고, 우선순위에 따라 과제를 실행하며 품질과 일정을 함께 관리하는 것입니다.

디자인 조직의 동료와 재무·영업·개발·운영 등 유관 부서, 필요한 경우 외부 파트너와 협업해 의사결정에 필요한 정보를 정리합니다.

이슈가 발생하면 사실과 데이터를 먼저 확인하고 원인을 구분한 뒤, 대안을 비교해 합의된 조치를 실행하고 재발 방지 내용을 문서화합니다.

입사 초기에는 기존 자료와 업무 흐름을 파악하고 Photoshop·Illustrator 환경을 익힌 뒤, 담당 영역의 개선 과제와 표준화 작업을 단계적으로 주도합니다.

성과는 결과물의 정확성, 일정 준수, 이해관계자와의 명확한 소통, 사용자와 사업에 미치는 영향을 기준으로 평가합니다.","- 요구사항을 세부 과제와 일정으로 구체화하고 진행 현황 관리
- 유관 부서 및 외부 파트너와 기준·일정·결과물 조율
- 검토 회의 운영과 의사결정 근거·변경 이력 문서화
- 성과지표 설정 및 결과 데이터 분석을 통한 개선안 제안
- 업무상 리스크 사전 점검과 문제 발생 시 원인 분석·후속 조치
- 재사용 가능한 체크리스트·가이드·템플릿 정비
- 고객 또는 내부 사용자의 피드백을 반영한 결과물 품질 개선","- 브랜드 그래픽·인쇄물 제작 관련 지식 또는 프로젝트·실무 경험을 보유한 분
- 디자인 브리프·이미지·출력 사양를 정확히 해석하고 업무 문서로 구조화할 수 있는 분
- Photoshop·Illustrator 중 직무에 필요한 도구를 실무에 적용할 수 있는 분
- 유관 부서와 쟁점을 명확히 설명하고 일정에 맞춰 협업할 수 있는 분
- 문제 원인을 근거에 따라 분석하고 실행 가능한 대안을 제시할 수 있는 분","- GTQ 그래픽기술자격 1급 보유자
- Adobe Certified Professional 보유자
- 시각디자인산업기사 보유자
- 브랜드 그래픽·인쇄물 제작 관련 프로젝트를 기획부터 결과 검토까지 수행한 경험","- 지원서 또는 제출서류를 허위로 기재한 경우
- 채용 과정에서 부정한 방법을 사용한 경우
- 채용검진 결과 직무 수행이 어렵다고 판단되는 경우
- 관련 법령 또는 내부 인사규정상 채용이 불가능한 경우",서류전형 > 1차면접 > 2차면접 > 채용검진
그래픽디자이너 공개채용,120,45,20261018,20261031,18,경력 3년 이상,무기계약직,부산광역시,석사 이상,"지역 기반 전문기관에서 브랜드 그래픽·인쇄물 제작을 담당할 그래픽디자이너를 모집합니다. 이 포지션은 현장의 요구를 실행 가능한 계획과 결과물로 연결하는 역할입니다.

담당 범위는 디자인 브리프·이미지·출력 사양를 바탕으로 기준을 수립하고, 우선순위에 따라 과제를 실행하며 품질과 일정을 함께 관리하는 것입니다.

디자인 조직의 동료와 재무·영업·개발·운영 등 유관 부서, 필요한 경우 외부 파트너와 협업해 의사결정에 필요한 정보를 정리합니다.

이슈가 발생하면 사실과 데이터를 먼저 확인하고 원인을 구분한 뒤, 대안을 비교해 합의된 조치를 실행하고 재발 방지 내용을 문서화합니다.

입사 초기에는 기존 자료와 업무 흐름을 파악하고 Photoshop·Illustrator 환경을 익힌 뒤, 담당 영역의 개선 과제와 표준화 작업을 단계적으로 주도합니다.

성과는 결과물의 정확성, 일정 준수, 이해관계자와의 명확한 소통, 사용자와 사업에 미치는 영향을 기준으로 평가합니다.","- 유관 부서 및 외부 파트너와 기준·일정·결과물 조율
- 검토 회의 운영과 의사결정 근거·변경 이력 문서화
- 성과지표 설정 및 결과 데이터 분석을 통한 개선안 제안
- 업무상 리스크 사전 점검과 문제 발생 시 원인 분석·후속 조치
- 재사용 가능한 체크리스트·가이드·템플릿 정비
- 고객 또는 내부 사용자의 피드백을 반영한 결과물 품질 개선
- 브랜드 그래픽·인쇄물 제작 관련 연간·분기 실행계획 수립
- 디자인 브리프·이미지·출력 사양 수집·정리 및 핵심 이슈 분석","- 브랜드 그래픽·인쇄물 제작 관련 지식 또는 프로젝트·실무 경험을 보유한 분
- 디자인 브리프·이미지·출력 사양를 정확히 해석하고 업무 문서로 구조화할 수 있는 분
- Photoshop·Illustrator 중 직무에 필요한 도구를 실무에 적용할 수 있는 분
- 유관 부서와 쟁점을 명확히 설명하고 일정에 맞춰 협업할 수 있는 분
- 문제 원인을 근거에 따라 분석하고 실행 가능한 대안을 제시할 수 있는 분
- 업무상 취급하는 개인정보와 기밀정보를 안전하게 관리할 수 있는 분","- Adobe Certified Professional 보유자
- 시각디자인산업기사 보유자
- GTQ 그래픽기술자격 1급 보유자
- 브랜드 그래픽·인쇄물 제작 관련 프로젝트를 기획부터 결과 검토까지 수행한 경험
- Photoshop·Illustrator를 활용해 반복 업무를 개선하거나 품질 기준을 정립한 경험","- 제출한 경력·자격 증빙이 사실과 다른 경우
- 정해진 기한까지 필수 증빙서류를 제출하지 않은 경우
- 해외여행 및 근무에 결격사유가 있는 경우
- 채용 관련 비밀유지 의무를 위반한 경우",서류전형 > 필기전형 > 면접전형 > 최종합격
그래픽디자이너 프로젝트 담당 모집,75,45,20260123,20260208,1,신입,정규직,광주광역시,학력무관,"디지털 서비스 조직에서 브랜드 그래픽·인쇄물 제작을 담당할 그래픽디자이너를 모집합니다. 이 포지션은 현장의 요구를 실행 가능한 계획과 결과물로 연결하는 역할입니다.

담당 범위는 디자인 브리프·이미지·출력 사양를 바탕으로 기준을 수립하고, 우선순위에 따라 과제를 실행하며 품질과 일정을 함께 관리하는 것입니다.

디자인 조직의 동료와 재무·영업·개발·운영 등 유관 부서, 필요한 경우 외부 파트너와 협업해 의사결정에 필요한 정보를 정리합니다.

이슈가 발생하면 사실과 데이터를 먼저 확인하고 원인을 구분한 뒤, 대안을 비교해 합의된 조치를 실행하고 재발 방지 내용을 문서화합니다.

입사 초기에는 기존 자료와 업무 흐름을 파악하고 Photoshop·Illustrator 환경을 익힌 뒤, 담당 영역의 개선 과제와 표준화 작업을 단계적으로 주도합니다.

성과는 결과물의 정확성, 일정 준수, 이해관계자와의 명확한 소통, 사용자와 사업에 미치는 영향을 기준으로 평가합니다.","- 검토 회의 운영과 의사결정 근거·변경 이력 문서화
- 성과지표 설정 및 결과 데이터 분석을 통한 개선안 제안
- 업무상 리스크 사전 점검과 문제 발생 시 원인 분석·후속 조치
- 재사용 가능한 체크리스트·가이드·템플릿 정비
- 고객 또는 내부 사용자의 피드백을 반영한 결과물 품질 개선
- 브랜드 그래픽·인쇄물 제작 관련 연간·분기 실행계획 수립
- 디자인 브리프·이미지·출력 사양 수집·정리 및 핵심 이슈 분석
- Photoshop·Illustrator를 활용한 업무 산출물 작성과 버전 관리
- 요구사항을 세부 과제와 일정으로 구체화하고 진행 현황 관리","- 브랜드 그래픽·인쇄물 제작 관련 지식 또는 프로젝트·실무 경험을 보유한 분
- 디자인 브리프·이미지·출력 사양를 정확히 해석하고 업무 문서로 구조화할 수 있는 분
- Photoshop·Illustrator 중 직무에 필요한 도구를 실무에 적용할 수 있는 분
- 유관 부서와 쟁점을 명확히 설명하고 일정에 맞춰 협업할 수 있는 분
- 문제 원인을 근거에 따라 분석하고 실행 가능한 대안을 제시할 수 있는 분
- 업무상 취급하는 개인정보와 기밀정보를 안전하게 관리할 수 있는 분
- 새로운 업무 기준과 도구를 빠르게 학습할 수 있는 분","- 시각디자인산업기사 보유자
- GTQ 그래픽기술자격 1급 보유자
- Adobe Certified Professional 보유자
- 브랜드 그래픽·인쇄물 제작 관련 프로젝트를 기획부터 결과 검토까지 수행한 경험
- Photoshop·Illustrator를 활용해 반복 업무를 개선하거나 품질 기준을 정립한 경험
- 외부 파트너 또는 다양한 이해관계자와 복잡한 요구사항을 조율한 경험","- 지원 자격 또는 필수 면허 요건을 충족하지 못한 경우
- 전형 과정에서 타인의 결과물을 무단 사용한 경우
- 채용검진 결과 담당 업무 수행이 곤란한 경우
- 관계 법령상 취업이 제한되는 경우",서류전형 > 실무면접 > 최종면접
그래픽디자이너 운영 담당자 채용,146,45,20260305,20260324,4,경력 2년 이상,계약직,세종특별자치시,전문학사 이상,"성장 단계 스타트업에서 브랜드 그래픽·인쇄물 제작을 담당할 그래픽디자이너를 모집합니다. 이 포지션은 현장의 요구를 실행 가능한 계획과 결과물로 연결하는 역할입니다.

담당 범위는 디자인 브리프·이미지·출력 사양를 바탕으로 기준을 수립하고, 우선순위에 따라 과제를 실행하며 품질과 일정을 함께 관리하는 것입니다.

디자인 조직의 동료와 재무·영업·개발·운영 등 유관 부서, 필요한 경우 외부 파트너와 협업해 의사결정에 필요한 정보를 정리합니다.

이슈가 발생하면 사실과 데이터를 먼저 확인하고 원인을 구분한 뒤, 대안을 비교해 합의된 조치를 실행하고 재발 방지 내용을 문서화합니다.

입사 초기에는 기존 자료와 업무 흐름을 파악하고 Photoshop·Illustrator 환경을 익힌 뒤, 담당 영역의 개선 과제와 표준화 작업을 단계적으로 주도합니다.

성과는 결과물의 정확성, 일정 준수, 이해관계자와의 명확한 소통, 사용자와 사업에 미치는 영향을 기준으로 평가합니다.","- 성과지표 설정 및 결과 데이터 분석을 통한 개선안 제안
- 업무상 리스크 사전 점검과 문제 발생 시 원인 분석·후속 조치
- 재사용 가능한 체크리스트·가이드·템플릿 정비
- 고객 또는 내부 사용자의 피드백을 반영한 결과물 품질 개선
- 브랜드 그래픽·인쇄물 제작 관련 연간·분기 실행계획 수립
- 디자인 브리프·이미지·출력 사양 수집·정리 및 핵심 이슈 분석
- Photoshop·Illustrator를 활용한 업무 산출물 작성과 버전 관리","- 브랜드 그래픽·인쇄물 제작 관련 지식 또는 프로젝트·실무 경험을 보유한 분
- 디자인 브리프·이미지·출력 사양를 정확히 해석하고 업무 문서로 구조화할 수 있는 분
- Photoshop·Illustrator 중 직무에 필요한 도구를 실무에 적용할 수 있는 분
- 유관 부서와 쟁점을 명확히 설명하고 일정에 맞춰 협업할 수 있는 분
- 문제 원인을 근거에 따라 분석하고 실행 가능한 대안을 제시할 수 있는 분","- GTQ 그래픽기술자격 1급 보유자
- Adobe Certified Professional 보유자
- 시각디자인산업기사 보유자
- 브랜드 그래픽·인쇄물 제작 관련 프로젝트를 기획부터 결과 검토까지 수행한 경험","- 지원서 또는 제출서류를 허위로 기재한 경우
- 채용 과정에서 부정한 방법을 사용한 경우
- 채용검진 결과 직무 수행이 어렵다고 판단되는 경우
- 관련 법령 또는 내부 인사규정상 채용이 불가능한 경우",서류전형 > 인성검사 > 실무면접 > 최종면접
그래픽디자이너 핵심인재 모집,42,45,20260510,20260601,7,신입·경력,정규직,충청남도,학사 이상,"중견기업 전략 조직에서 브랜드 그래픽·인쇄물 제작을 담당할 그래픽디자이너를 모집합니다. 이 포지션은 현장의 요구를 실행 가능한 계획과 결과물로 연결하는 역할입니다.

담당 범위는 디자인 브리프·이미지·출력 사양를 바탕으로 기준을 수립하고, 우선순위에 따라 과제를 실행하며 품질과 일정을 함께 관리하는 것입니다.

디자인 조직의 동료와 재무·영업·개발·운영 등 유관 부서, 필요한 경우 외부 파트너와 협업해 의사결정에 필요한 정보를 정리합니다.

이슈가 발생하면 사실과 데이터를 먼저 확인하고 원인을 구분한 뒤, 대안을 비교해 합의된 조치를 실행하고 재발 방지 내용을 문서화합니다.

입사 초기에는 기존 자료와 업무 흐름을 파악하고 Photoshop·Illustrator 환경을 익힌 뒤, 담당 영역의 개선 과제와 표준화 작업을 단계적으로 주도합니다.

성과는 결과물의 정확성, 일정 준수, 이해관계자와의 명확한 소통, 사용자와 사업에 미치는 영향을 기준으로 평가합니다.","- 업무상 리스크 사전 점검과 문제 발생 시 원인 분석·후속 조치
- 재사용 가능한 체크리스트·가이드·템플릿 정비
- 고객 또는 내부 사용자의 피드백을 반영한 결과물 품질 개선
- 브랜드 그래픽·인쇄물 제작 관련 연간·분기 실행계획 수립
- 디자인 브리프·이미지·출력 사양 수집·정리 및 핵심 이슈 분석
- Photoshop·Illustrator를 활용한 업무 산출물 작성과 버전 관리
- 요구사항을 세부 과제와 일정으로 구체화하고 진행 현황 관리
- 유관 부서 및 외부 파트너와 기준·일정·결과물 조율","- 브랜드 그래픽·인쇄물 제작 관련 지식 또는 프로젝트·실무 경험을 보유한 분
- 디자인 브리프·이미지·출력 사양를 정확히 해석하고 업무 문서로 구조화할 수 있는 분
- Photoshop·Illustrator 중 직무에 필요한 도구를 실무에 적용할 수 있는 분
- 유관 부서와 쟁점을 명확히 설명하고 일정에 맞춰 협업할 수 있는 분
- 문제 원인을 근거에 따라 분석하고 실행 가능한 대안을 제시할 수 있는 분
- 업무상 취급하는 개인정보와 기밀정보를 안전하게 관리할 수 있는 분","- Adobe Certified Professional 보유자
- 시각디자인산업기사 보유자
- GTQ 그래픽기술자격 1급 보유자
- 브랜드 그래픽·인쇄물 제작 관련 프로젝트를 기획부터 결과 검토까지 수행한 경험
- Photoshop·Illustrator를 활용해 반복 업무를 개선하거나 품질 기준을 정립한 경험","- 제출한 경력·자격 증빙이 사실과 다른 경우
- 정해진 기한까지 필수 증빙서류를 제출하지 않은 경우
- 해외여행 및 근무에 결격사유가 있는 경우
- 채용 관련 비밀유지 의무를 위반한 경우",서류전형 > 직무과제 > 실무면접 > 처우협의
그래픽디자이너 전문가 채용,156,45,20260715,20260809,10,경력 3년 이상,무기계약직,경상남도,학사 이상,"공공서비스 운영기관에서 브랜드 그래픽·인쇄물 제작을 담당할 그래픽디자이너를 모집합니다. 이 포지션은 현장의 요구를 실행 가능한 계획과 결과물로 연결하는 역할입니다.

담당 범위는 디자인 브리프·이미지·출력 사양를 바탕으로 기준을 수립하고, 우선순위에 따라 과제를 실행하며 품질과 일정을 함께 관리하는 것입니다.

디자인 조직의 동료와 재무·영업·개발·운영 등 유관 부서, 필요한 경우 외부 파트너와 협업해 의사결정에 필요한 정보를 정리합니다.

이슈가 발생하면 사실과 데이터를 먼저 확인하고 원인을 구분한 뒤, 대안을 비교해 합의된 조치를 실행하고 재발 방지 내용을 문서화합니다.

입사 초기에는 기존 자료와 업무 흐름을 파악하고 Photoshop·Illustrator 환경을 익힌 뒤, 담당 영역의 개선 과제와 표준화 작업을 단계적으로 주도합니다.

성과는 결과물의 정확성, 일정 준수, 이해관계자와의 명확한 소통, 사용자와 사업에 미치는 영향을 기준으로 평가합니다.","- 재사용 가능한 체크리스트·가이드·템플릿 정비
- 고객 또는 내부 사용자의 피드백을 반영한 결과물 품질 개선
- 브랜드 그래픽·인쇄물 제작 관련 연간·분기 실행계획 수립
- 디자인 브리프·이미지·출력 사양 수집·정리 및 핵심 이슈 분석
- Photoshop·Illustrator를 활용한 업무 산출물 작성과 버전 관리
- 요구사항을 세부 과제와 일정으로 구체화하고 진행 현황 관리
- 유관 부서 및 외부 파트너와 기준·일정·결과물 조율
- 검토 회의 운영과 의사결정 근거·변경 이력 문서화
- 성과지표 설정 및 결과 데이터 분석을 통한 개선안 제안","- 브랜드 그래픽·인쇄물 제작 관련 지식 또는 프로젝트·실무 경험을 보유한 분
- 디자인 브리프·이미지·출력 사양를 정확히 해석하고 업무 문서로 구조화할 수 있는 분
- Photoshop·Illustrator 중 직무에 필요한 도구를 실무에 적용할 수 있는 분
- 유관 부서와 쟁점을 명확히 설명하고 일정에 맞춰 협업할 수 있는 분
- 문제 원인을 근거에 따라 분석하고 실행 가능한 대안을 제시할 수 있는 분
- 업무상 취급하는 개인정보와 기밀정보를 안전하게 관리할 수 있는 분
- 그래픽디자이너 또는 유사 분야의 3년 이상 실무 경험을 보유한 분","- 시각디자인산업기사 보유자
- GTQ 그래픽기술자격 1급 보유자
- Adobe Certified Professional 보유자
- 브랜드 그래픽·인쇄물 제작 관련 프로젝트를 기획부터 결과 검토까지 수행한 경험
- Photoshop·Illustrator를 활용해 반복 업무를 개선하거나 품질 기준을 정립한 경험
- 외부 파트너 또는 다양한 이해관계자와 복잡한 요구사항을 조율한 경험","- 지원 자격 또는 필수 면허 요건을 충족하지 못한 경우
- 전형 과정에서 타인의 결과물을 무단 사용한 경우
- 채용검진 결과 담당 업무 수행이 곤란한 경우
- 관계 법령상 취업이 제한되는 경우",서류전형 > 1차면접 > 2차면접 > 채용검진
그래픽디자이너 신규 인력 모집,31,45,20260920,20261018,13,경력 무관,정규직,제주특별자치도,석사 이상,"전문 컨설팅 조직에서 브랜드 그래픽·인쇄물 제작을 담당할 그래픽디자이너를 모집합니다. 이 포지션은 현장의 요구를 실행 가능한 계획과 결과물로 연결하는 역할입니다.

담당 범위는 디자인 브리프·이미지·출력 사양를 바탕으로 기준을 수립하고, 우선순위에 따라 과제를 실행하며 품질과 일정을 함께 관리하는 것입니다.

디자인 조직의 동료와 재무·영업·개발·운영 등 유관 부서, 필요한 경우 외부 파트너와 협업해 의사결정에 필요한 정보를 정리합니다.

이슈가 발생하면 사실과 데이터를 먼저 확인하고 원인을 구분한 뒤, 대안을 비교해 합의된 조치를 실행하고 재발 방지 내용을 문서화합니다.

입사 초기에는 기존 자료와 업무 흐름을 파악하고 Photoshop·Illustrator 환경을 익힌 뒤, 담당 영역의 개선 과제와 표준화 작업을 단계적으로 주도합니다.

성과는 결과물의 정확성, 일정 준수, 이해관계자와의 명확한 소통, 사용자와 사업에 미치는 영향을 기준으로 평가합니다.","- 고객 또는 내부 사용자의 피드백을 반영한 결과물 품질 개선
- 브랜드 그래픽·인쇄물 제작 관련 연간·분기 실행계획 수립
- 디자인 브리프·이미지·출력 사양 수집·정리 및 핵심 이슈 분석
- Photoshop·Illustrator를 활용한 업무 산출물 작성과 버전 관리
- 요구사항을 세부 과제와 일정으로 구체화하고 진행 현황 관리
- 유관 부서 및 외부 파트너와 기준·일정·결과물 조율
- 검토 회의 운영과 의사결정 근거·변경 이력 문서화","- 브랜드 그래픽·인쇄물 제작 관련 지식 또는 프로젝트·실무 경험을 보유한 분
- 디자인 브리프·이미지·출력 사양를 정확히 해석하고 업무 문서로 구조화할 수 있는 분
- Photoshop·Illustrator 중 직무에 필요한 도구를 실무에 적용할 수 있는 분
- 유관 부서와 쟁점을 명확히 설명하고 일정에 맞춰 협업할 수 있는 분
- 문제 원인을 근거에 따라 분석하고 실행 가능한 대안을 제시할 수 있는 분","- GTQ 그래픽기술자격 1급 보유자
- Adobe Certified Professional 보유자
- 시각디자인산업기사 보유자
- 브랜드 그래픽·인쇄물 제작 관련 프로젝트를 기획부터 결과 검토까지 수행한 경험","- 지원서 또는 제출서류를 허위로 기재한 경우
- 채용 과정에서 부정한 방법을 사용한 경우
- 채용검진 결과 직무 수행이 어렵다고 판단되는 경우
- 관련 법령 또는 내부 인사규정상 채용이 불가능한 경우",서류전형 > 필기전형 > 면접전형 > 최종합격
3D디자이너 담당자 모집,142,46,20260301,20260414,11,경력,정규직,인천광역시,전문학사 이상,"연구개발 중심 조직에서 3D 모델링·텍스처·렌더링을 담당할 3D디자이너를 모집합니다. 이 포지션은 현장의 요구를 실행 가능한 계획과 결과물로 연결하는 역할입니다.

담당 범위는 모델·재질·라이팅 레퍼런스를 바탕으로 기준을 수립하고, 우선순위에 따라 과제를 실행하며 품질과 일정을 함께 관리하는 것입니다.

디자인 조직의 동료와 재무·영업·개발·운영 등 유관 부서, 필요한 경우 외부 파트너와 협업해 의사결정에 필요한 정보를 정리합니다.

이슈가 발생하면 사실과 데이터를 먼저 확인하고 원인을 구분한 뒤, 대안을 비교해 합의된 조치를 실행하고 재발 방지 내용을 문서화합니다.

입사 초기에는 기존 자료와 업무 흐름을 파악하고 3ds Max·Maya·Blender 환경을 익힌 뒤, 담당 영역의 개선 과제와 표준화 작업을 단계적으로 주도합니다.

성과는 결과물의 정확성, 일정 준수, 이해관계자와의 명확한 소통, 사용자와 사업에 미치는 영향을 기준으로 평가합니다.","- 3D 모델링·텍스처·렌더링 관련 연간·분기 실행계획 수립
- 모델·재질·라이팅 레퍼런스 수집·정리 및 핵심 이슈 분석
- 3ds Max·Maya·Blender를 활용한 업무 산출물 작성과 버전 관리
- 요구사항을 세부 과제와 일정으로 구체화하고 진행 현황 관리
- 유관 부서 및 외부 파트너와 기준·일정·결과물 조율
- 검토 회의 운영과 의사결정 근거·변경 이력 문서화
- 성과지표 설정 및 결과 데이터 분석을 통한 개선안 제안","- 3D 모델링·텍스처·렌더링 관련 지식 또는 프로젝트·실무 경험을 보유한 분
- 모델·재질·라이팅 레퍼런스를 정확히 해석하고 업무 문서로 구조화할 수 있는 분
- 3ds Max·Maya·Blender 중 직무에 필요한 도구를 실무에 적용할 수 있는 분
- 유관 부서와 쟁점을 명확히 설명하고 일정에 맞춰 협업할 수 있는 분
- 문제 원인을 근거에 따라 분석하고 실행 가능한 대안을 제시할 수 있는 분","- Autodesk Certified Professional in 3ds Max 보유자
- Autodesk Certified Professional in Maya 보유자
- GTQ 1급 보유자
- 3D 모델링·텍스처·렌더링 관련 프로젝트를 기획부터 결과 검토까지 수행한 경험","- 제출한 경력·자격 증빙이 사실과 다른 경우
- 정해진 기한까지 필수 증빙서류를 제출하지 않은 경우
- 해외여행 및 근무에 결격사유가 있는 경우
- 채용 관련 비밀유지 의무를 위반한 경우",서류전형 > 인성검사 > 실무면접 > 최종면접
3D디자이너 실무자 채용,0,46,20260506,20260517,14,신입·경력,계약직,대전광역시,학사 이상,"플랫폼 운영 조직에서 3D 모델링·텍스처·렌더링을 담당할 3D디자이너를 모집합니다. 이 포지션은 현장의 요구를 실행 가능한 계획과 결과물로 연결하는 역할입니다.

담당 범위는 모델·재질·라이팅 레퍼런스를 바탕으로 기준을 수립하고, 우선순위에 따라 과제를 실행하며 품질과 일정을 함께 관리하는 것입니다.

디자인 조직의 동료와 재무·영업·개발·운영 등 유관 부서, 필요한 경우 외부 파트너와 협업해 의사결정에 필요한 정보를 정리합니다.

이슈가 발생하면 사실과 데이터를 먼저 확인하고 원인을 구분한 뒤, 대안을 비교해 합의된 조치를 실행하고 재발 방지 내용을 문서화합니다.

입사 초기에는 기존 자료와 업무 흐름을 파악하고 3ds Max·Maya·Blender 환경을 익힌 뒤, 담당 영역의 개선 과제와 표준화 작업을 단계적으로 주도합니다.

성과는 결과물의 정확성, 일정 준수, 이해관계자와의 명확한 소통, 사용자와 사업에 미치는 영향을 기준으로 평가합니다.","- 모델·재질·라이팅 레퍼런스 수집·정리 및 핵심 이슈 분석
- 3ds Max·Maya·Blender를 활용한 업무 산출물 작성과 버전 관리
- 요구사항을 세부 과제와 일정으로 구체화하고 진행 현황 관리
- 유관 부서 및 외부 파트너와 기준·일정·결과물 조율
- 검토 회의 운영과 의사결정 근거·변경 이력 문서화
- 성과지표 설정 및 결과 데이터 분석을 통한 개선안 제안
- 업무상 리스크 사전 점검과 문제 발생 시 원인 분석·후속 조치
- 재사용 가능한 체크리스트·가이드·템플릿 정비","- 3D 모델링·텍스처·렌더링 관련 지식 또는 프로젝트·실무 경험을 보유한 분
- 모델·재질·라이팅 레퍼런스를 정확히 해석하고 업무 문서로 구조화할 수 있는 분
- 3ds Max·Maya·Blender 중 직무에 필요한 도구를 실무에 적용할 수 있는 분
- 유관 부서와 쟁점을 명확히 설명하고 일정에 맞춰 협업할 수 있는 분
- 문제 원인을 근거에 따라 분석하고 실행 가능한 대안을 제시할 수 있는 분
- 업무상 취급하는 개인정보와 기밀정보를 안전하게 관리할 수 있는 분","- Autodesk Certified Professional in Maya 보유자
- GTQ 1급 보유자
- Autodesk Certified Professional in 3ds Max 보유자
- 3D 모델링·텍스처·렌더링 관련 프로젝트를 기획부터 결과 검토까지 수행한 경험
- 3ds Max·Maya·Blender를 활용해 반복 업무를 개선하거나 품질 기준을 정립한 경험","- 지원 자격 또는 필수 면허 요건을 충족하지 못한 경우
- 전형 과정에서 타인의 결과물을 무단 사용한 경우
- 채용검진 결과 담당 업무 수행이 곤란한 경우
- 관계 법령상 취업이 제한되는 경우",서류전형 > 직무과제 > 실무면접 > 처우협의
3D디자이너 전문인력 모집,145,46,20260711,20260725,17,경력 2년 이상,정규직,부산광역시,학사 이상,"브랜드 사업 조직에서 3D 모델링·텍스처·렌더링을 담당할 3D디자이너를 모집합니다. 이 포지션은 현장의 요구를 실행 가능한 계획과 결과물로 연결하는 역할입니다.

담당 범위는 모델·재질·라이팅 레퍼런스를 바탕으로 기준을 수립하고, 우선순위에 따라 과제를 실행하며 품질과 일정을 함께 관리하는 것입니다.

디자인 조직의 동료와 재무·영업·개발·운영 등 유관 부서, 필요한 경우 외부 파트너와 협업해 의사결정에 필요한 정보를 정리합니다.

이슈가 발생하면 사실과 데이터를 먼저 확인하고 원인을 구분한 뒤, 대안을 비교해 합의된 조치를 실행하고 재발 방지 내용을 문서화합니다.

입사 초기에는 기존 자료와 업무 흐름을 파악하고 3ds Max·Maya·Blender 환경을 익힌 뒤, 담당 영역의 개선 과제와 표준화 작업을 단계적으로 주도합니다.

성과는 결과물의 정확성, 일정 준수, 이해관계자와의 명확한 소통, 사용자와 사업에 미치는 영향을 기준으로 평가합니다.","- 3ds Max·Maya·Blender를 활용한 업무 산출물 작성과 버전 관리
- 요구사항을 세부 과제와 일정으로 구체화하고 진행 현황 관리
- 유관 부서 및 외부 파트너와 기준·일정·결과물 조율
- 검토 회의 운영과 의사결정 근거·변경 이력 문서화
- 성과지표 설정 및 결과 데이터 분석을 통한 개선안 제안
- 업무상 리스크 사전 점검과 문제 발생 시 원인 분석·후속 조치
- 재사용 가능한 체크리스트·가이드·템플릿 정비
- 고객 또는 내부 사용자의 피드백을 반영한 결과물 품질 개선
- 3D 모델링·텍스처·렌더링 관련 연간·분기 실행계획 수립","- 3D 모델링·텍스처·렌더링 관련 지식 또는 프로젝트·실무 경험을 보유한 분
- 모델·재질·라이팅 레퍼런스를 정확히 해석하고 업무 문서로 구조화할 수 있는 분
- 3ds Max·Maya·Blender 중 직무에 필요한 도구를 실무에 적용할 수 있는 분
- 유관 부서와 쟁점을 명확히 설명하고 일정에 맞춰 협업할 수 있는 분
- 문제 원인을 근거에 따라 분석하고 실행 가능한 대안을 제시할 수 있는 분
- 업무상 취급하는 개인정보와 기밀정보를 안전하게 관리할 수 있는 분
- 3D디자이너 또는 유사 분야의 2년 이상 실무 경험을 보유한 분","- GTQ 1급 보유자
- Autodesk Certified Professional in 3ds Max 보유자
- Autodesk Certified Professional in Maya 보유자
- 3D 모델링·텍스처·렌더링 관련 프로젝트를 기획부터 결과 검토까지 수행한 경험
- 3ds Max·Maya·Blender를 활용해 반복 업무를 개선하거나 품질 기준을 정립한 경험
- 외부 파트너 또는 다양한 이해관계자와 복잡한 요구사항을 조율한 경험","- 지원서 또는 제출서류를 허위로 기재한 경우
- 채용 과정에서 부정한 방법을 사용한 경우
- 채용검진 결과 직무 수행이 어렵다고 판단되는 경우
- 관련 법령 또는 내부 인사규정상 채용이 불가능한 경우",서류전형 > 1차면접 > 2차면접 > 채용검진
3D디자이너 인재 채용,55,46,20260916,20261003,20,경력 3년 이상,무기계약직,광주광역시,석사 이상,"지역 기반 전문기관에서 3D 모델링·텍스처·렌더링을 담당할 3D디자이너를 모집합니다. 이 포지션은 현장의 요구를 실행 가능한 계획과 결과물로 연결하는 역할입니다.

담당 범위는 모델·재질·라이팅 레퍼런스를 바탕으로 기준을 수립하고, 우선순위에 따라 과제를 실행하며 품질과 일정을 함께 관리하는 것입니다.

디자인 조직의 동료와 재무·영업·개발·운영 등 유관 부서, 필요한 경우 외부 파트너와 협업해 의사결정에 필요한 정보를 정리합니다.

이슈가 발생하면 사실과 데이터를 먼저 확인하고 원인을 구분한 뒤, 대안을 비교해 합의된 조치를 실행하고 재발 방지 내용을 문서화합니다.

입사 초기에는 기존 자료와 업무 흐름을 파악하고 3ds Max·Maya·Blender 환경을 익힌 뒤, 담당 영역의 개선 과제와 표준화 작업을 단계적으로 주도합니다.

성과는 결과물의 정확성, 일정 준수, 이해관계자와의 명확한 소통, 사용자와 사업에 미치는 영향을 기준으로 평가합니다.","- 요구사항을 세부 과제와 일정으로 구체화하고 진행 현황 관리
- 유관 부서 및 외부 파트너와 기준·일정·결과물 조율
- 검토 회의 운영과 의사결정 근거·변경 이력 문서화
- 성과지표 설정 및 결과 데이터 분석을 통한 개선안 제안
- 업무상 리스크 사전 점검과 문제 발생 시 원인 분석·후속 조치
- 재사용 가능한 체크리스트·가이드·템플릿 정비
- 고객 또는 내부 사용자의 피드백을 반영한 결과물 품질 개선","- 3D 모델링·텍스처·렌더링 관련 지식 또는 프로젝트·실무 경험을 보유한 분
- 모델·재질·라이팅 레퍼런스를 정확히 해석하고 업무 문서로 구조화할 수 있는 분
- 3ds Max·Maya·Blender 중 직무에 필요한 도구를 실무에 적용할 수 있는 분
- 유관 부서와 쟁점을 명확히 설명하고 일정에 맞춰 협업할 수 있는 분
- 문제 원인을 근거에 따라 분석하고 실행 가능한 대안을 제시할 수 있는 분","- Autodesk Certified Professional in 3ds Max 보유자
- Autodesk Certified Professional in Maya 보유자
- GTQ 1급 보유자
- 3D 모델링·텍스처·렌더링 관련 프로젝트를 기획부터 결과 검토까지 수행한 경험","- 제출한 경력·자격 증빙이 사실과 다른 경우
- 정해진 기한까지 필수 증빙서류를 제출하지 않은 경우
- 해외여행 및 근무에 결격사유가 있는 경우
- 채용 관련 비밀유지 의무를 위반한 경우",서류전형 > 필기전형 > 면접전형 > 최종합격
3D디자이너 공개채용,36,46,20261121,20261211,3,신입,정규직,세종특별자치시,학력무관,"디지털 서비스 조직에서 3D 모델링·텍스처·렌더링을 담당할 3D디자이너를 모집합니다. 이 포지션은 현장의 요구를 실행 가능한 계획과 결과물로 연결하는 역할입니다.

담당 범위는 모델·재질·라이팅 레퍼런스를 바탕으로 기준을 수립하고, 우선순위에 따라 과제를 실행하며 품질과 일정을 함께 관리하는 것입니다.

디자인 조직의 동료와 재무·영업·개발·운영 등 유관 부서, 필요한 경우 외부 파트너와 협업해 의사결정에 필요한 정보를 정리합니다.

이슈가 발생하면 사실과 데이터를 먼저 확인하고 원인을 구분한 뒤, 대안을 비교해 합의된 조치를 실행하고 재발 방지 내용을 문서화합니다.

입사 초기에는 기존 자료와 업무 흐름을 파악하고 3ds Max·Maya·Blender 환경을 익힌 뒤, 담당 영역의 개선 과제와 표준화 작업을 단계적으로 주도합니다.

성과는 결과물의 정확성, 일정 준수, 이해관계자와의 명확한 소통, 사용자와 사업에 미치는 영향을 기준으로 평가합니다.","- 유관 부서 및 외부 파트너와 기준·일정·결과물 조율
- 검토 회의 운영과 의사결정 근거·변경 이력 문서화
- 성과지표 설정 및 결과 데이터 분석을 통한 개선안 제안
- 업무상 리스크 사전 점검과 문제 발생 시 원인 분석·후속 조치
- 재사용 가능한 체크리스트·가이드·템플릿 정비
- 고객 또는 내부 사용자의 피드백을 반영한 결과물 품질 개선
- 3D 모델링·텍스처·렌더링 관련 연간·분기 실행계획 수립
- 모델·재질·라이팅 레퍼런스 수집·정리 및 핵심 이슈 분석","- 3D 모델링·텍스처·렌더링 관련 지식 또는 프로젝트·실무 경험을 보유한 분
- 모델·재질·라이팅 레퍼런스를 정확히 해석하고 업무 문서로 구조화할 수 있는 분
- 3ds Max·Maya·Blender 중 직무에 필요한 도구를 실무에 적용할 수 있는 분
- 유관 부서와 쟁점을 명확히 설명하고 일정에 맞춰 협업할 수 있는 분
- 문제 원인을 근거에 따라 분석하고 실행 가능한 대안을 제시할 수 있는 분
- 업무상 취급하는 개인정보와 기밀정보를 안전하게 관리할 수 있는 분","- Autodesk Certified Professional in Maya 보유자
- GTQ 1급 보유자
- Autodesk Certified Professional in 3ds Max 보유자
- 3D 모델링·텍스처·렌더링 관련 프로젝트를 기획부터 결과 검토까지 수행한 경험
- 3ds Max·Maya·Blender를 활용해 반복 업무를 개선하거나 품질 기준을 정립한 경험","- 지원 자격 또는 필수 면허 요건을 충족하지 못한 경우
- 전형 과정에서 타인의 결과물을 무단 사용한 경우
- 채용검진 결과 담당 업무 수행이 곤란한 경우
- 관계 법령상 취업이 제한되는 경우",서류전형 > 실무면접 > 최종면접
3D디자이너 프로젝트 담당 모집,91,46,20260203,20260226,6,경력 2년 이상,계약직,충청남도,전문학사 이상,"성장 단계 스타트업에서 3D 모델링·텍스처·렌더링을 담당할 3D디자이너를 모집합니다. 이 포지션은 현장의 요구를 실행 가능한 계획과 결과물로 연결하는 역할입니다.

담당 범위는 모델·재질·라이팅 레퍼런스를 바탕으로 기준을 수립하고, 우선순위에 따라 과제를 실행하며 품질과 일정을 함께 관리하는 것입니다.

디자인 조직의 동료와 재무·영업·개발·운영 등 유관 부서, 필요한 경우 외부 파트너와 협업해 의사결정에 필요한 정보를 정리합니다.

이슈가 발생하면 사실과 데이터를 먼저 확인하고 원인을 구분한 뒤, 대안을 비교해 합의된 조치를 실행하고 재발 방지 내용을 문서화합니다.

입사 초기에는 기존 자료와 업무 흐름을 파악하고 3ds Max·Maya·Blender 환경을 익힌 뒤, 담당 영역의 개선 과제와 표준화 작업을 단계적으로 주도합니다.

성과는 결과물의 정확성, 일정 준수, 이해관계자와의 명확한 소통, 사용자와 사업에 미치는 영향을 기준으로 평가합니다.","- 검토 회의 운영과 의사결정 근거·변경 이력 문서화
- 성과지표 설정 및 결과 데이터 분석을 통한 개선안 제안
- 업무상 리스크 사전 점검과 문제 발생 시 원인 분석·후속 조치
- 재사용 가능한 체크리스트·가이드·템플릿 정비
- 고객 또는 내부 사용자의 피드백을 반영한 결과물 품질 개선
- 3D 모델링·텍스처·렌더링 관련 연간·분기 실행계획 수립
- 모델·재질·라이팅 레퍼런스 수집·정리 및 핵심 이슈 분석
- 3ds Max·Maya·Blender를 활용한 업무 산출물 작성과 버전 관리
- 요구사항을 세부 과제와 일정으로 구체화하고 진행 현황 관리","- 3D 모델링·텍스처·렌더링 관련 지식 또는 프로젝트·실무 경험을 보유한 분
- 모델·재질·라이팅 레퍼런스를 정확히 해석하고 업무 문서로 구조화할 수 있는 분
- 3ds Max·Maya·Blender 중 직무에 필요한 도구를 실무에 적용할 수 있는 분
- 유관 부서와 쟁점을 명확히 설명하고 일정에 맞춰 협업할 수 있는 분
- 문제 원인을 근거에 따라 분석하고 실행 가능한 대안을 제시할 수 있는 분
- 업무상 취급하는 개인정보와 기밀정보를 안전하게 관리할 수 있는 분
- 3D디자이너 또는 유사 분야의 2년 이상 실무 경험을 보유한 분","- GTQ 1급 보유자
- Autodesk Certified Professional in 3ds Max 보유자
- Autodesk Certified Professional in Maya 보유자
- 3D 모델링·텍스처·렌더링 관련 프로젝트를 기획부터 결과 검토까지 수행한 경험
- 3ds Max·Maya·Blender를 활용해 반복 업무를 개선하거나 품질 기준을 정립한 경험
- 외부 파트너 또는 다양한 이해관계자와 복잡한 요구사항을 조율한 경험","- 지원서 또는 제출서류를 허위로 기재한 경우
- 채용 과정에서 부정한 방법을 사용한 경우
- 채용검진 결과 직무 수행이 어렵다고 판단되는 경우
- 관련 법령 또는 내부 인사규정상 채용이 불가능한 경우",서류전형 > 인성검사 > 실무면접 > 최종면접
3D디자이너 운영 담당자 채용,20,46,20260408,20260504,9,신입·경력,정규직,경상남도,학사 이상,"중견기업 전략 조직에서 3D 모델링·텍스처·렌더링을 담당할 3D디자이너를 모집합니다. 이 포지션은 현장의 요구를 실행 가능한 계획과 결과물로 연결하는 역할입니다.

담당 범위는 모델·재질·라이팅 레퍼런스를 바탕으로 기준을 수립하고, 우선순위에 따라 과제를 실행하며 품질과 일정을 함께 관리하는 것입니다.

디자인 조직의 동료와 재무·영업·개발·운영 등 유관 부서, 필요한 경우 외부 파트너와 협업해 의사결정에 필요한 정보를 정리합니다.

이슈가 발생하면 사실과 데이터를 먼저 확인하고 원인을 구분한 뒤, 대안을 비교해 합의된 조치를 실행하고 재발 방지 내용을 문서화합니다.

입사 초기에는 기존 자료와 업무 흐름을 파악하고 3ds Max·Maya·Blender 환경을 익힌 뒤, 담당 영역의 개선 과제와 표준화 작업을 단계적으로 주도합니다.

성과는 결과물의 정확성, 일정 준수, 이해관계자와의 명확한 소통, 사용자와 사업에 미치는 영향을 기준으로 평가합니다.","- 성과지표 설정 및 결과 데이터 분석을 통한 개선안 제안
- 업무상 리스크 사전 점검과 문제 발생 시 원인 분석·후속 조치
- 재사용 가능한 체크리스트·가이드·템플릿 정비
- 고객 또는 내부 사용자의 피드백을 반영한 결과물 품질 개선
- 3D 모델링·텍스처·렌더링 관련 연간·분기 실행계획 수립
- 모델·재질·라이팅 레퍼런스 수집·정리 및 핵심 이슈 분석
- 3ds Max·Maya·Blender를 활용한 업무 산출물 작성과 버전 관리","- 3D 모델링·텍스처·렌더링 관련 지식 또는 프로젝트·실무 경험을 보유한 분
- 모델·재질·라이팅 레퍼런스를 정확히 해석하고 업무 문서로 구조화할 수 있는 분
- 3ds Max·Maya·Blender 중 직무에 필요한 도구를 실무에 적용할 수 있는 분
- 유관 부서와 쟁점을 명확히 설명하고 일정에 맞춰 협업할 수 있는 분
- 문제 원인을 근거에 따라 분석하고 실행 가능한 대안을 제시할 수 있는 분","- Autodesk Certified Professional in 3ds Max 보유자
- Autodesk Certified Professional in Maya 보유자
- GTQ 1급 보유자
- 3D 모델링·텍스처·렌더링 관련 프로젝트를 기획부터 결과 검토까지 수행한 경험","- 제출한 경력·자격 증빙이 사실과 다른 경우
- 정해진 기한까지 필수 증빙서류를 제출하지 않은 경우
- 해외여행 및 근무에 결격사유가 있는 경우
- 채용 관련 비밀유지 의무를 위반한 경우",서류전형 > 직무과제 > 실무면접 > 처우협의
3D디자이너 핵심인재 모집,60,46,20260613,20260712,12,경력 3년 이상,무기계약직,제주특별자치도,학사 이상,"공공서비스 운영기관에서 3D 모델링·텍스처·렌더링을 담당할 3D디자이너를 모집합니다. 이 포지션은 현장의 요구를 실행 가능한 계획과 결과물로 연결하는 역할입니다.

담당 범위는 모델·재질·라이팅 레퍼런스를 바탕으로 기준을 수립하고, 우선순위에 따라 과제를 실행하며 품질과 일정을 함께 관리하는 것입니다.

디자인 조직의 동료와 재무·영업·개발·운영 등 유관 부서, 필요한 경우 외부 파트너와 협업해 의사결정에 필요한 정보를 정리합니다.

이슈가 발생하면 사실과 데이터를 먼저 확인하고 원인을 구분한 뒤, 대안을 비교해 합의된 조치를 실행하고 재발 방지 내용을 문서화합니다.

입사 초기에는 기존 자료와 업무 흐름을 파악하고 3ds Max·Maya·Blender 환경을 익힌 뒤, 담당 영역의 개선 과제와 표준화 작업을 단계적으로 주도합니다.

성과는 결과물의 정확성, 일정 준수, 이해관계자와의 명확한 소통, 사용자와 사업에 미치는 영향을 기준으로 평가합니다.","- 업무상 리스크 사전 점검과 문제 발생 시 원인 분석·후속 조치
- 재사용 가능한 체크리스트·가이드·템플릿 정비
- 고객 또는 내부 사용자의 피드백을 반영한 결과물 품질 개선
- 3D 모델링·텍스처·렌더링 관련 연간·분기 실행계획 수립
- 모델·재질·라이팅 레퍼런스 수집·정리 및 핵심 이슈 분석
- 3ds Max·Maya·Blender를 활용한 업무 산출물 작성과 버전 관리
- 요구사항을 세부 과제와 일정으로 구체화하고 진행 현황 관리
- 유관 부서 및 외부 파트너와 기준·일정·결과물 조율","- 3D 모델링·텍스처·렌더링 관련 지식 또는 프로젝트·실무 경험을 보유한 분
- 모델·재질·라이팅 레퍼런스를 정확히 해석하고 업무 문서로 구조화할 수 있는 분
- 3ds Max·Maya·Blender 중 직무에 필요한 도구를 실무에 적용할 수 있는 분
- 유관 부서와 쟁점을 명확히 설명하고 일정에 맞춰 협업할 수 있는 분
- 문제 원인을 근거에 따라 분석하고 실행 가능한 대안을 제시할 수 있는 분
- 업무상 취급하는 개인정보와 기밀정보를 안전하게 관리할 수 있는 분","- Autodesk Certified Professional in Maya 보유자
- GTQ 1급 보유자
- Autodesk Certified Professional in 3ds Max 보유자
- 3D 모델링·텍스처·렌더링 관련 프로젝트를 기획부터 결과 검토까지 수행한 경험
- 3ds Max·Maya·Blender를 활용해 반복 업무를 개선하거나 품질 기준을 정립한 경험","- 지원 자격 또는 필수 면허 요건을 충족하지 못한 경우
- 전형 과정에서 타인의 결과물을 무단 사용한 경우
- 채용검진 결과 담당 업무 수행이 곤란한 경우
- 관계 법령상 취업이 제한되는 경우",서류전형 > 1차면접 > 2차면접 > 채용검진
3D디자이너 전문가 채용,133,46,20260818,20260919,15,경력 무관,정규직,서울특별시,석사 이상,"전문 컨설팅 조직에서 3D 모델링·텍스처·렌더링을 담당할 3D디자이너를 모집합니다. 이 포지션은 현장의 요구를 실행 가능한 계획과 결과물로 연결하는 역할입니다.

담당 범위는 모델·재질·라이팅 레퍼런스를 바탕으로 기준을 수립하고, 우선순위에 따라 과제를 실행하며 품질과 일정을 함께 관리하는 것입니다.

디자인 조직의 동료와 재무·영업·개발·운영 등 유관 부서, 필요한 경우 외부 파트너와 협업해 의사결정에 필요한 정보를 정리합니다.

이슈가 발생하면 사실과 데이터를 먼저 확인하고 원인을 구분한 뒤, 대안을 비교해 합의된 조치를 실행하고 재발 방지 내용을 문서화합니다.

입사 초기에는 기존 자료와 업무 흐름을 파악하고 3ds Max·Maya·Blender 환경을 익힌 뒤, 담당 영역의 개선 과제와 표준화 작업을 단계적으로 주도합니다.

성과는 결과물의 정확성, 일정 준수, 이해관계자와의 명확한 소통, 사용자와 사업에 미치는 영향을 기준으로 평가합니다.","- 재사용 가능한 체크리스트·가이드·템플릿 정비
- 고객 또는 내부 사용자의 피드백을 반영한 결과물 품질 개선
- 3D 모델링·텍스처·렌더링 관련 연간·분기 실행계획 수립
- 모델·재질·라이팅 레퍼런스 수집·정리 및 핵심 이슈 분석
- 3ds Max·Maya·Blender를 활용한 업무 산출물 작성과 버전 관리
- 요구사항을 세부 과제와 일정으로 구체화하고 진행 현황 관리
- 유관 부서 및 외부 파트너와 기준·일정·결과물 조율
- 검토 회의 운영과 의사결정 근거·변경 이력 문서화
- 성과지표 설정 및 결과 데이터 분석을 통한 개선안 제안","- 3D 모델링·텍스처·렌더링 관련 지식 또는 프로젝트·실무 경험을 보유한 분
- 모델·재질·라이팅 레퍼런스를 정확히 해석하고 업무 문서로 구조화할 수 있는 분
- 3ds Max·Maya·Blender 중 직무에 필요한 도구를 실무에 적용할 수 있는 분
- 유관 부서와 쟁점을 명확히 설명하고 일정에 맞춰 협업할 수 있는 분
- 문제 원인을 근거에 따라 분석하고 실행 가능한 대안을 제시할 수 있는 분
- 업무상 취급하는 개인정보와 기밀정보를 안전하게 관리할 수 있는 분
- 새로운 업무 기준과 도구를 빠르게 학습할 수 있는 분","- GTQ 1급 보유자
- Autodesk Certified Professional in 3ds Max 보유자
- Autodesk Certified Professional in Maya 보유자
- 3D 모델링·텍스처·렌더링 관련 프로젝트를 기획부터 결과 검토까지 수행한 경험
- 3ds Max·Maya·Blender를 활용해 반복 업무를 개선하거나 품질 기준을 정립한 경험
- 외부 파트너 또는 다양한 이해관계자와 복잡한 요구사항을 조율한 경험","- 지원서 또는 제출서류를 허위로 기재한 경우
- 채용 과정에서 부정한 방법을 사용한 경우
- 채용검진 결과 직무 수행이 어렵다고 판단되는 경우
- 관련 법령 또는 내부 인사규정상 채용이 불가능한 경우",서류전형 > 필기전형 > 면접전형 > 최종합격
3D디자이너 신규 인력 모집,119,46,20261023,20261127,18,경력 5년 이상,기간제,경기도,학력무관,"글로벌 사업 조직에서 3D 모델링·텍스처·렌더링을 담당할 3D디자이너를 모집합니다. 이 포지션은 현장의 요구를 실행 가능한 계획과 결과물로 연결하는 역할입니다.

담당 범위는 모델·재질·라이팅 레퍼런스를 바탕으로 기준을 수립하고, 우선순위에 따라 과제를 실행하며 품질과 일정을 함께 관리하는 것입니다.

디자인 조직의 동료와 재무·영업·개발·운영 등 유관 부서, 필요한 경우 외부 파트너와 협업해 의사결정에 필요한 정보를 정리합니다.

이슈가 발생하면 사실과 데이터를 먼저 확인하고 원인을 구분한 뒤, 대안을 비교해 합의된 조치를 실행하고 재발 방지 내용을 문서화합니다.

입사 초기에는 기존 자료와 업무 흐름을 파악하고 3ds Max·Maya·Blender 환경을 익힌 뒤, 담당 영역의 개선 과제와 표준화 작업을 단계적으로 주도합니다.

성과는 결과물의 정확성, 일정 준수, 이해관계자와의 명확한 소통, 사용자와 사업에 미치는 영향을 기준으로 평가합니다.","- 고객 또는 내부 사용자의 피드백을 반영한 결과물 품질 개선
- 3D 모델링·텍스처·렌더링 관련 연간·분기 실행계획 수립
- 모델·재질·라이팅 레퍼런스 수집·정리 및 핵심 이슈 분석
- 3ds Max·Maya·Blender를 활용한 업무 산출물 작성과 버전 관리
- 요구사항을 세부 과제와 일정으로 구체화하고 진행 현황 관리
- 유관 부서 및 외부 파트너와 기준·일정·결과물 조율
- 검토 회의 운영과 의사결정 근거·변경 이력 문서화","- 3D 모델링·텍스처·렌더링 관련 지식 또는 프로젝트·실무 경험을 보유한 분
- 모델·재질·라이팅 레퍼런스를 정확히 해석하고 업무 문서로 구조화할 수 있는 분
- 3ds Max·Maya·Blender 중 직무에 필요한 도구를 실무에 적용할 수 있는 분
- 유관 부서와 쟁점을 명확히 설명하고 일정에 맞춰 협업할 수 있는 분
- 문제 원인을 근거에 따라 분석하고 실행 가능한 대안을 제시할 수 있는 분","- Autodesk Certified Professional in 3ds Max 보유자
- Autodesk Certified Professional in Maya 보유자
- GTQ 1급 보유자
- 3D 모델링·텍스처·렌더링 관련 프로젝트를 기획부터 결과 검토까지 수행한 경험","- 제출한 경력·자격 증빙이 사실과 다른 경우
- 정해진 기한까지 필수 증빙서류를 제출하지 않은 경우
- 해외여행 및 근무에 결격사유가 있는 경우
- 채용 관련 비밀유지 의무를 위반한 경우",서류전형 > 실무면접 > 최종면접
제품디자이너 담당자 모집,88,47,20260404,20260419,16,신입·경력,계약직,부산광역시,학사 이상,"플랫폼 운영 조직에서 제품 콘셉트·CMF·양산 설계를 담당할 제품디자이너를 모집합니다. 이 포지션은 현장의 요구를 실행 가능한 계획과 결과물로 연결하는 역할입니다.

담당 범위는 스케치·3D 모델·목업·사양서를 바탕으로 기준을 수립하고, 우선순위에 따라 과제를 실행하며 품질과 일정을 함께 관리하는 것입니다.

디자인 조직의 동료와 재무·영업·개발·운영 등 유관 부서, 필요한 경우 외부 파트너와 협업해 의사결정에 필요한 정보를 정리합니다.

이슈가 발생하면 사실과 데이터를 먼저 확인하고 원인을 구분한 뒤, 대안을 비교해 합의된 조치를 실행하고 재발 방지 내용을 문서화합니다.

입사 초기에는 기존 자료와 업무 흐름을 파악하고 Fusion 360·KeyShot·Illustrator 환경을 익힌 뒤, 담당 영역의 개선 과제와 표준화 작업을 단계적으로 주도합니다.

성과는 결과물의 정확성, 일정 준수, 이해관계자와의 명확한 소통, 사용자와 사업에 미치는 영향을 기준으로 평가합니다.","- 제품 콘셉트·CMF·양산 설계 관련 연간·분기 실행계획 수립
- 스케치·3D 모델·목업·사양서 수집·정리 및 핵심 이슈 분석
- Fusion 360·KeyShot·Illustrator를 활용한 업무 산출물 작성과 버전 관리
- 요구사항을 세부 과제와 일정으로 구체화하고 진행 현황 관리
- 유관 부서 및 외부 파트너와 기준·일정·결과물 조율
- 검토 회의 운영과 의사결정 근거·변경 이력 문서화
- 성과지표 설정 및 결과 데이터 분석을 통한 개선안 제안","- 제품 콘셉트·CMF·양산 설계 관련 지식 또는 프로젝트·실무 경험을 보유한 분
- 스케치·3D 모델·목업·사양서를 정확히 해석하고 업무 문서로 구조화할 수 있는 분
- Fusion 360·KeyShot·Illustrator 중 직무에 필요한 도구를 실무에 적용할 수 있는 분
- 유관 부서와 쟁점을 명확히 설명하고 일정에 맞춰 협업할 수 있는 분
- 문제 원인을 근거에 따라 분석하고 실행 가능한 대안을 제시할 수 있는 분","- 제품디자인기사 보유자
- 제품디자인산업기사 보유자
- Autodesk Certified Professional in Fusion 360 보유자
- 제품 콘셉트·CMF·양산 설계 관련 프로젝트를 기획부터 결과 검토까지 수행한 경험","- 지원 자격 또는 필수 면허 요건을 충족하지 못한 경우
- 전형 과정에서 타인의 결과물을 무단 사용한 경우
- 채용검진 결과 담당 업무 수행이 곤란한 경우
- 관계 법령상 취업이 제한되는 경우",서류전형 > 직무과제 > 실무면접 > 처우협의
제품디자이너 실무자 채용,107,47,20260609,20260627,19,경력 2년 이상,정규직,광주광역시,학사 이상,"브랜드 사업 조직에서 제품 콘셉트·CMF·양산 설계를 담당할 제품디자이너를 모집합니다. 이 포지션은 현장의 요구를 실행 가능한 계획과 결과물로 연결하는 역할입니다.

담당 범위는 스케치·3D 모델·목업·사양서를 바탕으로 기준을 수립하고, 우선순위에 따라 과제를 실행하며 품질과 일정을 함께 관리하는 것입니다.

디자인 조직의 동료와 재무·영업·개발·운영 등 유관 부서, 필요한 경우 외부 파트너와 협업해 의사결정에 필요한 정보를 정리합니다.

이슈가 발생하면 사실과 데이터를 먼저 확인하고 원인을 구분한 뒤, 대안을 비교해 합의된 조치를 실행하고 재발 방지 내용을 문서화합니다.

입사 초기에는 기존 자료와 업무 흐름을 파악하고 Fusion 360·KeyShot·Illustrator 환경을 익힌 뒤, 담당 영역의 개선 과제와 표준화 작업을 단계적으로 주도합니다.

성과는 결과물의 정확성, 일정 준수, 이해관계자와의 명확한 소통, 사용자와 사업에 미치는 영향을 기준으로 평가합니다.","- 스케치·3D 모델·목업·사양서 수집·정리 및 핵심 이슈 분석
- Fusion 360·KeyShot·Illustrator를 활용한 업무 산출물 작성과 버전 관리
- 요구사항을 세부 과제와 일정으로 구체화하고 진행 현황 관리
- 유관 부서 및 외부 파트너와 기준·일정·결과물 조율
- 검토 회의 운영과 의사결정 근거·변경 이력 문서화
- 성과지표 설정 및 결과 데이터 분석을 통한 개선안 제안
- 업무상 리스크 사전 점검과 문제 발생 시 원인 분석·후속 조치
- 재사용 가능한 체크리스트·가이드·템플릿 정비","- 제품 콘셉트·CMF·양산 설계 관련 지식 또는 프로젝트·실무 경험을 보유한 분
- 스케치·3D 모델·목업·사양서를 정확히 해석하고 업무 문서로 구조화할 수 있는 분
- Fusion 360·KeyShot·Illustrator 중 직무에 필요한 도구를 실무에 적용할 수 있는 분
- 유관 부서와 쟁점을 명확히 설명하고 일정에 맞춰 협업할 수 있는 분
- 문제 원인을 근거에 따라 분석하고 실행 가능한 대안을 제시할 수 있는 분
- 업무상 취급하는 개인정보와 기밀정보를 안전하게 관리할 수 있는 분","- 제품디자인산업기사 보유자
- Autodesk Certified Professional in Fusion 360 보유자
- 제품디자인기사 보유자
- 제품 콘셉트·CMF·양산 설계 관련 프로젝트를 기획부터 결과 검토까지 수행한 경험
- Fusion 360·KeyShot·Illustrator를 활용해 반복 업무를 개선하거나 품질 기준을 정립한 경험","- 지원서 또는 제출서류를 허위로 기재한 경우
- 채용 과정에서 부정한 방법을 사용한 경우
- 채용검진 결과 직무 수행이 어렵다고 판단되는 경우
- 관련 법령 또는 내부 인사규정상 채용이 불가능한 경우",서류전형 > 1차면접 > 2차면접 > 채용검진
제품디자이너 전문인력 모집,97,47,20260814,20260904,2,경력 3년 이상,무기계약직,세종특별자치시,석사 이상,"지역 기반 전문기관에서 제품 콘셉트·CMF·양산 설계를 담당할 제품디자이너를 모집합니다. 이 포지션은 현장의 요구를 실행 가능한 계획과 결과물로 연결하는 역할입니다.

담당 범위는 스케치·3D 모델·목업·사양서를 바탕으로 기준을 수립하고, 우선순위에 따라 과제를 실행하며 품질과 일정을 함께 관리하는 것입니다.

디자인 조직의 동료와 재무·영업·개발·운영 등 유관 부서, 필요한 경우 외부 파트너와 협업해 의사결정에 필요한 정보를 정리합니다.

이슈가 발생하면 사실과 데이터를 먼저 확인하고 원인을 구분한 뒤, 대안을 비교해 합의된 조치를 실행하고 재발 방지 내용을 문서화합니다.

입사 초기에는 기존 자료와 업무 흐름을 파악하고 Fusion 360·KeyShot·Illustrator 환경을 익힌 뒤, 담당 영역의 개선 과제와 표준화 작업을 단계적으로 주도합니다.

성과는 결과물의 정확성, 일정 준수, 이해관계자와의 명확한 소통, 사용자와 사업에 미치는 영향을 기준으로 평가합니다.","- Fusion 360·KeyShot·Illustrator를 활용한 업무 산출물 작성과 버전 관리
- 요구사항을 세부 과제와 일정으로 구체화하고 진행 현황 관리
- 유관 부서 및 외부 파트너와 기준·일정·결과물 조율
- 검토 회의 운영과 의사결정 근거·변경 이력 문서화
- 성과지표 설정 및 결과 데이터 분석을 통한 개선안 제안
- 업무상 리스크 사전 점검과 문제 발생 시 원인 분석·후속 조치
- 재사용 가능한 체크리스트·가이드·템플릿 정비
- 고객 또는 내부 사용자의 피드백을 반영한 결과물 품질 개선
- 제품 콘셉트·CMF·양산 설계 관련 연간·분기 실행계획 수립","- 제품 콘셉트·CMF·양산 설계 관련 지식 또는 프로젝트·실무 경험을 보유한 분
- 스케치·3D 모델·목업·사양서를 정확히 해석하고 업무 문서로 구조화할 수 있는 분
- Fusion 360·KeyShot·Illustrator 중 직무에 필요한 도구를 실무에 적용할 수 있는 분
- 유관 부서와 쟁점을 명확히 설명하고 일정에 맞춰 협업할 수 있는 분
- 문제 원인을 근거에 따라 분석하고 실행 가능한 대안을 제시할 수 있는 분
- 업무상 취급하는 개인정보와 기밀정보를 안전하게 관리할 수 있는 분
- 제품디자이너 또는 유사 분야의 3년 이상 실무 경험을 보유한 분","- Autodesk Certified Professional in Fusion 360 보유자
- 제품디자인기사 보유자
- 제품디자인산업기사 보유자
- 제품 콘셉트·CMF·양산 설계 관련 프로젝트를 기획부터 결과 검토까지 수행한 경험
- Fusion 360·KeyShot·Illustrator를 활용해 반복 업무를 개선하거나 품질 기준을 정립한 경험
- 외부 파트너 또는 다양한 이해관계자와 복잡한 요구사항을 조율한 경험","- 제출한 경력·자격 증빙이 사실과 다른 경우
- 정해진 기한까지 필수 증빙서류를 제출하지 않은 경우
- 해외여행 및 근무에 결격사유가 있는 경우
- 채용 관련 비밀유지 의무를 위반한 경우",서류전형 > 필기전형 > 면접전형 > 최종합격
제품디자이너 인재 채용,127,47,20261019,20261112,5,신입,정규직,충청남도,학력무관,"디지털 서비스 조직에서 제품 콘셉트·CMF·양산 설계를 담당할 제품디자이너를 모집합니다. 이 포지션은 현장의 요구를 실행 가능한 계획과 결과물로 연결하는 역할입니다.

담당 범위는 스케치·3D 모델·목업·사양서를 바탕으로 기준을 수립하고, 우선순위에 따라 과제를 실행하며 품질과 일정을 함께 관리하는 것입니다.

디자인 조직의 동료와 재무·영업·개발·운영 등 유관 부서, 필요한 경우 외부 파트너와 협업해 의사결정에 필요한 정보를 정리합니다.

이슈가 발생하면 사실과 데이터를 먼저 확인하고 원인을 구분한 뒤, 대안을 비교해 합의된 조치를 실행하고 재발 방지 내용을 문서화합니다.

입사 초기에는 기존 자료와 업무 흐름을 파악하고 Fusion 360·KeyShot·Illustrator 환경을 익힌 뒤, 담당 영역의 개선 과제와 표준화 작업을 단계적으로 주도합니다.

성과는 결과물의 정확성, 일정 준수, 이해관계자와의 명확한 소통, 사용자와 사업에 미치는 영향을 기준으로 평가합니다.","- 요구사항을 세부 과제와 일정으로 구체화하고 진행 현황 관리
- 유관 부서 및 외부 파트너와 기준·일정·결과물 조율
- 검토 회의 운영과 의사결정 근거·변경 이력 문서화
- 성과지표 설정 및 결과 데이터 분석을 통한 개선안 제안
- 업무상 리스크 사전 점검과 문제 발생 시 원인 분석·후속 조치
- 재사용 가능한 체크리스트·가이드·템플릿 정비
- 고객 또는 내부 사용자의 피드백을 반영한 결과물 품질 개선","- 제품 콘셉트·CMF·양산 설계 관련 지식 또는 프로젝트·실무 경험을 보유한 분
- 스케치·3D 모델·목업·사양서를 정확히 해석하고 업무 문서로 구조화할 수 있는 분
- Fusion 360·KeyShot·Illustrator 중 직무에 필요한 도구를 실무에 적용할 수 있는 분
- 유관 부서와 쟁점을 명확히 설명하고 일정에 맞춰 협업할 수 있는 분
- 문제 원인을 근거에 따라 분석하고 실행 가능한 대안을 제시할 수 있는 분","- 제품디자인기사 보유자
- 제품디자인산업기사 보유자
- Autodesk Certified Professional in Fusion 360 보유자
- 제품 콘셉트·CMF·양산 설계 관련 프로젝트를 기획부터 결과 검토까지 수행한 경험","- 지원 자격 또는 필수 면허 요건을 충족하지 못한 경우
- 전형 과정에서 타인의 결과물을 무단 사용한 경우
- 채용검진 결과 담당 업무 수행이 곤란한 경우
- 관계 법령상 취업이 제한되는 경우",서류전형 > 실무면접 > 최종면접
제품디자이너 공개채용,129,47,20260101,20260128,8,경력 2년 이상,계약직,경상남도,전문학사 이상,"성장 단계 스타트업에서 제품 콘셉트·CMF·양산 설계를 담당할 제품디자이너를 모집합니다. 이 포지션은 현장의 요구를 실행 가능한 계획과 결과물로 연결하는 역할입니다.

담당 범위는 스케치·3D 모델·목업·사양서를 바탕으로 기준을 수립하고, 우선순위에 따라 과제를 실행하며 품질과 일정을 함께 관리하는 것입니다.

디자인 조직의 동료와 재무·영업·개발·운영 등 유관 부서, 필요한 경우 외부 파트너와 협업해 의사결정에 필요한 정보를 정리합니다.

이슈가 발생하면 사실과 데이터를 먼저 확인하고 원인을 구분한 뒤, 대안을 비교해 합의된 조치를 실행하고 재발 방지 내용을 문서화합니다.

입사 초기에는 기존 자료와 업무 흐름을 파악하고 Fusion 360·KeyShot·Illustrator 환경을 익힌 뒤, 담당 영역의 개선 과제와 표준화 작업을 단계적으로 주도합니다.

성과는 결과물의 정확성, 일정 준수, 이해관계자와의 명확한 소통, 사용자와 사업에 미치는 영향을 기준으로 평가합니다.","- 유관 부서 및 외부 파트너와 기준·일정·결과물 조율
- 검토 회의 운영과 의사결정 근거·변경 이력 문서화
- 성과지표 설정 및 결과 데이터 분석을 통한 개선안 제안
- 업무상 리스크 사전 점검과 문제 발생 시 원인 분석·후속 조치
- 재사용 가능한 체크리스트·가이드·템플릿 정비
- 고객 또는 내부 사용자의 피드백을 반영한 결과물 품질 개선
- 제품 콘셉트·CMF·양산 설계 관련 연간·분기 실행계획 수립
- 스케치·3D 모델·목업·사양서 수집·정리 및 핵심 이슈 분석","- 제품 콘셉트·CMF·양산 설계 관련 지식 또는 프로젝트·실무 경험을 보유한 분
- 스케치·3D 모델·목업·사양서를 정확히 해석하고 업무 문서로 구조화할 수 있는 분
- Fusion 360·KeyShot·Illustrator 중 직무에 필요한 도구를 실무에 적용할 수 있는 분
- 유관 부서와 쟁점을 명확히 설명하고 일정에 맞춰 협업할 수 있는 분
- 문제 원인을 근거에 따라 분석하고 실행 가능한 대안을 제시할 수 있는 분
- 업무상 취급하는 개인정보와 기밀정보를 안전하게 관리할 수 있는 분","- 제품디자인산업기사 보유자
- Autodesk Certified Professional in Fusion 360 보유자
- 제품디자인기사 보유자
- 제품 콘셉트·CMF·양산 설계 관련 프로젝트를 기획부터 결과 검토까지 수행한 경험
- Fusion 360·KeyShot·Illustrator를 활용해 반복 업무를 개선하거나 품질 기준을 정립한 경험","- 지원서 또는 제출서류를 허위로 기재한 경우
- 채용 과정에서 부정한 방법을 사용한 경우
- 채용검진 결과 직무 수행이 어렵다고 판단되는 경우
- 관련 법령 또는 내부 인사규정상 채용이 불가능한 경우",서류전형 > 인성검사 > 실무면접 > 최종면접
제품디자이너 프로젝트 담당 모집,10,47,20260306,20260405,11,신입·경력,정규직,제주특별자치도,학사 이상,"중견기업 전략 조직에서 제품 콘셉트·CMF·양산 설계를 담당할 제품디자이너를 모집합니다. 이 포지션은 현장의 요구를 실행 가능한 계획과 결과물로 연결하는 역할입니다.

담당 범위는 스케치·3D 모델·목업·사양서를 바탕으로 기준을 수립하고, 우선순위에 따라 과제를 실행하며 품질과 일정을 함께 관리하는 것입니다.

디자인 조직의 동료와 재무·영업·개발·운영 등 유관 부서, 필요한 경우 외부 파트너와 협업해 의사결정에 필요한 정보를 정리합니다.

이슈가 발생하면 사실과 데이터를 먼저 확인하고 원인을 구분한 뒤, 대안을 비교해 합의된 조치를 실행하고 재발 방지 내용을 문서화합니다.

입사 초기에는 기존 자료와 업무 흐름을 파악하고 Fusion 360·KeyShot·Illustrator 환경을 익힌 뒤, 담당 영역의 개선 과제와 표준화 작업을 단계적으로 주도합니다.

성과는 결과물의 정확성, 일정 준수, 이해관계자와의 명확한 소통, 사용자와 사업에 미치는 영향을 기준으로 평가합니다.","- 검토 회의 운영과 의사결정 근거·변경 이력 문서화
- 성과지표 설정 및 결과 데이터 분석을 통한 개선안 제안
- 업무상 리스크 사전 점검과 문제 발생 시 원인 분석·후속 조치
- 재사용 가능한 체크리스트·가이드·템플릿 정비
- 고객 또는 내부 사용자의 피드백을 반영한 결과물 품질 개선
- 제품 콘셉트·CMF·양산 설계 관련 연간·분기 실행계획 수립
- 스케치·3D 모델·목업·사양서 수집·정리 및 핵심 이슈 분석
- Fusion 360·KeyShot·Illustrator를 활용한 업무 산출물 작성과 버전 관리
- 요구사항을 세부 과제와 일정으로 구체화하고 진행 현황 관리","- 제품 콘셉트·CMF·양산 설계 관련 지식 또는 프로젝트·실무 경험을 보유한 분
- 스케치·3D 모델·목업·사양서를 정확히 해석하고 업무 문서로 구조화할 수 있는 분
- Fusion 360·KeyShot·Illustrator 중 직무에 필요한 도구를 실무에 적용할 수 있는 분
- 유관 부서와 쟁점을 명확히 설명하고 일정에 맞춰 협업할 수 있는 분
- 문제 원인을 근거에 따라 분석하고 실행 가능한 대안을 제시할 수 있는 분
- 업무상 취급하는 개인정보와 기밀정보를 안전하게 관리할 수 있는 분
- 제품디자이너 또는 유사 분야의 신입·경력 실무 경험을 보유한 분","- Autodesk Certified Professional in Fusion 360 보유자
- 제품디자인기사 보유자
- 제품디자인산업기사 보유자
- 제품 콘셉트·CMF·양산 설계 관련 프로젝트를 기획부터 결과 검토까지 수행한 경험
- Fusion 360·KeyShot·Illustrator를 활용해 반복 업무를 개선하거나 품질 기준을 정립한 경험
- 외부 파트너 또는 다양한 이해관계자와 복잡한 요구사항을 조율한 경험","- 제출한 경력·자격 증빙이 사실과 다른 경우
- 정해진 기한까지 필수 증빙서류를 제출하지 않은 경우
- 해외여행 및 근무에 결격사유가 있는 경우
- 채용 관련 비밀유지 의무를 위반한 경우",서류전형 > 직무과제 > 실무면접 > 처우협의
제품디자이너 운영 담당자 채용,73,47,20260511,20260613,14,경력 3년 이상,무기계약직,서울특별시,학사 이상,"공공서비스 운영기관에서 제품 콘셉트·CMF·양산 설계를 담당할 제품디자이너를 모집합니다. 이 포지션은 현장의 요구를 실행 가능한 계획과 결과물로 연결하는 역할입니다.

담당 범위는 스케치·3D 모델·목업·사양서를 바탕으로 기준을 수립하고, 우선순위에 따라 과제를 실행하며 품질과 일정을 함께 관리하는 것입니다.

디자인 조직의 동료와 재무·영업·개발·운영 등 유관 부서, 필요한 경우 외부 파트너와 협업해 의사결정에 필요한 정보를 정리합니다.

이슈가 발생하면 사실과 데이터를 먼저 확인하고 원인을 구분한 뒤, 대안을 비교해 합의된 조치를 실행하고 재발 방지 내용을 문서화합니다.

입사 초기에는 기존 자료와 업무 흐름을 파악하고 Fusion 360·KeyShot·Illustrator 환경을 익힌 뒤, 담당 영역의 개선 과제와 표준화 작업을 단계적으로 주도합니다.

성과는 결과물의 정확성, 일정 준수, 이해관계자와의 명확한 소통, 사용자와 사업에 미치는 영향을 기준으로 평가합니다.","- 성과지표 설정 및 결과 데이터 분석을 통한 개선안 제안
- 업무상 리스크 사전 점검과 문제 발생 시 원인 분석·후속 조치
- 재사용 가능한 체크리스트·가이드·템플릿 정비
- 고객 또는 내부 사용자의 피드백을 반영한 결과물 품질 개선
- 제품 콘셉트·CMF·양산 설계 관련 연간·분기 실행계획 수립
- 스케치·3D 모델·목업·사양서 수집·정리 및 핵심 이슈 분석
- Fusion 360·KeyShot·Illustrator를 활용한 업무 산출물 작성과 버전 관리","- 제품 콘셉트·CMF·양산 설계 관련 지식 또는 프로젝트·실무 경험을 보유한 분
- 스케치·3D 모델·목업·사양서를 정확히 해석하고 업무 문서로 구조화할 수 있는 분
- Fusion 360·KeyShot·Illustrator 중 직무에 필요한 도구를 실무에 적용할 수 있는 분
- 유관 부서와 쟁점을 명확히 설명하고 일정에 맞춰 협업할 수 있는 분
- 문제 원인을 근거에 따라 분석하고 실행 가능한 대안을 제시할 수 있는 분","- 제품디자인기사 보유자
- 제품디자인산업기사 보유자
- Autodesk Certified Professional in Fusion 360 보유자
- 제품 콘셉트·CMF·양산 설계 관련 프로젝트를 기획부터 결과 검토까지 수행한 경험","- 지원 자격 또는 필수 면허 요건을 충족하지 못한 경우
- 전형 과정에서 타인의 결과물을 무단 사용한 경우
- 채용검진 결과 담당 업무 수행이 곤란한 경우
- 관계 법령상 취업이 제한되는 경우",서류전형 > 1차면접 > 2차면접 > 채용검진
제품디자이너 핵심인재 모집,99,47,20260716,20260821,17,경력 무관,정규직,경기도,석사 이상,"전문 컨설팅 조직에서 제품 콘셉트·CMF·양산 설계를 담당할 제품디자이너를 모집합니다. 이 포지션은 현장의 요구를 실행 가능한 계획과 결과물로 연결하는 역할입니다.

담당 범위는 스케치·3D 모델·목업·사양서를 바탕으로 기준을 수립하고, 우선순위에 따라 과제를 실행하며 품질과 일정을 함께 관리하는 것입니다.

디자인 조직의 동료와 재무·영업·개발·운영 등 유관 부서, 필요한 경우 외부 파트너와 협업해 의사결정에 필요한 정보를 정리합니다.

이슈가 발생하면 사실과 데이터를 먼저 확인하고 원인을 구분한 뒤, 대안을 비교해 합의된 조치를 실행하고 재발 방지 내용을 문서화합니다.

입사 초기에는 기존 자료와 업무 흐름을 파악하고 Fusion 360·KeyShot·Illustrator 환경을 익힌 뒤, 담당 영역의 개선 과제와 표준화 작업을 단계적으로 주도합니다.

성과는 결과물의 정확성, 일정 준수, 이해관계자와의 명확한 소통, 사용자와 사업에 미치는 영향을 기준으로 평가합니다.","- 업무상 리스크 사전 점검과 문제 발생 시 원인 분석·후속 조치
- 재사용 가능한 체크리스트·가이드·템플릿 정비
- 고객 또는 내부 사용자의 피드백을 반영한 결과물 품질 개선
- 제품 콘셉트·CMF·양산 설계 관련 연간·분기 실행계획 수립
- 스케치·3D 모델·목업·사양서 수집·정리 및 핵심 이슈 분석
- Fusion 360·KeyShot·Illustrator를 활용한 업무 산출물 작성과 버전 관리
- 요구사항을 세부 과제와 일정으로 구체화하고 진행 현황 관리
- 유관 부서 및 외부 파트너와 기준·일정·결과물 조율","- 제품 콘셉트·CMF·양산 설계 관련 지식 또는 프로젝트·실무 경험을 보유한 분
- 스케치·3D 모델·목업·사양서를 정확히 해석하고 업무 문서로 구조화할 수 있는 분
- Fusion 360·KeyShot·Illustrator 중 직무에 필요한 도구를 실무에 적용할 수 있는 분
- 유관 부서와 쟁점을 명확히 설명하고 일정에 맞춰 협업할 수 있는 분
- 문제 원인을 근거에 따라 분석하고 실행 가능한 대안을 제시할 수 있는 분
- 업무상 취급하는 개인정보와 기밀정보를 안전하게 관리할 수 있는 분","- 제품디자인산업기사 보유자
- Autodesk Certified Professional in Fusion 360 보유자
- 제품디자인기사 보유자
- 제품 콘셉트·CMF·양산 설계 관련 프로젝트를 기획부터 결과 검토까지 수행한 경험
- Fusion 360·KeyShot·Illustrator를 활용해 반복 업무를 개선하거나 품질 기준을 정립한 경험","- 지원서 또는 제출서류를 허위로 기재한 경우
- 채용 과정에서 부정한 방법을 사용한 경우
- 채용검진 결과 직무 수행이 어렵다고 판단되는 경우
- 관련 법령 또는 내부 인사규정상 채용이 불가능한 경우",서류전형 > 필기전형 > 면접전형 > 최종합격
제품디자이너 전문가 채용,114,47,20260921,20261030,20,경력 5년 이상,기간제,인천광역시,학력무관,"글로벌 사업 조직에서 제품 콘셉트·CMF·양산 설계를 담당할 제품디자이너를 모집합니다. 이 포지션은 현장의 요구를 실행 가능한 계획과 결과물로 연결하는 역할입니다.

담당 범위는 스케치·3D 모델·목업·사양서를 바탕으로 기준을 수립하고, 우선순위에 따라 과제를 실행하며 품질과 일정을 함께 관리하는 것입니다.

디자인 조직의 동료와 재무·영업·개발·운영 등 유관 부서, 필요한 경우 외부 파트너와 협업해 의사결정에 필요한 정보를 정리합니다.

이슈가 발생하면 사실과 데이터를 먼저 확인하고 원인을 구분한 뒤, 대안을 비교해 합의된 조치를 실행하고 재발 방지 내용을 문서화합니다.

입사 초기에는 기존 자료와 업무 흐름을 파악하고 Fusion 360·KeyShot·Illustrator 환경을 익힌 뒤, 담당 영역의 개선 과제와 표준화 작업을 단계적으로 주도합니다.

성과는 결과물의 정확성, 일정 준수, 이해관계자와의 명확한 소통, 사용자와 사업에 미치는 영향을 기준으로 평가합니다.","- 재사용 가능한 체크리스트·가이드·템플릿 정비
- 고객 또는 내부 사용자의 피드백을 반영한 결과물 품질 개선
- 제품 콘셉트·CMF·양산 설계 관련 연간·분기 실행계획 수립
- 스케치·3D 모델·목업·사양서 수집·정리 및 핵심 이슈 분석
- Fusion 360·KeyShot·Illustrator를 활용한 업무 산출물 작성과 버전 관리
- 요구사항을 세부 과제와 일정으로 구체화하고 진행 현황 관리
- 유관 부서 및 외부 파트너와 기준·일정·결과물 조율
- 검토 회의 운영과 의사결정 근거·변경 이력 문서화
- 성과지표 설정 및 결과 데이터 분석을 통한 개선안 제안","- 제품 콘셉트·CMF·양산 설계 관련 지식 또는 프로젝트·실무 경험을 보유한 분
- 스케치·3D 모델·목업·사양서를 정확히 해석하고 업무 문서로 구조화할 수 있는 분
- Fusion 360·KeyShot·Illustrator 중 직무에 필요한 도구를 실무에 적용할 수 있는 분
- 유관 부서와 쟁점을 명확히 설명하고 일정에 맞춰 협업할 수 있는 분
- 문제 원인을 근거에 따라 분석하고 실행 가능한 대안을 제시할 수 있는 분
- 업무상 취급하는 개인정보와 기밀정보를 안전하게 관리할 수 있는 분
- 제품디자이너 또는 유사 분야의 5년 이상 실무 경험을 보유한 분","- Autodesk Certified Professional in Fusion 360 보유자
- 제품디자인기사 보유자
- 제품디자인산업기사 보유자
- 제품 콘셉트·CMF·양산 설계 관련 프로젝트를 기획부터 결과 검토까지 수행한 경험
- Fusion 360·KeyShot·Illustrator를 활용해 반복 업무를 개선하거나 품질 기준을 정립한 경험
- 외부 파트너 또는 다양한 이해관계자와 복잡한 요구사항을 조율한 경험","- 제출한 경력·자격 증빙이 사실과 다른 경우
- 정해진 기한까지 필수 증빙서류를 제출하지 않은 경우
- 해외여행 및 근무에 결격사유가 있는 경우
- 채용 관련 비밀유지 의무를 위반한 경우",서류전형 > 실무면접 > 최종면접
제품디자이너 신규 인력 모집,79,47,20261103,20261215,3,경력,정규직,대전광역시,전문학사 이상,"연구개발 중심 조직에서 제품 콘셉트·CMF·양산 설계를 담당할 제품디자이너를 모집합니다. 이 포지션은 현장의 요구를 실행 가능한 계획과 결과물로 연결하는 역할입니다.

담당 범위는 스케치·3D 모델·목업·사양서를 바탕으로 기준을 수립하고, 우선순위에 따라 과제를 실행하며 품질과 일정을 함께 관리하는 것입니다.

디자인 조직의 동료와 재무·영업·개발·운영 등 유관 부서, 필요한 경우 외부 파트너와 협업해 의사결정에 필요한 정보를 정리합니다.

이슈가 발생하면 사실과 데이터를 먼저 확인하고 원인을 구분한 뒤, 대안을 비교해 합의된 조치를 실행하고 재발 방지 내용을 문서화합니다.

입사 초기에는 기존 자료와 업무 흐름을 파악하고 Fusion 360·KeyShot·Illustrator 환경을 익힌 뒤, 담당 영역의 개선 과제와 표준화 작업을 단계적으로 주도합니다.

성과는 결과물의 정확성, 일정 준수, 이해관계자와의 명확한 소통, 사용자와 사업에 미치는 영향을 기준으로 평가합니다.","- 고객 또는 내부 사용자의 피드백을 반영한 결과물 품질 개선
- 제품 콘셉트·CMF·양산 설계 관련 연간·분기 실행계획 수립
- 스케치·3D 모델·목업·사양서 수집·정리 및 핵심 이슈 분석
- Fusion 360·KeyShot·Illustrator를 활용한 업무 산출물 작성과 버전 관리
- 요구사항을 세부 과제와 일정으로 구체화하고 진행 현황 관리
- 유관 부서 및 외부 파트너와 기준·일정·결과물 조율
- 검토 회의 운영과 의사결정 근거·변경 이력 문서화","- 제품 콘셉트·CMF·양산 설계 관련 지식 또는 프로젝트·실무 경험을 보유한 분
- 스케치·3D 모델·목업·사양서를 정확히 해석하고 업무 문서로 구조화할 수 있는 분
- Fusion 360·KeyShot·Illustrator 중 직무에 필요한 도구를 실무에 적용할 수 있는 분
- 유관 부서와 쟁점을 명확히 설명하고 일정에 맞춰 협업할 수 있는 분
- 문제 원인을 근거에 따라 분석하고 실행 가능한 대안을 제시할 수 있는 분","- 제품디자인기사 보유자
- 제품디자인산업기사 보유자
- Autodesk Certified Professional in Fusion 360 보유자
- 제품 콘셉트·CMF·양산 설계 관련 프로젝트를 기획부터 결과 검토까지 수행한 경험","- 지원 자격 또는 필수 면허 요건을 충족하지 못한 경우
- 전형 과정에서 타인의 결과물을 무단 사용한 경우
- 채용검진 결과 담당 업무 수행이 곤란한 경우
- 관계 법령상 취업이 제한되는 경우",서류전형 > 인성검사 > 실무면접 > 최종면접
산업디자이너 담당자 모집,101,48,20260507,20260529,1,경력 2년 이상,정규직,세종특별자치시,학사 이상,"브랜드 사업 조직에서 산업제품 조형·사용성·양산 협의를 담당할 산업디자이너를 모집합니다. 이 포지션은 현장의 요구를 실행 가능한 계획과 결과물로 연결하는 역할입니다.

담당 범위는 리서치·스케치·모델링·목업를 바탕으로 기준을 수립하고, 우선순위에 따라 과제를 실행하며 품질과 일정을 함께 관리하는 것입니다.

디자인 조직의 동료와 재무·영업·개발·운영 등 유관 부서, 필요한 경우 외부 파트너와 협업해 의사결정에 필요한 정보를 정리합니다.

이슈가 발생하면 사실과 데이터를 먼저 확인하고 원인을 구분한 뒤, 대안을 비교해 합의된 조치를 실행하고 재발 방지 내용을 문서화합니다.

입사 초기에는 기존 자료와 업무 흐름을 파악하고 Rhino·KeyShot·CAD 환경을 익힌 뒤, 담당 영역의 개선 과제와 표준화 작업을 단계적으로 주도합니다.

성과는 결과물의 정확성, 일정 준수, 이해관계자와의 명확한 소통, 사용자와 사업에 미치는 영향을 기준으로 평가합니다.","- 산업제품 조형·사용성·양산 협의 관련 연간·분기 실행계획 수립
- 리서치·스케치·모델링·목업 수집·정리 및 핵심 이슈 분석
- Rhino·KeyShot·CAD를 활용한 업무 산출물 작성과 버전 관리
- 요구사항을 세부 과제와 일정으로 구체화하고 진행 현황 관리
- 유관 부서 및 외부 파트너와 기준·일정·결과물 조율
- 검토 회의 운영과 의사결정 근거·변경 이력 문서화
- 성과지표 설정 및 결과 데이터 분석을 통한 개선안 제안","- 산업제품 조형·사용성·양산 협의 관련 지식 또는 프로젝트·실무 경험을 보유한 분
- 리서치·스케치·모델링·목업를 정확히 해석하고 업무 문서로 구조화할 수 있는 분
- Rhino·KeyShot·CAD 중 직무에 필요한 도구를 실무에 적용할 수 있는 분
- 유관 부서와 쟁점을 명확히 설명하고 일정에 맞춰 협업할 수 있는 분
- 문제 원인을 근거에 따라 분석하고 실행 가능한 대안을 제시할 수 있는 분","- 제품디자인기사 보유자
- 컬러리스트기사 보유자
- CAD실무능력평가 1급 보유자
- 산업제품 조형·사용성·양산 협의 관련 프로젝트를 기획부터 결과 검토까지 수행한 경험","- 지원서 또는 제출서류를 허위로 기재한 경우
- 채용 과정에서 부정한 방법을 사용한 경우
- 채용검진 결과 직무 수행이 어렵다고 판단되는 경우
- 관련 법령 또는 내부 인사규정상 채용이 불가능한 경우",서류전형 > 1차면접 > 2차면접 > 채용검진
산업디자이너 실무자 채용,60,48,20260712,20260806,4,경력 3년 이상,무기계약직,충청남도,석사 이상,"지역 기반 전문기관에서 산업제품 조형·사용성·양산 협의를 담당할 산업디자이너를 모집합니다. 이 포지션은 현장의 요구를 실행 가능한 계획과 결과물로 연결하는 역할입니다.

담당 범위는 리서치·스케치·모델링·목업를 바탕으로 기준을 수립하고, 우선순위에 따라 과제를 실행하며 품질과 일정을 함께 관리하는 것입니다.

디자인 조직의 동료와 재무·영업·개발·운영 등 유관 부서, 필요한 경우 외부 파트너와 협업해 의사결정에 필요한 정보를 정리합니다.

이슈가 발생하면 사실과 데이터를 먼저 확인하고 원인을 구분한 뒤, 대안을 비교해 합의된 조치를 실행하고 재발 방지 내용을 문서화합니다.

입사 초기에는 기존 자료와 업무 흐름을 파악하고 Rhino·KeyShot·CAD 환경을 익힌 뒤, 담당 영역의 개선 과제와 표준화 작업을 단계적으로 주도합니다.

성과는 결과물의 정확성, 일정 준수, 이해관계자와의 명확한 소통, 사용자와 사업에 미치는 영향을 기준으로 평가합니다.","- 리서치·스케치·모델링·목업 수집·정리 및 핵심 이슈 분석
- Rhino·KeyShot·CAD를 활용한 업무 산출물 작성과 버전 관리
- 요구사항을 세부 과제와 일정으로 구체화하고 진행 현황 관리
- 유관 부서 및 외부 파트너와 기준·일정·결과물 조율
- 검토 회의 운영과 의사결정 근거·변경 이력 문서화
- 성과지표 설정 및 결과 데이터 분석을 통한 개선안 제안
- 업무상 리스크 사전 점검과 문제 발생 시 원인 분석·후속 조치
- 재사용 가능한 체크리스트·가이드·템플릿 정비","- 산업제품 조형·사용성·양산 협의 관련 지식 또는 프로젝트·실무 경험을 보유한 분
- 리서치·스케치·모델링·목업를 정확히 해석하고 업무 문서로 구조화할 수 있는 분
- Rhino·KeyShot·CAD 중 직무에 필요한 도구를 실무에 적용할 수 있는 분
- 유관 부서와 쟁점을 명확히 설명하고 일정에 맞춰 협업할 수 있는 분
- 문제 원인을 근거에 따라 분석하고 실행 가능한 대안을 제시할 수 있는 분
- 업무상 취급하는 개인정보와 기밀정보를 안전하게 관리할 수 있는 분","- 컬러리스트기사 보유자
- CAD실무능력평가 1급 보유자
- 제품디자인기사 보유자
- 산업제품 조형·사용성·양산 협의 관련 프로젝트를 기획부터 결과 검토까지 수행한 경험
- Rhino·KeyShot·CAD를 활용해 반복 업무를 개선하거나 품질 기준을 정립한 경험","- 제출한 경력·자격 증빙이 사실과 다른 경우
- 정해진 기한까지 필수 증빙서류를 제출하지 않은 경우
- 해외여행 및 근무에 결격사유가 있는 경우
- 채용 관련 비밀유지 의무를 위반한 경우",서류전형 > 필기전형 > 면접전형 > 최종합격
산업디자이너 전문인력 모집,66,48,20260917,20261015,7,신입,정규직,경상남도,학력무관,"디지털 서비스 조직에서 산업제품 조형·사용성·양산 협의를 담당할 산업디자이너를 모집합니다. 이 포지션은 현장의 요구를 실행 가능한 계획과 결과물로 연결하는 역할입니다.

담당 범위는 리서치·스케치·모델링·목업를 바탕으로 기준을 수립하고, 우선순위에 따라 과제를 실행하며 품질과 일정을 함께 관리하는 것입니다.

디자인 조직의 동료와 재무·영업·개발·운영 등 유관 부서, 필요한 경우 외부 파트너와 협업해 의사결정에 필요한 정보를 정리합니다.

이슈가 발생하면 사실과 데이터를 먼저 확인하고 원인을 구분한 뒤, 대안을 비교해 합의된 조치를 실행하고 재발 방지 내용을 문서화합니다.

입사 초기에는 기존 자료와 업무 흐름을 파악하고 Rhino·KeyShot·CAD 환경을 익힌 뒤, 담당 영역의 개선 과제와 표준화 작업을 단계적으로 주도합니다.

성과는 결과물의 정확성, 일정 준수, 이해관계자와의 명확한 소통, 사용자와 사업에 미치는 영향을 기준으로 평가합니다.","- Rhino·KeyShot·CAD를 활용한 업무 산출물 작성과 버전 관리
- 요구사항을 세부 과제와 일정으로 구체화하고 진행 현황 관리
- 유관 부서 및 외부 파트너와 기준·일정·결과물 조율
- 검토 회의 운영과 의사결정 근거·변경 이력 문서화
- 성과지표 설정 및 결과 데이터 분석을 통한 개선안 제안
- 업무상 리스크 사전 점검과 문제 발생 시 원인 분석·후속 조치
- 재사용 가능한 체크리스트·가이드·템플릿 정비
- 고객 또는 내부 사용자의 피드백을 반영한 결과물 품질 개선
- 산업제품 조형·사용성·양산 협의 관련 연간·분기 실행계획 수립","- 산업제품 조형·사용성·양산 협의 관련 지식 또는 프로젝트·실무 경험을 보유한 분
- 리서치·스케치·모델링·목업를 정확히 해석하고 업무 문서로 구조화할 수 있는 분
- Rhino·KeyShot·CAD 중 직무에 필요한 도구를 실무에 적용할 수 있는 분
- 유관 부서와 쟁점을 명확히 설명하고 일정에 맞춰 협업할 수 있는 분
- 문제 원인을 근거에 따라 분석하고 실행 가능한 대안을 제시할 수 있는 분
- 업무상 취급하는 개인정보와 기밀정보를 안전하게 관리할 수 있는 분
- 새로운 업무 기준과 도구를 빠르게 학습할 수 있는 분","- CAD실무능력평가 1급 보유자
- 제품디자인기사 보유자
- 컬러리스트기사 보유자
- 산업제품 조형·사용성·양산 협의 관련 프로젝트를 기획부터 결과 검토까지 수행한 경험
- Rhino·KeyShot·CAD를 활용해 반복 업무를 개선하거나 품질 기준을 정립한 경험
- 외부 파트너 또는 다양한 이해관계자와 복잡한 요구사항을 조율한 경험","- 지원 자격 또는 필수 면허 요건을 충족하지 못한 경우
- 전형 과정에서 타인의 결과물을 무단 사용한 경우
- 채용검진 결과 담당 업무 수행이 곤란한 경우
- 관계 법령상 취업이 제한되는 경우",서류전형 > 실무면접 > 최종면접
산업디자이너 인재 채용,154,48,20261122,20261223,10,경력 2년 이상,계약직,제주특별자치도,전문학사 이상,"성장 단계 스타트업에서 산업제품 조형·사용성·양산 협의를 담당할 산업디자이너를 모집합니다. 이 포지션은 현장의 요구를 실행 가능한 계획과 결과물로 연결하는 역할입니다.

담당 범위는 리서치·스케치·모델링·목업를 바탕으로 기준을 수립하고, 우선순위에 따라 과제를 실행하며 품질과 일정을 함께 관리하는 것입니다.

디자인 조직의 동료와 재무·영업·개발·운영 등 유관 부서, 필요한 경우 외부 파트너와 협업해 의사결정에 필요한 정보를 정리합니다.

이슈가 발생하면 사실과 데이터를 먼저 확인하고 원인을 구분한 뒤, 대안을 비교해 합의된 조치를 실행하고 재발 방지 내용을 문서화합니다.

입사 초기에는 기존 자료와 업무 흐름을 파악하고 Rhino·KeyShot·CAD 환경을 익힌 뒤, 담당 영역의 개선 과제와 표준화 작업을 단계적으로 주도합니다.

성과는 결과물의 정확성, 일정 준수, 이해관계자와의 명확한 소통, 사용자와 사업에 미치는 영향을 기준으로 평가합니다.","- 요구사항을 세부 과제와 일정으로 구체화하고 진행 현황 관리
- 유관 부서 및 외부 파트너와 기준·일정·결과물 조율
- 검토 회의 운영과 의사결정 근거·변경 이력 문서화
- 성과지표 설정 및 결과 데이터 분석을 통한 개선안 제안
- 업무상 리스크 사전 점검과 문제 발생 시 원인 분석·후속 조치
- 재사용 가능한 체크리스트·가이드·템플릿 정비
- 고객 또는 내부 사용자의 피드백을 반영한 결과물 품질 개선","- 산업제품 조형·사용성·양산 협의 관련 지식 또는 프로젝트·실무 경험을 보유한 분
- 리서치·스케치·모델링·목업를 정확히 해석하고 업무 문서로 구조화할 수 있는 분
- Rhino·KeyShot·CAD 중 직무에 필요한 도구를 실무에 적용할 수 있는 분
- 유관 부서와 쟁점을 명확히 설명하고 일정에 맞춰 협업할 수 있는 분
- 문제 원인을 근거에 따라 분석하고 실행 가능한 대안을 제시할 수 있는 분","- 제품디자인기사 보유자
- 컬러리스트기사 보유자
- CAD실무능력평가 1급 보유자
- 산업제품 조형·사용성·양산 협의 관련 프로젝트를 기획부터 결과 검토까지 수행한 경험","- 지원서 또는 제출서류를 허위로 기재한 경우
- 채용 과정에서 부정한 방법을 사용한 경우
- 채용검진 결과 직무 수행이 어렵다고 판단되는 경우
- 관련 법령 또는 내부 인사규정상 채용이 불가능한 경우",서류전형 > 인성검사 > 실무면접 > 최종면접
산업디자이너 공개채용,126,48,20260204,20260310,13,신입·경력,정규직,서울특별시,학사 이상,"중견기업 전략 조직에서 산업제품 조형·사용성·양산 협의를 담당할 산업디자이너를 모집합니다. 이 포지션은 현장의 요구를 실행 가능한 계획과 결과물로 연결하는 역할입니다.

담당 범위는 리서치·스케치·모델링·목업를 바탕으로 기준을 수립하고, 우선순위에 따라 과제를 실행하며 품질과 일정을 함께 관리하는 것입니다.

디자인 조직의 동료와 재무·영업·개발·운영 등 유관 부서, 필요한 경우 외부 파트너와 협업해 의사결정에 필요한 정보를 정리합니다.

이슈가 발생하면 사실과 데이터를 먼저 확인하고 원인을 구분한 뒤, 대안을 비교해 합의된 조치를 실행하고 재발 방지 내용을 문서화합니다.

입사 초기에는 기존 자료와 업무 흐름을 파악하고 Rhino·KeyShot·CAD 환경을 익힌 뒤, 담당 영역의 개선 과제와 표준화 작업을 단계적으로 주도합니다.

성과는 결과물의 정확성, 일정 준수, 이해관계자와의 명확한 소통, 사용자와 사업에 미치는 영향을 기준으로 평가합니다.","- 유관 부서 및 외부 파트너와 기준·일정·결과물 조율
- 검토 회의 운영과 의사결정 근거·변경 이력 문서화
- 성과지표 설정 및 결과 데이터 분석을 통한 개선안 제안
- 업무상 리스크 사전 점검과 문제 발생 시 원인 분석·후속 조치
- 재사용 가능한 체크리스트·가이드·템플릿 정비
- 고객 또는 내부 사용자의 피드백을 반영한 결과물 품질 개선
- 산업제품 조형·사용성·양산 협의 관련 연간·분기 실행계획 수립
- 리서치·스케치·모델링·목업 수집·정리 및 핵심 이슈 분석","- 산업제품 조형·사용성·양산 협의 관련 지식 또는 프로젝트·실무 경험을 보유한 분
- 리서치·스케치·모델링·목업를 정확히 해석하고 업무 문서로 구조화할 수 있는 분
- Rhino·KeyShot·CAD 중 직무에 필요한 도구를 실무에 적용할 수 있는 분
- 유관 부서와 쟁점을 명확히 설명하고 일정에 맞춰 협업할 수 있는 분
- 문제 원인을 근거에 따라 분석하고 실행 가능한 대안을 제시할 수 있는 분
- 업무상 취급하는 개인정보와 기밀정보를 안전하게 관리할 수 있는 분","- 컬러리스트기사 보유자
- CAD실무능력평가 1급 보유자
- 제품디자인기사 보유자
- 산업제품 조형·사용성·양산 협의 관련 프로젝트를 기획부터 결과 검토까지 수행한 경험
- Rhino·KeyShot·CAD를 활용해 반복 업무를 개선하거나 품질 기준을 정립한 경험","- 제출한 경력·자격 증빙이 사실과 다른 경우
- 정해진 기한까지 필수 증빙서류를 제출하지 않은 경우
- 해외여행 및 근무에 결격사유가 있는 경우
- 채용 관련 비밀유지 의무를 위반한 경우",서류전형 > 직무과제 > 실무면접 > 처우협의
산업디자이너 프로젝트 담당 모집,151,48,20260409,20260516,16,경력 3년 이상,무기계약직,경기도,학사 이상,"공공서비스 운영기관에서 산업제품 조형·사용성·양산 협의를 담당할 산업디자이너를 모집합니다. 이 포지션은 현장의 요구를 실행 가능한 계획과 결과물로 연결하는 역할입니다.

담당 범위는 리서치·스케치·모델링·목업를 바탕으로 기준을 수립하고, 우선순위에 따라 과제를 실행하며 품질과 일정을 함께 관리하는 것입니다.

디자인 조직의 동료와 재무·영업·개발·운영 등 유관 부서, 필요한 경우 외부 파트너와 협업해 의사결정에 필요한 정보를 정리합니다.

이슈가 발생하면 사실과 데이터를 먼저 확인하고 원인을 구분한 뒤, 대안을 비교해 합의된 조치를 실행하고 재발 방지 내용을 문서화합니다.

입사 초기에는 기존 자료와 업무 흐름을 파악하고 Rhino·KeyShot·CAD 환경을 익힌 뒤, 담당 영역의 개선 과제와 표준화 작업을 단계적으로 주도합니다.

성과는 결과물의 정확성, 일정 준수, 이해관계자와의 명확한 소통, 사용자와 사업에 미치는 영향을 기준으로 평가합니다.","- 검토 회의 운영과 의사결정 근거·변경 이력 문서화
- 성과지표 설정 및 결과 데이터 분석을 통한 개선안 제안
- 업무상 리스크 사전 점검과 문제 발생 시 원인 분석·후속 조치
- 재사용 가능한 체크리스트·가이드·템플릿 정비
- 고객 또는 내부 사용자의 피드백을 반영한 결과물 품질 개선
- 산업제품 조형·사용성·양산 협의 관련 연간·분기 실행계획 수립
- 리서치·스케치·모델링·목업 수집·정리 및 핵심 이슈 분석
- Rhino·KeyShot·CAD를 활용한 업무 산출물 작성과 버전 관리
- 요구사항을 세부 과제와 일정으로 구체화하고 진행 현황 관리","- 산업제품 조형·사용성·양산 협의 관련 지식 또는 프로젝트·실무 경험을 보유한 분
- 리서치·스케치·모델링·목업를 정확히 해석하고 업무 문서로 구조화할 수 있는 분
- Rhino·KeyShot·CAD 중 직무에 필요한 도구를 실무에 적용할 수 있는 분
- 유관 부서와 쟁점을 명확히 설명하고 일정에 맞춰 협업할 수 있는 분
- 문제 원인을 근거에 따라 분석하고 실행 가능한 대안을 제시할 수 있는 분
- 업무상 취급하는 개인정보와 기밀정보를 안전하게 관리할 수 있는 분
- 산업디자이너 또는 유사 분야의 3년 이상 실무 경험을 보유한 분","- CAD실무능력평가 1급 보유자
- 제품디자인기사 보유자
- 컬러리스트기사 보유자
- 산업제품 조형·사용성·양산 협의 관련 프로젝트를 기획부터 결과 검토까지 수행한 경험
- Rhino·KeyShot·CAD를 활용해 반복 업무를 개선하거나 품질 기준을 정립한 경험
- 외부 파트너 또는 다양한 이해관계자와 복잡한 요구사항을 조율한 경험","- 지원 자격 또는 필수 면허 요건을 충족하지 못한 경우
- 전형 과정에서 타인의 결과물을 무단 사용한 경우
- 채용검진 결과 담당 업무 수행이 곤란한 경우
- 관계 법령상 취업이 제한되는 경우",서류전형 > 1차면접 > 2차면접 > 채용검진
산업디자이너 운영 담당자 채용,129,48,20260614,20260724,19,경력 무관,정규직,인천광역시,석사 이상,"전문 컨설팅 조직에서 산업제품 조형·사용성·양산 협의를 담당할 산업디자이너를 모집합니다. 이 포지션은 현장의 요구를 실행 가능한 계획과 결과물로 연결하는 역할입니다.

담당 범위는 리서치·스케치·모델링·목업를 바탕으로 기준을 수립하고, 우선순위에 따라 과제를 실행하며 품질과 일정을 함께 관리하는 것입니다.

디자인 조직의 동료와 재무·영업·개발·운영 등 유관 부서, 필요한 경우 외부 파트너와 협업해 의사결정에 필요한 정보를 정리합니다.

이슈가 발생하면 사실과 데이터를 먼저 확인하고 원인을 구분한 뒤, 대안을 비교해 합의된 조치를 실행하고 재발 방지 내용을 문서화합니다.

입사 초기에는 기존 자료와 업무 흐름을 파악하고 Rhino·KeyShot·CAD 환경을 익힌 뒤, 담당 영역의 개선 과제와 표준화 작업을 단계적으로 주도합니다.

성과는 결과물의 정확성, 일정 준수, 이해관계자와의 명확한 소통, 사용자와 사업에 미치는 영향을 기준으로 평가합니다.","- 성과지표 설정 및 결과 데이터 분석을 통한 개선안 제안
- 업무상 리스크 사전 점검과 문제 발생 시 원인 분석·후속 조치
- 재사용 가능한 체크리스트·가이드·템플릿 정비
- 고객 또는 내부 사용자의 피드백을 반영한 결과물 품질 개선
- 산업제품 조형·사용성·양산 협의 관련 연간·분기 실행계획 수립
- 리서치·스케치·모델링·목업 수집·정리 및 핵심 이슈 분석
- Rhino·KeyShot·CAD를 활용한 업무 산출물 작성과 버전 관리","- 산업제품 조형·사용성·양산 협의 관련 지식 또는 프로젝트·실무 경험을 보유한 분
- 리서치·스케치·모델링·목업를 정확히 해석하고 업무 문서로 구조화할 수 있는 분
- Rhino·KeyShot·CAD 중 직무에 필요한 도구를 실무에 적용할 수 있는 분
- 유관 부서와 쟁점을 명확히 설명하고 일정에 맞춰 협업할 수 있는 분
- 문제 원인을 근거에 따라 분석하고 실행 가능한 대안을 제시할 수 있는 분","- 제품디자인기사 보유자
- 컬러리스트기사 보유자
- CAD실무능력평가 1급 보유자
- 산업제품 조형·사용성·양산 협의 관련 프로젝트를 기획부터 결과 검토까지 수행한 경험","- 지원서 또는 제출서류를 허위로 기재한 경우
- 채용 과정에서 부정한 방법을 사용한 경우
- 채용검진 결과 직무 수행이 어렵다고 판단되는 경우
- 관련 법령 또는 내부 인사규정상 채용이 불가능한 경우",서류전형 > 필기전형 > 면접전형 > 최종합격
산업디자이너 핵심인재 모집,100,48,20260819,20261001,2,경력 5년 이상,기간제,대전광역시,학력무관,"글로벌 사업 조직에서 산업제품 조형·사용성·양산 협의를 담당할 산업디자이너를 모집합니다. 이 포지션은 현장의 요구를 실행 가능한 계획과 결과물로 연결하는 역할입니다.

담당 범위는 리서치·스케치·모델링·목업를 바탕으로 기준을 수립하고, 우선순위에 따라 과제를 실행하며 품질과 일정을 함께 관리하는 것입니다.

디자인 조직의 동료와 재무·영업·개발·운영 등 유관 부서, 필요한 경우 외부 파트너와 협업해 의사결정에 필요한 정보를 정리합니다.

이슈가 발생하면 사실과 데이터를 먼저 확인하고 원인을 구분한 뒤, 대안을 비교해 합의된 조치를 실행하고 재발 방지 내용을 문서화합니다.

입사 초기에는 기존 자료와 업무 흐름을 파악하고 Rhino·KeyShot·CAD 환경을 익힌 뒤, 담당 영역의 개선 과제와 표준화 작업을 단계적으로 주도합니다.

성과는 결과물의 정확성, 일정 준수, 이해관계자와의 명확한 소통, 사용자와 사업에 미치는 영향을 기준으로 평가합니다.","- 업무상 리스크 사전 점검과 문제 발생 시 원인 분석·후속 조치
- 재사용 가능한 체크리스트·가이드·템플릿 정비
- 고객 또는 내부 사용자의 피드백을 반영한 결과물 품질 개선
- 산업제품 조형·사용성·양산 협의 관련 연간·분기 실행계획 수립
- 리서치·스케치·모델링·목업 수집·정리 및 핵심 이슈 분석
- Rhino·KeyShot·CAD를 활용한 업무 산출물 작성과 버전 관리
- 요구사항을 세부 과제와 일정으로 구체화하고 진행 현황 관리
- 유관 부서 및 외부 파트너와 기준·일정·결과물 조율","- 산업제품 조형·사용성·양산 협의 관련 지식 또는 프로젝트·실무 경험을 보유한 분
- 리서치·스케치·모델링·목업를 정확히 해석하고 업무 문서로 구조화할 수 있는 분
- Rhino·KeyShot·CAD 중 직무에 필요한 도구를 실무에 적용할 수 있는 분
- 유관 부서와 쟁점을 명확히 설명하고 일정에 맞춰 협업할 수 있는 분
- 문제 원인을 근거에 따라 분석하고 실행 가능한 대안을 제시할 수 있는 분
- 업무상 취급하는 개인정보와 기밀정보를 안전하게 관리할 수 있는 분","- 컬러리스트기사 보유자
- CAD실무능력평가 1급 보유자
- 제품디자인기사 보유자
- 산업제품 조형·사용성·양산 협의 관련 프로젝트를 기획부터 결과 검토까지 수행한 경험
- Rhino·KeyShot·CAD를 활용해 반복 업무를 개선하거나 품질 기준을 정립한 경험","- 제출한 경력·자격 증빙이 사실과 다른 경우
- 정해진 기한까지 필수 증빙서류를 제출하지 않은 경우
- 해외여행 및 근무에 결격사유가 있는 경우
- 채용 관련 비밀유지 의무를 위반한 경우",서류전형 > 실무면접 > 최종면접
산업디자이너 전문가 채용,98,48,20261001,20261011,5,경력,정규직,부산광역시,전문학사 이상,"연구개발 중심 조직에서 산업제품 조형·사용성·양산 협의를 담당할 산업디자이너를 모집합니다. 이 포지션은 현장의 요구를 실행 가능한 계획과 결과물로 연결하는 역할입니다.

담당 범위는 리서치·스케치·모델링·목업를 바탕으로 기준을 수립하고, 우선순위에 따라 과제를 실행하며 품질과 일정을 함께 관리하는 것입니다.

디자인 조직의 동료와 재무·영업·개발·운영 등 유관 부서, 필요한 경우 외부 파트너와 협업해 의사결정에 필요한 정보를 정리합니다.

이슈가 발생하면 사실과 데이터를 먼저 확인하고 원인을 구분한 뒤, 대안을 비교해 합의된 조치를 실행하고 재발 방지 내용을 문서화합니다.

입사 초기에는 기존 자료와 업무 흐름을 파악하고 Rhino·KeyShot·CAD 환경을 익힌 뒤, 담당 영역의 개선 과제와 표준화 작업을 단계적으로 주도합니다.

성과는 결과물의 정확성, 일정 준수, 이해관계자와의 명확한 소통, 사용자와 사업에 미치는 영향을 기준으로 평가합니다.","- 재사용 가능한 체크리스트·가이드·템플릿 정비
- 고객 또는 내부 사용자의 피드백을 반영한 결과물 품질 개선
- 산업제품 조형·사용성·양산 협의 관련 연간·분기 실행계획 수립
- 리서치·스케치·모델링·목업 수집·정리 및 핵심 이슈 분석
- Rhino·KeyShot·CAD를 활용한 업무 산출물 작성과 버전 관리
- 요구사항을 세부 과제와 일정으로 구체화하고 진행 현황 관리
- 유관 부서 및 외부 파트너와 기준·일정·결과물 조율
- 검토 회의 운영과 의사결정 근거·변경 이력 문서화
- 성과지표 설정 및 결과 데이터 분석을 통한 개선안 제안","- 산업제품 조형·사용성·양산 협의 관련 지식 또는 프로젝트·실무 경험을 보유한 분
- 리서치·스케치·모델링·목업를 정확히 해석하고 업무 문서로 구조화할 수 있는 분
- Rhino·KeyShot·CAD 중 직무에 필요한 도구를 실무에 적용할 수 있는 분
- 유관 부서와 쟁점을 명확히 설명하고 일정에 맞춰 협업할 수 있는 분
- 문제 원인을 근거에 따라 분석하고 실행 가능한 대안을 제시할 수 있는 분
- 업무상 취급하는 개인정보와 기밀정보를 안전하게 관리할 수 있는 분
- 산업디자이너 또는 유사 분야의 경력 실무 경험을 보유한 분","- CAD실무능력평가 1급 보유자
- 제품디자인기사 보유자
- 컬러리스트기사 보유자
- 산업제품 조형·사용성·양산 협의 관련 프로젝트를 기획부터 결과 검토까지 수행한 경험
- Rhino·KeyShot·CAD를 활용해 반복 업무를 개선하거나 품질 기준을 정립한 경험
- 외부 파트너 또는 다양한 이해관계자와 복잡한 요구사항을 조율한 경험","- 지원 자격 또는 필수 면허 요건을 충족하지 못한 경우
- 전형 과정에서 타인의 결과물을 무단 사용한 경우
- 채용검진 결과 담당 업무 수행이 곤란한 경우
- 관계 법령상 취업이 제한되는 경우",서류전형 > 인성검사 > 실무면접 > 최종면접
산업디자이너 신규 인력 모집,112,48,20260106,20260119,8,신입·경력,계약직,광주광역시,학사 이상,"플랫폼 운영 조직에서 산업제품 조형·사용성·양산 협의를 담당할 산업디자이너를 모집합니다. 이 포지션은 현장의 요구를 실행 가능한 계획과 결과물로 연결하는 역할입니다.

담당 범위는 리서치·스케치·모델링·목업를 바탕으로 기준을 수립하고, 우선순위에 따라 과제를 실행하며 품질과 일정을 함께 관리하는 것입니다.

디자인 조직의 동료와 재무·영업·개발·운영 등 유관 부서, 필요한 경우 외부 파트너와 협업해 의사결정에 필요한 정보를 정리합니다.

이슈가 발생하면 사실과 데이터를 먼저 확인하고 원인을 구분한 뒤, 대안을 비교해 합의된 조치를 실행하고 재발 방지 내용을 문서화합니다.

입사 초기에는 기존 자료와 업무 흐름을 파악하고 Rhino·KeyShot·CAD 환경을 익힌 뒤, 담당 영역의 개선 과제와 표준화 작업을 단계적으로 주도합니다.

성과는 결과물의 정확성, 일정 준수, 이해관계자와의 명확한 소통, 사용자와 사업에 미치는 영향을 기준으로 평가합니다.","- 고객 또는 내부 사용자의 피드백을 반영한 결과물 품질 개선
- 산업제품 조형·사용성·양산 협의 관련 연간·분기 실행계획 수립
- 리서치·스케치·모델링·목업 수집·정리 및 핵심 이슈 분석
- Rhino·KeyShot·CAD를 활용한 업무 산출물 작성과 버전 관리
- 요구사항을 세부 과제와 일정으로 구체화하고 진행 현황 관리
- 유관 부서 및 외부 파트너와 기준·일정·결과물 조율
- 검토 회의 운영과 의사결정 근거·변경 이력 문서화","- 산업제품 조형·사용성·양산 협의 관련 지식 또는 프로젝트·실무 경험을 보유한 분
- 리서치·스케치·모델링·목업를 정확히 해석하고 업무 문서로 구조화할 수 있는 분
- Rhino·KeyShot·CAD 중 직무에 필요한 도구를 실무에 적용할 수 있는 분
- 유관 부서와 쟁점을 명확히 설명하고 일정에 맞춰 협업할 수 있는 분
- 문제 원인을 근거에 따라 분석하고 실행 가능한 대안을 제시할 수 있는 분","- 제품디자인기사 보유자
- 컬러리스트기사 보유자
- CAD실무능력평가 1급 보유자
- 산업제품 조형·사용성·양산 협의 관련 프로젝트를 기획부터 결과 검토까지 수행한 경험","- 지원서 또는 제출서류를 허위로 기재한 경우
- 채용 과정에서 부정한 방법을 사용한 경우
- 채용검진 결과 직무 수행이 어렵다고 판단되는 경우
- 관련 법령 또는 내부 인사규정상 채용이 불가능한 경우",서류전형 > 직무과제 > 실무면접 > 처우협의
광고디자이너 담당자 모집,35,49,20260610,20260709,6,경력 3년 이상,무기계약직,경상남도,석사 이상,"지역 기반 전문기관에서 캠페인 비주얼·매체 소재 제작을 담당할 광고디자이너를 모집합니다. 이 포지션은 현장의 요구를 실행 가능한 계획과 결과물로 연결하는 역할입니다.

담당 범위는 광고 브리프·키비주얼·매체 규격를 바탕으로 기준을 수립하고, 우선순위에 따라 과제를 실행하며 품질과 일정을 함께 관리하는 것입니다.

디자인 조직의 동료와 재무·영업·개발·운영 등 유관 부서, 필요한 경우 외부 파트너와 협업해 의사결정에 필요한 정보를 정리합니다.

이슈가 발생하면 사실과 데이터를 먼저 확인하고 원인을 구분한 뒤, 대안을 비교해 합의된 조치를 실행하고 재발 방지 내용을 문서화합니다.

입사 초기에는 기존 자료와 업무 흐름을 파악하고 Photoshop·Illustrator·After Effects 환경을 익힌 뒤, 담당 영역의 개선 과제와 표준화 작업을 단계적으로 주도합니다.

성과는 결과물의 정확성, 일정 준수, 이해관계자와의 명확한 소통, 사용자와 사업에 미치는 영향을 기준으로 평가합니다.","- 캠페인 비주얼·매체 소재 제작 관련 연간·분기 실행계획 수립
- 광고 브리프·키비주얼·매체 규격 수집·정리 및 핵심 이슈 분석
- Photoshop·Illustrator·After Effects를 활용한 업무 산출물 작성과 버전 관리
- 요구사항을 세부 과제와 일정으로 구체화하고 진행 현황 관리
- 유관 부서 및 외부 파트너와 기준·일정·결과물 조율
- 검토 회의 운영과 의사결정 근거·변경 이력 문서화
- 성과지표 설정 및 결과 데이터 분석을 통한 개선안 제안","- 캠페인 비주얼·매체 소재 제작 관련 지식 또는 프로젝트·실무 경험을 보유한 분
- 광고 브리프·키비주얼·매체 규격를 정확히 해석하고 업무 문서로 구조화할 수 있는 분
- Photoshop·Illustrator·After Effects 중 직무에 필요한 도구를 실무에 적용할 수 있는 분
- 유관 부서와 쟁점을 명확히 설명하고 일정에 맞춰 협업할 수 있는 분
- 문제 원인을 근거에 따라 분석하고 실행 가능한 대안을 제시할 수 있는 분","- Adobe Certified Professional 보유자
- GTQ 1급 보유자
- 시각디자인기사 보유자
- 캠페인 비주얼·매체 소재 제작 관련 프로젝트를 기획부터 결과 검토까지 수행한 경험","- 제출한 경력·자격 증빙이 사실과 다른 경우
- 정해진 기한까지 필수 증빙서류를 제출하지 않은 경우
- 해외여행 및 근무에 결격사유가 있는 경우
- 채용 관련 비밀유지 의무를 위반한 경우",서류전형 > 필기전형 > 면접전형 > 최종합격
광고디자이너 실무자 채용,73,49,20260815,20260916,9,신입,정규직,제주특별자치도,학력무관,"디지털 서비스 조직에서 캠페인 비주얼·매체 소재 제작을 담당할 광고디자이너를 모집합니다. 이 포지션은 현장의 요구를 실행 가능한 계획과 결과물로 연결하는 역할입니다.

담당 범위는 광고 브리프·키비주얼·매체 규격를 바탕으로 기준을 수립하고, 우선순위에 따라 과제를 실행하며 품질과 일정을 함께 관리하는 것입니다.

디자인 조직의 동료와 재무·영업·개발·운영 등 유관 부서, 필요한 경우 외부 파트너와 협업해 의사결정에 필요한 정보를 정리합니다.

이슈가 발생하면 사실과 데이터를 먼저 확인하고 원인을 구분한 뒤, 대안을 비교해 합의된 조치를 실행하고 재발 방지 내용을 문서화합니다.

입사 초기에는 기존 자료와 업무 흐름을 파악하고 Photoshop·Illustrator·After Effects 환경을 익힌 뒤, 담당 영역의 개선 과제와 표준화 작업을 단계적으로 주도합니다.

성과는 결과물의 정확성, 일정 준수, 이해관계자와의 명확한 소통, 사용자와 사업에 미치는 영향을 기준으로 평가합니다.","- 광고 브리프·키비주얼·매체 규격 수집·정리 및 핵심 이슈 분석
- Photoshop·Illustrator·After Effects를 활용한 업무 산출물 작성과 버전 관리
- 요구사항을 세부 과제와 일정으로 구체화하고 진행 현황 관리
- 유관 부서 및 외부 파트너와 기준·일정·결과물 조율
- 검토 회의 운영과 의사결정 근거·변경 이력 문서화
- 성과지표 설정 및 결과 데이터 분석을 통한 개선안 제안
- 업무상 리스크 사전 점검과 문제 발생 시 원인 분석·후속 조치
- 재사용 가능한 체크리스트·가이드·템플릿 정비","- 캠페인 비주얼·매체 소재 제작 관련 지식 또는 프로젝트·실무 경험을 보유한 분
- 광고 브리프·키비주얼·매체 규격를 정확히 해석하고 업무 문서로 구조화할 수 있는 분
- Photoshop·Illustrator·After Effects 중 직무에 필요한 도구를 실무에 적용할 수 있는 분
- 유관 부서와 쟁점을 명확히 설명하고 일정에 맞춰 협업할 수 있는 분
- 문제 원인을 근거에 따라 분석하고 실행 가능한 대안을 제시할 수 있는 분
- 업무상 취급하는 개인정보와 기밀정보를 안전하게 관리할 수 있는 분","- GTQ 1급 보유자
- 시각디자인기사 보유자
- Adobe Certified Professional 보유자
- 캠페인 비주얼·매체 소재 제작 관련 프로젝트를 기획부터 결과 검토까지 수행한 경험
- Photoshop·Illustrator·After Effects를 활용해 반복 업무를 개선하거나 품질 기준을 정립한 경험","- 지원 자격 또는 필수 면허 요건을 충족하지 못한 경우
- 전형 과정에서 타인의 결과물을 무단 사용한 경우
- 채용검진 결과 담당 업무 수행이 곤란한 경우
- 관계 법령상 취업이 제한되는 경우",서류전형 > 실무면접 > 최종면접
광고디자이너 전문인력 모집,132,49,20261020,20261124,12,경력 2년 이상,계약직,서울특별시,전문학사 이상,"성장 단계 스타트업에서 캠페인 비주얼·매체 소재 제작을 담당할 광고디자이너를 모집합니다. 이 포지션은 현장의 요구를 실행 가능한 계획과 결과물로 연결하는 역할입니다.

담당 범위는 광고 브리프·키비주얼·매체 규격를 바탕으로 기준을 수립하고, 우선순위에 따라 과제를 실행하며 품질과 일정을 함께 관리하는 것입니다.

디자인 조직의 동료와 재무·영업·개발·운영 등 유관 부서, 필요한 경우 외부 파트너와 협업해 의사결정에 필요한 정보를 정리합니다.

이슈가 발생하면 사실과 데이터를 먼저 확인하고 원인을 구분한 뒤, 대안을 비교해 합의된 조치를 실행하고 재발 방지 내용을 문서화합니다.

입사 초기에는 기존 자료와 업무 흐름을 파악하고 Photoshop·Illustrator·After Effects 환경을 익힌 뒤, 담당 영역의 개선 과제와 표준화 작업을 단계적으로 주도합니다.

성과는 결과물의 정확성, 일정 준수, 이해관계자와의 명확한 소통, 사용자와 사업에 미치는 영향을 기준으로 평가합니다.","- Photoshop·Illustrator·After Effects를 활용한 업무 산출물 작성과 버전 관리
- 요구사항을 세부 과제와 일정으로 구체화하고 진행 현황 관리
- 유관 부서 및 외부 파트너와 기준·일정·결과물 조율
- 검토 회의 운영과 의사결정 근거·변경 이력 문서화
- 성과지표 설정 및 결과 데이터 분석을 통한 개선안 제안
- 업무상 리스크 사전 점검과 문제 발생 시 원인 분석·후속 조치
- 재사용 가능한 체크리스트·가이드·템플릿 정비
- 고객 또는 내부 사용자의 피드백을 반영한 결과물 품질 개선
- 캠페인 비주얼·매체 소재 제작 관련 연간·분기 실행계획 수립","- 캠페인 비주얼·매체 소재 제작 관련 지식 또는 프로젝트·실무 경험을 보유한 분
- 광고 브리프·키비주얼·매체 규격를 정확히 해석하고 업무 문서로 구조화할 수 있는 분
- Photoshop·Illustrator·After Effects 중 직무에 필요한 도구를 실무에 적용할 수 있는 분
- 유관 부서와 쟁점을 명확히 설명하고 일정에 맞춰 협업할 수 있는 분
- 문제 원인을 근거에 따라 분석하고 실행 가능한 대안을 제시할 수 있는 분
- 업무상 취급하는 개인정보와 기밀정보를 안전하게 관리할 수 있는 분
- 광고디자이너 또는 유사 분야의 2년 이상 실무 경험을 보유한 분","- 시각디자인기사 보유자
- Adobe Certified Professional 보유자
- GTQ 1급 보유자
- 캠페인 비주얼·매체 소재 제작 관련 프로젝트를 기획부터 결과 검토까지 수행한 경험
- Photoshop·Illustrator·After Effects를 활용해 반복 업무를 개선하거나 품질 기준을 정립한 경험
- 외부 파트너 또는 다양한 이해관계자와 복잡한 요구사항을 조율한 경험","- 지원서 또는 제출서류를 허위로 기재한 경우
- 채용 과정에서 부정한 방법을 사용한 경우
- 채용검진 결과 직무 수행이 어렵다고 판단되는 경우
- 관련 법령 또는 내부 인사규정상 채용이 불가능한 경우",서류전형 > 인성검사 > 실무면접 > 최종면접
광고디자이너 인재 채용,2,49,20260102,20260209,15,신입·경력,정규직,경기도,학사 이상,"중견기업 전략 조직에서 캠페인 비주얼·매체 소재 제작을 담당할 광고디자이너를 모집합니다. 이 포지션은 현장의 요구를 실행 가능한 계획과 결과물로 연결하는 역할입니다.

담당 범위는 광고 브리프·키비주얼·매체 규격를 바탕으로 기준을 수립하고, 우선순위에 따라 과제를 실행하며 품질과 일정을 함께 관리하는 것입니다.

디자인 조직의 동료와 재무·영업·개발·운영 등 유관 부서, 필요한 경우 외부 파트너와 협업해 의사결정에 필요한 정보를 정리합니다.

이슈가 발생하면 사실과 데이터를 먼저 확인하고 원인을 구분한 뒤, 대안을 비교해 합의된 조치를 실행하고 재발 방지 내용을 문서화합니다.

입사 초기에는 기존 자료와 업무 흐름을 파악하고 Photoshop·Illustrator·After Effects 환경을 익힌 뒤, 담당 영역의 개선 과제와 표준화 작업을 단계적으로 주도합니다.

성과는 결과물의 정확성, 일정 준수, 이해관계자와의 명확한 소통, 사용자와 사업에 미치는 영향을 기준으로 평가합니다.","- 요구사항을 세부 과제와 일정으로 구체화하고 진행 현황 관리
- 유관 부서 및 외부 파트너와 기준·일정·결과물 조율
- 검토 회의 운영과 의사결정 근거·변경 이력 문서화
- 성과지표 설정 및 결과 데이터 분석을 통한 개선안 제안
- 업무상 리스크 사전 점검과 문제 발생 시 원인 분석·후속 조치
- 재사용 가능한 체크리스트·가이드·템플릿 정비
- 고객 또는 내부 사용자의 피드백을 반영한 결과물 품질 개선","- 캠페인 비주얼·매체 소재 제작 관련 지식 또는 프로젝트·실무 경험을 보유한 분
- 광고 브리프·키비주얼·매체 규격를 정확히 해석하고 업무 문서로 구조화할 수 있는 분
- Photoshop·Illustrator·After Effects 중 직무에 필요한 도구를 실무에 적용할 수 있는 분
- 유관 부서와 쟁점을 명확히 설명하고 일정에 맞춰 협업할 수 있는 분
- 문제 원인을 근거에 따라 분석하고 실행 가능한 대안을 제시할 수 있는 분","- Adobe Certified Professional 보유자
- GTQ 1급 보유자
- 시각디자인기사 보유자
- 캠페인 비주얼·매체 소재 제작 관련 프로젝트를 기획부터 결과 검토까지 수행한 경험","- 제출한 경력·자격 증빙이 사실과 다른 경우
- 정해진 기한까지 필수 증빙서류를 제출하지 않은 경우
- 해외여행 및 근무에 결격사유가 있는 경우
- 채용 관련 비밀유지 의무를 위반한 경우",서류전형 > 직무과제 > 실무면접 > 처우협의
광고디자이너 공개채용,71,49,20260307,20260417,18,경력 3년 이상,무기계약직,인천광역시,학사 이상,"공공서비스 운영기관에서 캠페인 비주얼·매체 소재 제작을 담당할 광고디자이너를 모집합니다. 이 포지션은 현장의 요구를 실행 가능한 계획과 결과물로 연결하는 역할입니다.

담당 범위는 광고 브리프·키비주얼·매체 규격를 바탕으로 기준을 수립하고, 우선순위에 따라 과제를 실행하며 품질과 일정을 함께 관리하는 것입니다.

디자인 조직의 동료와 재무·영업·개발·운영 등 유관 부서, 필요한 경우 외부 파트너와 협업해 의사결정에 필요한 정보를 정리합니다.

이슈가 발생하면 사실과 데이터를 먼저 확인하고 원인을 구분한 뒤, 대안을 비교해 합의된 조치를 실행하고 재발 방지 내용을 문서화합니다.

입사 초기에는 기존 자료와 업무 흐름을 파악하고 Photoshop·Illustrator·After Effects 환경을 익힌 뒤, 담당 영역의 개선 과제와 표준화 작업을 단계적으로 주도합니다.

성과는 결과물의 정확성, 일정 준수, 이해관계자와의 명확한 소통, 사용자와 사업에 미치는 영향을 기준으로 평가합니다.","- 유관 부서 및 외부 파트너와 기준·일정·결과물 조율
- 검토 회의 운영과 의사결정 근거·변경 이력 문서화
- 성과지표 설정 및 결과 데이터 분석을 통한 개선안 제안
- 업무상 리스크 사전 점검과 문제 발생 시 원인 분석·후속 조치
- 재사용 가능한 체크리스트·가이드·템플릿 정비
- 고객 또는 내부 사용자의 피드백을 반영한 결과물 품질 개선
- 캠페인 비주얼·매체 소재 제작 관련 연간·분기 실행계획 수립
- 광고 브리프·키비주얼·매체 규격 수집·정리 및 핵심 이슈 분석","- 캠페인 비주얼·매체 소재 제작 관련 지식 또는 프로젝트·실무 경험을 보유한 분
- 광고 브리프·키비주얼·매체 규격를 정확히 해석하고 업무 문서로 구조화할 수 있는 분
- Photoshop·Illustrator·After Effects 중 직무에 필요한 도구를 실무에 적용할 수 있는 분
- 유관 부서와 쟁점을 명확히 설명하고 일정에 맞춰 협업할 수 있는 분
- 문제 원인을 근거에 따라 분석하고 실행 가능한 대안을 제시할 수 있는 분
- 업무상 취급하는 개인정보와 기밀정보를 안전하게 관리할 수 있는 분","- GTQ 1급 보유자
- 시각디자인기사 보유자
- Adobe Certified Professional 보유자
- 캠페인 비주얼·매체 소재 제작 관련 프로젝트를 기획부터 결과 검토까지 수행한 경험
- Photoshop·Illustrator·After Effects를 활용해 반복 업무를 개선하거나 품질 기준을 정립한 경험","- 지원 자격 또는 필수 면허 요건을 충족하지 못한 경우
- 전형 과정에서 타인의 결과물을 무단 사용한 경우
- 채용검진 결과 담당 업무 수행이 곤란한 경우
- 관계 법령상 취업이 제한되는 경우",서류전형 > 1차면접 > 2차면접 > 채용검진
광고디자이너 프로젝트 담당 모집,67,49,20260512,20260625,1,경력 무관,정규직,대전광역시,석사 이상,"전문 컨설팅 조직에서 캠페인 비주얼·매체 소재 제작을 담당할 광고디자이너를 모집합니다. 이 포지션은 현장의 요구를 실행 가능한 계획과 결과물로 연결하는 역할입니다.

담당 범위는 광고 브리프·키비주얼·매체 규격를 바탕으로 기준을 수립하고, 우선순위에 따라 과제를 실행하며 품질과 일정을 함께 관리하는 것입니다.

디자인 조직의 동료와 재무·영업·개발·운영 등 유관 부서, 필요한 경우 외부 파트너와 협업해 의사결정에 필요한 정보를 정리합니다.

이슈가 발생하면 사실과 데이터를 먼저 확인하고 원인을 구분한 뒤, 대안을 비교해 합의된 조치를 실행하고 재발 방지 내용을 문서화합니다.

입사 초기에는 기존 자료와 업무 흐름을 파악하고 Photoshop·Illustrator·After Effects 환경을 익힌 뒤, 담당 영역의 개선 과제와 표준화 작업을 단계적으로 주도합니다.

성과는 결과물의 정확성, 일정 준수, 이해관계자와의 명확한 소통, 사용자와 사업에 미치는 영향을 기준으로 평가합니다.","- 검토 회의 운영과 의사결정 근거·변경 이력 문서화
- 성과지표 설정 및 결과 데이터 분석을 통한 개선안 제안
- 업무상 리스크 사전 점검과 문제 발생 시 원인 분석·후속 조치
- 재사용 가능한 체크리스트·가이드·템플릿 정비
- 고객 또는 내부 사용자의 피드백을 반영한 결과물 품질 개선
- 캠페인 비주얼·매체 소재 제작 관련 연간·분기 실행계획 수립
- 광고 브리프·키비주얼·매체 규격 수집·정리 및 핵심 이슈 분석
- Photoshop·Illustrator·After Effects를 활용한 업무 산출물 작성과 버전 관리
- 요구사항을 세부 과제와 일정으로 구체화하고 진행 현황 관리","- 캠페인 비주얼·매체 소재 제작 관련 지식 또는 프로젝트·실무 경험을 보유한 분
- 광고 브리프·키비주얼·매체 규격를 정확히 해석하고 업무 문서로 구조화할 수 있는 분
- Photoshop·Illustrator·After Effects 중 직무에 필요한 도구를 실무에 적용할 수 있는 분
- 유관 부서와 쟁점을 명확히 설명하고 일정에 맞춰 협업할 수 있는 분
- 문제 원인을 근거에 따라 분석하고 실행 가능한 대안을 제시할 수 있는 분
- 업무상 취급하는 개인정보와 기밀정보를 안전하게 관리할 수 있는 분
- 새로운 업무 기준과 도구를 빠르게 학습할 수 있는 분","- 시각디자인기사 보유자
- Adobe Certified Professional 보유자
- GTQ 1급 보유자
- 캠페인 비주얼·매체 소재 제작 관련 프로젝트를 기획부터 결과 검토까지 수행한 경험
- Photoshop·Illustrator·After Effects를 활용해 반복 업무를 개선하거나 품질 기준을 정립한 경험
- 외부 파트너 또는 다양한 이해관계자와 복잡한 요구사항을 조율한 경험","- 지원서 또는 제출서류를 허위로 기재한 경우
- 채용 과정에서 부정한 방법을 사용한 경우
- 채용검진 결과 직무 수행이 어렵다고 판단되는 경우
- 관련 법령 또는 내부 인사규정상 채용이 불가능한 경우",서류전형 > 필기전형 > 면접전형 > 최종합격
광고디자이너 운영 담당자 채용,39,49,20260717,20260728,4,경력 5년 이상,기간제,부산광역시,학력무관,"글로벌 사업 조직에서 캠페인 비주얼·매체 소재 제작을 담당할 광고디자이너를 모집합니다. 이 포지션은 현장의 요구를 실행 가능한 계획과 결과물로 연결하는 역할입니다.

담당 범위는 광고 브리프·키비주얼·매체 규격를 바탕으로 기준을 수립하고, 우선순위에 따라 과제를 실행하며 품질과 일정을 함께 관리하는 것입니다.

디자인 조직의 동료와 재무·영업·개발·운영 등 유관 부서, 필요한 경우 외부 파트너와 협업해 의사결정에 필요한 정보를 정리합니다.

이슈가 발생하면 사실과 데이터를 먼저 확인하고 원인을 구분한 뒤, 대안을 비교해 합의된 조치를 실행하고 재발 방지 내용을 문서화합니다.

입사 초기에는 기존 자료와 업무 흐름을 파악하고 Photoshop·Illustrator·After Effects 환경을 익힌 뒤, 담당 영역의 개선 과제와 표준화 작업을 단계적으로 주도합니다.

성과는 결과물의 정확성, 일정 준수, 이해관계자와의 명확한 소통, 사용자와 사업에 미치는 영향을 기준으로 평가합니다.","- 성과지표 설정 및 결과 데이터 분석을 통한 개선안 제안
- 업무상 리스크 사전 점검과 문제 발생 시 원인 분석·후속 조치
- 재사용 가능한 체크리스트·가이드·템플릿 정비
- 고객 또는 내부 사용자의 피드백을 반영한 결과물 품질 개선
- 캠페인 비주얼·매체 소재 제작 관련 연간·분기 실행계획 수립
- 광고 브리프·키비주얼·매체 규격 수집·정리 및 핵심 이슈 분석
- Photoshop·Illustrator·After Effects를 활용한 업무 산출물 작성과 버전 관리","- 캠페인 비주얼·매체 소재 제작 관련 지식 또는 프로젝트·실무 경험을 보유한 분
- 광고 브리프·키비주얼·매체 규격를 정확히 해석하고 업무 문서로 구조화할 수 있는 분
- Photoshop·Illustrator·After Effects 중 직무에 필요한 도구를 실무에 적용할 수 있는 분
- 유관 부서와 쟁점을 명확히 설명하고 일정에 맞춰 협업할 수 있는 분
- 문제 원인을 근거에 따라 분석하고 실행 가능한 대안을 제시할 수 있는 분","- Adobe Certified Professional 보유자
- GTQ 1급 보유자
- 시각디자인기사 보유자
- 캠페인 비주얼·매체 소재 제작 관련 프로젝트를 기획부터 결과 검토까지 수행한 경험","- 제출한 경력·자격 증빙이 사실과 다른 경우
- 정해진 기한까지 필수 증빙서류를 제출하지 않은 경우
- 해외여행 및 근무에 결격사유가 있는 경우
- 채용 관련 비밀유지 의무를 위반한 경우",서류전형 > 실무면접 > 최종면접
광고디자이너 핵심인재 모집,13,49,20260922,20261006,7,경력,정규직,광주광역시,전문학사 이상,"연구개발 중심 조직에서 캠페인 비주얼·매체 소재 제작을 담당할 광고디자이너를 모집합니다. 이 포지션은 현장의 요구를 실행 가능한 계획과 결과물로 연결하는 역할입니다.

담당 범위는 광고 브리프·키비주얼·매체 규격를 바탕으로 기준을 수립하고, 우선순위에 따라 과제를 실행하며 품질과 일정을 함께 관리하는 것입니다.

디자인 조직의 동료와 재무·영업·개발·운영 등 유관 부서, 필요한 경우 외부 파트너와 협업해 의사결정에 필요한 정보를 정리합니다.

이슈가 발생하면 사실과 데이터를 먼저 확인하고 원인을 구분한 뒤, 대안을 비교해 합의된 조치를 실행하고 재발 방지 내용을 문서화합니다.

입사 초기에는 기존 자료와 업무 흐름을 파악하고 Photoshop·Illustrator·After Effects 환경을 익힌 뒤, 담당 영역의 개선 과제와 표준화 작업을 단계적으로 주도합니다.

성과는 결과물의 정확성, 일정 준수, 이해관계자와의 명확한 소통, 사용자와 사업에 미치는 영향을 기준으로 평가합니다.","- 업무상 리스크 사전 점검과 문제 발생 시 원인 분석·후속 조치
- 재사용 가능한 체크리스트·가이드·템플릿 정비
- 고객 또는 내부 사용자의 피드백을 반영한 결과물 품질 개선
- 캠페인 비주얼·매체 소재 제작 관련 연간·분기 실행계획 수립
- 광고 브리프·키비주얼·매체 규격 수집·정리 및 핵심 이슈 분석
- Photoshop·Illustrator·After Effects를 활용한 업무 산출물 작성과 버전 관리
- 요구사항을 세부 과제와 일정으로 구체화하고 진행 현황 관리
- 유관 부서 및 외부 파트너와 기준·일정·결과물 조율","- 캠페인 비주얼·매체 소재 제작 관련 지식 또는 프로젝트·실무 경험을 보유한 분
- 광고 브리프·키비주얼·매체 규격를 정확히 해석하고 업무 문서로 구조화할 수 있는 분
- Photoshop·Illustrator·After Effects 중 직무에 필요한 도구를 실무에 적용할 수 있는 분
- 유관 부서와 쟁점을 명확히 설명하고 일정에 맞춰 협업할 수 있는 분
- 문제 원인을 근거에 따라 분석하고 실행 가능한 대안을 제시할 수 있는 분
- 업무상 취급하는 개인정보와 기밀정보를 안전하게 관리할 수 있는 분","- GTQ 1급 보유자
- 시각디자인기사 보유자
- Adobe Certified Professional 보유자
- 캠페인 비주얼·매체 소재 제작 관련 프로젝트를 기획부터 결과 검토까지 수행한 경험
- Photoshop·Illustrator·After Effects를 활용해 반복 업무를 개선하거나 품질 기준을 정립한 경험","- 지원 자격 또는 필수 면허 요건을 충족하지 못한 경우
- 전형 과정에서 타인의 결과물을 무단 사용한 경우
- 채용검진 결과 담당 업무 수행이 곤란한 경우
- 관계 법령상 취업이 제한되는 경우",서류전형 > 인성검사 > 실무면접 > 최종면접
광고디자이너 전문가 채용,65,49,20261104,20261121,10,신입·경력,계약직,세종특별자치시,학사 이상,"플랫폼 운영 조직에서 캠페인 비주얼·매체 소재 제작을 담당할 광고디자이너를 모집합니다. 이 포지션은 현장의 요구를 실행 가능한 계획과 결과물로 연결하는 역할입니다.

담당 범위는 광고 브리프·키비주얼·매체 규격를 바탕으로 기준을 수립하고, 우선순위에 따라 과제를 실행하며 품질과 일정을 함께 관리하는 것입니다.

디자인 조직의 동료와 재무·영업·개발·운영 등 유관 부서, 필요한 경우 외부 파트너와 협업해 의사결정에 필요한 정보를 정리합니다.

이슈가 발생하면 사실과 데이터를 먼저 확인하고 원인을 구분한 뒤, 대안을 비교해 합의된 조치를 실행하고 재발 방지 내용을 문서화합니다.

입사 초기에는 기존 자료와 업무 흐름을 파악하고 Photoshop·Illustrator·After Effects 환경을 익힌 뒤, 담당 영역의 개선 과제와 표준화 작업을 단계적으로 주도합니다.

성과는 결과물의 정확성, 일정 준수, 이해관계자와의 명확한 소통, 사용자와 사업에 미치는 영향을 기준으로 평가합니다.","- 재사용 가능한 체크리스트·가이드·템플릿 정비
- 고객 또는 내부 사용자의 피드백을 반영한 결과물 품질 개선
- 캠페인 비주얼·매체 소재 제작 관련 연간·분기 실행계획 수립
- 광고 브리프·키비주얼·매체 규격 수집·정리 및 핵심 이슈 분석
- Photoshop·Illustrator·After Effects를 활용한 업무 산출물 작성과 버전 관리
- 요구사항을 세부 과제와 일정으로 구체화하고 진행 현황 관리
- 유관 부서 및 외부 파트너와 기준·일정·결과물 조율
- 검토 회의 운영과 의사결정 근거·변경 이력 문서화
- 성과지표 설정 및 결과 데이터 분석을 통한 개선안 제안","- 캠페인 비주얼·매체 소재 제작 관련 지식 또는 프로젝트·실무 경험을 보유한 분
- 광고 브리프·키비주얼·매체 규격를 정확히 해석하고 업무 문서로 구조화할 수 있는 분
- Photoshop·Illustrator·After Effects 중 직무에 필요한 도구를 실무에 적용할 수 있는 분
- 유관 부서와 쟁점을 명확히 설명하고 일정에 맞춰 협업할 수 있는 분
- 문제 원인을 근거에 따라 분석하고 실행 가능한 대안을 제시할 수 있는 분
- 업무상 취급하는 개인정보와 기밀정보를 안전하게 관리할 수 있는 분
- 광고디자이너 또는 유사 분야의 신입·경력 실무 경험을 보유한 분","- 시각디자인기사 보유자
- Adobe Certified Professional 보유자
- GTQ 1급 보유자
- 캠페인 비주얼·매체 소재 제작 관련 프로젝트를 기획부터 결과 검토까지 수행한 경험
- Photoshop·Illustrator·After Effects를 활용해 반복 업무를 개선하거나 품질 기준을 정립한 경험
- 외부 파트너 또는 다양한 이해관계자와 복잡한 요구사항을 조율한 경험","- 지원서 또는 제출서류를 허위로 기재한 경우
- 채용 과정에서 부정한 방법을 사용한 경우
- 채용검진 결과 직무 수행이 어렵다고 판단되는 경우
- 관련 법령 또는 내부 인사규정상 채용이 불가능한 경우",서류전형 > 직무과제 > 실무면접 > 처우협의
광고디자이너 신규 인력 모집,2,49,20260209,20260301,13,경력 2년 이상,정규직,충청남도,학사 이상,"브랜드 사업 조직에서 캠페인 비주얼·매체 소재 제작을 담당할 광고디자이너를 모집합니다. 이 포지션은 현장의 요구를 실행 가능한 계획과 결과물로 연결하는 역할입니다.

담당 범위는 광고 브리프·키비주얼·매체 규격를 바탕으로 기준을 수립하고, 우선순위에 따라 과제를 실행하며 품질과 일정을 함께 관리하는 것입니다.

디자인 조직의 동료와 재무·영업·개발·운영 등 유관 부서, 필요한 경우 외부 파트너와 협업해 의사결정에 필요한 정보를 정리합니다.

이슈가 발생하면 사실과 데이터를 먼저 확인하고 원인을 구분한 뒤, 대안을 비교해 합의된 조치를 실행하고 재발 방지 내용을 문서화합니다.

입사 초기에는 기존 자료와 업무 흐름을 파악하고 Photoshop·Illustrator·After Effects 환경을 익힌 뒤, 담당 영역의 개선 과제와 표준화 작업을 단계적으로 주도합니다.

성과는 결과물의 정확성, 일정 준수, 이해관계자와의 명확한 소통, 사용자와 사업에 미치는 영향을 기준으로 평가합니다.","- 고객 또는 내부 사용자의 피드백을 반영한 결과물 품질 개선
- 캠페인 비주얼·매체 소재 제작 관련 연간·분기 실행계획 수립
- 광고 브리프·키비주얼·매체 규격 수집·정리 및 핵심 이슈 분석
- Photoshop·Illustrator·After Effects를 활용한 업무 산출물 작성과 버전 관리
- 요구사항을 세부 과제와 일정으로 구체화하고 진행 현황 관리
- 유관 부서 및 외부 파트너와 기준·일정·결과물 조율
- 검토 회의 운영과 의사결정 근거·변경 이력 문서화","- 캠페인 비주얼·매체 소재 제작 관련 지식 또는 프로젝트·실무 경험을 보유한 분
- 광고 브리프·키비주얼·매체 규격를 정확히 해석하고 업무 문서로 구조화할 수 있는 분
- Photoshop·Illustrator·After Effects 중 직무에 필요한 도구를 실무에 적용할 수 있는 분
- 유관 부서와 쟁점을 명확히 설명하고 일정에 맞춰 협업할 수 있는 분
- 문제 원인을 근거에 따라 분석하고 실행 가능한 대안을 제시할 수 있는 분","- Adobe Certified Professional 보유자
- GTQ 1급 보유자
- 시각디자인기사 보유자
- 캠페인 비주얼·매체 소재 제작 관련 프로젝트를 기획부터 결과 검토까지 수행한 경험","- 제출한 경력·자격 증빙이 사실과 다른 경우
- 정해진 기한까지 필수 증빙서류를 제출하지 않은 경우
- 해외여행 및 근무에 결격사유가 있는 경우
- 채용 관련 비밀유지 의무를 위반한 경우",서류전형 > 1차면접 > 2차면접 > 채용검진
시각디자이너 담당자 모집,62,50,20260713,20260818,11,신입,정규직,서울특별시,학력무관,"디지털 서비스 조직에서 브랜드 아이덴티티·편집·그래픽 시스템을 담당할 시각디자이너를 모집합니다. 이 포지션은 현장의 요구를 실행 가능한 계획과 결과물로 연결하는 역할입니다.

담당 범위는 로고·타이포그래피·컬러 가이드를 바탕으로 기준을 수립하고, 우선순위에 따라 과제를 실행하며 품질과 일정을 함께 관리하는 것입니다.

디자인 조직의 동료와 재무·영업·개발·운영 등 유관 부서, 필요한 경우 외부 파트너와 협업해 의사결정에 필요한 정보를 정리합니다.

이슈가 발생하면 사실과 데이터를 먼저 확인하고 원인을 구분한 뒤, 대안을 비교해 합의된 조치를 실행하고 재발 방지 내용을 문서화합니다.

입사 초기에는 기존 자료와 업무 흐름을 파악하고 Illustrator·Photoshop·InDesign 환경을 익힌 뒤, 담당 영역의 개선 과제와 표준화 작업을 단계적으로 주도합니다.

성과는 결과물의 정확성, 일정 준수, 이해관계자와의 명확한 소통, 사용자와 사업에 미치는 영향을 기준으로 평가합니다.","- 브랜드 아이덴티티·편집·그래픽 시스템 관련 연간·분기 실행계획 수립
- 로고·타이포그래피·컬러 가이드 수집·정리 및 핵심 이슈 분석
- Illustrator·Photoshop·InDesign를 활용한 업무 산출물 작성과 버전 관리
- 요구사항을 세부 과제와 일정으로 구체화하고 진행 현황 관리
- 유관 부서 및 외부 파트너와 기준·일정·결과물 조율
- 검토 회의 운영과 의사결정 근거·변경 이력 문서화
- 성과지표 설정 및 결과 데이터 분석을 통한 개선안 제안","- 브랜드 아이덴티티·편집·그래픽 시스템 관련 지식 또는 프로젝트·실무 경험을 보유한 분
- 로고·타이포그래피·컬러 가이드를 정확히 해석하고 업무 문서로 구조화할 수 있는 분
- Illustrator·Photoshop·InDesign 중 직무에 필요한 도구를 실무에 적용할 수 있는 분
- 유관 부서와 쟁점을 명확히 설명하고 일정에 맞춰 협업할 수 있는 분
- 문제 원인을 근거에 따라 분석하고 실행 가능한 대안을 제시할 수 있는 분","- 시각디자인기사 보유자
- GTQ 그래픽기술자격 1급 보유자
- Adobe Certified Professional 보유자
- 브랜드 아이덴티티·편집·그래픽 시스템 관련 프로젝트를 기획부터 결과 검토까지 수행한 경험","- 지원 자격 또는 필수 면허 요건을 충족하지 못한 경우
- 전형 과정에서 타인의 결과물을 무단 사용한 경우
- 채용검진 결과 담당 업무 수행이 곤란한 경우
- 관계 법령상 취업이 제한되는 경우",서류전형 > 실무면접 > 최종면접
시각디자이너 실무자 채용,129,50,20260918,20261027,14,경력 2년 이상,계약직,경기도,전문학사 이상,"성장 단계 스타트업에서 브랜드 아이덴티티·편집·그래픽 시스템을 담당할 시각디자이너를 모집합니다. 이 포지션은 현장의 요구를 실행 가능한 계획과 결과물로 연결하는 역할입니다.

담당 범위는 로고·타이포그래피·컬러 가이드를 바탕으로 기준을 수립하고, 우선순위에 따라 과제를 실행하며 품질과 일정을 함께 관리하는 것입니다.

디자인 조직의 동료와 재무·영업·개발·운영 등 유관 부서, 필요한 경우 외부 파트너와 협업해 의사결정에 필요한 정보를 정리합니다.

이슈가 발생하면 사실과 데이터를 먼저 확인하고 원인을 구분한 뒤, 대안을 비교해 합의된 조치를 실행하고 재발 방지 내용을 문서화합니다.

입사 초기에는 기존 자료와 업무 흐름을 파악하고 Illustrator·Photoshop·InDesign 환경을 익힌 뒤, 담당 영역의 개선 과제와 표준화 작업을 단계적으로 주도합니다.

성과는 결과물의 정확성, 일정 준수, 이해관계자와의 명확한 소통, 사용자와 사업에 미치는 영향을 기준으로 평가합니다.","- 로고·타이포그래피·컬러 가이드 수집·정리 및 핵심 이슈 분석
- Illustrator·Photoshop·InDesign를 활용한 업무 산출물 작성과 버전 관리
- 요구사항을 세부 과제와 일정으로 구체화하고 진행 현황 관리
- 유관 부서 및 외부 파트너와 기준·일정·결과물 조율
- 검토 회의 운영과 의사결정 근거·변경 이력 문서화
- 성과지표 설정 및 결과 데이터 분석을 통한 개선안 제안
- 업무상 리스크 사전 점검과 문제 발생 시 원인 분석·후속 조치
- 재사용 가능한 체크리스트·가이드·템플릿 정비","- 브랜드 아이덴티티·편집·그래픽 시스템 관련 지식 또는 프로젝트·실무 경험을 보유한 분
- 로고·타이포그래피·컬러 가이드를 정확히 해석하고 업무 문서로 구조화할 수 있는 분
- Illustrator·Photoshop·InDesign 중 직무에 필요한 도구를 실무에 적용할 수 있는 분
- 유관 부서와 쟁점을 명확히 설명하고 일정에 맞춰 협업할 수 있는 분
- 문제 원인을 근거에 따라 분석하고 실행 가능한 대안을 제시할 수 있는 분
- 업무상 취급하는 개인정보와 기밀정보를 안전하게 관리할 수 있는 분","- GTQ 그래픽기술자격 1급 보유자
- Adobe Certified Professional 보유자
- 시각디자인기사 보유자
- 브랜드 아이덴티티·편집·그래픽 시스템 관련 프로젝트를 기획부터 결과 검토까지 수행한 경험
- Illustrator·Photoshop·InDesign를 활용해 반복 업무를 개선하거나 품질 기준을 정립한 경험","- 지원서 또는 제출서류를 허위로 기재한 경우
- 채용 과정에서 부정한 방법을 사용한 경우
- 채용검진 결과 직무 수행이 어렵다고 판단되는 경우
- 관련 법령 또는 내부 인사규정상 채용이 불가능한 경우",서류전형 > 인성검사 > 실무면접 > 최종면접
시각디자이너 전문인력 모집,52,50,20261123,20270104,17,신입·경력,정규직,인천광역시,학사 이상,"중견기업 전략 조직에서 브랜드 아이덴티티·편집·그래픽 시스템을 담당할 시각디자이너를 모집합니다. 이 포지션은 현장의 요구를 실행 가능한 계획과 결과물로 연결하는 역할입니다.

담당 범위는 로고·타이포그래피·컬러 가이드를 바탕으로 기준을 수립하고, 우선순위에 따라 과제를 실행하며 품질과 일정을 함께 관리하는 것입니다.

디자인 조직의 동료와 재무·영업·개발·운영 등 유관 부서, 필요한 경우 외부 파트너와 협업해 의사결정에 필요한 정보를 정리합니다.

이슈가 발생하면 사실과 데이터를 먼저 확인하고 원인을 구분한 뒤, 대안을 비교해 합의된 조치를 실행하고 재발 방지 내용을 문서화합니다.

입사 초기에는 기존 자료와 업무 흐름을 파악하고 Illustrator·Photoshop·InDesign 환경을 익힌 뒤, 담당 영역의 개선 과제와 표준화 작업을 단계적으로 주도합니다.

성과는 결과물의 정확성, 일정 준수, 이해관계자와의 명확한 소통, 사용자와 사업에 미치는 영향을 기준으로 평가합니다.","- Illustrator·Photoshop·InDesign를 활용한 업무 산출물 작성과 버전 관리
- 요구사항을 세부 과제와 일정으로 구체화하고 진행 현황 관리
- 유관 부서 및 외부 파트너와 기준·일정·결과물 조율
- 검토 회의 운영과 의사결정 근거·변경 이력 문서화
- 성과지표 설정 및 결과 데이터 분석을 통한 개선안 제안
- 업무상 리스크 사전 점검과 문제 발생 시 원인 분석·후속 조치
- 재사용 가능한 체크리스트·가이드·템플릿 정비
- 고객 또는 내부 사용자의 피드백을 반영한 결과물 품질 개선
- 브랜드 아이덴티티·편집·그래픽 시스템 관련 연간·분기 실행계획 수립","- 브랜드 아이덴티티·편집·그래픽 시스템 관련 지식 또는 프로젝트·실무 경험을 보유한 분
- 로고·타이포그래피·컬러 가이드를 정확히 해석하고 업무 문서로 구조화할 수 있는 분
- Illustrator·Photoshop·InDesign 중 직무에 필요한 도구를 실무에 적용할 수 있는 분
- 유관 부서와 쟁점을 명확히 설명하고 일정에 맞춰 협업할 수 있는 분
- 문제 원인을 근거에 따라 분석하고 실행 가능한 대안을 제시할 수 있는 분
- 업무상 취급하는 개인정보와 기밀정보를 안전하게 관리할 수 있는 분
- 시각디자이너 또는 유사 분야의 신입·경력 실무 경험을 보유한 분","- Adobe Certified Professional 보유자
- 시각디자인기사 보유자
- GTQ 그래픽기술자격 1급 보유자
- 브랜드 아이덴티티·편집·그래픽 시스템 관련 프로젝트를 기획부터 결과 검토까지 수행한 경험
- Illustrator·Photoshop·InDesign를 활용해 반복 업무를 개선하거나 품질 기준을 정립한 경험
- 외부 파트너 또는 다양한 이해관계자와 복잡한 요구사항을 조율한 경험","- 제출한 경력·자격 증빙이 사실과 다른 경우
- 정해진 기한까지 필수 증빙서류를 제출하지 않은 경우
- 해외여행 및 근무에 결격사유가 있는 경우
- 채용 관련 비밀유지 의무를 위반한 경우",서류전형 > 직무과제 > 실무면접 > 처우협의
시각디자이너 인재 채용,142,50,20260205,20260322,20,경력 3년 이상,무기계약직,대전광역시,학사 이상,"공공서비스 운영기관에서 브랜드 아이덴티티·편집·그래픽 시스템을 담당할 시각디자이너를 모집합니다. 이 포지션은 현장의 요구를 실행 가능한 계획과 결과물로 연결하는 역할입니다.

담당 범위는 로고·타이포그래피·컬러 가이드를 바탕으로 기준을 수립하고, 우선순위에 따라 과제를 실행하며 품질과 일정을 함께 관리하는 것입니다.

디자인 조직의 동료와 재무·영업·개발·운영 등 유관 부서, 필요한 경우 외부 파트너와 협업해 의사결정에 필요한 정보를 정리합니다.

이슈가 발생하면 사실과 데이터를 먼저 확인하고 원인을 구분한 뒤, 대안을 비교해 합의된 조치를 실행하고 재발 방지 내용을 문서화합니다.

입사 초기에는 기존 자료와 업무 흐름을 파악하고 Illustrator·Photoshop·InDesign 환경을 익힌 뒤, 담당 영역의 개선 과제와 표준화 작업을 단계적으로 주도합니다.

성과는 결과물의 정확성, 일정 준수, 이해관계자와의 명확한 소통, 사용자와 사업에 미치는 영향을 기준으로 평가합니다.","- 요구사항을 세부 과제와 일정으로 구체화하고 진행 현황 관리
- 유관 부서 및 외부 파트너와 기준·일정·결과물 조율
- 검토 회의 운영과 의사결정 근거·변경 이력 문서화
- 성과지표 설정 및 결과 데이터 분석을 통한 개선안 제안
- 업무상 리스크 사전 점검과 문제 발생 시 원인 분석·후속 조치
- 재사용 가능한 체크리스트·가이드·템플릿 정비
- 고객 또는 내부 사용자의 피드백을 반영한 결과물 품질 개선","- 브랜드 아이덴티티·편집·그래픽 시스템 관련 지식 또는 프로젝트·실무 경험을 보유한 분
- 로고·타이포그래피·컬러 가이드를 정확히 해석하고 업무 문서로 구조화할 수 있는 분
- Illustrator·Photoshop·InDesign 중 직무에 필요한 도구를 실무에 적용할 수 있는 분
- 유관 부서와 쟁점을 명확히 설명하고 일정에 맞춰 협업할 수 있는 분
- 문제 원인을 근거에 따라 분석하고 실행 가능한 대안을 제시할 수 있는 분","- 시각디자인기사 보유자
- GTQ 그래픽기술자격 1급 보유자
- Adobe Certified Professional 보유자
- 브랜드 아이덴티티·편집·그래픽 시스템 관련 프로젝트를 기획부터 결과 검토까지 수행한 경험","- 지원 자격 또는 필수 면허 요건을 충족하지 못한 경우
- 전형 과정에서 타인의 결과물을 무단 사용한 경우
- 채용검진 결과 담당 업무 수행이 곤란한 경우
- 관계 법령상 취업이 제한되는 경우",서류전형 > 1차면접 > 2차면접 > 채용검진
시각디자이너 공개채용,58,50,20260410,20260422,3,경력 무관,정규직,부산광역시,석사 이상,"전문 컨설팅 조직에서 브랜드 아이덴티티·편집·그래픽 시스템을 담당할 시각디자이너를 모집합니다. 이 포지션은 현장의 요구를 실행 가능한 계획과 결과물로 연결하는 역할입니다.

담당 범위는 로고·타이포그래피·컬러 가이드를 바탕으로 기준을 수립하고, 우선순위에 따라 과제를 실행하며 품질과 일정을 함께 관리하는 것입니다.

디자인 조직의 동료와 재무·영업·개발·운영 등 유관 부서, 필요한 경우 외부 파트너와 협업해 의사결정에 필요한 정보를 정리합니다.

이슈가 발생하면 사실과 데이터를 먼저 확인하고 원인을 구분한 뒤, 대안을 비교해 합의된 조치를 실행하고 재발 방지 내용을 문서화합니다.

입사 초기에는 기존 자료와 업무 흐름을 파악하고 Illustrator·Photoshop·InDesign 환경을 익힌 뒤, 담당 영역의 개선 과제와 표준화 작업을 단계적으로 주도합니다.

성과는 결과물의 정확성, 일정 준수, 이해관계자와의 명확한 소통, 사용자와 사업에 미치는 영향을 기준으로 평가합니다.","- 유관 부서 및 외부 파트너와 기준·일정·결과물 조율
- 검토 회의 운영과 의사결정 근거·변경 이력 문서화
- 성과지표 설정 및 결과 데이터 분석을 통한 개선안 제안
- 업무상 리스크 사전 점검과 문제 발생 시 원인 분석·후속 조치
- 재사용 가능한 체크리스트·가이드·템플릿 정비
- 고객 또는 내부 사용자의 피드백을 반영한 결과물 품질 개선
- 브랜드 아이덴티티·편집·그래픽 시스템 관련 연간·분기 실행계획 수립
- 로고·타이포그래피·컬러 가이드 수집·정리 및 핵심 이슈 분석","- 브랜드 아이덴티티·편집·그래픽 시스템 관련 지식 또는 프로젝트·실무 경험을 보유한 분
- 로고·타이포그래피·컬러 가이드를 정확히 해석하고 업무 문서로 구조화할 수 있는 분
- Illustrator·Photoshop·InDesign 중 직무에 필요한 도구를 실무에 적용할 수 있는 분
- 유관 부서와 쟁점을 명확히 설명하고 일정에 맞춰 협업할 수 있는 분
- 문제 원인을 근거에 따라 분석하고 실행 가능한 대안을 제시할 수 있는 분
- 업무상 취급하는 개인정보와 기밀정보를 안전하게 관리할 수 있는 분","- GTQ 그래픽기술자격 1급 보유자
- Adobe Certified Professional 보유자
- 시각디자인기사 보유자
- 브랜드 아이덴티티·편집·그래픽 시스템 관련 프로젝트를 기획부터 결과 검토까지 수행한 경험
- Illustrator·Photoshop·InDesign를 활용해 반복 업무를 개선하거나 품질 기준을 정립한 경험","- 지원서 또는 제출서류를 허위로 기재한 경우
- 채용 과정에서 부정한 방법을 사용한 경우
- 채용검진 결과 직무 수행이 어렵다고 판단되는 경우
- 관련 법령 또는 내부 인사규정상 채용이 불가능한 경우",서류전형 > 필기전형 > 면접전형 > 최종합격
시각디자이너 프로젝트 담당 모집,45,50,20260615,20260630,6,경력 5년 이상,기간제,광주광역시,학력무관,"글로벌 사업 조직에서 브랜드 아이덴티티·편집·그래픽 시스템을 담당할 시각디자이너를 모집합니다. 이 포지션은 현장의 요구를 실행 가능한 계획과 결과물로 연결하는 역할입니다.

담당 범위는 로고·타이포그래피·컬러 가이드를 바탕으로 기준을 수립하고, 우선순위에 따라 과제를 실행하며 품질과 일정을 함께 관리하는 것입니다.

디자인 조직의 동료와 재무·영업·개발·운영 등 유관 부서, 필요한 경우 외부 파트너와 협업해 의사결정에 필요한 정보를 정리합니다.

이슈가 발생하면 사실과 데이터를 먼저 확인하고 원인을 구분한 뒤, 대안을 비교해 합의된 조치를 실행하고 재발 방지 내용을 문서화합니다.

입사 초기에는 기존 자료와 업무 흐름을 파악하고 Illustrator·Photoshop·InDesign 환경을 익힌 뒤, 담당 영역의 개선 과제와 표준화 작업을 단계적으로 주도합니다.

성과는 결과물의 정확성, 일정 준수, 이해관계자와의 명확한 소통, 사용자와 사업에 미치는 영향을 기준으로 평가합니다.","- 검토 회의 운영과 의사결정 근거·변경 이력 문서화
- 성과지표 설정 및 결과 데이터 분석을 통한 개선안 제안
- 업무상 리스크 사전 점검과 문제 발생 시 원인 분석·후속 조치
- 재사용 가능한 체크리스트·가이드·템플릿 정비
- 고객 또는 내부 사용자의 피드백을 반영한 결과물 품질 개선
- 브랜드 아이덴티티·편집·그래픽 시스템 관련 연간·분기 실행계획 수립
- 로고·타이포그래피·컬러 가이드 수집·정리 및 핵심 이슈 분석
- Illustrator·Photoshop·InDesign를 활용한 업무 산출물 작성과 버전 관리
- 요구사항을 세부 과제와 일정으로 구체화하고 진행 현황 관리","- 브랜드 아이덴티티·편집·그래픽 시스템 관련 지식 또는 프로젝트·실무 경험을 보유한 분
- 로고·타이포그래피·컬러 가이드를 정확히 해석하고 업무 문서로 구조화할 수 있는 분
- Illustrator·Photoshop·InDesign 중 직무에 필요한 도구를 실무에 적용할 수 있는 분
- 유관 부서와 쟁점을 명확히 설명하고 일정에 맞춰 협업할 수 있는 분
- 문제 원인을 근거에 따라 분석하고 실행 가능한 대안을 제시할 수 있는 분
- 업무상 취급하는 개인정보와 기밀정보를 안전하게 관리할 수 있는 분
- 시각디자이너 또는 유사 분야의 5년 이상 실무 경험을 보유한 분","- Adobe Certified Professional 보유자
- 시각디자인기사 보유자
- GTQ 그래픽기술자격 1급 보유자
- 브랜드 아이덴티티·편집·그래픽 시스템 관련 프로젝트를 기획부터 결과 검토까지 수행한 경험
- Illustrator·Photoshop·InDesign를 활용해 반복 업무를 개선하거나 품질 기준을 정립한 경험
- 외부 파트너 또는 다양한 이해관계자와 복잡한 요구사항을 조율한 경험","- 제출한 경력·자격 증빙이 사실과 다른 경우
- 정해진 기한까지 필수 증빙서류를 제출하지 않은 경우
- 해외여행 및 근무에 결격사유가 있는 경우
- 채용 관련 비밀유지 의무를 위반한 경우",서류전형 > 실무면접 > 최종면접
시각디자이너 운영 담당자 채용,104,50,20260820,20260907,9,경력,정규직,세종특별자치시,전문학사 이상,"연구개발 중심 조직에서 브랜드 아이덴티티·편집·그래픽 시스템을 담당할 시각디자이너를 모집합니다. 이 포지션은 현장의 요구를 실행 가능한 계획과 결과물로 연결하는 역할입니다.

담당 범위는 로고·타이포그래피·컬러 가이드를 바탕으로 기준을 수립하고, 우선순위에 따라 과제를 실행하며 품질과 일정을 함께 관리하는 것입니다.

디자인 조직의 동료와 재무·영업·개발·운영 등 유관 부서, 필요한 경우 외부 파트너와 협업해 의사결정에 필요한 정보를 정리합니다.

이슈가 발생하면 사실과 데이터를 먼저 확인하고 원인을 구분한 뒤, 대안을 비교해 합의된 조치를 실행하고 재발 방지 내용을 문서화합니다.

입사 초기에는 기존 자료와 업무 흐름을 파악하고 Illustrator·Photoshop·InDesign 환경을 익힌 뒤, 담당 영역의 개선 과제와 표준화 작업을 단계적으로 주도합니다.

성과는 결과물의 정확성, 일정 준수, 이해관계자와의 명확한 소통, 사용자와 사업에 미치는 영향을 기준으로 평가합니다.","- 성과지표 설정 및 결과 데이터 분석을 통한 개선안 제안
- 업무상 리스크 사전 점검과 문제 발생 시 원인 분석·후속 조치
- 재사용 가능한 체크리스트·가이드·템플릿 정비
- 고객 또는 내부 사용자의 피드백을 반영한 결과물 품질 개선
- 브랜드 아이덴티티·편집·그래픽 시스템 관련 연간·분기 실행계획 수립
- 로고·타이포그래피·컬러 가이드 수집·정리 및 핵심 이슈 분석
- Illustrator·Photoshop·InDesign를 활용한 업무 산출물 작성과 버전 관리","- 브랜드 아이덴티티·편집·그래픽 시스템 관련 지식 또는 프로젝트·실무 경험을 보유한 분
- 로고·타이포그래피·컬러 가이드를 정확히 해석하고 업무 문서로 구조화할 수 있는 분
- Illustrator·Photoshop·InDesign 중 직무에 필요한 도구를 실무에 적용할 수 있는 분
- 유관 부서와 쟁점을 명확히 설명하고 일정에 맞춰 협업할 수 있는 분
- 문제 원인을 근거에 따라 분석하고 실행 가능한 대안을 제시할 수 있는 분","- 시각디자인기사 보유자
- GTQ 그래픽기술자격 1급 보유자
- Adobe Certified Professional 보유자
- 브랜드 아이덴티티·편집·그래픽 시스템 관련 프로젝트를 기획부터 결과 검토까지 수행한 경험","- 지원 자격 또는 필수 면허 요건을 충족하지 못한 경우
- 전형 과정에서 타인의 결과물을 무단 사용한 경우
- 채용검진 결과 담당 업무 수행이 곤란한 경우
- 관계 법령상 취업이 제한되는 경우",서류전형 > 인성검사 > 실무면접 > 최종면접
시각디자이너 핵심인재 모집,63,50,20261002,20261023,12,신입·경력,계약직,충청남도,학사 이상,"플랫폼 운영 조직에서 브랜드 아이덴티티·편집·그래픽 시스템을 담당할 시각디자이너를 모집합니다. 이 포지션은 현장의 요구를 실행 가능한 계획과 결과물로 연결하는 역할입니다.

담당 범위는 로고·타이포그래피·컬러 가이드를 바탕으로 기준을 수립하고, 우선순위에 따라 과제를 실행하며 품질과 일정을 함께 관리하는 것입니다.

디자인 조직의 동료와 재무·영업·개발·운영 등 유관 부서, 필요한 경우 외부 파트너와 협업해 의사결정에 필요한 정보를 정리합니다.

이슈가 발생하면 사실과 데이터를 먼저 확인하고 원인을 구분한 뒤, 대안을 비교해 합의된 조치를 실행하고 재발 방지 내용을 문서화합니다.

입사 초기에는 기존 자료와 업무 흐름을 파악하고 Illustrator·Photoshop·InDesign 환경을 익힌 뒤, 담당 영역의 개선 과제와 표준화 작업을 단계적으로 주도합니다.

성과는 결과물의 정확성, 일정 준수, 이해관계자와의 명확한 소통, 사용자와 사업에 미치는 영향을 기준으로 평가합니다.","- 업무상 리스크 사전 점검과 문제 발생 시 원인 분석·후속 조치
- 재사용 가능한 체크리스트·가이드·템플릿 정비
- 고객 또는 내부 사용자의 피드백을 반영한 결과물 품질 개선
- 브랜드 아이덴티티·편집·그래픽 시스템 관련 연간·분기 실행계획 수립
- 로고·타이포그래피·컬러 가이드 수집·정리 및 핵심 이슈 분석
- Illustrator·Photoshop·InDesign를 활용한 업무 산출물 작성과 버전 관리
- 요구사항을 세부 과제와 일정으로 구체화하고 진행 현황 관리
- 유관 부서 및 외부 파트너와 기준·일정·결과물 조율","- 브랜드 아이덴티티·편집·그래픽 시스템 관련 지식 또는 프로젝트·실무 경험을 보유한 분
- 로고·타이포그래피·컬러 가이드를 정확히 해석하고 업무 문서로 구조화할 수 있는 분
- Illustrator·Photoshop·InDesign 중 직무에 필요한 도구를 실무에 적용할 수 있는 분
- 유관 부서와 쟁점을 명확히 설명하고 일정에 맞춰 협업할 수 있는 분
- 문제 원인을 근거에 따라 분석하고 실행 가능한 대안을 제시할 수 있는 분
- 업무상 취급하는 개인정보와 기밀정보를 안전하게 관리할 수 있는 분","- GTQ 그래픽기술자격 1급 보유자
- Adobe Certified Professional 보유자
- 시각디자인기사 보유자
- 브랜드 아이덴티티·편집·그래픽 시스템 관련 프로젝트를 기획부터 결과 검토까지 수행한 경험
- Illustrator·Photoshop·InDesign를 활용해 반복 업무를 개선하거나 품질 기준을 정립한 경험","- 지원서 또는 제출서류를 허위로 기재한 경우
- 채용 과정에서 부정한 방법을 사용한 경우
- 채용검진 결과 직무 수행이 어렵다고 판단되는 경우
- 관련 법령 또는 내부 인사규정상 채용이 불가능한 경우",서류전형 > 직무과제 > 실무면접 > 처우협의
시각디자이너 전문가 채용,147,50,20260107,20260131,15,경력 2년 이상,정규직,경상남도,학사 이상,"브랜드 사업 조직에서 브랜드 아이덴티티·편집·그래픽 시스템을 담당할 시각디자이너를 모집합니다. 이 포지션은 현장의 요구를 실행 가능한 계획과 결과물로 연결하는 역할입니다.

담당 범위는 로고·타이포그래피·컬러 가이드를 바탕으로 기준을 수립하고, 우선순위에 따라 과제를 실행하며 품질과 일정을 함께 관리하는 것입니다.

디자인 조직의 동료와 재무·영업·개발·운영 등 유관 부서, 필요한 경우 외부 파트너와 협업해 의사결정에 필요한 정보를 정리합니다.

이슈가 발생하면 사실과 데이터를 먼저 확인하고 원인을 구분한 뒤, 대안을 비교해 합의된 조치를 실행하고 재발 방지 내용을 문서화합니다.

입사 초기에는 기존 자료와 업무 흐름을 파악하고 Illustrator·Photoshop·InDesign 환경을 익힌 뒤, 담당 영역의 개선 과제와 표준화 작업을 단계적으로 주도합니다.

성과는 결과물의 정확성, 일정 준수, 이해관계자와의 명확한 소통, 사용자와 사업에 미치는 영향을 기준으로 평가합니다.","- 재사용 가능한 체크리스트·가이드·템플릿 정비
- 고객 또는 내부 사용자의 피드백을 반영한 결과물 품질 개선
- 브랜드 아이덴티티·편집·그래픽 시스템 관련 연간·분기 실행계획 수립
- 로고·타이포그래피·컬러 가이드 수집·정리 및 핵심 이슈 분석
- Illustrator·Photoshop·InDesign를 활용한 업무 산출물 작성과 버전 관리
- 요구사항을 세부 과제와 일정으로 구체화하고 진행 현황 관리
- 유관 부서 및 외부 파트너와 기준·일정·결과물 조율
- 검토 회의 운영과 의사결정 근거·변경 이력 문서화
- 성과지표 설정 및 결과 데이터 분석을 통한 개선안 제안","- 브랜드 아이덴티티·편집·그래픽 시스템 관련 지식 또는 프로젝트·실무 경험을 보유한 분
- 로고·타이포그래피·컬러 가이드를 정확히 해석하고 업무 문서로 구조화할 수 있는 분
- Illustrator·Photoshop·InDesign 중 직무에 필요한 도구를 실무에 적용할 수 있는 분
- 유관 부서와 쟁점을 명확히 설명하고 일정에 맞춰 협업할 수 있는 분
- 문제 원인을 근거에 따라 분석하고 실행 가능한 대안을 제시할 수 있는 분
- 업무상 취급하는 개인정보와 기밀정보를 안전하게 관리할 수 있는 분
- 시각디자이너 또는 유사 분야의 2년 이상 실무 경험을 보유한 분","- Adobe Certified Professional 보유자
- 시각디자인기사 보유자
- GTQ 그래픽기술자격 1급 보유자
- 브랜드 아이덴티티·편집·그래픽 시스템 관련 프로젝트를 기획부터 결과 검토까지 수행한 경험
- Illustrator·Photoshop·InDesign를 활용해 반복 업무를 개선하거나 품질 기준을 정립한 경험
- 외부 파트너 또는 다양한 이해관계자와 복잡한 요구사항을 조율한 경험","- 제출한 경력·자격 증빙이 사실과 다른 경우
- 정해진 기한까지 필수 증빙서류를 제출하지 않은 경우
- 해외여행 및 근무에 결격사유가 있는 경우
- 채용 관련 비밀유지 의무를 위반한 경우",서류전형 > 1차면접 > 2차면접 > 채용검진
시각디자이너 신규 인력 모집,34,50,20260312,20260408,18,경력 3년 이상,무기계약직,제주특별자치도,석사 이상,"지역 기반 전문기관에서 브랜드 아이덴티티·편집·그래픽 시스템을 담당할 시각디자이너를 모집합니다. 이 포지션은 현장의 요구를 실행 가능한 계획과 결과물로 연결하는 역할입니다.

담당 범위는 로고·타이포그래피·컬러 가이드를 바탕으로 기준을 수립하고, 우선순위에 따라 과제를 실행하며 품질과 일정을 함께 관리하는 것입니다.

디자인 조직의 동료와 재무·영업·개발·운영 등 유관 부서, 필요한 경우 외부 파트너와 협업해 의사결정에 필요한 정보를 정리합니다.

이슈가 발생하면 사실과 데이터를 먼저 확인하고 원인을 구분한 뒤, 대안을 비교해 합의된 조치를 실행하고 재발 방지 내용을 문서화합니다.

입사 초기에는 기존 자료와 업무 흐름을 파악하고 Illustrator·Photoshop·InDesign 환경을 익힌 뒤, 담당 영역의 개선 과제와 표준화 작업을 단계적으로 주도합니다.

성과는 결과물의 정확성, 일정 준수, 이해관계자와의 명확한 소통, 사용자와 사업에 미치는 영향을 기준으로 평가합니다.","- 고객 또는 내부 사용자의 피드백을 반영한 결과물 품질 개선
- 브랜드 아이덴티티·편집·그래픽 시스템 관련 연간·분기 실행계획 수립
- 로고·타이포그래피·컬러 가이드 수집·정리 및 핵심 이슈 분석
- Illustrator·Photoshop·InDesign를 활용한 업무 산출물 작성과 버전 관리
- 요구사항을 세부 과제와 일정으로 구체화하고 진행 현황 관리
- 유관 부서 및 외부 파트너와 기준·일정·결과물 조율
- 검토 회의 운영과 의사결정 근거·변경 이력 문서화","- 브랜드 아이덴티티·편집·그래픽 시스템 관련 지식 또는 프로젝트·실무 경험을 보유한 분
- 로고·타이포그래피·컬러 가이드를 정확히 해석하고 업무 문서로 구조화할 수 있는 분
- Illustrator·Photoshop·InDesign 중 직무에 필요한 도구를 실무에 적용할 수 있는 분
- 유관 부서와 쟁점을 명확히 설명하고 일정에 맞춰 협업할 수 있는 분
- 문제 원인을 근거에 따라 분석하고 실행 가능한 대안을 제시할 수 있는 분","- 시각디자인기사 보유자
- GTQ 그래픽기술자격 1급 보유자
- Adobe Certified Professional 보유자
- 브랜드 아이덴티티·편집·그래픽 시스템 관련 프로젝트를 기획부터 결과 검토까지 수행한 경험","- 지원 자격 또는 필수 면허 요건을 충족하지 못한 경우
- 전형 과정에서 타인의 결과물을 무단 사용한 경우
- 채용검진 결과 담당 업무 수행이 곤란한 경우
- 관계 법령상 취업이 제한되는 경우",서류전형 > 필기전형 > 면접전형 > 최종합격
영상디자이너 담당자 모집,28,51,20260816,20260928,16,경력 2년 이상,계약직,인천광역시,전문학사 이상,"성장 단계 스타트업에서 모션그래픽·영상 편집·후반작업을 담당할 영상디자이너를 모집합니다. 이 포지션은 현장의 요구를 실행 가능한 계획과 결과물로 연결하는 역할입니다.

담당 범위는 스토리보드·촬영본·음원·자막를 바탕으로 기준을 수립하고, 우선순위에 따라 과제를 실행하며 품질과 일정을 함께 관리하는 것입니다.

디자인 조직의 동료와 재무·영업·개발·운영 등 유관 부서, 필요한 경우 외부 파트너와 협업해 의사결정에 필요한 정보를 정리합니다.

이슈가 발생하면 사실과 데이터를 먼저 확인하고 원인을 구분한 뒤, 대안을 비교해 합의된 조치를 실행하고 재발 방지 내용을 문서화합니다.

입사 초기에는 기존 자료와 업무 흐름을 파악하고 Premiere Pro·After Effects 환경을 익힌 뒤, 담당 영역의 개선 과제와 표준화 작업을 단계적으로 주도합니다.

성과는 결과물의 정확성, 일정 준수, 이해관계자와의 명확한 소통, 사용자와 사업에 미치는 영향을 기준으로 평가합니다.","- 모션그래픽·영상 편집·후반작업 관련 연간·분기 실행계획 수립
- 스토리보드·촬영본·음원·자막 수집·정리 및 핵심 이슈 분석
- Premiere Pro·After Effects를 활용한 업무 산출물 작성과 버전 관리
- 요구사항을 세부 과제와 일정으로 구체화하고 진행 현황 관리
- 유관 부서 및 외부 파트너와 기준·일정·결과물 조율
- 검토 회의 운영과 의사결정 근거·변경 이력 문서화
- 성과지표 설정 및 결과 데이터 분석을 통한 개선안 제안","- 모션그래픽·영상 편집·후반작업 관련 지식 또는 프로젝트·실무 경험을 보유한 분
- 스토리보드·촬영본·음원·자막를 정확히 해석하고 업무 문서로 구조화할 수 있는 분
- Premiere Pro·After Effects 중 직무에 필요한 도구를 실무에 적용할 수 있는 분
- 유관 부서와 쟁점을 명확히 설명하고 일정에 맞춰 협업할 수 있는 분
- 문제 원인을 근거에 따라 분석하고 실행 가능한 대안을 제시할 수 있는 분","- 영상편집기능사 보유자
- Adobe Certified Professional in Digital Video Using Adobe Premiere Pro 보유자
- 멀티미디어콘텐츠제작전문가 보유자
- 모션그래픽·영상 편집·후반작업 관련 프로젝트를 기획부터 결과 검토까지 수행한 경험","- 지원서 또는 제출서류를 허위로 기재한 경우
- 채용 과정에서 부정한 방법을 사용한 경우
- 채용검진 결과 직무 수행이 어렵다고 판단되는 경우
- 관련 법령 또는 내부 인사규정상 채용이 불가능한 경우",서류전형 > 인성검사 > 실무면접 > 최종면접
영상디자이너 실무자 채용,122,51,20261021,20261031,19,신입·경력,정규직,대전광역시,학사 이상,"중견기업 전략 조직에서 모션그래픽·영상 편집·후반작업을 담당할 영상디자이너를 모집합니다. 이 포지션은 현장의 요구를 실행 가능한 계획과 결과물로 연결하는 역할입니다.

담당 범위는 스토리보드·촬영본·음원·자막를 바탕으로 기준을 수립하고, 우선순위에 따라 과제를 실행하며 품질과 일정을 함께 관리하는 것입니다.

디자인 조직의 동료와 재무·영업·개발·운영 등 유관 부서, 필요한 경우 외부 파트너와 협업해 의사결정에 필요한 정보를 정리합니다.

이슈가 발생하면 사실과 데이터를 먼저 확인하고 원인을 구분한 뒤, 대안을 비교해 합의된 조치를 실행하고 재발 방지 내용을 문서화합니다.

입사 초기에는 기존 자료와 업무 흐름을 파악하고 Premiere Pro·After Effects 환경을 익힌 뒤, 담당 영역의 개선 과제와 표준화 작업을 단계적으로 주도합니다.

성과는 결과물의 정확성, 일정 준수, 이해관계자와의 명확한 소통, 사용자와 사업에 미치는 영향을 기준으로 평가합니다.","- 스토리보드·촬영본·음원·자막 수집·정리 및 핵심 이슈 분석
- Premiere Pro·After Effects를 활용한 업무 산출물 작성과 버전 관리
- 요구사항을 세부 과제와 일정으로 구체화하고 진행 현황 관리
- 유관 부서 및 외부 파트너와 기준·일정·결과물 조율
- 검토 회의 운영과 의사결정 근거·변경 이력 문서화
- 성과지표 설정 및 결과 데이터 분석을 통한 개선안 제안
- 업무상 리스크 사전 점검과 문제 발생 시 원인 분석·후속 조치
- 재사용 가능한 체크리스트·가이드·템플릿 정비","- 모션그래픽·영상 편집·후반작업 관련 지식 또는 프로젝트·실무 경험을 보유한 분
- 스토리보드·촬영본·음원·자막를 정확히 해석하고 업무 문서로 구조화할 수 있는 분
- Premiere Pro·After Effects 중 직무에 필요한 도구를 실무에 적용할 수 있는 분
- 유관 부서와 쟁점을 명확히 설명하고 일정에 맞춰 협업할 수 있는 분
- 문제 원인을 근거에 따라 분석하고 실행 가능한 대안을 제시할 수 있는 분
- 업무상 취급하는 개인정보와 기밀정보를 안전하게 관리할 수 있는 분","- Adobe Certified Professional in Digital Video Using Adobe Premiere Pro 보유자
- 멀티미디어콘텐츠제작전문가 보유자
- 영상편집기능사 보유자
- 모션그래픽·영상 편집·후반작업 관련 프로젝트를 기획부터 결과 검토까지 수행한 경험
- Premiere Pro·After Effects를 활용해 반복 업무를 개선하거나 품질 기준을 정립한 경험","- 제출한 경력·자격 증빙이 사실과 다른 경우
- 정해진 기한까지 필수 증빙서류를 제출하지 않은 경우
- 해외여행 및 근무에 결격사유가 있는 경우
- 채용 관련 비밀유지 의무를 위반한 경우",서류전형 > 직무과제 > 실무면접 > 처우협의
영상디자이너 전문인력 모집,136,51,20260103,20260116,2,경력 3년 이상,무기계약직,부산광역시,학사 이상,"공공서비스 운영기관에서 모션그래픽·영상 편집·후반작업을 담당할 영상디자이너를 모집합니다. 이 포지션은 현장의 요구를 실행 가능한 계획과 결과물로 연결하는 역할입니다.

담당 범위는 스토리보드·촬영본·음원·자막를 바탕으로 기준을 수립하고, 우선순위에 따라 과제를 실행하며 품질과 일정을 함께 관리하는 것입니다.

디자인 조직의 동료와 재무·영업·개발·운영 등 유관 부서, 필요한 경우 외부 파트너와 협업해 의사결정에 필요한 정보를 정리합니다.

이슈가 발생하면 사실과 데이터를 먼저 확인하고 원인을 구분한 뒤, 대안을 비교해 합의된 조치를 실행하고 재발 방지 내용을 문서화합니다.

입사 초기에는 기존 자료와 업무 흐름을 파악하고 Premiere Pro·After Effects 환경을 익힌 뒤, 담당 영역의 개선 과제와 표준화 작업을 단계적으로 주도합니다.

성과는 결과물의 정확성, 일정 준수, 이해관계자와의 명확한 소통, 사용자와 사업에 미치는 영향을 기준으로 평가합니다.","- Premiere Pro·After Effects를 활용한 업무 산출물 작성과 버전 관리
- 요구사항을 세부 과제와 일정으로 구체화하고 진행 현황 관리
- 유관 부서 및 외부 파트너와 기준·일정·결과물 조율
- 검토 회의 운영과 의사결정 근거·변경 이력 문서화
- 성과지표 설정 및 결과 데이터 분석을 통한 개선안 제안
- 업무상 리스크 사전 점검과 문제 발생 시 원인 분석·후속 조치
- 재사용 가능한 체크리스트·가이드·템플릿 정비
- 고객 또는 내부 사용자의 피드백을 반영한 결과물 품질 개선
- 모션그래픽·영상 편집·후반작업 관련 연간·분기 실행계획 수립","- 모션그래픽·영상 편집·후반작업 관련 지식 또는 프로젝트·실무 경험을 보유한 분
- 스토리보드·촬영본·음원·자막를 정확히 해석하고 업무 문서로 구조화할 수 있는 분
- Premiere Pro·After Effects 중 직무에 필요한 도구를 실무에 적용할 수 있는 분
- 유관 부서와 쟁점을 명확히 설명하고 일정에 맞춰 협업할 수 있는 분
- 문제 원인을 근거에 따라 분석하고 실행 가능한 대안을 제시할 수 있는 분
- 업무상 취급하는 개인정보와 기밀정보를 안전하게 관리할 수 있는 분
- 영상디자이너 또는 유사 분야의 3년 이상 실무 경험을 보유한 분","- 멀티미디어콘텐츠제작전문가 보유자
- 영상편집기능사 보유자
- Adobe Certified Professional in Digital Video Using Adobe Premiere Pro 보유자
- 모션그래픽·영상 편집·후반작업 관련 프로젝트를 기획부터 결과 검토까지 수행한 경험
- Premiere Pro·After Effects를 활용해 반복 업무를 개선하거나 품질 기준을 정립한 경험
- 외부 파트너 또는 다양한 이해관계자와 복잡한 요구사항을 조율한 경험","- 지원 자격 또는 필수 면허 요건을 충족하지 못한 경우
- 전형 과정에서 타인의 결과물을 무단 사용한 경우
- 채용검진 결과 담당 업무 수행이 곤란한 경우
- 관계 법령상 취업이 제한되는 경우",서류전형 > 1차면접 > 2차면접 > 채용검진
영상디자이너 인재 채용,57,51,20260308,20260324,5,경력 무관,정규직,광주광역시,석사 이상,"전문 컨설팅 조직에서 모션그래픽·영상 편집·후반작업을 담당할 영상디자이너를 모집합니다. 이 포지션은 현장의 요구를 실행 가능한 계획과 결과물로 연결하는 역할입니다.

담당 범위는 스토리보드·촬영본·음원·자막를 바탕으로 기준을 수립하고, 우선순위에 따라 과제를 실행하며 품질과 일정을 함께 관리하는 것입니다.

디자인 조직의 동료와 재무·영업·개발·운영 등 유관 부서, 필요한 경우 외부 파트너와 협업해 의사결정에 필요한 정보를 정리합니다.

이슈가 발생하면 사실과 데이터를 먼저 확인하고 원인을 구분한 뒤, 대안을 비교해 합의된 조치를 실행하고 재발 방지 내용을 문서화합니다.

입사 초기에는 기존 자료와 업무 흐름을 파악하고 Premiere Pro·After Effects 환경을 익힌 뒤, 담당 영역의 개선 과제와 표준화 작업을 단계적으로 주도합니다.

성과는 결과물의 정확성, 일정 준수, 이해관계자와의 명확한 소통, 사용자와 사업에 미치는 영향을 기준으로 평가합니다.","- 요구사항을 세부 과제와 일정으로 구체화하고 진행 현황 관리
- 유관 부서 및 외부 파트너와 기준·일정·결과물 조율
- 검토 회의 운영과 의사결정 근거·변경 이력 문서화
- 성과지표 설정 및 결과 데이터 분석을 통한 개선안 제안
- 업무상 리스크 사전 점검과 문제 발생 시 원인 분석·후속 조치
- 재사용 가능한 체크리스트·가이드·템플릿 정비
- 고객 또는 내부 사용자의 피드백을 반영한 결과물 품질 개선","- 모션그래픽·영상 편집·후반작업 관련 지식 또는 프로젝트·실무 경험을 보유한 분
- 스토리보드·촬영본·음원·자막를 정확히 해석하고 업무 문서로 구조화할 수 있는 분
- Premiere Pro·After Effects 중 직무에 필요한 도구를 실무에 적용할 수 있는 분
- 유관 부서와 쟁점을 명확히 설명하고 일정에 맞춰 협업할 수 있는 분
- 문제 원인을 근거에 따라 분석하고 실행 가능한 대안을 제시할 수 있는 분","- 영상편집기능사 보유자
- Adobe Certified Professional in Digital Video Using Adobe Premiere Pro 보유자
- 멀티미디어콘텐츠제작전문가 보유자
- 모션그래픽·영상 편집·후반작업 관련 프로젝트를 기획부터 결과 검토까지 수행한 경험","- 지원서 또는 제출서류를 허위로 기재한 경우
- 채용 과정에서 부정한 방법을 사용한 경우
- 채용검진 결과 직무 수행이 어렵다고 판단되는 경우
- 관련 법령 또는 내부 인사규정상 채용이 불가능한 경우",서류전형 > 필기전형 > 면접전형 > 최종합격
영상디자이너 공개채용,13,51,20260513,20260601,8,경력 5년 이상,기간제,세종특별자치시,학력무관,"글로벌 사업 조직에서 모션그래픽·영상 편집·후반작업을 담당할 영상디자이너를 모집합니다. 이 포지션은 현장의 요구를 실행 가능한 계획과 결과물로 연결하는 역할입니다.

담당 범위는 스토리보드·촬영본·음원·자막를 바탕으로 기준을 수립하고, 우선순위에 따라 과제를 실행하며 품질과 일정을 함께 관리하는 것입니다.

디자인 조직의 동료와 재무·영업·개발·운영 등 유관 부서, 필요한 경우 외부 파트너와 협업해 의사결정에 필요한 정보를 정리합니다.

이슈가 발생하면 사실과 데이터를 먼저 확인하고 원인을 구분한 뒤, 대안을 비교해 합의된 조치를 실행하고 재발 방지 내용을 문서화합니다.

입사 초기에는 기존 자료와 업무 흐름을 파악하고 Premiere Pro·After Effects 환경을 익힌 뒤, 담당 영역의 개선 과제와 표준화 작업을 단계적으로 주도합니다.

성과는 결과물의 정확성, 일정 준수, 이해관계자와의 명확한 소통, 사용자와 사업에 미치는 영향을 기준으로 평가합니다.","- 유관 부서 및 외부 파트너와 기준·일정·결과물 조율
- 검토 회의 운영과 의사결정 근거·변경 이력 문서화
- 성과지표 설정 및 결과 데이터 분석을 통한 개선안 제안
- 업무상 리스크 사전 점검과 문제 발생 시 원인 분석·후속 조치
- 재사용 가능한 체크리스트·가이드·템플릿 정비
- 고객 또는 내부 사용자의 피드백을 반영한 결과물 품질 개선
- 모션그래픽·영상 편집·후반작업 관련 연간·분기 실행계획 수립
- 스토리보드·촬영본·음원·자막 수집·정리 및 핵심 이슈 분석","- 모션그래픽·영상 편집·후반작업 관련 지식 또는 프로젝트·실무 경험을 보유한 분
- 스토리보드·촬영본·음원·자막를 정확히 해석하고 업무 문서로 구조화할 수 있는 분
- Premiere Pro·After Effects 중 직무에 필요한 도구를 실무에 적용할 수 있는 분
- 유관 부서와 쟁점을 명확히 설명하고 일정에 맞춰 협업할 수 있는 분
- 문제 원인을 근거에 따라 분석하고 실행 가능한 대안을 제시할 수 있는 분
- 업무상 취급하는 개인정보와 기밀정보를 안전하게 관리할 수 있는 분","- Adobe Certified Professional in Digital Video Using Adobe Premiere Pro 보유자
- 멀티미디어콘텐츠제작전문가 보유자
- 영상편집기능사 보유자
- 모션그래픽·영상 편집·후반작업 관련 프로젝트를 기획부터 결과 검토까지 수행한 경험
- Premiere Pro·After Effects를 활용해 반복 업무를 개선하거나 품질 기준을 정립한 경험","- 제출한 경력·자격 증빙이 사실과 다른 경우
- 정해진 기한까지 필수 증빙서류를 제출하지 않은 경우
- 해외여행 및 근무에 결격사유가 있는 경우
- 채용 관련 비밀유지 의무를 위반한 경우",서류전형 > 실무면접 > 최종면접
영상디자이너 프로젝트 담당 모집,92,51,20260718,20260809,11,경력,정규직,충청남도,전문학사 이상,"연구개발 중심 조직에서 모션그래픽·영상 편집·후반작업을 담당할 영상디자이너를 모집합니다. 이 포지션은 현장의 요구를 실행 가능한 계획과 결과물로 연결하는 역할입니다.

담당 범위는 스토리보드·촬영본·음원·자막를 바탕으로 기준을 수립하고, 우선순위에 따라 과제를 실행하며 품질과 일정을 함께 관리하는 것입니다.

디자인 조직의 동료와 재무·영업·개발·운영 등 유관 부서, 필요한 경우 외부 파트너와 협업해 의사결정에 필요한 정보를 정리합니다.

이슈가 발생하면 사실과 데이터를 먼저 확인하고 원인을 구분한 뒤, 대안을 비교해 합의된 조치를 실행하고 재발 방지 내용을 문서화합니다.

입사 초기에는 기존 자료와 업무 흐름을 파악하고 Premiere Pro·After Effects 환경을 익힌 뒤, 담당 영역의 개선 과제와 표준화 작업을 단계적으로 주도합니다.

성과는 결과물의 정확성, 일정 준수, 이해관계자와의 명확한 소통, 사용자와 사업에 미치는 영향을 기준으로 평가합니다.","- 검토 회의 운영과 의사결정 근거·변경 이력 문서화
- 성과지표 설정 및 결과 데이터 분석을 통한 개선안 제안
- 업무상 리스크 사전 점검과 문제 발생 시 원인 분석·후속 조치
- 재사용 가능한 체크리스트·가이드·템플릿 정비
- 고객 또는 내부 사용자의 피드백을 반영한 결과물 품질 개선
- 모션그래픽·영상 편집·후반작업 관련 연간·분기 실행계획 수립
- 스토리보드·촬영본·음원·자막 수집·정리 및 핵심 이슈 분석
- Premiere Pro·After Effects를 활용한 업무 산출물 작성과 버전 관리
- 요구사항을 세부 과제와 일정으로 구체화하고 진행 현황 관리","- 모션그래픽·영상 편집·후반작업 관련 지식 또는 프로젝트·실무 경험을 보유한 분
- 스토리보드·촬영본·음원·자막를 정확히 해석하고 업무 문서로 구조화할 수 있는 분
- Premiere Pro·After Effects 중 직무에 필요한 도구를 실무에 적용할 수 있는 분
- 유관 부서와 쟁점을 명확히 설명하고 일정에 맞춰 협업할 수 있는 분
- 문제 원인을 근거에 따라 분석하고 실행 가능한 대안을 제시할 수 있는 분
- 업무상 취급하는 개인정보와 기밀정보를 안전하게 관리할 수 있는 분
- 영상디자이너 또는 유사 분야의 경력 실무 경험을 보유한 분","- 멀티미디어콘텐츠제작전문가 보유자
- 영상편집기능사 보유자
- Adobe Certified Professional in Digital Video Using Adobe Premiere Pro 보유자
- 모션그래픽·영상 편집·후반작업 관련 프로젝트를 기획부터 결과 검토까지 수행한 경험
- Premiere Pro·After Effects를 활용해 반복 업무를 개선하거나 품질 기준을 정립한 경험
- 외부 파트너 또는 다양한 이해관계자와 복잡한 요구사항을 조율한 경험","- 지원 자격 또는 필수 면허 요건을 충족하지 못한 경우
- 전형 과정에서 타인의 결과물을 무단 사용한 경우
- 채용검진 결과 담당 업무 수행이 곤란한 경우
- 관계 법령상 취업이 제한되는 경우",서류전형 > 인성검사 > 실무면접 > 최종면접
영상디자이너 운영 담당자 채용,30,51,20260923,20261018,14,신입·경력,계약직,경상남도,학사 이상,"플랫폼 운영 조직에서 모션그래픽·영상 편집·후반작업을 담당할 영상디자이너를 모집합니다. 이 포지션은 현장의 요구를 실행 가능한 계획과 결과물로 연결하는 역할입니다.

담당 범위는 스토리보드·촬영본·음원·자막를 바탕으로 기준을 수립하고, 우선순위에 따라 과제를 실행하며 품질과 일정을 함께 관리하는 것입니다.

디자인 조직의 동료와 재무·영업·개발·운영 등 유관 부서, 필요한 경우 외부 파트너와 협업해 의사결정에 필요한 정보를 정리합니다.

이슈가 발생하면 사실과 데이터를 먼저 확인하고 원인을 구분한 뒤, 대안을 비교해 합의된 조치를 실행하고 재발 방지 내용을 문서화합니다.

입사 초기에는 기존 자료와 업무 흐름을 파악하고 Premiere Pro·After Effects 환경을 익힌 뒤, 담당 영역의 개선 과제와 표준화 작업을 단계적으로 주도합니다.

성과는 결과물의 정확성, 일정 준수, 이해관계자와의 명확한 소통, 사용자와 사업에 미치는 영향을 기준으로 평가합니다.","- 성과지표 설정 및 결과 데이터 분석을 통한 개선안 제안
- 업무상 리스크 사전 점검과 문제 발생 시 원인 분석·후속 조치
- 재사용 가능한 체크리스트·가이드·템플릿 정비
- 고객 또는 내부 사용자의 피드백을 반영한 결과물 품질 개선
- 모션그래픽·영상 편집·후반작업 관련 연간·분기 실행계획 수립
- 스토리보드·촬영본·음원·자막 수집·정리 및 핵심 이슈 분석
- Premiere Pro·After Effects를 활용한 업무 산출물 작성과 버전 관리","- 모션그래픽·영상 편집·후반작업 관련 지식 또는 프로젝트·실무 경험을 보유한 분
- 스토리보드·촬영본·음원·자막를 정확히 해석하고 업무 문서로 구조화할 수 있는 분
- Premiere Pro·After Effects 중 직무에 필요한 도구를 실무에 적용할 수 있는 분
- 유관 부서와 쟁점을 명확히 설명하고 일정에 맞춰 협업할 수 있는 분
- 문제 원인을 근거에 따라 분석하고 실행 가능한 대안을 제시할 수 있는 분","- 영상편집기능사 보유자
- Adobe Certified Professional in Digital Video Using Adobe Premiere Pro 보유자
- 멀티미디어콘텐츠제작전문가 보유자
- 모션그래픽·영상 편집·후반작업 관련 프로젝트를 기획부터 결과 검토까지 수행한 경험","- 지원서 또는 제출서류를 허위로 기재한 경우
- 채용 과정에서 부정한 방법을 사용한 경우
- 채용검진 결과 직무 수행이 어렵다고 판단되는 경우
- 관련 법령 또는 내부 인사규정상 채용이 불가능한 경우",서류전형 > 직무과제 > 실무면접 > 처우협의
영상디자이너 핵심인재 모집,110,51,20261105,20261203,17,경력 2년 이상,정규직,제주특별자치도,학사 이상,"브랜드 사업 조직에서 모션그래픽·영상 편집·후반작업을 담당할 영상디자이너를 모집합니다. 이 포지션은 현장의 요구를 실행 가능한 계획과 결과물로 연결하는 역할입니다.

담당 범위는 스토리보드·촬영본·음원·자막를 바탕으로 기준을 수립하고, 우선순위에 따라 과제를 실행하며 품질과 일정을 함께 관리하는 것입니다.

디자인 조직의 동료와 재무·영업·개발·운영 등 유관 부서, 필요한 경우 외부 파트너와 협업해 의사결정에 필요한 정보를 정리합니다.

이슈가 발생하면 사실과 데이터를 먼저 확인하고 원인을 구분한 뒤, 대안을 비교해 합의된 조치를 실행하고 재발 방지 내용을 문서화합니다.

입사 초기에는 기존 자료와 업무 흐름을 파악하고 Premiere Pro·After Effects 환경을 익힌 뒤, 담당 영역의 개선 과제와 표준화 작업을 단계적으로 주도합니다.

성과는 결과물의 정확성, 일정 준수, 이해관계자와의 명확한 소통, 사용자와 사업에 미치는 영향을 기준으로 평가합니다.","- 업무상 리스크 사전 점검과 문제 발생 시 원인 분석·후속 조치
- 재사용 가능한 체크리스트·가이드·템플릿 정비
- 고객 또는 내부 사용자의 피드백을 반영한 결과물 품질 개선
- 모션그래픽·영상 편집·후반작업 관련 연간·분기 실행계획 수립
- 스토리보드·촬영본·음원·자막 수집·정리 및 핵심 이슈 분석
- Premiere Pro·After Effects를 활용한 업무 산출물 작성과 버전 관리
- 요구사항을 세부 과제와 일정으로 구체화하고 진행 현황 관리
- 유관 부서 및 외부 파트너와 기준·일정·결과물 조율","- 모션그래픽·영상 편집·후반작업 관련 지식 또는 프로젝트·실무 경험을 보유한 분
- 스토리보드·촬영본·음원·자막를 정확히 해석하고 업무 문서로 구조화할 수 있는 분
- Premiere Pro·After Effects 중 직무에 필요한 도구를 실무에 적용할 수 있는 분
- 유관 부서와 쟁점을 명확히 설명하고 일정에 맞춰 협업할 수 있는 분
- 문제 원인을 근거에 따라 분석하고 실행 가능한 대안을 제시할 수 있는 분
- 업무상 취급하는 개인정보와 기밀정보를 안전하게 관리할 수 있는 분","- Adobe Certified Professional in Digital Video Using Adobe Premiere Pro 보유자
- 멀티미디어콘텐츠제작전문가 보유자
- 영상편집기능사 보유자
- 모션그래픽·영상 편집·후반작업 관련 프로젝트를 기획부터 결과 검토까지 수행한 경험
- Premiere Pro·After Effects를 활용해 반복 업무를 개선하거나 품질 기준을 정립한 경험","- 제출한 경력·자격 증빙이 사실과 다른 경우
- 정해진 기한까지 필수 증빙서류를 제출하지 않은 경우
- 해외여행 및 근무에 결격사유가 있는 경우
- 채용 관련 비밀유지 의무를 위반한 경우",서류전형 > 1차면접 > 2차면접 > 채용검진
영상디자이너 전문가 채용,24,51,20260210,20260313,20,경력 3년 이상,무기계약직,서울특별시,석사 이상,"지역 기반 전문기관에서 모션그래픽·영상 편집·후반작업을 담당할 영상디자이너를 모집합니다. 이 포지션은 현장의 요구를 실행 가능한 계획과 결과물로 연결하는 역할입니다.

담당 범위는 스토리보드·촬영본·음원·자막를 바탕으로 기준을 수립하고, 우선순위에 따라 과제를 실행하며 품질과 일정을 함께 관리하는 것입니다.

디자인 조직의 동료와 재무·영업·개발·운영 등 유관 부서, 필요한 경우 외부 파트너와 협업해 의사결정에 필요한 정보를 정리합니다.

이슈가 발생하면 사실과 데이터를 먼저 확인하고 원인을 구분한 뒤, 대안을 비교해 합의된 조치를 실행하고 재발 방지 내용을 문서화합니다.

입사 초기에는 기존 자료와 업무 흐름을 파악하고 Premiere Pro·After Effects 환경을 익힌 뒤, 담당 영역의 개선 과제와 표준화 작업을 단계적으로 주도합니다.

성과는 결과물의 정확성, 일정 준수, 이해관계자와의 명확한 소통, 사용자와 사업에 미치는 영향을 기준으로 평가합니다.","- 재사용 가능한 체크리스트·가이드·템플릿 정비
- 고객 또는 내부 사용자의 피드백을 반영한 결과물 품질 개선
- 모션그래픽·영상 편집·후반작업 관련 연간·분기 실행계획 수립
- 스토리보드·촬영본·음원·자막 수집·정리 및 핵심 이슈 분석
- Premiere Pro·After Effects를 활용한 업무 산출물 작성과 버전 관리
- 요구사항을 세부 과제와 일정으로 구체화하고 진행 현황 관리
- 유관 부서 및 외부 파트너와 기준·일정·결과물 조율
- 검토 회의 운영과 의사결정 근거·변경 이력 문서화
- 성과지표 설정 및 결과 데이터 분석을 통한 개선안 제안","- 모션그래픽·영상 편집·후반작업 관련 지식 또는 프로젝트·실무 경험을 보유한 분
- 스토리보드·촬영본·음원·자막를 정확히 해석하고 업무 문서로 구조화할 수 있는 분
- Premiere Pro·After Effects 중 직무에 필요한 도구를 실무에 적용할 수 있는 분
- 유관 부서와 쟁점을 명확히 설명하고 일정에 맞춰 협업할 수 있는 분
- 문제 원인을 근거에 따라 분석하고 실행 가능한 대안을 제시할 수 있는 분
- 업무상 취급하는 개인정보와 기밀정보를 안전하게 관리할 수 있는 분
- 영상디자이너 또는 유사 분야의 3년 이상 실무 경험을 보유한 분","- 멀티미디어콘텐츠제작전문가 보유자
- 영상편집기능사 보유자
- Adobe Certified Professional in Digital Video Using Adobe Premiere Pro 보유자
- 모션그래픽·영상 편집·후반작업 관련 프로젝트를 기획부터 결과 검토까지 수행한 경험
- Premiere Pro·After Effects를 활용해 반복 업무를 개선하거나 품질 기준을 정립한 경험
- 외부 파트너 또는 다양한 이해관계자와 복잡한 요구사항을 조율한 경험","- 지원 자격 또는 필수 면허 요건을 충족하지 못한 경우
- 전형 과정에서 타인의 결과물을 무단 사용한 경우
- 채용검진 결과 담당 업무 수행이 곤란한 경우
- 관계 법령상 취업이 제한되는 경우",서류전형 > 필기전형 > 면접전형 > 최종합격
영상디자이너 신규 인력 모집,90,51,20260415,20260519,3,신입,정규직,경기도,학력무관,"디지털 서비스 조직에서 모션그래픽·영상 편집·후반작업을 담당할 영상디자이너를 모집합니다. 이 포지션은 현장의 요구를 실행 가능한 계획과 결과물로 연결하는 역할입니다.

담당 범위는 스토리보드·촬영본·음원·자막를 바탕으로 기준을 수립하고, 우선순위에 따라 과제를 실행하며 품질과 일정을 함께 관리하는 것입니다.

디자인 조직의 동료와 재무·영업·개발·운영 등 유관 부서, 필요한 경우 외부 파트너와 협업해 의사결정에 필요한 정보를 정리합니다.

이슈가 발생하면 사실과 데이터를 먼저 확인하고 원인을 구분한 뒤, 대안을 비교해 합의된 조치를 실행하고 재발 방지 내용을 문서화합니다.

입사 초기에는 기존 자료와 업무 흐름을 파악하고 Premiere Pro·After Effects 환경을 익힌 뒤, 담당 영역의 개선 과제와 표준화 작업을 단계적으로 주도합니다.

성과는 결과물의 정확성, 일정 준수, 이해관계자와의 명확한 소통, 사용자와 사업에 미치는 영향을 기준으로 평가합니다.","- 고객 또는 내부 사용자의 피드백을 반영한 결과물 품질 개선
- 모션그래픽·영상 편집·후반작업 관련 연간·분기 실행계획 수립
- 스토리보드·촬영본·음원·자막 수집·정리 및 핵심 이슈 분석
- Premiere Pro·After Effects를 활용한 업무 산출물 작성과 버전 관리
- 요구사항을 세부 과제와 일정으로 구체화하고 진행 현황 관리
- 유관 부서 및 외부 파트너와 기준·일정·결과물 조율
- 검토 회의 운영과 의사결정 근거·변경 이력 문서화","- 모션그래픽·영상 편집·후반작업 관련 지식 또는 프로젝트·실무 경험을 보유한 분
- 스토리보드·촬영본·음원·자막를 정확히 해석하고 업무 문서로 구조화할 수 있는 분
- Premiere Pro·After Effects 중 직무에 필요한 도구를 실무에 적용할 수 있는 분
- 유관 부서와 쟁점을 명확히 설명하고 일정에 맞춰 협업할 수 있는 분
- 문제 원인을 근거에 따라 분석하고 실행 가능한 대안을 제시할 수 있는 분","- 영상편집기능사 보유자
- Adobe Certified Professional in Digital Video Using Adobe Premiere Pro 보유자
- 멀티미디어콘텐츠제작전문가 보유자
- 모션그래픽·영상 편집·후반작업 관련 프로젝트를 기획부터 결과 검토까지 수행한 경험","- 지원서 또는 제출서류를 허위로 기재한 경우
- 채용 과정에서 부정한 방법을 사용한 경우
- 채용검진 결과 직무 수행이 어렵다고 판단되는 경우
- 관련 법령 또는 내부 인사규정상 채용이 불가능한 경우",서류전형 > 실무면접 > 최종면접
웹디자이너 담당자 모집,27,52,20260919,20261003,1,신입·경력,정규직,부산광역시,학사 이상,"중견기업 전략 조직에서 반응형 웹 화면·배너·디자인 시스템을 담당할 웹디자이너를 모집합니다. 이 포지션은 현장의 요구를 실행 가능한 계획과 결과물로 연결하는 역할입니다.

담당 범위는 와이어프레임·UI 시안·웹 자산를 바탕으로 기준을 수립하고, 우선순위에 따라 과제를 실행하며 품질과 일정을 함께 관리하는 것입니다.

디자인 조직의 동료와 재무·영업·개발·운영 등 유관 부서, 필요한 경우 외부 파트너와 협업해 의사결정에 필요한 정보를 정리합니다.

이슈가 발생하면 사실과 데이터를 먼저 확인하고 원인을 구분한 뒤, 대안을 비교해 합의된 조치를 실행하고 재발 방지 내용을 문서화합니다.

입사 초기에는 기존 자료와 업무 흐름을 파악하고 Figma·Photoshop·HTML·CSS 환경을 익힌 뒤, 담당 영역의 개선 과제와 표준화 작업을 단계적으로 주도합니다.

성과는 결과물의 정확성, 일정 준수, 이해관계자와의 명확한 소통, 사용자와 사업에 미치는 영향을 기준으로 평가합니다.","- 반응형 웹 화면·배너·디자인 시스템 관련 연간·분기 실행계획 수립
- 와이어프레임·UI 시안·웹 자산 수집·정리 및 핵심 이슈 분석
- Figma·Photoshop·HTML·CSS를 활용한 업무 산출물 작성과 버전 관리
- 요구사항을 세부 과제와 일정으로 구체화하고 진행 현황 관리
- 유관 부서 및 외부 파트너와 기준·일정·결과물 조율
- 검토 회의 운영과 의사결정 근거·변경 이력 문서화
- 성과지표 설정 및 결과 데이터 분석을 통한 개선안 제안","- 반응형 웹 화면·배너·디자인 시스템 관련 지식 또는 프로젝트·실무 경험을 보유한 분
- 와이어프레임·UI 시안·웹 자산를 정확히 해석하고 업무 문서로 구조화할 수 있는 분
- Figma·Photoshop·HTML·CSS 중 직무에 필요한 도구를 실무에 적용할 수 있는 분
- 유관 부서와 쟁점을 명확히 설명하고 일정에 맞춰 협업할 수 있는 분
- 문제 원인을 근거에 따라 분석하고 실행 가능한 대안을 제시할 수 있는 분","- 웹디자인개발기능사 보유자
- GTQ 1급 보유자
- Google UX Design Certificate 보유자
- 반응형 웹 화면·배너·디자인 시스템 관련 프로젝트를 기획부터 결과 검토까지 수행한 경험","- 제출한 경력·자격 증빙이 사실과 다른 경우
- 정해진 기한까지 필수 증빙서류를 제출하지 않은 경우
- 해외여행 및 근무에 결격사유가 있는 경우
- 채용 관련 비밀유지 의무를 위반한 경우",서류전형 > 직무과제 > 실무면접 > 처우협의
웹디자이너 실무자 채용,45,52,20261101,20261118,4,경력 3년 이상,무기계약직,광주광역시,학사 이상,"공공서비스 운영기관에서 반응형 웹 화면·배너·디자인 시스템을 담당할 웹디자이너를 모집합니다. 이 포지션은 현장의 요구를 실행 가능한 계획과 결과물로 연결하는 역할입니다.

담당 범위는 와이어프레임·UI 시안·웹 자산를 바탕으로 기준을 수립하고, 우선순위에 따라 과제를 실행하며 품질과 일정을 함께 관리하는 것입니다.

디자인 조직의 동료와 재무·영업·개발·운영 등 유관 부서, 필요한 경우 외부 파트너와 협업해 의사결정에 필요한 정보를 정리합니다.

이슈가 발생하면 사실과 데이터를 먼저 확인하고 원인을 구분한 뒤, 대안을 비교해 합의된 조치를 실행하고 재발 방지 내용을 문서화합니다.

입사 초기에는 기존 자료와 업무 흐름을 파악하고 Figma·Photoshop·HTML·CSS 환경을 익힌 뒤, 담당 영역의 개선 과제와 표준화 작업을 단계적으로 주도합니다.

성과는 결과물의 정확성, 일정 준수, 이해관계자와의 명확한 소통, 사용자와 사업에 미치는 영향을 기준으로 평가합니다.","- 와이어프레임·UI 시안·웹 자산 수집·정리 및 핵심 이슈 분석
- Figma·Photoshop·HTML·CSS를 활용한 업무 산출물 작성과 버전 관리
- 요구사항을 세부 과제와 일정으로 구체화하고 진행 현황 관리
- 유관 부서 및 외부 파트너와 기준·일정·결과물 조율
- 검토 회의 운영과 의사결정 근거·변경 이력 문서화
- 성과지표 설정 및 결과 데이터 분석을 통한 개선안 제안
- 업무상 리스크 사전 점검과 문제 발생 시 원인 분석·후속 조치
- 재사용 가능한 체크리스트·가이드·템플릿 정비","- 반응형 웹 화면·배너·디자인 시스템 관련 지식 또는 프로젝트·실무 경험을 보유한 분
- 와이어프레임·UI 시안·웹 자산를 정확히 해석하고 업무 문서로 구조화할 수 있는 분
- Figma·Photoshop·HTML·CSS 중 직무에 필요한 도구를 실무에 적용할 수 있는 분
- 유관 부서와 쟁점을 명확히 설명하고 일정에 맞춰 협업할 수 있는 분
- 문제 원인을 근거에 따라 분석하고 실행 가능한 대안을 제시할 수 있는 분
- 업무상 취급하는 개인정보와 기밀정보를 안전하게 관리할 수 있는 분","- GTQ 1급 보유자
- Google UX Design Certificate 보유자
- 웹디자인개발기능사 보유자
- 반응형 웹 화면·배너·디자인 시스템 관련 프로젝트를 기획부터 결과 검토까지 수행한 경험
- Figma·Photoshop·HTML·CSS를 활용해 반복 업무를 개선하거나 품질 기준을 정립한 경험","- 지원 자격 또는 필수 면허 요건을 충족하지 못한 경우
- 전형 과정에서 타인의 결과물을 무단 사용한 경우
- 채용검진 결과 담당 업무 수행이 곤란한 경우
- 관계 법령상 취업이 제한되는 경우",서류전형 > 1차면접 > 2차면접 > 채용검진
웹디자이너 전문인력 모집,154,52,20260206,20260226,7,경력 무관,정규직,세종특별자치시,석사 이상,"전문 컨설팅 조직에서 반응형 웹 화면·배너·디자인 시스템을 담당할 웹디자이너를 모집합니다. 이 포지션은 현장의 요구를 실행 가능한 계획과 결과물로 연결하는 역할입니다.

담당 범위는 와이어프레임·UI 시안·웹 자산를 바탕으로 기준을 수립하고, 우선순위에 따라 과제를 실행하며 품질과 일정을 함께 관리하는 것입니다.

디자인 조직의 동료와 재무·영업·개발·운영 등 유관 부서, 필요한 경우 외부 파트너와 협업해 의사결정에 필요한 정보를 정리합니다.

이슈가 발생하면 사실과 데이터를 먼저 확인하고 원인을 구분한 뒤, 대안을 비교해 합의된 조치를 실행하고 재발 방지 내용을 문서화합니다.

입사 초기에는 기존 자료와 업무 흐름을 파악하고 Figma·Photoshop·HTML·CSS 환경을 익힌 뒤, 담당 영역의 개선 과제와 표준화 작업을 단계적으로 주도합니다.

성과는 결과물의 정확성, 일정 준수, 이해관계자와의 명확한 소통, 사용자와 사업에 미치는 영향을 기준으로 평가합니다.","- Figma·Photoshop·HTML·CSS를 활용한 업무 산출물 작성과 버전 관리
- 요구사항을 세부 과제와 일정으로 구체화하고 진행 현황 관리
- 유관 부서 및 외부 파트너와 기준·일정·결과물 조율
- 검토 회의 운영과 의사결정 근거·변경 이력 문서화
- 성과지표 설정 및 결과 데이터 분석을 통한 개선안 제안
- 업무상 리스크 사전 점검과 문제 발생 시 원인 분석·후속 조치
- 재사용 가능한 체크리스트·가이드·템플릿 정비
- 고객 또는 내부 사용자의 피드백을 반영한 결과물 품질 개선
- 반응형 웹 화면·배너·디자인 시스템 관련 연간·분기 실행계획 수립","- 반응형 웹 화면·배너·디자인 시스템 관련 지식 또는 프로젝트·실무 경험을 보유한 분
- 와이어프레임·UI 시안·웹 자산를 정확히 해석하고 업무 문서로 구조화할 수 있는 분
- Figma·Photoshop·HTML·CSS 중 직무에 필요한 도구를 실무에 적용할 수 있는 분
- 유관 부서와 쟁점을 명확히 설명하고 일정에 맞춰 협업할 수 있는 분
- 문제 원인을 근거에 따라 분석하고 실행 가능한 대안을 제시할 수 있는 분
- 업무상 취급하는 개인정보와 기밀정보를 안전하게 관리할 수 있는 분
- 새로운 업무 기준과 도구를 빠르게 학습할 수 있는 분","- Google UX Design Certificate 보유자
- 웹디자인개발기능사 보유자
- GTQ 1급 보유자
- 반응형 웹 화면·배너·디자인 시스템 관련 프로젝트를 기획부터 결과 검토까지 수행한 경험
- Figma·Photoshop·HTML·CSS를 활용해 반복 업무를 개선하거나 품질 기준을 정립한 경험
- 외부 파트너 또는 다양한 이해관계자와 복잡한 요구사항을 조율한 경험","- 지원서 또는 제출서류를 허위로 기재한 경우
- 채용 과정에서 부정한 방법을 사용한 경우
- 채용검진 결과 직무 수행이 어렵다고 판단되는 경우
- 관련 법령 또는 내부 인사규정상 채용이 불가능한 경우",서류전형 > 필기전형 > 면접전형 > 최종합격
웹디자이너 인재 채용,84,52,20260411,20260504,10,경력 5년 이상,기간제,충청남도,학력무관,"글로벌 사업 조직에서 반응형 웹 화면·배너·디자인 시스템을 담당할 웹디자이너를 모집합니다. 이 포지션은 현장의 요구를 실행 가능한 계획과 결과물로 연결하는 역할입니다.

담당 범위는 와이어프레임·UI 시안·웹 자산를 바탕으로 기준을 수립하고, 우선순위에 따라 과제를 실행하며 품질과 일정을 함께 관리하는 것입니다.

디자인 조직의 동료와 재무·영업·개발·운영 등 유관 부서, 필요한 경우 외부 파트너와 협업해 의사결정에 필요한 정보를 정리합니다.

이슈가 발생하면 사실과 데이터를 먼저 확인하고 원인을 구분한 뒤, 대안을 비교해 합의된 조치를 실행하고 재발 방지 내용을 문서화합니다.

입사 초기에는 기존 자료와 업무 흐름을 파악하고 Figma·Photoshop·HTML·CSS 환경을 익힌 뒤, 담당 영역의 개선 과제와 표준화 작업을 단계적으로 주도합니다.

성과는 결과물의 정확성, 일정 준수, 이해관계자와의 명확한 소통, 사용자와 사업에 미치는 영향을 기준으로 평가합니다.","- 요구사항을 세부 과제와 일정으로 구체화하고 진행 현황 관리
- 유관 부서 및 외부 파트너와 기준·일정·결과물 조율
- 검토 회의 운영과 의사결정 근거·변경 이력 문서화
- 성과지표 설정 및 결과 데이터 분석을 통한 개선안 제안
- 업무상 리스크 사전 점검과 문제 발생 시 원인 분석·후속 조치
- 재사용 가능한 체크리스트·가이드·템플릿 정비
- 고객 또는 내부 사용자의 피드백을 반영한 결과물 품질 개선","- 반응형 웹 화면·배너·디자인 시스템 관련 지식 또는 프로젝트·실무 경험을 보유한 분
- 와이어프레임·UI 시안·웹 자산를 정확히 해석하고 업무 문서로 구조화할 수 있는 분
- Figma·Photoshop·HTML·CSS 중 직무에 필요한 도구를 실무에 적용할 수 있는 분
- 유관 부서와 쟁점을 명확히 설명하고 일정에 맞춰 협업할 수 있는 분
- 문제 원인을 근거에 따라 분석하고 실행 가능한 대안을 제시할 수 있는 분","- 웹디자인개발기능사 보유자
- GTQ 1급 보유자
- Google UX Design Certificate 보유자
- 반응형 웹 화면·배너·디자인 시스템 관련 프로젝트를 기획부터 결과 검토까지 수행한 경험","- 제출한 경력·자격 증빙이 사실과 다른 경우
- 정해진 기한까지 필수 증빙서류를 제출하지 않은 경우
- 해외여행 및 근무에 결격사유가 있는 경우
- 채용 관련 비밀유지 의무를 위반한 경우",서류전형 > 실무면접 > 최종면접
웹디자이너 공개채용,61,52,20260616,20260712,13,경력,정규직,경상남도,전문학사 이상,"연구개발 중심 조직에서 반응형 웹 화면·배너·디자인 시스템을 담당할 웹디자이너를 모집합니다. 이 포지션은 현장의 요구를 실행 가능한 계획과 결과물로 연결하는 역할입니다.

담당 범위는 와이어프레임·UI 시안·웹 자산를 바탕으로 기준을 수립하고, 우선순위에 따라 과제를 실행하며 품질과 일정을 함께 관리하는 것입니다.

디자인 조직의 동료와 재무·영업·개발·운영 등 유관 부서, 필요한 경우 외부 파트너와 협업해 의사결정에 필요한 정보를 정리합니다.

이슈가 발생하면 사실과 데이터를 먼저 확인하고 원인을 구분한 뒤, 대안을 비교해 합의된 조치를 실행하고 재발 방지 내용을 문서화합니다.

입사 초기에는 기존 자료와 업무 흐름을 파악하고 Figma·Photoshop·HTML·CSS 환경을 익힌 뒤, 담당 영역의 개선 과제와 표준화 작업을 단계적으로 주도합니다.

성과는 결과물의 정확성, 일정 준수, 이해관계자와의 명확한 소통, 사용자와 사업에 미치는 영향을 기준으로 평가합니다.","- 유관 부서 및 외부 파트너와 기준·일정·결과물 조율
- 검토 회의 운영과 의사결정 근거·변경 이력 문서화
- 성과지표 설정 및 결과 데이터 분석을 통한 개선안 제안
- 업무상 리스크 사전 점검과 문제 발생 시 원인 분석·후속 조치
- 재사용 가능한 체크리스트·가이드·템플릿 정비
- 고객 또는 내부 사용자의 피드백을 반영한 결과물 품질 개선
- 반응형 웹 화면·배너·디자인 시스템 관련 연간·분기 실행계획 수립
- 와이어프레임·UI 시안·웹 자산 수집·정리 및 핵심 이슈 분석","- 반응형 웹 화면·배너·디자인 시스템 관련 지식 또는 프로젝트·실무 경험을 보유한 분
- 와이어프레임·UI 시안·웹 자산를 정확히 해석하고 업무 문서로 구조화할 수 있는 분
- Figma·Photoshop·HTML·CSS 중 직무에 필요한 도구를 실무에 적용할 수 있는 분
- 유관 부서와 쟁점을 명확히 설명하고 일정에 맞춰 협업할 수 있는 분
- 문제 원인을 근거에 따라 분석하고 실행 가능한 대안을 제시할 수 있는 분
- 업무상 취급하는 개인정보와 기밀정보를 안전하게 관리할 수 있는 분","- GTQ 1급 보유자
- Google UX Design Certificate 보유자
- 웹디자인개발기능사 보유자
- 반응형 웹 화면·배너·디자인 시스템 관련 프로젝트를 기획부터 결과 검토까지 수행한 경험
- Figma·Photoshop·HTML·CSS를 활용해 반복 업무를 개선하거나 품질 기준을 정립한 경험","- 지원 자격 또는 필수 면허 요건을 충족하지 못한 경우
- 전형 과정에서 타인의 결과물을 무단 사용한 경우
- 채용검진 결과 담당 업무 수행이 곤란한 경우
- 관계 법령상 취업이 제한되는 경우",서류전형 > 인성검사 > 실무면접 > 최종면접
웹디자이너 프로젝트 담당 모집,114,52,20260821,20260919,16,신입·경력,계약직,제주특별자치도,학사 이상,"플랫폼 운영 조직에서 반응형 웹 화면·배너·디자인 시스템을 담당할 웹디자이너를 모집합니다. 이 포지션은 현장의 요구를 실행 가능한 계획과 결과물로 연결하는 역할입니다.

담당 범위는 와이어프레임·UI 시안·웹 자산를 바탕으로 기준을 수립하고, 우선순위에 따라 과제를 실행하며 품질과 일정을 함께 관리하는 것입니다.

디자인 조직의 동료와 재무·영업·개발·운영 등 유관 부서, 필요한 경우 외부 파트너와 협업해 의사결정에 필요한 정보를 정리합니다.

이슈가 발생하면 사실과 데이터를 먼저 확인하고 원인을 구분한 뒤, 대안을 비교해 합의된 조치를 실행하고 재발 방지 내용을 문서화합니다.

입사 초기에는 기존 자료와 업무 흐름을 파악하고 Figma·Photoshop·HTML·CSS 환경을 익힌 뒤, 담당 영역의 개선 과제와 표준화 작업을 단계적으로 주도합니다.

성과는 결과물의 정확성, 일정 준수, 이해관계자와의 명확한 소통, 사용자와 사업에 미치는 영향을 기준으로 평가합니다.","- 검토 회의 운영과 의사결정 근거·변경 이력 문서화
- 성과지표 설정 및 결과 데이터 분석을 통한 개선안 제안
- 업무상 리스크 사전 점검과 문제 발생 시 원인 분석·후속 조치
- 재사용 가능한 체크리스트·가이드·템플릿 정비
- 고객 또는 내부 사용자의 피드백을 반영한 결과물 품질 개선
- 반응형 웹 화면·배너·디자인 시스템 관련 연간·분기 실행계획 수립
- 와이어프레임·UI 시안·웹 자산 수집·정리 및 핵심 이슈 분석
- Figma·Photoshop·HTML·CSS를 활용한 업무 산출물 작성과 버전 관리
- 요구사항을 세부 과제와 일정으로 구체화하고 진행 현황 관리","- 반응형 웹 화면·배너·디자인 시스템 관련 지식 또는 프로젝트·실무 경험을 보유한 분
- 와이어프레임·UI 시안·웹 자산를 정확히 해석하고 업무 문서로 구조화할 수 있는 분
- Figma·Photoshop·HTML·CSS 중 직무에 필요한 도구를 실무에 적용할 수 있는 분
- 유관 부서와 쟁점을 명확히 설명하고 일정에 맞춰 협업할 수 있는 분
- 문제 원인을 근거에 따라 분석하고 실행 가능한 대안을 제시할 수 있는 분
- 업무상 취급하는 개인정보와 기밀정보를 안전하게 관리할 수 있는 분
- 웹디자이너 또는 유사 분야의 신입·경력 실무 경험을 보유한 분","- Google UX Design Certificate 보유자
- 웹디자인개발기능사 보유자
- GTQ 1급 보유자
- 반응형 웹 화면·배너·디자인 시스템 관련 프로젝트를 기획부터 결과 검토까지 수행한 경험
- Figma·Photoshop·HTML·CSS를 활용해 반복 업무를 개선하거나 품질 기준을 정립한 경험
- 외부 파트너 또는 다양한 이해관계자와 복잡한 요구사항을 조율한 경험","- 지원서 또는 제출서류를 허위로 기재한 경우
- 채용 과정에서 부정한 방법을 사용한 경우
- 채용검진 결과 직무 수행이 어렵다고 판단되는 경우
- 관련 법령 또는 내부 인사규정상 채용이 불가능한 경우",서류전형 > 직무과제 > 실무면접 > 처우협의
웹디자이너 운영 담당자 채용,38,52,20261003,20261104,19,경력 2년 이상,정규직,서울특별시,학사 이상,"브랜드 사업 조직에서 반응형 웹 화면·배너·디자인 시스템을 담당할 웹디자이너를 모집합니다. 이 포지션은 현장의 요구를 실행 가능한 계획과 결과물로 연결하는 역할입니다.

담당 범위는 와이어프레임·UI 시안·웹 자산를 바탕으로 기준을 수립하고, 우선순위에 따라 과제를 실행하며 품질과 일정을 함께 관리하는 것입니다.

디자인 조직의 동료와 재무·영업·개발·운영 등 유관 부서, 필요한 경우 외부 파트너와 협업해 의사결정에 필요한 정보를 정리합니다.

이슈가 발생하면 사실과 데이터를 먼저 확인하고 원인을 구분한 뒤, 대안을 비교해 합의된 조치를 실행하고 재발 방지 내용을 문서화합니다.

입사 초기에는 기존 자료와 업무 흐름을 파악하고 Figma·Photoshop·HTML·CSS 환경을 익힌 뒤, 담당 영역의 개선 과제와 표준화 작업을 단계적으로 주도합니다.

성과는 결과물의 정확성, 일정 준수, 이해관계자와의 명확한 소통, 사용자와 사업에 미치는 영향을 기준으로 평가합니다.","- 성과지표 설정 및 결과 데이터 분석을 통한 개선안 제안
- 업무상 리스크 사전 점검과 문제 발생 시 원인 분석·후속 조치
- 재사용 가능한 체크리스트·가이드·템플릿 정비
- 고객 또는 내부 사용자의 피드백을 반영한 결과물 품질 개선
- 반응형 웹 화면·배너·디자인 시스템 관련 연간·분기 실행계획 수립
- 와이어프레임·UI 시안·웹 자산 수집·정리 및 핵심 이슈 분석
- Figma·Photoshop·HTML·CSS를 활용한 업무 산출물 작성과 버전 관리","- 반응형 웹 화면·배너·디자인 시스템 관련 지식 또는 프로젝트·실무 경험을 보유한 분
- 와이어프레임·UI 시안·웹 자산를 정확히 해석하고 업무 문서로 구조화할 수 있는 분
- Figma·Photoshop·HTML·CSS 중 직무에 필요한 도구를 실무에 적용할 수 있는 분
- 유관 부서와 쟁점을 명확히 설명하고 일정에 맞춰 협업할 수 있는 분
- 문제 원인을 근거에 따라 분석하고 실행 가능한 대안을 제시할 수 있는 분","- 웹디자인개발기능사 보유자
- GTQ 1급 보유자
- Google UX Design Certificate 보유자
- 반응형 웹 화면·배너·디자인 시스템 관련 프로젝트를 기획부터 결과 검토까지 수행한 경험","- 제출한 경력·자격 증빙이 사실과 다른 경우
- 정해진 기한까지 필수 증빙서류를 제출하지 않은 경우
- 해외여행 및 근무에 결격사유가 있는 경우
- 채용 관련 비밀유지 의무를 위반한 경우",서류전형 > 1차면접 > 2차면접 > 채용검진
웹디자이너 핵심인재 모집,43,52,20260108,20260212,2,경력 3년 이상,무기계약직,경기도,석사 이상,"지역 기반 전문기관에서 반응형 웹 화면·배너·디자인 시스템을 담당할 웹디자이너를 모집합니다. 이 포지션은 현장의 요구를 실행 가능한 계획과 결과물로 연결하는 역할입니다.

담당 범위는 와이어프레임·UI 시안·웹 자산를 바탕으로 기준을 수립하고, 우선순위에 따라 과제를 실행하며 품질과 일정을 함께 관리하는 것입니다.

디자인 조직의 동료와 재무·영업·개발·운영 등 유관 부서, 필요한 경우 외부 파트너와 협업해 의사결정에 필요한 정보를 정리합니다.

이슈가 발생하면 사실과 데이터를 먼저 확인하고 원인을 구분한 뒤, 대안을 비교해 합의된 조치를 실행하고 재발 방지 내용을 문서화합니다.

입사 초기에는 기존 자료와 업무 흐름을 파악하고 Figma·Photoshop·HTML·CSS 환경을 익힌 뒤, 담당 영역의 개선 과제와 표준화 작업을 단계적으로 주도합니다.

성과는 결과물의 정확성, 일정 준수, 이해관계자와의 명확한 소통, 사용자와 사업에 미치는 영향을 기준으로 평가합니다.","- 업무상 리스크 사전 점검과 문제 발생 시 원인 분석·후속 조치
- 재사용 가능한 체크리스트·가이드·템플릿 정비
- 고객 또는 내부 사용자의 피드백을 반영한 결과물 품질 개선
- 반응형 웹 화면·배너·디자인 시스템 관련 연간·분기 실행계획 수립
- 와이어프레임·UI 시안·웹 자산 수집·정리 및 핵심 이슈 분석
- Figma·Photoshop·HTML·CSS를 활용한 업무 산출물 작성과 버전 관리
- 요구사항을 세부 과제와 일정으로 구체화하고 진행 현황 관리
- 유관 부서 및 외부 파트너와 기준·일정·결과물 조율","- 반응형 웹 화면·배너·디자인 시스템 관련 지식 또는 프로젝트·실무 경험을 보유한 분
- 와이어프레임·UI 시안·웹 자산를 정확히 해석하고 업무 문서로 구조화할 수 있는 분
- Figma·Photoshop·HTML·CSS 중 직무에 필요한 도구를 실무에 적용할 수 있는 분
- 유관 부서와 쟁점을 명확히 설명하고 일정에 맞춰 협업할 수 있는 분
- 문제 원인을 근거에 따라 분석하고 실행 가능한 대안을 제시할 수 있는 분
- 업무상 취급하는 개인정보와 기밀정보를 안전하게 관리할 수 있는 분","- GTQ 1급 보유자
- Google UX Design Certificate 보유자
- 웹디자인개발기능사 보유자
- 반응형 웹 화면·배너·디자인 시스템 관련 프로젝트를 기획부터 결과 검토까지 수행한 경험
- Figma·Photoshop·HTML·CSS를 활용해 반복 업무를 개선하거나 품질 기준을 정립한 경험","- 지원 자격 또는 필수 면허 요건을 충족하지 못한 경우
- 전형 과정에서 타인의 결과물을 무단 사용한 경우
- 채용검진 결과 담당 업무 수행이 곤란한 경우
- 관계 법령상 취업이 제한되는 경우",서류전형 > 필기전형 > 면접전형 > 최종합격
웹디자이너 전문가 채용,21,52,20260313,20260420,5,신입,정규직,인천광역시,학력무관,"디지털 서비스 조직에서 반응형 웹 화면·배너·디자인 시스템을 담당할 웹디자이너를 모집합니다. 이 포지션은 현장의 요구를 실행 가능한 계획과 결과물로 연결하는 역할입니다.

담당 범위는 와이어프레임·UI 시안·웹 자산를 바탕으로 기준을 수립하고, 우선순위에 따라 과제를 실행하며 품질과 일정을 함께 관리하는 것입니다.

디자인 조직의 동료와 재무·영업·개발·운영 등 유관 부서, 필요한 경우 외부 파트너와 협업해 의사결정에 필요한 정보를 정리합니다.

이슈가 발생하면 사실과 데이터를 먼저 확인하고 원인을 구분한 뒤, 대안을 비교해 합의된 조치를 실행하고 재발 방지 내용을 문서화합니다.

입사 초기에는 기존 자료와 업무 흐름을 파악하고 Figma·Photoshop·HTML·CSS 환경을 익힌 뒤, 담당 영역의 개선 과제와 표준화 작업을 단계적으로 주도합니다.

성과는 결과물의 정확성, 일정 준수, 이해관계자와의 명확한 소통, 사용자와 사업에 미치는 영향을 기준으로 평가합니다.","- 재사용 가능한 체크리스트·가이드·템플릿 정비
- 고객 또는 내부 사용자의 피드백을 반영한 결과물 품질 개선
- 반응형 웹 화면·배너·디자인 시스템 관련 연간·분기 실행계획 수립
- 와이어프레임·UI 시안·웹 자산 수집·정리 및 핵심 이슈 분석
- Figma·Photoshop·HTML·CSS를 활용한 업무 산출물 작성과 버전 관리
- 요구사항을 세부 과제와 일정으로 구체화하고 진행 현황 관리
- 유관 부서 및 외부 파트너와 기준·일정·결과물 조율
- 검토 회의 운영과 의사결정 근거·변경 이력 문서화
- 성과지표 설정 및 결과 데이터 분석을 통한 개선안 제안","- 반응형 웹 화면·배너·디자인 시스템 관련 지식 또는 프로젝트·실무 경험을 보유한 분
- 와이어프레임·UI 시안·웹 자산를 정확히 해석하고 업무 문서로 구조화할 수 있는 분
- Figma·Photoshop·HTML·CSS 중 직무에 필요한 도구를 실무에 적용할 수 있는 분
- 유관 부서와 쟁점을 명확히 설명하고 일정에 맞춰 협업할 수 있는 분
- 문제 원인을 근거에 따라 분석하고 실행 가능한 대안을 제시할 수 있는 분
- 업무상 취급하는 개인정보와 기밀정보를 안전하게 관리할 수 있는 분
- 새로운 업무 기준과 도구를 빠르게 학습할 수 있는 분","- Google UX Design Certificate 보유자
- 웹디자인개발기능사 보유자
- GTQ 1급 보유자
- 반응형 웹 화면·배너·디자인 시스템 관련 프로젝트를 기획부터 결과 검토까지 수행한 경험
- Figma·Photoshop·HTML·CSS를 활용해 반복 업무를 개선하거나 품질 기준을 정립한 경험
- 외부 파트너 또는 다양한 이해관계자와 복잡한 요구사항을 조율한 경험","- 지원서 또는 제출서류를 허위로 기재한 경우
- 채용 과정에서 부정한 방법을 사용한 경우
- 채용검진 결과 직무 수행이 어렵다고 판단되는 경우
- 관련 법령 또는 내부 인사규정상 채용이 불가능한 경우",서류전형 > 실무면접 > 최종면접
웹디자이너 신규 인력 모집,16,52,20260518,20260628,8,경력 2년 이상,계약직,대전광역시,전문학사 이상,"성장 단계 스타트업에서 반응형 웹 화면·배너·디자인 시스템을 담당할 웹디자이너를 모집합니다. 이 포지션은 현장의 요구를 실행 가능한 계획과 결과물로 연결하는 역할입니다.

담당 범위는 와이어프레임·UI 시안·웹 자산를 바탕으로 기준을 수립하고, 우선순위에 따라 과제를 실행하며 품질과 일정을 함께 관리하는 것입니다.

디자인 조직의 동료와 재무·영업·개발·운영 등 유관 부서, 필요한 경우 외부 파트너와 협업해 의사결정에 필요한 정보를 정리합니다.

이슈가 발생하면 사실과 데이터를 먼저 확인하고 원인을 구분한 뒤, 대안을 비교해 합의된 조치를 실행하고 재발 방지 내용을 문서화합니다.

입사 초기에는 기존 자료와 업무 흐름을 파악하고 Figma·Photoshop·HTML·CSS 환경을 익힌 뒤, 담당 영역의 개선 과제와 표준화 작업을 단계적으로 주도합니다.

성과는 결과물의 정확성, 일정 준수, 이해관계자와의 명확한 소통, 사용자와 사업에 미치는 영향을 기준으로 평가합니다.","- 고객 또는 내부 사용자의 피드백을 반영한 결과물 품질 개선
- 반응형 웹 화면·배너·디자인 시스템 관련 연간·분기 실행계획 수립
- 와이어프레임·UI 시안·웹 자산 수집·정리 및 핵심 이슈 분석
- Figma·Photoshop·HTML·CSS를 활용한 업무 산출물 작성과 버전 관리
- 요구사항을 세부 과제와 일정으로 구체화하고 진행 현황 관리
- 유관 부서 및 외부 파트너와 기준·일정·결과물 조율
- 검토 회의 운영과 의사결정 근거·변경 이력 문서화","- 반응형 웹 화면·배너·디자인 시스템 관련 지식 또는 프로젝트·실무 경험을 보유한 분
- 와이어프레임·UI 시안·웹 자산를 정확히 해석하고 업무 문서로 구조화할 수 있는 분
- Figma·Photoshop·HTML·CSS 중 직무에 필요한 도구를 실무에 적용할 수 있는 분
- 유관 부서와 쟁점을 명확히 설명하고 일정에 맞춰 협업할 수 있는 분
- 문제 원인을 근거에 따라 분석하고 실행 가능한 대안을 제시할 수 있는 분","- 웹디자인개발기능사 보유자
- GTQ 1급 보유자
- Google UX Design Certificate 보유자
- 반응형 웹 화면·배너·디자인 시스템 관련 프로젝트를 기획부터 결과 검토까지 수행한 경험","- 제출한 경력·자격 증빙이 사실과 다른 경우
- 정해진 기한까지 필수 증빙서류를 제출하지 않은 경우
- 해외여행 및 근무에 결격사유가 있는 경우
- 채용 관련 비밀유지 의무를 위반한 경우",서류전형 > 인성검사 > 실무면접 > 최종면접
UI·UX디자이너 담당자 모집,128,53,20261022,20261112,6,경력 3년 이상,무기계약직,세종특별자치시,학사 이상,"공공서비스 운영기관에서 사용자 조사·UX 설계·UI 디자인을 담당할 UI·UX디자이너를 모집합니다. 이 포지션은 현장의 요구를 실행 가능한 계획과 결과물로 연결하는 역할입니다.

담당 범위는 인터뷰·사용성 테스트·프로토타입를 바탕으로 기준을 수립하고, 우선순위에 따라 과제를 실행하며 품질과 일정을 함께 관리하는 것입니다.

디자인 조직의 동료와 재무·영업·개발·운영 등 유관 부서, 필요한 경우 외부 파트너와 협업해 의사결정에 필요한 정보를 정리합니다.

이슈가 발생하면 사실과 데이터를 먼저 확인하고 원인을 구분한 뒤, 대안을 비교해 합의된 조치를 실행하고 재발 방지 내용을 문서화합니다.

입사 초기에는 기존 자료와 업무 흐름을 파악하고 Figma·FigJam·Maze 환경을 익힌 뒤, 담당 영역의 개선 과제와 표준화 작업을 단계적으로 주도합니다.

성과는 결과물의 정확성, 일정 준수, 이해관계자와의 명확한 소통, 사용자와 사업에 미치는 영향을 기준으로 평가합니다.","- 사용자 조사·UX 설계·UI 디자인 관련 연간·분기 실행계획 수립
- 인터뷰·사용성 테스트·프로토타입 수집·정리 및 핵심 이슈 분석
- Figma·FigJam·Maze를 활용한 업무 산출물 작성과 버전 관리
- 요구사항을 세부 과제와 일정으로 구체화하고 진행 현황 관리
- 유관 부서 및 외부 파트너와 기준·일정·결과물 조율
- 검토 회의 운영과 의사결정 근거·변경 이력 문서화
- 성과지표 설정 및 결과 데이터 분석을 통한 개선안 제안","- 사용자 조사·UX 설계·UI 디자인 관련 지식 또는 프로젝트·실무 경험을 보유한 분
- 인터뷰·사용성 테스트·프로토타입를 정확히 해석하고 업무 문서로 구조화할 수 있는 분
- Figma·FigJam·Maze 중 직무에 필요한 도구를 실무에 적용할 수 있는 분
- 유관 부서와 쟁점을 명확히 설명하고 일정에 맞춰 협업할 수 있는 분
- 문제 원인을 근거에 따라 분석하고 실행 가능한 대안을 제시할 수 있는 분","- Google UX Design Certificate 보유자
- 서비스·경험디자인기사 보유자
- 웹디자인개발기능사 보유자
- 사용자 조사·UX 설계·UI 디자인 관련 프로젝트를 기획부터 결과 검토까지 수행한 경험","- 지원 자격 또는 필수 면허 요건을 충족하지 못한 경우
- 전형 과정에서 타인의 결과물을 무단 사용한 경우
- 채용검진 결과 담당 업무 수행이 곤란한 경우
- 관계 법령상 취업이 제한되는 경우",서류전형 > 1차면접 > 2차면접 > 채용검진
UI·UX디자이너 실무자 채용,26,53,20260104,20260128,9,경력 무관,정규직,충청남도,석사 이상,"전문 컨설팅 조직에서 사용자 조사·UX 설계·UI 디자인을 담당할 UI·UX디자이너를 모집합니다. 이 포지션은 현장의 요구를 실행 가능한 계획과 결과물로 연결하는 역할입니다.

담당 범위는 인터뷰·사용성 테스트·프로토타입를 바탕으로 기준을 수립하고, 우선순위에 따라 과제를 실행하며 품질과 일정을 함께 관리하는 것입니다.

디자인 조직의 동료와 재무·영업·개발·운영 등 유관 부서, 필요한 경우 외부 파트너와 협업해 의사결정에 필요한 정보를 정리합니다.

이슈가 발생하면 사실과 데이터를 먼저 확인하고 원인을 구분한 뒤, 대안을 비교해 합의된 조치를 실행하고 재발 방지 내용을 문서화합니다.

입사 초기에는 기존 자료와 업무 흐름을 파악하고 Figma·FigJam·Maze 환경을 익힌 뒤, 담당 영역의 개선 과제와 표준화 작업을 단계적으로 주도합니다.

성과는 결과물의 정확성, 일정 준수, 이해관계자와의 명확한 소통, 사용자와 사업에 미치는 영향을 기준으로 평가합니다.","- 인터뷰·사용성 테스트·프로토타입 수집·정리 및 핵심 이슈 분석
- Figma·FigJam·Maze를 활용한 업무 산출물 작성과 버전 관리
- 요구사항을 세부 과제와 일정으로 구체화하고 진행 현황 관리
- 유관 부서 및 외부 파트너와 기준·일정·결과물 조율
- 검토 회의 운영과 의사결정 근거·변경 이력 문서화
- 성과지표 설정 및 결과 데이터 분석을 통한 개선안 제안
- 업무상 리스크 사전 점검과 문제 발생 시 원인 분석·후속 조치
- 재사용 가능한 체크리스트·가이드·템플릿 정비","- 사용자 조사·UX 설계·UI 디자인 관련 지식 또는 프로젝트·실무 경험을 보유한 분
- 인터뷰·사용성 테스트·프로토타입를 정확히 해석하고 업무 문서로 구조화할 수 있는 분
- Figma·FigJam·Maze 중 직무에 필요한 도구를 실무에 적용할 수 있는 분
- 유관 부서와 쟁점을 명확히 설명하고 일정에 맞춰 협업할 수 있는 분
- 문제 원인을 근거에 따라 분석하고 실행 가능한 대안을 제시할 수 있는 분
- 업무상 취급하는 개인정보와 기밀정보를 안전하게 관리할 수 있는 분","- 서비스·경험디자인기사 보유자
- 웹디자인개발기능사 보유자
- Google UX Design Certificate 보유자
- 사용자 조사·UX 설계·UI 디자인 관련 프로젝트를 기획부터 결과 검토까지 수행한 경험
- Figma·FigJam·Maze를 활용해 반복 업무를 개선하거나 품질 기준을 정립한 경험","- 지원서 또는 제출서류를 허위로 기재한 경우
- 채용 과정에서 부정한 방법을 사용한 경우
- 채용검진 결과 직무 수행이 어렵다고 판단되는 경우
- 관련 법령 또는 내부 인사규정상 채용이 불가능한 경우",서류전형 > 필기전형 > 면접전형 > 최종합격
UI·UX디자이너 전문인력 모집,33,53,20260309,20260405,12,경력 5년 이상,기간제,경상남도,학력무관,"글로벌 사업 조직에서 사용자 조사·UX 설계·UI 디자인을 담당할 UI·UX디자이너를 모집합니다. 이 포지션은 현장의 요구를 실행 가능한 계획과 결과물로 연결하는 역할입니다.

담당 범위는 인터뷰·사용성 테스트·프로토타입를 바탕으로 기준을 수립하고, 우선순위에 따라 과제를 실행하며 품질과 일정을 함께 관리하는 것입니다.

디자인 조직의 동료와 재무·영업·개발·운영 등 유관 부서, 필요한 경우 외부 파트너와 협업해 의사결정에 필요한 정보를 정리합니다.

이슈가 발생하면 사실과 데이터를 먼저 확인하고 원인을 구분한 뒤, 대안을 비교해 합의된 조치를 실행하고 재발 방지 내용을 문서화합니다.

입사 초기에는 기존 자료와 업무 흐름을 파악하고 Figma·FigJam·Maze 환경을 익힌 뒤, 담당 영역의 개선 과제와 표준화 작업을 단계적으로 주도합니다.

성과는 결과물의 정확성, 일정 준수, 이해관계자와의 명확한 소통, 사용자와 사업에 미치는 영향을 기준으로 평가합니다.","- Figma·FigJam·Maze를 활용한 업무 산출물 작성과 버전 관리
- 요구사항을 세부 과제와 일정으로 구체화하고 진행 현황 관리
- 유관 부서 및 외부 파트너와 기준·일정·결과물 조율
- 검토 회의 운영과 의사결정 근거·변경 이력 문서화
- 성과지표 설정 및 결과 데이터 분석을 통한 개선안 제안
- 업무상 리스크 사전 점검과 문제 발생 시 원인 분석·후속 조치
- 재사용 가능한 체크리스트·가이드·템플릿 정비
- 고객 또는 내부 사용자의 피드백을 반영한 결과물 품질 개선
- 사용자 조사·UX 설계·UI 디자인 관련 연간·분기 실행계획 수립","- 사용자 조사·UX 설계·UI 디자인 관련 지식 또는 프로젝트·실무 경험을 보유한 분
- 인터뷰·사용성 테스트·프로토타입를 정확히 해석하고 업무 문서로 구조화할 수 있는 분
- Figma·FigJam·Maze 중 직무에 필요한 도구를 실무에 적용할 수 있는 분
- 유관 부서와 쟁점을 명확히 설명하고 일정에 맞춰 협업할 수 있는 분
- 문제 원인을 근거에 따라 분석하고 실행 가능한 대안을 제시할 수 있는 분
- 업무상 취급하는 개인정보와 기밀정보를 안전하게 관리할 수 있는 분
- UI·UX디자이너 또는 유사 분야의 5년 이상 실무 경험을 보유한 분","- 웹디자인개발기능사 보유자
- Google UX Design Certificate 보유자
- 서비스·경험디자인기사 보유자
- 사용자 조사·UX 설계·UI 디자인 관련 프로젝트를 기획부터 결과 검토까지 수행한 경험
- Figma·FigJam·Maze를 활용해 반복 업무를 개선하거나 품질 기준을 정립한 경험
- 외부 파트너 또는 다양한 이해관계자와 복잡한 요구사항을 조율한 경험","- 제출한 경력·자격 증빙이 사실과 다른 경우
- 정해진 기한까지 필수 증빙서류를 제출하지 않은 경우
- 해외여행 및 근무에 결격사유가 있는 경우
- 채용 관련 비밀유지 의무를 위반한 경우",서류전형 > 실무면접 > 최종면접
UI·UX디자이너 인재 채용,156,53,20260514,20260613,15,경력,정규직,제주특별자치도,전문학사 이상,"연구개발 중심 조직에서 사용자 조사·UX 설계·UI 디자인을 담당할 UI·UX디자이너를 모집합니다. 이 포지션은 현장의 요구를 실행 가능한 계획과 결과물로 연결하는 역할입니다.

담당 범위는 인터뷰·사용성 테스트·프로토타입를 바탕으로 기준을 수립하고, 우선순위에 따라 과제를 실행하며 품질과 일정을 함께 관리하는 것입니다.

디자인 조직의 동료와 재무·영업·개발·운영 등 유관 부서, 필요한 경우 외부 파트너와 협업해 의사결정에 필요한 정보를 정리합니다.

이슈가 발생하면 사실과 데이터를 먼저 확인하고 원인을 구분한 뒤, 대안을 비교해 합의된 조치를 실행하고 재발 방지 내용을 문서화합니다.

입사 초기에는 기존 자료와 업무 흐름을 파악하고 Figma·FigJam·Maze 환경을 익힌 뒤, 담당 영역의 개선 과제와 표준화 작업을 단계적으로 주도합니다.

성과는 결과물의 정확성, 일정 준수, 이해관계자와의 명확한 소통, 사용자와 사업에 미치는 영향을 기준으로 평가합니다.","- 요구사항을 세부 과제와 일정으로 구체화하고 진행 현황 관리
- 유관 부서 및 외부 파트너와 기준·일정·결과물 조율
- 검토 회의 운영과 의사결정 근거·변경 이력 문서화
- 성과지표 설정 및 결과 데이터 분석을 통한 개선안 제안
- 업무상 리스크 사전 점검과 문제 발생 시 원인 분석·후속 조치
- 재사용 가능한 체크리스트·가이드·템플릿 정비
- 고객 또는 내부 사용자의 피드백을 반영한 결과물 품질 개선","- 사용자 조사·UX 설계·UI 디자인 관련 지식 또는 프로젝트·실무 경험을 보유한 분
- 인터뷰·사용성 테스트·프로토타입를 정확히 해석하고 업무 문서로 구조화할 수 있는 분
- Figma·FigJam·Maze 중 직무에 필요한 도구를 실무에 적용할 수 있는 분
- 유관 부서와 쟁점을 명확히 설명하고 일정에 맞춰 협업할 수 있는 분
- 문제 원인을 근거에 따라 분석하고 실행 가능한 대안을 제시할 수 있는 분","- Google UX Design Certificate 보유자
- 서비스·경험디자인기사 보유자
- 웹디자인개발기능사 보유자
- 사용자 조사·UX 설계·UI 디자인 관련 프로젝트를 기획부터 결과 검토까지 수행한 경험","- 지원 자격 또는 필수 면허 요건을 충족하지 못한 경우
- 전형 과정에서 타인의 결과물을 무단 사용한 경우
- 채용검진 결과 담당 업무 수행이 곤란한 경우
- 관계 법령상 취업이 제한되는 경우",서류전형 > 인성검사 > 실무면접 > 최종면접
UI·UX디자이너 공개채용,134,53,20260719,20260821,18,신입·경력,계약직,서울특별시,학사 이상,"플랫폼 운영 조직에서 사용자 조사·UX 설계·UI 디자인을 담당할 UI·UX디자이너를 모집합니다. 이 포지션은 현장의 요구를 실행 가능한 계획과 결과물로 연결하는 역할입니다.

담당 범위는 인터뷰·사용성 테스트·프로토타입를 바탕으로 기준을 수립하고, 우선순위에 따라 과제를 실행하며 품질과 일정을 함께 관리하는 것입니다.

디자인 조직의 동료와 재무·영업·개발·운영 등 유관 부서, 필요한 경우 외부 파트너와 협업해 의사결정에 필요한 정보를 정리합니다.

이슈가 발생하면 사실과 데이터를 먼저 확인하고 원인을 구분한 뒤, 대안을 비교해 합의된 조치를 실행하고 재발 방지 내용을 문서화합니다.

입사 초기에는 기존 자료와 업무 흐름을 파악하고 Figma·FigJam·Maze 환경을 익힌 뒤, 담당 영역의 개선 과제와 표준화 작업을 단계적으로 주도합니다.

성과는 결과물의 정확성, 일정 준수, 이해관계자와의 명확한 소통, 사용자와 사업에 미치는 영향을 기준으로 평가합니다.","- 유관 부서 및 외부 파트너와 기준·일정·결과물 조율
- 검토 회의 운영과 의사결정 근거·변경 이력 문서화
- 성과지표 설정 및 결과 데이터 분석을 통한 개선안 제안
- 업무상 리스크 사전 점검과 문제 발생 시 원인 분석·후속 조치
- 재사용 가능한 체크리스트·가이드·템플릿 정비
- 고객 또는 내부 사용자의 피드백을 반영한 결과물 품질 개선
- 사용자 조사·UX 설계·UI 디자인 관련 연간·분기 실행계획 수립
- 인터뷰·사용성 테스트·프로토타입 수집·정리 및 핵심 이슈 분석","- 사용자 조사·UX 설계·UI 디자인 관련 지식 또는 프로젝트·실무 경험을 보유한 분
- 인터뷰·사용성 테스트·프로토타입를 정확히 해석하고 업무 문서로 구조화할 수 있는 분
- Figma·FigJam·Maze 중 직무에 필요한 도구를 실무에 적용할 수 있는 분
- 유관 부서와 쟁점을 명확히 설명하고 일정에 맞춰 협업할 수 있는 분
- 문제 원인을 근거에 따라 분석하고 실행 가능한 대안을 제시할 수 있는 분
- 업무상 취급하는 개인정보와 기밀정보를 안전하게 관리할 수 있는 분","- 서비스·경험디자인기사 보유자
- 웹디자인개발기능사 보유자
- Google UX Design Certificate 보유자
- 사용자 조사·UX 설계·UI 디자인 관련 프로젝트를 기획부터 결과 검토까지 수행한 경험
- Figma·FigJam·Maze를 활용해 반복 업무를 개선하거나 품질 기준을 정립한 경험","- 지원서 또는 제출서류를 허위로 기재한 경우
- 채용 과정에서 부정한 방법을 사용한 경우
- 채용검진 결과 직무 수행이 어렵다고 판단되는 경우
- 관련 법령 또는 내부 인사규정상 채용이 불가능한 경우",서류전형 > 직무과제 > 실무면접 > 처우협의
UI·UX디자이너 프로젝트 담당 모집,122,53,20260901,20261007,1,경력 2년 이상,정규직,경기도,학사 이상,"브랜드 사업 조직에서 사용자 조사·UX 설계·UI 디자인을 담당할 UI·UX디자이너를 모집합니다. 이 포지션은 현장의 요구를 실행 가능한 계획과 결과물로 연결하는 역할입니다.

담당 범위는 인터뷰·사용성 테스트·프로토타입를 바탕으로 기준을 수립하고, 우선순위에 따라 과제를 실행하며 품질과 일정을 함께 관리하는 것입니다.

디자인 조직의 동료와 재무·영업·개발·운영 등 유관 부서, 필요한 경우 외부 파트너와 협업해 의사결정에 필요한 정보를 정리합니다.

이슈가 발생하면 사실과 데이터를 먼저 확인하고 원인을 구분한 뒤, 대안을 비교해 합의된 조치를 실행하고 재발 방지 내용을 문서화합니다.

입사 초기에는 기존 자료와 업무 흐름을 파악하고 Figma·FigJam·Maze 환경을 익힌 뒤, 담당 영역의 개선 과제와 표준화 작업을 단계적으로 주도합니다.

성과는 결과물의 정확성, 일정 준수, 이해관계자와의 명확한 소통, 사용자와 사업에 미치는 영향을 기준으로 평가합니다.","- 검토 회의 운영과 의사결정 근거·변경 이력 문서화
- 성과지표 설정 및 결과 데이터 분석을 통한 개선안 제안
- 업무상 리스크 사전 점검과 문제 발생 시 원인 분석·후속 조치
- 재사용 가능한 체크리스트·가이드·템플릿 정비
- 고객 또는 내부 사용자의 피드백을 반영한 결과물 품질 개선
- 사용자 조사·UX 설계·UI 디자인 관련 연간·분기 실행계획 수립
- 인터뷰·사용성 테스트·프로토타입 수집·정리 및 핵심 이슈 분석
- Figma·FigJam·Maze를 활용한 업무 산출물 작성과 버전 관리
- 요구사항을 세부 과제와 일정으로 구체화하고 진행 현황 관리","- 사용자 조사·UX 설계·UI 디자인 관련 지식 또는 프로젝트·실무 경험을 보유한 분
- 인터뷰·사용성 테스트·프로토타입를 정확히 해석하고 업무 문서로 구조화할 수 있는 분
- Figma·FigJam·Maze 중 직무에 필요한 도구를 실무에 적용할 수 있는 분
- 유관 부서와 쟁점을 명확히 설명하고 일정에 맞춰 협업할 수 있는 분
- 문제 원인을 근거에 따라 분석하고 실행 가능한 대안을 제시할 수 있는 분
- 업무상 취급하는 개인정보와 기밀정보를 안전하게 관리할 수 있는 분
- UI·UX디자이너 또는 유사 분야의 2년 이상 실무 경험을 보유한 분","- 웹디자인개발기능사 보유자
- Google UX Design Certificate 보유자
- 서비스·경험디자인기사 보유자
- 사용자 조사·UX 설계·UI 디자인 관련 프로젝트를 기획부터 결과 검토까지 수행한 경험
- Figma·FigJam·Maze를 활용해 반복 업무를 개선하거나 품질 기준을 정립한 경험
- 외부 파트너 또는 다양한 이해관계자와 복잡한 요구사항을 조율한 경험","- 제출한 경력·자격 증빙이 사실과 다른 경우
- 정해진 기한까지 필수 증빙서류를 제출하지 않은 경우
- 해외여행 및 근무에 결격사유가 있는 경우
- 채용 관련 비밀유지 의무를 위반한 경우",서류전형 > 1차면접 > 2차면접 > 채용검진
UI·UX디자이너 운영 담당자 채용,56,53,20261106,20261215,4,경력 3년 이상,무기계약직,인천광역시,석사 이상,"지역 기반 전문기관에서 사용자 조사·UX 설계·UI 디자인을 담당할 UI·UX디자이너를 모집합니다. 이 포지션은 현장의 요구를 실행 가능한 계획과 결과물로 연결하는 역할입니다.

담당 범위는 인터뷰·사용성 테스트·프로토타입를 바탕으로 기준을 수립하고, 우선순위에 따라 과제를 실행하며 품질과 일정을 함께 관리하는 것입니다.

디자인 조직의 동료와 재무·영업·개발·운영 등 유관 부서, 필요한 경우 외부 파트너와 협업해 의사결정에 필요한 정보를 정리합니다.

이슈가 발생하면 사실과 데이터를 먼저 확인하고 원인을 구분한 뒤, 대안을 비교해 합의된 조치를 실행하고 재발 방지 내용을 문서화합니다.

입사 초기에는 기존 자료와 업무 흐름을 파악하고 Figma·FigJam·Maze 환경을 익힌 뒤, 담당 영역의 개선 과제와 표준화 작업을 단계적으로 주도합니다.

성과는 결과물의 정확성, 일정 준수, 이해관계자와의 명확한 소통, 사용자와 사업에 미치는 영향을 기준으로 평가합니다.","- 성과지표 설정 및 결과 데이터 분석을 통한 개선안 제안
- 업무상 리스크 사전 점검과 문제 발생 시 원인 분석·후속 조치
- 재사용 가능한 체크리스트·가이드·템플릿 정비
- 고객 또는 내부 사용자의 피드백을 반영한 결과물 품질 개선
- 사용자 조사·UX 설계·UI 디자인 관련 연간·분기 실행계획 수립
- 인터뷰·사용성 테스트·프로토타입 수집·정리 및 핵심 이슈 분석
- Figma·FigJam·Maze를 활용한 업무 산출물 작성과 버전 관리","- 사용자 조사·UX 설계·UI 디자인 관련 지식 또는 프로젝트·실무 경험을 보유한 분
- 인터뷰·사용성 테스트·프로토타입를 정확히 해석하고 업무 문서로 구조화할 수 있는 분
- Figma·FigJam·Maze 중 직무에 필요한 도구를 실무에 적용할 수 있는 분
- 유관 부서와 쟁점을 명확히 설명하고 일정에 맞춰 협업할 수 있는 분
- 문제 원인을 근거에 따라 분석하고 실행 가능한 대안을 제시할 수 있는 분","- Google UX Design Certificate 보유자
- 서비스·경험디자인기사 보유자
- 웹디자인개발기능사 보유자
- 사용자 조사·UX 설계·UI 디자인 관련 프로젝트를 기획부터 결과 검토까지 수행한 경험","- 지원 자격 또는 필수 면허 요건을 충족하지 못한 경우
- 전형 과정에서 타인의 결과물을 무단 사용한 경우
- 채용검진 결과 담당 업무 수행이 곤란한 경우
- 관계 법령상 취업이 제한되는 경우",서류전형 > 필기전형 > 면접전형 > 최종합격
UI·UX디자이너 핵심인재 모집,149,53,20260211,20260325,7,신입,정규직,대전광역시,학력무관,"디지털 서비스 조직에서 사용자 조사·UX 설계·UI 디자인을 담당할 UI·UX디자이너를 모집합니다. 이 포지션은 현장의 요구를 실행 가능한 계획과 결과물로 연결하는 역할입니다.

담당 범위는 인터뷰·사용성 테스트·프로토타입를 바탕으로 기준을 수립하고, 우선순위에 따라 과제를 실행하며 품질과 일정을 함께 관리하는 것입니다.

디자인 조직의 동료와 재무·영업·개발·운영 등 유관 부서, 필요한 경우 외부 파트너와 협업해 의사결정에 필요한 정보를 정리합니다.

이슈가 발생하면 사실과 데이터를 먼저 확인하고 원인을 구분한 뒤, 대안을 비교해 합의된 조치를 실행하고 재발 방지 내용을 문서화합니다.

입사 초기에는 기존 자료와 업무 흐름을 파악하고 Figma·FigJam·Maze 환경을 익힌 뒤, 담당 영역의 개선 과제와 표준화 작업을 단계적으로 주도합니다.

성과는 결과물의 정확성, 일정 준수, 이해관계자와의 명확한 소통, 사용자와 사업에 미치는 영향을 기준으로 평가합니다.","- 업무상 리스크 사전 점검과 문제 발생 시 원인 분석·후속 조치
- 재사용 가능한 체크리스트·가이드·템플릿 정비
- 고객 또는 내부 사용자의 피드백을 반영한 결과물 품질 개선
- 사용자 조사·UX 설계·UI 디자인 관련 연간·분기 실행계획 수립
- 인터뷰·사용성 테스트·프로토타입 수집·정리 및 핵심 이슈 분석
- Figma·FigJam·Maze를 활용한 업무 산출물 작성과 버전 관리
- 요구사항을 세부 과제와 일정으로 구체화하고 진행 현황 관리
- 유관 부서 및 외부 파트너와 기준·일정·결과물 조율","- 사용자 조사·UX 설계·UI 디자인 관련 지식 또는 프로젝트·실무 경험을 보유한 분
- 인터뷰·사용성 테스트·프로토타입를 정확히 해석하고 업무 문서로 구조화할 수 있는 분
- Figma·FigJam·Maze 중 직무에 필요한 도구를 실무에 적용할 수 있는 분
- 유관 부서와 쟁점을 명확히 설명하고 일정에 맞춰 협업할 수 있는 분
- 문제 원인을 근거에 따라 분석하고 실행 가능한 대안을 제시할 수 있는 분
- 업무상 취급하는 개인정보와 기밀정보를 안전하게 관리할 수 있는 분","- 서비스·경험디자인기사 보유자
- 웹디자인개발기능사 보유자
- Google UX Design Certificate 보유자
- 사용자 조사·UX 설계·UI 디자인 관련 프로젝트를 기획부터 결과 검토까지 수행한 경험
- Figma·FigJam·Maze를 활용해 반복 업무를 개선하거나 품질 기준을 정립한 경험","- 지원서 또는 제출서류를 허위로 기재한 경우
- 채용 과정에서 부정한 방법을 사용한 경우
- 채용검진 결과 직무 수행이 어렵다고 판단되는 경우
- 관련 법령 또는 내부 인사규정상 채용이 불가능한 경우",서류전형 > 실무면접 > 최종면접
UI·UX디자이너 전문가 채용,18,53,20260416,20260531,10,경력 2년 이상,계약직,부산광역시,전문학사 이상,"성장 단계 스타트업에서 사용자 조사·UX 설계·UI 디자인을 담당할 UI·UX디자이너를 모집합니다. 이 포지션은 현장의 요구를 실행 가능한 계획과 결과물로 연결하는 역할입니다.

담당 범위는 인터뷰·사용성 테스트·프로토타입를 바탕으로 기준을 수립하고, 우선순위에 따라 과제를 실행하며 품질과 일정을 함께 관리하는 것입니다.

디자인 조직의 동료와 재무·영업·개발·운영 등 유관 부서, 필요한 경우 외부 파트너와 협업해 의사결정에 필요한 정보를 정리합니다.

이슈가 발생하면 사실과 데이터를 먼저 확인하고 원인을 구분한 뒤, 대안을 비교해 합의된 조치를 실행하고 재발 방지 내용을 문서화합니다.

입사 초기에는 기존 자료와 업무 흐름을 파악하고 Figma·FigJam·Maze 환경을 익힌 뒤, 담당 영역의 개선 과제와 표준화 작업을 단계적으로 주도합니다.

성과는 결과물의 정확성, 일정 준수, 이해관계자와의 명확한 소통, 사용자와 사업에 미치는 영향을 기준으로 평가합니다.","- 재사용 가능한 체크리스트·가이드·템플릿 정비
- 고객 또는 내부 사용자의 피드백을 반영한 결과물 품질 개선
- 사용자 조사·UX 설계·UI 디자인 관련 연간·분기 실행계획 수립
- 인터뷰·사용성 테스트·프로토타입 수집·정리 및 핵심 이슈 분석
- Figma·FigJam·Maze를 활용한 업무 산출물 작성과 버전 관리
- 요구사항을 세부 과제와 일정으로 구체화하고 진행 현황 관리
- 유관 부서 및 외부 파트너와 기준·일정·결과물 조율
- 검토 회의 운영과 의사결정 근거·변경 이력 문서화
- 성과지표 설정 및 결과 데이터 분석을 통한 개선안 제안","- 사용자 조사·UX 설계·UI 디자인 관련 지식 또는 프로젝트·실무 경험을 보유한 분
- 인터뷰·사용성 테스트·프로토타입를 정확히 해석하고 업무 문서로 구조화할 수 있는 분
- Figma·FigJam·Maze 중 직무에 필요한 도구를 실무에 적용할 수 있는 분
- 유관 부서와 쟁점을 명확히 설명하고 일정에 맞춰 협업할 수 있는 분
- 문제 원인을 근거에 따라 분석하고 실행 가능한 대안을 제시할 수 있는 분
- 업무상 취급하는 개인정보와 기밀정보를 안전하게 관리할 수 있는 분
- UI·UX디자이너 또는 유사 분야의 2년 이상 실무 경험을 보유한 분","- 웹디자인개발기능사 보유자
- Google UX Design Certificate 보유자
- 서비스·경험디자인기사 보유자
- 사용자 조사·UX 설계·UI 디자인 관련 프로젝트를 기획부터 결과 검토까지 수행한 경험
- Figma·FigJam·Maze를 활용해 반복 업무를 개선하거나 품질 기준을 정립한 경험
- 외부 파트너 또는 다양한 이해관계자와 복잡한 요구사항을 조율한 경험","- 제출한 경력·자격 증빙이 사실과 다른 경우
- 정해진 기한까지 필수 증빙서류를 제출하지 않은 경우
- 해외여행 및 근무에 결격사유가 있는 경우
- 채용 관련 비밀유지 의무를 위반한 경우",서류전형 > 인성검사 > 실무면접 > 최종면접
UI·UX디자이너 신규 인력 모집,141,53,20260621,20260703,13,신입·경력,정규직,광주광역시,학사 이상,"중견기업 전략 조직에서 사용자 조사·UX 설계·UI 디자인을 담당할 UI·UX디자이너를 모집합니다. 이 포지션은 현장의 요구를 실행 가능한 계획과 결과물로 연결하는 역할입니다.

담당 범위는 인터뷰·사용성 테스트·프로토타입를 바탕으로 기준을 수립하고, 우선순위에 따라 과제를 실행하며 품질과 일정을 함께 관리하는 것입니다.

디자인 조직의 동료와 재무·영업·개발·운영 등 유관 부서, 필요한 경우 외부 파트너와 협업해 의사결정에 필요한 정보를 정리합니다.

이슈가 발생하면 사실과 데이터를 먼저 확인하고 원인을 구분한 뒤, 대안을 비교해 합의된 조치를 실행하고 재발 방지 내용을 문서화합니다.

입사 초기에는 기존 자료와 업무 흐름을 파악하고 Figma·FigJam·Maze 환경을 익힌 뒤, 담당 영역의 개선 과제와 표준화 작업을 단계적으로 주도합니다.

성과는 결과물의 정확성, 일정 준수, 이해관계자와의 명확한 소통, 사용자와 사업에 미치는 영향을 기준으로 평가합니다.","- 고객 또는 내부 사용자의 피드백을 반영한 결과물 품질 개선
- 사용자 조사·UX 설계·UI 디자인 관련 연간·분기 실행계획 수립
- 인터뷰·사용성 테스트·프로토타입 수집·정리 및 핵심 이슈 분석
- Figma·FigJam·Maze를 활용한 업무 산출물 작성과 버전 관리
- 요구사항을 세부 과제와 일정으로 구체화하고 진행 현황 관리
- 유관 부서 및 외부 파트너와 기준·일정·결과물 조율
- 검토 회의 운영과 의사결정 근거·변경 이력 문서화","- 사용자 조사·UX 설계·UI 디자인 관련 지식 또는 프로젝트·실무 경험을 보유한 분
- 인터뷰·사용성 테스트·프로토타입를 정확히 해석하고 업무 문서로 구조화할 수 있는 분
- Figma·FigJam·Maze 중 직무에 필요한 도구를 실무에 적용할 수 있는 분
- 유관 부서와 쟁점을 명확히 설명하고 일정에 맞춰 협업할 수 있는 분
- 문제 원인을 근거에 따라 분석하고 실행 가능한 대안을 제시할 수 있는 분","- Google UX Design Certificate 보유자
- 서비스·경험디자인기사 보유자
- 웹디자인개발기능사 보유자
- 사용자 조사·UX 설계·UI 디자인 관련 프로젝트를 기획부터 결과 검토까지 수행한 경험","- 지원 자격 또는 필수 면허 요건을 충족하지 못한 경우
- 전형 과정에서 타인의 결과물을 무단 사용한 경우
- 채용검진 결과 담당 업무 수행이 곤란한 경우
- 관계 법령상 취업이 제한되는 경우",서류전형 > 직무과제 > 실무면접 > 처우협의
패션디자이너 담당자 모집,75,54,20261102,20261130,11,경력 무관,정규직,경상남도,석사 이상,"전문 컨설팅 조직에서 시즌 콘셉트·의류 디자인·샘플 개발을 담당할 패션디자이너를 모집합니다. 이 포지션은 현장의 요구를 실행 가능한 계획과 결과물로 연결하는 역할입니다.

담당 범위는 트렌드·도식화·원부자재·샘플를 바탕으로 기준을 수립하고, 우선순위에 따라 과제를 실행하며 품질과 일정을 함께 관리하는 것입니다.

디자인 조직의 동료와 재무·영업·개발·운영 등 유관 부서, 필요한 경우 외부 파트너와 협업해 의사결정에 필요한 정보를 정리합니다.

이슈가 발생하면 사실과 데이터를 먼저 확인하고 원인을 구분한 뒤, 대안을 비교해 합의된 조치를 실행하고 재발 방지 내용을 문서화합니다.

입사 초기에는 기존 자료와 업무 흐름을 파악하고 Illustrator·CLO 3D 환경을 익힌 뒤, 담당 영역의 개선 과제와 표준화 작업을 단계적으로 주도합니다.

성과는 결과물의 정확성, 일정 준수, 이해관계자와의 명확한 소통, 사용자와 사업에 미치는 영향을 기준으로 평가합니다.","- 시즌 콘셉트·의류 디자인·샘플 개발 관련 연간·분기 실행계획 수립
- 트렌드·도식화·원부자재·샘플 수집·정리 및 핵심 이슈 분석
- Illustrator·CLO 3D를 활용한 업무 산출물 작성과 버전 관리
- 요구사항을 세부 과제와 일정으로 구체화하고 진행 현황 관리
- 유관 부서 및 외부 파트너와 기준·일정·결과물 조율
- 검토 회의 운영과 의사결정 근거·변경 이력 문서화
- 성과지표 설정 및 결과 데이터 분석을 통한 개선안 제안","- 시즌 콘셉트·의류 디자인·샘플 개발 관련 지식 또는 프로젝트·실무 경험을 보유한 분
- 트렌드·도식화·원부자재·샘플를 정확히 해석하고 업무 문서로 구조화할 수 있는 분
- Illustrator·CLO 3D 중 직무에 필요한 도구를 실무에 적용할 수 있는 분
- 유관 부서와 쟁점을 명확히 설명하고 일정에 맞춰 협업할 수 있는 분
- 문제 원인을 근거에 따라 분석하고 실행 가능한 대안을 제시할 수 있는 분","- 패션디자인산업기사 보유자
- 컬러리스트산업기사 보유자
- GTQ 1급 보유자
- 시즌 콘셉트·의류 디자인·샘플 개발 관련 프로젝트를 기획부터 결과 검토까지 수행한 경험","- 지원서 또는 제출서류를 허위로 기재한 경우
- 채용 과정에서 부정한 방법을 사용한 경우
- 채용검진 결과 직무 수행이 어렵다고 판단되는 경우
- 관련 법령 또는 내부 인사규정상 채용이 불가능한 경우",서류전형 > 필기전형 > 면접전형 > 최종합격
패션디자이너 실무자 채용,91,54,20260207,20260310,14,경력 5년 이상,기간제,제주특별자치도,학력무관,"글로벌 사업 조직에서 시즌 콘셉트·의류 디자인·샘플 개발을 담당할 패션디자이너를 모집합니다. 이 포지션은 현장의 요구를 실행 가능한 계획과 결과물로 연결하는 역할입니다.

담당 범위는 트렌드·도식화·원부자재·샘플를 바탕으로 기준을 수립하고, 우선순위에 따라 과제를 실행하며 품질과 일정을 함께 관리하는 것입니다.

디자인 조직의 동료와 재무·영업·개발·운영 등 유관 부서, 필요한 경우 외부 파트너와 협업해 의사결정에 필요한 정보를 정리합니다.

이슈가 발생하면 사실과 데이터를 먼저 확인하고 원인을 구분한 뒤, 대안을 비교해 합의된 조치를 실행하고 재발 방지 내용을 문서화합니다.

입사 초기에는 기존 자료와 업무 흐름을 파악하고 Illustrator·CLO 3D 환경을 익힌 뒤, 담당 영역의 개선 과제와 표준화 작업을 단계적으로 주도합니다.

성과는 결과물의 정확성, 일정 준수, 이해관계자와의 명확한 소통, 사용자와 사업에 미치는 영향을 기준으로 평가합니다.","- 트렌드·도식화·원부자재·샘플 수집·정리 및 핵심 이슈 분석
- Illustrator·CLO 3D를 활용한 업무 산출물 작성과 버전 관리
- 요구사항을 세부 과제와 일정으로 구체화하고 진행 현황 관리
- 유관 부서 및 외부 파트너와 기준·일정·결과물 조율
- 검토 회의 운영과 의사결정 근거·변경 이력 문서화
- 성과지표 설정 및 결과 데이터 분석을 통한 개선안 제안
- 업무상 리스크 사전 점검과 문제 발생 시 원인 분석·후속 조치
- 재사용 가능한 체크리스트·가이드·템플릿 정비","- 시즌 콘셉트·의류 디자인·샘플 개발 관련 지식 또는 프로젝트·실무 경험을 보유한 분
- 트렌드·도식화·원부자재·샘플를 정확히 해석하고 업무 문서로 구조화할 수 있는 분
- Illustrator·CLO 3D 중 직무에 필요한 도구를 실무에 적용할 수 있는 분
- 유관 부서와 쟁점을 명확히 설명하고 일정에 맞춰 협업할 수 있는 분
- 문제 원인을 근거에 따라 분석하고 실행 가능한 대안을 제시할 수 있는 분
- 업무상 취급하는 개인정보와 기밀정보를 안전하게 관리할 수 있는 분","- 컬러리스트산업기사 보유자
- GTQ 1급 보유자
- 패션디자인산업기사 보유자
- 시즌 콘셉트·의류 디자인·샘플 개발 관련 프로젝트를 기획부터 결과 검토까지 수행한 경험
- Illustrator·CLO 3D를 활용해 반복 업무를 개선하거나 품질 기준을 정립한 경험","- 제출한 경력·자격 증빙이 사실과 다른 경우
- 정해진 기한까지 필수 증빙서류를 제출하지 않은 경우
- 해외여행 및 근무에 결격사유가 있는 경우
- 채용 관련 비밀유지 의무를 위반한 경우",서류전형 > 실무면접 > 최종면접
패션디자이너 전문인력 모집,99,54,20260412,20260516,17,경력,정규직,서울특별시,전문학사 이상,"연구개발 중심 조직에서 시즌 콘셉트·의류 디자인·샘플 개발을 담당할 패션디자이너를 모집합니다. 이 포지션은 현장의 요구를 실행 가능한 계획과 결과물로 연결하는 역할입니다.

담당 범위는 트렌드·도식화·원부자재·샘플를 바탕으로 기준을 수립하고, 우선순위에 따라 과제를 실행하며 품질과 일정을 함께 관리하는 것입니다.

디자인 조직의 동료와 재무·영업·개발·운영 등 유관 부서, 필요한 경우 외부 파트너와 협업해 의사결정에 필요한 정보를 정리합니다.

이슈가 발생하면 사실과 데이터를 먼저 확인하고 원인을 구분한 뒤, 대안을 비교해 합의된 조치를 실행하고 재발 방지 내용을 문서화합니다.

입사 초기에는 기존 자료와 업무 흐름을 파악하고 Illustrator·CLO 3D 환경을 익힌 뒤, 담당 영역의 개선 과제와 표준화 작업을 단계적으로 주도합니다.

성과는 결과물의 정확성, 일정 준수, 이해관계자와의 명확한 소통, 사용자와 사업에 미치는 영향을 기준으로 평가합니다.","- Illustrator·CLO 3D를 활용한 업무 산출물 작성과 버전 관리
- 요구사항을 세부 과제와 일정으로 구체화하고 진행 현황 관리
- 유관 부서 및 외부 파트너와 기준·일정·결과물 조율
- 검토 회의 운영과 의사결정 근거·변경 이력 문서화
- 성과지표 설정 및 결과 데이터 분석을 통한 개선안 제안
- 업무상 리스크 사전 점검과 문제 발생 시 원인 분석·후속 조치
- 재사용 가능한 체크리스트·가이드·템플릿 정비
- 고객 또는 내부 사용자의 피드백을 반영한 결과물 품질 개선
- 시즌 콘셉트·의류 디자인·샘플 개발 관련 연간·분기 실행계획 수립","- 시즌 콘셉트·의류 디자인·샘플 개발 관련 지식 또는 프로젝트·실무 경험을 보유한 분
- 트렌드·도식화·원부자재·샘플를 정확히 해석하고 업무 문서로 구조화할 수 있는 분
- Illustrator·CLO 3D 중 직무에 필요한 도구를 실무에 적용할 수 있는 분
- 유관 부서와 쟁점을 명확히 설명하고 일정에 맞춰 협업할 수 있는 분
- 문제 원인을 근거에 따라 분석하고 실행 가능한 대안을 제시할 수 있는 분
- 업무상 취급하는 개인정보와 기밀정보를 안전하게 관리할 수 있는 분
- 패션디자이너 또는 유사 분야의 경력 실무 경험을 보유한 분","- GTQ 1급 보유자
- 패션디자인산업기사 보유자
- 컬러리스트산업기사 보유자
- 시즌 콘셉트·의류 디자인·샘플 개발 관련 프로젝트를 기획부터 결과 검토까지 수행한 경험
- Illustrator·CLO 3D를 활용해 반복 업무를 개선하거나 품질 기준을 정립한 경험
- 외부 파트너 또는 다양한 이해관계자와 복잡한 요구사항을 조율한 경험","- 지원 자격 또는 필수 면허 요건을 충족하지 못한 경우
- 전형 과정에서 타인의 결과물을 무단 사용한 경우
- 채용검진 결과 담당 업무 수행이 곤란한 경우
- 관계 법령상 취업이 제한되는 경우",서류전형 > 인성검사 > 실무면접 > 최종면접
패션디자이너 인재 채용,132,54,20260617,20260724,20,신입·경력,계약직,경기도,학사 이상,"플랫폼 운영 조직에서 시즌 콘셉트·의류 디자인·샘플 개발을 담당할 패션디자이너를 모집합니다. 이 포지션은 현장의 요구를 실행 가능한 계획과 결과물로 연결하는 역할입니다.

담당 범위는 트렌드·도식화·원부자재·샘플를 바탕으로 기준을 수립하고, 우선순위에 따라 과제를 실행하며 품질과 일정을 함께 관리하는 것입니다.

디자인 조직의 동료와 재무·영업·개발·운영 등 유관 부서, 필요한 경우 외부 파트너와 협업해 의사결정에 필요한 정보를 정리합니다.

이슈가 발생하면 사실과 데이터를 먼저 확인하고 원인을 구분한 뒤, 대안을 비교해 합의된 조치를 실행하고 재발 방지 내용을 문서화합니다.

입사 초기에는 기존 자료와 업무 흐름을 파악하고 Illustrator·CLO 3D 환경을 익힌 뒤, 담당 영역의 개선 과제와 표준화 작업을 단계적으로 주도합니다.

성과는 결과물의 정확성, 일정 준수, 이해관계자와의 명확한 소통, 사용자와 사업에 미치는 영향을 기준으로 평가합니다.","- 요구사항을 세부 과제와 일정으로 구체화하고 진행 현황 관리
- 유관 부서 및 외부 파트너와 기준·일정·결과물 조율
- 검토 회의 운영과 의사결정 근거·변경 이력 문서화
- 성과지표 설정 및 결과 데이터 분석을 통한 개선안 제안
- 업무상 리스크 사전 점검과 문제 발생 시 원인 분석·후속 조치
- 재사용 가능한 체크리스트·가이드·템플릿 정비
- 고객 또는 내부 사용자의 피드백을 반영한 결과물 품질 개선","- 시즌 콘셉트·의류 디자인·샘플 개발 관련 지식 또는 프로젝트·실무 경험을 보유한 분
- 트렌드·도식화·원부자재·샘플를 정확히 해석하고 업무 문서로 구조화할 수 있는 분
- Illustrator·CLO 3D 중 직무에 필요한 도구를 실무에 적용할 수 있는 분
- 유관 부서와 쟁점을 명확히 설명하고 일정에 맞춰 협업할 수 있는 분
- 문제 원인을 근거에 따라 분석하고 실행 가능한 대안을 제시할 수 있는 분","- 패션디자인산업기사 보유자
- 컬러리스트산업기사 보유자
- GTQ 1급 보유자
- 시즌 콘셉트·의류 디자인·샘플 개발 관련 프로젝트를 기획부터 결과 검토까지 수행한 경험","- 지원서 또는 제출서류를 허위로 기재한 경우
- 채용 과정에서 부정한 방법을 사용한 경우
- 채용검진 결과 직무 수행이 어렵다고 판단되는 경우
- 관련 법령 또는 내부 인사규정상 채용이 불가능한 경우",서류전형 > 직무과제 > 실무면접 > 처우협의
패션디자이너 공개채용,11,54,20260822,20261001,3,경력 2년 이상,정규직,인천광역시,학사 이상,"브랜드 사업 조직에서 시즌 콘셉트·의류 디자인·샘플 개발을 담당할 패션디자이너를 모집합니다. 이 포지션은 현장의 요구를 실행 가능한 계획과 결과물로 연결하는 역할입니다.

담당 범위는 트렌드·도식화·원부자재·샘플를 바탕으로 기준을 수립하고, 우선순위에 따라 과제를 실행하며 품질과 일정을 함께 관리하는 것입니다.

디자인 조직의 동료와 재무·영업·개발·운영 등 유관 부서, 필요한 경우 외부 파트너와 협업해 의사결정에 필요한 정보를 정리합니다.

이슈가 발생하면 사실과 데이터를 먼저 확인하고 원인을 구분한 뒤, 대안을 비교해 합의된 조치를 실행하고 재발 방지 내용을 문서화합니다.

입사 초기에는 기존 자료와 업무 흐름을 파악하고 Illustrator·CLO 3D 환경을 익힌 뒤, 담당 영역의 개선 과제와 표준화 작업을 단계적으로 주도합니다.

성과는 결과물의 정확성, 일정 준수, 이해관계자와의 명확한 소통, 사용자와 사업에 미치는 영향을 기준으로 평가합니다.","- 유관 부서 및 외부 파트너와 기준·일정·결과물 조율
- 검토 회의 운영과 의사결정 근거·변경 이력 문서화
- 성과지표 설정 및 결과 데이터 분석을 통한 개선안 제안
- 업무상 리스크 사전 점검과 문제 발생 시 원인 분석·후속 조치
- 재사용 가능한 체크리스트·가이드·템플릿 정비
- 고객 또는 내부 사용자의 피드백을 반영한 결과물 품질 개선
- 시즌 콘셉트·의류 디자인·샘플 개발 관련 연간·분기 실행계획 수립
- 트렌드·도식화·원부자재·샘플 수집·정리 및 핵심 이슈 분석","- 시즌 콘셉트·의류 디자인·샘플 개발 관련 지식 또는 프로젝트·실무 경험을 보유한 분
- 트렌드·도식화·원부자재·샘플를 정확히 해석하고 업무 문서로 구조화할 수 있는 분
- Illustrator·CLO 3D 중 직무에 필요한 도구를 실무에 적용할 수 있는 분
- 유관 부서와 쟁점을 명확히 설명하고 일정에 맞춰 협업할 수 있는 분
- 문제 원인을 근거에 따라 분석하고 실행 가능한 대안을 제시할 수 있는 분
- 업무상 취급하는 개인정보와 기밀정보를 안전하게 관리할 수 있는 분","- 컬러리스트산업기사 보유자
- GTQ 1급 보유자
- 패션디자인산업기사 보유자
- 시즌 콘셉트·의류 디자인·샘플 개발 관련 프로젝트를 기획부터 결과 검토까지 수행한 경험
- Illustrator·CLO 3D를 활용해 반복 업무를 개선하거나 품질 기준을 정립한 경험","- 제출한 경력·자격 증빙이 사실과 다른 경우
- 정해진 기한까지 필수 증빙서류를 제출하지 않은 경우
- 해외여행 및 근무에 결격사유가 있는 경우
- 채용 관련 비밀유지 의무를 위반한 경우",서류전형 > 1차면접 > 2차면접 > 채용검진
패션디자이너 프로젝트 담당 모집,92,54,20261004,20261116,6,경력 3년 이상,무기계약직,대전광역시,석사 이상,"지역 기반 전문기관에서 시즌 콘셉트·의류 디자인·샘플 개발을 담당할 패션디자이너를 모집합니다. 이 포지션은 현장의 요구를 실행 가능한 계획과 결과물로 연결하는 역할입니다.

담당 범위는 트렌드·도식화·원부자재·샘플를 바탕으로 기준을 수립하고, 우선순위에 따라 과제를 실행하며 품질과 일정을 함께 관리하는 것입니다.

디자인 조직의 동료와 재무·영업·개발·운영 등 유관 부서, 필요한 경우 외부 파트너와 협업해 의사결정에 필요한 정보를 정리합니다.

이슈가 발생하면 사실과 데이터를 먼저 확인하고 원인을 구분한 뒤, 대안을 비교해 합의된 조치를 실행하고 재발 방지 내용을 문서화합니다.

입사 초기에는 기존 자료와 업무 흐름을 파악하고 Illustrator·CLO 3D 환경을 익힌 뒤, 담당 영역의 개선 과제와 표준화 작업을 단계적으로 주도합니다.

성과는 결과물의 정확성, 일정 준수, 이해관계자와의 명확한 소통, 사용자와 사업에 미치는 영향을 기준으로 평가합니다.","- 검토 회의 운영과 의사결정 근거·변경 이력 문서화
- 성과지표 설정 및 결과 데이터 분석을 통한 개선안 제안
- 업무상 리스크 사전 점검과 문제 발생 시 원인 분석·후속 조치
- 재사용 가능한 체크리스트·가이드·템플릿 정비
- 고객 또는 내부 사용자의 피드백을 반영한 결과물 품질 개선
- 시즌 콘셉트·의류 디자인·샘플 개발 관련 연간·분기 실행계획 수립
- 트렌드·도식화·원부자재·샘플 수집·정리 및 핵심 이슈 분석
- Illustrator·CLO 3D를 활용한 업무 산출물 작성과 버전 관리
- 요구사항을 세부 과제와 일정으로 구체화하고 진행 현황 관리","- 시즌 콘셉트·의류 디자인·샘플 개발 관련 지식 또는 프로젝트·실무 경험을 보유한 분
- 트렌드·도식화·원부자재·샘플를 정확히 해석하고 업무 문서로 구조화할 수 있는 분
- Illustrator·CLO 3D 중 직무에 필요한 도구를 실무에 적용할 수 있는 분
- 유관 부서와 쟁점을 명확히 설명하고 일정에 맞춰 협업할 수 있는 분
- 문제 원인을 근거에 따라 분석하고 실행 가능한 대안을 제시할 수 있는 분
- 업무상 취급하는 개인정보와 기밀정보를 안전하게 관리할 수 있는 분
- 패션디자이너 또는 유사 분야의 3년 이상 실무 경험을 보유한 분","- GTQ 1급 보유자
- 패션디자인산업기사 보유자
- 컬러리스트산업기사 보유자
- 시즌 콘셉트·의류 디자인·샘플 개발 관련 프로젝트를 기획부터 결과 검토까지 수행한 경험
- Illustrator·CLO 3D를 활용해 반복 업무를 개선하거나 품질 기준을 정립한 경험
- 외부 파트너 또는 다양한 이해관계자와 복잡한 요구사항을 조율한 경험","- 지원 자격 또는 필수 면허 요건을 충족하지 못한 경우
- 전형 과정에서 타인의 결과물을 무단 사용한 경우
- 채용검진 결과 담당 업무 수행이 곤란한 경우
- 관계 법령상 취업이 제한되는 경우",서류전형 > 필기전형 > 면접전형 > 최종합격
패션디자이너 운영 담당자 채용,53,54,20260109,20260119,9,신입,정규직,부산광역시,학력무관,"디지털 서비스 조직에서 시즌 콘셉트·의류 디자인·샘플 개발을 담당할 패션디자이너를 모집합니다. 이 포지션은 현장의 요구를 실행 가능한 계획과 결과물로 연결하는 역할입니다.

담당 범위는 트렌드·도식화·원부자재·샘플를 바탕으로 기준을 수립하고, 우선순위에 따라 과제를 실행하며 품질과 일정을 함께 관리하는 것입니다.

디자인 조직의 동료와 재무·영업·개발·운영 등 유관 부서, 필요한 경우 외부 파트너와 협업해 의사결정에 필요한 정보를 정리합니다.

이슈가 발생하면 사실과 데이터를 먼저 확인하고 원인을 구분한 뒤, 대안을 비교해 합의된 조치를 실행하고 재발 방지 내용을 문서화합니다.

입사 초기에는 기존 자료와 업무 흐름을 파악하고 Illustrator·CLO 3D 환경을 익힌 뒤, 담당 영역의 개선 과제와 표준화 작업을 단계적으로 주도합니다.

성과는 결과물의 정확성, 일정 준수, 이해관계자와의 명확한 소통, 사용자와 사업에 미치는 영향을 기준으로 평가합니다.","- 성과지표 설정 및 결과 데이터 분석을 통한 개선안 제안
- 업무상 리스크 사전 점검과 문제 발생 시 원인 분석·후속 조치
- 재사용 가능한 체크리스트·가이드·템플릿 정비
- 고객 또는 내부 사용자의 피드백을 반영한 결과물 품질 개선
- 시즌 콘셉트·의류 디자인·샘플 개발 관련 연간·분기 실행계획 수립
- 트렌드·도식화·원부자재·샘플 수집·정리 및 핵심 이슈 분석
- Illustrator·CLO 3D를 활용한 업무 산출물 작성과 버전 관리","- 시즌 콘셉트·의류 디자인·샘플 개발 관련 지식 또는 프로젝트·실무 경험을 보유한 분
- 트렌드·도식화·원부자재·샘플를 정확히 해석하고 업무 문서로 구조화할 수 있는 분
- Illustrator·CLO 3D 중 직무에 필요한 도구를 실무에 적용할 수 있는 분
- 유관 부서와 쟁점을 명확히 설명하고 일정에 맞춰 협업할 수 있는 분
- 문제 원인을 근거에 따라 분석하고 실행 가능한 대안을 제시할 수 있는 분","- 패션디자인산업기사 보유자
- 컬러리스트산업기사 보유자
- GTQ 1급 보유자
- 시즌 콘셉트·의류 디자인·샘플 개발 관련 프로젝트를 기획부터 결과 검토까지 수행한 경험","- 지원서 또는 제출서류를 허위로 기재한 경우
- 채용 과정에서 부정한 방법을 사용한 경우
- 채용검진 결과 직무 수행이 어렵다고 판단되는 경우
- 관련 법령 또는 내부 인사규정상 채용이 불가능한 경우",서류전형 > 실무면접 > 최종면접
패션디자이너 핵심인재 모집,76,54,20260314,20260327,12,경력 2년 이상,계약직,광주광역시,전문학사 이상,"성장 단계 스타트업에서 시즌 콘셉트·의류 디자인·샘플 개발을 담당할 패션디자이너를 모집합니다. 이 포지션은 현장의 요구를 실행 가능한 계획과 결과물로 연결하는 역할입니다.

담당 범위는 트렌드·도식화·원부자재·샘플를 바탕으로 기준을 수립하고, 우선순위에 따라 과제를 실행하며 품질과 일정을 함께 관리하는 것입니다.

디자인 조직의 동료와 재무·영업·개발·운영 등 유관 부서, 필요한 경우 외부 파트너와 협업해 의사결정에 필요한 정보를 정리합니다.

이슈가 발생하면 사실과 데이터를 먼저 확인하고 원인을 구분한 뒤, 대안을 비교해 합의된 조치를 실행하고 재발 방지 내용을 문서화합니다.

입사 초기에는 기존 자료와 업무 흐름을 파악하고 Illustrator·CLO 3D 환경을 익힌 뒤, 담당 영역의 개선 과제와 표준화 작업을 단계적으로 주도합니다.

성과는 결과물의 정확성, 일정 준수, 이해관계자와의 명확한 소통, 사용자와 사업에 미치는 영향을 기준으로 평가합니다.","- 업무상 리스크 사전 점검과 문제 발생 시 원인 분석·후속 조치
- 재사용 가능한 체크리스트·가이드·템플릿 정비
- 고객 또는 내부 사용자의 피드백을 반영한 결과물 품질 개선
- 시즌 콘셉트·의류 디자인·샘플 개발 관련 연간·분기 실행계획 수립
- 트렌드·도식화·원부자재·샘플 수집·정리 및 핵심 이슈 분석
- Illustrator·CLO 3D를 활용한 업무 산출물 작성과 버전 관리
- 요구사항을 세부 과제와 일정으로 구체화하고 진행 현황 관리
- 유관 부서 및 외부 파트너와 기준·일정·결과물 조율","- 시즌 콘셉트·의류 디자인·샘플 개발 관련 지식 또는 프로젝트·실무 경험을 보유한 분
- 트렌드·도식화·원부자재·샘플를 정확히 해석하고 업무 문서로 구조화할 수 있는 분
- Illustrator·CLO 3D 중 직무에 필요한 도구를 실무에 적용할 수 있는 분
- 유관 부서와 쟁점을 명확히 설명하고 일정에 맞춰 협업할 수 있는 분
- 문제 원인을 근거에 따라 분석하고 실행 가능한 대안을 제시할 수 있는 분
- 업무상 취급하는 개인정보와 기밀정보를 안전하게 관리할 수 있는 분","- 컬러리스트산업기사 보유자
- GTQ 1급 보유자
- 패션디자인산업기사 보유자
- 시즌 콘셉트·의류 디자인·샘플 개발 관련 프로젝트를 기획부터 결과 검토까지 수행한 경험
- Illustrator·CLO 3D를 활용해 반복 업무를 개선하거나 품질 기준을 정립한 경험","- 제출한 경력·자격 증빙이 사실과 다른 경우
- 정해진 기한까지 필수 증빙서류를 제출하지 않은 경우
- 해외여행 및 근무에 결격사유가 있는 경우
- 채용 관련 비밀유지 의무를 위반한 경우",서류전형 > 인성검사 > 실무면접 > 최종면접
패션디자이너 전문가 채용,86,54,20260519,20260604,15,신입·경력,정규직,세종특별자치시,학사 이상,"중견기업 전략 조직에서 시즌 콘셉트·의류 디자인·샘플 개발을 담당할 패션디자이너를 모집합니다. 이 포지션은 현장의 요구를 실행 가능한 계획과 결과물로 연결하는 역할입니다.

담당 범위는 트렌드·도식화·원부자재·샘플를 바탕으로 기준을 수립하고, 우선순위에 따라 과제를 실행하며 품질과 일정을 함께 관리하는 것입니다.

디자인 조직의 동료와 재무·영업·개발·운영 등 유관 부서, 필요한 경우 외부 파트너와 협업해 의사결정에 필요한 정보를 정리합니다.

이슈가 발생하면 사실과 데이터를 먼저 확인하고 원인을 구분한 뒤, 대안을 비교해 합의된 조치를 실행하고 재발 방지 내용을 문서화합니다.

입사 초기에는 기존 자료와 업무 흐름을 파악하고 Illustrator·CLO 3D 환경을 익힌 뒤, 담당 영역의 개선 과제와 표준화 작업을 단계적으로 주도합니다.

성과는 결과물의 정확성, 일정 준수, 이해관계자와의 명확한 소통, 사용자와 사업에 미치는 영향을 기준으로 평가합니다.","- 재사용 가능한 체크리스트·가이드·템플릿 정비
- 고객 또는 내부 사용자의 피드백을 반영한 결과물 품질 개선
- 시즌 콘셉트·의류 디자인·샘플 개발 관련 연간·분기 실행계획 수립
- 트렌드·도식화·원부자재·샘플 수집·정리 및 핵심 이슈 분석
- Illustrator·CLO 3D를 활용한 업무 산출물 작성과 버전 관리
- 요구사항을 세부 과제와 일정으로 구체화하고 진행 현황 관리
- 유관 부서 및 외부 파트너와 기준·일정·결과물 조율
- 검토 회의 운영과 의사결정 근거·변경 이력 문서화
- 성과지표 설정 및 결과 데이터 분석을 통한 개선안 제안","- 시즌 콘셉트·의류 디자인·샘플 개발 관련 지식 또는 프로젝트·실무 경험을 보유한 분
- 트렌드·도식화·원부자재·샘플를 정확히 해석하고 업무 문서로 구조화할 수 있는 분
- Illustrator·CLO 3D 중 직무에 필요한 도구를 실무에 적용할 수 있는 분
- 유관 부서와 쟁점을 명확히 설명하고 일정에 맞춰 협업할 수 있는 분
- 문제 원인을 근거에 따라 분석하고 실행 가능한 대안을 제시할 수 있는 분
- 업무상 취급하는 개인정보와 기밀정보를 안전하게 관리할 수 있는 분
- 패션디자이너 또는 유사 분야의 신입·경력 실무 경험을 보유한 분","- GTQ 1급 보유자
- 패션디자인산업기사 보유자
- 컬러리스트산업기사 보유자
- 시즌 콘셉트·의류 디자인·샘플 개발 관련 프로젝트를 기획부터 결과 검토까지 수행한 경험
- Illustrator·CLO 3D를 활용해 반복 업무를 개선하거나 품질 기준을 정립한 경험
- 외부 파트너 또는 다양한 이해관계자와 복잡한 요구사항을 조율한 경험","- 지원 자격 또는 필수 면허 요건을 충족하지 못한 경우
- 전형 과정에서 타인의 결과물을 무단 사용한 경우
- 채용검진 결과 담당 업무 수행이 곤란한 경우
- 관계 법령상 취업이 제한되는 경우",서류전형 > 직무과제 > 실무면접 > 처우협의
패션디자이너 신규 인력 모집,139,54,20260701,20260720,18,경력 3년 이상,무기계약직,충청남도,학사 이상,"공공서비스 운영기관에서 시즌 콘셉트·의류 디자인·샘플 개발을 담당할 패션디자이너를 모집합니다. 이 포지션은 현장의 요구를 실행 가능한 계획과 결과물로 연결하는 역할입니다.

담당 범위는 트렌드·도식화·원부자재·샘플를 바탕으로 기준을 수립하고, 우선순위에 따라 과제를 실행하며 품질과 일정을 함께 관리하는 것입니다.

디자인 조직의 동료와 재무·영업·개발·운영 등 유관 부서, 필요한 경우 외부 파트너와 협업해 의사결정에 필요한 정보를 정리합니다.

이슈가 발생하면 사실과 데이터를 먼저 확인하고 원인을 구분한 뒤, 대안을 비교해 합의된 조치를 실행하고 재발 방지 내용을 문서화합니다.

입사 초기에는 기존 자료와 업무 흐름을 파악하고 Illustrator·CLO 3D 환경을 익힌 뒤, 담당 영역의 개선 과제와 표준화 작업을 단계적으로 주도합니다.

성과는 결과물의 정확성, 일정 준수, 이해관계자와의 명확한 소통, 사용자와 사업에 미치는 영향을 기준으로 평가합니다.","- 고객 또는 내부 사용자의 피드백을 반영한 결과물 품질 개선
- 시즌 콘셉트·의류 디자인·샘플 개발 관련 연간·분기 실행계획 수립
- 트렌드·도식화·원부자재·샘플 수집·정리 및 핵심 이슈 분석
- Illustrator·CLO 3D를 활용한 업무 산출물 작성과 버전 관리
- 요구사항을 세부 과제와 일정으로 구체화하고 진행 현황 관리
- 유관 부서 및 외부 파트너와 기준·일정·결과물 조율
- 검토 회의 운영과 의사결정 근거·변경 이력 문서화","- 시즌 콘셉트·의류 디자인·샘플 개발 관련 지식 또는 프로젝트·실무 경험을 보유한 분
- 트렌드·도식화·원부자재·샘플를 정확히 해석하고 업무 문서로 구조화할 수 있는 분
- Illustrator·CLO 3D 중 직무에 필요한 도구를 실무에 적용할 수 있는 분
- 유관 부서와 쟁점을 명확히 설명하고 일정에 맞춰 협업할 수 있는 분
- 문제 원인을 근거에 따라 분석하고 실행 가능한 대안을 제시할 수 있는 분","- 패션디자인산업기사 보유자
- 컬러리스트산업기사 보유자
- GTQ 1급 보유자
- 시즌 콘셉트·의류 디자인·샘플 개발 관련 프로젝트를 기획부터 결과 검토까지 수행한 경험","- 지원서 또는 제출서류를 허위로 기재한 경우
- 채용 과정에서 부정한 방법을 사용한 경우
- 채용검진 결과 직무 수행이 어렵다고 판단되는 경우
- 관련 법령 또는 내부 인사규정상 채용이 불가능한 경우",서류전형 > 1차면접 > 2차면접 > 채용검진
편집디자이너 담당자 모집,50,55,20260105,20260209,16,경력 5년 이상,기간제,서울특별시,학력무관,"글로벌 사업 조직에서 출판물 레이아웃·교정·인쇄 감리를 담당할 편집디자이너를 모집합니다. 이 포지션은 현장의 요구를 실행 가능한 계획과 결과물로 연결하는 역할입니다.

담당 범위는 원고·사진·판형·인쇄 사양를 바탕으로 기준을 수립하고, 우선순위에 따라 과제를 실행하며 품질과 일정을 함께 관리하는 것입니다.

디자인 조직의 동료와 재무·영업·개발·운영 등 유관 부서, 필요한 경우 외부 파트너와 협업해 의사결정에 필요한 정보를 정리합니다.

이슈가 발생하면 사실과 데이터를 먼저 확인하고 원인을 구분한 뒤, 대안을 비교해 합의된 조치를 실행하고 재발 방지 내용을 문서화합니다.

입사 초기에는 기존 자료와 업무 흐름을 파악하고 InDesign·Illustrator·Photoshop 환경을 익힌 뒤, 담당 영역의 개선 과제와 표준화 작업을 단계적으로 주도합니다.

성과는 결과물의 정확성, 일정 준수, 이해관계자와의 명확한 소통, 사용자와 사업에 미치는 영향을 기준으로 평가합니다.","- 출판물 레이아웃·교정·인쇄 감리 관련 연간·분기 실행계획 수립
- 원고·사진·판형·인쇄 사양 수집·정리 및 핵심 이슈 분석
- InDesign·Illustrator·Photoshop를 활용한 업무 산출물 작성과 버전 관리
- 요구사항을 세부 과제와 일정으로 구체화하고 진행 현황 관리
- 유관 부서 및 외부 파트너와 기준·일정·결과물 조율
- 검토 회의 운영과 의사결정 근거·변경 이력 문서화
- 성과지표 설정 및 결과 데이터 분석을 통한 개선안 제안","- 출판물 레이아웃·교정·인쇄 감리 관련 지식 또는 프로젝트·실무 경험을 보유한 분
- 원고·사진·판형·인쇄 사양를 정확히 해석하고 업무 문서로 구조화할 수 있는 분
- InDesign·Illustrator·Photoshop 중 직무에 필요한 도구를 실무에 적용할 수 있는 분
- 유관 부서와 쟁점을 명확히 설명하고 일정에 맞춰 협업할 수 있는 분
- 문제 원인을 근거에 따라 분석하고 실행 가능한 대안을 제시할 수 있는 분","- 전자출판기능사 보유자
- GTQ 그래픽기술자격 1급 보유자
- Adobe Certified Professional 보유자
- 출판물 레이아웃·교정·인쇄 감리 관련 프로젝트를 기획부터 결과 검토까지 수행한 경험","- 제출한 경력·자격 증빙이 사실과 다른 경우
- 정해진 기한까지 필수 증빙서류를 제출하지 않은 경우
- 해외여행 및 근무에 결격사유가 있는 경우
- 채용 관련 비밀유지 의무를 위반한 경우",서류전형 > 실무면접 > 최종면접
편집디자이너 실무자 채용,80,55,20260310,20260417,19,경력,정규직,경기도,전문학사 이상,"연구개발 중심 조직에서 출판물 레이아웃·교정·인쇄 감리를 담당할 편집디자이너를 모집합니다. 이 포지션은 현장의 요구를 실행 가능한 계획과 결과물로 연결하는 역할입니다.

담당 범위는 원고·사진·판형·인쇄 사양를 바탕으로 기준을 수립하고, 우선순위에 따라 과제를 실행하며 품질과 일정을 함께 관리하는 것입니다.

디자인 조직의 동료와 재무·영업·개발·운영 등 유관 부서, 필요한 경우 외부 파트너와 협업해 의사결정에 필요한 정보를 정리합니다.

이슈가 발생하면 사실과 데이터를 먼저 확인하고 원인을 구분한 뒤, 대안을 비교해 합의된 조치를 실행하고 재발 방지 내용을 문서화합니다.

입사 초기에는 기존 자료와 업무 흐름을 파악하고 InDesign·Illustrator·Photoshop 환경을 익힌 뒤, 담당 영역의 개선 과제와 표준화 작업을 단계적으로 주도합니다.

성과는 결과물의 정확성, 일정 준수, 이해관계자와의 명확한 소통, 사용자와 사업에 미치는 영향을 기준으로 평가합니다.","- 원고·사진·판형·인쇄 사양 수집·정리 및 핵심 이슈 분석
- InDesign·Illustrator·Photoshop를 활용한 업무 산출물 작성과 버전 관리
- 요구사항을 세부 과제와 일정으로 구체화하고 진행 현황 관리
- 유관 부서 및 외부 파트너와 기준·일정·결과물 조율
- 검토 회의 운영과 의사결정 근거·변경 이력 문서화
- 성과지표 설정 및 결과 데이터 분석을 통한 개선안 제안
- 업무상 리스크 사전 점검과 문제 발생 시 원인 분석·후속 조치
- 재사용 가능한 체크리스트·가이드·템플릿 정비","- 출판물 레이아웃·교정·인쇄 감리 관련 지식 또는 프로젝트·실무 경험을 보유한 분
- 원고·사진·판형·인쇄 사양를 정확히 해석하고 업무 문서로 구조화할 수 있는 분
- InDesign·Illustrator·Photoshop 중 직무에 필요한 도구를 실무에 적용할 수 있는 분
- 유관 부서와 쟁점을 명확히 설명하고 일정에 맞춰 협업할 수 있는 분
- 문제 원인을 근거에 따라 분석하고 실행 가능한 대안을 제시할 수 있는 분
- 업무상 취급하는 개인정보와 기밀정보를 안전하게 관리할 수 있는 분","- GTQ 그래픽기술자격 1급 보유자
- Adobe Certified Professional 보유자
- 전자출판기능사 보유자
- 출판물 레이아웃·교정·인쇄 감리 관련 프로젝트를 기획부터 결과 검토까지 수행한 경험
- InDesign·Illustrator·Photoshop를 활용해 반복 업무를 개선하거나 품질 기준을 정립한 경험","- 지원 자격 또는 필수 면허 요건을 충족하지 못한 경우
- 전형 과정에서 타인의 결과물을 무단 사용한 경우
- 채용검진 결과 담당 업무 수행이 곤란한 경우
- 관계 법령상 취업이 제한되는 경우",서류전형 > 인성검사 > 실무면접 > 최종면접
편집디자이너 전문인력 모집,12,55,20260515,20260625,2,신입·경력,계약직,인천광역시,학사 이상,"플랫폼 운영 조직에서 출판물 레이아웃·교정·인쇄 감리를 담당할 편집디자이너를 모집합니다. 이 포지션은 현장의 요구를 실행 가능한 계획과 결과물로 연결하는 역할입니다.

담당 범위는 원고·사진·판형·인쇄 사양를 바탕으로 기준을 수립하고, 우선순위에 따라 과제를 실행하며 품질과 일정을 함께 관리하는 것입니다.

디자인 조직의 동료와 재무·영업·개발·운영 등 유관 부서, 필요한 경우 외부 파트너와 협업해 의사결정에 필요한 정보를 정리합니다.

이슈가 발생하면 사실과 데이터를 먼저 확인하고 원인을 구분한 뒤, 대안을 비교해 합의된 조치를 실행하고 재발 방지 내용을 문서화합니다.

입사 초기에는 기존 자료와 업무 흐름을 파악하고 InDesign·Illustrator·Photoshop 환경을 익힌 뒤, 담당 영역의 개선 과제와 표준화 작업을 단계적으로 주도합니다.

성과는 결과물의 정확성, 일정 준수, 이해관계자와의 명확한 소통, 사용자와 사업에 미치는 영향을 기준으로 평가합니다.","- InDesign·Illustrator·Photoshop를 활용한 업무 산출물 작성과 버전 관리
- 요구사항을 세부 과제와 일정으로 구체화하고 진행 현황 관리
- 유관 부서 및 외부 파트너와 기준·일정·결과물 조율
- 검토 회의 운영과 의사결정 근거·변경 이력 문서화
- 성과지표 설정 및 결과 데이터 분석을 통한 개선안 제안
- 업무상 리스크 사전 점검과 문제 발생 시 원인 분석·후속 조치
- 재사용 가능한 체크리스트·가이드·템플릿 정비
- 고객 또는 내부 사용자의 피드백을 반영한 결과물 품질 개선
- 출판물 레이아웃·교정·인쇄 감리 관련 연간·분기 실행계획 수립","- 출판물 레이아웃·교정·인쇄 감리 관련 지식 또는 프로젝트·실무 경험을 보유한 분
- 원고·사진·판형·인쇄 사양를 정확히 해석하고 업무 문서로 구조화할 수 있는 분
- InDesign·Illustrator·Photoshop 중 직무에 필요한 도구를 실무에 적용할 수 있는 분
- 유관 부서와 쟁점을 명확히 설명하고 일정에 맞춰 협업할 수 있는 분
- 문제 원인을 근거에 따라 분석하고 실행 가능한 대안을 제시할 수 있는 분
- 업무상 취급하는 개인정보와 기밀정보를 안전하게 관리할 수 있는 분
- 편집디자이너 또는 유사 분야의 신입·경력 실무 경험을 보유한 분","- Adobe Certified Professional 보유자
- 전자출판기능사 보유자
- GTQ 그래픽기술자격 1급 보유자
- 출판물 레이아웃·교정·인쇄 감리 관련 프로젝트를 기획부터 결과 검토까지 수행한 경험
- InDesign·Illustrator·Photoshop를 활용해 반복 업무를 개선하거나 품질 기준을 정립한 경험
- 외부 파트너 또는 다양한 이해관계자와 복잡한 요구사항을 조율한 경험","- 지원서 또는 제출서류를 허위로 기재한 경우
- 채용 과정에서 부정한 방법을 사용한 경우
- 채용검진 결과 직무 수행이 어렵다고 판단되는 경우
- 관련 법령 또는 내부 인사규정상 채용이 불가능한 경우",서류전형 > 직무과제 > 실무면접 > 처우협의
편집디자이너 인재 채용,138,55,20260720,20260902,5,경력 2년 이상,정규직,대전광역시,학사 이상,"브랜드 사업 조직에서 출판물 레이아웃·교정·인쇄 감리를 담당할 편집디자이너를 모집합니다. 이 포지션은 현장의 요구를 실행 가능한 계획과 결과물로 연결하는 역할입니다.

담당 범위는 원고·사진·판형·인쇄 사양를 바탕으로 기준을 수립하고, 우선순위에 따라 과제를 실행하며 품질과 일정을 함께 관리하는 것입니다.

디자인 조직의 동료와 재무·영업·개발·운영 등 유관 부서, 필요한 경우 외부 파트너와 협업해 의사결정에 필요한 정보를 정리합니다.

이슈가 발생하면 사실과 데이터를 먼저 확인하고 원인을 구분한 뒤, 대안을 비교해 합의된 조치를 실행하고 재발 방지 내용을 문서화합니다.

입사 초기에는 기존 자료와 업무 흐름을 파악하고 InDesign·Illustrator·Photoshop 환경을 익힌 뒤, 담당 영역의 개선 과제와 표준화 작업을 단계적으로 주도합니다.

성과는 결과물의 정확성, 일정 준수, 이해관계자와의 명확한 소통, 사용자와 사업에 미치는 영향을 기준으로 평가합니다.","- 요구사항을 세부 과제와 일정으로 구체화하고 진행 현황 관리
- 유관 부서 및 외부 파트너와 기준·일정·결과물 조율
- 검토 회의 운영과 의사결정 근거·변경 이력 문서화
- 성과지표 설정 및 결과 데이터 분석을 통한 개선안 제안
- 업무상 리스크 사전 점검과 문제 발생 시 원인 분석·후속 조치
- 재사용 가능한 체크리스트·가이드·템플릿 정비
- 고객 또는 내부 사용자의 피드백을 반영한 결과물 품질 개선","- 출판물 레이아웃·교정·인쇄 감리 관련 지식 또는 프로젝트·실무 경험을 보유한 분
- 원고·사진·판형·인쇄 사양를 정확히 해석하고 업무 문서로 구조화할 수 있는 분
- InDesign·Illustrator·Photoshop 중 직무에 필요한 도구를 실무에 적용할 수 있는 분
- 유관 부서와 쟁점을 명확히 설명하고 일정에 맞춰 협업할 수 있는 분
- 문제 원인을 근거에 따라 분석하고 실행 가능한 대안을 제시할 수 있는 분","- 전자출판기능사 보유자
- GTQ 그래픽기술자격 1급 보유자
- Adobe Certified Professional 보유자
- 출판물 레이아웃·교정·인쇄 감리 관련 프로젝트를 기획부터 결과 검토까지 수행한 경험","- 제출한 경력·자격 증빙이 사실과 다른 경우
- 정해진 기한까지 필수 증빙서류를 제출하지 않은 경우
- 해외여행 및 근무에 결격사유가 있는 경우
- 채용 관련 비밀유지 의무를 위반한 경우",서류전형 > 1차면접 > 2차면접 > 채용검진
편집디자이너 공개채용,63,55,20260902,20260913,8,경력 3년 이상,무기계약직,부산광역시,석사 이상,"지역 기반 전문기관에서 출판물 레이아웃·교정·인쇄 감리를 담당할 편집디자이너를 모집합니다. 이 포지션은 현장의 요구를 실행 가능한 계획과 결과물로 연결하는 역할입니다.

담당 범위는 원고·사진·판형·인쇄 사양를 바탕으로 기준을 수립하고, 우선순위에 따라 과제를 실행하며 품질과 일정을 함께 관리하는 것입니다.

디자인 조직의 동료와 재무·영업·개발·운영 등 유관 부서, 필요한 경우 외부 파트너와 협업해 의사결정에 필요한 정보를 정리합니다.

이슈가 발생하면 사실과 데이터를 먼저 확인하고 원인을 구분한 뒤, 대안을 비교해 합의된 조치를 실행하고 재발 방지 내용을 문서화합니다.

입사 초기에는 기존 자료와 업무 흐름을 파악하고 InDesign·Illustrator·Photoshop 환경을 익힌 뒤, 담당 영역의 개선 과제와 표준화 작업을 단계적으로 주도합니다.

성과는 결과물의 정확성, 일정 준수, 이해관계자와의 명확한 소통, 사용자와 사업에 미치는 영향을 기준으로 평가합니다.","- 유관 부서 및 외부 파트너와 기준·일정·결과물 조율
- 검토 회의 운영과 의사결정 근거·변경 이력 문서화
- 성과지표 설정 및 결과 데이터 분석을 통한 개선안 제안
- 업무상 리스크 사전 점검과 문제 발생 시 원인 분석·후속 조치
- 재사용 가능한 체크리스트·가이드·템플릿 정비
- 고객 또는 내부 사용자의 피드백을 반영한 결과물 품질 개선
- 출판물 레이아웃·교정·인쇄 감리 관련 연간·분기 실행계획 수립
- 원고·사진·판형·인쇄 사양 수집·정리 및 핵심 이슈 분석","- 출판물 레이아웃·교정·인쇄 감리 관련 지식 또는 프로젝트·실무 경험을 보유한 분
- 원고·사진·판형·인쇄 사양를 정확히 해석하고 업무 문서로 구조화할 수 있는 분
- InDesign·Illustrator·Photoshop 중 직무에 필요한 도구를 실무에 적용할 수 있는 분
- 유관 부서와 쟁점을 명확히 설명하고 일정에 맞춰 협업할 수 있는 분
- 문제 원인을 근거에 따라 분석하고 실행 가능한 대안을 제시할 수 있는 분
- 업무상 취급하는 개인정보와 기밀정보를 안전하게 관리할 수 있는 분","- GTQ 그래픽기술자격 1급 보유자
- Adobe Certified Professional 보유자
- 전자출판기능사 보유자
- 출판물 레이아웃·교정·인쇄 감리 관련 프로젝트를 기획부터 결과 검토까지 수행한 경험
- InDesign·Illustrator·Photoshop를 활용해 반복 업무를 개선하거나 품질 기준을 정립한 경험","- 지원 자격 또는 필수 면허 요건을 충족하지 못한 경우
- 전형 과정에서 타인의 결과물을 무단 사용한 경우
- 채용검진 결과 담당 업무 수행이 곤란한 경우
- 관계 법령상 취업이 제한되는 경우",서류전형 > 필기전형 > 면접전형 > 최종합격
편집디자이너 프로젝트 담당 모집,16,55,20261107,20261121,11,신입,정규직,광주광역시,학력무관,"디지털 서비스 조직에서 출판물 레이아웃·교정·인쇄 감리를 담당할 편집디자이너를 모집합니다. 이 포지션은 현장의 요구를 실행 가능한 계획과 결과물로 연결하는 역할입니다.

담당 범위는 원고·사진·판형·인쇄 사양를 바탕으로 기준을 수립하고, 우선순위에 따라 과제를 실행하며 품질과 일정을 함께 관리하는 것입니다.

디자인 조직의 동료와 재무·영업·개발·운영 등 유관 부서, 필요한 경우 외부 파트너와 협업해 의사결정에 필요한 정보를 정리합니다.

이슈가 발생하면 사실과 데이터를 먼저 확인하고 원인을 구분한 뒤, 대안을 비교해 합의된 조치를 실행하고 재발 방지 내용을 문서화합니다.

입사 초기에는 기존 자료와 업무 흐름을 파악하고 InDesign·Illustrator·Photoshop 환경을 익힌 뒤, 담당 영역의 개선 과제와 표준화 작업을 단계적으로 주도합니다.

성과는 결과물의 정확성, 일정 준수, 이해관계자와의 명확한 소통, 사용자와 사업에 미치는 영향을 기준으로 평가합니다.","- 검토 회의 운영과 의사결정 근거·변경 이력 문서화
- 성과지표 설정 및 결과 데이터 분석을 통한 개선안 제안
- 업무상 리스크 사전 점검과 문제 발생 시 원인 분석·후속 조치
- 재사용 가능한 체크리스트·가이드·템플릿 정비
- 고객 또는 내부 사용자의 피드백을 반영한 결과물 품질 개선
- 출판물 레이아웃·교정·인쇄 감리 관련 연간·분기 실행계획 수립
- 원고·사진·판형·인쇄 사양 수집·정리 및 핵심 이슈 분석
- InDesign·Illustrator·Photoshop를 활용한 업무 산출물 작성과 버전 관리
- 요구사항을 세부 과제와 일정으로 구체화하고 진행 현황 관리","- 출판물 레이아웃·교정·인쇄 감리 관련 지식 또는 프로젝트·실무 경험을 보유한 분
- 원고·사진·판형·인쇄 사양를 정확히 해석하고 업무 문서로 구조화할 수 있는 분
- InDesign·Illustrator·Photoshop 중 직무에 필요한 도구를 실무에 적용할 수 있는 분
- 유관 부서와 쟁점을 명확히 설명하고 일정에 맞춰 협업할 수 있는 분
- 문제 원인을 근거에 따라 분석하고 실행 가능한 대안을 제시할 수 있는 분
- 업무상 취급하는 개인정보와 기밀정보를 안전하게 관리할 수 있는 분
- 새로운 업무 기준과 도구를 빠르게 학습할 수 있는 분","- Adobe Certified Professional 보유자
- 전자출판기능사 보유자
- GTQ 그래픽기술자격 1급 보유자
- 출판물 레이아웃·교정·인쇄 감리 관련 프로젝트를 기획부터 결과 검토까지 수행한 경험
- InDesign·Illustrator·Photoshop를 활용해 반복 업무를 개선하거나 품질 기준을 정립한 경험
- 외부 파트너 또는 다양한 이해관계자와 복잡한 요구사항을 조율한 경험","- 지원서 또는 제출서류를 허위로 기재한 경우
- 채용 과정에서 부정한 방법을 사용한 경우
- 채용검진 결과 직무 수행이 어렵다고 판단되는 경우
- 관련 법령 또는 내부 인사규정상 채용이 불가능한 경우",서류전형 > 실무면접 > 최종면접
편집디자이너 운영 담당자 채용,62,55,20260212,20260301,14,경력 2년 이상,계약직,세종특별자치시,전문학사 이상,"성장 단계 스타트업에서 출판물 레이아웃·교정·인쇄 감리를 담당할 편집디자이너를 모집합니다. 이 포지션은 현장의 요구를 실행 가능한 계획과 결과물로 연결하는 역할입니다.

담당 범위는 원고·사진·판형·인쇄 사양를 바탕으로 기준을 수립하고, 우선순위에 따라 과제를 실행하며 품질과 일정을 함께 관리하는 것입니다.

디자인 조직의 동료와 재무·영업·개발·운영 등 유관 부서, 필요한 경우 외부 파트너와 협업해 의사결정에 필요한 정보를 정리합니다.

이슈가 발생하면 사실과 데이터를 먼저 확인하고 원인을 구분한 뒤, 대안을 비교해 합의된 조치를 실행하고 재발 방지 내용을 문서화합니다.

입사 초기에는 기존 자료와 업무 흐름을 파악하고 InDesign·Illustrator·Photoshop 환경을 익힌 뒤, 담당 영역의 개선 과제와 표준화 작업을 단계적으로 주도합니다.

성과는 결과물의 정확성, 일정 준수, 이해관계자와의 명확한 소통, 사용자와 사업에 미치는 영향을 기준으로 평가합니다.","- 성과지표 설정 및 결과 데이터 분석을 통한 개선안 제안
- 업무상 리스크 사전 점검과 문제 발생 시 원인 분석·후속 조치
- 재사용 가능한 체크리스트·가이드·템플릿 정비
- 고객 또는 내부 사용자의 피드백을 반영한 결과물 품질 개선
- 출판물 레이아웃·교정·인쇄 감리 관련 연간·분기 실행계획 수립
- 원고·사진·판형·인쇄 사양 수집·정리 및 핵심 이슈 분석
- InDesign·Illustrator·Photoshop를 활용한 업무 산출물 작성과 버전 관리","- 출판물 레이아웃·교정·인쇄 감리 관련 지식 또는 프로젝트·실무 경험을 보유한 분
- 원고·사진·판형·인쇄 사양를 정확히 해석하고 업무 문서로 구조화할 수 있는 분
- InDesign·Illustrator·Photoshop 중 직무에 필요한 도구를 실무에 적용할 수 있는 분
- 유관 부서와 쟁점을 명확히 설명하고 일정에 맞춰 협업할 수 있는 분
- 문제 원인을 근거에 따라 분석하고 실행 가능한 대안을 제시할 수 있는 분","- 전자출판기능사 보유자
- GTQ 그래픽기술자격 1급 보유자
- Adobe Certified Professional 보유자
- 출판물 레이아웃·교정·인쇄 감리 관련 프로젝트를 기획부터 결과 검토까지 수행한 경험","- 제출한 경력·자격 증빙이 사실과 다른 경우
- 정해진 기한까지 필수 증빙서류를 제출하지 않은 경우
- 해외여행 및 근무에 결격사유가 있는 경우
- 채용 관련 비밀유지 의무를 위반한 경우",서류전형 > 인성검사 > 실무면접 > 최종면접
편집디자이너 핵심인재 모집,27,55,20260417,20260507,17,신입·경력,정규직,충청남도,학사 이상,"중견기업 전략 조직에서 출판물 레이아웃·교정·인쇄 감리를 담당할 편집디자이너를 모집합니다. 이 포지션은 현장의 요구를 실행 가능한 계획과 결과물로 연결하는 역할입니다.

담당 범위는 원고·사진·판형·인쇄 사양를 바탕으로 기준을 수립하고, 우선순위에 따라 과제를 실행하며 품질과 일정을 함께 관리하는 것입니다.

디자인 조직의 동료와 재무·영업·개발·운영 등 유관 부서, 필요한 경우 외부 파트너와 협업해 의사결정에 필요한 정보를 정리합니다.

이슈가 발생하면 사실과 데이터를 먼저 확인하고 원인을 구분한 뒤, 대안을 비교해 합의된 조치를 실행하고 재발 방지 내용을 문서화합니다.

입사 초기에는 기존 자료와 업무 흐름을 파악하고 InDesign·Illustrator·Photoshop 환경을 익힌 뒤, 담당 영역의 개선 과제와 표준화 작업을 단계적으로 주도합니다.

성과는 결과물의 정확성, 일정 준수, 이해관계자와의 명확한 소통, 사용자와 사업에 미치는 영향을 기준으로 평가합니다.","- 업무상 리스크 사전 점검과 문제 발생 시 원인 분석·후속 조치
- 재사용 가능한 체크리스트·가이드·템플릿 정비
- 고객 또는 내부 사용자의 피드백을 반영한 결과물 품질 개선
- 출판물 레이아웃·교정·인쇄 감리 관련 연간·분기 실행계획 수립
- 원고·사진·판형·인쇄 사양 수집·정리 및 핵심 이슈 분석
- InDesign·Illustrator·Photoshop를 활용한 업무 산출물 작성과 버전 관리
- 요구사항을 세부 과제와 일정으로 구체화하고 진행 현황 관리
- 유관 부서 및 외부 파트너와 기준·일정·결과물 조율","- 출판물 레이아웃·교정·인쇄 감리 관련 지식 또는 프로젝트·실무 경험을 보유한 분
- 원고·사진·판형·인쇄 사양를 정확히 해석하고 업무 문서로 구조화할 수 있는 분
- InDesign·Illustrator·Photoshop 중 직무에 필요한 도구를 실무에 적용할 수 있는 분
- 유관 부서와 쟁점을 명확히 설명하고 일정에 맞춰 협업할 수 있는 분
- 문제 원인을 근거에 따라 분석하고 실행 가능한 대안을 제시할 수 있는 분
- 업무상 취급하는 개인정보와 기밀정보를 안전하게 관리할 수 있는 분","- GTQ 그래픽기술자격 1급 보유자
- Adobe Certified Professional 보유자
- 전자출판기능사 보유자
- 출판물 레이아웃·교정·인쇄 감리 관련 프로젝트를 기획부터 결과 검토까지 수행한 경험
- InDesign·Illustrator·Photoshop를 활용해 반복 업무를 개선하거나 품질 기준을 정립한 경험","- 지원 자격 또는 필수 면허 요건을 충족하지 못한 경우
- 전형 과정에서 타인의 결과물을 무단 사용한 경우
- 채용검진 결과 담당 업무 수행이 곤란한 경우
- 관계 법령상 취업이 제한되는 경우",서류전형 > 직무과제 > 실무면접 > 처우협의
편집디자이너 전문가 채용,84,55,20260622,20260715,20,경력 3년 이상,무기계약직,경상남도,학사 이상,"공공서비스 운영기관에서 출판물 레이아웃·교정·인쇄 감리를 담당할 편집디자이너를 모집합니다. 이 포지션은 현장의 요구를 실행 가능한 계획과 결과물로 연결하는 역할입니다.

담당 범위는 원고·사진·판형·인쇄 사양를 바탕으로 기준을 수립하고, 우선순위에 따라 과제를 실행하며 품질과 일정을 함께 관리하는 것입니다.

디자인 조직의 동료와 재무·영업·개발·운영 등 유관 부서, 필요한 경우 외부 파트너와 협업해 의사결정에 필요한 정보를 정리합니다.

이슈가 발생하면 사실과 데이터를 먼저 확인하고 원인을 구분한 뒤, 대안을 비교해 합의된 조치를 실행하고 재발 방지 내용을 문서화합니다.

입사 초기에는 기존 자료와 업무 흐름을 파악하고 InDesign·Illustrator·Photoshop 환경을 익힌 뒤, 담당 영역의 개선 과제와 표준화 작업을 단계적으로 주도합니다.

성과는 결과물의 정확성, 일정 준수, 이해관계자와의 명확한 소통, 사용자와 사업에 미치는 영향을 기준으로 평가합니다.","- 재사용 가능한 체크리스트·가이드·템플릿 정비
- 고객 또는 내부 사용자의 피드백을 반영한 결과물 품질 개선
- 출판물 레이아웃·교정·인쇄 감리 관련 연간·분기 실행계획 수립
- 원고·사진·판형·인쇄 사양 수집·정리 및 핵심 이슈 분석
- InDesign·Illustrator·Photoshop를 활용한 업무 산출물 작성과 버전 관리
- 요구사항을 세부 과제와 일정으로 구체화하고 진행 현황 관리
- 유관 부서 및 외부 파트너와 기준·일정·결과물 조율
- 검토 회의 운영과 의사결정 근거·변경 이력 문서화
- 성과지표 설정 및 결과 데이터 분석을 통한 개선안 제안","- 출판물 레이아웃·교정·인쇄 감리 관련 지식 또는 프로젝트·실무 경험을 보유한 분
- 원고·사진·판형·인쇄 사양를 정확히 해석하고 업무 문서로 구조화할 수 있는 분
- InDesign·Illustrator·Photoshop 중 직무에 필요한 도구를 실무에 적용할 수 있는 분
- 유관 부서와 쟁점을 명확히 설명하고 일정에 맞춰 협업할 수 있는 분
- 문제 원인을 근거에 따라 분석하고 실행 가능한 대안을 제시할 수 있는 분
- 업무상 취급하는 개인정보와 기밀정보를 안전하게 관리할 수 있는 분
- 편집디자이너 또는 유사 분야의 3년 이상 실무 경험을 보유한 분","- Adobe Certified Professional 보유자
- 전자출판기능사 보유자
- GTQ 그래픽기술자격 1급 보유자
- 출판물 레이아웃·교정·인쇄 감리 관련 프로젝트를 기획부터 결과 검토까지 수행한 경험
- InDesign·Illustrator·Photoshop를 활용해 반복 업무를 개선하거나 품질 기준을 정립한 경험
- 외부 파트너 또는 다양한 이해관계자와 복잡한 요구사항을 조율한 경험","- 지원서 또는 제출서류를 허위로 기재한 경우
- 채용 과정에서 부정한 방법을 사용한 경우
- 채용검진 결과 직무 수행이 어렵다고 판단되는 경우
- 관련 법령 또는 내부 인사규정상 채용이 불가능한 경우",서류전형 > 1차면접 > 2차면접 > 채용검진
편집디자이너 신규 인력 모집,8,55,20260804,20260830,3,경력 무관,정규직,제주특별자치도,석사 이상,"전문 컨설팅 조직에서 출판물 레이아웃·교정·인쇄 감리를 담당할 편집디자이너를 모집합니다. 이 포지션은 현장의 요구를 실행 가능한 계획과 결과물로 연결하는 역할입니다.

담당 범위는 원고·사진·판형·인쇄 사양를 바탕으로 기준을 수립하고, 우선순위에 따라 과제를 실행하며 품질과 일정을 함께 관리하는 것입니다.

디자인 조직의 동료와 재무·영업·개발·운영 등 유관 부서, 필요한 경우 외부 파트너와 협업해 의사결정에 필요한 정보를 정리합니다.

이슈가 발생하면 사실과 데이터를 먼저 확인하고 원인을 구분한 뒤, 대안을 비교해 합의된 조치를 실행하고 재발 방지 내용을 문서화합니다.

입사 초기에는 기존 자료와 업무 흐름을 파악하고 InDesign·Illustrator·Photoshop 환경을 익힌 뒤, 담당 영역의 개선 과제와 표준화 작업을 단계적으로 주도합니다.

성과는 결과물의 정확성, 일정 준수, 이해관계자와의 명확한 소통, 사용자와 사업에 미치는 영향을 기준으로 평가합니다.","- 고객 또는 내부 사용자의 피드백을 반영한 결과물 품질 개선
- 출판물 레이아웃·교정·인쇄 감리 관련 연간·분기 실행계획 수립
- 원고·사진·판형·인쇄 사양 수집·정리 및 핵심 이슈 분석
- InDesign·Illustrator·Photoshop를 활용한 업무 산출물 작성과 버전 관리
- 요구사항을 세부 과제와 일정으로 구체화하고 진행 현황 관리
- 유관 부서 및 외부 파트너와 기준·일정·결과물 조율
- 검토 회의 운영과 의사결정 근거·변경 이력 문서화","- 출판물 레이아웃·교정·인쇄 감리 관련 지식 또는 프로젝트·실무 경험을 보유한 분
- 원고·사진·판형·인쇄 사양를 정확히 해석하고 업무 문서로 구조화할 수 있는 분
- InDesign·Illustrator·Photoshop 중 직무에 필요한 도구를 실무에 적용할 수 있는 분
- 유관 부서와 쟁점을 명확히 설명하고 일정에 맞춰 협업할 수 있는 분
- 문제 원인을 근거에 따라 분석하고 실행 가능한 대안을 제시할 수 있는 분","- 전자출판기능사 보유자
- GTQ 그래픽기술자격 1급 보유자
- Adobe Certified Professional 보유자
- 출판물 레이아웃·교정·인쇄 감리 관련 프로젝트를 기획부터 결과 검토까지 수행한 경험","- 제출한 경력·자격 증빙이 사실과 다른 경우
- 정해진 기한까지 필수 증빙서류를 제출하지 않은 경우
- 해외여행 및 근무에 결격사유가 있는 경우
- 채용 관련 비밀유지 의무를 위반한 경우",서류전형 > 필기전형 > 면접전형 > 최종합격
실내디자이너 담당자 모집,126,56,20260208,20260322,1,경력,정규직,인천광역시,전문학사 이상,"연구개발 중심 조직에서 실내공간 설계·도면·현장 감리를 담당할 실내디자이너를 모집합니다. 이 포지션은 현장의 요구를 실행 가능한 계획과 결과물로 연결하는 역할입니다.

담당 범위는 평면도·마감재·물량·시공 일정를 바탕으로 기준을 수립하고, 우선순위에 따라 과제를 실행하며 품질과 일정을 함께 관리하는 것입니다.

디자인 조직의 동료와 재무·영업·개발·운영 등 유관 부서, 필요한 경우 외부 파트너와 협업해 의사결정에 필요한 정보를 정리합니다.

이슈가 발생하면 사실과 데이터를 먼저 확인하고 원인을 구분한 뒤, 대안을 비교해 합의된 조치를 실행하고 재발 방지 내용을 문서화합니다.

입사 초기에는 기존 자료와 업무 흐름을 파악하고 AutoCAD·SketchUp·3ds Max 환경을 익힌 뒤, 담당 영역의 개선 과제와 표준화 작업을 단계적으로 주도합니다.

성과는 결과물의 정확성, 일정 준수, 이해관계자와의 명확한 소통, 사용자와 사업에 미치는 영향을 기준으로 평가합니다.","- 실내공간 설계·도면·현장 감리 관련 연간·분기 실행계획 수립
- 평면도·마감재·물량·시공 일정 수집·정리 및 핵심 이슈 분석
- AutoCAD·SketchUp·3ds Max를 활용한 업무 산출물 작성과 버전 관리
- 요구사항을 세부 과제와 일정으로 구체화하고 진행 현황 관리
- 유관 부서 및 외부 파트너와 기준·일정·결과물 조율
- 검토 회의 운영과 의사결정 근거·변경 이력 문서화
- 성과지표 설정 및 결과 데이터 분석을 통한 개선안 제안","- 실내공간 설계·도면·현장 감리 관련 지식 또는 프로젝트·실무 경험을 보유한 분
- 평면도·마감재·물량·시공 일정를 정확히 해석하고 업무 문서로 구조화할 수 있는 분
- AutoCAD·SketchUp·3ds Max 중 직무에 필요한 도구를 실무에 적용할 수 있는 분
- 유관 부서와 쟁점을 명확히 설명하고 일정에 맞춰 협업할 수 있는 분
- 문제 원인을 근거에 따라 분석하고 실행 가능한 대안을 제시할 수 있는 분","- 실내건축기사 보유자
- 전산응용건축제도기능사 보유자
- CAD실무능력평가 1급 보유자
- 실내공간 설계·도면·현장 감리 관련 프로젝트를 기획부터 결과 검토까지 수행한 경험","- 지원 자격 또는 필수 면허 요건을 충족하지 못한 경우
- 전형 과정에서 타인의 결과물을 무단 사용한 경우
- 채용검진 결과 담당 업무 수행이 곤란한 경우
- 관계 법령상 취업이 제한되는 경우",서류전형 > 인성검사 > 실무면접 > 최종면접
실내디자이너 실무자 채용,29,56,20260413,20260528,4,신입·경력,계약직,대전광역시,학사 이상,"플랫폼 운영 조직에서 실내공간 설계·도면·현장 감리를 담당할 실내디자이너를 모집합니다. 이 포지션은 현장의 요구를 실행 가능한 계획과 결과물로 연결하는 역할입니다.

담당 범위는 평면도·마감재·물량·시공 일정를 바탕으로 기준을 수립하고, 우선순위에 따라 과제를 실행하며 품질과 일정을 함께 관리하는 것입니다.

디자인 조직의 동료와 재무·영업·개발·운영 등 유관 부서, 필요한 경우 외부 파트너와 협업해 의사결정에 필요한 정보를 정리합니다.

이슈가 발생하면 사실과 데이터를 먼저 확인하고 원인을 구분한 뒤, 대안을 비교해 합의된 조치를 실행하고 재발 방지 내용을 문서화합니다.

입사 초기에는 기존 자료와 업무 흐름을 파악하고 AutoCAD·SketchUp·3ds Max 환경을 익힌 뒤, 담당 영역의 개선 과제와 표준화 작업을 단계적으로 주도합니다.

성과는 결과물의 정확성, 일정 준수, 이해관계자와의 명확한 소통, 사용자와 사업에 미치는 영향을 기준으로 평가합니다.","- 평면도·마감재·물량·시공 일정 수집·정리 및 핵심 이슈 분석
- AutoCAD·SketchUp·3ds Max를 활용한 업무 산출물 작성과 버전 관리
- 요구사항을 세부 과제와 일정으로 구체화하고 진행 현황 관리
- 유관 부서 및 외부 파트너와 기준·일정·결과물 조율
- 검토 회의 운영과 의사결정 근거·변경 이력 문서화
- 성과지표 설정 및 결과 데이터 분석을 통한 개선안 제안
- 업무상 리스크 사전 점검과 문제 발생 시 원인 분석·후속 조치
- 재사용 가능한 체크리스트·가이드·템플릿 정비","- 실내공간 설계·도면·현장 감리 관련 지식 또는 프로젝트·실무 경험을 보유한 분
- 평면도·마감재·물량·시공 일정를 정확히 해석하고 업무 문서로 구조화할 수 있는 분
- AutoCAD·SketchUp·3ds Max 중 직무에 필요한 도구를 실무에 적용할 수 있는 분
- 유관 부서와 쟁점을 명확히 설명하고 일정에 맞춰 협업할 수 있는 분
- 문제 원인을 근거에 따라 분석하고 실행 가능한 대안을 제시할 수 있는 분
- 업무상 취급하는 개인정보와 기밀정보를 안전하게 관리할 수 있는 분","- 전산응용건축제도기능사 보유자
- CAD실무능력평가 1급 보유자
- 실내건축기사 보유자
- 실내공간 설계·도면·현장 감리 관련 프로젝트를 기획부터 결과 검토까지 수행한 경험
- AutoCAD·SketchUp·3ds Max를 활용해 반복 업무를 개선하거나 품질 기준을 정립한 경험","- 지원서 또는 제출서류를 허위로 기재한 경우
- 채용 과정에서 부정한 방법을 사용한 경우
- 채용검진 결과 직무 수행이 어렵다고 판단되는 경우
- 관련 법령 또는 내부 인사규정상 채용이 불가능한 경우",서류전형 > 직무과제 > 실무면접 > 처우협의
실내디자이너 전문인력 모집,136,56,20260618,20260630,7,경력 2년 이상,정규직,부산광역시,학사 이상,"브랜드 사업 조직에서 실내공간 설계·도면·현장 감리를 담당할 실내디자이너를 모집합니다. 이 포지션은 현장의 요구를 실행 가능한 계획과 결과물로 연결하는 역할입니다.

담당 범위는 평면도·마감재·물량·시공 일정를 바탕으로 기준을 수립하고, 우선순위에 따라 과제를 실행하며 품질과 일정을 함께 관리하는 것입니다.

디자인 조직의 동료와 재무·영업·개발·운영 등 유관 부서, 필요한 경우 외부 파트너와 협업해 의사결정에 필요한 정보를 정리합니다.

이슈가 발생하면 사실과 데이터를 먼저 확인하고 원인을 구분한 뒤, 대안을 비교해 합의된 조치를 실행하고 재발 방지 내용을 문서화합니다.

입사 초기에는 기존 자료와 업무 흐름을 파악하고 AutoCAD·SketchUp·3ds Max 환경을 익힌 뒤, 담당 영역의 개선 과제와 표준화 작업을 단계적으로 주도합니다.

성과는 결과물의 정확성, 일정 준수, 이해관계자와의 명확한 소통, 사용자와 사업에 미치는 영향을 기준으로 평가합니다.","- AutoCAD·SketchUp·3ds Max를 활용한 업무 산출물 작성과 버전 관리
- 요구사항을 세부 과제와 일정으로 구체화하고 진행 현황 관리
- 유관 부서 및 외부 파트너와 기준·일정·결과물 조율
- 검토 회의 운영과 의사결정 근거·변경 이력 문서화
- 성과지표 설정 및 결과 데이터 분석을 통한 개선안 제안
- 업무상 리스크 사전 점검과 문제 발생 시 원인 분석·후속 조치
- 재사용 가능한 체크리스트·가이드·템플릿 정비
- 고객 또는 내부 사용자의 피드백을 반영한 결과물 품질 개선
- 실내공간 설계·도면·현장 감리 관련 연간·분기 실행계획 수립","- 실내공간 설계·도면·현장 감리 관련 지식 또는 프로젝트·실무 경험을 보유한 분
- 평면도·마감재·물량·시공 일정를 정확히 해석하고 업무 문서로 구조화할 수 있는 분
- AutoCAD·SketchUp·3ds Max 중 직무에 필요한 도구를 실무에 적용할 수 있는 분
- 유관 부서와 쟁점을 명확히 설명하고 일정에 맞춰 협업할 수 있는 분
- 문제 원인을 근거에 따라 분석하고 실행 가능한 대안을 제시할 수 있는 분
- 업무상 취급하는 개인정보와 기밀정보를 안전하게 관리할 수 있는 분
- 실내디자이너 또는 유사 분야의 2년 이상 실무 경험을 보유한 분","- CAD실무능력평가 1급 보유자
- 실내건축기사 보유자
- 전산응용건축제도기능사 보유자
- 실내공간 설계·도면·현장 감리 관련 프로젝트를 기획부터 결과 검토까지 수행한 경험
- AutoCAD·SketchUp·3ds Max를 활용해 반복 업무를 개선하거나 품질 기준을 정립한 경험
- 외부 파트너 또는 다양한 이해관계자와 복잡한 요구사항을 조율한 경험","- 제출한 경력·자격 증빙이 사실과 다른 경우
- 정해진 기한까지 필수 증빙서류를 제출하지 않은 경우
- 해외여행 및 근무에 결격사유가 있는 경우
- 채용 관련 비밀유지 의무를 위반한 경우",서류전형 > 1차면접 > 2차면접 > 채용검진
실내디자이너 인재 채용,99,56,20260823,20260907,10,경력 3년 이상,무기계약직,광주광역시,석사 이상,"지역 기반 전문기관에서 실내공간 설계·도면·현장 감리를 담당할 실내디자이너를 모집합니다. 이 포지션은 현장의 요구를 실행 가능한 계획과 결과물로 연결하는 역할입니다.

담당 범위는 평면도·마감재·물량·시공 일정를 바탕으로 기준을 수립하고, 우선순위에 따라 과제를 실행하며 품질과 일정을 함께 관리하는 것입니다.

디자인 조직의 동료와 재무·영업·개발·운영 등 유관 부서, 필요한 경우 외부 파트너와 협업해 의사결정에 필요한 정보를 정리합니다.

이슈가 발생하면 사실과 데이터를 먼저 확인하고 원인을 구분한 뒤, 대안을 비교해 합의된 조치를 실행하고 재발 방지 내용을 문서화합니다.

입사 초기에는 기존 자료와 업무 흐름을 파악하고 AutoCAD·SketchUp·3ds Max 환경을 익힌 뒤, 담당 영역의 개선 과제와 표준화 작업을 단계적으로 주도합니다.

성과는 결과물의 정확성, 일정 준수, 이해관계자와의 명확한 소통, 사용자와 사업에 미치는 영향을 기준으로 평가합니다.","- 요구사항을 세부 과제와 일정으로 구체화하고 진행 현황 관리
- 유관 부서 및 외부 파트너와 기준·일정·결과물 조율
- 검토 회의 운영과 의사결정 근거·변경 이력 문서화
- 성과지표 설정 및 결과 데이터 분석을 통한 개선안 제안
- 업무상 리스크 사전 점검과 문제 발생 시 원인 분석·후속 조치
- 재사용 가능한 체크리스트·가이드·템플릿 정비
- 고객 또는 내부 사용자의 피드백을 반영한 결과물 품질 개선","- 실내공간 설계·도면·현장 감리 관련 지식 또는 프로젝트·실무 경험을 보유한 분
- 평면도·마감재·물량·시공 일정를 정확히 해석하고 업무 문서로 구조화할 수 있는 분
- AutoCAD·SketchUp·3ds Max 중 직무에 필요한 도구를 실무에 적용할 수 있는 분
- 유관 부서와 쟁점을 명확히 설명하고 일정에 맞춰 협업할 수 있는 분
- 문제 원인을 근거에 따라 분석하고 실행 가능한 대안을 제시할 수 있는 분","- 실내건축기사 보유자
- 전산응용건축제도기능사 보유자
- CAD실무능력평가 1급 보유자
- 실내공간 설계·도면·현장 감리 관련 프로젝트를 기획부터 결과 검토까지 수행한 경험","- 지원 자격 또는 필수 면허 요건을 충족하지 못한 경우
- 전형 과정에서 타인의 결과물을 무단 사용한 경우
- 채용검진 결과 담당 업무 수행이 곤란한 경우
- 관계 법령상 취업이 제한되는 경우",서류전형 > 필기전형 > 면접전형 > 최종합격
실내디자이너 공개채용,57,56,20261005,20261023,13,신입,정규직,세종특별자치시,학력무관,"디지털 서비스 조직에서 실내공간 설계·도면·현장 감리를 담당할 실내디자이너를 모집합니다. 이 포지션은 현장의 요구를 실행 가능한 계획과 결과물로 연결하는 역할입니다.

담당 범위는 평면도·마감재·물량·시공 일정를 바탕으로 기준을 수립하고, 우선순위에 따라 과제를 실행하며 품질과 일정을 함께 관리하는 것입니다.

디자인 조직의 동료와 재무·영업·개발·운영 등 유관 부서, 필요한 경우 외부 파트너와 협업해 의사결정에 필요한 정보를 정리합니다.

이슈가 발생하면 사실과 데이터를 먼저 확인하고 원인을 구분한 뒤, 대안을 비교해 합의된 조치를 실행하고 재발 방지 내용을 문서화합니다.

입사 초기에는 기존 자료와 업무 흐름을 파악하고 AutoCAD·SketchUp·3ds Max 환경을 익힌 뒤, 담당 영역의 개선 과제와 표준화 작업을 단계적으로 주도합니다.

성과는 결과물의 정확성, 일정 준수, 이해관계자와의 명확한 소통, 사용자와 사업에 미치는 영향을 기준으로 평가합니다.","- 유관 부서 및 외부 파트너와 기준·일정·결과물 조율
- 검토 회의 운영과 의사결정 근거·변경 이력 문서화
- 성과지표 설정 및 결과 데이터 분석을 통한 개선안 제안
- 업무상 리스크 사전 점검과 문제 발생 시 원인 분석·후속 조치
- 재사용 가능한 체크리스트·가이드·템플릿 정비
- 고객 또는 내부 사용자의 피드백을 반영한 결과물 품질 개선
- 실내공간 설계·도면·현장 감리 관련 연간·분기 실행계획 수립
- 평면도·마감재·물량·시공 일정 수집·정리 및 핵심 이슈 분석","- 실내공간 설계·도면·현장 감리 관련 지식 또는 프로젝트·실무 경험을 보유한 분
- 평면도·마감재·물량·시공 일정를 정확히 해석하고 업무 문서로 구조화할 수 있는 분
- AutoCAD·SketchUp·3ds Max 중 직무에 필요한 도구를 실무에 적용할 수 있는 분
- 유관 부서와 쟁점을 명확히 설명하고 일정에 맞춰 협업할 수 있는 분
- 문제 원인을 근거에 따라 분석하고 실행 가능한 대안을 제시할 수 있는 분
- 업무상 취급하는 개인정보와 기밀정보를 안전하게 관리할 수 있는 분","- 전산응용건축제도기능사 보유자
- CAD실무능력평가 1급 보유자
- 실내건축기사 보유자
- 실내공간 설계·도면·현장 감리 관련 프로젝트를 기획부터 결과 검토까지 수행한 경험
- AutoCAD·SketchUp·3ds Max를 활용해 반복 업무를 개선하거나 품질 기준을 정립한 경험","- 지원서 또는 제출서류를 허위로 기재한 경우
- 채용 과정에서 부정한 방법을 사용한 경우
- 채용검진 결과 직무 수행이 어렵다고 판단되는 경우
- 관련 법령 또는 내부 인사규정상 채용이 불가능한 경우",서류전형 > 실무면접 > 최종면접
실내디자이너 프로젝트 담당 모집,129,56,20260110,20260131,16,경력 2년 이상,계약직,충청남도,전문학사 이상,"성장 단계 스타트업에서 실내공간 설계·도면·현장 감리를 담당할 실내디자이너를 모집합니다. 이 포지션은 현장의 요구를 실행 가능한 계획과 결과물로 연결하는 역할입니다.

담당 범위는 평면도·마감재·물량·시공 일정를 바탕으로 기준을 수립하고, 우선순위에 따라 과제를 실행하며 품질과 일정을 함께 관리하는 것입니다.

디자인 조직의 동료와 재무·영업·개발·운영 등 유관 부서, 필요한 경우 외부 파트너와 협업해 의사결정에 필요한 정보를 정리합니다.

이슈가 발생하면 사실과 데이터를 먼저 확인하고 원인을 구분한 뒤, 대안을 비교해 합의된 조치를 실행하고 재발 방지 내용을 문서화합니다.

입사 초기에는 기존 자료와 업무 흐름을 파악하고 AutoCAD·SketchUp·3ds Max 환경을 익힌 뒤, 담당 영역의 개선 과제와 표준화 작업을 단계적으로 주도합니다.

성과는 결과물의 정확성, 일정 준수, 이해관계자와의 명확한 소통, 사용자와 사업에 미치는 영향을 기준으로 평가합니다.","- 검토 회의 운영과 의사결정 근거·변경 이력 문서화
- 성과지표 설정 및 결과 데이터 분석을 통한 개선안 제안
- 업무상 리스크 사전 점검과 문제 발생 시 원인 분석·후속 조치
- 재사용 가능한 체크리스트·가이드·템플릿 정비
- 고객 또는 내부 사용자의 피드백을 반영한 결과물 품질 개선
- 실내공간 설계·도면·현장 감리 관련 연간·분기 실행계획 수립
- 평면도·마감재·물량·시공 일정 수집·정리 및 핵심 이슈 분석
- AutoCAD·SketchUp·3ds Max를 활용한 업무 산출물 작성과 버전 관리
- 요구사항을 세부 과제와 일정으로 구체화하고 진행 현황 관리","- 실내공간 설계·도면·현장 감리 관련 지식 또는 프로젝트·실무 경험을 보유한 분
- 평면도·마감재·물량·시공 일정를 정확히 해석하고 업무 문서로 구조화할 수 있는 분
- AutoCAD·SketchUp·3ds Max 중 직무에 필요한 도구를 실무에 적용할 수 있는 분
- 유관 부서와 쟁점을 명확히 설명하고 일정에 맞춰 협업할 수 있는 분
- 문제 원인을 근거에 따라 분석하고 실행 가능한 대안을 제시할 수 있는 분
- 업무상 취급하는 개인정보와 기밀정보를 안전하게 관리할 수 있는 분
- 실내디자이너 또는 유사 분야의 2년 이상 실무 경험을 보유한 분","- CAD실무능력평가 1급 보유자
- 실내건축기사 보유자
- 전산응용건축제도기능사 보유자
- 실내공간 설계·도면·현장 감리 관련 프로젝트를 기획부터 결과 검토까지 수행한 경험
- AutoCAD·SketchUp·3ds Max를 활용해 반복 업무를 개선하거나 품질 기준을 정립한 경험
- 외부 파트너 또는 다양한 이해관계자와 복잡한 요구사항을 조율한 경험","- 제출한 경력·자격 증빙이 사실과 다른 경우
- 정해진 기한까지 필수 증빙서류를 제출하지 않은 경우
- 해외여행 및 근무에 결격사유가 있는 경우
- 채용 관련 비밀유지 의무를 위반한 경우",서류전형 > 인성검사 > 실무면접 > 최종면접
실내디자이너 운영 담당자 채용,60,56,20260315,20260408,19,신입·경력,정규직,경상남도,학사 이상,"중견기업 전략 조직에서 실내공간 설계·도면·현장 감리를 담당할 실내디자이너를 모집합니다. 이 포지션은 현장의 요구를 실행 가능한 계획과 결과물로 연결하는 역할입니다.

담당 범위는 평면도·마감재·물량·시공 일정를 바탕으로 기준을 수립하고, 우선순위에 따라 과제를 실행하며 품질과 일정을 함께 관리하는 것입니다.

디자인 조직의 동료와 재무·영업·개발·운영 등 유관 부서, 필요한 경우 외부 파트너와 협업해 의사결정에 필요한 정보를 정리합니다.

이슈가 발생하면 사실과 데이터를 먼저 확인하고 원인을 구분한 뒤, 대안을 비교해 합의된 조치를 실행하고 재발 방지 내용을 문서화합니다.

입사 초기에는 기존 자료와 업무 흐름을 파악하고 AutoCAD·SketchUp·3ds Max 환경을 익힌 뒤, 담당 영역의 개선 과제와 표준화 작업을 단계적으로 주도합니다.

성과는 결과물의 정확성, 일정 준수, 이해관계자와의 명확한 소통, 사용자와 사업에 미치는 영향을 기준으로 평가합니다.","- 성과지표 설정 및 결과 데이터 분석을 통한 개선안 제안
- 업무상 리스크 사전 점검과 문제 발생 시 원인 분석·후속 조치
- 재사용 가능한 체크리스트·가이드·템플릿 정비
- 고객 또는 내부 사용자의 피드백을 반영한 결과물 품질 개선
- 실내공간 설계·도면·현장 감리 관련 연간·분기 실행계획 수립
- 평면도·마감재·물량·시공 일정 수집·정리 및 핵심 이슈 분석
- AutoCAD·SketchUp·3ds Max를 활용한 업무 산출물 작성과 버전 관리","- 실내공간 설계·도면·현장 감리 관련 지식 또는 프로젝트·실무 경험을 보유한 분
- 평면도·마감재·물량·시공 일정를 정확히 해석하고 업무 문서로 구조화할 수 있는 분
- AutoCAD·SketchUp·3ds Max 중 직무에 필요한 도구를 실무에 적용할 수 있는 분
- 유관 부서와 쟁점을 명확히 설명하고 일정에 맞춰 협업할 수 있는 분
- 문제 원인을 근거에 따라 분석하고 실행 가능한 대안을 제시할 수 있는 분","- 실내건축기사 보유자
- 전산응용건축제도기능사 보유자
- CAD실무능력평가 1급 보유자
- 실내공간 설계·도면·현장 감리 관련 프로젝트를 기획부터 결과 검토까지 수행한 경험","- 지원 자격 또는 필수 면허 요건을 충족하지 못한 경우
- 전형 과정에서 타인의 결과물을 무단 사용한 경우
- 채용검진 결과 담당 업무 수행이 곤란한 경우
- 관계 법령상 취업이 제한되는 경우",서류전형 > 직무과제 > 실무면접 > 처우협의
실내디자이너 핵심인재 모집,51,56,20260520,20260616,2,경력 3년 이상,무기계약직,제주특별자치도,학사 이상,"공공서비스 운영기관에서 실내공간 설계·도면·현장 감리를 담당할 실내디자이너를 모집합니다. 이 포지션은 현장의 요구를 실행 가능한 계획과 결과물로 연결하는 역할입니다.

담당 범위는 평면도·마감재·물량·시공 일정를 바탕으로 기준을 수립하고, 우선순위에 따라 과제를 실행하며 품질과 일정을 함께 관리하는 것입니다.

디자인 조직의 동료와 재무·영업·개발·운영 등 유관 부서, 필요한 경우 외부 파트너와 협업해 의사결정에 필요한 정보를 정리합니다.

이슈가 발생하면 사실과 데이터를 먼저 확인하고 원인을 구분한 뒤, 대안을 비교해 합의된 조치를 실행하고 재발 방지 내용을 문서화합니다.

입사 초기에는 기존 자료와 업무 흐름을 파악하고 AutoCAD·SketchUp·3ds Max 환경을 익힌 뒤, 담당 영역의 개선 과제와 표준화 작업을 단계적으로 주도합니다.

성과는 결과물의 정확성, 일정 준수, 이해관계자와의 명확한 소통, 사용자와 사업에 미치는 영향을 기준으로 평가합니다.","- 업무상 리스크 사전 점검과 문제 발생 시 원인 분석·후속 조치
- 재사용 가능한 체크리스트·가이드·템플릿 정비
- 고객 또는 내부 사용자의 피드백을 반영한 결과물 품질 개선
- 실내공간 설계·도면·현장 감리 관련 연간·분기 실행계획 수립
- 평면도·마감재·물량·시공 일정 수집·정리 및 핵심 이슈 분석
- AutoCAD·SketchUp·3ds Max를 활용한 업무 산출물 작성과 버전 관리
- 요구사항을 세부 과제와 일정으로 구체화하고 진행 현황 관리
- 유관 부서 및 외부 파트너와 기준·일정·결과물 조율","- 실내공간 설계·도면·현장 감리 관련 지식 또는 프로젝트·실무 경험을 보유한 분
- 평면도·마감재·물량·시공 일정를 정확히 해석하고 업무 문서로 구조화할 수 있는 분
- AutoCAD·SketchUp·3ds Max 중 직무에 필요한 도구를 실무에 적용할 수 있는 분
- 유관 부서와 쟁점을 명확히 설명하고 일정에 맞춰 협업할 수 있는 분
- 문제 원인을 근거에 따라 분석하고 실행 가능한 대안을 제시할 수 있는 분
- 업무상 취급하는 개인정보와 기밀정보를 안전하게 관리할 수 있는 분","- 전산응용건축제도기능사 보유자
- CAD실무능력평가 1급 보유자
- 실내건축기사 보유자
- 실내공간 설계·도면·현장 감리 관련 프로젝트를 기획부터 결과 검토까지 수행한 경험
- AutoCAD·SketchUp·3ds Max를 활용해 반복 업무를 개선하거나 품질 기준을 정립한 경험","- 지원서 또는 제출서류를 허위로 기재한 경우
- 채용 과정에서 부정한 방법을 사용한 경우
- 채용검진 결과 직무 수행이 어렵다고 판단되는 경우
- 관련 법령 또는 내부 인사규정상 채용이 불가능한 경우",서류전형 > 1차면접 > 2차면접 > 채용검진
실내디자이너 전문가 채용,77,56,20260702,20260801,5,경력 무관,정규직,서울특별시,석사 이상,"전문 컨설팅 조직에서 실내공간 설계·도면·현장 감리를 담당할 실내디자이너를 모집합니다. 이 포지션은 현장의 요구를 실행 가능한 계획과 결과물로 연결하는 역할입니다.

담당 범위는 평면도·마감재·물량·시공 일정를 바탕으로 기준을 수립하고, 우선순위에 따라 과제를 실행하며 품질과 일정을 함께 관리하는 것입니다.

디자인 조직의 동료와 재무·영업·개발·운영 등 유관 부서, 필요한 경우 외부 파트너와 협업해 의사결정에 필요한 정보를 정리합니다.

이슈가 발생하면 사실과 데이터를 먼저 확인하고 원인을 구분한 뒤, 대안을 비교해 합의된 조치를 실행하고 재발 방지 내용을 문서화합니다.

입사 초기에는 기존 자료와 업무 흐름을 파악하고 AutoCAD·SketchUp·3ds Max 환경을 익힌 뒤, 담당 영역의 개선 과제와 표준화 작업을 단계적으로 주도합니다.

성과는 결과물의 정확성, 일정 준수, 이해관계자와의 명확한 소통, 사용자와 사업에 미치는 영향을 기준으로 평가합니다.","- 재사용 가능한 체크리스트·가이드·템플릿 정비
- 고객 또는 내부 사용자의 피드백을 반영한 결과물 품질 개선
- 실내공간 설계·도면·현장 감리 관련 연간·분기 실행계획 수립
- 평면도·마감재·물량·시공 일정 수집·정리 및 핵심 이슈 분석
- AutoCAD·SketchUp·3ds Max를 활용한 업무 산출물 작성과 버전 관리
- 요구사항을 세부 과제와 일정으로 구체화하고 진행 현황 관리
- 유관 부서 및 외부 파트너와 기준·일정·결과물 조율
- 검토 회의 운영과 의사결정 근거·변경 이력 문서화
- 성과지표 설정 및 결과 데이터 분석을 통한 개선안 제안","- 실내공간 설계·도면·현장 감리 관련 지식 또는 프로젝트·실무 경험을 보유한 분
- 평면도·마감재·물량·시공 일정를 정확히 해석하고 업무 문서로 구조화할 수 있는 분
- AutoCAD·SketchUp·3ds Max 중 직무에 필요한 도구를 실무에 적용할 수 있는 분
- 유관 부서와 쟁점을 명확히 설명하고 일정에 맞춰 협업할 수 있는 분
- 문제 원인을 근거에 따라 분석하고 실행 가능한 대안을 제시할 수 있는 분
- 업무상 취급하는 개인정보와 기밀정보를 안전하게 관리할 수 있는 분
- 새로운 업무 기준과 도구를 빠르게 학습할 수 있는 분","- CAD실무능력평가 1급 보유자
- 실내건축기사 보유자
- 전산응용건축제도기능사 보유자
- 실내공간 설계·도면·현장 감리 관련 프로젝트를 기획부터 결과 검토까지 수행한 경험
- AutoCAD·SketchUp·3ds Max를 활용해 반복 업무를 개선하거나 품질 기준을 정립한 경험
- 외부 파트너 또는 다양한 이해관계자와 복잡한 요구사항을 조율한 경험","- 제출한 경력·자격 증빙이 사실과 다른 경우
- 정해진 기한까지 필수 증빙서류를 제출하지 않은 경우
- 해외여행 및 근무에 결격사유가 있는 경우
- 채용 관련 비밀유지 의무를 위반한 경우",서류전형 > 필기전형 > 면접전형 > 최종합격
실내디자이너 신규 인력 모집,98,56,20260907,20261010,8,경력 5년 이상,기간제,경기도,학력무관,"글로벌 사업 조직에서 실내공간 설계·도면·현장 감리를 담당할 실내디자이너를 모집합니다. 이 포지션은 현장의 요구를 실행 가능한 계획과 결과물로 연결하는 역할입니다.

담당 범위는 평면도·마감재·물량·시공 일정를 바탕으로 기준을 수립하고, 우선순위에 따라 과제를 실행하며 품질과 일정을 함께 관리하는 것입니다.

디자인 조직의 동료와 재무·영업·개발·운영 등 유관 부서, 필요한 경우 외부 파트너와 협업해 의사결정에 필요한 정보를 정리합니다.

이슈가 발생하면 사실과 데이터를 먼저 확인하고 원인을 구분한 뒤, 대안을 비교해 합의된 조치를 실행하고 재발 방지 내용을 문서화합니다.

입사 초기에는 기존 자료와 업무 흐름을 파악하고 AutoCAD·SketchUp·3ds Max 환경을 익힌 뒤, 담당 영역의 개선 과제와 표준화 작업을 단계적으로 주도합니다.

성과는 결과물의 정확성, 일정 준수, 이해관계자와의 명확한 소통, 사용자와 사업에 미치는 영향을 기준으로 평가합니다.","- 고객 또는 내부 사용자의 피드백을 반영한 결과물 품질 개선
- 실내공간 설계·도면·현장 감리 관련 연간·분기 실행계획 수립
- 평면도·마감재·물량·시공 일정 수집·정리 및 핵심 이슈 분석
- AutoCAD·SketchUp·3ds Max를 활용한 업무 산출물 작성과 버전 관리
- 요구사항을 세부 과제와 일정으로 구체화하고 진행 현황 관리
- 유관 부서 및 외부 파트너와 기준·일정·결과물 조율
- 검토 회의 운영과 의사결정 근거·변경 이력 문서화","- 실내공간 설계·도면·현장 감리 관련 지식 또는 프로젝트·실무 경험을 보유한 분
- 평면도·마감재·물량·시공 일정를 정확히 해석하고 업무 문서로 구조화할 수 있는 분
- AutoCAD·SketchUp·3ds Max 중 직무에 필요한 도구를 실무에 적용할 수 있는 분
- 유관 부서와 쟁점을 명확히 설명하고 일정에 맞춰 협업할 수 있는 분
- 문제 원인을 근거에 따라 분석하고 실행 가능한 대안을 제시할 수 있는 분","- 실내건축기사 보유자
- 전산응용건축제도기능사 보유자
- CAD실무능력평가 1급 보유자
- 실내공간 설계·도면·현장 감리 관련 프로젝트를 기획부터 결과 검토까지 수행한 경험","- 지원 자격 또는 필수 면허 요건을 충족하지 못한 경우
- 전형 과정에서 타인의 결과물을 무단 사용한 경우
- 채용검진 결과 담당 업무 수행이 곤란한 경우
- 관계 법령상 취업이 제한되는 경우",서류전형 > 실무면접 > 최종면접
공간디자이너 담당자 모집,26,57,20260311,20260324,6,신입·경력,계약직,부산광역시,학사 이상,"플랫폼 운영 조직에서 상업·전시공간 콘셉트·동선 설계를 담당할 공간디자이너를 모집합니다. 이 포지션은 현장의 요구를 실행 가능한 계획과 결과물로 연결하는 역할입니다.

담당 범위는 현장 실측·도면·집기·마감재를 바탕으로 기준을 수립하고, 우선순위에 따라 과제를 실행하며 품질과 일정을 함께 관리하는 것입니다.

디자인 조직의 동료와 재무·영업·개발·운영 등 유관 부서, 필요한 경우 외부 파트너와 협업해 의사결정에 필요한 정보를 정리합니다.

이슈가 발생하면 사실과 데이터를 먼저 확인하고 원인을 구분한 뒤, 대안을 비교해 합의된 조치를 실행하고 재발 방지 내용을 문서화합니다.

입사 초기에는 기존 자료와 업무 흐름을 파악하고 AutoCAD·SketchUp·V-Ray 환경을 익힌 뒤, 담당 영역의 개선 과제와 표준화 작업을 단계적으로 주도합니다.

성과는 결과물의 정확성, 일정 준수, 이해관계자와의 명확한 소통, 사용자와 사업에 미치는 영향을 기준으로 평가합니다.","- 상업·전시공간 콘셉트·동선 설계 관련 연간·분기 실행계획 수립
- 현장 실측·도면·집기·마감재 수집·정리 및 핵심 이슈 분석
- AutoCAD·SketchUp·V-Ray를 활용한 업무 산출물 작성과 버전 관리
- 요구사항을 세부 과제와 일정으로 구체화하고 진행 현황 관리
- 유관 부서 및 외부 파트너와 기준·일정·결과물 조율
- 검토 회의 운영과 의사결정 근거·변경 이력 문서화
- 성과지표 설정 및 결과 데이터 분석을 통한 개선안 제안","- 상업·전시공간 콘셉트·동선 설계 관련 지식 또는 프로젝트·실무 경험을 보유한 분
- 현장 실측·도면·집기·마감재를 정확히 해석하고 업무 문서로 구조화할 수 있는 분
- AutoCAD·SketchUp·V-Ray 중 직무에 필요한 도구를 실무에 적용할 수 있는 분
- 유관 부서와 쟁점을 명확히 설명하고 일정에 맞춰 협업할 수 있는 분
- 문제 원인을 근거에 따라 분석하고 실행 가능한 대안을 제시할 수 있는 분","- 실내건축기사 보유자
- 전산응용건축제도기능사 보유자
- 컬러리스트기사 보유자
- 상업·전시공간 콘셉트·동선 설계 관련 프로젝트를 기획부터 결과 검토까지 수행한 경험","- 지원서 또는 제출서류를 허위로 기재한 경우
- 채용 과정에서 부정한 방법을 사용한 경우
- 채용검진 결과 직무 수행이 어렵다고 판단되는 경우
- 관련 법령 또는 내부 인사규정상 채용이 불가능한 경우",서류전형 > 직무과제 > 실무면접 > 처우협의
공간디자이너 실무자 채용,4,57,20260516,20260601,9,경력 2년 이상,정규직,광주광역시,학사 이상,"브랜드 사업 조직에서 상업·전시공간 콘셉트·동선 설계를 담당할 공간디자이너를 모집합니다. 이 포지션은 현장의 요구를 실행 가능한 계획과 결과물로 연결하는 역할입니다.

담당 범위는 현장 실측·도면·집기·마감재를 바탕으로 기준을 수립하고, 우선순위에 따라 과제를 실행하며 품질과 일정을 함께 관리하는 것입니다.

디자인 조직의 동료와 재무·영업·개발·운영 등 유관 부서, 필요한 경우 외부 파트너와 협업해 의사결정에 필요한 정보를 정리합니다.

이슈가 발생하면 사실과 데이터를 먼저 확인하고 원인을 구분한 뒤, 대안을 비교해 합의된 조치를 실행하고 재발 방지 내용을 문서화합니다.

입사 초기에는 기존 자료와 업무 흐름을 파악하고 AutoCAD·SketchUp·V-Ray 환경을 익힌 뒤, 담당 영역의 개선 과제와 표준화 작업을 단계적으로 주도합니다.

성과는 결과물의 정확성, 일정 준수, 이해관계자와의 명확한 소통, 사용자와 사업에 미치는 영향을 기준으로 평가합니다.","- 현장 실측·도면·집기·마감재 수집·정리 및 핵심 이슈 분석
- AutoCAD·SketchUp·V-Ray를 활용한 업무 산출물 작성과 버전 관리
- 요구사항을 세부 과제와 일정으로 구체화하고 진행 현황 관리
- 유관 부서 및 외부 파트너와 기준·일정·결과물 조율
- 검토 회의 운영과 의사결정 근거·변경 이력 문서화
- 성과지표 설정 및 결과 데이터 분석을 통한 개선안 제안
- 업무상 리스크 사전 점검과 문제 발생 시 원인 분석·후속 조치
- 재사용 가능한 체크리스트·가이드·템플릿 정비","- 상업·전시공간 콘셉트·동선 설계 관련 지식 또는 프로젝트·실무 경험을 보유한 분
- 현장 실측·도면·집기·마감재를 정확히 해석하고 업무 문서로 구조화할 수 있는 분
- AutoCAD·SketchUp·V-Ray 중 직무에 필요한 도구를 실무에 적용할 수 있는 분
- 유관 부서와 쟁점을 명확히 설명하고 일정에 맞춰 협업할 수 있는 분
- 문제 원인을 근거에 따라 분석하고 실행 가능한 대안을 제시할 수 있는 분
- 업무상 취급하는 개인정보와 기밀정보를 안전하게 관리할 수 있는 분","- 전산응용건축제도기능사 보유자
- 컬러리스트기사 보유자
- 실내건축기사 보유자
- 상업·전시공간 콘셉트·동선 설계 관련 프로젝트를 기획부터 결과 검토까지 수행한 경험
- AutoCAD·SketchUp·V-Ray를 활용해 반복 업무를 개선하거나 품질 기준을 정립한 경험","- 제출한 경력·자격 증빙이 사실과 다른 경우
- 정해진 기한까지 필수 증빙서류를 제출하지 않은 경우
- 해외여행 및 근무에 결격사유가 있는 경우
- 채용 관련 비밀유지 의무를 위반한 경우",서류전형 > 1차면접 > 2차면접 > 채용검진
공간디자이너 전문인력 모집,143,57,20260721,20260809,12,경력 3년 이상,무기계약직,세종특별자치시,석사 이상,"지역 기반 전문기관에서 상업·전시공간 콘셉트·동선 설계를 담당할 공간디자이너를 모집합니다. 이 포지션은 현장의 요구를 실행 가능한 계획과 결과물로 연결하는 역할입니다.

담당 범위는 현장 실측·도면·집기·마감재를 바탕으로 기준을 수립하고, 우선순위에 따라 과제를 실행하며 품질과 일정을 함께 관리하는 것입니다.

디자인 조직의 동료와 재무·영업·개발·운영 등 유관 부서, 필요한 경우 외부 파트너와 협업해 의사결정에 필요한 정보를 정리합니다.

이슈가 발생하면 사실과 데이터를 먼저 확인하고 원인을 구분한 뒤, 대안을 비교해 합의된 조치를 실행하고 재발 방지 내용을 문서화합니다.

입사 초기에는 기존 자료와 업무 흐름을 파악하고 AutoCAD·SketchUp·V-Ray 환경을 익힌 뒤, 담당 영역의 개선 과제와 표준화 작업을 단계적으로 주도합니다.

성과는 결과물의 정확성, 일정 준수, 이해관계자와의 명확한 소통, 사용자와 사업에 미치는 영향을 기준으로 평가합니다.","- AutoCAD·SketchUp·V-Ray를 활용한 업무 산출물 작성과 버전 관리
- 요구사항을 세부 과제와 일정으로 구체화하고 진행 현황 관리
- 유관 부서 및 외부 파트너와 기준·일정·결과물 조율
- 검토 회의 운영과 의사결정 근거·변경 이력 문서화
- 성과지표 설정 및 결과 데이터 분석을 통한 개선안 제안
- 업무상 리스크 사전 점검과 문제 발생 시 원인 분석·후속 조치
- 재사용 가능한 체크리스트·가이드·템플릿 정비
- 고객 또는 내부 사용자의 피드백을 반영한 결과물 품질 개선
- 상업·전시공간 콘셉트·동선 설계 관련 연간·분기 실행계획 수립","- 상업·전시공간 콘셉트·동선 설계 관련 지식 또는 프로젝트·실무 경험을 보유한 분
- 현장 실측·도면·집기·마감재를 정확히 해석하고 업무 문서로 구조화할 수 있는 분
- AutoCAD·SketchUp·V-Ray 중 직무에 필요한 도구를 실무에 적용할 수 있는 분
- 유관 부서와 쟁점을 명확히 설명하고 일정에 맞춰 협업할 수 있는 분
- 문제 원인을 근거에 따라 분석하고 실행 가능한 대안을 제시할 수 있는 분
- 업무상 취급하는 개인정보와 기밀정보를 안전하게 관리할 수 있는 분
- 공간디자이너 또는 유사 분야의 3년 이상 실무 경험을 보유한 분","- 컬러리스트기사 보유자
- 실내건축기사 보유자
- 전산응용건축제도기능사 보유자
- 상업·전시공간 콘셉트·동선 설계 관련 프로젝트를 기획부터 결과 검토까지 수행한 경험
- AutoCAD·SketchUp·V-Ray를 활용해 반복 업무를 개선하거나 품질 기준을 정립한 경험
- 외부 파트너 또는 다양한 이해관계자와 복잡한 요구사항을 조율한 경험","- 지원 자격 또는 필수 면허 요건을 충족하지 못한 경우
- 전형 과정에서 타인의 결과물을 무단 사용한 경우
- 채용검진 결과 담당 업무 수행이 곤란한 경우
- 관계 법령상 취업이 제한되는 경우",서류전형 > 필기전형 > 면접전형 > 최종합격
공간디자이너 인재 채용,128,57,20260903,20260925,15,신입,정규직,충청남도,학력무관,"디지털 서비스 조직에서 상업·전시공간 콘셉트·동선 설계를 담당할 공간디자이너를 모집합니다. 이 포지션은 현장의 요구를 실행 가능한 계획과 결과물로 연결하는 역할입니다.

담당 범위는 현장 실측·도면·집기·마감재를 바탕으로 기준을 수립하고, 우선순위에 따라 과제를 실행하며 품질과 일정을 함께 관리하는 것입니다.

디자인 조직의 동료와 재무·영업·개발·운영 등 유관 부서, 필요한 경우 외부 파트너와 협업해 의사결정에 필요한 정보를 정리합니다.

이슈가 발생하면 사실과 데이터를 먼저 확인하고 원인을 구분한 뒤, 대안을 비교해 합의된 조치를 실행하고 재발 방지 내용을 문서화합니다.

입사 초기에는 기존 자료와 업무 흐름을 파악하고 AutoCAD·SketchUp·V-Ray 환경을 익힌 뒤, 담당 영역의 개선 과제와 표준화 작업을 단계적으로 주도합니다.

성과는 결과물의 정확성, 일정 준수, 이해관계자와의 명확한 소통, 사용자와 사업에 미치는 영향을 기준으로 평가합니다.","- 요구사항을 세부 과제와 일정으로 구체화하고 진행 현황 관리
- 유관 부서 및 외부 파트너와 기준·일정·결과물 조율
- 검토 회의 운영과 의사결정 근거·변경 이력 문서화
- 성과지표 설정 및 결과 데이터 분석을 통한 개선안 제안
- 업무상 리스크 사전 점검과 문제 발생 시 원인 분석·후속 조치
- 재사용 가능한 체크리스트·가이드·템플릿 정비
- 고객 또는 내부 사용자의 피드백을 반영한 결과물 품질 개선","- 상업·전시공간 콘셉트·동선 설계 관련 지식 또는 프로젝트·실무 경험을 보유한 분
- 현장 실측·도면·집기·마감재를 정확히 해석하고 업무 문서로 구조화할 수 있는 분
- AutoCAD·SketchUp·V-Ray 중 직무에 필요한 도구를 실무에 적용할 수 있는 분
- 유관 부서와 쟁점을 명확히 설명하고 일정에 맞춰 협업할 수 있는 분
- 문제 원인을 근거에 따라 분석하고 실행 가능한 대안을 제시할 수 있는 분","- 실내건축기사 보유자
- 전산응용건축제도기능사 보유자
- 컬러리스트기사 보유자
- 상업·전시공간 콘셉트·동선 설계 관련 프로젝트를 기획부터 결과 검토까지 수행한 경험","- 지원서 또는 제출서류를 허위로 기재한 경우
- 채용 과정에서 부정한 방법을 사용한 경우
- 채용검진 결과 직무 수행이 어렵다고 판단되는 경우
- 관련 법령 또는 내부 인사규정상 채용이 불가능한 경우",서류전형 > 실무면접 > 최종면접
공간디자이너 공개채용,16,57,20261108,20261203,18,경력 2년 이상,계약직,경상남도,전문학사 이상,"성장 단계 스타트업에서 상업·전시공간 콘셉트·동선 설계를 담당할 공간디자이너를 모집합니다. 이 포지션은 현장의 요구를 실행 가능한 계획과 결과물로 연결하는 역할입니다.

담당 범위는 현장 실측·도면·집기·마감재를 바탕으로 기준을 수립하고, 우선순위에 따라 과제를 실행하며 품질과 일정을 함께 관리하는 것입니다.

디자인 조직의 동료와 재무·영업·개발·운영 등 유관 부서, 필요한 경우 외부 파트너와 협업해 의사결정에 필요한 정보를 정리합니다.

이슈가 발생하면 사실과 데이터를 먼저 확인하고 원인을 구분한 뒤, 대안을 비교해 합의된 조치를 실행하고 재발 방지 내용을 문서화합니다.

입사 초기에는 기존 자료와 업무 흐름을 파악하고 AutoCAD·SketchUp·V-Ray 환경을 익힌 뒤, 담당 영역의 개선 과제와 표준화 작업을 단계적으로 주도합니다.

성과는 결과물의 정확성, 일정 준수, 이해관계자와의 명확한 소통, 사용자와 사업에 미치는 영향을 기준으로 평가합니다.","- 유관 부서 및 외부 파트너와 기준·일정·결과물 조율
- 검토 회의 운영과 의사결정 근거·변경 이력 문서화
- 성과지표 설정 및 결과 데이터 분석을 통한 개선안 제안
- 업무상 리스크 사전 점검과 문제 발생 시 원인 분석·후속 조치
- 재사용 가능한 체크리스트·가이드·템플릿 정비
- 고객 또는 내부 사용자의 피드백을 반영한 결과물 품질 개선
- 상업·전시공간 콘셉트·동선 설계 관련 연간·분기 실행계획 수립
- 현장 실측·도면·집기·마감재 수집·정리 및 핵심 이슈 분석","- 상업·전시공간 콘셉트·동선 설계 관련 지식 또는 프로젝트·실무 경험을 보유한 분
- 현장 실측·도면·집기·마감재를 정확히 해석하고 업무 문서로 구조화할 수 있는 분
- AutoCAD·SketchUp·V-Ray 중 직무에 필요한 도구를 실무에 적용할 수 있는 분
- 유관 부서와 쟁점을 명확히 설명하고 일정에 맞춰 협업할 수 있는 분
- 문제 원인을 근거에 따라 분석하고 실행 가능한 대안을 제시할 수 있는 분
- 업무상 취급하는 개인정보와 기밀정보를 안전하게 관리할 수 있는 분","- 전산응용건축제도기능사 보유자
- 컬러리스트기사 보유자
- 실내건축기사 보유자
- 상업·전시공간 콘셉트·동선 설계 관련 프로젝트를 기획부터 결과 검토까지 수행한 경험
- AutoCAD·SketchUp·V-Ray를 활용해 반복 업무를 개선하거나 품질 기준을 정립한 경험","- 제출한 경력·자격 증빙이 사실과 다른 경우
- 정해진 기한까지 필수 증빙서류를 제출하지 않은 경우
- 해외여행 및 근무에 결격사유가 있는 경우
- 채용 관련 비밀유지 의무를 위반한 경우",서류전형 > 인성검사 > 실무면접 > 최종면접
공간디자이너 프로젝트 담당 모집,65,57,20260213,20260313,1,신입·경력,정규직,제주특별자치도,학사 이상,"중견기업 전략 조직에서 상업·전시공간 콘셉트·동선 설계를 담당할 공간디자이너를 모집합니다. 이 포지션은 현장의 요구를 실행 가능한 계획과 결과물로 연결하는 역할입니다.

담당 범위는 현장 실측·도면·집기·마감재를 바탕으로 기준을 수립하고, 우선순위에 따라 과제를 실행하며 품질과 일정을 함께 관리하는 것입니다.

디자인 조직의 동료와 재무·영업·개발·운영 등 유관 부서, 필요한 경우 외부 파트너와 협업해 의사결정에 필요한 정보를 정리합니다.

이슈가 발생하면 사실과 데이터를 먼저 확인하고 원인을 구분한 뒤, 대안을 비교해 합의된 조치를 실행하고 재발 방지 내용을 문서화합니다.

입사 초기에는 기존 자료와 업무 흐름을 파악하고 AutoCAD·SketchUp·V-Ray 환경을 익힌 뒤, 담당 영역의 개선 과제와 표준화 작업을 단계적으로 주도합니다.

성과는 결과물의 정확성, 일정 준수, 이해관계자와의 명확한 소통, 사용자와 사업에 미치는 영향을 기준으로 평가합니다.","- 검토 회의 운영과 의사결정 근거·변경 이력 문서화
- 성과지표 설정 및 결과 데이터 분석을 통한 개선안 제안
- 업무상 리스크 사전 점검과 문제 발생 시 원인 분석·후속 조치
- 재사용 가능한 체크리스트·가이드·템플릿 정비
- 고객 또는 내부 사용자의 피드백을 반영한 결과물 품질 개선
- 상업·전시공간 콘셉트·동선 설계 관련 연간·분기 실행계획 수립
- 현장 실측·도면·집기·마감재 수집·정리 및 핵심 이슈 분석
- AutoCAD·SketchUp·V-Ray를 활용한 업무 산출물 작성과 버전 관리
- 요구사항을 세부 과제와 일정으로 구체화하고 진행 현황 관리","- 상업·전시공간 콘셉트·동선 설계 관련 지식 또는 프로젝트·실무 경험을 보유한 분
- 현장 실측·도면·집기·마감재를 정확히 해석하고 업무 문서로 구조화할 수 있는 분
- AutoCAD·SketchUp·V-Ray 중 직무에 필요한 도구를 실무에 적용할 수 있는 분
- 유관 부서와 쟁점을 명확히 설명하고 일정에 맞춰 협업할 수 있는 분
- 문제 원인을 근거에 따라 분석하고 실행 가능한 대안을 제시할 수 있는 분
- 업무상 취급하는 개인정보와 기밀정보를 안전하게 관리할 수 있는 분
- 공간디자이너 또는 유사 분야의 신입·경력 실무 경험을 보유한 분","- 컬러리스트기사 보유자
- 실내건축기사 보유자
- 전산응용건축제도기능사 보유자
- 상업·전시공간 콘셉트·동선 설계 관련 프로젝트를 기획부터 결과 검토까지 수행한 경험
- AutoCAD·SketchUp·V-Ray를 활용해 반복 업무를 개선하거나 품질 기준을 정립한 경험
- 외부 파트너 또는 다양한 이해관계자와 복잡한 요구사항을 조율한 경험","- 지원 자격 또는 필수 면허 요건을 충족하지 못한 경우
- 전형 과정에서 타인의 결과물을 무단 사용한 경우
- 채용검진 결과 담당 업무 수행이 곤란한 경우
- 관계 법령상 취업이 제한되는 경우",서류전형 > 직무과제 > 실무면접 > 처우협의
공간디자이너 운영 담당자 채용,23,57,20260418,20260519,4,경력 3년 이상,무기계약직,서울특별시,학사 이상,"공공서비스 운영기관에서 상업·전시공간 콘셉트·동선 설계를 담당할 공간디자이너를 모집합니다. 이 포지션은 현장의 요구를 실행 가능한 계획과 결과물로 연결하는 역할입니다.

담당 범위는 현장 실측·도면·집기·마감재를 바탕으로 기준을 수립하고, 우선순위에 따라 과제를 실행하며 품질과 일정을 함께 관리하는 것입니다.

디자인 조직의 동료와 재무·영업·개발·운영 등 유관 부서, 필요한 경우 외부 파트너와 협업해 의사결정에 필요한 정보를 정리합니다.

이슈가 발생하면 사실과 데이터를 먼저 확인하고 원인을 구분한 뒤, 대안을 비교해 합의된 조치를 실행하고 재발 방지 내용을 문서화합니다.

입사 초기에는 기존 자료와 업무 흐름을 파악하고 AutoCAD·SketchUp·V-Ray 환경을 익힌 뒤, 담당 영역의 개선 과제와 표준화 작업을 단계적으로 주도합니다.

성과는 결과물의 정확성, 일정 준수, 이해관계자와의 명확한 소통, 사용자와 사업에 미치는 영향을 기준으로 평가합니다.","- 성과지표 설정 및 결과 데이터 분석을 통한 개선안 제안
- 업무상 리스크 사전 점검과 문제 발생 시 원인 분석·후속 조치
- 재사용 가능한 체크리스트·가이드·템플릿 정비
- 고객 또는 내부 사용자의 피드백을 반영한 결과물 품질 개선
- 상업·전시공간 콘셉트·동선 설계 관련 연간·분기 실행계획 수립
- 현장 실측·도면·집기·마감재 수집·정리 및 핵심 이슈 분석
- AutoCAD·SketchUp·V-Ray를 활용한 업무 산출물 작성과 버전 관리","- 상업·전시공간 콘셉트·동선 설계 관련 지식 또는 프로젝트·실무 경험을 보유한 분
- 현장 실측·도면·집기·마감재를 정확히 해석하고 업무 문서로 구조화할 수 있는 분
- AutoCAD·SketchUp·V-Ray 중 직무에 필요한 도구를 실무에 적용할 수 있는 분
- 유관 부서와 쟁점을 명확히 설명하고 일정에 맞춰 협업할 수 있는 분
- 문제 원인을 근거에 따라 분석하고 실행 가능한 대안을 제시할 수 있는 분","- 실내건축기사 보유자
- 전산응용건축제도기능사 보유자
- 컬러리스트기사 보유자
- 상업·전시공간 콘셉트·동선 설계 관련 프로젝트를 기획부터 결과 검토까지 수행한 경험","- 지원서 또는 제출서류를 허위로 기재한 경우
- 채용 과정에서 부정한 방법을 사용한 경우
- 채용검진 결과 직무 수행이 어렵다고 판단되는 경우
- 관련 법령 또는 내부 인사규정상 채용이 불가능한 경우",서류전형 > 1차면접 > 2차면접 > 채용검진
공간디자이너 핵심인재 모집,159,57,20260623,20260727,7,경력 무관,정규직,경기도,석사 이상,"전문 컨설팅 조직에서 상업·전시공간 콘셉트·동선 설계를 담당할 공간디자이너를 모집합니다. 이 포지션은 현장의 요구를 실행 가능한 계획과 결과물로 연결하는 역할입니다.

담당 범위는 현장 실측·도면·집기·마감재를 바탕으로 기준을 수립하고, 우선순위에 따라 과제를 실행하며 품질과 일정을 함께 관리하는 것입니다.

디자인 조직의 동료와 재무·영업·개발·운영 등 유관 부서, 필요한 경우 외부 파트너와 협업해 의사결정에 필요한 정보를 정리합니다.

이슈가 발생하면 사실과 데이터를 먼저 확인하고 원인을 구분한 뒤, 대안을 비교해 합의된 조치를 실행하고 재발 방지 내용을 문서화합니다.

입사 초기에는 기존 자료와 업무 흐름을 파악하고 AutoCAD·SketchUp·V-Ray 환경을 익힌 뒤, 담당 영역의 개선 과제와 표준화 작업을 단계적으로 주도합니다.

성과는 결과물의 정확성, 일정 준수, 이해관계자와의 명확한 소통, 사용자와 사업에 미치는 영향을 기준으로 평가합니다.","- 업무상 리스크 사전 점검과 문제 발생 시 원인 분석·후속 조치
- 재사용 가능한 체크리스트·가이드·템플릿 정비
- 고객 또는 내부 사용자의 피드백을 반영한 결과물 품질 개선
- 상업·전시공간 콘셉트·동선 설계 관련 연간·분기 실행계획 수립
- 현장 실측·도면·집기·마감재 수집·정리 및 핵심 이슈 분석
- AutoCAD·SketchUp·V-Ray를 활용한 업무 산출물 작성과 버전 관리
- 요구사항을 세부 과제와 일정으로 구체화하고 진행 현황 관리
- 유관 부서 및 외부 파트너와 기준·일정·결과물 조율","- 상업·전시공간 콘셉트·동선 설계 관련 지식 또는 프로젝트·실무 경험을 보유한 분
- 현장 실측·도면·집기·마감재를 정확히 해석하고 업무 문서로 구조화할 수 있는 분
- AutoCAD·SketchUp·V-Ray 중 직무에 필요한 도구를 실무에 적용할 수 있는 분
- 유관 부서와 쟁점을 명확히 설명하고 일정에 맞춰 협업할 수 있는 분
- 문제 원인을 근거에 따라 분석하고 실행 가능한 대안을 제시할 수 있는 분
- 업무상 취급하는 개인정보와 기밀정보를 안전하게 관리할 수 있는 분","- 전산응용건축제도기능사 보유자
- 컬러리스트기사 보유자
- 실내건축기사 보유자
- 상업·전시공간 콘셉트·동선 설계 관련 프로젝트를 기획부터 결과 검토까지 수행한 경험
- AutoCAD·SketchUp·V-Ray를 활용해 반복 업무를 개선하거나 품질 기준을 정립한 경험","- 제출한 경력·자격 증빙이 사실과 다른 경우
- 정해진 기한까지 필수 증빙서류를 제출하지 않은 경우
- 해외여행 및 근무에 결격사유가 있는 경우
- 채용 관련 비밀유지 의무를 위반한 경우",서류전형 > 필기전형 > 면접전형 > 최종합격
공간디자이너 전문가 채용,69,57,20260805,20260911,10,경력 5년 이상,기간제,인천광역시,학력무관,"글로벌 사업 조직에서 상업·전시공간 콘셉트·동선 설계를 담당할 공간디자이너를 모집합니다. 이 포지션은 현장의 요구를 실행 가능한 계획과 결과물로 연결하는 역할입니다.

담당 범위는 현장 실측·도면·집기·마감재를 바탕으로 기준을 수립하고, 우선순위에 따라 과제를 실행하며 품질과 일정을 함께 관리하는 것입니다.

디자인 조직의 동료와 재무·영업·개발·운영 등 유관 부서, 필요한 경우 외부 파트너와 협업해 의사결정에 필요한 정보를 정리합니다.

이슈가 발생하면 사실과 데이터를 먼저 확인하고 원인을 구분한 뒤, 대안을 비교해 합의된 조치를 실행하고 재발 방지 내용을 문서화합니다.

입사 초기에는 기존 자료와 업무 흐름을 파악하고 AutoCAD·SketchUp·V-Ray 환경을 익힌 뒤, 담당 영역의 개선 과제와 표준화 작업을 단계적으로 주도합니다.

성과는 결과물의 정확성, 일정 준수, 이해관계자와의 명확한 소통, 사용자와 사업에 미치는 영향을 기준으로 평가합니다.","- 재사용 가능한 체크리스트·가이드·템플릿 정비
- 고객 또는 내부 사용자의 피드백을 반영한 결과물 품질 개선
- 상업·전시공간 콘셉트·동선 설계 관련 연간·분기 실행계획 수립
- 현장 실측·도면·집기·마감재 수집·정리 및 핵심 이슈 분석
- AutoCAD·SketchUp·V-Ray를 활용한 업무 산출물 작성과 버전 관리
- 요구사항을 세부 과제와 일정으로 구체화하고 진행 현황 관리
- 유관 부서 및 외부 파트너와 기준·일정·결과물 조율
- 검토 회의 운영과 의사결정 근거·변경 이력 문서화
- 성과지표 설정 및 결과 데이터 분석을 통한 개선안 제안","- 상업·전시공간 콘셉트·동선 설계 관련 지식 또는 프로젝트·실무 경험을 보유한 분
- 현장 실측·도면·집기·마감재를 정확히 해석하고 업무 문서로 구조화할 수 있는 분
- AutoCAD·SketchUp·V-Ray 중 직무에 필요한 도구를 실무에 적용할 수 있는 분
- 유관 부서와 쟁점을 명확히 설명하고 일정에 맞춰 협업할 수 있는 분
- 문제 원인을 근거에 따라 분석하고 실행 가능한 대안을 제시할 수 있는 분
- 업무상 취급하는 개인정보와 기밀정보를 안전하게 관리할 수 있는 분
- 공간디자이너 또는 유사 분야의 5년 이상 실무 경험을 보유한 분","- 컬러리스트기사 보유자
- 실내건축기사 보유자
- 전산응용건축제도기능사 보유자
- 상업·전시공간 콘셉트·동선 설계 관련 프로젝트를 기획부터 결과 검토까지 수행한 경험
- AutoCAD·SketchUp·V-Ray를 활용해 반복 업무를 개선하거나 품질 기준을 정립한 경험
- 외부 파트너 또는 다양한 이해관계자와 복잡한 요구사항을 조율한 경험","- 지원 자격 또는 필수 면허 요건을 충족하지 못한 경우
- 전형 과정에서 타인의 결과물을 무단 사용한 경우
- 채용검진 결과 담당 업무 수행이 곤란한 경우
- 관계 법령상 취업이 제한되는 경우",서류전형 > 실무면접 > 최종면접
공간디자이너 신규 인력 모집,41,57,20261010,20261119,13,경력,정규직,대전광역시,전문학사 이상,"연구개발 중심 조직에서 상업·전시공간 콘셉트·동선 설계를 담당할 공간디자이너를 모집합니다. 이 포지션은 현장의 요구를 실행 가능한 계획과 결과물로 연결하는 역할입니다.

담당 범위는 현장 실측·도면·집기·마감재를 바탕으로 기준을 수립하고, 우선순위에 따라 과제를 실행하며 품질과 일정을 함께 관리하는 것입니다.

디자인 조직의 동료와 재무·영업·개발·운영 등 유관 부서, 필요한 경우 외부 파트너와 협업해 의사결정에 필요한 정보를 정리합니다.

이슈가 발생하면 사실과 데이터를 먼저 확인하고 원인을 구분한 뒤, 대안을 비교해 합의된 조치를 실행하고 재발 방지 내용을 문서화합니다.

입사 초기에는 기존 자료와 업무 흐름을 파악하고 AutoCAD·SketchUp·V-Ray 환경을 익힌 뒤, 담당 영역의 개선 과제와 표준화 작업을 단계적으로 주도합니다.

성과는 결과물의 정확성, 일정 준수, 이해관계자와의 명확한 소통, 사용자와 사업에 미치는 영향을 기준으로 평가합니다.","- 고객 또는 내부 사용자의 피드백을 반영한 결과물 품질 개선
- 상업·전시공간 콘셉트·동선 설계 관련 연간·분기 실행계획 수립
- 현장 실측·도면·집기·마감재 수집·정리 및 핵심 이슈 분석
- AutoCAD·SketchUp·V-Ray를 활용한 업무 산출물 작성과 버전 관리
- 요구사항을 세부 과제와 일정으로 구체화하고 진행 현황 관리
- 유관 부서 및 외부 파트너와 기준·일정·결과물 조율
- 검토 회의 운영과 의사결정 근거·변경 이력 문서화","- 상업·전시공간 콘셉트·동선 설계 관련 지식 또는 프로젝트·실무 경험을 보유한 분
- 현장 실측·도면·집기·마감재를 정확히 해석하고 업무 문서로 구조화할 수 있는 분
- AutoCAD·SketchUp·V-Ray 중 직무에 필요한 도구를 실무에 적용할 수 있는 분
- 유관 부서와 쟁점을 명확히 설명하고 일정에 맞춰 협업할 수 있는 분
- 문제 원인을 근거에 따라 분석하고 실행 가능한 대안을 제시할 수 있는 분","- 실내건축기사 보유자
- 전산응용건축제도기능사 보유자
- 컬러리스트기사 보유자
- 상업·전시공간 콘셉트·동선 설계 관련 프로젝트를 기획부터 결과 검토까지 수행한 경험","- 지원서 또는 제출서류를 허위로 기재한 경우
- 채용 과정에서 부정한 방법을 사용한 경우
- 채용검진 결과 직무 수행이 어렵다고 판단되는 경우
- 관련 법령 또는 내부 인사규정상 채용이 불가능한 경우",서류전형 > 인성검사 > 실무면접 > 최종면접
캐릭터디자이너 담당자 모집,37,58,20260414,20260504,11,경력 2년 이상,정규직,세종특별자치시,학사 이상,"브랜드 사업 조직에서 캐릭터 콘셉트·턴어라운드·굿즈 응용을 담당할 캐릭터디자이너를 모집합니다. 이 포지션은 현장의 요구를 실행 가능한 계획과 결과물로 연결하는 역할입니다.

담당 범위는 세계관·스케치·표정·응용 규정를 바탕으로 기준을 수립하고, 우선순위에 따라 과제를 실행하며 품질과 일정을 함께 관리하는 것입니다.

디자인 조직의 동료와 재무·영업·개발·운영 등 유관 부서, 필요한 경우 외부 파트너와 협업해 의사결정에 필요한 정보를 정리합니다.

이슈가 발생하면 사실과 데이터를 먼저 확인하고 원인을 구분한 뒤, 대안을 비교해 합의된 조치를 실행하고 재발 방지 내용을 문서화합니다.

입사 초기에는 기존 자료와 업무 흐름을 파악하고 Photoshop·Illustrator·Clip Studio 환경을 익힌 뒤, 담당 영역의 개선 과제와 표준화 작업을 단계적으로 주도합니다.

성과는 결과물의 정확성, 일정 준수, 이해관계자와의 명확한 소통, 사용자와 사업에 미치는 영향을 기준으로 평가합니다.","- 캐릭터 콘셉트·턴어라운드·굿즈 응용 관련 연간·분기 실행계획 수립
- 세계관·스케치·표정·응용 규정 수집·정리 및 핵심 이슈 분석
- Photoshop·Illustrator·Clip Studio를 활용한 업무 산출물 작성과 버전 관리
- 요구사항을 세부 과제와 일정으로 구체화하고 진행 현황 관리
- 유관 부서 및 외부 파트너와 기준·일정·결과물 조율
- 검토 회의 운영과 의사결정 근거·변경 이력 문서화
- 성과지표 설정 및 결과 데이터 분석을 통한 개선안 제안","- 캐릭터 콘셉트·턴어라운드·굿즈 응용 관련 지식 또는 프로젝트·실무 경험을 보유한 분
- 세계관·스케치·표정·응용 규정를 정확히 해석하고 업무 문서로 구조화할 수 있는 분
- Photoshop·Illustrator·Clip Studio 중 직무에 필요한 도구를 실무에 적용할 수 있는 분
- 유관 부서와 쟁점을 명확히 설명하고 일정에 맞춰 협업할 수 있는 분
- 문제 원인을 근거에 따라 분석하고 실행 가능한 대안을 제시할 수 있는 분","- GTQ 그래픽기술자격 1급 보유자
- Adobe Certified Professional 보유자
- 멀티미디어콘텐츠제작전문가 보유자
- 캐릭터 콘셉트·턴어라운드·굿즈 응용 관련 프로젝트를 기획부터 결과 검토까지 수행한 경험","- 제출한 경력·자격 증빙이 사실과 다른 경우
- 정해진 기한까지 필수 증빙서류를 제출하지 않은 경우
- 해외여행 및 근무에 결격사유가 있는 경우
- 채용 관련 비밀유지 의무를 위반한 경우",서류전형 > 1차면접 > 2차면접 > 채용검진
캐릭터디자이너 실무자 채용,93,58,20260619,20260712,14,경력 3년 이상,무기계약직,충청남도,석사 이상,"지역 기반 전문기관에서 캐릭터 콘셉트·턴어라운드·굿즈 응용을 담당할 캐릭터디자이너를 모집합니다. 이 포지션은 현장의 요구를 실행 가능한 계획과 결과물로 연결하는 역할입니다.

담당 범위는 세계관·스케치·표정·응용 규정를 바탕으로 기준을 수립하고, 우선순위에 따라 과제를 실행하며 품질과 일정을 함께 관리하는 것입니다.

디자인 조직의 동료와 재무·영업·개발·운영 등 유관 부서, 필요한 경우 외부 파트너와 협업해 의사결정에 필요한 정보를 정리합니다.

이슈가 발생하면 사실과 데이터를 먼저 확인하고 원인을 구분한 뒤, 대안을 비교해 합의된 조치를 실행하고 재발 방지 내용을 문서화합니다.

입사 초기에는 기존 자료와 업무 흐름을 파악하고 Photoshop·Illustrator·Clip Studio 환경을 익힌 뒤, 담당 영역의 개선 과제와 표준화 작업을 단계적으로 주도합니다.

성과는 결과물의 정확성, 일정 준수, 이해관계자와의 명확한 소통, 사용자와 사업에 미치는 영향을 기준으로 평가합니다.","- 세계관·스케치·표정·응용 규정 수집·정리 및 핵심 이슈 분석
- Photoshop·Illustrator·Clip Studio를 활용한 업무 산출물 작성과 버전 관리
- 요구사항을 세부 과제와 일정으로 구체화하고 진행 현황 관리
- 유관 부서 및 외부 파트너와 기준·일정·결과물 조율
- 검토 회의 운영과 의사결정 근거·변경 이력 문서화
- 성과지표 설정 및 결과 데이터 분석을 통한 개선안 제안
- 업무상 리스크 사전 점검과 문제 발생 시 원인 분석·후속 조치
- 재사용 가능한 체크리스트·가이드·템플릿 정비","- 캐릭터 콘셉트·턴어라운드·굿즈 응용 관련 지식 또는 프로젝트·실무 경험을 보유한 분
- 세계관·스케치·표정·응용 규정를 정확히 해석하고 업무 문서로 구조화할 수 있는 분
- Photoshop·Illustrator·Clip Studio 중 직무에 필요한 도구를 실무에 적용할 수 있는 분
- 유관 부서와 쟁점을 명확히 설명하고 일정에 맞춰 협업할 수 있는 분
- 문제 원인을 근거에 따라 분석하고 실행 가능한 대안을 제시할 수 있는 분
- 업무상 취급하는 개인정보와 기밀정보를 안전하게 관리할 수 있는 분","- Adobe Certified Professional 보유자
- 멀티미디어콘텐츠제작전문가 보유자
- GTQ 그래픽기술자격 1급 보유자
- 캐릭터 콘셉트·턴어라운드·굿즈 응용 관련 프로젝트를 기획부터 결과 검토까지 수행한 경험
- Photoshop·Illustrator·Clip Studio를 활용해 반복 업무를 개선하거나 품질 기준을 정립한 경험","- 지원 자격 또는 필수 면허 요건을 충족하지 못한 경우
- 전형 과정에서 타인의 결과물을 무단 사용한 경우
- 채용검진 결과 담당 업무 수행이 곤란한 경우
- 관계 법령상 취업이 제한되는 경우",서류전형 > 필기전형 > 면접전형 > 최종합격
캐릭터디자이너 전문인력 모집,154,58,20260801,20260827,17,신입,정규직,경상남도,학력무관,"디지털 서비스 조직에서 캐릭터 콘셉트·턴어라운드·굿즈 응용을 담당할 캐릭터디자이너를 모집합니다. 이 포지션은 현장의 요구를 실행 가능한 계획과 결과물로 연결하는 역할입니다.

담당 범위는 세계관·스케치·표정·응용 규정를 바탕으로 기준을 수립하고, 우선순위에 따라 과제를 실행하며 품질과 일정을 함께 관리하는 것입니다.

디자인 조직의 동료와 재무·영업·개발·운영 등 유관 부서, 필요한 경우 외부 파트너와 협업해 의사결정에 필요한 정보를 정리합니다.

이슈가 발생하면 사실과 데이터를 먼저 확인하고 원인을 구분한 뒤, 대안을 비교해 합의된 조치를 실행하고 재발 방지 내용을 문서화합니다.

입사 초기에는 기존 자료와 업무 흐름을 파악하고 Photoshop·Illustrator·Clip Studio 환경을 익힌 뒤, 담당 영역의 개선 과제와 표준화 작업을 단계적으로 주도합니다.

성과는 결과물의 정확성, 일정 준수, 이해관계자와의 명확한 소통, 사용자와 사업에 미치는 영향을 기준으로 평가합니다.","- Photoshop·Illustrator·Clip Studio를 활용한 업무 산출물 작성과 버전 관리
- 요구사항을 세부 과제와 일정으로 구체화하고 진행 현황 관리
- 유관 부서 및 외부 파트너와 기준·일정·결과물 조율
- 검토 회의 운영과 의사결정 근거·변경 이력 문서화
- 성과지표 설정 및 결과 데이터 분석을 통한 개선안 제안
- 업무상 리스크 사전 점검과 문제 발생 시 원인 분석·후속 조치
- 재사용 가능한 체크리스트·가이드·템플릿 정비
- 고객 또는 내부 사용자의 피드백을 반영한 결과물 품질 개선
- 캐릭터 콘셉트·턴어라운드·굿즈 응용 관련 연간·분기 실행계획 수립","- 캐릭터 콘셉트·턴어라운드·굿즈 응용 관련 지식 또는 프로젝트·실무 경험을 보유한 분
- 세계관·스케치·표정·응용 규정를 정확히 해석하고 업무 문서로 구조화할 수 있는 분
- Photoshop·Illustrator·Clip Studio 중 직무에 필요한 도구를 실무에 적용할 수 있는 분
- 유관 부서와 쟁점을 명확히 설명하고 일정에 맞춰 협업할 수 있는 분
- 문제 원인을 근거에 따라 분석하고 실행 가능한 대안을 제시할 수 있는 분
- 업무상 취급하는 개인정보와 기밀정보를 안전하게 관리할 수 있는 분
- 새로운 업무 기준과 도구를 빠르게 학습할 수 있는 분","- 멀티미디어콘텐츠제작전문가 보유자
- GTQ 그래픽기술자격 1급 보유자
- Adobe Certified Professional 보유자
- 캐릭터 콘셉트·턴어라운드·굿즈 응용 관련 프로젝트를 기획부터 결과 검토까지 수행한 경험
- Photoshop·Illustrator·Clip Studio를 활용해 반복 업무를 개선하거나 품질 기준을 정립한 경험
- 외부 파트너 또는 다양한 이해관계자와 복잡한 요구사항을 조율한 경험","- 지원서 또는 제출서류를 허위로 기재한 경우
- 채용 과정에서 부정한 방법을 사용한 경우
- 채용검진 결과 직무 수행이 어렵다고 판단되는 경우
- 관련 법령 또는 내부 인사규정상 채용이 불가능한 경우",서류전형 > 실무면접 > 최종면접
캐릭터디자이너 인재 채용,9,58,20261006,20261104,20,경력 2년 이상,계약직,제주특별자치도,전문학사 이상,"성장 단계 스타트업에서 캐릭터 콘셉트·턴어라운드·굿즈 응용을 담당할 캐릭터디자이너를 모집합니다. 이 포지션은 현장의 요구를 실행 가능한 계획과 결과물로 연결하는 역할입니다.

담당 범위는 세계관·스케치·표정·응용 규정를 바탕으로 기준을 수립하고, 우선순위에 따라 과제를 실행하며 품질과 일정을 함께 관리하는 것입니다.

디자인 조직의 동료와 재무·영업·개발·운영 등 유관 부서, 필요한 경우 외부 파트너와 협업해 의사결정에 필요한 정보를 정리합니다.

이슈가 발생하면 사실과 데이터를 먼저 확인하고 원인을 구분한 뒤, 대안을 비교해 합의된 조치를 실행하고 재발 방지 내용을 문서화합니다.

입사 초기에는 기존 자료와 업무 흐름을 파악하고 Photoshop·Illustrator·Clip Studio 환경을 익힌 뒤, 담당 영역의 개선 과제와 표준화 작업을 단계적으로 주도합니다.

성과는 결과물의 정확성, 일정 준수, 이해관계자와의 명확한 소통, 사용자와 사업에 미치는 영향을 기준으로 평가합니다.","- 요구사항을 세부 과제와 일정으로 구체화하고 진행 현황 관리
- 유관 부서 및 외부 파트너와 기준·일정·결과물 조율
- 검토 회의 운영과 의사결정 근거·변경 이력 문서화
- 성과지표 설정 및 결과 데이터 분석을 통한 개선안 제안
- 업무상 리스크 사전 점검과 문제 발생 시 원인 분석·후속 조치
- 재사용 가능한 체크리스트·가이드·템플릿 정비
- 고객 또는 내부 사용자의 피드백을 반영한 결과물 품질 개선","- 캐릭터 콘셉트·턴어라운드·굿즈 응용 관련 지식 또는 프로젝트·실무 경험을 보유한 분
- 세계관·스케치·표정·응용 규정를 정확히 해석하고 업무 문서로 구조화할 수 있는 분
- Photoshop·Illustrator·Clip Studio 중 직무에 필요한 도구를 실무에 적용할 수 있는 분
- 유관 부서와 쟁점을 명확히 설명하고 일정에 맞춰 협업할 수 있는 분
- 문제 원인을 근거에 따라 분석하고 실행 가능한 대안을 제시할 수 있는 분","- GTQ 그래픽기술자격 1급 보유자
- Adobe Certified Professional 보유자
- 멀티미디어콘텐츠제작전문가 보유자
- 캐릭터 콘셉트·턴어라운드·굿즈 응용 관련 프로젝트를 기획부터 결과 검토까지 수행한 경험","- 제출한 경력·자격 증빙이 사실과 다른 경우
- 정해진 기한까지 필수 증빙서류를 제출하지 않은 경우
- 해외여행 및 근무에 결격사유가 있는 경우
- 채용 관련 비밀유지 의무를 위반한 경우",서류전형 > 인성검사 > 실무면접 > 최종면접
캐릭터디자이너 공개채용,25,58,20260111,20260212,3,신입·경력,정규직,서울특별시,학사 이상,"중견기업 전략 조직에서 캐릭터 콘셉트·턴어라운드·굿즈 응용을 담당할 캐릭터디자이너를 모집합니다. 이 포지션은 현장의 요구를 실행 가능한 계획과 결과물로 연결하는 역할입니다.

담당 범위는 세계관·스케치·표정·응용 규정를 바탕으로 기준을 수립하고, 우선순위에 따라 과제를 실행하며 품질과 일정을 함께 관리하는 것입니다.

디자인 조직의 동료와 재무·영업·개발·운영 등 유관 부서, 필요한 경우 외부 파트너와 협업해 의사결정에 필요한 정보를 정리합니다.

이슈가 발생하면 사실과 데이터를 먼저 확인하고 원인을 구분한 뒤, 대안을 비교해 합의된 조치를 실행하고 재발 방지 내용을 문서화합니다.

입사 초기에는 기존 자료와 업무 흐름을 파악하고 Photoshop·Illustrator·Clip Studio 환경을 익힌 뒤, 담당 영역의 개선 과제와 표준화 작업을 단계적으로 주도합니다.

성과는 결과물의 정확성, 일정 준수, 이해관계자와의 명확한 소통, 사용자와 사업에 미치는 영향을 기준으로 평가합니다.","- 유관 부서 및 외부 파트너와 기준·일정·결과물 조율
- 검토 회의 운영과 의사결정 근거·변경 이력 문서화
- 성과지표 설정 및 결과 데이터 분석을 통한 개선안 제안
- 업무상 리스크 사전 점검과 문제 발생 시 원인 분석·후속 조치
- 재사용 가능한 체크리스트·가이드·템플릿 정비
- 고객 또는 내부 사용자의 피드백을 반영한 결과물 품질 개선
- 캐릭터 콘셉트·턴어라운드·굿즈 응용 관련 연간·분기 실행계획 수립
- 세계관·스케치·표정·응용 규정 수집·정리 및 핵심 이슈 분석","- 캐릭터 콘셉트·턴어라운드·굿즈 응용 관련 지식 또는 프로젝트·실무 경험을 보유한 분
- 세계관·스케치·표정·응용 규정를 정확히 해석하고 업무 문서로 구조화할 수 있는 분
- Photoshop·Illustrator·Clip Studio 중 직무에 필요한 도구를 실무에 적용할 수 있는 분
- 유관 부서와 쟁점을 명확히 설명하고 일정에 맞춰 협업할 수 있는 분
- 문제 원인을 근거에 따라 분석하고 실행 가능한 대안을 제시할 수 있는 분
- 업무상 취급하는 개인정보와 기밀정보를 안전하게 관리할 수 있는 분","- Adobe Certified Professional 보유자
- 멀티미디어콘텐츠제작전문가 보유자
- GTQ 그래픽기술자격 1급 보유자
- 캐릭터 콘셉트·턴어라운드·굿즈 응용 관련 프로젝트를 기획부터 결과 검토까지 수행한 경험
- Photoshop·Illustrator·Clip Studio를 활용해 반복 업무를 개선하거나 품질 기준을 정립한 경험","- 지원 자격 또는 필수 면허 요건을 충족하지 못한 경우
- 전형 과정에서 타인의 결과물을 무단 사용한 경우
- 채용검진 결과 담당 업무 수행이 곤란한 경우
- 관계 법령상 취업이 제한되는 경우",서류전형 > 직무과제 > 실무면접 > 처우협의
캐릭터디자이너 프로젝트 담당 모집,129,58,20260316,20260420,6,경력 3년 이상,무기계약직,경기도,학사 이상,"공공서비스 운영기관에서 캐릭터 콘셉트·턴어라운드·굿즈 응용을 담당할 캐릭터디자이너를 모집합니다. 이 포지션은 현장의 요구를 실행 가능한 계획과 결과물로 연결하는 역할입니다.

담당 범위는 세계관·스케치·표정·응용 규정를 바탕으로 기준을 수립하고, 우선순위에 따라 과제를 실행하며 품질과 일정을 함께 관리하는 것입니다.

디자인 조직의 동료와 재무·영업·개발·운영 등 유관 부서, 필요한 경우 외부 파트너와 협업해 의사결정에 필요한 정보를 정리합니다.

이슈가 발생하면 사실과 데이터를 먼저 확인하고 원인을 구분한 뒤, 대안을 비교해 합의된 조치를 실행하고 재발 방지 내용을 문서화합니다.

입사 초기에는 기존 자료와 업무 흐름을 파악하고 Photoshop·Illustrator·Clip Studio 환경을 익힌 뒤, 담당 영역의 개선 과제와 표준화 작업을 단계적으로 주도합니다.

성과는 결과물의 정확성, 일정 준수, 이해관계자와의 명확한 소통, 사용자와 사업에 미치는 영향을 기준으로 평가합니다.","- 검토 회의 운영과 의사결정 근거·변경 이력 문서화
- 성과지표 설정 및 결과 데이터 분석을 통한 개선안 제안
- 업무상 리스크 사전 점검과 문제 발생 시 원인 분석·후속 조치
- 재사용 가능한 체크리스트·가이드·템플릿 정비
- 고객 또는 내부 사용자의 피드백을 반영한 결과물 품질 개선
- 캐릭터 콘셉트·턴어라운드·굿즈 응용 관련 연간·분기 실행계획 수립
- 세계관·스케치·표정·응용 규정 수집·정리 및 핵심 이슈 분석
- Photoshop·Illustrator·Clip Studio를 활용한 업무 산출물 작성과 버전 관리
- 요구사항을 세부 과제와 일정으로 구체화하고 진행 현황 관리","- 캐릭터 콘셉트·턴어라운드·굿즈 응용 관련 지식 또는 프로젝트·실무 경험을 보유한 분
- 세계관·스케치·표정·응용 규정를 정확히 해석하고 업무 문서로 구조화할 수 있는 분
- Photoshop·Illustrator·Clip Studio 중 직무에 필요한 도구를 실무에 적용할 수 있는 분
- 유관 부서와 쟁점을 명확히 설명하고 일정에 맞춰 협업할 수 있는 분
- 문제 원인을 근거에 따라 분석하고 실행 가능한 대안을 제시할 수 있는 분
- 업무상 취급하는 개인정보와 기밀정보를 안전하게 관리할 수 있는 분
- 캐릭터디자이너 또는 유사 분야의 3년 이상 실무 경험을 보유한 분","- 멀티미디어콘텐츠제작전문가 보유자
- GTQ 그래픽기술자격 1급 보유자
- Adobe Certified Professional 보유자
- 캐릭터 콘셉트·턴어라운드·굿즈 응용 관련 프로젝트를 기획부터 결과 검토까지 수행한 경험
- Photoshop·Illustrator·Clip Studio를 활용해 반복 업무를 개선하거나 품질 기준을 정립한 경험
- 외부 파트너 또는 다양한 이해관계자와 복잡한 요구사항을 조율한 경험","- 지원서 또는 제출서류를 허위로 기재한 경우
- 채용 과정에서 부정한 방법을 사용한 경우
- 채용검진 결과 직무 수행이 어렵다고 판단되는 경우
- 관련 법령 또는 내부 인사규정상 채용이 불가능한 경우",서류전형 > 1차면접 > 2차면접 > 채용검진
캐릭터디자이너 운영 담당자 채용,47,58,20260521,20260628,9,경력 무관,정규직,인천광역시,석사 이상,"전문 컨설팅 조직에서 캐릭터 콘셉트·턴어라운드·굿즈 응용을 담당할 캐릭터디자이너를 모집합니다. 이 포지션은 현장의 요구를 실행 가능한 계획과 결과물로 연결하는 역할입니다.

담당 범위는 세계관·스케치·표정·응용 규정를 바탕으로 기준을 수립하고, 우선순위에 따라 과제를 실행하며 품질과 일정을 함께 관리하는 것입니다.

디자인 조직의 동료와 재무·영업·개발·운영 등 유관 부서, 필요한 경우 외부 파트너와 협업해 의사결정에 필요한 정보를 정리합니다.

이슈가 발생하면 사실과 데이터를 먼저 확인하고 원인을 구분한 뒤, 대안을 비교해 합의된 조치를 실행하고 재발 방지 내용을 문서화합니다.

입사 초기에는 기존 자료와 업무 흐름을 파악하고 Photoshop·Illustrator·Clip Studio 환경을 익힌 뒤, 담당 영역의 개선 과제와 표준화 작업을 단계적으로 주도합니다.

성과는 결과물의 정확성, 일정 준수, 이해관계자와의 명확한 소통, 사용자와 사업에 미치는 영향을 기준으로 평가합니다.","- 성과지표 설정 및 결과 데이터 분석을 통한 개선안 제안
- 업무상 리스크 사전 점검과 문제 발생 시 원인 분석·후속 조치
- 재사용 가능한 체크리스트·가이드·템플릿 정비
- 고객 또는 내부 사용자의 피드백을 반영한 결과물 품질 개선
- 캐릭터 콘셉트·턴어라운드·굿즈 응용 관련 연간·분기 실행계획 수립
- 세계관·스케치·표정·응용 규정 수집·정리 및 핵심 이슈 분석
- Photoshop·Illustrator·Clip Studio를 활용한 업무 산출물 작성과 버전 관리","- 캐릭터 콘셉트·턴어라운드·굿즈 응용 관련 지식 또는 프로젝트·실무 경험을 보유한 분
- 세계관·스케치·표정·응용 규정를 정확히 해석하고 업무 문서로 구조화할 수 있는 분
- Photoshop·Illustrator·Clip Studio 중 직무에 필요한 도구를 실무에 적용할 수 있는 분
- 유관 부서와 쟁점을 명확히 설명하고 일정에 맞춰 협업할 수 있는 분
- 문제 원인을 근거에 따라 분석하고 실행 가능한 대안을 제시할 수 있는 분","- GTQ 그래픽기술자격 1급 보유자
- Adobe Certified Professional 보유자
- 멀티미디어콘텐츠제작전문가 보유자
- 캐릭터 콘셉트·턴어라운드·굿즈 응용 관련 프로젝트를 기획부터 결과 검토까지 수행한 경험","- 제출한 경력·자격 증빙이 사실과 다른 경우
- 정해진 기한까지 필수 증빙서류를 제출하지 않은 경우
- 해외여행 및 근무에 결격사유가 있는 경우
- 채용 관련 비밀유지 의무를 위반한 경우",서류전형 > 필기전형 > 면접전형 > 최종합격
캐릭터디자이너 핵심인재 모집,130,58,20260703,20260813,12,경력 5년 이상,기간제,대전광역시,학력무관,"글로벌 사업 조직에서 캐릭터 콘셉트·턴어라운드·굿즈 응용을 담당할 캐릭터디자이너를 모집합니다. 이 포지션은 현장의 요구를 실행 가능한 계획과 결과물로 연결하는 역할입니다.

담당 범위는 세계관·스케치·표정·응용 규정를 바탕으로 기준을 수립하고, 우선순위에 따라 과제를 실행하며 품질과 일정을 함께 관리하는 것입니다.

디자인 조직의 동료와 재무·영업·개발·운영 등 유관 부서, 필요한 경우 외부 파트너와 협업해 의사결정에 필요한 정보를 정리합니다.

이슈가 발생하면 사실과 데이터를 먼저 확인하고 원인을 구분한 뒤, 대안을 비교해 합의된 조치를 실행하고 재발 방지 내용을 문서화합니다.

입사 초기에는 기존 자료와 업무 흐름을 파악하고 Photoshop·Illustrator·Clip Studio 환경을 익힌 뒤, 담당 영역의 개선 과제와 표준화 작업을 단계적으로 주도합니다.

성과는 결과물의 정확성, 일정 준수, 이해관계자와의 명확한 소통, 사용자와 사업에 미치는 영향을 기준으로 평가합니다.","- 업무상 리스크 사전 점검과 문제 발생 시 원인 분석·후속 조치
- 재사용 가능한 체크리스트·가이드·템플릿 정비
- 고객 또는 내부 사용자의 피드백을 반영한 결과물 품질 개선
- 캐릭터 콘셉트·턴어라운드·굿즈 응용 관련 연간·분기 실행계획 수립
- 세계관·스케치·표정·응용 규정 수집·정리 및 핵심 이슈 분석
- Photoshop·Illustrator·Clip Studio를 활용한 업무 산출물 작성과 버전 관리
- 요구사항을 세부 과제와 일정으로 구체화하고 진행 현황 관리
- 유관 부서 및 외부 파트너와 기준·일정·결과물 조율","- 캐릭터 콘셉트·턴어라운드·굿즈 응용 관련 지식 또는 프로젝트·실무 경험을 보유한 분
- 세계관·스케치·표정·응용 규정를 정확히 해석하고 업무 문서로 구조화할 수 있는 분
- Photoshop·Illustrator·Clip Studio 중 직무에 필요한 도구를 실무에 적용할 수 있는 분
- 유관 부서와 쟁점을 명확히 설명하고 일정에 맞춰 협업할 수 있는 분
- 문제 원인을 근거에 따라 분석하고 실행 가능한 대안을 제시할 수 있는 분
- 업무상 취급하는 개인정보와 기밀정보를 안전하게 관리할 수 있는 분","- Adobe Certified Professional 보유자
- 멀티미디어콘텐츠제작전문가 보유자
- GTQ 그래픽기술자격 1급 보유자
- 캐릭터 콘셉트·턴어라운드·굿즈 응용 관련 프로젝트를 기획부터 결과 검토까지 수행한 경험
- Photoshop·Illustrator·Clip Studio를 활용해 반복 업무를 개선하거나 품질 기준을 정립한 경험","- 지원 자격 또는 필수 면허 요건을 충족하지 못한 경우
- 전형 과정에서 타인의 결과물을 무단 사용한 경우
- 채용검진 결과 담당 업무 수행이 곤란한 경우
- 관계 법령상 취업이 제한되는 경우",서류전형 > 실무면접 > 최종면접
캐릭터디자이너 전문가 채용,67,58,20260908,20261022,15,경력,정규직,부산광역시,전문학사 이상,"연구개발 중심 조직에서 캐릭터 콘셉트·턴어라운드·굿즈 응용을 담당할 캐릭터디자이너를 모집합니다. 이 포지션은 현장의 요구를 실행 가능한 계획과 결과물로 연결하는 역할입니다.

담당 범위는 세계관·스케치·표정·응용 규정를 바탕으로 기준을 수립하고, 우선순위에 따라 과제를 실행하며 품질과 일정을 함께 관리하는 것입니다.

디자인 조직의 동료와 재무·영업·개발·운영 등 유관 부서, 필요한 경우 외부 파트너와 협업해 의사결정에 필요한 정보를 정리합니다.

이슈가 발생하면 사실과 데이터를 먼저 확인하고 원인을 구분한 뒤, 대안을 비교해 합의된 조치를 실행하고 재발 방지 내용을 문서화합니다.

입사 초기에는 기존 자료와 업무 흐름을 파악하고 Photoshop·Illustrator·Clip Studio 환경을 익힌 뒤, 담당 영역의 개선 과제와 표준화 작업을 단계적으로 주도합니다.

성과는 결과물의 정확성, 일정 준수, 이해관계자와의 명확한 소통, 사용자와 사업에 미치는 영향을 기준으로 평가합니다.","- 재사용 가능한 체크리스트·가이드·템플릿 정비
- 고객 또는 내부 사용자의 피드백을 반영한 결과물 품질 개선
- 캐릭터 콘셉트·턴어라운드·굿즈 응용 관련 연간·분기 실행계획 수립
- 세계관·스케치·표정·응용 규정 수집·정리 및 핵심 이슈 분석
- Photoshop·Illustrator·Clip Studio를 활용한 업무 산출물 작성과 버전 관리
- 요구사항을 세부 과제와 일정으로 구체화하고 진행 현황 관리
- 유관 부서 및 외부 파트너와 기준·일정·결과물 조율
- 검토 회의 운영과 의사결정 근거·변경 이력 문서화
- 성과지표 설정 및 결과 데이터 분석을 통한 개선안 제안","- 캐릭터 콘셉트·턴어라운드·굿즈 응용 관련 지식 또는 프로젝트·실무 경험을 보유한 분
- 세계관·스케치·표정·응용 규정를 정확히 해석하고 업무 문서로 구조화할 수 있는 분
- Photoshop·Illustrator·Clip Studio 중 직무에 필요한 도구를 실무에 적용할 수 있는 분
- 유관 부서와 쟁점을 명확히 설명하고 일정에 맞춰 협업할 수 있는 분
- 문제 원인을 근거에 따라 분석하고 실행 가능한 대안을 제시할 수 있는 분
- 업무상 취급하는 개인정보와 기밀정보를 안전하게 관리할 수 있는 분
- 캐릭터디자이너 또는 유사 분야의 경력 실무 경험을 보유한 분","- 멀티미디어콘텐츠제작전문가 보유자
- GTQ 그래픽기술자격 1급 보유자
- Adobe Certified Professional 보유자
- 캐릭터 콘셉트·턴어라운드·굿즈 응용 관련 프로젝트를 기획부터 결과 검토까지 수행한 경험
- Photoshop·Illustrator·Clip Studio를 활용해 반복 업무를 개선하거나 품질 기준을 정립한 경험
- 외부 파트너 또는 다양한 이해관계자와 복잡한 요구사항을 조율한 경험","- 지원서 또는 제출서류를 허위로 기재한 경우
- 채용 과정에서 부정한 방법을 사용한 경우
- 채용검진 결과 직무 수행이 어렵다고 판단되는 경우
- 관련 법령 또는 내부 인사규정상 채용이 불가능한 경우",서류전형 > 인성검사 > 실무면접 > 최종면접
캐릭터디자이너 신규 인력 모집,34,58,20261113,20261124,18,신입·경력,계약직,광주광역시,학사 이상,"플랫폼 운영 조직에서 캐릭터 콘셉트·턴어라운드·굿즈 응용을 담당할 캐릭터디자이너를 모집합니다. 이 포지션은 현장의 요구를 실행 가능한 계획과 결과물로 연결하는 역할입니다.

담당 범위는 세계관·스케치·표정·응용 규정를 바탕으로 기준을 수립하고, 우선순위에 따라 과제를 실행하며 품질과 일정을 함께 관리하는 것입니다.

디자인 조직의 동료와 재무·영업·개발·운영 등 유관 부서, 필요한 경우 외부 파트너와 협업해 의사결정에 필요한 정보를 정리합니다.

이슈가 발생하면 사실과 데이터를 먼저 확인하고 원인을 구분한 뒤, 대안을 비교해 합의된 조치를 실행하고 재발 방지 내용을 문서화합니다.

입사 초기에는 기존 자료와 업무 흐름을 파악하고 Photoshop·Illustrator·Clip Studio 환경을 익힌 뒤, 담당 영역의 개선 과제와 표준화 작업을 단계적으로 주도합니다.

성과는 결과물의 정확성, 일정 준수, 이해관계자와의 명확한 소통, 사용자와 사업에 미치는 영향을 기준으로 평가합니다.","- 고객 또는 내부 사용자의 피드백을 반영한 결과물 품질 개선
- 캐릭터 콘셉트·턴어라운드·굿즈 응용 관련 연간·분기 실행계획 수립
- 세계관·스케치·표정·응용 규정 수집·정리 및 핵심 이슈 분석
- Photoshop·Illustrator·Clip Studio를 활용한 업무 산출물 작성과 버전 관리
- 요구사항을 세부 과제와 일정으로 구체화하고 진행 현황 관리
- 유관 부서 및 외부 파트너와 기준·일정·결과물 조율
- 검토 회의 운영과 의사결정 근거·변경 이력 문서화","- 캐릭터 콘셉트·턴어라운드·굿즈 응용 관련 지식 또는 프로젝트·실무 경험을 보유한 분
- 세계관·스케치·표정·응용 규정를 정확히 해석하고 업무 문서로 구조화할 수 있는 분
- Photoshop·Illustrator·Clip Studio 중 직무에 필요한 도구를 실무에 적용할 수 있는 분
- 유관 부서와 쟁점을 명확히 설명하고 일정에 맞춰 협업할 수 있는 분
- 문제 원인을 근거에 따라 분석하고 실행 가능한 대안을 제시할 수 있는 분","- GTQ 그래픽기술자격 1급 보유자
- Adobe Certified Professional 보유자
- 멀티미디어콘텐츠제작전문가 보유자
- 캐릭터 콘셉트·턴어라운드·굿즈 응용 관련 프로젝트를 기획부터 결과 검토까지 수행한 경험","- 제출한 경력·자격 증빙이 사실과 다른 경우
- 정해진 기한까지 필수 증빙서류를 제출하지 않은 경우
- 해외여행 및 근무에 결격사유가 있는 경우
- 채용 관련 비밀유지 의무를 위반한 경우",서류전형 > 직무과제 > 실무면접 > 처우협의
환경디자이너 담당자 모집,134,59,20260517,20260613,16,경력 3년 이상,무기계약직,경상남도,석사 이상,"지역 기반 전문기관에서 공공환경·사인·경관 디자인을 담당할 환경디자이너를 모집합니다. 이 포지션은 현장의 요구를 실행 가능한 계획과 결과물로 연결하는 역할입니다.

담당 범위는 현장조사·동선·사인·재료 사양를 바탕으로 기준을 수립하고, 우선순위에 따라 과제를 실행하며 품질과 일정을 함께 관리하는 것입니다.

디자인 조직의 동료와 재무·영업·개발·운영 등 유관 부서, 필요한 경우 외부 파트너와 협업해 의사결정에 필요한 정보를 정리합니다.

이슈가 발생하면 사실과 데이터를 먼저 확인하고 원인을 구분한 뒤, 대안을 비교해 합의된 조치를 실행하고 재발 방지 내용을 문서화합니다.

입사 초기에는 기존 자료와 업무 흐름을 파악하고 AutoCAD·Illustrator·SketchUp 환경을 익힌 뒤, 담당 영역의 개선 과제와 표준화 작업을 단계적으로 주도합니다.

성과는 결과물의 정확성, 일정 준수, 이해관계자와의 명확한 소통, 사용자와 사업에 미치는 영향을 기준으로 평가합니다.","- 공공환경·사인·경관 디자인 관련 연간·분기 실행계획 수립
- 현장조사·동선·사인·재료 사양 수집·정리 및 핵심 이슈 분석
- AutoCAD·Illustrator·SketchUp를 활용한 업무 산출물 작성과 버전 관리
- 요구사항을 세부 과제와 일정으로 구체화하고 진행 현황 관리
- 유관 부서 및 외부 파트너와 기준·일정·결과물 조율
- 검토 회의 운영과 의사결정 근거·변경 이력 문서화
- 성과지표 설정 및 결과 데이터 분석을 통한 개선안 제안","- 공공환경·사인·경관 디자인 관련 지식 또는 프로젝트·실무 경험을 보유한 분
- 현장조사·동선·사인·재료 사양를 정확히 해석하고 업무 문서로 구조화할 수 있는 분
- AutoCAD·Illustrator·SketchUp 중 직무에 필요한 도구를 실무에 적용할 수 있는 분
- 유관 부서와 쟁점을 명확히 설명하고 일정에 맞춰 협업할 수 있는 분
- 문제 원인을 근거에 따라 분석하고 실행 가능한 대안을 제시할 수 있는 분","- 컬러리스트기사 보유자
- 시각디자인기사 보유자
- 실내건축기사 보유자
- 공공환경·사인·경관 디자인 관련 프로젝트를 기획부터 결과 검토까지 수행한 경험","- 지원 자격 또는 필수 면허 요건을 충족하지 못한 경우
- 전형 과정에서 타인의 결과물을 무단 사용한 경우
- 채용검진 결과 담당 업무 수행이 곤란한 경우
- 관계 법령상 취업이 제한되는 경우",서류전형 > 필기전형 > 면접전형 > 최종합격
환경디자이너 실무자 채용,82,59,20260722,20260821,19,신입,정규직,제주특별자치도,학력무관,"디지털 서비스 조직에서 공공환경·사인·경관 디자인을 담당할 환경디자이너를 모집합니다. 이 포지션은 현장의 요구를 실행 가능한 계획과 결과물로 연결하는 역할입니다.

담당 범위는 현장조사·동선·사인·재료 사양를 바탕으로 기준을 수립하고, 우선순위에 따라 과제를 실행하며 품질과 일정을 함께 관리하는 것입니다.

디자인 조직의 동료와 재무·영업·개발·운영 등 유관 부서, 필요한 경우 외부 파트너와 협업해 의사결정에 필요한 정보를 정리합니다.

이슈가 발생하면 사실과 데이터를 먼저 확인하고 원인을 구분한 뒤, 대안을 비교해 합의된 조치를 실행하고 재발 방지 내용을 문서화합니다.

입사 초기에는 기존 자료와 업무 흐름을 파악하고 AutoCAD·Illustrator·SketchUp 환경을 익힌 뒤, 담당 영역의 개선 과제와 표준화 작업을 단계적으로 주도합니다.

성과는 결과물의 정확성, 일정 준수, 이해관계자와의 명확한 소통, 사용자와 사업에 미치는 영향을 기준으로 평가합니다.","- 현장조사·동선·사인·재료 사양 수집·정리 및 핵심 이슈 분석
- AutoCAD·Illustrator·SketchUp를 활용한 업무 산출물 작성과 버전 관리
- 요구사항을 세부 과제와 일정으로 구체화하고 진행 현황 관리
- 유관 부서 및 외부 파트너와 기준·일정·결과물 조율
- 검토 회의 운영과 의사결정 근거·변경 이력 문서화
- 성과지표 설정 및 결과 데이터 분석을 통한 개선안 제안
- 업무상 리스크 사전 점검과 문제 발생 시 원인 분석·후속 조치
- 재사용 가능한 체크리스트·가이드·템플릿 정비","- 공공환경·사인·경관 디자인 관련 지식 또는 프로젝트·실무 경험을 보유한 분
- 현장조사·동선·사인·재료 사양를 정확히 해석하고 업무 문서로 구조화할 수 있는 분
- AutoCAD·Illustrator·SketchUp 중 직무에 필요한 도구를 실무에 적용할 수 있는 분
- 유관 부서와 쟁점을 명확히 설명하고 일정에 맞춰 협업할 수 있는 분
- 문제 원인을 근거에 따라 분석하고 실행 가능한 대안을 제시할 수 있는 분
- 업무상 취급하는 개인정보와 기밀정보를 안전하게 관리할 수 있는 분","- 시각디자인기사 보유자
- 실내건축기사 보유자
- 컬러리스트기사 보유자
- 공공환경·사인·경관 디자인 관련 프로젝트를 기획부터 결과 검토까지 수행한 경험
- AutoCAD·Illustrator·SketchUp를 활용해 반복 업무를 개선하거나 품질 기준을 정립한 경험","- 지원서 또는 제출서류를 허위로 기재한 경우
- 채용 과정에서 부정한 방법을 사용한 경우
- 채용검진 결과 직무 수행이 어렵다고 판단되는 경우
- 관련 법령 또는 내부 인사규정상 채용이 불가능한 경우",서류전형 > 실무면접 > 최종면접
환경디자이너 전문인력 모집,66,59,20260904,20261007,2,경력 2년 이상,계약직,서울특별시,전문학사 이상,"성장 단계 스타트업에서 공공환경·사인·경관 디자인을 담당할 환경디자이너를 모집합니다. 이 포지션은 현장의 요구를 실행 가능한 계획과 결과물로 연결하는 역할입니다.

담당 범위는 현장조사·동선·사인·재료 사양를 바탕으로 기준을 수립하고, 우선순위에 따라 과제를 실행하며 품질과 일정을 함께 관리하는 것입니다.

디자인 조직의 동료와 재무·영업·개발·운영 등 유관 부서, 필요한 경우 외부 파트너와 협업해 의사결정에 필요한 정보를 정리합니다.

이슈가 발생하면 사실과 데이터를 먼저 확인하고 원인을 구분한 뒤, 대안을 비교해 합의된 조치를 실행하고 재발 방지 내용을 문서화합니다.

입사 초기에는 기존 자료와 업무 흐름을 파악하고 AutoCAD·Illustrator·SketchUp 환경을 익힌 뒤, 담당 영역의 개선 과제와 표준화 작업을 단계적으로 주도합니다.

성과는 결과물의 정확성, 일정 준수, 이해관계자와의 명확한 소통, 사용자와 사업에 미치는 영향을 기준으로 평가합니다.","- AutoCAD·Illustrator·SketchUp를 활용한 업무 산출물 작성과 버전 관리
- 요구사항을 세부 과제와 일정으로 구체화하고 진행 현황 관리
- 유관 부서 및 외부 파트너와 기준·일정·결과물 조율
- 검토 회의 운영과 의사결정 근거·변경 이력 문서화
- 성과지표 설정 및 결과 데이터 분석을 통한 개선안 제안
- 업무상 리스크 사전 점검과 문제 발생 시 원인 분석·후속 조치
- 재사용 가능한 체크리스트·가이드·템플릿 정비
- 고객 또는 내부 사용자의 피드백을 반영한 결과물 품질 개선
- 공공환경·사인·경관 디자인 관련 연간·분기 실행계획 수립","- 공공환경·사인·경관 디자인 관련 지식 또는 프로젝트·실무 경험을 보유한 분
- 현장조사·동선·사인·재료 사양를 정확히 해석하고 업무 문서로 구조화할 수 있는 분
- AutoCAD·Illustrator·SketchUp 중 직무에 필요한 도구를 실무에 적용할 수 있는 분
- 유관 부서와 쟁점을 명확히 설명하고 일정에 맞춰 협업할 수 있는 분
- 문제 원인을 근거에 따라 분석하고 실행 가능한 대안을 제시할 수 있는 분
- 업무상 취급하는 개인정보와 기밀정보를 안전하게 관리할 수 있는 분
- 환경디자이너 또는 유사 분야의 2년 이상 실무 경험을 보유한 분","- 실내건축기사 보유자
- 컬러리스트기사 보유자
- 시각디자인기사 보유자
- 공공환경·사인·경관 디자인 관련 프로젝트를 기획부터 결과 검토까지 수행한 경험
- AutoCAD·Illustrator·SketchUp를 활용해 반복 업무를 개선하거나 품질 기준을 정립한 경험
- 외부 파트너 또는 다양한 이해관계자와 복잡한 요구사항을 조율한 경험","- 제출한 경력·자격 증빙이 사실과 다른 경우
- 정해진 기한까지 필수 증빙서류를 제출하지 않은 경우
- 해외여행 및 근무에 결격사유가 있는 경우
- 채용 관련 비밀유지 의무를 위반한 경우",서류전형 > 인성검사 > 실무면접 > 최종면접
환경디자이너 인재 채용,102,59,20261109,20261215,5,신입·경력,정규직,경기도,학사 이상,"중견기업 전략 조직에서 공공환경·사인·경관 디자인을 담당할 환경디자이너를 모집합니다. 이 포지션은 현장의 요구를 실행 가능한 계획과 결과물로 연결하는 역할입니다.

담당 범위는 현장조사·동선·사인·재료 사양를 바탕으로 기준을 수립하고, 우선순위에 따라 과제를 실행하며 품질과 일정을 함께 관리하는 것입니다.

디자인 조직의 동료와 재무·영업·개발·운영 등 유관 부서, 필요한 경우 외부 파트너와 협업해 의사결정에 필요한 정보를 정리합니다.

이슈가 발생하면 사실과 데이터를 먼저 확인하고 원인을 구분한 뒤, 대안을 비교해 합의된 조치를 실행하고 재발 방지 내용을 문서화합니다.

입사 초기에는 기존 자료와 업무 흐름을 파악하고 AutoCAD·Illustrator·SketchUp 환경을 익힌 뒤, 담당 영역의 개선 과제와 표준화 작업을 단계적으로 주도합니다.

성과는 결과물의 정확성, 일정 준수, 이해관계자와의 명확한 소통, 사용자와 사업에 미치는 영향을 기준으로 평가합니다.","- 요구사항을 세부 과제와 일정으로 구체화하고 진행 현황 관리
- 유관 부서 및 외부 파트너와 기준·일정·결과물 조율
- 검토 회의 운영과 의사결정 근거·변경 이력 문서화
- 성과지표 설정 및 결과 데이터 분석을 통한 개선안 제안
- 업무상 리스크 사전 점검과 문제 발생 시 원인 분석·후속 조치
- 재사용 가능한 체크리스트·가이드·템플릿 정비
- 고객 또는 내부 사용자의 피드백을 반영한 결과물 품질 개선","- 공공환경·사인·경관 디자인 관련 지식 또는 프로젝트·실무 경험을 보유한 분
- 현장조사·동선·사인·재료 사양를 정확히 해석하고 업무 문서로 구조화할 수 있는 분
- AutoCAD·Illustrator·SketchUp 중 직무에 필요한 도구를 실무에 적용할 수 있는 분
- 유관 부서와 쟁점을 명확히 설명하고 일정에 맞춰 협업할 수 있는 분
- 문제 원인을 근거에 따라 분석하고 실행 가능한 대안을 제시할 수 있는 분","- 컬러리스트기사 보유자
- 시각디자인기사 보유자
- 실내건축기사 보유자
- 공공환경·사인·경관 디자인 관련 프로젝트를 기획부터 결과 검토까지 수행한 경험","- 지원 자격 또는 필수 면허 요건을 충족하지 못한 경우
- 전형 과정에서 타인의 결과물을 무단 사용한 경우
- 채용검진 결과 담당 업무 수행이 곤란한 경우
- 관계 법령상 취업이 제한되는 경우",서류전형 > 직무과제 > 실무면접 > 처우협의
환경디자이너 공개채용,72,59,20260214,20260325,8,경력 3년 이상,무기계약직,인천광역시,학사 이상,"공공서비스 운영기관에서 공공환경·사인·경관 디자인을 담당할 환경디자이너를 모집합니다. 이 포지션은 현장의 요구를 실행 가능한 계획과 결과물로 연결하는 역할입니다.

담당 범위는 현장조사·동선·사인·재료 사양를 바탕으로 기준을 수립하고, 우선순위에 따라 과제를 실행하며 품질과 일정을 함께 관리하는 것입니다.

디자인 조직의 동료와 재무·영업·개발·운영 등 유관 부서, 필요한 경우 외부 파트너와 협업해 의사결정에 필요한 정보를 정리합니다.

이슈가 발생하면 사실과 데이터를 먼저 확인하고 원인을 구분한 뒤, 대안을 비교해 합의된 조치를 실행하고 재발 방지 내용을 문서화합니다.

입사 초기에는 기존 자료와 업무 흐름을 파악하고 AutoCAD·Illustrator·SketchUp 환경을 익힌 뒤, 담당 영역의 개선 과제와 표준화 작업을 단계적으로 주도합니다.

성과는 결과물의 정확성, 일정 준수, 이해관계자와의 명확한 소통, 사용자와 사업에 미치는 영향을 기준으로 평가합니다.","- 유관 부서 및 외부 파트너와 기준·일정·결과물 조율
- 검토 회의 운영과 의사결정 근거·변경 이력 문서화
- 성과지표 설정 및 결과 데이터 분석을 통한 개선안 제안
- 업무상 리스크 사전 점검과 문제 발생 시 원인 분석·후속 조치
- 재사용 가능한 체크리스트·가이드·템플릿 정비
- 고객 또는 내부 사용자의 피드백을 반영한 결과물 품질 개선
- 공공환경·사인·경관 디자인 관련 연간·분기 실행계획 수립
- 현장조사·동선·사인·재료 사양 수집·정리 및 핵심 이슈 분석","- 공공환경·사인·경관 디자인 관련 지식 또는 프로젝트·실무 경험을 보유한 분
- 현장조사·동선·사인·재료 사양를 정확히 해석하고 업무 문서로 구조화할 수 있는 분
- AutoCAD·Illustrator·SketchUp 중 직무에 필요한 도구를 실무에 적용할 수 있는 분
- 유관 부서와 쟁점을 명확히 설명하고 일정에 맞춰 협업할 수 있는 분
- 문제 원인을 근거에 따라 분석하고 실행 가능한 대안을 제시할 수 있는 분
- 업무상 취급하는 개인정보와 기밀정보를 안전하게 관리할 수 있는 분","- 시각디자인기사 보유자
- 실내건축기사 보유자
- 컬러리스트기사 보유자
- 공공환경·사인·경관 디자인 관련 프로젝트를 기획부터 결과 검토까지 수행한 경험
- AutoCAD·Illustrator·SketchUp를 활용해 반복 업무를 개선하거나 품질 기준을 정립한 경험","- 지원서 또는 제출서류를 허위로 기재한 경우
- 채용 과정에서 부정한 방법을 사용한 경우
- 채용검진 결과 직무 수행이 어렵다고 판단되는 경우
- 관련 법령 또는 내부 인사규정상 채용이 불가능한 경우",서류전형 > 1차면접 > 2차면접 > 채용검진
환경디자이너 프로젝트 담당 모집,126,59,20260419,20260531,11,경력 무관,정규직,대전광역시,석사 이상,"전문 컨설팅 조직에서 공공환경·사인·경관 디자인을 담당할 환경디자이너를 모집합니다. 이 포지션은 현장의 요구를 실행 가능한 계획과 결과물로 연결하는 역할입니다.

담당 범위는 현장조사·동선·사인·재료 사양를 바탕으로 기준을 수립하고, 우선순위에 따라 과제를 실행하며 품질과 일정을 함께 관리하는 것입니다.

디자인 조직의 동료와 재무·영업·개발·운영 등 유관 부서, 필요한 경우 외부 파트너와 협업해 의사결정에 필요한 정보를 정리합니다.

이슈가 발생하면 사실과 데이터를 먼저 확인하고 원인을 구분한 뒤, 대안을 비교해 합의된 조치를 실행하고 재발 방지 내용을 문서화합니다.

입사 초기에는 기존 자료와 업무 흐름을 파악하고 AutoCAD·Illustrator·SketchUp 환경을 익힌 뒤, 담당 영역의 개선 과제와 표준화 작업을 단계적으로 주도합니다.

성과는 결과물의 정확성, 일정 준수, 이해관계자와의 명확한 소통, 사용자와 사업에 미치는 영향을 기준으로 평가합니다.","- 검토 회의 운영과 의사결정 근거·변경 이력 문서화
- 성과지표 설정 및 결과 데이터 분석을 통한 개선안 제안
- 업무상 리스크 사전 점검과 문제 발생 시 원인 분석·후속 조치
- 재사용 가능한 체크리스트·가이드·템플릿 정비
- 고객 또는 내부 사용자의 피드백을 반영한 결과물 품질 개선
- 공공환경·사인·경관 디자인 관련 연간·분기 실행계획 수립
- 현장조사·동선·사인·재료 사양 수집·정리 및 핵심 이슈 분석
- AutoCAD·Illustrator·SketchUp를 활용한 업무 산출물 작성과 버전 관리
- 요구사항을 세부 과제와 일정으로 구체화하고 진행 현황 관리","- 공공환경·사인·경관 디자인 관련 지식 또는 프로젝트·실무 경험을 보유한 분
- 현장조사·동선·사인·재료 사양를 정확히 해석하고 업무 문서로 구조화할 수 있는 분
- AutoCAD·Illustrator·SketchUp 중 직무에 필요한 도구를 실무에 적용할 수 있는 분
- 유관 부서와 쟁점을 명확히 설명하고 일정에 맞춰 협업할 수 있는 분
- 문제 원인을 근거에 따라 분석하고 실행 가능한 대안을 제시할 수 있는 분
- 업무상 취급하는 개인정보와 기밀정보를 안전하게 관리할 수 있는 분
- 새로운 업무 기준과 도구를 빠르게 학습할 수 있는 분","- 실내건축기사 보유자
- 컬러리스트기사 보유자
- 시각디자인기사 보유자
- 공공환경·사인·경관 디자인 관련 프로젝트를 기획부터 결과 검토까지 수행한 경험
- AutoCAD·Illustrator·SketchUp를 활용해 반복 업무를 개선하거나 품질 기준을 정립한 경험
- 외부 파트너 또는 다양한 이해관계자와 복잡한 요구사항을 조율한 경험","- 제출한 경력·자격 증빙이 사실과 다른 경우
- 정해진 기한까지 필수 증빙서류를 제출하지 않은 경우
- 해외여행 및 근무에 결격사유가 있는 경우
- 채용 관련 비밀유지 의무를 위반한 경우",서류전형 > 필기전형 > 면접전형 > 최종합격
환경디자이너 운영 담당자 채용,2,59,20260601,20260716,14,경력 5년 이상,기간제,부산광역시,학력무관,"글로벌 사업 조직에서 공공환경·사인·경관 디자인을 담당할 환경디자이너를 모집합니다. 이 포지션은 현장의 요구를 실행 가능한 계획과 결과물로 연결하는 역할입니다.

담당 범위는 현장조사·동선·사인·재료 사양를 바탕으로 기준을 수립하고, 우선순위에 따라 과제를 실행하며 품질과 일정을 함께 관리하는 것입니다.

디자인 조직의 동료와 재무·영업·개발·운영 등 유관 부서, 필요한 경우 외부 파트너와 협업해 의사결정에 필요한 정보를 정리합니다.

이슈가 발생하면 사실과 데이터를 먼저 확인하고 원인을 구분한 뒤, 대안을 비교해 합의된 조치를 실행하고 재발 방지 내용을 문서화합니다.

입사 초기에는 기존 자료와 업무 흐름을 파악하고 AutoCAD·Illustrator·SketchUp 환경을 익힌 뒤, 담당 영역의 개선 과제와 표준화 작업을 단계적으로 주도합니다.

성과는 결과물의 정확성, 일정 준수, 이해관계자와의 명확한 소통, 사용자와 사업에 미치는 영향을 기준으로 평가합니다.","- 성과지표 설정 및 결과 데이터 분석을 통한 개선안 제안
- 업무상 리스크 사전 점검과 문제 발생 시 원인 분석·후속 조치
- 재사용 가능한 체크리스트·가이드·템플릿 정비
- 고객 또는 내부 사용자의 피드백을 반영한 결과물 품질 개선
- 공공환경·사인·경관 디자인 관련 연간·분기 실행계획 수립
- 현장조사·동선·사인·재료 사양 수집·정리 및 핵심 이슈 분석
- AutoCAD·Illustrator·SketchUp를 활용한 업무 산출물 작성과 버전 관리","- 공공환경·사인·경관 디자인 관련 지식 또는 프로젝트·실무 경험을 보유한 분
- 현장조사·동선·사인·재료 사양를 정확히 해석하고 업무 문서로 구조화할 수 있는 분
- AutoCAD·Illustrator·SketchUp 중 직무에 필요한 도구를 실무에 적용할 수 있는 분
- 유관 부서와 쟁점을 명확히 설명하고 일정에 맞춰 협업할 수 있는 분
- 문제 원인을 근거에 따라 분석하고 실행 가능한 대안을 제시할 수 있는 분","- 컬러리스트기사 보유자
- 시각디자인기사 보유자
- 실내건축기사 보유자
- 공공환경·사인·경관 디자인 관련 프로젝트를 기획부터 결과 검토까지 수행한 경험","- 지원 자격 또는 필수 면허 요건을 충족하지 못한 경우
- 전형 과정에서 타인의 결과물을 무단 사용한 경우
- 채용검진 결과 담당 업무 수행이 곤란한 경우
- 관계 법령상 취업이 제한되는 경우",서류전형 > 실무면접 > 최종면접
환경디자이너 핵심인재 모집,100,59,20260806,20260818,17,경력,정규직,광주광역시,전문학사 이상,"연구개발 중심 조직에서 공공환경·사인·경관 디자인을 담당할 환경디자이너를 모집합니다. 이 포지션은 현장의 요구를 실행 가능한 계획과 결과물로 연결하는 역할입니다.

담당 범위는 현장조사·동선·사인·재료 사양를 바탕으로 기준을 수립하고, 우선순위에 따라 과제를 실행하며 품질과 일정을 함께 관리하는 것입니다.

디자인 조직의 동료와 재무·영업·개발·운영 등 유관 부서, 필요한 경우 외부 파트너와 협업해 의사결정에 필요한 정보를 정리합니다.

이슈가 발생하면 사실과 데이터를 먼저 확인하고 원인을 구분한 뒤, 대안을 비교해 합의된 조치를 실행하고 재발 방지 내용을 문서화합니다.

입사 초기에는 기존 자료와 업무 흐름을 파악하고 AutoCAD·Illustrator·SketchUp 환경을 익힌 뒤, 담당 영역의 개선 과제와 표준화 작업을 단계적으로 주도합니다.

성과는 결과물의 정확성, 일정 준수, 이해관계자와의 명확한 소통, 사용자와 사업에 미치는 영향을 기준으로 평가합니다.","- 업무상 리스크 사전 점검과 문제 발생 시 원인 분석·후속 조치
- 재사용 가능한 체크리스트·가이드·템플릿 정비
- 고객 또는 내부 사용자의 피드백을 반영한 결과물 품질 개선
- 공공환경·사인·경관 디자인 관련 연간·분기 실행계획 수립
- 현장조사·동선·사인·재료 사양 수집·정리 및 핵심 이슈 분석
- AutoCAD·Illustrator·SketchUp를 활용한 업무 산출물 작성과 버전 관리
- 요구사항을 세부 과제와 일정으로 구체화하고 진행 현황 관리
- 유관 부서 및 외부 파트너와 기준·일정·결과물 조율","- 공공환경·사인·경관 디자인 관련 지식 또는 프로젝트·실무 경험을 보유한 분
- 현장조사·동선·사인·재료 사양를 정확히 해석하고 업무 문서로 구조화할 수 있는 분
- AutoCAD·Illustrator·SketchUp 중 직무에 필요한 도구를 실무에 적용할 수 있는 분
- 유관 부서와 쟁점을 명확히 설명하고 일정에 맞춰 협업할 수 있는 분
- 문제 원인을 근거에 따라 분석하고 실행 가능한 대안을 제시할 수 있는 분
- 업무상 취급하는 개인정보와 기밀정보를 안전하게 관리할 수 있는 분","- 시각디자인기사 보유자
- 실내건축기사 보유자
- 컬러리스트기사 보유자
- 공공환경·사인·경관 디자인 관련 프로젝트를 기획부터 결과 검토까지 수행한 경험
- AutoCAD·Illustrator·SketchUp를 활용해 반복 업무를 개선하거나 품질 기준을 정립한 경험","- 지원서 또는 제출서류를 허위로 기재한 경우
- 채용 과정에서 부정한 방법을 사용한 경우
- 채용검진 결과 직무 수행이 어렵다고 판단되는 경우
- 관련 법령 또는 내부 인사규정상 채용이 불가능한 경우",서류전형 > 인성검사 > 실무면접 > 최종면접
환경디자이너 전문가 채용,57,59,20261011,20261026,20,신입·경력,계약직,세종특별자치시,학사 이상,"플랫폼 운영 조직에서 공공환경·사인·경관 디자인을 담당할 환경디자이너를 모집합니다. 이 포지션은 현장의 요구를 실행 가능한 계획과 결과물로 연결하는 역할입니다.

담당 범위는 현장조사·동선·사인·재료 사양를 바탕으로 기준을 수립하고, 우선순위에 따라 과제를 실행하며 품질과 일정을 함께 관리하는 것입니다.

디자인 조직의 동료와 재무·영업·개발·운영 등 유관 부서, 필요한 경우 외부 파트너와 협업해 의사결정에 필요한 정보를 정리합니다.

이슈가 발생하면 사실과 데이터를 먼저 확인하고 원인을 구분한 뒤, 대안을 비교해 합의된 조치를 실행하고 재발 방지 내용을 문서화합니다.

입사 초기에는 기존 자료와 업무 흐름을 파악하고 AutoCAD·Illustrator·SketchUp 환경을 익힌 뒤, 담당 영역의 개선 과제와 표준화 작업을 단계적으로 주도합니다.

성과는 결과물의 정확성, 일정 준수, 이해관계자와의 명확한 소통, 사용자와 사업에 미치는 영향을 기준으로 평가합니다.","- 재사용 가능한 체크리스트·가이드·템플릿 정비
- 고객 또는 내부 사용자의 피드백을 반영한 결과물 품질 개선
- 공공환경·사인·경관 디자인 관련 연간·분기 실행계획 수립
- 현장조사·동선·사인·재료 사양 수집·정리 및 핵심 이슈 분석
- AutoCAD·Illustrator·SketchUp를 활용한 업무 산출물 작성과 버전 관리
- 요구사항을 세부 과제와 일정으로 구체화하고 진행 현황 관리
- 유관 부서 및 외부 파트너와 기준·일정·결과물 조율
- 검토 회의 운영과 의사결정 근거·변경 이력 문서화
- 성과지표 설정 및 결과 데이터 분석을 통한 개선안 제안","- 공공환경·사인·경관 디자인 관련 지식 또는 프로젝트·실무 경험을 보유한 분
- 현장조사·동선·사인·재료 사양를 정확히 해석하고 업무 문서로 구조화할 수 있는 분
- AutoCAD·Illustrator·SketchUp 중 직무에 필요한 도구를 실무에 적용할 수 있는 분
- 유관 부서와 쟁점을 명확히 설명하고 일정에 맞춰 협업할 수 있는 분
- 문제 원인을 근거에 따라 분석하고 실행 가능한 대안을 제시할 수 있는 분
- 업무상 취급하는 개인정보와 기밀정보를 안전하게 관리할 수 있는 분
- 환경디자이너 또는 유사 분야의 신입·경력 실무 경험을 보유한 분","- 실내건축기사 보유자
- 컬러리스트기사 보유자
- 시각디자인기사 보유자
- 공공환경·사인·경관 디자인 관련 프로젝트를 기획부터 결과 검토까지 수행한 경험
- AutoCAD·Illustrator·SketchUp를 활용해 반복 업무를 개선하거나 품질 기준을 정립한 경험
- 외부 파트너 또는 다양한 이해관계자와 복잡한 요구사항을 조율한 경험","- 제출한 경력·자격 증빙이 사실과 다른 경우
- 정해진 기한까지 필수 증빙서류를 제출하지 않은 경우
- 해외여행 및 근무에 결격사유가 있는 경우
- 채용 관련 비밀유지 의무를 위반한 경우",서류전형 > 직무과제 > 실무면접 > 처우협의
환경디자이너 신규 인력 모집,9,59,20260116,20260203,3,경력 2년 이상,정규직,충청남도,학사 이상,"브랜드 사업 조직에서 공공환경·사인·경관 디자인을 담당할 환경디자이너를 모집합니다. 이 포지션은 현장의 요구를 실행 가능한 계획과 결과물로 연결하는 역할입니다.

담당 범위는 현장조사·동선·사인·재료 사양를 바탕으로 기준을 수립하고, 우선순위에 따라 과제를 실행하며 품질과 일정을 함께 관리하는 것입니다.

디자인 조직의 동료와 재무·영업·개발·운영 등 유관 부서, 필요한 경우 외부 파트너와 협업해 의사결정에 필요한 정보를 정리합니다.

이슈가 발생하면 사실과 데이터를 먼저 확인하고 원인을 구분한 뒤, 대안을 비교해 합의된 조치를 실행하고 재발 방지 내용을 문서화합니다.

입사 초기에는 기존 자료와 업무 흐름을 파악하고 AutoCAD·Illustrator·SketchUp 환경을 익힌 뒤, 담당 영역의 개선 과제와 표준화 작업을 단계적으로 주도합니다.

성과는 결과물의 정확성, 일정 준수, 이해관계자와의 명확한 소통, 사용자와 사업에 미치는 영향을 기준으로 평가합니다.","- 고객 또는 내부 사용자의 피드백을 반영한 결과물 품질 개선
- 공공환경·사인·경관 디자인 관련 연간·분기 실행계획 수립
- 현장조사·동선·사인·재료 사양 수집·정리 및 핵심 이슈 분석
- AutoCAD·Illustrator·SketchUp를 활용한 업무 산출물 작성과 버전 관리
- 요구사항을 세부 과제와 일정으로 구체화하고 진행 현황 관리
- 유관 부서 및 외부 파트너와 기준·일정·결과물 조율
- 검토 회의 운영과 의사결정 근거·변경 이력 문서화","- 공공환경·사인·경관 디자인 관련 지식 또는 프로젝트·실무 경험을 보유한 분
- 현장조사·동선·사인·재료 사양를 정확히 해석하고 업무 문서로 구조화할 수 있는 분
- AutoCAD·Illustrator·SketchUp 중 직무에 필요한 도구를 실무에 적용할 수 있는 분
- 유관 부서와 쟁점을 명확히 설명하고 일정에 맞춰 협업할 수 있는 분
- 문제 원인을 근거에 따라 분석하고 실행 가능한 대안을 제시할 수 있는 분","- 컬러리스트기사 보유자
- 시각디자인기사 보유자
- 실내건축기사 보유자
- 공공환경·사인·경관 디자인 관련 프로젝트를 기획부터 결과 검토까지 수행한 경험","- 지원 자격 또는 필수 면허 요건을 충족하지 못한 경우
- 전형 과정에서 타인의 결과물을 무단 사용한 경우
- 채용검진 결과 담당 업무 수행이 곤란한 경우
- 관계 법령상 취업이 제한되는 경우",서류전형 > 1차면접 > 2차면접 > 채용검진
아트디렉터 담당자 모집,85,60,20260620,20260724,1,신입,정규직,서울특별시,학력무관,"디지털 서비스 조직에서 비주얼 방향·촬영·디자인 품질 총괄을 담당할 아트디렉터를 모집합니다. 이 포지션은 현장의 요구를 실행 가능한 계획과 결과물로 연결하는 역할입니다.

담당 범위는 콘셉트 보드·시안·촬영 결과물를 바탕으로 기준을 수립하고, 우선순위에 따라 과제를 실행하며 품질과 일정을 함께 관리하는 것입니다.

디자인 조직의 동료와 재무·영업·개발·운영 등 유관 부서, 필요한 경우 외부 파트너와 협업해 의사결정에 필요한 정보를 정리합니다.

이슈가 발생하면 사실과 데이터를 먼저 확인하고 원인을 구분한 뒤, 대안을 비교해 합의된 조치를 실행하고 재발 방지 내용을 문서화합니다.

입사 초기에는 기존 자료와 업무 흐름을 파악하고 Adobe Creative Cloud·Figma 환경을 익힌 뒤, 담당 영역의 개선 과제와 표준화 작업을 단계적으로 주도합니다.

성과는 결과물의 정확성, 일정 준수, 이해관계자와의 명확한 소통, 사용자와 사업에 미치는 영향을 기준으로 평가합니다.","- 비주얼 방향·촬영·디자인 품질 총괄 관련 연간·분기 실행계획 수립
- 콘셉트 보드·시안·촬영 결과물 수집·정리 및 핵심 이슈 분석
- Adobe Creative Cloud·Figma를 활용한 업무 산출물 작성과 버전 관리
- 요구사항을 세부 과제와 일정으로 구체화하고 진행 현황 관리
- 유관 부서 및 외부 파트너와 기준·일정·결과물 조율
- 검토 회의 운영과 의사결정 근거·변경 이력 문서화
- 성과지표 설정 및 결과 데이터 분석을 통한 개선안 제안","- 비주얼 방향·촬영·디자인 품질 총괄 관련 지식 또는 프로젝트·실무 경험을 보유한 분
- 콘셉트 보드·시안·촬영 결과물를 정확히 해석하고 업무 문서로 구조화할 수 있는 분
- Adobe Creative Cloud·Figma 중 직무에 필요한 도구를 실무에 적용할 수 있는 분
- 유관 부서와 쟁점을 명확히 설명하고 일정에 맞춰 협업할 수 있는 분
- 문제 원인을 근거에 따라 분석하고 실행 가능한 대안을 제시할 수 있는 분","- Adobe Certified Professional 보유자
- 시각디자인기사 보유자
- GTQ 1급 보유자
- 비주얼 방향·촬영·디자인 품질 총괄 관련 프로젝트를 기획부터 결과 검토까지 수행한 경험","- 지원서 또는 제출서류를 허위로 기재한 경우
- 채용 과정에서 부정한 방법을 사용한 경우
- 채용검진 결과 직무 수행이 어렵다고 판단되는 경우
- 관련 법령 또는 내부 인사규정상 채용이 불가능한 경우",서류전형 > 실무면접 > 최종면접
아트디렉터 실무자 채용,138,60,20260802,20260908,4,경력 2년 이상,계약직,경기도,전문학사 이상,"성장 단계 스타트업에서 비주얼 방향·촬영·디자인 품질 총괄을 담당할 아트디렉터를 모집합니다. 이 포지션은 현장의 요구를 실행 가능한 계획과 결과물로 연결하는 역할입니다.

담당 범위는 콘셉트 보드·시안·촬영 결과물를 바탕으로 기준을 수립하고, 우선순위에 따라 과제를 실행하며 품질과 일정을 함께 관리하는 것입니다.

디자인 조직의 동료와 재무·영업·개발·운영 등 유관 부서, 필요한 경우 외부 파트너와 협업해 의사결정에 필요한 정보를 정리합니다.

이슈가 발생하면 사실과 데이터를 먼저 확인하고 원인을 구분한 뒤, 대안을 비교해 합의된 조치를 실행하고 재발 방지 내용을 문서화합니다.

입사 초기에는 기존 자료와 업무 흐름을 파악하고 Adobe Creative Cloud·Figma 환경을 익힌 뒤, 담당 영역의 개선 과제와 표준화 작업을 단계적으로 주도합니다.

성과는 결과물의 정확성, 일정 준수, 이해관계자와의 명확한 소통, 사용자와 사업에 미치는 영향을 기준으로 평가합니다.","- 콘셉트 보드·시안·촬영 결과물 수집·정리 및 핵심 이슈 분석
- Adobe Creative Cloud·Figma를 활용한 업무 산출물 작성과 버전 관리
- 요구사항을 세부 과제와 일정으로 구체화하고 진행 현황 관리
- 유관 부서 및 외부 파트너와 기준·일정·결과물 조율
- 검토 회의 운영과 의사결정 근거·변경 이력 문서화
- 성과지표 설정 및 결과 데이터 분석을 통한 개선안 제안
- 업무상 리스크 사전 점검과 문제 발생 시 원인 분석·후속 조치
- 재사용 가능한 체크리스트·가이드·템플릿 정비","- 비주얼 방향·촬영·디자인 품질 총괄 관련 지식 또는 프로젝트·실무 경험을 보유한 분
- 콘셉트 보드·시안·촬영 결과물를 정확히 해석하고 업무 문서로 구조화할 수 있는 분
- Adobe Creative Cloud·Figma 중 직무에 필요한 도구를 실무에 적용할 수 있는 분
- 유관 부서와 쟁점을 명확히 설명하고 일정에 맞춰 협업할 수 있는 분
- 문제 원인을 근거에 따라 분석하고 실행 가능한 대안을 제시할 수 있는 분
- 업무상 취급하는 개인정보와 기밀정보를 안전하게 관리할 수 있는 분","- 시각디자인기사 보유자
- GTQ 1급 보유자
- Adobe Certified Professional 보유자
- 비주얼 방향·촬영·디자인 품질 총괄 관련 프로젝트를 기획부터 결과 검토까지 수행한 경험
- Adobe Creative Cloud·Figma를 활용해 반복 업무를 개선하거나 품질 기준을 정립한 경험","- 제출한 경력·자격 증빙이 사실과 다른 경우
- 정해진 기한까지 필수 증빙서류를 제출하지 않은 경우
- 해외여행 및 근무에 결격사유가 있는 경우
- 채용 관련 비밀유지 의무를 위반한 경우",서류전형 > 인성검사 > 실무면접 > 최종면접
아트디렉터 전문인력 모집,114,60,20261007,20261116,7,신입·경력,정규직,인천광역시,학사 이상,"중견기업 전략 조직에서 비주얼 방향·촬영·디자인 품질 총괄을 담당할 아트디렉터를 모집합니다. 이 포지션은 현장의 요구를 실행 가능한 계획과 결과물로 연결하는 역할입니다.

담당 범위는 콘셉트 보드·시안·촬영 결과물를 바탕으로 기준을 수립하고, 우선순위에 따라 과제를 실행하며 품질과 일정을 함께 관리하는 것입니다.

디자인 조직의 동료와 재무·영업·개발·운영 등 유관 부서, 필요한 경우 외부 파트너와 협업해 의사결정에 필요한 정보를 정리합니다.

이슈가 발생하면 사실과 데이터를 먼저 확인하고 원인을 구분한 뒤, 대안을 비교해 합의된 조치를 실행하고 재발 방지 내용을 문서화합니다.

입사 초기에는 기존 자료와 업무 흐름을 파악하고 Adobe Creative Cloud·Figma 환경을 익힌 뒤, 담당 영역의 개선 과제와 표준화 작업을 단계적으로 주도합니다.

성과는 결과물의 정확성, 일정 준수, 이해관계자와의 명확한 소통, 사용자와 사업에 미치는 영향을 기준으로 평가합니다.","- Adobe Creative Cloud·Figma를 활용한 업무 산출물 작성과 버전 관리
- 요구사항을 세부 과제와 일정으로 구체화하고 진행 현황 관리
- 유관 부서 및 외부 파트너와 기준·일정·결과물 조율
- 검토 회의 운영과 의사결정 근거·변경 이력 문서화
- 성과지표 설정 및 결과 데이터 분석을 통한 개선안 제안
- 업무상 리스크 사전 점검과 문제 발생 시 원인 분석·후속 조치
- 재사용 가능한 체크리스트·가이드·템플릿 정비
- 고객 또는 내부 사용자의 피드백을 반영한 결과물 품질 개선
- 비주얼 방향·촬영·디자인 품질 총괄 관련 연간·분기 실행계획 수립","- 비주얼 방향·촬영·디자인 품질 총괄 관련 지식 또는 프로젝트·실무 경험을 보유한 분
- 콘셉트 보드·시안·촬영 결과물를 정확히 해석하고 업무 문서로 구조화할 수 있는 분
- Adobe Creative Cloud·Figma 중 직무에 필요한 도구를 실무에 적용할 수 있는 분
- 유관 부서와 쟁점을 명확히 설명하고 일정에 맞춰 협업할 수 있는 분
- 문제 원인을 근거에 따라 분석하고 실행 가능한 대안을 제시할 수 있는 분
- 업무상 취급하는 개인정보와 기밀정보를 안전하게 관리할 수 있는 분
- 아트디렉터 또는 유사 분야의 신입·경력 실무 경험을 보유한 분","- GTQ 1급 보유자
- Adobe Certified Professional 보유자
- 시각디자인기사 보유자
- 비주얼 방향·촬영·디자인 품질 총괄 관련 프로젝트를 기획부터 결과 검토까지 수행한 경험
- Adobe Creative Cloud·Figma를 활용해 반복 업무를 개선하거나 품질 기준을 정립한 경험
- 외부 파트너 또는 다양한 이해관계자와 복잡한 요구사항을 조율한 경험","- 지원 자격 또는 필수 면허 요건을 충족하지 못한 경우
- 전형 과정에서 타인의 결과물을 무단 사용한 경우
- 채용검진 결과 담당 업무 수행이 곤란한 경우
- 관계 법령상 취업이 제한되는 경우",서류전형 > 직무과제 > 실무면접 > 처우협의
아트디렉터 인재 채용,138,60,20260112,20260224,10,경력 3년 이상,무기계약직,대전광역시,학사 이상,"공공서비스 운영기관에서 비주얼 방향·촬영·디자인 품질 총괄을 담당할 아트디렉터를 모집합니다. 이 포지션은 현장의 요구를 실행 가능한 계획과 결과물로 연결하는 역할입니다.

담당 범위는 콘셉트 보드·시안·촬영 결과물를 바탕으로 기준을 수립하고, 우선순위에 따라 과제를 실행하며 품질과 일정을 함께 관리하는 것입니다.

디자인 조직의 동료와 재무·영업·개발·운영 등 유관 부서, 필요한 경우 외부 파트너와 협업해 의사결정에 필요한 정보를 정리합니다.

이슈가 발생하면 사실과 데이터를 먼저 확인하고 원인을 구분한 뒤, 대안을 비교해 합의된 조치를 실행하고 재발 방지 내용을 문서화합니다.

입사 초기에는 기존 자료와 업무 흐름을 파악하고 Adobe Creative Cloud·Figma 환경을 익힌 뒤, 담당 영역의 개선 과제와 표준화 작업을 단계적으로 주도합니다.

성과는 결과물의 정확성, 일정 준수, 이해관계자와의 명확한 소통, 사용자와 사업에 미치는 영향을 기준으로 평가합니다.","- 요구사항을 세부 과제와 일정으로 구체화하고 진행 현황 관리
- 유관 부서 및 외부 파트너와 기준·일정·결과물 조율
- 검토 회의 운영과 의사결정 근거·변경 이력 문서화
- 성과지표 설정 및 결과 데이터 분석을 통한 개선안 제안
- 업무상 리스크 사전 점검과 문제 발생 시 원인 분석·후속 조치
- 재사용 가능한 체크리스트·가이드·템플릿 정비
- 고객 또는 내부 사용자의 피드백을 반영한 결과물 품질 개선","- 비주얼 방향·촬영·디자인 품질 총괄 관련 지식 또는 프로젝트·실무 경험을 보유한 분
- 콘셉트 보드·시안·촬영 결과물를 정확히 해석하고 업무 문서로 구조화할 수 있는 분
- Adobe Creative Cloud·Figma 중 직무에 필요한 도구를 실무에 적용할 수 있는 분
- 유관 부서와 쟁점을 명확히 설명하고 일정에 맞춰 협업할 수 있는 분
- 문제 원인을 근거에 따라 분석하고 실행 가능한 대안을 제시할 수 있는 분","- Adobe Certified Professional 보유자
- 시각디자인기사 보유자
- GTQ 1급 보유자
- 비주얼 방향·촬영·디자인 품질 총괄 관련 프로젝트를 기획부터 결과 검토까지 수행한 경험","- 지원서 또는 제출서류를 허위로 기재한 경우
- 채용 과정에서 부정한 방법을 사용한 경우
- 채용검진 결과 직무 수행이 어렵다고 판단되는 경우
- 관련 법령 또는 내부 인사규정상 채용이 불가능한 경우",서류전형 > 1차면접 > 2차면접 > 채용검진
아트디렉터 공개채용,109,60,20260317,20260327,13,경력 무관,정규직,부산광역시,석사 이상,"전문 컨설팅 조직에서 비주얼 방향·촬영·디자인 품질 총괄을 담당할 아트디렉터를 모집합니다. 이 포지션은 현장의 요구를 실행 가능한 계획과 결과물로 연결하는 역할입니다.

담당 범위는 콘셉트 보드·시안·촬영 결과물를 바탕으로 기준을 수립하고, 우선순위에 따라 과제를 실행하며 품질과 일정을 함께 관리하는 것입니다.

디자인 조직의 동료와 재무·영업·개발·운영 등 유관 부서, 필요한 경우 외부 파트너와 협업해 의사결정에 필요한 정보를 정리합니다.

이슈가 발생하면 사실과 데이터를 먼저 확인하고 원인을 구분한 뒤, 대안을 비교해 합의된 조치를 실행하고 재발 방지 내용을 문서화합니다.

입사 초기에는 기존 자료와 업무 흐름을 파악하고 Adobe Creative Cloud·Figma 환경을 익힌 뒤, 담당 영역의 개선 과제와 표준화 작업을 단계적으로 주도합니다.

성과는 결과물의 정확성, 일정 준수, 이해관계자와의 명확한 소통, 사용자와 사업에 미치는 영향을 기준으로 평가합니다.","- 유관 부서 및 외부 파트너와 기준·일정·결과물 조율
- 검토 회의 운영과 의사결정 근거·변경 이력 문서화
- 성과지표 설정 및 결과 데이터 분석을 통한 개선안 제안
- 업무상 리스크 사전 점검과 문제 발생 시 원인 분석·후속 조치
- 재사용 가능한 체크리스트·가이드·템플릿 정비
- 고객 또는 내부 사용자의 피드백을 반영한 결과물 품질 개선
- 비주얼 방향·촬영·디자인 품질 총괄 관련 연간·분기 실행계획 수립
- 콘셉트 보드·시안·촬영 결과물 수집·정리 및 핵심 이슈 분석","- 비주얼 방향·촬영·디자인 품질 총괄 관련 지식 또는 프로젝트·실무 경험을 보유한 분
- 콘셉트 보드·시안·촬영 결과물를 정확히 해석하고 업무 문서로 구조화할 수 있는 분
- Adobe Creative Cloud·Figma 중 직무에 필요한 도구를 실무에 적용할 수 있는 분
- 유관 부서와 쟁점을 명확히 설명하고 일정에 맞춰 협업할 수 있는 분
- 문제 원인을 근거에 따라 분석하고 실행 가능한 대안을 제시할 수 있는 분
- 업무상 취급하는 개인정보와 기밀정보를 안전하게 관리할 수 있는 분","- 시각디자인기사 보유자
- GTQ 1급 보유자
- Adobe Certified Professional 보유자
- 비주얼 방향·촬영·디자인 품질 총괄 관련 프로젝트를 기획부터 결과 검토까지 수행한 경험
- Adobe Creative Cloud·Figma를 활용해 반복 업무를 개선하거나 품질 기준을 정립한 경험","- 제출한 경력·자격 증빙이 사실과 다른 경우
- 정해진 기한까지 필수 증빙서류를 제출하지 않은 경우
- 해외여행 및 근무에 결격사유가 있는 경우
- 채용 관련 비밀유지 의무를 위반한 경우",서류전형 > 필기전형 > 면접전형 > 최종합격
아트디렉터 프로젝트 담당 모집,98,60,20260522,20260604,16,경력 5년 이상,기간제,광주광역시,학력무관,"글로벌 사업 조직에서 비주얼 방향·촬영·디자인 품질 총괄을 담당할 아트디렉터를 모집합니다. 이 포지션은 현장의 요구를 실행 가능한 계획과 결과물로 연결하는 역할입니다.

담당 범위는 콘셉트 보드·시안·촬영 결과물를 바탕으로 기준을 수립하고, 우선순위에 따라 과제를 실행하며 품질과 일정을 함께 관리하는 것입니다.

디자인 조직의 동료와 재무·영업·개발·운영 등 유관 부서, 필요한 경우 외부 파트너와 협업해 의사결정에 필요한 정보를 정리합니다.

이슈가 발생하면 사실과 데이터를 먼저 확인하고 원인을 구분한 뒤, 대안을 비교해 합의된 조치를 실행하고 재발 방지 내용을 문서화합니다.

입사 초기에는 기존 자료와 업무 흐름을 파악하고 Adobe Creative Cloud·Figma 환경을 익힌 뒤, 담당 영역의 개선 과제와 표준화 작업을 단계적으로 주도합니다.

성과는 결과물의 정확성, 일정 준수, 이해관계자와의 명확한 소통, 사용자와 사업에 미치는 영향을 기준으로 평가합니다.","- 검토 회의 운영과 의사결정 근거·변경 이력 문서화
- 성과지표 설정 및 결과 데이터 분석을 통한 개선안 제안
- 업무상 리스크 사전 점검과 문제 발생 시 원인 분석·후속 조치
- 재사용 가능한 체크리스트·가이드·템플릿 정비
- 고객 또는 내부 사용자의 피드백을 반영한 결과물 품질 개선
- 비주얼 방향·촬영·디자인 품질 총괄 관련 연간·분기 실행계획 수립
- 콘셉트 보드·시안·촬영 결과물 수집·정리 및 핵심 이슈 분석
- Adobe Creative Cloud·Figma를 활용한 업무 산출물 작성과 버전 관리
- 요구사항을 세부 과제와 일정으로 구체화하고 진행 현황 관리","- 비주얼 방향·촬영·디자인 품질 총괄 관련 지식 또는 프로젝트·실무 경험을 보유한 분
- 콘셉트 보드·시안·촬영 결과물를 정확히 해석하고 업무 문서로 구조화할 수 있는 분
- Adobe Creative Cloud·Figma 중 직무에 필요한 도구를 실무에 적용할 수 있는 분
- 유관 부서와 쟁점을 명확히 설명하고 일정에 맞춰 협업할 수 있는 분
- 문제 원인을 근거에 따라 분석하고 실행 가능한 대안을 제시할 수 있는 분
- 업무상 취급하는 개인정보와 기밀정보를 안전하게 관리할 수 있는 분
- 아트디렉터 또는 유사 분야의 5년 이상 실무 경험을 보유한 분","- GTQ 1급 보유자
- Adobe Certified Professional 보유자
- 시각디자인기사 보유자
- 비주얼 방향·촬영·디자인 품질 총괄 관련 프로젝트를 기획부터 결과 검토까지 수행한 경험
- Adobe Creative Cloud·Figma를 활용해 반복 업무를 개선하거나 품질 기준을 정립한 경험
- 외부 파트너 또는 다양한 이해관계자와 복잡한 요구사항을 조율한 경험","- 지원 자격 또는 필수 면허 요건을 충족하지 못한 경우
- 전형 과정에서 타인의 결과물을 무단 사용한 경우
- 채용검진 결과 담당 업무 수행이 곤란한 경우
- 관계 법령상 취업이 제한되는 경우",서류전형 > 실무면접 > 최종면접
아트디렉터 운영 담당자 채용,19,60,20260704,20260720,19,경력,정규직,세종특별자치시,전문학사 이상,"연구개발 중심 조직에서 비주얼 방향·촬영·디자인 품질 총괄을 담당할 아트디렉터를 모집합니다. 이 포지션은 현장의 요구를 실행 가능한 계획과 결과물로 연결하는 역할입니다.

담당 범위는 콘셉트 보드·시안·촬영 결과물를 바탕으로 기준을 수립하고, 우선순위에 따라 과제를 실행하며 품질과 일정을 함께 관리하는 것입니다.

디자인 조직의 동료와 재무·영업·개발·운영 등 유관 부서, 필요한 경우 외부 파트너와 협업해 의사결정에 필요한 정보를 정리합니다.

이슈가 발생하면 사실과 데이터를 먼저 확인하고 원인을 구분한 뒤, 대안을 비교해 합의된 조치를 실행하고 재발 방지 내용을 문서화합니다.

입사 초기에는 기존 자료와 업무 흐름을 파악하고 Adobe Creative Cloud·Figma 환경을 익힌 뒤, 담당 영역의 개선 과제와 표준화 작업을 단계적으로 주도합니다.

성과는 결과물의 정확성, 일정 준수, 이해관계자와의 명확한 소통, 사용자와 사업에 미치는 영향을 기준으로 평가합니다.","- 성과지표 설정 및 결과 데이터 분석을 통한 개선안 제안
- 업무상 리스크 사전 점검과 문제 발생 시 원인 분석·후속 조치
- 재사용 가능한 체크리스트·가이드·템플릿 정비
- 고객 또는 내부 사용자의 피드백을 반영한 결과물 품질 개선
- 비주얼 방향·촬영·디자인 품질 총괄 관련 연간·분기 실행계획 수립
- 콘셉트 보드·시안·촬영 결과물 수집·정리 및 핵심 이슈 분석
- Adobe Creative Cloud·Figma를 활용한 업무 산출물 작성과 버전 관리","- 비주얼 방향·촬영·디자인 품질 총괄 관련 지식 또는 프로젝트·실무 경험을 보유한 분
- 콘셉트 보드·시안·촬영 결과물를 정확히 해석하고 업무 문서로 구조화할 수 있는 분
- Adobe Creative Cloud·Figma 중 직무에 필요한 도구를 실무에 적용할 수 있는 분
- 유관 부서와 쟁점을 명확히 설명하고 일정에 맞춰 협업할 수 있는 분
- 문제 원인을 근거에 따라 분석하고 실행 가능한 대안을 제시할 수 있는 분","- Adobe Certified Professional 보유자
- 시각디자인기사 보유자
- GTQ 1급 보유자
- 비주얼 방향·촬영·디자인 품질 총괄 관련 프로젝트를 기획부터 결과 검토까지 수행한 경험","- 지원서 또는 제출서류를 허위로 기재한 경우
- 채용 과정에서 부정한 방법을 사용한 경우
- 채용검진 결과 직무 수행이 어렵다고 판단되는 경우
- 관련 법령 또는 내부 인사규정상 채용이 불가능한 경우",서류전형 > 인성검사 > 실무면접 > 최종면접
아트디렉터 핵심인재 모집,45,60,20260909,20260928,2,신입·경력,계약직,충청남도,학사 이상,"플랫폼 운영 조직에서 비주얼 방향·촬영·디자인 품질 총괄을 담당할 아트디렉터를 모집합니다. 이 포지션은 현장의 요구를 실행 가능한 계획과 결과물로 연결하는 역할입니다.

담당 범위는 콘셉트 보드·시안·촬영 결과물를 바탕으로 기준을 수립하고, 우선순위에 따라 과제를 실행하며 품질과 일정을 함께 관리하는 것입니다.

디자인 조직의 동료와 재무·영업·개발·운영 등 유관 부서, 필요한 경우 외부 파트너와 협업해 의사결정에 필요한 정보를 정리합니다.

이슈가 발생하면 사실과 데이터를 먼저 확인하고 원인을 구분한 뒤, 대안을 비교해 합의된 조치를 실행하고 재발 방지 내용을 문서화합니다.

입사 초기에는 기존 자료와 업무 흐름을 파악하고 Adobe Creative Cloud·Figma 환경을 익힌 뒤, 담당 영역의 개선 과제와 표준화 작업을 단계적으로 주도합니다.

성과는 결과물의 정확성, 일정 준수, 이해관계자와의 명확한 소통, 사용자와 사업에 미치는 영향을 기준으로 평가합니다.","- 업무상 리스크 사전 점검과 문제 발생 시 원인 분석·후속 조치
- 재사용 가능한 체크리스트·가이드·템플릿 정비
- 고객 또는 내부 사용자의 피드백을 반영한 결과물 품질 개선
- 비주얼 방향·촬영·디자인 품질 총괄 관련 연간·분기 실행계획 수립
- 콘셉트 보드·시안·촬영 결과물 수집·정리 및 핵심 이슈 분석
- Adobe Creative Cloud·Figma를 활용한 업무 산출물 작성과 버전 관리
- 요구사항을 세부 과제와 일정으로 구체화하고 진행 현황 관리
- 유관 부서 및 외부 파트너와 기준·일정·결과물 조율","- 비주얼 방향·촬영·디자인 품질 총괄 관련 지식 또는 프로젝트·실무 경험을 보유한 분
- 콘셉트 보드·시안·촬영 결과물를 정확히 해석하고 업무 문서로 구조화할 수 있는 분
- Adobe Creative Cloud·Figma 중 직무에 필요한 도구를 실무에 적용할 수 있는 분
- 유관 부서와 쟁점을 명확히 설명하고 일정에 맞춰 협업할 수 있는 분
- 문제 원인을 근거에 따라 분석하고 실행 가능한 대안을 제시할 수 있는 분
- 업무상 취급하는 개인정보와 기밀정보를 안전하게 관리할 수 있는 분","- 시각디자인기사 보유자
- GTQ 1급 보유자
- Adobe Certified Professional 보유자
- 비주얼 방향·촬영·디자인 품질 총괄 관련 프로젝트를 기획부터 결과 검토까지 수행한 경험
- Adobe Creative Cloud·Figma를 활용해 반복 업무를 개선하거나 품질 기준을 정립한 경험","- 제출한 경력·자격 증빙이 사실과 다른 경우
- 정해진 기한까지 필수 증빙서류를 제출하지 않은 경우
- 해외여행 및 근무에 결격사유가 있는 경우
- 채용 관련 비밀유지 의무를 위반한 경우",서류전형 > 직무과제 > 실무면접 > 처우협의
아트디렉터 전문가 채용,39,60,20261114,20261206,5,경력 2년 이상,정규직,경상남도,학사 이상,"브랜드 사업 조직에서 비주얼 방향·촬영·디자인 품질 총괄을 담당할 아트디렉터를 모집합니다. 이 포지션은 현장의 요구를 실행 가능한 계획과 결과물로 연결하는 역할입니다.

담당 범위는 콘셉트 보드·시안·촬영 결과물를 바탕으로 기준을 수립하고, 우선순위에 따라 과제를 실행하며 품질과 일정을 함께 관리하는 것입니다.

디자인 조직의 동료와 재무·영업·개발·운영 등 유관 부서, 필요한 경우 외부 파트너와 협업해 의사결정에 필요한 정보를 정리합니다.

이슈가 발생하면 사실과 데이터를 먼저 확인하고 원인을 구분한 뒤, 대안을 비교해 합의된 조치를 실행하고 재발 방지 내용을 문서화합니다.

입사 초기에는 기존 자료와 업무 흐름을 파악하고 Adobe Creative Cloud·Figma 환경을 익힌 뒤, 담당 영역의 개선 과제와 표준화 작업을 단계적으로 주도합니다.

성과는 결과물의 정확성, 일정 준수, 이해관계자와의 명확한 소통, 사용자와 사업에 미치는 영향을 기준으로 평가합니다.","- 재사용 가능한 체크리스트·가이드·템플릿 정비
- 고객 또는 내부 사용자의 피드백을 반영한 결과물 품질 개선
- 비주얼 방향·촬영·디자인 품질 총괄 관련 연간·분기 실행계획 수립
- 콘셉트 보드·시안·촬영 결과물 수집·정리 및 핵심 이슈 분석
- Adobe Creative Cloud·Figma를 활용한 업무 산출물 작성과 버전 관리
- 요구사항을 세부 과제와 일정으로 구체화하고 진행 현황 관리
- 유관 부서 및 외부 파트너와 기준·일정·결과물 조율
- 검토 회의 운영과 의사결정 근거·변경 이력 문서화
- 성과지표 설정 및 결과 데이터 분석을 통한 개선안 제안","- 비주얼 방향·촬영·디자인 품질 총괄 관련 지식 또는 프로젝트·실무 경험을 보유한 분
- 콘셉트 보드·시안·촬영 결과물를 정확히 해석하고 업무 문서로 구조화할 수 있는 분
- Adobe Creative Cloud·Figma 중 직무에 필요한 도구를 실무에 적용할 수 있는 분
- 유관 부서와 쟁점을 명확히 설명하고 일정에 맞춰 협업할 수 있는 분
- 문제 원인을 근거에 따라 분석하고 실행 가능한 대안을 제시할 수 있는 분
- 업무상 취급하는 개인정보와 기밀정보를 안전하게 관리할 수 있는 분
- 아트디렉터 또는 유사 분야의 2년 이상 실무 경험을 보유한 분","- GTQ 1급 보유자
- Adobe Certified Professional 보유자
- 시각디자인기사 보유자
- 비주얼 방향·촬영·디자인 품질 총괄 관련 프로젝트를 기획부터 결과 검토까지 수행한 경험
- Adobe Creative Cloud·Figma를 활용해 반복 업무를 개선하거나 품질 기준을 정립한 경험
- 외부 파트너 또는 다양한 이해관계자와 복잡한 요구사항을 조율한 경험","- 지원 자격 또는 필수 면허 요건을 충족하지 못한 경우
- 전형 과정에서 타인의 결과물을 무단 사용한 경우
- 채용검진 결과 담당 업무 수행이 곤란한 경우
- 관계 법령상 취업이 제한되는 경우",서류전형 > 1차면접 > 2차면접 > 채용검진
아트디렉터 신규 인력 모집,89,60,20260219,20260316,8,경력 3년 이상,무기계약직,제주특별자치도,석사 이상,"지역 기반 전문기관에서 비주얼 방향·촬영·디자인 품질 총괄을 담당할 아트디렉터를 모집합니다. 이 포지션은 현장의 요구를 실행 가능한 계획과 결과물로 연결하는 역할입니다.

담당 범위는 콘셉트 보드·시안·촬영 결과물를 바탕으로 기준을 수립하고, 우선순위에 따라 과제를 실행하며 품질과 일정을 함께 관리하는 것입니다.

디자인 조직의 동료와 재무·영업·개발·운영 등 유관 부서, 필요한 경우 외부 파트너와 협업해 의사결정에 필요한 정보를 정리합니다.

이슈가 발생하면 사실과 데이터를 먼저 확인하고 원인을 구분한 뒤, 대안을 비교해 합의된 조치를 실행하고 재발 방지 내용을 문서화합니다.

입사 초기에는 기존 자료와 업무 흐름을 파악하고 Adobe Creative Cloud·Figma 환경을 익힌 뒤, 담당 영역의 개선 과제와 표준화 작업을 단계적으로 주도합니다.

성과는 결과물의 정확성, 일정 준수, 이해관계자와의 명확한 소통, 사용자와 사업에 미치는 영향을 기준으로 평가합니다.","- 고객 또는 내부 사용자의 피드백을 반영한 결과물 품질 개선
- 비주얼 방향·촬영·디자인 품질 총괄 관련 연간·분기 실행계획 수립
- 콘셉트 보드·시안·촬영 결과물 수집·정리 및 핵심 이슈 분석
- Adobe Creative Cloud·Figma를 활용한 업무 산출물 작성과 버전 관리
- 요구사항을 세부 과제와 일정으로 구체화하고 진행 현황 관리
- 유관 부서 및 외부 파트너와 기준·일정·결과물 조율
- 검토 회의 운영과 의사결정 근거·변경 이력 문서화","- 비주얼 방향·촬영·디자인 품질 총괄 관련 지식 또는 프로젝트·실무 경험을 보유한 분
- 콘셉트 보드·시안·촬영 결과물를 정확히 해석하고 업무 문서로 구조화할 수 있는 분
- Adobe Creative Cloud·Figma 중 직무에 필요한 도구를 실무에 적용할 수 있는 분
- 유관 부서와 쟁점을 명확히 설명하고 일정에 맞춰 협업할 수 있는 분
- 문제 원인을 근거에 따라 분석하고 실행 가능한 대안을 제시할 수 있는 분","- Adobe Certified Professional 보유자
- 시각디자인기사 보유자
- GTQ 1급 보유자
- 비주얼 방향·촬영·디자인 품질 총괄 관련 프로젝트를 기획부터 결과 검토까지 수행한 경험","- 지원서 또는 제출서류를 허위로 기재한 경우
- 채용 과정에서 부정한 방법을 사용한 경우
- 채용검진 결과 직무 수행이 어렵다고 판단되는 경우
- 관련 법령 또는 내부 인사규정상 채용이 불가능한 경우",서류전형 > 필기전형 > 면접전형 > 최종합격
일러스트레이터 담당자 모집,85,61,20260723,20260902,6,경력 2년 이상,계약직,인천광역시,전문학사 이상,"성장 단계 스타트업에서 콘셉트 아트·삽화·디지털 드로잉을 담당할 일러스트레이터를 모집합니다. 이 포지션은 현장의 요구를 실행 가능한 계획과 결과물로 연결하는 역할입니다.

담당 범위는 러프·컬러 스크립트·최종 원화를 바탕으로 기준을 수립하고, 우선순위에 따라 과제를 실행하며 품질과 일정을 함께 관리하는 것입니다.

디자인 조직의 동료와 재무·영업·개발·운영 등 유관 부서, 필요한 경우 외부 파트너와 협업해 의사결정에 필요한 정보를 정리합니다.

이슈가 발생하면 사실과 데이터를 먼저 확인하고 원인을 구분한 뒤, 대안을 비교해 합의된 조치를 실행하고 재발 방지 내용을 문서화합니다.

입사 초기에는 기존 자료와 업무 흐름을 파악하고 Photoshop·Illustrator·Procreate 환경을 익힌 뒤, 담당 영역의 개선 과제와 표준화 작업을 단계적으로 주도합니다.

성과는 결과물의 정확성, 일정 준수, 이해관계자와의 명확한 소통, 사용자와 사업에 미치는 영향을 기준으로 평가합니다.","- 콘셉트 아트·삽화·디지털 드로잉 관련 연간·분기 실행계획 수립
- 러프·컬러 스크립트·최종 원화 수집·정리 및 핵심 이슈 분석
- Photoshop·Illustrator·Procreate를 활용한 업무 산출물 작성과 버전 관리
- 요구사항을 세부 과제와 일정으로 구체화하고 진행 현황 관리
- 유관 부서 및 외부 파트너와 기준·일정·결과물 조율
- 검토 회의 운영과 의사결정 근거·변경 이력 문서화
- 성과지표 설정 및 결과 데이터 분석을 통한 개선안 제안","- 콘셉트 아트·삽화·디지털 드로잉 관련 지식 또는 프로젝트·실무 경험을 보유한 분
- 러프·컬러 스크립트·최종 원화를 정확히 해석하고 업무 문서로 구조화할 수 있는 분
- Photoshop·Illustrator·Procreate 중 직무에 필요한 도구를 실무에 적용할 수 있는 분
- 유관 부서와 쟁점을 명확히 설명하고 일정에 맞춰 협업할 수 있는 분
- 문제 원인을 근거에 따라 분석하고 실행 가능한 대안을 제시할 수 있는 분","- GTQi 일러스트 1급 보유자
- Adobe Certified Professional in Graphic Design & Illustration Using Adobe Illustrator 보유자
- GTQ 1급 보유자
- 콘셉트 아트·삽화·디지털 드로잉 관련 프로젝트를 기획부터 결과 검토까지 수행한 경험","- 제출한 경력·자격 증빙이 사실과 다른 경우
- 정해진 기한까지 필수 증빙서류를 제출하지 않은 경우
- 해외여행 및 근무에 결격사유가 있는 경우
- 채용 관련 비밀유지 의무를 위반한 경우",서류전형 > 인성검사 > 실무면접 > 최종면접
일러스트레이터 실무자 채용,11,61,20260905,20261019,9,신입·경력,정규직,대전광역시,학사 이상,"중견기업 전략 조직에서 콘셉트 아트·삽화·디지털 드로잉을 담당할 일러스트레이터를 모집합니다. 이 포지션은 현장의 요구를 실행 가능한 계획과 결과물로 연결하는 역할입니다.

담당 범위는 러프·컬러 스크립트·최종 원화를 바탕으로 기준을 수립하고, 우선순위에 따라 과제를 실행하며 품질과 일정을 함께 관리하는 것입니다.

디자인 조직의 동료와 재무·영업·개발·운영 등 유관 부서, 필요한 경우 외부 파트너와 협업해 의사결정에 필요한 정보를 정리합니다.

이슈가 발생하면 사실과 데이터를 먼저 확인하고 원인을 구분한 뒤, 대안을 비교해 합의된 조치를 실행하고 재발 방지 내용을 문서화합니다.

입사 초기에는 기존 자료와 업무 흐름을 파악하고 Photoshop·Illustrator·Procreate 환경을 익힌 뒤, 담당 영역의 개선 과제와 표준화 작업을 단계적으로 주도합니다.

성과는 결과물의 정확성, 일정 준수, 이해관계자와의 명확한 소통, 사용자와 사업에 미치는 영향을 기준으로 평가합니다.","- 러프·컬러 스크립트·최종 원화 수집·정리 및 핵심 이슈 분석
- Photoshop·Illustrator·Procreate를 활용한 업무 산출물 작성과 버전 관리
- 요구사항을 세부 과제와 일정으로 구체화하고 진행 현황 관리
- 유관 부서 및 외부 파트너와 기준·일정·결과물 조율
- 검토 회의 운영과 의사결정 근거·변경 이력 문서화
- 성과지표 설정 및 결과 데이터 분석을 통한 개선안 제안
- 업무상 리스크 사전 점검과 문제 발생 시 원인 분석·후속 조치
- 재사용 가능한 체크리스트·가이드·템플릿 정비","- 콘셉트 아트·삽화·디지털 드로잉 관련 지식 또는 프로젝트·실무 경험을 보유한 분
- 러프·컬러 스크립트·최종 원화를 정확히 해석하고 업무 문서로 구조화할 수 있는 분
- Photoshop·Illustrator·Procreate 중 직무에 필요한 도구를 실무에 적용할 수 있는 분
- 유관 부서와 쟁점을 명확히 설명하고 일정에 맞춰 협업할 수 있는 분
- 문제 원인을 근거에 따라 분석하고 실행 가능한 대안을 제시할 수 있는 분
- 업무상 취급하는 개인정보와 기밀정보를 안전하게 관리할 수 있는 분","- Adobe Certified Professional in Graphic Design & Illustration Using Adobe Illustrator 보유자
- GTQ 1급 보유자
- GTQi 일러스트 1급 보유자
- 콘셉트 아트·삽화·디지털 드로잉 관련 프로젝트를 기획부터 결과 검토까지 수행한 경험
- Photoshop·Illustrator·Procreate를 활용해 반복 업무를 개선하거나 품질 기준을 정립한 경험","- 지원 자격 또는 필수 면허 요건을 충족하지 못한 경우
- 전형 과정에서 타인의 결과물을 무단 사용한 경우
- 채용검진 결과 담당 업무 수행이 곤란한 경우
- 관계 법령상 취업이 제한되는 경우",서류전형 > 직무과제 > 실무면접 > 처우협의
일러스트레이터 전문인력 모집,121,61,20261110,20261121,12,경력 3년 이상,무기계약직,부산광역시,학사 이상,"공공서비스 운영기관에서 콘셉트 아트·삽화·디지털 드로잉을 담당할 일러스트레이터를 모집합니다. 이 포지션은 현장의 요구를 실행 가능한 계획과 결과물로 연결하는 역할입니다.

담당 범위는 러프·컬러 스크립트·최종 원화를 바탕으로 기준을 수립하고, 우선순위에 따라 과제를 실행하며 품질과 일정을 함께 관리하는 것입니다.

디자인 조직의 동료와 재무·영업·개발·운영 등 유관 부서, 필요한 경우 외부 파트너와 협업해 의사결정에 필요한 정보를 정리합니다.

이슈가 발생하면 사실과 데이터를 먼저 확인하고 원인을 구분한 뒤, 대안을 비교해 합의된 조치를 실행하고 재발 방지 내용을 문서화합니다.

입사 초기에는 기존 자료와 업무 흐름을 파악하고 Photoshop·Illustrator·Procreate 환경을 익힌 뒤, 담당 영역의 개선 과제와 표준화 작업을 단계적으로 주도합니다.

성과는 결과물의 정확성, 일정 준수, 이해관계자와의 명확한 소통, 사용자와 사업에 미치는 영향을 기준으로 평가합니다.","- Photoshop·Illustrator·Procreate를 활용한 업무 산출물 작성과 버전 관리
- 요구사항을 세부 과제와 일정으로 구체화하고 진행 현황 관리
- 유관 부서 및 외부 파트너와 기준·일정·결과물 조율
- 검토 회의 운영과 의사결정 근거·변경 이력 문서화
- 성과지표 설정 및 결과 데이터 분석을 통한 개선안 제안
- 업무상 리스크 사전 점검과 문제 발생 시 원인 분석·후속 조치
- 재사용 가능한 체크리스트·가이드·템플릿 정비
- 고객 또는 내부 사용자의 피드백을 반영한 결과물 품질 개선
- 콘셉트 아트·삽화·디지털 드로잉 관련 연간·분기 실행계획 수립","- 콘셉트 아트·삽화·디지털 드로잉 관련 지식 또는 프로젝트·실무 경험을 보유한 분
- 러프·컬러 스크립트·최종 원화를 정확히 해석하고 업무 문서로 구조화할 수 있는 분
- Photoshop·Illustrator·Procreate 중 직무에 필요한 도구를 실무에 적용할 수 있는 분
- 유관 부서와 쟁점을 명확히 설명하고 일정에 맞춰 협업할 수 있는 분
- 문제 원인을 근거에 따라 분석하고 실행 가능한 대안을 제시할 수 있는 분
- 업무상 취급하는 개인정보와 기밀정보를 안전하게 관리할 수 있는 분
- 일러스트레이터 또는 유사 분야의 3년 이상 실무 경험을 보유한 분","- GTQ 1급 보유자
- GTQi 일러스트 1급 보유자
- Adobe Certified Professional in Graphic Design & Illustration Using Adobe Illustrator 보유자
- 콘셉트 아트·삽화·디지털 드로잉 관련 프로젝트를 기획부터 결과 검토까지 수행한 경험
- Photoshop·Illustrator·Procreate를 활용해 반복 업무를 개선하거나 품질 기준을 정립한 경험
- 외부 파트너 또는 다양한 이해관계자와 복잡한 요구사항을 조율한 경험","- 지원서 또는 제출서류를 허위로 기재한 경우
- 채용 과정에서 부정한 방법을 사용한 경우
- 채용검진 결과 직무 수행이 어렵다고 판단되는 경우
- 관련 법령 또는 내부 인사규정상 채용이 불가능한 경우",서류전형 > 1차면접 > 2차면접 > 채용검진
일러스트레이터 인재 채용,9,61,20260215,20260301,15,경력 무관,정규직,광주광역시,석사 이상,"전문 컨설팅 조직에서 콘셉트 아트·삽화·디지털 드로잉을 담당할 일러스트레이터를 모집합니다. 이 포지션은 현장의 요구를 실행 가능한 계획과 결과물로 연결하는 역할입니다.

담당 범위는 러프·컬러 스크립트·최종 원화를 바탕으로 기준을 수립하고, 우선순위에 따라 과제를 실행하며 품질과 일정을 함께 관리하는 것입니다.

디자인 조직의 동료와 재무·영업·개발·운영 등 유관 부서, 필요한 경우 외부 파트너와 협업해 의사결정에 필요한 정보를 정리합니다.

이슈가 발생하면 사실과 데이터를 먼저 확인하고 원인을 구분한 뒤, 대안을 비교해 합의된 조치를 실행하고 재발 방지 내용을 문서화합니다.

입사 초기에는 기존 자료와 업무 흐름을 파악하고 Photoshop·Illustrator·Procreate 환경을 익힌 뒤, 담당 영역의 개선 과제와 표준화 작업을 단계적으로 주도합니다.

성과는 결과물의 정확성, 일정 준수, 이해관계자와의 명확한 소통, 사용자와 사업에 미치는 영향을 기준으로 평가합니다.","- 요구사항을 세부 과제와 일정으로 구체화하고 진행 현황 관리
- 유관 부서 및 외부 파트너와 기준·일정·결과물 조율
- 검토 회의 운영과 의사결정 근거·변경 이력 문서화
- 성과지표 설정 및 결과 데이터 분석을 통한 개선안 제안
- 업무상 리스크 사전 점검과 문제 발생 시 원인 분석·후속 조치
- 재사용 가능한 체크리스트·가이드·템플릿 정비
- 고객 또는 내부 사용자의 피드백을 반영한 결과물 품질 개선","- 콘셉트 아트·삽화·디지털 드로잉 관련 지식 또는 프로젝트·실무 경험을 보유한 분
- 러프·컬러 스크립트·최종 원화를 정확히 해석하고 업무 문서로 구조화할 수 있는 분
- Photoshop·Illustrator·Procreate 중 직무에 필요한 도구를 실무에 적용할 수 있는 분
- 유관 부서와 쟁점을 명확히 설명하고 일정에 맞춰 협업할 수 있는 분
- 문제 원인을 근거에 따라 분석하고 실행 가능한 대안을 제시할 수 있는 분","- GTQi 일러스트 1급 보유자
- Adobe Certified Professional in Graphic Design & Illustration Using Adobe Illustrator 보유자
- GTQ 1급 보유자
- 콘셉트 아트·삽화·디지털 드로잉 관련 프로젝트를 기획부터 결과 검토까지 수행한 경험","- 제출한 경력·자격 증빙이 사실과 다른 경우
- 정해진 기한까지 필수 증빙서류를 제출하지 않은 경우
- 해외여행 및 근무에 결격사유가 있는 경우
- 채용 관련 비밀유지 의무를 위반한 경우",서류전형 > 필기전형 > 면접전형 > 최종합격
일러스트레이터 공개채용,119,61,20260420,20260507,18,경력 5년 이상,기간제,세종특별자치시,학력무관,"글로벌 사업 조직에서 콘셉트 아트·삽화·디지털 드로잉을 담당할 일러스트레이터를 모집합니다. 이 포지션은 현장의 요구를 실행 가능한 계획과 결과물로 연결하는 역할입니다.

담당 범위는 러프·컬러 스크립트·최종 원화를 바탕으로 기준을 수립하고, 우선순위에 따라 과제를 실행하며 품질과 일정을 함께 관리하는 것입니다.

디자인 조직의 동료와 재무·영업·개발·운영 등 유관 부서, 필요한 경우 외부 파트너와 협업해 의사결정에 필요한 정보를 정리합니다.

이슈가 발생하면 사실과 데이터를 먼저 확인하고 원인을 구분한 뒤, 대안을 비교해 합의된 조치를 실행하고 재발 방지 내용을 문서화합니다.

입사 초기에는 기존 자료와 업무 흐름을 파악하고 Photoshop·Illustrator·Procreate 환경을 익힌 뒤, 담당 영역의 개선 과제와 표준화 작업을 단계적으로 주도합니다.

성과는 결과물의 정확성, 일정 준수, 이해관계자와의 명확한 소통, 사용자와 사업에 미치는 영향을 기준으로 평가합니다.","- 유관 부서 및 외부 파트너와 기준·일정·결과물 조율
- 검토 회의 운영과 의사결정 근거·변경 이력 문서화
- 성과지표 설정 및 결과 데이터 분석을 통한 개선안 제안
- 업무상 리스크 사전 점검과 문제 발생 시 원인 분석·후속 조치
- 재사용 가능한 체크리스트·가이드·템플릿 정비
- 고객 또는 내부 사용자의 피드백을 반영한 결과물 품질 개선
- 콘셉트 아트·삽화·디지털 드로잉 관련 연간·분기 실행계획 수립
- 러프·컬러 스크립트·최종 원화 수집·정리 및 핵심 이슈 분석","- 콘셉트 아트·삽화·디지털 드로잉 관련 지식 또는 프로젝트·실무 경험을 보유한 분
- 러프·컬러 스크립트·최종 원화를 정확히 해석하고 업무 문서로 구조화할 수 있는 분
- Photoshop·Illustrator·Procreate 중 직무에 필요한 도구를 실무에 적용할 수 있는 분
- 유관 부서와 쟁점을 명확히 설명하고 일정에 맞춰 협업할 수 있는 분
- 문제 원인을 근거에 따라 분석하고 실행 가능한 대안을 제시할 수 있는 분
- 업무상 취급하는 개인정보와 기밀정보를 안전하게 관리할 수 있는 분","- Adobe Certified Professional in Graphic Design & Illustration Using Adobe Illustrator 보유자
- GTQ 1급 보유자
- GTQi 일러스트 1급 보유자
- 콘셉트 아트·삽화·디지털 드로잉 관련 프로젝트를 기획부터 결과 검토까지 수행한 경험
- Photoshop·Illustrator·Procreate를 활용해 반복 업무를 개선하거나 품질 기준을 정립한 경험","- 지원 자격 또는 필수 면허 요건을 충족하지 못한 경우
- 전형 과정에서 타인의 결과물을 무단 사용한 경우
- 채용검진 결과 담당 업무 수행이 곤란한 경우
- 관계 법령상 취업이 제한되는 경우",서류전형 > 실무면접 > 최종면접
일러스트레이터 프로젝트 담당 모집,157,61,20260602,20260622,1,경력,정규직,충청남도,전문학사 이상,"연구개발 중심 조직에서 콘셉트 아트·삽화·디지털 드로잉을 담당할 일러스트레이터를 모집합니다. 이 포지션은 현장의 요구를 실행 가능한 계획과 결과물로 연결하는 역할입니다.

담당 범위는 러프·컬러 스크립트·최종 원화를 바탕으로 기준을 수립하고, 우선순위에 따라 과제를 실행하며 품질과 일정을 함께 관리하는 것입니다.

디자인 조직의 동료와 재무·영업·개발·운영 등 유관 부서, 필요한 경우 외부 파트너와 협업해 의사결정에 필요한 정보를 정리합니다.

이슈가 발생하면 사실과 데이터를 먼저 확인하고 원인을 구분한 뒤, 대안을 비교해 합의된 조치를 실행하고 재발 방지 내용을 문서화합니다.

입사 초기에는 기존 자료와 업무 흐름을 파악하고 Photoshop·Illustrator·Procreate 환경을 익힌 뒤, 담당 영역의 개선 과제와 표준화 작업을 단계적으로 주도합니다.

성과는 결과물의 정확성, 일정 준수, 이해관계자와의 명확한 소통, 사용자와 사업에 미치는 영향을 기준으로 평가합니다.","- 검토 회의 운영과 의사결정 근거·변경 이력 문서화
- 성과지표 설정 및 결과 데이터 분석을 통한 개선안 제안
- 업무상 리스크 사전 점검과 문제 발생 시 원인 분석·후속 조치
- 재사용 가능한 체크리스트·가이드·템플릿 정비
- 고객 또는 내부 사용자의 피드백을 반영한 결과물 품질 개선
- 콘셉트 아트·삽화·디지털 드로잉 관련 연간·분기 실행계획 수립
- 러프·컬러 스크립트·최종 원화 수집·정리 및 핵심 이슈 분석
- Photoshop·Illustrator·Procreate를 활용한 업무 산출물 작성과 버전 관리
- 요구사항을 세부 과제와 일정으로 구체화하고 진행 현황 관리","- 콘셉트 아트·삽화·디지털 드로잉 관련 지식 또는 프로젝트·실무 경험을 보유한 분
- 러프·컬러 스크립트·최종 원화를 정확히 해석하고 업무 문서로 구조화할 수 있는 분
- Photoshop·Illustrator·Procreate 중 직무에 필요한 도구를 실무에 적용할 수 있는 분
- 유관 부서와 쟁점을 명확히 설명하고 일정에 맞춰 협업할 수 있는 분
- 문제 원인을 근거에 따라 분석하고 실행 가능한 대안을 제시할 수 있는 분
- 업무상 취급하는 개인정보와 기밀정보를 안전하게 관리할 수 있는 분
- 일러스트레이터 또는 유사 분야의 경력 실무 경험을 보유한 분","- GTQ 1급 보유자
- GTQi 일러스트 1급 보유자
- Adobe Certified Professional in Graphic Design & Illustration Using Adobe Illustrator 보유자
- 콘셉트 아트·삽화·디지털 드로잉 관련 프로젝트를 기획부터 결과 검토까지 수행한 경험
- Photoshop·Illustrator·Procreate를 활용해 반복 업무를 개선하거나 품질 기준을 정립한 경험
- 외부 파트너 또는 다양한 이해관계자와 복잡한 요구사항을 조율한 경험","- 지원서 또는 제출서류를 허위로 기재한 경우
- 채용 과정에서 부정한 방법을 사용한 경우
- 채용검진 결과 직무 수행이 어렵다고 판단되는 경우
- 관련 법령 또는 내부 인사규정상 채용이 불가능한 경우",서류전형 > 인성검사 > 실무면접 > 최종면접
일러스트레이터 운영 담당자 채용,49,61,20260807,20260830,4,신입·경력,계약직,경상남도,학사 이상,"플랫폼 운영 조직에서 콘셉트 아트·삽화·디지털 드로잉을 담당할 일러스트레이터를 모집합니다. 이 포지션은 현장의 요구를 실행 가능한 계획과 결과물로 연결하는 역할입니다.

담당 범위는 러프·컬러 스크립트·최종 원화를 바탕으로 기준을 수립하고, 우선순위에 따라 과제를 실행하며 품질과 일정을 함께 관리하는 것입니다.

디자인 조직의 동료와 재무·영업·개발·운영 등 유관 부서, 필요한 경우 외부 파트너와 협업해 의사결정에 필요한 정보를 정리합니다.

이슈가 발생하면 사실과 데이터를 먼저 확인하고 원인을 구분한 뒤, 대안을 비교해 합의된 조치를 실행하고 재발 방지 내용을 문서화합니다.

입사 초기에는 기존 자료와 업무 흐름을 파악하고 Photoshop·Illustrator·Procreate 환경을 익힌 뒤, 담당 영역의 개선 과제와 표준화 작업을 단계적으로 주도합니다.

성과는 결과물의 정확성, 일정 준수, 이해관계자와의 명확한 소통, 사용자와 사업에 미치는 영향을 기준으로 평가합니다.","- 성과지표 설정 및 결과 데이터 분석을 통한 개선안 제안
- 업무상 리스크 사전 점검과 문제 발생 시 원인 분석·후속 조치
- 재사용 가능한 체크리스트·가이드·템플릿 정비
- 고객 또는 내부 사용자의 피드백을 반영한 결과물 품질 개선
- 콘셉트 아트·삽화·디지털 드로잉 관련 연간·분기 실행계획 수립
- 러프·컬러 스크립트·최종 원화 수집·정리 및 핵심 이슈 분석
- Photoshop·Illustrator·Procreate를 활용한 업무 산출물 작성과 버전 관리","- 콘셉트 아트·삽화·디지털 드로잉 관련 지식 또는 프로젝트·실무 경험을 보유한 분
- 러프·컬러 스크립트·최종 원화를 정확히 해석하고 업무 문서로 구조화할 수 있는 분
- Photoshop·Illustrator·Procreate 중 직무에 필요한 도구를 실무에 적용할 수 있는 분
- 유관 부서와 쟁점을 명확히 설명하고 일정에 맞춰 협업할 수 있는 분
- 문제 원인을 근거에 따라 분석하고 실행 가능한 대안을 제시할 수 있는 분","- GTQi 일러스트 1급 보유자
- Adobe Certified Professional in Graphic Design & Illustration Using Adobe Illustrator 보유자
- GTQ 1급 보유자
- 콘셉트 아트·삽화·디지털 드로잉 관련 프로젝트를 기획부터 결과 검토까지 수행한 경험","- 제출한 경력·자격 증빙이 사실과 다른 경우
- 정해진 기한까지 필수 증빙서류를 제출하지 않은 경우
- 해외여행 및 근무에 결격사유가 있는 경우
- 채용 관련 비밀유지 의무를 위반한 경우",서류전형 > 직무과제 > 실무면접 > 처우협의
일러스트레이터 핵심인재 모집,52,61,20261012,20261107,7,경력 2년 이상,정규직,제주특별자치도,학사 이상,"브랜드 사업 조직에서 콘셉트 아트·삽화·디지털 드로잉을 담당할 일러스트레이터를 모집합니다. 이 포지션은 현장의 요구를 실행 가능한 계획과 결과물로 연결하는 역할입니다.

담당 범위는 러프·컬러 스크립트·최종 원화를 바탕으로 기준을 수립하고, 우선순위에 따라 과제를 실행하며 품질과 일정을 함께 관리하는 것입니다.

디자인 조직의 동료와 재무·영업·개발·운영 등 유관 부서, 필요한 경우 외부 파트너와 협업해 의사결정에 필요한 정보를 정리합니다.

이슈가 발생하면 사실과 데이터를 먼저 확인하고 원인을 구분한 뒤, 대안을 비교해 합의된 조치를 실행하고 재발 방지 내용을 문서화합니다.

입사 초기에는 기존 자료와 업무 흐름을 파악하고 Photoshop·Illustrator·Procreate 환경을 익힌 뒤, 담당 영역의 개선 과제와 표준화 작업을 단계적으로 주도합니다.

성과는 결과물의 정확성, 일정 준수, 이해관계자와의 명확한 소통, 사용자와 사업에 미치는 영향을 기준으로 평가합니다.","- 업무상 리스크 사전 점검과 문제 발생 시 원인 분석·후속 조치
- 재사용 가능한 체크리스트·가이드·템플릿 정비
- 고객 또는 내부 사용자의 피드백을 반영한 결과물 품질 개선
- 콘셉트 아트·삽화·디지털 드로잉 관련 연간·분기 실행계획 수립
- 러프·컬러 스크립트·최종 원화 수집·정리 및 핵심 이슈 분석
- Photoshop·Illustrator·Procreate를 활용한 업무 산출물 작성과 버전 관리
- 요구사항을 세부 과제와 일정으로 구체화하고 진행 현황 관리
- 유관 부서 및 외부 파트너와 기준·일정·결과물 조율","- 콘셉트 아트·삽화·디지털 드로잉 관련 지식 또는 프로젝트·실무 경험을 보유한 분
- 러프·컬러 스크립트·최종 원화를 정확히 해석하고 업무 문서로 구조화할 수 있는 분
- Photoshop·Illustrator·Procreate 중 직무에 필요한 도구를 실무에 적용할 수 있는 분
- 유관 부서와 쟁점을 명확히 설명하고 일정에 맞춰 협업할 수 있는 분
- 문제 원인을 근거에 따라 분석하고 실행 가능한 대안을 제시할 수 있는 분
- 업무상 취급하는 개인정보와 기밀정보를 안전하게 관리할 수 있는 분","- Adobe Certified Professional in Graphic Design & Illustration Using Adobe Illustrator 보유자
- GTQ 1급 보유자
- GTQi 일러스트 1급 보유자
- 콘셉트 아트·삽화·디지털 드로잉 관련 프로젝트를 기획부터 결과 검토까지 수행한 경험
- Photoshop·Illustrator·Procreate를 활용해 반복 업무를 개선하거나 품질 기준을 정립한 경험","- 지원 자격 또는 필수 면허 요건을 충족하지 못한 경우
- 전형 과정에서 타인의 결과물을 무단 사용한 경우
- 채용검진 결과 담당 업무 수행이 곤란한 경우
- 관계 법령상 취업이 제한되는 경우",서류전형 > 1차면접 > 2차면접 > 채용검진
일러스트레이터 전문가 채용,145,61,20260117,20260215,10,경력 3년 이상,무기계약직,서울특별시,석사 이상,"지역 기반 전문기관에서 콘셉트 아트·삽화·디지털 드로잉을 담당할 일러스트레이터를 모집합니다. 이 포지션은 현장의 요구를 실행 가능한 계획과 결과물로 연결하는 역할입니다.

담당 범위는 러프·컬러 스크립트·최종 원화를 바탕으로 기준을 수립하고, 우선순위에 따라 과제를 실행하며 품질과 일정을 함께 관리하는 것입니다.

디자인 조직의 동료와 재무·영업·개발·운영 등 유관 부서, 필요한 경우 외부 파트너와 협업해 의사결정에 필요한 정보를 정리합니다.

이슈가 발생하면 사실과 데이터를 먼저 확인하고 원인을 구분한 뒤, 대안을 비교해 합의된 조치를 실행하고 재발 방지 내용을 문서화합니다.

입사 초기에는 기존 자료와 업무 흐름을 파악하고 Photoshop·Illustrator·Procreate 환경을 익힌 뒤, 담당 영역의 개선 과제와 표준화 작업을 단계적으로 주도합니다.

성과는 결과물의 정확성, 일정 준수, 이해관계자와의 명확한 소통, 사용자와 사업에 미치는 영향을 기준으로 평가합니다.","- 재사용 가능한 체크리스트·가이드·템플릿 정비
- 고객 또는 내부 사용자의 피드백을 반영한 결과물 품질 개선
- 콘셉트 아트·삽화·디지털 드로잉 관련 연간·분기 실행계획 수립
- 러프·컬러 스크립트·최종 원화 수집·정리 및 핵심 이슈 분석
- Photoshop·Illustrator·Procreate를 활용한 업무 산출물 작성과 버전 관리
- 요구사항을 세부 과제와 일정으로 구체화하고 진행 현황 관리
- 유관 부서 및 외부 파트너와 기준·일정·결과물 조율
- 검토 회의 운영과 의사결정 근거·변경 이력 문서화
- 성과지표 설정 및 결과 데이터 분석을 통한 개선안 제안","- 콘셉트 아트·삽화·디지털 드로잉 관련 지식 또는 프로젝트·실무 경험을 보유한 분
- 러프·컬러 스크립트·최종 원화를 정확히 해석하고 업무 문서로 구조화할 수 있는 분
- Photoshop·Illustrator·Procreate 중 직무에 필요한 도구를 실무에 적용할 수 있는 분
- 유관 부서와 쟁점을 명확히 설명하고 일정에 맞춰 협업할 수 있는 분
- 문제 원인을 근거에 따라 분석하고 실행 가능한 대안을 제시할 수 있는 분
- 업무상 취급하는 개인정보와 기밀정보를 안전하게 관리할 수 있는 분
- 일러스트레이터 또는 유사 분야의 3년 이상 실무 경험을 보유한 분","- GTQ 1급 보유자
- GTQi 일러스트 1급 보유자
- Adobe Certified Professional in Graphic Design & Illustration Using Adobe Illustrator 보유자
- 콘셉트 아트·삽화·디지털 드로잉 관련 프로젝트를 기획부터 결과 검토까지 수행한 경험
- Photoshop·Illustrator·Procreate를 활용해 반복 업무를 개선하거나 품질 기준을 정립한 경험
- 외부 파트너 또는 다양한 이해관계자와 복잡한 요구사항을 조율한 경험","- 지원서 또는 제출서류를 허위로 기재한 경우
- 채용 과정에서 부정한 방법을 사용한 경우
- 채용검진 결과 직무 수행이 어렵다고 판단되는 경우
- 관련 법령 또는 내부 인사규정상 채용이 불가능한 경우",서류전형 > 필기전형 > 면접전형 > 최종합격
일러스트레이터 신규 인력 모집,81,61,20260322,20260423,13,신입,정규직,경기도,학력무관,"디지털 서비스 조직에서 콘셉트 아트·삽화·디지털 드로잉을 담당할 일러스트레이터를 모집합니다. 이 포지션은 현장의 요구를 실행 가능한 계획과 결과물로 연결하는 역할입니다.

담당 범위는 러프·컬러 스크립트·최종 원화를 바탕으로 기준을 수립하고, 우선순위에 따라 과제를 실행하며 품질과 일정을 함께 관리하는 것입니다.

디자인 조직의 동료와 재무·영업·개발·운영 등 유관 부서, 필요한 경우 외부 파트너와 협업해 의사결정에 필요한 정보를 정리합니다.

이슈가 발생하면 사실과 데이터를 먼저 확인하고 원인을 구분한 뒤, 대안을 비교해 합의된 조치를 실행하고 재발 방지 내용을 문서화합니다.

입사 초기에는 기존 자료와 업무 흐름을 파악하고 Photoshop·Illustrator·Procreate 환경을 익힌 뒤, 담당 영역의 개선 과제와 표준화 작업을 단계적으로 주도합니다.

성과는 결과물의 정확성, 일정 준수, 이해관계자와의 명확한 소통, 사용자와 사업에 미치는 영향을 기준으로 평가합니다.","- 고객 또는 내부 사용자의 피드백을 반영한 결과물 품질 개선
- 콘셉트 아트·삽화·디지털 드로잉 관련 연간·분기 실행계획 수립
- 러프·컬러 스크립트·최종 원화 수집·정리 및 핵심 이슈 분석
- Photoshop·Illustrator·Procreate를 활용한 업무 산출물 작성과 버전 관리
- 요구사항을 세부 과제와 일정으로 구체화하고 진행 현황 관리
- 유관 부서 및 외부 파트너와 기준·일정·결과물 조율
- 검토 회의 운영과 의사결정 근거·변경 이력 문서화","- 콘셉트 아트·삽화·디지털 드로잉 관련 지식 또는 프로젝트·실무 경험을 보유한 분
- 러프·컬러 스크립트·최종 원화를 정확히 해석하고 업무 문서로 구조화할 수 있는 분
- Photoshop·Illustrator·Procreate 중 직무에 필요한 도구를 실무에 적용할 수 있는 분
- 유관 부서와 쟁점을 명확히 설명하고 일정에 맞춰 협업할 수 있는 분
- 문제 원인을 근거에 따라 분석하고 실행 가능한 대안을 제시할 수 있는 분","- GTQi 일러스트 1급 보유자
- Adobe Certified Professional in Graphic Design & Illustration Using Adobe Illustrator 보유자
- GTQ 1급 보유자
- 콘셉트 아트·삽화·디지털 드로잉 관련 프로젝트를 기획부터 결과 검토까지 수행한 경험","- 제출한 경력·자격 증빙이 사실과 다른 경우
- 정해진 기한까지 필수 증빙서류를 제출하지 않은 경우
- 해외여행 및 근무에 결격사유가 있는 경우
- 채용 관련 비밀유지 의무를 위반한 경우",서류전형 > 실무면접 > 최종면접
