job_posting_id,title,company_id,job_role_id,start_ymd,end_ymd,headcount,career_type,hire_type_lst,region_lst,edu_level_lst,position_detail,main_duty,qualification,preference,disqualify_reason,process
611,물류관리자 서비스 담당,8,62,20260105,20260115,1,경력 무관,무기계약직,경상남도,학사 이상,"공공서비스 운영기관에서 물류센터 운영과 재고 흐름을 관리하는 실무형 포지션을(를) 맡을 물류관리자를 모집합니다.

이번 포지션은 입출고 계획, 재고 정확도, 운송사 배차, WMS 운영을 중심으로 운영 현장의 품질과 일정, 고객 경험을 함께 관리하는 역할입니다.

정확한 실행력과 협업을 바탕으로 안정적인 운영을 함께 만들어 갈 분을 찾습니다.

유관 부서 및 외부 파트너와 업무 기준을 공유하고, 이슈 발생 시 원인을 정리해 재발 방지 방안을 실행합니다.

초기에는 담당 업무의 프로세스와 시스템을 익히고, 이후에는 담당 영역의 지표 개선과 운영 표준화까지 주도하게 됩니다.","• 입출고 계획, 재고 정확도, 운송사 배차, WMS 운영 및 일일 운영 현황 관리
• 업무 일정·실적·품질 지표 점검 및 보고
• 관련 시스템과 문서의 정확한 입력·관리
• 고객·협력사·유관 부서 문의 대응 및 이슈 조율
• 업무 절차 개선과 운영 리스크 사전 점검
• 주요 이슈 원인 분석 및 후속 조치 관리
• 정기 회의 자료 작성과 진행 현황 공유
• 현장 안전·보안·개인정보 보호 기준 준수","• 물류관리·SCM 또는 산업공학 관련 전공 관련 기본 지식 또는 실무 경험을 보유한 분
• 필수 자격·면허: 물류관리사 보유자 또는 입사 전 취득 가능한 분
• 맡은 업무를 정확하게 기록하고 마감까지 책임질 수 있는 분
• 문서작성, 이메일, 스프레드시트 등 기본 업무도구 활용이 가능한 분
• 고객 및 유관 부서와 원활하게 소통하고 요청사항을 정리할 수 있는 분
• 예상하지 못한 상황에서도 우선순위를 판단해 대응할 수 있는 분
• 업무상 취급하는 자료와 고객 정보를 안전하게 관리할 수 있는 분
• 교대·주말·현장 근무가 포함될 수 있는 일정에 대응 가능한 분","• 물류관리자 또는 유사 직무 경력 보유자
• 직무 관련 자격·면허 보유자: 물류관리사
• 직무 관련 자격·면허 보유자: 지게차운전기능사
• ERP, WMS, CRM, POS 등 직무 관련 시스템 사용 경험자
• 수치와 데이터를 활용한 실적 분석 경험자
• 다양한 이해관계자와 협업해 문제를 해결한 경험자
• 외국어 또는 관련 법규·안전 기준을 활용할 수 있는 분","• 지원서 및 제출서류의 허위기재 또는 허위 제출
• 채용 과정에서 본인 확인이 불가능한 경우
• 채용검진 결과 업무 수행에 부적합하다고 판단되는 경우
• 해외여행 및 근무에 결격사유가 있는 경우
• 기타 회사 또는 기관의 인사규정상 채용이 불가능한 경우",서류전형 > 직무과제 > 실무면접 > 최종합격
612,물류관리자 담당자,22,62,20260122,20260208,12,신입,기간제,부산광역시,석사 이상,"대기업 사업부에서 물류센터 운영과 재고 흐름을 관리하는 실무형 포지션을(를) 맡을 물류관리자를 모집합니다.

이번 포지션은 입출고 계획, 재고 정확도, 운송사 배차, WMS 운영을 중심으로 운영 현장의 품질과 일정, 고객 경험을 함께 관리하는 역할입니다.

현장과 유관 부서의 요구를 연결하며 업무 품질을 높이는 역할입니다.

유관 부서 및 외부 파트너와 업무 기준을 공유하고, 이슈 발생 시 원인을 정리해 재발 방지 방안을 실행합니다.

초기에는 담당 업무의 프로세스와 시스템을 익히고, 이후에는 담당 영역의 지표 개선과 운영 표준화까지 주도하게 됩니다.","• 입출고 계획, 재고 정확도, 운송사 배차, WMS 운영 및 일일 운영 현황 관리
• 업무 일정·실적·품질 지표 점검 및 보고
• 관련 시스템과 문서의 정확한 입력·관리
• 고객·협력사·유관 부서 문의 대응 및 이슈 조율
• 업무 절차 개선과 운영 리스크 사전 점검
• 주요 이슈 원인 분석 및 후속 조치 관리
• 정기 회의 자료 작성과 진행 현황 공유
• 업무 매뉴얼 정비와 신규 구성원 온보딩 지원","• 물류관리·SCM 또는 산업공학 관련 전공 관련 기본 지식 또는 실무 경험을 보유한 분
• 필수 자격·면허: 물류관리사 보유자 또는 입사 전 취득 가능한 분
• 맡은 업무를 정확하게 기록하고 마감까지 책임질 수 있는 분
• 문서작성, 이메일, 스프레드시트 등 기본 업무도구 활용이 가능한 분
• 고객 및 유관 부서와 원활하게 소통하고 요청사항을 정리할 수 있는 분
• 예상하지 못한 상황에서도 우선순위를 판단해 대응할 수 있는 분
• 업무상 취급하는 자료와 고객 정보를 안전하게 관리할 수 있는 분
• 직무 관련 교육을 꾸준히 이수하며 전문성을 높일 분","• 물류관리자 또는 유사 직무 경력 보유자
• 직무 관련 자격·면허 보유자: 물류관리사
• 직무 관련 자격·면허 보유자: 지게차운전기능사
• ERP, WMS, CRM, POS 등 직무 관련 시스템 사용 경험자
• 수치와 데이터를 활용한 실적 분석 경험자
• 다양한 이해관계자와 협업해 문제를 해결한 경험자
• 신규 프로세스 구축이나 업무 자동화 경험자","• 지원서 및 제출서류의 허위기재 또는 허위 제출
• 채용 과정에서 본인 확인이 불가능한 경우
• 채용검진 결과 업무 수행에 부적합하다고 판단되는 경우
• 해외여행 및 근무에 결격사유가 있는 경우
• 기타 회사 또는 기관의 인사규정상 채용이 불가능한 경우",서류전형 > 1차면접 > 2차면접 > 채용검진
613,물류관리자 실무자,105,62,20260208,20260304,3,경력,정규직,광주광역시,박사 이상,"중견 제조기업에서 물류센터 운영과 재고 흐름을 관리하는 실무형 포지션을(를) 맡을 물류관리자를 모집합니다.

이번 포지션은 입출고 계획, 재고 정확도, 운송사 배차, WMS 운영을 중심으로 운영 현장의 품질과 일정, 고객 경험을 함께 관리하는 역할입니다.

업무 기준을 준수하면서도 개선점을 주도적으로 제안할 수 있는 분을 기다립니다.

유관 부서 및 외부 파트너와 업무 기준을 공유하고, 이슈 발생 시 원인을 정리해 재발 방지 방안을 실행합니다.

초기에는 담당 업무의 프로세스와 시스템을 익히고, 이후에는 담당 영역의 지표 개선과 운영 표준화까지 주도하게 됩니다.","• 입출고 계획, 재고 정확도, 운송사 배차, WMS 운영 및 일일 운영 현황 관리
• 업무 일정·실적·품질 지표 점검 및 보고
• 관련 시스템과 문서의 정확한 입력·관리
• 고객·협력사·유관 부서 문의 대응 및 이슈 조율
• 업무 절차 개선과 운영 리스크 사전 점검
• 주요 이슈 원인 분석 및 후속 조치 관리
• 정기 회의 자료 작성과 진행 현황 공유
• 현장 안전·보안·개인정보 보호 기준 준수","• 물류관리·SCM 또는 산업공학 관련 전공 관련 기본 지식 또는 실무 경험을 보유한 분
• 필수 자격·면허: 물류관리사 보유자 또는 입사 전 취득 가능한 분
• 맡은 업무를 정확하게 기록하고 마감까지 책임질 수 있는 분
• 문서작성, 이메일, 스프레드시트 등 기본 업무도구 활용이 가능한 분
• 고객 및 유관 부서와 원활하게 소통하고 요청사항을 정리할 수 있는 분
• 예상하지 못한 상황에서도 우선순위를 판단해 대응할 수 있는 분
• 업무상 취급하는 자료와 고객 정보를 안전하게 관리할 수 있는 분
• 직무 관련 교육을 꾸준히 이수하며 전문성을 높일 분","• 물류관리자 또는 유사 직무 경력 보유자
• 직무 관련 자격·면허 보유자: 물류관리사
• 직무 관련 자격·면허 보유자: 지게차운전기능사
• ERP, WMS, CRM, POS 등 직무 관련 시스템 사용 경험자
• 수치와 데이터를 활용한 실적 분석 경험자
• 다양한 이해관계자와 협업해 문제를 해결한 경험자
• 외국어 또는 관련 법규·안전 기준을 활용할 수 있는 분","• 지원서 및 제출서류의 허위기재 또는 허위 제출
• 채용 과정에서 본인 확인이 불가능한 경우
• 채용검진 결과 업무 수행에 부적합하다고 판단되는 경우
• 해외여행 및 근무에 결격사유가 있는 경우
• 기타 회사 또는 기관의 인사규정상 채용이 불가능한 경우",서류전형 > 필기전형 > 면접전형 > 최종합격
614,물류관리자 운영 매니저,132,62,20260225,20260328,14,신입·경력,계약직,경기도,학력무관,"전문 중소기업에서 물류센터 운영과 재고 흐름을 관리하는 실무형 포지션을(를) 맡을 물류관리자를 모집합니다.

이번 포지션은 입출고 계획, 재고 정확도, 운송사 배차, WMS 운영을 중심으로 운영 현장의 품질과 일정, 고객 경험을 함께 관리하는 역할입니다.

고객과 동료에게 신뢰를 주는 태도로 맡은 업무를 끝까지 책임지는 포지션입니다.

유관 부서 및 외부 파트너와 업무 기준을 공유하고, 이슈 발생 시 원인을 정리해 재발 방지 방안을 실행합니다.

초기에는 담당 업무의 프로세스와 시스템을 익히고, 이후에는 담당 영역의 지표 개선과 운영 표준화까지 주도하게 됩니다.","• 입출고 계획, 재고 정확도, 운송사 배차, WMS 운영 및 일일 운영 현황 관리
• 업무 일정·실적·품질 지표 점검 및 보고
• 관련 시스템과 문서의 정확한 입력·관리
• 고객·협력사·유관 부서 문의 대응 및 이슈 조율
• 업무 절차 개선과 운영 리스크 사전 점검
• 주요 이슈 원인 분석 및 후속 조치 관리
• 정기 회의 자료 작성과 진행 현황 공유
• 업무 매뉴얼 정비와 신규 구성원 온보딩 지원","• 물류관리·SCM 또는 산업공학 관련 전공 관련 기본 지식 또는 실무 경험을 보유한 분
• 필수 자격·면허: 물류관리사 보유자 또는 입사 전 취득 가능한 분
• 맡은 업무를 정확하게 기록하고 마감까지 책임질 수 있는 분
• 문서작성, 이메일, 스프레드시트 등 기본 업무도구 활용이 가능한 분
• 고객 및 유관 부서와 원활하게 소통하고 요청사항을 정리할 수 있는 분
• 예상하지 못한 상황에서도 우선순위를 판단해 대응할 수 있는 분
• 업무상 취급하는 자료와 고객 정보를 안전하게 관리할 수 있는 분
• 교대·주말·현장 근무가 포함될 수 있는 일정에 대응 가능한 분","• 물류관리자 또는 유사 직무 경력 보유자
• 직무 관련 자격·면허 보유자: 물류관리사
• 직무 관련 자격·면허 보유자: 지게차운전기능사
• ERP, WMS, CRM, POS 등 직무 관련 시스템 사용 경험자
• 수치와 데이터를 활용한 실적 분석 경험자
• 다양한 이해관계자와 협업해 문제를 해결한 경험자
• 신규 프로세스 구축이나 업무 자동화 경험자","• 지원서 및 제출서류의 허위기재 또는 허위 제출
• 채용 과정에서 본인 확인이 불가능한 경우
• 채용검진 결과 업무 수행에 부적합하다고 판단되는 경우
• 해외여행 및 근무에 결격사유가 있는 경우
• 기타 회사 또는 기관의 인사규정상 채용이 불가능한 경우",서류전형 > 실무면접 > 최종면접
615,물류관리자 전문 인력,80,62,20260314,20260421,5,경력 2년 이상,무기계약직,충청남도,전문학사 이상,"성장 단계 스타트업에서 물류센터 운영과 재고 흐름을 관리하는 실무형 포지션을(를) 맡을 물류관리자를 모집합니다.

이번 포지션은 입출고 계획, 재고 정확도, 운송사 배차, WMS 운영을 중심으로 운영 현장의 품질과 일정, 고객 경험을 함께 관리하는 역할입니다.

데이터와 현장 감각을 함께 활용해 반복 업무를 효율화하는 역할입니다.

유관 부서 및 외부 파트너와 업무 기준을 공유하고, 이슈 발생 시 원인을 정리해 재발 방지 방안을 실행합니다.

초기에는 담당 업무의 프로세스와 시스템을 익히고, 이후에는 담당 영역의 지표 개선과 운영 표준화까지 주도하게 됩니다.","• 입출고 계획, 재고 정확도, 운송사 배차, WMS 운영 및 일일 운영 현황 관리
• 업무 일정·실적·품질 지표 점검 및 보고
• 관련 시스템과 문서의 정확한 입력·관리
• 고객·협력사·유관 부서 문의 대응 및 이슈 조율
• 업무 절차 개선과 운영 리스크 사전 점검
• 주요 이슈 원인 분석 및 후속 조치 관리
• 정기 회의 자료 작성과 진행 현황 공유
• 현장 안전·보안·개인정보 보호 기준 준수","• 물류관리·SCM 또는 산업공학 관련 전공 관련 기본 지식 또는 실무 경험을 보유한 분
• 필수 자격·면허: 물류관리사 보유자 또는 입사 전 취득 가능한 분
• 맡은 업무를 정확하게 기록하고 마감까지 책임질 수 있는 분
• 문서작성, 이메일, 스프레드시트 등 기본 업무도구 활용이 가능한 분
• 고객 및 유관 부서와 원활하게 소통하고 요청사항을 정리할 수 있는 분
• 예상하지 못한 상황에서도 우선순위를 판단해 대응할 수 있는 분
• 업무상 취급하는 자료와 고객 정보를 안전하게 관리할 수 있는 분
• 직무 관련 교육을 꾸준히 이수하며 전문성을 높일 분","• 물류관리자 또는 유사 직무 경력 보유자
• 직무 관련 자격·면허 보유자: 물류관리사
• 직무 관련 자격·면허 보유자: 지게차운전기능사
• ERP, WMS, CRM, POS 등 직무 관련 시스템 사용 경험자
• 수치와 데이터를 활용한 실적 분석 경험자
• 다양한 이해관계자와 협업해 문제를 해결한 경험자
• 외국어 또는 관련 법규·안전 기준을 활용할 수 있는 분","• 지원서 및 제출서류의 허위기재 또는 허위 제출
• 채용 과정에서 본인 확인이 불가능한 경우
• 채용검진 결과 업무 수행에 부적합하다고 판단되는 경우
• 해외여행 및 근무에 결격사유가 있는 경우
• 기타 회사 또는 기관의 인사규정상 채용이 불가능한 경우",서류전형 > 인성검사 > 실무면접 > 최종면접
616,물류관리자 경력 채용,21,62,20260331,20260515,16,경력 3년 이상,기간제,경상북도,학사 이상,"종합병원 운영조직에서 물류센터 운영과 재고 흐름을 관리하는 실무형 포지션을(를) 맡을 물류관리자를 모집합니다.

이번 포지션은 입출고 계획, 재고 정확도, 운송사 배차, WMS 운영을 중심으로 운영 현장의 품질과 일정, 고객 경험을 함께 관리하는 역할입니다.

정해진 절차를 지키되 상황에 맞게 유연하게 대응하는 실무자를 모집합니다.

유관 부서 및 외부 파트너와 업무 기준을 공유하고, 이슈 발생 시 원인을 정리해 재발 방지 방안을 실행합니다.

초기에는 담당 업무의 프로세스와 시스템을 익히고, 이후에는 담당 영역의 지표 개선과 운영 표준화까지 주도하게 됩니다.","• 입출고 계획, 재고 정확도, 운송사 배차, WMS 운영 및 일일 운영 현황 관리
• 업무 일정·실적·품질 지표 점검 및 보고
• 관련 시스템과 문서의 정확한 입력·관리
• 고객·협력사·유관 부서 문의 대응 및 이슈 조율
• 업무 절차 개선과 운영 리스크 사전 점검
• 주요 이슈 원인 분석 및 후속 조치 관리
• 정기 회의 자료 작성과 진행 현황 공유
• 업무 매뉴얼 정비와 신규 구성원 온보딩 지원","• 물류관리·SCM 또는 산업공학 관련 전공 관련 기본 지식 또는 실무 경험을 보유한 분
• 필수 자격·면허: 물류관리사 보유자 또는 입사 전 취득 가능한 분
• 맡은 업무를 정확하게 기록하고 마감까지 책임질 수 있는 분
• 문서작성, 이메일, 스프레드시트 등 기본 업무도구 활용이 가능한 분
• 고객 및 유관 부서와 원활하게 소통하고 요청사항을 정리할 수 있는 분
• 예상하지 못한 상황에서도 우선순위를 판단해 대응할 수 있는 분
• 업무상 취급하는 자료와 고객 정보를 안전하게 관리할 수 있는 분
• 직무 관련 교육을 꾸준히 이수하며 전문성을 높일 분","• 물류관리자 또는 유사 직무 경력 보유자
• 직무 관련 자격·면허 보유자: 물류관리사
• 직무 관련 자격·면허 보유자: 지게차운전기능사
• ERP, WMS, CRM, POS 등 직무 관련 시스템 사용 경험자
• 수치와 데이터를 활용한 실적 분석 경험자
• 다양한 이해관계자와 협업해 문제를 해결한 경험자
• 신규 프로세스 구축이나 업무 자동화 경험자","• 지원서 및 제출서류의 허위기재 또는 허위 제출
• 채용 과정에서 본인 확인이 불가능한 경우
• 채용검진 결과 업무 수행에 부적합하다고 판단되는 경우
• 해외여행 및 근무에 결격사유가 있는 경우
• 기타 회사 또는 기관의 인사규정상 채용이 불가능한 경우",서류전형 > 직무과제 > 실무면접 > 최종합격
617,물류관리자 현장 책임자,96,62,20260417,20260503,7,경력 5년 이상,정규직,서울특별시,석사 이상,"대학 산학협력단에서 물류센터 운영과 재고 흐름을 관리하는 실무형 포지션을(를) 맡을 물류관리자를 모집합니다.

이번 포지션은 입출고 계획, 재고 정확도, 운송사 배차, WMS 운영을 중심으로 운영 현장의 품질과 일정, 고객 경험을 함께 관리하는 역할입니다.

부서 간 원활한 소통으로 일정과 품질을 안정적으로 관리하는 직무입니다.

유관 부서 및 외부 파트너와 업무 기준을 공유하고, 이슈 발생 시 원인을 정리해 재발 방지 방안을 실행합니다.

초기에는 담당 업무의 프로세스와 시스템을 익히고, 이후에는 담당 영역의 지표 개선과 운영 표준화까지 주도하게 됩니다.","• 입출고 계획, 재고 정확도, 운송사 배차, WMS 운영 및 일일 운영 현황 관리
• 업무 일정·실적·품질 지표 점검 및 보고
• 관련 시스템과 문서의 정확한 입력·관리
• 고객·협력사·유관 부서 문의 대응 및 이슈 조율
• 업무 절차 개선과 운영 리스크 사전 점검
• 주요 이슈 원인 분석 및 후속 조치 관리
• 정기 회의 자료 작성과 진행 현황 공유
• 현장 안전·보안·개인정보 보호 기준 준수","• 물류관리·SCM 또는 산업공학 관련 전공 관련 기본 지식 또는 실무 경험을 보유한 분
• 필수 자격·면허: 물류관리사 보유자 또는 입사 전 취득 가능한 분
• 맡은 업무를 정확하게 기록하고 마감까지 책임질 수 있는 분
• 문서작성, 이메일, 스프레드시트 등 기본 업무도구 활용이 가능한 분
• 고객 및 유관 부서와 원활하게 소통하고 요청사항을 정리할 수 있는 분
• 예상하지 못한 상황에서도 우선순위를 판단해 대응할 수 있는 분
• 업무상 취급하는 자료와 고객 정보를 안전하게 관리할 수 있는 분
• 교대·주말·현장 근무가 포함될 수 있는 일정에 대응 가능한 분","• 물류관리자 또는 유사 직무 경력 보유자
• 직무 관련 자격·면허 보유자: 물류관리사
• 직무 관련 자격·면허 보유자: 지게차운전기능사
• ERP, WMS, CRM, POS 등 직무 관련 시스템 사용 경험자
• 수치와 데이터를 활용한 실적 분석 경험자
• 다양한 이해관계자와 협업해 문제를 해결한 경험자
• 외국어 또는 관련 법규·안전 기준을 활용할 수 있는 분","• 지원서 및 제출서류의 허위기재 또는 허위 제출
• 채용 과정에서 본인 확인이 불가능한 경우
• 채용검진 결과 업무 수행에 부적합하다고 판단되는 경우
• 해외여행 및 근무에 결격사유가 있는 경우
• 기타 회사 또는 기관의 인사규정상 채용이 불가능한 경우",서류전형 > 1차면접 > 2차면접 > 채용검진
618,물류관리자 서비스 담당,47,62,20260504,20260527,18,경력 무관,계약직,대전광역시,박사 이상,"기업 부설 연구소에서 물류센터 운영과 재고 흐름을 관리하는 실무형 포지션을(를) 맡을 물류관리자를 모집합니다.

이번 포지션은 입출고 계획, 재고 정확도, 운송사 배차, WMS 운영을 중심으로 운영 현장의 품질과 일정, 고객 경험을 함께 관리하는 역할입니다.

서비스 품질과 안전을 우선하며 꾸준히 전문성을 쌓을 수 있는 포지션입니다.

유관 부서 및 외부 파트너와 업무 기준을 공유하고, 이슈 발생 시 원인을 정리해 재발 방지 방안을 실행합니다.

초기에는 담당 업무의 프로세스와 시스템을 익히고, 이후에는 담당 영역의 지표 개선과 운영 표준화까지 주도하게 됩니다.","• 입출고 계획, 재고 정확도, 운송사 배차, WMS 운영 및 일일 운영 현황 관리
• 업무 일정·실적·품질 지표 점검 및 보고
• 관련 시스템과 문서의 정확한 입력·관리
• 고객·협력사·유관 부서 문의 대응 및 이슈 조율
• 업무 절차 개선과 운영 리스크 사전 점검
• 주요 이슈 원인 분석 및 후속 조치 관리
• 정기 회의 자료 작성과 진행 현황 공유
• 업무 매뉴얼 정비와 신규 구성원 온보딩 지원","• 물류관리·SCM 또는 산업공학 관련 전공 관련 기본 지식 또는 실무 경험을 보유한 분
• 필수 자격·면허: 물류관리사 보유자 또는 입사 전 취득 가능한 분
• 맡은 업무를 정확하게 기록하고 마감까지 책임질 수 있는 분
• 문서작성, 이메일, 스프레드시트 등 기본 업무도구 활용이 가능한 분
• 고객 및 유관 부서와 원활하게 소통하고 요청사항을 정리할 수 있는 분
• 예상하지 못한 상황에서도 우선순위를 판단해 대응할 수 있는 분
• 업무상 취급하는 자료와 고객 정보를 안전하게 관리할 수 있는 분
• 직무 관련 교육을 꾸준히 이수하며 전문성을 높일 분","• 물류관리자 또는 유사 직무 경력 보유자
• 직무 관련 자격·면허 보유자: 물류관리사
• 직무 관련 자격·면허 보유자: 지게차운전기능사
• ERP, WMS, CRM, POS 등 직무 관련 시스템 사용 경험자
• 수치와 데이터를 활용한 실적 분석 경험자
• 다양한 이해관계자와 협업해 문제를 해결한 경험자
• 신규 프로세스 구축이나 업무 자동화 경험자","• 지원서 및 제출서류의 허위기재 또는 허위 제출
• 채용 과정에서 본인 확인이 불가능한 경우
• 채용검진 결과 업무 수행에 부적합하다고 판단되는 경우
• 해외여행 및 근무에 결격사유가 있는 경우
• 기타 회사 또는 기관의 인사규정상 채용이 불가능한 경우",서류전형 > 필기전형 > 면접전형 > 최종합격
619,물류관리자 담당자,45,62,20260521,20260620,9,신입,무기계약직,세종특별자치시,학력무관,"전문 협회에서 물류센터 운영과 재고 흐름을 관리하는 실무형 포지션을(를) 맡을 물류관리자를 모집합니다.

이번 포지션은 입출고 계획, 재고 정확도, 운송사 배차, WMS 운영을 중심으로 운영 현장의 품질과 일정, 고객 경험을 함께 관리하는 역할입니다.

기본기를 바탕으로 새로운 업무를 빠르게 익히고 실행할 분을 모십니다.

유관 부서 및 외부 파트너와 업무 기준을 공유하고, 이슈 발생 시 원인을 정리해 재발 방지 방안을 실행합니다.

초기에는 담당 업무의 프로세스와 시스템을 익히고, 이후에는 담당 영역의 지표 개선과 운영 표준화까지 주도하게 됩니다.","• 입출고 계획, 재고 정확도, 운송사 배차, WMS 운영 및 일일 운영 현황 관리
• 업무 일정·실적·품질 지표 점검 및 보고
• 관련 시스템과 문서의 정확한 입력·관리
• 고객·협력사·유관 부서 문의 대응 및 이슈 조율
• 업무 절차 개선과 운영 리스크 사전 점검
• 주요 이슈 원인 분석 및 후속 조치 관리
• 정기 회의 자료 작성과 진행 현황 공유
• 현장 안전·보안·개인정보 보호 기준 준수","• 물류관리·SCM 또는 산업공학 관련 전공 관련 기본 지식 또는 실무 경험을 보유한 분
• 필수 자격·면허: 물류관리사 보유자 또는 입사 전 취득 가능한 분
• 맡은 업무를 정확하게 기록하고 마감까지 책임질 수 있는 분
• 문서작성, 이메일, 스프레드시트 등 기본 업무도구 활용이 가능한 분
• 고객 및 유관 부서와 원활하게 소통하고 요청사항을 정리할 수 있는 분
• 예상하지 못한 상황에서도 우선순위를 판단해 대응할 수 있는 분
• 업무상 취급하는 자료와 고객 정보를 안전하게 관리할 수 있는 분
• 직무 관련 교육을 꾸준히 이수하며 전문성을 높일 분","• 물류관리자 또는 유사 직무 경력 보유자
• 직무 관련 자격·면허 보유자: 물류관리사
• 직무 관련 자격·면허 보유자: 지게차운전기능사
• ERP, WMS, CRM, POS 등 직무 관련 시스템 사용 경험자
• 수치와 데이터를 활용한 실적 분석 경험자
• 다양한 이해관계자와 협업해 문제를 해결한 경험자
• 외국어 또는 관련 법규·안전 기준을 활용할 수 있는 분","• 지원서 및 제출서류의 허위기재 또는 허위 제출
• 채용 과정에서 본인 확인이 불가능한 경우
• 채용검진 결과 업무 수행에 부적합하다고 판단되는 경우
• 해외여행 및 근무에 결격사유가 있는 경우
• 기타 회사 또는 기관의 인사규정상 채용이 불가능한 경우",서류전형 > 실무면접 > 최종면접
620,물류관리자 실무자,157,62,20260607,20260714,20,경력,기간제,충청북도,전문학사 이상,"공공서비스 운영기관에서 물류센터 운영과 재고 흐름을 관리하는 실무형 포지션을(를) 맡을 물류관리자를 모집합니다.

이번 포지션은 입출고 계획, 재고 정확도, 운송사 배차, WMS 운영을 중심으로 운영 현장의 품질과 일정, 고객 경험을 함께 관리하는 역할입니다.

성과와 고객 만족을 함께 고려하며 실질적인 변화를 만드는 역할입니다.

유관 부서 및 외부 파트너와 업무 기준을 공유하고, 이슈 발생 시 원인을 정리해 재발 방지 방안을 실행합니다.

초기에는 담당 업무의 프로세스와 시스템을 익히고, 이후에는 담당 영역의 지표 개선과 운영 표준화까지 주도하게 됩니다.","• 입출고 계획, 재고 정확도, 운송사 배차, WMS 운영 및 일일 운영 현황 관리
• 업무 일정·실적·품질 지표 점검 및 보고
• 관련 시스템과 문서의 정확한 입력·관리
• 고객·협력사·유관 부서 문의 대응 및 이슈 조율
• 업무 절차 개선과 운영 리스크 사전 점검
• 주요 이슈 원인 분석 및 후속 조치 관리
• 정기 회의 자료 작성과 진행 현황 공유
• 업무 매뉴얼 정비와 신규 구성원 온보딩 지원","• 물류관리·SCM 또는 산업공학 관련 전공 관련 기본 지식 또는 실무 경험을 보유한 분
• 필수 자격·면허: 물류관리사 보유자 또는 입사 전 취득 가능한 분
• 맡은 업무를 정확하게 기록하고 마감까지 책임질 수 있는 분
• 문서작성, 이메일, 스프레드시트 등 기본 업무도구 활용이 가능한 분
• 고객 및 유관 부서와 원활하게 소통하고 요청사항을 정리할 수 있는 분
• 예상하지 못한 상황에서도 우선순위를 판단해 대응할 수 있는 분
• 업무상 취급하는 자료와 고객 정보를 안전하게 관리할 수 있는 분
• 교대·주말·현장 근무가 포함될 수 있는 일정에 대응 가능한 분","• 물류관리자 또는 유사 직무 경력 보유자
• 직무 관련 자격·면허 보유자: 물류관리사
• 직무 관련 자격·면허 보유자: 지게차운전기능사
• ERP, WMS, CRM, POS 등 직무 관련 시스템 사용 경험자
• 수치와 데이터를 활용한 실적 분석 경험자
• 다양한 이해관계자와 협업해 문제를 해결한 경험자
• 신규 프로세스 구축이나 업무 자동화 경험자","• 지원서 및 제출서류의 허위기재 또는 허위 제출
• 채용 과정에서 본인 확인이 불가능한 경우
• 채용검진 결과 업무 수행에 부적합하다고 판단되는 경우
• 해외여행 및 근무에 결격사유가 있는 경우
• 기타 회사 또는 기관의 인사규정상 채용이 불가능한 경우",서류전형 > 인성검사 > 실무면접 > 최종면접
621,구매관리자 전문 인력,119,63,20260624,20260807,11,경력 2년 이상,정규직,경상북도,석사 이상,"대기업 사업부에서 구매 전략과 협력사 관리를 담당하는 포지션을(를) 맡을 구매관리자를 모집합니다.

이번 포지션은 구매계획, 견적 비교, 발주, 납기, 협력사 평가을 중심으로 운영 현장의 품질과 일정, 고객 경험을 함께 관리하는 역할입니다.

정확한 실행력과 협업을 바탕으로 안정적인 운영을 함께 만들어 갈 분을 찾습니다.

유관 부서 및 외부 파트너와 업무 기준을 공유하고, 이슈 발생 시 원인을 정리해 재발 방지 방안을 실행합니다.

초기에는 담당 업무의 프로세스와 시스템을 익히고, 이후에는 담당 영역의 지표 개선과 운영 표준화까지 주도하게 됩니다.","• 구매계획, 견적 비교, 발주, 납기, 협력사 평가 및 일일 운영 현황 관리
• 업무 일정·실적·품질 지표 점검 및 보고
• 관련 시스템과 문서의 정확한 입력·관리
• 고객·협력사·유관 부서 문의 대응 및 이슈 조율
• 업무 절차 개선과 운영 리스크 사전 점검
• 주요 이슈 원인 분석 및 후속 조치 관리
• 정기 회의 자료 작성과 진행 현황 공유
• 현장 안전·보안·개인정보 보호 기준 준수","• 구매·경영·무역 관련 전공 관련 기본 지식 또는 실무 경험을 보유한 분
• 필수 자격·면허: 구매자재관리사 보유자 또는 입사 전 취득 가능한 분
• 맡은 업무를 정확하게 기록하고 마감까지 책임질 수 있는 분
• 문서작성, 이메일, 스프레드시트 등 기본 업무도구 활용이 가능한 분
• 고객 및 유관 부서와 원활하게 소통하고 요청사항을 정리할 수 있는 분
• 예상하지 못한 상황에서도 우선순위를 판단해 대응할 수 있는 분
• 업무상 취급하는 자료와 고객 정보를 안전하게 관리할 수 있는 분
• 직무 관련 교육을 꾸준히 이수하며 전문성을 높일 분","• 구매관리자 또는 유사 직무 경력 보유자
• 직무 관련 자격·면허 보유자: 구매자재관리사
• 직무 관련 자격·면허 보유자: 국제무역사 1급
• ERP, WMS, CRM, POS 등 직무 관련 시스템 사용 경험자
• 수치와 데이터를 활용한 실적 분석 경험자
• 다양한 이해관계자와 협업해 문제를 해결한 경험자
• 외국어 또는 관련 법규·안전 기준을 활용할 수 있는 분","• 지원서 및 제출서류의 허위기재 또는 허위 제출
• 채용 과정에서 본인 확인이 불가능한 경우
• 채용검진 결과 업무 수행에 부적합하다고 판단되는 경우
• 해외여행 및 근무에 결격사유가 있는 경우
• 기타 회사 또는 기관의 인사규정상 채용이 불가능한 경우",서류전형 > 1차면접 > 2차면접 > 채용검진
622,구매관리자 경력 채용,12,63,20260711,20260726,2,경력 3년 이상,계약직,서울특별시,박사 이상,"중견 제조기업에서 구매 전략과 협력사 관리를 담당하는 포지션을(를) 맡을 구매관리자를 모집합니다.

이번 포지션은 구매계획, 견적 비교, 발주, 납기, 협력사 평가을 중심으로 운영 현장의 품질과 일정, 고객 경험을 함께 관리하는 역할입니다.

현장과 유관 부서의 요구를 연결하며 업무 품질을 높이는 역할입니다.

유관 부서 및 외부 파트너와 업무 기준을 공유하고, 이슈 발생 시 원인을 정리해 재발 방지 방안을 실행합니다.

초기에는 담당 업무의 프로세스와 시스템을 익히고, 이후에는 담당 영역의 지표 개선과 운영 표준화까지 주도하게 됩니다.","• 구매계획, 견적 비교, 발주, 납기, 협력사 평가 및 일일 운영 현황 관리
• 업무 일정·실적·품질 지표 점검 및 보고
• 관련 시스템과 문서의 정확한 입력·관리
• 고객·협력사·유관 부서 문의 대응 및 이슈 조율
• 업무 절차 개선과 운영 리스크 사전 점검
• 주요 이슈 원인 분석 및 후속 조치 관리
• 정기 회의 자료 작성과 진행 현황 공유
• 업무 매뉴얼 정비와 신규 구성원 온보딩 지원","• 구매·경영·무역 관련 전공 관련 기본 지식 또는 실무 경험을 보유한 분
• 필수 자격·면허: 구매자재관리사 보유자 또는 입사 전 취득 가능한 분
• 맡은 업무를 정확하게 기록하고 마감까지 책임질 수 있는 분
• 문서작성, 이메일, 스프레드시트 등 기본 업무도구 활용이 가능한 분
• 고객 및 유관 부서와 원활하게 소통하고 요청사항을 정리할 수 있는 분
• 예상하지 못한 상황에서도 우선순위를 판단해 대응할 수 있는 분
• 업무상 취급하는 자료와 고객 정보를 안전하게 관리할 수 있는 분
• 직무 관련 교육을 꾸준히 이수하며 전문성을 높일 분","• 구매관리자 또는 유사 직무 경력 보유자
• 직무 관련 자격·면허 보유자: 구매자재관리사
• 직무 관련 자격·면허 보유자: 국제무역사 1급
• ERP, WMS, CRM, POS 등 직무 관련 시스템 사용 경험자
• 수치와 데이터를 활용한 실적 분석 경험자
• 다양한 이해관계자와 협업해 문제를 해결한 경험자
• 신규 프로세스 구축이나 업무 자동화 경험자","• 지원서 및 제출서류의 허위기재 또는 허위 제출
• 채용 과정에서 본인 확인이 불가능한 경우
• 채용검진 결과 업무 수행에 부적합하다고 판단되는 경우
• 해외여행 및 근무에 결격사유가 있는 경우
• 기타 회사 또는 기관의 인사규정상 채용이 불가능한 경우",서류전형 > 필기전형 > 면접전형 > 최종합격
623,구매관리자 현장 책임자,79,63,20260728,20260819,13,경력 5년 이상,무기계약직,대전광역시,학력무관,"전문 중소기업에서 구매 전략과 협력사 관리를 담당하는 포지션을(를) 맡을 구매관리자를 모집합니다.

이번 포지션은 구매계획, 견적 비교, 발주, 납기, 협력사 평가을 중심으로 운영 현장의 품질과 일정, 고객 경험을 함께 관리하는 역할입니다.

업무 기준을 준수하면서도 개선점을 주도적으로 제안할 수 있는 분을 기다립니다.

유관 부서 및 외부 파트너와 업무 기준을 공유하고, 이슈 발생 시 원인을 정리해 재발 방지 방안을 실행합니다.

초기에는 담당 업무의 프로세스와 시스템을 익히고, 이후에는 담당 영역의 지표 개선과 운영 표준화까지 주도하게 됩니다.","• 구매계획, 견적 비교, 발주, 납기, 협력사 평가 및 일일 운영 현황 관리
• 업무 일정·실적·품질 지표 점검 및 보고
• 관련 시스템과 문서의 정확한 입력·관리
• 고객·협력사·유관 부서 문의 대응 및 이슈 조율
• 업무 절차 개선과 운영 리스크 사전 점검
• 주요 이슈 원인 분석 및 후속 조치 관리
• 정기 회의 자료 작성과 진행 현황 공유
• 현장 안전·보안·개인정보 보호 기준 준수","• 구매·경영·무역 관련 전공 관련 기본 지식 또는 실무 경험을 보유한 분
• 필수 자격·면허: 구매자재관리사 보유자 또는 입사 전 취득 가능한 분
• 맡은 업무를 정확하게 기록하고 마감까지 책임질 수 있는 분
• 문서작성, 이메일, 스프레드시트 등 기본 업무도구 활용이 가능한 분
• 고객 및 유관 부서와 원활하게 소통하고 요청사항을 정리할 수 있는 분
• 예상하지 못한 상황에서도 우선순위를 판단해 대응할 수 있는 분
• 업무상 취급하는 자료와 고객 정보를 안전하게 관리할 수 있는 분
• 교대·주말·현장 근무가 포함될 수 있는 일정에 대응 가능한 분","• 구매관리자 또는 유사 직무 경력 보유자
• 직무 관련 자격·면허 보유자: 구매자재관리사
• 직무 관련 자격·면허 보유자: 국제무역사 1급
• ERP, WMS, CRM, POS 등 직무 관련 시스템 사용 경험자
• 수치와 데이터를 활용한 실적 분석 경험자
• 다양한 이해관계자와 협업해 문제를 해결한 경험자
• 외국어 또는 관련 법규·안전 기준을 활용할 수 있는 분","• 지원서 및 제출서류의 허위기재 또는 허위 제출
• 채용 과정에서 본인 확인이 불가능한 경우
• 채용검진 결과 업무 수행에 부적합하다고 판단되는 경우
• 해외여행 및 근무에 결격사유가 있는 경우
• 기타 회사 또는 기관의 인사규정상 채용이 불가능한 경우",서류전형 > 실무면접 > 최종면접
624,구매관리자 서비스 담당,66,63,20260814,20260912,4,경력 무관,기간제,세종특별자치시,전문학사 이상,"성장 단계 스타트업에서 구매 전략과 협력사 관리를 담당하는 포지션을(를) 맡을 구매관리자를 모집합니다.

이번 포지션은 구매계획, 견적 비교, 발주, 납기, 협력사 평가을 중심으로 운영 현장의 품질과 일정, 고객 경험을 함께 관리하는 역할입니다.

고객과 동료에게 신뢰를 주는 태도로 맡은 업무를 끝까지 책임지는 포지션입니다.

유관 부서 및 외부 파트너와 업무 기준을 공유하고, 이슈 발생 시 원인을 정리해 재발 방지 방안을 실행합니다.

초기에는 담당 업무의 프로세스와 시스템을 익히고, 이후에는 담당 영역의 지표 개선과 운영 표준화까지 주도하게 됩니다.","• 구매계획, 견적 비교, 발주, 납기, 협력사 평가 및 일일 운영 현황 관리
• 업무 일정·실적·품질 지표 점검 및 보고
• 관련 시스템과 문서의 정확한 입력·관리
• 고객·협력사·유관 부서 문의 대응 및 이슈 조율
• 업무 절차 개선과 운영 리스크 사전 점검
• 주요 이슈 원인 분석 및 후속 조치 관리
• 정기 회의 자료 작성과 진행 현황 공유
• 업무 매뉴얼 정비와 신규 구성원 온보딩 지원","• 구매·경영·무역 관련 전공 관련 기본 지식 또는 실무 경험을 보유한 분
• 필수 자격·면허: 구매자재관리사 보유자 또는 입사 전 취득 가능한 분
• 맡은 업무를 정확하게 기록하고 마감까지 책임질 수 있는 분
• 문서작성, 이메일, 스프레드시트 등 기본 업무도구 활용이 가능한 분
• 고객 및 유관 부서와 원활하게 소통하고 요청사항을 정리할 수 있는 분
• 예상하지 못한 상황에서도 우선순위를 판단해 대응할 수 있는 분
• 업무상 취급하는 자료와 고객 정보를 안전하게 관리할 수 있는 분
• 직무 관련 교육을 꾸준히 이수하며 전문성을 높일 분","• 구매관리자 또는 유사 직무 경력 보유자
• 직무 관련 자격·면허 보유자: 구매자재관리사
• 직무 관련 자격·면허 보유자: 국제무역사 1급
• ERP, WMS, CRM, POS 등 직무 관련 시스템 사용 경험자
• 수치와 데이터를 활용한 실적 분석 경험자
• 다양한 이해관계자와 협업해 문제를 해결한 경험자
• 신규 프로세스 구축이나 업무 자동화 경험자","• 지원서 및 제출서류의 허위기재 또는 허위 제출
• 채용 과정에서 본인 확인이 불가능한 경우
• 채용검진 결과 업무 수행에 부적합하다고 판단되는 경우
• 해외여행 및 근무에 결격사유가 있는 경우
• 기타 회사 또는 기관의 인사규정상 채용이 불가능한 경우",서류전형 > 인성검사 > 실무면접 > 최종면접
625,구매관리자 담당자,155,63,20260831,20261006,15,신입,정규직,충청북도,학사 이상,"종합병원 운영조직에서 구매 전략과 협력사 관리를 담당하는 포지션을(를) 맡을 구매관리자를 모집합니다.

이번 포지션은 구매계획, 견적 비교, 발주, 납기, 협력사 평가을 중심으로 운영 현장의 품질과 일정, 고객 경험을 함께 관리하는 역할입니다.

데이터와 현장 감각을 함께 활용해 반복 업무를 효율화하는 역할입니다.

유관 부서 및 외부 파트너와 업무 기준을 공유하고, 이슈 발생 시 원인을 정리해 재발 방지 방안을 실행합니다.

초기에는 담당 업무의 프로세스와 시스템을 익히고, 이후에는 담당 영역의 지표 개선과 운영 표준화까지 주도하게 됩니다.","• 구매계획, 견적 비교, 발주, 납기, 협력사 평가 및 일일 운영 현황 관리
• 업무 일정·실적·품질 지표 점검 및 보고
• 관련 시스템과 문서의 정확한 입력·관리
• 고객·협력사·유관 부서 문의 대응 및 이슈 조율
• 업무 절차 개선과 운영 리스크 사전 점검
• 주요 이슈 원인 분석 및 후속 조치 관리
• 정기 회의 자료 작성과 진행 현황 공유
• 현장 안전·보안·개인정보 보호 기준 준수","• 구매·경영·무역 관련 전공 관련 기본 지식 또는 실무 경험을 보유한 분
• 필수 자격·면허: 구매자재관리사 보유자 또는 입사 전 취득 가능한 분
• 맡은 업무를 정확하게 기록하고 마감까지 책임질 수 있는 분
• 문서작성, 이메일, 스프레드시트 등 기본 업무도구 활용이 가능한 분
• 고객 및 유관 부서와 원활하게 소통하고 요청사항을 정리할 수 있는 분
• 예상하지 못한 상황에서도 우선순위를 판단해 대응할 수 있는 분
• 업무상 취급하는 자료와 고객 정보를 안전하게 관리할 수 있는 분
• 직무 관련 교육을 꾸준히 이수하며 전문성을 높일 분","• 구매관리자 또는 유사 직무 경력 보유자
• 직무 관련 자격·면허 보유자: 구매자재관리사
• 직무 관련 자격·면허 보유자: 국제무역사 1급
• ERP, WMS, CRM, POS 등 직무 관련 시스템 사용 경험자
• 수치와 데이터를 활용한 실적 분석 경험자
• 다양한 이해관계자와 협업해 문제를 해결한 경험자
• 외국어 또는 관련 법규·안전 기준을 활용할 수 있는 분","• 지원서 및 제출서류의 허위기재 또는 허위 제출
• 채용 과정에서 본인 확인이 불가능한 경우
• 채용검진 결과 업무 수행에 부적합하다고 판단되는 경우
• 해외여행 및 근무에 결격사유가 있는 경우
• 기타 회사 또는 기관의 인사규정상 채용이 불가능한 경우",서류전형 > 직무과제 > 실무면접 > 최종합격
626,구매관리자 실무자,9,63,20260917,20261030,6,경력,계약직,전라남도,석사 이상,"대학 산학협력단에서 구매 전략과 협력사 관리를 담당하는 포지션을(를) 맡을 구매관리자를 모집합니다.

이번 포지션은 구매계획, 견적 비교, 발주, 납기, 협력사 평가을 중심으로 운영 현장의 품질과 일정, 고객 경험을 함께 관리하는 역할입니다.

정해진 절차를 지키되 상황에 맞게 유연하게 대응하는 실무자를 모집합니다.

유관 부서 및 외부 파트너와 업무 기준을 공유하고, 이슈 발생 시 원인을 정리해 재발 방지 방안을 실행합니다.

초기에는 담당 업무의 프로세스와 시스템을 익히고, 이후에는 담당 영역의 지표 개선과 운영 표준화까지 주도하게 됩니다.","• 구매계획, 견적 비교, 발주, 납기, 협력사 평가 및 일일 운영 현황 관리
• 업무 일정·실적·품질 지표 점검 및 보고
• 관련 시스템과 문서의 정확한 입력·관리
• 고객·협력사·유관 부서 문의 대응 및 이슈 조율
• 업무 절차 개선과 운영 리스크 사전 점검
• 주요 이슈 원인 분석 및 후속 조치 관리
• 정기 회의 자료 작성과 진행 현황 공유
• 업무 매뉴얼 정비와 신규 구성원 온보딩 지원","• 구매·경영·무역 관련 전공 관련 기본 지식 또는 실무 경험을 보유한 분
• 필수 자격·면허: 구매자재관리사 보유자 또는 입사 전 취득 가능한 분
• 맡은 업무를 정확하게 기록하고 마감까지 책임질 수 있는 분
• 문서작성, 이메일, 스프레드시트 등 기본 업무도구 활용이 가능한 분
• 고객 및 유관 부서와 원활하게 소통하고 요청사항을 정리할 수 있는 분
• 예상하지 못한 상황에서도 우선순위를 판단해 대응할 수 있는 분
• 업무상 취급하는 자료와 고객 정보를 안전하게 관리할 수 있는 분
• 교대·주말·현장 근무가 포함될 수 있는 일정에 대응 가능한 분","• 구매관리자 또는 유사 직무 경력 보유자
• 직무 관련 자격·면허 보유자: 구매자재관리사
• 직무 관련 자격·면허 보유자: 국제무역사 1급
• ERP, WMS, CRM, POS 등 직무 관련 시스템 사용 경험자
• 수치와 데이터를 활용한 실적 분석 경험자
• 다양한 이해관계자와 협업해 문제를 해결한 경험자
• 신규 프로세스 구축이나 업무 자동화 경험자","• 지원서 및 제출서류의 허위기재 또는 허위 제출
• 채용 과정에서 본인 확인이 불가능한 경우
• 채용검진 결과 업무 수행에 부적합하다고 판단되는 경우
• 해외여행 및 근무에 결격사유가 있는 경우
• 기타 회사 또는 기관의 인사규정상 채용이 불가능한 경우",서류전형 > 1차면접 > 2차면접 > 채용검진
627,구매관리자 운영 매니저,138,63,20261004,20261018,17,신입·경력,무기계약직,제주특별자치도,박사 이상,"기업 부설 연구소에서 구매 전략과 협력사 관리를 담당하는 포지션을(를) 맡을 구매관리자를 모집합니다.

이번 포지션은 구매계획, 견적 비교, 발주, 납기, 협력사 평가을 중심으로 운영 현장의 품질과 일정, 고객 경험을 함께 관리하는 역할입니다.

부서 간 원활한 소통으로 일정과 품질을 안정적으로 관리하는 직무입니다.

유관 부서 및 외부 파트너와 업무 기준을 공유하고, 이슈 발생 시 원인을 정리해 재발 방지 방안을 실행합니다.

초기에는 담당 업무의 프로세스와 시스템을 익히고, 이후에는 담당 영역의 지표 개선과 운영 표준화까지 주도하게 됩니다.","• 구매계획, 견적 비교, 발주, 납기, 협력사 평가 및 일일 운영 현황 관리
• 업무 일정·실적·품질 지표 점검 및 보고
• 관련 시스템과 문서의 정확한 입력·관리
• 고객·협력사·유관 부서 문의 대응 및 이슈 조율
• 업무 절차 개선과 운영 리스크 사전 점검
• 주요 이슈 원인 분석 및 후속 조치 관리
• 정기 회의 자료 작성과 진행 현황 공유
• 현장 안전·보안·개인정보 보호 기준 준수","• 구매·경영·무역 관련 전공 관련 기본 지식 또는 실무 경험을 보유한 분
• 필수 자격·면허: 구매자재관리사 보유자 또는 입사 전 취득 가능한 분
• 맡은 업무를 정확하게 기록하고 마감까지 책임질 수 있는 분
• 문서작성, 이메일, 스프레드시트 등 기본 업무도구 활용이 가능한 분
• 고객 및 유관 부서와 원활하게 소통하고 요청사항을 정리할 수 있는 분
• 예상하지 못한 상황에서도 우선순위를 판단해 대응할 수 있는 분
• 업무상 취급하는 자료와 고객 정보를 안전하게 관리할 수 있는 분
• 직무 관련 교육을 꾸준히 이수하며 전문성을 높일 분","• 구매관리자 또는 유사 직무 경력 보유자
• 직무 관련 자격·면허 보유자: 구매자재관리사
• 직무 관련 자격·면허 보유자: 국제무역사 1급
• ERP, WMS, CRM, POS 등 직무 관련 시스템 사용 경험자
• 수치와 데이터를 활용한 실적 분석 경험자
• 다양한 이해관계자와 협업해 문제를 해결한 경험자
• 외국어 또는 관련 법규·안전 기준을 활용할 수 있는 분","• 지원서 및 제출서류의 허위기재 또는 허위 제출
• 채용 과정에서 본인 확인이 불가능한 경우
• 채용검진 결과 업무 수행에 부적합하다고 판단되는 경우
• 해외여행 및 근무에 결격사유가 있는 경우
• 기타 회사 또는 기관의 인사규정상 채용이 불가능한 경우",서류전형 > 필기전형 > 면접전형 > 최종합격
628,구매관리자 전문 인력,155,63,20261021,20261111,8,경력 2년 이상,기간제,인천광역시,학력무관,"전문 협회에서 구매 전략과 협력사 관리를 담당하는 포지션을(를) 맡을 구매관리자를 모집합니다.

이번 포지션은 구매계획, 견적 비교, 발주, 납기, 협력사 평가을 중심으로 운영 현장의 품질과 일정, 고객 경험을 함께 관리하는 역할입니다.

서비스 품질과 안전을 우선하며 꾸준히 전문성을 쌓을 수 있는 포지션입니다.

유관 부서 및 외부 파트너와 업무 기준을 공유하고, 이슈 발생 시 원인을 정리해 재발 방지 방안을 실행합니다.

초기에는 담당 업무의 프로세스와 시스템을 익히고, 이후에는 담당 영역의 지표 개선과 운영 표준화까지 주도하게 됩니다.","• 구매계획, 견적 비교, 발주, 납기, 협력사 평가 및 일일 운영 현황 관리
• 업무 일정·실적·품질 지표 점검 및 보고
• 관련 시스템과 문서의 정확한 입력·관리
• 고객·협력사·유관 부서 문의 대응 및 이슈 조율
• 업무 절차 개선과 운영 리스크 사전 점검
• 주요 이슈 원인 분석 및 후속 조치 관리
• 정기 회의 자료 작성과 진행 현황 공유
• 업무 매뉴얼 정비와 신규 구성원 온보딩 지원","• 구매·경영·무역 관련 전공 관련 기본 지식 또는 실무 경험을 보유한 분
• 필수 자격·면허: 구매자재관리사 보유자 또는 입사 전 취득 가능한 분
• 맡은 업무를 정확하게 기록하고 마감까지 책임질 수 있는 분
• 문서작성, 이메일, 스프레드시트 등 기본 업무도구 활용이 가능한 분
• 고객 및 유관 부서와 원활하게 소통하고 요청사항을 정리할 수 있는 분
• 예상하지 못한 상황에서도 우선순위를 판단해 대응할 수 있는 분
• 업무상 취급하는 자료와 고객 정보를 안전하게 관리할 수 있는 분
• 직무 관련 교육을 꾸준히 이수하며 전문성을 높일 분","• 구매관리자 또는 유사 직무 경력 보유자
• 직무 관련 자격·면허 보유자: 구매자재관리사
• 직무 관련 자격·면허 보유자: 국제무역사 1급
• ERP, WMS, CRM, POS 등 직무 관련 시스템 사용 경험자
• 수치와 데이터를 활용한 실적 분석 경험자
• 다양한 이해관계자와 협업해 문제를 해결한 경험자
• 신규 프로세스 구축이나 업무 자동화 경험자","• 지원서 및 제출서류의 허위기재 또는 허위 제출
• 채용 과정에서 본인 확인이 불가능한 경우
• 채용검진 결과 업무 수행에 부적합하다고 판단되는 경우
• 해외여행 및 근무에 결격사유가 있는 경우
• 기타 회사 또는 기관의 인사규정상 채용이 불가능한 경우",서류전형 > 실무면접 > 최종면접
629,구매관리자 경력 채용,159,63,20261107,20261205,19,경력 3년 이상,정규직,울산광역시,전문학사 이상,"공공서비스 운영기관에서 구매 전략과 협력사 관리를 담당하는 포지션을(를) 맡을 구매관리자를 모집합니다.

이번 포지션은 구매계획, 견적 비교, 발주, 납기, 협력사 평가을 중심으로 운영 현장의 품질과 일정, 고객 경험을 함께 관리하는 역할입니다.

기본기를 바탕으로 새로운 업무를 빠르게 익히고 실행할 분을 모십니다.

유관 부서 및 외부 파트너와 업무 기준을 공유하고, 이슈 발생 시 원인을 정리해 재발 방지 방안을 실행합니다.

초기에는 담당 업무의 프로세스와 시스템을 익히고, 이후에는 담당 영역의 지표 개선과 운영 표준화까지 주도하게 됩니다.","• 구매계획, 견적 비교, 발주, 납기, 협력사 평가 및 일일 운영 현황 관리
• 업무 일정·실적·품질 지표 점검 및 보고
• 관련 시스템과 문서의 정확한 입력·관리
• 고객·협력사·유관 부서 문의 대응 및 이슈 조율
• 업무 절차 개선과 운영 리스크 사전 점검
• 주요 이슈 원인 분석 및 후속 조치 관리
• 정기 회의 자료 작성과 진행 현황 공유
• 현장 안전·보안·개인정보 보호 기준 준수","• 구매·경영·무역 관련 전공 관련 기본 지식 또는 실무 경험을 보유한 분
• 필수 자격·면허: 구매자재관리사 보유자 또는 입사 전 취득 가능한 분
• 맡은 업무를 정확하게 기록하고 마감까지 책임질 수 있는 분
• 문서작성, 이메일, 스프레드시트 등 기본 업무도구 활용이 가능한 분
• 고객 및 유관 부서와 원활하게 소통하고 요청사항을 정리할 수 있는 분
• 예상하지 못한 상황에서도 우선순위를 판단해 대응할 수 있는 분
• 업무상 취급하는 자료와 고객 정보를 안전하게 관리할 수 있는 분
• 교대·주말·현장 근무가 포함될 수 있는 일정에 대응 가능한 분","• 구매관리자 또는 유사 직무 경력 보유자
• 직무 관련 자격·면허 보유자: 구매자재관리사
• 직무 관련 자격·면허 보유자: 국제무역사 1급
• ERP, WMS, CRM, POS 등 직무 관련 시스템 사용 경험자
• 수치와 데이터를 활용한 실적 분석 경험자
• 다양한 이해관계자와 협업해 문제를 해결한 경험자
• 외국어 또는 관련 법규·안전 기준을 활용할 수 있는 분","• 지원서 및 제출서류의 허위기재 또는 허위 제출
• 채용 과정에서 본인 확인이 불가능한 경우
• 채용검진 결과 업무 수행에 부적합하다고 판단되는 경우
• 해외여행 및 근무에 결격사유가 있는 경우
• 기타 회사 또는 기관의 인사규정상 채용이 불가능한 경우",서류전형 > 인성검사 > 실무면접 > 최종면접
630,구매관리자 현장 책임자,127,63,20261124,20261229,10,경력 5년 이상,계약직,강원특별자치도,학사 이상,"대기업 사업부에서 구매 전략과 협력사 관리를 담당하는 포지션을(를) 맡을 구매관리자를 모집합니다.

이번 포지션은 구매계획, 견적 비교, 발주, 납기, 협력사 평가을 중심으로 운영 현장의 품질과 일정, 고객 경험을 함께 관리하는 역할입니다.

성과와 고객 만족을 함께 고려하며 실질적인 변화를 만드는 역할입니다.

유관 부서 및 외부 파트너와 업무 기준을 공유하고, 이슈 발생 시 원인을 정리해 재발 방지 방안을 실행합니다.

초기에는 담당 업무의 프로세스와 시스템을 익히고, 이후에는 담당 영역의 지표 개선과 운영 표준화까지 주도하게 됩니다.","• 구매계획, 견적 비교, 발주, 납기, 협력사 평가 및 일일 운영 현황 관리
• 업무 일정·실적·품질 지표 점검 및 보고
• 관련 시스템과 문서의 정확한 입력·관리
• 고객·협력사·유관 부서 문의 대응 및 이슈 조율
• 업무 절차 개선과 운영 리스크 사전 점검
• 주요 이슈 원인 분석 및 후속 조치 관리
• 정기 회의 자료 작성과 진행 현황 공유
• 업무 매뉴얼 정비와 신규 구성원 온보딩 지원","• 구매·경영·무역 관련 전공 관련 기본 지식 또는 실무 경험을 보유한 분
• 필수 자격·면허: 구매자재관리사 보유자 또는 입사 전 취득 가능한 분
• 맡은 업무를 정확하게 기록하고 마감까지 책임질 수 있는 분
• 문서작성, 이메일, 스프레드시트 등 기본 업무도구 활용이 가능한 분
• 고객 및 유관 부서와 원활하게 소통하고 요청사항을 정리할 수 있는 분
• 예상하지 못한 상황에서도 우선순위를 판단해 대응할 수 있는 분
• 업무상 취급하는 자료와 고객 정보를 안전하게 관리할 수 있는 분
• 직무 관련 교육을 꾸준히 이수하며 전문성을 높일 분","• 구매관리자 또는 유사 직무 경력 보유자
• 직무 관련 자격·면허 보유자: 구매자재관리사
• 직무 관련 자격·면허 보유자: 국제무역사 1급
• ERP, WMS, CRM, POS 등 직무 관련 시스템 사용 경험자
• 수치와 데이터를 활용한 실적 분석 경험자
• 다양한 이해관계자와 협업해 문제를 해결한 경험자
• 신규 프로세스 구축이나 업무 자동화 경험자","• 지원서 및 제출서류의 허위기재 또는 허위 제출
• 채용 과정에서 본인 확인이 불가능한 경우
• 채용검진 결과 업무 수행에 부적합하다고 판단되는 경우
• 해외여행 및 근무에 결격사유가 있는 경우
• 기타 회사 또는 기관의 인사규정상 채용이 불가능한 경우",서류전형 > 직무과제 > 실무면접 > 최종합격
631,자재관리자 담당자,151,64,20261211,20270122,1,신입,무기계약직,전라남도,박사 이상,"중견 제조기업에서 생산에 필요한 자재의 적기 공급과 수급을 책임지는 포지션을(를) 맡을 자재관리자를 모집합니다.

이번 포지션은 자재 소요량 산출, 발주, 창고, 재고, 자재코드을 중심으로 운영 현장의 품질과 일정, 고객 경험을 함께 관리하는 역할입니다.

정확한 실행력과 협업을 바탕으로 안정적인 운영을 함께 만들어 갈 분을 찾습니다.

유관 부서 및 외부 파트너와 업무 기준을 공유하고, 이슈 발생 시 원인을 정리해 재발 방지 방안을 실행합니다.

초기에는 담당 업무의 프로세스와 시스템을 익히고, 이후에는 담당 영역의 지표 개선과 운영 표준화까지 주도하게 됩니다.","• 자재 소요량 산출, 발주, 창고, 재고, 자재코드 및 일일 운영 현황 관리
• 업무 일정·실적·품질 지표 점검 및 보고
• 관련 시스템과 문서의 정확한 입력·관리
• 고객·협력사·유관 부서 문의 대응 및 이슈 조율
• 업무 절차 개선과 운영 리스크 사전 점검
• 주요 이슈 원인 분석 및 후속 조치 관리
• 정기 회의 자료 작성과 진행 현황 공유
• 현장 안전·보안·개인정보 보호 기준 준수","• 자재·생산관리 또는 산업공학 관련 전공 관련 기본 지식 또는 실무 경험을 보유한 분
• 필수 자격·면허: ERP정보관리사 물류 1급 보유자 또는 입사 전 취득 가능한 분
• 맡은 업무를 정확하게 기록하고 마감까지 책임질 수 있는 분
• 문서작성, 이메일, 스프레드시트 등 기본 업무도구 활용이 가능한 분
• 고객 및 유관 부서와 원활하게 소통하고 요청사항을 정리할 수 있는 분
• 예상하지 못한 상황에서도 우선순위를 판단해 대응할 수 있는 분
• 업무상 취급하는 자료와 고객 정보를 안전하게 관리할 수 있는 분
• 직무 관련 교육을 꾸준히 이수하며 전문성을 높일 분","• 자재관리자 또는 유사 직무 경력 보유자
• 직무 관련 자격·면허 보유자: ERP정보관리사 물류 1급
• 직무 관련 자격·면허 보유자: 지게차운전기능사
• ERP, WMS, CRM, POS 등 직무 관련 시스템 사용 경험자
• 수치와 데이터를 활용한 실적 분석 경험자
• 다양한 이해관계자와 협업해 문제를 해결한 경험자
• 외국어 또는 관련 법규·안전 기준을 활용할 수 있는 분","• 지원서 및 제출서류의 허위기재 또는 허위 제출
• 채용 과정에서 본인 확인이 불가능한 경우
• 채용검진 결과 업무 수행에 부적합하다고 판단되는 경우
• 해외여행 및 근무에 결격사유가 있는 경우
• 기타 회사 또는 기관의 인사규정상 채용이 불가능한 경우",서류전형 > 필기전형 > 면접전형 > 최종합격
632,자재관리자 실무자,159,64,20260117,20260130,12,경력,기간제,제주특별자치도,학력무관,"전문 중소기업에서 생산에 필요한 자재의 적기 공급과 수급을 책임지는 포지션을(를) 맡을 자재관리자를 모집합니다.

이번 포지션은 자재 소요량 산출, 발주, 창고, 재고, 자재코드을 중심으로 운영 현장의 품질과 일정, 고객 경험을 함께 관리하는 역할입니다.

현장과 유관 부서의 요구를 연결하며 업무 품질을 높이는 역할입니다.

유관 부서 및 외부 파트너와 업무 기준을 공유하고, 이슈 발생 시 원인을 정리해 재발 방지 방안을 실행합니다.

초기에는 담당 업무의 프로세스와 시스템을 익히고, 이후에는 담당 영역의 지표 개선과 운영 표준화까지 주도하게 됩니다.","• 자재 소요량 산출, 발주, 창고, 재고, 자재코드 및 일일 운영 현황 관리
• 업무 일정·실적·품질 지표 점검 및 보고
• 관련 시스템과 문서의 정확한 입력·관리
• 고객·협력사·유관 부서 문의 대응 및 이슈 조율
• 업무 절차 개선과 운영 리스크 사전 점검
• 주요 이슈 원인 분석 및 후속 조치 관리
• 정기 회의 자료 작성과 진행 현황 공유
• 업무 매뉴얼 정비와 신규 구성원 온보딩 지원","• 자재·생산관리 또는 산업공학 관련 전공 관련 기본 지식 또는 실무 경험을 보유한 분
• 필수 자격·면허: ERP정보관리사 물류 1급 보유자 또는 입사 전 취득 가능한 분
• 맡은 업무를 정확하게 기록하고 마감까지 책임질 수 있는 분
• 문서작성, 이메일, 스프레드시트 등 기본 업무도구 활용이 가능한 분
• 고객 및 유관 부서와 원활하게 소통하고 요청사항을 정리할 수 있는 분
• 예상하지 못한 상황에서도 우선순위를 판단해 대응할 수 있는 분
• 업무상 취급하는 자료와 고객 정보를 안전하게 관리할 수 있는 분
• 교대·주말·현장 근무가 포함될 수 있는 일정에 대응 가능한 분","• 자재관리자 또는 유사 직무 경력 보유자
• 직무 관련 자격·면허 보유자: ERP정보관리사 물류 1급
• 직무 관련 자격·면허 보유자: 지게차운전기능사
• ERP, WMS, CRM, POS 등 직무 관련 시스템 사용 경험자
• 수치와 데이터를 활용한 실적 분석 경험자
• 다양한 이해관계자와 협업해 문제를 해결한 경험자
• 신규 프로세스 구축이나 업무 자동화 경험자","• 지원서 및 제출서류의 허위기재 또는 허위 제출
• 채용 과정에서 본인 확인이 불가능한 경우
• 채용검진 결과 업무 수행에 부적합하다고 판단되는 경우
• 해외여행 및 근무에 결격사유가 있는 경우
• 기타 회사 또는 기관의 인사규정상 채용이 불가능한 경우",서류전형 > 실무면접 > 최종면접
633,자재관리자 운영 매니저,76,64,20260203,20260223,3,신입·경력,정규직,인천광역시,전문학사 이상,"성장 단계 스타트업에서 생산에 필요한 자재의 적기 공급과 수급을 책임지는 포지션을(를) 맡을 자재관리자를 모집합니다.

이번 포지션은 자재 소요량 산출, 발주, 창고, 재고, 자재코드을 중심으로 운영 현장의 품질과 일정, 고객 경험을 함께 관리하는 역할입니다.

업무 기준을 준수하면서도 개선점을 주도적으로 제안할 수 있는 분을 기다립니다.

유관 부서 및 외부 파트너와 업무 기준을 공유하고, 이슈 발생 시 원인을 정리해 재발 방지 방안을 실행합니다.

초기에는 담당 업무의 프로세스와 시스템을 익히고, 이후에는 담당 영역의 지표 개선과 운영 표준화까지 주도하게 됩니다.","• 자재 소요량 산출, 발주, 창고, 재고, 자재코드 및 일일 운영 현황 관리
• 업무 일정·실적·품질 지표 점검 및 보고
• 관련 시스템과 문서의 정확한 입력·관리
• 고객·협력사·유관 부서 문의 대응 및 이슈 조율
• 업무 절차 개선과 운영 리스크 사전 점검
• 주요 이슈 원인 분석 및 후속 조치 관리
• 정기 회의 자료 작성과 진행 현황 공유
• 현장 안전·보안·개인정보 보호 기준 준수","• 자재·생산관리 또는 산업공학 관련 전공 관련 기본 지식 또는 실무 경험을 보유한 분
• 필수 자격·면허: ERP정보관리사 물류 1급 보유자 또는 입사 전 취득 가능한 분
• 맡은 업무를 정확하게 기록하고 마감까지 책임질 수 있는 분
• 문서작성, 이메일, 스프레드시트 등 기본 업무도구 활용이 가능한 분
• 고객 및 유관 부서와 원활하게 소통하고 요청사항을 정리할 수 있는 분
• 예상하지 못한 상황에서도 우선순위를 판단해 대응할 수 있는 분
• 업무상 취급하는 자료와 고객 정보를 안전하게 관리할 수 있는 분
• 직무 관련 교육을 꾸준히 이수하며 전문성을 높일 분","• 자재관리자 또는 유사 직무 경력 보유자
• 직무 관련 자격·면허 보유자: ERP정보관리사 물류 1급
• 직무 관련 자격·면허 보유자: 지게차운전기능사
• ERP, WMS, CRM, POS 등 직무 관련 시스템 사용 경험자
• 수치와 데이터를 활용한 실적 분석 경험자
• 다양한 이해관계자와 협업해 문제를 해결한 경험자
• 외국어 또는 관련 법규·안전 기준을 활용할 수 있는 분","• 지원서 및 제출서류의 허위기재 또는 허위 제출
• 채용 과정에서 본인 확인이 불가능한 경우
• 채용검진 결과 업무 수행에 부적합하다고 판단되는 경우
• 해외여행 및 근무에 결격사유가 있는 경우
• 기타 회사 또는 기관의 인사규정상 채용이 불가능한 경우",서류전형 > 인성검사 > 실무면접 > 최종면접
634,자재관리자 전문 인력,83,64,20260220,20260319,14,경력 2년 이상,계약직,울산광역시,학사 이상,"종합병원 운영조직에서 생산에 필요한 자재의 적기 공급과 수급을 책임지는 포지션을(를) 맡을 자재관리자를 모집합니다.

이번 포지션은 자재 소요량 산출, 발주, 창고, 재고, 자재코드을 중심으로 운영 현장의 품질과 일정, 고객 경험을 함께 관리하는 역할입니다.

고객과 동료에게 신뢰를 주는 태도로 맡은 업무를 끝까지 책임지는 포지션입니다.

유관 부서 및 외부 파트너와 업무 기준을 공유하고, 이슈 발생 시 원인을 정리해 재발 방지 방안을 실행합니다.

초기에는 담당 업무의 프로세스와 시스템을 익히고, 이후에는 담당 영역의 지표 개선과 운영 표준화까지 주도하게 됩니다.","• 자재 소요량 산출, 발주, 창고, 재고, 자재코드 및 일일 운영 현황 관리
• 업무 일정·실적·품질 지표 점검 및 보고
• 관련 시스템과 문서의 정확한 입력·관리
• 고객·협력사·유관 부서 문의 대응 및 이슈 조율
• 업무 절차 개선과 운영 리스크 사전 점검
• 주요 이슈 원인 분석 및 후속 조치 관리
• 정기 회의 자료 작성과 진행 현황 공유
• 업무 매뉴얼 정비와 신규 구성원 온보딩 지원","• 자재·생산관리 또는 산업공학 관련 전공 관련 기본 지식 또는 실무 경험을 보유한 분
• 필수 자격·면허: ERP정보관리사 물류 1급 보유자 또는 입사 전 취득 가능한 분
• 맡은 업무를 정확하게 기록하고 마감까지 책임질 수 있는 분
• 문서작성, 이메일, 스프레드시트 등 기본 업무도구 활용이 가능한 분
• 고객 및 유관 부서와 원활하게 소통하고 요청사항을 정리할 수 있는 분
• 예상하지 못한 상황에서도 우선순위를 판단해 대응할 수 있는 분
• 업무상 취급하는 자료와 고객 정보를 안전하게 관리할 수 있는 분
• 직무 관련 교육을 꾸준히 이수하며 전문성을 높일 분","• 자재관리자 또는 유사 직무 경력 보유자
• 직무 관련 자격·면허 보유자: ERP정보관리사 물류 1급
• 직무 관련 자격·면허 보유자: 지게차운전기능사
• ERP, WMS, CRM, POS 등 직무 관련 시스템 사용 경험자
• 수치와 데이터를 활용한 실적 분석 경험자
• 다양한 이해관계자와 협업해 문제를 해결한 경험자
• 신규 프로세스 구축이나 업무 자동화 경험자","• 지원서 및 제출서류의 허위기재 또는 허위 제출
• 채용 과정에서 본인 확인이 불가능한 경우
• 채용검진 결과 업무 수행에 부적합하다고 판단되는 경우
• 해외여행 및 근무에 결격사유가 있는 경우
• 기타 회사 또는 기관의 인사규정상 채용이 불가능한 경우",서류전형 > 직무과제 > 실무면접 > 최종합격
635,자재관리자 경력 채용,97,64,20260309,20260412,5,경력 3년 이상,무기계약직,강원특별자치도,석사 이상,"대학 산학협력단에서 생산에 필요한 자재의 적기 공급과 수급을 책임지는 포지션을(를) 맡을 자재관리자를 모집합니다.

이번 포지션은 자재 소요량 산출, 발주, 창고, 재고, 자재코드을 중심으로 운영 현장의 품질과 일정, 고객 경험을 함께 관리하는 역할입니다.

데이터와 현장 감각을 함께 활용해 반복 업무를 효율화하는 역할입니다.

유관 부서 및 외부 파트너와 업무 기준을 공유하고, 이슈 발생 시 원인을 정리해 재발 방지 방안을 실행합니다.

초기에는 담당 업무의 프로세스와 시스템을 익히고, 이후에는 담당 영역의 지표 개선과 운영 표준화까지 주도하게 됩니다.","• 자재 소요량 산출, 발주, 창고, 재고, 자재코드 및 일일 운영 현황 관리
• 업무 일정·실적·품질 지표 점검 및 보고
• 관련 시스템과 문서의 정확한 입력·관리
• 고객·협력사·유관 부서 문의 대응 및 이슈 조율
• 업무 절차 개선과 운영 리스크 사전 점검
• 주요 이슈 원인 분석 및 후속 조치 관리
• 정기 회의 자료 작성과 진행 현황 공유
• 현장 안전·보안·개인정보 보호 기준 준수","• 자재·생산관리 또는 산업공학 관련 전공 관련 기본 지식 또는 실무 경험을 보유한 분
• 필수 자격·면허: ERP정보관리사 물류 1급 보유자 또는 입사 전 취득 가능한 분
• 맡은 업무를 정확하게 기록하고 마감까지 책임질 수 있는 분
• 문서작성, 이메일, 스프레드시트 등 기본 업무도구 활용이 가능한 분
• 고객 및 유관 부서와 원활하게 소통하고 요청사항을 정리할 수 있는 분
• 예상하지 못한 상황에서도 우선순위를 판단해 대응할 수 있는 분
• 업무상 취급하는 자료와 고객 정보를 안전하게 관리할 수 있는 분
• 교대·주말·현장 근무가 포함될 수 있는 일정에 대응 가능한 분","• 자재관리자 또는 유사 직무 경력 보유자
• 직무 관련 자격·면허 보유자: ERP정보관리사 물류 1급
• 직무 관련 자격·면허 보유자: 지게차운전기능사
• ERP, WMS, CRM, POS 등 직무 관련 시스템 사용 경험자
• 수치와 데이터를 활용한 실적 분석 경험자
• 다양한 이해관계자와 협업해 문제를 해결한 경험자
• 외국어 또는 관련 법규·안전 기준을 활용할 수 있는 분","• 지원서 및 제출서류의 허위기재 또는 허위 제출
• 채용 과정에서 본인 확인이 불가능한 경우
• 채용검진 결과 업무 수행에 부적합하다고 판단되는 경우
• 해외여행 및 근무에 결격사유가 있는 경우
• 기타 회사 또는 기관의 인사규정상 채용이 불가능한 경우",서류전형 > 1차면접 > 2차면접 > 채용검진
636,자재관리자 현장 책임자,133,64,20260326,20260506,16,경력 5년 이상,기간제,전라북도,박사 이상,"기업 부설 연구소에서 생산에 필요한 자재의 적기 공급과 수급을 책임지는 포지션을(를) 맡을 자재관리자를 모집합니다.

이번 포지션은 자재 소요량 산출, 발주, 창고, 재고, 자재코드을 중심으로 운영 현장의 품질과 일정, 고객 경험을 함께 관리하는 역할입니다.

정해진 절차를 지키되 상황에 맞게 유연하게 대응하는 실무자를 모집합니다.

유관 부서 및 외부 파트너와 업무 기준을 공유하고, 이슈 발생 시 원인을 정리해 재발 방지 방안을 실행합니다.

초기에는 담당 업무의 프로세스와 시스템을 익히고, 이후에는 담당 영역의 지표 개선과 운영 표준화까지 주도하게 됩니다.","• 자재 소요량 산출, 발주, 창고, 재고, 자재코드 및 일일 운영 현황 관리
• 업무 일정·실적·품질 지표 점검 및 보고
• 관련 시스템과 문서의 정확한 입력·관리
• 고객·협력사·유관 부서 문의 대응 및 이슈 조율
• 업무 절차 개선과 운영 리스크 사전 점검
• 주요 이슈 원인 분석 및 후속 조치 관리
• 정기 회의 자료 작성과 진행 현황 공유
• 업무 매뉴얼 정비와 신규 구성원 온보딩 지원","• 자재·생산관리 또는 산업공학 관련 전공 관련 기본 지식 또는 실무 경험을 보유한 분
• 필수 자격·면허: ERP정보관리사 물류 1급 보유자 또는 입사 전 취득 가능한 분
• 맡은 업무를 정확하게 기록하고 마감까지 책임질 수 있는 분
• 문서작성, 이메일, 스프레드시트 등 기본 업무도구 활용이 가능한 분
• 고객 및 유관 부서와 원활하게 소통하고 요청사항을 정리할 수 있는 분
• 예상하지 못한 상황에서도 우선순위를 판단해 대응할 수 있는 분
• 업무상 취급하는 자료와 고객 정보를 안전하게 관리할 수 있는 분
• 직무 관련 교육을 꾸준히 이수하며 전문성을 높일 분","• 자재관리자 또는 유사 직무 경력 보유자
• 직무 관련 자격·면허 보유자: ERP정보관리사 물류 1급
• 직무 관련 자격·면허 보유자: 지게차운전기능사
• ERP, WMS, CRM, POS 등 직무 관련 시스템 사용 경험자
• 수치와 데이터를 활용한 실적 분석 경험자
• 다양한 이해관계자와 협업해 문제를 해결한 경험자
• 신규 프로세스 구축이나 업무 자동화 경험자","• 지원서 및 제출서류의 허위기재 또는 허위 제출
• 채용 과정에서 본인 확인이 불가능한 경우
• 채용검진 결과 업무 수행에 부적합하다고 판단되는 경우
• 해외여행 및 근무에 결격사유가 있는 경우
• 기타 회사 또는 기관의 인사규정상 채용이 불가능한 경우",서류전형 > 필기전형 > 면접전형 > 최종합격
637,자재관리자 서비스 담당,23,64,20260412,20260424,7,경력 무관,정규직,경상남도,학력무관,"전문 협회에서 생산에 필요한 자재의 적기 공급과 수급을 책임지는 포지션을(를) 맡을 자재관리자를 모집합니다.

이번 포지션은 자재 소요량 산출, 발주, 창고, 재고, 자재코드을 중심으로 운영 현장의 품질과 일정, 고객 경험을 함께 관리하는 역할입니다.

부서 간 원활한 소통으로 일정과 품질을 안정적으로 관리하는 직무입니다.

유관 부서 및 외부 파트너와 업무 기준을 공유하고, 이슈 발생 시 원인을 정리해 재발 방지 방안을 실행합니다.

초기에는 담당 업무의 프로세스와 시스템을 익히고, 이후에는 담당 영역의 지표 개선과 운영 표준화까지 주도하게 됩니다.","• 자재 소요량 산출, 발주, 창고, 재고, 자재코드 및 일일 운영 현황 관리
• 업무 일정·실적·품질 지표 점검 및 보고
• 관련 시스템과 문서의 정확한 입력·관리
• 고객·협력사·유관 부서 문의 대응 및 이슈 조율
• 업무 절차 개선과 운영 리스크 사전 점검
• 주요 이슈 원인 분석 및 후속 조치 관리
• 정기 회의 자료 작성과 진행 현황 공유
• 현장 안전·보안·개인정보 보호 기준 준수","• 자재·생산관리 또는 산업공학 관련 전공 관련 기본 지식 또는 실무 경험을 보유한 분
• 필수 자격·면허: ERP정보관리사 물류 1급 보유자 또는 입사 전 취득 가능한 분
• 맡은 업무를 정확하게 기록하고 마감까지 책임질 수 있는 분
• 문서작성, 이메일, 스프레드시트 등 기본 업무도구 활용이 가능한 분
• 고객 및 유관 부서와 원활하게 소통하고 요청사항을 정리할 수 있는 분
• 예상하지 못한 상황에서도 우선순위를 판단해 대응할 수 있는 분
• 업무상 취급하는 자료와 고객 정보를 안전하게 관리할 수 있는 분
• 직무 관련 교육을 꾸준히 이수하며 전문성을 높일 분","• 자재관리자 또는 유사 직무 경력 보유자
• 직무 관련 자격·면허 보유자: ERP정보관리사 물류 1급
• 직무 관련 자격·면허 보유자: 지게차운전기능사
• ERP, WMS, CRM, POS 등 직무 관련 시스템 사용 경험자
• 수치와 데이터를 활용한 실적 분석 경험자
• 다양한 이해관계자와 협업해 문제를 해결한 경험자
• 외국어 또는 관련 법규·안전 기준을 활용할 수 있는 분","• 지원서 및 제출서류의 허위기재 또는 허위 제출
• 채용 과정에서 본인 확인이 불가능한 경우
• 채용검진 결과 업무 수행에 부적합하다고 판단되는 경우
• 해외여행 및 근무에 결격사유가 있는 경우
• 기타 회사 또는 기관의 인사규정상 채용이 불가능한 경우",서류전형 > 실무면접 > 최종면접
638,자재관리자 담당자,23,64,20260429,20260518,18,신입,계약직,부산광역시,전문학사 이상,"공공서비스 운영기관에서 생산에 필요한 자재의 적기 공급과 수급을 책임지는 포지션을(를) 맡을 자재관리자를 모집합니다.

이번 포지션은 자재 소요량 산출, 발주, 창고, 재고, 자재코드을 중심으로 운영 현장의 품질과 일정, 고객 경험을 함께 관리하는 역할입니다.

서비스 품질과 안전을 우선하며 꾸준히 전문성을 쌓을 수 있는 포지션입니다.

유관 부서 및 외부 파트너와 업무 기준을 공유하고, 이슈 발생 시 원인을 정리해 재발 방지 방안을 실행합니다.

초기에는 담당 업무의 프로세스와 시스템을 익히고, 이후에는 담당 영역의 지표 개선과 운영 표준화까지 주도하게 됩니다.","• 자재 소요량 산출, 발주, 창고, 재고, 자재코드 및 일일 운영 현황 관리
• 업무 일정·실적·품질 지표 점검 및 보고
• 관련 시스템과 문서의 정확한 입력·관리
• 고객·협력사·유관 부서 문의 대응 및 이슈 조율
• 업무 절차 개선과 운영 리스크 사전 점검
• 주요 이슈 원인 분석 및 후속 조치 관리
• 정기 회의 자료 작성과 진행 현황 공유
• 업무 매뉴얼 정비와 신규 구성원 온보딩 지원","• 자재·생산관리 또는 산업공학 관련 전공 관련 기본 지식 또는 실무 경험을 보유한 분
• 필수 자격·면허: ERP정보관리사 물류 1급 보유자 또는 입사 전 취득 가능한 분
• 맡은 업무를 정확하게 기록하고 마감까지 책임질 수 있는 분
• 문서작성, 이메일, 스프레드시트 등 기본 업무도구 활용이 가능한 분
• 고객 및 유관 부서와 원활하게 소통하고 요청사항을 정리할 수 있는 분
• 예상하지 못한 상황에서도 우선순위를 판단해 대응할 수 있는 분
• 업무상 취급하는 자료와 고객 정보를 안전하게 관리할 수 있는 분
• 교대·주말·현장 근무가 포함될 수 있는 일정에 대응 가능한 분","• 자재관리자 또는 유사 직무 경력 보유자
• 직무 관련 자격·면허 보유자: ERP정보관리사 물류 1급
• 직무 관련 자격·면허 보유자: 지게차운전기능사
• ERP, WMS, CRM, POS 등 직무 관련 시스템 사용 경험자
• 수치와 데이터를 활용한 실적 분석 경험자
• 다양한 이해관계자와 협업해 문제를 해결한 경험자
• 신규 프로세스 구축이나 업무 자동화 경험자","• 지원서 및 제출서류의 허위기재 또는 허위 제출
• 채용 과정에서 본인 확인이 불가능한 경우
• 채용검진 결과 업무 수행에 부적합하다고 판단되는 경우
• 해외여행 및 근무에 결격사유가 있는 경우
• 기타 회사 또는 기관의 인사규정상 채용이 불가능한 경우",서류전형 > 인성검사 > 실무면접 > 최종면접
639,자재관리자 실무자,123,64,20260516,20260611,9,경력,무기계약직,광주광역시,학사 이상,"대기업 사업부에서 생산에 필요한 자재의 적기 공급과 수급을 책임지는 포지션을(를) 맡을 자재관리자를 모집합니다.

이번 포지션은 자재 소요량 산출, 발주, 창고, 재고, 자재코드을 중심으로 운영 현장의 품질과 일정, 고객 경험을 함께 관리하는 역할입니다.

기본기를 바탕으로 새로운 업무를 빠르게 익히고 실행할 분을 모십니다.

유관 부서 및 외부 파트너와 업무 기준을 공유하고, 이슈 발생 시 원인을 정리해 재발 방지 방안을 실행합니다.

초기에는 담당 업무의 프로세스와 시스템을 익히고, 이후에는 담당 영역의 지표 개선과 운영 표준화까지 주도하게 됩니다.","• 자재 소요량 산출, 발주, 창고, 재고, 자재코드 및 일일 운영 현황 관리
• 업무 일정·실적·품질 지표 점검 및 보고
• 관련 시스템과 문서의 정확한 입력·관리
• 고객·협력사·유관 부서 문의 대응 및 이슈 조율
• 업무 절차 개선과 운영 리스크 사전 점검
• 주요 이슈 원인 분석 및 후속 조치 관리
• 정기 회의 자료 작성과 진행 현황 공유
• 현장 안전·보안·개인정보 보호 기준 준수","• 자재·생산관리 또는 산업공학 관련 전공 관련 기본 지식 또는 실무 경험을 보유한 분
• 필수 자격·면허: ERP정보관리사 물류 1급 보유자 또는 입사 전 취득 가능한 분
• 맡은 업무를 정확하게 기록하고 마감까지 책임질 수 있는 분
• 문서작성, 이메일, 스프레드시트 등 기본 업무도구 활용이 가능한 분
• 고객 및 유관 부서와 원활하게 소통하고 요청사항을 정리할 수 있는 분
• 예상하지 못한 상황에서도 우선순위를 판단해 대응할 수 있는 분
• 업무상 취급하는 자료와 고객 정보를 안전하게 관리할 수 있는 분
• 직무 관련 교육을 꾸준히 이수하며 전문성을 높일 분","• 자재관리자 또는 유사 직무 경력 보유자
• 직무 관련 자격·면허 보유자: ERP정보관리사 물류 1급
• 직무 관련 자격·면허 보유자: 지게차운전기능사
• ERP, WMS, CRM, POS 등 직무 관련 시스템 사용 경험자
• 수치와 데이터를 활용한 실적 분석 경험자
• 다양한 이해관계자와 협업해 문제를 해결한 경험자
• 외국어 또는 관련 법규·안전 기준을 활용할 수 있는 분","• 지원서 및 제출서류의 허위기재 또는 허위 제출
• 채용 과정에서 본인 확인이 불가능한 경우
• 채용검진 결과 업무 수행에 부적합하다고 판단되는 경우
• 해외여행 및 근무에 결격사유가 있는 경우
• 기타 회사 또는 기관의 인사규정상 채용이 불가능한 경우",서류전형 > 직무과제 > 실무면접 > 최종합격
640,자재관리자 운영 매니저,12,64,20260602,20260705,20,신입·경력,기간제,경기도,석사 이상,"중견 제조기업에서 생산에 필요한 자재의 적기 공급과 수급을 책임지는 포지션을(를) 맡을 자재관리자를 모집합니다.

이번 포지션은 자재 소요량 산출, 발주, 창고, 재고, 자재코드을 중심으로 운영 현장의 품질과 일정, 고객 경험을 함께 관리하는 역할입니다.

성과와 고객 만족을 함께 고려하며 실질적인 변화를 만드는 역할입니다.

유관 부서 및 외부 파트너와 업무 기준을 공유하고, 이슈 발생 시 원인을 정리해 재발 방지 방안을 실행합니다.

초기에는 담당 업무의 프로세스와 시스템을 익히고, 이후에는 담당 영역의 지표 개선과 운영 표준화까지 주도하게 됩니다.","• 자재 소요량 산출, 발주, 창고, 재고, 자재코드 및 일일 운영 현황 관리
• 업무 일정·실적·품질 지표 점검 및 보고
• 관련 시스템과 문서의 정확한 입력·관리
• 고객·협력사·유관 부서 문의 대응 및 이슈 조율
• 업무 절차 개선과 운영 리스크 사전 점검
• 주요 이슈 원인 분석 및 후속 조치 관리
• 정기 회의 자료 작성과 진행 현황 공유
• 업무 매뉴얼 정비와 신규 구성원 온보딩 지원","• 자재·생산관리 또는 산업공학 관련 전공 관련 기본 지식 또는 실무 경험을 보유한 분
• 필수 자격·면허: ERP정보관리사 물류 1급 보유자 또는 입사 전 취득 가능한 분
• 맡은 업무를 정확하게 기록하고 마감까지 책임질 수 있는 분
• 문서작성, 이메일, 스프레드시트 등 기본 업무도구 활용이 가능한 분
• 고객 및 유관 부서와 원활하게 소통하고 요청사항을 정리할 수 있는 분
• 예상하지 못한 상황에서도 우선순위를 판단해 대응할 수 있는 분
• 업무상 취급하는 자료와 고객 정보를 안전하게 관리할 수 있는 분
• 직무 관련 교육을 꾸준히 이수하며 전문성을 높일 분","• 자재관리자 또는 유사 직무 경력 보유자
• 직무 관련 자격·면허 보유자: ERP정보관리사 물류 1급
• 직무 관련 자격·면허 보유자: 지게차운전기능사
• ERP, WMS, CRM, POS 등 직무 관련 시스템 사용 경험자
• 수치와 데이터를 활용한 실적 분석 경험자
• 다양한 이해관계자와 협업해 문제를 해결한 경험자
• 신규 프로세스 구축이나 업무 자동화 경험자","• 지원서 및 제출서류의 허위기재 또는 허위 제출
• 채용 과정에서 본인 확인이 불가능한 경우
• 채용검진 결과 업무 수행에 부적합하다고 판단되는 경우
• 해외여행 및 근무에 결격사유가 있는 경우
• 기타 회사 또는 기관의 인사규정상 채용이 불가능한 경우",서류전형 > 1차면접 > 2차면접 > 채용검진
641,유통관리자 경력 채용,127,65,20260619,20260729,11,경력 3년 이상,정규직,전라북도,학력무관,"전문 중소기업에서 유통 채널의 운영 효율과 상품 흐름을 관리하는 포지션을(를) 맡을 유통관리자를 모집합니다.

이번 포지션은 유통계획, 판매 데이터, 물류 연계, 점포 지원을 중심으로 운영 현장의 품질과 일정, 고객 경험을 함께 관리하는 역할입니다.

정확한 실행력과 협업을 바탕으로 안정적인 운영을 함께 만들어 갈 분을 찾습니다.

유관 부서 및 외부 파트너와 업무 기준을 공유하고, 이슈 발생 시 원인을 정리해 재발 방지 방안을 실행합니다.

초기에는 담당 업무의 프로세스와 시스템을 익히고, 이후에는 담당 영역의 지표 개선과 운영 표준화까지 주도하게 됩니다.","• 유통계획, 판매 데이터, 물류 연계, 점포 지원 및 일일 운영 현황 관리
• 업무 일정·실적·품질 지표 점검 및 보고
• 관련 시스템과 문서의 정확한 입력·관리
• 고객·협력사·유관 부서 문의 대응 및 이슈 조율
• 업무 절차 개선과 운영 리스크 사전 점검
• 주요 이슈 원인 분석 및 후속 조치 관리
• 정기 회의 자료 작성과 진행 현황 공유
• 현장 안전·보안·개인정보 보호 기준 준수","• 유통·물류·경영 관련 전공 관련 기본 지식 또는 실무 경험을 보유한 분
• 필수 자격·면허: 유통관리사 2급 보유자 또는 입사 전 취득 가능한 분
• 맡은 업무를 정확하게 기록하고 마감까지 책임질 수 있는 분
• 문서작성, 이메일, 스프레드시트 등 기본 업무도구 활용이 가능한 분
• 고객 및 유관 부서와 원활하게 소통하고 요청사항을 정리할 수 있는 분
• 예상하지 못한 상황에서도 우선순위를 판단해 대응할 수 있는 분
• 업무상 취급하는 자료와 고객 정보를 안전하게 관리할 수 있는 분
• 교대·주말·현장 근무가 포함될 수 있는 일정에 대응 가능한 분","• 유통관리자 또는 유사 직무 경력 보유자
• 직무 관련 자격·면허 보유자: 유통관리사 2급
• 직무 관련 자격·면허 보유자: 물류관리사
• ERP, WMS, CRM, POS 등 직무 관련 시스템 사용 경험자
• 수치와 데이터를 활용한 실적 분석 경험자
• 다양한 이해관계자와 협업해 문제를 해결한 경험자
• 외국어 또는 관련 법규·안전 기준을 활용할 수 있는 분","• 지원서 및 제출서류의 허위기재 또는 허위 제출
• 채용 과정에서 본인 확인이 불가능한 경우
• 채용검진 결과 업무 수행에 부적합하다고 판단되는 경우
• 해외여행 및 근무에 결격사유가 있는 경우
• 기타 회사 또는 기관의 인사규정상 채용이 불가능한 경우",서류전형 > 실무면접 > 최종면접
642,유통관리자 현장 책임자,38,65,20260706,20260717,2,경력 5년 이상,계약직,경상남도,전문학사 이상,"성장 단계 스타트업에서 유통 채널의 운영 효율과 상품 흐름을 관리하는 포지션을(를) 맡을 유통관리자를 모집합니다.

이번 포지션은 유통계획, 판매 데이터, 물류 연계, 점포 지원을 중심으로 운영 현장의 품질과 일정, 고객 경험을 함께 관리하는 역할입니다.

현장과 유관 부서의 요구를 연결하며 업무 품질을 높이는 역할입니다.

유관 부서 및 외부 파트너와 업무 기준을 공유하고, 이슈 발생 시 원인을 정리해 재발 방지 방안을 실행합니다.

초기에는 담당 업무의 프로세스와 시스템을 익히고, 이후에는 담당 영역의 지표 개선과 운영 표준화까지 주도하게 됩니다.","• 유통계획, 판매 데이터, 물류 연계, 점포 지원 및 일일 운영 현황 관리
• 업무 일정·실적·품질 지표 점검 및 보고
• 관련 시스템과 문서의 정확한 입력·관리
• 고객·협력사·유관 부서 문의 대응 및 이슈 조율
• 업무 절차 개선과 운영 리스크 사전 점검
• 주요 이슈 원인 분석 및 후속 조치 관리
• 정기 회의 자료 작성과 진행 현황 공유
• 업무 매뉴얼 정비와 신규 구성원 온보딩 지원","• 유통·물류·경영 관련 전공 관련 기본 지식 또는 실무 경험을 보유한 분
• 필수 자격·면허: 유통관리사 2급 보유자 또는 입사 전 취득 가능한 분
• 맡은 업무를 정확하게 기록하고 마감까지 책임질 수 있는 분
• 문서작성, 이메일, 스프레드시트 등 기본 업무도구 활용이 가능한 분
• 고객 및 유관 부서와 원활하게 소통하고 요청사항을 정리할 수 있는 분
• 예상하지 못한 상황에서도 우선순위를 판단해 대응할 수 있는 분
• 업무상 취급하는 자료와 고객 정보를 안전하게 관리할 수 있는 분
• 직무 관련 교육을 꾸준히 이수하며 전문성을 높일 분","• 유통관리자 또는 유사 직무 경력 보유자
• 직무 관련 자격·면허 보유자: 유통관리사 2급
• 직무 관련 자격·면허 보유자: 물류관리사
• ERP, WMS, CRM, POS 등 직무 관련 시스템 사용 경험자
• 수치와 데이터를 활용한 실적 분석 경험자
• 다양한 이해관계자와 협업해 문제를 해결한 경험자
• 신규 프로세스 구축이나 업무 자동화 경험자","• 지원서 및 제출서류의 허위기재 또는 허위 제출
• 채용 과정에서 본인 확인이 불가능한 경우
• 채용검진 결과 업무 수행에 부적합하다고 판단되는 경우
• 해외여행 및 근무에 결격사유가 있는 경우
• 기타 회사 또는 기관의 인사규정상 채용이 불가능한 경우",서류전형 > 인성검사 > 실무면접 > 최종면접
643,유통관리자 서비스 담당,76,65,20260723,20260810,13,경력 무관,무기계약직,부산광역시,학사 이상,"종합병원 운영조직에서 유통 채널의 운영 효율과 상품 흐름을 관리하는 포지션을(를) 맡을 유통관리자를 모집합니다.

이번 포지션은 유통계획, 판매 데이터, 물류 연계, 점포 지원을 중심으로 운영 현장의 품질과 일정, 고객 경험을 함께 관리하는 역할입니다.

업무 기준을 준수하면서도 개선점을 주도적으로 제안할 수 있는 분을 기다립니다.

유관 부서 및 외부 파트너와 업무 기준을 공유하고, 이슈 발생 시 원인을 정리해 재발 방지 방안을 실행합니다.

초기에는 담당 업무의 프로세스와 시스템을 익히고, 이후에는 담당 영역의 지표 개선과 운영 표준화까지 주도하게 됩니다.","• 유통계획, 판매 데이터, 물류 연계, 점포 지원 및 일일 운영 현황 관리
• 업무 일정·실적·품질 지표 점검 및 보고
• 관련 시스템과 문서의 정확한 입력·관리
• 고객·협력사·유관 부서 문의 대응 및 이슈 조율
• 업무 절차 개선과 운영 리스크 사전 점검
• 주요 이슈 원인 분석 및 후속 조치 관리
• 정기 회의 자료 작성과 진행 현황 공유
• 현장 안전·보안·개인정보 보호 기준 준수","• 유통·물류·경영 관련 전공 관련 기본 지식 또는 실무 경험을 보유한 분
• 필수 자격·면허: 유통관리사 2급 보유자 또는 입사 전 취득 가능한 분
• 맡은 업무를 정확하게 기록하고 마감까지 책임질 수 있는 분
• 문서작성, 이메일, 스프레드시트 등 기본 업무도구 활용이 가능한 분
• 고객 및 유관 부서와 원활하게 소통하고 요청사항을 정리할 수 있는 분
• 예상하지 못한 상황에서도 우선순위를 판단해 대응할 수 있는 분
• 업무상 취급하는 자료와 고객 정보를 안전하게 관리할 수 있는 분
• 직무 관련 교육을 꾸준히 이수하며 전문성을 높일 분","• 유통관리자 또는 유사 직무 경력 보유자
• 직무 관련 자격·면허 보유자: 유통관리사 2급
• 직무 관련 자격·면허 보유자: 물류관리사
• ERP, WMS, CRM, POS 등 직무 관련 시스템 사용 경험자
• 수치와 데이터를 활용한 실적 분석 경험자
• 다양한 이해관계자와 협업해 문제를 해결한 경험자
• 외국어 또는 관련 법규·안전 기준을 활용할 수 있는 분","• 지원서 및 제출서류의 허위기재 또는 허위 제출
• 채용 과정에서 본인 확인이 불가능한 경우
• 채용검진 결과 업무 수행에 부적합하다고 판단되는 경우
• 해외여행 및 근무에 결격사유가 있는 경우
• 기타 회사 또는 기관의 인사규정상 채용이 불가능한 경우",서류전형 > 직무과제 > 실무면접 > 최종합격
644,유통관리자 담당자,42,65,20260809,20260903,4,신입,기간제,광주광역시,석사 이상,"대학 산학협력단에서 유통 채널의 운영 효율과 상품 흐름을 관리하는 포지션을(를) 맡을 유통관리자를 모집합니다.

이번 포지션은 유통계획, 판매 데이터, 물류 연계, 점포 지원을 중심으로 운영 현장의 품질과 일정, 고객 경험을 함께 관리하는 역할입니다.

고객과 동료에게 신뢰를 주는 태도로 맡은 업무를 끝까지 책임지는 포지션입니다.

유관 부서 및 외부 파트너와 업무 기준을 공유하고, 이슈 발생 시 원인을 정리해 재발 방지 방안을 실행합니다.

초기에는 담당 업무의 프로세스와 시스템을 익히고, 이후에는 담당 영역의 지표 개선과 운영 표준화까지 주도하게 됩니다.","• 유통계획, 판매 데이터, 물류 연계, 점포 지원 및 일일 운영 현황 관리
• 업무 일정·실적·품질 지표 점검 및 보고
• 관련 시스템과 문서의 정확한 입력·관리
• 고객·협력사·유관 부서 문의 대응 및 이슈 조율
• 업무 절차 개선과 운영 리스크 사전 점검
• 주요 이슈 원인 분석 및 후속 조치 관리
• 정기 회의 자료 작성과 진행 현황 공유
• 업무 매뉴얼 정비와 신규 구성원 온보딩 지원","• 유통·물류·경영 관련 전공 관련 기본 지식 또는 실무 경험을 보유한 분
• 필수 자격·면허: 유통관리사 2급 보유자 또는 입사 전 취득 가능한 분
• 맡은 업무를 정확하게 기록하고 마감까지 책임질 수 있는 분
• 문서작성, 이메일, 스프레드시트 등 기본 업무도구 활용이 가능한 분
• 고객 및 유관 부서와 원활하게 소통하고 요청사항을 정리할 수 있는 분
• 예상하지 못한 상황에서도 우선순위를 판단해 대응할 수 있는 분
• 업무상 취급하는 자료와 고객 정보를 안전하게 관리할 수 있는 분
• 교대·주말·현장 근무가 포함될 수 있는 일정에 대응 가능한 분","• 유통관리자 또는 유사 직무 경력 보유자
• 직무 관련 자격·면허 보유자: 유통관리사 2급
• 직무 관련 자격·면허 보유자: 물류관리사
• ERP, WMS, CRM, POS 등 직무 관련 시스템 사용 경험자
• 수치와 데이터를 활용한 실적 분석 경험자
• 다양한 이해관계자와 협업해 문제를 해결한 경험자
• 신규 프로세스 구축이나 업무 자동화 경험자","• 지원서 및 제출서류의 허위기재 또는 허위 제출
• 채용 과정에서 본인 확인이 불가능한 경우
• 채용검진 결과 업무 수행에 부적합하다고 판단되는 경우
• 해외여행 및 근무에 결격사유가 있는 경우
• 기타 회사 또는 기관의 인사규정상 채용이 불가능한 경우",서류전형 > 1차면접 > 2차면접 > 채용검진
645,유통관리자 실무자,135,65,20260826,20260927,15,경력,정규직,경기도,박사 이상,"기업 부설 연구소에서 유통 채널의 운영 효율과 상품 흐름을 관리하는 포지션을(를) 맡을 유통관리자를 모집합니다.

이번 포지션은 유통계획, 판매 데이터, 물류 연계, 점포 지원을 중심으로 운영 현장의 품질과 일정, 고객 경험을 함께 관리하는 역할입니다.

데이터와 현장 감각을 함께 활용해 반복 업무를 효율화하는 역할입니다.

유관 부서 및 외부 파트너와 업무 기준을 공유하고, 이슈 발생 시 원인을 정리해 재발 방지 방안을 실행합니다.

초기에는 담당 업무의 프로세스와 시스템을 익히고, 이후에는 담당 영역의 지표 개선과 운영 표준화까지 주도하게 됩니다.","• 유통계획, 판매 데이터, 물류 연계, 점포 지원 및 일일 운영 현황 관리
• 업무 일정·실적·품질 지표 점검 및 보고
• 관련 시스템과 문서의 정확한 입력·관리
• 고객·협력사·유관 부서 문의 대응 및 이슈 조율
• 업무 절차 개선과 운영 리스크 사전 점검
• 주요 이슈 원인 분석 및 후속 조치 관리
• 정기 회의 자료 작성과 진행 현황 공유
• 현장 안전·보안·개인정보 보호 기준 준수","• 유통·물류·경영 관련 전공 관련 기본 지식 또는 실무 경험을 보유한 분
• 필수 자격·면허: 유통관리사 2급 보유자 또는 입사 전 취득 가능한 분
• 맡은 업무를 정확하게 기록하고 마감까지 책임질 수 있는 분
• 문서작성, 이메일, 스프레드시트 등 기본 업무도구 활용이 가능한 분
• 고객 및 유관 부서와 원활하게 소통하고 요청사항을 정리할 수 있는 분
• 예상하지 못한 상황에서도 우선순위를 판단해 대응할 수 있는 분
• 업무상 취급하는 자료와 고객 정보를 안전하게 관리할 수 있는 분
• 직무 관련 교육을 꾸준히 이수하며 전문성을 높일 분","• 유통관리자 또는 유사 직무 경력 보유자
• 직무 관련 자격·면허 보유자: 유통관리사 2급
• 직무 관련 자격·면허 보유자: 물류관리사
• ERP, WMS, CRM, POS 등 직무 관련 시스템 사용 경험자
• 수치와 데이터를 활용한 실적 분석 경험자
• 다양한 이해관계자와 협업해 문제를 해결한 경험자
• 외국어 또는 관련 법규·안전 기준을 활용할 수 있는 분","• 지원서 및 제출서류의 허위기재 또는 허위 제출
• 채용 과정에서 본인 확인이 불가능한 경우
• 채용검진 결과 업무 수행에 부적합하다고 판단되는 경우
• 해외여행 및 근무에 결격사유가 있는 경우
• 기타 회사 또는 기관의 인사규정상 채용이 불가능한 경우",서류전형 > 필기전형 > 면접전형 > 최종합격
646,유통관리자 운영 매니저,9,65,20260912,20261021,6,신입·경력,계약직,충청남도,학력무관,"전문 협회에서 유통 채널의 운영 효율과 상품 흐름을 관리하는 포지션을(를) 맡을 유통관리자를 모집합니다.

이번 포지션은 유통계획, 판매 데이터, 물류 연계, 점포 지원을 중심으로 운영 현장의 품질과 일정, 고객 경험을 함께 관리하는 역할입니다.

정해진 절차를 지키되 상황에 맞게 유연하게 대응하는 실무자를 모집합니다.

유관 부서 및 외부 파트너와 업무 기준을 공유하고, 이슈 발생 시 원인을 정리해 재발 방지 방안을 실행합니다.

초기에는 담당 업무의 프로세스와 시스템을 익히고, 이후에는 담당 영역의 지표 개선과 운영 표준화까지 주도하게 됩니다.","• 유통계획, 판매 데이터, 물류 연계, 점포 지원 및 일일 운영 현황 관리
• 업무 일정·실적·품질 지표 점검 및 보고
• 관련 시스템과 문서의 정확한 입력·관리
• 고객·협력사·유관 부서 문의 대응 및 이슈 조율
• 업무 절차 개선과 운영 리스크 사전 점검
• 주요 이슈 원인 분석 및 후속 조치 관리
• 정기 회의 자료 작성과 진행 현황 공유
• 업무 매뉴얼 정비와 신규 구성원 온보딩 지원","• 유통·물류·경영 관련 전공 관련 기본 지식 또는 실무 경험을 보유한 분
• 필수 자격·면허: 유통관리사 2급 보유자 또는 입사 전 취득 가능한 분
• 맡은 업무를 정확하게 기록하고 마감까지 책임질 수 있는 분
• 문서작성, 이메일, 스프레드시트 등 기본 업무도구 활용이 가능한 분
• 고객 및 유관 부서와 원활하게 소통하고 요청사항을 정리할 수 있는 분
• 예상하지 못한 상황에서도 우선순위를 판단해 대응할 수 있는 분
• 업무상 취급하는 자료와 고객 정보를 안전하게 관리할 수 있는 분
• 직무 관련 교육을 꾸준히 이수하며 전문성을 높일 분","• 유통관리자 또는 유사 직무 경력 보유자
• 직무 관련 자격·면허 보유자: 유통관리사 2급
• 직무 관련 자격·면허 보유자: 물류관리사
• ERP, WMS, CRM, POS 등 직무 관련 시스템 사용 경험자
• 수치와 데이터를 활용한 실적 분석 경험자
• 다양한 이해관계자와 협업해 문제를 해결한 경험자
• 신규 프로세스 구축이나 업무 자동화 경험자","• 지원서 및 제출서류의 허위기재 또는 허위 제출
• 채용 과정에서 본인 확인이 불가능한 경우
• 채용검진 결과 업무 수행에 부적합하다고 판단되는 경우
• 해외여행 및 근무에 결격사유가 있는 경우
• 기타 회사 또는 기관의 인사규정상 채용이 불가능한 경우",서류전형 > 실무면접 > 최종면접
647,유통관리자 전문 인력,67,65,20260929,20261009,17,경력 2년 이상,무기계약직,경상북도,전문학사 이상,"공공서비스 운영기관에서 유통 채널의 운영 효율과 상품 흐름을 관리하는 포지션을(를) 맡을 유통관리자를 모집합니다.

이번 포지션은 유통계획, 판매 데이터, 물류 연계, 점포 지원을 중심으로 운영 현장의 품질과 일정, 고객 경험을 함께 관리하는 역할입니다.

부서 간 원활한 소통으로 일정과 품질을 안정적으로 관리하는 직무입니다.

유관 부서 및 외부 파트너와 업무 기준을 공유하고, 이슈 발생 시 원인을 정리해 재발 방지 방안을 실행합니다.

초기에는 담당 업무의 프로세스와 시스템을 익히고, 이후에는 담당 영역의 지표 개선과 운영 표준화까지 주도하게 됩니다.","• 유통계획, 판매 데이터, 물류 연계, 점포 지원 및 일일 운영 현황 관리
• 업무 일정·실적·품질 지표 점검 및 보고
• 관련 시스템과 문서의 정확한 입력·관리
• 고객·협력사·유관 부서 문의 대응 및 이슈 조율
• 업무 절차 개선과 운영 리스크 사전 점검
• 주요 이슈 원인 분석 및 후속 조치 관리
• 정기 회의 자료 작성과 진행 현황 공유
• 현장 안전·보안·개인정보 보호 기준 준수","• 유통·물류·경영 관련 전공 관련 기본 지식 또는 실무 경험을 보유한 분
• 필수 자격·면허: 유통관리사 2급 보유자 또는 입사 전 취득 가능한 분
• 맡은 업무를 정확하게 기록하고 마감까지 책임질 수 있는 분
• 문서작성, 이메일, 스프레드시트 등 기본 업무도구 활용이 가능한 분
• 고객 및 유관 부서와 원활하게 소통하고 요청사항을 정리할 수 있는 분
• 예상하지 못한 상황에서도 우선순위를 판단해 대응할 수 있는 분
• 업무상 취급하는 자료와 고객 정보를 안전하게 관리할 수 있는 분
• 교대·주말·현장 근무가 포함될 수 있는 일정에 대응 가능한 분","• 유통관리자 또는 유사 직무 경력 보유자
• 직무 관련 자격·면허 보유자: 유통관리사 2급
• 직무 관련 자격·면허 보유자: 물류관리사
• ERP, WMS, CRM, POS 등 직무 관련 시스템 사용 경험자
• 수치와 데이터를 활용한 실적 분석 경험자
• 다양한 이해관계자와 협업해 문제를 해결한 경험자
• 외국어 또는 관련 법규·안전 기준을 활용할 수 있는 분","• 지원서 및 제출서류의 허위기재 또는 허위 제출
• 채용 과정에서 본인 확인이 불가능한 경우
• 채용검진 결과 업무 수행에 부적합하다고 판단되는 경우
• 해외여행 및 근무에 결격사유가 있는 경우
• 기타 회사 또는 기관의 인사규정상 채용이 불가능한 경우",서류전형 > 인성검사 > 실무면접 > 최종면접
648,유통관리자 경력 채용,69,65,20261016,20261102,8,경력 3년 이상,기간제,서울특별시,학사 이상,"대기업 사업부에서 유통 채널의 운영 효율과 상품 흐름을 관리하는 포지션을(를) 맡을 유통관리자를 모집합니다.

이번 포지션은 유통계획, 판매 데이터, 물류 연계, 점포 지원을 중심으로 운영 현장의 품질과 일정, 고객 경험을 함께 관리하는 역할입니다.

서비스 품질과 안전을 우선하며 꾸준히 전문성을 쌓을 수 있는 포지션입니다.

유관 부서 및 외부 파트너와 업무 기준을 공유하고, 이슈 발생 시 원인을 정리해 재발 방지 방안을 실행합니다.

초기에는 담당 업무의 프로세스와 시스템을 익히고, 이후에는 담당 영역의 지표 개선과 운영 표준화까지 주도하게 됩니다.","• 유통계획, 판매 데이터, 물류 연계, 점포 지원 및 일일 운영 현황 관리
• 업무 일정·실적·품질 지표 점검 및 보고
• 관련 시스템과 문서의 정확한 입력·관리
• 고객·협력사·유관 부서 문의 대응 및 이슈 조율
• 업무 절차 개선과 운영 리스크 사전 점검
• 주요 이슈 원인 분석 및 후속 조치 관리
• 정기 회의 자료 작성과 진행 현황 공유
• 업무 매뉴얼 정비와 신규 구성원 온보딩 지원","• 유통·물류·경영 관련 전공 관련 기본 지식 또는 실무 경험을 보유한 분
• 필수 자격·면허: 유통관리사 2급 보유자 또는 입사 전 취득 가능한 분
• 맡은 업무를 정확하게 기록하고 마감까지 책임질 수 있는 분
• 문서작성, 이메일, 스프레드시트 등 기본 업무도구 활용이 가능한 분
• 고객 및 유관 부서와 원활하게 소통하고 요청사항을 정리할 수 있는 분
• 예상하지 못한 상황에서도 우선순위를 판단해 대응할 수 있는 분
• 업무상 취급하는 자료와 고객 정보를 안전하게 관리할 수 있는 분
• 직무 관련 교육을 꾸준히 이수하며 전문성을 높일 분","• 유통관리자 또는 유사 직무 경력 보유자
• 직무 관련 자격·면허 보유자: 유통관리사 2급
• 직무 관련 자격·면허 보유자: 물류관리사
• ERP, WMS, CRM, POS 등 직무 관련 시스템 사용 경험자
• 수치와 데이터를 활용한 실적 분석 경험자
• 다양한 이해관계자와 협업해 문제를 해결한 경험자
• 신규 프로세스 구축이나 업무 자동화 경험자","• 지원서 및 제출서류의 허위기재 또는 허위 제출
• 채용 과정에서 본인 확인이 불가능한 경우
• 채용검진 결과 업무 수행에 부적합하다고 판단되는 경우
• 해외여행 및 근무에 결격사유가 있는 경우
• 기타 회사 또는 기관의 인사규정상 채용이 불가능한 경우",서류전형 > 직무과제 > 실무면접 > 최종합격
649,유통관리자 현장 책임자,144,65,20261102,20261126,19,경력 5년 이상,정규직,대전광역시,석사 이상,"중견 제조기업에서 유통 채널의 운영 효율과 상품 흐름을 관리하는 포지션을(를) 맡을 유통관리자를 모집합니다.

이번 포지션은 유통계획, 판매 데이터, 물류 연계, 점포 지원을 중심으로 운영 현장의 품질과 일정, 고객 경험을 함께 관리하는 역할입니다.

기본기를 바탕으로 새로운 업무를 빠르게 익히고 실행할 분을 모십니다.

유관 부서 및 외부 파트너와 업무 기준을 공유하고, 이슈 발생 시 원인을 정리해 재발 방지 방안을 실행합니다.

초기에는 담당 업무의 프로세스와 시스템을 익히고, 이후에는 담당 영역의 지표 개선과 운영 표준화까지 주도하게 됩니다.","• 유통계획, 판매 데이터, 물류 연계, 점포 지원 및 일일 운영 현황 관리
• 업무 일정·실적·품질 지표 점검 및 보고
• 관련 시스템과 문서의 정확한 입력·관리
• 고객·협력사·유관 부서 문의 대응 및 이슈 조율
• 업무 절차 개선과 운영 리스크 사전 점검
• 주요 이슈 원인 분석 및 후속 조치 관리
• 정기 회의 자료 작성과 진행 현황 공유
• 현장 안전·보안·개인정보 보호 기준 준수","• 유통·물류·경영 관련 전공 관련 기본 지식 또는 실무 경험을 보유한 분
• 필수 자격·면허: 유통관리사 2급 보유자 또는 입사 전 취득 가능한 분
• 맡은 업무를 정확하게 기록하고 마감까지 책임질 수 있는 분
• 문서작성, 이메일, 스프레드시트 등 기본 업무도구 활용이 가능한 분
• 고객 및 유관 부서와 원활하게 소통하고 요청사항을 정리할 수 있는 분
• 예상하지 못한 상황에서도 우선순위를 판단해 대응할 수 있는 분
• 업무상 취급하는 자료와 고객 정보를 안전하게 관리할 수 있는 분
• 직무 관련 교육을 꾸준히 이수하며 전문성을 높일 분","• 유통관리자 또는 유사 직무 경력 보유자
• 직무 관련 자격·면허 보유자: 유통관리사 2급
• 직무 관련 자격·면허 보유자: 물류관리사
• ERP, WMS, CRM, POS 등 직무 관련 시스템 사용 경험자
• 수치와 데이터를 활용한 실적 분석 경험자
• 다양한 이해관계자와 협업해 문제를 해결한 경험자
• 외국어 또는 관련 법규·안전 기준을 활용할 수 있는 분","• 지원서 및 제출서류의 허위기재 또는 허위 제출
• 채용 과정에서 본인 확인이 불가능한 경우
• 채용검진 결과 업무 수행에 부적합하다고 판단되는 경우
• 해외여행 및 근무에 결격사유가 있는 경우
• 기타 회사 또는 기관의 인사규정상 채용이 불가능한 경우",서류전형 > 1차면접 > 2차면접 > 채용검진
650,유통관리자 서비스 담당,34,65,20261119,20261220,10,경력 무관,계약직,세종특별자치시,박사 이상,"전문 중소기업에서 유통 채널의 운영 효율과 상품 흐름을 관리하는 포지션을(를) 맡을 유통관리자를 모집합니다.

이번 포지션은 유통계획, 판매 데이터, 물류 연계, 점포 지원을 중심으로 운영 현장의 품질과 일정, 고객 경험을 함께 관리하는 역할입니다.

성과와 고객 만족을 함께 고려하며 실질적인 변화를 만드는 역할입니다.

유관 부서 및 외부 파트너와 업무 기준을 공유하고, 이슈 발생 시 원인을 정리해 재발 방지 방안을 실행합니다.

초기에는 담당 업무의 프로세스와 시스템을 익히고, 이후에는 담당 영역의 지표 개선과 운영 표준화까지 주도하게 됩니다.","• 유통계획, 판매 데이터, 물류 연계, 점포 지원 및 일일 운영 현황 관리
• 업무 일정·실적·품질 지표 점검 및 보고
• 관련 시스템과 문서의 정확한 입력·관리
• 고객·협력사·유관 부서 문의 대응 및 이슈 조율
• 업무 절차 개선과 운영 리스크 사전 점검
• 주요 이슈 원인 분석 및 후속 조치 관리
• 정기 회의 자료 작성과 진행 현황 공유
• 업무 매뉴얼 정비와 신규 구성원 온보딩 지원","• 유통·물류·경영 관련 전공 관련 기본 지식 또는 실무 경험을 보유한 분
• 필수 자격·면허: 유통관리사 2급 보유자 또는 입사 전 취득 가능한 분
• 맡은 업무를 정확하게 기록하고 마감까지 책임질 수 있는 분
• 문서작성, 이메일, 스프레드시트 등 기본 업무도구 활용이 가능한 분
• 고객 및 유관 부서와 원활하게 소통하고 요청사항을 정리할 수 있는 분
• 예상하지 못한 상황에서도 우선순위를 판단해 대응할 수 있는 분
• 업무상 취급하는 자료와 고객 정보를 안전하게 관리할 수 있는 분
• 교대·주말·현장 근무가 포함될 수 있는 일정에 대응 가능한 분","• 유통관리자 또는 유사 직무 경력 보유자
• 직무 관련 자격·면허 보유자: 유통관리사 2급
• 직무 관련 자격·면허 보유자: 물류관리사
• ERP, WMS, CRM, POS 등 직무 관련 시스템 사용 경험자
• 수치와 데이터를 활용한 실적 분석 경험자
• 다양한 이해관계자와 협업해 문제를 해결한 경험자
• 신규 프로세스 구축이나 업무 자동화 경험자","• 지원서 및 제출서류의 허위기재 또는 허위 제출
• 채용 과정에서 본인 확인이 불가능한 경우
• 채용검진 결과 업무 수행에 부적합하다고 판단되는 경우
• 해외여행 및 근무에 결격사유가 있는 경우
• 기타 회사 또는 기관의 인사규정상 채용이 불가능한 경우",서류전형 > 필기전형 > 면접전형 > 최종합격
651,무역사무원 실무자,6,66,20261206,20270113,1,경력,무기계약직,충청남도,전문학사 이상,"성장 단계 스타트업에서 수출입 거래와 무역 서류를 운영하는 포지션을(를) 맡을 무역사무원를 모집합니다.

이번 포지션은 선적서류, 통관, 거래처 응대, 운임, 수출입 정산을 중심으로 운영 현장의 품질과 일정, 고객 경험을 함께 관리하는 역할입니다.

정확한 실행력과 협업을 바탕으로 안정적인 운영을 함께 만들어 갈 분을 찾습니다.

유관 부서 및 외부 파트너와 업무 기준을 공유하고, 이슈 발생 시 원인을 정리해 재발 방지 방안을 실행합니다.

초기에는 담당 업무의 프로세스와 시스템을 익히고, 이후에는 담당 영역의 지표 개선과 운영 표준화까지 주도하게 됩니다.","• 선적서류, 통관, 거래처 응대, 운임, 수출입 정산 및 일일 운영 현황 관리
• 업무 일정·실적·품질 지표 점검 및 보고
• 관련 시스템과 문서의 정확한 입력·관리
• 고객·협력사·유관 부서 문의 대응 및 이슈 조율
• 업무 절차 개선과 운영 리스크 사전 점검
• 주요 이슈 원인 분석 및 후속 조치 관리
• 정기 회의 자료 작성과 진행 현황 공유
• 현장 안전·보안·개인정보 보호 기준 준수","• 무역·국제통상 또는 외국어 관련 전공 관련 기본 지식 또는 실무 경험을 보유한 분
• 필수 자격·면허: 국제무역사 1급 보유자 또는 입사 전 취득 가능한 분
• 맡은 업무를 정확하게 기록하고 마감까지 책임질 수 있는 분
• 문서작성, 이메일, 스프레드시트 등 기본 업무도구 활용이 가능한 분
• 고객 및 유관 부서와 원활하게 소통하고 요청사항을 정리할 수 있는 분
• 예상하지 못한 상황에서도 우선순위를 판단해 대응할 수 있는 분
• 업무상 취급하는 자료와 고객 정보를 안전하게 관리할 수 있는 분
• 직무 관련 교육을 꾸준히 이수하며 전문성을 높일 분","• 무역사무원 또는 유사 직무 경력 보유자
• 직무 관련 자격·면허 보유자: 국제무역사 1급
• 직무 관련 자격·면허 보유자: 무역영어 1급
• ERP, WMS, CRM, POS 등 직무 관련 시스템 사용 경험자
• 수치와 데이터를 활용한 실적 분석 경험자
• 다양한 이해관계자와 협업해 문제를 해결한 경험자
• 외국어 또는 관련 법규·안전 기준을 활용할 수 있는 분","• 지원서 및 제출서류의 허위기재 또는 허위 제출
• 채용 과정에서 본인 확인이 불가능한 경우
• 채용검진 결과 업무 수행에 부적합하다고 판단되는 경우
• 해외여행 및 근무에 결격사유가 있는 경우
• 기타 회사 또는 기관의 인사규정상 채용이 불가능한 경우",서류전형 > 인성검사 > 실무면접 > 최종면접
652,무역사무원 운영 매니저,71,66,20260112,20260226,12,신입·경력,기간제,경상북도,학사 이상,"종합병원 운영조직에서 수출입 거래와 무역 서류를 운영하는 포지션을(를) 맡을 무역사무원를 모집합니다.

이번 포지션은 선적서류, 통관, 거래처 응대, 운임, 수출입 정산을 중심으로 운영 현장의 품질과 일정, 고객 경험을 함께 관리하는 역할입니다.

현장과 유관 부서의 요구를 연결하며 업무 품질을 높이는 역할입니다.

유관 부서 및 외부 파트너와 업무 기준을 공유하고, 이슈 발생 시 원인을 정리해 재발 방지 방안을 실행합니다.

초기에는 담당 업무의 프로세스와 시스템을 익히고, 이후에는 담당 영역의 지표 개선과 운영 표준화까지 주도하게 됩니다.","• 선적서류, 통관, 거래처 응대, 운임, 수출입 정산 및 일일 운영 현황 관리
• 업무 일정·실적·품질 지표 점검 및 보고
• 관련 시스템과 문서의 정확한 입력·관리
• 고객·협력사·유관 부서 문의 대응 및 이슈 조율
• 업무 절차 개선과 운영 리스크 사전 점검
• 주요 이슈 원인 분석 및 후속 조치 관리
• 정기 회의 자료 작성과 진행 현황 공유
• 업무 매뉴얼 정비와 신규 구성원 온보딩 지원","• 무역·국제통상 또는 외국어 관련 전공 관련 기본 지식 또는 실무 경험을 보유한 분
• 필수 자격·면허: 국제무역사 1급 보유자 또는 입사 전 취득 가능한 분
• 맡은 업무를 정확하게 기록하고 마감까지 책임질 수 있는 분
• 문서작성, 이메일, 스프레드시트 등 기본 업무도구 활용이 가능한 분
• 고객 및 유관 부서와 원활하게 소통하고 요청사항을 정리할 수 있는 분
• 예상하지 못한 상황에서도 우선순위를 판단해 대응할 수 있는 분
• 업무상 취급하는 자료와 고객 정보를 안전하게 관리할 수 있는 분
• 직무 관련 교육을 꾸준히 이수하며 전문성을 높일 분","• 무역사무원 또는 유사 직무 경력 보유자
• 직무 관련 자격·면허 보유자: 국제무역사 1급
• 직무 관련 자격·면허 보유자: 무역영어 1급
• ERP, WMS, CRM, POS 등 직무 관련 시스템 사용 경험자
• 수치와 데이터를 활용한 실적 분석 경험자
• 다양한 이해관계자와 협업해 문제를 해결한 경험자
• 신규 프로세스 구축이나 업무 자동화 경험자","• 지원서 및 제출서류의 허위기재 또는 허위 제출
• 채용 과정에서 본인 확인이 불가능한 경우
• 채용검진 결과 업무 수행에 부적합하다고 판단되는 경우
• 해외여행 및 근무에 결격사유가 있는 경우
• 기타 회사 또는 기관의 인사규정상 채용이 불가능한 경우",서류전형 > 직무과제 > 실무면접 > 최종합격
653,무역사무원 전문 인력,67,66,20260129,20260214,3,경력 2년 이상,정규직,서울특별시,석사 이상,"대학 산학협력단에서 수출입 거래와 무역 서류를 운영하는 포지션을(를) 맡을 무역사무원를 모집합니다.

이번 포지션은 선적서류, 통관, 거래처 응대, 운임, 수출입 정산을 중심으로 운영 현장의 품질과 일정, 고객 경험을 함께 관리하는 역할입니다.

업무 기준을 준수하면서도 개선점을 주도적으로 제안할 수 있는 분을 기다립니다.

유관 부서 및 외부 파트너와 업무 기준을 공유하고, 이슈 발생 시 원인을 정리해 재발 방지 방안을 실행합니다.

초기에는 담당 업무의 프로세스와 시스템을 익히고, 이후에는 담당 영역의 지표 개선과 운영 표준화까지 주도하게 됩니다.","• 선적서류, 통관, 거래처 응대, 운임, 수출입 정산 및 일일 운영 현황 관리
• 업무 일정·실적·품질 지표 점검 및 보고
• 관련 시스템과 문서의 정확한 입력·관리
• 고객·협력사·유관 부서 문의 대응 및 이슈 조율
• 업무 절차 개선과 운영 리스크 사전 점검
• 주요 이슈 원인 분석 및 후속 조치 관리
• 정기 회의 자료 작성과 진행 현황 공유
• 현장 안전·보안·개인정보 보호 기준 준수","• 무역·국제통상 또는 외국어 관련 전공 관련 기본 지식 또는 실무 경험을 보유한 분
• 필수 자격·면허: 국제무역사 1급 보유자 또는 입사 전 취득 가능한 분
• 맡은 업무를 정확하게 기록하고 마감까지 책임질 수 있는 분
• 문서작성, 이메일, 스프레드시트 등 기본 업무도구 활용이 가능한 분
• 고객 및 유관 부서와 원활하게 소통하고 요청사항을 정리할 수 있는 분
• 예상하지 못한 상황에서도 우선순위를 판단해 대응할 수 있는 분
• 업무상 취급하는 자료와 고객 정보를 안전하게 관리할 수 있는 분
• 교대·주말·현장 근무가 포함될 수 있는 일정에 대응 가능한 분","• 무역사무원 또는 유사 직무 경력 보유자
• 직무 관련 자격·면허 보유자: 국제무역사 1급
• 직무 관련 자격·면허 보유자: 무역영어 1급
• ERP, WMS, CRM, POS 등 직무 관련 시스템 사용 경험자
• 수치와 데이터를 활용한 실적 분석 경험자
• 다양한 이해관계자와 협업해 문제를 해결한 경험자
• 외국어 또는 관련 법규·안전 기준을 활용할 수 있는 분","• 지원서 및 제출서류의 허위기재 또는 허위 제출
• 채용 과정에서 본인 확인이 불가능한 경우
• 채용검진 결과 업무 수행에 부적합하다고 판단되는 경우
• 해외여행 및 근무에 결격사유가 있는 경우
• 기타 회사 또는 기관의 인사규정상 채용이 불가능한 경우",서류전형 > 1차면접 > 2차면접 > 채용검진
654,무역사무원 경력 채용,46,66,20260215,20260310,14,경력 3년 이상,계약직,대전광역시,박사 이상,"기업 부설 연구소에서 수출입 거래와 무역 서류를 운영하는 포지션을(를) 맡을 무역사무원를 모집합니다.

이번 포지션은 선적서류, 통관, 거래처 응대, 운임, 수출입 정산을 중심으로 운영 현장의 품질과 일정, 고객 경험을 함께 관리하는 역할입니다.

고객과 동료에게 신뢰를 주는 태도로 맡은 업무를 끝까지 책임지는 포지션입니다.

유관 부서 및 외부 파트너와 업무 기준을 공유하고, 이슈 발생 시 원인을 정리해 재발 방지 방안을 실행합니다.

초기에는 담당 업무의 프로세스와 시스템을 익히고, 이후에는 담당 영역의 지표 개선과 운영 표준화까지 주도하게 됩니다.","• 선적서류, 통관, 거래처 응대, 운임, 수출입 정산 및 일일 운영 현황 관리
• 업무 일정·실적·품질 지표 점검 및 보고
• 관련 시스템과 문서의 정확한 입력·관리
• 고객·협력사·유관 부서 문의 대응 및 이슈 조율
• 업무 절차 개선과 운영 리스크 사전 점검
• 주요 이슈 원인 분석 및 후속 조치 관리
• 정기 회의 자료 작성과 진행 현황 공유
• 업무 매뉴얼 정비와 신규 구성원 온보딩 지원","• 무역·국제통상 또는 외국어 관련 전공 관련 기본 지식 또는 실무 경험을 보유한 분
• 필수 자격·면허: 국제무역사 1급 보유자 또는 입사 전 취득 가능한 분
• 맡은 업무를 정확하게 기록하고 마감까지 책임질 수 있는 분
• 문서작성, 이메일, 스프레드시트 등 기본 업무도구 활용이 가능한 분
• 고객 및 유관 부서와 원활하게 소통하고 요청사항을 정리할 수 있는 분
• 예상하지 못한 상황에서도 우선순위를 판단해 대응할 수 있는 분
• 업무상 취급하는 자료와 고객 정보를 안전하게 관리할 수 있는 분
• 직무 관련 교육을 꾸준히 이수하며 전문성을 높일 분","• 무역사무원 또는 유사 직무 경력 보유자
• 직무 관련 자격·면허 보유자: 국제무역사 1급
• 직무 관련 자격·면허 보유자: 무역영어 1급
• ERP, WMS, CRM, POS 등 직무 관련 시스템 사용 경험자
• 수치와 데이터를 활용한 실적 분석 경험자
• 다양한 이해관계자와 협업해 문제를 해결한 경험자
• 신규 프로세스 구축이나 업무 자동화 경험자","• 지원서 및 제출서류의 허위기재 또는 허위 제출
• 채용 과정에서 본인 확인이 불가능한 경우
• 채용검진 결과 업무 수행에 부적합하다고 판단되는 경우
• 해외여행 및 근무에 결격사유가 있는 경우
• 기타 회사 또는 기관의 인사규정상 채용이 불가능한 경우",서류전형 > 필기전형 > 면접전형 > 최종합격
655,무역사무원 현장 책임자,66,66,20260304,20260403,5,경력 5년 이상,무기계약직,세종특별자치시,학력무관,"전문 협회에서 수출입 거래와 무역 서류를 운영하는 포지션을(를) 맡을 무역사무원를 모집합니다.

이번 포지션은 선적서류, 통관, 거래처 응대, 운임, 수출입 정산을 중심으로 운영 현장의 품질과 일정, 고객 경험을 함께 관리하는 역할입니다.

데이터와 현장 감각을 함께 활용해 반복 업무를 효율화하는 역할입니다.

유관 부서 및 외부 파트너와 업무 기준을 공유하고, 이슈 발생 시 원인을 정리해 재발 방지 방안을 실행합니다.

초기에는 담당 업무의 프로세스와 시스템을 익히고, 이후에는 담당 영역의 지표 개선과 운영 표준화까지 주도하게 됩니다.","• 선적서류, 통관, 거래처 응대, 운임, 수출입 정산 및 일일 운영 현황 관리
• 업무 일정·실적·품질 지표 점검 및 보고
• 관련 시스템과 문서의 정확한 입력·관리
• 고객·협력사·유관 부서 문의 대응 및 이슈 조율
• 업무 절차 개선과 운영 리스크 사전 점검
• 주요 이슈 원인 분석 및 후속 조치 관리
• 정기 회의 자료 작성과 진행 현황 공유
• 현장 안전·보안·개인정보 보호 기준 준수","• 무역·국제통상 또는 외국어 관련 전공 관련 기본 지식 또는 실무 경험을 보유한 분
• 필수 자격·면허: 국제무역사 1급 보유자 또는 입사 전 취득 가능한 분
• 맡은 업무를 정확하게 기록하고 마감까지 책임질 수 있는 분
• 문서작성, 이메일, 스프레드시트 등 기본 업무도구 활용이 가능한 분
• 고객 및 유관 부서와 원활하게 소통하고 요청사항을 정리할 수 있는 분
• 예상하지 못한 상황에서도 우선순위를 판단해 대응할 수 있는 분
• 업무상 취급하는 자료와 고객 정보를 안전하게 관리할 수 있는 분
• 직무 관련 교육을 꾸준히 이수하며 전문성을 높일 분","• 무역사무원 또는 유사 직무 경력 보유자
• 직무 관련 자격·면허 보유자: 국제무역사 1급
• 직무 관련 자격·면허 보유자: 무역영어 1급
• ERP, WMS, CRM, POS 등 직무 관련 시스템 사용 경험자
• 수치와 데이터를 활용한 실적 분석 경험자
• 다양한 이해관계자와 협업해 문제를 해결한 경험자
• 외국어 또는 관련 법규·안전 기준을 활용할 수 있는 분","• 지원서 및 제출서류의 허위기재 또는 허위 제출
• 채용 과정에서 본인 확인이 불가능한 경우
• 채용검진 결과 업무 수행에 부적합하다고 판단되는 경우
• 해외여행 및 근무에 결격사유가 있는 경우
• 기타 회사 또는 기관의 인사규정상 채용이 불가능한 경우",서류전형 > 실무면접 > 최종면접
656,무역사무원 서비스 담당,106,66,20260321,20260427,16,경력 무관,기간제,충청북도,전문학사 이상,"공공서비스 운영기관에서 수출입 거래와 무역 서류를 운영하는 포지션을(를) 맡을 무역사무원를 모집합니다.

이번 포지션은 선적서류, 통관, 거래처 응대, 운임, 수출입 정산을 중심으로 운영 현장의 품질과 일정, 고객 경험을 함께 관리하는 역할입니다.

정해진 절차를 지키되 상황에 맞게 유연하게 대응하는 실무자를 모집합니다.

유관 부서 및 외부 파트너와 업무 기준을 공유하고, 이슈 발생 시 원인을 정리해 재발 방지 방안을 실행합니다.

초기에는 담당 업무의 프로세스와 시스템을 익히고, 이후에는 담당 영역의 지표 개선과 운영 표준화까지 주도하게 됩니다.","• 선적서류, 통관, 거래처 응대, 운임, 수출입 정산 및 일일 운영 현황 관리
• 업무 일정·실적·품질 지표 점검 및 보고
• 관련 시스템과 문서의 정확한 입력·관리
• 고객·협력사·유관 부서 문의 대응 및 이슈 조율
• 업무 절차 개선과 운영 리스크 사전 점검
• 주요 이슈 원인 분석 및 후속 조치 관리
• 정기 회의 자료 작성과 진행 현황 공유
• 업무 매뉴얼 정비와 신규 구성원 온보딩 지원","• 무역·국제통상 또는 외국어 관련 전공 관련 기본 지식 또는 실무 경험을 보유한 분
• 필수 자격·면허: 국제무역사 1급 보유자 또는 입사 전 취득 가능한 분
• 맡은 업무를 정확하게 기록하고 마감까지 책임질 수 있는 분
• 문서작성, 이메일, 스프레드시트 등 기본 업무도구 활용이 가능한 분
• 고객 및 유관 부서와 원활하게 소통하고 요청사항을 정리할 수 있는 분
• 예상하지 못한 상황에서도 우선순위를 판단해 대응할 수 있는 분
• 업무상 취급하는 자료와 고객 정보를 안전하게 관리할 수 있는 분
• 교대·주말·현장 근무가 포함될 수 있는 일정에 대응 가능한 분","• 무역사무원 또는 유사 직무 경력 보유자
• 직무 관련 자격·면허 보유자: 국제무역사 1급
• 직무 관련 자격·면허 보유자: 무역영어 1급
• ERP, WMS, CRM, POS 등 직무 관련 시스템 사용 경험자
• 수치와 데이터를 활용한 실적 분석 경험자
• 다양한 이해관계자와 협업해 문제를 해결한 경험자
• 신규 프로세스 구축이나 업무 자동화 경험자","• 지원서 및 제출서류의 허위기재 또는 허위 제출
• 채용 과정에서 본인 확인이 불가능한 경우
• 채용검진 결과 업무 수행에 부적합하다고 판단되는 경우
• 해외여행 및 근무에 결격사유가 있는 경우
• 기타 회사 또는 기관의 인사규정상 채용이 불가능한 경우",서류전형 > 인성검사 > 실무면접 > 최종면접
657,무역사무원 담당자,133,66,20260407,20260521,7,신입,정규직,전라남도,학사 이상,"대기업 사업부에서 수출입 거래와 무역 서류를 운영하는 포지션을(를) 맡을 무역사무원를 모집합니다.

이번 포지션은 선적서류, 통관, 거래처 응대, 운임, 수출입 정산을 중심으로 운영 현장의 품질과 일정, 고객 경험을 함께 관리하는 역할입니다.

부서 간 원활한 소통으로 일정과 품질을 안정적으로 관리하는 직무입니다.

유관 부서 및 외부 파트너와 업무 기준을 공유하고, 이슈 발생 시 원인을 정리해 재발 방지 방안을 실행합니다.

초기에는 담당 업무의 프로세스와 시스템을 익히고, 이후에는 담당 영역의 지표 개선과 운영 표준화까지 주도하게 됩니다.","• 선적서류, 통관, 거래처 응대, 운임, 수출입 정산 및 일일 운영 현황 관리
• 업무 일정·실적·품질 지표 점검 및 보고
• 관련 시스템과 문서의 정확한 입력·관리
• 고객·협력사·유관 부서 문의 대응 및 이슈 조율
• 업무 절차 개선과 운영 리스크 사전 점검
• 주요 이슈 원인 분석 및 후속 조치 관리
• 정기 회의 자료 작성과 진행 현황 공유
• 현장 안전·보안·개인정보 보호 기준 준수","• 무역·국제통상 또는 외국어 관련 전공 관련 기본 지식 또는 실무 경험을 보유한 분
• 필수 자격·면허: 국제무역사 1급 보유자 또는 입사 전 취득 가능한 분
• 맡은 업무를 정확하게 기록하고 마감까지 책임질 수 있는 분
• 문서작성, 이메일, 스프레드시트 등 기본 업무도구 활용이 가능한 분
• 고객 및 유관 부서와 원활하게 소통하고 요청사항을 정리할 수 있는 분
• 예상하지 못한 상황에서도 우선순위를 판단해 대응할 수 있는 분
• 업무상 취급하는 자료와 고객 정보를 안전하게 관리할 수 있는 분
• 직무 관련 교육을 꾸준히 이수하며 전문성을 높일 분","• 무역사무원 또는 유사 직무 경력 보유자
• 직무 관련 자격·면허 보유자: 국제무역사 1급
• 직무 관련 자격·면허 보유자: 무역영어 1급
• ERP, WMS, CRM, POS 등 직무 관련 시스템 사용 경험자
• 수치와 데이터를 활용한 실적 분석 경험자
• 다양한 이해관계자와 협업해 문제를 해결한 경험자
• 외국어 또는 관련 법규·안전 기준을 활용할 수 있는 분","• 지원서 및 제출서류의 허위기재 또는 허위 제출
• 채용 과정에서 본인 확인이 불가능한 경우
• 채용검진 결과 업무 수행에 부적합하다고 판단되는 경우
• 해외여행 및 근무에 결격사유가 있는 경우
• 기타 회사 또는 기관의 인사규정상 채용이 불가능한 경우",서류전형 > 직무과제 > 실무면접 > 최종합격
658,무역사무원 실무자,71,66,20260424,20260509,18,경력,계약직,제주특별자치도,석사 이상,"중견 제조기업에서 수출입 거래와 무역 서류를 운영하는 포지션을(를) 맡을 무역사무원를 모집합니다.

이번 포지션은 선적서류, 통관, 거래처 응대, 운임, 수출입 정산을 중심으로 운영 현장의 품질과 일정, 고객 경험을 함께 관리하는 역할입니다.

서비스 품질과 안전을 우선하며 꾸준히 전문성을 쌓을 수 있는 포지션입니다.

유관 부서 및 외부 파트너와 업무 기준을 공유하고, 이슈 발생 시 원인을 정리해 재발 방지 방안을 실행합니다.

초기에는 담당 업무의 프로세스와 시스템을 익히고, 이후에는 담당 영역의 지표 개선과 운영 표준화까지 주도하게 됩니다.","• 선적서류, 통관, 거래처 응대, 운임, 수출입 정산 및 일일 운영 현황 관리
• 업무 일정·실적·품질 지표 점검 및 보고
• 관련 시스템과 문서의 정확한 입력·관리
• 고객·협력사·유관 부서 문의 대응 및 이슈 조율
• 업무 절차 개선과 운영 리스크 사전 점검
• 주요 이슈 원인 분석 및 후속 조치 관리
• 정기 회의 자료 작성과 진행 현황 공유
• 업무 매뉴얼 정비와 신규 구성원 온보딩 지원","• 무역·국제통상 또는 외국어 관련 전공 관련 기본 지식 또는 실무 경험을 보유한 분
• 필수 자격·면허: 국제무역사 1급 보유자 또는 입사 전 취득 가능한 분
• 맡은 업무를 정확하게 기록하고 마감까지 책임질 수 있는 분
• 문서작성, 이메일, 스프레드시트 등 기본 업무도구 활용이 가능한 분
• 고객 및 유관 부서와 원활하게 소통하고 요청사항을 정리할 수 있는 분
• 예상하지 못한 상황에서도 우선순위를 판단해 대응할 수 있는 분
• 업무상 취급하는 자료와 고객 정보를 안전하게 관리할 수 있는 분
• 직무 관련 교육을 꾸준히 이수하며 전문성을 높일 분","• 무역사무원 또는 유사 직무 경력 보유자
• 직무 관련 자격·면허 보유자: 국제무역사 1급
• 직무 관련 자격·면허 보유자: 무역영어 1급
• ERP, WMS, CRM, POS 등 직무 관련 시스템 사용 경험자
• 수치와 데이터를 활용한 실적 분석 경험자
• 다양한 이해관계자와 협업해 문제를 해결한 경험자
• 신규 프로세스 구축이나 업무 자동화 경험자","• 지원서 및 제출서류의 허위기재 또는 허위 제출
• 채용 과정에서 본인 확인이 불가능한 경우
• 채용검진 결과 업무 수행에 부적합하다고 판단되는 경우
• 해외여행 및 근무에 결격사유가 있는 경우
• 기타 회사 또는 기관의 인사규정상 채용이 불가능한 경우",서류전형 > 1차면접 > 2차면접 > 채용검진
659,무역사무원 운영 매니저,127,66,20260511,20260602,9,신입·경력,무기계약직,인천광역시,박사 이상,"전문 중소기업에서 수출입 거래와 무역 서류를 운영하는 포지션을(를) 맡을 무역사무원를 모집합니다.

이번 포지션은 선적서류, 통관, 거래처 응대, 운임, 수출입 정산을 중심으로 운영 현장의 품질과 일정, 고객 경험을 함께 관리하는 역할입니다.

기본기를 바탕으로 새로운 업무를 빠르게 익히고 실행할 분을 모십니다.

유관 부서 및 외부 파트너와 업무 기준을 공유하고, 이슈 발생 시 원인을 정리해 재발 방지 방안을 실행합니다.

초기에는 담당 업무의 프로세스와 시스템을 익히고, 이후에는 담당 영역의 지표 개선과 운영 표준화까지 주도하게 됩니다.","• 선적서류, 통관, 거래처 응대, 운임, 수출입 정산 및 일일 운영 현황 관리
• 업무 일정·실적·품질 지표 점검 및 보고
• 관련 시스템과 문서의 정확한 입력·관리
• 고객·협력사·유관 부서 문의 대응 및 이슈 조율
• 업무 절차 개선과 운영 리스크 사전 점검
• 주요 이슈 원인 분석 및 후속 조치 관리
• 정기 회의 자료 작성과 진행 현황 공유
• 현장 안전·보안·개인정보 보호 기준 준수","• 무역·국제통상 또는 외국어 관련 전공 관련 기본 지식 또는 실무 경험을 보유한 분
• 필수 자격·면허: 국제무역사 1급 보유자 또는 입사 전 취득 가능한 분
• 맡은 업무를 정확하게 기록하고 마감까지 책임질 수 있는 분
• 문서작성, 이메일, 스프레드시트 등 기본 업무도구 활용이 가능한 분
• 고객 및 유관 부서와 원활하게 소통하고 요청사항을 정리할 수 있는 분
• 예상하지 못한 상황에서도 우선순위를 판단해 대응할 수 있는 분
• 업무상 취급하는 자료와 고객 정보를 안전하게 관리할 수 있는 분
• 교대·주말·현장 근무가 포함될 수 있는 일정에 대응 가능한 분","• 무역사무원 또는 유사 직무 경력 보유자
• 직무 관련 자격·면허 보유자: 국제무역사 1급
• 직무 관련 자격·면허 보유자: 무역영어 1급
• ERP, WMS, CRM, POS 등 직무 관련 시스템 사용 경험자
• 수치와 데이터를 활용한 실적 분석 경험자
• 다양한 이해관계자와 협업해 문제를 해결한 경험자
• 외국어 또는 관련 법규·안전 기준을 활용할 수 있는 분","• 지원서 및 제출서류의 허위기재 또는 허위 제출
• 채용 과정에서 본인 확인이 불가능한 경우
• 채용검진 결과 업무 수행에 부적합하다고 판단되는 경우
• 해외여행 및 근무에 결격사유가 있는 경우
• 기타 회사 또는 기관의 인사규정상 채용이 불가능한 경우",서류전형 > 필기전형 > 면접전형 > 최종합격
660,무역사무원 전문 인력,0,66,20260528,20260626,20,경력 2년 이상,기간제,울산광역시,학력무관,"성장 단계 스타트업에서 수출입 거래와 무역 서류를 운영하는 포지션을(를) 맡을 무역사무원를 모집합니다.

이번 포지션은 선적서류, 통관, 거래처 응대, 운임, 수출입 정산을 중심으로 운영 현장의 품질과 일정, 고객 경험을 함께 관리하는 역할입니다.

성과와 고객 만족을 함께 고려하며 실질적인 변화를 만드는 역할입니다.

유관 부서 및 외부 파트너와 업무 기준을 공유하고, 이슈 발생 시 원인을 정리해 재발 방지 방안을 실행합니다.

초기에는 담당 업무의 프로세스와 시스템을 익히고, 이후에는 담당 영역의 지표 개선과 운영 표준화까지 주도하게 됩니다.","• 선적서류, 통관, 거래처 응대, 운임, 수출입 정산 및 일일 운영 현황 관리
• 업무 일정·실적·품질 지표 점검 및 보고
• 관련 시스템과 문서의 정확한 입력·관리
• 고객·협력사·유관 부서 문의 대응 및 이슈 조율
• 업무 절차 개선과 운영 리스크 사전 점검
• 주요 이슈 원인 분석 및 후속 조치 관리
• 정기 회의 자료 작성과 진행 현황 공유
• 업무 매뉴얼 정비와 신규 구성원 온보딩 지원","• 무역·국제통상 또는 외국어 관련 전공 관련 기본 지식 또는 실무 경험을 보유한 분
• 필수 자격·면허: 국제무역사 1급 보유자 또는 입사 전 취득 가능한 분
• 맡은 업무를 정확하게 기록하고 마감까지 책임질 수 있는 분
• 문서작성, 이메일, 스프레드시트 등 기본 업무도구 활용이 가능한 분
• 고객 및 유관 부서와 원활하게 소통하고 요청사항을 정리할 수 있는 분
• 예상하지 못한 상황에서도 우선순위를 판단해 대응할 수 있는 분
• 업무상 취급하는 자료와 고객 정보를 안전하게 관리할 수 있는 분
• 직무 관련 교육을 꾸준히 이수하며 전문성을 높일 분","• 무역사무원 또는 유사 직무 경력 보유자
• 직무 관련 자격·면허 보유자: 국제무역사 1급
• 직무 관련 자격·면허 보유자: 무역영어 1급
• ERP, WMS, CRM, POS 등 직무 관련 시스템 사용 경험자
• 수치와 데이터를 활용한 실적 분석 경험자
• 다양한 이해관계자와 협업해 문제를 해결한 경험자
• 신규 프로세스 구축이나 업무 자동화 경험자","• 지원서 및 제출서류의 허위기재 또는 허위 제출
• 채용 과정에서 본인 확인이 불가능한 경우
• 채용검진 결과 업무 수행에 부적합하다고 판단되는 경우
• 해외여행 및 근무에 결격사유가 있는 경우
• 기타 회사 또는 기관의 인사규정상 채용이 불가능한 경우",서류전형 > 실무면접 > 최종면접
661,납품·배송기사 현장 책임자,138,67,20260614,20260720,11,경력 5년 이상,정규직,충청북도,학사 이상,"종합병원 운영조직에서 고객사 납품 일정과 안전한 배송을 수행하는 포지션을(를) 맡을 납품·배송기사를 모집합니다.

이번 포지션은 배송경로, 상품 상하차, 납품확인, 차량점검을 중심으로 운영 현장의 품질과 일정, 고객 경험을 함께 관리하는 역할입니다.

정확한 실행력과 협업을 바탕으로 안정적인 운영을 함께 만들어 갈 분을 찾습니다.

유관 부서 및 외부 파트너와 업무 기준을 공유하고, 이슈 발생 시 원인을 정리해 재발 방지 방안을 실행합니다.

초기에는 담당 업무의 프로세스와 시스템을 익히고, 이후에는 담당 영역의 지표 개선과 운영 표준화까지 주도하게 됩니다.","• 배송경로, 상품 상하차, 납품확인, 차량점검 및 일일 운영 현황 관리
• 업무 일정·실적·품질 지표 점검 및 보고
• 관련 시스템과 문서의 정확한 입력·관리
• 고객·협력사·유관 부서 문의 대응 및 이슈 조율
• 업무 절차 개선과 운영 리스크 사전 점검
• 주요 이슈 원인 분석 및 후속 조치 관리
• 정기 회의 자료 작성과 진행 현황 공유
• 현장 안전·보안·개인정보 보호 기준 준수","• 운전면허 및 배송업무 수행 역량 관련 기본 지식 또는 실무 경험을 보유한 분
• 필수 자격·면허: 1종 보통 운전면허 보유자 또는 입사 전 취득 가능한 분
• 맡은 업무를 정확하게 기록하고 마감까지 책임질 수 있는 분
• 문서작성, 이메일, 스프레드시트 등 기본 업무도구 활용이 가능한 분
• 고객 및 유관 부서와 원활하게 소통하고 요청사항을 정리할 수 있는 분
• 예상하지 못한 상황에서도 우선순위를 판단해 대응할 수 있는 분
• 업무상 취급하는 자료와 고객 정보를 안전하게 관리할 수 있는 분
• 직무 관련 교육을 꾸준히 이수하며 전문성을 높일 분","• 납품·배송기사 또는 유사 직무 경력 보유자
• 직무 관련 자격·면허 보유자: 1종 보통 운전면허
• 직무 관련 자격·면허 보유자: 화물운송종사자격
• ERP, WMS, CRM, POS 등 직무 관련 시스템 사용 경험자
• 수치와 데이터를 활용한 실적 분석 경험자
• 다양한 이해관계자와 협업해 문제를 해결한 경험자
• 외국어 또는 관련 법규·안전 기준을 활용할 수 있는 분","• 지원서 및 제출서류의 허위기재 또는 허위 제출
• 채용 과정에서 본인 확인이 불가능한 경우
• 채용검진 결과 업무 수행에 부적합하다고 판단되는 경우
• 해외여행 및 근무에 결격사유가 있는 경우
• 기타 회사 또는 기관의 인사규정상 채용이 불가능한 경우",서류전형 > 직무과제 > 실무면접 > 최종합격
662,납품·배송기사 서비스 담당,158,67,20260701,20260813,2,경력 무관,계약직,전라남도,석사 이상,"대학 산학협력단에서 고객사 납품 일정과 안전한 배송을 수행하는 포지션을(를) 맡을 납품·배송기사를 모집합니다.

이번 포지션은 배송경로, 상품 상하차, 납품확인, 차량점검을 중심으로 운영 현장의 품질과 일정, 고객 경험을 함께 관리하는 역할입니다.

현장과 유관 부서의 요구를 연결하며 업무 품질을 높이는 역할입니다.

유관 부서 및 외부 파트너와 업무 기준을 공유하고, 이슈 발생 시 원인을 정리해 재발 방지 방안을 실행합니다.

초기에는 담당 업무의 프로세스와 시스템을 익히고, 이후에는 담당 영역의 지표 개선과 운영 표준화까지 주도하게 됩니다.","• 배송경로, 상품 상하차, 납품확인, 차량점검 및 일일 운영 현황 관리
• 업무 일정·실적·품질 지표 점검 및 보고
• 관련 시스템과 문서의 정확한 입력·관리
• 고객·협력사·유관 부서 문의 대응 및 이슈 조율
• 업무 절차 개선과 운영 리스크 사전 점검
• 주요 이슈 원인 분석 및 후속 조치 관리
• 정기 회의 자료 작성과 진행 현황 공유
• 업무 매뉴얼 정비와 신규 구성원 온보딩 지원","• 운전면허 및 배송업무 수행 역량 관련 기본 지식 또는 실무 경험을 보유한 분
• 필수 자격·면허: 1종 보통 운전면허 보유자 또는 입사 전 취득 가능한 분
• 맡은 업무를 정확하게 기록하고 마감까지 책임질 수 있는 분
• 문서작성, 이메일, 스프레드시트 등 기본 업무도구 활용이 가능한 분
• 고객 및 유관 부서와 원활하게 소통하고 요청사항을 정리할 수 있는 분
• 예상하지 못한 상황에서도 우선순위를 판단해 대응할 수 있는 분
• 업무상 취급하는 자료와 고객 정보를 안전하게 관리할 수 있는 분
• 교대·주말·현장 근무가 포함될 수 있는 일정에 대응 가능한 분","• 납품·배송기사 또는 유사 직무 경력 보유자
• 직무 관련 자격·면허 보유자: 1종 보통 운전면허
• 직무 관련 자격·면허 보유자: 화물운송종사자격
• ERP, WMS, CRM, POS 등 직무 관련 시스템 사용 경험자
• 수치와 데이터를 활용한 실적 분석 경험자
• 다양한 이해관계자와 협업해 문제를 해결한 경험자
• 신규 프로세스 구축이나 업무 자동화 경험자","• 지원서 및 제출서류의 허위기재 또는 허위 제출
• 채용 과정에서 본인 확인이 불가능한 경우
• 채용검진 결과 업무 수행에 부적합하다고 판단되는 경우
• 해외여행 및 근무에 결격사유가 있는 경우
• 기타 회사 또는 기관의 인사규정상 채용이 불가능한 경우",서류전형 > 1차면접 > 2차면접 > 채용검진
663,납품·배송기사 담당자,20,67,20260718,20260801,13,신입,무기계약직,제주특별자치도,박사 이상,"기업 부설 연구소에서 고객사 납품 일정과 안전한 배송을 수행하는 포지션을(를) 맡을 납품·배송기사를 모집합니다.

이번 포지션은 배송경로, 상품 상하차, 납품확인, 차량점검을 중심으로 운영 현장의 품질과 일정, 고객 경험을 함께 관리하는 역할입니다.

업무 기준을 준수하면서도 개선점을 주도적으로 제안할 수 있는 분을 기다립니다.

유관 부서 및 외부 파트너와 업무 기준을 공유하고, 이슈 발생 시 원인을 정리해 재발 방지 방안을 실행합니다.

초기에는 담당 업무의 프로세스와 시스템을 익히고, 이후에는 담당 영역의 지표 개선과 운영 표준화까지 주도하게 됩니다.","• 배송경로, 상품 상하차, 납품확인, 차량점검 및 일일 운영 현황 관리
• 업무 일정·실적·품질 지표 점검 및 보고
• 관련 시스템과 문서의 정확한 입력·관리
• 고객·협력사·유관 부서 문의 대응 및 이슈 조율
• 업무 절차 개선과 운영 리스크 사전 점검
• 주요 이슈 원인 분석 및 후속 조치 관리
• 정기 회의 자료 작성과 진행 현황 공유
• 현장 안전·보안·개인정보 보호 기준 준수","• 운전면허 및 배송업무 수행 역량 관련 기본 지식 또는 실무 경험을 보유한 분
• 필수 자격·면허: 1종 보통 운전면허 보유자 또는 입사 전 취득 가능한 분
• 맡은 업무를 정확하게 기록하고 마감까지 책임질 수 있는 분
• 문서작성, 이메일, 스프레드시트 등 기본 업무도구 활용이 가능한 분
• 고객 및 유관 부서와 원활하게 소통하고 요청사항을 정리할 수 있는 분
• 예상하지 못한 상황에서도 우선순위를 판단해 대응할 수 있는 분
• 업무상 취급하는 자료와 고객 정보를 안전하게 관리할 수 있는 분
• 직무 관련 교육을 꾸준히 이수하며 전문성을 높일 분","• 납품·배송기사 또는 유사 직무 경력 보유자
• 직무 관련 자격·면허 보유자: 1종 보통 운전면허
• 직무 관련 자격·면허 보유자: 화물운송종사자격
• ERP, WMS, CRM, POS 등 직무 관련 시스템 사용 경험자
• 수치와 데이터를 활용한 실적 분석 경험자
• 다양한 이해관계자와 협업해 문제를 해결한 경험자
• 외국어 또는 관련 법규·안전 기준을 활용할 수 있는 분","• 지원서 및 제출서류의 허위기재 또는 허위 제출
• 채용 과정에서 본인 확인이 불가능한 경우
• 채용검진 결과 업무 수행에 부적합하다고 판단되는 경우
• 해외여행 및 근무에 결격사유가 있는 경우
• 기타 회사 또는 기관의 인사규정상 채용이 불가능한 경우",서류전형 > 필기전형 > 면접전형 > 최종합격
664,납품·배송기사 실무자,105,67,20260804,20260825,4,경력,기간제,인천광역시,학력무관,"전문 협회에서 고객사 납품 일정과 안전한 배송을 수행하는 포지션을(를) 맡을 납품·배송기사를 모집합니다.

이번 포지션은 배송경로, 상품 상하차, 납품확인, 차량점검을 중심으로 운영 현장의 품질과 일정, 고객 경험을 함께 관리하는 역할입니다.

고객과 동료에게 신뢰를 주는 태도로 맡은 업무를 끝까지 책임지는 포지션입니다.

유관 부서 및 외부 파트너와 업무 기준을 공유하고, 이슈 발생 시 원인을 정리해 재발 방지 방안을 실행합니다.

초기에는 담당 업무의 프로세스와 시스템을 익히고, 이후에는 담당 영역의 지표 개선과 운영 표준화까지 주도하게 됩니다.","• 배송경로, 상품 상하차, 납품확인, 차량점검 및 일일 운영 현황 관리
• 업무 일정·실적·품질 지표 점검 및 보고
• 관련 시스템과 문서의 정확한 입력·관리
• 고객·협력사·유관 부서 문의 대응 및 이슈 조율
• 업무 절차 개선과 운영 리스크 사전 점검
• 주요 이슈 원인 분석 및 후속 조치 관리
• 정기 회의 자료 작성과 진행 현황 공유
• 업무 매뉴얼 정비와 신규 구성원 온보딩 지원","• 운전면허 및 배송업무 수행 역량 관련 기본 지식 또는 실무 경험을 보유한 분
• 필수 자격·면허: 1종 보통 운전면허 보유자 또는 입사 전 취득 가능한 분
• 맡은 업무를 정확하게 기록하고 마감까지 책임질 수 있는 분
• 문서작성, 이메일, 스프레드시트 등 기본 업무도구 활용이 가능한 분
• 고객 및 유관 부서와 원활하게 소통하고 요청사항을 정리할 수 있는 분
• 예상하지 못한 상황에서도 우선순위를 판단해 대응할 수 있는 분
• 업무상 취급하는 자료와 고객 정보를 안전하게 관리할 수 있는 분
• 직무 관련 교육을 꾸준히 이수하며 전문성을 높일 분","• 납품·배송기사 또는 유사 직무 경력 보유자
• 직무 관련 자격·면허 보유자: 1종 보통 운전면허
• 직무 관련 자격·면허 보유자: 화물운송종사자격
• ERP, WMS, CRM, POS 등 직무 관련 시스템 사용 경험자
• 수치와 데이터를 활용한 실적 분석 경험자
• 다양한 이해관계자와 협업해 문제를 해결한 경험자
• 신규 프로세스 구축이나 업무 자동화 경험자","• 지원서 및 제출서류의 허위기재 또는 허위 제출
• 채용 과정에서 본인 확인이 불가능한 경우
• 채용검진 결과 업무 수행에 부적합하다고 판단되는 경우
• 해외여행 및 근무에 결격사유가 있는 경우
• 기타 회사 또는 기관의 인사규정상 채용이 불가능한 경우",서류전형 > 실무면접 > 최종면접
665,납품·배송기사 운영 매니저,38,67,20260821,20260918,15,신입·경력,정규직,울산광역시,전문학사 이상,"공공서비스 운영기관에서 고객사 납품 일정과 안전한 배송을 수행하는 포지션을(를) 맡을 납품·배송기사를 모집합니다.

이번 포지션은 배송경로, 상품 상하차, 납품확인, 차량점검을 중심으로 운영 현장의 품질과 일정, 고객 경험을 함께 관리하는 역할입니다.

데이터와 현장 감각을 함께 활용해 반복 업무를 효율화하는 역할입니다.

유관 부서 및 외부 파트너와 업무 기준을 공유하고, 이슈 발생 시 원인을 정리해 재발 방지 방안을 실행합니다.

초기에는 담당 업무의 프로세스와 시스템을 익히고, 이후에는 담당 영역의 지표 개선과 운영 표준화까지 주도하게 됩니다.","• 배송경로, 상품 상하차, 납품확인, 차량점검 및 일일 운영 현황 관리
• 업무 일정·실적·품질 지표 점검 및 보고
• 관련 시스템과 문서의 정확한 입력·관리
• 고객·협력사·유관 부서 문의 대응 및 이슈 조율
• 업무 절차 개선과 운영 리스크 사전 점검
• 주요 이슈 원인 분석 및 후속 조치 관리
• 정기 회의 자료 작성과 진행 현황 공유
• 현장 안전·보안·개인정보 보호 기준 준수","• 운전면허 및 배송업무 수행 역량 관련 기본 지식 또는 실무 경험을 보유한 분
• 필수 자격·면허: 1종 보통 운전면허 보유자 또는 입사 전 취득 가능한 분
• 맡은 업무를 정확하게 기록하고 마감까지 책임질 수 있는 분
• 문서작성, 이메일, 스프레드시트 등 기본 업무도구 활용이 가능한 분
• 고객 및 유관 부서와 원활하게 소통하고 요청사항을 정리할 수 있는 분
• 예상하지 못한 상황에서도 우선순위를 판단해 대응할 수 있는 분
• 업무상 취급하는 자료와 고객 정보를 안전하게 관리할 수 있는 분
• 교대·주말·현장 근무가 포함될 수 있는 일정에 대응 가능한 분","• 납품·배송기사 또는 유사 직무 경력 보유자
• 직무 관련 자격·면허 보유자: 1종 보통 운전면허
• 직무 관련 자격·면허 보유자: 화물운송종사자격
• ERP, WMS, CRM, POS 등 직무 관련 시스템 사용 경험자
• 수치와 데이터를 활용한 실적 분석 경험자
• 다양한 이해관계자와 협업해 문제를 해결한 경험자
• 외국어 또는 관련 법규·안전 기준을 활용할 수 있는 분","• 지원서 및 제출서류의 허위기재 또는 허위 제출
• 채용 과정에서 본인 확인이 불가능한 경우
• 채용검진 결과 업무 수행에 부적합하다고 판단되는 경우
• 해외여행 및 근무에 결격사유가 있는 경우
• 기타 회사 또는 기관의 인사규정상 채용이 불가능한 경우",서류전형 > 인성검사 > 실무면접 > 최종면접
666,납품·배송기사 전문 인력,60,67,20260907,20261012,6,경력 2년 이상,계약직,강원특별자치도,학사 이상,"대기업 사업부에서 고객사 납품 일정과 안전한 배송을 수행하는 포지션을(를) 맡을 납품·배송기사를 모집합니다.

이번 포지션은 배송경로, 상품 상하차, 납품확인, 차량점검을 중심으로 운영 현장의 품질과 일정, 고객 경험을 함께 관리하는 역할입니다.

정해진 절차를 지키되 상황에 맞게 유연하게 대응하는 실무자를 모집합니다.

유관 부서 및 외부 파트너와 업무 기준을 공유하고, 이슈 발생 시 원인을 정리해 재발 방지 방안을 실행합니다.

초기에는 담당 업무의 프로세스와 시스템을 익히고, 이후에는 담당 영역의 지표 개선과 운영 표준화까지 주도하게 됩니다.","• 배송경로, 상품 상하차, 납품확인, 차량점검 및 일일 운영 현황 관리
• 업무 일정·실적·품질 지표 점검 및 보고
• 관련 시스템과 문서의 정확한 입력·관리
• 고객·협력사·유관 부서 문의 대응 및 이슈 조율
• 업무 절차 개선과 운영 리스크 사전 점검
• 주요 이슈 원인 분석 및 후속 조치 관리
• 정기 회의 자료 작성과 진행 현황 공유
• 업무 매뉴얼 정비와 신규 구성원 온보딩 지원","• 운전면허 및 배송업무 수행 역량 관련 기본 지식 또는 실무 경험을 보유한 분
• 필수 자격·면허: 1종 보통 운전면허 보유자 또는 입사 전 취득 가능한 분
• 맡은 업무를 정확하게 기록하고 마감까지 책임질 수 있는 분
• 문서작성, 이메일, 스프레드시트 등 기본 업무도구 활용이 가능한 분
• 고객 및 유관 부서와 원활하게 소통하고 요청사항을 정리할 수 있는 분
• 예상하지 못한 상황에서도 우선순위를 판단해 대응할 수 있는 분
• 업무상 취급하는 자료와 고객 정보를 안전하게 관리할 수 있는 분
• 직무 관련 교육을 꾸준히 이수하며 전문성을 높일 분","• 납품·배송기사 또는 유사 직무 경력 보유자
• 직무 관련 자격·면허 보유자: 1종 보통 운전면허
• 직무 관련 자격·면허 보유자: 화물운송종사자격
• ERP, WMS, CRM, POS 등 직무 관련 시스템 사용 경험자
• 수치와 데이터를 활용한 실적 분석 경험자
• 다양한 이해관계자와 협업해 문제를 해결한 경험자
• 신규 프로세스 구축이나 업무 자동화 경험자","• 지원서 및 제출서류의 허위기재 또는 허위 제출
• 채용 과정에서 본인 확인이 불가능한 경우
• 채용검진 결과 업무 수행에 부적합하다고 판단되는 경우
• 해외여행 및 근무에 결격사유가 있는 경우
• 기타 회사 또는 기관의 인사규정상 채용이 불가능한 경우",서류전형 > 직무과제 > 실무면접 > 최종합격
667,납품·배송기사 경력 채용,10,67,20260924,20261105,17,경력 3년 이상,무기계약직,전라북도,석사 이상,"중견 제조기업에서 고객사 납품 일정과 안전한 배송을 수행하는 포지션을(를) 맡을 납품·배송기사를 모집합니다.

이번 포지션은 배송경로, 상품 상하차, 납품확인, 차량점검을 중심으로 운영 현장의 품질과 일정, 고객 경험을 함께 관리하는 역할입니다.

부서 간 원활한 소통으로 일정과 품질을 안정적으로 관리하는 직무입니다.

유관 부서 및 외부 파트너와 업무 기준을 공유하고, 이슈 발생 시 원인을 정리해 재발 방지 방안을 실행합니다.

초기에는 담당 업무의 프로세스와 시스템을 익히고, 이후에는 담당 영역의 지표 개선과 운영 표준화까지 주도하게 됩니다.","• 배송경로, 상품 상하차, 납품확인, 차량점검 및 일일 운영 현황 관리
• 업무 일정·실적·품질 지표 점검 및 보고
• 관련 시스템과 문서의 정확한 입력·관리
• 고객·협력사·유관 부서 문의 대응 및 이슈 조율
• 업무 절차 개선과 운영 리스크 사전 점검
• 주요 이슈 원인 분석 및 후속 조치 관리
• 정기 회의 자료 작성과 진행 현황 공유
• 현장 안전·보안·개인정보 보호 기준 준수","• 운전면허 및 배송업무 수행 역량 관련 기본 지식 또는 실무 경험을 보유한 분
• 필수 자격·면허: 1종 보통 운전면허 보유자 또는 입사 전 취득 가능한 분
• 맡은 업무를 정확하게 기록하고 마감까지 책임질 수 있는 분
• 문서작성, 이메일, 스프레드시트 등 기본 업무도구 활용이 가능한 분
• 고객 및 유관 부서와 원활하게 소통하고 요청사항을 정리할 수 있는 분
• 예상하지 못한 상황에서도 우선순위를 판단해 대응할 수 있는 분
• 업무상 취급하는 자료와 고객 정보를 안전하게 관리할 수 있는 분
• 직무 관련 교육을 꾸준히 이수하며 전문성을 높일 분","• 납품·배송기사 또는 유사 직무 경력 보유자
• 직무 관련 자격·면허 보유자: 1종 보통 운전면허
• 직무 관련 자격·면허 보유자: 화물운송종사자격
• ERP, WMS, CRM, POS 등 직무 관련 시스템 사용 경험자
• 수치와 데이터를 활용한 실적 분석 경험자
• 다양한 이해관계자와 협업해 문제를 해결한 경험자
• 외국어 또는 관련 법규·안전 기준을 활용할 수 있는 분","• 지원서 및 제출서류의 허위기재 또는 허위 제출
• 채용 과정에서 본인 확인이 불가능한 경우
• 채용검진 결과 업무 수행에 부적합하다고 판단되는 경우
• 해외여행 및 근무에 결격사유가 있는 경우
• 기타 회사 또는 기관의 인사규정상 채용이 불가능한 경우",서류전형 > 1차면접 > 2차면접 > 채용검진
668,납품·배송기사 현장 책임자,140,67,20261011,20261024,8,경력 5년 이상,기간제,경상남도,박사 이상,"전문 중소기업에서 고객사 납품 일정과 안전한 배송을 수행하는 포지션을(를) 맡을 납품·배송기사를 모집합니다.

이번 포지션은 배송경로, 상품 상하차, 납품확인, 차량점검을 중심으로 운영 현장의 품질과 일정, 고객 경험을 함께 관리하는 역할입니다.

서비스 품질과 안전을 우선하며 꾸준히 전문성을 쌓을 수 있는 포지션입니다.

유관 부서 및 외부 파트너와 업무 기준을 공유하고, 이슈 발생 시 원인을 정리해 재발 방지 방안을 실행합니다.

초기에는 담당 업무의 프로세스와 시스템을 익히고, 이후에는 담당 영역의 지표 개선과 운영 표준화까지 주도하게 됩니다.","• 배송경로, 상품 상하차, 납품확인, 차량점검 및 일일 운영 현황 관리
• 업무 일정·실적·품질 지표 점검 및 보고
• 관련 시스템과 문서의 정확한 입력·관리
• 고객·협력사·유관 부서 문의 대응 및 이슈 조율
• 업무 절차 개선과 운영 리스크 사전 점검
• 주요 이슈 원인 분석 및 후속 조치 관리
• 정기 회의 자료 작성과 진행 현황 공유
• 업무 매뉴얼 정비와 신규 구성원 온보딩 지원","• 운전면허 및 배송업무 수행 역량 관련 기본 지식 또는 실무 경험을 보유한 분
• 필수 자격·면허: 1종 보통 운전면허 보유자 또는 입사 전 취득 가능한 분
• 맡은 업무를 정확하게 기록하고 마감까지 책임질 수 있는 분
• 문서작성, 이메일, 스프레드시트 등 기본 업무도구 활용이 가능한 분
• 고객 및 유관 부서와 원활하게 소통하고 요청사항을 정리할 수 있는 분
• 예상하지 못한 상황에서도 우선순위를 판단해 대응할 수 있는 분
• 업무상 취급하는 자료와 고객 정보를 안전하게 관리할 수 있는 분
• 교대·주말·현장 근무가 포함될 수 있는 일정에 대응 가능한 분","• 납품·배송기사 또는 유사 직무 경력 보유자
• 직무 관련 자격·면허 보유자: 1종 보통 운전면허
• 직무 관련 자격·면허 보유자: 화물운송종사자격
• ERP, WMS, CRM, POS 등 직무 관련 시스템 사용 경험자
• 수치와 데이터를 활용한 실적 분석 경험자
• 다양한 이해관계자와 협업해 문제를 해결한 경험자
• 신규 프로세스 구축이나 업무 자동화 경험자","• 지원서 및 제출서류의 허위기재 또는 허위 제출
• 채용 과정에서 본인 확인이 불가능한 경우
• 채용검진 결과 업무 수행에 부적합하다고 판단되는 경우
• 해외여행 및 근무에 결격사유가 있는 경우
• 기타 회사 또는 기관의 인사규정상 채용이 불가능한 경우",서류전형 > 필기전형 > 면접전형 > 최종합격
669,납품·배송기사 서비스 담당,99,67,20261028,20261117,19,경력 무관,정규직,부산광역시,학력무관,"성장 단계 스타트업에서 고객사 납품 일정과 안전한 배송을 수행하는 포지션을(를) 맡을 납품·배송기사를 모집합니다.

이번 포지션은 배송경로, 상품 상하차, 납품확인, 차량점검을 중심으로 운영 현장의 품질과 일정, 고객 경험을 함께 관리하는 역할입니다.

기본기를 바탕으로 새로운 업무를 빠르게 익히고 실행할 분을 모십니다.

유관 부서 및 외부 파트너와 업무 기준을 공유하고, 이슈 발생 시 원인을 정리해 재발 방지 방안을 실행합니다.

초기에는 담당 업무의 프로세스와 시스템을 익히고, 이후에는 담당 영역의 지표 개선과 운영 표준화까지 주도하게 됩니다.","• 배송경로, 상품 상하차, 납품확인, 차량점검 및 일일 운영 현황 관리
• 업무 일정·실적·품질 지표 점검 및 보고
• 관련 시스템과 문서의 정확한 입력·관리
• 고객·협력사·유관 부서 문의 대응 및 이슈 조율
• 업무 절차 개선과 운영 리스크 사전 점검
• 주요 이슈 원인 분석 및 후속 조치 관리
• 정기 회의 자료 작성과 진행 현황 공유
• 현장 안전·보안·개인정보 보호 기준 준수","• 운전면허 및 배송업무 수행 역량 관련 기본 지식 또는 실무 경험을 보유한 분
• 필수 자격·면허: 1종 보통 운전면허 보유자 또는 입사 전 취득 가능한 분
• 맡은 업무를 정확하게 기록하고 마감까지 책임질 수 있는 분
• 문서작성, 이메일, 스프레드시트 등 기본 업무도구 활용이 가능한 분
• 고객 및 유관 부서와 원활하게 소통하고 요청사항을 정리할 수 있는 분
• 예상하지 못한 상황에서도 우선순위를 판단해 대응할 수 있는 분
• 업무상 취급하는 자료와 고객 정보를 안전하게 관리할 수 있는 분
• 직무 관련 교육을 꾸준히 이수하며 전문성을 높일 분","• 납품·배송기사 또는 유사 직무 경력 보유자
• 직무 관련 자격·면허 보유자: 1종 보통 운전면허
• 직무 관련 자격·면허 보유자: 화물운송종사자격
• ERP, WMS, CRM, POS 등 직무 관련 시스템 사용 경험자
• 수치와 데이터를 활용한 실적 분석 경험자
• 다양한 이해관계자와 협업해 문제를 해결한 경험자
• 외국어 또는 관련 법규·안전 기준을 활용할 수 있는 분","• 지원서 및 제출서류의 허위기재 또는 허위 제출
• 채용 과정에서 본인 확인이 불가능한 경우
• 채용검진 결과 업무 수행에 부적합하다고 판단되는 경우
• 해외여행 및 근무에 결격사유가 있는 경우
• 기타 회사 또는 기관의 인사규정상 채용이 불가능한 경우",서류전형 > 실무면접 > 최종면접
670,납품·배송기사 담당자,92,67,20261114,20261211,10,신입,계약직,광주광역시,전문학사 이상,"종합병원 운영조직에서 고객사 납품 일정과 안전한 배송을 수행하는 포지션을(를) 맡을 납품·배송기사를 모집합니다.

이번 포지션은 배송경로, 상품 상하차, 납품확인, 차량점검을 중심으로 운영 현장의 품질과 일정, 고객 경험을 함께 관리하는 역할입니다.

성과와 고객 만족을 함께 고려하며 실질적인 변화를 만드는 역할입니다.

유관 부서 및 외부 파트너와 업무 기준을 공유하고, 이슈 발생 시 원인을 정리해 재발 방지 방안을 실행합니다.

초기에는 담당 업무의 프로세스와 시스템을 익히고, 이후에는 담당 영역의 지표 개선과 운영 표준화까지 주도하게 됩니다.","• 배송경로, 상품 상하차, 납품확인, 차량점검 및 일일 운영 현황 관리
• 업무 일정·실적·품질 지표 점검 및 보고
• 관련 시스템과 문서의 정확한 입력·관리
• 고객·협력사·유관 부서 문의 대응 및 이슈 조율
• 업무 절차 개선과 운영 리스크 사전 점검
• 주요 이슈 원인 분석 및 후속 조치 관리
• 정기 회의 자료 작성과 진행 현황 공유
• 업무 매뉴얼 정비와 신규 구성원 온보딩 지원","• 운전면허 및 배송업무 수행 역량 관련 기본 지식 또는 실무 경험을 보유한 분
• 필수 자격·면허: 1종 보통 운전면허 보유자 또는 입사 전 취득 가능한 분
• 맡은 업무를 정확하게 기록하고 마감까지 책임질 수 있는 분
• 문서작성, 이메일, 스프레드시트 등 기본 업무도구 활용이 가능한 분
• 고객 및 유관 부서와 원활하게 소통하고 요청사항을 정리할 수 있는 분
• 예상하지 못한 상황에서도 우선순위를 판단해 대응할 수 있는 분
• 업무상 취급하는 자료와 고객 정보를 안전하게 관리할 수 있는 분
• 직무 관련 교육을 꾸준히 이수하며 전문성을 높일 분","• 납품·배송기사 또는 유사 직무 경력 보유자
• 직무 관련 자격·면허 보유자: 1종 보통 운전면허
• 직무 관련 자격·면허 보유자: 화물운송종사자격
• ERP, WMS, CRM, POS 등 직무 관련 시스템 사용 경험자
• 수치와 데이터를 활용한 실적 분석 경험자
• 다양한 이해관계자와 협업해 문제를 해결한 경험자
• 신규 프로세스 구축이나 업무 자동화 경험자","• 지원서 및 제출서류의 허위기재 또는 허위 제출
• 채용 과정에서 본인 확인이 불가능한 경우
• 채용검진 결과 업무 수행에 부적합하다고 판단되는 경우
• 해외여행 및 근무에 결격사유가 있는 경우
• 기타 회사 또는 기관의 인사규정상 채용이 불가능한 경우",서류전형 > 인성검사 > 실무면접 > 최종면접
671,배달기사 운영 매니저,39,68,20261201,20270104,1,신입·경력,무기계약직,강원특별자치도,석사 이상,"대학 산학협력단에서 주문 상품을 신속하고 정확하게 전달하는 포지션을(를) 맡을 배달기사를 모집합니다.

이번 포지션은 배달수행, 주문확인, 상품상태, 고객응대을 중심으로 운영 현장의 품질과 일정, 고객 경험을 함께 관리하는 역할입니다.

정확한 실행력과 협업을 바탕으로 안정적인 운영을 함께 만들어 갈 분을 찾습니다.

유관 부서 및 외부 파트너와 업무 기준을 공유하고, 이슈 발생 시 원인을 정리해 재발 방지 방안을 실행합니다.

초기에는 담당 업무의 프로세스와 시스템을 익히고, 이후에는 담당 영역의 지표 개선과 운영 표준화까지 주도하게 됩니다.","• 배달수행, 주문확인, 상품상태, 고객응대 및 일일 운영 현황 관리
• 업무 일정·실적·품질 지표 점검 및 보고
• 관련 시스템과 문서의 정확한 입력·관리
• 고객·협력사·유관 부서 문의 대응 및 이슈 조율
• 업무 절차 개선과 운영 리스크 사전 점검
• 주요 이슈 원인 분석 및 후속 조치 관리
• 정기 회의 자료 작성과 진행 현황 공유
• 현장 안전·보안·개인정보 보호 기준 준수","• 이륜차 또는 차량 운전이 가능한 분 관련 기본 지식 또는 실무 경험을 보유한 분
• 필수 자격·면허: 원동기장치자전거면허 보유자 또는 입사 전 취득 가능한 분
• 맡은 업무를 정확하게 기록하고 마감까지 책임질 수 있는 분
• 문서작성, 이메일, 스프레드시트 등 기본 업무도구 활용이 가능한 분
• 고객 및 유관 부서와 원활하게 소통하고 요청사항을 정리할 수 있는 분
• 예상하지 못한 상황에서도 우선순위를 판단해 대응할 수 있는 분
• 업무상 취급하는 자료와 고객 정보를 안전하게 관리할 수 있는 분
• 교대·주말·현장 근무가 포함될 수 있는 일정에 대응 가능한 분","• 배달기사 또는 유사 직무 경력 보유자
• 직무 관련 자격·면허 보유자: 원동기장치자전거면허
• 직무 관련 자격·면허 보유자: 2종 보통 운전면허
• ERP, WMS, CRM, POS 등 직무 관련 시스템 사용 경험자
• 수치와 데이터를 활용한 실적 분석 경험자
• 다양한 이해관계자와 협업해 문제를 해결한 경험자
• 외국어 또는 관련 법규·안전 기준을 활용할 수 있는 분","• 지원서 및 제출서류의 허위기재 또는 허위 제출
• 채용 과정에서 본인 확인이 불가능한 경우
• 채용검진 결과 업무 수행에 부적합하다고 판단되는 경우
• 해외여행 및 근무에 결격사유가 있는 경우
• 기타 회사 또는 기관의 인사규정상 채용이 불가능한 경우",서류전형 > 1차면접 > 2차면접 > 채용검진
672,배달기사 전문 인력,68,68,20260107,20260217,12,경력 2년 이상,기간제,전라북도,박사 이상,"기업 부설 연구소에서 주문 상품을 신속하고 정확하게 전달하는 포지션을(를) 맡을 배달기사를 모집합니다.

이번 포지션은 배달수행, 주문확인, 상품상태, 고객응대을 중심으로 운영 현장의 품질과 일정, 고객 경험을 함께 관리하는 역할입니다.

현장과 유관 부서의 요구를 연결하며 업무 품질을 높이는 역할입니다.

유관 부서 및 외부 파트너와 업무 기준을 공유하고, 이슈 발생 시 원인을 정리해 재발 방지 방안을 실행합니다.

초기에는 담당 업무의 프로세스와 시스템을 익히고, 이후에는 담당 영역의 지표 개선과 운영 표준화까지 주도하게 됩니다.","• 배달수행, 주문확인, 상품상태, 고객응대 및 일일 운영 현황 관리
• 업무 일정·실적·품질 지표 점검 및 보고
• 관련 시스템과 문서의 정확한 입력·관리
• 고객·협력사·유관 부서 문의 대응 및 이슈 조율
• 업무 절차 개선과 운영 리스크 사전 점검
• 주요 이슈 원인 분석 및 후속 조치 관리
• 정기 회의 자료 작성과 진행 현황 공유
• 업무 매뉴얼 정비와 신규 구성원 온보딩 지원","• 이륜차 또는 차량 운전이 가능한 분 관련 기본 지식 또는 실무 경험을 보유한 분
• 필수 자격·면허: 원동기장치자전거면허 보유자 또는 입사 전 취득 가능한 분
• 맡은 업무를 정확하게 기록하고 마감까지 책임질 수 있는 분
• 문서작성, 이메일, 스프레드시트 등 기본 업무도구 활용이 가능한 분
• 고객 및 유관 부서와 원활하게 소통하고 요청사항을 정리할 수 있는 분
• 예상하지 못한 상황에서도 우선순위를 판단해 대응할 수 있는 분
• 업무상 취급하는 자료와 고객 정보를 안전하게 관리할 수 있는 분
• 직무 관련 교육을 꾸준히 이수하며 전문성을 높일 분","• 배달기사 또는 유사 직무 경력 보유자
• 직무 관련 자격·면허 보유자: 원동기장치자전거면허
• 직무 관련 자격·면허 보유자: 2종 보통 운전면허
• ERP, WMS, CRM, POS 등 직무 관련 시스템 사용 경험자
• 수치와 데이터를 활용한 실적 분석 경험자
• 다양한 이해관계자와 협업해 문제를 해결한 경험자
• 신규 프로세스 구축이나 업무 자동화 경험자","• 지원서 및 제출서류의 허위기재 또는 허위 제출
• 채용 과정에서 본인 확인이 불가능한 경우
• 채용검진 결과 업무 수행에 부적합하다고 판단되는 경우
• 해외여행 및 근무에 결격사유가 있는 경우
• 기타 회사 또는 기관의 인사규정상 채용이 불가능한 경우",서류전형 > 필기전형 > 면접전형 > 최종합격
673,배달기사 경력 채용,1,68,20260124,20260205,3,경력 3년 이상,정규직,경상남도,학력무관,"전문 협회에서 주문 상품을 신속하고 정확하게 전달하는 포지션을(를) 맡을 배달기사를 모집합니다.

이번 포지션은 배달수행, 주문확인, 상품상태, 고객응대을 중심으로 운영 현장의 품질과 일정, 고객 경험을 함께 관리하는 역할입니다.

업무 기준을 준수하면서도 개선점을 주도적으로 제안할 수 있는 분을 기다립니다.

유관 부서 및 외부 파트너와 업무 기준을 공유하고, 이슈 발생 시 원인을 정리해 재발 방지 방안을 실행합니다.

초기에는 담당 업무의 프로세스와 시스템을 익히고, 이후에는 담당 영역의 지표 개선과 운영 표준화까지 주도하게 됩니다.","• 배달수행, 주문확인, 상품상태, 고객응대 및 일일 운영 현황 관리
• 업무 일정·실적·품질 지표 점검 및 보고
• 관련 시스템과 문서의 정확한 입력·관리
• 고객·협력사·유관 부서 문의 대응 및 이슈 조율
• 업무 절차 개선과 운영 리스크 사전 점검
• 주요 이슈 원인 분석 및 후속 조치 관리
• 정기 회의 자료 작성과 진행 현황 공유
• 현장 안전·보안·개인정보 보호 기준 준수","• 이륜차 또는 차량 운전이 가능한 분 관련 기본 지식 또는 실무 경험을 보유한 분
• 필수 자격·면허: 원동기장치자전거면허 보유자 또는 입사 전 취득 가능한 분
• 맡은 업무를 정확하게 기록하고 마감까지 책임질 수 있는 분
• 문서작성, 이메일, 스프레드시트 등 기본 업무도구 활용이 가능한 분
• 고객 및 유관 부서와 원활하게 소통하고 요청사항을 정리할 수 있는 분
• 예상하지 못한 상황에서도 우선순위를 판단해 대응할 수 있는 분
• 업무상 취급하는 자료와 고객 정보를 안전하게 관리할 수 있는 분
• 직무 관련 교육을 꾸준히 이수하며 전문성을 높일 분","• 배달기사 또는 유사 직무 경력 보유자
• 직무 관련 자격·면허 보유자: 원동기장치자전거면허
• 직무 관련 자격·면허 보유자: 2종 보통 운전면허
• ERP, WMS, CRM, POS 등 직무 관련 시스템 사용 경험자
• 수치와 데이터를 활용한 실적 분석 경험자
• 다양한 이해관계자와 협업해 문제를 해결한 경험자
• 외국어 또는 관련 법규·안전 기준을 활용할 수 있는 분","• 지원서 및 제출서류의 허위기재 또는 허위 제출
• 채용 과정에서 본인 확인이 불가능한 경우
• 채용검진 결과 업무 수행에 부적합하다고 판단되는 경우
• 해외여행 및 근무에 결격사유가 있는 경우
• 기타 회사 또는 기관의 인사규정상 채용이 불가능한 경우",서류전형 > 실무면접 > 최종면접
674,배달기사 현장 책임자,136,68,20260210,20260301,14,경력 5년 이상,계약직,부산광역시,전문학사 이상,"공공서비스 운영기관에서 주문 상품을 신속하고 정확하게 전달하는 포지션을(를) 맡을 배달기사를 모집합니다.

이번 포지션은 배달수행, 주문확인, 상품상태, 고객응대을 중심으로 운영 현장의 품질과 일정, 고객 경험을 함께 관리하는 역할입니다.

고객과 동료에게 신뢰를 주는 태도로 맡은 업무를 끝까지 책임지는 포지션입니다.

유관 부서 및 외부 파트너와 업무 기준을 공유하고, 이슈 발생 시 원인을 정리해 재발 방지 방안을 실행합니다.

초기에는 담당 업무의 프로세스와 시스템을 익히고, 이후에는 담당 영역의 지표 개선과 운영 표준화까지 주도하게 됩니다.","• 배달수행, 주문확인, 상품상태, 고객응대 및 일일 운영 현황 관리
• 업무 일정·실적·품질 지표 점검 및 보고
• 관련 시스템과 문서의 정확한 입력·관리
• 고객·협력사·유관 부서 문의 대응 및 이슈 조율
• 업무 절차 개선과 운영 리스크 사전 점검
• 주요 이슈 원인 분석 및 후속 조치 관리
• 정기 회의 자료 작성과 진행 현황 공유
• 업무 매뉴얼 정비와 신규 구성원 온보딩 지원","• 이륜차 또는 차량 운전이 가능한 분 관련 기본 지식 또는 실무 경험을 보유한 분
• 필수 자격·면허: 원동기장치자전거면허 보유자 또는 입사 전 취득 가능한 분
• 맡은 업무를 정확하게 기록하고 마감까지 책임질 수 있는 분
• 문서작성, 이메일, 스프레드시트 등 기본 업무도구 활용이 가능한 분
• 고객 및 유관 부서와 원활하게 소통하고 요청사항을 정리할 수 있는 분
• 예상하지 못한 상황에서도 우선순위를 판단해 대응할 수 있는 분
• 업무상 취급하는 자료와 고객 정보를 안전하게 관리할 수 있는 분
• 교대·주말·현장 근무가 포함될 수 있는 일정에 대응 가능한 분","• 배달기사 또는 유사 직무 경력 보유자
• 직무 관련 자격·면허 보유자: 원동기장치자전거면허
• 직무 관련 자격·면허 보유자: 2종 보통 운전면허
• ERP, WMS, CRM, POS 등 직무 관련 시스템 사용 경험자
• 수치와 데이터를 활용한 실적 분석 경험자
• 다양한 이해관계자와 협업해 문제를 해결한 경험자
• 신규 프로세스 구축이나 업무 자동화 경험자","• 지원서 및 제출서류의 허위기재 또는 허위 제출
• 채용 과정에서 본인 확인이 불가능한 경우
• 채용검진 결과 업무 수행에 부적합하다고 판단되는 경우
• 해외여행 및 근무에 결격사유가 있는 경우
• 기타 회사 또는 기관의 인사규정상 채용이 불가능한 경우",서류전형 > 인성검사 > 실무면접 > 최종면접
675,배달기사 서비스 담당,65,68,20260227,20260325,5,경력 무관,무기계약직,광주광역시,학사 이상,"대기업 사업부에서 주문 상품을 신속하고 정확하게 전달하는 포지션을(를) 맡을 배달기사를 모집합니다.

이번 포지션은 배달수행, 주문확인, 상품상태, 고객응대을 중심으로 운영 현장의 품질과 일정, 고객 경험을 함께 관리하는 역할입니다.

데이터와 현장 감각을 함께 활용해 반복 업무를 효율화하는 역할입니다.

유관 부서 및 외부 파트너와 업무 기준을 공유하고, 이슈 발생 시 원인을 정리해 재발 방지 방안을 실행합니다.

초기에는 담당 업무의 프로세스와 시스템을 익히고, 이후에는 담당 영역의 지표 개선과 운영 표준화까지 주도하게 됩니다.","• 배달수행, 주문확인, 상품상태, 고객응대 및 일일 운영 현황 관리
• 업무 일정·실적·품질 지표 점검 및 보고
• 관련 시스템과 문서의 정확한 입력·관리
• 고객·협력사·유관 부서 문의 대응 및 이슈 조율
• 업무 절차 개선과 운영 리스크 사전 점검
• 주요 이슈 원인 분석 및 후속 조치 관리
• 정기 회의 자료 작성과 진행 현황 공유
• 현장 안전·보안·개인정보 보호 기준 준수","• 이륜차 또는 차량 운전이 가능한 분 관련 기본 지식 또는 실무 경험을 보유한 분
• 필수 자격·면허: 원동기장치자전거면허 보유자 또는 입사 전 취득 가능한 분
• 맡은 업무를 정확하게 기록하고 마감까지 책임질 수 있는 분
• 문서작성, 이메일, 스프레드시트 등 기본 업무도구 활용이 가능한 분
• 고객 및 유관 부서와 원활하게 소통하고 요청사항을 정리할 수 있는 분
• 예상하지 못한 상황에서도 우선순위를 판단해 대응할 수 있는 분
• 업무상 취급하는 자료와 고객 정보를 안전하게 관리할 수 있는 분
• 직무 관련 교육을 꾸준히 이수하며 전문성을 높일 분","• 배달기사 또는 유사 직무 경력 보유자
• 직무 관련 자격·면허 보유자: 원동기장치자전거면허
• 직무 관련 자격·면허 보유자: 2종 보통 운전면허
• ERP, WMS, CRM, POS 등 직무 관련 시스템 사용 경험자
• 수치와 데이터를 활용한 실적 분석 경험자
• 다양한 이해관계자와 협업해 문제를 해결한 경험자
• 외국어 또는 관련 법규·안전 기준을 활용할 수 있는 분","• 지원서 및 제출서류의 허위기재 또는 허위 제출
• 채용 과정에서 본인 확인이 불가능한 경우
• 채용검진 결과 업무 수행에 부적합하다고 판단되는 경우
• 해외여행 및 근무에 결격사유가 있는 경우
• 기타 회사 또는 기관의 인사규정상 채용이 불가능한 경우",서류전형 > 직무과제 > 실무면접 > 최종합격
676,배달기사 담당자,46,68,20260316,20260418,16,신입,기간제,경기도,석사 이상,"중견 제조기업에서 주문 상품을 신속하고 정확하게 전달하는 포지션을(를) 맡을 배달기사를 모집합니다.

이번 포지션은 배달수행, 주문확인, 상품상태, 고객응대을 중심으로 운영 현장의 품질과 일정, 고객 경험을 함께 관리하는 역할입니다.

정해진 절차를 지키되 상황에 맞게 유연하게 대응하는 실무자를 모집합니다.

유관 부서 및 외부 파트너와 업무 기준을 공유하고, 이슈 발생 시 원인을 정리해 재발 방지 방안을 실행합니다.

초기에는 담당 업무의 프로세스와 시스템을 익히고, 이후에는 담당 영역의 지표 개선과 운영 표준화까지 주도하게 됩니다.","• 배달수행, 주문확인, 상품상태, 고객응대 및 일일 운영 현황 관리
• 업무 일정·실적·품질 지표 점검 및 보고
• 관련 시스템과 문서의 정확한 입력·관리
• 고객·협력사·유관 부서 문의 대응 및 이슈 조율
• 업무 절차 개선과 운영 리스크 사전 점검
• 주요 이슈 원인 분석 및 후속 조치 관리
• 정기 회의 자료 작성과 진행 현황 공유
• 업무 매뉴얼 정비와 신규 구성원 온보딩 지원","• 이륜차 또는 차량 운전이 가능한 분 관련 기본 지식 또는 실무 경험을 보유한 분
• 필수 자격·면허: 원동기장치자전거면허 보유자 또는 입사 전 취득 가능한 분
• 맡은 업무를 정확하게 기록하고 마감까지 책임질 수 있는 분
• 문서작성, 이메일, 스프레드시트 등 기본 업무도구 활용이 가능한 분
• 고객 및 유관 부서와 원활하게 소통하고 요청사항을 정리할 수 있는 분
• 예상하지 못한 상황에서도 우선순위를 판단해 대응할 수 있는 분
• 업무상 취급하는 자료와 고객 정보를 안전하게 관리할 수 있는 분
• 직무 관련 교육을 꾸준히 이수하며 전문성을 높일 분","• 배달기사 또는 유사 직무 경력 보유자
• 직무 관련 자격·면허 보유자: 원동기장치자전거면허
• 직무 관련 자격·면허 보유자: 2종 보통 운전면허
• ERP, WMS, CRM, POS 등 직무 관련 시스템 사용 경험자
• 수치와 데이터를 활용한 실적 분석 경험자
• 다양한 이해관계자와 협업해 문제를 해결한 경험자
• 신규 프로세스 구축이나 업무 자동화 경험자","• 지원서 및 제출서류의 허위기재 또는 허위 제출
• 채용 과정에서 본인 확인이 불가능한 경우
• 채용검진 결과 업무 수행에 부적합하다고 판단되는 경우
• 해외여행 및 근무에 결격사유가 있는 경우
• 기타 회사 또는 기관의 인사규정상 채용이 불가능한 경우",서류전형 > 1차면접 > 2차면접 > 채용검진
677,배달기사 실무자,132,68,20260402,20260512,7,경력,정규직,충청남도,박사 이상,"전문 중소기업에서 주문 상품을 신속하고 정확하게 전달하는 포지션을(를) 맡을 배달기사를 모집합니다.

이번 포지션은 배달수행, 주문확인, 상품상태, 고객응대을 중심으로 운영 현장의 품질과 일정, 고객 경험을 함께 관리하는 역할입니다.

부서 간 원활한 소통으로 일정과 품질을 안정적으로 관리하는 직무입니다.

유관 부서 및 외부 파트너와 업무 기준을 공유하고, 이슈 발생 시 원인을 정리해 재발 방지 방안을 실행합니다.

초기에는 담당 업무의 프로세스와 시스템을 익히고, 이후에는 담당 영역의 지표 개선과 운영 표준화까지 주도하게 됩니다.","• 배달수행, 주문확인, 상품상태, 고객응대 및 일일 운영 현황 관리
• 업무 일정·실적·품질 지표 점검 및 보고
• 관련 시스템과 문서의 정확한 입력·관리
• 고객·협력사·유관 부서 문의 대응 및 이슈 조율
• 업무 절차 개선과 운영 리스크 사전 점검
• 주요 이슈 원인 분석 및 후속 조치 관리
• 정기 회의 자료 작성과 진행 현황 공유
• 현장 안전·보안·개인정보 보호 기준 준수","• 이륜차 또는 차량 운전이 가능한 분 관련 기본 지식 또는 실무 경험을 보유한 분
• 필수 자격·면허: 원동기장치자전거면허 보유자 또는 입사 전 취득 가능한 분
• 맡은 업무를 정확하게 기록하고 마감까지 책임질 수 있는 분
• 문서작성, 이메일, 스프레드시트 등 기본 업무도구 활용이 가능한 분
• 고객 및 유관 부서와 원활하게 소통하고 요청사항을 정리할 수 있는 분
• 예상하지 못한 상황에서도 우선순위를 판단해 대응할 수 있는 분
• 업무상 취급하는 자료와 고객 정보를 안전하게 관리할 수 있는 분
• 교대·주말·현장 근무가 포함될 수 있는 일정에 대응 가능한 분","• 배달기사 또는 유사 직무 경력 보유자
• 직무 관련 자격·면허 보유자: 원동기장치자전거면허
• 직무 관련 자격·면허 보유자: 2종 보통 운전면허
• ERP, WMS, CRM, POS 등 직무 관련 시스템 사용 경험자
• 수치와 데이터를 활용한 실적 분석 경험자
• 다양한 이해관계자와 협업해 문제를 해결한 경험자
• 외국어 또는 관련 법규·안전 기준을 활용할 수 있는 분","• 지원서 및 제출서류의 허위기재 또는 허위 제출
• 채용 과정에서 본인 확인이 불가능한 경우
• 채용검진 결과 업무 수행에 부적합하다고 판단되는 경우
• 해외여행 및 근무에 결격사유가 있는 경우
• 기타 회사 또는 기관의 인사규정상 채용이 불가능한 경우",서류전형 > 필기전형 > 면접전형 > 최종합격
678,배달기사 운영 매니저,108,68,20260419,20260430,18,신입·경력,계약직,경상북도,학력무관,"성장 단계 스타트업에서 주문 상품을 신속하고 정확하게 전달하는 포지션을(를) 맡을 배달기사를 모집합니다.

이번 포지션은 배달수행, 주문확인, 상품상태, 고객응대을 중심으로 운영 현장의 품질과 일정, 고객 경험을 함께 관리하는 역할입니다.

서비스 품질과 안전을 우선하며 꾸준히 전문성을 쌓을 수 있는 포지션입니다.

유관 부서 및 외부 파트너와 업무 기준을 공유하고, 이슈 발생 시 원인을 정리해 재발 방지 방안을 실행합니다.

초기에는 담당 업무의 프로세스와 시스템을 익히고, 이후에는 담당 영역의 지표 개선과 운영 표준화까지 주도하게 됩니다.","• 배달수행, 주문확인, 상품상태, 고객응대 및 일일 운영 현황 관리
• 업무 일정·실적·품질 지표 점검 및 보고
• 관련 시스템과 문서의 정확한 입력·관리
• 고객·협력사·유관 부서 문의 대응 및 이슈 조율
• 업무 절차 개선과 운영 리스크 사전 점검
• 주요 이슈 원인 분석 및 후속 조치 관리
• 정기 회의 자료 작성과 진행 현황 공유
• 업무 매뉴얼 정비와 신규 구성원 온보딩 지원","• 이륜차 또는 차량 운전이 가능한 분 관련 기본 지식 또는 실무 경험을 보유한 분
• 필수 자격·면허: 원동기장치자전거면허 보유자 또는 입사 전 취득 가능한 분
• 맡은 업무를 정확하게 기록하고 마감까지 책임질 수 있는 분
• 문서작성, 이메일, 스프레드시트 등 기본 업무도구 활용이 가능한 분
• 고객 및 유관 부서와 원활하게 소통하고 요청사항을 정리할 수 있는 분
• 예상하지 못한 상황에서도 우선순위를 판단해 대응할 수 있는 분
• 업무상 취급하는 자료와 고객 정보를 안전하게 관리할 수 있는 분
• 직무 관련 교육을 꾸준히 이수하며 전문성을 높일 분","• 배달기사 또는 유사 직무 경력 보유자
• 직무 관련 자격·면허 보유자: 원동기장치자전거면허
• 직무 관련 자격·면허 보유자: 2종 보통 운전면허
• ERP, WMS, CRM, POS 등 직무 관련 시스템 사용 경험자
• 수치와 데이터를 활용한 실적 분석 경험자
• 다양한 이해관계자와 협업해 문제를 해결한 경험자
• 신규 프로세스 구축이나 업무 자동화 경험자","• 지원서 및 제출서류의 허위기재 또는 허위 제출
• 채용 과정에서 본인 확인이 불가능한 경우
• 채용검진 결과 업무 수행에 부적합하다고 판단되는 경우
• 해외여행 및 근무에 결격사유가 있는 경우
• 기타 회사 또는 기관의 인사규정상 채용이 불가능한 경우",서류전형 > 실무면접 > 최종면접
679,배달기사 전문 인력,12,68,20260506,20260524,9,경력 2년 이상,무기계약직,서울특별시,전문학사 이상,"종합병원 운영조직에서 주문 상품을 신속하고 정확하게 전달하는 포지션을(를) 맡을 배달기사를 모집합니다.

이번 포지션은 배달수행, 주문확인, 상품상태, 고객응대을 중심으로 운영 현장의 품질과 일정, 고객 경험을 함께 관리하는 역할입니다.

기본기를 바탕으로 새로운 업무를 빠르게 익히고 실행할 분을 모십니다.

유관 부서 및 외부 파트너와 업무 기준을 공유하고, 이슈 발생 시 원인을 정리해 재발 방지 방안을 실행합니다.

초기에는 담당 업무의 프로세스와 시스템을 익히고, 이후에는 담당 영역의 지표 개선과 운영 표준화까지 주도하게 됩니다.","• 배달수행, 주문확인, 상품상태, 고객응대 및 일일 운영 현황 관리
• 업무 일정·실적·품질 지표 점검 및 보고
• 관련 시스템과 문서의 정확한 입력·관리
• 고객·협력사·유관 부서 문의 대응 및 이슈 조율
• 업무 절차 개선과 운영 리스크 사전 점검
• 주요 이슈 원인 분석 및 후속 조치 관리
• 정기 회의 자료 작성과 진행 현황 공유
• 현장 안전·보안·개인정보 보호 기준 준수","• 이륜차 또는 차량 운전이 가능한 분 관련 기본 지식 또는 실무 경험을 보유한 분
• 필수 자격·면허: 원동기장치자전거면허 보유자 또는 입사 전 취득 가능한 분
• 맡은 업무를 정확하게 기록하고 마감까지 책임질 수 있는 분
• 문서작성, 이메일, 스프레드시트 등 기본 업무도구 활용이 가능한 분
• 고객 및 유관 부서와 원활하게 소통하고 요청사항을 정리할 수 있는 분
• 예상하지 못한 상황에서도 우선순위를 판단해 대응할 수 있는 분
• 업무상 취급하는 자료와 고객 정보를 안전하게 관리할 수 있는 분
• 직무 관련 교육을 꾸준히 이수하며 전문성을 높일 분","• 배달기사 또는 유사 직무 경력 보유자
• 직무 관련 자격·면허 보유자: 원동기장치자전거면허
• 직무 관련 자격·면허 보유자: 2종 보통 운전면허
• ERP, WMS, CRM, POS 등 직무 관련 시스템 사용 경험자
• 수치와 데이터를 활용한 실적 분석 경험자
• 다양한 이해관계자와 협업해 문제를 해결한 경험자
• 외국어 또는 관련 법규·안전 기준을 활용할 수 있는 분","• 지원서 및 제출서류의 허위기재 또는 허위 제출
• 채용 과정에서 본인 확인이 불가능한 경우
• 채용검진 결과 업무 수행에 부적합하다고 판단되는 경우
• 해외여행 및 근무에 결격사유가 있는 경우
• 기타 회사 또는 기관의 인사규정상 채용이 불가능한 경우",서류전형 > 인성검사 > 실무면접 > 최종면접
680,배달기사 경력 채용,1,68,20260523,20260617,20,경력 3년 이상,기간제,대전광역시,학사 이상,"대학 산학협력단에서 주문 상품을 신속하고 정확하게 전달하는 포지션을(를) 맡을 배달기사를 모집합니다.

이번 포지션은 배달수행, 주문확인, 상품상태, 고객응대을 중심으로 운영 현장의 품질과 일정, 고객 경험을 함께 관리하는 역할입니다.

성과와 고객 만족을 함께 고려하며 실질적인 변화를 만드는 역할입니다.

유관 부서 및 외부 파트너와 업무 기준을 공유하고, 이슈 발생 시 원인을 정리해 재발 방지 방안을 실행합니다.

초기에는 담당 업무의 프로세스와 시스템을 익히고, 이후에는 담당 영역의 지표 개선과 운영 표준화까지 주도하게 됩니다.","• 배달수행, 주문확인, 상품상태, 고객응대 및 일일 운영 현황 관리
• 업무 일정·실적·품질 지표 점검 및 보고
• 관련 시스템과 문서의 정확한 입력·관리
• 고객·협력사·유관 부서 문의 대응 및 이슈 조율
• 업무 절차 개선과 운영 리스크 사전 점검
• 주요 이슈 원인 분석 및 후속 조치 관리
• 정기 회의 자료 작성과 진행 현황 공유
• 업무 매뉴얼 정비와 신규 구성원 온보딩 지원","• 이륜차 또는 차량 운전이 가능한 분 관련 기본 지식 또는 실무 경험을 보유한 분
• 필수 자격·면허: 원동기장치자전거면허 보유자 또는 입사 전 취득 가능한 분
• 맡은 업무를 정확하게 기록하고 마감까지 책임질 수 있는 분
• 문서작성, 이메일, 스프레드시트 등 기본 업무도구 활용이 가능한 분
• 고객 및 유관 부서와 원활하게 소통하고 요청사항을 정리할 수 있는 분
• 예상하지 못한 상황에서도 우선순위를 판단해 대응할 수 있는 분
• 업무상 취급하는 자료와 고객 정보를 안전하게 관리할 수 있는 분
• 교대·주말·현장 근무가 포함될 수 있는 일정에 대응 가능한 분","• 배달기사 또는 유사 직무 경력 보유자
• 직무 관련 자격·면허 보유자: 원동기장치자전거면허
• 직무 관련 자격·면허 보유자: 2종 보통 운전면허
• ERP, WMS, CRM, POS 등 직무 관련 시스템 사용 경험자
• 수치와 데이터를 활용한 실적 분석 경험자
• 다양한 이해관계자와 협업해 문제를 해결한 경험자
• 신규 프로세스 구축이나 업무 자동화 경험자","• 지원서 및 제출서류의 허위기재 또는 허위 제출
• 채용 과정에서 본인 확인이 불가능한 경우
• 채용검진 결과 업무 수행에 부적합하다고 판단되는 경우
• 해외여행 및 근무에 결격사유가 있는 경우
• 기타 회사 또는 기관의 인사규정상 채용이 불가능한 경우",서류전형 > 직무과제 > 실무면접 > 최종합격
681,수행·운전기사 서비스 담당,40,69,20260609,20260711,11,경력 무관,정규직,경기도,박사 이상,"기업 부설 연구소에서 임원 및 주요 일정의 안전한 이동을 지원하는 포지션을(를) 맡을 수행·운전기사를 모집합니다.

이번 포지션은 운행계획, 차량관리, 의전, 대기, 운행기록을 중심으로 운영 현장의 품질과 일정, 고객 경험을 함께 관리하는 역할입니다.

정확한 실행력과 협업을 바탕으로 안정적인 운영을 함께 만들어 갈 분을 찾습니다.

유관 부서 및 외부 파트너와 업무 기준을 공유하고, 이슈 발생 시 원인을 정리해 재발 방지 방안을 실행합니다.

초기에는 담당 업무의 프로세스와 시스템을 익히고, 이후에는 담당 영역의 지표 개선과 운영 표준화까지 주도하게 됩니다.","• 운행계획, 차량관리, 의전, 대기, 운행기록 및 일일 운영 현황 관리
• 업무 일정·실적·품질 지표 점검 및 보고
• 관련 시스템과 문서의 정확한 입력·관리
• 고객·협력사·유관 부서 문의 대응 및 이슈 조율
• 업무 절차 개선과 운영 리스크 사전 점검
• 주요 이슈 원인 분석 및 후속 조치 관리
• 정기 회의 자료 작성과 진행 현황 공유
• 현장 안전·보안·개인정보 보호 기준 준수","• 운전경력과 안전운전 역량 관련 기본 지식 또는 실무 경험을 보유한 분
• 필수 자격·면허: 1종 보통 운전면허 보유자 또는 입사 전 취득 가능한 분
• 맡은 업무를 정확하게 기록하고 마감까지 책임질 수 있는 분
• 문서작성, 이메일, 스프레드시트 등 기본 업무도구 활용이 가능한 분
• 고객 및 유관 부서와 원활하게 소통하고 요청사항을 정리할 수 있는 분
• 예상하지 못한 상황에서도 우선순위를 판단해 대응할 수 있는 분
• 업무상 취급하는 자료와 고객 정보를 안전하게 관리할 수 있는 분
• 직무 관련 교육을 꾸준히 이수하며 전문성을 높일 분","• 수행·운전기사 또는 유사 직무 경력 보유자
• 직무 관련 자격·면허 보유자: 1종 보통 운전면허
• 직무 관련 자격·면허 보유자: 운전적성정밀검사 적합
• ERP, WMS, CRM, POS 등 직무 관련 시스템 사용 경험자
• 수치와 데이터를 활용한 실적 분석 경험자
• 다양한 이해관계자와 협업해 문제를 해결한 경험자
• 외국어 또는 관련 법규·안전 기준을 활용할 수 있는 분","• 지원서 및 제출서류의 허위기재 또는 허위 제출
• 채용 과정에서 본인 확인이 불가능한 경우
• 채용검진 결과 업무 수행에 부적합하다고 판단되는 경우
• 해외여행 및 근무에 결격사유가 있는 경우
• 기타 회사 또는 기관의 인사규정상 채용이 불가능한 경우",서류전형 > 필기전형 > 면접전형 > 최종합격
682,수행·운전기사 담당자,45,69,20260626,20260804,2,신입,계약직,충청남도,학력무관,"전문 협회에서 임원 및 주요 일정의 안전한 이동을 지원하는 포지션을(를) 맡을 수행·운전기사를 모집합니다.

이번 포지션은 운행계획, 차량관리, 의전, 대기, 운행기록을 중심으로 운영 현장의 품질과 일정, 고객 경험을 함께 관리하는 역할입니다.

현장과 유관 부서의 요구를 연결하며 업무 품질을 높이는 역할입니다.

유관 부서 및 외부 파트너와 업무 기준을 공유하고, 이슈 발생 시 원인을 정리해 재발 방지 방안을 실행합니다.

초기에는 담당 업무의 프로세스와 시스템을 익히고, 이후에는 담당 영역의 지표 개선과 운영 표준화까지 주도하게 됩니다.","• 운행계획, 차량관리, 의전, 대기, 운행기록 및 일일 운영 현황 관리
• 업무 일정·실적·품질 지표 점검 및 보고
• 관련 시스템과 문서의 정확한 입력·관리
• 고객·협력사·유관 부서 문의 대응 및 이슈 조율
• 업무 절차 개선과 운영 리스크 사전 점검
• 주요 이슈 원인 분석 및 후속 조치 관리
• 정기 회의 자료 작성과 진행 현황 공유
• 업무 매뉴얼 정비와 신규 구성원 온보딩 지원","• 운전경력과 안전운전 역량 관련 기본 지식 또는 실무 경험을 보유한 분
• 필수 자격·면허: 1종 보통 운전면허 보유자 또는 입사 전 취득 가능한 분
• 맡은 업무를 정확하게 기록하고 마감까지 책임질 수 있는 분
• 문서작성, 이메일, 스프레드시트 등 기본 업무도구 활용이 가능한 분
• 고객 및 유관 부서와 원활하게 소통하고 요청사항을 정리할 수 있는 분
• 예상하지 못한 상황에서도 우선순위를 판단해 대응할 수 있는 분
• 업무상 취급하는 자료와 고객 정보를 안전하게 관리할 수 있는 분
• 직무 관련 교육을 꾸준히 이수하며 전문성을 높일 분","• 수행·운전기사 또는 유사 직무 경력 보유자
• 직무 관련 자격·면허 보유자: 1종 보통 운전면허
• 직무 관련 자격·면허 보유자: 운전적성정밀검사 적합
• ERP, WMS, CRM, POS 등 직무 관련 시스템 사용 경험자
• 수치와 데이터를 활용한 실적 분석 경험자
• 다양한 이해관계자와 협업해 문제를 해결한 경험자
• 신규 프로세스 구축이나 업무 자동화 경험자","• 지원서 및 제출서류의 허위기재 또는 허위 제출
• 채용 과정에서 본인 확인이 불가능한 경우
• 채용검진 결과 업무 수행에 부적합하다고 판단되는 경우
• 해외여행 및 근무에 결격사유가 있는 경우
• 기타 회사 또는 기관의 인사규정상 채용이 불가능한 경우",서류전형 > 실무면접 > 최종면접
683,수행·운전기사 실무자,155,69,20260713,20260723,13,경력,무기계약직,경상북도,전문학사 이상,"공공서비스 운영기관에서 임원 및 주요 일정의 안전한 이동을 지원하는 포지션을(를) 맡을 수행·운전기사를 모집합니다.

이번 포지션은 운행계획, 차량관리, 의전, 대기, 운행기록을 중심으로 운영 현장의 품질과 일정, 고객 경험을 함께 관리하는 역할입니다.

업무 기준을 준수하면서도 개선점을 주도적으로 제안할 수 있는 분을 기다립니다.

유관 부서 및 외부 파트너와 업무 기준을 공유하고, 이슈 발생 시 원인을 정리해 재발 방지 방안을 실행합니다.

초기에는 담당 업무의 프로세스와 시스템을 익히고, 이후에는 담당 영역의 지표 개선과 운영 표준화까지 주도하게 됩니다.","• 운행계획, 차량관리, 의전, 대기, 운행기록 및 일일 운영 현황 관리
• 업무 일정·실적·품질 지표 점검 및 보고
• 관련 시스템과 문서의 정확한 입력·관리
• 고객·협력사·유관 부서 문의 대응 및 이슈 조율
• 업무 절차 개선과 운영 리스크 사전 점검
• 주요 이슈 원인 분석 및 후속 조치 관리
• 정기 회의 자료 작성과 진행 현황 공유
• 현장 안전·보안·개인정보 보호 기준 준수","• 운전경력과 안전운전 역량 관련 기본 지식 또는 실무 경험을 보유한 분
• 필수 자격·면허: 1종 보통 운전면허 보유자 또는 입사 전 취득 가능한 분
• 맡은 업무를 정확하게 기록하고 마감까지 책임질 수 있는 분
• 문서작성, 이메일, 스프레드시트 등 기본 업무도구 활용이 가능한 분
• 고객 및 유관 부서와 원활하게 소통하고 요청사항을 정리할 수 있는 분
• 예상하지 못한 상황에서도 우선순위를 판단해 대응할 수 있는 분
• 업무상 취급하는 자료와 고객 정보를 안전하게 관리할 수 있는 분
• 교대·주말·현장 근무가 포함될 수 있는 일정에 대응 가능한 분","• 수행·운전기사 또는 유사 직무 경력 보유자
• 직무 관련 자격·면허 보유자: 1종 보통 운전면허
• 직무 관련 자격·면허 보유자: 운전적성정밀검사 적합
• ERP, WMS, CRM, POS 등 직무 관련 시스템 사용 경험자
• 수치와 데이터를 활용한 실적 분석 경험자
• 다양한 이해관계자와 협업해 문제를 해결한 경험자
• 외국어 또는 관련 법규·안전 기준을 활용할 수 있는 분","• 지원서 및 제출서류의 허위기재 또는 허위 제출
• 채용 과정에서 본인 확인이 불가능한 경우
• 채용검진 결과 업무 수행에 부적합하다고 판단되는 경우
• 해외여행 및 근무에 결격사유가 있는 경우
• 기타 회사 또는 기관의 인사규정상 채용이 불가능한 경우",서류전형 > 인성검사 > 실무면접 > 최종면접
684,수행·운전기사 운영 매니저,140,69,20260730,20260816,4,신입·경력,기간제,서울특별시,학사 이상,"대기업 사업부에서 임원 및 주요 일정의 안전한 이동을 지원하는 포지션을(를) 맡을 수행·운전기사를 모집합니다.

이번 포지션은 운행계획, 차량관리, 의전, 대기, 운행기록을 중심으로 운영 현장의 품질과 일정, 고객 경험을 함께 관리하는 역할입니다.

고객과 동료에게 신뢰를 주는 태도로 맡은 업무를 끝까지 책임지는 포지션입니다.

유관 부서 및 외부 파트너와 업무 기준을 공유하고, 이슈 발생 시 원인을 정리해 재발 방지 방안을 실행합니다.

초기에는 담당 업무의 프로세스와 시스템을 익히고, 이후에는 담당 영역의 지표 개선과 운영 표준화까지 주도하게 됩니다.","• 운행계획, 차량관리, 의전, 대기, 운행기록 및 일일 운영 현황 관리
• 업무 일정·실적·품질 지표 점검 및 보고
• 관련 시스템과 문서의 정확한 입력·관리
• 고객·협력사·유관 부서 문의 대응 및 이슈 조율
• 업무 절차 개선과 운영 리스크 사전 점검
• 주요 이슈 원인 분석 및 후속 조치 관리
• 정기 회의 자료 작성과 진행 현황 공유
• 업무 매뉴얼 정비와 신규 구성원 온보딩 지원","• 운전경력과 안전운전 역량 관련 기본 지식 또는 실무 경험을 보유한 분
• 필수 자격·면허: 1종 보통 운전면허 보유자 또는 입사 전 취득 가능한 분
• 맡은 업무를 정확하게 기록하고 마감까지 책임질 수 있는 분
• 문서작성, 이메일, 스프레드시트 등 기본 업무도구 활용이 가능한 분
• 고객 및 유관 부서와 원활하게 소통하고 요청사항을 정리할 수 있는 분
• 예상하지 못한 상황에서도 우선순위를 판단해 대응할 수 있는 분
• 업무상 취급하는 자료와 고객 정보를 안전하게 관리할 수 있는 분
• 직무 관련 교육을 꾸준히 이수하며 전문성을 높일 분","• 수행·운전기사 또는 유사 직무 경력 보유자
• 직무 관련 자격·면허 보유자: 1종 보통 운전면허
• 직무 관련 자격·면허 보유자: 운전적성정밀검사 적합
• ERP, WMS, CRM, POS 등 직무 관련 시스템 사용 경험자
• 수치와 데이터를 활용한 실적 분석 경험자
• 다양한 이해관계자와 협업해 문제를 해결한 경험자
• 신규 프로세스 구축이나 업무 자동화 경험자","• 지원서 및 제출서류의 허위기재 또는 허위 제출
• 채용 과정에서 본인 확인이 불가능한 경우
• 채용검진 결과 업무 수행에 부적합하다고 판단되는 경우
• 해외여행 및 근무에 결격사유가 있는 경우
• 기타 회사 또는 기관의 인사규정상 채용이 불가능한 경우",서류전형 > 직무과제 > 실무면접 > 최종합격
685,수행·운전기사 전문 인력,130,69,20260816,20260909,15,경력 2년 이상,정규직,대전광역시,석사 이상,"중견 제조기업에서 임원 및 주요 일정의 안전한 이동을 지원하는 포지션을(를) 맡을 수행·운전기사를 모집합니다.

이번 포지션은 운행계획, 차량관리, 의전, 대기, 운행기록을 중심으로 운영 현장의 품질과 일정, 고객 경험을 함께 관리하는 역할입니다.

데이터와 현장 감각을 함께 활용해 반복 업무를 효율화하는 역할입니다.

유관 부서 및 외부 파트너와 업무 기준을 공유하고, 이슈 발생 시 원인을 정리해 재발 방지 방안을 실행합니다.

초기에는 담당 업무의 프로세스와 시스템을 익히고, 이후에는 담당 영역의 지표 개선과 운영 표준화까지 주도하게 됩니다.","• 운행계획, 차량관리, 의전, 대기, 운행기록 및 일일 운영 현황 관리
• 업무 일정·실적·품질 지표 점검 및 보고
• 관련 시스템과 문서의 정확한 입력·관리
• 고객·협력사·유관 부서 문의 대응 및 이슈 조율
• 업무 절차 개선과 운영 리스크 사전 점검
• 주요 이슈 원인 분석 및 후속 조치 관리
• 정기 회의 자료 작성과 진행 현황 공유
• 현장 안전·보안·개인정보 보호 기준 준수","• 운전경력과 안전운전 역량 관련 기본 지식 또는 실무 경험을 보유한 분
• 필수 자격·면허: 1종 보통 운전면허 보유자 또는 입사 전 취득 가능한 분
• 맡은 업무를 정확하게 기록하고 마감까지 책임질 수 있는 분
• 문서작성, 이메일, 스프레드시트 등 기본 업무도구 활용이 가능한 분
• 고객 및 유관 부서와 원활하게 소통하고 요청사항을 정리할 수 있는 분
• 예상하지 못한 상황에서도 우선순위를 판단해 대응할 수 있는 분
• 업무상 취급하는 자료와 고객 정보를 안전하게 관리할 수 있는 분
• 직무 관련 교육을 꾸준히 이수하며 전문성을 높일 분","• 수행·운전기사 또는 유사 직무 경력 보유자
• 직무 관련 자격·면허 보유자: 1종 보통 운전면허
• 직무 관련 자격·면허 보유자: 운전적성정밀검사 적합
• ERP, WMS, CRM, POS 등 직무 관련 시스템 사용 경험자
• 수치와 데이터를 활용한 실적 분석 경험자
• 다양한 이해관계자와 협업해 문제를 해결한 경험자
• 외국어 또는 관련 법규·안전 기준을 활용할 수 있는 분","• 지원서 및 제출서류의 허위기재 또는 허위 제출
• 채용 과정에서 본인 확인이 불가능한 경우
• 채용검진 결과 업무 수행에 부적합하다고 판단되는 경우
• 해외여행 및 근무에 결격사유가 있는 경우
• 기타 회사 또는 기관의 인사규정상 채용이 불가능한 경우",서류전형 > 1차면접 > 2차면접 > 채용검진
686,수행·운전기사 경력 채용,42,69,20260902,20261003,6,경력 3년 이상,계약직,세종특별자치시,박사 이상,"전문 중소기업에서 임원 및 주요 일정의 안전한 이동을 지원하는 포지션을(를) 맡을 수행·운전기사를 모집합니다.

이번 포지션은 운행계획, 차량관리, 의전, 대기, 운행기록을 중심으로 운영 현장의 품질과 일정, 고객 경험을 함께 관리하는 역할입니다.

정해진 절차를 지키되 상황에 맞게 유연하게 대응하는 실무자를 모집합니다.

유관 부서 및 외부 파트너와 업무 기준을 공유하고, 이슈 발생 시 원인을 정리해 재발 방지 방안을 실행합니다.

초기에는 담당 업무의 프로세스와 시스템을 익히고, 이후에는 담당 영역의 지표 개선과 운영 표준화까지 주도하게 됩니다.","• 운행계획, 차량관리, 의전, 대기, 운행기록 및 일일 운영 현황 관리
• 업무 일정·실적·품질 지표 점검 및 보고
• 관련 시스템과 문서의 정확한 입력·관리
• 고객·협력사·유관 부서 문의 대응 및 이슈 조율
• 업무 절차 개선과 운영 리스크 사전 점검
• 주요 이슈 원인 분석 및 후속 조치 관리
• 정기 회의 자료 작성과 진행 현황 공유
• 업무 매뉴얼 정비와 신규 구성원 온보딩 지원","• 운전경력과 안전운전 역량 관련 기본 지식 또는 실무 경험을 보유한 분
• 필수 자격·면허: 1종 보통 운전면허 보유자 또는 입사 전 취득 가능한 분
• 맡은 업무를 정확하게 기록하고 마감까지 책임질 수 있는 분
• 문서작성, 이메일, 스프레드시트 등 기본 업무도구 활용이 가능한 분
• 고객 및 유관 부서와 원활하게 소통하고 요청사항을 정리할 수 있는 분
• 예상하지 못한 상황에서도 우선순위를 판단해 대응할 수 있는 분
• 업무상 취급하는 자료와 고객 정보를 안전하게 관리할 수 있는 분
• 교대·주말·현장 근무가 포함될 수 있는 일정에 대응 가능한 분","• 수행·운전기사 또는 유사 직무 경력 보유자
• 직무 관련 자격·면허 보유자: 1종 보통 운전면허
• 직무 관련 자격·면허 보유자: 운전적성정밀검사 적합
• ERP, WMS, CRM, POS 등 직무 관련 시스템 사용 경험자
• 수치와 데이터를 활용한 실적 분석 경험자
• 다양한 이해관계자와 협업해 문제를 해결한 경험자
• 신규 프로세스 구축이나 업무 자동화 경험자","• 지원서 및 제출서류의 허위기재 또는 허위 제출
• 채용 과정에서 본인 확인이 불가능한 경우
• 채용검진 결과 업무 수행에 부적합하다고 판단되는 경우
• 해외여행 및 근무에 결격사유가 있는 경우
• 기타 회사 또는 기관의 인사규정상 채용이 불가능한 경우",서류전형 > 필기전형 > 면접전형 > 최종합격
687,수행·운전기사 현장 책임자,102,69,20260919,20261027,17,경력 5년 이상,무기계약직,충청북도,학력무관,"성장 단계 스타트업에서 임원 및 주요 일정의 안전한 이동을 지원하는 포지션을(를) 맡을 수행·운전기사를 모집합니다.

이번 포지션은 운행계획, 차량관리, 의전, 대기, 운행기록을 중심으로 운영 현장의 품질과 일정, 고객 경험을 함께 관리하는 역할입니다.

부서 간 원활한 소통으로 일정과 품질을 안정적으로 관리하는 직무입니다.

유관 부서 및 외부 파트너와 업무 기준을 공유하고, 이슈 발생 시 원인을 정리해 재발 방지 방안을 실행합니다.

초기에는 담당 업무의 프로세스와 시스템을 익히고, 이후에는 담당 영역의 지표 개선과 운영 표준화까지 주도하게 됩니다.","• 운행계획, 차량관리, 의전, 대기, 운행기록 및 일일 운영 현황 관리
• 업무 일정·실적·품질 지표 점검 및 보고
• 관련 시스템과 문서의 정확한 입력·관리
• 고객·협력사·유관 부서 문의 대응 및 이슈 조율
• 업무 절차 개선과 운영 리스크 사전 점검
• 주요 이슈 원인 분석 및 후속 조치 관리
• 정기 회의 자료 작성과 진행 현황 공유
• 현장 안전·보안·개인정보 보호 기준 준수","• 운전경력과 안전운전 역량 관련 기본 지식 또는 실무 경험을 보유한 분
• 필수 자격·면허: 1종 보통 운전면허 보유자 또는 입사 전 취득 가능한 분
• 맡은 업무를 정확하게 기록하고 마감까지 책임질 수 있는 분
• 문서작성, 이메일, 스프레드시트 등 기본 업무도구 활용이 가능한 분
• 고객 및 유관 부서와 원활하게 소통하고 요청사항을 정리할 수 있는 분
• 예상하지 못한 상황에서도 우선순위를 판단해 대응할 수 있는 분
• 업무상 취급하는 자료와 고객 정보를 안전하게 관리할 수 있는 분
• 직무 관련 교육을 꾸준히 이수하며 전문성을 높일 분","• 수행·운전기사 또는 유사 직무 경력 보유자
• 직무 관련 자격·면허 보유자: 1종 보통 운전면허
• 직무 관련 자격·면허 보유자: 운전적성정밀검사 적합
• ERP, WMS, CRM, POS 등 직무 관련 시스템 사용 경험자
• 수치와 데이터를 활용한 실적 분석 경험자
• 다양한 이해관계자와 협업해 문제를 해결한 경험자
• 외국어 또는 관련 법규·안전 기준을 활용할 수 있는 분","• 지원서 및 제출서류의 허위기재 또는 허위 제출
• 채용 과정에서 본인 확인이 불가능한 경우
• 채용검진 결과 업무 수행에 부적합하다고 판단되는 경우
• 해외여행 및 근무에 결격사유가 있는 경우
• 기타 회사 또는 기관의 인사규정상 채용이 불가능한 경우",서류전형 > 실무면접 > 최종면접
688,수행·운전기사 서비스 담당,82,69,20261006,20261120,8,경력 무관,기간제,전라남도,전문학사 이상,"종합병원 운영조직에서 임원 및 주요 일정의 안전한 이동을 지원하는 포지션을(를) 맡을 수행·운전기사를 모집합니다.

이번 포지션은 운행계획, 차량관리, 의전, 대기, 운행기록을 중심으로 운영 현장의 품질과 일정, 고객 경험을 함께 관리하는 역할입니다.

서비스 품질과 안전을 우선하며 꾸준히 전문성을 쌓을 수 있는 포지션입니다.

유관 부서 및 외부 파트너와 업무 기준을 공유하고, 이슈 발생 시 원인을 정리해 재발 방지 방안을 실행합니다.

초기에는 담당 업무의 프로세스와 시스템을 익히고, 이후에는 담당 영역의 지표 개선과 운영 표준화까지 주도하게 됩니다.","• 운행계획, 차량관리, 의전, 대기, 운행기록 및 일일 운영 현황 관리
• 업무 일정·실적·품질 지표 점검 및 보고
• 관련 시스템과 문서의 정확한 입력·관리
• 고객·협력사·유관 부서 문의 대응 및 이슈 조율
• 업무 절차 개선과 운영 리스크 사전 점검
• 주요 이슈 원인 분석 및 후속 조치 관리
• 정기 회의 자료 작성과 진행 현황 공유
• 업무 매뉴얼 정비와 신규 구성원 온보딩 지원","• 운전경력과 안전운전 역량 관련 기본 지식 또는 실무 경험을 보유한 분
• 필수 자격·면허: 1종 보통 운전면허 보유자 또는 입사 전 취득 가능한 분
• 맡은 업무를 정확하게 기록하고 마감까지 책임질 수 있는 분
• 문서작성, 이메일, 스프레드시트 등 기본 업무도구 활용이 가능한 분
• 고객 및 유관 부서와 원활하게 소통하고 요청사항을 정리할 수 있는 분
• 예상하지 못한 상황에서도 우선순위를 판단해 대응할 수 있는 분
• 업무상 취급하는 자료와 고객 정보를 안전하게 관리할 수 있는 분
• 직무 관련 교육을 꾸준히 이수하며 전문성을 높일 분","• 수행·운전기사 또는 유사 직무 경력 보유자
• 직무 관련 자격·면허 보유자: 1종 보통 운전면허
• 직무 관련 자격·면허 보유자: 운전적성정밀검사 적합
• ERP, WMS, CRM, POS 등 직무 관련 시스템 사용 경험자
• 수치와 데이터를 활용한 실적 분석 경험자
• 다양한 이해관계자와 협업해 문제를 해결한 경험자
• 신규 프로세스 구축이나 업무 자동화 경험자","• 지원서 및 제출서류의 허위기재 또는 허위 제출
• 채용 과정에서 본인 확인이 불가능한 경우
• 채용검진 결과 업무 수행에 부적합하다고 판단되는 경우
• 해외여행 및 근무에 결격사유가 있는 경우
• 기타 회사 또는 기관의 인사규정상 채용이 불가능한 경우",서류전형 > 인성검사 > 실무면접 > 최종면접
689,수행·운전기사 담당자,7,69,20261023,20261108,19,신입,정규직,제주특별자치도,학사 이상,"대학 산학협력단에서 임원 및 주요 일정의 안전한 이동을 지원하는 포지션을(를) 맡을 수행·운전기사를 모집합니다.

이번 포지션은 운행계획, 차량관리, 의전, 대기, 운행기록을 중심으로 운영 현장의 품질과 일정, 고객 경험을 함께 관리하는 역할입니다.

기본기를 바탕으로 새로운 업무를 빠르게 익히고 실행할 분을 모십니다.

유관 부서 및 외부 파트너와 업무 기준을 공유하고, 이슈 발생 시 원인을 정리해 재발 방지 방안을 실행합니다.

초기에는 담당 업무의 프로세스와 시스템을 익히고, 이후에는 담당 영역의 지표 개선과 운영 표준화까지 주도하게 됩니다.","• 운행계획, 차량관리, 의전, 대기, 운행기록 및 일일 운영 현황 관리
• 업무 일정·실적·품질 지표 점검 및 보고
• 관련 시스템과 문서의 정확한 입력·관리
• 고객·협력사·유관 부서 문의 대응 및 이슈 조율
• 업무 절차 개선과 운영 리스크 사전 점검
• 주요 이슈 원인 분석 및 후속 조치 관리
• 정기 회의 자료 작성과 진행 현황 공유
• 현장 안전·보안·개인정보 보호 기준 준수","• 운전경력과 안전운전 역량 관련 기본 지식 또는 실무 경험을 보유한 분
• 필수 자격·면허: 1종 보통 운전면허 보유자 또는 입사 전 취득 가능한 분
• 맡은 업무를 정확하게 기록하고 마감까지 책임질 수 있는 분
• 문서작성, 이메일, 스프레드시트 등 기본 업무도구 활용이 가능한 분
• 고객 및 유관 부서와 원활하게 소통하고 요청사항을 정리할 수 있는 분
• 예상하지 못한 상황에서도 우선순위를 판단해 대응할 수 있는 분
• 업무상 취급하는 자료와 고객 정보를 안전하게 관리할 수 있는 분
• 교대·주말·현장 근무가 포함될 수 있는 일정에 대응 가능한 분","• 수행·운전기사 또는 유사 직무 경력 보유자
• 직무 관련 자격·면허 보유자: 1종 보통 운전면허
• 직무 관련 자격·면허 보유자: 운전적성정밀검사 적합
• ERP, WMS, CRM, POS 등 직무 관련 시스템 사용 경험자
• 수치와 데이터를 활용한 실적 분석 경험자
• 다양한 이해관계자와 협업해 문제를 해결한 경험자
• 외국어 또는 관련 법규·안전 기준을 활용할 수 있는 분","• 지원서 및 제출서류의 허위기재 또는 허위 제출
• 채용 과정에서 본인 확인이 불가능한 경우
• 채용검진 결과 업무 수행에 부적합하다고 판단되는 경우
• 해외여행 및 근무에 결격사유가 있는 경우
• 기타 회사 또는 기관의 인사규정상 채용이 불가능한 경우",서류전형 > 직무과제 > 실무면접 > 최종합격
690,수행·운전기사 실무자,18,69,20261109,20261202,10,경력,계약직,인천광역시,석사 이상,"기업 부설 연구소에서 임원 및 주요 일정의 안전한 이동을 지원하는 포지션을(를) 맡을 수행·운전기사를 모집합니다.

이번 포지션은 운행계획, 차량관리, 의전, 대기, 운행기록을 중심으로 운영 현장의 품질과 일정, 고객 경험을 함께 관리하는 역할입니다.

성과와 고객 만족을 함께 고려하며 실질적인 변화를 만드는 역할입니다.

유관 부서 및 외부 파트너와 업무 기준을 공유하고, 이슈 발생 시 원인을 정리해 재발 방지 방안을 실행합니다.

초기에는 담당 업무의 프로세스와 시스템을 익히고, 이후에는 담당 영역의 지표 개선과 운영 표준화까지 주도하게 됩니다.","• 운행계획, 차량관리, 의전, 대기, 운행기록 및 일일 운영 현황 관리
• 업무 일정·실적·품질 지표 점검 및 보고
• 관련 시스템과 문서의 정확한 입력·관리
• 고객·협력사·유관 부서 문의 대응 및 이슈 조율
• 업무 절차 개선과 운영 리스크 사전 점검
• 주요 이슈 원인 분석 및 후속 조치 관리
• 정기 회의 자료 작성과 진행 현황 공유
• 업무 매뉴얼 정비와 신규 구성원 온보딩 지원","• 운전경력과 안전운전 역량 관련 기본 지식 또는 실무 경험을 보유한 분
• 필수 자격·면허: 1종 보통 운전면허 보유자 또는 입사 전 취득 가능한 분
• 맡은 업무를 정확하게 기록하고 마감까지 책임질 수 있는 분
• 문서작성, 이메일, 스프레드시트 등 기본 업무도구 활용이 가능한 분
• 고객 및 유관 부서와 원활하게 소통하고 요청사항을 정리할 수 있는 분
• 예상하지 못한 상황에서도 우선순위를 판단해 대응할 수 있는 분
• 업무상 취급하는 자료와 고객 정보를 안전하게 관리할 수 있는 분
• 직무 관련 교육을 꾸준히 이수하며 전문성을 높일 분","• 수행·운전기사 또는 유사 직무 경력 보유자
• 직무 관련 자격·면허 보유자: 1종 보통 운전면허
• 직무 관련 자격·면허 보유자: 운전적성정밀검사 적합
• ERP, WMS, CRM, POS 등 직무 관련 시스템 사용 경험자
• 수치와 데이터를 활용한 실적 분석 경험자
• 다양한 이해관계자와 협업해 문제를 해결한 경험자
• 신규 프로세스 구축이나 업무 자동화 경험자","• 지원서 및 제출서류의 허위기재 또는 허위 제출
• 채용 과정에서 본인 확인이 불가능한 경우
• 채용검진 결과 업무 수행에 부적합하다고 판단되는 경우
• 해외여행 및 근무에 결격사유가 있는 경우
• 기타 회사 또는 기관의 인사규정상 채용이 불가능한 경우",서류전형 > 1차면접 > 2차면접 > 채용검진
691,화물·중장비기사 전문 인력,92,70,20261126,20261226,1,경력 2년 이상,무기계약직,세종특별자치시,학력무관,"전문 협회에서 화물 운송 또는 중장비 운용 현장을 담당하는 포지션을(를) 맡을 화물·중장비기사를 모집합니다.

이번 포지션은 장비운전, 화물적재, 작업 전 점검, 현장 안전을 중심으로 운영 현장의 품질과 일정, 고객 경험을 함께 관리하는 역할입니다.

정확한 실행력과 협업을 바탕으로 안정적인 운영을 함께 만들어 갈 분을 찾습니다.

유관 부서 및 외부 파트너와 업무 기준을 공유하고, 이슈 발생 시 원인을 정리해 재발 방지 방안을 실행합니다.

초기에는 담당 업무의 프로세스와 시스템을 익히고, 이후에는 담당 영역의 지표 개선과 운영 표준화까지 주도하게 됩니다.","• 장비운전, 화물적재, 작업 전 점검, 현장 안전 및 일일 운영 현황 관리
• 업무 일정·실적·품질 지표 점검 및 보고
• 관련 시스템과 문서의 정확한 입력·관리
• 고객·협력사·유관 부서 문의 대응 및 이슈 조율
• 업무 절차 개선과 운영 리스크 사전 점검
• 주요 이슈 원인 분석 및 후속 조치 관리
• 정기 회의 자료 작성과 진행 현황 공유
• 현장 안전·보안·개인정보 보호 기준 준수","• 관련 운전면허 및 장비 자격 관련 기본 지식 또는 실무 경험을 보유한 분
• 필수 자격·면허: 화물운송종사자격 보유자 또는 입사 전 취득 가능한 분
• 맡은 업무를 정확하게 기록하고 마감까지 책임질 수 있는 분
• 문서작성, 이메일, 스프레드시트 등 기본 업무도구 활용이 가능한 분
• 고객 및 유관 부서와 원활하게 소통하고 요청사항을 정리할 수 있는 분
• 예상하지 못한 상황에서도 우선순위를 판단해 대응할 수 있는 분
• 업무상 취급하는 자료와 고객 정보를 안전하게 관리할 수 있는 분
• 직무 관련 교육을 꾸준히 이수하며 전문성을 높일 분","• 화물·중장비기사 또는 유사 직무 경력 보유자
• 직무 관련 자격·면허 보유자: 화물운송종사자격
• 직무 관련 자격·면허 보유자: 건설기계조종사면허
• ERP, WMS, CRM, POS 등 직무 관련 시스템 사용 경험자
• 수치와 데이터를 활용한 실적 분석 경험자
• 다양한 이해관계자와 협업해 문제를 해결한 경험자
• 외국어 또는 관련 법규·안전 기준을 활용할 수 있는 분","• 지원서 및 제출서류의 허위기재 또는 허위 제출
• 채용 과정에서 본인 확인이 불가능한 경우
• 채용검진 결과 업무 수행에 부적합하다고 판단되는 경우
• 해외여행 및 근무에 결격사유가 있는 경우
• 기타 회사 또는 기관의 인사규정상 채용이 불가능한 경우",서류전형 > 실무면접 > 최종면접
692,화물·중장비기사 경력 채용,150,70,20261213,20270119,12,경력 3년 이상,기간제,충청북도,전문학사 이상,"공공서비스 운영기관에서 화물 운송 또는 중장비 운용 현장을 담당하는 포지션을(를) 맡을 화물·중장비기사를 모집합니다.

이번 포지션은 장비운전, 화물적재, 작업 전 점검, 현장 안전을 중심으로 운영 현장의 품질과 일정, 고객 경험을 함께 관리하는 역할입니다.

현장과 유관 부서의 요구를 연결하며 업무 품질을 높이는 역할입니다.

유관 부서 및 외부 파트너와 업무 기준을 공유하고, 이슈 발생 시 원인을 정리해 재발 방지 방안을 실행합니다.

초기에는 담당 업무의 프로세스와 시스템을 익히고, 이후에는 담당 영역의 지표 개선과 운영 표준화까지 주도하게 됩니다.","• 장비운전, 화물적재, 작업 전 점검, 현장 안전 및 일일 운영 현황 관리
• 업무 일정·실적·품질 지표 점검 및 보고
• 관련 시스템과 문서의 정확한 입력·관리
• 고객·협력사·유관 부서 문의 대응 및 이슈 조율
• 업무 절차 개선과 운영 리스크 사전 점검
• 주요 이슈 원인 분석 및 후속 조치 관리
• 정기 회의 자료 작성과 진행 현황 공유
• 업무 매뉴얼 정비와 신규 구성원 온보딩 지원","• 관련 운전면허 및 장비 자격 관련 기본 지식 또는 실무 경험을 보유한 분
• 필수 자격·면허: 화물운송종사자격 보유자 또는 입사 전 취득 가능한 분
• 맡은 업무를 정확하게 기록하고 마감까지 책임질 수 있는 분
• 문서작성, 이메일, 스프레드시트 등 기본 업무도구 활용이 가능한 분
• 고객 및 유관 부서와 원활하게 소통하고 요청사항을 정리할 수 있는 분
• 예상하지 못한 상황에서도 우선순위를 판단해 대응할 수 있는 분
• 업무상 취급하는 자료와 고객 정보를 안전하게 관리할 수 있는 분
• 교대·주말·현장 근무가 포함될 수 있는 일정에 대응 가능한 분","• 화물·중장비기사 또는 유사 직무 경력 보유자
• 직무 관련 자격·면허 보유자: 화물운송종사자격
• 직무 관련 자격·면허 보유자: 건설기계조종사면허
• ERP, WMS, CRM, POS 등 직무 관련 시스템 사용 경험자
• 수치와 데이터를 활용한 실적 분석 경험자
• 다양한 이해관계자와 협업해 문제를 해결한 경험자
• 신규 프로세스 구축이나 업무 자동화 경험자","• 지원서 및 제출서류의 허위기재 또는 허위 제출
• 채용 과정에서 본인 확인이 불가능한 경우
• 채용검진 결과 업무 수행에 부적합하다고 판단되는 경우
• 해외여행 및 근무에 결격사유가 있는 경우
• 기타 회사 또는 기관의 인사규정상 채용이 불가능한 경우",서류전형 > 인성검사 > 실무면접 > 최종면접
693,화물·중장비기사 현장 책임자,97,70,20260119,20260304,3,경력 5년 이상,정규직,전라남도,학사 이상,"대기업 사업부에서 화물 운송 또는 중장비 운용 현장을 담당하는 포지션을(를) 맡을 화물·중장비기사를 모집합니다.

이번 포지션은 장비운전, 화물적재, 작업 전 점검, 현장 안전을 중심으로 운영 현장의 품질과 일정, 고객 경험을 함께 관리하는 역할입니다.

업무 기준을 준수하면서도 개선점을 주도적으로 제안할 수 있는 분을 기다립니다.

유관 부서 및 외부 파트너와 업무 기준을 공유하고, 이슈 발생 시 원인을 정리해 재발 방지 방안을 실행합니다.

초기에는 담당 업무의 프로세스와 시스템을 익히고, 이후에는 담당 영역의 지표 개선과 운영 표준화까지 주도하게 됩니다.","• 장비운전, 화물적재, 작업 전 점검, 현장 안전 및 일일 운영 현황 관리
• 업무 일정·실적·품질 지표 점검 및 보고
• 관련 시스템과 문서의 정확한 입력·관리
• 고객·협력사·유관 부서 문의 대응 및 이슈 조율
• 업무 절차 개선과 운영 리스크 사전 점검
• 주요 이슈 원인 분석 및 후속 조치 관리
• 정기 회의 자료 작성과 진행 현황 공유
• 현장 안전·보안·개인정보 보호 기준 준수","• 관련 운전면허 및 장비 자격 관련 기본 지식 또는 실무 경험을 보유한 분
• 필수 자격·면허: 화물운송종사자격 보유자 또는 입사 전 취득 가능한 분
• 맡은 업무를 정확하게 기록하고 마감까지 책임질 수 있는 분
• 문서작성, 이메일, 스프레드시트 등 기본 업무도구 활용이 가능한 분
• 고객 및 유관 부서와 원활하게 소통하고 요청사항을 정리할 수 있는 분
• 예상하지 못한 상황에서도 우선순위를 판단해 대응할 수 있는 분
• 업무상 취급하는 자료와 고객 정보를 안전하게 관리할 수 있는 분
• 직무 관련 교육을 꾸준히 이수하며 전문성을 높일 분","• 화물·중장비기사 또는 유사 직무 경력 보유자
• 직무 관련 자격·면허 보유자: 화물운송종사자격
• 직무 관련 자격·면허 보유자: 건설기계조종사면허
• ERP, WMS, CRM, POS 등 직무 관련 시스템 사용 경험자
• 수치와 데이터를 활용한 실적 분석 경험자
• 다양한 이해관계자와 협업해 문제를 해결한 경험자
• 외국어 또는 관련 법규·안전 기준을 활용할 수 있는 분","• 지원서 및 제출서류의 허위기재 또는 허위 제출
• 채용 과정에서 본인 확인이 불가능한 경우
• 채용검진 결과 업무 수행에 부적합하다고 판단되는 경우
• 해외여행 및 근무에 결격사유가 있는 경우
• 기타 회사 또는 기관의 인사규정상 채용이 불가능한 경우",서류전형 > 직무과제 > 실무면접 > 최종합격
694,화물·중장비기사 서비스 담당,149,70,20260205,20260220,14,경력 무관,계약직,제주특별자치도,석사 이상,"중견 제조기업에서 화물 운송 또는 중장비 운용 현장을 담당하는 포지션을(를) 맡을 화물·중장비기사를 모집합니다.

이번 포지션은 장비운전, 화물적재, 작업 전 점검, 현장 안전을 중심으로 운영 현장의 품질과 일정, 고객 경험을 함께 관리하는 역할입니다.

고객과 동료에게 신뢰를 주는 태도로 맡은 업무를 끝까지 책임지는 포지션입니다.

유관 부서 및 외부 파트너와 업무 기준을 공유하고, 이슈 발생 시 원인을 정리해 재발 방지 방안을 실행합니다.

초기에는 담당 업무의 프로세스와 시스템을 익히고, 이후에는 담당 영역의 지표 개선과 운영 표준화까지 주도하게 됩니다.","• 장비운전, 화물적재, 작업 전 점검, 현장 안전 및 일일 운영 현황 관리
• 업무 일정·실적·품질 지표 점검 및 보고
• 관련 시스템과 문서의 정확한 입력·관리
• 고객·협력사·유관 부서 문의 대응 및 이슈 조율
• 업무 절차 개선과 운영 리스크 사전 점검
• 주요 이슈 원인 분석 및 후속 조치 관리
• 정기 회의 자료 작성과 진행 현황 공유
• 업무 매뉴얼 정비와 신규 구성원 온보딩 지원","• 관련 운전면허 및 장비 자격 관련 기본 지식 또는 실무 경험을 보유한 분
• 필수 자격·면허: 화물운송종사자격 보유자 또는 입사 전 취득 가능한 분
• 맡은 업무를 정확하게 기록하고 마감까지 책임질 수 있는 분
• 문서작성, 이메일, 스프레드시트 등 기본 업무도구 활용이 가능한 분
• 고객 및 유관 부서와 원활하게 소통하고 요청사항을 정리할 수 있는 분
• 예상하지 못한 상황에서도 우선순위를 판단해 대응할 수 있는 분
• 업무상 취급하는 자료와 고객 정보를 안전하게 관리할 수 있는 분
• 직무 관련 교육을 꾸준히 이수하며 전문성을 높일 분","• 화물·중장비기사 또는 유사 직무 경력 보유자
• 직무 관련 자격·면허 보유자: 화물운송종사자격
• 직무 관련 자격·면허 보유자: 건설기계조종사면허
• ERP, WMS, CRM, POS 등 직무 관련 시스템 사용 경험자
• 수치와 데이터를 활용한 실적 분석 경험자
• 다양한 이해관계자와 협업해 문제를 해결한 경험자
• 신규 프로세스 구축이나 업무 자동화 경험자","• 지원서 및 제출서류의 허위기재 또는 허위 제출
• 채용 과정에서 본인 확인이 불가능한 경우
• 채용검진 결과 업무 수행에 부적합하다고 판단되는 경우
• 해외여행 및 근무에 결격사유가 있는 경우
• 기타 회사 또는 기관의 인사규정상 채용이 불가능한 경우",서류전형 > 1차면접 > 2차면접 > 채용검진
695,화물·중장비기사 담당자,10,70,20260222,20260316,5,신입,무기계약직,인천광역시,박사 이상,"전문 중소기업에서 화물 운송 또는 중장비 운용 현장을 담당하는 포지션을(를) 맡을 화물·중장비기사를 모집합니다.

이번 포지션은 장비운전, 화물적재, 작업 전 점검, 현장 안전을 중심으로 운영 현장의 품질과 일정, 고객 경험을 함께 관리하는 역할입니다.

데이터와 현장 감각을 함께 활용해 반복 업무를 효율화하는 역할입니다.

유관 부서 및 외부 파트너와 업무 기준을 공유하고, 이슈 발생 시 원인을 정리해 재발 방지 방안을 실행합니다.

초기에는 담당 업무의 프로세스와 시스템을 익히고, 이후에는 담당 영역의 지표 개선과 운영 표준화까지 주도하게 됩니다.","• 장비운전, 화물적재, 작업 전 점검, 현장 안전 및 일일 운영 현황 관리
• 업무 일정·실적·품질 지표 점검 및 보고
• 관련 시스템과 문서의 정확한 입력·관리
• 고객·협력사·유관 부서 문의 대응 및 이슈 조율
• 업무 절차 개선과 운영 리스크 사전 점검
• 주요 이슈 원인 분석 및 후속 조치 관리
• 정기 회의 자료 작성과 진행 현황 공유
• 현장 안전·보안·개인정보 보호 기준 준수","• 관련 운전면허 및 장비 자격 관련 기본 지식 또는 실무 경험을 보유한 분
• 필수 자격·면허: 화물운송종사자격 보유자 또는 입사 전 취득 가능한 분
• 맡은 업무를 정확하게 기록하고 마감까지 책임질 수 있는 분
• 문서작성, 이메일, 스프레드시트 등 기본 업무도구 활용이 가능한 분
• 고객 및 유관 부서와 원활하게 소통하고 요청사항을 정리할 수 있는 분
• 예상하지 못한 상황에서도 우선순위를 판단해 대응할 수 있는 분
• 업무상 취급하는 자료와 고객 정보를 안전하게 관리할 수 있는 분
• 교대·주말·현장 근무가 포함될 수 있는 일정에 대응 가능한 분","• 화물·중장비기사 또는 유사 직무 경력 보유자
• 직무 관련 자격·면허 보유자: 화물운송종사자격
• 직무 관련 자격·면허 보유자: 건설기계조종사면허
• ERP, WMS, CRM, POS 등 직무 관련 시스템 사용 경험자
• 수치와 데이터를 활용한 실적 분석 경험자
• 다양한 이해관계자와 협업해 문제를 해결한 경험자
• 외국어 또는 관련 법규·안전 기준을 활용할 수 있는 분","• 지원서 및 제출서류의 허위기재 또는 허위 제출
• 채용 과정에서 본인 확인이 불가능한 경우
• 채용검진 결과 업무 수행에 부적합하다고 판단되는 경우
• 해외여행 및 근무에 결격사유가 있는 경우
• 기타 회사 또는 기관의 인사규정상 채용이 불가능한 경우",서류전형 > 필기전형 > 면접전형 > 최종합격
696,화물·중장비기사 실무자,153,70,20260311,20260409,16,경력,기간제,울산광역시,학력무관,"성장 단계 스타트업에서 화물 운송 또는 중장비 운용 현장을 담당하는 포지션을(를) 맡을 화물·중장비기사를 모집합니다.

이번 포지션은 장비운전, 화물적재, 작업 전 점검, 현장 안전을 중심으로 운영 현장의 품질과 일정, 고객 경험을 함께 관리하는 역할입니다.

정해진 절차를 지키되 상황에 맞게 유연하게 대응하는 실무자를 모집합니다.

유관 부서 및 외부 파트너와 업무 기준을 공유하고, 이슈 발생 시 원인을 정리해 재발 방지 방안을 실행합니다.

초기에는 담당 업무의 프로세스와 시스템을 익히고, 이후에는 담당 영역의 지표 개선과 운영 표준화까지 주도하게 됩니다.","• 장비운전, 화물적재, 작업 전 점검, 현장 안전 및 일일 운영 현황 관리
• 업무 일정·실적·품질 지표 점검 및 보고
• 관련 시스템과 문서의 정확한 입력·관리
• 고객·협력사·유관 부서 문의 대응 및 이슈 조율
• 업무 절차 개선과 운영 리스크 사전 점검
• 주요 이슈 원인 분석 및 후속 조치 관리
• 정기 회의 자료 작성과 진행 현황 공유
• 업무 매뉴얼 정비와 신규 구성원 온보딩 지원","• 관련 운전면허 및 장비 자격 관련 기본 지식 또는 실무 경험을 보유한 분
• 필수 자격·면허: 화물운송종사자격 보유자 또는 입사 전 취득 가능한 분
• 맡은 업무를 정확하게 기록하고 마감까지 책임질 수 있는 분
• 문서작성, 이메일, 스프레드시트 등 기본 업무도구 활용이 가능한 분
• 고객 및 유관 부서와 원활하게 소통하고 요청사항을 정리할 수 있는 분
• 예상하지 못한 상황에서도 우선순위를 판단해 대응할 수 있는 분
• 업무상 취급하는 자료와 고객 정보를 안전하게 관리할 수 있는 분
• 직무 관련 교육을 꾸준히 이수하며 전문성을 높일 분","• 화물·중장비기사 또는 유사 직무 경력 보유자
• 직무 관련 자격·면허 보유자: 화물운송종사자격
• 직무 관련 자격·면허 보유자: 건설기계조종사면허
• ERP, WMS, CRM, POS 등 직무 관련 시스템 사용 경험자
• 수치와 데이터를 활용한 실적 분석 경험자
• 다양한 이해관계자와 협업해 문제를 해결한 경험자
• 신규 프로세스 구축이나 업무 자동화 경험자","• 지원서 및 제출서류의 허위기재 또는 허위 제출
• 채용 과정에서 본인 확인이 불가능한 경우
• 채용검진 결과 업무 수행에 부적합하다고 판단되는 경우
• 해외여행 및 근무에 결격사유가 있는 경우
• 기타 회사 또는 기관의 인사규정상 채용이 불가능한 경우",서류전형 > 실무면접 > 최종면접
697,화물·중장비기사 운영 매니저,26,70,20260328,20260503,7,신입·경력,정규직,강원특별자치도,전문학사 이상,"종합병원 운영조직에서 화물 운송 또는 중장비 운용 현장을 담당하는 포지션을(를) 맡을 화물·중장비기사를 모집합니다.

이번 포지션은 장비운전, 화물적재, 작업 전 점검, 현장 안전을 중심으로 운영 현장의 품질과 일정, 고객 경험을 함께 관리하는 역할입니다.

부서 간 원활한 소통으로 일정과 품질을 안정적으로 관리하는 직무입니다.

유관 부서 및 외부 파트너와 업무 기준을 공유하고, 이슈 발생 시 원인을 정리해 재발 방지 방안을 실행합니다.

초기에는 담당 업무의 프로세스와 시스템을 익히고, 이후에는 담당 영역의 지표 개선과 운영 표준화까지 주도하게 됩니다.","• 장비운전, 화물적재, 작업 전 점검, 현장 안전 및 일일 운영 현황 관리
• 업무 일정·실적·품질 지표 점검 및 보고
• 관련 시스템과 문서의 정확한 입력·관리
• 고객·협력사·유관 부서 문의 대응 및 이슈 조율
• 업무 절차 개선과 운영 리스크 사전 점검
• 주요 이슈 원인 분석 및 후속 조치 관리
• 정기 회의 자료 작성과 진행 현황 공유
• 현장 안전·보안·개인정보 보호 기준 준수","• 관련 운전면허 및 장비 자격 관련 기본 지식 또는 실무 경험을 보유한 분
• 필수 자격·면허: 화물운송종사자격 보유자 또는 입사 전 취득 가능한 분
• 맡은 업무를 정확하게 기록하고 마감까지 책임질 수 있는 분
• 문서작성, 이메일, 스프레드시트 등 기본 업무도구 활용이 가능한 분
• 고객 및 유관 부서와 원활하게 소통하고 요청사항을 정리할 수 있는 분
• 예상하지 못한 상황에서도 우선순위를 판단해 대응할 수 있는 분
• 업무상 취급하는 자료와 고객 정보를 안전하게 관리할 수 있는 분
• 직무 관련 교육을 꾸준히 이수하며 전문성을 높일 분","• 화물·중장비기사 또는 유사 직무 경력 보유자
• 직무 관련 자격·면허 보유자: 화물운송종사자격
• 직무 관련 자격·면허 보유자: 건설기계조종사면허
• ERP, WMS, CRM, POS 등 직무 관련 시스템 사용 경험자
• 수치와 데이터를 활용한 실적 분석 경험자
• 다양한 이해관계자와 협업해 문제를 해결한 경험자
• 외국어 또는 관련 법규·안전 기준을 활용할 수 있는 분","• 지원서 및 제출서류의 허위기재 또는 허위 제출
• 채용 과정에서 본인 확인이 불가능한 경우
• 채용검진 결과 업무 수행에 부적합하다고 판단되는 경우
• 해외여행 및 근무에 결격사유가 있는 경우
• 기타 회사 또는 기관의 인사규정상 채용이 불가능한 경우",서류전형 > 인성검사 > 실무면접 > 최종면접
698,화물·중장비기사 전문 인력,18,70,20260414,20260527,18,경력 2년 이상,계약직,전라북도,학사 이상,"대학 산학협력단에서 화물 운송 또는 중장비 운용 현장을 담당하는 포지션을(를) 맡을 화물·중장비기사를 모집합니다.

이번 포지션은 장비운전, 화물적재, 작업 전 점검, 현장 안전을 중심으로 운영 현장의 품질과 일정, 고객 경험을 함께 관리하는 역할입니다.

서비스 품질과 안전을 우선하며 꾸준히 전문성을 쌓을 수 있는 포지션입니다.

유관 부서 및 외부 파트너와 업무 기준을 공유하고, 이슈 발생 시 원인을 정리해 재발 방지 방안을 실행합니다.

초기에는 담당 업무의 프로세스와 시스템을 익히고, 이후에는 담당 영역의 지표 개선과 운영 표준화까지 주도하게 됩니다.","• 장비운전, 화물적재, 작업 전 점검, 현장 안전 및 일일 운영 현황 관리
• 업무 일정·실적·품질 지표 점검 및 보고
• 관련 시스템과 문서의 정확한 입력·관리
• 고객·협력사·유관 부서 문의 대응 및 이슈 조율
• 업무 절차 개선과 운영 리스크 사전 점검
• 주요 이슈 원인 분석 및 후속 조치 관리
• 정기 회의 자료 작성과 진행 현황 공유
• 업무 매뉴얼 정비와 신규 구성원 온보딩 지원","• 관련 운전면허 및 장비 자격 관련 기본 지식 또는 실무 경험을 보유한 분
• 필수 자격·면허: 화물운송종사자격 보유자 또는 입사 전 취득 가능한 분
• 맡은 업무를 정확하게 기록하고 마감까지 책임질 수 있는 분
• 문서작성, 이메일, 스프레드시트 등 기본 업무도구 활용이 가능한 분
• 고객 및 유관 부서와 원활하게 소통하고 요청사항을 정리할 수 있는 분
• 예상하지 못한 상황에서도 우선순위를 판단해 대응할 수 있는 분
• 업무상 취급하는 자료와 고객 정보를 안전하게 관리할 수 있는 분
• 교대·주말·현장 근무가 포함될 수 있는 일정에 대응 가능한 분","• 화물·중장비기사 또는 유사 직무 경력 보유자
• 직무 관련 자격·면허 보유자: 화물운송종사자격
• 직무 관련 자격·면허 보유자: 건설기계조종사면허
• ERP, WMS, CRM, POS 등 직무 관련 시스템 사용 경험자
• 수치와 데이터를 활용한 실적 분석 경험자
• 다양한 이해관계자와 협업해 문제를 해결한 경험자
• 신규 프로세스 구축이나 업무 자동화 경험자","• 지원서 및 제출서류의 허위기재 또는 허위 제출
• 채용 과정에서 본인 확인이 불가능한 경우
• 채용검진 결과 업무 수행에 부적합하다고 판단되는 경우
• 해외여행 및 근무에 결격사유가 있는 경우
• 기타 회사 또는 기관의 인사규정상 채용이 불가능한 경우",서류전형 > 직무과제 > 실무면접 > 최종합격
699,화물·중장비기사 경력 채용,47,70,20260501,20260515,9,경력 3년 이상,무기계약직,경상남도,석사 이상,"기업 부설 연구소에서 화물 운송 또는 중장비 운용 현장을 담당하는 포지션을(를) 맡을 화물·중장비기사를 모집합니다.

이번 포지션은 장비운전, 화물적재, 작업 전 점검, 현장 안전을 중심으로 운영 현장의 품질과 일정, 고객 경험을 함께 관리하는 역할입니다.

기본기를 바탕으로 새로운 업무를 빠르게 익히고 실행할 분을 모십니다.

유관 부서 및 외부 파트너와 업무 기준을 공유하고, 이슈 발생 시 원인을 정리해 재발 방지 방안을 실행합니다.

초기에는 담당 업무의 프로세스와 시스템을 익히고, 이후에는 담당 영역의 지표 개선과 운영 표준화까지 주도하게 됩니다.","• 장비운전, 화물적재, 작업 전 점검, 현장 안전 및 일일 운영 현황 관리
• 업무 일정·실적·품질 지표 점검 및 보고
• 관련 시스템과 문서의 정확한 입력·관리
• 고객·협력사·유관 부서 문의 대응 및 이슈 조율
• 업무 절차 개선과 운영 리스크 사전 점검
• 주요 이슈 원인 분석 및 후속 조치 관리
• 정기 회의 자료 작성과 진행 현황 공유
• 현장 안전·보안·개인정보 보호 기준 준수","• 관련 운전면허 및 장비 자격 관련 기본 지식 또는 실무 경험을 보유한 분
• 필수 자격·면허: 화물운송종사자격 보유자 또는 입사 전 취득 가능한 분
• 맡은 업무를 정확하게 기록하고 마감까지 책임질 수 있는 분
• 문서작성, 이메일, 스프레드시트 등 기본 업무도구 활용이 가능한 분
• 고객 및 유관 부서와 원활하게 소통하고 요청사항을 정리할 수 있는 분
• 예상하지 못한 상황에서도 우선순위를 판단해 대응할 수 있는 분
• 업무상 취급하는 자료와 고객 정보를 안전하게 관리할 수 있는 분
• 직무 관련 교육을 꾸준히 이수하며 전문성을 높일 분","• 화물·중장비기사 또는 유사 직무 경력 보유자
• 직무 관련 자격·면허 보유자: 화물운송종사자격
• 직무 관련 자격·면허 보유자: 건설기계조종사면허
• ERP, WMS, CRM, POS 등 직무 관련 시스템 사용 경험자
• 수치와 데이터를 활용한 실적 분석 경험자
• 다양한 이해관계자와 협업해 문제를 해결한 경험자
• 외국어 또는 관련 법규·안전 기준을 활용할 수 있는 분","• 지원서 및 제출서류의 허위기재 또는 허위 제출
• 채용 과정에서 본인 확인이 불가능한 경우
• 채용검진 결과 업무 수행에 부적합하다고 판단되는 경우
• 해외여행 및 근무에 결격사유가 있는 경우
• 기타 회사 또는 기관의 인사규정상 채용이 불가능한 경우",서류전형 > 1차면접 > 2차면접 > 채용검진
700,화물·중장비기사 현장 책임자,6,70,20260518,20260608,20,경력 5년 이상,기간제,부산광역시,박사 이상,"전문 협회에서 화물 운송 또는 중장비 운용 현장을 담당하는 포지션을(를) 맡을 화물·중장비기사를 모집합니다.

이번 포지션은 장비운전, 화물적재, 작업 전 점검, 현장 안전을 중심으로 운영 현장의 품질과 일정, 고객 경험을 함께 관리하는 역할입니다.

성과와 고객 만족을 함께 고려하며 실질적인 변화를 만드는 역할입니다.

유관 부서 및 외부 파트너와 업무 기준을 공유하고, 이슈 발생 시 원인을 정리해 재발 방지 방안을 실행합니다.

초기에는 담당 업무의 프로세스와 시스템을 익히고, 이후에는 담당 영역의 지표 개선과 운영 표준화까지 주도하게 됩니다.","• 장비운전, 화물적재, 작업 전 점검, 현장 안전 및 일일 운영 현황 관리
• 업무 일정·실적·품질 지표 점검 및 보고
• 관련 시스템과 문서의 정확한 입력·관리
• 고객·협력사·유관 부서 문의 대응 및 이슈 조율
• 업무 절차 개선과 운영 리스크 사전 점검
• 주요 이슈 원인 분석 및 후속 조치 관리
• 정기 회의 자료 작성과 진행 현황 공유
• 업무 매뉴얼 정비와 신규 구성원 온보딩 지원","• 관련 운전면허 및 장비 자격 관련 기본 지식 또는 실무 경험을 보유한 분
• 필수 자격·면허: 화물운송종사자격 보유자 또는 입사 전 취득 가능한 분
• 맡은 업무를 정확하게 기록하고 마감까지 책임질 수 있는 분
• 문서작성, 이메일, 스프레드시트 등 기본 업무도구 활용이 가능한 분
• 고객 및 유관 부서와 원활하게 소통하고 요청사항을 정리할 수 있는 분
• 예상하지 못한 상황에서도 우선순위를 판단해 대응할 수 있는 분
• 업무상 취급하는 자료와 고객 정보를 안전하게 관리할 수 있는 분
• 직무 관련 교육을 꾸준히 이수하며 전문성을 높일 분","• 화물·중장비기사 또는 유사 직무 경력 보유자
• 직무 관련 자격·면허 보유자: 화물운송종사자격
• 직무 관련 자격·면허 보유자: 건설기계조종사면허
• ERP, WMS, CRM, POS 등 직무 관련 시스템 사용 경험자
• 수치와 데이터를 활용한 실적 분석 경험자
• 다양한 이해관계자와 협업해 문제를 해결한 경험자
• 신규 프로세스 구축이나 업무 자동화 경험자","• 지원서 및 제출서류의 허위기재 또는 허위 제출
• 채용 과정에서 본인 확인이 불가능한 경우
• 채용검진 결과 업무 수행에 부적합하다고 판단되는 경우
• 해외여행 및 근무에 결격사유가 있는 경우
• 기타 회사 또는 기관의 인사규정상 채용이 불가능한 경우",서류전형 > 필기전형 > 면접전형 > 최종합격
701,버스기사 담당자,69,71,20260604,20260702,11,신입,정규직,울산광역시,전문학사 이상,"공공서비스 운영기관에서 승객의 안전한 이동과 정시 운행을 책임지는 포지션을(를) 맡을 버스기사를 모집합니다.

이번 포지션은 노선운행, 승객안내, 차량점검, 운행일지을 중심으로 운영 현장의 품질과 일정, 고객 경험을 함께 관리하는 역할입니다.

정확한 실행력과 협업을 바탕으로 안정적인 운영을 함께 만들어 갈 분을 찾습니다.

유관 부서 및 외부 파트너와 업무 기준을 공유하고, 이슈 발생 시 원인을 정리해 재발 방지 방안을 실행합니다.

초기에는 담당 업무의 프로세스와 시스템을 익히고, 이후에는 담당 영역의 지표 개선과 운영 표준화까지 주도하게 됩니다.","• 노선운행, 승객안내, 차량점검, 운행일지 및 일일 운영 현황 관리
• 업무 일정·실적·품질 지표 점검 및 보고
• 관련 시스템과 문서의 정확한 입력·관리
• 고객·협력사·유관 부서 문의 대응 및 이슈 조율
• 업무 절차 개선과 운영 리스크 사전 점검
• 주요 이슈 원인 분석 및 후속 조치 관리
• 정기 회의 자료 작성과 진행 현황 공유
• 현장 안전·보안·개인정보 보호 기준 준수","• 대형면허 및 버스 운전자격 관련 기본 지식 또는 실무 경험을 보유한 분
• 필수 자격·면허: 버스운전자격 보유자 또는 입사 전 취득 가능한 분
• 맡은 업무를 정확하게 기록하고 마감까지 책임질 수 있는 분
• 문서작성, 이메일, 스프레드시트 등 기본 업무도구 활용이 가능한 분
• 고객 및 유관 부서와 원활하게 소통하고 요청사항을 정리할 수 있는 분
• 예상하지 못한 상황에서도 우선순위를 판단해 대응할 수 있는 분
• 업무상 취급하는 자료와 고객 정보를 안전하게 관리할 수 있는 분
• 교대·주말·현장 근무가 포함될 수 있는 일정에 대응 가능한 분","• 버스기사 또는 유사 직무 경력 보유자
• 직무 관련 자격·면허 보유자: 버스운전자격
• 직무 관련 자격·면허 보유자: 1종 대형 운전면허
• ERP, WMS, CRM, POS 등 직무 관련 시스템 사용 경험자
• 수치와 데이터를 활용한 실적 분석 경험자
• 다양한 이해관계자와 협업해 문제를 해결한 경험자
• 외국어 또는 관련 법규·안전 기준을 활용할 수 있는 분","• 지원서 및 제출서류의 허위기재 또는 허위 제출
• 채용 과정에서 본인 확인이 불가능한 경우
• 채용검진 결과 업무 수행에 부적합하다고 판단되는 경우
• 해외여행 및 근무에 결격사유가 있는 경우
• 기타 회사 또는 기관의 인사규정상 채용이 불가능한 경우",서류전형 > 인성검사 > 실무면접 > 최종면접
702,버스기사 실무자,90,71,20260621,20260726,2,경력,계약직,강원특별자치도,학사 이상,"대기업 사업부에서 승객의 안전한 이동과 정시 운행을 책임지는 포지션을(를) 맡을 버스기사를 모집합니다.

이번 포지션은 노선운행, 승객안내, 차량점검, 운행일지을 중심으로 운영 현장의 품질과 일정, 고객 경험을 함께 관리하는 역할입니다.

현장과 유관 부서의 요구를 연결하며 업무 품질을 높이는 역할입니다.

유관 부서 및 외부 파트너와 업무 기준을 공유하고, 이슈 발생 시 원인을 정리해 재발 방지 방안을 실행합니다.

초기에는 담당 업무의 프로세스와 시스템을 익히고, 이후에는 담당 영역의 지표 개선과 운영 표준화까지 주도하게 됩니다.","• 노선운행, 승객안내, 차량점검, 운행일지 및 일일 운영 현황 관리
• 업무 일정·실적·품질 지표 점검 및 보고
• 관련 시스템과 문서의 정확한 입력·관리
• 고객·협력사·유관 부서 문의 대응 및 이슈 조율
• 업무 절차 개선과 운영 리스크 사전 점검
• 주요 이슈 원인 분석 및 후속 조치 관리
• 정기 회의 자료 작성과 진행 현황 공유
• 업무 매뉴얼 정비와 신규 구성원 온보딩 지원","• 대형면허 및 버스 운전자격 관련 기본 지식 또는 실무 경험을 보유한 분
• 필수 자격·면허: 버스운전자격 보유자 또는 입사 전 취득 가능한 분
• 맡은 업무를 정확하게 기록하고 마감까지 책임질 수 있는 분
• 문서작성, 이메일, 스프레드시트 등 기본 업무도구 활용이 가능한 분
• 고객 및 유관 부서와 원활하게 소통하고 요청사항을 정리할 수 있는 분
• 예상하지 못한 상황에서도 우선순위를 판단해 대응할 수 있는 분
• 업무상 취급하는 자료와 고객 정보를 안전하게 관리할 수 있는 분
• 직무 관련 교육을 꾸준히 이수하며 전문성을 높일 분","• 버스기사 또는 유사 직무 경력 보유자
• 직무 관련 자격·면허 보유자: 버스운전자격
• 직무 관련 자격·면허 보유자: 1종 대형 운전면허
• ERP, WMS, CRM, POS 등 직무 관련 시스템 사용 경험자
• 수치와 데이터를 활용한 실적 분석 경험자
• 다양한 이해관계자와 협업해 문제를 해결한 경험자
• 신규 프로세스 구축이나 업무 자동화 경험자","• 지원서 및 제출서류의 허위기재 또는 허위 제출
• 채용 과정에서 본인 확인이 불가능한 경우
• 채용검진 결과 업무 수행에 부적합하다고 판단되는 경우
• 해외여행 및 근무에 결격사유가 있는 경우
• 기타 회사 또는 기관의 인사규정상 채용이 불가능한 경우",서류전형 > 직무과제 > 실무면접 > 최종합격
703,버스기사 운영 매니저,32,71,20260708,20260819,13,신입·경력,무기계약직,전라북도,석사 이상,"중견 제조기업에서 승객의 안전한 이동과 정시 운행을 책임지는 포지션을(를) 맡을 버스기사를 모집합니다.

이번 포지션은 노선운행, 승객안내, 차량점검, 운행일지을 중심으로 운영 현장의 품질과 일정, 고객 경험을 함께 관리하는 역할입니다.

업무 기준을 준수하면서도 개선점을 주도적으로 제안할 수 있는 분을 기다립니다.

유관 부서 및 외부 파트너와 업무 기준을 공유하고, 이슈 발생 시 원인을 정리해 재발 방지 방안을 실행합니다.

초기에는 담당 업무의 프로세스와 시스템을 익히고, 이후에는 담당 영역의 지표 개선과 운영 표준화까지 주도하게 됩니다.","• 노선운행, 승객안내, 차량점검, 운행일지 및 일일 운영 현황 관리
• 업무 일정·실적·품질 지표 점검 및 보고
• 관련 시스템과 문서의 정확한 입력·관리
• 고객·협력사·유관 부서 문의 대응 및 이슈 조율
• 업무 절차 개선과 운영 리스크 사전 점검
• 주요 이슈 원인 분석 및 후속 조치 관리
• 정기 회의 자료 작성과 진행 현황 공유
• 현장 안전·보안·개인정보 보호 기준 준수","• 대형면허 및 버스 운전자격 관련 기본 지식 또는 실무 경험을 보유한 분
• 필수 자격·면허: 버스운전자격 보유자 또는 입사 전 취득 가능한 분
• 맡은 업무를 정확하게 기록하고 마감까지 책임질 수 있는 분
• 문서작성, 이메일, 스프레드시트 등 기본 업무도구 활용이 가능한 분
• 고객 및 유관 부서와 원활하게 소통하고 요청사항을 정리할 수 있는 분
• 예상하지 못한 상황에서도 우선순위를 판단해 대응할 수 있는 분
• 업무상 취급하는 자료와 고객 정보를 안전하게 관리할 수 있는 분
• 직무 관련 교육을 꾸준히 이수하며 전문성을 높일 분","• 버스기사 또는 유사 직무 경력 보유자
• 직무 관련 자격·면허 보유자: 버스운전자격
• 직무 관련 자격·면허 보유자: 1종 대형 운전면허
• ERP, WMS, CRM, POS 등 직무 관련 시스템 사용 경험자
• 수치와 데이터를 활용한 실적 분석 경험자
• 다양한 이해관계자와 협업해 문제를 해결한 경험자
• 외국어 또는 관련 법규·안전 기준을 활용할 수 있는 분","• 지원서 및 제출서류의 허위기재 또는 허위 제출
• 채용 과정에서 본인 확인이 불가능한 경우
• 채용검진 결과 업무 수행에 부적합하다고 판단되는 경우
• 해외여행 및 근무에 결격사유가 있는 경우
• 기타 회사 또는 기관의 인사규정상 채용이 불가능한 경우",서류전형 > 1차면접 > 2차면접 > 채용검진
704,버스기사 전문 인력,148,71,20260725,20260807,4,경력 2년 이상,기간제,경상남도,박사 이상,"전문 중소기업에서 승객의 안전한 이동과 정시 운행을 책임지는 포지션을(를) 맡을 버스기사를 모집합니다.

이번 포지션은 노선운행, 승객안내, 차량점검, 운행일지을 중심으로 운영 현장의 품질과 일정, 고객 경험을 함께 관리하는 역할입니다.

고객과 동료에게 신뢰를 주는 태도로 맡은 업무를 끝까지 책임지는 포지션입니다.

유관 부서 및 외부 파트너와 업무 기준을 공유하고, 이슈 발생 시 원인을 정리해 재발 방지 방안을 실행합니다.

초기에는 담당 업무의 프로세스와 시스템을 익히고, 이후에는 담당 영역의 지표 개선과 운영 표준화까지 주도하게 됩니다.","• 노선운행, 승객안내, 차량점검, 운행일지 및 일일 운영 현황 관리
• 업무 일정·실적·품질 지표 점검 및 보고
• 관련 시스템과 문서의 정확한 입력·관리
• 고객·협력사·유관 부서 문의 대응 및 이슈 조율
• 업무 절차 개선과 운영 리스크 사전 점검
• 주요 이슈 원인 분석 및 후속 조치 관리
• 정기 회의 자료 작성과 진행 현황 공유
• 업무 매뉴얼 정비와 신규 구성원 온보딩 지원","• 대형면허 및 버스 운전자격 관련 기본 지식 또는 실무 경험을 보유한 분
• 필수 자격·면허: 버스운전자격 보유자 또는 입사 전 취득 가능한 분
• 맡은 업무를 정확하게 기록하고 마감까지 책임질 수 있는 분
• 문서작성, 이메일, 스프레드시트 등 기본 업무도구 활용이 가능한 분
• 고객 및 유관 부서와 원활하게 소통하고 요청사항을 정리할 수 있는 분
• 예상하지 못한 상황에서도 우선순위를 판단해 대응할 수 있는 분
• 업무상 취급하는 자료와 고객 정보를 안전하게 관리할 수 있는 분
• 교대·주말·현장 근무가 포함될 수 있는 일정에 대응 가능한 분","• 버스기사 또는 유사 직무 경력 보유자
• 직무 관련 자격·면허 보유자: 버스운전자격
• 직무 관련 자격·면허 보유자: 1종 대형 운전면허
• ERP, WMS, CRM, POS 등 직무 관련 시스템 사용 경험자
• 수치와 데이터를 활용한 실적 분석 경험자
• 다양한 이해관계자와 협업해 문제를 해결한 경험자
• 신규 프로세스 구축이나 업무 자동화 경험자","• 지원서 및 제출서류의 허위기재 또는 허위 제출
• 채용 과정에서 본인 확인이 불가능한 경우
• 채용검진 결과 업무 수행에 부적합하다고 판단되는 경우
• 해외여행 및 근무에 결격사유가 있는 경우
• 기타 회사 또는 기관의 인사규정상 채용이 불가능한 경우",서류전형 > 필기전형 > 면접전형 > 최종합격
705,버스기사 경력 채용,49,71,20260811,20260831,15,경력 3년 이상,정규직,부산광역시,학력무관,"성장 단계 스타트업에서 승객의 안전한 이동과 정시 운행을 책임지는 포지션을(를) 맡을 버스기사를 모집합니다.

이번 포지션은 노선운행, 승객안내, 차량점검, 운행일지을 중심으로 운영 현장의 품질과 일정, 고객 경험을 함께 관리하는 역할입니다.

데이터와 현장 감각을 함께 활용해 반복 업무를 효율화하는 역할입니다.

유관 부서 및 외부 파트너와 업무 기준을 공유하고, 이슈 발생 시 원인을 정리해 재발 방지 방안을 실행합니다.

초기에는 담당 업무의 프로세스와 시스템을 익히고, 이후에는 담당 영역의 지표 개선과 운영 표준화까지 주도하게 됩니다.","• 노선운행, 승객안내, 차량점검, 운행일지 및 일일 운영 현황 관리
• 업무 일정·실적·품질 지표 점검 및 보고
• 관련 시스템과 문서의 정확한 입력·관리
• 고객·협력사·유관 부서 문의 대응 및 이슈 조율
• 업무 절차 개선과 운영 리스크 사전 점검
• 주요 이슈 원인 분석 및 후속 조치 관리
• 정기 회의 자료 작성과 진행 현황 공유
• 현장 안전·보안·개인정보 보호 기준 준수","• 대형면허 및 버스 운전자격 관련 기본 지식 또는 실무 경험을 보유한 분
• 필수 자격·면허: 버스운전자격 보유자 또는 입사 전 취득 가능한 분
• 맡은 업무를 정확하게 기록하고 마감까지 책임질 수 있는 분
• 문서작성, 이메일, 스프레드시트 등 기본 업무도구 활용이 가능한 분
• 고객 및 유관 부서와 원활하게 소통하고 요청사항을 정리할 수 있는 분
• 예상하지 못한 상황에서도 우선순위를 판단해 대응할 수 있는 분
• 업무상 취급하는 자료와 고객 정보를 안전하게 관리할 수 있는 분
• 직무 관련 교육을 꾸준히 이수하며 전문성을 높일 분","• 버스기사 또는 유사 직무 경력 보유자
• 직무 관련 자격·면허 보유자: 버스운전자격
• 직무 관련 자격·면허 보유자: 1종 대형 운전면허
• ERP, WMS, CRM, POS 등 직무 관련 시스템 사용 경험자
• 수치와 데이터를 활용한 실적 분석 경험자
• 다양한 이해관계자와 협업해 문제를 해결한 경험자
• 외국어 또는 관련 법규·안전 기준을 활용할 수 있는 분","• 지원서 및 제출서류의 허위기재 또는 허위 제출
• 채용 과정에서 본인 확인이 불가능한 경우
• 채용검진 결과 업무 수행에 부적합하다고 판단되는 경우
• 해외여행 및 근무에 결격사유가 있는 경우
• 기타 회사 또는 기관의 인사규정상 채용이 불가능한 경우",서류전형 > 실무면접 > 최종면접
706,버스기사 현장 책임자,149,71,20260828,20260924,6,경력 5년 이상,계약직,광주광역시,전문학사 이상,"종합병원 운영조직에서 승객의 안전한 이동과 정시 운행을 책임지는 포지션을(를) 맡을 버스기사를 모집합니다.

이번 포지션은 노선운행, 승객안내, 차량점검, 운행일지을 중심으로 운영 현장의 품질과 일정, 고객 경험을 함께 관리하는 역할입니다.

정해진 절차를 지키되 상황에 맞게 유연하게 대응하는 실무자를 모집합니다.

유관 부서 및 외부 파트너와 업무 기준을 공유하고, 이슈 발생 시 원인을 정리해 재발 방지 방안을 실행합니다.

초기에는 담당 업무의 프로세스와 시스템을 익히고, 이후에는 담당 영역의 지표 개선과 운영 표준화까지 주도하게 됩니다.","• 노선운행, 승객안내, 차량점검, 운행일지 및 일일 운영 현황 관리
• 업무 일정·실적·품질 지표 점검 및 보고
• 관련 시스템과 문서의 정확한 입력·관리
• 고객·협력사·유관 부서 문의 대응 및 이슈 조율
• 업무 절차 개선과 운영 리스크 사전 점검
• 주요 이슈 원인 분석 및 후속 조치 관리
• 정기 회의 자료 작성과 진행 현황 공유
• 업무 매뉴얼 정비와 신규 구성원 온보딩 지원","• 대형면허 및 버스 운전자격 관련 기본 지식 또는 실무 경험을 보유한 분
• 필수 자격·면허: 버스운전자격 보유자 또는 입사 전 취득 가능한 분
• 맡은 업무를 정확하게 기록하고 마감까지 책임질 수 있는 분
• 문서작성, 이메일, 스프레드시트 등 기본 업무도구 활용이 가능한 분
• 고객 및 유관 부서와 원활하게 소통하고 요청사항을 정리할 수 있는 분
• 예상하지 못한 상황에서도 우선순위를 판단해 대응할 수 있는 분
• 업무상 취급하는 자료와 고객 정보를 안전하게 관리할 수 있는 분
• 직무 관련 교육을 꾸준히 이수하며 전문성을 높일 분","• 버스기사 또는 유사 직무 경력 보유자
• 직무 관련 자격·면허 보유자: 버스운전자격
• 직무 관련 자격·면허 보유자: 1종 대형 운전면허
• ERP, WMS, CRM, POS 등 직무 관련 시스템 사용 경험자
• 수치와 데이터를 활용한 실적 분석 경험자
• 다양한 이해관계자와 협업해 문제를 해결한 경험자
• 신규 프로세스 구축이나 업무 자동화 경험자","• 지원서 및 제출서류의 허위기재 또는 허위 제출
• 채용 과정에서 본인 확인이 불가능한 경우
• 채용검진 결과 업무 수행에 부적합하다고 판단되는 경우
• 해외여행 및 근무에 결격사유가 있는 경우
• 기타 회사 또는 기관의 인사규정상 채용이 불가능한 경우",서류전형 > 인성검사 > 실무면접 > 최종면접
707,버스기사 서비스 담당,125,71,20260914,20261018,17,경력 무관,무기계약직,경기도,학사 이상,"대학 산학협력단에서 승객의 안전한 이동과 정시 운행을 책임지는 포지션을(를) 맡을 버스기사를 모집합니다.

이번 포지션은 노선운행, 승객안내, 차량점검, 운행일지을 중심으로 운영 현장의 품질과 일정, 고객 경험을 함께 관리하는 역할입니다.

부서 간 원활한 소통으로 일정과 품질을 안정적으로 관리하는 직무입니다.

유관 부서 및 외부 파트너와 업무 기준을 공유하고, 이슈 발생 시 원인을 정리해 재발 방지 방안을 실행합니다.

초기에는 담당 업무의 프로세스와 시스템을 익히고, 이후에는 담당 영역의 지표 개선과 운영 표준화까지 주도하게 됩니다.","• 노선운행, 승객안내, 차량점검, 운행일지 및 일일 운영 현황 관리
• 업무 일정·실적·품질 지표 점검 및 보고
• 관련 시스템과 문서의 정확한 입력·관리
• 고객·협력사·유관 부서 문의 대응 및 이슈 조율
• 업무 절차 개선과 운영 리스크 사전 점검
• 주요 이슈 원인 분석 및 후속 조치 관리
• 정기 회의 자료 작성과 진행 현황 공유
• 현장 안전·보안·개인정보 보호 기준 준수","• 대형면허 및 버스 운전자격 관련 기본 지식 또는 실무 경험을 보유한 분
• 필수 자격·면허: 버스운전자격 보유자 또는 입사 전 취득 가능한 분
• 맡은 업무를 정확하게 기록하고 마감까지 책임질 수 있는 분
• 문서작성, 이메일, 스프레드시트 등 기본 업무도구 활용이 가능한 분
• 고객 및 유관 부서와 원활하게 소통하고 요청사항을 정리할 수 있는 분
• 예상하지 못한 상황에서도 우선순위를 판단해 대응할 수 있는 분
• 업무상 취급하는 자료와 고객 정보를 안전하게 관리할 수 있는 분
• 교대·주말·현장 근무가 포함될 수 있는 일정에 대응 가능한 분","• 버스기사 또는 유사 직무 경력 보유자
• 직무 관련 자격·면허 보유자: 버스운전자격
• 직무 관련 자격·면허 보유자: 1종 대형 운전면허
• ERP, WMS, CRM, POS 등 직무 관련 시스템 사용 경험자
• 수치와 데이터를 활용한 실적 분석 경험자
• 다양한 이해관계자와 협업해 문제를 해결한 경험자
• 외국어 또는 관련 법규·안전 기준을 활용할 수 있는 분","• 지원서 및 제출서류의 허위기재 또는 허위 제출
• 채용 과정에서 본인 확인이 불가능한 경우
• 채용검진 결과 업무 수행에 부적합하다고 판단되는 경우
• 해외여행 및 근무에 결격사유가 있는 경우
• 기타 회사 또는 기관의 인사규정상 채용이 불가능한 경우",서류전형 > 직무과제 > 실무면접 > 최종합격
708,버스기사 담당자,109,71,20261001,20261111,8,신입,기간제,충청남도,석사 이상,"기업 부설 연구소에서 승객의 안전한 이동과 정시 운행을 책임지는 포지션을(를) 맡을 버스기사를 모집합니다.

이번 포지션은 노선운행, 승객안내, 차량점검, 운행일지을 중심으로 운영 현장의 품질과 일정, 고객 경험을 함께 관리하는 역할입니다.

서비스 품질과 안전을 우선하며 꾸준히 전문성을 쌓을 수 있는 포지션입니다.

유관 부서 및 외부 파트너와 업무 기준을 공유하고, 이슈 발생 시 원인을 정리해 재발 방지 방안을 실행합니다.

초기에는 담당 업무의 프로세스와 시스템을 익히고, 이후에는 담당 영역의 지표 개선과 운영 표준화까지 주도하게 됩니다.","• 노선운행, 승객안내, 차량점검, 운행일지 및 일일 운영 현황 관리
• 업무 일정·실적·품질 지표 점검 및 보고
• 관련 시스템과 문서의 정확한 입력·관리
• 고객·협력사·유관 부서 문의 대응 및 이슈 조율
• 업무 절차 개선과 운영 리스크 사전 점검
• 주요 이슈 원인 분석 및 후속 조치 관리
• 정기 회의 자료 작성과 진행 현황 공유
• 업무 매뉴얼 정비와 신규 구성원 온보딩 지원","• 대형면허 및 버스 운전자격 관련 기본 지식 또는 실무 경험을 보유한 분
• 필수 자격·면허: 버스운전자격 보유자 또는 입사 전 취득 가능한 분
• 맡은 업무를 정확하게 기록하고 마감까지 책임질 수 있는 분
• 문서작성, 이메일, 스프레드시트 등 기본 업무도구 활용이 가능한 분
• 고객 및 유관 부서와 원활하게 소통하고 요청사항을 정리할 수 있는 분
• 예상하지 못한 상황에서도 우선순위를 판단해 대응할 수 있는 분
• 업무상 취급하는 자료와 고객 정보를 안전하게 관리할 수 있는 분
• 직무 관련 교육을 꾸준히 이수하며 전문성을 높일 분","• 버스기사 또는 유사 직무 경력 보유자
• 직무 관련 자격·면허 보유자: 버스운전자격
• 직무 관련 자격·면허 보유자: 1종 대형 운전면허
• ERP, WMS, CRM, POS 등 직무 관련 시스템 사용 경험자
• 수치와 데이터를 활용한 실적 분석 경험자
• 다양한 이해관계자와 협업해 문제를 해결한 경험자
• 신규 프로세스 구축이나 업무 자동화 경험자","• 지원서 및 제출서류의 허위기재 또는 허위 제출
• 채용 과정에서 본인 확인이 불가능한 경우
• 채용검진 결과 업무 수행에 부적합하다고 판단되는 경우
• 해외여행 및 근무에 결격사유가 있는 경우
• 기타 회사 또는 기관의 인사규정상 채용이 불가능한 경우",서류전형 > 1차면접 > 2차면접 > 채용검진
709,버스기사 실무자,100,71,20261018,20261030,19,경력,정규직,경상북도,박사 이상,"전문 협회에서 승객의 안전한 이동과 정시 운행을 책임지는 포지션을(를) 맡을 버스기사를 모집합니다.

이번 포지션은 노선운행, 승객안내, 차량점검, 운행일지을 중심으로 운영 현장의 품질과 일정, 고객 경험을 함께 관리하는 역할입니다.

기본기를 바탕으로 새로운 업무를 빠르게 익히고 실행할 분을 모십니다.

유관 부서 및 외부 파트너와 업무 기준을 공유하고, 이슈 발생 시 원인을 정리해 재발 방지 방안을 실행합니다.

초기에는 담당 업무의 프로세스와 시스템을 익히고, 이후에는 담당 영역의 지표 개선과 운영 표준화까지 주도하게 됩니다.","• 노선운행, 승객안내, 차량점검, 운행일지 및 일일 운영 현황 관리
• 업무 일정·실적·품질 지표 점검 및 보고
• 관련 시스템과 문서의 정확한 입력·관리
• 고객·협력사·유관 부서 문의 대응 및 이슈 조율
• 업무 절차 개선과 운영 리스크 사전 점검
• 주요 이슈 원인 분석 및 후속 조치 관리
• 정기 회의 자료 작성과 진행 현황 공유
• 현장 안전·보안·개인정보 보호 기준 준수","• 대형면허 및 버스 운전자격 관련 기본 지식 또는 실무 경험을 보유한 분
• 필수 자격·면허: 버스운전자격 보유자 또는 입사 전 취득 가능한 분
• 맡은 업무를 정확하게 기록하고 마감까지 책임질 수 있는 분
• 문서작성, 이메일, 스프레드시트 등 기본 업무도구 활용이 가능한 분
• 고객 및 유관 부서와 원활하게 소통하고 요청사항을 정리할 수 있는 분
• 예상하지 못한 상황에서도 우선순위를 판단해 대응할 수 있는 분
• 업무상 취급하는 자료와 고객 정보를 안전하게 관리할 수 있는 분
• 직무 관련 교육을 꾸준히 이수하며 전문성을 높일 분","• 버스기사 또는 유사 직무 경력 보유자
• 직무 관련 자격·면허 보유자: 버스운전자격
• 직무 관련 자격·면허 보유자: 1종 대형 운전면허
• ERP, WMS, CRM, POS 등 직무 관련 시스템 사용 경험자
• 수치와 데이터를 활용한 실적 분석 경험자
• 다양한 이해관계자와 협업해 문제를 해결한 경험자
• 외국어 또는 관련 법규·안전 기준을 활용할 수 있는 분","• 지원서 및 제출서류의 허위기재 또는 허위 제출
• 채용 과정에서 본인 확인이 불가능한 경우
• 채용검진 결과 업무 수행에 부적합하다고 판단되는 경우
• 해외여행 및 근무에 결격사유가 있는 경우
• 기타 회사 또는 기관의 인사규정상 채용이 불가능한 경우",서류전형 > 필기전형 > 면접전형 > 최종합격
710,버스기사 운영 매니저,96,71,20261104,20261123,10,신입·경력,계약직,서울특별시,학력무관,"공공서비스 운영기관에서 승객의 안전한 이동과 정시 운행을 책임지는 포지션을(를) 맡을 버스기사를 모집합니다.

이번 포지션은 노선운행, 승객안내, 차량점검, 운행일지을 중심으로 운영 현장의 품질과 일정, 고객 경험을 함께 관리하는 역할입니다.

성과와 고객 만족을 함께 고려하며 실질적인 변화를 만드는 역할입니다.

유관 부서 및 외부 파트너와 업무 기준을 공유하고, 이슈 발생 시 원인을 정리해 재발 방지 방안을 실행합니다.

초기에는 담당 업무의 프로세스와 시스템을 익히고, 이후에는 담당 영역의 지표 개선과 운영 표준화까지 주도하게 됩니다.","• 노선운행, 승객안내, 차량점검, 운행일지 및 일일 운영 현황 관리
• 업무 일정·실적·품질 지표 점검 및 보고
• 관련 시스템과 문서의 정확한 입력·관리
• 고객·협력사·유관 부서 문의 대응 및 이슈 조율
• 업무 절차 개선과 운영 리스크 사전 점검
• 주요 이슈 원인 분석 및 후속 조치 관리
• 정기 회의 자료 작성과 진행 현황 공유
• 업무 매뉴얼 정비와 신규 구성원 온보딩 지원","• 대형면허 및 버스 운전자격 관련 기본 지식 또는 실무 경험을 보유한 분
• 필수 자격·면허: 버스운전자격 보유자 또는 입사 전 취득 가능한 분
• 맡은 업무를 정확하게 기록하고 마감까지 책임질 수 있는 분
• 문서작성, 이메일, 스프레드시트 등 기본 업무도구 활용이 가능한 분
• 고객 및 유관 부서와 원활하게 소통하고 요청사항을 정리할 수 있는 분
• 예상하지 못한 상황에서도 우선순위를 판단해 대응할 수 있는 분
• 업무상 취급하는 자료와 고객 정보를 안전하게 관리할 수 있는 분
• 교대·주말·현장 근무가 포함될 수 있는 일정에 대응 가능한 분","• 버스기사 또는 유사 직무 경력 보유자
• 직무 관련 자격·면허 보유자: 버스운전자격
• 직무 관련 자격·면허 보유자: 1종 대형 운전면허
• ERP, WMS, CRM, POS 등 직무 관련 시스템 사용 경험자
• 수치와 데이터를 활용한 실적 분석 경험자
• 다양한 이해관계자와 협업해 문제를 해결한 경험자
• 신규 프로세스 구축이나 업무 자동화 경험자","• 지원서 및 제출서류의 허위기재 또는 허위 제출
• 채용 과정에서 본인 확인이 불가능한 경우
• 채용검진 결과 업무 수행에 부적합하다고 판단되는 경우
• 해외여행 및 근무에 결격사유가 있는 경우
• 기타 회사 또는 기관의 인사규정상 채용이 불가능한 경우",서류전형 > 실무면접 > 최종면접
711,택시기사 경력 채용,9,72,20261121,20261217,1,경력 3년 이상,무기계약직,광주광역시,학사 이상,"대기업 사업부에서 승객 편의와 안전을 우선하는 운송 포지션을(를) 맡을 택시기사를 모집합니다.

이번 포지션은 배차확인, 승객운송, 요금정산, 차량관리을 중심으로 운영 현장의 품질과 일정, 고객 경험을 함께 관리하는 역할입니다.

정확한 실행력과 협업을 바탕으로 안정적인 운영을 함께 만들어 갈 분을 찾습니다.

유관 부서 및 외부 파트너와 업무 기준을 공유하고, 이슈 발생 시 원인을 정리해 재발 방지 방안을 실행합니다.

초기에는 담당 업무의 프로세스와 시스템을 익히고, 이후에는 담당 영역의 지표 개선과 운영 표준화까지 주도하게 됩니다.","• 배차확인, 승객운송, 요금정산, 차량관리 및 일일 운영 현황 관리
• 업무 일정·실적·품질 지표 점검 및 보고
• 관련 시스템과 문서의 정확한 입력·관리
• 고객·협력사·유관 부서 문의 대응 및 이슈 조율
• 업무 절차 개선과 운영 리스크 사전 점검
• 주요 이슈 원인 분석 및 후속 조치 관리
• 정기 회의 자료 작성과 진행 현황 공유
• 현장 안전·보안·개인정보 보호 기준 준수","• 운전면허 및 운수종사자 자격 관련 기본 지식 또는 실무 경험을 보유한 분
• 필수 자격·면허: 택시운전자격 보유자 또는 입사 전 취득 가능한 분
• 맡은 업무를 정확하게 기록하고 마감까지 책임질 수 있는 분
• 문서작성, 이메일, 스프레드시트 등 기본 업무도구 활용이 가능한 분
• 고객 및 유관 부서와 원활하게 소통하고 요청사항을 정리할 수 있는 분
• 예상하지 못한 상황에서도 우선순위를 판단해 대응할 수 있는 분
• 업무상 취급하는 자료와 고객 정보를 안전하게 관리할 수 있는 분
• 직무 관련 교육을 꾸준히 이수하며 전문성을 높일 분","• 택시기사 또는 유사 직무 경력 보유자
• 직무 관련 자격·면허 보유자: 택시운전자격
• 직무 관련 자격·면허 보유자: 운전적성정밀검사 적합
• ERP, WMS, CRM, POS 등 직무 관련 시스템 사용 경험자
• 수치와 데이터를 활용한 실적 분석 경험자
• 다양한 이해관계자와 협업해 문제를 해결한 경험자
• 외국어 또는 관련 법규·안전 기준을 활용할 수 있는 분","• 지원서 및 제출서류의 허위기재 또는 허위 제출
• 채용 과정에서 본인 확인이 불가능한 경우
• 채용검진 결과 업무 수행에 부적합하다고 판단되는 경우
• 해외여행 및 근무에 결격사유가 있는 경우
• 기타 회사 또는 기관의 인사규정상 채용이 불가능한 경우",서류전형 > 직무과제 > 실무면접 > 최종합격
712,택시기사 현장 책임자,107,72,20261208,20270110,12,경력 5년 이상,기간제,경기도,석사 이상,"중견 제조기업에서 승객 편의와 안전을 우선하는 운송 포지션을(를) 맡을 택시기사를 모집합니다.

이번 포지션은 배차확인, 승객운송, 요금정산, 차량관리을 중심으로 운영 현장의 품질과 일정, 고객 경험을 함께 관리하는 역할입니다.

현장과 유관 부서의 요구를 연결하며 업무 품질을 높이는 역할입니다.

유관 부서 및 외부 파트너와 업무 기준을 공유하고, 이슈 발생 시 원인을 정리해 재발 방지 방안을 실행합니다.

초기에는 담당 업무의 프로세스와 시스템을 익히고, 이후에는 담당 영역의 지표 개선과 운영 표준화까지 주도하게 됩니다.","• 배차확인, 승객운송, 요금정산, 차량관리 및 일일 운영 현황 관리
• 업무 일정·실적·품질 지표 점검 및 보고
• 관련 시스템과 문서의 정확한 입력·관리
• 고객·협력사·유관 부서 문의 대응 및 이슈 조율
• 업무 절차 개선과 운영 리스크 사전 점검
• 주요 이슈 원인 분석 및 후속 조치 관리
• 정기 회의 자료 작성과 진행 현황 공유
• 업무 매뉴얼 정비와 신규 구성원 온보딩 지원","• 운전면허 및 운수종사자 자격 관련 기본 지식 또는 실무 경험을 보유한 분
• 필수 자격·면허: 택시운전자격 보유자 또는 입사 전 취득 가능한 분
• 맡은 업무를 정확하게 기록하고 마감까지 책임질 수 있는 분
• 문서작성, 이메일, 스프레드시트 등 기본 업무도구 활용이 가능한 분
• 고객 및 유관 부서와 원활하게 소통하고 요청사항을 정리할 수 있는 분
• 예상하지 못한 상황에서도 우선순위를 판단해 대응할 수 있는 분
• 업무상 취급하는 자료와 고객 정보를 안전하게 관리할 수 있는 분
• 직무 관련 교육을 꾸준히 이수하며 전문성을 높일 분","• 택시기사 또는 유사 직무 경력 보유자
• 직무 관련 자격·면허 보유자: 택시운전자격
• 직무 관련 자격·면허 보유자: 운전적성정밀검사 적합
• ERP, WMS, CRM, POS 등 직무 관련 시스템 사용 경험자
• 수치와 데이터를 활용한 실적 분석 경험자
• 다양한 이해관계자와 협업해 문제를 해결한 경험자
• 신규 프로세스 구축이나 업무 자동화 경험자","• 지원서 및 제출서류의 허위기재 또는 허위 제출
• 채용 과정에서 본인 확인이 불가능한 경우
• 채용검진 결과 업무 수행에 부적합하다고 판단되는 경우
• 해외여행 및 근무에 결격사유가 있는 경우
• 기타 회사 또는 기관의 인사규정상 채용이 불가능한 경우",서류전형 > 1차면접 > 2차면접 > 채용검진
713,택시기사 서비스 담당,70,72,20260114,20260223,3,경력 무관,정규직,충청남도,박사 이상,"전문 중소기업에서 승객 편의와 안전을 우선하는 운송 포지션을(를) 맡을 택시기사를 모집합니다.

이번 포지션은 배차확인, 승객운송, 요금정산, 차량관리을 중심으로 운영 현장의 품질과 일정, 고객 경험을 함께 관리하는 역할입니다.

업무 기준을 준수하면서도 개선점을 주도적으로 제안할 수 있는 분을 기다립니다.

유관 부서 및 외부 파트너와 업무 기준을 공유하고, 이슈 발생 시 원인을 정리해 재발 방지 방안을 실행합니다.

초기에는 담당 업무의 프로세스와 시스템을 익히고, 이후에는 담당 영역의 지표 개선과 운영 표준화까지 주도하게 됩니다.","• 배차확인, 승객운송, 요금정산, 차량관리 및 일일 운영 현황 관리
• 업무 일정·실적·품질 지표 점검 및 보고
• 관련 시스템과 문서의 정확한 입력·관리
• 고객·협력사·유관 부서 문의 대응 및 이슈 조율
• 업무 절차 개선과 운영 리스크 사전 점검
• 주요 이슈 원인 분석 및 후속 조치 관리
• 정기 회의 자료 작성과 진행 현황 공유
• 현장 안전·보안·개인정보 보호 기준 준수","• 운전면허 및 운수종사자 자격 관련 기본 지식 또는 실무 경험을 보유한 분
• 필수 자격·면허: 택시운전자격 보유자 또는 입사 전 취득 가능한 분
• 맡은 업무를 정확하게 기록하고 마감까지 책임질 수 있는 분
• 문서작성, 이메일, 스프레드시트 등 기본 업무도구 활용이 가능한 분
• 고객 및 유관 부서와 원활하게 소통하고 요청사항을 정리할 수 있는 분
• 예상하지 못한 상황에서도 우선순위를 판단해 대응할 수 있는 분
• 업무상 취급하는 자료와 고객 정보를 안전하게 관리할 수 있는 분
• 교대·주말·현장 근무가 포함될 수 있는 일정에 대응 가능한 분","• 택시기사 또는 유사 직무 경력 보유자
• 직무 관련 자격·면허 보유자: 택시운전자격
• 직무 관련 자격·면허 보유자: 운전적성정밀검사 적합
• ERP, WMS, CRM, POS 등 직무 관련 시스템 사용 경험자
• 수치와 데이터를 활용한 실적 분석 경험자
• 다양한 이해관계자와 협업해 문제를 해결한 경험자
• 외국어 또는 관련 법규·안전 기준을 활용할 수 있는 분","• 지원서 및 제출서류의 허위기재 또는 허위 제출
• 채용 과정에서 본인 확인이 불가능한 경우
• 채용검진 결과 업무 수행에 부적합하다고 판단되는 경우
• 해외여행 및 근무에 결격사유가 있는 경우
• 기타 회사 또는 기관의 인사규정상 채용이 불가능한 경우",서류전형 > 필기전형 > 면접전형 > 최종합격
714,택시기사 담당자,158,72,20260131,20260211,14,신입,계약직,경상북도,학력무관,"성장 단계 스타트업에서 승객 편의와 안전을 우선하는 운송 포지션을(를) 맡을 택시기사를 모집합니다.

이번 포지션은 배차확인, 승객운송, 요금정산, 차량관리을 중심으로 운영 현장의 품질과 일정, 고객 경험을 함께 관리하는 역할입니다.

고객과 동료에게 신뢰를 주는 태도로 맡은 업무를 끝까지 책임지는 포지션입니다.

유관 부서 및 외부 파트너와 업무 기준을 공유하고, 이슈 발생 시 원인을 정리해 재발 방지 방안을 실행합니다.

초기에는 담당 업무의 프로세스와 시스템을 익히고, 이후에는 담당 영역의 지표 개선과 운영 표준화까지 주도하게 됩니다.","• 배차확인, 승객운송, 요금정산, 차량관리 및 일일 운영 현황 관리
• 업무 일정·실적·품질 지표 점검 및 보고
• 관련 시스템과 문서의 정확한 입력·관리
• 고객·협력사·유관 부서 문의 대응 및 이슈 조율
• 업무 절차 개선과 운영 리스크 사전 점검
• 주요 이슈 원인 분석 및 후속 조치 관리
• 정기 회의 자료 작성과 진행 현황 공유
• 업무 매뉴얼 정비와 신규 구성원 온보딩 지원","• 운전면허 및 운수종사자 자격 관련 기본 지식 또는 실무 경험을 보유한 분
• 필수 자격·면허: 택시운전자격 보유자 또는 입사 전 취득 가능한 분
• 맡은 업무를 정확하게 기록하고 마감까지 책임질 수 있는 분
• 문서작성, 이메일, 스프레드시트 등 기본 업무도구 활용이 가능한 분
• 고객 및 유관 부서와 원활하게 소통하고 요청사항을 정리할 수 있는 분
• 예상하지 못한 상황에서도 우선순위를 판단해 대응할 수 있는 분
• 업무상 취급하는 자료와 고객 정보를 안전하게 관리할 수 있는 분
• 직무 관련 교육을 꾸준히 이수하며 전문성을 높일 분","• 택시기사 또는 유사 직무 경력 보유자
• 직무 관련 자격·면허 보유자: 택시운전자격
• 직무 관련 자격·면허 보유자: 운전적성정밀검사 적합
• ERP, WMS, CRM, POS 등 직무 관련 시스템 사용 경험자
• 수치와 데이터를 활용한 실적 분석 경험자
• 다양한 이해관계자와 협업해 문제를 해결한 경험자
• 신규 프로세스 구축이나 업무 자동화 경험자","• 지원서 및 제출서류의 허위기재 또는 허위 제출
• 채용 과정에서 본인 확인이 불가능한 경우
• 채용검진 결과 업무 수행에 부적합하다고 판단되는 경우
• 해외여행 및 근무에 결격사유가 있는 경우
• 기타 회사 또는 기관의 인사규정상 채용이 불가능한 경우",서류전형 > 실무면접 > 최종면접
715,택시기사 실무자,147,72,20260217,20260307,5,경력,무기계약직,서울특별시,전문학사 이상,"종합병원 운영조직에서 승객 편의와 안전을 우선하는 운송 포지션을(를) 맡을 택시기사를 모집합니다.

이번 포지션은 배차확인, 승객운송, 요금정산, 차량관리을 중심으로 운영 현장의 품질과 일정, 고객 경험을 함께 관리하는 역할입니다.

데이터와 현장 감각을 함께 활용해 반복 업무를 효율화하는 역할입니다.

유관 부서 및 외부 파트너와 업무 기준을 공유하고, 이슈 발생 시 원인을 정리해 재발 방지 방안을 실행합니다.

초기에는 담당 업무의 프로세스와 시스템을 익히고, 이후에는 담당 영역의 지표 개선과 운영 표준화까지 주도하게 됩니다.","• 배차확인, 승객운송, 요금정산, 차량관리 및 일일 운영 현황 관리
• 업무 일정·실적·품질 지표 점검 및 보고
• 관련 시스템과 문서의 정확한 입력·관리
• 고객·협력사·유관 부서 문의 대응 및 이슈 조율
• 업무 절차 개선과 운영 리스크 사전 점검
• 주요 이슈 원인 분석 및 후속 조치 관리
• 정기 회의 자료 작성과 진행 현황 공유
• 현장 안전·보안·개인정보 보호 기준 준수","• 운전면허 및 운수종사자 자격 관련 기본 지식 또는 실무 경험을 보유한 분
• 필수 자격·면허: 택시운전자격 보유자 또는 입사 전 취득 가능한 분
• 맡은 업무를 정확하게 기록하고 마감까지 책임질 수 있는 분
• 문서작성, 이메일, 스프레드시트 등 기본 업무도구 활용이 가능한 분
• 고객 및 유관 부서와 원활하게 소통하고 요청사항을 정리할 수 있는 분
• 예상하지 못한 상황에서도 우선순위를 판단해 대응할 수 있는 분
• 업무상 취급하는 자료와 고객 정보를 안전하게 관리할 수 있는 분
• 직무 관련 교육을 꾸준히 이수하며 전문성을 높일 분","• 택시기사 또는 유사 직무 경력 보유자
• 직무 관련 자격·면허 보유자: 택시운전자격
• 직무 관련 자격·면허 보유자: 운전적성정밀검사 적합
• ERP, WMS, CRM, POS 등 직무 관련 시스템 사용 경험자
• 수치와 데이터를 활용한 실적 분석 경험자
• 다양한 이해관계자와 협업해 문제를 해결한 경험자
• 외국어 또는 관련 법규·안전 기준을 활용할 수 있는 분","• 지원서 및 제출서류의 허위기재 또는 허위 제출
• 채용 과정에서 본인 확인이 불가능한 경우
• 채용검진 결과 업무 수행에 부적합하다고 판단되는 경우
• 해외여행 및 근무에 결격사유가 있는 경우
• 기타 회사 또는 기관의 인사규정상 채용이 불가능한 경우",서류전형 > 인성검사 > 실무면접 > 최종면접
716,택시기사 운영 매니저,131,72,20260306,20260331,16,신입·경력,기간제,대전광역시,학사 이상,"대학 산학협력단에서 승객 편의와 안전을 우선하는 운송 포지션을(를) 맡을 택시기사를 모집합니다.

이번 포지션은 배차확인, 승객운송, 요금정산, 차량관리을 중심으로 운영 현장의 품질과 일정, 고객 경험을 함께 관리하는 역할입니다.

정해진 절차를 지키되 상황에 맞게 유연하게 대응하는 실무자를 모집합니다.

유관 부서 및 외부 파트너와 업무 기준을 공유하고, 이슈 발생 시 원인을 정리해 재발 방지 방안을 실행합니다.

초기에는 담당 업무의 프로세스와 시스템을 익히고, 이후에는 담당 영역의 지표 개선과 운영 표준화까지 주도하게 됩니다.","• 배차확인, 승객운송, 요금정산, 차량관리 및 일일 운영 현황 관리
• 업무 일정·실적·품질 지표 점검 및 보고
• 관련 시스템과 문서의 정확한 입력·관리
• 고객·협력사·유관 부서 문의 대응 및 이슈 조율
• 업무 절차 개선과 운영 리스크 사전 점검
• 주요 이슈 원인 분석 및 후속 조치 관리
• 정기 회의 자료 작성과 진행 현황 공유
• 업무 매뉴얼 정비와 신규 구성원 온보딩 지원","• 운전면허 및 운수종사자 자격 관련 기본 지식 또는 실무 경험을 보유한 분
• 필수 자격·면허: 택시운전자격 보유자 또는 입사 전 취득 가능한 분
• 맡은 업무를 정확하게 기록하고 마감까지 책임질 수 있는 분
• 문서작성, 이메일, 스프레드시트 등 기본 업무도구 활용이 가능한 분
• 고객 및 유관 부서와 원활하게 소통하고 요청사항을 정리할 수 있는 분
• 예상하지 못한 상황에서도 우선순위를 판단해 대응할 수 있는 분
• 업무상 취급하는 자료와 고객 정보를 안전하게 관리할 수 있는 분
• 교대·주말·현장 근무가 포함될 수 있는 일정에 대응 가능한 분","• 택시기사 또는 유사 직무 경력 보유자
• 직무 관련 자격·면허 보유자: 택시운전자격
• 직무 관련 자격·면허 보유자: 운전적성정밀검사 적합
• ERP, WMS, CRM, POS 등 직무 관련 시스템 사용 경험자
• 수치와 데이터를 활용한 실적 분석 경험자
• 다양한 이해관계자와 협업해 문제를 해결한 경험자
• 신규 프로세스 구축이나 업무 자동화 경험자","• 지원서 및 제출서류의 허위기재 또는 허위 제출
• 채용 과정에서 본인 확인이 불가능한 경우
• 채용검진 결과 업무 수행에 부적합하다고 판단되는 경우
• 해외여행 및 근무에 결격사유가 있는 경우
• 기타 회사 또는 기관의 인사규정상 채용이 불가능한 경우",서류전형 > 직무과제 > 실무면접 > 최종합격
717,택시기사 전문 인력,95,72,20260323,20260424,7,경력 2년 이상,정규직,세종특별자치시,석사 이상,"기업 부설 연구소에서 승객 편의와 안전을 우선하는 운송 포지션을(를) 맡을 택시기사를 모집합니다.

이번 포지션은 배차확인, 승객운송, 요금정산, 차량관리을 중심으로 운영 현장의 품질과 일정, 고객 경험을 함께 관리하는 역할입니다.

부서 간 원활한 소통으로 일정과 품질을 안정적으로 관리하는 직무입니다.

유관 부서 및 외부 파트너와 업무 기준을 공유하고, 이슈 발생 시 원인을 정리해 재발 방지 방안을 실행합니다.

초기에는 담당 업무의 프로세스와 시스템을 익히고, 이후에는 담당 영역의 지표 개선과 운영 표준화까지 주도하게 됩니다.","• 배차확인, 승객운송, 요금정산, 차량관리 및 일일 운영 현황 관리
• 업무 일정·실적·품질 지표 점검 및 보고
• 관련 시스템과 문서의 정확한 입력·관리
• 고객·협력사·유관 부서 문의 대응 및 이슈 조율
• 업무 절차 개선과 운영 리스크 사전 점검
• 주요 이슈 원인 분석 및 후속 조치 관리
• 정기 회의 자료 작성과 진행 현황 공유
• 현장 안전·보안·개인정보 보호 기준 준수","• 운전면허 및 운수종사자 자격 관련 기본 지식 또는 실무 경험을 보유한 분
• 필수 자격·면허: 택시운전자격 보유자 또는 입사 전 취득 가능한 분
• 맡은 업무를 정확하게 기록하고 마감까지 책임질 수 있는 분
• 문서작성, 이메일, 스프레드시트 등 기본 업무도구 활용이 가능한 분
• 고객 및 유관 부서와 원활하게 소통하고 요청사항을 정리할 수 있는 분
• 예상하지 못한 상황에서도 우선순위를 판단해 대응할 수 있는 분
• 업무상 취급하는 자료와 고객 정보를 안전하게 관리할 수 있는 분
• 직무 관련 교육을 꾸준히 이수하며 전문성을 높일 분","• 택시기사 또는 유사 직무 경력 보유자
• 직무 관련 자격·면허 보유자: 택시운전자격
• 직무 관련 자격·면허 보유자: 운전적성정밀검사 적합
• ERP, WMS, CRM, POS 등 직무 관련 시스템 사용 경험자
• 수치와 데이터를 활용한 실적 분석 경험자
• 다양한 이해관계자와 협업해 문제를 해결한 경험자
• 외국어 또는 관련 법규·안전 기준을 활용할 수 있는 분","• 지원서 및 제출서류의 허위기재 또는 허위 제출
• 채용 과정에서 본인 확인이 불가능한 경우
• 채용검진 결과 업무 수행에 부적합하다고 판단되는 경우
• 해외여행 및 근무에 결격사유가 있는 경우
• 기타 회사 또는 기관의 인사규정상 채용이 불가능한 경우",서류전형 > 1차면접 > 2차면접 > 채용검진
718,택시기사 경력 채용,74,72,20260409,20260518,18,경력 3년 이상,계약직,충청북도,박사 이상,"전문 협회에서 승객 편의와 안전을 우선하는 운송 포지션을(를) 맡을 택시기사를 모집합니다.

이번 포지션은 배차확인, 승객운송, 요금정산, 차량관리을 중심으로 운영 현장의 품질과 일정, 고객 경험을 함께 관리하는 역할입니다.

서비스 품질과 안전을 우선하며 꾸준히 전문성을 쌓을 수 있는 포지션입니다.

유관 부서 및 외부 파트너와 업무 기준을 공유하고, 이슈 발생 시 원인을 정리해 재발 방지 방안을 실행합니다.

초기에는 담당 업무의 프로세스와 시스템을 익히고, 이후에는 담당 영역의 지표 개선과 운영 표준화까지 주도하게 됩니다.","• 배차확인, 승객운송, 요금정산, 차량관리 및 일일 운영 현황 관리
• 업무 일정·실적·품질 지표 점검 및 보고
• 관련 시스템과 문서의 정확한 입력·관리
• 고객·협력사·유관 부서 문의 대응 및 이슈 조율
• 업무 절차 개선과 운영 리스크 사전 점검
• 주요 이슈 원인 분석 및 후속 조치 관리
• 정기 회의 자료 작성과 진행 현황 공유
• 업무 매뉴얼 정비와 신규 구성원 온보딩 지원","• 운전면허 및 운수종사자 자격 관련 기본 지식 또는 실무 경험을 보유한 분
• 필수 자격·면허: 택시운전자격 보유자 또는 입사 전 취득 가능한 분
• 맡은 업무를 정확하게 기록하고 마감까지 책임질 수 있는 분
• 문서작성, 이메일, 스프레드시트 등 기본 업무도구 활용이 가능한 분
• 고객 및 유관 부서와 원활하게 소통하고 요청사항을 정리할 수 있는 분
• 예상하지 못한 상황에서도 우선순위를 판단해 대응할 수 있는 분
• 업무상 취급하는 자료와 고객 정보를 안전하게 관리할 수 있는 분
• 직무 관련 교육을 꾸준히 이수하며 전문성을 높일 분","• 택시기사 또는 유사 직무 경력 보유자
• 직무 관련 자격·면허 보유자: 택시운전자격
• 직무 관련 자격·면허 보유자: 운전적성정밀검사 적합
• ERP, WMS, CRM, POS 등 직무 관련 시스템 사용 경험자
• 수치와 데이터를 활용한 실적 분석 경험자
• 다양한 이해관계자와 협업해 문제를 해결한 경험자
• 신규 프로세스 구축이나 업무 자동화 경험자","• 지원서 및 제출서류의 허위기재 또는 허위 제출
• 채용 과정에서 본인 확인이 불가능한 경우
• 채용검진 결과 업무 수행에 부적합하다고 판단되는 경우
• 해외여행 및 근무에 결격사유가 있는 경우
• 기타 회사 또는 기관의 인사규정상 채용이 불가능한 경우",서류전형 > 필기전형 > 면접전형 > 최종합격
719,택시기사 현장 책임자,46,72,20260426,20260506,9,경력 5년 이상,무기계약직,전라남도,학력무관,"공공서비스 운영기관에서 승객 편의와 안전을 우선하는 운송 포지션을(를) 맡을 택시기사를 모집합니다.

이번 포지션은 배차확인, 승객운송, 요금정산, 차량관리을 중심으로 운영 현장의 품질과 일정, 고객 경험을 함께 관리하는 역할입니다.

기본기를 바탕으로 새로운 업무를 빠르게 익히고 실행할 분을 모십니다.

유관 부서 및 외부 파트너와 업무 기준을 공유하고, 이슈 발생 시 원인을 정리해 재발 방지 방안을 실행합니다.

초기에는 담당 업무의 프로세스와 시스템을 익히고, 이후에는 담당 영역의 지표 개선과 운영 표준화까지 주도하게 됩니다.","• 배차확인, 승객운송, 요금정산, 차량관리 및 일일 운영 현황 관리
• 업무 일정·실적·품질 지표 점검 및 보고
• 관련 시스템과 문서의 정확한 입력·관리
• 고객·협력사·유관 부서 문의 대응 및 이슈 조율
• 업무 절차 개선과 운영 리스크 사전 점검
• 주요 이슈 원인 분석 및 후속 조치 관리
• 정기 회의 자료 작성과 진행 현황 공유
• 현장 안전·보안·개인정보 보호 기준 준수","• 운전면허 및 운수종사자 자격 관련 기본 지식 또는 실무 경험을 보유한 분
• 필수 자격·면허: 택시운전자격 보유자 또는 입사 전 취득 가능한 분
• 맡은 업무를 정확하게 기록하고 마감까지 책임질 수 있는 분
• 문서작성, 이메일, 스프레드시트 등 기본 업무도구 활용이 가능한 분
• 고객 및 유관 부서와 원활하게 소통하고 요청사항을 정리할 수 있는 분
• 예상하지 못한 상황에서도 우선순위를 판단해 대응할 수 있는 분
• 업무상 취급하는 자료와 고객 정보를 안전하게 관리할 수 있는 분
• 교대·주말·현장 근무가 포함될 수 있는 일정에 대응 가능한 분","• 택시기사 또는 유사 직무 경력 보유자
• 직무 관련 자격·면허 보유자: 택시운전자격
• 직무 관련 자격·면허 보유자: 운전적성정밀검사 적합
• ERP, WMS, CRM, POS 등 직무 관련 시스템 사용 경험자
• 수치와 데이터를 활용한 실적 분석 경험자
• 다양한 이해관계자와 협업해 문제를 해결한 경험자
• 외국어 또는 관련 법규·안전 기준을 활용할 수 있는 분","• 지원서 및 제출서류의 허위기재 또는 허위 제출
• 채용 과정에서 본인 확인이 불가능한 경우
• 채용검진 결과 업무 수행에 부적합하다고 판단되는 경우
• 해외여행 및 근무에 결격사유가 있는 경우
• 기타 회사 또는 기관의 인사규정상 채용이 불가능한 경우",서류전형 > 실무면접 > 최종면접
720,택시기사 서비스 담당,120,72,20260513,20260530,20,경력 무관,기간제,제주특별자치도,전문학사 이상,"대기업 사업부에서 승객 편의와 안전을 우선하는 운송 포지션을(를) 맡을 택시기사를 모집합니다.

이번 포지션은 배차확인, 승객운송, 요금정산, 차량관리을 중심으로 운영 현장의 품질과 일정, 고객 경험을 함께 관리하는 역할입니다.

성과와 고객 만족을 함께 고려하며 실질적인 변화를 만드는 역할입니다.

유관 부서 및 외부 파트너와 업무 기준을 공유하고, 이슈 발생 시 원인을 정리해 재발 방지 방안을 실행합니다.

초기에는 담당 업무의 프로세스와 시스템을 익히고, 이후에는 담당 영역의 지표 개선과 운영 표준화까지 주도하게 됩니다.","• 배차확인, 승객운송, 요금정산, 차량관리 및 일일 운영 현황 관리
• 업무 일정·실적·품질 지표 점검 및 보고
• 관련 시스템과 문서의 정확한 입력·관리
• 고객·협력사·유관 부서 문의 대응 및 이슈 조율
• 업무 절차 개선과 운영 리스크 사전 점검
• 주요 이슈 원인 분석 및 후속 조치 관리
• 정기 회의 자료 작성과 진행 현황 공유
• 업무 매뉴얼 정비와 신규 구성원 온보딩 지원","• 운전면허 및 운수종사자 자격 관련 기본 지식 또는 실무 경험을 보유한 분
• 필수 자격·면허: 택시운전자격 보유자 또는 입사 전 취득 가능한 분
• 맡은 업무를 정확하게 기록하고 마감까지 책임질 수 있는 분
• 문서작성, 이메일, 스프레드시트 등 기본 업무도구 활용이 가능한 분
• 고객 및 유관 부서와 원활하게 소통하고 요청사항을 정리할 수 있는 분
• 예상하지 못한 상황에서도 우선순위를 판단해 대응할 수 있는 분
• 업무상 취급하는 자료와 고객 정보를 안전하게 관리할 수 있는 분
• 직무 관련 교육을 꾸준히 이수하며 전문성을 높일 분","• 택시기사 또는 유사 직무 경력 보유자
• 직무 관련 자격·면허 보유자: 택시운전자격
• 직무 관련 자격·면허 보유자: 운전적성정밀검사 적합
• ERP, WMS, CRM, POS 등 직무 관련 시스템 사용 경험자
• 수치와 데이터를 활용한 실적 분석 경험자
• 다양한 이해관계자와 협업해 문제를 해결한 경험자
• 신규 프로세스 구축이나 업무 자동화 경험자","• 지원서 및 제출서류의 허위기재 또는 허위 제출
• 채용 과정에서 본인 확인이 불가능한 경우
• 채용검진 결과 업무 수행에 부적합하다고 판단되는 경우
• 해외여행 및 근무에 결격사유가 있는 경우
• 기타 회사 또는 기관의 인사규정상 채용이 불가능한 경우",서류전형 > 인성검사 > 실무면접 > 최종면접
721,조종·기관사 실무자,139,73,20260530,20260623,11,경력,정규직,대전광역시,석사 이상,"중견 제조기업에서 운송수단의 운항 또는 기관 설비를 운용하는 포지션을(를) 맡을 조종·기관사를 모집합니다.

이번 포지션은 운항·기관 점검, 운전계획, 이상대응, 기록관리을 중심으로 운영 현장의 품질과 일정, 고객 경험을 함께 관리하는 역할입니다.

정확한 실행력과 협업을 바탕으로 안정적인 운영을 함께 만들어 갈 분을 찾습니다.

유관 부서 및 외부 파트너와 업무 기준을 공유하고, 이슈 발생 시 원인을 정리해 재발 방지 방안을 실행합니다.

초기에는 담당 업무의 프로세스와 시스템을 익히고, 이후에는 담당 영역의 지표 개선과 운영 표준화까지 주도하게 됩니다.","• 운항·기관 점검, 운전계획, 이상대응, 기록관리 및 일일 운영 현황 관리
• 업무 일정·실적·품질 지표 점검 및 보고
• 관련 시스템과 문서의 정확한 입력·관리
• 고객·협력사·유관 부서 문의 대응 및 이슈 조율
• 업무 절차 개선과 운영 리스크 사전 점검
• 주요 이슈 원인 분석 및 후속 조치 관리
• 정기 회의 자료 작성과 진행 현황 공유
• 현장 안전·보안·개인정보 보호 기준 준수","• 직무별 운항·기관사 면허 또는 자격 관련 기본 지식 또는 실무 경험을 보유한 분
• 필수 자격·면허: 철도교통관제자격증 보유자 또는 입사 전 취득 가능한 분
• 맡은 업무를 정확하게 기록하고 마감까지 책임질 수 있는 분
• 문서작성, 이메일, 스프레드시트 등 기본 업무도구 활용이 가능한 분
• 고객 및 유관 부서와 원활하게 소통하고 요청사항을 정리할 수 있는 분
• 예상하지 못한 상황에서도 우선순위를 판단해 대응할 수 있는 분
• 업무상 취급하는 자료와 고객 정보를 안전하게 관리할 수 있는 분
• 직무 관련 교육을 꾸준히 이수하며 전문성을 높일 분","• 조종·기관사 또는 유사 직무 경력 보유자
• 직무 관련 자격·면허 보유자: 철도교통관제자격증
• 직무 관련 자격·면허 보유자: 철도차량 운전면허
• ERP, WMS, CRM, POS 등 직무 관련 시스템 사용 경험자
• 수치와 데이터를 활용한 실적 분석 경험자
• 다양한 이해관계자와 협업해 문제를 해결한 경험자
• 외국어 또는 관련 법규·안전 기준을 활용할 수 있는 분","• 지원서 및 제출서류의 허위기재 또는 허위 제출
• 채용 과정에서 본인 확인이 불가능한 경우
• 채용검진 결과 업무 수행에 부적합하다고 판단되는 경우
• 해외여행 및 근무에 결격사유가 있는 경우
• 기타 회사 또는 기관의 인사규정상 채용이 불가능한 경우",서류전형 > 1차면접 > 2차면접 > 채용검진
722,조종·기관사 운영 매니저,87,73,20260616,20260717,2,신입·경력,계약직,세종특별자치시,박사 이상,"전문 중소기업에서 운송수단의 운항 또는 기관 설비를 운용하는 포지션을(를) 맡을 조종·기관사를 모집합니다.

이번 포지션은 운항·기관 점검, 운전계획, 이상대응, 기록관리을 중심으로 운영 현장의 품질과 일정, 고객 경험을 함께 관리하는 역할입니다.

현장과 유관 부서의 요구를 연결하며 업무 품질을 높이는 역할입니다.

유관 부서 및 외부 파트너와 업무 기준을 공유하고, 이슈 발생 시 원인을 정리해 재발 방지 방안을 실행합니다.

초기에는 담당 업무의 프로세스와 시스템을 익히고, 이후에는 담당 영역의 지표 개선과 운영 표준화까지 주도하게 됩니다.","• 운항·기관 점검, 운전계획, 이상대응, 기록관리 및 일일 운영 현황 관리
• 업무 일정·실적·품질 지표 점검 및 보고
• 관련 시스템과 문서의 정확한 입력·관리
• 고객·협력사·유관 부서 문의 대응 및 이슈 조율
• 업무 절차 개선과 운영 리스크 사전 점검
• 주요 이슈 원인 분석 및 후속 조치 관리
• 정기 회의 자료 작성과 진행 현황 공유
• 업무 매뉴얼 정비와 신규 구성원 온보딩 지원","• 직무별 운항·기관사 면허 또는 자격 관련 기본 지식 또는 실무 경험을 보유한 분
• 필수 자격·면허: 철도교통관제자격증 보유자 또는 입사 전 취득 가능한 분
• 맡은 업무를 정확하게 기록하고 마감까지 책임질 수 있는 분
• 문서작성, 이메일, 스프레드시트 등 기본 업무도구 활용이 가능한 분
• 고객 및 유관 부서와 원활하게 소통하고 요청사항을 정리할 수 있는 분
• 예상하지 못한 상황에서도 우선순위를 판단해 대응할 수 있는 분
• 업무상 취급하는 자료와 고객 정보를 안전하게 관리할 수 있는 분
• 교대·주말·현장 근무가 포함될 수 있는 일정에 대응 가능한 분","• 조종·기관사 또는 유사 직무 경력 보유자
• 직무 관련 자격·면허 보유자: 철도교통관제자격증
• 직무 관련 자격·면허 보유자: 철도차량 운전면허
• ERP, WMS, CRM, POS 등 직무 관련 시스템 사용 경험자
• 수치와 데이터를 활용한 실적 분석 경험자
• 다양한 이해관계자와 협업해 문제를 해결한 경험자
• 신규 프로세스 구축이나 업무 자동화 경험자","• 지원서 및 제출서류의 허위기재 또는 허위 제출
• 채용 과정에서 본인 확인이 불가능한 경우
• 채용검진 결과 업무 수행에 부적합하다고 판단되는 경우
• 해외여행 및 근무에 결격사유가 있는 경우
• 기타 회사 또는 기관의 인사규정상 채용이 불가능한 경우",서류전형 > 필기전형 > 면접전형 > 최종합격
723,조종·기관사 전문 인력,80,73,20260703,20260810,13,경력 2년 이상,무기계약직,충청북도,학력무관,"성장 단계 스타트업에서 운송수단의 운항 또는 기관 설비를 운용하는 포지션을(를) 맡을 조종·기관사를 모집합니다.

이번 포지션은 운항·기관 점검, 운전계획, 이상대응, 기록관리을 중심으로 운영 현장의 품질과 일정, 고객 경험을 함께 관리하는 역할입니다.

업무 기준을 준수하면서도 개선점을 주도적으로 제안할 수 있는 분을 기다립니다.

유관 부서 및 외부 파트너와 업무 기준을 공유하고, 이슈 발생 시 원인을 정리해 재발 방지 방안을 실행합니다.

초기에는 담당 업무의 프로세스와 시스템을 익히고, 이후에는 담당 영역의 지표 개선과 운영 표준화까지 주도하게 됩니다.","• 운항·기관 점검, 운전계획, 이상대응, 기록관리 및 일일 운영 현황 관리
• 업무 일정·실적·품질 지표 점검 및 보고
• 관련 시스템과 문서의 정확한 입력·관리
• 고객·협력사·유관 부서 문의 대응 및 이슈 조율
• 업무 절차 개선과 운영 리스크 사전 점검
• 주요 이슈 원인 분석 및 후속 조치 관리
• 정기 회의 자료 작성과 진행 현황 공유
• 현장 안전·보안·개인정보 보호 기준 준수","• 직무별 운항·기관사 면허 또는 자격 관련 기본 지식 또는 실무 경험을 보유한 분
• 필수 자격·면허: 철도교통관제자격증 보유자 또는 입사 전 취득 가능한 분
• 맡은 업무를 정확하게 기록하고 마감까지 책임질 수 있는 분
• 문서작성, 이메일, 스프레드시트 등 기본 업무도구 활용이 가능한 분
• 고객 및 유관 부서와 원활하게 소통하고 요청사항을 정리할 수 있는 분
• 예상하지 못한 상황에서도 우선순위를 판단해 대응할 수 있는 분
• 업무상 취급하는 자료와 고객 정보를 안전하게 관리할 수 있는 분
• 직무 관련 교육을 꾸준히 이수하며 전문성을 높일 분","• 조종·기관사 또는 유사 직무 경력 보유자
• 직무 관련 자격·면허 보유자: 철도교통관제자격증
• 직무 관련 자격·면허 보유자: 철도차량 운전면허
• ERP, WMS, CRM, POS 등 직무 관련 시스템 사용 경험자
• 수치와 데이터를 활용한 실적 분석 경험자
• 다양한 이해관계자와 협업해 문제를 해결한 경험자
• 외국어 또는 관련 법규·안전 기준을 활용할 수 있는 분","• 지원서 및 제출서류의 허위기재 또는 허위 제출
• 채용 과정에서 본인 확인이 불가능한 경우
• 채용검진 결과 업무 수행에 부적합하다고 판단되는 경우
• 해외여행 및 근무에 결격사유가 있는 경우
• 기타 회사 또는 기관의 인사규정상 채용이 불가능한 경우",서류전형 > 실무면접 > 최종면접
724,조종·기관사 경력 채용,102,73,20260720,20260903,4,경력 3년 이상,기간제,전라남도,전문학사 이상,"종합병원 운영조직에서 운송수단의 운항 또는 기관 설비를 운용하는 포지션을(를) 맡을 조종·기관사를 모집합니다.

이번 포지션은 운항·기관 점검, 운전계획, 이상대응, 기록관리을 중심으로 운영 현장의 품질과 일정, 고객 경험을 함께 관리하는 역할입니다.

고객과 동료에게 신뢰를 주는 태도로 맡은 업무를 끝까지 책임지는 포지션입니다.

유관 부서 및 외부 파트너와 업무 기준을 공유하고, 이슈 발생 시 원인을 정리해 재발 방지 방안을 실행합니다.

초기에는 담당 업무의 프로세스와 시스템을 익히고, 이후에는 담당 영역의 지표 개선과 운영 표준화까지 주도하게 됩니다.","• 운항·기관 점검, 운전계획, 이상대응, 기록관리 및 일일 운영 현황 관리
• 업무 일정·실적·품질 지표 점검 및 보고
• 관련 시스템과 문서의 정확한 입력·관리
• 고객·협력사·유관 부서 문의 대응 및 이슈 조율
• 업무 절차 개선과 운영 리스크 사전 점검
• 주요 이슈 원인 분석 및 후속 조치 관리
• 정기 회의 자료 작성과 진행 현황 공유
• 업무 매뉴얼 정비와 신규 구성원 온보딩 지원","• 직무별 운항·기관사 면허 또는 자격 관련 기본 지식 또는 실무 경험을 보유한 분
• 필수 자격·면허: 철도교통관제자격증 보유자 또는 입사 전 취득 가능한 분
• 맡은 업무를 정확하게 기록하고 마감까지 책임질 수 있는 분
• 문서작성, 이메일, 스프레드시트 등 기본 업무도구 활용이 가능한 분
• 고객 및 유관 부서와 원활하게 소통하고 요청사항을 정리할 수 있는 분
• 예상하지 못한 상황에서도 우선순위를 판단해 대응할 수 있는 분
• 업무상 취급하는 자료와 고객 정보를 안전하게 관리할 수 있는 분
• 직무 관련 교육을 꾸준히 이수하며 전문성을 높일 분","• 조종·기관사 또는 유사 직무 경력 보유자
• 직무 관련 자격·면허 보유자: 철도교통관제자격증
• 직무 관련 자격·면허 보유자: 철도차량 운전면허
• ERP, WMS, CRM, POS 등 직무 관련 시스템 사용 경험자
• 수치와 데이터를 활용한 실적 분석 경험자
• 다양한 이해관계자와 협업해 문제를 해결한 경험자
• 신규 프로세스 구축이나 업무 자동화 경험자","• 지원서 및 제출서류의 허위기재 또는 허위 제출
• 채용 과정에서 본인 확인이 불가능한 경우
• 채용검진 결과 업무 수행에 부적합하다고 판단되는 경우
• 해외여행 및 근무에 결격사유가 있는 경우
• 기타 회사 또는 기관의 인사규정상 채용이 불가능한 경우",서류전형 > 인성검사 > 실무면접 > 최종면접
725,조종·기관사 현장 책임자,27,73,20260806,20260822,15,경력 5년 이상,정규직,제주특별자치도,학사 이상,"대학 산학협력단에서 운송수단의 운항 또는 기관 설비를 운용하는 포지션을(를) 맡을 조종·기관사를 모집합니다.

이번 포지션은 운항·기관 점검, 운전계획, 이상대응, 기록관리을 중심으로 운영 현장의 품질과 일정, 고객 경험을 함께 관리하는 역할입니다.

데이터와 현장 감각을 함께 활용해 반복 업무를 효율화하는 역할입니다.

유관 부서 및 외부 파트너와 업무 기준을 공유하고, 이슈 발생 시 원인을 정리해 재발 방지 방안을 실행합니다.

초기에는 담당 업무의 프로세스와 시스템을 익히고, 이후에는 담당 영역의 지표 개선과 운영 표준화까지 주도하게 됩니다.","• 운항·기관 점검, 운전계획, 이상대응, 기록관리 및 일일 운영 현황 관리
• 업무 일정·실적·품질 지표 점검 및 보고
• 관련 시스템과 문서의 정확한 입력·관리
• 고객·협력사·유관 부서 문의 대응 및 이슈 조율
• 업무 절차 개선과 운영 리스크 사전 점검
• 주요 이슈 원인 분석 및 후속 조치 관리
• 정기 회의 자료 작성과 진행 현황 공유
• 현장 안전·보안·개인정보 보호 기준 준수","• 직무별 운항·기관사 면허 또는 자격 관련 기본 지식 또는 실무 경험을 보유한 분
• 필수 자격·면허: 철도교통관제자격증 보유자 또는 입사 전 취득 가능한 분
• 맡은 업무를 정확하게 기록하고 마감까지 책임질 수 있는 분
• 문서작성, 이메일, 스프레드시트 등 기본 업무도구 활용이 가능한 분
• 고객 및 유관 부서와 원활하게 소통하고 요청사항을 정리할 수 있는 분
• 예상하지 못한 상황에서도 우선순위를 판단해 대응할 수 있는 분
• 업무상 취급하는 자료와 고객 정보를 안전하게 관리할 수 있는 분
• 교대·주말·현장 근무가 포함될 수 있는 일정에 대응 가능한 분","• 조종·기관사 또는 유사 직무 경력 보유자
• 직무 관련 자격·면허 보유자: 철도교통관제자격증
• 직무 관련 자격·면허 보유자: 철도차량 운전면허
• ERP, WMS, CRM, POS 등 직무 관련 시스템 사용 경험자
• 수치와 데이터를 활용한 실적 분석 경험자
• 다양한 이해관계자와 협업해 문제를 해결한 경험자
• 외국어 또는 관련 법규·안전 기준을 활용할 수 있는 분","• 지원서 및 제출서류의 허위기재 또는 허위 제출
• 채용 과정에서 본인 확인이 불가능한 경우
• 채용검진 결과 업무 수행에 부적합하다고 판단되는 경우
• 해외여행 및 근무에 결격사유가 있는 경우
• 기타 회사 또는 기관의 인사규정상 채용이 불가능한 경우",서류전형 > 직무과제 > 실무면접 > 최종합격
726,조종·기관사 서비스 담당,145,73,20260823,20260915,6,경력 무관,계약직,인천광역시,석사 이상,"기업 부설 연구소에서 운송수단의 운항 또는 기관 설비를 운용하는 포지션을(를) 맡을 조종·기관사를 모집합니다.

이번 포지션은 운항·기관 점검, 운전계획, 이상대응, 기록관리을 중심으로 운영 현장의 품질과 일정, 고객 경험을 함께 관리하는 역할입니다.

정해진 절차를 지키되 상황에 맞게 유연하게 대응하는 실무자를 모집합니다.

유관 부서 및 외부 파트너와 업무 기준을 공유하고, 이슈 발생 시 원인을 정리해 재발 방지 방안을 실행합니다.

초기에는 담당 업무의 프로세스와 시스템을 익히고, 이후에는 담당 영역의 지표 개선과 운영 표준화까지 주도하게 됩니다.","• 운항·기관 점검, 운전계획, 이상대응, 기록관리 및 일일 운영 현황 관리
• 업무 일정·실적·품질 지표 점검 및 보고
• 관련 시스템과 문서의 정확한 입력·관리
• 고객·협력사·유관 부서 문의 대응 및 이슈 조율
• 업무 절차 개선과 운영 리스크 사전 점검
• 주요 이슈 원인 분석 및 후속 조치 관리
• 정기 회의 자료 작성과 진행 현황 공유
• 업무 매뉴얼 정비와 신규 구성원 온보딩 지원","• 직무별 운항·기관사 면허 또는 자격 관련 기본 지식 또는 실무 경험을 보유한 분
• 필수 자격·면허: 철도교통관제자격증 보유자 또는 입사 전 취득 가능한 분
• 맡은 업무를 정확하게 기록하고 마감까지 책임질 수 있는 분
• 문서작성, 이메일, 스프레드시트 등 기본 업무도구 활용이 가능한 분
• 고객 및 유관 부서와 원활하게 소통하고 요청사항을 정리할 수 있는 분
• 예상하지 못한 상황에서도 우선순위를 판단해 대응할 수 있는 분
• 업무상 취급하는 자료와 고객 정보를 안전하게 관리할 수 있는 분
• 직무 관련 교육을 꾸준히 이수하며 전문성을 높일 분","• 조종·기관사 또는 유사 직무 경력 보유자
• 직무 관련 자격·면허 보유자: 철도교통관제자격증
• 직무 관련 자격·면허 보유자: 철도차량 운전면허
• ERP, WMS, CRM, POS 등 직무 관련 시스템 사용 경험자
• 수치와 데이터를 활용한 실적 분석 경험자
• 다양한 이해관계자와 협업해 문제를 해결한 경험자
• 신규 프로세스 구축이나 업무 자동화 경험자","• 지원서 및 제출서류의 허위기재 또는 허위 제출
• 채용 과정에서 본인 확인이 불가능한 경우
• 채용검진 결과 업무 수행에 부적합하다고 판단되는 경우
• 해외여행 및 근무에 결격사유가 있는 경우
• 기타 회사 또는 기관의 인사규정상 채용이 불가능한 경우",서류전형 > 1차면접 > 2차면접 > 채용검진
727,조종·기관사 담당자,86,73,20260909,20261009,17,신입,무기계약직,울산광역시,박사 이상,"전문 협회에서 운송수단의 운항 또는 기관 설비를 운용하는 포지션을(를) 맡을 조종·기관사를 모집합니다.

이번 포지션은 운항·기관 점검, 운전계획, 이상대응, 기록관리을 중심으로 운영 현장의 품질과 일정, 고객 경험을 함께 관리하는 역할입니다.

부서 간 원활한 소통으로 일정과 품질을 안정적으로 관리하는 직무입니다.

유관 부서 및 외부 파트너와 업무 기준을 공유하고, 이슈 발생 시 원인을 정리해 재발 방지 방안을 실행합니다.

초기에는 담당 업무의 프로세스와 시스템을 익히고, 이후에는 담당 영역의 지표 개선과 운영 표준화까지 주도하게 됩니다.","• 운항·기관 점검, 운전계획, 이상대응, 기록관리 및 일일 운영 현황 관리
• 업무 일정·실적·품질 지표 점검 및 보고
• 관련 시스템과 문서의 정확한 입력·관리
• 고객·협력사·유관 부서 문의 대응 및 이슈 조율
• 업무 절차 개선과 운영 리스크 사전 점검
• 주요 이슈 원인 분석 및 후속 조치 관리
• 정기 회의 자료 작성과 진행 현황 공유
• 현장 안전·보안·개인정보 보호 기준 준수","• 직무별 운항·기관사 면허 또는 자격 관련 기본 지식 또는 실무 경험을 보유한 분
• 필수 자격·면허: 철도교통관제자격증 보유자 또는 입사 전 취득 가능한 분
• 맡은 업무를 정확하게 기록하고 마감까지 책임질 수 있는 분
• 문서작성, 이메일, 스프레드시트 등 기본 업무도구 활용이 가능한 분
• 고객 및 유관 부서와 원활하게 소통하고 요청사항을 정리할 수 있는 분
• 예상하지 못한 상황에서도 우선순위를 판단해 대응할 수 있는 분
• 업무상 취급하는 자료와 고객 정보를 안전하게 관리할 수 있는 분
• 직무 관련 교육을 꾸준히 이수하며 전문성을 높일 분","• 조종·기관사 또는 유사 직무 경력 보유자
• 직무 관련 자격·면허 보유자: 철도교통관제자격증
• 직무 관련 자격·면허 보유자: 철도차량 운전면허
• ERP, WMS, CRM, POS 등 직무 관련 시스템 사용 경험자
• 수치와 데이터를 활용한 실적 분석 경험자
• 다양한 이해관계자와 협업해 문제를 해결한 경험자
• 외국어 또는 관련 법규·안전 기준을 활용할 수 있는 분","• 지원서 및 제출서류의 허위기재 또는 허위 제출
• 채용 과정에서 본인 확인이 불가능한 경우
• 채용검진 결과 업무 수행에 부적합하다고 판단되는 경우
• 해외여행 및 근무에 결격사유가 있는 경우
• 기타 회사 또는 기관의 인사규정상 채용이 불가능한 경우",서류전형 > 필기전형 > 면접전형 > 최종합격
728,조종·기관사 실무자,148,73,20260926,20261102,8,경력,기간제,강원특별자치도,학력무관,"공공서비스 운영기관에서 운송수단의 운항 또는 기관 설비를 운용하는 포지션을(를) 맡을 조종·기관사를 모집합니다.

이번 포지션은 운항·기관 점검, 운전계획, 이상대응, 기록관리을 중심으로 운영 현장의 품질과 일정, 고객 경험을 함께 관리하는 역할입니다.

서비스 품질과 안전을 우선하며 꾸준히 전문성을 쌓을 수 있는 포지션입니다.

유관 부서 및 외부 파트너와 업무 기준을 공유하고, 이슈 발생 시 원인을 정리해 재발 방지 방안을 실행합니다.

초기에는 담당 업무의 프로세스와 시스템을 익히고, 이후에는 담당 영역의 지표 개선과 운영 표준화까지 주도하게 됩니다.","• 운항·기관 점검, 운전계획, 이상대응, 기록관리 및 일일 운영 현황 관리
• 업무 일정·실적·품질 지표 점검 및 보고
• 관련 시스템과 문서의 정확한 입력·관리
• 고객·협력사·유관 부서 문의 대응 및 이슈 조율
• 업무 절차 개선과 운영 리스크 사전 점검
• 주요 이슈 원인 분석 및 후속 조치 관리
• 정기 회의 자료 작성과 진행 현황 공유
• 업무 매뉴얼 정비와 신규 구성원 온보딩 지원","• 직무별 운항·기관사 면허 또는 자격 관련 기본 지식 또는 실무 경험을 보유한 분
• 필수 자격·면허: 철도교통관제자격증 보유자 또는 입사 전 취득 가능한 분
• 맡은 업무를 정확하게 기록하고 마감까지 책임질 수 있는 분
• 문서작성, 이메일, 스프레드시트 등 기본 업무도구 활용이 가능한 분
• 고객 및 유관 부서와 원활하게 소통하고 요청사항을 정리할 수 있는 분
• 예상하지 못한 상황에서도 우선순위를 판단해 대응할 수 있는 분
• 업무상 취급하는 자료와 고객 정보를 안전하게 관리할 수 있는 분
• 교대·주말·현장 근무가 포함될 수 있는 일정에 대응 가능한 분","• 조종·기관사 또는 유사 직무 경력 보유자
• 직무 관련 자격·면허 보유자: 철도교통관제자격증
• 직무 관련 자격·면허 보유자: 철도차량 운전면허
• ERP, WMS, CRM, POS 등 직무 관련 시스템 사용 경험자
• 수치와 데이터를 활용한 실적 분석 경험자
• 다양한 이해관계자와 협업해 문제를 해결한 경험자
• 신규 프로세스 구축이나 업무 자동화 경험자","• 지원서 및 제출서류의 허위기재 또는 허위 제출
• 채용 과정에서 본인 확인이 불가능한 경우
• 채용검진 결과 업무 수행에 부적합하다고 판단되는 경우
• 해외여행 및 근무에 결격사유가 있는 경우
• 기타 회사 또는 기관의 인사규정상 채용이 불가능한 경우",서류전형 > 실무면접 > 최종면접
729,조종·기관사 운영 매니저,30,73,20261013,20261126,19,신입·경력,정규직,전라북도,전문학사 이상,"대기업 사업부에서 운송수단의 운항 또는 기관 설비를 운용하는 포지션을(를) 맡을 조종·기관사를 모집합니다.

이번 포지션은 운항·기관 점검, 운전계획, 이상대응, 기록관리을 중심으로 운영 현장의 품질과 일정, 고객 경험을 함께 관리하는 역할입니다.

기본기를 바탕으로 새로운 업무를 빠르게 익히고 실행할 분을 모십니다.

유관 부서 및 외부 파트너와 업무 기준을 공유하고, 이슈 발생 시 원인을 정리해 재발 방지 방안을 실행합니다.

초기에는 담당 업무의 프로세스와 시스템을 익히고, 이후에는 담당 영역의 지표 개선과 운영 표준화까지 주도하게 됩니다.","• 운항·기관 점검, 운전계획, 이상대응, 기록관리 및 일일 운영 현황 관리
• 업무 일정·실적·품질 지표 점검 및 보고
• 관련 시스템과 문서의 정확한 입력·관리
• 고객·협력사·유관 부서 문의 대응 및 이슈 조율
• 업무 절차 개선과 운영 리스크 사전 점검
• 주요 이슈 원인 분석 및 후속 조치 관리
• 정기 회의 자료 작성과 진행 현황 공유
• 현장 안전·보안·개인정보 보호 기준 준수","• 직무별 운항·기관사 면허 또는 자격 관련 기본 지식 또는 실무 경험을 보유한 분
• 필수 자격·면허: 철도교통관제자격증 보유자 또는 입사 전 취득 가능한 분
• 맡은 업무를 정확하게 기록하고 마감까지 책임질 수 있는 분
• 문서작성, 이메일, 스프레드시트 등 기본 업무도구 활용이 가능한 분
• 고객 및 유관 부서와 원활하게 소통하고 요청사항을 정리할 수 있는 분
• 예상하지 못한 상황에서도 우선순위를 판단해 대응할 수 있는 분
• 업무상 취급하는 자료와 고객 정보를 안전하게 관리할 수 있는 분
• 직무 관련 교육을 꾸준히 이수하며 전문성을 높일 분","• 조종·기관사 또는 유사 직무 경력 보유자
• 직무 관련 자격·면허 보유자: 철도교통관제자격증
• 직무 관련 자격·면허 보유자: 철도차량 운전면허
• ERP, WMS, CRM, POS 등 직무 관련 시스템 사용 경험자
• 수치와 데이터를 활용한 실적 분석 경험자
• 다양한 이해관계자와 협업해 문제를 해결한 경험자
• 외국어 또는 관련 법규·안전 기준을 활용할 수 있는 분","• 지원서 및 제출서류의 허위기재 또는 허위 제출
• 채용 과정에서 본인 확인이 불가능한 경우
• 채용검진 결과 업무 수행에 부적합하다고 판단되는 경우
• 해외여행 및 근무에 결격사유가 있는 경우
• 기타 회사 또는 기관의 인사규정상 채용이 불가능한 경우",서류전형 > 인성검사 > 실무면접 > 최종면접
730,조종·기관사 전문 인력,102,73,20261030,20261114,10,경력 2년 이상,계약직,경상남도,학사 이상,"중견 제조기업에서 운송수단의 운항 또는 기관 설비를 운용하는 포지션을(를) 맡을 조종·기관사를 모집합니다.

이번 포지션은 운항·기관 점검, 운전계획, 이상대응, 기록관리을 중심으로 운영 현장의 품질과 일정, 고객 경험을 함께 관리하는 역할입니다.

성과와 고객 만족을 함께 고려하며 실질적인 변화를 만드는 역할입니다.

유관 부서 및 외부 파트너와 업무 기준을 공유하고, 이슈 발생 시 원인을 정리해 재발 방지 방안을 실행합니다.

초기에는 담당 업무의 프로세스와 시스템을 익히고, 이후에는 담당 영역의 지표 개선과 운영 표준화까지 주도하게 됩니다.","• 운항·기관 점검, 운전계획, 이상대응, 기록관리 및 일일 운영 현황 관리
• 업무 일정·실적·품질 지표 점검 및 보고
• 관련 시스템과 문서의 정확한 입력·관리
• 고객·협력사·유관 부서 문의 대응 및 이슈 조율
• 업무 절차 개선과 운영 리스크 사전 점검
• 주요 이슈 원인 분석 및 후속 조치 관리
• 정기 회의 자료 작성과 진행 현황 공유
• 업무 매뉴얼 정비와 신규 구성원 온보딩 지원","• 직무별 운항·기관사 면허 또는 자격 관련 기본 지식 또는 실무 경험을 보유한 분
• 필수 자격·면허: 철도교통관제자격증 보유자 또는 입사 전 취득 가능한 분
• 맡은 업무를 정확하게 기록하고 마감까지 책임질 수 있는 분
• 문서작성, 이메일, 스프레드시트 등 기본 업무도구 활용이 가능한 분
• 고객 및 유관 부서와 원활하게 소통하고 요청사항을 정리할 수 있는 분
• 예상하지 못한 상황에서도 우선순위를 판단해 대응할 수 있는 분
• 업무상 취급하는 자료와 고객 정보를 안전하게 관리할 수 있는 분
• 직무 관련 교육을 꾸준히 이수하며 전문성을 높일 분","• 조종·기관사 또는 유사 직무 경력 보유자
• 직무 관련 자격·면허 보유자: 철도교통관제자격증
• 직무 관련 자격·면허 보유자: 철도차량 운전면허
• ERP, WMS, CRM, POS 등 직무 관련 시스템 사용 경험자
• 수치와 데이터를 활용한 실적 분석 경험자
• 다양한 이해관계자와 협업해 문제를 해결한 경험자
• 신규 프로세스 구축이나 업무 자동화 경험자","• 지원서 및 제출서류의 허위기재 또는 허위 제출
• 채용 과정에서 본인 확인이 불가능한 경우
• 채용검진 결과 업무 수행에 부적합하다고 판단되는 경우
• 해외여행 및 근무에 결격사유가 있는 경우
• 기타 회사 또는 기관의 인사규정상 채용이 불가능한 경우",서류전형 > 직무과제 > 실무면접 > 최종합격
731,제품영업 현장 책임자,49,74,20261116,20261208,1,경력 5년 이상,무기계약직,인천광역시,박사 이상,"전문 중소기업에서 제품의 시장 확대와 거래처 매출을 만드는 포지션을(를) 맡을 제품영업를 모집합니다.

이번 포지션은 신규고객, 제안, 견적, 계약, 매출관리을 중심으로 운영 현장의 품질과 일정, 고객 경험을 함께 관리하는 역할입니다.

정확한 실행력과 협업을 바탕으로 안정적인 운영을 함께 만들어 갈 분을 찾습니다.

유관 부서 및 외부 파트너와 업무 기준을 공유하고, 이슈 발생 시 원인을 정리해 재발 방지 방안을 실행합니다.

초기에는 담당 업무의 프로세스와 시스템을 익히고, 이후에는 담당 영역의 지표 개선과 운영 표준화까지 주도하게 됩니다.","• 신규고객, 제안, 견적, 계약, 매출관리 및 일일 운영 현황 관리
• 업무 일정·실적·품질 지표 점검 및 보고
• 관련 시스템과 문서의 정확한 입력·관리
• 고객·협력사·유관 부서 문의 대응 및 이슈 조율
• 업무 절차 개선과 운영 리스크 사전 점검
• 주요 이슈 원인 분석 및 후속 조치 관리
• 정기 회의 자료 작성과 진행 현황 공유
• 현장 안전·보안·개인정보 보호 기준 준수","• 제품 이해도와 영업 커뮤니케이션 관련 기본 지식 또는 실무 경험을 보유한 분
• 필수 자격·면허: 자동차운전면허 보유자 또는 입사 전 취득 가능한 분
• 맡은 업무를 정확하게 기록하고 마감까지 책임질 수 있는 분
• 문서작성, 이메일, 스프레드시트 등 기본 업무도구 활용이 가능한 분
• 고객 및 유관 부서와 원활하게 소통하고 요청사항을 정리할 수 있는 분
• 예상하지 못한 상황에서도 우선순위를 판단해 대응할 수 있는 분
• 업무상 취급하는 자료와 고객 정보를 안전하게 관리할 수 있는 분
• 교대·주말·현장 근무가 포함될 수 있는 일정에 대응 가능한 분","• 제품영업 또는 유사 직무 경력 보유자
• 직무 관련 자격·면허 보유자: 자동차운전면허
• 직무 관련 자격·면허 보유자: 유통관리사 2급
• ERP, WMS, CRM, POS 등 직무 관련 시스템 사용 경험자
• 수치와 데이터를 활용한 실적 분석 경험자
• 다양한 이해관계자와 협업해 문제를 해결한 경험자
• 외국어 또는 관련 법규·안전 기준을 활용할 수 있는 분","• 지원서 및 제출서류의 허위기재 또는 허위 제출
• 채용 과정에서 본인 확인이 불가능한 경우
• 채용검진 결과 업무 수행에 부적합하다고 판단되는 경우
• 해외여행 및 근무에 결격사유가 있는 경우
• 기타 회사 또는 기관의 인사규정상 채용이 불가능한 경우",서류전형 > 필기전형 > 면접전형 > 최종합격
732,제품영업 서비스 담당,37,74,20261203,20270101,12,경력 무관,기간제,울산광역시,학력무관,"성장 단계 스타트업에서 제품의 시장 확대와 거래처 매출을 만드는 포지션을(를) 맡을 제품영업를 모집합니다.

이번 포지션은 신규고객, 제안, 견적, 계약, 매출관리을 중심으로 운영 현장의 품질과 일정, 고객 경험을 함께 관리하는 역할입니다.

현장과 유관 부서의 요구를 연결하며 업무 품질을 높이는 역할입니다.

유관 부서 및 외부 파트너와 업무 기준을 공유하고, 이슈 발생 시 원인을 정리해 재발 방지 방안을 실행합니다.

초기에는 담당 업무의 프로세스와 시스템을 익히고, 이후에는 담당 영역의 지표 개선과 운영 표준화까지 주도하게 됩니다.","• 신규고객, 제안, 견적, 계약, 매출관리 및 일일 운영 현황 관리
• 업무 일정·실적·품질 지표 점검 및 보고
• 관련 시스템과 문서의 정확한 입력·관리
• 고객·협력사·유관 부서 문의 대응 및 이슈 조율
• 업무 절차 개선과 운영 리스크 사전 점검
• 주요 이슈 원인 분석 및 후속 조치 관리
• 정기 회의 자료 작성과 진행 현황 공유
• 업무 매뉴얼 정비와 신규 구성원 온보딩 지원","• 제품 이해도와 영업 커뮤니케이션 관련 기본 지식 또는 실무 경험을 보유한 분
• 필수 자격·면허: 자동차운전면허 보유자 또는 입사 전 취득 가능한 분
• 맡은 업무를 정확하게 기록하고 마감까지 책임질 수 있는 분
• 문서작성, 이메일, 스프레드시트 등 기본 업무도구 활용이 가능한 분
• 고객 및 유관 부서와 원활하게 소통하고 요청사항을 정리할 수 있는 분
• 예상하지 못한 상황에서도 우선순위를 판단해 대응할 수 있는 분
• 업무상 취급하는 자료와 고객 정보를 안전하게 관리할 수 있는 분
• 직무 관련 교육을 꾸준히 이수하며 전문성을 높일 분","• 제품영업 또는 유사 직무 경력 보유자
• 직무 관련 자격·면허 보유자: 자동차운전면허
• 직무 관련 자격·면허 보유자: 유통관리사 2급
• ERP, WMS, CRM, POS 등 직무 관련 시스템 사용 경험자
• 수치와 데이터를 활용한 실적 분석 경험자
• 다양한 이해관계자와 협업해 문제를 해결한 경험자
• 신규 프로세스 구축이나 업무 자동화 경험자","• 지원서 및 제출서류의 허위기재 또는 허위 제출
• 채용 과정에서 본인 확인이 불가능한 경우
• 채용검진 결과 업무 수행에 부적합하다고 판단되는 경우
• 해외여행 및 근무에 결격사유가 있는 경우
• 기타 회사 또는 기관의 인사규정상 채용이 불가능한 경우",서류전형 > 실무면접 > 최종면접
733,제품영업 담당자,47,74,20260109,20260214,3,신입,정규직,강원특별자치도,전문학사 이상,"종합병원 운영조직에서 제품의 시장 확대와 거래처 매출을 만드는 포지션을(를) 맡을 제품영업를 모집합니다.

이번 포지션은 신규고객, 제안, 견적, 계약, 매출관리을 중심으로 운영 현장의 품질과 일정, 고객 경험을 함께 관리하는 역할입니다.

업무 기준을 준수하면서도 개선점을 주도적으로 제안할 수 있는 분을 기다립니다.

유관 부서 및 외부 파트너와 업무 기준을 공유하고, 이슈 발생 시 원인을 정리해 재발 방지 방안을 실행합니다.

초기에는 담당 업무의 프로세스와 시스템을 익히고, 이후에는 담당 영역의 지표 개선과 운영 표준화까지 주도하게 됩니다.","• 신규고객, 제안, 견적, 계약, 매출관리 및 일일 운영 현황 관리
• 업무 일정·실적·품질 지표 점검 및 보고
• 관련 시스템과 문서의 정확한 입력·관리
• 고객·협력사·유관 부서 문의 대응 및 이슈 조율
• 업무 절차 개선과 운영 리스크 사전 점검
• 주요 이슈 원인 분석 및 후속 조치 관리
• 정기 회의 자료 작성과 진행 현황 공유
• 현장 안전·보안·개인정보 보호 기준 준수","• 제품 이해도와 영업 커뮤니케이션 관련 기본 지식 또는 실무 경험을 보유한 분
• 필수 자격·면허: 자동차운전면허 보유자 또는 입사 전 취득 가능한 분
• 맡은 업무를 정확하게 기록하고 마감까지 책임질 수 있는 분
• 문서작성, 이메일, 스프레드시트 등 기본 업무도구 활용이 가능한 분
• 고객 및 유관 부서와 원활하게 소통하고 요청사항을 정리할 수 있는 분
• 예상하지 못한 상황에서도 우선순위를 판단해 대응할 수 있는 분
• 업무상 취급하는 자료와 고객 정보를 안전하게 관리할 수 있는 분
• 직무 관련 교육을 꾸준히 이수하며 전문성을 높일 분","• 제품영업 또는 유사 직무 경력 보유자
• 직무 관련 자격·면허 보유자: 자동차운전면허
• 직무 관련 자격·면허 보유자: 유통관리사 2급
• ERP, WMS, CRM, POS 등 직무 관련 시스템 사용 경험자
• 수치와 데이터를 활용한 실적 분석 경험자
• 다양한 이해관계자와 협업해 문제를 해결한 경험자
• 외국어 또는 관련 법규·안전 기준을 활용할 수 있는 분","• 지원서 및 제출서류의 허위기재 또는 허위 제출
• 채용 과정에서 본인 확인이 불가능한 경우
• 채용검진 결과 업무 수행에 부적합하다고 판단되는 경우
• 해외여행 및 근무에 결격사유가 있는 경우
• 기타 회사 또는 기관의 인사규정상 채용이 불가능한 경우",서류전형 > 인성검사 > 실무면접 > 최종면접
734,제품영업 실무자,153,74,20260126,20260310,14,경력,계약직,전라북도,학사 이상,"대학 산학협력단에서 제품의 시장 확대와 거래처 매출을 만드는 포지션을(를) 맡을 제품영업를 모집합니다.

이번 포지션은 신규고객, 제안, 견적, 계약, 매출관리을 중심으로 운영 현장의 품질과 일정, 고객 경험을 함께 관리하는 역할입니다.

고객과 동료에게 신뢰를 주는 태도로 맡은 업무를 끝까지 책임지는 포지션입니다.

유관 부서 및 외부 파트너와 업무 기준을 공유하고, 이슈 발생 시 원인을 정리해 재발 방지 방안을 실행합니다.

초기에는 담당 업무의 프로세스와 시스템을 익히고, 이후에는 담당 영역의 지표 개선과 운영 표준화까지 주도하게 됩니다.","• 신규고객, 제안, 견적, 계약, 매출관리 및 일일 운영 현황 관리
• 업무 일정·실적·품질 지표 점검 및 보고
• 관련 시스템과 문서의 정확한 입력·관리
• 고객·협력사·유관 부서 문의 대응 및 이슈 조율
• 업무 절차 개선과 운영 리스크 사전 점검
• 주요 이슈 원인 분석 및 후속 조치 관리
• 정기 회의 자료 작성과 진행 현황 공유
• 업무 매뉴얼 정비와 신규 구성원 온보딩 지원","• 제품 이해도와 영업 커뮤니케이션 관련 기본 지식 또는 실무 경험을 보유한 분
• 필수 자격·면허: 자동차운전면허 보유자 또는 입사 전 취득 가능한 분
• 맡은 업무를 정확하게 기록하고 마감까지 책임질 수 있는 분
• 문서작성, 이메일, 스프레드시트 등 기본 업무도구 활용이 가능한 분
• 고객 및 유관 부서와 원활하게 소통하고 요청사항을 정리할 수 있는 분
• 예상하지 못한 상황에서도 우선순위를 판단해 대응할 수 있는 분
• 업무상 취급하는 자료와 고객 정보를 안전하게 관리할 수 있는 분
• 교대·주말·현장 근무가 포함될 수 있는 일정에 대응 가능한 분","• 제품영업 또는 유사 직무 경력 보유자
• 직무 관련 자격·면허 보유자: 자동차운전면허
• 직무 관련 자격·면허 보유자: 유통관리사 2급
• ERP, WMS, CRM, POS 등 직무 관련 시스템 사용 경험자
• 수치와 데이터를 활용한 실적 분석 경험자
• 다양한 이해관계자와 협업해 문제를 해결한 경험자
• 신규 프로세스 구축이나 업무 자동화 경험자","• 지원서 및 제출서류의 허위기재 또는 허위 제출
• 채용 과정에서 본인 확인이 불가능한 경우
• 채용검진 결과 업무 수행에 부적합하다고 판단되는 경우
• 해외여행 및 근무에 결격사유가 있는 경우
• 기타 회사 또는 기관의 인사규정상 채용이 불가능한 경우",서류전형 > 직무과제 > 실무면접 > 최종합격
735,제품영업 운영 매니저,103,74,20260212,20260226,5,신입·경력,무기계약직,경상남도,석사 이상,"기업 부설 연구소에서 제품의 시장 확대와 거래처 매출을 만드는 포지션을(를) 맡을 제품영업를 모집합니다.

이번 포지션은 신규고객, 제안, 견적, 계약, 매출관리을 중심으로 운영 현장의 품질과 일정, 고객 경험을 함께 관리하는 역할입니다.

데이터와 현장 감각을 함께 활용해 반복 업무를 효율화하는 역할입니다.

유관 부서 및 외부 파트너와 업무 기준을 공유하고, 이슈 발생 시 원인을 정리해 재발 방지 방안을 실행합니다.

초기에는 담당 업무의 프로세스와 시스템을 익히고, 이후에는 담당 영역의 지표 개선과 운영 표준화까지 주도하게 됩니다.","• 신규고객, 제안, 견적, 계약, 매출관리 및 일일 운영 현황 관리
• 업무 일정·실적·품질 지표 점검 및 보고
• 관련 시스템과 문서의 정확한 입력·관리
• 고객·협력사·유관 부서 문의 대응 및 이슈 조율
• 업무 절차 개선과 운영 리스크 사전 점검
• 주요 이슈 원인 분석 및 후속 조치 관리
• 정기 회의 자료 작성과 진행 현황 공유
• 현장 안전·보안·개인정보 보호 기준 준수","• 제품 이해도와 영업 커뮤니케이션 관련 기본 지식 또는 실무 경험을 보유한 분
• 필수 자격·면허: 자동차운전면허 보유자 또는 입사 전 취득 가능한 분
• 맡은 업무를 정확하게 기록하고 마감까지 책임질 수 있는 분
• 문서작성, 이메일, 스프레드시트 등 기본 업무도구 활용이 가능한 분
• 고객 및 유관 부서와 원활하게 소통하고 요청사항을 정리할 수 있는 분
• 예상하지 못한 상황에서도 우선순위를 판단해 대응할 수 있는 분
• 업무상 취급하는 자료와 고객 정보를 안전하게 관리할 수 있는 분
• 직무 관련 교육을 꾸준히 이수하며 전문성을 높일 분","• 제품영업 또는 유사 직무 경력 보유자
• 직무 관련 자격·면허 보유자: 자동차운전면허
• 직무 관련 자격·면허 보유자: 유통관리사 2급
• ERP, WMS, CRM, POS 등 직무 관련 시스템 사용 경험자
• 수치와 데이터를 활용한 실적 분석 경험자
• 다양한 이해관계자와 협업해 문제를 해결한 경험자
• 외국어 또는 관련 법규·안전 기준을 활용할 수 있는 분","• 지원서 및 제출서류의 허위기재 또는 허위 제출
• 채용 과정에서 본인 확인이 불가능한 경우
• 채용검진 결과 업무 수행에 부적합하다고 판단되는 경우
• 해외여행 및 근무에 결격사유가 있는 경우
• 기타 회사 또는 기관의 인사규정상 채용이 불가능한 경우",서류전형 > 1차면접 > 2차면접 > 채용검진
736,제품영업 전문 인력,80,74,20260301,20260322,16,경력 2년 이상,기간제,부산광역시,박사 이상,"전문 협회에서 제품의 시장 확대와 거래처 매출을 만드는 포지션을(를) 맡을 제품영업를 모집합니다.

이번 포지션은 신규고객, 제안, 견적, 계약, 매출관리을 중심으로 운영 현장의 품질과 일정, 고객 경험을 함께 관리하는 역할입니다.

정해진 절차를 지키되 상황에 맞게 유연하게 대응하는 실무자를 모집합니다.

유관 부서 및 외부 파트너와 업무 기준을 공유하고, 이슈 발생 시 원인을 정리해 재발 방지 방안을 실행합니다.

초기에는 담당 업무의 프로세스와 시스템을 익히고, 이후에는 담당 영역의 지표 개선과 운영 표준화까지 주도하게 됩니다.","• 신규고객, 제안, 견적, 계약, 매출관리 및 일일 운영 현황 관리
• 업무 일정·실적·품질 지표 점검 및 보고
• 관련 시스템과 문서의 정확한 입력·관리
• 고객·협력사·유관 부서 문의 대응 및 이슈 조율
• 업무 절차 개선과 운영 리스크 사전 점검
• 주요 이슈 원인 분석 및 후속 조치 관리
• 정기 회의 자료 작성과 진행 현황 공유
• 업무 매뉴얼 정비와 신규 구성원 온보딩 지원","• 제품 이해도와 영업 커뮤니케이션 관련 기본 지식 또는 실무 경험을 보유한 분
• 필수 자격·면허: 자동차운전면허 보유자 또는 입사 전 취득 가능한 분
• 맡은 업무를 정확하게 기록하고 마감까지 책임질 수 있는 분
• 문서작성, 이메일, 스프레드시트 등 기본 업무도구 활용이 가능한 분
• 고객 및 유관 부서와 원활하게 소통하고 요청사항을 정리할 수 있는 분
• 예상하지 못한 상황에서도 우선순위를 판단해 대응할 수 있는 분
• 업무상 취급하는 자료와 고객 정보를 안전하게 관리할 수 있는 분
• 직무 관련 교육을 꾸준히 이수하며 전문성을 높일 분","• 제품영업 또는 유사 직무 경력 보유자
• 직무 관련 자격·면허 보유자: 자동차운전면허
• 직무 관련 자격·면허 보유자: 유통관리사 2급
• ERP, WMS, CRM, POS 등 직무 관련 시스템 사용 경험자
• 수치와 데이터를 활용한 실적 분석 경험자
• 다양한 이해관계자와 협업해 문제를 해결한 경험자
• 신규 프로세스 구축이나 업무 자동화 경험자","• 지원서 및 제출서류의 허위기재 또는 허위 제출
• 채용 과정에서 본인 확인이 불가능한 경우
• 채용검진 결과 업무 수행에 부적합하다고 판단되는 경우
• 해외여행 및 근무에 결격사유가 있는 경우
• 기타 회사 또는 기관의 인사규정상 채용이 불가능한 경우",서류전형 > 필기전형 > 면접전형 > 최종합격
737,제품영업 경력 채용,115,74,20260318,20260415,7,경력 3년 이상,정규직,광주광역시,학력무관,"공공서비스 운영기관에서 제품의 시장 확대와 거래처 매출을 만드는 포지션을(를) 맡을 제품영업를 모집합니다.

이번 포지션은 신규고객, 제안, 견적, 계약, 매출관리을 중심으로 운영 현장의 품질과 일정, 고객 경험을 함께 관리하는 역할입니다.

부서 간 원활한 소통으로 일정과 품질을 안정적으로 관리하는 직무입니다.

유관 부서 및 외부 파트너와 업무 기준을 공유하고, 이슈 발생 시 원인을 정리해 재발 방지 방안을 실행합니다.

초기에는 담당 업무의 프로세스와 시스템을 익히고, 이후에는 담당 영역의 지표 개선과 운영 표준화까지 주도하게 됩니다.","• 신규고객, 제안, 견적, 계약, 매출관리 및 일일 운영 현황 관리
• 업무 일정·실적·품질 지표 점검 및 보고
• 관련 시스템과 문서의 정확한 입력·관리
• 고객·협력사·유관 부서 문의 대응 및 이슈 조율
• 업무 절차 개선과 운영 리스크 사전 점검
• 주요 이슈 원인 분석 및 후속 조치 관리
• 정기 회의 자료 작성과 진행 현황 공유
• 현장 안전·보안·개인정보 보호 기준 준수","• 제품 이해도와 영업 커뮤니케이션 관련 기본 지식 또는 실무 경험을 보유한 분
• 필수 자격·면허: 자동차운전면허 보유자 또는 입사 전 취득 가능한 분
• 맡은 업무를 정확하게 기록하고 마감까지 책임질 수 있는 분
• 문서작성, 이메일, 스프레드시트 등 기본 업무도구 활용이 가능한 분
• 고객 및 유관 부서와 원활하게 소통하고 요청사항을 정리할 수 있는 분
• 예상하지 못한 상황에서도 우선순위를 판단해 대응할 수 있는 분
• 업무상 취급하는 자료와 고객 정보를 안전하게 관리할 수 있는 분
• 교대·주말·현장 근무가 포함될 수 있는 일정에 대응 가능한 분","• 제품영업 또는 유사 직무 경력 보유자
• 직무 관련 자격·면허 보유자: 자동차운전면허
• 직무 관련 자격·면허 보유자: 유통관리사 2급
• ERP, WMS, CRM, POS 등 직무 관련 시스템 사용 경험자
• 수치와 데이터를 활용한 실적 분석 경험자
• 다양한 이해관계자와 협업해 문제를 해결한 경험자
• 외국어 또는 관련 법규·안전 기준을 활용할 수 있는 분","• 지원서 및 제출서류의 허위기재 또는 허위 제출
• 채용 과정에서 본인 확인이 불가능한 경우
• 채용검진 결과 업무 수행에 부적합하다고 판단되는 경우
• 해외여행 및 근무에 결격사유가 있는 경우
• 기타 회사 또는 기관의 인사규정상 채용이 불가능한 경우",서류전형 > 실무면접 > 최종면접
738,제품영업 현장 책임자,32,74,20260404,20260509,18,경력 5년 이상,계약직,경기도,전문학사 이상,"대기업 사업부에서 제품의 시장 확대와 거래처 매출을 만드는 포지션을(를) 맡을 제품영업를 모집합니다.

이번 포지션은 신규고객, 제안, 견적, 계약, 매출관리을 중심으로 운영 현장의 품질과 일정, 고객 경험을 함께 관리하는 역할입니다.

서비스 품질과 안전을 우선하며 꾸준히 전문성을 쌓을 수 있는 포지션입니다.

유관 부서 및 외부 파트너와 업무 기준을 공유하고, 이슈 발생 시 원인을 정리해 재발 방지 방안을 실행합니다.

초기에는 담당 업무의 프로세스와 시스템을 익히고, 이후에는 담당 영역의 지표 개선과 운영 표준화까지 주도하게 됩니다.","• 신규고객, 제안, 견적, 계약, 매출관리 및 일일 운영 현황 관리
• 업무 일정·실적·품질 지표 점검 및 보고
• 관련 시스템과 문서의 정확한 입력·관리
• 고객·협력사·유관 부서 문의 대응 및 이슈 조율
• 업무 절차 개선과 운영 리스크 사전 점검
• 주요 이슈 원인 분석 및 후속 조치 관리
• 정기 회의 자료 작성과 진행 현황 공유
• 업무 매뉴얼 정비와 신규 구성원 온보딩 지원","• 제품 이해도와 영업 커뮤니케이션 관련 기본 지식 또는 실무 경험을 보유한 분
• 필수 자격·면허: 자동차운전면허 보유자 또는 입사 전 취득 가능한 분
• 맡은 업무를 정확하게 기록하고 마감까지 책임질 수 있는 분
• 문서작성, 이메일, 스프레드시트 등 기본 업무도구 활용이 가능한 분
• 고객 및 유관 부서와 원활하게 소통하고 요청사항을 정리할 수 있는 분
• 예상하지 못한 상황에서도 우선순위를 판단해 대응할 수 있는 분
• 업무상 취급하는 자료와 고객 정보를 안전하게 관리할 수 있는 분
• 직무 관련 교육을 꾸준히 이수하며 전문성을 높일 분","• 제품영업 또는 유사 직무 경력 보유자
• 직무 관련 자격·면허 보유자: 자동차운전면허
• 직무 관련 자격·면허 보유자: 유통관리사 2급
• ERP, WMS, CRM, POS 등 직무 관련 시스템 사용 경험자
• 수치와 데이터를 활용한 실적 분석 경험자
• 다양한 이해관계자와 협업해 문제를 해결한 경험자
• 신규 프로세스 구축이나 업무 자동화 경험자","• 지원서 및 제출서류의 허위기재 또는 허위 제출
• 채용 과정에서 본인 확인이 불가능한 경우
• 채용검진 결과 업무 수행에 부적합하다고 판단되는 경우
• 해외여행 및 근무에 결격사유가 있는 경우
• 기타 회사 또는 기관의 인사규정상 채용이 불가능한 경우",서류전형 > 인성검사 > 실무면접 > 최종면접
739,제품영업 서비스 담당,115,74,20260421,20260602,9,경력 무관,무기계약직,충청남도,학사 이상,"중견 제조기업에서 제품의 시장 확대와 거래처 매출을 만드는 포지션을(를) 맡을 제품영업를 모집합니다.

이번 포지션은 신규고객, 제안, 견적, 계약, 매출관리을 중심으로 운영 현장의 품질과 일정, 고객 경험을 함께 관리하는 역할입니다.

기본기를 바탕으로 새로운 업무를 빠르게 익히고 실행할 분을 모십니다.

유관 부서 및 외부 파트너와 업무 기준을 공유하고, 이슈 발생 시 원인을 정리해 재발 방지 방안을 실행합니다.

초기에는 담당 업무의 프로세스와 시스템을 익히고, 이후에는 담당 영역의 지표 개선과 운영 표준화까지 주도하게 됩니다.","• 신규고객, 제안, 견적, 계약, 매출관리 및 일일 운영 현황 관리
• 업무 일정·실적·품질 지표 점검 및 보고
• 관련 시스템과 문서의 정확한 입력·관리
• 고객·협력사·유관 부서 문의 대응 및 이슈 조율
• 업무 절차 개선과 운영 리스크 사전 점검
• 주요 이슈 원인 분석 및 후속 조치 관리
• 정기 회의 자료 작성과 진행 현황 공유
• 현장 안전·보안·개인정보 보호 기준 준수","• 제품 이해도와 영업 커뮤니케이션 관련 기본 지식 또는 실무 경험을 보유한 분
• 필수 자격·면허: 자동차운전면허 보유자 또는 입사 전 취득 가능한 분
• 맡은 업무를 정확하게 기록하고 마감까지 책임질 수 있는 분
• 문서작성, 이메일, 스프레드시트 등 기본 업무도구 활용이 가능한 분
• 고객 및 유관 부서와 원활하게 소통하고 요청사항을 정리할 수 있는 분
• 예상하지 못한 상황에서도 우선순위를 판단해 대응할 수 있는 분
• 업무상 취급하는 자료와 고객 정보를 안전하게 관리할 수 있는 분
• 직무 관련 교육을 꾸준히 이수하며 전문성을 높일 분","• 제품영업 또는 유사 직무 경력 보유자
• 직무 관련 자격·면허 보유자: 자동차운전면허
• 직무 관련 자격·면허 보유자: 유통관리사 2급
• ERP, WMS, CRM, POS 등 직무 관련 시스템 사용 경험자
• 수치와 데이터를 활용한 실적 분석 경험자
• 다양한 이해관계자와 협업해 문제를 해결한 경험자
• 외국어 또는 관련 법규·안전 기준을 활용할 수 있는 분","• 지원서 및 제출서류의 허위기재 또는 허위 제출
• 채용 과정에서 본인 확인이 불가능한 경우
• 채용검진 결과 업무 수행에 부적합하다고 판단되는 경우
• 해외여행 및 근무에 결격사유가 있는 경우
• 기타 회사 또는 기관의 인사규정상 채용이 불가능한 경우",서류전형 > 직무과제 > 실무면접 > 최종합격
740,제품영업 담당자,157,74,20260508,20260521,20,신입,기간제,경상북도,석사 이상,"전문 중소기업에서 제품의 시장 확대와 거래처 매출을 만드는 포지션을(를) 맡을 제품영업를 모집합니다.

이번 포지션은 신규고객, 제안, 견적, 계약, 매출관리을 중심으로 운영 현장의 품질과 일정, 고객 경험을 함께 관리하는 역할입니다.

성과와 고객 만족을 함께 고려하며 실질적인 변화를 만드는 역할입니다.

유관 부서 및 외부 파트너와 업무 기준을 공유하고, 이슈 발생 시 원인을 정리해 재발 방지 방안을 실행합니다.

초기에는 담당 업무의 프로세스와 시스템을 익히고, 이후에는 담당 영역의 지표 개선과 운영 표준화까지 주도하게 됩니다.","• 신규고객, 제안, 견적, 계약, 매출관리 및 일일 운영 현황 관리
• 업무 일정·실적·품질 지표 점검 및 보고
• 관련 시스템과 문서의 정확한 입력·관리
• 고객·협력사·유관 부서 문의 대응 및 이슈 조율
• 업무 절차 개선과 운영 리스크 사전 점검
• 주요 이슈 원인 분석 및 후속 조치 관리
• 정기 회의 자료 작성과 진행 현황 공유
• 업무 매뉴얼 정비와 신규 구성원 온보딩 지원","• 제품 이해도와 영업 커뮤니케이션 관련 기본 지식 또는 실무 경험을 보유한 분
• 필수 자격·면허: 자동차운전면허 보유자 또는 입사 전 취득 가능한 분
• 맡은 업무를 정확하게 기록하고 마감까지 책임질 수 있는 분
• 문서작성, 이메일, 스프레드시트 등 기본 업무도구 활용이 가능한 분
• 고객 및 유관 부서와 원활하게 소통하고 요청사항을 정리할 수 있는 분
• 예상하지 못한 상황에서도 우선순위를 판단해 대응할 수 있는 분
• 업무상 취급하는 자료와 고객 정보를 안전하게 관리할 수 있는 분
• 교대·주말·현장 근무가 포함될 수 있는 일정에 대응 가능한 분","• 제품영업 또는 유사 직무 경력 보유자
• 직무 관련 자격·면허 보유자: 자동차운전면허
• 직무 관련 자격·면허 보유자: 유통관리사 2급
• ERP, WMS, CRM, POS 등 직무 관련 시스템 사용 경험자
• 수치와 데이터를 활용한 실적 분석 경험자
• 다양한 이해관계자와 협업해 문제를 해결한 경험자
• 신규 프로세스 구축이나 업무 자동화 경험자","• 지원서 및 제출서류의 허위기재 또는 허위 제출
• 채용 과정에서 본인 확인이 불가능한 경우
• 채용검진 결과 업무 수행에 부적합하다고 판단되는 경우
• 해외여행 및 근무에 결격사유가 있는 경우
• 기타 회사 또는 기관의 인사규정상 채용이 불가능한 경우",서류전형 > 1차면접 > 2차면접 > 채용검진
741,서비스영업 운영 매니저,119,75,20260525,20260614,11,신입·경력,정규직,부산광역시,학력무관,"성장 단계 스타트업에서 서비스 도입과 고객 관계를 확장하는 포지션을(를) 맡을 서비스영업를 모집합니다.

이번 포지션은 고객발굴, 서비스제안, 계약, 갱신, VOC을 중심으로 운영 현장의 품질과 일정, 고객 경험을 함께 관리하는 역할입니다.

정확한 실행력과 협업을 바탕으로 안정적인 운영을 함께 만들어 갈 분을 찾습니다.

유관 부서 및 외부 파트너와 업무 기준을 공유하고, 이슈 발생 시 원인을 정리해 재발 방지 방안을 실행합니다.

초기에는 담당 업무의 프로세스와 시스템을 익히고, 이후에는 담당 영역의 지표 개선과 운영 표준화까지 주도하게 됩니다.","• 고객발굴, 서비스제안, 계약, 갱신, VOC 및 일일 운영 현황 관리
• 업무 일정·실적·품질 지표 점검 및 보고
• 관련 시스템과 문서의 정확한 입력·관리
• 고객·협력사·유관 부서 문의 대응 및 이슈 조율
• 업무 절차 개선과 운영 리스크 사전 점검
• 주요 이슈 원인 분석 및 후속 조치 관리
• 정기 회의 자료 작성과 진행 현황 공유
• 현장 안전·보안·개인정보 보호 기준 준수","• 서비스 영업 또는 고객관리 경험 관련 기본 지식 또는 실무 경험을 보유한 분
• 필수 자격·면허: 자동차운전면허 보유자 또는 입사 전 취득 가능한 분
• 맡은 업무를 정확하게 기록하고 마감까지 책임질 수 있는 분
• 문서작성, 이메일, 스프레드시트 등 기본 업무도구 활용이 가능한 분
• 고객 및 유관 부서와 원활하게 소통하고 요청사항을 정리할 수 있는 분
• 예상하지 못한 상황에서도 우선순위를 판단해 대응할 수 있는 분
• 업무상 취급하는 자료와 고객 정보를 안전하게 관리할 수 있는 분
• 직무 관련 교육을 꾸준히 이수하며 전문성을 높일 분","• 서비스영업 또는 유사 직무 경력 보유자
• 직무 관련 자격·면허 보유자: 자동차운전면허
• 직무 관련 자격·면허 보유자: CS Leaders 관리사
• ERP, WMS, CRM, POS 등 직무 관련 시스템 사용 경험자
• 수치와 데이터를 활용한 실적 분석 경험자
• 다양한 이해관계자와 협업해 문제를 해결한 경험자
• 외국어 또는 관련 법규·안전 기준을 활용할 수 있는 분","• 지원서 및 제출서류의 허위기재 또는 허위 제출
• 채용 과정에서 본인 확인이 불가능한 경우
• 채용검진 결과 업무 수행에 부적합하다고 판단되는 경우
• 해외여행 및 근무에 결격사유가 있는 경우
• 기타 회사 또는 기관의 인사규정상 채용이 불가능한 경우",서류전형 > 실무면접 > 최종면접
742,서비스영업 전문 인력,49,75,20260611,20260708,2,경력 2년 이상,계약직,광주광역시,전문학사 이상,"종합병원 운영조직에서 서비스 도입과 고객 관계를 확장하는 포지션을(를) 맡을 서비스영업를 모집합니다.

이번 포지션은 고객발굴, 서비스제안, 계약, 갱신, VOC을 중심으로 운영 현장의 품질과 일정, 고객 경험을 함께 관리하는 역할입니다.

현장과 유관 부서의 요구를 연결하며 업무 품질을 높이는 역할입니다.

유관 부서 및 외부 파트너와 업무 기준을 공유하고, 이슈 발생 시 원인을 정리해 재발 방지 방안을 실행합니다.

초기에는 담당 업무의 프로세스와 시스템을 익히고, 이후에는 담당 영역의 지표 개선과 운영 표준화까지 주도하게 됩니다.","• 고객발굴, 서비스제안, 계약, 갱신, VOC 및 일일 운영 현황 관리
• 업무 일정·실적·품질 지표 점검 및 보고
• 관련 시스템과 문서의 정확한 입력·관리
• 고객·협력사·유관 부서 문의 대응 및 이슈 조율
• 업무 절차 개선과 운영 리스크 사전 점검
• 주요 이슈 원인 분석 및 후속 조치 관리
• 정기 회의 자료 작성과 진행 현황 공유
• 업무 매뉴얼 정비와 신규 구성원 온보딩 지원","• 서비스 영업 또는 고객관리 경험 관련 기본 지식 또는 실무 경험을 보유한 분
• 필수 자격·면허: 자동차운전면허 보유자 또는 입사 전 취득 가능한 분
• 맡은 업무를 정확하게 기록하고 마감까지 책임질 수 있는 분
• 문서작성, 이메일, 스프레드시트 등 기본 업무도구 활용이 가능한 분
• 고객 및 유관 부서와 원활하게 소통하고 요청사항을 정리할 수 있는 분
• 예상하지 못한 상황에서도 우선순위를 판단해 대응할 수 있는 분
• 업무상 취급하는 자료와 고객 정보를 안전하게 관리할 수 있는 분
• 직무 관련 교육을 꾸준히 이수하며 전문성을 높일 분","• 서비스영업 또는 유사 직무 경력 보유자
• 직무 관련 자격·면허 보유자: 자동차운전면허
• 직무 관련 자격·면허 보유자: CS Leaders 관리사
• ERP, WMS, CRM, POS 등 직무 관련 시스템 사용 경험자
• 수치와 데이터를 활용한 실적 분석 경험자
• 다양한 이해관계자와 협업해 문제를 해결한 경험자
• 신규 프로세스 구축이나 업무 자동화 경험자","• 지원서 및 제출서류의 허위기재 또는 허위 제출
• 채용 과정에서 본인 확인이 불가능한 경우
• 채용검진 결과 업무 수행에 부적합하다고 판단되는 경우
• 해외여행 및 근무에 결격사유가 있는 경우
• 기타 회사 또는 기관의 인사규정상 채용이 불가능한 경우",서류전형 > 인성검사 > 실무면접 > 최종면접
743,서비스영업 경력 채용,71,75,20260628,20260801,13,경력 3년 이상,무기계약직,경기도,학사 이상,"대학 산학협력단에서 서비스 도입과 고객 관계를 확장하는 포지션을(를) 맡을 서비스영업를 모집합니다.

이번 포지션은 고객발굴, 서비스제안, 계약, 갱신, VOC을 중심으로 운영 현장의 품질과 일정, 고객 경험을 함께 관리하는 역할입니다.

업무 기준을 준수하면서도 개선점을 주도적으로 제안할 수 있는 분을 기다립니다.

유관 부서 및 외부 파트너와 업무 기준을 공유하고, 이슈 발생 시 원인을 정리해 재발 방지 방안을 실행합니다.

초기에는 담당 업무의 프로세스와 시스템을 익히고, 이후에는 담당 영역의 지표 개선과 운영 표준화까지 주도하게 됩니다.","• 고객발굴, 서비스제안, 계약, 갱신, VOC 및 일일 운영 현황 관리
• 업무 일정·실적·품질 지표 점검 및 보고
• 관련 시스템과 문서의 정확한 입력·관리
• 고객·협력사·유관 부서 문의 대응 및 이슈 조율
• 업무 절차 개선과 운영 리스크 사전 점검
• 주요 이슈 원인 분석 및 후속 조치 관리
• 정기 회의 자료 작성과 진행 현황 공유
• 현장 안전·보안·개인정보 보호 기준 준수","• 서비스 영업 또는 고객관리 경험 관련 기본 지식 또는 실무 경험을 보유한 분
• 필수 자격·면허: 자동차운전면허 보유자 또는 입사 전 취득 가능한 분
• 맡은 업무를 정확하게 기록하고 마감까지 책임질 수 있는 분
• 문서작성, 이메일, 스프레드시트 등 기본 업무도구 활용이 가능한 분
• 고객 및 유관 부서와 원활하게 소통하고 요청사항을 정리할 수 있는 분
• 예상하지 못한 상황에서도 우선순위를 판단해 대응할 수 있는 분
• 업무상 취급하는 자료와 고객 정보를 안전하게 관리할 수 있는 분
• 교대·주말·현장 근무가 포함될 수 있는 일정에 대응 가능한 분","• 서비스영업 또는 유사 직무 경력 보유자
• 직무 관련 자격·면허 보유자: 자동차운전면허
• 직무 관련 자격·면허 보유자: CS Leaders 관리사
• ERP, WMS, CRM, POS 등 직무 관련 시스템 사용 경험자
• 수치와 데이터를 활용한 실적 분석 경험자
• 다양한 이해관계자와 협업해 문제를 해결한 경험자
• 외국어 또는 관련 법규·안전 기준을 활용할 수 있는 분","• 지원서 및 제출서류의 허위기재 또는 허위 제출
• 채용 과정에서 본인 확인이 불가능한 경우
• 채용검진 결과 업무 수행에 부적합하다고 판단되는 경우
• 해외여행 및 근무에 결격사유가 있는 경우
• 기타 회사 또는 기관의 인사규정상 채용이 불가능한 경우",서류전형 > 직무과제 > 실무면접 > 최종합격
744,서비스영업 현장 책임자,13,75,20260715,20260825,4,경력 5년 이상,기간제,충청남도,석사 이상,"기업 부설 연구소에서 서비스 도입과 고객 관계를 확장하는 포지션을(를) 맡을 서비스영업를 모집합니다.

이번 포지션은 고객발굴, 서비스제안, 계약, 갱신, VOC을 중심으로 운영 현장의 품질과 일정, 고객 경험을 함께 관리하는 역할입니다.

고객과 동료에게 신뢰를 주는 태도로 맡은 업무를 끝까지 책임지는 포지션입니다.

유관 부서 및 외부 파트너와 업무 기준을 공유하고, 이슈 발생 시 원인을 정리해 재발 방지 방안을 실행합니다.

초기에는 담당 업무의 프로세스와 시스템을 익히고, 이후에는 담당 영역의 지표 개선과 운영 표준화까지 주도하게 됩니다.","• 고객발굴, 서비스제안, 계약, 갱신, VOC 및 일일 운영 현황 관리
• 업무 일정·실적·품질 지표 점검 및 보고
• 관련 시스템과 문서의 정확한 입력·관리
• 고객·협력사·유관 부서 문의 대응 및 이슈 조율
• 업무 절차 개선과 운영 리스크 사전 점검
• 주요 이슈 원인 분석 및 후속 조치 관리
• 정기 회의 자료 작성과 진행 현황 공유
• 업무 매뉴얼 정비와 신규 구성원 온보딩 지원","• 서비스 영업 또는 고객관리 경험 관련 기본 지식 또는 실무 경험을 보유한 분
• 필수 자격·면허: 자동차운전면허 보유자 또는 입사 전 취득 가능한 분
• 맡은 업무를 정확하게 기록하고 마감까지 책임질 수 있는 분
• 문서작성, 이메일, 스프레드시트 등 기본 업무도구 활용이 가능한 분
• 고객 및 유관 부서와 원활하게 소통하고 요청사항을 정리할 수 있는 분
• 예상하지 못한 상황에서도 우선순위를 판단해 대응할 수 있는 분
• 업무상 취급하는 자료와 고객 정보를 안전하게 관리할 수 있는 분
• 직무 관련 교육을 꾸준히 이수하며 전문성을 높일 분","• 서비스영업 또는 유사 직무 경력 보유자
• 직무 관련 자격·면허 보유자: 자동차운전면허
• 직무 관련 자격·면허 보유자: CS Leaders 관리사
• ERP, WMS, CRM, POS 등 직무 관련 시스템 사용 경험자
• 수치와 데이터를 활용한 실적 분석 경험자
• 다양한 이해관계자와 협업해 문제를 해결한 경험자
• 신규 프로세스 구축이나 업무 자동화 경험자","• 지원서 및 제출서류의 허위기재 또는 허위 제출
• 채용 과정에서 본인 확인이 불가능한 경우
• 채용검진 결과 업무 수행에 부적합하다고 판단되는 경우
• 해외여행 및 근무에 결격사유가 있는 경우
• 기타 회사 또는 기관의 인사규정상 채용이 불가능한 경우",서류전형 > 1차면접 > 2차면접 > 채용검진
745,서비스영업 서비스 담당,83,75,20260801,20260813,15,경력 무관,정규직,경상북도,박사 이상,"전문 협회에서 서비스 도입과 고객 관계를 확장하는 포지션을(를) 맡을 서비스영업를 모집합니다.

이번 포지션은 고객발굴, 서비스제안, 계약, 갱신, VOC을 중심으로 운영 현장의 품질과 일정, 고객 경험을 함께 관리하는 역할입니다.

데이터와 현장 감각을 함께 활용해 반복 업무를 효율화하는 역할입니다.

유관 부서 및 외부 파트너와 업무 기준을 공유하고, 이슈 발생 시 원인을 정리해 재발 방지 방안을 실행합니다.

초기에는 담당 업무의 프로세스와 시스템을 익히고, 이후에는 담당 영역의 지표 개선과 운영 표준화까지 주도하게 됩니다.","• 고객발굴, 서비스제안, 계약, 갱신, VOC 및 일일 운영 현황 관리
• 업무 일정·실적·품질 지표 점검 및 보고
• 관련 시스템과 문서의 정확한 입력·관리
• 고객·협력사·유관 부서 문의 대응 및 이슈 조율
• 업무 절차 개선과 운영 리스크 사전 점검
• 주요 이슈 원인 분석 및 후속 조치 관리
• 정기 회의 자료 작성과 진행 현황 공유
• 현장 안전·보안·개인정보 보호 기준 준수","• 서비스 영업 또는 고객관리 경험 관련 기본 지식 또는 실무 경험을 보유한 분
• 필수 자격·면허: 자동차운전면허 보유자 또는 입사 전 취득 가능한 분
• 맡은 업무를 정확하게 기록하고 마감까지 책임질 수 있는 분
• 문서작성, 이메일, 스프레드시트 등 기본 업무도구 활용이 가능한 분
• 고객 및 유관 부서와 원활하게 소통하고 요청사항을 정리할 수 있는 분
• 예상하지 못한 상황에서도 우선순위를 판단해 대응할 수 있는 분
• 업무상 취급하는 자료와 고객 정보를 안전하게 관리할 수 있는 분
• 직무 관련 교육을 꾸준히 이수하며 전문성을 높일 분","• 서비스영업 또는 유사 직무 경력 보유자
• 직무 관련 자격·면허 보유자: 자동차운전면허
• 직무 관련 자격·면허 보유자: CS Leaders 관리사
• ERP, WMS, CRM, POS 등 직무 관련 시스템 사용 경험자
• 수치와 데이터를 활용한 실적 분석 경험자
• 다양한 이해관계자와 협업해 문제를 해결한 경험자
• 외국어 또는 관련 법규·안전 기준을 활용할 수 있는 분","• 지원서 및 제출서류의 허위기재 또는 허위 제출
• 채용 과정에서 본인 확인이 불가능한 경우
• 채용검진 결과 업무 수행에 부적합하다고 판단되는 경우
• 해외여행 및 근무에 결격사유가 있는 경우
• 기타 회사 또는 기관의 인사규정상 채용이 불가능한 경우",서류전형 > 필기전형 > 면접전형 > 최종합격
746,서비스영업 담당자,153,75,20260818,20260906,6,신입,계약직,서울특별시,학력무관,"공공서비스 운영기관에서 서비스 도입과 고객 관계를 확장하는 포지션을(를) 맡을 서비스영업를 모집합니다.

이번 포지션은 고객발굴, 서비스제안, 계약, 갱신, VOC을 중심으로 운영 현장의 품질과 일정, 고객 경험을 함께 관리하는 역할입니다.

정해진 절차를 지키되 상황에 맞게 유연하게 대응하는 실무자를 모집합니다.

유관 부서 및 외부 파트너와 업무 기준을 공유하고, 이슈 발생 시 원인을 정리해 재발 방지 방안을 실행합니다.

초기에는 담당 업무의 프로세스와 시스템을 익히고, 이후에는 담당 영역의 지표 개선과 운영 표준화까지 주도하게 됩니다.","• 고객발굴, 서비스제안, 계약, 갱신, VOC 및 일일 운영 현황 관리
• 업무 일정·실적·품질 지표 점검 및 보고
• 관련 시스템과 문서의 정확한 입력·관리
• 고객·협력사·유관 부서 문의 대응 및 이슈 조율
• 업무 절차 개선과 운영 리스크 사전 점검
• 주요 이슈 원인 분석 및 후속 조치 관리
• 정기 회의 자료 작성과 진행 현황 공유
• 업무 매뉴얼 정비와 신규 구성원 온보딩 지원","• 서비스 영업 또는 고객관리 경험 관련 기본 지식 또는 실무 경험을 보유한 분
• 필수 자격·면허: 자동차운전면허 보유자 또는 입사 전 취득 가능한 분
• 맡은 업무를 정확하게 기록하고 마감까지 책임질 수 있는 분
• 문서작성, 이메일, 스프레드시트 등 기본 업무도구 활용이 가능한 분
• 고객 및 유관 부서와 원활하게 소통하고 요청사항을 정리할 수 있는 분
• 예상하지 못한 상황에서도 우선순위를 판단해 대응할 수 있는 분
• 업무상 취급하는 자료와 고객 정보를 안전하게 관리할 수 있는 분
• 교대·주말·현장 근무가 포함될 수 있는 일정에 대응 가능한 분","• 서비스영업 또는 유사 직무 경력 보유자
• 직무 관련 자격·면허 보유자: 자동차운전면허
• 직무 관련 자격·면허 보유자: CS Leaders 관리사
• ERP, WMS, CRM, POS 등 직무 관련 시스템 사용 경험자
• 수치와 데이터를 활용한 실적 분석 경험자
• 다양한 이해관계자와 협업해 문제를 해결한 경험자
• 신규 프로세스 구축이나 업무 자동화 경험자","• 지원서 및 제출서류의 허위기재 또는 허위 제출
• 채용 과정에서 본인 확인이 불가능한 경우
• 채용검진 결과 업무 수행에 부적합하다고 판단되는 경우
• 해외여행 및 근무에 결격사유가 있는 경우
• 기타 회사 또는 기관의 인사규정상 채용이 불가능한 경우",서류전형 > 실무면접 > 최종면접
747,서비스영업 실무자,5,75,20260904,20260930,17,경력,무기계약직,대전광역시,전문학사 이상,"대기업 사업부에서 서비스 도입과 고객 관계를 확장하는 포지션을(를) 맡을 서비스영업를 모집합니다.

이번 포지션은 고객발굴, 서비스제안, 계약, 갱신, VOC을 중심으로 운영 현장의 품질과 일정, 고객 경험을 함께 관리하는 역할입니다.

부서 간 원활한 소통으로 일정과 품질을 안정적으로 관리하는 직무입니다.

유관 부서 및 외부 파트너와 업무 기준을 공유하고, 이슈 발생 시 원인을 정리해 재발 방지 방안을 실행합니다.

초기에는 담당 업무의 프로세스와 시스템을 익히고, 이후에는 담당 영역의 지표 개선과 운영 표준화까지 주도하게 됩니다.","• 고객발굴, 서비스제안, 계약, 갱신, VOC 및 일일 운영 현황 관리
• 업무 일정·실적·품질 지표 점검 및 보고
• 관련 시스템과 문서의 정확한 입력·관리
• 고객·협력사·유관 부서 문의 대응 및 이슈 조율
• 업무 절차 개선과 운영 리스크 사전 점검
• 주요 이슈 원인 분석 및 후속 조치 관리
• 정기 회의 자료 작성과 진행 현황 공유
• 현장 안전·보안·개인정보 보호 기준 준수","• 서비스 영업 또는 고객관리 경험 관련 기본 지식 또는 실무 경험을 보유한 분
• 필수 자격·면허: 자동차운전면허 보유자 또는 입사 전 취득 가능한 분
• 맡은 업무를 정확하게 기록하고 마감까지 책임질 수 있는 분
• 문서작성, 이메일, 스프레드시트 등 기본 업무도구 활용이 가능한 분
• 고객 및 유관 부서와 원활하게 소통하고 요청사항을 정리할 수 있는 분
• 예상하지 못한 상황에서도 우선순위를 판단해 대응할 수 있는 분
• 업무상 취급하는 자료와 고객 정보를 안전하게 관리할 수 있는 분
• 직무 관련 교육을 꾸준히 이수하며 전문성을 높일 분","• 서비스영업 또는 유사 직무 경력 보유자
• 직무 관련 자격·면허 보유자: 자동차운전면허
• 직무 관련 자격·면허 보유자: CS Leaders 관리사
• ERP, WMS, CRM, POS 등 직무 관련 시스템 사용 경험자
• 수치와 데이터를 활용한 실적 분석 경험자
• 다양한 이해관계자와 협업해 문제를 해결한 경험자
• 외국어 또는 관련 법규·안전 기준을 활용할 수 있는 분","• 지원서 및 제출서류의 허위기재 또는 허위 제출
• 채용 과정에서 본인 확인이 불가능한 경우
• 채용검진 결과 업무 수행에 부적합하다고 판단되는 경우
• 해외여행 및 근무에 결격사유가 있는 경우
• 기타 회사 또는 기관의 인사규정상 채용이 불가능한 경우",서류전형 > 인성검사 > 실무면접 > 최종면접
748,서비스영업 운영 매니저,36,75,20260921,20261024,8,신입·경력,기간제,세종특별자치시,학사 이상,"중견 제조기업에서 서비스 도입과 고객 관계를 확장하는 포지션을(를) 맡을 서비스영업를 모집합니다.

이번 포지션은 고객발굴, 서비스제안, 계약, 갱신, VOC을 중심으로 운영 현장의 품질과 일정, 고객 경험을 함께 관리하는 역할입니다.

서비스 품질과 안전을 우선하며 꾸준히 전문성을 쌓을 수 있는 포지션입니다.

유관 부서 및 외부 파트너와 업무 기준을 공유하고, 이슈 발생 시 원인을 정리해 재발 방지 방안을 실행합니다.

초기에는 담당 업무의 프로세스와 시스템을 익히고, 이후에는 담당 영역의 지표 개선과 운영 표준화까지 주도하게 됩니다.","• 고객발굴, 서비스제안, 계약, 갱신, VOC 및 일일 운영 현황 관리
• 업무 일정·실적·품질 지표 점검 및 보고
• 관련 시스템과 문서의 정확한 입력·관리
• 고객·협력사·유관 부서 문의 대응 및 이슈 조율
• 업무 절차 개선과 운영 리스크 사전 점검
• 주요 이슈 원인 분석 및 후속 조치 관리
• 정기 회의 자료 작성과 진행 현황 공유
• 업무 매뉴얼 정비와 신규 구성원 온보딩 지원","• 서비스 영업 또는 고객관리 경험 관련 기본 지식 또는 실무 경험을 보유한 분
• 필수 자격·면허: 자동차운전면허 보유자 또는 입사 전 취득 가능한 분
• 맡은 업무를 정확하게 기록하고 마감까지 책임질 수 있는 분
• 문서작성, 이메일, 스프레드시트 등 기본 업무도구 활용이 가능한 분
• 고객 및 유관 부서와 원활하게 소통하고 요청사항을 정리할 수 있는 분
• 예상하지 못한 상황에서도 우선순위를 판단해 대응할 수 있는 분
• 업무상 취급하는 자료와 고객 정보를 안전하게 관리할 수 있는 분
• 직무 관련 교육을 꾸준히 이수하며 전문성을 높일 분","• 서비스영업 또는 유사 직무 경력 보유자
• 직무 관련 자격·면허 보유자: 자동차운전면허
• 직무 관련 자격·면허 보유자: CS Leaders 관리사
• ERP, WMS, CRM, POS 등 직무 관련 시스템 사용 경험자
• 수치와 데이터를 활용한 실적 분석 경험자
• 다양한 이해관계자와 협업해 문제를 해결한 경험자
• 신규 프로세스 구축이나 업무 자동화 경험자","• 지원서 및 제출서류의 허위기재 또는 허위 제출
• 채용 과정에서 본인 확인이 불가능한 경우
• 채용검진 결과 업무 수행에 부적합하다고 판단되는 경우
• 해외여행 및 근무에 결격사유가 있는 경우
• 기타 회사 또는 기관의 인사규정상 채용이 불가능한 경우",서류전형 > 직무과제 > 실무면접 > 최종합격
749,서비스영업 전문 인력,8,75,20261008,20261117,19,경력 2년 이상,정규직,충청북도,석사 이상,"전문 중소기업에서 서비스 도입과 고객 관계를 확장하는 포지션을(를) 맡을 서비스영업를 모집합니다.

이번 포지션은 고객발굴, 서비스제안, 계약, 갱신, VOC을 중심으로 운영 현장의 품질과 일정, 고객 경험을 함께 관리하는 역할입니다.

기본기를 바탕으로 새로운 업무를 빠르게 익히고 실행할 분을 모십니다.

유관 부서 및 외부 파트너와 업무 기준을 공유하고, 이슈 발생 시 원인을 정리해 재발 방지 방안을 실행합니다.

초기에는 담당 업무의 프로세스와 시스템을 익히고, 이후에는 담당 영역의 지표 개선과 운영 표준화까지 주도하게 됩니다.","• 고객발굴, 서비스제안, 계약, 갱신, VOC 및 일일 운영 현황 관리
• 업무 일정·실적·품질 지표 점검 및 보고
• 관련 시스템과 문서의 정확한 입력·관리
• 고객·협력사·유관 부서 문의 대응 및 이슈 조율
• 업무 절차 개선과 운영 리스크 사전 점검
• 주요 이슈 원인 분석 및 후속 조치 관리
• 정기 회의 자료 작성과 진행 현황 공유
• 현장 안전·보안·개인정보 보호 기준 준수","• 서비스 영업 또는 고객관리 경험 관련 기본 지식 또는 실무 경험을 보유한 분
• 필수 자격·면허: 자동차운전면허 보유자 또는 입사 전 취득 가능한 분
• 맡은 업무를 정확하게 기록하고 마감까지 책임질 수 있는 분
• 문서작성, 이메일, 스프레드시트 등 기본 업무도구 활용이 가능한 분
• 고객 및 유관 부서와 원활하게 소통하고 요청사항을 정리할 수 있는 분
• 예상하지 못한 상황에서도 우선순위를 판단해 대응할 수 있는 분
• 업무상 취급하는 자료와 고객 정보를 안전하게 관리할 수 있는 분
• 교대·주말·현장 근무가 포함될 수 있는 일정에 대응 가능한 분","• 서비스영업 또는 유사 직무 경력 보유자
• 직무 관련 자격·면허 보유자: 자동차운전면허
• 직무 관련 자격·면허 보유자: CS Leaders 관리사
• ERP, WMS, CRM, POS 등 직무 관련 시스템 사용 경험자
• 수치와 데이터를 활용한 실적 분석 경험자
• 다양한 이해관계자와 협업해 문제를 해결한 경험자
• 외국어 또는 관련 법규·안전 기준을 활용할 수 있는 분","• 지원서 및 제출서류의 허위기재 또는 허위 제출
• 채용 과정에서 본인 확인이 불가능한 경우
• 채용검진 결과 업무 수행에 부적합하다고 판단되는 경우
• 해외여행 및 근무에 결격사유가 있는 경우
• 기타 회사 또는 기관의 인사규정상 채용이 불가능한 경우",서류전형 > 1차면접 > 2차면접 > 채용검진
750,서비스영업 경력 채용,22,75,20261025,20261105,10,경력 3년 이상,계약직,전라남도,박사 이상,"성장 단계 스타트업에서 서비스 도입과 고객 관계를 확장하는 포지션을(를) 맡을 서비스영업를 모집합니다.

이번 포지션은 고객발굴, 서비스제안, 계약, 갱신, VOC을 중심으로 운영 현장의 품질과 일정, 고객 경험을 함께 관리하는 역할입니다.

성과와 고객 만족을 함께 고려하며 실질적인 변화를 만드는 역할입니다.

유관 부서 및 외부 파트너와 업무 기준을 공유하고, 이슈 발생 시 원인을 정리해 재발 방지 방안을 실행합니다.

초기에는 담당 업무의 프로세스와 시스템을 익히고, 이후에는 담당 영역의 지표 개선과 운영 표준화까지 주도하게 됩니다.","• 고객발굴, 서비스제안, 계약, 갱신, VOC 및 일일 운영 현황 관리
• 업무 일정·실적·품질 지표 점검 및 보고
• 관련 시스템과 문서의 정확한 입력·관리
• 고객·협력사·유관 부서 문의 대응 및 이슈 조율
• 업무 절차 개선과 운영 리스크 사전 점검
• 주요 이슈 원인 분석 및 후속 조치 관리
• 정기 회의 자료 작성과 진행 현황 공유
• 업무 매뉴얼 정비와 신규 구성원 온보딩 지원","• 서비스 영업 또는 고객관리 경험 관련 기본 지식 또는 실무 경험을 보유한 분
• 필수 자격·면허: 자동차운전면허 보유자 또는 입사 전 취득 가능한 분
• 맡은 업무를 정확하게 기록하고 마감까지 책임질 수 있는 분
• 문서작성, 이메일, 스프레드시트 등 기본 업무도구 활용이 가능한 분
• 고객 및 유관 부서와 원활하게 소통하고 요청사항을 정리할 수 있는 분
• 예상하지 못한 상황에서도 우선순위를 판단해 대응할 수 있는 분
• 업무상 취급하는 자료와 고객 정보를 안전하게 관리할 수 있는 분
• 직무 관련 교육을 꾸준히 이수하며 전문성을 높일 분","• 서비스영업 또는 유사 직무 경력 보유자
• 직무 관련 자격·면허 보유자: 자동차운전면허
• 직무 관련 자격·면허 보유자: CS Leaders 관리사
• ERP, WMS, CRM, POS 등 직무 관련 시스템 사용 경험자
• 수치와 데이터를 활용한 실적 분석 경험자
• 다양한 이해관계자와 협업해 문제를 해결한 경험자
• 신규 프로세스 구축이나 업무 자동화 경험자","• 지원서 및 제출서류의 허위기재 또는 허위 제출
• 채용 과정에서 본인 확인이 불가능한 경우
• 채용검진 결과 업무 수행에 부적합하다고 판단되는 경우
• 해외여행 및 근무에 결격사유가 있는 경우
• 기타 회사 또는 기관의 인사규정상 채용이 불가능한 경우",서류전형 > 필기전형 > 면접전형 > 최종합격
751,해외영업 서비스 담당,140,76,20261111,20261129,1,경력 무관,무기계약직,서울특별시,전문학사 이상,"종합병원 운영조직에서 해외 거래처 발굴과 수출 매출을 담당하는 포지션을(를) 맡을 해외영업를 모집합니다.

이번 포지션은 시장조사, 바이어, 견적, 수출계약, 전시회을 중심으로 운영 현장의 품질과 일정, 고객 경험을 함께 관리하는 역할입니다.

정확한 실행력과 협업을 바탕으로 안정적인 운영을 함께 만들어 갈 분을 찾습니다.

유관 부서 및 외부 파트너와 업무 기준을 공유하고, 이슈 발생 시 원인을 정리해 재발 방지 방안을 실행합니다.

초기에는 담당 업무의 프로세스와 시스템을 익히고, 이후에는 담당 영역의 지표 개선과 운영 표준화까지 주도하게 됩니다.","• 시장조사, 바이어, 견적, 수출계약, 전시회 및 일일 운영 현황 관리
• 업무 일정·실적·품질 지표 점검 및 보고
• 관련 시스템과 문서의 정확한 입력·관리
• 고객·협력사·유관 부서 문의 대응 및 이슈 조율
• 업무 절차 개선과 운영 리스크 사전 점검
• 주요 이슈 원인 분석 및 후속 조치 관리
• 정기 회의 자료 작성과 진행 현황 공유
• 현장 안전·보안·개인정보 보호 기준 준수","• 비즈니스 영어 및 수출입 실무 관련 기본 지식 또는 실무 경험을 보유한 분
• 필수 자격·면허: 무역영어 1급 보유자 또는 입사 전 취득 가능한 분
• 맡은 업무를 정확하게 기록하고 마감까지 책임질 수 있는 분
• 문서작성, 이메일, 스프레드시트 등 기본 업무도구 활용이 가능한 분
• 고객 및 유관 부서와 원활하게 소통하고 요청사항을 정리할 수 있는 분
• 예상하지 못한 상황에서도 우선순위를 판단해 대응할 수 있는 분
• 업무상 취급하는 자료와 고객 정보를 안전하게 관리할 수 있는 분
• 직무 관련 교육을 꾸준히 이수하며 전문성을 높일 분","• 해외영업 또는 유사 직무 경력 보유자
• 직무 관련 자격·면허 보유자: 무역영어 1급
• 직무 관련 자격·면허 보유자: 국제무역사 1급
• ERP, WMS, CRM, POS 등 직무 관련 시스템 사용 경험자
• 수치와 데이터를 활용한 실적 분석 경험자
• 다양한 이해관계자와 협업해 문제를 해결한 경험자
• 외국어 또는 관련 법규·안전 기준을 활용할 수 있는 분","• 지원서 및 제출서류의 허위기재 또는 허위 제출
• 채용 과정에서 본인 확인이 불가능한 경우
• 채용검진 결과 업무 수행에 부적합하다고 판단되는 경우
• 해외여행 및 근무에 결격사유가 있는 경우
• 기타 회사 또는 기관의 인사규정상 채용이 불가능한 경우",서류전형 > 인성검사 > 실무면접 > 최종면접
752,해외영업 담당자,112,76,20261128,20261223,12,신입,기간제,대전광역시,학사 이상,"대학 산학협력단에서 해외 거래처 발굴과 수출 매출을 담당하는 포지션을(를) 맡을 해외영업를 모집합니다.

이번 포지션은 시장조사, 바이어, 견적, 수출계약, 전시회을 중심으로 운영 현장의 품질과 일정, 고객 경험을 함께 관리하는 역할입니다.

현장과 유관 부서의 요구를 연결하며 업무 품질을 높이는 역할입니다.

유관 부서 및 외부 파트너와 업무 기준을 공유하고, 이슈 발생 시 원인을 정리해 재발 방지 방안을 실행합니다.

초기에는 담당 업무의 프로세스와 시스템을 익히고, 이후에는 담당 영역의 지표 개선과 운영 표준화까지 주도하게 됩니다.","• 시장조사, 바이어, 견적, 수출계약, 전시회 및 일일 운영 현황 관리
• 업무 일정·실적·품질 지표 점검 및 보고
• 관련 시스템과 문서의 정확한 입력·관리
• 고객·협력사·유관 부서 문의 대응 및 이슈 조율
• 업무 절차 개선과 운영 리스크 사전 점검
• 주요 이슈 원인 분석 및 후속 조치 관리
• 정기 회의 자료 작성과 진행 현황 공유
• 업무 매뉴얼 정비와 신규 구성원 온보딩 지원","• 비즈니스 영어 및 수출입 실무 관련 기본 지식 또는 실무 경험을 보유한 분
• 필수 자격·면허: 무역영어 1급 보유자 또는 입사 전 취득 가능한 분
• 맡은 업무를 정확하게 기록하고 마감까지 책임질 수 있는 분
• 문서작성, 이메일, 스프레드시트 등 기본 업무도구 활용이 가능한 분
• 고객 및 유관 부서와 원활하게 소통하고 요청사항을 정리할 수 있는 분
• 예상하지 못한 상황에서도 우선순위를 판단해 대응할 수 있는 분
• 업무상 취급하는 자료와 고객 정보를 안전하게 관리할 수 있는 분
• 교대·주말·현장 근무가 포함될 수 있는 일정에 대응 가능한 분","• 해외영업 또는 유사 직무 경력 보유자
• 직무 관련 자격·면허 보유자: 무역영어 1급
• 직무 관련 자격·면허 보유자: 국제무역사 1급
• ERP, WMS, CRM, POS 등 직무 관련 시스템 사용 경험자
• 수치와 데이터를 활용한 실적 분석 경험자
• 다양한 이해관계자와 협업해 문제를 해결한 경험자
• 신규 프로세스 구축이나 업무 자동화 경험자","• 지원서 및 제출서류의 허위기재 또는 허위 제출
• 채용 과정에서 본인 확인이 불가능한 경우
• 채용검진 결과 업무 수행에 부적합하다고 판단되는 경우
• 해외여행 및 근무에 결격사유가 있는 경우
• 기타 회사 또는 기관의 인사규정상 채용이 불가능한 경우",서류전형 > 직무과제 > 실무면접 > 최종합격
753,해외영업 실무자,12,76,20261215,20270116,3,경력,정규직,세종특별자치시,석사 이상,"기업 부설 연구소에서 해외 거래처 발굴과 수출 매출을 담당하는 포지션을(를) 맡을 해외영업를 모집합니다.

이번 포지션은 시장조사, 바이어, 견적, 수출계약, 전시회을 중심으로 운영 현장의 품질과 일정, 고객 경험을 함께 관리하는 역할입니다.

업무 기준을 준수하면서도 개선점을 주도적으로 제안할 수 있는 분을 기다립니다.

유관 부서 및 외부 파트너와 업무 기준을 공유하고, 이슈 발생 시 원인을 정리해 재발 방지 방안을 실행합니다.

초기에는 담당 업무의 프로세스와 시스템을 익히고, 이후에는 담당 영역의 지표 개선과 운영 표준화까지 주도하게 됩니다.","• 시장조사, 바이어, 견적, 수출계약, 전시회 및 일일 운영 현황 관리
• 업무 일정·실적·품질 지표 점검 및 보고
• 관련 시스템과 문서의 정확한 입력·관리
• 고객·협력사·유관 부서 문의 대응 및 이슈 조율
• 업무 절차 개선과 운영 리스크 사전 점검
• 주요 이슈 원인 분석 및 후속 조치 관리
• 정기 회의 자료 작성과 진행 현황 공유
• 현장 안전·보안·개인정보 보호 기준 준수","• 비즈니스 영어 및 수출입 실무 관련 기본 지식 또는 실무 경험을 보유한 분
• 필수 자격·면허: 무역영어 1급 보유자 또는 입사 전 취득 가능한 분
• 맡은 업무를 정확하게 기록하고 마감까지 책임질 수 있는 분
• 문서작성, 이메일, 스프레드시트 등 기본 업무도구 활용이 가능한 분
• 고객 및 유관 부서와 원활하게 소통하고 요청사항을 정리할 수 있는 분
• 예상하지 못한 상황에서도 우선순위를 판단해 대응할 수 있는 분
• 업무상 취급하는 자료와 고객 정보를 안전하게 관리할 수 있는 분
• 직무 관련 교육을 꾸준히 이수하며 전문성을 높일 분","• 해외영업 또는 유사 직무 경력 보유자
• 직무 관련 자격·면허 보유자: 무역영어 1급
• 직무 관련 자격·면허 보유자: 국제무역사 1급
• ERP, WMS, CRM, POS 등 직무 관련 시스템 사용 경험자
• 수치와 데이터를 활용한 실적 분석 경험자
• 다양한 이해관계자와 협업해 문제를 해결한 경험자
• 외국어 또는 관련 법규·안전 기준을 활용할 수 있는 분","• 지원서 및 제출서류의 허위기재 또는 허위 제출
• 채용 과정에서 본인 확인이 불가능한 경우
• 채용검진 결과 업무 수행에 부적합하다고 판단되는 경우
• 해외여행 및 근무에 결격사유가 있는 경우
• 기타 회사 또는 기관의 인사규정상 채용이 불가능한 경우",서류전형 > 1차면접 > 2차면접 > 채용검진
754,해외영업 운영 매니저,113,76,20260121,20260301,14,신입·경력,계약직,충청북도,박사 이상,"전문 협회에서 해외 거래처 발굴과 수출 매출을 담당하는 포지션을(를) 맡을 해외영업를 모집합니다.

이번 포지션은 시장조사, 바이어, 견적, 수출계약, 전시회을 중심으로 운영 현장의 품질과 일정, 고객 경험을 함께 관리하는 역할입니다.

고객과 동료에게 신뢰를 주는 태도로 맡은 업무를 끝까지 책임지는 포지션입니다.

유관 부서 및 외부 파트너와 업무 기준을 공유하고, 이슈 발생 시 원인을 정리해 재발 방지 방안을 실행합니다.

초기에는 담당 업무의 프로세스와 시스템을 익히고, 이후에는 담당 영역의 지표 개선과 운영 표준화까지 주도하게 됩니다.","• 시장조사, 바이어, 견적, 수출계약, 전시회 및 일일 운영 현황 관리
• 업무 일정·실적·품질 지표 점검 및 보고
• 관련 시스템과 문서의 정확한 입력·관리
• 고객·협력사·유관 부서 문의 대응 및 이슈 조율
• 업무 절차 개선과 운영 리스크 사전 점검
• 주요 이슈 원인 분석 및 후속 조치 관리
• 정기 회의 자료 작성과 진행 현황 공유
• 업무 매뉴얼 정비와 신규 구성원 온보딩 지원","• 비즈니스 영어 및 수출입 실무 관련 기본 지식 또는 실무 경험을 보유한 분
• 필수 자격·면허: 무역영어 1급 보유자 또는 입사 전 취득 가능한 분
• 맡은 업무를 정확하게 기록하고 마감까지 책임질 수 있는 분
• 문서작성, 이메일, 스프레드시트 등 기본 업무도구 활용이 가능한 분
• 고객 및 유관 부서와 원활하게 소통하고 요청사항을 정리할 수 있는 분
• 예상하지 못한 상황에서도 우선순위를 판단해 대응할 수 있는 분
• 업무상 취급하는 자료와 고객 정보를 안전하게 관리할 수 있는 분
• 직무 관련 교육을 꾸준히 이수하며 전문성을 높일 분","• 해외영업 또는 유사 직무 경력 보유자
• 직무 관련 자격·면허 보유자: 무역영어 1급
• 직무 관련 자격·면허 보유자: 국제무역사 1급
• ERP, WMS, CRM, POS 등 직무 관련 시스템 사용 경험자
• 수치와 데이터를 활용한 실적 분석 경험자
• 다양한 이해관계자와 협업해 문제를 해결한 경험자
• 신규 프로세스 구축이나 업무 자동화 경험자","• 지원서 및 제출서류의 허위기재 또는 허위 제출
• 채용 과정에서 본인 확인이 불가능한 경우
• 채용검진 결과 업무 수행에 부적합하다고 판단되는 경우
• 해외여행 및 근무에 결격사유가 있는 경우
• 기타 회사 또는 기관의 인사규정상 채용이 불가능한 경우",서류전형 > 필기전형 > 면접전형 > 최종합격
755,해외영업 전문 인력,154,76,20260207,20260217,5,경력 2년 이상,무기계약직,전라남도,학력무관,"공공서비스 운영기관에서 해외 거래처 발굴과 수출 매출을 담당하는 포지션을(를) 맡을 해외영업를 모집합니다.

이번 포지션은 시장조사, 바이어, 견적, 수출계약, 전시회을 중심으로 운영 현장의 품질과 일정, 고객 경험을 함께 관리하는 역할입니다.

데이터와 현장 감각을 함께 활용해 반복 업무를 효율화하는 역할입니다.

유관 부서 및 외부 파트너와 업무 기준을 공유하고, 이슈 발생 시 원인을 정리해 재발 방지 방안을 실행합니다.

초기에는 담당 업무의 프로세스와 시스템을 익히고, 이후에는 담당 영역의 지표 개선과 운영 표준화까지 주도하게 됩니다.","• 시장조사, 바이어, 견적, 수출계약, 전시회 및 일일 운영 현황 관리
• 업무 일정·실적·품질 지표 점검 및 보고
• 관련 시스템과 문서의 정확한 입력·관리
• 고객·협력사·유관 부서 문의 대응 및 이슈 조율
• 업무 절차 개선과 운영 리스크 사전 점검
• 주요 이슈 원인 분석 및 후속 조치 관리
• 정기 회의 자료 작성과 진행 현황 공유
• 현장 안전·보안·개인정보 보호 기준 준수","• 비즈니스 영어 및 수출입 실무 관련 기본 지식 또는 실무 경험을 보유한 분
• 필수 자격·면허: 무역영어 1급 보유자 또는 입사 전 취득 가능한 분
• 맡은 업무를 정확하게 기록하고 마감까지 책임질 수 있는 분
• 문서작성, 이메일, 스프레드시트 등 기본 업무도구 활용이 가능한 분
• 고객 및 유관 부서와 원활하게 소통하고 요청사항을 정리할 수 있는 분
• 예상하지 못한 상황에서도 우선순위를 판단해 대응할 수 있는 분
• 업무상 취급하는 자료와 고객 정보를 안전하게 관리할 수 있는 분
• 교대·주말·현장 근무가 포함될 수 있는 일정에 대응 가능한 분","• 해외영업 또는 유사 직무 경력 보유자
• 직무 관련 자격·면허 보유자: 무역영어 1급
• 직무 관련 자격·면허 보유자: 국제무역사 1급
• ERP, WMS, CRM, POS 등 직무 관련 시스템 사용 경험자
• 수치와 데이터를 활용한 실적 분석 경험자
• 다양한 이해관계자와 협업해 문제를 해결한 경험자
• 외국어 또는 관련 법규·안전 기준을 활용할 수 있는 분","• 지원서 및 제출서류의 허위기재 또는 허위 제출
• 채용 과정에서 본인 확인이 불가능한 경우
• 채용검진 결과 업무 수행에 부적합하다고 판단되는 경우
• 해외여행 및 근무에 결격사유가 있는 경우
• 기타 회사 또는 기관의 인사규정상 채용이 불가능한 경우",서류전형 > 실무면접 > 최종면접
756,해외영업 경력 채용,149,76,20260224,20260313,16,경력 3년 이상,기간제,제주특별자치도,전문학사 이상,"대기업 사업부에서 해외 거래처 발굴과 수출 매출을 담당하는 포지션을(를) 맡을 해외영업를 모집합니다.

이번 포지션은 시장조사, 바이어, 견적, 수출계약, 전시회을 중심으로 운영 현장의 품질과 일정, 고객 경험을 함께 관리하는 역할입니다.

정해진 절차를 지키되 상황에 맞게 유연하게 대응하는 실무자를 모집합니다.

유관 부서 및 외부 파트너와 업무 기준을 공유하고, 이슈 발생 시 원인을 정리해 재발 방지 방안을 실행합니다.

초기에는 담당 업무의 프로세스와 시스템을 익히고, 이후에는 담당 영역의 지표 개선과 운영 표준화까지 주도하게 됩니다.","• 시장조사, 바이어, 견적, 수출계약, 전시회 및 일일 운영 현황 관리
• 업무 일정·실적·품질 지표 점검 및 보고
• 관련 시스템과 문서의 정확한 입력·관리
• 고객·협력사·유관 부서 문의 대응 및 이슈 조율
• 업무 절차 개선과 운영 리스크 사전 점검
• 주요 이슈 원인 분석 및 후속 조치 관리
• 정기 회의 자료 작성과 진행 현황 공유
• 업무 매뉴얼 정비와 신규 구성원 온보딩 지원","• 비즈니스 영어 및 수출입 실무 관련 기본 지식 또는 실무 경험을 보유한 분
• 필수 자격·면허: 무역영어 1급 보유자 또는 입사 전 취득 가능한 분
• 맡은 업무를 정확하게 기록하고 마감까지 책임질 수 있는 분
• 문서작성, 이메일, 스프레드시트 등 기본 업무도구 활용이 가능한 분
• 고객 및 유관 부서와 원활하게 소통하고 요청사항을 정리할 수 있는 분
• 예상하지 못한 상황에서도 우선순위를 판단해 대응할 수 있는 분
• 업무상 취급하는 자료와 고객 정보를 안전하게 관리할 수 있는 분
• 직무 관련 교육을 꾸준히 이수하며 전문성을 높일 분","• 해외영업 또는 유사 직무 경력 보유자
• 직무 관련 자격·면허 보유자: 무역영어 1급
• 직무 관련 자격·면허 보유자: 국제무역사 1급
• ERP, WMS, CRM, POS 등 직무 관련 시스템 사용 경험자
• 수치와 데이터를 활용한 실적 분석 경험자
• 다양한 이해관계자와 협업해 문제를 해결한 경험자
• 신규 프로세스 구축이나 업무 자동화 경험자","• 지원서 및 제출서류의 허위기재 또는 허위 제출
• 채용 과정에서 본인 확인이 불가능한 경우
• 채용검진 결과 업무 수행에 부적합하다고 판단되는 경우
• 해외여행 및 근무에 결격사유가 있는 경우
• 기타 회사 또는 기관의 인사규정상 채용이 불가능한 경우",서류전형 > 인성검사 > 실무면접 > 최종면접
757,해외영업 현장 책임자,29,76,20260313,20260406,7,경력 5년 이상,정규직,인천광역시,학사 이상,"중견 제조기업에서 해외 거래처 발굴과 수출 매출을 담당하는 포지션을(를) 맡을 해외영업를 모집합니다.

이번 포지션은 시장조사, 바이어, 견적, 수출계약, 전시회을 중심으로 운영 현장의 품질과 일정, 고객 경험을 함께 관리하는 역할입니다.

부서 간 원활한 소통으로 일정과 품질을 안정적으로 관리하는 직무입니다.

유관 부서 및 외부 파트너와 업무 기준을 공유하고, 이슈 발생 시 원인을 정리해 재발 방지 방안을 실행합니다.

초기에는 담당 업무의 프로세스와 시스템을 익히고, 이후에는 담당 영역의 지표 개선과 운영 표준화까지 주도하게 됩니다.","• 시장조사, 바이어, 견적, 수출계약, 전시회 및 일일 운영 현황 관리
• 업무 일정·실적·품질 지표 점검 및 보고
• 관련 시스템과 문서의 정확한 입력·관리
• 고객·협력사·유관 부서 문의 대응 및 이슈 조율
• 업무 절차 개선과 운영 리스크 사전 점검
• 주요 이슈 원인 분석 및 후속 조치 관리
• 정기 회의 자료 작성과 진행 현황 공유
• 현장 안전·보안·개인정보 보호 기준 준수","• 비즈니스 영어 및 수출입 실무 관련 기본 지식 또는 실무 경험을 보유한 분
• 필수 자격·면허: 무역영어 1급 보유자 또는 입사 전 취득 가능한 분
• 맡은 업무를 정확하게 기록하고 마감까지 책임질 수 있는 분
• 문서작성, 이메일, 스프레드시트 등 기본 업무도구 활용이 가능한 분
• 고객 및 유관 부서와 원활하게 소통하고 요청사항을 정리할 수 있는 분
• 예상하지 못한 상황에서도 우선순위를 판단해 대응할 수 있는 분
• 업무상 취급하는 자료와 고객 정보를 안전하게 관리할 수 있는 분
• 직무 관련 교육을 꾸준히 이수하며 전문성을 높일 분","• 해외영업 또는 유사 직무 경력 보유자
• 직무 관련 자격·면허 보유자: 무역영어 1급
• 직무 관련 자격·면허 보유자: 국제무역사 1급
• ERP, WMS, CRM, POS 등 직무 관련 시스템 사용 경험자
• 수치와 데이터를 활용한 실적 분석 경험자
• 다양한 이해관계자와 협업해 문제를 해결한 경험자
• 외국어 또는 관련 법규·안전 기준을 활용할 수 있는 분","• 지원서 및 제출서류의 허위기재 또는 허위 제출
• 채용 과정에서 본인 확인이 불가능한 경우
• 채용검진 결과 업무 수행에 부적합하다고 판단되는 경우
• 해외여행 및 근무에 결격사유가 있는 경우
• 기타 회사 또는 기관의 인사규정상 채용이 불가능한 경우",서류전형 > 직무과제 > 실무면접 > 최종합격
758,해외영업 서비스 담당,150,76,20260330,20260430,18,경력 무관,계약직,울산광역시,석사 이상,"전문 중소기업에서 해외 거래처 발굴과 수출 매출을 담당하는 포지션을(를) 맡을 해외영업를 모집합니다.

이번 포지션은 시장조사, 바이어, 견적, 수출계약, 전시회을 중심으로 운영 현장의 품질과 일정, 고객 경험을 함께 관리하는 역할입니다.

서비스 품질과 안전을 우선하며 꾸준히 전문성을 쌓을 수 있는 포지션입니다.

유관 부서 및 외부 파트너와 업무 기준을 공유하고, 이슈 발생 시 원인을 정리해 재발 방지 방안을 실행합니다.

초기에는 담당 업무의 프로세스와 시스템을 익히고, 이후에는 담당 영역의 지표 개선과 운영 표준화까지 주도하게 됩니다.","• 시장조사, 바이어, 견적, 수출계약, 전시회 및 일일 운영 현황 관리
• 업무 일정·실적·품질 지표 점검 및 보고
• 관련 시스템과 문서의 정확한 입력·관리
• 고객·협력사·유관 부서 문의 대응 및 이슈 조율
• 업무 절차 개선과 운영 리스크 사전 점검
• 주요 이슈 원인 분석 및 후속 조치 관리
• 정기 회의 자료 작성과 진행 현황 공유
• 업무 매뉴얼 정비와 신규 구성원 온보딩 지원","• 비즈니스 영어 및 수출입 실무 관련 기본 지식 또는 실무 경험을 보유한 분
• 필수 자격·면허: 무역영어 1급 보유자 또는 입사 전 취득 가능한 분
• 맡은 업무를 정확하게 기록하고 마감까지 책임질 수 있는 분
• 문서작성, 이메일, 스프레드시트 등 기본 업무도구 활용이 가능한 분
• 고객 및 유관 부서와 원활하게 소통하고 요청사항을 정리할 수 있는 분
• 예상하지 못한 상황에서도 우선순위를 판단해 대응할 수 있는 분
• 업무상 취급하는 자료와 고객 정보를 안전하게 관리할 수 있는 분
• 교대·주말·현장 근무가 포함될 수 있는 일정에 대응 가능한 분","• 해외영업 또는 유사 직무 경력 보유자
• 직무 관련 자격·면허 보유자: 무역영어 1급
• 직무 관련 자격·면허 보유자: 국제무역사 1급
• ERP, WMS, CRM, POS 등 직무 관련 시스템 사용 경험자
• 수치와 데이터를 활용한 실적 분석 경험자
• 다양한 이해관계자와 협업해 문제를 해결한 경험자
• 신규 프로세스 구축이나 업무 자동화 경험자","• 지원서 및 제출서류의 허위기재 또는 허위 제출
• 채용 과정에서 본인 확인이 불가능한 경우
• 채용검진 결과 업무 수행에 부적합하다고 판단되는 경우
• 해외여행 및 근무에 결격사유가 있는 경우
• 기타 회사 또는 기관의 인사규정상 채용이 불가능한 경우",서류전형 > 1차면접 > 2차면접 > 채용검진
759,해외영업 담당자,69,76,20260416,20260524,9,신입,무기계약직,강원특별자치도,박사 이상,"성장 단계 스타트업에서 해외 거래처 발굴과 수출 매출을 담당하는 포지션을(를) 맡을 해외영업를 모집합니다.

이번 포지션은 시장조사, 바이어, 견적, 수출계약, 전시회을 중심으로 운영 현장의 품질과 일정, 고객 경험을 함께 관리하는 역할입니다.

기본기를 바탕으로 새로운 업무를 빠르게 익히고 실행할 분을 모십니다.

유관 부서 및 외부 파트너와 업무 기준을 공유하고, 이슈 발생 시 원인을 정리해 재발 방지 방안을 실행합니다.

초기에는 담당 업무의 프로세스와 시스템을 익히고, 이후에는 담당 영역의 지표 개선과 운영 표준화까지 주도하게 됩니다.","• 시장조사, 바이어, 견적, 수출계약, 전시회 및 일일 운영 현황 관리
• 업무 일정·실적·품질 지표 점검 및 보고
• 관련 시스템과 문서의 정확한 입력·관리
• 고객·협력사·유관 부서 문의 대응 및 이슈 조율
• 업무 절차 개선과 운영 리스크 사전 점검
• 주요 이슈 원인 분석 및 후속 조치 관리
• 정기 회의 자료 작성과 진행 현황 공유
• 현장 안전·보안·개인정보 보호 기준 준수","• 비즈니스 영어 및 수출입 실무 관련 기본 지식 또는 실무 경험을 보유한 분
• 필수 자격·면허: 무역영어 1급 보유자 또는 입사 전 취득 가능한 분
• 맡은 업무를 정확하게 기록하고 마감까지 책임질 수 있는 분
• 문서작성, 이메일, 스프레드시트 등 기본 업무도구 활용이 가능한 분
• 고객 및 유관 부서와 원활하게 소통하고 요청사항을 정리할 수 있는 분
• 예상하지 못한 상황에서도 우선순위를 판단해 대응할 수 있는 분
• 업무상 취급하는 자료와 고객 정보를 안전하게 관리할 수 있는 분
• 직무 관련 교육을 꾸준히 이수하며 전문성을 높일 분","• 해외영업 또는 유사 직무 경력 보유자
• 직무 관련 자격·면허 보유자: 무역영어 1급
• 직무 관련 자격·면허 보유자: 국제무역사 1급
• ERP, WMS, CRM, POS 등 직무 관련 시스템 사용 경험자
• 수치와 데이터를 활용한 실적 분석 경험자
• 다양한 이해관계자와 협업해 문제를 해결한 경험자
• 외국어 또는 관련 법규·안전 기준을 활용할 수 있는 분","• 지원서 및 제출서류의 허위기재 또는 허위 제출
• 채용 과정에서 본인 확인이 불가능한 경우
• 채용검진 결과 업무 수행에 부적합하다고 판단되는 경우
• 해외여행 및 근무에 결격사유가 있는 경우
• 기타 회사 또는 기관의 인사규정상 채용이 불가능한 경우",서류전형 > 필기전형 > 면접전형 > 최종합격
760,해외영업 실무자,92,76,20260503,20260617,20,경력,기간제,전라북도,학력무관,"종합병원 운영조직에서 해외 거래처 발굴과 수출 매출을 담당하는 포지션을(를) 맡을 해외영업를 모집합니다.

이번 포지션은 시장조사, 바이어, 견적, 수출계약, 전시회을 중심으로 운영 현장의 품질과 일정, 고객 경험을 함께 관리하는 역할입니다.

성과와 고객 만족을 함께 고려하며 실질적인 변화를 만드는 역할입니다.

유관 부서 및 외부 파트너와 업무 기준을 공유하고, 이슈 발생 시 원인을 정리해 재발 방지 방안을 실행합니다.

초기에는 담당 업무의 프로세스와 시스템을 익히고, 이후에는 담당 영역의 지표 개선과 운영 표준화까지 주도하게 됩니다.","• 시장조사, 바이어, 견적, 수출계약, 전시회 및 일일 운영 현황 관리
• 업무 일정·실적·품질 지표 점검 및 보고
• 관련 시스템과 문서의 정확한 입력·관리
• 고객·협력사·유관 부서 문의 대응 및 이슈 조율
• 업무 절차 개선과 운영 리스크 사전 점검
• 주요 이슈 원인 분석 및 후속 조치 관리
• 정기 회의 자료 작성과 진행 현황 공유
• 업무 매뉴얼 정비와 신규 구성원 온보딩 지원","• 비즈니스 영어 및 수출입 실무 관련 기본 지식 또는 실무 경험을 보유한 분
• 필수 자격·면허: 무역영어 1급 보유자 또는 입사 전 취득 가능한 분
• 맡은 업무를 정확하게 기록하고 마감까지 책임질 수 있는 분
• 문서작성, 이메일, 스프레드시트 등 기본 업무도구 활용이 가능한 분
• 고객 및 유관 부서와 원활하게 소통하고 요청사항을 정리할 수 있는 분
• 예상하지 못한 상황에서도 우선순위를 판단해 대응할 수 있는 분
• 업무상 취급하는 자료와 고객 정보를 안전하게 관리할 수 있는 분
• 직무 관련 교육을 꾸준히 이수하며 전문성을 높일 분","• 해외영업 또는 유사 직무 경력 보유자
• 직무 관련 자격·면허 보유자: 무역영어 1급
• 직무 관련 자격·면허 보유자: 국제무역사 1급
• ERP, WMS, CRM, POS 등 직무 관련 시스템 사용 경험자
• 수치와 데이터를 활용한 실적 분석 경험자
• 다양한 이해관계자와 협업해 문제를 해결한 경험자
• 신규 프로세스 구축이나 업무 자동화 경험자","• 지원서 및 제출서류의 허위기재 또는 허위 제출
• 채용 과정에서 본인 확인이 불가능한 경우
• 채용검진 결과 업무 수행에 부적합하다고 판단되는 경우
• 해외여행 및 근무에 결격사유가 있는 경우
• 기타 회사 또는 기관의 인사규정상 채용이 불가능한 경우",서류전형 > 실무면접 > 최종면접
761,광고영업 전문 인력,137,77,20260520,20260605,11,경력 2년 이상,정규직,제주특별자치도,학사 이상,"대학 산학협력단에서 광고주 맞춤형 캠페인과 매출을 기획하는 포지션을(를) 맡을 광고영업를 모집합니다.

이번 포지션은 광고주 발굴, 매체제안, 캠페인, 실적, 정산을 중심으로 운영 현장의 품질과 일정, 고객 경험을 함께 관리하는 역할입니다.

정확한 실행력과 협업을 바탕으로 안정적인 운영을 함께 만들어 갈 분을 찾습니다.

유관 부서 및 외부 파트너와 업무 기준을 공유하고, 이슈 발생 시 원인을 정리해 재발 방지 방안을 실행합니다.

초기에는 담당 업무의 프로세스와 시스템을 익히고, 이후에는 담당 영역의 지표 개선과 운영 표준화까지 주도하게 됩니다.","• 광고주 발굴, 매체제안, 캠페인, 실적, 정산 및 일일 운영 현황 관리
• 업무 일정·실적·품질 지표 점검 및 보고
• 관련 시스템과 문서의 정확한 입력·관리
• 고객·협력사·유관 부서 문의 대응 및 이슈 조율
• 업무 절차 개선과 운영 리스크 사전 점검
• 주요 이슈 원인 분석 및 후속 조치 관리
• 정기 회의 자료 작성과 진행 현황 공유
• 현장 안전·보안·개인정보 보호 기준 준수","• 광고·마케팅 이해와 제안서 작성 관련 기본 지식 또는 실무 경험을 보유한 분
• 필수 자격·면허: 검색광고마케터 1급 보유자 또는 입사 전 취득 가능한 분
• 맡은 업무를 정확하게 기록하고 마감까지 책임질 수 있는 분
• 문서작성, 이메일, 스프레드시트 등 기본 업무도구 활용이 가능한 분
• 고객 및 유관 부서와 원활하게 소통하고 요청사항을 정리할 수 있는 분
• 예상하지 못한 상황에서도 우선순위를 판단해 대응할 수 있는 분
• 업무상 취급하는 자료와 고객 정보를 안전하게 관리할 수 있는 분
• 교대·주말·현장 근무가 포함될 수 있는 일정에 대응 가능한 분","• 광고영업 또는 유사 직무 경력 보유자
• 직무 관련 자격·면허 보유자: 검색광고마케터 1급
• 직무 관련 자격·면허 보유자: 디지털정보활용능력
• ERP, WMS, CRM, POS 등 직무 관련 시스템 사용 경험자
• 수치와 데이터를 활용한 실적 분석 경험자
• 다양한 이해관계자와 협업해 문제를 해결한 경험자
• 외국어 또는 관련 법규·안전 기준을 활용할 수 있는 분","• 지원서 및 제출서류의 허위기재 또는 허위 제출
• 채용 과정에서 본인 확인이 불가능한 경우
• 채용검진 결과 업무 수행에 부적합하다고 판단되는 경우
• 해외여행 및 근무에 결격사유가 있는 경우
• 기타 회사 또는 기관의 인사규정상 채용이 불가능한 경우",서류전형 > 직무과제 > 실무면접 > 최종합격
762,광고영업 경력 채용,137,77,20260606,20260629,2,경력 3년 이상,계약직,인천광역시,석사 이상,"기업 부설 연구소에서 광고주 맞춤형 캠페인과 매출을 기획하는 포지션을(를) 맡을 광고영업를 모집합니다.

이번 포지션은 광고주 발굴, 매체제안, 캠페인, 실적, 정산을 중심으로 운영 현장의 품질과 일정, 고객 경험을 함께 관리하는 역할입니다.

현장과 유관 부서의 요구를 연결하며 업무 품질을 높이는 역할입니다.

유관 부서 및 외부 파트너와 업무 기준을 공유하고, 이슈 발생 시 원인을 정리해 재발 방지 방안을 실행합니다.

초기에는 담당 업무의 프로세스와 시스템을 익히고, 이후에는 담당 영역의 지표 개선과 운영 표준화까지 주도하게 됩니다.","• 광고주 발굴, 매체제안, 캠페인, 실적, 정산 및 일일 운영 현황 관리
• 업무 일정·실적·품질 지표 점검 및 보고
• 관련 시스템과 문서의 정확한 입력·관리
• 고객·협력사·유관 부서 문의 대응 및 이슈 조율
• 업무 절차 개선과 운영 리스크 사전 점검
• 주요 이슈 원인 분석 및 후속 조치 관리
• 정기 회의 자료 작성과 진행 현황 공유
• 업무 매뉴얼 정비와 신규 구성원 온보딩 지원","• 광고·마케팅 이해와 제안서 작성 관련 기본 지식 또는 실무 경험을 보유한 분
• 필수 자격·면허: 검색광고마케터 1급 보유자 또는 입사 전 취득 가능한 분
• 맡은 업무를 정확하게 기록하고 마감까지 책임질 수 있는 분
• 문서작성, 이메일, 스프레드시트 등 기본 업무도구 활용이 가능한 분
• 고객 및 유관 부서와 원활하게 소통하고 요청사항을 정리할 수 있는 분
• 예상하지 못한 상황에서도 우선순위를 판단해 대응할 수 있는 분
• 업무상 취급하는 자료와 고객 정보를 안전하게 관리할 수 있는 분
• 직무 관련 교육을 꾸준히 이수하며 전문성을 높일 분","• 광고영업 또는 유사 직무 경력 보유자
• 직무 관련 자격·면허 보유자: 검색광고마케터 1급
• 직무 관련 자격·면허 보유자: 디지털정보활용능력
• ERP, WMS, CRM, POS 등 직무 관련 시스템 사용 경험자
• 수치와 데이터를 활용한 실적 분석 경험자
• 다양한 이해관계자와 협업해 문제를 해결한 경험자
• 신규 프로세스 구축이나 업무 자동화 경험자","• 지원서 및 제출서류의 허위기재 또는 허위 제출
• 채용 과정에서 본인 확인이 불가능한 경우
• 채용검진 결과 업무 수행에 부적합하다고 판단되는 경우
• 해외여행 및 근무에 결격사유가 있는 경우
• 기타 회사 또는 기관의 인사규정상 채용이 불가능한 경우",서류전형 > 1차면접 > 2차면접 > 채용검진
763,광고영업 현장 책임자,150,77,20260623,20260723,13,경력 5년 이상,무기계약직,울산광역시,박사 이상,"전문 협회에서 광고주 맞춤형 캠페인과 매출을 기획하는 포지션을(를) 맡을 광고영업를 모집합니다.

이번 포지션은 광고주 발굴, 매체제안, 캠페인, 실적, 정산을 중심으로 운영 현장의 품질과 일정, 고객 경험을 함께 관리하는 역할입니다.

업무 기준을 준수하면서도 개선점을 주도적으로 제안할 수 있는 분을 기다립니다.

유관 부서 및 외부 파트너와 업무 기준을 공유하고, 이슈 발생 시 원인을 정리해 재발 방지 방안을 실행합니다.

초기에는 담당 업무의 프로세스와 시스템을 익히고, 이후에는 담당 영역의 지표 개선과 운영 표준화까지 주도하게 됩니다.","• 광고주 발굴, 매체제안, 캠페인, 실적, 정산 및 일일 운영 현황 관리
• 업무 일정·실적·품질 지표 점검 및 보고
• 관련 시스템과 문서의 정확한 입력·관리
• 고객·협력사·유관 부서 문의 대응 및 이슈 조율
• 업무 절차 개선과 운영 리스크 사전 점검
• 주요 이슈 원인 분석 및 후속 조치 관리
• 정기 회의 자료 작성과 진행 현황 공유
• 현장 안전·보안·개인정보 보호 기준 준수","• 광고·마케팅 이해와 제안서 작성 관련 기본 지식 또는 실무 경험을 보유한 분
• 필수 자격·면허: 검색광고마케터 1급 보유자 또는 입사 전 취득 가능한 분
• 맡은 업무를 정확하게 기록하고 마감까지 책임질 수 있는 분
• 문서작성, 이메일, 스프레드시트 등 기본 업무도구 활용이 가능한 분
• 고객 및 유관 부서와 원활하게 소통하고 요청사항을 정리할 수 있는 분
• 예상하지 못한 상황에서도 우선순위를 판단해 대응할 수 있는 분
• 업무상 취급하는 자료와 고객 정보를 안전하게 관리할 수 있는 분
• 직무 관련 교육을 꾸준히 이수하며 전문성을 높일 분","• 광고영업 또는 유사 직무 경력 보유자
• 직무 관련 자격·면허 보유자: 검색광고마케터 1급
• 직무 관련 자격·면허 보유자: 디지털정보활용능력
• ERP, WMS, CRM, POS 등 직무 관련 시스템 사용 경험자
• 수치와 데이터를 활용한 실적 분석 경험자
• 다양한 이해관계자와 협업해 문제를 해결한 경험자
• 외국어 또는 관련 법규·안전 기준을 활용할 수 있는 분","• 지원서 및 제출서류의 허위기재 또는 허위 제출
• 채용 과정에서 본인 확인이 불가능한 경우
• 채용검진 결과 업무 수행에 부적합하다고 판단되는 경우
• 해외여행 및 근무에 결격사유가 있는 경우
• 기타 회사 또는 기관의 인사규정상 채용이 불가능한 경우",서류전형 > 필기전형 > 면접전형 > 최종합격
764,광고영업 서비스 담당,121,77,20260710,20260816,4,경력 무관,기간제,강원특별자치도,학력무관,"공공서비스 운영기관에서 광고주 맞춤형 캠페인과 매출을 기획하는 포지션을(를) 맡을 광고영업를 모집합니다.

이번 포지션은 광고주 발굴, 매체제안, 캠페인, 실적, 정산을 중심으로 운영 현장의 품질과 일정, 고객 경험을 함께 관리하는 역할입니다.

고객과 동료에게 신뢰를 주는 태도로 맡은 업무를 끝까지 책임지는 포지션입니다.

유관 부서 및 외부 파트너와 업무 기준을 공유하고, 이슈 발생 시 원인을 정리해 재발 방지 방안을 실행합니다.

초기에는 담당 업무의 프로세스와 시스템을 익히고, 이후에는 담당 영역의 지표 개선과 운영 표준화까지 주도하게 됩니다.","• 광고주 발굴, 매체제안, 캠페인, 실적, 정산 및 일일 운영 현황 관리
• 업무 일정·실적·품질 지표 점검 및 보고
• 관련 시스템과 문서의 정확한 입력·관리
• 고객·협력사·유관 부서 문의 대응 및 이슈 조율
• 업무 절차 개선과 운영 리스크 사전 점검
• 주요 이슈 원인 분석 및 후속 조치 관리
• 정기 회의 자료 작성과 진행 현황 공유
• 업무 매뉴얼 정비와 신규 구성원 온보딩 지원","• 광고·마케팅 이해와 제안서 작성 관련 기본 지식 또는 실무 경험을 보유한 분
• 필수 자격·면허: 검색광고마케터 1급 보유자 또는 입사 전 취득 가능한 분
• 맡은 업무를 정확하게 기록하고 마감까지 책임질 수 있는 분
• 문서작성, 이메일, 스프레드시트 등 기본 업무도구 활용이 가능한 분
• 고객 및 유관 부서와 원활하게 소통하고 요청사항을 정리할 수 있는 분
• 예상하지 못한 상황에서도 우선순위를 판단해 대응할 수 있는 분
• 업무상 취급하는 자료와 고객 정보를 안전하게 관리할 수 있는 분
• 교대·주말·현장 근무가 포함될 수 있는 일정에 대응 가능한 분","• 광고영업 또는 유사 직무 경력 보유자
• 직무 관련 자격·면허 보유자: 검색광고마케터 1급
• 직무 관련 자격·면허 보유자: 디지털정보활용능력
• ERP, WMS, CRM, POS 등 직무 관련 시스템 사용 경험자
• 수치와 데이터를 활용한 실적 분석 경험자
• 다양한 이해관계자와 협업해 문제를 해결한 경험자
• 신규 프로세스 구축이나 업무 자동화 경험자","• 지원서 및 제출서류의 허위기재 또는 허위 제출
• 채용 과정에서 본인 확인이 불가능한 경우
• 채용검진 결과 업무 수행에 부적합하다고 판단되는 경우
• 해외여행 및 근무에 결격사유가 있는 경우
• 기타 회사 또는 기관의 인사규정상 채용이 불가능한 경우",서류전형 > 실무면접 > 최종면접
765,광고영업 담당자,102,77,20260727,20260909,15,신입,정규직,전라북도,전문학사 이상,"대기업 사업부에서 광고주 맞춤형 캠페인과 매출을 기획하는 포지션을(를) 맡을 광고영업를 모집합니다.

이번 포지션은 광고주 발굴, 매체제안, 캠페인, 실적, 정산을 중심으로 운영 현장의 품질과 일정, 고객 경험을 함께 관리하는 역할입니다.

데이터와 현장 감각을 함께 활용해 반복 업무를 효율화하는 역할입니다.

유관 부서 및 외부 파트너와 업무 기준을 공유하고, 이슈 발생 시 원인을 정리해 재발 방지 방안을 실행합니다.

초기에는 담당 업무의 프로세스와 시스템을 익히고, 이후에는 담당 영역의 지표 개선과 운영 표준화까지 주도하게 됩니다.","• 광고주 발굴, 매체제안, 캠페인, 실적, 정산 및 일일 운영 현황 관리
• 업무 일정·실적·품질 지표 점검 및 보고
• 관련 시스템과 문서의 정확한 입력·관리
• 고객·협력사·유관 부서 문의 대응 및 이슈 조율
• 업무 절차 개선과 운영 리스크 사전 점검
• 주요 이슈 원인 분석 및 후속 조치 관리
• 정기 회의 자료 작성과 진행 현황 공유
• 현장 안전·보안·개인정보 보호 기준 준수","• 광고·마케팅 이해와 제안서 작성 관련 기본 지식 또는 실무 경험을 보유한 분
• 필수 자격·면허: 검색광고마케터 1급 보유자 또는 입사 전 취득 가능한 분
• 맡은 업무를 정확하게 기록하고 마감까지 책임질 수 있는 분
• 문서작성, 이메일, 스프레드시트 등 기본 업무도구 활용이 가능한 분
• 고객 및 유관 부서와 원활하게 소통하고 요청사항을 정리할 수 있는 분
• 예상하지 못한 상황에서도 우선순위를 판단해 대응할 수 있는 분
• 업무상 취급하는 자료와 고객 정보를 안전하게 관리할 수 있는 분
• 직무 관련 교육을 꾸준히 이수하며 전문성을 높일 분","• 광고영업 또는 유사 직무 경력 보유자
• 직무 관련 자격·면허 보유자: 검색광고마케터 1급
• 직무 관련 자격·면허 보유자: 디지털정보활용능력
• ERP, WMS, CRM, POS 등 직무 관련 시스템 사용 경험자
• 수치와 데이터를 활용한 실적 분석 경험자
• 다양한 이해관계자와 협업해 문제를 해결한 경험자
• 외국어 또는 관련 법규·안전 기준을 활용할 수 있는 분","• 지원서 및 제출서류의 허위기재 또는 허위 제출
• 채용 과정에서 본인 확인이 불가능한 경우
• 채용검진 결과 업무 수행에 부적합하다고 판단되는 경우
• 해외여행 및 근무에 결격사유가 있는 경우
• 기타 회사 또는 기관의 인사규정상 채용이 불가능한 경우",서류전형 > 인성검사 > 실무면접 > 최종면접
766,광고영업 실무자,58,77,20260813,20260828,6,경력,계약직,경상남도,학사 이상,"중견 제조기업에서 광고주 맞춤형 캠페인과 매출을 기획하는 포지션을(를) 맡을 광고영업를 모집합니다.

이번 포지션은 광고주 발굴, 매체제안, 캠페인, 실적, 정산을 중심으로 운영 현장의 품질과 일정, 고객 경험을 함께 관리하는 역할입니다.

정해진 절차를 지키되 상황에 맞게 유연하게 대응하는 실무자를 모집합니다.

유관 부서 및 외부 파트너와 업무 기준을 공유하고, 이슈 발생 시 원인을 정리해 재발 방지 방안을 실행합니다.

초기에는 담당 업무의 프로세스와 시스템을 익히고, 이후에는 담당 영역의 지표 개선과 운영 표준화까지 주도하게 됩니다.","• 광고주 발굴, 매체제안, 캠페인, 실적, 정산 및 일일 운영 현황 관리
• 업무 일정·실적·품질 지표 점검 및 보고
• 관련 시스템과 문서의 정확한 입력·관리
• 고객·협력사·유관 부서 문의 대응 및 이슈 조율
• 업무 절차 개선과 운영 리스크 사전 점검
• 주요 이슈 원인 분석 및 후속 조치 관리
• 정기 회의 자료 작성과 진행 현황 공유
• 업무 매뉴얼 정비와 신규 구성원 온보딩 지원","• 광고·마케팅 이해와 제안서 작성 관련 기본 지식 또는 실무 경험을 보유한 분
• 필수 자격·면허: 검색광고마케터 1급 보유자 또는 입사 전 취득 가능한 분
• 맡은 업무를 정확하게 기록하고 마감까지 책임질 수 있는 분
• 문서작성, 이메일, 스프레드시트 등 기본 업무도구 활용이 가능한 분
• 고객 및 유관 부서와 원활하게 소통하고 요청사항을 정리할 수 있는 분
• 예상하지 못한 상황에서도 우선순위를 판단해 대응할 수 있는 분
• 업무상 취급하는 자료와 고객 정보를 안전하게 관리할 수 있는 분
• 직무 관련 교육을 꾸준히 이수하며 전문성을 높일 분","• 광고영업 또는 유사 직무 경력 보유자
• 직무 관련 자격·면허 보유자: 검색광고마케터 1급
• 직무 관련 자격·면허 보유자: 디지털정보활용능력
• ERP, WMS, CRM, POS 등 직무 관련 시스템 사용 경험자
• 수치와 데이터를 활용한 실적 분석 경험자
• 다양한 이해관계자와 협업해 문제를 해결한 경험자
• 신규 프로세스 구축이나 업무 자동화 경험자","• 지원서 및 제출서류의 허위기재 또는 허위 제출
• 채용 과정에서 본인 확인이 불가능한 경우
• 채용검진 결과 업무 수행에 부적합하다고 판단되는 경우
• 해외여행 및 근무에 결격사유가 있는 경우
• 기타 회사 또는 기관의 인사규정상 채용이 불가능한 경우",서류전형 > 직무과제 > 실무면접 > 최종합격
767,광고영업 운영 매니저,66,77,20260830,20260921,17,신입·경력,무기계약직,부산광역시,석사 이상,"전문 중소기업에서 광고주 맞춤형 캠페인과 매출을 기획하는 포지션을(를) 맡을 광고영업를 모집합니다.

이번 포지션은 광고주 발굴, 매체제안, 캠페인, 실적, 정산을 중심으로 운영 현장의 품질과 일정, 고객 경험을 함께 관리하는 역할입니다.

부서 간 원활한 소통으로 일정과 품질을 안정적으로 관리하는 직무입니다.

유관 부서 및 외부 파트너와 업무 기준을 공유하고, 이슈 발생 시 원인을 정리해 재발 방지 방안을 실행합니다.

초기에는 담당 업무의 프로세스와 시스템을 익히고, 이후에는 담당 영역의 지표 개선과 운영 표준화까지 주도하게 됩니다.","• 광고주 발굴, 매체제안, 캠페인, 실적, 정산 및 일일 운영 현황 관리
• 업무 일정·실적·품질 지표 점검 및 보고
• 관련 시스템과 문서의 정확한 입력·관리
• 고객·협력사·유관 부서 문의 대응 및 이슈 조율
• 업무 절차 개선과 운영 리스크 사전 점검
• 주요 이슈 원인 분석 및 후속 조치 관리
• 정기 회의 자료 작성과 진행 현황 공유
• 현장 안전·보안·개인정보 보호 기준 준수","• 광고·마케팅 이해와 제안서 작성 관련 기본 지식 또는 실무 경험을 보유한 분
• 필수 자격·면허: 검색광고마케터 1급 보유자 또는 입사 전 취득 가능한 분
• 맡은 업무를 정확하게 기록하고 마감까지 책임질 수 있는 분
• 문서작성, 이메일, 스프레드시트 등 기본 업무도구 활용이 가능한 분
• 고객 및 유관 부서와 원활하게 소통하고 요청사항을 정리할 수 있는 분
• 예상하지 못한 상황에서도 우선순위를 판단해 대응할 수 있는 분
• 업무상 취급하는 자료와 고객 정보를 안전하게 관리할 수 있는 분
• 교대·주말·현장 근무가 포함될 수 있는 일정에 대응 가능한 분","• 광고영업 또는 유사 직무 경력 보유자
• 직무 관련 자격·면허 보유자: 검색광고마케터 1급
• 직무 관련 자격·면허 보유자: 디지털정보활용능력
• ERP, WMS, CRM, POS 등 직무 관련 시스템 사용 경험자
• 수치와 데이터를 활용한 실적 분석 경험자
• 다양한 이해관계자와 협업해 문제를 해결한 경험자
• 외국어 또는 관련 법규·안전 기준을 활용할 수 있는 분","• 지원서 및 제출서류의 허위기재 또는 허위 제출
• 채용 과정에서 본인 확인이 불가능한 경우
• 채용검진 결과 업무 수행에 부적합하다고 판단되는 경우
• 해외여행 및 근무에 결격사유가 있는 경우
• 기타 회사 또는 기관의 인사규정상 채용이 불가능한 경우",서류전형 > 1차면접 > 2차면접 > 채용검진
768,광고영업 전문 인력,145,77,20260916,20261015,8,경력 2년 이상,기간제,광주광역시,박사 이상,"성장 단계 스타트업에서 광고주 맞춤형 캠페인과 매출을 기획하는 포지션을(를) 맡을 광고영업를 모집합니다.

이번 포지션은 광고주 발굴, 매체제안, 캠페인, 실적, 정산을 중심으로 운영 현장의 품질과 일정, 고객 경험을 함께 관리하는 역할입니다.

서비스 품질과 안전을 우선하며 꾸준히 전문성을 쌓을 수 있는 포지션입니다.

유관 부서 및 외부 파트너와 업무 기준을 공유하고, 이슈 발생 시 원인을 정리해 재발 방지 방안을 실행합니다.

초기에는 담당 업무의 프로세스와 시스템을 익히고, 이후에는 담당 영역의 지표 개선과 운영 표준화까지 주도하게 됩니다.","• 광고주 발굴, 매체제안, 캠페인, 실적, 정산 및 일일 운영 현황 관리
• 업무 일정·실적·품질 지표 점검 및 보고
• 관련 시스템과 문서의 정확한 입력·관리
• 고객·협력사·유관 부서 문의 대응 및 이슈 조율
• 업무 절차 개선과 운영 리스크 사전 점검
• 주요 이슈 원인 분석 및 후속 조치 관리
• 정기 회의 자료 작성과 진행 현황 공유
• 업무 매뉴얼 정비와 신규 구성원 온보딩 지원","• 광고·마케팅 이해와 제안서 작성 관련 기본 지식 또는 실무 경험을 보유한 분
• 필수 자격·면허: 검색광고마케터 1급 보유자 또는 입사 전 취득 가능한 분
• 맡은 업무를 정확하게 기록하고 마감까지 책임질 수 있는 분
• 문서작성, 이메일, 스프레드시트 등 기본 업무도구 활용이 가능한 분
• 고객 및 유관 부서와 원활하게 소통하고 요청사항을 정리할 수 있는 분
• 예상하지 못한 상황에서도 우선순위를 판단해 대응할 수 있는 분
• 업무상 취급하는 자료와 고객 정보를 안전하게 관리할 수 있는 분
• 직무 관련 교육을 꾸준히 이수하며 전문성을 높일 분","• 광고영업 또는 유사 직무 경력 보유자
• 직무 관련 자격·면허 보유자: 검색광고마케터 1급
• 직무 관련 자격·면허 보유자: 디지털정보활용능력
• ERP, WMS, CRM, POS 등 직무 관련 시스템 사용 경험자
• 수치와 데이터를 활용한 실적 분석 경험자
• 다양한 이해관계자와 협업해 문제를 해결한 경험자
• 신규 프로세스 구축이나 업무 자동화 경험자","• 지원서 및 제출서류의 허위기재 또는 허위 제출
• 채용 과정에서 본인 확인이 불가능한 경우
• 채용검진 결과 업무 수행에 부적합하다고 판단되는 경우
• 해외여행 및 근무에 결격사유가 있는 경우
• 기타 회사 또는 기관의 인사규정상 채용이 불가능한 경우",서류전형 > 필기전형 > 면접전형 > 최종합격
769,광고영업 경력 채용,136,77,20261003,20261108,19,경력 3년 이상,정규직,경기도,학력무관,"종합병원 운영조직에서 광고주 맞춤형 캠페인과 매출을 기획하는 포지션을(를) 맡을 광고영업를 모집합니다.

이번 포지션은 광고주 발굴, 매체제안, 캠페인, 실적, 정산을 중심으로 운영 현장의 품질과 일정, 고객 경험을 함께 관리하는 역할입니다.

기본기를 바탕으로 새로운 업무를 빠르게 익히고 실행할 분을 모십니다.

유관 부서 및 외부 파트너와 업무 기준을 공유하고, 이슈 발생 시 원인을 정리해 재발 방지 방안을 실행합니다.

초기에는 담당 업무의 프로세스와 시스템을 익히고, 이후에는 담당 영역의 지표 개선과 운영 표준화까지 주도하게 됩니다.","• 광고주 발굴, 매체제안, 캠페인, 실적, 정산 및 일일 운영 현황 관리
• 업무 일정·실적·품질 지표 점검 및 보고
• 관련 시스템과 문서의 정확한 입력·관리
• 고객·협력사·유관 부서 문의 대응 및 이슈 조율
• 업무 절차 개선과 운영 리스크 사전 점검
• 주요 이슈 원인 분석 및 후속 조치 관리
• 정기 회의 자료 작성과 진행 현황 공유
• 현장 안전·보안·개인정보 보호 기준 준수","• 광고·마케팅 이해와 제안서 작성 관련 기본 지식 또는 실무 경험을 보유한 분
• 필수 자격·면허: 검색광고마케터 1급 보유자 또는 입사 전 취득 가능한 분
• 맡은 업무를 정확하게 기록하고 마감까지 책임질 수 있는 분
• 문서작성, 이메일, 스프레드시트 등 기본 업무도구 활용이 가능한 분
• 고객 및 유관 부서와 원활하게 소통하고 요청사항을 정리할 수 있는 분
• 예상하지 못한 상황에서도 우선순위를 판단해 대응할 수 있는 분
• 업무상 취급하는 자료와 고객 정보를 안전하게 관리할 수 있는 분
• 직무 관련 교육을 꾸준히 이수하며 전문성을 높일 분","• 광고영업 또는 유사 직무 경력 보유자
• 직무 관련 자격·면허 보유자: 검색광고마케터 1급
• 직무 관련 자격·면허 보유자: 디지털정보활용능력
• ERP, WMS, CRM, POS 등 직무 관련 시스템 사용 경험자
• 수치와 데이터를 활용한 실적 분석 경험자
• 다양한 이해관계자와 협업해 문제를 해결한 경험자
• 외국어 또는 관련 법규·안전 기준을 활용할 수 있는 분","• 지원서 및 제출서류의 허위기재 또는 허위 제출
• 채용 과정에서 본인 확인이 불가능한 경우
• 채용검진 결과 업무 수행에 부적합하다고 판단되는 경우
• 해외여행 및 근무에 결격사유가 있는 경우
• 기타 회사 또는 기관의 인사규정상 채용이 불가능한 경우",서류전형 > 실무면접 > 최종면접
770,광고영업 현장 책임자,18,77,20261020,20261202,10,경력 5년 이상,계약직,충청남도,전문학사 이상,"대학 산학협력단에서 광고주 맞춤형 캠페인과 매출을 기획하는 포지션을(를) 맡을 광고영업를 모집합니다.

이번 포지션은 광고주 발굴, 매체제안, 캠페인, 실적, 정산을 중심으로 운영 현장의 품질과 일정, 고객 경험을 함께 관리하는 역할입니다.

성과와 고객 만족을 함께 고려하며 실질적인 변화를 만드는 역할입니다.

유관 부서 및 외부 파트너와 업무 기준을 공유하고, 이슈 발생 시 원인을 정리해 재발 방지 방안을 실행합니다.

초기에는 담당 업무의 프로세스와 시스템을 익히고, 이후에는 담당 영역의 지표 개선과 운영 표준화까지 주도하게 됩니다.","• 광고주 발굴, 매체제안, 캠페인, 실적, 정산 및 일일 운영 현황 관리
• 업무 일정·실적·품질 지표 점검 및 보고
• 관련 시스템과 문서의 정확한 입력·관리
• 고객·협력사·유관 부서 문의 대응 및 이슈 조율
• 업무 절차 개선과 운영 리스크 사전 점검
• 주요 이슈 원인 분석 및 후속 조치 관리
• 정기 회의 자료 작성과 진행 현황 공유
• 업무 매뉴얼 정비와 신규 구성원 온보딩 지원","• 광고·마케팅 이해와 제안서 작성 관련 기본 지식 또는 실무 경험을 보유한 분
• 필수 자격·면허: 검색광고마케터 1급 보유자 또는 입사 전 취득 가능한 분
• 맡은 업무를 정확하게 기록하고 마감까지 책임질 수 있는 분
• 문서작성, 이메일, 스프레드시트 등 기본 업무도구 활용이 가능한 분
• 고객 및 유관 부서와 원활하게 소통하고 요청사항을 정리할 수 있는 분
• 예상하지 못한 상황에서도 우선순위를 판단해 대응할 수 있는 분
• 업무상 취급하는 자료와 고객 정보를 안전하게 관리할 수 있는 분
• 교대·주말·현장 근무가 포함될 수 있는 일정에 대응 가능한 분","• 광고영업 또는 유사 직무 경력 보유자
• 직무 관련 자격·면허 보유자: 검색광고마케터 1급
• 직무 관련 자격·면허 보유자: 디지털정보활용능력
• ERP, WMS, CRM, POS 등 직무 관련 시스템 사용 경험자
• 수치와 데이터를 활용한 실적 분석 경험자
• 다양한 이해관계자와 협업해 문제를 해결한 경험자
• 신규 프로세스 구축이나 업무 자동화 경험자","• 지원서 및 제출서류의 허위기재 또는 허위 제출
• 채용 과정에서 본인 확인이 불가능한 경우
• 채용검진 결과 업무 수행에 부적합하다고 판단되는 경우
• 해외여행 및 근무에 결격사유가 있는 경우
• 기타 회사 또는 기관의 인사규정상 채용이 불가능한 경우",서류전형 > 인성검사 > 실무면접 > 최종면접
771,금융영업 담당자,26,78,20261106,20261120,1,신입,무기계약직,경상남도,석사 이상,"기업 부설 연구소에서 금융상품 상담과 고객 포트폴리오 확대를 담당하는 포지션을(를) 맡을 금융영업를 모집합니다.

이번 포지션은 고객상담, 상품분석, 제안, 계약, 사후관리을 중심으로 운영 현장의 품질과 일정, 고객 경험을 함께 관리하는 역할입니다.

정확한 실행력과 협업을 바탕으로 안정적인 운영을 함께 만들어 갈 분을 찾습니다.

유관 부서 및 외부 파트너와 업무 기준을 공유하고, 이슈 발생 시 원인을 정리해 재발 방지 방안을 실행합니다.

초기에는 담당 업무의 프로세스와 시스템을 익히고, 이후에는 담당 영역의 지표 개선과 운영 표준화까지 주도하게 됩니다.","• 고객상담, 상품분석, 제안, 계약, 사후관리 및 일일 운영 현황 관리
• 업무 일정·실적·품질 지표 점검 및 보고
• 관련 시스템과 문서의 정확한 입력·관리
• 고객·협력사·유관 부서 문의 대응 및 이슈 조율
• 업무 절차 개선과 운영 리스크 사전 점검
• 주요 이슈 원인 분석 및 후속 조치 관리
• 정기 회의 자료 작성과 진행 현황 공유
• 현장 안전·보안·개인정보 보호 기준 준수","• 금융상품 이해 및 윤리적 영업 태도 관련 기본 지식 또는 실무 경험을 보유한 분
• 필수 자격·면허: 투자자산운용사 보유자 또는 입사 전 취득 가능한 분
• 맡은 업무를 정확하게 기록하고 마감까지 책임질 수 있는 분
• 문서작성, 이메일, 스프레드시트 등 기본 업무도구 활용이 가능한 분
• 고객 및 유관 부서와 원활하게 소통하고 요청사항을 정리할 수 있는 분
• 예상하지 못한 상황에서도 우선순위를 판단해 대응할 수 있는 분
• 업무상 취급하는 자료와 고객 정보를 안전하게 관리할 수 있는 분
• 직무 관련 교육을 꾸준히 이수하며 전문성을 높일 분","• 금융영업 또는 유사 직무 경력 보유자
• 직무 관련 자격·면허 보유자: 투자자산운용사
• 직무 관련 자격·면허 보유자: 펀드투자권유자문인력
• ERP, WMS, CRM, POS 등 직무 관련 시스템 사용 경험자
• 수치와 데이터를 활용한 실적 분석 경험자
• 다양한 이해관계자와 협업해 문제를 해결한 경험자
• 외국어 또는 관련 법규·안전 기준을 활용할 수 있는 분","• 지원서 및 제출서류의 허위기재 또는 허위 제출
• 채용 과정에서 본인 확인이 불가능한 경우
• 채용검진 결과 업무 수행에 부적합하다고 판단되는 경우
• 해외여행 및 근무에 결격사유가 있는 경우
• 기타 회사 또는 기관의 인사규정상 채용이 불가능한 경우",서류전형 > 1차면접 > 2차면접 > 채용검진
772,금융영업 실무자,24,78,20261123,20261214,12,경력,기간제,부산광역시,박사 이상,"전문 협회에서 금융상품 상담과 고객 포트폴리오 확대를 담당하는 포지션을(를) 맡을 금융영업를 모집합니다.

이번 포지션은 고객상담, 상품분석, 제안, 계약, 사후관리을 중심으로 운영 현장의 품질과 일정, 고객 경험을 함께 관리하는 역할입니다.

현장과 유관 부서의 요구를 연결하며 업무 품질을 높이는 역할입니다.

유관 부서 및 외부 파트너와 업무 기준을 공유하고, 이슈 발생 시 원인을 정리해 재발 방지 방안을 실행합니다.

초기에는 담당 업무의 프로세스와 시스템을 익히고, 이후에는 담당 영역의 지표 개선과 운영 표준화까지 주도하게 됩니다.","• 고객상담, 상품분석, 제안, 계약, 사후관리 및 일일 운영 현황 관리
• 업무 일정·실적·품질 지표 점검 및 보고
• 관련 시스템과 문서의 정확한 입력·관리
• 고객·협력사·유관 부서 문의 대응 및 이슈 조율
• 업무 절차 개선과 운영 리스크 사전 점검
• 주요 이슈 원인 분석 및 후속 조치 관리
• 정기 회의 자료 작성과 진행 현황 공유
• 업무 매뉴얼 정비와 신규 구성원 온보딩 지원","• 금융상품 이해 및 윤리적 영업 태도 관련 기본 지식 또는 실무 경험을 보유한 분
• 필수 자격·면허: 투자자산운용사 보유자 또는 입사 전 취득 가능한 분
• 맡은 업무를 정확하게 기록하고 마감까지 책임질 수 있는 분
• 문서작성, 이메일, 스프레드시트 등 기본 업무도구 활용이 가능한 분
• 고객 및 유관 부서와 원활하게 소통하고 요청사항을 정리할 수 있는 분
• 예상하지 못한 상황에서도 우선순위를 판단해 대응할 수 있는 분
• 업무상 취급하는 자료와 고객 정보를 안전하게 관리할 수 있는 분
• 직무 관련 교육을 꾸준히 이수하며 전문성을 높일 분","• 금융영업 또는 유사 직무 경력 보유자
• 직무 관련 자격·면허 보유자: 투자자산운용사
• 직무 관련 자격·면허 보유자: 펀드투자권유자문인력
• ERP, WMS, CRM, POS 등 직무 관련 시스템 사용 경험자
• 수치와 데이터를 활용한 실적 분석 경험자
• 다양한 이해관계자와 협업해 문제를 해결한 경험자
• 신규 프로세스 구축이나 업무 자동화 경험자","• 지원서 및 제출서류의 허위기재 또는 허위 제출
• 채용 과정에서 본인 확인이 불가능한 경우
• 채용검진 결과 업무 수행에 부적합하다고 판단되는 경우
• 해외여행 및 근무에 결격사유가 있는 경우
• 기타 회사 또는 기관의 인사규정상 채용이 불가능한 경우",서류전형 > 필기전형 > 면접전형 > 최종합격
773,금융영업 운영 매니저,65,78,20261210,20270107,3,신입·경력,정규직,광주광역시,학력무관,"공공서비스 운영기관에서 금융상품 상담과 고객 포트폴리오 확대를 담당하는 포지션을(를) 맡을 금융영업를 모집합니다.

이번 포지션은 고객상담, 상품분석, 제안, 계약, 사후관리을 중심으로 운영 현장의 품질과 일정, 고객 경험을 함께 관리하는 역할입니다.

업무 기준을 준수하면서도 개선점을 주도적으로 제안할 수 있는 분을 기다립니다.

유관 부서 및 외부 파트너와 업무 기준을 공유하고, 이슈 발생 시 원인을 정리해 재발 방지 방안을 실행합니다.

초기에는 담당 업무의 프로세스와 시스템을 익히고, 이후에는 담당 영역의 지표 개선과 운영 표준화까지 주도하게 됩니다.","• 고객상담, 상품분석, 제안, 계약, 사후관리 및 일일 운영 현황 관리
• 업무 일정·실적·품질 지표 점검 및 보고
• 관련 시스템과 문서의 정확한 입력·관리
• 고객·협력사·유관 부서 문의 대응 및 이슈 조율
• 업무 절차 개선과 운영 리스크 사전 점검
• 주요 이슈 원인 분석 및 후속 조치 관리
• 정기 회의 자료 작성과 진행 현황 공유
• 현장 안전·보안·개인정보 보호 기준 준수","• 금융상품 이해 및 윤리적 영업 태도 관련 기본 지식 또는 실무 경험을 보유한 분
• 필수 자격·면허: 투자자산운용사 보유자 또는 입사 전 취득 가능한 분
• 맡은 업무를 정확하게 기록하고 마감까지 책임질 수 있는 분
• 문서작성, 이메일, 스프레드시트 등 기본 업무도구 활용이 가능한 분
• 고객 및 유관 부서와 원활하게 소통하고 요청사항을 정리할 수 있는 분
• 예상하지 못한 상황에서도 우선순위를 판단해 대응할 수 있는 분
• 업무상 취급하는 자료와 고객 정보를 안전하게 관리할 수 있는 분
• 교대·주말·현장 근무가 포함될 수 있는 일정에 대응 가능한 분","• 금융영업 또는 유사 직무 경력 보유자
• 직무 관련 자격·면허 보유자: 투자자산운용사
• 직무 관련 자격·면허 보유자: 펀드투자권유자문인력
• ERP, WMS, CRM, POS 등 직무 관련 시스템 사용 경험자
• 수치와 데이터를 활용한 실적 분석 경험자
• 다양한 이해관계자와 협업해 문제를 해결한 경험자
• 외국어 또는 관련 법규·안전 기준을 활용할 수 있는 분","• 지원서 및 제출서류의 허위기재 또는 허위 제출
• 채용 과정에서 본인 확인이 불가능한 경우
• 채용검진 결과 업무 수행에 부적합하다고 판단되는 경우
• 해외여행 및 근무에 결격사유가 있는 경우
• 기타 회사 또는 기관의 인사규정상 채용이 불가능한 경우",서류전형 > 실무면접 > 최종면접
774,금융영업 전문 인력,11,78,20260116,20260220,14,경력 2년 이상,계약직,경기도,전문학사 이상,"대기업 사업부에서 금융상품 상담과 고객 포트폴리오 확대를 담당하는 포지션을(를) 맡을 금융영업를 모집합니다.

이번 포지션은 고객상담, 상품분석, 제안, 계약, 사후관리을 중심으로 운영 현장의 품질과 일정, 고객 경험을 함께 관리하는 역할입니다.

고객과 동료에게 신뢰를 주는 태도로 맡은 업무를 끝까지 책임지는 포지션입니다.

유관 부서 및 외부 파트너와 업무 기준을 공유하고, 이슈 발생 시 원인을 정리해 재발 방지 방안을 실행합니다.

초기에는 담당 업무의 프로세스와 시스템을 익히고, 이후에는 담당 영역의 지표 개선과 운영 표준화까지 주도하게 됩니다.","• 고객상담, 상품분석, 제안, 계약, 사후관리 및 일일 운영 현황 관리
• 업무 일정·실적·품질 지표 점검 및 보고
• 관련 시스템과 문서의 정확한 입력·관리
• 고객·협력사·유관 부서 문의 대응 및 이슈 조율
• 업무 절차 개선과 운영 리스크 사전 점검
• 주요 이슈 원인 분석 및 후속 조치 관리
• 정기 회의 자료 작성과 진행 현황 공유
• 업무 매뉴얼 정비와 신규 구성원 온보딩 지원","• 금융상품 이해 및 윤리적 영업 태도 관련 기본 지식 또는 실무 경험을 보유한 분
• 필수 자격·면허: 투자자산운용사 보유자 또는 입사 전 취득 가능한 분
• 맡은 업무를 정확하게 기록하고 마감까지 책임질 수 있는 분
• 문서작성, 이메일, 스프레드시트 등 기본 업무도구 활용이 가능한 분
• 고객 및 유관 부서와 원활하게 소통하고 요청사항을 정리할 수 있는 분
• 예상하지 못한 상황에서도 우선순위를 판단해 대응할 수 있는 분
• 업무상 취급하는 자료와 고객 정보를 안전하게 관리할 수 있는 분
• 직무 관련 교육을 꾸준히 이수하며 전문성을 높일 분","• 금융영업 또는 유사 직무 경력 보유자
• 직무 관련 자격·면허 보유자: 투자자산운용사
• 직무 관련 자격·면허 보유자: 펀드투자권유자문인력
• ERP, WMS, CRM, POS 등 직무 관련 시스템 사용 경험자
• 수치와 데이터를 활용한 실적 분석 경험자
• 다양한 이해관계자와 협업해 문제를 해결한 경험자
• 신규 프로세스 구축이나 업무 자동화 경험자","• 지원서 및 제출서류의 허위기재 또는 허위 제출
• 채용 과정에서 본인 확인이 불가능한 경우
• 채용검진 결과 업무 수행에 부적합하다고 판단되는 경우
• 해외여행 및 근무에 결격사유가 있는 경우
• 기타 회사 또는 기관의 인사규정상 채용이 불가능한 경우",서류전형 > 인성검사 > 실무면접 > 최종면접
775,금융영업 경력 채용,146,78,20260202,20260316,5,경력 3년 이상,무기계약직,충청남도,학사 이상,"중견 제조기업에서 금융상품 상담과 고객 포트폴리오 확대를 담당하는 포지션을(를) 맡을 금융영업를 모집합니다.

이번 포지션은 고객상담, 상품분석, 제안, 계약, 사후관리을 중심으로 운영 현장의 품질과 일정, 고객 경험을 함께 관리하는 역할입니다.

데이터와 현장 감각을 함께 활용해 반복 업무를 효율화하는 역할입니다.

유관 부서 및 외부 파트너와 업무 기준을 공유하고, 이슈 발생 시 원인을 정리해 재발 방지 방안을 실행합니다.

초기에는 담당 업무의 프로세스와 시스템을 익히고, 이후에는 담당 영역의 지표 개선과 운영 표준화까지 주도하게 됩니다.","• 고객상담, 상품분석, 제안, 계약, 사후관리 및 일일 운영 현황 관리
• 업무 일정·실적·품질 지표 점검 및 보고
• 관련 시스템과 문서의 정확한 입력·관리
• 고객·협력사·유관 부서 문의 대응 및 이슈 조율
• 업무 절차 개선과 운영 리스크 사전 점검
• 주요 이슈 원인 분석 및 후속 조치 관리
• 정기 회의 자료 작성과 진행 현황 공유
• 현장 안전·보안·개인정보 보호 기준 준수","• 금융상품 이해 및 윤리적 영업 태도 관련 기본 지식 또는 실무 경험을 보유한 분
• 필수 자격·면허: 투자자산운용사 보유자 또는 입사 전 취득 가능한 분
• 맡은 업무를 정확하게 기록하고 마감까지 책임질 수 있는 분
• 문서작성, 이메일, 스프레드시트 등 기본 업무도구 활용이 가능한 분
• 고객 및 유관 부서와 원활하게 소통하고 요청사항을 정리할 수 있는 분
• 예상하지 못한 상황에서도 우선순위를 판단해 대응할 수 있는 분
• 업무상 취급하는 자료와 고객 정보를 안전하게 관리할 수 있는 분
• 직무 관련 교육을 꾸준히 이수하며 전문성을 높일 분","• 금융영업 또는 유사 직무 경력 보유자
• 직무 관련 자격·면허 보유자: 투자자산운용사
• 직무 관련 자격·면허 보유자: 펀드투자권유자문인력
• ERP, WMS, CRM, POS 등 직무 관련 시스템 사용 경험자
• 수치와 데이터를 활용한 실적 분석 경험자
• 다양한 이해관계자와 협업해 문제를 해결한 경험자
• 외국어 또는 관련 법규·안전 기준을 활용할 수 있는 분","• 지원서 및 제출서류의 허위기재 또는 허위 제출
• 채용 과정에서 본인 확인이 불가능한 경우
• 채용검진 결과 업무 수행에 부적합하다고 판단되는 경우
• 해외여행 및 근무에 결격사유가 있는 경우
• 기타 회사 또는 기관의 인사규정상 채용이 불가능한 경우",서류전형 > 직무과제 > 실무면접 > 최종합격
776,금융영업 현장 책임자,158,78,20260219,20260304,16,경력 5년 이상,기간제,경상북도,석사 이상,"전문 중소기업에서 금융상품 상담과 고객 포트폴리오 확대를 담당하는 포지션을(를) 맡을 금융영업를 모집합니다.

이번 포지션은 고객상담, 상품분석, 제안, 계약, 사후관리을 중심으로 운영 현장의 품질과 일정, 고객 경험을 함께 관리하는 역할입니다.

정해진 절차를 지키되 상황에 맞게 유연하게 대응하는 실무자를 모집합니다.

유관 부서 및 외부 파트너와 업무 기준을 공유하고, 이슈 발생 시 원인을 정리해 재발 방지 방안을 실행합니다.

초기에는 담당 업무의 프로세스와 시스템을 익히고, 이후에는 담당 영역의 지표 개선과 운영 표준화까지 주도하게 됩니다.","• 고객상담, 상품분석, 제안, 계약, 사후관리 및 일일 운영 현황 관리
• 업무 일정·실적·품질 지표 점검 및 보고
• 관련 시스템과 문서의 정확한 입력·관리
• 고객·협력사·유관 부서 문의 대응 및 이슈 조율
• 업무 절차 개선과 운영 리스크 사전 점검
• 주요 이슈 원인 분석 및 후속 조치 관리
• 정기 회의 자료 작성과 진행 현황 공유
• 업무 매뉴얼 정비와 신규 구성원 온보딩 지원","• 금융상품 이해 및 윤리적 영업 태도 관련 기본 지식 또는 실무 경험을 보유한 분
• 필수 자격·면허: 투자자산운용사 보유자 또는 입사 전 취득 가능한 분
• 맡은 업무를 정확하게 기록하고 마감까지 책임질 수 있는 분
• 문서작성, 이메일, 스프레드시트 등 기본 업무도구 활용이 가능한 분
• 고객 및 유관 부서와 원활하게 소통하고 요청사항을 정리할 수 있는 분
• 예상하지 못한 상황에서도 우선순위를 판단해 대응할 수 있는 분
• 업무상 취급하는 자료와 고객 정보를 안전하게 관리할 수 있는 분
• 교대·주말·현장 근무가 포함될 수 있는 일정에 대응 가능한 분","• 금융영업 또는 유사 직무 경력 보유자
• 직무 관련 자격·면허 보유자: 투자자산운용사
• 직무 관련 자격·면허 보유자: 펀드투자권유자문인력
• ERP, WMS, CRM, POS 등 직무 관련 시스템 사용 경험자
• 수치와 데이터를 활용한 실적 분석 경험자
• 다양한 이해관계자와 협업해 문제를 해결한 경험자
• 신규 프로세스 구축이나 업무 자동화 경험자","• 지원서 및 제출서류의 허위기재 또는 허위 제출
• 채용 과정에서 본인 확인이 불가능한 경우
• 채용검진 결과 업무 수행에 부적합하다고 판단되는 경우
• 해외여행 및 근무에 결격사유가 있는 경우
• 기타 회사 또는 기관의 인사규정상 채용이 불가능한 경우",서류전형 > 1차면접 > 2차면접 > 채용검진
777,금융영업 서비스 담당,26,78,20260308,20260328,7,경력 무관,정규직,서울특별시,박사 이상,"성장 단계 스타트업에서 금융상품 상담과 고객 포트폴리오 확대를 담당하는 포지션을(를) 맡을 금융영업를 모집합니다.

이번 포지션은 고객상담, 상품분석, 제안, 계약, 사후관리을 중심으로 운영 현장의 품질과 일정, 고객 경험을 함께 관리하는 역할입니다.

부서 간 원활한 소통으로 일정과 품질을 안정적으로 관리하는 직무입니다.

유관 부서 및 외부 파트너와 업무 기준을 공유하고, 이슈 발생 시 원인을 정리해 재발 방지 방안을 실행합니다.

초기에는 담당 업무의 프로세스와 시스템을 익히고, 이후에는 담당 영역의 지표 개선과 운영 표준화까지 주도하게 됩니다.","• 고객상담, 상품분석, 제안, 계약, 사후관리 및 일일 운영 현황 관리
• 업무 일정·실적·품질 지표 점검 및 보고
• 관련 시스템과 문서의 정확한 입력·관리
• 고객·협력사·유관 부서 문의 대응 및 이슈 조율
• 업무 절차 개선과 운영 리스크 사전 점검
• 주요 이슈 원인 분석 및 후속 조치 관리
• 정기 회의 자료 작성과 진행 현황 공유
• 현장 안전·보안·개인정보 보호 기준 준수","• 금융상품 이해 및 윤리적 영업 태도 관련 기본 지식 또는 실무 경험을 보유한 분
• 필수 자격·면허: 투자자산운용사 보유자 또는 입사 전 취득 가능한 분
• 맡은 업무를 정확하게 기록하고 마감까지 책임질 수 있는 분
• 문서작성, 이메일, 스프레드시트 등 기본 업무도구 활용이 가능한 분
• 고객 및 유관 부서와 원활하게 소통하고 요청사항을 정리할 수 있는 분
• 예상하지 못한 상황에서도 우선순위를 판단해 대응할 수 있는 분
• 업무상 취급하는 자료와 고객 정보를 안전하게 관리할 수 있는 분
• 직무 관련 교육을 꾸준히 이수하며 전문성을 높일 분","• 금융영업 또는 유사 직무 경력 보유자
• 직무 관련 자격·면허 보유자: 투자자산운용사
• 직무 관련 자격·면허 보유자: 펀드투자권유자문인력
• ERP, WMS, CRM, POS 등 직무 관련 시스템 사용 경험자
• 수치와 데이터를 활용한 실적 분석 경험자
• 다양한 이해관계자와 협업해 문제를 해결한 경험자
• 외국어 또는 관련 법규·안전 기준을 활용할 수 있는 분","• 지원서 및 제출서류의 허위기재 또는 허위 제출
• 채용 과정에서 본인 확인이 불가능한 경우
• 채용검진 결과 업무 수행에 부적합하다고 판단되는 경우
• 해외여행 및 근무에 결격사유가 있는 경우
• 기타 회사 또는 기관의 인사규정상 채용이 불가능한 경우",서류전형 > 필기전형 > 면접전형 > 최종합격
778,금융영업 담당자,144,78,20260325,20260421,18,신입,계약직,대전광역시,학력무관,"종합병원 운영조직에서 금융상품 상담과 고객 포트폴리오 확대를 담당하는 포지션을(를) 맡을 금융영업를 모집합니다.

이번 포지션은 고객상담, 상품분석, 제안, 계약, 사후관리을 중심으로 운영 현장의 품질과 일정, 고객 경험을 함께 관리하는 역할입니다.

서비스 품질과 안전을 우선하며 꾸준히 전문성을 쌓을 수 있는 포지션입니다.

유관 부서 및 외부 파트너와 업무 기준을 공유하고, 이슈 발생 시 원인을 정리해 재발 방지 방안을 실행합니다.

초기에는 담당 업무의 프로세스와 시스템을 익히고, 이후에는 담당 영역의 지표 개선과 운영 표준화까지 주도하게 됩니다.","• 고객상담, 상품분석, 제안, 계약, 사후관리 및 일일 운영 현황 관리
• 업무 일정·실적·품질 지표 점검 및 보고
• 관련 시스템과 문서의 정확한 입력·관리
• 고객·협력사·유관 부서 문의 대응 및 이슈 조율
• 업무 절차 개선과 운영 리스크 사전 점검
• 주요 이슈 원인 분석 및 후속 조치 관리
• 정기 회의 자료 작성과 진행 현황 공유
• 업무 매뉴얼 정비와 신규 구성원 온보딩 지원","• 금융상품 이해 및 윤리적 영업 태도 관련 기본 지식 또는 실무 경험을 보유한 분
• 필수 자격·면허: 투자자산운용사 보유자 또는 입사 전 취득 가능한 분
• 맡은 업무를 정확하게 기록하고 마감까지 책임질 수 있는 분
• 문서작성, 이메일, 스프레드시트 등 기본 업무도구 활용이 가능한 분
• 고객 및 유관 부서와 원활하게 소통하고 요청사항을 정리할 수 있는 분
• 예상하지 못한 상황에서도 우선순위를 판단해 대응할 수 있는 분
• 업무상 취급하는 자료와 고객 정보를 안전하게 관리할 수 있는 분
• 직무 관련 교육을 꾸준히 이수하며 전문성을 높일 분","• 금융영업 또는 유사 직무 경력 보유자
• 직무 관련 자격·면허 보유자: 투자자산운용사
• 직무 관련 자격·면허 보유자: 펀드투자권유자문인력
• ERP, WMS, CRM, POS 등 직무 관련 시스템 사용 경험자
• 수치와 데이터를 활용한 실적 분석 경험자
• 다양한 이해관계자와 협업해 문제를 해결한 경험자
• 신규 프로세스 구축이나 업무 자동화 경험자","• 지원서 및 제출서류의 허위기재 또는 허위 제출
• 채용 과정에서 본인 확인이 불가능한 경우
• 채용검진 결과 업무 수행에 부적합하다고 판단되는 경우
• 해외여행 및 근무에 결격사유가 있는 경우
• 기타 회사 또는 기관의 인사규정상 채용이 불가능한 경우",서류전형 > 실무면접 > 최종면접
779,금융영업 실무자,78,78,20260411,20260515,9,경력,무기계약직,세종특별자치시,전문학사 이상,"대학 산학협력단에서 금융상품 상담과 고객 포트폴리오 확대를 담당하는 포지션을(를) 맡을 금융영업를 모집합니다.

이번 포지션은 고객상담, 상품분석, 제안, 계약, 사후관리을 중심으로 운영 현장의 품질과 일정, 고객 경험을 함께 관리하는 역할입니다.

기본기를 바탕으로 새로운 업무를 빠르게 익히고 실행할 분을 모십니다.

유관 부서 및 외부 파트너와 업무 기준을 공유하고, 이슈 발생 시 원인을 정리해 재발 방지 방안을 실행합니다.

초기에는 담당 업무의 프로세스와 시스템을 익히고, 이후에는 담당 영역의 지표 개선과 운영 표준화까지 주도하게 됩니다.","• 고객상담, 상품분석, 제안, 계약, 사후관리 및 일일 운영 현황 관리
• 업무 일정·실적·품질 지표 점검 및 보고
• 관련 시스템과 문서의 정확한 입력·관리
• 고객·협력사·유관 부서 문의 대응 및 이슈 조율
• 업무 절차 개선과 운영 리스크 사전 점검
• 주요 이슈 원인 분석 및 후속 조치 관리
• 정기 회의 자료 작성과 진행 현황 공유
• 현장 안전·보안·개인정보 보호 기준 준수","• 금융상품 이해 및 윤리적 영업 태도 관련 기본 지식 또는 실무 경험을 보유한 분
• 필수 자격·면허: 투자자산운용사 보유자 또는 입사 전 취득 가능한 분
• 맡은 업무를 정확하게 기록하고 마감까지 책임질 수 있는 분
• 문서작성, 이메일, 스프레드시트 등 기본 업무도구 활용이 가능한 분
• 고객 및 유관 부서와 원활하게 소통하고 요청사항을 정리할 수 있는 분
• 예상하지 못한 상황에서도 우선순위를 판단해 대응할 수 있는 분
• 업무상 취급하는 자료와 고객 정보를 안전하게 관리할 수 있는 분
• 교대·주말·현장 근무가 포함될 수 있는 일정에 대응 가능한 분","• 금융영업 또는 유사 직무 경력 보유자
• 직무 관련 자격·면허 보유자: 투자자산운용사
• 직무 관련 자격·면허 보유자: 펀드투자권유자문인력
• ERP, WMS, CRM, POS 등 직무 관련 시스템 사용 경험자
• 수치와 데이터를 활용한 실적 분석 경험자
• 다양한 이해관계자와 협업해 문제를 해결한 경험자
• 외국어 또는 관련 법규·안전 기준을 활용할 수 있는 분","• 지원서 및 제출서류의 허위기재 또는 허위 제출
• 채용 과정에서 본인 확인이 불가능한 경우
• 채용검진 결과 업무 수행에 부적합하다고 판단되는 경우
• 해외여행 및 근무에 결격사유가 있는 경우
• 기타 회사 또는 기관의 인사규정상 채용이 불가능한 경우",서류전형 > 인성검사 > 실무면접 > 최종면접
780,금융영업 운영 매니저,2,78,20260428,20260608,20,신입·경력,기간제,충청북도,학사 이상,"기업 부설 연구소에서 금융상품 상담과 고객 포트폴리오 확대를 담당하는 포지션을(를) 맡을 금융영업를 모집합니다.

이번 포지션은 고객상담, 상품분석, 제안, 계약, 사후관리을 중심으로 운영 현장의 품질과 일정, 고객 경험을 함께 관리하는 역할입니다.

성과와 고객 만족을 함께 고려하며 실질적인 변화를 만드는 역할입니다.

유관 부서 및 외부 파트너와 업무 기준을 공유하고, 이슈 발생 시 원인을 정리해 재발 방지 방안을 실행합니다.

초기에는 담당 업무의 프로세스와 시스템을 익히고, 이후에는 담당 영역의 지표 개선과 운영 표준화까지 주도하게 됩니다.","• 고객상담, 상품분석, 제안, 계약, 사후관리 및 일일 운영 현황 관리
• 업무 일정·실적·품질 지표 점검 및 보고
• 관련 시스템과 문서의 정확한 입력·관리
• 고객·협력사·유관 부서 문의 대응 및 이슈 조율
• 업무 절차 개선과 운영 리스크 사전 점검
• 주요 이슈 원인 분석 및 후속 조치 관리
• 정기 회의 자료 작성과 진행 현황 공유
• 업무 매뉴얼 정비와 신규 구성원 온보딩 지원","• 금융상품 이해 및 윤리적 영업 태도 관련 기본 지식 또는 실무 경험을 보유한 분
• 필수 자격·면허: 투자자산운용사 보유자 또는 입사 전 취득 가능한 분
• 맡은 업무를 정확하게 기록하고 마감까지 책임질 수 있는 분
• 문서작성, 이메일, 스프레드시트 등 기본 업무도구 활용이 가능한 분
• 고객 및 유관 부서와 원활하게 소통하고 요청사항을 정리할 수 있는 분
• 예상하지 못한 상황에서도 우선순위를 판단해 대응할 수 있는 분
• 업무상 취급하는 자료와 고객 정보를 안전하게 관리할 수 있는 분
• 직무 관련 교육을 꾸준히 이수하며 전문성을 높일 분","• 금융영업 또는 유사 직무 경력 보유자
• 직무 관련 자격·면허 보유자: 투자자산운용사
• 직무 관련 자격·면허 보유자: 펀드투자권유자문인력
• ERP, WMS, CRM, POS 등 직무 관련 시스템 사용 경험자
• 수치와 데이터를 활용한 실적 분석 경험자
• 다양한 이해관계자와 협업해 문제를 해결한 경험자
• 신규 프로세스 구축이나 업무 자동화 경험자","• 지원서 및 제출서류의 허위기재 또는 허위 제출
• 채용 과정에서 본인 확인이 불가능한 경우
• 채용검진 결과 업무 수행에 부적합하다고 판단되는 경우
• 해외여행 및 근무에 결격사유가 있는 경우
• 기타 회사 또는 기관의 인사규정상 채용이 불가능한 경우",서류전형 > 직무과제 > 실무면접 > 최종합격
781,법인영업 경력 채용,118,79,20260515,20260527,11,경력 3년 이상,정규직,경상북도,박사 이상,"전문 협회에서 기업 고객 대상 솔루션 영업을 수행하는 포지션을(를) 맡을 법인영업를 모집합니다.

이번 포지션은 법인고객, 니즈분석, 제안, 입찰, 계약관리을 중심으로 운영 현장의 품질과 일정, 고객 경험을 함께 관리하는 역할입니다.

정확한 실행력과 협업을 바탕으로 안정적인 운영을 함께 만들어 갈 분을 찾습니다.

유관 부서 및 외부 파트너와 업무 기준을 공유하고, 이슈 발생 시 원인을 정리해 재발 방지 방안을 실행합니다.

초기에는 담당 업무의 프로세스와 시스템을 익히고, 이후에는 담당 영역의 지표 개선과 운영 표준화까지 주도하게 됩니다.","• 법인고객, 니즈분석, 제안, 입찰, 계약관리 및 일일 운영 현황 관리
• 업무 일정·실적·품질 지표 점검 및 보고
• 관련 시스템과 문서의 정확한 입력·관리
• 고객·협력사·유관 부서 문의 대응 및 이슈 조율
• 업무 절차 개선과 운영 리스크 사전 점검
• 주요 이슈 원인 분석 및 후속 조치 관리
• 정기 회의 자료 작성과 진행 현황 공유
• 현장 안전·보안·개인정보 보호 기준 준수","• B2B 영업과 이해관계자 조율 경험 관련 기본 지식 또는 실무 경험을 보유한 분
• 필수 자격·면허: 자동차운전면허 보유자 또는 입사 전 취득 가능한 분
• 맡은 업무를 정확하게 기록하고 마감까지 책임질 수 있는 분
• 문서작성, 이메일, 스프레드시트 등 기본 업무도구 활용이 가능한 분
• 고객 및 유관 부서와 원활하게 소통하고 요청사항을 정리할 수 있는 분
• 예상하지 못한 상황에서도 우선순위를 판단해 대응할 수 있는 분
• 업무상 취급하는 자료와 고객 정보를 안전하게 관리할 수 있는 분
• 직무 관련 교육을 꾸준히 이수하며 전문성을 높일 분","• 법인영업 또는 유사 직무 경력 보유자
• 직무 관련 자격·면허 보유자: 자동차운전면허
• 직무 관련 자격·면허 보유자: 경영지도사
• ERP, WMS, CRM, POS 등 직무 관련 시스템 사용 경험자
• 수치와 데이터를 활용한 실적 분석 경험자
• 다양한 이해관계자와 협업해 문제를 해결한 경험자
• 외국어 또는 관련 법규·안전 기준을 활용할 수 있는 분","• 지원서 및 제출서류의 허위기재 또는 허위 제출
• 채용 과정에서 본인 확인이 불가능한 경우
• 채용검진 결과 업무 수행에 부적합하다고 판단되는 경우
• 해외여행 및 근무에 결격사유가 있는 경우
• 기타 회사 또는 기관의 인사규정상 채용이 불가능한 경우",서류전형 > 필기전형 > 면접전형 > 최종합격
782,법인영업 현장 책임자,44,79,20260601,20260620,2,경력 5년 이상,계약직,서울특별시,학력무관,"공공서비스 운영기관에서 기업 고객 대상 솔루션 영업을 수행하는 포지션을(를) 맡을 법인영업를 모집합니다.

이번 포지션은 법인고객, 니즈분석, 제안, 입찰, 계약관리을 중심으로 운영 현장의 품질과 일정, 고객 경험을 함께 관리하는 역할입니다.

현장과 유관 부서의 요구를 연결하며 업무 품질을 높이는 역할입니다.

유관 부서 및 외부 파트너와 업무 기준을 공유하고, 이슈 발생 시 원인을 정리해 재발 방지 방안을 실행합니다.

초기에는 담당 업무의 프로세스와 시스템을 익히고, 이후에는 담당 영역의 지표 개선과 운영 표준화까지 주도하게 됩니다.","• 법인고객, 니즈분석, 제안, 입찰, 계약관리 및 일일 운영 현황 관리
• 업무 일정·실적·품질 지표 점검 및 보고
• 관련 시스템과 문서의 정확한 입력·관리
• 고객·협력사·유관 부서 문의 대응 및 이슈 조율
• 업무 절차 개선과 운영 리스크 사전 점검
• 주요 이슈 원인 분석 및 후속 조치 관리
• 정기 회의 자료 작성과 진행 현황 공유
• 업무 매뉴얼 정비와 신규 구성원 온보딩 지원","• B2B 영업과 이해관계자 조율 경험 관련 기본 지식 또는 실무 경험을 보유한 분
• 필수 자격·면허: 자동차운전면허 보유자 또는 입사 전 취득 가능한 분
• 맡은 업무를 정확하게 기록하고 마감까지 책임질 수 있는 분
• 문서작성, 이메일, 스프레드시트 등 기본 업무도구 활용이 가능한 분
• 고객 및 유관 부서와 원활하게 소통하고 요청사항을 정리할 수 있는 분
• 예상하지 못한 상황에서도 우선순위를 판단해 대응할 수 있는 분
• 업무상 취급하는 자료와 고객 정보를 안전하게 관리할 수 있는 분
• 교대·주말·현장 근무가 포함될 수 있는 일정에 대응 가능한 분","• 법인영업 또는 유사 직무 경력 보유자
• 직무 관련 자격·면허 보유자: 자동차운전면허
• 직무 관련 자격·면허 보유자: 경영지도사
• ERP, WMS, CRM, POS 등 직무 관련 시스템 사용 경험자
• 수치와 데이터를 활용한 실적 분석 경험자
• 다양한 이해관계자와 협업해 문제를 해결한 경험자
• 신규 프로세스 구축이나 업무 자동화 경험자","• 지원서 및 제출서류의 허위기재 또는 허위 제출
• 채용 과정에서 본인 확인이 불가능한 경우
• 채용검진 결과 업무 수행에 부적합하다고 판단되는 경우
• 해외여행 및 근무에 결격사유가 있는 경우
• 기타 회사 또는 기관의 인사규정상 채용이 불가능한 경우",서류전형 > 실무면접 > 최종면접
783,법인영업 서비스 담당,124,79,20260618,20260714,13,경력 무관,무기계약직,대전광역시,전문학사 이상,"대기업 사업부에서 기업 고객 대상 솔루션 영업을 수행하는 포지션을(를) 맡을 법인영업를 모집합니다.

이번 포지션은 법인고객, 니즈분석, 제안, 입찰, 계약관리을 중심으로 운영 현장의 품질과 일정, 고객 경험을 함께 관리하는 역할입니다.

업무 기준을 준수하면서도 개선점을 주도적으로 제안할 수 있는 분을 기다립니다.

유관 부서 및 외부 파트너와 업무 기준을 공유하고, 이슈 발생 시 원인을 정리해 재발 방지 방안을 실행합니다.

초기에는 담당 업무의 프로세스와 시스템을 익히고, 이후에는 담당 영역의 지표 개선과 운영 표준화까지 주도하게 됩니다.","• 법인고객, 니즈분석, 제안, 입찰, 계약관리 및 일일 운영 현황 관리
• 업무 일정·실적·품질 지표 점검 및 보고
• 관련 시스템과 문서의 정확한 입력·관리
• 고객·협력사·유관 부서 문의 대응 및 이슈 조율
• 업무 절차 개선과 운영 리스크 사전 점검
• 주요 이슈 원인 분석 및 후속 조치 관리
• 정기 회의 자료 작성과 진행 현황 공유
• 현장 안전·보안·개인정보 보호 기준 준수","• B2B 영업과 이해관계자 조율 경험 관련 기본 지식 또는 실무 경험을 보유한 분
• 필수 자격·면허: 자동차운전면허 보유자 또는 입사 전 취득 가능한 분
• 맡은 업무를 정확하게 기록하고 마감까지 책임질 수 있는 분
• 문서작성, 이메일, 스프레드시트 등 기본 업무도구 활용이 가능한 분
• 고객 및 유관 부서와 원활하게 소통하고 요청사항을 정리할 수 있는 분
• 예상하지 못한 상황에서도 우선순위를 판단해 대응할 수 있는 분
• 업무상 취급하는 자료와 고객 정보를 안전하게 관리할 수 있는 분
• 직무 관련 교육을 꾸준히 이수하며 전문성을 높일 분","• 법인영업 또는 유사 직무 경력 보유자
• 직무 관련 자격·면허 보유자: 자동차운전면허
• 직무 관련 자격·면허 보유자: 경영지도사
• ERP, WMS, CRM, POS 등 직무 관련 시스템 사용 경험자
• 수치와 데이터를 활용한 실적 분석 경험자
• 다양한 이해관계자와 협업해 문제를 해결한 경험자
• 외국어 또는 관련 법규·안전 기준을 활용할 수 있는 분","• 지원서 및 제출서류의 허위기재 또는 허위 제출
• 채용 과정에서 본인 확인이 불가능한 경우
• 채용검진 결과 업무 수행에 부적합하다고 판단되는 경우
• 해외여행 및 근무에 결격사유가 있는 경우
• 기타 회사 또는 기관의 인사규정상 채용이 불가능한 경우",서류전형 > 인성검사 > 실무면접 > 최종면접
784,법인영업 담당자,69,79,20260705,20260807,4,신입,기간제,세종특별자치시,학사 이상,"중견 제조기업에서 기업 고객 대상 솔루션 영업을 수행하는 포지션을(를) 맡을 법인영업를 모집합니다.

이번 포지션은 법인고객, 니즈분석, 제안, 입찰, 계약관리을 중심으로 운영 현장의 품질과 일정, 고객 경험을 함께 관리하는 역할입니다.

고객과 동료에게 신뢰를 주는 태도로 맡은 업무를 끝까지 책임지는 포지션입니다.

유관 부서 및 외부 파트너와 업무 기준을 공유하고, 이슈 발생 시 원인을 정리해 재발 방지 방안을 실행합니다.

초기에는 담당 업무의 프로세스와 시스템을 익히고, 이후에는 담당 영역의 지표 개선과 운영 표준화까지 주도하게 됩니다.","• 법인고객, 니즈분석, 제안, 입찰, 계약관리 및 일일 운영 현황 관리
• 업무 일정·실적·품질 지표 점검 및 보고
• 관련 시스템과 문서의 정확한 입력·관리
• 고객·협력사·유관 부서 문의 대응 및 이슈 조율
• 업무 절차 개선과 운영 리스크 사전 점검
• 주요 이슈 원인 분석 및 후속 조치 관리
• 정기 회의 자료 작성과 진행 현황 공유
• 업무 매뉴얼 정비와 신규 구성원 온보딩 지원","• B2B 영업과 이해관계자 조율 경험 관련 기본 지식 또는 실무 경험을 보유한 분
• 필수 자격·면허: 자동차운전면허 보유자 또는 입사 전 취득 가능한 분
• 맡은 업무를 정확하게 기록하고 마감까지 책임질 수 있는 분
• 문서작성, 이메일, 스프레드시트 등 기본 업무도구 활용이 가능한 분
• 고객 및 유관 부서와 원활하게 소통하고 요청사항을 정리할 수 있는 분
• 예상하지 못한 상황에서도 우선순위를 판단해 대응할 수 있는 분
• 업무상 취급하는 자료와 고객 정보를 안전하게 관리할 수 있는 분
• 직무 관련 교육을 꾸준히 이수하며 전문성을 높일 분","• 법인영업 또는 유사 직무 경력 보유자
• 직무 관련 자격·면허 보유자: 자동차운전면허
• 직무 관련 자격·면허 보유자: 경영지도사
• ERP, WMS, CRM, POS 등 직무 관련 시스템 사용 경험자
• 수치와 데이터를 활용한 실적 분석 경험자
• 다양한 이해관계자와 협업해 문제를 해결한 경험자
• 신규 프로세스 구축이나 업무 자동화 경험자","• 지원서 및 제출서류의 허위기재 또는 허위 제출
• 채용 과정에서 본인 확인이 불가능한 경우
• 채용검진 결과 업무 수행에 부적합하다고 판단되는 경우
• 해외여행 및 근무에 결격사유가 있는 경우
• 기타 회사 또는 기관의 인사규정상 채용이 불가능한 경우",서류전형 > 직무과제 > 실무면접 > 최종합격
785,법인영업 실무자,89,79,20260722,20260831,15,경력,정규직,충청북도,석사 이상,"전문 중소기업에서 기업 고객 대상 솔루션 영업을 수행하는 포지션을(를) 맡을 법인영업를 모집합니다.

이번 포지션은 법인고객, 니즈분석, 제안, 입찰, 계약관리을 중심으로 운영 현장의 품질과 일정, 고객 경험을 함께 관리하는 역할입니다.

데이터와 현장 감각을 함께 활용해 반복 업무를 효율화하는 역할입니다.

유관 부서 및 외부 파트너와 업무 기준을 공유하고, 이슈 발생 시 원인을 정리해 재발 방지 방안을 실행합니다.

초기에는 담당 업무의 프로세스와 시스템을 익히고, 이후에는 담당 영역의 지표 개선과 운영 표준화까지 주도하게 됩니다.","• 법인고객, 니즈분석, 제안, 입찰, 계약관리 및 일일 운영 현황 관리
• 업무 일정·실적·품질 지표 점검 및 보고
• 관련 시스템과 문서의 정확한 입력·관리
• 고객·협력사·유관 부서 문의 대응 및 이슈 조율
• 업무 절차 개선과 운영 리스크 사전 점검
• 주요 이슈 원인 분석 및 후속 조치 관리
• 정기 회의 자료 작성과 진행 현황 공유
• 현장 안전·보안·개인정보 보호 기준 준수","• B2B 영업과 이해관계자 조율 경험 관련 기본 지식 또는 실무 경험을 보유한 분
• 필수 자격·면허: 자동차운전면허 보유자 또는 입사 전 취득 가능한 분
• 맡은 업무를 정확하게 기록하고 마감까지 책임질 수 있는 분
• 문서작성, 이메일, 스프레드시트 등 기본 업무도구 활용이 가능한 분
• 고객 및 유관 부서와 원활하게 소통하고 요청사항을 정리할 수 있는 분
• 예상하지 못한 상황에서도 우선순위를 판단해 대응할 수 있는 분
• 업무상 취급하는 자료와 고객 정보를 안전하게 관리할 수 있는 분
• 교대·주말·현장 근무가 포함될 수 있는 일정에 대응 가능한 분","• 법인영업 또는 유사 직무 경력 보유자
• 직무 관련 자격·면허 보유자: 자동차운전면허
• 직무 관련 자격·면허 보유자: 경영지도사
• ERP, WMS, CRM, POS 등 직무 관련 시스템 사용 경험자
• 수치와 데이터를 활용한 실적 분석 경험자
• 다양한 이해관계자와 협업해 문제를 해결한 경험자
• 외국어 또는 관련 법규·안전 기준을 활용할 수 있는 분","• 지원서 및 제출서류의 허위기재 또는 허위 제출
• 채용 과정에서 본인 확인이 불가능한 경우
• 채용검진 결과 업무 수행에 부적합하다고 판단되는 경우
• 해외여행 및 근무에 결격사유가 있는 경우
• 기타 회사 또는 기관의 인사규정상 채용이 불가능한 경우",서류전형 > 1차면접 > 2차면접 > 채용검진
786,법인영업 운영 매니저,55,79,20260808,20260819,6,신입·경력,계약직,전라남도,박사 이상,"성장 단계 스타트업에서 기업 고객 대상 솔루션 영업을 수행하는 포지션을(를) 맡을 법인영업를 모집합니다.

이번 포지션은 법인고객, 니즈분석, 제안, 입찰, 계약관리을 중심으로 운영 현장의 품질과 일정, 고객 경험을 함께 관리하는 역할입니다.

정해진 절차를 지키되 상황에 맞게 유연하게 대응하는 실무자를 모집합니다.

유관 부서 및 외부 파트너와 업무 기준을 공유하고, 이슈 발생 시 원인을 정리해 재발 방지 방안을 실행합니다.

초기에는 담당 업무의 프로세스와 시스템을 익히고, 이후에는 담당 영역의 지표 개선과 운영 표준화까지 주도하게 됩니다.","• 법인고객, 니즈분석, 제안, 입찰, 계약관리 및 일일 운영 현황 관리
• 업무 일정·실적·품질 지표 점검 및 보고
• 관련 시스템과 문서의 정확한 입력·관리
• 고객·협력사·유관 부서 문의 대응 및 이슈 조율
• 업무 절차 개선과 운영 리스크 사전 점검
• 주요 이슈 원인 분석 및 후속 조치 관리
• 정기 회의 자료 작성과 진행 현황 공유
• 업무 매뉴얼 정비와 신규 구성원 온보딩 지원","• B2B 영업과 이해관계자 조율 경험 관련 기본 지식 또는 실무 경험을 보유한 분
• 필수 자격·면허: 자동차운전면허 보유자 또는 입사 전 취득 가능한 분
• 맡은 업무를 정확하게 기록하고 마감까지 책임질 수 있는 분
• 문서작성, 이메일, 스프레드시트 등 기본 업무도구 활용이 가능한 분
• 고객 및 유관 부서와 원활하게 소통하고 요청사항을 정리할 수 있는 분
• 예상하지 못한 상황에서도 우선순위를 판단해 대응할 수 있는 분
• 업무상 취급하는 자료와 고객 정보를 안전하게 관리할 수 있는 분
• 직무 관련 교육을 꾸준히 이수하며 전문성을 높일 분","• 법인영업 또는 유사 직무 경력 보유자
• 직무 관련 자격·면허 보유자: 자동차운전면허
• 직무 관련 자격·면허 보유자: 경영지도사
• ERP, WMS, CRM, POS 등 직무 관련 시스템 사용 경험자
• 수치와 데이터를 활용한 실적 분석 경험자
• 다양한 이해관계자와 협업해 문제를 해결한 경험자
• 신규 프로세스 구축이나 업무 자동화 경험자","• 지원서 및 제출서류의 허위기재 또는 허위 제출
• 채용 과정에서 본인 확인이 불가능한 경우
• 채용검진 결과 업무 수행에 부적합하다고 판단되는 경우
• 해외여행 및 근무에 결격사유가 있는 경우
• 기타 회사 또는 기관의 인사규정상 채용이 불가능한 경우",서류전형 > 필기전형 > 면접전형 > 최종합격
787,법인영업 전문 인력,110,79,20260825,20260912,17,경력 2년 이상,무기계약직,제주특별자치도,학력무관,"종합병원 운영조직에서 기업 고객 대상 솔루션 영업을 수행하는 포지션을(를) 맡을 법인영업를 모집합니다.

이번 포지션은 법인고객, 니즈분석, 제안, 입찰, 계약관리을 중심으로 운영 현장의 품질과 일정, 고객 경험을 함께 관리하는 역할입니다.

부서 간 원활한 소통으로 일정과 품질을 안정적으로 관리하는 직무입니다.

유관 부서 및 외부 파트너와 업무 기준을 공유하고, 이슈 발생 시 원인을 정리해 재발 방지 방안을 실행합니다.

초기에는 담당 업무의 프로세스와 시스템을 익히고, 이후에는 담당 영역의 지표 개선과 운영 표준화까지 주도하게 됩니다.","• 법인고객, 니즈분석, 제안, 입찰, 계약관리 및 일일 운영 현황 관리
• 업무 일정·실적·품질 지표 점검 및 보고
• 관련 시스템과 문서의 정확한 입력·관리
• 고객·협력사·유관 부서 문의 대응 및 이슈 조율
• 업무 절차 개선과 운영 리스크 사전 점검
• 주요 이슈 원인 분석 및 후속 조치 관리
• 정기 회의 자료 작성과 진행 현황 공유
• 현장 안전·보안·개인정보 보호 기준 준수","• B2B 영업과 이해관계자 조율 경험 관련 기본 지식 또는 실무 경험을 보유한 분
• 필수 자격·면허: 자동차운전면허 보유자 또는 입사 전 취득 가능한 분
• 맡은 업무를 정확하게 기록하고 마감까지 책임질 수 있는 분
• 문서작성, 이메일, 스프레드시트 등 기본 업무도구 활용이 가능한 분
• 고객 및 유관 부서와 원활하게 소통하고 요청사항을 정리할 수 있는 분
• 예상하지 못한 상황에서도 우선순위를 판단해 대응할 수 있는 분
• 업무상 취급하는 자료와 고객 정보를 안전하게 관리할 수 있는 분
• 직무 관련 교육을 꾸준히 이수하며 전문성을 높일 분","• 법인영업 또는 유사 직무 경력 보유자
• 직무 관련 자격·면허 보유자: 자동차운전면허
• 직무 관련 자격·면허 보유자: 경영지도사
• ERP, WMS, CRM, POS 등 직무 관련 시스템 사용 경험자
• 수치와 데이터를 활용한 실적 분석 경험자
• 다양한 이해관계자와 협업해 문제를 해결한 경험자
• 외국어 또는 관련 법규·안전 기준을 활용할 수 있는 분","• 지원서 및 제출서류의 허위기재 또는 허위 제출
• 채용 과정에서 본인 확인이 불가능한 경우
• 채용검진 결과 업무 수행에 부적합하다고 판단되는 경우
• 해외여행 및 근무에 결격사유가 있는 경우
• 기타 회사 또는 기관의 인사규정상 채용이 불가능한 경우",서류전형 > 실무면접 > 최종면접
788,법인영업 경력 채용,0,79,20260911,20261006,8,경력 3년 이상,기간제,인천광역시,전문학사 이상,"대학 산학협력단에서 기업 고객 대상 솔루션 영업을 수행하는 포지션을(를) 맡을 법인영업를 모집합니다.

이번 포지션은 법인고객, 니즈분석, 제안, 입찰, 계약관리을 중심으로 운영 현장의 품질과 일정, 고객 경험을 함께 관리하는 역할입니다.

서비스 품질과 안전을 우선하며 꾸준히 전문성을 쌓을 수 있는 포지션입니다.

유관 부서 및 외부 파트너와 업무 기준을 공유하고, 이슈 발생 시 원인을 정리해 재발 방지 방안을 실행합니다.

초기에는 담당 업무의 프로세스와 시스템을 익히고, 이후에는 담당 영역의 지표 개선과 운영 표준화까지 주도하게 됩니다.","• 법인고객, 니즈분석, 제안, 입찰, 계약관리 및 일일 운영 현황 관리
• 업무 일정·실적·품질 지표 점검 및 보고
• 관련 시스템과 문서의 정확한 입력·관리
• 고객·협력사·유관 부서 문의 대응 및 이슈 조율
• 업무 절차 개선과 운영 리스크 사전 점검
• 주요 이슈 원인 분석 및 후속 조치 관리
• 정기 회의 자료 작성과 진행 현황 공유
• 업무 매뉴얼 정비와 신규 구성원 온보딩 지원","• B2B 영업과 이해관계자 조율 경험 관련 기본 지식 또는 실무 경험을 보유한 분
• 필수 자격·면허: 자동차운전면허 보유자 또는 입사 전 취득 가능한 분
• 맡은 업무를 정확하게 기록하고 마감까지 책임질 수 있는 분
• 문서작성, 이메일, 스프레드시트 등 기본 업무도구 활용이 가능한 분
• 고객 및 유관 부서와 원활하게 소통하고 요청사항을 정리할 수 있는 분
• 예상하지 못한 상황에서도 우선순위를 판단해 대응할 수 있는 분
• 업무상 취급하는 자료와 고객 정보를 안전하게 관리할 수 있는 분
• 교대·주말·현장 근무가 포함될 수 있는 일정에 대응 가능한 분","• 법인영업 또는 유사 직무 경력 보유자
• 직무 관련 자격·면허 보유자: 자동차운전면허
• 직무 관련 자격·면허 보유자: 경영지도사
• ERP, WMS, CRM, POS 등 직무 관련 시스템 사용 경험자
• 수치와 데이터를 활용한 실적 분석 경험자
• 다양한 이해관계자와 협업해 문제를 해결한 경험자
• 신규 프로세스 구축이나 업무 자동화 경험자","• 지원서 및 제출서류의 허위기재 또는 허위 제출
• 채용 과정에서 본인 확인이 불가능한 경우
• 채용검진 결과 업무 수행에 부적합하다고 판단되는 경우
• 해외여행 및 근무에 결격사유가 있는 경우
• 기타 회사 또는 기관의 인사규정상 채용이 불가능한 경우",서류전형 > 인성검사 > 실무면접 > 최종면접
789,법인영업 현장 책임자,118,79,20260928,20261030,19,경력 5년 이상,정규직,울산광역시,학사 이상,"기업 부설 연구소에서 기업 고객 대상 솔루션 영업을 수행하는 포지션을(를) 맡을 법인영업를 모집합니다.

이번 포지션은 법인고객, 니즈분석, 제안, 입찰, 계약관리을 중심으로 운영 현장의 품질과 일정, 고객 경험을 함께 관리하는 역할입니다.

기본기를 바탕으로 새로운 업무를 빠르게 익히고 실행할 분을 모십니다.

유관 부서 및 외부 파트너와 업무 기준을 공유하고, 이슈 발생 시 원인을 정리해 재발 방지 방안을 실행합니다.

초기에는 담당 업무의 프로세스와 시스템을 익히고, 이후에는 담당 영역의 지표 개선과 운영 표준화까지 주도하게 됩니다.","• 법인고객, 니즈분석, 제안, 입찰, 계약관리 및 일일 운영 현황 관리
• 업무 일정·실적·품질 지표 점검 및 보고
• 관련 시스템과 문서의 정확한 입력·관리
• 고객·협력사·유관 부서 문의 대응 및 이슈 조율
• 업무 절차 개선과 운영 리스크 사전 점검
• 주요 이슈 원인 분석 및 후속 조치 관리
• 정기 회의 자료 작성과 진행 현황 공유
• 현장 안전·보안·개인정보 보호 기준 준수","• B2B 영업과 이해관계자 조율 경험 관련 기본 지식 또는 실무 경험을 보유한 분
• 필수 자격·면허: 자동차운전면허 보유자 또는 입사 전 취득 가능한 분
• 맡은 업무를 정확하게 기록하고 마감까지 책임질 수 있는 분
• 문서작성, 이메일, 스프레드시트 등 기본 업무도구 활용이 가능한 분
• 고객 및 유관 부서와 원활하게 소통하고 요청사항을 정리할 수 있는 분
• 예상하지 못한 상황에서도 우선순위를 판단해 대응할 수 있는 분
• 업무상 취급하는 자료와 고객 정보를 안전하게 관리할 수 있는 분
• 직무 관련 교육을 꾸준히 이수하며 전문성을 높일 분","• 법인영업 또는 유사 직무 경력 보유자
• 직무 관련 자격·면허 보유자: 자동차운전면허
• 직무 관련 자격·면허 보유자: 경영지도사
• ERP, WMS, CRM, POS 등 직무 관련 시스템 사용 경험자
• 수치와 데이터를 활용한 실적 분석 경험자
• 다양한 이해관계자와 협업해 문제를 해결한 경험자
• 외국어 또는 관련 법규·안전 기준을 활용할 수 있는 분","• 지원서 및 제출서류의 허위기재 또는 허위 제출
• 채용 과정에서 본인 확인이 불가능한 경우
• 채용검진 결과 업무 수행에 부적합하다고 판단되는 경우
• 해외여행 및 근무에 결격사유가 있는 경우
• 기타 회사 또는 기관의 인사규정상 채용이 불가능한 경우",서류전형 > 직무과제 > 실무면접 > 최종합격
790,법인영업 서비스 담당,75,79,20261015,20261123,10,경력 무관,계약직,강원특별자치도,석사 이상,"전문 협회에서 기업 고객 대상 솔루션 영업을 수행하는 포지션을(를) 맡을 법인영업를 모집합니다.

이번 포지션은 법인고객, 니즈분석, 제안, 입찰, 계약관리을 중심으로 운영 현장의 품질과 일정, 고객 경험을 함께 관리하는 역할입니다.

성과와 고객 만족을 함께 고려하며 실질적인 변화를 만드는 역할입니다.

유관 부서 및 외부 파트너와 업무 기준을 공유하고, 이슈 발생 시 원인을 정리해 재발 방지 방안을 실행합니다.

초기에는 담당 업무의 프로세스와 시스템을 익히고, 이후에는 담당 영역의 지표 개선과 운영 표준화까지 주도하게 됩니다.","• 법인고객, 니즈분석, 제안, 입찰, 계약관리 및 일일 운영 현황 관리
• 업무 일정·실적·품질 지표 점검 및 보고
• 관련 시스템과 문서의 정확한 입력·관리
• 고객·협력사·유관 부서 문의 대응 및 이슈 조율
• 업무 절차 개선과 운영 리스크 사전 점검
• 주요 이슈 원인 분석 및 후속 조치 관리
• 정기 회의 자료 작성과 진행 현황 공유
• 업무 매뉴얼 정비와 신규 구성원 온보딩 지원","• B2B 영업과 이해관계자 조율 경험 관련 기본 지식 또는 실무 경험을 보유한 분
• 필수 자격·면허: 자동차운전면허 보유자 또는 입사 전 취득 가능한 분
• 맡은 업무를 정확하게 기록하고 마감까지 책임질 수 있는 분
• 문서작성, 이메일, 스프레드시트 등 기본 업무도구 활용이 가능한 분
• 고객 및 유관 부서와 원활하게 소통하고 요청사항을 정리할 수 있는 분
• 예상하지 못한 상황에서도 우선순위를 판단해 대응할 수 있는 분
• 업무상 취급하는 자료와 고객 정보를 안전하게 관리할 수 있는 분
• 직무 관련 교육을 꾸준히 이수하며 전문성을 높일 분","• 법인영업 또는 유사 직무 경력 보유자
• 직무 관련 자격·면허 보유자: 자동차운전면허
• 직무 관련 자격·면허 보유자: 경영지도사
• ERP, WMS, CRM, POS 등 직무 관련 시스템 사용 경험자
• 수치와 데이터를 활용한 실적 분석 경험자
• 다양한 이해관계자와 협업해 문제를 해결한 경험자
• 신규 프로세스 구축이나 업무 자동화 경험자","• 지원서 및 제출서류의 허위기재 또는 허위 제출
• 채용 과정에서 본인 확인이 불가능한 경우
• 채용검진 결과 업무 수행에 부적합하다고 판단되는 경우
• 해외여행 및 근무에 결격사유가 있는 경우
• 기타 회사 또는 기관의 인사규정상 채용이 불가능한 경우",서류전형 > 1차면접 > 2차면접 > 채용검진
791,IT·기술영업 실무자,79,80,20261101,20261111,1,경력,무기계약직,전라남도,학력무관,"공공서비스 운영기관에서 기술 기반 제품과 솔루션의 영업을 담당하는 포지션을(를) 맡을 IT·기술영업를 모집합니다.

이번 포지션은 기술상담, 요구사항, 데모, 제안, 파이프라인을 중심으로 운영 현장의 품질과 일정, 고객 경험을 함께 관리하는 역할입니다.

정확한 실행력과 협업을 바탕으로 안정적인 운영을 함께 만들어 갈 분을 찾습니다.

유관 부서 및 외부 파트너와 업무 기준을 공유하고, 이슈 발생 시 원인을 정리해 재발 방지 방안을 실행합니다.

초기에는 담당 업무의 프로세스와 시스템을 익히고, 이후에는 담당 영역의 지표 개선과 운영 표준화까지 주도하게 됩니다.","• 기술상담, 요구사항, 데모, 제안, 파이프라인 및 일일 운영 현황 관리
• 업무 일정·실적·품질 지표 점검 및 보고
• 관련 시스템과 문서의 정확한 입력·관리
• 고객·협력사·유관 부서 문의 대응 및 이슈 조율
• 업무 절차 개선과 운영 리스크 사전 점검
• 주요 이슈 원인 분석 및 후속 조치 관리
• 정기 회의 자료 작성과 진행 현황 공유
• 현장 안전·보안·개인정보 보호 기준 준수","• IT 인프라 또는 기술제품 이해 관련 기본 지식 또는 실무 경험을 보유한 분
• 필수 자격·면허: 정보처리기사 보유자 또는 입사 전 취득 가능한 분
• 맡은 업무를 정확하게 기록하고 마감까지 책임질 수 있는 분
• 문서작성, 이메일, 스프레드시트 등 기본 업무도구 활용이 가능한 분
• 고객 및 유관 부서와 원활하게 소통하고 요청사항을 정리할 수 있는 분
• 예상하지 못한 상황에서도 우선순위를 판단해 대응할 수 있는 분
• 업무상 취급하는 자료와 고객 정보를 안전하게 관리할 수 있는 분
• 교대·주말·현장 근무가 포함될 수 있는 일정에 대응 가능한 분","• IT·기술영업 또는 유사 직무 경력 보유자
• 직무 관련 자격·면허 보유자: 정보처리기사
• 직무 관련 자격·면허 보유자: 네트워크관리사 2급
• ERP, WMS, CRM, POS 등 직무 관련 시스템 사용 경험자
• 수치와 데이터를 활용한 실적 분석 경험자
• 다양한 이해관계자와 협업해 문제를 해결한 경험자
• 외국어 또는 관련 법규·안전 기준을 활용할 수 있는 분","• 지원서 및 제출서류의 허위기재 또는 허위 제출
• 채용 과정에서 본인 확인이 불가능한 경우
• 채용검진 결과 업무 수행에 부적합하다고 판단되는 경우
• 해외여행 및 근무에 결격사유가 있는 경우
• 기타 회사 또는 기관의 인사규정상 채용이 불가능한 경우",서류전형 > 실무면접 > 최종면접
792,IT·기술영업 운영 매니저,85,80,20261118,20261205,12,신입·경력,기간제,제주특별자치도,전문학사 이상,"대기업 사업부에서 기술 기반 제품과 솔루션의 영업을 담당하는 포지션을(를) 맡을 IT·기술영업를 모집합니다.

이번 포지션은 기술상담, 요구사항, 데모, 제안, 파이프라인을 중심으로 운영 현장의 품질과 일정, 고객 경험을 함께 관리하는 역할입니다.

현장과 유관 부서의 요구를 연결하며 업무 품질을 높이는 역할입니다.

유관 부서 및 외부 파트너와 업무 기준을 공유하고, 이슈 발생 시 원인을 정리해 재발 방지 방안을 실행합니다.

초기에는 담당 업무의 프로세스와 시스템을 익히고, 이후에는 담당 영역의 지표 개선과 운영 표준화까지 주도하게 됩니다.","• 기술상담, 요구사항, 데모, 제안, 파이프라인 및 일일 운영 현황 관리
• 업무 일정·실적·품질 지표 점검 및 보고
• 관련 시스템과 문서의 정확한 입력·관리
• 고객·협력사·유관 부서 문의 대응 및 이슈 조율
• 업무 절차 개선과 운영 리스크 사전 점검
• 주요 이슈 원인 분석 및 후속 조치 관리
• 정기 회의 자료 작성과 진행 현황 공유
• 업무 매뉴얼 정비와 신규 구성원 온보딩 지원","• IT 인프라 또는 기술제품 이해 관련 기본 지식 또는 실무 경험을 보유한 분
• 필수 자격·면허: 정보처리기사 보유자 또는 입사 전 취득 가능한 분
• 맡은 업무를 정확하게 기록하고 마감까지 책임질 수 있는 분
• 문서작성, 이메일, 스프레드시트 등 기본 업무도구 활용이 가능한 분
• 고객 및 유관 부서와 원활하게 소통하고 요청사항을 정리할 수 있는 분
• 예상하지 못한 상황에서도 우선순위를 판단해 대응할 수 있는 분
• 업무상 취급하는 자료와 고객 정보를 안전하게 관리할 수 있는 분
• 직무 관련 교육을 꾸준히 이수하며 전문성을 높일 분","• IT·기술영업 또는 유사 직무 경력 보유자
• 직무 관련 자격·면허 보유자: 정보처리기사
• 직무 관련 자격·면허 보유자: 네트워크관리사 2급
• ERP, WMS, CRM, POS 등 직무 관련 시스템 사용 경험자
• 수치와 데이터를 활용한 실적 분석 경험자
• 다양한 이해관계자와 협업해 문제를 해결한 경험자
• 신규 프로세스 구축이나 업무 자동화 경험자","• 지원서 및 제출서류의 허위기재 또는 허위 제출
• 채용 과정에서 본인 확인이 불가능한 경우
• 채용검진 결과 업무 수행에 부적합하다고 판단되는 경우
• 해외여행 및 근무에 결격사유가 있는 경우
• 기타 회사 또는 기관의 인사규정상 채용이 불가능한 경우",서류전형 > 인성검사 > 실무면접 > 최종면접
793,IT·기술영업 전문 인력,101,80,20261205,20261229,3,경력 2년 이상,정규직,인천광역시,학사 이상,"중견 제조기업에서 기술 기반 제품과 솔루션의 영업을 담당하는 포지션을(를) 맡을 IT·기술영업를 모집합니다.

이번 포지션은 기술상담, 요구사항, 데모, 제안, 파이프라인을 중심으로 운영 현장의 품질과 일정, 고객 경험을 함께 관리하는 역할입니다.

업무 기준을 준수하면서도 개선점을 주도적으로 제안할 수 있는 분을 기다립니다.

유관 부서 및 외부 파트너와 업무 기준을 공유하고, 이슈 발생 시 원인을 정리해 재발 방지 방안을 실행합니다.

초기에는 담당 업무의 프로세스와 시스템을 익히고, 이후에는 담당 영역의 지표 개선과 운영 표준화까지 주도하게 됩니다.","• 기술상담, 요구사항, 데모, 제안, 파이프라인 및 일일 운영 현황 관리
• 업무 일정·실적·품질 지표 점검 및 보고
• 관련 시스템과 문서의 정확한 입력·관리
• 고객·협력사·유관 부서 문의 대응 및 이슈 조율
• 업무 절차 개선과 운영 리스크 사전 점검
• 주요 이슈 원인 분석 및 후속 조치 관리
• 정기 회의 자료 작성과 진행 현황 공유
• 현장 안전·보안·개인정보 보호 기준 준수","• IT 인프라 또는 기술제품 이해 관련 기본 지식 또는 실무 경험을 보유한 분
• 필수 자격·면허: 정보처리기사 보유자 또는 입사 전 취득 가능한 분
• 맡은 업무를 정확하게 기록하고 마감까지 책임질 수 있는 분
• 문서작성, 이메일, 스프레드시트 등 기본 업무도구 활용이 가능한 분
• 고객 및 유관 부서와 원활하게 소통하고 요청사항을 정리할 수 있는 분
• 예상하지 못한 상황에서도 우선순위를 판단해 대응할 수 있는 분
• 업무상 취급하는 자료와 고객 정보를 안전하게 관리할 수 있는 분
• 직무 관련 교육을 꾸준히 이수하며 전문성을 높일 분","• IT·기술영업 또는 유사 직무 경력 보유자
• 직무 관련 자격·면허 보유자: 정보처리기사
• 직무 관련 자격·면허 보유자: 네트워크관리사 2급
• ERP, WMS, CRM, POS 등 직무 관련 시스템 사용 경험자
• 수치와 데이터를 활용한 실적 분석 경험자
• 다양한 이해관계자와 협업해 문제를 해결한 경험자
• 외국어 또는 관련 법규·안전 기준을 활용할 수 있는 분","• 지원서 및 제출서류의 허위기재 또는 허위 제출
• 채용 과정에서 본인 확인이 불가능한 경우
• 채용검진 결과 업무 수행에 부적합하다고 판단되는 경우
• 해외여행 및 근무에 결격사유가 있는 경우
• 기타 회사 또는 기관의 인사규정상 채용이 불가능한 경우",서류전형 > 직무과제 > 실무면접 > 최종합격
794,IT·기술영업 경력 채용,81,80,20260111,20260211,14,경력 3년 이상,계약직,울산광역시,석사 이상,"전문 중소기업에서 기술 기반 제품과 솔루션의 영업을 담당하는 포지션을(를) 맡을 IT·기술영업를 모집합니다.

이번 포지션은 기술상담, 요구사항, 데모, 제안, 파이프라인을 중심으로 운영 현장의 품질과 일정, 고객 경험을 함께 관리하는 역할입니다.

고객과 동료에게 신뢰를 주는 태도로 맡은 업무를 끝까지 책임지는 포지션입니다.

유관 부서 및 외부 파트너와 업무 기준을 공유하고, 이슈 발생 시 원인을 정리해 재발 방지 방안을 실행합니다.

초기에는 담당 업무의 프로세스와 시스템을 익히고, 이후에는 담당 영역의 지표 개선과 운영 표준화까지 주도하게 됩니다.","• 기술상담, 요구사항, 데모, 제안, 파이프라인 및 일일 운영 현황 관리
• 업무 일정·실적·품질 지표 점검 및 보고
• 관련 시스템과 문서의 정확한 입력·관리
• 고객·협력사·유관 부서 문의 대응 및 이슈 조율
• 업무 절차 개선과 운영 리스크 사전 점검
• 주요 이슈 원인 분석 및 후속 조치 관리
• 정기 회의 자료 작성과 진행 현황 공유
• 업무 매뉴얼 정비와 신규 구성원 온보딩 지원","• IT 인프라 또는 기술제품 이해 관련 기본 지식 또는 실무 경험을 보유한 분
• 필수 자격·면허: 정보처리기사 보유자 또는 입사 전 취득 가능한 분
• 맡은 업무를 정확하게 기록하고 마감까지 책임질 수 있는 분
• 문서작성, 이메일, 스프레드시트 등 기본 업무도구 활용이 가능한 분
• 고객 및 유관 부서와 원활하게 소통하고 요청사항을 정리할 수 있는 분
• 예상하지 못한 상황에서도 우선순위를 판단해 대응할 수 있는 분
• 업무상 취급하는 자료와 고객 정보를 안전하게 관리할 수 있는 분
• 교대·주말·현장 근무가 포함될 수 있는 일정에 대응 가능한 분","• IT·기술영업 또는 유사 직무 경력 보유자
• 직무 관련 자격·면허 보유자: 정보처리기사
• 직무 관련 자격·면허 보유자: 네트워크관리사 2급
• ERP, WMS, CRM, POS 등 직무 관련 시스템 사용 경험자
• 수치와 데이터를 활용한 실적 분석 경험자
• 다양한 이해관계자와 협업해 문제를 해결한 경험자
• 신규 프로세스 구축이나 업무 자동화 경험자","• 지원서 및 제출서류의 허위기재 또는 허위 제출
• 채용 과정에서 본인 확인이 불가능한 경우
• 채용검진 결과 업무 수행에 부적합하다고 판단되는 경우
• 해외여행 및 근무에 결격사유가 있는 경우
• 기타 회사 또는 기관의 인사규정상 채용이 불가능한 경우",서류전형 > 1차면접 > 2차면접 > 채용검진
795,IT·기술영업 현장 책임자,39,80,20260128,20260307,5,경력 5년 이상,무기계약직,강원특별자치도,박사 이상,"성장 단계 스타트업에서 기술 기반 제품과 솔루션의 영업을 담당하는 포지션을(를) 맡을 IT·기술영업를 모집합니다.

이번 포지션은 기술상담, 요구사항, 데모, 제안, 파이프라인을 중심으로 운영 현장의 품질과 일정, 고객 경험을 함께 관리하는 역할입니다.

데이터와 현장 감각을 함께 활용해 반복 업무를 효율화하는 역할입니다.

유관 부서 및 외부 파트너와 업무 기준을 공유하고, 이슈 발생 시 원인을 정리해 재발 방지 방안을 실행합니다.

초기에는 담당 업무의 프로세스와 시스템을 익히고, 이후에는 담당 영역의 지표 개선과 운영 표준화까지 주도하게 됩니다.","• 기술상담, 요구사항, 데모, 제안, 파이프라인 및 일일 운영 현황 관리
• 업무 일정·실적·품질 지표 점검 및 보고
• 관련 시스템과 문서의 정확한 입력·관리
• 고객·협력사·유관 부서 문의 대응 및 이슈 조율
• 업무 절차 개선과 운영 리스크 사전 점검
• 주요 이슈 원인 분석 및 후속 조치 관리
• 정기 회의 자료 작성과 진행 현황 공유
• 현장 안전·보안·개인정보 보호 기준 준수","• IT 인프라 또는 기술제품 이해 관련 기본 지식 또는 실무 경험을 보유한 분
• 필수 자격·면허: 정보처리기사 보유자 또는 입사 전 취득 가능한 분
• 맡은 업무를 정확하게 기록하고 마감까지 책임질 수 있는 분
• 문서작성, 이메일, 스프레드시트 등 기본 업무도구 활용이 가능한 분
• 고객 및 유관 부서와 원활하게 소통하고 요청사항을 정리할 수 있는 분
• 예상하지 못한 상황에서도 우선순위를 판단해 대응할 수 있는 분
• 업무상 취급하는 자료와 고객 정보를 안전하게 관리할 수 있는 분
• 직무 관련 교육을 꾸준히 이수하며 전문성을 높일 분","• IT·기술영업 또는 유사 직무 경력 보유자
• 직무 관련 자격·면허 보유자: 정보처리기사
• 직무 관련 자격·면허 보유자: 네트워크관리사 2급
• ERP, WMS, CRM, POS 등 직무 관련 시스템 사용 경험자
• 수치와 데이터를 활용한 실적 분석 경험자
• 다양한 이해관계자와 협업해 문제를 해결한 경험자
• 외국어 또는 관련 법규·안전 기준을 활용할 수 있는 분","• 지원서 및 제출서류의 허위기재 또는 허위 제출
• 채용 과정에서 본인 확인이 불가능한 경우
• 채용검진 결과 업무 수행에 부적합하다고 판단되는 경우
• 해외여행 및 근무에 결격사유가 있는 경우
• 기타 회사 또는 기관의 인사규정상 채용이 불가능한 경우",서류전형 > 필기전형 > 면접전형 > 최종합격
796,IT·기술영업 서비스 담당,143,80,20260214,20260331,16,경력 무관,기간제,전라북도,학력무관,"종합병원 운영조직에서 기술 기반 제품과 솔루션의 영업을 담당하는 포지션을(를) 맡을 IT·기술영업를 모집합니다.

이번 포지션은 기술상담, 요구사항, 데모, 제안, 파이프라인을 중심으로 운영 현장의 품질과 일정, 고객 경험을 함께 관리하는 역할입니다.

정해진 절차를 지키되 상황에 맞게 유연하게 대응하는 실무자를 모집합니다.

유관 부서 및 외부 파트너와 업무 기준을 공유하고, 이슈 발생 시 원인을 정리해 재발 방지 방안을 실행합니다.

초기에는 담당 업무의 프로세스와 시스템을 익히고, 이후에는 담당 영역의 지표 개선과 운영 표준화까지 주도하게 됩니다.","• 기술상담, 요구사항, 데모, 제안, 파이프라인 및 일일 운영 현황 관리
• 업무 일정·실적·품질 지표 점검 및 보고
• 관련 시스템과 문서의 정확한 입력·관리
• 고객·협력사·유관 부서 문의 대응 및 이슈 조율
• 업무 절차 개선과 운영 리스크 사전 점검
• 주요 이슈 원인 분석 및 후속 조치 관리
• 정기 회의 자료 작성과 진행 현황 공유
• 업무 매뉴얼 정비와 신규 구성원 온보딩 지원","• IT 인프라 또는 기술제품 이해 관련 기본 지식 또는 실무 경험을 보유한 분
• 필수 자격·면허: 정보처리기사 보유자 또는 입사 전 취득 가능한 분
• 맡은 업무를 정확하게 기록하고 마감까지 책임질 수 있는 분
• 문서작성, 이메일, 스프레드시트 등 기본 업무도구 활용이 가능한 분
• 고객 및 유관 부서와 원활하게 소통하고 요청사항을 정리할 수 있는 분
• 예상하지 못한 상황에서도 우선순위를 판단해 대응할 수 있는 분
• 업무상 취급하는 자료와 고객 정보를 안전하게 관리할 수 있는 분
• 직무 관련 교육을 꾸준히 이수하며 전문성을 높일 분","• IT·기술영업 또는 유사 직무 경력 보유자
• 직무 관련 자격·면허 보유자: 정보처리기사
• 직무 관련 자격·면허 보유자: 네트워크관리사 2급
• ERP, WMS, CRM, POS 등 직무 관련 시스템 사용 경험자
• 수치와 데이터를 활용한 실적 분석 경험자
• 다양한 이해관계자와 협업해 문제를 해결한 경험자
• 신규 프로세스 구축이나 업무 자동화 경험자","• 지원서 및 제출서류의 허위기재 또는 허위 제출
• 채용 과정에서 본인 확인이 불가능한 경우
• 채용검진 결과 업무 수행에 부적합하다고 판단되는 경우
• 해외여행 및 근무에 결격사유가 있는 경우
• 기타 회사 또는 기관의 인사규정상 채용이 불가능한 경우",서류전형 > 실무면접 > 최종면접
797,IT·기술영업 담당자,137,80,20260303,20260319,7,신입,정규직,경상남도,전문학사 이상,"대학 산학협력단에서 기술 기반 제품과 솔루션의 영업을 담당하는 포지션을(를) 맡을 IT·기술영업를 모집합니다.

이번 포지션은 기술상담, 요구사항, 데모, 제안, 파이프라인을 중심으로 운영 현장의 품질과 일정, 고객 경험을 함께 관리하는 역할입니다.

부서 간 원활한 소통으로 일정과 품질을 안정적으로 관리하는 직무입니다.

유관 부서 및 외부 파트너와 업무 기준을 공유하고, 이슈 발생 시 원인을 정리해 재발 방지 방안을 실행합니다.

초기에는 담당 업무의 프로세스와 시스템을 익히고, 이후에는 담당 영역의 지표 개선과 운영 표준화까지 주도하게 됩니다.","• 기술상담, 요구사항, 데모, 제안, 파이프라인 및 일일 운영 현황 관리
• 업무 일정·실적·품질 지표 점검 및 보고
• 관련 시스템과 문서의 정확한 입력·관리
• 고객·협력사·유관 부서 문의 대응 및 이슈 조율
• 업무 절차 개선과 운영 리스크 사전 점검
• 주요 이슈 원인 분석 및 후속 조치 관리
• 정기 회의 자료 작성과 진행 현황 공유
• 현장 안전·보안·개인정보 보호 기준 준수","• IT 인프라 또는 기술제품 이해 관련 기본 지식 또는 실무 경험을 보유한 분
• 필수 자격·면허: 정보처리기사 보유자 또는 입사 전 취득 가능한 분
• 맡은 업무를 정확하게 기록하고 마감까지 책임질 수 있는 분
• 문서작성, 이메일, 스프레드시트 등 기본 업무도구 활용이 가능한 분
• 고객 및 유관 부서와 원활하게 소통하고 요청사항을 정리할 수 있는 분
• 예상하지 못한 상황에서도 우선순위를 판단해 대응할 수 있는 분
• 업무상 취급하는 자료와 고객 정보를 안전하게 관리할 수 있는 분
• 교대·주말·현장 근무가 포함될 수 있는 일정에 대응 가능한 분","• IT·기술영업 또는 유사 직무 경력 보유자
• 직무 관련 자격·면허 보유자: 정보처리기사
• 직무 관련 자격·면허 보유자: 네트워크관리사 2급
• ERP, WMS, CRM, POS 등 직무 관련 시스템 사용 경험자
• 수치와 데이터를 활용한 실적 분석 경험자
• 다양한 이해관계자와 협업해 문제를 해결한 경험자
• 외국어 또는 관련 법규·안전 기준을 활용할 수 있는 분","• 지원서 및 제출서류의 허위기재 또는 허위 제출
• 채용 과정에서 본인 확인이 불가능한 경우
• 채용검진 결과 업무 수행에 부적합하다고 판단되는 경우
• 해외여행 및 근무에 결격사유가 있는 경우
• 기타 회사 또는 기관의 인사규정상 채용이 불가능한 경우",서류전형 > 인성검사 > 실무면접 > 최종면접
798,IT·기술영업 실무자,126,80,20260320,20260412,18,경력,계약직,부산광역시,학사 이상,"기업 부설 연구소에서 기술 기반 제품과 솔루션의 영업을 담당하는 포지션을(를) 맡을 IT·기술영업를 모집합니다.

이번 포지션은 기술상담, 요구사항, 데모, 제안, 파이프라인을 중심으로 운영 현장의 품질과 일정, 고객 경험을 함께 관리하는 역할입니다.

서비스 품질과 안전을 우선하며 꾸준히 전문성을 쌓을 수 있는 포지션입니다.

유관 부서 및 외부 파트너와 업무 기준을 공유하고, 이슈 발생 시 원인을 정리해 재발 방지 방안을 실행합니다.

초기에는 담당 업무의 프로세스와 시스템을 익히고, 이후에는 담당 영역의 지표 개선과 운영 표준화까지 주도하게 됩니다.","• 기술상담, 요구사항, 데모, 제안, 파이프라인 및 일일 운영 현황 관리
• 업무 일정·실적·품질 지표 점검 및 보고
• 관련 시스템과 문서의 정확한 입력·관리
• 고객·협력사·유관 부서 문의 대응 및 이슈 조율
• 업무 절차 개선과 운영 리스크 사전 점검
• 주요 이슈 원인 분석 및 후속 조치 관리
• 정기 회의 자료 작성과 진행 현황 공유
• 업무 매뉴얼 정비와 신규 구성원 온보딩 지원","• IT 인프라 또는 기술제품 이해 관련 기본 지식 또는 실무 경험을 보유한 분
• 필수 자격·면허: 정보처리기사 보유자 또는 입사 전 취득 가능한 분
• 맡은 업무를 정확하게 기록하고 마감까지 책임질 수 있는 분
• 문서작성, 이메일, 스프레드시트 등 기본 업무도구 활용이 가능한 분
• 고객 및 유관 부서와 원활하게 소통하고 요청사항을 정리할 수 있는 분
• 예상하지 못한 상황에서도 우선순위를 판단해 대응할 수 있는 분
• 업무상 취급하는 자료와 고객 정보를 안전하게 관리할 수 있는 분
• 직무 관련 교육을 꾸준히 이수하며 전문성을 높일 분","• IT·기술영업 또는 유사 직무 경력 보유자
• 직무 관련 자격·면허 보유자: 정보처리기사
• 직무 관련 자격·면허 보유자: 네트워크관리사 2급
• ERP, WMS, CRM, POS 등 직무 관련 시스템 사용 경험자
• 수치와 데이터를 활용한 실적 분석 경험자
• 다양한 이해관계자와 협업해 문제를 해결한 경험자
• 신규 프로세스 구축이나 업무 자동화 경험자","• 지원서 및 제출서류의 허위기재 또는 허위 제출
• 채용 과정에서 본인 확인이 불가능한 경우
• 채용검진 결과 업무 수행에 부적합하다고 판단되는 경우
• 해외여행 및 근무에 결격사유가 있는 경우
• 기타 회사 또는 기관의 인사규정상 채용이 불가능한 경우",서류전형 > 직무과제 > 실무면접 > 최종합격
799,IT·기술영업 운영 매니저,113,80,20260406,20260506,9,신입·경력,무기계약직,광주광역시,석사 이상,"전문 협회에서 기술 기반 제품과 솔루션의 영업을 담당하는 포지션을(를) 맡을 IT·기술영업를 모집합니다.

이번 포지션은 기술상담, 요구사항, 데모, 제안, 파이프라인을 중심으로 운영 현장의 품질과 일정, 고객 경험을 함께 관리하는 역할입니다.

기본기를 바탕으로 새로운 업무를 빠르게 익히고 실행할 분을 모십니다.

유관 부서 및 외부 파트너와 업무 기준을 공유하고, 이슈 발생 시 원인을 정리해 재발 방지 방안을 실행합니다.

초기에는 담당 업무의 프로세스와 시스템을 익히고, 이후에는 담당 영역의 지표 개선과 운영 표준화까지 주도하게 됩니다.","• 기술상담, 요구사항, 데모, 제안, 파이프라인 및 일일 운영 현황 관리
• 업무 일정·실적·품질 지표 점검 및 보고
• 관련 시스템과 문서의 정확한 입력·관리
• 고객·협력사·유관 부서 문의 대응 및 이슈 조율
• 업무 절차 개선과 운영 리스크 사전 점검
• 주요 이슈 원인 분석 및 후속 조치 관리
• 정기 회의 자료 작성과 진행 현황 공유
• 현장 안전·보안·개인정보 보호 기준 준수","• IT 인프라 또는 기술제품 이해 관련 기본 지식 또는 실무 경험을 보유한 분
• 필수 자격·면허: 정보처리기사 보유자 또는 입사 전 취득 가능한 분
• 맡은 업무를 정확하게 기록하고 마감까지 책임질 수 있는 분
• 문서작성, 이메일, 스프레드시트 등 기본 업무도구 활용이 가능한 분
• 고객 및 유관 부서와 원활하게 소통하고 요청사항을 정리할 수 있는 분
• 예상하지 못한 상황에서도 우선순위를 판단해 대응할 수 있는 분
• 업무상 취급하는 자료와 고객 정보를 안전하게 관리할 수 있는 분
• 직무 관련 교육을 꾸준히 이수하며 전문성을 높일 분","• IT·기술영업 또는 유사 직무 경력 보유자
• 직무 관련 자격·면허 보유자: 정보처리기사
• 직무 관련 자격·면허 보유자: 네트워크관리사 2급
• ERP, WMS, CRM, POS 등 직무 관련 시스템 사용 경험자
• 수치와 데이터를 활용한 실적 분석 경험자
• 다양한 이해관계자와 협업해 문제를 해결한 경험자
• 외국어 또는 관련 법규·안전 기준을 활용할 수 있는 분","• 지원서 및 제출서류의 허위기재 또는 허위 제출
• 채용 과정에서 본인 확인이 불가능한 경우
• 채용검진 결과 업무 수행에 부적합하다고 판단되는 경우
• 해외여행 및 근무에 결격사유가 있는 경우
• 기타 회사 또는 기관의 인사규정상 채용이 불가능한 경우",서류전형 > 1차면접 > 2차면접 > 채용검진
800,IT·기술영업 전문 인력,118,80,20260423,20260530,20,경력 2년 이상,기간제,경기도,박사 이상,"공공서비스 운영기관에서 기술 기반 제품과 솔루션의 영업을 담당하는 포지션을(를) 맡을 IT·기술영업를 모집합니다.

이번 포지션은 기술상담, 요구사항, 데모, 제안, 파이프라인을 중심으로 운영 현장의 품질과 일정, 고객 경험을 함께 관리하는 역할입니다.

성과와 고객 만족을 함께 고려하며 실질적인 변화를 만드는 역할입니다.

유관 부서 및 외부 파트너와 업무 기준을 공유하고, 이슈 발생 시 원인을 정리해 재발 방지 방안을 실행합니다.

초기에는 담당 업무의 프로세스와 시스템을 익히고, 이후에는 담당 영역의 지표 개선과 운영 표준화까지 주도하게 됩니다.","• 기술상담, 요구사항, 데모, 제안, 파이프라인 및 일일 운영 현황 관리
• 업무 일정·실적·품질 지표 점검 및 보고
• 관련 시스템과 문서의 정확한 입력·관리
• 고객·협력사·유관 부서 문의 대응 및 이슈 조율
• 업무 절차 개선과 운영 리스크 사전 점검
• 주요 이슈 원인 분석 및 후속 조치 관리
• 정기 회의 자료 작성과 진행 현황 공유
• 업무 매뉴얼 정비와 신규 구성원 온보딩 지원","• IT 인프라 또는 기술제품 이해 관련 기본 지식 또는 실무 경험을 보유한 분
• 필수 자격·면허: 정보처리기사 보유자 또는 입사 전 취득 가능한 분
• 맡은 업무를 정확하게 기록하고 마감까지 책임질 수 있는 분
• 문서작성, 이메일, 스프레드시트 등 기본 업무도구 활용이 가능한 분
• 고객 및 유관 부서와 원활하게 소통하고 요청사항을 정리할 수 있는 분
• 예상하지 못한 상황에서도 우선순위를 판단해 대응할 수 있는 분
• 업무상 취급하는 자료와 고객 정보를 안전하게 관리할 수 있는 분
• 교대·주말·현장 근무가 포함될 수 있는 일정에 대응 가능한 분","• IT·기술영업 또는 유사 직무 경력 보유자
• 직무 관련 자격·면허 보유자: 정보처리기사
• 직무 관련 자격·면허 보유자: 네트워크관리사 2급
• ERP, WMS, CRM, POS 등 직무 관련 시스템 사용 경험자
• 수치와 데이터를 활용한 실적 분석 경험자
• 다양한 이해관계자와 협업해 문제를 해결한 경험자
• 신규 프로세스 구축이나 업무 자동화 경험자","• 지원서 및 제출서류의 허위기재 또는 허위 제출
• 채용 과정에서 본인 확인이 불가능한 경우
• 채용검진 결과 업무 수행에 부적합하다고 판단되는 경우
• 해외여행 및 근무에 결격사유가 있는 경우
• 기타 회사 또는 기관의 인사규정상 채용이 불가능한 경우",서류전형 > 필기전형 > 면접전형 > 최종합격
801,영업관리 현장 책임자,115,81,20260510,20260623,11,경력 5년 이상,정규직,전라북도,전문학사 이상,"대기업 사업부에서 영업 조직의 실적과 운영 체계를 관리하는 포지션을(를) 맡을 영업관리를 모집합니다.

이번 포지션은 목표관리, 실적분석, forecast, 정책, 회의을 중심으로 운영 현장의 품질과 일정, 고객 경험을 함께 관리하는 역할입니다.

정확한 실행력과 협업을 바탕으로 안정적인 운영을 함께 만들어 갈 분을 찾습니다.

유관 부서 및 외부 파트너와 업무 기준을 공유하고, 이슈 발생 시 원인을 정리해 재발 방지 방안을 실행합니다.

초기에는 담당 업무의 프로세스와 시스템을 익히고, 이후에는 담당 영역의 지표 개선과 운영 표준화까지 주도하게 됩니다.","• 목표관리, 실적분석, forecast, 정책, 회의 및 일일 운영 현황 관리
• 업무 일정·실적·품질 지표 점검 및 보고
• 관련 시스템과 문서의 정확한 입력·관리
• 고객·협력사·유관 부서 문의 대응 및 이슈 조율
• 업무 절차 개선과 운영 리스크 사전 점검
• 주요 이슈 원인 분석 및 후속 조치 관리
• 정기 회의 자료 작성과 진행 현황 공유
• 현장 안전·보안·개인정보 보호 기준 준수","• 영업관리 및 데이터 분석 역량 관련 기본 지식 또는 실무 경험을 보유한 분
• 필수 자격·면허: 유통관리사 2급 보유자 또는 입사 전 취득 가능한 분
• 맡은 업무를 정확하게 기록하고 마감까지 책임질 수 있는 분
• 문서작성, 이메일, 스프레드시트 등 기본 업무도구 활용이 가능한 분
• 고객 및 유관 부서와 원활하게 소통하고 요청사항을 정리할 수 있는 분
• 예상하지 못한 상황에서도 우선순위를 판단해 대응할 수 있는 분
• 업무상 취급하는 자료와 고객 정보를 안전하게 관리할 수 있는 분
• 직무 관련 교육을 꾸준히 이수하며 전문성을 높일 분","• 영업관리 또는 유사 직무 경력 보유자
• 직무 관련 자격·면허 보유자: 유통관리사 2급
• 직무 관련 자격·면허 보유자: ERP정보관리사 회계 1급
• ERP, WMS, CRM, POS 등 직무 관련 시스템 사용 경험자
• 수치와 데이터를 활용한 실적 분석 경험자
• 다양한 이해관계자와 협업해 문제를 해결한 경험자
• 외국어 또는 관련 법규·안전 기준을 활용할 수 있는 분","• 지원서 및 제출서류의 허위기재 또는 허위 제출
• 채용 과정에서 본인 확인이 불가능한 경우
• 채용검진 결과 업무 수행에 부적합하다고 판단되는 경우
• 해외여행 및 근무에 결격사유가 있는 경우
• 기타 회사 또는 기관의 인사규정상 채용이 불가능한 경우",서류전형 > 인성검사 > 실무면접 > 최종면접
802,영업관리 서비스 담당,24,81,20260527,20260611,2,경력 무관,계약직,경상남도,학사 이상,"중견 제조기업에서 영업 조직의 실적과 운영 체계를 관리하는 포지션을(를) 맡을 영업관리를 모집합니다.

이번 포지션은 목표관리, 실적분석, forecast, 정책, 회의을 중심으로 운영 현장의 품질과 일정, 고객 경험을 함께 관리하는 역할입니다.

현장과 유관 부서의 요구를 연결하며 업무 품질을 높이는 역할입니다.

유관 부서 및 외부 파트너와 업무 기준을 공유하고, 이슈 발생 시 원인을 정리해 재발 방지 방안을 실행합니다.

초기에는 담당 업무의 프로세스와 시스템을 익히고, 이후에는 담당 영역의 지표 개선과 운영 표준화까지 주도하게 됩니다.","• 목표관리, 실적분석, forecast, 정책, 회의 및 일일 운영 현황 관리
• 업무 일정·실적·품질 지표 점검 및 보고
• 관련 시스템과 문서의 정확한 입력·관리
• 고객·협력사·유관 부서 문의 대응 및 이슈 조율
• 업무 절차 개선과 운영 리스크 사전 점검
• 주요 이슈 원인 분석 및 후속 조치 관리
• 정기 회의 자료 작성과 진행 현황 공유
• 업무 매뉴얼 정비와 신규 구성원 온보딩 지원","• 영업관리 및 데이터 분석 역량 관련 기본 지식 또는 실무 경험을 보유한 분
• 필수 자격·면허: 유통관리사 2급 보유자 또는 입사 전 취득 가능한 분
• 맡은 업무를 정확하게 기록하고 마감까지 책임질 수 있는 분
• 문서작성, 이메일, 스프레드시트 등 기본 업무도구 활용이 가능한 분
• 고객 및 유관 부서와 원활하게 소통하고 요청사항을 정리할 수 있는 분
• 예상하지 못한 상황에서도 우선순위를 판단해 대응할 수 있는 분
• 업무상 취급하는 자료와 고객 정보를 안전하게 관리할 수 있는 분
• 직무 관련 교육을 꾸준히 이수하며 전문성을 높일 분","• 영업관리 또는 유사 직무 경력 보유자
• 직무 관련 자격·면허 보유자: 유통관리사 2급
• 직무 관련 자격·면허 보유자: ERP정보관리사 회계 1급
• ERP, WMS, CRM, POS 등 직무 관련 시스템 사용 경험자
• 수치와 데이터를 활용한 실적 분석 경험자
• 다양한 이해관계자와 협업해 문제를 해결한 경험자
• 신규 프로세스 구축이나 업무 자동화 경험자","• 지원서 및 제출서류의 허위기재 또는 허위 제출
• 채용 과정에서 본인 확인이 불가능한 경우
• 채용검진 결과 업무 수행에 부적합하다고 판단되는 경우
• 해외여행 및 근무에 결격사유가 있는 경우
• 기타 회사 또는 기관의 인사규정상 채용이 불가능한 경우",서류전형 > 직무과제 > 실무면접 > 최종합격
803,영업관리 담당자,125,81,20260613,20260705,13,신입,무기계약직,부산광역시,석사 이상,"전문 중소기업에서 영업 조직의 실적과 운영 체계를 관리하는 포지션을(를) 맡을 영업관리를 모집합니다.

이번 포지션은 목표관리, 실적분석, forecast, 정책, 회의을 중심으로 운영 현장의 품질과 일정, 고객 경험을 함께 관리하는 역할입니다.

업무 기준을 준수하면서도 개선점을 주도적으로 제안할 수 있는 분을 기다립니다.

유관 부서 및 외부 파트너와 업무 기준을 공유하고, 이슈 발생 시 원인을 정리해 재발 방지 방안을 실행합니다.

초기에는 담당 업무의 프로세스와 시스템을 익히고, 이후에는 담당 영역의 지표 개선과 운영 표준화까지 주도하게 됩니다.","• 목표관리, 실적분석, forecast, 정책, 회의 및 일일 운영 현황 관리
• 업무 일정·실적·품질 지표 점검 및 보고
• 관련 시스템과 문서의 정확한 입력·관리
• 고객·협력사·유관 부서 문의 대응 및 이슈 조율
• 업무 절차 개선과 운영 리스크 사전 점검
• 주요 이슈 원인 분석 및 후속 조치 관리
• 정기 회의 자료 작성과 진행 현황 공유
• 현장 안전·보안·개인정보 보호 기준 준수","• 영업관리 및 데이터 분석 역량 관련 기본 지식 또는 실무 경험을 보유한 분
• 필수 자격·면허: 유통관리사 2급 보유자 또는 입사 전 취득 가능한 분
• 맡은 업무를 정확하게 기록하고 마감까지 책임질 수 있는 분
• 문서작성, 이메일, 스프레드시트 등 기본 업무도구 활용이 가능한 분
• 고객 및 유관 부서와 원활하게 소통하고 요청사항을 정리할 수 있는 분
• 예상하지 못한 상황에서도 우선순위를 판단해 대응할 수 있는 분
• 업무상 취급하는 자료와 고객 정보를 안전하게 관리할 수 있는 분
• 교대·주말·현장 근무가 포함될 수 있는 일정에 대응 가능한 분","• 영업관리 또는 유사 직무 경력 보유자
• 직무 관련 자격·면허 보유자: 유통관리사 2급
• 직무 관련 자격·면허 보유자: ERP정보관리사 회계 1급
• ERP, WMS, CRM, POS 등 직무 관련 시스템 사용 경험자
• 수치와 데이터를 활용한 실적 분석 경험자
• 다양한 이해관계자와 협업해 문제를 해결한 경험자
• 외국어 또는 관련 법규·안전 기준을 활용할 수 있는 분","• 지원서 및 제출서류의 허위기재 또는 허위 제출
• 채용 과정에서 본인 확인이 불가능한 경우
• 채용검진 결과 업무 수행에 부적합하다고 판단되는 경우
• 해외여행 및 근무에 결격사유가 있는 경우
• 기타 회사 또는 기관의 인사규정상 채용이 불가능한 경우",서류전형 > 1차면접 > 2차면접 > 채용검진
804,영업관리 실무자,67,81,20260630,20260729,4,경력,기간제,광주광역시,박사 이상,"성장 단계 스타트업에서 영업 조직의 실적과 운영 체계를 관리하는 포지션을(를) 맡을 영업관리를 모집합니다.

이번 포지션은 목표관리, 실적분석, forecast, 정책, 회의을 중심으로 운영 현장의 품질과 일정, 고객 경험을 함께 관리하는 역할입니다.

고객과 동료에게 신뢰를 주는 태도로 맡은 업무를 끝까지 책임지는 포지션입니다.

유관 부서 및 외부 파트너와 업무 기준을 공유하고, 이슈 발생 시 원인을 정리해 재발 방지 방안을 실행합니다.

초기에는 담당 업무의 프로세스와 시스템을 익히고, 이후에는 담당 영역의 지표 개선과 운영 표준화까지 주도하게 됩니다.","• 목표관리, 실적분석, forecast, 정책, 회의 및 일일 운영 현황 관리
• 업무 일정·실적·품질 지표 점검 및 보고
• 관련 시스템과 문서의 정확한 입력·관리
• 고객·협력사·유관 부서 문의 대응 및 이슈 조율
• 업무 절차 개선과 운영 리스크 사전 점검
• 주요 이슈 원인 분석 및 후속 조치 관리
• 정기 회의 자료 작성과 진행 현황 공유
• 업무 매뉴얼 정비와 신규 구성원 온보딩 지원","• 영업관리 및 데이터 분석 역량 관련 기본 지식 또는 실무 경험을 보유한 분
• 필수 자격·면허: 유통관리사 2급 보유자 또는 입사 전 취득 가능한 분
• 맡은 업무를 정확하게 기록하고 마감까지 책임질 수 있는 분
• 문서작성, 이메일, 스프레드시트 등 기본 업무도구 활용이 가능한 분
• 고객 및 유관 부서와 원활하게 소통하고 요청사항을 정리할 수 있는 분
• 예상하지 못한 상황에서도 우선순위를 판단해 대응할 수 있는 분
• 업무상 취급하는 자료와 고객 정보를 안전하게 관리할 수 있는 분
• 직무 관련 교육을 꾸준히 이수하며 전문성을 높일 분","• 영업관리 또는 유사 직무 경력 보유자
• 직무 관련 자격·면허 보유자: 유통관리사 2급
• 직무 관련 자격·면허 보유자: ERP정보관리사 회계 1급
• ERP, WMS, CRM, POS 등 직무 관련 시스템 사용 경험자
• 수치와 데이터를 활용한 실적 분석 경험자
• 다양한 이해관계자와 협업해 문제를 해결한 경험자
• 신규 프로세스 구축이나 업무 자동화 경험자","• 지원서 및 제출서류의 허위기재 또는 허위 제출
• 채용 과정에서 본인 확인이 불가능한 경우
• 채용검진 결과 업무 수행에 부적합하다고 판단되는 경우
• 해외여행 및 근무에 결격사유가 있는 경우
• 기타 회사 또는 기관의 인사규정상 채용이 불가능한 경우",서류전형 > 필기전형 > 면접전형 > 최종합격
805,영업관리 운영 매니저,21,81,20260717,20260822,15,신입·경력,정규직,경기도,학력무관,"종합병원 운영조직에서 영업 조직의 실적과 운영 체계를 관리하는 포지션을(를) 맡을 영업관리를 모집합니다.

이번 포지션은 목표관리, 실적분석, forecast, 정책, 회의을 중심으로 운영 현장의 품질과 일정, 고객 경험을 함께 관리하는 역할입니다.

데이터와 현장 감각을 함께 활용해 반복 업무를 효율화하는 역할입니다.

유관 부서 및 외부 파트너와 업무 기준을 공유하고, 이슈 발생 시 원인을 정리해 재발 방지 방안을 실행합니다.

초기에는 담당 업무의 프로세스와 시스템을 익히고, 이후에는 담당 영역의 지표 개선과 운영 표준화까지 주도하게 됩니다.","• 목표관리, 실적분석, forecast, 정책, 회의 및 일일 운영 현황 관리
• 업무 일정·실적·품질 지표 점검 및 보고
• 관련 시스템과 문서의 정확한 입력·관리
• 고객·협력사·유관 부서 문의 대응 및 이슈 조율
• 업무 절차 개선과 운영 리스크 사전 점검
• 주요 이슈 원인 분석 및 후속 조치 관리
• 정기 회의 자료 작성과 진행 현황 공유
• 현장 안전·보안·개인정보 보호 기준 준수","• 영업관리 및 데이터 분석 역량 관련 기본 지식 또는 실무 경험을 보유한 분
• 필수 자격·면허: 유통관리사 2급 보유자 또는 입사 전 취득 가능한 분
• 맡은 업무를 정확하게 기록하고 마감까지 책임질 수 있는 분
• 문서작성, 이메일, 스프레드시트 등 기본 업무도구 활용이 가능한 분
• 고객 및 유관 부서와 원활하게 소통하고 요청사항을 정리할 수 있는 분
• 예상하지 못한 상황에서도 우선순위를 판단해 대응할 수 있는 분
• 업무상 취급하는 자료와 고객 정보를 안전하게 관리할 수 있는 분
• 직무 관련 교육을 꾸준히 이수하며 전문성을 높일 분","• 영업관리 또는 유사 직무 경력 보유자
• 직무 관련 자격·면허 보유자: 유통관리사 2급
• 직무 관련 자격·면허 보유자: ERP정보관리사 회계 1급
• ERP, WMS, CRM, POS 등 직무 관련 시스템 사용 경험자
• 수치와 데이터를 활용한 실적 분석 경험자
• 다양한 이해관계자와 협업해 문제를 해결한 경험자
• 외국어 또는 관련 법규·안전 기준을 활용할 수 있는 분","• 지원서 및 제출서류의 허위기재 또는 허위 제출
• 채용 과정에서 본인 확인이 불가능한 경우
• 채용검진 결과 업무 수행에 부적합하다고 판단되는 경우
• 해외여행 및 근무에 결격사유가 있는 경우
• 기타 회사 또는 기관의 인사규정상 채용이 불가능한 경우",서류전형 > 실무면접 > 최종면접
806,영업관리 전문 인력,40,81,20260803,20260915,6,경력 2년 이상,계약직,충청남도,전문학사 이상,"대학 산학협력단에서 영업 조직의 실적과 운영 체계를 관리하는 포지션을(를) 맡을 영업관리를 모집합니다.

이번 포지션은 목표관리, 실적분석, forecast, 정책, 회의을 중심으로 운영 현장의 품질과 일정, 고객 경험을 함께 관리하는 역할입니다.

정해진 절차를 지키되 상황에 맞게 유연하게 대응하는 실무자를 모집합니다.

유관 부서 및 외부 파트너와 업무 기준을 공유하고, 이슈 발생 시 원인을 정리해 재발 방지 방안을 실행합니다.

초기에는 담당 업무의 프로세스와 시스템을 익히고, 이후에는 담당 영역의 지표 개선과 운영 표준화까지 주도하게 됩니다.","• 목표관리, 실적분석, forecast, 정책, 회의 및 일일 운영 현황 관리
• 업무 일정·실적·품질 지표 점검 및 보고
• 관련 시스템과 문서의 정확한 입력·관리
• 고객·협력사·유관 부서 문의 대응 및 이슈 조율
• 업무 절차 개선과 운영 리스크 사전 점검
• 주요 이슈 원인 분석 및 후속 조치 관리
• 정기 회의 자료 작성과 진행 현황 공유
• 업무 매뉴얼 정비와 신규 구성원 온보딩 지원","• 영업관리 및 데이터 분석 역량 관련 기본 지식 또는 실무 경험을 보유한 분
• 필수 자격·면허: 유통관리사 2급 보유자 또는 입사 전 취득 가능한 분
• 맡은 업무를 정확하게 기록하고 마감까지 책임질 수 있는 분
• 문서작성, 이메일, 스프레드시트 등 기본 업무도구 활용이 가능한 분
• 고객 및 유관 부서와 원활하게 소통하고 요청사항을 정리할 수 있는 분
• 예상하지 못한 상황에서도 우선순위를 판단해 대응할 수 있는 분
• 업무상 취급하는 자료와 고객 정보를 안전하게 관리할 수 있는 분
• 교대·주말·현장 근무가 포함될 수 있는 일정에 대응 가능한 분","• 영업관리 또는 유사 직무 경력 보유자
• 직무 관련 자격·면허 보유자: 유통관리사 2급
• 직무 관련 자격·면허 보유자: ERP정보관리사 회계 1급
• ERP, WMS, CRM, POS 등 직무 관련 시스템 사용 경험자
• 수치와 데이터를 활용한 실적 분석 경험자
• 다양한 이해관계자와 협업해 문제를 해결한 경험자
• 신규 프로세스 구축이나 업무 자동화 경험자","• 지원서 및 제출서류의 허위기재 또는 허위 제출
• 채용 과정에서 본인 확인이 불가능한 경우
• 채용검진 결과 업무 수행에 부적합하다고 판단되는 경우
• 해외여행 및 근무에 결격사유가 있는 경우
• 기타 회사 또는 기관의 인사규정상 채용이 불가능한 경우",서류전형 > 인성검사 > 실무면접 > 최종면접
807,영업관리 경력 채용,6,81,20260820,20260903,17,경력 3년 이상,무기계약직,경상북도,학사 이상,"기업 부설 연구소에서 영업 조직의 실적과 운영 체계를 관리하는 포지션을(를) 맡을 영업관리를 모집합니다.

이번 포지션은 목표관리, 실적분석, forecast, 정책, 회의을 중심으로 운영 현장의 품질과 일정, 고객 경험을 함께 관리하는 역할입니다.

부서 간 원활한 소통으로 일정과 품질을 안정적으로 관리하는 직무입니다.

유관 부서 및 외부 파트너와 업무 기준을 공유하고, 이슈 발생 시 원인을 정리해 재발 방지 방안을 실행합니다.

초기에는 담당 업무의 프로세스와 시스템을 익히고, 이후에는 담당 영역의 지표 개선과 운영 표준화까지 주도하게 됩니다.","• 목표관리, 실적분석, forecast, 정책, 회의 및 일일 운영 현황 관리
• 업무 일정·실적·품질 지표 점검 및 보고
• 관련 시스템과 문서의 정확한 입력·관리
• 고객·협력사·유관 부서 문의 대응 및 이슈 조율
• 업무 절차 개선과 운영 리스크 사전 점검
• 주요 이슈 원인 분석 및 후속 조치 관리
• 정기 회의 자료 작성과 진행 현황 공유
• 현장 안전·보안·개인정보 보호 기준 준수","• 영업관리 및 데이터 분석 역량 관련 기본 지식 또는 실무 경험을 보유한 분
• 필수 자격·면허: 유통관리사 2급 보유자 또는 입사 전 취득 가능한 분
• 맡은 업무를 정확하게 기록하고 마감까지 책임질 수 있는 분
• 문서작성, 이메일, 스프레드시트 등 기본 업무도구 활용이 가능한 분
• 고객 및 유관 부서와 원활하게 소통하고 요청사항을 정리할 수 있는 분
• 예상하지 못한 상황에서도 우선순위를 판단해 대응할 수 있는 분
• 업무상 취급하는 자료와 고객 정보를 안전하게 관리할 수 있는 분
• 직무 관련 교육을 꾸준히 이수하며 전문성을 높일 분","• 영업관리 또는 유사 직무 경력 보유자
• 직무 관련 자격·면허 보유자: 유통관리사 2급
• 직무 관련 자격·면허 보유자: ERP정보관리사 회계 1급
• ERP, WMS, CRM, POS 등 직무 관련 시스템 사용 경험자
• 수치와 데이터를 활용한 실적 분석 경험자
• 다양한 이해관계자와 협업해 문제를 해결한 경험자
• 외국어 또는 관련 법규·안전 기준을 활용할 수 있는 분","• 지원서 및 제출서류의 허위기재 또는 허위 제출
• 채용 과정에서 본인 확인이 불가능한 경우
• 채용검진 결과 업무 수행에 부적합하다고 판단되는 경우
• 해외여행 및 근무에 결격사유가 있는 경우
• 기타 회사 또는 기관의 인사규정상 채용이 불가능한 경우",서류전형 > 직무과제 > 실무면접 > 최종합격
808,영업관리 현장 책임자,105,81,20260906,20260927,8,경력 5년 이상,기간제,서울특별시,석사 이상,"전문 협회에서 영업 조직의 실적과 운영 체계를 관리하는 포지션을(를) 맡을 영업관리를 모집합니다.

이번 포지션은 목표관리, 실적분석, forecast, 정책, 회의을 중심으로 운영 현장의 품질과 일정, 고객 경험을 함께 관리하는 역할입니다.

서비스 품질과 안전을 우선하며 꾸준히 전문성을 쌓을 수 있는 포지션입니다.

유관 부서 및 외부 파트너와 업무 기준을 공유하고, 이슈 발생 시 원인을 정리해 재발 방지 방안을 실행합니다.

초기에는 담당 업무의 프로세스와 시스템을 익히고, 이후에는 담당 영역의 지표 개선과 운영 표준화까지 주도하게 됩니다.","• 목표관리, 실적분석, forecast, 정책, 회의 및 일일 운영 현황 관리
• 업무 일정·실적·품질 지표 점검 및 보고
• 관련 시스템과 문서의 정확한 입력·관리
• 고객·협력사·유관 부서 문의 대응 및 이슈 조율
• 업무 절차 개선과 운영 리스크 사전 점검
• 주요 이슈 원인 분석 및 후속 조치 관리
• 정기 회의 자료 작성과 진행 현황 공유
• 업무 매뉴얼 정비와 신규 구성원 온보딩 지원","• 영업관리 및 데이터 분석 역량 관련 기본 지식 또는 실무 경험을 보유한 분
• 필수 자격·면허: 유통관리사 2급 보유자 또는 입사 전 취득 가능한 분
• 맡은 업무를 정확하게 기록하고 마감까지 책임질 수 있는 분
• 문서작성, 이메일, 스프레드시트 등 기본 업무도구 활용이 가능한 분
• 고객 및 유관 부서와 원활하게 소통하고 요청사항을 정리할 수 있는 분
• 예상하지 못한 상황에서도 우선순위를 판단해 대응할 수 있는 분
• 업무상 취급하는 자료와 고객 정보를 안전하게 관리할 수 있는 분
• 직무 관련 교육을 꾸준히 이수하며 전문성을 높일 분","• 영업관리 또는 유사 직무 경력 보유자
• 직무 관련 자격·면허 보유자: 유통관리사 2급
• 직무 관련 자격·면허 보유자: ERP정보관리사 회계 1급
• ERP, WMS, CRM, POS 등 직무 관련 시스템 사용 경험자
• 수치와 데이터를 활용한 실적 분석 경험자
• 다양한 이해관계자와 협업해 문제를 해결한 경험자
• 신규 프로세스 구축이나 업무 자동화 경험자","• 지원서 및 제출서류의 허위기재 또는 허위 제출
• 채용 과정에서 본인 확인이 불가능한 경우
• 채용검진 결과 업무 수행에 부적합하다고 판단되는 경우
• 해외여행 및 근무에 결격사유가 있는 경우
• 기타 회사 또는 기관의 인사규정상 채용이 불가능한 경우",서류전형 > 1차면접 > 2차면접 > 채용검진
809,영업관리 서비스 담당,156,81,20260923,20261021,19,경력 무관,정규직,대전광역시,박사 이상,"공공서비스 운영기관에서 영업 조직의 실적과 운영 체계를 관리하는 포지션을(를) 맡을 영업관리를 모집합니다.

이번 포지션은 목표관리, 실적분석, forecast, 정책, 회의을 중심으로 운영 현장의 품질과 일정, 고객 경험을 함께 관리하는 역할입니다.

기본기를 바탕으로 새로운 업무를 빠르게 익히고 실행할 분을 모십니다.

유관 부서 및 외부 파트너와 업무 기준을 공유하고, 이슈 발생 시 원인을 정리해 재발 방지 방안을 실행합니다.

초기에는 담당 업무의 프로세스와 시스템을 익히고, 이후에는 담당 영역의 지표 개선과 운영 표준화까지 주도하게 됩니다.","• 목표관리, 실적분석, forecast, 정책, 회의 및 일일 운영 현황 관리
• 업무 일정·실적·품질 지표 점검 및 보고
• 관련 시스템과 문서의 정확한 입력·관리
• 고객·협력사·유관 부서 문의 대응 및 이슈 조율
• 업무 절차 개선과 운영 리스크 사전 점검
• 주요 이슈 원인 분석 및 후속 조치 관리
• 정기 회의 자료 작성과 진행 현황 공유
• 현장 안전·보안·개인정보 보호 기준 준수","• 영업관리 및 데이터 분석 역량 관련 기본 지식 또는 실무 경험을 보유한 분
• 필수 자격·면허: 유통관리사 2급 보유자 또는 입사 전 취득 가능한 분
• 맡은 업무를 정확하게 기록하고 마감까지 책임질 수 있는 분
• 문서작성, 이메일, 스프레드시트 등 기본 업무도구 활용이 가능한 분
• 고객 및 유관 부서와 원활하게 소통하고 요청사항을 정리할 수 있는 분
• 예상하지 못한 상황에서도 우선순위를 판단해 대응할 수 있는 분
• 업무상 취급하는 자료와 고객 정보를 안전하게 관리할 수 있는 분
• 교대·주말·현장 근무가 포함될 수 있는 일정에 대응 가능한 분","• 영업관리 또는 유사 직무 경력 보유자
• 직무 관련 자격·면허 보유자: 유통관리사 2급
• 직무 관련 자격·면허 보유자: ERP정보관리사 회계 1급
• ERP, WMS, CRM, POS 등 직무 관련 시스템 사용 경험자
• 수치와 데이터를 활용한 실적 분석 경험자
• 다양한 이해관계자와 협업해 문제를 해결한 경험자
• 외국어 또는 관련 법규·안전 기준을 활용할 수 있는 분","• 지원서 및 제출서류의 허위기재 또는 허위 제출
• 채용 과정에서 본인 확인이 불가능한 경우
• 채용검진 결과 업무 수행에 부적합하다고 판단되는 경우
• 해외여행 및 근무에 결격사유가 있는 경우
• 기타 회사 또는 기관의 인사규정상 채용이 불가능한 경우",서류전형 > 필기전형 > 면접전형 > 최종합격
810,영업관리 담당자,11,81,20261010,20261114,10,신입,계약직,세종특별자치시,학력무관,"대기업 사업부에서 영업 조직의 실적과 운영 체계를 관리하는 포지션을(를) 맡을 영업관리를 모집합니다.

이번 포지션은 목표관리, 실적분석, forecast, 정책, 회의을 중심으로 운영 현장의 품질과 일정, 고객 경험을 함께 관리하는 역할입니다.

성과와 고객 만족을 함께 고려하며 실질적인 변화를 만드는 역할입니다.

유관 부서 및 외부 파트너와 업무 기준을 공유하고, 이슈 발생 시 원인을 정리해 재발 방지 방안을 실행합니다.

초기에는 담당 업무의 프로세스와 시스템을 익히고, 이후에는 담당 영역의 지표 개선과 운영 표준화까지 주도하게 됩니다.","• 목표관리, 실적분석, forecast, 정책, 회의 및 일일 운영 현황 관리
• 업무 일정·실적·품질 지표 점검 및 보고
• 관련 시스템과 문서의 정확한 입력·관리
• 고객·협력사·유관 부서 문의 대응 및 이슈 조율
• 업무 절차 개선과 운영 리스크 사전 점검
• 주요 이슈 원인 분석 및 후속 조치 관리
• 정기 회의 자료 작성과 진행 현황 공유
• 업무 매뉴얼 정비와 신규 구성원 온보딩 지원","• 영업관리 및 데이터 분석 역량 관련 기본 지식 또는 실무 경험을 보유한 분
• 필수 자격·면허: 유통관리사 2급 보유자 또는 입사 전 취득 가능한 분
• 맡은 업무를 정확하게 기록하고 마감까지 책임질 수 있는 분
• 문서작성, 이메일, 스프레드시트 등 기본 업무도구 활용이 가능한 분
• 고객 및 유관 부서와 원활하게 소통하고 요청사항을 정리할 수 있는 분
• 예상하지 못한 상황에서도 우선순위를 판단해 대응할 수 있는 분
• 업무상 취급하는 자료와 고객 정보를 안전하게 관리할 수 있는 분
• 직무 관련 교육을 꾸준히 이수하며 전문성을 높일 분","• 영업관리 또는 유사 직무 경력 보유자
• 직무 관련 자격·면허 보유자: 유통관리사 2급
• 직무 관련 자격·면허 보유자: ERP정보관리사 회계 1급
• ERP, WMS, CRM, POS 등 직무 관련 시스템 사용 경험자
• 수치와 데이터를 활용한 실적 분석 경험자
• 다양한 이해관계자와 협업해 문제를 해결한 경험자
• 신규 프로세스 구축이나 업무 자동화 경험자","• 지원서 및 제출서류의 허위기재 또는 허위 제출
• 채용 과정에서 본인 확인이 불가능한 경우
• 채용검진 결과 업무 수행에 부적합하다고 판단되는 경우
• 해외여행 및 근무에 결격사유가 있는 경우
• 기타 회사 또는 기관의 인사규정상 채용이 불가능한 경우",서류전형 > 실무면접 > 최종면접
811,영업지원 운영 매니저,97,82,20261027,20261208,1,신입·경력,무기계약직,충청남도,학사 이상,"중견 제조기업에서 영업 활동이 원활하게 진행되도록 사무를 지원하는 포지션을(를) 맡을 영업지원를 모집합니다.

이번 포지션은 견적서, 계약서, 주문, 매출, 고객자료을 중심으로 운영 현장의 품질과 일정, 고객 경험을 함께 관리하는 역할입니다.

정확한 실행력과 협업을 바탕으로 안정적인 운영을 함께 만들어 갈 분을 찾습니다.

유관 부서 및 외부 파트너와 업무 기준을 공유하고, 이슈 발생 시 원인을 정리해 재발 방지 방안을 실행합니다.

초기에는 담당 업무의 프로세스와 시스템을 익히고, 이후에는 담당 영역의 지표 개선과 운영 표준화까지 주도하게 됩니다.","• 견적서, 계약서, 주문, 매출, 고객자료 및 일일 운영 현황 관리
• 업무 일정·실적·품질 지표 점검 및 보고
• 관련 시스템과 문서의 정확한 입력·관리
• 고객·협력사·유관 부서 문의 대응 및 이슈 조율
• 업무 절차 개선과 운영 리스크 사전 점검
• 주요 이슈 원인 분석 및 후속 조치 관리
• 정기 회의 자료 작성과 진행 현황 공유
• 현장 안전·보안·개인정보 보호 기준 준수","• 문서작성과 엑셀 활용 능력 관련 기본 지식 또는 실무 경험을 보유한 분
• 필수 자격·면허: 워드프로세서 보유자 또는 입사 전 취득 가능한 분
• 맡은 업무를 정확하게 기록하고 마감까지 책임질 수 있는 분
• 문서작성, 이메일, 스프레드시트 등 기본 업무도구 활용이 가능한 분
• 고객 및 유관 부서와 원활하게 소통하고 요청사항을 정리할 수 있는 분
• 예상하지 못한 상황에서도 우선순위를 판단해 대응할 수 있는 분
• 업무상 취급하는 자료와 고객 정보를 안전하게 관리할 수 있는 분
• 직무 관련 교육을 꾸준히 이수하며 전문성을 높일 분","• 영업지원 또는 유사 직무 경력 보유자
• 직무 관련 자격·면허 보유자: 워드프로세서
• 직무 관련 자격·면허 보유자: 컴퓨터활용능력 1급
• ERP, WMS, CRM, POS 등 직무 관련 시스템 사용 경험자
• 수치와 데이터를 활용한 실적 분석 경험자
• 다양한 이해관계자와 협업해 문제를 해결한 경험자
• 외국어 또는 관련 법규·안전 기준을 활용할 수 있는 분","• 지원서 및 제출서류의 허위기재 또는 허위 제출
• 채용 과정에서 본인 확인이 불가능한 경우
• 채용검진 결과 업무 수행에 부적합하다고 판단되는 경우
• 해외여행 및 근무에 결격사유가 있는 경우
• 기타 회사 또는 기관의 인사규정상 채용이 불가능한 경우",서류전형 > 직무과제 > 실무면접 > 최종합격
812,영업지원 전문 인력,2,82,20261113,20261126,12,경력 2년 이상,기간제,경상북도,석사 이상,"전문 중소기업에서 영업 활동이 원활하게 진행되도록 사무를 지원하는 포지션을(를) 맡을 영업지원를 모집합니다.

이번 포지션은 견적서, 계약서, 주문, 매출, 고객자료을 중심으로 운영 현장의 품질과 일정, 고객 경험을 함께 관리하는 역할입니다.

현장과 유관 부서의 요구를 연결하며 업무 품질을 높이는 역할입니다.

유관 부서 및 외부 파트너와 업무 기준을 공유하고, 이슈 발생 시 원인을 정리해 재발 방지 방안을 실행합니다.

초기에는 담당 업무의 프로세스와 시스템을 익히고, 이후에는 담당 영역의 지표 개선과 운영 표준화까지 주도하게 됩니다.","• 견적서, 계약서, 주문, 매출, 고객자료 및 일일 운영 현황 관리
• 업무 일정·실적·품질 지표 점검 및 보고
• 관련 시스템과 문서의 정확한 입력·관리
• 고객·협력사·유관 부서 문의 대응 및 이슈 조율
• 업무 절차 개선과 운영 리스크 사전 점검
• 주요 이슈 원인 분석 및 후속 조치 관리
• 정기 회의 자료 작성과 진행 현황 공유
• 업무 매뉴얼 정비와 신규 구성원 온보딩 지원","• 문서작성과 엑셀 활용 능력 관련 기본 지식 또는 실무 경험을 보유한 분
• 필수 자격·면허: 워드프로세서 보유자 또는 입사 전 취득 가능한 분
• 맡은 업무를 정확하게 기록하고 마감까지 책임질 수 있는 분
• 문서작성, 이메일, 스프레드시트 등 기본 업무도구 활용이 가능한 분
• 고객 및 유관 부서와 원활하게 소통하고 요청사항을 정리할 수 있는 분
• 예상하지 못한 상황에서도 우선순위를 판단해 대응할 수 있는 분
• 업무상 취급하는 자료와 고객 정보를 안전하게 관리할 수 있는 분
• 교대·주말·현장 근무가 포함될 수 있는 일정에 대응 가능한 분","• 영업지원 또는 유사 직무 경력 보유자
• 직무 관련 자격·면허 보유자: 워드프로세서
• 직무 관련 자격·면허 보유자: 컴퓨터활용능력 1급
• ERP, WMS, CRM, POS 등 직무 관련 시스템 사용 경험자
• 수치와 데이터를 활용한 실적 분석 경험자
• 다양한 이해관계자와 협업해 문제를 해결한 경험자
• 신규 프로세스 구축이나 업무 자동화 경험자","• 지원서 및 제출서류의 허위기재 또는 허위 제출
• 채용 과정에서 본인 확인이 불가능한 경우
• 채용검진 결과 업무 수행에 부적합하다고 판단되는 경우
• 해외여행 및 근무에 결격사유가 있는 경우
• 기타 회사 또는 기관의 인사규정상 채용이 불가능한 경우",서류전형 > 1차면접 > 2차면접 > 채용검진
813,영업지원 경력 채용,44,82,20261130,20261220,3,경력 3년 이상,정규직,서울특별시,박사 이상,"성장 단계 스타트업에서 영업 활동이 원활하게 진행되도록 사무를 지원하는 포지션을(를) 맡을 영업지원를 모집합니다.

이번 포지션은 견적서, 계약서, 주문, 매출, 고객자료을 중심으로 운영 현장의 품질과 일정, 고객 경험을 함께 관리하는 역할입니다.

업무 기준을 준수하면서도 개선점을 주도적으로 제안할 수 있는 분을 기다립니다.

유관 부서 및 외부 파트너와 업무 기준을 공유하고, 이슈 발생 시 원인을 정리해 재발 방지 방안을 실행합니다.

초기에는 담당 업무의 프로세스와 시스템을 익히고, 이후에는 담당 영역의 지표 개선과 운영 표준화까지 주도하게 됩니다.","• 견적서, 계약서, 주문, 매출, 고객자료 및 일일 운영 현황 관리
• 업무 일정·실적·품질 지표 점검 및 보고
• 관련 시스템과 문서의 정확한 입력·관리
• 고객·협력사·유관 부서 문의 대응 및 이슈 조율
• 업무 절차 개선과 운영 리스크 사전 점검
• 주요 이슈 원인 분석 및 후속 조치 관리
• 정기 회의 자료 작성과 진행 현황 공유
• 현장 안전·보안·개인정보 보호 기준 준수","• 문서작성과 엑셀 활용 능력 관련 기본 지식 또는 실무 경험을 보유한 분
• 필수 자격·면허: 워드프로세서 보유자 또는 입사 전 취득 가능한 분
• 맡은 업무를 정확하게 기록하고 마감까지 책임질 수 있는 분
• 문서작성, 이메일, 스프레드시트 등 기본 업무도구 활용이 가능한 분
• 고객 및 유관 부서와 원활하게 소통하고 요청사항을 정리할 수 있는 분
• 예상하지 못한 상황에서도 우선순위를 판단해 대응할 수 있는 분
• 업무상 취급하는 자료와 고객 정보를 안전하게 관리할 수 있는 분
• 직무 관련 교육을 꾸준히 이수하며 전문성을 높일 분","• 영업지원 또는 유사 직무 경력 보유자
• 직무 관련 자격·면허 보유자: 워드프로세서
• 직무 관련 자격·면허 보유자: 컴퓨터활용능력 1급
• ERP, WMS, CRM, POS 등 직무 관련 시스템 사용 경험자
• 수치와 데이터를 활용한 실적 분석 경험자
• 다양한 이해관계자와 협업해 문제를 해결한 경험자
• 외국어 또는 관련 법규·안전 기준을 활용할 수 있는 분","• 지원서 및 제출서류의 허위기재 또는 허위 제출
• 채용 과정에서 본인 확인이 불가능한 경우
• 채용검진 결과 업무 수행에 부적합하다고 판단되는 경우
• 해외여행 및 근무에 결격사유가 있는 경우
• 기타 회사 또는 기관의 인사규정상 채용이 불가능한 경우",서류전형 > 필기전형 > 면접전형 > 최종합격
814,영업지원 현장 책임자,100,82,20260106,20260202,14,경력 5년 이상,계약직,대전광역시,학력무관,"종합병원 운영조직에서 영업 활동이 원활하게 진행되도록 사무를 지원하는 포지션을(를) 맡을 영업지원를 모집합니다.

이번 포지션은 견적서, 계약서, 주문, 매출, 고객자료을 중심으로 운영 현장의 품질과 일정, 고객 경험을 함께 관리하는 역할입니다.

고객과 동료에게 신뢰를 주는 태도로 맡은 업무를 끝까지 책임지는 포지션입니다.

유관 부서 및 외부 파트너와 업무 기준을 공유하고, 이슈 발생 시 원인을 정리해 재발 방지 방안을 실행합니다.

초기에는 담당 업무의 프로세스와 시스템을 익히고, 이후에는 담당 영역의 지표 개선과 운영 표준화까지 주도하게 됩니다.","• 견적서, 계약서, 주문, 매출, 고객자료 및 일일 운영 현황 관리
• 업무 일정·실적·품질 지표 점검 및 보고
• 관련 시스템과 문서의 정확한 입력·관리
• 고객·협력사·유관 부서 문의 대응 및 이슈 조율
• 업무 절차 개선과 운영 리스크 사전 점검
• 주요 이슈 원인 분석 및 후속 조치 관리
• 정기 회의 자료 작성과 진행 현황 공유
• 업무 매뉴얼 정비와 신규 구성원 온보딩 지원","• 문서작성과 엑셀 활용 능력 관련 기본 지식 또는 실무 경험을 보유한 분
• 필수 자격·면허: 워드프로세서 보유자 또는 입사 전 취득 가능한 분
• 맡은 업무를 정확하게 기록하고 마감까지 책임질 수 있는 분
• 문서작성, 이메일, 스프레드시트 등 기본 업무도구 활용이 가능한 분
• 고객 및 유관 부서와 원활하게 소통하고 요청사항을 정리할 수 있는 분
• 예상하지 못한 상황에서도 우선순위를 판단해 대응할 수 있는 분
• 업무상 취급하는 자료와 고객 정보를 안전하게 관리할 수 있는 분
• 직무 관련 교육을 꾸준히 이수하며 전문성을 높일 분","• 영업지원 또는 유사 직무 경력 보유자
• 직무 관련 자격·면허 보유자: 워드프로세서
• 직무 관련 자격·면허 보유자: 컴퓨터활용능력 1급
• ERP, WMS, CRM, POS 등 직무 관련 시스템 사용 경험자
• 수치와 데이터를 활용한 실적 분석 경험자
• 다양한 이해관계자와 협업해 문제를 해결한 경험자
• 신규 프로세스 구축이나 업무 자동화 경험자","• 지원서 및 제출서류의 허위기재 또는 허위 제출
• 채용 과정에서 본인 확인이 불가능한 경우
• 채용검진 결과 업무 수행에 부적합하다고 판단되는 경우
• 해외여행 및 근무에 결격사유가 있는 경우
• 기타 회사 또는 기관의 인사규정상 채용이 불가능한 경우",서류전형 > 실무면접 > 최종면접
815,영업지원 서비스 담당,54,82,20260123,20260226,5,경력 무관,무기계약직,세종특별자치시,전문학사 이상,"대학 산학협력단에서 영업 활동이 원활하게 진행되도록 사무를 지원하는 포지션을(를) 맡을 영업지원를 모집합니다.

이번 포지션은 견적서, 계약서, 주문, 매출, 고객자료을 중심으로 운영 현장의 품질과 일정, 고객 경험을 함께 관리하는 역할입니다.

데이터와 현장 감각을 함께 활용해 반복 업무를 효율화하는 역할입니다.

유관 부서 및 외부 파트너와 업무 기준을 공유하고, 이슈 발생 시 원인을 정리해 재발 방지 방안을 실행합니다.

초기에는 담당 업무의 프로세스와 시스템을 익히고, 이후에는 담당 영역의 지표 개선과 운영 표준화까지 주도하게 됩니다.","• 견적서, 계약서, 주문, 매출, 고객자료 및 일일 운영 현황 관리
• 업무 일정·실적·품질 지표 점검 및 보고
• 관련 시스템과 문서의 정확한 입력·관리
• 고객·협력사·유관 부서 문의 대응 및 이슈 조율
• 업무 절차 개선과 운영 리스크 사전 점검
• 주요 이슈 원인 분석 및 후속 조치 관리
• 정기 회의 자료 작성과 진행 현황 공유
• 현장 안전·보안·개인정보 보호 기준 준수","• 문서작성과 엑셀 활용 능력 관련 기본 지식 또는 실무 경험을 보유한 분
• 필수 자격·면허: 워드프로세서 보유자 또는 입사 전 취득 가능한 분
• 맡은 업무를 정확하게 기록하고 마감까지 책임질 수 있는 분
• 문서작성, 이메일, 스프레드시트 등 기본 업무도구 활용이 가능한 분
• 고객 및 유관 부서와 원활하게 소통하고 요청사항을 정리할 수 있는 분
• 예상하지 못한 상황에서도 우선순위를 판단해 대응할 수 있는 분
• 업무상 취급하는 자료와 고객 정보를 안전하게 관리할 수 있는 분
• 교대·주말·현장 근무가 포함될 수 있는 일정에 대응 가능한 분","• 영업지원 또는 유사 직무 경력 보유자
• 직무 관련 자격·면허 보유자: 워드프로세서
• 직무 관련 자격·면허 보유자: 컴퓨터활용능력 1급
• ERP, WMS, CRM, POS 등 직무 관련 시스템 사용 경험자
• 수치와 데이터를 활용한 실적 분석 경험자
• 다양한 이해관계자와 협업해 문제를 해결한 경험자
• 외국어 또는 관련 법규·안전 기준을 활용할 수 있는 분","• 지원서 및 제출서류의 허위기재 또는 허위 제출
• 채용 과정에서 본인 확인이 불가능한 경우
• 채용검진 결과 업무 수행에 부적합하다고 판단되는 경우
• 해외여행 및 근무에 결격사유가 있는 경우
• 기타 회사 또는 기관의 인사규정상 채용이 불가능한 경우",서류전형 > 인성검사 > 실무면접 > 최종면접
816,영업지원 담당자,10,82,20260209,20260322,16,신입,기간제,충청북도,학사 이상,"기업 부설 연구소에서 영업 활동이 원활하게 진행되도록 사무를 지원하는 포지션을(를) 맡을 영업지원를 모집합니다.

이번 포지션은 견적서, 계약서, 주문, 매출, 고객자료을 중심으로 운영 현장의 품질과 일정, 고객 경험을 함께 관리하는 역할입니다.

정해진 절차를 지키되 상황에 맞게 유연하게 대응하는 실무자를 모집합니다.

유관 부서 및 외부 파트너와 업무 기준을 공유하고, 이슈 발생 시 원인을 정리해 재발 방지 방안을 실행합니다.

초기에는 담당 업무의 프로세스와 시스템을 익히고, 이후에는 담당 영역의 지표 개선과 운영 표준화까지 주도하게 됩니다.","• 견적서, 계약서, 주문, 매출, 고객자료 및 일일 운영 현황 관리
• 업무 일정·실적·품질 지표 점검 및 보고
• 관련 시스템과 문서의 정확한 입력·관리
• 고객·협력사·유관 부서 문의 대응 및 이슈 조율
• 업무 절차 개선과 운영 리스크 사전 점검
• 주요 이슈 원인 분석 및 후속 조치 관리
• 정기 회의 자료 작성과 진행 현황 공유
• 업무 매뉴얼 정비와 신규 구성원 온보딩 지원","• 문서작성과 엑셀 활용 능력 관련 기본 지식 또는 실무 경험을 보유한 분
• 필수 자격·면허: 워드프로세서 보유자 또는 입사 전 취득 가능한 분
• 맡은 업무를 정확하게 기록하고 마감까지 책임질 수 있는 분
• 문서작성, 이메일, 스프레드시트 등 기본 업무도구 활용이 가능한 분
• 고객 및 유관 부서와 원활하게 소통하고 요청사항을 정리할 수 있는 분
• 예상하지 못한 상황에서도 우선순위를 판단해 대응할 수 있는 분
• 업무상 취급하는 자료와 고객 정보를 안전하게 관리할 수 있는 분
• 직무 관련 교육을 꾸준히 이수하며 전문성을 높일 분","• 영업지원 또는 유사 직무 경력 보유자
• 직무 관련 자격·면허 보유자: 워드프로세서
• 직무 관련 자격·면허 보유자: 컴퓨터활용능력 1급
• ERP, WMS, CRM, POS 등 직무 관련 시스템 사용 경험자
• 수치와 데이터를 활용한 실적 분석 경험자
• 다양한 이해관계자와 협업해 문제를 해결한 경험자
• 신규 프로세스 구축이나 업무 자동화 경험자","• 지원서 및 제출서류의 허위기재 또는 허위 제출
• 채용 과정에서 본인 확인이 불가능한 경우
• 채용검진 결과 업무 수행에 부적합하다고 판단되는 경우
• 해외여행 및 근무에 결격사유가 있는 경우
• 기타 회사 또는 기관의 인사규정상 채용이 불가능한 경우",서류전형 > 직무과제 > 실무면접 > 최종합격
817,영업지원 실무자,15,82,20260226,20260310,7,경력,정규직,전라남도,석사 이상,"전문 협회에서 영업 활동이 원활하게 진행되도록 사무를 지원하는 포지션을(를) 맡을 영업지원를 모집합니다.

이번 포지션은 견적서, 계약서, 주문, 매출, 고객자료을 중심으로 운영 현장의 품질과 일정, 고객 경험을 함께 관리하는 역할입니다.

부서 간 원활한 소통으로 일정과 품질을 안정적으로 관리하는 직무입니다.

유관 부서 및 외부 파트너와 업무 기준을 공유하고, 이슈 발생 시 원인을 정리해 재발 방지 방안을 실행합니다.

초기에는 담당 업무의 프로세스와 시스템을 익히고, 이후에는 담당 영역의 지표 개선과 운영 표준화까지 주도하게 됩니다.","• 견적서, 계약서, 주문, 매출, 고객자료 및 일일 운영 현황 관리
• 업무 일정·실적·품질 지표 점검 및 보고
• 관련 시스템과 문서의 정확한 입력·관리
• 고객·협력사·유관 부서 문의 대응 및 이슈 조율
• 업무 절차 개선과 운영 리스크 사전 점검
• 주요 이슈 원인 분석 및 후속 조치 관리
• 정기 회의 자료 작성과 진행 현황 공유
• 현장 안전·보안·개인정보 보호 기준 준수","• 문서작성과 엑셀 활용 능력 관련 기본 지식 또는 실무 경험을 보유한 분
• 필수 자격·면허: 워드프로세서 보유자 또는 입사 전 취득 가능한 분
• 맡은 업무를 정확하게 기록하고 마감까지 책임질 수 있는 분
• 문서작성, 이메일, 스프레드시트 등 기본 업무도구 활용이 가능한 분
• 고객 및 유관 부서와 원활하게 소통하고 요청사항을 정리할 수 있는 분
• 예상하지 못한 상황에서도 우선순위를 판단해 대응할 수 있는 분
• 업무상 취급하는 자료와 고객 정보를 안전하게 관리할 수 있는 분
• 직무 관련 교육을 꾸준히 이수하며 전문성을 높일 분","• 영업지원 또는 유사 직무 경력 보유자
• 직무 관련 자격·면허 보유자: 워드프로세서
• 직무 관련 자격·면허 보유자: 컴퓨터활용능력 1급
• ERP, WMS, CRM, POS 등 직무 관련 시스템 사용 경험자
• 수치와 데이터를 활용한 실적 분석 경험자
• 다양한 이해관계자와 협업해 문제를 해결한 경험자
• 외국어 또는 관련 법규·안전 기준을 활용할 수 있는 분","• 지원서 및 제출서류의 허위기재 또는 허위 제출
• 채용 과정에서 본인 확인이 불가능한 경우
• 채용검진 결과 업무 수행에 부적합하다고 판단되는 경우
• 해외여행 및 근무에 결격사유가 있는 경우
• 기타 회사 또는 기관의 인사규정상 채용이 불가능한 경우",서류전형 > 1차면접 > 2차면접 > 채용검진
818,영업지원 운영 매니저,67,82,20260315,20260403,18,신입·경력,계약직,제주특별자치도,박사 이상,"공공서비스 운영기관에서 영업 활동이 원활하게 진행되도록 사무를 지원하는 포지션을(를) 맡을 영업지원를 모집합니다.

이번 포지션은 견적서, 계약서, 주문, 매출, 고객자료을 중심으로 운영 현장의 품질과 일정, 고객 경험을 함께 관리하는 역할입니다.

서비스 품질과 안전을 우선하며 꾸준히 전문성을 쌓을 수 있는 포지션입니다.

유관 부서 및 외부 파트너와 업무 기준을 공유하고, 이슈 발생 시 원인을 정리해 재발 방지 방안을 실행합니다.

초기에는 담당 업무의 프로세스와 시스템을 익히고, 이후에는 담당 영역의 지표 개선과 운영 표준화까지 주도하게 됩니다.","• 견적서, 계약서, 주문, 매출, 고객자료 및 일일 운영 현황 관리
• 업무 일정·실적·품질 지표 점검 및 보고
• 관련 시스템과 문서의 정확한 입력·관리
• 고객·협력사·유관 부서 문의 대응 및 이슈 조율
• 업무 절차 개선과 운영 리스크 사전 점검
• 주요 이슈 원인 분석 및 후속 조치 관리
• 정기 회의 자료 작성과 진행 현황 공유
• 업무 매뉴얼 정비와 신규 구성원 온보딩 지원","• 문서작성과 엑셀 활용 능력 관련 기본 지식 또는 실무 경험을 보유한 분
• 필수 자격·면허: 워드프로세서 보유자 또는 입사 전 취득 가능한 분
• 맡은 업무를 정확하게 기록하고 마감까지 책임질 수 있는 분
• 문서작성, 이메일, 스프레드시트 등 기본 업무도구 활용이 가능한 분
• 고객 및 유관 부서와 원활하게 소통하고 요청사항을 정리할 수 있는 분
• 예상하지 못한 상황에서도 우선순위를 판단해 대응할 수 있는 분
• 업무상 취급하는 자료와 고객 정보를 안전하게 관리할 수 있는 분
• 교대·주말·현장 근무가 포함될 수 있는 일정에 대응 가능한 분","• 영업지원 또는 유사 직무 경력 보유자
• 직무 관련 자격·면허 보유자: 워드프로세서
• 직무 관련 자격·면허 보유자: 컴퓨터활용능력 1급
• ERP, WMS, CRM, POS 등 직무 관련 시스템 사용 경험자
• 수치와 데이터를 활용한 실적 분석 경험자
• 다양한 이해관계자와 협업해 문제를 해결한 경험자
• 신규 프로세스 구축이나 업무 자동화 경험자","• 지원서 및 제출서류의 허위기재 또는 허위 제출
• 채용 과정에서 본인 확인이 불가능한 경우
• 채용검진 결과 업무 수행에 부적합하다고 판단되는 경우
• 해외여행 및 근무에 결격사유가 있는 경우
• 기타 회사 또는 기관의 인사규정상 채용이 불가능한 경우",서류전형 > 필기전형 > 면접전형 > 최종합격
819,영업지원 전문 인력,24,82,20260401,20260427,9,경력 2년 이상,무기계약직,인천광역시,학력무관,"대기업 사업부에서 영업 활동이 원활하게 진행되도록 사무를 지원하는 포지션을(를) 맡을 영업지원를 모집합니다.

이번 포지션은 견적서, 계약서, 주문, 매출, 고객자료을 중심으로 운영 현장의 품질과 일정, 고객 경험을 함께 관리하는 역할입니다.

기본기를 바탕으로 새로운 업무를 빠르게 익히고 실행할 분을 모십니다.

유관 부서 및 외부 파트너와 업무 기준을 공유하고, 이슈 발생 시 원인을 정리해 재발 방지 방안을 실행합니다.

초기에는 담당 업무의 프로세스와 시스템을 익히고, 이후에는 담당 영역의 지표 개선과 운영 표준화까지 주도하게 됩니다.","• 견적서, 계약서, 주문, 매출, 고객자료 및 일일 운영 현황 관리
• 업무 일정·실적·품질 지표 점검 및 보고
• 관련 시스템과 문서의 정확한 입력·관리
• 고객·협력사·유관 부서 문의 대응 및 이슈 조율
• 업무 절차 개선과 운영 리스크 사전 점검
• 주요 이슈 원인 분석 및 후속 조치 관리
• 정기 회의 자료 작성과 진행 현황 공유
• 현장 안전·보안·개인정보 보호 기준 준수","• 문서작성과 엑셀 활용 능력 관련 기본 지식 또는 실무 경험을 보유한 분
• 필수 자격·면허: 워드프로세서 보유자 또는 입사 전 취득 가능한 분
• 맡은 업무를 정확하게 기록하고 마감까지 책임질 수 있는 분
• 문서작성, 이메일, 스프레드시트 등 기본 업무도구 활용이 가능한 분
• 고객 및 유관 부서와 원활하게 소통하고 요청사항을 정리할 수 있는 분
• 예상하지 못한 상황에서도 우선순위를 판단해 대응할 수 있는 분
• 업무상 취급하는 자료와 고객 정보를 안전하게 관리할 수 있는 분
• 직무 관련 교육을 꾸준히 이수하며 전문성을 높일 분","• 영업지원 또는 유사 직무 경력 보유자
• 직무 관련 자격·면허 보유자: 워드프로세서
• 직무 관련 자격·면허 보유자: 컴퓨터활용능력 1급
• ERP, WMS, CRM, POS 등 직무 관련 시스템 사용 경험자
• 수치와 데이터를 활용한 실적 분석 경험자
• 다양한 이해관계자와 협업해 문제를 해결한 경험자
• 외국어 또는 관련 법규·안전 기준을 활용할 수 있는 분","• 지원서 및 제출서류의 허위기재 또는 허위 제출
• 채용 과정에서 본인 확인이 불가능한 경우
• 채용검진 결과 업무 수행에 부적합하다고 판단되는 경우
• 해외여행 및 근무에 결격사유가 있는 경우
• 기타 회사 또는 기관의 인사규정상 채용이 불가능한 경우",서류전형 > 실무면접 > 최종면접
820,영업지원 경력 채용,122,82,20260418,20260521,20,경력 3년 이상,기간제,울산광역시,전문학사 이상,"중견 제조기업에서 영업 활동이 원활하게 진행되도록 사무를 지원하는 포지션을(를) 맡을 영업지원를 모집합니다.

이번 포지션은 견적서, 계약서, 주문, 매출, 고객자료을 중심으로 운영 현장의 품질과 일정, 고객 경험을 함께 관리하는 역할입니다.

성과와 고객 만족을 함께 고려하며 실질적인 변화를 만드는 역할입니다.

유관 부서 및 외부 파트너와 업무 기준을 공유하고, 이슈 발생 시 원인을 정리해 재발 방지 방안을 실행합니다.

초기에는 담당 업무의 프로세스와 시스템을 익히고, 이후에는 담당 영역의 지표 개선과 운영 표준화까지 주도하게 됩니다.","• 견적서, 계약서, 주문, 매출, 고객자료 및 일일 운영 현황 관리
• 업무 일정·실적·품질 지표 점검 및 보고
• 관련 시스템과 문서의 정확한 입력·관리
• 고객·협력사·유관 부서 문의 대응 및 이슈 조율
• 업무 절차 개선과 운영 리스크 사전 점검
• 주요 이슈 원인 분석 및 후속 조치 관리
• 정기 회의 자료 작성과 진행 현황 공유
• 업무 매뉴얼 정비와 신규 구성원 온보딩 지원","• 문서작성과 엑셀 활용 능력 관련 기본 지식 또는 실무 경험을 보유한 분
• 필수 자격·면허: 워드프로세서 보유자 또는 입사 전 취득 가능한 분
• 맡은 업무를 정확하게 기록하고 마감까지 책임질 수 있는 분
• 문서작성, 이메일, 스프레드시트 등 기본 업무도구 활용이 가능한 분
• 고객 및 유관 부서와 원활하게 소통하고 요청사항을 정리할 수 있는 분
• 예상하지 못한 상황에서도 우선순위를 판단해 대응할 수 있는 분
• 업무상 취급하는 자료와 고객 정보를 안전하게 관리할 수 있는 분
• 직무 관련 교육을 꾸준히 이수하며 전문성을 높일 분","• 영업지원 또는 유사 직무 경력 보유자
• 직무 관련 자격·면허 보유자: 워드프로세서
• 직무 관련 자격·면허 보유자: 컴퓨터활용능력 1급
• ERP, WMS, CRM, POS 등 직무 관련 시스템 사용 경험자
• 수치와 데이터를 활용한 실적 분석 경험자
• 다양한 이해관계자와 협업해 문제를 해결한 경험자
• 신규 프로세스 구축이나 업무 자동화 경험자","• 지원서 및 제출서류의 허위기재 또는 허위 제출
• 채용 과정에서 본인 확인이 불가능한 경우
• 채용검진 결과 업무 수행에 부적합하다고 판단되는 경우
• 해외여행 및 근무에 결격사유가 있는 경우
• 기타 회사 또는 기관의 인사규정상 채용이 불가능한 경우",서류전형 > 인성검사 > 실무면접 > 최종면접
821,인바운드상담원 서비스 담당,113,83,20260505,20260614,11,경력 무관,정규직,충청북도,석사 이상,"전문 중소기업에서 고객의 문의를 정확히 접수하고 해결하는 포지션을(를) 맡을 인바운드상담원를 모집합니다.

이번 포지션은 전화상담, 문의분류, 시스템접수, 안내, 이관을 중심으로 운영 현장의 품질과 일정, 고객 경험을 함께 관리하는 역할입니다.

정확한 실행력과 협업을 바탕으로 안정적인 운영을 함께 만들어 갈 분을 찾습니다.

유관 부서 및 외부 파트너와 업무 기준을 공유하고, 이슈 발생 시 원인을 정리해 재발 방지 방안을 실행합니다.

초기에는 담당 업무의 프로세스와 시스템을 익히고, 이후에는 담당 영역의 지표 개선과 운영 표준화까지 주도하게 됩니다.","• 전화상담, 문의분류, 시스템접수, 안내, 이관 및 일일 운영 현황 관리
• 업무 일정·실적·품질 지표 점검 및 보고
• 관련 시스템과 문서의 정확한 입력·관리
• 고객·협력사·유관 부서 문의 대응 및 이슈 조율
• 업무 절차 개선과 운영 리스크 사전 점검
• 주요 이슈 원인 분석 및 후속 조치 관리
• 정기 회의 자료 작성과 진행 현황 공유
• 현장 안전·보안·개인정보 보호 기준 준수","• 고객지향적 말하기와 기본 PC 활용 관련 기본 지식 또는 실무 경험을 보유한 분
• 필수 자격·면허: CS Leaders 관리사 보유자 또는 입사 전 취득 가능한 분
• 맡은 업무를 정확하게 기록하고 마감까지 책임질 수 있는 분
• 문서작성, 이메일, 스프레드시트 등 기본 업무도구 활용이 가능한 분
• 고객 및 유관 부서와 원활하게 소통하고 요청사항을 정리할 수 있는 분
• 예상하지 못한 상황에서도 우선순위를 판단해 대응할 수 있는 분
• 업무상 취급하는 자료와 고객 정보를 안전하게 관리할 수 있는 분
• 교대·주말·현장 근무가 포함될 수 있는 일정에 대응 가능한 분","• 인바운드상담원 또는 유사 직무 경력 보유자
• 직무 관련 자격·면허 보유자: CS Leaders 관리사
• 직무 관련 자격·면허 보유자: 텔레마케팅관리사
• ERP, WMS, CRM, POS 등 직무 관련 시스템 사용 경험자
• 수치와 데이터를 활용한 실적 분석 경험자
• 다양한 이해관계자와 협업해 문제를 해결한 경험자
• 외국어 또는 관련 법규·안전 기준을 활용할 수 있는 분","• 지원서 및 제출서류의 허위기재 또는 허위 제출
• 채용 과정에서 본인 확인이 불가능한 경우
• 채용검진 결과 업무 수행에 부적합하다고 판단되는 경우
• 해외여행 및 근무에 결격사유가 있는 경우
• 기타 회사 또는 기관의 인사규정상 채용이 불가능한 경우",서류전형 > 1차면접 > 2차면접 > 채용검진
822,인바운드상담원 담당자,74,83,20260522,20260602,2,신입,계약직,전라남도,박사 이상,"성장 단계 스타트업에서 고객의 문의를 정확히 접수하고 해결하는 포지션을(를) 맡을 인바운드상담원를 모집합니다.

이번 포지션은 전화상담, 문의분류, 시스템접수, 안내, 이관을 중심으로 운영 현장의 품질과 일정, 고객 경험을 함께 관리하는 역할입니다.

현장과 유관 부서의 요구를 연결하며 업무 품질을 높이는 역할입니다.

유관 부서 및 외부 파트너와 업무 기준을 공유하고, 이슈 발생 시 원인을 정리해 재발 방지 방안을 실행합니다.

초기에는 담당 업무의 프로세스와 시스템을 익히고, 이후에는 담당 영역의 지표 개선과 운영 표준화까지 주도하게 됩니다.","• 전화상담, 문의분류, 시스템접수, 안내, 이관 및 일일 운영 현황 관리
• 업무 일정·실적·품질 지표 점검 및 보고
• 관련 시스템과 문서의 정확한 입력·관리
• 고객·협력사·유관 부서 문의 대응 및 이슈 조율
• 업무 절차 개선과 운영 리스크 사전 점검
• 주요 이슈 원인 분석 및 후속 조치 관리
• 정기 회의 자료 작성과 진행 현황 공유
• 업무 매뉴얼 정비와 신규 구성원 온보딩 지원","• 고객지향적 말하기와 기본 PC 활용 관련 기본 지식 또는 실무 경험을 보유한 분
• 필수 자격·면허: CS Leaders 관리사 보유자 또는 입사 전 취득 가능한 분
• 맡은 업무를 정확하게 기록하고 마감까지 책임질 수 있는 분
• 문서작성, 이메일, 스프레드시트 등 기본 업무도구 활용이 가능한 분
• 고객 및 유관 부서와 원활하게 소통하고 요청사항을 정리할 수 있는 분
• 예상하지 못한 상황에서도 우선순위를 판단해 대응할 수 있는 분
• 업무상 취급하는 자료와 고객 정보를 안전하게 관리할 수 있는 분
• 직무 관련 교육을 꾸준히 이수하며 전문성을 높일 분","• 인바운드상담원 또는 유사 직무 경력 보유자
• 직무 관련 자격·면허 보유자: CS Leaders 관리사
• 직무 관련 자격·면허 보유자: 텔레마케팅관리사
• ERP, WMS, CRM, POS 등 직무 관련 시스템 사용 경험자
• 수치와 데이터를 활용한 실적 분석 경험자
• 다양한 이해관계자와 협업해 문제를 해결한 경험자
• 신규 프로세스 구축이나 업무 자동화 경험자","• 지원서 및 제출서류의 허위기재 또는 허위 제출
• 채용 과정에서 본인 확인이 불가능한 경우
• 채용검진 결과 업무 수행에 부적합하다고 판단되는 경우
• 해외여행 및 근무에 결격사유가 있는 경우
• 기타 회사 또는 기관의 인사규정상 채용이 불가능한 경우",서류전형 > 필기전형 > 면접전형 > 최종합격
823,인바운드상담원 실무자,86,83,20260608,20260626,13,경력,무기계약직,제주특별자치도,학력무관,"종합병원 운영조직에서 고객의 문의를 정확히 접수하고 해결하는 포지션을(를) 맡을 인바운드상담원를 모집합니다.

이번 포지션은 전화상담, 문의분류, 시스템접수, 안내, 이관을 중심으로 운영 현장의 품질과 일정, 고객 경험을 함께 관리하는 역할입니다.

업무 기준을 준수하면서도 개선점을 주도적으로 제안할 수 있는 분을 기다립니다.

유관 부서 및 외부 파트너와 업무 기준을 공유하고, 이슈 발생 시 원인을 정리해 재발 방지 방안을 실행합니다.

초기에는 담당 업무의 프로세스와 시스템을 익히고, 이후에는 담당 영역의 지표 개선과 운영 표준화까지 주도하게 됩니다.","• 전화상담, 문의분류, 시스템접수, 안내, 이관 및 일일 운영 현황 관리
• 업무 일정·실적·품질 지표 점검 및 보고
• 관련 시스템과 문서의 정확한 입력·관리
• 고객·협력사·유관 부서 문의 대응 및 이슈 조율
• 업무 절차 개선과 운영 리스크 사전 점검
• 주요 이슈 원인 분석 및 후속 조치 관리
• 정기 회의 자료 작성과 진행 현황 공유
• 현장 안전·보안·개인정보 보호 기준 준수","• 고객지향적 말하기와 기본 PC 활용 관련 기본 지식 또는 실무 경험을 보유한 분
• 필수 자격·면허: CS Leaders 관리사 보유자 또는 입사 전 취득 가능한 분
• 맡은 업무를 정확하게 기록하고 마감까지 책임질 수 있는 분
• 문서작성, 이메일, 스프레드시트 등 기본 업무도구 활용이 가능한 분
• 고객 및 유관 부서와 원활하게 소통하고 요청사항을 정리할 수 있는 분
• 예상하지 못한 상황에서도 우선순위를 판단해 대응할 수 있는 분
• 업무상 취급하는 자료와 고객 정보를 안전하게 관리할 수 있는 분
• 직무 관련 교육을 꾸준히 이수하며 전문성을 높일 분","• 인바운드상담원 또는 유사 직무 경력 보유자
• 직무 관련 자격·면허 보유자: CS Leaders 관리사
• 직무 관련 자격·면허 보유자: 텔레마케팅관리사
• ERP, WMS, CRM, POS 등 직무 관련 시스템 사용 경험자
• 수치와 데이터를 활용한 실적 분석 경험자
• 다양한 이해관계자와 협업해 문제를 해결한 경험자
• 외국어 또는 관련 법규·안전 기준을 활용할 수 있는 분","• 지원서 및 제출서류의 허위기재 또는 허위 제출
• 채용 과정에서 본인 확인이 불가능한 경우
• 채용검진 결과 업무 수행에 부적합하다고 판단되는 경우
• 해외여행 및 근무에 결격사유가 있는 경우
• 기타 회사 또는 기관의 인사규정상 채용이 불가능한 경우",서류전형 > 실무면접 > 최종면접
824,인바운드상담원 운영 매니저,101,83,20260625,20260720,4,신입·경력,기간제,인천광역시,전문학사 이상,"대학 산학협력단에서 고객의 문의를 정확히 접수하고 해결하는 포지션을(를) 맡을 인바운드상담원를 모집합니다.

이번 포지션은 전화상담, 문의분류, 시스템접수, 안내, 이관을 중심으로 운영 현장의 품질과 일정, 고객 경험을 함께 관리하는 역할입니다.

고객과 동료에게 신뢰를 주는 태도로 맡은 업무를 끝까지 책임지는 포지션입니다.

유관 부서 및 외부 파트너와 업무 기준을 공유하고, 이슈 발생 시 원인을 정리해 재발 방지 방안을 실행합니다.

초기에는 담당 업무의 프로세스와 시스템을 익히고, 이후에는 담당 영역의 지표 개선과 운영 표준화까지 주도하게 됩니다.","• 전화상담, 문의분류, 시스템접수, 안내, 이관 및 일일 운영 현황 관리
• 업무 일정·실적·품질 지표 점검 및 보고
• 관련 시스템과 문서의 정확한 입력·관리
• 고객·협력사·유관 부서 문의 대응 및 이슈 조율
• 업무 절차 개선과 운영 리스크 사전 점검
• 주요 이슈 원인 분석 및 후속 조치 관리
• 정기 회의 자료 작성과 진행 현황 공유
• 업무 매뉴얼 정비와 신규 구성원 온보딩 지원","• 고객지향적 말하기와 기본 PC 활용 관련 기본 지식 또는 실무 경험을 보유한 분
• 필수 자격·면허: CS Leaders 관리사 보유자 또는 입사 전 취득 가능한 분
• 맡은 업무를 정확하게 기록하고 마감까지 책임질 수 있는 분
• 문서작성, 이메일, 스프레드시트 등 기본 업무도구 활용이 가능한 분
• 고객 및 유관 부서와 원활하게 소통하고 요청사항을 정리할 수 있는 분
• 예상하지 못한 상황에서도 우선순위를 판단해 대응할 수 있는 분
• 업무상 취급하는 자료와 고객 정보를 안전하게 관리할 수 있는 분
• 교대·주말·현장 근무가 포함될 수 있는 일정에 대응 가능한 분","• 인바운드상담원 또는 유사 직무 경력 보유자
• 직무 관련 자격·면허 보유자: CS Leaders 관리사
• 직무 관련 자격·면허 보유자: 텔레마케팅관리사
• ERP, WMS, CRM, POS 등 직무 관련 시스템 사용 경험자
• 수치와 데이터를 활용한 실적 분석 경험자
• 다양한 이해관계자와 협업해 문제를 해결한 경험자
• 신규 프로세스 구축이나 업무 자동화 경험자","• 지원서 및 제출서류의 허위기재 또는 허위 제출
• 채용 과정에서 본인 확인이 불가능한 경우
• 채용검진 결과 업무 수행에 부적합하다고 판단되는 경우
• 해외여행 및 근무에 결격사유가 있는 경우
• 기타 회사 또는 기관의 인사규정상 채용이 불가능한 경우",서류전형 > 인성검사 > 실무면접 > 최종면접
825,인바운드상담원 전문 인력,125,83,20260712,20260813,15,경력 2년 이상,정규직,울산광역시,학사 이상,"기업 부설 연구소에서 고객의 문의를 정확히 접수하고 해결하는 포지션을(를) 맡을 인바운드상담원를 모집합니다.

이번 포지션은 전화상담, 문의분류, 시스템접수, 안내, 이관을 중심으로 운영 현장의 품질과 일정, 고객 경험을 함께 관리하는 역할입니다.

데이터와 현장 감각을 함께 활용해 반복 업무를 효율화하는 역할입니다.

유관 부서 및 외부 파트너와 업무 기준을 공유하고, 이슈 발생 시 원인을 정리해 재발 방지 방안을 실행합니다.

초기에는 담당 업무의 프로세스와 시스템을 익히고, 이후에는 담당 영역의 지표 개선과 운영 표준화까지 주도하게 됩니다.","• 전화상담, 문의분류, 시스템접수, 안내, 이관 및 일일 운영 현황 관리
• 업무 일정·실적·품질 지표 점검 및 보고
• 관련 시스템과 문서의 정확한 입력·관리
• 고객·협력사·유관 부서 문의 대응 및 이슈 조율
• 업무 절차 개선과 운영 리스크 사전 점검
• 주요 이슈 원인 분석 및 후속 조치 관리
• 정기 회의 자료 작성과 진행 현황 공유
• 현장 안전·보안·개인정보 보호 기준 준수","• 고객지향적 말하기와 기본 PC 활용 관련 기본 지식 또는 실무 경험을 보유한 분
• 필수 자격·면허: CS Leaders 관리사 보유자 또는 입사 전 취득 가능한 분
• 맡은 업무를 정확하게 기록하고 마감까지 책임질 수 있는 분
• 문서작성, 이메일, 스프레드시트 등 기본 업무도구 활용이 가능한 분
• 고객 및 유관 부서와 원활하게 소통하고 요청사항을 정리할 수 있는 분
• 예상하지 못한 상황에서도 우선순위를 판단해 대응할 수 있는 분
• 업무상 취급하는 자료와 고객 정보를 안전하게 관리할 수 있는 분
• 직무 관련 교육을 꾸준히 이수하며 전문성을 높일 분","• 인바운드상담원 또는 유사 직무 경력 보유자
• 직무 관련 자격·면허 보유자: CS Leaders 관리사
• 직무 관련 자격·면허 보유자: 텔레마케팅관리사
• ERP, WMS, CRM, POS 등 직무 관련 시스템 사용 경험자
• 수치와 데이터를 활용한 실적 분석 경험자
• 다양한 이해관계자와 협업해 문제를 해결한 경험자
• 외국어 또는 관련 법규·안전 기준을 활용할 수 있는 분","• 지원서 및 제출서류의 허위기재 또는 허위 제출
• 채용 과정에서 본인 확인이 불가능한 경우
• 채용검진 결과 업무 수행에 부적합하다고 판단되는 경우
• 해외여행 및 근무에 결격사유가 있는 경우
• 기타 회사 또는 기관의 인사규정상 채용이 불가능한 경우",서류전형 > 직무과제 > 실무면접 > 최종합격
826,인바운드상담원 경력 채용,3,83,20260729,20260906,6,경력 3년 이상,계약직,강원특별자치도,석사 이상,"전문 협회에서 고객의 문의를 정확히 접수하고 해결하는 포지션을(를) 맡을 인바운드상담원를 모집합니다.

이번 포지션은 전화상담, 문의분류, 시스템접수, 안내, 이관을 중심으로 운영 현장의 품질과 일정, 고객 경험을 함께 관리하는 역할입니다.

정해진 절차를 지키되 상황에 맞게 유연하게 대응하는 실무자를 모집합니다.

유관 부서 및 외부 파트너와 업무 기준을 공유하고, 이슈 발생 시 원인을 정리해 재발 방지 방안을 실행합니다.

초기에는 담당 업무의 프로세스와 시스템을 익히고, 이후에는 담당 영역의 지표 개선과 운영 표준화까지 주도하게 됩니다.","• 전화상담, 문의분류, 시스템접수, 안내, 이관 및 일일 운영 현황 관리
• 업무 일정·실적·품질 지표 점검 및 보고
• 관련 시스템과 문서의 정확한 입력·관리
• 고객·협력사·유관 부서 문의 대응 및 이슈 조율
• 업무 절차 개선과 운영 리스크 사전 점검
• 주요 이슈 원인 분석 및 후속 조치 관리
• 정기 회의 자료 작성과 진행 현황 공유
• 업무 매뉴얼 정비와 신규 구성원 온보딩 지원","• 고객지향적 말하기와 기본 PC 활용 관련 기본 지식 또는 실무 경험을 보유한 분
• 필수 자격·면허: CS Leaders 관리사 보유자 또는 입사 전 취득 가능한 분
• 맡은 업무를 정확하게 기록하고 마감까지 책임질 수 있는 분
• 문서작성, 이메일, 스프레드시트 등 기본 업무도구 활용이 가능한 분
• 고객 및 유관 부서와 원활하게 소통하고 요청사항을 정리할 수 있는 분
• 예상하지 못한 상황에서도 우선순위를 판단해 대응할 수 있는 분
• 업무상 취급하는 자료와 고객 정보를 안전하게 관리할 수 있는 분
• 직무 관련 교육을 꾸준히 이수하며 전문성을 높일 분","• 인바운드상담원 또는 유사 직무 경력 보유자
• 직무 관련 자격·면허 보유자: CS Leaders 관리사
• 직무 관련 자격·면허 보유자: 텔레마케팅관리사
• ERP, WMS, CRM, POS 등 직무 관련 시스템 사용 경험자
• 수치와 데이터를 활용한 실적 분석 경험자
• 다양한 이해관계자와 협업해 문제를 해결한 경험자
• 신규 프로세스 구축이나 업무 자동화 경험자","• 지원서 및 제출서류의 허위기재 또는 허위 제출
• 채용 과정에서 본인 확인이 불가능한 경우
• 채용검진 결과 업무 수행에 부적합하다고 판단되는 경우
• 해외여행 및 근무에 결격사유가 있는 경우
• 기타 회사 또는 기관의 인사규정상 채용이 불가능한 경우",서류전형 > 1차면접 > 2차면접 > 채용검진
827,인바운드상담원 현장 책임자,4,83,20260815,20260825,17,경력 5년 이상,무기계약직,전라북도,박사 이상,"공공서비스 운영기관에서 고객의 문의를 정확히 접수하고 해결하는 포지션을(를) 맡을 인바운드상담원를 모집합니다.

이번 포지션은 전화상담, 문의분류, 시스템접수, 안내, 이관을 중심으로 운영 현장의 품질과 일정, 고객 경험을 함께 관리하는 역할입니다.

부서 간 원활한 소통으로 일정과 품질을 안정적으로 관리하는 직무입니다.

유관 부서 및 외부 파트너와 업무 기준을 공유하고, 이슈 발생 시 원인을 정리해 재발 방지 방안을 실행합니다.

초기에는 담당 업무의 프로세스와 시스템을 익히고, 이후에는 담당 영역의 지표 개선과 운영 표준화까지 주도하게 됩니다.","• 전화상담, 문의분류, 시스템접수, 안내, 이관 및 일일 운영 현황 관리
• 업무 일정·실적·품질 지표 점검 및 보고
• 관련 시스템과 문서의 정확한 입력·관리
• 고객·협력사·유관 부서 문의 대응 및 이슈 조율
• 업무 절차 개선과 운영 리스크 사전 점검
• 주요 이슈 원인 분석 및 후속 조치 관리
• 정기 회의 자료 작성과 진행 현황 공유
• 현장 안전·보안·개인정보 보호 기준 준수","• 고객지향적 말하기와 기본 PC 활용 관련 기본 지식 또는 실무 경험을 보유한 분
• 필수 자격·면허: CS Leaders 관리사 보유자 또는 입사 전 취득 가능한 분
• 맡은 업무를 정확하게 기록하고 마감까지 책임질 수 있는 분
• 문서작성, 이메일, 스프레드시트 등 기본 업무도구 활용이 가능한 분
• 고객 및 유관 부서와 원활하게 소통하고 요청사항을 정리할 수 있는 분
• 예상하지 못한 상황에서도 우선순위를 판단해 대응할 수 있는 분
• 업무상 취급하는 자료와 고객 정보를 안전하게 관리할 수 있는 분
• 교대·주말·현장 근무가 포함될 수 있는 일정에 대응 가능한 분","• 인바운드상담원 또는 유사 직무 경력 보유자
• 직무 관련 자격·면허 보유자: CS Leaders 관리사
• 직무 관련 자격·면허 보유자: 텔레마케팅관리사
• ERP, WMS, CRM, POS 등 직무 관련 시스템 사용 경험자
• 수치와 데이터를 활용한 실적 분석 경험자
• 다양한 이해관계자와 협업해 문제를 해결한 경험자
• 외국어 또는 관련 법규·안전 기준을 활용할 수 있는 분","• 지원서 및 제출서류의 허위기재 또는 허위 제출
• 채용 과정에서 본인 확인이 불가능한 경우
• 채용검진 결과 업무 수행에 부적합하다고 판단되는 경우
• 해외여행 및 근무에 결격사유가 있는 경우
• 기타 회사 또는 기관의 인사규정상 채용이 불가능한 경우",서류전형 > 필기전형 > 면접전형 > 최종합격
828,인바운드상담원 서비스 담당,57,83,20260901,20260918,8,경력 무관,기간제,경상남도,학력무관,"대기업 사업부에서 고객의 문의를 정확히 접수하고 해결하는 포지션을(를) 맡을 인바운드상담원를 모집합니다.

이번 포지션은 전화상담, 문의분류, 시스템접수, 안내, 이관을 중심으로 운영 현장의 품질과 일정, 고객 경험을 함께 관리하는 역할입니다.

서비스 품질과 안전을 우선하며 꾸준히 전문성을 쌓을 수 있는 포지션입니다.

유관 부서 및 외부 파트너와 업무 기준을 공유하고, 이슈 발생 시 원인을 정리해 재발 방지 방안을 실행합니다.

초기에는 담당 업무의 프로세스와 시스템을 익히고, 이후에는 담당 영역의 지표 개선과 운영 표준화까지 주도하게 됩니다.","• 전화상담, 문의분류, 시스템접수, 안내, 이관 및 일일 운영 현황 관리
• 업무 일정·실적·품질 지표 점검 및 보고
• 관련 시스템과 문서의 정확한 입력·관리
• 고객·협력사·유관 부서 문의 대응 및 이슈 조율
• 업무 절차 개선과 운영 리스크 사전 점검
• 주요 이슈 원인 분석 및 후속 조치 관리
• 정기 회의 자료 작성과 진행 현황 공유
• 업무 매뉴얼 정비와 신규 구성원 온보딩 지원","• 고객지향적 말하기와 기본 PC 활용 관련 기본 지식 또는 실무 경험을 보유한 분
• 필수 자격·면허: CS Leaders 관리사 보유자 또는 입사 전 취득 가능한 분
• 맡은 업무를 정확하게 기록하고 마감까지 책임질 수 있는 분
• 문서작성, 이메일, 스프레드시트 등 기본 업무도구 활용이 가능한 분
• 고객 및 유관 부서와 원활하게 소통하고 요청사항을 정리할 수 있는 분
• 예상하지 못한 상황에서도 우선순위를 판단해 대응할 수 있는 분
• 업무상 취급하는 자료와 고객 정보를 안전하게 관리할 수 있는 분
• 직무 관련 교육을 꾸준히 이수하며 전문성을 높일 분","• 인바운드상담원 또는 유사 직무 경력 보유자
• 직무 관련 자격·면허 보유자: CS Leaders 관리사
• 직무 관련 자격·면허 보유자: 텔레마케팅관리사
• ERP, WMS, CRM, POS 등 직무 관련 시스템 사용 경험자
• 수치와 데이터를 활용한 실적 분석 경험자
• 다양한 이해관계자와 협업해 문제를 해결한 경험자
• 신규 프로세스 구축이나 업무 자동화 경험자","• 지원서 및 제출서류의 허위기재 또는 허위 제출
• 채용 과정에서 본인 확인이 불가능한 경우
• 채용검진 결과 업무 수행에 부적합하다고 판단되는 경우
• 해외여행 및 근무에 결격사유가 있는 경우
• 기타 회사 또는 기관의 인사규정상 채용이 불가능한 경우",서류전형 > 실무면접 > 최종면접
829,인바운드상담원 담당자,11,83,20260918,20261012,19,신입,정규직,부산광역시,전문학사 이상,"중견 제조기업에서 고객의 문의를 정확히 접수하고 해결하는 포지션을(를) 맡을 인바운드상담원를 모집합니다.

이번 포지션은 전화상담, 문의분류, 시스템접수, 안내, 이관을 중심으로 운영 현장의 품질과 일정, 고객 경험을 함께 관리하는 역할입니다.

기본기를 바탕으로 새로운 업무를 빠르게 익히고 실행할 분을 모십니다.

유관 부서 및 외부 파트너와 업무 기준을 공유하고, 이슈 발생 시 원인을 정리해 재발 방지 방안을 실행합니다.

초기에는 담당 업무의 프로세스와 시스템을 익히고, 이후에는 담당 영역의 지표 개선과 운영 표준화까지 주도하게 됩니다.","• 전화상담, 문의분류, 시스템접수, 안내, 이관 및 일일 운영 현황 관리
• 업무 일정·실적·품질 지표 점검 및 보고
• 관련 시스템과 문서의 정확한 입력·관리
• 고객·협력사·유관 부서 문의 대응 및 이슈 조율
• 업무 절차 개선과 운영 리스크 사전 점검
• 주요 이슈 원인 분석 및 후속 조치 관리
• 정기 회의 자료 작성과 진행 현황 공유
• 현장 안전·보안·개인정보 보호 기준 준수","• 고객지향적 말하기와 기본 PC 활용 관련 기본 지식 또는 실무 경험을 보유한 분
• 필수 자격·면허: CS Leaders 관리사 보유자 또는 입사 전 취득 가능한 분
• 맡은 업무를 정확하게 기록하고 마감까지 책임질 수 있는 분
• 문서작성, 이메일, 스프레드시트 등 기본 업무도구 활용이 가능한 분
• 고객 및 유관 부서와 원활하게 소통하고 요청사항을 정리할 수 있는 분
• 예상하지 못한 상황에서도 우선순위를 판단해 대응할 수 있는 분
• 업무상 취급하는 자료와 고객 정보를 안전하게 관리할 수 있는 분
• 직무 관련 교육을 꾸준히 이수하며 전문성을 높일 분","• 인바운드상담원 또는 유사 직무 경력 보유자
• 직무 관련 자격·면허 보유자: CS Leaders 관리사
• 직무 관련 자격·면허 보유자: 텔레마케팅관리사
• ERP, WMS, CRM, POS 등 직무 관련 시스템 사용 경험자
• 수치와 데이터를 활용한 실적 분석 경험자
• 다양한 이해관계자와 협업해 문제를 해결한 경험자
• 외국어 또는 관련 법규·안전 기준을 활용할 수 있는 분","• 지원서 및 제출서류의 허위기재 또는 허위 제출
• 채용 과정에서 본인 확인이 불가능한 경우
• 채용검진 결과 업무 수행에 부적합하다고 판단되는 경우
• 해외여행 및 근무에 결격사유가 있는 경우
• 기타 회사 또는 기관의 인사규정상 채용이 불가능한 경우",서류전형 > 인성검사 > 실무면접 > 최종면접
830,인바운드상담원 실무자,75,83,20261005,20261105,10,경력,계약직,광주광역시,학사 이상,"전문 중소기업에서 고객의 문의를 정확히 접수하고 해결하는 포지션을(를) 맡을 인바운드상담원를 모집합니다.

이번 포지션은 전화상담, 문의분류, 시스템접수, 안내, 이관을 중심으로 운영 현장의 품질과 일정, 고객 경험을 함께 관리하는 역할입니다.

성과와 고객 만족을 함께 고려하며 실질적인 변화를 만드는 역할입니다.

유관 부서 및 외부 파트너와 업무 기준을 공유하고, 이슈 발생 시 원인을 정리해 재발 방지 방안을 실행합니다.

초기에는 담당 업무의 프로세스와 시스템을 익히고, 이후에는 담당 영역의 지표 개선과 운영 표준화까지 주도하게 됩니다.","• 전화상담, 문의분류, 시스템접수, 안내, 이관 및 일일 운영 현황 관리
• 업무 일정·실적·품질 지표 점검 및 보고
• 관련 시스템과 문서의 정확한 입력·관리
• 고객·협력사·유관 부서 문의 대응 및 이슈 조율
• 업무 절차 개선과 운영 리스크 사전 점검
• 주요 이슈 원인 분석 및 후속 조치 관리
• 정기 회의 자료 작성과 진행 현황 공유
• 업무 매뉴얼 정비와 신규 구성원 온보딩 지원","• 고객지향적 말하기와 기본 PC 활용 관련 기본 지식 또는 실무 경험을 보유한 분
• 필수 자격·면허: CS Leaders 관리사 보유자 또는 입사 전 취득 가능한 분
• 맡은 업무를 정확하게 기록하고 마감까지 책임질 수 있는 분
• 문서작성, 이메일, 스프레드시트 등 기본 업무도구 활용이 가능한 분
• 고객 및 유관 부서와 원활하게 소통하고 요청사항을 정리할 수 있는 분
• 예상하지 못한 상황에서도 우선순위를 판단해 대응할 수 있는 분
• 업무상 취급하는 자료와 고객 정보를 안전하게 관리할 수 있는 분
• 교대·주말·현장 근무가 포함될 수 있는 일정에 대응 가능한 분","• 인바운드상담원 또는 유사 직무 경력 보유자
• 직무 관련 자격·면허 보유자: CS Leaders 관리사
• 직무 관련 자격·면허 보유자: 텔레마케팅관리사
• ERP, WMS, CRM, POS 등 직무 관련 시스템 사용 경험자
• 수치와 데이터를 활용한 실적 분석 경험자
• 다양한 이해관계자와 협업해 문제를 해결한 경험자
• 신규 프로세스 구축이나 업무 자동화 경험자","• 지원서 및 제출서류의 허위기재 또는 허위 제출
• 채용 과정에서 본인 확인이 불가능한 경우
• 채용검진 결과 업무 수행에 부적합하다고 판단되는 경우
• 해외여행 및 근무에 결격사유가 있는 경우
• 기타 회사 또는 기관의 인사규정상 채용이 불가능한 경우",서류전형 > 직무과제 > 실무면접 > 최종합격
831,아웃바운드상담원 전문 인력,135,84,20261022,20261129,1,경력 2년 이상,무기계약직,강원특별자치도,박사 이상,"성장 단계 스타트업에서 고객 대상 안내와 상담 캠페인을 운영하는 포지션을(를) 맡을 아웃바운드상담원를 모집합니다.

이번 포지션은 고객리스트, 안내전화, 상담기록, 후속관리을 중심으로 운영 현장의 품질과 일정, 고객 경험을 함께 관리하는 역할입니다.

정확한 실행력과 협업을 바탕으로 안정적인 운영을 함께 만들어 갈 분을 찾습니다.

유관 부서 및 외부 파트너와 업무 기준을 공유하고, 이슈 발생 시 원인을 정리해 재발 방지 방안을 실행합니다.

초기에는 담당 업무의 프로세스와 시스템을 익히고, 이후에는 담당 영역의 지표 개선과 운영 표준화까지 주도하게 됩니다.","• 고객리스트, 안내전화, 상담기록, 후속관리 및 일일 운영 현황 관리
• 업무 일정·실적·품질 지표 점검 및 보고
• 관련 시스템과 문서의 정확한 입력·관리
• 고객·협력사·유관 부서 문의 대응 및 이슈 조율
• 업무 절차 개선과 운영 리스크 사전 점검
• 주요 이슈 원인 분석 및 후속 조치 관리
• 정기 회의 자료 작성과 진행 현황 공유
• 현장 안전·보안·개인정보 보호 기준 준수","• 상담 스크립트 활용과 목표 지향성 관련 기본 지식 또는 실무 경험을 보유한 분
• 필수 자격·면허: 텔레마케팅관리사 보유자 또는 입사 전 취득 가능한 분
• 맡은 업무를 정확하게 기록하고 마감까지 책임질 수 있는 분
• 문서작성, 이메일, 스프레드시트 등 기본 업무도구 활용이 가능한 분
• 고객 및 유관 부서와 원활하게 소통하고 요청사항을 정리할 수 있는 분
• 예상하지 못한 상황에서도 우선순위를 판단해 대응할 수 있는 분
• 업무상 취급하는 자료와 고객 정보를 안전하게 관리할 수 있는 분
• 직무 관련 교육을 꾸준히 이수하며 전문성을 높일 분","• 아웃바운드상담원 또는 유사 직무 경력 보유자
• 직무 관련 자격·면허 보유자: 텔레마케팅관리사
• 직무 관련 자격·면허 보유자: CS Leaders 관리사
• ERP, WMS, CRM, POS 등 직무 관련 시스템 사용 경험자
• 수치와 데이터를 활용한 실적 분석 경험자
• 다양한 이해관계자와 협업해 문제를 해결한 경험자
• 외국어 또는 관련 법규·안전 기준을 활용할 수 있는 분","• 지원서 및 제출서류의 허위기재 또는 허위 제출
• 채용 과정에서 본인 확인이 불가능한 경우
• 채용검진 결과 업무 수행에 부적합하다고 판단되는 경우
• 해외여행 및 근무에 결격사유가 있는 경우
• 기타 회사 또는 기관의 인사규정상 채용이 불가능한 경우",서류전형 > 필기전형 > 면접전형 > 최종합격
832,아웃바운드상담원 경력 채용,40,84,20261108,20261223,12,경력 3년 이상,기간제,전라북도,학력무관,"종합병원 운영조직에서 고객 대상 안내와 상담 캠페인을 운영하는 포지션을(를) 맡을 아웃바운드상담원를 모집합니다.

이번 포지션은 고객리스트, 안내전화, 상담기록, 후속관리을 중심으로 운영 현장의 품질과 일정, 고객 경험을 함께 관리하는 역할입니다.

현장과 유관 부서의 요구를 연결하며 업무 품질을 높이는 역할입니다.

유관 부서 및 외부 파트너와 업무 기준을 공유하고, 이슈 발생 시 원인을 정리해 재발 방지 방안을 실행합니다.

초기에는 담당 업무의 프로세스와 시스템을 익히고, 이후에는 담당 영역의 지표 개선과 운영 표준화까지 주도하게 됩니다.","• 고객리스트, 안내전화, 상담기록, 후속관리 및 일일 운영 현황 관리
• 업무 일정·실적·품질 지표 점검 및 보고
• 관련 시스템과 문서의 정확한 입력·관리
• 고객·협력사·유관 부서 문의 대응 및 이슈 조율
• 업무 절차 개선과 운영 리스크 사전 점검
• 주요 이슈 원인 분석 및 후속 조치 관리
• 정기 회의 자료 작성과 진행 현황 공유
• 업무 매뉴얼 정비와 신규 구성원 온보딩 지원","• 상담 스크립트 활용과 목표 지향성 관련 기본 지식 또는 실무 경험을 보유한 분
• 필수 자격·면허: 텔레마케팅관리사 보유자 또는 입사 전 취득 가능한 분
• 맡은 업무를 정확하게 기록하고 마감까지 책임질 수 있는 분
• 문서작성, 이메일, 스프레드시트 등 기본 업무도구 활용이 가능한 분
• 고객 및 유관 부서와 원활하게 소통하고 요청사항을 정리할 수 있는 분
• 예상하지 못한 상황에서도 우선순위를 판단해 대응할 수 있는 분
• 업무상 취급하는 자료와 고객 정보를 안전하게 관리할 수 있는 분
• 직무 관련 교육을 꾸준히 이수하며 전문성을 높일 분","• 아웃바운드상담원 또는 유사 직무 경력 보유자
• 직무 관련 자격·면허 보유자: 텔레마케팅관리사
• 직무 관련 자격·면허 보유자: CS Leaders 관리사
• ERP, WMS, CRM, POS 등 직무 관련 시스템 사용 경험자
• 수치와 데이터를 활용한 실적 분석 경험자
• 다양한 이해관계자와 협업해 문제를 해결한 경험자
• 신규 프로세스 구축이나 업무 자동화 경험자","• 지원서 및 제출서류의 허위기재 또는 허위 제출
• 채용 과정에서 본인 확인이 불가능한 경우
• 채용검진 결과 업무 수행에 부적합하다고 판단되는 경우
• 해외여행 및 근무에 결격사유가 있는 경우
• 기타 회사 또는 기관의 인사규정상 채용이 불가능한 경우",서류전형 > 실무면접 > 최종면접
833,아웃바운드상담원 현장 책임자,4,84,20261125,20261211,3,경력 5년 이상,정규직,경상남도,전문학사 이상,"대학 산학협력단에서 고객 대상 안내와 상담 캠페인을 운영하는 포지션을(를) 맡을 아웃바운드상담원를 모집합니다.

이번 포지션은 고객리스트, 안내전화, 상담기록, 후속관리을 중심으로 운영 현장의 품질과 일정, 고객 경험을 함께 관리하는 역할입니다.

업무 기준을 준수하면서도 개선점을 주도적으로 제안할 수 있는 분을 기다립니다.

유관 부서 및 외부 파트너와 업무 기준을 공유하고, 이슈 발생 시 원인을 정리해 재발 방지 방안을 실행합니다.

초기에는 담당 업무의 프로세스와 시스템을 익히고, 이후에는 담당 영역의 지표 개선과 운영 표준화까지 주도하게 됩니다.","• 고객리스트, 안내전화, 상담기록, 후속관리 및 일일 운영 현황 관리
• 업무 일정·실적·품질 지표 점검 및 보고
• 관련 시스템과 문서의 정확한 입력·관리
• 고객·협력사·유관 부서 문의 대응 및 이슈 조율
• 업무 절차 개선과 운영 리스크 사전 점검
• 주요 이슈 원인 분석 및 후속 조치 관리
• 정기 회의 자료 작성과 진행 현황 공유
• 현장 안전·보안·개인정보 보호 기준 준수","• 상담 스크립트 활용과 목표 지향성 관련 기본 지식 또는 실무 경험을 보유한 분
• 필수 자격·면허: 텔레마케팅관리사 보유자 또는 입사 전 취득 가능한 분
• 맡은 업무를 정확하게 기록하고 마감까지 책임질 수 있는 분
• 문서작성, 이메일, 스프레드시트 등 기본 업무도구 활용이 가능한 분
• 고객 및 유관 부서와 원활하게 소통하고 요청사항을 정리할 수 있는 분
• 예상하지 못한 상황에서도 우선순위를 판단해 대응할 수 있는 분
• 업무상 취급하는 자료와 고객 정보를 안전하게 관리할 수 있는 분
• 교대·주말·현장 근무가 포함될 수 있는 일정에 대응 가능한 분","• 아웃바운드상담원 또는 유사 직무 경력 보유자
• 직무 관련 자격·면허 보유자: 텔레마케팅관리사
• 직무 관련 자격·면허 보유자: CS Leaders 관리사
• ERP, WMS, CRM, POS 등 직무 관련 시스템 사용 경험자
• 수치와 데이터를 활용한 실적 분석 경험자
• 다양한 이해관계자와 협업해 문제를 해결한 경험자
• 외국어 또는 관련 법규·안전 기준을 활용할 수 있는 분","• 지원서 및 제출서류의 허위기재 또는 허위 제출
• 채용 과정에서 본인 확인이 불가능한 경우
• 채용검진 결과 업무 수행에 부적합하다고 판단되는 경우
• 해외여행 및 근무에 결격사유가 있는 경우
• 기타 회사 또는 기관의 인사규정상 채용이 불가능한 경우",서류전형 > 인성검사 > 실무면접 > 최종면접
834,아웃바운드상담원 서비스 담당,109,84,20261212,20270104,14,경력 무관,계약직,부산광역시,학사 이상,"기업 부설 연구소에서 고객 대상 안내와 상담 캠페인을 운영하는 포지션을(를) 맡을 아웃바운드상담원를 모집합니다.

이번 포지션은 고객리스트, 안내전화, 상담기록, 후속관리을 중심으로 운영 현장의 품질과 일정, 고객 경험을 함께 관리하는 역할입니다.

고객과 동료에게 신뢰를 주는 태도로 맡은 업무를 끝까지 책임지는 포지션입니다.

유관 부서 및 외부 파트너와 업무 기준을 공유하고, 이슈 발생 시 원인을 정리해 재발 방지 방안을 실행합니다.

초기에는 담당 업무의 프로세스와 시스템을 익히고, 이후에는 담당 영역의 지표 개선과 운영 표준화까지 주도하게 됩니다.","• 고객리스트, 안내전화, 상담기록, 후속관리 및 일일 운영 현황 관리
• 업무 일정·실적·품질 지표 점검 및 보고
• 관련 시스템과 문서의 정확한 입력·관리
• 고객·협력사·유관 부서 문의 대응 및 이슈 조율
• 업무 절차 개선과 운영 리스크 사전 점검
• 주요 이슈 원인 분석 및 후속 조치 관리
• 정기 회의 자료 작성과 진행 현황 공유
• 업무 매뉴얼 정비와 신규 구성원 온보딩 지원","• 상담 스크립트 활용과 목표 지향성 관련 기본 지식 또는 실무 경험을 보유한 분
• 필수 자격·면허: 텔레마케팅관리사 보유자 또는 입사 전 취득 가능한 분
• 맡은 업무를 정확하게 기록하고 마감까지 책임질 수 있는 분
• 문서작성, 이메일, 스프레드시트 등 기본 업무도구 활용이 가능한 분
• 고객 및 유관 부서와 원활하게 소통하고 요청사항을 정리할 수 있는 분
• 예상하지 못한 상황에서도 우선순위를 판단해 대응할 수 있는 분
• 업무상 취급하는 자료와 고객 정보를 안전하게 관리할 수 있는 분
• 직무 관련 교육을 꾸준히 이수하며 전문성을 높일 분","• 아웃바운드상담원 또는 유사 직무 경력 보유자
• 직무 관련 자격·면허 보유자: 텔레마케팅관리사
• 직무 관련 자격·면허 보유자: CS Leaders 관리사
• ERP, WMS, CRM, POS 등 직무 관련 시스템 사용 경험자
• 수치와 데이터를 활용한 실적 분석 경험자
• 다양한 이해관계자와 협업해 문제를 해결한 경험자
• 신규 프로세스 구축이나 업무 자동화 경험자","• 지원서 및 제출서류의 허위기재 또는 허위 제출
• 채용 과정에서 본인 확인이 불가능한 경우
• 채용검진 결과 업무 수행에 부적합하다고 판단되는 경우
• 해외여행 및 근무에 결격사유가 있는 경우
• 기타 회사 또는 기관의 인사규정상 채용이 불가능한 경우",서류전형 > 직무과제 > 실무면접 > 최종합격
835,아웃바운드상담원 담당자,148,84,20260118,20260217,5,신입,무기계약직,광주광역시,석사 이상,"전문 협회에서 고객 대상 안내와 상담 캠페인을 운영하는 포지션을(를) 맡을 아웃바운드상담원를 모집합니다.

이번 포지션은 고객리스트, 안내전화, 상담기록, 후속관리을 중심으로 운영 현장의 품질과 일정, 고객 경험을 함께 관리하는 역할입니다.

데이터와 현장 감각을 함께 활용해 반복 업무를 효율화하는 역할입니다.

유관 부서 및 외부 파트너와 업무 기준을 공유하고, 이슈 발생 시 원인을 정리해 재발 방지 방안을 실행합니다.

초기에는 담당 업무의 프로세스와 시스템을 익히고, 이후에는 담당 영역의 지표 개선과 운영 표준화까지 주도하게 됩니다.","• 고객리스트, 안내전화, 상담기록, 후속관리 및 일일 운영 현황 관리
• 업무 일정·실적·품질 지표 점검 및 보고
• 관련 시스템과 문서의 정확한 입력·관리
• 고객·협력사·유관 부서 문의 대응 및 이슈 조율
• 업무 절차 개선과 운영 리스크 사전 점검
• 주요 이슈 원인 분석 및 후속 조치 관리
• 정기 회의 자료 작성과 진행 현황 공유
• 현장 안전·보안·개인정보 보호 기준 준수","• 상담 스크립트 활용과 목표 지향성 관련 기본 지식 또는 실무 경험을 보유한 분
• 필수 자격·면허: 텔레마케팅관리사 보유자 또는 입사 전 취득 가능한 분
• 맡은 업무를 정확하게 기록하고 마감까지 책임질 수 있는 분
• 문서작성, 이메일, 스프레드시트 등 기본 업무도구 활용이 가능한 분
• 고객 및 유관 부서와 원활하게 소통하고 요청사항을 정리할 수 있는 분
• 예상하지 못한 상황에서도 우선순위를 판단해 대응할 수 있는 분
• 업무상 취급하는 자료와 고객 정보를 안전하게 관리할 수 있는 분
• 직무 관련 교육을 꾸준히 이수하며 전문성을 높일 분","• 아웃바운드상담원 또는 유사 직무 경력 보유자
• 직무 관련 자격·면허 보유자: 텔레마케팅관리사
• 직무 관련 자격·면허 보유자: CS Leaders 관리사
• ERP, WMS, CRM, POS 등 직무 관련 시스템 사용 경험자
• 수치와 데이터를 활용한 실적 분석 경험자
• 다양한 이해관계자와 협업해 문제를 해결한 경험자
• 외국어 또는 관련 법규·안전 기준을 활용할 수 있는 분","• 지원서 및 제출서류의 허위기재 또는 허위 제출
• 채용 과정에서 본인 확인이 불가능한 경우
• 채용검진 결과 업무 수행에 부적합하다고 판단되는 경우
• 해외여행 및 근무에 결격사유가 있는 경우
• 기타 회사 또는 기관의 인사규정상 채용이 불가능한 경우",서류전형 > 1차면접 > 2차면접 > 채용검진
836,아웃바운드상담원 실무자,36,84,20260204,20260313,16,경력,기간제,경기도,박사 이상,"공공서비스 운영기관에서 고객 대상 안내와 상담 캠페인을 운영하는 포지션을(를) 맡을 아웃바운드상담원를 모집합니다.

이번 포지션은 고객리스트, 안내전화, 상담기록, 후속관리을 중심으로 운영 현장의 품질과 일정, 고객 경험을 함께 관리하는 역할입니다.

정해진 절차를 지키되 상황에 맞게 유연하게 대응하는 실무자를 모집합니다.

유관 부서 및 외부 파트너와 업무 기준을 공유하고, 이슈 발생 시 원인을 정리해 재발 방지 방안을 실행합니다.

초기에는 담당 업무의 프로세스와 시스템을 익히고, 이후에는 담당 영역의 지표 개선과 운영 표준화까지 주도하게 됩니다.","• 고객리스트, 안내전화, 상담기록, 후속관리 및 일일 운영 현황 관리
• 업무 일정·실적·품질 지표 점검 및 보고
• 관련 시스템과 문서의 정확한 입력·관리
• 고객·협력사·유관 부서 문의 대응 및 이슈 조율
• 업무 절차 개선과 운영 리스크 사전 점검
• 주요 이슈 원인 분석 및 후속 조치 관리
• 정기 회의 자료 작성과 진행 현황 공유
• 업무 매뉴얼 정비와 신규 구성원 온보딩 지원","• 상담 스크립트 활용과 목표 지향성 관련 기본 지식 또는 실무 경험을 보유한 분
• 필수 자격·면허: 텔레마케팅관리사 보유자 또는 입사 전 취득 가능한 분
• 맡은 업무를 정확하게 기록하고 마감까지 책임질 수 있는 분
• 문서작성, 이메일, 스프레드시트 등 기본 업무도구 활용이 가능한 분
• 고객 및 유관 부서와 원활하게 소통하고 요청사항을 정리할 수 있는 분
• 예상하지 못한 상황에서도 우선순위를 판단해 대응할 수 있는 분
• 업무상 취급하는 자료와 고객 정보를 안전하게 관리할 수 있는 분
• 교대·주말·현장 근무가 포함될 수 있는 일정에 대응 가능한 분","• 아웃바운드상담원 또는 유사 직무 경력 보유자
• 직무 관련 자격·면허 보유자: 텔레마케팅관리사
• 직무 관련 자격·면허 보유자: CS Leaders 관리사
• ERP, WMS, CRM, POS 등 직무 관련 시스템 사용 경험자
• 수치와 데이터를 활용한 실적 분석 경험자
• 다양한 이해관계자와 협업해 문제를 해결한 경험자
• 신규 프로세스 구축이나 업무 자동화 경험자","• 지원서 및 제출서류의 허위기재 또는 허위 제출
• 채용 과정에서 본인 확인이 불가능한 경우
• 채용검진 결과 업무 수행에 부적합하다고 판단되는 경우
• 해외여행 및 근무에 결격사유가 있는 경우
• 기타 회사 또는 기관의 인사규정상 채용이 불가능한 경우",서류전형 > 필기전형 > 면접전형 > 최종합격
837,아웃바운드상담원 운영 매니저,72,84,20260221,20260406,7,신입·경력,정규직,충청남도,학력무관,"대기업 사업부에서 고객 대상 안내와 상담 캠페인을 운영하는 포지션을(를) 맡을 아웃바운드상담원를 모집합니다.

이번 포지션은 고객리스트, 안내전화, 상담기록, 후속관리을 중심으로 운영 현장의 품질과 일정, 고객 경험을 함께 관리하는 역할입니다.

부서 간 원활한 소통으로 일정과 품질을 안정적으로 관리하는 직무입니다.

유관 부서 및 외부 파트너와 업무 기준을 공유하고, 이슈 발생 시 원인을 정리해 재발 방지 방안을 실행합니다.

초기에는 담당 업무의 프로세스와 시스템을 익히고, 이후에는 담당 영역의 지표 개선과 운영 표준화까지 주도하게 됩니다.","• 고객리스트, 안내전화, 상담기록, 후속관리 및 일일 운영 현황 관리
• 업무 일정·실적·품질 지표 점검 및 보고
• 관련 시스템과 문서의 정확한 입력·관리
• 고객·협력사·유관 부서 문의 대응 및 이슈 조율
• 업무 절차 개선과 운영 리스크 사전 점검
• 주요 이슈 원인 분석 및 후속 조치 관리
• 정기 회의 자료 작성과 진행 현황 공유
• 현장 안전·보안·개인정보 보호 기준 준수","• 상담 스크립트 활용과 목표 지향성 관련 기본 지식 또는 실무 경험을 보유한 분
• 필수 자격·면허: 텔레마케팅관리사 보유자 또는 입사 전 취득 가능한 분
• 맡은 업무를 정확하게 기록하고 마감까지 책임질 수 있는 분
• 문서작성, 이메일, 스프레드시트 등 기본 업무도구 활용이 가능한 분
• 고객 및 유관 부서와 원활하게 소통하고 요청사항을 정리할 수 있는 분
• 예상하지 못한 상황에서도 우선순위를 판단해 대응할 수 있는 분
• 업무상 취급하는 자료와 고객 정보를 안전하게 관리할 수 있는 분
• 직무 관련 교육을 꾸준히 이수하며 전문성을 높일 분","• 아웃바운드상담원 또는 유사 직무 경력 보유자
• 직무 관련 자격·면허 보유자: 텔레마케팅관리사
• 직무 관련 자격·면허 보유자: CS Leaders 관리사
• ERP, WMS, CRM, POS 등 직무 관련 시스템 사용 경험자
• 수치와 데이터를 활용한 실적 분석 경험자
• 다양한 이해관계자와 협업해 문제를 해결한 경험자
• 외국어 또는 관련 법규·안전 기준을 활용할 수 있는 분","• 지원서 및 제출서류의 허위기재 또는 허위 제출
• 채용 과정에서 본인 확인이 불가능한 경우
• 채용검진 결과 업무 수행에 부적합하다고 판단되는 경우
• 해외여행 및 근무에 결격사유가 있는 경우
• 기타 회사 또는 기관의 인사규정상 채용이 불가능한 경우",서류전형 > 실무면접 > 최종면접
838,아웃바운드상담원 전문 인력,67,84,20260310,20260325,18,경력 2년 이상,계약직,경상북도,전문학사 이상,"중견 제조기업에서 고객 대상 안내와 상담 캠페인을 운영하는 포지션을(를) 맡을 아웃바운드상담원를 모집합니다.

이번 포지션은 고객리스트, 안내전화, 상담기록, 후속관리을 중심으로 운영 현장의 품질과 일정, 고객 경험을 함께 관리하는 역할입니다.

서비스 품질과 안전을 우선하며 꾸준히 전문성을 쌓을 수 있는 포지션입니다.

유관 부서 및 외부 파트너와 업무 기준을 공유하고, 이슈 발생 시 원인을 정리해 재발 방지 방안을 실행합니다.

초기에는 담당 업무의 프로세스와 시스템을 익히고, 이후에는 담당 영역의 지표 개선과 운영 표준화까지 주도하게 됩니다.","• 고객리스트, 안내전화, 상담기록, 후속관리 및 일일 운영 현황 관리
• 업무 일정·실적·품질 지표 점검 및 보고
• 관련 시스템과 문서의 정확한 입력·관리
• 고객·협력사·유관 부서 문의 대응 및 이슈 조율
• 업무 절차 개선과 운영 리스크 사전 점검
• 주요 이슈 원인 분석 및 후속 조치 관리
• 정기 회의 자료 작성과 진행 현황 공유
• 업무 매뉴얼 정비와 신규 구성원 온보딩 지원","• 상담 스크립트 활용과 목표 지향성 관련 기본 지식 또는 실무 경험을 보유한 분
• 필수 자격·면허: 텔레마케팅관리사 보유자 또는 입사 전 취득 가능한 분
• 맡은 업무를 정확하게 기록하고 마감까지 책임질 수 있는 분
• 문서작성, 이메일, 스프레드시트 등 기본 업무도구 활용이 가능한 분
• 고객 및 유관 부서와 원활하게 소통하고 요청사항을 정리할 수 있는 분
• 예상하지 못한 상황에서도 우선순위를 판단해 대응할 수 있는 분
• 업무상 취급하는 자료와 고객 정보를 안전하게 관리할 수 있는 분
• 직무 관련 교육을 꾸준히 이수하며 전문성을 높일 분","• 아웃바운드상담원 또는 유사 직무 경력 보유자
• 직무 관련 자격·면허 보유자: 텔레마케팅관리사
• 직무 관련 자격·면허 보유자: CS Leaders 관리사
• ERP, WMS, CRM, POS 등 직무 관련 시스템 사용 경험자
• 수치와 데이터를 활용한 실적 분석 경험자
• 다양한 이해관계자와 협업해 문제를 해결한 경험자
• 신규 프로세스 구축이나 업무 자동화 경험자","• 지원서 및 제출서류의 허위기재 또는 허위 제출
• 채용 과정에서 본인 확인이 불가능한 경우
• 채용검진 결과 업무 수행에 부적합하다고 판단되는 경우
• 해외여행 및 근무에 결격사유가 있는 경우
• 기타 회사 또는 기관의 인사규정상 채용이 불가능한 경우",서류전형 > 인성검사 > 실무면접 > 최종면접
839,아웃바운드상담원 경력 채용,121,84,20260327,20260418,9,경력 3년 이상,무기계약직,서울특별시,학사 이상,"전문 중소기업에서 고객 대상 안내와 상담 캠페인을 운영하는 포지션을(를) 맡을 아웃바운드상담원를 모집합니다.

이번 포지션은 고객리스트, 안내전화, 상담기록, 후속관리을 중심으로 운영 현장의 품질과 일정, 고객 경험을 함께 관리하는 역할입니다.

기본기를 바탕으로 새로운 업무를 빠르게 익히고 실행할 분을 모십니다.

유관 부서 및 외부 파트너와 업무 기준을 공유하고, 이슈 발생 시 원인을 정리해 재발 방지 방안을 실행합니다.

초기에는 담당 업무의 프로세스와 시스템을 익히고, 이후에는 담당 영역의 지표 개선과 운영 표준화까지 주도하게 됩니다.","• 고객리스트, 안내전화, 상담기록, 후속관리 및 일일 운영 현황 관리
• 업무 일정·실적·품질 지표 점검 및 보고
• 관련 시스템과 문서의 정확한 입력·관리
• 고객·협력사·유관 부서 문의 대응 및 이슈 조율
• 업무 절차 개선과 운영 리스크 사전 점검
• 주요 이슈 원인 분석 및 후속 조치 관리
• 정기 회의 자료 작성과 진행 현황 공유
• 현장 안전·보안·개인정보 보호 기준 준수","• 상담 스크립트 활용과 목표 지향성 관련 기본 지식 또는 실무 경험을 보유한 분
• 필수 자격·면허: 텔레마케팅관리사 보유자 또는 입사 전 취득 가능한 분
• 맡은 업무를 정확하게 기록하고 마감까지 책임질 수 있는 분
• 문서작성, 이메일, 스프레드시트 등 기본 업무도구 활용이 가능한 분
• 고객 및 유관 부서와 원활하게 소통하고 요청사항을 정리할 수 있는 분
• 예상하지 못한 상황에서도 우선순위를 판단해 대응할 수 있는 분
• 업무상 취급하는 자료와 고객 정보를 안전하게 관리할 수 있는 분
• 교대·주말·현장 근무가 포함될 수 있는 일정에 대응 가능한 분","• 아웃바운드상담원 또는 유사 직무 경력 보유자
• 직무 관련 자격·면허 보유자: 텔레마케팅관리사
• 직무 관련 자격·면허 보유자: CS Leaders 관리사
• ERP, WMS, CRM, POS 등 직무 관련 시스템 사용 경험자
• 수치와 데이터를 활용한 실적 분석 경험자
• 다양한 이해관계자와 협업해 문제를 해결한 경험자
• 외국어 또는 관련 법규·안전 기준을 활용할 수 있는 분","• 지원서 및 제출서류의 허위기재 또는 허위 제출
• 채용 과정에서 본인 확인이 불가능한 경우
• 채용검진 결과 업무 수행에 부적합하다고 판단되는 경우
• 해외여행 및 근무에 결격사유가 있는 경우
• 기타 회사 또는 기관의 인사규정상 채용이 불가능한 경우",서류전형 > 직무과제 > 실무면접 > 최종합격
840,아웃바운드상담원 현장 책임자,140,84,20260413,20260512,20,경력 5년 이상,기간제,대전광역시,석사 이상,"성장 단계 스타트업에서 고객 대상 안내와 상담 캠페인을 운영하는 포지션을(를) 맡을 아웃바운드상담원를 모집합니다.

이번 포지션은 고객리스트, 안내전화, 상담기록, 후속관리을 중심으로 운영 현장의 품질과 일정, 고객 경험을 함께 관리하는 역할입니다.

성과와 고객 만족을 함께 고려하며 실질적인 변화를 만드는 역할입니다.

유관 부서 및 외부 파트너와 업무 기준을 공유하고, 이슈 발생 시 원인을 정리해 재발 방지 방안을 실행합니다.

초기에는 담당 업무의 프로세스와 시스템을 익히고, 이후에는 담당 영역의 지표 개선과 운영 표준화까지 주도하게 됩니다.","• 고객리스트, 안내전화, 상담기록, 후속관리 및 일일 운영 현황 관리
• 업무 일정·실적·품질 지표 점검 및 보고
• 관련 시스템과 문서의 정확한 입력·관리
• 고객·협력사·유관 부서 문의 대응 및 이슈 조율
• 업무 절차 개선과 운영 리스크 사전 점검
• 주요 이슈 원인 분석 및 후속 조치 관리
• 정기 회의 자료 작성과 진행 현황 공유
• 업무 매뉴얼 정비와 신규 구성원 온보딩 지원","• 상담 스크립트 활용과 목표 지향성 관련 기본 지식 또는 실무 경험을 보유한 분
• 필수 자격·면허: 텔레마케팅관리사 보유자 또는 입사 전 취득 가능한 분
• 맡은 업무를 정확하게 기록하고 마감까지 책임질 수 있는 분
• 문서작성, 이메일, 스프레드시트 등 기본 업무도구 활용이 가능한 분
• 고객 및 유관 부서와 원활하게 소통하고 요청사항을 정리할 수 있는 분
• 예상하지 못한 상황에서도 우선순위를 판단해 대응할 수 있는 분
• 업무상 취급하는 자료와 고객 정보를 안전하게 관리할 수 있는 분
• 직무 관련 교육을 꾸준히 이수하며 전문성을 높일 분","• 아웃바운드상담원 또는 유사 직무 경력 보유자
• 직무 관련 자격·면허 보유자: 텔레마케팅관리사
• 직무 관련 자격·면허 보유자: CS Leaders 관리사
• ERP, WMS, CRM, POS 등 직무 관련 시스템 사용 경험자
• 수치와 데이터를 활용한 실적 분석 경험자
• 다양한 이해관계자와 협업해 문제를 해결한 경험자
• 신규 프로세스 구축이나 업무 자동화 경험자","• 지원서 및 제출서류의 허위기재 또는 허위 제출
• 채용 과정에서 본인 확인이 불가능한 경우
• 채용검진 결과 업무 수행에 부적합하다고 판단되는 경우
• 해외여행 및 근무에 결격사유가 있는 경우
• 기타 회사 또는 기관의 인사규정상 채용이 불가능한 경우",서류전형 > 1차면접 > 2차면접 > 채용검진
841,고객센터관리자 담당자,19,85,20260430,20260605,11,신입,정규직,경기도,학력무관,"종합병원 운영조직에서 상담 품질과 센터 운영을 총괄하는 포지션을(를) 맡을 고객센터관리자를 모집합니다.

이번 포지션은 상담원관리, QA, KPI, 교육, 민원 escalation을 중심으로 운영 현장의 품질과 일정, 고객 경험을 함께 관리하는 역할입니다.

정확한 실행력과 협업을 바탕으로 안정적인 운영을 함께 만들어 갈 분을 찾습니다.

유관 부서 및 외부 파트너와 업무 기준을 공유하고, 이슈 발생 시 원인을 정리해 재발 방지 방안을 실행합니다.

초기에는 담당 업무의 프로세스와 시스템을 익히고, 이후에는 담당 영역의 지표 개선과 운영 표준화까지 주도하게 됩니다.","• 상담원관리, QA, KPI, 교육, 민원 escalation 및 일일 운영 현황 관리
• 업무 일정·실적·품질 지표 점검 및 보고
• 관련 시스템과 문서의 정확한 입력·관리
• 고객·협력사·유관 부서 문의 대응 및 이슈 조율
• 업무 절차 개선과 운영 리스크 사전 점검
• 주요 이슈 원인 분석 및 후속 조치 관리
• 정기 회의 자료 작성과 진행 현황 공유
• 현장 안전·보안·개인정보 보호 기준 준수","• 고객센터 운영 또는 팀 리딩 경험 관련 기본 지식 또는 실무 경험을 보유한 분
• 필수 자격·면허: CS Leaders 관리사 보유자 또는 입사 전 취득 가능한 분
• 맡은 업무를 정확하게 기록하고 마감까지 책임질 수 있는 분
• 문서작성, 이메일, 스프레드시트 등 기본 업무도구 활용이 가능한 분
• 고객 및 유관 부서와 원활하게 소통하고 요청사항을 정리할 수 있는 분
• 예상하지 못한 상황에서도 우선순위를 판단해 대응할 수 있는 분
• 업무상 취급하는 자료와 고객 정보를 안전하게 관리할 수 있는 분
• 직무 관련 교육을 꾸준히 이수하며 전문성을 높일 분","• 고객센터관리자 또는 유사 직무 경력 보유자
• 직무 관련 자격·면허 보유자: CS Leaders 관리사
• 직무 관련 자격·면허 보유자: 텔레마케팅관리사
• ERP, WMS, CRM, POS 등 직무 관련 시스템 사용 경험자
• 수치와 데이터를 활용한 실적 분석 경험자
• 다양한 이해관계자와 협업해 문제를 해결한 경험자
• 외국어 또는 관련 법규·안전 기준을 활용할 수 있는 분","• 지원서 및 제출서류의 허위기재 또는 허위 제출
• 채용 과정에서 본인 확인이 불가능한 경우
• 채용검진 결과 업무 수행에 부적합하다고 판단되는 경우
• 해외여행 및 근무에 결격사유가 있는 경우
• 기타 회사 또는 기관의 인사규정상 채용이 불가능한 경우",서류전형 > 실무면접 > 최종면접
842,고객센터관리자 실무자,49,85,20260517,20260629,2,경력,계약직,충청남도,전문학사 이상,"대학 산학협력단에서 상담 품질과 센터 운영을 총괄하는 포지션을(를) 맡을 고객센터관리자를 모집합니다.

이번 포지션은 상담원관리, QA, KPI, 교육, 민원 escalation을 중심으로 운영 현장의 품질과 일정, 고객 경험을 함께 관리하는 역할입니다.

현장과 유관 부서의 요구를 연결하며 업무 품질을 높이는 역할입니다.

유관 부서 및 외부 파트너와 업무 기준을 공유하고, 이슈 발생 시 원인을 정리해 재발 방지 방안을 실행합니다.

초기에는 담당 업무의 프로세스와 시스템을 익히고, 이후에는 담당 영역의 지표 개선과 운영 표준화까지 주도하게 됩니다.","• 상담원관리, QA, KPI, 교육, 민원 escalation 및 일일 운영 현황 관리
• 업무 일정·실적·품질 지표 점검 및 보고
• 관련 시스템과 문서의 정확한 입력·관리
• 고객·협력사·유관 부서 문의 대응 및 이슈 조율
• 업무 절차 개선과 운영 리스크 사전 점검
• 주요 이슈 원인 분석 및 후속 조치 관리
• 정기 회의 자료 작성과 진행 현황 공유
• 업무 매뉴얼 정비와 신규 구성원 온보딩 지원","• 고객센터 운영 또는 팀 리딩 경험 관련 기본 지식 또는 실무 경험을 보유한 분
• 필수 자격·면허: CS Leaders 관리사 보유자 또는 입사 전 취득 가능한 분
• 맡은 업무를 정확하게 기록하고 마감까지 책임질 수 있는 분
• 문서작성, 이메일, 스프레드시트 등 기본 업무도구 활용이 가능한 분
• 고객 및 유관 부서와 원활하게 소통하고 요청사항을 정리할 수 있는 분
• 예상하지 못한 상황에서도 우선순위를 판단해 대응할 수 있는 분
• 업무상 취급하는 자료와 고객 정보를 안전하게 관리할 수 있는 분
• 교대·주말·현장 근무가 포함될 수 있는 일정에 대응 가능한 분","• 고객센터관리자 또는 유사 직무 경력 보유자
• 직무 관련 자격·면허 보유자: CS Leaders 관리사
• 직무 관련 자격·면허 보유자: 텔레마케팅관리사
• ERP, WMS, CRM, POS 등 직무 관련 시스템 사용 경험자
• 수치와 데이터를 활용한 실적 분석 경험자
• 다양한 이해관계자와 협업해 문제를 해결한 경험자
• 신규 프로세스 구축이나 업무 자동화 경험자","• 지원서 및 제출서류의 허위기재 또는 허위 제출
• 채용 과정에서 본인 확인이 불가능한 경우
• 채용검진 결과 업무 수행에 부적합하다고 판단되는 경우
• 해외여행 및 근무에 결격사유가 있는 경우
• 기타 회사 또는 기관의 인사규정상 채용이 불가능한 경우",서류전형 > 인성검사 > 실무면접 > 최종면접
843,고객센터관리자 운영 매니저,30,85,20260603,20260617,13,신입·경력,무기계약직,경상북도,학사 이상,"기업 부설 연구소에서 상담 품질과 센터 운영을 총괄하는 포지션을(를) 맡을 고객센터관리자를 모집합니다.

이번 포지션은 상담원관리, QA, KPI, 교육, 민원 escalation을 중심으로 운영 현장의 품질과 일정, 고객 경험을 함께 관리하는 역할입니다.

업무 기준을 준수하면서도 개선점을 주도적으로 제안할 수 있는 분을 기다립니다.

유관 부서 및 외부 파트너와 업무 기준을 공유하고, 이슈 발생 시 원인을 정리해 재발 방지 방안을 실행합니다.

초기에는 담당 업무의 프로세스와 시스템을 익히고, 이후에는 담당 영역의 지표 개선과 운영 표준화까지 주도하게 됩니다.","• 상담원관리, QA, KPI, 교육, 민원 escalation 및 일일 운영 현황 관리
• 업무 일정·실적·품질 지표 점검 및 보고
• 관련 시스템과 문서의 정확한 입력·관리
• 고객·협력사·유관 부서 문의 대응 및 이슈 조율
• 업무 절차 개선과 운영 리스크 사전 점검
• 주요 이슈 원인 분석 및 후속 조치 관리
• 정기 회의 자료 작성과 진행 현황 공유
• 현장 안전·보안·개인정보 보호 기준 준수","• 고객센터 운영 또는 팀 리딩 경험 관련 기본 지식 또는 실무 경험을 보유한 분
• 필수 자격·면허: CS Leaders 관리사 보유자 또는 입사 전 취득 가능한 분
• 맡은 업무를 정확하게 기록하고 마감까지 책임질 수 있는 분
• 문서작성, 이메일, 스프레드시트 등 기본 업무도구 활용이 가능한 분
• 고객 및 유관 부서와 원활하게 소통하고 요청사항을 정리할 수 있는 분
• 예상하지 못한 상황에서도 우선순위를 판단해 대응할 수 있는 분
• 업무상 취급하는 자료와 고객 정보를 안전하게 관리할 수 있는 분
• 직무 관련 교육을 꾸준히 이수하며 전문성을 높일 분","• 고객센터관리자 또는 유사 직무 경력 보유자
• 직무 관련 자격·면허 보유자: CS Leaders 관리사
• 직무 관련 자격·면허 보유자: 텔레마케팅관리사
• ERP, WMS, CRM, POS 등 직무 관련 시스템 사용 경험자
• 수치와 데이터를 활용한 실적 분석 경험자
• 다양한 이해관계자와 협업해 문제를 해결한 경험자
• 외국어 또는 관련 법규·안전 기준을 활용할 수 있는 분","• 지원서 및 제출서류의 허위기재 또는 허위 제출
• 채용 과정에서 본인 확인이 불가능한 경우
• 채용검진 결과 업무 수행에 부적합하다고 판단되는 경우
• 해외여행 및 근무에 결격사유가 있는 경우
• 기타 회사 또는 기관의 인사규정상 채용이 불가능한 경우",서류전형 > 직무과제 > 실무면접 > 최종합격
844,고객센터관리자 전문 인력,143,85,20260620,20260711,4,경력 2년 이상,기간제,서울특별시,석사 이상,"전문 협회에서 상담 품질과 센터 운영을 총괄하는 포지션을(를) 맡을 고객센터관리자를 모집합니다.

이번 포지션은 상담원관리, QA, KPI, 교육, 민원 escalation을 중심으로 운영 현장의 품질과 일정, 고객 경험을 함께 관리하는 역할입니다.

고객과 동료에게 신뢰를 주는 태도로 맡은 업무를 끝까지 책임지는 포지션입니다.

유관 부서 및 외부 파트너와 업무 기준을 공유하고, 이슈 발생 시 원인을 정리해 재발 방지 방안을 실행합니다.

초기에는 담당 업무의 프로세스와 시스템을 익히고, 이후에는 담당 영역의 지표 개선과 운영 표준화까지 주도하게 됩니다.","• 상담원관리, QA, KPI, 교육, 민원 escalation 및 일일 운영 현황 관리
• 업무 일정·실적·품질 지표 점검 및 보고
• 관련 시스템과 문서의 정확한 입력·관리
• 고객·협력사·유관 부서 문의 대응 및 이슈 조율
• 업무 절차 개선과 운영 리스크 사전 점검
• 주요 이슈 원인 분석 및 후속 조치 관리
• 정기 회의 자료 작성과 진행 현황 공유
• 업무 매뉴얼 정비와 신규 구성원 온보딩 지원","• 고객센터 운영 또는 팀 리딩 경험 관련 기본 지식 또는 실무 경험을 보유한 분
• 필수 자격·면허: CS Leaders 관리사 보유자 또는 입사 전 취득 가능한 분
• 맡은 업무를 정확하게 기록하고 마감까지 책임질 수 있는 분
• 문서작성, 이메일, 스프레드시트 등 기본 업무도구 활용이 가능한 분
• 고객 및 유관 부서와 원활하게 소통하고 요청사항을 정리할 수 있는 분
• 예상하지 못한 상황에서도 우선순위를 판단해 대응할 수 있는 분
• 업무상 취급하는 자료와 고객 정보를 안전하게 관리할 수 있는 분
• 직무 관련 교육을 꾸준히 이수하며 전문성을 높일 분","• 고객센터관리자 또는 유사 직무 경력 보유자
• 직무 관련 자격·면허 보유자: CS Leaders 관리사
• 직무 관련 자격·면허 보유자: 텔레마케팅관리사
• ERP, WMS, CRM, POS 등 직무 관련 시스템 사용 경험자
• 수치와 데이터를 활용한 실적 분석 경험자
• 다양한 이해관계자와 협업해 문제를 해결한 경험자
• 신규 프로세스 구축이나 업무 자동화 경험자","• 지원서 및 제출서류의 허위기재 또는 허위 제출
• 채용 과정에서 본인 확인이 불가능한 경우
• 채용검진 결과 업무 수행에 부적합하다고 판단되는 경우
• 해외여행 및 근무에 결격사유가 있는 경우
• 기타 회사 또는 기관의 인사규정상 채용이 불가능한 경우",서류전형 > 1차면접 > 2차면접 > 채용검진
845,고객센터관리자 경력 채용,117,85,20260707,20260804,15,경력 3년 이상,정규직,대전광역시,박사 이상,"공공서비스 운영기관에서 상담 품질과 센터 운영을 총괄하는 포지션을(를) 맡을 고객센터관리자를 모집합니다.

이번 포지션은 상담원관리, QA, KPI, 교육, 민원 escalation을 중심으로 운영 현장의 품질과 일정, 고객 경험을 함께 관리하는 역할입니다.

데이터와 현장 감각을 함께 활용해 반복 업무를 효율화하는 역할입니다.

유관 부서 및 외부 파트너와 업무 기준을 공유하고, 이슈 발생 시 원인을 정리해 재발 방지 방안을 실행합니다.

초기에는 담당 업무의 프로세스와 시스템을 익히고, 이후에는 담당 영역의 지표 개선과 운영 표준화까지 주도하게 됩니다.","• 상담원관리, QA, KPI, 교육, 민원 escalation 및 일일 운영 현황 관리
• 업무 일정·실적·품질 지표 점검 및 보고
• 관련 시스템과 문서의 정확한 입력·관리
• 고객·협력사·유관 부서 문의 대응 및 이슈 조율
• 업무 절차 개선과 운영 리스크 사전 점검
• 주요 이슈 원인 분석 및 후속 조치 관리
• 정기 회의 자료 작성과 진행 현황 공유
• 현장 안전·보안·개인정보 보호 기준 준수","• 고객센터 운영 또는 팀 리딩 경험 관련 기본 지식 또는 실무 경험을 보유한 분
• 필수 자격·면허: CS Leaders 관리사 보유자 또는 입사 전 취득 가능한 분
• 맡은 업무를 정확하게 기록하고 마감까지 책임질 수 있는 분
• 문서작성, 이메일, 스프레드시트 등 기본 업무도구 활용이 가능한 분
• 고객 및 유관 부서와 원활하게 소통하고 요청사항을 정리할 수 있는 분
• 예상하지 못한 상황에서도 우선순위를 판단해 대응할 수 있는 분
• 업무상 취급하는 자료와 고객 정보를 안전하게 관리할 수 있는 분
• 교대·주말·현장 근무가 포함될 수 있는 일정에 대응 가능한 분","• 고객센터관리자 또는 유사 직무 경력 보유자
• 직무 관련 자격·면허 보유자: CS Leaders 관리사
• 직무 관련 자격·면허 보유자: 텔레마케팅관리사
• ERP, WMS, CRM, POS 등 직무 관련 시스템 사용 경험자
• 수치와 데이터를 활용한 실적 분석 경험자
• 다양한 이해관계자와 협업해 문제를 해결한 경험자
• 외국어 또는 관련 법규·안전 기준을 활용할 수 있는 분","• 지원서 및 제출서류의 허위기재 또는 허위 제출
• 채용 과정에서 본인 확인이 불가능한 경우
• 채용검진 결과 업무 수행에 부적합하다고 판단되는 경우
• 해외여행 및 근무에 결격사유가 있는 경우
• 기타 회사 또는 기관의 인사규정상 채용이 불가능한 경우",서류전형 > 필기전형 > 면접전형 > 최종합격
846,고객센터관리자 현장 책임자,141,85,20260724,20260828,6,경력 5년 이상,계약직,세종특별자치시,학력무관,"대기업 사업부에서 상담 품질과 센터 운영을 총괄하는 포지션을(를) 맡을 고객센터관리자를 모집합니다.

이번 포지션은 상담원관리, QA, KPI, 교육, 민원 escalation을 중심으로 운영 현장의 품질과 일정, 고객 경험을 함께 관리하는 역할입니다.

정해진 절차를 지키되 상황에 맞게 유연하게 대응하는 실무자를 모집합니다.

유관 부서 및 외부 파트너와 업무 기준을 공유하고, 이슈 발생 시 원인을 정리해 재발 방지 방안을 실행합니다.

초기에는 담당 업무의 프로세스와 시스템을 익히고, 이후에는 담당 영역의 지표 개선과 운영 표준화까지 주도하게 됩니다.","• 상담원관리, QA, KPI, 교육, 민원 escalation 및 일일 운영 현황 관리
• 업무 일정·실적·품질 지표 점검 및 보고
• 관련 시스템과 문서의 정확한 입력·관리
• 고객·협력사·유관 부서 문의 대응 및 이슈 조율
• 업무 절차 개선과 운영 리스크 사전 점검
• 주요 이슈 원인 분석 및 후속 조치 관리
• 정기 회의 자료 작성과 진행 현황 공유
• 업무 매뉴얼 정비와 신규 구성원 온보딩 지원","• 고객센터 운영 또는 팀 리딩 경험 관련 기본 지식 또는 실무 경험을 보유한 분
• 필수 자격·면허: CS Leaders 관리사 보유자 또는 입사 전 취득 가능한 분
• 맡은 업무를 정확하게 기록하고 마감까지 책임질 수 있는 분
• 문서작성, 이메일, 스프레드시트 등 기본 업무도구 활용이 가능한 분
• 고객 및 유관 부서와 원활하게 소통하고 요청사항을 정리할 수 있는 분
• 예상하지 못한 상황에서도 우선순위를 판단해 대응할 수 있는 분
• 업무상 취급하는 자료와 고객 정보를 안전하게 관리할 수 있는 분
• 직무 관련 교육을 꾸준히 이수하며 전문성을 높일 분","• 고객센터관리자 또는 유사 직무 경력 보유자
• 직무 관련 자격·면허 보유자: CS Leaders 관리사
• 직무 관련 자격·면허 보유자: 텔레마케팅관리사
• ERP, WMS, CRM, POS 등 직무 관련 시스템 사용 경험자
• 수치와 데이터를 활용한 실적 분석 경험자
• 다양한 이해관계자와 협업해 문제를 해결한 경험자
• 신규 프로세스 구축이나 업무 자동화 경험자","• 지원서 및 제출서류의 허위기재 또는 허위 제출
• 채용 과정에서 본인 확인이 불가능한 경우
• 채용검진 결과 업무 수행에 부적합하다고 판단되는 경우
• 해외여행 및 근무에 결격사유가 있는 경우
• 기타 회사 또는 기관의 인사규정상 채용이 불가능한 경우",서류전형 > 실무면접 > 최종면접
847,고객센터관리자 서비스 담당,93,85,20260810,20260921,17,경력 무관,무기계약직,충청북도,전문학사 이상,"중견 제조기업에서 상담 품질과 센터 운영을 총괄하는 포지션을(를) 맡을 고객센터관리자를 모집합니다.

이번 포지션은 상담원관리, QA, KPI, 교육, 민원 escalation을 중심으로 운영 현장의 품질과 일정, 고객 경험을 함께 관리하는 역할입니다.

부서 간 원활한 소통으로 일정과 품질을 안정적으로 관리하는 직무입니다.

유관 부서 및 외부 파트너와 업무 기준을 공유하고, 이슈 발생 시 원인을 정리해 재발 방지 방안을 실행합니다.

초기에는 담당 업무의 프로세스와 시스템을 익히고, 이후에는 담당 영역의 지표 개선과 운영 표준화까지 주도하게 됩니다.","• 상담원관리, QA, KPI, 교육, 민원 escalation 및 일일 운영 현황 관리
• 업무 일정·실적·품질 지표 점검 및 보고
• 관련 시스템과 문서의 정확한 입력·관리
• 고객·협력사·유관 부서 문의 대응 및 이슈 조율
• 업무 절차 개선과 운영 리스크 사전 점검
• 주요 이슈 원인 분석 및 후속 조치 관리
• 정기 회의 자료 작성과 진행 현황 공유
• 현장 안전·보안·개인정보 보호 기준 준수","• 고객센터 운영 또는 팀 리딩 경험 관련 기본 지식 또는 실무 경험을 보유한 분
• 필수 자격·면허: CS Leaders 관리사 보유자 또는 입사 전 취득 가능한 분
• 맡은 업무를 정확하게 기록하고 마감까지 책임질 수 있는 분
• 문서작성, 이메일, 스프레드시트 등 기본 업무도구 활용이 가능한 분
• 고객 및 유관 부서와 원활하게 소통하고 요청사항을 정리할 수 있는 분
• 예상하지 못한 상황에서도 우선순위를 판단해 대응할 수 있는 분
• 업무상 취급하는 자료와 고객 정보를 안전하게 관리할 수 있는 분
• 직무 관련 교육을 꾸준히 이수하며 전문성을 높일 분","• 고객센터관리자 또는 유사 직무 경력 보유자
• 직무 관련 자격·면허 보유자: CS Leaders 관리사
• 직무 관련 자격·면허 보유자: 텔레마케팅관리사
• ERP, WMS, CRM, POS 등 직무 관련 시스템 사용 경험자
• 수치와 데이터를 활용한 실적 분석 경험자
• 다양한 이해관계자와 협업해 문제를 해결한 경험자
• 외국어 또는 관련 법규·안전 기준을 활용할 수 있는 분","• 지원서 및 제출서류의 허위기재 또는 허위 제출
• 채용 과정에서 본인 확인이 불가능한 경우
• 채용검진 결과 업무 수행에 부적합하다고 판단되는 경우
• 해외여행 및 근무에 결격사유가 있는 경우
• 기타 회사 또는 기관의 인사규정상 채용이 불가능한 경우",서류전형 > 인성검사 > 실무면접 > 최종면접
848,고객센터관리자 담당자,26,85,20260827,20260909,8,신입,기간제,전라남도,학사 이상,"전문 중소기업에서 상담 품질과 센터 운영을 총괄하는 포지션을(를) 맡을 고객센터관리자를 모집합니다.

이번 포지션은 상담원관리, QA, KPI, 교육, 민원 escalation을 중심으로 운영 현장의 품질과 일정, 고객 경험을 함께 관리하는 역할입니다.

서비스 품질과 안전을 우선하며 꾸준히 전문성을 쌓을 수 있는 포지션입니다.

유관 부서 및 외부 파트너와 업무 기준을 공유하고, 이슈 발생 시 원인을 정리해 재발 방지 방안을 실행합니다.

초기에는 담당 업무의 프로세스와 시스템을 익히고, 이후에는 담당 영역의 지표 개선과 운영 표준화까지 주도하게 됩니다.","• 상담원관리, QA, KPI, 교육, 민원 escalation 및 일일 운영 현황 관리
• 업무 일정·실적·품질 지표 점검 및 보고
• 관련 시스템과 문서의 정확한 입력·관리
• 고객·협력사·유관 부서 문의 대응 및 이슈 조율
• 업무 절차 개선과 운영 리스크 사전 점검
• 주요 이슈 원인 분석 및 후속 조치 관리
• 정기 회의 자료 작성과 진행 현황 공유
• 업무 매뉴얼 정비와 신규 구성원 온보딩 지원","• 고객센터 운영 또는 팀 리딩 경험 관련 기본 지식 또는 실무 경험을 보유한 분
• 필수 자격·면허: CS Leaders 관리사 보유자 또는 입사 전 취득 가능한 분
• 맡은 업무를 정확하게 기록하고 마감까지 책임질 수 있는 분
• 문서작성, 이메일, 스프레드시트 등 기본 업무도구 활용이 가능한 분
• 고객 및 유관 부서와 원활하게 소통하고 요청사항을 정리할 수 있는 분
• 예상하지 못한 상황에서도 우선순위를 판단해 대응할 수 있는 분
• 업무상 취급하는 자료와 고객 정보를 안전하게 관리할 수 있는 분
• 교대·주말·현장 근무가 포함될 수 있는 일정에 대응 가능한 분","• 고객센터관리자 또는 유사 직무 경력 보유자
• 직무 관련 자격·면허 보유자: CS Leaders 관리사
• 직무 관련 자격·면허 보유자: 텔레마케팅관리사
• ERP, WMS, CRM, POS 등 직무 관련 시스템 사용 경험자
• 수치와 데이터를 활용한 실적 분석 경험자
• 다양한 이해관계자와 협업해 문제를 해결한 경험자
• 신규 프로세스 구축이나 업무 자동화 경험자","• 지원서 및 제출서류의 허위기재 또는 허위 제출
• 채용 과정에서 본인 확인이 불가능한 경우
• 채용검진 결과 업무 수행에 부적합하다고 판단되는 경우
• 해외여행 및 근무에 결격사유가 있는 경우
• 기타 회사 또는 기관의 인사규정상 채용이 불가능한 경우",서류전형 > 직무과제 > 실무면접 > 최종합격
849,고객센터관리자 실무자,47,85,20260913,20261003,19,경력,정규직,제주특별자치도,석사 이상,"성장 단계 스타트업에서 상담 품질과 센터 운영을 총괄하는 포지션을(를) 맡을 고객센터관리자를 모집합니다.

이번 포지션은 상담원관리, QA, KPI, 교육, 민원 escalation을 중심으로 운영 현장의 품질과 일정, 고객 경험을 함께 관리하는 역할입니다.

기본기를 바탕으로 새로운 업무를 빠르게 익히고 실행할 분을 모십니다.

유관 부서 및 외부 파트너와 업무 기준을 공유하고, 이슈 발생 시 원인을 정리해 재발 방지 방안을 실행합니다.

초기에는 담당 업무의 프로세스와 시스템을 익히고, 이후에는 담당 영역의 지표 개선과 운영 표준화까지 주도하게 됩니다.","• 상담원관리, QA, KPI, 교육, 민원 escalation 및 일일 운영 현황 관리
• 업무 일정·실적·품질 지표 점검 및 보고
• 관련 시스템과 문서의 정확한 입력·관리
• 고객·협력사·유관 부서 문의 대응 및 이슈 조율
• 업무 절차 개선과 운영 리스크 사전 점검
• 주요 이슈 원인 분석 및 후속 조치 관리
• 정기 회의 자료 작성과 진행 현황 공유
• 현장 안전·보안·개인정보 보호 기준 준수","• 고객센터 운영 또는 팀 리딩 경험 관련 기본 지식 또는 실무 경험을 보유한 분
• 필수 자격·면허: CS Leaders 관리사 보유자 또는 입사 전 취득 가능한 분
• 맡은 업무를 정확하게 기록하고 마감까지 책임질 수 있는 분
• 문서작성, 이메일, 스프레드시트 등 기본 업무도구 활용이 가능한 분
• 고객 및 유관 부서와 원활하게 소통하고 요청사항을 정리할 수 있는 분
• 예상하지 못한 상황에서도 우선순위를 판단해 대응할 수 있는 분
• 업무상 취급하는 자료와 고객 정보를 안전하게 관리할 수 있는 분
• 직무 관련 교육을 꾸준히 이수하며 전문성을 높일 분","• 고객센터관리자 또는 유사 직무 경력 보유자
• 직무 관련 자격·면허 보유자: CS Leaders 관리사
• 직무 관련 자격·면허 보유자: 텔레마케팅관리사
• ERP, WMS, CRM, POS 등 직무 관련 시스템 사용 경험자
• 수치와 데이터를 활용한 실적 분석 경험자
• 다양한 이해관계자와 협업해 문제를 해결한 경험자
• 외국어 또는 관련 법규·안전 기준을 활용할 수 있는 분","• 지원서 및 제출서류의 허위기재 또는 허위 제출
• 채용 과정에서 본인 확인이 불가능한 경우
• 채용검진 결과 업무 수행에 부적합하다고 판단되는 경우
• 해외여행 및 근무에 결격사유가 있는 경우
• 기타 회사 또는 기관의 인사규정상 채용이 불가능한 경우",서류전형 > 1차면접 > 2차면접 > 채용검진
850,고객센터관리자 운영 매니저,36,85,20260930,20261027,10,신입·경력,계약직,인천광역시,박사 이상,"종합병원 운영조직에서 상담 품질과 센터 운영을 총괄하는 포지션을(를) 맡을 고객센터관리자를 모집합니다.

이번 포지션은 상담원관리, QA, KPI, 교육, 민원 escalation을 중심으로 운영 현장의 품질과 일정, 고객 경험을 함께 관리하는 역할입니다.

성과와 고객 만족을 함께 고려하며 실질적인 변화를 만드는 역할입니다.

유관 부서 및 외부 파트너와 업무 기준을 공유하고, 이슈 발생 시 원인을 정리해 재발 방지 방안을 실행합니다.

초기에는 담당 업무의 프로세스와 시스템을 익히고, 이후에는 담당 영역의 지표 개선과 운영 표준화까지 주도하게 됩니다.","• 상담원관리, QA, KPI, 교육, 민원 escalation 및 일일 운영 현황 관리
• 업무 일정·실적·품질 지표 점검 및 보고
• 관련 시스템과 문서의 정확한 입력·관리
• 고객·협력사·유관 부서 문의 대응 및 이슈 조율
• 업무 절차 개선과 운영 리스크 사전 점검
• 주요 이슈 원인 분석 및 후속 조치 관리
• 정기 회의 자료 작성과 진행 현황 공유
• 업무 매뉴얼 정비와 신규 구성원 온보딩 지원","• 고객센터 운영 또는 팀 리딩 경험 관련 기본 지식 또는 실무 경험을 보유한 분
• 필수 자격·면허: CS Leaders 관리사 보유자 또는 입사 전 취득 가능한 분
• 맡은 업무를 정확하게 기록하고 마감까지 책임질 수 있는 분
• 문서작성, 이메일, 스프레드시트 등 기본 업무도구 활용이 가능한 분
• 고객 및 유관 부서와 원활하게 소통하고 요청사항을 정리할 수 있는 분
• 예상하지 못한 상황에서도 우선순위를 판단해 대응할 수 있는 분
• 업무상 취급하는 자료와 고객 정보를 안전하게 관리할 수 있는 분
• 직무 관련 교육을 꾸준히 이수하며 전문성을 높일 분","• 고객센터관리자 또는 유사 직무 경력 보유자
• 직무 관련 자격·면허 보유자: CS Leaders 관리사
• 직무 관련 자격·면허 보유자: 텔레마케팅관리사
• ERP, WMS, CRM, POS 등 직무 관련 시스템 사용 경험자
• 수치와 데이터를 활용한 실적 분석 경험자
• 다양한 이해관계자와 협업해 문제를 해결한 경험자
• 신규 프로세스 구축이나 업무 자동화 경험자","• 지원서 및 제출서류의 허위기재 또는 허위 제출
• 채용 과정에서 본인 확인이 불가능한 경우
• 채용검진 결과 업무 수행에 부적합하다고 판단되는 경우
• 해외여행 및 근무에 결격사유가 있는 경우
• 기타 회사 또는 기관의 인사규정상 채용이 불가능한 경우",서류전형 > 필기전형 > 면접전형 > 최종합격
851,금융사무 경력 채용,31,86,20261017,20261120,1,경력 3년 이상,무기계약직,세종특별자치시,전문학사 이상,"대학 산학협력단에서 금융 거래와 고객 서류를 정확하게 처리하는 포지션을(를) 맡을 금융사무를 모집합니다.

이번 포지션은 계좌·계약, 서류검증, 전산입력, 정산, 고객안내을 중심으로 운영 현장의 품질과 일정, 고객 경험을 함께 관리하는 역할입니다.

정확한 실행력과 협업을 바탕으로 안정적인 운영을 함께 만들어 갈 분을 찾습니다.

유관 부서 및 외부 파트너와 업무 기준을 공유하고, 이슈 발생 시 원인을 정리해 재발 방지 방안을 실행합니다.

초기에는 담당 업무의 프로세스와 시스템을 익히고, 이후에는 담당 영역의 지표 개선과 운영 표준화까지 주도하게 됩니다.","• 계좌·계약, 서류검증, 전산입력, 정산, 고객안내 및 일일 운영 현황 관리
• 업무 일정·실적·품질 지표 점검 및 보고
• 관련 시스템과 문서의 정확한 입력·관리
• 고객·협력사·유관 부서 문의 대응 및 이슈 조율
• 업무 절차 개선과 운영 리스크 사전 점검
• 주요 이슈 원인 분석 및 후속 조치 관리
• 정기 회의 자료 작성과 진행 현황 공유
• 현장 안전·보안·개인정보 보호 기준 준수","• 금융사무와 문서 검토 역량 관련 기본 지식 또는 실무 경험을 보유한 분
• 필수 자격·면허: 은행텔러 자격 보유자 또는 입사 전 취득 가능한 분
• 맡은 업무를 정확하게 기록하고 마감까지 책임질 수 있는 분
• 문서작성, 이메일, 스프레드시트 등 기본 업무도구 활용이 가능한 분
• 고객 및 유관 부서와 원활하게 소통하고 요청사항을 정리할 수 있는 분
• 예상하지 못한 상황에서도 우선순위를 판단해 대응할 수 있는 분
• 업무상 취급하는 자료와 고객 정보를 안전하게 관리할 수 있는 분
• 교대·주말·현장 근무가 포함될 수 있는 일정에 대응 가능한 분","• 금융사무 또는 유사 직무 경력 보유자
• 직무 관련 자격·면허 보유자: 은행텔러 자격
• 직무 관련 자격·면허 보유자: 펀드투자권유자문인력
• ERP, WMS, CRM, POS 등 직무 관련 시스템 사용 경험자
• 수치와 데이터를 활용한 실적 분석 경험자
• 다양한 이해관계자와 협업해 문제를 해결한 경험자
• 외국어 또는 관련 법규·안전 기준을 활용할 수 있는 분","• 지원서 및 제출서류의 허위기재 또는 허위 제출
• 채용 과정에서 본인 확인이 불가능한 경우
• 채용검진 결과 업무 수행에 부적합하다고 판단되는 경우
• 해외여행 및 근무에 결격사유가 있는 경우
• 기타 회사 또는 기관의 인사규정상 채용이 불가능한 경우",서류전형 > 인성검사 > 실무면접 > 최종면접
852,금융사무 현장 책임자,142,86,20261103,20261214,12,경력 5년 이상,기간제,충청북도,학사 이상,"기업 부설 연구소에서 금융 거래와 고객 서류를 정확하게 처리하는 포지션을(를) 맡을 금융사무를 모집합니다.

이번 포지션은 계좌·계약, 서류검증, 전산입력, 정산, 고객안내을 중심으로 운영 현장의 품질과 일정, 고객 경험을 함께 관리하는 역할입니다.

현장과 유관 부서의 요구를 연결하며 업무 품질을 높이는 역할입니다.

유관 부서 및 외부 파트너와 업무 기준을 공유하고, 이슈 발생 시 원인을 정리해 재발 방지 방안을 실행합니다.

초기에는 담당 업무의 프로세스와 시스템을 익히고, 이후에는 담당 영역의 지표 개선과 운영 표준화까지 주도하게 됩니다.","• 계좌·계약, 서류검증, 전산입력, 정산, 고객안내 및 일일 운영 현황 관리
• 업무 일정·실적·품질 지표 점검 및 보고
• 관련 시스템과 문서의 정확한 입력·관리
• 고객·협력사·유관 부서 문의 대응 및 이슈 조율
• 업무 절차 개선과 운영 리스크 사전 점검
• 주요 이슈 원인 분석 및 후속 조치 관리
• 정기 회의 자료 작성과 진행 현황 공유
• 업무 매뉴얼 정비와 신규 구성원 온보딩 지원","• 금융사무와 문서 검토 역량 관련 기본 지식 또는 실무 경험을 보유한 분
• 필수 자격·면허: 은행텔러 자격 보유자 또는 입사 전 취득 가능한 분
• 맡은 업무를 정확하게 기록하고 마감까지 책임질 수 있는 분
• 문서작성, 이메일, 스프레드시트 등 기본 업무도구 활용이 가능한 분
• 고객 및 유관 부서와 원활하게 소통하고 요청사항을 정리할 수 있는 분
• 예상하지 못한 상황에서도 우선순위를 판단해 대응할 수 있는 분
• 업무상 취급하는 자료와 고객 정보를 안전하게 관리할 수 있는 분
• 직무 관련 교육을 꾸준히 이수하며 전문성을 높일 분","• 금융사무 또는 유사 직무 경력 보유자
• 직무 관련 자격·면허 보유자: 은행텔러 자격
• 직무 관련 자격·면허 보유자: 펀드투자권유자문인력
• ERP, WMS, CRM, POS 등 직무 관련 시스템 사용 경험자
• 수치와 데이터를 활용한 실적 분석 경험자
• 다양한 이해관계자와 협업해 문제를 해결한 경험자
• 신규 프로세스 구축이나 업무 자동화 경험자","• 지원서 및 제출서류의 허위기재 또는 허위 제출
• 채용 과정에서 본인 확인이 불가능한 경우
• 채용검진 결과 업무 수행에 부적합하다고 판단되는 경우
• 해외여행 및 근무에 결격사유가 있는 경우
• 기타 회사 또는 기관의 인사규정상 채용이 불가능한 경우",서류전형 > 직무과제 > 실무면접 > 최종합격
853,금융사무 서비스 담당,154,86,20261120,20261202,3,경력 무관,정규직,전라남도,석사 이상,"전문 협회에서 금융 거래와 고객 서류를 정확하게 처리하는 포지션을(를) 맡을 금융사무를 모집합니다.

이번 포지션은 계좌·계약, 서류검증, 전산입력, 정산, 고객안내을 중심으로 운영 현장의 품질과 일정, 고객 경험을 함께 관리하는 역할입니다.

업무 기준을 준수하면서도 개선점을 주도적으로 제안할 수 있는 분을 기다립니다.

유관 부서 및 외부 파트너와 업무 기준을 공유하고, 이슈 발생 시 원인을 정리해 재발 방지 방안을 실행합니다.

초기에는 담당 업무의 프로세스와 시스템을 익히고, 이후에는 담당 영역의 지표 개선과 운영 표준화까지 주도하게 됩니다.","• 계좌·계약, 서류검증, 전산입력, 정산, 고객안내 및 일일 운영 현황 관리
• 업무 일정·실적·품질 지표 점검 및 보고
• 관련 시스템과 문서의 정확한 입력·관리
• 고객·협력사·유관 부서 문의 대응 및 이슈 조율
• 업무 절차 개선과 운영 리스크 사전 점검
• 주요 이슈 원인 분석 및 후속 조치 관리
• 정기 회의 자료 작성과 진행 현황 공유
• 현장 안전·보안·개인정보 보호 기준 준수","• 금융사무와 문서 검토 역량 관련 기본 지식 또는 실무 경험을 보유한 분
• 필수 자격·면허: 은행텔러 자격 보유자 또는 입사 전 취득 가능한 분
• 맡은 업무를 정확하게 기록하고 마감까지 책임질 수 있는 분
• 문서작성, 이메일, 스프레드시트 등 기본 업무도구 활용이 가능한 분
• 고객 및 유관 부서와 원활하게 소통하고 요청사항을 정리할 수 있는 분
• 예상하지 못한 상황에서도 우선순위를 판단해 대응할 수 있는 분
• 업무상 취급하는 자료와 고객 정보를 안전하게 관리할 수 있는 분
• 직무 관련 교육을 꾸준히 이수하며 전문성을 높일 분","• 금융사무 또는 유사 직무 경력 보유자
• 직무 관련 자격·면허 보유자: 은행텔러 자격
• 직무 관련 자격·면허 보유자: 펀드투자권유자문인력
• ERP, WMS, CRM, POS 등 직무 관련 시스템 사용 경험자
• 수치와 데이터를 활용한 실적 분석 경험자
• 다양한 이해관계자와 협업해 문제를 해결한 경험자
• 외국어 또는 관련 법규·안전 기준을 활용할 수 있는 분","• 지원서 및 제출서류의 허위기재 또는 허위 제출
• 채용 과정에서 본인 확인이 불가능한 경우
• 채용검진 결과 업무 수행에 부적합하다고 판단되는 경우
• 해외여행 및 근무에 결격사유가 있는 경우
• 기타 회사 또는 기관의 인사규정상 채용이 불가능한 경우",서류전형 > 1차면접 > 2차면접 > 채용검진
854,금융사무 담당자,60,86,20261207,20261226,14,신입,계약직,제주특별자치도,박사 이상,"공공서비스 운영기관에서 금융 거래와 고객 서류를 정확하게 처리하는 포지션을(를) 맡을 금융사무를 모집합니다.

이번 포지션은 계좌·계약, 서류검증, 전산입력, 정산, 고객안내을 중심으로 운영 현장의 품질과 일정, 고객 경험을 함께 관리하는 역할입니다.

고객과 동료에게 신뢰를 주는 태도로 맡은 업무를 끝까지 책임지는 포지션입니다.

유관 부서 및 외부 파트너와 업무 기준을 공유하고, 이슈 발생 시 원인을 정리해 재발 방지 방안을 실행합니다.

초기에는 담당 업무의 프로세스와 시스템을 익히고, 이후에는 담당 영역의 지표 개선과 운영 표준화까지 주도하게 됩니다.","• 계좌·계약, 서류검증, 전산입력, 정산, 고객안내 및 일일 운영 현황 관리
• 업무 일정·실적·품질 지표 점검 및 보고
• 관련 시스템과 문서의 정확한 입력·관리
• 고객·협력사·유관 부서 문의 대응 및 이슈 조율
• 업무 절차 개선과 운영 리스크 사전 점검
• 주요 이슈 원인 분석 및 후속 조치 관리
• 정기 회의 자료 작성과 진행 현황 공유
• 업무 매뉴얼 정비와 신규 구성원 온보딩 지원","• 금융사무와 문서 검토 역량 관련 기본 지식 또는 실무 경험을 보유한 분
• 필수 자격·면허: 은행텔러 자격 보유자 또는 입사 전 취득 가능한 분
• 맡은 업무를 정확하게 기록하고 마감까지 책임질 수 있는 분
• 문서작성, 이메일, 스프레드시트 등 기본 업무도구 활용이 가능한 분
• 고객 및 유관 부서와 원활하게 소통하고 요청사항을 정리할 수 있는 분
• 예상하지 못한 상황에서도 우선순위를 판단해 대응할 수 있는 분
• 업무상 취급하는 자료와 고객 정보를 안전하게 관리할 수 있는 분
• 교대·주말·현장 근무가 포함될 수 있는 일정에 대응 가능한 분","• 금융사무 또는 유사 직무 경력 보유자
• 직무 관련 자격·면허 보유자: 은행텔러 자격
• 직무 관련 자격·면허 보유자: 펀드투자권유자문인력
• ERP, WMS, CRM, POS 등 직무 관련 시스템 사용 경험자
• 수치와 데이터를 활용한 실적 분석 경험자
• 다양한 이해관계자와 협업해 문제를 해결한 경험자
• 신규 프로세스 구축이나 업무 자동화 경험자","• 지원서 및 제출서류의 허위기재 또는 허위 제출
• 채용 과정에서 본인 확인이 불가능한 경우
• 채용검진 결과 업무 수행에 부적합하다고 판단되는 경우
• 해외여행 및 근무에 결격사유가 있는 경우
• 기타 회사 또는 기관의 인사규정상 채용이 불가능한 경우",서류전형 > 필기전형 > 면접전형 > 최종합격
855,금융사무 실무자,97,86,20260113,20260208,5,경력,무기계약직,인천광역시,학력무관,"대기업 사업부에서 금융 거래와 고객 서류를 정확하게 처리하는 포지션을(를) 맡을 금융사무를 모집합니다.

이번 포지션은 계좌·계약, 서류검증, 전산입력, 정산, 고객안내을 중심으로 운영 현장의 품질과 일정, 고객 경험을 함께 관리하는 역할입니다.

데이터와 현장 감각을 함께 활용해 반복 업무를 효율화하는 역할입니다.

유관 부서 및 외부 파트너와 업무 기준을 공유하고, 이슈 발생 시 원인을 정리해 재발 방지 방안을 실행합니다.

초기에는 담당 업무의 프로세스와 시스템을 익히고, 이후에는 담당 영역의 지표 개선과 운영 표준화까지 주도하게 됩니다.","• 계좌·계약, 서류검증, 전산입력, 정산, 고객안내 및 일일 운영 현황 관리
• 업무 일정·실적·품질 지표 점검 및 보고
• 관련 시스템과 문서의 정확한 입력·관리
• 고객·협력사·유관 부서 문의 대응 및 이슈 조율
• 업무 절차 개선과 운영 리스크 사전 점검
• 주요 이슈 원인 분석 및 후속 조치 관리
• 정기 회의 자료 작성과 진행 현황 공유
• 현장 안전·보안·개인정보 보호 기준 준수","• 금융사무와 문서 검토 역량 관련 기본 지식 또는 실무 경험을 보유한 분
• 필수 자격·면허: 은행텔러 자격 보유자 또는 입사 전 취득 가능한 분
• 맡은 업무를 정확하게 기록하고 마감까지 책임질 수 있는 분
• 문서작성, 이메일, 스프레드시트 등 기본 업무도구 활용이 가능한 분
• 고객 및 유관 부서와 원활하게 소통하고 요청사항을 정리할 수 있는 분
• 예상하지 못한 상황에서도 우선순위를 판단해 대응할 수 있는 분
• 업무상 취급하는 자료와 고객 정보를 안전하게 관리할 수 있는 분
• 직무 관련 교육을 꾸준히 이수하며 전문성을 높일 분","• 금융사무 또는 유사 직무 경력 보유자
• 직무 관련 자격·면허 보유자: 은행텔러 자격
• 직무 관련 자격·면허 보유자: 펀드투자권유자문인력
• ERP, WMS, CRM, POS 등 직무 관련 시스템 사용 경험자
• 수치와 데이터를 활용한 실적 분석 경험자
• 다양한 이해관계자와 협업해 문제를 해결한 경험자
• 외국어 또는 관련 법규·안전 기준을 활용할 수 있는 분","• 지원서 및 제출서류의 허위기재 또는 허위 제출
• 채용 과정에서 본인 확인이 불가능한 경우
• 채용검진 결과 업무 수행에 부적합하다고 판단되는 경우
• 해외여행 및 근무에 결격사유가 있는 경우
• 기타 회사 또는 기관의 인사규정상 채용이 불가능한 경우",서류전형 > 실무면접 > 최종면접
856,금융사무 운영 매니저,15,86,20260130,20260304,16,신입·경력,기간제,울산광역시,전문학사 이상,"중견 제조기업에서 금융 거래와 고객 서류를 정확하게 처리하는 포지션을(를) 맡을 금융사무를 모집합니다.

이번 포지션은 계좌·계약, 서류검증, 전산입력, 정산, 고객안내을 중심으로 운영 현장의 품질과 일정, 고객 경험을 함께 관리하는 역할입니다.

정해진 절차를 지키되 상황에 맞게 유연하게 대응하는 실무자를 모집합니다.

유관 부서 및 외부 파트너와 업무 기준을 공유하고, 이슈 발생 시 원인을 정리해 재발 방지 방안을 실행합니다.

초기에는 담당 업무의 프로세스와 시스템을 익히고, 이후에는 담당 영역의 지표 개선과 운영 표준화까지 주도하게 됩니다.","• 계좌·계약, 서류검증, 전산입력, 정산, 고객안내 및 일일 운영 현황 관리
• 업무 일정·실적·품질 지표 점검 및 보고
• 관련 시스템과 문서의 정확한 입력·관리
• 고객·협력사·유관 부서 문의 대응 및 이슈 조율
• 업무 절차 개선과 운영 리스크 사전 점검
• 주요 이슈 원인 분석 및 후속 조치 관리
• 정기 회의 자료 작성과 진행 현황 공유
• 업무 매뉴얼 정비와 신규 구성원 온보딩 지원","• 금융사무와 문서 검토 역량 관련 기본 지식 또는 실무 경험을 보유한 분
• 필수 자격·면허: 은행텔러 자격 보유자 또는 입사 전 취득 가능한 분
• 맡은 업무를 정확하게 기록하고 마감까지 책임질 수 있는 분
• 문서작성, 이메일, 스프레드시트 등 기본 업무도구 활용이 가능한 분
• 고객 및 유관 부서와 원활하게 소통하고 요청사항을 정리할 수 있는 분
• 예상하지 못한 상황에서도 우선순위를 판단해 대응할 수 있는 분
• 업무상 취급하는 자료와 고객 정보를 안전하게 관리할 수 있는 분
• 직무 관련 교육을 꾸준히 이수하며 전문성을 높일 분","• 금융사무 또는 유사 직무 경력 보유자
• 직무 관련 자격·면허 보유자: 은행텔러 자격
• 직무 관련 자격·면허 보유자: 펀드투자권유자문인력
• ERP, WMS, CRM, POS 등 직무 관련 시스템 사용 경험자
• 수치와 데이터를 활용한 실적 분석 경험자
• 다양한 이해관계자와 협업해 문제를 해결한 경험자
• 신규 프로세스 구축이나 업무 자동화 경험자","• 지원서 및 제출서류의 허위기재 또는 허위 제출
• 채용 과정에서 본인 확인이 불가능한 경우
• 채용검진 결과 업무 수행에 부적합하다고 판단되는 경우
• 해외여행 및 근무에 결격사유가 있는 경우
• 기타 회사 또는 기관의 인사규정상 채용이 불가능한 경우",서류전형 > 인성검사 > 실무면접 > 최종면접
857,금융사무 전문 인력,109,86,20260216,20260328,7,경력 2년 이상,정규직,강원특별자치도,학사 이상,"전문 중소기업에서 금융 거래와 고객 서류를 정확하게 처리하는 포지션을(를) 맡을 금융사무를 모집합니다.

이번 포지션은 계좌·계약, 서류검증, 전산입력, 정산, 고객안내을 중심으로 운영 현장의 품질과 일정, 고객 경험을 함께 관리하는 역할입니다.

부서 간 원활한 소통으로 일정과 품질을 안정적으로 관리하는 직무입니다.

유관 부서 및 외부 파트너와 업무 기준을 공유하고, 이슈 발생 시 원인을 정리해 재발 방지 방안을 실행합니다.

초기에는 담당 업무의 프로세스와 시스템을 익히고, 이후에는 담당 영역의 지표 개선과 운영 표준화까지 주도하게 됩니다.","• 계좌·계약, 서류검증, 전산입력, 정산, 고객안내 및 일일 운영 현황 관리
• 업무 일정·실적·품질 지표 점검 및 보고
• 관련 시스템과 문서의 정확한 입력·관리
• 고객·협력사·유관 부서 문의 대응 및 이슈 조율
• 업무 절차 개선과 운영 리스크 사전 점검
• 주요 이슈 원인 분석 및 후속 조치 관리
• 정기 회의 자료 작성과 진행 현황 공유
• 현장 안전·보안·개인정보 보호 기준 준수","• 금융사무와 문서 검토 역량 관련 기본 지식 또는 실무 경험을 보유한 분
• 필수 자격·면허: 은행텔러 자격 보유자 또는 입사 전 취득 가능한 분
• 맡은 업무를 정확하게 기록하고 마감까지 책임질 수 있는 분
• 문서작성, 이메일, 스프레드시트 등 기본 업무도구 활용이 가능한 분
• 고객 및 유관 부서와 원활하게 소통하고 요청사항을 정리할 수 있는 분
• 예상하지 못한 상황에서도 우선순위를 판단해 대응할 수 있는 분
• 업무상 취급하는 자료와 고객 정보를 안전하게 관리할 수 있는 분
• 교대·주말·현장 근무가 포함될 수 있는 일정에 대응 가능한 분","• 금융사무 또는 유사 직무 경력 보유자
• 직무 관련 자격·면허 보유자: 은행텔러 자격
• 직무 관련 자격·면허 보유자: 펀드투자권유자문인력
• ERP, WMS, CRM, POS 등 직무 관련 시스템 사용 경험자
• 수치와 데이터를 활용한 실적 분석 경험자
• 다양한 이해관계자와 협업해 문제를 해결한 경험자
• 외국어 또는 관련 법규·안전 기준을 활용할 수 있는 분","• 지원서 및 제출서류의 허위기재 또는 허위 제출
• 채용 과정에서 본인 확인이 불가능한 경우
• 채용검진 결과 업무 수행에 부적합하다고 판단되는 경우
• 해외여행 및 근무에 결격사유가 있는 경우
• 기타 회사 또는 기관의 인사규정상 채용이 불가능한 경우",서류전형 > 직무과제 > 실무면접 > 최종합격
858,금융사무 경력 채용,95,86,20260305,20260316,18,경력 3년 이상,계약직,전라북도,석사 이상,"성장 단계 스타트업에서 금융 거래와 고객 서류를 정확하게 처리하는 포지션을(를) 맡을 금융사무를 모집합니다.

이번 포지션은 계좌·계약, 서류검증, 전산입력, 정산, 고객안내을 중심으로 운영 현장의 품질과 일정, 고객 경험을 함께 관리하는 역할입니다.

서비스 품질과 안전을 우선하며 꾸준히 전문성을 쌓을 수 있는 포지션입니다.

유관 부서 및 외부 파트너와 업무 기준을 공유하고, 이슈 발생 시 원인을 정리해 재발 방지 방안을 실행합니다.

초기에는 담당 업무의 프로세스와 시스템을 익히고, 이후에는 담당 영역의 지표 개선과 운영 표준화까지 주도하게 됩니다.","• 계좌·계약, 서류검증, 전산입력, 정산, 고객안내 및 일일 운영 현황 관리
• 업무 일정·실적·품질 지표 점검 및 보고
• 관련 시스템과 문서의 정확한 입력·관리
• 고객·협력사·유관 부서 문의 대응 및 이슈 조율
• 업무 절차 개선과 운영 리스크 사전 점검
• 주요 이슈 원인 분석 및 후속 조치 관리
• 정기 회의 자료 작성과 진행 현황 공유
• 업무 매뉴얼 정비와 신규 구성원 온보딩 지원","• 금융사무와 문서 검토 역량 관련 기본 지식 또는 실무 경험을 보유한 분
• 필수 자격·면허: 은행텔러 자격 보유자 또는 입사 전 취득 가능한 분
• 맡은 업무를 정확하게 기록하고 마감까지 책임질 수 있는 분
• 문서작성, 이메일, 스프레드시트 등 기본 업무도구 활용이 가능한 분
• 고객 및 유관 부서와 원활하게 소통하고 요청사항을 정리할 수 있는 분
• 예상하지 못한 상황에서도 우선순위를 판단해 대응할 수 있는 분
• 업무상 취급하는 자료와 고객 정보를 안전하게 관리할 수 있는 분
• 직무 관련 교육을 꾸준히 이수하며 전문성을 높일 분","• 금융사무 또는 유사 직무 경력 보유자
• 직무 관련 자격·면허 보유자: 은행텔러 자격
• 직무 관련 자격·면허 보유자: 펀드투자권유자문인력
• ERP, WMS, CRM, POS 등 직무 관련 시스템 사용 경험자
• 수치와 데이터를 활용한 실적 분석 경험자
• 다양한 이해관계자와 협업해 문제를 해결한 경험자
• 신규 프로세스 구축이나 업무 자동화 경험자","• 지원서 및 제출서류의 허위기재 또는 허위 제출
• 채용 과정에서 본인 확인이 불가능한 경우
• 채용검진 결과 업무 수행에 부적합하다고 판단되는 경우
• 해외여행 및 근무에 결격사유가 있는 경우
• 기타 회사 또는 기관의 인사규정상 채용이 불가능한 경우",서류전형 > 1차면접 > 2차면접 > 채용검진
859,금융사무 현장 책임자,28,86,20260322,20260409,9,경력 5년 이상,무기계약직,경상남도,박사 이상,"종합병원 운영조직에서 금융 거래와 고객 서류를 정확하게 처리하는 포지션을(를) 맡을 금융사무를 모집합니다.

이번 포지션은 계좌·계약, 서류검증, 전산입력, 정산, 고객안내을 중심으로 운영 현장의 품질과 일정, 고객 경험을 함께 관리하는 역할입니다.

기본기를 바탕으로 새로운 업무를 빠르게 익히고 실행할 분을 모십니다.

유관 부서 및 외부 파트너와 업무 기준을 공유하고, 이슈 발생 시 원인을 정리해 재발 방지 방안을 실행합니다.

초기에는 담당 업무의 프로세스와 시스템을 익히고, 이후에는 담당 영역의 지표 개선과 운영 표준화까지 주도하게 됩니다.","• 계좌·계약, 서류검증, 전산입력, 정산, 고객안내 및 일일 운영 현황 관리
• 업무 일정·실적·품질 지표 점검 및 보고
• 관련 시스템과 문서의 정확한 입력·관리
• 고객·협력사·유관 부서 문의 대응 및 이슈 조율
• 업무 절차 개선과 운영 리스크 사전 점검
• 주요 이슈 원인 분석 및 후속 조치 관리
• 정기 회의 자료 작성과 진행 현황 공유
• 현장 안전·보안·개인정보 보호 기준 준수","• 금융사무와 문서 검토 역량 관련 기본 지식 또는 실무 경험을 보유한 분
• 필수 자격·면허: 은행텔러 자격 보유자 또는 입사 전 취득 가능한 분
• 맡은 업무를 정확하게 기록하고 마감까지 책임질 수 있는 분
• 문서작성, 이메일, 스프레드시트 등 기본 업무도구 활용이 가능한 분
• 고객 및 유관 부서와 원활하게 소통하고 요청사항을 정리할 수 있는 분
• 예상하지 못한 상황에서도 우선순위를 판단해 대응할 수 있는 분
• 업무상 취급하는 자료와 고객 정보를 안전하게 관리할 수 있는 분
• 직무 관련 교육을 꾸준히 이수하며 전문성을 높일 분","• 금융사무 또는 유사 직무 경력 보유자
• 직무 관련 자격·면허 보유자: 은행텔러 자격
• 직무 관련 자격·면허 보유자: 펀드투자권유자문인력
• ERP, WMS, CRM, POS 등 직무 관련 시스템 사용 경험자
• 수치와 데이터를 활용한 실적 분석 경험자
• 다양한 이해관계자와 협업해 문제를 해결한 경험자
• 외국어 또는 관련 법규·안전 기준을 활용할 수 있는 분","• 지원서 및 제출서류의 허위기재 또는 허위 제출
• 채용 과정에서 본인 확인이 불가능한 경우
• 채용검진 결과 업무 수행에 부적합하다고 판단되는 경우
• 해외여행 및 근무에 결격사유가 있는 경우
• 기타 회사 또는 기관의 인사규정상 채용이 불가능한 경우",서류전형 > 필기전형 > 면접전형 > 최종합격
860,금융사무 서비스 담당,134,86,20260408,20260503,20,경력 무관,기간제,부산광역시,학력무관,"대학 산학협력단에서 금융 거래와 고객 서류를 정확하게 처리하는 포지션을(를) 맡을 금융사무를 모집합니다.

이번 포지션은 계좌·계약, 서류검증, 전산입력, 정산, 고객안내을 중심으로 운영 현장의 품질과 일정, 고객 경험을 함께 관리하는 역할입니다.

성과와 고객 만족을 함께 고려하며 실질적인 변화를 만드는 역할입니다.

유관 부서 및 외부 파트너와 업무 기준을 공유하고, 이슈 발생 시 원인을 정리해 재발 방지 방안을 실행합니다.

초기에는 담당 업무의 프로세스와 시스템을 익히고, 이후에는 담당 영역의 지표 개선과 운영 표준화까지 주도하게 됩니다.","• 계좌·계약, 서류검증, 전산입력, 정산, 고객안내 및 일일 운영 현황 관리
• 업무 일정·실적·품질 지표 점검 및 보고
• 관련 시스템과 문서의 정확한 입력·관리
• 고객·협력사·유관 부서 문의 대응 및 이슈 조율
• 업무 절차 개선과 운영 리스크 사전 점검
• 주요 이슈 원인 분석 및 후속 조치 관리
• 정기 회의 자료 작성과 진행 현황 공유
• 업무 매뉴얼 정비와 신규 구성원 온보딩 지원","• 금융사무와 문서 검토 역량 관련 기본 지식 또는 실무 경험을 보유한 분
• 필수 자격·면허: 은행텔러 자격 보유자 또는 입사 전 취득 가능한 분
• 맡은 업무를 정확하게 기록하고 마감까지 책임질 수 있는 분
• 문서작성, 이메일, 스프레드시트 등 기본 업무도구 활용이 가능한 분
• 고객 및 유관 부서와 원활하게 소통하고 요청사항을 정리할 수 있는 분
• 예상하지 못한 상황에서도 우선순위를 판단해 대응할 수 있는 분
• 업무상 취급하는 자료와 고객 정보를 안전하게 관리할 수 있는 분
• 교대·주말·현장 근무가 포함될 수 있는 일정에 대응 가능한 분","• 금융사무 또는 유사 직무 경력 보유자
• 직무 관련 자격·면허 보유자: 은행텔러 자격
• 직무 관련 자격·면허 보유자: 펀드투자권유자문인력
• ERP, WMS, CRM, POS 등 직무 관련 시스템 사용 경험자
• 수치와 데이터를 활용한 실적 분석 경험자
• 다양한 이해관계자와 협업해 문제를 해결한 경험자
• 신규 프로세스 구축이나 업무 자동화 경험자","• 지원서 및 제출서류의 허위기재 또는 허위 제출
• 채용 과정에서 본인 확인이 불가능한 경우
• 채용검진 결과 업무 수행에 부적합하다고 판단되는 경우
• 해외여행 및 근무에 결격사유가 있는 경우
• 기타 회사 또는 기관의 인사규정상 채용이 불가능한 경우",서류전형 > 실무면접 > 최종면접
861,보험설계사 실무자,14,87,20260425,20260527,11,경력,정규직,울산광역시,학사 이상,"기업 부설 연구소에서 고객 상황에 맞는 보험 보장을 제안하는 포지션을(를) 맡을 보험설계사를 모집합니다.

이번 포지션은 고객상담, 보장분석, 상품제안, 계약, 보유고객관리을 중심으로 운영 현장의 품질과 일정, 고객 경험을 함께 관리하는 역할입니다.

정확한 실행력과 협업을 바탕으로 안정적인 운영을 함께 만들어 갈 분을 찾습니다.

유관 부서 및 외부 파트너와 업무 기준을 공유하고, 이슈 발생 시 원인을 정리해 재발 방지 방안을 실행합니다.

초기에는 담당 업무의 프로세스와 시스템을 익히고, 이후에는 담당 영역의 지표 개선과 운영 표준화까지 주도하게 됩니다.","• 고객상담, 보장분석, 상품제안, 계약, 보유고객관리 및 일일 운영 현황 관리
• 업무 일정·실적·품질 지표 점검 및 보고
• 관련 시스템과 문서의 정확한 입력·관리
• 고객·협력사·유관 부서 문의 대응 및 이슈 조율
• 업무 절차 개선과 운영 리스크 사전 점검
• 주요 이슈 원인 분석 및 후속 조치 관리
• 정기 회의 자료 작성과 진행 현황 공유
• 현장 안전·보안·개인정보 보호 기준 준수","• 보험 모집 관련 자격 취득 의지 관련 기본 지식 또는 실무 경험을 보유한 분
• 필수 자격·면허: 생명보험 모집인 자격 보유자 또는 입사 전 취득 가능한 분
• 맡은 업무를 정확하게 기록하고 마감까지 책임질 수 있는 분
• 문서작성, 이메일, 스프레드시트 등 기본 업무도구 활용이 가능한 분
• 고객 및 유관 부서와 원활하게 소통하고 요청사항을 정리할 수 있는 분
• 예상하지 못한 상황에서도 우선순위를 판단해 대응할 수 있는 분
• 업무상 취급하는 자료와 고객 정보를 안전하게 관리할 수 있는 분
• 직무 관련 교육을 꾸준히 이수하며 전문성을 높일 분","• 보험설계사 또는 유사 직무 경력 보유자
• 직무 관련 자격·면허 보유자: 생명보험 모집인 자격
• 직무 관련 자격·면허 보유자: 손해보험 모집인 자격
• ERP, WMS, CRM, POS 등 직무 관련 시스템 사용 경험자
• 수치와 데이터를 활용한 실적 분석 경험자
• 다양한 이해관계자와 협업해 문제를 해결한 경험자
• 외국어 또는 관련 법규·안전 기준을 활용할 수 있는 분","• 지원서 및 제출서류의 허위기재 또는 허위 제출
• 채용 과정에서 본인 확인이 불가능한 경우
• 채용검진 결과 업무 수행에 부적합하다고 판단되는 경우
• 해외여행 및 근무에 결격사유가 있는 경우
• 기타 회사 또는 기관의 인사규정상 채용이 불가능한 경우",서류전형 > 직무과제 > 실무면접 > 최종합격
862,보험설계사 운영 매니저,110,87,20260512,20260620,2,신입·경력,계약직,강원특별자치도,석사 이상,"전문 협회에서 고객 상황에 맞는 보험 보장을 제안하는 포지션을(를) 맡을 보험설계사를 모집합니다.

이번 포지션은 고객상담, 보장분석, 상품제안, 계약, 보유고객관리을 중심으로 운영 현장의 품질과 일정, 고객 경험을 함께 관리하는 역할입니다.

현장과 유관 부서의 요구를 연결하며 업무 품질을 높이는 역할입니다.

유관 부서 및 외부 파트너와 업무 기준을 공유하고, 이슈 발생 시 원인을 정리해 재발 방지 방안을 실행합니다.

초기에는 담당 업무의 프로세스와 시스템을 익히고, 이후에는 담당 영역의 지표 개선과 운영 표준화까지 주도하게 됩니다.","• 고객상담, 보장분석, 상품제안, 계약, 보유고객관리 및 일일 운영 현황 관리
• 업무 일정·실적·품질 지표 점검 및 보고
• 관련 시스템과 문서의 정확한 입력·관리
• 고객·협력사·유관 부서 문의 대응 및 이슈 조율
• 업무 절차 개선과 운영 리스크 사전 점검
• 주요 이슈 원인 분석 및 후속 조치 관리
• 정기 회의 자료 작성과 진행 현황 공유
• 업무 매뉴얼 정비와 신규 구성원 온보딩 지원","• 보험 모집 관련 자격 취득 의지 관련 기본 지식 또는 실무 경험을 보유한 분
• 필수 자격·면허: 생명보험 모집인 자격 보유자 또는 입사 전 취득 가능한 분
• 맡은 업무를 정확하게 기록하고 마감까지 책임질 수 있는 분
• 문서작성, 이메일, 스프레드시트 등 기본 업무도구 활용이 가능한 분
• 고객 및 유관 부서와 원활하게 소통하고 요청사항을 정리할 수 있는 분
• 예상하지 못한 상황에서도 우선순위를 판단해 대응할 수 있는 분
• 업무상 취급하는 자료와 고객 정보를 안전하게 관리할 수 있는 분
• 직무 관련 교육을 꾸준히 이수하며 전문성을 높일 분","• 보험설계사 또는 유사 직무 경력 보유자
• 직무 관련 자격·면허 보유자: 생명보험 모집인 자격
• 직무 관련 자격·면허 보유자: 손해보험 모집인 자격
• ERP, WMS, CRM, POS 등 직무 관련 시스템 사용 경험자
• 수치와 데이터를 활용한 실적 분석 경험자
• 다양한 이해관계자와 협업해 문제를 해결한 경험자
• 신규 프로세스 구축이나 업무 자동화 경험자","• 지원서 및 제출서류의 허위기재 또는 허위 제출
• 채용 과정에서 본인 확인이 불가능한 경우
• 채용검진 결과 업무 수행에 부적합하다고 판단되는 경우
• 해외여행 및 근무에 결격사유가 있는 경우
• 기타 회사 또는 기관의 인사규정상 채용이 불가능한 경우",서류전형 > 1차면접 > 2차면접 > 채용검진
863,보험설계사 전문 인력,144,87,20260529,20260608,13,경력 2년 이상,무기계약직,전라북도,박사 이상,"공공서비스 운영기관에서 고객 상황에 맞는 보험 보장을 제안하는 포지션을(를) 맡을 보험설계사를 모집합니다.

이번 포지션은 고객상담, 보장분석, 상품제안, 계약, 보유고객관리을 중심으로 운영 현장의 품질과 일정, 고객 경험을 함께 관리하는 역할입니다.

업무 기준을 준수하면서도 개선점을 주도적으로 제안할 수 있는 분을 기다립니다.

유관 부서 및 외부 파트너와 업무 기준을 공유하고, 이슈 발생 시 원인을 정리해 재발 방지 방안을 실행합니다.

초기에는 담당 업무의 프로세스와 시스템을 익히고, 이후에는 담당 영역의 지표 개선과 운영 표준화까지 주도하게 됩니다.","• 고객상담, 보장분석, 상품제안, 계약, 보유고객관리 및 일일 운영 현황 관리
• 업무 일정·실적·품질 지표 점검 및 보고
• 관련 시스템과 문서의 정확한 입력·관리
• 고객·협력사·유관 부서 문의 대응 및 이슈 조율
• 업무 절차 개선과 운영 리스크 사전 점검
• 주요 이슈 원인 분석 및 후속 조치 관리
• 정기 회의 자료 작성과 진행 현황 공유
• 현장 안전·보안·개인정보 보호 기준 준수","• 보험 모집 관련 자격 취득 의지 관련 기본 지식 또는 실무 경험을 보유한 분
• 필수 자격·면허: 생명보험 모집인 자격 보유자 또는 입사 전 취득 가능한 분
• 맡은 업무를 정확하게 기록하고 마감까지 책임질 수 있는 분
• 문서작성, 이메일, 스프레드시트 등 기본 업무도구 활용이 가능한 분
• 고객 및 유관 부서와 원활하게 소통하고 요청사항을 정리할 수 있는 분
• 예상하지 못한 상황에서도 우선순위를 판단해 대응할 수 있는 분
• 업무상 취급하는 자료와 고객 정보를 안전하게 관리할 수 있는 분
• 교대·주말·현장 근무가 포함될 수 있는 일정에 대응 가능한 분","• 보험설계사 또는 유사 직무 경력 보유자
• 직무 관련 자격·면허 보유자: 생명보험 모집인 자격
• 직무 관련 자격·면허 보유자: 손해보험 모집인 자격
• ERP, WMS, CRM, POS 등 직무 관련 시스템 사용 경험자
• 수치와 데이터를 활용한 실적 분석 경험자
• 다양한 이해관계자와 협업해 문제를 해결한 경험자
• 외국어 또는 관련 법규·안전 기준을 활용할 수 있는 분","• 지원서 및 제출서류의 허위기재 또는 허위 제출
• 채용 과정에서 본인 확인이 불가능한 경우
• 채용검진 결과 업무 수행에 부적합하다고 판단되는 경우
• 해외여행 및 근무에 결격사유가 있는 경우
• 기타 회사 또는 기관의 인사규정상 채용이 불가능한 경우",서류전형 > 필기전형 > 면접전형 > 최종합격
864,보험설계사 경력 채용,100,87,20260615,20260702,4,경력 3년 이상,기간제,경상남도,학력무관,"대기업 사업부에서 고객 상황에 맞는 보험 보장을 제안하는 포지션을(를) 맡을 보험설계사를 모집합니다.

이번 포지션은 고객상담, 보장분석, 상품제안, 계약, 보유고객관리을 중심으로 운영 현장의 품질과 일정, 고객 경험을 함께 관리하는 역할입니다.

고객과 동료에게 신뢰를 주는 태도로 맡은 업무를 끝까지 책임지는 포지션입니다.

유관 부서 및 외부 파트너와 업무 기준을 공유하고, 이슈 발생 시 원인을 정리해 재발 방지 방안을 실행합니다.

초기에는 담당 업무의 프로세스와 시스템을 익히고, 이후에는 담당 영역의 지표 개선과 운영 표준화까지 주도하게 됩니다.","• 고객상담, 보장분석, 상품제안, 계약, 보유고객관리 및 일일 운영 현황 관리
• 업무 일정·실적·품질 지표 점검 및 보고
• 관련 시스템과 문서의 정확한 입력·관리
• 고객·협력사·유관 부서 문의 대응 및 이슈 조율
• 업무 절차 개선과 운영 리스크 사전 점검
• 주요 이슈 원인 분석 및 후속 조치 관리
• 정기 회의 자료 작성과 진행 현황 공유
• 업무 매뉴얼 정비와 신규 구성원 온보딩 지원","• 보험 모집 관련 자격 취득 의지 관련 기본 지식 또는 실무 경험을 보유한 분
• 필수 자격·면허: 생명보험 모집인 자격 보유자 또는 입사 전 취득 가능한 분
• 맡은 업무를 정확하게 기록하고 마감까지 책임질 수 있는 분
• 문서작성, 이메일, 스프레드시트 등 기본 업무도구 활용이 가능한 분
• 고객 및 유관 부서와 원활하게 소통하고 요청사항을 정리할 수 있는 분
• 예상하지 못한 상황에서도 우선순위를 판단해 대응할 수 있는 분
• 업무상 취급하는 자료와 고객 정보를 안전하게 관리할 수 있는 분
• 직무 관련 교육을 꾸준히 이수하며 전문성을 높일 분","• 보험설계사 또는 유사 직무 경력 보유자
• 직무 관련 자격·면허 보유자: 생명보험 모집인 자격
• 직무 관련 자격·면허 보유자: 손해보험 모집인 자격
• ERP, WMS, CRM, POS 등 직무 관련 시스템 사용 경험자
• 수치와 데이터를 활용한 실적 분석 경험자
• 다양한 이해관계자와 협업해 문제를 해결한 경험자
• 신규 프로세스 구축이나 업무 자동화 경험자","• 지원서 및 제출서류의 허위기재 또는 허위 제출
• 채용 과정에서 본인 확인이 불가능한 경우
• 채용검진 결과 업무 수행에 부적합하다고 판단되는 경우
• 해외여행 및 근무에 결격사유가 있는 경우
• 기타 회사 또는 기관의 인사규정상 채용이 불가능한 경우",서류전형 > 실무면접 > 최종면접
865,보험설계사 현장 책임자,113,87,20260702,20260726,15,경력 5년 이상,정규직,부산광역시,전문학사 이상,"중견 제조기업에서 고객 상황에 맞는 보험 보장을 제안하는 포지션을(를) 맡을 보험설계사를 모집합니다.

이번 포지션은 고객상담, 보장분석, 상품제안, 계약, 보유고객관리을 중심으로 운영 현장의 품질과 일정, 고객 경험을 함께 관리하는 역할입니다.

데이터와 현장 감각을 함께 활용해 반복 업무를 효율화하는 역할입니다.

유관 부서 및 외부 파트너와 업무 기준을 공유하고, 이슈 발생 시 원인을 정리해 재발 방지 방안을 실행합니다.

초기에는 담당 업무의 프로세스와 시스템을 익히고, 이후에는 담당 영역의 지표 개선과 운영 표준화까지 주도하게 됩니다.","• 고객상담, 보장분석, 상품제안, 계약, 보유고객관리 및 일일 운영 현황 관리
• 업무 일정·실적·품질 지표 점검 및 보고
• 관련 시스템과 문서의 정확한 입력·관리
• 고객·협력사·유관 부서 문의 대응 및 이슈 조율
• 업무 절차 개선과 운영 리스크 사전 점검
• 주요 이슈 원인 분석 및 후속 조치 관리
• 정기 회의 자료 작성과 진행 현황 공유
• 현장 안전·보안·개인정보 보호 기준 준수","• 보험 모집 관련 자격 취득 의지 관련 기본 지식 또는 실무 경험을 보유한 분
• 필수 자격·면허: 생명보험 모집인 자격 보유자 또는 입사 전 취득 가능한 분
• 맡은 업무를 정확하게 기록하고 마감까지 책임질 수 있는 분
• 문서작성, 이메일, 스프레드시트 등 기본 업무도구 활용이 가능한 분
• 고객 및 유관 부서와 원활하게 소통하고 요청사항을 정리할 수 있는 분
• 예상하지 못한 상황에서도 우선순위를 판단해 대응할 수 있는 분
• 업무상 취급하는 자료와 고객 정보를 안전하게 관리할 수 있는 분
• 직무 관련 교육을 꾸준히 이수하며 전문성을 높일 분","• 보험설계사 또는 유사 직무 경력 보유자
• 직무 관련 자격·면허 보유자: 생명보험 모집인 자격
• 직무 관련 자격·면허 보유자: 손해보험 모집인 자격
• ERP, WMS, CRM, POS 등 직무 관련 시스템 사용 경험자
• 수치와 데이터를 활용한 실적 분석 경험자
• 다양한 이해관계자와 협업해 문제를 해결한 경험자
• 외국어 또는 관련 법규·안전 기준을 활용할 수 있는 분","• 지원서 및 제출서류의 허위기재 또는 허위 제출
• 채용 과정에서 본인 확인이 불가능한 경우
• 채용검진 결과 업무 수행에 부적합하다고 판단되는 경우
• 해외여행 및 근무에 결격사유가 있는 경우
• 기타 회사 또는 기관의 인사규정상 채용이 불가능한 경우",서류전형 > 인성검사 > 실무면접 > 최종면접
866,보험설계사 서비스 담당,128,87,20260719,20260819,6,경력 무관,계약직,광주광역시,학사 이상,"전문 중소기업에서 고객 상황에 맞는 보험 보장을 제안하는 포지션을(를) 맡을 보험설계사를 모집합니다.

이번 포지션은 고객상담, 보장분석, 상품제안, 계약, 보유고객관리을 중심으로 운영 현장의 품질과 일정, 고객 경험을 함께 관리하는 역할입니다.

정해진 절차를 지키되 상황에 맞게 유연하게 대응하는 실무자를 모집합니다.

유관 부서 및 외부 파트너와 업무 기준을 공유하고, 이슈 발생 시 원인을 정리해 재발 방지 방안을 실행합니다.

초기에는 담당 업무의 프로세스와 시스템을 익히고, 이후에는 담당 영역의 지표 개선과 운영 표준화까지 주도하게 됩니다.","• 고객상담, 보장분석, 상품제안, 계약, 보유고객관리 및 일일 운영 현황 관리
• 업무 일정·실적·품질 지표 점검 및 보고
• 관련 시스템과 문서의 정확한 입력·관리
• 고객·협력사·유관 부서 문의 대응 및 이슈 조율
• 업무 절차 개선과 운영 리스크 사전 점검
• 주요 이슈 원인 분석 및 후속 조치 관리
• 정기 회의 자료 작성과 진행 현황 공유
• 업무 매뉴얼 정비와 신규 구성원 온보딩 지원","• 보험 모집 관련 자격 취득 의지 관련 기본 지식 또는 실무 경험을 보유한 분
• 필수 자격·면허: 생명보험 모집인 자격 보유자 또는 입사 전 취득 가능한 분
• 맡은 업무를 정확하게 기록하고 마감까지 책임질 수 있는 분
• 문서작성, 이메일, 스프레드시트 등 기본 업무도구 활용이 가능한 분
• 고객 및 유관 부서와 원활하게 소통하고 요청사항을 정리할 수 있는 분
• 예상하지 못한 상황에서도 우선순위를 판단해 대응할 수 있는 분
• 업무상 취급하는 자료와 고객 정보를 안전하게 관리할 수 있는 분
• 교대·주말·현장 근무가 포함될 수 있는 일정에 대응 가능한 분","• 보험설계사 또는 유사 직무 경력 보유자
• 직무 관련 자격·면허 보유자: 생명보험 모집인 자격
• 직무 관련 자격·면허 보유자: 손해보험 모집인 자격
• ERP, WMS, CRM, POS 등 직무 관련 시스템 사용 경험자
• 수치와 데이터를 활용한 실적 분석 경험자
• 다양한 이해관계자와 협업해 문제를 해결한 경험자
• 신규 프로세스 구축이나 업무 자동화 경험자","• 지원서 및 제출서류의 허위기재 또는 허위 제출
• 채용 과정에서 본인 확인이 불가능한 경우
• 채용검진 결과 업무 수행에 부적합하다고 판단되는 경우
• 해외여행 및 근무에 결격사유가 있는 경우
• 기타 회사 또는 기관의 인사규정상 채용이 불가능한 경우",서류전형 > 직무과제 > 실무면접 > 최종합격
867,보험설계사 담당자,14,87,20260805,20260912,17,신입,무기계약직,경기도,석사 이상,"성장 단계 스타트업에서 고객 상황에 맞는 보험 보장을 제안하는 포지션을(를) 맡을 보험설계사를 모집합니다.

이번 포지션은 고객상담, 보장분석, 상품제안, 계약, 보유고객관리을 중심으로 운영 현장의 품질과 일정, 고객 경험을 함께 관리하는 역할입니다.

부서 간 원활한 소통으로 일정과 품질을 안정적으로 관리하는 직무입니다.

유관 부서 및 외부 파트너와 업무 기준을 공유하고, 이슈 발생 시 원인을 정리해 재발 방지 방안을 실행합니다.

초기에는 담당 업무의 프로세스와 시스템을 익히고, 이후에는 담당 영역의 지표 개선과 운영 표준화까지 주도하게 됩니다.","• 고객상담, 보장분석, 상품제안, 계약, 보유고객관리 및 일일 운영 현황 관리
• 업무 일정·실적·품질 지표 점검 및 보고
• 관련 시스템과 문서의 정확한 입력·관리
• 고객·협력사·유관 부서 문의 대응 및 이슈 조율
• 업무 절차 개선과 운영 리스크 사전 점검
• 주요 이슈 원인 분석 및 후속 조치 관리
• 정기 회의 자료 작성과 진행 현황 공유
• 현장 안전·보안·개인정보 보호 기준 준수","• 보험 모집 관련 자격 취득 의지 관련 기본 지식 또는 실무 경험을 보유한 분
• 필수 자격·면허: 생명보험 모집인 자격 보유자 또는 입사 전 취득 가능한 분
• 맡은 업무를 정확하게 기록하고 마감까지 책임질 수 있는 분
• 문서작성, 이메일, 스프레드시트 등 기본 업무도구 활용이 가능한 분
• 고객 및 유관 부서와 원활하게 소통하고 요청사항을 정리할 수 있는 분
• 예상하지 못한 상황에서도 우선순위를 판단해 대응할 수 있는 분
• 업무상 취급하는 자료와 고객 정보를 안전하게 관리할 수 있는 분
• 직무 관련 교육을 꾸준히 이수하며 전문성을 높일 분","• 보험설계사 또는 유사 직무 경력 보유자
• 직무 관련 자격·면허 보유자: 생명보험 모집인 자격
• 직무 관련 자격·면허 보유자: 손해보험 모집인 자격
• ERP, WMS, CRM, POS 등 직무 관련 시스템 사용 경험자
• 수치와 데이터를 활용한 실적 분석 경험자
• 다양한 이해관계자와 협업해 문제를 해결한 경험자
• 외국어 또는 관련 법규·안전 기준을 활용할 수 있는 분","• 지원서 및 제출서류의 허위기재 또는 허위 제출
• 채용 과정에서 본인 확인이 불가능한 경우
• 채용검진 결과 업무 수행에 부적합하다고 판단되는 경우
• 해외여행 및 근무에 결격사유가 있는 경우
• 기타 회사 또는 기관의 인사규정상 채용이 불가능한 경우",서류전형 > 1차면접 > 2차면접 > 채용검진
868,보험설계사 실무자,77,87,20260822,20261006,8,경력,기간제,충청남도,박사 이상,"종합병원 운영조직에서 고객 상황에 맞는 보험 보장을 제안하는 포지션을(를) 맡을 보험설계사를 모집합니다.

이번 포지션은 고객상담, 보장분석, 상품제안, 계약, 보유고객관리을 중심으로 운영 현장의 품질과 일정, 고객 경험을 함께 관리하는 역할입니다.

서비스 품질과 안전을 우선하며 꾸준히 전문성을 쌓을 수 있는 포지션입니다.

유관 부서 및 외부 파트너와 업무 기준을 공유하고, 이슈 발생 시 원인을 정리해 재발 방지 방안을 실행합니다.

초기에는 담당 업무의 프로세스와 시스템을 익히고, 이후에는 담당 영역의 지표 개선과 운영 표준화까지 주도하게 됩니다.","• 고객상담, 보장분석, 상품제안, 계약, 보유고객관리 및 일일 운영 현황 관리
• 업무 일정·실적·품질 지표 점검 및 보고
• 관련 시스템과 문서의 정확한 입력·관리
• 고객·협력사·유관 부서 문의 대응 및 이슈 조율
• 업무 절차 개선과 운영 리스크 사전 점검
• 주요 이슈 원인 분석 및 후속 조치 관리
• 정기 회의 자료 작성과 진행 현황 공유
• 업무 매뉴얼 정비와 신규 구성원 온보딩 지원","• 보험 모집 관련 자격 취득 의지 관련 기본 지식 또는 실무 경험을 보유한 분
• 필수 자격·면허: 생명보험 모집인 자격 보유자 또는 입사 전 취득 가능한 분
• 맡은 업무를 정확하게 기록하고 마감까지 책임질 수 있는 분
• 문서작성, 이메일, 스프레드시트 등 기본 업무도구 활용이 가능한 분
• 고객 및 유관 부서와 원활하게 소통하고 요청사항을 정리할 수 있는 분
• 예상하지 못한 상황에서도 우선순위를 판단해 대응할 수 있는 분
• 업무상 취급하는 자료와 고객 정보를 안전하게 관리할 수 있는 분
• 직무 관련 교육을 꾸준히 이수하며 전문성을 높일 분","• 보험설계사 또는 유사 직무 경력 보유자
• 직무 관련 자격·면허 보유자: 생명보험 모집인 자격
• 직무 관련 자격·면허 보유자: 손해보험 모집인 자격
• ERP, WMS, CRM, POS 등 직무 관련 시스템 사용 경험자
• 수치와 데이터를 활용한 실적 분석 경험자
• 다양한 이해관계자와 협업해 문제를 해결한 경험자
• 신규 프로세스 구축이나 업무 자동화 경험자","• 지원서 및 제출서류의 허위기재 또는 허위 제출
• 채용 과정에서 본인 확인이 불가능한 경우
• 채용검진 결과 업무 수행에 부적합하다고 판단되는 경우
• 해외여행 및 근무에 결격사유가 있는 경우
• 기타 회사 또는 기관의 인사규정상 채용이 불가능한 경우",서류전형 > 필기전형 > 면접전형 > 최종합격
869,보험설계사 운영 매니저,7,87,20260908,20260924,19,신입·경력,정규직,경상북도,학력무관,"대학 산학협력단에서 고객 상황에 맞는 보험 보장을 제안하는 포지션을(를) 맡을 보험설계사를 모집합니다.

이번 포지션은 고객상담, 보장분석, 상품제안, 계약, 보유고객관리을 중심으로 운영 현장의 품질과 일정, 고객 경험을 함께 관리하는 역할입니다.

기본기를 바탕으로 새로운 업무를 빠르게 익히고 실행할 분을 모십니다.

유관 부서 및 외부 파트너와 업무 기준을 공유하고, 이슈 발생 시 원인을 정리해 재발 방지 방안을 실행합니다.

초기에는 담당 업무의 프로세스와 시스템을 익히고, 이후에는 담당 영역의 지표 개선과 운영 표준화까지 주도하게 됩니다.","• 고객상담, 보장분석, 상품제안, 계약, 보유고객관리 및 일일 운영 현황 관리
• 업무 일정·실적·품질 지표 점검 및 보고
• 관련 시스템과 문서의 정확한 입력·관리
• 고객·협력사·유관 부서 문의 대응 및 이슈 조율
• 업무 절차 개선과 운영 리스크 사전 점검
• 주요 이슈 원인 분석 및 후속 조치 관리
• 정기 회의 자료 작성과 진행 현황 공유
• 현장 안전·보안·개인정보 보호 기준 준수","• 보험 모집 관련 자격 취득 의지 관련 기본 지식 또는 실무 경험을 보유한 분
• 필수 자격·면허: 생명보험 모집인 자격 보유자 또는 입사 전 취득 가능한 분
• 맡은 업무를 정확하게 기록하고 마감까지 책임질 수 있는 분
• 문서작성, 이메일, 스프레드시트 등 기본 업무도구 활용이 가능한 분
• 고객 및 유관 부서와 원활하게 소통하고 요청사항을 정리할 수 있는 분
• 예상하지 못한 상황에서도 우선순위를 판단해 대응할 수 있는 분
• 업무상 취급하는 자료와 고객 정보를 안전하게 관리할 수 있는 분
• 교대·주말·현장 근무가 포함될 수 있는 일정에 대응 가능한 분","• 보험설계사 또는 유사 직무 경력 보유자
• 직무 관련 자격·면허 보유자: 생명보험 모집인 자격
• 직무 관련 자격·면허 보유자: 손해보험 모집인 자격
• ERP, WMS, CRM, POS 등 직무 관련 시스템 사용 경험자
• 수치와 데이터를 활용한 실적 분석 경험자
• 다양한 이해관계자와 협업해 문제를 해결한 경험자
• 외국어 또는 관련 법규·안전 기준을 활용할 수 있는 분","• 지원서 및 제출서류의 허위기재 또는 허위 제출
• 채용 과정에서 본인 확인이 불가능한 경우
• 채용검진 결과 업무 수행에 부적합하다고 판단되는 경우
• 해외여행 및 근무에 결격사유가 있는 경우
• 기타 회사 또는 기관의 인사규정상 채용이 불가능한 경우",서류전형 > 실무면접 > 최종면접
870,보험설계사 전문 인력,78,87,20260925,20261018,10,경력 2년 이상,계약직,서울특별시,전문학사 이상,"기업 부설 연구소에서 고객 상황에 맞는 보험 보장을 제안하는 포지션을(를) 맡을 보험설계사를 모집합니다.

이번 포지션은 고객상담, 보장분석, 상품제안, 계약, 보유고객관리을 중심으로 운영 현장의 품질과 일정, 고객 경험을 함께 관리하는 역할입니다.

성과와 고객 만족을 함께 고려하며 실질적인 변화를 만드는 역할입니다.

유관 부서 및 외부 파트너와 업무 기준을 공유하고, 이슈 발생 시 원인을 정리해 재발 방지 방안을 실행합니다.

초기에는 담당 업무의 프로세스와 시스템을 익히고, 이후에는 담당 영역의 지표 개선과 운영 표준화까지 주도하게 됩니다.","• 고객상담, 보장분석, 상품제안, 계약, 보유고객관리 및 일일 운영 현황 관리
• 업무 일정·실적·품질 지표 점검 및 보고
• 관련 시스템과 문서의 정확한 입력·관리
• 고객·협력사·유관 부서 문의 대응 및 이슈 조율
• 업무 절차 개선과 운영 리스크 사전 점검
• 주요 이슈 원인 분석 및 후속 조치 관리
• 정기 회의 자료 작성과 진행 현황 공유
• 업무 매뉴얼 정비와 신규 구성원 온보딩 지원","• 보험 모집 관련 자격 취득 의지 관련 기본 지식 또는 실무 경험을 보유한 분
• 필수 자격·면허: 생명보험 모집인 자격 보유자 또는 입사 전 취득 가능한 분
• 맡은 업무를 정확하게 기록하고 마감까지 책임질 수 있는 분
• 문서작성, 이메일, 스프레드시트 등 기본 업무도구 활용이 가능한 분
• 고객 및 유관 부서와 원활하게 소통하고 요청사항을 정리할 수 있는 분
• 예상하지 못한 상황에서도 우선순위를 판단해 대응할 수 있는 분
• 업무상 취급하는 자료와 고객 정보를 안전하게 관리할 수 있는 분
• 직무 관련 교육을 꾸준히 이수하며 전문성을 높일 분","• 보험설계사 또는 유사 직무 경력 보유자
• 직무 관련 자격·면허 보유자: 생명보험 모집인 자격
• 직무 관련 자격·면허 보유자: 손해보험 모집인 자격
• ERP, WMS, CRM, POS 등 직무 관련 시스템 사용 경험자
• 수치와 데이터를 활용한 실적 분석 경험자
• 다양한 이해관계자와 협업해 문제를 해결한 경험자
• 신규 프로세스 구축이나 업무 자동화 경험자","• 지원서 및 제출서류의 허위기재 또는 허위 제출
• 채용 과정에서 본인 확인이 불가능한 경우
• 채용검진 결과 업무 수행에 부적합하다고 판단되는 경우
• 해외여행 및 근무에 결격사유가 있는 경우
• 기타 회사 또는 기관의 인사규정상 채용이 불가능한 경우",서류전형 > 인성검사 > 실무면접 > 최종면접
871,손해사정사 현장 책임자,42,88,20261012,20261111,1,경력 5년 이상,무기계약직,광주광역시,석사 이상,"전문 협회에서 보험사고의 사실관계와 손해액을 조사하는 포지션을(를) 맡을 손해사정사를 모집합니다.

이번 포지션은 사고조사, 손해액 산정, 서류검토, 보고서, 이해관계자 협의을 중심으로 운영 현장의 품질과 일정, 고객 경험을 함께 관리하는 역할입니다.

정확한 실행력과 협업을 바탕으로 안정적인 운영을 함께 만들어 갈 분을 찾습니다.

유관 부서 및 외부 파트너와 업무 기준을 공유하고, 이슈 발생 시 원인을 정리해 재발 방지 방안을 실행합니다.

초기에는 담당 업무의 프로세스와 시스템을 익히고, 이후에는 담당 영역의 지표 개선과 운영 표준화까지 주도하게 됩니다.","• 사고조사, 손해액 산정, 서류검토, 보고서, 이해관계자 협의 및 일일 운영 현황 관리
• 업무 일정·실적·품질 지표 점검 및 보고
• 관련 시스템과 문서의 정확한 입력·관리
• 고객·협력사·유관 부서 문의 대응 및 이슈 조율
• 업무 절차 개선과 운영 리스크 사전 점검
• 주요 이슈 원인 분석 및 후속 조치 관리
• 정기 회의 자료 작성과 진행 현황 공유
• 현장 안전·보안·개인정보 보호 기준 준수","• 손해사정 관련 지식 또는 자격 관련 기본 지식 또는 실무 경험을 보유한 분
• 필수 자격·면허: 신체손해사정사 보유자 또는 입사 전 취득 가능한 분
• 맡은 업무를 정확하게 기록하고 마감까지 책임질 수 있는 분
• 문서작성, 이메일, 스프레드시트 등 기본 업무도구 활용이 가능한 분
• 고객 및 유관 부서와 원활하게 소통하고 요청사항을 정리할 수 있는 분
• 예상하지 못한 상황에서도 우선순위를 판단해 대응할 수 있는 분
• 업무상 취급하는 자료와 고객 정보를 안전하게 관리할 수 있는 분
• 직무 관련 교육을 꾸준히 이수하며 전문성을 높일 분","• 손해사정사 또는 유사 직무 경력 보유자
• 직무 관련 자격·면허 보유자: 신체손해사정사
• 직무 관련 자격·면허 보유자: 재물손해사정사
• ERP, WMS, CRM, POS 등 직무 관련 시스템 사용 경험자
• 수치와 데이터를 활용한 실적 분석 경험자
• 다양한 이해관계자와 협업해 문제를 해결한 경험자
• 외국어 또는 관련 법규·안전 기준을 활용할 수 있는 분","• 지원서 및 제출서류의 허위기재 또는 허위 제출
• 채용 과정에서 본인 확인이 불가능한 경우
• 채용검진 결과 업무 수행에 부적합하다고 판단되는 경우
• 해외여행 및 근무에 결격사유가 있는 경우
• 기타 회사 또는 기관의 인사규정상 채용이 불가능한 경우",서류전형 > 1차면접 > 2차면접 > 채용검진
872,손해사정사 서비스 담당,21,88,20261029,20261205,12,경력 무관,기간제,경기도,박사 이상,"공공서비스 운영기관에서 보험사고의 사실관계와 손해액을 조사하는 포지션을(를) 맡을 손해사정사를 모집합니다.

이번 포지션은 사고조사, 손해액 산정, 서류검토, 보고서, 이해관계자 협의을 중심으로 운영 현장의 품질과 일정, 고객 경험을 함께 관리하는 역할입니다.

현장과 유관 부서의 요구를 연결하며 업무 품질을 높이는 역할입니다.

유관 부서 및 외부 파트너와 업무 기준을 공유하고, 이슈 발생 시 원인을 정리해 재발 방지 방안을 실행합니다.

초기에는 담당 업무의 프로세스와 시스템을 익히고, 이후에는 담당 영역의 지표 개선과 운영 표준화까지 주도하게 됩니다.","• 사고조사, 손해액 산정, 서류검토, 보고서, 이해관계자 협의 및 일일 운영 현황 관리
• 업무 일정·실적·품질 지표 점검 및 보고
• 관련 시스템과 문서의 정확한 입력·관리
• 고객·협력사·유관 부서 문의 대응 및 이슈 조율
• 업무 절차 개선과 운영 리스크 사전 점검
• 주요 이슈 원인 분석 및 후속 조치 관리
• 정기 회의 자료 작성과 진행 현황 공유
• 업무 매뉴얼 정비와 신규 구성원 온보딩 지원","• 손해사정 관련 지식 또는 자격 관련 기본 지식 또는 실무 경험을 보유한 분
• 필수 자격·면허: 신체손해사정사 보유자 또는 입사 전 취득 가능한 분
• 맡은 업무를 정확하게 기록하고 마감까지 책임질 수 있는 분
• 문서작성, 이메일, 스프레드시트 등 기본 업무도구 활용이 가능한 분
• 고객 및 유관 부서와 원활하게 소통하고 요청사항을 정리할 수 있는 분
• 예상하지 못한 상황에서도 우선순위를 판단해 대응할 수 있는 분
• 업무상 취급하는 자료와 고객 정보를 안전하게 관리할 수 있는 분
• 교대·주말·현장 근무가 포함될 수 있는 일정에 대응 가능한 분","• 손해사정사 또는 유사 직무 경력 보유자
• 직무 관련 자격·면허 보유자: 신체손해사정사
• 직무 관련 자격·면허 보유자: 재물손해사정사
• ERP, WMS, CRM, POS 등 직무 관련 시스템 사용 경험자
• 수치와 데이터를 활용한 실적 분석 경험자
• 다양한 이해관계자와 협업해 문제를 해결한 경험자
• 신규 프로세스 구축이나 업무 자동화 경험자","• 지원서 및 제출서류의 허위기재 또는 허위 제출
• 채용 과정에서 본인 확인이 불가능한 경우
• 채용검진 결과 업무 수행에 부적합하다고 판단되는 경우
• 해외여행 및 근무에 결격사유가 있는 경우
• 기타 회사 또는 기관의 인사규정상 채용이 불가능한 경우",서류전형 > 필기전형 > 면접전형 > 최종합격
873,손해사정사 담당자,62,88,20261115,20261229,3,신입,정규직,충청남도,학력무관,"대기업 사업부에서 보험사고의 사실관계와 손해액을 조사하는 포지션을(를) 맡을 손해사정사를 모집합니다.

이번 포지션은 사고조사, 손해액 산정, 서류검토, 보고서, 이해관계자 협의을 중심으로 운영 현장의 품질과 일정, 고객 경험을 함께 관리하는 역할입니다.

업무 기준을 준수하면서도 개선점을 주도적으로 제안할 수 있는 분을 기다립니다.

유관 부서 및 외부 파트너와 업무 기준을 공유하고, 이슈 발생 시 원인을 정리해 재발 방지 방안을 실행합니다.

초기에는 담당 업무의 프로세스와 시스템을 익히고, 이후에는 담당 영역의 지표 개선과 운영 표준화까지 주도하게 됩니다.","• 사고조사, 손해액 산정, 서류검토, 보고서, 이해관계자 협의 및 일일 운영 현황 관리
• 업무 일정·실적·품질 지표 점검 및 보고
• 관련 시스템과 문서의 정확한 입력·관리
• 고객·협력사·유관 부서 문의 대응 및 이슈 조율
• 업무 절차 개선과 운영 리스크 사전 점검
• 주요 이슈 원인 분석 및 후속 조치 관리
• 정기 회의 자료 작성과 진행 현황 공유
• 현장 안전·보안·개인정보 보호 기준 준수","• 손해사정 관련 지식 또는 자격 관련 기본 지식 또는 실무 경험을 보유한 분
• 필수 자격·면허: 신체손해사정사 보유자 또는 입사 전 취득 가능한 분
• 맡은 업무를 정확하게 기록하고 마감까지 책임질 수 있는 분
• 문서작성, 이메일, 스프레드시트 등 기본 업무도구 활용이 가능한 분
• 고객 및 유관 부서와 원활하게 소통하고 요청사항을 정리할 수 있는 분
• 예상하지 못한 상황에서도 우선순위를 판단해 대응할 수 있는 분
• 업무상 취급하는 자료와 고객 정보를 안전하게 관리할 수 있는 분
• 직무 관련 교육을 꾸준히 이수하며 전문성을 높일 분","• 손해사정사 또는 유사 직무 경력 보유자
• 직무 관련 자격·면허 보유자: 신체손해사정사
• 직무 관련 자격·면허 보유자: 재물손해사정사
• ERP, WMS, CRM, POS 등 직무 관련 시스템 사용 경험자
• 수치와 데이터를 활용한 실적 분석 경험자
• 다양한 이해관계자와 협업해 문제를 해결한 경험자
• 외국어 또는 관련 법규·안전 기준을 활용할 수 있는 분","• 지원서 및 제출서류의 허위기재 또는 허위 제출
• 채용 과정에서 본인 확인이 불가능한 경우
• 채용검진 결과 업무 수행에 부적합하다고 판단되는 경우
• 해외여행 및 근무에 결격사유가 있는 경우
• 기타 회사 또는 기관의 인사규정상 채용이 불가능한 경우",서류전형 > 실무면접 > 최종면접
874,손해사정사 실무자,30,88,20261202,20261217,14,경력,계약직,경상북도,전문학사 이상,"중견 제조기업에서 보험사고의 사실관계와 손해액을 조사하는 포지션을(를) 맡을 손해사정사를 모집합니다.

이번 포지션은 사고조사, 손해액 산정, 서류검토, 보고서, 이해관계자 협의을 중심으로 운영 현장의 품질과 일정, 고객 경험을 함께 관리하는 역할입니다.

고객과 동료에게 신뢰를 주는 태도로 맡은 업무를 끝까지 책임지는 포지션입니다.

유관 부서 및 외부 파트너와 업무 기준을 공유하고, 이슈 발생 시 원인을 정리해 재발 방지 방안을 실행합니다.

초기에는 담당 업무의 프로세스와 시스템을 익히고, 이후에는 담당 영역의 지표 개선과 운영 표준화까지 주도하게 됩니다.","• 사고조사, 손해액 산정, 서류검토, 보고서, 이해관계자 협의 및 일일 운영 현황 관리
• 업무 일정·실적·품질 지표 점검 및 보고
• 관련 시스템과 문서의 정확한 입력·관리
• 고객·협력사·유관 부서 문의 대응 및 이슈 조율
• 업무 절차 개선과 운영 리스크 사전 점검
• 주요 이슈 원인 분석 및 후속 조치 관리
• 정기 회의 자료 작성과 진행 현황 공유
• 업무 매뉴얼 정비와 신규 구성원 온보딩 지원","• 손해사정 관련 지식 또는 자격 관련 기본 지식 또는 실무 경험을 보유한 분
• 필수 자격·면허: 신체손해사정사 보유자 또는 입사 전 취득 가능한 분
• 맡은 업무를 정확하게 기록하고 마감까지 책임질 수 있는 분
• 문서작성, 이메일, 스프레드시트 등 기본 업무도구 활용이 가능한 분
• 고객 및 유관 부서와 원활하게 소통하고 요청사항을 정리할 수 있는 분
• 예상하지 못한 상황에서도 우선순위를 판단해 대응할 수 있는 분
• 업무상 취급하는 자료와 고객 정보를 안전하게 관리할 수 있는 분
• 직무 관련 교육을 꾸준히 이수하며 전문성을 높일 분","• 손해사정사 또는 유사 직무 경력 보유자
• 직무 관련 자격·면허 보유자: 신체손해사정사
• 직무 관련 자격·면허 보유자: 재물손해사정사
• ERP, WMS, CRM, POS 등 직무 관련 시스템 사용 경험자
• 수치와 데이터를 활용한 실적 분석 경험자
• 다양한 이해관계자와 협업해 문제를 해결한 경험자
• 신규 프로세스 구축이나 업무 자동화 경험자","• 지원서 및 제출서류의 허위기재 또는 허위 제출
• 채용 과정에서 본인 확인이 불가능한 경우
• 채용검진 결과 업무 수행에 부적합하다고 판단되는 경우
• 해외여행 및 근무에 결격사유가 있는 경우
• 기타 회사 또는 기관의 인사규정상 채용이 불가능한 경우",서류전형 > 인성검사 > 실무면접 > 최종면접
875,손해사정사 운영 매니저,124,88,20260108,20260130,5,신입·경력,무기계약직,서울특별시,학사 이상,"전문 중소기업에서 보험사고의 사실관계와 손해액을 조사하는 포지션을(를) 맡을 손해사정사를 모집합니다.

이번 포지션은 사고조사, 손해액 산정, 서류검토, 보고서, 이해관계자 협의을 중심으로 운영 현장의 품질과 일정, 고객 경험을 함께 관리하는 역할입니다.

데이터와 현장 감각을 함께 활용해 반복 업무를 효율화하는 역할입니다.

유관 부서 및 외부 파트너와 업무 기준을 공유하고, 이슈 발생 시 원인을 정리해 재발 방지 방안을 실행합니다.

초기에는 담당 업무의 프로세스와 시스템을 익히고, 이후에는 담당 영역의 지표 개선과 운영 표준화까지 주도하게 됩니다.","• 사고조사, 손해액 산정, 서류검토, 보고서, 이해관계자 협의 및 일일 운영 현황 관리
• 업무 일정·실적·품질 지표 점검 및 보고
• 관련 시스템과 문서의 정확한 입력·관리
• 고객·협력사·유관 부서 문의 대응 및 이슈 조율
• 업무 절차 개선과 운영 리스크 사전 점검
• 주요 이슈 원인 분석 및 후속 조치 관리
• 정기 회의 자료 작성과 진행 현황 공유
• 현장 안전·보안·개인정보 보호 기준 준수","• 손해사정 관련 지식 또는 자격 관련 기본 지식 또는 실무 경험을 보유한 분
• 필수 자격·면허: 신체손해사정사 보유자 또는 입사 전 취득 가능한 분
• 맡은 업무를 정확하게 기록하고 마감까지 책임질 수 있는 분
• 문서작성, 이메일, 스프레드시트 등 기본 업무도구 활용이 가능한 분
• 고객 및 유관 부서와 원활하게 소통하고 요청사항을 정리할 수 있는 분
• 예상하지 못한 상황에서도 우선순위를 판단해 대응할 수 있는 분
• 업무상 취급하는 자료와 고객 정보를 안전하게 관리할 수 있는 분
• 교대·주말·현장 근무가 포함될 수 있는 일정에 대응 가능한 분","• 손해사정사 또는 유사 직무 경력 보유자
• 직무 관련 자격·면허 보유자: 신체손해사정사
• 직무 관련 자격·면허 보유자: 재물손해사정사
• ERP, WMS, CRM, POS 등 직무 관련 시스템 사용 경험자
• 수치와 데이터를 활용한 실적 분석 경험자
• 다양한 이해관계자와 협업해 문제를 해결한 경험자
• 외국어 또는 관련 법규·안전 기준을 활용할 수 있는 분","• 지원서 및 제출서류의 허위기재 또는 허위 제출
• 채용 과정에서 본인 확인이 불가능한 경우
• 채용검진 결과 업무 수행에 부적합하다고 판단되는 경우
• 해외여행 및 근무에 결격사유가 있는 경우
• 기타 회사 또는 기관의 인사규정상 채용이 불가능한 경우",서류전형 > 직무과제 > 실무면접 > 최종합격
876,손해사정사 전문 인력,104,88,20260125,20260223,16,경력 2년 이상,기간제,대전광역시,석사 이상,"성장 단계 스타트업에서 보험사고의 사실관계와 손해액을 조사하는 포지션을(를) 맡을 손해사정사를 모집합니다.

이번 포지션은 사고조사, 손해액 산정, 서류검토, 보고서, 이해관계자 협의을 중심으로 운영 현장의 품질과 일정, 고객 경험을 함께 관리하는 역할입니다.

정해진 절차를 지키되 상황에 맞게 유연하게 대응하는 실무자를 모집합니다.

유관 부서 및 외부 파트너와 업무 기준을 공유하고, 이슈 발생 시 원인을 정리해 재발 방지 방안을 실행합니다.

초기에는 담당 업무의 프로세스와 시스템을 익히고, 이후에는 담당 영역의 지표 개선과 운영 표준화까지 주도하게 됩니다.","• 사고조사, 손해액 산정, 서류검토, 보고서, 이해관계자 협의 및 일일 운영 현황 관리
• 업무 일정·실적·품질 지표 점검 및 보고
• 관련 시스템과 문서의 정확한 입력·관리
• 고객·협력사·유관 부서 문의 대응 및 이슈 조율
• 업무 절차 개선과 운영 리스크 사전 점검
• 주요 이슈 원인 분석 및 후속 조치 관리
• 정기 회의 자료 작성과 진행 현황 공유
• 업무 매뉴얼 정비와 신규 구성원 온보딩 지원","• 손해사정 관련 지식 또는 자격 관련 기본 지식 또는 실무 경험을 보유한 분
• 필수 자격·면허: 신체손해사정사 보유자 또는 입사 전 취득 가능한 분
• 맡은 업무를 정확하게 기록하고 마감까지 책임질 수 있는 분
• 문서작성, 이메일, 스프레드시트 등 기본 업무도구 활용이 가능한 분
• 고객 및 유관 부서와 원활하게 소통하고 요청사항을 정리할 수 있는 분
• 예상하지 못한 상황에서도 우선순위를 판단해 대응할 수 있는 분
• 업무상 취급하는 자료와 고객 정보를 안전하게 관리할 수 있는 분
• 직무 관련 교육을 꾸준히 이수하며 전문성을 높일 분","• 손해사정사 또는 유사 직무 경력 보유자
• 직무 관련 자격·면허 보유자: 신체손해사정사
• 직무 관련 자격·면허 보유자: 재물손해사정사
• ERP, WMS, CRM, POS 등 직무 관련 시스템 사용 경험자
• 수치와 데이터를 활용한 실적 분석 경험자
• 다양한 이해관계자와 협업해 문제를 해결한 경험자
• 신규 프로세스 구축이나 업무 자동화 경험자","• 지원서 및 제출서류의 허위기재 또는 허위 제출
• 채용 과정에서 본인 확인이 불가능한 경우
• 채용검진 결과 업무 수행에 부적합하다고 판단되는 경우
• 해외여행 및 근무에 결격사유가 있는 경우
• 기타 회사 또는 기관의 인사규정상 채용이 불가능한 경우",서류전형 > 1차면접 > 2차면접 > 채용검진
877,손해사정사 경력 채용,158,88,20260211,20260319,7,경력 3년 이상,정규직,세종특별자치시,박사 이상,"종합병원 운영조직에서 보험사고의 사실관계와 손해액을 조사하는 포지션을(를) 맡을 손해사정사를 모집합니다.

이번 포지션은 사고조사, 손해액 산정, 서류검토, 보고서, 이해관계자 협의을 중심으로 운영 현장의 품질과 일정, 고객 경험을 함께 관리하는 역할입니다.

부서 간 원활한 소통으로 일정과 품질을 안정적으로 관리하는 직무입니다.

유관 부서 및 외부 파트너와 업무 기준을 공유하고, 이슈 발생 시 원인을 정리해 재발 방지 방안을 실행합니다.

초기에는 담당 업무의 프로세스와 시스템을 익히고, 이후에는 담당 영역의 지표 개선과 운영 표준화까지 주도하게 됩니다.","• 사고조사, 손해액 산정, 서류검토, 보고서, 이해관계자 협의 및 일일 운영 현황 관리
• 업무 일정·실적·품질 지표 점검 및 보고
• 관련 시스템과 문서의 정확한 입력·관리
• 고객·협력사·유관 부서 문의 대응 및 이슈 조율
• 업무 절차 개선과 운영 리스크 사전 점검
• 주요 이슈 원인 분석 및 후속 조치 관리
• 정기 회의 자료 작성과 진행 현황 공유
• 현장 안전·보안·개인정보 보호 기준 준수","• 손해사정 관련 지식 또는 자격 관련 기본 지식 또는 실무 경험을 보유한 분
• 필수 자격·면허: 신체손해사정사 보유자 또는 입사 전 취득 가능한 분
• 맡은 업무를 정확하게 기록하고 마감까지 책임질 수 있는 분
• 문서작성, 이메일, 스프레드시트 등 기본 업무도구 활용이 가능한 분
• 고객 및 유관 부서와 원활하게 소통하고 요청사항을 정리할 수 있는 분
• 예상하지 못한 상황에서도 우선순위를 판단해 대응할 수 있는 분
• 업무상 취급하는 자료와 고객 정보를 안전하게 관리할 수 있는 분
• 직무 관련 교육을 꾸준히 이수하며 전문성을 높일 분","• 손해사정사 또는 유사 직무 경력 보유자
• 직무 관련 자격·면허 보유자: 신체손해사정사
• 직무 관련 자격·면허 보유자: 재물손해사정사
• ERP, WMS, CRM, POS 등 직무 관련 시스템 사용 경험자
• 수치와 데이터를 활용한 실적 분석 경험자
• 다양한 이해관계자와 협업해 문제를 해결한 경험자
• 외국어 또는 관련 법규·안전 기준을 활용할 수 있는 분","• 지원서 및 제출서류의 허위기재 또는 허위 제출
• 채용 과정에서 본인 확인이 불가능한 경우
• 채용검진 결과 업무 수행에 부적합하다고 판단되는 경우
• 해외여행 및 근무에 결격사유가 있는 경우
• 기타 회사 또는 기관의 인사규정상 채용이 불가능한 경우",서류전형 > 필기전형 > 면접전형 > 최종합격
878,손해사정사 현장 책임자,123,88,20260228,20260412,18,경력 5년 이상,계약직,충청북도,학력무관,"대학 산학협력단에서 보험사고의 사실관계와 손해액을 조사하는 포지션을(를) 맡을 손해사정사를 모집합니다.

이번 포지션은 사고조사, 손해액 산정, 서류검토, 보고서, 이해관계자 협의을 중심으로 운영 현장의 품질과 일정, 고객 경험을 함께 관리하는 역할입니다.

서비스 품질과 안전을 우선하며 꾸준히 전문성을 쌓을 수 있는 포지션입니다.

유관 부서 및 외부 파트너와 업무 기준을 공유하고, 이슈 발생 시 원인을 정리해 재발 방지 방안을 실행합니다.

초기에는 담당 업무의 프로세스와 시스템을 익히고, 이후에는 담당 영역의 지표 개선과 운영 표준화까지 주도하게 됩니다.","• 사고조사, 손해액 산정, 서류검토, 보고서, 이해관계자 협의 및 일일 운영 현황 관리
• 업무 일정·실적·품질 지표 점검 및 보고
• 관련 시스템과 문서의 정확한 입력·관리
• 고객·협력사·유관 부서 문의 대응 및 이슈 조율
• 업무 절차 개선과 운영 리스크 사전 점검
• 주요 이슈 원인 분석 및 후속 조치 관리
• 정기 회의 자료 작성과 진행 현황 공유
• 업무 매뉴얼 정비와 신규 구성원 온보딩 지원","• 손해사정 관련 지식 또는 자격 관련 기본 지식 또는 실무 경험을 보유한 분
• 필수 자격·면허: 신체손해사정사 보유자 또는 입사 전 취득 가능한 분
• 맡은 업무를 정확하게 기록하고 마감까지 책임질 수 있는 분
• 문서작성, 이메일, 스프레드시트 등 기본 업무도구 활용이 가능한 분
• 고객 및 유관 부서와 원활하게 소통하고 요청사항을 정리할 수 있는 분
• 예상하지 못한 상황에서도 우선순위를 판단해 대응할 수 있는 분
• 업무상 취급하는 자료와 고객 정보를 안전하게 관리할 수 있는 분
• 교대·주말·현장 근무가 포함될 수 있는 일정에 대응 가능한 분","• 손해사정사 또는 유사 직무 경력 보유자
• 직무 관련 자격·면허 보유자: 신체손해사정사
• 직무 관련 자격·면허 보유자: 재물손해사정사
• ERP, WMS, CRM, POS 등 직무 관련 시스템 사용 경험자
• 수치와 데이터를 활용한 실적 분석 경험자
• 다양한 이해관계자와 협업해 문제를 해결한 경험자
• 신규 프로세스 구축이나 업무 자동화 경험자","• 지원서 및 제출서류의 허위기재 또는 허위 제출
• 채용 과정에서 본인 확인이 불가능한 경우
• 채용검진 결과 업무 수행에 부적합하다고 판단되는 경우
• 해외여행 및 근무에 결격사유가 있는 경우
• 기타 회사 또는 기관의 인사규정상 채용이 불가능한 경우",서류전형 > 실무면접 > 최종면접
879,손해사정사 서비스 담당,12,88,20260317,20260331,9,경력 무관,무기계약직,전라남도,전문학사 이상,"기업 부설 연구소에서 보험사고의 사실관계와 손해액을 조사하는 포지션을(를) 맡을 손해사정사를 모집합니다.

이번 포지션은 사고조사, 손해액 산정, 서류검토, 보고서, 이해관계자 협의을 중심으로 운영 현장의 품질과 일정, 고객 경험을 함께 관리하는 역할입니다.

기본기를 바탕으로 새로운 업무를 빠르게 익히고 실행할 분을 모십니다.

유관 부서 및 외부 파트너와 업무 기준을 공유하고, 이슈 발생 시 원인을 정리해 재발 방지 방안을 실행합니다.

초기에는 담당 업무의 프로세스와 시스템을 익히고, 이후에는 담당 영역의 지표 개선과 운영 표준화까지 주도하게 됩니다.","• 사고조사, 손해액 산정, 서류검토, 보고서, 이해관계자 협의 및 일일 운영 현황 관리
• 업무 일정·실적·품질 지표 점검 및 보고
• 관련 시스템과 문서의 정확한 입력·관리
• 고객·협력사·유관 부서 문의 대응 및 이슈 조율
• 업무 절차 개선과 운영 리스크 사전 점검
• 주요 이슈 원인 분석 및 후속 조치 관리
• 정기 회의 자료 작성과 진행 현황 공유
• 현장 안전·보안·개인정보 보호 기준 준수","• 손해사정 관련 지식 또는 자격 관련 기본 지식 또는 실무 경험을 보유한 분
• 필수 자격·면허: 신체손해사정사 보유자 또는 입사 전 취득 가능한 분
• 맡은 업무를 정확하게 기록하고 마감까지 책임질 수 있는 분
• 문서작성, 이메일, 스프레드시트 등 기본 업무도구 활용이 가능한 분
• 고객 및 유관 부서와 원활하게 소통하고 요청사항을 정리할 수 있는 분
• 예상하지 못한 상황에서도 우선순위를 판단해 대응할 수 있는 분
• 업무상 취급하는 자료와 고객 정보를 안전하게 관리할 수 있는 분
• 직무 관련 교육을 꾸준히 이수하며 전문성을 높일 분","• 손해사정사 또는 유사 직무 경력 보유자
• 직무 관련 자격·면허 보유자: 신체손해사정사
• 직무 관련 자격·면허 보유자: 재물손해사정사
• ERP, WMS, CRM, POS 등 직무 관련 시스템 사용 경험자
• 수치와 데이터를 활용한 실적 분석 경험자
• 다양한 이해관계자와 협업해 문제를 해결한 경험자
• 외국어 또는 관련 법규·안전 기준을 활용할 수 있는 분","• 지원서 및 제출서류의 허위기재 또는 허위 제출
• 채용 과정에서 본인 확인이 불가능한 경우
• 채용검진 결과 업무 수행에 부적합하다고 판단되는 경우
• 해외여행 및 근무에 결격사유가 있는 경우
• 기타 회사 또는 기관의 인사규정상 채용이 불가능한 경우",서류전형 > 인성검사 > 실무면접 > 최종면접
880,손해사정사 담당자,23,88,20260403,20260424,20,신입,기간제,제주특별자치도,학사 이상,"전문 협회에서 보험사고의 사실관계와 손해액을 조사하는 포지션을(를) 맡을 손해사정사를 모집합니다.

이번 포지션은 사고조사, 손해액 산정, 서류검토, 보고서, 이해관계자 협의을 중심으로 운영 현장의 품질과 일정, 고객 경험을 함께 관리하는 역할입니다.

성과와 고객 만족을 함께 고려하며 실질적인 변화를 만드는 역할입니다.

유관 부서 및 외부 파트너와 업무 기준을 공유하고, 이슈 발생 시 원인을 정리해 재발 방지 방안을 실행합니다.

초기에는 담당 업무의 프로세스와 시스템을 익히고, 이후에는 담당 영역의 지표 개선과 운영 표준화까지 주도하게 됩니다.","• 사고조사, 손해액 산정, 서류검토, 보고서, 이해관계자 협의 및 일일 운영 현황 관리
• 업무 일정·실적·품질 지표 점검 및 보고
• 관련 시스템과 문서의 정확한 입력·관리
• 고객·협력사·유관 부서 문의 대응 및 이슈 조율
• 업무 절차 개선과 운영 리스크 사전 점검
• 주요 이슈 원인 분석 및 후속 조치 관리
• 정기 회의 자료 작성과 진행 현황 공유
• 업무 매뉴얼 정비와 신규 구성원 온보딩 지원","• 손해사정 관련 지식 또는 자격 관련 기본 지식 또는 실무 경험을 보유한 분
• 필수 자격·면허: 신체손해사정사 보유자 또는 입사 전 취득 가능한 분
• 맡은 업무를 정확하게 기록하고 마감까지 책임질 수 있는 분
• 문서작성, 이메일, 스프레드시트 등 기본 업무도구 활용이 가능한 분
• 고객 및 유관 부서와 원활하게 소통하고 요청사항을 정리할 수 있는 분
• 예상하지 못한 상황에서도 우선순위를 판단해 대응할 수 있는 분
• 업무상 취급하는 자료와 고객 정보를 안전하게 관리할 수 있는 분
• 직무 관련 교육을 꾸준히 이수하며 전문성을 높일 분","• 손해사정사 또는 유사 직무 경력 보유자
• 직무 관련 자격·면허 보유자: 신체손해사정사
• 직무 관련 자격·면허 보유자: 재물손해사정사
• ERP, WMS, CRM, POS 등 직무 관련 시스템 사용 경험자
• 수치와 데이터를 활용한 실적 분석 경험자
• 다양한 이해관계자와 협업해 문제를 해결한 경험자
• 신규 프로세스 구축이나 업무 자동화 경험자","• 지원서 및 제출서류의 허위기재 또는 허위 제출
• 채용 과정에서 본인 확인이 불가능한 경우
• 채용검진 결과 업무 수행에 부적합하다고 판단되는 경우
• 해외여행 및 근무에 결격사유가 있는 경우
• 기타 회사 또는 기관의 인사규정상 채용이 불가능한 경우",서류전형 > 직무과제 > 실무면접 > 최종합격
881,심사 운영 매니저,97,89,20260420,20260518,11,신입·경력,정규직,대전광역시,박사 이상,"공공서비스 운영기관에서 신청 건의 적정성과 리스크를 검토하는 포지션을(를) 맡을 심사를 모집합니다.

이번 포지션은 심사기준, 서류검토, 위험판단, 결과등록, 이의응대을 중심으로 운영 현장의 품질과 일정, 고객 경험을 함께 관리하는 역할입니다.

정확한 실행력과 협업을 바탕으로 안정적인 운영을 함께 만들어 갈 분을 찾습니다.

유관 부서 및 외부 파트너와 업무 기준을 공유하고, 이슈 발생 시 원인을 정리해 재발 방지 방안을 실행합니다.

초기에는 담당 업무의 프로세스와 시스템을 익히고, 이후에는 담당 영역의 지표 개선과 운영 표준화까지 주도하게 됩니다.","• 심사기준, 서류검토, 위험판단, 결과등록, 이의응대 및 일일 운영 현황 관리
• 업무 일정·실적·품질 지표 점검 및 보고
• 관련 시스템과 문서의 정확한 입력·관리
• 고객·협력사·유관 부서 문의 대응 및 이슈 조율
• 업무 절차 개선과 운영 리스크 사전 점검
• 주요 이슈 원인 분석 및 후속 조치 관리
• 정기 회의 자료 작성과 진행 현황 공유
• 현장 안전·보안·개인정보 보호 기준 준수","• 금융·보험 심사 기준 이해 관련 기본 지식 또는 실무 경험을 보유한 분
• 필수 자격·면허: 보험심사역 보유자 또는 입사 전 취득 가능한 분
• 맡은 업무를 정확하게 기록하고 마감까지 책임질 수 있는 분
• 문서작성, 이메일, 스프레드시트 등 기본 업무도구 활용이 가능한 분
• 고객 및 유관 부서와 원활하게 소통하고 요청사항을 정리할 수 있는 분
• 예상하지 못한 상황에서도 우선순위를 판단해 대응할 수 있는 분
• 업무상 취급하는 자료와 고객 정보를 안전하게 관리할 수 있는 분
• 교대·주말·현장 근무가 포함될 수 있는 일정에 대응 가능한 분","• 심사 또는 유사 직무 경력 보유자
• 직무 관련 자격·면허 보유자: 보험심사역
• 직무 관련 자격·면허 보유자: 손해사정사
• ERP, WMS, CRM, POS 등 직무 관련 시스템 사용 경험자
• 수치와 데이터를 활용한 실적 분석 경험자
• 다양한 이해관계자와 협업해 문제를 해결한 경험자
• 외국어 또는 관련 법규·안전 기준을 활용할 수 있는 분","• 지원서 및 제출서류의 허위기재 또는 허위 제출
• 채용 과정에서 본인 확인이 불가능한 경우
• 채용검진 결과 업무 수행에 부적합하다고 판단되는 경우
• 해외여행 및 근무에 결격사유가 있는 경우
• 기타 회사 또는 기관의 인사규정상 채용이 불가능한 경우",서류전형 > 필기전형 > 면접전형 > 최종합격
882,심사 전문 인력,49,89,20260507,20260611,2,경력 2년 이상,계약직,세종특별자치시,학력무관,"대기업 사업부에서 신청 건의 적정성과 리스크를 검토하는 포지션을(를) 맡을 심사를 모집합니다.

이번 포지션은 심사기준, 서류검토, 위험판단, 결과등록, 이의응대을 중심으로 운영 현장의 품질과 일정, 고객 경험을 함께 관리하는 역할입니다.

현장과 유관 부서의 요구를 연결하며 업무 품질을 높이는 역할입니다.

유관 부서 및 외부 파트너와 업무 기준을 공유하고, 이슈 발생 시 원인을 정리해 재발 방지 방안을 실행합니다.

초기에는 담당 업무의 프로세스와 시스템을 익히고, 이후에는 담당 영역의 지표 개선과 운영 표준화까지 주도하게 됩니다.","• 심사기준, 서류검토, 위험판단, 결과등록, 이의응대 및 일일 운영 현황 관리
• 업무 일정·실적·품질 지표 점검 및 보고
• 관련 시스템과 문서의 정확한 입력·관리
• 고객·협력사·유관 부서 문의 대응 및 이슈 조율
• 업무 절차 개선과 운영 리스크 사전 점검
• 주요 이슈 원인 분석 및 후속 조치 관리
• 정기 회의 자료 작성과 진행 현황 공유
• 업무 매뉴얼 정비와 신규 구성원 온보딩 지원","• 금융·보험 심사 기준 이해 관련 기본 지식 또는 실무 경험을 보유한 분
• 필수 자격·면허: 보험심사역 보유자 또는 입사 전 취득 가능한 분
• 맡은 업무를 정확하게 기록하고 마감까지 책임질 수 있는 분
• 문서작성, 이메일, 스프레드시트 등 기본 업무도구 활용이 가능한 분
• 고객 및 유관 부서와 원활하게 소통하고 요청사항을 정리할 수 있는 분
• 예상하지 못한 상황에서도 우선순위를 판단해 대응할 수 있는 분
• 업무상 취급하는 자료와 고객 정보를 안전하게 관리할 수 있는 분
• 직무 관련 교육을 꾸준히 이수하며 전문성을 높일 분","• 심사 또는 유사 직무 경력 보유자
• 직무 관련 자격·면허 보유자: 보험심사역
• 직무 관련 자격·면허 보유자: 손해사정사
• ERP, WMS, CRM, POS 등 직무 관련 시스템 사용 경험자
• 수치와 데이터를 활용한 실적 분석 경험자
• 다양한 이해관계자와 협업해 문제를 해결한 경험자
• 신규 프로세스 구축이나 업무 자동화 경험자","• 지원서 및 제출서류의 허위기재 또는 허위 제출
• 채용 과정에서 본인 확인이 불가능한 경우
• 채용검진 결과 업무 수행에 부적합하다고 판단되는 경우
• 해외여행 및 근무에 결격사유가 있는 경우
• 기타 회사 또는 기관의 인사규정상 채용이 불가능한 경우",서류전형 > 실무면접 > 최종면접
883,심사 경력 채용,120,89,20260524,20260705,13,경력 3년 이상,무기계약직,충청북도,전문학사 이상,"중견 제조기업에서 신청 건의 적정성과 리스크를 검토하는 포지션을(를) 맡을 심사를 모집합니다.

이번 포지션은 심사기준, 서류검토, 위험판단, 결과등록, 이의응대을 중심으로 운영 현장의 품질과 일정, 고객 경험을 함께 관리하는 역할입니다.

업무 기준을 준수하면서도 개선점을 주도적으로 제안할 수 있는 분을 기다립니다.

유관 부서 및 외부 파트너와 업무 기준을 공유하고, 이슈 발생 시 원인을 정리해 재발 방지 방안을 실행합니다.

초기에는 담당 업무의 프로세스와 시스템을 익히고, 이후에는 담당 영역의 지표 개선과 운영 표준화까지 주도하게 됩니다.","• 심사기준, 서류검토, 위험판단, 결과등록, 이의응대 및 일일 운영 현황 관리
• 업무 일정·실적·품질 지표 점검 및 보고
• 관련 시스템과 문서의 정확한 입력·관리
• 고객·협력사·유관 부서 문의 대응 및 이슈 조율
• 업무 절차 개선과 운영 리스크 사전 점검
• 주요 이슈 원인 분석 및 후속 조치 관리
• 정기 회의 자료 작성과 진행 현황 공유
• 현장 안전·보안·개인정보 보호 기준 준수","• 금융·보험 심사 기준 이해 관련 기본 지식 또는 실무 경험을 보유한 분
• 필수 자격·면허: 보험심사역 보유자 또는 입사 전 취득 가능한 분
• 맡은 업무를 정확하게 기록하고 마감까지 책임질 수 있는 분
• 문서작성, 이메일, 스프레드시트 등 기본 업무도구 활용이 가능한 분
• 고객 및 유관 부서와 원활하게 소통하고 요청사항을 정리할 수 있는 분
• 예상하지 못한 상황에서도 우선순위를 판단해 대응할 수 있는 분
• 업무상 취급하는 자료와 고객 정보를 안전하게 관리할 수 있는 분
• 직무 관련 교육을 꾸준히 이수하며 전문성을 높일 분","• 심사 또는 유사 직무 경력 보유자
• 직무 관련 자격·면허 보유자: 보험심사역
• 직무 관련 자격·면허 보유자: 손해사정사
• ERP, WMS, CRM, POS 등 직무 관련 시스템 사용 경험자
• 수치와 데이터를 활용한 실적 분석 경험자
• 다양한 이해관계자와 협업해 문제를 해결한 경험자
• 외국어 또는 관련 법규·안전 기준을 활용할 수 있는 분","• 지원서 및 제출서류의 허위기재 또는 허위 제출
• 채용 과정에서 본인 확인이 불가능한 경우
• 채용검진 결과 업무 수행에 부적합하다고 판단되는 경우
• 해외여행 및 근무에 결격사유가 있는 경우
• 기타 회사 또는 기관의 인사규정상 채용이 불가능한 경우",서류전형 > 인성검사 > 실무면접 > 최종면접
884,심사 현장 책임자,15,89,20260610,20260623,4,경력 5년 이상,기간제,전라남도,학사 이상,"전문 중소기업에서 신청 건의 적정성과 리스크를 검토하는 포지션을(를) 맡을 심사를 모집합니다.

이번 포지션은 심사기준, 서류검토, 위험판단, 결과등록, 이의응대을 중심으로 운영 현장의 품질과 일정, 고객 경험을 함께 관리하는 역할입니다.

고객과 동료에게 신뢰를 주는 태도로 맡은 업무를 끝까지 책임지는 포지션입니다.

유관 부서 및 외부 파트너와 업무 기준을 공유하고, 이슈 발생 시 원인을 정리해 재발 방지 방안을 실행합니다.

초기에는 담당 업무의 프로세스와 시스템을 익히고, 이후에는 담당 영역의 지표 개선과 운영 표준화까지 주도하게 됩니다.","• 심사기준, 서류검토, 위험판단, 결과등록, 이의응대 및 일일 운영 현황 관리
• 업무 일정·실적·품질 지표 점검 및 보고
• 관련 시스템과 문서의 정확한 입력·관리
• 고객·협력사·유관 부서 문의 대응 및 이슈 조율
• 업무 절차 개선과 운영 리스크 사전 점검
• 주요 이슈 원인 분석 및 후속 조치 관리
• 정기 회의 자료 작성과 진행 현황 공유
• 업무 매뉴얼 정비와 신규 구성원 온보딩 지원","• 금융·보험 심사 기준 이해 관련 기본 지식 또는 실무 경험을 보유한 분
• 필수 자격·면허: 보험심사역 보유자 또는 입사 전 취득 가능한 분
• 맡은 업무를 정확하게 기록하고 마감까지 책임질 수 있는 분
• 문서작성, 이메일, 스프레드시트 등 기본 업무도구 활용이 가능한 분
• 고객 및 유관 부서와 원활하게 소통하고 요청사항을 정리할 수 있는 분
• 예상하지 못한 상황에서도 우선순위를 판단해 대응할 수 있는 분
• 업무상 취급하는 자료와 고객 정보를 안전하게 관리할 수 있는 분
• 교대·주말·현장 근무가 포함될 수 있는 일정에 대응 가능한 분","• 심사 또는 유사 직무 경력 보유자
• 직무 관련 자격·면허 보유자: 보험심사역
• 직무 관련 자격·면허 보유자: 손해사정사
• ERP, WMS, CRM, POS 등 직무 관련 시스템 사용 경험자
• 수치와 데이터를 활용한 실적 분석 경험자
• 다양한 이해관계자와 협업해 문제를 해결한 경험자
• 신규 프로세스 구축이나 업무 자동화 경험자","• 지원서 및 제출서류의 허위기재 또는 허위 제출
• 채용 과정에서 본인 확인이 불가능한 경우
• 채용검진 결과 업무 수행에 부적합하다고 판단되는 경우
• 해외여행 및 근무에 결격사유가 있는 경우
• 기타 회사 또는 기관의 인사규정상 채용이 불가능한 경우",서류전형 > 직무과제 > 실무면접 > 최종합격
885,심사 서비스 담당,90,89,20260627,20260717,15,경력 무관,정규직,제주특별자치도,석사 이상,"성장 단계 스타트업에서 신청 건의 적정성과 리스크를 검토하는 포지션을(를) 맡을 심사를 모집합니다.

이번 포지션은 심사기준, 서류검토, 위험판단, 결과등록, 이의응대을 중심으로 운영 현장의 품질과 일정, 고객 경험을 함께 관리하는 역할입니다.

데이터와 현장 감각을 함께 활용해 반복 업무를 효율화하는 역할입니다.

유관 부서 및 외부 파트너와 업무 기준을 공유하고, 이슈 발생 시 원인을 정리해 재발 방지 방안을 실행합니다.

초기에는 담당 업무의 프로세스와 시스템을 익히고, 이후에는 담당 영역의 지표 개선과 운영 표준화까지 주도하게 됩니다.","• 심사기준, 서류검토, 위험판단, 결과등록, 이의응대 및 일일 운영 현황 관리
• 업무 일정·실적·품질 지표 점검 및 보고
• 관련 시스템과 문서의 정확한 입력·관리
• 고객·협력사·유관 부서 문의 대응 및 이슈 조율
• 업무 절차 개선과 운영 리스크 사전 점검
• 주요 이슈 원인 분석 및 후속 조치 관리
• 정기 회의 자료 작성과 진행 현황 공유
• 현장 안전·보안·개인정보 보호 기준 준수","• 금융·보험 심사 기준 이해 관련 기본 지식 또는 실무 경험을 보유한 분
• 필수 자격·면허: 보험심사역 보유자 또는 입사 전 취득 가능한 분
• 맡은 업무를 정확하게 기록하고 마감까지 책임질 수 있는 분
• 문서작성, 이메일, 스프레드시트 등 기본 업무도구 활용이 가능한 분
• 고객 및 유관 부서와 원활하게 소통하고 요청사항을 정리할 수 있는 분
• 예상하지 못한 상황에서도 우선순위를 판단해 대응할 수 있는 분
• 업무상 취급하는 자료와 고객 정보를 안전하게 관리할 수 있는 분
• 직무 관련 교육을 꾸준히 이수하며 전문성을 높일 분","• 심사 또는 유사 직무 경력 보유자
• 직무 관련 자격·면허 보유자: 보험심사역
• 직무 관련 자격·면허 보유자: 손해사정사
• ERP, WMS, CRM, POS 등 직무 관련 시스템 사용 경험자
• 수치와 데이터를 활용한 실적 분석 경험자
• 다양한 이해관계자와 협업해 문제를 해결한 경험자
• 외국어 또는 관련 법규·안전 기준을 활용할 수 있는 분","• 지원서 및 제출서류의 허위기재 또는 허위 제출
• 채용 과정에서 본인 확인이 불가능한 경우
• 채용검진 결과 업무 수행에 부적합하다고 판단되는 경우
• 해외여행 및 근무에 결격사유가 있는 경우
• 기타 회사 또는 기관의 인사규정상 채용이 불가능한 경우",서류전형 > 1차면접 > 2차면접 > 채용검진
886,심사 담당자,151,89,20260714,20260810,6,신입,계약직,인천광역시,박사 이상,"종합병원 운영조직에서 신청 건의 적정성과 리스크를 검토하는 포지션을(를) 맡을 심사를 모집합니다.

이번 포지션은 심사기준, 서류검토, 위험판단, 결과등록, 이의응대을 중심으로 운영 현장의 품질과 일정, 고객 경험을 함께 관리하는 역할입니다.

정해진 절차를 지키되 상황에 맞게 유연하게 대응하는 실무자를 모집합니다.

유관 부서 및 외부 파트너와 업무 기준을 공유하고, 이슈 발생 시 원인을 정리해 재발 방지 방안을 실행합니다.

초기에는 담당 업무의 프로세스와 시스템을 익히고, 이후에는 담당 영역의 지표 개선과 운영 표준화까지 주도하게 됩니다.","• 심사기준, 서류검토, 위험판단, 결과등록, 이의응대 및 일일 운영 현황 관리
• 업무 일정·실적·품질 지표 점검 및 보고
• 관련 시스템과 문서의 정확한 입력·관리
• 고객·협력사·유관 부서 문의 대응 및 이슈 조율
• 업무 절차 개선과 운영 리스크 사전 점검
• 주요 이슈 원인 분석 및 후속 조치 관리
• 정기 회의 자료 작성과 진행 현황 공유
• 업무 매뉴얼 정비와 신규 구성원 온보딩 지원","• 금융·보험 심사 기준 이해 관련 기본 지식 또는 실무 경험을 보유한 분
• 필수 자격·면허: 보험심사역 보유자 또는 입사 전 취득 가능한 분
• 맡은 업무를 정확하게 기록하고 마감까지 책임질 수 있는 분
• 문서작성, 이메일, 스프레드시트 등 기본 업무도구 활용이 가능한 분
• 고객 및 유관 부서와 원활하게 소통하고 요청사항을 정리할 수 있는 분
• 예상하지 못한 상황에서도 우선순위를 판단해 대응할 수 있는 분
• 업무상 취급하는 자료와 고객 정보를 안전하게 관리할 수 있는 분
• 직무 관련 교육을 꾸준히 이수하며 전문성을 높일 분","• 심사 또는 유사 직무 경력 보유자
• 직무 관련 자격·면허 보유자: 보험심사역
• 직무 관련 자격·면허 보유자: 손해사정사
• ERP, WMS, CRM, POS 등 직무 관련 시스템 사용 경험자
• 수치와 데이터를 활용한 실적 분석 경험자
• 다양한 이해관계자와 협업해 문제를 해결한 경험자
• 신규 프로세스 구축이나 업무 자동화 경험자","• 지원서 및 제출서류의 허위기재 또는 허위 제출
• 채용 과정에서 본인 확인이 불가능한 경우
• 채용검진 결과 업무 수행에 부적합하다고 판단되는 경우
• 해외여행 및 근무에 결격사유가 있는 경우
• 기타 회사 또는 기관의 인사규정상 채용이 불가능한 경우",서류전형 > 필기전형 > 면접전형 > 최종합격
887,심사 실무자,90,89,20260731,20260903,17,경력,무기계약직,울산광역시,학력무관,"대학 산학협력단에서 신청 건의 적정성과 리스크를 검토하는 포지션을(를) 맡을 심사를 모집합니다.

이번 포지션은 심사기준, 서류검토, 위험판단, 결과등록, 이의응대을 중심으로 운영 현장의 품질과 일정, 고객 경험을 함께 관리하는 역할입니다.

부서 간 원활한 소통으로 일정과 품질을 안정적으로 관리하는 직무입니다.

유관 부서 및 외부 파트너와 업무 기준을 공유하고, 이슈 발생 시 원인을 정리해 재발 방지 방안을 실행합니다.

초기에는 담당 업무의 프로세스와 시스템을 익히고, 이후에는 담당 영역의 지표 개선과 운영 표준화까지 주도하게 됩니다.","• 심사기준, 서류검토, 위험판단, 결과등록, 이의응대 및 일일 운영 현황 관리
• 업무 일정·실적·품질 지표 점검 및 보고
• 관련 시스템과 문서의 정확한 입력·관리
• 고객·협력사·유관 부서 문의 대응 및 이슈 조율
• 업무 절차 개선과 운영 리스크 사전 점검
• 주요 이슈 원인 분석 및 후속 조치 관리
• 정기 회의 자료 작성과 진행 현황 공유
• 현장 안전·보안·개인정보 보호 기준 준수","• 금융·보험 심사 기준 이해 관련 기본 지식 또는 실무 경험을 보유한 분
• 필수 자격·면허: 보험심사역 보유자 또는 입사 전 취득 가능한 분
• 맡은 업무를 정확하게 기록하고 마감까지 책임질 수 있는 분
• 문서작성, 이메일, 스프레드시트 등 기본 업무도구 활용이 가능한 분
• 고객 및 유관 부서와 원활하게 소통하고 요청사항을 정리할 수 있는 분
• 예상하지 못한 상황에서도 우선순위를 판단해 대응할 수 있는 분
• 업무상 취급하는 자료와 고객 정보를 안전하게 관리할 수 있는 분
• 교대·주말·현장 근무가 포함될 수 있는 일정에 대응 가능한 분","• 심사 또는 유사 직무 경력 보유자
• 직무 관련 자격·면허 보유자: 보험심사역
• 직무 관련 자격·면허 보유자: 손해사정사
• ERP, WMS, CRM, POS 등 직무 관련 시스템 사용 경험자
• 수치와 데이터를 활용한 실적 분석 경험자
• 다양한 이해관계자와 협업해 문제를 해결한 경험자
• 외국어 또는 관련 법규·안전 기준을 활용할 수 있는 분","• 지원서 및 제출서류의 허위기재 또는 허위 제출
• 채용 과정에서 본인 확인이 불가능한 경우
• 채용검진 결과 업무 수행에 부적합하다고 판단되는 경우
• 해외여행 및 근무에 결격사유가 있는 경우
• 기타 회사 또는 기관의 인사규정상 채용이 불가능한 경우",서류전형 > 실무면접 > 최종면접
888,심사 운영 매니저,2,89,20260817,20260927,8,신입·경력,기간제,강원특별자치도,전문학사 이상,"기업 부설 연구소에서 신청 건의 적정성과 리스크를 검토하는 포지션을(를) 맡을 심사를 모집합니다.

이번 포지션은 심사기준, 서류검토, 위험판단, 결과등록, 이의응대을 중심으로 운영 현장의 품질과 일정, 고객 경험을 함께 관리하는 역할입니다.

서비스 품질과 안전을 우선하며 꾸준히 전문성을 쌓을 수 있는 포지션입니다.

유관 부서 및 외부 파트너와 업무 기준을 공유하고, 이슈 발생 시 원인을 정리해 재발 방지 방안을 실행합니다.

초기에는 담당 업무의 프로세스와 시스템을 익히고, 이후에는 담당 영역의 지표 개선과 운영 표준화까지 주도하게 됩니다.","• 심사기준, 서류검토, 위험판단, 결과등록, 이의응대 및 일일 운영 현황 관리
• 업무 일정·실적·품질 지표 점검 및 보고
• 관련 시스템과 문서의 정확한 입력·관리
• 고객·협력사·유관 부서 문의 대응 및 이슈 조율
• 업무 절차 개선과 운영 리스크 사전 점검
• 주요 이슈 원인 분석 및 후속 조치 관리
• 정기 회의 자료 작성과 진행 현황 공유
• 업무 매뉴얼 정비와 신규 구성원 온보딩 지원","• 금융·보험 심사 기준 이해 관련 기본 지식 또는 실무 경험을 보유한 분
• 필수 자격·면허: 보험심사역 보유자 또는 입사 전 취득 가능한 분
• 맡은 업무를 정확하게 기록하고 마감까지 책임질 수 있는 분
• 문서작성, 이메일, 스프레드시트 등 기본 업무도구 활용이 가능한 분
• 고객 및 유관 부서와 원활하게 소통하고 요청사항을 정리할 수 있는 분
• 예상하지 못한 상황에서도 우선순위를 판단해 대응할 수 있는 분
• 업무상 취급하는 자료와 고객 정보를 안전하게 관리할 수 있는 분
• 직무 관련 교육을 꾸준히 이수하며 전문성을 높일 분","• 심사 또는 유사 직무 경력 보유자
• 직무 관련 자격·면허 보유자: 보험심사역
• 직무 관련 자격·면허 보유자: 손해사정사
• ERP, WMS, CRM, POS 등 직무 관련 시스템 사용 경험자
• 수치와 데이터를 활용한 실적 분석 경험자
• 다양한 이해관계자와 협업해 문제를 해결한 경험자
• 신규 프로세스 구축이나 업무 자동화 경험자","• 지원서 및 제출서류의 허위기재 또는 허위 제출
• 채용 과정에서 본인 확인이 불가능한 경우
• 채용검진 결과 업무 수행에 부적합하다고 판단되는 경우
• 해외여행 및 근무에 결격사유가 있는 경우
• 기타 회사 또는 기관의 인사규정상 채용이 불가능한 경우",서류전형 > 인성검사 > 실무면접 > 최종면접
889,심사 전문 인력,112,89,20260903,20260915,19,경력 2년 이상,정규직,전라북도,학사 이상,"전문 협회에서 신청 건의 적정성과 리스크를 검토하는 포지션을(를) 맡을 심사를 모집합니다.

이번 포지션은 심사기준, 서류검토, 위험판단, 결과등록, 이의응대을 중심으로 운영 현장의 품질과 일정, 고객 경험을 함께 관리하는 역할입니다.

기본기를 바탕으로 새로운 업무를 빠르게 익히고 실행할 분을 모십니다.

유관 부서 및 외부 파트너와 업무 기준을 공유하고, 이슈 발생 시 원인을 정리해 재발 방지 방안을 실행합니다.

초기에는 담당 업무의 프로세스와 시스템을 익히고, 이후에는 담당 영역의 지표 개선과 운영 표준화까지 주도하게 됩니다.","• 심사기준, 서류검토, 위험판단, 결과등록, 이의응대 및 일일 운영 현황 관리
• 업무 일정·실적·품질 지표 점검 및 보고
• 관련 시스템과 문서의 정확한 입력·관리
• 고객·협력사·유관 부서 문의 대응 및 이슈 조율
• 업무 절차 개선과 운영 리스크 사전 점검
• 주요 이슈 원인 분석 및 후속 조치 관리
• 정기 회의 자료 작성과 진행 현황 공유
• 현장 안전·보안·개인정보 보호 기준 준수","• 금융·보험 심사 기준 이해 관련 기본 지식 또는 실무 경험을 보유한 분
• 필수 자격·면허: 보험심사역 보유자 또는 입사 전 취득 가능한 분
• 맡은 업무를 정확하게 기록하고 마감까지 책임질 수 있는 분
• 문서작성, 이메일, 스프레드시트 등 기본 업무도구 활용이 가능한 분
• 고객 및 유관 부서와 원활하게 소통하고 요청사항을 정리할 수 있는 분
• 예상하지 못한 상황에서도 우선순위를 판단해 대응할 수 있는 분
• 업무상 취급하는 자료와 고객 정보를 안전하게 관리할 수 있는 분
• 직무 관련 교육을 꾸준히 이수하며 전문성을 높일 분","• 심사 또는 유사 직무 경력 보유자
• 직무 관련 자격·면허 보유자: 보험심사역
• 직무 관련 자격·면허 보유자: 손해사정사
• ERP, WMS, CRM, POS 등 직무 관련 시스템 사용 경험자
• 수치와 데이터를 활용한 실적 분석 경험자
• 다양한 이해관계자와 협업해 문제를 해결한 경험자
• 외국어 또는 관련 법규·안전 기준을 활용할 수 있는 분","• 지원서 및 제출서류의 허위기재 또는 허위 제출
• 채용 과정에서 본인 확인이 불가능한 경우
• 채용검진 결과 업무 수행에 부적합하다고 판단되는 경우
• 해외여행 및 근무에 결격사유가 있는 경우
• 기타 회사 또는 기관의 인사규정상 채용이 불가능한 경우",서류전형 > 직무과제 > 실무면접 > 최종합격
890,심사 경력 채용,66,89,20260920,20261009,10,경력 3년 이상,계약직,경상남도,석사 이상,"공공서비스 운영기관에서 신청 건의 적정성과 리스크를 검토하는 포지션을(를) 맡을 심사를 모집합니다.

이번 포지션은 심사기준, 서류검토, 위험판단, 결과등록, 이의응대을 중심으로 운영 현장의 품질과 일정, 고객 경험을 함께 관리하는 역할입니다.

성과와 고객 만족을 함께 고려하며 실질적인 변화를 만드는 역할입니다.

유관 부서 및 외부 파트너와 업무 기준을 공유하고, 이슈 발생 시 원인을 정리해 재발 방지 방안을 실행합니다.

초기에는 담당 업무의 프로세스와 시스템을 익히고, 이후에는 담당 영역의 지표 개선과 운영 표준화까지 주도하게 됩니다.","• 심사기준, 서류검토, 위험판단, 결과등록, 이의응대 및 일일 운영 현황 관리
• 업무 일정·실적·품질 지표 점검 및 보고
• 관련 시스템과 문서의 정확한 입력·관리
• 고객·협력사·유관 부서 문의 대응 및 이슈 조율
• 업무 절차 개선과 운영 리스크 사전 점검
• 주요 이슈 원인 분석 및 후속 조치 관리
• 정기 회의 자료 작성과 진행 현황 공유
• 업무 매뉴얼 정비와 신규 구성원 온보딩 지원","• 금융·보험 심사 기준 이해 관련 기본 지식 또는 실무 경험을 보유한 분
• 필수 자격·면허: 보험심사역 보유자 또는 입사 전 취득 가능한 분
• 맡은 업무를 정확하게 기록하고 마감까지 책임질 수 있는 분
• 문서작성, 이메일, 스프레드시트 등 기본 업무도구 활용이 가능한 분
• 고객 및 유관 부서와 원활하게 소통하고 요청사항을 정리할 수 있는 분
• 예상하지 못한 상황에서도 우선순위를 판단해 대응할 수 있는 분
• 업무상 취급하는 자료와 고객 정보를 안전하게 관리할 수 있는 분
• 교대·주말·현장 근무가 포함될 수 있는 일정에 대응 가능한 분","• 심사 또는 유사 직무 경력 보유자
• 직무 관련 자격·면허 보유자: 보험심사역
• 직무 관련 자격·면허 보유자: 손해사정사
• ERP, WMS, CRM, POS 등 직무 관련 시스템 사용 경험자
• 수치와 데이터를 활용한 실적 분석 경험자
• 다양한 이해관계자와 협업해 문제를 해결한 경험자
• 신규 프로세스 구축이나 업무 자동화 경험자","• 지원서 및 제출서류의 허위기재 또는 허위 제출
• 채용 과정에서 본인 확인이 불가능한 경우
• 채용검진 결과 업무 수행에 부적합하다고 판단되는 경우
• 해외여행 및 근무에 결격사유가 있는 경우
• 기타 회사 또는 기관의 인사규정상 채용이 불가능한 경우",서류전형 > 1차면접 > 2차면접 > 채용검진
891,은행원·텔러 서비스 담당,44,90,20261007,20261102,1,경력 무관,무기계약직,인천광역시,학력무관,"대기업 사업부에서 창구 금융서비스와 고객 업무를 수행하는 포지션을(를) 맡을 은행원·텔러를 모집합니다.

이번 포지션은 입출금, 제신고, 상품안내, 고객확인, 마감을 중심으로 운영 현장의 품질과 일정, 고객 경험을 함께 관리하는 역할입니다.

정확한 실행력과 협업을 바탕으로 안정적인 운영을 함께 만들어 갈 분을 찾습니다.

유관 부서 및 외부 파트너와 업무 기준을 공유하고, 이슈 발생 시 원인을 정리해 재발 방지 방안을 실행합니다.

초기에는 담당 업무의 프로세스와 시스템을 익히고, 이후에는 담당 영역의 지표 개선과 운영 표준화까지 주도하게 됩니다.","• 입출금, 제신고, 상품안내, 고객확인, 마감 및 일일 운영 현황 관리
• 업무 일정·실적·품질 지표 점검 및 보고
• 관련 시스템과 문서의 정확한 입력·관리
• 고객·협력사·유관 부서 문의 대응 및 이슈 조율
• 업무 절차 개선과 운영 리스크 사전 점검
• 주요 이슈 원인 분석 및 후속 조치 관리
• 정기 회의 자료 작성과 진행 현황 공유
• 현장 안전·보안·개인정보 보호 기준 준수","• 금융상품과 고객응대 기본기 관련 기본 지식 또는 실무 경험을 보유한 분
• 필수 자격·면허: 은행텔러 자격 보유자 또는 입사 전 취득 가능한 분
• 맡은 업무를 정확하게 기록하고 마감까지 책임질 수 있는 분
• 문서작성, 이메일, 스프레드시트 등 기본 업무도구 활용이 가능한 분
• 고객 및 유관 부서와 원활하게 소통하고 요청사항을 정리할 수 있는 분
• 예상하지 못한 상황에서도 우선순위를 판단해 대응할 수 있는 분
• 업무상 취급하는 자료와 고객 정보를 안전하게 관리할 수 있는 분
• 직무 관련 교육을 꾸준히 이수하며 전문성을 높일 분","• 은행원·텔러 또는 유사 직무 경력 보유자
• 직무 관련 자격·면허 보유자: 은행텔러 자격
• 직무 관련 자격·면허 보유자: 펀드투자권유자문인력
• ERP, WMS, CRM, POS 등 직무 관련 시스템 사용 경험자
• 수치와 데이터를 활용한 실적 분석 경험자
• 다양한 이해관계자와 협업해 문제를 해결한 경험자
• 외국어 또는 관련 법규·안전 기준을 활용할 수 있는 분","• 지원서 및 제출서류의 허위기재 또는 허위 제출
• 채용 과정에서 본인 확인이 불가능한 경우
• 채용검진 결과 업무 수행에 부적합하다고 판단되는 경우
• 해외여행 및 근무에 결격사유가 있는 경우
• 기타 회사 또는 기관의 인사규정상 채용이 불가능한 경우",서류전형 > 실무면접 > 최종면접
892,은행원·텔러 담당자,107,90,20261024,20261126,12,신입,기간제,울산광역시,전문학사 이상,"중견 제조기업에서 창구 금융서비스와 고객 업무를 수행하는 포지션을(를) 맡을 은행원·텔러를 모집합니다.

이번 포지션은 입출금, 제신고, 상품안내, 고객확인, 마감을 중심으로 운영 현장의 품질과 일정, 고객 경험을 함께 관리하는 역할입니다.

현장과 유관 부서의 요구를 연결하며 업무 품질을 높이는 역할입니다.

유관 부서 및 외부 파트너와 업무 기준을 공유하고, 이슈 발생 시 원인을 정리해 재발 방지 방안을 실행합니다.

초기에는 담당 업무의 프로세스와 시스템을 익히고, 이후에는 담당 영역의 지표 개선과 운영 표준화까지 주도하게 됩니다.","• 입출금, 제신고, 상품안내, 고객확인, 마감 및 일일 운영 현황 관리
• 업무 일정·실적·품질 지표 점검 및 보고
• 관련 시스템과 문서의 정확한 입력·관리
• 고객·협력사·유관 부서 문의 대응 및 이슈 조율
• 업무 절차 개선과 운영 리스크 사전 점검
• 주요 이슈 원인 분석 및 후속 조치 관리
• 정기 회의 자료 작성과 진행 현황 공유
• 업무 매뉴얼 정비와 신규 구성원 온보딩 지원","• 금융상품과 고객응대 기본기 관련 기본 지식 또는 실무 경험을 보유한 분
• 필수 자격·면허: 은행텔러 자격 보유자 또는 입사 전 취득 가능한 분
• 맡은 업무를 정확하게 기록하고 마감까지 책임질 수 있는 분
• 문서작성, 이메일, 스프레드시트 등 기본 업무도구 활용이 가능한 분
• 고객 및 유관 부서와 원활하게 소통하고 요청사항을 정리할 수 있는 분
• 예상하지 못한 상황에서도 우선순위를 판단해 대응할 수 있는 분
• 업무상 취급하는 자료와 고객 정보를 안전하게 관리할 수 있는 분
• 직무 관련 교육을 꾸준히 이수하며 전문성을 높일 분","• 은행원·텔러 또는 유사 직무 경력 보유자
• 직무 관련 자격·면허 보유자: 은행텔러 자격
• 직무 관련 자격·면허 보유자: 펀드투자권유자문인력
• ERP, WMS, CRM, POS 등 직무 관련 시스템 사용 경험자
• 수치와 데이터를 활용한 실적 분석 경험자
• 다양한 이해관계자와 협업해 문제를 해결한 경험자
• 신규 프로세스 구축이나 업무 자동화 경험자","• 지원서 및 제출서류의 허위기재 또는 허위 제출
• 채용 과정에서 본인 확인이 불가능한 경우
• 채용검진 결과 업무 수행에 부적합하다고 판단되는 경우
• 해외여행 및 근무에 결격사유가 있는 경우
• 기타 회사 또는 기관의 인사규정상 채용이 불가능한 경우",서류전형 > 인성검사 > 실무면접 > 최종면접
893,은행원·텔러 실무자,117,90,20261110,20261220,3,경력,정규직,강원특별자치도,학사 이상,"전문 중소기업에서 창구 금융서비스와 고객 업무를 수행하는 포지션을(를) 맡을 은행원·텔러를 모집합니다.

이번 포지션은 입출금, 제신고, 상품안내, 고객확인, 마감을 중심으로 운영 현장의 품질과 일정, 고객 경험을 함께 관리하는 역할입니다.

업무 기준을 준수하면서도 개선점을 주도적으로 제안할 수 있는 분을 기다립니다.

유관 부서 및 외부 파트너와 업무 기준을 공유하고, 이슈 발생 시 원인을 정리해 재발 방지 방안을 실행합니다.

초기에는 담당 업무의 프로세스와 시스템을 익히고, 이후에는 담당 영역의 지표 개선과 운영 표준화까지 주도하게 됩니다.","• 입출금, 제신고, 상품안내, 고객확인, 마감 및 일일 운영 현황 관리
• 업무 일정·실적·품질 지표 점검 및 보고
• 관련 시스템과 문서의 정확한 입력·관리
• 고객·협력사·유관 부서 문의 대응 및 이슈 조율
• 업무 절차 개선과 운영 리스크 사전 점검
• 주요 이슈 원인 분석 및 후속 조치 관리
• 정기 회의 자료 작성과 진행 현황 공유
• 현장 안전·보안·개인정보 보호 기준 준수","• 금융상품과 고객응대 기본기 관련 기본 지식 또는 실무 경험을 보유한 분
• 필수 자격·면허: 은행텔러 자격 보유자 또는 입사 전 취득 가능한 분
• 맡은 업무를 정확하게 기록하고 마감까지 책임질 수 있는 분
• 문서작성, 이메일, 스프레드시트 등 기본 업무도구 활용이 가능한 분
• 고객 및 유관 부서와 원활하게 소통하고 요청사항을 정리할 수 있는 분
• 예상하지 못한 상황에서도 우선순위를 판단해 대응할 수 있는 분
• 업무상 취급하는 자료와 고객 정보를 안전하게 관리할 수 있는 분
• 교대·주말·현장 근무가 포함될 수 있는 일정에 대응 가능한 분","• 은행원·텔러 또는 유사 직무 경력 보유자
• 직무 관련 자격·면허 보유자: 은행텔러 자격
• 직무 관련 자격·면허 보유자: 펀드투자권유자문인력
• ERP, WMS, CRM, POS 등 직무 관련 시스템 사용 경험자
• 수치와 데이터를 활용한 실적 분석 경험자
• 다양한 이해관계자와 협업해 문제를 해결한 경험자
• 외국어 또는 관련 법규·안전 기준을 활용할 수 있는 분","• 지원서 및 제출서류의 허위기재 또는 허위 제출
• 채용 과정에서 본인 확인이 불가능한 경우
• 채용검진 결과 업무 수행에 부적합하다고 판단되는 경우
• 해외여행 및 근무에 결격사유가 있는 경우
• 기타 회사 또는 기관의 인사규정상 채용이 불가능한 경우",서류전형 > 직무과제 > 실무면접 > 최종합격
894,은행원·텔러 운영 매니저,88,90,20261127,20261208,14,신입·경력,계약직,전라북도,석사 이상,"성장 단계 스타트업에서 창구 금융서비스와 고객 업무를 수행하는 포지션을(를) 맡을 은행원·텔러를 모집합니다.

이번 포지션은 입출금, 제신고, 상품안내, 고객확인, 마감을 중심으로 운영 현장의 품질과 일정, 고객 경험을 함께 관리하는 역할입니다.

고객과 동료에게 신뢰를 주는 태도로 맡은 업무를 끝까지 책임지는 포지션입니다.

유관 부서 및 외부 파트너와 업무 기준을 공유하고, 이슈 발생 시 원인을 정리해 재발 방지 방안을 실행합니다.

초기에는 담당 업무의 프로세스와 시스템을 익히고, 이후에는 담당 영역의 지표 개선과 운영 표준화까지 주도하게 됩니다.","• 입출금, 제신고, 상품안내, 고객확인, 마감 및 일일 운영 현황 관리
• 업무 일정·실적·품질 지표 점검 및 보고
• 관련 시스템과 문서의 정확한 입력·관리
• 고객·협력사·유관 부서 문의 대응 및 이슈 조율
• 업무 절차 개선과 운영 리스크 사전 점검
• 주요 이슈 원인 분석 및 후속 조치 관리
• 정기 회의 자료 작성과 진행 현황 공유
• 업무 매뉴얼 정비와 신규 구성원 온보딩 지원","• 금융상품과 고객응대 기본기 관련 기본 지식 또는 실무 경험을 보유한 분
• 필수 자격·면허: 은행텔러 자격 보유자 또는 입사 전 취득 가능한 분
• 맡은 업무를 정확하게 기록하고 마감까지 책임질 수 있는 분
• 문서작성, 이메일, 스프레드시트 등 기본 업무도구 활용이 가능한 분
• 고객 및 유관 부서와 원활하게 소통하고 요청사항을 정리할 수 있는 분
• 예상하지 못한 상황에서도 우선순위를 판단해 대응할 수 있는 분
• 업무상 취급하는 자료와 고객 정보를 안전하게 관리할 수 있는 분
• 직무 관련 교육을 꾸준히 이수하며 전문성을 높일 분","• 은행원·텔러 또는 유사 직무 경력 보유자
• 직무 관련 자격·면허 보유자: 은행텔러 자격
• 직무 관련 자격·면허 보유자: 펀드투자권유자문인력
• ERP, WMS, CRM, POS 등 직무 관련 시스템 사용 경험자
• 수치와 데이터를 활용한 실적 분석 경험자
• 다양한 이해관계자와 협업해 문제를 해결한 경험자
• 신규 프로세스 구축이나 업무 자동화 경험자","• 지원서 및 제출서류의 허위기재 또는 허위 제출
• 채용 과정에서 본인 확인이 불가능한 경우
• 채용검진 결과 업무 수행에 부적합하다고 판단되는 경우
• 해외여행 및 근무에 결격사유가 있는 경우
• 기타 회사 또는 기관의 인사규정상 채용이 불가능한 경우",서류전형 > 1차면접 > 2차면접 > 채용검진
895,은행원·텔러 전문 인력,92,90,20261214,20270101,5,경력 2년 이상,무기계약직,경상남도,박사 이상,"종합병원 운영조직에서 창구 금융서비스와 고객 업무를 수행하는 포지션을(를) 맡을 은행원·텔러를 모집합니다.

이번 포지션은 입출금, 제신고, 상품안내, 고객확인, 마감을 중심으로 운영 현장의 품질과 일정, 고객 경험을 함께 관리하는 역할입니다.

데이터와 현장 감각을 함께 활용해 반복 업무를 효율화하는 역할입니다.

유관 부서 및 외부 파트너와 업무 기준을 공유하고, 이슈 발생 시 원인을 정리해 재발 방지 방안을 실행합니다.

초기에는 담당 업무의 프로세스와 시스템을 익히고, 이후에는 담당 영역의 지표 개선과 운영 표준화까지 주도하게 됩니다.","• 입출금, 제신고, 상품안내, 고객확인, 마감 및 일일 운영 현황 관리
• 업무 일정·실적·품질 지표 점검 및 보고
• 관련 시스템과 문서의 정확한 입력·관리
• 고객·협력사·유관 부서 문의 대응 및 이슈 조율
• 업무 절차 개선과 운영 리스크 사전 점검
• 주요 이슈 원인 분석 및 후속 조치 관리
• 정기 회의 자료 작성과 진행 현황 공유
• 현장 안전·보안·개인정보 보호 기준 준수","• 금융상품과 고객응대 기본기 관련 기본 지식 또는 실무 경험을 보유한 분
• 필수 자격·면허: 은행텔러 자격 보유자 또는 입사 전 취득 가능한 분
• 맡은 업무를 정확하게 기록하고 마감까지 책임질 수 있는 분
• 문서작성, 이메일, 스프레드시트 등 기본 업무도구 활용이 가능한 분
• 고객 및 유관 부서와 원활하게 소통하고 요청사항을 정리할 수 있는 분
• 예상하지 못한 상황에서도 우선순위를 판단해 대응할 수 있는 분
• 업무상 취급하는 자료와 고객 정보를 안전하게 관리할 수 있는 분
• 직무 관련 교육을 꾸준히 이수하며 전문성을 높일 분","• 은행원·텔러 또는 유사 직무 경력 보유자
• 직무 관련 자격·면허 보유자: 은행텔러 자격
• 직무 관련 자격·면허 보유자: 펀드투자권유자문인력
• ERP, WMS, CRM, POS 등 직무 관련 시스템 사용 경험자
• 수치와 데이터를 활용한 실적 분석 경험자
• 다양한 이해관계자와 협업해 문제를 해결한 경험자
• 외국어 또는 관련 법규·안전 기준을 활용할 수 있는 분","• 지원서 및 제출서류의 허위기재 또는 허위 제출
• 채용 과정에서 본인 확인이 불가능한 경우
• 채용검진 결과 업무 수행에 부적합하다고 판단되는 경우
• 해외여행 및 근무에 결격사유가 있는 경우
• 기타 회사 또는 기관의 인사규정상 채용이 불가능한 경우",서류전형 > 필기전형 > 면접전형 > 최종합격
896,은행원·텔러 경력 채용,27,90,20260120,20260214,16,경력 3년 이상,기간제,부산광역시,학력무관,"대학 산학협력단에서 창구 금융서비스와 고객 업무를 수행하는 포지션을(를) 맡을 은행원·텔러를 모집합니다.

이번 포지션은 입출금, 제신고, 상품안내, 고객확인, 마감을 중심으로 운영 현장의 품질과 일정, 고객 경험을 함께 관리하는 역할입니다.

정해진 절차를 지키되 상황에 맞게 유연하게 대응하는 실무자를 모집합니다.

유관 부서 및 외부 파트너와 업무 기준을 공유하고, 이슈 발생 시 원인을 정리해 재발 방지 방안을 실행합니다.

초기에는 담당 업무의 프로세스와 시스템을 익히고, 이후에는 담당 영역의 지표 개선과 운영 표준화까지 주도하게 됩니다.","• 입출금, 제신고, 상품안내, 고객확인, 마감 및 일일 운영 현황 관리
• 업무 일정·실적·품질 지표 점검 및 보고
• 관련 시스템과 문서의 정확한 입력·관리
• 고객·협력사·유관 부서 문의 대응 및 이슈 조율
• 업무 절차 개선과 운영 리스크 사전 점검
• 주요 이슈 원인 분석 및 후속 조치 관리
• 정기 회의 자료 작성과 진행 현황 공유
• 업무 매뉴얼 정비와 신규 구성원 온보딩 지원","• 금융상품과 고객응대 기본기 관련 기본 지식 또는 실무 경험을 보유한 분
• 필수 자격·면허: 은행텔러 자격 보유자 또는 입사 전 취득 가능한 분
• 맡은 업무를 정확하게 기록하고 마감까지 책임질 수 있는 분
• 문서작성, 이메일, 스프레드시트 등 기본 업무도구 활용이 가능한 분
• 고객 및 유관 부서와 원활하게 소통하고 요청사항을 정리할 수 있는 분
• 예상하지 못한 상황에서도 우선순위를 판단해 대응할 수 있는 분
• 업무상 취급하는 자료와 고객 정보를 안전하게 관리할 수 있는 분
• 교대·주말·현장 근무가 포함될 수 있는 일정에 대응 가능한 분","• 은행원·텔러 또는 유사 직무 경력 보유자
• 직무 관련 자격·면허 보유자: 은행텔러 자격
• 직무 관련 자격·면허 보유자: 펀드투자권유자문인력
• ERP, WMS, CRM, POS 등 직무 관련 시스템 사용 경험자
• 수치와 데이터를 활용한 실적 분석 경험자
• 다양한 이해관계자와 협업해 문제를 해결한 경험자
• 신규 프로세스 구축이나 업무 자동화 경험자","• 지원서 및 제출서류의 허위기재 또는 허위 제출
• 채용 과정에서 본인 확인이 불가능한 경우
• 채용검진 결과 업무 수행에 부적합하다고 판단되는 경우
• 해외여행 및 근무에 결격사유가 있는 경우
• 기타 회사 또는 기관의 인사규정상 채용이 불가능한 경우",서류전형 > 실무면접 > 최종면접
897,은행원·텔러 현장 책임자,97,90,20260206,20260310,7,경력 5년 이상,정규직,광주광역시,전문학사 이상,"기업 부설 연구소에서 창구 금융서비스와 고객 업무를 수행하는 포지션을(를) 맡을 은행원·텔러를 모집합니다.

이번 포지션은 입출금, 제신고, 상품안내, 고객확인, 마감을 중심으로 운영 현장의 품질과 일정, 고객 경험을 함께 관리하는 역할입니다.

부서 간 원활한 소통으로 일정과 품질을 안정적으로 관리하는 직무입니다.

유관 부서 및 외부 파트너와 업무 기준을 공유하고, 이슈 발생 시 원인을 정리해 재발 방지 방안을 실행합니다.

초기에는 담당 업무의 프로세스와 시스템을 익히고, 이후에는 담당 영역의 지표 개선과 운영 표준화까지 주도하게 됩니다.","• 입출금, 제신고, 상품안내, 고객확인, 마감 및 일일 운영 현황 관리
• 업무 일정·실적·품질 지표 점검 및 보고
• 관련 시스템과 문서의 정확한 입력·관리
• 고객·협력사·유관 부서 문의 대응 및 이슈 조율
• 업무 절차 개선과 운영 리스크 사전 점검
• 주요 이슈 원인 분석 및 후속 조치 관리
• 정기 회의 자료 작성과 진행 현황 공유
• 현장 안전·보안·개인정보 보호 기준 준수","• 금융상품과 고객응대 기본기 관련 기본 지식 또는 실무 경험을 보유한 분
• 필수 자격·면허: 은행텔러 자격 보유자 또는 입사 전 취득 가능한 분
• 맡은 업무를 정확하게 기록하고 마감까지 책임질 수 있는 분
• 문서작성, 이메일, 스프레드시트 등 기본 업무도구 활용이 가능한 분
• 고객 및 유관 부서와 원활하게 소통하고 요청사항을 정리할 수 있는 분
• 예상하지 못한 상황에서도 우선순위를 판단해 대응할 수 있는 분
• 업무상 취급하는 자료와 고객 정보를 안전하게 관리할 수 있는 분
• 직무 관련 교육을 꾸준히 이수하며 전문성을 높일 분","• 은행원·텔러 또는 유사 직무 경력 보유자
• 직무 관련 자격·면허 보유자: 은행텔러 자격
• 직무 관련 자격·면허 보유자: 펀드투자권유자문인력
• ERP, WMS, CRM, POS 등 직무 관련 시스템 사용 경험자
• 수치와 데이터를 활용한 실적 분석 경험자
• 다양한 이해관계자와 협업해 문제를 해결한 경험자
• 외국어 또는 관련 법규·안전 기준을 활용할 수 있는 분","• 지원서 및 제출서류의 허위기재 또는 허위 제출
• 채용 과정에서 본인 확인이 불가능한 경우
• 채용검진 결과 업무 수행에 부적합하다고 판단되는 경우
• 해외여행 및 근무에 결격사유가 있는 경우
• 기타 회사 또는 기관의 인사규정상 채용이 불가능한 경우",서류전형 > 인성검사 > 실무면접 > 최종면접
898,은행원·텔러 서비스 담당,154,90,20260223,20260403,18,경력 무관,계약직,경기도,학사 이상,"전문 협회에서 창구 금융서비스와 고객 업무를 수행하는 포지션을(를) 맡을 은행원·텔러를 모집합니다.

이번 포지션은 입출금, 제신고, 상품안내, 고객확인, 마감을 중심으로 운영 현장의 품질과 일정, 고객 경험을 함께 관리하는 역할입니다.

서비스 품질과 안전을 우선하며 꾸준히 전문성을 쌓을 수 있는 포지션입니다.

유관 부서 및 외부 파트너와 업무 기준을 공유하고, 이슈 발생 시 원인을 정리해 재발 방지 방안을 실행합니다.

초기에는 담당 업무의 프로세스와 시스템을 익히고, 이후에는 담당 영역의 지표 개선과 운영 표준화까지 주도하게 됩니다.","• 입출금, 제신고, 상품안내, 고객확인, 마감 및 일일 운영 현황 관리
• 업무 일정·실적·품질 지표 점검 및 보고
• 관련 시스템과 문서의 정확한 입력·관리
• 고객·협력사·유관 부서 문의 대응 및 이슈 조율
• 업무 절차 개선과 운영 리스크 사전 점검
• 주요 이슈 원인 분석 및 후속 조치 관리
• 정기 회의 자료 작성과 진행 현황 공유
• 업무 매뉴얼 정비와 신규 구성원 온보딩 지원","• 금융상품과 고객응대 기본기 관련 기본 지식 또는 실무 경험을 보유한 분
• 필수 자격·면허: 은행텔러 자격 보유자 또는 입사 전 취득 가능한 분
• 맡은 업무를 정확하게 기록하고 마감까지 책임질 수 있는 분
• 문서작성, 이메일, 스프레드시트 등 기본 업무도구 활용이 가능한 분
• 고객 및 유관 부서와 원활하게 소통하고 요청사항을 정리할 수 있는 분
• 예상하지 못한 상황에서도 우선순위를 판단해 대응할 수 있는 분
• 업무상 취급하는 자료와 고객 정보를 안전하게 관리할 수 있는 분
• 직무 관련 교육을 꾸준히 이수하며 전문성을 높일 분","• 은행원·텔러 또는 유사 직무 경력 보유자
• 직무 관련 자격·면허 보유자: 은행텔러 자격
• 직무 관련 자격·면허 보유자: 펀드투자권유자문인력
• ERP, WMS, CRM, POS 등 직무 관련 시스템 사용 경험자
• 수치와 데이터를 활용한 실적 분석 경험자
• 다양한 이해관계자와 협업해 문제를 해결한 경험자
• 신규 프로세스 구축이나 업무 자동화 경험자","• 지원서 및 제출서류의 허위기재 또는 허위 제출
• 채용 과정에서 본인 확인이 불가능한 경우
• 채용검진 결과 업무 수행에 부적합하다고 판단되는 경우
• 해외여행 및 근무에 결격사유가 있는 경우
• 기타 회사 또는 기관의 인사규정상 채용이 불가능한 경우",서류전형 > 직무과제 > 실무면접 > 최종합격
899,은행원·텔러 담당자,148,90,20260312,20260322,9,신입,무기계약직,충청남도,석사 이상,"공공서비스 운영기관에서 창구 금융서비스와 고객 업무를 수행하는 포지션을(를) 맡을 은행원·텔러를 모집합니다.

이번 포지션은 입출금, 제신고, 상품안내, 고객확인, 마감을 중심으로 운영 현장의 품질과 일정, 고객 경험을 함께 관리하는 역할입니다.

기본기를 바탕으로 새로운 업무를 빠르게 익히고 실행할 분을 모십니다.

유관 부서 및 외부 파트너와 업무 기준을 공유하고, 이슈 발생 시 원인을 정리해 재발 방지 방안을 실행합니다.

초기에는 담당 업무의 프로세스와 시스템을 익히고, 이후에는 담당 영역의 지표 개선과 운영 표준화까지 주도하게 됩니다.","• 입출금, 제신고, 상품안내, 고객확인, 마감 및 일일 운영 현황 관리
• 업무 일정·실적·품질 지표 점검 및 보고
• 관련 시스템과 문서의 정확한 입력·관리
• 고객·협력사·유관 부서 문의 대응 및 이슈 조율
• 업무 절차 개선과 운영 리스크 사전 점검
• 주요 이슈 원인 분석 및 후속 조치 관리
• 정기 회의 자료 작성과 진행 현황 공유
• 현장 안전·보안·개인정보 보호 기준 준수","• 금융상품과 고객응대 기본기 관련 기본 지식 또는 실무 경험을 보유한 분
• 필수 자격·면허: 은행텔러 자격 보유자 또는 입사 전 취득 가능한 분
• 맡은 업무를 정확하게 기록하고 마감까지 책임질 수 있는 분
• 문서작성, 이메일, 스프레드시트 등 기본 업무도구 활용이 가능한 분
• 고객 및 유관 부서와 원활하게 소통하고 요청사항을 정리할 수 있는 분
• 예상하지 못한 상황에서도 우선순위를 판단해 대응할 수 있는 분
• 업무상 취급하는 자료와 고객 정보를 안전하게 관리할 수 있는 분
• 교대·주말·현장 근무가 포함될 수 있는 일정에 대응 가능한 분","• 은행원·텔러 또는 유사 직무 경력 보유자
• 직무 관련 자격·면허 보유자: 은행텔러 자격
• 직무 관련 자격·면허 보유자: 펀드투자권유자문인력
• ERP, WMS, CRM, POS 등 직무 관련 시스템 사용 경험자
• 수치와 데이터를 활용한 실적 분석 경험자
• 다양한 이해관계자와 협업해 문제를 해결한 경험자
• 외국어 또는 관련 법규·안전 기준을 활용할 수 있는 분","• 지원서 및 제출서류의 허위기재 또는 허위 제출
• 채용 과정에서 본인 확인이 불가능한 경우
• 채용검진 결과 업무 수행에 부적합하다고 판단되는 경우
• 해외여행 및 근무에 결격사유가 있는 경우
• 기타 회사 또는 기관의 인사규정상 채용이 불가능한 경우",서류전형 > 1차면접 > 2차면접 > 채용검진
900,은행원·텔러 실무자,52,90,20260329,20260415,20,경력,기간제,경상북도,박사 이상,"대기업 사업부에서 창구 금융서비스와 고객 업무를 수행하는 포지션을(를) 맡을 은행원·텔러를 모집합니다.

이번 포지션은 입출금, 제신고, 상품안내, 고객확인, 마감을 중심으로 운영 현장의 품질과 일정, 고객 경험을 함께 관리하는 역할입니다.

성과와 고객 만족을 함께 고려하며 실질적인 변화를 만드는 역할입니다.

유관 부서 및 외부 파트너와 업무 기준을 공유하고, 이슈 발생 시 원인을 정리해 재발 방지 방안을 실행합니다.

초기에는 담당 업무의 프로세스와 시스템을 익히고, 이후에는 담당 영역의 지표 개선과 운영 표준화까지 주도하게 됩니다.","• 입출금, 제신고, 상품안내, 고객확인, 마감 및 일일 운영 현황 관리
• 업무 일정·실적·품질 지표 점검 및 보고
• 관련 시스템과 문서의 정확한 입력·관리
• 고객·협력사·유관 부서 문의 대응 및 이슈 조율
• 업무 절차 개선과 운영 리스크 사전 점검
• 주요 이슈 원인 분석 및 후속 조치 관리
• 정기 회의 자료 작성과 진행 현황 공유
• 업무 매뉴얼 정비와 신규 구성원 온보딩 지원","• 금융상품과 고객응대 기본기 관련 기본 지식 또는 실무 경험을 보유한 분
• 필수 자격·면허: 은행텔러 자격 보유자 또는 입사 전 취득 가능한 분
• 맡은 업무를 정확하게 기록하고 마감까지 책임질 수 있는 분
• 문서작성, 이메일, 스프레드시트 등 기본 업무도구 활용이 가능한 분
• 고객 및 유관 부서와 원활하게 소통하고 요청사항을 정리할 수 있는 분
• 예상하지 못한 상황에서도 우선순위를 판단해 대응할 수 있는 분
• 업무상 취급하는 자료와 고객 정보를 안전하게 관리할 수 있는 분
• 직무 관련 교육을 꾸준히 이수하며 전문성을 높일 분","• 은행원·텔러 또는 유사 직무 경력 보유자
• 직무 관련 자격·면허 보유자: 은행텔러 자격
• 직무 관련 자격·면허 보유자: 펀드투자권유자문인력
• ERP, WMS, CRM, POS 등 직무 관련 시스템 사용 경험자
• 수치와 데이터를 활용한 실적 분석 경험자
• 다양한 이해관계자와 협업해 문제를 해결한 경험자
• 신규 프로세스 구축이나 업무 자동화 경험자","• 지원서 및 제출서류의 허위기재 또는 허위 제출
• 채용 과정에서 본인 확인이 불가능한 경우
• 채용검진 결과 업무 수행에 부적합하다고 판단되는 경우
• 해외여행 및 근무에 결격사유가 있는 경우
• 기타 회사 또는 기관의 인사규정상 채용이 불가능한 경우",서류전형 > 필기전형 > 면접전형 > 최종합격
901,계리사 전문 인력,131,91,20260415,20260509,11,경력 2년 이상,정규직,부산광역시,전문학사 이상,"중견 제조기업에서 보험 상품의 위험과 재무 가치를 분석하는 포지션을(를) 맡을 계리사를 모집합니다.

이번 포지션은 요율산출, 준비금, 손익분석, 모델검증, 보고을 중심으로 운영 현장의 품질과 일정, 고객 경험을 함께 관리하는 역할입니다.

정확한 실행력과 협업을 바탕으로 안정적인 운영을 함께 만들어 갈 분을 찾습니다.

유관 부서 및 외부 파트너와 업무 기준을 공유하고, 이슈 발생 시 원인을 정리해 재발 방지 방안을 실행합니다.

초기에는 담당 업무의 프로세스와 시스템을 익히고, 이후에는 담당 영역의 지표 개선과 운영 표준화까지 주도하게 됩니다.","• 요율산출, 준비금, 손익분석, 모델검증, 보고 및 일일 운영 현황 관리
• 업무 일정·실적·품질 지표 점검 및 보고
• 관련 시스템과 문서의 정확한 입력·관리
• 고객·협력사·유관 부서 문의 대응 및 이슈 조율
• 업무 절차 개선과 운영 리스크 사전 점검
• 주요 이슈 원인 분석 및 후속 조치 관리
• 정기 회의 자료 작성과 진행 현황 공유
• 현장 안전·보안·개인정보 보호 기준 준수","• 보험수리·통계·수학 기반 역량 관련 기본 지식 또는 실무 경험을 보유한 분
• 필수 자격·면허: 보험계리사 보유자 또는 입사 전 취득 가능한 분
• 맡은 업무를 정확하게 기록하고 마감까지 책임질 수 있는 분
• 문서작성, 이메일, 스프레드시트 등 기본 업무도구 활용이 가능한 분
• 고객 및 유관 부서와 원활하게 소통하고 요청사항을 정리할 수 있는 분
• 예상하지 못한 상황에서도 우선순위를 판단해 대응할 수 있는 분
• 업무상 취급하는 자료와 고객 정보를 안전하게 관리할 수 있는 분
• 직무 관련 교육을 꾸준히 이수하며 전문성을 높일 분","• 계리사 또는 유사 직무 경력 보유자
• 직무 관련 자격·면허 보유자: 보험계리사
• 직무 관련 자격·면허 보유자: CFA Level 1
• ERP, WMS, CRM, POS 등 직무 관련 시스템 사용 경험자
• 수치와 데이터를 활용한 실적 분석 경험자
• 다양한 이해관계자와 협업해 문제를 해결한 경험자
• 외국어 또는 관련 법규·안전 기준을 활용할 수 있는 분","• 지원서 및 제출서류의 허위기재 또는 허위 제출
• 채용 과정에서 본인 확인이 불가능한 경우
• 채용검진 결과 업무 수행에 부적합하다고 판단되는 경우
• 해외여행 및 근무에 결격사유가 있는 경우
• 기타 회사 또는 기관의 인사규정상 채용이 불가능한 경우",서류전형 > 인성검사 > 실무면접 > 최종면접
902,계리사 경력 채용,82,91,20260502,20260602,2,경력 3년 이상,계약직,광주광역시,학사 이상,"전문 중소기업에서 보험 상품의 위험과 재무 가치를 분석하는 포지션을(를) 맡을 계리사를 모집합니다.

이번 포지션은 요율산출, 준비금, 손익분석, 모델검증, 보고을 중심으로 운영 현장의 품질과 일정, 고객 경험을 함께 관리하는 역할입니다.

현장과 유관 부서의 요구를 연결하며 업무 품질을 높이는 역할입니다.

유관 부서 및 외부 파트너와 업무 기준을 공유하고, 이슈 발생 시 원인을 정리해 재발 방지 방안을 실행합니다.

초기에는 담당 업무의 프로세스와 시스템을 익히고, 이후에는 담당 영역의 지표 개선과 운영 표준화까지 주도하게 됩니다.","• 요율산출, 준비금, 손익분석, 모델검증, 보고 및 일일 운영 현황 관리
• 업무 일정·실적·품질 지표 점검 및 보고
• 관련 시스템과 문서의 정확한 입력·관리
• 고객·협력사·유관 부서 문의 대응 및 이슈 조율
• 업무 절차 개선과 운영 리스크 사전 점검
• 주요 이슈 원인 분석 및 후속 조치 관리
• 정기 회의 자료 작성과 진행 현황 공유
• 업무 매뉴얼 정비와 신규 구성원 온보딩 지원","• 보험수리·통계·수학 기반 역량 관련 기본 지식 또는 실무 경험을 보유한 분
• 필수 자격·면허: 보험계리사 보유자 또는 입사 전 취득 가능한 분
• 맡은 업무를 정확하게 기록하고 마감까지 책임질 수 있는 분
• 문서작성, 이메일, 스프레드시트 등 기본 업무도구 활용이 가능한 분
• 고객 및 유관 부서와 원활하게 소통하고 요청사항을 정리할 수 있는 분
• 예상하지 못한 상황에서도 우선순위를 판단해 대응할 수 있는 분
• 업무상 취급하는 자료와 고객 정보를 안전하게 관리할 수 있는 분
• 교대·주말·현장 근무가 포함될 수 있는 일정에 대응 가능한 분","• 계리사 또는 유사 직무 경력 보유자
• 직무 관련 자격·면허 보유자: 보험계리사
• 직무 관련 자격·면허 보유자: CFA Level 1
• ERP, WMS, CRM, POS 등 직무 관련 시스템 사용 경험자
• 수치와 데이터를 활용한 실적 분석 경험자
• 다양한 이해관계자와 협업해 문제를 해결한 경험자
• 신규 프로세스 구축이나 업무 자동화 경험자","• 지원서 및 제출서류의 허위기재 또는 허위 제출
• 채용 과정에서 본인 확인이 불가능한 경우
• 채용검진 결과 업무 수행에 부적합하다고 판단되는 경우
• 해외여행 및 근무에 결격사유가 있는 경우
• 기타 회사 또는 기관의 인사규정상 채용이 불가능한 경우",서류전형 > 직무과제 > 실무면접 > 최종합격
903,계리사 현장 책임자,98,91,20260519,20260626,13,경력 5년 이상,무기계약직,경기도,석사 이상,"성장 단계 스타트업에서 보험 상품의 위험과 재무 가치를 분석하는 포지션을(를) 맡을 계리사를 모집합니다.

이번 포지션은 요율산출, 준비금, 손익분석, 모델검증, 보고을 중심으로 운영 현장의 품질과 일정, 고객 경험을 함께 관리하는 역할입니다.

업무 기준을 준수하면서도 개선점을 주도적으로 제안할 수 있는 분을 기다립니다.

유관 부서 및 외부 파트너와 업무 기준을 공유하고, 이슈 발생 시 원인을 정리해 재발 방지 방안을 실행합니다.

초기에는 담당 업무의 프로세스와 시스템을 익히고, 이후에는 담당 영역의 지표 개선과 운영 표준화까지 주도하게 됩니다.","• 요율산출, 준비금, 손익분석, 모델검증, 보고 및 일일 운영 현황 관리
• 업무 일정·실적·품질 지표 점검 및 보고
• 관련 시스템과 문서의 정확한 입력·관리
• 고객·협력사·유관 부서 문의 대응 및 이슈 조율
• 업무 절차 개선과 운영 리스크 사전 점검
• 주요 이슈 원인 분석 및 후속 조치 관리
• 정기 회의 자료 작성과 진행 현황 공유
• 현장 안전·보안·개인정보 보호 기준 준수","• 보험수리·통계·수학 기반 역량 관련 기본 지식 또는 실무 경험을 보유한 분
• 필수 자격·면허: 보험계리사 보유자 또는 입사 전 취득 가능한 분
• 맡은 업무를 정확하게 기록하고 마감까지 책임질 수 있는 분
• 문서작성, 이메일, 스프레드시트 등 기본 업무도구 활용이 가능한 분
• 고객 및 유관 부서와 원활하게 소통하고 요청사항을 정리할 수 있는 분
• 예상하지 못한 상황에서도 우선순위를 판단해 대응할 수 있는 분
• 업무상 취급하는 자료와 고객 정보를 안전하게 관리할 수 있는 분
• 직무 관련 교육을 꾸준히 이수하며 전문성을 높일 분","• 계리사 또는 유사 직무 경력 보유자
• 직무 관련 자격·면허 보유자: 보험계리사
• 직무 관련 자격·면허 보유자: CFA Level 1
• ERP, WMS, CRM, POS 등 직무 관련 시스템 사용 경험자
• 수치와 데이터를 활용한 실적 분석 경험자
• 다양한 이해관계자와 협업해 문제를 해결한 경험자
• 외국어 또는 관련 법규·안전 기준을 활용할 수 있는 분","• 지원서 및 제출서류의 허위기재 또는 허위 제출
• 채용 과정에서 본인 확인이 불가능한 경우
• 채용검진 결과 업무 수행에 부적합하다고 판단되는 경우
• 해외여행 및 근무에 결격사유가 있는 경우
• 기타 회사 또는 기관의 인사규정상 채용이 불가능한 경우",서류전형 > 1차면접 > 2차면접 > 채용검진
904,계리사 서비스 담당,98,91,20260605,20260720,4,경력 무관,기간제,충청남도,박사 이상,"종합병원 운영조직에서 보험 상품의 위험과 재무 가치를 분석하는 포지션을(를) 맡을 계리사를 모집합니다.

이번 포지션은 요율산출, 준비금, 손익분석, 모델검증, 보고을 중심으로 운영 현장의 품질과 일정, 고객 경험을 함께 관리하는 역할입니다.

고객과 동료에게 신뢰를 주는 태도로 맡은 업무를 끝까지 책임지는 포지션입니다.

유관 부서 및 외부 파트너와 업무 기준을 공유하고, 이슈 발생 시 원인을 정리해 재발 방지 방안을 실행합니다.

초기에는 담당 업무의 프로세스와 시스템을 익히고, 이후에는 담당 영역의 지표 개선과 운영 표준화까지 주도하게 됩니다.","• 요율산출, 준비금, 손익분석, 모델검증, 보고 및 일일 운영 현황 관리
• 업무 일정·실적·품질 지표 점검 및 보고
• 관련 시스템과 문서의 정확한 입력·관리
• 고객·협력사·유관 부서 문의 대응 및 이슈 조율
• 업무 절차 개선과 운영 리스크 사전 점검
• 주요 이슈 원인 분석 및 후속 조치 관리
• 정기 회의 자료 작성과 진행 현황 공유
• 업무 매뉴얼 정비와 신규 구성원 온보딩 지원","• 보험수리·통계·수학 기반 역량 관련 기본 지식 또는 실무 경험을 보유한 분
• 필수 자격·면허: 보험계리사 보유자 또는 입사 전 취득 가능한 분
• 맡은 업무를 정확하게 기록하고 마감까지 책임질 수 있는 분
• 문서작성, 이메일, 스프레드시트 등 기본 업무도구 활용이 가능한 분
• 고객 및 유관 부서와 원활하게 소통하고 요청사항을 정리할 수 있는 분
• 예상하지 못한 상황에서도 우선순위를 판단해 대응할 수 있는 분
• 업무상 취급하는 자료와 고객 정보를 안전하게 관리할 수 있는 분
• 직무 관련 교육을 꾸준히 이수하며 전문성을 높일 분","• 계리사 또는 유사 직무 경력 보유자
• 직무 관련 자격·면허 보유자: 보험계리사
• 직무 관련 자격·면허 보유자: CFA Level 1
• ERP, WMS, CRM, POS 등 직무 관련 시스템 사용 경험자
• 수치와 데이터를 활용한 실적 분석 경험자
• 다양한 이해관계자와 협업해 문제를 해결한 경험자
• 신규 프로세스 구축이나 업무 자동화 경험자","• 지원서 및 제출서류의 허위기재 또는 허위 제출
• 채용 과정에서 본인 확인이 불가능한 경우
• 채용검진 결과 업무 수행에 부적합하다고 판단되는 경우
• 해외여행 및 근무에 결격사유가 있는 경우
• 기타 회사 또는 기관의 인사규정상 채용이 불가능한 경우",서류전형 > 필기전형 > 면접전형 > 최종합격
905,계리사 담당자,130,91,20260622,20260708,15,신입,정규직,경상북도,학력무관,"대학 산학협력단에서 보험 상품의 위험과 재무 가치를 분석하는 포지션을(를) 맡을 계리사를 모집합니다.

이번 포지션은 요율산출, 준비금, 손익분석, 모델검증, 보고을 중심으로 운영 현장의 품질과 일정, 고객 경험을 함께 관리하는 역할입니다.

데이터와 현장 감각을 함께 활용해 반복 업무를 효율화하는 역할입니다.

유관 부서 및 외부 파트너와 업무 기준을 공유하고, 이슈 발생 시 원인을 정리해 재발 방지 방안을 실행합니다.

초기에는 담당 업무의 프로세스와 시스템을 익히고, 이후에는 담당 영역의 지표 개선과 운영 표준화까지 주도하게 됩니다.","• 요율산출, 준비금, 손익분석, 모델검증, 보고 및 일일 운영 현황 관리
• 업무 일정·실적·품질 지표 점검 및 보고
• 관련 시스템과 문서의 정확한 입력·관리
• 고객·협력사·유관 부서 문의 대응 및 이슈 조율
• 업무 절차 개선과 운영 리스크 사전 점검
• 주요 이슈 원인 분석 및 후속 조치 관리
• 정기 회의 자료 작성과 진행 현황 공유
• 현장 안전·보안·개인정보 보호 기준 준수","• 보험수리·통계·수학 기반 역량 관련 기본 지식 또는 실무 경험을 보유한 분
• 필수 자격·면허: 보험계리사 보유자 또는 입사 전 취득 가능한 분
• 맡은 업무를 정확하게 기록하고 마감까지 책임질 수 있는 분
• 문서작성, 이메일, 스프레드시트 등 기본 업무도구 활용이 가능한 분
• 고객 및 유관 부서와 원활하게 소통하고 요청사항을 정리할 수 있는 분
• 예상하지 못한 상황에서도 우선순위를 판단해 대응할 수 있는 분
• 업무상 취급하는 자료와 고객 정보를 안전하게 관리할 수 있는 분
• 교대·주말·현장 근무가 포함될 수 있는 일정에 대응 가능한 분","• 계리사 또는 유사 직무 경력 보유자
• 직무 관련 자격·면허 보유자: 보험계리사
• 직무 관련 자격·면허 보유자: CFA Level 1
• ERP, WMS, CRM, POS 등 직무 관련 시스템 사용 경험자
• 수치와 데이터를 활용한 실적 분석 경험자
• 다양한 이해관계자와 협업해 문제를 해결한 경험자
• 외국어 또는 관련 법규·안전 기준을 활용할 수 있는 분","• 지원서 및 제출서류의 허위기재 또는 허위 제출
• 채용 과정에서 본인 확인이 불가능한 경우
• 채용검진 결과 업무 수행에 부적합하다고 판단되는 경우
• 해외여행 및 근무에 결격사유가 있는 경우
• 기타 회사 또는 기관의 인사규정상 채용이 불가능한 경우",서류전형 > 실무면접 > 최종면접
906,계리사 실무자,104,91,20260709,20260801,6,경력,계약직,서울특별시,전문학사 이상,"기업 부설 연구소에서 보험 상품의 위험과 재무 가치를 분석하는 포지션을(를) 맡을 계리사를 모집합니다.

이번 포지션은 요율산출, 준비금, 손익분석, 모델검증, 보고을 중심으로 운영 현장의 품질과 일정, 고객 경험을 함께 관리하는 역할입니다.

정해진 절차를 지키되 상황에 맞게 유연하게 대응하는 실무자를 모집합니다.

유관 부서 및 외부 파트너와 업무 기준을 공유하고, 이슈 발생 시 원인을 정리해 재발 방지 방안을 실행합니다.

초기에는 담당 업무의 프로세스와 시스템을 익히고, 이후에는 담당 영역의 지표 개선과 운영 표준화까지 주도하게 됩니다.","• 요율산출, 준비금, 손익분석, 모델검증, 보고 및 일일 운영 현황 관리
• 업무 일정·실적·품질 지표 점검 및 보고
• 관련 시스템과 문서의 정확한 입력·관리
• 고객·협력사·유관 부서 문의 대응 및 이슈 조율
• 업무 절차 개선과 운영 리스크 사전 점검
• 주요 이슈 원인 분석 및 후속 조치 관리
• 정기 회의 자료 작성과 진행 현황 공유
• 업무 매뉴얼 정비와 신규 구성원 온보딩 지원","• 보험수리·통계·수학 기반 역량 관련 기본 지식 또는 실무 경험을 보유한 분
• 필수 자격·면허: 보험계리사 보유자 또는 입사 전 취득 가능한 분
• 맡은 업무를 정확하게 기록하고 마감까지 책임질 수 있는 분
• 문서작성, 이메일, 스프레드시트 등 기본 업무도구 활용이 가능한 분
• 고객 및 유관 부서와 원활하게 소통하고 요청사항을 정리할 수 있는 분
• 예상하지 못한 상황에서도 우선순위를 판단해 대응할 수 있는 분
• 업무상 취급하는 자료와 고객 정보를 안전하게 관리할 수 있는 분
• 직무 관련 교육을 꾸준히 이수하며 전문성을 높일 분","• 계리사 또는 유사 직무 경력 보유자
• 직무 관련 자격·면허 보유자: 보험계리사
• 직무 관련 자격·면허 보유자: CFA Level 1
• ERP, WMS, CRM, POS 등 직무 관련 시스템 사용 경험자
• 수치와 데이터를 활용한 실적 분석 경험자
• 다양한 이해관계자와 협업해 문제를 해결한 경험자
• 신규 프로세스 구축이나 업무 자동화 경험자","• 지원서 및 제출서류의 허위기재 또는 허위 제출
• 채용 과정에서 본인 확인이 불가능한 경우
• 채용검진 결과 업무 수행에 부적합하다고 판단되는 경우
• 해외여행 및 근무에 결격사유가 있는 경우
• 기타 회사 또는 기관의 인사규정상 채용이 불가능한 경우",서류전형 > 인성검사 > 실무면접 > 최종면접
907,계리사 운영 매니저,73,91,20260726,20260825,17,신입·경력,무기계약직,대전광역시,학사 이상,"전문 협회에서 보험 상품의 위험과 재무 가치를 분석하는 포지션을(를) 맡을 계리사를 모집합니다.

이번 포지션은 요율산출, 준비금, 손익분석, 모델검증, 보고을 중심으로 운영 현장의 품질과 일정, 고객 경험을 함께 관리하는 역할입니다.

부서 간 원활한 소통으로 일정과 품질을 안정적으로 관리하는 직무입니다.

유관 부서 및 외부 파트너와 업무 기준을 공유하고, 이슈 발생 시 원인을 정리해 재발 방지 방안을 실행합니다.

초기에는 담당 업무의 프로세스와 시스템을 익히고, 이후에는 담당 영역의 지표 개선과 운영 표준화까지 주도하게 됩니다.","• 요율산출, 준비금, 손익분석, 모델검증, 보고 및 일일 운영 현황 관리
• 업무 일정·실적·품질 지표 점검 및 보고
• 관련 시스템과 문서의 정확한 입력·관리
• 고객·협력사·유관 부서 문의 대응 및 이슈 조율
• 업무 절차 개선과 운영 리스크 사전 점검
• 주요 이슈 원인 분석 및 후속 조치 관리
• 정기 회의 자료 작성과 진행 현황 공유
• 현장 안전·보안·개인정보 보호 기준 준수","• 보험수리·통계·수학 기반 역량 관련 기본 지식 또는 실무 경험을 보유한 분
• 필수 자격·면허: 보험계리사 보유자 또는 입사 전 취득 가능한 분
• 맡은 업무를 정확하게 기록하고 마감까지 책임질 수 있는 분
• 문서작성, 이메일, 스프레드시트 등 기본 업무도구 활용이 가능한 분
• 고객 및 유관 부서와 원활하게 소통하고 요청사항을 정리할 수 있는 분
• 예상하지 못한 상황에서도 우선순위를 판단해 대응할 수 있는 분
• 업무상 취급하는 자료와 고객 정보를 안전하게 관리할 수 있는 분
• 직무 관련 교육을 꾸준히 이수하며 전문성을 높일 분","• 계리사 또는 유사 직무 경력 보유자
• 직무 관련 자격·면허 보유자: 보험계리사
• 직무 관련 자격·면허 보유자: CFA Level 1
• ERP, WMS, CRM, POS 등 직무 관련 시스템 사용 경험자
• 수치와 데이터를 활용한 실적 분석 경험자
• 다양한 이해관계자와 협업해 문제를 해결한 경험자
• 외국어 또는 관련 법규·안전 기준을 활용할 수 있는 분","• 지원서 및 제출서류의 허위기재 또는 허위 제출
• 채용 과정에서 본인 확인이 불가능한 경우
• 채용검진 결과 업무 수행에 부적합하다고 판단되는 경우
• 해외여행 및 근무에 결격사유가 있는 경우
• 기타 회사 또는 기관의 인사규정상 채용이 불가능한 경우",서류전형 > 직무과제 > 실무면접 > 최종합격
908,계리사 전문 인력,55,91,20260812,20260918,8,경력 2년 이상,기간제,세종특별자치시,석사 이상,"공공서비스 운영기관에서 보험 상품의 위험과 재무 가치를 분석하는 포지션을(를) 맡을 계리사를 모집합니다.

이번 포지션은 요율산출, 준비금, 손익분석, 모델검증, 보고을 중심으로 운영 현장의 품질과 일정, 고객 경험을 함께 관리하는 역할입니다.

서비스 품질과 안전을 우선하며 꾸준히 전문성을 쌓을 수 있는 포지션입니다.

유관 부서 및 외부 파트너와 업무 기준을 공유하고, 이슈 발생 시 원인을 정리해 재발 방지 방안을 실행합니다.

초기에는 담당 업무의 프로세스와 시스템을 익히고, 이후에는 담당 영역의 지표 개선과 운영 표준화까지 주도하게 됩니다.","• 요율산출, 준비금, 손익분석, 모델검증, 보고 및 일일 운영 현황 관리
• 업무 일정·실적·품질 지표 점검 및 보고
• 관련 시스템과 문서의 정확한 입력·관리
• 고객·협력사·유관 부서 문의 대응 및 이슈 조율
• 업무 절차 개선과 운영 리스크 사전 점검
• 주요 이슈 원인 분석 및 후속 조치 관리
• 정기 회의 자료 작성과 진행 현황 공유
• 업무 매뉴얼 정비와 신규 구성원 온보딩 지원","• 보험수리·통계·수학 기반 역량 관련 기본 지식 또는 실무 경험을 보유한 분
• 필수 자격·면허: 보험계리사 보유자 또는 입사 전 취득 가능한 분
• 맡은 업무를 정확하게 기록하고 마감까지 책임질 수 있는 분
• 문서작성, 이메일, 스프레드시트 등 기본 업무도구 활용이 가능한 분
• 고객 및 유관 부서와 원활하게 소통하고 요청사항을 정리할 수 있는 분
• 예상하지 못한 상황에서도 우선순위를 판단해 대응할 수 있는 분
• 업무상 취급하는 자료와 고객 정보를 안전하게 관리할 수 있는 분
• 교대·주말·현장 근무가 포함될 수 있는 일정에 대응 가능한 분","• 계리사 또는 유사 직무 경력 보유자
• 직무 관련 자격·면허 보유자: 보험계리사
• 직무 관련 자격·면허 보유자: CFA Level 1
• ERP, WMS, CRM, POS 등 직무 관련 시스템 사용 경험자
• 수치와 데이터를 활용한 실적 분석 경험자
• 다양한 이해관계자와 협업해 문제를 해결한 경험자
• 신규 프로세스 구축이나 업무 자동화 경험자","• 지원서 및 제출서류의 허위기재 또는 허위 제출
• 채용 과정에서 본인 확인이 불가능한 경우
• 채용검진 결과 업무 수행에 부적합하다고 판단되는 경우
• 해외여행 및 근무에 결격사유가 있는 경우
• 기타 회사 또는 기관의 인사규정상 채용이 불가능한 경우",서류전형 > 1차면접 > 2차면접 > 채용검진
909,계리사 경력 채용,48,91,20260829,20261012,19,경력 3년 이상,정규직,충청북도,박사 이상,"대기업 사업부에서 보험 상품의 위험과 재무 가치를 분석하는 포지션을(를) 맡을 계리사를 모집합니다.

이번 포지션은 요율산출, 준비금, 손익분석, 모델검증, 보고을 중심으로 운영 현장의 품질과 일정, 고객 경험을 함께 관리하는 역할입니다.

기본기를 바탕으로 새로운 업무를 빠르게 익히고 실행할 분을 모십니다.

유관 부서 및 외부 파트너와 업무 기준을 공유하고, 이슈 발생 시 원인을 정리해 재발 방지 방안을 실행합니다.

초기에는 담당 업무의 프로세스와 시스템을 익히고, 이후에는 담당 영역의 지표 개선과 운영 표준화까지 주도하게 됩니다.","• 요율산출, 준비금, 손익분석, 모델검증, 보고 및 일일 운영 현황 관리
• 업무 일정·실적·품질 지표 점검 및 보고
• 관련 시스템과 문서의 정확한 입력·관리
• 고객·협력사·유관 부서 문의 대응 및 이슈 조율
• 업무 절차 개선과 운영 리스크 사전 점검
• 주요 이슈 원인 분석 및 후속 조치 관리
• 정기 회의 자료 작성과 진행 현황 공유
• 현장 안전·보안·개인정보 보호 기준 준수","• 보험수리·통계·수학 기반 역량 관련 기본 지식 또는 실무 경험을 보유한 분
• 필수 자격·면허: 보험계리사 보유자 또는 입사 전 취득 가능한 분
• 맡은 업무를 정확하게 기록하고 마감까지 책임질 수 있는 분
• 문서작성, 이메일, 스프레드시트 등 기본 업무도구 활용이 가능한 분
• 고객 및 유관 부서와 원활하게 소통하고 요청사항을 정리할 수 있는 분
• 예상하지 못한 상황에서도 우선순위를 판단해 대응할 수 있는 분
• 업무상 취급하는 자료와 고객 정보를 안전하게 관리할 수 있는 분
• 직무 관련 교육을 꾸준히 이수하며 전문성을 높일 분","• 계리사 또는 유사 직무 경력 보유자
• 직무 관련 자격·면허 보유자: 보험계리사
• 직무 관련 자격·면허 보유자: CFA Level 1
• ERP, WMS, CRM, POS 등 직무 관련 시스템 사용 경험자
• 수치와 데이터를 활용한 실적 분석 경험자
• 다양한 이해관계자와 협업해 문제를 해결한 경험자
• 외국어 또는 관련 법규·안전 기준을 활용할 수 있는 분","• 지원서 및 제출서류의 허위기재 또는 허위 제출
• 채용 과정에서 본인 확인이 불가능한 경우
• 채용검진 결과 업무 수행에 부적합하다고 판단되는 경우
• 해외여행 및 근무에 결격사유가 있는 경우
• 기타 회사 또는 기관의 인사규정상 채용이 불가능한 경우",서류전형 > 필기전형 > 면접전형 > 최종합격
910,계리사 현장 책임자,70,91,20260915,20260930,10,경력 5년 이상,계약직,전라남도,학력무관,"중견 제조기업에서 보험 상품의 위험과 재무 가치를 분석하는 포지션을(를) 맡을 계리사를 모집합니다.

이번 포지션은 요율산출, 준비금, 손익분석, 모델검증, 보고을 중심으로 운영 현장의 품질과 일정, 고객 경험을 함께 관리하는 역할입니다.

성과와 고객 만족을 함께 고려하며 실질적인 변화를 만드는 역할입니다.

유관 부서 및 외부 파트너와 업무 기준을 공유하고, 이슈 발생 시 원인을 정리해 재발 방지 방안을 실행합니다.

초기에는 담당 업무의 프로세스와 시스템을 익히고, 이후에는 담당 영역의 지표 개선과 운영 표준화까지 주도하게 됩니다.","• 요율산출, 준비금, 손익분석, 모델검증, 보고 및 일일 운영 현황 관리
• 업무 일정·실적·품질 지표 점검 및 보고
• 관련 시스템과 문서의 정확한 입력·관리
• 고객·협력사·유관 부서 문의 대응 및 이슈 조율
• 업무 절차 개선과 운영 리스크 사전 점검
• 주요 이슈 원인 분석 및 후속 조치 관리
• 정기 회의 자료 작성과 진행 현황 공유
• 업무 매뉴얼 정비와 신규 구성원 온보딩 지원","• 보험수리·통계·수학 기반 역량 관련 기본 지식 또는 실무 경험을 보유한 분
• 필수 자격·면허: 보험계리사 보유자 또는 입사 전 취득 가능한 분
• 맡은 업무를 정확하게 기록하고 마감까지 책임질 수 있는 분
• 문서작성, 이메일, 스프레드시트 등 기본 업무도구 활용이 가능한 분
• 고객 및 유관 부서와 원활하게 소통하고 요청사항을 정리할 수 있는 분
• 예상하지 못한 상황에서도 우선순위를 판단해 대응할 수 있는 분
• 업무상 취급하는 자료와 고객 정보를 안전하게 관리할 수 있는 분
• 직무 관련 교육을 꾸준히 이수하며 전문성을 높일 분","• 계리사 또는 유사 직무 경력 보유자
• 직무 관련 자격·면허 보유자: 보험계리사
• 직무 관련 자격·면허 보유자: CFA Level 1
• ERP, WMS, CRM, POS 등 직무 관련 시스템 사용 경험자
• 수치와 데이터를 활용한 실적 분석 경험자
• 다양한 이해관계자와 협업해 문제를 해결한 경험자
• 신규 프로세스 구축이나 업무 자동화 경험자","• 지원서 및 제출서류의 허위기재 또는 허위 제출
• 채용 과정에서 본인 확인이 불가능한 경우
• 채용검진 결과 업무 수행에 부적합하다고 판단되는 경우
• 해외여행 및 근무에 결격사유가 있는 경우
• 기타 회사 또는 기관의 인사규정상 채용이 불가능한 경우",서류전형 > 실무면접 > 최종면접
911,펀드매니저 담당자,7,92,20261002,20261024,1,신입,무기계약직,서울특별시,학사 이상,"전문 중소기업에서 투자전략 수립과 펀드 운용을 담당하는 포지션을(를) 맡을 펀드매니저를 모집합니다.

이번 포지션은 시장분석, 포트폴리오, 매매, 리스크, 운용보고을 중심으로 운영 현장의 품질과 일정, 고객 경험을 함께 관리하는 역할입니다.

정확한 실행력과 협업을 바탕으로 안정적인 운영을 함께 만들어 갈 분을 찾습니다.

유관 부서 및 외부 파트너와 업무 기준을 공유하고, 이슈 발생 시 원인을 정리해 재발 방지 방안을 실행합니다.

초기에는 담당 업무의 프로세스와 시스템을 익히고, 이후에는 담당 영역의 지표 개선과 운영 표준화까지 주도하게 됩니다.","• 시장분석, 포트폴리오, 매매, 리스크, 운용보고 및 일일 운영 현황 관리
• 업무 일정·실적·품질 지표 점검 및 보고
• 관련 시스템과 문서의 정확한 입력·관리
• 고객·협력사·유관 부서 문의 대응 및 이슈 조율
• 업무 절차 개선과 운영 리스크 사전 점검
• 주요 이슈 원인 분석 및 후속 조치 관리
• 정기 회의 자료 작성과 진행 현황 공유
• 현장 안전·보안·개인정보 보호 기준 준수","• 금융시장 분석 및 투자 판단 역량 관련 기본 지식 또는 실무 경험을 보유한 분
• 필수 자격·면허: 투자자산운용사 보유자 또는 입사 전 취득 가능한 분
• 맡은 업무를 정확하게 기록하고 마감까지 책임질 수 있는 분
• 문서작성, 이메일, 스프레드시트 등 기본 업무도구 활용이 가능한 분
• 고객 및 유관 부서와 원활하게 소통하고 요청사항을 정리할 수 있는 분
• 예상하지 못한 상황에서도 우선순위를 판단해 대응할 수 있는 분
• 업무상 취급하는 자료와 고객 정보를 안전하게 관리할 수 있는 분
• 교대·주말·현장 근무가 포함될 수 있는 일정에 대응 가능한 분","• 펀드매니저 또는 유사 직무 경력 보유자
• 직무 관련 자격·면허 보유자: 투자자산운용사
• 직무 관련 자격·면허 보유자: CFA Level 1
• ERP, WMS, CRM, POS 등 직무 관련 시스템 사용 경험자
• 수치와 데이터를 활용한 실적 분석 경험자
• 다양한 이해관계자와 협업해 문제를 해결한 경험자
• 외국어 또는 관련 법규·안전 기준을 활용할 수 있는 분","• 지원서 및 제출서류의 허위기재 또는 허위 제출
• 채용 과정에서 본인 확인이 불가능한 경우
• 채용검진 결과 업무 수행에 부적합하다고 판단되는 경우
• 해외여행 및 근무에 결격사유가 있는 경우
• 기타 회사 또는 기관의 인사규정상 채용이 불가능한 경우",서류전형 > 직무과제 > 실무면접 > 최종합격
912,펀드매니저 실무자,39,92,20261019,20261117,12,경력,기간제,대전광역시,석사 이상,"성장 단계 스타트업에서 투자전략 수립과 펀드 운용을 담당하는 포지션을(를) 맡을 펀드매니저를 모집합니다.

이번 포지션은 시장분석, 포트폴리오, 매매, 리스크, 운용보고을 중심으로 운영 현장의 품질과 일정, 고객 경험을 함께 관리하는 역할입니다.

현장과 유관 부서의 요구를 연결하며 업무 품질을 높이는 역할입니다.

유관 부서 및 외부 파트너와 업무 기준을 공유하고, 이슈 발생 시 원인을 정리해 재발 방지 방안을 실행합니다.

초기에는 담당 업무의 프로세스와 시스템을 익히고, 이후에는 담당 영역의 지표 개선과 운영 표준화까지 주도하게 됩니다.","• 시장분석, 포트폴리오, 매매, 리스크, 운용보고 및 일일 운영 현황 관리
• 업무 일정·실적·품질 지표 점검 및 보고
• 관련 시스템과 문서의 정확한 입력·관리
• 고객·협력사·유관 부서 문의 대응 및 이슈 조율
• 업무 절차 개선과 운영 리스크 사전 점검
• 주요 이슈 원인 분석 및 후속 조치 관리
• 정기 회의 자료 작성과 진행 현황 공유
• 업무 매뉴얼 정비와 신규 구성원 온보딩 지원","• 금융시장 분석 및 투자 판단 역량 관련 기본 지식 또는 실무 경험을 보유한 분
• 필수 자격·면허: 투자자산운용사 보유자 또는 입사 전 취득 가능한 분
• 맡은 업무를 정확하게 기록하고 마감까지 책임질 수 있는 분
• 문서작성, 이메일, 스프레드시트 등 기본 업무도구 활용이 가능한 분
• 고객 및 유관 부서와 원활하게 소통하고 요청사항을 정리할 수 있는 분
• 예상하지 못한 상황에서도 우선순위를 판단해 대응할 수 있는 분
• 업무상 취급하는 자료와 고객 정보를 안전하게 관리할 수 있는 분
• 직무 관련 교육을 꾸준히 이수하며 전문성을 높일 분","• 펀드매니저 또는 유사 직무 경력 보유자
• 직무 관련 자격·면허 보유자: 투자자산운용사
• 직무 관련 자격·면허 보유자: CFA Level 1
• ERP, WMS, CRM, POS 등 직무 관련 시스템 사용 경험자
• 수치와 데이터를 활용한 실적 분석 경험자
• 다양한 이해관계자와 협업해 문제를 해결한 경험자
• 신규 프로세스 구축이나 업무 자동화 경험자","• 지원서 및 제출서류의 허위기재 또는 허위 제출
• 채용 과정에서 본인 확인이 불가능한 경우
• 채용검진 결과 업무 수행에 부적합하다고 판단되는 경우
• 해외여행 및 근무에 결격사유가 있는 경우
• 기타 회사 또는 기관의 인사규정상 채용이 불가능한 경우",서류전형 > 1차면접 > 2차면접 > 채용검진
913,펀드매니저 운영 매니저,146,92,20261105,20261211,3,신입·경력,정규직,세종특별자치시,박사 이상,"종합병원 운영조직에서 투자전략 수립과 펀드 운용을 담당하는 포지션을(를) 맡을 펀드매니저를 모집합니다.

이번 포지션은 시장분석, 포트폴리오, 매매, 리스크, 운용보고을 중심으로 운영 현장의 품질과 일정, 고객 경험을 함께 관리하는 역할입니다.

업무 기준을 준수하면서도 개선점을 주도적으로 제안할 수 있는 분을 기다립니다.

유관 부서 및 외부 파트너와 업무 기준을 공유하고, 이슈 발생 시 원인을 정리해 재발 방지 방안을 실행합니다.

초기에는 담당 업무의 프로세스와 시스템을 익히고, 이후에는 담당 영역의 지표 개선과 운영 표준화까지 주도하게 됩니다.","• 시장분석, 포트폴리오, 매매, 리스크, 운용보고 및 일일 운영 현황 관리
• 업무 일정·실적·품질 지표 점검 및 보고
• 관련 시스템과 문서의 정확한 입력·관리
• 고객·협력사·유관 부서 문의 대응 및 이슈 조율
• 업무 절차 개선과 운영 리스크 사전 점검
• 주요 이슈 원인 분석 및 후속 조치 관리
• 정기 회의 자료 작성과 진행 현황 공유
• 현장 안전·보안·개인정보 보호 기준 준수","• 금융시장 분석 및 투자 판단 역량 관련 기본 지식 또는 실무 경험을 보유한 분
• 필수 자격·면허: 투자자산운용사 보유자 또는 입사 전 취득 가능한 분
• 맡은 업무를 정확하게 기록하고 마감까지 책임질 수 있는 분
• 문서작성, 이메일, 스프레드시트 등 기본 업무도구 활용이 가능한 분
• 고객 및 유관 부서와 원활하게 소통하고 요청사항을 정리할 수 있는 분
• 예상하지 못한 상황에서도 우선순위를 판단해 대응할 수 있는 분
• 업무상 취급하는 자료와 고객 정보를 안전하게 관리할 수 있는 분
• 직무 관련 교육을 꾸준히 이수하며 전문성을 높일 분","• 펀드매니저 또는 유사 직무 경력 보유자
• 직무 관련 자격·면허 보유자: 투자자산운용사
• 직무 관련 자격·면허 보유자: CFA Level 1
• ERP, WMS, CRM, POS 등 직무 관련 시스템 사용 경험자
• 수치와 데이터를 활용한 실적 분석 경험자
• 다양한 이해관계자와 협업해 문제를 해결한 경험자
• 외국어 또는 관련 법규·안전 기준을 활용할 수 있는 분","• 지원서 및 제출서류의 허위기재 또는 허위 제출
• 채용 과정에서 본인 확인이 불가능한 경우
• 채용검진 결과 업무 수행에 부적합하다고 판단되는 경우
• 해외여행 및 근무에 결격사유가 있는 경우
• 기타 회사 또는 기관의 인사규정상 채용이 불가능한 경우",서류전형 > 필기전형 > 면접전형 > 최종합격
914,펀드매니저 전문 인력,98,92,20261122,20270104,14,경력 2년 이상,계약직,충청북도,학력무관,"대학 산학협력단에서 투자전략 수립과 펀드 운용을 담당하는 포지션을(를) 맡을 펀드매니저를 모집합니다.

이번 포지션은 시장분석, 포트폴리오, 매매, 리스크, 운용보고을 중심으로 운영 현장의 품질과 일정, 고객 경험을 함께 관리하는 역할입니다.

고객과 동료에게 신뢰를 주는 태도로 맡은 업무를 끝까지 책임지는 포지션입니다.

유관 부서 및 외부 파트너와 업무 기준을 공유하고, 이슈 발생 시 원인을 정리해 재발 방지 방안을 실행합니다.

초기에는 담당 업무의 프로세스와 시스템을 익히고, 이후에는 담당 영역의 지표 개선과 운영 표준화까지 주도하게 됩니다.","• 시장분석, 포트폴리오, 매매, 리스크, 운용보고 및 일일 운영 현황 관리
• 업무 일정·실적·품질 지표 점검 및 보고
• 관련 시스템과 문서의 정확한 입력·관리
• 고객·협력사·유관 부서 문의 대응 및 이슈 조율
• 업무 절차 개선과 운영 리스크 사전 점검
• 주요 이슈 원인 분석 및 후속 조치 관리
• 정기 회의 자료 작성과 진행 현황 공유
• 업무 매뉴얼 정비와 신규 구성원 온보딩 지원","• 금융시장 분석 및 투자 판단 역량 관련 기본 지식 또는 실무 경험을 보유한 분
• 필수 자격·면허: 투자자산운용사 보유자 또는 입사 전 취득 가능한 분
• 맡은 업무를 정확하게 기록하고 마감까지 책임질 수 있는 분
• 문서작성, 이메일, 스프레드시트 등 기본 업무도구 활용이 가능한 분
• 고객 및 유관 부서와 원활하게 소통하고 요청사항을 정리할 수 있는 분
• 예상하지 못한 상황에서도 우선순위를 판단해 대응할 수 있는 분
• 업무상 취급하는 자료와 고객 정보를 안전하게 관리할 수 있는 분
• 교대·주말·현장 근무가 포함될 수 있는 일정에 대응 가능한 분","• 펀드매니저 또는 유사 직무 경력 보유자
• 직무 관련 자격·면허 보유자: 투자자산운용사
• 직무 관련 자격·면허 보유자: CFA Level 1
• ERP, WMS, CRM, POS 등 직무 관련 시스템 사용 경험자
• 수치와 데이터를 활용한 실적 분석 경험자
• 다양한 이해관계자와 협업해 문제를 해결한 경험자
• 신규 프로세스 구축이나 업무 자동화 경험자","• 지원서 및 제출서류의 허위기재 또는 허위 제출
• 채용 과정에서 본인 확인이 불가능한 경우
• 채용검진 결과 업무 수행에 부적합하다고 판단되는 경우
• 해외여행 및 근무에 결격사유가 있는 경우
• 기타 회사 또는 기관의 인사규정상 채용이 불가능한 경우",서류전형 > 실무면접 > 최종면접
915,펀드매니저 경력 채용,26,92,20261209,20261223,5,경력 3년 이상,무기계약직,전라남도,전문학사 이상,"기업 부설 연구소에서 투자전략 수립과 펀드 운용을 담당하는 포지션을(를) 맡을 펀드매니저를 모집합니다.

이번 포지션은 시장분석, 포트폴리오, 매매, 리스크, 운용보고을 중심으로 운영 현장의 품질과 일정, 고객 경험을 함께 관리하는 역할입니다.

데이터와 현장 감각을 함께 활용해 반복 업무를 효율화하는 역할입니다.

유관 부서 및 외부 파트너와 업무 기준을 공유하고, 이슈 발생 시 원인을 정리해 재발 방지 방안을 실행합니다.

초기에는 담당 업무의 프로세스와 시스템을 익히고, 이후에는 담당 영역의 지표 개선과 운영 표준화까지 주도하게 됩니다.","• 시장분석, 포트폴리오, 매매, 리스크, 운용보고 및 일일 운영 현황 관리
• 업무 일정·실적·품질 지표 점검 및 보고
• 관련 시스템과 문서의 정확한 입력·관리
• 고객·협력사·유관 부서 문의 대응 및 이슈 조율
• 업무 절차 개선과 운영 리스크 사전 점검
• 주요 이슈 원인 분석 및 후속 조치 관리
• 정기 회의 자료 작성과 진행 현황 공유
• 현장 안전·보안·개인정보 보호 기준 준수","• 금융시장 분석 및 투자 판단 역량 관련 기본 지식 또는 실무 경험을 보유한 분
• 필수 자격·면허: 투자자산운용사 보유자 또는 입사 전 취득 가능한 분
• 맡은 업무를 정확하게 기록하고 마감까지 책임질 수 있는 분
• 문서작성, 이메일, 스프레드시트 등 기본 업무도구 활용이 가능한 분
• 고객 및 유관 부서와 원활하게 소통하고 요청사항을 정리할 수 있는 분
• 예상하지 못한 상황에서도 우선순위를 판단해 대응할 수 있는 분
• 업무상 취급하는 자료와 고객 정보를 안전하게 관리할 수 있는 분
• 직무 관련 교육을 꾸준히 이수하며 전문성을 높일 분","• 펀드매니저 또는 유사 직무 경력 보유자
• 직무 관련 자격·면허 보유자: 투자자산운용사
• 직무 관련 자격·면허 보유자: CFA Level 1
• ERP, WMS, CRM, POS 등 직무 관련 시스템 사용 경험자
• 수치와 데이터를 활용한 실적 분석 경험자
• 다양한 이해관계자와 협업해 문제를 해결한 경험자
• 외국어 또는 관련 법규·안전 기준을 활용할 수 있는 분","• 지원서 및 제출서류의 허위기재 또는 허위 제출
• 채용 과정에서 본인 확인이 불가능한 경우
• 채용검진 결과 업무 수행에 부적합하다고 판단되는 경우
• 해외여행 및 근무에 결격사유가 있는 경우
• 기타 회사 또는 기관의 인사규정상 채용이 불가능한 경우",서류전형 > 인성검사 > 실무면접 > 최종면접
916,펀드매니저 현장 책임자,86,92,20260115,20260205,16,경력 5년 이상,기간제,제주특별자치도,학사 이상,"전문 협회에서 투자전략 수립과 펀드 운용을 담당하는 포지션을(를) 맡을 펀드매니저를 모집합니다.

이번 포지션은 시장분석, 포트폴리오, 매매, 리스크, 운용보고을 중심으로 운영 현장의 품질과 일정, 고객 경험을 함께 관리하는 역할입니다.

정해진 절차를 지키되 상황에 맞게 유연하게 대응하는 실무자를 모집합니다.

유관 부서 및 외부 파트너와 업무 기준을 공유하고, 이슈 발생 시 원인을 정리해 재발 방지 방안을 실행합니다.

초기에는 담당 업무의 프로세스와 시스템을 익히고, 이후에는 담당 영역의 지표 개선과 운영 표준화까지 주도하게 됩니다.","• 시장분석, 포트폴리오, 매매, 리스크, 운용보고 및 일일 운영 현황 관리
• 업무 일정·실적·품질 지표 점검 및 보고
• 관련 시스템과 문서의 정확한 입력·관리
• 고객·협력사·유관 부서 문의 대응 및 이슈 조율
• 업무 절차 개선과 운영 리스크 사전 점검
• 주요 이슈 원인 분석 및 후속 조치 관리
• 정기 회의 자료 작성과 진행 현황 공유
• 업무 매뉴얼 정비와 신규 구성원 온보딩 지원","• 금융시장 분석 및 투자 판단 역량 관련 기본 지식 또는 실무 경험을 보유한 분
• 필수 자격·면허: 투자자산운용사 보유자 또는 입사 전 취득 가능한 분
• 맡은 업무를 정확하게 기록하고 마감까지 책임질 수 있는 분
• 문서작성, 이메일, 스프레드시트 등 기본 업무도구 활용이 가능한 분
• 고객 및 유관 부서와 원활하게 소통하고 요청사항을 정리할 수 있는 분
• 예상하지 못한 상황에서도 우선순위를 판단해 대응할 수 있는 분
• 업무상 취급하는 자료와 고객 정보를 안전하게 관리할 수 있는 분
• 직무 관련 교육을 꾸준히 이수하며 전문성을 높일 분","• 펀드매니저 또는 유사 직무 경력 보유자
• 직무 관련 자격·면허 보유자: 투자자산운용사
• 직무 관련 자격·면허 보유자: CFA Level 1
• ERP, WMS, CRM, POS 등 직무 관련 시스템 사용 경험자
• 수치와 데이터를 활용한 실적 분석 경험자
• 다양한 이해관계자와 협업해 문제를 해결한 경험자
• 신규 프로세스 구축이나 업무 자동화 경험자","• 지원서 및 제출서류의 허위기재 또는 허위 제출
• 채용 과정에서 본인 확인이 불가능한 경우
• 채용검진 결과 업무 수행에 부적합하다고 판단되는 경우
• 해외여행 및 근무에 결격사유가 있는 경우
• 기타 회사 또는 기관의 인사규정상 채용이 불가능한 경우",서류전형 > 직무과제 > 실무면접 > 최종합격
917,펀드매니저 서비스 담당,5,92,20260201,20260301,7,경력 무관,정규직,인천광역시,석사 이상,"공공서비스 운영기관에서 투자전략 수립과 펀드 운용을 담당하는 포지션을(를) 맡을 펀드매니저를 모집합니다.

이번 포지션은 시장분석, 포트폴리오, 매매, 리스크, 운용보고을 중심으로 운영 현장의 품질과 일정, 고객 경험을 함께 관리하는 역할입니다.

부서 간 원활한 소통으로 일정과 품질을 안정적으로 관리하는 직무입니다.

유관 부서 및 외부 파트너와 업무 기준을 공유하고, 이슈 발생 시 원인을 정리해 재발 방지 방안을 실행합니다.

초기에는 담당 업무의 프로세스와 시스템을 익히고, 이후에는 담당 영역의 지표 개선과 운영 표준화까지 주도하게 됩니다.","• 시장분석, 포트폴리오, 매매, 리스크, 운용보고 및 일일 운영 현황 관리
• 업무 일정·실적·품질 지표 점검 및 보고
• 관련 시스템과 문서의 정확한 입력·관리
• 고객·협력사·유관 부서 문의 대응 및 이슈 조율
• 업무 절차 개선과 운영 리스크 사전 점검
• 주요 이슈 원인 분석 및 후속 조치 관리
• 정기 회의 자료 작성과 진행 현황 공유
• 현장 안전·보안·개인정보 보호 기준 준수","• 금융시장 분석 및 투자 판단 역량 관련 기본 지식 또는 실무 경험을 보유한 분
• 필수 자격·면허: 투자자산운용사 보유자 또는 입사 전 취득 가능한 분
• 맡은 업무를 정확하게 기록하고 마감까지 책임질 수 있는 분
• 문서작성, 이메일, 스프레드시트 등 기본 업무도구 활용이 가능한 분
• 고객 및 유관 부서와 원활하게 소통하고 요청사항을 정리할 수 있는 분
• 예상하지 못한 상황에서도 우선순위를 판단해 대응할 수 있는 분
• 업무상 취급하는 자료와 고객 정보를 안전하게 관리할 수 있는 분
• 교대·주말·현장 근무가 포함될 수 있는 일정에 대응 가능한 분","• 펀드매니저 또는 유사 직무 경력 보유자
• 직무 관련 자격·면허 보유자: 투자자산운용사
• 직무 관련 자격·면허 보유자: CFA Level 1
• ERP, WMS, CRM, POS 등 직무 관련 시스템 사용 경험자
• 수치와 데이터를 활용한 실적 분석 경험자
• 다양한 이해관계자와 협업해 문제를 해결한 경험자
• 외국어 또는 관련 법규·안전 기준을 활용할 수 있는 분","• 지원서 및 제출서류의 허위기재 또는 허위 제출
• 채용 과정에서 본인 확인이 불가능한 경우
• 채용검진 결과 업무 수행에 부적합하다고 판단되는 경우
• 해외여행 및 근무에 결격사유가 있는 경우
• 기타 회사 또는 기관의 인사규정상 채용이 불가능한 경우",서류전형 > 1차면접 > 2차면접 > 채용검진
918,펀드매니저 담당자,151,92,20260218,20260325,18,신입,계약직,울산광역시,박사 이상,"대기업 사업부에서 투자전략 수립과 펀드 운용을 담당하는 포지션을(를) 맡을 펀드매니저를 모집합니다.

이번 포지션은 시장분석, 포트폴리오, 매매, 리스크, 운용보고을 중심으로 운영 현장의 품질과 일정, 고객 경험을 함께 관리하는 역할입니다.

서비스 품질과 안전을 우선하며 꾸준히 전문성을 쌓을 수 있는 포지션입니다.

유관 부서 및 외부 파트너와 업무 기준을 공유하고, 이슈 발생 시 원인을 정리해 재발 방지 방안을 실행합니다.

초기에는 담당 업무의 프로세스와 시스템을 익히고, 이후에는 담당 영역의 지표 개선과 운영 표준화까지 주도하게 됩니다.","• 시장분석, 포트폴리오, 매매, 리스크, 운용보고 및 일일 운영 현황 관리
• 업무 일정·실적·품질 지표 점검 및 보고
• 관련 시스템과 문서의 정확한 입력·관리
• 고객·협력사·유관 부서 문의 대응 및 이슈 조율
• 업무 절차 개선과 운영 리스크 사전 점검
• 주요 이슈 원인 분석 및 후속 조치 관리
• 정기 회의 자료 작성과 진행 현황 공유
• 업무 매뉴얼 정비와 신규 구성원 온보딩 지원","• 금융시장 분석 및 투자 판단 역량 관련 기본 지식 또는 실무 경험을 보유한 분
• 필수 자격·면허: 투자자산운용사 보유자 또는 입사 전 취득 가능한 분
• 맡은 업무를 정확하게 기록하고 마감까지 책임질 수 있는 분
• 문서작성, 이메일, 스프레드시트 등 기본 업무도구 활용이 가능한 분
• 고객 및 유관 부서와 원활하게 소통하고 요청사항을 정리할 수 있는 분
• 예상하지 못한 상황에서도 우선순위를 판단해 대응할 수 있는 분
• 업무상 취급하는 자료와 고객 정보를 안전하게 관리할 수 있는 분
• 직무 관련 교육을 꾸준히 이수하며 전문성을 높일 분","• 펀드매니저 또는 유사 직무 경력 보유자
• 직무 관련 자격·면허 보유자: 투자자산운용사
• 직무 관련 자격·면허 보유자: CFA Level 1
• ERP, WMS, CRM, POS 등 직무 관련 시스템 사용 경험자
• 수치와 데이터를 활용한 실적 분석 경험자
• 다양한 이해관계자와 협업해 문제를 해결한 경험자
• 신규 프로세스 구축이나 업무 자동화 경험자","• 지원서 및 제출서류의 허위기재 또는 허위 제출
• 채용 과정에서 본인 확인이 불가능한 경우
• 채용검진 결과 업무 수행에 부적합하다고 판단되는 경우
• 해외여행 및 근무에 결격사유가 있는 경우
• 기타 회사 또는 기관의 인사규정상 채용이 불가능한 경우",서류전형 > 필기전형 > 면접전형 > 최종합격
919,펀드매니저 실무자,37,92,20260307,20260418,9,경력,무기계약직,강원특별자치도,학력무관,"중견 제조기업에서 투자전략 수립과 펀드 운용을 담당하는 포지션을(를) 맡을 펀드매니저를 모집합니다.

이번 포지션은 시장분석, 포트폴리오, 매매, 리스크, 운용보고을 중심으로 운영 현장의 품질과 일정, 고객 경험을 함께 관리하는 역할입니다.

기본기를 바탕으로 새로운 업무를 빠르게 익히고 실행할 분을 모십니다.

유관 부서 및 외부 파트너와 업무 기준을 공유하고, 이슈 발생 시 원인을 정리해 재발 방지 방안을 실행합니다.

초기에는 담당 업무의 프로세스와 시스템을 익히고, 이후에는 담당 영역의 지표 개선과 운영 표준화까지 주도하게 됩니다.","• 시장분석, 포트폴리오, 매매, 리스크, 운용보고 및 일일 운영 현황 관리
• 업무 일정·실적·품질 지표 점검 및 보고
• 관련 시스템과 문서의 정확한 입력·관리
• 고객·협력사·유관 부서 문의 대응 및 이슈 조율
• 업무 절차 개선과 운영 리스크 사전 점검
• 주요 이슈 원인 분석 및 후속 조치 관리
• 정기 회의 자료 작성과 진행 현황 공유
• 현장 안전·보안·개인정보 보호 기준 준수","• 금융시장 분석 및 투자 판단 역량 관련 기본 지식 또는 실무 경험을 보유한 분
• 필수 자격·면허: 투자자산운용사 보유자 또는 입사 전 취득 가능한 분
• 맡은 업무를 정확하게 기록하고 마감까지 책임질 수 있는 분
• 문서작성, 이메일, 스프레드시트 등 기본 업무도구 활용이 가능한 분
• 고객 및 유관 부서와 원활하게 소통하고 요청사항을 정리할 수 있는 분
• 예상하지 못한 상황에서도 우선순위를 판단해 대응할 수 있는 분
• 업무상 취급하는 자료와 고객 정보를 안전하게 관리할 수 있는 분
• 직무 관련 교육을 꾸준히 이수하며 전문성을 높일 분","• 펀드매니저 또는 유사 직무 경력 보유자
• 직무 관련 자격·면허 보유자: 투자자산운용사
• 직무 관련 자격·면허 보유자: CFA Level 1
• ERP, WMS, CRM, POS 등 직무 관련 시스템 사용 경험자
• 수치와 데이터를 활용한 실적 분석 경험자
• 다양한 이해관계자와 협업해 문제를 해결한 경험자
• 외국어 또는 관련 법규·안전 기준을 활용할 수 있는 분","• 지원서 및 제출서류의 허위기재 또는 허위 제출
• 채용 과정에서 본인 확인이 불가능한 경우
• 채용검진 결과 업무 수행에 부적합하다고 판단되는 경우
• 해외여행 및 근무에 결격사유가 있는 경우
• 기타 회사 또는 기관의 인사규정상 채용이 불가능한 경우",서류전형 > 실무면접 > 최종면접
920,펀드매니저 운영 매니저,60,92,20260324,20260406,20,신입·경력,기간제,전라북도,전문학사 이상,"전문 중소기업에서 투자전략 수립과 펀드 운용을 담당하는 포지션을(를) 맡을 펀드매니저를 모집합니다.

이번 포지션은 시장분석, 포트폴리오, 매매, 리스크, 운용보고을 중심으로 운영 현장의 품질과 일정, 고객 경험을 함께 관리하는 역할입니다.

성과와 고객 만족을 함께 고려하며 실질적인 변화를 만드는 역할입니다.

유관 부서 및 외부 파트너와 업무 기준을 공유하고, 이슈 발생 시 원인을 정리해 재발 방지 방안을 실행합니다.

초기에는 담당 업무의 프로세스와 시스템을 익히고, 이후에는 담당 영역의 지표 개선과 운영 표준화까지 주도하게 됩니다.","• 시장분석, 포트폴리오, 매매, 리스크, 운용보고 및 일일 운영 현황 관리
• 업무 일정·실적·품질 지표 점검 및 보고
• 관련 시스템과 문서의 정확한 입력·관리
• 고객·협력사·유관 부서 문의 대응 및 이슈 조율
• 업무 절차 개선과 운영 리스크 사전 점검
• 주요 이슈 원인 분석 및 후속 조치 관리
• 정기 회의 자료 작성과 진행 현황 공유
• 업무 매뉴얼 정비와 신규 구성원 온보딩 지원","• 금융시장 분석 및 투자 판단 역량 관련 기본 지식 또는 실무 경험을 보유한 분
• 필수 자격·면허: 투자자산운용사 보유자 또는 입사 전 취득 가능한 분
• 맡은 업무를 정확하게 기록하고 마감까지 책임질 수 있는 분
• 문서작성, 이메일, 스프레드시트 등 기본 업무도구 활용이 가능한 분
• 고객 및 유관 부서와 원활하게 소통하고 요청사항을 정리할 수 있는 분
• 예상하지 못한 상황에서도 우선순위를 판단해 대응할 수 있는 분
• 업무상 취급하는 자료와 고객 정보를 안전하게 관리할 수 있는 분
• 교대·주말·현장 근무가 포함될 수 있는 일정에 대응 가능한 분","• 펀드매니저 또는 유사 직무 경력 보유자
• 직무 관련 자격·면허 보유자: 투자자산운용사
• 직무 관련 자격·면허 보유자: CFA Level 1
• ERP, WMS, CRM, POS 등 직무 관련 시스템 사용 경험자
• 수치와 데이터를 활용한 실적 분석 경험자
• 다양한 이해관계자와 협업해 문제를 해결한 경험자
• 신규 프로세스 구축이나 업무 자동화 경험자","• 지원서 및 제출서류의 허위기재 또는 허위 제출
• 채용 과정에서 본인 확인이 불가능한 경우
• 채용검진 결과 업무 수행에 부적합하다고 판단되는 경우
• 해외여행 및 근무에 결격사유가 있는 경우
• 기타 회사 또는 기관의 인사규정상 채용이 불가능한 경우",서류전형 > 인성검사 > 실무면접 > 최종면접
921,애널리스트 경력 채용,48,93,20260410,20260430,11,경력 3년 이상,정규직,제주특별자치도,석사 이상,"성장 단계 스타트업에서 산업과 기업 데이터를 분석해 투자 인사이트를 제공하는 포지션을(를) 맡을 애널리스트를 모집합니다.

이번 포지션은 리서치, 재무모델, 기업탐방, 보고서, IR자료을 중심으로 운영 현장의 품질과 일정, 고객 경험을 함께 관리하는 역할입니다.

정확한 실행력과 협업을 바탕으로 안정적인 운영을 함께 만들어 갈 분을 찾습니다.

유관 부서 및 외부 파트너와 업무 기준을 공유하고, 이슈 발생 시 원인을 정리해 재발 방지 방안을 실행합니다.

초기에는 담당 업무의 프로세스와 시스템을 익히고, 이후에는 담당 영역의 지표 개선과 운영 표준화까지 주도하게 됩니다.","• 리서치, 재무모델, 기업탐방, 보고서, IR자료 및 일일 운영 현황 관리
• 업무 일정·실적·품질 지표 점검 및 보고
• 관련 시스템과 문서의 정확한 입력·관리
• 고객·협력사·유관 부서 문의 대응 및 이슈 조율
• 업무 절차 개선과 운영 리스크 사전 점검
• 주요 이슈 원인 분석 및 후속 조치 관리
• 정기 회의 자료 작성과 진행 현황 공유
• 현장 안전·보안·개인정보 보호 기준 준수","• 재무제표 분석과 리서치 작성 능력 관련 기본 지식 또는 실무 경험을 보유한 분
• 필수 자격·면허: 투자자산운용사 보유자 또는 입사 전 취득 가능한 분
• 맡은 업무를 정확하게 기록하고 마감까지 책임질 수 있는 분
• 문서작성, 이메일, 스프레드시트 등 기본 업무도구 활용이 가능한 분
• 고객 및 유관 부서와 원활하게 소통하고 요청사항을 정리할 수 있는 분
• 예상하지 못한 상황에서도 우선순위를 판단해 대응할 수 있는 분
• 업무상 취급하는 자료와 고객 정보를 안전하게 관리할 수 있는 분
• 직무 관련 교육을 꾸준히 이수하며 전문성을 높일 분","• 애널리스트 또는 유사 직무 경력 보유자
• 직무 관련 자격·면허 보유자: 투자자산운용사
• 직무 관련 자격·면허 보유자: CFA Level 1
• ERP, WMS, CRM, POS 등 직무 관련 시스템 사용 경험자
• 수치와 데이터를 활용한 실적 분석 경험자
• 다양한 이해관계자와 협업해 문제를 해결한 경험자
• 외국어 또는 관련 법규·안전 기준을 활용할 수 있는 분","• 지원서 및 제출서류의 허위기재 또는 허위 제출
• 채용 과정에서 본인 확인이 불가능한 경우
• 채용검진 결과 업무 수행에 부적합하다고 판단되는 경우
• 해외여행 및 근무에 결격사유가 있는 경우
• 기타 회사 또는 기관의 인사규정상 채용이 불가능한 경우",서류전형 > 1차면접 > 2차면접 > 채용검진
922,애널리스트 현장 책임자,144,93,20260427,20260524,2,경력 5년 이상,계약직,인천광역시,박사 이상,"종합병원 운영조직에서 산업과 기업 데이터를 분석해 투자 인사이트를 제공하는 포지션을(를) 맡을 애널리스트를 모집합니다.

이번 포지션은 리서치, 재무모델, 기업탐방, 보고서, IR자료을 중심으로 운영 현장의 품질과 일정, 고객 경험을 함께 관리하는 역할입니다.

현장과 유관 부서의 요구를 연결하며 업무 품질을 높이는 역할입니다.

유관 부서 및 외부 파트너와 업무 기준을 공유하고, 이슈 발생 시 원인을 정리해 재발 방지 방안을 실행합니다.

초기에는 담당 업무의 프로세스와 시스템을 익히고, 이후에는 담당 영역의 지표 개선과 운영 표준화까지 주도하게 됩니다.","• 리서치, 재무모델, 기업탐방, 보고서, IR자료 및 일일 운영 현황 관리
• 업무 일정·실적·품질 지표 점검 및 보고
• 관련 시스템과 문서의 정확한 입력·관리
• 고객·협력사·유관 부서 문의 대응 및 이슈 조율
• 업무 절차 개선과 운영 리스크 사전 점검
• 주요 이슈 원인 분석 및 후속 조치 관리
• 정기 회의 자료 작성과 진행 현황 공유
• 업무 매뉴얼 정비와 신규 구성원 온보딩 지원","• 재무제표 분석과 리서치 작성 능력 관련 기본 지식 또는 실무 경험을 보유한 분
• 필수 자격·면허: 투자자산운용사 보유자 또는 입사 전 취득 가능한 분
• 맡은 업무를 정확하게 기록하고 마감까지 책임질 수 있는 분
• 문서작성, 이메일, 스프레드시트 등 기본 업무도구 활용이 가능한 분
• 고객 및 유관 부서와 원활하게 소통하고 요청사항을 정리할 수 있는 분
• 예상하지 못한 상황에서도 우선순위를 판단해 대응할 수 있는 분
• 업무상 취급하는 자료와 고객 정보를 안전하게 관리할 수 있는 분
• 직무 관련 교육을 꾸준히 이수하며 전문성을 높일 분","• 애널리스트 또는 유사 직무 경력 보유자
• 직무 관련 자격·면허 보유자: 투자자산운용사
• 직무 관련 자격·면허 보유자: CFA Level 1
• ERP, WMS, CRM, POS 등 직무 관련 시스템 사용 경험자
• 수치와 데이터를 활용한 실적 분석 경험자
• 다양한 이해관계자와 협업해 문제를 해결한 경험자
• 신규 프로세스 구축이나 업무 자동화 경험자","• 지원서 및 제출서류의 허위기재 또는 허위 제출
• 채용 과정에서 본인 확인이 불가능한 경우
• 채용검진 결과 업무 수행에 부적합하다고 판단되는 경우
• 해외여행 및 근무에 결격사유가 있는 경우
• 기타 회사 또는 기관의 인사규정상 채용이 불가능한 경우",서류전형 > 필기전형 > 면접전형 > 최종합격
923,애널리스트 서비스 담당,50,93,20260514,20260617,13,경력 무관,무기계약직,울산광역시,학력무관,"대학 산학협력단에서 산업과 기업 데이터를 분석해 투자 인사이트를 제공하는 포지션을(를) 맡을 애널리스트를 모집합니다.

이번 포지션은 리서치, 재무모델, 기업탐방, 보고서, IR자료을 중심으로 운영 현장의 품질과 일정, 고객 경험을 함께 관리하는 역할입니다.

업무 기준을 준수하면서도 개선점을 주도적으로 제안할 수 있는 분을 기다립니다.

유관 부서 및 외부 파트너와 업무 기준을 공유하고, 이슈 발생 시 원인을 정리해 재발 방지 방안을 실행합니다.

초기에는 담당 업무의 프로세스와 시스템을 익히고, 이후에는 담당 영역의 지표 개선과 운영 표준화까지 주도하게 됩니다.","• 리서치, 재무모델, 기업탐방, 보고서, IR자료 및 일일 운영 현황 관리
• 업무 일정·실적·품질 지표 점검 및 보고
• 관련 시스템과 문서의 정확한 입력·관리
• 고객·협력사·유관 부서 문의 대응 및 이슈 조율
• 업무 절차 개선과 운영 리스크 사전 점검
• 주요 이슈 원인 분석 및 후속 조치 관리
• 정기 회의 자료 작성과 진행 현황 공유
• 현장 안전·보안·개인정보 보호 기준 준수","• 재무제표 분석과 리서치 작성 능력 관련 기본 지식 또는 실무 경험을 보유한 분
• 필수 자격·면허: 투자자산운용사 보유자 또는 입사 전 취득 가능한 분
• 맡은 업무를 정확하게 기록하고 마감까지 책임질 수 있는 분
• 문서작성, 이메일, 스프레드시트 등 기본 업무도구 활용이 가능한 분
• 고객 및 유관 부서와 원활하게 소통하고 요청사항을 정리할 수 있는 분
• 예상하지 못한 상황에서도 우선순위를 판단해 대응할 수 있는 분
• 업무상 취급하는 자료와 고객 정보를 안전하게 관리할 수 있는 분
• 교대·주말·현장 근무가 포함될 수 있는 일정에 대응 가능한 분","• 애널리스트 또는 유사 직무 경력 보유자
• 직무 관련 자격·면허 보유자: 투자자산운용사
• 직무 관련 자격·면허 보유자: CFA Level 1
• ERP, WMS, CRM, POS 등 직무 관련 시스템 사용 경험자
• 수치와 데이터를 활용한 실적 분석 경험자
• 다양한 이해관계자와 협업해 문제를 해결한 경험자
• 외국어 또는 관련 법규·안전 기준을 활용할 수 있는 분","• 지원서 및 제출서류의 허위기재 또는 허위 제출
• 채용 과정에서 본인 확인이 불가능한 경우
• 채용검진 결과 업무 수행에 부적합하다고 판단되는 경우
• 해외여행 및 근무에 결격사유가 있는 경우
• 기타 회사 또는 기관의 인사규정상 채용이 불가능한 경우",서류전형 > 실무면접 > 최종면접
924,애널리스트 담당자,149,93,20260531,20260711,4,신입,기간제,강원특별자치도,전문학사 이상,"기업 부설 연구소에서 산업과 기업 데이터를 분석해 투자 인사이트를 제공하는 포지션을(를) 맡을 애널리스트를 모집합니다.

이번 포지션은 리서치, 재무모델, 기업탐방, 보고서, IR자료을 중심으로 운영 현장의 품질과 일정, 고객 경험을 함께 관리하는 역할입니다.

고객과 동료에게 신뢰를 주는 태도로 맡은 업무를 끝까지 책임지는 포지션입니다.

유관 부서 및 외부 파트너와 업무 기준을 공유하고, 이슈 발생 시 원인을 정리해 재발 방지 방안을 실행합니다.

초기에는 담당 업무의 프로세스와 시스템을 익히고, 이후에는 담당 영역의 지표 개선과 운영 표준화까지 주도하게 됩니다.","• 리서치, 재무모델, 기업탐방, 보고서, IR자료 및 일일 운영 현황 관리
• 업무 일정·실적·품질 지표 점검 및 보고
• 관련 시스템과 문서의 정확한 입력·관리
• 고객·협력사·유관 부서 문의 대응 및 이슈 조율
• 업무 절차 개선과 운영 리스크 사전 점검
• 주요 이슈 원인 분석 및 후속 조치 관리
• 정기 회의 자료 작성과 진행 현황 공유
• 업무 매뉴얼 정비와 신규 구성원 온보딩 지원","• 재무제표 분석과 리서치 작성 능력 관련 기본 지식 또는 실무 경험을 보유한 분
• 필수 자격·면허: 투자자산운용사 보유자 또는 입사 전 취득 가능한 분
• 맡은 업무를 정확하게 기록하고 마감까지 책임질 수 있는 분
• 문서작성, 이메일, 스프레드시트 등 기본 업무도구 활용이 가능한 분
• 고객 및 유관 부서와 원활하게 소통하고 요청사항을 정리할 수 있는 분
• 예상하지 못한 상황에서도 우선순위를 판단해 대응할 수 있는 분
• 업무상 취급하는 자료와 고객 정보를 안전하게 관리할 수 있는 분
• 직무 관련 교육을 꾸준히 이수하며 전문성을 높일 분","• 애널리스트 또는 유사 직무 경력 보유자
• 직무 관련 자격·면허 보유자: 투자자산운용사
• 직무 관련 자격·면허 보유자: CFA Level 1
• ERP, WMS, CRM, POS 등 직무 관련 시스템 사용 경험자
• 수치와 데이터를 활용한 실적 분석 경험자
• 다양한 이해관계자와 협업해 문제를 해결한 경험자
• 신규 프로세스 구축이나 업무 자동화 경험자","• 지원서 및 제출서류의 허위기재 또는 허위 제출
• 채용 과정에서 본인 확인이 불가능한 경우
• 채용검진 결과 업무 수행에 부적합하다고 판단되는 경우
• 해외여행 및 근무에 결격사유가 있는 경우
• 기타 회사 또는 기관의 인사규정상 채용이 불가능한 경우",서류전형 > 인성검사 > 실무면접 > 최종면접
925,애널리스트 실무자,122,93,20260617,20260629,15,경력,정규직,전라북도,학사 이상,"전문 협회에서 산업과 기업 데이터를 분석해 투자 인사이트를 제공하는 포지션을(를) 맡을 애널리스트를 모집합니다.

이번 포지션은 리서치, 재무모델, 기업탐방, 보고서, IR자료을 중심으로 운영 현장의 품질과 일정, 고객 경험을 함께 관리하는 역할입니다.

데이터와 현장 감각을 함께 활용해 반복 업무를 효율화하는 역할입니다.

유관 부서 및 외부 파트너와 업무 기준을 공유하고, 이슈 발생 시 원인을 정리해 재발 방지 방안을 실행합니다.

초기에는 담당 업무의 프로세스와 시스템을 익히고, 이후에는 담당 영역의 지표 개선과 운영 표준화까지 주도하게 됩니다.","• 리서치, 재무모델, 기업탐방, 보고서, IR자료 및 일일 운영 현황 관리
• 업무 일정·실적·품질 지표 점검 및 보고
• 관련 시스템과 문서의 정확한 입력·관리
• 고객·협력사·유관 부서 문의 대응 및 이슈 조율
• 업무 절차 개선과 운영 리스크 사전 점검
• 주요 이슈 원인 분석 및 후속 조치 관리
• 정기 회의 자료 작성과 진행 현황 공유
• 현장 안전·보안·개인정보 보호 기준 준수","• 재무제표 분석과 리서치 작성 능력 관련 기본 지식 또는 실무 경험을 보유한 분
• 필수 자격·면허: 투자자산운용사 보유자 또는 입사 전 취득 가능한 분
• 맡은 업무를 정확하게 기록하고 마감까지 책임질 수 있는 분
• 문서작성, 이메일, 스프레드시트 등 기본 업무도구 활용이 가능한 분
• 고객 및 유관 부서와 원활하게 소통하고 요청사항을 정리할 수 있는 분
• 예상하지 못한 상황에서도 우선순위를 판단해 대응할 수 있는 분
• 업무상 취급하는 자료와 고객 정보를 안전하게 관리할 수 있는 분
• 직무 관련 교육을 꾸준히 이수하며 전문성을 높일 분","• 애널리스트 또는 유사 직무 경력 보유자
• 직무 관련 자격·면허 보유자: 투자자산운용사
• 직무 관련 자격·면허 보유자: CFA Level 1
• ERP, WMS, CRM, POS 등 직무 관련 시스템 사용 경험자
• 수치와 데이터를 활용한 실적 분석 경험자
• 다양한 이해관계자와 협업해 문제를 해결한 경험자
• 외국어 또는 관련 법규·안전 기준을 활용할 수 있는 분","• 지원서 및 제출서류의 허위기재 또는 허위 제출
• 채용 과정에서 본인 확인이 불가능한 경우
• 채용검진 결과 업무 수행에 부적합하다고 판단되는 경우
• 해외여행 및 근무에 결격사유가 있는 경우
• 기타 회사 또는 기관의 인사규정상 채용이 불가능한 경우",서류전형 > 직무과제 > 실무면접 > 최종합격
926,애널리스트 운영 매니저,93,93,20260704,20260723,6,신입·경력,계약직,경상남도,석사 이상,"공공서비스 운영기관에서 산업과 기업 데이터를 분석해 투자 인사이트를 제공하는 포지션을(를) 맡을 애널리스트를 모집합니다.

이번 포지션은 리서치, 재무모델, 기업탐방, 보고서, IR자료을 중심으로 운영 현장의 품질과 일정, 고객 경험을 함께 관리하는 역할입니다.

정해진 절차를 지키되 상황에 맞게 유연하게 대응하는 실무자를 모집합니다.

유관 부서 및 외부 파트너와 업무 기준을 공유하고, 이슈 발생 시 원인을 정리해 재발 방지 방안을 실행합니다.

초기에는 담당 업무의 프로세스와 시스템을 익히고, 이후에는 담당 영역의 지표 개선과 운영 표준화까지 주도하게 됩니다.","• 리서치, 재무모델, 기업탐방, 보고서, IR자료 및 일일 운영 현황 관리
• 업무 일정·실적·품질 지표 점검 및 보고
• 관련 시스템과 문서의 정확한 입력·관리
• 고객·협력사·유관 부서 문의 대응 및 이슈 조율
• 업무 절차 개선과 운영 리스크 사전 점검
• 주요 이슈 원인 분석 및 후속 조치 관리
• 정기 회의 자료 작성과 진행 현황 공유
• 업무 매뉴얼 정비와 신규 구성원 온보딩 지원","• 재무제표 분석과 리서치 작성 능력 관련 기본 지식 또는 실무 경험을 보유한 분
• 필수 자격·면허: 투자자산운용사 보유자 또는 입사 전 취득 가능한 분
• 맡은 업무를 정확하게 기록하고 마감까지 책임질 수 있는 분
• 문서작성, 이메일, 스프레드시트 등 기본 업무도구 활용이 가능한 분
• 고객 및 유관 부서와 원활하게 소통하고 요청사항을 정리할 수 있는 분
• 예상하지 못한 상황에서도 우선순위를 판단해 대응할 수 있는 분
• 업무상 취급하는 자료와 고객 정보를 안전하게 관리할 수 있는 분
• 교대·주말·현장 근무가 포함될 수 있는 일정에 대응 가능한 분","• 애널리스트 또는 유사 직무 경력 보유자
• 직무 관련 자격·면허 보유자: 투자자산운용사
• 직무 관련 자격·면허 보유자: CFA Level 1
• ERP, WMS, CRM, POS 등 직무 관련 시스템 사용 경험자
• 수치와 데이터를 활용한 실적 분석 경험자
• 다양한 이해관계자와 협업해 문제를 해결한 경험자
• 신규 프로세스 구축이나 업무 자동화 경험자","• 지원서 및 제출서류의 허위기재 또는 허위 제출
• 채용 과정에서 본인 확인이 불가능한 경우
• 채용검진 결과 업무 수행에 부적합하다고 판단되는 경우
• 해외여행 및 근무에 결격사유가 있는 경우
• 기타 회사 또는 기관의 인사규정상 채용이 불가능한 경우",서류전형 > 1차면접 > 2차면접 > 채용검진
927,애널리스트 전문 인력,6,93,20260721,20260816,17,경력 2년 이상,무기계약직,부산광역시,박사 이상,"대기업 사업부에서 산업과 기업 데이터를 분석해 투자 인사이트를 제공하는 포지션을(를) 맡을 애널리스트를 모집합니다.

이번 포지션은 리서치, 재무모델, 기업탐방, 보고서, IR자료을 중심으로 운영 현장의 품질과 일정, 고객 경험을 함께 관리하는 역할입니다.

부서 간 원활한 소통으로 일정과 품질을 안정적으로 관리하는 직무입니다.

유관 부서 및 외부 파트너와 업무 기준을 공유하고, 이슈 발생 시 원인을 정리해 재발 방지 방안을 실행합니다.

초기에는 담당 업무의 프로세스와 시스템을 익히고, 이후에는 담당 영역의 지표 개선과 운영 표준화까지 주도하게 됩니다.","• 리서치, 재무모델, 기업탐방, 보고서, IR자료 및 일일 운영 현황 관리
• 업무 일정·실적·품질 지표 점검 및 보고
• 관련 시스템과 문서의 정확한 입력·관리
• 고객·협력사·유관 부서 문의 대응 및 이슈 조율
• 업무 절차 개선과 운영 리스크 사전 점검
• 주요 이슈 원인 분석 및 후속 조치 관리
• 정기 회의 자료 작성과 진행 현황 공유
• 현장 안전·보안·개인정보 보호 기준 준수","• 재무제표 분석과 리서치 작성 능력 관련 기본 지식 또는 실무 경험을 보유한 분
• 필수 자격·면허: 투자자산운용사 보유자 또는 입사 전 취득 가능한 분
• 맡은 업무를 정확하게 기록하고 마감까지 책임질 수 있는 분
• 문서작성, 이메일, 스프레드시트 등 기본 업무도구 활용이 가능한 분
• 고객 및 유관 부서와 원활하게 소통하고 요청사항을 정리할 수 있는 분
• 예상하지 못한 상황에서도 우선순위를 판단해 대응할 수 있는 분
• 업무상 취급하는 자료와 고객 정보를 안전하게 관리할 수 있는 분
• 직무 관련 교육을 꾸준히 이수하며 전문성을 높일 분","• 애널리스트 또는 유사 직무 경력 보유자
• 직무 관련 자격·면허 보유자: 투자자산운용사
• 직무 관련 자격·면허 보유자: CFA Level 1
• ERP, WMS, CRM, POS 등 직무 관련 시스템 사용 경험자
• 수치와 데이터를 활용한 실적 분석 경험자
• 다양한 이해관계자와 협업해 문제를 해결한 경험자
• 외국어 또는 관련 법규·안전 기준을 활용할 수 있는 분","• 지원서 및 제출서류의 허위기재 또는 허위 제출
• 채용 과정에서 본인 확인이 불가능한 경우
• 채용검진 결과 업무 수행에 부적합하다고 판단되는 경우
• 해외여행 및 근무에 결격사유가 있는 경우
• 기타 회사 또는 기관의 인사규정상 채용이 불가능한 경우",서류전형 > 필기전형 > 면접전형 > 최종합격
928,애널리스트 경력 채용,69,93,20260807,20260909,8,경력 3년 이상,기간제,광주광역시,학력무관,"중견 제조기업에서 산업과 기업 데이터를 분석해 투자 인사이트를 제공하는 포지션을(를) 맡을 애널리스트를 모집합니다.

이번 포지션은 리서치, 재무모델, 기업탐방, 보고서, IR자료을 중심으로 운영 현장의 품질과 일정, 고객 경험을 함께 관리하는 역할입니다.

서비스 품질과 안전을 우선하며 꾸준히 전문성을 쌓을 수 있는 포지션입니다.

유관 부서 및 외부 파트너와 업무 기준을 공유하고, 이슈 발생 시 원인을 정리해 재발 방지 방안을 실행합니다.

초기에는 담당 업무의 프로세스와 시스템을 익히고, 이후에는 담당 영역의 지표 개선과 운영 표준화까지 주도하게 됩니다.","• 리서치, 재무모델, 기업탐방, 보고서, IR자료 및 일일 운영 현황 관리
• 업무 일정·실적·품질 지표 점검 및 보고
• 관련 시스템과 문서의 정확한 입력·관리
• 고객·협력사·유관 부서 문의 대응 및 이슈 조율
• 업무 절차 개선과 운영 리스크 사전 점검
• 주요 이슈 원인 분석 및 후속 조치 관리
• 정기 회의 자료 작성과 진행 현황 공유
• 업무 매뉴얼 정비와 신규 구성원 온보딩 지원","• 재무제표 분석과 리서치 작성 능력 관련 기본 지식 또는 실무 경험을 보유한 분
• 필수 자격·면허: 투자자산운용사 보유자 또는 입사 전 취득 가능한 분
• 맡은 업무를 정확하게 기록하고 마감까지 책임질 수 있는 분
• 문서작성, 이메일, 스프레드시트 등 기본 업무도구 활용이 가능한 분
• 고객 및 유관 부서와 원활하게 소통하고 요청사항을 정리할 수 있는 분
• 예상하지 못한 상황에서도 우선순위를 판단해 대응할 수 있는 분
• 업무상 취급하는 자료와 고객 정보를 안전하게 관리할 수 있는 분
• 직무 관련 교육을 꾸준히 이수하며 전문성을 높일 분","• 애널리스트 또는 유사 직무 경력 보유자
• 직무 관련 자격·면허 보유자: 투자자산운용사
• 직무 관련 자격·면허 보유자: CFA Level 1
• ERP, WMS, CRM, POS 등 직무 관련 시스템 사용 경험자
• 수치와 데이터를 활용한 실적 분석 경험자
• 다양한 이해관계자와 협업해 문제를 해결한 경험자
• 신규 프로세스 구축이나 업무 자동화 경험자","• 지원서 및 제출서류의 허위기재 또는 허위 제출
• 채용 과정에서 본인 확인이 불가능한 경우
• 채용검진 결과 업무 수행에 부적합하다고 판단되는 경우
• 해외여행 및 근무에 결격사유가 있는 경우
• 기타 회사 또는 기관의 인사규정상 채용이 불가능한 경우",서류전형 > 실무면접 > 최종면접
929,애널리스트 현장 책임자,21,93,20260824,20261003,19,경력 5년 이상,정규직,경기도,전문학사 이상,"전문 중소기업에서 산업과 기업 데이터를 분석해 투자 인사이트를 제공하는 포지션을(를) 맡을 애널리스트를 모집합니다.

이번 포지션은 리서치, 재무모델, 기업탐방, 보고서, IR자료을 중심으로 운영 현장의 품질과 일정, 고객 경험을 함께 관리하는 역할입니다.

기본기를 바탕으로 새로운 업무를 빠르게 익히고 실행할 분을 모십니다.

유관 부서 및 외부 파트너와 업무 기준을 공유하고, 이슈 발생 시 원인을 정리해 재발 방지 방안을 실행합니다.

초기에는 담당 업무의 프로세스와 시스템을 익히고, 이후에는 담당 영역의 지표 개선과 운영 표준화까지 주도하게 됩니다.","• 리서치, 재무모델, 기업탐방, 보고서, IR자료 및 일일 운영 현황 관리
• 업무 일정·실적·품질 지표 점검 및 보고
• 관련 시스템과 문서의 정확한 입력·관리
• 고객·협력사·유관 부서 문의 대응 및 이슈 조율
• 업무 절차 개선과 운영 리스크 사전 점검
• 주요 이슈 원인 분석 및 후속 조치 관리
• 정기 회의 자료 작성과 진행 현황 공유
• 현장 안전·보안·개인정보 보호 기준 준수","• 재무제표 분석과 리서치 작성 능력 관련 기본 지식 또는 실무 경험을 보유한 분
• 필수 자격·면허: 투자자산운용사 보유자 또는 입사 전 취득 가능한 분
• 맡은 업무를 정확하게 기록하고 마감까지 책임질 수 있는 분
• 문서작성, 이메일, 스프레드시트 등 기본 업무도구 활용이 가능한 분
• 고객 및 유관 부서와 원활하게 소통하고 요청사항을 정리할 수 있는 분
• 예상하지 못한 상황에서도 우선순위를 판단해 대응할 수 있는 분
• 업무상 취급하는 자료와 고객 정보를 안전하게 관리할 수 있는 분
• 교대·주말·현장 근무가 포함될 수 있는 일정에 대응 가능한 분","• 애널리스트 또는 유사 직무 경력 보유자
• 직무 관련 자격·면허 보유자: 투자자산운용사
• 직무 관련 자격·면허 보유자: CFA Level 1
• ERP, WMS, CRM, POS 등 직무 관련 시스템 사용 경험자
• 수치와 데이터를 활용한 실적 분석 경험자
• 다양한 이해관계자와 협업해 문제를 해결한 경험자
• 외국어 또는 관련 법규·안전 기준을 활용할 수 있는 분","• 지원서 및 제출서류의 허위기재 또는 허위 제출
• 채용 과정에서 본인 확인이 불가능한 경우
• 채용검진 결과 업무 수행에 부적합하다고 판단되는 경우
• 해외여행 및 근무에 결격사유가 있는 경우
• 기타 회사 또는 기관의 인사규정상 채용이 불가능한 경우",서류전형 > 인성검사 > 실무면접 > 최종면접
930,애널리스트 서비스 담당,153,93,20260910,20260921,10,경력 무관,계약직,충청남도,학사 이상,"성장 단계 스타트업에서 산업과 기업 데이터를 분석해 투자 인사이트를 제공하는 포지션을(를) 맡을 애널리스트를 모집합니다.

이번 포지션은 리서치, 재무모델, 기업탐방, 보고서, IR자료을 중심으로 운영 현장의 품질과 일정, 고객 경험을 함께 관리하는 역할입니다.

성과와 고객 만족을 함께 고려하며 실질적인 변화를 만드는 역할입니다.

유관 부서 및 외부 파트너와 업무 기준을 공유하고, 이슈 발생 시 원인을 정리해 재발 방지 방안을 실행합니다.

초기에는 담당 업무의 프로세스와 시스템을 익히고, 이후에는 담당 영역의 지표 개선과 운영 표준화까지 주도하게 됩니다.","• 리서치, 재무모델, 기업탐방, 보고서, IR자료 및 일일 운영 현황 관리
• 업무 일정·실적·품질 지표 점검 및 보고
• 관련 시스템과 문서의 정확한 입력·관리
• 고객·협력사·유관 부서 문의 대응 및 이슈 조율
• 업무 절차 개선과 운영 리스크 사전 점검
• 주요 이슈 원인 분석 및 후속 조치 관리
• 정기 회의 자료 작성과 진행 현황 공유
• 업무 매뉴얼 정비와 신규 구성원 온보딩 지원","• 재무제표 분석과 리서치 작성 능력 관련 기본 지식 또는 실무 경험을 보유한 분
• 필수 자격·면허: 투자자산운용사 보유자 또는 입사 전 취득 가능한 분
• 맡은 업무를 정확하게 기록하고 마감까지 책임질 수 있는 분
• 문서작성, 이메일, 스프레드시트 등 기본 업무도구 활용이 가능한 분
• 고객 및 유관 부서와 원활하게 소통하고 요청사항을 정리할 수 있는 분
• 예상하지 못한 상황에서도 우선순위를 판단해 대응할 수 있는 분
• 업무상 취급하는 자료와 고객 정보를 안전하게 관리할 수 있는 분
• 직무 관련 교육을 꾸준히 이수하며 전문성을 높일 분","• 애널리스트 또는 유사 직무 경력 보유자
• 직무 관련 자격·면허 보유자: 투자자산운용사
• 직무 관련 자격·면허 보유자: CFA Level 1
• ERP, WMS, CRM, POS 등 직무 관련 시스템 사용 경험자
• 수치와 데이터를 활용한 실적 분석 경험자
• 다양한 이해관계자와 협업해 문제를 해결한 경험자
• 신규 프로세스 구축이나 업무 자동화 경험자","• 지원서 및 제출서류의 허위기재 또는 허위 제출
• 채용 과정에서 본인 확인이 불가능한 경우
• 채용검진 결과 업무 수행에 부적합하다고 판단되는 경우
• 해외여행 및 근무에 결격사유가 있는 경우
• 기타 회사 또는 기관의 인사규정상 채용이 불가능한 경우",서류전형 > 직무과제 > 실무면접 > 최종합격
931,요리사 실무자,45,94,20260927,20261015,1,경력,무기계약직,경상남도,박사 이상,"종합병원 운영조직에서 메뉴 기준에 맞는 조리와 주방 운영을 수행하는 포지션을(를) 맡을 요리사를 모집합니다.

이번 포지션은 식재료손질, 조리, 플레이팅, 위생, 재고을 중심으로 운영 현장의 품질과 일정, 고객 경험을 함께 관리하는 역할입니다.

정확한 실행력과 협업을 바탕으로 안정적인 운영을 함께 만들어 갈 분을 찾습니다.

유관 부서 및 외부 파트너와 업무 기준을 공유하고, 이슈 발생 시 원인을 정리해 재발 방지 방안을 실행합니다.

초기에는 담당 업무의 프로세스와 시스템을 익히고, 이후에는 담당 영역의 지표 개선과 운영 표준화까지 주도하게 됩니다.","• 식재료손질, 조리, 플레이팅, 위생, 재고 및 일일 운영 현황 관리
• 업무 일정·실적·품질 지표 점검 및 보고
• 관련 시스템과 문서의 정확한 입력·관리
• 고객·협력사·유관 부서 문의 대응 및 이슈 조율
• 업무 절차 개선과 운영 리스크 사전 점검
• 주요 이슈 원인 분석 및 후속 조치 관리
• 정기 회의 자료 작성과 진행 현황 공유
• 현장 안전·보안·개인정보 보호 기준 준수","• 조리 경험과 위생관리 기본기 관련 기본 지식 또는 실무 경험을 보유한 분
• 필수 자격·면허: 한식조리기능사 보유자 또는 입사 전 취득 가능한 분
• 맡은 업무를 정확하게 기록하고 마감까지 책임질 수 있는 분
• 문서작성, 이메일, 스프레드시트 등 기본 업무도구 활용이 가능한 분
• 고객 및 유관 부서와 원활하게 소통하고 요청사항을 정리할 수 있는 분
• 예상하지 못한 상황에서도 우선순위를 판단해 대응할 수 있는 분
• 업무상 취급하는 자료와 고객 정보를 안전하게 관리할 수 있는 분
• 직무 관련 교육을 꾸준히 이수하며 전문성을 높일 분","• 요리사 또는 유사 직무 경력 보유자
• 직무 관련 자격·면허 보유자: 한식조리기능사
• 직무 관련 자격·면허 보유자: 양식조리기능사
• ERP, WMS, CRM, POS 등 직무 관련 시스템 사용 경험자
• 수치와 데이터를 활용한 실적 분석 경험자
• 다양한 이해관계자와 협업해 문제를 해결한 경험자
• 외국어 또는 관련 법규·안전 기준을 활용할 수 있는 분","• 지원서 및 제출서류의 허위기재 또는 허위 제출
• 채용 과정에서 본인 확인이 불가능한 경우
• 채용검진 결과 업무 수행에 부적합하다고 판단되는 경우
• 해외여행 및 근무에 결격사유가 있는 경우
• 기타 회사 또는 기관의 인사규정상 채용이 불가능한 경우",서류전형 > 필기전형 > 면접전형 > 최종합격
932,요리사 운영 매니저,10,94,20261014,20261108,12,신입·경력,기간제,부산광역시,학력무관,"대학 산학협력단에서 메뉴 기준에 맞는 조리와 주방 운영을 수행하는 포지션을(를) 맡을 요리사를 모집합니다.

이번 포지션은 식재료손질, 조리, 플레이팅, 위생, 재고을 중심으로 운영 현장의 품질과 일정, 고객 경험을 함께 관리하는 역할입니다.

현장과 유관 부서의 요구를 연결하며 업무 품질을 높이는 역할입니다.

유관 부서 및 외부 파트너와 업무 기준을 공유하고, 이슈 발생 시 원인을 정리해 재발 방지 방안을 실행합니다.

초기에는 담당 업무의 프로세스와 시스템을 익히고, 이후에는 담당 영역의 지표 개선과 운영 표준화까지 주도하게 됩니다.","• 식재료손질, 조리, 플레이팅, 위생, 재고 및 일일 운영 현황 관리
• 업무 일정·실적·품질 지표 점검 및 보고
• 관련 시스템과 문서의 정확한 입력·관리
• 고객·협력사·유관 부서 문의 대응 및 이슈 조율
• 업무 절차 개선과 운영 리스크 사전 점검
• 주요 이슈 원인 분석 및 후속 조치 관리
• 정기 회의 자료 작성과 진행 현황 공유
• 업무 매뉴얼 정비와 신규 구성원 온보딩 지원","• 조리 경험과 위생관리 기본기 관련 기본 지식 또는 실무 경험을 보유한 분
• 필수 자격·면허: 한식조리기능사 보유자 또는 입사 전 취득 가능한 분
• 맡은 업무를 정확하게 기록하고 마감까지 책임질 수 있는 분
• 문서작성, 이메일, 스프레드시트 등 기본 업무도구 활용이 가능한 분
• 고객 및 유관 부서와 원활하게 소통하고 요청사항을 정리할 수 있는 분
• 예상하지 못한 상황에서도 우선순위를 판단해 대응할 수 있는 분
• 업무상 취급하는 자료와 고객 정보를 안전하게 관리할 수 있는 분
• 교대·주말·현장 근무가 포함될 수 있는 일정에 대응 가능한 분","• 요리사 또는 유사 직무 경력 보유자
• 직무 관련 자격·면허 보유자: 한식조리기능사
• 직무 관련 자격·면허 보유자: 양식조리기능사
• ERP, WMS, CRM, POS 등 직무 관련 시스템 사용 경험자
• 수치와 데이터를 활용한 실적 분석 경험자
• 다양한 이해관계자와 협업해 문제를 해결한 경험자
• 신규 프로세스 구축이나 업무 자동화 경험자","• 지원서 및 제출서류의 허위기재 또는 허위 제출
• 채용 과정에서 본인 확인이 불가능한 경우
• 채용검진 결과 업무 수행에 부적합하다고 판단되는 경우
• 해외여행 및 근무에 결격사유가 있는 경우
• 기타 회사 또는 기관의 인사규정상 채용이 불가능한 경우",서류전형 > 실무면접 > 최종면접
933,요리사 전문 인력,22,94,20261031,20261202,3,경력 2년 이상,정규직,광주광역시,전문학사 이상,"기업 부설 연구소에서 메뉴 기준에 맞는 조리와 주방 운영을 수행하는 포지션을(를) 맡을 요리사를 모집합니다.

이번 포지션은 식재료손질, 조리, 플레이팅, 위생, 재고을 중심으로 운영 현장의 품질과 일정, 고객 경험을 함께 관리하는 역할입니다.

업무 기준을 준수하면서도 개선점을 주도적으로 제안할 수 있는 분을 기다립니다.

유관 부서 및 외부 파트너와 업무 기준을 공유하고, 이슈 발생 시 원인을 정리해 재발 방지 방안을 실행합니다.

초기에는 담당 업무의 프로세스와 시스템을 익히고, 이후에는 담당 영역의 지표 개선과 운영 표준화까지 주도하게 됩니다.","• 식재료손질, 조리, 플레이팅, 위생, 재고 및 일일 운영 현황 관리
• 업무 일정·실적·품질 지표 점검 및 보고
• 관련 시스템과 문서의 정확한 입력·관리
• 고객·협력사·유관 부서 문의 대응 및 이슈 조율
• 업무 절차 개선과 운영 리스크 사전 점검
• 주요 이슈 원인 분석 및 후속 조치 관리
• 정기 회의 자료 작성과 진행 현황 공유
• 현장 안전·보안·개인정보 보호 기준 준수","• 조리 경험과 위생관리 기본기 관련 기본 지식 또는 실무 경험을 보유한 분
• 필수 자격·면허: 한식조리기능사 보유자 또는 입사 전 취득 가능한 분
• 맡은 업무를 정확하게 기록하고 마감까지 책임질 수 있는 분
• 문서작성, 이메일, 스프레드시트 등 기본 업무도구 활용이 가능한 분
• 고객 및 유관 부서와 원활하게 소통하고 요청사항을 정리할 수 있는 분
• 예상하지 못한 상황에서도 우선순위를 판단해 대응할 수 있는 분
• 업무상 취급하는 자료와 고객 정보를 안전하게 관리할 수 있는 분
• 직무 관련 교육을 꾸준히 이수하며 전문성을 높일 분","• 요리사 또는 유사 직무 경력 보유자
• 직무 관련 자격·면허 보유자: 한식조리기능사
• 직무 관련 자격·면허 보유자: 양식조리기능사
• ERP, WMS, CRM, POS 등 직무 관련 시스템 사용 경험자
• 수치와 데이터를 활용한 실적 분석 경험자
• 다양한 이해관계자와 협업해 문제를 해결한 경험자
• 외국어 또는 관련 법규·안전 기준을 활용할 수 있는 분","• 지원서 및 제출서류의 허위기재 또는 허위 제출
• 채용 과정에서 본인 확인이 불가능한 경우
• 채용검진 결과 업무 수행에 부적합하다고 판단되는 경우
• 해외여행 및 근무에 결격사유가 있는 경우
• 기타 회사 또는 기관의 인사규정상 채용이 불가능한 경우",서류전형 > 인성검사 > 실무면접 > 최종면접
934,요리사 경력 채용,41,94,20261117,20261226,14,경력 3년 이상,계약직,경기도,학사 이상,"전문 협회에서 메뉴 기준에 맞는 조리와 주방 운영을 수행하는 포지션을(를) 맡을 요리사를 모집합니다.

이번 포지션은 식재료손질, 조리, 플레이팅, 위생, 재고을 중심으로 운영 현장의 품질과 일정, 고객 경험을 함께 관리하는 역할입니다.

고객과 동료에게 신뢰를 주는 태도로 맡은 업무를 끝까지 책임지는 포지션입니다.

유관 부서 및 외부 파트너와 업무 기준을 공유하고, 이슈 발생 시 원인을 정리해 재발 방지 방안을 실행합니다.

초기에는 담당 업무의 프로세스와 시스템을 익히고, 이후에는 담당 영역의 지표 개선과 운영 표준화까지 주도하게 됩니다.","• 식재료손질, 조리, 플레이팅, 위생, 재고 및 일일 운영 현황 관리
• 업무 일정·실적·품질 지표 점검 및 보고
• 관련 시스템과 문서의 정확한 입력·관리
• 고객·협력사·유관 부서 문의 대응 및 이슈 조율
• 업무 절차 개선과 운영 리스크 사전 점검
• 주요 이슈 원인 분석 및 후속 조치 관리
• 정기 회의 자료 작성과 진행 현황 공유
• 업무 매뉴얼 정비와 신규 구성원 온보딩 지원","• 조리 경험과 위생관리 기본기 관련 기본 지식 또는 실무 경험을 보유한 분
• 필수 자격·면허: 한식조리기능사 보유자 또는 입사 전 취득 가능한 분
• 맡은 업무를 정확하게 기록하고 마감까지 책임질 수 있는 분
• 문서작성, 이메일, 스프레드시트 등 기본 업무도구 활용이 가능한 분
• 고객 및 유관 부서와 원활하게 소통하고 요청사항을 정리할 수 있는 분
• 예상하지 못한 상황에서도 우선순위를 판단해 대응할 수 있는 분
• 업무상 취급하는 자료와 고객 정보를 안전하게 관리할 수 있는 분
• 직무 관련 교육을 꾸준히 이수하며 전문성을 높일 분","• 요리사 또는 유사 직무 경력 보유자
• 직무 관련 자격·면허 보유자: 한식조리기능사
• 직무 관련 자격·면허 보유자: 양식조리기능사
• ERP, WMS, CRM, POS 등 직무 관련 시스템 사용 경험자
• 수치와 데이터를 활용한 실적 분석 경험자
• 다양한 이해관계자와 협업해 문제를 해결한 경험자
• 신규 프로세스 구축이나 업무 자동화 경험자","• 지원서 및 제출서류의 허위기재 또는 허위 제출
• 채용 과정에서 본인 확인이 불가능한 경우
• 채용검진 결과 업무 수행에 부적합하다고 판단되는 경우
• 해외여행 및 근무에 결격사유가 있는 경우
• 기타 회사 또는 기관의 인사규정상 채용이 불가능한 경우",서류전형 > 직무과제 > 실무면접 > 최종합격
935,요리사 현장 책임자,43,94,20261204,20261214,5,경력 5년 이상,무기계약직,충청남도,석사 이상,"공공서비스 운영기관에서 메뉴 기준에 맞는 조리와 주방 운영을 수행하는 포지션을(를) 맡을 요리사를 모집합니다.

이번 포지션은 식재료손질, 조리, 플레이팅, 위생, 재고을 중심으로 운영 현장의 품질과 일정, 고객 경험을 함께 관리하는 역할입니다.

데이터와 현장 감각을 함께 활용해 반복 업무를 효율화하는 역할입니다.

유관 부서 및 외부 파트너와 업무 기준을 공유하고, 이슈 발생 시 원인을 정리해 재발 방지 방안을 실행합니다.

초기에는 담당 업무의 프로세스와 시스템을 익히고, 이후에는 담당 영역의 지표 개선과 운영 표준화까지 주도하게 됩니다.","• 식재료손질, 조리, 플레이팅, 위생, 재고 및 일일 운영 현황 관리
• 업무 일정·실적·품질 지표 점검 및 보고
• 관련 시스템과 문서의 정확한 입력·관리
• 고객·협력사·유관 부서 문의 대응 및 이슈 조율
• 업무 절차 개선과 운영 리스크 사전 점검
• 주요 이슈 원인 분석 및 후속 조치 관리
• 정기 회의 자료 작성과 진행 현황 공유
• 현장 안전·보안·개인정보 보호 기준 준수","• 조리 경험과 위생관리 기본기 관련 기본 지식 또는 실무 경험을 보유한 분
• 필수 자격·면허: 한식조리기능사 보유자 또는 입사 전 취득 가능한 분
• 맡은 업무를 정확하게 기록하고 마감까지 책임질 수 있는 분
• 문서작성, 이메일, 스프레드시트 등 기본 업무도구 활용이 가능한 분
• 고객 및 유관 부서와 원활하게 소통하고 요청사항을 정리할 수 있는 분
• 예상하지 못한 상황에서도 우선순위를 판단해 대응할 수 있는 분
• 업무상 취급하는 자료와 고객 정보를 안전하게 관리할 수 있는 분
• 교대·주말·현장 근무가 포함될 수 있는 일정에 대응 가능한 분","• 요리사 또는 유사 직무 경력 보유자
• 직무 관련 자격·면허 보유자: 한식조리기능사
• 직무 관련 자격·면허 보유자: 양식조리기능사
• ERP, WMS, CRM, POS 등 직무 관련 시스템 사용 경험자
• 수치와 데이터를 활용한 실적 분석 경험자
• 다양한 이해관계자와 협업해 문제를 해결한 경험자
• 외국어 또는 관련 법규·안전 기준을 활용할 수 있는 분","• 지원서 및 제출서류의 허위기재 또는 허위 제출
• 채용 과정에서 본인 확인이 불가능한 경우
• 채용검진 결과 업무 수행에 부적합하다고 판단되는 경우
• 해외여행 및 근무에 결격사유가 있는 경우
• 기타 회사 또는 기관의 인사규정상 채용이 불가능한 경우",서류전형 > 1차면접 > 2차면접 > 채용검진
936,요리사 서비스 담당,69,94,20260110,20260127,16,경력 무관,기간제,경상북도,박사 이상,"대기업 사업부에서 메뉴 기준에 맞는 조리와 주방 운영을 수행하는 포지션을(를) 맡을 요리사를 모집합니다.

이번 포지션은 식재료손질, 조리, 플레이팅, 위생, 재고을 중심으로 운영 현장의 품질과 일정, 고객 경험을 함께 관리하는 역할입니다.

정해진 절차를 지키되 상황에 맞게 유연하게 대응하는 실무자를 모집합니다.

유관 부서 및 외부 파트너와 업무 기준을 공유하고, 이슈 발생 시 원인을 정리해 재발 방지 방안을 실행합니다.

초기에는 담당 업무의 프로세스와 시스템을 익히고, 이후에는 담당 영역의 지표 개선과 운영 표준화까지 주도하게 됩니다.","• 식재료손질, 조리, 플레이팅, 위생, 재고 및 일일 운영 현황 관리
• 업무 일정·실적·품질 지표 점검 및 보고
• 관련 시스템과 문서의 정확한 입력·관리
• 고객·협력사·유관 부서 문의 대응 및 이슈 조율
• 업무 절차 개선과 운영 리스크 사전 점검
• 주요 이슈 원인 분석 및 후속 조치 관리
• 정기 회의 자료 작성과 진행 현황 공유
• 업무 매뉴얼 정비와 신규 구성원 온보딩 지원","• 조리 경험과 위생관리 기본기 관련 기본 지식 또는 실무 경험을 보유한 분
• 필수 자격·면허: 한식조리기능사 보유자 또는 입사 전 취득 가능한 분
• 맡은 업무를 정확하게 기록하고 마감까지 책임질 수 있는 분
• 문서작성, 이메일, 스프레드시트 등 기본 업무도구 활용이 가능한 분
• 고객 및 유관 부서와 원활하게 소통하고 요청사항을 정리할 수 있는 분
• 예상하지 못한 상황에서도 우선순위를 판단해 대응할 수 있는 분
• 업무상 취급하는 자료와 고객 정보를 안전하게 관리할 수 있는 분
• 직무 관련 교육을 꾸준히 이수하며 전문성을 높일 분","• 요리사 또는 유사 직무 경력 보유자
• 직무 관련 자격·면허 보유자: 한식조리기능사
• 직무 관련 자격·면허 보유자: 양식조리기능사
• ERP, WMS, CRM, POS 등 직무 관련 시스템 사용 경험자
• 수치와 데이터를 활용한 실적 분석 경험자
• 다양한 이해관계자와 협업해 문제를 해결한 경험자
• 신규 프로세스 구축이나 업무 자동화 경험자","• 지원서 및 제출서류의 허위기재 또는 허위 제출
• 채용 과정에서 본인 확인이 불가능한 경우
• 채용검진 결과 업무 수행에 부적합하다고 판단되는 경우
• 해외여행 및 근무에 결격사유가 있는 경우
• 기타 회사 또는 기관의 인사규정상 채용이 불가능한 경우",서류전형 > 필기전형 > 면접전형 > 최종합격
937,요리사 담당자,41,94,20260127,20260220,7,신입,정규직,서울특별시,학력무관,"중견 제조기업에서 메뉴 기준에 맞는 조리와 주방 운영을 수행하는 포지션을(를) 맡을 요리사를 모집합니다.

이번 포지션은 식재료손질, 조리, 플레이팅, 위생, 재고을 중심으로 운영 현장의 품질과 일정, 고객 경험을 함께 관리하는 역할입니다.

부서 간 원활한 소통으로 일정과 품질을 안정적으로 관리하는 직무입니다.

유관 부서 및 외부 파트너와 업무 기준을 공유하고, 이슈 발생 시 원인을 정리해 재발 방지 방안을 실행합니다.

초기에는 담당 업무의 프로세스와 시스템을 익히고, 이후에는 담당 영역의 지표 개선과 운영 표준화까지 주도하게 됩니다.","• 식재료손질, 조리, 플레이팅, 위생, 재고 및 일일 운영 현황 관리
• 업무 일정·실적·품질 지표 점검 및 보고
• 관련 시스템과 문서의 정확한 입력·관리
• 고객·협력사·유관 부서 문의 대응 및 이슈 조율
• 업무 절차 개선과 운영 리스크 사전 점검
• 주요 이슈 원인 분석 및 후속 조치 관리
• 정기 회의 자료 작성과 진행 현황 공유
• 현장 안전·보안·개인정보 보호 기준 준수","• 조리 경험과 위생관리 기본기 관련 기본 지식 또는 실무 경험을 보유한 분
• 필수 자격·면허: 한식조리기능사 보유자 또는 입사 전 취득 가능한 분
• 맡은 업무를 정확하게 기록하고 마감까지 책임질 수 있는 분
• 문서작성, 이메일, 스프레드시트 등 기본 업무도구 활용이 가능한 분
• 고객 및 유관 부서와 원활하게 소통하고 요청사항을 정리할 수 있는 분
• 예상하지 못한 상황에서도 우선순위를 판단해 대응할 수 있는 분
• 업무상 취급하는 자료와 고객 정보를 안전하게 관리할 수 있는 분
• 직무 관련 교육을 꾸준히 이수하며 전문성을 높일 분","• 요리사 또는 유사 직무 경력 보유자
• 직무 관련 자격·면허 보유자: 한식조리기능사
• 직무 관련 자격·면허 보유자: 양식조리기능사
• ERP, WMS, CRM, POS 등 직무 관련 시스템 사용 경험자
• 수치와 데이터를 활용한 실적 분석 경험자
• 다양한 이해관계자와 협업해 문제를 해결한 경험자
• 외국어 또는 관련 법규·안전 기준을 활용할 수 있는 분","• 지원서 및 제출서류의 허위기재 또는 허위 제출
• 채용 과정에서 본인 확인이 불가능한 경우
• 채용검진 결과 업무 수행에 부적합하다고 판단되는 경우
• 해외여행 및 근무에 결격사유가 있는 경우
• 기타 회사 또는 기관의 인사규정상 채용이 불가능한 경우",서류전형 > 실무면접 > 최종면접
938,요리사 실무자,105,94,20260213,20260316,18,경력,계약직,대전광역시,전문학사 이상,"전문 중소기업에서 메뉴 기준에 맞는 조리와 주방 운영을 수행하는 포지션을(를) 맡을 요리사를 모집합니다.

이번 포지션은 식재료손질, 조리, 플레이팅, 위생, 재고을 중심으로 운영 현장의 품질과 일정, 고객 경험을 함께 관리하는 역할입니다.

서비스 품질과 안전을 우선하며 꾸준히 전문성을 쌓을 수 있는 포지션입니다.

유관 부서 및 외부 파트너와 업무 기준을 공유하고, 이슈 발생 시 원인을 정리해 재발 방지 방안을 실행합니다.

초기에는 담당 업무의 프로세스와 시스템을 익히고, 이후에는 담당 영역의 지표 개선과 운영 표준화까지 주도하게 됩니다.","• 식재료손질, 조리, 플레이팅, 위생, 재고 및 일일 운영 현황 관리
• 업무 일정·실적·품질 지표 점검 및 보고
• 관련 시스템과 문서의 정확한 입력·관리
• 고객·협력사·유관 부서 문의 대응 및 이슈 조율
• 업무 절차 개선과 운영 리스크 사전 점검
• 주요 이슈 원인 분석 및 후속 조치 관리
• 정기 회의 자료 작성과 진행 현황 공유
• 업무 매뉴얼 정비와 신규 구성원 온보딩 지원","• 조리 경험과 위생관리 기본기 관련 기본 지식 또는 실무 경험을 보유한 분
• 필수 자격·면허: 한식조리기능사 보유자 또는 입사 전 취득 가능한 분
• 맡은 업무를 정확하게 기록하고 마감까지 책임질 수 있는 분
• 문서작성, 이메일, 스프레드시트 등 기본 업무도구 활용이 가능한 분
• 고객 및 유관 부서와 원활하게 소통하고 요청사항을 정리할 수 있는 분
• 예상하지 못한 상황에서도 우선순위를 판단해 대응할 수 있는 분
• 업무상 취급하는 자료와 고객 정보를 안전하게 관리할 수 있는 분
• 교대·주말·현장 근무가 포함될 수 있는 일정에 대응 가능한 분","• 요리사 또는 유사 직무 경력 보유자
• 직무 관련 자격·면허 보유자: 한식조리기능사
• 직무 관련 자격·면허 보유자: 양식조리기능사
• ERP, WMS, CRM, POS 등 직무 관련 시스템 사용 경험자
• 수치와 데이터를 활용한 실적 분석 경험자
• 다양한 이해관계자와 협업해 문제를 해결한 경험자
• 신규 프로세스 구축이나 업무 자동화 경험자","• 지원서 및 제출서류의 허위기재 또는 허위 제출
• 채용 과정에서 본인 확인이 불가능한 경우
• 채용검진 결과 업무 수행에 부적합하다고 판단되는 경우
• 해외여행 및 근무에 결격사유가 있는 경우
• 기타 회사 또는 기관의 인사규정상 채용이 불가능한 경우",서류전형 > 인성검사 > 실무면접 > 최종면접
939,요리사 운영 매니저,58,94,20260302,20260409,9,신입·경력,무기계약직,세종특별자치시,학사 이상,"성장 단계 스타트업에서 메뉴 기준에 맞는 조리와 주방 운영을 수행하는 포지션을(를) 맡을 요리사를 모집합니다.

이번 포지션은 식재료손질, 조리, 플레이팅, 위생, 재고을 중심으로 운영 현장의 품질과 일정, 고객 경험을 함께 관리하는 역할입니다.

기본기를 바탕으로 새로운 업무를 빠르게 익히고 실행할 분을 모십니다.

유관 부서 및 외부 파트너와 업무 기준을 공유하고, 이슈 발생 시 원인을 정리해 재발 방지 방안을 실행합니다.

초기에는 담당 업무의 프로세스와 시스템을 익히고, 이후에는 담당 영역의 지표 개선과 운영 표준화까지 주도하게 됩니다.","• 식재료손질, 조리, 플레이팅, 위생, 재고 및 일일 운영 현황 관리
• 업무 일정·실적·품질 지표 점검 및 보고
• 관련 시스템과 문서의 정확한 입력·관리
• 고객·협력사·유관 부서 문의 대응 및 이슈 조율
• 업무 절차 개선과 운영 리스크 사전 점검
• 주요 이슈 원인 분석 및 후속 조치 관리
• 정기 회의 자료 작성과 진행 현황 공유
• 현장 안전·보안·개인정보 보호 기준 준수","• 조리 경험과 위생관리 기본기 관련 기본 지식 또는 실무 경험을 보유한 분
• 필수 자격·면허: 한식조리기능사 보유자 또는 입사 전 취득 가능한 분
• 맡은 업무를 정확하게 기록하고 마감까지 책임질 수 있는 분
• 문서작성, 이메일, 스프레드시트 등 기본 업무도구 활용이 가능한 분
• 고객 및 유관 부서와 원활하게 소통하고 요청사항을 정리할 수 있는 분
• 예상하지 못한 상황에서도 우선순위를 판단해 대응할 수 있는 분
• 업무상 취급하는 자료와 고객 정보를 안전하게 관리할 수 있는 분
• 직무 관련 교육을 꾸준히 이수하며 전문성을 높일 분","• 요리사 또는 유사 직무 경력 보유자
• 직무 관련 자격·면허 보유자: 한식조리기능사
• 직무 관련 자격·면허 보유자: 양식조리기능사
• ERP, WMS, CRM, POS 등 직무 관련 시스템 사용 경험자
• 수치와 데이터를 활용한 실적 분석 경험자
• 다양한 이해관계자와 협업해 문제를 해결한 경험자
• 외국어 또는 관련 법규·안전 기준을 활용할 수 있는 분","• 지원서 및 제출서류의 허위기재 또는 허위 제출
• 채용 과정에서 본인 확인이 불가능한 경우
• 채용검진 결과 업무 수행에 부적합하다고 판단되는 경우
• 해외여행 및 근무에 결격사유가 있는 경우
• 기타 회사 또는 기관의 인사규정상 채용이 불가능한 경우",서류전형 > 직무과제 > 실무면접 > 최종합격
940,요리사 전문 인력,10,94,20260319,20260503,20,경력 2년 이상,기간제,충청북도,석사 이상,"종합병원 운영조직에서 메뉴 기준에 맞는 조리와 주방 운영을 수행하는 포지션을(를) 맡을 요리사를 모집합니다.

이번 포지션은 식재료손질, 조리, 플레이팅, 위생, 재고을 중심으로 운영 현장의 품질과 일정, 고객 경험을 함께 관리하는 역할입니다.

성과와 고객 만족을 함께 고려하며 실질적인 변화를 만드는 역할입니다.

유관 부서 및 외부 파트너와 업무 기준을 공유하고, 이슈 발생 시 원인을 정리해 재발 방지 방안을 실행합니다.

초기에는 담당 업무의 프로세스와 시스템을 익히고, 이후에는 담당 영역의 지표 개선과 운영 표준화까지 주도하게 됩니다.","• 식재료손질, 조리, 플레이팅, 위생, 재고 및 일일 운영 현황 관리
• 업무 일정·실적·품질 지표 점검 및 보고
• 관련 시스템과 문서의 정확한 입력·관리
• 고객·협력사·유관 부서 문의 대응 및 이슈 조율
• 업무 절차 개선과 운영 리스크 사전 점검
• 주요 이슈 원인 분석 및 후속 조치 관리
• 정기 회의 자료 작성과 진행 현황 공유
• 업무 매뉴얼 정비와 신규 구성원 온보딩 지원","• 조리 경험과 위생관리 기본기 관련 기본 지식 또는 실무 경험을 보유한 분
• 필수 자격·면허: 한식조리기능사 보유자 또는 입사 전 취득 가능한 분
• 맡은 업무를 정확하게 기록하고 마감까지 책임질 수 있는 분
• 문서작성, 이메일, 스프레드시트 등 기본 업무도구 활용이 가능한 분
• 고객 및 유관 부서와 원활하게 소통하고 요청사항을 정리할 수 있는 분
• 예상하지 못한 상황에서도 우선순위를 판단해 대응할 수 있는 분
• 업무상 취급하는 자료와 고객 정보를 안전하게 관리할 수 있는 분
• 직무 관련 교육을 꾸준히 이수하며 전문성을 높일 분","• 요리사 또는 유사 직무 경력 보유자
• 직무 관련 자격·면허 보유자: 한식조리기능사
• 직무 관련 자격·면허 보유자: 양식조리기능사
• ERP, WMS, CRM, POS 등 직무 관련 시스템 사용 경험자
• 수치와 데이터를 활용한 실적 분석 경험자
• 다양한 이해관계자와 협업해 문제를 해결한 경험자
• 신규 프로세스 구축이나 업무 자동화 경험자","• 지원서 및 제출서류의 허위기재 또는 허위 제출
• 채용 과정에서 본인 확인이 불가능한 경우
• 채용검진 결과 업무 수행에 부적합하다고 판단되는 경우
• 해외여행 및 근무에 결격사유가 있는 경우
• 기타 회사 또는 기관의 인사규정상 채용이 불가능한 경우",서류전형 > 1차면접 > 2차면접 > 채용검진
941,조리사 현장 책임자,108,95,20260405,20260421,11,경력 5년 이상,정규직,경상북도,학력무관,"대학 산학협력단에서 정해진 식단과 레시피에 따라 안정적인 조리를 담당하는 포지션을(를) 맡을 조리사를 모집합니다.

이번 포지션은 전처리, 조리, 배식, 세척, 식재료관리을 중심으로 운영 현장의 품질과 일정, 고객 경험을 함께 관리하는 역할입니다.

정확한 실행력과 협업을 바탕으로 안정적인 운영을 함께 만들어 갈 분을 찾습니다.

유관 부서 및 외부 파트너와 업무 기준을 공유하고, 이슈 발생 시 원인을 정리해 재발 방지 방안을 실행합니다.

초기에는 담당 업무의 프로세스와 시스템을 익히고, 이후에는 담당 영역의 지표 개선과 운영 표준화까지 주도하게 됩니다.","• 전처리, 조리, 배식, 세척, 식재료관리 및 일일 운영 현황 관리
• 업무 일정·실적·품질 지표 점검 및 보고
• 관련 시스템과 문서의 정확한 입력·관리
• 고객·협력사·유관 부서 문의 대응 및 이슈 조율
• 업무 절차 개선과 운영 리스크 사전 점검
• 주요 이슈 원인 분석 및 후속 조치 관리
• 정기 회의 자료 작성과 진행 현황 공유
• 현장 안전·보안·개인정보 보호 기준 준수","• 단체급식 또는 조리 실무 경험 관련 기본 지식 또는 실무 경험을 보유한 분
• 필수 자격·면허: 한식조리기능사 보유자 또는 입사 전 취득 가능한 분
• 맡은 업무를 정확하게 기록하고 마감까지 책임질 수 있는 분
• 문서작성, 이메일, 스프레드시트 등 기본 업무도구 활용이 가능한 분
• 고객 및 유관 부서와 원활하게 소통하고 요청사항을 정리할 수 있는 분
• 예상하지 못한 상황에서도 우선순위를 판단해 대응할 수 있는 분
• 업무상 취급하는 자료와 고객 정보를 안전하게 관리할 수 있는 분
• 교대·주말·현장 근무가 포함될 수 있는 일정에 대응 가능한 분","• 조리사 또는 유사 직무 경력 보유자
• 직무 관련 자격·면허 보유자: 한식조리기능사
• 직무 관련 자격·면허 보유자: 영양사 면허
• ERP, WMS, CRM, POS 등 직무 관련 시스템 사용 경험자
• 수치와 데이터를 활용한 실적 분석 경험자
• 다양한 이해관계자와 협업해 문제를 해결한 경험자
• 외국어 또는 관련 법규·안전 기준을 활용할 수 있는 분","• 지원서 및 제출서류의 허위기재 또는 허위 제출
• 채용 과정에서 본인 확인이 불가능한 경우
• 채용검진 결과 업무 수행에 부적합하다고 판단되는 경우
• 해외여행 및 근무에 결격사유가 있는 경우
• 기타 회사 또는 기관의 인사규정상 채용이 불가능한 경우",서류전형 > 실무면접 > 최종면접
942,조리사 서비스 담당,74,95,20260422,20260515,2,경력 무관,계약직,서울특별시,전문학사 이상,"기업 부설 연구소에서 정해진 식단과 레시피에 따라 안정적인 조리를 담당하는 포지션을(를) 맡을 조리사를 모집합니다.

이번 포지션은 전처리, 조리, 배식, 세척, 식재료관리을 중심으로 운영 현장의 품질과 일정, 고객 경험을 함께 관리하는 역할입니다.

현장과 유관 부서의 요구를 연결하며 업무 품질을 높이는 역할입니다.

유관 부서 및 외부 파트너와 업무 기준을 공유하고, 이슈 발생 시 원인을 정리해 재발 방지 방안을 실행합니다.

초기에는 담당 업무의 프로세스와 시스템을 익히고, 이후에는 담당 영역의 지표 개선과 운영 표준화까지 주도하게 됩니다.","• 전처리, 조리, 배식, 세척, 식재료관리 및 일일 운영 현황 관리
• 업무 일정·실적·품질 지표 점검 및 보고
• 관련 시스템과 문서의 정확한 입력·관리
• 고객·협력사·유관 부서 문의 대응 및 이슈 조율
• 업무 절차 개선과 운영 리스크 사전 점검
• 주요 이슈 원인 분석 및 후속 조치 관리
• 정기 회의 자료 작성과 진행 현황 공유
• 업무 매뉴얼 정비와 신규 구성원 온보딩 지원","• 단체급식 또는 조리 실무 경험 관련 기본 지식 또는 실무 경험을 보유한 분
• 필수 자격·면허: 한식조리기능사 보유자 또는 입사 전 취득 가능한 분
• 맡은 업무를 정확하게 기록하고 마감까지 책임질 수 있는 분
• 문서작성, 이메일, 스프레드시트 등 기본 업무도구 활용이 가능한 분
• 고객 및 유관 부서와 원활하게 소통하고 요청사항을 정리할 수 있는 분
• 예상하지 못한 상황에서도 우선순위를 판단해 대응할 수 있는 분
• 업무상 취급하는 자료와 고객 정보를 안전하게 관리할 수 있는 분
• 직무 관련 교육을 꾸준히 이수하며 전문성을 높일 분","• 조리사 또는 유사 직무 경력 보유자
• 직무 관련 자격·면허 보유자: 한식조리기능사
• 직무 관련 자격·면허 보유자: 영양사 면허
• ERP, WMS, CRM, POS 등 직무 관련 시스템 사용 경험자
• 수치와 데이터를 활용한 실적 분석 경험자
• 다양한 이해관계자와 협업해 문제를 해결한 경험자
• 신규 프로세스 구축이나 업무 자동화 경험자","• 지원서 및 제출서류의 허위기재 또는 허위 제출
• 채용 과정에서 본인 확인이 불가능한 경우
• 채용검진 결과 업무 수행에 부적합하다고 판단되는 경우
• 해외여행 및 근무에 결격사유가 있는 경우
• 기타 회사 또는 기관의 인사규정상 채용이 불가능한 경우",서류전형 > 인성검사 > 실무면접 > 최종면접
943,조리사 담당자,139,95,20260509,20260608,13,신입,무기계약직,대전광역시,학사 이상,"전문 협회에서 정해진 식단과 레시피에 따라 안정적인 조리를 담당하는 포지션을(를) 맡을 조리사를 모집합니다.

이번 포지션은 전처리, 조리, 배식, 세척, 식재료관리을 중심으로 운영 현장의 품질과 일정, 고객 경험을 함께 관리하는 역할입니다.

업무 기준을 준수하면서도 개선점을 주도적으로 제안할 수 있는 분을 기다립니다.

유관 부서 및 외부 파트너와 업무 기준을 공유하고, 이슈 발생 시 원인을 정리해 재발 방지 방안을 실행합니다.

초기에는 담당 업무의 프로세스와 시스템을 익히고, 이후에는 담당 영역의 지표 개선과 운영 표준화까지 주도하게 됩니다.","• 전처리, 조리, 배식, 세척, 식재료관리 및 일일 운영 현황 관리
• 업무 일정·실적·품질 지표 점검 및 보고
• 관련 시스템과 문서의 정확한 입력·관리
• 고객·협력사·유관 부서 문의 대응 및 이슈 조율
• 업무 절차 개선과 운영 리스크 사전 점검
• 주요 이슈 원인 분석 및 후속 조치 관리
• 정기 회의 자료 작성과 진행 현황 공유
• 현장 안전·보안·개인정보 보호 기준 준수","• 단체급식 또는 조리 실무 경험 관련 기본 지식 또는 실무 경험을 보유한 분
• 필수 자격·면허: 한식조리기능사 보유자 또는 입사 전 취득 가능한 분
• 맡은 업무를 정확하게 기록하고 마감까지 책임질 수 있는 분
• 문서작성, 이메일, 스프레드시트 등 기본 업무도구 활용이 가능한 분
• 고객 및 유관 부서와 원활하게 소통하고 요청사항을 정리할 수 있는 분
• 예상하지 못한 상황에서도 우선순위를 판단해 대응할 수 있는 분
• 업무상 취급하는 자료와 고객 정보를 안전하게 관리할 수 있는 분
• 직무 관련 교육을 꾸준히 이수하며 전문성을 높일 분","• 조리사 또는 유사 직무 경력 보유자
• 직무 관련 자격·면허 보유자: 한식조리기능사
• 직무 관련 자격·면허 보유자: 영양사 면허
• ERP, WMS, CRM, POS 등 직무 관련 시스템 사용 경험자
• 수치와 데이터를 활용한 실적 분석 경험자
• 다양한 이해관계자와 협업해 문제를 해결한 경험자
• 외국어 또는 관련 법규·안전 기준을 활용할 수 있는 분","• 지원서 및 제출서류의 허위기재 또는 허위 제출
• 채용 과정에서 본인 확인이 불가능한 경우
• 채용검진 결과 업무 수행에 부적합하다고 판단되는 경우
• 해외여행 및 근무에 결격사유가 있는 경우
• 기타 회사 또는 기관의 인사규정상 채용이 불가능한 경우",서류전형 > 직무과제 > 실무면접 > 최종합격
944,조리사 실무자,37,95,20260526,20260702,4,경력,기간제,세종특별자치시,석사 이상,"공공서비스 운영기관에서 정해진 식단과 레시피에 따라 안정적인 조리를 담당하는 포지션을(를) 맡을 조리사를 모집합니다.

이번 포지션은 전처리, 조리, 배식, 세척, 식재료관리을 중심으로 운영 현장의 품질과 일정, 고객 경험을 함께 관리하는 역할입니다.

고객과 동료에게 신뢰를 주는 태도로 맡은 업무를 끝까지 책임지는 포지션입니다.

유관 부서 및 외부 파트너와 업무 기준을 공유하고, 이슈 발생 시 원인을 정리해 재발 방지 방안을 실행합니다.

초기에는 담당 업무의 프로세스와 시스템을 익히고, 이후에는 담당 영역의 지표 개선과 운영 표준화까지 주도하게 됩니다.","• 전처리, 조리, 배식, 세척, 식재료관리 및 일일 운영 현황 관리
• 업무 일정·실적·품질 지표 점검 및 보고
• 관련 시스템과 문서의 정확한 입력·관리
• 고객·협력사·유관 부서 문의 대응 및 이슈 조율
• 업무 절차 개선과 운영 리스크 사전 점검
• 주요 이슈 원인 분석 및 후속 조치 관리
• 정기 회의 자료 작성과 진행 현황 공유
• 업무 매뉴얼 정비와 신규 구성원 온보딩 지원","• 단체급식 또는 조리 실무 경험 관련 기본 지식 또는 실무 경험을 보유한 분
• 필수 자격·면허: 한식조리기능사 보유자 또는 입사 전 취득 가능한 분
• 맡은 업무를 정확하게 기록하고 마감까지 책임질 수 있는 분
• 문서작성, 이메일, 스프레드시트 등 기본 업무도구 활용이 가능한 분
• 고객 및 유관 부서와 원활하게 소통하고 요청사항을 정리할 수 있는 분
• 예상하지 못한 상황에서도 우선순위를 판단해 대응할 수 있는 분
• 업무상 취급하는 자료와 고객 정보를 안전하게 관리할 수 있는 분
• 교대·주말·현장 근무가 포함될 수 있는 일정에 대응 가능한 분","• 조리사 또는 유사 직무 경력 보유자
• 직무 관련 자격·면허 보유자: 한식조리기능사
• 직무 관련 자격·면허 보유자: 영양사 면허
• ERP, WMS, CRM, POS 등 직무 관련 시스템 사용 경험자
• 수치와 데이터를 활용한 실적 분석 경험자
• 다양한 이해관계자와 협업해 문제를 해결한 경험자
• 신규 프로세스 구축이나 업무 자동화 경험자","• 지원서 및 제출서류의 허위기재 또는 허위 제출
• 채용 과정에서 본인 확인이 불가능한 경우
• 채용검진 결과 업무 수행에 부적합하다고 판단되는 경우
• 해외여행 및 근무에 결격사유가 있는 경우
• 기타 회사 또는 기관의 인사규정상 채용이 불가능한 경우",서류전형 > 1차면접 > 2차면접 > 채용검진
945,조리사 운영 매니저,3,95,20260612,20260726,15,신입·경력,정규직,충청북도,박사 이상,"대기업 사업부에서 정해진 식단과 레시피에 따라 안정적인 조리를 담당하는 포지션을(를) 맡을 조리사를 모집합니다.

이번 포지션은 전처리, 조리, 배식, 세척, 식재료관리을 중심으로 운영 현장의 품질과 일정, 고객 경험을 함께 관리하는 역할입니다.

데이터와 현장 감각을 함께 활용해 반복 업무를 효율화하는 역할입니다.

유관 부서 및 외부 파트너와 업무 기준을 공유하고, 이슈 발생 시 원인을 정리해 재발 방지 방안을 실행합니다.

초기에는 담당 업무의 프로세스와 시스템을 익히고, 이후에는 담당 영역의 지표 개선과 운영 표준화까지 주도하게 됩니다.","• 전처리, 조리, 배식, 세척, 식재료관리 및 일일 운영 현황 관리
• 업무 일정·실적·품질 지표 점검 및 보고
• 관련 시스템과 문서의 정확한 입력·관리
• 고객·협력사·유관 부서 문의 대응 및 이슈 조율
• 업무 절차 개선과 운영 리스크 사전 점검
• 주요 이슈 원인 분석 및 후속 조치 관리
• 정기 회의 자료 작성과 진행 현황 공유
• 현장 안전·보안·개인정보 보호 기준 준수","• 단체급식 또는 조리 실무 경험 관련 기본 지식 또는 실무 경험을 보유한 분
• 필수 자격·면허: 한식조리기능사 보유자 또는 입사 전 취득 가능한 분
• 맡은 업무를 정확하게 기록하고 마감까지 책임질 수 있는 분
• 문서작성, 이메일, 스프레드시트 등 기본 업무도구 활용이 가능한 분
• 고객 및 유관 부서와 원활하게 소통하고 요청사항을 정리할 수 있는 분
• 예상하지 못한 상황에서도 우선순위를 판단해 대응할 수 있는 분
• 업무상 취급하는 자료와 고객 정보를 안전하게 관리할 수 있는 분
• 직무 관련 교육을 꾸준히 이수하며 전문성을 높일 분","• 조리사 또는 유사 직무 경력 보유자
• 직무 관련 자격·면허 보유자: 한식조리기능사
• 직무 관련 자격·면허 보유자: 영양사 면허
• ERP, WMS, CRM, POS 등 직무 관련 시스템 사용 경험자
• 수치와 데이터를 활용한 실적 분석 경험자
• 다양한 이해관계자와 협업해 문제를 해결한 경험자
• 외국어 또는 관련 법규·안전 기준을 활용할 수 있는 분","• 지원서 및 제출서류의 허위기재 또는 허위 제출
• 채용 과정에서 본인 확인이 불가능한 경우
• 채용검진 결과 업무 수행에 부적합하다고 판단되는 경우
• 해외여행 및 근무에 결격사유가 있는 경우
• 기타 회사 또는 기관의 인사규정상 채용이 불가능한 경우",서류전형 > 필기전형 > 면접전형 > 최종합격
946,조리사 전문 인력,73,95,20260629,20260714,6,경력 2년 이상,계약직,전라남도,학력무관,"중견 제조기업에서 정해진 식단과 레시피에 따라 안정적인 조리를 담당하는 포지션을(를) 맡을 조리사를 모집합니다.

이번 포지션은 전처리, 조리, 배식, 세척, 식재료관리을 중심으로 운영 현장의 품질과 일정, 고객 경험을 함께 관리하는 역할입니다.

정해진 절차를 지키되 상황에 맞게 유연하게 대응하는 실무자를 모집합니다.

유관 부서 및 외부 파트너와 업무 기준을 공유하고, 이슈 발생 시 원인을 정리해 재발 방지 방안을 실행합니다.

초기에는 담당 업무의 프로세스와 시스템을 익히고, 이후에는 담당 영역의 지표 개선과 운영 표준화까지 주도하게 됩니다.","• 전처리, 조리, 배식, 세척, 식재료관리 및 일일 운영 현황 관리
• 업무 일정·실적·품질 지표 점검 및 보고
• 관련 시스템과 문서의 정확한 입력·관리
• 고객·협력사·유관 부서 문의 대응 및 이슈 조율
• 업무 절차 개선과 운영 리스크 사전 점검
• 주요 이슈 원인 분석 및 후속 조치 관리
• 정기 회의 자료 작성과 진행 현황 공유
• 업무 매뉴얼 정비와 신규 구성원 온보딩 지원","• 단체급식 또는 조리 실무 경험 관련 기본 지식 또는 실무 경험을 보유한 분
• 필수 자격·면허: 한식조리기능사 보유자 또는 입사 전 취득 가능한 분
• 맡은 업무를 정확하게 기록하고 마감까지 책임질 수 있는 분
• 문서작성, 이메일, 스프레드시트 등 기본 업무도구 활용이 가능한 분
• 고객 및 유관 부서와 원활하게 소통하고 요청사항을 정리할 수 있는 분
• 예상하지 못한 상황에서도 우선순위를 판단해 대응할 수 있는 분
• 업무상 취급하는 자료와 고객 정보를 안전하게 관리할 수 있는 분
• 직무 관련 교육을 꾸준히 이수하며 전문성을 높일 분","• 조리사 또는 유사 직무 경력 보유자
• 직무 관련 자격·면허 보유자: 한식조리기능사
• 직무 관련 자격·면허 보유자: 영양사 면허
• ERP, WMS, CRM, POS 등 직무 관련 시스템 사용 경험자
• 수치와 데이터를 활용한 실적 분석 경험자
• 다양한 이해관계자와 협업해 문제를 해결한 경험자
• 신규 프로세스 구축이나 업무 자동화 경험자","• 지원서 및 제출서류의 허위기재 또는 허위 제출
• 채용 과정에서 본인 확인이 불가능한 경우
• 채용검진 결과 업무 수행에 부적합하다고 판단되는 경우
• 해외여행 및 근무에 결격사유가 있는 경우
• 기타 회사 또는 기관의 인사규정상 채용이 불가능한 경우",서류전형 > 실무면접 > 최종면접
947,조리사 경력 채용,147,95,20260716,20260807,17,경력 3년 이상,무기계약직,제주특별자치도,전문학사 이상,"전문 중소기업에서 정해진 식단과 레시피에 따라 안정적인 조리를 담당하는 포지션을(를) 맡을 조리사를 모집합니다.

이번 포지션은 전처리, 조리, 배식, 세척, 식재료관리을 중심으로 운영 현장의 품질과 일정, 고객 경험을 함께 관리하는 역할입니다.

부서 간 원활한 소통으로 일정과 품질을 안정적으로 관리하는 직무입니다.

유관 부서 및 외부 파트너와 업무 기준을 공유하고, 이슈 발생 시 원인을 정리해 재발 방지 방안을 실행합니다.

초기에는 담당 업무의 프로세스와 시스템을 익히고, 이후에는 담당 영역의 지표 개선과 운영 표준화까지 주도하게 됩니다.","• 전처리, 조리, 배식, 세척, 식재료관리 및 일일 운영 현황 관리
• 업무 일정·실적·품질 지표 점검 및 보고
• 관련 시스템과 문서의 정확한 입력·관리
• 고객·협력사·유관 부서 문의 대응 및 이슈 조율
• 업무 절차 개선과 운영 리스크 사전 점검
• 주요 이슈 원인 분석 및 후속 조치 관리
• 정기 회의 자료 작성과 진행 현황 공유
• 현장 안전·보안·개인정보 보호 기준 준수","• 단체급식 또는 조리 실무 경험 관련 기본 지식 또는 실무 경험을 보유한 분
• 필수 자격·면허: 한식조리기능사 보유자 또는 입사 전 취득 가능한 분
• 맡은 업무를 정확하게 기록하고 마감까지 책임질 수 있는 분
• 문서작성, 이메일, 스프레드시트 등 기본 업무도구 활용이 가능한 분
• 고객 및 유관 부서와 원활하게 소통하고 요청사항을 정리할 수 있는 분
• 예상하지 못한 상황에서도 우선순위를 판단해 대응할 수 있는 분
• 업무상 취급하는 자료와 고객 정보를 안전하게 관리할 수 있는 분
• 교대·주말·현장 근무가 포함될 수 있는 일정에 대응 가능한 분","• 조리사 또는 유사 직무 경력 보유자
• 직무 관련 자격·면허 보유자: 한식조리기능사
• 직무 관련 자격·면허 보유자: 영양사 면허
• ERP, WMS, CRM, POS 등 직무 관련 시스템 사용 경험자
• 수치와 데이터를 활용한 실적 분석 경험자
• 다양한 이해관계자와 협업해 문제를 해결한 경험자
• 외국어 또는 관련 법규·안전 기준을 활용할 수 있는 분","• 지원서 및 제출서류의 허위기재 또는 허위 제출
• 채용 과정에서 본인 확인이 불가능한 경우
• 채용검진 결과 업무 수행에 부적합하다고 판단되는 경우
• 해외여행 및 근무에 결격사유가 있는 경우
• 기타 회사 또는 기관의 인사규정상 채용이 불가능한 경우",서류전형 > 인성검사 > 실무면접 > 최종면접
948,조리사 현장 책임자,92,95,20260802,20260831,8,경력 5년 이상,기간제,인천광역시,학사 이상,"성장 단계 스타트업에서 정해진 식단과 레시피에 따라 안정적인 조리를 담당하는 포지션을(를) 맡을 조리사를 모집합니다.

이번 포지션은 전처리, 조리, 배식, 세척, 식재료관리을 중심으로 운영 현장의 품질과 일정, 고객 경험을 함께 관리하는 역할입니다.

서비스 품질과 안전을 우선하며 꾸준히 전문성을 쌓을 수 있는 포지션입니다.

유관 부서 및 외부 파트너와 업무 기준을 공유하고, 이슈 발생 시 원인을 정리해 재발 방지 방안을 실행합니다.

초기에는 담당 업무의 프로세스와 시스템을 익히고, 이후에는 담당 영역의 지표 개선과 운영 표준화까지 주도하게 됩니다.","• 전처리, 조리, 배식, 세척, 식재료관리 및 일일 운영 현황 관리
• 업무 일정·실적·품질 지표 점검 및 보고
• 관련 시스템과 문서의 정확한 입력·관리
• 고객·협력사·유관 부서 문의 대응 및 이슈 조율
• 업무 절차 개선과 운영 리스크 사전 점검
• 주요 이슈 원인 분석 및 후속 조치 관리
• 정기 회의 자료 작성과 진행 현황 공유
• 업무 매뉴얼 정비와 신규 구성원 온보딩 지원","• 단체급식 또는 조리 실무 경험 관련 기본 지식 또는 실무 경험을 보유한 분
• 필수 자격·면허: 한식조리기능사 보유자 또는 입사 전 취득 가능한 분
• 맡은 업무를 정확하게 기록하고 마감까지 책임질 수 있는 분
• 문서작성, 이메일, 스프레드시트 등 기본 업무도구 활용이 가능한 분
• 고객 및 유관 부서와 원활하게 소통하고 요청사항을 정리할 수 있는 분
• 예상하지 못한 상황에서도 우선순위를 판단해 대응할 수 있는 분
• 업무상 취급하는 자료와 고객 정보를 안전하게 관리할 수 있는 분
• 직무 관련 교육을 꾸준히 이수하며 전문성을 높일 분","• 조리사 또는 유사 직무 경력 보유자
• 직무 관련 자격·면허 보유자: 한식조리기능사
• 직무 관련 자격·면허 보유자: 영양사 면허
• ERP, WMS, CRM, POS 등 직무 관련 시스템 사용 경험자
• 수치와 데이터를 활용한 실적 분석 경험자
• 다양한 이해관계자와 협업해 문제를 해결한 경험자
• 신규 프로세스 구축이나 업무 자동화 경험자","• 지원서 및 제출서류의 허위기재 또는 허위 제출
• 채용 과정에서 본인 확인이 불가능한 경우
• 채용검진 결과 업무 수행에 부적합하다고 판단되는 경우
• 해외여행 및 근무에 결격사유가 있는 경우
• 기타 회사 또는 기관의 인사규정상 채용이 불가능한 경우",서류전형 > 직무과제 > 실무면접 > 최종합격
949,조리사 서비스 담당,156,95,20260819,20260924,19,경력 무관,정규직,울산광역시,석사 이상,"종합병원 운영조직에서 정해진 식단과 레시피에 따라 안정적인 조리를 담당하는 포지션을(를) 맡을 조리사를 모집합니다.

이번 포지션은 전처리, 조리, 배식, 세척, 식재료관리을 중심으로 운영 현장의 품질과 일정, 고객 경험을 함께 관리하는 역할입니다.

기본기를 바탕으로 새로운 업무를 빠르게 익히고 실행할 분을 모십니다.

유관 부서 및 외부 파트너와 업무 기준을 공유하고, 이슈 발생 시 원인을 정리해 재발 방지 방안을 실행합니다.

초기에는 담당 업무의 프로세스와 시스템을 익히고, 이후에는 담당 영역의 지표 개선과 운영 표준화까지 주도하게 됩니다.","• 전처리, 조리, 배식, 세척, 식재료관리 및 일일 운영 현황 관리
• 업무 일정·실적·품질 지표 점검 및 보고
• 관련 시스템과 문서의 정확한 입력·관리
• 고객·협력사·유관 부서 문의 대응 및 이슈 조율
• 업무 절차 개선과 운영 리스크 사전 점검
• 주요 이슈 원인 분석 및 후속 조치 관리
• 정기 회의 자료 작성과 진행 현황 공유
• 현장 안전·보안·개인정보 보호 기준 준수","• 단체급식 또는 조리 실무 경험 관련 기본 지식 또는 실무 경험을 보유한 분
• 필수 자격·면허: 한식조리기능사 보유자 또는 입사 전 취득 가능한 분
• 맡은 업무를 정확하게 기록하고 마감까지 책임질 수 있는 분
• 문서작성, 이메일, 스프레드시트 등 기본 업무도구 활용이 가능한 분
• 고객 및 유관 부서와 원활하게 소통하고 요청사항을 정리할 수 있는 분
• 예상하지 못한 상황에서도 우선순위를 판단해 대응할 수 있는 분
• 업무상 취급하는 자료와 고객 정보를 안전하게 관리할 수 있는 분
• 직무 관련 교육을 꾸준히 이수하며 전문성을 높일 분","• 조리사 또는 유사 직무 경력 보유자
• 직무 관련 자격·면허 보유자: 한식조리기능사
• 직무 관련 자격·면허 보유자: 영양사 면허
• ERP, WMS, CRM, POS 등 직무 관련 시스템 사용 경험자
• 수치와 데이터를 활용한 실적 분석 경험자
• 다양한 이해관계자와 협업해 문제를 해결한 경험자
• 외국어 또는 관련 법규·안전 기준을 활용할 수 있는 분","• 지원서 및 제출서류의 허위기재 또는 허위 제출
• 채용 과정에서 본인 확인이 불가능한 경우
• 채용검진 결과 업무 수행에 부적합하다고 판단되는 경우
• 해외여행 및 근무에 결격사유가 있는 경우
• 기타 회사 또는 기관의 인사규정상 채용이 불가능한 경우",서류전형 > 1차면접 > 2차면접 > 채용검진
950,조리사 담당자,109,95,20260905,20261018,10,신입,계약직,강원특별자치도,박사 이상,"대학 산학협력단에서 정해진 식단과 레시피에 따라 안정적인 조리를 담당하는 포지션을(를) 맡을 조리사를 모집합니다.

이번 포지션은 전처리, 조리, 배식, 세척, 식재료관리을 중심으로 운영 현장의 품질과 일정, 고객 경험을 함께 관리하는 역할입니다.

성과와 고객 만족을 함께 고려하며 실질적인 변화를 만드는 역할입니다.

유관 부서 및 외부 파트너와 업무 기준을 공유하고, 이슈 발생 시 원인을 정리해 재발 방지 방안을 실행합니다.

초기에는 담당 업무의 프로세스와 시스템을 익히고, 이후에는 담당 영역의 지표 개선과 운영 표준화까지 주도하게 됩니다.","• 전처리, 조리, 배식, 세척, 식재료관리 및 일일 운영 현황 관리
• 업무 일정·실적·품질 지표 점검 및 보고
• 관련 시스템과 문서의 정확한 입력·관리
• 고객·협력사·유관 부서 문의 대응 및 이슈 조율
• 업무 절차 개선과 운영 리스크 사전 점검
• 주요 이슈 원인 분석 및 후속 조치 관리
• 정기 회의 자료 작성과 진행 현황 공유
• 업무 매뉴얼 정비와 신규 구성원 온보딩 지원","• 단체급식 또는 조리 실무 경험 관련 기본 지식 또는 실무 경험을 보유한 분
• 필수 자격·면허: 한식조리기능사 보유자 또는 입사 전 취득 가능한 분
• 맡은 업무를 정확하게 기록하고 마감까지 책임질 수 있는 분
• 문서작성, 이메일, 스프레드시트 등 기본 업무도구 활용이 가능한 분
• 고객 및 유관 부서와 원활하게 소통하고 요청사항을 정리할 수 있는 분
• 예상하지 못한 상황에서도 우선순위를 판단해 대응할 수 있는 분
• 업무상 취급하는 자료와 고객 정보를 안전하게 관리할 수 있는 분
• 교대·주말·현장 근무가 포함될 수 있는 일정에 대응 가능한 분","• 조리사 또는 유사 직무 경력 보유자
• 직무 관련 자격·면허 보유자: 한식조리기능사
• 직무 관련 자격·면허 보유자: 영양사 면허
• ERP, WMS, CRM, POS 등 직무 관련 시스템 사용 경험자
• 수치와 데이터를 활용한 실적 분석 경험자
• 다양한 이해관계자와 협업해 문제를 해결한 경험자
• 신규 프로세스 구축이나 업무 자동화 경험자","• 지원서 및 제출서류의 허위기재 또는 허위 제출
• 채용 과정에서 본인 확인이 불가능한 경우
• 채용검진 결과 업무 수행에 부적합하다고 판단되는 경우
• 해외여행 및 근무에 결격사유가 있는 경우
• 기타 회사 또는 기관의 인사규정상 채용이 불가능한 경우",서류전형 > 필기전형 > 면접전형 > 최종합격
951,제과제빵사 운영 매니저,31,96,20260922,20261006,1,신입·경력,무기계약직,전라남도,전문학사 이상,"기업 부설 연구소에서 베이커리 제품의 제조와 품질을 관리하는 포지션을(를) 맡을 제과제빵사를 모집합니다.

이번 포지션은 계량, 반죽, 발효, 성형, 오븐, 생산기록을 중심으로 운영 현장의 품질과 일정, 고객 경험을 함께 관리하는 역할입니다.

정확한 실행력과 협업을 바탕으로 안정적인 운영을 함께 만들어 갈 분을 찾습니다.

유관 부서 및 외부 파트너와 업무 기준을 공유하고, 이슈 발생 시 원인을 정리해 재발 방지 방안을 실행합니다.

초기에는 담당 업무의 프로세스와 시스템을 익히고, 이후에는 담당 영역의 지표 개선과 운영 표준화까지 주도하게 됩니다.","• 계량, 반죽, 발효, 성형, 오븐, 생산기록 및 일일 운영 현황 관리
• 업무 일정·실적·품질 지표 점검 및 보고
• 관련 시스템과 문서의 정확한 입력·관리
• 고객·협력사·유관 부서 문의 대응 및 이슈 조율
• 업무 절차 개선과 운영 리스크 사전 점검
• 주요 이슈 원인 분석 및 후속 조치 관리
• 정기 회의 자료 작성과 진행 현황 공유
• 현장 안전·보안·개인정보 보호 기준 준수","• 제과·제빵 공정 이해 관련 기본 지식 또는 실무 경험을 보유한 분
• 필수 자격·면허: 제과기능사 보유자 또는 입사 전 취득 가능한 분
• 맡은 업무를 정확하게 기록하고 마감까지 책임질 수 있는 분
• 문서작성, 이메일, 스프레드시트 등 기본 업무도구 활용이 가능한 분
• 고객 및 유관 부서와 원활하게 소통하고 요청사항을 정리할 수 있는 분
• 예상하지 못한 상황에서도 우선순위를 판단해 대응할 수 있는 분
• 업무상 취급하는 자료와 고객 정보를 안전하게 관리할 수 있는 분
• 직무 관련 교육을 꾸준히 이수하며 전문성을 높일 분","• 제과제빵사 또는 유사 직무 경력 보유자
• 직무 관련 자격·면허 보유자: 제과기능사
• 직무 관련 자격·면허 보유자: 제빵기능사
• ERP, WMS, CRM, POS 등 직무 관련 시스템 사용 경험자
• 수치와 데이터를 활용한 실적 분석 경험자
• 다양한 이해관계자와 협업해 문제를 해결한 경험자
• 외국어 또는 관련 법규·안전 기준을 활용할 수 있는 분","• 지원서 및 제출서류의 허위기재 또는 허위 제출
• 채용 과정에서 본인 확인이 불가능한 경우
• 채용검진 결과 업무 수행에 부적합하다고 판단되는 경우
• 해외여행 및 근무에 결격사유가 있는 경우
• 기타 회사 또는 기관의 인사규정상 채용이 불가능한 경우",서류전형 > 인성검사 > 실무면접 > 최종면접
952,제과제빵사 전문 인력,116,96,20261009,20261030,12,경력 2년 이상,기간제,제주특별자치도,학사 이상,"전문 협회에서 베이커리 제품의 제조와 품질을 관리하는 포지션을(를) 맡을 제과제빵사를 모집합니다.

이번 포지션은 계량, 반죽, 발효, 성형, 오븐, 생산기록을 중심으로 운영 현장의 품질과 일정, 고객 경험을 함께 관리하는 역할입니다.

현장과 유관 부서의 요구를 연결하며 업무 품질을 높이는 역할입니다.

유관 부서 및 외부 파트너와 업무 기준을 공유하고, 이슈 발생 시 원인을 정리해 재발 방지 방안을 실행합니다.

초기에는 담당 업무의 프로세스와 시스템을 익히고, 이후에는 담당 영역의 지표 개선과 운영 표준화까지 주도하게 됩니다.","• 계량, 반죽, 발효, 성형, 오븐, 생산기록 및 일일 운영 현황 관리
• 업무 일정·실적·품질 지표 점검 및 보고
• 관련 시스템과 문서의 정확한 입력·관리
• 고객·협력사·유관 부서 문의 대응 및 이슈 조율
• 업무 절차 개선과 운영 리스크 사전 점검
• 주요 이슈 원인 분석 및 후속 조치 관리
• 정기 회의 자료 작성과 진행 현황 공유
• 업무 매뉴얼 정비와 신규 구성원 온보딩 지원","• 제과·제빵 공정 이해 관련 기본 지식 또는 실무 경험을 보유한 분
• 필수 자격·면허: 제과기능사 보유자 또는 입사 전 취득 가능한 분
• 맡은 업무를 정확하게 기록하고 마감까지 책임질 수 있는 분
• 문서작성, 이메일, 스프레드시트 등 기본 업무도구 활용이 가능한 분
• 고객 및 유관 부서와 원활하게 소통하고 요청사항을 정리할 수 있는 분
• 예상하지 못한 상황에서도 우선순위를 판단해 대응할 수 있는 분
• 업무상 취급하는 자료와 고객 정보를 안전하게 관리할 수 있는 분
• 직무 관련 교육을 꾸준히 이수하며 전문성을 높일 분","• 제과제빵사 또는 유사 직무 경력 보유자
• 직무 관련 자격·면허 보유자: 제과기능사
• 직무 관련 자격·면허 보유자: 제빵기능사
• ERP, WMS, CRM, POS 등 직무 관련 시스템 사용 경험자
• 수치와 데이터를 활용한 실적 분석 경험자
• 다양한 이해관계자와 협업해 문제를 해결한 경험자
• 신규 프로세스 구축이나 업무 자동화 경험자","• 지원서 및 제출서류의 허위기재 또는 허위 제출
• 채용 과정에서 본인 확인이 불가능한 경우
• 채용검진 결과 업무 수행에 부적합하다고 판단되는 경우
• 해외여행 및 근무에 결격사유가 있는 경우
• 기타 회사 또는 기관의 인사규정상 채용이 불가능한 경우",서류전형 > 직무과제 > 실무면접 > 최종합격
953,제과제빵사 경력 채용,76,96,20261026,20261123,3,경력 3년 이상,정규직,인천광역시,석사 이상,"공공서비스 운영기관에서 베이커리 제품의 제조와 품질을 관리하는 포지션을(를) 맡을 제과제빵사를 모집합니다.

이번 포지션은 계량, 반죽, 발효, 성형, 오븐, 생산기록을 중심으로 운영 현장의 품질과 일정, 고객 경험을 함께 관리하는 역할입니다.

업무 기준을 준수하면서도 개선점을 주도적으로 제안할 수 있는 분을 기다립니다.

유관 부서 및 외부 파트너와 업무 기준을 공유하고, 이슈 발생 시 원인을 정리해 재발 방지 방안을 실행합니다.

초기에는 담당 업무의 프로세스와 시스템을 익히고, 이후에는 담당 영역의 지표 개선과 운영 표준화까지 주도하게 됩니다.","• 계량, 반죽, 발효, 성형, 오븐, 생산기록 및 일일 운영 현황 관리
• 업무 일정·실적·품질 지표 점검 및 보고
• 관련 시스템과 문서의 정확한 입력·관리
• 고객·협력사·유관 부서 문의 대응 및 이슈 조율
• 업무 절차 개선과 운영 리스크 사전 점검
• 주요 이슈 원인 분석 및 후속 조치 관리
• 정기 회의 자료 작성과 진행 현황 공유
• 현장 안전·보안·개인정보 보호 기준 준수","• 제과·제빵 공정 이해 관련 기본 지식 또는 실무 경험을 보유한 분
• 필수 자격·면허: 제과기능사 보유자 또는 입사 전 취득 가능한 분
• 맡은 업무를 정확하게 기록하고 마감까지 책임질 수 있는 분
• 문서작성, 이메일, 스프레드시트 등 기본 업무도구 활용이 가능한 분
• 고객 및 유관 부서와 원활하게 소통하고 요청사항을 정리할 수 있는 분
• 예상하지 못한 상황에서도 우선순위를 판단해 대응할 수 있는 분
• 업무상 취급하는 자료와 고객 정보를 안전하게 관리할 수 있는 분
• 교대·주말·현장 근무가 포함될 수 있는 일정에 대응 가능한 분","• 제과제빵사 또는 유사 직무 경력 보유자
• 직무 관련 자격·면허 보유자: 제과기능사
• 직무 관련 자격·면허 보유자: 제빵기능사
• ERP, WMS, CRM, POS 등 직무 관련 시스템 사용 경험자
• 수치와 데이터를 활용한 실적 분석 경험자
• 다양한 이해관계자와 협업해 문제를 해결한 경험자
• 외국어 또는 관련 법규·안전 기준을 활용할 수 있는 분","• 지원서 및 제출서류의 허위기재 또는 허위 제출
• 채용 과정에서 본인 확인이 불가능한 경우
• 채용검진 결과 업무 수행에 부적합하다고 판단되는 경우
• 해외여행 및 근무에 결격사유가 있는 경우
• 기타 회사 또는 기관의 인사규정상 채용이 불가능한 경우",서류전형 > 1차면접 > 2차면접 > 채용검진
954,제과제빵사 현장 책임자,2,96,20261112,20261217,14,경력 5년 이상,계약직,울산광역시,박사 이상,"대기업 사업부에서 베이커리 제품의 제조와 품질을 관리하는 포지션을(를) 맡을 제과제빵사를 모집합니다.

이번 포지션은 계량, 반죽, 발효, 성형, 오븐, 생산기록을 중심으로 운영 현장의 품질과 일정, 고객 경험을 함께 관리하는 역할입니다.

고객과 동료에게 신뢰를 주는 태도로 맡은 업무를 끝까지 책임지는 포지션입니다.

유관 부서 및 외부 파트너와 업무 기준을 공유하고, 이슈 발생 시 원인을 정리해 재발 방지 방안을 실행합니다.

초기에는 담당 업무의 프로세스와 시스템을 익히고, 이후에는 담당 영역의 지표 개선과 운영 표준화까지 주도하게 됩니다.","• 계량, 반죽, 발효, 성형, 오븐, 생산기록 및 일일 운영 현황 관리
• 업무 일정·실적·품질 지표 점검 및 보고
• 관련 시스템과 문서의 정확한 입력·관리
• 고객·협력사·유관 부서 문의 대응 및 이슈 조율
• 업무 절차 개선과 운영 리스크 사전 점검
• 주요 이슈 원인 분석 및 후속 조치 관리
• 정기 회의 자료 작성과 진행 현황 공유
• 업무 매뉴얼 정비와 신규 구성원 온보딩 지원","• 제과·제빵 공정 이해 관련 기본 지식 또는 실무 경험을 보유한 분
• 필수 자격·면허: 제과기능사 보유자 또는 입사 전 취득 가능한 분
• 맡은 업무를 정확하게 기록하고 마감까지 책임질 수 있는 분
• 문서작성, 이메일, 스프레드시트 등 기본 업무도구 활용이 가능한 분
• 고객 및 유관 부서와 원활하게 소통하고 요청사항을 정리할 수 있는 분
• 예상하지 못한 상황에서도 우선순위를 판단해 대응할 수 있는 분
• 업무상 취급하는 자료와 고객 정보를 안전하게 관리할 수 있는 분
• 직무 관련 교육을 꾸준히 이수하며 전문성을 높일 분","• 제과제빵사 또는 유사 직무 경력 보유자
• 직무 관련 자격·면허 보유자: 제과기능사
• 직무 관련 자격·면허 보유자: 제빵기능사
• ERP, WMS, CRM, POS 등 직무 관련 시스템 사용 경험자
• 수치와 데이터를 활용한 실적 분석 경험자
• 다양한 이해관계자와 협업해 문제를 해결한 경험자
• 신규 프로세스 구축이나 업무 자동화 경험자","• 지원서 및 제출서류의 허위기재 또는 허위 제출
• 채용 과정에서 본인 확인이 불가능한 경우
• 채용검진 결과 업무 수행에 부적합하다고 판단되는 경우
• 해외여행 및 근무에 결격사유가 있는 경우
• 기타 회사 또는 기관의 인사규정상 채용이 불가능한 경우",서류전형 > 필기전형 > 면접전형 > 최종합격
955,제과제빵사 서비스 담당,31,96,20261129,20270110,5,경력 무관,무기계약직,강원특별자치도,학력무관,"중견 제조기업에서 베이커리 제품의 제조와 품질을 관리하는 포지션을(를) 맡을 제과제빵사를 모집합니다.

이번 포지션은 계량, 반죽, 발효, 성형, 오븐, 생산기록을 중심으로 운영 현장의 품질과 일정, 고객 경험을 함께 관리하는 역할입니다.

데이터와 현장 감각을 함께 활용해 반복 업무를 효율화하는 역할입니다.

유관 부서 및 외부 파트너와 업무 기준을 공유하고, 이슈 발생 시 원인을 정리해 재발 방지 방안을 실행합니다.

초기에는 담당 업무의 프로세스와 시스템을 익히고, 이후에는 담당 영역의 지표 개선과 운영 표준화까지 주도하게 됩니다.","• 계량, 반죽, 발효, 성형, 오븐, 생산기록 및 일일 운영 현황 관리
• 업무 일정·실적·품질 지표 점검 및 보고
• 관련 시스템과 문서의 정확한 입력·관리
• 고객·협력사·유관 부서 문의 대응 및 이슈 조율
• 업무 절차 개선과 운영 리스크 사전 점검
• 주요 이슈 원인 분석 및 후속 조치 관리
• 정기 회의 자료 작성과 진행 현황 공유
• 현장 안전·보안·개인정보 보호 기준 준수","• 제과·제빵 공정 이해 관련 기본 지식 또는 실무 경험을 보유한 분
• 필수 자격·면허: 제과기능사 보유자 또는 입사 전 취득 가능한 분
• 맡은 업무를 정확하게 기록하고 마감까지 책임질 수 있는 분
• 문서작성, 이메일, 스프레드시트 등 기본 업무도구 활용이 가능한 분
• 고객 및 유관 부서와 원활하게 소통하고 요청사항을 정리할 수 있는 분
• 예상하지 못한 상황에서도 우선순위를 판단해 대응할 수 있는 분
• 업무상 취급하는 자료와 고객 정보를 안전하게 관리할 수 있는 분
• 직무 관련 교육을 꾸준히 이수하며 전문성을 높일 분","• 제과제빵사 또는 유사 직무 경력 보유자
• 직무 관련 자격·면허 보유자: 제과기능사
• 직무 관련 자격·면허 보유자: 제빵기능사
• ERP, WMS, CRM, POS 등 직무 관련 시스템 사용 경험자
• 수치와 데이터를 활용한 실적 분석 경험자
• 다양한 이해관계자와 협업해 문제를 해결한 경험자
• 외국어 또는 관련 법규·안전 기준을 활용할 수 있는 분","• 지원서 및 제출서류의 허위기재 또는 허위 제출
• 채용 과정에서 본인 확인이 불가능한 경우
• 채용검진 결과 업무 수행에 부적합하다고 판단되는 경우
• 해외여행 및 근무에 결격사유가 있는 경우
• 기타 회사 또는 기관의 인사규정상 채용이 불가능한 경우",서류전형 > 실무면접 > 최종면접
956,제과제빵사 담당자,44,96,20260105,20260118,16,신입,기간제,전라북도,전문학사 이상,"전문 중소기업에서 베이커리 제품의 제조와 품질을 관리하는 포지션을(를) 맡을 제과제빵사를 모집합니다.

이번 포지션은 계량, 반죽, 발효, 성형, 오븐, 생산기록을 중심으로 운영 현장의 품질과 일정, 고객 경험을 함께 관리하는 역할입니다.

정해진 절차를 지키되 상황에 맞게 유연하게 대응하는 실무자를 모집합니다.

유관 부서 및 외부 파트너와 업무 기준을 공유하고, 이슈 발생 시 원인을 정리해 재발 방지 방안을 실행합니다.

초기에는 담당 업무의 프로세스와 시스템을 익히고, 이후에는 담당 영역의 지표 개선과 운영 표준화까지 주도하게 됩니다.","• 계량, 반죽, 발효, 성형, 오븐, 생산기록 및 일일 운영 현황 관리
• 업무 일정·실적·품질 지표 점검 및 보고
• 관련 시스템과 문서의 정확한 입력·관리
• 고객·협력사·유관 부서 문의 대응 및 이슈 조율
• 업무 절차 개선과 운영 리스크 사전 점검
• 주요 이슈 원인 분석 및 후속 조치 관리
• 정기 회의 자료 작성과 진행 현황 공유
• 업무 매뉴얼 정비와 신규 구성원 온보딩 지원","• 제과·제빵 공정 이해 관련 기본 지식 또는 실무 경험을 보유한 분
• 필수 자격·면허: 제과기능사 보유자 또는 입사 전 취득 가능한 분
• 맡은 업무를 정확하게 기록하고 마감까지 책임질 수 있는 분
• 문서작성, 이메일, 스프레드시트 등 기본 업무도구 활용이 가능한 분
• 고객 및 유관 부서와 원활하게 소통하고 요청사항을 정리할 수 있는 분
• 예상하지 못한 상황에서도 우선순위를 판단해 대응할 수 있는 분
• 업무상 취급하는 자료와 고객 정보를 안전하게 관리할 수 있는 분
• 교대·주말·현장 근무가 포함될 수 있는 일정에 대응 가능한 분","• 제과제빵사 또는 유사 직무 경력 보유자
• 직무 관련 자격·면허 보유자: 제과기능사
• 직무 관련 자격·면허 보유자: 제빵기능사
• ERP, WMS, CRM, POS 등 직무 관련 시스템 사용 경험자
• 수치와 데이터를 활용한 실적 분석 경험자
• 다양한 이해관계자와 협업해 문제를 해결한 경험자
• 신규 프로세스 구축이나 업무 자동화 경험자","• 지원서 및 제출서류의 허위기재 또는 허위 제출
• 채용 과정에서 본인 확인이 불가능한 경우
• 채용검진 결과 업무 수행에 부적합하다고 판단되는 경우
• 해외여행 및 근무에 결격사유가 있는 경우
• 기타 회사 또는 기관의 인사규정상 채용이 불가능한 경우",서류전형 > 인성검사 > 실무면접 > 최종면접
957,제과제빵사 실무자,75,96,20260122,20260211,7,경력,정규직,경상남도,학사 이상,"성장 단계 스타트업에서 베이커리 제품의 제조와 품질을 관리하는 포지션을(를) 맡을 제과제빵사를 모집합니다.

이번 포지션은 계량, 반죽, 발효, 성형, 오븐, 생산기록을 중심으로 운영 현장의 품질과 일정, 고객 경험을 함께 관리하는 역할입니다.

부서 간 원활한 소통으로 일정과 품질을 안정적으로 관리하는 직무입니다.

유관 부서 및 외부 파트너와 업무 기준을 공유하고, 이슈 발생 시 원인을 정리해 재발 방지 방안을 실행합니다.

초기에는 담당 업무의 프로세스와 시스템을 익히고, 이후에는 담당 영역의 지표 개선과 운영 표준화까지 주도하게 됩니다.","• 계량, 반죽, 발효, 성형, 오븐, 생산기록 및 일일 운영 현황 관리
• 업무 일정·실적·품질 지표 점검 및 보고
• 관련 시스템과 문서의 정확한 입력·관리
• 고객·협력사·유관 부서 문의 대응 및 이슈 조율
• 업무 절차 개선과 운영 리스크 사전 점검
• 주요 이슈 원인 분석 및 후속 조치 관리
• 정기 회의 자료 작성과 진행 현황 공유
• 현장 안전·보안·개인정보 보호 기준 준수","• 제과·제빵 공정 이해 관련 기본 지식 또는 실무 경험을 보유한 분
• 필수 자격·면허: 제과기능사 보유자 또는 입사 전 취득 가능한 분
• 맡은 업무를 정확하게 기록하고 마감까지 책임질 수 있는 분
• 문서작성, 이메일, 스프레드시트 등 기본 업무도구 활용이 가능한 분
• 고객 및 유관 부서와 원활하게 소통하고 요청사항을 정리할 수 있는 분
• 예상하지 못한 상황에서도 우선순위를 판단해 대응할 수 있는 분
• 업무상 취급하는 자료와 고객 정보를 안전하게 관리할 수 있는 분
• 직무 관련 교육을 꾸준히 이수하며 전문성을 높일 분","• 제과제빵사 또는 유사 직무 경력 보유자
• 직무 관련 자격·면허 보유자: 제과기능사
• 직무 관련 자격·면허 보유자: 제빵기능사
• ERP, WMS, CRM, POS 등 직무 관련 시스템 사용 경험자
• 수치와 데이터를 활용한 실적 분석 경험자
• 다양한 이해관계자와 협업해 문제를 해결한 경험자
• 외국어 또는 관련 법규·안전 기준을 활용할 수 있는 분","• 지원서 및 제출서류의 허위기재 또는 허위 제출
• 채용 과정에서 본인 확인이 불가능한 경우
• 채용검진 결과 업무 수행에 부적합하다고 판단되는 경우
• 해외여행 및 근무에 결격사유가 있는 경우
• 기타 회사 또는 기관의 인사규정상 채용이 불가능한 경우",서류전형 > 직무과제 > 실무면접 > 최종합격
958,제과제빵사 운영 매니저,121,96,20260208,20260307,18,신입·경력,계약직,부산광역시,석사 이상,"종합병원 운영조직에서 베이커리 제품의 제조와 품질을 관리하는 포지션을(를) 맡을 제과제빵사를 모집합니다.

이번 포지션은 계량, 반죽, 발효, 성형, 오븐, 생산기록을 중심으로 운영 현장의 품질과 일정, 고객 경험을 함께 관리하는 역할입니다.

서비스 품질과 안전을 우선하며 꾸준히 전문성을 쌓을 수 있는 포지션입니다.

유관 부서 및 외부 파트너와 업무 기준을 공유하고, 이슈 발생 시 원인을 정리해 재발 방지 방안을 실행합니다.

초기에는 담당 업무의 프로세스와 시스템을 익히고, 이후에는 담당 영역의 지표 개선과 운영 표준화까지 주도하게 됩니다.","• 계량, 반죽, 발효, 성형, 오븐, 생산기록 및 일일 운영 현황 관리
• 업무 일정·실적·품질 지표 점검 및 보고
• 관련 시스템과 문서의 정확한 입력·관리
• 고객·협력사·유관 부서 문의 대응 및 이슈 조율
• 업무 절차 개선과 운영 리스크 사전 점검
• 주요 이슈 원인 분석 및 후속 조치 관리
• 정기 회의 자료 작성과 진행 현황 공유
• 업무 매뉴얼 정비와 신규 구성원 온보딩 지원","• 제과·제빵 공정 이해 관련 기본 지식 또는 실무 경험을 보유한 분
• 필수 자격·면허: 제과기능사 보유자 또는 입사 전 취득 가능한 분
• 맡은 업무를 정확하게 기록하고 마감까지 책임질 수 있는 분
• 문서작성, 이메일, 스프레드시트 등 기본 업무도구 활용이 가능한 분
• 고객 및 유관 부서와 원활하게 소통하고 요청사항을 정리할 수 있는 분
• 예상하지 못한 상황에서도 우선순위를 판단해 대응할 수 있는 분
• 업무상 취급하는 자료와 고객 정보를 안전하게 관리할 수 있는 분
• 직무 관련 교육을 꾸준히 이수하며 전문성을 높일 분","• 제과제빵사 또는 유사 직무 경력 보유자
• 직무 관련 자격·면허 보유자: 제과기능사
• 직무 관련 자격·면허 보유자: 제빵기능사
• ERP, WMS, CRM, POS 등 직무 관련 시스템 사용 경험자
• 수치와 데이터를 활용한 실적 분석 경험자
• 다양한 이해관계자와 협업해 문제를 해결한 경험자
• 신규 프로세스 구축이나 업무 자동화 경험자","• 지원서 및 제출서류의 허위기재 또는 허위 제출
• 채용 과정에서 본인 확인이 불가능한 경우
• 채용검진 결과 업무 수행에 부적합하다고 판단되는 경우
• 해외여행 및 근무에 결격사유가 있는 경우
• 기타 회사 또는 기관의 인사규정상 채용이 불가능한 경우",서류전형 > 1차면접 > 2차면접 > 채용검진
959,제과제빵사 전문 인력,9,96,20260225,20260331,9,경력 2년 이상,무기계약직,광주광역시,박사 이상,"대학 산학협력단에서 베이커리 제품의 제조와 품질을 관리하는 포지션을(를) 맡을 제과제빵사를 모집합니다.

이번 포지션은 계량, 반죽, 발효, 성형, 오븐, 생산기록을 중심으로 운영 현장의 품질과 일정, 고객 경험을 함께 관리하는 역할입니다.

기본기를 바탕으로 새로운 업무를 빠르게 익히고 실행할 분을 모십니다.

유관 부서 및 외부 파트너와 업무 기준을 공유하고, 이슈 발생 시 원인을 정리해 재발 방지 방안을 실행합니다.

초기에는 담당 업무의 프로세스와 시스템을 익히고, 이후에는 담당 영역의 지표 개선과 운영 표준화까지 주도하게 됩니다.","• 계량, 반죽, 발효, 성형, 오븐, 생산기록 및 일일 운영 현황 관리
• 업무 일정·실적·품질 지표 점검 및 보고
• 관련 시스템과 문서의 정확한 입력·관리
• 고객·협력사·유관 부서 문의 대응 및 이슈 조율
• 업무 절차 개선과 운영 리스크 사전 점검
• 주요 이슈 원인 분석 및 후속 조치 관리
• 정기 회의 자료 작성과 진행 현황 공유
• 현장 안전·보안·개인정보 보호 기준 준수","• 제과·제빵 공정 이해 관련 기본 지식 또는 실무 경험을 보유한 분
• 필수 자격·면허: 제과기능사 보유자 또는 입사 전 취득 가능한 분
• 맡은 업무를 정확하게 기록하고 마감까지 책임질 수 있는 분
• 문서작성, 이메일, 스프레드시트 등 기본 업무도구 활용이 가능한 분
• 고객 및 유관 부서와 원활하게 소통하고 요청사항을 정리할 수 있는 분
• 예상하지 못한 상황에서도 우선순위를 판단해 대응할 수 있는 분
• 업무상 취급하는 자료와 고객 정보를 안전하게 관리할 수 있는 분
• 교대·주말·현장 근무가 포함될 수 있는 일정에 대응 가능한 분","• 제과제빵사 또는 유사 직무 경력 보유자
• 직무 관련 자격·면허 보유자: 제과기능사
• 직무 관련 자격·면허 보유자: 제빵기능사
• ERP, WMS, CRM, POS 등 직무 관련 시스템 사용 경험자
• 수치와 데이터를 활용한 실적 분석 경험자
• 다양한 이해관계자와 협업해 문제를 해결한 경험자
• 외국어 또는 관련 법규·안전 기준을 활용할 수 있는 분","• 지원서 및 제출서류의 허위기재 또는 허위 제출
• 채용 과정에서 본인 확인이 불가능한 경우
• 채용검진 결과 업무 수행에 부적합하다고 판단되는 경우
• 해외여행 및 근무에 결격사유가 있는 경우
• 기타 회사 또는 기관의 인사규정상 채용이 불가능한 경우",서류전형 > 필기전형 > 면접전형 > 최종합격
960,제과제빵사 경력 채용,84,96,20260314,20260424,20,경력 3년 이상,기간제,경기도,학력무관,"기업 부설 연구소에서 베이커리 제품의 제조와 품질을 관리하는 포지션을(를) 맡을 제과제빵사를 모집합니다.

이번 포지션은 계량, 반죽, 발효, 성형, 오븐, 생산기록을 중심으로 운영 현장의 품질과 일정, 고객 경험을 함께 관리하는 역할입니다.

성과와 고객 만족을 함께 고려하며 실질적인 변화를 만드는 역할입니다.

유관 부서 및 외부 파트너와 업무 기준을 공유하고, 이슈 발생 시 원인을 정리해 재발 방지 방안을 실행합니다.

초기에는 담당 업무의 프로세스와 시스템을 익히고, 이후에는 담당 영역의 지표 개선과 운영 표준화까지 주도하게 됩니다.","• 계량, 반죽, 발효, 성형, 오븐, 생산기록 및 일일 운영 현황 관리
• 업무 일정·실적·품질 지표 점검 및 보고
• 관련 시스템과 문서의 정확한 입력·관리
• 고객·협력사·유관 부서 문의 대응 및 이슈 조율
• 업무 절차 개선과 운영 리스크 사전 점검
• 주요 이슈 원인 분석 및 후속 조치 관리
• 정기 회의 자료 작성과 진행 현황 공유
• 업무 매뉴얼 정비와 신규 구성원 온보딩 지원","• 제과·제빵 공정 이해 관련 기본 지식 또는 실무 경험을 보유한 분
• 필수 자격·면허: 제과기능사 보유자 또는 입사 전 취득 가능한 분
• 맡은 업무를 정확하게 기록하고 마감까지 책임질 수 있는 분
• 문서작성, 이메일, 스프레드시트 등 기본 업무도구 활용이 가능한 분
• 고객 및 유관 부서와 원활하게 소통하고 요청사항을 정리할 수 있는 분
• 예상하지 못한 상황에서도 우선순위를 판단해 대응할 수 있는 분
• 업무상 취급하는 자료와 고객 정보를 안전하게 관리할 수 있는 분
• 직무 관련 교육을 꾸준히 이수하며 전문성을 높일 분","• 제과제빵사 또는 유사 직무 경력 보유자
• 직무 관련 자격·면허 보유자: 제과기능사
• 직무 관련 자격·면허 보유자: 제빵기능사
• ERP, WMS, CRM, POS 등 직무 관련 시스템 사용 경험자
• 수치와 데이터를 활용한 실적 분석 경험자
• 다양한 이해관계자와 협업해 문제를 해결한 경험자
• 신규 프로세스 구축이나 업무 자동화 경험자","• 지원서 및 제출서류의 허위기재 또는 허위 제출
• 채용 과정에서 본인 확인이 불가능한 경우
• 채용검진 결과 업무 수행에 부적합하다고 판단되는 경우
• 해외여행 및 근무에 결격사유가 있는 경우
• 기타 회사 또는 기관의 인사규정상 채용이 불가능한 경우",서류전형 > 실무면접 > 최종면접
961,바리스타 서비스 담당,110,97,20260331,20260412,11,경력 무관,정규직,전라북도,학사 이상,"전문 협회에서 커피 음료 제조와 매장 고객 경험을 담당하는 포지션을(를) 맡을 바리스타를 모집합니다.

이번 포지션은 원두관리, 추출, 음료제조, 위생, 고객응대을 중심으로 운영 현장의 품질과 일정, 고객 경험을 함께 관리하는 역할입니다.

정확한 실행력과 협업을 바탕으로 안정적인 운영을 함께 만들어 갈 분을 찾습니다.

유관 부서 및 외부 파트너와 업무 기준을 공유하고, 이슈 발생 시 원인을 정리해 재발 방지 방안을 실행합니다.

초기에는 담당 업무의 프로세스와 시스템을 익히고, 이후에는 담당 영역의 지표 개선과 운영 표준화까지 주도하게 됩니다.","• 원두관리, 추출, 음료제조, 위생, 고객응대 및 일일 운영 현황 관리
• 업무 일정·실적·품질 지표 점검 및 보고
• 관련 시스템과 문서의 정확한 입력·관리
• 고객·협력사·유관 부서 문의 대응 및 이슈 조율
• 업무 절차 개선과 운영 리스크 사전 점검
• 주요 이슈 원인 분석 및 후속 조치 관리
• 정기 회의 자료 작성과 진행 현황 공유
• 현장 안전·보안·개인정보 보호 기준 준수","• 커피 추출 기본기와 서비스 마인드 관련 기본 지식 또는 실무 경험을 보유한 분
• 필수 자격·면허: 바리스타 2급 보유자 또는 입사 전 취득 가능한 분
• 맡은 업무를 정확하게 기록하고 마감까지 책임질 수 있는 분
• 문서작성, 이메일, 스프레드시트 등 기본 업무도구 활용이 가능한 분
• 고객 및 유관 부서와 원활하게 소통하고 요청사항을 정리할 수 있는 분
• 예상하지 못한 상황에서도 우선순위를 판단해 대응할 수 있는 분
• 업무상 취급하는 자료와 고객 정보를 안전하게 관리할 수 있는 분
• 직무 관련 교육을 꾸준히 이수하며 전문성을 높일 분","• 바리스타 또는 유사 직무 경력 보유자
• 직무 관련 자격·면허 보유자: 바리스타 2급
• 직무 관련 자격·면허 보유자: 커피지도사 2급
• ERP, WMS, CRM, POS 등 직무 관련 시스템 사용 경험자
• 수치와 데이터를 활용한 실적 분석 경험자
• 다양한 이해관계자와 협업해 문제를 해결한 경험자
• 외국어 또는 관련 법규·안전 기준을 활용할 수 있는 분","• 지원서 및 제출서류의 허위기재 또는 허위 제출
• 채용 과정에서 본인 확인이 불가능한 경우
• 채용검진 결과 업무 수행에 부적합하다고 판단되는 경우
• 해외여행 및 근무에 결격사유가 있는 경우
• 기타 회사 또는 기관의 인사규정상 채용이 불가능한 경우",서류전형 > 직무과제 > 실무면접 > 최종합격
962,바리스타 담당자,135,97,20260417,20260506,2,신입,계약직,경상남도,석사 이상,"공공서비스 운영기관에서 커피 음료 제조와 매장 고객 경험을 담당하는 포지션을(를) 맡을 바리스타를 모집합니다.

이번 포지션은 원두관리, 추출, 음료제조, 위생, 고객응대을 중심으로 운영 현장의 품질과 일정, 고객 경험을 함께 관리하는 역할입니다.

현장과 유관 부서의 요구를 연결하며 업무 품질을 높이는 역할입니다.

유관 부서 및 외부 파트너와 업무 기준을 공유하고, 이슈 발생 시 원인을 정리해 재발 방지 방안을 실행합니다.

초기에는 담당 업무의 프로세스와 시스템을 익히고, 이후에는 담당 영역의 지표 개선과 운영 표준화까지 주도하게 됩니다.","• 원두관리, 추출, 음료제조, 위생, 고객응대 및 일일 운영 현황 관리
• 업무 일정·실적·품질 지표 점검 및 보고
• 관련 시스템과 문서의 정확한 입력·관리
• 고객·협력사·유관 부서 문의 대응 및 이슈 조율
• 업무 절차 개선과 운영 리스크 사전 점검
• 주요 이슈 원인 분석 및 후속 조치 관리
• 정기 회의 자료 작성과 진행 현황 공유
• 업무 매뉴얼 정비와 신규 구성원 온보딩 지원","• 커피 추출 기본기와 서비스 마인드 관련 기본 지식 또는 실무 경험을 보유한 분
• 필수 자격·면허: 바리스타 2급 보유자 또는 입사 전 취득 가능한 분
• 맡은 업무를 정확하게 기록하고 마감까지 책임질 수 있는 분
• 문서작성, 이메일, 스프레드시트 등 기본 업무도구 활용이 가능한 분
• 고객 및 유관 부서와 원활하게 소통하고 요청사항을 정리할 수 있는 분
• 예상하지 못한 상황에서도 우선순위를 판단해 대응할 수 있는 분
• 업무상 취급하는 자료와 고객 정보를 안전하게 관리할 수 있는 분
• 교대·주말·현장 근무가 포함될 수 있는 일정에 대응 가능한 분","• 바리스타 또는 유사 직무 경력 보유자
• 직무 관련 자격·면허 보유자: 바리스타 2급
• 직무 관련 자격·면허 보유자: 커피지도사 2급
• ERP, WMS, CRM, POS 등 직무 관련 시스템 사용 경험자
• 수치와 데이터를 활용한 실적 분석 경험자
• 다양한 이해관계자와 협업해 문제를 해결한 경험자
• 신규 프로세스 구축이나 업무 자동화 경험자","• 지원서 및 제출서류의 허위기재 또는 허위 제출
• 채용 과정에서 본인 확인이 불가능한 경우
• 채용검진 결과 업무 수행에 부적합하다고 판단되는 경우
• 해외여행 및 근무에 결격사유가 있는 경우
• 기타 회사 또는 기관의 인사규정상 채용이 불가능한 경우",서류전형 > 1차면접 > 2차면접 > 채용검진
963,바리스타 실무자,34,97,20260504,20260530,13,경력,무기계약직,부산광역시,박사 이상,"대기업 사업부에서 커피 음료 제조와 매장 고객 경험을 담당하는 포지션을(를) 맡을 바리스타를 모집합니다.

이번 포지션은 원두관리, 추출, 음료제조, 위생, 고객응대을 중심으로 운영 현장의 품질과 일정, 고객 경험을 함께 관리하는 역할입니다.

업무 기준을 준수하면서도 개선점을 주도적으로 제안할 수 있는 분을 기다립니다.

유관 부서 및 외부 파트너와 업무 기준을 공유하고, 이슈 발생 시 원인을 정리해 재발 방지 방안을 실행합니다.

초기에는 담당 업무의 프로세스와 시스템을 익히고, 이후에는 담당 영역의 지표 개선과 운영 표준화까지 주도하게 됩니다.","• 원두관리, 추출, 음료제조, 위생, 고객응대 및 일일 운영 현황 관리
• 업무 일정·실적·품질 지표 점검 및 보고
• 관련 시스템과 문서의 정확한 입력·관리
• 고객·협력사·유관 부서 문의 대응 및 이슈 조율
• 업무 절차 개선과 운영 리스크 사전 점검
• 주요 이슈 원인 분석 및 후속 조치 관리
• 정기 회의 자료 작성과 진행 현황 공유
• 현장 안전·보안·개인정보 보호 기준 준수","• 커피 추출 기본기와 서비스 마인드 관련 기본 지식 또는 실무 경험을 보유한 분
• 필수 자격·면허: 바리스타 2급 보유자 또는 입사 전 취득 가능한 분
• 맡은 업무를 정확하게 기록하고 마감까지 책임질 수 있는 분
• 문서작성, 이메일, 스프레드시트 등 기본 업무도구 활용이 가능한 분
• 고객 및 유관 부서와 원활하게 소통하고 요청사항을 정리할 수 있는 분
• 예상하지 못한 상황에서도 우선순위를 판단해 대응할 수 있는 분
• 업무상 취급하는 자료와 고객 정보를 안전하게 관리할 수 있는 분
• 직무 관련 교육을 꾸준히 이수하며 전문성을 높일 분","• 바리스타 또는 유사 직무 경력 보유자
• 직무 관련 자격·면허 보유자: 바리스타 2급
• 직무 관련 자격·면허 보유자: 커피지도사 2급
• ERP, WMS, CRM, POS 등 직무 관련 시스템 사용 경험자
• 수치와 데이터를 활용한 실적 분석 경험자
• 다양한 이해관계자와 협업해 문제를 해결한 경험자
• 외국어 또는 관련 법규·안전 기준을 활용할 수 있는 분","• 지원서 및 제출서류의 허위기재 또는 허위 제출
• 채용 과정에서 본인 확인이 불가능한 경우
• 채용검진 결과 업무 수행에 부적합하다고 판단되는 경우
• 해외여행 및 근무에 결격사유가 있는 경우
• 기타 회사 또는 기관의 인사규정상 채용이 불가능한 경우",서류전형 > 필기전형 > 면접전형 > 최종합격
964,바리스타 운영 매니저,130,97,20260521,20260623,4,신입·경력,기간제,광주광역시,학력무관,"중견 제조기업에서 커피 음료 제조와 매장 고객 경험을 담당하는 포지션을(를) 맡을 바리스타를 모집합니다.

이번 포지션은 원두관리, 추출, 음료제조, 위생, 고객응대을 중심으로 운영 현장의 품질과 일정, 고객 경험을 함께 관리하는 역할입니다.

고객과 동료에게 신뢰를 주는 태도로 맡은 업무를 끝까지 책임지는 포지션입니다.

유관 부서 및 외부 파트너와 업무 기준을 공유하고, 이슈 발생 시 원인을 정리해 재발 방지 방안을 실행합니다.

초기에는 담당 업무의 프로세스와 시스템을 익히고, 이후에는 담당 영역의 지표 개선과 운영 표준화까지 주도하게 됩니다.","• 원두관리, 추출, 음료제조, 위생, 고객응대 및 일일 운영 현황 관리
• 업무 일정·실적·품질 지표 점검 및 보고
• 관련 시스템과 문서의 정확한 입력·관리
• 고객·협력사·유관 부서 문의 대응 및 이슈 조율
• 업무 절차 개선과 운영 리스크 사전 점검
• 주요 이슈 원인 분석 및 후속 조치 관리
• 정기 회의 자료 작성과 진행 현황 공유
• 업무 매뉴얼 정비와 신규 구성원 온보딩 지원","• 커피 추출 기본기와 서비스 마인드 관련 기본 지식 또는 실무 경험을 보유한 분
• 필수 자격·면허: 바리스타 2급 보유자 또는 입사 전 취득 가능한 분
• 맡은 업무를 정확하게 기록하고 마감까지 책임질 수 있는 분
• 문서작성, 이메일, 스프레드시트 등 기본 업무도구 활용이 가능한 분
• 고객 및 유관 부서와 원활하게 소통하고 요청사항을 정리할 수 있는 분
• 예상하지 못한 상황에서도 우선순위를 판단해 대응할 수 있는 분
• 업무상 취급하는 자료와 고객 정보를 안전하게 관리할 수 있는 분
• 직무 관련 교육을 꾸준히 이수하며 전문성을 높일 분","• 바리스타 또는 유사 직무 경력 보유자
• 직무 관련 자격·면허 보유자: 바리스타 2급
• 직무 관련 자격·면허 보유자: 커피지도사 2급
• ERP, WMS, CRM, POS 등 직무 관련 시스템 사용 경험자
• 수치와 데이터를 활용한 실적 분석 경험자
• 다양한 이해관계자와 협업해 문제를 해결한 경험자
• 신규 프로세스 구축이나 업무 자동화 경험자","• 지원서 및 제출서류의 허위기재 또는 허위 제출
• 채용 과정에서 본인 확인이 불가능한 경우
• 채용검진 결과 업무 수행에 부적합하다고 판단되는 경우
• 해외여행 및 근무에 결격사유가 있는 경우
• 기타 회사 또는 기관의 인사규정상 채용이 불가능한 경우",서류전형 > 실무면접 > 최종면접
965,바리스타 전문 인력,87,97,20260607,20260717,15,경력 2년 이상,정규직,경기도,전문학사 이상,"전문 중소기업에서 커피 음료 제조와 매장 고객 경험을 담당하는 포지션을(를) 맡을 바리스타를 모집합니다.

이번 포지션은 원두관리, 추출, 음료제조, 위생, 고객응대을 중심으로 운영 현장의 품질과 일정, 고객 경험을 함께 관리하는 역할입니다.

데이터와 현장 감각을 함께 활용해 반복 업무를 효율화하는 역할입니다.

유관 부서 및 외부 파트너와 업무 기준을 공유하고, 이슈 발생 시 원인을 정리해 재발 방지 방안을 실행합니다.

초기에는 담당 업무의 프로세스와 시스템을 익히고, 이후에는 담당 영역의 지표 개선과 운영 표준화까지 주도하게 됩니다.","• 원두관리, 추출, 음료제조, 위생, 고객응대 및 일일 운영 현황 관리
• 업무 일정·실적·품질 지표 점검 및 보고
• 관련 시스템과 문서의 정확한 입력·관리
• 고객·협력사·유관 부서 문의 대응 및 이슈 조율
• 업무 절차 개선과 운영 리스크 사전 점검
• 주요 이슈 원인 분석 및 후속 조치 관리
• 정기 회의 자료 작성과 진행 현황 공유
• 현장 안전·보안·개인정보 보호 기준 준수","• 커피 추출 기본기와 서비스 마인드 관련 기본 지식 또는 실무 경험을 보유한 분
• 필수 자격·면허: 바리스타 2급 보유자 또는 입사 전 취득 가능한 분
• 맡은 업무를 정확하게 기록하고 마감까지 책임질 수 있는 분
• 문서작성, 이메일, 스프레드시트 등 기본 업무도구 활용이 가능한 분
• 고객 및 유관 부서와 원활하게 소통하고 요청사항을 정리할 수 있는 분
• 예상하지 못한 상황에서도 우선순위를 판단해 대응할 수 있는 분
• 업무상 취급하는 자료와 고객 정보를 안전하게 관리할 수 있는 분
• 교대·주말·현장 근무가 포함될 수 있는 일정에 대응 가능한 분","• 바리스타 또는 유사 직무 경력 보유자
• 직무 관련 자격·면허 보유자: 바리스타 2급
• 직무 관련 자격·면허 보유자: 커피지도사 2급
• ERP, WMS, CRM, POS 등 직무 관련 시스템 사용 경험자
• 수치와 데이터를 활용한 실적 분석 경험자
• 다양한 이해관계자와 협업해 문제를 해결한 경험자
• 외국어 또는 관련 법규·안전 기준을 활용할 수 있는 분","• 지원서 및 제출서류의 허위기재 또는 허위 제출
• 채용 과정에서 본인 확인이 불가능한 경우
• 채용검진 결과 업무 수행에 부적합하다고 판단되는 경우
• 해외여행 및 근무에 결격사유가 있는 경우
• 기타 회사 또는 기관의 인사규정상 채용이 불가능한 경우",서류전형 > 인성검사 > 실무면접 > 최종면접
966,바리스타 경력 채용,10,97,20260624,20260705,6,경력 3년 이상,계약직,충청남도,학사 이상,"성장 단계 스타트업에서 커피 음료 제조와 매장 고객 경험을 담당하는 포지션을(를) 맡을 바리스타를 모집합니다.

이번 포지션은 원두관리, 추출, 음료제조, 위생, 고객응대을 중심으로 운영 현장의 품질과 일정, 고객 경험을 함께 관리하는 역할입니다.

정해진 절차를 지키되 상황에 맞게 유연하게 대응하는 실무자를 모집합니다.

유관 부서 및 외부 파트너와 업무 기준을 공유하고, 이슈 발생 시 원인을 정리해 재발 방지 방안을 실행합니다.

초기에는 담당 업무의 프로세스와 시스템을 익히고, 이후에는 담당 영역의 지표 개선과 운영 표준화까지 주도하게 됩니다.","• 원두관리, 추출, 음료제조, 위생, 고객응대 및 일일 운영 현황 관리
• 업무 일정·실적·품질 지표 점검 및 보고
• 관련 시스템과 문서의 정확한 입력·관리
• 고객·협력사·유관 부서 문의 대응 및 이슈 조율
• 업무 절차 개선과 운영 리스크 사전 점검
• 주요 이슈 원인 분석 및 후속 조치 관리
• 정기 회의 자료 작성과 진행 현황 공유
• 업무 매뉴얼 정비와 신규 구성원 온보딩 지원","• 커피 추출 기본기와 서비스 마인드 관련 기본 지식 또는 실무 경험을 보유한 분
• 필수 자격·면허: 바리스타 2급 보유자 또는 입사 전 취득 가능한 분
• 맡은 업무를 정확하게 기록하고 마감까지 책임질 수 있는 분
• 문서작성, 이메일, 스프레드시트 등 기본 업무도구 활용이 가능한 분
• 고객 및 유관 부서와 원활하게 소통하고 요청사항을 정리할 수 있는 분
• 예상하지 못한 상황에서도 우선순위를 판단해 대응할 수 있는 분
• 업무상 취급하는 자료와 고객 정보를 안전하게 관리할 수 있는 분
• 직무 관련 교육을 꾸준히 이수하며 전문성을 높일 분","• 바리스타 또는 유사 직무 경력 보유자
• 직무 관련 자격·면허 보유자: 바리스타 2급
• 직무 관련 자격·면허 보유자: 커피지도사 2급
• ERP, WMS, CRM, POS 등 직무 관련 시스템 사용 경험자
• 수치와 데이터를 활용한 실적 분석 경험자
• 다양한 이해관계자와 협업해 문제를 해결한 경험자
• 신규 프로세스 구축이나 업무 자동화 경험자","• 지원서 및 제출서류의 허위기재 또는 허위 제출
• 채용 과정에서 본인 확인이 불가능한 경우
• 채용검진 결과 업무 수행에 부적합하다고 판단되는 경우
• 해외여행 및 근무에 결격사유가 있는 경우
• 기타 회사 또는 기관의 인사규정상 채용이 불가능한 경우",서류전형 > 직무과제 > 실무면접 > 최종합격
967,바리스타 현장 책임자,84,97,20260711,20260729,17,경력 5년 이상,무기계약직,경상북도,석사 이상,"종합병원 운영조직에서 커피 음료 제조와 매장 고객 경험을 담당하는 포지션을(를) 맡을 바리스타를 모집합니다.

이번 포지션은 원두관리, 추출, 음료제조, 위생, 고객응대을 중심으로 운영 현장의 품질과 일정, 고객 경험을 함께 관리하는 역할입니다.

부서 간 원활한 소통으로 일정과 품질을 안정적으로 관리하는 직무입니다.

유관 부서 및 외부 파트너와 업무 기준을 공유하고, 이슈 발생 시 원인을 정리해 재발 방지 방안을 실행합니다.

초기에는 담당 업무의 프로세스와 시스템을 익히고, 이후에는 담당 영역의 지표 개선과 운영 표준화까지 주도하게 됩니다.","• 원두관리, 추출, 음료제조, 위생, 고객응대 및 일일 운영 현황 관리
• 업무 일정·실적·품질 지표 점검 및 보고
• 관련 시스템과 문서의 정확한 입력·관리
• 고객·협력사·유관 부서 문의 대응 및 이슈 조율
• 업무 절차 개선과 운영 리스크 사전 점검
• 주요 이슈 원인 분석 및 후속 조치 관리
• 정기 회의 자료 작성과 진행 현황 공유
• 현장 안전·보안·개인정보 보호 기준 준수","• 커피 추출 기본기와 서비스 마인드 관련 기본 지식 또는 실무 경험을 보유한 분
• 필수 자격·면허: 바리스타 2급 보유자 또는 입사 전 취득 가능한 분
• 맡은 업무를 정확하게 기록하고 마감까지 책임질 수 있는 분
• 문서작성, 이메일, 스프레드시트 등 기본 업무도구 활용이 가능한 분
• 고객 및 유관 부서와 원활하게 소통하고 요청사항을 정리할 수 있는 분
• 예상하지 못한 상황에서도 우선순위를 판단해 대응할 수 있는 분
• 업무상 취급하는 자료와 고객 정보를 안전하게 관리할 수 있는 분
• 직무 관련 교육을 꾸준히 이수하며 전문성을 높일 분","• 바리스타 또는 유사 직무 경력 보유자
• 직무 관련 자격·면허 보유자: 바리스타 2급
• 직무 관련 자격·면허 보유자: 커피지도사 2급
• ERP, WMS, CRM, POS 등 직무 관련 시스템 사용 경험자
• 수치와 데이터를 활용한 실적 분석 경험자
• 다양한 이해관계자와 협업해 문제를 해결한 경험자
• 외국어 또는 관련 법규·안전 기준을 활용할 수 있는 분","• 지원서 및 제출서류의 허위기재 또는 허위 제출
• 채용 과정에서 본인 확인이 불가능한 경우
• 채용검진 결과 업무 수행에 부적합하다고 판단되는 경우
• 해외여행 및 근무에 결격사유가 있는 경우
• 기타 회사 또는 기관의 인사규정상 채용이 불가능한 경우",서류전형 > 1차면접 > 2차면접 > 채용검진
968,바리스타 서비스 담당,81,97,20260728,20260822,8,경력 무관,기간제,서울특별시,박사 이상,"대학 산학협력단에서 커피 음료 제조와 매장 고객 경험을 담당하는 포지션을(를) 맡을 바리스타를 모집합니다.

이번 포지션은 원두관리, 추출, 음료제조, 위생, 고객응대을 중심으로 운영 현장의 품질과 일정, 고객 경험을 함께 관리하는 역할입니다.

서비스 품질과 안전을 우선하며 꾸준히 전문성을 쌓을 수 있는 포지션입니다.

유관 부서 및 외부 파트너와 업무 기준을 공유하고, 이슈 발생 시 원인을 정리해 재발 방지 방안을 실행합니다.

초기에는 담당 업무의 프로세스와 시스템을 익히고, 이후에는 담당 영역의 지표 개선과 운영 표준화까지 주도하게 됩니다.","• 원두관리, 추출, 음료제조, 위생, 고객응대 및 일일 운영 현황 관리
• 업무 일정·실적·품질 지표 점검 및 보고
• 관련 시스템과 문서의 정확한 입력·관리
• 고객·협력사·유관 부서 문의 대응 및 이슈 조율
• 업무 절차 개선과 운영 리스크 사전 점검
• 주요 이슈 원인 분석 및 후속 조치 관리
• 정기 회의 자료 작성과 진행 현황 공유
• 업무 매뉴얼 정비와 신규 구성원 온보딩 지원","• 커피 추출 기본기와 서비스 마인드 관련 기본 지식 또는 실무 경험을 보유한 분
• 필수 자격·면허: 바리스타 2급 보유자 또는 입사 전 취득 가능한 분
• 맡은 업무를 정확하게 기록하고 마감까지 책임질 수 있는 분
• 문서작성, 이메일, 스프레드시트 등 기본 업무도구 활용이 가능한 분
• 고객 및 유관 부서와 원활하게 소통하고 요청사항을 정리할 수 있는 분
• 예상하지 못한 상황에서도 우선순위를 판단해 대응할 수 있는 분
• 업무상 취급하는 자료와 고객 정보를 안전하게 관리할 수 있는 분
• 교대·주말·현장 근무가 포함될 수 있는 일정에 대응 가능한 분","• 바리스타 또는 유사 직무 경력 보유자
• 직무 관련 자격·면허 보유자: 바리스타 2급
• 직무 관련 자격·면허 보유자: 커피지도사 2급
• ERP, WMS, CRM, POS 등 직무 관련 시스템 사용 경험자
• 수치와 데이터를 활용한 실적 분석 경험자
• 다양한 이해관계자와 협업해 문제를 해결한 경험자
• 신규 프로세스 구축이나 업무 자동화 경험자","• 지원서 및 제출서류의 허위기재 또는 허위 제출
• 채용 과정에서 본인 확인이 불가능한 경우
• 채용검진 결과 업무 수행에 부적합하다고 판단되는 경우
• 해외여행 및 근무에 결격사유가 있는 경우
• 기타 회사 또는 기관의 인사규정상 채용이 불가능한 경우",서류전형 > 필기전형 > 면접전형 > 최종합격
969,바리스타 담당자,14,97,20260814,20260915,19,신입,정규직,대전광역시,학력무관,"기업 부설 연구소에서 커피 음료 제조와 매장 고객 경험을 담당하는 포지션을(를) 맡을 바리스타를 모집합니다.

이번 포지션은 원두관리, 추출, 음료제조, 위생, 고객응대을 중심으로 운영 현장의 품질과 일정, 고객 경험을 함께 관리하는 역할입니다.

기본기를 바탕으로 새로운 업무를 빠르게 익히고 실행할 분을 모십니다.

유관 부서 및 외부 파트너와 업무 기준을 공유하고, 이슈 발생 시 원인을 정리해 재발 방지 방안을 실행합니다.

초기에는 담당 업무의 프로세스와 시스템을 익히고, 이후에는 담당 영역의 지표 개선과 운영 표준화까지 주도하게 됩니다.","• 원두관리, 추출, 음료제조, 위생, 고객응대 및 일일 운영 현황 관리
• 업무 일정·실적·품질 지표 점검 및 보고
• 관련 시스템과 문서의 정확한 입력·관리
• 고객·협력사·유관 부서 문의 대응 및 이슈 조율
• 업무 절차 개선과 운영 리스크 사전 점검
• 주요 이슈 원인 분석 및 후속 조치 관리
• 정기 회의 자료 작성과 진행 현황 공유
• 현장 안전·보안·개인정보 보호 기준 준수","• 커피 추출 기본기와 서비스 마인드 관련 기본 지식 또는 실무 경험을 보유한 분
• 필수 자격·면허: 바리스타 2급 보유자 또는 입사 전 취득 가능한 분
• 맡은 업무를 정확하게 기록하고 마감까지 책임질 수 있는 분
• 문서작성, 이메일, 스프레드시트 등 기본 업무도구 활용이 가능한 분
• 고객 및 유관 부서와 원활하게 소통하고 요청사항을 정리할 수 있는 분
• 예상하지 못한 상황에서도 우선순위를 판단해 대응할 수 있는 분
• 업무상 취급하는 자료와 고객 정보를 안전하게 관리할 수 있는 분
• 직무 관련 교육을 꾸준히 이수하며 전문성을 높일 분","• 바리스타 또는 유사 직무 경력 보유자
• 직무 관련 자격·면허 보유자: 바리스타 2급
• 직무 관련 자격·면허 보유자: 커피지도사 2급
• ERP, WMS, CRM, POS 등 직무 관련 시스템 사용 경험자
• 수치와 데이터를 활용한 실적 분석 경험자
• 다양한 이해관계자와 협업해 문제를 해결한 경험자
• 외국어 또는 관련 법규·안전 기준을 활용할 수 있는 분","• 지원서 및 제출서류의 허위기재 또는 허위 제출
• 채용 과정에서 본인 확인이 불가능한 경우
• 채용검진 결과 업무 수행에 부적합하다고 판단되는 경우
• 해외여행 및 근무에 결격사유가 있는 경우
• 기타 회사 또는 기관의 인사규정상 채용이 불가능한 경우",서류전형 > 실무면접 > 최종면접
970,바리스타 실무자,37,97,20260831,20261009,10,경력,계약직,세종특별자치시,전문학사 이상,"전문 협회에서 커피 음료 제조와 매장 고객 경험을 담당하는 포지션을(를) 맡을 바리스타를 모집합니다.

이번 포지션은 원두관리, 추출, 음료제조, 위생, 고객응대을 중심으로 운영 현장의 품질과 일정, 고객 경험을 함께 관리하는 역할입니다.

성과와 고객 만족을 함께 고려하며 실질적인 변화를 만드는 역할입니다.

유관 부서 및 외부 파트너와 업무 기준을 공유하고, 이슈 발생 시 원인을 정리해 재발 방지 방안을 실행합니다.

초기에는 담당 업무의 프로세스와 시스템을 익히고, 이후에는 담당 영역의 지표 개선과 운영 표준화까지 주도하게 됩니다.","• 원두관리, 추출, 음료제조, 위생, 고객응대 및 일일 운영 현황 관리
• 업무 일정·실적·품질 지표 점검 및 보고
• 관련 시스템과 문서의 정확한 입력·관리
• 고객·협력사·유관 부서 문의 대응 및 이슈 조율
• 업무 절차 개선과 운영 리스크 사전 점검
• 주요 이슈 원인 분석 및 후속 조치 관리
• 정기 회의 자료 작성과 진행 현황 공유
• 업무 매뉴얼 정비와 신규 구성원 온보딩 지원","• 커피 추출 기본기와 서비스 마인드 관련 기본 지식 또는 실무 경험을 보유한 분
• 필수 자격·면허: 바리스타 2급 보유자 또는 입사 전 취득 가능한 분
• 맡은 업무를 정확하게 기록하고 마감까지 책임질 수 있는 분
• 문서작성, 이메일, 스프레드시트 등 기본 업무도구 활용이 가능한 분
• 고객 및 유관 부서와 원활하게 소통하고 요청사항을 정리할 수 있는 분
• 예상하지 못한 상황에서도 우선순위를 판단해 대응할 수 있는 분
• 업무상 취급하는 자료와 고객 정보를 안전하게 관리할 수 있는 분
• 직무 관련 교육을 꾸준히 이수하며 전문성을 높일 분","• 바리스타 또는 유사 직무 경력 보유자
• 직무 관련 자격·면허 보유자: 바리스타 2급
• 직무 관련 자격·면허 보유자: 커피지도사 2급
• ERP, WMS, CRM, POS 등 직무 관련 시스템 사용 경험자
• 수치와 데이터를 활용한 실적 분석 경험자
• 다양한 이해관계자와 협업해 문제를 해결한 경험자
• 신규 프로세스 구축이나 업무 자동화 경험자","• 지원서 및 제출서류의 허위기재 또는 허위 제출
• 채용 과정에서 본인 확인이 불가능한 경우
• 채용검진 결과 업무 수행에 부적합하다고 판단되는 경우
• 해외여행 및 근무에 결격사유가 있는 경우
• 기타 회사 또는 기관의 인사규정상 채용이 불가능한 경우",서류전형 > 인성검사 > 실무면접 > 최종면접
971,셰프·주방장 전문 인력,1,98,20260917,20260927,1,경력 2년 이상,무기계약직,충청남도,석사 이상,"공공서비스 운영기관에서 주방 메뉴와 인력을 총괄하는 포지션을(를) 맡을 셰프·주방장를 모집합니다.

이번 포지션은 메뉴개발, 조리표준, 인력배치, 원가, 위생을 중심으로 운영 현장의 품질과 일정, 고객 경험을 함께 관리하는 역할입니다.

정확한 실행력과 협업을 바탕으로 안정적인 운영을 함께 만들어 갈 분을 찾습니다.

유관 부서 및 외부 파트너와 업무 기준을 공유하고, 이슈 발생 시 원인을 정리해 재발 방지 방안을 실행합니다.

초기에는 담당 업무의 프로세스와 시스템을 익히고, 이후에는 담당 영역의 지표 개선과 운영 표준화까지 주도하게 됩니다.","• 메뉴개발, 조리표준, 인력배치, 원가, 위생 및 일일 운영 현황 관리
• 업무 일정·실적·품질 지표 점검 및 보고
• 관련 시스템과 문서의 정확한 입력·관리
• 고객·협력사·유관 부서 문의 대응 및 이슈 조율
• 업무 절차 개선과 운영 리스크 사전 점검
• 주요 이슈 원인 분석 및 후속 조치 관리
• 정기 회의 자료 작성과 진행 현황 공유
• 현장 안전·보안·개인정보 보호 기준 준수","• 주방 리딩과 메뉴 운영 경험 관련 기본 지식 또는 실무 경험을 보유한 분
• 필수 자격·면허: 조리기능장 보유자 또는 입사 전 취득 가능한 분
• 맡은 업무를 정확하게 기록하고 마감까지 책임질 수 있는 분
• 문서작성, 이메일, 스프레드시트 등 기본 업무도구 활용이 가능한 분
• 고객 및 유관 부서와 원활하게 소통하고 요청사항을 정리할 수 있는 분
• 예상하지 못한 상황에서도 우선순위를 판단해 대응할 수 있는 분
• 업무상 취급하는 자료와 고객 정보를 안전하게 관리할 수 있는 분
• 교대·주말·현장 근무가 포함될 수 있는 일정에 대응 가능한 분","• 셰프·주방장 또는 유사 직무 경력 보유자
• 직무 관련 자격·면허 보유자: 조리기능장
• 직무 관련 자격·면허 보유자: 한식조리산업기사
• ERP, WMS, CRM, POS 등 직무 관련 시스템 사용 경험자
• 수치와 데이터를 활용한 실적 분석 경험자
• 다양한 이해관계자와 협업해 문제를 해결한 경험자
• 외국어 또는 관련 법규·안전 기준을 활용할 수 있는 분","• 지원서 및 제출서류의 허위기재 또는 허위 제출
• 채용 과정에서 본인 확인이 불가능한 경우
• 채용검진 결과 업무 수행에 부적합하다고 판단되는 경우
• 해외여행 및 근무에 결격사유가 있는 경우
• 기타 회사 또는 기관의 인사규정상 채용이 불가능한 경우",서류전형 > 1차면접 > 2차면접 > 채용검진
972,셰프·주방장 경력 채용,142,98,20261004,20261021,12,경력 3년 이상,기간제,경상북도,박사 이상,"대기업 사업부에서 주방 메뉴와 인력을 총괄하는 포지션을(를) 맡을 셰프·주방장를 모집합니다.

이번 포지션은 메뉴개발, 조리표준, 인력배치, 원가, 위생을 중심으로 운영 현장의 품질과 일정, 고객 경험을 함께 관리하는 역할입니다.

현장과 유관 부서의 요구를 연결하며 업무 품질을 높이는 역할입니다.

유관 부서 및 외부 파트너와 업무 기준을 공유하고, 이슈 발생 시 원인을 정리해 재발 방지 방안을 실행합니다.

초기에는 담당 업무의 프로세스와 시스템을 익히고, 이후에는 담당 영역의 지표 개선과 운영 표준화까지 주도하게 됩니다.","• 메뉴개발, 조리표준, 인력배치, 원가, 위생 및 일일 운영 현황 관리
• 업무 일정·실적·품질 지표 점검 및 보고
• 관련 시스템과 문서의 정확한 입력·관리
• 고객·협력사·유관 부서 문의 대응 및 이슈 조율
• 업무 절차 개선과 운영 리스크 사전 점검
• 주요 이슈 원인 분석 및 후속 조치 관리
• 정기 회의 자료 작성과 진행 현황 공유
• 업무 매뉴얼 정비와 신규 구성원 온보딩 지원","• 주방 리딩과 메뉴 운영 경험 관련 기본 지식 또는 실무 경험을 보유한 분
• 필수 자격·면허: 조리기능장 보유자 또는 입사 전 취득 가능한 분
• 맡은 업무를 정확하게 기록하고 마감까지 책임질 수 있는 분
• 문서작성, 이메일, 스프레드시트 등 기본 업무도구 활용이 가능한 분
• 고객 및 유관 부서와 원활하게 소통하고 요청사항을 정리할 수 있는 분
• 예상하지 못한 상황에서도 우선순위를 판단해 대응할 수 있는 분
• 업무상 취급하는 자료와 고객 정보를 안전하게 관리할 수 있는 분
• 직무 관련 교육을 꾸준히 이수하며 전문성을 높일 분","• 셰프·주방장 또는 유사 직무 경력 보유자
• 직무 관련 자격·면허 보유자: 조리기능장
• 직무 관련 자격·면허 보유자: 한식조리산업기사
• ERP, WMS, CRM, POS 등 직무 관련 시스템 사용 경험자
• 수치와 데이터를 활용한 실적 분석 경험자
• 다양한 이해관계자와 협업해 문제를 해결한 경험자
• 신규 프로세스 구축이나 업무 자동화 경험자","• 지원서 및 제출서류의 허위기재 또는 허위 제출
• 채용 과정에서 본인 확인이 불가능한 경우
• 채용검진 결과 업무 수행에 부적합하다고 판단되는 경우
• 해외여행 및 근무에 결격사유가 있는 경우
• 기타 회사 또는 기관의 인사규정상 채용이 불가능한 경우",서류전형 > 필기전형 > 면접전형 > 최종합격
973,셰프·주방장 현장 책임자,135,98,20261021,20261114,3,경력 5년 이상,정규직,서울특별시,학력무관,"중견 제조기업에서 주방 메뉴와 인력을 총괄하는 포지션을(를) 맡을 셰프·주방장를 모집합니다.

이번 포지션은 메뉴개발, 조리표준, 인력배치, 원가, 위생을 중심으로 운영 현장의 품질과 일정, 고객 경험을 함께 관리하는 역할입니다.

업무 기준을 준수하면서도 개선점을 주도적으로 제안할 수 있는 분을 기다립니다.

유관 부서 및 외부 파트너와 업무 기준을 공유하고, 이슈 발생 시 원인을 정리해 재발 방지 방안을 실행합니다.

초기에는 담당 업무의 프로세스와 시스템을 익히고, 이후에는 담당 영역의 지표 개선과 운영 표준화까지 주도하게 됩니다.","• 메뉴개발, 조리표준, 인력배치, 원가, 위생 및 일일 운영 현황 관리
• 업무 일정·실적·품질 지표 점검 및 보고
• 관련 시스템과 문서의 정확한 입력·관리
• 고객·협력사·유관 부서 문의 대응 및 이슈 조율
• 업무 절차 개선과 운영 리스크 사전 점검
• 주요 이슈 원인 분석 및 후속 조치 관리
• 정기 회의 자료 작성과 진행 현황 공유
• 현장 안전·보안·개인정보 보호 기준 준수","• 주방 리딩과 메뉴 운영 경험 관련 기본 지식 또는 실무 경험을 보유한 분
• 필수 자격·면허: 조리기능장 보유자 또는 입사 전 취득 가능한 분
• 맡은 업무를 정확하게 기록하고 마감까지 책임질 수 있는 분
• 문서작성, 이메일, 스프레드시트 등 기본 업무도구 활용이 가능한 분
• 고객 및 유관 부서와 원활하게 소통하고 요청사항을 정리할 수 있는 분
• 예상하지 못한 상황에서도 우선순위를 판단해 대응할 수 있는 분
• 업무상 취급하는 자료와 고객 정보를 안전하게 관리할 수 있는 분
• 직무 관련 교육을 꾸준히 이수하며 전문성을 높일 분","• 셰프·주방장 또는 유사 직무 경력 보유자
• 직무 관련 자격·면허 보유자: 조리기능장
• 직무 관련 자격·면허 보유자: 한식조리산업기사
• ERP, WMS, CRM, POS 등 직무 관련 시스템 사용 경험자
• 수치와 데이터를 활용한 실적 분석 경험자
• 다양한 이해관계자와 협업해 문제를 해결한 경험자
• 외국어 또는 관련 법규·안전 기준을 활용할 수 있는 분","• 지원서 및 제출서류의 허위기재 또는 허위 제출
• 채용 과정에서 본인 확인이 불가능한 경우
• 채용검진 결과 업무 수행에 부적합하다고 판단되는 경우
• 해외여행 및 근무에 결격사유가 있는 경우
• 기타 회사 또는 기관의 인사규정상 채용이 불가능한 경우",서류전형 > 실무면접 > 최종면접
974,셰프·주방장 서비스 담당,99,98,20261107,20261208,14,경력 무관,계약직,대전광역시,전문학사 이상,"전문 중소기업에서 주방 메뉴와 인력을 총괄하는 포지션을(를) 맡을 셰프·주방장를 모집합니다.

이번 포지션은 메뉴개발, 조리표준, 인력배치, 원가, 위생을 중심으로 운영 현장의 품질과 일정, 고객 경험을 함께 관리하는 역할입니다.

고객과 동료에게 신뢰를 주는 태도로 맡은 업무를 끝까지 책임지는 포지션입니다.

유관 부서 및 외부 파트너와 업무 기준을 공유하고, 이슈 발생 시 원인을 정리해 재발 방지 방안을 실행합니다.

초기에는 담당 업무의 프로세스와 시스템을 익히고, 이후에는 담당 영역의 지표 개선과 운영 표준화까지 주도하게 됩니다.","• 메뉴개발, 조리표준, 인력배치, 원가, 위생 및 일일 운영 현황 관리
• 업무 일정·실적·품질 지표 점검 및 보고
• 관련 시스템과 문서의 정확한 입력·관리
• 고객·협력사·유관 부서 문의 대응 및 이슈 조율
• 업무 절차 개선과 운영 리스크 사전 점검
• 주요 이슈 원인 분석 및 후속 조치 관리
• 정기 회의 자료 작성과 진행 현황 공유
• 업무 매뉴얼 정비와 신규 구성원 온보딩 지원","• 주방 리딩과 메뉴 운영 경험 관련 기본 지식 또는 실무 경험을 보유한 분
• 필수 자격·면허: 조리기능장 보유자 또는 입사 전 취득 가능한 분
• 맡은 업무를 정확하게 기록하고 마감까지 책임질 수 있는 분
• 문서작성, 이메일, 스프레드시트 등 기본 업무도구 활용이 가능한 분
• 고객 및 유관 부서와 원활하게 소통하고 요청사항을 정리할 수 있는 분
• 예상하지 못한 상황에서도 우선순위를 판단해 대응할 수 있는 분
• 업무상 취급하는 자료와 고객 정보를 안전하게 관리할 수 있는 분
• 교대·주말·현장 근무가 포함될 수 있는 일정에 대응 가능한 분","• 셰프·주방장 또는 유사 직무 경력 보유자
• 직무 관련 자격·면허 보유자: 조리기능장
• 직무 관련 자격·면허 보유자: 한식조리산업기사
• ERP, WMS, CRM, POS 등 직무 관련 시스템 사용 경험자
• 수치와 데이터를 활용한 실적 분석 경험자
• 다양한 이해관계자와 협업해 문제를 해결한 경험자
• 신규 프로세스 구축이나 업무 자동화 경험자","• 지원서 및 제출서류의 허위기재 또는 허위 제출
• 채용 과정에서 본인 확인이 불가능한 경우
• 채용검진 결과 업무 수행에 부적합하다고 판단되는 경우
• 해외여행 및 근무에 결격사유가 있는 경우
• 기타 회사 또는 기관의 인사규정상 채용이 불가능한 경우",서류전형 > 인성검사 > 실무면접 > 최종면접
975,셰프·주방장 담당자,111,98,20261124,20270101,5,신입,무기계약직,세종특별자치시,학사 이상,"성장 단계 스타트업에서 주방 메뉴와 인력을 총괄하는 포지션을(를) 맡을 셰프·주방장를 모집합니다.

이번 포지션은 메뉴개발, 조리표준, 인력배치, 원가, 위생을 중심으로 운영 현장의 품질과 일정, 고객 경험을 함께 관리하는 역할입니다.

데이터와 현장 감각을 함께 활용해 반복 업무를 효율화하는 역할입니다.

유관 부서 및 외부 파트너와 업무 기준을 공유하고, 이슈 발생 시 원인을 정리해 재발 방지 방안을 실행합니다.

초기에는 담당 업무의 프로세스와 시스템을 익히고, 이후에는 담당 영역의 지표 개선과 운영 표준화까지 주도하게 됩니다.","• 메뉴개발, 조리표준, 인력배치, 원가, 위생 및 일일 운영 현황 관리
• 업무 일정·실적·품질 지표 점검 및 보고
• 관련 시스템과 문서의 정확한 입력·관리
• 고객·협력사·유관 부서 문의 대응 및 이슈 조율
• 업무 절차 개선과 운영 리스크 사전 점검
• 주요 이슈 원인 분석 및 후속 조치 관리
• 정기 회의 자료 작성과 진행 현황 공유
• 현장 안전·보안·개인정보 보호 기준 준수","• 주방 리딩과 메뉴 운영 경험 관련 기본 지식 또는 실무 경험을 보유한 분
• 필수 자격·면허: 조리기능장 보유자 또는 입사 전 취득 가능한 분
• 맡은 업무를 정확하게 기록하고 마감까지 책임질 수 있는 분
• 문서작성, 이메일, 스프레드시트 등 기본 업무도구 활용이 가능한 분
• 고객 및 유관 부서와 원활하게 소통하고 요청사항을 정리할 수 있는 분
• 예상하지 못한 상황에서도 우선순위를 판단해 대응할 수 있는 분
• 업무상 취급하는 자료와 고객 정보를 안전하게 관리할 수 있는 분
• 직무 관련 교육을 꾸준히 이수하며 전문성을 높일 분","• 셰프·주방장 또는 유사 직무 경력 보유자
• 직무 관련 자격·면허 보유자: 조리기능장
• 직무 관련 자격·면허 보유자: 한식조리산업기사
• ERP, WMS, CRM, POS 등 직무 관련 시스템 사용 경험자
• 수치와 데이터를 활용한 실적 분석 경험자
• 다양한 이해관계자와 협업해 문제를 해결한 경험자
• 외국어 또는 관련 법규·안전 기준을 활용할 수 있는 분","• 지원서 및 제출서류의 허위기재 또는 허위 제출
• 채용 과정에서 본인 확인이 불가능한 경우
• 채용검진 결과 업무 수행에 부적합하다고 판단되는 경우
• 해외여행 및 근무에 결격사유가 있는 경우
• 기타 회사 또는 기관의 인사규정상 채용이 불가능한 경우",서류전형 > 직무과제 > 실무면접 > 최종합격
976,셰프·주방장 실무자,119,98,20261211,20270125,16,경력,기간제,충청북도,석사 이상,"종합병원 운영조직에서 주방 메뉴와 인력을 총괄하는 포지션을(를) 맡을 셰프·주방장를 모집합니다.

이번 포지션은 메뉴개발, 조리표준, 인력배치, 원가, 위생을 중심으로 운영 현장의 품질과 일정, 고객 경험을 함께 관리하는 역할입니다.

정해진 절차를 지키되 상황에 맞게 유연하게 대응하는 실무자를 모집합니다.

유관 부서 및 외부 파트너와 업무 기준을 공유하고, 이슈 발생 시 원인을 정리해 재발 방지 방안을 실행합니다.

초기에는 담당 업무의 프로세스와 시스템을 익히고, 이후에는 담당 영역의 지표 개선과 운영 표준화까지 주도하게 됩니다.","• 메뉴개발, 조리표준, 인력배치, 원가, 위생 및 일일 운영 현황 관리
• 업무 일정·실적·품질 지표 점검 및 보고
• 관련 시스템과 문서의 정확한 입력·관리
• 고객·협력사·유관 부서 문의 대응 및 이슈 조율
• 업무 절차 개선과 운영 리스크 사전 점검
• 주요 이슈 원인 분석 및 후속 조치 관리
• 정기 회의 자료 작성과 진행 현황 공유
• 업무 매뉴얼 정비와 신규 구성원 온보딩 지원","• 주방 리딩과 메뉴 운영 경험 관련 기본 지식 또는 실무 경험을 보유한 분
• 필수 자격·면허: 조리기능장 보유자 또는 입사 전 취득 가능한 분
• 맡은 업무를 정확하게 기록하고 마감까지 책임질 수 있는 분
• 문서작성, 이메일, 스프레드시트 등 기본 업무도구 활용이 가능한 분
• 고객 및 유관 부서와 원활하게 소통하고 요청사항을 정리할 수 있는 분
• 예상하지 못한 상황에서도 우선순위를 판단해 대응할 수 있는 분
• 업무상 취급하는 자료와 고객 정보를 안전하게 관리할 수 있는 분
• 직무 관련 교육을 꾸준히 이수하며 전문성을 높일 분","• 셰프·주방장 또는 유사 직무 경력 보유자
• 직무 관련 자격·면허 보유자: 조리기능장
• 직무 관련 자격·면허 보유자: 한식조리산업기사
• ERP, WMS, CRM, POS 등 직무 관련 시스템 사용 경험자
• 수치와 데이터를 활용한 실적 분석 경험자
• 다양한 이해관계자와 협업해 문제를 해결한 경험자
• 신규 프로세스 구축이나 업무 자동화 경험자","• 지원서 및 제출서류의 허위기재 또는 허위 제출
• 채용 과정에서 본인 확인이 불가능한 경우
• 채용검진 결과 업무 수행에 부적합하다고 판단되는 경우
• 해외여행 및 근무에 결격사유가 있는 경우
• 기타 회사 또는 기관의 인사규정상 채용이 불가능한 경우",서류전형 > 1차면접 > 2차면접 > 채용검진
977,셰프·주방장 운영 매니저,21,98,20260117,20260202,7,신입·경력,정규직,전라남도,박사 이상,"대학 산학협력단에서 주방 메뉴와 인력을 총괄하는 포지션을(를) 맡을 셰프·주방장를 모집합니다.

이번 포지션은 메뉴개발, 조리표준, 인력배치, 원가, 위생을 중심으로 운영 현장의 품질과 일정, 고객 경험을 함께 관리하는 역할입니다.

부서 간 원활한 소통으로 일정과 품질을 안정적으로 관리하는 직무입니다.

유관 부서 및 외부 파트너와 업무 기준을 공유하고, 이슈 발생 시 원인을 정리해 재발 방지 방안을 실행합니다.

초기에는 담당 업무의 프로세스와 시스템을 익히고, 이후에는 담당 영역의 지표 개선과 운영 표준화까지 주도하게 됩니다.","• 메뉴개발, 조리표준, 인력배치, 원가, 위생 및 일일 운영 현황 관리
• 업무 일정·실적·품질 지표 점검 및 보고
• 관련 시스템과 문서의 정확한 입력·관리
• 고객·협력사·유관 부서 문의 대응 및 이슈 조율
• 업무 절차 개선과 운영 리스크 사전 점검
• 주요 이슈 원인 분석 및 후속 조치 관리
• 정기 회의 자료 작성과 진행 현황 공유
• 현장 안전·보안·개인정보 보호 기준 준수","• 주방 리딩과 메뉴 운영 경험 관련 기본 지식 또는 실무 경험을 보유한 분
• 필수 자격·면허: 조리기능장 보유자 또는 입사 전 취득 가능한 분
• 맡은 업무를 정확하게 기록하고 마감까지 책임질 수 있는 분
• 문서작성, 이메일, 스프레드시트 등 기본 업무도구 활용이 가능한 분
• 고객 및 유관 부서와 원활하게 소통하고 요청사항을 정리할 수 있는 분
• 예상하지 못한 상황에서도 우선순위를 판단해 대응할 수 있는 분
• 업무상 취급하는 자료와 고객 정보를 안전하게 관리할 수 있는 분
• 교대·주말·현장 근무가 포함될 수 있는 일정에 대응 가능한 분","• 셰프·주방장 또는 유사 직무 경력 보유자
• 직무 관련 자격·면허 보유자: 조리기능장
• 직무 관련 자격·면허 보유자: 한식조리산업기사
• ERP, WMS, CRM, POS 등 직무 관련 시스템 사용 경험자
• 수치와 데이터를 활용한 실적 분석 경험자
• 다양한 이해관계자와 협업해 문제를 해결한 경험자
• 외국어 또는 관련 법규·안전 기준을 활용할 수 있는 분","• 지원서 및 제출서류의 허위기재 또는 허위 제출
• 채용 과정에서 본인 확인이 불가능한 경우
• 채용검진 결과 업무 수행에 부적합하다고 판단되는 경우
• 해외여행 및 근무에 결격사유가 있는 경우
• 기타 회사 또는 기관의 인사규정상 채용이 불가능한 경우",서류전형 > 필기전형 > 면접전형 > 최종합격
978,셰프·주방장 전문 인력,57,98,20260203,20260226,18,경력 2년 이상,계약직,제주특별자치도,학력무관,"기업 부설 연구소에서 주방 메뉴와 인력을 총괄하는 포지션을(를) 맡을 셰프·주방장를 모집합니다.

이번 포지션은 메뉴개발, 조리표준, 인력배치, 원가, 위생을 중심으로 운영 현장의 품질과 일정, 고객 경험을 함께 관리하는 역할입니다.

서비스 품질과 안전을 우선하며 꾸준히 전문성을 쌓을 수 있는 포지션입니다.

유관 부서 및 외부 파트너와 업무 기준을 공유하고, 이슈 발생 시 원인을 정리해 재발 방지 방안을 실행합니다.

초기에는 담당 업무의 프로세스와 시스템을 익히고, 이후에는 담당 영역의 지표 개선과 운영 표준화까지 주도하게 됩니다.","• 메뉴개발, 조리표준, 인력배치, 원가, 위생 및 일일 운영 현황 관리
• 업무 일정·실적·품질 지표 점검 및 보고
• 관련 시스템과 문서의 정확한 입력·관리
• 고객·협력사·유관 부서 문의 대응 및 이슈 조율
• 업무 절차 개선과 운영 리스크 사전 점검
• 주요 이슈 원인 분석 및 후속 조치 관리
• 정기 회의 자료 작성과 진행 현황 공유
• 업무 매뉴얼 정비와 신규 구성원 온보딩 지원","• 주방 리딩과 메뉴 운영 경험 관련 기본 지식 또는 실무 경험을 보유한 분
• 필수 자격·면허: 조리기능장 보유자 또는 입사 전 취득 가능한 분
• 맡은 업무를 정확하게 기록하고 마감까지 책임질 수 있는 분
• 문서작성, 이메일, 스프레드시트 등 기본 업무도구 활용이 가능한 분
• 고객 및 유관 부서와 원활하게 소통하고 요청사항을 정리할 수 있는 분
• 예상하지 못한 상황에서도 우선순위를 판단해 대응할 수 있는 분
• 업무상 취급하는 자료와 고객 정보를 안전하게 관리할 수 있는 분
• 직무 관련 교육을 꾸준히 이수하며 전문성을 높일 분","• 셰프·주방장 또는 유사 직무 경력 보유자
• 직무 관련 자격·면허 보유자: 조리기능장
• 직무 관련 자격·면허 보유자: 한식조리산업기사
• ERP, WMS, CRM, POS 등 직무 관련 시스템 사용 경험자
• 수치와 데이터를 활용한 실적 분석 경험자
• 다양한 이해관계자와 협업해 문제를 해결한 경험자
• 신규 프로세스 구축이나 업무 자동화 경험자","• 지원서 및 제출서류의 허위기재 또는 허위 제출
• 채용 과정에서 본인 확인이 불가능한 경우
• 채용검진 결과 업무 수행에 부적합하다고 판단되는 경우
• 해외여행 및 근무에 결격사유가 있는 경우
• 기타 회사 또는 기관의 인사규정상 채용이 불가능한 경우",서류전형 > 실무면접 > 최종면접
979,셰프·주방장 경력 채용,77,98,20260220,20260322,9,경력 3년 이상,무기계약직,인천광역시,전문학사 이상,"전문 협회에서 주방 메뉴와 인력을 총괄하는 포지션을(를) 맡을 셰프·주방장를 모집합니다.

이번 포지션은 메뉴개발, 조리표준, 인력배치, 원가, 위생을 중심으로 운영 현장의 품질과 일정, 고객 경험을 함께 관리하는 역할입니다.

기본기를 바탕으로 새로운 업무를 빠르게 익히고 실행할 분을 모십니다.

유관 부서 및 외부 파트너와 업무 기준을 공유하고, 이슈 발생 시 원인을 정리해 재발 방지 방안을 실행합니다.

초기에는 담당 업무의 프로세스와 시스템을 익히고, 이후에는 담당 영역의 지표 개선과 운영 표준화까지 주도하게 됩니다.","• 메뉴개발, 조리표준, 인력배치, 원가, 위생 및 일일 운영 현황 관리
• 업무 일정·실적·품질 지표 점검 및 보고
• 관련 시스템과 문서의 정확한 입력·관리
• 고객·협력사·유관 부서 문의 대응 및 이슈 조율
• 업무 절차 개선과 운영 리스크 사전 점검
• 주요 이슈 원인 분석 및 후속 조치 관리
• 정기 회의 자료 작성과 진행 현황 공유
• 현장 안전·보안·개인정보 보호 기준 준수","• 주방 리딩과 메뉴 운영 경험 관련 기본 지식 또는 실무 경험을 보유한 분
• 필수 자격·면허: 조리기능장 보유자 또는 입사 전 취득 가능한 분
• 맡은 업무를 정확하게 기록하고 마감까지 책임질 수 있는 분
• 문서작성, 이메일, 스프레드시트 등 기본 업무도구 활용이 가능한 분
• 고객 및 유관 부서와 원활하게 소통하고 요청사항을 정리할 수 있는 분
• 예상하지 못한 상황에서도 우선순위를 판단해 대응할 수 있는 분
• 업무상 취급하는 자료와 고객 정보를 안전하게 관리할 수 있는 분
• 직무 관련 교육을 꾸준히 이수하며 전문성을 높일 분","• 셰프·주방장 또는 유사 직무 경력 보유자
• 직무 관련 자격·면허 보유자: 조리기능장
• 직무 관련 자격·면허 보유자: 한식조리산업기사
• ERP, WMS, CRM, POS 등 직무 관련 시스템 사용 경험자
• 수치와 데이터를 활용한 실적 분석 경험자
• 다양한 이해관계자와 협업해 문제를 해결한 경험자
• 외국어 또는 관련 법규·안전 기준을 활용할 수 있는 분","• 지원서 및 제출서류의 허위기재 또는 허위 제출
• 채용 과정에서 본인 확인이 불가능한 경우
• 채용검진 결과 업무 수행에 부적합하다고 판단되는 경우
• 해외여행 및 근무에 결격사유가 있는 경우
• 기타 회사 또는 기관의 인사규정상 채용이 불가능한 경우",서류전형 > 인성검사 > 실무면접 > 최종면접
980,셰프·주방장 현장 책임자,148,98,20260309,20260415,20,경력 5년 이상,기간제,울산광역시,학사 이상,"공공서비스 운영기관에서 주방 메뉴와 인력을 총괄하는 포지션을(를) 맡을 셰프·주방장를 모집합니다.

이번 포지션은 메뉴개발, 조리표준, 인력배치, 원가, 위생을 중심으로 운영 현장의 품질과 일정, 고객 경험을 함께 관리하는 역할입니다.

성과와 고객 만족을 함께 고려하며 실질적인 변화를 만드는 역할입니다.

유관 부서 및 외부 파트너와 업무 기준을 공유하고, 이슈 발생 시 원인을 정리해 재발 방지 방안을 실행합니다.

초기에는 담당 업무의 프로세스와 시스템을 익히고, 이후에는 담당 영역의 지표 개선과 운영 표준화까지 주도하게 됩니다.","• 메뉴개발, 조리표준, 인력배치, 원가, 위생 및 일일 운영 현황 관리
• 업무 일정·실적·품질 지표 점검 및 보고
• 관련 시스템과 문서의 정확한 입력·관리
• 고객·협력사·유관 부서 문의 대응 및 이슈 조율
• 업무 절차 개선과 운영 리스크 사전 점검
• 주요 이슈 원인 분석 및 후속 조치 관리
• 정기 회의 자료 작성과 진행 현황 공유
• 업무 매뉴얼 정비와 신규 구성원 온보딩 지원","• 주방 리딩과 메뉴 운영 경험 관련 기본 지식 또는 실무 경험을 보유한 분
• 필수 자격·면허: 조리기능장 보유자 또는 입사 전 취득 가능한 분
• 맡은 업무를 정확하게 기록하고 마감까지 책임질 수 있는 분
• 문서작성, 이메일, 스프레드시트 등 기본 업무도구 활용이 가능한 분
• 고객 및 유관 부서와 원활하게 소통하고 요청사항을 정리할 수 있는 분
• 예상하지 못한 상황에서도 우선순위를 판단해 대응할 수 있는 분
• 업무상 취급하는 자료와 고객 정보를 안전하게 관리할 수 있는 분
• 교대·주말·현장 근무가 포함될 수 있는 일정에 대응 가능한 분","• 셰프·주방장 또는 유사 직무 경력 보유자
• 직무 관련 자격·면허 보유자: 조리기능장
• 직무 관련 자격·면허 보유자: 한식조리산업기사
• ERP, WMS, CRM, POS 등 직무 관련 시스템 사용 경험자
• 수치와 데이터를 활용한 실적 분석 경험자
• 다양한 이해관계자와 협업해 문제를 해결한 경험자
• 신규 프로세스 구축이나 업무 자동화 경험자","• 지원서 및 제출서류의 허위기재 또는 허위 제출
• 채용 과정에서 본인 확인이 불가능한 경우
• 채용검진 결과 업무 수행에 부적합하다고 판단되는 경우
• 해외여행 및 근무에 결격사유가 있는 경우
• 기타 회사 또는 기관의 인사규정상 채용이 불가능한 경우",서류전형 > 직무과제 > 실무면접 > 최종합격
981,카페·레스토랑매니저 담당자,15,99,20260326,20260509,11,신입,정규직,충청북도,박사 이상,"대기업 사업부에서 매장의 서비스와 매출 운영을 관리하는 포지션을(를) 맡을 카페·레스토랑매니저를 모집합니다.

이번 포지션은 오픈·마감, 인력, 매출, 발주, 고객응대을 중심으로 운영 현장의 품질과 일정, 고객 경험을 함께 관리하는 역할입니다.

정확한 실행력과 협업을 바탕으로 안정적인 운영을 함께 만들어 갈 분을 찾습니다.

유관 부서 및 외부 파트너와 업무 기준을 공유하고, 이슈 발생 시 원인을 정리해 재발 방지 방안을 실행합니다.

초기에는 담당 업무의 프로세스와 시스템을 익히고, 이후에는 담당 영역의 지표 개선과 운영 표준화까지 주도하게 됩니다.","• 오픈·마감, 인력, 매출, 발주, 고객응대 및 일일 운영 현황 관리
• 업무 일정·실적·품질 지표 점검 및 보고
• 관련 시스템과 문서의 정확한 입력·관리
• 고객·협력사·유관 부서 문의 대응 및 이슈 조율
• 업무 절차 개선과 운영 리스크 사전 점검
• 주요 이슈 원인 분석 및 후속 조치 관리
• 정기 회의 자료 작성과 진행 현황 공유
• 현장 안전·보안·개인정보 보호 기준 준수","• 외식 매장 운영 경험 관련 기본 지식 또는 실무 경험을 보유한 분
• 필수 자격·면허: 조주기능사 보유자 또는 입사 전 취득 가능한 분
• 맡은 업무를 정확하게 기록하고 마감까지 책임질 수 있는 분
• 문서작성, 이메일, 스프레드시트 등 기본 업무도구 활용이 가능한 분
• 고객 및 유관 부서와 원활하게 소통하고 요청사항을 정리할 수 있는 분
• 예상하지 못한 상황에서도 우선순위를 판단해 대응할 수 있는 분
• 업무상 취급하는 자료와 고객 정보를 안전하게 관리할 수 있는 분
• 직무 관련 교육을 꾸준히 이수하며 전문성을 높일 분","• 카페·레스토랑매니저 또는 유사 직무 경력 보유자
• 직무 관련 자격·면허 보유자: 조주기능사
• 직무 관련 자격·면허 보유자: 외식경영관리사
• ERP, WMS, CRM, POS 등 직무 관련 시스템 사용 경험자
• 수치와 데이터를 활용한 실적 분석 경험자
• 다양한 이해관계자와 협업해 문제를 해결한 경험자
• 외국어 또는 관련 법규·안전 기준을 활용할 수 있는 분","• 지원서 및 제출서류의 허위기재 또는 허위 제출
• 채용 과정에서 본인 확인이 불가능한 경우
• 채용검진 결과 업무 수행에 부적합하다고 판단되는 경우
• 해외여행 및 근무에 결격사유가 있는 경우
• 기타 회사 또는 기관의 인사규정상 채용이 불가능한 경우",서류전형 > 필기전형 > 면접전형 > 최종합격
982,카페·레스토랑매니저 실무자,69,99,20260412,20260427,2,경력,계약직,전라남도,학력무관,"중견 제조기업에서 매장의 서비스와 매출 운영을 관리하는 포지션을(를) 맡을 카페·레스토랑매니저를 모집합니다.

이번 포지션은 오픈·마감, 인력, 매출, 발주, 고객응대을 중심으로 운영 현장의 품질과 일정, 고객 경험을 함께 관리하는 역할입니다.

현장과 유관 부서의 요구를 연결하며 업무 품질을 높이는 역할입니다.

유관 부서 및 외부 파트너와 업무 기준을 공유하고, 이슈 발생 시 원인을 정리해 재발 방지 방안을 실행합니다.

초기에는 담당 업무의 프로세스와 시스템을 익히고, 이후에는 담당 영역의 지표 개선과 운영 표준화까지 주도하게 됩니다.","• 오픈·마감, 인력, 매출, 발주, 고객응대 및 일일 운영 현황 관리
• 업무 일정·실적·품질 지표 점검 및 보고
• 관련 시스템과 문서의 정확한 입력·관리
• 고객·협력사·유관 부서 문의 대응 및 이슈 조율
• 업무 절차 개선과 운영 리스크 사전 점검
• 주요 이슈 원인 분석 및 후속 조치 관리
• 정기 회의 자료 작성과 진행 현황 공유
• 업무 매뉴얼 정비와 신규 구성원 온보딩 지원","• 외식 매장 운영 경험 관련 기본 지식 또는 실무 경험을 보유한 분
• 필수 자격·면허: 조주기능사 보유자 또는 입사 전 취득 가능한 분
• 맡은 업무를 정확하게 기록하고 마감까지 책임질 수 있는 분
• 문서작성, 이메일, 스프레드시트 등 기본 업무도구 활용이 가능한 분
• 고객 및 유관 부서와 원활하게 소통하고 요청사항을 정리할 수 있는 분
• 예상하지 못한 상황에서도 우선순위를 판단해 대응할 수 있는 분
• 업무상 취급하는 자료와 고객 정보를 안전하게 관리할 수 있는 분
• 직무 관련 교육을 꾸준히 이수하며 전문성을 높일 분","• 카페·레스토랑매니저 또는 유사 직무 경력 보유자
• 직무 관련 자격·면허 보유자: 조주기능사
• 직무 관련 자격·면허 보유자: 외식경영관리사
• ERP, WMS, CRM, POS 등 직무 관련 시스템 사용 경험자
• 수치와 데이터를 활용한 실적 분석 경험자
• 다양한 이해관계자와 협업해 문제를 해결한 경험자
• 신규 프로세스 구축이나 업무 자동화 경험자","• 지원서 및 제출서류의 허위기재 또는 허위 제출
• 채용 과정에서 본인 확인이 불가능한 경우
• 채용검진 결과 업무 수행에 부적합하다고 판단되는 경우
• 해외여행 및 근무에 결격사유가 있는 경우
• 기타 회사 또는 기관의 인사규정상 채용이 불가능한 경우",서류전형 > 실무면접 > 최종면접
983,카페·레스토랑매니저 운영 매니저,114,99,20260429,20260521,13,신입·경력,무기계약직,제주특별자치도,전문학사 이상,"전문 중소기업에서 매장의 서비스와 매출 운영을 관리하는 포지션을(를) 맡을 카페·레스토랑매니저를 모집합니다.

이번 포지션은 오픈·마감, 인력, 매출, 발주, 고객응대을 중심으로 운영 현장의 품질과 일정, 고객 경험을 함께 관리하는 역할입니다.

업무 기준을 준수하면서도 개선점을 주도적으로 제안할 수 있는 분을 기다립니다.

유관 부서 및 외부 파트너와 업무 기준을 공유하고, 이슈 발생 시 원인을 정리해 재발 방지 방안을 실행합니다.

초기에는 담당 업무의 프로세스와 시스템을 익히고, 이후에는 담당 영역의 지표 개선과 운영 표준화까지 주도하게 됩니다.","• 오픈·마감, 인력, 매출, 발주, 고객응대 및 일일 운영 현황 관리
• 업무 일정·실적·품질 지표 점검 및 보고
• 관련 시스템과 문서의 정확한 입력·관리
• 고객·협력사·유관 부서 문의 대응 및 이슈 조율
• 업무 절차 개선과 운영 리스크 사전 점검
• 주요 이슈 원인 분석 및 후속 조치 관리
• 정기 회의 자료 작성과 진행 현황 공유
• 현장 안전·보안·개인정보 보호 기준 준수","• 외식 매장 운영 경험 관련 기본 지식 또는 실무 경험을 보유한 분
• 필수 자격·면허: 조주기능사 보유자 또는 입사 전 취득 가능한 분
• 맡은 업무를 정확하게 기록하고 마감까지 책임질 수 있는 분
• 문서작성, 이메일, 스프레드시트 등 기본 업무도구 활용이 가능한 분
• 고객 및 유관 부서와 원활하게 소통하고 요청사항을 정리할 수 있는 분
• 예상하지 못한 상황에서도 우선순위를 판단해 대응할 수 있는 분
• 업무상 취급하는 자료와 고객 정보를 안전하게 관리할 수 있는 분
• 교대·주말·현장 근무가 포함될 수 있는 일정에 대응 가능한 분","• 카페·레스토랑매니저 또는 유사 직무 경력 보유자
• 직무 관련 자격·면허 보유자: 조주기능사
• 직무 관련 자격·면허 보유자: 외식경영관리사
• ERP, WMS, CRM, POS 등 직무 관련 시스템 사용 경험자
• 수치와 데이터를 활용한 실적 분석 경험자
• 다양한 이해관계자와 협업해 문제를 해결한 경험자
• 외국어 또는 관련 법규·안전 기준을 활용할 수 있는 분","• 지원서 및 제출서류의 허위기재 또는 허위 제출
• 채용 과정에서 본인 확인이 불가능한 경우
• 채용검진 결과 업무 수행에 부적합하다고 판단되는 경우
• 해외여행 및 근무에 결격사유가 있는 경우
• 기타 회사 또는 기관의 인사규정상 채용이 불가능한 경우",서류전형 > 인성검사 > 실무면접 > 최종면접
984,카페·레스토랑매니저 전문 인력,66,99,20260516,20260614,4,경력 2년 이상,기간제,인천광역시,학사 이상,"성장 단계 스타트업에서 매장의 서비스와 매출 운영을 관리하는 포지션을(를) 맡을 카페·레스토랑매니저를 모집합니다.

이번 포지션은 오픈·마감, 인력, 매출, 발주, 고객응대을 중심으로 운영 현장의 품질과 일정, 고객 경험을 함께 관리하는 역할입니다.

고객과 동료에게 신뢰를 주는 태도로 맡은 업무를 끝까지 책임지는 포지션입니다.

유관 부서 및 외부 파트너와 업무 기준을 공유하고, 이슈 발생 시 원인을 정리해 재발 방지 방안을 실행합니다.

초기에는 담당 업무의 프로세스와 시스템을 익히고, 이후에는 담당 영역의 지표 개선과 운영 표준화까지 주도하게 됩니다.","• 오픈·마감, 인력, 매출, 발주, 고객응대 및 일일 운영 현황 관리
• 업무 일정·실적·품질 지표 점검 및 보고
• 관련 시스템과 문서의 정확한 입력·관리
• 고객·협력사·유관 부서 문의 대응 및 이슈 조율
• 업무 절차 개선과 운영 리스크 사전 점검
• 주요 이슈 원인 분석 및 후속 조치 관리
• 정기 회의 자료 작성과 진행 현황 공유
• 업무 매뉴얼 정비와 신규 구성원 온보딩 지원","• 외식 매장 운영 경험 관련 기본 지식 또는 실무 경험을 보유한 분
• 필수 자격·면허: 조주기능사 보유자 또는 입사 전 취득 가능한 분
• 맡은 업무를 정확하게 기록하고 마감까지 책임질 수 있는 분
• 문서작성, 이메일, 스프레드시트 등 기본 업무도구 활용이 가능한 분
• 고객 및 유관 부서와 원활하게 소통하고 요청사항을 정리할 수 있는 분
• 예상하지 못한 상황에서도 우선순위를 판단해 대응할 수 있는 분
• 업무상 취급하는 자료와 고객 정보를 안전하게 관리할 수 있는 분
• 직무 관련 교육을 꾸준히 이수하며 전문성을 높일 분","• 카페·레스토랑매니저 또는 유사 직무 경력 보유자
• 직무 관련 자격·면허 보유자: 조주기능사
• 직무 관련 자격·면허 보유자: 외식경영관리사
• ERP, WMS, CRM, POS 등 직무 관련 시스템 사용 경험자
• 수치와 데이터를 활용한 실적 분석 경험자
• 다양한 이해관계자와 협업해 문제를 해결한 경험자
• 신규 프로세스 구축이나 업무 자동화 경험자","• 지원서 및 제출서류의 허위기재 또는 허위 제출
• 채용 과정에서 본인 확인이 불가능한 경우
• 채용검진 결과 업무 수행에 부적합하다고 판단되는 경우
• 해외여행 및 근무에 결격사유가 있는 경우
• 기타 회사 또는 기관의 인사규정상 채용이 불가능한 경우",서류전형 > 직무과제 > 실무면접 > 최종합격
985,카페·레스토랑매니저 경력 채용,157,99,20260602,20260708,15,경력 3년 이상,정규직,울산광역시,석사 이상,"종합병원 운영조직에서 매장의 서비스와 매출 운영을 관리하는 포지션을(를) 맡을 카페·레스토랑매니저를 모집합니다.

이번 포지션은 오픈·마감, 인력, 매출, 발주, 고객응대을 중심으로 운영 현장의 품질과 일정, 고객 경험을 함께 관리하는 역할입니다.

데이터와 현장 감각을 함께 활용해 반복 업무를 효율화하는 역할입니다.

유관 부서 및 외부 파트너와 업무 기준을 공유하고, 이슈 발생 시 원인을 정리해 재발 방지 방안을 실행합니다.

초기에는 담당 업무의 프로세스와 시스템을 익히고, 이후에는 담당 영역의 지표 개선과 운영 표준화까지 주도하게 됩니다.","• 오픈·마감, 인력, 매출, 발주, 고객응대 및 일일 운영 현황 관리
• 업무 일정·실적·품질 지표 점검 및 보고
• 관련 시스템과 문서의 정확한 입력·관리
• 고객·협력사·유관 부서 문의 대응 및 이슈 조율
• 업무 절차 개선과 운영 리스크 사전 점검
• 주요 이슈 원인 분석 및 후속 조치 관리
• 정기 회의 자료 작성과 진행 현황 공유
• 현장 안전·보안·개인정보 보호 기준 준수","• 외식 매장 운영 경험 관련 기본 지식 또는 실무 경험을 보유한 분
• 필수 자격·면허: 조주기능사 보유자 또는 입사 전 취득 가능한 분
• 맡은 업무를 정확하게 기록하고 마감까지 책임질 수 있는 분
• 문서작성, 이메일, 스프레드시트 등 기본 업무도구 활용이 가능한 분
• 고객 및 유관 부서와 원활하게 소통하고 요청사항을 정리할 수 있는 분
• 예상하지 못한 상황에서도 우선순위를 판단해 대응할 수 있는 분
• 업무상 취급하는 자료와 고객 정보를 안전하게 관리할 수 있는 분
• 직무 관련 교육을 꾸준히 이수하며 전문성을 높일 분","• 카페·레스토랑매니저 또는 유사 직무 경력 보유자
• 직무 관련 자격·면허 보유자: 조주기능사
• 직무 관련 자격·면허 보유자: 외식경영관리사
• ERP, WMS, CRM, POS 등 직무 관련 시스템 사용 경험자
• 수치와 데이터를 활용한 실적 분석 경험자
• 다양한 이해관계자와 협업해 문제를 해결한 경험자
• 외국어 또는 관련 법규·안전 기준을 활용할 수 있는 분","• 지원서 및 제출서류의 허위기재 또는 허위 제출
• 채용 과정에서 본인 확인이 불가능한 경우
• 채용검진 결과 업무 수행에 부적합하다고 판단되는 경우
• 해외여행 및 근무에 결격사유가 있는 경우
• 기타 회사 또는 기관의 인사규정상 채용이 불가능한 경우",서류전형 > 1차면접 > 2차면접 > 채용검진
986,카페·레스토랑매니저 현장 책임자,84,99,20260619,20260801,6,경력 5년 이상,계약직,강원특별자치도,박사 이상,"대학 산학협력단에서 매장의 서비스와 매출 운영을 관리하는 포지션을(를) 맡을 카페·레스토랑매니저를 모집합니다.

이번 포지션은 오픈·마감, 인력, 매출, 발주, 고객응대을 중심으로 운영 현장의 품질과 일정, 고객 경험을 함께 관리하는 역할입니다.

정해진 절차를 지키되 상황에 맞게 유연하게 대응하는 실무자를 모집합니다.

유관 부서 및 외부 파트너와 업무 기준을 공유하고, 이슈 발생 시 원인을 정리해 재발 방지 방안을 실행합니다.

초기에는 담당 업무의 프로세스와 시스템을 익히고, 이후에는 담당 영역의 지표 개선과 운영 표준화까지 주도하게 됩니다.","• 오픈·마감, 인력, 매출, 발주, 고객응대 및 일일 운영 현황 관리
• 업무 일정·실적·품질 지표 점검 및 보고
• 관련 시스템과 문서의 정확한 입력·관리
• 고객·협력사·유관 부서 문의 대응 및 이슈 조율
• 업무 절차 개선과 운영 리스크 사전 점검
• 주요 이슈 원인 분석 및 후속 조치 관리
• 정기 회의 자료 작성과 진행 현황 공유
• 업무 매뉴얼 정비와 신규 구성원 온보딩 지원","• 외식 매장 운영 경험 관련 기본 지식 또는 실무 경험을 보유한 분
• 필수 자격·면허: 조주기능사 보유자 또는 입사 전 취득 가능한 분
• 맡은 업무를 정확하게 기록하고 마감까지 책임질 수 있는 분
• 문서작성, 이메일, 스프레드시트 등 기본 업무도구 활용이 가능한 분
• 고객 및 유관 부서와 원활하게 소통하고 요청사항을 정리할 수 있는 분
• 예상하지 못한 상황에서도 우선순위를 판단해 대응할 수 있는 분
• 업무상 취급하는 자료와 고객 정보를 안전하게 관리할 수 있는 분
• 교대·주말·현장 근무가 포함될 수 있는 일정에 대응 가능한 분","• 카페·레스토랑매니저 또는 유사 직무 경력 보유자
• 직무 관련 자격·면허 보유자: 조주기능사
• 직무 관련 자격·면허 보유자: 외식경영관리사
• ERP, WMS, CRM, POS 등 직무 관련 시스템 사용 경험자
• 수치와 데이터를 활용한 실적 분석 경험자
• 다양한 이해관계자와 협업해 문제를 해결한 경험자
• 신규 프로세스 구축이나 업무 자동화 경험자","• 지원서 및 제출서류의 허위기재 또는 허위 제출
• 채용 과정에서 본인 확인이 불가능한 경우
• 채용검진 결과 업무 수행에 부적합하다고 판단되는 경우
• 해외여행 및 근무에 결격사유가 있는 경우
• 기타 회사 또는 기관의 인사규정상 채용이 불가능한 경우",서류전형 > 필기전형 > 면접전형 > 최종합격
987,카페·레스토랑매니저 서비스 담당,21,99,20260706,20260720,17,경력 무관,무기계약직,전라북도,학력무관,"기업 부설 연구소에서 매장의 서비스와 매출 운영을 관리하는 포지션을(를) 맡을 카페·레스토랑매니저를 모집합니다.

이번 포지션은 오픈·마감, 인력, 매출, 발주, 고객응대을 중심으로 운영 현장의 품질과 일정, 고객 경험을 함께 관리하는 역할입니다.

부서 간 원활한 소통으로 일정과 품질을 안정적으로 관리하는 직무입니다.

유관 부서 및 외부 파트너와 업무 기준을 공유하고, 이슈 발생 시 원인을 정리해 재발 방지 방안을 실행합니다.

초기에는 담당 업무의 프로세스와 시스템을 익히고, 이후에는 담당 영역의 지표 개선과 운영 표준화까지 주도하게 됩니다.","• 오픈·마감, 인력, 매출, 발주, 고객응대 및 일일 운영 현황 관리
• 업무 일정·실적·품질 지표 점검 및 보고
• 관련 시스템과 문서의 정확한 입력·관리
• 고객·협력사·유관 부서 문의 대응 및 이슈 조율
• 업무 절차 개선과 운영 리스크 사전 점검
• 주요 이슈 원인 분석 및 후속 조치 관리
• 정기 회의 자료 작성과 진행 현황 공유
• 현장 안전·보안·개인정보 보호 기준 준수","• 외식 매장 운영 경험 관련 기본 지식 또는 실무 경험을 보유한 분
• 필수 자격·면허: 조주기능사 보유자 또는 입사 전 취득 가능한 분
• 맡은 업무를 정확하게 기록하고 마감까지 책임질 수 있는 분
• 문서작성, 이메일, 스프레드시트 등 기본 업무도구 활용이 가능한 분
• 고객 및 유관 부서와 원활하게 소통하고 요청사항을 정리할 수 있는 분
• 예상하지 못한 상황에서도 우선순위를 판단해 대응할 수 있는 분
• 업무상 취급하는 자료와 고객 정보를 안전하게 관리할 수 있는 분
• 직무 관련 교육을 꾸준히 이수하며 전문성을 높일 분","• 카페·레스토랑매니저 또는 유사 직무 경력 보유자
• 직무 관련 자격·면허 보유자: 조주기능사
• 직무 관련 자격·면허 보유자: 외식경영관리사
• ERP, WMS, CRM, POS 등 직무 관련 시스템 사용 경험자
• 수치와 데이터를 활용한 실적 분석 경험자
• 다양한 이해관계자와 협업해 문제를 해결한 경험자
• 외국어 또는 관련 법규·안전 기준을 활용할 수 있는 분","• 지원서 및 제출서류의 허위기재 또는 허위 제출
• 채용 과정에서 본인 확인이 불가능한 경우
• 채용검진 결과 업무 수행에 부적합하다고 판단되는 경우
• 해외여행 및 근무에 결격사유가 있는 경우
• 기타 회사 또는 기관의 인사규정상 채용이 불가능한 경우",서류전형 > 실무면접 > 최종면접
988,카페·레스토랑매니저 담당자,80,99,20260723,20260813,8,신입,기간제,경상남도,전문학사 이상,"전문 협회에서 매장의 서비스와 매출 운영을 관리하는 포지션을(를) 맡을 카페·레스토랑매니저를 모집합니다.

이번 포지션은 오픈·마감, 인력, 매출, 발주, 고객응대을 중심으로 운영 현장의 품질과 일정, 고객 경험을 함께 관리하는 역할입니다.

서비스 품질과 안전을 우선하며 꾸준히 전문성을 쌓을 수 있는 포지션입니다.

유관 부서 및 외부 파트너와 업무 기준을 공유하고, 이슈 발생 시 원인을 정리해 재발 방지 방안을 실행합니다.

초기에는 담당 업무의 프로세스와 시스템을 익히고, 이후에는 담당 영역의 지표 개선과 운영 표준화까지 주도하게 됩니다.","• 오픈·마감, 인력, 매출, 발주, 고객응대 및 일일 운영 현황 관리
• 업무 일정·실적·품질 지표 점검 및 보고
• 관련 시스템과 문서의 정확한 입력·관리
• 고객·협력사·유관 부서 문의 대응 및 이슈 조율
• 업무 절차 개선과 운영 리스크 사전 점검
• 주요 이슈 원인 분석 및 후속 조치 관리
• 정기 회의 자료 작성과 진행 현황 공유
• 업무 매뉴얼 정비와 신규 구성원 온보딩 지원","• 외식 매장 운영 경험 관련 기본 지식 또는 실무 경험을 보유한 분
• 필수 자격·면허: 조주기능사 보유자 또는 입사 전 취득 가능한 분
• 맡은 업무를 정확하게 기록하고 마감까지 책임질 수 있는 분
• 문서작성, 이메일, 스프레드시트 등 기본 업무도구 활용이 가능한 분
• 고객 및 유관 부서와 원활하게 소통하고 요청사항을 정리할 수 있는 분
• 예상하지 못한 상황에서도 우선순위를 판단해 대응할 수 있는 분
• 업무상 취급하는 자료와 고객 정보를 안전하게 관리할 수 있는 분
• 직무 관련 교육을 꾸준히 이수하며 전문성을 높일 분","• 카페·레스토랑매니저 또는 유사 직무 경력 보유자
• 직무 관련 자격·면허 보유자: 조주기능사
• 직무 관련 자격·면허 보유자: 외식경영관리사
• ERP, WMS, CRM, POS 등 직무 관련 시스템 사용 경험자
• 수치와 데이터를 활용한 실적 분석 경험자
• 다양한 이해관계자와 협업해 문제를 해결한 경험자
• 신규 프로세스 구축이나 업무 자동화 경험자","• 지원서 및 제출서류의 허위기재 또는 허위 제출
• 채용 과정에서 본인 확인이 불가능한 경우
• 채용검진 결과 업무 수행에 부적합하다고 판단되는 경우
• 해외여행 및 근무에 결격사유가 있는 경우
• 기타 회사 또는 기관의 인사규정상 채용이 불가능한 경우",서류전형 > 인성검사 > 실무면접 > 최종면접
989,카페·레스토랑매니저 실무자,134,99,20260809,20260906,19,경력,정규직,부산광역시,학사 이상,"공공서비스 운영기관에서 매장의 서비스와 매출 운영을 관리하는 포지션을(를) 맡을 카페·레스토랑매니저를 모집합니다.

이번 포지션은 오픈·마감, 인력, 매출, 발주, 고객응대을 중심으로 운영 현장의 품질과 일정, 고객 경험을 함께 관리하는 역할입니다.

기본기를 바탕으로 새로운 업무를 빠르게 익히고 실행할 분을 모십니다.

유관 부서 및 외부 파트너와 업무 기준을 공유하고, 이슈 발생 시 원인을 정리해 재발 방지 방안을 실행합니다.

초기에는 담당 업무의 프로세스와 시스템을 익히고, 이후에는 담당 영역의 지표 개선과 운영 표준화까지 주도하게 됩니다.","• 오픈·마감, 인력, 매출, 발주, 고객응대 및 일일 운영 현황 관리
• 업무 일정·실적·품질 지표 점검 및 보고
• 관련 시스템과 문서의 정확한 입력·관리
• 고객·협력사·유관 부서 문의 대응 및 이슈 조율
• 업무 절차 개선과 운영 리스크 사전 점검
• 주요 이슈 원인 분석 및 후속 조치 관리
• 정기 회의 자료 작성과 진행 현황 공유
• 현장 안전·보안·개인정보 보호 기준 준수","• 외식 매장 운영 경험 관련 기본 지식 또는 실무 경험을 보유한 분
• 필수 자격·면허: 조주기능사 보유자 또는 입사 전 취득 가능한 분
• 맡은 업무를 정확하게 기록하고 마감까지 책임질 수 있는 분
• 문서작성, 이메일, 스프레드시트 등 기본 업무도구 활용이 가능한 분
• 고객 및 유관 부서와 원활하게 소통하고 요청사항을 정리할 수 있는 분
• 예상하지 못한 상황에서도 우선순위를 판단해 대응할 수 있는 분
• 업무상 취급하는 자료와 고객 정보를 안전하게 관리할 수 있는 분
• 교대·주말·현장 근무가 포함될 수 있는 일정에 대응 가능한 분","• 카페·레스토랑매니저 또는 유사 직무 경력 보유자
• 직무 관련 자격·면허 보유자: 조주기능사
• 직무 관련 자격·면허 보유자: 외식경영관리사
• ERP, WMS, CRM, POS 등 직무 관련 시스템 사용 경험자
• 수치와 데이터를 활용한 실적 분석 경험자
• 다양한 이해관계자와 협업해 문제를 해결한 경험자
• 외국어 또는 관련 법규·안전 기준을 활용할 수 있는 분","• 지원서 및 제출서류의 허위기재 또는 허위 제출
• 채용 과정에서 본인 확인이 불가능한 경우
• 채용검진 결과 업무 수행에 부적합하다고 판단되는 경우
• 해외여행 및 근무에 결격사유가 있는 경우
• 기타 회사 또는 기관의 인사규정상 채용이 불가능한 경우",서류전형 > 직무과제 > 실무면접 > 최종합격
990,카페·레스토랑매니저 운영 매니저,138,99,20260826,20260930,10,신입·경력,계약직,광주광역시,석사 이상,"대기업 사업부에서 매장의 서비스와 매출 운영을 관리하는 포지션을(를) 맡을 카페·레스토랑매니저를 모집합니다.

이번 포지션은 오픈·마감, 인력, 매출, 발주, 고객응대을 중심으로 운영 현장의 품질과 일정, 고객 경험을 함께 관리하는 역할입니다.

성과와 고객 만족을 함께 고려하며 실질적인 변화를 만드는 역할입니다.

유관 부서 및 외부 파트너와 업무 기준을 공유하고, 이슈 발생 시 원인을 정리해 재발 방지 방안을 실행합니다.

초기에는 담당 업무의 프로세스와 시스템을 익히고, 이후에는 담당 영역의 지표 개선과 운영 표준화까지 주도하게 됩니다.","• 오픈·마감, 인력, 매출, 발주, 고객응대 및 일일 운영 현황 관리
• 업무 일정·실적·품질 지표 점검 및 보고
• 관련 시스템과 문서의 정확한 입력·관리
• 고객·협력사·유관 부서 문의 대응 및 이슈 조율
• 업무 절차 개선과 운영 리스크 사전 점검
• 주요 이슈 원인 분석 및 후속 조치 관리
• 정기 회의 자료 작성과 진행 현황 공유
• 업무 매뉴얼 정비와 신규 구성원 온보딩 지원","• 외식 매장 운영 경험 관련 기본 지식 또는 실무 경험을 보유한 분
• 필수 자격·면허: 조주기능사 보유자 또는 입사 전 취득 가능한 분
• 맡은 업무를 정확하게 기록하고 마감까지 책임질 수 있는 분
• 문서작성, 이메일, 스프레드시트 등 기본 업무도구 활용이 가능한 분
• 고객 및 유관 부서와 원활하게 소통하고 요청사항을 정리할 수 있는 분
• 예상하지 못한 상황에서도 우선순위를 판단해 대응할 수 있는 분
• 업무상 취급하는 자료와 고객 정보를 안전하게 관리할 수 있는 분
• 직무 관련 교육을 꾸준히 이수하며 전문성을 높일 분","• 카페·레스토랑매니저 또는 유사 직무 경력 보유자
• 직무 관련 자격·면허 보유자: 조주기능사
• 직무 관련 자격·면허 보유자: 외식경영관리사
• ERP, WMS, CRM, POS 등 직무 관련 시스템 사용 경험자
• 수치와 데이터를 활용한 실적 분석 경험자
• 다양한 이해관계자와 협업해 문제를 해결한 경험자
• 신규 프로세스 구축이나 업무 자동화 경험자","• 지원서 및 제출서류의 허위기재 또는 허위 제출
• 채용 과정에서 본인 확인이 불가능한 경우
• 채용검진 결과 업무 수행에 부적합하다고 판단되는 경우
• 해외여행 및 근무에 결격사유가 있는 경우
• 기타 회사 또는 기관의 인사규정상 채용이 불가능한 경우",서류전형 > 1차면접 > 2차면접 > 채용검진
991,홀서버 경력 채용,6,100,20260912,20261024,1,경력 3년 이상,무기계약직,강원특별자치도,학력무관,"중견 제조기업에서 고객에게 쾌적한 식음 서비스를 제공하는 포지션을(를) 맡을 홀서버를 모집합니다.

이번 포지션은 좌석안내, 주문접수, 음식제공, 테이블정리, 결제을 중심으로 운영 현장의 품질과 일정, 고객 경험을 함께 관리하는 역할입니다.

정확한 실행력과 협업을 바탕으로 안정적인 운영을 함께 만들어 갈 분을 찾습니다.

유관 부서 및 외부 파트너와 업무 기준을 공유하고, 이슈 발생 시 원인을 정리해 재발 방지 방안을 실행합니다.

초기에는 담당 업무의 프로세스와 시스템을 익히고, 이후에는 담당 영역의 지표 개선과 운영 표준화까지 주도하게 됩니다.","• 좌석안내, 주문접수, 음식제공, 테이블정리, 결제 및 일일 운영 현황 관리
• 업무 일정·실적·품질 지표 점검 및 보고
• 관련 시스템과 문서의 정확한 입력·관리
• 고객·협력사·유관 부서 문의 대응 및 이슈 조율
• 업무 절차 개선과 운영 리스크 사전 점검
• 주요 이슈 원인 분석 및 후속 조치 관리
• 정기 회의 자료 작성과 진행 현황 공유
• 현장 안전·보안·개인정보 보호 기준 준수","• 밝은 고객응대와 팀워크 관련 기본 지식 또는 실무 경험을 보유한 분
• 필수 자격·면허: 조주기능사 보유자 또는 입사 전 취득 가능한 분
• 맡은 업무를 정확하게 기록하고 마감까지 책임질 수 있는 분
• 문서작성, 이메일, 스프레드시트 등 기본 업무도구 활용이 가능한 분
• 고객 및 유관 부서와 원활하게 소통하고 요청사항을 정리할 수 있는 분
• 예상하지 못한 상황에서도 우선순위를 판단해 대응할 수 있는 분
• 업무상 취급하는 자료와 고객 정보를 안전하게 관리할 수 있는 분
• 직무 관련 교육을 꾸준히 이수하며 전문성을 높일 분","• 홀서버 또는 유사 직무 경력 보유자
• 직무 관련 자격·면허 보유자: 조주기능사
• 직무 관련 자격·면허 보유자: CS Leaders 관리사
• ERP, WMS, CRM, POS 등 직무 관련 시스템 사용 경험자
• 수치와 데이터를 활용한 실적 분석 경험자
• 다양한 이해관계자와 협업해 문제를 해결한 경험자
• 외국어 또는 관련 법규·안전 기준을 활용할 수 있는 분","• 지원서 및 제출서류의 허위기재 또는 허위 제출
• 채용 과정에서 본인 확인이 불가능한 경우
• 채용검진 결과 업무 수행에 부적합하다고 판단되는 경우
• 해외여행 및 근무에 결격사유가 있는 경우
• 기타 회사 또는 기관의 인사규정상 채용이 불가능한 경우",서류전형 > 실무면접 > 최종면접
992,홀서버 현장 책임자,131,100,20260929,20261012,12,경력 5년 이상,기간제,전라북도,전문학사 이상,"전문 중소기업에서 고객에게 쾌적한 식음 서비스를 제공하는 포지션을(를) 맡을 홀서버를 모집합니다.

이번 포지션은 좌석안내, 주문접수, 음식제공, 테이블정리, 결제을 중심으로 운영 현장의 품질과 일정, 고객 경험을 함께 관리하는 역할입니다.

현장과 유관 부서의 요구를 연결하며 업무 품질을 높이는 역할입니다.

유관 부서 및 외부 파트너와 업무 기준을 공유하고, 이슈 발생 시 원인을 정리해 재발 방지 방안을 실행합니다.

초기에는 담당 업무의 프로세스와 시스템을 익히고, 이후에는 담당 영역의 지표 개선과 운영 표준화까지 주도하게 됩니다.","• 좌석안내, 주문접수, 음식제공, 테이블정리, 결제 및 일일 운영 현황 관리
• 업무 일정·실적·품질 지표 점검 및 보고
• 관련 시스템과 문서의 정확한 입력·관리
• 고객·협력사·유관 부서 문의 대응 및 이슈 조율
• 업무 절차 개선과 운영 리스크 사전 점검
• 주요 이슈 원인 분석 및 후속 조치 관리
• 정기 회의 자료 작성과 진행 현황 공유
• 업무 매뉴얼 정비와 신규 구성원 온보딩 지원","• 밝은 고객응대와 팀워크 관련 기본 지식 또는 실무 경험을 보유한 분
• 필수 자격·면허: 조주기능사 보유자 또는 입사 전 취득 가능한 분
• 맡은 업무를 정확하게 기록하고 마감까지 책임질 수 있는 분
• 문서작성, 이메일, 스프레드시트 등 기본 업무도구 활용이 가능한 분
• 고객 및 유관 부서와 원활하게 소통하고 요청사항을 정리할 수 있는 분
• 예상하지 못한 상황에서도 우선순위를 판단해 대응할 수 있는 분
• 업무상 취급하는 자료와 고객 정보를 안전하게 관리할 수 있는 분
• 교대·주말·현장 근무가 포함될 수 있는 일정에 대응 가능한 분","• 홀서버 또는 유사 직무 경력 보유자
• 직무 관련 자격·면허 보유자: 조주기능사
• 직무 관련 자격·면허 보유자: CS Leaders 관리사
• ERP, WMS, CRM, POS 등 직무 관련 시스템 사용 경험자
• 수치와 데이터를 활용한 실적 분석 경험자
• 다양한 이해관계자와 협업해 문제를 해결한 경험자
• 신규 프로세스 구축이나 업무 자동화 경험자","• 지원서 및 제출서류의 허위기재 또는 허위 제출
• 채용 과정에서 본인 확인이 불가능한 경우
• 채용검진 결과 업무 수행에 부적합하다고 판단되는 경우
• 해외여행 및 근무에 결격사유가 있는 경우
• 기타 회사 또는 기관의 인사규정상 채용이 불가능한 경우",서류전형 > 인성검사 > 실무면접 > 최종면접
993,홀서버 서비스 담당,138,100,20261016,20261105,3,경력 무관,정규직,경상남도,학사 이상,"성장 단계 스타트업에서 고객에게 쾌적한 식음 서비스를 제공하는 포지션을(를) 맡을 홀서버를 모집합니다.

이번 포지션은 좌석안내, 주문접수, 음식제공, 테이블정리, 결제을 중심으로 운영 현장의 품질과 일정, 고객 경험을 함께 관리하는 역할입니다.

업무 기준을 준수하면서도 개선점을 주도적으로 제안할 수 있는 분을 기다립니다.

유관 부서 및 외부 파트너와 업무 기준을 공유하고, 이슈 발생 시 원인을 정리해 재발 방지 방안을 실행합니다.

초기에는 담당 업무의 프로세스와 시스템을 익히고, 이후에는 담당 영역의 지표 개선과 운영 표준화까지 주도하게 됩니다.","• 좌석안내, 주문접수, 음식제공, 테이블정리, 결제 및 일일 운영 현황 관리
• 업무 일정·실적·품질 지표 점검 및 보고
• 관련 시스템과 문서의 정확한 입력·관리
• 고객·협력사·유관 부서 문의 대응 및 이슈 조율
• 업무 절차 개선과 운영 리스크 사전 점검
• 주요 이슈 원인 분석 및 후속 조치 관리
• 정기 회의 자료 작성과 진행 현황 공유
• 현장 안전·보안·개인정보 보호 기준 준수","• 밝은 고객응대와 팀워크 관련 기본 지식 또는 실무 경험을 보유한 분
• 필수 자격·면허: 조주기능사 보유자 또는 입사 전 취득 가능한 분
• 맡은 업무를 정확하게 기록하고 마감까지 책임질 수 있는 분
• 문서작성, 이메일, 스프레드시트 등 기본 업무도구 활용이 가능한 분
• 고객 및 유관 부서와 원활하게 소통하고 요청사항을 정리할 수 있는 분
• 예상하지 못한 상황에서도 우선순위를 판단해 대응할 수 있는 분
• 업무상 취급하는 자료와 고객 정보를 안전하게 관리할 수 있는 분
• 직무 관련 교육을 꾸준히 이수하며 전문성을 높일 분","• 홀서버 또는 유사 직무 경력 보유자
• 직무 관련 자격·면허 보유자: 조주기능사
• 직무 관련 자격·면허 보유자: CS Leaders 관리사
• ERP, WMS, CRM, POS 등 직무 관련 시스템 사용 경험자
• 수치와 데이터를 활용한 실적 분석 경험자
• 다양한 이해관계자와 협업해 문제를 해결한 경험자
• 외국어 또는 관련 법규·안전 기준을 활용할 수 있는 분","• 지원서 및 제출서류의 허위기재 또는 허위 제출
• 채용 과정에서 본인 확인이 불가능한 경우
• 채용검진 결과 업무 수행에 부적합하다고 판단되는 경우
• 해외여행 및 근무에 결격사유가 있는 경우
• 기타 회사 또는 기관의 인사규정상 채용이 불가능한 경우",서류전형 > 직무과제 > 실무면접 > 최종합격
994,홀서버 담당자,155,100,20261102,20261129,14,신입,계약직,부산광역시,석사 이상,"종합병원 운영조직에서 고객에게 쾌적한 식음 서비스를 제공하는 포지션을(를) 맡을 홀서버를 모집합니다.

이번 포지션은 좌석안내, 주문접수, 음식제공, 테이블정리, 결제을 중심으로 운영 현장의 품질과 일정, 고객 경험을 함께 관리하는 역할입니다.

고객과 동료에게 신뢰를 주는 태도로 맡은 업무를 끝까지 책임지는 포지션입니다.

유관 부서 및 외부 파트너와 업무 기준을 공유하고, 이슈 발생 시 원인을 정리해 재발 방지 방안을 실행합니다.

초기에는 담당 업무의 프로세스와 시스템을 익히고, 이후에는 담당 영역의 지표 개선과 운영 표준화까지 주도하게 됩니다.","• 좌석안내, 주문접수, 음식제공, 테이블정리, 결제 및 일일 운영 현황 관리
• 업무 일정·실적·품질 지표 점검 및 보고
• 관련 시스템과 문서의 정확한 입력·관리
• 고객·협력사·유관 부서 문의 대응 및 이슈 조율
• 업무 절차 개선과 운영 리스크 사전 점검
• 주요 이슈 원인 분석 및 후속 조치 관리
• 정기 회의 자료 작성과 진행 현황 공유
• 업무 매뉴얼 정비와 신규 구성원 온보딩 지원","• 밝은 고객응대와 팀워크 관련 기본 지식 또는 실무 경험을 보유한 분
• 필수 자격·면허: 조주기능사 보유자 또는 입사 전 취득 가능한 분
• 맡은 업무를 정확하게 기록하고 마감까지 책임질 수 있는 분
• 문서작성, 이메일, 스프레드시트 등 기본 업무도구 활용이 가능한 분
• 고객 및 유관 부서와 원활하게 소통하고 요청사항을 정리할 수 있는 분
• 예상하지 못한 상황에서도 우선순위를 판단해 대응할 수 있는 분
• 업무상 취급하는 자료와 고객 정보를 안전하게 관리할 수 있는 분
• 직무 관련 교육을 꾸준히 이수하며 전문성을 높일 분","• 홀서버 또는 유사 직무 경력 보유자
• 직무 관련 자격·면허 보유자: 조주기능사
• 직무 관련 자격·면허 보유자: CS Leaders 관리사
• ERP, WMS, CRM, POS 등 직무 관련 시스템 사용 경험자
• 수치와 데이터를 활용한 실적 분석 경험자
• 다양한 이해관계자와 협업해 문제를 해결한 경험자
• 신규 프로세스 구축이나 업무 자동화 경험자","• 지원서 및 제출서류의 허위기재 또는 허위 제출
• 채용 과정에서 본인 확인이 불가능한 경우
• 채용검진 결과 업무 수행에 부적합하다고 판단되는 경우
• 해외여행 및 근무에 결격사유가 있는 경우
• 기타 회사 또는 기관의 인사규정상 채용이 불가능한 경우",서류전형 > 1차면접 > 2차면접 > 채용검진
995,홀서버 실무자,15,100,20261119,20261223,5,경력,무기계약직,광주광역시,박사 이상,"대학 산학협력단에서 고객에게 쾌적한 식음 서비스를 제공하는 포지션을(를) 맡을 홀서버를 모집합니다.

이번 포지션은 좌석안내, 주문접수, 음식제공, 테이블정리, 결제을 중심으로 운영 현장의 품질과 일정, 고객 경험을 함께 관리하는 역할입니다.

데이터와 현장 감각을 함께 활용해 반복 업무를 효율화하는 역할입니다.

유관 부서 및 외부 파트너와 업무 기준을 공유하고, 이슈 발생 시 원인을 정리해 재발 방지 방안을 실행합니다.

초기에는 담당 업무의 프로세스와 시스템을 익히고, 이후에는 담당 영역의 지표 개선과 운영 표준화까지 주도하게 됩니다.","• 좌석안내, 주문접수, 음식제공, 테이블정리, 결제 및 일일 운영 현황 관리
• 업무 일정·실적·품질 지표 점검 및 보고
• 관련 시스템과 문서의 정확한 입력·관리
• 고객·협력사·유관 부서 문의 대응 및 이슈 조율
• 업무 절차 개선과 운영 리스크 사전 점검
• 주요 이슈 원인 분석 및 후속 조치 관리
• 정기 회의 자료 작성과 진행 현황 공유
• 현장 안전·보안·개인정보 보호 기준 준수","• 밝은 고객응대와 팀워크 관련 기본 지식 또는 실무 경험을 보유한 분
• 필수 자격·면허: 조주기능사 보유자 또는 입사 전 취득 가능한 분
• 맡은 업무를 정확하게 기록하고 마감까지 책임질 수 있는 분
• 문서작성, 이메일, 스프레드시트 등 기본 업무도구 활용이 가능한 분
• 고객 및 유관 부서와 원활하게 소통하고 요청사항을 정리할 수 있는 분
• 예상하지 못한 상황에서도 우선순위를 판단해 대응할 수 있는 분
• 업무상 취급하는 자료와 고객 정보를 안전하게 관리할 수 있는 분
• 교대·주말·현장 근무가 포함될 수 있는 일정에 대응 가능한 분","• 홀서버 또는 유사 직무 경력 보유자
• 직무 관련 자격·면허 보유자: 조주기능사
• 직무 관련 자격·면허 보유자: CS Leaders 관리사
• ERP, WMS, CRM, POS 등 직무 관련 시스템 사용 경험자
• 수치와 데이터를 활용한 실적 분석 경험자
• 다양한 이해관계자와 협업해 문제를 해결한 경험자
• 외국어 또는 관련 법규·안전 기준을 활용할 수 있는 분","• 지원서 및 제출서류의 허위기재 또는 허위 제출
• 채용 과정에서 본인 확인이 불가능한 경우
• 채용검진 결과 업무 수행에 부적합하다고 판단되는 경우
• 해외여행 및 근무에 결격사유가 있는 경우
• 기타 회사 또는 기관의 인사규정상 채용이 불가능한 경우",서류전형 > 필기전형 > 면접전형 > 최종합격
996,홀서버 운영 매니저,65,100,20261206,20270116,16,신입·경력,기간제,경기도,학력무관,"기업 부설 연구소에서 고객에게 쾌적한 식음 서비스를 제공하는 포지션을(를) 맡을 홀서버를 모집합니다.

이번 포지션은 좌석안내, 주문접수, 음식제공, 테이블정리, 결제을 중심으로 운영 현장의 품질과 일정, 고객 경험을 함께 관리하는 역할입니다.

정해진 절차를 지키되 상황에 맞게 유연하게 대응하는 실무자를 모집합니다.

유관 부서 및 외부 파트너와 업무 기준을 공유하고, 이슈 발생 시 원인을 정리해 재발 방지 방안을 실행합니다.

초기에는 담당 업무의 프로세스와 시스템을 익히고, 이후에는 담당 영역의 지표 개선과 운영 표준화까지 주도하게 됩니다.","• 좌석안내, 주문접수, 음식제공, 테이블정리, 결제 및 일일 운영 현황 관리
• 업무 일정·실적·품질 지표 점검 및 보고
• 관련 시스템과 문서의 정확한 입력·관리
• 고객·협력사·유관 부서 문의 대응 및 이슈 조율
• 업무 절차 개선과 운영 리스크 사전 점검
• 주요 이슈 원인 분석 및 후속 조치 관리
• 정기 회의 자료 작성과 진행 현황 공유
• 업무 매뉴얼 정비와 신규 구성원 온보딩 지원","• 밝은 고객응대와 팀워크 관련 기본 지식 또는 실무 경험을 보유한 분
• 필수 자격·면허: 조주기능사 보유자 또는 입사 전 취득 가능한 분
• 맡은 업무를 정확하게 기록하고 마감까지 책임질 수 있는 분
• 문서작성, 이메일, 스프레드시트 등 기본 업무도구 활용이 가능한 분
• 고객 및 유관 부서와 원활하게 소통하고 요청사항을 정리할 수 있는 분
• 예상하지 못한 상황에서도 우선순위를 판단해 대응할 수 있는 분
• 업무상 취급하는 자료와 고객 정보를 안전하게 관리할 수 있는 분
• 직무 관련 교육을 꾸준히 이수하며 전문성을 높일 분","• 홀서버 또는 유사 직무 경력 보유자
• 직무 관련 자격·면허 보유자: 조주기능사
• 직무 관련 자격·면허 보유자: CS Leaders 관리사
• ERP, WMS, CRM, POS 등 직무 관련 시스템 사용 경험자
• 수치와 데이터를 활용한 실적 분석 경험자
• 다양한 이해관계자와 협업해 문제를 해결한 경험자
• 신규 프로세스 구축이나 업무 자동화 경험자","• 지원서 및 제출서류의 허위기재 또는 허위 제출
• 채용 과정에서 본인 확인이 불가능한 경우
• 채용검진 결과 업무 수행에 부적합하다고 판단되는 경우
• 해외여행 및 근무에 결격사유가 있는 경우
• 기타 회사 또는 기관의 인사규정상 채용이 불가능한 경우",서류전형 > 실무면접 > 최종면접
997,홀서버 전문 인력,34,100,20260112,20260124,7,경력 2년 이상,정규직,충청남도,전문학사 이상,"전문 협회에서 고객에게 쾌적한 식음 서비스를 제공하는 포지션을(를) 맡을 홀서버를 모집합니다.

이번 포지션은 좌석안내, 주문접수, 음식제공, 테이블정리, 결제을 중심으로 운영 현장의 품질과 일정, 고객 경험을 함께 관리하는 역할입니다.

부서 간 원활한 소통으로 일정과 품질을 안정적으로 관리하는 직무입니다.

유관 부서 및 외부 파트너와 업무 기준을 공유하고, 이슈 발생 시 원인을 정리해 재발 방지 방안을 실행합니다.

초기에는 담당 업무의 프로세스와 시스템을 익히고, 이후에는 담당 영역의 지표 개선과 운영 표준화까지 주도하게 됩니다.","• 좌석안내, 주문접수, 음식제공, 테이블정리, 결제 및 일일 운영 현황 관리
• 업무 일정·실적·품질 지표 점검 및 보고
• 관련 시스템과 문서의 정확한 입력·관리
• 고객·협력사·유관 부서 문의 대응 및 이슈 조율
• 업무 절차 개선과 운영 리스크 사전 점검
• 주요 이슈 원인 분석 및 후속 조치 관리
• 정기 회의 자료 작성과 진행 현황 공유
• 현장 안전·보안·개인정보 보호 기준 준수","• 밝은 고객응대와 팀워크 관련 기본 지식 또는 실무 경험을 보유한 분
• 필수 자격·면허: 조주기능사 보유자 또는 입사 전 취득 가능한 분
• 맡은 업무를 정확하게 기록하고 마감까지 책임질 수 있는 분
• 문서작성, 이메일, 스프레드시트 등 기본 업무도구 활용이 가능한 분
• 고객 및 유관 부서와 원활하게 소통하고 요청사항을 정리할 수 있는 분
• 예상하지 못한 상황에서도 우선순위를 판단해 대응할 수 있는 분
• 업무상 취급하는 자료와 고객 정보를 안전하게 관리할 수 있는 분
• 직무 관련 교육을 꾸준히 이수하며 전문성을 높일 분","• 홀서버 또는 유사 직무 경력 보유자
• 직무 관련 자격·면허 보유자: 조주기능사
• 직무 관련 자격·면허 보유자: CS Leaders 관리사
• ERP, WMS, CRM, POS 등 직무 관련 시스템 사용 경험자
• 수치와 데이터를 활용한 실적 분석 경험자
• 다양한 이해관계자와 협업해 문제를 해결한 경험자
• 외국어 또는 관련 법규·안전 기준을 활용할 수 있는 분","• 지원서 및 제출서류의 허위기재 또는 허위 제출
• 채용 과정에서 본인 확인이 불가능한 경우
• 채용검진 결과 업무 수행에 부적합하다고 판단되는 경우
• 해외여행 및 근무에 결격사유가 있는 경우
• 기타 회사 또는 기관의 인사규정상 채용이 불가능한 경우",서류전형 > 인성검사 > 실무면접 > 최종면접
998,홀서버 경력 채용,25,100,20260129,20260217,18,경력 3년 이상,계약직,경상북도,학사 이상,"공공서비스 운영기관에서 고객에게 쾌적한 식음 서비스를 제공하는 포지션을(를) 맡을 홀서버를 모집합니다.

이번 포지션은 좌석안내, 주문접수, 음식제공, 테이블정리, 결제을 중심으로 운영 현장의 품질과 일정, 고객 경험을 함께 관리하는 역할입니다.

서비스 품질과 안전을 우선하며 꾸준히 전문성을 쌓을 수 있는 포지션입니다.

유관 부서 및 외부 파트너와 업무 기준을 공유하고, 이슈 발생 시 원인을 정리해 재발 방지 방안을 실행합니다.

초기에는 담당 업무의 프로세스와 시스템을 익히고, 이후에는 담당 영역의 지표 개선과 운영 표준화까지 주도하게 됩니다.","• 좌석안내, 주문접수, 음식제공, 테이블정리, 결제 및 일일 운영 현황 관리
• 업무 일정·실적·품질 지표 점검 및 보고
• 관련 시스템과 문서의 정확한 입력·관리
• 고객·협력사·유관 부서 문의 대응 및 이슈 조율
• 업무 절차 개선과 운영 리스크 사전 점검
• 주요 이슈 원인 분석 및 후속 조치 관리
• 정기 회의 자료 작성과 진행 현황 공유
• 업무 매뉴얼 정비와 신규 구성원 온보딩 지원","• 밝은 고객응대와 팀워크 관련 기본 지식 또는 실무 경험을 보유한 분
• 필수 자격·면허: 조주기능사 보유자 또는 입사 전 취득 가능한 분
• 맡은 업무를 정확하게 기록하고 마감까지 책임질 수 있는 분
• 문서작성, 이메일, 스프레드시트 등 기본 업무도구 활용이 가능한 분
• 고객 및 유관 부서와 원활하게 소통하고 요청사항을 정리할 수 있는 분
• 예상하지 못한 상황에서도 우선순위를 판단해 대응할 수 있는 분
• 업무상 취급하는 자료와 고객 정보를 안전하게 관리할 수 있는 분
• 교대·주말·현장 근무가 포함될 수 있는 일정에 대응 가능한 분","• 홀서버 또는 유사 직무 경력 보유자
• 직무 관련 자격·면허 보유자: 조주기능사
• 직무 관련 자격·면허 보유자: CS Leaders 관리사
• ERP, WMS, CRM, POS 등 직무 관련 시스템 사용 경험자
• 수치와 데이터를 활용한 실적 분석 경험자
• 다양한 이해관계자와 협업해 문제를 해결한 경험자
• 신규 프로세스 구축이나 업무 자동화 경험자","• 지원서 및 제출서류의 허위기재 또는 허위 제출
• 채용 과정에서 본인 확인이 불가능한 경우
• 채용검진 결과 업무 수행에 부적합하다고 판단되는 경우
• 해외여행 및 근무에 결격사유가 있는 경우
• 기타 회사 또는 기관의 인사규정상 채용이 불가능한 경우",서류전형 > 직무과제 > 실무면접 > 최종합격
999,홀서버 현장 책임자,144,100,20260215,20260313,9,경력 5년 이상,무기계약직,서울특별시,석사 이상,"대기업 사업부에서 고객에게 쾌적한 식음 서비스를 제공하는 포지션을(를) 맡을 홀서버를 모집합니다.

이번 포지션은 좌석안내, 주문접수, 음식제공, 테이블정리, 결제을 중심으로 운영 현장의 품질과 일정, 고객 경험을 함께 관리하는 역할입니다.

기본기를 바탕으로 새로운 업무를 빠르게 익히고 실행할 분을 모십니다.

유관 부서 및 외부 파트너와 업무 기준을 공유하고, 이슈 발생 시 원인을 정리해 재발 방지 방안을 실행합니다.

초기에는 담당 업무의 프로세스와 시스템을 익히고, 이후에는 담당 영역의 지표 개선과 운영 표준화까지 주도하게 됩니다.","• 좌석안내, 주문접수, 음식제공, 테이블정리, 결제 및 일일 운영 현황 관리
• 업무 일정·실적·품질 지표 점검 및 보고
• 관련 시스템과 문서의 정확한 입력·관리
• 고객·협력사·유관 부서 문의 대응 및 이슈 조율
• 업무 절차 개선과 운영 리스크 사전 점검
• 주요 이슈 원인 분석 및 후속 조치 관리
• 정기 회의 자료 작성과 진행 현황 공유
• 현장 안전·보안·개인정보 보호 기준 준수","• 밝은 고객응대와 팀워크 관련 기본 지식 또는 실무 경험을 보유한 분
• 필수 자격·면허: 조주기능사 보유자 또는 입사 전 취득 가능한 분
• 맡은 업무를 정확하게 기록하고 마감까지 책임질 수 있는 분
• 문서작성, 이메일, 스프레드시트 등 기본 업무도구 활용이 가능한 분
• 고객 및 유관 부서와 원활하게 소통하고 요청사항을 정리할 수 있는 분
• 예상하지 못한 상황에서도 우선순위를 판단해 대응할 수 있는 분
• 업무상 취급하는 자료와 고객 정보를 안전하게 관리할 수 있는 분
• 직무 관련 교육을 꾸준히 이수하며 전문성을 높일 분","• 홀서버 또는 유사 직무 경력 보유자
• 직무 관련 자격·면허 보유자: 조주기능사
• 직무 관련 자격·면허 보유자: CS Leaders 관리사
• ERP, WMS, CRM, POS 등 직무 관련 시스템 사용 경험자
• 수치와 데이터를 활용한 실적 분석 경험자
• 다양한 이해관계자와 협업해 문제를 해결한 경험자
• 외국어 또는 관련 법규·안전 기준을 활용할 수 있는 분","• 지원서 및 제출서류의 허위기재 또는 허위 제출
• 채용 과정에서 본인 확인이 불가능한 경우
• 채용검진 결과 업무 수행에 부적합하다고 판단되는 경우
• 해외여행 및 근무에 결격사유가 있는 경우
• 기타 회사 또는 기관의 인사규정상 채용이 불가능한 경우",서류전형 > 1차면접 > 2차면접 > 채용검진
1000,홀서버 서비스 담당,81,100,20260304,20260406,20,경력 무관,기간제,대전광역시,박사 이상,"중견 제조기업에서 고객에게 쾌적한 식음 서비스를 제공하는 포지션을(를) 맡을 홀서버를 모집합니다.

이번 포지션은 좌석안내, 주문접수, 음식제공, 테이블정리, 결제을 중심으로 운영 현장의 품질과 일정, 고객 경험을 함께 관리하는 역할입니다.

성과와 고객 만족을 함께 고려하며 실질적인 변화를 만드는 역할입니다.

유관 부서 및 외부 파트너와 업무 기준을 공유하고, 이슈 발생 시 원인을 정리해 재발 방지 방안을 실행합니다.

초기에는 담당 업무의 프로세스와 시스템을 익히고, 이후에는 담당 영역의 지표 개선과 운영 표준화까지 주도하게 됩니다.","• 좌석안내, 주문접수, 음식제공, 테이블정리, 결제 및 일일 운영 현황 관리
• 업무 일정·실적·품질 지표 점검 및 보고
• 관련 시스템과 문서의 정확한 입력·관리
• 고객·협력사·유관 부서 문의 대응 및 이슈 조율
• 업무 절차 개선과 운영 리스크 사전 점검
• 주요 이슈 원인 분석 및 후속 조치 관리
• 정기 회의 자료 작성과 진행 현황 공유
• 업무 매뉴얼 정비와 신규 구성원 온보딩 지원","• 밝은 고객응대와 팀워크 관련 기본 지식 또는 실무 경험을 보유한 분
• 필수 자격·면허: 조주기능사 보유자 또는 입사 전 취득 가능한 분
• 맡은 업무를 정확하게 기록하고 마감까지 책임질 수 있는 분
• 문서작성, 이메일, 스프레드시트 등 기본 업무도구 활용이 가능한 분
• 고객 및 유관 부서와 원활하게 소통하고 요청사항을 정리할 수 있는 분
• 예상하지 못한 상황에서도 우선순위를 판단해 대응할 수 있는 분
• 업무상 취급하는 자료와 고객 정보를 안전하게 관리할 수 있는 분
• 직무 관련 교육을 꾸준히 이수하며 전문성을 높일 분","• 홀서버 또는 유사 직무 경력 보유자
• 직무 관련 자격·면허 보유자: 조주기능사
• 직무 관련 자격·면허 보유자: CS Leaders 관리사
• ERP, WMS, CRM, POS 등 직무 관련 시스템 사용 경험자
• 수치와 데이터를 활용한 실적 분석 경험자
• 다양한 이해관계자와 협업해 문제를 해결한 경험자
• 신규 프로세스 구축이나 업무 자동화 경험자","• 지원서 및 제출서류의 허위기재 또는 허위 제출
• 채용 과정에서 본인 확인이 불가능한 경우
• 채용검진 결과 업무 수행에 부적합하다고 판단되는 경우
• 해외여행 및 근무에 결격사유가 있는 경우
• 기타 회사 또는 기관의 인사규정상 채용이 불가능한 경우",서류전형 > 필기전형 > 면접전형 > 최종합격
1001,주방보조 실무자,27,101,20260321,20260430,11,경력,정규직,경기도,전문학사 이상,"전문 중소기업에서 주방의 전처리와 위생 업무를 지원하는 포지션을(를) 맡을 주방보조를 모집합니다.

이번 포지션은 식재료세척, 손질, 설거지, 조리보조, 정리을 중심으로 운영 현장의 품질과 일정, 고객 경험을 함께 관리하는 역할입니다.

정확한 실행력과 협업을 바탕으로 안정적인 운영을 함께 만들어 갈 분을 찾습니다.

유관 부서 및 외부 파트너와 업무 기준을 공유하고, 이슈 발생 시 원인을 정리해 재발 방지 방안을 실행합니다.

초기에는 담당 업무의 프로세스와 시스템을 익히고, 이후에는 담당 영역의 지표 개선과 운영 표준화까지 주도하게 됩니다.","• 식재료세척, 손질, 설거지, 조리보조, 정리 및 일일 운영 현황 관리
• 업무 일정·실적·품질 지표 점검 및 보고
• 관련 시스템과 문서의 정확한 입력·관리
• 고객·협력사·유관 부서 문의 대응 및 이슈 조율
• 업무 절차 개선과 운영 리스크 사전 점검
• 주요 이슈 원인 분석 및 후속 조치 관리
• 정기 회의 자료 작성과 진행 현황 공유
• 현장 안전·보안·개인정보 보호 기준 준수","• 위생수칙 준수와 성실한 근무 태도 관련 기본 지식 또는 실무 경험을 보유한 분
• 필수 자격·면허: 한식조리기능사 보유자 또는 입사 전 취득 가능한 분
• 맡은 업무를 정확하게 기록하고 마감까지 책임질 수 있는 분
• 문서작성, 이메일, 스프레드시트 등 기본 업무도구 활용이 가능한 분
• 고객 및 유관 부서와 원활하게 소통하고 요청사항을 정리할 수 있는 분
• 예상하지 못한 상황에서도 우선순위를 판단해 대응할 수 있는 분
• 업무상 취급하는 자료와 고객 정보를 안전하게 관리할 수 있는 분
• 교대·주말·현장 근무가 포함될 수 있는 일정에 대응 가능한 분","• 주방보조 또는 유사 직무 경력 보유자
• 직무 관련 자격·면허 보유자: 한식조리기능사
• 직무 관련 자격·면허 보유자: 양식조리기능사
• ERP, WMS, CRM, POS 등 직무 관련 시스템 사용 경험자
• 수치와 데이터를 활용한 실적 분석 경험자
• 다양한 이해관계자와 협업해 문제를 해결한 경험자
• 외국어 또는 관련 법규·안전 기준을 활용할 수 있는 분","• 지원서 및 제출서류의 허위기재 또는 허위 제출
• 채용 과정에서 본인 확인이 불가능한 경우
• 채용검진 결과 업무 수행에 부적합하다고 판단되는 경우
• 해외여행 및 근무에 결격사유가 있는 경우
• 기타 회사 또는 기관의 인사규정상 채용이 불가능한 경우",서류전형 > 인성검사 > 실무면접 > 최종면접
1002,주방보조 운영 매니저,54,101,20260407,20260418,2,신입·경력,계약직,충청남도,학사 이상,"성장 단계 스타트업에서 주방의 전처리와 위생 업무를 지원하는 포지션을(를) 맡을 주방보조를 모집합니다.

이번 포지션은 식재료세척, 손질, 설거지, 조리보조, 정리을 중심으로 운영 현장의 품질과 일정, 고객 경험을 함께 관리하는 역할입니다.

현장과 유관 부서의 요구를 연결하며 업무 품질을 높이는 역할입니다.

유관 부서 및 외부 파트너와 업무 기준을 공유하고, 이슈 발생 시 원인을 정리해 재발 방지 방안을 실행합니다.

초기에는 담당 업무의 프로세스와 시스템을 익히고, 이후에는 담당 영역의 지표 개선과 운영 표준화까지 주도하게 됩니다.","• 식재료세척, 손질, 설거지, 조리보조, 정리 및 일일 운영 현황 관리
• 업무 일정·실적·품질 지표 점검 및 보고
• 관련 시스템과 문서의 정확한 입력·관리
• 고객·협력사·유관 부서 문의 대응 및 이슈 조율
• 업무 절차 개선과 운영 리스크 사전 점검
• 주요 이슈 원인 분석 및 후속 조치 관리
• 정기 회의 자료 작성과 진행 현황 공유
• 업무 매뉴얼 정비와 신규 구성원 온보딩 지원","• 위생수칙 준수와 성실한 근무 태도 관련 기본 지식 또는 실무 경험을 보유한 분
• 필수 자격·면허: 한식조리기능사 보유자 또는 입사 전 취득 가능한 분
• 맡은 업무를 정확하게 기록하고 마감까지 책임질 수 있는 분
• 문서작성, 이메일, 스프레드시트 등 기본 업무도구 활용이 가능한 분
• 고객 및 유관 부서와 원활하게 소통하고 요청사항을 정리할 수 있는 분
• 예상하지 못한 상황에서도 우선순위를 판단해 대응할 수 있는 분
• 업무상 취급하는 자료와 고객 정보를 안전하게 관리할 수 있는 분
• 직무 관련 교육을 꾸준히 이수하며 전문성을 높일 분","• 주방보조 또는 유사 직무 경력 보유자
• 직무 관련 자격·면허 보유자: 한식조리기능사
• 직무 관련 자격·면허 보유자: 양식조리기능사
• ERP, WMS, CRM, POS 등 직무 관련 시스템 사용 경험자
• 수치와 데이터를 활용한 실적 분석 경험자
• 다양한 이해관계자와 협업해 문제를 해결한 경험자
• 신규 프로세스 구축이나 업무 자동화 경험자","• 지원서 및 제출서류의 허위기재 또는 허위 제출
• 채용 과정에서 본인 확인이 불가능한 경우
• 채용검진 결과 업무 수행에 부적합하다고 판단되는 경우
• 해외여행 및 근무에 결격사유가 있는 경우
• 기타 회사 또는 기관의 인사규정상 채용이 불가능한 경우",서류전형 > 직무과제 > 실무면접 > 최종합격
1003,주방보조 전문 인력,140,101,20260424,20260512,13,경력 2년 이상,무기계약직,경상북도,석사 이상,"종합병원 운영조직에서 주방의 전처리와 위생 업무를 지원하는 포지션을(를) 맡을 주방보조를 모집합니다.

이번 포지션은 식재료세척, 손질, 설거지, 조리보조, 정리을 중심으로 운영 현장의 품질과 일정, 고객 경험을 함께 관리하는 역할입니다.

업무 기준을 준수하면서도 개선점을 주도적으로 제안할 수 있는 분을 기다립니다.

유관 부서 및 외부 파트너와 업무 기준을 공유하고, 이슈 발생 시 원인을 정리해 재발 방지 방안을 실행합니다.

초기에는 담당 업무의 프로세스와 시스템을 익히고, 이후에는 담당 영역의 지표 개선과 운영 표준화까지 주도하게 됩니다.","• 식재료세척, 손질, 설거지, 조리보조, 정리 및 일일 운영 현황 관리
• 업무 일정·실적·품질 지표 점검 및 보고
• 관련 시스템과 문서의 정확한 입력·관리
• 고객·협력사·유관 부서 문의 대응 및 이슈 조율
• 업무 절차 개선과 운영 리스크 사전 점검
• 주요 이슈 원인 분석 및 후속 조치 관리
• 정기 회의 자료 작성과 진행 현황 공유
• 현장 안전·보안·개인정보 보호 기준 준수","• 위생수칙 준수와 성실한 근무 태도 관련 기본 지식 또는 실무 경험을 보유한 분
• 필수 자격·면허: 한식조리기능사 보유자 또는 입사 전 취득 가능한 분
• 맡은 업무를 정확하게 기록하고 마감까지 책임질 수 있는 분
• 문서작성, 이메일, 스프레드시트 등 기본 업무도구 활용이 가능한 분
• 고객 및 유관 부서와 원활하게 소통하고 요청사항을 정리할 수 있는 분
• 예상하지 못한 상황에서도 우선순위를 판단해 대응할 수 있는 분
• 업무상 취급하는 자료와 고객 정보를 안전하게 관리할 수 있는 분
• 직무 관련 교육을 꾸준히 이수하며 전문성을 높일 분","• 주방보조 또는 유사 직무 경력 보유자
• 직무 관련 자격·면허 보유자: 한식조리기능사
• 직무 관련 자격·면허 보유자: 양식조리기능사
• ERP, WMS, CRM, POS 등 직무 관련 시스템 사용 경험자
• 수치와 데이터를 활용한 실적 분석 경험자
• 다양한 이해관계자와 협업해 문제를 해결한 경험자
• 외국어 또는 관련 법규·안전 기준을 활용할 수 있는 분","• 지원서 및 제출서류의 허위기재 또는 허위 제출
• 채용 과정에서 본인 확인이 불가능한 경우
• 채용검진 결과 업무 수행에 부적합하다고 판단되는 경우
• 해외여행 및 근무에 결격사유가 있는 경우
• 기타 회사 또는 기관의 인사규정상 채용이 불가능한 경우",서류전형 > 1차면접 > 2차면접 > 채용검진
1004,주방보조 경력 채용,85,101,20260511,20260605,4,경력 3년 이상,기간제,서울특별시,박사 이상,"대학 산학협력단에서 주방의 전처리와 위생 업무를 지원하는 포지션을(를) 맡을 주방보조를 모집합니다.

이번 포지션은 식재료세척, 손질, 설거지, 조리보조, 정리을 중심으로 운영 현장의 품질과 일정, 고객 경험을 함께 관리하는 역할입니다.

고객과 동료에게 신뢰를 주는 태도로 맡은 업무를 끝까지 책임지는 포지션입니다.

유관 부서 및 외부 파트너와 업무 기준을 공유하고, 이슈 발생 시 원인을 정리해 재발 방지 방안을 실행합니다.

초기에는 담당 업무의 프로세스와 시스템을 익히고, 이후에는 담당 영역의 지표 개선과 운영 표준화까지 주도하게 됩니다.","• 식재료세척, 손질, 설거지, 조리보조, 정리 및 일일 운영 현황 관리
• 업무 일정·실적·품질 지표 점검 및 보고
• 관련 시스템과 문서의 정확한 입력·관리
• 고객·협력사·유관 부서 문의 대응 및 이슈 조율
• 업무 절차 개선과 운영 리스크 사전 점검
• 주요 이슈 원인 분석 및 후속 조치 관리
• 정기 회의 자료 작성과 진행 현황 공유
• 업무 매뉴얼 정비와 신규 구성원 온보딩 지원","• 위생수칙 준수와 성실한 근무 태도 관련 기본 지식 또는 실무 경험을 보유한 분
• 필수 자격·면허: 한식조리기능사 보유자 또는 입사 전 취득 가능한 분
• 맡은 업무를 정확하게 기록하고 마감까지 책임질 수 있는 분
• 문서작성, 이메일, 스프레드시트 등 기본 업무도구 활용이 가능한 분
• 고객 및 유관 부서와 원활하게 소통하고 요청사항을 정리할 수 있는 분
• 예상하지 못한 상황에서도 우선순위를 판단해 대응할 수 있는 분
• 업무상 취급하는 자료와 고객 정보를 안전하게 관리할 수 있는 분
• 교대·주말·현장 근무가 포함될 수 있는 일정에 대응 가능한 분","• 주방보조 또는 유사 직무 경력 보유자
• 직무 관련 자격·면허 보유자: 한식조리기능사
• 직무 관련 자격·면허 보유자: 양식조리기능사
• ERP, WMS, CRM, POS 등 직무 관련 시스템 사용 경험자
• 수치와 데이터를 활용한 실적 분석 경험자
• 다양한 이해관계자와 협업해 문제를 해결한 경험자
• 신규 프로세스 구축이나 업무 자동화 경험자","• 지원서 및 제출서류의 허위기재 또는 허위 제출
• 채용 과정에서 본인 확인이 불가능한 경우
• 채용검진 결과 업무 수행에 부적합하다고 판단되는 경우
• 해외여행 및 근무에 결격사유가 있는 경우
• 기타 회사 또는 기관의 인사규정상 채용이 불가능한 경우",서류전형 > 필기전형 > 면접전형 > 최종합격
1005,주방보조 현장 책임자,113,101,20260528,20260629,15,경력 5년 이상,정규직,대전광역시,학력무관,"기업 부설 연구소에서 주방의 전처리와 위생 업무를 지원하는 포지션을(를) 맡을 주방보조를 모집합니다.

이번 포지션은 식재료세척, 손질, 설거지, 조리보조, 정리을 중심으로 운영 현장의 품질과 일정, 고객 경험을 함께 관리하는 역할입니다.

데이터와 현장 감각을 함께 활용해 반복 업무를 효율화하는 역할입니다.

유관 부서 및 외부 파트너와 업무 기준을 공유하고, 이슈 발생 시 원인을 정리해 재발 방지 방안을 실행합니다.

초기에는 담당 업무의 프로세스와 시스템을 익히고, 이후에는 담당 영역의 지표 개선과 운영 표준화까지 주도하게 됩니다.","• 식재료세척, 손질, 설거지, 조리보조, 정리 및 일일 운영 현황 관리
• 업무 일정·실적·품질 지표 점검 및 보고
• 관련 시스템과 문서의 정확한 입력·관리
• 고객·협력사·유관 부서 문의 대응 및 이슈 조율
• 업무 절차 개선과 운영 리스크 사전 점검
• 주요 이슈 원인 분석 및 후속 조치 관리
• 정기 회의 자료 작성과 진행 현황 공유
• 현장 안전·보안·개인정보 보호 기준 준수","• 위생수칙 준수와 성실한 근무 태도 관련 기본 지식 또는 실무 경험을 보유한 분
• 필수 자격·면허: 한식조리기능사 보유자 또는 입사 전 취득 가능한 분
• 맡은 업무를 정확하게 기록하고 마감까지 책임질 수 있는 분
• 문서작성, 이메일, 스프레드시트 등 기본 업무도구 활용이 가능한 분
• 고객 및 유관 부서와 원활하게 소통하고 요청사항을 정리할 수 있는 분
• 예상하지 못한 상황에서도 우선순위를 판단해 대응할 수 있는 분
• 업무상 취급하는 자료와 고객 정보를 안전하게 관리할 수 있는 분
• 직무 관련 교육을 꾸준히 이수하며 전문성을 높일 분","• 주방보조 또는 유사 직무 경력 보유자
• 직무 관련 자격·면허 보유자: 한식조리기능사
• 직무 관련 자격·면허 보유자: 양식조리기능사
• ERP, WMS, CRM, POS 등 직무 관련 시스템 사용 경험자
• 수치와 데이터를 활용한 실적 분석 경험자
• 다양한 이해관계자와 협업해 문제를 해결한 경험자
• 외국어 또는 관련 법규·안전 기준을 활용할 수 있는 분","• 지원서 및 제출서류의 허위기재 또는 허위 제출
• 채용 과정에서 본인 확인이 불가능한 경우
• 채용검진 결과 업무 수행에 부적합하다고 판단되는 경우
• 해외여행 및 근무에 결격사유가 있는 경우
• 기타 회사 또는 기관의 인사규정상 채용이 불가능한 경우",서류전형 > 실무면접 > 최종면접
1006,주방보조 서비스 담당,30,101,20260614,20260723,6,경력 무관,계약직,세종특별자치시,전문학사 이상,"전문 협회에서 주방의 전처리와 위생 업무를 지원하는 포지션을(를) 맡을 주방보조를 모집합니다.

이번 포지션은 식재료세척, 손질, 설거지, 조리보조, 정리을 중심으로 운영 현장의 품질과 일정, 고객 경험을 함께 관리하는 역할입니다.

정해진 절차를 지키되 상황에 맞게 유연하게 대응하는 실무자를 모집합니다.

유관 부서 및 외부 파트너와 업무 기준을 공유하고, 이슈 발생 시 원인을 정리해 재발 방지 방안을 실행합니다.

초기에는 담당 업무의 프로세스와 시스템을 익히고, 이후에는 담당 영역의 지표 개선과 운영 표준화까지 주도하게 됩니다.","• 식재료세척, 손질, 설거지, 조리보조, 정리 및 일일 운영 현황 관리
• 업무 일정·실적·품질 지표 점검 및 보고
• 관련 시스템과 문서의 정확한 입력·관리
• 고객·협력사·유관 부서 문의 대응 및 이슈 조율
• 업무 절차 개선과 운영 리스크 사전 점검
• 주요 이슈 원인 분석 및 후속 조치 관리
• 정기 회의 자료 작성과 진행 현황 공유
• 업무 매뉴얼 정비와 신규 구성원 온보딩 지원","• 위생수칙 준수와 성실한 근무 태도 관련 기본 지식 또는 실무 경험을 보유한 분
• 필수 자격·면허: 한식조리기능사 보유자 또는 입사 전 취득 가능한 분
• 맡은 업무를 정확하게 기록하고 마감까지 책임질 수 있는 분
• 문서작성, 이메일, 스프레드시트 등 기본 업무도구 활용이 가능한 분
• 고객 및 유관 부서와 원활하게 소통하고 요청사항을 정리할 수 있는 분
• 예상하지 못한 상황에서도 우선순위를 판단해 대응할 수 있는 분
• 업무상 취급하는 자료와 고객 정보를 안전하게 관리할 수 있는 분
• 직무 관련 교육을 꾸준히 이수하며 전문성을 높일 분","• 주방보조 또는 유사 직무 경력 보유자
• 직무 관련 자격·면허 보유자: 한식조리기능사
• 직무 관련 자격·면허 보유자: 양식조리기능사
• ERP, WMS, CRM, POS 등 직무 관련 시스템 사용 경험자
• 수치와 데이터를 활용한 실적 분석 경험자
• 다양한 이해관계자와 협업해 문제를 해결한 경험자
• 신규 프로세스 구축이나 업무 자동화 경험자","• 지원서 및 제출서류의 허위기재 또는 허위 제출
• 채용 과정에서 본인 확인이 불가능한 경우
• 채용검진 결과 업무 수행에 부적합하다고 판단되는 경우
• 해외여행 및 근무에 결격사유가 있는 경우
• 기타 회사 또는 기관의 인사규정상 채용이 불가능한 경우",서류전형 > 인성검사 > 실무면접 > 최종면접
1007,주방보조 담당자,159,101,20260701,20260711,17,신입,무기계약직,충청북도,학사 이상,"공공서비스 운영기관에서 주방의 전처리와 위생 업무를 지원하는 포지션을(를) 맡을 주방보조를 모집합니다.

이번 포지션은 식재료세척, 손질, 설거지, 조리보조, 정리을 중심으로 운영 현장의 품질과 일정, 고객 경험을 함께 관리하는 역할입니다.

부서 간 원활한 소통으로 일정과 품질을 안정적으로 관리하는 직무입니다.

유관 부서 및 외부 파트너와 업무 기준을 공유하고, 이슈 발생 시 원인을 정리해 재발 방지 방안을 실행합니다.

초기에는 담당 업무의 프로세스와 시스템을 익히고, 이후에는 담당 영역의 지표 개선과 운영 표준화까지 주도하게 됩니다.","• 식재료세척, 손질, 설거지, 조리보조, 정리 및 일일 운영 현황 관리
• 업무 일정·실적·품질 지표 점검 및 보고
• 관련 시스템과 문서의 정확한 입력·관리
• 고객·협력사·유관 부서 문의 대응 및 이슈 조율
• 업무 절차 개선과 운영 리스크 사전 점검
• 주요 이슈 원인 분석 및 후속 조치 관리
• 정기 회의 자료 작성과 진행 현황 공유
• 현장 안전·보안·개인정보 보호 기준 준수","• 위생수칙 준수와 성실한 근무 태도 관련 기본 지식 또는 실무 경험을 보유한 분
• 필수 자격·면허: 한식조리기능사 보유자 또는 입사 전 취득 가능한 분
• 맡은 업무를 정확하게 기록하고 마감까지 책임질 수 있는 분
• 문서작성, 이메일, 스프레드시트 등 기본 업무도구 활용이 가능한 분
• 고객 및 유관 부서와 원활하게 소통하고 요청사항을 정리할 수 있는 분
• 예상하지 못한 상황에서도 우선순위를 판단해 대응할 수 있는 분
• 업무상 취급하는 자료와 고객 정보를 안전하게 관리할 수 있는 분
• 교대·주말·현장 근무가 포함될 수 있는 일정에 대응 가능한 분","• 주방보조 또는 유사 직무 경력 보유자
• 직무 관련 자격·면허 보유자: 한식조리기능사
• 직무 관련 자격·면허 보유자: 양식조리기능사
• ERP, WMS, CRM, POS 등 직무 관련 시스템 사용 경험자
• 수치와 데이터를 활용한 실적 분석 경험자
• 다양한 이해관계자와 협업해 문제를 해결한 경험자
• 외국어 또는 관련 법규·안전 기준을 활용할 수 있는 분","• 지원서 및 제출서류의 허위기재 또는 허위 제출
• 채용 과정에서 본인 확인이 불가능한 경우
• 채용검진 결과 업무 수행에 부적합하다고 판단되는 경우
• 해외여행 및 근무에 결격사유가 있는 경우
• 기타 회사 또는 기관의 인사규정상 채용이 불가능한 경우",서류전형 > 직무과제 > 실무면접 > 최종합격
1008,주방보조 실무자,69,101,20260718,20260804,8,경력,기간제,전라남도,석사 이상,"대기업 사업부에서 주방의 전처리와 위생 업무를 지원하는 포지션을(를) 맡을 주방보조를 모집합니다.

이번 포지션은 식재료세척, 손질, 설거지, 조리보조, 정리을 중심으로 운영 현장의 품질과 일정, 고객 경험을 함께 관리하는 역할입니다.

서비스 품질과 안전을 우선하며 꾸준히 전문성을 쌓을 수 있는 포지션입니다.

유관 부서 및 외부 파트너와 업무 기준을 공유하고, 이슈 발생 시 원인을 정리해 재발 방지 방안을 실행합니다.

초기에는 담당 업무의 프로세스와 시스템을 익히고, 이후에는 담당 영역의 지표 개선과 운영 표준화까지 주도하게 됩니다.","• 식재료세척, 손질, 설거지, 조리보조, 정리 및 일일 운영 현황 관리
• 업무 일정·실적·품질 지표 점검 및 보고
• 관련 시스템과 문서의 정확한 입력·관리
• 고객·협력사·유관 부서 문의 대응 및 이슈 조율
• 업무 절차 개선과 운영 리스크 사전 점검
• 주요 이슈 원인 분석 및 후속 조치 관리
• 정기 회의 자료 작성과 진행 현황 공유
• 업무 매뉴얼 정비와 신규 구성원 온보딩 지원","• 위생수칙 준수와 성실한 근무 태도 관련 기본 지식 또는 실무 경험을 보유한 분
• 필수 자격·면허: 한식조리기능사 보유자 또는 입사 전 취득 가능한 분
• 맡은 업무를 정확하게 기록하고 마감까지 책임질 수 있는 분
• 문서작성, 이메일, 스프레드시트 등 기본 업무도구 활용이 가능한 분
• 고객 및 유관 부서와 원활하게 소통하고 요청사항을 정리할 수 있는 분
• 예상하지 못한 상황에서도 우선순위를 판단해 대응할 수 있는 분
• 업무상 취급하는 자료와 고객 정보를 안전하게 관리할 수 있는 분
• 직무 관련 교육을 꾸준히 이수하며 전문성을 높일 분","• 주방보조 또는 유사 직무 경력 보유자
• 직무 관련 자격·면허 보유자: 한식조리기능사
• 직무 관련 자격·면허 보유자: 양식조리기능사
• ERP, WMS, CRM, POS 등 직무 관련 시스템 사용 경험자
• 수치와 데이터를 활용한 실적 분석 경험자
• 다양한 이해관계자와 협업해 문제를 해결한 경험자
• 신규 프로세스 구축이나 업무 자동화 경험자","• 지원서 및 제출서류의 허위기재 또는 허위 제출
• 채용 과정에서 본인 확인이 불가능한 경우
• 채용검진 결과 업무 수행에 부적합하다고 판단되는 경우
• 해외여행 및 근무에 결격사유가 있는 경우
• 기타 회사 또는 기관의 인사규정상 채용이 불가능한 경우",서류전형 > 1차면접 > 2차면접 > 채용검진
1009,주방보조 운영 매니저,82,101,20260804,20260828,19,신입·경력,정규직,제주특별자치도,박사 이상,"중견 제조기업에서 주방의 전처리와 위생 업무를 지원하는 포지션을(를) 맡을 주방보조를 모집합니다.

이번 포지션은 식재료세척, 손질, 설거지, 조리보조, 정리을 중심으로 운영 현장의 품질과 일정, 고객 경험을 함께 관리하는 역할입니다.

기본기를 바탕으로 새로운 업무를 빠르게 익히고 실행할 분을 모십니다.

유관 부서 및 외부 파트너와 업무 기준을 공유하고, 이슈 발생 시 원인을 정리해 재발 방지 방안을 실행합니다.

초기에는 담당 업무의 프로세스와 시스템을 익히고, 이후에는 담당 영역의 지표 개선과 운영 표준화까지 주도하게 됩니다.","• 식재료세척, 손질, 설거지, 조리보조, 정리 및 일일 운영 현황 관리
• 업무 일정·실적·품질 지표 점검 및 보고
• 관련 시스템과 문서의 정확한 입력·관리
• 고객·협력사·유관 부서 문의 대응 및 이슈 조율
• 업무 절차 개선과 운영 리스크 사전 점검
• 주요 이슈 원인 분석 및 후속 조치 관리
• 정기 회의 자료 작성과 진행 현황 공유
• 현장 안전·보안·개인정보 보호 기준 준수","• 위생수칙 준수와 성실한 근무 태도 관련 기본 지식 또는 실무 경험을 보유한 분
• 필수 자격·면허: 한식조리기능사 보유자 또는 입사 전 취득 가능한 분
• 맡은 업무를 정확하게 기록하고 마감까지 책임질 수 있는 분
• 문서작성, 이메일, 스프레드시트 등 기본 업무도구 활용이 가능한 분
• 고객 및 유관 부서와 원활하게 소통하고 요청사항을 정리할 수 있는 분
• 예상하지 못한 상황에서도 우선순위를 판단해 대응할 수 있는 분
• 업무상 취급하는 자료와 고객 정보를 안전하게 관리할 수 있는 분
• 직무 관련 교육을 꾸준히 이수하며 전문성을 높일 분","• 주방보조 또는 유사 직무 경력 보유자
• 직무 관련 자격·면허 보유자: 한식조리기능사
• 직무 관련 자격·면허 보유자: 양식조리기능사
• ERP, WMS, CRM, POS 등 직무 관련 시스템 사용 경험자
• 수치와 데이터를 활용한 실적 분석 경험자
• 다양한 이해관계자와 협업해 문제를 해결한 경험자
• 외국어 또는 관련 법규·안전 기준을 활용할 수 있는 분","• 지원서 및 제출서류의 허위기재 또는 허위 제출
• 채용 과정에서 본인 확인이 불가능한 경우
• 채용검진 결과 업무 수행에 부적합하다고 판단되는 경우
• 해외여행 및 근무에 결격사유가 있는 경우
• 기타 회사 또는 기관의 인사규정상 채용이 불가능한 경우",서류전형 > 필기전형 > 면접전형 > 최종합격
1010,주방보조 전문 인력,107,101,20260821,20260921,10,경력 2년 이상,계약직,인천광역시,학력무관,"전문 중소기업에서 주방의 전처리와 위생 업무를 지원하는 포지션을(를) 맡을 주방보조를 모집합니다.

이번 포지션은 식재료세척, 손질, 설거지, 조리보조, 정리을 중심으로 운영 현장의 품질과 일정, 고객 경험을 함께 관리하는 역할입니다.

성과와 고객 만족을 함께 고려하며 실질적인 변화를 만드는 역할입니다.

유관 부서 및 외부 파트너와 업무 기준을 공유하고, 이슈 발생 시 원인을 정리해 재발 방지 방안을 실행합니다.

초기에는 담당 업무의 프로세스와 시스템을 익히고, 이후에는 담당 영역의 지표 개선과 운영 표준화까지 주도하게 됩니다.","• 식재료세척, 손질, 설거지, 조리보조, 정리 및 일일 운영 현황 관리
• 업무 일정·실적·품질 지표 점검 및 보고
• 관련 시스템과 문서의 정확한 입력·관리
• 고객·협력사·유관 부서 문의 대응 및 이슈 조율
• 업무 절차 개선과 운영 리스크 사전 점검
• 주요 이슈 원인 분석 및 후속 조치 관리
• 정기 회의 자료 작성과 진행 현황 공유
• 업무 매뉴얼 정비와 신규 구성원 온보딩 지원","• 위생수칙 준수와 성실한 근무 태도 관련 기본 지식 또는 실무 경험을 보유한 분
• 필수 자격·면허: 한식조리기능사 보유자 또는 입사 전 취득 가능한 분
• 맡은 업무를 정확하게 기록하고 마감까지 책임질 수 있는 분
• 문서작성, 이메일, 스프레드시트 등 기본 업무도구 활용이 가능한 분
• 고객 및 유관 부서와 원활하게 소통하고 요청사항을 정리할 수 있는 분
• 예상하지 못한 상황에서도 우선순위를 판단해 대응할 수 있는 분
• 업무상 취급하는 자료와 고객 정보를 안전하게 관리할 수 있는 분
• 교대·주말·현장 근무가 포함될 수 있는 일정에 대응 가능한 분","• 주방보조 또는 유사 직무 경력 보유자
• 직무 관련 자격·면허 보유자: 한식조리기능사
• 직무 관련 자격·면허 보유자: 양식조리기능사
• ERP, WMS, CRM, POS 등 직무 관련 시스템 사용 경험자
• 수치와 데이터를 활용한 실적 분석 경험자
• 다양한 이해관계자와 협업해 문제를 해결한 경험자
• 신규 프로세스 구축이나 업무 자동화 경험자","• 지원서 및 제출서류의 허위기재 또는 허위 제출
• 채용 과정에서 본인 확인이 불가능한 경우
• 채용검진 결과 업무 수행에 부적합하다고 판단되는 경우
• 해외여행 및 근무에 결격사유가 있는 경우
• 기타 회사 또는 기관의 인사규정상 채용이 불가능한 경우",서류전형 > 실무면접 > 최종면접
1011,소믈리에·바텐더 현장 책임자,92,102,20260907,20261015,1,경력 5년 이상,무기계약직,세종특별자치시,학사 이상,"성장 단계 스타트업에서 주류 추천과 음료 서비스의 품질을 관리하는 포지션을(를) 맡을 소믈리에·바텐더를 모집합니다.

이번 포지션은 주류관리, 페어링, 칵테일, 서비스, 재고을 중심으로 운영 현장의 품질과 일정, 고객 경험을 함께 관리하는 역할입니다.

정확한 실행력과 협업을 바탕으로 안정적인 운영을 함께 만들어 갈 분을 찾습니다.

유관 부서 및 외부 파트너와 업무 기준을 공유하고, 이슈 발생 시 원인을 정리해 재발 방지 방안을 실행합니다.

초기에는 담당 업무의 프로세스와 시스템을 익히고, 이후에는 담당 영역의 지표 개선과 운영 표준화까지 주도하게 됩니다.","• 주류관리, 페어링, 칵테일, 서비스, 재고 및 일일 운영 현황 관리
• 업무 일정·실적·품질 지표 점검 및 보고
• 관련 시스템과 문서의 정확한 입력·관리
• 고객·협력사·유관 부서 문의 대응 및 이슈 조율
• 업무 절차 개선과 운영 리스크 사전 점검
• 주요 이슈 원인 분석 및 후속 조치 관리
• 정기 회의 자료 작성과 진행 현황 공유
• 현장 안전·보안·개인정보 보호 기준 준수","• 주류 지식과 고객 커뮤니케이션 관련 기본 지식 또는 실무 경험을 보유한 분
• 필수 자격·면허: 조주기능사 보유자 또는 입사 전 취득 가능한 분
• 맡은 업무를 정확하게 기록하고 마감까지 책임질 수 있는 분
• 문서작성, 이메일, 스프레드시트 등 기본 업무도구 활용이 가능한 분
• 고객 및 유관 부서와 원활하게 소통하고 요청사항을 정리할 수 있는 분
• 예상하지 못한 상황에서도 우선순위를 판단해 대응할 수 있는 분
• 업무상 취급하는 자료와 고객 정보를 안전하게 관리할 수 있는 분
• 직무 관련 교육을 꾸준히 이수하며 전문성을 높일 분","• 소믈리에·바텐더 또는 유사 직무 경력 보유자
• 직무 관련 자격·면허 보유자: 조주기능사
• 직무 관련 자격·면허 보유자: 와인소믈리에 자격
• ERP, WMS, CRM, POS 등 직무 관련 시스템 사용 경험자
• 수치와 데이터를 활용한 실적 분석 경험자
• 다양한 이해관계자와 협업해 문제를 해결한 경험자
• 외국어 또는 관련 법규·안전 기준을 활용할 수 있는 분","• 지원서 및 제출서류의 허위기재 또는 허위 제출
• 채용 과정에서 본인 확인이 불가능한 경우
• 채용검진 결과 업무 수행에 부적합하다고 판단되는 경우
• 해외여행 및 근무에 결격사유가 있는 경우
• 기타 회사 또는 기관의 인사규정상 채용이 불가능한 경우",서류전형 > 직무과제 > 실무면접 > 최종합격
1012,소믈리에·바텐더 서비스 담당,130,102,20260924,20261108,12,경력 무관,기간제,충청북도,석사 이상,"종합병원 운영조직에서 주류 추천과 음료 서비스의 품질을 관리하는 포지션을(를) 맡을 소믈리에·바텐더를 모집합니다.

이번 포지션은 주류관리, 페어링, 칵테일, 서비스, 재고을 중심으로 운영 현장의 품질과 일정, 고객 경험을 함께 관리하는 역할입니다.

현장과 유관 부서의 요구를 연결하며 업무 품질을 높이는 역할입니다.

유관 부서 및 외부 파트너와 업무 기준을 공유하고, 이슈 발생 시 원인을 정리해 재발 방지 방안을 실행합니다.

초기에는 담당 업무의 프로세스와 시스템을 익히고, 이후에는 담당 영역의 지표 개선과 운영 표준화까지 주도하게 됩니다.","• 주류관리, 페어링, 칵테일, 서비스, 재고 및 일일 운영 현황 관리
• 업무 일정·실적·품질 지표 점검 및 보고
• 관련 시스템과 문서의 정확한 입력·관리
• 고객·협력사·유관 부서 문의 대응 및 이슈 조율
• 업무 절차 개선과 운영 리스크 사전 점검
• 주요 이슈 원인 분석 및 후속 조치 관리
• 정기 회의 자료 작성과 진행 현황 공유
• 업무 매뉴얼 정비와 신규 구성원 온보딩 지원","• 주류 지식과 고객 커뮤니케이션 관련 기본 지식 또는 실무 경험을 보유한 분
• 필수 자격·면허: 조주기능사 보유자 또는 입사 전 취득 가능한 분
• 맡은 업무를 정확하게 기록하고 마감까지 책임질 수 있는 분
• 문서작성, 이메일, 스프레드시트 등 기본 업무도구 활용이 가능한 분
• 고객 및 유관 부서와 원활하게 소통하고 요청사항을 정리할 수 있는 분
• 예상하지 못한 상황에서도 우선순위를 판단해 대응할 수 있는 분
• 업무상 취급하는 자료와 고객 정보를 안전하게 관리할 수 있는 분
• 직무 관련 교육을 꾸준히 이수하며 전문성을 높일 분","• 소믈리에·바텐더 또는 유사 직무 경력 보유자
• 직무 관련 자격·면허 보유자: 조주기능사
• 직무 관련 자격·면허 보유자: 와인소믈리에 자격
• ERP, WMS, CRM, POS 등 직무 관련 시스템 사용 경험자
• 수치와 데이터를 활용한 실적 분석 경험자
• 다양한 이해관계자와 협업해 문제를 해결한 경험자
• 신규 프로세스 구축이나 업무 자동화 경험자","• 지원서 및 제출서류의 허위기재 또는 허위 제출
• 채용 과정에서 본인 확인이 불가능한 경우
• 채용검진 결과 업무 수행에 부적합하다고 판단되는 경우
• 해외여행 및 근무에 결격사유가 있는 경우
• 기타 회사 또는 기관의 인사규정상 채용이 불가능한 경우",서류전형 > 1차면접 > 2차면접 > 채용검진
1013,소믈리에·바텐더 담당자,106,102,20261011,20261027,3,신입,정규직,전라남도,박사 이상,"대학 산학협력단에서 주류 추천과 음료 서비스의 품질을 관리하는 포지션을(를) 맡을 소믈리에·바텐더를 모집합니다.

이번 포지션은 주류관리, 페어링, 칵테일, 서비스, 재고을 중심으로 운영 현장의 품질과 일정, 고객 경험을 함께 관리하는 역할입니다.

업무 기준을 준수하면서도 개선점을 주도적으로 제안할 수 있는 분을 기다립니다.

유관 부서 및 외부 파트너와 업무 기준을 공유하고, 이슈 발생 시 원인을 정리해 재발 방지 방안을 실행합니다.

초기에는 담당 업무의 프로세스와 시스템을 익히고, 이후에는 담당 영역의 지표 개선과 운영 표준화까지 주도하게 됩니다.","• 주류관리, 페어링, 칵테일, 서비스, 재고 및 일일 운영 현황 관리
• 업무 일정·실적·품질 지표 점검 및 보고
• 관련 시스템과 문서의 정확한 입력·관리
• 고객·협력사·유관 부서 문의 대응 및 이슈 조율
• 업무 절차 개선과 운영 리스크 사전 점검
• 주요 이슈 원인 분석 및 후속 조치 관리
• 정기 회의 자료 작성과 진행 현황 공유
• 현장 안전·보안·개인정보 보호 기준 준수","• 주류 지식과 고객 커뮤니케이션 관련 기본 지식 또는 실무 경험을 보유한 분
• 필수 자격·면허: 조주기능사 보유자 또는 입사 전 취득 가능한 분
• 맡은 업무를 정확하게 기록하고 마감까지 책임질 수 있는 분
• 문서작성, 이메일, 스프레드시트 등 기본 업무도구 활용이 가능한 분
• 고객 및 유관 부서와 원활하게 소통하고 요청사항을 정리할 수 있는 분
• 예상하지 못한 상황에서도 우선순위를 판단해 대응할 수 있는 분
• 업무상 취급하는 자료와 고객 정보를 안전하게 관리할 수 있는 분
• 교대·주말·현장 근무가 포함될 수 있는 일정에 대응 가능한 분","• 소믈리에·바텐더 또는 유사 직무 경력 보유자
• 직무 관련 자격·면허 보유자: 조주기능사
• 직무 관련 자격·면허 보유자: 와인소믈리에 자격
• ERP, WMS, CRM, POS 등 직무 관련 시스템 사용 경험자
• 수치와 데이터를 활용한 실적 분석 경험자
• 다양한 이해관계자와 협업해 문제를 해결한 경험자
• 외국어 또는 관련 법규·안전 기준을 활용할 수 있는 분","• 지원서 및 제출서류의 허위기재 또는 허위 제출
• 채용 과정에서 본인 확인이 불가능한 경우
• 채용검진 결과 업무 수행에 부적합하다고 판단되는 경우
• 해외여행 및 근무에 결격사유가 있는 경우
• 기타 회사 또는 기관의 인사규정상 채용이 불가능한 경우",서류전형 > 필기전형 > 면접전형 > 최종합격
1014,소믈리에·바텐더 실무자,140,102,20261028,20261120,14,경력,계약직,제주특별자치도,학력무관,"기업 부설 연구소에서 주류 추천과 음료 서비스의 품질을 관리하는 포지션을(를) 맡을 소믈리에·바텐더를 모집합니다.

이번 포지션은 주류관리, 페어링, 칵테일, 서비스, 재고을 중심으로 운영 현장의 품질과 일정, 고객 경험을 함께 관리하는 역할입니다.

고객과 동료에게 신뢰를 주는 태도로 맡은 업무를 끝까지 책임지는 포지션입니다.

유관 부서 및 외부 파트너와 업무 기준을 공유하고, 이슈 발생 시 원인을 정리해 재발 방지 방안을 실행합니다.

초기에는 담당 업무의 프로세스와 시스템을 익히고, 이후에는 담당 영역의 지표 개선과 운영 표준화까지 주도하게 됩니다.","• 주류관리, 페어링, 칵테일, 서비스, 재고 및 일일 운영 현황 관리
• 업무 일정·실적·품질 지표 점검 및 보고
• 관련 시스템과 문서의 정확한 입력·관리
• 고객·협력사·유관 부서 문의 대응 및 이슈 조율
• 업무 절차 개선과 운영 리스크 사전 점검
• 주요 이슈 원인 분석 및 후속 조치 관리
• 정기 회의 자료 작성과 진행 현황 공유
• 업무 매뉴얼 정비와 신규 구성원 온보딩 지원","• 주류 지식과 고객 커뮤니케이션 관련 기본 지식 또는 실무 경험을 보유한 분
• 필수 자격·면허: 조주기능사 보유자 또는 입사 전 취득 가능한 분
• 맡은 업무를 정확하게 기록하고 마감까지 책임질 수 있는 분
• 문서작성, 이메일, 스프레드시트 등 기본 업무도구 활용이 가능한 분
• 고객 및 유관 부서와 원활하게 소통하고 요청사항을 정리할 수 있는 분
• 예상하지 못한 상황에서도 우선순위를 판단해 대응할 수 있는 분
• 업무상 취급하는 자료와 고객 정보를 안전하게 관리할 수 있는 분
• 직무 관련 교육을 꾸준히 이수하며 전문성을 높일 분","• 소믈리에·바텐더 또는 유사 직무 경력 보유자
• 직무 관련 자격·면허 보유자: 조주기능사
• 직무 관련 자격·면허 보유자: 와인소믈리에 자격
• ERP, WMS, CRM, POS 등 직무 관련 시스템 사용 경험자
• 수치와 데이터를 활용한 실적 분석 경험자
• 다양한 이해관계자와 협업해 문제를 해결한 경험자
• 신규 프로세스 구축이나 업무 자동화 경험자","• 지원서 및 제출서류의 허위기재 또는 허위 제출
• 채용 과정에서 본인 확인이 불가능한 경우
• 채용검진 결과 업무 수행에 부적합하다고 판단되는 경우
• 해외여행 및 근무에 결격사유가 있는 경우
• 기타 회사 또는 기관의 인사규정상 채용이 불가능한 경우",서류전형 > 실무면접 > 최종면접
1015,소믈리에·바텐더 운영 매니저,52,102,20261114,20261214,5,신입·경력,무기계약직,인천광역시,전문학사 이상,"전문 협회에서 주류 추천과 음료 서비스의 품질을 관리하는 포지션을(를) 맡을 소믈리에·바텐더를 모집합니다.

이번 포지션은 주류관리, 페어링, 칵테일, 서비스, 재고을 중심으로 운영 현장의 품질과 일정, 고객 경험을 함께 관리하는 역할입니다.

데이터와 현장 감각을 함께 활용해 반복 업무를 효율화하는 역할입니다.

유관 부서 및 외부 파트너와 업무 기준을 공유하고, 이슈 발생 시 원인을 정리해 재발 방지 방안을 실행합니다.

초기에는 담당 업무의 프로세스와 시스템을 익히고, 이후에는 담당 영역의 지표 개선과 운영 표준화까지 주도하게 됩니다.","• 주류관리, 페어링, 칵테일, 서비스, 재고 및 일일 운영 현황 관리
• 업무 일정·실적·품질 지표 점검 및 보고
• 관련 시스템과 문서의 정확한 입력·관리
• 고객·협력사·유관 부서 문의 대응 및 이슈 조율
• 업무 절차 개선과 운영 리스크 사전 점검
• 주요 이슈 원인 분석 및 후속 조치 관리
• 정기 회의 자료 작성과 진행 현황 공유
• 현장 안전·보안·개인정보 보호 기준 준수","• 주류 지식과 고객 커뮤니케이션 관련 기본 지식 또는 실무 경험을 보유한 분
• 필수 자격·면허: 조주기능사 보유자 또는 입사 전 취득 가능한 분
• 맡은 업무를 정확하게 기록하고 마감까지 책임질 수 있는 분
• 문서작성, 이메일, 스프레드시트 등 기본 업무도구 활용이 가능한 분
• 고객 및 유관 부서와 원활하게 소통하고 요청사항을 정리할 수 있는 분
• 예상하지 못한 상황에서도 우선순위를 판단해 대응할 수 있는 분
• 업무상 취급하는 자료와 고객 정보를 안전하게 관리할 수 있는 분
• 직무 관련 교육을 꾸준히 이수하며 전문성을 높일 분","• 소믈리에·바텐더 또는 유사 직무 경력 보유자
• 직무 관련 자격·면허 보유자: 조주기능사
• 직무 관련 자격·면허 보유자: 와인소믈리에 자격
• ERP, WMS, CRM, POS 등 직무 관련 시스템 사용 경험자
• 수치와 데이터를 활용한 실적 분석 경험자
• 다양한 이해관계자와 협업해 문제를 해결한 경험자
• 외국어 또는 관련 법규·안전 기준을 활용할 수 있는 분","• 지원서 및 제출서류의 허위기재 또는 허위 제출
• 채용 과정에서 본인 확인이 불가능한 경우
• 채용검진 결과 업무 수행에 부적합하다고 판단되는 경우
• 해외여행 및 근무에 결격사유가 있는 경우
• 기타 회사 또는 기관의 인사규정상 채용이 불가능한 경우",서류전형 > 인성검사 > 실무면접 > 최종면접
1016,소믈리에·바텐더 전문 인력,137,102,20261201,20270107,16,경력 2년 이상,기간제,울산광역시,학사 이상,"공공서비스 운영기관에서 주류 추천과 음료 서비스의 품질을 관리하는 포지션을(를) 맡을 소믈리에·바텐더를 모집합니다.

이번 포지션은 주류관리, 페어링, 칵테일, 서비스, 재고을 중심으로 운영 현장의 품질과 일정, 고객 경험을 함께 관리하는 역할입니다.

정해진 절차를 지키되 상황에 맞게 유연하게 대응하는 실무자를 모집합니다.

유관 부서 및 외부 파트너와 업무 기준을 공유하고, 이슈 발생 시 원인을 정리해 재발 방지 방안을 실행합니다.

초기에는 담당 업무의 프로세스와 시스템을 익히고, 이후에는 담당 영역의 지표 개선과 운영 표준화까지 주도하게 됩니다.","• 주류관리, 페어링, 칵테일, 서비스, 재고 및 일일 운영 현황 관리
• 업무 일정·실적·품질 지표 점검 및 보고
• 관련 시스템과 문서의 정확한 입력·관리
• 고객·협력사·유관 부서 문의 대응 및 이슈 조율
• 업무 절차 개선과 운영 리스크 사전 점검
• 주요 이슈 원인 분석 및 후속 조치 관리
• 정기 회의 자료 작성과 진행 현황 공유
• 업무 매뉴얼 정비와 신규 구성원 온보딩 지원","• 주류 지식과 고객 커뮤니케이션 관련 기본 지식 또는 실무 경험을 보유한 분
• 필수 자격·면허: 조주기능사 보유자 또는 입사 전 취득 가능한 분
• 맡은 업무를 정확하게 기록하고 마감까지 책임질 수 있는 분
• 문서작성, 이메일, 스프레드시트 등 기본 업무도구 활용이 가능한 분
• 고객 및 유관 부서와 원활하게 소통하고 요청사항을 정리할 수 있는 분
• 예상하지 못한 상황에서도 우선순위를 판단해 대응할 수 있는 분
• 업무상 취급하는 자료와 고객 정보를 안전하게 관리할 수 있는 분
• 교대·주말·현장 근무가 포함될 수 있는 일정에 대응 가능한 분","• 소믈리에·바텐더 또는 유사 직무 경력 보유자
• 직무 관련 자격·면허 보유자: 조주기능사
• 직무 관련 자격·면허 보유자: 와인소믈리에 자격
• ERP, WMS, CRM, POS 등 직무 관련 시스템 사용 경험자
• 수치와 데이터를 활용한 실적 분석 경험자
• 다양한 이해관계자와 협업해 문제를 해결한 경험자
• 신규 프로세스 구축이나 업무 자동화 경험자","• 지원서 및 제출서류의 허위기재 또는 허위 제출
• 채용 과정에서 본인 확인이 불가능한 경우
• 채용검진 결과 업무 수행에 부적합하다고 판단되는 경우
• 해외여행 및 근무에 결격사유가 있는 경우
• 기타 회사 또는 기관의 인사규정상 채용이 불가능한 경우",서류전형 > 직무과제 > 실무면접 > 최종합격
1017,소믈리에·바텐더 경력 채용,91,102,20260107,20260220,7,경력 3년 이상,정규직,강원특별자치도,석사 이상,"대기업 사업부에서 주류 추천과 음료 서비스의 품질을 관리하는 포지션을(를) 맡을 소믈리에·바텐더를 모집합니다.

이번 포지션은 주류관리, 페어링, 칵테일, 서비스, 재고을 중심으로 운영 현장의 품질과 일정, 고객 경험을 함께 관리하는 역할입니다.

부서 간 원활한 소통으로 일정과 품질을 안정적으로 관리하는 직무입니다.

유관 부서 및 외부 파트너와 업무 기준을 공유하고, 이슈 발생 시 원인을 정리해 재발 방지 방안을 실행합니다.

초기에는 담당 업무의 프로세스와 시스템을 익히고, 이후에는 담당 영역의 지표 개선과 운영 표준화까지 주도하게 됩니다.","• 주류관리, 페어링, 칵테일, 서비스, 재고 및 일일 운영 현황 관리
• 업무 일정·실적·품질 지표 점검 및 보고
• 관련 시스템과 문서의 정확한 입력·관리
• 고객·협력사·유관 부서 문의 대응 및 이슈 조율
• 업무 절차 개선과 운영 리스크 사전 점검
• 주요 이슈 원인 분석 및 후속 조치 관리
• 정기 회의 자료 작성과 진행 현황 공유
• 현장 안전·보안·개인정보 보호 기준 준수","• 주류 지식과 고객 커뮤니케이션 관련 기본 지식 또는 실무 경험을 보유한 분
• 필수 자격·면허: 조주기능사 보유자 또는 입사 전 취득 가능한 분
• 맡은 업무를 정확하게 기록하고 마감까지 책임질 수 있는 분
• 문서작성, 이메일, 스프레드시트 등 기본 업무도구 활용이 가능한 분
• 고객 및 유관 부서와 원활하게 소통하고 요청사항을 정리할 수 있는 분
• 예상하지 못한 상황에서도 우선순위를 판단해 대응할 수 있는 분
• 업무상 취급하는 자료와 고객 정보를 안전하게 관리할 수 있는 분
• 직무 관련 교육을 꾸준히 이수하며 전문성을 높일 분","• 소믈리에·바텐더 또는 유사 직무 경력 보유자
• 직무 관련 자격·면허 보유자: 조주기능사
• 직무 관련 자격·면허 보유자: 와인소믈리에 자격
• ERP, WMS, CRM, POS 등 직무 관련 시스템 사용 경험자
• 수치와 데이터를 활용한 실적 분석 경험자
• 다양한 이해관계자와 협업해 문제를 해결한 경험자
• 외국어 또는 관련 법규·안전 기준을 활용할 수 있는 분","• 지원서 및 제출서류의 허위기재 또는 허위 제출
• 채용 과정에서 본인 확인이 불가능한 경우
• 채용검진 결과 업무 수행에 부적합하다고 판단되는 경우
• 해외여행 및 근무에 결격사유가 있는 경우
• 기타 회사 또는 기관의 인사규정상 채용이 불가능한 경우",서류전형 > 1차면접 > 2차면접 > 채용검진
1018,소믈리에·바텐더 현장 책임자,107,102,20260124,20260208,18,경력 5년 이상,계약직,전라북도,박사 이상,"중견 제조기업에서 주류 추천과 음료 서비스의 품질을 관리하는 포지션을(를) 맡을 소믈리에·바텐더를 모집합니다.

이번 포지션은 주류관리, 페어링, 칵테일, 서비스, 재고을 중심으로 운영 현장의 품질과 일정, 고객 경험을 함께 관리하는 역할입니다.

서비스 품질과 안전을 우선하며 꾸준히 전문성을 쌓을 수 있는 포지션입니다.

유관 부서 및 외부 파트너와 업무 기준을 공유하고, 이슈 발생 시 원인을 정리해 재발 방지 방안을 실행합니다.

초기에는 담당 업무의 프로세스와 시스템을 익히고, 이후에는 담당 영역의 지표 개선과 운영 표준화까지 주도하게 됩니다.","• 주류관리, 페어링, 칵테일, 서비스, 재고 및 일일 운영 현황 관리
• 업무 일정·실적·품질 지표 점검 및 보고
• 관련 시스템과 문서의 정확한 입력·관리
• 고객·협력사·유관 부서 문의 대응 및 이슈 조율
• 업무 절차 개선과 운영 리스크 사전 점검
• 주요 이슈 원인 분석 및 후속 조치 관리
• 정기 회의 자료 작성과 진행 현황 공유
• 업무 매뉴얼 정비와 신규 구성원 온보딩 지원","• 주류 지식과 고객 커뮤니케이션 관련 기본 지식 또는 실무 경험을 보유한 분
• 필수 자격·면허: 조주기능사 보유자 또는 입사 전 취득 가능한 분
• 맡은 업무를 정확하게 기록하고 마감까지 책임질 수 있는 분
• 문서작성, 이메일, 스프레드시트 등 기본 업무도구 활용이 가능한 분
• 고객 및 유관 부서와 원활하게 소통하고 요청사항을 정리할 수 있는 분
• 예상하지 못한 상황에서도 우선순위를 판단해 대응할 수 있는 분
• 업무상 취급하는 자료와 고객 정보를 안전하게 관리할 수 있는 분
• 직무 관련 교육을 꾸준히 이수하며 전문성을 높일 분","• 소믈리에·바텐더 또는 유사 직무 경력 보유자
• 직무 관련 자격·면허 보유자: 조주기능사
• 직무 관련 자격·면허 보유자: 와인소믈리에 자격
• ERP, WMS, CRM, POS 등 직무 관련 시스템 사용 경험자
• 수치와 데이터를 활용한 실적 분석 경험자
• 다양한 이해관계자와 협업해 문제를 해결한 경험자
• 신규 프로세스 구축이나 업무 자동화 경험자","• 지원서 및 제출서류의 허위기재 또는 허위 제출
• 채용 과정에서 본인 확인이 불가능한 경우
• 채용검진 결과 업무 수행에 부적합하다고 판단되는 경우
• 해외여행 및 근무에 결격사유가 있는 경우
• 기타 회사 또는 기관의 인사규정상 채용이 불가능한 경우",서류전형 > 필기전형 > 면접전형 > 최종합격
1019,소믈리에·바텐더 서비스 담당,90,102,20260210,20260304,9,경력 무관,무기계약직,경상남도,학력무관,"전문 중소기업에서 주류 추천과 음료 서비스의 품질을 관리하는 포지션을(를) 맡을 소믈리에·바텐더를 모집합니다.

이번 포지션은 주류관리, 페어링, 칵테일, 서비스, 재고을 중심으로 운영 현장의 품질과 일정, 고객 경험을 함께 관리하는 역할입니다.

기본기를 바탕으로 새로운 업무를 빠르게 익히고 실행할 분을 모십니다.

유관 부서 및 외부 파트너와 업무 기준을 공유하고, 이슈 발생 시 원인을 정리해 재발 방지 방안을 실행합니다.

초기에는 담당 업무의 프로세스와 시스템을 익히고, 이후에는 담당 영역의 지표 개선과 운영 표준화까지 주도하게 됩니다.","• 주류관리, 페어링, 칵테일, 서비스, 재고 및 일일 운영 현황 관리
• 업무 일정·실적·품질 지표 점검 및 보고
• 관련 시스템과 문서의 정확한 입력·관리
• 고객·협력사·유관 부서 문의 대응 및 이슈 조율
• 업무 절차 개선과 운영 리스크 사전 점검
• 주요 이슈 원인 분석 및 후속 조치 관리
• 정기 회의 자료 작성과 진행 현황 공유
• 현장 안전·보안·개인정보 보호 기준 준수","• 주류 지식과 고객 커뮤니케이션 관련 기본 지식 또는 실무 경험을 보유한 분
• 필수 자격·면허: 조주기능사 보유자 또는 입사 전 취득 가능한 분
• 맡은 업무를 정확하게 기록하고 마감까지 책임질 수 있는 분
• 문서작성, 이메일, 스프레드시트 등 기본 업무도구 활용이 가능한 분
• 고객 및 유관 부서와 원활하게 소통하고 요청사항을 정리할 수 있는 분
• 예상하지 못한 상황에서도 우선순위를 판단해 대응할 수 있는 분
• 업무상 취급하는 자료와 고객 정보를 안전하게 관리할 수 있는 분
• 교대·주말·현장 근무가 포함될 수 있는 일정에 대응 가능한 분","• 소믈리에·바텐더 또는 유사 직무 경력 보유자
• 직무 관련 자격·면허 보유자: 조주기능사
• 직무 관련 자격·면허 보유자: 와인소믈리에 자격
• ERP, WMS, CRM, POS 등 직무 관련 시스템 사용 경험자
• 수치와 데이터를 활용한 실적 분석 경험자
• 다양한 이해관계자와 협업해 문제를 해결한 경험자
• 외국어 또는 관련 법규·안전 기준을 활용할 수 있는 분","• 지원서 및 제출서류의 허위기재 또는 허위 제출
• 채용 과정에서 본인 확인이 불가능한 경우
• 채용검진 결과 업무 수행에 부적합하다고 판단되는 경우
• 해외여행 및 근무에 결격사유가 있는 경우
• 기타 회사 또는 기관의 인사규정상 채용이 불가능한 경우",서류전형 > 실무면접 > 최종면접
1020,소믈리에·바텐더 담당자,157,102,20260227,20260328,20,신입,기간제,부산광역시,전문학사 이상,"성장 단계 스타트업에서 주류 추천과 음료 서비스의 품질을 관리하는 포지션을(를) 맡을 소믈리에·바텐더를 모집합니다.

이번 포지션은 주류관리, 페어링, 칵테일, 서비스, 재고을 중심으로 운영 현장의 품질과 일정, 고객 경험을 함께 관리하는 역할입니다.

성과와 고객 만족을 함께 고려하며 실질적인 변화를 만드는 역할입니다.

유관 부서 및 외부 파트너와 업무 기준을 공유하고, 이슈 발생 시 원인을 정리해 재발 방지 방안을 실행합니다.

초기에는 담당 업무의 프로세스와 시스템을 익히고, 이후에는 담당 영역의 지표 개선과 운영 표준화까지 주도하게 됩니다.","• 주류관리, 페어링, 칵테일, 서비스, 재고 및 일일 운영 현황 관리
• 업무 일정·실적·품질 지표 점검 및 보고
• 관련 시스템과 문서의 정확한 입력·관리
• 고객·협력사·유관 부서 문의 대응 및 이슈 조율
• 업무 절차 개선과 운영 리스크 사전 점검
• 주요 이슈 원인 분석 및 후속 조치 관리
• 정기 회의 자료 작성과 진행 현황 공유
• 업무 매뉴얼 정비와 신규 구성원 온보딩 지원","• 주류 지식과 고객 커뮤니케이션 관련 기본 지식 또는 실무 경험을 보유한 분
• 필수 자격·면허: 조주기능사 보유자 또는 입사 전 취득 가능한 분
• 맡은 업무를 정확하게 기록하고 마감까지 책임질 수 있는 분
• 문서작성, 이메일, 스프레드시트 등 기본 업무도구 활용이 가능한 분
• 고객 및 유관 부서와 원활하게 소통하고 요청사항을 정리할 수 있는 분
• 예상하지 못한 상황에서도 우선순위를 판단해 대응할 수 있는 분
• 업무상 취급하는 자료와 고객 정보를 안전하게 관리할 수 있는 분
• 직무 관련 교육을 꾸준히 이수하며 전문성을 높일 분","• 소믈리에·바텐더 또는 유사 직무 경력 보유자
• 직무 관련 자격·면허 보유자: 조주기능사
• 직무 관련 자격·면허 보유자: 와인소믈리에 자격
• ERP, WMS, CRM, POS 등 직무 관련 시스템 사용 경험자
• 수치와 데이터를 활용한 실적 분석 경험자
• 다양한 이해관계자와 협업해 문제를 해결한 경험자
• 신규 프로세스 구축이나 업무 자동화 경험자","• 지원서 및 제출서류의 허위기재 또는 허위 제출
• 채용 과정에서 본인 확인이 불가능한 경우
• 채용검진 결과 업무 수행에 부적합하다고 판단되는 경우
• 해외여행 및 근무에 결격사유가 있는 경우
• 기타 회사 또는 기관의 인사규정상 채용이 불가능한 경우",서류전형 > 인성검사 > 실무면접 > 최종면접
1021,영양사 운영 매니저,77,103,20260316,20260421,11,신입·경력,정규직,울산광역시,석사 이상,"종합병원 운영조직에서 급식 식단과 영양·위생 관리를 담당하는 포지션을(를) 맡을 영양사를 모집합니다.

이번 포지션은 식단작성, 발주, 검수, 위생점검, 영양상담을 중심으로 운영 현장의 품질과 일정, 고객 경험을 함께 관리하는 역할입니다.

정확한 실행력과 협업을 바탕으로 안정적인 운영을 함께 만들어 갈 분을 찾습니다.

유관 부서 및 외부 파트너와 업무 기준을 공유하고, 이슈 발생 시 원인을 정리해 재발 방지 방안을 실행합니다.

초기에는 담당 업무의 프로세스와 시스템을 익히고, 이후에는 담당 영역의 지표 개선과 운영 표준화까지 주도하게 됩니다.","• 식단작성, 발주, 검수, 위생점검, 영양상담 및 일일 운영 현황 관리
• 업무 일정·실적·품질 지표 점검 및 보고
• 관련 시스템과 문서의 정확한 입력·관리
• 고객·협력사·유관 부서 문의 대응 및 이슈 조율
• 업무 절차 개선과 운영 리스크 사전 점검
• 주요 이슈 원인 분석 및 후속 조치 관리
• 정기 회의 자료 작성과 진행 현황 공유
• 현장 안전·보안·개인정보 보호 기준 준수","• 영양사 면허와 식단관리 역량 관련 기본 지식 또는 실무 경험을 보유한 분
• 필수 자격·면허: 영양사 면허 보유자 또는 입사 전 취득 가능한 분
• 맡은 업무를 정확하게 기록하고 마감까지 책임질 수 있는 분
• 문서작성, 이메일, 스프레드시트 등 기본 업무도구 활용이 가능한 분
• 고객 및 유관 부서와 원활하게 소통하고 요청사항을 정리할 수 있는 분
• 예상하지 못한 상황에서도 우선순위를 판단해 대응할 수 있는 분
• 업무상 취급하는 자료와 고객 정보를 안전하게 관리할 수 있는 분
• 직무 관련 교육을 꾸준히 이수하며 전문성을 높일 분","• 영양사 또는 유사 직무 경력 보유자
• 직무 관련 자격·면허 보유자: 영양사 면허
• 직무 관련 자격·면허 보유자: 위생사 면허
• ERP, WMS, CRM, POS 등 직무 관련 시스템 사용 경험자
• 수치와 데이터를 활용한 실적 분석 경험자
• 다양한 이해관계자와 협업해 문제를 해결한 경험자
• 외국어 또는 관련 법규·안전 기준을 활용할 수 있는 분","• 지원서 및 제출서류의 허위기재 또는 허위 제출
• 채용 과정에서 본인 확인이 불가능한 경우
• 채용검진 결과 업무 수행에 부적합하다고 판단되는 경우
• 해외여행 및 근무에 결격사유가 있는 경우
• 기타 회사 또는 기관의 인사규정상 채용이 불가능한 경우",서류전형 > 1차면접 > 2차면접 > 채용검진
1022,영양사 전문 인력,126,103,20260402,20260515,2,경력 2년 이상,계약직,강원특별자치도,박사 이상,"대학 산학협력단에서 급식 식단과 영양·위생 관리를 담당하는 포지션을(를) 맡을 영양사를 모집합니다.

이번 포지션은 식단작성, 발주, 검수, 위생점검, 영양상담을 중심으로 운영 현장의 품질과 일정, 고객 경험을 함께 관리하는 역할입니다.

현장과 유관 부서의 요구를 연결하며 업무 품질을 높이는 역할입니다.

유관 부서 및 외부 파트너와 업무 기준을 공유하고, 이슈 발생 시 원인을 정리해 재발 방지 방안을 실행합니다.

초기에는 담당 업무의 프로세스와 시스템을 익히고, 이후에는 담당 영역의 지표 개선과 운영 표준화까지 주도하게 됩니다.","• 식단작성, 발주, 검수, 위생점검, 영양상담 및 일일 운영 현황 관리
• 업무 일정·실적·품질 지표 점검 및 보고
• 관련 시스템과 문서의 정확한 입력·관리
• 고객·협력사·유관 부서 문의 대응 및 이슈 조율
• 업무 절차 개선과 운영 리스크 사전 점검
• 주요 이슈 원인 분석 및 후속 조치 관리
• 정기 회의 자료 작성과 진행 현황 공유
• 업무 매뉴얼 정비와 신규 구성원 온보딩 지원","• 영양사 면허와 식단관리 역량 관련 기본 지식 또는 실무 경험을 보유한 분
• 필수 자격·면허: 영양사 면허 보유자 또는 입사 전 취득 가능한 분
• 맡은 업무를 정확하게 기록하고 마감까지 책임질 수 있는 분
• 문서작성, 이메일, 스프레드시트 등 기본 업무도구 활용이 가능한 분
• 고객 및 유관 부서와 원활하게 소통하고 요청사항을 정리할 수 있는 분
• 예상하지 못한 상황에서도 우선순위를 판단해 대응할 수 있는 분
• 업무상 취급하는 자료와 고객 정보를 안전하게 관리할 수 있는 분
• 교대·주말·현장 근무가 포함될 수 있는 일정에 대응 가능한 분","• 영양사 또는 유사 직무 경력 보유자
• 직무 관련 자격·면허 보유자: 영양사 면허
• 직무 관련 자격·면허 보유자: 위생사 면허
• ERP, WMS, CRM, POS 등 직무 관련 시스템 사용 경험자
• 수치와 데이터를 활용한 실적 분석 경험자
• 다양한 이해관계자와 협업해 문제를 해결한 경험자
• 신규 프로세스 구축이나 업무 자동화 경험자","• 지원서 및 제출서류의 허위기재 또는 허위 제출
• 채용 과정에서 본인 확인이 불가능한 경우
• 채용검진 결과 업무 수행에 부적합하다고 판단되는 경우
• 해외여행 및 근무에 결격사유가 있는 경우
• 기타 회사 또는 기관의 인사규정상 채용이 불가능한 경우",서류전형 > 필기전형 > 면접전형 > 최종합격
1023,영양사 경력 채용,61,103,20260419,20260503,13,경력 3년 이상,무기계약직,전라북도,학력무관,"기업 부설 연구소에서 급식 식단과 영양·위생 관리를 담당하는 포지션을(를) 맡을 영양사를 모집합니다.

이번 포지션은 식단작성, 발주, 검수, 위생점검, 영양상담을 중심으로 운영 현장의 품질과 일정, 고객 경험을 함께 관리하는 역할입니다.

업무 기준을 준수하면서도 개선점을 주도적으로 제안할 수 있는 분을 기다립니다.

유관 부서 및 외부 파트너와 업무 기준을 공유하고, 이슈 발생 시 원인을 정리해 재발 방지 방안을 실행합니다.

초기에는 담당 업무의 프로세스와 시스템을 익히고, 이후에는 담당 영역의 지표 개선과 운영 표준화까지 주도하게 됩니다.","• 식단작성, 발주, 검수, 위생점검, 영양상담 및 일일 운영 현황 관리
• 업무 일정·실적·품질 지표 점검 및 보고
• 관련 시스템과 문서의 정확한 입력·관리
• 고객·협력사·유관 부서 문의 대응 및 이슈 조율
• 업무 절차 개선과 운영 리스크 사전 점검
• 주요 이슈 원인 분석 및 후속 조치 관리
• 정기 회의 자료 작성과 진행 현황 공유
• 현장 안전·보안·개인정보 보호 기준 준수","• 영양사 면허와 식단관리 역량 관련 기본 지식 또는 실무 경험을 보유한 분
• 필수 자격·면허: 영양사 면허 보유자 또는 입사 전 취득 가능한 분
• 맡은 업무를 정확하게 기록하고 마감까지 책임질 수 있는 분
• 문서작성, 이메일, 스프레드시트 등 기본 업무도구 활용이 가능한 분
• 고객 및 유관 부서와 원활하게 소통하고 요청사항을 정리할 수 있는 분
• 예상하지 못한 상황에서도 우선순위를 판단해 대응할 수 있는 분
• 업무상 취급하는 자료와 고객 정보를 안전하게 관리할 수 있는 분
• 직무 관련 교육을 꾸준히 이수하며 전문성을 높일 분","• 영양사 또는 유사 직무 경력 보유자
• 직무 관련 자격·면허 보유자: 영양사 면허
• 직무 관련 자격·면허 보유자: 위생사 면허
• ERP, WMS, CRM, POS 등 직무 관련 시스템 사용 경험자
• 수치와 데이터를 활용한 실적 분석 경험자
• 다양한 이해관계자와 협업해 문제를 해결한 경험자
• 외국어 또는 관련 법규·안전 기준을 활용할 수 있는 분","• 지원서 및 제출서류의 허위기재 또는 허위 제출
• 채용 과정에서 본인 확인이 불가능한 경우
• 채용검진 결과 업무 수행에 부적합하다고 판단되는 경우
• 해외여행 및 근무에 결격사유가 있는 경우
• 기타 회사 또는 기관의 인사규정상 채용이 불가능한 경우",서류전형 > 실무면접 > 최종면접
1024,영양사 현장 책임자,44,103,20260506,20260527,4,경력 5년 이상,기간제,경상남도,전문학사 이상,"전문 협회에서 급식 식단과 영양·위생 관리를 담당하는 포지션을(를) 맡을 영양사를 모집합니다.

이번 포지션은 식단작성, 발주, 검수, 위생점검, 영양상담을 중심으로 운영 현장의 품질과 일정, 고객 경험을 함께 관리하는 역할입니다.

고객과 동료에게 신뢰를 주는 태도로 맡은 업무를 끝까지 책임지는 포지션입니다.

유관 부서 및 외부 파트너와 업무 기준을 공유하고, 이슈 발생 시 원인을 정리해 재발 방지 방안을 실행합니다.

초기에는 담당 업무의 프로세스와 시스템을 익히고, 이후에는 담당 영역의 지표 개선과 운영 표준화까지 주도하게 됩니다.","• 식단작성, 발주, 검수, 위생점검, 영양상담 및 일일 운영 현황 관리
• 업무 일정·실적·품질 지표 점검 및 보고
• 관련 시스템과 문서의 정확한 입력·관리
• 고객·협력사·유관 부서 문의 대응 및 이슈 조율
• 업무 절차 개선과 운영 리스크 사전 점검
• 주요 이슈 원인 분석 및 후속 조치 관리
• 정기 회의 자료 작성과 진행 현황 공유
• 업무 매뉴얼 정비와 신규 구성원 온보딩 지원","• 영양사 면허와 식단관리 역량 관련 기본 지식 또는 실무 경험을 보유한 분
• 필수 자격·면허: 영양사 면허 보유자 또는 입사 전 취득 가능한 분
• 맡은 업무를 정확하게 기록하고 마감까지 책임질 수 있는 분
• 문서작성, 이메일, 스프레드시트 등 기본 업무도구 활용이 가능한 분
• 고객 및 유관 부서와 원활하게 소통하고 요청사항을 정리할 수 있는 분
• 예상하지 못한 상황에서도 우선순위를 판단해 대응할 수 있는 분
• 업무상 취급하는 자료와 고객 정보를 안전하게 관리할 수 있는 분
• 직무 관련 교육을 꾸준히 이수하며 전문성을 높일 분","• 영양사 또는 유사 직무 경력 보유자
• 직무 관련 자격·면허 보유자: 영양사 면허
• 직무 관련 자격·면허 보유자: 위생사 면허
• ERP, WMS, CRM, POS 등 직무 관련 시스템 사용 경험자
• 수치와 데이터를 활용한 실적 분석 경험자
• 다양한 이해관계자와 협업해 문제를 해결한 경험자
• 신규 프로세스 구축이나 업무 자동화 경험자","• 지원서 및 제출서류의 허위기재 또는 허위 제출
• 채용 과정에서 본인 확인이 불가능한 경우
• 채용검진 결과 업무 수행에 부적합하다고 판단되는 경우
• 해외여행 및 근무에 결격사유가 있는 경우
• 기타 회사 또는 기관의 인사규정상 채용이 불가능한 경우",서류전형 > 인성검사 > 실무면접 > 최종면접
1025,영양사 서비스 담당,136,103,20260523,20260620,15,경력 무관,정규직,부산광역시,학사 이상,"공공서비스 운영기관에서 급식 식단과 영양·위생 관리를 담당하는 포지션을(를) 맡을 영양사를 모집합니다.

이번 포지션은 식단작성, 발주, 검수, 위생점검, 영양상담을 중심으로 운영 현장의 품질과 일정, 고객 경험을 함께 관리하는 역할입니다.

데이터와 현장 감각을 함께 활용해 반복 업무를 효율화하는 역할입니다.

유관 부서 및 외부 파트너와 업무 기준을 공유하고, 이슈 발생 시 원인을 정리해 재발 방지 방안을 실행합니다.

초기에는 담당 업무의 프로세스와 시스템을 익히고, 이후에는 담당 영역의 지표 개선과 운영 표준화까지 주도하게 됩니다.","• 식단작성, 발주, 검수, 위생점검, 영양상담 및 일일 운영 현황 관리
• 업무 일정·실적·품질 지표 점검 및 보고
• 관련 시스템과 문서의 정확한 입력·관리
• 고객·협력사·유관 부서 문의 대응 및 이슈 조율
• 업무 절차 개선과 운영 리스크 사전 점검
• 주요 이슈 원인 분석 및 후속 조치 관리
• 정기 회의 자료 작성과 진행 현황 공유
• 현장 안전·보안·개인정보 보호 기준 준수","• 영양사 면허와 식단관리 역량 관련 기본 지식 또는 실무 경험을 보유한 분
• 필수 자격·면허: 영양사 면허 보유자 또는 입사 전 취득 가능한 분
• 맡은 업무를 정확하게 기록하고 마감까지 책임질 수 있는 분
• 문서작성, 이메일, 스프레드시트 등 기본 업무도구 활용이 가능한 분
• 고객 및 유관 부서와 원활하게 소통하고 요청사항을 정리할 수 있는 분
• 예상하지 못한 상황에서도 우선순위를 판단해 대응할 수 있는 분
• 업무상 취급하는 자료와 고객 정보를 안전하게 관리할 수 있는 분
• 교대·주말·현장 근무가 포함될 수 있는 일정에 대응 가능한 분","• 영양사 또는 유사 직무 경력 보유자
• 직무 관련 자격·면허 보유자: 영양사 면허
• 직무 관련 자격·면허 보유자: 위생사 면허
• ERP, WMS, CRM, POS 등 직무 관련 시스템 사용 경험자
• 수치와 데이터를 활용한 실적 분석 경험자
• 다양한 이해관계자와 협업해 문제를 해결한 경험자
• 외국어 또는 관련 법규·안전 기준을 활용할 수 있는 분","• 지원서 및 제출서류의 허위기재 또는 허위 제출
• 채용 과정에서 본인 확인이 불가능한 경우
• 채용검진 결과 업무 수행에 부적합하다고 판단되는 경우
• 해외여행 및 근무에 결격사유가 있는 경우
• 기타 회사 또는 기관의 인사규정상 채용이 불가능한 경우",서류전형 > 직무과제 > 실무면접 > 최종합격
1026,영양사 담당자,20,103,20260609,20260714,6,신입,계약직,광주광역시,석사 이상,"대기업 사업부에서 급식 식단과 영양·위생 관리를 담당하는 포지션을(를) 맡을 영양사를 모집합니다.

이번 포지션은 식단작성, 발주, 검수, 위생점검, 영양상담을 중심으로 운영 현장의 품질과 일정, 고객 경험을 함께 관리하는 역할입니다.

정해진 절차를 지키되 상황에 맞게 유연하게 대응하는 실무자를 모집합니다.

유관 부서 및 외부 파트너와 업무 기준을 공유하고, 이슈 발생 시 원인을 정리해 재발 방지 방안을 실행합니다.

초기에는 담당 업무의 프로세스와 시스템을 익히고, 이후에는 담당 영역의 지표 개선과 운영 표준화까지 주도하게 됩니다.","• 식단작성, 발주, 검수, 위생점검, 영양상담 및 일일 운영 현황 관리
• 업무 일정·실적·품질 지표 점검 및 보고
• 관련 시스템과 문서의 정확한 입력·관리
• 고객·협력사·유관 부서 문의 대응 및 이슈 조율
• 업무 절차 개선과 운영 리스크 사전 점검
• 주요 이슈 원인 분석 및 후속 조치 관리
• 정기 회의 자료 작성과 진행 현황 공유
• 업무 매뉴얼 정비와 신규 구성원 온보딩 지원","• 영양사 면허와 식단관리 역량 관련 기본 지식 또는 실무 경험을 보유한 분
• 필수 자격·면허: 영양사 면허 보유자 또는 입사 전 취득 가능한 분
• 맡은 업무를 정확하게 기록하고 마감까지 책임질 수 있는 분
• 문서작성, 이메일, 스프레드시트 등 기본 업무도구 활용이 가능한 분
• 고객 및 유관 부서와 원활하게 소통하고 요청사항을 정리할 수 있는 분
• 예상하지 못한 상황에서도 우선순위를 판단해 대응할 수 있는 분
• 업무상 취급하는 자료와 고객 정보를 안전하게 관리할 수 있는 분
• 직무 관련 교육을 꾸준히 이수하며 전문성을 높일 분","• 영양사 또는 유사 직무 경력 보유자
• 직무 관련 자격·면허 보유자: 영양사 면허
• 직무 관련 자격·면허 보유자: 위생사 면허
• ERP, WMS, CRM, POS 등 직무 관련 시스템 사용 경험자
• 수치와 데이터를 활용한 실적 분석 경험자
• 다양한 이해관계자와 협업해 문제를 해결한 경험자
• 신규 프로세스 구축이나 업무 자동화 경험자","• 지원서 및 제출서류의 허위기재 또는 허위 제출
• 채용 과정에서 본인 확인이 불가능한 경우
• 채용검진 결과 업무 수행에 부적합하다고 판단되는 경우
• 해외여행 및 근무에 결격사유가 있는 경우
• 기타 회사 또는 기관의 인사규정상 채용이 불가능한 경우",서류전형 > 1차면접 > 2차면접 > 채용검진
1027,영양사 실무자,144,103,20260626,20260807,17,경력,무기계약직,경기도,박사 이상,"중견 제조기업에서 급식 식단과 영양·위생 관리를 담당하는 포지션을(를) 맡을 영양사를 모집합니다.

이번 포지션은 식단작성, 발주, 검수, 위생점검, 영양상담을 중심으로 운영 현장의 품질과 일정, 고객 경험을 함께 관리하는 역할입니다.

부서 간 원활한 소통으로 일정과 품질을 안정적으로 관리하는 직무입니다.

유관 부서 및 외부 파트너와 업무 기준을 공유하고, 이슈 발생 시 원인을 정리해 재발 방지 방안을 실행합니다.

초기에는 담당 업무의 프로세스와 시스템을 익히고, 이후에는 담당 영역의 지표 개선과 운영 표준화까지 주도하게 됩니다.","• 식단작성, 발주, 검수, 위생점검, 영양상담 및 일일 운영 현황 관리
• 업무 일정·실적·품질 지표 점검 및 보고
• 관련 시스템과 문서의 정확한 입력·관리
• 고객·협력사·유관 부서 문의 대응 및 이슈 조율
• 업무 절차 개선과 운영 리스크 사전 점검
• 주요 이슈 원인 분석 및 후속 조치 관리
• 정기 회의 자료 작성과 진행 현황 공유
• 현장 안전·보안·개인정보 보호 기준 준수","• 영양사 면허와 식단관리 역량 관련 기본 지식 또는 실무 경험을 보유한 분
• 필수 자격·면허: 영양사 면허 보유자 또는 입사 전 취득 가능한 분
• 맡은 업무를 정확하게 기록하고 마감까지 책임질 수 있는 분
• 문서작성, 이메일, 스프레드시트 등 기본 업무도구 활용이 가능한 분
• 고객 및 유관 부서와 원활하게 소통하고 요청사항을 정리할 수 있는 분
• 예상하지 못한 상황에서도 우선순위를 판단해 대응할 수 있는 분
• 업무상 취급하는 자료와 고객 정보를 안전하게 관리할 수 있는 분
• 직무 관련 교육을 꾸준히 이수하며 전문성을 높일 분","• 영양사 또는 유사 직무 경력 보유자
• 직무 관련 자격·면허 보유자: 영양사 면허
• 직무 관련 자격·면허 보유자: 위생사 면허
• ERP, WMS, CRM, POS 등 직무 관련 시스템 사용 경험자
• 수치와 데이터를 활용한 실적 분석 경험자
• 다양한 이해관계자와 협업해 문제를 해결한 경험자
• 외국어 또는 관련 법규·안전 기준을 활용할 수 있는 분","• 지원서 및 제출서류의 허위기재 또는 허위 제출
• 채용 과정에서 본인 확인이 불가능한 경우
• 채용검진 결과 업무 수행에 부적합하다고 판단되는 경우
• 해외여행 및 근무에 결격사유가 있는 경우
• 기타 회사 또는 기관의 인사규정상 채용이 불가능한 경우",서류전형 > 필기전형 > 면접전형 > 최종합격
1028,영양사 운영 매니저,141,103,20260713,20260726,8,신입·경력,기간제,충청남도,학력무관,"전문 중소기업에서 급식 식단과 영양·위생 관리를 담당하는 포지션을(를) 맡을 영양사를 모집합니다.

이번 포지션은 식단작성, 발주, 검수, 위생점검, 영양상담을 중심으로 운영 현장의 품질과 일정, 고객 경험을 함께 관리하는 역할입니다.

서비스 품질과 안전을 우선하며 꾸준히 전문성을 쌓을 수 있는 포지션입니다.

유관 부서 및 외부 파트너와 업무 기준을 공유하고, 이슈 발생 시 원인을 정리해 재발 방지 방안을 실행합니다.

초기에는 담당 업무의 프로세스와 시스템을 익히고, 이후에는 담당 영역의 지표 개선과 운영 표준화까지 주도하게 됩니다.","• 식단작성, 발주, 검수, 위생점검, 영양상담 및 일일 운영 현황 관리
• 업무 일정·실적·품질 지표 점검 및 보고
• 관련 시스템과 문서의 정확한 입력·관리
• 고객·협력사·유관 부서 문의 대응 및 이슈 조율
• 업무 절차 개선과 운영 리스크 사전 점검
• 주요 이슈 원인 분석 및 후속 조치 관리
• 정기 회의 자료 작성과 진행 현황 공유
• 업무 매뉴얼 정비와 신규 구성원 온보딩 지원","• 영양사 면허와 식단관리 역량 관련 기본 지식 또는 실무 경험을 보유한 분
• 필수 자격·면허: 영양사 면허 보유자 또는 입사 전 취득 가능한 분
• 맡은 업무를 정확하게 기록하고 마감까지 책임질 수 있는 분
• 문서작성, 이메일, 스프레드시트 등 기본 업무도구 활용이 가능한 분
• 고객 및 유관 부서와 원활하게 소통하고 요청사항을 정리할 수 있는 분
• 예상하지 못한 상황에서도 우선순위를 판단해 대응할 수 있는 분
• 업무상 취급하는 자료와 고객 정보를 안전하게 관리할 수 있는 분
• 교대·주말·현장 근무가 포함될 수 있는 일정에 대응 가능한 분","• 영양사 또는 유사 직무 경력 보유자
• 직무 관련 자격·면허 보유자: 영양사 면허
• 직무 관련 자격·면허 보유자: 위생사 면허
• ERP, WMS, CRM, POS 등 직무 관련 시스템 사용 경험자
• 수치와 데이터를 활용한 실적 분석 경험자
• 다양한 이해관계자와 협업해 문제를 해결한 경험자
• 신규 프로세스 구축이나 업무 자동화 경험자","• 지원서 및 제출서류의 허위기재 또는 허위 제출
• 채용 과정에서 본인 확인이 불가능한 경우
• 채용검진 결과 업무 수행에 부적합하다고 판단되는 경우
• 해외여행 및 근무에 결격사유가 있는 경우
• 기타 회사 또는 기관의 인사규정상 채용이 불가능한 경우",서류전형 > 실무면접 > 최종면접
1029,영양사 전문 인력,68,103,20260730,20260819,19,경력 2년 이상,정규직,경상북도,전문학사 이상,"성장 단계 스타트업에서 급식 식단과 영양·위생 관리를 담당하는 포지션을(를) 맡을 영양사를 모집합니다.

이번 포지션은 식단작성, 발주, 검수, 위생점검, 영양상담을 중심으로 운영 현장의 품질과 일정, 고객 경험을 함께 관리하는 역할입니다.

기본기를 바탕으로 새로운 업무를 빠르게 익히고 실행할 분을 모십니다.

유관 부서 및 외부 파트너와 업무 기준을 공유하고, 이슈 발생 시 원인을 정리해 재발 방지 방안을 실행합니다.

초기에는 담당 업무의 프로세스와 시스템을 익히고, 이후에는 담당 영역의 지표 개선과 운영 표준화까지 주도하게 됩니다.","• 식단작성, 발주, 검수, 위생점검, 영양상담 및 일일 운영 현황 관리
• 업무 일정·실적·품질 지표 점검 및 보고
• 관련 시스템과 문서의 정확한 입력·관리
• 고객·협력사·유관 부서 문의 대응 및 이슈 조율
• 업무 절차 개선과 운영 리스크 사전 점검
• 주요 이슈 원인 분석 및 후속 조치 관리
• 정기 회의 자료 작성과 진행 현황 공유
• 현장 안전·보안·개인정보 보호 기준 준수","• 영양사 면허와 식단관리 역량 관련 기본 지식 또는 실무 경험을 보유한 분
• 필수 자격·면허: 영양사 면허 보유자 또는 입사 전 취득 가능한 분
• 맡은 업무를 정확하게 기록하고 마감까지 책임질 수 있는 분
• 문서작성, 이메일, 스프레드시트 등 기본 업무도구 활용이 가능한 분
• 고객 및 유관 부서와 원활하게 소통하고 요청사항을 정리할 수 있는 분
• 예상하지 못한 상황에서도 우선순위를 판단해 대응할 수 있는 분
• 업무상 취급하는 자료와 고객 정보를 안전하게 관리할 수 있는 분
• 직무 관련 교육을 꾸준히 이수하며 전문성을 높일 분","• 영양사 또는 유사 직무 경력 보유자
• 직무 관련 자격·면허 보유자: 영양사 면허
• 직무 관련 자격·면허 보유자: 위생사 면허
• ERP, WMS, CRM, POS 등 직무 관련 시스템 사용 경험자
• 수치와 데이터를 활용한 실적 분석 경험자
• 다양한 이해관계자와 협업해 문제를 해결한 경험자
• 외국어 또는 관련 법규·안전 기준을 활용할 수 있는 분","• 지원서 및 제출서류의 허위기재 또는 허위 제출
• 채용 과정에서 본인 확인이 불가능한 경우
• 채용검진 결과 업무 수행에 부적합하다고 판단되는 경우
• 해외여행 및 근무에 결격사유가 있는 경우
• 기타 회사 또는 기관의 인사규정상 채용이 불가능한 경우",서류전형 > 인성검사 > 실무면접 > 최종면접
1030,영양사 경력 채용,15,103,20260816,20260912,10,경력 3년 이상,계약직,서울특별시,학사 이상,"종합병원 운영조직에서 급식 식단과 영양·위생 관리를 담당하는 포지션을(를) 맡을 영양사를 모집합니다.

이번 포지션은 식단작성, 발주, 검수, 위생점검, 영양상담을 중심으로 운영 현장의 품질과 일정, 고객 경험을 함께 관리하는 역할입니다.

성과와 고객 만족을 함께 고려하며 실질적인 변화를 만드는 역할입니다.

유관 부서 및 외부 파트너와 업무 기준을 공유하고, 이슈 발생 시 원인을 정리해 재발 방지 방안을 실행합니다.

초기에는 담당 업무의 프로세스와 시스템을 익히고, 이후에는 담당 영역의 지표 개선과 운영 표준화까지 주도하게 됩니다.","• 식단작성, 발주, 검수, 위생점검, 영양상담 및 일일 운영 현황 관리
• 업무 일정·실적·품질 지표 점검 및 보고
• 관련 시스템과 문서의 정확한 입력·관리
• 고객·협력사·유관 부서 문의 대응 및 이슈 조율
• 업무 절차 개선과 운영 리스크 사전 점검
• 주요 이슈 원인 분석 및 후속 조치 관리
• 정기 회의 자료 작성과 진행 현황 공유
• 업무 매뉴얼 정비와 신규 구성원 온보딩 지원","• 영양사 면허와 식단관리 역량 관련 기본 지식 또는 실무 경험을 보유한 분
• 필수 자격·면허: 영양사 면허 보유자 또는 입사 전 취득 가능한 분
• 맡은 업무를 정확하게 기록하고 마감까지 책임질 수 있는 분
• 문서작성, 이메일, 스프레드시트 등 기본 업무도구 활용이 가능한 분
• 고객 및 유관 부서와 원활하게 소통하고 요청사항을 정리할 수 있는 분
• 예상하지 못한 상황에서도 우선순위를 판단해 대응할 수 있는 분
• 업무상 취급하는 자료와 고객 정보를 안전하게 관리할 수 있는 분
• 직무 관련 교육을 꾸준히 이수하며 전문성을 높일 분","• 영양사 또는 유사 직무 경력 보유자
• 직무 관련 자격·면허 보유자: 영양사 면허
• 직무 관련 자격·면허 보유자: 위생사 면허
• ERP, WMS, CRM, POS 등 직무 관련 시스템 사용 경험자
• 수치와 데이터를 활용한 실적 분석 경험자
• 다양한 이해관계자와 협업해 문제를 해결한 경험자
• 신규 프로세스 구축이나 업무 자동화 경험자","• 지원서 및 제출서류의 허위기재 또는 허위 제출
• 채용 과정에서 본인 확인이 불가능한 경우
• 채용검진 결과 업무 수행에 부적합하다고 판단되는 경우
• 해외여행 및 근무에 결격사유가 있는 경우
• 기타 회사 또는 기관의 인사규정상 채용이 불가능한 경우",서류전형 > 직무과제 > 실무면접 > 최종합격
1031,식품연구원 서비스 담당,130,104,20260902,20261006,1,경력 무관,무기계약직,광주광역시,박사 이상,"대학 산학협력단에서 식품 제품의 개발과 품질 개선을 수행하는 포지션을(를) 맡을 식품연구원를 모집합니다.

이번 포지션은 시제품, 배합, 관능평가, 원료, 시험기록을 중심으로 운영 현장의 품질과 일정, 고객 경험을 함께 관리하는 역할입니다.

정확한 실행력과 협업을 바탕으로 안정적인 운영을 함께 만들어 갈 분을 찾습니다.

유관 부서 및 외부 파트너와 업무 기준을 공유하고, 이슈 발생 시 원인을 정리해 재발 방지 방안을 실행합니다.

초기에는 담당 업무의 프로세스와 시스템을 익히고, 이후에는 담당 영역의 지표 개선과 운영 표준화까지 주도하게 됩니다.","• 시제품, 배합, 관능평가, 원료, 시험기록 및 일일 운영 현황 관리
• 업무 일정·실적·품질 지표 점검 및 보고
• 관련 시스템과 문서의 정확한 입력·관리
• 고객·협력사·유관 부서 문의 대응 및 이슈 조율
• 업무 절차 개선과 운영 리스크 사전 점검
• 주요 이슈 원인 분석 및 후속 조치 관리
• 정기 회의 자료 작성과 진행 현황 공유
• 현장 안전·보안·개인정보 보호 기준 준수","• 식품공학·생명과학 기반 지식 관련 기본 지식 또는 실무 경험을 보유한 분
• 필수 자격·면허: 식품기사 보유자 또는 입사 전 취득 가능한 분
• 맡은 업무를 정확하게 기록하고 마감까지 책임질 수 있는 분
• 문서작성, 이메일, 스프레드시트 등 기본 업무도구 활용이 가능한 분
• 고객 및 유관 부서와 원활하게 소통하고 요청사항을 정리할 수 있는 분
• 예상하지 못한 상황에서도 우선순위를 판단해 대응할 수 있는 분
• 업무상 취급하는 자료와 고객 정보를 안전하게 관리할 수 있는 분
• 교대·주말·현장 근무가 포함될 수 있는 일정에 대응 가능한 분","• 식품연구원 또는 유사 직무 경력 보유자
• 직무 관련 자격·면허 보유자: 식품기사
• 직무 관련 자격·면허 보유자: 위생사 면허
• ERP, WMS, CRM, POS 등 직무 관련 시스템 사용 경험자
• 수치와 데이터를 활용한 실적 분석 경험자
• 다양한 이해관계자와 협업해 문제를 해결한 경험자
• 외국어 또는 관련 법규·안전 기준을 활용할 수 있는 분","• 지원서 및 제출서류의 허위기재 또는 허위 제출
• 채용 과정에서 본인 확인이 불가능한 경우
• 채용검진 결과 업무 수행에 부적합하다고 판단되는 경우
• 해외여행 및 근무에 결격사유가 있는 경우
• 기타 회사 또는 기관의 인사규정상 채용이 불가능한 경우",서류전형 > 필기전형 > 면접전형 > 최종합격
1032,식품연구원 담당자,51,104,20260919,20261030,12,신입,기간제,경기도,학력무관,"기업 부설 연구소에서 식품 제품의 개발과 품질 개선을 수행하는 포지션을(를) 맡을 식품연구원를 모집합니다.

이번 포지션은 시제품, 배합, 관능평가, 원료, 시험기록을 중심으로 운영 현장의 품질과 일정, 고객 경험을 함께 관리하는 역할입니다.

현장과 유관 부서의 요구를 연결하며 업무 품질을 높이는 역할입니다.

유관 부서 및 외부 파트너와 업무 기준을 공유하고, 이슈 발생 시 원인을 정리해 재발 방지 방안을 실행합니다.

초기에는 담당 업무의 프로세스와 시스템을 익히고, 이후에는 담당 영역의 지표 개선과 운영 표준화까지 주도하게 됩니다.","• 시제품, 배합, 관능평가, 원료, 시험기록 및 일일 운영 현황 관리
• 업무 일정·실적·품질 지표 점검 및 보고
• 관련 시스템과 문서의 정확한 입력·관리
• 고객·협력사·유관 부서 문의 대응 및 이슈 조율
• 업무 절차 개선과 운영 리스크 사전 점검
• 주요 이슈 원인 분석 및 후속 조치 관리
• 정기 회의 자료 작성과 진행 현황 공유
• 업무 매뉴얼 정비와 신규 구성원 온보딩 지원","• 식품공학·생명과학 기반 지식 관련 기본 지식 또는 실무 경험을 보유한 분
• 필수 자격·면허: 식품기사 보유자 또는 입사 전 취득 가능한 분
• 맡은 업무를 정확하게 기록하고 마감까지 책임질 수 있는 분
• 문서작성, 이메일, 스프레드시트 등 기본 업무도구 활용이 가능한 분
• 고객 및 유관 부서와 원활하게 소통하고 요청사항을 정리할 수 있는 분
• 예상하지 못한 상황에서도 우선순위를 판단해 대응할 수 있는 분
• 업무상 취급하는 자료와 고객 정보를 안전하게 관리할 수 있는 분
• 직무 관련 교육을 꾸준히 이수하며 전문성을 높일 분","• 식품연구원 또는 유사 직무 경력 보유자
• 직무 관련 자격·면허 보유자: 식품기사
• 직무 관련 자격·면허 보유자: 위생사 면허
• ERP, WMS, CRM, POS 등 직무 관련 시스템 사용 경험자
• 수치와 데이터를 활용한 실적 분석 경험자
• 다양한 이해관계자와 협업해 문제를 해결한 경험자
• 신규 프로세스 구축이나 업무 자동화 경험자","• 지원서 및 제출서류의 허위기재 또는 허위 제출
• 채용 과정에서 본인 확인이 불가능한 경우
• 채용검진 결과 업무 수행에 부적합하다고 판단되는 경우
• 해외여행 및 근무에 결격사유가 있는 경우
• 기타 회사 또는 기관의 인사규정상 채용이 불가능한 경우",서류전형 > 실무면접 > 최종면접
1033,식품연구원 실무자,75,104,20261006,20261018,3,경력,정규직,충청남도,전문학사 이상,"전문 협회에서 식품 제품의 개발과 품질 개선을 수행하는 포지션을(를) 맡을 식품연구원를 모집합니다.

이번 포지션은 시제품, 배합, 관능평가, 원료, 시험기록을 중심으로 운영 현장의 품질과 일정, 고객 경험을 함께 관리하는 역할입니다.

업무 기준을 준수하면서도 개선점을 주도적으로 제안할 수 있는 분을 기다립니다.

유관 부서 및 외부 파트너와 업무 기준을 공유하고, 이슈 발생 시 원인을 정리해 재발 방지 방안을 실행합니다.

초기에는 담당 업무의 프로세스와 시스템을 익히고, 이후에는 담당 영역의 지표 개선과 운영 표준화까지 주도하게 됩니다.","• 시제품, 배합, 관능평가, 원료, 시험기록 및 일일 운영 현황 관리
• 업무 일정·실적·품질 지표 점검 및 보고
• 관련 시스템과 문서의 정확한 입력·관리
• 고객·협력사·유관 부서 문의 대응 및 이슈 조율
• 업무 절차 개선과 운영 리스크 사전 점검
• 주요 이슈 원인 분석 및 후속 조치 관리
• 정기 회의 자료 작성과 진행 현황 공유
• 현장 안전·보안·개인정보 보호 기준 준수","• 식품공학·생명과학 기반 지식 관련 기본 지식 또는 실무 경험을 보유한 분
• 필수 자격·면허: 식품기사 보유자 또는 입사 전 취득 가능한 분
• 맡은 업무를 정확하게 기록하고 마감까지 책임질 수 있는 분
• 문서작성, 이메일, 스프레드시트 등 기본 업무도구 활용이 가능한 분
• 고객 및 유관 부서와 원활하게 소통하고 요청사항을 정리할 수 있는 분
• 예상하지 못한 상황에서도 우선순위를 판단해 대응할 수 있는 분
• 업무상 취급하는 자료와 고객 정보를 안전하게 관리할 수 있는 분
• 직무 관련 교육을 꾸준히 이수하며 전문성을 높일 분","• 식품연구원 또는 유사 직무 경력 보유자
• 직무 관련 자격·면허 보유자: 식품기사
• 직무 관련 자격·면허 보유자: 위생사 면허
• ERP, WMS, CRM, POS 등 직무 관련 시스템 사용 경험자
• 수치와 데이터를 활용한 실적 분석 경험자
• 다양한 이해관계자와 협업해 문제를 해결한 경험자
• 외국어 또는 관련 법규·안전 기준을 활용할 수 있는 분","• 지원서 및 제출서류의 허위기재 또는 허위 제출
• 채용 과정에서 본인 확인이 불가능한 경우
• 채용검진 결과 업무 수행에 부적합하다고 판단되는 경우
• 해외여행 및 근무에 결격사유가 있는 경우
• 기타 회사 또는 기관의 인사규정상 채용이 불가능한 경우",서류전형 > 인성검사 > 실무면접 > 최종면접
1034,식품연구원 운영 매니저,38,104,20261023,20261111,14,신입·경력,계약직,경상북도,학사 이상,"공공서비스 운영기관에서 식품 제품의 개발과 품질 개선을 수행하는 포지션을(를) 맡을 식품연구원를 모집합니다.

이번 포지션은 시제품, 배합, 관능평가, 원료, 시험기록을 중심으로 운영 현장의 품질과 일정, 고객 경험을 함께 관리하는 역할입니다.

고객과 동료에게 신뢰를 주는 태도로 맡은 업무를 끝까지 책임지는 포지션입니다.

유관 부서 및 외부 파트너와 업무 기준을 공유하고, 이슈 발생 시 원인을 정리해 재발 방지 방안을 실행합니다.

초기에는 담당 업무의 프로세스와 시스템을 익히고, 이후에는 담당 영역의 지표 개선과 운영 표준화까지 주도하게 됩니다.","• 시제품, 배합, 관능평가, 원료, 시험기록 및 일일 운영 현황 관리
• 업무 일정·실적·품질 지표 점검 및 보고
• 관련 시스템과 문서의 정확한 입력·관리
• 고객·협력사·유관 부서 문의 대응 및 이슈 조율
• 업무 절차 개선과 운영 리스크 사전 점검
• 주요 이슈 원인 분석 및 후속 조치 관리
• 정기 회의 자료 작성과 진행 현황 공유
• 업무 매뉴얼 정비와 신규 구성원 온보딩 지원","• 식품공학·생명과학 기반 지식 관련 기본 지식 또는 실무 경험을 보유한 분
• 필수 자격·면허: 식품기사 보유자 또는 입사 전 취득 가능한 분
• 맡은 업무를 정확하게 기록하고 마감까지 책임질 수 있는 분
• 문서작성, 이메일, 스프레드시트 등 기본 업무도구 활용이 가능한 분
• 고객 및 유관 부서와 원활하게 소통하고 요청사항을 정리할 수 있는 분
• 예상하지 못한 상황에서도 우선순위를 판단해 대응할 수 있는 분
• 업무상 취급하는 자료와 고객 정보를 안전하게 관리할 수 있는 분
• 교대·주말·현장 근무가 포함될 수 있는 일정에 대응 가능한 분","• 식품연구원 또는 유사 직무 경력 보유자
• 직무 관련 자격·면허 보유자: 식품기사
• 직무 관련 자격·면허 보유자: 위생사 면허
• ERP, WMS, CRM, POS 등 직무 관련 시스템 사용 경험자
• 수치와 데이터를 활용한 실적 분석 경험자
• 다양한 이해관계자와 협업해 문제를 해결한 경험자
• 신규 프로세스 구축이나 업무 자동화 경험자","• 지원서 및 제출서류의 허위기재 또는 허위 제출
• 채용 과정에서 본인 확인이 불가능한 경우
• 채용검진 결과 업무 수행에 부적합하다고 판단되는 경우
• 해외여행 및 근무에 결격사유가 있는 경우
• 기타 회사 또는 기관의 인사규정상 채용이 불가능한 경우",서류전형 > 직무과제 > 실무면접 > 최종합격
1035,식품연구원 전문 인력,50,104,20261109,20261205,5,경력 2년 이상,무기계약직,서울특별시,석사 이상,"대기업 사업부에서 식품 제품의 개발과 품질 개선을 수행하는 포지션을(를) 맡을 식품연구원를 모집합니다.

이번 포지션은 시제품, 배합, 관능평가, 원료, 시험기록을 중심으로 운영 현장의 품질과 일정, 고객 경험을 함께 관리하는 역할입니다.

데이터와 현장 감각을 함께 활용해 반복 업무를 효율화하는 역할입니다.

유관 부서 및 외부 파트너와 업무 기준을 공유하고, 이슈 발생 시 원인을 정리해 재발 방지 방안을 실행합니다.

초기에는 담당 업무의 프로세스와 시스템을 익히고, 이후에는 담당 영역의 지표 개선과 운영 표준화까지 주도하게 됩니다.","• 시제품, 배합, 관능평가, 원료, 시험기록 및 일일 운영 현황 관리
• 업무 일정·실적·품질 지표 점검 및 보고
• 관련 시스템과 문서의 정확한 입력·관리
• 고객·협력사·유관 부서 문의 대응 및 이슈 조율
• 업무 절차 개선과 운영 리스크 사전 점검
• 주요 이슈 원인 분석 및 후속 조치 관리
• 정기 회의 자료 작성과 진행 현황 공유
• 현장 안전·보안·개인정보 보호 기준 준수","• 식품공학·생명과학 기반 지식 관련 기본 지식 또는 실무 경험을 보유한 분
• 필수 자격·면허: 식품기사 보유자 또는 입사 전 취득 가능한 분
• 맡은 업무를 정확하게 기록하고 마감까지 책임질 수 있는 분
• 문서작성, 이메일, 스프레드시트 등 기본 업무도구 활용이 가능한 분
• 고객 및 유관 부서와 원활하게 소통하고 요청사항을 정리할 수 있는 분
• 예상하지 못한 상황에서도 우선순위를 판단해 대응할 수 있는 분
• 업무상 취급하는 자료와 고객 정보를 안전하게 관리할 수 있는 분
• 직무 관련 교육을 꾸준히 이수하며 전문성을 높일 분","• 식품연구원 또는 유사 직무 경력 보유자
• 직무 관련 자격·면허 보유자: 식품기사
• 직무 관련 자격·면허 보유자: 위생사 면허
• ERP, WMS, CRM, POS 등 직무 관련 시스템 사용 경험자
• 수치와 데이터를 활용한 실적 분석 경험자
• 다양한 이해관계자와 협업해 문제를 해결한 경험자
• 외국어 또는 관련 법규·안전 기준을 활용할 수 있는 분","• 지원서 및 제출서류의 허위기재 또는 허위 제출
• 채용 과정에서 본인 확인이 불가능한 경우
• 채용검진 결과 업무 수행에 부적합하다고 판단되는 경우
• 해외여행 및 근무에 결격사유가 있는 경우
• 기타 회사 또는 기관의 인사규정상 채용이 불가능한 경우",서류전형 > 1차면접 > 2차면접 > 채용검진
1036,식품연구원 경력 채용,57,104,20261126,20261229,16,경력 3년 이상,기간제,대전광역시,박사 이상,"중견 제조기업에서 식품 제품의 개발과 품질 개선을 수행하는 포지션을(를) 맡을 식품연구원를 모집합니다.

이번 포지션은 시제품, 배합, 관능평가, 원료, 시험기록을 중심으로 운영 현장의 품질과 일정, 고객 경험을 함께 관리하는 역할입니다.

정해진 절차를 지키되 상황에 맞게 유연하게 대응하는 실무자를 모집합니다.

유관 부서 및 외부 파트너와 업무 기준을 공유하고, 이슈 발생 시 원인을 정리해 재발 방지 방안을 실행합니다.

초기에는 담당 업무의 프로세스와 시스템을 익히고, 이후에는 담당 영역의 지표 개선과 운영 표준화까지 주도하게 됩니다.","• 시제품, 배합, 관능평가, 원료, 시험기록 및 일일 운영 현황 관리
• 업무 일정·실적·품질 지표 점검 및 보고
• 관련 시스템과 문서의 정확한 입력·관리
• 고객·협력사·유관 부서 문의 대응 및 이슈 조율
• 업무 절차 개선과 운영 리스크 사전 점검
• 주요 이슈 원인 분석 및 후속 조치 관리
• 정기 회의 자료 작성과 진행 현황 공유
• 업무 매뉴얼 정비와 신규 구성원 온보딩 지원","• 식품공학·생명과학 기반 지식 관련 기본 지식 또는 실무 경험을 보유한 분
• 필수 자격·면허: 식품기사 보유자 또는 입사 전 취득 가능한 분
• 맡은 업무를 정확하게 기록하고 마감까지 책임질 수 있는 분
• 문서작성, 이메일, 스프레드시트 등 기본 업무도구 활용이 가능한 분
• 고객 및 유관 부서와 원활하게 소통하고 요청사항을 정리할 수 있는 분
• 예상하지 못한 상황에서도 우선순위를 판단해 대응할 수 있는 분
• 업무상 취급하는 자료와 고객 정보를 안전하게 관리할 수 있는 분
• 직무 관련 교육을 꾸준히 이수하며 전문성을 높일 분","• 식품연구원 또는 유사 직무 경력 보유자
• 직무 관련 자격·면허 보유자: 식품기사
• 직무 관련 자격·면허 보유자: 위생사 면허
• ERP, WMS, CRM, POS 등 직무 관련 시스템 사용 경험자
• 수치와 데이터를 활용한 실적 분석 경험자
• 다양한 이해관계자와 협업해 문제를 해결한 경험자
• 신규 프로세스 구축이나 업무 자동화 경험자","• 지원서 및 제출서류의 허위기재 또는 허위 제출
• 채용 과정에서 본인 확인이 불가능한 경우
• 채용검진 결과 업무 수행에 부적합하다고 판단되는 경우
• 해외여행 및 근무에 결격사유가 있는 경우
• 기타 회사 또는 기관의 인사규정상 채용이 불가능한 경우",서류전형 > 필기전형 > 면접전형 > 최종합격
1037,식품연구원 현장 책임자,40,104,20261213,20270122,7,경력 5년 이상,정규직,세종특별자치시,학력무관,"전문 중소기업에서 식품 제품의 개발과 품질 개선을 수행하는 포지션을(를) 맡을 식품연구원를 모집합니다.

이번 포지션은 시제품, 배합, 관능평가, 원료, 시험기록을 중심으로 운영 현장의 품질과 일정, 고객 경험을 함께 관리하는 역할입니다.

부서 간 원활한 소통으로 일정과 품질을 안정적으로 관리하는 직무입니다.

유관 부서 및 외부 파트너와 업무 기준을 공유하고, 이슈 발생 시 원인을 정리해 재발 방지 방안을 실행합니다.

초기에는 담당 업무의 프로세스와 시스템을 익히고, 이후에는 담당 영역의 지표 개선과 운영 표준화까지 주도하게 됩니다.","• 시제품, 배합, 관능평가, 원료, 시험기록 및 일일 운영 현황 관리
• 업무 일정·실적·품질 지표 점검 및 보고
• 관련 시스템과 문서의 정확한 입력·관리
• 고객·협력사·유관 부서 문의 대응 및 이슈 조율
• 업무 절차 개선과 운영 리스크 사전 점검
• 주요 이슈 원인 분석 및 후속 조치 관리
• 정기 회의 자료 작성과 진행 현황 공유
• 현장 안전·보안·개인정보 보호 기준 준수","• 식품공학·생명과학 기반 지식 관련 기본 지식 또는 실무 경험을 보유한 분
• 필수 자격·면허: 식품기사 보유자 또는 입사 전 취득 가능한 분
• 맡은 업무를 정확하게 기록하고 마감까지 책임질 수 있는 분
• 문서작성, 이메일, 스프레드시트 등 기본 업무도구 활용이 가능한 분
• 고객 및 유관 부서와 원활하게 소통하고 요청사항을 정리할 수 있는 분
• 예상하지 못한 상황에서도 우선순위를 판단해 대응할 수 있는 분
• 업무상 취급하는 자료와 고객 정보를 안전하게 관리할 수 있는 분
• 교대·주말·현장 근무가 포함될 수 있는 일정에 대응 가능한 분","• 식품연구원 또는 유사 직무 경력 보유자
• 직무 관련 자격·면허 보유자: 식품기사
• 직무 관련 자격·면허 보유자: 위생사 면허
• ERP, WMS, CRM, POS 등 직무 관련 시스템 사용 경험자
• 수치와 데이터를 활용한 실적 분석 경험자
• 다양한 이해관계자와 협업해 문제를 해결한 경험자
• 외국어 또는 관련 법규·안전 기준을 활용할 수 있는 분","• 지원서 및 제출서류의 허위기재 또는 허위 제출
• 채용 과정에서 본인 확인이 불가능한 경우
• 채용검진 결과 업무 수행에 부적합하다고 판단되는 경우
• 해외여행 및 근무에 결격사유가 있는 경우
• 기타 회사 또는 기관의 인사규정상 채용이 불가능한 경우",서류전형 > 실무면접 > 최종면접
1038,식품연구원 서비스 담당,85,104,20260119,20260130,18,경력 무관,계약직,충청북도,전문학사 이상,"성장 단계 스타트업에서 식품 제품의 개발과 품질 개선을 수행하는 포지션을(를) 맡을 식품연구원를 모집합니다.

이번 포지션은 시제품, 배합, 관능평가, 원료, 시험기록을 중심으로 운영 현장의 품질과 일정, 고객 경험을 함께 관리하는 역할입니다.

서비스 품질과 안전을 우선하며 꾸준히 전문성을 쌓을 수 있는 포지션입니다.

유관 부서 및 외부 파트너와 업무 기준을 공유하고, 이슈 발생 시 원인을 정리해 재발 방지 방안을 실행합니다.

초기에는 담당 업무의 프로세스와 시스템을 익히고, 이후에는 담당 영역의 지표 개선과 운영 표준화까지 주도하게 됩니다.","• 시제품, 배합, 관능평가, 원료, 시험기록 및 일일 운영 현황 관리
• 업무 일정·실적·품질 지표 점검 및 보고
• 관련 시스템과 문서의 정확한 입력·관리
• 고객·협력사·유관 부서 문의 대응 및 이슈 조율
• 업무 절차 개선과 운영 리스크 사전 점검
• 주요 이슈 원인 분석 및 후속 조치 관리
• 정기 회의 자료 작성과 진행 현황 공유
• 업무 매뉴얼 정비와 신규 구성원 온보딩 지원","• 식품공학·생명과학 기반 지식 관련 기본 지식 또는 실무 경험을 보유한 분
• 필수 자격·면허: 식품기사 보유자 또는 입사 전 취득 가능한 분
• 맡은 업무를 정확하게 기록하고 마감까지 책임질 수 있는 분
• 문서작성, 이메일, 스프레드시트 등 기본 업무도구 활용이 가능한 분
• 고객 및 유관 부서와 원활하게 소통하고 요청사항을 정리할 수 있는 분
• 예상하지 못한 상황에서도 우선순위를 판단해 대응할 수 있는 분
• 업무상 취급하는 자료와 고객 정보를 안전하게 관리할 수 있는 분
• 직무 관련 교육을 꾸준히 이수하며 전문성을 높일 분","• 식품연구원 또는 유사 직무 경력 보유자
• 직무 관련 자격·면허 보유자: 식품기사
• 직무 관련 자격·면허 보유자: 위생사 면허
• ERP, WMS, CRM, POS 등 직무 관련 시스템 사용 경험자
• 수치와 데이터를 활용한 실적 분석 경험자
• 다양한 이해관계자와 협업해 문제를 해결한 경험자
• 신규 프로세스 구축이나 업무 자동화 경험자","• 지원서 및 제출서류의 허위기재 또는 허위 제출
• 채용 과정에서 본인 확인이 불가능한 경우
• 채용검진 결과 업무 수행에 부적합하다고 판단되는 경우
• 해외여행 및 근무에 결격사유가 있는 경우
• 기타 회사 또는 기관의 인사규정상 채용이 불가능한 경우",서류전형 > 인성검사 > 실무면접 > 최종면접
1039,식품연구원 담당자,47,104,20260205,20260223,9,신입,무기계약직,전라남도,학사 이상,"종합병원 운영조직에서 식품 제품의 개발과 품질 개선을 수행하는 포지션을(를) 맡을 식품연구원를 모집합니다.

이번 포지션은 시제품, 배합, 관능평가, 원료, 시험기록을 중심으로 운영 현장의 품질과 일정, 고객 경험을 함께 관리하는 역할입니다.

기본기를 바탕으로 새로운 업무를 빠르게 익히고 실행할 분을 모십니다.

유관 부서 및 외부 파트너와 업무 기준을 공유하고, 이슈 발생 시 원인을 정리해 재발 방지 방안을 실행합니다.

초기에는 담당 업무의 프로세스와 시스템을 익히고, 이후에는 담당 영역의 지표 개선과 운영 표준화까지 주도하게 됩니다.","• 시제품, 배합, 관능평가, 원료, 시험기록 및 일일 운영 현황 관리
• 업무 일정·실적·품질 지표 점검 및 보고
• 관련 시스템과 문서의 정확한 입력·관리
• 고객·협력사·유관 부서 문의 대응 및 이슈 조율
• 업무 절차 개선과 운영 리스크 사전 점검
• 주요 이슈 원인 분석 및 후속 조치 관리
• 정기 회의 자료 작성과 진행 현황 공유
• 현장 안전·보안·개인정보 보호 기준 준수","• 식품공학·생명과학 기반 지식 관련 기본 지식 또는 실무 경험을 보유한 분
• 필수 자격·면허: 식품기사 보유자 또는 입사 전 취득 가능한 분
• 맡은 업무를 정확하게 기록하고 마감까지 책임질 수 있는 분
• 문서작성, 이메일, 스프레드시트 등 기본 업무도구 활용이 가능한 분
• 고객 및 유관 부서와 원활하게 소통하고 요청사항을 정리할 수 있는 분
• 예상하지 못한 상황에서도 우선순위를 판단해 대응할 수 있는 분
• 업무상 취급하는 자료와 고객 정보를 안전하게 관리할 수 있는 분
• 직무 관련 교육을 꾸준히 이수하며 전문성을 높일 분","• 식품연구원 또는 유사 직무 경력 보유자
• 직무 관련 자격·면허 보유자: 식품기사
• 직무 관련 자격·면허 보유자: 위생사 면허
• ERP, WMS, CRM, POS 등 직무 관련 시스템 사용 경험자
• 수치와 데이터를 활용한 실적 분석 경험자
• 다양한 이해관계자와 협업해 문제를 해결한 경험자
• 외국어 또는 관련 법규·안전 기준을 활용할 수 있는 분","• 지원서 및 제출서류의 허위기재 또는 허위 제출
• 채용 과정에서 본인 확인이 불가능한 경우
• 채용검진 결과 업무 수행에 부적합하다고 판단되는 경우
• 해외여행 및 근무에 결격사유가 있는 경우
• 기타 회사 또는 기관의 인사규정상 채용이 불가능한 경우",서류전형 > 직무과제 > 실무면접 > 최종합격
1040,식품연구원 실무자,56,104,20260222,20260319,20,경력,기간제,제주특별자치도,석사 이상,"대학 산학협력단에서 식품 제품의 개발과 품질 개선을 수행하는 포지션을(를) 맡을 식품연구원를 모집합니다.

이번 포지션은 시제품, 배합, 관능평가, 원료, 시험기록을 중심으로 운영 현장의 품질과 일정, 고객 경험을 함께 관리하는 역할입니다.

성과와 고객 만족을 함께 고려하며 실질적인 변화를 만드는 역할입니다.

유관 부서 및 외부 파트너와 업무 기준을 공유하고, 이슈 발생 시 원인을 정리해 재발 방지 방안을 실행합니다.

초기에는 담당 업무의 프로세스와 시스템을 익히고, 이후에는 담당 영역의 지표 개선과 운영 표준화까지 주도하게 됩니다.","• 시제품, 배합, 관능평가, 원료, 시험기록 및 일일 운영 현황 관리
• 업무 일정·실적·품질 지표 점검 및 보고
• 관련 시스템과 문서의 정확한 입력·관리
• 고객·협력사·유관 부서 문의 대응 및 이슈 조율
• 업무 절차 개선과 운영 리스크 사전 점검
• 주요 이슈 원인 분석 및 후속 조치 관리
• 정기 회의 자료 작성과 진행 현황 공유
• 업무 매뉴얼 정비와 신규 구성원 온보딩 지원","• 식품공학·생명과학 기반 지식 관련 기본 지식 또는 실무 경험을 보유한 분
• 필수 자격·면허: 식품기사 보유자 또는 입사 전 취득 가능한 분
• 맡은 업무를 정확하게 기록하고 마감까지 책임질 수 있는 분
• 문서작성, 이메일, 스프레드시트 등 기본 업무도구 활용이 가능한 분
• 고객 및 유관 부서와 원활하게 소통하고 요청사항을 정리할 수 있는 분
• 예상하지 못한 상황에서도 우선순위를 판단해 대응할 수 있는 분
• 업무상 취급하는 자료와 고객 정보를 안전하게 관리할 수 있는 분
• 교대·주말·현장 근무가 포함될 수 있는 일정에 대응 가능한 분","• 식품연구원 또는 유사 직무 경력 보유자
• 직무 관련 자격·면허 보유자: 식품기사
• 직무 관련 자격·면허 보유자: 위생사 면허
• ERP, WMS, CRM, POS 등 직무 관련 시스템 사용 경험자
• 수치와 데이터를 활용한 실적 분석 경험자
• 다양한 이해관계자와 협업해 문제를 해결한 경험자
• 신규 프로세스 구축이나 업무 자동화 경험자","• 지원서 및 제출서류의 허위기재 또는 허위 제출
• 채용 과정에서 본인 확인이 불가능한 경우
• 채용검진 결과 업무 수행에 부적합하다고 판단되는 경우
• 해외여행 및 근무에 결격사유가 있는 경우
• 기타 회사 또는 기관의 인사규정상 채용이 불가능한 경우",서류전형 > 1차면접 > 2차면접 > 채용검진
1041,푸드스타일리스트 전문 인력,118,105,20260311,20260412,11,경력 2년 이상,정규직,대전광역시,학력무관,"기업 부설 연구소에서 촬영과 전시를 위한 음식 비주얼을 연출하는 포지션을(를) 맡을 푸드스타일리스트를 모집합니다.

이번 포지션은 메뉴연출, 소품, 플레이팅, 촬영협업, 스타일링을 중심으로 운영 현장의 품질과 일정, 고객 경험을 함께 관리하는 역할입니다.

정확한 실행력과 협업을 바탕으로 안정적인 운영을 함께 만들어 갈 분을 찾습니다.

유관 부서 및 외부 파트너와 업무 기준을 공유하고, 이슈 발생 시 원인을 정리해 재발 방지 방안을 실행합니다.

초기에는 담당 업무의 프로세스와 시스템을 익히고, 이후에는 담당 영역의 지표 개선과 운영 표준화까지 주도하게 됩니다.","• 메뉴연출, 소품, 플레이팅, 촬영협업, 스타일링 및 일일 운영 현황 관리
• 업무 일정·실적·품질 지표 점검 및 보고
• 관련 시스템과 문서의 정확한 입력·관리
• 고객·협력사·유관 부서 문의 대응 및 이슈 조율
• 업무 절차 개선과 운영 리스크 사전 점검
• 주요 이슈 원인 분석 및 후속 조치 관리
• 정기 회의 자료 작성과 진행 현황 공유
• 현장 안전·보안·개인정보 보호 기준 준수","• 푸드 연출 감각과 제작 일정 관리 관련 기본 지식 또는 실무 경험을 보유한 분
• 필수 자격·면허: 한식조리기능사 보유자 또는 입사 전 취득 가능한 분
• 맡은 업무를 정확하게 기록하고 마감까지 책임질 수 있는 분
• 문서작성, 이메일, 스프레드시트 등 기본 업무도구 활용이 가능한 분
• 고객 및 유관 부서와 원활하게 소통하고 요청사항을 정리할 수 있는 분
• 예상하지 못한 상황에서도 우선순위를 판단해 대응할 수 있는 분
• 업무상 취급하는 자료와 고객 정보를 안전하게 관리할 수 있는 분
• 직무 관련 교육을 꾸준히 이수하며 전문성을 높일 분","• 푸드스타일리스트 또는 유사 직무 경력 보유자
• 직무 관련 자격·면허 보유자: 한식조리기능사
• 직무 관련 자격·면허 보유자: 푸드스타일리스트 자격
• ERP, WMS, CRM, POS 등 직무 관련 시스템 사용 경험자
• 수치와 데이터를 활용한 실적 분석 경험자
• 다양한 이해관계자와 협업해 문제를 해결한 경험자
• 외국어 또는 관련 법규·안전 기준을 활용할 수 있는 분","• 지원서 및 제출서류의 허위기재 또는 허위 제출
• 채용 과정에서 본인 확인이 불가능한 경우
• 채용검진 결과 업무 수행에 부적합하다고 판단되는 경우
• 해외여행 및 근무에 결격사유가 있는 경우
• 기타 회사 또는 기관의 인사규정상 채용이 불가능한 경우",서류전형 > 실무면접 > 최종면접
1042,푸드스타일리스트 경력 채용,38,105,20260328,20260506,2,경력 3년 이상,계약직,세종특별자치시,전문학사 이상,"전문 협회에서 촬영과 전시를 위한 음식 비주얼을 연출하는 포지션을(를) 맡을 푸드스타일리스트를 모집합니다.

이번 포지션은 메뉴연출, 소품, 플레이팅, 촬영협업, 스타일링을 중심으로 운영 현장의 품질과 일정, 고객 경험을 함께 관리하는 역할입니다.

현장과 유관 부서의 요구를 연결하며 업무 품질을 높이는 역할입니다.

유관 부서 및 외부 파트너와 업무 기준을 공유하고, 이슈 발생 시 원인을 정리해 재발 방지 방안을 실행합니다.

초기에는 담당 업무의 프로세스와 시스템을 익히고, 이후에는 담당 영역의 지표 개선과 운영 표준화까지 주도하게 됩니다.","• 메뉴연출, 소품, 플레이팅, 촬영협업, 스타일링 및 일일 운영 현황 관리
• 업무 일정·실적·품질 지표 점검 및 보고
• 관련 시스템과 문서의 정확한 입력·관리
• 고객·협력사·유관 부서 문의 대응 및 이슈 조율
• 업무 절차 개선과 운영 리스크 사전 점검
• 주요 이슈 원인 분석 및 후속 조치 관리
• 정기 회의 자료 작성과 진행 현황 공유
• 업무 매뉴얼 정비와 신규 구성원 온보딩 지원","• 푸드 연출 감각과 제작 일정 관리 관련 기본 지식 또는 실무 경험을 보유한 분
• 필수 자격·면허: 한식조리기능사 보유자 또는 입사 전 취득 가능한 분
• 맡은 업무를 정확하게 기록하고 마감까지 책임질 수 있는 분
• 문서작성, 이메일, 스프레드시트 등 기본 업무도구 활용이 가능한 분
• 고객 및 유관 부서와 원활하게 소통하고 요청사항을 정리할 수 있는 분
• 예상하지 못한 상황에서도 우선순위를 판단해 대응할 수 있는 분
• 업무상 취급하는 자료와 고객 정보를 안전하게 관리할 수 있는 분
• 직무 관련 교육을 꾸준히 이수하며 전문성을 높일 분","• 푸드스타일리스트 또는 유사 직무 경력 보유자
• 직무 관련 자격·면허 보유자: 한식조리기능사
• 직무 관련 자격·면허 보유자: 푸드스타일리스트 자격
• ERP, WMS, CRM, POS 등 직무 관련 시스템 사용 경험자
• 수치와 데이터를 활용한 실적 분석 경험자
• 다양한 이해관계자와 협업해 문제를 해결한 경험자
• 신규 프로세스 구축이나 업무 자동화 경험자","• 지원서 및 제출서류의 허위기재 또는 허위 제출
• 채용 과정에서 본인 확인이 불가능한 경우
• 채용검진 결과 업무 수행에 부적합하다고 판단되는 경우
• 해외여행 및 근무에 결격사유가 있는 경우
• 기타 회사 또는 기관의 인사규정상 채용이 불가능한 경우",서류전형 > 인성검사 > 실무면접 > 최종면접
1043,푸드스타일리스트 현장 책임자,26,105,20260414,20260424,13,경력 5년 이상,무기계약직,충청북도,학사 이상,"공공서비스 운영기관에서 촬영과 전시를 위한 음식 비주얼을 연출하는 포지션을(를) 맡을 푸드스타일리스트를 모집합니다.

이번 포지션은 메뉴연출, 소품, 플레이팅, 촬영협업, 스타일링을 중심으로 운영 현장의 품질과 일정, 고객 경험을 함께 관리하는 역할입니다.

업무 기준을 준수하면서도 개선점을 주도적으로 제안할 수 있는 분을 기다립니다.

유관 부서 및 외부 파트너와 업무 기준을 공유하고, 이슈 발생 시 원인을 정리해 재발 방지 방안을 실행합니다.

초기에는 담당 업무의 프로세스와 시스템을 익히고, 이후에는 담당 영역의 지표 개선과 운영 표준화까지 주도하게 됩니다.","• 메뉴연출, 소품, 플레이팅, 촬영협업, 스타일링 및 일일 운영 현황 관리
• 업무 일정·실적·품질 지표 점검 및 보고
• 관련 시스템과 문서의 정확한 입력·관리
• 고객·협력사·유관 부서 문의 대응 및 이슈 조율
• 업무 절차 개선과 운영 리스크 사전 점검
• 주요 이슈 원인 분석 및 후속 조치 관리
• 정기 회의 자료 작성과 진행 현황 공유
• 현장 안전·보안·개인정보 보호 기준 준수","• 푸드 연출 감각과 제작 일정 관리 관련 기본 지식 또는 실무 경험을 보유한 분
• 필수 자격·면허: 한식조리기능사 보유자 또는 입사 전 취득 가능한 분
• 맡은 업무를 정확하게 기록하고 마감까지 책임질 수 있는 분
• 문서작성, 이메일, 스프레드시트 등 기본 업무도구 활용이 가능한 분
• 고객 및 유관 부서와 원활하게 소통하고 요청사항을 정리할 수 있는 분
• 예상하지 못한 상황에서도 우선순위를 판단해 대응할 수 있는 분
• 업무상 취급하는 자료와 고객 정보를 안전하게 관리할 수 있는 분
• 교대·주말·현장 근무가 포함될 수 있는 일정에 대응 가능한 분","• 푸드스타일리스트 또는 유사 직무 경력 보유자
• 직무 관련 자격·면허 보유자: 한식조리기능사
• 직무 관련 자격·면허 보유자: 푸드스타일리스트 자격
• ERP, WMS, CRM, POS 등 직무 관련 시스템 사용 경험자
• 수치와 데이터를 활용한 실적 분석 경험자
• 다양한 이해관계자와 협업해 문제를 해결한 경험자
• 외국어 또는 관련 법규·안전 기준을 활용할 수 있는 분","• 지원서 및 제출서류의 허위기재 또는 허위 제출
• 채용 과정에서 본인 확인이 불가능한 경우
• 채용검진 결과 업무 수행에 부적합하다고 판단되는 경우
• 해외여행 및 근무에 결격사유가 있는 경우
• 기타 회사 또는 기관의 인사규정상 채용이 불가능한 경우",서류전형 > 직무과제 > 실무면접 > 최종합격
1044,푸드스타일리스트 서비스 담당,29,105,20260501,20260518,4,경력 무관,기간제,전라남도,석사 이상,"대기업 사업부에서 촬영과 전시를 위한 음식 비주얼을 연출하는 포지션을(를) 맡을 푸드스타일리스트를 모집합니다.

이번 포지션은 메뉴연출, 소품, 플레이팅, 촬영협업, 스타일링을 중심으로 운영 현장의 품질과 일정, 고객 경험을 함께 관리하는 역할입니다.

고객과 동료에게 신뢰를 주는 태도로 맡은 업무를 끝까지 책임지는 포지션입니다.

유관 부서 및 외부 파트너와 업무 기준을 공유하고, 이슈 발생 시 원인을 정리해 재발 방지 방안을 실행합니다.

초기에는 담당 업무의 프로세스와 시스템을 익히고, 이후에는 담당 영역의 지표 개선과 운영 표준화까지 주도하게 됩니다.","• 메뉴연출, 소품, 플레이팅, 촬영협업, 스타일링 및 일일 운영 현황 관리
• 업무 일정·실적·품질 지표 점검 및 보고
• 관련 시스템과 문서의 정확한 입력·관리
• 고객·협력사·유관 부서 문의 대응 및 이슈 조율
• 업무 절차 개선과 운영 리스크 사전 점검
• 주요 이슈 원인 분석 및 후속 조치 관리
• 정기 회의 자료 작성과 진행 현황 공유
• 업무 매뉴얼 정비와 신규 구성원 온보딩 지원","• 푸드 연출 감각과 제작 일정 관리 관련 기본 지식 또는 실무 경험을 보유한 분
• 필수 자격·면허: 한식조리기능사 보유자 또는 입사 전 취득 가능한 분
• 맡은 업무를 정확하게 기록하고 마감까지 책임질 수 있는 분
• 문서작성, 이메일, 스프레드시트 등 기본 업무도구 활용이 가능한 분
• 고객 및 유관 부서와 원활하게 소통하고 요청사항을 정리할 수 있는 분
• 예상하지 못한 상황에서도 우선순위를 판단해 대응할 수 있는 분
• 업무상 취급하는 자료와 고객 정보를 안전하게 관리할 수 있는 분
• 직무 관련 교육을 꾸준히 이수하며 전문성을 높일 분","• 푸드스타일리스트 또는 유사 직무 경력 보유자
• 직무 관련 자격·면허 보유자: 한식조리기능사
• 직무 관련 자격·면허 보유자: 푸드스타일리스트 자격
• ERP, WMS, CRM, POS 등 직무 관련 시스템 사용 경험자
• 수치와 데이터를 활용한 실적 분석 경험자
• 다양한 이해관계자와 협업해 문제를 해결한 경험자
• 신규 프로세스 구축이나 업무 자동화 경험자","• 지원서 및 제출서류의 허위기재 또는 허위 제출
• 채용 과정에서 본인 확인이 불가능한 경우
• 채용검진 결과 업무 수행에 부적합하다고 판단되는 경우
• 해외여행 및 근무에 결격사유가 있는 경우
• 기타 회사 또는 기관의 인사규정상 채용이 불가능한 경우",서류전형 > 1차면접 > 2차면접 > 채용검진
1045,푸드스타일리스트 담당자,36,105,20260518,20260611,15,신입,정규직,제주특별자치도,박사 이상,"중견 제조기업에서 촬영과 전시를 위한 음식 비주얼을 연출하는 포지션을(를) 맡을 푸드스타일리스트를 모집합니다.

이번 포지션은 메뉴연출, 소품, 플레이팅, 촬영협업, 스타일링을 중심으로 운영 현장의 품질과 일정, 고객 경험을 함께 관리하는 역할입니다.

데이터와 현장 감각을 함께 활용해 반복 업무를 효율화하는 역할입니다.

유관 부서 및 외부 파트너와 업무 기준을 공유하고, 이슈 발생 시 원인을 정리해 재발 방지 방안을 실행합니다.

초기에는 담당 업무의 프로세스와 시스템을 익히고, 이후에는 담당 영역의 지표 개선과 운영 표준화까지 주도하게 됩니다.","• 메뉴연출, 소품, 플레이팅, 촬영협업, 스타일링 및 일일 운영 현황 관리
• 업무 일정·실적·품질 지표 점검 및 보고
• 관련 시스템과 문서의 정확한 입력·관리
• 고객·협력사·유관 부서 문의 대응 및 이슈 조율
• 업무 절차 개선과 운영 리스크 사전 점검
• 주요 이슈 원인 분석 및 후속 조치 관리
• 정기 회의 자료 작성과 진행 현황 공유
• 현장 안전·보안·개인정보 보호 기준 준수","• 푸드 연출 감각과 제작 일정 관리 관련 기본 지식 또는 실무 경험을 보유한 분
• 필수 자격·면허: 한식조리기능사 보유자 또는 입사 전 취득 가능한 분
• 맡은 업무를 정확하게 기록하고 마감까지 책임질 수 있는 분
• 문서작성, 이메일, 스프레드시트 등 기본 업무도구 활용이 가능한 분
• 고객 및 유관 부서와 원활하게 소통하고 요청사항을 정리할 수 있는 분
• 예상하지 못한 상황에서도 우선순위를 판단해 대응할 수 있는 분
• 업무상 취급하는 자료와 고객 정보를 안전하게 관리할 수 있는 분
• 직무 관련 교육을 꾸준히 이수하며 전문성을 높일 분","• 푸드스타일리스트 또는 유사 직무 경력 보유자
• 직무 관련 자격·면허 보유자: 한식조리기능사
• 직무 관련 자격·면허 보유자: 푸드스타일리스트 자격
• ERP, WMS, CRM, POS 등 직무 관련 시스템 사용 경험자
• 수치와 데이터를 활용한 실적 분석 경험자
• 다양한 이해관계자와 협업해 문제를 해결한 경험자
• 외국어 또는 관련 법규·안전 기준을 활용할 수 있는 분","• 지원서 및 제출서류의 허위기재 또는 허위 제출
• 채용 과정에서 본인 확인이 불가능한 경우
• 채용검진 결과 업무 수행에 부적합하다고 판단되는 경우
• 해외여행 및 근무에 결격사유가 있는 경우
• 기타 회사 또는 기관의 인사규정상 채용이 불가능한 경우",서류전형 > 필기전형 > 면접전형 > 최종합격
1046,푸드스타일리스트 실무자,35,105,20260604,20260705,6,경력,계약직,인천광역시,학력무관,"전문 중소기업에서 촬영과 전시를 위한 음식 비주얼을 연출하는 포지션을(를) 맡을 푸드스타일리스트를 모집합니다.

이번 포지션은 메뉴연출, 소품, 플레이팅, 촬영협업, 스타일링을 중심으로 운영 현장의 품질과 일정, 고객 경험을 함께 관리하는 역할입니다.

정해진 절차를 지키되 상황에 맞게 유연하게 대응하는 실무자를 모집합니다.

유관 부서 및 외부 파트너와 업무 기준을 공유하고, 이슈 발생 시 원인을 정리해 재발 방지 방안을 실행합니다.

초기에는 담당 업무의 프로세스와 시스템을 익히고, 이후에는 담당 영역의 지표 개선과 운영 표준화까지 주도하게 됩니다.","• 메뉴연출, 소품, 플레이팅, 촬영협업, 스타일링 및 일일 운영 현황 관리
• 업무 일정·실적·품질 지표 점검 및 보고
• 관련 시스템과 문서의 정확한 입력·관리
• 고객·협력사·유관 부서 문의 대응 및 이슈 조율
• 업무 절차 개선과 운영 리스크 사전 점검
• 주요 이슈 원인 분석 및 후속 조치 관리
• 정기 회의 자료 작성과 진행 현황 공유
• 업무 매뉴얼 정비와 신규 구성원 온보딩 지원","• 푸드 연출 감각과 제작 일정 관리 관련 기본 지식 또는 실무 경험을 보유한 분
• 필수 자격·면허: 한식조리기능사 보유자 또는 입사 전 취득 가능한 분
• 맡은 업무를 정확하게 기록하고 마감까지 책임질 수 있는 분
• 문서작성, 이메일, 스프레드시트 등 기본 업무도구 활용이 가능한 분
• 고객 및 유관 부서와 원활하게 소통하고 요청사항을 정리할 수 있는 분
• 예상하지 못한 상황에서도 우선순위를 판단해 대응할 수 있는 분
• 업무상 취급하는 자료와 고객 정보를 안전하게 관리할 수 있는 분
• 교대·주말·현장 근무가 포함될 수 있는 일정에 대응 가능한 분","• 푸드스타일리스트 또는 유사 직무 경력 보유자
• 직무 관련 자격·면허 보유자: 한식조리기능사
• 직무 관련 자격·면허 보유자: 푸드스타일리스트 자격
• ERP, WMS, CRM, POS 등 직무 관련 시스템 사용 경험자
• 수치와 데이터를 활용한 실적 분석 경험자
• 다양한 이해관계자와 협업해 문제를 해결한 경험자
• 신규 프로세스 구축이나 업무 자동화 경험자","• 지원서 및 제출서류의 허위기재 또는 허위 제출
• 채용 과정에서 본인 확인이 불가능한 경우
• 채용검진 결과 업무 수행에 부적합하다고 판단되는 경우
• 해외여행 및 근무에 결격사유가 있는 경우
• 기타 회사 또는 기관의 인사규정상 채용이 불가능한 경우",서류전형 > 실무면접 > 최종면접
1047,푸드스타일리스트 운영 매니저,131,105,20260621,20260729,17,신입·경력,무기계약직,울산광역시,전문학사 이상,"성장 단계 스타트업에서 촬영과 전시를 위한 음식 비주얼을 연출하는 포지션을(를) 맡을 푸드스타일리스트를 모집합니다.

이번 포지션은 메뉴연출, 소품, 플레이팅, 촬영협업, 스타일링을 중심으로 운영 현장의 품질과 일정, 고객 경험을 함께 관리하는 역할입니다.

부서 간 원활한 소통으로 일정과 품질을 안정적으로 관리하는 직무입니다.

유관 부서 및 외부 파트너와 업무 기준을 공유하고, 이슈 발생 시 원인을 정리해 재발 방지 방안을 실행합니다.

초기에는 담당 업무의 프로세스와 시스템을 익히고, 이후에는 담당 영역의 지표 개선과 운영 표준화까지 주도하게 됩니다.","• 메뉴연출, 소품, 플레이팅, 촬영협업, 스타일링 및 일일 운영 현황 관리
• 업무 일정·실적·품질 지표 점검 및 보고
• 관련 시스템과 문서의 정확한 입력·관리
• 고객·협력사·유관 부서 문의 대응 및 이슈 조율
• 업무 절차 개선과 운영 리스크 사전 점검
• 주요 이슈 원인 분석 및 후속 조치 관리
• 정기 회의 자료 작성과 진행 현황 공유
• 현장 안전·보안·개인정보 보호 기준 준수","• 푸드 연출 감각과 제작 일정 관리 관련 기본 지식 또는 실무 경험을 보유한 분
• 필수 자격·면허: 한식조리기능사 보유자 또는 입사 전 취득 가능한 분
• 맡은 업무를 정확하게 기록하고 마감까지 책임질 수 있는 분
• 문서작성, 이메일, 스프레드시트 등 기본 업무도구 활용이 가능한 분
• 고객 및 유관 부서와 원활하게 소통하고 요청사항을 정리할 수 있는 분
• 예상하지 못한 상황에서도 우선순위를 판단해 대응할 수 있는 분
• 업무상 취급하는 자료와 고객 정보를 안전하게 관리할 수 있는 분
• 직무 관련 교육을 꾸준히 이수하며 전문성을 높일 분","• 푸드스타일리스트 또는 유사 직무 경력 보유자
• 직무 관련 자격·면허 보유자: 한식조리기능사
• 직무 관련 자격·면허 보유자: 푸드스타일리스트 자격
• ERP, WMS, CRM, POS 등 직무 관련 시스템 사용 경험자
• 수치와 데이터를 활용한 실적 분석 경험자
• 다양한 이해관계자와 협업해 문제를 해결한 경험자
• 외국어 또는 관련 법규·안전 기준을 활용할 수 있는 분","• 지원서 및 제출서류의 허위기재 또는 허위 제출
• 채용 과정에서 본인 확인이 불가능한 경우
• 채용검진 결과 업무 수행에 부적합하다고 판단되는 경우
• 해외여행 및 근무에 결격사유가 있는 경우
• 기타 회사 또는 기관의 인사규정상 채용이 불가능한 경우",서류전형 > 인성검사 > 실무면접 > 최종면접
1048,푸드스타일리스트 전문 인력,101,105,20260708,20260822,8,경력 2년 이상,기간제,강원특별자치도,학사 이상,"종합병원 운영조직에서 촬영과 전시를 위한 음식 비주얼을 연출하는 포지션을(를) 맡을 푸드스타일리스트를 모집합니다.

이번 포지션은 메뉴연출, 소품, 플레이팅, 촬영협업, 스타일링을 중심으로 운영 현장의 품질과 일정, 고객 경험을 함께 관리하는 역할입니다.

서비스 품질과 안전을 우선하며 꾸준히 전문성을 쌓을 수 있는 포지션입니다.

유관 부서 및 외부 파트너와 업무 기준을 공유하고, 이슈 발생 시 원인을 정리해 재발 방지 방안을 실행합니다.

초기에는 담당 업무의 프로세스와 시스템을 익히고, 이후에는 담당 영역의 지표 개선과 운영 표준화까지 주도하게 됩니다.","• 메뉴연출, 소품, 플레이팅, 촬영협업, 스타일링 및 일일 운영 현황 관리
• 업무 일정·실적·품질 지표 점검 및 보고
• 관련 시스템과 문서의 정확한 입력·관리
• 고객·협력사·유관 부서 문의 대응 및 이슈 조율
• 업무 절차 개선과 운영 리스크 사전 점검
• 주요 이슈 원인 분석 및 후속 조치 관리
• 정기 회의 자료 작성과 진행 현황 공유
• 업무 매뉴얼 정비와 신규 구성원 온보딩 지원","• 푸드 연출 감각과 제작 일정 관리 관련 기본 지식 또는 실무 경험을 보유한 분
• 필수 자격·면허: 한식조리기능사 보유자 또는 입사 전 취득 가능한 분
• 맡은 업무를 정확하게 기록하고 마감까지 책임질 수 있는 분
• 문서작성, 이메일, 스프레드시트 등 기본 업무도구 활용이 가능한 분
• 고객 및 유관 부서와 원활하게 소통하고 요청사항을 정리할 수 있는 분
• 예상하지 못한 상황에서도 우선순위를 판단해 대응할 수 있는 분
• 업무상 취급하는 자료와 고객 정보를 안전하게 관리할 수 있는 분
• 직무 관련 교육을 꾸준히 이수하며 전문성을 높일 분","• 푸드스타일리스트 또는 유사 직무 경력 보유자
• 직무 관련 자격·면허 보유자: 한식조리기능사
• 직무 관련 자격·면허 보유자: 푸드스타일리스트 자격
• ERP, WMS, CRM, POS 등 직무 관련 시스템 사용 경험자
• 수치와 데이터를 활용한 실적 분석 경험자
• 다양한 이해관계자와 협업해 문제를 해결한 경험자
• 신규 프로세스 구축이나 업무 자동화 경험자","• 지원서 및 제출서류의 허위기재 또는 허위 제출
• 채용 과정에서 본인 확인이 불가능한 경우
• 채용검진 결과 업무 수행에 부적합하다고 판단되는 경우
• 해외여행 및 근무에 결격사유가 있는 경우
• 기타 회사 또는 기관의 인사규정상 채용이 불가능한 경우",서류전형 > 직무과제 > 실무면접 > 최종합격
1049,푸드스타일리스트 경력 채용,147,105,20260725,20260810,19,경력 3년 이상,정규직,전라북도,석사 이상,"대학 산학협력단에서 촬영과 전시를 위한 음식 비주얼을 연출하는 포지션을(를) 맡을 푸드스타일리스트를 모집합니다.

이번 포지션은 메뉴연출, 소품, 플레이팅, 촬영협업, 스타일링을 중심으로 운영 현장의 품질과 일정, 고객 경험을 함께 관리하는 역할입니다.

기본기를 바탕으로 새로운 업무를 빠르게 익히고 실행할 분을 모십니다.

유관 부서 및 외부 파트너와 업무 기준을 공유하고, 이슈 발생 시 원인을 정리해 재발 방지 방안을 실행합니다.

초기에는 담당 업무의 프로세스와 시스템을 익히고, 이후에는 담당 영역의 지표 개선과 운영 표준화까지 주도하게 됩니다.","• 메뉴연출, 소품, 플레이팅, 촬영협업, 스타일링 및 일일 운영 현황 관리
• 업무 일정·실적·품질 지표 점검 및 보고
• 관련 시스템과 문서의 정확한 입력·관리
• 고객·협력사·유관 부서 문의 대응 및 이슈 조율
• 업무 절차 개선과 운영 리스크 사전 점검
• 주요 이슈 원인 분석 및 후속 조치 관리
• 정기 회의 자료 작성과 진행 현황 공유
• 현장 안전·보안·개인정보 보호 기준 준수","• 푸드 연출 감각과 제작 일정 관리 관련 기본 지식 또는 실무 경험을 보유한 분
• 필수 자격·면허: 한식조리기능사 보유자 또는 입사 전 취득 가능한 분
• 맡은 업무를 정확하게 기록하고 마감까지 책임질 수 있는 분
• 문서작성, 이메일, 스프레드시트 등 기본 업무도구 활용이 가능한 분
• 고객 및 유관 부서와 원활하게 소통하고 요청사항을 정리할 수 있는 분
• 예상하지 못한 상황에서도 우선순위를 판단해 대응할 수 있는 분
• 업무상 취급하는 자료와 고객 정보를 안전하게 관리할 수 있는 분
• 교대·주말·현장 근무가 포함될 수 있는 일정에 대응 가능한 분","• 푸드스타일리스트 또는 유사 직무 경력 보유자
• 직무 관련 자격·면허 보유자: 한식조리기능사
• 직무 관련 자격·면허 보유자: 푸드스타일리스트 자격
• ERP, WMS, CRM, POS 등 직무 관련 시스템 사용 경험자
• 수치와 데이터를 활용한 실적 분석 경험자
• 다양한 이해관계자와 협업해 문제를 해결한 경험자
• 외국어 또는 관련 법규·안전 기준을 활용할 수 있는 분","• 지원서 및 제출서류의 허위기재 또는 허위 제출
• 채용 과정에서 본인 확인이 불가능한 경우
• 채용검진 결과 업무 수행에 부적합하다고 판단되는 경우
• 해외여행 및 근무에 결격사유가 있는 경우
• 기타 회사 또는 기관의 인사규정상 채용이 불가능한 경우",서류전형 > 1차면접 > 2차면접 > 채용검진
1050,푸드스타일리스트 현장 책임자,11,105,20260811,20260903,10,경력 5년 이상,계약직,경상남도,박사 이상,"기업 부설 연구소에서 촬영과 전시를 위한 음식 비주얼을 연출하는 포지션을(를) 맡을 푸드스타일리스트를 모집합니다.

이번 포지션은 메뉴연출, 소품, 플레이팅, 촬영협업, 스타일링을 중심으로 운영 현장의 품질과 일정, 고객 경험을 함께 관리하는 역할입니다.

성과와 고객 만족을 함께 고려하며 실질적인 변화를 만드는 역할입니다.

유관 부서 및 외부 파트너와 업무 기준을 공유하고, 이슈 발생 시 원인을 정리해 재발 방지 방안을 실행합니다.

초기에는 담당 업무의 프로세스와 시스템을 익히고, 이후에는 담당 영역의 지표 개선과 운영 표준화까지 주도하게 됩니다.","• 메뉴연출, 소품, 플레이팅, 촬영협업, 스타일링 및 일일 운영 현황 관리
• 업무 일정·실적·품질 지표 점검 및 보고
• 관련 시스템과 문서의 정확한 입력·관리
• 고객·협력사·유관 부서 문의 대응 및 이슈 조율
• 업무 절차 개선과 운영 리스크 사전 점검
• 주요 이슈 원인 분석 및 후속 조치 관리
• 정기 회의 자료 작성과 진행 현황 공유
• 업무 매뉴얼 정비와 신규 구성원 온보딩 지원","• 푸드 연출 감각과 제작 일정 관리 관련 기본 지식 또는 실무 경험을 보유한 분
• 필수 자격·면허: 한식조리기능사 보유자 또는 입사 전 취득 가능한 분
• 맡은 업무를 정확하게 기록하고 마감까지 책임질 수 있는 분
• 문서작성, 이메일, 스프레드시트 등 기본 업무도구 활용이 가능한 분
• 고객 및 유관 부서와 원활하게 소통하고 요청사항을 정리할 수 있는 분
• 예상하지 못한 상황에서도 우선순위를 판단해 대응할 수 있는 분
• 업무상 취급하는 자료와 고객 정보를 안전하게 관리할 수 있는 분
• 직무 관련 교육을 꾸준히 이수하며 전문성을 높일 분","• 푸드스타일리스트 또는 유사 직무 경력 보유자
• 직무 관련 자격·면허 보유자: 한식조리기능사
• 직무 관련 자격·면허 보유자: 푸드스타일리스트 자격
• ERP, WMS, CRM, POS 등 직무 관련 시스템 사용 경험자
• 수치와 데이터를 활용한 실적 분석 경험자
• 다양한 이해관계자와 협업해 문제를 해결한 경험자
• 신규 프로세스 구축이나 업무 자동화 경험자","• 지원서 및 제출서류의 허위기재 또는 허위 제출
• 채용 과정에서 본인 확인이 불가능한 경우
• 채용검진 결과 업무 수행에 부적합하다고 판단되는 경우
• 해외여행 및 근무에 결격사유가 있는 경우
• 기타 회사 또는 기관의 인사규정상 채용이 불가능한 경우",서류전형 > 필기전형 > 면접전형 > 최종합격
1051,설치·수리기사 담당자,16,106,20260828,20260927,1,신입,무기계약직,인천광역시,전문학사 이상,"전문 협회에서 고객 현장의 제품 설치와 장애 조치를 수행하는 포지션을(를) 맡을 설치·수리기사를 모집합니다.

이번 포지션은 현장설치, 점검, 수리, 부품교체, 작업보고을 중심으로 운영 현장의 품질과 일정, 고객 경험을 함께 관리하는 역할입니다.

정확한 실행력과 협업을 바탕으로 안정적인 운영을 함께 만들어 갈 분을 찾습니다.

유관 부서 및 외부 파트너와 업무 기준을 공유하고, 이슈 발생 시 원인을 정리해 재발 방지 방안을 실행합니다.

초기에는 담당 업무의 프로세스와 시스템을 익히고, 이후에는 담당 영역의 지표 개선과 운영 표준화까지 주도하게 됩니다.","• 현장설치, 점검, 수리, 부품교체, 작업보고 및 일일 운영 현황 관리
• 업무 일정·실적·품질 지표 점검 및 보고
• 관련 시스템과 문서의 정확한 입력·관리
• 고객·협력사·유관 부서 문의 대응 및 이슈 조율
• 업무 절차 개선과 운영 리스크 사전 점검
• 주요 이슈 원인 분석 및 후속 조치 관리
• 정기 회의 자료 작성과 진행 현황 공유
• 현장 안전·보안·개인정보 보호 기준 준수","• 관련 제품 및 공구 사용 능력 관련 기본 지식 또는 실무 경험을 보유한 분
• 필수 자격·면허: 전기기능사 보유자 또는 입사 전 취득 가능한 분
• 맡은 업무를 정확하게 기록하고 마감까지 책임질 수 있는 분
• 문서작성, 이메일, 스프레드시트 등 기본 업무도구 활용이 가능한 분
• 고객 및 유관 부서와 원활하게 소통하고 요청사항을 정리할 수 있는 분
• 예상하지 못한 상황에서도 우선순위를 판단해 대응할 수 있는 분
• 업무상 취급하는 자료와 고객 정보를 안전하게 관리할 수 있는 분
• 직무 관련 교육을 꾸준히 이수하며 전문성을 높일 분","• 설치·수리기사 또는 유사 직무 경력 보유자
• 직무 관련 자격·면허 보유자: 전기기능사
• 직무 관련 자격·면허 보유자: 전자기기기능사
• ERP, WMS, CRM, POS 등 직무 관련 시스템 사용 경험자
• 수치와 데이터를 활용한 실적 분석 경험자
• 다양한 이해관계자와 협업해 문제를 해결한 경험자
• 외국어 또는 관련 법규·안전 기준을 활용할 수 있는 분","• 지원서 및 제출서류의 허위기재 또는 허위 제출
• 채용 과정에서 본인 확인이 불가능한 경우
• 채용검진 결과 업무 수행에 부적합하다고 판단되는 경우
• 해외여행 및 근무에 결격사유가 있는 경우
• 기타 회사 또는 기관의 인사규정상 채용이 불가능한 경우",서류전형 > 인성검사 > 실무면접 > 최종면접
1052,설치·수리기사 실무자,21,106,20260914,20261021,12,경력,기간제,울산광역시,학사 이상,"공공서비스 운영기관에서 고객 현장의 제품 설치와 장애 조치를 수행하는 포지션을(를) 맡을 설치·수리기사를 모집합니다.

이번 포지션은 현장설치, 점검, 수리, 부품교체, 작업보고을 중심으로 운영 현장의 품질과 일정, 고객 경험을 함께 관리하는 역할입니다.

현장과 유관 부서의 요구를 연결하며 업무 품질을 높이는 역할입니다.

유관 부서 및 외부 파트너와 업무 기준을 공유하고, 이슈 발생 시 원인을 정리해 재발 방지 방안을 실행합니다.

초기에는 담당 업무의 프로세스와 시스템을 익히고, 이후에는 담당 영역의 지표 개선과 운영 표준화까지 주도하게 됩니다.","• 현장설치, 점검, 수리, 부품교체, 작업보고 및 일일 운영 현황 관리
• 업무 일정·실적·품질 지표 점검 및 보고
• 관련 시스템과 문서의 정확한 입력·관리
• 고객·협력사·유관 부서 문의 대응 및 이슈 조율
• 업무 절차 개선과 운영 리스크 사전 점검
• 주요 이슈 원인 분석 및 후속 조치 관리
• 정기 회의 자료 작성과 진행 현황 공유
• 업무 매뉴얼 정비와 신규 구성원 온보딩 지원","• 관련 제품 및 공구 사용 능력 관련 기본 지식 또는 실무 경험을 보유한 분
• 필수 자격·면허: 전기기능사 보유자 또는 입사 전 취득 가능한 분
• 맡은 업무를 정확하게 기록하고 마감까지 책임질 수 있는 분
• 문서작성, 이메일, 스프레드시트 등 기본 업무도구 활용이 가능한 분
• 고객 및 유관 부서와 원활하게 소통하고 요청사항을 정리할 수 있는 분
• 예상하지 못한 상황에서도 우선순위를 판단해 대응할 수 있는 분
• 업무상 취급하는 자료와 고객 정보를 안전하게 관리할 수 있는 분
• 교대·주말·현장 근무가 포함될 수 있는 일정에 대응 가능한 분","• 설치·수리기사 또는 유사 직무 경력 보유자
• 직무 관련 자격·면허 보유자: 전기기능사
• 직무 관련 자격·면허 보유자: 전자기기기능사
• ERP, WMS, CRM, POS 등 직무 관련 시스템 사용 경험자
• 수치와 데이터를 활용한 실적 분석 경험자
• 다양한 이해관계자와 협업해 문제를 해결한 경험자
• 신규 프로세스 구축이나 업무 자동화 경험자","• 지원서 및 제출서류의 허위기재 또는 허위 제출
• 채용 과정에서 본인 확인이 불가능한 경우
• 채용검진 결과 업무 수행에 부적합하다고 판단되는 경우
• 해외여행 및 근무에 결격사유가 있는 경우
• 기타 회사 또는 기관의 인사규정상 채용이 불가능한 경우",서류전형 > 직무과제 > 실무면접 > 최종합격
1053,설치·수리기사 운영 매니저,57,106,20261001,20261114,3,신입·경력,정규직,강원특별자치도,석사 이상,"대기업 사업부에서 고객 현장의 제품 설치와 장애 조치를 수행하는 포지션을(를) 맡을 설치·수리기사를 모집합니다.

이번 포지션은 현장설치, 점검, 수리, 부품교체, 작업보고을 중심으로 운영 현장의 품질과 일정, 고객 경험을 함께 관리하는 역할입니다.

업무 기준을 준수하면서도 개선점을 주도적으로 제안할 수 있는 분을 기다립니다.

유관 부서 및 외부 파트너와 업무 기준을 공유하고, 이슈 발생 시 원인을 정리해 재발 방지 방안을 실행합니다.

초기에는 담당 업무의 프로세스와 시스템을 익히고, 이후에는 담당 영역의 지표 개선과 운영 표준화까지 주도하게 됩니다.","• 현장설치, 점검, 수리, 부품교체, 작업보고 및 일일 운영 현황 관리
• 업무 일정·실적·품질 지표 점검 및 보고
• 관련 시스템과 문서의 정확한 입력·관리
• 고객·협력사·유관 부서 문의 대응 및 이슈 조율
• 업무 절차 개선과 운영 리스크 사전 점검
• 주요 이슈 원인 분석 및 후속 조치 관리
• 정기 회의 자료 작성과 진행 현황 공유
• 현장 안전·보안·개인정보 보호 기준 준수","• 관련 제품 및 공구 사용 능력 관련 기본 지식 또는 실무 경험을 보유한 분
• 필수 자격·면허: 전기기능사 보유자 또는 입사 전 취득 가능한 분
• 맡은 업무를 정확하게 기록하고 마감까지 책임질 수 있는 분
• 문서작성, 이메일, 스프레드시트 등 기본 업무도구 활용이 가능한 분
• 고객 및 유관 부서와 원활하게 소통하고 요청사항을 정리할 수 있는 분
• 예상하지 못한 상황에서도 우선순위를 판단해 대응할 수 있는 분
• 업무상 취급하는 자료와 고객 정보를 안전하게 관리할 수 있는 분
• 직무 관련 교육을 꾸준히 이수하며 전문성을 높일 분","• 설치·수리기사 또는 유사 직무 경력 보유자
• 직무 관련 자격·면허 보유자: 전기기능사
• 직무 관련 자격·면허 보유자: 전자기기기능사
• ERP, WMS, CRM, POS 등 직무 관련 시스템 사용 경험자
• 수치와 데이터를 활용한 실적 분석 경험자
• 다양한 이해관계자와 협업해 문제를 해결한 경험자
• 외국어 또는 관련 법규·안전 기준을 활용할 수 있는 분","• 지원서 및 제출서류의 허위기재 또는 허위 제출
• 채용 과정에서 본인 확인이 불가능한 경우
• 채용검진 결과 업무 수행에 부적합하다고 판단되는 경우
• 해외여행 및 근무에 결격사유가 있는 경우
• 기타 회사 또는 기관의 인사규정상 채용이 불가능한 경우",서류전형 > 1차면접 > 2차면접 > 채용검진
1054,설치·수리기사 전문 인력,138,106,20261018,20261102,14,경력 2년 이상,계약직,전라북도,박사 이상,"중견 제조기업에서 고객 현장의 제품 설치와 장애 조치를 수행하는 포지션을(를) 맡을 설치·수리기사를 모집합니다.

이번 포지션은 현장설치, 점검, 수리, 부품교체, 작업보고을 중심으로 운영 현장의 품질과 일정, 고객 경험을 함께 관리하는 역할입니다.

고객과 동료에게 신뢰를 주는 태도로 맡은 업무를 끝까지 책임지는 포지션입니다.

유관 부서 및 외부 파트너와 업무 기준을 공유하고, 이슈 발생 시 원인을 정리해 재발 방지 방안을 실행합니다.

초기에는 담당 업무의 프로세스와 시스템을 익히고, 이후에는 담당 영역의 지표 개선과 운영 표준화까지 주도하게 됩니다.","• 현장설치, 점검, 수리, 부품교체, 작업보고 및 일일 운영 현황 관리
• 업무 일정·실적·품질 지표 점검 및 보고
• 관련 시스템과 문서의 정확한 입력·관리
• 고객·협력사·유관 부서 문의 대응 및 이슈 조율
• 업무 절차 개선과 운영 리스크 사전 점검
• 주요 이슈 원인 분석 및 후속 조치 관리
• 정기 회의 자료 작성과 진행 현황 공유
• 업무 매뉴얼 정비와 신규 구성원 온보딩 지원","• 관련 제품 및 공구 사용 능력 관련 기본 지식 또는 실무 경험을 보유한 분
• 필수 자격·면허: 전기기능사 보유자 또는 입사 전 취득 가능한 분
• 맡은 업무를 정확하게 기록하고 마감까지 책임질 수 있는 분
• 문서작성, 이메일, 스프레드시트 등 기본 업무도구 활용이 가능한 분
• 고객 및 유관 부서와 원활하게 소통하고 요청사항을 정리할 수 있는 분
• 예상하지 못한 상황에서도 우선순위를 판단해 대응할 수 있는 분
• 업무상 취급하는 자료와 고객 정보를 안전하게 관리할 수 있는 분
• 직무 관련 교육을 꾸준히 이수하며 전문성을 높일 분","• 설치·수리기사 또는 유사 직무 경력 보유자
• 직무 관련 자격·면허 보유자: 전기기능사
• 직무 관련 자격·면허 보유자: 전자기기기능사
• ERP, WMS, CRM, POS 등 직무 관련 시스템 사용 경험자
• 수치와 데이터를 활용한 실적 분석 경험자
• 다양한 이해관계자와 협업해 문제를 해결한 경험자
• 신규 프로세스 구축이나 업무 자동화 경험자","• 지원서 및 제출서류의 허위기재 또는 허위 제출
• 채용 과정에서 본인 확인이 불가능한 경우
• 채용검진 결과 업무 수행에 부적합하다고 판단되는 경우
• 해외여행 및 근무에 결격사유가 있는 경우
• 기타 회사 또는 기관의 인사규정상 채용이 불가능한 경우",서류전형 > 필기전형 > 면접전형 > 최종합격
1055,설치·수리기사 경력 채용,125,106,20261104,20261126,5,경력 3년 이상,무기계약직,경상남도,학력무관,"전문 중소기업에서 고객 현장의 제품 설치와 장애 조치를 수행하는 포지션을(를) 맡을 설치·수리기사를 모집합니다.

이번 포지션은 현장설치, 점검, 수리, 부품교체, 작업보고을 중심으로 운영 현장의 품질과 일정, 고객 경험을 함께 관리하는 역할입니다.

데이터와 현장 감각을 함께 활용해 반복 업무를 효율화하는 역할입니다.

유관 부서 및 외부 파트너와 업무 기준을 공유하고, 이슈 발생 시 원인을 정리해 재발 방지 방안을 실행합니다.

초기에는 담당 업무의 프로세스와 시스템을 익히고, 이후에는 담당 영역의 지표 개선과 운영 표준화까지 주도하게 됩니다.","• 현장설치, 점검, 수리, 부품교체, 작업보고 및 일일 운영 현황 관리
• 업무 일정·실적·품질 지표 점검 및 보고
• 관련 시스템과 문서의 정확한 입력·관리
• 고객·협력사·유관 부서 문의 대응 및 이슈 조율
• 업무 절차 개선과 운영 리스크 사전 점검
• 주요 이슈 원인 분석 및 후속 조치 관리
• 정기 회의 자료 작성과 진행 현황 공유
• 현장 안전·보안·개인정보 보호 기준 준수","• 관련 제품 및 공구 사용 능력 관련 기본 지식 또는 실무 경험을 보유한 분
• 필수 자격·면허: 전기기능사 보유자 또는 입사 전 취득 가능한 분
• 맡은 업무를 정확하게 기록하고 마감까지 책임질 수 있는 분
• 문서작성, 이메일, 스프레드시트 등 기본 업무도구 활용이 가능한 분
• 고객 및 유관 부서와 원활하게 소통하고 요청사항을 정리할 수 있는 분
• 예상하지 못한 상황에서도 우선순위를 판단해 대응할 수 있는 분
• 업무상 취급하는 자료와 고객 정보를 안전하게 관리할 수 있는 분
• 교대·주말·현장 근무가 포함될 수 있는 일정에 대응 가능한 분","• 설치·수리기사 또는 유사 직무 경력 보유자
• 직무 관련 자격·면허 보유자: 전기기능사
• 직무 관련 자격·면허 보유자: 전자기기기능사
• ERP, WMS, CRM, POS 등 직무 관련 시스템 사용 경험자
• 수치와 데이터를 활용한 실적 분석 경험자
• 다양한 이해관계자와 협업해 문제를 해결한 경험자
• 외국어 또는 관련 법규·안전 기준을 활용할 수 있는 분","• 지원서 및 제출서류의 허위기재 또는 허위 제출
• 채용 과정에서 본인 확인이 불가능한 경우
• 채용검진 결과 업무 수행에 부적합하다고 판단되는 경우
• 해외여행 및 근무에 결격사유가 있는 경우
• 기타 회사 또는 기관의 인사규정상 채용이 불가능한 경우",서류전형 > 실무면접 > 최종면접
1056,설치·수리기사 현장 책임자,60,106,20261121,20261220,16,경력 5년 이상,기간제,부산광역시,전문학사 이상,"성장 단계 스타트업에서 고객 현장의 제품 설치와 장애 조치를 수행하는 포지션을(를) 맡을 설치·수리기사를 모집합니다.

이번 포지션은 현장설치, 점검, 수리, 부품교체, 작업보고을 중심으로 운영 현장의 품질과 일정, 고객 경험을 함께 관리하는 역할입니다.

정해진 절차를 지키되 상황에 맞게 유연하게 대응하는 실무자를 모집합니다.

유관 부서 및 외부 파트너와 업무 기준을 공유하고, 이슈 발생 시 원인을 정리해 재발 방지 방안을 실행합니다.

초기에는 담당 업무의 프로세스와 시스템을 익히고, 이후에는 담당 영역의 지표 개선과 운영 표준화까지 주도하게 됩니다.","• 현장설치, 점검, 수리, 부품교체, 작업보고 및 일일 운영 현황 관리
• 업무 일정·실적·품질 지표 점검 및 보고
• 관련 시스템과 문서의 정확한 입력·관리
• 고객·협력사·유관 부서 문의 대응 및 이슈 조율
• 업무 절차 개선과 운영 리스크 사전 점검
• 주요 이슈 원인 분석 및 후속 조치 관리
• 정기 회의 자료 작성과 진행 현황 공유
• 업무 매뉴얼 정비와 신규 구성원 온보딩 지원","• 관련 제품 및 공구 사용 능력 관련 기본 지식 또는 실무 경험을 보유한 분
• 필수 자격·면허: 전기기능사 보유자 또는 입사 전 취득 가능한 분
• 맡은 업무를 정확하게 기록하고 마감까지 책임질 수 있는 분
• 문서작성, 이메일, 스프레드시트 등 기본 업무도구 활용이 가능한 분
• 고객 및 유관 부서와 원활하게 소통하고 요청사항을 정리할 수 있는 분
• 예상하지 못한 상황에서도 우선순위를 판단해 대응할 수 있는 분
• 업무상 취급하는 자료와 고객 정보를 안전하게 관리할 수 있는 분
• 직무 관련 교육을 꾸준히 이수하며 전문성을 높일 분","• 설치·수리기사 또는 유사 직무 경력 보유자
• 직무 관련 자격·면허 보유자: 전기기능사
• 직무 관련 자격·면허 보유자: 전자기기기능사
• ERP, WMS, CRM, POS 등 직무 관련 시스템 사용 경험자
• 수치와 데이터를 활용한 실적 분석 경험자
• 다양한 이해관계자와 협업해 문제를 해결한 경험자
• 신규 프로세스 구축이나 업무 자동화 경험자","• 지원서 및 제출서류의 허위기재 또는 허위 제출
• 채용 과정에서 본인 확인이 불가능한 경우
• 채용검진 결과 업무 수행에 부적합하다고 판단되는 경우
• 해외여행 및 근무에 결격사유가 있는 경우
• 기타 회사 또는 기관의 인사규정상 채용이 불가능한 경우",서류전형 > 인성검사 > 실무면접 > 최종면접
1057,설치·수리기사 서비스 담당,75,106,20261208,20270113,7,경력 무관,정규직,광주광역시,학사 이상,"종합병원 운영조직에서 고객 현장의 제품 설치와 장애 조치를 수행하는 포지션을(를) 맡을 설치·수리기사를 모집합니다.

이번 포지션은 현장설치, 점검, 수리, 부품교체, 작업보고을 중심으로 운영 현장의 품질과 일정, 고객 경험을 함께 관리하는 역할입니다.

부서 간 원활한 소통으로 일정과 품질을 안정적으로 관리하는 직무입니다.

유관 부서 및 외부 파트너와 업무 기준을 공유하고, 이슈 발생 시 원인을 정리해 재발 방지 방안을 실행합니다.

초기에는 담당 업무의 프로세스와 시스템을 익히고, 이후에는 담당 영역의 지표 개선과 운영 표준화까지 주도하게 됩니다.","• 현장설치, 점검, 수리, 부품교체, 작업보고 및 일일 운영 현황 관리
• 업무 일정·실적·품질 지표 점검 및 보고
• 관련 시스템과 문서의 정확한 입력·관리
• 고객·협력사·유관 부서 문의 대응 및 이슈 조율
• 업무 절차 개선과 운영 리스크 사전 점검
• 주요 이슈 원인 분석 및 후속 조치 관리
• 정기 회의 자료 작성과 진행 현황 공유
• 현장 안전·보안·개인정보 보호 기준 준수","• 관련 제품 및 공구 사용 능력 관련 기본 지식 또는 실무 경험을 보유한 분
• 필수 자격·면허: 전기기능사 보유자 또는 입사 전 취득 가능한 분
• 맡은 업무를 정확하게 기록하고 마감까지 책임질 수 있는 분
• 문서작성, 이메일, 스프레드시트 등 기본 업무도구 활용이 가능한 분
• 고객 및 유관 부서와 원활하게 소통하고 요청사항을 정리할 수 있는 분
• 예상하지 못한 상황에서도 우선순위를 판단해 대응할 수 있는 분
• 업무상 취급하는 자료와 고객 정보를 안전하게 관리할 수 있는 분
• 직무 관련 교육을 꾸준히 이수하며 전문성을 높일 분","• 설치·수리기사 또는 유사 직무 경력 보유자
• 직무 관련 자격·면허 보유자: 전기기능사
• 직무 관련 자격·면허 보유자: 전자기기기능사
• ERP, WMS, CRM, POS 등 직무 관련 시스템 사용 경험자
• 수치와 데이터를 활용한 실적 분석 경험자
• 다양한 이해관계자와 협업해 문제를 해결한 경험자
• 외국어 또는 관련 법규·안전 기준을 활용할 수 있는 분","• 지원서 및 제출서류의 허위기재 또는 허위 제출
• 채용 과정에서 본인 확인이 불가능한 경우
• 채용검진 결과 업무 수행에 부적합하다고 판단되는 경우
• 해외여행 및 근무에 결격사유가 있는 경우
• 기타 회사 또는 기관의 인사규정상 채용이 불가능한 경우",서류전형 > 직무과제 > 실무면접 > 최종합격
1058,설치·수리기사 담당자,134,106,20260114,20260226,18,신입,계약직,경기도,석사 이상,"대학 산학협력단에서 고객 현장의 제품 설치와 장애 조치를 수행하는 포지션을(를) 맡을 설치·수리기사를 모집합니다.

이번 포지션은 현장설치, 점검, 수리, 부품교체, 작업보고을 중심으로 운영 현장의 품질과 일정, 고객 경험을 함께 관리하는 역할입니다.

서비스 품질과 안전을 우선하며 꾸준히 전문성을 쌓을 수 있는 포지션입니다.

유관 부서 및 외부 파트너와 업무 기준을 공유하고, 이슈 발생 시 원인을 정리해 재발 방지 방안을 실행합니다.

초기에는 담당 업무의 프로세스와 시스템을 익히고, 이후에는 담당 영역의 지표 개선과 운영 표준화까지 주도하게 됩니다.","• 현장설치, 점검, 수리, 부품교체, 작업보고 및 일일 운영 현황 관리
• 업무 일정·실적·품질 지표 점검 및 보고
• 관련 시스템과 문서의 정확한 입력·관리
• 고객·협력사·유관 부서 문의 대응 및 이슈 조율
• 업무 절차 개선과 운영 리스크 사전 점검
• 주요 이슈 원인 분석 및 후속 조치 관리
• 정기 회의 자료 작성과 진행 현황 공유
• 업무 매뉴얼 정비와 신규 구성원 온보딩 지원","• 관련 제품 및 공구 사용 능력 관련 기본 지식 또는 실무 경험을 보유한 분
• 필수 자격·면허: 전기기능사 보유자 또는 입사 전 취득 가능한 분
• 맡은 업무를 정확하게 기록하고 마감까지 책임질 수 있는 분
• 문서작성, 이메일, 스프레드시트 등 기본 업무도구 활용이 가능한 분
• 고객 및 유관 부서와 원활하게 소통하고 요청사항을 정리할 수 있는 분
• 예상하지 못한 상황에서도 우선순위를 판단해 대응할 수 있는 분
• 업무상 취급하는 자료와 고객 정보를 안전하게 관리할 수 있는 분
• 교대·주말·현장 근무가 포함될 수 있는 일정에 대응 가능한 분","• 설치·수리기사 또는 유사 직무 경력 보유자
• 직무 관련 자격·면허 보유자: 전기기능사
• 직무 관련 자격·면허 보유자: 전자기기기능사
• ERP, WMS, CRM, POS 등 직무 관련 시스템 사용 경험자
• 수치와 데이터를 활용한 실적 분석 경험자
• 다양한 이해관계자와 협업해 문제를 해결한 경험자
• 신규 프로세스 구축이나 업무 자동화 경험자","• 지원서 및 제출서류의 허위기재 또는 허위 제출
• 채용 과정에서 본인 확인이 불가능한 경우
• 채용검진 결과 업무 수행에 부적합하다고 판단되는 경우
• 해외여행 및 근무에 결격사유가 있는 경우
• 기타 회사 또는 기관의 인사규정상 채용이 불가능한 경우",서류전형 > 1차면접 > 2차면접 > 채용검진
1059,설치·수리기사 실무자,54,106,20260131,20260214,9,경력,무기계약직,충청남도,박사 이상,"기업 부설 연구소에서 고객 현장의 제품 설치와 장애 조치를 수행하는 포지션을(를) 맡을 설치·수리기사를 모집합니다.

이번 포지션은 현장설치, 점검, 수리, 부품교체, 작업보고을 중심으로 운영 현장의 품질과 일정, 고객 경험을 함께 관리하는 역할입니다.

기본기를 바탕으로 새로운 업무를 빠르게 익히고 실행할 분을 모십니다.

유관 부서 및 외부 파트너와 업무 기준을 공유하고, 이슈 발생 시 원인을 정리해 재발 방지 방안을 실행합니다.

초기에는 담당 업무의 프로세스와 시스템을 익히고, 이후에는 담당 영역의 지표 개선과 운영 표준화까지 주도하게 됩니다.","• 현장설치, 점검, 수리, 부품교체, 작업보고 및 일일 운영 현황 관리
• 업무 일정·실적·품질 지표 점검 및 보고
• 관련 시스템과 문서의 정확한 입력·관리
• 고객·협력사·유관 부서 문의 대응 및 이슈 조율
• 업무 절차 개선과 운영 리스크 사전 점검
• 주요 이슈 원인 분석 및 후속 조치 관리
• 정기 회의 자료 작성과 진행 현황 공유
• 현장 안전·보안·개인정보 보호 기준 준수","• 관련 제품 및 공구 사용 능력 관련 기본 지식 또는 실무 경험을 보유한 분
• 필수 자격·면허: 전기기능사 보유자 또는 입사 전 취득 가능한 분
• 맡은 업무를 정확하게 기록하고 마감까지 책임질 수 있는 분
• 문서작성, 이메일, 스프레드시트 등 기본 업무도구 활용이 가능한 분
• 고객 및 유관 부서와 원활하게 소통하고 요청사항을 정리할 수 있는 분
• 예상하지 못한 상황에서도 우선순위를 판단해 대응할 수 있는 분
• 업무상 취급하는 자료와 고객 정보를 안전하게 관리할 수 있는 분
• 직무 관련 교육을 꾸준히 이수하며 전문성을 높일 분","• 설치·수리기사 또는 유사 직무 경력 보유자
• 직무 관련 자격·면허 보유자: 전기기능사
• 직무 관련 자격·면허 보유자: 전자기기기능사
• ERP, WMS, CRM, POS 등 직무 관련 시스템 사용 경험자
• 수치와 데이터를 활용한 실적 분석 경험자
• 다양한 이해관계자와 협업해 문제를 해결한 경험자
• 외국어 또는 관련 법규·안전 기준을 활용할 수 있는 분","• 지원서 및 제출서류의 허위기재 또는 허위 제출
• 채용 과정에서 본인 확인이 불가능한 경우
• 채용검진 결과 업무 수행에 부적합하다고 판단되는 경우
• 해외여행 및 근무에 결격사유가 있는 경우
• 기타 회사 또는 기관의 인사규정상 채용이 불가능한 경우",서류전형 > 필기전형 > 면접전형 > 최종합격
1060,설치·수리기사 운영 매니저,11,106,20260217,20260310,20,신입·경력,기간제,경상북도,학력무관,"전문 협회에서 고객 현장의 제품 설치와 장애 조치를 수행하는 포지션을(를) 맡을 설치·수리기사를 모집합니다.

이번 포지션은 현장설치, 점검, 수리, 부품교체, 작업보고을 중심으로 운영 현장의 품질과 일정, 고객 경험을 함께 관리하는 역할입니다.

성과와 고객 만족을 함께 고려하며 실질적인 변화를 만드는 역할입니다.

유관 부서 및 외부 파트너와 업무 기준을 공유하고, 이슈 발생 시 원인을 정리해 재발 방지 방안을 실행합니다.

초기에는 담당 업무의 프로세스와 시스템을 익히고, 이후에는 담당 영역의 지표 개선과 운영 표준화까지 주도하게 됩니다.","• 현장설치, 점검, 수리, 부품교체, 작업보고 및 일일 운영 현황 관리
• 업무 일정·실적·품질 지표 점검 및 보고
• 관련 시스템과 문서의 정확한 입력·관리
• 고객·협력사·유관 부서 문의 대응 및 이슈 조율
• 업무 절차 개선과 운영 리스크 사전 점검
• 주요 이슈 원인 분석 및 후속 조치 관리
• 정기 회의 자료 작성과 진행 현황 공유
• 업무 매뉴얼 정비와 신규 구성원 온보딩 지원","• 관련 제품 및 공구 사용 능력 관련 기본 지식 또는 실무 경험을 보유한 분
• 필수 자격·면허: 전기기능사 보유자 또는 입사 전 취득 가능한 분
• 맡은 업무를 정확하게 기록하고 마감까지 책임질 수 있는 분
• 문서작성, 이메일, 스프레드시트 등 기본 업무도구 활용이 가능한 분
• 고객 및 유관 부서와 원활하게 소통하고 요청사항을 정리할 수 있는 분
• 예상하지 못한 상황에서도 우선순위를 판단해 대응할 수 있는 분
• 업무상 취급하는 자료와 고객 정보를 안전하게 관리할 수 있는 분
• 직무 관련 교육을 꾸준히 이수하며 전문성을 높일 분","• 설치·수리기사 또는 유사 직무 경력 보유자
• 직무 관련 자격·면허 보유자: 전기기능사
• 직무 관련 자격·면허 보유자: 전자기기기능사
• ERP, WMS, CRM, POS 등 직무 관련 시스템 사용 경험자
• 수치와 데이터를 활용한 실적 분석 경험자
• 다양한 이해관계자와 협업해 문제를 해결한 경험자
• 신규 프로세스 구축이나 업무 자동화 경험자","• 지원서 및 제출서류의 허위기재 또는 허위 제출
• 채용 과정에서 본인 확인이 불가능한 경우
• 채용검진 결과 업무 수행에 부적합하다고 판단되는 경우
• 해외여행 및 근무에 결격사유가 있는 경우
• 기타 회사 또는 기관의 인사규정상 채용이 불가능한 경우",서류전형 > 실무면접 > 최종면접
1061,정비기사 경력 채용,115,107,20260306,20260403,11,경력 3년 이상,정규직,부산광역시,학사 이상,"공공서비스 운영기관에서 차량 또는 설비의 점검과 정비를 담당하는 포지션을(를) 맡을 정비기사를 모집합니다.

이번 포지션은 진단, 예방정비, 부품교환, 시운전, 정비기록을 중심으로 운영 현장의 품질과 일정, 고객 경험을 함께 관리하는 역할입니다.

정확한 실행력과 협업을 바탕으로 안정적인 운영을 함께 만들어 갈 분을 찾습니다.

유관 부서 및 외부 파트너와 업무 기준을 공유하고, 이슈 발생 시 원인을 정리해 재발 방지 방안을 실행합니다.

초기에는 담당 업무의 프로세스와 시스템을 익히고, 이후에는 담당 영역의 지표 개선과 운영 표준화까지 주도하게 됩니다.","• 진단, 예방정비, 부품교환, 시운전, 정비기록 및 일일 운영 현황 관리
• 업무 일정·실적·품질 지표 점검 및 보고
• 관련 시스템과 문서의 정확한 입력·관리
• 고객·협력사·유관 부서 문의 대응 및 이슈 조율
• 업무 절차 개선과 운영 리스크 사전 점검
• 주요 이슈 원인 분석 및 후속 조치 관리
• 정기 회의 자료 작성과 진행 현황 공유
• 현장 안전·보안·개인정보 보호 기준 준수","• 정비 실무와 안전수칙 준수 관련 기본 지식 또는 실무 경험을 보유한 분
• 필수 자격·면허: 자동차정비기능사 보유자 또는 입사 전 취득 가능한 분
• 맡은 업무를 정확하게 기록하고 마감까지 책임질 수 있는 분
• 문서작성, 이메일, 스프레드시트 등 기본 업무도구 활용이 가능한 분
• 고객 및 유관 부서와 원활하게 소통하고 요청사항을 정리할 수 있는 분
• 예상하지 못한 상황에서도 우선순위를 판단해 대응할 수 있는 분
• 업무상 취급하는 자료와 고객 정보를 안전하게 관리할 수 있는 분
• 교대·주말·현장 근무가 포함될 수 있는 일정에 대응 가능한 분","• 정비기사 또는 유사 직무 경력 보유자
• 직무 관련 자격·면허 보유자: 자동차정비기능사
• 직무 관련 자격·면허 보유자: 자동차정비산업기사
• ERP, WMS, CRM, POS 등 직무 관련 시스템 사용 경험자
• 수치와 데이터를 활용한 실적 분석 경험자
• 다양한 이해관계자와 협업해 문제를 해결한 경험자
• 외국어 또는 관련 법규·안전 기준을 활용할 수 있는 분","• 지원서 및 제출서류의 허위기재 또는 허위 제출
• 채용 과정에서 본인 확인이 불가능한 경우
• 채용검진 결과 업무 수행에 부적합하다고 판단되는 경우
• 해외여행 및 근무에 결격사유가 있는 경우
• 기타 회사 또는 기관의 인사규정상 채용이 불가능한 경우",서류전형 > 직무과제 > 실무면접 > 최종합격
1062,정비기사 현장 책임자,37,107,20260323,20260427,2,경력 5년 이상,계약직,광주광역시,석사 이상,"대기업 사업부에서 차량 또는 설비의 점검과 정비를 담당하는 포지션을(를) 맡을 정비기사를 모집합니다.

이번 포지션은 진단, 예방정비, 부품교환, 시운전, 정비기록을 중심으로 운영 현장의 품질과 일정, 고객 경험을 함께 관리하는 역할입니다.

현장과 유관 부서의 요구를 연결하며 업무 품질을 높이는 역할입니다.

유관 부서 및 외부 파트너와 업무 기준을 공유하고, 이슈 발생 시 원인을 정리해 재발 방지 방안을 실행합니다.

초기에는 담당 업무의 프로세스와 시스템을 익히고, 이후에는 담당 영역의 지표 개선과 운영 표준화까지 주도하게 됩니다.","• 진단, 예방정비, 부품교환, 시운전, 정비기록 및 일일 운영 현황 관리
• 업무 일정·실적·품질 지표 점검 및 보고
• 관련 시스템과 문서의 정확한 입력·관리
• 고객·협력사·유관 부서 문의 대응 및 이슈 조율
• 업무 절차 개선과 운영 리스크 사전 점검
• 주요 이슈 원인 분석 및 후속 조치 관리
• 정기 회의 자료 작성과 진행 현황 공유
• 업무 매뉴얼 정비와 신규 구성원 온보딩 지원","• 정비 실무와 안전수칙 준수 관련 기본 지식 또는 실무 경험을 보유한 분
• 필수 자격·면허: 자동차정비기능사 보유자 또는 입사 전 취득 가능한 분
• 맡은 업무를 정확하게 기록하고 마감까지 책임질 수 있는 분
• 문서작성, 이메일, 스프레드시트 등 기본 업무도구 활용이 가능한 분
• 고객 및 유관 부서와 원활하게 소통하고 요청사항을 정리할 수 있는 분
• 예상하지 못한 상황에서도 우선순위를 판단해 대응할 수 있는 분
• 업무상 취급하는 자료와 고객 정보를 안전하게 관리할 수 있는 분
• 직무 관련 교육을 꾸준히 이수하며 전문성을 높일 분","• 정비기사 또는 유사 직무 경력 보유자
• 직무 관련 자격·면허 보유자: 자동차정비기능사
• 직무 관련 자격·면허 보유자: 자동차정비산업기사
• ERP, WMS, CRM, POS 등 직무 관련 시스템 사용 경험자
• 수치와 데이터를 활용한 실적 분석 경험자
• 다양한 이해관계자와 협업해 문제를 해결한 경험자
• 신규 프로세스 구축이나 업무 자동화 경험자","• 지원서 및 제출서류의 허위기재 또는 허위 제출
• 채용 과정에서 본인 확인이 불가능한 경우
• 채용검진 결과 업무 수행에 부적합하다고 판단되는 경우
• 해외여행 및 근무에 결격사유가 있는 경우
• 기타 회사 또는 기관의 인사규정상 채용이 불가능한 경우",서류전형 > 1차면접 > 2차면접 > 채용검진
1063,정비기사 서비스 담당,68,107,20260409,20260521,13,경력 무관,무기계약직,경기도,박사 이상,"중견 제조기업에서 차량 또는 설비의 점검과 정비를 담당하는 포지션을(를) 맡을 정비기사를 모집합니다.

이번 포지션은 진단, 예방정비, 부품교환, 시운전, 정비기록을 중심으로 운영 현장의 품질과 일정, 고객 경험을 함께 관리하는 역할입니다.

업무 기준을 준수하면서도 개선점을 주도적으로 제안할 수 있는 분을 기다립니다.

유관 부서 및 외부 파트너와 업무 기준을 공유하고, 이슈 발생 시 원인을 정리해 재발 방지 방안을 실행합니다.

초기에는 담당 업무의 프로세스와 시스템을 익히고, 이후에는 담당 영역의 지표 개선과 운영 표준화까지 주도하게 됩니다.","• 진단, 예방정비, 부품교환, 시운전, 정비기록 및 일일 운영 현황 관리
• 업무 일정·실적·품질 지표 점검 및 보고
• 관련 시스템과 문서의 정확한 입력·관리
• 고객·협력사·유관 부서 문의 대응 및 이슈 조율
• 업무 절차 개선과 운영 리스크 사전 점검
• 주요 이슈 원인 분석 및 후속 조치 관리
• 정기 회의 자료 작성과 진행 현황 공유
• 현장 안전·보안·개인정보 보호 기준 준수","• 정비 실무와 안전수칙 준수 관련 기본 지식 또는 실무 경험을 보유한 분
• 필수 자격·면허: 자동차정비기능사 보유자 또는 입사 전 취득 가능한 분
• 맡은 업무를 정확하게 기록하고 마감까지 책임질 수 있는 분
• 문서작성, 이메일, 스프레드시트 등 기본 업무도구 활용이 가능한 분
• 고객 및 유관 부서와 원활하게 소통하고 요청사항을 정리할 수 있는 분
• 예상하지 못한 상황에서도 우선순위를 판단해 대응할 수 있는 분
• 업무상 취급하는 자료와 고객 정보를 안전하게 관리할 수 있는 분
• 직무 관련 교육을 꾸준히 이수하며 전문성을 높일 분","• 정비기사 또는 유사 직무 경력 보유자
• 직무 관련 자격·면허 보유자: 자동차정비기능사
• 직무 관련 자격·면허 보유자: 자동차정비산업기사
• ERP, WMS, CRM, POS 등 직무 관련 시스템 사용 경험자
• 수치와 데이터를 활용한 실적 분석 경험자
• 다양한 이해관계자와 협업해 문제를 해결한 경험자
• 외국어 또는 관련 법규·안전 기준을 활용할 수 있는 분","• 지원서 및 제출서류의 허위기재 또는 허위 제출
• 채용 과정에서 본인 확인이 불가능한 경우
• 채용검진 결과 업무 수행에 부적합하다고 판단되는 경우
• 해외여행 및 근무에 결격사유가 있는 경우
• 기타 회사 또는 기관의 인사규정상 채용이 불가능한 경우",서류전형 > 필기전형 > 면접전형 > 최종합격
1064,정비기사 담당자,74,107,20260426,20260509,4,신입,기간제,충청남도,학력무관,"전문 중소기업에서 차량 또는 설비의 점검과 정비를 담당하는 포지션을(를) 맡을 정비기사를 모집합니다.

이번 포지션은 진단, 예방정비, 부품교환, 시운전, 정비기록을 중심으로 운영 현장의 품질과 일정, 고객 경험을 함께 관리하는 역할입니다.

고객과 동료에게 신뢰를 주는 태도로 맡은 업무를 끝까지 책임지는 포지션입니다.

유관 부서 및 외부 파트너와 업무 기준을 공유하고, 이슈 발생 시 원인을 정리해 재발 방지 방안을 실행합니다.

초기에는 담당 업무의 프로세스와 시스템을 익히고, 이후에는 담당 영역의 지표 개선과 운영 표준화까지 주도하게 됩니다.","• 진단, 예방정비, 부품교환, 시운전, 정비기록 및 일일 운영 현황 관리
• 업무 일정·실적·품질 지표 점검 및 보고
• 관련 시스템과 문서의 정확한 입력·관리
• 고객·협력사·유관 부서 문의 대응 및 이슈 조율
• 업무 절차 개선과 운영 리스크 사전 점검
• 주요 이슈 원인 분석 및 후속 조치 관리
• 정기 회의 자료 작성과 진행 현황 공유
• 업무 매뉴얼 정비와 신규 구성원 온보딩 지원","• 정비 실무와 안전수칙 준수 관련 기본 지식 또는 실무 경험을 보유한 분
• 필수 자격·면허: 자동차정비기능사 보유자 또는 입사 전 취득 가능한 분
• 맡은 업무를 정확하게 기록하고 마감까지 책임질 수 있는 분
• 문서작성, 이메일, 스프레드시트 등 기본 업무도구 활용이 가능한 분
• 고객 및 유관 부서와 원활하게 소통하고 요청사항을 정리할 수 있는 분
• 예상하지 못한 상황에서도 우선순위를 판단해 대응할 수 있는 분
• 업무상 취급하는 자료와 고객 정보를 안전하게 관리할 수 있는 분
• 교대·주말·현장 근무가 포함될 수 있는 일정에 대응 가능한 분","• 정비기사 또는 유사 직무 경력 보유자
• 직무 관련 자격·면허 보유자: 자동차정비기능사
• 직무 관련 자격·면허 보유자: 자동차정비산업기사
• ERP, WMS, CRM, POS 등 직무 관련 시스템 사용 경험자
• 수치와 데이터를 활용한 실적 분석 경험자
• 다양한 이해관계자와 협업해 문제를 해결한 경험자
• 신규 프로세스 구축이나 업무 자동화 경험자","• 지원서 및 제출서류의 허위기재 또는 허위 제출
• 채용 과정에서 본인 확인이 불가능한 경우
• 채용검진 결과 업무 수행에 부적합하다고 판단되는 경우
• 해외여행 및 근무에 결격사유가 있는 경우
• 기타 회사 또는 기관의 인사규정상 채용이 불가능한 경우",서류전형 > 실무면접 > 최종면접
1065,정비기사 실무자,108,107,20260513,20260602,15,경력,정규직,경상북도,전문학사 이상,"성장 단계 스타트업에서 차량 또는 설비의 점검과 정비를 담당하는 포지션을(를) 맡을 정비기사를 모집합니다.

이번 포지션은 진단, 예방정비, 부품교환, 시운전, 정비기록을 중심으로 운영 현장의 품질과 일정, 고객 경험을 함께 관리하는 역할입니다.

데이터와 현장 감각을 함께 활용해 반복 업무를 효율화하는 역할입니다.

유관 부서 및 외부 파트너와 업무 기준을 공유하고, 이슈 발생 시 원인을 정리해 재발 방지 방안을 실행합니다.

초기에는 담당 업무의 프로세스와 시스템을 익히고, 이후에는 담당 영역의 지표 개선과 운영 표준화까지 주도하게 됩니다.","• 진단, 예방정비, 부품교환, 시운전, 정비기록 및 일일 운영 현황 관리
• 업무 일정·실적·품질 지표 점검 및 보고
• 관련 시스템과 문서의 정확한 입력·관리
• 고객·협력사·유관 부서 문의 대응 및 이슈 조율
• 업무 절차 개선과 운영 리스크 사전 점검
• 주요 이슈 원인 분석 및 후속 조치 관리
• 정기 회의 자료 작성과 진행 현황 공유
• 현장 안전·보안·개인정보 보호 기준 준수","• 정비 실무와 안전수칙 준수 관련 기본 지식 또는 실무 경험을 보유한 분
• 필수 자격·면허: 자동차정비기능사 보유자 또는 입사 전 취득 가능한 분
• 맡은 업무를 정확하게 기록하고 마감까지 책임질 수 있는 분
• 문서작성, 이메일, 스프레드시트 등 기본 업무도구 활용이 가능한 분
• 고객 및 유관 부서와 원활하게 소통하고 요청사항을 정리할 수 있는 분
• 예상하지 못한 상황에서도 우선순위를 판단해 대응할 수 있는 분
• 업무상 취급하는 자료와 고객 정보를 안전하게 관리할 수 있는 분
• 직무 관련 교육을 꾸준히 이수하며 전문성을 높일 분","• 정비기사 또는 유사 직무 경력 보유자
• 직무 관련 자격·면허 보유자: 자동차정비기능사
• 직무 관련 자격·면허 보유자: 자동차정비산업기사
• ERP, WMS, CRM, POS 등 직무 관련 시스템 사용 경험자
• 수치와 데이터를 활용한 실적 분석 경험자
• 다양한 이해관계자와 협업해 문제를 해결한 경험자
• 외국어 또는 관련 법규·안전 기준을 활용할 수 있는 분","• 지원서 및 제출서류의 허위기재 또는 허위 제출
• 채용 과정에서 본인 확인이 불가능한 경우
• 채용검진 결과 업무 수행에 부적합하다고 판단되는 경우
• 해외여행 및 근무에 결격사유가 있는 경우
• 기타 회사 또는 기관의 인사규정상 채용이 불가능한 경우",서류전형 > 인성검사 > 실무면접 > 최종면접
1066,정비기사 운영 매니저,111,107,20260530,20260626,6,신입·경력,계약직,서울특별시,학사 이상,"종합병원 운영조직에서 차량 또는 설비의 점검과 정비를 담당하는 포지션을(를) 맡을 정비기사를 모집합니다.

이번 포지션은 진단, 예방정비, 부품교환, 시운전, 정비기록을 중심으로 운영 현장의 품질과 일정, 고객 경험을 함께 관리하는 역할입니다.

정해진 절차를 지키되 상황에 맞게 유연하게 대응하는 실무자를 모집합니다.

유관 부서 및 외부 파트너와 업무 기준을 공유하고, 이슈 발생 시 원인을 정리해 재발 방지 방안을 실행합니다.

초기에는 담당 업무의 프로세스와 시스템을 익히고, 이후에는 담당 영역의 지표 개선과 운영 표준화까지 주도하게 됩니다.","• 진단, 예방정비, 부품교환, 시운전, 정비기록 및 일일 운영 현황 관리
• 업무 일정·실적·품질 지표 점검 및 보고
• 관련 시스템과 문서의 정확한 입력·관리
• 고객·협력사·유관 부서 문의 대응 및 이슈 조율
• 업무 절차 개선과 운영 리스크 사전 점검
• 주요 이슈 원인 분석 및 후속 조치 관리
• 정기 회의 자료 작성과 진행 현황 공유
• 업무 매뉴얼 정비와 신규 구성원 온보딩 지원","• 정비 실무와 안전수칙 준수 관련 기본 지식 또는 실무 경험을 보유한 분
• 필수 자격·면허: 자동차정비기능사 보유자 또는 입사 전 취득 가능한 분
• 맡은 업무를 정확하게 기록하고 마감까지 책임질 수 있는 분
• 문서작성, 이메일, 스프레드시트 등 기본 업무도구 활용이 가능한 분
• 고객 및 유관 부서와 원활하게 소통하고 요청사항을 정리할 수 있는 분
• 예상하지 못한 상황에서도 우선순위를 판단해 대응할 수 있는 분
• 업무상 취급하는 자료와 고객 정보를 안전하게 관리할 수 있는 분
• 직무 관련 교육을 꾸준히 이수하며 전문성을 높일 분","• 정비기사 또는 유사 직무 경력 보유자
• 직무 관련 자격·면허 보유자: 자동차정비기능사
• 직무 관련 자격·면허 보유자: 자동차정비산업기사
• ERP, WMS, CRM, POS 등 직무 관련 시스템 사용 경험자
• 수치와 데이터를 활용한 실적 분석 경험자
• 다양한 이해관계자와 협업해 문제를 해결한 경험자
• 신규 프로세스 구축이나 업무 자동화 경험자","• 지원서 및 제출서류의 허위기재 또는 허위 제출
• 채용 과정에서 본인 확인이 불가능한 경우
• 채용검진 결과 업무 수행에 부적합하다고 판단되는 경우
• 해외여행 및 근무에 결격사유가 있는 경우
• 기타 회사 또는 기관의 인사규정상 채용이 불가능한 경우",서류전형 > 직무과제 > 실무면접 > 최종합격
1067,정비기사 전문 인력,28,107,20260616,20260720,17,경력 2년 이상,무기계약직,대전광역시,석사 이상,"대학 산학협력단에서 차량 또는 설비의 점검과 정비를 담당하는 포지션을(를) 맡을 정비기사를 모집합니다.

이번 포지션은 진단, 예방정비, 부품교환, 시운전, 정비기록을 중심으로 운영 현장의 품질과 일정, 고객 경험을 함께 관리하는 역할입니다.

부서 간 원활한 소통으로 일정과 품질을 안정적으로 관리하는 직무입니다.

유관 부서 및 외부 파트너와 업무 기준을 공유하고, 이슈 발생 시 원인을 정리해 재발 방지 방안을 실행합니다.

초기에는 담당 업무의 프로세스와 시스템을 익히고, 이후에는 담당 영역의 지표 개선과 운영 표준화까지 주도하게 됩니다.","• 진단, 예방정비, 부품교환, 시운전, 정비기록 및 일일 운영 현황 관리
• 업무 일정·실적·품질 지표 점검 및 보고
• 관련 시스템과 문서의 정확한 입력·관리
• 고객·협력사·유관 부서 문의 대응 및 이슈 조율
• 업무 절차 개선과 운영 리스크 사전 점검
• 주요 이슈 원인 분석 및 후속 조치 관리
• 정기 회의 자료 작성과 진행 현황 공유
• 현장 안전·보안·개인정보 보호 기준 준수","• 정비 실무와 안전수칙 준수 관련 기본 지식 또는 실무 경험을 보유한 분
• 필수 자격·면허: 자동차정비기능사 보유자 또는 입사 전 취득 가능한 분
• 맡은 업무를 정확하게 기록하고 마감까지 책임질 수 있는 분
• 문서작성, 이메일, 스프레드시트 등 기본 업무도구 활용이 가능한 분
• 고객 및 유관 부서와 원활하게 소통하고 요청사항을 정리할 수 있는 분
• 예상하지 못한 상황에서도 우선순위를 판단해 대응할 수 있는 분
• 업무상 취급하는 자료와 고객 정보를 안전하게 관리할 수 있는 분
• 교대·주말·현장 근무가 포함될 수 있는 일정에 대응 가능한 분","• 정비기사 또는 유사 직무 경력 보유자
• 직무 관련 자격·면허 보유자: 자동차정비기능사
• 직무 관련 자격·면허 보유자: 자동차정비산업기사
• ERP, WMS, CRM, POS 등 직무 관련 시스템 사용 경험자
• 수치와 데이터를 활용한 실적 분석 경험자
• 다양한 이해관계자와 협업해 문제를 해결한 경험자
• 외국어 또는 관련 법규·안전 기준을 활용할 수 있는 분","• 지원서 및 제출서류의 허위기재 또는 허위 제출
• 채용 과정에서 본인 확인이 불가능한 경우
• 채용검진 결과 업무 수행에 부적합하다고 판단되는 경우
• 해외여행 및 근무에 결격사유가 있는 경우
• 기타 회사 또는 기관의 인사규정상 채용이 불가능한 경우",서류전형 > 1차면접 > 2차면접 > 채용검진
1068,정비기사 경력 채용,108,107,20260703,20260813,8,경력 3년 이상,기간제,세종특별자치시,박사 이상,"기업 부설 연구소에서 차량 또는 설비의 점검과 정비를 담당하는 포지션을(를) 맡을 정비기사를 모집합니다.

이번 포지션은 진단, 예방정비, 부품교환, 시운전, 정비기록을 중심으로 운영 현장의 품질과 일정, 고객 경험을 함께 관리하는 역할입니다.

서비스 품질과 안전을 우선하며 꾸준히 전문성을 쌓을 수 있는 포지션입니다.

유관 부서 및 외부 파트너와 업무 기준을 공유하고, 이슈 발생 시 원인을 정리해 재발 방지 방안을 실행합니다.

초기에는 담당 업무의 프로세스와 시스템을 익히고, 이후에는 담당 영역의 지표 개선과 운영 표준화까지 주도하게 됩니다.","• 진단, 예방정비, 부품교환, 시운전, 정비기록 및 일일 운영 현황 관리
• 업무 일정·실적·품질 지표 점검 및 보고
• 관련 시스템과 문서의 정확한 입력·관리
• 고객·협력사·유관 부서 문의 대응 및 이슈 조율
• 업무 절차 개선과 운영 리스크 사전 점검
• 주요 이슈 원인 분석 및 후속 조치 관리
• 정기 회의 자료 작성과 진행 현황 공유
• 업무 매뉴얼 정비와 신규 구성원 온보딩 지원","• 정비 실무와 안전수칙 준수 관련 기본 지식 또는 실무 경험을 보유한 분
• 필수 자격·면허: 자동차정비기능사 보유자 또는 입사 전 취득 가능한 분
• 맡은 업무를 정확하게 기록하고 마감까지 책임질 수 있는 분
• 문서작성, 이메일, 스프레드시트 등 기본 업무도구 활용이 가능한 분
• 고객 및 유관 부서와 원활하게 소통하고 요청사항을 정리할 수 있는 분
• 예상하지 못한 상황에서도 우선순위를 판단해 대응할 수 있는 분
• 업무상 취급하는 자료와 고객 정보를 안전하게 관리할 수 있는 분
• 직무 관련 교육을 꾸준히 이수하며 전문성을 높일 분","• 정비기사 또는 유사 직무 경력 보유자
• 직무 관련 자격·면허 보유자: 자동차정비기능사
• 직무 관련 자격·면허 보유자: 자동차정비산업기사
• ERP, WMS, CRM, POS 등 직무 관련 시스템 사용 경험자
• 수치와 데이터를 활용한 실적 분석 경험자
• 다양한 이해관계자와 협업해 문제를 해결한 경험자
• 신규 프로세스 구축이나 업무 자동화 경험자","• 지원서 및 제출서류의 허위기재 또는 허위 제출
• 채용 과정에서 본인 확인이 불가능한 경우
• 채용검진 결과 업무 수행에 부적합하다고 판단되는 경우
• 해외여행 및 근무에 결격사유가 있는 경우
• 기타 회사 또는 기관의 인사규정상 채용이 불가능한 경우",서류전형 > 필기전형 > 면접전형 > 최종합격
1069,정비기사 현장 책임자,97,107,20260720,20260801,19,경력 5년 이상,정규직,충청북도,학력무관,"전문 협회에서 차량 또는 설비의 점검과 정비를 담당하는 포지션을(를) 맡을 정비기사를 모집합니다.

이번 포지션은 진단, 예방정비, 부품교환, 시운전, 정비기록을 중심으로 운영 현장의 품질과 일정, 고객 경험을 함께 관리하는 역할입니다.

기본기를 바탕으로 새로운 업무를 빠르게 익히고 실행할 분을 모십니다.

유관 부서 및 외부 파트너와 업무 기준을 공유하고, 이슈 발생 시 원인을 정리해 재발 방지 방안을 실행합니다.

초기에는 담당 업무의 프로세스와 시스템을 익히고, 이후에는 담당 영역의 지표 개선과 운영 표준화까지 주도하게 됩니다.","• 진단, 예방정비, 부품교환, 시운전, 정비기록 및 일일 운영 현황 관리
• 업무 일정·실적·품질 지표 점검 및 보고
• 관련 시스템과 문서의 정확한 입력·관리
• 고객·협력사·유관 부서 문의 대응 및 이슈 조율
• 업무 절차 개선과 운영 리스크 사전 점검
• 주요 이슈 원인 분석 및 후속 조치 관리
• 정기 회의 자료 작성과 진행 현황 공유
• 현장 안전·보안·개인정보 보호 기준 준수","• 정비 실무와 안전수칙 준수 관련 기본 지식 또는 실무 경험을 보유한 분
• 필수 자격·면허: 자동차정비기능사 보유자 또는 입사 전 취득 가능한 분
• 맡은 업무를 정확하게 기록하고 마감까지 책임질 수 있는 분
• 문서작성, 이메일, 스프레드시트 등 기본 업무도구 활용이 가능한 분
• 고객 및 유관 부서와 원활하게 소통하고 요청사항을 정리할 수 있는 분
• 예상하지 못한 상황에서도 우선순위를 판단해 대응할 수 있는 분
• 업무상 취급하는 자료와 고객 정보를 안전하게 관리할 수 있는 분
• 직무 관련 교육을 꾸준히 이수하며 전문성을 높일 분","• 정비기사 또는 유사 직무 경력 보유자
• 직무 관련 자격·면허 보유자: 자동차정비기능사
• 직무 관련 자격·면허 보유자: 자동차정비산업기사
• ERP, WMS, CRM, POS 등 직무 관련 시스템 사용 경험자
• 수치와 데이터를 활용한 실적 분석 경험자
• 다양한 이해관계자와 협업해 문제를 해결한 경험자
• 외국어 또는 관련 법규·안전 기준을 활용할 수 있는 분","• 지원서 및 제출서류의 허위기재 또는 허위 제출
• 채용 과정에서 본인 확인이 불가능한 경우
• 채용검진 결과 업무 수행에 부적합하다고 판단되는 경우
• 해외여행 및 근무에 결격사유가 있는 경우
• 기타 회사 또는 기관의 인사규정상 채용이 불가능한 경우",서류전형 > 실무면접 > 최종면접
1070,정비기사 서비스 담당,102,107,20260806,20260825,10,경력 무관,계약직,전라남도,전문학사 이상,"공공서비스 운영기관에서 차량 또는 설비의 점검과 정비를 담당하는 포지션을(를) 맡을 정비기사를 모집합니다.

이번 포지션은 진단, 예방정비, 부품교환, 시운전, 정비기록을 중심으로 운영 현장의 품질과 일정, 고객 경험을 함께 관리하는 역할입니다.

성과와 고객 만족을 함께 고려하며 실질적인 변화를 만드는 역할입니다.

유관 부서 및 외부 파트너와 업무 기준을 공유하고, 이슈 발생 시 원인을 정리해 재발 방지 방안을 실행합니다.

초기에는 담당 업무의 프로세스와 시스템을 익히고, 이후에는 담당 영역의 지표 개선과 운영 표준화까지 주도하게 됩니다.","• 진단, 예방정비, 부품교환, 시운전, 정비기록 및 일일 운영 현황 관리
• 업무 일정·실적·품질 지표 점검 및 보고
• 관련 시스템과 문서의 정확한 입력·관리
• 고객·협력사·유관 부서 문의 대응 및 이슈 조율
• 업무 절차 개선과 운영 리스크 사전 점검
• 주요 이슈 원인 분석 및 후속 조치 관리
• 정기 회의 자료 작성과 진행 현황 공유
• 업무 매뉴얼 정비와 신규 구성원 온보딩 지원","• 정비 실무와 안전수칙 준수 관련 기본 지식 또는 실무 경험을 보유한 분
• 필수 자격·면허: 자동차정비기능사 보유자 또는 입사 전 취득 가능한 분
• 맡은 업무를 정확하게 기록하고 마감까지 책임질 수 있는 분
• 문서작성, 이메일, 스프레드시트 등 기본 업무도구 활용이 가능한 분
• 고객 및 유관 부서와 원활하게 소통하고 요청사항을 정리할 수 있는 분
• 예상하지 못한 상황에서도 우선순위를 판단해 대응할 수 있는 분
• 업무상 취급하는 자료와 고객 정보를 안전하게 관리할 수 있는 분
• 교대·주말·현장 근무가 포함될 수 있는 일정에 대응 가능한 분","• 정비기사 또는 유사 직무 경력 보유자
• 직무 관련 자격·면허 보유자: 자동차정비기능사
• 직무 관련 자격·면허 보유자: 자동차정비산업기사
• ERP, WMS, CRM, POS 등 직무 관련 시스템 사용 경험자
• 수치와 데이터를 활용한 실적 분석 경험자
• 다양한 이해관계자와 협업해 문제를 해결한 경험자
• 신규 프로세스 구축이나 업무 자동화 경험자","• 지원서 및 제출서류의 허위기재 또는 허위 제출
• 채용 과정에서 본인 확인이 불가능한 경우
• 채용검진 결과 업무 수행에 부적합하다고 판단되는 경우
• 해외여행 및 근무에 결격사유가 있는 경우
• 기타 회사 또는 기관의 인사규정상 채용이 불가능한 경우",서류전형 > 인성검사 > 실무면접 > 최종면접
1071,호텔종사자 실무자,44,108,20260823,20260918,1,경력,무기계약직,서울특별시,석사 이상,"대기업 사업부에서 객실과 호텔 서비스 운영을 지원하는 포지션을(를) 맡을 호텔종사자를 모집합니다.

이번 포지션은 체크인, 예약, 객실점검, 고객안내, 부서협업을 중심으로 운영 현장의 품질과 일정, 고객 경험을 함께 관리하는 역할입니다.

정확한 실행력과 협업을 바탕으로 안정적인 운영을 함께 만들어 갈 분을 찾습니다.

유관 부서 및 외부 파트너와 업무 기준을 공유하고, 이슈 발생 시 원인을 정리해 재발 방지 방안을 실행합니다.

초기에는 담당 업무의 프로세스와 시스템을 익히고, 이후에는 담당 영역의 지표 개선과 운영 표준화까지 주도하게 됩니다.","• 체크인, 예약, 객실점검, 고객안내, 부서협업 및 일일 운영 현황 관리
• 업무 일정·실적·품질 지표 점검 및 보고
• 관련 시스템과 문서의 정확한 입력·관리
• 고객·협력사·유관 부서 문의 대응 및 이슈 조율
• 업무 절차 개선과 운영 리스크 사전 점검
• 주요 이슈 원인 분석 및 후속 조치 관리
• 정기 회의 자료 작성과 진행 현황 공유
• 현장 안전·보안·개인정보 보호 기준 준수","• 호텔 서비스와 외국어 응대 역량 관련 기본 지식 또는 실무 경험을 보유한 분
• 필수 자격·면허: 호텔서비스사 보유자 또는 입사 전 취득 가능한 분
• 맡은 업무를 정확하게 기록하고 마감까지 책임질 수 있는 분
• 문서작성, 이메일, 스프레드시트 등 기본 업무도구 활용이 가능한 분
• 고객 및 유관 부서와 원활하게 소통하고 요청사항을 정리할 수 있는 분
• 예상하지 못한 상황에서도 우선순위를 판단해 대응할 수 있는 분
• 업무상 취급하는 자료와 고객 정보를 안전하게 관리할 수 있는 분
• 직무 관련 교육을 꾸준히 이수하며 전문성을 높일 분","• 호텔종사자 또는 유사 직무 경력 보유자
• 직무 관련 자격·면허 보유자: 호텔서비스사
• 직무 관련 자격·면허 보유자: 조주기능사
• ERP, WMS, CRM, POS 등 직무 관련 시스템 사용 경험자
• 수치와 데이터를 활용한 실적 분석 경험자
• 다양한 이해관계자와 협업해 문제를 해결한 경험자
• 외국어 또는 관련 법규·안전 기준을 활용할 수 있는 분","• 지원서 및 제출서류의 허위기재 또는 허위 제출
• 채용 과정에서 본인 확인이 불가능한 경우
• 채용검진 결과 업무 수행에 부적합하다고 판단되는 경우
• 해외여행 및 근무에 결격사유가 있는 경우
• 기타 회사 또는 기관의 인사규정상 채용이 불가능한 경우",서류전형 > 1차면접 > 2차면접 > 채용검진
1072,호텔종사자 운영 매니저,55,108,20260909,20261012,12,신입·경력,기간제,대전광역시,박사 이상,"중견 제조기업에서 객실과 호텔 서비스 운영을 지원하는 포지션을(를) 맡을 호텔종사자를 모집합니다.

이번 포지션은 체크인, 예약, 객실점검, 고객안내, 부서협업을 중심으로 운영 현장의 품질과 일정, 고객 경험을 함께 관리하는 역할입니다.

현장과 유관 부서의 요구를 연결하며 업무 품질을 높이는 역할입니다.

유관 부서 및 외부 파트너와 업무 기준을 공유하고, 이슈 발생 시 원인을 정리해 재발 방지 방안을 실행합니다.

초기에는 담당 업무의 프로세스와 시스템을 익히고, 이후에는 담당 영역의 지표 개선과 운영 표준화까지 주도하게 됩니다.","• 체크인, 예약, 객실점검, 고객안내, 부서협업 및 일일 운영 현황 관리
• 업무 일정·실적·품질 지표 점검 및 보고
• 관련 시스템과 문서의 정확한 입력·관리
• 고객·협력사·유관 부서 문의 대응 및 이슈 조율
• 업무 절차 개선과 운영 리스크 사전 점검
• 주요 이슈 원인 분석 및 후속 조치 관리
• 정기 회의 자료 작성과 진행 현황 공유
• 업무 매뉴얼 정비와 신규 구성원 온보딩 지원","• 호텔 서비스와 외국어 응대 역량 관련 기본 지식 또는 실무 경험을 보유한 분
• 필수 자격·면허: 호텔서비스사 보유자 또는 입사 전 취득 가능한 분
• 맡은 업무를 정확하게 기록하고 마감까지 책임질 수 있는 분
• 문서작성, 이메일, 스프레드시트 등 기본 업무도구 활용이 가능한 분
• 고객 및 유관 부서와 원활하게 소통하고 요청사항을 정리할 수 있는 분
• 예상하지 못한 상황에서도 우선순위를 판단해 대응할 수 있는 분
• 업무상 취급하는 자료와 고객 정보를 안전하게 관리할 수 있는 분
• 직무 관련 교육을 꾸준히 이수하며 전문성을 높일 분","• 호텔종사자 또는 유사 직무 경력 보유자
• 직무 관련 자격·면허 보유자: 호텔서비스사
• 직무 관련 자격·면허 보유자: 조주기능사
• ERP, WMS, CRM, POS 등 직무 관련 시스템 사용 경험자
• 수치와 데이터를 활용한 실적 분석 경험자
• 다양한 이해관계자와 협업해 문제를 해결한 경험자
• 신규 프로세스 구축이나 업무 자동화 경험자","• 지원서 및 제출서류의 허위기재 또는 허위 제출
• 채용 과정에서 본인 확인이 불가능한 경우
• 채용검진 결과 업무 수행에 부적합하다고 판단되는 경우
• 해외여행 및 근무에 결격사유가 있는 경우
• 기타 회사 또는 기관의 인사규정상 채용이 불가능한 경우",서류전형 > 필기전형 > 면접전형 > 최종합격
1073,호텔종사자 전문 인력,147,108,20260926,20261105,3,경력 2년 이상,정규직,세종특별자치시,학력무관,"전문 중소기업에서 객실과 호텔 서비스 운영을 지원하는 포지션을(를) 맡을 호텔종사자를 모집합니다.

이번 포지션은 체크인, 예약, 객실점검, 고객안내, 부서협업을 중심으로 운영 현장의 품질과 일정, 고객 경험을 함께 관리하는 역할입니다.

업무 기준을 준수하면서도 개선점을 주도적으로 제안할 수 있는 분을 기다립니다.

유관 부서 및 외부 파트너와 업무 기준을 공유하고, 이슈 발생 시 원인을 정리해 재발 방지 방안을 실행합니다.

초기에는 담당 업무의 프로세스와 시스템을 익히고, 이후에는 담당 영역의 지표 개선과 운영 표준화까지 주도하게 됩니다.","• 체크인, 예약, 객실점검, 고객안내, 부서협업 및 일일 운영 현황 관리
• 업무 일정·실적·품질 지표 점검 및 보고
• 관련 시스템과 문서의 정확한 입력·관리
• 고객·협력사·유관 부서 문의 대응 및 이슈 조율
• 업무 절차 개선과 운영 리스크 사전 점검
• 주요 이슈 원인 분석 및 후속 조치 관리
• 정기 회의 자료 작성과 진행 현황 공유
• 현장 안전·보안·개인정보 보호 기준 준수","• 호텔 서비스와 외국어 응대 역량 관련 기본 지식 또는 실무 경험을 보유한 분
• 필수 자격·면허: 호텔서비스사 보유자 또는 입사 전 취득 가능한 분
• 맡은 업무를 정확하게 기록하고 마감까지 책임질 수 있는 분
• 문서작성, 이메일, 스프레드시트 등 기본 업무도구 활용이 가능한 분
• 고객 및 유관 부서와 원활하게 소통하고 요청사항을 정리할 수 있는 분
• 예상하지 못한 상황에서도 우선순위를 판단해 대응할 수 있는 분
• 업무상 취급하는 자료와 고객 정보를 안전하게 관리할 수 있는 분
• 교대·주말·현장 근무가 포함될 수 있는 일정에 대응 가능한 분","• 호텔종사자 또는 유사 직무 경력 보유자
• 직무 관련 자격·면허 보유자: 호텔서비스사
• 직무 관련 자격·면허 보유자: 조주기능사
• ERP, WMS, CRM, POS 등 직무 관련 시스템 사용 경험자
• 수치와 데이터를 활용한 실적 분석 경험자
• 다양한 이해관계자와 협업해 문제를 해결한 경험자
• 외국어 또는 관련 법규·안전 기준을 활용할 수 있는 분","• 지원서 및 제출서류의 허위기재 또는 허위 제출
• 채용 과정에서 본인 확인이 불가능한 경우
• 채용검진 결과 업무 수행에 부적합하다고 판단되는 경우
• 해외여행 및 근무에 결격사유가 있는 경우
• 기타 회사 또는 기관의 인사규정상 채용이 불가능한 경우",서류전형 > 실무면접 > 최종면접
1074,호텔종사자 경력 채용,147,108,20261013,20261024,14,경력 3년 이상,계약직,충청북도,전문학사 이상,"성장 단계 스타트업에서 객실과 호텔 서비스 운영을 지원하는 포지션을(를) 맡을 호텔종사자를 모집합니다.

이번 포지션은 체크인, 예약, 객실점검, 고객안내, 부서협업을 중심으로 운영 현장의 품질과 일정, 고객 경험을 함께 관리하는 역할입니다.

고객과 동료에게 신뢰를 주는 태도로 맡은 업무를 끝까지 책임지는 포지션입니다.

유관 부서 및 외부 파트너와 업무 기준을 공유하고, 이슈 발생 시 원인을 정리해 재발 방지 방안을 실행합니다.

초기에는 담당 업무의 프로세스와 시스템을 익히고, 이후에는 담당 영역의 지표 개선과 운영 표준화까지 주도하게 됩니다.","• 체크인, 예약, 객실점검, 고객안내, 부서협업 및 일일 운영 현황 관리
• 업무 일정·실적·품질 지표 점검 및 보고
• 관련 시스템과 문서의 정확한 입력·관리
• 고객·협력사·유관 부서 문의 대응 및 이슈 조율
• 업무 절차 개선과 운영 리스크 사전 점검
• 주요 이슈 원인 분석 및 후속 조치 관리
• 정기 회의 자료 작성과 진행 현황 공유
• 업무 매뉴얼 정비와 신규 구성원 온보딩 지원","• 호텔 서비스와 외국어 응대 역량 관련 기본 지식 또는 실무 경험을 보유한 분
• 필수 자격·면허: 호텔서비스사 보유자 또는 입사 전 취득 가능한 분
• 맡은 업무를 정확하게 기록하고 마감까지 책임질 수 있는 분
• 문서작성, 이메일, 스프레드시트 등 기본 업무도구 활용이 가능한 분
• 고객 및 유관 부서와 원활하게 소통하고 요청사항을 정리할 수 있는 분
• 예상하지 못한 상황에서도 우선순위를 판단해 대응할 수 있는 분
• 업무상 취급하는 자료와 고객 정보를 안전하게 관리할 수 있는 분
• 직무 관련 교육을 꾸준히 이수하며 전문성을 높일 분","• 호텔종사자 또는 유사 직무 경력 보유자
• 직무 관련 자격·면허 보유자: 호텔서비스사
• 직무 관련 자격·면허 보유자: 조주기능사
• ERP, WMS, CRM, POS 등 직무 관련 시스템 사용 경험자
• 수치와 데이터를 활용한 실적 분석 경험자
• 다양한 이해관계자와 협업해 문제를 해결한 경험자
• 신규 프로세스 구축이나 업무 자동화 경험자","• 지원서 및 제출서류의 허위기재 또는 허위 제출
• 채용 과정에서 본인 확인이 불가능한 경우
• 채용검진 결과 업무 수행에 부적합하다고 판단되는 경우
• 해외여행 및 근무에 결격사유가 있는 경우
• 기타 회사 또는 기관의 인사규정상 채용이 불가능한 경우",서류전형 > 인성검사 > 실무면접 > 최종면접
1075,호텔종사자 현장 책임자,64,108,20261030,20261117,5,경력 5년 이상,무기계약직,전라남도,학사 이상,"종합병원 운영조직에서 객실과 호텔 서비스 운영을 지원하는 포지션을(를) 맡을 호텔종사자를 모집합니다.

이번 포지션은 체크인, 예약, 객실점검, 고객안내, 부서협업을 중심으로 운영 현장의 품질과 일정, 고객 경험을 함께 관리하는 역할입니다.

데이터와 현장 감각을 함께 활용해 반복 업무를 효율화하는 역할입니다.

유관 부서 및 외부 파트너와 업무 기준을 공유하고, 이슈 발생 시 원인을 정리해 재발 방지 방안을 실행합니다.

초기에는 담당 업무의 프로세스와 시스템을 익히고, 이후에는 담당 영역의 지표 개선과 운영 표준화까지 주도하게 됩니다.","• 체크인, 예약, 객실점검, 고객안내, 부서협업 및 일일 운영 현황 관리
• 업무 일정·실적·품질 지표 점검 및 보고
• 관련 시스템과 문서의 정확한 입력·관리
• 고객·협력사·유관 부서 문의 대응 및 이슈 조율
• 업무 절차 개선과 운영 리스크 사전 점검
• 주요 이슈 원인 분석 및 후속 조치 관리
• 정기 회의 자료 작성과 진행 현황 공유
• 현장 안전·보안·개인정보 보호 기준 준수","• 호텔 서비스와 외국어 응대 역량 관련 기본 지식 또는 실무 경험을 보유한 분
• 필수 자격·면허: 호텔서비스사 보유자 또는 입사 전 취득 가능한 분
• 맡은 업무를 정확하게 기록하고 마감까지 책임질 수 있는 분
• 문서작성, 이메일, 스프레드시트 등 기본 업무도구 활용이 가능한 분
• 고객 및 유관 부서와 원활하게 소통하고 요청사항을 정리할 수 있는 분
• 예상하지 못한 상황에서도 우선순위를 판단해 대응할 수 있는 분
• 업무상 취급하는 자료와 고객 정보를 안전하게 관리할 수 있는 분
• 직무 관련 교육을 꾸준히 이수하며 전문성을 높일 분","• 호텔종사자 또는 유사 직무 경력 보유자
• 직무 관련 자격·면허 보유자: 호텔서비스사
• 직무 관련 자격·면허 보유자: 조주기능사
• ERP, WMS, CRM, POS 등 직무 관련 시스템 사용 경험자
• 수치와 데이터를 활용한 실적 분석 경험자
• 다양한 이해관계자와 협업해 문제를 해결한 경험자
• 외국어 또는 관련 법규·안전 기준을 활용할 수 있는 분","• 지원서 및 제출서류의 허위기재 또는 허위 제출
• 채용 과정에서 본인 확인이 불가능한 경우
• 채용검진 결과 업무 수행에 부적합하다고 판단되는 경우
• 해외여행 및 근무에 결격사유가 있는 경우
• 기타 회사 또는 기관의 인사규정상 채용이 불가능한 경우",서류전형 > 직무과제 > 실무면접 > 최종합격
1076,호텔종사자 서비스 담당,18,108,20261116,20261211,16,경력 무관,기간제,제주특별자치도,석사 이상,"대학 산학협력단에서 객실과 호텔 서비스 운영을 지원하는 포지션을(를) 맡을 호텔종사자를 모집합니다.

이번 포지션은 체크인, 예약, 객실점검, 고객안내, 부서협업을 중심으로 운영 현장의 품질과 일정, 고객 경험을 함께 관리하는 역할입니다.

정해진 절차를 지키되 상황에 맞게 유연하게 대응하는 실무자를 모집합니다.

유관 부서 및 외부 파트너와 업무 기준을 공유하고, 이슈 발생 시 원인을 정리해 재발 방지 방안을 실행합니다.

초기에는 담당 업무의 프로세스와 시스템을 익히고, 이후에는 담당 영역의 지표 개선과 운영 표준화까지 주도하게 됩니다.","• 체크인, 예약, 객실점검, 고객안내, 부서협업 및 일일 운영 현황 관리
• 업무 일정·실적·품질 지표 점검 및 보고
• 관련 시스템과 문서의 정확한 입력·관리
• 고객·협력사·유관 부서 문의 대응 및 이슈 조율
• 업무 절차 개선과 운영 리스크 사전 점검
• 주요 이슈 원인 분석 및 후속 조치 관리
• 정기 회의 자료 작성과 진행 현황 공유
• 업무 매뉴얼 정비와 신규 구성원 온보딩 지원","• 호텔 서비스와 외국어 응대 역량 관련 기본 지식 또는 실무 경험을 보유한 분
• 필수 자격·면허: 호텔서비스사 보유자 또는 입사 전 취득 가능한 분
• 맡은 업무를 정확하게 기록하고 마감까지 책임질 수 있는 분
• 문서작성, 이메일, 스프레드시트 등 기본 업무도구 활용이 가능한 분
• 고객 및 유관 부서와 원활하게 소통하고 요청사항을 정리할 수 있는 분
• 예상하지 못한 상황에서도 우선순위를 판단해 대응할 수 있는 분
• 업무상 취급하는 자료와 고객 정보를 안전하게 관리할 수 있는 분
• 교대·주말·현장 근무가 포함될 수 있는 일정에 대응 가능한 분","• 호텔종사자 또는 유사 직무 경력 보유자
• 직무 관련 자격·면허 보유자: 호텔서비스사
• 직무 관련 자격·면허 보유자: 조주기능사
• ERP, WMS, CRM, POS 등 직무 관련 시스템 사용 경험자
• 수치와 데이터를 활용한 실적 분석 경험자
• 다양한 이해관계자와 협업해 문제를 해결한 경험자
• 신규 프로세스 구축이나 업무 자동화 경험자","• 지원서 및 제출서류의 허위기재 또는 허위 제출
• 채용 과정에서 본인 확인이 불가능한 경우
• 채용검진 결과 업무 수행에 부적합하다고 판단되는 경우
• 해외여행 및 근무에 결격사유가 있는 경우
• 기타 회사 또는 기관의 인사규정상 채용이 불가능한 경우",서류전형 > 1차면접 > 2차면접 > 채용검진
1077,호텔종사자 담당자,55,108,20261203,20270104,7,신입,정규직,인천광역시,박사 이상,"기업 부설 연구소에서 객실과 호텔 서비스 운영을 지원하는 포지션을(를) 맡을 호텔종사자를 모집합니다.

이번 포지션은 체크인, 예약, 객실점검, 고객안내, 부서협업을 중심으로 운영 현장의 품질과 일정, 고객 경험을 함께 관리하는 역할입니다.

부서 간 원활한 소통으로 일정과 품질을 안정적으로 관리하는 직무입니다.

유관 부서 및 외부 파트너와 업무 기준을 공유하고, 이슈 발생 시 원인을 정리해 재발 방지 방안을 실행합니다.

초기에는 담당 업무의 프로세스와 시스템을 익히고, 이후에는 담당 영역의 지표 개선과 운영 표준화까지 주도하게 됩니다.","• 체크인, 예약, 객실점검, 고객안내, 부서협업 및 일일 운영 현황 관리
• 업무 일정·실적·품질 지표 점검 및 보고
• 관련 시스템과 문서의 정확한 입력·관리
• 고객·협력사·유관 부서 문의 대응 및 이슈 조율
• 업무 절차 개선과 운영 리스크 사전 점검
• 주요 이슈 원인 분석 및 후속 조치 관리
• 정기 회의 자료 작성과 진행 현황 공유
• 현장 안전·보안·개인정보 보호 기준 준수","• 호텔 서비스와 외국어 응대 역량 관련 기본 지식 또는 실무 경험을 보유한 분
• 필수 자격·면허: 호텔서비스사 보유자 또는 입사 전 취득 가능한 분
• 맡은 업무를 정확하게 기록하고 마감까지 책임질 수 있는 분
• 문서작성, 이메일, 스프레드시트 등 기본 업무도구 활용이 가능한 분
• 고객 및 유관 부서와 원활하게 소통하고 요청사항을 정리할 수 있는 분
• 예상하지 못한 상황에서도 우선순위를 판단해 대응할 수 있는 분
• 업무상 취급하는 자료와 고객 정보를 안전하게 관리할 수 있는 분
• 직무 관련 교육을 꾸준히 이수하며 전문성을 높일 분","• 호텔종사자 또는 유사 직무 경력 보유자
• 직무 관련 자격·면허 보유자: 호텔서비스사
• 직무 관련 자격·면허 보유자: 조주기능사
• ERP, WMS, CRM, POS 등 직무 관련 시스템 사용 경험자
• 수치와 데이터를 활용한 실적 분석 경험자
• 다양한 이해관계자와 협업해 문제를 해결한 경험자
• 외국어 또는 관련 법규·안전 기준을 활용할 수 있는 분","• 지원서 및 제출서류의 허위기재 또는 허위 제출
• 채용 과정에서 본인 확인이 불가능한 경우
• 채용검진 결과 업무 수행에 부적합하다고 판단되는 경우
• 해외여행 및 근무에 결격사유가 있는 경우
• 기타 회사 또는 기관의 인사규정상 채용이 불가능한 경우",서류전형 > 필기전형 > 면접전형 > 최종합격
1078,호텔종사자 실무자,53,108,20260109,20260217,18,경력,계약직,울산광역시,학력무관,"전문 협회에서 객실과 호텔 서비스 운영을 지원하는 포지션을(를) 맡을 호텔종사자를 모집합니다.

이번 포지션은 체크인, 예약, 객실점검, 고객안내, 부서협업을 중심으로 운영 현장의 품질과 일정, 고객 경험을 함께 관리하는 역할입니다.

서비스 품질과 안전을 우선하며 꾸준히 전문성을 쌓을 수 있는 포지션입니다.

유관 부서 및 외부 파트너와 업무 기준을 공유하고, 이슈 발생 시 원인을 정리해 재발 방지 방안을 실행합니다.

초기에는 담당 업무의 프로세스와 시스템을 익히고, 이후에는 담당 영역의 지표 개선과 운영 표준화까지 주도하게 됩니다.","• 체크인, 예약, 객실점검, 고객안내, 부서협업 및 일일 운영 현황 관리
• 업무 일정·실적·품질 지표 점검 및 보고
• 관련 시스템과 문서의 정확한 입력·관리
• 고객·협력사·유관 부서 문의 대응 및 이슈 조율
• 업무 절차 개선과 운영 리스크 사전 점검
• 주요 이슈 원인 분석 및 후속 조치 관리
• 정기 회의 자료 작성과 진행 현황 공유
• 업무 매뉴얼 정비와 신규 구성원 온보딩 지원","• 호텔 서비스와 외국어 응대 역량 관련 기본 지식 또는 실무 경험을 보유한 분
• 필수 자격·면허: 호텔서비스사 보유자 또는 입사 전 취득 가능한 분
• 맡은 업무를 정확하게 기록하고 마감까지 책임질 수 있는 분
• 문서작성, 이메일, 스프레드시트 등 기본 업무도구 활용이 가능한 분
• 고객 및 유관 부서와 원활하게 소통하고 요청사항을 정리할 수 있는 분
• 예상하지 못한 상황에서도 우선순위를 판단해 대응할 수 있는 분
• 업무상 취급하는 자료와 고객 정보를 안전하게 관리할 수 있는 분
• 직무 관련 교육을 꾸준히 이수하며 전문성을 높일 분","• 호텔종사자 또는 유사 직무 경력 보유자
• 직무 관련 자격·면허 보유자: 호텔서비스사
• 직무 관련 자격·면허 보유자: 조주기능사
• ERP, WMS, CRM, POS 등 직무 관련 시스템 사용 경험자
• 수치와 데이터를 활용한 실적 분석 경험자
• 다양한 이해관계자와 협업해 문제를 해결한 경험자
• 신규 프로세스 구축이나 업무 자동화 경험자","• 지원서 및 제출서류의 허위기재 또는 허위 제출
• 채용 과정에서 본인 확인이 불가능한 경우
• 채용검진 결과 업무 수행에 부적합하다고 판단되는 경우
• 해외여행 및 근무에 결격사유가 있는 경우
• 기타 회사 또는 기관의 인사규정상 채용이 불가능한 경우",서류전형 > 실무면접 > 최종면접
1079,호텔종사자 운영 매니저,120,108,20260126,20260205,9,신입·경력,무기계약직,강원특별자치도,전문학사 이상,"공공서비스 운영기관에서 객실과 호텔 서비스 운영을 지원하는 포지션을(를) 맡을 호텔종사자를 모집합니다.

이번 포지션은 체크인, 예약, 객실점검, 고객안내, 부서협업을 중심으로 운영 현장의 품질과 일정, 고객 경험을 함께 관리하는 역할입니다.

기본기를 바탕으로 새로운 업무를 빠르게 익히고 실행할 분을 모십니다.

유관 부서 및 외부 파트너와 업무 기준을 공유하고, 이슈 발생 시 원인을 정리해 재발 방지 방안을 실행합니다.

초기에는 담당 업무의 프로세스와 시스템을 익히고, 이후에는 담당 영역의 지표 개선과 운영 표준화까지 주도하게 됩니다.","• 체크인, 예약, 객실점검, 고객안내, 부서협업 및 일일 운영 현황 관리
• 업무 일정·실적·품질 지표 점검 및 보고
• 관련 시스템과 문서의 정확한 입력·관리
• 고객·협력사·유관 부서 문의 대응 및 이슈 조율
• 업무 절차 개선과 운영 리스크 사전 점검
• 주요 이슈 원인 분석 및 후속 조치 관리
• 정기 회의 자료 작성과 진행 현황 공유
• 현장 안전·보안·개인정보 보호 기준 준수","• 호텔 서비스와 외국어 응대 역량 관련 기본 지식 또는 실무 경험을 보유한 분
• 필수 자격·면허: 호텔서비스사 보유자 또는 입사 전 취득 가능한 분
• 맡은 업무를 정확하게 기록하고 마감까지 책임질 수 있는 분
• 문서작성, 이메일, 스프레드시트 등 기본 업무도구 활용이 가능한 분
• 고객 및 유관 부서와 원활하게 소통하고 요청사항을 정리할 수 있는 분
• 예상하지 못한 상황에서도 우선순위를 판단해 대응할 수 있는 분
• 업무상 취급하는 자료와 고객 정보를 안전하게 관리할 수 있는 분
• 교대·주말·현장 근무가 포함될 수 있는 일정에 대응 가능한 분","• 호텔종사자 또는 유사 직무 경력 보유자
• 직무 관련 자격·면허 보유자: 호텔서비스사
• 직무 관련 자격·면허 보유자: 조주기능사
• ERP, WMS, CRM, POS 등 직무 관련 시스템 사용 경험자
• 수치와 데이터를 활용한 실적 분석 경험자
• 다양한 이해관계자와 협업해 문제를 해결한 경험자
• 외국어 또는 관련 법규·안전 기준을 활용할 수 있는 분","• 지원서 및 제출서류의 허위기재 또는 허위 제출
• 채용 과정에서 본인 확인이 불가능한 경우
• 채용검진 결과 업무 수행에 부적합하다고 판단되는 경우
• 해외여행 및 근무에 결격사유가 있는 경우
• 기타 회사 또는 기관의 인사규정상 채용이 불가능한 경우",서류전형 > 인성검사 > 실무면접 > 최종면접
1080,호텔종사자 전문 인력,69,108,20260212,20260301,20,경력 2년 이상,기간제,전라북도,학사 이상,"대기업 사업부에서 객실과 호텔 서비스 운영을 지원하는 포지션을(를) 맡을 호텔종사자를 모집합니다.

이번 포지션은 체크인, 예약, 객실점검, 고객안내, 부서협업을 중심으로 운영 현장의 품질과 일정, 고객 경험을 함께 관리하는 역할입니다.

성과와 고객 만족을 함께 고려하며 실질적인 변화를 만드는 역할입니다.

유관 부서 및 외부 파트너와 업무 기준을 공유하고, 이슈 발생 시 원인을 정리해 재발 방지 방안을 실행합니다.

초기에는 담당 업무의 프로세스와 시스템을 익히고, 이후에는 담당 영역의 지표 개선과 운영 표준화까지 주도하게 됩니다.","• 체크인, 예약, 객실점검, 고객안내, 부서협업 및 일일 운영 현황 관리
• 업무 일정·실적·품질 지표 점검 및 보고
• 관련 시스템과 문서의 정확한 입력·관리
• 고객·협력사·유관 부서 문의 대응 및 이슈 조율
• 업무 절차 개선과 운영 리스크 사전 점검
• 주요 이슈 원인 분석 및 후속 조치 관리
• 정기 회의 자료 작성과 진행 현황 공유
• 업무 매뉴얼 정비와 신규 구성원 온보딩 지원","• 호텔 서비스와 외국어 응대 역량 관련 기본 지식 또는 실무 경험을 보유한 분
• 필수 자격·면허: 호텔서비스사 보유자 또는 입사 전 취득 가능한 분
• 맡은 업무를 정확하게 기록하고 마감까지 책임질 수 있는 분
• 문서작성, 이메일, 스프레드시트 등 기본 업무도구 활용이 가능한 분
• 고객 및 유관 부서와 원활하게 소통하고 요청사항을 정리할 수 있는 분
• 예상하지 못한 상황에서도 우선순위를 판단해 대응할 수 있는 분
• 업무상 취급하는 자료와 고객 정보를 안전하게 관리할 수 있는 분
• 직무 관련 교육을 꾸준히 이수하며 전문성을 높일 분","• 호텔종사자 또는 유사 직무 경력 보유자
• 직무 관련 자격·면허 보유자: 호텔서비스사
• 직무 관련 자격·면허 보유자: 조주기능사
• ERP, WMS, CRM, POS 등 직무 관련 시스템 사용 경험자
• 수치와 데이터를 활용한 실적 분석 경험자
• 다양한 이해관계자와 협업해 문제를 해결한 경험자
• 신규 프로세스 구축이나 업무 자동화 경험자","• 지원서 및 제출서류의 허위기재 또는 허위 제출
• 채용 과정에서 본인 확인이 불가능한 경우
• 채용검진 결과 업무 수행에 부적합하다고 판단되는 경우
• 해외여행 및 근무에 결격사유가 있는 경우
• 기타 회사 또는 기관의 인사규정상 채용이 불가능한 경우",서류전형 > 직무과제 > 실무면접 > 최종합격
1081,여행에이전트 현장 책임자,158,109,20260301,20260325,11,경력 5년 이상,정규직,제주특별자치도,박사 이상,"중견 제조기업에서 고객 맞춤형 여행상품을 상담·운영하는 포지션을(를) 맡을 여행에이전트를 모집합니다.

이번 포지션은 여행상담, 일정설계, 예약, 항공·숙박, 사후관리을 중심으로 운영 현장의 품질과 일정, 고객 경험을 함께 관리하는 역할입니다.

정확한 실행력과 협업을 바탕으로 안정적인 운영을 함께 만들어 갈 분을 찾습니다.

유관 부서 및 외부 파트너와 업무 기준을 공유하고, 이슈 발생 시 원인을 정리해 재발 방지 방안을 실행합니다.

초기에는 담당 업무의 프로세스와 시스템을 익히고, 이후에는 담당 영역의 지표 개선과 운영 표준화까지 주도하게 됩니다.","• 여행상담, 일정설계, 예약, 항공·숙박, 사후관리 및 일일 운영 현황 관리
• 업무 일정·실적·품질 지표 점검 및 보고
• 관련 시스템과 문서의 정확한 입력·관리
• 고객·협력사·유관 부서 문의 대응 및 이슈 조율
• 업무 절차 개선과 운영 리스크 사전 점검
• 주요 이슈 원인 분석 및 후속 조치 관리
• 정기 회의 자료 작성과 진행 현황 공유
• 현장 안전·보안·개인정보 보호 기준 준수","• 여행상품 이해와 상담 능력 관련 기본 지식 또는 실무 경험을 보유한 분
• 필수 자격·면허: 국내여행안내사 보유자 또는 입사 전 취득 가능한 분
• 맡은 업무를 정확하게 기록하고 마감까지 책임질 수 있는 분
• 문서작성, 이메일, 스프레드시트 등 기본 업무도구 활용이 가능한 분
• 고객 및 유관 부서와 원활하게 소통하고 요청사항을 정리할 수 있는 분
• 예상하지 못한 상황에서도 우선순위를 판단해 대응할 수 있는 분
• 업무상 취급하는 자료와 고객 정보를 안전하게 관리할 수 있는 분
• 직무 관련 교육을 꾸준히 이수하며 전문성을 높일 분","• 여행에이전트 또는 유사 직무 경력 보유자
• 직무 관련 자격·면허 보유자: 국내여행안내사
• 직무 관련 자격·면허 보유자: 관광통역안내사
• ERP, WMS, CRM, POS 등 직무 관련 시스템 사용 경험자
• 수치와 데이터를 활용한 실적 분석 경험자
• 다양한 이해관계자와 협업해 문제를 해결한 경험자
• 외국어 또는 관련 법규·안전 기준을 활용할 수 있는 분","• 지원서 및 제출서류의 허위기재 또는 허위 제출
• 채용 과정에서 본인 확인이 불가능한 경우
• 채용검진 결과 업무 수행에 부적합하다고 판단되는 경우
• 해외여행 및 근무에 결격사유가 있는 경우
• 기타 회사 또는 기관의 인사규정상 채용이 불가능한 경우",서류전형 > 필기전형 > 면접전형 > 최종합격
1082,여행에이전트 서비스 담당,143,109,20260318,20260418,2,경력 무관,계약직,인천광역시,학력무관,"전문 중소기업에서 고객 맞춤형 여행상품을 상담·운영하는 포지션을(를) 맡을 여행에이전트를 모집합니다.

이번 포지션은 여행상담, 일정설계, 예약, 항공·숙박, 사후관리을 중심으로 운영 현장의 품질과 일정, 고객 경험을 함께 관리하는 역할입니다.

현장과 유관 부서의 요구를 연결하며 업무 품질을 높이는 역할입니다.

유관 부서 및 외부 파트너와 업무 기준을 공유하고, 이슈 발생 시 원인을 정리해 재발 방지 방안을 실행합니다.

초기에는 담당 업무의 프로세스와 시스템을 익히고, 이후에는 담당 영역의 지표 개선과 운영 표준화까지 주도하게 됩니다.","• 여행상담, 일정설계, 예약, 항공·숙박, 사후관리 및 일일 운영 현황 관리
• 업무 일정·실적·품질 지표 점검 및 보고
• 관련 시스템과 문서의 정확한 입력·관리
• 고객·협력사·유관 부서 문의 대응 및 이슈 조율
• 업무 절차 개선과 운영 리스크 사전 점검
• 주요 이슈 원인 분석 및 후속 조치 관리
• 정기 회의 자료 작성과 진행 현황 공유
• 업무 매뉴얼 정비와 신규 구성원 온보딩 지원","• 여행상품 이해와 상담 능력 관련 기본 지식 또는 실무 경험을 보유한 분
• 필수 자격·면허: 국내여행안내사 보유자 또는 입사 전 취득 가능한 분
• 맡은 업무를 정확하게 기록하고 마감까지 책임질 수 있는 분
• 문서작성, 이메일, 스프레드시트 등 기본 업무도구 활용이 가능한 분
• 고객 및 유관 부서와 원활하게 소통하고 요청사항을 정리할 수 있는 분
• 예상하지 못한 상황에서도 우선순위를 판단해 대응할 수 있는 분
• 업무상 취급하는 자료와 고객 정보를 안전하게 관리할 수 있는 분
• 교대·주말·현장 근무가 포함될 수 있는 일정에 대응 가능한 분","• 여행에이전트 또는 유사 직무 경력 보유자
• 직무 관련 자격·면허 보유자: 국내여행안내사
• 직무 관련 자격·면허 보유자: 관광통역안내사
• ERP, WMS, CRM, POS 등 직무 관련 시스템 사용 경험자
• 수치와 데이터를 활용한 실적 분석 경험자
• 다양한 이해관계자와 협업해 문제를 해결한 경험자
• 신규 프로세스 구축이나 업무 자동화 경험자","• 지원서 및 제출서류의 허위기재 또는 허위 제출
• 채용 과정에서 본인 확인이 불가능한 경우
• 채용검진 결과 업무 수행에 부적합하다고 판단되는 경우
• 해외여행 및 근무에 결격사유가 있는 경우
• 기타 회사 또는 기관의 인사규정상 채용이 불가능한 경우",서류전형 > 실무면접 > 최종면접
1083,여행에이전트 담당자,83,109,20260404,20260512,13,신입,무기계약직,울산광역시,전문학사 이상,"성장 단계 스타트업에서 고객 맞춤형 여행상품을 상담·운영하는 포지션을(를) 맡을 여행에이전트를 모집합니다.

이번 포지션은 여행상담, 일정설계, 예약, 항공·숙박, 사후관리을 중심으로 운영 현장의 품질과 일정, 고객 경험을 함께 관리하는 역할입니다.

업무 기준을 준수하면서도 개선점을 주도적으로 제안할 수 있는 분을 기다립니다.

유관 부서 및 외부 파트너와 업무 기준을 공유하고, 이슈 발생 시 원인을 정리해 재발 방지 방안을 실행합니다.

초기에는 담당 업무의 프로세스와 시스템을 익히고, 이후에는 담당 영역의 지표 개선과 운영 표준화까지 주도하게 됩니다.","• 여행상담, 일정설계, 예약, 항공·숙박, 사후관리 및 일일 운영 현황 관리
• 업무 일정·실적·품질 지표 점검 및 보고
• 관련 시스템과 문서의 정확한 입력·관리
• 고객·협력사·유관 부서 문의 대응 및 이슈 조율
• 업무 절차 개선과 운영 리스크 사전 점검
• 주요 이슈 원인 분석 및 후속 조치 관리
• 정기 회의 자료 작성과 진행 현황 공유
• 현장 안전·보안·개인정보 보호 기준 준수","• 여행상품 이해와 상담 능력 관련 기본 지식 또는 실무 경험을 보유한 분
• 필수 자격·면허: 국내여행안내사 보유자 또는 입사 전 취득 가능한 분
• 맡은 업무를 정확하게 기록하고 마감까지 책임질 수 있는 분
• 문서작성, 이메일, 스프레드시트 등 기본 업무도구 활용이 가능한 분
• 고객 및 유관 부서와 원활하게 소통하고 요청사항을 정리할 수 있는 분
• 예상하지 못한 상황에서도 우선순위를 판단해 대응할 수 있는 분
• 업무상 취급하는 자료와 고객 정보를 안전하게 관리할 수 있는 분
• 직무 관련 교육을 꾸준히 이수하며 전문성을 높일 분","• 여행에이전트 또는 유사 직무 경력 보유자
• 직무 관련 자격·면허 보유자: 국내여행안내사
• 직무 관련 자격·면허 보유자: 관광통역안내사
• ERP, WMS, CRM, POS 등 직무 관련 시스템 사용 경험자
• 수치와 데이터를 활용한 실적 분석 경험자
• 다양한 이해관계자와 협업해 문제를 해결한 경험자
• 외국어 또는 관련 법규·안전 기준을 활용할 수 있는 분","• 지원서 및 제출서류의 허위기재 또는 허위 제출
• 채용 과정에서 본인 확인이 불가능한 경우
• 채용검진 결과 업무 수행에 부적합하다고 판단되는 경우
• 해외여행 및 근무에 결격사유가 있는 경우
• 기타 회사 또는 기관의 인사규정상 채용이 불가능한 경우",서류전형 > 인성검사 > 실무면접 > 최종면접
1084,여행에이전트 실무자,93,109,20260421,20260605,4,경력,기간제,강원특별자치도,학사 이상,"종합병원 운영조직에서 고객 맞춤형 여행상품을 상담·운영하는 포지션을(를) 맡을 여행에이전트를 모집합니다.

이번 포지션은 여행상담, 일정설계, 예약, 항공·숙박, 사후관리을 중심으로 운영 현장의 품질과 일정, 고객 경험을 함께 관리하는 역할입니다.

고객과 동료에게 신뢰를 주는 태도로 맡은 업무를 끝까지 책임지는 포지션입니다.

유관 부서 및 외부 파트너와 업무 기준을 공유하고, 이슈 발생 시 원인을 정리해 재발 방지 방안을 실행합니다.

초기에는 담당 업무의 프로세스와 시스템을 익히고, 이후에는 담당 영역의 지표 개선과 운영 표준화까지 주도하게 됩니다.","• 여행상담, 일정설계, 예약, 항공·숙박, 사후관리 및 일일 운영 현황 관리
• 업무 일정·실적·품질 지표 점검 및 보고
• 관련 시스템과 문서의 정확한 입력·관리
• 고객·협력사·유관 부서 문의 대응 및 이슈 조율
• 업무 절차 개선과 운영 리스크 사전 점검
• 주요 이슈 원인 분석 및 후속 조치 관리
• 정기 회의 자료 작성과 진행 현황 공유
• 업무 매뉴얼 정비와 신규 구성원 온보딩 지원","• 여행상품 이해와 상담 능력 관련 기본 지식 또는 실무 경험을 보유한 분
• 필수 자격·면허: 국내여행안내사 보유자 또는 입사 전 취득 가능한 분
• 맡은 업무를 정확하게 기록하고 마감까지 책임질 수 있는 분
• 문서작성, 이메일, 스프레드시트 등 기본 업무도구 활용이 가능한 분
• 고객 및 유관 부서와 원활하게 소통하고 요청사항을 정리할 수 있는 분
• 예상하지 못한 상황에서도 우선순위를 판단해 대응할 수 있는 분
• 업무상 취급하는 자료와 고객 정보를 안전하게 관리할 수 있는 분
• 직무 관련 교육을 꾸준히 이수하며 전문성을 높일 분","• 여행에이전트 또는 유사 직무 경력 보유자
• 직무 관련 자격·면허 보유자: 국내여행안내사
• 직무 관련 자격·면허 보유자: 관광통역안내사
• ERP, WMS, CRM, POS 등 직무 관련 시스템 사용 경험자
• 수치와 데이터를 활용한 실적 분석 경험자
• 다양한 이해관계자와 협업해 문제를 해결한 경험자
• 신규 프로세스 구축이나 업무 자동화 경험자","• 지원서 및 제출서류의 허위기재 또는 허위 제출
• 채용 과정에서 본인 확인이 불가능한 경우
• 채용검진 결과 업무 수행에 부적합하다고 판단되는 경우
• 해외여행 및 근무에 결격사유가 있는 경우
• 기타 회사 또는 기관의 인사규정상 채용이 불가능한 경우",서류전형 > 직무과제 > 실무면접 > 최종합격
1085,여행에이전트 운영 매니저,49,109,20260508,20260524,15,신입·경력,정규직,전라북도,석사 이상,"대학 산학협력단에서 고객 맞춤형 여행상품을 상담·운영하는 포지션을(를) 맡을 여행에이전트를 모집합니다.

이번 포지션은 여행상담, 일정설계, 예약, 항공·숙박, 사후관리을 중심으로 운영 현장의 품질과 일정, 고객 경험을 함께 관리하는 역할입니다.

데이터와 현장 감각을 함께 활용해 반복 업무를 효율화하는 역할입니다.

유관 부서 및 외부 파트너와 업무 기준을 공유하고, 이슈 발생 시 원인을 정리해 재발 방지 방안을 실행합니다.

초기에는 담당 업무의 프로세스와 시스템을 익히고, 이후에는 담당 영역의 지표 개선과 운영 표준화까지 주도하게 됩니다.","• 여행상담, 일정설계, 예약, 항공·숙박, 사후관리 및 일일 운영 현황 관리
• 업무 일정·실적·품질 지표 점검 및 보고
• 관련 시스템과 문서의 정확한 입력·관리
• 고객·협력사·유관 부서 문의 대응 및 이슈 조율
• 업무 절차 개선과 운영 리스크 사전 점검
• 주요 이슈 원인 분석 및 후속 조치 관리
• 정기 회의 자료 작성과 진행 현황 공유
• 현장 안전·보안·개인정보 보호 기준 준수","• 여행상품 이해와 상담 능력 관련 기본 지식 또는 실무 경험을 보유한 분
• 필수 자격·면허: 국내여행안내사 보유자 또는 입사 전 취득 가능한 분
• 맡은 업무를 정확하게 기록하고 마감까지 책임질 수 있는 분
• 문서작성, 이메일, 스프레드시트 등 기본 업무도구 활용이 가능한 분
• 고객 및 유관 부서와 원활하게 소통하고 요청사항을 정리할 수 있는 분
• 예상하지 못한 상황에서도 우선순위를 판단해 대응할 수 있는 분
• 업무상 취급하는 자료와 고객 정보를 안전하게 관리할 수 있는 분
• 교대·주말·현장 근무가 포함될 수 있는 일정에 대응 가능한 분","• 여행에이전트 또는 유사 직무 경력 보유자
• 직무 관련 자격·면허 보유자: 국내여행안내사
• 직무 관련 자격·면허 보유자: 관광통역안내사
• ERP, WMS, CRM, POS 등 직무 관련 시스템 사용 경험자
• 수치와 데이터를 활용한 실적 분석 경험자
• 다양한 이해관계자와 협업해 문제를 해결한 경험자
• 외국어 또는 관련 법규·안전 기준을 활용할 수 있는 분","• 지원서 및 제출서류의 허위기재 또는 허위 제출
• 채용 과정에서 본인 확인이 불가능한 경우
• 채용검진 결과 업무 수행에 부적합하다고 판단되는 경우
• 해외여행 및 근무에 결격사유가 있는 경우
• 기타 회사 또는 기관의 인사규정상 채용이 불가능한 경우",서류전형 > 1차면접 > 2차면접 > 채용검진
1086,여행에이전트 전문 인력,97,109,20260525,20260617,6,경력 2년 이상,계약직,경상남도,박사 이상,"기업 부설 연구소에서 고객 맞춤형 여행상품을 상담·운영하는 포지션을(를) 맡을 여행에이전트를 모집합니다.

이번 포지션은 여행상담, 일정설계, 예약, 항공·숙박, 사후관리을 중심으로 운영 현장의 품질과 일정, 고객 경험을 함께 관리하는 역할입니다.

정해진 절차를 지키되 상황에 맞게 유연하게 대응하는 실무자를 모집합니다.

유관 부서 및 외부 파트너와 업무 기준을 공유하고, 이슈 발생 시 원인을 정리해 재발 방지 방안을 실행합니다.

초기에는 담당 업무의 프로세스와 시스템을 익히고, 이후에는 담당 영역의 지표 개선과 운영 표준화까지 주도하게 됩니다.","• 여행상담, 일정설계, 예약, 항공·숙박, 사후관리 및 일일 운영 현황 관리
• 업무 일정·실적·품질 지표 점검 및 보고
• 관련 시스템과 문서의 정확한 입력·관리
• 고객·협력사·유관 부서 문의 대응 및 이슈 조율
• 업무 절차 개선과 운영 리스크 사전 점검
• 주요 이슈 원인 분석 및 후속 조치 관리
• 정기 회의 자료 작성과 진행 현황 공유
• 업무 매뉴얼 정비와 신규 구성원 온보딩 지원","• 여행상품 이해와 상담 능력 관련 기본 지식 또는 실무 경험을 보유한 분
• 필수 자격·면허: 국내여행안내사 보유자 또는 입사 전 취득 가능한 분
• 맡은 업무를 정확하게 기록하고 마감까지 책임질 수 있는 분
• 문서작성, 이메일, 스프레드시트 등 기본 업무도구 활용이 가능한 분
• 고객 및 유관 부서와 원활하게 소통하고 요청사항을 정리할 수 있는 분
• 예상하지 못한 상황에서도 우선순위를 판단해 대응할 수 있는 분
• 업무상 취급하는 자료와 고객 정보를 안전하게 관리할 수 있는 분
• 직무 관련 교육을 꾸준히 이수하며 전문성을 높일 분","• 여행에이전트 또는 유사 직무 경력 보유자
• 직무 관련 자격·면허 보유자: 국내여행안내사
• 직무 관련 자격·면허 보유자: 관광통역안내사
• ERP, WMS, CRM, POS 등 직무 관련 시스템 사용 경험자
• 수치와 데이터를 활용한 실적 분석 경험자
• 다양한 이해관계자와 협업해 문제를 해결한 경험자
• 신규 프로세스 구축이나 업무 자동화 경험자","• 지원서 및 제출서류의 허위기재 또는 허위 제출
• 채용 과정에서 본인 확인이 불가능한 경우
• 채용검진 결과 업무 수행에 부적합하다고 판단되는 경우
• 해외여행 및 근무에 결격사유가 있는 경우
• 기타 회사 또는 기관의 인사규정상 채용이 불가능한 경우",서류전형 > 필기전형 > 면접전형 > 최종합격
1087,여행에이전트 경력 채용,151,109,20260611,20260711,17,경력 3년 이상,무기계약직,부산광역시,학력무관,"전문 협회에서 고객 맞춤형 여행상품을 상담·운영하는 포지션을(를) 맡을 여행에이전트를 모집합니다.

이번 포지션은 여행상담, 일정설계, 예약, 항공·숙박, 사후관리을 중심으로 운영 현장의 품질과 일정, 고객 경험을 함께 관리하는 역할입니다.

부서 간 원활한 소통으로 일정과 품질을 안정적으로 관리하는 직무입니다.

유관 부서 및 외부 파트너와 업무 기준을 공유하고, 이슈 발생 시 원인을 정리해 재발 방지 방안을 실행합니다.

초기에는 담당 업무의 프로세스와 시스템을 익히고, 이후에는 담당 영역의 지표 개선과 운영 표준화까지 주도하게 됩니다.","• 여행상담, 일정설계, 예약, 항공·숙박, 사후관리 및 일일 운영 현황 관리
• 업무 일정·실적·품질 지표 점검 및 보고
• 관련 시스템과 문서의 정확한 입력·관리
• 고객·협력사·유관 부서 문의 대응 및 이슈 조율
• 업무 절차 개선과 운영 리스크 사전 점검
• 주요 이슈 원인 분석 및 후속 조치 관리
• 정기 회의 자료 작성과 진행 현황 공유
• 현장 안전·보안·개인정보 보호 기준 준수","• 여행상품 이해와 상담 능력 관련 기본 지식 또는 실무 경험을 보유한 분
• 필수 자격·면허: 국내여행안내사 보유자 또는 입사 전 취득 가능한 분
• 맡은 업무를 정확하게 기록하고 마감까지 책임질 수 있는 분
• 문서작성, 이메일, 스프레드시트 등 기본 업무도구 활용이 가능한 분
• 고객 및 유관 부서와 원활하게 소통하고 요청사항을 정리할 수 있는 분
• 예상하지 못한 상황에서도 우선순위를 판단해 대응할 수 있는 분
• 업무상 취급하는 자료와 고객 정보를 안전하게 관리할 수 있는 분
• 직무 관련 교육을 꾸준히 이수하며 전문성을 높일 분","• 여행에이전트 또는 유사 직무 경력 보유자
• 직무 관련 자격·면허 보유자: 국내여행안내사
• 직무 관련 자격·면허 보유자: 관광통역안내사
• ERP, WMS, CRM, POS 등 직무 관련 시스템 사용 경험자
• 수치와 데이터를 활용한 실적 분석 경험자
• 다양한 이해관계자와 협업해 문제를 해결한 경험자
• 외국어 또는 관련 법규·안전 기준을 활용할 수 있는 분","• 지원서 및 제출서류의 허위기재 또는 허위 제출
• 채용 과정에서 본인 확인이 불가능한 경우
• 채용검진 결과 업무 수행에 부적합하다고 판단되는 경우
• 해외여행 및 근무에 결격사유가 있는 경우
• 기타 회사 또는 기관의 인사규정상 채용이 불가능한 경우",서류전형 > 실무면접 > 최종면접
1088,여행에이전트 현장 책임자,159,109,20260628,20260804,8,경력 5년 이상,기간제,광주광역시,전문학사 이상,"공공서비스 운영기관에서 고객 맞춤형 여행상품을 상담·운영하는 포지션을(를) 맡을 여행에이전트를 모집합니다.

이번 포지션은 여행상담, 일정설계, 예약, 항공·숙박, 사후관리을 중심으로 운영 현장의 품질과 일정, 고객 경험을 함께 관리하는 역할입니다.

서비스 품질과 안전을 우선하며 꾸준히 전문성을 쌓을 수 있는 포지션입니다.

유관 부서 및 외부 파트너와 업무 기준을 공유하고, 이슈 발생 시 원인을 정리해 재발 방지 방안을 실행합니다.

초기에는 담당 업무의 프로세스와 시스템을 익히고, 이후에는 담당 영역의 지표 개선과 운영 표준화까지 주도하게 됩니다.","• 여행상담, 일정설계, 예약, 항공·숙박, 사후관리 및 일일 운영 현황 관리
• 업무 일정·실적·품질 지표 점검 및 보고
• 관련 시스템과 문서의 정확한 입력·관리
• 고객·협력사·유관 부서 문의 대응 및 이슈 조율
• 업무 절차 개선과 운영 리스크 사전 점검
• 주요 이슈 원인 분석 및 후속 조치 관리
• 정기 회의 자료 작성과 진행 현황 공유
• 업무 매뉴얼 정비와 신규 구성원 온보딩 지원","• 여행상품 이해와 상담 능력 관련 기본 지식 또는 실무 경험을 보유한 분
• 필수 자격·면허: 국내여행안내사 보유자 또는 입사 전 취득 가능한 분
• 맡은 업무를 정확하게 기록하고 마감까지 책임질 수 있는 분
• 문서작성, 이메일, 스프레드시트 등 기본 업무도구 활용이 가능한 분
• 고객 및 유관 부서와 원활하게 소통하고 요청사항을 정리할 수 있는 분
• 예상하지 못한 상황에서도 우선순위를 판단해 대응할 수 있는 분
• 업무상 취급하는 자료와 고객 정보를 안전하게 관리할 수 있는 분
• 교대·주말·현장 근무가 포함될 수 있는 일정에 대응 가능한 분","• 여행에이전트 또는 유사 직무 경력 보유자
• 직무 관련 자격·면허 보유자: 국내여행안내사
• 직무 관련 자격·면허 보유자: 관광통역안내사
• ERP, WMS, CRM, POS 등 직무 관련 시스템 사용 경험자
• 수치와 데이터를 활용한 실적 분석 경험자
• 다양한 이해관계자와 협업해 문제를 해결한 경험자
• 신규 프로세스 구축이나 업무 자동화 경험자","• 지원서 및 제출서류의 허위기재 또는 허위 제출
• 채용 과정에서 본인 확인이 불가능한 경우
• 채용검진 결과 업무 수행에 부적합하다고 판단되는 경우
• 해외여행 및 근무에 결격사유가 있는 경우
• 기타 회사 또는 기관의 인사규정상 채용이 불가능한 경우",서류전형 > 인성검사 > 실무면접 > 최종면접
1089,여행에이전트 서비스 담당,11,109,20260715,20260828,19,경력 무관,정규직,경기도,학사 이상,"대기업 사업부에서 고객 맞춤형 여행상품을 상담·운영하는 포지션을(를) 맡을 여행에이전트를 모집합니다.

이번 포지션은 여행상담, 일정설계, 예약, 항공·숙박, 사후관리을 중심으로 운영 현장의 품질과 일정, 고객 경험을 함께 관리하는 역할입니다.

기본기를 바탕으로 새로운 업무를 빠르게 익히고 실행할 분을 모십니다.

유관 부서 및 외부 파트너와 업무 기준을 공유하고, 이슈 발생 시 원인을 정리해 재발 방지 방안을 실행합니다.

초기에는 담당 업무의 프로세스와 시스템을 익히고, 이후에는 담당 영역의 지표 개선과 운영 표준화까지 주도하게 됩니다.","• 여행상담, 일정설계, 예약, 항공·숙박, 사후관리 및 일일 운영 현황 관리
• 업무 일정·실적·품질 지표 점검 및 보고
• 관련 시스템과 문서의 정확한 입력·관리
• 고객·협력사·유관 부서 문의 대응 및 이슈 조율
• 업무 절차 개선과 운영 리스크 사전 점검
• 주요 이슈 원인 분석 및 후속 조치 관리
• 정기 회의 자료 작성과 진행 현황 공유
• 현장 안전·보안·개인정보 보호 기준 준수","• 여행상품 이해와 상담 능력 관련 기본 지식 또는 실무 경험을 보유한 분
• 필수 자격·면허: 국내여행안내사 보유자 또는 입사 전 취득 가능한 분
• 맡은 업무를 정확하게 기록하고 마감까지 책임질 수 있는 분
• 문서작성, 이메일, 스프레드시트 등 기본 업무도구 활용이 가능한 분
• 고객 및 유관 부서와 원활하게 소통하고 요청사항을 정리할 수 있는 분
• 예상하지 못한 상황에서도 우선순위를 판단해 대응할 수 있는 분
• 업무상 취급하는 자료와 고객 정보를 안전하게 관리할 수 있는 분
• 직무 관련 교육을 꾸준히 이수하며 전문성을 높일 분","• 여행에이전트 또는 유사 직무 경력 보유자
• 직무 관련 자격·면허 보유자: 국내여행안내사
• 직무 관련 자격·면허 보유자: 관광통역안내사
• ERP, WMS, CRM, POS 등 직무 관련 시스템 사용 경험자
• 수치와 데이터를 활용한 실적 분석 경험자
• 다양한 이해관계자와 협업해 문제를 해결한 경험자
• 외국어 또는 관련 법규·안전 기준을 활용할 수 있는 분","• 지원서 및 제출서류의 허위기재 또는 허위 제출
• 채용 과정에서 본인 확인이 불가능한 경우
• 채용검진 결과 업무 수행에 부적합하다고 판단되는 경우
• 해외여행 및 근무에 결격사유가 있는 경우
• 기타 회사 또는 기관의 인사규정상 채용이 불가능한 경우",서류전형 > 직무과제 > 실무면접 > 최종합격
1090,여행에이전트 담당자,56,109,20260801,20260816,10,신입,계약직,충청남도,석사 이상,"중견 제조기업에서 고객 맞춤형 여행상품을 상담·운영하는 포지션을(를) 맡을 여행에이전트를 모집합니다.

이번 포지션은 여행상담, 일정설계, 예약, 항공·숙박, 사후관리을 중심으로 운영 현장의 품질과 일정, 고객 경험을 함께 관리하는 역할입니다.

성과와 고객 만족을 함께 고려하며 실질적인 변화를 만드는 역할입니다.

유관 부서 및 외부 파트너와 업무 기준을 공유하고, 이슈 발생 시 원인을 정리해 재발 방지 방안을 실행합니다.

초기에는 담당 업무의 프로세스와 시스템을 익히고, 이후에는 담당 영역의 지표 개선과 운영 표준화까지 주도하게 됩니다.","• 여행상담, 일정설계, 예약, 항공·숙박, 사후관리 및 일일 운영 현황 관리
• 업무 일정·실적·품질 지표 점검 및 보고
• 관련 시스템과 문서의 정확한 입력·관리
• 고객·협력사·유관 부서 문의 대응 및 이슈 조율
• 업무 절차 개선과 운영 리스크 사전 점검
• 주요 이슈 원인 분석 및 후속 조치 관리
• 정기 회의 자료 작성과 진행 현황 공유
• 업무 매뉴얼 정비와 신규 구성원 온보딩 지원","• 여행상품 이해와 상담 능력 관련 기본 지식 또는 실무 경험을 보유한 분
• 필수 자격·면허: 국내여행안내사 보유자 또는 입사 전 취득 가능한 분
• 맡은 업무를 정확하게 기록하고 마감까지 책임질 수 있는 분
• 문서작성, 이메일, 스프레드시트 등 기본 업무도구 활용이 가능한 분
• 고객 및 유관 부서와 원활하게 소통하고 요청사항을 정리할 수 있는 분
• 예상하지 못한 상황에서도 우선순위를 판단해 대응할 수 있는 분
• 업무상 취급하는 자료와 고객 정보를 안전하게 관리할 수 있는 분
• 직무 관련 교육을 꾸준히 이수하며 전문성을 높일 분","• 여행에이전트 또는 유사 직무 경력 보유자
• 직무 관련 자격·면허 보유자: 국내여행안내사
• 직무 관련 자격·면허 보유자: 관광통역안내사
• ERP, WMS, CRM, POS 등 직무 관련 시스템 사용 경험자
• 수치와 데이터를 활용한 실적 분석 경험자
• 다양한 이해관계자와 협업해 문제를 해결한 경험자
• 신규 프로세스 구축이나 업무 자동화 경험자","• 지원서 및 제출서류의 허위기재 또는 허위 제출
• 채용 과정에서 본인 확인이 불가능한 경우
• 채용검진 결과 업무 수행에 부적합하다고 판단되는 경우
• 해외여행 및 근무에 결격사유가 있는 경우
• 기타 회사 또는 기관의 인사규정상 채용이 불가능한 경우",서류전형 > 1차면접 > 2차면접 > 채용검진
1091,매장관리자 운영 매니저,92,110,20260818,20260909,1,신입·경력,무기계약직,경상남도,학력무관,"전문 중소기업에서 매장의 판매·재고·인력을 운영하는 포지션을(를) 맡을 매장관리자를 모집합니다.

이번 포지션은 매출관리, 상품진열, 발주, 근무표, 고객응대을 중심으로 운영 현장의 품질과 일정, 고객 경험을 함께 관리하는 역할입니다.

정확한 실행력과 협업을 바탕으로 안정적인 운영을 함께 만들어 갈 분을 찾습니다.

유관 부서 및 외부 파트너와 업무 기준을 공유하고, 이슈 발생 시 원인을 정리해 재발 방지 방안을 실행합니다.

초기에는 담당 업무의 프로세스와 시스템을 익히고, 이후에는 담당 영역의 지표 개선과 운영 표준화까지 주도하게 됩니다.","• 매출관리, 상품진열, 발주, 근무표, 고객응대 및 일일 운영 현황 관리
• 업무 일정·실적·품질 지표 점검 및 보고
• 관련 시스템과 문서의 정확한 입력·관리
• 고객·협력사·유관 부서 문의 대응 및 이슈 조율
• 업무 절차 개선과 운영 리스크 사전 점검
• 주요 이슈 원인 분석 및 후속 조치 관리
• 정기 회의 자료 작성과 진행 현황 공유
• 현장 안전·보안·개인정보 보호 기준 준수","• 리테일 매장 운영 경험 관련 기본 지식 또는 실무 경험을 보유한 분
• 필수 자격·면허: 유통관리사 2급 보유자 또는 입사 전 취득 가능한 분
• 맡은 업무를 정확하게 기록하고 마감까지 책임질 수 있는 분
• 문서작성, 이메일, 스프레드시트 등 기본 업무도구 활용이 가능한 분
• 고객 및 유관 부서와 원활하게 소통하고 요청사항을 정리할 수 있는 분
• 예상하지 못한 상황에서도 우선순위를 판단해 대응할 수 있는 분
• 업무상 취급하는 자료와 고객 정보를 안전하게 관리할 수 있는 분
• 교대·주말·현장 근무가 포함될 수 있는 일정에 대응 가능한 분","• 매장관리자 또는 유사 직무 경력 보유자
• 직무 관련 자격·면허 보유자: 유통관리사 2급
• 직무 관련 자격·면허 보유자: 물류관리사
• ERP, WMS, CRM, POS 등 직무 관련 시스템 사용 경험자
• 수치와 데이터를 활용한 실적 분석 경험자
• 다양한 이해관계자와 협업해 문제를 해결한 경험자
• 외국어 또는 관련 법규·안전 기준을 활용할 수 있는 분","• 지원서 및 제출서류의 허위기재 또는 허위 제출
• 채용 과정에서 본인 확인이 불가능한 경우
• 채용검진 결과 업무 수행에 부적합하다고 판단되는 경우
• 해외여행 및 근무에 결격사유가 있는 경우
• 기타 회사 또는 기관의 인사규정상 채용이 불가능한 경우",서류전형 > 실무면접 > 최종면접
1092,매장관리자 전문 인력,44,110,20260904,20261003,12,경력 2년 이상,기간제,부산광역시,전문학사 이상,"성장 단계 스타트업에서 매장의 판매·재고·인력을 운영하는 포지션을(를) 맡을 매장관리자를 모집합니다.

이번 포지션은 매출관리, 상품진열, 발주, 근무표, 고객응대을 중심으로 운영 현장의 품질과 일정, 고객 경험을 함께 관리하는 역할입니다.

현장과 유관 부서의 요구를 연결하며 업무 품질을 높이는 역할입니다.

유관 부서 및 외부 파트너와 업무 기준을 공유하고, 이슈 발생 시 원인을 정리해 재발 방지 방안을 실행합니다.

초기에는 담당 업무의 프로세스와 시스템을 익히고, 이후에는 담당 영역의 지표 개선과 운영 표준화까지 주도하게 됩니다.","• 매출관리, 상품진열, 발주, 근무표, 고객응대 및 일일 운영 현황 관리
• 업무 일정·실적·품질 지표 점검 및 보고
• 관련 시스템과 문서의 정확한 입력·관리
• 고객·협력사·유관 부서 문의 대응 및 이슈 조율
• 업무 절차 개선과 운영 리스크 사전 점검
• 주요 이슈 원인 분석 및 후속 조치 관리
• 정기 회의 자료 작성과 진행 현황 공유
• 업무 매뉴얼 정비와 신규 구성원 온보딩 지원","• 리테일 매장 운영 경험 관련 기본 지식 또는 실무 경험을 보유한 분
• 필수 자격·면허: 유통관리사 2급 보유자 또는 입사 전 취득 가능한 분
• 맡은 업무를 정확하게 기록하고 마감까지 책임질 수 있는 분
• 문서작성, 이메일, 스프레드시트 등 기본 업무도구 활용이 가능한 분
• 고객 및 유관 부서와 원활하게 소통하고 요청사항을 정리할 수 있는 분
• 예상하지 못한 상황에서도 우선순위를 판단해 대응할 수 있는 분
• 업무상 취급하는 자료와 고객 정보를 안전하게 관리할 수 있는 분
• 직무 관련 교육을 꾸준히 이수하며 전문성을 높일 분","• 매장관리자 또는 유사 직무 경력 보유자
• 직무 관련 자격·면허 보유자: 유통관리사 2급
• 직무 관련 자격·면허 보유자: 물류관리사
• ERP, WMS, CRM, POS 등 직무 관련 시스템 사용 경험자
• 수치와 데이터를 활용한 실적 분석 경험자
• 다양한 이해관계자와 협업해 문제를 해결한 경험자
• 신규 프로세스 구축이나 업무 자동화 경험자","• 지원서 및 제출서류의 허위기재 또는 허위 제출
• 채용 과정에서 본인 확인이 불가능한 경우
• 채용검진 결과 업무 수행에 부적합하다고 판단되는 경우
• 해외여행 및 근무에 결격사유가 있는 경우
• 기타 회사 또는 기관의 인사규정상 채용이 불가능한 경우",서류전형 > 인성검사 > 실무면접 > 최종면접
1093,매장관리자 경력 채용,54,110,20260921,20261027,3,경력 3년 이상,정규직,광주광역시,학사 이상,"종합병원 운영조직에서 매장의 판매·재고·인력을 운영하는 포지션을(를) 맡을 매장관리자를 모집합니다.

이번 포지션은 매출관리, 상품진열, 발주, 근무표, 고객응대을 중심으로 운영 현장의 품질과 일정, 고객 경험을 함께 관리하는 역할입니다.

업무 기준을 준수하면서도 개선점을 주도적으로 제안할 수 있는 분을 기다립니다.

유관 부서 및 외부 파트너와 업무 기준을 공유하고, 이슈 발생 시 원인을 정리해 재발 방지 방안을 실행합니다.

초기에는 담당 업무의 프로세스와 시스템을 익히고, 이후에는 담당 영역의 지표 개선과 운영 표준화까지 주도하게 됩니다.","• 매출관리, 상품진열, 발주, 근무표, 고객응대 및 일일 운영 현황 관리
• 업무 일정·실적·품질 지표 점검 및 보고
• 관련 시스템과 문서의 정확한 입력·관리
• 고객·협력사·유관 부서 문의 대응 및 이슈 조율
• 업무 절차 개선과 운영 리스크 사전 점검
• 주요 이슈 원인 분석 및 후속 조치 관리
• 정기 회의 자료 작성과 진행 현황 공유
• 현장 안전·보안·개인정보 보호 기준 준수","• 리테일 매장 운영 경험 관련 기본 지식 또는 실무 경험을 보유한 분
• 필수 자격·면허: 유통관리사 2급 보유자 또는 입사 전 취득 가능한 분
• 맡은 업무를 정확하게 기록하고 마감까지 책임질 수 있는 분
• 문서작성, 이메일, 스프레드시트 등 기본 업무도구 활용이 가능한 분
• 고객 및 유관 부서와 원활하게 소통하고 요청사항을 정리할 수 있는 분
• 예상하지 못한 상황에서도 우선순위를 판단해 대응할 수 있는 분
• 업무상 취급하는 자료와 고객 정보를 안전하게 관리할 수 있는 분
• 직무 관련 교육을 꾸준히 이수하며 전문성을 높일 분","• 매장관리자 또는 유사 직무 경력 보유자
• 직무 관련 자격·면허 보유자: 유통관리사 2급
• 직무 관련 자격·면허 보유자: 물류관리사
• ERP, WMS, CRM, POS 등 직무 관련 시스템 사용 경험자
• 수치와 데이터를 활용한 실적 분석 경험자
• 다양한 이해관계자와 협업해 문제를 해결한 경험자
• 외국어 또는 관련 법규·안전 기준을 활용할 수 있는 분","• 지원서 및 제출서류의 허위기재 또는 허위 제출
• 채용 과정에서 본인 확인이 불가능한 경우
• 채용검진 결과 업무 수행에 부적합하다고 판단되는 경우
• 해외여행 및 근무에 결격사유가 있는 경우
• 기타 회사 또는 기관의 인사규정상 채용이 불가능한 경우",서류전형 > 직무과제 > 실무면접 > 최종합격
1094,매장관리자 현장 책임자,133,110,20261008,20261120,14,경력 5년 이상,계약직,경기도,석사 이상,"대학 산학협력단에서 매장의 판매·재고·인력을 운영하는 포지션을(를) 맡을 매장관리자를 모집합니다.

이번 포지션은 매출관리, 상품진열, 발주, 근무표, 고객응대을 중심으로 운영 현장의 품질과 일정, 고객 경험을 함께 관리하는 역할입니다.

고객과 동료에게 신뢰를 주는 태도로 맡은 업무를 끝까지 책임지는 포지션입니다.

유관 부서 및 외부 파트너와 업무 기준을 공유하고, 이슈 발생 시 원인을 정리해 재발 방지 방안을 실행합니다.

초기에는 담당 업무의 프로세스와 시스템을 익히고, 이후에는 담당 영역의 지표 개선과 운영 표준화까지 주도하게 됩니다.","• 매출관리, 상품진열, 발주, 근무표, 고객응대 및 일일 운영 현황 관리
• 업무 일정·실적·품질 지표 점검 및 보고
• 관련 시스템과 문서의 정확한 입력·관리
• 고객·협력사·유관 부서 문의 대응 및 이슈 조율
• 업무 절차 개선과 운영 리스크 사전 점검
• 주요 이슈 원인 분석 및 후속 조치 관리
• 정기 회의 자료 작성과 진행 현황 공유
• 업무 매뉴얼 정비와 신규 구성원 온보딩 지원","• 리테일 매장 운영 경험 관련 기본 지식 또는 실무 경험을 보유한 분
• 필수 자격·면허: 유통관리사 2급 보유자 또는 입사 전 취득 가능한 분
• 맡은 업무를 정확하게 기록하고 마감까지 책임질 수 있는 분
• 문서작성, 이메일, 스프레드시트 등 기본 업무도구 활용이 가능한 분
• 고객 및 유관 부서와 원활하게 소통하고 요청사항을 정리할 수 있는 분
• 예상하지 못한 상황에서도 우선순위를 판단해 대응할 수 있는 분
• 업무상 취급하는 자료와 고객 정보를 안전하게 관리할 수 있는 분
• 교대·주말·현장 근무가 포함될 수 있는 일정에 대응 가능한 분","• 매장관리자 또는 유사 직무 경력 보유자
• 직무 관련 자격·면허 보유자: 유통관리사 2급
• 직무 관련 자격·면허 보유자: 물류관리사
• ERP, WMS, CRM, POS 등 직무 관련 시스템 사용 경험자
• 수치와 데이터를 활용한 실적 분석 경험자
• 다양한 이해관계자와 협업해 문제를 해결한 경험자
• 신규 프로세스 구축이나 업무 자동화 경험자","• 지원서 및 제출서류의 허위기재 또는 허위 제출
• 채용 과정에서 본인 확인이 불가능한 경우
• 채용검진 결과 업무 수행에 부적합하다고 판단되는 경우
• 해외여행 및 근무에 결격사유가 있는 경우
• 기타 회사 또는 기관의 인사규정상 채용이 불가능한 경우",서류전형 > 1차면접 > 2차면접 > 채용검진
1095,매장관리자 서비스 담당,121,110,20261025,20261108,5,경력 무관,무기계약직,충청남도,박사 이상,"기업 부설 연구소에서 매장의 판매·재고·인력을 운영하는 포지션을(를) 맡을 매장관리자를 모집합니다.

이번 포지션은 매출관리, 상품진열, 발주, 근무표, 고객응대을 중심으로 운영 현장의 품질과 일정, 고객 경험을 함께 관리하는 역할입니다.

데이터와 현장 감각을 함께 활용해 반복 업무를 효율화하는 역할입니다.

유관 부서 및 외부 파트너와 업무 기준을 공유하고, 이슈 발생 시 원인을 정리해 재발 방지 방안을 실행합니다.

초기에는 담당 업무의 프로세스와 시스템을 익히고, 이후에는 담당 영역의 지표 개선과 운영 표준화까지 주도하게 됩니다.","• 매출관리, 상품진열, 발주, 근무표, 고객응대 및 일일 운영 현황 관리
• 업무 일정·실적·품질 지표 점검 및 보고
• 관련 시스템과 문서의 정확한 입력·관리
• 고객·협력사·유관 부서 문의 대응 및 이슈 조율
• 업무 절차 개선과 운영 리스크 사전 점검
• 주요 이슈 원인 분석 및 후속 조치 관리
• 정기 회의 자료 작성과 진행 현황 공유
• 현장 안전·보안·개인정보 보호 기준 준수","• 리테일 매장 운영 경험 관련 기본 지식 또는 실무 경험을 보유한 분
• 필수 자격·면허: 유통관리사 2급 보유자 또는 입사 전 취득 가능한 분
• 맡은 업무를 정확하게 기록하고 마감까지 책임질 수 있는 분
• 문서작성, 이메일, 스프레드시트 등 기본 업무도구 활용이 가능한 분
• 고객 및 유관 부서와 원활하게 소통하고 요청사항을 정리할 수 있는 분
• 예상하지 못한 상황에서도 우선순위를 판단해 대응할 수 있는 분
• 업무상 취급하는 자료와 고객 정보를 안전하게 관리할 수 있는 분
• 직무 관련 교육을 꾸준히 이수하며 전문성을 높일 분","• 매장관리자 또는 유사 직무 경력 보유자
• 직무 관련 자격·면허 보유자: 유통관리사 2급
• 직무 관련 자격·면허 보유자: 물류관리사
• ERP, WMS, CRM, POS 등 직무 관련 시스템 사용 경험자
• 수치와 데이터를 활용한 실적 분석 경험자
• 다양한 이해관계자와 협업해 문제를 해결한 경험자
• 외국어 또는 관련 법규·안전 기준을 활용할 수 있는 분","• 지원서 및 제출서류의 허위기재 또는 허위 제출
• 채용 과정에서 본인 확인이 불가능한 경우
• 채용검진 결과 업무 수행에 부적합하다고 판단되는 경우
• 해외여행 및 근무에 결격사유가 있는 경우
• 기타 회사 또는 기관의 인사규정상 채용이 불가능한 경우",서류전형 > 필기전형 > 면접전형 > 최종합격
1096,매장관리자 담당자,113,110,20261111,20261202,16,신입,기간제,경상북도,학력무관,"전문 협회에서 매장의 판매·재고·인력을 운영하는 포지션을(를) 맡을 매장관리자를 모집합니다.

이번 포지션은 매출관리, 상품진열, 발주, 근무표, 고객응대을 중심으로 운영 현장의 품질과 일정, 고객 경험을 함께 관리하는 역할입니다.

정해진 절차를 지키되 상황에 맞게 유연하게 대응하는 실무자를 모집합니다.

유관 부서 및 외부 파트너와 업무 기준을 공유하고, 이슈 발생 시 원인을 정리해 재발 방지 방안을 실행합니다.

초기에는 담당 업무의 프로세스와 시스템을 익히고, 이후에는 담당 영역의 지표 개선과 운영 표준화까지 주도하게 됩니다.","• 매출관리, 상품진열, 발주, 근무표, 고객응대 및 일일 운영 현황 관리
• 업무 일정·실적·품질 지표 점검 및 보고
• 관련 시스템과 문서의 정확한 입력·관리
• 고객·협력사·유관 부서 문의 대응 및 이슈 조율
• 업무 절차 개선과 운영 리스크 사전 점검
• 주요 이슈 원인 분석 및 후속 조치 관리
• 정기 회의 자료 작성과 진행 현황 공유
• 업무 매뉴얼 정비와 신규 구성원 온보딩 지원","• 리테일 매장 운영 경험 관련 기본 지식 또는 실무 경험을 보유한 분
• 필수 자격·면허: 유통관리사 2급 보유자 또는 입사 전 취득 가능한 분
• 맡은 업무를 정확하게 기록하고 마감까지 책임질 수 있는 분
• 문서작성, 이메일, 스프레드시트 등 기본 업무도구 활용이 가능한 분
• 고객 및 유관 부서와 원활하게 소통하고 요청사항을 정리할 수 있는 분
• 예상하지 못한 상황에서도 우선순위를 판단해 대응할 수 있는 분
• 업무상 취급하는 자료와 고객 정보를 안전하게 관리할 수 있는 분
• 직무 관련 교육을 꾸준히 이수하며 전문성을 높일 분","• 매장관리자 또는 유사 직무 경력 보유자
• 직무 관련 자격·면허 보유자: 유통관리사 2급
• 직무 관련 자격·면허 보유자: 물류관리사
• ERP, WMS, CRM, POS 등 직무 관련 시스템 사용 경험자
• 수치와 데이터를 활용한 실적 분석 경험자
• 다양한 이해관계자와 협업해 문제를 해결한 경험자
• 신규 프로세스 구축이나 업무 자동화 경험자","• 지원서 및 제출서류의 허위기재 또는 허위 제출
• 채용 과정에서 본인 확인이 불가능한 경우
• 채용검진 결과 업무 수행에 부적합하다고 판단되는 경우
• 해외여행 및 근무에 결격사유가 있는 경우
• 기타 회사 또는 기관의 인사규정상 채용이 불가능한 경우",서류전형 > 실무면접 > 최종면접
1097,매장관리자 실무자,16,110,20261128,20261226,7,경력,정규직,서울특별시,전문학사 이상,"공공서비스 운영기관에서 매장의 판매·재고·인력을 운영하는 포지션을(를) 맡을 매장관리자를 모집합니다.

이번 포지션은 매출관리, 상품진열, 발주, 근무표, 고객응대을 중심으로 운영 현장의 품질과 일정, 고객 경험을 함께 관리하는 역할입니다.

부서 간 원활한 소통으로 일정과 품질을 안정적으로 관리하는 직무입니다.

유관 부서 및 외부 파트너와 업무 기준을 공유하고, 이슈 발생 시 원인을 정리해 재발 방지 방안을 실행합니다.

초기에는 담당 업무의 프로세스와 시스템을 익히고, 이후에는 담당 영역의 지표 개선과 운영 표준화까지 주도하게 됩니다.","• 매출관리, 상품진열, 발주, 근무표, 고객응대 및 일일 운영 현황 관리
• 업무 일정·실적·품질 지표 점검 및 보고
• 관련 시스템과 문서의 정확한 입력·관리
• 고객·협력사·유관 부서 문의 대응 및 이슈 조율
• 업무 절차 개선과 운영 리스크 사전 점검
• 주요 이슈 원인 분석 및 후속 조치 관리
• 정기 회의 자료 작성과 진행 현황 공유
• 현장 안전·보안·개인정보 보호 기준 준수","• 리테일 매장 운영 경험 관련 기본 지식 또는 실무 경험을 보유한 분
• 필수 자격·면허: 유통관리사 2급 보유자 또는 입사 전 취득 가능한 분
• 맡은 업무를 정확하게 기록하고 마감까지 책임질 수 있는 분
• 문서작성, 이메일, 스프레드시트 등 기본 업무도구 활용이 가능한 분
• 고객 및 유관 부서와 원활하게 소통하고 요청사항을 정리할 수 있는 분
• 예상하지 못한 상황에서도 우선순위를 판단해 대응할 수 있는 분
• 업무상 취급하는 자료와 고객 정보를 안전하게 관리할 수 있는 분
• 교대·주말·현장 근무가 포함될 수 있는 일정에 대응 가능한 분","• 매장관리자 또는 유사 직무 경력 보유자
• 직무 관련 자격·면허 보유자: 유통관리사 2급
• 직무 관련 자격·면허 보유자: 물류관리사
• ERP, WMS, CRM, POS 등 직무 관련 시스템 사용 경험자
• 수치와 데이터를 활용한 실적 분석 경험자
• 다양한 이해관계자와 협업해 문제를 해결한 경험자
• 외국어 또는 관련 법규·안전 기준을 활용할 수 있는 분","• 지원서 및 제출서류의 허위기재 또는 허위 제출
• 채용 과정에서 본인 확인이 불가능한 경우
• 채용검진 결과 업무 수행에 부적합하다고 판단되는 경우
• 해외여행 및 근무에 결격사유가 있는 경우
• 기타 회사 또는 기관의 인사규정상 채용이 불가능한 경우",서류전형 > 인성검사 > 실무면접 > 최종면접
1098,매장관리자 운영 매니저,118,110,20261215,20270119,18,신입·경력,계약직,대전광역시,학사 이상,"대기업 사업부에서 매장의 판매·재고·인력을 운영하는 포지션을(를) 맡을 매장관리자를 모집합니다.

이번 포지션은 매출관리, 상품진열, 발주, 근무표, 고객응대을 중심으로 운영 현장의 품질과 일정, 고객 경험을 함께 관리하는 역할입니다.

서비스 품질과 안전을 우선하며 꾸준히 전문성을 쌓을 수 있는 포지션입니다.

유관 부서 및 외부 파트너와 업무 기준을 공유하고, 이슈 발생 시 원인을 정리해 재발 방지 방안을 실행합니다.

초기에는 담당 업무의 프로세스와 시스템을 익히고, 이후에는 담당 영역의 지표 개선과 운영 표준화까지 주도하게 됩니다.","• 매출관리, 상품진열, 발주, 근무표, 고객응대 및 일일 운영 현황 관리
• 업무 일정·실적·품질 지표 점검 및 보고
• 관련 시스템과 문서의 정확한 입력·관리
• 고객·협력사·유관 부서 문의 대응 및 이슈 조율
• 업무 절차 개선과 운영 리스크 사전 점검
• 주요 이슈 원인 분석 및 후속 조치 관리
• 정기 회의 자료 작성과 진행 현황 공유
• 업무 매뉴얼 정비와 신규 구성원 온보딩 지원","• 리테일 매장 운영 경험 관련 기본 지식 또는 실무 경험을 보유한 분
• 필수 자격·면허: 유통관리사 2급 보유자 또는 입사 전 취득 가능한 분
• 맡은 업무를 정확하게 기록하고 마감까지 책임질 수 있는 분
• 문서작성, 이메일, 스프레드시트 등 기본 업무도구 활용이 가능한 분
• 고객 및 유관 부서와 원활하게 소통하고 요청사항을 정리할 수 있는 분
• 예상하지 못한 상황에서도 우선순위를 판단해 대응할 수 있는 분
• 업무상 취급하는 자료와 고객 정보를 안전하게 관리할 수 있는 분
• 직무 관련 교육을 꾸준히 이수하며 전문성을 높일 분","• 매장관리자 또는 유사 직무 경력 보유자
• 직무 관련 자격·면허 보유자: 유통관리사 2급
• 직무 관련 자격·면허 보유자: 물류관리사
• ERP, WMS, CRM, POS 등 직무 관련 시스템 사용 경험자
• 수치와 데이터를 활용한 실적 분석 경험자
• 다양한 이해관계자와 협업해 문제를 해결한 경험자
• 신규 프로세스 구축이나 업무 자동화 경험자","• 지원서 및 제출서류의 허위기재 또는 허위 제출
• 채용 과정에서 본인 확인이 불가능한 경우
• 채용검진 결과 업무 수행에 부적합하다고 판단되는 경우
• 해외여행 및 근무에 결격사유가 있는 경우
• 기타 회사 또는 기관의 인사규정상 채용이 불가능한 경우",서류전형 > 직무과제 > 실무면접 > 최종합격
1099,매장관리자 전문 인력,113,110,20260121,20260304,9,경력 2년 이상,무기계약직,세종특별자치시,석사 이상,"중견 제조기업에서 매장의 판매·재고·인력을 운영하는 포지션을(를) 맡을 매장관리자를 모집합니다.

이번 포지션은 매출관리, 상품진열, 발주, 근무표, 고객응대을 중심으로 운영 현장의 품질과 일정, 고객 경험을 함께 관리하는 역할입니다.

기본기를 바탕으로 새로운 업무를 빠르게 익히고 실행할 분을 모십니다.

유관 부서 및 외부 파트너와 업무 기준을 공유하고, 이슈 발생 시 원인을 정리해 재발 방지 방안을 실행합니다.

초기에는 담당 업무의 프로세스와 시스템을 익히고, 이후에는 담당 영역의 지표 개선과 운영 표준화까지 주도하게 됩니다.","• 매출관리, 상품진열, 발주, 근무표, 고객응대 및 일일 운영 현황 관리
• 업무 일정·실적·품질 지표 점검 및 보고
• 관련 시스템과 문서의 정확한 입력·관리
• 고객·협력사·유관 부서 문의 대응 및 이슈 조율
• 업무 절차 개선과 운영 리스크 사전 점검
• 주요 이슈 원인 분석 및 후속 조치 관리
• 정기 회의 자료 작성과 진행 현황 공유
• 현장 안전·보안·개인정보 보호 기준 준수","• 리테일 매장 운영 경험 관련 기본 지식 또는 실무 경험을 보유한 분
• 필수 자격·면허: 유통관리사 2급 보유자 또는 입사 전 취득 가능한 분
• 맡은 업무를 정확하게 기록하고 마감까지 책임질 수 있는 분
• 문서작성, 이메일, 스프레드시트 등 기본 업무도구 활용이 가능한 분
• 고객 및 유관 부서와 원활하게 소통하고 요청사항을 정리할 수 있는 분
• 예상하지 못한 상황에서도 우선순위를 판단해 대응할 수 있는 분
• 업무상 취급하는 자료와 고객 정보를 안전하게 관리할 수 있는 분
• 직무 관련 교육을 꾸준히 이수하며 전문성을 높일 분","• 매장관리자 또는 유사 직무 경력 보유자
• 직무 관련 자격·면허 보유자: 유통관리사 2급
• 직무 관련 자격·면허 보유자: 물류관리사
• ERP, WMS, CRM, POS 등 직무 관련 시스템 사용 경험자
• 수치와 데이터를 활용한 실적 분석 경험자
• 다양한 이해관계자와 협업해 문제를 해결한 경험자
• 외국어 또는 관련 법규·안전 기준을 활용할 수 있는 분","• 지원서 및 제출서류의 허위기재 또는 허위 제출
• 채용 과정에서 본인 확인이 불가능한 경우
• 채용검진 결과 업무 수행에 부적합하다고 판단되는 경우
• 해외여행 및 근무에 결격사유가 있는 경우
• 기타 회사 또는 기관의 인사규정상 채용이 불가능한 경우",서류전형 > 1차면접 > 2차면접 > 채용검진
1100,매장관리자 경력 채용,118,110,20260207,20260220,20,경력 3년 이상,기간제,충청북도,박사 이상,"전문 중소기업에서 매장의 판매·재고·인력을 운영하는 포지션을(를) 맡을 매장관리자를 모집합니다.

이번 포지션은 매출관리, 상품진열, 발주, 근무표, 고객응대을 중심으로 운영 현장의 품질과 일정, 고객 경험을 함께 관리하는 역할입니다.

성과와 고객 만족을 함께 고려하며 실질적인 변화를 만드는 역할입니다.

유관 부서 및 외부 파트너와 업무 기준을 공유하고, 이슈 발생 시 원인을 정리해 재발 방지 방안을 실행합니다.

초기에는 담당 업무의 프로세스와 시스템을 익히고, 이후에는 담당 영역의 지표 개선과 운영 표준화까지 주도하게 됩니다.","• 매출관리, 상품진열, 발주, 근무표, 고객응대 및 일일 운영 현황 관리
• 업무 일정·실적·품질 지표 점검 및 보고
• 관련 시스템과 문서의 정확한 입력·관리
• 고객·협력사·유관 부서 문의 대응 및 이슈 조율
• 업무 절차 개선과 운영 리스크 사전 점검
• 주요 이슈 원인 분석 및 후속 조치 관리
• 정기 회의 자료 작성과 진행 현황 공유
• 업무 매뉴얼 정비와 신규 구성원 온보딩 지원","• 리테일 매장 운영 경험 관련 기본 지식 또는 실무 경험을 보유한 분
• 필수 자격·면허: 유통관리사 2급 보유자 또는 입사 전 취득 가능한 분
• 맡은 업무를 정확하게 기록하고 마감까지 책임질 수 있는 분
• 문서작성, 이메일, 스프레드시트 등 기본 업무도구 활용이 가능한 분
• 고객 및 유관 부서와 원활하게 소통하고 요청사항을 정리할 수 있는 분
• 예상하지 못한 상황에서도 우선순위를 판단해 대응할 수 있는 분
• 업무상 취급하는 자료와 고객 정보를 안전하게 관리할 수 있는 분
• 교대·주말·현장 근무가 포함될 수 있는 일정에 대응 가능한 분","• 매장관리자 또는 유사 직무 경력 보유자
• 직무 관련 자격·면허 보유자: 유통관리사 2급
• 직무 관련 자격·면허 보유자: 물류관리사
• ERP, WMS, CRM, POS 등 직무 관련 시스템 사용 경험자
• 수치와 데이터를 활용한 실적 분석 경험자
• 다양한 이해관계자와 협업해 문제를 해결한 경험자
• 신규 프로세스 구축이나 업무 자동화 경험자","• 지원서 및 제출서류의 허위기재 또는 허위 제출
• 채용 과정에서 본인 확인이 불가능한 경우
• 채용검진 결과 업무 수행에 부적합하다고 판단되는 경우
• 해외여행 및 근무에 결격사유가 있는 경우
• 기타 회사 또는 기관의 인사규정상 채용이 불가능한 경우",서류전형 > 필기전형 > 면접전형 > 최종합격
1101,뷰티·미용사 서비스 담당,158,111,20260224,20260316,11,경력 무관,정규직,경상북도,전문학사 이상,"성장 단계 스타트업에서 고객의 스타일과 요구에 맞는 미용 서비스를 제공하는 포지션을(를) 맡을 뷰티·미용사를 모집합니다.

이번 포지션은 상담, 커트·컬러, 시술, 위생, 고객관리을 중심으로 운영 현장의 품질과 일정, 고객 경험을 함께 관리하는 역할입니다.

정확한 실행력과 협업을 바탕으로 안정적인 운영을 함께 만들어 갈 분을 찾습니다.

유관 부서 및 외부 파트너와 업무 기준을 공유하고, 이슈 발생 시 원인을 정리해 재발 방지 방안을 실행합니다.

초기에는 담당 업무의 프로세스와 시스템을 익히고, 이후에는 담당 영역의 지표 개선과 운영 표준화까지 주도하게 됩니다.","• 상담, 커트·컬러, 시술, 위생, 고객관리 및 일일 운영 현황 관리
• 업무 일정·실적·품질 지표 점검 및 보고
• 관련 시스템과 문서의 정확한 입력·관리
• 고객·협력사·유관 부서 문의 대응 및 이슈 조율
• 업무 절차 개선과 운영 리스크 사전 점검
• 주요 이슈 원인 분석 및 후속 조치 관리
• 정기 회의 자료 작성과 진행 현황 공유
• 현장 안전·보안·개인정보 보호 기준 준수","• 미용 관련 자격과 시술 경험 관련 기본 지식 또는 실무 경험을 보유한 분
• 필수 자격·면허: 미용사 일반 보유자 또는 입사 전 취득 가능한 분
• 맡은 업무를 정확하게 기록하고 마감까지 책임질 수 있는 분
• 문서작성, 이메일, 스프레드시트 등 기본 업무도구 활용이 가능한 분
• 고객 및 유관 부서와 원활하게 소통하고 요청사항을 정리할 수 있는 분
• 예상하지 못한 상황에서도 우선순위를 판단해 대응할 수 있는 분
• 업무상 취급하는 자료와 고객 정보를 안전하게 관리할 수 있는 분
• 직무 관련 교육을 꾸준히 이수하며 전문성을 높일 분","• 뷰티·미용사 또는 유사 직무 경력 보유자
• 직무 관련 자격·면허 보유자: 미용사 일반
• 직무 관련 자격·면허 보유자: 미용사 피부
• ERP, WMS, CRM, POS 등 직무 관련 시스템 사용 경험자
• 수치와 데이터를 활용한 실적 분석 경험자
• 다양한 이해관계자와 협업해 문제를 해결한 경험자
• 외국어 또는 관련 법규·안전 기준을 활용할 수 있는 분","• 지원서 및 제출서류의 허위기재 또는 허위 제출
• 채용 과정에서 본인 확인이 불가능한 경우
• 채용검진 결과 업무 수행에 부적합하다고 판단되는 경우
• 해외여행 및 근무에 결격사유가 있는 경우
• 기타 회사 또는 기관의 인사규정상 채용이 불가능한 경우",서류전형 > 인성검사 > 실무면접 > 최종면접
1102,뷰티·미용사 담당자,65,111,20260313,20260409,2,신입,계약직,서울특별시,학사 이상,"종합병원 운영조직에서 고객의 스타일과 요구에 맞는 미용 서비스를 제공하는 포지션을(를) 맡을 뷰티·미용사를 모집합니다.

이번 포지션은 상담, 커트·컬러, 시술, 위생, 고객관리을 중심으로 운영 현장의 품질과 일정, 고객 경험을 함께 관리하는 역할입니다.

현장과 유관 부서의 요구를 연결하며 업무 품질을 높이는 역할입니다.

유관 부서 및 외부 파트너와 업무 기준을 공유하고, 이슈 발생 시 원인을 정리해 재발 방지 방안을 실행합니다.

초기에는 담당 업무의 프로세스와 시스템을 익히고, 이후에는 담당 영역의 지표 개선과 운영 표준화까지 주도하게 됩니다.","• 상담, 커트·컬러, 시술, 위생, 고객관리 및 일일 운영 현황 관리
• 업무 일정·실적·품질 지표 점검 및 보고
• 관련 시스템과 문서의 정확한 입력·관리
• 고객·협력사·유관 부서 문의 대응 및 이슈 조율
• 업무 절차 개선과 운영 리스크 사전 점검
• 주요 이슈 원인 분석 및 후속 조치 관리
• 정기 회의 자료 작성과 진행 현황 공유
• 업무 매뉴얼 정비와 신규 구성원 온보딩 지원","• 미용 관련 자격과 시술 경험 관련 기본 지식 또는 실무 경험을 보유한 분
• 필수 자격·면허: 미용사 일반 보유자 또는 입사 전 취득 가능한 분
• 맡은 업무를 정확하게 기록하고 마감까지 책임질 수 있는 분
• 문서작성, 이메일, 스프레드시트 등 기본 업무도구 활용이 가능한 분
• 고객 및 유관 부서와 원활하게 소통하고 요청사항을 정리할 수 있는 분
• 예상하지 못한 상황에서도 우선순위를 판단해 대응할 수 있는 분
• 업무상 취급하는 자료와 고객 정보를 안전하게 관리할 수 있는 분
• 직무 관련 교육을 꾸준히 이수하며 전문성을 높일 분","• 뷰티·미용사 또는 유사 직무 경력 보유자
• 직무 관련 자격·면허 보유자: 미용사 일반
• 직무 관련 자격·면허 보유자: 미용사 피부
• ERP, WMS, CRM, POS 등 직무 관련 시스템 사용 경험자
• 수치와 데이터를 활용한 실적 분석 경험자
• 다양한 이해관계자와 협업해 문제를 해결한 경험자
• 신규 프로세스 구축이나 업무 자동화 경험자","• 지원서 및 제출서류의 허위기재 또는 허위 제출
• 채용 과정에서 본인 확인이 불가능한 경우
• 채용검진 결과 업무 수행에 부적합하다고 판단되는 경우
• 해외여행 및 근무에 결격사유가 있는 경우
• 기타 회사 또는 기관의 인사규정상 채용이 불가능한 경우",서류전형 > 직무과제 > 실무면접 > 최종합격
1103,뷰티·미용사 실무자,104,111,20260330,20260503,13,경력,무기계약직,대전광역시,석사 이상,"대학 산학협력단에서 고객의 스타일과 요구에 맞는 미용 서비스를 제공하는 포지션을(를) 맡을 뷰티·미용사를 모집합니다.

이번 포지션은 상담, 커트·컬러, 시술, 위생, 고객관리을 중심으로 운영 현장의 품질과 일정, 고객 경험을 함께 관리하는 역할입니다.

업무 기준을 준수하면서도 개선점을 주도적으로 제안할 수 있는 분을 기다립니다.

유관 부서 및 외부 파트너와 업무 기준을 공유하고, 이슈 발생 시 원인을 정리해 재발 방지 방안을 실행합니다.

초기에는 담당 업무의 프로세스와 시스템을 익히고, 이후에는 담당 영역의 지표 개선과 운영 표준화까지 주도하게 됩니다.","• 상담, 커트·컬러, 시술, 위생, 고객관리 및 일일 운영 현황 관리
• 업무 일정·실적·품질 지표 점검 및 보고
• 관련 시스템과 문서의 정확한 입력·관리
• 고객·협력사·유관 부서 문의 대응 및 이슈 조율
• 업무 절차 개선과 운영 리스크 사전 점검
• 주요 이슈 원인 분석 및 후속 조치 관리
• 정기 회의 자료 작성과 진행 현황 공유
• 현장 안전·보안·개인정보 보호 기준 준수","• 미용 관련 자격과 시술 경험 관련 기본 지식 또는 실무 경험을 보유한 분
• 필수 자격·면허: 미용사 일반 보유자 또는 입사 전 취득 가능한 분
• 맡은 업무를 정확하게 기록하고 마감까지 책임질 수 있는 분
• 문서작성, 이메일, 스프레드시트 등 기본 업무도구 활용이 가능한 분
• 고객 및 유관 부서와 원활하게 소통하고 요청사항을 정리할 수 있는 분
• 예상하지 못한 상황에서도 우선순위를 판단해 대응할 수 있는 분
• 업무상 취급하는 자료와 고객 정보를 안전하게 관리할 수 있는 분
• 교대·주말·현장 근무가 포함될 수 있는 일정에 대응 가능한 분","• 뷰티·미용사 또는 유사 직무 경력 보유자
• 직무 관련 자격·면허 보유자: 미용사 일반
• 직무 관련 자격·면허 보유자: 미용사 피부
• ERP, WMS, CRM, POS 등 직무 관련 시스템 사용 경험자
• 수치와 데이터를 활용한 실적 분석 경험자
• 다양한 이해관계자와 협업해 문제를 해결한 경험자
• 외국어 또는 관련 법규·안전 기준을 활용할 수 있는 분","• 지원서 및 제출서류의 허위기재 또는 허위 제출
• 채용 과정에서 본인 확인이 불가능한 경우
• 채용검진 결과 업무 수행에 부적합하다고 판단되는 경우
• 해외여행 및 근무에 결격사유가 있는 경우
• 기타 회사 또는 기관의 인사규정상 채용이 불가능한 경우",서류전형 > 1차면접 > 2차면접 > 채용검진
1104,뷰티·미용사 운영 매니저,118,111,20260416,20260527,4,신입·경력,기간제,세종특별자치시,박사 이상,"기업 부설 연구소에서 고객의 스타일과 요구에 맞는 미용 서비스를 제공하는 포지션을(를) 맡을 뷰티·미용사를 모집합니다.

이번 포지션은 상담, 커트·컬러, 시술, 위생, 고객관리을 중심으로 운영 현장의 품질과 일정, 고객 경험을 함께 관리하는 역할입니다.

고객과 동료에게 신뢰를 주는 태도로 맡은 업무를 끝까지 책임지는 포지션입니다.

유관 부서 및 외부 파트너와 업무 기준을 공유하고, 이슈 발생 시 원인을 정리해 재발 방지 방안을 실행합니다.

초기에는 담당 업무의 프로세스와 시스템을 익히고, 이후에는 담당 영역의 지표 개선과 운영 표준화까지 주도하게 됩니다.","• 상담, 커트·컬러, 시술, 위생, 고객관리 및 일일 운영 현황 관리
• 업무 일정·실적·품질 지표 점검 및 보고
• 관련 시스템과 문서의 정확한 입력·관리
• 고객·협력사·유관 부서 문의 대응 및 이슈 조율
• 업무 절차 개선과 운영 리스크 사전 점검
• 주요 이슈 원인 분석 및 후속 조치 관리
• 정기 회의 자료 작성과 진행 현황 공유
• 업무 매뉴얼 정비와 신규 구성원 온보딩 지원","• 미용 관련 자격과 시술 경험 관련 기본 지식 또는 실무 경험을 보유한 분
• 필수 자격·면허: 미용사 일반 보유자 또는 입사 전 취득 가능한 분
• 맡은 업무를 정확하게 기록하고 마감까지 책임질 수 있는 분
• 문서작성, 이메일, 스프레드시트 등 기본 업무도구 활용이 가능한 분
• 고객 및 유관 부서와 원활하게 소통하고 요청사항을 정리할 수 있는 분
• 예상하지 못한 상황에서도 우선순위를 판단해 대응할 수 있는 분
• 업무상 취급하는 자료와 고객 정보를 안전하게 관리할 수 있는 분
• 직무 관련 교육을 꾸준히 이수하며 전문성을 높일 분","• 뷰티·미용사 또는 유사 직무 경력 보유자
• 직무 관련 자격·면허 보유자: 미용사 일반
• 직무 관련 자격·면허 보유자: 미용사 피부
• ERP, WMS, CRM, POS 등 직무 관련 시스템 사용 경험자
• 수치와 데이터를 활용한 실적 분석 경험자
• 다양한 이해관계자와 협업해 문제를 해결한 경험자
• 신규 프로세스 구축이나 업무 자동화 경험자","• 지원서 및 제출서류의 허위기재 또는 허위 제출
• 채용 과정에서 본인 확인이 불가능한 경우
• 채용검진 결과 업무 수행에 부적합하다고 판단되는 경우
• 해외여행 및 근무에 결격사유가 있는 경우
• 기타 회사 또는 기관의 인사규정상 채용이 불가능한 경우",서류전형 > 필기전형 > 면접전형 > 최종합격
1105,뷰티·미용사 전문 인력,53,111,20260503,20260515,15,경력 2년 이상,정규직,충청북도,학력무관,"전문 협회에서 고객의 스타일과 요구에 맞는 미용 서비스를 제공하는 포지션을(를) 맡을 뷰티·미용사를 모집합니다.

이번 포지션은 상담, 커트·컬러, 시술, 위생, 고객관리을 중심으로 운영 현장의 품질과 일정, 고객 경험을 함께 관리하는 역할입니다.

데이터와 현장 감각을 함께 활용해 반복 업무를 효율화하는 역할입니다.

유관 부서 및 외부 파트너와 업무 기준을 공유하고, 이슈 발생 시 원인을 정리해 재발 방지 방안을 실행합니다.

초기에는 담당 업무의 프로세스와 시스템을 익히고, 이후에는 담당 영역의 지표 개선과 운영 표준화까지 주도하게 됩니다.","• 상담, 커트·컬러, 시술, 위생, 고객관리 및 일일 운영 현황 관리
• 업무 일정·실적·품질 지표 점검 및 보고
• 관련 시스템과 문서의 정확한 입력·관리
• 고객·협력사·유관 부서 문의 대응 및 이슈 조율
• 업무 절차 개선과 운영 리스크 사전 점검
• 주요 이슈 원인 분석 및 후속 조치 관리
• 정기 회의 자료 작성과 진행 현황 공유
• 현장 안전·보안·개인정보 보호 기준 준수","• 미용 관련 자격과 시술 경험 관련 기본 지식 또는 실무 경험을 보유한 분
• 필수 자격·면허: 미용사 일반 보유자 또는 입사 전 취득 가능한 분
• 맡은 업무를 정확하게 기록하고 마감까지 책임질 수 있는 분
• 문서작성, 이메일, 스프레드시트 등 기본 업무도구 활용이 가능한 분
• 고객 및 유관 부서와 원활하게 소통하고 요청사항을 정리할 수 있는 분
• 예상하지 못한 상황에서도 우선순위를 판단해 대응할 수 있는 분
• 업무상 취급하는 자료와 고객 정보를 안전하게 관리할 수 있는 분
• 직무 관련 교육을 꾸준히 이수하며 전문성을 높일 분","• 뷰티·미용사 또는 유사 직무 경력 보유자
• 직무 관련 자격·면허 보유자: 미용사 일반
• 직무 관련 자격·면허 보유자: 미용사 피부
• ERP, WMS, CRM, POS 등 직무 관련 시스템 사용 경험자
• 수치와 데이터를 활용한 실적 분석 경험자
• 다양한 이해관계자와 협업해 문제를 해결한 경험자
• 외국어 또는 관련 법규·안전 기준을 활용할 수 있는 분","• 지원서 및 제출서류의 허위기재 또는 허위 제출
• 채용 과정에서 본인 확인이 불가능한 경우
• 채용검진 결과 업무 수행에 부적합하다고 판단되는 경우
• 해외여행 및 근무에 결격사유가 있는 경우
• 기타 회사 또는 기관의 인사규정상 채용이 불가능한 경우",서류전형 > 실무면접 > 최종면접
1106,뷰티·미용사 경력 채용,116,111,20260520,20260608,6,경력 3년 이상,계약직,전라남도,전문학사 이상,"공공서비스 운영기관에서 고객의 스타일과 요구에 맞는 미용 서비스를 제공하는 포지션을(를) 맡을 뷰티·미용사를 모집합니다.

이번 포지션은 상담, 커트·컬러, 시술, 위생, 고객관리을 중심으로 운영 현장의 품질과 일정, 고객 경험을 함께 관리하는 역할입니다.

정해진 절차를 지키되 상황에 맞게 유연하게 대응하는 실무자를 모집합니다.

유관 부서 및 외부 파트너와 업무 기준을 공유하고, 이슈 발생 시 원인을 정리해 재발 방지 방안을 실행합니다.

초기에는 담당 업무의 프로세스와 시스템을 익히고, 이후에는 담당 영역의 지표 개선과 운영 표준화까지 주도하게 됩니다.","• 상담, 커트·컬러, 시술, 위생, 고객관리 및 일일 운영 현황 관리
• 업무 일정·실적·품질 지표 점검 및 보고
• 관련 시스템과 문서의 정확한 입력·관리
• 고객·협력사·유관 부서 문의 대응 및 이슈 조율
• 업무 절차 개선과 운영 리스크 사전 점검
• 주요 이슈 원인 분석 및 후속 조치 관리
• 정기 회의 자료 작성과 진행 현황 공유
• 업무 매뉴얼 정비와 신규 구성원 온보딩 지원","• 미용 관련 자격과 시술 경험 관련 기본 지식 또는 실무 경험을 보유한 분
• 필수 자격·면허: 미용사 일반 보유자 또는 입사 전 취득 가능한 분
• 맡은 업무를 정확하게 기록하고 마감까지 책임질 수 있는 분
• 문서작성, 이메일, 스프레드시트 등 기본 업무도구 활용이 가능한 분
• 고객 및 유관 부서와 원활하게 소통하고 요청사항을 정리할 수 있는 분
• 예상하지 못한 상황에서도 우선순위를 판단해 대응할 수 있는 분
• 업무상 취급하는 자료와 고객 정보를 안전하게 관리할 수 있는 분
• 교대·주말·현장 근무가 포함될 수 있는 일정에 대응 가능한 분","• 뷰티·미용사 또는 유사 직무 경력 보유자
• 직무 관련 자격·면허 보유자: 미용사 일반
• 직무 관련 자격·면허 보유자: 미용사 피부
• ERP, WMS, CRM, POS 등 직무 관련 시스템 사용 경험자
• 수치와 데이터를 활용한 실적 분석 경험자
• 다양한 이해관계자와 협업해 문제를 해결한 경험자
• 신규 프로세스 구축이나 업무 자동화 경험자","• 지원서 및 제출서류의 허위기재 또는 허위 제출
• 채용 과정에서 본인 확인이 불가능한 경우
• 채용검진 결과 업무 수행에 부적합하다고 판단되는 경우
• 해외여행 및 근무에 결격사유가 있는 경우
• 기타 회사 또는 기관의 인사규정상 채용이 불가능한 경우",서류전형 > 인성검사 > 실무면접 > 최종면접
1107,뷰티·미용사 현장 책임자,25,111,20260606,20260702,17,경력 5년 이상,무기계약직,제주특별자치도,학사 이상,"대기업 사업부에서 고객의 스타일과 요구에 맞는 미용 서비스를 제공하는 포지션을(를) 맡을 뷰티·미용사를 모집합니다.

이번 포지션은 상담, 커트·컬러, 시술, 위생, 고객관리을 중심으로 운영 현장의 품질과 일정, 고객 경험을 함께 관리하는 역할입니다.

부서 간 원활한 소통으로 일정과 품질을 안정적으로 관리하는 직무입니다.

유관 부서 및 외부 파트너와 업무 기준을 공유하고, 이슈 발생 시 원인을 정리해 재발 방지 방안을 실행합니다.

초기에는 담당 업무의 프로세스와 시스템을 익히고, 이후에는 담당 영역의 지표 개선과 운영 표준화까지 주도하게 됩니다.","• 상담, 커트·컬러, 시술, 위생, 고객관리 및 일일 운영 현황 관리
• 업무 일정·실적·품질 지표 점검 및 보고
• 관련 시스템과 문서의 정확한 입력·관리
• 고객·협력사·유관 부서 문의 대응 및 이슈 조율
• 업무 절차 개선과 운영 리스크 사전 점검
• 주요 이슈 원인 분석 및 후속 조치 관리
• 정기 회의 자료 작성과 진행 현황 공유
• 현장 안전·보안·개인정보 보호 기준 준수","• 미용 관련 자격과 시술 경험 관련 기본 지식 또는 실무 경험을 보유한 분
• 필수 자격·면허: 미용사 일반 보유자 또는 입사 전 취득 가능한 분
• 맡은 업무를 정확하게 기록하고 마감까지 책임질 수 있는 분
• 문서작성, 이메일, 스프레드시트 등 기본 업무도구 활용이 가능한 분
• 고객 및 유관 부서와 원활하게 소통하고 요청사항을 정리할 수 있는 분
• 예상하지 못한 상황에서도 우선순위를 판단해 대응할 수 있는 분
• 업무상 취급하는 자료와 고객 정보를 안전하게 관리할 수 있는 분
• 직무 관련 교육을 꾸준히 이수하며 전문성을 높일 분","• 뷰티·미용사 또는 유사 직무 경력 보유자
• 직무 관련 자격·면허 보유자: 미용사 일반
• 직무 관련 자격·면허 보유자: 미용사 피부
• ERP, WMS, CRM, POS 등 직무 관련 시스템 사용 경험자
• 수치와 데이터를 활용한 실적 분석 경험자
• 다양한 이해관계자와 협업해 문제를 해결한 경험자
• 외국어 또는 관련 법규·안전 기준을 활용할 수 있는 분","• 지원서 및 제출서류의 허위기재 또는 허위 제출
• 채용 과정에서 본인 확인이 불가능한 경우
• 채용검진 결과 업무 수행에 부적합하다고 판단되는 경우
• 해외여행 및 근무에 결격사유가 있는 경우
• 기타 회사 또는 기관의 인사규정상 채용이 불가능한 경우",서류전형 > 직무과제 > 실무면접 > 최종합격
1108,뷰티·미용사 서비스 담당,145,111,20260623,20260726,8,경력 무관,기간제,인천광역시,석사 이상,"중견 제조기업에서 고객의 스타일과 요구에 맞는 미용 서비스를 제공하는 포지션을(를) 맡을 뷰티·미용사를 모집합니다.

이번 포지션은 상담, 커트·컬러, 시술, 위생, 고객관리을 중심으로 운영 현장의 품질과 일정, 고객 경험을 함께 관리하는 역할입니다.

서비스 품질과 안전을 우선하며 꾸준히 전문성을 쌓을 수 있는 포지션입니다.

유관 부서 및 외부 파트너와 업무 기준을 공유하고, 이슈 발생 시 원인을 정리해 재발 방지 방안을 실행합니다.

초기에는 담당 업무의 프로세스와 시스템을 익히고, 이후에는 담당 영역의 지표 개선과 운영 표준화까지 주도하게 됩니다.","• 상담, 커트·컬러, 시술, 위생, 고객관리 및 일일 운영 현황 관리
• 업무 일정·실적·품질 지표 점검 및 보고
• 관련 시스템과 문서의 정확한 입력·관리
• 고객·협력사·유관 부서 문의 대응 및 이슈 조율
• 업무 절차 개선과 운영 리스크 사전 점검
• 주요 이슈 원인 분석 및 후속 조치 관리
• 정기 회의 자료 작성과 진행 현황 공유
• 업무 매뉴얼 정비와 신규 구성원 온보딩 지원","• 미용 관련 자격과 시술 경험 관련 기본 지식 또는 실무 경험을 보유한 분
• 필수 자격·면허: 미용사 일반 보유자 또는 입사 전 취득 가능한 분
• 맡은 업무를 정확하게 기록하고 마감까지 책임질 수 있는 분
• 문서작성, 이메일, 스프레드시트 등 기본 업무도구 활용이 가능한 분
• 고객 및 유관 부서와 원활하게 소통하고 요청사항을 정리할 수 있는 분
• 예상하지 못한 상황에서도 우선순위를 판단해 대응할 수 있는 분
• 업무상 취급하는 자료와 고객 정보를 안전하게 관리할 수 있는 분
• 직무 관련 교육을 꾸준히 이수하며 전문성을 높일 분","• 뷰티·미용사 또는 유사 직무 경력 보유자
• 직무 관련 자격·면허 보유자: 미용사 일반
• 직무 관련 자격·면허 보유자: 미용사 피부
• ERP, WMS, CRM, POS 등 직무 관련 시스템 사용 경험자
• 수치와 데이터를 활용한 실적 분석 경험자
• 다양한 이해관계자와 협업해 문제를 해결한 경험자
• 신규 프로세스 구축이나 업무 자동화 경험자","• 지원서 및 제출서류의 허위기재 또는 허위 제출
• 채용 과정에서 본인 확인이 불가능한 경우
• 채용검진 결과 업무 수행에 부적합하다고 판단되는 경우
• 해외여행 및 근무에 결격사유가 있는 경우
• 기타 회사 또는 기관의 인사규정상 채용이 불가능한 경우",서류전형 > 1차면접 > 2차면접 > 채용검진
1109,뷰티·미용사 담당자,90,111,20260710,20260819,19,신입,정규직,울산광역시,박사 이상,"전문 중소기업에서 고객의 스타일과 요구에 맞는 미용 서비스를 제공하는 포지션을(를) 맡을 뷰티·미용사를 모집합니다.

이번 포지션은 상담, 커트·컬러, 시술, 위생, 고객관리을 중심으로 운영 현장의 품질과 일정, 고객 경험을 함께 관리하는 역할입니다.

기본기를 바탕으로 새로운 업무를 빠르게 익히고 실행할 분을 모십니다.

유관 부서 및 외부 파트너와 업무 기준을 공유하고, 이슈 발생 시 원인을 정리해 재발 방지 방안을 실행합니다.

초기에는 담당 업무의 프로세스와 시스템을 익히고, 이후에는 담당 영역의 지표 개선과 운영 표준화까지 주도하게 됩니다.","• 상담, 커트·컬러, 시술, 위생, 고객관리 및 일일 운영 현황 관리
• 업무 일정·실적·품질 지표 점검 및 보고
• 관련 시스템과 문서의 정확한 입력·관리
• 고객·협력사·유관 부서 문의 대응 및 이슈 조율
• 업무 절차 개선과 운영 리스크 사전 점검
• 주요 이슈 원인 분석 및 후속 조치 관리
• 정기 회의 자료 작성과 진행 현황 공유
• 현장 안전·보안·개인정보 보호 기준 준수","• 미용 관련 자격과 시술 경험 관련 기본 지식 또는 실무 경험을 보유한 분
• 필수 자격·면허: 미용사 일반 보유자 또는 입사 전 취득 가능한 분
• 맡은 업무를 정확하게 기록하고 마감까지 책임질 수 있는 분
• 문서작성, 이메일, 스프레드시트 등 기본 업무도구 활용이 가능한 분
• 고객 및 유관 부서와 원활하게 소통하고 요청사항을 정리할 수 있는 분
• 예상하지 못한 상황에서도 우선순위를 판단해 대응할 수 있는 분
• 업무상 취급하는 자료와 고객 정보를 안전하게 관리할 수 있는 분
• 교대·주말·현장 근무가 포함될 수 있는 일정에 대응 가능한 분","• 뷰티·미용사 또는 유사 직무 경력 보유자
• 직무 관련 자격·면허 보유자: 미용사 일반
• 직무 관련 자격·면허 보유자: 미용사 피부
• ERP, WMS, CRM, POS 등 직무 관련 시스템 사용 경험자
• 수치와 데이터를 활용한 실적 분석 경험자
• 다양한 이해관계자와 협업해 문제를 해결한 경험자
• 외국어 또는 관련 법규·안전 기준을 활용할 수 있는 분","• 지원서 및 제출서류의 허위기재 또는 허위 제출
• 채용 과정에서 본인 확인이 불가능한 경우
• 채용검진 결과 업무 수행에 부적합하다고 판단되는 경우
• 해외여행 및 근무에 결격사유가 있는 경우
• 기타 회사 또는 기관의 인사규정상 채용이 불가능한 경우",서류전형 > 필기전형 > 면접전형 > 최종합격
1110,뷰티·미용사 실무자,129,111,20260727,20260807,10,경력,계약직,강원특별자치도,학력무관,"성장 단계 스타트업에서 고객의 스타일과 요구에 맞는 미용 서비스를 제공하는 포지션을(를) 맡을 뷰티·미용사를 모집합니다.

이번 포지션은 상담, 커트·컬러, 시술, 위생, 고객관리을 중심으로 운영 현장의 품질과 일정, 고객 경험을 함께 관리하는 역할입니다.

성과와 고객 만족을 함께 고려하며 실질적인 변화를 만드는 역할입니다.

유관 부서 및 외부 파트너와 업무 기준을 공유하고, 이슈 발생 시 원인을 정리해 재발 방지 방안을 실행합니다.

초기에는 담당 업무의 프로세스와 시스템을 익히고, 이후에는 담당 영역의 지표 개선과 운영 표준화까지 주도하게 됩니다.","• 상담, 커트·컬러, 시술, 위생, 고객관리 및 일일 운영 현황 관리
• 업무 일정·실적·품질 지표 점검 및 보고
• 관련 시스템과 문서의 정확한 입력·관리
• 고객·협력사·유관 부서 문의 대응 및 이슈 조율
• 업무 절차 개선과 운영 리스크 사전 점검
• 주요 이슈 원인 분석 및 후속 조치 관리
• 정기 회의 자료 작성과 진행 현황 공유
• 업무 매뉴얼 정비와 신규 구성원 온보딩 지원","• 미용 관련 자격과 시술 경험 관련 기본 지식 또는 실무 경험을 보유한 분
• 필수 자격·면허: 미용사 일반 보유자 또는 입사 전 취득 가능한 분
• 맡은 업무를 정확하게 기록하고 마감까지 책임질 수 있는 분
• 문서작성, 이메일, 스프레드시트 등 기본 업무도구 활용이 가능한 분
• 고객 및 유관 부서와 원활하게 소통하고 요청사항을 정리할 수 있는 분
• 예상하지 못한 상황에서도 우선순위를 판단해 대응할 수 있는 분
• 업무상 취급하는 자료와 고객 정보를 안전하게 관리할 수 있는 분
• 직무 관련 교육을 꾸준히 이수하며 전문성을 높일 분","• 뷰티·미용사 또는 유사 직무 경력 보유자
• 직무 관련 자격·면허 보유자: 미용사 일반
• 직무 관련 자격·면허 보유자: 미용사 피부
• ERP, WMS, CRM, POS 등 직무 관련 시스템 사용 경험자
• 수치와 데이터를 활용한 실적 분석 경험자
• 다양한 이해관계자와 협업해 문제를 해결한 경험자
• 신규 프로세스 구축이나 업무 자동화 경험자","• 지원서 및 제출서류의 허위기재 또는 허위 제출
• 채용 과정에서 본인 확인이 불가능한 경우
• 채용검진 결과 업무 수행에 부적합하다고 판단되는 경우
• 해외여행 및 근무에 결격사유가 있는 경우
• 기타 회사 또는 기관의 인사규정상 채용이 불가능한 경우",서류전형 > 실무면접 > 최종면접
1111,애견미용·훈련 전문 인력,51,112,20260813,20260831,1,경력 2년 이상,무기계약직,전라남도,학사 이상,"종합병원 운영조직에서 반려동물 미용과 행동 교육을 담당하는 포지션을(를) 맡을 애견미용·훈련를 모집합니다.

이번 포지션은 상담, 목욕, 미용, 행동관찰, 보호자안내을 중심으로 운영 현장의 품질과 일정, 고객 경험을 함께 관리하는 역할입니다.

정확한 실행력과 협업을 바탕으로 안정적인 운영을 함께 만들어 갈 분을 찾습니다.

유관 부서 및 외부 파트너와 업무 기준을 공유하고, 이슈 발생 시 원인을 정리해 재발 방지 방안을 실행합니다.

초기에는 담당 업무의 프로세스와 시스템을 익히고, 이후에는 담당 영역의 지표 개선과 운영 표준화까지 주도하게 됩니다.","• 상담, 목욕, 미용, 행동관찰, 보호자안내 및 일일 운영 현황 관리
• 업무 일정·실적·품질 지표 점검 및 보고
• 관련 시스템과 문서의 정확한 입력·관리
• 고객·협력사·유관 부서 문의 대응 및 이슈 조율
• 업무 절차 개선과 운영 리스크 사전 점검
• 주요 이슈 원인 분석 및 후속 조치 관리
• 정기 회의 자료 작성과 진행 현황 공유
• 현장 안전·보안·개인정보 보호 기준 준수","• 반려동물 handling과 관련 자격 관련 기본 지식 또는 실무 경험을 보유한 분
• 필수 자격·면허: 반려견스타일리스트 3급 보유자 또는 입사 전 취득 가능한 분
• 맡은 업무를 정확하게 기록하고 마감까지 책임질 수 있는 분
• 문서작성, 이메일, 스프레드시트 등 기본 업무도구 활용이 가능한 분
• 고객 및 유관 부서와 원활하게 소통하고 요청사항을 정리할 수 있는 분
• 예상하지 못한 상황에서도 우선순위를 판단해 대응할 수 있는 분
• 업무상 취급하는 자료와 고객 정보를 안전하게 관리할 수 있는 분
• 직무 관련 교육을 꾸준히 이수하며 전문성을 높일 분","• 애견미용·훈련 또는 유사 직무 경력 보유자
• 직무 관련 자격·면허 보유자: 반려견스타일리스트 3급
• 직무 관련 자격·면허 보유자: 반려동물행동교정사
• ERP, WMS, CRM, POS 등 직무 관련 시스템 사용 경험자
• 수치와 데이터를 활용한 실적 분석 경험자
• 다양한 이해관계자와 협업해 문제를 해결한 경험자
• 외국어 또는 관련 법규·안전 기준을 활용할 수 있는 분","• 지원서 및 제출서류의 허위기재 또는 허위 제출
• 채용 과정에서 본인 확인이 불가능한 경우
• 채용검진 결과 업무 수행에 부적합하다고 판단되는 경우
• 해외여행 및 근무에 결격사유가 있는 경우
• 기타 회사 또는 기관의 인사규정상 채용이 불가능한 경우",서류전형 > 직무과제 > 실무면접 > 최종합격
1112,애견미용·훈련 경력 채용,25,112,20260830,20260924,12,경력 3년 이상,기간제,제주특별자치도,석사 이상,"대학 산학협력단에서 반려동물 미용과 행동 교육을 담당하는 포지션을(를) 맡을 애견미용·훈련를 모집합니다.

이번 포지션은 상담, 목욕, 미용, 행동관찰, 보호자안내을 중심으로 운영 현장의 품질과 일정, 고객 경험을 함께 관리하는 역할입니다.

현장과 유관 부서의 요구를 연결하며 업무 품질을 높이는 역할입니다.

유관 부서 및 외부 파트너와 업무 기준을 공유하고, 이슈 발생 시 원인을 정리해 재발 방지 방안을 실행합니다.

초기에는 담당 업무의 프로세스와 시스템을 익히고, 이후에는 담당 영역의 지표 개선과 운영 표준화까지 주도하게 됩니다.","• 상담, 목욕, 미용, 행동관찰, 보호자안내 및 일일 운영 현황 관리
• 업무 일정·실적·품질 지표 점검 및 보고
• 관련 시스템과 문서의 정확한 입력·관리
• 고객·협력사·유관 부서 문의 대응 및 이슈 조율
• 업무 절차 개선과 운영 리스크 사전 점검
• 주요 이슈 원인 분석 및 후속 조치 관리
• 정기 회의 자료 작성과 진행 현황 공유
• 업무 매뉴얼 정비와 신규 구성원 온보딩 지원","• 반려동물 handling과 관련 자격 관련 기본 지식 또는 실무 경험을 보유한 분
• 필수 자격·면허: 반려견스타일리스트 3급 보유자 또는 입사 전 취득 가능한 분
• 맡은 업무를 정확하게 기록하고 마감까지 책임질 수 있는 분
• 문서작성, 이메일, 스프레드시트 등 기본 업무도구 활용이 가능한 분
• 고객 및 유관 부서와 원활하게 소통하고 요청사항을 정리할 수 있는 분
• 예상하지 못한 상황에서도 우선순위를 판단해 대응할 수 있는 분
• 업무상 취급하는 자료와 고객 정보를 안전하게 관리할 수 있는 분
• 교대·주말·현장 근무가 포함될 수 있는 일정에 대응 가능한 분","• 애견미용·훈련 또는 유사 직무 경력 보유자
• 직무 관련 자격·면허 보유자: 반려견스타일리스트 3급
• 직무 관련 자격·면허 보유자: 반려동물행동교정사
• ERP, WMS, CRM, POS 등 직무 관련 시스템 사용 경험자
• 수치와 데이터를 활용한 실적 분석 경험자
• 다양한 이해관계자와 협업해 문제를 해결한 경험자
• 신규 프로세스 구축이나 업무 자동화 경험자","• 지원서 및 제출서류의 허위기재 또는 허위 제출
• 채용 과정에서 본인 확인이 불가능한 경우
• 채용검진 결과 업무 수행에 부적합하다고 판단되는 경우
• 해외여행 및 근무에 결격사유가 있는 경우
• 기타 회사 또는 기관의 인사규정상 채용이 불가능한 경우",서류전형 > 1차면접 > 2차면접 > 채용검진
1113,애견미용·훈련 현장 책임자,47,112,20260916,20261018,3,경력 5년 이상,정규직,인천광역시,박사 이상,"기업 부설 연구소에서 반려동물 미용과 행동 교육을 담당하는 포지션을(를) 맡을 애견미용·훈련를 모집합니다.

이번 포지션은 상담, 목욕, 미용, 행동관찰, 보호자안내을 중심으로 운영 현장의 품질과 일정, 고객 경험을 함께 관리하는 역할입니다.

업무 기준을 준수하면서도 개선점을 주도적으로 제안할 수 있는 분을 기다립니다.

유관 부서 및 외부 파트너와 업무 기준을 공유하고, 이슈 발생 시 원인을 정리해 재발 방지 방안을 실행합니다.

초기에는 담당 업무의 프로세스와 시스템을 익히고, 이후에는 담당 영역의 지표 개선과 운영 표준화까지 주도하게 됩니다.","• 상담, 목욕, 미용, 행동관찰, 보호자안내 및 일일 운영 현황 관리
• 업무 일정·실적·품질 지표 점검 및 보고
• 관련 시스템과 문서의 정확한 입력·관리
• 고객·협력사·유관 부서 문의 대응 및 이슈 조율
• 업무 절차 개선과 운영 리스크 사전 점검
• 주요 이슈 원인 분석 및 후속 조치 관리
• 정기 회의 자료 작성과 진행 현황 공유
• 현장 안전·보안·개인정보 보호 기준 준수","• 반려동물 handling과 관련 자격 관련 기본 지식 또는 실무 경험을 보유한 분
• 필수 자격·면허: 반려견스타일리스트 3급 보유자 또는 입사 전 취득 가능한 분
• 맡은 업무를 정확하게 기록하고 마감까지 책임질 수 있는 분
• 문서작성, 이메일, 스프레드시트 등 기본 업무도구 활용이 가능한 분
• 고객 및 유관 부서와 원활하게 소통하고 요청사항을 정리할 수 있는 분
• 예상하지 못한 상황에서도 우선순위를 판단해 대응할 수 있는 분
• 업무상 취급하는 자료와 고객 정보를 안전하게 관리할 수 있는 분
• 직무 관련 교육을 꾸준히 이수하며 전문성을 높일 분","• 애견미용·훈련 또는 유사 직무 경력 보유자
• 직무 관련 자격·면허 보유자: 반려견스타일리스트 3급
• 직무 관련 자격·면허 보유자: 반려동물행동교정사
• ERP, WMS, CRM, POS 등 직무 관련 시스템 사용 경험자
• 수치와 데이터를 활용한 실적 분석 경험자
• 다양한 이해관계자와 협업해 문제를 해결한 경험자
• 외국어 또는 관련 법규·안전 기준을 활용할 수 있는 분","• 지원서 및 제출서류의 허위기재 또는 허위 제출
• 채용 과정에서 본인 확인이 불가능한 경우
• 채용검진 결과 업무 수행에 부적합하다고 판단되는 경우
• 해외여행 및 근무에 결격사유가 있는 경우
• 기타 회사 또는 기관의 인사규정상 채용이 불가능한 경우",서류전형 > 필기전형 > 면접전형 > 최종합격
1114,애견미용·훈련 서비스 담당,13,112,20261003,20261111,14,경력 무관,계약직,울산광역시,학력무관,"전문 협회에서 반려동물 미용과 행동 교육을 담당하는 포지션을(를) 맡을 애견미용·훈련를 모집합니다.

이번 포지션은 상담, 목욕, 미용, 행동관찰, 보호자안내을 중심으로 운영 현장의 품질과 일정, 고객 경험을 함께 관리하는 역할입니다.

고객과 동료에게 신뢰를 주는 태도로 맡은 업무를 끝까지 책임지는 포지션입니다.

유관 부서 및 외부 파트너와 업무 기준을 공유하고, 이슈 발생 시 원인을 정리해 재발 방지 방안을 실행합니다.

초기에는 담당 업무의 프로세스와 시스템을 익히고, 이후에는 담당 영역의 지표 개선과 운영 표준화까지 주도하게 됩니다.","• 상담, 목욕, 미용, 행동관찰, 보호자안내 및 일일 운영 현황 관리
• 업무 일정·실적·품질 지표 점검 및 보고
• 관련 시스템과 문서의 정확한 입력·관리
• 고객·협력사·유관 부서 문의 대응 및 이슈 조율
• 업무 절차 개선과 운영 리스크 사전 점검
• 주요 이슈 원인 분석 및 후속 조치 관리
• 정기 회의 자료 작성과 진행 현황 공유
• 업무 매뉴얼 정비와 신규 구성원 온보딩 지원","• 반려동물 handling과 관련 자격 관련 기본 지식 또는 실무 경험을 보유한 분
• 필수 자격·면허: 반려견스타일리스트 3급 보유자 또는 입사 전 취득 가능한 분
• 맡은 업무를 정확하게 기록하고 마감까지 책임질 수 있는 분
• 문서작성, 이메일, 스프레드시트 등 기본 업무도구 활용이 가능한 분
• 고객 및 유관 부서와 원활하게 소통하고 요청사항을 정리할 수 있는 분
• 예상하지 못한 상황에서도 우선순위를 판단해 대응할 수 있는 분
• 업무상 취급하는 자료와 고객 정보를 안전하게 관리할 수 있는 분
• 직무 관련 교육을 꾸준히 이수하며 전문성을 높일 분","• 애견미용·훈련 또는 유사 직무 경력 보유자
• 직무 관련 자격·면허 보유자: 반려견스타일리스트 3급
• 직무 관련 자격·면허 보유자: 반려동물행동교정사
• ERP, WMS, CRM, POS 등 직무 관련 시스템 사용 경험자
• 수치와 데이터를 활용한 실적 분석 경험자
• 다양한 이해관계자와 협업해 문제를 해결한 경험자
• 신규 프로세스 구축이나 업무 자동화 경험자","• 지원서 및 제출서류의 허위기재 또는 허위 제출
• 채용 과정에서 본인 확인이 불가능한 경우
• 채용검진 결과 업무 수행에 부적합하다고 판단되는 경우
• 해외여행 및 근무에 결격사유가 있는 경우
• 기타 회사 또는 기관의 인사규정상 채용이 불가능한 경우",서류전형 > 실무면접 > 최종면접
1115,애견미용·훈련 담당자,23,112,20261020,20261030,5,신입,무기계약직,강원특별자치도,전문학사 이상,"공공서비스 운영기관에서 반려동물 미용과 행동 교육을 담당하는 포지션을(를) 맡을 애견미용·훈련를 모집합니다.

이번 포지션은 상담, 목욕, 미용, 행동관찰, 보호자안내을 중심으로 운영 현장의 품질과 일정, 고객 경험을 함께 관리하는 역할입니다.

데이터와 현장 감각을 함께 활용해 반복 업무를 효율화하는 역할입니다.

유관 부서 및 외부 파트너와 업무 기준을 공유하고, 이슈 발생 시 원인을 정리해 재발 방지 방안을 실행합니다.

초기에는 담당 업무의 프로세스와 시스템을 익히고, 이후에는 담당 영역의 지표 개선과 운영 표준화까지 주도하게 됩니다.","• 상담, 목욕, 미용, 행동관찰, 보호자안내 및 일일 운영 현황 관리
• 업무 일정·실적·품질 지표 점검 및 보고
• 관련 시스템과 문서의 정확한 입력·관리
• 고객·협력사·유관 부서 문의 대응 및 이슈 조율
• 업무 절차 개선과 운영 리스크 사전 점검
• 주요 이슈 원인 분석 및 후속 조치 관리
• 정기 회의 자료 작성과 진행 현황 공유
• 현장 안전·보안·개인정보 보호 기준 준수","• 반려동물 handling과 관련 자격 관련 기본 지식 또는 실무 경험을 보유한 분
• 필수 자격·면허: 반려견스타일리스트 3급 보유자 또는 입사 전 취득 가능한 분
• 맡은 업무를 정확하게 기록하고 마감까지 책임질 수 있는 분
• 문서작성, 이메일, 스프레드시트 등 기본 업무도구 활용이 가능한 분
• 고객 및 유관 부서와 원활하게 소통하고 요청사항을 정리할 수 있는 분
• 예상하지 못한 상황에서도 우선순위를 판단해 대응할 수 있는 분
• 업무상 취급하는 자료와 고객 정보를 안전하게 관리할 수 있는 분
• 교대·주말·현장 근무가 포함될 수 있는 일정에 대응 가능한 분","• 애견미용·훈련 또는 유사 직무 경력 보유자
• 직무 관련 자격·면허 보유자: 반려견스타일리스트 3급
• 직무 관련 자격·면허 보유자: 반려동물행동교정사
• ERP, WMS, CRM, POS 등 직무 관련 시스템 사용 경험자
• 수치와 데이터를 활용한 실적 분석 경험자
• 다양한 이해관계자와 협업해 문제를 해결한 경험자
• 외국어 또는 관련 법규·안전 기준을 활용할 수 있는 분","• 지원서 및 제출서류의 허위기재 또는 허위 제출
• 채용 과정에서 본인 확인이 불가능한 경우
• 채용검진 결과 업무 수행에 부적합하다고 판단되는 경우
• 해외여행 및 근무에 결격사유가 있는 경우
• 기타 회사 또는 기관의 인사규정상 채용이 불가능한 경우",서류전형 > 인성검사 > 실무면접 > 최종면접
1116,애견미용·훈련 실무자,8,112,20261106,20261123,16,경력,기간제,전라북도,학사 이상,"대기업 사업부에서 반려동물 미용과 행동 교육을 담당하는 포지션을(를) 맡을 애견미용·훈련를 모집합니다.

이번 포지션은 상담, 목욕, 미용, 행동관찰, 보호자안내을 중심으로 운영 현장의 품질과 일정, 고객 경험을 함께 관리하는 역할입니다.

정해진 절차를 지키되 상황에 맞게 유연하게 대응하는 실무자를 모집합니다.

유관 부서 및 외부 파트너와 업무 기준을 공유하고, 이슈 발생 시 원인을 정리해 재발 방지 방안을 실행합니다.

초기에는 담당 업무의 프로세스와 시스템을 익히고, 이후에는 담당 영역의 지표 개선과 운영 표준화까지 주도하게 됩니다.","• 상담, 목욕, 미용, 행동관찰, 보호자안내 및 일일 운영 현황 관리
• 업무 일정·실적·품질 지표 점검 및 보고
• 관련 시스템과 문서의 정확한 입력·관리
• 고객·협력사·유관 부서 문의 대응 및 이슈 조율
• 업무 절차 개선과 운영 리스크 사전 점검
• 주요 이슈 원인 분석 및 후속 조치 관리
• 정기 회의 자료 작성과 진행 현황 공유
• 업무 매뉴얼 정비와 신규 구성원 온보딩 지원","• 반려동물 handling과 관련 자격 관련 기본 지식 또는 실무 경험을 보유한 분
• 필수 자격·면허: 반려견스타일리스트 3급 보유자 또는 입사 전 취득 가능한 분
• 맡은 업무를 정확하게 기록하고 마감까지 책임질 수 있는 분
• 문서작성, 이메일, 스프레드시트 등 기본 업무도구 활용이 가능한 분
• 고객 및 유관 부서와 원활하게 소통하고 요청사항을 정리할 수 있는 분
• 예상하지 못한 상황에서도 우선순위를 판단해 대응할 수 있는 분
• 업무상 취급하는 자료와 고객 정보를 안전하게 관리할 수 있는 분
• 직무 관련 교육을 꾸준히 이수하며 전문성을 높일 분","• 애견미용·훈련 또는 유사 직무 경력 보유자
• 직무 관련 자격·면허 보유자: 반려견스타일리스트 3급
• 직무 관련 자격·면허 보유자: 반려동물행동교정사
• ERP, WMS, CRM, POS 등 직무 관련 시스템 사용 경험자
• 수치와 데이터를 활용한 실적 분석 경험자
• 다양한 이해관계자와 협업해 문제를 해결한 경험자
• 신규 프로세스 구축이나 업무 자동화 경험자","• 지원서 및 제출서류의 허위기재 또는 허위 제출
• 채용 과정에서 본인 확인이 불가능한 경우
• 채용검진 결과 업무 수행에 부적합하다고 판단되는 경우
• 해외여행 및 근무에 결격사유가 있는 경우
• 기타 회사 또는 기관의 인사규정상 채용이 불가능한 경우",서류전형 > 직무과제 > 실무면접 > 최종합격
1117,애견미용·훈련 운영 매니저,74,112,20261123,20261217,7,신입·경력,정규직,경상남도,석사 이상,"중견 제조기업에서 반려동물 미용과 행동 교육을 담당하는 포지션을(를) 맡을 애견미용·훈련를 모집합니다.

이번 포지션은 상담, 목욕, 미용, 행동관찰, 보호자안내을 중심으로 운영 현장의 품질과 일정, 고객 경험을 함께 관리하는 역할입니다.

부서 간 원활한 소통으로 일정과 품질을 안정적으로 관리하는 직무입니다.

유관 부서 및 외부 파트너와 업무 기준을 공유하고, 이슈 발생 시 원인을 정리해 재발 방지 방안을 실행합니다.

초기에는 담당 업무의 프로세스와 시스템을 익히고, 이후에는 담당 영역의 지표 개선과 운영 표준화까지 주도하게 됩니다.","• 상담, 목욕, 미용, 행동관찰, 보호자안내 및 일일 운영 현황 관리
• 업무 일정·실적·품질 지표 점검 및 보고
• 관련 시스템과 문서의 정확한 입력·관리
• 고객·협력사·유관 부서 문의 대응 및 이슈 조율
• 업무 절차 개선과 운영 리스크 사전 점검
• 주요 이슈 원인 분석 및 후속 조치 관리
• 정기 회의 자료 작성과 진행 현황 공유
• 현장 안전·보안·개인정보 보호 기준 준수","• 반려동물 handling과 관련 자격 관련 기본 지식 또는 실무 경험을 보유한 분
• 필수 자격·면허: 반려견스타일리스트 3급 보유자 또는 입사 전 취득 가능한 분
• 맡은 업무를 정확하게 기록하고 마감까지 책임질 수 있는 분
• 문서작성, 이메일, 스프레드시트 등 기본 업무도구 활용이 가능한 분
• 고객 및 유관 부서와 원활하게 소통하고 요청사항을 정리할 수 있는 분
• 예상하지 못한 상황에서도 우선순위를 판단해 대응할 수 있는 분
• 업무상 취급하는 자료와 고객 정보를 안전하게 관리할 수 있는 분
• 직무 관련 교육을 꾸준히 이수하며 전문성을 높일 분","• 애견미용·훈련 또는 유사 직무 경력 보유자
• 직무 관련 자격·면허 보유자: 반려견스타일리스트 3급
• 직무 관련 자격·면허 보유자: 반려동물행동교정사
• ERP, WMS, CRM, POS 등 직무 관련 시스템 사용 경험자
• 수치와 데이터를 활용한 실적 분석 경험자
• 다양한 이해관계자와 협업해 문제를 해결한 경험자
• 외국어 또는 관련 법규·안전 기준을 활용할 수 있는 분","• 지원서 및 제출서류의 허위기재 또는 허위 제출
• 채용 과정에서 본인 확인이 불가능한 경우
• 채용검진 결과 업무 수행에 부적합하다고 판단되는 경우
• 해외여행 및 근무에 결격사유가 있는 경우
• 기타 회사 또는 기관의 인사규정상 채용이 불가능한 경우",서류전형 > 1차면접 > 2차면접 > 채용검진
1118,애견미용·훈련 전문 인력,150,112,20261210,20270110,18,경력 2년 이상,계약직,부산광역시,박사 이상,"전문 중소기업에서 반려동물 미용과 행동 교육을 담당하는 포지션을(를) 맡을 애견미용·훈련를 모집합니다.

이번 포지션은 상담, 목욕, 미용, 행동관찰, 보호자안내을 중심으로 운영 현장의 품질과 일정, 고객 경험을 함께 관리하는 역할입니다.

서비스 품질과 안전을 우선하며 꾸준히 전문성을 쌓을 수 있는 포지션입니다.

유관 부서 및 외부 파트너와 업무 기준을 공유하고, 이슈 발생 시 원인을 정리해 재발 방지 방안을 실행합니다.

초기에는 담당 업무의 프로세스와 시스템을 익히고, 이후에는 담당 영역의 지표 개선과 운영 표준화까지 주도하게 됩니다.","• 상담, 목욕, 미용, 행동관찰, 보호자안내 및 일일 운영 현황 관리
• 업무 일정·실적·품질 지표 점검 및 보고
• 관련 시스템과 문서의 정확한 입력·관리
• 고객·협력사·유관 부서 문의 대응 및 이슈 조율
• 업무 절차 개선과 운영 리스크 사전 점검
• 주요 이슈 원인 분석 및 후속 조치 관리
• 정기 회의 자료 작성과 진행 현황 공유
• 업무 매뉴얼 정비와 신규 구성원 온보딩 지원","• 반려동물 handling과 관련 자격 관련 기본 지식 또는 실무 경험을 보유한 분
• 필수 자격·면허: 반려견스타일리스트 3급 보유자 또는 입사 전 취득 가능한 분
• 맡은 업무를 정확하게 기록하고 마감까지 책임질 수 있는 분
• 문서작성, 이메일, 스프레드시트 등 기본 업무도구 활용이 가능한 분
• 고객 및 유관 부서와 원활하게 소통하고 요청사항을 정리할 수 있는 분
• 예상하지 못한 상황에서도 우선순위를 판단해 대응할 수 있는 분
• 업무상 취급하는 자료와 고객 정보를 안전하게 관리할 수 있는 분
• 교대·주말·현장 근무가 포함될 수 있는 일정에 대응 가능한 분","• 애견미용·훈련 또는 유사 직무 경력 보유자
• 직무 관련 자격·면허 보유자: 반려견스타일리스트 3급
• 직무 관련 자격·면허 보유자: 반려동물행동교정사
• ERP, WMS, CRM, POS 등 직무 관련 시스템 사용 경험자
• 수치와 데이터를 활용한 실적 분석 경험자
• 다양한 이해관계자와 협업해 문제를 해결한 경험자
• 신규 프로세스 구축이나 업무 자동화 경험자","• 지원서 및 제출서류의 허위기재 또는 허위 제출
• 채용 과정에서 본인 확인이 불가능한 경우
• 채용검진 결과 업무 수행에 부적합하다고 판단되는 경우
• 해외여행 및 근무에 결격사유가 있는 경우
• 기타 회사 또는 기관의 인사규정상 채용이 불가능한 경우",서류전형 > 필기전형 > 면접전형 > 최종합격
1119,애견미용·훈련 경력 채용,36,112,20260116,20260223,9,경력 3년 이상,무기계약직,광주광역시,학력무관,"성장 단계 스타트업에서 반려동물 미용과 행동 교육을 담당하는 포지션을(를) 맡을 애견미용·훈련를 모집합니다.

이번 포지션은 상담, 목욕, 미용, 행동관찰, 보호자안내을 중심으로 운영 현장의 품질과 일정, 고객 경험을 함께 관리하는 역할입니다.

기본기를 바탕으로 새로운 업무를 빠르게 익히고 실행할 분을 모십니다.

유관 부서 및 외부 파트너와 업무 기준을 공유하고, 이슈 발생 시 원인을 정리해 재발 방지 방안을 실행합니다.

초기에는 담당 업무의 프로세스와 시스템을 익히고, 이후에는 담당 영역의 지표 개선과 운영 표준화까지 주도하게 됩니다.","• 상담, 목욕, 미용, 행동관찰, 보호자안내 및 일일 운영 현황 관리
• 업무 일정·실적·품질 지표 점검 및 보고
• 관련 시스템과 문서의 정확한 입력·관리
• 고객·협력사·유관 부서 문의 대응 및 이슈 조율
• 업무 절차 개선과 운영 리스크 사전 점검
• 주요 이슈 원인 분석 및 후속 조치 관리
• 정기 회의 자료 작성과 진행 현황 공유
• 현장 안전·보안·개인정보 보호 기준 준수","• 반려동물 handling과 관련 자격 관련 기본 지식 또는 실무 경험을 보유한 분
• 필수 자격·면허: 반려견스타일리스트 3급 보유자 또는 입사 전 취득 가능한 분
• 맡은 업무를 정확하게 기록하고 마감까지 책임질 수 있는 분
• 문서작성, 이메일, 스프레드시트 등 기본 업무도구 활용이 가능한 분
• 고객 및 유관 부서와 원활하게 소통하고 요청사항을 정리할 수 있는 분
• 예상하지 못한 상황에서도 우선순위를 판단해 대응할 수 있는 분
• 업무상 취급하는 자료와 고객 정보를 안전하게 관리할 수 있는 분
• 직무 관련 교육을 꾸준히 이수하며 전문성을 높일 분","• 애견미용·훈련 또는 유사 직무 경력 보유자
• 직무 관련 자격·면허 보유자: 반려견스타일리스트 3급
• 직무 관련 자격·면허 보유자: 반려동물행동교정사
• ERP, WMS, CRM, POS 등 직무 관련 시스템 사용 경험자
• 수치와 데이터를 활용한 실적 분석 경험자
• 다양한 이해관계자와 협업해 문제를 해결한 경험자
• 외국어 또는 관련 법규·안전 기준을 활용할 수 있는 분","• 지원서 및 제출서류의 허위기재 또는 허위 제출
• 채용 과정에서 본인 확인이 불가능한 경우
• 채용검진 결과 업무 수행에 부적합하다고 판단되는 경우
• 해외여행 및 근무에 결격사유가 있는 경우
• 기타 회사 또는 기관의 인사규정상 채용이 불가능한 경우",서류전형 > 실무면접 > 최종면접
1120,애견미용·훈련 현장 책임자,21,112,20260202,20260319,20,경력 5년 이상,기간제,경기도,전문학사 이상,"종합병원 운영조직에서 반려동물 미용과 행동 교육을 담당하는 포지션을(를) 맡을 애견미용·훈련를 모집합니다.

이번 포지션은 상담, 목욕, 미용, 행동관찰, 보호자안내을 중심으로 운영 현장의 품질과 일정, 고객 경험을 함께 관리하는 역할입니다.

성과와 고객 만족을 함께 고려하며 실질적인 변화를 만드는 역할입니다.

유관 부서 및 외부 파트너와 업무 기준을 공유하고, 이슈 발생 시 원인을 정리해 재발 방지 방안을 실행합니다.

초기에는 담당 업무의 프로세스와 시스템을 익히고, 이후에는 담당 영역의 지표 개선과 운영 표준화까지 주도하게 됩니다.","• 상담, 목욕, 미용, 행동관찰, 보호자안내 및 일일 운영 현황 관리
• 업무 일정·실적·품질 지표 점검 및 보고
• 관련 시스템과 문서의 정확한 입력·관리
• 고객·협력사·유관 부서 문의 대응 및 이슈 조율
• 업무 절차 개선과 운영 리스크 사전 점검
• 주요 이슈 원인 분석 및 후속 조치 관리
• 정기 회의 자료 작성과 진행 현황 공유
• 업무 매뉴얼 정비와 신규 구성원 온보딩 지원","• 반려동물 handling과 관련 자격 관련 기본 지식 또는 실무 경험을 보유한 분
• 필수 자격·면허: 반려견스타일리스트 3급 보유자 또는 입사 전 취득 가능한 분
• 맡은 업무를 정확하게 기록하고 마감까지 책임질 수 있는 분
• 문서작성, 이메일, 스프레드시트 등 기본 업무도구 활용이 가능한 분
• 고객 및 유관 부서와 원활하게 소통하고 요청사항을 정리할 수 있는 분
• 예상하지 못한 상황에서도 우선순위를 판단해 대응할 수 있는 분
• 업무상 취급하는 자료와 고객 정보를 안전하게 관리할 수 있는 분
• 직무 관련 교육을 꾸준히 이수하며 전문성을 높일 분","• 애견미용·훈련 또는 유사 직무 경력 보유자
• 직무 관련 자격·면허 보유자: 반려견스타일리스트 3급
• 직무 관련 자격·면허 보유자: 반려동물행동교정사
• ERP, WMS, CRM, POS 등 직무 관련 시스템 사용 경험자
• 수치와 데이터를 활용한 실적 분석 경험자
• 다양한 이해관계자와 협업해 문제를 해결한 경험자
• 신규 프로세스 구축이나 업무 자동화 경험자","• 지원서 및 제출서류의 허위기재 또는 허위 제출
• 채용 과정에서 본인 확인이 불가능한 경우
• 채용검진 결과 업무 수행에 부적합하다고 판단되는 경우
• 해외여행 및 근무에 결격사유가 있는 경우
• 기타 회사 또는 기관의 인사규정상 채용이 불가능한 경우",서류전형 > 인성검사 > 실무면접 > 최종면접
1121,안내데스크·리셉셔니스트 담당자,144,113,20260219,20260307,11,신입,정규직,전라북도,석사 이상,"대학 산학협력단에서 방문객과 고객을 처음 맞이하는 안내 포지션을(를) 맡을 안내데스크·리셉셔니스트를 모집합니다.

이번 포지션은 방문등록, 전화응대, 예약, 출입관리, 안내방송을 중심으로 운영 현장의 품질과 일정, 고객 경험을 함께 관리하는 역할입니다.

정확한 실행력과 협업을 바탕으로 안정적인 운영을 함께 만들어 갈 분을 찾습니다.

유관 부서 및 외부 파트너와 업무 기준을 공유하고, 이슈 발생 시 원인을 정리해 재발 방지 방안을 실행합니다.

초기에는 담당 업무의 프로세스와 시스템을 익히고, 이후에는 담당 영역의 지표 개선과 운영 표준화까지 주도하게 됩니다.","• 방문등록, 전화응대, 예약, 출입관리, 안내방송 및 일일 운영 현황 관리
• 업무 일정·실적·품질 지표 점검 및 보고
• 관련 시스템과 문서의 정확한 입력·관리
• 고객·협력사·유관 부서 문의 대응 및 이슈 조율
• 업무 절차 개선과 운영 리스크 사전 점검
• 주요 이슈 원인 분석 및 후속 조치 관리
• 정기 회의 자료 작성과 진행 현황 공유
• 현장 안전·보안·개인정보 보호 기준 준수","• 친절한 응대와 문서·전산 활용 관련 기본 지식 또는 실무 경험을 보유한 분
• 필수 자격·면허: 워드프로세서 보유자 또는 입사 전 취득 가능한 분
• 맡은 업무를 정확하게 기록하고 마감까지 책임질 수 있는 분
• 문서작성, 이메일, 스프레드시트 등 기본 업무도구 활용이 가능한 분
• 고객 및 유관 부서와 원활하게 소통하고 요청사항을 정리할 수 있는 분
• 예상하지 못한 상황에서도 우선순위를 판단해 대응할 수 있는 분
• 업무상 취급하는 자료와 고객 정보를 안전하게 관리할 수 있는 분
• 교대·주말·현장 근무가 포함될 수 있는 일정에 대응 가능한 분","• 안내데스크·리셉셔니스트 또는 유사 직무 경력 보유자
• 직무 관련 자격·면허 보유자: 워드프로세서
• 직무 관련 자격·면허 보유자: CS Leaders 관리사
• ERP, WMS, CRM, POS 등 직무 관련 시스템 사용 경험자
• 수치와 데이터를 활용한 실적 분석 경험자
• 다양한 이해관계자와 협업해 문제를 해결한 경험자
• 외국어 또는 관련 법규·안전 기준을 활용할 수 있는 분","• 지원서 및 제출서류의 허위기재 또는 허위 제출
• 채용 과정에서 본인 확인이 불가능한 경우
• 채용검진 결과 업무 수행에 부적합하다고 판단되는 경우
• 해외여행 및 근무에 결격사유가 있는 경우
• 기타 회사 또는 기관의 인사규정상 채용이 불가능한 경우",서류전형 > 1차면접 > 2차면접 > 채용검진
1122,안내데스크·리셉셔니스트 실무자,88,113,20260308,20260331,2,경력,계약직,경상남도,박사 이상,"기업 부설 연구소에서 방문객과 고객을 처음 맞이하는 안내 포지션을(를) 맡을 안내데스크·리셉셔니스트를 모집합니다.

이번 포지션은 방문등록, 전화응대, 예약, 출입관리, 안내방송을 중심으로 운영 현장의 품질과 일정, 고객 경험을 함께 관리하는 역할입니다.

현장과 유관 부서의 요구를 연결하며 업무 품질을 높이는 역할입니다.

유관 부서 및 외부 파트너와 업무 기준을 공유하고, 이슈 발생 시 원인을 정리해 재발 방지 방안을 실행합니다.

초기에는 담당 업무의 프로세스와 시스템을 익히고, 이후에는 담당 영역의 지표 개선과 운영 표준화까지 주도하게 됩니다.","• 방문등록, 전화응대, 예약, 출입관리, 안내방송 및 일일 운영 현황 관리
• 업무 일정·실적·품질 지표 점검 및 보고
• 관련 시스템과 문서의 정확한 입력·관리
• 고객·협력사·유관 부서 문의 대응 및 이슈 조율
• 업무 절차 개선과 운영 리스크 사전 점검
• 주요 이슈 원인 분석 및 후속 조치 관리
• 정기 회의 자료 작성과 진행 현황 공유
• 업무 매뉴얼 정비와 신규 구성원 온보딩 지원","• 친절한 응대와 문서·전산 활용 관련 기본 지식 또는 실무 경험을 보유한 분
• 필수 자격·면허: 워드프로세서 보유자 또는 입사 전 취득 가능한 분
• 맡은 업무를 정확하게 기록하고 마감까지 책임질 수 있는 분
• 문서작성, 이메일, 스프레드시트 등 기본 업무도구 활용이 가능한 분
• 고객 및 유관 부서와 원활하게 소통하고 요청사항을 정리할 수 있는 분
• 예상하지 못한 상황에서도 우선순위를 판단해 대응할 수 있는 분
• 업무상 취급하는 자료와 고객 정보를 안전하게 관리할 수 있는 분
• 직무 관련 교육을 꾸준히 이수하며 전문성을 높일 분","• 안내데스크·리셉셔니스트 또는 유사 직무 경력 보유자
• 직무 관련 자격·면허 보유자: 워드프로세서
• 직무 관련 자격·면허 보유자: CS Leaders 관리사
• ERP, WMS, CRM, POS 등 직무 관련 시스템 사용 경험자
• 수치와 데이터를 활용한 실적 분석 경험자
• 다양한 이해관계자와 협업해 문제를 해결한 경험자
• 신규 프로세스 구축이나 업무 자동화 경험자","• 지원서 및 제출서류의 허위기재 또는 허위 제출
• 채용 과정에서 본인 확인이 불가능한 경우
• 채용검진 결과 업무 수행에 부적합하다고 판단되는 경우
• 해외여행 및 근무에 결격사유가 있는 경우
• 기타 회사 또는 기관의 인사규정상 채용이 불가능한 경우",서류전형 > 필기전형 > 면접전형 > 최종합격
1123,안내데스크·리셉셔니스트 운영 매니저,15,113,20260325,20260424,13,신입·경력,무기계약직,부산광역시,학력무관,"전문 협회에서 방문객과 고객을 처음 맞이하는 안내 포지션을(를) 맡을 안내데스크·리셉셔니스트를 모집합니다.

이번 포지션은 방문등록, 전화응대, 예약, 출입관리, 안내방송을 중심으로 운영 현장의 품질과 일정, 고객 경험을 함께 관리하는 역할입니다.

업무 기준을 준수하면서도 개선점을 주도적으로 제안할 수 있는 분을 기다립니다.

유관 부서 및 외부 파트너와 업무 기준을 공유하고, 이슈 발생 시 원인을 정리해 재발 방지 방안을 실행합니다.

초기에는 담당 업무의 프로세스와 시스템을 익히고, 이후에는 담당 영역의 지표 개선과 운영 표준화까지 주도하게 됩니다.","• 방문등록, 전화응대, 예약, 출입관리, 안내방송 및 일일 운영 현황 관리
• 업무 일정·실적·품질 지표 점검 및 보고
• 관련 시스템과 문서의 정확한 입력·관리
• 고객·협력사·유관 부서 문의 대응 및 이슈 조율
• 업무 절차 개선과 운영 리스크 사전 점검
• 주요 이슈 원인 분석 및 후속 조치 관리
• 정기 회의 자료 작성과 진행 현황 공유
• 현장 안전·보안·개인정보 보호 기준 준수","• 친절한 응대와 문서·전산 활용 관련 기본 지식 또는 실무 경험을 보유한 분
• 필수 자격·면허: 워드프로세서 보유자 또는 입사 전 취득 가능한 분
• 맡은 업무를 정확하게 기록하고 마감까지 책임질 수 있는 분
• 문서작성, 이메일, 스프레드시트 등 기본 업무도구 활용이 가능한 분
• 고객 및 유관 부서와 원활하게 소통하고 요청사항을 정리할 수 있는 분
• 예상하지 못한 상황에서도 우선순위를 판단해 대응할 수 있는 분
• 업무상 취급하는 자료와 고객 정보를 안전하게 관리할 수 있는 분
• 직무 관련 교육을 꾸준히 이수하며 전문성을 높일 분","• 안내데스크·리셉셔니스트 또는 유사 직무 경력 보유자
• 직무 관련 자격·면허 보유자: 워드프로세서
• 직무 관련 자격·면허 보유자: CS Leaders 관리사
• ERP, WMS, CRM, POS 등 직무 관련 시스템 사용 경험자
• 수치와 데이터를 활용한 실적 분석 경험자
• 다양한 이해관계자와 협업해 문제를 해결한 경험자
• 외국어 또는 관련 법규·안전 기준을 활용할 수 있는 분","• 지원서 및 제출서류의 허위기재 또는 허위 제출
• 채용 과정에서 본인 확인이 불가능한 경우
• 채용검진 결과 업무 수행에 부적합하다고 판단되는 경우
• 해외여행 및 근무에 결격사유가 있는 경우
• 기타 회사 또는 기관의 인사규정상 채용이 불가능한 경우",서류전형 > 실무면접 > 최종면접
1124,안내데스크·리셉셔니스트 전문 인력,108,113,20260411,20260518,4,경력 2년 이상,기간제,광주광역시,전문학사 이상,"공공서비스 운영기관에서 방문객과 고객을 처음 맞이하는 안내 포지션을(를) 맡을 안내데스크·리셉셔니스트를 모집합니다.

이번 포지션은 방문등록, 전화응대, 예약, 출입관리, 안내방송을 중심으로 운영 현장의 품질과 일정, 고객 경험을 함께 관리하는 역할입니다.

고객과 동료에게 신뢰를 주는 태도로 맡은 업무를 끝까지 책임지는 포지션입니다.

유관 부서 및 외부 파트너와 업무 기준을 공유하고, 이슈 발생 시 원인을 정리해 재발 방지 방안을 실행합니다.

초기에는 담당 업무의 프로세스와 시스템을 익히고, 이후에는 담당 영역의 지표 개선과 운영 표준화까지 주도하게 됩니다.","• 방문등록, 전화응대, 예약, 출입관리, 안내방송 및 일일 운영 현황 관리
• 업무 일정·실적·품질 지표 점검 및 보고
• 관련 시스템과 문서의 정확한 입력·관리
• 고객·협력사·유관 부서 문의 대응 및 이슈 조율
• 업무 절차 개선과 운영 리스크 사전 점검
• 주요 이슈 원인 분석 및 후속 조치 관리
• 정기 회의 자료 작성과 진행 현황 공유
• 업무 매뉴얼 정비와 신규 구성원 온보딩 지원","• 친절한 응대와 문서·전산 활용 관련 기본 지식 또는 실무 경험을 보유한 분
• 필수 자격·면허: 워드프로세서 보유자 또는 입사 전 취득 가능한 분
• 맡은 업무를 정확하게 기록하고 마감까지 책임질 수 있는 분
• 문서작성, 이메일, 스프레드시트 등 기본 업무도구 활용이 가능한 분
• 고객 및 유관 부서와 원활하게 소통하고 요청사항을 정리할 수 있는 분
• 예상하지 못한 상황에서도 우선순위를 판단해 대응할 수 있는 분
• 업무상 취급하는 자료와 고객 정보를 안전하게 관리할 수 있는 분
• 교대·주말·현장 근무가 포함될 수 있는 일정에 대응 가능한 분","• 안내데스크·리셉셔니스트 또는 유사 직무 경력 보유자
• 직무 관련 자격·면허 보유자: 워드프로세서
• 직무 관련 자격·면허 보유자: CS Leaders 관리사
• ERP, WMS, CRM, POS 등 직무 관련 시스템 사용 경험자
• 수치와 데이터를 활용한 실적 분석 경험자
• 다양한 이해관계자와 협업해 문제를 해결한 경험자
• 신규 프로세스 구축이나 업무 자동화 경험자","• 지원서 및 제출서류의 허위기재 또는 허위 제출
• 채용 과정에서 본인 확인이 불가능한 경우
• 채용검진 결과 업무 수행에 부적합하다고 판단되는 경우
• 해외여행 및 근무에 결격사유가 있는 경우
• 기타 회사 또는 기관의 인사규정상 채용이 불가능한 경우",서류전형 > 인성검사 > 실무면접 > 최종면접
1125,안내데스크·리셉셔니스트 경력 채용,104,113,20260428,20260611,15,경력 3년 이상,정규직,경기도,학사 이상,"대기업 사업부에서 방문객과 고객을 처음 맞이하는 안내 포지션을(를) 맡을 안내데스크·리셉셔니스트를 모집합니다.

이번 포지션은 방문등록, 전화응대, 예약, 출입관리, 안내방송을 중심으로 운영 현장의 품질과 일정, 고객 경험을 함께 관리하는 역할입니다.

데이터와 현장 감각을 함께 활용해 반복 업무를 효율화하는 역할입니다.

유관 부서 및 외부 파트너와 업무 기준을 공유하고, 이슈 발생 시 원인을 정리해 재발 방지 방안을 실행합니다.

초기에는 담당 업무의 프로세스와 시스템을 익히고, 이후에는 담당 영역의 지표 개선과 운영 표준화까지 주도하게 됩니다.","• 방문등록, 전화응대, 예약, 출입관리, 안내방송 및 일일 운영 현황 관리
• 업무 일정·실적·품질 지표 점검 및 보고
• 관련 시스템과 문서의 정확한 입력·관리
• 고객·협력사·유관 부서 문의 대응 및 이슈 조율
• 업무 절차 개선과 운영 리스크 사전 점검
• 주요 이슈 원인 분석 및 후속 조치 관리
• 정기 회의 자료 작성과 진행 현황 공유
• 현장 안전·보안·개인정보 보호 기준 준수","• 친절한 응대와 문서·전산 활용 관련 기본 지식 또는 실무 경험을 보유한 분
• 필수 자격·면허: 워드프로세서 보유자 또는 입사 전 취득 가능한 분
• 맡은 업무를 정확하게 기록하고 마감까지 책임질 수 있는 분
• 문서작성, 이메일, 스프레드시트 등 기본 업무도구 활용이 가능한 분
• 고객 및 유관 부서와 원활하게 소통하고 요청사항을 정리할 수 있는 분
• 예상하지 못한 상황에서도 우선순위를 판단해 대응할 수 있는 분
• 업무상 취급하는 자료와 고객 정보를 안전하게 관리할 수 있는 분
• 직무 관련 교육을 꾸준히 이수하며 전문성을 높일 분","• 안내데스크·리셉셔니스트 또는 유사 직무 경력 보유자
• 직무 관련 자격·면허 보유자: 워드프로세서
• 직무 관련 자격·면허 보유자: CS Leaders 관리사
• ERP, WMS, CRM, POS 등 직무 관련 시스템 사용 경험자
• 수치와 데이터를 활용한 실적 분석 경험자
• 다양한 이해관계자와 협업해 문제를 해결한 경험자
• 외국어 또는 관련 법규·안전 기준을 활용할 수 있는 분","• 지원서 및 제출서류의 허위기재 또는 허위 제출
• 채용 과정에서 본인 확인이 불가능한 경우
• 채용검진 결과 업무 수행에 부적합하다고 판단되는 경우
• 해외여행 및 근무에 결격사유가 있는 경우
• 기타 회사 또는 기관의 인사규정상 채용이 불가능한 경우",서류전형 > 직무과제 > 실무면접 > 최종합격
1126,안내데스크·리셉셔니스트 현장 책임자,75,113,20260515,20260530,6,경력 5년 이상,계약직,충청남도,석사 이상,"중견 제조기업에서 방문객과 고객을 처음 맞이하는 안내 포지션을(를) 맡을 안내데스크·리셉셔니스트를 모집합니다.

이번 포지션은 방문등록, 전화응대, 예약, 출입관리, 안내방송을 중심으로 운영 현장의 품질과 일정, 고객 경험을 함께 관리하는 역할입니다.

정해진 절차를 지키되 상황에 맞게 유연하게 대응하는 실무자를 모집합니다.

유관 부서 및 외부 파트너와 업무 기준을 공유하고, 이슈 발생 시 원인을 정리해 재발 방지 방안을 실행합니다.

초기에는 담당 업무의 프로세스와 시스템을 익히고, 이후에는 담당 영역의 지표 개선과 운영 표준화까지 주도하게 됩니다.","• 방문등록, 전화응대, 예약, 출입관리, 안내방송 및 일일 운영 현황 관리
• 업무 일정·실적·품질 지표 점검 및 보고
• 관련 시스템과 문서의 정확한 입력·관리
• 고객·협력사·유관 부서 문의 대응 및 이슈 조율
• 업무 절차 개선과 운영 리스크 사전 점검
• 주요 이슈 원인 분석 및 후속 조치 관리
• 정기 회의 자료 작성과 진행 현황 공유
• 업무 매뉴얼 정비와 신규 구성원 온보딩 지원","• 친절한 응대와 문서·전산 활용 관련 기본 지식 또는 실무 경험을 보유한 분
• 필수 자격·면허: 워드프로세서 보유자 또는 입사 전 취득 가능한 분
• 맡은 업무를 정확하게 기록하고 마감까지 책임질 수 있는 분
• 문서작성, 이메일, 스프레드시트 등 기본 업무도구 활용이 가능한 분
• 고객 및 유관 부서와 원활하게 소통하고 요청사항을 정리할 수 있는 분
• 예상하지 못한 상황에서도 우선순위를 판단해 대응할 수 있는 분
• 업무상 취급하는 자료와 고객 정보를 안전하게 관리할 수 있는 분
• 직무 관련 교육을 꾸준히 이수하며 전문성을 높일 분","• 안내데스크·리셉셔니스트 또는 유사 직무 경력 보유자
• 직무 관련 자격·면허 보유자: 워드프로세서
• 직무 관련 자격·면허 보유자: CS Leaders 관리사
• ERP, WMS, CRM, POS 등 직무 관련 시스템 사용 경험자
• 수치와 데이터를 활용한 실적 분석 경험자
• 다양한 이해관계자와 협업해 문제를 해결한 경험자
• 신규 프로세스 구축이나 업무 자동화 경험자","• 지원서 및 제출서류의 허위기재 또는 허위 제출
• 채용 과정에서 본인 확인이 불가능한 경우
• 채용검진 결과 업무 수행에 부적합하다고 판단되는 경우
• 해외여행 및 근무에 결격사유가 있는 경우
• 기타 회사 또는 기관의 인사규정상 채용이 불가능한 경우",서류전형 > 1차면접 > 2차면접 > 채용검진
1127,안내데스크·리셉셔니스트 서비스 담당,33,113,20260601,20260623,17,경력 무관,무기계약직,경상북도,박사 이상,"전문 중소기업에서 방문객과 고객을 처음 맞이하는 안내 포지션을(를) 맡을 안내데스크·리셉셔니스트를 모집합니다.

이번 포지션은 방문등록, 전화응대, 예약, 출입관리, 안내방송을 중심으로 운영 현장의 품질과 일정, 고객 경험을 함께 관리하는 역할입니다.

부서 간 원활한 소통으로 일정과 품질을 안정적으로 관리하는 직무입니다.

유관 부서 및 외부 파트너와 업무 기준을 공유하고, 이슈 발생 시 원인을 정리해 재발 방지 방안을 실행합니다.

초기에는 담당 업무의 프로세스와 시스템을 익히고, 이후에는 담당 영역의 지표 개선과 운영 표준화까지 주도하게 됩니다.","• 방문등록, 전화응대, 예약, 출입관리, 안내방송 및 일일 운영 현황 관리
• 업무 일정·실적·품질 지표 점검 및 보고
• 관련 시스템과 문서의 정확한 입력·관리
• 고객·협력사·유관 부서 문의 대응 및 이슈 조율
• 업무 절차 개선과 운영 리스크 사전 점검
• 주요 이슈 원인 분석 및 후속 조치 관리
• 정기 회의 자료 작성과 진행 현황 공유
• 현장 안전·보안·개인정보 보호 기준 준수","• 친절한 응대와 문서·전산 활용 관련 기본 지식 또는 실무 경험을 보유한 분
• 필수 자격·면허: 워드프로세서 보유자 또는 입사 전 취득 가능한 분
• 맡은 업무를 정확하게 기록하고 마감까지 책임질 수 있는 분
• 문서작성, 이메일, 스프레드시트 등 기본 업무도구 활용이 가능한 분
• 고객 및 유관 부서와 원활하게 소통하고 요청사항을 정리할 수 있는 분
• 예상하지 못한 상황에서도 우선순위를 판단해 대응할 수 있는 분
• 업무상 취급하는 자료와 고객 정보를 안전하게 관리할 수 있는 분
• 교대·주말·현장 근무가 포함될 수 있는 일정에 대응 가능한 분","• 안내데스크·리셉셔니스트 또는 유사 직무 경력 보유자
• 직무 관련 자격·면허 보유자: 워드프로세서
• 직무 관련 자격·면허 보유자: CS Leaders 관리사
• ERP, WMS, CRM, POS 등 직무 관련 시스템 사용 경험자
• 수치와 데이터를 활용한 실적 분석 경험자
• 다양한 이해관계자와 협업해 문제를 해결한 경험자
• 외국어 또는 관련 법규·안전 기준을 활용할 수 있는 분","• 지원서 및 제출서류의 허위기재 또는 허위 제출
• 채용 과정에서 본인 확인이 불가능한 경우
• 채용검진 결과 업무 수행에 부적합하다고 판단되는 경우
• 해외여행 및 근무에 결격사유가 있는 경우
• 기타 회사 또는 기관의 인사규정상 채용이 불가능한 경우",서류전형 > 필기전형 > 면접전형 > 최종합격
1128,안내데스크·리셉셔니스트 담당자,25,113,20260618,20260717,8,신입,기간제,서울특별시,학력무관,"성장 단계 스타트업에서 방문객과 고객을 처음 맞이하는 안내 포지션을(를) 맡을 안내데스크·리셉셔니스트를 모집합니다.

이번 포지션은 방문등록, 전화응대, 예약, 출입관리, 안내방송을 중심으로 운영 현장의 품질과 일정, 고객 경험을 함께 관리하는 역할입니다.

서비스 품질과 안전을 우선하며 꾸준히 전문성을 쌓을 수 있는 포지션입니다.

유관 부서 및 외부 파트너와 업무 기준을 공유하고, 이슈 발생 시 원인을 정리해 재발 방지 방안을 실행합니다.

초기에는 담당 업무의 프로세스와 시스템을 익히고, 이후에는 담당 영역의 지표 개선과 운영 표준화까지 주도하게 됩니다.","• 방문등록, 전화응대, 예약, 출입관리, 안내방송 및 일일 운영 현황 관리
• 업무 일정·실적·품질 지표 점검 및 보고
• 관련 시스템과 문서의 정확한 입력·관리
• 고객·협력사·유관 부서 문의 대응 및 이슈 조율
• 업무 절차 개선과 운영 리스크 사전 점검
• 주요 이슈 원인 분석 및 후속 조치 관리
• 정기 회의 자료 작성과 진행 현황 공유
• 업무 매뉴얼 정비와 신규 구성원 온보딩 지원","• 친절한 응대와 문서·전산 활용 관련 기본 지식 또는 실무 경험을 보유한 분
• 필수 자격·면허: 워드프로세서 보유자 또는 입사 전 취득 가능한 분
• 맡은 업무를 정확하게 기록하고 마감까지 책임질 수 있는 분
• 문서작성, 이메일, 스프레드시트 등 기본 업무도구 활용이 가능한 분
• 고객 및 유관 부서와 원활하게 소통하고 요청사항을 정리할 수 있는 분
• 예상하지 못한 상황에서도 우선순위를 판단해 대응할 수 있는 분
• 업무상 취급하는 자료와 고객 정보를 안전하게 관리할 수 있는 분
• 직무 관련 교육을 꾸준히 이수하며 전문성을 높일 분","• 안내데스크·리셉셔니스트 또는 유사 직무 경력 보유자
• 직무 관련 자격·면허 보유자: 워드프로세서
• 직무 관련 자격·면허 보유자: CS Leaders 관리사
• ERP, WMS, CRM, POS 등 직무 관련 시스템 사용 경험자
• 수치와 데이터를 활용한 실적 분석 경험자
• 다양한 이해관계자와 협업해 문제를 해결한 경험자
• 신규 프로세스 구축이나 업무 자동화 경험자","• 지원서 및 제출서류의 허위기재 또는 허위 제출
• 채용 과정에서 본인 확인이 불가능한 경우
• 채용검진 결과 업무 수행에 부적합하다고 판단되는 경우
• 해외여행 및 근무에 결격사유가 있는 경우
• 기타 회사 또는 기관의 인사규정상 채용이 불가능한 경우",서류전형 > 실무면접 > 최종면접
1129,안내데스크·리셉셔니스트 실무자,71,113,20260705,20260810,19,경력,정규직,대전광역시,전문학사 이상,"종합병원 운영조직에서 방문객과 고객을 처음 맞이하는 안내 포지션을(를) 맡을 안내데스크·리셉셔니스트를 모집합니다.

이번 포지션은 방문등록, 전화응대, 예약, 출입관리, 안내방송을 중심으로 운영 현장의 품질과 일정, 고객 경험을 함께 관리하는 역할입니다.

기본기를 바탕으로 새로운 업무를 빠르게 익히고 실행할 분을 모십니다.

유관 부서 및 외부 파트너와 업무 기준을 공유하고, 이슈 발생 시 원인을 정리해 재발 방지 방안을 실행합니다.

초기에는 담당 업무의 프로세스와 시스템을 익히고, 이후에는 담당 영역의 지표 개선과 운영 표준화까지 주도하게 됩니다.","• 방문등록, 전화응대, 예약, 출입관리, 안내방송 및 일일 운영 현황 관리
• 업무 일정·실적·품질 지표 점검 및 보고
• 관련 시스템과 문서의 정확한 입력·관리
• 고객·협력사·유관 부서 문의 대응 및 이슈 조율
• 업무 절차 개선과 운영 리스크 사전 점검
• 주요 이슈 원인 분석 및 후속 조치 관리
• 정기 회의 자료 작성과 진행 현황 공유
• 현장 안전·보안·개인정보 보호 기준 준수","• 친절한 응대와 문서·전산 활용 관련 기본 지식 또는 실무 경험을 보유한 분
• 필수 자격·면허: 워드프로세서 보유자 또는 입사 전 취득 가능한 분
• 맡은 업무를 정확하게 기록하고 마감까지 책임질 수 있는 분
• 문서작성, 이메일, 스프레드시트 등 기본 업무도구 활용이 가능한 분
• 고객 및 유관 부서와 원활하게 소통하고 요청사항을 정리할 수 있는 분
• 예상하지 못한 상황에서도 우선순위를 판단해 대응할 수 있는 분
• 업무상 취급하는 자료와 고객 정보를 안전하게 관리할 수 있는 분
• 직무 관련 교육을 꾸준히 이수하며 전문성을 높일 분","• 안내데스크·리셉셔니스트 또는 유사 직무 경력 보유자
• 직무 관련 자격·면허 보유자: 워드프로세서
• 직무 관련 자격·면허 보유자: CS Leaders 관리사
• ERP, WMS, CRM, POS 등 직무 관련 시스템 사용 경험자
• 수치와 데이터를 활용한 실적 분석 경험자
• 다양한 이해관계자와 협업해 문제를 해결한 경험자
• 외국어 또는 관련 법규·안전 기준을 활용할 수 있는 분","• 지원서 및 제출서류의 허위기재 또는 허위 제출
• 채용 과정에서 본인 확인이 불가능한 경우
• 채용검진 결과 업무 수행에 부적합하다고 판단되는 경우
• 해외여행 및 근무에 결격사유가 있는 경우
• 기타 회사 또는 기관의 인사규정상 채용이 불가능한 경우",서류전형 > 인성검사 > 실무면접 > 최종면접
1130,안내데스크·리셉셔니스트 운영 매니저,128,113,20260722,20260903,10,신입·경력,계약직,세종특별자치시,학사 이상,"대학 산학협력단에서 방문객과 고객을 처음 맞이하는 안내 포지션을(를) 맡을 안내데스크·리셉셔니스트를 모집합니다.

이번 포지션은 방문등록, 전화응대, 예약, 출입관리, 안내방송을 중심으로 운영 현장의 품질과 일정, 고객 경험을 함께 관리하는 역할입니다.

성과와 고객 만족을 함께 고려하며 실질적인 변화를 만드는 역할입니다.

유관 부서 및 외부 파트너와 업무 기준을 공유하고, 이슈 발생 시 원인을 정리해 재발 방지 방안을 실행합니다.

초기에는 담당 업무의 프로세스와 시스템을 익히고, 이후에는 담당 영역의 지표 개선과 운영 표준화까지 주도하게 됩니다.","• 방문등록, 전화응대, 예약, 출입관리, 안내방송 및 일일 운영 현황 관리
• 업무 일정·실적·품질 지표 점검 및 보고
• 관련 시스템과 문서의 정확한 입력·관리
• 고객·협력사·유관 부서 문의 대응 및 이슈 조율
• 업무 절차 개선과 운영 리스크 사전 점검
• 주요 이슈 원인 분석 및 후속 조치 관리
• 정기 회의 자료 작성과 진행 현황 공유
• 업무 매뉴얼 정비와 신규 구성원 온보딩 지원","• 친절한 응대와 문서·전산 활용 관련 기본 지식 또는 실무 경험을 보유한 분
• 필수 자격·면허: 워드프로세서 보유자 또는 입사 전 취득 가능한 분
• 맡은 업무를 정확하게 기록하고 마감까지 책임질 수 있는 분
• 문서작성, 이메일, 스프레드시트 등 기본 업무도구 활용이 가능한 분
• 고객 및 유관 부서와 원활하게 소통하고 요청사항을 정리할 수 있는 분
• 예상하지 못한 상황에서도 우선순위를 판단해 대응할 수 있는 분
• 업무상 취급하는 자료와 고객 정보를 안전하게 관리할 수 있는 분
• 교대·주말·현장 근무가 포함될 수 있는 일정에 대응 가능한 분","• 안내데스크·리셉셔니스트 또는 유사 직무 경력 보유자
• 직무 관련 자격·면허 보유자: 워드프로세서
• 직무 관련 자격·면허 보유자: CS Leaders 관리사
• ERP, WMS, CRM, POS 등 직무 관련 시스템 사용 경험자
• 수치와 데이터를 활용한 실적 분석 경험자
• 다양한 이해관계자와 협업해 문제를 해결한 경험자
• 신규 프로세스 구축이나 업무 자동화 경험자","• 지원서 및 제출서류의 허위기재 또는 허위 제출
• 채용 과정에서 본인 확인이 불가능한 경우
• 채용검진 결과 업무 수행에 부적합하다고 판단되는 경우
• 해외여행 및 근무에 결격사유가 있는 경우
• 기타 회사 또는 기관의 인사규정상 채용이 불가능한 경우",서류전형 > 직무과제 > 실무면접 > 최종합격
1131,경호·경비 경력 채용,74,114,20260808,20260822,1,경력 3년 이상,무기계약직,충청남도,박사 이상,"기업 부설 연구소에서 시설과 인원의 안전을 지키는 보안 포지션을(를) 맡을 경호·경비를 모집합니다.

이번 포지션은 순찰, 출입통제, CCTV, 비상대응, 보안일지을 중심으로 운영 현장의 품질과 일정, 고객 경험을 함께 관리하는 역할입니다.

정확한 실행력과 협업을 바탕으로 안정적인 운영을 함께 만들어 갈 분을 찾습니다.

유관 부서 및 외부 파트너와 업무 기준을 공유하고, 이슈 발생 시 원인을 정리해 재발 방지 방안을 실행합니다.

초기에는 담당 업무의 프로세스와 시스템을 익히고, 이후에는 담당 영역의 지표 개선과 운영 표준화까지 주도하게 됩니다.","• 순찰, 출입통제, CCTV, 비상대응, 보안일지 및 일일 운영 현황 관리
• 업무 일정·실적·품질 지표 점검 및 보고
• 관련 시스템과 문서의 정확한 입력·관리
• 고객·협력사·유관 부서 문의 대응 및 이슈 조율
• 업무 절차 개선과 운영 리스크 사전 점검
• 주요 이슈 원인 분석 및 후속 조치 관리
• 정기 회의 자료 작성과 진행 현황 공유
• 현장 안전·보안·개인정보 보호 기준 준수","• 신체 건강과 책임감 있는 근무 태도 관련 기본 지식 또는 실무 경험을 보유한 분
• 필수 자격·면허: 일반경비원 신임교육 보유자 또는 입사 전 취득 가능한 분
• 맡은 업무를 정확하게 기록하고 마감까지 책임질 수 있는 분
• 문서작성, 이메일, 스프레드시트 등 기본 업무도구 활용이 가능한 분
• 고객 및 유관 부서와 원활하게 소통하고 요청사항을 정리할 수 있는 분
• 예상하지 못한 상황에서도 우선순위를 판단해 대응할 수 있는 분
• 업무상 취급하는 자료와 고객 정보를 안전하게 관리할 수 있는 분
• 직무 관련 교육을 꾸준히 이수하며 전문성을 높일 분","• 경호·경비 또는 유사 직무 경력 보유자
• 직무 관련 자격·면허 보유자: 일반경비원 신임교육
• 직무 관련 자격·면허 보유자: 경비지도사
• ERP, WMS, CRM, POS 등 직무 관련 시스템 사용 경험자
• 수치와 데이터를 활용한 실적 분석 경험자
• 다양한 이해관계자와 협업해 문제를 해결한 경험자
• 외국어 또는 관련 법규·안전 기준을 활용할 수 있는 분","• 지원서 및 제출서류의 허위기재 또는 허위 제출
• 채용 과정에서 본인 확인이 불가능한 경우
• 채용검진 결과 업무 수행에 부적합하다고 판단되는 경우
• 해외여행 및 근무에 결격사유가 있는 경우
• 기타 회사 또는 기관의 인사규정상 채용이 불가능한 경우",서류전형 > 필기전형 > 면접전형 > 최종합격
1132,경호·경비 현장 책임자,159,114,20260825,20260915,12,경력 5년 이상,기간제,경상북도,학력무관,"전문 협회에서 시설과 인원의 안전을 지키는 보안 포지션을(를) 맡을 경호·경비를 모집합니다.

이번 포지션은 순찰, 출입통제, CCTV, 비상대응, 보안일지을 중심으로 운영 현장의 품질과 일정, 고객 경험을 함께 관리하는 역할입니다.

현장과 유관 부서의 요구를 연결하며 업무 품질을 높이는 역할입니다.

유관 부서 및 외부 파트너와 업무 기준을 공유하고, 이슈 발생 시 원인을 정리해 재발 방지 방안을 실행합니다.

초기에는 담당 업무의 프로세스와 시스템을 익히고, 이후에는 담당 영역의 지표 개선과 운영 표준화까지 주도하게 됩니다.","• 순찰, 출입통제, CCTV, 비상대응, 보안일지 및 일일 운영 현황 관리
• 업무 일정·실적·품질 지표 점검 및 보고
• 관련 시스템과 문서의 정확한 입력·관리
• 고객·협력사·유관 부서 문의 대응 및 이슈 조율
• 업무 절차 개선과 운영 리스크 사전 점검
• 주요 이슈 원인 분석 및 후속 조치 관리
• 정기 회의 자료 작성과 진행 현황 공유
• 업무 매뉴얼 정비와 신규 구성원 온보딩 지원","• 신체 건강과 책임감 있는 근무 태도 관련 기본 지식 또는 실무 경험을 보유한 분
• 필수 자격·면허: 일반경비원 신임교육 보유자 또는 입사 전 취득 가능한 분
• 맡은 업무를 정확하게 기록하고 마감까지 책임질 수 있는 분
• 문서작성, 이메일, 스프레드시트 등 기본 업무도구 활용이 가능한 분
• 고객 및 유관 부서와 원활하게 소통하고 요청사항을 정리할 수 있는 분
• 예상하지 못한 상황에서도 우선순위를 판단해 대응할 수 있는 분
• 업무상 취급하는 자료와 고객 정보를 안전하게 관리할 수 있는 분
• 직무 관련 교육을 꾸준히 이수하며 전문성을 높일 분","• 경호·경비 또는 유사 직무 경력 보유자
• 직무 관련 자격·면허 보유자: 일반경비원 신임교육
• 직무 관련 자격·면허 보유자: 경비지도사
• ERP, WMS, CRM, POS 등 직무 관련 시스템 사용 경험자
• 수치와 데이터를 활용한 실적 분석 경험자
• 다양한 이해관계자와 협업해 문제를 해결한 경험자
• 신규 프로세스 구축이나 업무 자동화 경험자","• 지원서 및 제출서류의 허위기재 또는 허위 제출
• 채용 과정에서 본인 확인이 불가능한 경우
• 채용검진 결과 업무 수행에 부적합하다고 판단되는 경우
• 해외여행 및 근무에 결격사유가 있는 경우
• 기타 회사 또는 기관의 인사규정상 채용이 불가능한 경우",서류전형 > 실무면접 > 최종면접
1133,경호·경비 서비스 담당,148,114,20260911,20261009,3,경력 무관,정규직,서울특별시,전문학사 이상,"공공서비스 운영기관에서 시설과 인원의 안전을 지키는 보안 포지션을(를) 맡을 경호·경비를 모집합니다.

이번 포지션은 순찰, 출입통제, CCTV, 비상대응, 보안일지을 중심으로 운영 현장의 품질과 일정, 고객 경험을 함께 관리하는 역할입니다.

업무 기준을 준수하면서도 개선점을 주도적으로 제안할 수 있는 분을 기다립니다.

유관 부서 및 외부 파트너와 업무 기준을 공유하고, 이슈 발생 시 원인을 정리해 재발 방지 방안을 실행합니다.

초기에는 담당 업무의 프로세스와 시스템을 익히고, 이후에는 담당 영역의 지표 개선과 운영 표준화까지 주도하게 됩니다.","• 순찰, 출입통제, CCTV, 비상대응, 보안일지 및 일일 운영 현황 관리
• 업무 일정·실적·품질 지표 점검 및 보고
• 관련 시스템과 문서의 정확한 입력·관리
• 고객·협력사·유관 부서 문의 대응 및 이슈 조율
• 업무 절차 개선과 운영 리스크 사전 점검
• 주요 이슈 원인 분석 및 후속 조치 관리
• 정기 회의 자료 작성과 진행 현황 공유
• 현장 안전·보안·개인정보 보호 기준 준수","• 신체 건강과 책임감 있는 근무 태도 관련 기본 지식 또는 실무 경험을 보유한 분
• 필수 자격·면허: 일반경비원 신임교육 보유자 또는 입사 전 취득 가능한 분
• 맡은 업무를 정확하게 기록하고 마감까지 책임질 수 있는 분
• 문서작성, 이메일, 스프레드시트 등 기본 업무도구 활용이 가능한 분
• 고객 및 유관 부서와 원활하게 소통하고 요청사항을 정리할 수 있는 분
• 예상하지 못한 상황에서도 우선순위를 판단해 대응할 수 있는 분
• 업무상 취급하는 자료와 고객 정보를 안전하게 관리할 수 있는 분
• 교대·주말·현장 근무가 포함될 수 있는 일정에 대응 가능한 분","• 경호·경비 또는 유사 직무 경력 보유자
• 직무 관련 자격·면허 보유자: 일반경비원 신임교육
• 직무 관련 자격·면허 보유자: 경비지도사
• ERP, WMS, CRM, POS 등 직무 관련 시스템 사용 경험자
• 수치와 데이터를 활용한 실적 분석 경험자
• 다양한 이해관계자와 협업해 문제를 해결한 경험자
• 외국어 또는 관련 법규·안전 기준을 활용할 수 있는 분","• 지원서 및 제출서류의 허위기재 또는 허위 제출
• 채용 과정에서 본인 확인이 불가능한 경우
• 채용검진 결과 업무 수행에 부적합하다고 판단되는 경우
• 해외여행 및 근무에 결격사유가 있는 경우
• 기타 회사 또는 기관의 인사규정상 채용이 불가능한 경우",서류전형 > 인성검사 > 실무면접 > 최종면접
1134,경호·경비 담당자,92,114,20260928,20261102,14,신입,계약직,대전광역시,학사 이상,"대기업 사업부에서 시설과 인원의 안전을 지키는 보안 포지션을(를) 맡을 경호·경비를 모집합니다.

이번 포지션은 순찰, 출입통제, CCTV, 비상대응, 보안일지을 중심으로 운영 현장의 품질과 일정, 고객 경험을 함께 관리하는 역할입니다.

고객과 동료에게 신뢰를 주는 태도로 맡은 업무를 끝까지 책임지는 포지션입니다.

유관 부서 및 외부 파트너와 업무 기준을 공유하고, 이슈 발생 시 원인을 정리해 재발 방지 방안을 실행합니다.

초기에는 담당 업무의 프로세스와 시스템을 익히고, 이후에는 담당 영역의 지표 개선과 운영 표준화까지 주도하게 됩니다.","• 순찰, 출입통제, CCTV, 비상대응, 보안일지 및 일일 운영 현황 관리
• 업무 일정·실적·품질 지표 점검 및 보고
• 관련 시스템과 문서의 정확한 입력·관리
• 고객·협력사·유관 부서 문의 대응 및 이슈 조율
• 업무 절차 개선과 운영 리스크 사전 점검
• 주요 이슈 원인 분석 및 후속 조치 관리
• 정기 회의 자료 작성과 진행 현황 공유
• 업무 매뉴얼 정비와 신규 구성원 온보딩 지원","• 신체 건강과 책임감 있는 근무 태도 관련 기본 지식 또는 실무 경험을 보유한 분
• 필수 자격·면허: 일반경비원 신임교육 보유자 또는 입사 전 취득 가능한 분
• 맡은 업무를 정확하게 기록하고 마감까지 책임질 수 있는 분
• 문서작성, 이메일, 스프레드시트 등 기본 업무도구 활용이 가능한 분
• 고객 및 유관 부서와 원활하게 소통하고 요청사항을 정리할 수 있는 분
• 예상하지 못한 상황에서도 우선순위를 판단해 대응할 수 있는 분
• 업무상 취급하는 자료와 고객 정보를 안전하게 관리할 수 있는 분
• 직무 관련 교육을 꾸준히 이수하며 전문성을 높일 분","• 경호·경비 또는 유사 직무 경력 보유자
• 직무 관련 자격·면허 보유자: 일반경비원 신임교육
• 직무 관련 자격·면허 보유자: 경비지도사
• ERP, WMS, CRM, POS 등 직무 관련 시스템 사용 경험자
• 수치와 데이터를 활용한 실적 분석 경험자
• 다양한 이해관계자와 협업해 문제를 해결한 경험자
• 신규 프로세스 구축이나 업무 자동화 경험자","• 지원서 및 제출서류의 허위기재 또는 허위 제출
• 채용 과정에서 본인 확인이 불가능한 경우
• 채용검진 결과 업무 수행에 부적합하다고 판단되는 경우
• 해외여행 및 근무에 결격사유가 있는 경우
• 기타 회사 또는 기관의 인사규정상 채용이 불가능한 경우",서류전형 > 직무과제 > 실무면접 > 최종합격
1135,경호·경비 실무자,111,114,20261015,20261126,5,경력,무기계약직,세종특별자치시,석사 이상,"중견 제조기업에서 시설과 인원의 안전을 지키는 보안 포지션을(를) 맡을 경호·경비를 모집합니다.

이번 포지션은 순찰, 출입통제, CCTV, 비상대응, 보안일지을 중심으로 운영 현장의 품질과 일정, 고객 경험을 함께 관리하는 역할입니다.

데이터와 현장 감각을 함께 활용해 반복 업무를 효율화하는 역할입니다.

유관 부서 및 외부 파트너와 업무 기준을 공유하고, 이슈 발생 시 원인을 정리해 재발 방지 방안을 실행합니다.

초기에는 담당 업무의 프로세스와 시스템을 익히고, 이후에는 담당 영역의 지표 개선과 운영 표준화까지 주도하게 됩니다.","• 순찰, 출입통제, CCTV, 비상대응, 보안일지 및 일일 운영 현황 관리
• 업무 일정·실적·품질 지표 점검 및 보고
• 관련 시스템과 문서의 정확한 입력·관리
• 고객·협력사·유관 부서 문의 대응 및 이슈 조율
• 업무 절차 개선과 운영 리스크 사전 점검
• 주요 이슈 원인 분석 및 후속 조치 관리
• 정기 회의 자료 작성과 진행 현황 공유
• 현장 안전·보안·개인정보 보호 기준 준수","• 신체 건강과 책임감 있는 근무 태도 관련 기본 지식 또는 실무 경험을 보유한 분
• 필수 자격·면허: 일반경비원 신임교육 보유자 또는 입사 전 취득 가능한 분
• 맡은 업무를 정확하게 기록하고 마감까지 책임질 수 있는 분
• 문서작성, 이메일, 스프레드시트 등 기본 업무도구 활용이 가능한 분
• 고객 및 유관 부서와 원활하게 소통하고 요청사항을 정리할 수 있는 분
• 예상하지 못한 상황에서도 우선순위를 판단해 대응할 수 있는 분
• 업무상 취급하는 자료와 고객 정보를 안전하게 관리할 수 있는 분
• 직무 관련 교육을 꾸준히 이수하며 전문성을 높일 분","• 경호·경비 또는 유사 직무 경력 보유자
• 직무 관련 자격·면허 보유자: 일반경비원 신임교육
• 직무 관련 자격·면허 보유자: 경비지도사
• ERP, WMS, CRM, POS 등 직무 관련 시스템 사용 경험자
• 수치와 데이터를 활용한 실적 분석 경험자
• 다양한 이해관계자와 협업해 문제를 해결한 경험자
• 외국어 또는 관련 법규·안전 기준을 활용할 수 있는 분","• 지원서 및 제출서류의 허위기재 또는 허위 제출
• 채용 과정에서 본인 확인이 불가능한 경우
• 채용검진 결과 업무 수행에 부적합하다고 판단되는 경우
• 해외여행 및 근무에 결격사유가 있는 경우
• 기타 회사 또는 기관의 인사규정상 채용이 불가능한 경우",서류전형 > 1차면접 > 2차면접 > 채용검진
1136,경호·경비 운영 매니저,64,114,20261101,20261114,16,신입·경력,기간제,충청북도,박사 이상,"전문 중소기업에서 시설과 인원의 안전을 지키는 보안 포지션을(를) 맡을 경호·경비를 모집합니다.

이번 포지션은 순찰, 출입통제, CCTV, 비상대응, 보안일지을 중심으로 운영 현장의 품질과 일정, 고객 경험을 함께 관리하는 역할입니다.

정해진 절차를 지키되 상황에 맞게 유연하게 대응하는 실무자를 모집합니다.

유관 부서 및 외부 파트너와 업무 기준을 공유하고, 이슈 발생 시 원인을 정리해 재발 방지 방안을 실행합니다.

초기에는 담당 업무의 프로세스와 시스템을 익히고, 이후에는 담당 영역의 지표 개선과 운영 표준화까지 주도하게 됩니다.","• 순찰, 출입통제, CCTV, 비상대응, 보안일지 및 일일 운영 현황 관리
• 업무 일정·실적·품질 지표 점검 및 보고
• 관련 시스템과 문서의 정확한 입력·관리
• 고객·협력사·유관 부서 문의 대응 및 이슈 조율
• 업무 절차 개선과 운영 리스크 사전 점검
• 주요 이슈 원인 분석 및 후속 조치 관리
• 정기 회의 자료 작성과 진행 현황 공유
• 업무 매뉴얼 정비와 신규 구성원 온보딩 지원","• 신체 건강과 책임감 있는 근무 태도 관련 기본 지식 또는 실무 경험을 보유한 분
• 필수 자격·면허: 일반경비원 신임교육 보유자 또는 입사 전 취득 가능한 분
• 맡은 업무를 정확하게 기록하고 마감까지 책임질 수 있는 분
• 문서작성, 이메일, 스프레드시트 등 기본 업무도구 활용이 가능한 분
• 고객 및 유관 부서와 원활하게 소통하고 요청사항을 정리할 수 있는 분
• 예상하지 못한 상황에서도 우선순위를 판단해 대응할 수 있는 분
• 업무상 취급하는 자료와 고객 정보를 안전하게 관리할 수 있는 분
• 교대·주말·현장 근무가 포함될 수 있는 일정에 대응 가능한 분","• 경호·경비 또는 유사 직무 경력 보유자
• 직무 관련 자격·면허 보유자: 일반경비원 신임교육
• 직무 관련 자격·면허 보유자: 경비지도사
• ERP, WMS, CRM, POS 등 직무 관련 시스템 사용 경험자
• 수치와 데이터를 활용한 실적 분석 경험자
• 다양한 이해관계자와 협업해 문제를 해결한 경험자
• 신규 프로세스 구축이나 업무 자동화 경험자","• 지원서 및 제출서류의 허위기재 또는 허위 제출
• 채용 과정에서 본인 확인이 불가능한 경우
• 채용검진 결과 업무 수행에 부적합하다고 판단되는 경우
• 해외여행 및 근무에 결격사유가 있는 경우
• 기타 회사 또는 기관의 인사규정상 채용이 불가능한 경우",서류전형 > 필기전형 > 면접전형 > 최종합격
1137,경호·경비 전문 인력,67,114,20261118,20261208,7,경력 2년 이상,정규직,전라남도,학력무관,"성장 단계 스타트업에서 시설과 인원의 안전을 지키는 보안 포지션을(를) 맡을 경호·경비를 모집합니다.

이번 포지션은 순찰, 출입통제, CCTV, 비상대응, 보안일지을 중심으로 운영 현장의 품질과 일정, 고객 경험을 함께 관리하는 역할입니다.

부서 간 원활한 소통으로 일정과 품질을 안정적으로 관리하는 직무입니다.

유관 부서 및 외부 파트너와 업무 기준을 공유하고, 이슈 발생 시 원인을 정리해 재발 방지 방안을 실행합니다.

초기에는 담당 업무의 프로세스와 시스템을 익히고, 이후에는 담당 영역의 지표 개선과 운영 표준화까지 주도하게 됩니다.","• 순찰, 출입통제, CCTV, 비상대응, 보안일지 및 일일 운영 현황 관리
• 업무 일정·실적·품질 지표 점검 및 보고
• 관련 시스템과 문서의 정확한 입력·관리
• 고객·협력사·유관 부서 문의 대응 및 이슈 조율
• 업무 절차 개선과 운영 리스크 사전 점검
• 주요 이슈 원인 분석 및 후속 조치 관리
• 정기 회의 자료 작성과 진행 현황 공유
• 현장 안전·보안·개인정보 보호 기준 준수","• 신체 건강과 책임감 있는 근무 태도 관련 기본 지식 또는 실무 경험을 보유한 분
• 필수 자격·면허: 일반경비원 신임교육 보유자 또는 입사 전 취득 가능한 분
• 맡은 업무를 정확하게 기록하고 마감까지 책임질 수 있는 분
• 문서작성, 이메일, 스프레드시트 등 기본 업무도구 활용이 가능한 분
• 고객 및 유관 부서와 원활하게 소통하고 요청사항을 정리할 수 있는 분
• 예상하지 못한 상황에서도 우선순위를 판단해 대응할 수 있는 분
• 업무상 취급하는 자료와 고객 정보를 안전하게 관리할 수 있는 분
• 직무 관련 교육을 꾸준히 이수하며 전문성을 높일 분","• 경호·경비 또는 유사 직무 경력 보유자
• 직무 관련 자격·면허 보유자: 일반경비원 신임교육
• 직무 관련 자격·면허 보유자: 경비지도사
• ERP, WMS, CRM, POS 등 직무 관련 시스템 사용 경험자
• 수치와 데이터를 활용한 실적 분석 경험자
• 다양한 이해관계자와 협업해 문제를 해결한 경험자
• 외국어 또는 관련 법규·안전 기준을 활용할 수 있는 분","• 지원서 및 제출서류의 허위기재 또는 허위 제출
• 채용 과정에서 본인 확인이 불가능한 경우
• 채용검진 결과 업무 수행에 부적합하다고 판단되는 경우
• 해외여행 및 근무에 결격사유가 있는 경우
• 기타 회사 또는 기관의 인사규정상 채용이 불가능한 경우",서류전형 > 실무면접 > 최종면접
1138,경호·경비 경력 채용,149,114,20261205,20270101,18,경력 3년 이상,계약직,제주특별자치도,전문학사 이상,"종합병원 운영조직에서 시설과 인원의 안전을 지키는 보안 포지션을(를) 맡을 경호·경비를 모집합니다.

이번 포지션은 순찰, 출입통제, CCTV, 비상대응, 보안일지을 중심으로 운영 현장의 품질과 일정, 고객 경험을 함께 관리하는 역할입니다.

서비스 품질과 안전을 우선하며 꾸준히 전문성을 쌓을 수 있는 포지션입니다.

유관 부서 및 외부 파트너와 업무 기준을 공유하고, 이슈 발생 시 원인을 정리해 재발 방지 방안을 실행합니다.

초기에는 담당 업무의 프로세스와 시스템을 익히고, 이후에는 담당 영역의 지표 개선과 운영 표준화까지 주도하게 됩니다.","• 순찰, 출입통제, CCTV, 비상대응, 보안일지 및 일일 운영 현황 관리
• 업무 일정·실적·품질 지표 점검 및 보고
• 관련 시스템과 문서의 정확한 입력·관리
• 고객·협력사·유관 부서 문의 대응 및 이슈 조율
• 업무 절차 개선과 운영 리스크 사전 점검
• 주요 이슈 원인 분석 및 후속 조치 관리
• 정기 회의 자료 작성과 진행 현황 공유
• 업무 매뉴얼 정비와 신규 구성원 온보딩 지원","• 신체 건강과 책임감 있는 근무 태도 관련 기본 지식 또는 실무 경험을 보유한 분
• 필수 자격·면허: 일반경비원 신임교육 보유자 또는 입사 전 취득 가능한 분
• 맡은 업무를 정확하게 기록하고 마감까지 책임질 수 있는 분
• 문서작성, 이메일, 스프레드시트 등 기본 업무도구 활용이 가능한 분
• 고객 및 유관 부서와 원활하게 소통하고 요청사항을 정리할 수 있는 분
• 예상하지 못한 상황에서도 우선순위를 판단해 대응할 수 있는 분
• 업무상 취급하는 자료와 고객 정보를 안전하게 관리할 수 있는 분
• 직무 관련 교육을 꾸준히 이수하며 전문성을 높일 분","• 경호·경비 또는 유사 직무 경력 보유자
• 직무 관련 자격·면허 보유자: 일반경비원 신임교육
• 직무 관련 자격·면허 보유자: 경비지도사
• ERP, WMS, CRM, POS 등 직무 관련 시스템 사용 경험자
• 수치와 데이터를 활용한 실적 분석 경험자
• 다양한 이해관계자와 협업해 문제를 해결한 경험자
• 신규 프로세스 구축이나 업무 자동화 경험자","• 지원서 및 제출서류의 허위기재 또는 허위 제출
• 채용 과정에서 본인 확인이 불가능한 경우
• 채용검진 결과 업무 수행에 부적합하다고 판단되는 경우
• 해외여행 및 근무에 결격사유가 있는 경우
• 기타 회사 또는 기관의 인사규정상 채용이 불가능한 경우",서류전형 > 인성검사 > 실무면접 > 최종면접
1139,경호·경비 현장 책임자,64,114,20260111,20260214,9,경력 5년 이상,무기계약직,인천광역시,학사 이상,"대학 산학협력단에서 시설과 인원의 안전을 지키는 보안 포지션을(를) 맡을 경호·경비를 모집합니다.

이번 포지션은 순찰, 출입통제, CCTV, 비상대응, 보안일지을 중심으로 운영 현장의 품질과 일정, 고객 경험을 함께 관리하는 역할입니다.

기본기를 바탕으로 새로운 업무를 빠르게 익히고 실행할 분을 모십니다.

유관 부서 및 외부 파트너와 업무 기준을 공유하고, 이슈 발생 시 원인을 정리해 재발 방지 방안을 실행합니다.

초기에는 담당 업무의 프로세스와 시스템을 익히고, 이후에는 담당 영역의 지표 개선과 운영 표준화까지 주도하게 됩니다.","• 순찰, 출입통제, CCTV, 비상대응, 보안일지 및 일일 운영 현황 관리
• 업무 일정·실적·품질 지표 점검 및 보고
• 관련 시스템과 문서의 정확한 입력·관리
• 고객·협력사·유관 부서 문의 대응 및 이슈 조율
• 업무 절차 개선과 운영 리스크 사전 점검
• 주요 이슈 원인 분석 및 후속 조치 관리
• 정기 회의 자료 작성과 진행 현황 공유
• 현장 안전·보안·개인정보 보호 기준 준수","• 신체 건강과 책임감 있는 근무 태도 관련 기본 지식 또는 실무 경험을 보유한 분
• 필수 자격·면허: 일반경비원 신임교육 보유자 또는 입사 전 취득 가능한 분
• 맡은 업무를 정확하게 기록하고 마감까지 책임질 수 있는 분
• 문서작성, 이메일, 스프레드시트 등 기본 업무도구 활용이 가능한 분
• 고객 및 유관 부서와 원활하게 소통하고 요청사항을 정리할 수 있는 분
• 예상하지 못한 상황에서도 우선순위를 판단해 대응할 수 있는 분
• 업무상 취급하는 자료와 고객 정보를 안전하게 관리할 수 있는 분
• 교대·주말·현장 근무가 포함될 수 있는 일정에 대응 가능한 분","• 경호·경비 또는 유사 직무 경력 보유자
• 직무 관련 자격·면허 보유자: 일반경비원 신임교육
• 직무 관련 자격·면허 보유자: 경비지도사
• ERP, WMS, CRM, POS 등 직무 관련 시스템 사용 경험자
• 수치와 데이터를 활용한 실적 분석 경험자
• 다양한 이해관계자와 협업해 문제를 해결한 경험자
• 외국어 또는 관련 법규·안전 기준을 활용할 수 있는 분","• 지원서 및 제출서류의 허위기재 또는 허위 제출
• 채용 과정에서 본인 확인이 불가능한 경우
• 채용검진 결과 업무 수행에 부적합하다고 판단되는 경우
• 해외여행 및 근무에 결격사유가 있는 경우
• 기타 회사 또는 기관의 인사규정상 채용이 불가능한 경우",서류전형 > 직무과제 > 실무면접 > 최종합격
1140,경호·경비 서비스 담당,9,114,20260128,20260310,20,경력 무관,기간제,울산광역시,석사 이상,"기업 부설 연구소에서 시설과 인원의 안전을 지키는 보안 포지션을(를) 맡을 경호·경비를 모집합니다.

이번 포지션은 순찰, 출입통제, CCTV, 비상대응, 보안일지을 중심으로 운영 현장의 품질과 일정, 고객 경험을 함께 관리하는 역할입니다.

성과와 고객 만족을 함께 고려하며 실질적인 변화를 만드는 역할입니다.

유관 부서 및 외부 파트너와 업무 기준을 공유하고, 이슈 발생 시 원인을 정리해 재발 방지 방안을 실행합니다.

초기에는 담당 업무의 프로세스와 시스템을 익히고, 이후에는 담당 영역의 지표 개선과 운영 표준화까지 주도하게 됩니다.","• 순찰, 출입통제, CCTV, 비상대응, 보안일지 및 일일 운영 현황 관리
• 업무 일정·실적·품질 지표 점검 및 보고
• 관련 시스템과 문서의 정확한 입력·관리
• 고객·협력사·유관 부서 문의 대응 및 이슈 조율
• 업무 절차 개선과 운영 리스크 사전 점검
• 주요 이슈 원인 분석 및 후속 조치 관리
• 정기 회의 자료 작성과 진행 현황 공유
• 업무 매뉴얼 정비와 신규 구성원 온보딩 지원","• 신체 건강과 책임감 있는 근무 태도 관련 기본 지식 또는 실무 경험을 보유한 분
• 필수 자격·면허: 일반경비원 신임교육 보유자 또는 입사 전 취득 가능한 분
• 맡은 업무를 정확하게 기록하고 마감까지 책임질 수 있는 분
• 문서작성, 이메일, 스프레드시트 등 기본 업무도구 활용이 가능한 분
• 고객 및 유관 부서와 원활하게 소통하고 요청사항을 정리할 수 있는 분
• 예상하지 못한 상황에서도 우선순위를 판단해 대응할 수 있는 분
• 업무상 취급하는 자료와 고객 정보를 안전하게 관리할 수 있는 분
• 직무 관련 교육을 꾸준히 이수하며 전문성을 높일 분","• 경호·경비 또는 유사 직무 경력 보유자
• 직무 관련 자격·면허 보유자: 일반경비원 신임교육
• 직무 관련 자격·면허 보유자: 경비지도사
• ERP, WMS, CRM, POS 등 직무 관련 시스템 사용 경험자
• 수치와 데이터를 활용한 실적 분석 경험자
• 다양한 이해관계자와 협업해 문제를 해결한 경험자
• 신규 프로세스 구축이나 업무 자동화 경험자","• 지원서 및 제출서류의 허위기재 또는 허위 제출
• 채용 과정에서 본인 확인이 불가능한 경우
• 채용검진 결과 업무 수행에 부적합하다고 판단되는 경우
• 해외여행 및 근무에 결격사유가 있는 경우
• 기타 회사 또는 기관의 인사규정상 채용이 불가능한 경우",서류전형 > 1차면접 > 2차면접 > 채용검진
1141,운영보조·매니저 실무자,151,115,20260214,20260226,11,경력,정규직,충청북도,학력무관,"전문 협회에서 시설·서비스 운영의 실무를 지원하는 포지션을(를) 맡을 운영보조·매니저를 모집합니다.

이번 포지션은 일정관리, 이용자안내, 물품, 정산, 현장지원을 중심으로 운영 현장의 품질과 일정, 고객 경험을 함께 관리하는 역할입니다.

정확한 실행력과 협업을 바탕으로 안정적인 운영을 함께 만들어 갈 분을 찾습니다.

유관 부서 및 외부 파트너와 업무 기준을 공유하고, 이슈 발생 시 원인을 정리해 재발 방지 방안을 실행합니다.

초기에는 담당 업무의 프로세스와 시스템을 익히고, 이후에는 담당 영역의 지표 개선과 운영 표준화까지 주도하게 됩니다.","• 일정관리, 이용자안내, 물품, 정산, 현장지원 및 일일 운영 현황 관리
• 업무 일정·실적·품질 지표 점검 및 보고
• 관련 시스템과 문서의 정확한 입력·관리
• 고객·협력사·유관 부서 문의 대응 및 이슈 조율
• 업무 절차 개선과 운영 리스크 사전 점검
• 주요 이슈 원인 분석 및 후속 조치 관리
• 정기 회의 자료 작성과 진행 현황 공유
• 현장 안전·보안·개인정보 보호 기준 준수","• 운영지원과 고객응대 경험 관련 기본 지식 또는 실무 경험을 보유한 분
• 필수 자격·면허: 컴퓨터활용능력 2급 보유자 또는 입사 전 취득 가능한 분
• 맡은 업무를 정확하게 기록하고 마감까지 책임질 수 있는 분
• 문서작성, 이메일, 스프레드시트 등 기본 업무도구 활용이 가능한 분
• 고객 및 유관 부서와 원활하게 소통하고 요청사항을 정리할 수 있는 분
• 예상하지 못한 상황에서도 우선순위를 판단해 대응할 수 있는 분
• 업무상 취급하는 자료와 고객 정보를 안전하게 관리할 수 있는 분
• 직무 관련 교육을 꾸준히 이수하며 전문성을 높일 분","• 운영보조·매니저 또는 유사 직무 경력 보유자
• 직무 관련 자격·면허 보유자: 컴퓨터활용능력 2급
• 직무 관련 자격·면허 보유자: CS Leaders 관리사
• ERP, WMS, CRM, POS 등 직무 관련 시스템 사용 경험자
• 수치와 데이터를 활용한 실적 분석 경험자
• 다양한 이해관계자와 협업해 문제를 해결한 경험자
• 외국어 또는 관련 법규·안전 기준을 활용할 수 있는 분","• 지원서 및 제출서류의 허위기재 또는 허위 제출
• 채용 과정에서 본인 확인이 불가능한 경우
• 채용검진 결과 업무 수행에 부적합하다고 판단되는 경우
• 해외여행 및 근무에 결격사유가 있는 경우
• 기타 회사 또는 기관의 인사규정상 채용이 불가능한 경우",서류전형 > 실무면접 > 최종면접
1142,운영보조·매니저 운영 매니저,131,115,20260303,20260322,2,신입·경력,계약직,전라남도,전문학사 이상,"공공서비스 운영기관에서 시설·서비스 운영의 실무를 지원하는 포지션을(를) 맡을 운영보조·매니저를 모집합니다.

이번 포지션은 일정관리, 이용자안내, 물품, 정산, 현장지원을 중심으로 운영 현장의 품질과 일정, 고객 경험을 함께 관리하는 역할입니다.

현장과 유관 부서의 요구를 연결하며 업무 품질을 높이는 역할입니다.

유관 부서 및 외부 파트너와 업무 기준을 공유하고, 이슈 발생 시 원인을 정리해 재발 방지 방안을 실행합니다.

초기에는 담당 업무의 프로세스와 시스템을 익히고, 이후에는 담당 영역의 지표 개선과 운영 표준화까지 주도하게 됩니다.","• 일정관리, 이용자안내, 물품, 정산, 현장지원 및 일일 운영 현황 관리
• 업무 일정·실적·품질 지표 점검 및 보고
• 관련 시스템과 문서의 정확한 입력·관리
• 고객·협력사·유관 부서 문의 대응 및 이슈 조율
• 업무 절차 개선과 운영 리스크 사전 점검
• 주요 이슈 원인 분석 및 후속 조치 관리
• 정기 회의 자료 작성과 진행 현황 공유
• 업무 매뉴얼 정비와 신규 구성원 온보딩 지원","• 운영지원과 고객응대 경험 관련 기본 지식 또는 실무 경험을 보유한 분
• 필수 자격·면허: 컴퓨터활용능력 2급 보유자 또는 입사 전 취득 가능한 분
• 맡은 업무를 정확하게 기록하고 마감까지 책임질 수 있는 분
• 문서작성, 이메일, 스프레드시트 등 기본 업무도구 활용이 가능한 분
• 고객 및 유관 부서와 원활하게 소통하고 요청사항을 정리할 수 있는 분
• 예상하지 못한 상황에서도 우선순위를 판단해 대응할 수 있는 분
• 업무상 취급하는 자료와 고객 정보를 안전하게 관리할 수 있는 분
• 교대·주말·현장 근무가 포함될 수 있는 일정에 대응 가능한 분","• 운영보조·매니저 또는 유사 직무 경력 보유자
• 직무 관련 자격·면허 보유자: 컴퓨터활용능력 2급
• 직무 관련 자격·면허 보유자: CS Leaders 관리사
• ERP, WMS, CRM, POS 등 직무 관련 시스템 사용 경험자
• 수치와 데이터를 활용한 실적 분석 경험자
• 다양한 이해관계자와 협업해 문제를 해결한 경험자
• 신규 프로세스 구축이나 업무 자동화 경험자","• 지원서 및 제출서류의 허위기재 또는 허위 제출
• 채용 과정에서 본인 확인이 불가능한 경우
• 채용검진 결과 업무 수행에 부적합하다고 판단되는 경우
• 해외여행 및 근무에 결격사유가 있는 경우
• 기타 회사 또는 기관의 인사규정상 채용이 불가능한 경우",서류전형 > 인성검사 > 실무면접 > 최종면접
1143,운영보조·매니저 전문 인력,96,115,20260320,20260415,13,경력 2년 이상,무기계약직,제주특별자치도,학사 이상,"대기업 사업부에서 시설·서비스 운영의 실무를 지원하는 포지션을(를) 맡을 운영보조·매니저를 모집합니다.

이번 포지션은 일정관리, 이용자안내, 물품, 정산, 현장지원을 중심으로 운영 현장의 품질과 일정, 고객 경험을 함께 관리하는 역할입니다.

업무 기준을 준수하면서도 개선점을 주도적으로 제안할 수 있는 분을 기다립니다.

유관 부서 및 외부 파트너와 업무 기준을 공유하고, 이슈 발생 시 원인을 정리해 재발 방지 방안을 실행합니다.

초기에는 담당 업무의 프로세스와 시스템을 익히고, 이후에는 담당 영역의 지표 개선과 운영 표준화까지 주도하게 됩니다.","• 일정관리, 이용자안내, 물품, 정산, 현장지원 및 일일 운영 현황 관리
• 업무 일정·실적·품질 지표 점검 및 보고
• 관련 시스템과 문서의 정확한 입력·관리
• 고객·협력사·유관 부서 문의 대응 및 이슈 조율
• 업무 절차 개선과 운영 리스크 사전 점검
• 주요 이슈 원인 분석 및 후속 조치 관리
• 정기 회의 자료 작성과 진행 현황 공유
• 현장 안전·보안·개인정보 보호 기준 준수","• 운영지원과 고객응대 경험 관련 기본 지식 또는 실무 경험을 보유한 분
• 필수 자격·면허: 컴퓨터활용능력 2급 보유자 또는 입사 전 취득 가능한 분
• 맡은 업무를 정확하게 기록하고 마감까지 책임질 수 있는 분
• 문서작성, 이메일, 스프레드시트 등 기본 업무도구 활용이 가능한 분
• 고객 및 유관 부서와 원활하게 소통하고 요청사항을 정리할 수 있는 분
• 예상하지 못한 상황에서도 우선순위를 판단해 대응할 수 있는 분
• 업무상 취급하는 자료와 고객 정보를 안전하게 관리할 수 있는 분
• 직무 관련 교육을 꾸준히 이수하며 전문성을 높일 분","• 운영보조·매니저 또는 유사 직무 경력 보유자
• 직무 관련 자격·면허 보유자: 컴퓨터활용능력 2급
• 직무 관련 자격·면허 보유자: CS Leaders 관리사
• ERP, WMS, CRM, POS 등 직무 관련 시스템 사용 경험자
• 수치와 데이터를 활용한 실적 분석 경험자
• 다양한 이해관계자와 협업해 문제를 해결한 경험자
• 외국어 또는 관련 법규·안전 기준을 활용할 수 있는 분","• 지원서 및 제출서류의 허위기재 또는 허위 제출
• 채용 과정에서 본인 확인이 불가능한 경우
• 채용검진 결과 업무 수행에 부적합하다고 판단되는 경우
• 해외여행 및 근무에 결격사유가 있는 경우
• 기타 회사 또는 기관의 인사규정상 채용이 불가능한 경우",서류전형 > 직무과제 > 실무면접 > 최종합격
1144,운영보조·매니저 경력 채용,118,115,20260406,20260509,4,경력 3년 이상,기간제,인천광역시,석사 이상,"중견 제조기업에서 시설·서비스 운영의 실무를 지원하는 포지션을(를) 맡을 운영보조·매니저를 모집합니다.

이번 포지션은 일정관리, 이용자안내, 물품, 정산, 현장지원을 중심으로 운영 현장의 품질과 일정, 고객 경험을 함께 관리하는 역할입니다.

고객과 동료에게 신뢰를 주는 태도로 맡은 업무를 끝까지 책임지는 포지션입니다.

유관 부서 및 외부 파트너와 업무 기준을 공유하고, 이슈 발생 시 원인을 정리해 재발 방지 방안을 실행합니다.

초기에는 담당 업무의 프로세스와 시스템을 익히고, 이후에는 담당 영역의 지표 개선과 운영 표준화까지 주도하게 됩니다.","• 일정관리, 이용자안내, 물품, 정산, 현장지원 및 일일 운영 현황 관리
• 업무 일정·실적·품질 지표 점검 및 보고
• 관련 시스템과 문서의 정확한 입력·관리
• 고객·협력사·유관 부서 문의 대응 및 이슈 조율
• 업무 절차 개선과 운영 리스크 사전 점검
• 주요 이슈 원인 분석 및 후속 조치 관리
• 정기 회의 자료 작성과 진행 현황 공유
• 업무 매뉴얼 정비와 신규 구성원 온보딩 지원","• 운영지원과 고객응대 경험 관련 기본 지식 또는 실무 경험을 보유한 분
• 필수 자격·면허: 컴퓨터활용능력 2급 보유자 또는 입사 전 취득 가능한 분
• 맡은 업무를 정확하게 기록하고 마감까지 책임질 수 있는 분
• 문서작성, 이메일, 스프레드시트 등 기본 업무도구 활용이 가능한 분
• 고객 및 유관 부서와 원활하게 소통하고 요청사항을 정리할 수 있는 분
• 예상하지 못한 상황에서도 우선순위를 판단해 대응할 수 있는 분
• 업무상 취급하는 자료와 고객 정보를 안전하게 관리할 수 있는 분
• 직무 관련 교육을 꾸준히 이수하며 전문성을 높일 분","• 운영보조·매니저 또는 유사 직무 경력 보유자
• 직무 관련 자격·면허 보유자: 컴퓨터활용능력 2급
• 직무 관련 자격·면허 보유자: CS Leaders 관리사
• ERP, WMS, CRM, POS 등 직무 관련 시스템 사용 경험자
• 수치와 데이터를 활용한 실적 분석 경험자
• 다양한 이해관계자와 협업해 문제를 해결한 경험자
• 신규 프로세스 구축이나 업무 자동화 경험자","• 지원서 및 제출서류의 허위기재 또는 허위 제출
• 채용 과정에서 본인 확인이 불가능한 경우
• 채용검진 결과 업무 수행에 부적합하다고 판단되는 경우
• 해외여행 및 근무에 결격사유가 있는 경우
• 기타 회사 또는 기관의 인사규정상 채용이 불가능한 경우",서류전형 > 1차면접 > 2차면접 > 채용검진
1145,운영보조·매니저 현장 책임자,19,115,20260423,20260602,15,경력 5년 이상,정규직,울산광역시,박사 이상,"전문 중소기업에서 시설·서비스 운영의 실무를 지원하는 포지션을(를) 맡을 운영보조·매니저를 모집합니다.

이번 포지션은 일정관리, 이용자안내, 물품, 정산, 현장지원을 중심으로 운영 현장의 품질과 일정, 고객 경험을 함께 관리하는 역할입니다.

데이터와 현장 감각을 함께 활용해 반복 업무를 효율화하는 역할입니다.

유관 부서 및 외부 파트너와 업무 기준을 공유하고, 이슈 발생 시 원인을 정리해 재발 방지 방안을 실행합니다.

초기에는 담당 업무의 프로세스와 시스템을 익히고, 이후에는 담당 영역의 지표 개선과 운영 표준화까지 주도하게 됩니다.","• 일정관리, 이용자안내, 물품, 정산, 현장지원 및 일일 운영 현황 관리
• 업무 일정·실적·품질 지표 점검 및 보고
• 관련 시스템과 문서의 정확한 입력·관리
• 고객·협력사·유관 부서 문의 대응 및 이슈 조율
• 업무 절차 개선과 운영 리스크 사전 점검
• 주요 이슈 원인 분석 및 후속 조치 관리
• 정기 회의 자료 작성과 진행 현황 공유
• 현장 안전·보안·개인정보 보호 기준 준수","• 운영지원과 고객응대 경험 관련 기본 지식 또는 실무 경험을 보유한 분
• 필수 자격·면허: 컴퓨터활용능력 2급 보유자 또는 입사 전 취득 가능한 분
• 맡은 업무를 정확하게 기록하고 마감까지 책임질 수 있는 분
• 문서작성, 이메일, 스프레드시트 등 기본 업무도구 활용이 가능한 분
• 고객 및 유관 부서와 원활하게 소통하고 요청사항을 정리할 수 있는 분
• 예상하지 못한 상황에서도 우선순위를 판단해 대응할 수 있는 분
• 업무상 취급하는 자료와 고객 정보를 안전하게 관리할 수 있는 분
• 교대·주말·현장 근무가 포함될 수 있는 일정에 대응 가능한 분","• 운영보조·매니저 또는 유사 직무 경력 보유자
• 직무 관련 자격·면허 보유자: 컴퓨터활용능력 2급
• 직무 관련 자격·면허 보유자: CS Leaders 관리사
• ERP, WMS, CRM, POS 등 직무 관련 시스템 사용 경험자
• 수치와 데이터를 활용한 실적 분석 경험자
• 다양한 이해관계자와 협업해 문제를 해결한 경험자
• 외국어 또는 관련 법규·안전 기준을 활용할 수 있는 분","• 지원서 및 제출서류의 허위기재 또는 허위 제출
• 채용 과정에서 본인 확인이 불가능한 경우
• 채용검진 결과 업무 수행에 부적합하다고 판단되는 경우
• 해외여행 및 근무에 결격사유가 있는 경우
• 기타 회사 또는 기관의 인사규정상 채용이 불가능한 경우",서류전형 > 필기전형 > 면접전형 > 최종합격
1146,운영보조·매니저 서비스 담당,128,115,20260510,20260521,6,경력 무관,계약직,강원특별자치도,학력무관,"성장 단계 스타트업에서 시설·서비스 운영의 실무를 지원하는 포지션을(를) 맡을 운영보조·매니저를 모집합니다.

이번 포지션은 일정관리, 이용자안내, 물품, 정산, 현장지원을 중심으로 운영 현장의 품질과 일정, 고객 경험을 함께 관리하는 역할입니다.

정해진 절차를 지키되 상황에 맞게 유연하게 대응하는 실무자를 모집합니다.

유관 부서 및 외부 파트너와 업무 기준을 공유하고, 이슈 발생 시 원인을 정리해 재발 방지 방안을 실행합니다.

초기에는 담당 업무의 프로세스와 시스템을 익히고, 이후에는 담당 영역의 지표 개선과 운영 표준화까지 주도하게 됩니다.","• 일정관리, 이용자안내, 물품, 정산, 현장지원 및 일일 운영 현황 관리
• 업무 일정·실적·품질 지표 점검 및 보고
• 관련 시스템과 문서의 정확한 입력·관리
• 고객·협력사·유관 부서 문의 대응 및 이슈 조율
• 업무 절차 개선과 운영 리스크 사전 점검
• 주요 이슈 원인 분석 및 후속 조치 관리
• 정기 회의 자료 작성과 진행 현황 공유
• 업무 매뉴얼 정비와 신규 구성원 온보딩 지원","• 운영지원과 고객응대 경험 관련 기본 지식 또는 실무 경험을 보유한 분
• 필수 자격·면허: 컴퓨터활용능력 2급 보유자 또는 입사 전 취득 가능한 분
• 맡은 업무를 정확하게 기록하고 마감까지 책임질 수 있는 분
• 문서작성, 이메일, 스프레드시트 등 기본 업무도구 활용이 가능한 분
• 고객 및 유관 부서와 원활하게 소통하고 요청사항을 정리할 수 있는 분
• 예상하지 못한 상황에서도 우선순위를 판단해 대응할 수 있는 분
• 업무상 취급하는 자료와 고객 정보를 안전하게 관리할 수 있는 분
• 직무 관련 교육을 꾸준히 이수하며 전문성을 높일 분","• 운영보조·매니저 또는 유사 직무 경력 보유자
• 직무 관련 자격·면허 보유자: 컴퓨터활용능력 2급
• 직무 관련 자격·면허 보유자: CS Leaders 관리사
• ERP, WMS, CRM, POS 등 직무 관련 시스템 사용 경험자
• 수치와 데이터를 활용한 실적 분석 경험자
• 다양한 이해관계자와 협업해 문제를 해결한 경험자
• 신규 프로세스 구축이나 업무 자동화 경험자","• 지원서 및 제출서류의 허위기재 또는 허위 제출
• 채용 과정에서 본인 확인이 불가능한 경우
• 채용검진 결과 업무 수행에 부적합하다고 판단되는 경우
• 해외여행 및 근무에 결격사유가 있는 경우
• 기타 회사 또는 기관의 인사규정상 채용이 불가능한 경우",서류전형 > 실무면접 > 최종면접
1147,운영보조·매니저 담당자,131,115,20260527,20260614,17,신입,무기계약직,전라북도,전문학사 이상,"종합병원 운영조직에서 시설·서비스 운영의 실무를 지원하는 포지션을(를) 맡을 운영보조·매니저를 모집합니다.

이번 포지션은 일정관리, 이용자안내, 물품, 정산, 현장지원을 중심으로 운영 현장의 품질과 일정, 고객 경험을 함께 관리하는 역할입니다.

부서 간 원활한 소통으로 일정과 품질을 안정적으로 관리하는 직무입니다.

유관 부서 및 외부 파트너와 업무 기준을 공유하고, 이슈 발생 시 원인을 정리해 재발 방지 방안을 실행합니다.

초기에는 담당 업무의 프로세스와 시스템을 익히고, 이후에는 담당 영역의 지표 개선과 운영 표준화까지 주도하게 됩니다.","• 일정관리, 이용자안내, 물품, 정산, 현장지원 및 일일 운영 현황 관리
• 업무 일정·실적·품질 지표 점검 및 보고
• 관련 시스템과 문서의 정확한 입력·관리
• 고객·협력사·유관 부서 문의 대응 및 이슈 조율
• 업무 절차 개선과 운영 리스크 사전 점검
• 주요 이슈 원인 분석 및 후속 조치 관리
• 정기 회의 자료 작성과 진행 현황 공유
• 현장 안전·보안·개인정보 보호 기준 준수","• 운영지원과 고객응대 경험 관련 기본 지식 또는 실무 경험을 보유한 분
• 필수 자격·면허: 컴퓨터활용능력 2급 보유자 또는 입사 전 취득 가능한 분
• 맡은 업무를 정확하게 기록하고 마감까지 책임질 수 있는 분
• 문서작성, 이메일, 스프레드시트 등 기본 업무도구 활용이 가능한 분
• 고객 및 유관 부서와 원활하게 소통하고 요청사항을 정리할 수 있는 분
• 예상하지 못한 상황에서도 우선순위를 판단해 대응할 수 있는 분
• 업무상 취급하는 자료와 고객 정보를 안전하게 관리할 수 있는 분
• 직무 관련 교육을 꾸준히 이수하며 전문성을 높일 분","• 운영보조·매니저 또는 유사 직무 경력 보유자
• 직무 관련 자격·면허 보유자: 컴퓨터활용능력 2급
• 직무 관련 자격·면허 보유자: CS Leaders 관리사
• ERP, WMS, CRM, POS 등 직무 관련 시스템 사용 경험자
• 수치와 데이터를 활용한 실적 분석 경험자
• 다양한 이해관계자와 협업해 문제를 해결한 경험자
• 외국어 또는 관련 법규·안전 기준을 활용할 수 있는 분","• 지원서 및 제출서류의 허위기재 또는 허위 제출
• 채용 과정에서 본인 확인이 불가능한 경우
• 채용검진 결과 업무 수행에 부적합하다고 판단되는 경우
• 해외여행 및 근무에 결격사유가 있는 경우
• 기타 회사 또는 기관의 인사규정상 채용이 불가능한 경우",서류전형 > 인성검사 > 실무면접 > 최종면접
1148,운영보조·매니저 실무자,97,115,20260613,20260708,8,경력,기간제,경상남도,학사 이상,"대학 산학협력단에서 시설·서비스 운영의 실무를 지원하는 포지션을(를) 맡을 운영보조·매니저를 모집합니다.

이번 포지션은 일정관리, 이용자안내, 물품, 정산, 현장지원을 중심으로 운영 현장의 품질과 일정, 고객 경험을 함께 관리하는 역할입니다.

서비스 품질과 안전을 우선하며 꾸준히 전문성을 쌓을 수 있는 포지션입니다.

유관 부서 및 외부 파트너와 업무 기준을 공유하고, 이슈 발생 시 원인을 정리해 재발 방지 방안을 실행합니다.

초기에는 담당 업무의 프로세스와 시스템을 익히고, 이후에는 담당 영역의 지표 개선과 운영 표준화까지 주도하게 됩니다.","• 일정관리, 이용자안내, 물품, 정산, 현장지원 및 일일 운영 현황 관리
• 업무 일정·실적·품질 지표 점검 및 보고
• 관련 시스템과 문서의 정확한 입력·관리
• 고객·협력사·유관 부서 문의 대응 및 이슈 조율
• 업무 절차 개선과 운영 리스크 사전 점검
• 주요 이슈 원인 분석 및 후속 조치 관리
• 정기 회의 자료 작성과 진행 현황 공유
• 업무 매뉴얼 정비와 신규 구성원 온보딩 지원","• 운영지원과 고객응대 경험 관련 기본 지식 또는 실무 경험을 보유한 분
• 필수 자격·면허: 컴퓨터활용능력 2급 보유자 또는 입사 전 취득 가능한 분
• 맡은 업무를 정확하게 기록하고 마감까지 책임질 수 있는 분
• 문서작성, 이메일, 스프레드시트 등 기본 업무도구 활용이 가능한 분
• 고객 및 유관 부서와 원활하게 소통하고 요청사항을 정리할 수 있는 분
• 예상하지 못한 상황에서도 우선순위를 판단해 대응할 수 있는 분
• 업무상 취급하는 자료와 고객 정보를 안전하게 관리할 수 있는 분
• 교대·주말·현장 근무가 포함될 수 있는 일정에 대응 가능한 분","• 운영보조·매니저 또는 유사 직무 경력 보유자
• 직무 관련 자격·면허 보유자: 컴퓨터활용능력 2급
• 직무 관련 자격·면허 보유자: CS Leaders 관리사
• ERP, WMS, CRM, POS 등 직무 관련 시스템 사용 경험자
• 수치와 데이터를 활용한 실적 분석 경험자
• 다양한 이해관계자와 협업해 문제를 해결한 경험자
• 신규 프로세스 구축이나 업무 자동화 경험자","• 지원서 및 제출서류의 허위기재 또는 허위 제출
• 채용 과정에서 본인 확인이 불가능한 경우
• 채용검진 결과 업무 수행에 부적합하다고 판단되는 경우
• 해외여행 및 근무에 결격사유가 있는 경우
• 기타 회사 또는 기관의 인사규정상 채용이 불가능한 경우",서류전형 > 직무과제 > 실무면접 > 최종합격
1149,운영보조·매니저 운영 매니저,139,115,20260630,20260801,19,신입·경력,정규직,부산광역시,석사 이상,"기업 부설 연구소에서 시설·서비스 운영의 실무를 지원하는 포지션을(를) 맡을 운영보조·매니저를 모집합니다.

이번 포지션은 일정관리, 이용자안내, 물품, 정산, 현장지원을 중심으로 운영 현장의 품질과 일정, 고객 경험을 함께 관리하는 역할입니다.

기본기를 바탕으로 새로운 업무를 빠르게 익히고 실행할 분을 모십니다.

유관 부서 및 외부 파트너와 업무 기준을 공유하고, 이슈 발생 시 원인을 정리해 재발 방지 방안을 실행합니다.

초기에는 담당 업무의 프로세스와 시스템을 익히고, 이후에는 담당 영역의 지표 개선과 운영 표준화까지 주도하게 됩니다.","• 일정관리, 이용자안내, 물품, 정산, 현장지원 및 일일 운영 현황 관리
• 업무 일정·실적·품질 지표 점검 및 보고
• 관련 시스템과 문서의 정확한 입력·관리
• 고객·협력사·유관 부서 문의 대응 및 이슈 조율
• 업무 절차 개선과 운영 리스크 사전 점검
• 주요 이슈 원인 분석 및 후속 조치 관리
• 정기 회의 자료 작성과 진행 현황 공유
• 현장 안전·보안·개인정보 보호 기준 준수","• 운영지원과 고객응대 경험 관련 기본 지식 또는 실무 경험을 보유한 분
• 필수 자격·면허: 컴퓨터활용능력 2급 보유자 또는 입사 전 취득 가능한 분
• 맡은 업무를 정확하게 기록하고 마감까지 책임질 수 있는 분
• 문서작성, 이메일, 스프레드시트 등 기본 업무도구 활용이 가능한 분
• 고객 및 유관 부서와 원활하게 소통하고 요청사항을 정리할 수 있는 분
• 예상하지 못한 상황에서도 우선순위를 판단해 대응할 수 있는 분
• 업무상 취급하는 자료와 고객 정보를 안전하게 관리할 수 있는 분
• 직무 관련 교육을 꾸준히 이수하며 전문성을 높일 분","• 운영보조·매니저 또는 유사 직무 경력 보유자
• 직무 관련 자격·면허 보유자: 컴퓨터활용능력 2급
• 직무 관련 자격·면허 보유자: CS Leaders 관리사
• ERP, WMS, CRM, POS 등 직무 관련 시스템 사용 경험자
• 수치와 데이터를 활용한 실적 분석 경험자
• 다양한 이해관계자와 협업해 문제를 해결한 경험자
• 외국어 또는 관련 법규·안전 기준을 활용할 수 있는 분","• 지원서 및 제출서류의 허위기재 또는 허위 제출
• 채용 과정에서 본인 확인이 불가능한 경우
• 채용검진 결과 업무 수행에 부적합하다고 판단되는 경우
• 해외여행 및 근무에 결격사유가 있는 경우
• 기타 회사 또는 기관의 인사규정상 채용이 불가능한 경우",서류전형 > 1차면접 > 2차면접 > 채용검진
1150,운영보조·매니저 전문 인력,97,115,20260717,20260825,10,경력 2년 이상,계약직,광주광역시,박사 이상,"전문 협회에서 시설·서비스 운영의 실무를 지원하는 포지션을(를) 맡을 운영보조·매니저를 모집합니다.

이번 포지션은 일정관리, 이용자안내, 물품, 정산, 현장지원을 중심으로 운영 현장의 품질과 일정, 고객 경험을 함께 관리하는 역할입니다.

성과와 고객 만족을 함께 고려하며 실질적인 변화를 만드는 역할입니다.

유관 부서 및 외부 파트너와 업무 기준을 공유하고, 이슈 발생 시 원인을 정리해 재발 방지 방안을 실행합니다.

초기에는 담당 업무의 프로세스와 시스템을 익히고, 이후에는 담당 영역의 지표 개선과 운영 표준화까지 주도하게 됩니다.","• 일정관리, 이용자안내, 물품, 정산, 현장지원 및 일일 운영 현황 관리
• 업무 일정·실적·품질 지표 점검 및 보고
• 관련 시스템과 문서의 정확한 입력·관리
• 고객·협력사·유관 부서 문의 대응 및 이슈 조율
• 업무 절차 개선과 운영 리스크 사전 점검
• 주요 이슈 원인 분석 및 후속 조치 관리
• 정기 회의 자료 작성과 진행 현황 공유
• 업무 매뉴얼 정비와 신규 구성원 온보딩 지원","• 운영지원과 고객응대 경험 관련 기본 지식 또는 실무 경험을 보유한 분
• 필수 자격·면허: 컴퓨터활용능력 2급 보유자 또는 입사 전 취득 가능한 분
• 맡은 업무를 정확하게 기록하고 마감까지 책임질 수 있는 분
• 문서작성, 이메일, 스프레드시트 등 기본 업무도구 활용이 가능한 분
• 고객 및 유관 부서와 원활하게 소통하고 요청사항을 정리할 수 있는 분
• 예상하지 못한 상황에서도 우선순위를 판단해 대응할 수 있는 분
• 업무상 취급하는 자료와 고객 정보를 안전하게 관리할 수 있는 분
• 직무 관련 교육을 꾸준히 이수하며 전문성을 높일 분","• 운영보조·매니저 또는 유사 직무 경력 보유자
• 직무 관련 자격·면허 보유자: 컴퓨터활용능력 2급
• 직무 관련 자격·면허 보유자: CS Leaders 관리사
• ERP, WMS, CRM, POS 등 직무 관련 시스템 사용 경험자
• 수치와 데이터를 활용한 실적 분석 경험자
• 다양한 이해관계자와 협업해 문제를 해결한 경험자
• 신규 프로세스 구축이나 업무 자동화 경험자","• 지원서 및 제출서류의 허위기재 또는 허위 제출
• 채용 과정에서 본인 확인이 불가능한 경우
• 채용검진 결과 업무 수행에 부적합하다고 판단되는 경우
• 해외여행 및 근무에 결격사유가 있는 경우
• 기타 회사 또는 기관의 인사규정상 채용이 불가능한 경우",서류전형 > 필기전형 > 면접전형 > 최종합격
1151,이벤트·웨딩플래너 현장 책임자,3,116,20260803,20260813,1,경력 5년 이상,무기계약직,강원특별자치도,전문학사 이상,"공공서비스 운영기관에서 행사와 웨딩의 기획부터 현장 진행까지 담당하는 포지션을(를) 맡을 이벤트·웨딩플래너를 모집합니다.

이번 포지션은 고객상담, 콘셉트, 업체섭외, 일정, 현장진행을 중심으로 운영 현장의 품질과 일정, 고객 경험을 함께 관리하는 역할입니다.

정확한 실행력과 협업을 바탕으로 안정적인 운영을 함께 만들어 갈 분을 찾습니다.

유관 부서 및 외부 파트너와 업무 기준을 공유하고, 이슈 발생 시 원인을 정리해 재발 방지 방안을 실행합니다.

초기에는 담당 업무의 프로세스와 시스템을 익히고, 이후에는 담당 영역의 지표 개선과 운영 표준화까지 주도하게 됩니다.","• 고객상담, 콘셉트, 업체섭외, 일정, 현장진행 및 일일 운영 현황 관리
• 업무 일정·실적·품질 지표 점검 및 보고
• 관련 시스템과 문서의 정확한 입력·관리
• 고객·협력사·유관 부서 문의 대응 및 이슈 조율
• 업무 절차 개선과 운영 리스크 사전 점검
• 주요 이슈 원인 분석 및 후속 조치 관리
• 정기 회의 자료 작성과 진행 현황 공유
• 현장 안전·보안·개인정보 보호 기준 준수","• 행사기획과 일정 조율 능력 관련 기본 지식 또는 실무 경험을 보유한 분
• 필수 자격·면허: 컨벤션기획사 2급 보유자 또는 입사 전 취득 가능한 분
• 맡은 업무를 정확하게 기록하고 마감까지 책임질 수 있는 분
• 문서작성, 이메일, 스프레드시트 등 기본 업무도구 활용이 가능한 분
• 고객 및 유관 부서와 원활하게 소통하고 요청사항을 정리할 수 있는 분
• 예상하지 못한 상황에서도 우선순위를 판단해 대응할 수 있는 분
• 업무상 취급하는 자료와 고객 정보를 안전하게 관리할 수 있는 분
• 교대·주말·현장 근무가 포함될 수 있는 일정에 대응 가능한 분","• 이벤트·웨딩플래너 또는 유사 직무 경력 보유자
• 직무 관련 자격·면허 보유자: 컨벤션기획사 2급
• 직무 관련 자격·면허 보유자: 웨딩플래너 자격
• ERP, WMS, CRM, POS 등 직무 관련 시스템 사용 경험자
• 수치와 데이터를 활용한 실적 분석 경험자
• 다양한 이해관계자와 협업해 문제를 해결한 경험자
• 외국어 또는 관련 법규·안전 기준을 활용할 수 있는 분","• 지원서 및 제출서류의 허위기재 또는 허위 제출
• 채용 과정에서 본인 확인이 불가능한 경우
• 채용검진 결과 업무 수행에 부적합하다고 판단되는 경우
• 해외여행 및 근무에 결격사유가 있는 경우
• 기타 회사 또는 기관의 인사규정상 채용이 불가능한 경우",서류전형 > 인성검사 > 실무면접 > 최종면접
1152,이벤트·웨딩플래너 서비스 담당,145,116,20260820,20260906,12,경력 무관,기간제,전라북도,학사 이상,"대기업 사업부에서 행사와 웨딩의 기획부터 현장 진행까지 담당하는 포지션을(를) 맡을 이벤트·웨딩플래너를 모집합니다.

이번 포지션은 고객상담, 콘셉트, 업체섭외, 일정, 현장진행을 중심으로 운영 현장의 품질과 일정, 고객 경험을 함께 관리하는 역할입니다.

현장과 유관 부서의 요구를 연결하며 업무 품질을 높이는 역할입니다.

유관 부서 및 외부 파트너와 업무 기준을 공유하고, 이슈 발생 시 원인을 정리해 재발 방지 방안을 실행합니다.

초기에는 담당 업무의 프로세스와 시스템을 익히고, 이후에는 담당 영역의 지표 개선과 운영 표준화까지 주도하게 됩니다.","• 고객상담, 콘셉트, 업체섭외, 일정, 현장진행 및 일일 운영 현황 관리
• 업무 일정·실적·품질 지표 점검 및 보고
• 관련 시스템과 문서의 정확한 입력·관리
• 고객·협력사·유관 부서 문의 대응 및 이슈 조율
• 업무 절차 개선과 운영 리스크 사전 점검
• 주요 이슈 원인 분석 및 후속 조치 관리
• 정기 회의 자료 작성과 진행 현황 공유
• 업무 매뉴얼 정비와 신규 구성원 온보딩 지원","• 행사기획과 일정 조율 능력 관련 기본 지식 또는 실무 경험을 보유한 분
• 필수 자격·면허: 컨벤션기획사 2급 보유자 또는 입사 전 취득 가능한 분
• 맡은 업무를 정확하게 기록하고 마감까지 책임질 수 있는 분
• 문서작성, 이메일, 스프레드시트 등 기본 업무도구 활용이 가능한 분
• 고객 및 유관 부서와 원활하게 소통하고 요청사항을 정리할 수 있는 분
• 예상하지 못한 상황에서도 우선순위를 판단해 대응할 수 있는 분
• 업무상 취급하는 자료와 고객 정보를 안전하게 관리할 수 있는 분
• 직무 관련 교육을 꾸준히 이수하며 전문성을 높일 분","• 이벤트·웨딩플래너 또는 유사 직무 경력 보유자
• 직무 관련 자격·면허 보유자: 컨벤션기획사 2급
• 직무 관련 자격·면허 보유자: 웨딩플래너 자격
• ERP, WMS, CRM, POS 등 직무 관련 시스템 사용 경험자
• 수치와 데이터를 활용한 실적 분석 경험자
• 다양한 이해관계자와 협업해 문제를 해결한 경험자
• 신규 프로세스 구축이나 업무 자동화 경험자","• 지원서 및 제출서류의 허위기재 또는 허위 제출
• 채용 과정에서 본인 확인이 불가능한 경우
• 채용검진 결과 업무 수행에 부적합하다고 판단되는 경우
• 해외여행 및 근무에 결격사유가 있는 경우
• 기타 회사 또는 기관의 인사규정상 채용이 불가능한 경우",서류전형 > 직무과제 > 실무면접 > 최종합격
1153,이벤트·웨딩플래너 담당자,69,116,20260906,20260930,3,신입,정규직,경상남도,석사 이상,"중견 제조기업에서 행사와 웨딩의 기획부터 현장 진행까지 담당하는 포지션을(를) 맡을 이벤트·웨딩플래너를 모집합니다.

이번 포지션은 고객상담, 콘셉트, 업체섭외, 일정, 현장진행을 중심으로 운영 현장의 품질과 일정, 고객 경험을 함께 관리하는 역할입니다.

업무 기준을 준수하면서도 개선점을 주도적으로 제안할 수 있는 분을 기다립니다.

유관 부서 및 외부 파트너와 업무 기준을 공유하고, 이슈 발생 시 원인을 정리해 재발 방지 방안을 실행합니다.

초기에는 담당 업무의 프로세스와 시스템을 익히고, 이후에는 담당 영역의 지표 개선과 운영 표준화까지 주도하게 됩니다.","• 고객상담, 콘셉트, 업체섭외, 일정, 현장진행 및 일일 운영 현황 관리
• 업무 일정·실적·품질 지표 점검 및 보고
• 관련 시스템과 문서의 정확한 입력·관리
• 고객·협력사·유관 부서 문의 대응 및 이슈 조율
• 업무 절차 개선과 운영 리스크 사전 점검
• 주요 이슈 원인 분석 및 후속 조치 관리
• 정기 회의 자료 작성과 진행 현황 공유
• 현장 안전·보안·개인정보 보호 기준 준수","• 행사기획과 일정 조율 능력 관련 기본 지식 또는 실무 경험을 보유한 분
• 필수 자격·면허: 컨벤션기획사 2급 보유자 또는 입사 전 취득 가능한 분
• 맡은 업무를 정확하게 기록하고 마감까지 책임질 수 있는 분
• 문서작성, 이메일, 스프레드시트 등 기본 업무도구 활용이 가능한 분
• 고객 및 유관 부서와 원활하게 소통하고 요청사항을 정리할 수 있는 분
• 예상하지 못한 상황에서도 우선순위를 판단해 대응할 수 있는 분
• 업무상 취급하는 자료와 고객 정보를 안전하게 관리할 수 있는 분
• 직무 관련 교육을 꾸준히 이수하며 전문성을 높일 분","• 이벤트·웨딩플래너 또는 유사 직무 경력 보유자
• 직무 관련 자격·면허 보유자: 컨벤션기획사 2급
• 직무 관련 자격·면허 보유자: 웨딩플래너 자격
• ERP, WMS, CRM, POS 등 직무 관련 시스템 사용 경험자
• 수치와 데이터를 활용한 실적 분석 경험자
• 다양한 이해관계자와 협업해 문제를 해결한 경험자
• 외국어 또는 관련 법규·안전 기준을 활용할 수 있는 분","• 지원서 및 제출서류의 허위기재 또는 허위 제출
• 채용 과정에서 본인 확인이 불가능한 경우
• 채용검진 결과 업무 수행에 부적합하다고 판단되는 경우
• 해외여행 및 근무에 결격사유가 있는 경우
• 기타 회사 또는 기관의 인사규정상 채용이 불가능한 경우",서류전형 > 1차면접 > 2차면접 > 채용검진
1154,이벤트·웨딩플래너 실무자,24,116,20260923,20261024,14,경력,계약직,부산광역시,박사 이상,"전문 중소기업에서 행사와 웨딩의 기획부터 현장 진행까지 담당하는 포지션을(를) 맡을 이벤트·웨딩플래너를 모집합니다.

이번 포지션은 고객상담, 콘셉트, 업체섭외, 일정, 현장진행을 중심으로 운영 현장의 품질과 일정, 고객 경험을 함께 관리하는 역할입니다.

고객과 동료에게 신뢰를 주는 태도로 맡은 업무를 끝까지 책임지는 포지션입니다.

유관 부서 및 외부 파트너와 업무 기준을 공유하고, 이슈 발생 시 원인을 정리해 재발 방지 방안을 실행합니다.

초기에는 담당 업무의 프로세스와 시스템을 익히고, 이후에는 담당 영역의 지표 개선과 운영 표준화까지 주도하게 됩니다.","• 고객상담, 콘셉트, 업체섭외, 일정, 현장진행 및 일일 운영 현황 관리
• 업무 일정·실적·품질 지표 점검 및 보고
• 관련 시스템과 문서의 정확한 입력·관리
• 고객·협력사·유관 부서 문의 대응 및 이슈 조율
• 업무 절차 개선과 운영 리스크 사전 점검
• 주요 이슈 원인 분석 및 후속 조치 관리
• 정기 회의 자료 작성과 진행 현황 공유
• 업무 매뉴얼 정비와 신규 구성원 온보딩 지원","• 행사기획과 일정 조율 능력 관련 기본 지식 또는 실무 경험을 보유한 분
• 필수 자격·면허: 컨벤션기획사 2급 보유자 또는 입사 전 취득 가능한 분
• 맡은 업무를 정확하게 기록하고 마감까지 책임질 수 있는 분
• 문서작성, 이메일, 스프레드시트 등 기본 업무도구 활용이 가능한 분
• 고객 및 유관 부서와 원활하게 소통하고 요청사항을 정리할 수 있는 분
• 예상하지 못한 상황에서도 우선순위를 판단해 대응할 수 있는 분
• 업무상 취급하는 자료와 고객 정보를 안전하게 관리할 수 있는 분
• 교대·주말·현장 근무가 포함될 수 있는 일정에 대응 가능한 분","• 이벤트·웨딩플래너 또는 유사 직무 경력 보유자
• 직무 관련 자격·면허 보유자: 컨벤션기획사 2급
• 직무 관련 자격·면허 보유자: 웨딩플래너 자격
• ERP, WMS, CRM, POS 등 직무 관련 시스템 사용 경험자
• 수치와 데이터를 활용한 실적 분석 경험자
• 다양한 이해관계자와 협업해 문제를 해결한 경험자
• 신규 프로세스 구축이나 업무 자동화 경험자","• 지원서 및 제출서류의 허위기재 또는 허위 제출
• 채용 과정에서 본인 확인이 불가능한 경우
• 채용검진 결과 업무 수행에 부적합하다고 판단되는 경우
• 해외여행 및 근무에 결격사유가 있는 경우
• 기타 회사 또는 기관의 인사규정상 채용이 불가능한 경우",서류전형 > 필기전형 > 면접전형 > 최종합격
1155,이벤트·웨딩플래너 운영 매니저,14,116,20261010,20261117,5,신입·경력,무기계약직,광주광역시,학력무관,"성장 단계 스타트업에서 행사와 웨딩의 기획부터 현장 진행까지 담당하는 포지션을(를) 맡을 이벤트·웨딩플래너를 모집합니다.

이번 포지션은 고객상담, 콘셉트, 업체섭외, 일정, 현장진행을 중심으로 운영 현장의 품질과 일정, 고객 경험을 함께 관리하는 역할입니다.

데이터와 현장 감각을 함께 활용해 반복 업무를 효율화하는 역할입니다.

유관 부서 및 외부 파트너와 업무 기준을 공유하고, 이슈 발생 시 원인을 정리해 재발 방지 방안을 실행합니다.

초기에는 담당 업무의 프로세스와 시스템을 익히고, 이후에는 담당 영역의 지표 개선과 운영 표준화까지 주도하게 됩니다.","• 고객상담, 콘셉트, 업체섭외, 일정, 현장진행 및 일일 운영 현황 관리
• 업무 일정·실적·품질 지표 점검 및 보고
• 관련 시스템과 문서의 정확한 입력·관리
• 고객·협력사·유관 부서 문의 대응 및 이슈 조율
• 업무 절차 개선과 운영 리스크 사전 점검
• 주요 이슈 원인 분석 및 후속 조치 관리
• 정기 회의 자료 작성과 진행 현황 공유
• 현장 안전·보안·개인정보 보호 기준 준수","• 행사기획과 일정 조율 능력 관련 기본 지식 또는 실무 경험을 보유한 분
• 필수 자격·면허: 컨벤션기획사 2급 보유자 또는 입사 전 취득 가능한 분
• 맡은 업무를 정확하게 기록하고 마감까지 책임질 수 있는 분
• 문서작성, 이메일, 스프레드시트 등 기본 업무도구 활용이 가능한 분
• 고객 및 유관 부서와 원활하게 소통하고 요청사항을 정리할 수 있는 분
• 예상하지 못한 상황에서도 우선순위를 판단해 대응할 수 있는 분
• 업무상 취급하는 자료와 고객 정보를 안전하게 관리할 수 있는 분
• 직무 관련 교육을 꾸준히 이수하며 전문성을 높일 분","• 이벤트·웨딩플래너 또는 유사 직무 경력 보유자
• 직무 관련 자격·면허 보유자: 컨벤션기획사 2급
• 직무 관련 자격·면허 보유자: 웨딩플래너 자격
• ERP, WMS, CRM, POS 등 직무 관련 시스템 사용 경험자
• 수치와 데이터를 활용한 실적 분석 경험자
• 다양한 이해관계자와 협업해 문제를 해결한 경험자
• 외국어 또는 관련 법규·안전 기준을 활용할 수 있는 분","• 지원서 및 제출서류의 허위기재 또는 허위 제출
• 채용 과정에서 본인 확인이 불가능한 경우
• 채용검진 결과 업무 수행에 부적합하다고 판단되는 경우
• 해외여행 및 근무에 결격사유가 있는 경우
• 기타 회사 또는 기관의 인사규정상 채용이 불가능한 경우",서류전형 > 실무면접 > 최종면접
1156,이벤트·웨딩플래너 전문 인력,123,116,20261027,20261211,16,경력 2년 이상,기간제,경기도,전문학사 이상,"종합병원 운영조직에서 행사와 웨딩의 기획부터 현장 진행까지 담당하는 포지션을(를) 맡을 이벤트·웨딩플래너를 모집합니다.

이번 포지션은 고객상담, 콘셉트, 업체섭외, 일정, 현장진행을 중심으로 운영 현장의 품질과 일정, 고객 경험을 함께 관리하는 역할입니다.

정해진 절차를 지키되 상황에 맞게 유연하게 대응하는 실무자를 모집합니다.

유관 부서 및 외부 파트너와 업무 기준을 공유하고, 이슈 발생 시 원인을 정리해 재발 방지 방안을 실행합니다.

초기에는 담당 업무의 프로세스와 시스템을 익히고, 이후에는 담당 영역의 지표 개선과 운영 표준화까지 주도하게 됩니다.","• 고객상담, 콘셉트, 업체섭외, 일정, 현장진행 및 일일 운영 현황 관리
• 업무 일정·실적·품질 지표 점검 및 보고
• 관련 시스템과 문서의 정확한 입력·관리
• 고객·협력사·유관 부서 문의 대응 및 이슈 조율
• 업무 절차 개선과 운영 리스크 사전 점검
• 주요 이슈 원인 분석 및 후속 조치 관리
• 정기 회의 자료 작성과 진행 현황 공유
• 업무 매뉴얼 정비와 신규 구성원 온보딩 지원","• 행사기획과 일정 조율 능력 관련 기본 지식 또는 실무 경험을 보유한 분
• 필수 자격·면허: 컨벤션기획사 2급 보유자 또는 입사 전 취득 가능한 분
• 맡은 업무를 정확하게 기록하고 마감까지 책임질 수 있는 분
• 문서작성, 이메일, 스프레드시트 등 기본 업무도구 활용이 가능한 분
• 고객 및 유관 부서와 원활하게 소통하고 요청사항을 정리할 수 있는 분
• 예상하지 못한 상황에서도 우선순위를 판단해 대응할 수 있는 분
• 업무상 취급하는 자료와 고객 정보를 안전하게 관리할 수 있는 분
• 직무 관련 교육을 꾸준히 이수하며 전문성을 높일 분","• 이벤트·웨딩플래너 또는 유사 직무 경력 보유자
• 직무 관련 자격·면허 보유자: 컨벤션기획사 2급
• 직무 관련 자격·면허 보유자: 웨딩플래너 자격
• ERP, WMS, CRM, POS 등 직무 관련 시스템 사용 경험자
• 수치와 데이터를 활용한 실적 분석 경험자
• 다양한 이해관계자와 협업해 문제를 해결한 경험자
• 신규 프로세스 구축이나 업무 자동화 경험자","• 지원서 및 제출서류의 허위기재 또는 허위 제출
• 채용 과정에서 본인 확인이 불가능한 경우
• 채용검진 결과 업무 수행에 부적합하다고 판단되는 경우
• 해외여행 및 근무에 결격사유가 있는 경우
• 기타 회사 또는 기관의 인사규정상 채용이 불가능한 경우",서류전형 > 인성검사 > 실무면접 > 최종면접
1157,이벤트·웨딩플래너 경력 채용,92,116,20261113,20261129,7,경력 3년 이상,정규직,충청남도,학사 이상,"대학 산학협력단에서 행사와 웨딩의 기획부터 현장 진행까지 담당하는 포지션을(를) 맡을 이벤트·웨딩플래너를 모집합니다.

이번 포지션은 고객상담, 콘셉트, 업체섭외, 일정, 현장진행을 중심으로 운영 현장의 품질과 일정, 고객 경험을 함께 관리하는 역할입니다.

부서 간 원활한 소통으로 일정과 품질을 안정적으로 관리하는 직무입니다.

유관 부서 및 외부 파트너와 업무 기준을 공유하고, 이슈 발생 시 원인을 정리해 재발 방지 방안을 실행합니다.

초기에는 담당 업무의 프로세스와 시스템을 익히고, 이후에는 담당 영역의 지표 개선과 운영 표준화까지 주도하게 됩니다.","• 고객상담, 콘셉트, 업체섭외, 일정, 현장진행 및 일일 운영 현황 관리
• 업무 일정·실적·품질 지표 점검 및 보고
• 관련 시스템과 문서의 정확한 입력·관리
• 고객·협력사·유관 부서 문의 대응 및 이슈 조율
• 업무 절차 개선과 운영 리스크 사전 점검
• 주요 이슈 원인 분석 및 후속 조치 관리
• 정기 회의 자료 작성과 진행 현황 공유
• 현장 안전·보안·개인정보 보호 기준 준수","• 행사기획과 일정 조율 능력 관련 기본 지식 또는 실무 경험을 보유한 분
• 필수 자격·면허: 컨벤션기획사 2급 보유자 또는 입사 전 취득 가능한 분
• 맡은 업무를 정확하게 기록하고 마감까지 책임질 수 있는 분
• 문서작성, 이메일, 스프레드시트 등 기본 업무도구 활용이 가능한 분
• 고객 및 유관 부서와 원활하게 소통하고 요청사항을 정리할 수 있는 분
• 예상하지 못한 상황에서도 우선순위를 판단해 대응할 수 있는 분
• 업무상 취급하는 자료와 고객 정보를 안전하게 관리할 수 있는 분
• 교대·주말·현장 근무가 포함될 수 있는 일정에 대응 가능한 분","• 이벤트·웨딩플래너 또는 유사 직무 경력 보유자
• 직무 관련 자격·면허 보유자: 컨벤션기획사 2급
• 직무 관련 자격·면허 보유자: 웨딩플래너 자격
• ERP, WMS, CRM, POS 등 직무 관련 시스템 사용 경험자
• 수치와 데이터를 활용한 실적 분석 경험자
• 다양한 이해관계자와 협업해 문제를 해결한 경험자
• 외국어 또는 관련 법규·안전 기준을 활용할 수 있는 분","• 지원서 및 제출서류의 허위기재 또는 허위 제출
• 채용 과정에서 본인 확인이 불가능한 경우
• 채용검진 결과 업무 수행에 부적합하다고 판단되는 경우
• 해외여행 및 근무에 결격사유가 있는 경우
• 기타 회사 또는 기관의 인사규정상 채용이 불가능한 경우",서류전형 > 직무과제 > 실무면접 > 최종합격
1158,이벤트·웨딩플래너 현장 책임자,57,116,20261130,20261223,18,경력 5년 이상,계약직,경상북도,석사 이상,"기업 부설 연구소에서 행사와 웨딩의 기획부터 현장 진행까지 담당하는 포지션을(를) 맡을 이벤트·웨딩플래너를 모집합니다.

이번 포지션은 고객상담, 콘셉트, 업체섭외, 일정, 현장진행을 중심으로 운영 현장의 품질과 일정, 고객 경험을 함께 관리하는 역할입니다.

서비스 품질과 안전을 우선하며 꾸준히 전문성을 쌓을 수 있는 포지션입니다.

유관 부서 및 외부 파트너와 업무 기준을 공유하고, 이슈 발생 시 원인을 정리해 재발 방지 방안을 실행합니다.

초기에는 담당 업무의 프로세스와 시스템을 익히고, 이후에는 담당 영역의 지표 개선과 운영 표준화까지 주도하게 됩니다.","• 고객상담, 콘셉트, 업체섭외, 일정, 현장진행 및 일일 운영 현황 관리
• 업무 일정·실적·품질 지표 점검 및 보고
• 관련 시스템과 문서의 정확한 입력·관리
• 고객·협력사·유관 부서 문의 대응 및 이슈 조율
• 업무 절차 개선과 운영 리스크 사전 점검
• 주요 이슈 원인 분석 및 후속 조치 관리
• 정기 회의 자료 작성과 진행 현황 공유
• 업무 매뉴얼 정비와 신규 구성원 온보딩 지원","• 행사기획과 일정 조율 능력 관련 기본 지식 또는 실무 경험을 보유한 분
• 필수 자격·면허: 컨벤션기획사 2급 보유자 또는 입사 전 취득 가능한 분
• 맡은 업무를 정확하게 기록하고 마감까지 책임질 수 있는 분
• 문서작성, 이메일, 스프레드시트 등 기본 업무도구 활용이 가능한 분
• 고객 및 유관 부서와 원활하게 소통하고 요청사항을 정리할 수 있는 분
• 예상하지 못한 상황에서도 우선순위를 판단해 대응할 수 있는 분
• 업무상 취급하는 자료와 고객 정보를 안전하게 관리할 수 있는 분
• 직무 관련 교육을 꾸준히 이수하며 전문성을 높일 분","• 이벤트·웨딩플래너 또는 유사 직무 경력 보유자
• 직무 관련 자격·면허 보유자: 컨벤션기획사 2급
• 직무 관련 자격·면허 보유자: 웨딩플래너 자격
• ERP, WMS, CRM, POS 등 직무 관련 시스템 사용 경험자
• 수치와 데이터를 활용한 실적 분석 경험자
• 다양한 이해관계자와 협업해 문제를 해결한 경험자
• 신규 프로세스 구축이나 업무 자동화 경험자","• 지원서 및 제출서류의 허위기재 또는 허위 제출
• 채용 과정에서 본인 확인이 불가능한 경우
• 채용검진 결과 업무 수행에 부적합하다고 판단되는 경우
• 해외여행 및 근무에 결격사유가 있는 경우
• 기타 회사 또는 기관의 인사규정상 채용이 불가능한 경우",서류전형 > 1차면접 > 2차면접 > 채용검진
1159,이벤트·웨딩플래너 서비스 담당,108,116,20260106,20260205,9,경력 무관,무기계약직,서울특별시,박사 이상,"전문 협회에서 행사와 웨딩의 기획부터 현장 진행까지 담당하는 포지션을(를) 맡을 이벤트·웨딩플래너를 모집합니다.

이번 포지션은 고객상담, 콘셉트, 업체섭외, 일정, 현장진행을 중심으로 운영 현장의 품질과 일정, 고객 경험을 함께 관리하는 역할입니다.

기본기를 바탕으로 새로운 업무를 빠르게 익히고 실행할 분을 모십니다.

유관 부서 및 외부 파트너와 업무 기준을 공유하고, 이슈 발생 시 원인을 정리해 재발 방지 방안을 실행합니다.

초기에는 담당 업무의 프로세스와 시스템을 익히고, 이후에는 담당 영역의 지표 개선과 운영 표준화까지 주도하게 됩니다.","• 고객상담, 콘셉트, 업체섭외, 일정, 현장진행 및 일일 운영 현황 관리
• 업무 일정·실적·품질 지표 점검 및 보고
• 관련 시스템과 문서의 정확한 입력·관리
• 고객·협력사·유관 부서 문의 대응 및 이슈 조율
• 업무 절차 개선과 운영 리스크 사전 점검
• 주요 이슈 원인 분석 및 후속 조치 관리
• 정기 회의 자료 작성과 진행 현황 공유
• 현장 안전·보안·개인정보 보호 기준 준수","• 행사기획과 일정 조율 능력 관련 기본 지식 또는 실무 경험을 보유한 분
• 필수 자격·면허: 컨벤션기획사 2급 보유자 또는 입사 전 취득 가능한 분
• 맡은 업무를 정확하게 기록하고 마감까지 책임질 수 있는 분
• 문서작성, 이메일, 스프레드시트 등 기본 업무도구 활용이 가능한 분
• 고객 및 유관 부서와 원활하게 소통하고 요청사항을 정리할 수 있는 분
• 예상하지 못한 상황에서도 우선순위를 판단해 대응할 수 있는 분
• 업무상 취급하는 자료와 고객 정보를 안전하게 관리할 수 있는 분
• 직무 관련 교육을 꾸준히 이수하며 전문성을 높일 분","• 이벤트·웨딩플래너 또는 유사 직무 경력 보유자
• 직무 관련 자격·면허 보유자: 컨벤션기획사 2급
• 직무 관련 자격·면허 보유자: 웨딩플래너 자격
• ERP, WMS, CRM, POS 등 직무 관련 시스템 사용 경험자
• 수치와 데이터를 활용한 실적 분석 경험자
• 다양한 이해관계자와 협업해 문제를 해결한 경험자
• 외국어 또는 관련 법규·안전 기준을 활용할 수 있는 분","• 지원서 및 제출서류의 허위기재 또는 허위 제출
• 채용 과정에서 본인 확인이 불가능한 경우
• 채용검진 결과 업무 수행에 부적합하다고 판단되는 경우
• 해외여행 및 근무에 결격사유가 있는 경우
• 기타 회사 또는 기관의 인사규정상 채용이 불가능한 경우",서류전형 > 필기전형 > 면접전형 > 최종합격
1160,이벤트·웨딩플래너 담당자,80,116,20260123,20260301,20,신입,기간제,대전광역시,학력무관,"공공서비스 운영기관에서 행사와 웨딩의 기획부터 현장 진행까지 담당하는 포지션을(를) 맡을 이벤트·웨딩플래너를 모집합니다.

이번 포지션은 고객상담, 콘셉트, 업체섭외, 일정, 현장진행을 중심으로 운영 현장의 품질과 일정, 고객 경험을 함께 관리하는 역할입니다.

성과와 고객 만족을 함께 고려하며 실질적인 변화를 만드는 역할입니다.

유관 부서 및 외부 파트너와 업무 기준을 공유하고, 이슈 발생 시 원인을 정리해 재발 방지 방안을 실행합니다.

초기에는 담당 업무의 프로세스와 시스템을 익히고, 이후에는 담당 영역의 지표 개선과 운영 표준화까지 주도하게 됩니다.","• 고객상담, 콘셉트, 업체섭외, 일정, 현장진행 및 일일 운영 현황 관리
• 업무 일정·실적·품질 지표 점검 및 보고
• 관련 시스템과 문서의 정확한 입력·관리
• 고객·협력사·유관 부서 문의 대응 및 이슈 조율
• 업무 절차 개선과 운영 리스크 사전 점검
• 주요 이슈 원인 분석 및 후속 조치 관리
• 정기 회의 자료 작성과 진행 현황 공유
• 업무 매뉴얼 정비와 신규 구성원 온보딩 지원","• 행사기획과 일정 조율 능력 관련 기본 지식 또는 실무 경험을 보유한 분
• 필수 자격·면허: 컨벤션기획사 2급 보유자 또는 입사 전 취득 가능한 분
• 맡은 업무를 정확하게 기록하고 마감까지 책임질 수 있는 분
• 문서작성, 이메일, 스프레드시트 등 기본 업무도구 활용이 가능한 분
• 고객 및 유관 부서와 원활하게 소통하고 요청사항을 정리할 수 있는 분
• 예상하지 못한 상황에서도 우선순위를 판단해 대응할 수 있는 분
• 업무상 취급하는 자료와 고객 정보를 안전하게 관리할 수 있는 분
• 교대·주말·현장 근무가 포함될 수 있는 일정에 대응 가능한 분","• 이벤트·웨딩플래너 또는 유사 직무 경력 보유자
• 직무 관련 자격·면허 보유자: 컨벤션기획사 2급
• 직무 관련 자격·면허 보유자: 웨딩플래너 자격
• ERP, WMS, CRM, POS 등 직무 관련 시스템 사용 경험자
• 수치와 데이터를 활용한 실적 분석 경험자
• 다양한 이해관계자와 협업해 문제를 해결한 경험자
• 신규 프로세스 구축이나 업무 자동화 경험자","• 지원서 및 제출서류의 허위기재 또는 허위 제출
• 채용 과정에서 본인 확인이 불가능한 경우
• 채용검진 결과 업무 수행에 부적합하다고 판단되는 경우
• 해외여행 및 근무에 결격사유가 있는 경우
• 기타 회사 또는 기관의 인사규정상 채용이 불가능한 경우",서류전형 > 실무면접 > 최종면접
1161,주차·주유원 운영 매니저,92,117,20260209,20260325,11,신입·경력,정규직,경기도,학사 이상,"대기업 사업부에서 차량 안내와 주유·주차 서비스를 수행하는 포지션을(를) 맡을 주차·주유원를 모집합니다.

이번 포지션은 차량유도, 주유, 결제, 시설점검, 고객안내을 중심으로 운영 현장의 품질과 일정, 고객 경험을 함께 관리하는 역할입니다.

정확한 실행력과 협업을 바탕으로 안정적인 운영을 함께 만들어 갈 분을 찾습니다.

유관 부서 및 외부 파트너와 업무 기준을 공유하고, 이슈 발생 시 원인을 정리해 재발 방지 방안을 실행합니다.

초기에는 담당 업무의 프로세스와 시스템을 익히고, 이후에는 담당 영역의 지표 개선과 운영 표준화까지 주도하게 됩니다.","• 차량유도, 주유, 결제, 시설점검, 고객안내 및 일일 운영 현황 관리
• 업무 일정·실적·품질 지표 점검 및 보고
• 관련 시스템과 문서의 정확한 입력·관리
• 고객·협력사·유관 부서 문의 대응 및 이슈 조율
• 업무 절차 개선과 운영 리스크 사전 점검
• 주요 이슈 원인 분석 및 후속 조치 관리
• 정기 회의 자료 작성과 진행 현황 공유
• 현장 안전·보안·개인정보 보호 기준 준수","• 안전수칙 준수와 친절한 서비스 관련 기본 지식 또는 실무 경험을 보유한 분
• 필수 자격·면허: 위험물안전관리자 보유자 또는 입사 전 취득 가능한 분
• 맡은 업무를 정확하게 기록하고 마감까지 책임질 수 있는 분
• 문서작성, 이메일, 스프레드시트 등 기본 업무도구 활용이 가능한 분
• 고객 및 유관 부서와 원활하게 소통하고 요청사항을 정리할 수 있는 분
• 예상하지 못한 상황에서도 우선순위를 판단해 대응할 수 있는 분
• 업무상 취급하는 자료와 고객 정보를 안전하게 관리할 수 있는 분
• 직무 관련 교육을 꾸준히 이수하며 전문성을 높일 분","• 주차·주유원 또는 유사 직무 경력 보유자
• 직무 관련 자격·면허 보유자: 위험물안전관리자
• 직무 관련 자격·면허 보유자: 자동차운전면허
• ERP, WMS, CRM, POS 등 직무 관련 시스템 사용 경험자
• 수치와 데이터를 활용한 실적 분석 경험자
• 다양한 이해관계자와 협업해 문제를 해결한 경험자
• 외국어 또는 관련 법규·안전 기준을 활용할 수 있는 분","• 지원서 및 제출서류의 허위기재 또는 허위 제출
• 채용 과정에서 본인 확인이 불가능한 경우
• 채용검진 결과 업무 수행에 부적합하다고 판단되는 경우
• 해외여행 및 근무에 결격사유가 있는 경우
• 기타 회사 또는 기관의 인사규정상 채용이 불가능한 경우",서류전형 > 직무과제 > 실무면접 > 최종합격
1162,주차·주유원 전문 인력,36,117,20260226,20260313,2,경력 2년 이상,계약직,충청남도,석사 이상,"중견 제조기업에서 차량 안내와 주유·주차 서비스를 수행하는 포지션을(를) 맡을 주차·주유원를 모집합니다.

이번 포지션은 차량유도, 주유, 결제, 시설점검, 고객안내을 중심으로 운영 현장의 품질과 일정, 고객 경험을 함께 관리하는 역할입니다.

현장과 유관 부서의 요구를 연결하며 업무 품질을 높이는 역할입니다.

유관 부서 및 외부 파트너와 업무 기준을 공유하고, 이슈 발생 시 원인을 정리해 재발 방지 방안을 실행합니다.

초기에는 담당 업무의 프로세스와 시스템을 익히고, 이후에는 담당 영역의 지표 개선과 운영 표준화까지 주도하게 됩니다.","• 차량유도, 주유, 결제, 시설점검, 고객안내 및 일일 운영 현황 관리
• 업무 일정·실적·품질 지표 점검 및 보고
• 관련 시스템과 문서의 정확한 입력·관리
• 고객·협력사·유관 부서 문의 대응 및 이슈 조율
• 업무 절차 개선과 운영 리스크 사전 점검
• 주요 이슈 원인 분석 및 후속 조치 관리
• 정기 회의 자료 작성과 진행 현황 공유
• 업무 매뉴얼 정비와 신규 구성원 온보딩 지원","• 안전수칙 준수와 친절한 서비스 관련 기본 지식 또는 실무 경험을 보유한 분
• 필수 자격·면허: 위험물안전관리자 보유자 또는 입사 전 취득 가능한 분
• 맡은 업무를 정확하게 기록하고 마감까지 책임질 수 있는 분
• 문서작성, 이메일, 스프레드시트 등 기본 업무도구 활용이 가능한 분
• 고객 및 유관 부서와 원활하게 소통하고 요청사항을 정리할 수 있는 분
• 예상하지 못한 상황에서도 우선순위를 판단해 대응할 수 있는 분
• 업무상 취급하는 자료와 고객 정보를 안전하게 관리할 수 있는 분
• 직무 관련 교육을 꾸준히 이수하며 전문성을 높일 분","• 주차·주유원 또는 유사 직무 경력 보유자
• 직무 관련 자격·면허 보유자: 위험물안전관리자
• 직무 관련 자격·면허 보유자: 자동차운전면허
• ERP, WMS, CRM, POS 등 직무 관련 시스템 사용 경험자
• 수치와 데이터를 활용한 실적 분석 경험자
• 다양한 이해관계자와 협업해 문제를 해결한 경험자
• 신규 프로세스 구축이나 업무 자동화 경험자","• 지원서 및 제출서류의 허위기재 또는 허위 제출
• 채용 과정에서 본인 확인이 불가능한 경우
• 채용검진 결과 업무 수행에 부적합하다고 판단되는 경우
• 해외여행 및 근무에 결격사유가 있는 경우
• 기타 회사 또는 기관의 인사규정상 채용이 불가능한 경우",서류전형 > 1차면접 > 2차면접 > 채용검진
1163,주차·주유원 경력 채용,29,117,20260315,20260406,13,경력 3년 이상,무기계약직,경상북도,박사 이상,"전문 중소기업에서 차량 안내와 주유·주차 서비스를 수행하는 포지션을(를) 맡을 주차·주유원를 모집합니다.

이번 포지션은 차량유도, 주유, 결제, 시설점검, 고객안내을 중심으로 운영 현장의 품질과 일정, 고객 경험을 함께 관리하는 역할입니다.

업무 기준을 준수하면서도 개선점을 주도적으로 제안할 수 있는 분을 기다립니다.

유관 부서 및 외부 파트너와 업무 기준을 공유하고, 이슈 발생 시 원인을 정리해 재발 방지 방안을 실행합니다.

초기에는 담당 업무의 프로세스와 시스템을 익히고, 이후에는 담당 영역의 지표 개선과 운영 표준화까지 주도하게 됩니다.","• 차량유도, 주유, 결제, 시설점검, 고객안내 및 일일 운영 현황 관리
• 업무 일정·실적·품질 지표 점검 및 보고
• 관련 시스템과 문서의 정확한 입력·관리
• 고객·협력사·유관 부서 문의 대응 및 이슈 조율
• 업무 절차 개선과 운영 리스크 사전 점검
• 주요 이슈 원인 분석 및 후속 조치 관리
• 정기 회의 자료 작성과 진행 현황 공유
• 현장 안전·보안·개인정보 보호 기준 준수","• 안전수칙 준수와 친절한 서비스 관련 기본 지식 또는 실무 경험을 보유한 분
• 필수 자격·면허: 위험물안전관리자 보유자 또는 입사 전 취득 가능한 분
• 맡은 업무를 정확하게 기록하고 마감까지 책임질 수 있는 분
• 문서작성, 이메일, 스프레드시트 등 기본 업무도구 활용이 가능한 분
• 고객 및 유관 부서와 원활하게 소통하고 요청사항을 정리할 수 있는 분
• 예상하지 못한 상황에서도 우선순위를 판단해 대응할 수 있는 분
• 업무상 취급하는 자료와 고객 정보를 안전하게 관리할 수 있는 분
• 교대·주말·현장 근무가 포함될 수 있는 일정에 대응 가능한 분","• 주차·주유원 또는 유사 직무 경력 보유자
• 직무 관련 자격·면허 보유자: 위험물안전관리자
• 직무 관련 자격·면허 보유자: 자동차운전면허
• ERP, WMS, CRM, POS 등 직무 관련 시스템 사용 경험자
• 수치와 데이터를 활용한 실적 분석 경험자
• 다양한 이해관계자와 협업해 문제를 해결한 경험자
• 외국어 또는 관련 법규·안전 기준을 활용할 수 있는 분","• 지원서 및 제출서류의 허위기재 또는 허위 제출
• 채용 과정에서 본인 확인이 불가능한 경우
• 채용검진 결과 업무 수행에 부적합하다고 판단되는 경우
• 해외여행 및 근무에 결격사유가 있는 경우
• 기타 회사 또는 기관의 인사규정상 채용이 불가능한 경우",서류전형 > 필기전형 > 면접전형 > 최종합격
1164,주차·주유원 현장 책임자,150,117,20260401,20260430,4,경력 5년 이상,기간제,서울특별시,학력무관,"성장 단계 스타트업에서 차량 안내와 주유·주차 서비스를 수행하는 포지션을(를) 맡을 주차·주유원를 모집합니다.

이번 포지션은 차량유도, 주유, 결제, 시설점검, 고객안내을 중심으로 운영 현장의 품질과 일정, 고객 경험을 함께 관리하는 역할입니다.

고객과 동료에게 신뢰를 주는 태도로 맡은 업무를 끝까지 책임지는 포지션입니다.

유관 부서 및 외부 파트너와 업무 기준을 공유하고, 이슈 발생 시 원인을 정리해 재발 방지 방안을 실행합니다.

초기에는 담당 업무의 프로세스와 시스템을 익히고, 이후에는 담당 영역의 지표 개선과 운영 표준화까지 주도하게 됩니다.","• 차량유도, 주유, 결제, 시설점검, 고객안내 및 일일 운영 현황 관리
• 업무 일정·실적·품질 지표 점검 및 보고
• 관련 시스템과 문서의 정확한 입력·관리
• 고객·협력사·유관 부서 문의 대응 및 이슈 조율
• 업무 절차 개선과 운영 리스크 사전 점검
• 주요 이슈 원인 분석 및 후속 조치 관리
• 정기 회의 자료 작성과 진행 현황 공유
• 업무 매뉴얼 정비와 신규 구성원 온보딩 지원","• 안전수칙 준수와 친절한 서비스 관련 기본 지식 또는 실무 경험을 보유한 분
• 필수 자격·면허: 위험물안전관리자 보유자 또는 입사 전 취득 가능한 분
• 맡은 업무를 정확하게 기록하고 마감까지 책임질 수 있는 분
• 문서작성, 이메일, 스프레드시트 등 기본 업무도구 활용이 가능한 분
• 고객 및 유관 부서와 원활하게 소통하고 요청사항을 정리할 수 있는 분
• 예상하지 못한 상황에서도 우선순위를 판단해 대응할 수 있는 분
• 업무상 취급하는 자료와 고객 정보를 안전하게 관리할 수 있는 분
• 직무 관련 교육을 꾸준히 이수하며 전문성을 높일 분","• 주차·주유원 또는 유사 직무 경력 보유자
• 직무 관련 자격·면허 보유자: 위험물안전관리자
• 직무 관련 자격·면허 보유자: 자동차운전면허
• ERP, WMS, CRM, POS 등 직무 관련 시스템 사용 경험자
• 수치와 데이터를 활용한 실적 분석 경험자
• 다양한 이해관계자와 협업해 문제를 해결한 경험자
• 신규 프로세스 구축이나 업무 자동화 경험자","• 지원서 및 제출서류의 허위기재 또는 허위 제출
• 채용 과정에서 본인 확인이 불가능한 경우
• 채용검진 결과 업무 수행에 부적합하다고 판단되는 경우
• 해외여행 및 근무에 결격사유가 있는 경우
• 기타 회사 또는 기관의 인사규정상 채용이 불가능한 경우",서류전형 > 실무면접 > 최종면접
1165,주차·주유원 서비스 담당,7,117,20260418,20260524,15,경력 무관,정규직,대전광역시,전문학사 이상,"종합병원 운영조직에서 차량 안내와 주유·주차 서비스를 수행하는 포지션을(를) 맡을 주차·주유원를 모집합니다.

이번 포지션은 차량유도, 주유, 결제, 시설점검, 고객안내을 중심으로 운영 현장의 품질과 일정, 고객 경험을 함께 관리하는 역할입니다.

데이터와 현장 감각을 함께 활용해 반복 업무를 효율화하는 역할입니다.

유관 부서 및 외부 파트너와 업무 기준을 공유하고, 이슈 발생 시 원인을 정리해 재발 방지 방안을 실행합니다.

초기에는 담당 업무의 프로세스와 시스템을 익히고, 이후에는 담당 영역의 지표 개선과 운영 표준화까지 주도하게 됩니다.","• 차량유도, 주유, 결제, 시설점검, 고객안내 및 일일 운영 현황 관리
• 업무 일정·실적·품질 지표 점검 및 보고
• 관련 시스템과 문서의 정확한 입력·관리
• 고객·협력사·유관 부서 문의 대응 및 이슈 조율
• 업무 절차 개선과 운영 리스크 사전 점검
• 주요 이슈 원인 분석 및 후속 조치 관리
• 정기 회의 자료 작성과 진행 현황 공유
• 현장 안전·보안·개인정보 보호 기준 준수","• 안전수칙 준수와 친절한 서비스 관련 기본 지식 또는 실무 경험을 보유한 분
• 필수 자격·면허: 위험물안전관리자 보유자 또는 입사 전 취득 가능한 분
• 맡은 업무를 정확하게 기록하고 마감까지 책임질 수 있는 분
• 문서작성, 이메일, 스프레드시트 등 기본 업무도구 활용이 가능한 분
• 고객 및 유관 부서와 원활하게 소통하고 요청사항을 정리할 수 있는 분
• 예상하지 못한 상황에서도 우선순위를 판단해 대응할 수 있는 분
• 업무상 취급하는 자료와 고객 정보를 안전하게 관리할 수 있는 분
• 직무 관련 교육을 꾸준히 이수하며 전문성을 높일 분","• 주차·주유원 또는 유사 직무 경력 보유자
• 직무 관련 자격·면허 보유자: 위험물안전관리자
• 직무 관련 자격·면허 보유자: 자동차운전면허
• ERP, WMS, CRM, POS 등 직무 관련 시스템 사용 경험자
• 수치와 데이터를 활용한 실적 분석 경험자
• 다양한 이해관계자와 협업해 문제를 해결한 경험자
• 외국어 또는 관련 법규·안전 기준을 활용할 수 있는 분","• 지원서 및 제출서류의 허위기재 또는 허위 제출
• 채용 과정에서 본인 확인이 불가능한 경우
• 채용검진 결과 업무 수행에 부적합하다고 판단되는 경우
• 해외여행 및 근무에 결격사유가 있는 경우
• 기타 회사 또는 기관의 인사규정상 채용이 불가능한 경우",서류전형 > 인성검사 > 실무면접 > 최종면접
1166,주차·주유원 담당자,79,117,20260505,20260617,6,신입,계약직,세종특별자치시,학사 이상,"대학 산학협력단에서 차량 안내와 주유·주차 서비스를 수행하는 포지션을(를) 맡을 주차·주유원를 모집합니다.

이번 포지션은 차량유도, 주유, 결제, 시설점검, 고객안내을 중심으로 운영 현장의 품질과 일정, 고객 경험을 함께 관리하는 역할입니다.

정해진 절차를 지키되 상황에 맞게 유연하게 대응하는 실무자를 모집합니다.

유관 부서 및 외부 파트너와 업무 기준을 공유하고, 이슈 발생 시 원인을 정리해 재발 방지 방안을 실행합니다.

초기에는 담당 업무의 프로세스와 시스템을 익히고, 이후에는 담당 영역의 지표 개선과 운영 표준화까지 주도하게 됩니다.","• 차량유도, 주유, 결제, 시설점검, 고객안내 및 일일 운영 현황 관리
• 업무 일정·실적·품질 지표 점검 및 보고
• 관련 시스템과 문서의 정확한 입력·관리
• 고객·협력사·유관 부서 문의 대응 및 이슈 조율
• 업무 절차 개선과 운영 리스크 사전 점검
• 주요 이슈 원인 분석 및 후속 조치 관리
• 정기 회의 자료 작성과 진행 현황 공유
• 업무 매뉴얼 정비와 신규 구성원 온보딩 지원","• 안전수칙 준수와 친절한 서비스 관련 기본 지식 또는 실무 경험을 보유한 분
• 필수 자격·면허: 위험물안전관리자 보유자 또는 입사 전 취득 가능한 분
• 맡은 업무를 정확하게 기록하고 마감까지 책임질 수 있는 분
• 문서작성, 이메일, 스프레드시트 등 기본 업무도구 활용이 가능한 분
• 고객 및 유관 부서와 원활하게 소통하고 요청사항을 정리할 수 있는 분
• 예상하지 못한 상황에서도 우선순위를 판단해 대응할 수 있는 분
• 업무상 취급하는 자료와 고객 정보를 안전하게 관리할 수 있는 분
• 교대·주말·현장 근무가 포함될 수 있는 일정에 대응 가능한 분","• 주차·주유원 또는 유사 직무 경력 보유자
• 직무 관련 자격·면허 보유자: 위험물안전관리자
• 직무 관련 자격·면허 보유자: 자동차운전면허
• ERP, WMS, CRM, POS 등 직무 관련 시스템 사용 경험자
• 수치와 데이터를 활용한 실적 분석 경험자
• 다양한 이해관계자와 협업해 문제를 해결한 경험자
• 신규 프로세스 구축이나 업무 자동화 경험자","• 지원서 및 제출서류의 허위기재 또는 허위 제출
• 채용 과정에서 본인 확인이 불가능한 경우
• 채용검진 결과 업무 수행에 부적합하다고 판단되는 경우
• 해외여행 및 근무에 결격사유가 있는 경우
• 기타 회사 또는 기관의 인사규정상 채용이 불가능한 경우",서류전형 > 직무과제 > 실무면접 > 최종합격
1167,주차·주유원 실무자,156,117,20260522,20260605,17,경력,무기계약직,충청북도,석사 이상,"기업 부설 연구소에서 차량 안내와 주유·주차 서비스를 수행하는 포지션을(를) 맡을 주차·주유원를 모집합니다.

이번 포지션은 차량유도, 주유, 결제, 시설점검, 고객안내을 중심으로 운영 현장의 품질과 일정, 고객 경험을 함께 관리하는 역할입니다.

부서 간 원활한 소통으로 일정과 품질을 안정적으로 관리하는 직무입니다.

유관 부서 및 외부 파트너와 업무 기준을 공유하고, 이슈 발생 시 원인을 정리해 재발 방지 방안을 실행합니다.

초기에는 담당 업무의 프로세스와 시스템을 익히고, 이후에는 담당 영역의 지표 개선과 운영 표준화까지 주도하게 됩니다.","• 차량유도, 주유, 결제, 시설점검, 고객안내 및 일일 운영 현황 관리
• 업무 일정·실적·품질 지표 점검 및 보고
• 관련 시스템과 문서의 정확한 입력·관리
• 고객·협력사·유관 부서 문의 대응 및 이슈 조율
• 업무 절차 개선과 운영 리스크 사전 점검
• 주요 이슈 원인 분석 및 후속 조치 관리
• 정기 회의 자료 작성과 진행 현황 공유
• 현장 안전·보안·개인정보 보호 기준 준수","• 안전수칙 준수와 친절한 서비스 관련 기본 지식 또는 실무 경험을 보유한 분
• 필수 자격·면허: 위험물안전관리자 보유자 또는 입사 전 취득 가능한 분
• 맡은 업무를 정확하게 기록하고 마감까지 책임질 수 있는 분
• 문서작성, 이메일, 스프레드시트 등 기본 업무도구 활용이 가능한 분
• 고객 및 유관 부서와 원활하게 소통하고 요청사항을 정리할 수 있는 분
• 예상하지 못한 상황에서도 우선순위를 판단해 대응할 수 있는 분
• 업무상 취급하는 자료와 고객 정보를 안전하게 관리할 수 있는 분
• 직무 관련 교육을 꾸준히 이수하며 전문성을 높일 분","• 주차·주유원 또는 유사 직무 경력 보유자
• 직무 관련 자격·면허 보유자: 위험물안전관리자
• 직무 관련 자격·면허 보유자: 자동차운전면허
• ERP, WMS, CRM, POS 등 직무 관련 시스템 사용 경험자
• 수치와 데이터를 활용한 실적 분석 경험자
• 다양한 이해관계자와 협업해 문제를 해결한 경험자
• 외국어 또는 관련 법규·안전 기준을 활용할 수 있는 분","• 지원서 및 제출서류의 허위기재 또는 허위 제출
• 채용 과정에서 본인 확인이 불가능한 경우
• 채용검진 결과 업무 수행에 부적합하다고 판단되는 경우
• 해외여행 및 근무에 결격사유가 있는 경우
• 기타 회사 또는 기관의 인사규정상 채용이 불가능한 경우",서류전형 > 1차면접 > 2차면접 > 채용검진
1168,주차·주유원 운영 매니저,63,117,20260608,20260629,8,신입·경력,기간제,전라남도,박사 이상,"전문 협회에서 차량 안내와 주유·주차 서비스를 수행하는 포지션을(를) 맡을 주차·주유원를 모집합니다.

이번 포지션은 차량유도, 주유, 결제, 시설점검, 고객안내을 중심으로 운영 현장의 품질과 일정, 고객 경험을 함께 관리하는 역할입니다.

서비스 품질과 안전을 우선하며 꾸준히 전문성을 쌓을 수 있는 포지션입니다.

유관 부서 및 외부 파트너와 업무 기준을 공유하고, 이슈 발생 시 원인을 정리해 재발 방지 방안을 실행합니다.

초기에는 담당 업무의 프로세스와 시스템을 익히고, 이후에는 담당 영역의 지표 개선과 운영 표준화까지 주도하게 됩니다.","• 차량유도, 주유, 결제, 시설점검, 고객안내 및 일일 운영 현황 관리
• 업무 일정·실적·품질 지표 점검 및 보고
• 관련 시스템과 문서의 정확한 입력·관리
• 고객·협력사·유관 부서 문의 대응 및 이슈 조율
• 업무 절차 개선과 운영 리스크 사전 점검
• 주요 이슈 원인 분석 및 후속 조치 관리
• 정기 회의 자료 작성과 진행 현황 공유
• 업무 매뉴얼 정비와 신규 구성원 온보딩 지원","• 안전수칙 준수와 친절한 서비스 관련 기본 지식 또는 실무 경험을 보유한 분
• 필수 자격·면허: 위험물안전관리자 보유자 또는 입사 전 취득 가능한 분
• 맡은 업무를 정확하게 기록하고 마감까지 책임질 수 있는 분
• 문서작성, 이메일, 스프레드시트 등 기본 업무도구 활용이 가능한 분
• 고객 및 유관 부서와 원활하게 소통하고 요청사항을 정리할 수 있는 분
• 예상하지 못한 상황에서도 우선순위를 판단해 대응할 수 있는 분
• 업무상 취급하는 자료와 고객 정보를 안전하게 관리할 수 있는 분
• 직무 관련 교육을 꾸준히 이수하며 전문성을 높일 분","• 주차·주유원 또는 유사 직무 경력 보유자
• 직무 관련 자격·면허 보유자: 위험물안전관리자
• 직무 관련 자격·면허 보유자: 자동차운전면허
• ERP, WMS, CRM, POS 등 직무 관련 시스템 사용 경험자
• 수치와 데이터를 활용한 실적 분석 경험자
• 다양한 이해관계자와 협업해 문제를 해결한 경험자
• 신규 프로세스 구축이나 업무 자동화 경험자","• 지원서 및 제출서류의 허위기재 또는 허위 제출
• 채용 과정에서 본인 확인이 불가능한 경우
• 채용검진 결과 업무 수행에 부적합하다고 판단되는 경우
• 해외여행 및 근무에 결격사유가 있는 경우
• 기타 회사 또는 기관의 인사규정상 채용이 불가능한 경우",서류전형 > 필기전형 > 면접전형 > 최종합격
1169,주차·주유원 전문 인력,52,117,20260625,20260723,19,경력 2년 이상,정규직,제주특별자치도,학력무관,"공공서비스 운영기관에서 차량 안내와 주유·주차 서비스를 수행하는 포지션을(를) 맡을 주차·주유원를 모집합니다.

이번 포지션은 차량유도, 주유, 결제, 시설점검, 고객안내을 중심으로 운영 현장의 품질과 일정, 고객 경험을 함께 관리하는 역할입니다.

기본기를 바탕으로 새로운 업무를 빠르게 익히고 실행할 분을 모십니다.

유관 부서 및 외부 파트너와 업무 기준을 공유하고, 이슈 발생 시 원인을 정리해 재발 방지 방안을 실행합니다.

초기에는 담당 업무의 프로세스와 시스템을 익히고, 이후에는 담당 영역의 지표 개선과 운영 표준화까지 주도하게 됩니다.","• 차량유도, 주유, 결제, 시설점검, 고객안내 및 일일 운영 현황 관리
• 업무 일정·실적·품질 지표 점검 및 보고
• 관련 시스템과 문서의 정확한 입력·관리
• 고객·협력사·유관 부서 문의 대응 및 이슈 조율
• 업무 절차 개선과 운영 리스크 사전 점검
• 주요 이슈 원인 분석 및 후속 조치 관리
• 정기 회의 자료 작성과 진행 현황 공유
• 현장 안전·보안·개인정보 보호 기준 준수","• 안전수칙 준수와 친절한 서비스 관련 기본 지식 또는 실무 경험을 보유한 분
• 필수 자격·면허: 위험물안전관리자 보유자 또는 입사 전 취득 가능한 분
• 맡은 업무를 정확하게 기록하고 마감까지 책임질 수 있는 분
• 문서작성, 이메일, 스프레드시트 등 기본 업무도구 활용이 가능한 분
• 고객 및 유관 부서와 원활하게 소통하고 요청사항을 정리할 수 있는 분
• 예상하지 못한 상황에서도 우선순위를 판단해 대응할 수 있는 분
• 업무상 취급하는 자료와 고객 정보를 안전하게 관리할 수 있는 분
• 교대·주말·현장 근무가 포함될 수 있는 일정에 대응 가능한 분","• 주차·주유원 또는 유사 직무 경력 보유자
• 직무 관련 자격·면허 보유자: 위험물안전관리자
• 직무 관련 자격·면허 보유자: 자동차운전면허
• ERP, WMS, CRM, POS 등 직무 관련 시스템 사용 경험자
• 수치와 데이터를 활용한 실적 분석 경험자
• 다양한 이해관계자와 협업해 문제를 해결한 경험자
• 외국어 또는 관련 법규·안전 기준을 활용할 수 있는 분","• 지원서 및 제출서류의 허위기재 또는 허위 제출
• 채용 과정에서 본인 확인이 불가능한 경우
• 채용검진 결과 업무 수행에 부적합하다고 판단되는 경우
• 해외여행 및 근무에 결격사유가 있는 경우
• 기타 회사 또는 기관의 인사규정상 채용이 불가능한 경우",서류전형 > 실무면접 > 최종면접
1170,주차·주유원 경력 채용,96,117,20260712,20260816,10,경력 3년 이상,계약직,인천광역시,전문학사 이상,"대기업 사업부에서 차량 안내와 주유·주차 서비스를 수행하는 포지션을(를) 맡을 주차·주유원를 모집합니다.

이번 포지션은 차량유도, 주유, 결제, 시설점검, 고객안내을 중심으로 운영 현장의 품질과 일정, 고객 경험을 함께 관리하는 역할입니다.

성과와 고객 만족을 함께 고려하며 실질적인 변화를 만드는 역할입니다.

유관 부서 및 외부 파트너와 업무 기준을 공유하고, 이슈 발생 시 원인을 정리해 재발 방지 방안을 실행합니다.

초기에는 담당 업무의 프로세스와 시스템을 익히고, 이후에는 담당 영역의 지표 개선과 운영 표준화까지 주도하게 됩니다.","• 차량유도, 주유, 결제, 시설점검, 고객안내 및 일일 운영 현황 관리
• 업무 일정·실적·품질 지표 점검 및 보고
• 관련 시스템과 문서의 정확한 입력·관리
• 고객·협력사·유관 부서 문의 대응 및 이슈 조율
• 업무 절차 개선과 운영 리스크 사전 점검
• 주요 이슈 원인 분석 및 후속 조치 관리
• 정기 회의 자료 작성과 진행 현황 공유
• 업무 매뉴얼 정비와 신규 구성원 온보딩 지원","• 안전수칙 준수와 친절한 서비스 관련 기본 지식 또는 실무 경험을 보유한 분
• 필수 자격·면허: 위험물안전관리자 보유자 또는 입사 전 취득 가능한 분
• 맡은 업무를 정확하게 기록하고 마감까지 책임질 수 있는 분
• 문서작성, 이메일, 스프레드시트 등 기본 업무도구 활용이 가능한 분
• 고객 및 유관 부서와 원활하게 소통하고 요청사항을 정리할 수 있는 분
• 예상하지 못한 상황에서도 우선순위를 판단해 대응할 수 있는 분
• 업무상 취급하는 자료와 고객 정보를 안전하게 관리할 수 있는 분
• 직무 관련 교육을 꾸준히 이수하며 전문성을 높일 분","• 주차·주유원 또는 유사 직무 경력 보유자
• 직무 관련 자격·면허 보유자: 위험물안전관리자
• 직무 관련 자격·면허 보유자: 자동차운전면허
• ERP, WMS, CRM, POS 등 직무 관련 시스템 사용 경험자
• 수치와 데이터를 활용한 실적 분석 경험자
• 다양한 이해관계자와 협업해 문제를 해결한 경험자
• 신규 프로세스 구축이나 업무 자동화 경험자","• 지원서 및 제출서류의 허위기재 또는 허위 제출
• 채용 과정에서 본인 확인이 불가능한 경우
• 채용검진 결과 업무 수행에 부적합하다고 판단되는 경우
• 해외여행 및 근무에 결격사유가 있는 경우
• 기타 회사 또는 기관의 인사규정상 채용이 불가능한 경우",서류전형 > 인성검사 > 실무면접 > 최종면접
1171,스타일리스트 서비스 담당,6,118,20260729,20260909,1,경력 무관,무기계약직,세종특별자치시,석사 이상,"중견 제조기업에서 고객 또는 콘텐츠의 의상·스타일을 기획하는 포지션을(를) 맡을 스타일리스트를 모집합니다.

이번 포지션은 스타일상담, 의상셀렉, 피팅, 촬영협업, 반납관리을 중심으로 운영 현장의 품질과 일정, 고객 경험을 함께 관리하는 역할입니다.

정확한 실행력과 협업을 바탕으로 안정적인 운영을 함께 만들어 갈 분을 찾습니다.

유관 부서 및 외부 파트너와 업무 기준을 공유하고, 이슈 발생 시 원인을 정리해 재발 방지 방안을 실행합니다.

초기에는 담당 업무의 프로세스와 시스템을 익히고, 이후에는 담당 영역의 지표 개선과 운영 표준화까지 주도하게 됩니다.","• 스타일상담, 의상셀렉, 피팅, 촬영협업, 반납관리 및 일일 운영 현황 관리
• 업무 일정·실적·품질 지표 점검 및 보고
• 관련 시스템과 문서의 정확한 입력·관리
• 고객·협력사·유관 부서 문의 대응 및 이슈 조율
• 업무 절차 개선과 운영 리스크 사전 점검
• 주요 이슈 원인 분석 및 후속 조치 관리
• 정기 회의 자료 작성과 진행 현황 공유
• 현장 안전·보안·개인정보 보호 기준 준수","• 패션 트렌드와 코디네이션 역량 관련 기본 지식 또는 실무 경험을 보유한 분
• 필수 자격·면허: 패션스타일리스트 자격 보유자 또는 입사 전 취득 가능한 분
• 맡은 업무를 정확하게 기록하고 마감까지 책임질 수 있는 분
• 문서작성, 이메일, 스프레드시트 등 기본 업무도구 활용이 가능한 분
• 고객 및 유관 부서와 원활하게 소통하고 요청사항을 정리할 수 있는 분
• 예상하지 못한 상황에서도 우선순위를 판단해 대응할 수 있는 분
• 업무상 취급하는 자료와 고객 정보를 안전하게 관리할 수 있는 분
• 직무 관련 교육을 꾸준히 이수하며 전문성을 높일 분","• 스타일리스트 또는 유사 직무 경력 보유자
• 직무 관련 자격·면허 보유자: 패션스타일리스트 자격
• 직무 관련 자격·면허 보유자: 컬러리스트산업기사
• ERP, WMS, CRM, POS 등 직무 관련 시스템 사용 경험자
• 수치와 데이터를 활용한 실적 분석 경험자
• 다양한 이해관계자와 협업해 문제를 해결한 경험자
• 외국어 또는 관련 법규·안전 기준을 활용할 수 있는 분","• 지원서 및 제출서류의 허위기재 또는 허위 제출
• 채용 과정에서 본인 확인이 불가능한 경우
• 채용검진 결과 업무 수행에 부적합하다고 판단되는 경우
• 해외여행 및 근무에 결격사유가 있는 경우
• 기타 회사 또는 기관의 인사규정상 채용이 불가능한 경우",서류전형 > 1차면접 > 2차면접 > 채용검진
1172,스타일리스트 담당자,8,118,20260815,20260828,12,신입,기간제,충청북도,박사 이상,"전문 중소기업에서 고객 또는 콘텐츠의 의상·스타일을 기획하는 포지션을(를) 맡을 스타일리스트를 모집합니다.

이번 포지션은 스타일상담, 의상셀렉, 피팅, 촬영협업, 반납관리을 중심으로 운영 현장의 품질과 일정, 고객 경험을 함께 관리하는 역할입니다.

현장과 유관 부서의 요구를 연결하며 업무 품질을 높이는 역할입니다.

유관 부서 및 외부 파트너와 업무 기준을 공유하고, 이슈 발생 시 원인을 정리해 재발 방지 방안을 실행합니다.

초기에는 담당 업무의 프로세스와 시스템을 익히고, 이후에는 담당 영역의 지표 개선과 운영 표준화까지 주도하게 됩니다.","• 스타일상담, 의상셀렉, 피팅, 촬영협업, 반납관리 및 일일 운영 현황 관리
• 업무 일정·실적·품질 지표 점검 및 보고
• 관련 시스템과 문서의 정확한 입력·관리
• 고객·협력사·유관 부서 문의 대응 및 이슈 조율
• 업무 절차 개선과 운영 리스크 사전 점검
• 주요 이슈 원인 분석 및 후속 조치 관리
• 정기 회의 자료 작성과 진행 현황 공유
• 업무 매뉴얼 정비와 신규 구성원 온보딩 지원","• 패션 트렌드와 코디네이션 역량 관련 기본 지식 또는 실무 경험을 보유한 분
• 필수 자격·면허: 패션스타일리스트 자격 보유자 또는 입사 전 취득 가능한 분
• 맡은 업무를 정확하게 기록하고 마감까지 책임질 수 있는 분
• 문서작성, 이메일, 스프레드시트 등 기본 업무도구 활용이 가능한 분
• 고객 및 유관 부서와 원활하게 소통하고 요청사항을 정리할 수 있는 분
• 예상하지 못한 상황에서도 우선순위를 판단해 대응할 수 있는 분
• 업무상 취급하는 자료와 고객 정보를 안전하게 관리할 수 있는 분
• 교대·주말·현장 근무가 포함될 수 있는 일정에 대응 가능한 분","• 스타일리스트 또는 유사 직무 경력 보유자
• 직무 관련 자격·면허 보유자: 패션스타일리스트 자격
• 직무 관련 자격·면허 보유자: 컬러리스트산업기사
• ERP, WMS, CRM, POS 등 직무 관련 시스템 사용 경험자
• 수치와 데이터를 활용한 실적 분석 경험자
• 다양한 이해관계자와 협업해 문제를 해결한 경험자
• 신규 프로세스 구축이나 업무 자동화 경험자","• 지원서 및 제출서류의 허위기재 또는 허위 제출
• 채용 과정에서 본인 확인이 불가능한 경우
• 채용검진 결과 업무 수행에 부적합하다고 판단되는 경우
• 해외여행 및 근무에 결격사유가 있는 경우
• 기타 회사 또는 기관의 인사규정상 채용이 불가능한 경우",서류전형 > 필기전형 > 면접전형 > 최종합격
1173,스타일리스트 실무자,63,118,20260901,20260921,3,경력,정규직,전라남도,학력무관,"성장 단계 스타트업에서 고객 또는 콘텐츠의 의상·스타일을 기획하는 포지션을(를) 맡을 스타일리스트를 모집합니다.

이번 포지션은 스타일상담, 의상셀렉, 피팅, 촬영협업, 반납관리을 중심으로 운영 현장의 품질과 일정, 고객 경험을 함께 관리하는 역할입니다.

업무 기준을 준수하면서도 개선점을 주도적으로 제안할 수 있는 분을 기다립니다.

유관 부서 및 외부 파트너와 업무 기준을 공유하고, 이슈 발생 시 원인을 정리해 재발 방지 방안을 실행합니다.

초기에는 담당 업무의 프로세스와 시스템을 익히고, 이후에는 담당 영역의 지표 개선과 운영 표준화까지 주도하게 됩니다.","• 스타일상담, 의상셀렉, 피팅, 촬영협업, 반납관리 및 일일 운영 현황 관리
• 업무 일정·실적·품질 지표 점검 및 보고
• 관련 시스템과 문서의 정확한 입력·관리
• 고객·협력사·유관 부서 문의 대응 및 이슈 조율
• 업무 절차 개선과 운영 리스크 사전 점검
• 주요 이슈 원인 분석 및 후속 조치 관리
• 정기 회의 자료 작성과 진행 현황 공유
• 현장 안전·보안·개인정보 보호 기준 준수","• 패션 트렌드와 코디네이션 역량 관련 기본 지식 또는 실무 경험을 보유한 분
• 필수 자격·면허: 패션스타일리스트 자격 보유자 또는 입사 전 취득 가능한 분
• 맡은 업무를 정확하게 기록하고 마감까지 책임질 수 있는 분
• 문서작성, 이메일, 스프레드시트 등 기본 업무도구 활용이 가능한 분
• 고객 및 유관 부서와 원활하게 소통하고 요청사항을 정리할 수 있는 분
• 예상하지 못한 상황에서도 우선순위를 판단해 대응할 수 있는 분
• 업무상 취급하는 자료와 고객 정보를 안전하게 관리할 수 있는 분
• 직무 관련 교육을 꾸준히 이수하며 전문성을 높일 분","• 스타일리스트 또는 유사 직무 경력 보유자
• 직무 관련 자격·면허 보유자: 패션스타일리스트 자격
• 직무 관련 자격·면허 보유자: 컬러리스트산업기사
• ERP, WMS, CRM, POS 등 직무 관련 시스템 사용 경험자
• 수치와 데이터를 활용한 실적 분석 경험자
• 다양한 이해관계자와 협업해 문제를 해결한 경험자
• 외국어 또는 관련 법규·안전 기준을 활용할 수 있는 분","• 지원서 및 제출서류의 허위기재 또는 허위 제출
• 채용 과정에서 본인 확인이 불가능한 경우
• 채용검진 결과 업무 수행에 부적합하다고 판단되는 경우
• 해외여행 및 근무에 결격사유가 있는 경우
• 기타 회사 또는 기관의 인사규정상 채용이 불가능한 경우",서류전형 > 실무면접 > 최종면접
1174,스타일리스트 운영 매니저,109,118,20260918,20261015,14,신입·경력,계약직,제주특별자치도,전문학사 이상,"종합병원 운영조직에서 고객 또는 콘텐츠의 의상·스타일을 기획하는 포지션을(를) 맡을 스타일리스트를 모집합니다.

이번 포지션은 스타일상담, 의상셀렉, 피팅, 촬영협업, 반납관리을 중심으로 운영 현장의 품질과 일정, 고객 경험을 함께 관리하는 역할입니다.

고객과 동료에게 신뢰를 주는 태도로 맡은 업무를 끝까지 책임지는 포지션입니다.

유관 부서 및 외부 파트너와 업무 기준을 공유하고, 이슈 발생 시 원인을 정리해 재발 방지 방안을 실행합니다.

초기에는 담당 업무의 프로세스와 시스템을 익히고, 이후에는 담당 영역의 지표 개선과 운영 표준화까지 주도하게 됩니다.","• 스타일상담, 의상셀렉, 피팅, 촬영협업, 반납관리 및 일일 운영 현황 관리
• 업무 일정·실적·품질 지표 점검 및 보고
• 관련 시스템과 문서의 정확한 입력·관리
• 고객·협력사·유관 부서 문의 대응 및 이슈 조율
• 업무 절차 개선과 운영 리스크 사전 점검
• 주요 이슈 원인 분석 및 후속 조치 관리
• 정기 회의 자료 작성과 진행 현황 공유
• 업무 매뉴얼 정비와 신규 구성원 온보딩 지원","• 패션 트렌드와 코디네이션 역량 관련 기본 지식 또는 실무 경험을 보유한 분
• 필수 자격·면허: 패션스타일리스트 자격 보유자 또는 입사 전 취득 가능한 분
• 맡은 업무를 정확하게 기록하고 마감까지 책임질 수 있는 분
• 문서작성, 이메일, 스프레드시트 등 기본 업무도구 활용이 가능한 분
• 고객 및 유관 부서와 원활하게 소통하고 요청사항을 정리할 수 있는 분
• 예상하지 못한 상황에서도 우선순위를 판단해 대응할 수 있는 분
• 업무상 취급하는 자료와 고객 정보를 안전하게 관리할 수 있는 분
• 직무 관련 교육을 꾸준히 이수하며 전문성을 높일 분","• 스타일리스트 또는 유사 직무 경력 보유자
• 직무 관련 자격·면허 보유자: 패션스타일리스트 자격
• 직무 관련 자격·면허 보유자: 컬러리스트산업기사
• ERP, WMS, CRM, POS 등 직무 관련 시스템 사용 경험자
• 수치와 데이터를 활용한 실적 분석 경험자
• 다양한 이해관계자와 협업해 문제를 해결한 경험자
• 신규 프로세스 구축이나 업무 자동화 경험자","• 지원서 및 제출서류의 허위기재 또는 허위 제출
• 채용 과정에서 본인 확인이 불가능한 경우
• 채용검진 결과 업무 수행에 부적합하다고 판단되는 경우
• 해외여행 및 근무에 결격사유가 있는 경우
• 기타 회사 또는 기관의 인사규정상 채용이 불가능한 경우",서류전형 > 인성검사 > 실무면접 > 최종면접
1175,스타일리스트 전문 인력,103,118,20261005,20261108,5,경력 2년 이상,무기계약직,인천광역시,학사 이상,"대학 산학협력단에서 고객 또는 콘텐츠의 의상·스타일을 기획하는 포지션을(를) 맡을 스타일리스트를 모집합니다.

이번 포지션은 스타일상담, 의상셀렉, 피팅, 촬영협업, 반납관리을 중심으로 운영 현장의 품질과 일정, 고객 경험을 함께 관리하는 역할입니다.

데이터와 현장 감각을 함께 활용해 반복 업무를 효율화하는 역할입니다.

유관 부서 및 외부 파트너와 업무 기준을 공유하고, 이슈 발생 시 원인을 정리해 재발 방지 방안을 실행합니다.

초기에는 담당 업무의 프로세스와 시스템을 익히고, 이후에는 담당 영역의 지표 개선과 운영 표준화까지 주도하게 됩니다.","• 스타일상담, 의상셀렉, 피팅, 촬영협업, 반납관리 및 일일 운영 현황 관리
• 업무 일정·실적·품질 지표 점검 및 보고
• 관련 시스템과 문서의 정확한 입력·관리
• 고객·협력사·유관 부서 문의 대응 및 이슈 조율
• 업무 절차 개선과 운영 리스크 사전 점검
• 주요 이슈 원인 분석 및 후속 조치 관리
• 정기 회의 자료 작성과 진행 현황 공유
• 현장 안전·보안·개인정보 보호 기준 준수","• 패션 트렌드와 코디네이션 역량 관련 기본 지식 또는 실무 경험을 보유한 분
• 필수 자격·면허: 패션스타일리스트 자격 보유자 또는 입사 전 취득 가능한 분
• 맡은 업무를 정확하게 기록하고 마감까지 책임질 수 있는 분
• 문서작성, 이메일, 스프레드시트 등 기본 업무도구 활용이 가능한 분
• 고객 및 유관 부서와 원활하게 소통하고 요청사항을 정리할 수 있는 분
• 예상하지 못한 상황에서도 우선순위를 판단해 대응할 수 있는 분
• 업무상 취급하는 자료와 고객 정보를 안전하게 관리할 수 있는 분
• 교대·주말·현장 근무가 포함될 수 있는 일정에 대응 가능한 분","• 스타일리스트 또는 유사 직무 경력 보유자
• 직무 관련 자격·면허 보유자: 패션스타일리스트 자격
• 직무 관련 자격·면허 보유자: 컬러리스트산업기사
• ERP, WMS, CRM, POS 등 직무 관련 시스템 사용 경험자
• 수치와 데이터를 활용한 실적 분석 경험자
• 다양한 이해관계자와 협업해 문제를 해결한 경험자
• 외국어 또는 관련 법규·안전 기준을 활용할 수 있는 분","• 지원서 및 제출서류의 허위기재 또는 허위 제출
• 채용 과정에서 본인 확인이 불가능한 경우
• 채용검진 결과 업무 수행에 부적합하다고 판단되는 경우
• 해외여행 및 근무에 결격사유가 있는 경우
• 기타 회사 또는 기관의 인사규정상 채용이 불가능한 경우",서류전형 > 직무과제 > 실무면접 > 최종합격
1176,스타일리스트 경력 채용,131,118,20261022,20261202,16,경력 3년 이상,기간제,울산광역시,석사 이상,"기업 부설 연구소에서 고객 또는 콘텐츠의 의상·스타일을 기획하는 포지션을(를) 맡을 스타일리스트를 모집합니다.

이번 포지션은 스타일상담, 의상셀렉, 피팅, 촬영협업, 반납관리을 중심으로 운영 현장의 품질과 일정, 고객 경험을 함께 관리하는 역할입니다.

정해진 절차를 지키되 상황에 맞게 유연하게 대응하는 실무자를 모집합니다.

유관 부서 및 외부 파트너와 업무 기준을 공유하고, 이슈 발생 시 원인을 정리해 재발 방지 방안을 실행합니다.

초기에는 담당 업무의 프로세스와 시스템을 익히고, 이후에는 담당 영역의 지표 개선과 운영 표준화까지 주도하게 됩니다.","• 스타일상담, 의상셀렉, 피팅, 촬영협업, 반납관리 및 일일 운영 현황 관리
• 업무 일정·실적·품질 지표 점검 및 보고
• 관련 시스템과 문서의 정확한 입력·관리
• 고객·협력사·유관 부서 문의 대응 및 이슈 조율
• 업무 절차 개선과 운영 리스크 사전 점검
• 주요 이슈 원인 분석 및 후속 조치 관리
• 정기 회의 자료 작성과 진행 현황 공유
• 업무 매뉴얼 정비와 신규 구성원 온보딩 지원","• 패션 트렌드와 코디네이션 역량 관련 기본 지식 또는 실무 경험을 보유한 분
• 필수 자격·면허: 패션스타일리스트 자격 보유자 또는 입사 전 취득 가능한 분
• 맡은 업무를 정확하게 기록하고 마감까지 책임질 수 있는 분
• 문서작성, 이메일, 스프레드시트 등 기본 업무도구 활용이 가능한 분
• 고객 및 유관 부서와 원활하게 소통하고 요청사항을 정리할 수 있는 분
• 예상하지 못한 상황에서도 우선순위를 판단해 대응할 수 있는 분
• 업무상 취급하는 자료와 고객 정보를 안전하게 관리할 수 있는 분
• 직무 관련 교육을 꾸준히 이수하며 전문성을 높일 분","• 스타일리스트 또는 유사 직무 경력 보유자
• 직무 관련 자격·면허 보유자: 패션스타일리스트 자격
• 직무 관련 자격·면허 보유자: 컬러리스트산업기사
• ERP, WMS, CRM, POS 등 직무 관련 시스템 사용 경험자
• 수치와 데이터를 활용한 실적 분석 경험자
• 다양한 이해관계자와 협업해 문제를 해결한 경험자
• 신규 프로세스 구축이나 업무 자동화 경험자","• 지원서 및 제출서류의 허위기재 또는 허위 제출
• 채용 과정에서 본인 확인이 불가능한 경우
• 채용검진 결과 업무 수행에 부적합하다고 판단되는 경우
• 해외여행 및 근무에 결격사유가 있는 경우
• 기타 회사 또는 기관의 인사규정상 채용이 불가능한 경우",서류전형 > 1차면접 > 2차면접 > 채용검진
1177,스타일리스트 현장 책임자,68,118,20261108,20261120,7,경력 5년 이상,정규직,강원특별자치도,박사 이상,"전문 협회에서 고객 또는 콘텐츠의 의상·스타일을 기획하는 포지션을(를) 맡을 스타일리스트를 모집합니다.

이번 포지션은 스타일상담, 의상셀렉, 피팅, 촬영협업, 반납관리을 중심으로 운영 현장의 품질과 일정, 고객 경험을 함께 관리하는 역할입니다.

부서 간 원활한 소통으로 일정과 품질을 안정적으로 관리하는 직무입니다.

유관 부서 및 외부 파트너와 업무 기준을 공유하고, 이슈 발생 시 원인을 정리해 재발 방지 방안을 실행합니다.

초기에는 담당 업무의 프로세스와 시스템을 익히고, 이후에는 담당 영역의 지표 개선과 운영 표준화까지 주도하게 됩니다.","• 스타일상담, 의상셀렉, 피팅, 촬영협업, 반납관리 및 일일 운영 현황 관리
• 업무 일정·실적·품질 지표 점검 및 보고
• 관련 시스템과 문서의 정확한 입력·관리
• 고객·협력사·유관 부서 문의 대응 및 이슈 조율
• 업무 절차 개선과 운영 리스크 사전 점검
• 주요 이슈 원인 분석 및 후속 조치 관리
• 정기 회의 자료 작성과 진행 현황 공유
• 현장 안전·보안·개인정보 보호 기준 준수","• 패션 트렌드와 코디네이션 역량 관련 기본 지식 또는 실무 경험을 보유한 분
• 필수 자격·면허: 패션스타일리스트 자격 보유자 또는 입사 전 취득 가능한 분
• 맡은 업무를 정확하게 기록하고 마감까지 책임질 수 있는 분
• 문서작성, 이메일, 스프레드시트 등 기본 업무도구 활용이 가능한 분
• 고객 및 유관 부서와 원활하게 소통하고 요청사항을 정리할 수 있는 분
• 예상하지 못한 상황에서도 우선순위를 판단해 대응할 수 있는 분
• 업무상 취급하는 자료와 고객 정보를 안전하게 관리할 수 있는 분
• 직무 관련 교육을 꾸준히 이수하며 전문성을 높일 분","• 스타일리스트 또는 유사 직무 경력 보유자
• 직무 관련 자격·면허 보유자: 패션스타일리스트 자격
• 직무 관련 자격·면허 보유자: 컬러리스트산업기사
• ERP, WMS, CRM, POS 등 직무 관련 시스템 사용 경험자
• 수치와 데이터를 활용한 실적 분석 경험자
• 다양한 이해관계자와 협업해 문제를 해결한 경험자
• 외국어 또는 관련 법규·안전 기준을 활용할 수 있는 분","• 지원서 및 제출서류의 허위기재 또는 허위 제출
• 채용 과정에서 본인 확인이 불가능한 경우
• 채용검진 결과 업무 수행에 부적합하다고 판단되는 경우
• 해외여행 및 근무에 결격사유가 있는 경우
• 기타 회사 또는 기관의 인사규정상 채용이 불가능한 경우",서류전형 > 필기전형 > 면접전형 > 최종합격
1178,스타일리스트 서비스 담당,119,118,20261125,20261214,18,경력 무관,계약직,전라북도,학력무관,"공공서비스 운영기관에서 고객 또는 콘텐츠의 의상·스타일을 기획하는 포지션을(를) 맡을 스타일리스트를 모집합니다.

이번 포지션은 스타일상담, 의상셀렉, 피팅, 촬영협업, 반납관리을 중심으로 운영 현장의 품질과 일정, 고객 경험을 함께 관리하는 역할입니다.

서비스 품질과 안전을 우선하며 꾸준히 전문성을 쌓을 수 있는 포지션입니다.

유관 부서 및 외부 파트너와 업무 기준을 공유하고, 이슈 발생 시 원인을 정리해 재발 방지 방안을 실행합니다.

초기에는 담당 업무의 프로세스와 시스템을 익히고, 이후에는 담당 영역의 지표 개선과 운영 표준화까지 주도하게 됩니다.","• 스타일상담, 의상셀렉, 피팅, 촬영협업, 반납관리 및 일일 운영 현황 관리
• 업무 일정·실적·품질 지표 점검 및 보고
• 관련 시스템과 문서의 정확한 입력·관리
• 고객·협력사·유관 부서 문의 대응 및 이슈 조율
• 업무 절차 개선과 운영 리스크 사전 점검
• 주요 이슈 원인 분석 및 후속 조치 관리
• 정기 회의 자료 작성과 진행 현황 공유
• 업무 매뉴얼 정비와 신규 구성원 온보딩 지원","• 패션 트렌드와 코디네이션 역량 관련 기본 지식 또는 실무 경험을 보유한 분
• 필수 자격·면허: 패션스타일리스트 자격 보유자 또는 입사 전 취득 가능한 분
• 맡은 업무를 정확하게 기록하고 마감까지 책임질 수 있는 분
• 문서작성, 이메일, 스프레드시트 등 기본 업무도구 활용이 가능한 분
• 고객 및 유관 부서와 원활하게 소통하고 요청사항을 정리할 수 있는 분
• 예상하지 못한 상황에서도 우선순위를 판단해 대응할 수 있는 분
• 업무상 취급하는 자료와 고객 정보를 안전하게 관리할 수 있는 분
• 교대·주말·현장 근무가 포함될 수 있는 일정에 대응 가능한 분","• 스타일리스트 또는 유사 직무 경력 보유자
• 직무 관련 자격·면허 보유자: 패션스타일리스트 자격
• 직무 관련 자격·면허 보유자: 컬러리스트산업기사
• ERP, WMS, CRM, POS 등 직무 관련 시스템 사용 경험자
• 수치와 데이터를 활용한 실적 분석 경험자
• 다양한 이해관계자와 협업해 문제를 해결한 경험자
• 신규 프로세스 구축이나 업무 자동화 경험자","• 지원서 및 제출서류의 허위기재 또는 허위 제출
• 채용 과정에서 본인 확인이 불가능한 경우
• 채용검진 결과 업무 수행에 부적합하다고 판단되는 경우
• 해외여행 및 근무에 결격사유가 있는 경우
• 기타 회사 또는 기관의 인사규정상 채용이 불가능한 경우",서류전형 > 실무면접 > 최종면접
1179,스타일리스트 담당자,45,118,20261212,20270107,9,신입,무기계약직,경상남도,전문학사 이상,"대기업 사업부에서 고객 또는 콘텐츠의 의상·스타일을 기획하는 포지션을(를) 맡을 스타일리스트를 모집합니다.

이번 포지션은 스타일상담, 의상셀렉, 피팅, 촬영협업, 반납관리을 중심으로 운영 현장의 품질과 일정, 고객 경험을 함께 관리하는 역할입니다.

기본기를 바탕으로 새로운 업무를 빠르게 익히고 실행할 분을 모십니다.

유관 부서 및 외부 파트너와 업무 기준을 공유하고, 이슈 발생 시 원인을 정리해 재발 방지 방안을 실행합니다.

초기에는 담당 업무의 프로세스와 시스템을 익히고, 이후에는 담당 영역의 지표 개선과 운영 표준화까지 주도하게 됩니다.","• 스타일상담, 의상셀렉, 피팅, 촬영협업, 반납관리 및 일일 운영 현황 관리
• 업무 일정·실적·품질 지표 점검 및 보고
• 관련 시스템과 문서의 정확한 입력·관리
• 고객·협력사·유관 부서 문의 대응 및 이슈 조율
• 업무 절차 개선과 운영 리스크 사전 점검
• 주요 이슈 원인 분석 및 후속 조치 관리
• 정기 회의 자료 작성과 진행 현황 공유
• 현장 안전·보안·개인정보 보호 기준 준수","• 패션 트렌드와 코디네이션 역량 관련 기본 지식 또는 실무 경험을 보유한 분
• 필수 자격·면허: 패션스타일리스트 자격 보유자 또는 입사 전 취득 가능한 분
• 맡은 업무를 정확하게 기록하고 마감까지 책임질 수 있는 분
• 문서작성, 이메일, 스프레드시트 등 기본 업무도구 활용이 가능한 분
• 고객 및 유관 부서와 원활하게 소통하고 요청사항을 정리할 수 있는 분
• 예상하지 못한 상황에서도 우선순위를 판단해 대응할 수 있는 분
• 업무상 취급하는 자료와 고객 정보를 안전하게 관리할 수 있는 분
• 직무 관련 교육을 꾸준히 이수하며 전문성을 높일 분","• 스타일리스트 또는 유사 직무 경력 보유자
• 직무 관련 자격·면허 보유자: 패션스타일리스트 자격
• 직무 관련 자격·면허 보유자: 컬러리스트산업기사
• ERP, WMS, CRM, POS 등 직무 관련 시스템 사용 경험자
• 수치와 데이터를 활용한 실적 분석 경험자
• 다양한 이해관계자와 협업해 문제를 해결한 경험자
• 외국어 또는 관련 법규·안전 기준을 활용할 수 있는 분","• 지원서 및 제출서류의 허위기재 또는 허위 제출
• 채용 과정에서 본인 확인이 불가능한 경우
• 채용검진 결과 업무 수행에 부적합하다고 판단되는 경우
• 해외여행 및 근무에 결격사유가 있는 경우
• 기타 회사 또는 기관의 인사규정상 채용이 불가능한 경우",서류전형 > 인성검사 > 실무면접 > 최종면접
1180,스타일리스트 실무자,135,118,20260118,20260220,20,경력,기간제,부산광역시,학사 이상,"중견 제조기업에서 고객 또는 콘텐츠의 의상·스타일을 기획하는 포지션을(를) 맡을 스타일리스트를 모집합니다.

이번 포지션은 스타일상담, 의상셀렉, 피팅, 촬영협업, 반납관리을 중심으로 운영 현장의 품질과 일정, 고객 경험을 함께 관리하는 역할입니다.

성과와 고객 만족을 함께 고려하며 실질적인 변화를 만드는 역할입니다.

유관 부서 및 외부 파트너와 업무 기준을 공유하고, 이슈 발생 시 원인을 정리해 재발 방지 방안을 실행합니다.

초기에는 담당 업무의 프로세스와 시스템을 익히고, 이후에는 담당 영역의 지표 개선과 운영 표준화까지 주도하게 됩니다.","• 스타일상담, 의상셀렉, 피팅, 촬영협업, 반납관리 및 일일 운영 현황 관리
• 업무 일정·실적·품질 지표 점검 및 보고
• 관련 시스템과 문서의 정확한 입력·관리
• 고객·협력사·유관 부서 문의 대응 및 이슈 조율
• 업무 절차 개선과 운영 리스크 사전 점검
• 주요 이슈 원인 분석 및 후속 조치 관리
• 정기 회의 자료 작성과 진행 현황 공유
• 업무 매뉴얼 정비와 신규 구성원 온보딩 지원","• 패션 트렌드와 코디네이션 역량 관련 기본 지식 또는 실무 경험을 보유한 분
• 필수 자격·면허: 패션스타일리스트 자격 보유자 또는 입사 전 취득 가능한 분
• 맡은 업무를 정확하게 기록하고 마감까지 책임질 수 있는 분
• 문서작성, 이메일, 스프레드시트 등 기본 업무도구 활용이 가능한 분
• 고객 및 유관 부서와 원활하게 소통하고 요청사항을 정리할 수 있는 분
• 예상하지 못한 상황에서도 우선순위를 판단해 대응할 수 있는 분
• 업무상 취급하는 자료와 고객 정보를 안전하게 관리할 수 있는 분
• 직무 관련 교육을 꾸준히 이수하며 전문성을 높일 분","• 스타일리스트 또는 유사 직무 경력 보유자
• 직무 관련 자격·면허 보유자: 패션스타일리스트 자격
• 직무 관련 자격·면허 보유자: 컬러리스트산업기사
• ERP, WMS, CRM, POS 등 직무 관련 시스템 사용 경험자
• 수치와 데이터를 활용한 실적 분석 경험자
• 다양한 이해관계자와 협업해 문제를 해결한 경험자
• 신규 프로세스 구축이나 업무 자동화 경험자","• 지원서 및 제출서류의 허위기재 또는 허위 제출
• 채용 과정에서 본인 확인이 불가능한 경우
• 채용검진 결과 업무 수행에 부적합하다고 판단되는 경우
• 해외여행 및 근무에 결격사유가 있는 경우
• 기타 회사 또는 기관의 인사규정상 채용이 불가능한 경우",서류전형 > 직무과제 > 실무면접 > 최종합격
1181,장례지도사 전문 인력,134,119,20260204,20260316,11,경력 2년 이상,정규직,울산광역시,박사 이상,"전문 중소기업에서 장례 절차와 유가족 응대를 지원하는 포지션을(를) 맡을 장례지도사를 모집합니다.

이번 포지션은 상담, 일정조율, 염습지원, 의전, 서류안내을 중심으로 운영 현장의 품질과 일정, 고객 경험을 함께 관리하는 역할입니다.

정확한 실행력과 협업을 바탕으로 안정적인 운영을 함께 만들어 갈 분을 찾습니다.

유관 부서 및 외부 파트너와 업무 기준을 공유하고, 이슈 발생 시 원인을 정리해 재발 방지 방안을 실행합니다.

초기에는 담당 업무의 프로세스와 시스템을 익히고, 이후에는 담당 영역의 지표 개선과 운영 표준화까지 주도하게 됩니다.","• 상담, 일정조율, 염습지원, 의전, 서류안내 및 일일 운영 현황 관리
• 업무 일정·실적·품질 지표 점검 및 보고
• 관련 시스템과 문서의 정확한 입력·관리
• 고객·협력사·유관 부서 문의 대응 및 이슈 조율
• 업무 절차 개선과 운영 리스크 사전 점검
• 주요 이슈 원인 분석 및 후속 조치 관리
• 정기 회의 자료 작성과 진행 현황 공유
• 현장 안전·보안·개인정보 보호 기준 준수","• 장례 절차 이해와 공감 중심의 응대 관련 기본 지식 또는 실무 경험을 보유한 분
• 필수 자격·면허: 장례지도사 자격 보유자 또는 입사 전 취득 가능한 분
• 맡은 업무를 정확하게 기록하고 마감까지 책임질 수 있는 분
• 문서작성, 이메일, 스프레드시트 등 기본 업무도구 활용이 가능한 분
• 고객 및 유관 부서와 원활하게 소통하고 요청사항을 정리할 수 있는 분
• 예상하지 못한 상황에서도 우선순위를 판단해 대응할 수 있는 분
• 업무상 취급하는 자료와 고객 정보를 안전하게 관리할 수 있는 분
• 교대·주말·현장 근무가 포함될 수 있는 일정에 대응 가능한 분","• 장례지도사 또는 유사 직무 경력 보유자
• 직무 관련 자격·면허 보유자: 장례지도사 자격
• 직무 관련 자격·면허 보유자: 위생사 면허
• ERP, WMS, CRM, POS 등 직무 관련 시스템 사용 경험자
• 수치와 데이터를 활용한 실적 분석 경험자
• 다양한 이해관계자와 협업해 문제를 해결한 경험자
• 외국어 또는 관련 법규·안전 기준을 활용할 수 있는 분","• 지원서 및 제출서류의 허위기재 또는 허위 제출
• 채용 과정에서 본인 확인이 불가능한 경우
• 채용검진 결과 업무 수행에 부적합하다고 판단되는 경우
• 해외여행 및 근무에 결격사유가 있는 경우
• 기타 회사 또는 기관의 인사규정상 채용이 불가능한 경우",서류전형 > 필기전형 > 면접전형 > 최종합격
1182,장례지도사 경력 채용,62,119,20260221,20260304,2,경력 3년 이상,계약직,강원특별자치도,학력무관,"성장 단계 스타트업에서 장례 절차와 유가족 응대를 지원하는 포지션을(를) 맡을 장례지도사를 모집합니다.

이번 포지션은 상담, 일정조율, 염습지원, 의전, 서류안내을 중심으로 운영 현장의 품질과 일정, 고객 경험을 함께 관리하는 역할입니다.

현장과 유관 부서의 요구를 연결하며 업무 품질을 높이는 역할입니다.

유관 부서 및 외부 파트너와 업무 기준을 공유하고, 이슈 발생 시 원인을 정리해 재발 방지 방안을 실행합니다.

초기에는 담당 업무의 프로세스와 시스템을 익히고, 이후에는 담당 영역의 지표 개선과 운영 표준화까지 주도하게 됩니다.","• 상담, 일정조율, 염습지원, 의전, 서류안내 및 일일 운영 현황 관리
• 업무 일정·실적·품질 지표 점검 및 보고
• 관련 시스템과 문서의 정확한 입력·관리
• 고객·협력사·유관 부서 문의 대응 및 이슈 조율
• 업무 절차 개선과 운영 리스크 사전 점검
• 주요 이슈 원인 분석 및 후속 조치 관리
• 정기 회의 자료 작성과 진행 현황 공유
• 업무 매뉴얼 정비와 신규 구성원 온보딩 지원","• 장례 절차 이해와 공감 중심의 응대 관련 기본 지식 또는 실무 경험을 보유한 분
• 필수 자격·면허: 장례지도사 자격 보유자 또는 입사 전 취득 가능한 분
• 맡은 업무를 정확하게 기록하고 마감까지 책임질 수 있는 분
• 문서작성, 이메일, 스프레드시트 등 기본 업무도구 활용이 가능한 분
• 고객 및 유관 부서와 원활하게 소통하고 요청사항을 정리할 수 있는 분
• 예상하지 못한 상황에서도 우선순위를 판단해 대응할 수 있는 분
• 업무상 취급하는 자료와 고객 정보를 안전하게 관리할 수 있는 분
• 직무 관련 교육을 꾸준히 이수하며 전문성을 높일 분","• 장례지도사 또는 유사 직무 경력 보유자
• 직무 관련 자격·면허 보유자: 장례지도사 자격
• 직무 관련 자격·면허 보유자: 위생사 면허
• ERP, WMS, CRM, POS 등 직무 관련 시스템 사용 경험자
• 수치와 데이터를 활용한 실적 분석 경험자
• 다양한 이해관계자와 협업해 문제를 해결한 경험자
• 신규 프로세스 구축이나 업무 자동화 경험자","• 지원서 및 제출서류의 허위기재 또는 허위 제출
• 채용 과정에서 본인 확인이 불가능한 경우
• 채용검진 결과 업무 수행에 부적합하다고 판단되는 경우
• 해외여행 및 근무에 결격사유가 있는 경우
• 기타 회사 또는 기관의 인사규정상 채용이 불가능한 경우",서류전형 > 실무면접 > 최종면접
1183,장례지도사 현장 책임자,66,119,20260310,20260328,13,경력 5년 이상,무기계약직,전라북도,전문학사 이상,"종합병원 운영조직에서 장례 절차와 유가족 응대를 지원하는 포지션을(를) 맡을 장례지도사를 모집합니다.

이번 포지션은 상담, 일정조율, 염습지원, 의전, 서류안내을 중심으로 운영 현장의 품질과 일정, 고객 경험을 함께 관리하는 역할입니다.

업무 기준을 준수하면서도 개선점을 주도적으로 제안할 수 있는 분을 기다립니다.

유관 부서 및 외부 파트너와 업무 기준을 공유하고, 이슈 발생 시 원인을 정리해 재발 방지 방안을 실행합니다.

초기에는 담당 업무의 프로세스와 시스템을 익히고, 이후에는 담당 영역의 지표 개선과 운영 표준화까지 주도하게 됩니다.","• 상담, 일정조율, 염습지원, 의전, 서류안내 및 일일 운영 현황 관리
• 업무 일정·실적·품질 지표 점검 및 보고
• 관련 시스템과 문서의 정확한 입력·관리
• 고객·협력사·유관 부서 문의 대응 및 이슈 조율
• 업무 절차 개선과 운영 리스크 사전 점검
• 주요 이슈 원인 분석 및 후속 조치 관리
• 정기 회의 자료 작성과 진행 현황 공유
• 현장 안전·보안·개인정보 보호 기준 준수","• 장례 절차 이해와 공감 중심의 응대 관련 기본 지식 또는 실무 경험을 보유한 분
• 필수 자격·면허: 장례지도사 자격 보유자 또는 입사 전 취득 가능한 분
• 맡은 업무를 정확하게 기록하고 마감까지 책임질 수 있는 분
• 문서작성, 이메일, 스프레드시트 등 기본 업무도구 활용이 가능한 분
• 고객 및 유관 부서와 원활하게 소통하고 요청사항을 정리할 수 있는 분
• 예상하지 못한 상황에서도 우선순위를 판단해 대응할 수 있는 분
• 업무상 취급하는 자료와 고객 정보를 안전하게 관리할 수 있는 분
• 직무 관련 교육을 꾸준히 이수하며 전문성을 높일 분","• 장례지도사 또는 유사 직무 경력 보유자
• 직무 관련 자격·면허 보유자: 장례지도사 자격
• 직무 관련 자격·면허 보유자: 위생사 면허
• ERP, WMS, CRM, POS 등 직무 관련 시스템 사용 경험자
• 수치와 데이터를 활용한 실적 분석 경험자
• 다양한 이해관계자와 협업해 문제를 해결한 경험자
• 외국어 또는 관련 법규·안전 기준을 활용할 수 있는 분","• 지원서 및 제출서류의 허위기재 또는 허위 제출
• 채용 과정에서 본인 확인이 불가능한 경우
• 채용검진 결과 업무 수행에 부적합하다고 판단되는 경우
• 해외여행 및 근무에 결격사유가 있는 경우
• 기타 회사 또는 기관의 인사규정상 채용이 불가능한 경우",서류전형 > 인성검사 > 실무면접 > 최종면접
1184,장례지도사 서비스 담당,3,119,20260327,20260421,4,경력 무관,기간제,경상남도,학사 이상,"대학 산학협력단에서 장례 절차와 유가족 응대를 지원하는 포지션을(를) 맡을 장례지도사를 모집합니다.

이번 포지션은 상담, 일정조율, 염습지원, 의전, 서류안내을 중심으로 운영 현장의 품질과 일정, 고객 경험을 함께 관리하는 역할입니다.

고객과 동료에게 신뢰를 주는 태도로 맡은 업무를 끝까지 책임지는 포지션입니다.

유관 부서 및 외부 파트너와 업무 기준을 공유하고, 이슈 발생 시 원인을 정리해 재발 방지 방안을 실행합니다.

초기에는 담당 업무의 프로세스와 시스템을 익히고, 이후에는 담당 영역의 지표 개선과 운영 표준화까지 주도하게 됩니다.","• 상담, 일정조율, 염습지원, 의전, 서류안내 및 일일 운영 현황 관리
• 업무 일정·실적·품질 지표 점검 및 보고
• 관련 시스템과 문서의 정확한 입력·관리
• 고객·협력사·유관 부서 문의 대응 및 이슈 조율
• 업무 절차 개선과 운영 리스크 사전 점검
• 주요 이슈 원인 분석 및 후속 조치 관리
• 정기 회의 자료 작성과 진행 현황 공유
• 업무 매뉴얼 정비와 신규 구성원 온보딩 지원","• 장례 절차 이해와 공감 중심의 응대 관련 기본 지식 또는 실무 경험을 보유한 분
• 필수 자격·면허: 장례지도사 자격 보유자 또는 입사 전 취득 가능한 분
• 맡은 업무를 정확하게 기록하고 마감까지 책임질 수 있는 분
• 문서작성, 이메일, 스프레드시트 등 기본 업무도구 활용이 가능한 분
• 고객 및 유관 부서와 원활하게 소통하고 요청사항을 정리할 수 있는 분
• 예상하지 못한 상황에서도 우선순위를 판단해 대응할 수 있는 분
• 업무상 취급하는 자료와 고객 정보를 안전하게 관리할 수 있는 분
• 교대·주말·현장 근무가 포함될 수 있는 일정에 대응 가능한 분","• 장례지도사 또는 유사 직무 경력 보유자
• 직무 관련 자격·면허 보유자: 장례지도사 자격
• 직무 관련 자격·면허 보유자: 위생사 면허
• ERP, WMS, CRM, POS 등 직무 관련 시스템 사용 경험자
• 수치와 데이터를 활용한 실적 분석 경험자
• 다양한 이해관계자와 협업해 문제를 해결한 경험자
• 신규 프로세스 구축이나 업무 자동화 경험자","• 지원서 및 제출서류의 허위기재 또는 허위 제출
• 채용 과정에서 본인 확인이 불가능한 경우
• 채용검진 결과 업무 수행에 부적합하다고 판단되는 경우
• 해외여행 및 근무에 결격사유가 있는 경우
• 기타 회사 또는 기관의 인사규정상 채용이 불가능한 경우",서류전형 > 직무과제 > 실무면접 > 최종합격
1185,장례지도사 담당자,114,119,20260413,20260515,15,신입,정규직,부산광역시,석사 이상,"기업 부설 연구소에서 장례 절차와 유가족 응대를 지원하는 포지션을(를) 맡을 장례지도사를 모집합니다.

이번 포지션은 상담, 일정조율, 염습지원, 의전, 서류안내을 중심으로 운영 현장의 품질과 일정, 고객 경험을 함께 관리하는 역할입니다.

데이터와 현장 감각을 함께 활용해 반복 업무를 효율화하는 역할입니다.

유관 부서 및 외부 파트너와 업무 기준을 공유하고, 이슈 발생 시 원인을 정리해 재발 방지 방안을 실행합니다.

초기에는 담당 업무의 프로세스와 시스템을 익히고, 이후에는 담당 영역의 지표 개선과 운영 표준화까지 주도하게 됩니다.","• 상담, 일정조율, 염습지원, 의전, 서류안내 및 일일 운영 현황 관리
• 업무 일정·실적·품질 지표 점검 및 보고
• 관련 시스템과 문서의 정확한 입력·관리
• 고객·협력사·유관 부서 문의 대응 및 이슈 조율
• 업무 절차 개선과 운영 리스크 사전 점검
• 주요 이슈 원인 분석 및 후속 조치 관리
• 정기 회의 자료 작성과 진행 현황 공유
• 현장 안전·보안·개인정보 보호 기준 준수","• 장례 절차 이해와 공감 중심의 응대 관련 기본 지식 또는 실무 경험을 보유한 분
• 필수 자격·면허: 장례지도사 자격 보유자 또는 입사 전 취득 가능한 분
• 맡은 업무를 정확하게 기록하고 마감까지 책임질 수 있는 분
• 문서작성, 이메일, 스프레드시트 등 기본 업무도구 활용이 가능한 분
• 고객 및 유관 부서와 원활하게 소통하고 요청사항을 정리할 수 있는 분
• 예상하지 못한 상황에서도 우선순위를 판단해 대응할 수 있는 분
• 업무상 취급하는 자료와 고객 정보를 안전하게 관리할 수 있는 분
• 직무 관련 교육을 꾸준히 이수하며 전문성을 높일 분","• 장례지도사 또는 유사 직무 경력 보유자
• 직무 관련 자격·면허 보유자: 장례지도사 자격
• 직무 관련 자격·면허 보유자: 위생사 면허
• ERP, WMS, CRM, POS 등 직무 관련 시스템 사용 경험자
• 수치와 데이터를 활용한 실적 분석 경험자
• 다양한 이해관계자와 협업해 문제를 해결한 경험자
• 외국어 또는 관련 법규·안전 기준을 활용할 수 있는 분","• 지원서 및 제출서류의 허위기재 또는 허위 제출
• 채용 과정에서 본인 확인이 불가능한 경우
• 채용검진 결과 업무 수행에 부적합하다고 판단되는 경우
• 해외여행 및 근무에 결격사유가 있는 경우
• 기타 회사 또는 기관의 인사규정상 채용이 불가능한 경우",서류전형 > 1차면접 > 2차면접 > 채용검진
1186,장례지도사 실무자,55,119,20260430,20260608,6,경력,계약직,광주광역시,박사 이상,"전문 협회에서 장례 절차와 유가족 응대를 지원하는 포지션을(를) 맡을 장례지도사를 모집합니다.

이번 포지션은 상담, 일정조율, 염습지원, 의전, 서류안내을 중심으로 운영 현장의 품질과 일정, 고객 경험을 함께 관리하는 역할입니다.

정해진 절차를 지키되 상황에 맞게 유연하게 대응하는 실무자를 모집합니다.

유관 부서 및 외부 파트너와 업무 기준을 공유하고, 이슈 발생 시 원인을 정리해 재발 방지 방안을 실행합니다.

초기에는 담당 업무의 프로세스와 시스템을 익히고, 이후에는 담당 영역의 지표 개선과 운영 표준화까지 주도하게 됩니다.","• 상담, 일정조율, 염습지원, 의전, 서류안내 및 일일 운영 현황 관리
• 업무 일정·실적·품질 지표 점검 및 보고
• 관련 시스템과 문서의 정확한 입력·관리
• 고객·협력사·유관 부서 문의 대응 및 이슈 조율
• 업무 절차 개선과 운영 리스크 사전 점검
• 주요 이슈 원인 분석 및 후속 조치 관리
• 정기 회의 자료 작성과 진행 현황 공유
• 업무 매뉴얼 정비와 신규 구성원 온보딩 지원","• 장례 절차 이해와 공감 중심의 응대 관련 기본 지식 또는 실무 경험을 보유한 분
• 필수 자격·면허: 장례지도사 자격 보유자 또는 입사 전 취득 가능한 분
• 맡은 업무를 정확하게 기록하고 마감까지 책임질 수 있는 분
• 문서작성, 이메일, 스프레드시트 등 기본 업무도구 활용이 가능한 분
• 고객 및 유관 부서와 원활하게 소통하고 요청사항을 정리할 수 있는 분
• 예상하지 못한 상황에서도 우선순위를 판단해 대응할 수 있는 분
• 업무상 취급하는 자료와 고객 정보를 안전하게 관리할 수 있는 분
• 직무 관련 교육을 꾸준히 이수하며 전문성을 높일 분","• 장례지도사 또는 유사 직무 경력 보유자
• 직무 관련 자격·면허 보유자: 장례지도사 자격
• 직무 관련 자격·면허 보유자: 위생사 면허
• ERP, WMS, CRM, POS 등 직무 관련 시스템 사용 경험자
• 수치와 데이터를 활용한 실적 분석 경험자
• 다양한 이해관계자와 협업해 문제를 해결한 경험자
• 신규 프로세스 구축이나 업무 자동화 경험자","• 지원서 및 제출서류의 허위기재 또는 허위 제출
• 채용 과정에서 본인 확인이 불가능한 경우
• 채용검진 결과 업무 수행에 부적합하다고 판단되는 경우
• 해외여행 및 근무에 결격사유가 있는 경우
• 기타 회사 또는 기관의 인사규정상 채용이 불가능한 경우",서류전형 > 필기전형 > 면접전형 > 최종합격
1187,장례지도사 운영 매니저,85,119,20260517,20260527,17,신입·경력,무기계약직,경기도,학력무관,"공공서비스 운영기관에서 장례 절차와 유가족 응대를 지원하는 포지션을(를) 맡을 장례지도사를 모집합니다.

이번 포지션은 상담, 일정조율, 염습지원, 의전, 서류안내을 중심으로 운영 현장의 품질과 일정, 고객 경험을 함께 관리하는 역할입니다.

부서 간 원활한 소통으로 일정과 품질을 안정적으로 관리하는 직무입니다.

유관 부서 및 외부 파트너와 업무 기준을 공유하고, 이슈 발생 시 원인을 정리해 재발 방지 방안을 실행합니다.

초기에는 담당 업무의 프로세스와 시스템을 익히고, 이후에는 담당 영역의 지표 개선과 운영 표준화까지 주도하게 됩니다.","• 상담, 일정조율, 염습지원, 의전, 서류안내 및 일일 운영 현황 관리
• 업무 일정·실적·품질 지표 점검 및 보고
• 관련 시스템과 문서의 정확한 입력·관리
• 고객·협력사·유관 부서 문의 대응 및 이슈 조율
• 업무 절차 개선과 운영 리스크 사전 점검
• 주요 이슈 원인 분석 및 후속 조치 관리
• 정기 회의 자료 작성과 진행 현황 공유
• 현장 안전·보안·개인정보 보호 기준 준수","• 장례 절차 이해와 공감 중심의 응대 관련 기본 지식 또는 실무 경험을 보유한 분
• 필수 자격·면허: 장례지도사 자격 보유자 또는 입사 전 취득 가능한 분
• 맡은 업무를 정확하게 기록하고 마감까지 책임질 수 있는 분
• 문서작성, 이메일, 스프레드시트 등 기본 업무도구 활용이 가능한 분
• 고객 및 유관 부서와 원활하게 소통하고 요청사항을 정리할 수 있는 분
• 예상하지 못한 상황에서도 우선순위를 판단해 대응할 수 있는 분
• 업무상 취급하는 자료와 고객 정보를 안전하게 관리할 수 있는 분
• 교대·주말·현장 근무가 포함될 수 있는 일정에 대응 가능한 분","• 장례지도사 또는 유사 직무 경력 보유자
• 직무 관련 자격·면허 보유자: 장례지도사 자격
• 직무 관련 자격·면허 보유자: 위생사 면허
• ERP, WMS, CRM, POS 등 직무 관련 시스템 사용 경험자
• 수치와 데이터를 활용한 실적 분석 경험자
• 다양한 이해관계자와 협업해 문제를 해결한 경험자
• 외국어 또는 관련 법규·안전 기준을 활용할 수 있는 분","• 지원서 및 제출서류의 허위기재 또는 허위 제출
• 채용 과정에서 본인 확인이 불가능한 경우
• 채용검진 결과 업무 수행에 부적합하다고 판단되는 경우
• 해외여행 및 근무에 결격사유가 있는 경우
• 기타 회사 또는 기관의 인사규정상 채용이 불가능한 경우",서류전형 > 실무면접 > 최종면접
1188,장례지도사 전문 인력,85,119,20260603,20260620,8,경력 2년 이상,기간제,충청남도,전문학사 이상,"대기업 사업부에서 장례 절차와 유가족 응대를 지원하는 포지션을(를) 맡을 장례지도사를 모집합니다.

이번 포지션은 상담, 일정조율, 염습지원, 의전, 서류안내을 중심으로 운영 현장의 품질과 일정, 고객 경험을 함께 관리하는 역할입니다.

서비스 품질과 안전을 우선하며 꾸준히 전문성을 쌓을 수 있는 포지션입니다.

유관 부서 및 외부 파트너와 업무 기준을 공유하고, 이슈 발생 시 원인을 정리해 재발 방지 방안을 실행합니다.

초기에는 담당 업무의 프로세스와 시스템을 익히고, 이후에는 담당 영역의 지표 개선과 운영 표준화까지 주도하게 됩니다.","• 상담, 일정조율, 염습지원, 의전, 서류안내 및 일일 운영 현황 관리
• 업무 일정·실적·품질 지표 점검 및 보고
• 관련 시스템과 문서의 정확한 입력·관리
• 고객·협력사·유관 부서 문의 대응 및 이슈 조율
• 업무 절차 개선과 운영 리스크 사전 점검
• 주요 이슈 원인 분석 및 후속 조치 관리
• 정기 회의 자료 작성과 진행 현황 공유
• 업무 매뉴얼 정비와 신규 구성원 온보딩 지원","• 장례 절차 이해와 공감 중심의 응대 관련 기본 지식 또는 실무 경험을 보유한 분
• 필수 자격·면허: 장례지도사 자격 보유자 또는 입사 전 취득 가능한 분
• 맡은 업무를 정확하게 기록하고 마감까지 책임질 수 있는 분
• 문서작성, 이메일, 스프레드시트 등 기본 업무도구 활용이 가능한 분
• 고객 및 유관 부서와 원활하게 소통하고 요청사항을 정리할 수 있는 분
• 예상하지 못한 상황에서도 우선순위를 판단해 대응할 수 있는 분
• 업무상 취급하는 자료와 고객 정보를 안전하게 관리할 수 있는 분
• 직무 관련 교육을 꾸준히 이수하며 전문성을 높일 분","• 장례지도사 또는 유사 직무 경력 보유자
• 직무 관련 자격·면허 보유자: 장례지도사 자격
• 직무 관련 자격·면허 보유자: 위생사 면허
• ERP, WMS, CRM, POS 등 직무 관련 시스템 사용 경험자
• 수치와 데이터를 활용한 실적 분석 경험자
• 다양한 이해관계자와 협업해 문제를 해결한 경험자
• 신규 프로세스 구축이나 업무 자동화 경험자","• 지원서 및 제출서류의 허위기재 또는 허위 제출
• 채용 과정에서 본인 확인이 불가능한 경우
• 채용검진 결과 업무 수행에 부적합하다고 판단되는 경우
• 해외여행 및 근무에 결격사유가 있는 경우
• 기타 회사 또는 기관의 인사규정상 채용이 불가능한 경우",서류전형 > 인성검사 > 실무면접 > 최종면접
1189,장례지도사 경력 채용,49,119,20260620,20260714,19,경력 3년 이상,정규직,경상북도,학사 이상,"중견 제조기업에서 장례 절차와 유가족 응대를 지원하는 포지션을(를) 맡을 장례지도사를 모집합니다.

이번 포지션은 상담, 일정조율, 염습지원, 의전, 서류안내을 중심으로 운영 현장의 품질과 일정, 고객 경험을 함께 관리하는 역할입니다.

기본기를 바탕으로 새로운 업무를 빠르게 익히고 실행할 분을 모십니다.

유관 부서 및 외부 파트너와 업무 기준을 공유하고, 이슈 발생 시 원인을 정리해 재발 방지 방안을 실행합니다.

초기에는 담당 업무의 프로세스와 시스템을 익히고, 이후에는 담당 영역의 지표 개선과 운영 표준화까지 주도하게 됩니다.","• 상담, 일정조율, 염습지원, 의전, 서류안내 및 일일 운영 현황 관리
• 업무 일정·실적·품질 지표 점검 및 보고
• 관련 시스템과 문서의 정확한 입력·관리
• 고객·협력사·유관 부서 문의 대응 및 이슈 조율
• 업무 절차 개선과 운영 리스크 사전 점검
• 주요 이슈 원인 분석 및 후속 조치 관리
• 정기 회의 자료 작성과 진행 현황 공유
• 현장 안전·보안·개인정보 보호 기준 준수","• 장례 절차 이해와 공감 중심의 응대 관련 기본 지식 또는 실무 경험을 보유한 분
• 필수 자격·면허: 장례지도사 자격 보유자 또는 입사 전 취득 가능한 분
• 맡은 업무를 정확하게 기록하고 마감까지 책임질 수 있는 분
• 문서작성, 이메일, 스프레드시트 등 기본 업무도구 활용이 가능한 분
• 고객 및 유관 부서와 원활하게 소통하고 요청사항을 정리할 수 있는 분
• 예상하지 못한 상황에서도 우선순위를 판단해 대응할 수 있는 분
• 업무상 취급하는 자료와 고객 정보를 안전하게 관리할 수 있는 분
• 직무 관련 교육을 꾸준히 이수하며 전문성을 높일 분","• 장례지도사 또는 유사 직무 경력 보유자
• 직무 관련 자격·면허 보유자: 장례지도사 자격
• 직무 관련 자격·면허 보유자: 위생사 면허
• ERP, WMS, CRM, POS 등 직무 관련 시스템 사용 경험자
• 수치와 데이터를 활용한 실적 분석 경험자
• 다양한 이해관계자와 협업해 문제를 해결한 경험자
• 외국어 또는 관련 법규·안전 기준을 활용할 수 있는 분","• 지원서 및 제출서류의 허위기재 또는 허위 제출
• 채용 과정에서 본인 확인이 불가능한 경우
• 채용검진 결과 업무 수행에 부적합하다고 판단되는 경우
• 해외여행 및 근무에 결격사유가 있는 경우
• 기타 회사 또는 기관의 인사규정상 채용이 불가능한 경우",서류전형 > 직무과제 > 실무면접 > 최종합격
1190,장례지도사 현장 책임자,85,119,20260707,20260807,10,경력 5년 이상,계약직,서울특별시,석사 이상,"전문 중소기업에서 장례 절차와 유가족 응대를 지원하는 포지션을(를) 맡을 장례지도사를 모집합니다.

이번 포지션은 상담, 일정조율, 염습지원, 의전, 서류안내을 중심으로 운영 현장의 품질과 일정, 고객 경험을 함께 관리하는 역할입니다.

성과와 고객 만족을 함께 고려하며 실질적인 변화를 만드는 역할입니다.

유관 부서 및 외부 파트너와 업무 기준을 공유하고, 이슈 발생 시 원인을 정리해 재발 방지 방안을 실행합니다.

초기에는 담당 업무의 프로세스와 시스템을 익히고, 이후에는 담당 영역의 지표 개선과 운영 표준화까지 주도하게 됩니다.","• 상담, 일정조율, 염습지원, 의전, 서류안내 및 일일 운영 현황 관리
• 업무 일정·실적·품질 지표 점검 및 보고
• 관련 시스템과 문서의 정확한 입력·관리
• 고객·협력사·유관 부서 문의 대응 및 이슈 조율
• 업무 절차 개선과 운영 리스크 사전 점검
• 주요 이슈 원인 분석 및 후속 조치 관리
• 정기 회의 자료 작성과 진행 현황 공유
• 업무 매뉴얼 정비와 신규 구성원 온보딩 지원","• 장례 절차 이해와 공감 중심의 응대 관련 기본 지식 또는 실무 경험을 보유한 분
• 필수 자격·면허: 장례지도사 자격 보유자 또는 입사 전 취득 가능한 분
• 맡은 업무를 정확하게 기록하고 마감까지 책임질 수 있는 분
• 문서작성, 이메일, 스프레드시트 등 기본 업무도구 활용이 가능한 분
• 고객 및 유관 부서와 원활하게 소통하고 요청사항을 정리할 수 있는 분
• 예상하지 못한 상황에서도 우선순위를 판단해 대응할 수 있는 분
• 업무상 취급하는 자료와 고객 정보를 안전하게 관리할 수 있는 분
• 교대·주말·현장 근무가 포함될 수 있는 일정에 대응 가능한 분","• 장례지도사 또는 유사 직무 경력 보유자
• 직무 관련 자격·면허 보유자: 장례지도사 자격
• 직무 관련 자격·면허 보유자: 위생사 면허
• ERP, WMS, CRM, POS 등 직무 관련 시스템 사용 경험자
• 수치와 데이터를 활용한 실적 분석 경험자
• 다양한 이해관계자와 협업해 문제를 해결한 경험자
• 신규 프로세스 구축이나 업무 자동화 경험자","• 지원서 및 제출서류의 허위기재 또는 허위 제출
• 채용 과정에서 본인 확인이 불가능한 경우
• 채용검진 결과 업무 수행에 부적합하다고 판단되는 경우
• 해외여행 및 근무에 결격사유가 있는 경우
• 기타 회사 또는 기관의 인사규정상 채용이 불가능한 경우",서류전형 > 1차면접 > 2차면접 > 채용검진
1191,가사도우미 담당자,32,120,20260724,20260831,1,신입,무기계약직,광주광역시,학력무관,"성장 단계 스타트업에서 가정 내 청소·정리와 생활 지원을 제공하는 포지션을(를) 맡을 가사도우미를 모집합니다.

이번 포지션은 청소, 세탁, 정리정돈, 생활지원, 고객보고을 중심으로 운영 현장의 품질과 일정, 고객 경험을 함께 관리하는 역할입니다.

정확한 실행력과 협업을 바탕으로 안정적인 운영을 함께 만들어 갈 분을 찾습니다.

유관 부서 및 외부 파트너와 업무 기준을 공유하고, 이슈 발생 시 원인을 정리해 재발 방지 방안을 실행합니다.

초기에는 담당 업무의 프로세스와 시스템을 익히고, 이후에는 담당 영역의 지표 개선과 운영 표준화까지 주도하게 됩니다.","• 청소, 세탁, 정리정돈, 생활지원, 고객보고 및 일일 운영 현황 관리
• 업무 일정·실적·품질 지표 점검 및 보고
• 관련 시스템과 문서의 정확한 입력·관리
• 고객·협력사·유관 부서 문의 대응 및 이슈 조율
• 업무 절차 개선과 운영 리스크 사전 점검
• 주요 이슈 원인 분석 및 후속 조치 관리
• 정기 회의 자료 작성과 진행 현황 공유
• 현장 안전·보안·개인정보 보호 기준 준수","• 세심함과 개인정보 보호 의식 관련 기본 지식 또는 실무 경험을 보유한 분
• 필수 자격·면허: 가사관리사 자격 보유자 또는 입사 전 취득 가능한 분
• 맡은 업무를 정확하게 기록하고 마감까지 책임질 수 있는 분
• 문서작성, 이메일, 스프레드시트 등 기본 업무도구 활용이 가능한 분
• 고객 및 유관 부서와 원활하게 소통하고 요청사항을 정리할 수 있는 분
• 예상하지 못한 상황에서도 우선순위를 판단해 대응할 수 있는 분
• 업무상 취급하는 자료와 고객 정보를 안전하게 관리할 수 있는 분
• 직무 관련 교육을 꾸준히 이수하며 전문성을 높일 분","• 가사도우미 또는 유사 직무 경력 보유자
• 직무 관련 자격·면허 보유자: 가사관리사 자격
• 직무 관련 자격·면허 보유자: 요양보호사
• ERP, WMS, CRM, POS 등 직무 관련 시스템 사용 경험자
• 수치와 데이터를 활용한 실적 분석 경험자
• 다양한 이해관계자와 협업해 문제를 해결한 경험자
• 외국어 또는 관련 법규·안전 기준을 활용할 수 있는 분","• 지원서 및 제출서류의 허위기재 또는 허위 제출
• 채용 과정에서 본인 확인이 불가능한 경우
• 채용검진 결과 업무 수행에 부적합하다고 판단되는 경우
• 해외여행 및 근무에 결격사유가 있는 경우
• 기타 회사 또는 기관의 인사규정상 채용이 불가능한 경우",서류전형 > 실무면접 > 최종면접
1192,가사도우미 실무자,138,120,20260810,20260924,12,경력,기간제,경기도,전문학사 이상,"종합병원 운영조직에서 가정 내 청소·정리와 생활 지원을 제공하는 포지션을(를) 맡을 가사도우미를 모집합니다.

이번 포지션은 청소, 세탁, 정리정돈, 생활지원, 고객보고을 중심으로 운영 현장의 품질과 일정, 고객 경험을 함께 관리하는 역할입니다.

현장과 유관 부서의 요구를 연결하며 업무 품질을 높이는 역할입니다.

유관 부서 및 외부 파트너와 업무 기준을 공유하고, 이슈 발생 시 원인을 정리해 재발 방지 방안을 실행합니다.

초기에는 담당 업무의 프로세스와 시스템을 익히고, 이후에는 담당 영역의 지표 개선과 운영 표준화까지 주도하게 됩니다.","• 청소, 세탁, 정리정돈, 생활지원, 고객보고 및 일일 운영 현황 관리
• 업무 일정·실적·품질 지표 점검 및 보고
• 관련 시스템과 문서의 정확한 입력·관리
• 고객·협력사·유관 부서 문의 대응 및 이슈 조율
• 업무 절차 개선과 운영 리스크 사전 점검
• 주요 이슈 원인 분석 및 후속 조치 관리
• 정기 회의 자료 작성과 진행 현황 공유
• 업무 매뉴얼 정비와 신규 구성원 온보딩 지원","• 세심함과 개인정보 보호 의식 관련 기본 지식 또는 실무 경험을 보유한 분
• 필수 자격·면허: 가사관리사 자격 보유자 또는 입사 전 취득 가능한 분
• 맡은 업무를 정확하게 기록하고 마감까지 책임질 수 있는 분
• 문서작성, 이메일, 스프레드시트 등 기본 업무도구 활용이 가능한 분
• 고객 및 유관 부서와 원활하게 소통하고 요청사항을 정리할 수 있는 분
• 예상하지 못한 상황에서도 우선순위를 판단해 대응할 수 있는 분
• 업무상 취급하는 자료와 고객 정보를 안전하게 관리할 수 있는 분
• 직무 관련 교육을 꾸준히 이수하며 전문성을 높일 분","• 가사도우미 또는 유사 직무 경력 보유자
• 직무 관련 자격·면허 보유자: 가사관리사 자격
• 직무 관련 자격·면허 보유자: 요양보호사
• ERP, WMS, CRM, POS 등 직무 관련 시스템 사용 경험자
• 수치와 데이터를 활용한 실적 분석 경험자
• 다양한 이해관계자와 협업해 문제를 해결한 경험자
• 신규 프로세스 구축이나 업무 자동화 경험자","• 지원서 및 제출서류의 허위기재 또는 허위 제출
• 채용 과정에서 본인 확인이 불가능한 경우
• 채용검진 결과 업무 수행에 부적합하다고 판단되는 경우
• 해외여행 및 근무에 결격사유가 있는 경우
• 기타 회사 또는 기관의 인사규정상 채용이 불가능한 경우",서류전형 > 인성검사 > 실무면접 > 최종면접
1193,가사도우미 운영 매니저,143,120,20260827,20260912,3,신입·경력,정규직,충청남도,학사 이상,"대학 산학협력단에서 가정 내 청소·정리와 생활 지원을 제공하는 포지션을(를) 맡을 가사도우미를 모집합니다.

이번 포지션은 청소, 세탁, 정리정돈, 생활지원, 고객보고을 중심으로 운영 현장의 품질과 일정, 고객 경험을 함께 관리하는 역할입니다.

업무 기준을 준수하면서도 개선점을 주도적으로 제안할 수 있는 분을 기다립니다.

유관 부서 및 외부 파트너와 업무 기준을 공유하고, 이슈 발생 시 원인을 정리해 재발 방지 방안을 실행합니다.

초기에는 담당 업무의 프로세스와 시스템을 익히고, 이후에는 담당 영역의 지표 개선과 운영 표준화까지 주도하게 됩니다.","• 청소, 세탁, 정리정돈, 생활지원, 고객보고 및 일일 운영 현황 관리
• 업무 일정·실적·품질 지표 점검 및 보고
• 관련 시스템과 문서의 정확한 입력·관리
• 고객·협력사·유관 부서 문의 대응 및 이슈 조율
• 업무 절차 개선과 운영 리스크 사전 점검
• 주요 이슈 원인 분석 및 후속 조치 관리
• 정기 회의 자료 작성과 진행 현황 공유
• 현장 안전·보안·개인정보 보호 기준 준수","• 세심함과 개인정보 보호 의식 관련 기본 지식 또는 실무 경험을 보유한 분
• 필수 자격·면허: 가사관리사 자격 보유자 또는 입사 전 취득 가능한 분
• 맡은 업무를 정확하게 기록하고 마감까지 책임질 수 있는 분
• 문서작성, 이메일, 스프레드시트 등 기본 업무도구 활용이 가능한 분
• 고객 및 유관 부서와 원활하게 소통하고 요청사항을 정리할 수 있는 분
• 예상하지 못한 상황에서도 우선순위를 판단해 대응할 수 있는 분
• 업무상 취급하는 자료와 고객 정보를 안전하게 관리할 수 있는 분
• 교대·주말·현장 근무가 포함될 수 있는 일정에 대응 가능한 분","• 가사도우미 또는 유사 직무 경력 보유자
• 직무 관련 자격·면허 보유자: 가사관리사 자격
• 직무 관련 자격·면허 보유자: 요양보호사
• ERP, WMS, CRM, POS 등 직무 관련 시스템 사용 경험자
• 수치와 데이터를 활용한 실적 분석 경험자
• 다양한 이해관계자와 협업해 문제를 해결한 경험자
• 외국어 또는 관련 법규·안전 기준을 활용할 수 있는 분","• 지원서 및 제출서류의 허위기재 또는 허위 제출
• 채용 과정에서 본인 확인이 불가능한 경우
• 채용검진 결과 업무 수행에 부적합하다고 판단되는 경우
• 해외여행 및 근무에 결격사유가 있는 경우
• 기타 회사 또는 기관의 인사규정상 채용이 불가능한 경우",서류전형 > 직무과제 > 실무면접 > 최종합격
1194,가사도우미 전문 인력,151,120,20260913,20261006,14,경력 2년 이상,계약직,경상북도,석사 이상,"기업 부설 연구소에서 가정 내 청소·정리와 생활 지원을 제공하는 포지션을(를) 맡을 가사도우미를 모집합니다.

이번 포지션은 청소, 세탁, 정리정돈, 생활지원, 고객보고을 중심으로 운영 현장의 품질과 일정, 고객 경험을 함께 관리하는 역할입니다.

고객과 동료에게 신뢰를 주는 태도로 맡은 업무를 끝까지 책임지는 포지션입니다.

유관 부서 및 외부 파트너와 업무 기준을 공유하고, 이슈 발생 시 원인을 정리해 재발 방지 방안을 실행합니다.

초기에는 담당 업무의 프로세스와 시스템을 익히고, 이후에는 담당 영역의 지표 개선과 운영 표준화까지 주도하게 됩니다.","• 청소, 세탁, 정리정돈, 생활지원, 고객보고 및 일일 운영 현황 관리
• 업무 일정·실적·품질 지표 점검 및 보고
• 관련 시스템과 문서의 정확한 입력·관리
• 고객·협력사·유관 부서 문의 대응 및 이슈 조율
• 업무 절차 개선과 운영 리스크 사전 점검
• 주요 이슈 원인 분석 및 후속 조치 관리
• 정기 회의 자료 작성과 진행 현황 공유
• 업무 매뉴얼 정비와 신규 구성원 온보딩 지원","• 세심함과 개인정보 보호 의식 관련 기본 지식 또는 실무 경험을 보유한 분
• 필수 자격·면허: 가사관리사 자격 보유자 또는 입사 전 취득 가능한 분
• 맡은 업무를 정확하게 기록하고 마감까지 책임질 수 있는 분
• 문서작성, 이메일, 스프레드시트 등 기본 업무도구 활용이 가능한 분
• 고객 및 유관 부서와 원활하게 소통하고 요청사항을 정리할 수 있는 분
• 예상하지 못한 상황에서도 우선순위를 판단해 대응할 수 있는 분
• 업무상 취급하는 자료와 고객 정보를 안전하게 관리할 수 있는 분
• 직무 관련 교육을 꾸준히 이수하며 전문성을 높일 분","• 가사도우미 또는 유사 직무 경력 보유자
• 직무 관련 자격·면허 보유자: 가사관리사 자격
• 직무 관련 자격·면허 보유자: 요양보호사
• ERP, WMS, CRM, POS 등 직무 관련 시스템 사용 경험자
• 수치와 데이터를 활용한 실적 분석 경험자
• 다양한 이해관계자와 협업해 문제를 해결한 경험자
• 신규 프로세스 구축이나 업무 자동화 경험자","• 지원서 및 제출서류의 허위기재 또는 허위 제출
• 채용 과정에서 본인 확인이 불가능한 경우
• 채용검진 결과 업무 수행에 부적합하다고 판단되는 경우
• 해외여행 및 근무에 결격사유가 있는 경우
• 기타 회사 또는 기관의 인사규정상 채용이 불가능한 경우",서류전형 > 1차면접 > 2차면접 > 채용검진
1195,가사도우미 경력 채용,104,120,20260930,20261030,5,경력 3년 이상,무기계약직,서울특별시,박사 이상,"전문 협회에서 가정 내 청소·정리와 생활 지원을 제공하는 포지션을(를) 맡을 가사도우미를 모집합니다.

이번 포지션은 청소, 세탁, 정리정돈, 생활지원, 고객보고을 중심으로 운영 현장의 품질과 일정, 고객 경험을 함께 관리하는 역할입니다.

데이터와 현장 감각을 함께 활용해 반복 업무를 효율화하는 역할입니다.

유관 부서 및 외부 파트너와 업무 기준을 공유하고, 이슈 발생 시 원인을 정리해 재발 방지 방안을 실행합니다.

초기에는 담당 업무의 프로세스와 시스템을 익히고, 이후에는 담당 영역의 지표 개선과 운영 표준화까지 주도하게 됩니다.","• 청소, 세탁, 정리정돈, 생활지원, 고객보고 및 일일 운영 현황 관리
• 업무 일정·실적·품질 지표 점검 및 보고
• 관련 시스템과 문서의 정확한 입력·관리
• 고객·협력사·유관 부서 문의 대응 및 이슈 조율
• 업무 절차 개선과 운영 리스크 사전 점검
• 주요 이슈 원인 분석 및 후속 조치 관리
• 정기 회의 자료 작성과 진행 현황 공유
• 현장 안전·보안·개인정보 보호 기준 준수","• 세심함과 개인정보 보호 의식 관련 기본 지식 또는 실무 경험을 보유한 분
• 필수 자격·면허: 가사관리사 자격 보유자 또는 입사 전 취득 가능한 분
• 맡은 업무를 정확하게 기록하고 마감까지 책임질 수 있는 분
• 문서작성, 이메일, 스프레드시트 등 기본 업무도구 활용이 가능한 분
• 고객 및 유관 부서와 원활하게 소통하고 요청사항을 정리할 수 있는 분
• 예상하지 못한 상황에서도 우선순위를 판단해 대응할 수 있는 분
• 업무상 취급하는 자료와 고객 정보를 안전하게 관리할 수 있는 분
• 직무 관련 교육을 꾸준히 이수하며 전문성을 높일 분","• 가사도우미 또는 유사 직무 경력 보유자
• 직무 관련 자격·면허 보유자: 가사관리사 자격
• 직무 관련 자격·면허 보유자: 요양보호사
• ERP, WMS, CRM, POS 등 직무 관련 시스템 사용 경험자
• 수치와 데이터를 활용한 실적 분석 경험자
• 다양한 이해관계자와 협업해 문제를 해결한 경험자
• 외국어 또는 관련 법규·안전 기준을 활용할 수 있는 분","• 지원서 및 제출서류의 허위기재 또는 허위 제출
• 채용 과정에서 본인 확인이 불가능한 경우
• 채용검진 결과 업무 수행에 부적합하다고 판단되는 경우
• 해외여행 및 근무에 결격사유가 있는 경우
• 기타 회사 또는 기관의 인사규정상 채용이 불가능한 경우",서류전형 > 필기전형 > 면접전형 > 최종합격
1196,가사도우미 현장 책임자,8,120,20261017,20261123,16,경력 5년 이상,기간제,대전광역시,학력무관,"공공서비스 운영기관에서 가정 내 청소·정리와 생활 지원을 제공하는 포지션을(를) 맡을 가사도우미를 모집합니다.

이번 포지션은 청소, 세탁, 정리정돈, 생활지원, 고객보고을 중심으로 운영 현장의 품질과 일정, 고객 경험을 함께 관리하는 역할입니다.

정해진 절차를 지키되 상황에 맞게 유연하게 대응하는 실무자를 모집합니다.

유관 부서 및 외부 파트너와 업무 기준을 공유하고, 이슈 발생 시 원인을 정리해 재발 방지 방안을 실행합니다.

초기에는 담당 업무의 프로세스와 시스템을 익히고, 이후에는 담당 영역의 지표 개선과 운영 표준화까지 주도하게 됩니다.","• 청소, 세탁, 정리정돈, 생활지원, 고객보고 및 일일 운영 현황 관리
• 업무 일정·실적·품질 지표 점검 및 보고
• 관련 시스템과 문서의 정확한 입력·관리
• 고객·협력사·유관 부서 문의 대응 및 이슈 조율
• 업무 절차 개선과 운영 리스크 사전 점검
• 주요 이슈 원인 분석 및 후속 조치 관리
• 정기 회의 자료 작성과 진행 현황 공유
• 업무 매뉴얼 정비와 신규 구성원 온보딩 지원","• 세심함과 개인정보 보호 의식 관련 기본 지식 또는 실무 경험을 보유한 분
• 필수 자격·면허: 가사관리사 자격 보유자 또는 입사 전 취득 가능한 분
• 맡은 업무를 정확하게 기록하고 마감까지 책임질 수 있는 분
• 문서작성, 이메일, 스프레드시트 등 기본 업무도구 활용이 가능한 분
• 고객 및 유관 부서와 원활하게 소통하고 요청사항을 정리할 수 있는 분
• 예상하지 못한 상황에서도 우선순위를 판단해 대응할 수 있는 분
• 업무상 취급하는 자료와 고객 정보를 안전하게 관리할 수 있는 분
• 교대·주말·현장 근무가 포함될 수 있는 일정에 대응 가능한 분","• 가사도우미 또는 유사 직무 경력 보유자
• 직무 관련 자격·면허 보유자: 가사관리사 자격
• 직무 관련 자격·면허 보유자: 요양보호사
• ERP, WMS, CRM, POS 등 직무 관련 시스템 사용 경험자
• 수치와 데이터를 활용한 실적 분석 경험자
• 다양한 이해관계자와 협업해 문제를 해결한 경험자
• 신규 프로세스 구축이나 업무 자동화 경험자","• 지원서 및 제출서류의 허위기재 또는 허위 제출
• 채용 과정에서 본인 확인이 불가능한 경우
• 채용검진 결과 업무 수행에 부적합하다고 판단되는 경우
• 해외여행 및 근무에 결격사유가 있는 경우
• 기타 회사 또는 기관의 인사규정상 채용이 불가능한 경우",서류전형 > 실무면접 > 최종면접
1197,가사도우미 서비스 담당,28,120,20261103,20261217,7,경력 무관,정규직,세종특별자치시,전문학사 이상,"대기업 사업부에서 가정 내 청소·정리와 생활 지원을 제공하는 포지션을(를) 맡을 가사도우미를 모집합니다.

이번 포지션은 청소, 세탁, 정리정돈, 생활지원, 고객보고을 중심으로 운영 현장의 품질과 일정, 고객 경험을 함께 관리하는 역할입니다.

부서 간 원활한 소통으로 일정과 품질을 안정적으로 관리하는 직무입니다.

유관 부서 및 외부 파트너와 업무 기준을 공유하고, 이슈 발생 시 원인을 정리해 재발 방지 방안을 실행합니다.

초기에는 담당 업무의 프로세스와 시스템을 익히고, 이후에는 담당 영역의 지표 개선과 운영 표준화까지 주도하게 됩니다.","• 청소, 세탁, 정리정돈, 생활지원, 고객보고 및 일일 운영 현황 관리
• 업무 일정·실적·품질 지표 점검 및 보고
• 관련 시스템과 문서의 정확한 입력·관리
• 고객·협력사·유관 부서 문의 대응 및 이슈 조율
• 업무 절차 개선과 운영 리스크 사전 점검
• 주요 이슈 원인 분석 및 후속 조치 관리
• 정기 회의 자료 작성과 진행 현황 공유
• 현장 안전·보안·개인정보 보호 기준 준수","• 세심함과 개인정보 보호 의식 관련 기본 지식 또는 실무 경험을 보유한 분
• 필수 자격·면허: 가사관리사 자격 보유자 또는 입사 전 취득 가능한 분
• 맡은 업무를 정확하게 기록하고 마감까지 책임질 수 있는 분
• 문서작성, 이메일, 스프레드시트 등 기본 업무도구 활용이 가능한 분
• 고객 및 유관 부서와 원활하게 소통하고 요청사항을 정리할 수 있는 분
• 예상하지 못한 상황에서도 우선순위를 판단해 대응할 수 있는 분
• 업무상 취급하는 자료와 고객 정보를 안전하게 관리할 수 있는 분
• 직무 관련 교육을 꾸준히 이수하며 전문성을 높일 분","• 가사도우미 또는 유사 직무 경력 보유자
• 직무 관련 자격·면허 보유자: 가사관리사 자격
• 직무 관련 자격·면허 보유자: 요양보호사
• ERP, WMS, CRM, POS 등 직무 관련 시스템 사용 경험자
• 수치와 데이터를 활용한 실적 분석 경험자
• 다양한 이해관계자와 협업해 문제를 해결한 경험자
• 외국어 또는 관련 법규·안전 기준을 활용할 수 있는 분","• 지원서 및 제출서류의 허위기재 또는 허위 제출
• 채용 과정에서 본인 확인이 불가능한 경우
• 채용검진 결과 업무 수행에 부적합하다고 판단되는 경우
• 해외여행 및 근무에 결격사유가 있는 경우
• 기타 회사 또는 기관의 인사규정상 채용이 불가능한 경우",서류전형 > 인성검사 > 실무면접 > 최종면접
1198,가사도우미 담당자,5,120,20261120,20261205,18,신입,계약직,충청북도,학사 이상,"중견 제조기업에서 가정 내 청소·정리와 생활 지원을 제공하는 포지션을(를) 맡을 가사도우미를 모집합니다.

이번 포지션은 청소, 세탁, 정리정돈, 생활지원, 고객보고을 중심으로 운영 현장의 품질과 일정, 고객 경험을 함께 관리하는 역할입니다.

서비스 품질과 안전을 우선하며 꾸준히 전문성을 쌓을 수 있는 포지션입니다.

유관 부서 및 외부 파트너와 업무 기준을 공유하고, 이슈 발생 시 원인을 정리해 재발 방지 방안을 실행합니다.

초기에는 담당 업무의 프로세스와 시스템을 익히고, 이후에는 담당 영역의 지표 개선과 운영 표준화까지 주도하게 됩니다.","• 청소, 세탁, 정리정돈, 생활지원, 고객보고 및 일일 운영 현황 관리
• 업무 일정·실적·품질 지표 점검 및 보고
• 관련 시스템과 문서의 정확한 입력·관리
• 고객·협력사·유관 부서 문의 대응 및 이슈 조율
• 업무 절차 개선과 운영 리스크 사전 점검
• 주요 이슈 원인 분석 및 후속 조치 관리
• 정기 회의 자료 작성과 진행 현황 공유
• 업무 매뉴얼 정비와 신규 구성원 온보딩 지원","• 세심함과 개인정보 보호 의식 관련 기본 지식 또는 실무 경험을 보유한 분
• 필수 자격·면허: 가사관리사 자격 보유자 또는 입사 전 취득 가능한 분
• 맡은 업무를 정확하게 기록하고 마감까지 책임질 수 있는 분
• 문서작성, 이메일, 스프레드시트 등 기본 업무도구 활용이 가능한 분
• 고객 및 유관 부서와 원활하게 소통하고 요청사항을 정리할 수 있는 분
• 예상하지 못한 상황에서도 우선순위를 판단해 대응할 수 있는 분
• 업무상 취급하는 자료와 고객 정보를 안전하게 관리할 수 있는 분
• 직무 관련 교육을 꾸준히 이수하며 전문성을 높일 분","• 가사도우미 또는 유사 직무 경력 보유자
• 직무 관련 자격·면허 보유자: 가사관리사 자격
• 직무 관련 자격·면허 보유자: 요양보호사
• ERP, WMS, CRM, POS 등 직무 관련 시스템 사용 경험자
• 수치와 데이터를 활용한 실적 분석 경험자
• 다양한 이해관계자와 협업해 문제를 해결한 경험자
• 신규 프로세스 구축이나 업무 자동화 경험자","• 지원서 및 제출서류의 허위기재 또는 허위 제출
• 채용 과정에서 본인 확인이 불가능한 경우
• 채용검진 결과 업무 수행에 부적합하다고 판단되는 경우
• 해외여행 및 근무에 결격사유가 있는 경우
• 기타 회사 또는 기관의 인사규정상 채용이 불가능한 경우",서류전형 > 직무과제 > 실무면접 > 최종합격
1199,가사도우미 실무자,34,120,20261207,20261229,9,경력,무기계약직,전라남도,석사 이상,"전문 중소기업에서 가정 내 청소·정리와 생활 지원을 제공하는 포지션을(를) 맡을 가사도우미를 모집합니다.

이번 포지션은 청소, 세탁, 정리정돈, 생활지원, 고객보고을 중심으로 운영 현장의 품질과 일정, 고객 경험을 함께 관리하는 역할입니다.

기본기를 바탕으로 새로운 업무를 빠르게 익히고 실행할 분을 모십니다.

유관 부서 및 외부 파트너와 업무 기준을 공유하고, 이슈 발생 시 원인을 정리해 재발 방지 방안을 실행합니다.

초기에는 담당 업무의 프로세스와 시스템을 익히고, 이후에는 담당 영역의 지표 개선과 운영 표준화까지 주도하게 됩니다.","• 청소, 세탁, 정리정돈, 생활지원, 고객보고 및 일일 운영 현황 관리
• 업무 일정·실적·품질 지표 점검 및 보고
• 관련 시스템과 문서의 정확한 입력·관리
• 고객·협력사·유관 부서 문의 대응 및 이슈 조율
• 업무 절차 개선과 운영 리스크 사전 점검
• 주요 이슈 원인 분석 및 후속 조치 관리
• 정기 회의 자료 작성과 진행 현황 공유
• 현장 안전·보안·개인정보 보호 기준 준수","• 세심함과 개인정보 보호 의식 관련 기본 지식 또는 실무 경험을 보유한 분
• 필수 자격·면허: 가사관리사 자격 보유자 또는 입사 전 취득 가능한 분
• 맡은 업무를 정확하게 기록하고 마감까지 책임질 수 있는 분
• 문서작성, 이메일, 스프레드시트 등 기본 업무도구 활용이 가능한 분
• 고객 및 유관 부서와 원활하게 소통하고 요청사항을 정리할 수 있는 분
• 예상하지 못한 상황에서도 우선순위를 판단해 대응할 수 있는 분
• 업무상 취급하는 자료와 고객 정보를 안전하게 관리할 수 있는 분
• 교대·주말·현장 근무가 포함될 수 있는 일정에 대응 가능한 분","• 가사도우미 또는 유사 직무 경력 보유자
• 직무 관련 자격·면허 보유자: 가사관리사 자격
• 직무 관련 자격·면허 보유자: 요양보호사
• ERP, WMS, CRM, POS 등 직무 관련 시스템 사용 경험자
• 수치와 데이터를 활용한 실적 분석 경험자
• 다양한 이해관계자와 협업해 문제를 해결한 경험자
• 외국어 또는 관련 법규·안전 기준을 활용할 수 있는 분","• 지원서 및 제출서류의 허위기재 또는 허위 제출
• 채용 과정에서 본인 확인이 불가능한 경우
• 채용검진 결과 업무 수행에 부적합하다고 판단되는 경우
• 해외여행 및 근무에 결격사유가 있는 경우
• 기타 회사 또는 기관의 인사규정상 채용이 불가능한 경우",서류전형 > 1차면접 > 2차면접 > 채용검진
1200,가사도우미 운영 매니저,145,120,20260113,20260211,20,신입·경력,기간제,제주특별자치도,박사 이상,"성장 단계 스타트업에서 가정 내 청소·정리와 생활 지원을 제공하는 포지션을(를) 맡을 가사도우미를 모집합니다.

이번 포지션은 청소, 세탁, 정리정돈, 생활지원, 고객보고을 중심으로 운영 현장의 품질과 일정, 고객 경험을 함께 관리하는 역할입니다.

성과와 고객 만족을 함께 고려하며 실질적인 변화를 만드는 역할입니다.

유관 부서 및 외부 파트너와 업무 기준을 공유하고, 이슈 발생 시 원인을 정리해 재발 방지 방안을 실행합니다.

초기에는 담당 업무의 프로세스와 시스템을 익히고, 이후에는 담당 영역의 지표 개선과 운영 표준화까지 주도하게 됩니다.","• 청소, 세탁, 정리정돈, 생활지원, 고객보고 및 일일 운영 현황 관리
• 업무 일정·실적·품질 지표 점검 및 보고
• 관련 시스템과 문서의 정확한 입력·관리
• 고객·협력사·유관 부서 문의 대응 및 이슈 조율
• 업무 절차 개선과 운영 리스크 사전 점검
• 주요 이슈 원인 분석 및 후속 조치 관리
• 정기 회의 자료 작성과 진행 현황 공유
• 업무 매뉴얼 정비와 신규 구성원 온보딩 지원","• 세심함과 개인정보 보호 의식 관련 기본 지식 또는 실무 경험을 보유한 분
• 필수 자격·면허: 가사관리사 자격 보유자 또는 입사 전 취득 가능한 분
• 맡은 업무를 정확하게 기록하고 마감까지 책임질 수 있는 분
• 문서작성, 이메일, 스프레드시트 등 기본 업무도구 활용이 가능한 분
• 고객 및 유관 부서와 원활하게 소통하고 요청사항을 정리할 수 있는 분
• 예상하지 못한 상황에서도 우선순위를 판단해 대응할 수 있는 분
• 업무상 취급하는 자료와 고객 정보를 안전하게 관리할 수 있는 분
• 직무 관련 교육을 꾸준히 이수하며 전문성을 높일 분","• 가사도우미 또는 유사 직무 경력 보유자
• 직무 관련 자격·면허 보유자: 가사관리사 자격
• 직무 관련 자격·면허 보유자: 요양보호사
• ERP, WMS, CRM, POS 등 직무 관련 시스템 사용 경험자
• 수치와 데이터를 활용한 실적 분석 경험자
• 다양한 이해관계자와 협업해 문제를 해결한 경험자
• 신규 프로세스 구축이나 업무 자동화 경험자","• 지원서 및 제출서류의 허위기재 또는 허위 제출
• 채용 과정에서 본인 확인이 불가능한 경우
• 채용검진 결과 업무 수행에 부적합하다고 판단되는 경우
• 해외여행 및 근무에 결격사유가 있는 경우
• 기타 회사 또는 기관의 인사규정상 채용이 불가능한 경우",서류전형 > 필기전형 > 면접전형 > 최종합격
1201,승무원 경력 채용,154,121,20260130,20260307,11,경력 3년 이상,정규직,대전광역시,전문학사 이상,"종합병원 운영조직에서 운항 중 승객 안전과 기내 서비스를 담당하는 포지션을(를) 맡을 승무원를 모집합니다.

이번 포지션은 안전시연, 객실점검, 기내서비스, 응급대응, 보고을 중심으로 운영 현장의 품질과 일정, 고객 경험을 함께 관리하는 역할입니다.

정확한 실행력과 협업을 바탕으로 안정적인 운영을 함께 만들어 갈 분을 찾습니다.

유관 부서 및 외부 파트너와 업무 기준을 공유하고, 이슈 발생 시 원인을 정리해 재발 방지 방안을 실행합니다.

초기에는 담당 업무의 프로세스와 시스템을 익히고, 이후에는 담당 영역의 지표 개선과 운영 표준화까지 주도하게 됩니다.","• 안전시연, 객실점검, 기내서비스, 응급대응, 보고 및 일일 운영 현황 관리
• 업무 일정·실적·품질 지표 점검 및 보고
• 관련 시스템과 문서의 정확한 입력·관리
• 고객·협력사·유관 부서 문의 대응 및 이슈 조율
• 업무 절차 개선과 운영 리스크 사전 점검
• 주요 이슈 원인 분석 및 후속 조치 관리
• 정기 회의 자료 작성과 진행 현황 공유
• 현장 안전·보안·개인정보 보호 기준 준수","• 서비스 역량과 항공 안전 절차 이해 관련 기본 지식 또는 실무 경험을 보유한 분
• 필수 자격·면허: 항공종사자 건강진단증명 보유자 또는 입사 전 취득 가능한 분
• 맡은 업무를 정확하게 기록하고 마감까지 책임질 수 있는 분
• 문서작성, 이메일, 스프레드시트 등 기본 업무도구 활용이 가능한 분
• 고객 및 유관 부서와 원활하게 소통하고 요청사항을 정리할 수 있는 분
• 예상하지 못한 상황에서도 우선순위를 판단해 대응할 수 있는 분
• 업무상 취급하는 자료와 고객 정보를 안전하게 관리할 수 있는 분
• 직무 관련 교육을 꾸준히 이수하며 전문성을 높일 분","• 승무원 또는 유사 직무 경력 보유자
• 직무 관련 자격·면허 보유자: 항공종사자 건강진단증명
• 직무 관련 자격·면허 보유자: 응급처치 교육 수료증
• ERP, WMS, CRM, POS 등 직무 관련 시스템 사용 경험자
• 수치와 데이터를 활용한 실적 분석 경험자
• 다양한 이해관계자와 협업해 문제를 해결한 경험자
• 외국어 또는 관련 법규·안전 기준을 활용할 수 있는 분","• 지원서 및 제출서류의 허위기재 또는 허위 제출
• 채용 과정에서 본인 확인이 불가능한 경우
• 채용검진 결과 업무 수행에 부적합하다고 판단되는 경우
• 해외여행 및 근무에 결격사유가 있는 경우
• 기타 회사 또는 기관의 인사규정상 채용이 불가능한 경우",서류전형 > 인성검사 > 실무면접 > 최종면접
1202,승무원 현장 책임자,78,121,20260216,20260331,2,경력 5년 이상,계약직,세종특별자치시,학사 이상,"대학 산학협력단에서 운항 중 승객 안전과 기내 서비스를 담당하는 포지션을(를) 맡을 승무원를 모집합니다.

이번 포지션은 안전시연, 객실점검, 기내서비스, 응급대응, 보고을 중심으로 운영 현장의 품질과 일정, 고객 경험을 함께 관리하는 역할입니다.

현장과 유관 부서의 요구를 연결하며 업무 품질을 높이는 역할입니다.

유관 부서 및 외부 파트너와 업무 기준을 공유하고, 이슈 발생 시 원인을 정리해 재발 방지 방안을 실행합니다.

초기에는 담당 업무의 프로세스와 시스템을 익히고, 이후에는 담당 영역의 지표 개선과 운영 표준화까지 주도하게 됩니다.","• 안전시연, 객실점검, 기내서비스, 응급대응, 보고 및 일일 운영 현황 관리
• 업무 일정·실적·품질 지표 점검 및 보고
• 관련 시스템과 문서의 정확한 입력·관리
• 고객·협력사·유관 부서 문의 대응 및 이슈 조율
• 업무 절차 개선과 운영 리스크 사전 점검
• 주요 이슈 원인 분석 및 후속 조치 관리
• 정기 회의 자료 작성과 진행 현황 공유
• 업무 매뉴얼 정비와 신규 구성원 온보딩 지원","• 서비스 역량과 항공 안전 절차 이해 관련 기본 지식 또는 실무 경험을 보유한 분
• 필수 자격·면허: 항공종사자 건강진단증명 보유자 또는 입사 전 취득 가능한 분
• 맡은 업무를 정확하게 기록하고 마감까지 책임질 수 있는 분
• 문서작성, 이메일, 스프레드시트 등 기본 업무도구 활용이 가능한 분
• 고객 및 유관 부서와 원활하게 소통하고 요청사항을 정리할 수 있는 분
• 예상하지 못한 상황에서도 우선순위를 판단해 대응할 수 있는 분
• 업무상 취급하는 자료와 고객 정보를 안전하게 관리할 수 있는 분
• 교대·주말·현장 근무가 포함될 수 있는 일정에 대응 가능한 분","• 승무원 또는 유사 직무 경력 보유자
• 직무 관련 자격·면허 보유자: 항공종사자 건강진단증명
• 직무 관련 자격·면허 보유자: 응급처치 교육 수료증
• ERP, WMS, CRM, POS 등 직무 관련 시스템 사용 경험자
• 수치와 데이터를 활용한 실적 분석 경험자
• 다양한 이해관계자와 협업해 문제를 해결한 경험자
• 신규 프로세스 구축이나 업무 자동화 경험자","• 지원서 및 제출서류의 허위기재 또는 허위 제출
• 채용 과정에서 본인 확인이 불가능한 경우
• 채용검진 결과 업무 수행에 부적합하다고 판단되는 경우
• 해외여행 및 근무에 결격사유가 있는 경우
• 기타 회사 또는 기관의 인사규정상 채용이 불가능한 경우",서류전형 > 직무과제 > 실무면접 > 최종합격
1203,승무원 서비스 담당,53,121,20260305,20260319,13,경력 무관,무기계약직,충청북도,석사 이상,"기업 부설 연구소에서 운항 중 승객 안전과 기내 서비스를 담당하는 포지션을(를) 맡을 승무원를 모집합니다.

이번 포지션은 안전시연, 객실점검, 기내서비스, 응급대응, 보고을 중심으로 운영 현장의 품질과 일정, 고객 경험을 함께 관리하는 역할입니다.

업무 기준을 준수하면서도 개선점을 주도적으로 제안할 수 있는 분을 기다립니다.

유관 부서 및 외부 파트너와 업무 기준을 공유하고, 이슈 발생 시 원인을 정리해 재발 방지 방안을 실행합니다.

초기에는 담당 업무의 프로세스와 시스템을 익히고, 이후에는 담당 영역의 지표 개선과 운영 표준화까지 주도하게 됩니다.","• 안전시연, 객실점검, 기내서비스, 응급대응, 보고 및 일일 운영 현황 관리
• 업무 일정·실적·품질 지표 점검 및 보고
• 관련 시스템과 문서의 정확한 입력·관리
• 고객·협력사·유관 부서 문의 대응 및 이슈 조율
• 업무 절차 개선과 운영 리스크 사전 점검
• 주요 이슈 원인 분석 및 후속 조치 관리
• 정기 회의 자료 작성과 진행 현황 공유
• 현장 안전·보안·개인정보 보호 기준 준수","• 서비스 역량과 항공 안전 절차 이해 관련 기본 지식 또는 실무 경험을 보유한 분
• 필수 자격·면허: 항공종사자 건강진단증명 보유자 또는 입사 전 취득 가능한 분
• 맡은 업무를 정확하게 기록하고 마감까지 책임질 수 있는 분
• 문서작성, 이메일, 스프레드시트 등 기본 업무도구 활용이 가능한 분
• 고객 및 유관 부서와 원활하게 소통하고 요청사항을 정리할 수 있는 분
• 예상하지 못한 상황에서도 우선순위를 판단해 대응할 수 있는 분
• 업무상 취급하는 자료와 고객 정보를 안전하게 관리할 수 있는 분
• 직무 관련 교육을 꾸준히 이수하며 전문성을 높일 분","• 승무원 또는 유사 직무 경력 보유자
• 직무 관련 자격·면허 보유자: 항공종사자 건강진단증명
• 직무 관련 자격·면허 보유자: 응급처치 교육 수료증
• ERP, WMS, CRM, POS 등 직무 관련 시스템 사용 경험자
• 수치와 데이터를 활용한 실적 분석 경험자
• 다양한 이해관계자와 협업해 문제를 해결한 경험자
• 외국어 또는 관련 법규·안전 기준을 활용할 수 있는 분","• 지원서 및 제출서류의 허위기재 또는 허위 제출
• 채용 과정에서 본인 확인이 불가능한 경우
• 채용검진 결과 업무 수행에 부적합하다고 판단되는 경우
• 해외여행 및 근무에 결격사유가 있는 경우
• 기타 회사 또는 기관의 인사규정상 채용이 불가능한 경우",서류전형 > 1차면접 > 2차면접 > 채용검진
1204,승무원 담당자,105,121,20260322,20260412,4,신입,기간제,전라남도,박사 이상,"전문 협회에서 운항 중 승객 안전과 기내 서비스를 담당하는 포지션을(를) 맡을 승무원를 모집합니다.

이번 포지션은 안전시연, 객실점검, 기내서비스, 응급대응, 보고을 중심으로 운영 현장의 품질과 일정, 고객 경험을 함께 관리하는 역할입니다.

고객과 동료에게 신뢰를 주는 태도로 맡은 업무를 끝까지 책임지는 포지션입니다.

유관 부서 및 외부 파트너와 업무 기준을 공유하고, 이슈 발생 시 원인을 정리해 재발 방지 방안을 실행합니다.

초기에는 담당 업무의 프로세스와 시스템을 익히고, 이후에는 담당 영역의 지표 개선과 운영 표준화까지 주도하게 됩니다.","• 안전시연, 객실점검, 기내서비스, 응급대응, 보고 및 일일 운영 현황 관리
• 업무 일정·실적·품질 지표 점검 및 보고
• 관련 시스템과 문서의 정확한 입력·관리
• 고객·협력사·유관 부서 문의 대응 및 이슈 조율
• 업무 절차 개선과 운영 리스크 사전 점검
• 주요 이슈 원인 분석 및 후속 조치 관리
• 정기 회의 자료 작성과 진행 현황 공유
• 업무 매뉴얼 정비와 신규 구성원 온보딩 지원","• 서비스 역량과 항공 안전 절차 이해 관련 기본 지식 또는 실무 경험을 보유한 분
• 필수 자격·면허: 항공종사자 건강진단증명 보유자 또는 입사 전 취득 가능한 분
• 맡은 업무를 정확하게 기록하고 마감까지 책임질 수 있는 분
• 문서작성, 이메일, 스프레드시트 등 기본 업무도구 활용이 가능한 분
• 고객 및 유관 부서와 원활하게 소통하고 요청사항을 정리할 수 있는 분
• 예상하지 못한 상황에서도 우선순위를 판단해 대응할 수 있는 분
• 업무상 취급하는 자료와 고객 정보를 안전하게 관리할 수 있는 분
• 직무 관련 교육을 꾸준히 이수하며 전문성을 높일 분","• 승무원 또는 유사 직무 경력 보유자
• 직무 관련 자격·면허 보유자: 항공종사자 건강진단증명
• 직무 관련 자격·면허 보유자: 응급처치 교육 수료증
• ERP, WMS, CRM, POS 등 직무 관련 시스템 사용 경험자
• 수치와 데이터를 활용한 실적 분석 경험자
• 다양한 이해관계자와 협업해 문제를 해결한 경험자
• 신규 프로세스 구축이나 업무 자동화 경험자","• 지원서 및 제출서류의 허위기재 또는 허위 제출
• 채용 과정에서 본인 확인이 불가능한 경우
• 채용검진 결과 업무 수행에 부적합하다고 판단되는 경우
• 해외여행 및 근무에 결격사유가 있는 경우
• 기타 회사 또는 기관의 인사규정상 채용이 불가능한 경우",서류전형 > 필기전형 > 면접전형 > 최종합격
1205,승무원 실무자,119,121,20260408,20260506,15,경력,정규직,제주특별자치도,학력무관,"공공서비스 운영기관에서 운항 중 승객 안전과 기내 서비스를 담당하는 포지션을(를) 맡을 승무원를 모집합니다.

이번 포지션은 안전시연, 객실점검, 기내서비스, 응급대응, 보고을 중심으로 운영 현장의 품질과 일정, 고객 경험을 함께 관리하는 역할입니다.

데이터와 현장 감각을 함께 활용해 반복 업무를 효율화하는 역할입니다.

유관 부서 및 외부 파트너와 업무 기준을 공유하고, 이슈 발생 시 원인을 정리해 재발 방지 방안을 실행합니다.

초기에는 담당 업무의 프로세스와 시스템을 익히고, 이후에는 담당 영역의 지표 개선과 운영 표준화까지 주도하게 됩니다.","• 안전시연, 객실점검, 기내서비스, 응급대응, 보고 및 일일 운영 현황 관리
• 업무 일정·실적·품질 지표 점검 및 보고
• 관련 시스템과 문서의 정확한 입력·관리
• 고객·협력사·유관 부서 문의 대응 및 이슈 조율
• 업무 절차 개선과 운영 리스크 사전 점검
• 주요 이슈 원인 분석 및 후속 조치 관리
• 정기 회의 자료 작성과 진행 현황 공유
• 현장 안전·보안·개인정보 보호 기준 준수","• 서비스 역량과 항공 안전 절차 이해 관련 기본 지식 또는 실무 경험을 보유한 분
• 필수 자격·면허: 항공종사자 건강진단증명 보유자 또는 입사 전 취득 가능한 분
• 맡은 업무를 정확하게 기록하고 마감까지 책임질 수 있는 분
• 문서작성, 이메일, 스프레드시트 등 기본 업무도구 활용이 가능한 분
• 고객 및 유관 부서와 원활하게 소통하고 요청사항을 정리할 수 있는 분
• 예상하지 못한 상황에서도 우선순위를 판단해 대응할 수 있는 분
• 업무상 취급하는 자료와 고객 정보를 안전하게 관리할 수 있는 분
• 교대·주말·현장 근무가 포함될 수 있는 일정에 대응 가능한 분","• 승무원 또는 유사 직무 경력 보유자
• 직무 관련 자격·면허 보유자: 항공종사자 건강진단증명
• 직무 관련 자격·면허 보유자: 응급처치 교육 수료증
• ERP, WMS, CRM, POS 등 직무 관련 시스템 사용 경험자
• 수치와 데이터를 활용한 실적 분석 경험자
• 다양한 이해관계자와 협업해 문제를 해결한 경험자
• 외국어 또는 관련 법규·안전 기준을 활용할 수 있는 분","• 지원서 및 제출서류의 허위기재 또는 허위 제출
• 채용 과정에서 본인 확인이 불가능한 경우
• 채용검진 결과 업무 수행에 부적합하다고 판단되는 경우
• 해외여행 및 근무에 결격사유가 있는 경우
• 기타 회사 또는 기관의 인사규정상 채용이 불가능한 경우",서류전형 > 실무면접 > 최종면접
1206,승무원 운영 매니저,112,121,20260425,20260530,6,신입·경력,계약직,인천광역시,전문학사 이상,"대기업 사업부에서 운항 중 승객 안전과 기내 서비스를 담당하는 포지션을(를) 맡을 승무원를 모집합니다.

이번 포지션은 안전시연, 객실점검, 기내서비스, 응급대응, 보고을 중심으로 운영 현장의 품질과 일정, 고객 경험을 함께 관리하는 역할입니다.

정해진 절차를 지키되 상황에 맞게 유연하게 대응하는 실무자를 모집합니다.

유관 부서 및 외부 파트너와 업무 기준을 공유하고, 이슈 발생 시 원인을 정리해 재발 방지 방안을 실행합니다.

초기에는 담당 업무의 프로세스와 시스템을 익히고, 이후에는 담당 영역의 지표 개선과 운영 표준화까지 주도하게 됩니다.","• 안전시연, 객실점검, 기내서비스, 응급대응, 보고 및 일일 운영 현황 관리
• 업무 일정·실적·품질 지표 점검 및 보고
• 관련 시스템과 문서의 정확한 입력·관리
• 고객·협력사·유관 부서 문의 대응 및 이슈 조율
• 업무 절차 개선과 운영 리스크 사전 점검
• 주요 이슈 원인 분석 및 후속 조치 관리
• 정기 회의 자료 작성과 진행 현황 공유
• 업무 매뉴얼 정비와 신규 구성원 온보딩 지원","• 서비스 역량과 항공 안전 절차 이해 관련 기본 지식 또는 실무 경험을 보유한 분
• 필수 자격·면허: 항공종사자 건강진단증명 보유자 또는 입사 전 취득 가능한 분
• 맡은 업무를 정확하게 기록하고 마감까지 책임질 수 있는 분
• 문서작성, 이메일, 스프레드시트 등 기본 업무도구 활용이 가능한 분
• 고객 및 유관 부서와 원활하게 소통하고 요청사항을 정리할 수 있는 분
• 예상하지 못한 상황에서도 우선순위를 판단해 대응할 수 있는 분
• 업무상 취급하는 자료와 고객 정보를 안전하게 관리할 수 있는 분
• 직무 관련 교육을 꾸준히 이수하며 전문성을 높일 분","• 승무원 또는 유사 직무 경력 보유자
• 직무 관련 자격·면허 보유자: 항공종사자 건강진단증명
• 직무 관련 자격·면허 보유자: 응급처치 교육 수료증
• ERP, WMS, CRM, POS 등 직무 관련 시스템 사용 경험자
• 수치와 데이터를 활용한 실적 분석 경험자
• 다양한 이해관계자와 협업해 문제를 해결한 경험자
• 신규 프로세스 구축이나 업무 자동화 경험자","• 지원서 및 제출서류의 허위기재 또는 허위 제출
• 채용 과정에서 본인 확인이 불가능한 경우
• 채용검진 결과 업무 수행에 부적합하다고 판단되는 경우
• 해외여행 및 근무에 결격사유가 있는 경우
• 기타 회사 또는 기관의 인사규정상 채용이 불가능한 경우",서류전형 > 인성검사 > 실무면접 > 최종면접
1207,승무원 전문 인력,40,121,20260512,20260623,17,경력 2년 이상,무기계약직,울산광역시,학사 이상,"중견 제조기업에서 운항 중 승객 안전과 기내 서비스를 담당하는 포지션을(를) 맡을 승무원를 모집합니다.

이번 포지션은 안전시연, 객실점검, 기내서비스, 응급대응, 보고을 중심으로 운영 현장의 품질과 일정, 고객 경험을 함께 관리하는 역할입니다.

부서 간 원활한 소통으로 일정과 품질을 안정적으로 관리하는 직무입니다.

유관 부서 및 외부 파트너와 업무 기준을 공유하고, 이슈 발생 시 원인을 정리해 재발 방지 방안을 실행합니다.

초기에는 담당 업무의 프로세스와 시스템을 익히고, 이후에는 담당 영역의 지표 개선과 운영 표준화까지 주도하게 됩니다.","• 안전시연, 객실점검, 기내서비스, 응급대응, 보고 및 일일 운영 현황 관리
• 업무 일정·실적·품질 지표 점검 및 보고
• 관련 시스템과 문서의 정확한 입력·관리
• 고객·협력사·유관 부서 문의 대응 및 이슈 조율
• 업무 절차 개선과 운영 리스크 사전 점검
• 주요 이슈 원인 분석 및 후속 조치 관리
• 정기 회의 자료 작성과 진행 현황 공유
• 현장 안전·보안·개인정보 보호 기준 준수","• 서비스 역량과 항공 안전 절차 이해 관련 기본 지식 또는 실무 경험을 보유한 분
• 필수 자격·면허: 항공종사자 건강진단증명 보유자 또는 입사 전 취득 가능한 분
• 맡은 업무를 정확하게 기록하고 마감까지 책임질 수 있는 분
• 문서작성, 이메일, 스프레드시트 등 기본 업무도구 활용이 가능한 분
• 고객 및 유관 부서와 원활하게 소통하고 요청사항을 정리할 수 있는 분
• 예상하지 못한 상황에서도 우선순위를 판단해 대응할 수 있는 분
• 업무상 취급하는 자료와 고객 정보를 안전하게 관리할 수 있는 분
• 직무 관련 교육을 꾸준히 이수하며 전문성을 높일 분","• 승무원 또는 유사 직무 경력 보유자
• 직무 관련 자격·면허 보유자: 항공종사자 건강진단증명
• 직무 관련 자격·면허 보유자: 응급처치 교육 수료증
• ERP, WMS, CRM, POS 등 직무 관련 시스템 사용 경험자
• 수치와 데이터를 활용한 실적 분석 경험자
• 다양한 이해관계자와 협업해 문제를 해결한 경험자
• 외국어 또는 관련 법규·안전 기준을 활용할 수 있는 분","• 지원서 및 제출서류의 허위기재 또는 허위 제출
• 채용 과정에서 본인 확인이 불가능한 경우
• 채용검진 결과 업무 수행에 부적합하다고 판단되는 경우
• 해외여행 및 근무에 결격사유가 있는 경우
• 기타 회사 또는 기관의 인사규정상 채용이 불가능한 경우",서류전형 > 직무과제 > 실무면접 > 최종합격
1208,승무원 경력 채용,92,121,20260529,20260611,8,경력 3년 이상,기간제,강원특별자치도,석사 이상,"전문 중소기업에서 운항 중 승객 안전과 기내 서비스를 담당하는 포지션을(를) 맡을 승무원를 모집합니다.

이번 포지션은 안전시연, 객실점검, 기내서비스, 응급대응, 보고을 중심으로 운영 현장의 품질과 일정, 고객 경험을 함께 관리하는 역할입니다.

서비스 품질과 안전을 우선하며 꾸준히 전문성을 쌓을 수 있는 포지션입니다.

유관 부서 및 외부 파트너와 업무 기준을 공유하고, 이슈 발생 시 원인을 정리해 재발 방지 방안을 실행합니다.

초기에는 담당 업무의 프로세스와 시스템을 익히고, 이후에는 담당 영역의 지표 개선과 운영 표준화까지 주도하게 됩니다.","• 안전시연, 객실점검, 기내서비스, 응급대응, 보고 및 일일 운영 현황 관리
• 업무 일정·실적·품질 지표 점검 및 보고
• 관련 시스템과 문서의 정확한 입력·관리
• 고객·협력사·유관 부서 문의 대응 및 이슈 조율
• 업무 절차 개선과 운영 리스크 사전 점검
• 주요 이슈 원인 분석 및 후속 조치 관리
• 정기 회의 자료 작성과 진행 현황 공유
• 업무 매뉴얼 정비와 신규 구성원 온보딩 지원","• 서비스 역량과 항공 안전 절차 이해 관련 기본 지식 또는 실무 경험을 보유한 분
• 필수 자격·면허: 항공종사자 건강진단증명 보유자 또는 입사 전 취득 가능한 분
• 맡은 업무를 정확하게 기록하고 마감까지 책임질 수 있는 분
• 문서작성, 이메일, 스프레드시트 등 기본 업무도구 활용이 가능한 분
• 고객 및 유관 부서와 원활하게 소통하고 요청사항을 정리할 수 있는 분
• 예상하지 못한 상황에서도 우선순위를 판단해 대응할 수 있는 분
• 업무상 취급하는 자료와 고객 정보를 안전하게 관리할 수 있는 분
• 교대·주말·현장 근무가 포함될 수 있는 일정에 대응 가능한 분","• 승무원 또는 유사 직무 경력 보유자
• 직무 관련 자격·면허 보유자: 항공종사자 건강진단증명
• 직무 관련 자격·면허 보유자: 응급처치 교육 수료증
• ERP, WMS, CRM, POS 등 직무 관련 시스템 사용 경험자
• 수치와 데이터를 활용한 실적 분석 경험자
• 다양한 이해관계자와 협업해 문제를 해결한 경험자
• 신규 프로세스 구축이나 업무 자동화 경험자","• 지원서 및 제출서류의 허위기재 또는 허위 제출
• 채용 과정에서 본인 확인이 불가능한 경우
• 채용검진 결과 업무 수행에 부적합하다고 판단되는 경우
• 해외여행 및 근무에 결격사유가 있는 경우
• 기타 회사 또는 기관의 인사규정상 채용이 불가능한 경우",서류전형 > 1차면접 > 2차면접 > 채용검진
1209,승무원 현장 책임자,39,121,20260615,20260705,19,경력 5년 이상,정규직,전라북도,박사 이상,"성장 단계 스타트업에서 운항 중 승객 안전과 기내 서비스를 담당하는 포지션을(를) 맡을 승무원를 모집합니다.

이번 포지션은 안전시연, 객실점검, 기내서비스, 응급대응, 보고을 중심으로 운영 현장의 품질과 일정, 고객 경험을 함께 관리하는 역할입니다.

기본기를 바탕으로 새로운 업무를 빠르게 익히고 실행할 분을 모십니다.

유관 부서 및 외부 파트너와 업무 기준을 공유하고, 이슈 발생 시 원인을 정리해 재발 방지 방안을 실행합니다.

초기에는 담당 업무의 프로세스와 시스템을 익히고, 이후에는 담당 영역의 지표 개선과 운영 표준화까지 주도하게 됩니다.","• 안전시연, 객실점검, 기내서비스, 응급대응, 보고 및 일일 운영 현황 관리
• 업무 일정·실적·품질 지표 점검 및 보고
• 관련 시스템과 문서의 정확한 입력·관리
• 고객·협력사·유관 부서 문의 대응 및 이슈 조율
• 업무 절차 개선과 운영 리스크 사전 점검
• 주요 이슈 원인 분석 및 후속 조치 관리
• 정기 회의 자료 작성과 진행 현황 공유
• 현장 안전·보안·개인정보 보호 기준 준수","• 서비스 역량과 항공 안전 절차 이해 관련 기본 지식 또는 실무 경험을 보유한 분
• 필수 자격·면허: 항공종사자 건강진단증명 보유자 또는 입사 전 취득 가능한 분
• 맡은 업무를 정확하게 기록하고 마감까지 책임질 수 있는 분
• 문서작성, 이메일, 스프레드시트 등 기본 업무도구 활용이 가능한 분
• 고객 및 유관 부서와 원활하게 소통하고 요청사항을 정리할 수 있는 분
• 예상하지 못한 상황에서도 우선순위를 판단해 대응할 수 있는 분
• 업무상 취급하는 자료와 고객 정보를 안전하게 관리할 수 있는 분
• 직무 관련 교육을 꾸준히 이수하며 전문성을 높일 분","• 승무원 또는 유사 직무 경력 보유자
• 직무 관련 자격·면허 보유자: 항공종사자 건강진단증명
• 직무 관련 자격·면허 보유자: 응급처치 교육 수료증
• ERP, WMS, CRM, POS 등 직무 관련 시스템 사용 경험자
• 수치와 데이터를 활용한 실적 분석 경험자
• 다양한 이해관계자와 협업해 문제를 해결한 경험자
• 외국어 또는 관련 법규·안전 기준을 활용할 수 있는 분","• 지원서 및 제출서류의 허위기재 또는 허위 제출
• 채용 과정에서 본인 확인이 불가능한 경우
• 채용검진 결과 업무 수행에 부적합하다고 판단되는 경우
• 해외여행 및 근무에 결격사유가 있는 경우
• 기타 회사 또는 기관의 인사규정상 채용이 불가능한 경우",서류전형 > 필기전형 > 면접전형 > 최종합격
1210,승무원 서비스 담당,147,121,20260702,20260729,10,경력 무관,계약직,경상남도,학력무관,"종합병원 운영조직에서 운항 중 승객 안전과 기내 서비스를 담당하는 포지션을(를) 맡을 승무원를 모집합니다.

이번 포지션은 안전시연, 객실점검, 기내서비스, 응급대응, 보고을 중심으로 운영 현장의 품질과 일정, 고객 경험을 함께 관리하는 역할입니다.

성과와 고객 만족을 함께 고려하며 실질적인 변화를 만드는 역할입니다.

유관 부서 및 외부 파트너와 업무 기준을 공유하고, 이슈 발생 시 원인을 정리해 재발 방지 방안을 실행합니다.

초기에는 담당 업무의 프로세스와 시스템을 익히고, 이후에는 담당 영역의 지표 개선과 운영 표준화까지 주도하게 됩니다.","• 안전시연, 객실점검, 기내서비스, 응급대응, 보고 및 일일 운영 현황 관리
• 업무 일정·실적·품질 지표 점검 및 보고
• 관련 시스템과 문서의 정확한 입력·관리
• 고객·협력사·유관 부서 문의 대응 및 이슈 조율
• 업무 절차 개선과 운영 리스크 사전 점검
• 주요 이슈 원인 분석 및 후속 조치 관리
• 정기 회의 자료 작성과 진행 현황 공유
• 업무 매뉴얼 정비와 신규 구성원 온보딩 지원","• 서비스 역량과 항공 안전 절차 이해 관련 기본 지식 또는 실무 경험을 보유한 분
• 필수 자격·면허: 항공종사자 건강진단증명 보유자 또는 입사 전 취득 가능한 분
• 맡은 업무를 정확하게 기록하고 마감까지 책임질 수 있는 분
• 문서작성, 이메일, 스프레드시트 등 기본 업무도구 활용이 가능한 분
• 고객 및 유관 부서와 원활하게 소통하고 요청사항을 정리할 수 있는 분
• 예상하지 못한 상황에서도 우선순위를 판단해 대응할 수 있는 분
• 업무상 취급하는 자료와 고객 정보를 안전하게 관리할 수 있는 분
• 직무 관련 교육을 꾸준히 이수하며 전문성을 높일 분","• 승무원 또는 유사 직무 경력 보유자
• 직무 관련 자격·면허 보유자: 항공종사자 건강진단증명
• 직무 관련 자격·면허 보유자: 응급처치 교육 수료증
• ERP, WMS, CRM, POS 등 직무 관련 시스템 사용 경험자
• 수치와 데이터를 활용한 실적 분석 경험자
• 다양한 이해관계자와 협업해 문제를 해결한 경험자
• 신규 프로세스 구축이나 업무 자동화 경험자","• 지원서 및 제출서류의 허위기재 또는 허위 제출
• 채용 과정에서 본인 확인이 불가능한 경우
• 채용검진 결과 업무 수행에 부적합하다고 판단되는 경우
• 해외여행 및 근무에 결격사유가 있는 경우
• 기타 회사 또는 기관의 인사규정상 채용이 불가능한 경우",서류전형 > 실무면접 > 최종면접
1211,플로리스트 실무자,141,122,20260719,20260822,1,경력,무기계약직,인천광역시,학사 이상,"대학 산학협력단에서 꽃과 식물을 활용한 상품 제작·관리를 담당하는 포지션을(를) 맡을 플로리스트를 모집합니다.

이번 포지션은 꽃손질, 꽃다발, 공간장식, 상품관리, 상담을 중심으로 운영 현장의 품질과 일정, 고객 경험을 함께 관리하는 역할입니다.

정확한 실행력과 협업을 바탕으로 안정적인 운영을 함께 만들어 갈 분을 찾습니다.

유관 부서 및 외부 파트너와 업무 기준을 공유하고, 이슈 발생 시 원인을 정리해 재발 방지 방안을 실행합니다.

초기에는 담당 업무의 프로세스와 시스템을 익히고, 이후에는 담당 영역의 지표 개선과 운영 표준화까지 주도하게 됩니다.","• 꽃손질, 꽃다발, 공간장식, 상품관리, 상담 및 일일 운영 현황 관리
• 업무 일정·실적·품질 지표 점검 및 보고
• 관련 시스템과 문서의 정확한 입력·관리
• 고객·협력사·유관 부서 문의 대응 및 이슈 조율
• 업무 절차 개선과 운영 리스크 사전 점검
• 주요 이슈 원인 분석 및 후속 조치 관리
• 정기 회의 자료 작성과 진행 현황 공유
• 현장 안전·보안·개인정보 보호 기준 준수","• 플라워 디자인 감각과 식물관리 역량 관련 기본 지식 또는 실무 경험을 보유한 분
• 필수 자격·면허: 화훼장식기능사 보유자 또는 입사 전 취득 가능한 분
• 맡은 업무를 정확하게 기록하고 마감까지 책임질 수 있는 분
• 문서작성, 이메일, 스프레드시트 등 기본 업무도구 활용이 가능한 분
• 고객 및 유관 부서와 원활하게 소통하고 요청사항을 정리할 수 있는 분
• 예상하지 못한 상황에서도 우선순위를 판단해 대응할 수 있는 분
• 업무상 취급하는 자료와 고객 정보를 안전하게 관리할 수 있는 분
• 교대·주말·현장 근무가 포함될 수 있는 일정에 대응 가능한 분","• 플로리스트 또는 유사 직무 경력 보유자
• 직무 관련 자격·면허 보유자: 화훼장식기능사
• 직무 관련 자격·면허 보유자: 화훼장식기사
• ERP, WMS, CRM, POS 등 직무 관련 시스템 사용 경험자
• 수치와 데이터를 활용한 실적 분석 경험자
• 다양한 이해관계자와 협업해 문제를 해결한 경험자
• 외국어 또는 관련 법규·안전 기준을 활용할 수 있는 분","• 지원서 및 제출서류의 허위기재 또는 허위 제출
• 채용 과정에서 본인 확인이 불가능한 경우
• 채용검진 결과 업무 수행에 부적합하다고 판단되는 경우
• 해외여행 및 근무에 결격사유가 있는 경우
• 기타 회사 또는 기관의 인사규정상 채용이 불가능한 경우",서류전형 > 직무과제 > 실무면접 > 최종합격
1212,플로리스트 운영 매니저,142,122,20260805,20260915,12,신입·경력,기간제,울산광역시,석사 이상,"기업 부설 연구소에서 꽃과 식물을 활용한 상품 제작·관리를 담당하는 포지션을(를) 맡을 플로리스트를 모집합니다.

이번 포지션은 꽃손질, 꽃다발, 공간장식, 상품관리, 상담을 중심으로 운영 현장의 품질과 일정, 고객 경험을 함께 관리하는 역할입니다.

현장과 유관 부서의 요구를 연결하며 업무 품질을 높이는 역할입니다.

유관 부서 및 외부 파트너와 업무 기준을 공유하고, 이슈 발생 시 원인을 정리해 재발 방지 방안을 실행합니다.

초기에는 담당 업무의 프로세스와 시스템을 익히고, 이후에는 담당 영역의 지표 개선과 운영 표준화까지 주도하게 됩니다.","• 꽃손질, 꽃다발, 공간장식, 상품관리, 상담 및 일일 운영 현황 관리
• 업무 일정·실적·품질 지표 점검 및 보고
• 관련 시스템과 문서의 정확한 입력·관리
• 고객·협력사·유관 부서 문의 대응 및 이슈 조율
• 업무 절차 개선과 운영 리스크 사전 점검
• 주요 이슈 원인 분석 및 후속 조치 관리
• 정기 회의 자료 작성과 진행 현황 공유
• 업무 매뉴얼 정비와 신규 구성원 온보딩 지원","• 플라워 디자인 감각과 식물관리 역량 관련 기본 지식 또는 실무 경험을 보유한 분
• 필수 자격·면허: 화훼장식기능사 보유자 또는 입사 전 취득 가능한 분
• 맡은 업무를 정확하게 기록하고 마감까지 책임질 수 있는 분
• 문서작성, 이메일, 스프레드시트 등 기본 업무도구 활용이 가능한 분
• 고객 및 유관 부서와 원활하게 소통하고 요청사항을 정리할 수 있는 분
• 예상하지 못한 상황에서도 우선순위를 판단해 대응할 수 있는 분
• 업무상 취급하는 자료와 고객 정보를 안전하게 관리할 수 있는 분
• 직무 관련 교육을 꾸준히 이수하며 전문성을 높일 분","• 플로리스트 또는 유사 직무 경력 보유자
• 직무 관련 자격·면허 보유자: 화훼장식기능사
• 직무 관련 자격·면허 보유자: 화훼장식기사
• ERP, WMS, CRM, POS 등 직무 관련 시스템 사용 경험자
• 수치와 데이터를 활용한 실적 분석 경험자
• 다양한 이해관계자와 협업해 문제를 해결한 경험자
• 신규 프로세스 구축이나 업무 자동화 경험자","• 지원서 및 제출서류의 허위기재 또는 허위 제출
• 채용 과정에서 본인 확인이 불가능한 경우
• 채용검진 결과 업무 수행에 부적합하다고 판단되는 경우
• 해외여행 및 근무에 결격사유가 있는 경우
• 기타 회사 또는 기관의 인사규정상 채용이 불가능한 경우",서류전형 > 1차면접 > 2차면접 > 채용검진
1213,플로리스트 전문 인력,149,122,20260822,20260903,3,경력 2년 이상,정규직,강원특별자치도,박사 이상,"전문 협회에서 꽃과 식물을 활용한 상품 제작·관리를 담당하는 포지션을(를) 맡을 플로리스트를 모집합니다.

이번 포지션은 꽃손질, 꽃다발, 공간장식, 상품관리, 상담을 중심으로 운영 현장의 품질과 일정, 고객 경험을 함께 관리하는 역할입니다.

업무 기준을 준수하면서도 개선점을 주도적으로 제안할 수 있는 분을 기다립니다.

유관 부서 및 외부 파트너와 업무 기준을 공유하고, 이슈 발생 시 원인을 정리해 재발 방지 방안을 실행합니다.

초기에는 담당 업무의 프로세스와 시스템을 익히고, 이후에는 담당 영역의 지표 개선과 운영 표준화까지 주도하게 됩니다.","• 꽃손질, 꽃다발, 공간장식, 상품관리, 상담 및 일일 운영 현황 관리
• 업무 일정·실적·품질 지표 점검 및 보고
• 관련 시스템과 문서의 정확한 입력·관리
• 고객·협력사·유관 부서 문의 대응 및 이슈 조율
• 업무 절차 개선과 운영 리스크 사전 점검
• 주요 이슈 원인 분석 및 후속 조치 관리
• 정기 회의 자료 작성과 진행 현황 공유
• 현장 안전·보안·개인정보 보호 기준 준수","• 플라워 디자인 감각과 식물관리 역량 관련 기본 지식 또는 실무 경험을 보유한 분
• 필수 자격·면허: 화훼장식기능사 보유자 또는 입사 전 취득 가능한 분
• 맡은 업무를 정확하게 기록하고 마감까지 책임질 수 있는 분
• 문서작성, 이메일, 스프레드시트 등 기본 업무도구 활용이 가능한 분
• 고객 및 유관 부서와 원활하게 소통하고 요청사항을 정리할 수 있는 분
• 예상하지 못한 상황에서도 우선순위를 판단해 대응할 수 있는 분
• 업무상 취급하는 자료와 고객 정보를 안전하게 관리할 수 있는 분
• 직무 관련 교육을 꾸준히 이수하며 전문성을 높일 분","• 플로리스트 또는 유사 직무 경력 보유자
• 직무 관련 자격·면허 보유자: 화훼장식기능사
• 직무 관련 자격·면허 보유자: 화훼장식기사
• ERP, WMS, CRM, POS 등 직무 관련 시스템 사용 경험자
• 수치와 데이터를 활용한 실적 분석 경험자
• 다양한 이해관계자와 협업해 문제를 해결한 경험자
• 외국어 또는 관련 법규·안전 기준을 활용할 수 있는 분","• 지원서 및 제출서류의 허위기재 또는 허위 제출
• 채용 과정에서 본인 확인이 불가능한 경우
• 채용검진 결과 업무 수행에 부적합하다고 판단되는 경우
• 해외여행 및 근무에 결격사유가 있는 경우
• 기타 회사 또는 기관의 인사규정상 채용이 불가능한 경우",서류전형 > 필기전형 > 면접전형 > 최종합격
1214,플로리스트 경력 채용,94,122,20260908,20260927,14,경력 3년 이상,계약직,전라북도,학력무관,"공공서비스 운영기관에서 꽃과 식물을 활용한 상품 제작·관리를 담당하는 포지션을(를) 맡을 플로리스트를 모집합니다.

이번 포지션은 꽃손질, 꽃다발, 공간장식, 상품관리, 상담을 중심으로 운영 현장의 품질과 일정, 고객 경험을 함께 관리하는 역할입니다.

고객과 동료에게 신뢰를 주는 태도로 맡은 업무를 끝까지 책임지는 포지션입니다.

유관 부서 및 외부 파트너와 업무 기준을 공유하고, 이슈 발생 시 원인을 정리해 재발 방지 방안을 실행합니다.

초기에는 담당 업무의 프로세스와 시스템을 익히고, 이후에는 담당 영역의 지표 개선과 운영 표준화까지 주도하게 됩니다.","• 꽃손질, 꽃다발, 공간장식, 상품관리, 상담 및 일일 운영 현황 관리
• 업무 일정·실적·품질 지표 점검 및 보고
• 관련 시스템과 문서의 정확한 입력·관리
• 고객·협력사·유관 부서 문의 대응 및 이슈 조율
• 업무 절차 개선과 운영 리스크 사전 점검
• 주요 이슈 원인 분석 및 후속 조치 관리
• 정기 회의 자료 작성과 진행 현황 공유
• 업무 매뉴얼 정비와 신규 구성원 온보딩 지원","• 플라워 디자인 감각과 식물관리 역량 관련 기본 지식 또는 실무 경험을 보유한 분
• 필수 자격·면허: 화훼장식기능사 보유자 또는 입사 전 취득 가능한 분
• 맡은 업무를 정확하게 기록하고 마감까지 책임질 수 있는 분
• 문서작성, 이메일, 스프레드시트 등 기본 업무도구 활용이 가능한 분
• 고객 및 유관 부서와 원활하게 소통하고 요청사항을 정리할 수 있는 분
• 예상하지 못한 상황에서도 우선순위를 판단해 대응할 수 있는 분
• 업무상 취급하는 자료와 고객 정보를 안전하게 관리할 수 있는 분
• 교대·주말·현장 근무가 포함될 수 있는 일정에 대응 가능한 분","• 플로리스트 또는 유사 직무 경력 보유자
• 직무 관련 자격·면허 보유자: 화훼장식기능사
• 직무 관련 자격·면허 보유자: 화훼장식기사
• ERP, WMS, CRM, POS 등 직무 관련 시스템 사용 경험자
• 수치와 데이터를 활용한 실적 분석 경험자
• 다양한 이해관계자와 협업해 문제를 해결한 경험자
• 신규 프로세스 구축이나 업무 자동화 경험자","• 지원서 및 제출서류의 허위기재 또는 허위 제출
• 채용 과정에서 본인 확인이 불가능한 경우
• 채용검진 결과 업무 수행에 부적합하다고 판단되는 경우
• 해외여행 및 근무에 결격사유가 있는 경우
• 기타 회사 또는 기관의 인사규정상 채용이 불가능한 경우",서류전형 > 실무면접 > 최종면접
1215,플로리스트 현장 책임자,110,122,20260925,20261021,5,경력 5년 이상,무기계약직,경상남도,전문학사 이상,"대기업 사업부에서 꽃과 식물을 활용한 상품 제작·관리를 담당하는 포지션을(를) 맡을 플로리스트를 모집합니다.

이번 포지션은 꽃손질, 꽃다발, 공간장식, 상품관리, 상담을 중심으로 운영 현장의 품질과 일정, 고객 경험을 함께 관리하는 역할입니다.

데이터와 현장 감각을 함께 활용해 반복 업무를 효율화하는 역할입니다.

유관 부서 및 외부 파트너와 업무 기준을 공유하고, 이슈 발생 시 원인을 정리해 재발 방지 방안을 실행합니다.

초기에는 담당 업무의 프로세스와 시스템을 익히고, 이후에는 담당 영역의 지표 개선과 운영 표준화까지 주도하게 됩니다.","• 꽃손질, 꽃다발, 공간장식, 상품관리, 상담 및 일일 운영 현황 관리
• 업무 일정·실적·품질 지표 점검 및 보고
• 관련 시스템과 문서의 정확한 입력·관리
• 고객·협력사·유관 부서 문의 대응 및 이슈 조율
• 업무 절차 개선과 운영 리스크 사전 점검
• 주요 이슈 원인 분석 및 후속 조치 관리
• 정기 회의 자료 작성과 진행 현황 공유
• 현장 안전·보안·개인정보 보호 기준 준수","• 플라워 디자인 감각과 식물관리 역량 관련 기본 지식 또는 실무 경험을 보유한 분
• 필수 자격·면허: 화훼장식기능사 보유자 또는 입사 전 취득 가능한 분
• 맡은 업무를 정확하게 기록하고 마감까지 책임질 수 있는 분
• 문서작성, 이메일, 스프레드시트 등 기본 업무도구 활용이 가능한 분
• 고객 및 유관 부서와 원활하게 소통하고 요청사항을 정리할 수 있는 분
• 예상하지 못한 상황에서도 우선순위를 판단해 대응할 수 있는 분
• 업무상 취급하는 자료와 고객 정보를 안전하게 관리할 수 있는 분
• 직무 관련 교육을 꾸준히 이수하며 전문성을 높일 분","• 플로리스트 또는 유사 직무 경력 보유자
• 직무 관련 자격·면허 보유자: 화훼장식기능사
• 직무 관련 자격·면허 보유자: 화훼장식기사
• ERP, WMS, CRM, POS 등 직무 관련 시스템 사용 경험자
• 수치와 데이터를 활용한 실적 분석 경험자
• 다양한 이해관계자와 협업해 문제를 해결한 경험자
• 외국어 또는 관련 법규·안전 기준을 활용할 수 있는 분","• 지원서 및 제출서류의 허위기재 또는 허위 제출
• 채용 과정에서 본인 확인이 불가능한 경우
• 채용검진 결과 업무 수행에 부적합하다고 판단되는 경우
• 해외여행 및 근무에 결격사유가 있는 경우
• 기타 회사 또는 기관의 인사규정상 채용이 불가능한 경우",서류전형 > 인성검사 > 실무면접 > 최종면접
1216,플로리스트 서비스 담당,139,122,20261012,20261114,16,경력 무관,기간제,부산광역시,학사 이상,"중견 제조기업에서 꽃과 식물을 활용한 상품 제작·관리를 담당하는 포지션을(를) 맡을 플로리스트를 모집합니다.

이번 포지션은 꽃손질, 꽃다발, 공간장식, 상품관리, 상담을 중심으로 운영 현장의 품질과 일정, 고객 경험을 함께 관리하는 역할입니다.

정해진 절차를 지키되 상황에 맞게 유연하게 대응하는 실무자를 모집합니다.

유관 부서 및 외부 파트너와 업무 기준을 공유하고, 이슈 발생 시 원인을 정리해 재발 방지 방안을 실행합니다.

초기에는 담당 업무의 프로세스와 시스템을 익히고, 이후에는 담당 영역의 지표 개선과 운영 표준화까지 주도하게 됩니다.","• 꽃손질, 꽃다발, 공간장식, 상품관리, 상담 및 일일 운영 현황 관리
• 업무 일정·실적·품질 지표 점검 및 보고
• 관련 시스템과 문서의 정확한 입력·관리
• 고객·협력사·유관 부서 문의 대응 및 이슈 조율
• 업무 절차 개선과 운영 리스크 사전 점검
• 주요 이슈 원인 분석 및 후속 조치 관리
• 정기 회의 자료 작성과 진행 현황 공유
• 업무 매뉴얼 정비와 신규 구성원 온보딩 지원","• 플라워 디자인 감각과 식물관리 역량 관련 기본 지식 또는 실무 경험을 보유한 분
• 필수 자격·면허: 화훼장식기능사 보유자 또는 입사 전 취득 가능한 분
• 맡은 업무를 정확하게 기록하고 마감까지 책임질 수 있는 분
• 문서작성, 이메일, 스프레드시트 등 기본 업무도구 활용이 가능한 분
• 고객 및 유관 부서와 원활하게 소통하고 요청사항을 정리할 수 있는 분
• 예상하지 못한 상황에서도 우선순위를 판단해 대응할 수 있는 분
• 업무상 취급하는 자료와 고객 정보를 안전하게 관리할 수 있는 분
• 직무 관련 교육을 꾸준히 이수하며 전문성을 높일 분","• 플로리스트 또는 유사 직무 경력 보유자
• 직무 관련 자격·면허 보유자: 화훼장식기능사
• 직무 관련 자격·면허 보유자: 화훼장식기사
• ERP, WMS, CRM, POS 등 직무 관련 시스템 사용 경험자
• 수치와 데이터를 활용한 실적 분석 경험자
• 다양한 이해관계자와 협업해 문제를 해결한 경험자
• 신규 프로세스 구축이나 업무 자동화 경험자","• 지원서 및 제출서류의 허위기재 또는 허위 제출
• 채용 과정에서 본인 확인이 불가능한 경우
• 채용검진 결과 업무 수행에 부적합하다고 판단되는 경우
• 해외여행 및 근무에 결격사유가 있는 경우
• 기타 회사 또는 기관의 인사규정상 채용이 불가능한 경우",서류전형 > 직무과제 > 실무면접 > 최종합격
1217,플로리스트 담당자,114,122,20261029,20261208,7,신입,정규직,광주광역시,석사 이상,"전문 중소기업에서 꽃과 식물을 활용한 상품 제작·관리를 담당하는 포지션을(를) 맡을 플로리스트를 모집합니다.

이번 포지션은 꽃손질, 꽃다발, 공간장식, 상품관리, 상담을 중심으로 운영 현장의 품질과 일정, 고객 경험을 함께 관리하는 역할입니다.

부서 간 원활한 소통으로 일정과 품질을 안정적으로 관리하는 직무입니다.

유관 부서 및 외부 파트너와 업무 기준을 공유하고, 이슈 발생 시 원인을 정리해 재발 방지 방안을 실행합니다.

초기에는 담당 업무의 프로세스와 시스템을 익히고, 이후에는 담당 영역의 지표 개선과 운영 표준화까지 주도하게 됩니다.","• 꽃손질, 꽃다발, 공간장식, 상품관리, 상담 및 일일 운영 현황 관리
• 업무 일정·실적·품질 지표 점검 및 보고
• 관련 시스템과 문서의 정확한 입력·관리
• 고객·협력사·유관 부서 문의 대응 및 이슈 조율
• 업무 절차 개선과 운영 리스크 사전 점검
• 주요 이슈 원인 분석 및 후속 조치 관리
• 정기 회의 자료 작성과 진행 현황 공유
• 현장 안전·보안·개인정보 보호 기준 준수","• 플라워 디자인 감각과 식물관리 역량 관련 기본 지식 또는 실무 경험을 보유한 분
• 필수 자격·면허: 화훼장식기능사 보유자 또는 입사 전 취득 가능한 분
• 맡은 업무를 정확하게 기록하고 마감까지 책임질 수 있는 분
• 문서작성, 이메일, 스프레드시트 등 기본 업무도구 활용이 가능한 분
• 고객 및 유관 부서와 원활하게 소통하고 요청사항을 정리할 수 있는 분
• 예상하지 못한 상황에서도 우선순위를 판단해 대응할 수 있는 분
• 업무상 취급하는 자료와 고객 정보를 안전하게 관리할 수 있는 분
• 교대·주말·현장 근무가 포함될 수 있는 일정에 대응 가능한 분","• 플로리스트 또는 유사 직무 경력 보유자
• 직무 관련 자격·면허 보유자: 화훼장식기능사
• 직무 관련 자격·면허 보유자: 화훼장식기사
• ERP, WMS, CRM, POS 등 직무 관련 시스템 사용 경험자
• 수치와 데이터를 활용한 실적 분석 경험자
• 다양한 이해관계자와 협업해 문제를 해결한 경험자
• 외국어 또는 관련 법규·안전 기준을 활용할 수 있는 분","• 지원서 및 제출서류의 허위기재 또는 허위 제출
• 채용 과정에서 본인 확인이 불가능한 경우
• 채용검진 결과 업무 수행에 부적합하다고 판단되는 경우
• 해외여행 및 근무에 결격사유가 있는 경우
• 기타 회사 또는 기관의 인사규정상 채용이 불가능한 경우",서류전형 > 1차면접 > 2차면접 > 채용검진
1218,플로리스트 실무자,131,122,20261115,20261126,18,경력,계약직,경기도,박사 이상,"성장 단계 스타트업에서 꽃과 식물을 활용한 상품 제작·관리를 담당하는 포지션을(를) 맡을 플로리스트를 모집합니다.

이번 포지션은 꽃손질, 꽃다발, 공간장식, 상품관리, 상담을 중심으로 운영 현장의 품질과 일정, 고객 경험을 함께 관리하는 역할입니다.

서비스 품질과 안전을 우선하며 꾸준히 전문성을 쌓을 수 있는 포지션입니다.

유관 부서 및 외부 파트너와 업무 기준을 공유하고, 이슈 발생 시 원인을 정리해 재발 방지 방안을 실행합니다.

초기에는 담당 업무의 프로세스와 시스템을 익히고, 이후에는 담당 영역의 지표 개선과 운영 표준화까지 주도하게 됩니다.","• 꽃손질, 꽃다발, 공간장식, 상품관리, 상담 및 일일 운영 현황 관리
• 업무 일정·실적·품질 지표 점검 및 보고
• 관련 시스템과 문서의 정확한 입력·관리
• 고객·협력사·유관 부서 문의 대응 및 이슈 조율
• 업무 절차 개선과 운영 리스크 사전 점검
• 주요 이슈 원인 분석 및 후속 조치 관리
• 정기 회의 자료 작성과 진행 현황 공유
• 업무 매뉴얼 정비와 신규 구성원 온보딩 지원","• 플라워 디자인 감각과 식물관리 역량 관련 기본 지식 또는 실무 경험을 보유한 분
• 필수 자격·면허: 화훼장식기능사 보유자 또는 입사 전 취득 가능한 분
• 맡은 업무를 정확하게 기록하고 마감까지 책임질 수 있는 분
• 문서작성, 이메일, 스프레드시트 등 기본 업무도구 활용이 가능한 분
• 고객 및 유관 부서와 원활하게 소통하고 요청사항을 정리할 수 있는 분
• 예상하지 못한 상황에서도 우선순위를 판단해 대응할 수 있는 분
• 업무상 취급하는 자료와 고객 정보를 안전하게 관리할 수 있는 분
• 직무 관련 교육을 꾸준히 이수하며 전문성을 높일 분","• 플로리스트 또는 유사 직무 경력 보유자
• 직무 관련 자격·면허 보유자: 화훼장식기능사
• 직무 관련 자격·면허 보유자: 화훼장식기사
• ERP, WMS, CRM, POS 등 직무 관련 시스템 사용 경험자
• 수치와 데이터를 활용한 실적 분석 경험자
• 다양한 이해관계자와 협업해 문제를 해결한 경험자
• 신규 프로세스 구축이나 업무 자동화 경험자","• 지원서 및 제출서류의 허위기재 또는 허위 제출
• 채용 과정에서 본인 확인이 불가능한 경우
• 채용검진 결과 업무 수행에 부적합하다고 판단되는 경우
• 해외여행 및 근무에 결격사유가 있는 경우
• 기타 회사 또는 기관의 인사규정상 채용이 불가능한 경우",서류전형 > 필기전형 > 면접전형 > 최종합격
1219,플로리스트 운영 매니저,154,122,20261202,20261220,9,신입·경력,무기계약직,충청남도,학력무관,"종합병원 운영조직에서 꽃과 식물을 활용한 상품 제작·관리를 담당하는 포지션을(를) 맡을 플로리스트를 모집합니다.

이번 포지션은 꽃손질, 꽃다발, 공간장식, 상품관리, 상담을 중심으로 운영 현장의 품질과 일정, 고객 경험을 함께 관리하는 역할입니다.

기본기를 바탕으로 새로운 업무를 빠르게 익히고 실행할 분을 모십니다.

유관 부서 및 외부 파트너와 업무 기준을 공유하고, 이슈 발생 시 원인을 정리해 재발 방지 방안을 실행합니다.

초기에는 담당 업무의 프로세스와 시스템을 익히고, 이후에는 담당 영역의 지표 개선과 운영 표준화까지 주도하게 됩니다.","• 꽃손질, 꽃다발, 공간장식, 상품관리, 상담 및 일일 운영 현황 관리
• 업무 일정·실적·품질 지표 점검 및 보고
• 관련 시스템과 문서의 정확한 입력·관리
• 고객·협력사·유관 부서 문의 대응 및 이슈 조율
• 업무 절차 개선과 운영 리스크 사전 점검
• 주요 이슈 원인 분석 및 후속 조치 관리
• 정기 회의 자료 작성과 진행 현황 공유
• 현장 안전·보안·개인정보 보호 기준 준수","• 플라워 디자인 감각과 식물관리 역량 관련 기본 지식 또는 실무 경험을 보유한 분
• 필수 자격·면허: 화훼장식기능사 보유자 또는 입사 전 취득 가능한 분
• 맡은 업무를 정확하게 기록하고 마감까지 책임질 수 있는 분
• 문서작성, 이메일, 스프레드시트 등 기본 업무도구 활용이 가능한 분
• 고객 및 유관 부서와 원활하게 소통하고 요청사항을 정리할 수 있는 분
• 예상하지 못한 상황에서도 우선순위를 판단해 대응할 수 있는 분
• 업무상 취급하는 자료와 고객 정보를 안전하게 관리할 수 있는 분
• 직무 관련 교육을 꾸준히 이수하며 전문성을 높일 분","• 플로리스트 또는 유사 직무 경력 보유자
• 직무 관련 자격·면허 보유자: 화훼장식기능사
• 직무 관련 자격·면허 보유자: 화훼장식기사
• ERP, WMS, CRM, POS 등 직무 관련 시스템 사용 경험자
• 수치와 데이터를 활용한 실적 분석 경험자
• 다양한 이해관계자와 협업해 문제를 해결한 경험자
• 외국어 또는 관련 법규·안전 기준을 활용할 수 있는 분","• 지원서 및 제출서류의 허위기재 또는 허위 제출
• 채용 과정에서 본인 확인이 불가능한 경우
• 채용검진 결과 업무 수행에 부적합하다고 판단되는 경우
• 해외여행 및 근무에 결격사유가 있는 경우
• 기타 회사 또는 기관의 인사규정상 채용이 불가능한 경우",서류전형 > 실무면접 > 최종면접
1220,플로리스트 전문 인력,73,122,20260108,20260202,20,경력 2년 이상,기간제,경상북도,전문학사 이상,"대학 산학협력단에서 꽃과 식물을 활용한 상품 제작·관리를 담당하는 포지션을(를) 맡을 플로리스트를 모집합니다.

이번 포지션은 꽃손질, 꽃다발, 공간장식, 상품관리, 상담을 중심으로 운영 현장의 품질과 일정, 고객 경험을 함께 관리하는 역할입니다.

성과와 고객 만족을 함께 고려하며 실질적인 변화를 만드는 역할입니다.

유관 부서 및 외부 파트너와 업무 기준을 공유하고, 이슈 발생 시 원인을 정리해 재발 방지 방안을 실행합니다.

초기에는 담당 업무의 프로세스와 시스템을 익히고, 이후에는 담당 영역의 지표 개선과 운영 표준화까지 주도하게 됩니다.","• 꽃손질, 꽃다발, 공간장식, 상품관리, 상담 및 일일 운영 현황 관리
• 업무 일정·실적·품질 지표 점검 및 보고
• 관련 시스템과 문서의 정확한 입력·관리
• 고객·협력사·유관 부서 문의 대응 및 이슈 조율
• 업무 절차 개선과 운영 리스크 사전 점검
• 주요 이슈 원인 분석 및 후속 조치 관리
• 정기 회의 자료 작성과 진행 현황 공유
• 업무 매뉴얼 정비와 신규 구성원 온보딩 지원","• 플라워 디자인 감각과 식물관리 역량 관련 기본 지식 또는 실무 경험을 보유한 분
• 필수 자격·면허: 화훼장식기능사 보유자 또는 입사 전 취득 가능한 분
• 맡은 업무를 정확하게 기록하고 마감까지 책임질 수 있는 분
• 문서작성, 이메일, 스프레드시트 등 기본 업무도구 활용이 가능한 분
• 고객 및 유관 부서와 원활하게 소통하고 요청사항을 정리할 수 있는 분
• 예상하지 못한 상황에서도 우선순위를 판단해 대응할 수 있는 분
• 업무상 취급하는 자료와 고객 정보를 안전하게 관리할 수 있는 분
• 교대·주말·현장 근무가 포함될 수 있는 일정에 대응 가능한 분","• 플로리스트 또는 유사 직무 경력 보유자
• 직무 관련 자격·면허 보유자: 화훼장식기능사
• 직무 관련 자격·면허 보유자: 화훼장식기사
• ERP, WMS, CRM, POS 등 직무 관련 시스템 사용 경험자
• 수치와 데이터를 활용한 실적 분석 경험자
• 다양한 이해관계자와 협업해 문제를 해결한 경험자
• 신규 프로세스 구축이나 업무 자동화 경험자","• 지원서 및 제출서류의 허위기재 또는 허위 제출
• 채용 과정에서 본인 확인이 불가능한 경우
• 채용검진 결과 업무 수행에 부적합하다고 판단되는 경우
• 해외여행 및 근무에 결격사유가 있는 경우
• 기타 회사 또는 기관의 인사규정상 채용이 불가능한 경우",서류전형 > 인성검사 > 실무면접 > 최종면접
