job_posting_id,title,company_id,job_role_id,start_ymd,end_ymd,headcount,career_type,hire_type_lst,region_lst,edu_level_lst,position_detail,main_duty,qualification,preference,disqualify_reason,process
1841,PD·감독 담당자 모집,136,185,20260706,20260721,6,신입,정규직,서울특별시,학력무관,"PD·감독 포지션은 방송·디지털 콘텐츠 기획과 촬영 현장 연출 역할입니다. 담당 업무의 목표와 우선순위를 명확히 설정하고, 일정과 품질 기준을 함께 관리합니다.

기획안, 콘티, 촬영 일정, 편집본를 중심으로 실무를 수행하며, 요구사항과 결과물을 문서화해 업무 흐름이 누락되지 않도록 합니다.

기획·운영·현장 담당자 및 외부 협력 파트너와 수시로 협업합니다. 변경 사항은 영향 범위를 검토한 뒤 대안을 제시하고 합의된 방식으로 반영합니다.

문제 발생 시 사실관계와 원인을 먼저 확인하고, 재발 방지 방안을 업무 절차에 반영합니다. 입사 후에는 담당 영역의 실행력을 높이고, 정확성·일정 준수·이용자 관점의 완성도를 중요한 기준으로 삼습니다.","- 기획안, 콘티, 촬영 일정, 편집본 관련 업무 계획 수립 및 실행
- 담당 과제의 일정·진행 현황 관리
- 업무 산출물 작성 및 검토 이력 관리
- 유관 부서 및 외부 협력 대상과 실무 조율
- 현장·시스템·자료에서 발생한 이슈 분석 및 조치
- 운영 기준과 체크리스트 개선
- 결과 데이터 또는 피드백을 반영한 품질 개선","- 신입 조건에 맞는 관련 실무 경험 또는 역량 보유
- 기획안, 콘티, 촬영 일정, 편집본에 필요한 도구·절차를 이해하고 실무 적용이 가능한 분
- 업무 내용을 정확히 기록하고 일정에 맞춰 결과물을 제출할 수 있는 분
- 유관 부서와 원활하게 소통하며 협업할 수 있는 분
- 근무지 출퇴근 및 직무 수행이 가능한 분","- 영상편집기능사 보유자
- 컴퓨터그래픽스운용기능사 보유자
- 기획안, 콘티, 촬영 일정, 편집본 관련 프로젝트 또는 현장 수행 경험
- 업무용 문서·보고서 작성 및 이력 관리 경험
- 유관 부서·외부 협력사와의 일정 조율 경험","- 지원서 또는 제출서류를 허위로 기재한 경우
- 채용 과정에서 요구한 증빙서류를 제출하지 못한 경우
- 채용검진 결과 직무 수행이 어렵다고 판단되는 경우
- 해외여행 및 근무에 결격사유가 있는 경우
- 관련 법령 또는 내부 인사규정상 채용이 불가능한 경우",서류전형 > 실무면접 > 최종면접
1842,PD·감독 실무자 채용,86,185,20260811,20260829,8,경력,계약직,경기도,전문학사 이상,"PD·감독 포지션은 방송·디지털 콘텐츠 기획과 촬영 현장 연출 역할입니다. 담당 업무의 목표와 우선순위를 명확히 설정하고, 일정과 품질 기준을 함께 관리합니다.

기획안, 콘티, 촬영 일정, 편집본를 중심으로 실무를 수행하며, 요구사항과 결과물을 문서화해 업무 흐름이 누락되지 않도록 합니다.

기획·운영·현장 담당자 및 외부 협력 파트너와 수시로 협업합니다. 변경 사항은 영향 범위를 검토한 뒤 대안을 제시하고 합의된 방식으로 반영합니다.

문제 발생 시 사실관계와 원인을 먼저 확인하고, 재발 방지 방안을 업무 절차에 반영합니다. 입사 후에는 담당 영역의 실행력을 높이고, 정확성·일정 준수·이용자 관점의 완성도를 중요한 기준으로 삼습니다.","- 기획안, 콘티, 촬영 일정, 편집본 관련 업무 계획 수립 및 실행
- 담당 과제의 일정·진행 현황 관리
- 업무 산출물 작성 및 검토 이력 관리
- 유관 부서 및 외부 협력 대상과 실무 조율
- 현장·시스템·자료에서 발생한 이슈 분석 및 조치
- 운영 기준과 체크리스트 개선
- 결과 데이터 또는 피드백을 반영한 품질 개선","- 경력 조건에 맞는 관련 실무 경험 또는 역량 보유
- 기획안, 콘티, 촬영 일정, 편집본에 필요한 도구·절차를 이해하고 실무 적용이 가능한 분
- 업무 내용을 정확히 기록하고 일정에 맞춰 결과물을 제출할 수 있는 분
- 유관 부서와 원활하게 소통하며 협업할 수 있는 분
- 근무지 출퇴근 및 직무 수행이 가능한 분","- 영상편집기능사 보유자
- 컴퓨터그래픽스운용기능사 보유자
- 기획안, 콘티, 촬영 일정, 편집본 관련 프로젝트 또는 현장 수행 경험
- 업무용 문서·보고서 작성 및 이력 관리 경험
- 유관 부서·외부 협력사와의 일정 조율 경험","- 지원서 또는 제출서류를 허위로 기재한 경우
- 채용 과정에서 요구한 증빙서류를 제출하지 못한 경우
- 채용검진 결과 직무 수행이 어렵다고 판단되는 경우
- 해외여행 및 근무에 결격사유가 있는 경우
- 관련 법령 또는 내부 인사규정상 채용이 불가능한 경우",서류전형 > 인성검사 > 실무면접 > 최종면접
1843,PD·감독 전문인력 채용,41,185,20260916,20261007,10,신입·경력,정규직,인천광역시,학사 이상,"PD·감독 포지션은 방송·디지털 콘텐츠 기획과 촬영 현장 연출 역할입니다. 담당 업무의 목표와 우선순위를 명확히 설정하고, 일정과 품질 기준을 함께 관리합니다.

기획안, 콘티, 촬영 일정, 편집본를 중심으로 실무를 수행하며, 요구사항과 결과물을 문서화해 업무 흐름이 누락되지 않도록 합니다.

기획·운영·현장 담당자 및 외부 협력 파트너와 수시로 협업합니다. 변경 사항은 영향 범위를 검토한 뒤 대안을 제시하고 합의된 방식으로 반영합니다.

문제 발생 시 사실관계와 원인을 먼저 확인하고, 재발 방지 방안을 업무 절차에 반영합니다. 입사 후에는 담당 영역의 실행력을 높이고, 정확성·일정 준수·이용자 관점의 완성도를 중요한 기준으로 삼습니다.","- 기획안, 콘티, 촬영 일정, 편집본 관련 업무 계획 수립 및 실행
- 담당 과제의 일정·진행 현황 관리
- 업무 산출물 작성 및 검토 이력 관리
- 유관 부서 및 외부 협력 대상과 실무 조율
- 현장·시스템·자료에서 발생한 이슈 분석 및 조치
- 운영 기준과 체크리스트 개선
- 결과 데이터 또는 피드백을 반영한 품질 개선","- 신입·경력 조건에 맞는 관련 실무 경험 또는 역량 보유
- 기획안, 콘티, 촬영 일정, 편집본에 필요한 도구·절차를 이해하고 실무 적용이 가능한 분
- 업무 내용을 정확히 기록하고 일정에 맞춰 결과물을 제출할 수 있는 분
- 유관 부서와 원활하게 소통하며 협업할 수 있는 분
- 근무지 출퇴근 및 직무 수행이 가능한 분","- 영상편집기능사 보유자
- 컴퓨터그래픽스운용기능사 보유자
- 기획안, 콘티, 촬영 일정, 편집본 관련 프로젝트 또는 현장 수행 경험
- 업무용 문서·보고서 작성 및 이력 관리 경험
- 유관 부서·외부 협력사와의 일정 조율 경험","- 지원서 또는 제출서류를 허위로 기재한 경우
- 채용 과정에서 요구한 증빙서류를 제출하지 못한 경우
- 채용검진 결과 직무 수행이 어렵다고 판단되는 경우
- 해외여행 및 근무에 결격사유가 있는 경우
- 관련 법령 또는 내부 인사규정상 채용이 불가능한 경우",서류전형 > 직무과제 > 실무면접 > 처우협의
1844,PD·감독 운영 담당 채용,146,185,20261021,20261114,12,경력 2년 이상,정규직,대전광역시,학사 이상,"PD·감독 포지션은 방송·디지털 콘텐츠 기획과 촬영 현장 연출 역할입니다. 담당 업무의 목표와 우선순위를 명확히 설정하고, 일정과 품질 기준을 함께 관리합니다.

기획안, 콘티, 촬영 일정, 편집본를 중심으로 실무를 수행하며, 요구사항과 결과물을 문서화해 업무 흐름이 누락되지 않도록 합니다.

기획·운영·현장 담당자 및 외부 협력 파트너와 수시로 협업합니다. 변경 사항은 영향 범위를 검토한 뒤 대안을 제시하고 합의된 방식으로 반영합니다.

문제 발생 시 사실관계와 원인을 먼저 확인하고, 재발 방지 방안을 업무 절차에 반영합니다. 입사 후에는 담당 영역의 실행력을 높이고, 정확성·일정 준수·이용자 관점의 완성도를 중요한 기준으로 삼습니다.","- 기획안, 콘티, 촬영 일정, 편집본 관련 업무 계획 수립 및 실행
- 담당 과제의 일정·진행 현황 관리
- 업무 산출물 작성 및 검토 이력 관리
- 유관 부서 및 외부 협력 대상과 실무 조율
- 현장·시스템·자료에서 발생한 이슈 분석 및 조치
- 운영 기준과 체크리스트 개선
- 결과 데이터 또는 피드백을 반영한 품질 개선","- 경력 2년 이상 조건에 맞는 관련 실무 경험 또는 역량 보유
- 기획안, 콘티, 촬영 일정, 편집본에 필요한 도구·절차를 이해하고 실무 적용이 가능한 분
- 업무 내용을 정확히 기록하고 일정에 맞춰 결과물을 제출할 수 있는 분
- 유관 부서와 원활하게 소통하며 협업할 수 있는 분
- 근무지 출퇴근 및 직무 수행이 가능한 분","- 영상편집기능사 보유자
- 컴퓨터그래픽스운용기능사 보유자
- 기획안, 콘티, 촬영 일정, 편집본 관련 프로젝트 또는 현장 수행 경험
- 업무용 문서·보고서 작성 및 이력 관리 경험
- 유관 부서·외부 협력사와의 일정 조율 경험","- 지원서 또는 제출서류를 허위로 기재한 경우
- 채용 과정에서 요구한 증빙서류를 제출하지 못한 경우
- 채용검진 결과 직무 수행이 어렵다고 판단되는 경우
- 해외여행 및 근무에 결격사유가 있는 경우
- 관련 법령 또는 내부 인사규정상 채용이 불가능한 경우",서류전형 > 1차면접 > 2차면접 > 채용검진
1845,PD·감독 프로젝트 인재 모집,42,185,20260201,20260228,14,경력 3년 이상,무기계약직,부산광역시,학력무관,"PD·감독 포지션은 방송·디지털 콘텐츠 기획과 촬영 현장 연출 역할입니다. 담당 업무의 목표와 우선순위를 명확히 설정하고, 일정과 품질 기준을 함께 관리합니다.

기획안, 콘티, 촬영 일정, 편집본를 중심으로 실무를 수행하며, 요구사항과 결과물을 문서화해 업무 흐름이 누락되지 않도록 합니다.

기획·운영·현장 담당자 및 외부 협력 파트너와 수시로 협업합니다. 변경 사항은 영향 범위를 검토한 뒤 대안을 제시하고 합의된 방식으로 반영합니다.

문제 발생 시 사실관계와 원인을 먼저 확인하고, 재발 방지 방안을 업무 절차에 반영합니다. 입사 후에는 담당 영역의 실행력을 높이고, 정확성·일정 준수·이용자 관점의 완성도를 중요한 기준으로 삼습니다.","- 기획안, 콘티, 촬영 일정, 편집본 관련 업무 계획 수립 및 실행
- 담당 과제의 일정·진행 현황 관리
- 업무 산출물 작성 및 검토 이력 관리
- 유관 부서 및 외부 협력 대상과 실무 조율
- 현장·시스템·자료에서 발생한 이슈 분석 및 조치
- 운영 기준과 체크리스트 개선
- 결과 데이터 또는 피드백을 반영한 품질 개선","- 경력 3년 이상 조건에 맞는 관련 실무 경험 또는 역량 보유
- 기획안, 콘티, 촬영 일정, 편집본에 필요한 도구·절차를 이해하고 실무 적용이 가능한 분
- 업무 내용을 정확히 기록하고 일정에 맞춰 결과물을 제출할 수 있는 분
- 유관 부서와 원활하게 소통하며 협업할 수 있는 분
- 근무지 출퇴근 및 직무 수행이 가능한 분","- 영상편집기능사 보유자
- 컴퓨터그래픽스운용기능사 보유자
- 기획안, 콘티, 촬영 일정, 편집본 관련 프로젝트 또는 현장 수행 경험
- 업무용 문서·보고서 작성 및 이력 관리 경험
- 유관 부서·외부 협력사와의 일정 조율 경험","- 지원서 또는 제출서류를 허위로 기재한 경우
- 채용 과정에서 요구한 증빙서류를 제출하지 못한 경우
- 채용검진 결과 직무 수행이 어렵다고 판단되는 경우
- 해외여행 및 근무에 결격사유가 있는 경우
- 관련 법령 또는 내부 인사규정상 채용이 불가능한 경우",서류전형 > 실무면접 > 최종면접
1846,PD·감독 전담 인력 채용,17,185,20260306,20260405,16,경력 무관,기간제,광주광역시,전문학사 이상,"PD·감독 포지션은 방송·디지털 콘텐츠 기획과 촬영 현장 연출 역할입니다. 담당 업무의 목표와 우선순위를 명확히 설정하고, 일정과 품질 기준을 함께 관리합니다.

기획안, 콘티, 촬영 일정, 편집본를 중심으로 실무를 수행하며, 요구사항과 결과물을 문서화해 업무 흐름이 누락되지 않도록 합니다.

기획·운영·현장 담당자 및 외부 협력 파트너와 수시로 협업합니다. 변경 사항은 영향 범위를 검토한 뒤 대안을 제시하고 합의된 방식으로 반영합니다.

문제 발생 시 사실관계와 원인을 먼저 확인하고, 재발 방지 방안을 업무 절차에 반영합니다. 입사 후에는 담당 영역의 실행력을 높이고, 정확성·일정 준수·이용자 관점의 완성도를 중요한 기준으로 삼습니다.","- 기획안, 콘티, 촬영 일정, 편집본 관련 업무 계획 수립 및 실행
- 담당 과제의 일정·진행 현황 관리
- 업무 산출물 작성 및 검토 이력 관리
- 유관 부서 및 외부 협력 대상과 실무 조율
- 현장·시스템·자료에서 발생한 이슈 분석 및 조치
- 운영 기준과 체크리스트 개선
- 결과 데이터 또는 피드백을 반영한 품질 개선","- 경력 무관 조건에 맞는 관련 실무 경험 또는 역량 보유
- 기획안, 콘티, 촬영 일정, 편집본에 필요한 도구·절차를 이해하고 실무 적용이 가능한 분
- 업무 내용을 정확히 기록하고 일정에 맞춰 결과물을 제출할 수 있는 분
- 유관 부서와 원활하게 소통하며 협업할 수 있는 분
- 근무지 출퇴근 및 직무 수행이 가능한 분","- 영상편집기능사 보유자
- 컴퓨터그래픽스운용기능사 보유자
- 기획안, 콘티, 촬영 일정, 편집본 관련 프로젝트 또는 현장 수행 경험
- 업무용 문서·보고서 작성 및 이력 관리 경험
- 유관 부서·외부 협력사와의 일정 조율 경험","- 지원서 또는 제출서류를 허위로 기재한 경우
- 채용 과정에서 요구한 증빙서류를 제출하지 못한 경우
- 채용검진 결과 직무 수행이 어렵다고 판단되는 경우
- 해외여행 및 근무에 결격사유가 있는 경우
- 관련 법령 또는 내부 인사규정상 채용이 불가능한 경우",서류전형 > 인성검사 > 실무면접 > 최종면접
1847,PD·감독 실무 인재 모집,58,185,20260411,20260514,18,경력 5년 이상,정규직,세종특별자치시,학사 이상,"PD·감독 포지션은 방송·디지털 콘텐츠 기획과 촬영 현장 연출 역할입니다. 담당 업무의 목표와 우선순위를 명확히 설정하고, 일정과 품질 기준을 함께 관리합니다.

기획안, 콘티, 촬영 일정, 편집본를 중심으로 실무를 수행하며, 요구사항과 결과물을 문서화해 업무 흐름이 누락되지 않도록 합니다.

기획·운영·현장 담당자 및 외부 협력 파트너와 수시로 협업합니다. 변경 사항은 영향 범위를 검토한 뒤 대안을 제시하고 합의된 방식으로 반영합니다.

문제 발생 시 사실관계와 원인을 먼저 확인하고, 재발 방지 방안을 업무 절차에 반영합니다. 입사 후에는 담당 영역의 실행력을 높이고, 정확성·일정 준수·이용자 관점의 완성도를 중요한 기준으로 삼습니다.","- 기획안, 콘티, 촬영 일정, 편집본 관련 업무 계획 수립 및 실행
- 담당 과제의 일정·진행 현황 관리
- 업무 산출물 작성 및 검토 이력 관리
- 유관 부서 및 외부 협력 대상과 실무 조율
- 현장·시스템·자료에서 발생한 이슈 분석 및 조치
- 운영 기준과 체크리스트 개선
- 결과 데이터 또는 피드백을 반영한 품질 개선","- 경력 5년 이상 조건에 맞는 관련 실무 경험 또는 역량 보유
- 기획안, 콘티, 촬영 일정, 편집본에 필요한 도구·절차를 이해하고 실무 적용이 가능한 분
- 업무 내용을 정확히 기록하고 일정에 맞춰 결과물을 제출할 수 있는 분
- 유관 부서와 원활하게 소통하며 협업할 수 있는 분
- 근무지 출퇴근 및 직무 수행이 가능한 분","- 영상편집기능사 보유자
- 컴퓨터그래픽스운용기능사 보유자
- 기획안, 콘티, 촬영 일정, 편집본 관련 프로젝트 또는 현장 수행 경험
- 업무용 문서·보고서 작성 및 이력 관리 경험
- 유관 부서·외부 협력사와의 일정 조율 경험","- 지원서 또는 제출서류를 허위로 기재한 경우
- 채용 과정에서 요구한 증빙서류를 제출하지 못한 경우
- 채용검진 결과 직무 수행이 어렵다고 판단되는 경우
- 해외여행 및 근무에 결격사유가 있는 경우
- 관련 법령 또는 내부 인사규정상 채용이 불가능한 경우",서류전형 > 직무과제 > 실무면접 > 처우협의
1848,PD·감독 담당자 공개채용,136,185,20260516,20260621,20,신입·경력,계약직,충청남도,학력무관,"PD·감독 포지션은 방송·디지털 콘텐츠 기획과 촬영 현장 연출 역할입니다. 담당 업무의 목표와 우선순위를 명확히 설정하고, 일정과 품질 기준을 함께 관리합니다.

기획안, 콘티, 촬영 일정, 편집본를 중심으로 실무를 수행하며, 요구사항과 결과물을 문서화해 업무 흐름이 누락되지 않도록 합니다.

기획·운영·현장 담당자 및 외부 협력 파트너와 수시로 협업합니다. 변경 사항은 영향 범위를 검토한 뒤 대안을 제시하고 합의된 방식으로 반영합니다.

문제 발생 시 사실관계와 원인을 먼저 확인하고, 재발 방지 방안을 업무 절차에 반영합니다. 입사 후에는 담당 영역의 실행력을 높이고, 정확성·일정 준수·이용자 관점의 완성도를 중요한 기준으로 삼습니다.","- 기획안, 콘티, 촬영 일정, 편집본 관련 업무 계획 수립 및 실행
- 담당 과제의 일정·진행 현황 관리
- 업무 산출물 작성 및 검토 이력 관리
- 유관 부서 및 외부 협력 대상과 실무 조율
- 현장·시스템·자료에서 발생한 이슈 분석 및 조치
- 운영 기준과 체크리스트 개선
- 결과 데이터 또는 피드백을 반영한 품질 개선","- 신입·경력 조건에 맞는 관련 실무 경험 또는 역량 보유
- 기획안, 콘티, 촬영 일정, 편집본에 필요한 도구·절차를 이해하고 실무 적용이 가능한 분
- 업무 내용을 정확히 기록하고 일정에 맞춰 결과물을 제출할 수 있는 분
- 유관 부서와 원활하게 소통하며 협업할 수 있는 분
- 근무지 출퇴근 및 직무 수행이 가능한 분","- 영상편집기능사 보유자
- 컴퓨터그래픽스운용기능사 보유자
- 기획안, 콘티, 촬영 일정, 편집본 관련 프로젝트 또는 현장 수행 경험
- 업무용 문서·보고서 작성 및 이력 관리 경험
- 유관 부서·외부 협력사와의 일정 조율 경험","- 지원서 또는 제출서류를 허위로 기재한 경우
- 채용 과정에서 요구한 증빙서류를 제출하지 못한 경우
- 채용검진 결과 직무 수행이 어렵다고 판단되는 경우
- 해외여행 및 근무에 결격사유가 있는 경우
- 관련 법령 또는 내부 인사규정상 채용이 불가능한 경우",서류전형 > 1차면접 > 2차면접 > 채용검진
1849,PD·감독 정규직 모집,1,185,20260621,20260730,2,경력 2년 이상,정규직,경상남도,학사 이상,"PD·감독 포지션은 방송·디지털 콘텐츠 기획과 촬영 현장 연출 역할입니다. 담당 업무의 목표와 우선순위를 명확히 설정하고, 일정과 품질 기준을 함께 관리합니다.

기획안, 콘티, 촬영 일정, 편집본를 중심으로 실무를 수행하며, 요구사항과 결과물을 문서화해 업무 흐름이 누락되지 않도록 합니다.

기획·운영·현장 담당자 및 외부 협력 파트너와 수시로 협업합니다. 변경 사항은 영향 범위를 검토한 뒤 대안을 제시하고 합의된 방식으로 반영합니다.

문제 발생 시 사실관계와 원인을 먼저 확인하고, 재발 방지 방안을 업무 절차에 반영합니다. 입사 후에는 담당 영역의 실행력을 높이고, 정확성·일정 준수·이용자 관점의 완성도를 중요한 기준으로 삼습니다.","- 기획안, 콘티, 촬영 일정, 편집본 관련 업무 계획 수립 및 실행
- 담당 과제의 일정·진행 현황 관리
- 업무 산출물 작성 및 검토 이력 관리
- 유관 부서 및 외부 협력 대상과 실무 조율
- 현장·시스템·자료에서 발생한 이슈 분석 및 조치
- 운영 기준과 체크리스트 개선
- 결과 데이터 또는 피드백을 반영한 품질 개선","- 경력 2년 이상 조건에 맞는 관련 실무 경험 또는 역량 보유
- 기획안, 콘티, 촬영 일정, 편집본에 필요한 도구·절차를 이해하고 실무 적용이 가능한 분
- 업무 내용을 정확히 기록하고 일정에 맞춰 결과물을 제출할 수 있는 분
- 유관 부서와 원활하게 소통하며 협업할 수 있는 분
- 근무지 출퇴근 및 직무 수행이 가능한 분","- 영상편집기능사 보유자
- 컴퓨터그래픽스운용기능사 보유자
- 기획안, 콘티, 촬영 일정, 편집본 관련 프로젝트 또는 현장 수행 경험
- 업무용 문서·보고서 작성 및 이력 관리 경험
- 유관 부서·외부 협력사와의 일정 조율 경험","- 지원서 또는 제출서류를 허위로 기재한 경우
- 채용 과정에서 요구한 증빙서류를 제출하지 못한 경우
- 채용검진 결과 직무 수행이 어렵다고 판단되는 경우
- 해외여행 및 근무에 결격사유가 있는 경우
- 관련 법령 또는 내부 인사규정상 채용이 불가능한 경우",서류전형 > 실무면접 > 최종면접
1850,PD·감독 채용,42,185,20260701,20260812,4,경력,정규직,전북특별자치도,전문학사 이상,"PD·감독 포지션은 방송·디지털 콘텐츠 기획과 촬영 현장 연출 역할입니다. 담당 업무의 목표와 우선순위를 명확히 설정하고, 일정과 품질 기준을 함께 관리합니다.

기획안, 콘티, 촬영 일정, 편집본를 중심으로 실무를 수행하며, 요구사항과 결과물을 문서화해 업무 흐름이 누락되지 않도록 합니다.

기획·운영·현장 담당자 및 외부 협력 파트너와 수시로 협업합니다. 변경 사항은 영향 범위를 검토한 뒤 대안을 제시하고 합의된 방식으로 반영합니다.

문제 발생 시 사실관계와 원인을 먼저 확인하고, 재발 방지 방안을 업무 절차에 반영합니다. 입사 후에는 담당 영역의 실행력을 높이고, 정확성·일정 준수·이용자 관점의 완성도를 중요한 기준으로 삼습니다.","- 기획안, 콘티, 촬영 일정, 편집본 관련 업무 계획 수립 및 실행
- 담당 과제의 일정·진행 현황 관리
- 업무 산출물 작성 및 검토 이력 관리
- 유관 부서 및 외부 협력 대상과 실무 조율
- 현장·시스템·자료에서 발생한 이슈 분석 및 조치
- 운영 기준과 체크리스트 개선
- 결과 데이터 또는 피드백을 반영한 품질 개선","- 경력 조건에 맞는 관련 실무 경험 또는 역량 보유
- 기획안, 콘티, 촬영 일정, 편집본에 필요한 도구·절차를 이해하고 실무 적용이 가능한 분
- 업무 내용을 정확히 기록하고 일정에 맞춰 결과물을 제출할 수 있는 분
- 유관 부서와 원활하게 소통하며 협업할 수 있는 분
- 근무지 출퇴근 및 직무 수행이 가능한 분","- 영상편집기능사 보유자
- 컴퓨터그래픽스운용기능사 보유자
- 기획안, 콘티, 촬영 일정, 편집본 관련 프로젝트 또는 현장 수행 경험
- 업무용 문서·보고서 작성 및 이력 관리 경험
- 유관 부서·외부 협력사와의 일정 조율 경험","- 지원서 또는 제출서류를 허위로 기재한 경우
- 채용 과정에서 요구한 증빙서류를 제출하지 못한 경우
- 채용검진 결과 직무 수행이 어렵다고 판단되는 경우
- 해외여행 및 근무에 결격사유가 있는 경우
- 관련 법령 또는 내부 인사규정상 채용이 불가능한 경우",서류전형 > 인성검사 > 실무면접 > 최종면접
1851,포토그래퍼 담당자 모집,122,186,20260809,20260825,7,신입,정규직,서울특별시,학력무관,"포토그래퍼 포지션은 브랜드 및 행사 사진 촬영과 결과물 관리 역할입니다. 담당 업무의 목표와 우선순위를 명확히 설정하고, 일정과 품질 기준을 함께 관리합니다.

촬영 콘셉트, 카메라 세팅, 후보정, 납품를 중심으로 실무를 수행하며, 요구사항과 결과물을 문서화해 업무 흐름이 누락되지 않도록 합니다.

기획·운영·현장 담당자 및 외부 협력 파트너와 수시로 협업합니다. 변경 사항은 영향 범위를 검토한 뒤 대안을 제시하고 합의된 방식으로 반영합니다.

문제 발생 시 사실관계와 원인을 먼저 확인하고, 재발 방지 방안을 업무 절차에 반영합니다. 입사 후에는 담당 영역의 실행력을 높이고, 정확성·일정 준수·이용자 관점의 완성도를 중요한 기준으로 삼습니다.","- 촬영 콘셉트, 카메라 세팅, 후보정, 납품 관련 업무 계획 수립 및 실행
- 담당 과제의 일정·진행 현황 관리
- 업무 산출물 작성 및 검토 이력 관리
- 유관 부서 및 외부 협력 대상과 실무 조율
- 현장·시스템·자료에서 발생한 이슈 분석 및 조치
- 운영 기준과 체크리스트 개선
- 결과 데이터 또는 피드백을 반영한 품질 개선","- 신입 조건에 맞는 관련 실무 경험 또는 역량 보유
- 촬영 콘셉트, 카메라 세팅, 후보정, 납품에 필요한 도구·절차를 이해하고 실무 적용이 가능한 분
- 업무 내용을 정확히 기록하고 일정에 맞춰 결과물을 제출할 수 있는 분
- 유관 부서와 원활하게 소통하며 협업할 수 있는 분
- 근무지 출퇴근 및 직무 수행이 가능한 분","- 사진기능사 보유자
- 컴퓨터그래픽스운용기능사 보유자
- 촬영 콘셉트, 카메라 세팅, 후보정, 납품 관련 프로젝트 또는 현장 수행 경험
- 업무용 문서·보고서 작성 및 이력 관리 경험
- 유관 부서·외부 협력사와의 일정 조율 경험","- 지원서 또는 제출서류를 허위로 기재한 경우
- 채용 과정에서 요구한 증빙서류를 제출하지 못한 경우
- 채용검진 결과 직무 수행이 어렵다고 판단되는 경우
- 해외여행 및 근무에 결격사유가 있는 경우
- 관련 법령 또는 내부 인사규정상 채용이 불가능한 경우",서류전형 > 실무면접 > 최종면접
1852,포토그래퍼 실무자 채용,137,186,20260914,20261003,9,경력,계약직,경기도,전문학사 이상,"포토그래퍼 포지션은 브랜드 및 행사 사진 촬영과 결과물 관리 역할입니다. 담당 업무의 목표와 우선순위를 명확히 설정하고, 일정과 품질 기준을 함께 관리합니다.

촬영 콘셉트, 카메라 세팅, 후보정, 납품를 중심으로 실무를 수행하며, 요구사항과 결과물을 문서화해 업무 흐름이 누락되지 않도록 합니다.

기획·운영·현장 담당자 및 외부 협력 파트너와 수시로 협업합니다. 변경 사항은 영향 범위를 검토한 뒤 대안을 제시하고 합의된 방식으로 반영합니다.

문제 발생 시 사실관계와 원인을 먼저 확인하고, 재발 방지 방안을 업무 절차에 반영합니다. 입사 후에는 담당 영역의 실행력을 높이고, 정확성·일정 준수·이용자 관점의 완성도를 중요한 기준으로 삼습니다.","- 촬영 콘셉트, 카메라 세팅, 후보정, 납품 관련 업무 계획 수립 및 실행
- 담당 과제의 일정·진행 현황 관리
- 업무 산출물 작성 및 검토 이력 관리
- 유관 부서 및 외부 협력 대상과 실무 조율
- 현장·시스템·자료에서 발생한 이슈 분석 및 조치
- 운영 기준과 체크리스트 개선
- 결과 데이터 또는 피드백을 반영한 품질 개선","- 경력 조건에 맞는 관련 실무 경험 또는 역량 보유
- 촬영 콘셉트, 카메라 세팅, 후보정, 납품에 필요한 도구·절차를 이해하고 실무 적용이 가능한 분
- 업무 내용을 정확히 기록하고 일정에 맞춰 결과물을 제출할 수 있는 분
- 유관 부서와 원활하게 소통하며 협업할 수 있는 분
- 근무지 출퇴근 및 직무 수행이 가능한 분","- 사진기능사 보유자
- 컴퓨터그래픽스운용기능사 보유자
- 촬영 콘셉트, 카메라 세팅, 후보정, 납품 관련 프로젝트 또는 현장 수행 경험
- 업무용 문서·보고서 작성 및 이력 관리 경험
- 유관 부서·외부 협력사와의 일정 조율 경험","- 지원서 또는 제출서류를 허위로 기재한 경우
- 채용 과정에서 요구한 증빙서류를 제출하지 못한 경우
- 채용검진 결과 직무 수행이 어렵다고 판단되는 경우
- 해외여행 및 근무에 결격사유가 있는 경우
- 관련 법령 또는 내부 인사규정상 채용이 불가능한 경우",서류전형 > 인성검사 > 실무면접 > 최종면접
1853,포토그래퍼 전문인력 채용,132,186,20261019,20261110,11,신입·경력,정규직,인천광역시,학사 이상,"포토그래퍼 포지션은 브랜드 및 행사 사진 촬영과 결과물 관리 역할입니다. 담당 업무의 목표와 우선순위를 명확히 설정하고, 일정과 품질 기준을 함께 관리합니다.

촬영 콘셉트, 카메라 세팅, 후보정, 납품를 중심으로 실무를 수행하며, 요구사항과 결과물을 문서화해 업무 흐름이 누락되지 않도록 합니다.

기획·운영·현장 담당자 및 외부 협력 파트너와 수시로 협업합니다. 변경 사항은 영향 범위를 검토한 뒤 대안을 제시하고 합의된 방식으로 반영합니다.

문제 발생 시 사실관계와 원인을 먼저 확인하고, 재발 방지 방안을 업무 절차에 반영합니다. 입사 후에는 담당 영역의 실행력을 높이고, 정확성·일정 준수·이용자 관점의 완성도를 중요한 기준으로 삼습니다.","- 촬영 콘셉트, 카메라 세팅, 후보정, 납품 관련 업무 계획 수립 및 실행
- 담당 과제의 일정·진행 현황 관리
- 업무 산출물 작성 및 검토 이력 관리
- 유관 부서 및 외부 협력 대상과 실무 조율
- 현장·시스템·자료에서 발생한 이슈 분석 및 조치
- 운영 기준과 체크리스트 개선
- 결과 데이터 또는 피드백을 반영한 품질 개선","- 신입·경력 조건에 맞는 관련 실무 경험 또는 역량 보유
- 촬영 콘셉트, 카메라 세팅, 후보정, 납품에 필요한 도구·절차를 이해하고 실무 적용이 가능한 분
- 업무 내용을 정확히 기록하고 일정에 맞춰 결과물을 제출할 수 있는 분
- 유관 부서와 원활하게 소통하며 협업할 수 있는 분
- 근무지 출퇴근 및 직무 수행이 가능한 분","- 사진기능사 보유자
- 컴퓨터그래픽스운용기능사 보유자
- 촬영 콘셉트, 카메라 세팅, 후보정, 납품 관련 프로젝트 또는 현장 수행 경험
- 업무용 문서·보고서 작성 및 이력 관리 경험
- 유관 부서·외부 협력사와의 일정 조율 경험","- 지원서 또는 제출서류를 허위로 기재한 경우
- 채용 과정에서 요구한 증빙서류를 제출하지 못한 경우
- 채용검진 결과 직무 수행이 어렵다고 판단되는 경우
- 해외여행 및 근무에 결격사유가 있는 경우
- 관련 법령 또는 내부 인사규정상 채용이 불가능한 경우",서류전형 > 직무과제 > 실무면접 > 처우협의
1854,포토그래퍼 운영 담당 채용,83,186,20260224,20260321,13,경력 2년 이상,정규직,대전광역시,학사 이상,"포토그래퍼 포지션은 브랜드 및 행사 사진 촬영과 결과물 관리 역할입니다. 담당 업무의 목표와 우선순위를 명확히 설정하고, 일정과 품질 기준을 함께 관리합니다.

촬영 콘셉트, 카메라 세팅, 후보정, 납품를 중심으로 실무를 수행하며, 요구사항과 결과물을 문서화해 업무 흐름이 누락되지 않도록 합니다.

기획·운영·현장 담당자 및 외부 협력 파트너와 수시로 협업합니다. 변경 사항은 영향 범위를 검토한 뒤 대안을 제시하고 합의된 방식으로 반영합니다.

문제 발생 시 사실관계와 원인을 먼저 확인하고, 재발 방지 방안을 업무 절차에 반영합니다. 입사 후에는 담당 영역의 실행력을 높이고, 정확성·일정 준수·이용자 관점의 완성도를 중요한 기준으로 삼습니다.","- 촬영 콘셉트, 카메라 세팅, 후보정, 납품 관련 업무 계획 수립 및 실행
- 담당 과제의 일정·진행 현황 관리
- 업무 산출물 작성 및 검토 이력 관리
- 유관 부서 및 외부 협력 대상과 실무 조율
- 현장·시스템·자료에서 발생한 이슈 분석 및 조치
- 운영 기준과 체크리스트 개선
- 결과 데이터 또는 피드백을 반영한 품질 개선","- 경력 2년 이상 조건에 맞는 관련 실무 경험 또는 역량 보유
- 촬영 콘셉트, 카메라 세팅, 후보정, 납품에 필요한 도구·절차를 이해하고 실무 적용이 가능한 분
- 업무 내용을 정확히 기록하고 일정에 맞춰 결과물을 제출할 수 있는 분
- 유관 부서와 원활하게 소통하며 협업할 수 있는 분
- 근무지 출퇴근 및 직무 수행이 가능한 분","- 사진기능사 보유자
- 컴퓨터그래픽스운용기능사 보유자
- 촬영 콘셉트, 카메라 세팅, 후보정, 납품 관련 프로젝트 또는 현장 수행 경험
- 업무용 문서·보고서 작성 및 이력 관리 경험
- 유관 부서·외부 협력사와의 일정 조율 경험","- 지원서 또는 제출서류를 허위로 기재한 경우
- 채용 과정에서 요구한 증빙서류를 제출하지 못한 경우
- 채용검진 결과 직무 수행이 어렵다고 판단되는 경우
- 해외여행 및 근무에 결격사유가 있는 경우
- 관련 법령 또는 내부 인사규정상 채용이 불가능한 경우",서류전형 > 1차면접 > 2차면접 > 채용검진
1855,포토그래퍼 프로젝트 인재 모집,103,186,20260304,20260401,15,경력 3년 이상,무기계약직,부산광역시,학력무관,"포토그래퍼 포지션은 브랜드 및 행사 사진 촬영과 결과물 관리 역할입니다. 담당 업무의 목표와 우선순위를 명확히 설정하고, 일정과 품질 기준을 함께 관리합니다.

촬영 콘셉트, 카메라 세팅, 후보정, 납품를 중심으로 실무를 수행하며, 요구사항과 결과물을 문서화해 업무 흐름이 누락되지 않도록 합니다.

기획·운영·현장 담당자 및 외부 협력 파트너와 수시로 협업합니다. 변경 사항은 영향 범위를 검토한 뒤 대안을 제시하고 합의된 방식으로 반영합니다.

문제 발생 시 사실관계와 원인을 먼저 확인하고, 재발 방지 방안을 업무 절차에 반영합니다. 입사 후에는 담당 영역의 실행력을 높이고, 정확성·일정 준수·이용자 관점의 완성도를 중요한 기준으로 삼습니다.","- 촬영 콘셉트, 카메라 세팅, 후보정, 납품 관련 업무 계획 수립 및 실행
- 담당 과제의 일정·진행 현황 관리
- 업무 산출물 작성 및 검토 이력 관리
- 유관 부서 및 외부 협력 대상과 실무 조율
- 현장·시스템·자료에서 발생한 이슈 분석 및 조치
- 운영 기준과 체크리스트 개선
- 결과 데이터 또는 피드백을 반영한 품질 개선","- 경력 3년 이상 조건에 맞는 관련 실무 경험 또는 역량 보유
- 촬영 콘셉트, 카메라 세팅, 후보정, 납품에 필요한 도구·절차를 이해하고 실무 적용이 가능한 분
- 업무 내용을 정확히 기록하고 일정에 맞춰 결과물을 제출할 수 있는 분
- 유관 부서와 원활하게 소통하며 협업할 수 있는 분
- 근무지 출퇴근 및 직무 수행이 가능한 분","- 사진기능사 보유자
- 컴퓨터그래픽스운용기능사 보유자
- 촬영 콘셉트, 카메라 세팅, 후보정, 납품 관련 프로젝트 또는 현장 수행 경험
- 업무용 문서·보고서 작성 및 이력 관리 경험
- 유관 부서·외부 협력사와의 일정 조율 경험","- 지원서 또는 제출서류를 허위로 기재한 경우
- 채용 과정에서 요구한 증빙서류를 제출하지 못한 경우
- 채용검진 결과 직무 수행이 어렵다고 판단되는 경우
- 해외여행 및 근무에 결격사유가 있는 경우
- 관련 법령 또는 내부 인사규정상 채용이 불가능한 경우",서류전형 > 실무면접 > 최종면접
1856,포토그래퍼 전담 인력 채용,93,186,20260409,20260510,17,경력 무관,기간제,광주광역시,전문학사 이상,"포토그래퍼 포지션은 브랜드 및 행사 사진 촬영과 결과물 관리 역할입니다. 담당 업무의 목표와 우선순위를 명확히 설정하고, 일정과 품질 기준을 함께 관리합니다.

촬영 콘셉트, 카메라 세팅, 후보정, 납품를 중심으로 실무를 수행하며, 요구사항과 결과물을 문서화해 업무 흐름이 누락되지 않도록 합니다.

기획·운영·현장 담당자 및 외부 협력 파트너와 수시로 협업합니다. 변경 사항은 영향 범위를 검토한 뒤 대안을 제시하고 합의된 방식으로 반영합니다.

문제 발생 시 사실관계와 원인을 먼저 확인하고, 재발 방지 방안을 업무 절차에 반영합니다. 입사 후에는 담당 영역의 실행력을 높이고, 정확성·일정 준수·이용자 관점의 완성도를 중요한 기준으로 삼습니다.","- 촬영 콘셉트, 카메라 세팅, 후보정, 납품 관련 업무 계획 수립 및 실행
- 담당 과제의 일정·진행 현황 관리
- 업무 산출물 작성 및 검토 이력 관리
- 유관 부서 및 외부 협력 대상과 실무 조율
- 현장·시스템·자료에서 발생한 이슈 분석 및 조치
- 운영 기준과 체크리스트 개선
- 결과 데이터 또는 피드백을 반영한 품질 개선","- 경력 무관 조건에 맞는 관련 실무 경험 또는 역량 보유
- 촬영 콘셉트, 카메라 세팅, 후보정, 납품에 필요한 도구·절차를 이해하고 실무 적용이 가능한 분
- 업무 내용을 정확히 기록하고 일정에 맞춰 결과물을 제출할 수 있는 분
- 유관 부서와 원활하게 소통하며 협업할 수 있는 분
- 근무지 출퇴근 및 직무 수행이 가능한 분","- 사진기능사 보유자
- 컴퓨터그래픽스운용기능사 보유자
- 촬영 콘셉트, 카메라 세팅, 후보정, 납품 관련 프로젝트 또는 현장 수행 경험
- 업무용 문서·보고서 작성 및 이력 관리 경험
- 유관 부서·외부 협력사와의 일정 조율 경험","- 지원서 또는 제출서류를 허위로 기재한 경우
- 채용 과정에서 요구한 증빙서류를 제출하지 못한 경우
- 채용검진 결과 직무 수행이 어렵다고 판단되는 경우
- 해외여행 및 근무에 결격사유가 있는 경우
- 관련 법령 또는 내부 인사규정상 채용이 불가능한 경우",서류전형 > 인성검사 > 실무면접 > 최종면접
1857,포토그래퍼 실무 인재 모집,156,186,20260514,20260617,19,경력 5년 이상,정규직,세종특별자치시,학사 이상,"포토그래퍼 포지션은 브랜드 및 행사 사진 촬영과 결과물 관리 역할입니다. 담당 업무의 목표와 우선순위를 명확히 설정하고, 일정과 품질 기준을 함께 관리합니다.

촬영 콘셉트, 카메라 세팅, 후보정, 납품를 중심으로 실무를 수행하며, 요구사항과 결과물을 문서화해 업무 흐름이 누락되지 않도록 합니다.

기획·운영·현장 담당자 및 외부 협력 파트너와 수시로 협업합니다. 변경 사항은 영향 범위를 검토한 뒤 대안을 제시하고 합의된 방식으로 반영합니다.

문제 발생 시 사실관계와 원인을 먼저 확인하고, 재발 방지 방안을 업무 절차에 반영합니다. 입사 후에는 담당 영역의 실행력을 높이고, 정확성·일정 준수·이용자 관점의 완성도를 중요한 기준으로 삼습니다.","- 촬영 콘셉트, 카메라 세팅, 후보정, 납품 관련 업무 계획 수립 및 실행
- 담당 과제의 일정·진행 현황 관리
- 업무 산출물 작성 및 검토 이력 관리
- 유관 부서 및 외부 협력 대상과 실무 조율
- 현장·시스템·자료에서 발생한 이슈 분석 및 조치
- 운영 기준과 체크리스트 개선
- 결과 데이터 또는 피드백을 반영한 품질 개선","- 경력 5년 이상 조건에 맞는 관련 실무 경험 또는 역량 보유
- 촬영 콘셉트, 카메라 세팅, 후보정, 납품에 필요한 도구·절차를 이해하고 실무 적용이 가능한 분
- 업무 내용을 정확히 기록하고 일정에 맞춰 결과물을 제출할 수 있는 분
- 유관 부서와 원활하게 소통하며 협업할 수 있는 분
- 근무지 출퇴근 및 직무 수행이 가능한 분","- 사진기능사 보유자
- 컴퓨터그래픽스운용기능사 보유자
- 촬영 콘셉트, 카메라 세팅, 후보정, 납품 관련 프로젝트 또는 현장 수행 경험
- 업무용 문서·보고서 작성 및 이력 관리 경험
- 유관 부서·외부 협력사와의 일정 조율 경험","- 지원서 또는 제출서류를 허위로 기재한 경우
- 채용 과정에서 요구한 증빙서류를 제출하지 못한 경우
- 채용검진 결과 직무 수행이 어렵다고 판단되는 경우
- 해외여행 및 근무에 결격사유가 있는 경우
- 관련 법령 또는 내부 인사규정상 채용이 불가능한 경우",서류전형 > 직무과제 > 실무면접 > 처우협의
1858,포토그래퍼 담당자 공개채용,94,186,20260619,20260726,1,신입·경력,계약직,충청남도,학력무관,"포토그래퍼 포지션은 브랜드 및 행사 사진 촬영과 결과물 관리 역할입니다. 담당 업무의 목표와 우선순위를 명확히 설정하고, 일정과 품질 기준을 함께 관리합니다.

촬영 콘셉트, 카메라 세팅, 후보정, 납품를 중심으로 실무를 수행하며, 요구사항과 결과물을 문서화해 업무 흐름이 누락되지 않도록 합니다.

기획·운영·현장 담당자 및 외부 협력 파트너와 수시로 협업합니다. 변경 사항은 영향 범위를 검토한 뒤 대안을 제시하고 합의된 방식으로 반영합니다.

문제 발생 시 사실관계와 원인을 먼저 확인하고, 재발 방지 방안을 업무 절차에 반영합니다. 입사 후에는 담당 영역의 실행력을 높이고, 정확성·일정 준수·이용자 관점의 완성도를 중요한 기준으로 삼습니다.","- 촬영 콘셉트, 카메라 세팅, 후보정, 납품 관련 업무 계획 수립 및 실행
- 담당 과제의 일정·진행 현황 관리
- 업무 산출물 작성 및 검토 이력 관리
- 유관 부서 및 외부 협력 대상과 실무 조율
- 현장·시스템·자료에서 발생한 이슈 분석 및 조치
- 운영 기준과 체크리스트 개선
- 결과 데이터 또는 피드백을 반영한 품질 개선","- 신입·경력 조건에 맞는 관련 실무 경험 또는 역량 보유
- 촬영 콘셉트, 카메라 세팅, 후보정, 납품에 필요한 도구·절차를 이해하고 실무 적용이 가능한 분
- 업무 내용을 정확히 기록하고 일정에 맞춰 결과물을 제출할 수 있는 분
- 유관 부서와 원활하게 소통하며 협업할 수 있는 분
- 근무지 출퇴근 및 직무 수행이 가능한 분","- 사진기능사 보유자
- 컴퓨터그래픽스운용기능사 보유자
- 촬영 콘셉트, 카메라 세팅, 후보정, 납품 관련 프로젝트 또는 현장 수행 경험
- 업무용 문서·보고서 작성 및 이력 관리 경험
- 유관 부서·외부 협력사와의 일정 조율 경험","- 지원서 또는 제출서류를 허위로 기재한 경우
- 채용 과정에서 요구한 증빙서류를 제출하지 못한 경우
- 채용검진 결과 직무 수행이 어렵다고 판단되는 경우
- 해외여행 및 근무에 결격사유가 있는 경우
- 관련 법령 또는 내부 인사규정상 채용이 불가능한 경우",서류전형 > 1차면접 > 2차면접 > 채용검진
1859,포토그래퍼 정규직 모집,90,186,20260724,20260902,3,경력 2년 이상,정규직,경상남도,학사 이상,"포토그래퍼 포지션은 브랜드 및 행사 사진 촬영과 결과물 관리 역할입니다. 담당 업무의 목표와 우선순위를 명확히 설정하고, 일정과 품질 기준을 함께 관리합니다.

촬영 콘셉트, 카메라 세팅, 후보정, 납품를 중심으로 실무를 수행하며, 요구사항과 결과물을 문서화해 업무 흐름이 누락되지 않도록 합니다.

기획·운영·현장 담당자 및 외부 협력 파트너와 수시로 협업합니다. 변경 사항은 영향 범위를 검토한 뒤 대안을 제시하고 합의된 방식으로 반영합니다.

문제 발생 시 사실관계와 원인을 먼저 확인하고, 재발 방지 방안을 업무 절차에 반영합니다. 입사 후에는 담당 영역의 실행력을 높이고, 정확성·일정 준수·이용자 관점의 완성도를 중요한 기준으로 삼습니다.","- 촬영 콘셉트, 카메라 세팅, 후보정, 납품 관련 업무 계획 수립 및 실행
- 담당 과제의 일정·진행 현황 관리
- 업무 산출물 작성 및 검토 이력 관리
- 유관 부서 및 외부 협력 대상과 실무 조율
- 현장·시스템·자료에서 발생한 이슈 분석 및 조치
- 운영 기준과 체크리스트 개선
- 결과 데이터 또는 피드백을 반영한 품질 개선","- 경력 2년 이상 조건에 맞는 관련 실무 경험 또는 역량 보유
- 촬영 콘셉트, 카메라 세팅, 후보정, 납품에 필요한 도구·절차를 이해하고 실무 적용이 가능한 분
- 업무 내용을 정확히 기록하고 일정에 맞춰 결과물을 제출할 수 있는 분
- 유관 부서와 원활하게 소통하며 협업할 수 있는 분
- 근무지 출퇴근 및 직무 수행이 가능한 분","- 사진기능사 보유자
- 컴퓨터그래픽스운용기능사 보유자
- 촬영 콘셉트, 카메라 세팅, 후보정, 납품 관련 프로젝트 또는 현장 수행 경험
- 업무용 문서·보고서 작성 및 이력 관리 경험
- 유관 부서·외부 협력사와의 일정 조율 경험","- 지원서 또는 제출서류를 허위로 기재한 경우
- 채용 과정에서 요구한 증빙서류를 제출하지 못한 경우
- 채용검진 결과 직무 수행이 어렵다고 판단되는 경우
- 해외여행 및 근무에 결격사유가 있는 경우
- 관련 법령 또는 내부 인사규정상 채용이 불가능한 경우",서류전형 > 실무면접 > 최종면접
1860,포토그래퍼 채용,100,186,20260804,20260916,5,경력,정규직,전북특별자치도,전문학사 이상,"포토그래퍼 포지션은 브랜드 및 행사 사진 촬영과 결과물 관리 역할입니다. 담당 업무의 목표와 우선순위를 명확히 설정하고, 일정과 품질 기준을 함께 관리합니다.

촬영 콘셉트, 카메라 세팅, 후보정, 납품를 중심으로 실무를 수행하며, 요구사항과 결과물을 문서화해 업무 흐름이 누락되지 않도록 합니다.

기획·운영·현장 담당자 및 외부 협력 파트너와 수시로 협업합니다. 변경 사항은 영향 범위를 검토한 뒤 대안을 제시하고 합의된 방식으로 반영합니다.

문제 발생 시 사실관계와 원인을 먼저 확인하고, 재발 방지 방안을 업무 절차에 반영합니다. 입사 후에는 담당 영역의 실행력을 높이고, 정확성·일정 준수·이용자 관점의 완성도를 중요한 기준으로 삼습니다.","- 촬영 콘셉트, 카메라 세팅, 후보정, 납품 관련 업무 계획 수립 및 실행
- 담당 과제의 일정·진행 현황 관리
- 업무 산출물 작성 및 검토 이력 관리
- 유관 부서 및 외부 협력 대상과 실무 조율
- 현장·시스템·자료에서 발생한 이슈 분석 및 조치
- 운영 기준과 체크리스트 개선
- 결과 데이터 또는 피드백을 반영한 품질 개선","- 경력 조건에 맞는 관련 실무 경험 또는 역량 보유
- 촬영 콘셉트, 카메라 세팅, 후보정, 납품에 필요한 도구·절차를 이해하고 실무 적용이 가능한 분
- 업무 내용을 정확히 기록하고 일정에 맞춰 결과물을 제출할 수 있는 분
- 유관 부서와 원활하게 소통하며 협업할 수 있는 분
- 근무지 출퇴근 및 직무 수행이 가능한 분","- 사진기능사 보유자
- 컴퓨터그래픽스운용기능사 보유자
- 촬영 콘셉트, 카메라 세팅, 후보정, 납품 관련 프로젝트 또는 현장 수행 경험
- 업무용 문서·보고서 작성 및 이력 관리 경험
- 유관 부서·외부 협력사와의 일정 조율 경험","- 지원서 또는 제출서류를 허위로 기재한 경우
- 채용 과정에서 요구한 증빙서류를 제출하지 못한 경우
- 채용검진 결과 직무 수행이 어렵다고 판단되는 경우
- 해외여행 및 근무에 결격사유가 있는 경우
- 관련 법령 또는 내부 인사규정상 채용이 불가능한 경우",서류전형 > 인성검사 > 실무면접 > 최종면접
1861,영상편집자 담당자 모집,31,187,20260912,20260929,8,신입,정규직,서울특별시,학력무관,"영상편집자 포지션은 영상 원본을 목적에 맞는 완성본으로 편집 역할입니다. 담당 업무의 목표와 우선순위를 명확히 설정하고, 일정과 품질 기준을 함께 관리합니다.

프리미어 프로, 애프터이펙트, 색보정, 자막를 중심으로 실무를 수행하며, 요구사항과 결과물을 문서화해 업무 흐름이 누락되지 않도록 합니다.

기획·운영·현장 담당자 및 외부 협력 파트너와 수시로 협업합니다. 변경 사항은 영향 범위를 검토한 뒤 대안을 제시하고 합의된 방식으로 반영합니다.

문제 발생 시 사실관계와 원인을 먼저 확인하고, 재발 방지 방안을 업무 절차에 반영합니다. 입사 후에는 담당 영역의 실행력을 높이고, 정확성·일정 준수·이용자 관점의 완성도를 중요한 기준으로 삼습니다.","- 프리미어 프로, 애프터이펙트, 색보정, 자막 관련 업무 계획 수립 및 실행
- 담당 과제의 일정·진행 현황 관리
- 업무 산출물 작성 및 검토 이력 관리
- 유관 부서 및 외부 협력 대상과 실무 조율
- 현장·시스템·자료에서 발생한 이슈 분석 및 조치
- 운영 기준과 체크리스트 개선
- 결과 데이터 또는 피드백을 반영한 품질 개선","- 신입 조건에 맞는 관련 실무 경험 또는 역량 보유
- 프리미어 프로, 애프터이펙트, 색보정, 자막에 필요한 도구·절차를 이해하고 실무 적용이 가능한 분
- 업무 내용을 정확히 기록하고 일정에 맞춰 결과물을 제출할 수 있는 분
- 유관 부서와 원활하게 소통하며 협업할 수 있는 분
- 근무지 출퇴근 및 직무 수행이 가능한 분","- 영상편집기능사 보유자
- 컴퓨터그래픽스운용기능사 보유자
- 프리미어 프로, 애프터이펙트, 색보정, 자막 관련 프로젝트 또는 현장 수행 경험
- 업무용 문서·보고서 작성 및 이력 관리 경험
- 유관 부서·외부 협력사와의 일정 조율 경험","- 지원서 또는 제출서류를 허위로 기재한 경우
- 채용 과정에서 요구한 증빙서류를 제출하지 못한 경우
- 채용검진 결과 직무 수행이 어렵다고 판단되는 경우
- 해외여행 및 근무에 결격사유가 있는 경우
- 관련 법령 또는 내부 인사규정상 채용이 불가능한 경우",서류전형 > 실무면접 > 최종면접
1862,영상편집자 실무자 채용,45,187,20261017,20261106,10,경력,계약직,경기도,전문학사 이상,"영상편집자 포지션은 영상 원본을 목적에 맞는 완성본으로 편집 역할입니다. 담당 업무의 목표와 우선순위를 명확히 설정하고, 일정과 품질 기준을 함께 관리합니다.

프리미어 프로, 애프터이펙트, 색보정, 자막를 중심으로 실무를 수행하며, 요구사항과 결과물을 문서화해 업무 흐름이 누락되지 않도록 합니다.

기획·운영·현장 담당자 및 외부 협력 파트너와 수시로 협업합니다. 변경 사항은 영향 범위를 검토한 뒤 대안을 제시하고 합의된 방식으로 반영합니다.

문제 발생 시 사실관계와 원인을 먼저 확인하고, 재발 방지 방안을 업무 절차에 반영합니다. 입사 후에는 담당 영역의 실행력을 높이고, 정확성·일정 준수·이용자 관점의 완성도를 중요한 기준으로 삼습니다.","- 프리미어 프로, 애프터이펙트, 색보정, 자막 관련 업무 계획 수립 및 실행
- 담당 과제의 일정·진행 현황 관리
- 업무 산출물 작성 및 검토 이력 관리
- 유관 부서 및 외부 협력 대상과 실무 조율
- 현장·시스템·자료에서 발생한 이슈 분석 및 조치
- 운영 기준과 체크리스트 개선
- 결과 데이터 또는 피드백을 반영한 품질 개선","- 경력 조건에 맞는 관련 실무 경험 또는 역량 보유
- 프리미어 프로, 애프터이펙트, 색보정, 자막에 필요한 도구·절차를 이해하고 실무 적용이 가능한 분
- 업무 내용을 정확히 기록하고 일정에 맞춰 결과물을 제출할 수 있는 분
- 유관 부서와 원활하게 소통하며 협업할 수 있는 분
- 근무지 출퇴근 및 직무 수행이 가능한 분","- 영상편집기능사 보유자
- 컴퓨터그래픽스운용기능사 보유자
- 프리미어 프로, 애프터이펙트, 색보정, 자막 관련 프로젝트 또는 현장 수행 경험
- 업무용 문서·보고서 작성 및 이력 관리 경험
- 유관 부서·외부 협력사와의 일정 조율 경험","- 지원서 또는 제출서류를 허위로 기재한 경우
- 채용 과정에서 요구한 증빙서류를 제출하지 못한 경우
- 채용검진 결과 직무 수행이 어렵다고 판단되는 경우
- 해외여행 및 근무에 결격사유가 있는 경우
- 관련 법령 또는 내부 인사규정상 채용이 불가능한 경우",서류전형 > 인성검사 > 실무면접 > 최종면접
1863,영상편집자 전문인력 채용,110,187,20260222,20260317,12,신입·경력,정규직,인천광역시,학사 이상,"영상편집자 포지션은 영상 원본을 목적에 맞는 완성본으로 편집 역할입니다. 담당 업무의 목표와 우선순위를 명확히 설정하고, 일정과 품질 기준을 함께 관리합니다.

프리미어 프로, 애프터이펙트, 색보정, 자막를 중심으로 실무를 수행하며, 요구사항과 결과물을 문서화해 업무 흐름이 누락되지 않도록 합니다.

기획·운영·현장 담당자 및 외부 협력 파트너와 수시로 협업합니다. 변경 사항은 영향 범위를 검토한 뒤 대안을 제시하고 합의된 방식으로 반영합니다.

문제 발생 시 사실관계와 원인을 먼저 확인하고, 재발 방지 방안을 업무 절차에 반영합니다. 입사 후에는 담당 영역의 실행력을 높이고, 정확성·일정 준수·이용자 관점의 완성도를 중요한 기준으로 삼습니다.","- 프리미어 프로, 애프터이펙트, 색보정, 자막 관련 업무 계획 수립 및 실행
- 담당 과제의 일정·진행 현황 관리
- 업무 산출물 작성 및 검토 이력 관리
- 유관 부서 및 외부 협력 대상과 실무 조율
- 현장·시스템·자료에서 발생한 이슈 분석 및 조치
- 운영 기준과 체크리스트 개선
- 결과 데이터 또는 피드백을 반영한 품질 개선","- 신입·경력 조건에 맞는 관련 실무 경험 또는 역량 보유
- 프리미어 프로, 애프터이펙트, 색보정, 자막에 필요한 도구·절차를 이해하고 실무 적용이 가능한 분
- 업무 내용을 정확히 기록하고 일정에 맞춰 결과물을 제출할 수 있는 분
- 유관 부서와 원활하게 소통하며 협업할 수 있는 분
- 근무지 출퇴근 및 직무 수행이 가능한 분","- 영상편집기능사 보유자
- 컴퓨터그래픽스운용기능사 보유자
- 프리미어 프로, 애프터이펙트, 색보정, 자막 관련 프로젝트 또는 현장 수행 경험
- 업무용 문서·보고서 작성 및 이력 관리 경험
- 유관 부서·외부 협력사와의 일정 조율 경험","- 지원서 또는 제출서류를 허위로 기재한 경우
- 채용 과정에서 요구한 증빙서류를 제출하지 못한 경우
- 채용검진 결과 직무 수행이 어렵다고 판단되는 경우
- 해외여행 및 근무에 결격사유가 있는 경우
- 관련 법령 또는 내부 인사규정상 채용이 불가능한 경우",서류전형 > 직무과제 > 실무면접 > 처우협의
1864,영상편집자 운영 담당 채용,14,187,20260302,20260328,14,경력 2년 이상,정규직,대전광역시,학사 이상,"영상편집자 포지션은 영상 원본을 목적에 맞는 완성본으로 편집 역할입니다. 담당 업무의 목표와 우선순위를 명확히 설정하고, 일정과 품질 기준을 함께 관리합니다.

프리미어 프로, 애프터이펙트, 색보정, 자막를 중심으로 실무를 수행하며, 요구사항과 결과물을 문서화해 업무 흐름이 누락되지 않도록 합니다.

기획·운영·현장 담당자 및 외부 협력 파트너와 수시로 협업합니다. 변경 사항은 영향 범위를 검토한 뒤 대안을 제시하고 합의된 방식으로 반영합니다.

문제 발생 시 사실관계와 원인을 먼저 확인하고, 재발 방지 방안을 업무 절차에 반영합니다. 입사 후에는 담당 영역의 실행력을 높이고, 정확성·일정 준수·이용자 관점의 완성도를 중요한 기준으로 삼습니다.","- 프리미어 프로, 애프터이펙트, 색보정, 자막 관련 업무 계획 수립 및 실행
- 담당 과제의 일정·진행 현황 관리
- 업무 산출물 작성 및 검토 이력 관리
- 유관 부서 및 외부 협력 대상과 실무 조율
- 현장·시스템·자료에서 발생한 이슈 분석 및 조치
- 운영 기준과 체크리스트 개선
- 결과 데이터 또는 피드백을 반영한 품질 개선","- 경력 2년 이상 조건에 맞는 관련 실무 경험 또는 역량 보유
- 프리미어 프로, 애프터이펙트, 색보정, 자막에 필요한 도구·절차를 이해하고 실무 적용이 가능한 분
- 업무 내용을 정확히 기록하고 일정에 맞춰 결과물을 제출할 수 있는 분
- 유관 부서와 원활하게 소통하며 협업할 수 있는 분
- 근무지 출퇴근 및 직무 수행이 가능한 분","- 영상편집기능사 보유자
- 컴퓨터그래픽스운용기능사 보유자
- 프리미어 프로, 애프터이펙트, 색보정, 자막 관련 프로젝트 또는 현장 수행 경험
- 업무용 문서·보고서 작성 및 이력 관리 경험
- 유관 부서·외부 협력사와의 일정 조율 경험","- 지원서 또는 제출서류를 허위로 기재한 경우
- 채용 과정에서 요구한 증빙서류를 제출하지 못한 경우
- 채용검진 결과 직무 수행이 어렵다고 판단되는 경우
- 해외여행 및 근무에 결격사유가 있는 경우
- 관련 법령 또는 내부 인사규정상 채용이 불가능한 경우",서류전형 > 1차면접 > 2차면접 > 채용검진
1865,영상편집자 프로젝트 인재 모집,13,187,20260407,20260506,16,경력 3년 이상,무기계약직,부산광역시,학력무관,"영상편집자 포지션은 영상 원본을 목적에 맞는 완성본으로 편집 역할입니다. 담당 업무의 목표와 우선순위를 명확히 설정하고, 일정과 품질 기준을 함께 관리합니다.

프리미어 프로, 애프터이펙트, 색보정, 자막를 중심으로 실무를 수행하며, 요구사항과 결과물을 문서화해 업무 흐름이 누락되지 않도록 합니다.

기획·운영·현장 담당자 및 외부 협력 파트너와 수시로 협업합니다. 변경 사항은 영향 범위를 검토한 뒤 대안을 제시하고 합의된 방식으로 반영합니다.

문제 발생 시 사실관계와 원인을 먼저 확인하고, 재발 방지 방안을 업무 절차에 반영합니다. 입사 후에는 담당 영역의 실행력을 높이고, 정확성·일정 준수·이용자 관점의 완성도를 중요한 기준으로 삼습니다.","- 프리미어 프로, 애프터이펙트, 색보정, 자막 관련 업무 계획 수립 및 실행
- 담당 과제의 일정·진행 현황 관리
- 업무 산출물 작성 및 검토 이력 관리
- 유관 부서 및 외부 협력 대상과 실무 조율
- 현장·시스템·자료에서 발생한 이슈 분석 및 조치
- 운영 기준과 체크리스트 개선
- 결과 데이터 또는 피드백을 반영한 품질 개선","- 경력 3년 이상 조건에 맞는 관련 실무 경험 또는 역량 보유
- 프리미어 프로, 애프터이펙트, 색보정, 자막에 필요한 도구·절차를 이해하고 실무 적용이 가능한 분
- 업무 내용을 정확히 기록하고 일정에 맞춰 결과물을 제출할 수 있는 분
- 유관 부서와 원활하게 소통하며 협업할 수 있는 분
- 근무지 출퇴근 및 직무 수행이 가능한 분","- 영상편집기능사 보유자
- 컴퓨터그래픽스운용기능사 보유자
- 프리미어 프로, 애프터이펙트, 색보정, 자막 관련 프로젝트 또는 현장 수행 경험
- 업무용 문서·보고서 작성 및 이력 관리 경험
- 유관 부서·외부 협력사와의 일정 조율 경험","- 지원서 또는 제출서류를 허위로 기재한 경우
- 채용 과정에서 요구한 증빙서류를 제출하지 못한 경우
- 채용검진 결과 직무 수행이 어렵다고 판단되는 경우
- 해외여행 및 근무에 결격사유가 있는 경우
- 관련 법령 또는 내부 인사규정상 채용이 불가능한 경우",서류전형 > 실무면접 > 최종면접
1866,영상편집자 전담 인력 채용,29,187,20260512,20260613,18,경력 무관,기간제,광주광역시,전문학사 이상,"영상편집자 포지션은 영상 원본을 목적에 맞는 완성본으로 편집 역할입니다. 담당 업무의 목표와 우선순위를 명확히 설정하고, 일정과 품질 기준을 함께 관리합니다.

프리미어 프로, 애프터이펙트, 색보정, 자막를 중심으로 실무를 수행하며, 요구사항과 결과물을 문서화해 업무 흐름이 누락되지 않도록 합니다.

기획·운영·현장 담당자 및 외부 협력 파트너와 수시로 협업합니다. 변경 사항은 영향 범위를 검토한 뒤 대안을 제시하고 합의된 방식으로 반영합니다.

문제 발생 시 사실관계와 원인을 먼저 확인하고, 재발 방지 방안을 업무 절차에 반영합니다. 입사 후에는 담당 영역의 실행력을 높이고, 정확성·일정 준수·이용자 관점의 완성도를 중요한 기준으로 삼습니다.","- 프리미어 프로, 애프터이펙트, 색보정, 자막 관련 업무 계획 수립 및 실행
- 담당 과제의 일정·진행 현황 관리
- 업무 산출물 작성 및 검토 이력 관리
- 유관 부서 및 외부 협력 대상과 실무 조율
- 현장·시스템·자료에서 발생한 이슈 분석 및 조치
- 운영 기준과 체크리스트 개선
- 결과 데이터 또는 피드백을 반영한 품질 개선","- 경력 무관 조건에 맞는 관련 실무 경험 또는 역량 보유
- 프리미어 프로, 애프터이펙트, 색보정, 자막에 필요한 도구·절차를 이해하고 실무 적용이 가능한 분
- 업무 내용을 정확히 기록하고 일정에 맞춰 결과물을 제출할 수 있는 분
- 유관 부서와 원활하게 소통하며 협업할 수 있는 분
- 근무지 출퇴근 및 직무 수행이 가능한 분","- 영상편집기능사 보유자
- 컴퓨터그래픽스운용기능사 보유자
- 프리미어 프로, 애프터이펙트, 색보정, 자막 관련 프로젝트 또는 현장 수행 경험
- 업무용 문서·보고서 작성 및 이력 관리 경험
- 유관 부서·외부 협력사와의 일정 조율 경험","- 지원서 또는 제출서류를 허위로 기재한 경우
- 채용 과정에서 요구한 증빙서류를 제출하지 못한 경우
- 채용검진 결과 직무 수행이 어렵다고 판단되는 경우
- 해외여행 및 근무에 결격사유가 있는 경우
- 관련 법령 또는 내부 인사규정상 채용이 불가능한 경우",서류전형 > 인성검사 > 실무면접 > 최종면접
1867,영상편집자 실무 인재 모집,102,187,20260617,20260722,20,경력 5년 이상,정규직,세종특별자치시,학사 이상,"영상편집자 포지션은 영상 원본을 목적에 맞는 완성본으로 편집 역할입니다. 담당 업무의 목표와 우선순위를 명확히 설정하고, 일정과 품질 기준을 함께 관리합니다.

프리미어 프로, 애프터이펙트, 색보정, 자막를 중심으로 실무를 수행하며, 요구사항과 결과물을 문서화해 업무 흐름이 누락되지 않도록 합니다.

기획·운영·현장 담당자 및 외부 협력 파트너와 수시로 협업합니다. 변경 사항은 영향 범위를 검토한 뒤 대안을 제시하고 합의된 방식으로 반영합니다.

문제 발생 시 사실관계와 원인을 먼저 확인하고, 재발 방지 방안을 업무 절차에 반영합니다. 입사 후에는 담당 영역의 실행력을 높이고, 정확성·일정 준수·이용자 관점의 완성도를 중요한 기준으로 삼습니다.","- 프리미어 프로, 애프터이펙트, 색보정, 자막 관련 업무 계획 수립 및 실행
- 담당 과제의 일정·진행 현황 관리
- 업무 산출물 작성 및 검토 이력 관리
- 유관 부서 및 외부 협력 대상과 실무 조율
- 현장·시스템·자료에서 발생한 이슈 분석 및 조치
- 운영 기준과 체크리스트 개선
- 결과 데이터 또는 피드백을 반영한 품질 개선","- 경력 5년 이상 조건에 맞는 관련 실무 경험 또는 역량 보유
- 프리미어 프로, 애프터이펙트, 색보정, 자막에 필요한 도구·절차를 이해하고 실무 적용이 가능한 분
- 업무 내용을 정확히 기록하고 일정에 맞춰 결과물을 제출할 수 있는 분
- 유관 부서와 원활하게 소통하며 협업할 수 있는 분
- 근무지 출퇴근 및 직무 수행이 가능한 분","- 영상편집기능사 보유자
- 컴퓨터그래픽스운용기능사 보유자
- 프리미어 프로, 애프터이펙트, 색보정, 자막 관련 프로젝트 또는 현장 수행 경험
- 업무용 문서·보고서 작성 및 이력 관리 경험
- 유관 부서·외부 협력사와의 일정 조율 경험","- 지원서 또는 제출서류를 허위로 기재한 경우
- 채용 과정에서 요구한 증빙서류를 제출하지 못한 경우
- 채용검진 결과 직무 수행이 어렵다고 판단되는 경우
- 해외여행 및 근무에 결격사유가 있는 경우
- 관련 법령 또는 내부 인사규정상 채용이 불가능한 경우",서류전형 > 직무과제 > 실무면접 > 처우협의
1868,영상편집자 담당자 공개채용,65,187,20260722,20260829,2,신입·경력,계약직,충청남도,학력무관,"영상편집자 포지션은 영상 원본을 목적에 맞는 완성본으로 편집 역할입니다. 담당 업무의 목표와 우선순위를 명확히 설정하고, 일정과 품질 기준을 함께 관리합니다.

프리미어 프로, 애프터이펙트, 색보정, 자막를 중심으로 실무를 수행하며, 요구사항과 결과물을 문서화해 업무 흐름이 누락되지 않도록 합니다.

기획·운영·현장 담당자 및 외부 협력 파트너와 수시로 협업합니다. 변경 사항은 영향 범위를 검토한 뒤 대안을 제시하고 합의된 방식으로 반영합니다.

문제 발생 시 사실관계와 원인을 먼저 확인하고, 재발 방지 방안을 업무 절차에 반영합니다. 입사 후에는 담당 영역의 실행력을 높이고, 정확성·일정 준수·이용자 관점의 완성도를 중요한 기준으로 삼습니다.","- 프리미어 프로, 애프터이펙트, 색보정, 자막 관련 업무 계획 수립 및 실행
- 담당 과제의 일정·진행 현황 관리
- 업무 산출물 작성 및 검토 이력 관리
- 유관 부서 및 외부 협력 대상과 실무 조율
- 현장·시스템·자료에서 발생한 이슈 분석 및 조치
- 운영 기준과 체크리스트 개선
- 결과 데이터 또는 피드백을 반영한 품질 개선","- 신입·경력 조건에 맞는 관련 실무 경험 또는 역량 보유
- 프리미어 프로, 애프터이펙트, 색보정, 자막에 필요한 도구·절차를 이해하고 실무 적용이 가능한 분
- 업무 내용을 정확히 기록하고 일정에 맞춰 결과물을 제출할 수 있는 분
- 유관 부서와 원활하게 소통하며 협업할 수 있는 분
- 근무지 출퇴근 및 직무 수행이 가능한 분","- 영상편집기능사 보유자
- 컴퓨터그래픽스운용기능사 보유자
- 프리미어 프로, 애프터이펙트, 색보정, 자막 관련 프로젝트 또는 현장 수행 경험
- 업무용 문서·보고서 작성 및 이력 관리 경험
- 유관 부서·외부 협력사와의 일정 조율 경험","- 지원서 또는 제출서류를 허위로 기재한 경우
- 채용 과정에서 요구한 증빙서류를 제출하지 못한 경우
- 채용검진 결과 직무 수행이 어렵다고 판단되는 경우
- 해외여행 및 근무에 결격사유가 있는 경우
- 관련 법령 또는 내부 인사규정상 채용이 불가능한 경우",서류전형 > 1차면접 > 2차면접 > 채용검진
1869,영상편집자 정규직 모집,153,187,20260802,20260912,4,경력 2년 이상,정규직,경상남도,학사 이상,"영상편집자 포지션은 영상 원본을 목적에 맞는 완성본으로 편집 역할입니다. 담당 업무의 목표와 우선순위를 명확히 설정하고, 일정과 품질 기준을 함께 관리합니다.

프리미어 프로, 애프터이펙트, 색보정, 자막를 중심으로 실무를 수행하며, 요구사항과 결과물을 문서화해 업무 흐름이 누락되지 않도록 합니다.

기획·운영·현장 담당자 및 외부 협력 파트너와 수시로 협업합니다. 변경 사항은 영향 범위를 검토한 뒤 대안을 제시하고 합의된 방식으로 반영합니다.

문제 발생 시 사실관계와 원인을 먼저 확인하고, 재발 방지 방안을 업무 절차에 반영합니다. 입사 후에는 담당 영역의 실행력을 높이고, 정확성·일정 준수·이용자 관점의 완성도를 중요한 기준으로 삼습니다.","- 프리미어 프로, 애프터이펙트, 색보정, 자막 관련 업무 계획 수립 및 실행
- 담당 과제의 일정·진행 현황 관리
- 업무 산출물 작성 및 검토 이력 관리
- 유관 부서 및 외부 협력 대상과 실무 조율
- 현장·시스템·자료에서 발생한 이슈 분석 및 조치
- 운영 기준과 체크리스트 개선
- 결과 데이터 또는 피드백을 반영한 품질 개선","- 경력 2년 이상 조건에 맞는 관련 실무 경험 또는 역량 보유
- 프리미어 프로, 애프터이펙트, 색보정, 자막에 필요한 도구·절차를 이해하고 실무 적용이 가능한 분
- 업무 내용을 정확히 기록하고 일정에 맞춰 결과물을 제출할 수 있는 분
- 유관 부서와 원활하게 소통하며 협업할 수 있는 분
- 근무지 출퇴근 및 직무 수행이 가능한 분","- 영상편집기능사 보유자
- 컴퓨터그래픽스운용기능사 보유자
- 프리미어 프로, 애프터이펙트, 색보정, 자막 관련 프로젝트 또는 현장 수행 경험
- 업무용 문서·보고서 작성 및 이력 관리 경험
- 유관 부서·외부 협력사와의 일정 조율 경험","- 지원서 또는 제출서류를 허위로 기재한 경우
- 채용 과정에서 요구한 증빙서류를 제출하지 못한 경우
- 채용검진 결과 직무 수행이 어렵다고 판단되는 경우
- 해외여행 및 근무에 결격사유가 있는 경우
- 관련 법령 또는 내부 인사규정상 채용이 불가능한 경우",서류전형 > 실무면접 > 최종면접
1870,영상편집자 채용,95,187,20260907,20261021,6,경력,정규직,전북특별자치도,전문학사 이상,"영상편집자 포지션은 영상 원본을 목적에 맞는 완성본으로 편집 역할입니다. 담당 업무의 목표와 우선순위를 명확히 설정하고, 일정과 품질 기준을 함께 관리합니다.

프리미어 프로, 애프터이펙트, 색보정, 자막를 중심으로 실무를 수행하며, 요구사항과 결과물을 문서화해 업무 흐름이 누락되지 않도록 합니다.

기획·운영·현장 담당자 및 외부 협력 파트너와 수시로 협업합니다. 변경 사항은 영향 범위를 검토한 뒤 대안을 제시하고 합의된 방식으로 반영합니다.

문제 발생 시 사실관계와 원인을 먼저 확인하고, 재발 방지 방안을 업무 절차에 반영합니다. 입사 후에는 담당 영역의 실행력을 높이고, 정확성·일정 준수·이용자 관점의 완성도를 중요한 기준으로 삼습니다.","- 프리미어 프로, 애프터이펙트, 색보정, 자막 관련 업무 계획 수립 및 실행
- 담당 과제의 일정·진행 현황 관리
- 업무 산출물 작성 및 검토 이력 관리
- 유관 부서 및 외부 협력 대상과 실무 조율
- 현장·시스템·자료에서 발생한 이슈 분석 및 조치
- 운영 기준과 체크리스트 개선
- 결과 데이터 또는 피드백을 반영한 품질 개선","- 경력 조건에 맞는 관련 실무 경험 또는 역량 보유
- 프리미어 프로, 애프터이펙트, 색보정, 자막에 필요한 도구·절차를 이해하고 실무 적용이 가능한 분
- 업무 내용을 정확히 기록하고 일정에 맞춰 결과물을 제출할 수 있는 분
- 유관 부서와 원활하게 소통하며 협업할 수 있는 분
- 근무지 출퇴근 및 직무 수행이 가능한 분","- 영상편집기능사 보유자
- 컴퓨터그래픽스운용기능사 보유자
- 프리미어 프로, 애프터이펙트, 색보정, 자막 관련 프로젝트 또는 현장 수행 경험
- 업무용 문서·보고서 작성 및 이력 관리 경험
- 유관 부서·외부 협력사와의 일정 조율 경험","- 지원서 또는 제출서류를 허위로 기재한 경우
- 채용 과정에서 요구한 증빙서류를 제출하지 못한 경우
- 채용검진 결과 직무 수행이 어렵다고 판단되는 경우
- 해외여행 및 근무에 결격사유가 있는 경우
- 관련 법령 또는 내부 인사규정상 채용이 불가능한 경우",서류전형 > 인성검사 > 실무면접 > 최종면접
1871,사운드엔지니어 담당자 모집,15,188,20261015,20261102,9,신입,정규직,서울특별시,학력무관,"사운드엔지니어 포지션은 공연·영상 음원의 녹음과 음향 품질 관리 역할입니다. 담당 업무의 목표와 우선순위를 명확히 설정하고, 일정과 품질 기준을 함께 관리합니다.

믹싱 콘솔, 마이크, 음향 장비, 믹싱 파일를 중심으로 실무를 수행하며, 요구사항과 결과물을 문서화해 업무 흐름이 누락되지 않도록 합니다.

기획·운영·현장 담당자 및 외부 협력 파트너와 수시로 협업합니다. 변경 사항은 영향 범위를 검토한 뒤 대안을 제시하고 합의된 방식으로 반영합니다.

문제 발생 시 사실관계와 원인을 먼저 확인하고, 재발 방지 방안을 업무 절차에 반영합니다. 입사 후에는 담당 영역의 실행력을 높이고, 정확성·일정 준수·이용자 관점의 완성도를 중요한 기준으로 삼습니다.","- 믹싱 콘솔, 마이크, 음향 장비, 믹싱 파일 관련 업무 계획 수립 및 실행
- 담당 과제의 일정·진행 현황 관리
- 업무 산출물 작성 및 검토 이력 관리
- 유관 부서 및 외부 협력 대상과 실무 조율
- 현장·시스템·자료에서 발생한 이슈 분석 및 조치
- 운영 기준과 체크리스트 개선
- 결과 데이터 또는 피드백을 반영한 품질 개선","- 신입 조건에 맞는 관련 실무 경험 또는 역량 보유
- 믹싱 콘솔, 마이크, 음향 장비, 믹싱 파일에 필요한 도구·절차를 이해하고 실무 적용이 가능한 분
- 업무 내용을 정확히 기록하고 일정에 맞춰 결과물을 제출할 수 있는 분
- 유관 부서와 원활하게 소통하며 협업할 수 있는 분
- 근무지 출퇴근 및 직무 수행이 가능한 분","- 무대예술전문인(음향) 보유자
- Pro Tools User Certification 보유자
- 믹싱 콘솔, 마이크, 음향 장비, 믹싱 파일 관련 프로젝트 또는 현장 수행 경험
- 업무용 문서·보고서 작성 및 이력 관리 경험
- 유관 부서·외부 협력사와의 일정 조율 경험","- 지원서 또는 제출서류를 허위로 기재한 경우
- 채용 과정에서 요구한 증빙서류를 제출하지 못한 경우
- 채용검진 결과 직무 수행이 어렵다고 판단되는 경우
- 해외여행 및 근무에 결격사유가 있는 경우
- 관련 법령 또는 내부 인사규정상 채용이 불가능한 경우",서류전형 > 실무면접 > 최종면접
1872,사운드엔지니어 실무자 채용,42,188,20260220,20260313,11,경력,계약직,경기도,전문학사 이상,"사운드엔지니어 포지션은 공연·영상 음원의 녹음과 음향 품질 관리 역할입니다. 담당 업무의 목표와 우선순위를 명확히 설정하고, 일정과 품질 기준을 함께 관리합니다.

믹싱 콘솔, 마이크, 음향 장비, 믹싱 파일를 중심으로 실무를 수행하며, 요구사항과 결과물을 문서화해 업무 흐름이 누락되지 않도록 합니다.

기획·운영·현장 담당자 및 외부 협력 파트너와 수시로 협업합니다. 변경 사항은 영향 범위를 검토한 뒤 대안을 제시하고 합의된 방식으로 반영합니다.

문제 발생 시 사실관계와 원인을 먼저 확인하고, 재발 방지 방안을 업무 절차에 반영합니다. 입사 후에는 담당 영역의 실행력을 높이고, 정확성·일정 준수·이용자 관점의 완성도를 중요한 기준으로 삼습니다.","- 믹싱 콘솔, 마이크, 음향 장비, 믹싱 파일 관련 업무 계획 수립 및 실행
- 담당 과제의 일정·진행 현황 관리
- 업무 산출물 작성 및 검토 이력 관리
- 유관 부서 및 외부 협력 대상과 실무 조율
- 현장·시스템·자료에서 발생한 이슈 분석 및 조치
- 운영 기준과 체크리스트 개선
- 결과 데이터 또는 피드백을 반영한 품질 개선","- 경력 조건에 맞는 관련 실무 경험 또는 역량 보유
- 믹싱 콘솔, 마이크, 음향 장비, 믹싱 파일에 필요한 도구·절차를 이해하고 실무 적용이 가능한 분
- 업무 내용을 정확히 기록하고 일정에 맞춰 결과물을 제출할 수 있는 분
- 유관 부서와 원활하게 소통하며 협업할 수 있는 분
- 근무지 출퇴근 및 직무 수행이 가능한 분","- 무대예술전문인(음향) 보유자
- Pro Tools User Certification 보유자
- 믹싱 콘솔, 마이크, 음향 장비, 믹싱 파일 관련 프로젝트 또는 현장 수행 경험
- 업무용 문서·보고서 작성 및 이력 관리 경험
- 유관 부서·외부 협력사와의 일정 조율 경험","- 지원서 또는 제출서류를 허위로 기재한 경우
- 채용 과정에서 요구한 증빙서류를 제출하지 못한 경우
- 채용검진 결과 직무 수행이 어렵다고 판단되는 경우
- 해외여행 및 근무에 결격사유가 있는 경우
- 관련 법령 또는 내부 인사규정상 채용이 불가능한 경우",서류전형 > 인성검사 > 실무면접 > 최종면접
1873,사운드엔지니어 전문인력 채용,96,188,20260325,20260418,13,신입·경력,정규직,인천광역시,학사 이상,"사운드엔지니어 포지션은 공연·영상 음원의 녹음과 음향 품질 관리 역할입니다. 담당 업무의 목표와 우선순위를 명확히 설정하고, 일정과 품질 기준을 함께 관리합니다.

믹싱 콘솔, 마이크, 음향 장비, 믹싱 파일를 중심으로 실무를 수행하며, 요구사항과 결과물을 문서화해 업무 흐름이 누락되지 않도록 합니다.

기획·운영·현장 담당자 및 외부 협력 파트너와 수시로 협업합니다. 변경 사항은 영향 범위를 검토한 뒤 대안을 제시하고 합의된 방식으로 반영합니다.

문제 발생 시 사실관계와 원인을 먼저 확인하고, 재발 방지 방안을 업무 절차에 반영합니다. 입사 후에는 담당 영역의 실행력을 높이고, 정확성·일정 준수·이용자 관점의 완성도를 중요한 기준으로 삼습니다.","- 믹싱 콘솔, 마이크, 음향 장비, 믹싱 파일 관련 업무 계획 수립 및 실행
- 담당 과제의 일정·진행 현황 관리
- 업무 산출물 작성 및 검토 이력 관리
- 유관 부서 및 외부 협력 대상과 실무 조율
- 현장·시스템·자료에서 발생한 이슈 분석 및 조치
- 운영 기준과 체크리스트 개선
- 결과 데이터 또는 피드백을 반영한 품질 개선","- 신입·경력 조건에 맞는 관련 실무 경험 또는 역량 보유
- 믹싱 콘솔, 마이크, 음향 장비, 믹싱 파일에 필요한 도구·절차를 이해하고 실무 적용이 가능한 분
- 업무 내용을 정확히 기록하고 일정에 맞춰 결과물을 제출할 수 있는 분
- 유관 부서와 원활하게 소통하며 협업할 수 있는 분
- 근무지 출퇴근 및 직무 수행이 가능한 분","- 무대예술전문인(음향) 보유자
- Pro Tools User Certification 보유자
- 믹싱 콘솔, 마이크, 음향 장비, 믹싱 파일 관련 프로젝트 또는 현장 수행 경험
- 업무용 문서·보고서 작성 및 이력 관리 경험
- 유관 부서·외부 협력사와의 일정 조율 경험","- 지원서 또는 제출서류를 허위로 기재한 경우
- 채용 과정에서 요구한 증빙서류를 제출하지 못한 경우
- 채용검진 결과 직무 수행이 어렵다고 판단되는 경우
- 해외여행 및 근무에 결격사유가 있는 경우
- 관련 법령 또는 내부 인사규정상 채용이 불가능한 경우",서류전형 > 직무과제 > 실무면접 > 처우협의
1874,사운드엔지니어 운영 담당 채용,112,188,20260405,20260502,15,경력 2년 이상,정규직,대전광역시,학사 이상,"사운드엔지니어 포지션은 공연·영상 음원의 녹음과 음향 품질 관리 역할입니다. 담당 업무의 목표와 우선순위를 명확히 설정하고, 일정과 품질 기준을 함께 관리합니다.

믹싱 콘솔, 마이크, 음향 장비, 믹싱 파일를 중심으로 실무를 수행하며, 요구사항과 결과물을 문서화해 업무 흐름이 누락되지 않도록 합니다.

기획·운영·현장 담당자 및 외부 협력 파트너와 수시로 협업합니다. 변경 사항은 영향 범위를 검토한 뒤 대안을 제시하고 합의된 방식으로 반영합니다.

문제 발생 시 사실관계와 원인을 먼저 확인하고, 재발 방지 방안을 업무 절차에 반영합니다. 입사 후에는 담당 영역의 실행력을 높이고, 정확성·일정 준수·이용자 관점의 완성도를 중요한 기준으로 삼습니다.","- 믹싱 콘솔, 마이크, 음향 장비, 믹싱 파일 관련 업무 계획 수립 및 실행
- 담당 과제의 일정·진행 현황 관리
- 업무 산출물 작성 및 검토 이력 관리
- 유관 부서 및 외부 협력 대상과 실무 조율
- 현장·시스템·자료에서 발생한 이슈 분석 및 조치
- 운영 기준과 체크리스트 개선
- 결과 데이터 또는 피드백을 반영한 품질 개선","- 경력 2년 이상 조건에 맞는 관련 실무 경험 또는 역량 보유
- 믹싱 콘솔, 마이크, 음향 장비, 믹싱 파일에 필요한 도구·절차를 이해하고 실무 적용이 가능한 분
- 업무 내용을 정확히 기록하고 일정에 맞춰 결과물을 제출할 수 있는 분
- 유관 부서와 원활하게 소통하며 협업할 수 있는 분
- 근무지 출퇴근 및 직무 수행이 가능한 분","- 무대예술전문인(음향) 보유자
- Pro Tools User Certification 보유자
- 믹싱 콘솔, 마이크, 음향 장비, 믹싱 파일 관련 프로젝트 또는 현장 수행 경험
- 업무용 문서·보고서 작성 및 이력 관리 경험
- 유관 부서·외부 협력사와의 일정 조율 경험","- 지원서 또는 제출서류를 허위로 기재한 경우
- 채용 과정에서 요구한 증빙서류를 제출하지 못한 경우
- 채용검진 결과 직무 수행이 어렵다고 판단되는 경우
- 해외여행 및 근무에 결격사유가 있는 경우
- 관련 법령 또는 내부 인사규정상 채용이 불가능한 경우",서류전형 > 1차면접 > 2차면접 > 채용검진
1875,사운드엔지니어 프로젝트 인재 모집,106,188,20260510,20260609,17,경력 3년 이상,무기계약직,부산광역시,학력무관,"사운드엔지니어 포지션은 공연·영상 음원의 녹음과 음향 품질 관리 역할입니다. 담당 업무의 목표와 우선순위를 명확히 설정하고, 일정과 품질 기준을 함께 관리합니다.

믹싱 콘솔, 마이크, 음향 장비, 믹싱 파일를 중심으로 실무를 수행하며, 요구사항과 결과물을 문서화해 업무 흐름이 누락되지 않도록 합니다.

기획·운영·현장 담당자 및 외부 협력 파트너와 수시로 협업합니다. 변경 사항은 영향 범위를 검토한 뒤 대안을 제시하고 합의된 방식으로 반영합니다.

문제 발생 시 사실관계와 원인을 먼저 확인하고, 재발 방지 방안을 업무 절차에 반영합니다. 입사 후에는 담당 영역의 실행력을 높이고, 정확성·일정 준수·이용자 관점의 완성도를 중요한 기준으로 삼습니다.","- 믹싱 콘솔, 마이크, 음향 장비, 믹싱 파일 관련 업무 계획 수립 및 실행
- 담당 과제의 일정·진행 현황 관리
- 업무 산출물 작성 및 검토 이력 관리
- 유관 부서 및 외부 협력 대상과 실무 조율
- 현장·시스템·자료에서 발생한 이슈 분석 및 조치
- 운영 기준과 체크리스트 개선
- 결과 데이터 또는 피드백을 반영한 품질 개선","- 경력 3년 이상 조건에 맞는 관련 실무 경험 또는 역량 보유
- 믹싱 콘솔, 마이크, 음향 장비, 믹싱 파일에 필요한 도구·절차를 이해하고 실무 적용이 가능한 분
- 업무 내용을 정확히 기록하고 일정에 맞춰 결과물을 제출할 수 있는 분
- 유관 부서와 원활하게 소통하며 협업할 수 있는 분
- 근무지 출퇴근 및 직무 수행이 가능한 분","- 무대예술전문인(음향) 보유자
- Pro Tools User Certification 보유자
- 믹싱 콘솔, 마이크, 음향 장비, 믹싱 파일 관련 프로젝트 또는 현장 수행 경험
- 업무용 문서·보고서 작성 및 이력 관리 경험
- 유관 부서·외부 협력사와의 일정 조율 경험","- 지원서 또는 제출서류를 허위로 기재한 경우
- 채용 과정에서 요구한 증빙서류를 제출하지 못한 경우
- 채용검진 결과 직무 수행이 어렵다고 판단되는 경우
- 해외여행 및 근무에 결격사유가 있는 경우
- 관련 법령 또는 내부 인사규정상 채용이 불가능한 경우",서류전형 > 실무면접 > 최종면접
1876,사운드엔지니어 전담 인력 채용,140,188,20260615,20260718,19,경력 무관,기간제,광주광역시,전문학사 이상,"사운드엔지니어 포지션은 공연·영상 음원의 녹음과 음향 품질 관리 역할입니다. 담당 업무의 목표와 우선순위를 명확히 설정하고, 일정과 품질 기준을 함께 관리합니다.

믹싱 콘솔, 마이크, 음향 장비, 믹싱 파일를 중심으로 실무를 수행하며, 요구사항과 결과물을 문서화해 업무 흐름이 누락되지 않도록 합니다.

기획·운영·현장 담당자 및 외부 협력 파트너와 수시로 협업합니다. 변경 사항은 영향 범위를 검토한 뒤 대안을 제시하고 합의된 방식으로 반영합니다.

문제 발생 시 사실관계와 원인을 먼저 확인하고, 재발 방지 방안을 업무 절차에 반영합니다. 입사 후에는 담당 영역의 실행력을 높이고, 정확성·일정 준수·이용자 관점의 완성도를 중요한 기준으로 삼습니다.","- 믹싱 콘솔, 마이크, 음향 장비, 믹싱 파일 관련 업무 계획 수립 및 실행
- 담당 과제의 일정·진행 현황 관리
- 업무 산출물 작성 및 검토 이력 관리
- 유관 부서 및 외부 협력 대상과 실무 조율
- 현장·시스템·자료에서 발생한 이슈 분석 및 조치
- 운영 기준과 체크리스트 개선
- 결과 데이터 또는 피드백을 반영한 품질 개선","- 경력 무관 조건에 맞는 관련 실무 경험 또는 역량 보유
- 믹싱 콘솔, 마이크, 음향 장비, 믹싱 파일에 필요한 도구·절차를 이해하고 실무 적용이 가능한 분
- 업무 내용을 정확히 기록하고 일정에 맞춰 결과물을 제출할 수 있는 분
- 유관 부서와 원활하게 소통하며 협업할 수 있는 분
- 근무지 출퇴근 및 직무 수행이 가능한 분","- 무대예술전문인(음향) 보유자
- Pro Tools User Certification 보유자
- 믹싱 콘솔, 마이크, 음향 장비, 믹싱 파일 관련 프로젝트 또는 현장 수행 경험
- 업무용 문서·보고서 작성 및 이력 관리 경험
- 유관 부서·외부 협력사와의 일정 조율 경험","- 지원서 또는 제출서류를 허위로 기재한 경우
- 채용 과정에서 요구한 증빙서류를 제출하지 못한 경우
- 채용검진 결과 직무 수행이 어렵다고 판단되는 경우
- 해외여행 및 근무에 결격사유가 있는 경우
- 관련 법령 또는 내부 인사규정상 채용이 불가능한 경우",서류전형 > 인성검사 > 실무면접 > 최종면접
1877,사운드엔지니어 실무 인재 모집,83,188,20260720,20260825,1,경력 5년 이상,정규직,세종특별자치시,학사 이상,"사운드엔지니어 포지션은 공연·영상 음원의 녹음과 음향 품질 관리 역할입니다. 담당 업무의 목표와 우선순위를 명확히 설정하고, 일정과 품질 기준을 함께 관리합니다.

믹싱 콘솔, 마이크, 음향 장비, 믹싱 파일를 중심으로 실무를 수행하며, 요구사항과 결과물을 문서화해 업무 흐름이 누락되지 않도록 합니다.

기획·운영·현장 담당자 및 외부 협력 파트너와 수시로 협업합니다. 변경 사항은 영향 범위를 검토한 뒤 대안을 제시하고 합의된 방식으로 반영합니다.

문제 발생 시 사실관계와 원인을 먼저 확인하고, 재발 방지 방안을 업무 절차에 반영합니다. 입사 후에는 담당 영역의 실행력을 높이고, 정확성·일정 준수·이용자 관점의 완성도를 중요한 기준으로 삼습니다.","- 믹싱 콘솔, 마이크, 음향 장비, 믹싱 파일 관련 업무 계획 수립 및 실행
- 담당 과제의 일정·진행 현황 관리
- 업무 산출물 작성 및 검토 이력 관리
- 유관 부서 및 외부 협력 대상과 실무 조율
- 현장·시스템·자료에서 발생한 이슈 분석 및 조치
- 운영 기준과 체크리스트 개선
- 결과 데이터 또는 피드백을 반영한 품질 개선","- 경력 5년 이상 조건에 맞는 관련 실무 경험 또는 역량 보유
- 믹싱 콘솔, 마이크, 음향 장비, 믹싱 파일에 필요한 도구·절차를 이해하고 실무 적용이 가능한 분
- 업무 내용을 정확히 기록하고 일정에 맞춰 결과물을 제출할 수 있는 분
- 유관 부서와 원활하게 소통하며 협업할 수 있는 분
- 근무지 출퇴근 및 직무 수행이 가능한 분","- 무대예술전문인(음향) 보유자
- Pro Tools User Certification 보유자
- 믹싱 콘솔, 마이크, 음향 장비, 믹싱 파일 관련 프로젝트 또는 현장 수행 경험
- 업무용 문서·보고서 작성 및 이력 관리 경험
- 유관 부서·외부 협력사와의 일정 조율 경험","- 지원서 또는 제출서류를 허위로 기재한 경우
- 채용 과정에서 요구한 증빙서류를 제출하지 못한 경우
- 채용검진 결과 직무 수행이 어렵다고 판단되는 경우
- 해외여행 및 근무에 결격사유가 있는 경우
- 관련 법령 또는 내부 인사규정상 채용이 불가능한 경우",서류전형 > 직무과제 > 실무면접 > 처우협의
1878,사운드엔지니어 담당자 공개채용,146,188,20260825,20261003,3,신입·경력,계약직,충청남도,학력무관,"사운드엔지니어 포지션은 공연·영상 음원의 녹음과 음향 품질 관리 역할입니다. 담당 업무의 목표와 우선순위를 명확히 설정하고, 일정과 품질 기준을 함께 관리합니다.

믹싱 콘솔, 마이크, 음향 장비, 믹싱 파일를 중심으로 실무를 수행하며, 요구사항과 결과물을 문서화해 업무 흐름이 누락되지 않도록 합니다.

기획·운영·현장 담당자 및 외부 협력 파트너와 수시로 협업합니다. 변경 사항은 영향 범위를 검토한 뒤 대안을 제시하고 합의된 방식으로 반영합니다.

문제 발생 시 사실관계와 원인을 먼저 확인하고, 재발 방지 방안을 업무 절차에 반영합니다. 입사 후에는 담당 영역의 실행력을 높이고, 정확성·일정 준수·이용자 관점의 완성도를 중요한 기준으로 삼습니다.","- 믹싱 콘솔, 마이크, 음향 장비, 믹싱 파일 관련 업무 계획 수립 및 실행
- 담당 과제의 일정·진행 현황 관리
- 업무 산출물 작성 및 검토 이력 관리
- 유관 부서 및 외부 협력 대상과 실무 조율
- 현장·시스템·자료에서 발생한 이슈 분석 및 조치
- 운영 기준과 체크리스트 개선
- 결과 데이터 또는 피드백을 반영한 품질 개선","- 신입·경력 조건에 맞는 관련 실무 경험 또는 역량 보유
- 믹싱 콘솔, 마이크, 음향 장비, 믹싱 파일에 필요한 도구·절차를 이해하고 실무 적용이 가능한 분
- 업무 내용을 정확히 기록하고 일정에 맞춰 결과물을 제출할 수 있는 분
- 유관 부서와 원활하게 소통하며 협업할 수 있는 분
- 근무지 출퇴근 및 직무 수행이 가능한 분","- 무대예술전문인(음향) 보유자
- Pro Tools User Certification 보유자
- 믹싱 콘솔, 마이크, 음향 장비, 믹싱 파일 관련 프로젝트 또는 현장 수행 경험
- 업무용 문서·보고서 작성 및 이력 관리 경험
- 유관 부서·외부 협력사와의 일정 조율 경험","- 지원서 또는 제출서류를 허위로 기재한 경우
- 채용 과정에서 요구한 증빙서류를 제출하지 못한 경우
- 채용검진 결과 직무 수행이 어렵다고 판단되는 경우
- 해외여행 및 근무에 결격사유가 있는 경우
- 관련 법령 또는 내부 인사규정상 채용이 불가능한 경우",서류전형 > 1차면접 > 2차면접 > 채용검진
1879,사운드엔지니어 정규직 모집,22,188,20260905,20261017,5,경력 2년 이상,정규직,경상남도,학사 이상,"사운드엔지니어 포지션은 공연·영상 음원의 녹음과 음향 품질 관리 역할입니다. 담당 업무의 목표와 우선순위를 명확히 설정하고, 일정과 품질 기준을 함께 관리합니다.

믹싱 콘솔, 마이크, 음향 장비, 믹싱 파일를 중심으로 실무를 수행하며, 요구사항과 결과물을 문서화해 업무 흐름이 누락되지 않도록 합니다.

기획·운영·현장 담당자 및 외부 협력 파트너와 수시로 협업합니다. 변경 사항은 영향 범위를 검토한 뒤 대안을 제시하고 합의된 방식으로 반영합니다.

문제 발생 시 사실관계와 원인을 먼저 확인하고, 재발 방지 방안을 업무 절차에 반영합니다. 입사 후에는 담당 영역의 실행력을 높이고, 정확성·일정 준수·이용자 관점의 완성도를 중요한 기준으로 삼습니다.","- 믹싱 콘솔, 마이크, 음향 장비, 믹싱 파일 관련 업무 계획 수립 및 실행
- 담당 과제의 일정·진행 현황 관리
- 업무 산출물 작성 및 검토 이력 관리
- 유관 부서 및 외부 협력 대상과 실무 조율
- 현장·시스템·자료에서 발생한 이슈 분석 및 조치
- 운영 기준과 체크리스트 개선
- 결과 데이터 또는 피드백을 반영한 품질 개선","- 경력 2년 이상 조건에 맞는 관련 실무 경험 또는 역량 보유
- 믹싱 콘솔, 마이크, 음향 장비, 믹싱 파일에 필요한 도구·절차를 이해하고 실무 적용이 가능한 분
- 업무 내용을 정확히 기록하고 일정에 맞춰 결과물을 제출할 수 있는 분
- 유관 부서와 원활하게 소통하며 협업할 수 있는 분
- 근무지 출퇴근 및 직무 수행이 가능한 분","- 무대예술전문인(음향) 보유자
- Pro Tools User Certification 보유자
- 믹싱 콘솔, 마이크, 음향 장비, 믹싱 파일 관련 프로젝트 또는 현장 수행 경험
- 업무용 문서·보고서 작성 및 이력 관리 경험
- 유관 부서·외부 협력사와의 일정 조율 경험","- 지원서 또는 제출서류를 허위로 기재한 경우
- 채용 과정에서 요구한 증빙서류를 제출하지 못한 경우
- 채용검진 결과 직무 수행이 어렵다고 판단되는 경우
- 해외여행 및 근무에 결격사유가 있는 경우
- 관련 법령 또는 내부 인사규정상 채용이 불가능한 경우",서류전형 > 실무면접 > 최종면접
1880,사운드엔지니어 채용,45,188,20261010,20261124,7,경력,정규직,전북특별자치도,전문학사 이상,"사운드엔지니어 포지션은 공연·영상 음원의 녹음과 음향 품질 관리 역할입니다. 담당 업무의 목표와 우선순위를 명확히 설정하고, 일정과 품질 기준을 함께 관리합니다.

믹싱 콘솔, 마이크, 음향 장비, 믹싱 파일를 중심으로 실무를 수행하며, 요구사항과 결과물을 문서화해 업무 흐름이 누락되지 않도록 합니다.

기획·운영·현장 담당자 및 외부 협력 파트너와 수시로 협업합니다. 변경 사항은 영향 범위를 검토한 뒤 대안을 제시하고 합의된 방식으로 반영합니다.

문제 발생 시 사실관계와 원인을 먼저 확인하고, 재발 방지 방안을 업무 절차에 반영합니다. 입사 후에는 담당 영역의 실행력을 높이고, 정확성·일정 준수·이용자 관점의 완성도를 중요한 기준으로 삼습니다.","- 믹싱 콘솔, 마이크, 음향 장비, 믹싱 파일 관련 업무 계획 수립 및 실행
- 담당 과제의 일정·진행 현황 관리
- 업무 산출물 작성 및 검토 이력 관리
- 유관 부서 및 외부 협력 대상과 실무 조율
- 현장·시스템·자료에서 발생한 이슈 분석 및 조치
- 운영 기준과 체크리스트 개선
- 결과 데이터 또는 피드백을 반영한 품질 개선","- 경력 조건에 맞는 관련 실무 경험 또는 역량 보유
- 믹싱 콘솔, 마이크, 음향 장비, 믹싱 파일에 필요한 도구·절차를 이해하고 실무 적용이 가능한 분
- 업무 내용을 정확히 기록하고 일정에 맞춰 결과물을 제출할 수 있는 분
- 유관 부서와 원활하게 소통하며 협업할 수 있는 분
- 근무지 출퇴근 및 직무 수행이 가능한 분","- 무대예술전문인(음향) 보유자
- Pro Tools User Certification 보유자
- 믹싱 콘솔, 마이크, 음향 장비, 믹싱 파일 관련 프로젝트 또는 현장 수행 경험
- 업무용 문서·보고서 작성 및 이력 관리 경험
- 유관 부서·외부 협력사와의 일정 조율 경험","- 지원서 또는 제출서류를 허위로 기재한 경우
- 채용 과정에서 요구한 증빙서류를 제출하지 못한 경우
- 채용검진 결과 직무 수행이 어렵다고 판단되는 경우
- 해외여행 및 근무에 결격사유가 있는 경우
- 관련 법령 또는 내부 인사규정상 채용이 불가능한 경우",서류전형 > 인성검사 > 실무면접 > 최종면접
1881,스태프 담당자 모집,47,189,20260218,20260309,10,신입,정규직,서울특별시,학력무관,"스태프 포지션은 촬영·공연 현장의 운영과 제작 지원 역할입니다. 담당 업무의 목표와 우선순위를 명확히 설정하고, 일정과 품질 기준을 함께 관리합니다.

콜시트, 장비 반출입, 출연자 동선, 현장 기록를 중심으로 실무를 수행하며, 요구사항과 결과물을 문서화해 업무 흐름이 누락되지 않도록 합니다.

기획·운영·현장 담당자 및 외부 협력 파트너와 수시로 협업합니다. 변경 사항은 영향 범위를 검토한 뒤 대안을 제시하고 합의된 방식으로 반영합니다.

문제 발생 시 사실관계와 원인을 먼저 확인하고, 재발 방지 방안을 업무 절차에 반영합니다. 입사 후에는 담당 영역의 실행력을 높이고, 정확성·일정 준수·이용자 관점의 완성도를 중요한 기준으로 삼습니다.","- 콜시트, 장비 반출입, 출연자 동선, 현장 기록 관련 업무 계획 수립 및 실행
- 담당 과제의 일정·진행 현황 관리
- 업무 산출물 작성 및 검토 이력 관리
- 유관 부서 및 외부 협력 대상과 실무 조율
- 현장·시스템·자료에서 발생한 이슈 분석 및 조치
- 운영 기준과 체크리스트 개선
- 결과 데이터 또는 피드백을 반영한 품질 개선","- 신입 조건에 맞는 관련 실무 경험 또는 역량 보유
- 콜시트, 장비 반출입, 출연자 동선, 현장 기록에 필요한 도구·절차를 이해하고 실무 적용이 가능한 분
- 업무 내용을 정확히 기록하고 일정에 맞춰 결과물을 제출할 수 있는 분
- 유관 부서와 원활하게 소통하며 협업할 수 있는 분
- 근무지 출퇴근 및 직무 수행이 가능한 분","- 무대예술전문인(무대기계) 보유자
- 컨벤션기획사 2급 보유자
- 콜시트, 장비 반출입, 출연자 동선, 현장 기록 관련 프로젝트 또는 현장 수행 경험
- 업무용 문서·보고서 작성 및 이력 관리 경험
- 유관 부서·외부 협력사와의 일정 조율 경험","- 지원서 또는 제출서류를 허위로 기재한 경우
- 채용 과정에서 요구한 증빙서류를 제출하지 못한 경우
- 채용검진 결과 직무 수행이 어렵다고 판단되는 경우
- 해외여행 및 근무에 결격사유가 있는 경우
- 관련 법령 또는 내부 인사규정상 채용이 불가능한 경우",서류전형 > 실무면접 > 최종면접
1882,스태프 실무자 채용,64,189,20260323,20260414,12,경력,계약직,경기도,전문학사 이상,"스태프 포지션은 촬영·공연 현장의 운영과 제작 지원 역할입니다. 담당 업무의 목표와 우선순위를 명확히 설정하고, 일정과 품질 기준을 함께 관리합니다.

콜시트, 장비 반출입, 출연자 동선, 현장 기록를 중심으로 실무를 수행하며, 요구사항과 결과물을 문서화해 업무 흐름이 누락되지 않도록 합니다.

기획·운영·현장 담당자 및 외부 협력 파트너와 수시로 협업합니다. 변경 사항은 영향 범위를 검토한 뒤 대안을 제시하고 합의된 방식으로 반영합니다.

문제 발생 시 사실관계와 원인을 먼저 확인하고, 재발 방지 방안을 업무 절차에 반영합니다. 입사 후에는 담당 영역의 실행력을 높이고, 정확성·일정 준수·이용자 관점의 완성도를 중요한 기준으로 삼습니다.","- 콜시트, 장비 반출입, 출연자 동선, 현장 기록 관련 업무 계획 수립 및 실행
- 담당 과제의 일정·진행 현황 관리
- 업무 산출물 작성 및 검토 이력 관리
- 유관 부서 및 외부 협력 대상과 실무 조율
- 현장·시스템·자료에서 발생한 이슈 분석 및 조치
- 운영 기준과 체크리스트 개선
- 결과 데이터 또는 피드백을 반영한 품질 개선","- 경력 조건에 맞는 관련 실무 경험 또는 역량 보유
- 콜시트, 장비 반출입, 출연자 동선, 현장 기록에 필요한 도구·절차를 이해하고 실무 적용이 가능한 분
- 업무 내용을 정확히 기록하고 일정에 맞춰 결과물을 제출할 수 있는 분
- 유관 부서와 원활하게 소통하며 협업할 수 있는 분
- 근무지 출퇴근 및 직무 수행이 가능한 분","- 무대예술전문인(무대기계) 보유자
- 컨벤션기획사 2급 보유자
- 콜시트, 장비 반출입, 출연자 동선, 현장 기록 관련 프로젝트 또는 현장 수행 경험
- 업무용 문서·보고서 작성 및 이력 관리 경험
- 유관 부서·외부 협력사와의 일정 조율 경험","- 지원서 또는 제출서류를 허위로 기재한 경우
- 채용 과정에서 요구한 증빙서류를 제출하지 못한 경우
- 채용검진 결과 직무 수행이 어렵다고 판단되는 경우
- 해외여행 및 근무에 결격사유가 있는 경우
- 관련 법령 또는 내부 인사규정상 채용이 불가능한 경우",서류전형 > 인성검사 > 실무면접 > 최종면접
1883,스태프 전문인력 채용,131,189,20260403,20260428,14,신입·경력,정규직,인천광역시,학사 이상,"스태프 포지션은 촬영·공연 현장의 운영과 제작 지원 역할입니다. 담당 업무의 목표와 우선순위를 명확히 설정하고, 일정과 품질 기준을 함께 관리합니다.

콜시트, 장비 반출입, 출연자 동선, 현장 기록를 중심으로 실무를 수행하며, 요구사항과 결과물을 문서화해 업무 흐름이 누락되지 않도록 합니다.

기획·운영·현장 담당자 및 외부 협력 파트너와 수시로 협업합니다. 변경 사항은 영향 범위를 검토한 뒤 대안을 제시하고 합의된 방식으로 반영합니다.

문제 발생 시 사실관계와 원인을 먼저 확인하고, 재발 방지 방안을 업무 절차에 반영합니다. 입사 후에는 담당 영역의 실행력을 높이고, 정확성·일정 준수·이용자 관점의 완성도를 중요한 기준으로 삼습니다.","- 콜시트, 장비 반출입, 출연자 동선, 현장 기록 관련 업무 계획 수립 및 실행
- 담당 과제의 일정·진행 현황 관리
- 업무 산출물 작성 및 검토 이력 관리
- 유관 부서 및 외부 협력 대상과 실무 조율
- 현장·시스템·자료에서 발생한 이슈 분석 및 조치
- 운영 기준과 체크리스트 개선
- 결과 데이터 또는 피드백을 반영한 품질 개선","- 신입·경력 조건에 맞는 관련 실무 경험 또는 역량 보유
- 콜시트, 장비 반출입, 출연자 동선, 현장 기록에 필요한 도구·절차를 이해하고 실무 적용이 가능한 분
- 업무 내용을 정확히 기록하고 일정에 맞춰 결과물을 제출할 수 있는 분
- 유관 부서와 원활하게 소통하며 협업할 수 있는 분
- 근무지 출퇴근 및 직무 수행이 가능한 분","- 무대예술전문인(무대기계) 보유자
- 컨벤션기획사 2급 보유자
- 콜시트, 장비 반출입, 출연자 동선, 현장 기록 관련 프로젝트 또는 현장 수행 경험
- 업무용 문서·보고서 작성 및 이력 관리 경험
- 유관 부서·외부 협력사와의 일정 조율 경험","- 지원서 또는 제출서류를 허위로 기재한 경우
- 채용 과정에서 요구한 증빙서류를 제출하지 못한 경우
- 채용검진 결과 직무 수행이 어렵다고 판단되는 경우
- 해외여행 및 근무에 결격사유가 있는 경우
- 관련 법령 또는 내부 인사규정상 채용이 불가능한 경우",서류전형 > 직무과제 > 실무면접 > 처우협의
1884,스태프 운영 담당 채용,15,189,20260508,20260605,16,경력 2년 이상,정규직,대전광역시,학사 이상,"스태프 포지션은 촬영·공연 현장의 운영과 제작 지원 역할입니다. 담당 업무의 목표와 우선순위를 명확히 설정하고, 일정과 품질 기준을 함께 관리합니다.

콜시트, 장비 반출입, 출연자 동선, 현장 기록를 중심으로 실무를 수행하며, 요구사항과 결과물을 문서화해 업무 흐름이 누락되지 않도록 합니다.

기획·운영·현장 담당자 및 외부 협력 파트너와 수시로 협업합니다. 변경 사항은 영향 범위를 검토한 뒤 대안을 제시하고 합의된 방식으로 반영합니다.

문제 발생 시 사실관계와 원인을 먼저 확인하고, 재발 방지 방안을 업무 절차에 반영합니다. 입사 후에는 담당 영역의 실행력을 높이고, 정확성·일정 준수·이용자 관점의 완성도를 중요한 기준으로 삼습니다.","- 콜시트, 장비 반출입, 출연자 동선, 현장 기록 관련 업무 계획 수립 및 실행
- 담당 과제의 일정·진행 현황 관리
- 업무 산출물 작성 및 검토 이력 관리
- 유관 부서 및 외부 협력 대상과 실무 조율
- 현장·시스템·자료에서 발생한 이슈 분석 및 조치
- 운영 기준과 체크리스트 개선
- 결과 데이터 또는 피드백을 반영한 품질 개선","- 경력 2년 이상 조건에 맞는 관련 실무 경험 또는 역량 보유
- 콜시트, 장비 반출입, 출연자 동선, 현장 기록에 필요한 도구·절차를 이해하고 실무 적용이 가능한 분
- 업무 내용을 정확히 기록하고 일정에 맞춰 결과물을 제출할 수 있는 분
- 유관 부서와 원활하게 소통하며 협업할 수 있는 분
- 근무지 출퇴근 및 직무 수행이 가능한 분","- 무대예술전문인(무대기계) 보유자
- 컨벤션기획사 2급 보유자
- 콜시트, 장비 반출입, 출연자 동선, 현장 기록 관련 프로젝트 또는 현장 수행 경험
- 업무용 문서·보고서 작성 및 이력 관리 경험
- 유관 부서·외부 협력사와의 일정 조율 경험","- 지원서 또는 제출서류를 허위로 기재한 경우
- 채용 과정에서 요구한 증빙서류를 제출하지 못한 경우
- 채용검진 결과 직무 수행이 어렵다고 판단되는 경우
- 해외여행 및 근무에 결격사유가 있는 경우
- 관련 법령 또는 내부 인사규정상 채용이 불가능한 경우",서류전형 > 1차면접 > 2차면접 > 채용검진
1885,스태프 프로젝트 인재 모집,49,189,20260613,20260714,18,경력 3년 이상,무기계약직,부산광역시,학력무관,"스태프 포지션은 촬영·공연 현장의 운영과 제작 지원 역할입니다. 담당 업무의 목표와 우선순위를 명확히 설정하고, 일정과 품질 기준을 함께 관리합니다.

콜시트, 장비 반출입, 출연자 동선, 현장 기록를 중심으로 실무를 수행하며, 요구사항과 결과물을 문서화해 업무 흐름이 누락되지 않도록 합니다.

기획·운영·현장 담당자 및 외부 협력 파트너와 수시로 협업합니다. 변경 사항은 영향 범위를 검토한 뒤 대안을 제시하고 합의된 방식으로 반영합니다.

문제 발생 시 사실관계와 원인을 먼저 확인하고, 재발 방지 방안을 업무 절차에 반영합니다. 입사 후에는 담당 영역의 실행력을 높이고, 정확성·일정 준수·이용자 관점의 완성도를 중요한 기준으로 삼습니다.","- 콜시트, 장비 반출입, 출연자 동선, 현장 기록 관련 업무 계획 수립 및 실행
- 담당 과제의 일정·진행 현황 관리
- 업무 산출물 작성 및 검토 이력 관리
- 유관 부서 및 외부 협력 대상과 실무 조율
- 현장·시스템·자료에서 발생한 이슈 분석 및 조치
- 운영 기준과 체크리스트 개선
- 결과 데이터 또는 피드백을 반영한 품질 개선","- 경력 3년 이상 조건에 맞는 관련 실무 경험 또는 역량 보유
- 콜시트, 장비 반출입, 출연자 동선, 현장 기록에 필요한 도구·절차를 이해하고 실무 적용이 가능한 분
- 업무 내용을 정확히 기록하고 일정에 맞춰 결과물을 제출할 수 있는 분
- 유관 부서와 원활하게 소통하며 협업할 수 있는 분
- 근무지 출퇴근 및 직무 수행이 가능한 분","- 무대예술전문인(무대기계) 보유자
- 컨벤션기획사 2급 보유자
- 콜시트, 장비 반출입, 출연자 동선, 현장 기록 관련 프로젝트 또는 현장 수행 경험
- 업무용 문서·보고서 작성 및 이력 관리 경험
- 유관 부서·외부 협력사와의 일정 조율 경험","- 지원서 또는 제출서류를 허위로 기재한 경우
- 채용 과정에서 요구한 증빙서류를 제출하지 못한 경우
- 채용검진 결과 직무 수행이 어렵다고 판단되는 경우
- 해외여행 및 근무에 결격사유가 있는 경우
- 관련 법령 또는 내부 인사규정상 채용이 불가능한 경우",서류전형 > 실무면접 > 최종면접
1886,스태프 전담 인력 채용,131,189,20260718,20260821,20,경력 무관,기간제,광주광역시,전문학사 이상,"스태프 포지션은 촬영·공연 현장의 운영과 제작 지원 역할입니다. 담당 업무의 목표와 우선순위를 명확히 설정하고, 일정과 품질 기준을 함께 관리합니다.

콜시트, 장비 반출입, 출연자 동선, 현장 기록를 중심으로 실무를 수행하며, 요구사항과 결과물을 문서화해 업무 흐름이 누락되지 않도록 합니다.

기획·운영·현장 담당자 및 외부 협력 파트너와 수시로 협업합니다. 변경 사항은 영향 범위를 검토한 뒤 대안을 제시하고 합의된 방식으로 반영합니다.

문제 발생 시 사실관계와 원인을 먼저 확인하고, 재발 방지 방안을 업무 절차에 반영합니다. 입사 후에는 담당 영역의 실행력을 높이고, 정확성·일정 준수·이용자 관점의 완성도를 중요한 기준으로 삼습니다.","- 콜시트, 장비 반출입, 출연자 동선, 현장 기록 관련 업무 계획 수립 및 실행
- 담당 과제의 일정·진행 현황 관리
- 업무 산출물 작성 및 검토 이력 관리
- 유관 부서 및 외부 협력 대상과 실무 조율
- 현장·시스템·자료에서 발생한 이슈 분석 및 조치
- 운영 기준과 체크리스트 개선
- 결과 데이터 또는 피드백을 반영한 품질 개선","- 경력 무관 조건에 맞는 관련 실무 경험 또는 역량 보유
- 콜시트, 장비 반출입, 출연자 동선, 현장 기록에 필요한 도구·절차를 이해하고 실무 적용이 가능한 분
- 업무 내용을 정확히 기록하고 일정에 맞춰 결과물을 제출할 수 있는 분
- 유관 부서와 원활하게 소통하며 협업할 수 있는 분
- 근무지 출퇴근 및 직무 수행이 가능한 분","- 무대예술전문인(무대기계) 보유자
- 컨벤션기획사 2급 보유자
- 콜시트, 장비 반출입, 출연자 동선, 현장 기록 관련 프로젝트 또는 현장 수행 경험
- 업무용 문서·보고서 작성 및 이력 관리 경험
- 유관 부서·외부 협력사와의 일정 조율 경험","- 지원서 또는 제출서류를 허위로 기재한 경우
- 채용 과정에서 요구한 증빙서류를 제출하지 못한 경우
- 채용검진 결과 직무 수행이 어렵다고 판단되는 경우
- 해외여행 및 근무에 결격사유가 있는 경우
- 관련 법령 또는 내부 인사규정상 채용이 불가능한 경우",서류전형 > 인성검사 > 실무면접 > 최종면접
1887,스태프 실무 인재 모집,130,189,20260823,20260929,2,경력 5년 이상,정규직,세종특별자치시,학사 이상,"스태프 포지션은 촬영·공연 현장의 운영과 제작 지원 역할입니다. 담당 업무의 목표와 우선순위를 명확히 설정하고, 일정과 품질 기준을 함께 관리합니다.

콜시트, 장비 반출입, 출연자 동선, 현장 기록를 중심으로 실무를 수행하며, 요구사항과 결과물을 문서화해 업무 흐름이 누락되지 않도록 합니다.

기획·운영·현장 담당자 및 외부 협력 파트너와 수시로 협업합니다. 변경 사항은 영향 범위를 검토한 뒤 대안을 제시하고 합의된 방식으로 반영합니다.

문제 발생 시 사실관계와 원인을 먼저 확인하고, 재발 방지 방안을 업무 절차에 반영합니다. 입사 후에는 담당 영역의 실행력을 높이고, 정확성·일정 준수·이용자 관점의 완성도를 중요한 기준으로 삼습니다.","- 콜시트, 장비 반출입, 출연자 동선, 현장 기록 관련 업무 계획 수립 및 실행
- 담당 과제의 일정·진행 현황 관리
- 업무 산출물 작성 및 검토 이력 관리
- 유관 부서 및 외부 협력 대상과 실무 조율
- 현장·시스템·자료에서 발생한 이슈 분석 및 조치
- 운영 기준과 체크리스트 개선
- 결과 데이터 또는 피드백을 반영한 품질 개선","- 경력 5년 이상 조건에 맞는 관련 실무 경험 또는 역량 보유
- 콜시트, 장비 반출입, 출연자 동선, 현장 기록에 필요한 도구·절차를 이해하고 실무 적용이 가능한 분
- 업무 내용을 정확히 기록하고 일정에 맞춰 결과물을 제출할 수 있는 분
- 유관 부서와 원활하게 소통하며 협업할 수 있는 분
- 근무지 출퇴근 및 직무 수행이 가능한 분","- 무대예술전문인(무대기계) 보유자
- 컨벤션기획사 2급 보유자
- 콜시트, 장비 반출입, 출연자 동선, 현장 기록 관련 프로젝트 또는 현장 수행 경험
- 업무용 문서·보고서 작성 및 이력 관리 경험
- 유관 부서·외부 협력사와의 일정 조율 경험","- 지원서 또는 제출서류를 허위로 기재한 경우
- 채용 과정에서 요구한 증빙서류를 제출하지 못한 경우
- 채용검진 결과 직무 수행이 어렵다고 판단되는 경우
- 해외여행 및 근무에 결격사유가 있는 경우
- 관련 법령 또는 내부 인사규정상 채용이 불가능한 경우",서류전형 > 직무과제 > 실무면접 > 처우협의
1888,스태프 담당자 공개채용,16,189,20260903,20261013,4,신입·경력,계약직,충청남도,학력무관,"스태프 포지션은 촬영·공연 현장의 운영과 제작 지원 역할입니다. 담당 업무의 목표와 우선순위를 명확히 설정하고, 일정과 품질 기준을 함께 관리합니다.

콜시트, 장비 반출입, 출연자 동선, 현장 기록를 중심으로 실무를 수행하며, 요구사항과 결과물을 문서화해 업무 흐름이 누락되지 않도록 합니다.

기획·운영·현장 담당자 및 외부 협력 파트너와 수시로 협업합니다. 변경 사항은 영향 범위를 검토한 뒤 대안을 제시하고 합의된 방식으로 반영합니다.

문제 발생 시 사실관계와 원인을 먼저 확인하고, 재발 방지 방안을 업무 절차에 반영합니다. 입사 후에는 담당 영역의 실행력을 높이고, 정확성·일정 준수·이용자 관점의 완성도를 중요한 기준으로 삼습니다.","- 콜시트, 장비 반출입, 출연자 동선, 현장 기록 관련 업무 계획 수립 및 실행
- 담당 과제의 일정·진행 현황 관리
- 업무 산출물 작성 및 검토 이력 관리
- 유관 부서 및 외부 협력 대상과 실무 조율
- 현장·시스템·자료에서 발생한 이슈 분석 및 조치
- 운영 기준과 체크리스트 개선
- 결과 데이터 또는 피드백을 반영한 품질 개선","- 신입·경력 조건에 맞는 관련 실무 경험 또는 역량 보유
- 콜시트, 장비 반출입, 출연자 동선, 현장 기록에 필요한 도구·절차를 이해하고 실무 적용이 가능한 분
- 업무 내용을 정확히 기록하고 일정에 맞춰 결과물을 제출할 수 있는 분
- 유관 부서와 원활하게 소통하며 협업할 수 있는 분
- 근무지 출퇴근 및 직무 수행이 가능한 분","- 무대예술전문인(무대기계) 보유자
- 컨벤션기획사 2급 보유자
- 콜시트, 장비 반출입, 출연자 동선, 현장 기록 관련 프로젝트 또는 현장 수행 경험
- 업무용 문서·보고서 작성 및 이력 관리 경험
- 유관 부서·외부 협력사와의 일정 조율 경험","- 지원서 또는 제출서류를 허위로 기재한 경우
- 채용 과정에서 요구한 증빙서류를 제출하지 못한 경우
- 채용검진 결과 직무 수행이 어렵다고 판단되는 경우
- 해외여행 및 근무에 결격사유가 있는 경우
- 관련 법령 또는 내부 인사규정상 채용이 불가능한 경우",서류전형 > 1차면접 > 2차면접 > 채용검진
1889,스태프 정규직 모집,135,189,20261008,20261120,6,경력 2년 이상,정규직,경상남도,학사 이상,"스태프 포지션은 촬영·공연 현장의 운영과 제작 지원 역할입니다. 담당 업무의 목표와 우선순위를 명확히 설정하고, 일정과 품질 기준을 함께 관리합니다.

콜시트, 장비 반출입, 출연자 동선, 현장 기록를 중심으로 실무를 수행하며, 요구사항과 결과물을 문서화해 업무 흐름이 누락되지 않도록 합니다.

기획·운영·현장 담당자 및 외부 협력 파트너와 수시로 협업합니다. 변경 사항은 영향 범위를 검토한 뒤 대안을 제시하고 합의된 방식으로 반영합니다.

문제 발생 시 사실관계와 원인을 먼저 확인하고, 재발 방지 방안을 업무 절차에 반영합니다. 입사 후에는 담당 영역의 실행력을 높이고, 정확성·일정 준수·이용자 관점의 완성도를 중요한 기준으로 삼습니다.","- 콜시트, 장비 반출입, 출연자 동선, 현장 기록 관련 업무 계획 수립 및 실행
- 담당 과제의 일정·진행 현황 관리
- 업무 산출물 작성 및 검토 이력 관리
- 유관 부서 및 외부 협력 대상과 실무 조율
- 현장·시스템·자료에서 발생한 이슈 분석 및 조치
- 운영 기준과 체크리스트 개선
- 결과 데이터 또는 피드백을 반영한 품질 개선","- 경력 2년 이상 조건에 맞는 관련 실무 경험 또는 역량 보유
- 콜시트, 장비 반출입, 출연자 동선, 현장 기록에 필요한 도구·절차를 이해하고 실무 적용이 가능한 분
- 업무 내용을 정확히 기록하고 일정에 맞춰 결과물을 제출할 수 있는 분
- 유관 부서와 원활하게 소통하며 협업할 수 있는 분
- 근무지 출퇴근 및 직무 수행이 가능한 분","- 무대예술전문인(무대기계) 보유자
- 컨벤션기획사 2급 보유자
- 콜시트, 장비 반출입, 출연자 동선, 현장 기록 관련 프로젝트 또는 현장 수행 경험
- 업무용 문서·보고서 작성 및 이력 관리 경험
- 유관 부서·외부 협력사와의 일정 조율 경험","- 지원서 또는 제출서류를 허위로 기재한 경우
- 채용 과정에서 요구한 증빙서류를 제출하지 못한 경우
- 채용검진 결과 직무 수행이 어렵다고 판단되는 경우
- 해외여행 및 근무에 결격사유가 있는 경우
- 관련 법령 또는 내부 인사규정상 채용이 불가능한 경우",서류전형 > 실무면접 > 최종면접
1890,스태프 채용,113,189,20260213,20260223,8,경력,정규직,전북특별자치도,전문학사 이상,"스태프 포지션은 촬영·공연 현장의 운영과 제작 지원 역할입니다. 담당 업무의 목표와 우선순위를 명확히 설정하고, 일정과 품질 기준을 함께 관리합니다.

콜시트, 장비 반출입, 출연자 동선, 현장 기록를 중심으로 실무를 수행하며, 요구사항과 결과물을 문서화해 업무 흐름이 누락되지 않도록 합니다.

기획·운영·현장 담당자 및 외부 협력 파트너와 수시로 협업합니다. 변경 사항은 영향 범위를 검토한 뒤 대안을 제시하고 합의된 방식으로 반영합니다.

문제 발생 시 사실관계와 원인을 먼저 확인하고, 재발 방지 방안을 업무 절차에 반영합니다. 입사 후에는 담당 영역의 실행력을 높이고, 정확성·일정 준수·이용자 관점의 완성도를 중요한 기준으로 삼습니다.","- 콜시트, 장비 반출입, 출연자 동선, 현장 기록 관련 업무 계획 수립 및 실행
- 담당 과제의 일정·진행 현황 관리
- 업무 산출물 작성 및 검토 이력 관리
- 유관 부서 및 외부 협력 대상과 실무 조율
- 현장·시스템·자료에서 발생한 이슈 분석 및 조치
- 운영 기준과 체크리스트 개선
- 결과 데이터 또는 피드백을 반영한 품질 개선","- 경력 조건에 맞는 관련 실무 경험 또는 역량 보유
- 콜시트, 장비 반출입, 출연자 동선, 현장 기록에 필요한 도구·절차를 이해하고 실무 적용이 가능한 분
- 업무 내용을 정확히 기록하고 일정에 맞춰 결과물을 제출할 수 있는 분
- 유관 부서와 원활하게 소통하며 협업할 수 있는 분
- 근무지 출퇴근 및 직무 수행이 가능한 분","- 무대예술전문인(무대기계) 보유자
- 컨벤션기획사 2급 보유자
- 콜시트, 장비 반출입, 출연자 동선, 현장 기록 관련 프로젝트 또는 현장 수행 경험
- 업무용 문서·보고서 작성 및 이력 관리 경험
- 유관 부서·외부 협력사와의 일정 조율 경험","- 지원서 또는 제출서류를 허위로 기재한 경우
- 채용 과정에서 요구한 증빙서류를 제출하지 못한 경우
- 채용검진 결과 직무 수행이 어렵다고 판단되는 경우
- 해외여행 및 근무에 결격사유가 있는 경우
- 관련 법령 또는 내부 인사규정상 채용이 불가능한 경우",서류전형 > 인성검사 > 실무면접 > 최종면접
1891,출판·편집 담당자 모집,72,190,20260321,20260410,11,신입,정규직,서울특별시,학력무관,"출판·편집 포지션은 원고를 독자용 출판물로 편집·제작 역할입니다. 담당 업무의 목표와 우선순위를 명확히 설정하고, 일정과 품질 기준을 함께 관리합니다.

원고 교정, 편집 디자인, ISBN, 인쇄 교정를 중심으로 실무를 수행하며, 요구사항과 결과물을 문서화해 업무 흐름이 누락되지 않도록 합니다.

기획·운영·현장 담당자 및 외부 협력 파트너와 수시로 협업합니다. 변경 사항은 영향 범위를 검토한 뒤 대안을 제시하고 합의된 방식으로 반영합니다.

문제 발생 시 사실관계와 원인을 먼저 확인하고, 재발 방지 방안을 업무 절차에 반영합니다. 입사 후에는 담당 영역의 실행력을 높이고, 정확성·일정 준수·이용자 관점의 완성도를 중요한 기준으로 삼습니다.","- 원고 교정, 편집 디자인, ISBN, 인쇄 교정 관련 업무 계획 수립 및 실행
- 담당 과제의 일정·진행 현황 관리
- 업무 산출물 작성 및 검토 이력 관리
- 유관 부서 및 외부 협력 대상과 실무 조율
- 현장·시스템·자료에서 발생한 이슈 분석 및 조치
- 운영 기준과 체크리스트 개선
- 결과 데이터 또는 피드백을 반영한 품질 개선","- 신입 조건에 맞는 관련 실무 경험 또는 역량 보유
- 원고 교정, 편집 디자인, ISBN, 인쇄 교정에 필요한 도구·절차를 이해하고 실무 적용이 가능한 분
- 업무 내용을 정확히 기록하고 일정에 맞춰 결과물을 제출할 수 있는 분
- 유관 부서와 원활하게 소통하며 협업할 수 있는 분
- 근무지 출퇴근 및 직무 수행이 가능한 분","- 전자출판기능사 보유자
- 컴퓨터그래픽스운용기능사 보유자
- 원고 교정, 편집 디자인, ISBN, 인쇄 교정 관련 프로젝트 또는 현장 수행 경험
- 업무용 문서·보고서 작성 및 이력 관리 경험
- 유관 부서·외부 협력사와의 일정 조율 경험","- 지원서 또는 제출서류를 허위로 기재한 경우
- 채용 과정에서 요구한 증빙서류를 제출하지 못한 경우
- 채용검진 결과 직무 수행이 어렵다고 판단되는 경우
- 해외여행 및 근무에 결격사유가 있는 경우
- 관련 법령 또는 내부 인사규정상 채용이 불가능한 경우",서류전형 > 실무면접 > 최종면접
1892,출판·편집 실무자 채용,106,190,20260401,20260424,13,경력,계약직,경기도,전문학사 이상,"출판·편집 포지션은 원고를 독자용 출판물로 편집·제작 역할입니다. 담당 업무의 목표와 우선순위를 명확히 설정하고, 일정과 품질 기준을 함께 관리합니다.

원고 교정, 편집 디자인, ISBN, 인쇄 교정를 중심으로 실무를 수행하며, 요구사항과 결과물을 문서화해 업무 흐름이 누락되지 않도록 합니다.

기획·운영·현장 담당자 및 외부 협력 파트너와 수시로 협업합니다. 변경 사항은 영향 범위를 검토한 뒤 대안을 제시하고 합의된 방식으로 반영합니다.

문제 발생 시 사실관계와 원인을 먼저 확인하고, 재발 방지 방안을 업무 절차에 반영합니다. 입사 후에는 담당 영역의 실행력을 높이고, 정확성·일정 준수·이용자 관점의 완성도를 중요한 기준으로 삼습니다.","- 원고 교정, 편집 디자인, ISBN, 인쇄 교정 관련 업무 계획 수립 및 실행
- 담당 과제의 일정·진행 현황 관리
- 업무 산출물 작성 및 검토 이력 관리
- 유관 부서 및 외부 협력 대상과 실무 조율
- 현장·시스템·자료에서 발생한 이슈 분석 및 조치
- 운영 기준과 체크리스트 개선
- 결과 데이터 또는 피드백을 반영한 품질 개선","- 경력 조건에 맞는 관련 실무 경험 또는 역량 보유
- 원고 교정, 편집 디자인, ISBN, 인쇄 교정에 필요한 도구·절차를 이해하고 실무 적용이 가능한 분
- 업무 내용을 정확히 기록하고 일정에 맞춰 결과물을 제출할 수 있는 분
- 유관 부서와 원활하게 소통하며 협업할 수 있는 분
- 근무지 출퇴근 및 직무 수행이 가능한 분","- 전자출판기능사 보유자
- 컴퓨터그래픽스운용기능사 보유자
- 원고 교정, 편집 디자인, ISBN, 인쇄 교정 관련 프로젝트 또는 현장 수행 경험
- 업무용 문서·보고서 작성 및 이력 관리 경험
- 유관 부서·외부 협력사와의 일정 조율 경험","- 지원서 또는 제출서류를 허위로 기재한 경우
- 채용 과정에서 요구한 증빙서류를 제출하지 못한 경우
- 채용검진 결과 직무 수행이 어렵다고 판단되는 경우
- 해외여행 및 근무에 결격사유가 있는 경우
- 관련 법령 또는 내부 인사규정상 채용이 불가능한 경우",서류전형 > 인성검사 > 실무면접 > 최종면접
1893,출판·편집 전문인력 채용,41,190,20260506,20260601,15,신입·경력,정규직,인천광역시,학사 이상,"출판·편집 포지션은 원고를 독자용 출판물로 편집·제작 역할입니다. 담당 업무의 목표와 우선순위를 명확히 설정하고, 일정과 품질 기준을 함께 관리합니다.

원고 교정, 편집 디자인, ISBN, 인쇄 교정를 중심으로 실무를 수행하며, 요구사항과 결과물을 문서화해 업무 흐름이 누락되지 않도록 합니다.

기획·운영·현장 담당자 및 외부 협력 파트너와 수시로 협업합니다. 변경 사항은 영향 범위를 검토한 뒤 대안을 제시하고 합의된 방식으로 반영합니다.

문제 발생 시 사실관계와 원인을 먼저 확인하고, 재발 방지 방안을 업무 절차에 반영합니다. 입사 후에는 담당 영역의 실행력을 높이고, 정확성·일정 준수·이용자 관점의 완성도를 중요한 기준으로 삼습니다.","- 원고 교정, 편집 디자인, ISBN, 인쇄 교정 관련 업무 계획 수립 및 실행
- 담당 과제의 일정·진행 현황 관리
- 업무 산출물 작성 및 검토 이력 관리
- 유관 부서 및 외부 협력 대상과 실무 조율
- 현장·시스템·자료에서 발생한 이슈 분석 및 조치
- 운영 기준과 체크리스트 개선
- 결과 데이터 또는 피드백을 반영한 품질 개선","- 신입·경력 조건에 맞는 관련 실무 경험 또는 역량 보유
- 원고 교정, 편집 디자인, ISBN, 인쇄 교정에 필요한 도구·절차를 이해하고 실무 적용이 가능한 분
- 업무 내용을 정확히 기록하고 일정에 맞춰 결과물을 제출할 수 있는 분
- 유관 부서와 원활하게 소통하며 협업할 수 있는 분
- 근무지 출퇴근 및 직무 수행이 가능한 분","- 전자출판기능사 보유자
- 컴퓨터그래픽스운용기능사 보유자
- 원고 교정, 편집 디자인, ISBN, 인쇄 교정 관련 프로젝트 또는 현장 수행 경험
- 업무용 문서·보고서 작성 및 이력 관리 경험
- 유관 부서·외부 협력사와의 일정 조율 경험","- 지원서 또는 제출서류를 허위로 기재한 경우
- 채용 과정에서 요구한 증빙서류를 제출하지 못한 경우
- 채용검진 결과 직무 수행이 어렵다고 판단되는 경우
- 해외여행 및 근무에 결격사유가 있는 경우
- 관련 법령 또는 내부 인사규정상 채용이 불가능한 경우",서류전형 > 직무과제 > 실무면접 > 처우협의
1894,출판·편집 운영 담당 채용,59,190,20260611,20260710,17,경력 2년 이상,정규직,대전광역시,학사 이상,"출판·편집 포지션은 원고를 독자용 출판물로 편집·제작 역할입니다. 담당 업무의 목표와 우선순위를 명확히 설정하고, 일정과 품질 기준을 함께 관리합니다.

원고 교정, 편집 디자인, ISBN, 인쇄 교정를 중심으로 실무를 수행하며, 요구사항과 결과물을 문서화해 업무 흐름이 누락되지 않도록 합니다.

기획·운영·현장 담당자 및 외부 협력 파트너와 수시로 협업합니다. 변경 사항은 영향 범위를 검토한 뒤 대안을 제시하고 합의된 방식으로 반영합니다.

문제 발생 시 사실관계와 원인을 먼저 확인하고, 재발 방지 방안을 업무 절차에 반영합니다. 입사 후에는 담당 영역의 실행력을 높이고, 정확성·일정 준수·이용자 관점의 완성도를 중요한 기준으로 삼습니다.","- 원고 교정, 편집 디자인, ISBN, 인쇄 교정 관련 업무 계획 수립 및 실행
- 담당 과제의 일정·진행 현황 관리
- 업무 산출물 작성 및 검토 이력 관리
- 유관 부서 및 외부 협력 대상과 실무 조율
- 현장·시스템·자료에서 발생한 이슈 분석 및 조치
- 운영 기준과 체크리스트 개선
- 결과 데이터 또는 피드백을 반영한 품질 개선","- 경력 2년 이상 조건에 맞는 관련 실무 경험 또는 역량 보유
- 원고 교정, 편집 디자인, ISBN, 인쇄 교정에 필요한 도구·절차를 이해하고 실무 적용이 가능한 분
- 업무 내용을 정확히 기록하고 일정에 맞춰 결과물을 제출할 수 있는 분
- 유관 부서와 원활하게 소통하며 협업할 수 있는 분
- 근무지 출퇴근 및 직무 수행이 가능한 분","- 전자출판기능사 보유자
- 컴퓨터그래픽스운용기능사 보유자
- 원고 교정, 편집 디자인, ISBN, 인쇄 교정 관련 프로젝트 또는 현장 수행 경험
- 업무용 문서·보고서 작성 및 이력 관리 경험
- 유관 부서·외부 협력사와의 일정 조율 경험","- 지원서 또는 제출서류를 허위로 기재한 경우
- 채용 과정에서 요구한 증빙서류를 제출하지 못한 경우
- 채용검진 결과 직무 수행이 어렵다고 판단되는 경우
- 해외여행 및 근무에 결격사유가 있는 경우
- 관련 법령 또는 내부 인사규정상 채용이 불가능한 경우",서류전형 > 1차면접 > 2차면접 > 채용검진
1895,출판·편집 프로젝트 인재 모집,76,190,20260716,20260817,19,경력 3년 이상,무기계약직,부산광역시,학력무관,"출판·편집 포지션은 원고를 독자용 출판물로 편집·제작 역할입니다. 담당 업무의 목표와 우선순위를 명확히 설정하고, 일정과 품질 기준을 함께 관리합니다.

원고 교정, 편집 디자인, ISBN, 인쇄 교정를 중심으로 실무를 수행하며, 요구사항과 결과물을 문서화해 업무 흐름이 누락되지 않도록 합니다.

기획·운영·현장 담당자 및 외부 협력 파트너와 수시로 협업합니다. 변경 사항은 영향 범위를 검토한 뒤 대안을 제시하고 합의된 방식으로 반영합니다.

문제 발생 시 사실관계와 원인을 먼저 확인하고, 재발 방지 방안을 업무 절차에 반영합니다. 입사 후에는 담당 영역의 실행력을 높이고, 정확성·일정 준수·이용자 관점의 완성도를 중요한 기준으로 삼습니다.","- 원고 교정, 편집 디자인, ISBN, 인쇄 교정 관련 업무 계획 수립 및 실행
- 담당 과제의 일정·진행 현황 관리
- 업무 산출물 작성 및 검토 이력 관리
- 유관 부서 및 외부 협력 대상과 실무 조율
- 현장·시스템·자료에서 발생한 이슈 분석 및 조치
- 운영 기준과 체크리스트 개선
- 결과 데이터 또는 피드백을 반영한 품질 개선","- 경력 3년 이상 조건에 맞는 관련 실무 경험 또는 역량 보유
- 원고 교정, 편집 디자인, ISBN, 인쇄 교정에 필요한 도구·절차를 이해하고 실무 적용이 가능한 분
- 업무 내용을 정확히 기록하고 일정에 맞춰 결과물을 제출할 수 있는 분
- 유관 부서와 원활하게 소통하며 협업할 수 있는 분
- 근무지 출퇴근 및 직무 수행이 가능한 분","- 전자출판기능사 보유자
- 컴퓨터그래픽스운용기능사 보유자
- 원고 교정, 편집 디자인, ISBN, 인쇄 교정 관련 프로젝트 또는 현장 수행 경험
- 업무용 문서·보고서 작성 및 이력 관리 경험
- 유관 부서·외부 협력사와의 일정 조율 경험","- 지원서 또는 제출서류를 허위로 기재한 경우
- 채용 과정에서 요구한 증빙서류를 제출하지 못한 경우
- 채용검진 결과 직무 수행이 어렵다고 판단되는 경우
- 해외여행 및 근무에 결격사유가 있는 경우
- 관련 법령 또는 내부 인사규정상 채용이 불가능한 경우",서류전형 > 실무면접 > 최종면접
1896,출판·편집 전담 인력 채용,15,190,20260821,20260925,1,경력 무관,기간제,광주광역시,전문학사 이상,"출판·편집 포지션은 원고를 독자용 출판물로 편집·제작 역할입니다. 담당 업무의 목표와 우선순위를 명확히 설정하고, 일정과 품질 기준을 함께 관리합니다.

원고 교정, 편집 디자인, ISBN, 인쇄 교정를 중심으로 실무를 수행하며, 요구사항과 결과물을 문서화해 업무 흐름이 누락되지 않도록 합니다.

기획·운영·현장 담당자 및 외부 협력 파트너와 수시로 협업합니다. 변경 사항은 영향 범위를 검토한 뒤 대안을 제시하고 합의된 방식으로 반영합니다.

문제 발생 시 사실관계와 원인을 먼저 확인하고, 재발 방지 방안을 업무 절차에 반영합니다. 입사 후에는 담당 영역의 실행력을 높이고, 정확성·일정 준수·이용자 관점의 완성도를 중요한 기준으로 삼습니다.","- 원고 교정, 편집 디자인, ISBN, 인쇄 교정 관련 업무 계획 수립 및 실행
- 담당 과제의 일정·진행 현황 관리
- 업무 산출물 작성 및 검토 이력 관리
- 유관 부서 및 외부 협력 대상과 실무 조율
- 현장·시스템·자료에서 발생한 이슈 분석 및 조치
- 운영 기준과 체크리스트 개선
- 결과 데이터 또는 피드백을 반영한 품질 개선","- 경력 무관 조건에 맞는 관련 실무 경험 또는 역량 보유
- 원고 교정, 편집 디자인, ISBN, 인쇄 교정에 필요한 도구·절차를 이해하고 실무 적용이 가능한 분
- 업무 내용을 정확히 기록하고 일정에 맞춰 결과물을 제출할 수 있는 분
- 유관 부서와 원활하게 소통하며 협업할 수 있는 분
- 근무지 출퇴근 및 직무 수행이 가능한 분","- 전자출판기능사 보유자
- 컴퓨터그래픽스운용기능사 보유자
- 원고 교정, 편집 디자인, ISBN, 인쇄 교정 관련 프로젝트 또는 현장 수행 경험
- 업무용 문서·보고서 작성 및 이력 관리 경험
- 유관 부서·외부 협력사와의 일정 조율 경험","- 지원서 또는 제출서류를 허위로 기재한 경우
- 채용 과정에서 요구한 증빙서류를 제출하지 못한 경우
- 채용검진 결과 직무 수행이 어렵다고 판단되는 경우
- 해외여행 및 근무에 결격사유가 있는 경우
- 관련 법령 또는 내부 인사규정상 채용이 불가능한 경우",서류전형 > 인성검사 > 실무면접 > 최종면접
1897,출판·편집 실무 인재 모집,45,190,20260901,20261009,3,경력 5년 이상,정규직,세종특별자치시,학사 이상,"출판·편집 포지션은 원고를 독자용 출판물로 편집·제작 역할입니다. 담당 업무의 목표와 우선순위를 명확히 설정하고, 일정과 품질 기준을 함께 관리합니다.

원고 교정, 편집 디자인, ISBN, 인쇄 교정를 중심으로 실무를 수행하며, 요구사항과 결과물을 문서화해 업무 흐름이 누락되지 않도록 합니다.

기획·운영·현장 담당자 및 외부 협력 파트너와 수시로 협업합니다. 변경 사항은 영향 범위를 검토한 뒤 대안을 제시하고 합의된 방식으로 반영합니다.

문제 발생 시 사실관계와 원인을 먼저 확인하고, 재발 방지 방안을 업무 절차에 반영합니다. 입사 후에는 담당 영역의 실행력을 높이고, 정확성·일정 준수·이용자 관점의 완성도를 중요한 기준으로 삼습니다.","- 원고 교정, 편집 디자인, ISBN, 인쇄 교정 관련 업무 계획 수립 및 실행
- 담당 과제의 일정·진행 현황 관리
- 업무 산출물 작성 및 검토 이력 관리
- 유관 부서 및 외부 협력 대상과 실무 조율
- 현장·시스템·자료에서 발생한 이슈 분석 및 조치
- 운영 기준과 체크리스트 개선
- 결과 데이터 또는 피드백을 반영한 품질 개선","- 경력 5년 이상 조건에 맞는 관련 실무 경험 또는 역량 보유
- 원고 교정, 편집 디자인, ISBN, 인쇄 교정에 필요한 도구·절차를 이해하고 실무 적용이 가능한 분
- 업무 내용을 정확히 기록하고 일정에 맞춰 결과물을 제출할 수 있는 분
- 유관 부서와 원활하게 소통하며 협업할 수 있는 분
- 근무지 출퇴근 및 직무 수행이 가능한 분","- 전자출판기능사 보유자
- 컴퓨터그래픽스운용기능사 보유자
- 원고 교정, 편집 디자인, ISBN, 인쇄 교정 관련 프로젝트 또는 현장 수행 경험
- 업무용 문서·보고서 작성 및 이력 관리 경험
- 유관 부서·외부 협력사와의 일정 조율 경험","- 지원서 또는 제출서류를 허위로 기재한 경우
- 채용 과정에서 요구한 증빙서류를 제출하지 못한 경우
- 채용검진 결과 직무 수행이 어렵다고 판단되는 경우
- 해외여행 및 근무에 결격사유가 있는 경우
- 관련 법령 또는 내부 인사규정상 채용이 불가능한 경우",서류전형 > 직무과제 > 실무면접 > 처우협의
1898,출판·편집 담당자 공개채용,7,190,20261006,20261116,5,신입·경력,계약직,충청남도,학력무관,"출판·편집 포지션은 원고를 독자용 출판물로 편집·제작 역할입니다. 담당 업무의 목표와 우선순위를 명확히 설정하고, 일정과 품질 기준을 함께 관리합니다.

원고 교정, 편집 디자인, ISBN, 인쇄 교정를 중심으로 실무를 수행하며, 요구사항과 결과물을 문서화해 업무 흐름이 누락되지 않도록 합니다.

기획·운영·현장 담당자 및 외부 협력 파트너와 수시로 협업합니다. 변경 사항은 영향 범위를 검토한 뒤 대안을 제시하고 합의된 방식으로 반영합니다.

문제 발생 시 사실관계와 원인을 먼저 확인하고, 재발 방지 방안을 업무 절차에 반영합니다. 입사 후에는 담당 영역의 실행력을 높이고, 정확성·일정 준수·이용자 관점의 완성도를 중요한 기준으로 삼습니다.","- 원고 교정, 편집 디자인, ISBN, 인쇄 교정 관련 업무 계획 수립 및 실행
- 담당 과제의 일정·진행 현황 관리
- 업무 산출물 작성 및 검토 이력 관리
- 유관 부서 및 외부 협력 대상과 실무 조율
- 현장·시스템·자료에서 발생한 이슈 분석 및 조치
- 운영 기준과 체크리스트 개선
- 결과 데이터 또는 피드백을 반영한 품질 개선","- 신입·경력 조건에 맞는 관련 실무 경험 또는 역량 보유
- 원고 교정, 편집 디자인, ISBN, 인쇄 교정에 필요한 도구·절차를 이해하고 실무 적용이 가능한 분
- 업무 내용을 정확히 기록하고 일정에 맞춰 결과물을 제출할 수 있는 분
- 유관 부서와 원활하게 소통하며 협업할 수 있는 분
- 근무지 출퇴근 및 직무 수행이 가능한 분","- 전자출판기능사 보유자
- 컴퓨터그래픽스운용기능사 보유자
- 원고 교정, 편집 디자인, ISBN, 인쇄 교정 관련 프로젝트 또는 현장 수행 경험
- 업무용 문서·보고서 작성 및 이력 관리 경험
- 유관 부서·외부 협력사와의 일정 조율 경험","- 지원서 또는 제출서류를 허위로 기재한 경우
- 채용 과정에서 요구한 증빙서류를 제출하지 못한 경우
- 채용검진 결과 직무 수행이 어렵다고 판단되는 경우
- 해외여행 및 근무에 결격사유가 있는 경우
- 관련 법령 또는 내부 인사규정상 채용이 불가능한 경우",서류전형 > 1차면접 > 2차면접 > 채용검진
1899,출판·편집 정규직 모집,4,190,20260211,20260327,7,경력 2년 이상,정규직,경상남도,학사 이상,"출판·편집 포지션은 원고를 독자용 출판물로 편집·제작 역할입니다. 담당 업무의 목표와 우선순위를 명확히 설정하고, 일정과 품질 기준을 함께 관리합니다.

원고 교정, 편집 디자인, ISBN, 인쇄 교정를 중심으로 실무를 수행하며, 요구사항과 결과물을 문서화해 업무 흐름이 누락되지 않도록 합니다.

기획·운영·현장 담당자 및 외부 협력 파트너와 수시로 협업합니다. 변경 사항은 영향 범위를 검토한 뒤 대안을 제시하고 합의된 방식으로 반영합니다.

문제 발생 시 사실관계와 원인을 먼저 확인하고, 재발 방지 방안을 업무 절차에 반영합니다. 입사 후에는 담당 영역의 실행력을 높이고, 정확성·일정 준수·이용자 관점의 완성도를 중요한 기준으로 삼습니다.","- 원고 교정, 편집 디자인, ISBN, 인쇄 교정 관련 업무 계획 수립 및 실행
- 담당 과제의 일정·진행 현황 관리
- 업무 산출물 작성 및 검토 이력 관리
- 유관 부서 및 외부 협력 대상과 실무 조율
- 현장·시스템·자료에서 발생한 이슈 분석 및 조치
- 운영 기준과 체크리스트 개선
- 결과 데이터 또는 피드백을 반영한 품질 개선","- 경력 2년 이상 조건에 맞는 관련 실무 경험 또는 역량 보유
- 원고 교정, 편집 디자인, ISBN, 인쇄 교정에 필요한 도구·절차를 이해하고 실무 적용이 가능한 분
- 업무 내용을 정확히 기록하고 일정에 맞춰 결과물을 제출할 수 있는 분
- 유관 부서와 원활하게 소통하며 협업할 수 있는 분
- 근무지 출퇴근 및 직무 수행이 가능한 분","- 전자출판기능사 보유자
- 컴퓨터그래픽스운용기능사 보유자
- 원고 교정, 편집 디자인, ISBN, 인쇄 교정 관련 프로젝트 또는 현장 수행 경험
- 업무용 문서·보고서 작성 및 이력 관리 경험
- 유관 부서·외부 협력사와의 일정 조율 경험","- 지원서 또는 제출서류를 허위로 기재한 경우
- 채용 과정에서 요구한 증빙서류를 제출하지 못한 경우
- 채용검진 결과 직무 수행이 어렵다고 판단되는 경우
- 해외여행 및 근무에 결격사유가 있는 경우
- 관련 법령 또는 내부 인사규정상 채용이 불가능한 경우",서류전형 > 실무면접 > 최종면접
1900,출판·편집 채용,78,190,20260316,20260327,9,경력,정규직,전북특별자치도,전문학사 이상,"출판·편집 포지션은 원고를 독자용 출판물로 편집·제작 역할입니다. 담당 업무의 목표와 우선순위를 명확히 설정하고, 일정과 품질 기준을 함께 관리합니다.

원고 교정, 편집 디자인, ISBN, 인쇄 교정를 중심으로 실무를 수행하며, 요구사항과 결과물을 문서화해 업무 흐름이 누락되지 않도록 합니다.

기획·운영·현장 담당자 및 외부 협력 파트너와 수시로 협업합니다. 변경 사항은 영향 범위를 검토한 뒤 대안을 제시하고 합의된 방식으로 반영합니다.

문제 발생 시 사실관계와 원인을 먼저 확인하고, 재발 방지 방안을 업무 절차에 반영합니다. 입사 후에는 담당 영역의 실행력을 높이고, 정확성·일정 준수·이용자 관점의 완성도를 중요한 기준으로 삼습니다.","- 원고 교정, 편집 디자인, ISBN, 인쇄 교정 관련 업무 계획 수립 및 실행
- 담당 과제의 일정·진행 현황 관리
- 업무 산출물 작성 및 검토 이력 관리
- 유관 부서 및 외부 협력 대상과 실무 조율
- 현장·시스템·자료에서 발생한 이슈 분석 및 조치
- 운영 기준과 체크리스트 개선
- 결과 데이터 또는 피드백을 반영한 품질 개선","- 경력 조건에 맞는 관련 실무 경험 또는 역량 보유
- 원고 교정, 편집 디자인, ISBN, 인쇄 교정에 필요한 도구·절차를 이해하고 실무 적용이 가능한 분
- 업무 내용을 정확히 기록하고 일정에 맞춰 결과물을 제출할 수 있는 분
- 유관 부서와 원활하게 소통하며 협업할 수 있는 분
- 근무지 출퇴근 및 직무 수행이 가능한 분","- 전자출판기능사 보유자
- 컴퓨터그래픽스운용기능사 보유자
- 원고 교정, 편집 디자인, ISBN, 인쇄 교정 관련 프로젝트 또는 현장 수행 경험
- 업무용 문서·보고서 작성 및 이력 관리 경험
- 유관 부서·외부 협력사와의 일정 조율 경험","- 지원서 또는 제출서류를 허위로 기재한 경우
- 채용 과정에서 요구한 증빙서류를 제출하지 못한 경우
- 채용검진 결과 직무 수행이 어렵다고 판단되는 경우
- 해외여행 및 근무에 결격사유가 있는 경우
- 관련 법령 또는 내부 인사규정상 채용이 불가능한 경우",서류전형 > 인성검사 > 실무면접 > 최종면접
1901,배급·제작자 담당자 모집,125,191,20260424,20260515,12,신입,정규직,서울특별시,학력무관,"배급·제작자 포지션은 콘텐츠 제작 일정과 배급 실행을 관리 역할입니다. 담당 업무의 목표와 우선순위를 명확히 설정하고, 일정과 품질 기준을 함께 관리합니다.

제작 예산, 계약 일정, 상영·송출 자료, 정산를 중심으로 실무를 수행하며, 요구사항과 결과물을 문서화해 업무 흐름이 누락되지 않도록 합니다.

기획·운영·현장 담당자 및 외부 협력 파트너와 수시로 협업합니다. 변경 사항은 영향 범위를 검토한 뒤 대안을 제시하고 합의된 방식으로 반영합니다.

문제 발생 시 사실관계와 원인을 먼저 확인하고, 재발 방지 방안을 업무 절차에 반영합니다. 입사 후에는 담당 영역의 실행력을 높이고, 정확성·일정 준수·이용자 관점의 완성도를 중요한 기준으로 삼습니다.","- 제작 예산, 계약 일정, 상영·송출 자료, 정산 관련 업무 계획 수립 및 실행
- 담당 과제의 일정·진행 현황 관리
- 업무 산출물 작성 및 검토 이력 관리
- 유관 부서 및 외부 협력 대상과 실무 조율
- 현장·시스템·자료에서 발생한 이슈 분석 및 조치
- 운영 기준과 체크리스트 개선
- 결과 데이터 또는 피드백을 반영한 품질 개선","- 신입 조건에 맞는 관련 실무 경험 또는 역량 보유
- 제작 예산, 계약 일정, 상영·송출 자료, 정산에 필요한 도구·절차를 이해하고 실무 적용이 가능한 분
- 업무 내용을 정확히 기록하고 일정에 맞춰 결과물을 제출할 수 있는 분
- 유관 부서와 원활하게 소통하며 협업할 수 있는 분
- 근무지 출퇴근 및 직무 수행이 가능한 분","- 컨벤션기획사 2급 보유자
- PMP 보유자
- 제작 예산, 계약 일정, 상영·송출 자료, 정산 관련 프로젝트 또는 현장 수행 경험
- 업무용 문서·보고서 작성 및 이력 관리 경험
- 유관 부서·외부 협력사와의 일정 조율 경험","- 지원서 또는 제출서류를 허위로 기재한 경우
- 채용 과정에서 요구한 증빙서류를 제출하지 못한 경우
- 채용검진 결과 직무 수행이 어렵다고 판단되는 경우
- 해외여행 및 근무에 결격사유가 있는 경우
- 관련 법령 또는 내부 인사규정상 채용이 불가능한 경우",서류전형 > 실무면접 > 최종면접
1902,배급·제작자 실무자 채용,54,191,20260504,20260528,14,경력,계약직,경기도,전문학사 이상,"배급·제작자 포지션은 콘텐츠 제작 일정과 배급 실행을 관리 역할입니다. 담당 업무의 목표와 우선순위를 명확히 설정하고, 일정과 품질 기준을 함께 관리합니다.

제작 예산, 계약 일정, 상영·송출 자료, 정산를 중심으로 실무를 수행하며, 요구사항과 결과물을 문서화해 업무 흐름이 누락되지 않도록 합니다.

기획·운영·현장 담당자 및 외부 협력 파트너와 수시로 협업합니다. 변경 사항은 영향 범위를 검토한 뒤 대안을 제시하고 합의된 방식으로 반영합니다.

문제 발생 시 사실관계와 원인을 먼저 확인하고, 재발 방지 방안을 업무 절차에 반영합니다. 입사 후에는 담당 영역의 실행력을 높이고, 정확성·일정 준수·이용자 관점의 완성도를 중요한 기준으로 삼습니다.","- 제작 예산, 계약 일정, 상영·송출 자료, 정산 관련 업무 계획 수립 및 실행
- 담당 과제의 일정·진행 현황 관리
- 업무 산출물 작성 및 검토 이력 관리
- 유관 부서 및 외부 협력 대상과 실무 조율
- 현장·시스템·자료에서 발생한 이슈 분석 및 조치
- 운영 기준과 체크리스트 개선
- 결과 데이터 또는 피드백을 반영한 품질 개선","- 경력 조건에 맞는 관련 실무 경험 또는 역량 보유
- 제작 예산, 계약 일정, 상영·송출 자료, 정산에 필요한 도구·절차를 이해하고 실무 적용이 가능한 분
- 업무 내용을 정확히 기록하고 일정에 맞춰 결과물을 제출할 수 있는 분
- 유관 부서와 원활하게 소통하며 협업할 수 있는 분
- 근무지 출퇴근 및 직무 수행이 가능한 분","- 컨벤션기획사 2급 보유자
- PMP 보유자
- 제작 예산, 계약 일정, 상영·송출 자료, 정산 관련 프로젝트 또는 현장 수행 경험
- 업무용 문서·보고서 작성 및 이력 관리 경험
- 유관 부서·외부 협력사와의 일정 조율 경험","- 지원서 또는 제출서류를 허위로 기재한 경우
- 채용 과정에서 요구한 증빙서류를 제출하지 못한 경우
- 채용검진 결과 직무 수행이 어렵다고 판단되는 경우
- 해외여행 및 근무에 결격사유가 있는 경우
- 관련 법령 또는 내부 인사규정상 채용이 불가능한 경우",서류전형 > 인성검사 > 실무면접 > 최종면접
1903,배급·제작자 전문인력 채용,133,191,20260609,20260706,16,신입·경력,정규직,인천광역시,학사 이상,"배급·제작자 포지션은 콘텐츠 제작 일정과 배급 실행을 관리 역할입니다. 담당 업무의 목표와 우선순위를 명확히 설정하고, 일정과 품질 기준을 함께 관리합니다.

제작 예산, 계약 일정, 상영·송출 자료, 정산를 중심으로 실무를 수행하며, 요구사항과 결과물을 문서화해 업무 흐름이 누락되지 않도록 합니다.

기획·운영·현장 담당자 및 외부 협력 파트너와 수시로 협업합니다. 변경 사항은 영향 범위를 검토한 뒤 대안을 제시하고 합의된 방식으로 반영합니다.

문제 발생 시 사실관계와 원인을 먼저 확인하고, 재발 방지 방안을 업무 절차에 반영합니다. 입사 후에는 담당 영역의 실행력을 높이고, 정확성·일정 준수·이용자 관점의 완성도를 중요한 기준으로 삼습니다.","- 제작 예산, 계약 일정, 상영·송출 자료, 정산 관련 업무 계획 수립 및 실행
- 담당 과제의 일정·진행 현황 관리
- 업무 산출물 작성 및 검토 이력 관리
- 유관 부서 및 외부 협력 대상과 실무 조율
- 현장·시스템·자료에서 발생한 이슈 분석 및 조치
- 운영 기준과 체크리스트 개선
- 결과 데이터 또는 피드백을 반영한 품질 개선","- 신입·경력 조건에 맞는 관련 실무 경험 또는 역량 보유
- 제작 예산, 계약 일정, 상영·송출 자료, 정산에 필요한 도구·절차를 이해하고 실무 적용이 가능한 분
- 업무 내용을 정확히 기록하고 일정에 맞춰 결과물을 제출할 수 있는 분
- 유관 부서와 원활하게 소통하며 협업할 수 있는 분
- 근무지 출퇴근 및 직무 수행이 가능한 분","- 컨벤션기획사 2급 보유자
- PMP 보유자
- 제작 예산, 계약 일정, 상영·송출 자료, 정산 관련 프로젝트 또는 현장 수행 경험
- 업무용 문서·보고서 작성 및 이력 관리 경험
- 유관 부서·외부 협력사와의 일정 조율 경험","- 지원서 또는 제출서류를 허위로 기재한 경우
- 채용 과정에서 요구한 증빙서류를 제출하지 못한 경우
- 채용검진 결과 직무 수행이 어렵다고 판단되는 경우
- 해외여행 및 근무에 결격사유가 있는 경우
- 관련 법령 또는 내부 인사규정상 채용이 불가능한 경우",서류전형 > 직무과제 > 실무면접 > 처우협의
1904,배급·제작자 운영 담당 채용,39,191,20260714,20260813,18,경력 2년 이상,정규직,대전광역시,학사 이상,"배급·제작자 포지션은 콘텐츠 제작 일정과 배급 실행을 관리 역할입니다. 담당 업무의 목표와 우선순위를 명확히 설정하고, 일정과 품질 기준을 함께 관리합니다.

제작 예산, 계약 일정, 상영·송출 자료, 정산를 중심으로 실무를 수행하며, 요구사항과 결과물을 문서화해 업무 흐름이 누락되지 않도록 합니다.

기획·운영·현장 담당자 및 외부 협력 파트너와 수시로 협업합니다. 변경 사항은 영향 범위를 검토한 뒤 대안을 제시하고 합의된 방식으로 반영합니다.

문제 발생 시 사실관계와 원인을 먼저 확인하고, 재발 방지 방안을 업무 절차에 반영합니다. 입사 후에는 담당 영역의 실행력을 높이고, 정확성·일정 준수·이용자 관점의 완성도를 중요한 기준으로 삼습니다.","- 제작 예산, 계약 일정, 상영·송출 자료, 정산 관련 업무 계획 수립 및 실행
- 담당 과제의 일정·진행 현황 관리
- 업무 산출물 작성 및 검토 이력 관리
- 유관 부서 및 외부 협력 대상과 실무 조율
- 현장·시스템·자료에서 발생한 이슈 분석 및 조치
- 운영 기준과 체크리스트 개선
- 결과 데이터 또는 피드백을 반영한 품질 개선","- 경력 2년 이상 조건에 맞는 관련 실무 경험 또는 역량 보유
- 제작 예산, 계약 일정, 상영·송출 자료, 정산에 필요한 도구·절차를 이해하고 실무 적용이 가능한 분
- 업무 내용을 정확히 기록하고 일정에 맞춰 결과물을 제출할 수 있는 분
- 유관 부서와 원활하게 소통하며 협업할 수 있는 분
- 근무지 출퇴근 및 직무 수행이 가능한 분","- 컨벤션기획사 2급 보유자
- PMP 보유자
- 제작 예산, 계약 일정, 상영·송출 자료, 정산 관련 프로젝트 또는 현장 수행 경험
- 업무용 문서·보고서 작성 및 이력 관리 경험
- 유관 부서·외부 협력사와의 일정 조율 경험","- 지원서 또는 제출서류를 허위로 기재한 경우
- 채용 과정에서 요구한 증빙서류를 제출하지 못한 경우
- 채용검진 결과 직무 수행이 어렵다고 판단되는 경우
- 해외여행 및 근무에 결격사유가 있는 경우
- 관련 법령 또는 내부 인사규정상 채용이 불가능한 경우",서류전형 > 1차면접 > 2차면접 > 채용검진
1905,배급·제작자 프로젝트 인재 모집,17,191,20260819,20260921,20,경력 3년 이상,무기계약직,부산광역시,학력무관,"배급·제작자 포지션은 콘텐츠 제작 일정과 배급 실행을 관리 역할입니다. 담당 업무의 목표와 우선순위를 명확히 설정하고, 일정과 품질 기준을 함께 관리합니다.

제작 예산, 계약 일정, 상영·송출 자료, 정산를 중심으로 실무를 수행하며, 요구사항과 결과물을 문서화해 업무 흐름이 누락되지 않도록 합니다.

기획·운영·현장 담당자 및 외부 협력 파트너와 수시로 협업합니다. 변경 사항은 영향 범위를 검토한 뒤 대안을 제시하고 합의된 방식으로 반영합니다.

문제 발생 시 사실관계와 원인을 먼저 확인하고, 재발 방지 방안을 업무 절차에 반영합니다. 입사 후에는 담당 영역의 실행력을 높이고, 정확성·일정 준수·이용자 관점의 완성도를 중요한 기준으로 삼습니다.","- 제작 예산, 계약 일정, 상영·송출 자료, 정산 관련 업무 계획 수립 및 실행
- 담당 과제의 일정·진행 현황 관리
- 업무 산출물 작성 및 검토 이력 관리
- 유관 부서 및 외부 협력 대상과 실무 조율
- 현장·시스템·자료에서 발생한 이슈 분석 및 조치
- 운영 기준과 체크리스트 개선
- 결과 데이터 또는 피드백을 반영한 품질 개선","- 경력 3년 이상 조건에 맞는 관련 실무 경험 또는 역량 보유
- 제작 예산, 계약 일정, 상영·송출 자료, 정산에 필요한 도구·절차를 이해하고 실무 적용이 가능한 분
- 업무 내용을 정확히 기록하고 일정에 맞춰 결과물을 제출할 수 있는 분
- 유관 부서와 원활하게 소통하며 협업할 수 있는 분
- 근무지 출퇴근 및 직무 수행이 가능한 분","- 컨벤션기획사 2급 보유자
- PMP 보유자
- 제작 예산, 계약 일정, 상영·송출 자료, 정산 관련 프로젝트 또는 현장 수행 경험
- 업무용 문서·보고서 작성 및 이력 관리 경험
- 유관 부서·외부 협력사와의 일정 조율 경험","- 지원서 또는 제출서류를 허위로 기재한 경우
- 채용 과정에서 요구한 증빙서류를 제출하지 못한 경우
- 채용검진 결과 직무 수행이 어렵다고 판단되는 경우
- 해외여행 및 근무에 결격사유가 있는 경우
- 관련 법령 또는 내부 인사규정상 채용이 불가능한 경우",서류전형 > 실무면접 > 최종면접
1906,배급·제작자 전담 인력 채용,44,191,20260924,20261030,2,경력 무관,기간제,광주광역시,전문학사 이상,"배급·제작자 포지션은 콘텐츠 제작 일정과 배급 실행을 관리 역할입니다. 담당 업무의 목표와 우선순위를 명확히 설정하고, 일정과 품질 기준을 함께 관리합니다.

제작 예산, 계약 일정, 상영·송출 자료, 정산를 중심으로 실무를 수행하며, 요구사항과 결과물을 문서화해 업무 흐름이 누락되지 않도록 합니다.

기획·운영·현장 담당자 및 외부 협력 파트너와 수시로 협업합니다. 변경 사항은 영향 범위를 검토한 뒤 대안을 제시하고 합의된 방식으로 반영합니다.

문제 발생 시 사실관계와 원인을 먼저 확인하고, 재발 방지 방안을 업무 절차에 반영합니다. 입사 후에는 담당 영역의 실행력을 높이고, 정확성·일정 준수·이용자 관점의 완성도를 중요한 기준으로 삼습니다.","- 제작 예산, 계약 일정, 상영·송출 자료, 정산 관련 업무 계획 수립 및 실행
- 담당 과제의 일정·진행 현황 관리
- 업무 산출물 작성 및 검토 이력 관리
- 유관 부서 및 외부 협력 대상과 실무 조율
- 현장·시스템·자료에서 발생한 이슈 분석 및 조치
- 운영 기준과 체크리스트 개선
- 결과 데이터 또는 피드백을 반영한 품질 개선","- 경력 무관 조건에 맞는 관련 실무 경험 또는 역량 보유
- 제작 예산, 계약 일정, 상영·송출 자료, 정산에 필요한 도구·절차를 이해하고 실무 적용이 가능한 분
- 업무 내용을 정확히 기록하고 일정에 맞춰 결과물을 제출할 수 있는 분
- 유관 부서와 원활하게 소통하며 협업할 수 있는 분
- 근무지 출퇴근 및 직무 수행이 가능한 분","- 컨벤션기획사 2급 보유자
- PMP 보유자
- 제작 예산, 계약 일정, 상영·송출 자료, 정산 관련 프로젝트 또는 현장 수행 경험
- 업무용 문서·보고서 작성 및 이력 관리 경험
- 유관 부서·외부 협력사와의 일정 조율 경험","- 지원서 또는 제출서류를 허위로 기재한 경우
- 채용 과정에서 요구한 증빙서류를 제출하지 못한 경우
- 채용검진 결과 직무 수행이 어렵다고 판단되는 경우
- 해외여행 및 근무에 결격사유가 있는 경우
- 관련 법령 또는 내부 인사규정상 채용이 불가능한 경우",서류전형 > 인성검사 > 실무면접 > 최종면접
1907,배급·제작자 실무 인재 모집,61,191,20261004,20261112,4,경력 5년 이상,정규직,세종특별자치시,학사 이상,"배급·제작자 포지션은 콘텐츠 제작 일정과 배급 실행을 관리 역할입니다. 담당 업무의 목표와 우선순위를 명확히 설정하고, 일정과 품질 기준을 함께 관리합니다.

제작 예산, 계약 일정, 상영·송출 자료, 정산를 중심으로 실무를 수행하며, 요구사항과 결과물을 문서화해 업무 흐름이 누락되지 않도록 합니다.

기획·운영·현장 담당자 및 외부 협력 파트너와 수시로 협업합니다. 변경 사항은 영향 범위를 검토한 뒤 대안을 제시하고 합의된 방식으로 반영합니다.

문제 발생 시 사실관계와 원인을 먼저 확인하고, 재발 방지 방안을 업무 절차에 반영합니다. 입사 후에는 담당 영역의 실행력을 높이고, 정확성·일정 준수·이용자 관점의 완성도를 중요한 기준으로 삼습니다.","- 제작 예산, 계약 일정, 상영·송출 자료, 정산 관련 업무 계획 수립 및 실행
- 담당 과제의 일정·진행 현황 관리
- 업무 산출물 작성 및 검토 이력 관리
- 유관 부서 및 외부 협력 대상과 실무 조율
- 현장·시스템·자료에서 발생한 이슈 분석 및 조치
- 운영 기준과 체크리스트 개선
- 결과 데이터 또는 피드백을 반영한 품질 개선","- 경력 5년 이상 조건에 맞는 관련 실무 경험 또는 역량 보유
- 제작 예산, 계약 일정, 상영·송출 자료, 정산에 필요한 도구·절차를 이해하고 실무 적용이 가능한 분
- 업무 내용을 정확히 기록하고 일정에 맞춰 결과물을 제출할 수 있는 분
- 유관 부서와 원활하게 소통하며 협업할 수 있는 분
- 근무지 출퇴근 및 직무 수행이 가능한 분","- 컨벤션기획사 2급 보유자
- PMP 보유자
- 제작 예산, 계약 일정, 상영·송출 자료, 정산 관련 프로젝트 또는 현장 수행 경험
- 업무용 문서·보고서 작성 및 이력 관리 경험
- 유관 부서·외부 협력사와의 일정 조율 경험","- 지원서 또는 제출서류를 허위로 기재한 경우
- 채용 과정에서 요구한 증빙서류를 제출하지 못한 경우
- 채용검진 결과 직무 수행이 어렵다고 판단되는 경우
- 해외여행 및 근무에 결격사유가 있는 경우
- 관련 법령 또는 내부 인사규정상 채용이 불가능한 경우",서류전형 > 직무과제 > 실무면접 > 처우협의
1908,배급·제작자 담당자 공개채용,64,191,20260209,20260323,6,신입·경력,계약직,충청남도,학력무관,"배급·제작자 포지션은 콘텐츠 제작 일정과 배급 실행을 관리 역할입니다. 담당 업무의 목표와 우선순위를 명확히 설정하고, 일정과 품질 기준을 함께 관리합니다.

제작 예산, 계약 일정, 상영·송출 자료, 정산를 중심으로 실무를 수행하며, 요구사항과 결과물을 문서화해 업무 흐름이 누락되지 않도록 합니다.

기획·운영·현장 담당자 및 외부 협력 파트너와 수시로 협업합니다. 변경 사항은 영향 범위를 검토한 뒤 대안을 제시하고 합의된 방식으로 반영합니다.

문제 발생 시 사실관계와 원인을 먼저 확인하고, 재발 방지 방안을 업무 절차에 반영합니다. 입사 후에는 담당 영역의 실행력을 높이고, 정확성·일정 준수·이용자 관점의 완성도를 중요한 기준으로 삼습니다.","- 제작 예산, 계약 일정, 상영·송출 자료, 정산 관련 업무 계획 수립 및 실행
- 담당 과제의 일정·진행 현황 관리
- 업무 산출물 작성 및 검토 이력 관리
- 유관 부서 및 외부 협력 대상과 실무 조율
- 현장·시스템·자료에서 발생한 이슈 분석 및 조치
- 운영 기준과 체크리스트 개선
- 결과 데이터 또는 피드백을 반영한 품질 개선","- 신입·경력 조건에 맞는 관련 실무 경험 또는 역량 보유
- 제작 예산, 계약 일정, 상영·송출 자료, 정산에 필요한 도구·절차를 이해하고 실무 적용이 가능한 분
- 업무 내용을 정확히 기록하고 일정에 맞춰 결과물을 제출할 수 있는 분
- 유관 부서와 원활하게 소통하며 협업할 수 있는 분
- 근무지 출퇴근 및 직무 수행이 가능한 분","- 컨벤션기획사 2급 보유자
- PMP 보유자
- 제작 예산, 계약 일정, 상영·송출 자료, 정산 관련 프로젝트 또는 현장 수행 경험
- 업무용 문서·보고서 작성 및 이력 관리 경험
- 유관 부서·외부 협력사와의 일정 조율 경험","- 지원서 또는 제출서류를 허위로 기재한 경우
- 채용 과정에서 요구한 증빙서류를 제출하지 못한 경우
- 채용검진 결과 직무 수행이 어렵다고 판단되는 경우
- 해외여행 및 근무에 결격사유가 있는 경우
- 관련 법령 또는 내부 인사규정상 채용이 불가능한 경우",서류전형 > 1차면접 > 2차면접 > 채용검진
1909,배급·제작자 정규직 모집,62,191,20260314,20260428,8,경력 2년 이상,정규직,경상남도,학사 이상,"배급·제작자 포지션은 콘텐츠 제작 일정과 배급 실행을 관리 역할입니다. 담당 업무의 목표와 우선순위를 명확히 설정하고, 일정과 품질 기준을 함께 관리합니다.

제작 예산, 계약 일정, 상영·송출 자료, 정산를 중심으로 실무를 수행하며, 요구사항과 결과물을 문서화해 업무 흐름이 누락되지 않도록 합니다.

기획·운영·현장 담당자 및 외부 협력 파트너와 수시로 협업합니다. 변경 사항은 영향 범위를 검토한 뒤 대안을 제시하고 합의된 방식으로 반영합니다.

문제 발생 시 사실관계와 원인을 먼저 확인하고, 재발 방지 방안을 업무 절차에 반영합니다. 입사 후에는 담당 영역의 실행력을 높이고, 정확성·일정 준수·이용자 관점의 완성도를 중요한 기준으로 삼습니다.","- 제작 예산, 계약 일정, 상영·송출 자료, 정산 관련 업무 계획 수립 및 실행
- 담당 과제의 일정·진행 현황 관리
- 업무 산출물 작성 및 검토 이력 관리
- 유관 부서 및 외부 협력 대상과 실무 조율
- 현장·시스템·자료에서 발생한 이슈 분석 및 조치
- 운영 기준과 체크리스트 개선
- 결과 데이터 또는 피드백을 반영한 품질 개선","- 경력 2년 이상 조건에 맞는 관련 실무 경험 또는 역량 보유
- 제작 예산, 계약 일정, 상영·송출 자료, 정산에 필요한 도구·절차를 이해하고 실무 적용이 가능한 분
- 업무 내용을 정확히 기록하고 일정에 맞춰 결과물을 제출할 수 있는 분
- 유관 부서와 원활하게 소통하며 협업할 수 있는 분
- 근무지 출퇴근 및 직무 수행이 가능한 분","- 컨벤션기획사 2급 보유자
- PMP 보유자
- 제작 예산, 계약 일정, 상영·송출 자료, 정산 관련 프로젝트 또는 현장 수행 경험
- 업무용 문서·보고서 작성 및 이력 관리 경험
- 유관 부서·외부 협력사와의 일정 조율 경험","- 지원서 또는 제출서류를 허위로 기재한 경우
- 채용 과정에서 요구한 증빙서류를 제출하지 못한 경우
- 채용검진 결과 직무 수행이 어렵다고 판단되는 경우
- 해외여행 및 근무에 결격사유가 있는 경우
- 관련 법령 또는 내부 인사규정상 채용이 불가능한 경우",서류전형 > 실무면접 > 최종면접
1910,배급·제작자 채용,124,191,20260419,20260501,10,경력,정규직,전북특별자치도,전문학사 이상,"배급·제작자 포지션은 콘텐츠 제작 일정과 배급 실행을 관리 역할입니다. 담당 업무의 목표와 우선순위를 명확히 설정하고, 일정과 품질 기준을 함께 관리합니다.

제작 예산, 계약 일정, 상영·송출 자료, 정산를 중심으로 실무를 수행하며, 요구사항과 결과물을 문서화해 업무 흐름이 누락되지 않도록 합니다.

기획·운영·현장 담당자 및 외부 협력 파트너와 수시로 협업합니다. 변경 사항은 영향 범위를 검토한 뒤 대안을 제시하고 합의된 방식으로 반영합니다.

문제 발생 시 사실관계와 원인을 먼저 확인하고, 재발 방지 방안을 업무 절차에 반영합니다. 입사 후에는 담당 영역의 실행력을 높이고, 정확성·일정 준수·이용자 관점의 완성도를 중요한 기준으로 삼습니다.","- 제작 예산, 계약 일정, 상영·송출 자료, 정산 관련 업무 계획 수립 및 실행
- 담당 과제의 일정·진행 현황 관리
- 업무 산출물 작성 및 검토 이력 관리
- 유관 부서 및 외부 협력 대상과 실무 조율
- 현장·시스템·자료에서 발생한 이슈 분석 및 조치
- 운영 기준과 체크리스트 개선
- 결과 데이터 또는 피드백을 반영한 품질 개선","- 경력 조건에 맞는 관련 실무 경험 또는 역량 보유
- 제작 예산, 계약 일정, 상영·송출 자료, 정산에 필요한 도구·절차를 이해하고 실무 적용이 가능한 분
- 업무 내용을 정확히 기록하고 일정에 맞춰 결과물을 제출할 수 있는 분
- 유관 부서와 원활하게 소통하며 협업할 수 있는 분
- 근무지 출퇴근 및 직무 수행이 가능한 분","- 컨벤션기획사 2급 보유자
- PMP 보유자
- 제작 예산, 계약 일정, 상영·송출 자료, 정산 관련 프로젝트 또는 현장 수행 경험
- 업무용 문서·보고서 작성 및 이력 관리 경험
- 유관 부서·외부 협력사와의 일정 조율 경험","- 지원서 또는 제출서류를 허위로 기재한 경우
- 채용 과정에서 요구한 증빙서류를 제출하지 못한 경우
- 채용검진 결과 직무 수행이 어렵다고 판단되는 경우
- 해외여행 및 근무에 결격사유가 있는 경우
- 관련 법령 또는 내부 인사규정상 채용이 불가능한 경우",서류전형 > 인성검사 > 실무면접 > 최종면접
1911,콘텐츠에디터 담당자 모집,44,192,20260502,20260524,13,신입,정규직,서울특별시,학력무관,"콘텐츠에디터 포지션은 채널별 콘텐츠 기획·편집과 발행 품질 관리 역할입니다. 담당 업무의 목표와 우선순위를 명확히 설정하고, 일정과 품질 기준을 함께 관리합니다.

콘텐츠 캘린더, CMS, 썸네일, 발행 데이터를 중심으로 실무를 수행하며, 요구사항과 결과물을 문서화해 업무 흐름이 누락되지 않도록 합니다.

기획·운영·현장 담당자 및 외부 협력 파트너와 수시로 협업합니다. 변경 사항은 영향 범위를 검토한 뒤 대안을 제시하고 합의된 방식으로 반영합니다.

문제 발생 시 사실관계와 원인을 먼저 확인하고, 재발 방지 방안을 업무 절차에 반영합니다. 입사 후에는 담당 영역의 실행력을 높이고, 정확성·일정 준수·이용자 관점의 완성도를 중요한 기준으로 삼습니다.","- 콘텐츠 캘린더, CMS, 썸네일, 발행 데이터 관련 업무 계획 수립 및 실행
- 담당 과제의 일정·진행 현황 관리
- 업무 산출물 작성 및 검토 이력 관리
- 유관 부서 및 외부 협력 대상과 실무 조율
- 현장·시스템·자료에서 발생한 이슈 분석 및 조치
- 운영 기준과 체크리스트 개선
- 결과 데이터 또는 피드백을 반영한 품질 개선","- 신입 조건에 맞는 관련 실무 경험 또는 역량 보유
- 콘텐츠 캘린더, CMS, 썸네일, 발행 데이터에 필요한 도구·절차를 이해하고 실무 적용이 가능한 분
- 업무 내용을 정확히 기록하고 일정에 맞춰 결과물을 제출할 수 있는 분
- 유관 부서와 원활하게 소통하며 협업할 수 있는 분
- 근무지 출퇴근 및 직무 수행이 가능한 분","- GTQ 그래픽기술자격 1급 보유자
- Adobe Certified Professional 보유자
- 콘텐츠 캘린더, CMS, 썸네일, 발행 데이터 관련 프로젝트 또는 현장 수행 경험
- 업무용 문서·보고서 작성 및 이력 관리 경험
- 유관 부서·외부 협력사와의 일정 조율 경험","- 지원서 또는 제출서류를 허위로 기재한 경우
- 채용 과정에서 요구한 증빙서류를 제출하지 못한 경우
- 채용검진 결과 직무 수행이 어렵다고 판단되는 경우
- 해외여행 및 근무에 결격사유가 있는 경우
- 관련 법령 또는 내부 인사규정상 채용이 불가능한 경우",서류전형 > 실무면접 > 최종면접
1912,콘텐츠에디터 실무자 채용,44,192,20260607,20260702,15,경력,계약직,경기도,전문학사 이상,"콘텐츠에디터 포지션은 채널별 콘텐츠 기획·편집과 발행 품질 관리 역할입니다. 담당 업무의 목표와 우선순위를 명확히 설정하고, 일정과 품질 기준을 함께 관리합니다.

콘텐츠 캘린더, CMS, 썸네일, 발행 데이터를 중심으로 실무를 수행하며, 요구사항과 결과물을 문서화해 업무 흐름이 누락되지 않도록 합니다.

기획·운영·현장 담당자 및 외부 협력 파트너와 수시로 협업합니다. 변경 사항은 영향 범위를 검토한 뒤 대안을 제시하고 합의된 방식으로 반영합니다.

문제 발생 시 사실관계와 원인을 먼저 확인하고, 재발 방지 방안을 업무 절차에 반영합니다. 입사 후에는 담당 영역의 실행력을 높이고, 정확성·일정 준수·이용자 관점의 완성도를 중요한 기준으로 삼습니다.","- 콘텐츠 캘린더, CMS, 썸네일, 발행 데이터 관련 업무 계획 수립 및 실행
- 담당 과제의 일정·진행 현황 관리
- 업무 산출물 작성 및 검토 이력 관리
- 유관 부서 및 외부 협력 대상과 실무 조율
- 현장·시스템·자료에서 발생한 이슈 분석 및 조치
- 운영 기준과 체크리스트 개선
- 결과 데이터 또는 피드백을 반영한 품질 개선","- 경력 조건에 맞는 관련 실무 경험 또는 역량 보유
- 콘텐츠 캘린더, CMS, 썸네일, 발행 데이터에 필요한 도구·절차를 이해하고 실무 적용이 가능한 분
- 업무 내용을 정확히 기록하고 일정에 맞춰 결과물을 제출할 수 있는 분
- 유관 부서와 원활하게 소통하며 협업할 수 있는 분
- 근무지 출퇴근 및 직무 수행이 가능한 분","- GTQ 그래픽기술자격 1급 보유자
- Adobe Certified Professional 보유자
- 콘텐츠 캘린더, CMS, 썸네일, 발행 데이터 관련 프로젝트 또는 현장 수행 경험
- 업무용 문서·보고서 작성 및 이력 관리 경험
- 유관 부서·외부 협력사와의 일정 조율 경험","- 지원서 또는 제출서류를 허위로 기재한 경우
- 채용 과정에서 요구한 증빙서류를 제출하지 못한 경우
- 채용검진 결과 직무 수행이 어렵다고 판단되는 경우
- 해외여행 및 근무에 결격사유가 있는 경우
- 관련 법령 또는 내부 인사규정상 채용이 불가능한 경우",서류전형 > 인성검사 > 실무면접 > 최종면접
1913,콘텐츠에디터 전문인력 채용,23,192,20260712,20260809,17,신입·경력,정규직,인천광역시,학사 이상,"콘텐츠에디터 포지션은 채널별 콘텐츠 기획·편집과 발행 품질 관리 역할입니다. 담당 업무의 목표와 우선순위를 명확히 설정하고, 일정과 품질 기준을 함께 관리합니다.

콘텐츠 캘린더, CMS, 썸네일, 발행 데이터를 중심으로 실무를 수행하며, 요구사항과 결과물을 문서화해 업무 흐름이 누락되지 않도록 합니다.

기획·운영·현장 담당자 및 외부 협력 파트너와 수시로 협업합니다. 변경 사항은 영향 범위를 검토한 뒤 대안을 제시하고 합의된 방식으로 반영합니다.

문제 발생 시 사실관계와 원인을 먼저 확인하고, 재발 방지 방안을 업무 절차에 반영합니다. 입사 후에는 담당 영역의 실행력을 높이고, 정확성·일정 준수·이용자 관점의 완성도를 중요한 기준으로 삼습니다.","- 콘텐츠 캘린더, CMS, 썸네일, 발행 데이터 관련 업무 계획 수립 및 실행
- 담당 과제의 일정·진행 현황 관리
- 업무 산출물 작성 및 검토 이력 관리
- 유관 부서 및 외부 협력 대상과 실무 조율
- 현장·시스템·자료에서 발생한 이슈 분석 및 조치
- 운영 기준과 체크리스트 개선
- 결과 데이터 또는 피드백을 반영한 품질 개선","- 신입·경력 조건에 맞는 관련 실무 경험 또는 역량 보유
- 콘텐츠 캘린더, CMS, 썸네일, 발행 데이터에 필요한 도구·절차를 이해하고 실무 적용이 가능한 분
- 업무 내용을 정확히 기록하고 일정에 맞춰 결과물을 제출할 수 있는 분
- 유관 부서와 원활하게 소통하며 협업할 수 있는 분
- 근무지 출퇴근 및 직무 수행이 가능한 분","- GTQ 그래픽기술자격 1급 보유자
- Adobe Certified Professional 보유자
- 콘텐츠 캘린더, CMS, 썸네일, 발행 데이터 관련 프로젝트 또는 현장 수행 경험
- 업무용 문서·보고서 작성 및 이력 관리 경험
- 유관 부서·외부 협력사와의 일정 조율 경험","- 지원서 또는 제출서류를 허위로 기재한 경우
- 채용 과정에서 요구한 증빙서류를 제출하지 못한 경우
- 채용검진 결과 직무 수행이 어렵다고 판단되는 경우
- 해외여행 및 근무에 결격사유가 있는 경우
- 관련 법령 또는 내부 인사규정상 채용이 불가능한 경우",서류전형 > 직무과제 > 실무면접 > 처우협의
1914,콘텐츠에디터 운영 담당 채용,96,192,20260817,20260917,19,경력 2년 이상,정규직,대전광역시,학사 이상,"콘텐츠에디터 포지션은 채널별 콘텐츠 기획·편집과 발행 품질 관리 역할입니다. 담당 업무의 목표와 우선순위를 명확히 설정하고, 일정과 품질 기준을 함께 관리합니다.

콘텐츠 캘린더, CMS, 썸네일, 발행 데이터를 중심으로 실무를 수행하며, 요구사항과 결과물을 문서화해 업무 흐름이 누락되지 않도록 합니다.

기획·운영·현장 담당자 및 외부 협력 파트너와 수시로 협업합니다. 변경 사항은 영향 범위를 검토한 뒤 대안을 제시하고 합의된 방식으로 반영합니다.

문제 발생 시 사실관계와 원인을 먼저 확인하고, 재발 방지 방안을 업무 절차에 반영합니다. 입사 후에는 담당 영역의 실행력을 높이고, 정확성·일정 준수·이용자 관점의 완성도를 중요한 기준으로 삼습니다.","- 콘텐츠 캘린더, CMS, 썸네일, 발행 데이터 관련 업무 계획 수립 및 실행
- 담당 과제의 일정·진행 현황 관리
- 업무 산출물 작성 및 검토 이력 관리
- 유관 부서 및 외부 협력 대상과 실무 조율
- 현장·시스템·자료에서 발생한 이슈 분석 및 조치
- 운영 기준과 체크리스트 개선
- 결과 데이터 또는 피드백을 반영한 품질 개선","- 경력 2년 이상 조건에 맞는 관련 실무 경험 또는 역량 보유
- 콘텐츠 캘린더, CMS, 썸네일, 발행 데이터에 필요한 도구·절차를 이해하고 실무 적용이 가능한 분
- 업무 내용을 정확히 기록하고 일정에 맞춰 결과물을 제출할 수 있는 분
- 유관 부서와 원활하게 소통하며 협업할 수 있는 분
- 근무지 출퇴근 및 직무 수행이 가능한 분","- GTQ 그래픽기술자격 1급 보유자
- Adobe Certified Professional 보유자
- 콘텐츠 캘린더, CMS, 썸네일, 발행 데이터 관련 프로젝트 또는 현장 수행 경험
- 업무용 문서·보고서 작성 및 이력 관리 경험
- 유관 부서·외부 협력사와의 일정 조율 경험","- 지원서 또는 제출서류를 허위로 기재한 경우
- 채용 과정에서 요구한 증빙서류를 제출하지 못한 경우
- 채용검진 결과 직무 수행이 어렵다고 판단되는 경우
- 해외여행 및 근무에 결격사유가 있는 경우
- 관련 법령 또는 내부 인사규정상 채용이 불가능한 경우",서류전형 > 1차면접 > 2차면접 > 채용검진
1915,콘텐츠에디터 프로젝트 인재 모집,34,192,20260922,20261026,1,경력 3년 이상,무기계약직,부산광역시,학력무관,"콘텐츠에디터 포지션은 채널별 콘텐츠 기획·편집과 발행 품질 관리 역할입니다. 담당 업무의 목표와 우선순위를 명확히 설정하고, 일정과 품질 기준을 함께 관리합니다.

콘텐츠 캘린더, CMS, 썸네일, 발행 데이터를 중심으로 실무를 수행하며, 요구사항과 결과물을 문서화해 업무 흐름이 누락되지 않도록 합니다.

기획·운영·현장 담당자 및 외부 협력 파트너와 수시로 협업합니다. 변경 사항은 영향 범위를 검토한 뒤 대안을 제시하고 합의된 방식으로 반영합니다.

문제 발생 시 사실관계와 원인을 먼저 확인하고, 재발 방지 방안을 업무 절차에 반영합니다. 입사 후에는 담당 영역의 실행력을 높이고, 정확성·일정 준수·이용자 관점의 완성도를 중요한 기준으로 삼습니다.","- 콘텐츠 캘린더, CMS, 썸네일, 발행 데이터 관련 업무 계획 수립 및 실행
- 담당 과제의 일정·진행 현황 관리
- 업무 산출물 작성 및 검토 이력 관리
- 유관 부서 및 외부 협력 대상과 실무 조율
- 현장·시스템·자료에서 발생한 이슈 분석 및 조치
- 운영 기준과 체크리스트 개선
- 결과 데이터 또는 피드백을 반영한 품질 개선","- 경력 3년 이상 조건에 맞는 관련 실무 경험 또는 역량 보유
- 콘텐츠 캘린더, CMS, 썸네일, 발행 데이터에 필요한 도구·절차를 이해하고 실무 적용이 가능한 분
- 업무 내용을 정확히 기록하고 일정에 맞춰 결과물을 제출할 수 있는 분
- 유관 부서와 원활하게 소통하며 협업할 수 있는 분
- 근무지 출퇴근 및 직무 수행이 가능한 분","- GTQ 그래픽기술자격 1급 보유자
- Adobe Certified Professional 보유자
- 콘텐츠 캘린더, CMS, 썸네일, 발행 데이터 관련 프로젝트 또는 현장 수행 경험
- 업무용 문서·보고서 작성 및 이력 관리 경험
- 유관 부서·외부 협력사와의 일정 조율 경험","- 지원서 또는 제출서류를 허위로 기재한 경우
- 채용 과정에서 요구한 증빙서류를 제출하지 못한 경우
- 채용검진 결과 직무 수행이 어렵다고 판단되는 경우
- 해외여행 및 근무에 결격사유가 있는 경우
- 관련 법령 또는 내부 인사규정상 채용이 불가능한 경우",서류전형 > 실무면접 > 최종면접
1916,콘텐츠에디터 전담 인력 채용,129,192,20261002,20261108,3,경력 무관,기간제,광주광역시,전문학사 이상,"콘텐츠에디터 포지션은 채널별 콘텐츠 기획·편집과 발행 품질 관리 역할입니다. 담당 업무의 목표와 우선순위를 명확히 설정하고, 일정과 품질 기준을 함께 관리합니다.

콘텐츠 캘린더, CMS, 썸네일, 발행 데이터를 중심으로 실무를 수행하며, 요구사항과 결과물을 문서화해 업무 흐름이 누락되지 않도록 합니다.

기획·운영·현장 담당자 및 외부 협력 파트너와 수시로 협업합니다. 변경 사항은 영향 범위를 검토한 뒤 대안을 제시하고 합의된 방식으로 반영합니다.

문제 발생 시 사실관계와 원인을 먼저 확인하고, 재발 방지 방안을 업무 절차에 반영합니다. 입사 후에는 담당 영역의 실행력을 높이고, 정확성·일정 준수·이용자 관점의 완성도를 중요한 기준으로 삼습니다.","- 콘텐츠 캘린더, CMS, 썸네일, 발행 데이터 관련 업무 계획 수립 및 실행
- 담당 과제의 일정·진행 현황 관리
- 업무 산출물 작성 및 검토 이력 관리
- 유관 부서 및 외부 협력 대상과 실무 조율
- 현장·시스템·자료에서 발생한 이슈 분석 및 조치
- 운영 기준과 체크리스트 개선
- 결과 데이터 또는 피드백을 반영한 품질 개선","- 경력 무관 조건에 맞는 관련 실무 경험 또는 역량 보유
- 콘텐츠 캘린더, CMS, 썸네일, 발행 데이터에 필요한 도구·절차를 이해하고 실무 적용이 가능한 분
- 업무 내용을 정확히 기록하고 일정에 맞춰 결과물을 제출할 수 있는 분
- 유관 부서와 원활하게 소통하며 협업할 수 있는 분
- 근무지 출퇴근 및 직무 수행이 가능한 분","- GTQ 그래픽기술자격 1급 보유자
- Adobe Certified Professional 보유자
- 콘텐츠 캘린더, CMS, 썸네일, 발행 데이터 관련 프로젝트 또는 현장 수행 경험
- 업무용 문서·보고서 작성 및 이력 관리 경험
- 유관 부서·외부 협력사와의 일정 조율 경험","- 지원서 또는 제출서류를 허위로 기재한 경우
- 채용 과정에서 요구한 증빙서류를 제출하지 못한 경우
- 채용검진 결과 직무 수행이 어렵다고 판단되는 경우
- 해외여행 및 근무에 결격사유가 있는 경우
- 관련 법령 또는 내부 인사규정상 채용이 불가능한 경우",서류전형 > 인성검사 > 실무면접 > 최종면접
1917,콘텐츠에디터 실무 인재 모집,112,192,20260207,20260319,5,경력 5년 이상,정규직,세종특별자치시,학사 이상,"콘텐츠에디터 포지션은 채널별 콘텐츠 기획·편집과 발행 품질 관리 역할입니다. 담당 업무의 목표와 우선순위를 명확히 설정하고, 일정과 품질 기준을 함께 관리합니다.

콘텐츠 캘린더, CMS, 썸네일, 발행 데이터를 중심으로 실무를 수행하며, 요구사항과 결과물을 문서화해 업무 흐름이 누락되지 않도록 합니다.

기획·운영·현장 담당자 및 외부 협력 파트너와 수시로 협업합니다. 변경 사항은 영향 범위를 검토한 뒤 대안을 제시하고 합의된 방식으로 반영합니다.

문제 발생 시 사실관계와 원인을 먼저 확인하고, 재발 방지 방안을 업무 절차에 반영합니다. 입사 후에는 담당 영역의 실행력을 높이고, 정확성·일정 준수·이용자 관점의 완성도를 중요한 기준으로 삼습니다.","- 콘텐츠 캘린더, CMS, 썸네일, 발행 데이터 관련 업무 계획 수립 및 실행
- 담당 과제의 일정·진행 현황 관리
- 업무 산출물 작성 및 검토 이력 관리
- 유관 부서 및 외부 협력 대상과 실무 조율
- 현장·시스템·자료에서 발생한 이슈 분석 및 조치
- 운영 기준과 체크리스트 개선
- 결과 데이터 또는 피드백을 반영한 품질 개선","- 경력 5년 이상 조건에 맞는 관련 실무 경험 또는 역량 보유
- 콘텐츠 캘린더, CMS, 썸네일, 발행 데이터에 필요한 도구·절차를 이해하고 실무 적용이 가능한 분
- 업무 내용을 정확히 기록하고 일정에 맞춰 결과물을 제출할 수 있는 분
- 유관 부서와 원활하게 소통하며 협업할 수 있는 분
- 근무지 출퇴근 및 직무 수행이 가능한 분","- GTQ 그래픽기술자격 1급 보유자
- Adobe Certified Professional 보유자
- 콘텐츠 캘린더, CMS, 썸네일, 발행 데이터 관련 프로젝트 또는 현장 수행 경험
- 업무용 문서·보고서 작성 및 이력 관리 경험
- 유관 부서·외부 협력사와의 일정 조율 경험","- 지원서 또는 제출서류를 허위로 기재한 경우
- 채용 과정에서 요구한 증빙서류를 제출하지 못한 경우
- 채용검진 결과 직무 수행이 어렵다고 판단되는 경우
- 해외여행 및 근무에 결격사유가 있는 경우
- 관련 법령 또는 내부 인사규정상 채용이 불가능한 경우",서류전형 > 직무과제 > 실무면접 > 처우협의
1918,콘텐츠에디터 담당자 공개채용,124,192,20260312,20260424,7,신입·경력,계약직,충청남도,학력무관,"콘텐츠에디터 포지션은 채널별 콘텐츠 기획·편집과 발행 품질 관리 역할입니다. 담당 업무의 목표와 우선순위를 명확히 설정하고, 일정과 품질 기준을 함께 관리합니다.

콘텐츠 캘린더, CMS, 썸네일, 발행 데이터를 중심으로 실무를 수행하며, 요구사항과 결과물을 문서화해 업무 흐름이 누락되지 않도록 합니다.

기획·운영·현장 담당자 및 외부 협력 파트너와 수시로 협업합니다. 변경 사항은 영향 범위를 검토한 뒤 대안을 제시하고 합의된 방식으로 반영합니다.

문제 발생 시 사실관계와 원인을 먼저 확인하고, 재발 방지 방안을 업무 절차에 반영합니다. 입사 후에는 담당 영역의 실행력을 높이고, 정확성·일정 준수·이용자 관점의 완성도를 중요한 기준으로 삼습니다.","- 콘텐츠 캘린더, CMS, 썸네일, 발행 데이터 관련 업무 계획 수립 및 실행
- 담당 과제의 일정·진행 현황 관리
- 업무 산출물 작성 및 검토 이력 관리
- 유관 부서 및 외부 협력 대상과 실무 조율
- 현장·시스템·자료에서 발생한 이슈 분석 및 조치
- 운영 기준과 체크리스트 개선
- 결과 데이터 또는 피드백을 반영한 품질 개선","- 신입·경력 조건에 맞는 관련 실무 경험 또는 역량 보유
- 콘텐츠 캘린더, CMS, 썸네일, 발행 데이터에 필요한 도구·절차를 이해하고 실무 적용이 가능한 분
- 업무 내용을 정확히 기록하고 일정에 맞춰 결과물을 제출할 수 있는 분
- 유관 부서와 원활하게 소통하며 협업할 수 있는 분
- 근무지 출퇴근 및 직무 수행이 가능한 분","- GTQ 그래픽기술자격 1급 보유자
- Adobe Certified Professional 보유자
- 콘텐츠 캘린더, CMS, 썸네일, 발행 데이터 관련 프로젝트 또는 현장 수행 경험
- 업무용 문서·보고서 작성 및 이력 관리 경험
- 유관 부서·외부 협력사와의 일정 조율 경험","- 지원서 또는 제출서류를 허위로 기재한 경우
- 채용 과정에서 요구한 증빙서류를 제출하지 못한 경우
- 채용검진 결과 직무 수행이 어렵다고 판단되는 경우
- 해외여행 및 근무에 결격사유가 있는 경우
- 관련 법령 또는 내부 인사규정상 채용이 불가능한 경우",서류전형 > 1차면접 > 2차면접 > 채용검진
1919,콘텐츠에디터 정규직 모집,113,192,20260417,20260427,9,경력 2년 이상,정규직,경상남도,학사 이상,"콘텐츠에디터 포지션은 채널별 콘텐츠 기획·편집과 발행 품질 관리 역할입니다. 담당 업무의 목표와 우선순위를 명확히 설정하고, 일정과 품질 기준을 함께 관리합니다.

콘텐츠 캘린더, CMS, 썸네일, 발행 데이터를 중심으로 실무를 수행하며, 요구사항과 결과물을 문서화해 업무 흐름이 누락되지 않도록 합니다.

기획·운영·현장 담당자 및 외부 협력 파트너와 수시로 협업합니다. 변경 사항은 영향 범위를 검토한 뒤 대안을 제시하고 합의된 방식으로 반영합니다.

문제 발생 시 사실관계와 원인을 먼저 확인하고, 재발 방지 방안을 업무 절차에 반영합니다. 입사 후에는 담당 영역의 실행력을 높이고, 정확성·일정 준수·이용자 관점의 완성도를 중요한 기준으로 삼습니다.","- 콘텐츠 캘린더, CMS, 썸네일, 발행 데이터 관련 업무 계획 수립 및 실행
- 담당 과제의 일정·진행 현황 관리
- 업무 산출물 작성 및 검토 이력 관리
- 유관 부서 및 외부 협력 대상과 실무 조율
- 현장·시스템·자료에서 발생한 이슈 분석 및 조치
- 운영 기준과 체크리스트 개선
- 결과 데이터 또는 피드백을 반영한 품질 개선","- 경력 2년 이상 조건에 맞는 관련 실무 경험 또는 역량 보유
- 콘텐츠 캘린더, CMS, 썸네일, 발행 데이터에 필요한 도구·절차를 이해하고 실무 적용이 가능한 분
- 업무 내용을 정확히 기록하고 일정에 맞춰 결과물을 제출할 수 있는 분
- 유관 부서와 원활하게 소통하며 협업할 수 있는 분
- 근무지 출퇴근 및 직무 수행이 가능한 분","- GTQ 그래픽기술자격 1급 보유자
- Adobe Certified Professional 보유자
- 콘텐츠 캘린더, CMS, 썸네일, 발행 데이터 관련 프로젝트 또는 현장 수행 경험
- 업무용 문서·보고서 작성 및 이력 관리 경험
- 유관 부서·외부 협력사와의 일정 조율 경험","- 지원서 또는 제출서류를 허위로 기재한 경우
- 채용 과정에서 요구한 증빙서류를 제출하지 못한 경우
- 채용검진 결과 직무 수행이 어렵다고 판단되는 경우
- 해외여행 및 근무에 결격사유가 있는 경우
- 관련 법령 또는 내부 인사규정상 채용이 불가능한 경우",서류전형 > 실무면접 > 최종면접
1920,콘텐츠에디터 채용,20,192,20260522,20260604,11,경력,정규직,전북특별자치도,전문학사 이상,"콘텐츠에디터 포지션은 채널별 콘텐츠 기획·편집과 발행 품질 관리 역할입니다. 담당 업무의 목표와 우선순위를 명확히 설정하고, 일정과 품질 기준을 함께 관리합니다.

콘텐츠 캘린더, CMS, 썸네일, 발행 데이터를 중심으로 실무를 수행하며, 요구사항과 결과물을 문서화해 업무 흐름이 누락되지 않도록 합니다.

기획·운영·현장 담당자 및 외부 협력 파트너와 수시로 협업합니다. 변경 사항은 영향 범위를 검토한 뒤 대안을 제시하고 합의된 방식으로 반영합니다.

문제 발생 시 사실관계와 원인을 먼저 확인하고, 재발 방지 방안을 업무 절차에 반영합니다. 입사 후에는 담당 영역의 실행력을 높이고, 정확성·일정 준수·이용자 관점의 완성도를 중요한 기준으로 삼습니다.","- 콘텐츠 캘린더, CMS, 썸네일, 발행 데이터 관련 업무 계획 수립 및 실행
- 담당 과제의 일정·진행 현황 관리
- 업무 산출물 작성 및 검토 이력 관리
- 유관 부서 및 외부 협력 대상과 실무 조율
- 현장·시스템·자료에서 발생한 이슈 분석 및 조치
- 운영 기준과 체크리스트 개선
- 결과 데이터 또는 피드백을 반영한 품질 개선","- 경력 조건에 맞는 관련 실무 경험 또는 역량 보유
- 콘텐츠 캘린더, CMS, 썸네일, 발행 데이터에 필요한 도구·절차를 이해하고 실무 적용이 가능한 분
- 업무 내용을 정확히 기록하고 일정에 맞춰 결과물을 제출할 수 있는 분
- 유관 부서와 원활하게 소통하며 협업할 수 있는 분
- 근무지 출퇴근 및 직무 수행이 가능한 분","- GTQ 그래픽기술자격 1급 보유자
- Adobe Certified Professional 보유자
- 콘텐츠 캘린더, CMS, 썸네일, 발행 데이터 관련 프로젝트 또는 현장 수행 경험
- 업무용 문서·보고서 작성 및 이력 관리 경험
- 유관 부서·외부 협력사와의 일정 조율 경험","- 지원서 또는 제출서류를 허위로 기재한 경우
- 채용 과정에서 요구한 증빙서류를 제출하지 못한 경우
- 채용검진 결과 직무 수행이 어렵다고 판단되는 경우
- 해외여행 및 근무에 결격사유가 있는 경우
- 관련 법령 또는 내부 인사규정상 채용이 불가능한 경우",서류전형 > 인성검사 > 실무면접 > 최종면접
1921,크리에이터 담당자 모집,81,193,20260605,20260628,14,신입,정규직,서울특별시,학력무관,"크리에이터 포지션은 디지털 채널용 콘텐츠 기획·제작·운영 역할입니다. 담당 업무의 목표와 우선순위를 명확히 설정하고, 일정과 품질 기준을 함께 관리합니다.

아이디어 기획, 촬영, 편집, 채널 지표를 중심으로 실무를 수행하며, 요구사항과 결과물을 문서화해 업무 흐름이 누락되지 않도록 합니다.

기획·운영·현장 담당자 및 외부 협력 파트너와 수시로 협업합니다. 변경 사항은 영향 범위를 검토한 뒤 대안을 제시하고 합의된 방식으로 반영합니다.

문제 발생 시 사실관계와 원인을 먼저 확인하고, 재발 방지 방안을 업무 절차에 반영합니다. 입사 후에는 담당 영역의 실행력을 높이고, 정확성·일정 준수·이용자 관점의 완성도를 중요한 기준으로 삼습니다.","- 아이디어 기획, 촬영, 편집, 채널 지표 관련 업무 계획 수립 및 실행
- 담당 과제의 일정·진행 현황 관리
- 업무 산출물 작성 및 검토 이력 관리
- 유관 부서 및 외부 협력 대상과 실무 조율
- 현장·시스템·자료에서 발생한 이슈 분석 및 조치
- 운영 기준과 체크리스트 개선
- 결과 데이터 또는 피드백을 반영한 품질 개선","- 신입 조건에 맞는 관련 실무 경험 또는 역량 보유
- 아이디어 기획, 촬영, 편집, 채널 지표에 필요한 도구·절차를 이해하고 실무 적용이 가능한 분
- 업무 내용을 정확히 기록하고 일정에 맞춰 결과물을 제출할 수 있는 분
- 유관 부서와 원활하게 소통하며 협업할 수 있는 분
- 근무지 출퇴근 및 직무 수행이 가능한 분","- GTQ 그래픽기술자격 1급 보유자
- Adobe Certified Professional 보유자
- 아이디어 기획, 촬영, 편집, 채널 지표 관련 프로젝트 또는 현장 수행 경험
- 업무용 문서·보고서 작성 및 이력 관리 경험
- 유관 부서·외부 협력사와의 일정 조율 경험","- 지원서 또는 제출서류를 허위로 기재한 경우
- 채용 과정에서 요구한 증빙서류를 제출하지 못한 경우
- 채용검진 결과 직무 수행이 어렵다고 판단되는 경우
- 해외여행 및 근무에 결격사유가 있는 경우
- 관련 법령 또는 내부 인사규정상 채용이 불가능한 경우",서류전형 > 실무면접 > 최종면접
1922,크리에이터 실무자 채용,8,193,20260710,20260805,16,경력,계약직,경기도,전문학사 이상,"크리에이터 포지션은 디지털 채널용 콘텐츠 기획·제작·운영 역할입니다. 담당 업무의 목표와 우선순위를 명확히 설정하고, 일정과 품질 기준을 함께 관리합니다.

아이디어 기획, 촬영, 편집, 채널 지표를 중심으로 실무를 수행하며, 요구사항과 결과물을 문서화해 업무 흐름이 누락되지 않도록 합니다.

기획·운영·현장 담당자 및 외부 협력 파트너와 수시로 협업합니다. 변경 사항은 영향 범위를 검토한 뒤 대안을 제시하고 합의된 방식으로 반영합니다.

문제 발생 시 사실관계와 원인을 먼저 확인하고, 재발 방지 방안을 업무 절차에 반영합니다. 입사 후에는 담당 영역의 실행력을 높이고, 정확성·일정 준수·이용자 관점의 완성도를 중요한 기준으로 삼습니다.","- 아이디어 기획, 촬영, 편집, 채널 지표 관련 업무 계획 수립 및 실행
- 담당 과제의 일정·진행 현황 관리
- 업무 산출물 작성 및 검토 이력 관리
- 유관 부서 및 외부 협력 대상과 실무 조율
- 현장·시스템·자료에서 발생한 이슈 분석 및 조치
- 운영 기준과 체크리스트 개선
- 결과 데이터 또는 피드백을 반영한 품질 개선","- 경력 조건에 맞는 관련 실무 경험 또는 역량 보유
- 아이디어 기획, 촬영, 편집, 채널 지표에 필요한 도구·절차를 이해하고 실무 적용이 가능한 분
- 업무 내용을 정확히 기록하고 일정에 맞춰 결과물을 제출할 수 있는 분
- 유관 부서와 원활하게 소통하며 협업할 수 있는 분
- 근무지 출퇴근 및 직무 수행이 가능한 분","- GTQ 그래픽기술자격 1급 보유자
- Adobe Certified Professional 보유자
- 아이디어 기획, 촬영, 편집, 채널 지표 관련 프로젝트 또는 현장 수행 경험
- 업무용 문서·보고서 작성 및 이력 관리 경험
- 유관 부서·외부 협력사와의 일정 조율 경험","- 지원서 또는 제출서류를 허위로 기재한 경우
- 채용 과정에서 요구한 증빙서류를 제출하지 못한 경우
- 채용검진 결과 직무 수행이 어렵다고 판단되는 경우
- 해외여행 및 근무에 결격사유가 있는 경우
- 관련 법령 또는 내부 인사규정상 채용이 불가능한 경우",서류전형 > 인성검사 > 실무면접 > 최종면접
1923,크리에이터 전문인력 채용,17,193,20260815,20260913,18,신입·경력,정규직,인천광역시,학사 이상,"크리에이터 포지션은 디지털 채널용 콘텐츠 기획·제작·운영 역할입니다. 담당 업무의 목표와 우선순위를 명확히 설정하고, 일정과 품질 기준을 함께 관리합니다.

아이디어 기획, 촬영, 편집, 채널 지표를 중심으로 실무를 수행하며, 요구사항과 결과물을 문서화해 업무 흐름이 누락되지 않도록 합니다.

기획·운영·현장 담당자 및 외부 협력 파트너와 수시로 협업합니다. 변경 사항은 영향 범위를 검토한 뒤 대안을 제시하고 합의된 방식으로 반영합니다.

문제 발생 시 사실관계와 원인을 먼저 확인하고, 재발 방지 방안을 업무 절차에 반영합니다. 입사 후에는 담당 영역의 실행력을 높이고, 정확성·일정 준수·이용자 관점의 완성도를 중요한 기준으로 삼습니다.","- 아이디어 기획, 촬영, 편집, 채널 지표 관련 업무 계획 수립 및 실행
- 담당 과제의 일정·진행 현황 관리
- 업무 산출물 작성 및 검토 이력 관리
- 유관 부서 및 외부 협력 대상과 실무 조율
- 현장·시스템·자료에서 발생한 이슈 분석 및 조치
- 운영 기준과 체크리스트 개선
- 결과 데이터 또는 피드백을 반영한 품질 개선","- 신입·경력 조건에 맞는 관련 실무 경험 또는 역량 보유
- 아이디어 기획, 촬영, 편집, 채널 지표에 필요한 도구·절차를 이해하고 실무 적용이 가능한 분
- 업무 내용을 정확히 기록하고 일정에 맞춰 결과물을 제출할 수 있는 분
- 유관 부서와 원활하게 소통하며 협업할 수 있는 분
- 근무지 출퇴근 및 직무 수행이 가능한 분","- GTQ 그래픽기술자격 1급 보유자
- Adobe Certified Professional 보유자
- 아이디어 기획, 촬영, 편집, 채널 지표 관련 프로젝트 또는 현장 수행 경험
- 업무용 문서·보고서 작성 및 이력 관리 경험
- 유관 부서·외부 협력사와의 일정 조율 경험","- 지원서 또는 제출서류를 허위로 기재한 경우
- 채용 과정에서 요구한 증빙서류를 제출하지 못한 경우
- 채용검진 결과 직무 수행이 어렵다고 판단되는 경우
- 해외여행 및 근무에 결격사유가 있는 경우
- 관련 법령 또는 내부 인사규정상 채용이 불가능한 경우",서류전형 > 직무과제 > 실무면접 > 처우협의
1924,크리에이터 운영 담당 채용,80,193,20260920,20261022,20,경력 2년 이상,정규직,대전광역시,학사 이상,"크리에이터 포지션은 디지털 채널용 콘텐츠 기획·제작·운영 역할입니다. 담당 업무의 목표와 우선순위를 명확히 설정하고, 일정과 품질 기준을 함께 관리합니다.

아이디어 기획, 촬영, 편집, 채널 지표를 중심으로 실무를 수행하며, 요구사항과 결과물을 문서화해 업무 흐름이 누락되지 않도록 합니다.

기획·운영·현장 담당자 및 외부 협력 파트너와 수시로 협업합니다. 변경 사항은 영향 범위를 검토한 뒤 대안을 제시하고 합의된 방식으로 반영합니다.

문제 발생 시 사실관계와 원인을 먼저 확인하고, 재발 방지 방안을 업무 절차에 반영합니다. 입사 후에는 담당 영역의 실행력을 높이고, 정확성·일정 준수·이용자 관점의 완성도를 중요한 기준으로 삼습니다.","- 아이디어 기획, 촬영, 편집, 채널 지표 관련 업무 계획 수립 및 실행
- 담당 과제의 일정·진행 현황 관리
- 업무 산출물 작성 및 검토 이력 관리
- 유관 부서 및 외부 협력 대상과 실무 조율
- 현장·시스템·자료에서 발생한 이슈 분석 및 조치
- 운영 기준과 체크리스트 개선
- 결과 데이터 또는 피드백을 반영한 품질 개선","- 경력 2년 이상 조건에 맞는 관련 실무 경험 또는 역량 보유
- 아이디어 기획, 촬영, 편집, 채널 지표에 필요한 도구·절차를 이해하고 실무 적용이 가능한 분
- 업무 내용을 정확히 기록하고 일정에 맞춰 결과물을 제출할 수 있는 분
- 유관 부서와 원활하게 소통하며 협업할 수 있는 분
- 근무지 출퇴근 및 직무 수행이 가능한 분","- GTQ 그래픽기술자격 1급 보유자
- Adobe Certified Professional 보유자
- 아이디어 기획, 촬영, 편집, 채널 지표 관련 프로젝트 또는 현장 수행 경험
- 업무용 문서·보고서 작성 및 이력 관리 경험
- 유관 부서·외부 협력사와의 일정 조율 경험","- 지원서 또는 제출서류를 허위로 기재한 경우
- 채용 과정에서 요구한 증빙서류를 제출하지 못한 경우
- 채용검진 결과 직무 수행이 어렵다고 판단되는 경우
- 해외여행 및 근무에 결격사유가 있는 경우
- 관련 법령 또는 내부 인사규정상 채용이 불가능한 경우",서류전형 > 1차면접 > 2차면접 > 채용검진
1925,크리에이터 프로젝트 인재 모집,25,193,20261025,20261129,2,경력 3년 이상,무기계약직,부산광역시,학력무관,"크리에이터 포지션은 디지털 채널용 콘텐츠 기획·제작·운영 역할입니다. 담당 업무의 목표와 우선순위를 명확히 설정하고, 일정과 품질 기준을 함께 관리합니다.

아이디어 기획, 촬영, 편집, 채널 지표를 중심으로 실무를 수행하며, 요구사항과 결과물을 문서화해 업무 흐름이 누락되지 않도록 합니다.

기획·운영·현장 담당자 및 외부 협력 파트너와 수시로 협업합니다. 변경 사항은 영향 범위를 검토한 뒤 대안을 제시하고 합의된 방식으로 반영합니다.

문제 발생 시 사실관계와 원인을 먼저 확인하고, 재발 방지 방안을 업무 절차에 반영합니다. 입사 후에는 담당 영역의 실행력을 높이고, 정확성·일정 준수·이용자 관점의 완성도를 중요한 기준으로 삼습니다.","- 아이디어 기획, 촬영, 편집, 채널 지표 관련 업무 계획 수립 및 실행
- 담당 과제의 일정·진행 현황 관리
- 업무 산출물 작성 및 검토 이력 관리
- 유관 부서 및 외부 협력 대상과 실무 조율
- 현장·시스템·자료에서 발생한 이슈 분석 및 조치
- 운영 기준과 체크리스트 개선
- 결과 데이터 또는 피드백을 반영한 품질 개선","- 경력 3년 이상 조건에 맞는 관련 실무 경험 또는 역량 보유
- 아이디어 기획, 촬영, 편집, 채널 지표에 필요한 도구·절차를 이해하고 실무 적용이 가능한 분
- 업무 내용을 정확히 기록하고 일정에 맞춰 결과물을 제출할 수 있는 분
- 유관 부서와 원활하게 소통하며 협업할 수 있는 분
- 근무지 출퇴근 및 직무 수행이 가능한 분","- GTQ 그래픽기술자격 1급 보유자
- Adobe Certified Professional 보유자
- 아이디어 기획, 촬영, 편집, 채널 지표 관련 프로젝트 또는 현장 수행 경험
- 업무용 문서·보고서 작성 및 이력 관리 경험
- 유관 부서·외부 협력사와의 일정 조율 경험","- 지원서 또는 제출서류를 허위로 기재한 경우
- 채용 과정에서 요구한 증빙서류를 제출하지 못한 경우
- 채용검진 결과 직무 수행이 어렵다고 판단되는 경우
- 해외여행 및 근무에 결격사유가 있는 경우
- 관련 법령 또는 내부 인사규정상 채용이 불가능한 경우",서류전형 > 실무면접 > 최종면접
1926,크리에이터 전담 인력 채용,73,193,20260205,20260315,4,경력 무관,기간제,광주광역시,전문학사 이상,"크리에이터 포지션은 디지털 채널용 콘텐츠 기획·제작·운영 역할입니다. 담당 업무의 목표와 우선순위를 명확히 설정하고, 일정과 품질 기준을 함께 관리합니다.

아이디어 기획, 촬영, 편집, 채널 지표를 중심으로 실무를 수행하며, 요구사항과 결과물을 문서화해 업무 흐름이 누락되지 않도록 합니다.

기획·운영·현장 담당자 및 외부 협력 파트너와 수시로 협업합니다. 변경 사항은 영향 범위를 검토한 뒤 대안을 제시하고 합의된 방식으로 반영합니다.

문제 발생 시 사실관계와 원인을 먼저 확인하고, 재발 방지 방안을 업무 절차에 반영합니다. 입사 후에는 담당 영역의 실행력을 높이고, 정확성·일정 준수·이용자 관점의 완성도를 중요한 기준으로 삼습니다.","- 아이디어 기획, 촬영, 편집, 채널 지표 관련 업무 계획 수립 및 실행
- 담당 과제의 일정·진행 현황 관리
- 업무 산출물 작성 및 검토 이력 관리
- 유관 부서 및 외부 협력 대상과 실무 조율
- 현장·시스템·자료에서 발생한 이슈 분석 및 조치
- 운영 기준과 체크리스트 개선
- 결과 데이터 또는 피드백을 반영한 품질 개선","- 경력 무관 조건에 맞는 관련 실무 경험 또는 역량 보유
- 아이디어 기획, 촬영, 편집, 채널 지표에 필요한 도구·절차를 이해하고 실무 적용이 가능한 분
- 업무 내용을 정확히 기록하고 일정에 맞춰 결과물을 제출할 수 있는 분
- 유관 부서와 원활하게 소통하며 협업할 수 있는 분
- 근무지 출퇴근 및 직무 수행이 가능한 분","- GTQ 그래픽기술자격 1급 보유자
- Adobe Certified Professional 보유자
- 아이디어 기획, 촬영, 편집, 채널 지표 관련 프로젝트 또는 현장 수행 경험
- 업무용 문서·보고서 작성 및 이력 관리 경험
- 유관 부서·외부 협력사와의 일정 조율 경험","- 지원서 또는 제출서류를 허위로 기재한 경우
- 채용 과정에서 요구한 증빙서류를 제출하지 못한 경우
- 채용검진 결과 직무 수행이 어렵다고 판단되는 경우
- 해외여행 및 근무에 결격사유가 있는 경우
- 관련 법령 또는 내부 인사규정상 채용이 불가능한 경우",서류전형 > 인성검사 > 실무면접 > 최종면접
1927,크리에이터 실무 인재 모집,93,193,20260310,20260420,6,경력 5년 이상,정규직,세종특별자치시,학사 이상,"크리에이터 포지션은 디지털 채널용 콘텐츠 기획·제작·운영 역할입니다. 담당 업무의 목표와 우선순위를 명확히 설정하고, 일정과 품질 기준을 함께 관리합니다.

아이디어 기획, 촬영, 편집, 채널 지표를 중심으로 실무를 수행하며, 요구사항과 결과물을 문서화해 업무 흐름이 누락되지 않도록 합니다.

기획·운영·현장 담당자 및 외부 협력 파트너와 수시로 협업합니다. 변경 사항은 영향 범위를 검토한 뒤 대안을 제시하고 합의된 방식으로 반영합니다.

문제 발생 시 사실관계와 원인을 먼저 확인하고, 재발 방지 방안을 업무 절차에 반영합니다. 입사 후에는 담당 영역의 실행력을 높이고, 정확성·일정 준수·이용자 관점의 완성도를 중요한 기준으로 삼습니다.","- 아이디어 기획, 촬영, 편집, 채널 지표 관련 업무 계획 수립 및 실행
- 담당 과제의 일정·진행 현황 관리
- 업무 산출물 작성 및 검토 이력 관리
- 유관 부서 및 외부 협력 대상과 실무 조율
- 현장·시스템·자료에서 발생한 이슈 분석 및 조치
- 운영 기준과 체크리스트 개선
- 결과 데이터 또는 피드백을 반영한 품질 개선","- 경력 5년 이상 조건에 맞는 관련 실무 경험 또는 역량 보유
- 아이디어 기획, 촬영, 편집, 채널 지표에 필요한 도구·절차를 이해하고 실무 적용이 가능한 분
- 업무 내용을 정확히 기록하고 일정에 맞춰 결과물을 제출할 수 있는 분
- 유관 부서와 원활하게 소통하며 협업할 수 있는 분
- 근무지 출퇴근 및 직무 수행이 가능한 분","- GTQ 그래픽기술자격 1급 보유자
- Adobe Certified Professional 보유자
- 아이디어 기획, 촬영, 편집, 채널 지표 관련 프로젝트 또는 현장 수행 경험
- 업무용 문서·보고서 작성 및 이력 관리 경험
- 유관 부서·외부 협력사와의 일정 조율 경험","- 지원서 또는 제출서류를 허위로 기재한 경우
- 채용 과정에서 요구한 증빙서류를 제출하지 못한 경우
- 채용검진 결과 직무 수행이 어렵다고 판단되는 경우
- 해외여행 및 근무에 결격사유가 있는 경우
- 관련 법령 또는 내부 인사규정상 채용이 불가능한 경우",서류전형 > 직무과제 > 실무면접 > 처우협의
1928,크리에이터 담당자 공개채용,93,193,20260415,20260529,8,신입·경력,계약직,충청남도,학력무관,"크리에이터 포지션은 디지털 채널용 콘텐츠 기획·제작·운영 역할입니다. 담당 업무의 목표와 우선순위를 명확히 설정하고, 일정과 품질 기준을 함께 관리합니다.

아이디어 기획, 촬영, 편집, 채널 지표를 중심으로 실무를 수행하며, 요구사항과 결과물을 문서화해 업무 흐름이 누락되지 않도록 합니다.

기획·운영·현장 담당자 및 외부 협력 파트너와 수시로 협업합니다. 변경 사항은 영향 범위를 검토한 뒤 대안을 제시하고 합의된 방식으로 반영합니다.

문제 발생 시 사실관계와 원인을 먼저 확인하고, 재발 방지 방안을 업무 절차에 반영합니다. 입사 후에는 담당 영역의 실행력을 높이고, 정확성·일정 준수·이용자 관점의 완성도를 중요한 기준으로 삼습니다.","- 아이디어 기획, 촬영, 편집, 채널 지표 관련 업무 계획 수립 및 실행
- 담당 과제의 일정·진행 현황 관리
- 업무 산출물 작성 및 검토 이력 관리
- 유관 부서 및 외부 협력 대상과 실무 조율
- 현장·시스템·자료에서 발생한 이슈 분석 및 조치
- 운영 기준과 체크리스트 개선
- 결과 데이터 또는 피드백을 반영한 품질 개선","- 신입·경력 조건에 맞는 관련 실무 경험 또는 역량 보유
- 아이디어 기획, 촬영, 편집, 채널 지표에 필요한 도구·절차를 이해하고 실무 적용이 가능한 분
- 업무 내용을 정확히 기록하고 일정에 맞춰 결과물을 제출할 수 있는 분
- 유관 부서와 원활하게 소통하며 협업할 수 있는 분
- 근무지 출퇴근 및 직무 수행이 가능한 분","- GTQ 그래픽기술자격 1급 보유자
- Adobe Certified Professional 보유자
- 아이디어 기획, 촬영, 편집, 채널 지표 관련 프로젝트 또는 현장 수행 경험
- 업무용 문서·보고서 작성 및 이력 관리 경험
- 유관 부서·외부 협력사와의 일정 조율 경험","- 지원서 또는 제출서류를 허위로 기재한 경우
- 채용 과정에서 요구한 증빙서류를 제출하지 못한 경우
- 채용검진 결과 직무 수행이 어렵다고 판단되는 경우
- 해외여행 및 근무에 결격사유가 있는 경우
- 관련 법령 또는 내부 인사규정상 채용이 불가능한 경우",서류전형 > 1차면접 > 2차면접 > 채용검진
1929,크리에이터 정규직 모집,136,193,20260520,20260531,10,경력 2년 이상,정규직,경상남도,학사 이상,"크리에이터 포지션은 디지털 채널용 콘텐츠 기획·제작·운영 역할입니다. 담당 업무의 목표와 우선순위를 명확히 설정하고, 일정과 품질 기준을 함께 관리합니다.

아이디어 기획, 촬영, 편집, 채널 지표를 중심으로 실무를 수행하며, 요구사항과 결과물을 문서화해 업무 흐름이 누락되지 않도록 합니다.

기획·운영·현장 담당자 및 외부 협력 파트너와 수시로 협업합니다. 변경 사항은 영향 범위를 검토한 뒤 대안을 제시하고 합의된 방식으로 반영합니다.

문제 발생 시 사실관계와 원인을 먼저 확인하고, 재발 방지 방안을 업무 절차에 반영합니다. 입사 후에는 담당 영역의 실행력을 높이고, 정확성·일정 준수·이용자 관점의 완성도를 중요한 기준으로 삼습니다.","- 아이디어 기획, 촬영, 편집, 채널 지표 관련 업무 계획 수립 및 실행
- 담당 과제의 일정·진행 현황 관리
- 업무 산출물 작성 및 검토 이력 관리
- 유관 부서 및 외부 협력 대상과 실무 조율
- 현장·시스템·자료에서 발생한 이슈 분석 및 조치
- 운영 기준과 체크리스트 개선
- 결과 데이터 또는 피드백을 반영한 품질 개선","- 경력 2년 이상 조건에 맞는 관련 실무 경험 또는 역량 보유
- 아이디어 기획, 촬영, 편집, 채널 지표에 필요한 도구·절차를 이해하고 실무 적용이 가능한 분
- 업무 내용을 정확히 기록하고 일정에 맞춰 결과물을 제출할 수 있는 분
- 유관 부서와 원활하게 소통하며 협업할 수 있는 분
- 근무지 출퇴근 및 직무 수행이 가능한 분","- GTQ 그래픽기술자격 1급 보유자
- Adobe Certified Professional 보유자
- 아이디어 기획, 촬영, 편집, 채널 지표 관련 프로젝트 또는 현장 수행 경험
- 업무용 문서·보고서 작성 및 이력 관리 경험
- 유관 부서·외부 협력사와의 일정 조율 경험","- 지원서 또는 제출서류를 허위로 기재한 경우
- 채용 과정에서 요구한 증빙서류를 제출하지 못한 경우
- 채용검진 결과 직무 수행이 어렵다고 판단되는 경우
- 해외여행 및 근무에 결격사유가 있는 경우
- 관련 법령 또는 내부 인사규정상 채용이 불가능한 경우",서류전형 > 실무면접 > 최종면접
1930,크리에이터 채용,49,193,20260625,20260709,12,경력,정규직,전북특별자치도,전문학사 이상,"크리에이터 포지션은 디지털 채널용 콘텐츠 기획·제작·운영 역할입니다. 담당 업무의 목표와 우선순위를 명확히 설정하고, 일정과 품질 기준을 함께 관리합니다.

아이디어 기획, 촬영, 편집, 채널 지표를 중심으로 실무를 수행하며, 요구사항과 결과물을 문서화해 업무 흐름이 누락되지 않도록 합니다.

기획·운영·현장 담당자 및 외부 협력 파트너와 수시로 협업합니다. 변경 사항은 영향 범위를 검토한 뒤 대안을 제시하고 합의된 방식으로 반영합니다.

문제 발생 시 사실관계와 원인을 먼저 확인하고, 재발 방지 방안을 업무 절차에 반영합니다. 입사 후에는 담당 영역의 실행력을 높이고, 정확성·일정 준수·이용자 관점의 완성도를 중요한 기준으로 삼습니다.","- 아이디어 기획, 촬영, 편집, 채널 지표 관련 업무 계획 수립 및 실행
- 담당 과제의 일정·진행 현황 관리
- 업무 산출물 작성 및 검토 이력 관리
- 유관 부서 및 외부 협력 대상과 실무 조율
- 현장·시스템·자료에서 발생한 이슈 분석 및 조치
- 운영 기준과 체크리스트 개선
- 결과 데이터 또는 피드백을 반영한 품질 개선","- 경력 조건에 맞는 관련 실무 경험 또는 역량 보유
- 아이디어 기획, 촬영, 편집, 채널 지표에 필요한 도구·절차를 이해하고 실무 적용이 가능한 분
- 업무 내용을 정확히 기록하고 일정에 맞춰 결과물을 제출할 수 있는 분
- 유관 부서와 원활하게 소통하며 협업할 수 있는 분
- 근무지 출퇴근 및 직무 수행이 가능한 분","- GTQ 그래픽기술자격 1급 보유자
- Adobe Certified Professional 보유자
- 아이디어 기획, 촬영, 편집, 채널 지표 관련 프로젝트 또는 현장 수행 경험
- 업무용 문서·보고서 작성 및 이력 관리 경험
- 유관 부서·외부 협력사와의 일정 조율 경험","- 지원서 또는 제출서류를 허위로 기재한 경우
- 채용 과정에서 요구한 증빙서류를 제출하지 못한 경우
- 채용검진 결과 직무 수행이 어렵다고 판단되는 경우
- 해외여행 및 근무에 결격사유가 있는 경우
- 관련 법령 또는 내부 인사규정상 채용이 불가능한 경우",서류전형 > 인성검사 > 실무면접 > 최종면접
1931,기자 담당자 모집,18,194,20260708,20260801,15,신입,정규직,서울특별시,학력무관,"기자 포지션은 취재를 바탕으로 정확한 기사와 콘텐츠를 작성 역할입니다. 담당 업무의 목표와 우선순위를 명확히 설정하고, 일정과 품질 기준을 함께 관리합니다.

취재원, 기사 초안, 팩트체크, 데스크 협업를 중심으로 실무를 수행하며, 요구사항과 결과물을 문서화해 업무 흐름이 누락되지 않도록 합니다.

기획·운영·현장 담당자 및 외부 협력 파트너와 수시로 협업합니다. 변경 사항은 영향 범위를 검토한 뒤 대안을 제시하고 합의된 방식으로 반영합니다.

문제 발생 시 사실관계와 원인을 먼저 확인하고, 재발 방지 방안을 업무 절차에 반영합니다. 입사 후에는 담당 영역의 실행력을 높이고, 정확성·일정 준수·이용자 관점의 완성도를 중요한 기준으로 삼습니다.","- 취재원, 기사 초안, 팩트체크, 데스크 협업 관련 업무 계획 수립 및 실행
- 담당 과제의 일정·진행 현황 관리
- 업무 산출물 작성 및 검토 이력 관리
- 유관 부서 및 외부 협력 대상과 실무 조율
- 현장·시스템·자료에서 발생한 이슈 분석 및 조치
- 운영 기준과 체크리스트 개선
- 결과 데이터 또는 피드백을 반영한 품질 개선","- 신입 조건에 맞는 관련 실무 경험 또는 역량 보유
- 취재원, 기사 초안, 팩트체크, 데스크 협업에 필요한 도구·절차를 이해하고 실무 적용이 가능한 분
- 업무 내용을 정확히 기록하고 일정에 맞춰 결과물을 제출할 수 있는 분
- 유관 부서와 원활하게 소통하며 협업할 수 있는 분
- 근무지 출퇴근 및 직무 수행이 가능한 분","- KBS 한국어능력시험 보유자
- 한국실용글쓰기검정 보유자
- 취재원, 기사 초안, 팩트체크, 데스크 협업 관련 프로젝트 또는 현장 수행 경험
- 업무용 문서·보고서 작성 및 이력 관리 경험
- 유관 부서·외부 협력사와의 일정 조율 경험","- 지원서 또는 제출서류를 허위로 기재한 경우
- 채용 과정에서 요구한 증빙서류를 제출하지 못한 경우
- 채용검진 결과 직무 수행이 어렵다고 판단되는 경우
- 해외여행 및 근무에 결격사유가 있는 경우
- 관련 법령 또는 내부 인사규정상 채용이 불가능한 경우",서류전형 > 실무면접 > 최종면접
1932,기자 실무자 채용,51,194,20260813,20260909,17,경력,계약직,경기도,전문학사 이상,"기자 포지션은 취재를 바탕으로 정확한 기사와 콘텐츠를 작성 역할입니다. 담당 업무의 목표와 우선순위를 명확히 설정하고, 일정과 품질 기준을 함께 관리합니다.

취재원, 기사 초안, 팩트체크, 데스크 협업를 중심으로 실무를 수행하며, 요구사항과 결과물을 문서화해 업무 흐름이 누락되지 않도록 합니다.

기획·운영·현장 담당자 및 외부 협력 파트너와 수시로 협업합니다. 변경 사항은 영향 범위를 검토한 뒤 대안을 제시하고 합의된 방식으로 반영합니다.

문제 발생 시 사실관계와 원인을 먼저 확인하고, 재발 방지 방안을 업무 절차에 반영합니다. 입사 후에는 담당 영역의 실행력을 높이고, 정확성·일정 준수·이용자 관점의 완성도를 중요한 기준으로 삼습니다.","- 취재원, 기사 초안, 팩트체크, 데스크 협업 관련 업무 계획 수립 및 실행
- 담당 과제의 일정·진행 현황 관리
- 업무 산출물 작성 및 검토 이력 관리
- 유관 부서 및 외부 협력 대상과 실무 조율
- 현장·시스템·자료에서 발생한 이슈 분석 및 조치
- 운영 기준과 체크리스트 개선
- 결과 데이터 또는 피드백을 반영한 품질 개선","- 경력 조건에 맞는 관련 실무 경험 또는 역량 보유
- 취재원, 기사 초안, 팩트체크, 데스크 협업에 필요한 도구·절차를 이해하고 실무 적용이 가능한 분
- 업무 내용을 정확히 기록하고 일정에 맞춰 결과물을 제출할 수 있는 분
- 유관 부서와 원활하게 소통하며 협업할 수 있는 분
- 근무지 출퇴근 및 직무 수행이 가능한 분","- KBS 한국어능력시험 보유자
- 한국실용글쓰기검정 보유자
- 취재원, 기사 초안, 팩트체크, 데스크 협업 관련 프로젝트 또는 현장 수행 경험
- 업무용 문서·보고서 작성 및 이력 관리 경험
- 유관 부서·외부 협력사와의 일정 조율 경험","- 지원서 또는 제출서류를 허위로 기재한 경우
- 채용 과정에서 요구한 증빙서류를 제출하지 못한 경우
- 채용검진 결과 직무 수행이 어렵다고 판단되는 경우
- 해외여행 및 근무에 결격사유가 있는 경우
- 관련 법령 또는 내부 인사규정상 채용이 불가능한 경우",서류전형 > 인성검사 > 실무면접 > 최종면접
1933,기자 전문인력 채용,12,194,20260918,20261018,19,신입·경력,정규직,인천광역시,학사 이상,"기자 포지션은 취재를 바탕으로 정확한 기사와 콘텐츠를 작성 역할입니다. 담당 업무의 목표와 우선순위를 명확히 설정하고, 일정과 품질 기준을 함께 관리합니다.

취재원, 기사 초안, 팩트체크, 데스크 협업를 중심으로 실무를 수행하며, 요구사항과 결과물을 문서화해 업무 흐름이 누락되지 않도록 합니다.

기획·운영·현장 담당자 및 외부 협력 파트너와 수시로 협업합니다. 변경 사항은 영향 범위를 검토한 뒤 대안을 제시하고 합의된 방식으로 반영합니다.

문제 발생 시 사실관계와 원인을 먼저 확인하고, 재발 방지 방안을 업무 절차에 반영합니다. 입사 후에는 담당 영역의 실행력을 높이고, 정확성·일정 준수·이용자 관점의 완성도를 중요한 기준으로 삼습니다.","- 취재원, 기사 초안, 팩트체크, 데스크 협업 관련 업무 계획 수립 및 실행
- 담당 과제의 일정·진행 현황 관리
- 업무 산출물 작성 및 검토 이력 관리
- 유관 부서 및 외부 협력 대상과 실무 조율
- 현장·시스템·자료에서 발생한 이슈 분석 및 조치
- 운영 기준과 체크리스트 개선
- 결과 데이터 또는 피드백을 반영한 품질 개선","- 신입·경력 조건에 맞는 관련 실무 경험 또는 역량 보유
- 취재원, 기사 초안, 팩트체크, 데스크 협업에 필요한 도구·절차를 이해하고 실무 적용이 가능한 분
- 업무 내용을 정확히 기록하고 일정에 맞춰 결과물을 제출할 수 있는 분
- 유관 부서와 원활하게 소통하며 협업할 수 있는 분
- 근무지 출퇴근 및 직무 수행이 가능한 분","- KBS 한국어능력시험 보유자
- 한국실용글쓰기검정 보유자
- 취재원, 기사 초안, 팩트체크, 데스크 협업 관련 프로젝트 또는 현장 수행 경험
- 업무용 문서·보고서 작성 및 이력 관리 경험
- 유관 부서·외부 협력사와의 일정 조율 경험","- 지원서 또는 제출서류를 허위로 기재한 경우
- 채용 과정에서 요구한 증빙서류를 제출하지 못한 경우
- 채용검진 결과 직무 수행이 어렵다고 판단되는 경우
- 해외여행 및 근무에 결격사유가 있는 경우
- 관련 법령 또는 내부 인사규정상 채용이 불가능한 경우",서류전형 > 직무과제 > 실무면접 > 처우협의
1934,기자 운영 담당 채용,158,194,20261023,20261125,1,경력 2년 이상,정규직,대전광역시,학사 이상,"기자 포지션은 취재를 바탕으로 정확한 기사와 콘텐츠를 작성 역할입니다. 담당 업무의 목표와 우선순위를 명확히 설정하고, 일정과 품질 기준을 함께 관리합니다.

취재원, 기사 초안, 팩트체크, 데스크 협업를 중심으로 실무를 수행하며, 요구사항과 결과물을 문서화해 업무 흐름이 누락되지 않도록 합니다.

기획·운영·현장 담당자 및 외부 협력 파트너와 수시로 협업합니다. 변경 사항은 영향 범위를 검토한 뒤 대안을 제시하고 합의된 방식으로 반영합니다.

문제 발생 시 사실관계와 원인을 먼저 확인하고, 재발 방지 방안을 업무 절차에 반영합니다. 입사 후에는 담당 영역의 실행력을 높이고, 정확성·일정 준수·이용자 관점의 완성도를 중요한 기준으로 삼습니다.","- 취재원, 기사 초안, 팩트체크, 데스크 협업 관련 업무 계획 수립 및 실행
- 담당 과제의 일정·진행 현황 관리
- 업무 산출물 작성 및 검토 이력 관리
- 유관 부서 및 외부 협력 대상과 실무 조율
- 현장·시스템·자료에서 발생한 이슈 분석 및 조치
- 운영 기준과 체크리스트 개선
- 결과 데이터 또는 피드백을 반영한 품질 개선","- 경력 2년 이상 조건에 맞는 관련 실무 경험 또는 역량 보유
- 취재원, 기사 초안, 팩트체크, 데스크 협업에 필요한 도구·절차를 이해하고 실무 적용이 가능한 분
- 업무 내용을 정확히 기록하고 일정에 맞춰 결과물을 제출할 수 있는 분
- 유관 부서와 원활하게 소통하며 협업할 수 있는 분
- 근무지 출퇴근 및 직무 수행이 가능한 분","- KBS 한국어능력시험 보유자
- 한국실용글쓰기검정 보유자
- 취재원, 기사 초안, 팩트체크, 데스크 협업 관련 프로젝트 또는 현장 수행 경험
- 업무용 문서·보고서 작성 및 이력 관리 경험
- 유관 부서·외부 협력사와의 일정 조율 경험","- 지원서 또는 제출서류를 허위로 기재한 경우
- 채용 과정에서 요구한 증빙서류를 제출하지 못한 경우
- 채용검진 결과 직무 수행이 어렵다고 판단되는 경우
- 해외여행 및 근무에 결격사유가 있는 경우
- 관련 법령 또는 내부 인사규정상 채용이 불가능한 경우",서류전형 > 1차면접 > 2차면접 > 채용검진
1935,기자 프로젝트 인재 모집,66,194,20260203,20260311,3,경력 3년 이상,무기계약직,부산광역시,학력무관,"기자 포지션은 취재를 바탕으로 정확한 기사와 콘텐츠를 작성 역할입니다. 담당 업무의 목표와 우선순위를 명확히 설정하고, 일정과 품질 기준을 함께 관리합니다.

취재원, 기사 초안, 팩트체크, 데스크 협업를 중심으로 실무를 수행하며, 요구사항과 결과물을 문서화해 업무 흐름이 누락되지 않도록 합니다.

기획·운영·현장 담당자 및 외부 협력 파트너와 수시로 협업합니다. 변경 사항은 영향 범위를 검토한 뒤 대안을 제시하고 합의된 방식으로 반영합니다.

문제 발생 시 사실관계와 원인을 먼저 확인하고, 재발 방지 방안을 업무 절차에 반영합니다. 입사 후에는 담당 영역의 실행력을 높이고, 정확성·일정 준수·이용자 관점의 완성도를 중요한 기준으로 삼습니다.","- 취재원, 기사 초안, 팩트체크, 데스크 협업 관련 업무 계획 수립 및 실행
- 담당 과제의 일정·진행 현황 관리
- 업무 산출물 작성 및 검토 이력 관리
- 유관 부서 및 외부 협력 대상과 실무 조율
- 현장·시스템·자료에서 발생한 이슈 분석 및 조치
- 운영 기준과 체크리스트 개선
- 결과 데이터 또는 피드백을 반영한 품질 개선","- 경력 3년 이상 조건에 맞는 관련 실무 경험 또는 역량 보유
- 취재원, 기사 초안, 팩트체크, 데스크 협업에 필요한 도구·절차를 이해하고 실무 적용이 가능한 분
- 업무 내용을 정확히 기록하고 일정에 맞춰 결과물을 제출할 수 있는 분
- 유관 부서와 원활하게 소통하며 협업할 수 있는 분
- 근무지 출퇴근 및 직무 수행이 가능한 분","- KBS 한국어능력시험 보유자
- 한국실용글쓰기검정 보유자
- 취재원, 기사 초안, 팩트체크, 데스크 협업 관련 프로젝트 또는 현장 수행 경험
- 업무용 문서·보고서 작성 및 이력 관리 경험
- 유관 부서·외부 협력사와의 일정 조율 경험","- 지원서 또는 제출서류를 허위로 기재한 경우
- 채용 과정에서 요구한 증빙서류를 제출하지 못한 경우
- 채용검진 결과 직무 수행이 어렵다고 판단되는 경우
- 해외여행 및 근무에 결격사유가 있는 경우
- 관련 법령 또는 내부 인사규정상 채용이 불가능한 경우",서류전형 > 실무면접 > 최종면접
1936,기자 전담 인력 채용,62,194,20260308,20260416,5,경력 무관,기간제,광주광역시,전문학사 이상,"기자 포지션은 취재를 바탕으로 정확한 기사와 콘텐츠를 작성 역할입니다. 담당 업무의 목표와 우선순위를 명확히 설정하고, 일정과 품질 기준을 함께 관리합니다.

취재원, 기사 초안, 팩트체크, 데스크 협업를 중심으로 실무를 수행하며, 요구사항과 결과물을 문서화해 업무 흐름이 누락되지 않도록 합니다.

기획·운영·현장 담당자 및 외부 협력 파트너와 수시로 협업합니다. 변경 사항은 영향 범위를 검토한 뒤 대안을 제시하고 합의된 방식으로 반영합니다.

문제 발생 시 사실관계와 원인을 먼저 확인하고, 재발 방지 방안을 업무 절차에 반영합니다. 입사 후에는 담당 영역의 실행력을 높이고, 정확성·일정 준수·이용자 관점의 완성도를 중요한 기준으로 삼습니다.","- 취재원, 기사 초안, 팩트체크, 데스크 협업 관련 업무 계획 수립 및 실행
- 담당 과제의 일정·진행 현황 관리
- 업무 산출물 작성 및 검토 이력 관리
- 유관 부서 및 외부 협력 대상과 실무 조율
- 현장·시스템·자료에서 발생한 이슈 분석 및 조치
- 운영 기준과 체크리스트 개선
- 결과 데이터 또는 피드백을 반영한 품질 개선","- 경력 무관 조건에 맞는 관련 실무 경험 또는 역량 보유
- 취재원, 기사 초안, 팩트체크, 데스크 협업에 필요한 도구·절차를 이해하고 실무 적용이 가능한 분
- 업무 내용을 정확히 기록하고 일정에 맞춰 결과물을 제출할 수 있는 분
- 유관 부서와 원활하게 소통하며 협업할 수 있는 분
- 근무지 출퇴근 및 직무 수행이 가능한 분","- KBS 한국어능력시험 보유자
- 한국실용글쓰기검정 보유자
- 취재원, 기사 초안, 팩트체크, 데스크 협업 관련 프로젝트 또는 현장 수행 경험
- 업무용 문서·보고서 작성 및 이력 관리 경험
- 유관 부서·외부 협력사와의 일정 조율 경험","- 지원서 또는 제출서류를 허위로 기재한 경우
- 채용 과정에서 요구한 증빙서류를 제출하지 못한 경우
- 채용검진 결과 직무 수행이 어렵다고 판단되는 경우
- 해외여행 및 근무에 결격사유가 있는 경우
- 관련 법령 또는 내부 인사규정상 채용이 불가능한 경우",서류전형 > 인성검사 > 실무면접 > 최종면접
1937,기자 실무 인재 모집,118,194,20260413,20260525,7,경력 5년 이상,정규직,세종특별자치시,학사 이상,"기자 포지션은 취재를 바탕으로 정확한 기사와 콘텐츠를 작성 역할입니다. 담당 업무의 목표와 우선순위를 명확히 설정하고, 일정과 품질 기준을 함께 관리합니다.

취재원, 기사 초안, 팩트체크, 데스크 협업를 중심으로 실무를 수행하며, 요구사항과 결과물을 문서화해 업무 흐름이 누락되지 않도록 합니다.

기획·운영·현장 담당자 및 외부 협력 파트너와 수시로 협업합니다. 변경 사항은 영향 범위를 검토한 뒤 대안을 제시하고 합의된 방식으로 반영합니다.

문제 발생 시 사실관계와 원인을 먼저 확인하고, 재발 방지 방안을 업무 절차에 반영합니다. 입사 후에는 담당 영역의 실행력을 높이고, 정확성·일정 준수·이용자 관점의 완성도를 중요한 기준으로 삼습니다.","- 취재원, 기사 초안, 팩트체크, 데스크 협업 관련 업무 계획 수립 및 실행
- 담당 과제의 일정·진행 현황 관리
- 업무 산출물 작성 및 검토 이력 관리
- 유관 부서 및 외부 협력 대상과 실무 조율
- 현장·시스템·자료에서 발생한 이슈 분석 및 조치
- 운영 기준과 체크리스트 개선
- 결과 데이터 또는 피드백을 반영한 품질 개선","- 경력 5년 이상 조건에 맞는 관련 실무 경험 또는 역량 보유
- 취재원, 기사 초안, 팩트체크, 데스크 협업에 필요한 도구·절차를 이해하고 실무 적용이 가능한 분
- 업무 내용을 정확히 기록하고 일정에 맞춰 결과물을 제출할 수 있는 분
- 유관 부서와 원활하게 소통하며 협업할 수 있는 분
- 근무지 출퇴근 및 직무 수행이 가능한 분","- KBS 한국어능력시험 보유자
- 한국실용글쓰기검정 보유자
- 취재원, 기사 초안, 팩트체크, 데스크 협업 관련 프로젝트 또는 현장 수행 경험
- 업무용 문서·보고서 작성 및 이력 관리 경험
- 유관 부서·외부 협력사와의 일정 조율 경험","- 지원서 또는 제출서류를 허위로 기재한 경우
- 채용 과정에서 요구한 증빙서류를 제출하지 못한 경우
- 채용검진 결과 직무 수행이 어렵다고 판단되는 경우
- 해외여행 및 근무에 결격사유가 있는 경우
- 관련 법령 또는 내부 인사규정상 채용이 불가능한 경우",서류전형 > 직무과제 > 실무면접 > 처우협의
1938,기자 담당자 공개채용,106,194,20260518,20260702,9,신입·경력,계약직,충청남도,학력무관,"기자 포지션은 취재를 바탕으로 정확한 기사와 콘텐츠를 작성 역할입니다. 담당 업무의 목표와 우선순위를 명확히 설정하고, 일정과 품질 기준을 함께 관리합니다.

취재원, 기사 초안, 팩트체크, 데스크 협업를 중심으로 실무를 수행하며, 요구사항과 결과물을 문서화해 업무 흐름이 누락되지 않도록 합니다.

기획·운영·현장 담당자 및 외부 협력 파트너와 수시로 협업합니다. 변경 사항은 영향 범위를 검토한 뒤 대안을 제시하고 합의된 방식으로 반영합니다.

문제 발생 시 사실관계와 원인을 먼저 확인하고, 재발 방지 방안을 업무 절차에 반영합니다. 입사 후에는 담당 영역의 실행력을 높이고, 정확성·일정 준수·이용자 관점의 완성도를 중요한 기준으로 삼습니다.","- 취재원, 기사 초안, 팩트체크, 데스크 협업 관련 업무 계획 수립 및 실행
- 담당 과제의 일정·진행 현황 관리
- 업무 산출물 작성 및 검토 이력 관리
- 유관 부서 및 외부 협력 대상과 실무 조율
- 현장·시스템·자료에서 발생한 이슈 분석 및 조치
- 운영 기준과 체크리스트 개선
- 결과 데이터 또는 피드백을 반영한 품질 개선","- 신입·경력 조건에 맞는 관련 실무 경험 또는 역량 보유
- 취재원, 기사 초안, 팩트체크, 데스크 협업에 필요한 도구·절차를 이해하고 실무 적용이 가능한 분
- 업무 내용을 정확히 기록하고 일정에 맞춰 결과물을 제출할 수 있는 분
- 유관 부서와 원활하게 소통하며 협업할 수 있는 분
- 근무지 출퇴근 및 직무 수행이 가능한 분","- KBS 한국어능력시험 보유자
- 한국실용글쓰기검정 보유자
- 취재원, 기사 초안, 팩트체크, 데스크 협업 관련 프로젝트 또는 현장 수행 경험
- 업무용 문서·보고서 작성 및 이력 관리 경험
- 유관 부서·외부 협력사와의 일정 조율 경험","- 지원서 또는 제출서류를 허위로 기재한 경우
- 채용 과정에서 요구한 증빙서류를 제출하지 못한 경우
- 채용검진 결과 직무 수행이 어렵다고 판단되는 경우
- 해외여행 및 근무에 결격사유가 있는 경우
- 관련 법령 또는 내부 인사규정상 채용이 불가능한 경우",서류전형 > 1차면접 > 2차면접 > 채용검진
1939,기자 정규직 모집,18,194,20260623,20260705,11,경력 2년 이상,정규직,경상남도,학사 이상,"기자 포지션은 취재를 바탕으로 정확한 기사와 콘텐츠를 작성 역할입니다. 담당 업무의 목표와 우선순위를 명확히 설정하고, 일정과 품질 기준을 함께 관리합니다.

취재원, 기사 초안, 팩트체크, 데스크 협업를 중심으로 실무를 수행하며, 요구사항과 결과물을 문서화해 업무 흐름이 누락되지 않도록 합니다.

기획·운영·현장 담당자 및 외부 협력 파트너와 수시로 협업합니다. 변경 사항은 영향 범위를 검토한 뒤 대안을 제시하고 합의된 방식으로 반영합니다.

문제 발생 시 사실관계와 원인을 먼저 확인하고, 재발 방지 방안을 업무 절차에 반영합니다. 입사 후에는 담당 영역의 실행력을 높이고, 정확성·일정 준수·이용자 관점의 완성도를 중요한 기준으로 삼습니다.","- 취재원, 기사 초안, 팩트체크, 데스크 협업 관련 업무 계획 수립 및 실행
- 담당 과제의 일정·진행 현황 관리
- 업무 산출물 작성 및 검토 이력 관리
- 유관 부서 및 외부 협력 대상과 실무 조율
- 현장·시스템·자료에서 발생한 이슈 분석 및 조치
- 운영 기준과 체크리스트 개선
- 결과 데이터 또는 피드백을 반영한 품질 개선","- 경력 2년 이상 조건에 맞는 관련 실무 경험 또는 역량 보유
- 취재원, 기사 초안, 팩트체크, 데스크 협업에 필요한 도구·절차를 이해하고 실무 적용이 가능한 분
- 업무 내용을 정확히 기록하고 일정에 맞춰 결과물을 제출할 수 있는 분
- 유관 부서와 원활하게 소통하며 협업할 수 있는 분
- 근무지 출퇴근 및 직무 수행이 가능한 분","- KBS 한국어능력시험 보유자
- 한국실용글쓰기검정 보유자
- 취재원, 기사 초안, 팩트체크, 데스크 협업 관련 프로젝트 또는 현장 수행 경험
- 업무용 문서·보고서 작성 및 이력 관리 경험
- 유관 부서·외부 협력사와의 일정 조율 경험","- 지원서 또는 제출서류를 허위로 기재한 경우
- 채용 과정에서 요구한 증빙서류를 제출하지 못한 경우
- 채용검진 결과 직무 수행이 어렵다고 판단되는 경우
- 해외여행 및 근무에 결격사유가 있는 경우
- 관련 법령 또는 내부 인사규정상 채용이 불가능한 경우",서류전형 > 실무면접 > 최종면접
1940,기자 채용,85,194,20260703,20260718,13,경력,정규직,전북특별자치도,전문학사 이상,"기자 포지션은 취재를 바탕으로 정확한 기사와 콘텐츠를 작성 역할입니다. 담당 업무의 목표와 우선순위를 명확히 설정하고, 일정과 품질 기준을 함께 관리합니다.

취재원, 기사 초안, 팩트체크, 데스크 협업를 중심으로 실무를 수행하며, 요구사항과 결과물을 문서화해 업무 흐름이 누락되지 않도록 합니다.

기획·운영·현장 담당자 및 외부 협력 파트너와 수시로 협업합니다. 변경 사항은 영향 범위를 검토한 뒤 대안을 제시하고 합의된 방식으로 반영합니다.

문제 발생 시 사실관계와 원인을 먼저 확인하고, 재발 방지 방안을 업무 절차에 반영합니다. 입사 후에는 담당 영역의 실행력을 높이고, 정확성·일정 준수·이용자 관점의 완성도를 중요한 기준으로 삼습니다.","- 취재원, 기사 초안, 팩트체크, 데스크 협업 관련 업무 계획 수립 및 실행
- 담당 과제의 일정·진행 현황 관리
- 업무 산출물 작성 및 검토 이력 관리
- 유관 부서 및 외부 협력 대상과 실무 조율
- 현장·시스템·자료에서 발생한 이슈 분석 및 조치
- 운영 기준과 체크리스트 개선
- 결과 데이터 또는 피드백을 반영한 품질 개선","- 경력 조건에 맞는 관련 실무 경험 또는 역량 보유
- 취재원, 기사 초안, 팩트체크, 데스크 협업에 필요한 도구·절차를 이해하고 실무 적용이 가능한 분
- 업무 내용을 정확히 기록하고 일정에 맞춰 결과물을 제출할 수 있는 분
- 유관 부서와 원활하게 소통하며 협업할 수 있는 분
- 근무지 출퇴근 및 직무 수행이 가능한 분","- KBS 한국어능력시험 보유자
- 한국실용글쓰기검정 보유자
- 취재원, 기사 초안, 팩트체크, 데스크 협업 관련 프로젝트 또는 현장 수행 경험
- 업무용 문서·보고서 작성 및 이력 관리 경험
- 유관 부서·외부 협력사와의 일정 조율 경험","- 지원서 또는 제출서류를 허위로 기재한 경우
- 채용 과정에서 요구한 증빙서류를 제출하지 못한 경우
- 채용검진 결과 직무 수행이 어렵다고 판단되는 경우
- 해외여행 및 근무에 결격사유가 있는 경우
- 관련 법령 또는 내부 인사규정상 채용이 불가능한 경우",서류전형 > 인성검사 > 실무면접 > 최종면접
1941,작가 담당자 모집,123,195,20260811,20260905,16,신입,정규직,서울특별시,학력무관,"작가 포지션은 영상·공연·디지털 매체용 원고를 집필 역할입니다. 담당 업무의 목표와 우선순위를 명확히 설정하고, 일정과 품질 기준을 함께 관리합니다.

기획안, 구성안, 대본, 수정 이력를 중심으로 실무를 수행하며, 요구사항과 결과물을 문서화해 업무 흐름이 누락되지 않도록 합니다.

기획·운영·현장 담당자 및 외부 협력 파트너와 수시로 협업합니다. 변경 사항은 영향 범위를 검토한 뒤 대안을 제시하고 합의된 방식으로 반영합니다.

문제 발생 시 사실관계와 원인을 먼저 확인하고, 재발 방지 방안을 업무 절차에 반영합니다. 입사 후에는 담당 영역의 실행력을 높이고, 정확성·일정 준수·이용자 관점의 완성도를 중요한 기준으로 삼습니다.","- 기획안, 구성안, 대본, 수정 이력 관련 업무 계획 수립 및 실행
- 담당 과제의 일정·진행 현황 관리
- 업무 산출물 작성 및 검토 이력 관리
- 유관 부서 및 외부 협력 대상과 실무 조율
- 현장·시스템·자료에서 발생한 이슈 분석 및 조치
- 운영 기준과 체크리스트 개선
- 결과 데이터 또는 피드백을 반영한 품질 개선","- 신입 조건에 맞는 관련 실무 경험 또는 역량 보유
- 기획안, 구성안, 대본, 수정 이력에 필요한 도구·절차를 이해하고 실무 적용이 가능한 분
- 업무 내용을 정확히 기록하고 일정에 맞춰 결과물을 제출할 수 있는 분
- 유관 부서와 원활하게 소통하며 협업할 수 있는 분
- 근무지 출퇴근 및 직무 수행이 가능한 분","- KBS 한국어능력시험 보유자
- 한국실용글쓰기검정 보유자
- 기획안, 구성안, 대본, 수정 이력 관련 프로젝트 또는 현장 수행 경험
- 업무용 문서·보고서 작성 및 이력 관리 경험
- 유관 부서·외부 협력사와의 일정 조율 경험","- 지원서 또는 제출서류를 허위로 기재한 경우
- 채용 과정에서 요구한 증빙서류를 제출하지 못한 경우
- 채용검진 결과 직무 수행이 어렵다고 판단되는 경우
- 해외여행 및 근무에 결격사유가 있는 경우
- 관련 법령 또는 내부 인사규정상 채용이 불가능한 경우",서류전형 > 실무면접 > 최종면접
1942,작가 실무자 채용,23,195,20260916,20261014,18,경력,계약직,경기도,전문학사 이상,"작가 포지션은 영상·공연·디지털 매체용 원고를 집필 역할입니다. 담당 업무의 목표와 우선순위를 명확히 설정하고, 일정과 품질 기준을 함께 관리합니다.

기획안, 구성안, 대본, 수정 이력를 중심으로 실무를 수행하며, 요구사항과 결과물을 문서화해 업무 흐름이 누락되지 않도록 합니다.

기획·운영·현장 담당자 및 외부 협력 파트너와 수시로 협업합니다. 변경 사항은 영향 범위를 검토한 뒤 대안을 제시하고 합의된 방식으로 반영합니다.

문제 발생 시 사실관계와 원인을 먼저 확인하고, 재발 방지 방안을 업무 절차에 반영합니다. 입사 후에는 담당 영역의 실행력을 높이고, 정확성·일정 준수·이용자 관점의 완성도를 중요한 기준으로 삼습니다.","- 기획안, 구성안, 대본, 수정 이력 관련 업무 계획 수립 및 실행
- 담당 과제의 일정·진행 현황 관리
- 업무 산출물 작성 및 검토 이력 관리
- 유관 부서 및 외부 협력 대상과 실무 조율
- 현장·시스템·자료에서 발생한 이슈 분석 및 조치
- 운영 기준과 체크리스트 개선
- 결과 데이터 또는 피드백을 반영한 품질 개선","- 경력 조건에 맞는 관련 실무 경험 또는 역량 보유
- 기획안, 구성안, 대본, 수정 이력에 필요한 도구·절차를 이해하고 실무 적용이 가능한 분
- 업무 내용을 정확히 기록하고 일정에 맞춰 결과물을 제출할 수 있는 분
- 유관 부서와 원활하게 소통하며 협업할 수 있는 분
- 근무지 출퇴근 및 직무 수행이 가능한 분","- KBS 한국어능력시험 보유자
- 한국실용글쓰기검정 보유자
- 기획안, 구성안, 대본, 수정 이력 관련 프로젝트 또는 현장 수행 경험
- 업무용 문서·보고서 작성 및 이력 관리 경험
- 유관 부서·외부 협력사와의 일정 조율 경험","- 지원서 또는 제출서류를 허위로 기재한 경우
- 채용 과정에서 요구한 증빙서류를 제출하지 못한 경우
- 채용검진 결과 직무 수행이 어렵다고 판단되는 경우
- 해외여행 및 근무에 결격사유가 있는 경우
- 관련 법령 또는 내부 인사규정상 채용이 불가능한 경우",서류전형 > 인성검사 > 실무면접 > 최종면접
1943,작가 전문인력 채용,120,195,20261021,20261121,20,신입·경력,정규직,인천광역시,학사 이상,"작가 포지션은 영상·공연·디지털 매체용 원고를 집필 역할입니다. 담당 업무의 목표와 우선순위를 명확히 설정하고, 일정과 품질 기준을 함께 관리합니다.

기획안, 구성안, 대본, 수정 이력를 중심으로 실무를 수행하며, 요구사항과 결과물을 문서화해 업무 흐름이 누락되지 않도록 합니다.

기획·운영·현장 담당자 및 외부 협력 파트너와 수시로 협업합니다. 변경 사항은 영향 범위를 검토한 뒤 대안을 제시하고 합의된 방식으로 반영합니다.

문제 발생 시 사실관계와 원인을 먼저 확인하고, 재발 방지 방안을 업무 절차에 반영합니다. 입사 후에는 담당 영역의 실행력을 높이고, 정확성·일정 준수·이용자 관점의 완성도를 중요한 기준으로 삼습니다.","- 기획안, 구성안, 대본, 수정 이력 관련 업무 계획 수립 및 실행
- 담당 과제의 일정·진행 현황 관리
- 업무 산출물 작성 및 검토 이력 관리
- 유관 부서 및 외부 협력 대상과 실무 조율
- 현장·시스템·자료에서 발생한 이슈 분석 및 조치
- 운영 기준과 체크리스트 개선
- 결과 데이터 또는 피드백을 반영한 품질 개선","- 신입·경력 조건에 맞는 관련 실무 경험 또는 역량 보유
- 기획안, 구성안, 대본, 수정 이력에 필요한 도구·절차를 이해하고 실무 적용이 가능한 분
- 업무 내용을 정확히 기록하고 일정에 맞춰 결과물을 제출할 수 있는 분
- 유관 부서와 원활하게 소통하며 협업할 수 있는 분
- 근무지 출퇴근 및 직무 수행이 가능한 분","- KBS 한국어능력시험 보유자
- 한국실용글쓰기검정 보유자
- 기획안, 구성안, 대본, 수정 이력 관련 프로젝트 또는 현장 수행 경험
- 업무용 문서·보고서 작성 및 이력 관리 경험
- 유관 부서·외부 협력사와의 일정 조율 경험","- 지원서 또는 제출서류를 허위로 기재한 경우
- 채용 과정에서 요구한 증빙서류를 제출하지 못한 경우
- 채용검진 결과 직무 수행이 어렵다고 판단되는 경우
- 해외여행 및 근무에 결격사유가 있는 경우
- 관련 법령 또는 내부 인사규정상 채용이 불가능한 경우",서류전형 > 직무과제 > 실무면접 > 처우협의
1944,작가 운영 담당 채용,111,195,20260201,20260307,2,경력 2년 이상,정규직,대전광역시,학사 이상,"작가 포지션은 영상·공연·디지털 매체용 원고를 집필 역할입니다. 담당 업무의 목표와 우선순위를 명확히 설정하고, 일정과 품질 기준을 함께 관리합니다.

기획안, 구성안, 대본, 수정 이력를 중심으로 실무를 수행하며, 요구사항과 결과물을 문서화해 업무 흐름이 누락되지 않도록 합니다.

기획·운영·현장 담당자 및 외부 협력 파트너와 수시로 협업합니다. 변경 사항은 영향 범위를 검토한 뒤 대안을 제시하고 합의된 방식으로 반영합니다.

문제 발생 시 사실관계와 원인을 먼저 확인하고, 재발 방지 방안을 업무 절차에 반영합니다. 입사 후에는 담당 영역의 실행력을 높이고, 정확성·일정 준수·이용자 관점의 완성도를 중요한 기준으로 삼습니다.","- 기획안, 구성안, 대본, 수정 이력 관련 업무 계획 수립 및 실행
- 담당 과제의 일정·진행 현황 관리
- 업무 산출물 작성 및 검토 이력 관리
- 유관 부서 및 외부 협력 대상과 실무 조율
- 현장·시스템·자료에서 발생한 이슈 분석 및 조치
- 운영 기준과 체크리스트 개선
- 결과 데이터 또는 피드백을 반영한 품질 개선","- 경력 2년 이상 조건에 맞는 관련 실무 경험 또는 역량 보유
- 기획안, 구성안, 대본, 수정 이력에 필요한 도구·절차를 이해하고 실무 적용이 가능한 분
- 업무 내용을 정확히 기록하고 일정에 맞춰 결과물을 제출할 수 있는 분
- 유관 부서와 원활하게 소통하며 협업할 수 있는 분
- 근무지 출퇴근 및 직무 수행이 가능한 분","- KBS 한국어능력시험 보유자
- 한국실용글쓰기검정 보유자
- 기획안, 구성안, 대본, 수정 이력 관련 프로젝트 또는 현장 수행 경험
- 업무용 문서·보고서 작성 및 이력 관리 경험
- 유관 부서·외부 협력사와의 일정 조율 경험","- 지원서 또는 제출서류를 허위로 기재한 경우
- 채용 과정에서 요구한 증빙서류를 제출하지 못한 경우
- 채용검진 결과 직무 수행이 어렵다고 판단되는 경우
- 해외여행 및 근무에 결격사유가 있는 경우
- 관련 법령 또는 내부 인사규정상 채용이 불가능한 경우",서류전형 > 1차면접 > 2차면접 > 채용검진
1945,작가 프로젝트 인재 모집,27,195,20260306,20260412,4,경력 3년 이상,무기계약직,부산광역시,학력무관,"작가 포지션은 영상·공연·디지털 매체용 원고를 집필 역할입니다. 담당 업무의 목표와 우선순위를 명확히 설정하고, 일정과 품질 기준을 함께 관리합니다.

기획안, 구성안, 대본, 수정 이력를 중심으로 실무를 수행하며, 요구사항과 결과물을 문서화해 업무 흐름이 누락되지 않도록 합니다.

기획·운영·현장 담당자 및 외부 협력 파트너와 수시로 협업합니다. 변경 사항은 영향 범위를 검토한 뒤 대안을 제시하고 합의된 방식으로 반영합니다.

문제 발생 시 사실관계와 원인을 먼저 확인하고, 재발 방지 방안을 업무 절차에 반영합니다. 입사 후에는 담당 영역의 실행력을 높이고, 정확성·일정 준수·이용자 관점의 완성도를 중요한 기준으로 삼습니다.","- 기획안, 구성안, 대본, 수정 이력 관련 업무 계획 수립 및 실행
- 담당 과제의 일정·진행 현황 관리
- 업무 산출물 작성 및 검토 이력 관리
- 유관 부서 및 외부 협력 대상과 실무 조율
- 현장·시스템·자료에서 발생한 이슈 분석 및 조치
- 운영 기준과 체크리스트 개선
- 결과 데이터 또는 피드백을 반영한 품질 개선","- 경력 3년 이상 조건에 맞는 관련 실무 경험 또는 역량 보유
- 기획안, 구성안, 대본, 수정 이력에 필요한 도구·절차를 이해하고 실무 적용이 가능한 분
- 업무 내용을 정확히 기록하고 일정에 맞춰 결과물을 제출할 수 있는 분
- 유관 부서와 원활하게 소통하며 협업할 수 있는 분
- 근무지 출퇴근 및 직무 수행이 가능한 분","- KBS 한국어능력시험 보유자
- 한국실용글쓰기검정 보유자
- 기획안, 구성안, 대본, 수정 이력 관련 프로젝트 또는 현장 수행 경험
- 업무용 문서·보고서 작성 및 이력 관리 경험
- 유관 부서·외부 협력사와의 일정 조율 경험","- 지원서 또는 제출서류를 허위로 기재한 경우
- 채용 과정에서 요구한 증빙서류를 제출하지 못한 경우
- 채용검진 결과 직무 수행이 어렵다고 판단되는 경우
- 해외여행 및 근무에 결격사유가 있는 경우
- 관련 법령 또는 내부 인사규정상 채용이 불가능한 경우",서류전형 > 실무면접 > 최종면접
1946,작가 전담 인력 채용,45,195,20260411,20260521,6,경력 무관,기간제,광주광역시,전문학사 이상,"작가 포지션은 영상·공연·디지털 매체용 원고를 집필 역할입니다. 담당 업무의 목표와 우선순위를 명확히 설정하고, 일정과 품질 기준을 함께 관리합니다.

기획안, 구성안, 대본, 수정 이력를 중심으로 실무를 수행하며, 요구사항과 결과물을 문서화해 업무 흐름이 누락되지 않도록 합니다.

기획·운영·현장 담당자 및 외부 협력 파트너와 수시로 협업합니다. 변경 사항은 영향 범위를 검토한 뒤 대안을 제시하고 합의된 방식으로 반영합니다.

문제 발생 시 사실관계와 원인을 먼저 확인하고, 재발 방지 방안을 업무 절차에 반영합니다. 입사 후에는 담당 영역의 실행력을 높이고, 정확성·일정 준수·이용자 관점의 완성도를 중요한 기준으로 삼습니다.","- 기획안, 구성안, 대본, 수정 이력 관련 업무 계획 수립 및 실행
- 담당 과제의 일정·진행 현황 관리
- 업무 산출물 작성 및 검토 이력 관리
- 유관 부서 및 외부 협력 대상과 실무 조율
- 현장·시스템·자료에서 발생한 이슈 분석 및 조치
- 운영 기준과 체크리스트 개선
- 결과 데이터 또는 피드백을 반영한 품질 개선","- 경력 무관 조건에 맞는 관련 실무 경험 또는 역량 보유
- 기획안, 구성안, 대본, 수정 이력에 필요한 도구·절차를 이해하고 실무 적용이 가능한 분
- 업무 내용을 정확히 기록하고 일정에 맞춰 결과물을 제출할 수 있는 분
- 유관 부서와 원활하게 소통하며 협업할 수 있는 분
- 근무지 출퇴근 및 직무 수행이 가능한 분","- KBS 한국어능력시험 보유자
- 한국실용글쓰기검정 보유자
- 기획안, 구성안, 대본, 수정 이력 관련 프로젝트 또는 현장 수행 경험
- 업무용 문서·보고서 작성 및 이력 관리 경험
- 유관 부서·외부 협력사와의 일정 조율 경험","- 지원서 또는 제출서류를 허위로 기재한 경우
- 채용 과정에서 요구한 증빙서류를 제출하지 못한 경우
- 채용검진 결과 직무 수행이 어렵다고 판단되는 경우
- 해외여행 및 근무에 결격사유가 있는 경우
- 관련 법령 또는 내부 인사규정상 채용이 불가능한 경우",서류전형 > 인성검사 > 실무면접 > 최종면접
1947,작가 실무 인재 모집,26,195,20260516,20260628,8,경력 5년 이상,정규직,세종특별자치시,학사 이상,"작가 포지션은 영상·공연·디지털 매체용 원고를 집필 역할입니다. 담당 업무의 목표와 우선순위를 명확히 설정하고, 일정과 품질 기준을 함께 관리합니다.

기획안, 구성안, 대본, 수정 이력를 중심으로 실무를 수행하며, 요구사항과 결과물을 문서화해 업무 흐름이 누락되지 않도록 합니다.

기획·운영·현장 담당자 및 외부 협력 파트너와 수시로 협업합니다. 변경 사항은 영향 범위를 검토한 뒤 대안을 제시하고 합의된 방식으로 반영합니다.

문제 발생 시 사실관계와 원인을 먼저 확인하고, 재발 방지 방안을 업무 절차에 반영합니다. 입사 후에는 담당 영역의 실행력을 높이고, 정확성·일정 준수·이용자 관점의 완성도를 중요한 기준으로 삼습니다.","- 기획안, 구성안, 대본, 수정 이력 관련 업무 계획 수립 및 실행
- 담당 과제의 일정·진행 현황 관리
- 업무 산출물 작성 및 검토 이력 관리
- 유관 부서 및 외부 협력 대상과 실무 조율
- 현장·시스템·자료에서 발생한 이슈 분석 및 조치
- 운영 기준과 체크리스트 개선
- 결과 데이터 또는 피드백을 반영한 품질 개선","- 경력 5년 이상 조건에 맞는 관련 실무 경험 또는 역량 보유
- 기획안, 구성안, 대본, 수정 이력에 필요한 도구·절차를 이해하고 실무 적용이 가능한 분
- 업무 내용을 정확히 기록하고 일정에 맞춰 결과물을 제출할 수 있는 분
- 유관 부서와 원활하게 소통하며 협업할 수 있는 분
- 근무지 출퇴근 및 직무 수행이 가능한 분","- KBS 한국어능력시험 보유자
- 한국실용글쓰기검정 보유자
- 기획안, 구성안, 대본, 수정 이력 관련 프로젝트 또는 현장 수행 경험
- 업무용 문서·보고서 작성 및 이력 관리 경험
- 유관 부서·외부 협력사와의 일정 조율 경험","- 지원서 또는 제출서류를 허위로 기재한 경우
- 채용 과정에서 요구한 증빙서류를 제출하지 못한 경우
- 채용검진 결과 직무 수행이 어렵다고 판단되는 경우
- 해외여행 및 근무에 결격사유가 있는 경우
- 관련 법령 또는 내부 인사규정상 채용이 불가능한 경우",서류전형 > 직무과제 > 실무면접 > 처우협의
1948,작가 담당자 공개채용,0,195,20260621,20260701,10,신입·경력,계약직,충청남도,학력무관,"작가 포지션은 영상·공연·디지털 매체용 원고를 집필 역할입니다. 담당 업무의 목표와 우선순위를 명확히 설정하고, 일정과 품질 기준을 함께 관리합니다.

기획안, 구성안, 대본, 수정 이력를 중심으로 실무를 수행하며, 요구사항과 결과물을 문서화해 업무 흐름이 누락되지 않도록 합니다.

기획·운영·현장 담당자 및 외부 협력 파트너와 수시로 협업합니다. 변경 사항은 영향 범위를 검토한 뒤 대안을 제시하고 합의된 방식으로 반영합니다.

문제 발생 시 사실관계와 원인을 먼저 확인하고, 재발 방지 방안을 업무 절차에 반영합니다. 입사 후에는 담당 영역의 실행력을 높이고, 정확성·일정 준수·이용자 관점의 완성도를 중요한 기준으로 삼습니다.","- 기획안, 구성안, 대본, 수정 이력 관련 업무 계획 수립 및 실행
- 담당 과제의 일정·진행 현황 관리
- 업무 산출물 작성 및 검토 이력 관리
- 유관 부서 및 외부 협력 대상과 실무 조율
- 현장·시스템·자료에서 발생한 이슈 분석 및 조치
- 운영 기준과 체크리스트 개선
- 결과 데이터 또는 피드백을 반영한 품질 개선","- 신입·경력 조건에 맞는 관련 실무 경험 또는 역량 보유
- 기획안, 구성안, 대본, 수정 이력에 필요한 도구·절차를 이해하고 실무 적용이 가능한 분
- 업무 내용을 정확히 기록하고 일정에 맞춰 결과물을 제출할 수 있는 분
- 유관 부서와 원활하게 소통하며 협업할 수 있는 분
- 근무지 출퇴근 및 직무 수행이 가능한 분","- KBS 한국어능력시험 보유자
- 한국실용글쓰기검정 보유자
- 기획안, 구성안, 대본, 수정 이력 관련 프로젝트 또는 현장 수행 경험
- 업무용 문서·보고서 작성 및 이력 관리 경험
- 유관 부서·외부 협력사와의 일정 조율 경험","- 지원서 또는 제출서류를 허위로 기재한 경우
- 채용 과정에서 요구한 증빙서류를 제출하지 못한 경우
- 채용검진 결과 직무 수행이 어렵다고 판단되는 경우
- 해외여행 및 근무에 결격사유가 있는 경우
- 관련 법령 또는 내부 인사규정상 채용이 불가능한 경우",서류전형 > 1차면접 > 2차면접 > 채용검진
1949,작가 정규직 모집,142,195,20260701,20260714,12,경력 2년 이상,정규직,경상남도,학사 이상,"작가 포지션은 영상·공연·디지털 매체용 원고를 집필 역할입니다. 담당 업무의 목표와 우선순위를 명확히 설정하고, 일정과 품질 기준을 함께 관리합니다.

기획안, 구성안, 대본, 수정 이력를 중심으로 실무를 수행하며, 요구사항과 결과물을 문서화해 업무 흐름이 누락되지 않도록 합니다.

기획·운영·현장 담당자 및 외부 협력 파트너와 수시로 협업합니다. 변경 사항은 영향 범위를 검토한 뒤 대안을 제시하고 합의된 방식으로 반영합니다.

문제 발생 시 사실관계와 원인을 먼저 확인하고, 재발 방지 방안을 업무 절차에 반영합니다. 입사 후에는 담당 영역의 실행력을 높이고, 정확성·일정 준수·이용자 관점의 완성도를 중요한 기준으로 삼습니다.","- 기획안, 구성안, 대본, 수정 이력 관련 업무 계획 수립 및 실행
- 담당 과제의 일정·진행 현황 관리
- 업무 산출물 작성 및 검토 이력 관리
- 유관 부서 및 외부 협력 대상과 실무 조율
- 현장·시스템·자료에서 발생한 이슈 분석 및 조치
- 운영 기준과 체크리스트 개선
- 결과 데이터 또는 피드백을 반영한 품질 개선","- 경력 2년 이상 조건에 맞는 관련 실무 경험 또는 역량 보유
- 기획안, 구성안, 대본, 수정 이력에 필요한 도구·절차를 이해하고 실무 적용이 가능한 분
- 업무 내용을 정확히 기록하고 일정에 맞춰 결과물을 제출할 수 있는 분
- 유관 부서와 원활하게 소통하며 협업할 수 있는 분
- 근무지 출퇴근 및 직무 수행이 가능한 분","- KBS 한국어능력시험 보유자
- 한국실용글쓰기검정 보유자
- 기획안, 구성안, 대본, 수정 이력 관련 프로젝트 또는 현장 수행 경험
- 업무용 문서·보고서 작성 및 이력 관리 경험
- 유관 부서·외부 협력사와의 일정 조율 경험","- 지원서 또는 제출서류를 허위로 기재한 경우
- 채용 과정에서 요구한 증빙서류를 제출하지 못한 경우
- 채용검진 결과 직무 수행이 어렵다고 판단되는 경우
- 해외여행 및 근무에 결격사유가 있는 경우
- 관련 법령 또는 내부 인사규정상 채용이 불가능한 경우",서류전형 > 실무면접 > 최종면접
1950,작가 채용,40,195,20260806,20260822,14,경력,정규직,전북특별자치도,전문학사 이상,"작가 포지션은 영상·공연·디지털 매체용 원고를 집필 역할입니다. 담당 업무의 목표와 우선순위를 명확히 설정하고, 일정과 품질 기준을 함께 관리합니다.

기획안, 구성안, 대본, 수정 이력를 중심으로 실무를 수행하며, 요구사항과 결과물을 문서화해 업무 흐름이 누락되지 않도록 합니다.

기획·운영·현장 담당자 및 외부 협력 파트너와 수시로 협업합니다. 변경 사항은 영향 범위를 검토한 뒤 대안을 제시하고 합의된 방식으로 반영합니다.

문제 발생 시 사실관계와 원인을 먼저 확인하고, 재발 방지 방안을 업무 절차에 반영합니다. 입사 후에는 담당 영역의 실행력을 높이고, 정확성·일정 준수·이용자 관점의 완성도를 중요한 기준으로 삼습니다.","- 기획안, 구성안, 대본, 수정 이력 관련 업무 계획 수립 및 실행
- 담당 과제의 일정·진행 현황 관리
- 업무 산출물 작성 및 검토 이력 관리
- 유관 부서 및 외부 협력 대상과 실무 조율
- 현장·시스템·자료에서 발생한 이슈 분석 및 조치
- 운영 기준과 체크리스트 개선
- 결과 데이터 또는 피드백을 반영한 품질 개선","- 경력 조건에 맞는 관련 실무 경험 또는 역량 보유
- 기획안, 구성안, 대본, 수정 이력에 필요한 도구·절차를 이해하고 실무 적용이 가능한 분
- 업무 내용을 정확히 기록하고 일정에 맞춰 결과물을 제출할 수 있는 분
- 유관 부서와 원활하게 소통하며 협업할 수 있는 분
- 근무지 출퇴근 및 직무 수행이 가능한 분","- KBS 한국어능력시험 보유자
- 한국실용글쓰기검정 보유자
- 기획안, 구성안, 대본, 수정 이력 관련 프로젝트 또는 현장 수행 경험
- 업무용 문서·보고서 작성 및 이력 관리 경험
- 유관 부서·외부 협력사와의 일정 조율 경험","- 지원서 또는 제출서류를 허위로 기재한 경우
- 채용 과정에서 요구한 증빙서류를 제출하지 못한 경우
- 채용검진 결과 직무 수행이 어렵다고 판단되는 경우
- 해외여행 및 근무에 결격사유가 있는 경우
- 관련 법령 또는 내부 인사규정상 채용이 불가능한 경우",서류전형 > 인성검사 > 실무면접 > 최종면접
1951,아나운서 담당자 모집,136,196,20260914,20261010,17,신입,정규직,서울특별시,학력무관,"아나운서 포지션은 방송·행사의 원고 전달과 진행 품질을 담당 역할입니다. 담당 업무의 목표와 우선순위를 명확히 설정하고, 일정과 품질 기준을 함께 관리합니다.

원고 리딩, 발성, 생방송 큐시트, 진행 리허설를 중심으로 실무를 수행하며, 요구사항과 결과물을 문서화해 업무 흐름이 누락되지 않도록 합니다.

기획·운영·현장 담당자 및 외부 협력 파트너와 수시로 협업합니다. 변경 사항은 영향 범위를 검토한 뒤 대안을 제시하고 합의된 방식으로 반영합니다.

문제 발생 시 사실관계와 원인을 먼저 확인하고, 재발 방지 방안을 업무 절차에 반영합니다. 입사 후에는 담당 영역의 실행력을 높이고, 정확성·일정 준수·이용자 관점의 완성도를 중요한 기준으로 삼습니다.","- 원고 리딩, 발성, 생방송 큐시트, 진행 리허설 관련 업무 계획 수립 및 실행
- 담당 과제의 일정·진행 현황 관리
- 업무 산출물 작성 및 검토 이력 관리
- 유관 부서 및 외부 협력 대상과 실무 조율
- 현장·시스템·자료에서 발생한 이슈 분석 및 조치
- 운영 기준과 체크리스트 개선
- 결과 데이터 또는 피드백을 반영한 품질 개선","- 신입 조건에 맞는 관련 실무 경험 또는 역량 보유
- 원고 리딩, 발성, 생방송 큐시트, 진행 리허설에 필요한 도구·절차를 이해하고 실무 적용이 가능한 분
- 업무 내용을 정확히 기록하고 일정에 맞춰 결과물을 제출할 수 있는 분
- 유관 부서와 원활하게 소통하며 협업할 수 있는 분
- 근무지 출퇴근 및 직무 수행이 가능한 분","- KBS 한국어능력시험 보유자
- 한국실용글쓰기검정 보유자
- 원고 리딩, 발성, 생방송 큐시트, 진행 리허설 관련 프로젝트 또는 현장 수행 경험
- 업무용 문서·보고서 작성 및 이력 관리 경험
- 유관 부서·외부 협력사와의 일정 조율 경험","- 지원서 또는 제출서류를 허위로 기재한 경우
- 채용 과정에서 요구한 증빙서류를 제출하지 못한 경우
- 채용검진 결과 직무 수행이 어렵다고 판단되는 경우
- 해외여행 및 근무에 결격사유가 있는 경우
- 관련 법령 또는 내부 인사규정상 채용이 불가능한 경우",서류전형 > 실무면접 > 최종면접
1952,아나운서 실무자 채용,128,196,20261019,20261117,19,경력,계약직,경기도,전문학사 이상,"아나운서 포지션은 방송·행사의 원고 전달과 진행 품질을 담당 역할입니다. 담당 업무의 목표와 우선순위를 명확히 설정하고, 일정과 품질 기준을 함께 관리합니다.

원고 리딩, 발성, 생방송 큐시트, 진행 리허설를 중심으로 실무를 수행하며, 요구사항과 결과물을 문서화해 업무 흐름이 누락되지 않도록 합니다.

기획·운영·현장 담당자 및 외부 협력 파트너와 수시로 협업합니다. 변경 사항은 영향 범위를 검토한 뒤 대안을 제시하고 합의된 방식으로 반영합니다.

문제 발생 시 사실관계와 원인을 먼저 확인하고, 재발 방지 방안을 업무 절차에 반영합니다. 입사 후에는 담당 영역의 실행력을 높이고, 정확성·일정 준수·이용자 관점의 완성도를 중요한 기준으로 삼습니다.","- 원고 리딩, 발성, 생방송 큐시트, 진행 리허설 관련 업무 계획 수립 및 실행
- 담당 과제의 일정·진행 현황 관리
- 업무 산출물 작성 및 검토 이력 관리
- 유관 부서 및 외부 협력 대상과 실무 조율
- 현장·시스템·자료에서 발생한 이슈 분석 및 조치
- 운영 기준과 체크리스트 개선
- 결과 데이터 또는 피드백을 반영한 품질 개선","- 경력 조건에 맞는 관련 실무 경험 또는 역량 보유
- 원고 리딩, 발성, 생방송 큐시트, 진행 리허설에 필요한 도구·절차를 이해하고 실무 적용이 가능한 분
- 업무 내용을 정확히 기록하고 일정에 맞춰 결과물을 제출할 수 있는 분
- 유관 부서와 원활하게 소통하며 협업할 수 있는 분
- 근무지 출퇴근 및 직무 수행이 가능한 분","- KBS 한국어능력시험 보유자
- 한국실용글쓰기검정 보유자
- 원고 리딩, 발성, 생방송 큐시트, 진행 리허설 관련 프로젝트 또는 현장 수행 경험
- 업무용 문서·보고서 작성 및 이력 관리 경험
- 유관 부서·외부 협력사와의 일정 조율 경험","- 지원서 또는 제출서류를 허위로 기재한 경우
- 채용 과정에서 요구한 증빙서류를 제출하지 못한 경우
- 채용검진 결과 직무 수행이 어렵다고 판단되는 경우
- 해외여행 및 근무에 결격사유가 있는 경우
- 관련 법령 또는 내부 인사규정상 채용이 불가능한 경우",서류전형 > 인성검사 > 실무면접 > 최종면접
1953,아나운서 전문인력 채용,152,196,20260224,20260328,1,신입·경력,정규직,인천광역시,학사 이상,"아나운서 포지션은 방송·행사의 원고 전달과 진행 품질을 담당 역할입니다. 담당 업무의 목표와 우선순위를 명확히 설정하고, 일정과 품질 기준을 함께 관리합니다.

원고 리딩, 발성, 생방송 큐시트, 진행 리허설를 중심으로 실무를 수행하며, 요구사항과 결과물을 문서화해 업무 흐름이 누락되지 않도록 합니다.

기획·운영·현장 담당자 및 외부 협력 파트너와 수시로 협업합니다. 변경 사항은 영향 범위를 검토한 뒤 대안을 제시하고 합의된 방식으로 반영합니다.

문제 발생 시 사실관계와 원인을 먼저 확인하고, 재발 방지 방안을 업무 절차에 반영합니다. 입사 후에는 담당 영역의 실행력을 높이고, 정확성·일정 준수·이용자 관점의 완성도를 중요한 기준으로 삼습니다.","- 원고 리딩, 발성, 생방송 큐시트, 진행 리허설 관련 업무 계획 수립 및 실행
- 담당 과제의 일정·진행 현황 관리
- 업무 산출물 작성 및 검토 이력 관리
- 유관 부서 및 외부 협력 대상과 실무 조율
- 현장·시스템·자료에서 발생한 이슈 분석 및 조치
- 운영 기준과 체크리스트 개선
- 결과 데이터 또는 피드백을 반영한 품질 개선","- 신입·경력 조건에 맞는 관련 실무 경험 또는 역량 보유
- 원고 리딩, 발성, 생방송 큐시트, 진행 리허설에 필요한 도구·절차를 이해하고 실무 적용이 가능한 분
- 업무 내용을 정확히 기록하고 일정에 맞춰 결과물을 제출할 수 있는 분
- 유관 부서와 원활하게 소통하며 협업할 수 있는 분
- 근무지 출퇴근 및 직무 수행이 가능한 분","- KBS 한국어능력시험 보유자
- 한국실용글쓰기검정 보유자
- 원고 리딩, 발성, 생방송 큐시트, 진행 리허설 관련 프로젝트 또는 현장 수행 경험
- 업무용 문서·보고서 작성 및 이력 관리 경험
- 유관 부서·외부 협력사와의 일정 조율 경험","- 지원서 또는 제출서류를 허위로 기재한 경우
- 채용 과정에서 요구한 증빙서류를 제출하지 못한 경우
- 채용검진 결과 직무 수행이 어렵다고 판단되는 경우
- 해외여행 및 근무에 결격사유가 있는 경우
- 관련 법령 또는 내부 인사규정상 채용이 불가능한 경우",서류전형 > 직무과제 > 실무면접 > 처우협의
1954,아나운서 운영 담당 채용,71,196,20260304,20260408,3,경력 2년 이상,정규직,대전광역시,학사 이상,"아나운서 포지션은 방송·행사의 원고 전달과 진행 품질을 담당 역할입니다. 담당 업무의 목표와 우선순위를 명확히 설정하고, 일정과 품질 기준을 함께 관리합니다.

원고 리딩, 발성, 생방송 큐시트, 진행 리허설를 중심으로 실무를 수행하며, 요구사항과 결과물을 문서화해 업무 흐름이 누락되지 않도록 합니다.

기획·운영·현장 담당자 및 외부 협력 파트너와 수시로 협업합니다. 변경 사항은 영향 범위를 검토한 뒤 대안을 제시하고 합의된 방식으로 반영합니다.

문제 발생 시 사실관계와 원인을 먼저 확인하고, 재발 방지 방안을 업무 절차에 반영합니다. 입사 후에는 담당 영역의 실행력을 높이고, 정확성·일정 준수·이용자 관점의 완성도를 중요한 기준으로 삼습니다.","- 원고 리딩, 발성, 생방송 큐시트, 진행 리허설 관련 업무 계획 수립 및 실행
- 담당 과제의 일정·진행 현황 관리
- 업무 산출물 작성 및 검토 이력 관리
- 유관 부서 및 외부 협력 대상과 실무 조율
- 현장·시스템·자료에서 발생한 이슈 분석 및 조치
- 운영 기준과 체크리스트 개선
- 결과 데이터 또는 피드백을 반영한 품질 개선","- 경력 2년 이상 조건에 맞는 관련 실무 경험 또는 역량 보유
- 원고 리딩, 발성, 생방송 큐시트, 진행 리허설에 필요한 도구·절차를 이해하고 실무 적용이 가능한 분
- 업무 내용을 정확히 기록하고 일정에 맞춰 결과물을 제출할 수 있는 분
- 유관 부서와 원활하게 소통하며 협업할 수 있는 분
- 근무지 출퇴근 및 직무 수행이 가능한 분","- KBS 한국어능력시험 보유자
- 한국실용글쓰기검정 보유자
- 원고 리딩, 발성, 생방송 큐시트, 진행 리허설 관련 프로젝트 또는 현장 수행 경험
- 업무용 문서·보고서 작성 및 이력 관리 경험
- 유관 부서·외부 협력사와의 일정 조율 경험","- 지원서 또는 제출서류를 허위로 기재한 경우
- 채용 과정에서 요구한 증빙서류를 제출하지 못한 경우
- 채용검진 결과 직무 수행이 어렵다고 판단되는 경우
- 해외여행 및 근무에 결격사유가 있는 경우
- 관련 법령 또는 내부 인사규정상 채용이 불가능한 경우",서류전형 > 1차면접 > 2차면접 > 채용검진
1955,아나운서 프로젝트 인재 모집,15,196,20260409,20260517,5,경력 3년 이상,무기계약직,부산광역시,학력무관,"아나운서 포지션은 방송·행사의 원고 전달과 진행 품질을 담당 역할입니다. 담당 업무의 목표와 우선순위를 명확히 설정하고, 일정과 품질 기준을 함께 관리합니다.

원고 리딩, 발성, 생방송 큐시트, 진행 리허설를 중심으로 실무를 수행하며, 요구사항과 결과물을 문서화해 업무 흐름이 누락되지 않도록 합니다.

기획·운영·현장 담당자 및 외부 협력 파트너와 수시로 협업합니다. 변경 사항은 영향 범위를 검토한 뒤 대안을 제시하고 합의된 방식으로 반영합니다.

문제 발생 시 사실관계와 원인을 먼저 확인하고, 재발 방지 방안을 업무 절차에 반영합니다. 입사 후에는 담당 영역의 실행력을 높이고, 정확성·일정 준수·이용자 관점의 완성도를 중요한 기준으로 삼습니다.","- 원고 리딩, 발성, 생방송 큐시트, 진행 리허설 관련 업무 계획 수립 및 실행
- 담당 과제의 일정·진행 현황 관리
- 업무 산출물 작성 및 검토 이력 관리
- 유관 부서 및 외부 협력 대상과 실무 조율
- 현장·시스템·자료에서 발생한 이슈 분석 및 조치
- 운영 기준과 체크리스트 개선
- 결과 데이터 또는 피드백을 반영한 품질 개선","- 경력 3년 이상 조건에 맞는 관련 실무 경험 또는 역량 보유
- 원고 리딩, 발성, 생방송 큐시트, 진행 리허설에 필요한 도구·절차를 이해하고 실무 적용이 가능한 분
- 업무 내용을 정확히 기록하고 일정에 맞춰 결과물을 제출할 수 있는 분
- 유관 부서와 원활하게 소통하며 협업할 수 있는 분
- 근무지 출퇴근 및 직무 수행이 가능한 분","- KBS 한국어능력시험 보유자
- 한국실용글쓰기검정 보유자
- 원고 리딩, 발성, 생방송 큐시트, 진행 리허설 관련 프로젝트 또는 현장 수행 경험
- 업무용 문서·보고서 작성 및 이력 관리 경험
- 유관 부서·외부 협력사와의 일정 조율 경험","- 지원서 또는 제출서류를 허위로 기재한 경우
- 채용 과정에서 요구한 증빙서류를 제출하지 못한 경우
- 채용검진 결과 직무 수행이 어렵다고 판단되는 경우
- 해외여행 및 근무에 결격사유가 있는 경우
- 관련 법령 또는 내부 인사규정상 채용이 불가능한 경우",서류전형 > 실무면접 > 최종면접
1956,아나운서 전담 인력 채용,143,196,20260514,20260624,7,경력 무관,기간제,광주광역시,전문학사 이상,"아나운서 포지션은 방송·행사의 원고 전달과 진행 품질을 담당 역할입니다. 담당 업무의 목표와 우선순위를 명확히 설정하고, 일정과 품질 기준을 함께 관리합니다.

원고 리딩, 발성, 생방송 큐시트, 진행 리허설를 중심으로 실무를 수행하며, 요구사항과 결과물을 문서화해 업무 흐름이 누락되지 않도록 합니다.

기획·운영·현장 담당자 및 외부 협력 파트너와 수시로 협업합니다. 변경 사항은 영향 범위를 검토한 뒤 대안을 제시하고 합의된 방식으로 반영합니다.

문제 발생 시 사실관계와 원인을 먼저 확인하고, 재발 방지 방안을 업무 절차에 반영합니다. 입사 후에는 담당 영역의 실행력을 높이고, 정확성·일정 준수·이용자 관점의 완성도를 중요한 기준으로 삼습니다.","- 원고 리딩, 발성, 생방송 큐시트, 진행 리허설 관련 업무 계획 수립 및 실행
- 담당 과제의 일정·진행 현황 관리
- 업무 산출물 작성 및 검토 이력 관리
- 유관 부서 및 외부 협력 대상과 실무 조율
- 현장·시스템·자료에서 발생한 이슈 분석 및 조치
- 운영 기준과 체크리스트 개선
- 결과 데이터 또는 피드백을 반영한 품질 개선","- 경력 무관 조건에 맞는 관련 실무 경험 또는 역량 보유
- 원고 리딩, 발성, 생방송 큐시트, 진행 리허설에 필요한 도구·절차를 이해하고 실무 적용이 가능한 분
- 업무 내용을 정확히 기록하고 일정에 맞춰 결과물을 제출할 수 있는 분
- 유관 부서와 원활하게 소통하며 협업할 수 있는 분
- 근무지 출퇴근 및 직무 수행이 가능한 분","- KBS 한국어능력시험 보유자
- 한국실용글쓰기검정 보유자
- 원고 리딩, 발성, 생방송 큐시트, 진행 리허설 관련 프로젝트 또는 현장 수행 경험
- 업무용 문서·보고서 작성 및 이력 관리 경험
- 유관 부서·외부 협력사와의 일정 조율 경험","- 지원서 또는 제출서류를 허위로 기재한 경우
- 채용 과정에서 요구한 증빙서류를 제출하지 못한 경우
- 채용검진 결과 직무 수행이 어렵다고 판단되는 경우
- 해외여행 및 근무에 결격사유가 있는 경우
- 관련 법령 또는 내부 인사규정상 채용이 불가능한 경우",서류전형 > 인성검사 > 실무면접 > 최종면접
1957,아나운서 실무 인재 모집,39,196,20260619,20260802,9,경력 5년 이상,정규직,세종특별자치시,학사 이상,"아나운서 포지션은 방송·행사의 원고 전달과 진행 품질을 담당 역할입니다. 담당 업무의 목표와 우선순위를 명확히 설정하고, 일정과 품질 기준을 함께 관리합니다.

원고 리딩, 발성, 생방송 큐시트, 진행 리허설를 중심으로 실무를 수행하며, 요구사항과 결과물을 문서화해 업무 흐름이 누락되지 않도록 합니다.

기획·운영·현장 담당자 및 외부 협력 파트너와 수시로 협업합니다. 변경 사항은 영향 범위를 검토한 뒤 대안을 제시하고 합의된 방식으로 반영합니다.

문제 발생 시 사실관계와 원인을 먼저 확인하고, 재발 방지 방안을 업무 절차에 반영합니다. 입사 후에는 담당 영역의 실행력을 높이고, 정확성·일정 준수·이용자 관점의 완성도를 중요한 기준으로 삼습니다.","- 원고 리딩, 발성, 생방송 큐시트, 진행 리허설 관련 업무 계획 수립 및 실행
- 담당 과제의 일정·진행 현황 관리
- 업무 산출물 작성 및 검토 이력 관리
- 유관 부서 및 외부 협력 대상과 실무 조율
- 현장·시스템·자료에서 발생한 이슈 분석 및 조치
- 운영 기준과 체크리스트 개선
- 결과 데이터 또는 피드백을 반영한 품질 개선","- 경력 5년 이상 조건에 맞는 관련 실무 경험 또는 역량 보유
- 원고 리딩, 발성, 생방송 큐시트, 진행 리허설에 필요한 도구·절차를 이해하고 실무 적용이 가능한 분
- 업무 내용을 정확히 기록하고 일정에 맞춰 결과물을 제출할 수 있는 분
- 유관 부서와 원활하게 소통하며 협업할 수 있는 분
- 근무지 출퇴근 및 직무 수행이 가능한 분","- KBS 한국어능력시험 보유자
- 한국실용글쓰기검정 보유자
- 원고 리딩, 발성, 생방송 큐시트, 진행 리허설 관련 프로젝트 또는 현장 수행 경험
- 업무용 문서·보고서 작성 및 이력 관리 경험
- 유관 부서·외부 협력사와의 일정 조율 경험","- 지원서 또는 제출서류를 허위로 기재한 경우
- 채용 과정에서 요구한 증빙서류를 제출하지 못한 경우
- 채용검진 결과 직무 수행이 어렵다고 판단되는 경우
- 해외여행 및 근무에 결격사유가 있는 경우
- 관련 법령 또는 내부 인사규정상 채용이 불가능한 경우",서류전형 > 직무과제 > 실무면접 > 처우협의
1958,아나운서 담당자 공개채용,130,196,20260724,20260804,11,신입·경력,계약직,충청남도,학력무관,"아나운서 포지션은 방송·행사의 원고 전달과 진행 품질을 담당 역할입니다. 담당 업무의 목표와 우선순위를 명확히 설정하고, 일정과 품질 기준을 함께 관리합니다.

원고 리딩, 발성, 생방송 큐시트, 진행 리허설를 중심으로 실무를 수행하며, 요구사항과 결과물을 문서화해 업무 흐름이 누락되지 않도록 합니다.

기획·운영·현장 담당자 및 외부 협력 파트너와 수시로 협업합니다. 변경 사항은 영향 범위를 검토한 뒤 대안을 제시하고 합의된 방식으로 반영합니다.

문제 발생 시 사실관계와 원인을 먼저 확인하고, 재발 방지 방안을 업무 절차에 반영합니다. 입사 후에는 담당 영역의 실행력을 높이고, 정확성·일정 준수·이용자 관점의 완성도를 중요한 기준으로 삼습니다.","- 원고 리딩, 발성, 생방송 큐시트, 진행 리허설 관련 업무 계획 수립 및 실행
- 담당 과제의 일정·진행 현황 관리
- 업무 산출물 작성 및 검토 이력 관리
- 유관 부서 및 외부 협력 대상과 실무 조율
- 현장·시스템·자료에서 발생한 이슈 분석 및 조치
- 운영 기준과 체크리스트 개선
- 결과 데이터 또는 피드백을 반영한 품질 개선","- 신입·경력 조건에 맞는 관련 실무 경험 또는 역량 보유
- 원고 리딩, 발성, 생방송 큐시트, 진행 리허설에 필요한 도구·절차를 이해하고 실무 적용이 가능한 분
- 업무 내용을 정확히 기록하고 일정에 맞춰 결과물을 제출할 수 있는 분
- 유관 부서와 원활하게 소통하며 협업할 수 있는 분
- 근무지 출퇴근 및 직무 수행이 가능한 분","- KBS 한국어능력시험 보유자
- 한국실용글쓰기검정 보유자
- 원고 리딩, 발성, 생방송 큐시트, 진행 리허설 관련 프로젝트 또는 현장 수행 경험
- 업무용 문서·보고서 작성 및 이력 관리 경험
- 유관 부서·외부 협력사와의 일정 조율 경험","- 지원서 또는 제출서류를 허위로 기재한 경우
- 채용 과정에서 요구한 증빙서류를 제출하지 못한 경우
- 채용검진 결과 직무 수행이 어렵다고 판단되는 경우
- 해외여행 및 근무에 결격사유가 있는 경우
- 관련 법령 또는 내부 인사규정상 채용이 불가능한 경우",서류전형 > 1차면접 > 2차면접 > 채용검진
1959,아나운서 정규직 모집,54,196,20260804,20260818,13,경력 2년 이상,정규직,경상남도,학사 이상,"아나운서 포지션은 방송·행사의 원고 전달과 진행 품질을 담당 역할입니다. 담당 업무의 목표와 우선순위를 명확히 설정하고, 일정과 품질 기준을 함께 관리합니다.

원고 리딩, 발성, 생방송 큐시트, 진행 리허설를 중심으로 실무를 수행하며, 요구사항과 결과물을 문서화해 업무 흐름이 누락되지 않도록 합니다.

기획·운영·현장 담당자 및 외부 협력 파트너와 수시로 협업합니다. 변경 사항은 영향 범위를 검토한 뒤 대안을 제시하고 합의된 방식으로 반영합니다.

문제 발생 시 사실관계와 원인을 먼저 확인하고, 재발 방지 방안을 업무 절차에 반영합니다. 입사 후에는 담당 영역의 실행력을 높이고, 정확성·일정 준수·이용자 관점의 완성도를 중요한 기준으로 삼습니다.","- 원고 리딩, 발성, 생방송 큐시트, 진행 리허설 관련 업무 계획 수립 및 실행
- 담당 과제의 일정·진행 현황 관리
- 업무 산출물 작성 및 검토 이력 관리
- 유관 부서 및 외부 협력 대상과 실무 조율
- 현장·시스템·자료에서 발생한 이슈 분석 및 조치
- 운영 기준과 체크리스트 개선
- 결과 데이터 또는 피드백을 반영한 품질 개선","- 경력 2년 이상 조건에 맞는 관련 실무 경험 또는 역량 보유
- 원고 리딩, 발성, 생방송 큐시트, 진행 리허설에 필요한 도구·절차를 이해하고 실무 적용이 가능한 분
- 업무 내용을 정확히 기록하고 일정에 맞춰 결과물을 제출할 수 있는 분
- 유관 부서와 원활하게 소통하며 협업할 수 있는 분
- 근무지 출퇴근 및 직무 수행이 가능한 분","- KBS 한국어능력시험 보유자
- 한국실용글쓰기검정 보유자
- 원고 리딩, 발성, 생방송 큐시트, 진행 리허설 관련 프로젝트 또는 현장 수행 경험
- 업무용 문서·보고서 작성 및 이력 관리 경험
- 유관 부서·외부 협력사와의 일정 조율 경험","- 지원서 또는 제출서류를 허위로 기재한 경우
- 채용 과정에서 요구한 증빙서류를 제출하지 못한 경우
- 채용검진 결과 직무 수행이 어렵다고 판단되는 경우
- 해외여행 및 근무에 결격사유가 있는 경우
- 관련 법령 또는 내부 인사규정상 채용이 불가능한 경우",서류전형 > 실무면접 > 최종면접
1960,아나운서 채용,59,196,20260909,20260926,15,경력,정규직,전북특별자치도,전문학사 이상,"아나운서 포지션은 방송·행사의 원고 전달과 진행 품질을 담당 역할입니다. 담당 업무의 목표와 우선순위를 명확히 설정하고, 일정과 품질 기준을 함께 관리합니다.

원고 리딩, 발성, 생방송 큐시트, 진행 리허설를 중심으로 실무를 수행하며, 요구사항과 결과물을 문서화해 업무 흐름이 누락되지 않도록 합니다.

기획·운영·현장 담당자 및 외부 협력 파트너와 수시로 협업합니다. 변경 사항은 영향 범위를 검토한 뒤 대안을 제시하고 합의된 방식으로 반영합니다.

문제 발생 시 사실관계와 원인을 먼저 확인하고, 재발 방지 방안을 업무 절차에 반영합니다. 입사 후에는 담당 영역의 실행력을 높이고, 정확성·일정 준수·이용자 관점의 완성도를 중요한 기준으로 삼습니다.","- 원고 리딩, 발성, 생방송 큐시트, 진행 리허설 관련 업무 계획 수립 및 실행
- 담당 과제의 일정·진행 현황 관리
- 업무 산출물 작성 및 검토 이력 관리
- 유관 부서 및 외부 협력 대상과 실무 조율
- 현장·시스템·자료에서 발생한 이슈 분석 및 조치
- 운영 기준과 체크리스트 개선
- 결과 데이터 또는 피드백을 반영한 품질 개선","- 경력 조건에 맞는 관련 실무 경험 또는 역량 보유
- 원고 리딩, 발성, 생방송 큐시트, 진행 리허설에 필요한 도구·절차를 이해하고 실무 적용이 가능한 분
- 업무 내용을 정확히 기록하고 일정에 맞춰 결과물을 제출할 수 있는 분
- 유관 부서와 원활하게 소통하며 협업할 수 있는 분
- 근무지 출퇴근 및 직무 수행이 가능한 분","- KBS 한국어능력시험 보유자
- 한국실용글쓰기검정 보유자
- 원고 리딩, 발성, 생방송 큐시트, 진행 리허설 관련 프로젝트 또는 현장 수행 경험
- 업무용 문서·보고서 작성 및 이력 관리 경험
- 유관 부서·외부 협력사와의 일정 조율 경험","- 지원서 또는 제출서류를 허위로 기재한 경우
- 채용 과정에서 요구한 증빙서류를 제출하지 못한 경우
- 채용검진 결과 직무 수행이 어렵다고 판단되는 경우
- 해외여행 및 근무에 결격사유가 있는 경우
- 관련 법령 또는 내부 인사규정상 채용이 불가능한 경우",서류전형 > 인성검사 > 실무면접 > 최종면접
1961,리포터·성우 담당자 모집,149,197,20261017,20261113,18,신입,정규직,서울특별시,학력무관,"리포터·성우 포지션은 현장 리포팅 또는 녹음 콘텐츠의 음성 표현 역할입니다. 담당 업무의 목표와 우선순위를 명확히 설정하고, 일정과 품질 기준을 함께 관리합니다.

대본 분석, 발성 녹음, 현장 인터뷰, 편집 피드백를 중심으로 실무를 수행하며, 요구사항과 결과물을 문서화해 업무 흐름이 누락되지 않도록 합니다.

기획·운영·현장 담당자 및 외부 협력 파트너와 수시로 협업합니다. 변경 사항은 영향 범위를 검토한 뒤 대안을 제시하고 합의된 방식으로 반영합니다.

문제 발생 시 사실관계와 원인을 먼저 확인하고, 재발 방지 방안을 업무 절차에 반영합니다. 입사 후에는 담당 영역의 실행력을 높이고, 정확성·일정 준수·이용자 관점의 완성도를 중요한 기준으로 삼습니다.","- 대본 분석, 발성 녹음, 현장 인터뷰, 편집 피드백 관련 업무 계획 수립 및 실행
- 담당 과제의 일정·진행 현황 관리
- 업무 산출물 작성 및 검토 이력 관리
- 유관 부서 및 외부 협력 대상과 실무 조율
- 현장·시스템·자료에서 발생한 이슈 분석 및 조치
- 운영 기준과 체크리스트 개선
- 결과 데이터 또는 피드백을 반영한 품질 개선","- 신입 조건에 맞는 관련 실무 경험 또는 역량 보유
- 대본 분석, 발성 녹음, 현장 인터뷰, 편집 피드백에 필요한 도구·절차를 이해하고 실무 적용이 가능한 분
- 업무 내용을 정확히 기록하고 일정에 맞춰 결과물을 제출할 수 있는 분
- 유관 부서와 원활하게 소통하며 협업할 수 있는 분
- 근무지 출퇴근 및 직무 수행이 가능한 분","- KBS 한국어능력시험 보유자
- 한국실용글쓰기검정 보유자
- 대본 분석, 발성 녹음, 현장 인터뷰, 편집 피드백 관련 프로젝트 또는 현장 수행 경험
- 업무용 문서·보고서 작성 및 이력 관리 경험
- 유관 부서·외부 협력사와의 일정 조율 경험","- 지원서 또는 제출서류를 허위로 기재한 경우
- 채용 과정에서 요구한 증빙서류를 제출하지 못한 경우
- 채용검진 결과 직무 수행이 어렵다고 판단되는 경우
- 해외여행 및 근무에 결격사유가 있는 경우
- 관련 법령 또는 내부 인사규정상 채용이 불가능한 경우",서류전형 > 실무면접 > 최종면접
1962,리포터·성우 실무자 채용,75,197,20260222,20260324,20,경력,계약직,경기도,전문학사 이상,"리포터·성우 포지션은 현장 리포팅 또는 녹음 콘텐츠의 음성 표현 역할입니다. 담당 업무의 목표와 우선순위를 명확히 설정하고, 일정과 품질 기준을 함께 관리합니다.

대본 분석, 발성 녹음, 현장 인터뷰, 편집 피드백를 중심으로 실무를 수행하며, 요구사항과 결과물을 문서화해 업무 흐름이 누락되지 않도록 합니다.

기획·운영·현장 담당자 및 외부 협력 파트너와 수시로 협업합니다. 변경 사항은 영향 범위를 검토한 뒤 대안을 제시하고 합의된 방식으로 반영합니다.

문제 발생 시 사실관계와 원인을 먼저 확인하고, 재발 방지 방안을 업무 절차에 반영합니다. 입사 후에는 담당 영역의 실행력을 높이고, 정확성·일정 준수·이용자 관점의 완성도를 중요한 기준으로 삼습니다.","- 대본 분석, 발성 녹음, 현장 인터뷰, 편집 피드백 관련 업무 계획 수립 및 실행
- 담당 과제의 일정·진행 현황 관리
- 업무 산출물 작성 및 검토 이력 관리
- 유관 부서 및 외부 협력 대상과 실무 조율
- 현장·시스템·자료에서 발생한 이슈 분석 및 조치
- 운영 기준과 체크리스트 개선
- 결과 데이터 또는 피드백을 반영한 품질 개선","- 경력 조건에 맞는 관련 실무 경험 또는 역량 보유
- 대본 분석, 발성 녹음, 현장 인터뷰, 편집 피드백에 필요한 도구·절차를 이해하고 실무 적용이 가능한 분
- 업무 내용을 정확히 기록하고 일정에 맞춰 결과물을 제출할 수 있는 분
- 유관 부서와 원활하게 소통하며 협업할 수 있는 분
- 근무지 출퇴근 및 직무 수행이 가능한 분","- KBS 한국어능력시험 보유자
- 한국실용글쓰기검정 보유자
- 대본 분석, 발성 녹음, 현장 인터뷰, 편집 피드백 관련 프로젝트 또는 현장 수행 경험
- 업무용 문서·보고서 작성 및 이력 관리 경험
- 유관 부서·외부 협력사와의 일정 조율 경험","- 지원서 또는 제출서류를 허위로 기재한 경우
- 채용 과정에서 요구한 증빙서류를 제출하지 못한 경우
- 채용검진 결과 직무 수행이 어렵다고 판단되는 경우
- 해외여행 및 근무에 결격사유가 있는 경우
- 관련 법령 또는 내부 인사규정상 채용이 불가능한 경우",서류전형 > 인성검사 > 실무면접 > 최종면접
1963,리포터·성우 전문인력 채용,99,197,20260302,20260404,2,신입·경력,정규직,인천광역시,학사 이상,"리포터·성우 포지션은 현장 리포팅 또는 녹음 콘텐츠의 음성 표현 역할입니다. 담당 업무의 목표와 우선순위를 명확히 설정하고, 일정과 품질 기준을 함께 관리합니다.

대본 분석, 발성 녹음, 현장 인터뷰, 편집 피드백를 중심으로 실무를 수행하며, 요구사항과 결과물을 문서화해 업무 흐름이 누락되지 않도록 합니다.

기획·운영·현장 담당자 및 외부 협력 파트너와 수시로 협업합니다. 변경 사항은 영향 범위를 검토한 뒤 대안을 제시하고 합의된 방식으로 반영합니다.

문제 발생 시 사실관계와 원인을 먼저 확인하고, 재발 방지 방안을 업무 절차에 반영합니다. 입사 후에는 담당 영역의 실행력을 높이고, 정확성·일정 준수·이용자 관점의 완성도를 중요한 기준으로 삼습니다.","- 대본 분석, 발성 녹음, 현장 인터뷰, 편집 피드백 관련 업무 계획 수립 및 실행
- 담당 과제의 일정·진행 현황 관리
- 업무 산출물 작성 및 검토 이력 관리
- 유관 부서 및 외부 협력 대상과 실무 조율
- 현장·시스템·자료에서 발생한 이슈 분석 및 조치
- 운영 기준과 체크리스트 개선
- 결과 데이터 또는 피드백을 반영한 품질 개선","- 신입·경력 조건에 맞는 관련 실무 경험 또는 역량 보유
- 대본 분석, 발성 녹음, 현장 인터뷰, 편집 피드백에 필요한 도구·절차를 이해하고 실무 적용이 가능한 분
- 업무 내용을 정확히 기록하고 일정에 맞춰 결과물을 제출할 수 있는 분
- 유관 부서와 원활하게 소통하며 협업할 수 있는 분
- 근무지 출퇴근 및 직무 수행이 가능한 분","- KBS 한국어능력시험 보유자
- 한국실용글쓰기검정 보유자
- 대본 분석, 발성 녹음, 현장 인터뷰, 편집 피드백 관련 프로젝트 또는 현장 수행 경험
- 업무용 문서·보고서 작성 및 이력 관리 경험
- 유관 부서·외부 협력사와의 일정 조율 경험","- 지원서 또는 제출서류를 허위로 기재한 경우
- 채용 과정에서 요구한 증빙서류를 제출하지 못한 경우
- 채용검진 결과 직무 수행이 어렵다고 판단되는 경우
- 해외여행 및 근무에 결격사유가 있는 경우
- 관련 법령 또는 내부 인사규정상 채용이 불가능한 경우",서류전형 > 직무과제 > 실무면접 > 처우협의
1964,리포터·성우 운영 담당 채용,53,197,20260407,20260513,4,경력 2년 이상,정규직,대전광역시,학사 이상,"리포터·성우 포지션은 현장 리포팅 또는 녹음 콘텐츠의 음성 표현 역할입니다. 담당 업무의 목표와 우선순위를 명확히 설정하고, 일정과 품질 기준을 함께 관리합니다.

대본 분석, 발성 녹음, 현장 인터뷰, 편집 피드백를 중심으로 실무를 수행하며, 요구사항과 결과물을 문서화해 업무 흐름이 누락되지 않도록 합니다.

기획·운영·현장 담당자 및 외부 협력 파트너와 수시로 협업합니다. 변경 사항은 영향 범위를 검토한 뒤 대안을 제시하고 합의된 방식으로 반영합니다.

문제 발생 시 사실관계와 원인을 먼저 확인하고, 재발 방지 방안을 업무 절차에 반영합니다. 입사 후에는 담당 영역의 실행력을 높이고, 정확성·일정 준수·이용자 관점의 완성도를 중요한 기준으로 삼습니다.","- 대본 분석, 발성 녹음, 현장 인터뷰, 편집 피드백 관련 업무 계획 수립 및 실행
- 담당 과제의 일정·진행 현황 관리
- 업무 산출물 작성 및 검토 이력 관리
- 유관 부서 및 외부 협력 대상과 실무 조율
- 현장·시스템·자료에서 발생한 이슈 분석 및 조치
- 운영 기준과 체크리스트 개선
- 결과 데이터 또는 피드백을 반영한 품질 개선","- 경력 2년 이상 조건에 맞는 관련 실무 경험 또는 역량 보유
- 대본 분석, 발성 녹음, 현장 인터뷰, 편집 피드백에 필요한 도구·절차를 이해하고 실무 적용이 가능한 분
- 업무 내용을 정확히 기록하고 일정에 맞춰 결과물을 제출할 수 있는 분
- 유관 부서와 원활하게 소통하며 협업할 수 있는 분
- 근무지 출퇴근 및 직무 수행이 가능한 분","- KBS 한국어능력시험 보유자
- 한국실용글쓰기검정 보유자
- 대본 분석, 발성 녹음, 현장 인터뷰, 편집 피드백 관련 프로젝트 또는 현장 수행 경험
- 업무용 문서·보고서 작성 및 이력 관리 경험
- 유관 부서·외부 협력사와의 일정 조율 경험","- 지원서 또는 제출서류를 허위로 기재한 경우
- 채용 과정에서 요구한 증빙서류를 제출하지 못한 경우
- 채용검진 결과 직무 수행이 어렵다고 판단되는 경우
- 해외여행 및 근무에 결격사유가 있는 경우
- 관련 법령 또는 내부 인사규정상 채용이 불가능한 경우",서류전형 > 1차면접 > 2차면접 > 채용검진
1965,리포터·성우 프로젝트 인재 모집,106,197,20260512,20260620,6,경력 3년 이상,무기계약직,부산광역시,학력무관,"리포터·성우 포지션은 현장 리포팅 또는 녹음 콘텐츠의 음성 표현 역할입니다. 담당 업무의 목표와 우선순위를 명확히 설정하고, 일정과 품질 기준을 함께 관리합니다.

대본 분석, 발성 녹음, 현장 인터뷰, 편집 피드백를 중심으로 실무를 수행하며, 요구사항과 결과물을 문서화해 업무 흐름이 누락되지 않도록 합니다.

기획·운영·현장 담당자 및 외부 협력 파트너와 수시로 협업합니다. 변경 사항은 영향 범위를 검토한 뒤 대안을 제시하고 합의된 방식으로 반영합니다.

문제 발생 시 사실관계와 원인을 먼저 확인하고, 재발 방지 방안을 업무 절차에 반영합니다. 입사 후에는 담당 영역의 실행력을 높이고, 정확성·일정 준수·이용자 관점의 완성도를 중요한 기준으로 삼습니다.","- 대본 분석, 발성 녹음, 현장 인터뷰, 편집 피드백 관련 업무 계획 수립 및 실행
- 담당 과제의 일정·진행 현황 관리
- 업무 산출물 작성 및 검토 이력 관리
- 유관 부서 및 외부 협력 대상과 실무 조율
- 현장·시스템·자료에서 발생한 이슈 분석 및 조치
- 운영 기준과 체크리스트 개선
- 결과 데이터 또는 피드백을 반영한 품질 개선","- 경력 3년 이상 조건에 맞는 관련 실무 경험 또는 역량 보유
- 대본 분석, 발성 녹음, 현장 인터뷰, 편집 피드백에 필요한 도구·절차를 이해하고 실무 적용이 가능한 분
- 업무 내용을 정확히 기록하고 일정에 맞춰 결과물을 제출할 수 있는 분
- 유관 부서와 원활하게 소통하며 협업할 수 있는 분
- 근무지 출퇴근 및 직무 수행이 가능한 분","- KBS 한국어능력시험 보유자
- 한국실용글쓰기검정 보유자
- 대본 분석, 발성 녹음, 현장 인터뷰, 편집 피드백 관련 프로젝트 또는 현장 수행 경험
- 업무용 문서·보고서 작성 및 이력 관리 경험
- 유관 부서·외부 협력사와의 일정 조율 경험","- 지원서 또는 제출서류를 허위로 기재한 경우
- 채용 과정에서 요구한 증빙서류를 제출하지 못한 경우
- 채용검진 결과 직무 수행이 어렵다고 판단되는 경우
- 해외여행 및 근무에 결격사유가 있는 경우
- 관련 법령 또는 내부 인사규정상 채용이 불가능한 경우",서류전형 > 실무면접 > 최종면접
1966,리포터·성우 전담 인력 채용,107,197,20260617,20260729,8,경력 무관,기간제,광주광역시,전문학사 이상,"리포터·성우 포지션은 현장 리포팅 또는 녹음 콘텐츠의 음성 표현 역할입니다. 담당 업무의 목표와 우선순위를 명확히 설정하고, 일정과 품질 기준을 함께 관리합니다.

대본 분석, 발성 녹음, 현장 인터뷰, 편집 피드백를 중심으로 실무를 수행하며, 요구사항과 결과물을 문서화해 업무 흐름이 누락되지 않도록 합니다.

기획·운영·현장 담당자 및 외부 협력 파트너와 수시로 협업합니다. 변경 사항은 영향 범위를 검토한 뒤 대안을 제시하고 합의된 방식으로 반영합니다.

문제 발생 시 사실관계와 원인을 먼저 확인하고, 재발 방지 방안을 업무 절차에 반영합니다. 입사 후에는 담당 영역의 실행력을 높이고, 정확성·일정 준수·이용자 관점의 완성도를 중요한 기준으로 삼습니다.","- 대본 분석, 발성 녹음, 현장 인터뷰, 편집 피드백 관련 업무 계획 수립 및 실행
- 담당 과제의 일정·진행 현황 관리
- 업무 산출물 작성 및 검토 이력 관리
- 유관 부서 및 외부 협력 대상과 실무 조율
- 현장·시스템·자료에서 발생한 이슈 분석 및 조치
- 운영 기준과 체크리스트 개선
- 결과 데이터 또는 피드백을 반영한 품질 개선","- 경력 무관 조건에 맞는 관련 실무 경험 또는 역량 보유
- 대본 분석, 발성 녹음, 현장 인터뷰, 편집 피드백에 필요한 도구·절차를 이해하고 실무 적용이 가능한 분
- 업무 내용을 정확히 기록하고 일정에 맞춰 결과물을 제출할 수 있는 분
- 유관 부서와 원활하게 소통하며 협업할 수 있는 분
- 근무지 출퇴근 및 직무 수행이 가능한 분","- KBS 한국어능력시험 보유자
- 한국실용글쓰기검정 보유자
- 대본 분석, 발성 녹음, 현장 인터뷰, 편집 피드백 관련 프로젝트 또는 현장 수행 경험
- 업무용 문서·보고서 작성 및 이력 관리 경험
- 유관 부서·외부 협력사와의 일정 조율 경험","- 지원서 또는 제출서류를 허위로 기재한 경우
- 채용 과정에서 요구한 증빙서류를 제출하지 못한 경우
- 채용검진 결과 직무 수행이 어렵다고 판단되는 경우
- 해외여행 및 근무에 결격사유가 있는 경우
- 관련 법령 또는 내부 인사규정상 채용이 불가능한 경우",서류전형 > 인성검사 > 실무면접 > 최종면접
1967,리포터·성우 실무 인재 모집,127,197,20260722,20260905,10,경력 5년 이상,정규직,세종특별자치시,학사 이상,"리포터·성우 포지션은 현장 리포팅 또는 녹음 콘텐츠의 음성 표현 역할입니다. 담당 업무의 목표와 우선순위를 명확히 설정하고, 일정과 품질 기준을 함께 관리합니다.

대본 분석, 발성 녹음, 현장 인터뷰, 편집 피드백를 중심으로 실무를 수행하며, 요구사항과 결과물을 문서화해 업무 흐름이 누락되지 않도록 합니다.

기획·운영·현장 담당자 및 외부 협력 파트너와 수시로 협업합니다. 변경 사항은 영향 범위를 검토한 뒤 대안을 제시하고 합의된 방식으로 반영합니다.

문제 발생 시 사실관계와 원인을 먼저 확인하고, 재발 방지 방안을 업무 절차에 반영합니다. 입사 후에는 담당 영역의 실행력을 높이고, 정확성·일정 준수·이용자 관점의 완성도를 중요한 기준으로 삼습니다.","- 대본 분석, 발성 녹음, 현장 인터뷰, 편집 피드백 관련 업무 계획 수립 및 실행
- 담당 과제의 일정·진행 현황 관리
- 업무 산출물 작성 및 검토 이력 관리
- 유관 부서 및 외부 협력 대상과 실무 조율
- 현장·시스템·자료에서 발생한 이슈 분석 및 조치
- 운영 기준과 체크리스트 개선
- 결과 데이터 또는 피드백을 반영한 품질 개선","- 경력 5년 이상 조건에 맞는 관련 실무 경험 또는 역량 보유
- 대본 분석, 발성 녹음, 현장 인터뷰, 편집 피드백에 필요한 도구·절차를 이해하고 실무 적용이 가능한 분
- 업무 내용을 정확히 기록하고 일정에 맞춰 결과물을 제출할 수 있는 분
- 유관 부서와 원활하게 소통하며 협업할 수 있는 분
- 근무지 출퇴근 및 직무 수행이 가능한 분","- KBS 한국어능력시험 보유자
- 한국실용글쓰기검정 보유자
- 대본 분석, 발성 녹음, 현장 인터뷰, 편집 피드백 관련 프로젝트 또는 현장 수행 경험
- 업무용 문서·보고서 작성 및 이력 관리 경험
- 유관 부서·외부 협력사와의 일정 조율 경험","- 지원서 또는 제출서류를 허위로 기재한 경우
- 채용 과정에서 요구한 증빙서류를 제출하지 못한 경우
- 채용검진 결과 직무 수행이 어렵다고 판단되는 경우
- 해외여행 및 근무에 결격사유가 있는 경우
- 관련 법령 또는 내부 인사규정상 채용이 불가능한 경우",서류전형 > 직무과제 > 실무면접 > 처우협의
1968,리포터·성우 담당자 공개채용,158,197,20260802,20260814,12,신입·경력,계약직,충청남도,학력무관,"리포터·성우 포지션은 현장 리포팅 또는 녹음 콘텐츠의 음성 표현 역할입니다. 담당 업무의 목표와 우선순위를 명확히 설정하고, 일정과 품질 기준을 함께 관리합니다.

대본 분석, 발성 녹음, 현장 인터뷰, 편집 피드백를 중심으로 실무를 수행하며, 요구사항과 결과물을 문서화해 업무 흐름이 누락되지 않도록 합니다.

기획·운영·현장 담당자 및 외부 협력 파트너와 수시로 협업합니다. 변경 사항은 영향 범위를 검토한 뒤 대안을 제시하고 합의된 방식으로 반영합니다.

문제 발생 시 사실관계와 원인을 먼저 확인하고, 재발 방지 방안을 업무 절차에 반영합니다. 입사 후에는 담당 영역의 실행력을 높이고, 정확성·일정 준수·이용자 관점의 완성도를 중요한 기준으로 삼습니다.","- 대본 분석, 발성 녹음, 현장 인터뷰, 편집 피드백 관련 업무 계획 수립 및 실행
- 담당 과제의 일정·진행 현황 관리
- 업무 산출물 작성 및 검토 이력 관리
- 유관 부서 및 외부 협력 대상과 실무 조율
- 현장·시스템·자료에서 발생한 이슈 분석 및 조치
- 운영 기준과 체크리스트 개선
- 결과 데이터 또는 피드백을 반영한 품질 개선","- 신입·경력 조건에 맞는 관련 실무 경험 또는 역량 보유
- 대본 분석, 발성 녹음, 현장 인터뷰, 편집 피드백에 필요한 도구·절차를 이해하고 실무 적용이 가능한 분
- 업무 내용을 정확히 기록하고 일정에 맞춰 결과물을 제출할 수 있는 분
- 유관 부서와 원활하게 소통하며 협업할 수 있는 분
- 근무지 출퇴근 및 직무 수행이 가능한 분","- KBS 한국어능력시험 보유자
- 한국실용글쓰기검정 보유자
- 대본 분석, 발성 녹음, 현장 인터뷰, 편집 피드백 관련 프로젝트 또는 현장 수행 경험
- 업무용 문서·보고서 작성 및 이력 관리 경험
- 유관 부서·외부 협력사와의 일정 조율 경험","- 지원서 또는 제출서류를 허위로 기재한 경우
- 채용 과정에서 요구한 증빙서류를 제출하지 못한 경우
- 채용검진 결과 직무 수행이 어렵다고 판단되는 경우
- 해외여행 및 근무에 결격사유가 있는 경우
- 관련 법령 또는 내부 인사규정상 채용이 불가능한 경우",서류전형 > 1차면접 > 2차면접 > 채용검진
1969,리포터·성우 정규직 모집,36,197,20260907,20260922,14,경력 2년 이상,정규직,경상남도,학사 이상,"리포터·성우 포지션은 현장 리포팅 또는 녹음 콘텐츠의 음성 표현 역할입니다. 담당 업무의 목표와 우선순위를 명확히 설정하고, 일정과 품질 기준을 함께 관리합니다.

대본 분석, 발성 녹음, 현장 인터뷰, 편집 피드백를 중심으로 실무를 수행하며, 요구사항과 결과물을 문서화해 업무 흐름이 누락되지 않도록 합니다.

기획·운영·현장 담당자 및 외부 협력 파트너와 수시로 협업합니다. 변경 사항은 영향 범위를 검토한 뒤 대안을 제시하고 합의된 방식으로 반영합니다.

문제 발생 시 사실관계와 원인을 먼저 확인하고, 재발 방지 방안을 업무 절차에 반영합니다. 입사 후에는 담당 영역의 실행력을 높이고, 정확성·일정 준수·이용자 관점의 완성도를 중요한 기준으로 삼습니다.","- 대본 분석, 발성 녹음, 현장 인터뷰, 편집 피드백 관련 업무 계획 수립 및 실행
- 담당 과제의 일정·진행 현황 관리
- 업무 산출물 작성 및 검토 이력 관리
- 유관 부서 및 외부 협력 대상과 실무 조율
- 현장·시스템·자료에서 발생한 이슈 분석 및 조치
- 운영 기준과 체크리스트 개선
- 결과 데이터 또는 피드백을 반영한 품질 개선","- 경력 2년 이상 조건에 맞는 관련 실무 경험 또는 역량 보유
- 대본 분석, 발성 녹음, 현장 인터뷰, 편집 피드백에 필요한 도구·절차를 이해하고 실무 적용이 가능한 분
- 업무 내용을 정확히 기록하고 일정에 맞춰 결과물을 제출할 수 있는 분
- 유관 부서와 원활하게 소통하며 협업할 수 있는 분
- 근무지 출퇴근 및 직무 수행이 가능한 분","- KBS 한국어능력시험 보유자
- 한국실용글쓰기검정 보유자
- 대본 분석, 발성 녹음, 현장 인터뷰, 편집 피드백 관련 프로젝트 또는 현장 수행 경험
- 업무용 문서·보고서 작성 및 이력 관리 경험
- 유관 부서·외부 협력사와의 일정 조율 경험","- 지원서 또는 제출서류를 허위로 기재한 경우
- 채용 과정에서 요구한 증빙서류를 제출하지 못한 경우
- 채용검진 결과 직무 수행이 어렵다고 판단되는 경우
- 해외여행 및 근무에 결격사유가 있는 경우
- 관련 법령 또는 내부 인사규정상 채용이 불가능한 경우",서류전형 > 실무면접 > 최종면접
1970,리포터·성우 채용,28,197,20261012,20261030,16,경력,정규직,전북특별자치도,전문학사 이상,"리포터·성우 포지션은 현장 리포팅 또는 녹음 콘텐츠의 음성 표현 역할입니다. 담당 업무의 목표와 우선순위를 명확히 설정하고, 일정과 품질 기준을 함께 관리합니다.

대본 분석, 발성 녹음, 현장 인터뷰, 편집 피드백를 중심으로 실무를 수행하며, 요구사항과 결과물을 문서화해 업무 흐름이 누락되지 않도록 합니다.

기획·운영·현장 담당자 및 외부 협력 파트너와 수시로 협업합니다. 변경 사항은 영향 범위를 검토한 뒤 대안을 제시하고 합의된 방식으로 반영합니다.

문제 발생 시 사실관계와 원인을 먼저 확인하고, 재발 방지 방안을 업무 절차에 반영합니다. 입사 후에는 담당 영역의 실행력을 높이고, 정확성·일정 준수·이용자 관점의 완성도를 중요한 기준으로 삼습니다.","- 대본 분석, 발성 녹음, 현장 인터뷰, 편집 피드백 관련 업무 계획 수립 및 실행
- 담당 과제의 일정·진행 현황 관리
- 업무 산출물 작성 및 검토 이력 관리
- 유관 부서 및 외부 협력 대상과 실무 조율
- 현장·시스템·자료에서 발생한 이슈 분석 및 조치
- 운영 기준과 체크리스트 개선
- 결과 데이터 또는 피드백을 반영한 품질 개선","- 경력 조건에 맞는 관련 실무 경험 또는 역량 보유
- 대본 분석, 발성 녹음, 현장 인터뷰, 편집 피드백에 필요한 도구·절차를 이해하고 실무 적용이 가능한 분
- 업무 내용을 정확히 기록하고 일정에 맞춰 결과물을 제출할 수 있는 분
- 유관 부서와 원활하게 소통하며 협업할 수 있는 분
- 근무지 출퇴근 및 직무 수행이 가능한 분","- KBS 한국어능력시험 보유자
- 한국실용글쓰기검정 보유자
- 대본 분석, 발성 녹음, 현장 인터뷰, 편집 피드백 관련 프로젝트 또는 현장 수행 경험
- 업무용 문서·보고서 작성 및 이력 관리 경험
- 유관 부서·외부 협력사와의 일정 조율 경험","- 지원서 또는 제출서류를 허위로 기재한 경우
- 채용 과정에서 요구한 증빙서류를 제출하지 못한 경우
- 채용검진 결과 직무 수행이 어렵다고 판단되는 경우
- 해외여행 및 근무에 결격사유가 있는 경우
- 관련 법령 또는 내부 인사규정상 채용이 불가능한 경우",서류전형 > 인성검사 > 실무면접 > 최종면접
1971,MC·쇼호스트 담당자 모집,145,198,20260220,20260320,19,신입,정규직,서울특별시,학력무관,"MC·쇼호스트 포지션은 라이브·행사 진행과 상품·콘텐츠 전달 역할입니다. 담당 업무의 목표와 우선순위를 명확히 설정하고, 일정과 품질 기준을 함께 관리합니다.

큐시트, 제품 정보, 라이브 리허설, 시청자 응대를 중심으로 실무를 수행하며, 요구사항과 결과물을 문서화해 업무 흐름이 누락되지 않도록 합니다.

기획·운영·현장 담당자 및 외부 협력 파트너와 수시로 협업합니다. 변경 사항은 영향 범위를 검토한 뒤 대안을 제시하고 합의된 방식으로 반영합니다.

문제 발생 시 사실관계와 원인을 먼저 확인하고, 재발 방지 방안을 업무 절차에 반영합니다. 입사 후에는 담당 영역의 실행력을 높이고, 정확성·일정 준수·이용자 관점의 완성도를 중요한 기준으로 삼습니다.","- 큐시트, 제품 정보, 라이브 리허설, 시청자 응대 관련 업무 계획 수립 및 실행
- 담당 과제의 일정·진행 현황 관리
- 업무 산출물 작성 및 검토 이력 관리
- 유관 부서 및 외부 협력 대상과 실무 조율
- 현장·시스템·자료에서 발생한 이슈 분석 및 조치
- 운영 기준과 체크리스트 개선
- 결과 데이터 또는 피드백을 반영한 품질 개선","- 신입 조건에 맞는 관련 실무 경험 또는 역량 보유
- 큐시트, 제품 정보, 라이브 리허설, 시청자 응대에 필요한 도구·절차를 이해하고 실무 적용이 가능한 분
- 업무 내용을 정확히 기록하고 일정에 맞춰 결과물을 제출할 수 있는 분
- 유관 부서와 원활하게 소통하며 협업할 수 있는 분
- 근무지 출퇴근 및 직무 수행이 가능한 분","- KBS 한국어능력시험 보유자
- 한국실용글쓰기검정 보유자
- 큐시트, 제품 정보, 라이브 리허설, 시청자 응대 관련 프로젝트 또는 현장 수행 경험
- 업무용 문서·보고서 작성 및 이력 관리 경험
- 유관 부서·외부 협력사와의 일정 조율 경험","- 지원서 또는 제출서류를 허위로 기재한 경우
- 채용 과정에서 요구한 증빙서류를 제출하지 못한 경우
- 채용검진 결과 직무 수행이 어렵다고 판단되는 경우
- 해외여행 및 근무에 결격사유가 있는 경우
- 관련 법령 또는 내부 인사규정상 채용이 불가능한 경우",서류전형 > 실무면접 > 최종면접
1972,MC·쇼호스트 실무자 채용,138,198,20260325,20260425,1,경력,계약직,경기도,전문학사 이상,"MC·쇼호스트 포지션은 라이브·행사 진행과 상품·콘텐츠 전달 역할입니다. 담당 업무의 목표와 우선순위를 명확히 설정하고, 일정과 품질 기준을 함께 관리합니다.

큐시트, 제품 정보, 라이브 리허설, 시청자 응대를 중심으로 실무를 수행하며, 요구사항과 결과물을 문서화해 업무 흐름이 누락되지 않도록 합니다.

기획·운영·현장 담당자 및 외부 협력 파트너와 수시로 협업합니다. 변경 사항은 영향 범위를 검토한 뒤 대안을 제시하고 합의된 방식으로 반영합니다.

문제 발생 시 사실관계와 원인을 먼저 확인하고, 재발 방지 방안을 업무 절차에 반영합니다. 입사 후에는 담당 영역의 실행력을 높이고, 정확성·일정 준수·이용자 관점의 완성도를 중요한 기준으로 삼습니다.","- 큐시트, 제품 정보, 라이브 리허설, 시청자 응대 관련 업무 계획 수립 및 실행
- 담당 과제의 일정·진행 현황 관리
- 업무 산출물 작성 및 검토 이력 관리
- 유관 부서 및 외부 협력 대상과 실무 조율
- 현장·시스템·자료에서 발생한 이슈 분석 및 조치
- 운영 기준과 체크리스트 개선
- 결과 데이터 또는 피드백을 반영한 품질 개선","- 경력 조건에 맞는 관련 실무 경험 또는 역량 보유
- 큐시트, 제품 정보, 라이브 리허설, 시청자 응대에 필요한 도구·절차를 이해하고 실무 적용이 가능한 분
- 업무 내용을 정확히 기록하고 일정에 맞춰 결과물을 제출할 수 있는 분
- 유관 부서와 원활하게 소통하며 협업할 수 있는 분
- 근무지 출퇴근 및 직무 수행이 가능한 분","- KBS 한국어능력시험 보유자
- 한국실용글쓰기검정 보유자
- 큐시트, 제품 정보, 라이브 리허설, 시청자 응대 관련 프로젝트 또는 현장 수행 경험
- 업무용 문서·보고서 작성 및 이력 관리 경험
- 유관 부서·외부 협력사와의 일정 조율 경험","- 지원서 또는 제출서류를 허위로 기재한 경우
- 채용 과정에서 요구한 증빙서류를 제출하지 못한 경우
- 채용검진 결과 직무 수행이 어렵다고 판단되는 경우
- 해외여행 및 근무에 결격사유가 있는 경우
- 관련 법령 또는 내부 인사규정상 채용이 불가능한 경우",서류전형 > 인성검사 > 실무면접 > 최종면접
1973,MC·쇼호스트 전문인력 채용,139,198,20260405,20260509,3,신입·경력,정규직,인천광역시,학사 이상,"MC·쇼호스트 포지션은 라이브·행사 진행과 상품·콘텐츠 전달 역할입니다. 담당 업무의 목표와 우선순위를 명확히 설정하고, 일정과 품질 기준을 함께 관리합니다.

큐시트, 제품 정보, 라이브 리허설, 시청자 응대를 중심으로 실무를 수행하며, 요구사항과 결과물을 문서화해 업무 흐름이 누락되지 않도록 합니다.

기획·운영·현장 담당자 및 외부 협력 파트너와 수시로 협업합니다. 변경 사항은 영향 범위를 검토한 뒤 대안을 제시하고 합의된 방식으로 반영합니다.

문제 발생 시 사실관계와 원인을 먼저 확인하고, 재발 방지 방안을 업무 절차에 반영합니다. 입사 후에는 담당 영역의 실행력을 높이고, 정확성·일정 준수·이용자 관점의 완성도를 중요한 기준으로 삼습니다.","- 큐시트, 제품 정보, 라이브 리허설, 시청자 응대 관련 업무 계획 수립 및 실행
- 담당 과제의 일정·진행 현황 관리
- 업무 산출물 작성 및 검토 이력 관리
- 유관 부서 및 외부 협력 대상과 실무 조율
- 현장·시스템·자료에서 발생한 이슈 분석 및 조치
- 운영 기준과 체크리스트 개선
- 결과 데이터 또는 피드백을 반영한 품질 개선","- 신입·경력 조건에 맞는 관련 실무 경험 또는 역량 보유
- 큐시트, 제품 정보, 라이브 리허설, 시청자 응대에 필요한 도구·절차를 이해하고 실무 적용이 가능한 분
- 업무 내용을 정확히 기록하고 일정에 맞춰 결과물을 제출할 수 있는 분
- 유관 부서와 원활하게 소통하며 협업할 수 있는 분
- 근무지 출퇴근 및 직무 수행이 가능한 분","- KBS 한국어능력시험 보유자
- 한국실용글쓰기검정 보유자
- 큐시트, 제품 정보, 라이브 리허설, 시청자 응대 관련 프로젝트 또는 현장 수행 경험
- 업무용 문서·보고서 작성 및 이력 관리 경험
- 유관 부서·외부 협력사와의 일정 조율 경험","- 지원서 또는 제출서류를 허위로 기재한 경우
- 채용 과정에서 요구한 증빙서류를 제출하지 못한 경우
- 채용검진 결과 직무 수행이 어렵다고 판단되는 경우
- 해외여행 및 근무에 결격사유가 있는 경우
- 관련 법령 또는 내부 인사규정상 채용이 불가능한 경우",서류전형 > 직무과제 > 실무면접 > 처우협의
1974,MC·쇼호스트 운영 담당 채용,65,198,20260510,20260616,5,경력 2년 이상,정규직,대전광역시,학사 이상,"MC·쇼호스트 포지션은 라이브·행사 진행과 상품·콘텐츠 전달 역할입니다. 담당 업무의 목표와 우선순위를 명확히 설정하고, 일정과 품질 기준을 함께 관리합니다.

큐시트, 제품 정보, 라이브 리허설, 시청자 응대를 중심으로 실무를 수행하며, 요구사항과 결과물을 문서화해 업무 흐름이 누락되지 않도록 합니다.

기획·운영·현장 담당자 및 외부 협력 파트너와 수시로 협업합니다. 변경 사항은 영향 범위를 검토한 뒤 대안을 제시하고 합의된 방식으로 반영합니다.

문제 발생 시 사실관계와 원인을 먼저 확인하고, 재발 방지 방안을 업무 절차에 반영합니다. 입사 후에는 담당 영역의 실행력을 높이고, 정확성·일정 준수·이용자 관점의 완성도를 중요한 기준으로 삼습니다.","- 큐시트, 제품 정보, 라이브 리허설, 시청자 응대 관련 업무 계획 수립 및 실행
- 담당 과제의 일정·진행 현황 관리
- 업무 산출물 작성 및 검토 이력 관리
- 유관 부서 및 외부 협력 대상과 실무 조율
- 현장·시스템·자료에서 발생한 이슈 분석 및 조치
- 운영 기준과 체크리스트 개선
- 결과 데이터 또는 피드백을 반영한 품질 개선","- 경력 2년 이상 조건에 맞는 관련 실무 경험 또는 역량 보유
- 큐시트, 제품 정보, 라이브 리허설, 시청자 응대에 필요한 도구·절차를 이해하고 실무 적용이 가능한 분
- 업무 내용을 정확히 기록하고 일정에 맞춰 결과물을 제출할 수 있는 분
- 유관 부서와 원활하게 소통하며 협업할 수 있는 분
- 근무지 출퇴근 및 직무 수행이 가능한 분","- KBS 한국어능력시험 보유자
- 한국실용글쓰기검정 보유자
- 큐시트, 제품 정보, 라이브 리허설, 시청자 응대 관련 프로젝트 또는 현장 수행 경험
- 업무용 문서·보고서 작성 및 이력 관리 경험
- 유관 부서·외부 협력사와의 일정 조율 경험","- 지원서 또는 제출서류를 허위로 기재한 경우
- 채용 과정에서 요구한 증빙서류를 제출하지 못한 경우
- 채용검진 결과 직무 수행이 어렵다고 판단되는 경우
- 해외여행 및 근무에 결격사유가 있는 경우
- 관련 법령 또는 내부 인사규정상 채용이 불가능한 경우",서류전형 > 1차면접 > 2차면접 > 채용검진
1975,MC·쇼호스트 프로젝트 인재 모집,74,198,20260615,20260725,7,경력 3년 이상,무기계약직,부산광역시,학력무관,"MC·쇼호스트 포지션은 라이브·행사 진행과 상품·콘텐츠 전달 역할입니다. 담당 업무의 목표와 우선순위를 명확히 설정하고, 일정과 품질 기준을 함께 관리합니다.

큐시트, 제품 정보, 라이브 리허설, 시청자 응대를 중심으로 실무를 수행하며, 요구사항과 결과물을 문서화해 업무 흐름이 누락되지 않도록 합니다.

기획·운영·현장 담당자 및 외부 협력 파트너와 수시로 협업합니다. 변경 사항은 영향 범위를 검토한 뒤 대안을 제시하고 합의된 방식으로 반영합니다.

문제 발생 시 사실관계와 원인을 먼저 확인하고, 재발 방지 방안을 업무 절차에 반영합니다. 입사 후에는 담당 영역의 실행력을 높이고, 정확성·일정 준수·이용자 관점의 완성도를 중요한 기준으로 삼습니다.","- 큐시트, 제품 정보, 라이브 리허설, 시청자 응대 관련 업무 계획 수립 및 실행
- 담당 과제의 일정·진행 현황 관리
- 업무 산출물 작성 및 검토 이력 관리
- 유관 부서 및 외부 협력 대상과 실무 조율
- 현장·시스템·자료에서 발생한 이슈 분석 및 조치
- 운영 기준과 체크리스트 개선
- 결과 데이터 또는 피드백을 반영한 품질 개선","- 경력 3년 이상 조건에 맞는 관련 실무 경험 또는 역량 보유
- 큐시트, 제품 정보, 라이브 리허설, 시청자 응대에 필요한 도구·절차를 이해하고 실무 적용이 가능한 분
- 업무 내용을 정확히 기록하고 일정에 맞춰 결과물을 제출할 수 있는 분
- 유관 부서와 원활하게 소통하며 협업할 수 있는 분
- 근무지 출퇴근 및 직무 수행이 가능한 분","- KBS 한국어능력시험 보유자
- 한국실용글쓰기검정 보유자
- 큐시트, 제품 정보, 라이브 리허설, 시청자 응대 관련 프로젝트 또는 현장 수행 경험
- 업무용 문서·보고서 작성 및 이력 관리 경험
- 유관 부서·외부 협력사와의 일정 조율 경험","- 지원서 또는 제출서류를 허위로 기재한 경우
- 채용 과정에서 요구한 증빙서류를 제출하지 못한 경우
- 채용검진 결과 직무 수행이 어렵다고 판단되는 경우
- 해외여행 및 근무에 결격사유가 있는 경우
- 관련 법령 또는 내부 인사규정상 채용이 불가능한 경우",서류전형 > 실무면접 > 최종면접
1976,MC·쇼호스트 전담 인력 채용,12,198,20260720,20260901,9,경력 무관,기간제,광주광역시,전문학사 이상,"MC·쇼호스트 포지션은 라이브·행사 진행과 상품·콘텐츠 전달 역할입니다. 담당 업무의 목표와 우선순위를 명확히 설정하고, 일정과 품질 기준을 함께 관리합니다.

큐시트, 제품 정보, 라이브 리허설, 시청자 응대를 중심으로 실무를 수행하며, 요구사항과 결과물을 문서화해 업무 흐름이 누락되지 않도록 합니다.

기획·운영·현장 담당자 및 외부 협력 파트너와 수시로 협업합니다. 변경 사항은 영향 범위를 검토한 뒤 대안을 제시하고 합의된 방식으로 반영합니다.

문제 발생 시 사실관계와 원인을 먼저 확인하고, 재발 방지 방안을 업무 절차에 반영합니다. 입사 후에는 담당 영역의 실행력을 높이고, 정확성·일정 준수·이용자 관점의 완성도를 중요한 기준으로 삼습니다.","- 큐시트, 제품 정보, 라이브 리허설, 시청자 응대 관련 업무 계획 수립 및 실행
- 담당 과제의 일정·진행 현황 관리
- 업무 산출물 작성 및 검토 이력 관리
- 유관 부서 및 외부 협력 대상과 실무 조율
- 현장·시스템·자료에서 발생한 이슈 분석 및 조치
- 운영 기준과 체크리스트 개선
- 결과 데이터 또는 피드백을 반영한 품질 개선","- 경력 무관 조건에 맞는 관련 실무 경험 또는 역량 보유
- 큐시트, 제품 정보, 라이브 리허설, 시청자 응대에 필요한 도구·절차를 이해하고 실무 적용이 가능한 분
- 업무 내용을 정확히 기록하고 일정에 맞춰 결과물을 제출할 수 있는 분
- 유관 부서와 원활하게 소통하며 협업할 수 있는 분
- 근무지 출퇴근 및 직무 수행이 가능한 분","- KBS 한국어능력시험 보유자
- 한국실용글쓰기검정 보유자
- 큐시트, 제품 정보, 라이브 리허설, 시청자 응대 관련 프로젝트 또는 현장 수행 경험
- 업무용 문서·보고서 작성 및 이력 관리 경험
- 유관 부서·외부 협력사와의 일정 조율 경험","- 지원서 또는 제출서류를 허위로 기재한 경우
- 채용 과정에서 요구한 증빙서류를 제출하지 못한 경우
- 채용검진 결과 직무 수행이 어렵다고 판단되는 경우
- 해외여행 및 근무에 결격사유가 있는 경우
- 관련 법령 또는 내부 인사규정상 채용이 불가능한 경우",서류전형 > 인성검사 > 실무면접 > 최종면접
1977,MC·쇼호스트 실무 인재 모집,44,198,20260825,20260904,11,경력 5년 이상,정규직,세종특별자치시,학사 이상,"MC·쇼호스트 포지션은 라이브·행사 진행과 상품·콘텐츠 전달 역할입니다. 담당 업무의 목표와 우선순위를 명확히 설정하고, 일정과 품질 기준을 함께 관리합니다.

큐시트, 제품 정보, 라이브 리허설, 시청자 응대를 중심으로 실무를 수행하며, 요구사항과 결과물을 문서화해 업무 흐름이 누락되지 않도록 합니다.

기획·운영·현장 담당자 및 외부 협력 파트너와 수시로 협업합니다. 변경 사항은 영향 범위를 검토한 뒤 대안을 제시하고 합의된 방식으로 반영합니다.

문제 발생 시 사실관계와 원인을 먼저 확인하고, 재발 방지 방안을 업무 절차에 반영합니다. 입사 후에는 담당 영역의 실행력을 높이고, 정확성·일정 준수·이용자 관점의 완성도를 중요한 기준으로 삼습니다.","- 큐시트, 제품 정보, 라이브 리허설, 시청자 응대 관련 업무 계획 수립 및 실행
- 담당 과제의 일정·진행 현황 관리
- 업무 산출물 작성 및 검토 이력 관리
- 유관 부서 및 외부 협력 대상과 실무 조율
- 현장·시스템·자료에서 발생한 이슈 분석 및 조치
- 운영 기준과 체크리스트 개선
- 결과 데이터 또는 피드백을 반영한 품질 개선","- 경력 5년 이상 조건에 맞는 관련 실무 경험 또는 역량 보유
- 큐시트, 제품 정보, 라이브 리허설, 시청자 응대에 필요한 도구·절차를 이해하고 실무 적용이 가능한 분
- 업무 내용을 정확히 기록하고 일정에 맞춰 결과물을 제출할 수 있는 분
- 유관 부서와 원활하게 소통하며 협업할 수 있는 분
- 근무지 출퇴근 및 직무 수행이 가능한 분","- KBS 한국어능력시험 보유자
- 한국실용글쓰기검정 보유자
- 큐시트, 제품 정보, 라이브 리허설, 시청자 응대 관련 프로젝트 또는 현장 수행 경험
- 업무용 문서·보고서 작성 및 이력 관리 경험
- 유관 부서·외부 협력사와의 일정 조율 경험","- 지원서 또는 제출서류를 허위로 기재한 경우
- 채용 과정에서 요구한 증빙서류를 제출하지 못한 경우
- 채용검진 결과 직무 수행이 어렵다고 판단되는 경우
- 해외여행 및 근무에 결격사유가 있는 경우
- 관련 법령 또는 내부 인사규정상 채용이 불가능한 경우",서류전형 > 직무과제 > 실무면접 > 처우협의
1978,MC·쇼호스트 담당자 공개채용,36,198,20260905,20260918,13,신입·경력,계약직,충청남도,학력무관,"MC·쇼호스트 포지션은 라이브·행사 진행과 상품·콘텐츠 전달 역할입니다. 담당 업무의 목표와 우선순위를 명확히 설정하고, 일정과 품질 기준을 함께 관리합니다.

큐시트, 제품 정보, 라이브 리허설, 시청자 응대를 중심으로 실무를 수행하며, 요구사항과 결과물을 문서화해 업무 흐름이 누락되지 않도록 합니다.

기획·운영·현장 담당자 및 외부 협력 파트너와 수시로 협업합니다. 변경 사항은 영향 범위를 검토한 뒤 대안을 제시하고 합의된 방식으로 반영합니다.

문제 발생 시 사실관계와 원인을 먼저 확인하고, 재발 방지 방안을 업무 절차에 반영합니다. 입사 후에는 담당 영역의 실행력을 높이고, 정확성·일정 준수·이용자 관점의 완성도를 중요한 기준으로 삼습니다.","- 큐시트, 제품 정보, 라이브 리허설, 시청자 응대 관련 업무 계획 수립 및 실행
- 담당 과제의 일정·진행 현황 관리
- 업무 산출물 작성 및 검토 이력 관리
- 유관 부서 및 외부 협력 대상과 실무 조율
- 현장·시스템·자료에서 발생한 이슈 분석 및 조치
- 운영 기준과 체크리스트 개선
- 결과 데이터 또는 피드백을 반영한 품질 개선","- 신입·경력 조건에 맞는 관련 실무 경험 또는 역량 보유
- 큐시트, 제품 정보, 라이브 리허설, 시청자 응대에 필요한 도구·절차를 이해하고 실무 적용이 가능한 분
- 업무 내용을 정확히 기록하고 일정에 맞춰 결과물을 제출할 수 있는 분
- 유관 부서와 원활하게 소통하며 협업할 수 있는 분
- 근무지 출퇴근 및 직무 수행이 가능한 분","- KBS 한국어능력시험 보유자
- 한국실용글쓰기검정 보유자
- 큐시트, 제품 정보, 라이브 리허설, 시청자 응대 관련 프로젝트 또는 현장 수행 경험
- 업무용 문서·보고서 작성 및 이력 관리 경험
- 유관 부서·외부 협력사와의 일정 조율 경험","- 지원서 또는 제출서류를 허위로 기재한 경우
- 채용 과정에서 요구한 증빙서류를 제출하지 못한 경우
- 채용검진 결과 직무 수행이 어렵다고 판단되는 경우
- 해외여행 및 근무에 결격사유가 있는 경우
- 관련 법령 또는 내부 인사규정상 채용이 불가능한 경우",서류전형 > 1차면접 > 2차면접 > 채용검진
1979,MC·쇼호스트 정규직 모집,122,198,20261010,20261026,15,경력 2년 이상,정규직,경상남도,학사 이상,"MC·쇼호스트 포지션은 라이브·행사 진행과 상품·콘텐츠 전달 역할입니다. 담당 업무의 목표와 우선순위를 명확히 설정하고, 일정과 품질 기준을 함께 관리합니다.

큐시트, 제품 정보, 라이브 리허설, 시청자 응대를 중심으로 실무를 수행하며, 요구사항과 결과물을 문서화해 업무 흐름이 누락되지 않도록 합니다.

기획·운영·현장 담당자 및 외부 협력 파트너와 수시로 협업합니다. 변경 사항은 영향 범위를 검토한 뒤 대안을 제시하고 합의된 방식으로 반영합니다.

문제 발생 시 사실관계와 원인을 먼저 확인하고, 재발 방지 방안을 업무 절차에 반영합니다. 입사 후에는 담당 영역의 실행력을 높이고, 정확성·일정 준수·이용자 관점의 완성도를 중요한 기준으로 삼습니다.","- 큐시트, 제품 정보, 라이브 리허설, 시청자 응대 관련 업무 계획 수립 및 실행
- 담당 과제의 일정·진행 현황 관리
- 업무 산출물 작성 및 검토 이력 관리
- 유관 부서 및 외부 협력 대상과 실무 조율
- 현장·시스템·자료에서 발생한 이슈 분석 및 조치
- 운영 기준과 체크리스트 개선
- 결과 데이터 또는 피드백을 반영한 품질 개선","- 경력 2년 이상 조건에 맞는 관련 실무 경험 또는 역량 보유
- 큐시트, 제품 정보, 라이브 리허설, 시청자 응대에 필요한 도구·절차를 이해하고 실무 적용이 가능한 분
- 업무 내용을 정확히 기록하고 일정에 맞춰 결과물을 제출할 수 있는 분
- 유관 부서와 원활하게 소통하며 협업할 수 있는 분
- 근무지 출퇴근 및 직무 수행이 가능한 분","- KBS 한국어능력시험 보유자
- 한국실용글쓰기검정 보유자
- 큐시트, 제품 정보, 라이브 리허설, 시청자 응대 관련 프로젝트 또는 현장 수행 경험
- 업무용 문서·보고서 작성 및 이력 관리 경험
- 유관 부서·외부 협력사와의 일정 조율 경험","- 지원서 또는 제출서류를 허위로 기재한 경우
- 채용 과정에서 요구한 증빙서류를 제출하지 못한 경우
- 채용검진 결과 직무 수행이 어렵다고 판단되는 경우
- 해외여행 및 근무에 결격사유가 있는 경우
- 관련 법령 또는 내부 인사규정상 채용이 불가능한 경우",서류전형 > 실무면접 > 최종면접
1980,MC·쇼호스트 채용,70,198,20260215,20260306,17,경력,정규직,전북특별자치도,전문학사 이상,"MC·쇼호스트 포지션은 라이브·행사 진행과 상품·콘텐츠 전달 역할입니다. 담당 업무의 목표와 우선순위를 명확히 설정하고, 일정과 품질 기준을 함께 관리합니다.

큐시트, 제품 정보, 라이브 리허설, 시청자 응대를 중심으로 실무를 수행하며, 요구사항과 결과물을 문서화해 업무 흐름이 누락되지 않도록 합니다.

기획·운영·현장 담당자 및 외부 협력 파트너와 수시로 협업합니다. 변경 사항은 영향 범위를 검토한 뒤 대안을 제시하고 합의된 방식으로 반영합니다.

문제 발생 시 사실관계와 원인을 먼저 확인하고, 재발 방지 방안을 업무 절차에 반영합니다. 입사 후에는 담당 영역의 실행력을 높이고, 정확성·일정 준수·이용자 관점의 완성도를 중요한 기준으로 삼습니다.","- 큐시트, 제품 정보, 라이브 리허설, 시청자 응대 관련 업무 계획 수립 및 실행
- 담당 과제의 일정·진행 현황 관리
- 업무 산출물 작성 및 검토 이력 관리
- 유관 부서 및 외부 협력 대상과 실무 조율
- 현장·시스템·자료에서 발생한 이슈 분석 및 조치
- 운영 기준과 체크리스트 개선
- 결과 데이터 또는 피드백을 반영한 품질 개선","- 경력 조건에 맞는 관련 실무 경험 또는 역량 보유
- 큐시트, 제품 정보, 라이브 리허설, 시청자 응대에 필요한 도구·절차를 이해하고 실무 적용이 가능한 분
- 업무 내용을 정확히 기록하고 일정에 맞춰 결과물을 제출할 수 있는 분
- 유관 부서와 원활하게 소통하며 협업할 수 있는 분
- 근무지 출퇴근 및 직무 수행이 가능한 분","- KBS 한국어능력시험 보유자
- 한국실용글쓰기검정 보유자
- 큐시트, 제품 정보, 라이브 리허설, 시청자 응대 관련 프로젝트 또는 현장 수행 경험
- 업무용 문서·보고서 작성 및 이력 관리 경험
- 유관 부서·외부 협력사와의 일정 조율 경험","- 지원서 또는 제출서류를 허위로 기재한 경우
- 채용 과정에서 요구한 증빙서류를 제출하지 못한 경우
- 채용검진 결과 직무 수행이 어렵다고 판단되는 경우
- 해외여행 및 근무에 결격사유가 있는 경우
- 관련 법령 또는 내부 인사규정상 채용이 불가능한 경우",서류전형 > 인성검사 > 실무면접 > 최종면접
1981,모델 담당자 모집,91,199,20260323,20260421,20,신입,정규직,서울특별시,학력무관,"모델 포지션은 촬영·패션·광고 프로젝트의 표현과 현장 수행 역할입니다. 담당 업무의 목표와 우선순위를 명확히 설정하고, 일정과 품질 기준을 함께 관리합니다.

피팅, 촬영 콘셉트, 포즈, 촬영 일정를 중심으로 실무를 수행하며, 요구사항과 결과물을 문서화해 업무 흐름이 누락되지 않도록 합니다.

기획·운영·현장 담당자 및 외부 협력 파트너와 수시로 협업합니다. 변경 사항은 영향 범위를 검토한 뒤 대안을 제시하고 합의된 방식으로 반영합니다.

문제 발생 시 사실관계와 원인을 먼저 확인하고, 재발 방지 방안을 업무 절차에 반영합니다. 입사 후에는 담당 영역의 실행력을 높이고, 정확성·일정 준수·이용자 관점의 완성도를 중요한 기준으로 삼습니다.","- 피팅, 촬영 콘셉트, 포즈, 촬영 일정 관련 업무 계획 수립 및 실행
- 담당 과제의 일정·진행 현황 관리
- 업무 산출물 작성 및 검토 이력 관리
- 유관 부서 및 외부 협력 대상과 실무 조율
- 현장·시스템·자료에서 발생한 이슈 분석 및 조치
- 운영 기준과 체크리스트 개선
- 결과 데이터 또는 피드백을 반영한 품질 개선","- 신입 조건에 맞는 관련 실무 경험 또는 역량 보유
- 피팅, 촬영 콘셉트, 포즈, 촬영 일정에 필요한 도구·절차를 이해하고 실무 적용이 가능한 분
- 업무 내용을 정확히 기록하고 일정에 맞춰 결과물을 제출할 수 있는 분
- 유관 부서와 원활하게 소통하며 협업할 수 있는 분
- 근무지 출퇴근 및 직무 수행이 가능한 분","- 컬러리스트산업기사 보유자
- 패션스타일리스트 보유자
- 피팅, 촬영 콘셉트, 포즈, 촬영 일정 관련 프로젝트 또는 현장 수행 경험
- 업무용 문서·보고서 작성 및 이력 관리 경험
- 유관 부서·외부 협력사와의 일정 조율 경험","- 지원서 또는 제출서류를 허위로 기재한 경우
- 채용 과정에서 요구한 증빙서류를 제출하지 못한 경우
- 채용검진 결과 직무 수행이 어렵다고 판단되는 경우
- 해외여행 및 근무에 결격사유가 있는 경우
- 관련 법령 또는 내부 인사규정상 채용이 불가능한 경우",서류전형 > 실무면접 > 최종면접
1982,모델 실무자 채용,16,199,20260403,20260505,2,경력,계약직,경기도,전문학사 이상,"모델 포지션은 촬영·패션·광고 프로젝트의 표현과 현장 수행 역할입니다. 담당 업무의 목표와 우선순위를 명확히 설정하고, 일정과 품질 기준을 함께 관리합니다.

피팅, 촬영 콘셉트, 포즈, 촬영 일정를 중심으로 실무를 수행하며, 요구사항과 결과물을 문서화해 업무 흐름이 누락되지 않도록 합니다.

기획·운영·현장 담당자 및 외부 협력 파트너와 수시로 협업합니다. 변경 사항은 영향 범위를 검토한 뒤 대안을 제시하고 합의된 방식으로 반영합니다.

문제 발생 시 사실관계와 원인을 먼저 확인하고, 재발 방지 방안을 업무 절차에 반영합니다. 입사 후에는 담당 영역의 실행력을 높이고, 정확성·일정 준수·이용자 관점의 완성도를 중요한 기준으로 삼습니다.","- 피팅, 촬영 콘셉트, 포즈, 촬영 일정 관련 업무 계획 수립 및 실행
- 담당 과제의 일정·진행 현황 관리
- 업무 산출물 작성 및 검토 이력 관리
- 유관 부서 및 외부 협력 대상과 실무 조율
- 현장·시스템·자료에서 발생한 이슈 분석 및 조치
- 운영 기준과 체크리스트 개선
- 결과 데이터 또는 피드백을 반영한 품질 개선","- 경력 조건에 맞는 관련 실무 경험 또는 역량 보유
- 피팅, 촬영 콘셉트, 포즈, 촬영 일정에 필요한 도구·절차를 이해하고 실무 적용이 가능한 분
- 업무 내용을 정확히 기록하고 일정에 맞춰 결과물을 제출할 수 있는 분
- 유관 부서와 원활하게 소통하며 협업할 수 있는 분
- 근무지 출퇴근 및 직무 수행이 가능한 분","- 컬러리스트산업기사 보유자
- 패션스타일리스트 보유자
- 피팅, 촬영 콘셉트, 포즈, 촬영 일정 관련 프로젝트 또는 현장 수행 경험
- 업무용 문서·보고서 작성 및 이력 관리 경험
- 유관 부서·외부 협력사와의 일정 조율 경험","- 지원서 또는 제출서류를 허위로 기재한 경우
- 채용 과정에서 요구한 증빙서류를 제출하지 못한 경우
- 채용검진 결과 직무 수행이 어렵다고 판단되는 경우
- 해외여행 및 근무에 결격사유가 있는 경우
- 관련 법령 또는 내부 인사규정상 채용이 불가능한 경우",서류전형 > 인성검사 > 실무면접 > 최종면접
1983,모델 전문인력 채용,137,199,20260508,20260612,4,신입·경력,정규직,인천광역시,학사 이상,"모델 포지션은 촬영·패션·광고 프로젝트의 표현과 현장 수행 역할입니다. 담당 업무의 목표와 우선순위를 명확히 설정하고, 일정과 품질 기준을 함께 관리합니다.

피팅, 촬영 콘셉트, 포즈, 촬영 일정를 중심으로 실무를 수행하며, 요구사항과 결과물을 문서화해 업무 흐름이 누락되지 않도록 합니다.

기획·운영·현장 담당자 및 외부 협력 파트너와 수시로 협업합니다. 변경 사항은 영향 범위를 검토한 뒤 대안을 제시하고 합의된 방식으로 반영합니다.

문제 발생 시 사실관계와 원인을 먼저 확인하고, 재발 방지 방안을 업무 절차에 반영합니다. 입사 후에는 담당 영역의 실행력을 높이고, 정확성·일정 준수·이용자 관점의 완성도를 중요한 기준으로 삼습니다.","- 피팅, 촬영 콘셉트, 포즈, 촬영 일정 관련 업무 계획 수립 및 실행
- 담당 과제의 일정·진행 현황 관리
- 업무 산출물 작성 및 검토 이력 관리
- 유관 부서 및 외부 협력 대상과 실무 조율
- 현장·시스템·자료에서 발생한 이슈 분석 및 조치
- 운영 기준과 체크리스트 개선
- 결과 데이터 또는 피드백을 반영한 품질 개선","- 신입·경력 조건에 맞는 관련 실무 경험 또는 역량 보유
- 피팅, 촬영 콘셉트, 포즈, 촬영 일정에 필요한 도구·절차를 이해하고 실무 적용이 가능한 분
- 업무 내용을 정확히 기록하고 일정에 맞춰 결과물을 제출할 수 있는 분
- 유관 부서와 원활하게 소통하며 협업할 수 있는 분
- 근무지 출퇴근 및 직무 수행이 가능한 분","- 컬러리스트산업기사 보유자
- 패션스타일리스트 보유자
- 피팅, 촬영 콘셉트, 포즈, 촬영 일정 관련 프로젝트 또는 현장 수행 경험
- 업무용 문서·보고서 작성 및 이력 관리 경험
- 유관 부서·외부 협력사와의 일정 조율 경험","- 지원서 또는 제출서류를 허위로 기재한 경우
- 채용 과정에서 요구한 증빙서류를 제출하지 못한 경우
- 채용검진 결과 직무 수행이 어렵다고 판단되는 경우
- 해외여행 및 근무에 결격사유가 있는 경우
- 관련 법령 또는 내부 인사규정상 채용이 불가능한 경우",서류전형 > 직무과제 > 실무면접 > 처우협의
1984,모델 운영 담당 채용,68,199,20260613,20260721,6,경력 2년 이상,정규직,대전광역시,학사 이상,"모델 포지션은 촬영·패션·광고 프로젝트의 표현과 현장 수행 역할입니다. 담당 업무의 목표와 우선순위를 명확히 설정하고, 일정과 품질 기준을 함께 관리합니다.

피팅, 촬영 콘셉트, 포즈, 촬영 일정를 중심으로 실무를 수행하며, 요구사항과 결과물을 문서화해 업무 흐름이 누락되지 않도록 합니다.

기획·운영·현장 담당자 및 외부 협력 파트너와 수시로 협업합니다. 변경 사항은 영향 범위를 검토한 뒤 대안을 제시하고 합의된 방식으로 반영합니다.

문제 발생 시 사실관계와 원인을 먼저 확인하고, 재발 방지 방안을 업무 절차에 반영합니다. 입사 후에는 담당 영역의 실행력을 높이고, 정확성·일정 준수·이용자 관점의 완성도를 중요한 기준으로 삼습니다.","- 피팅, 촬영 콘셉트, 포즈, 촬영 일정 관련 업무 계획 수립 및 실행
- 담당 과제의 일정·진행 현황 관리
- 업무 산출물 작성 및 검토 이력 관리
- 유관 부서 및 외부 협력 대상과 실무 조율
- 현장·시스템·자료에서 발생한 이슈 분석 및 조치
- 운영 기준과 체크리스트 개선
- 결과 데이터 또는 피드백을 반영한 품질 개선","- 경력 2년 이상 조건에 맞는 관련 실무 경험 또는 역량 보유
- 피팅, 촬영 콘셉트, 포즈, 촬영 일정에 필요한 도구·절차를 이해하고 실무 적용이 가능한 분
- 업무 내용을 정확히 기록하고 일정에 맞춰 결과물을 제출할 수 있는 분
- 유관 부서와 원활하게 소통하며 협업할 수 있는 분
- 근무지 출퇴근 및 직무 수행이 가능한 분","- 컬러리스트산업기사 보유자
- 패션스타일리스트 보유자
- 피팅, 촬영 콘셉트, 포즈, 촬영 일정 관련 프로젝트 또는 현장 수행 경험
- 업무용 문서·보고서 작성 및 이력 관리 경험
- 유관 부서·외부 협력사와의 일정 조율 경험","- 지원서 또는 제출서류를 허위로 기재한 경우
- 채용 과정에서 요구한 증빙서류를 제출하지 못한 경우
- 채용검진 결과 직무 수행이 어렵다고 판단되는 경우
- 해외여행 및 근무에 결격사유가 있는 경우
- 관련 법령 또는 내부 인사규정상 채용이 불가능한 경우",서류전형 > 1차면접 > 2차면접 > 채용검진
1985,모델 프로젝트 인재 모집,120,199,20260718,20260828,8,경력 3년 이상,무기계약직,부산광역시,학력무관,"모델 포지션은 촬영·패션·광고 프로젝트의 표현과 현장 수행 역할입니다. 담당 업무의 목표와 우선순위를 명확히 설정하고, 일정과 품질 기준을 함께 관리합니다.

피팅, 촬영 콘셉트, 포즈, 촬영 일정를 중심으로 실무를 수행하며, 요구사항과 결과물을 문서화해 업무 흐름이 누락되지 않도록 합니다.

기획·운영·현장 담당자 및 외부 협력 파트너와 수시로 협업합니다. 변경 사항은 영향 범위를 검토한 뒤 대안을 제시하고 합의된 방식으로 반영합니다.

문제 발생 시 사실관계와 원인을 먼저 확인하고, 재발 방지 방안을 업무 절차에 반영합니다. 입사 후에는 담당 영역의 실행력을 높이고, 정확성·일정 준수·이용자 관점의 완성도를 중요한 기준으로 삼습니다.","- 피팅, 촬영 콘셉트, 포즈, 촬영 일정 관련 업무 계획 수립 및 실행
- 담당 과제의 일정·진행 현황 관리
- 업무 산출물 작성 및 검토 이력 관리
- 유관 부서 및 외부 협력 대상과 실무 조율
- 현장·시스템·자료에서 발생한 이슈 분석 및 조치
- 운영 기준과 체크리스트 개선
- 결과 데이터 또는 피드백을 반영한 품질 개선","- 경력 3년 이상 조건에 맞는 관련 실무 경험 또는 역량 보유
- 피팅, 촬영 콘셉트, 포즈, 촬영 일정에 필요한 도구·절차를 이해하고 실무 적용이 가능한 분
- 업무 내용을 정확히 기록하고 일정에 맞춰 결과물을 제출할 수 있는 분
- 유관 부서와 원활하게 소통하며 협업할 수 있는 분
- 근무지 출퇴근 및 직무 수행이 가능한 분","- 컬러리스트산업기사 보유자
- 패션스타일리스트 보유자
- 피팅, 촬영 콘셉트, 포즈, 촬영 일정 관련 프로젝트 또는 현장 수행 경험
- 업무용 문서·보고서 작성 및 이력 관리 경험
- 유관 부서·외부 협력사와의 일정 조율 경험","- 지원서 또는 제출서류를 허위로 기재한 경우
- 채용 과정에서 요구한 증빙서류를 제출하지 못한 경우
- 채용검진 결과 직무 수행이 어렵다고 판단되는 경우
- 해외여행 및 근무에 결격사유가 있는 경우
- 관련 법령 또는 내부 인사규정상 채용이 불가능한 경우",서류전형 > 실무면접 > 최종면접
1986,모델 전담 인력 채용,41,199,20260823,20261006,10,경력 무관,기간제,광주광역시,전문학사 이상,"모델 포지션은 촬영·패션·광고 프로젝트의 표현과 현장 수행 역할입니다. 담당 업무의 목표와 우선순위를 명확히 설정하고, 일정과 품질 기준을 함께 관리합니다.

피팅, 촬영 콘셉트, 포즈, 촬영 일정를 중심으로 실무를 수행하며, 요구사항과 결과물을 문서화해 업무 흐름이 누락되지 않도록 합니다.

기획·운영·현장 담당자 및 외부 협력 파트너와 수시로 협업합니다. 변경 사항은 영향 범위를 검토한 뒤 대안을 제시하고 합의된 방식으로 반영합니다.

문제 발생 시 사실관계와 원인을 먼저 확인하고, 재발 방지 방안을 업무 절차에 반영합니다. 입사 후에는 담당 영역의 실행력을 높이고, 정확성·일정 준수·이용자 관점의 완성도를 중요한 기준으로 삼습니다.","- 피팅, 촬영 콘셉트, 포즈, 촬영 일정 관련 업무 계획 수립 및 실행
- 담당 과제의 일정·진행 현황 관리
- 업무 산출물 작성 및 검토 이력 관리
- 유관 부서 및 외부 협력 대상과 실무 조율
- 현장·시스템·자료에서 발생한 이슈 분석 및 조치
- 운영 기준과 체크리스트 개선
- 결과 데이터 또는 피드백을 반영한 품질 개선","- 경력 무관 조건에 맞는 관련 실무 경험 또는 역량 보유
- 피팅, 촬영 콘셉트, 포즈, 촬영 일정에 필요한 도구·절차를 이해하고 실무 적용이 가능한 분
- 업무 내용을 정확히 기록하고 일정에 맞춰 결과물을 제출할 수 있는 분
- 유관 부서와 원활하게 소통하며 협업할 수 있는 분
- 근무지 출퇴근 및 직무 수행이 가능한 분","- 컬러리스트산업기사 보유자
- 패션스타일리스트 보유자
- 피팅, 촬영 콘셉트, 포즈, 촬영 일정 관련 프로젝트 또는 현장 수행 경험
- 업무용 문서·보고서 작성 및 이력 관리 경험
- 유관 부서·외부 협력사와의 일정 조율 경험","- 지원서 또는 제출서류를 허위로 기재한 경우
- 채용 과정에서 요구한 증빙서류를 제출하지 못한 경우
- 채용검진 결과 직무 수행이 어렵다고 판단되는 경우
- 해외여행 및 근무에 결격사유가 있는 경우
- 관련 법령 또는 내부 인사규정상 채용이 불가능한 경우",서류전형 > 인성검사 > 실무면접 > 최종면접
1987,모델 실무 인재 모집,12,199,20260903,20260914,12,경력 5년 이상,정규직,세종특별자치시,학사 이상,"모델 포지션은 촬영·패션·광고 프로젝트의 표현과 현장 수행 역할입니다. 담당 업무의 목표와 우선순위를 명확히 설정하고, 일정과 품질 기준을 함께 관리합니다.

피팅, 촬영 콘셉트, 포즈, 촬영 일정를 중심으로 실무를 수행하며, 요구사항과 결과물을 문서화해 업무 흐름이 누락되지 않도록 합니다.

기획·운영·현장 담당자 및 외부 협력 파트너와 수시로 협업합니다. 변경 사항은 영향 범위를 검토한 뒤 대안을 제시하고 합의된 방식으로 반영합니다.

문제 발생 시 사실관계와 원인을 먼저 확인하고, 재발 방지 방안을 업무 절차에 반영합니다. 입사 후에는 담당 영역의 실행력을 높이고, 정확성·일정 준수·이용자 관점의 완성도를 중요한 기준으로 삼습니다.","- 피팅, 촬영 콘셉트, 포즈, 촬영 일정 관련 업무 계획 수립 및 실행
- 담당 과제의 일정·진행 현황 관리
- 업무 산출물 작성 및 검토 이력 관리
- 유관 부서 및 외부 협력 대상과 실무 조율
- 현장·시스템·자료에서 발생한 이슈 분석 및 조치
- 운영 기준과 체크리스트 개선
- 결과 데이터 또는 피드백을 반영한 품질 개선","- 경력 5년 이상 조건에 맞는 관련 실무 경험 또는 역량 보유
- 피팅, 촬영 콘셉트, 포즈, 촬영 일정에 필요한 도구·절차를 이해하고 실무 적용이 가능한 분
- 업무 내용을 정확히 기록하고 일정에 맞춰 결과물을 제출할 수 있는 분
- 유관 부서와 원활하게 소통하며 협업할 수 있는 분
- 근무지 출퇴근 및 직무 수행이 가능한 분","- 컬러리스트산업기사 보유자
- 패션스타일리스트 보유자
- 피팅, 촬영 콘셉트, 포즈, 촬영 일정 관련 프로젝트 또는 현장 수행 경험
- 업무용 문서·보고서 작성 및 이력 관리 경험
- 유관 부서·외부 협력사와의 일정 조율 경험","- 지원서 또는 제출서류를 허위로 기재한 경우
- 채용 과정에서 요구한 증빙서류를 제출하지 못한 경우
- 채용검진 결과 직무 수행이 어렵다고 판단되는 경우
- 해외여행 및 근무에 결격사유가 있는 경우
- 관련 법령 또는 내부 인사규정상 채용이 불가능한 경우",서류전형 > 직무과제 > 실무면접 > 처우협의
1988,모델 담당자 공개채용,121,199,20261008,20261022,14,신입·경력,계약직,충청남도,학력무관,"모델 포지션은 촬영·패션·광고 프로젝트의 표현과 현장 수행 역할입니다. 담당 업무의 목표와 우선순위를 명확히 설정하고, 일정과 품질 기준을 함께 관리합니다.

피팅, 촬영 콘셉트, 포즈, 촬영 일정를 중심으로 실무를 수행하며, 요구사항과 결과물을 문서화해 업무 흐름이 누락되지 않도록 합니다.

기획·운영·현장 담당자 및 외부 협력 파트너와 수시로 협업합니다. 변경 사항은 영향 범위를 검토한 뒤 대안을 제시하고 합의된 방식으로 반영합니다.

문제 발생 시 사실관계와 원인을 먼저 확인하고, 재발 방지 방안을 업무 절차에 반영합니다. 입사 후에는 담당 영역의 실행력을 높이고, 정확성·일정 준수·이용자 관점의 완성도를 중요한 기준으로 삼습니다.","- 피팅, 촬영 콘셉트, 포즈, 촬영 일정 관련 업무 계획 수립 및 실행
- 담당 과제의 일정·진행 현황 관리
- 업무 산출물 작성 및 검토 이력 관리
- 유관 부서 및 외부 협력 대상과 실무 조율
- 현장·시스템·자료에서 발생한 이슈 분석 및 조치
- 운영 기준과 체크리스트 개선
- 결과 데이터 또는 피드백을 반영한 품질 개선","- 신입·경력 조건에 맞는 관련 실무 경험 또는 역량 보유
- 피팅, 촬영 콘셉트, 포즈, 촬영 일정에 필요한 도구·절차를 이해하고 실무 적용이 가능한 분
- 업무 내용을 정확히 기록하고 일정에 맞춰 결과물을 제출할 수 있는 분
- 유관 부서와 원활하게 소통하며 협업할 수 있는 분
- 근무지 출퇴근 및 직무 수행이 가능한 분","- 컬러리스트산업기사 보유자
- 패션스타일리스트 보유자
- 피팅, 촬영 콘셉트, 포즈, 촬영 일정 관련 프로젝트 또는 현장 수행 경험
- 업무용 문서·보고서 작성 및 이력 관리 경험
- 유관 부서·외부 협력사와의 일정 조율 경험","- 지원서 또는 제출서류를 허위로 기재한 경우
- 채용 과정에서 요구한 증빙서류를 제출하지 못한 경우
- 채용검진 결과 직무 수행이 어렵다고 판단되는 경우
- 해외여행 및 근무에 결격사유가 있는 경우
- 관련 법령 또는 내부 인사규정상 채용이 불가능한 경우",서류전형 > 1차면접 > 2차면접 > 채용검진
1989,모델 정규직 모집,64,199,20260213,20260302,16,경력 2년 이상,정규직,경상남도,학사 이상,"모델 포지션은 촬영·패션·광고 프로젝트의 표현과 현장 수행 역할입니다. 담당 업무의 목표와 우선순위를 명확히 설정하고, 일정과 품질 기준을 함께 관리합니다.

피팅, 촬영 콘셉트, 포즈, 촬영 일정를 중심으로 실무를 수행하며, 요구사항과 결과물을 문서화해 업무 흐름이 누락되지 않도록 합니다.

기획·운영·현장 담당자 및 외부 협력 파트너와 수시로 협업합니다. 변경 사항은 영향 범위를 검토한 뒤 대안을 제시하고 합의된 방식으로 반영합니다.

문제 발생 시 사실관계와 원인을 먼저 확인하고, 재발 방지 방안을 업무 절차에 반영합니다. 입사 후에는 담당 영역의 실행력을 높이고, 정확성·일정 준수·이용자 관점의 완성도를 중요한 기준으로 삼습니다.","- 피팅, 촬영 콘셉트, 포즈, 촬영 일정 관련 업무 계획 수립 및 실행
- 담당 과제의 일정·진행 현황 관리
- 업무 산출물 작성 및 검토 이력 관리
- 유관 부서 및 외부 협력 대상과 실무 조율
- 현장·시스템·자료에서 발생한 이슈 분석 및 조치
- 운영 기준과 체크리스트 개선
- 결과 데이터 또는 피드백을 반영한 품질 개선","- 경력 2년 이상 조건에 맞는 관련 실무 경험 또는 역량 보유
- 피팅, 촬영 콘셉트, 포즈, 촬영 일정에 필요한 도구·절차를 이해하고 실무 적용이 가능한 분
- 업무 내용을 정확히 기록하고 일정에 맞춰 결과물을 제출할 수 있는 분
- 유관 부서와 원활하게 소통하며 협업할 수 있는 분
- 근무지 출퇴근 및 직무 수행이 가능한 분","- 컬러리스트산업기사 보유자
- 패션스타일리스트 보유자
- 피팅, 촬영 콘셉트, 포즈, 촬영 일정 관련 프로젝트 또는 현장 수행 경험
- 업무용 문서·보고서 작성 및 이력 관리 경험
- 유관 부서·외부 협력사와의 일정 조율 경험","- 지원서 또는 제출서류를 허위로 기재한 경우
- 채용 과정에서 요구한 증빙서류를 제출하지 못한 경우
- 채용검진 결과 직무 수행이 어렵다고 판단되는 경우
- 해외여행 및 근무에 결격사유가 있는 경우
- 관련 법령 또는 내부 인사규정상 채용이 불가능한 경우",서류전형 > 실무면접 > 최종면접
1990,모델 채용,67,199,20260318,20260407,18,경력,정규직,전북특별자치도,전문학사 이상,"모델 포지션은 촬영·패션·광고 프로젝트의 표현과 현장 수행 역할입니다. 담당 업무의 목표와 우선순위를 명확히 설정하고, 일정과 품질 기준을 함께 관리합니다.

피팅, 촬영 콘셉트, 포즈, 촬영 일정를 중심으로 실무를 수행하며, 요구사항과 결과물을 문서화해 업무 흐름이 누락되지 않도록 합니다.

기획·운영·현장 담당자 및 외부 협력 파트너와 수시로 협업합니다. 변경 사항은 영향 범위를 검토한 뒤 대안을 제시하고 합의된 방식으로 반영합니다.

문제 발생 시 사실관계와 원인을 먼저 확인하고, 재발 방지 방안을 업무 절차에 반영합니다. 입사 후에는 담당 영역의 실행력을 높이고, 정확성·일정 준수·이용자 관점의 완성도를 중요한 기준으로 삼습니다.","- 피팅, 촬영 콘셉트, 포즈, 촬영 일정 관련 업무 계획 수립 및 실행
- 담당 과제의 일정·진행 현황 관리
- 업무 산출물 작성 및 검토 이력 관리
- 유관 부서 및 외부 협력 대상과 실무 조율
- 현장·시스템·자료에서 발생한 이슈 분석 및 조치
- 운영 기준과 체크리스트 개선
- 결과 데이터 또는 피드백을 반영한 품질 개선","- 경력 조건에 맞는 관련 실무 경험 또는 역량 보유
- 피팅, 촬영 콘셉트, 포즈, 촬영 일정에 필요한 도구·절차를 이해하고 실무 적용이 가능한 분
- 업무 내용을 정확히 기록하고 일정에 맞춰 결과물을 제출할 수 있는 분
- 유관 부서와 원활하게 소통하며 협업할 수 있는 분
- 근무지 출퇴근 및 직무 수행이 가능한 분","- 컬러리스트산업기사 보유자
- 패션스타일리스트 보유자
- 피팅, 촬영 콘셉트, 포즈, 촬영 일정 관련 프로젝트 또는 현장 수행 경험
- 업무용 문서·보고서 작성 및 이력 관리 경험
- 유관 부서·외부 협력사와의 일정 조율 경험","- 지원서 또는 제출서류를 허위로 기재한 경우
- 채용 과정에서 요구한 증빙서류를 제출하지 못한 경우
- 채용검진 결과 직무 수행이 어렵다고 판단되는 경우
- 해외여행 및 근무에 결격사유가 있는 경우
- 관련 법령 또는 내부 인사규정상 채용이 불가능한 경우",서류전형 > 인성검사 > 실무면접 > 최종면접
1991,연예인·매니저 담당자 모집,54,200,20260401,20260501,1,신입,정규직,서울특별시,학력무관,"연예인·매니저 포지션은 아티스트 일정·현장·대외 협업을 관리 역할입니다. 담당 업무의 목표와 우선순위를 명확히 설정하고, 일정과 품질 기준을 함께 관리합니다.

스케줄, 이동 동선, 계약 일정, 현장 이슈를 중심으로 실무를 수행하며, 요구사항과 결과물을 문서화해 업무 흐름이 누락되지 않도록 합니다.

기획·운영·현장 담당자 및 외부 협력 파트너와 수시로 협업합니다. 변경 사항은 영향 범위를 검토한 뒤 대안을 제시하고 합의된 방식으로 반영합니다.

문제 발생 시 사실관계와 원인을 먼저 확인하고, 재발 방지 방안을 업무 절차에 반영합니다. 입사 후에는 담당 영역의 실행력을 높이고, 정확성·일정 준수·이용자 관점의 완성도를 중요한 기준으로 삼습니다.","- 스케줄, 이동 동선, 계약 일정, 현장 이슈 관련 업무 계획 수립 및 실행
- 담당 과제의 일정·진행 현황 관리
- 업무 산출물 작성 및 검토 이력 관리
- 유관 부서 및 외부 협력 대상과 실무 조율
- 현장·시스템·자료에서 발생한 이슈 분석 및 조치
- 운영 기준과 체크리스트 개선
- 결과 데이터 또는 피드백을 반영한 품질 개선","- 신입 조건에 맞는 관련 실무 경험 또는 역량 보유
- 스케줄, 이동 동선, 계약 일정, 현장 이슈에 필요한 도구·절차를 이해하고 실무 적용이 가능한 분
- 업무 내용을 정확히 기록하고 일정에 맞춰 결과물을 제출할 수 있는 분
- 유관 부서와 원활하게 소통하며 협업할 수 있는 분
- 근무지 출퇴근 및 직무 수행이 가능한 분","- PMP 보유자
- 컨벤션기획사 2급 보유자
- 스케줄, 이동 동선, 계약 일정, 현장 이슈 관련 프로젝트 또는 현장 수행 경험
- 업무용 문서·보고서 작성 및 이력 관리 경험
- 유관 부서·외부 협력사와의 일정 조율 경험","- 지원서 또는 제출서류를 허위로 기재한 경우
- 채용 과정에서 요구한 증빙서류를 제출하지 못한 경우
- 채용검진 결과 직무 수행이 어렵다고 판단되는 경우
- 해외여행 및 근무에 결격사유가 있는 경우
- 관련 법령 또는 내부 인사규정상 채용이 불가능한 경우",서류전형 > 실무면접 > 최종면접
1992,연예인·매니저 실무자 채용,152,200,20260506,20260608,3,경력,계약직,경기도,전문학사 이상,"연예인·매니저 포지션은 아티스트 일정·현장·대외 협업을 관리 역할입니다. 담당 업무의 목표와 우선순위를 명확히 설정하고, 일정과 품질 기준을 함께 관리합니다.

스케줄, 이동 동선, 계약 일정, 현장 이슈를 중심으로 실무를 수행하며, 요구사항과 결과물을 문서화해 업무 흐름이 누락되지 않도록 합니다.

기획·운영·현장 담당자 및 외부 협력 파트너와 수시로 협업합니다. 변경 사항은 영향 범위를 검토한 뒤 대안을 제시하고 합의된 방식으로 반영합니다.

문제 발생 시 사실관계와 원인을 먼저 확인하고, 재발 방지 방안을 업무 절차에 반영합니다. 입사 후에는 담당 영역의 실행력을 높이고, 정확성·일정 준수·이용자 관점의 완성도를 중요한 기준으로 삼습니다.","- 스케줄, 이동 동선, 계약 일정, 현장 이슈 관련 업무 계획 수립 및 실행
- 담당 과제의 일정·진행 현황 관리
- 업무 산출물 작성 및 검토 이력 관리
- 유관 부서 및 외부 협력 대상과 실무 조율
- 현장·시스템·자료에서 발생한 이슈 분석 및 조치
- 운영 기준과 체크리스트 개선
- 결과 데이터 또는 피드백을 반영한 품질 개선","- 경력 조건에 맞는 관련 실무 경험 또는 역량 보유
- 스케줄, 이동 동선, 계약 일정, 현장 이슈에 필요한 도구·절차를 이해하고 실무 적용이 가능한 분
- 업무 내용을 정확히 기록하고 일정에 맞춰 결과물을 제출할 수 있는 분
- 유관 부서와 원활하게 소통하며 협업할 수 있는 분
- 근무지 출퇴근 및 직무 수행이 가능한 분","- PMP 보유자
- 컨벤션기획사 2급 보유자
- 스케줄, 이동 동선, 계약 일정, 현장 이슈 관련 프로젝트 또는 현장 수행 경험
- 업무용 문서·보고서 작성 및 이력 관리 경험
- 유관 부서·외부 협력사와의 일정 조율 경험","- 지원서 또는 제출서류를 허위로 기재한 경우
- 채용 과정에서 요구한 증빙서류를 제출하지 못한 경우
- 채용검진 결과 직무 수행이 어렵다고 판단되는 경우
- 해외여행 및 근무에 결격사유가 있는 경우
- 관련 법령 또는 내부 인사규정상 채용이 불가능한 경우",서류전형 > 인성검사 > 실무면접 > 최종면접
1993,연예인·매니저 전문인력 채용,68,200,20260611,20260717,5,신입·경력,정규직,인천광역시,학사 이상,"연예인·매니저 포지션은 아티스트 일정·현장·대외 협업을 관리 역할입니다. 담당 업무의 목표와 우선순위를 명확히 설정하고, 일정과 품질 기준을 함께 관리합니다.

스케줄, 이동 동선, 계약 일정, 현장 이슈를 중심으로 실무를 수행하며, 요구사항과 결과물을 문서화해 업무 흐름이 누락되지 않도록 합니다.

기획·운영·현장 담당자 및 외부 협력 파트너와 수시로 협업합니다. 변경 사항은 영향 범위를 검토한 뒤 대안을 제시하고 합의된 방식으로 반영합니다.

문제 발생 시 사실관계와 원인을 먼저 확인하고, 재발 방지 방안을 업무 절차에 반영합니다. 입사 후에는 담당 영역의 실행력을 높이고, 정확성·일정 준수·이용자 관점의 완성도를 중요한 기준으로 삼습니다.","- 스케줄, 이동 동선, 계약 일정, 현장 이슈 관련 업무 계획 수립 및 실행
- 담당 과제의 일정·진행 현황 관리
- 업무 산출물 작성 및 검토 이력 관리
- 유관 부서 및 외부 협력 대상과 실무 조율
- 현장·시스템·자료에서 발생한 이슈 분석 및 조치
- 운영 기준과 체크리스트 개선
- 결과 데이터 또는 피드백을 반영한 품질 개선","- 신입·경력 조건에 맞는 관련 실무 경험 또는 역량 보유
- 스케줄, 이동 동선, 계약 일정, 현장 이슈에 필요한 도구·절차를 이해하고 실무 적용이 가능한 분
- 업무 내용을 정확히 기록하고 일정에 맞춰 결과물을 제출할 수 있는 분
- 유관 부서와 원활하게 소통하며 협업할 수 있는 분
- 근무지 출퇴근 및 직무 수행이 가능한 분","- PMP 보유자
- 컨벤션기획사 2급 보유자
- 스케줄, 이동 동선, 계약 일정, 현장 이슈 관련 프로젝트 또는 현장 수행 경험
- 업무용 문서·보고서 작성 및 이력 관리 경험
- 유관 부서·외부 협력사와의 일정 조율 경험","- 지원서 또는 제출서류를 허위로 기재한 경우
- 채용 과정에서 요구한 증빙서류를 제출하지 못한 경우
- 채용검진 결과 직무 수행이 어렵다고 판단되는 경우
- 해외여행 및 근무에 결격사유가 있는 경우
- 관련 법령 또는 내부 인사규정상 채용이 불가능한 경우",서류전형 > 직무과제 > 실무면접 > 처우협의
1994,연예인·매니저 운영 담당 채용,67,200,20260716,20260824,7,경력 2년 이상,정규직,대전광역시,학사 이상,"연예인·매니저 포지션은 아티스트 일정·현장·대외 협업을 관리 역할입니다. 담당 업무의 목표와 우선순위를 명확히 설정하고, 일정과 품질 기준을 함께 관리합니다.

스케줄, 이동 동선, 계약 일정, 현장 이슈를 중심으로 실무를 수행하며, 요구사항과 결과물을 문서화해 업무 흐름이 누락되지 않도록 합니다.

기획·운영·현장 담당자 및 외부 협력 파트너와 수시로 협업합니다. 변경 사항은 영향 범위를 검토한 뒤 대안을 제시하고 합의된 방식으로 반영합니다.

문제 발생 시 사실관계와 원인을 먼저 확인하고, 재발 방지 방안을 업무 절차에 반영합니다. 입사 후에는 담당 영역의 실행력을 높이고, 정확성·일정 준수·이용자 관점의 완성도를 중요한 기준으로 삼습니다.","- 스케줄, 이동 동선, 계약 일정, 현장 이슈 관련 업무 계획 수립 및 실행
- 담당 과제의 일정·진행 현황 관리
- 업무 산출물 작성 및 검토 이력 관리
- 유관 부서 및 외부 협력 대상과 실무 조율
- 현장·시스템·자료에서 발생한 이슈 분석 및 조치
- 운영 기준과 체크리스트 개선
- 결과 데이터 또는 피드백을 반영한 품질 개선","- 경력 2년 이상 조건에 맞는 관련 실무 경험 또는 역량 보유
- 스케줄, 이동 동선, 계약 일정, 현장 이슈에 필요한 도구·절차를 이해하고 실무 적용이 가능한 분
- 업무 내용을 정확히 기록하고 일정에 맞춰 결과물을 제출할 수 있는 분
- 유관 부서와 원활하게 소통하며 협업할 수 있는 분
- 근무지 출퇴근 및 직무 수행이 가능한 분","- PMP 보유자
- 컨벤션기획사 2급 보유자
- 스케줄, 이동 동선, 계약 일정, 현장 이슈 관련 프로젝트 또는 현장 수행 경험
- 업무용 문서·보고서 작성 및 이력 관리 경험
- 유관 부서·외부 협력사와의 일정 조율 경험","- 지원서 또는 제출서류를 허위로 기재한 경우
- 채용 과정에서 요구한 증빙서류를 제출하지 못한 경우
- 채용검진 결과 직무 수행이 어렵다고 판단되는 경우
- 해외여행 및 근무에 결격사유가 있는 경우
- 관련 법령 또는 내부 인사규정상 채용이 불가능한 경우",서류전형 > 1차면접 > 2차면접 > 채용검진
1995,연예인·매니저 프로젝트 인재 모집,2,200,20260821,20261002,9,경력 3년 이상,무기계약직,부산광역시,학력무관,"연예인·매니저 포지션은 아티스트 일정·현장·대외 협업을 관리 역할입니다. 담당 업무의 목표와 우선순위를 명확히 설정하고, 일정과 품질 기준을 함께 관리합니다.

스케줄, 이동 동선, 계약 일정, 현장 이슈를 중심으로 실무를 수행하며, 요구사항과 결과물을 문서화해 업무 흐름이 누락되지 않도록 합니다.

기획·운영·현장 담당자 및 외부 협력 파트너와 수시로 협업합니다. 변경 사항은 영향 범위를 검토한 뒤 대안을 제시하고 합의된 방식으로 반영합니다.

문제 발생 시 사실관계와 원인을 먼저 확인하고, 재발 방지 방안을 업무 절차에 반영합니다. 입사 후에는 담당 영역의 실행력을 높이고, 정확성·일정 준수·이용자 관점의 완성도를 중요한 기준으로 삼습니다.","- 스케줄, 이동 동선, 계약 일정, 현장 이슈 관련 업무 계획 수립 및 실행
- 담당 과제의 일정·진행 현황 관리
- 업무 산출물 작성 및 검토 이력 관리
- 유관 부서 및 외부 협력 대상과 실무 조율
- 현장·시스템·자료에서 발생한 이슈 분석 및 조치
- 운영 기준과 체크리스트 개선
- 결과 데이터 또는 피드백을 반영한 품질 개선","- 경력 3년 이상 조건에 맞는 관련 실무 경험 또는 역량 보유
- 스케줄, 이동 동선, 계약 일정, 현장 이슈에 필요한 도구·절차를 이해하고 실무 적용이 가능한 분
- 업무 내용을 정확히 기록하고 일정에 맞춰 결과물을 제출할 수 있는 분
- 유관 부서와 원활하게 소통하며 협업할 수 있는 분
- 근무지 출퇴근 및 직무 수행이 가능한 분","- PMP 보유자
- 컨벤션기획사 2급 보유자
- 스케줄, 이동 동선, 계약 일정, 현장 이슈 관련 프로젝트 또는 현장 수행 경험
- 업무용 문서·보고서 작성 및 이력 관리 경험
- 유관 부서·외부 협력사와의 일정 조율 경험","- 지원서 또는 제출서류를 허위로 기재한 경우
- 채용 과정에서 요구한 증빙서류를 제출하지 못한 경우
- 채용검진 결과 직무 수행이 어렵다고 판단되는 경우
- 해외여행 및 근무에 결격사유가 있는 경우
- 관련 법령 또는 내부 인사규정상 채용이 불가능한 경우",서류전형 > 실무면접 > 최종면접
1996,연예인·매니저 전담 인력 채용,99,200,20260901,20261016,11,경력 무관,기간제,광주광역시,전문학사 이상,"연예인·매니저 포지션은 아티스트 일정·현장·대외 협업을 관리 역할입니다. 담당 업무의 목표와 우선순위를 명확히 설정하고, 일정과 품질 기준을 함께 관리합니다.

스케줄, 이동 동선, 계약 일정, 현장 이슈를 중심으로 실무를 수행하며, 요구사항과 결과물을 문서화해 업무 흐름이 누락되지 않도록 합니다.

기획·운영·현장 담당자 및 외부 협력 파트너와 수시로 협업합니다. 변경 사항은 영향 범위를 검토한 뒤 대안을 제시하고 합의된 방식으로 반영합니다.

문제 발생 시 사실관계와 원인을 먼저 확인하고, 재발 방지 방안을 업무 절차에 반영합니다. 입사 후에는 담당 영역의 실행력을 높이고, 정확성·일정 준수·이용자 관점의 완성도를 중요한 기준으로 삼습니다.","- 스케줄, 이동 동선, 계약 일정, 현장 이슈 관련 업무 계획 수립 및 실행
- 담당 과제의 일정·진행 현황 관리
- 업무 산출물 작성 및 검토 이력 관리
- 유관 부서 및 외부 협력 대상과 실무 조율
- 현장·시스템·자료에서 발생한 이슈 분석 및 조치
- 운영 기준과 체크리스트 개선
- 결과 데이터 또는 피드백을 반영한 품질 개선","- 경력 무관 조건에 맞는 관련 실무 경험 또는 역량 보유
- 스케줄, 이동 동선, 계약 일정, 현장 이슈에 필요한 도구·절차를 이해하고 실무 적용이 가능한 분
- 업무 내용을 정확히 기록하고 일정에 맞춰 결과물을 제출할 수 있는 분
- 유관 부서와 원활하게 소통하며 협업할 수 있는 분
- 근무지 출퇴근 및 직무 수행이 가능한 분","- PMP 보유자
- 컨벤션기획사 2급 보유자
- 스케줄, 이동 동선, 계약 일정, 현장 이슈 관련 프로젝트 또는 현장 수행 경험
- 업무용 문서·보고서 작성 및 이력 관리 경험
- 유관 부서·외부 협력사와의 일정 조율 경험","- 지원서 또는 제출서류를 허위로 기재한 경우
- 채용 과정에서 요구한 증빙서류를 제출하지 못한 경우
- 채용검진 결과 직무 수행이 어렵다고 판단되는 경우
- 해외여행 및 근무에 결격사유가 있는 경우
- 관련 법령 또는 내부 인사규정상 채용이 불가능한 경우",서류전형 > 인성검사 > 실무면접 > 최종면접
1997,연예인·매니저 실무 인재 모집,85,200,20261006,20261018,13,경력 5년 이상,정규직,세종특별자치시,학사 이상,"연예인·매니저 포지션은 아티스트 일정·현장·대외 협업을 관리 역할입니다. 담당 업무의 목표와 우선순위를 명확히 설정하고, 일정과 품질 기준을 함께 관리합니다.

스케줄, 이동 동선, 계약 일정, 현장 이슈를 중심으로 실무를 수행하며, 요구사항과 결과물을 문서화해 업무 흐름이 누락되지 않도록 합니다.

기획·운영·현장 담당자 및 외부 협력 파트너와 수시로 협업합니다. 변경 사항은 영향 범위를 검토한 뒤 대안을 제시하고 합의된 방식으로 반영합니다.

문제 발생 시 사실관계와 원인을 먼저 확인하고, 재발 방지 방안을 업무 절차에 반영합니다. 입사 후에는 담당 영역의 실행력을 높이고, 정확성·일정 준수·이용자 관점의 완성도를 중요한 기준으로 삼습니다.","- 스케줄, 이동 동선, 계약 일정, 현장 이슈 관련 업무 계획 수립 및 실행
- 담당 과제의 일정·진행 현황 관리
- 업무 산출물 작성 및 검토 이력 관리
- 유관 부서 및 외부 협력 대상과 실무 조율
- 현장·시스템·자료에서 발생한 이슈 분석 및 조치
- 운영 기준과 체크리스트 개선
- 결과 데이터 또는 피드백을 반영한 품질 개선","- 경력 5년 이상 조건에 맞는 관련 실무 경험 또는 역량 보유
- 스케줄, 이동 동선, 계약 일정, 현장 이슈에 필요한 도구·절차를 이해하고 실무 적용이 가능한 분
- 업무 내용을 정확히 기록하고 일정에 맞춰 결과물을 제출할 수 있는 분
- 유관 부서와 원활하게 소통하며 협업할 수 있는 분
- 근무지 출퇴근 및 직무 수행이 가능한 분","- PMP 보유자
- 컨벤션기획사 2급 보유자
- 스케줄, 이동 동선, 계약 일정, 현장 이슈 관련 프로젝트 또는 현장 수행 경험
- 업무용 문서·보고서 작성 및 이력 관리 경험
- 유관 부서·외부 협력사와의 일정 조율 경험","- 지원서 또는 제출서류를 허위로 기재한 경우
- 채용 과정에서 요구한 증빙서류를 제출하지 못한 경우
- 채용검진 결과 직무 수행이 어렵다고 판단되는 경우
- 해외여행 및 근무에 결격사유가 있는 경우
- 관련 법령 또는 내부 인사규정상 채용이 불가능한 경우",서류전형 > 직무과제 > 실무면접 > 처우협의
1998,연예인·매니저 담당자 공개채용,131,200,20260211,20260226,15,신입·경력,계약직,충청남도,학력무관,"연예인·매니저 포지션은 아티스트 일정·현장·대외 협업을 관리 역할입니다. 담당 업무의 목표와 우선순위를 명확히 설정하고, 일정과 품질 기준을 함께 관리합니다.

스케줄, 이동 동선, 계약 일정, 현장 이슈를 중심으로 실무를 수행하며, 요구사항과 결과물을 문서화해 업무 흐름이 누락되지 않도록 합니다.

기획·운영·현장 담당자 및 외부 협력 파트너와 수시로 협업합니다. 변경 사항은 영향 범위를 검토한 뒤 대안을 제시하고 합의된 방식으로 반영합니다.

문제 발생 시 사실관계와 원인을 먼저 확인하고, 재발 방지 방안을 업무 절차에 반영합니다. 입사 후에는 담당 영역의 실행력을 높이고, 정확성·일정 준수·이용자 관점의 완성도를 중요한 기준으로 삼습니다.","- 스케줄, 이동 동선, 계약 일정, 현장 이슈 관련 업무 계획 수립 및 실행
- 담당 과제의 일정·진행 현황 관리
- 업무 산출물 작성 및 검토 이력 관리
- 유관 부서 및 외부 협력 대상과 실무 조율
- 현장·시스템·자료에서 발생한 이슈 분석 및 조치
- 운영 기준과 체크리스트 개선
- 결과 데이터 또는 피드백을 반영한 품질 개선","- 신입·경력 조건에 맞는 관련 실무 경험 또는 역량 보유
- 스케줄, 이동 동선, 계약 일정, 현장 이슈에 필요한 도구·절차를 이해하고 실무 적용이 가능한 분
- 업무 내용을 정확히 기록하고 일정에 맞춰 결과물을 제출할 수 있는 분
- 유관 부서와 원활하게 소통하며 협업할 수 있는 분
- 근무지 출퇴근 및 직무 수행이 가능한 분","- PMP 보유자
- 컨벤션기획사 2급 보유자
- 스케줄, 이동 동선, 계약 일정, 현장 이슈 관련 프로젝트 또는 현장 수행 경험
- 업무용 문서·보고서 작성 및 이력 관리 경험
- 유관 부서·외부 협력사와의 일정 조율 경험","- 지원서 또는 제출서류를 허위로 기재한 경우
- 채용 과정에서 요구한 증빙서류를 제출하지 못한 경우
- 채용검진 결과 직무 수행이 어렵다고 판단되는 경우
- 해외여행 및 근무에 결격사유가 있는 경우
- 관련 법령 또는 내부 인사규정상 채용이 불가능한 경우",서류전형 > 1차면접 > 2차면접 > 채용검진
1999,연예인·매니저 정규직 모집,100,200,20260316,20260403,17,경력 2년 이상,정규직,경상남도,학사 이상,"연예인·매니저 포지션은 아티스트 일정·현장·대외 협업을 관리 역할입니다. 담당 업무의 목표와 우선순위를 명확히 설정하고, 일정과 품질 기준을 함께 관리합니다.

스케줄, 이동 동선, 계약 일정, 현장 이슈를 중심으로 실무를 수행하며, 요구사항과 결과물을 문서화해 업무 흐름이 누락되지 않도록 합니다.

기획·운영·현장 담당자 및 외부 협력 파트너와 수시로 협업합니다. 변경 사항은 영향 범위를 검토한 뒤 대안을 제시하고 합의된 방식으로 반영합니다.

문제 발생 시 사실관계와 원인을 먼저 확인하고, 재발 방지 방안을 업무 절차에 반영합니다. 입사 후에는 담당 영역의 실행력을 높이고, 정확성·일정 준수·이용자 관점의 완성도를 중요한 기준으로 삼습니다.","- 스케줄, 이동 동선, 계약 일정, 현장 이슈 관련 업무 계획 수립 및 실행
- 담당 과제의 일정·진행 현황 관리
- 업무 산출물 작성 및 검토 이력 관리
- 유관 부서 및 외부 협력 대상과 실무 조율
- 현장·시스템·자료에서 발생한 이슈 분석 및 조치
- 운영 기준과 체크리스트 개선
- 결과 데이터 또는 피드백을 반영한 품질 개선","- 경력 2년 이상 조건에 맞는 관련 실무 경험 또는 역량 보유
- 스케줄, 이동 동선, 계약 일정, 현장 이슈에 필요한 도구·절차를 이해하고 실무 적용이 가능한 분
- 업무 내용을 정확히 기록하고 일정에 맞춰 결과물을 제출할 수 있는 분
- 유관 부서와 원활하게 소통하며 협업할 수 있는 분
- 근무지 출퇴근 및 직무 수행이 가능한 분","- PMP 보유자
- 컨벤션기획사 2급 보유자
- 스케줄, 이동 동선, 계약 일정, 현장 이슈 관련 프로젝트 또는 현장 수행 경험
- 업무용 문서·보고서 작성 및 이력 관리 경험
- 유관 부서·외부 협력사와의 일정 조율 경험","- 지원서 또는 제출서류를 허위로 기재한 경우
- 채용 과정에서 요구한 증빙서류를 제출하지 못한 경우
- 채용검진 결과 직무 수행이 어렵다고 판단되는 경우
- 해외여행 및 근무에 결격사유가 있는 경우
- 관련 법령 또는 내부 인사규정상 채용이 불가능한 경우",서류전형 > 실무면접 > 최종면접
2000,연예인·매니저 채용,125,200,20260421,20260512,19,경력,정규직,전북특별자치도,전문학사 이상,"연예인·매니저 포지션은 아티스트 일정·현장·대외 협업을 관리 역할입니다. 담당 업무의 목표와 우선순위를 명확히 설정하고, 일정과 품질 기준을 함께 관리합니다.

스케줄, 이동 동선, 계약 일정, 현장 이슈를 중심으로 실무를 수행하며, 요구사항과 결과물을 문서화해 업무 흐름이 누락되지 않도록 합니다.

기획·운영·현장 담당자 및 외부 협력 파트너와 수시로 협업합니다. 변경 사항은 영향 범위를 검토한 뒤 대안을 제시하고 합의된 방식으로 반영합니다.

문제 발생 시 사실관계와 원인을 먼저 확인하고, 재발 방지 방안을 업무 절차에 반영합니다. 입사 후에는 담당 영역의 실행력을 높이고, 정확성·일정 준수·이용자 관점의 완성도를 중요한 기준으로 삼습니다.","- 스케줄, 이동 동선, 계약 일정, 현장 이슈 관련 업무 계획 수립 및 실행
- 담당 과제의 일정·진행 현황 관리
- 업무 산출물 작성 및 검토 이력 관리
- 유관 부서 및 외부 협력 대상과 실무 조율
- 현장·시스템·자료에서 발생한 이슈 분석 및 조치
- 운영 기준과 체크리스트 개선
- 결과 데이터 또는 피드백을 반영한 품질 개선","- 경력 조건에 맞는 관련 실무 경험 또는 역량 보유
- 스케줄, 이동 동선, 계약 일정, 현장 이슈에 필요한 도구·절차를 이해하고 실무 적용이 가능한 분
- 업무 내용을 정확히 기록하고 일정에 맞춰 결과물을 제출할 수 있는 분
- 유관 부서와 원활하게 소통하며 협업할 수 있는 분
- 근무지 출퇴근 및 직무 수행이 가능한 분","- PMP 보유자
- 컨벤션기획사 2급 보유자
- 스케줄, 이동 동선, 계약 일정, 현장 이슈 관련 프로젝트 또는 현장 수행 경험
- 업무용 문서·보고서 작성 및 이력 관리 경험
- 유관 부서·외부 협력사와의 일정 조율 경험","- 지원서 또는 제출서류를 허위로 기재한 경우
- 채용 과정에서 요구한 증빙서류를 제출하지 못한 경우
- 채용검진 결과 직무 수행이 어렵다고 판단되는 경우
- 해외여행 및 근무에 결격사유가 있는 경우
- 관련 법령 또는 내부 인사규정상 채용이 불가능한 경우",서류전형 > 인성검사 > 실무면접 > 최종면접
2001,인플루언서 담당자 모집,112,201,20260504,20260604,2,신입,정규직,서울특별시,학력무관,"인플루언서 포지션은 개인·브랜드 채널의 콘텐츠 제작과 커뮤니티 운영 역할입니다. 담당 업무의 목표와 우선순위를 명확히 설정하고, 일정과 품질 기준을 함께 관리합니다.

콘텐츠 기획, 촬영, 편집, 성과 분석를 중심으로 실무를 수행하며, 요구사항과 결과물을 문서화해 업무 흐름이 누락되지 않도록 합니다.

기획·운영·현장 담당자 및 외부 협력 파트너와 수시로 협업합니다. 변경 사항은 영향 범위를 검토한 뒤 대안을 제시하고 합의된 방식으로 반영합니다.

문제 발생 시 사실관계와 원인을 먼저 확인하고, 재발 방지 방안을 업무 절차에 반영합니다. 입사 후에는 담당 영역의 실행력을 높이고, 정확성·일정 준수·이용자 관점의 완성도를 중요한 기준으로 삼습니다.","- 콘텐츠 기획, 촬영, 편집, 성과 분석 관련 업무 계획 수립 및 실행
- 담당 과제의 일정·진행 현황 관리
- 업무 산출물 작성 및 검토 이력 관리
- 유관 부서 및 외부 협력 대상과 실무 조율
- 현장·시스템·자료에서 발생한 이슈 분석 및 조치
- 운영 기준과 체크리스트 개선
- 결과 데이터 또는 피드백을 반영한 품질 개선","- 신입 조건에 맞는 관련 실무 경험 또는 역량 보유
- 콘텐츠 기획, 촬영, 편집, 성과 분석에 필요한 도구·절차를 이해하고 실무 적용이 가능한 분
- 업무 내용을 정확히 기록하고 일정에 맞춰 결과물을 제출할 수 있는 분
- 유관 부서와 원활하게 소통하며 협업할 수 있는 분
- 근무지 출퇴근 및 직무 수행이 가능한 분","- GTQ 그래픽기술자격 1급 보유자
- Adobe Certified Professional 보유자
- 콘텐츠 기획, 촬영, 편집, 성과 분석 관련 프로젝트 또는 현장 수행 경험
- 업무용 문서·보고서 작성 및 이력 관리 경험
- 유관 부서·외부 협력사와의 일정 조율 경험","- 지원서 또는 제출서류를 허위로 기재한 경우
- 채용 과정에서 요구한 증빙서류를 제출하지 못한 경우
- 채용검진 결과 직무 수행이 어렵다고 판단되는 경우
- 해외여행 및 근무에 결격사유가 있는 경우
- 관련 법령 또는 내부 인사규정상 채용이 불가능한 경우",서류전형 > 실무면접 > 최종면접
2002,인플루언서 실무자 채용,17,201,20260609,20260713,4,경력,계약직,경기도,전문학사 이상,"인플루언서 포지션은 개인·브랜드 채널의 콘텐츠 제작과 커뮤니티 운영 역할입니다. 담당 업무의 목표와 우선순위를 명확히 설정하고, 일정과 품질 기준을 함께 관리합니다.

콘텐츠 기획, 촬영, 편집, 성과 분석를 중심으로 실무를 수행하며, 요구사항과 결과물을 문서화해 업무 흐름이 누락되지 않도록 합니다.

기획·운영·현장 담당자 및 외부 협력 파트너와 수시로 협업합니다. 변경 사항은 영향 범위를 검토한 뒤 대안을 제시하고 합의된 방식으로 반영합니다.

문제 발생 시 사실관계와 원인을 먼저 확인하고, 재발 방지 방안을 업무 절차에 반영합니다. 입사 후에는 담당 영역의 실행력을 높이고, 정확성·일정 준수·이용자 관점의 완성도를 중요한 기준으로 삼습니다.","- 콘텐츠 기획, 촬영, 편집, 성과 분석 관련 업무 계획 수립 및 실행
- 담당 과제의 일정·진행 현황 관리
- 업무 산출물 작성 및 검토 이력 관리
- 유관 부서 및 외부 협력 대상과 실무 조율
- 현장·시스템·자료에서 발생한 이슈 분석 및 조치
- 운영 기준과 체크리스트 개선
- 결과 데이터 또는 피드백을 반영한 품질 개선","- 경력 조건에 맞는 관련 실무 경험 또는 역량 보유
- 콘텐츠 기획, 촬영, 편집, 성과 분석에 필요한 도구·절차를 이해하고 실무 적용이 가능한 분
- 업무 내용을 정확히 기록하고 일정에 맞춰 결과물을 제출할 수 있는 분
- 유관 부서와 원활하게 소통하며 협업할 수 있는 분
- 근무지 출퇴근 및 직무 수행이 가능한 분","- GTQ 그래픽기술자격 1급 보유자
- Adobe Certified Professional 보유자
- 콘텐츠 기획, 촬영, 편집, 성과 분석 관련 프로젝트 또는 현장 수행 경험
- 업무용 문서·보고서 작성 및 이력 관리 경험
- 유관 부서·외부 협력사와의 일정 조율 경험","- 지원서 또는 제출서류를 허위로 기재한 경우
- 채용 과정에서 요구한 증빙서류를 제출하지 못한 경우
- 채용검진 결과 직무 수행이 어렵다고 판단되는 경우
- 해외여행 및 근무에 결격사유가 있는 경우
- 관련 법령 또는 내부 인사규정상 채용이 불가능한 경우",서류전형 > 인성검사 > 실무면접 > 최종면접
2003,인플루언서 전문인력 채용,72,201,20260714,20260820,6,신입·경력,정규직,인천광역시,학사 이상,"인플루언서 포지션은 개인·브랜드 채널의 콘텐츠 제작과 커뮤니티 운영 역할입니다. 담당 업무의 목표와 우선순위를 명확히 설정하고, 일정과 품질 기준을 함께 관리합니다.

콘텐츠 기획, 촬영, 편집, 성과 분석를 중심으로 실무를 수행하며, 요구사항과 결과물을 문서화해 업무 흐름이 누락되지 않도록 합니다.

기획·운영·현장 담당자 및 외부 협력 파트너와 수시로 협업합니다. 변경 사항은 영향 범위를 검토한 뒤 대안을 제시하고 합의된 방식으로 반영합니다.

문제 발생 시 사실관계와 원인을 먼저 확인하고, 재발 방지 방안을 업무 절차에 반영합니다. 입사 후에는 담당 영역의 실행력을 높이고, 정확성·일정 준수·이용자 관점의 완성도를 중요한 기준으로 삼습니다.","- 콘텐츠 기획, 촬영, 편집, 성과 분석 관련 업무 계획 수립 및 실행
- 담당 과제의 일정·진행 현황 관리
- 업무 산출물 작성 및 검토 이력 관리
- 유관 부서 및 외부 협력 대상과 실무 조율
- 현장·시스템·자료에서 발생한 이슈 분석 및 조치
- 운영 기준과 체크리스트 개선
- 결과 데이터 또는 피드백을 반영한 품질 개선","- 신입·경력 조건에 맞는 관련 실무 경험 또는 역량 보유
- 콘텐츠 기획, 촬영, 편집, 성과 분석에 필요한 도구·절차를 이해하고 실무 적용이 가능한 분
- 업무 내용을 정확히 기록하고 일정에 맞춰 결과물을 제출할 수 있는 분
- 유관 부서와 원활하게 소통하며 협업할 수 있는 분
- 근무지 출퇴근 및 직무 수행이 가능한 분","- GTQ 그래픽기술자격 1급 보유자
- Adobe Certified Professional 보유자
- 콘텐츠 기획, 촬영, 편집, 성과 분석 관련 프로젝트 또는 현장 수행 경험
- 업무용 문서·보고서 작성 및 이력 관리 경험
- 유관 부서·외부 협력사와의 일정 조율 경험","- 지원서 또는 제출서류를 허위로 기재한 경우
- 채용 과정에서 요구한 증빙서류를 제출하지 못한 경우
- 채용검진 결과 직무 수행이 어렵다고 판단되는 경우
- 해외여행 및 근무에 결격사유가 있는 경우
- 관련 법령 또는 내부 인사규정상 채용이 불가능한 경우",서류전형 > 직무과제 > 실무면접 > 처우협의
2004,인플루언서 운영 담당 채용,151,201,20260819,20260928,8,경력 2년 이상,정규직,대전광역시,학사 이상,"인플루언서 포지션은 개인·브랜드 채널의 콘텐츠 제작과 커뮤니티 운영 역할입니다. 담당 업무의 목표와 우선순위를 명확히 설정하고, 일정과 품질 기준을 함께 관리합니다.

콘텐츠 기획, 촬영, 편집, 성과 분석를 중심으로 실무를 수행하며, 요구사항과 결과물을 문서화해 업무 흐름이 누락되지 않도록 합니다.

기획·운영·현장 담당자 및 외부 협력 파트너와 수시로 협업합니다. 변경 사항은 영향 범위를 검토한 뒤 대안을 제시하고 합의된 방식으로 반영합니다.

문제 발생 시 사실관계와 원인을 먼저 확인하고, 재발 방지 방안을 업무 절차에 반영합니다. 입사 후에는 담당 영역의 실행력을 높이고, 정확성·일정 준수·이용자 관점의 완성도를 중요한 기준으로 삼습니다.","- 콘텐츠 기획, 촬영, 편집, 성과 분석 관련 업무 계획 수립 및 실행
- 담당 과제의 일정·진행 현황 관리
- 업무 산출물 작성 및 검토 이력 관리
- 유관 부서 및 외부 협력 대상과 실무 조율
- 현장·시스템·자료에서 발생한 이슈 분석 및 조치
- 운영 기준과 체크리스트 개선
- 결과 데이터 또는 피드백을 반영한 품질 개선","- 경력 2년 이상 조건에 맞는 관련 실무 경험 또는 역량 보유
- 콘텐츠 기획, 촬영, 편집, 성과 분석에 필요한 도구·절차를 이해하고 실무 적용이 가능한 분
- 업무 내용을 정확히 기록하고 일정에 맞춰 결과물을 제출할 수 있는 분
- 유관 부서와 원활하게 소통하며 협업할 수 있는 분
- 근무지 출퇴근 및 직무 수행이 가능한 분","- GTQ 그래픽기술자격 1급 보유자
- Adobe Certified Professional 보유자
- 콘텐츠 기획, 촬영, 편집, 성과 분석 관련 프로젝트 또는 현장 수행 경험
- 업무용 문서·보고서 작성 및 이력 관리 경험
- 유관 부서·외부 협력사와의 일정 조율 경험","- 지원서 또는 제출서류를 허위로 기재한 경우
- 채용 과정에서 요구한 증빙서류를 제출하지 못한 경우
- 채용검진 결과 직무 수행이 어렵다고 판단되는 경우
- 해외여행 및 근무에 결격사유가 있는 경우
- 관련 법령 또는 내부 인사규정상 채용이 불가능한 경우",서류전형 > 1차면접 > 2차면접 > 채용검진
2005,인플루언서 프로젝트 인재 모집,129,201,20260924,20261106,10,경력 3년 이상,무기계약직,부산광역시,학력무관,"인플루언서 포지션은 개인·브랜드 채널의 콘텐츠 제작과 커뮤니티 운영 역할입니다. 담당 업무의 목표와 우선순위를 명확히 설정하고, 일정과 품질 기준을 함께 관리합니다.

콘텐츠 기획, 촬영, 편집, 성과 분석를 중심으로 실무를 수행하며, 요구사항과 결과물을 문서화해 업무 흐름이 누락되지 않도록 합니다.

기획·운영·현장 담당자 및 외부 협력 파트너와 수시로 협업합니다. 변경 사항은 영향 범위를 검토한 뒤 대안을 제시하고 합의된 방식으로 반영합니다.

문제 발생 시 사실관계와 원인을 먼저 확인하고, 재발 방지 방안을 업무 절차에 반영합니다. 입사 후에는 담당 영역의 실행력을 높이고, 정확성·일정 준수·이용자 관점의 완성도를 중요한 기준으로 삼습니다.","- 콘텐츠 기획, 촬영, 편집, 성과 분석 관련 업무 계획 수립 및 실행
- 담당 과제의 일정·진행 현황 관리
- 업무 산출물 작성 및 검토 이력 관리
- 유관 부서 및 외부 협력 대상과 실무 조율
- 현장·시스템·자료에서 발생한 이슈 분석 및 조치
- 운영 기준과 체크리스트 개선
- 결과 데이터 또는 피드백을 반영한 품질 개선","- 경력 3년 이상 조건에 맞는 관련 실무 경험 또는 역량 보유
- 콘텐츠 기획, 촬영, 편집, 성과 분석에 필요한 도구·절차를 이해하고 실무 적용이 가능한 분
- 업무 내용을 정확히 기록하고 일정에 맞춰 결과물을 제출할 수 있는 분
- 유관 부서와 원활하게 소통하며 협업할 수 있는 분
- 근무지 출퇴근 및 직무 수행이 가능한 분","- GTQ 그래픽기술자격 1급 보유자
- Adobe Certified Professional 보유자
- 콘텐츠 기획, 촬영, 편집, 성과 분석 관련 프로젝트 또는 현장 수행 경험
- 업무용 문서·보고서 작성 및 이력 관리 경험
- 유관 부서·외부 협력사와의 일정 조율 경험","- 지원서 또는 제출서류를 허위로 기재한 경우
- 채용 과정에서 요구한 증빙서류를 제출하지 못한 경우
- 채용검진 결과 직무 수행이 어렵다고 판단되는 경우
- 해외여행 및 근무에 결격사유가 있는 경우
- 관련 법령 또는 내부 인사규정상 채용이 불가능한 경우",서류전형 > 실무면접 > 최종면접
2006,인플루언서 전담 인력 채용,125,201,20261004,20261014,12,경력 무관,기간제,광주광역시,전문학사 이상,"인플루언서 포지션은 개인·브랜드 채널의 콘텐츠 제작과 커뮤니티 운영 역할입니다. 담당 업무의 목표와 우선순위를 명확히 설정하고, 일정과 품질 기준을 함께 관리합니다.

콘텐츠 기획, 촬영, 편집, 성과 분석를 중심으로 실무를 수행하며, 요구사항과 결과물을 문서화해 업무 흐름이 누락되지 않도록 합니다.

기획·운영·현장 담당자 및 외부 협력 파트너와 수시로 협업합니다. 변경 사항은 영향 범위를 검토한 뒤 대안을 제시하고 합의된 방식으로 반영합니다.

문제 발생 시 사실관계와 원인을 먼저 확인하고, 재발 방지 방안을 업무 절차에 반영합니다. 입사 후에는 담당 영역의 실행력을 높이고, 정확성·일정 준수·이용자 관점의 완성도를 중요한 기준으로 삼습니다.","- 콘텐츠 기획, 촬영, 편집, 성과 분석 관련 업무 계획 수립 및 실행
- 담당 과제의 일정·진행 현황 관리
- 업무 산출물 작성 및 검토 이력 관리
- 유관 부서 및 외부 협력 대상과 실무 조율
- 현장·시스템·자료에서 발생한 이슈 분석 및 조치
- 운영 기준과 체크리스트 개선
- 결과 데이터 또는 피드백을 반영한 품질 개선","- 경력 무관 조건에 맞는 관련 실무 경험 또는 역량 보유
- 콘텐츠 기획, 촬영, 편집, 성과 분석에 필요한 도구·절차를 이해하고 실무 적용이 가능한 분
- 업무 내용을 정확히 기록하고 일정에 맞춰 결과물을 제출할 수 있는 분
- 유관 부서와 원활하게 소통하며 협업할 수 있는 분
- 근무지 출퇴근 및 직무 수행이 가능한 분","- GTQ 그래픽기술자격 1급 보유자
- Adobe Certified Professional 보유자
- 콘텐츠 기획, 촬영, 편집, 성과 분석 관련 프로젝트 또는 현장 수행 경험
- 업무용 문서·보고서 작성 및 이력 관리 경험
- 유관 부서·외부 협력사와의 일정 조율 경험","- 지원서 또는 제출서류를 허위로 기재한 경우
- 채용 과정에서 요구한 증빙서류를 제출하지 못한 경우
- 채용검진 결과 직무 수행이 어렵다고 판단되는 경우
- 해외여행 및 근무에 결격사유가 있는 경우
- 관련 법령 또는 내부 인사규정상 채용이 불가능한 경우",서류전형 > 인성검사 > 실무면접 > 최종면접
2007,인플루언서 실무 인재 모집,105,201,20260209,20260222,14,경력 5년 이상,정규직,세종특별자치시,학사 이상,"인플루언서 포지션은 개인·브랜드 채널의 콘텐츠 제작과 커뮤니티 운영 역할입니다. 담당 업무의 목표와 우선순위를 명확히 설정하고, 일정과 품질 기준을 함께 관리합니다.

콘텐츠 기획, 촬영, 편집, 성과 분석를 중심으로 실무를 수행하며, 요구사항과 결과물을 문서화해 업무 흐름이 누락되지 않도록 합니다.

기획·운영·현장 담당자 및 외부 협력 파트너와 수시로 협업합니다. 변경 사항은 영향 범위를 검토한 뒤 대안을 제시하고 합의된 방식으로 반영합니다.

문제 발생 시 사실관계와 원인을 먼저 확인하고, 재발 방지 방안을 업무 절차에 반영합니다. 입사 후에는 담당 영역의 실행력을 높이고, 정확성·일정 준수·이용자 관점의 완성도를 중요한 기준으로 삼습니다.","- 콘텐츠 기획, 촬영, 편집, 성과 분석 관련 업무 계획 수립 및 실행
- 담당 과제의 일정·진행 현황 관리
- 업무 산출물 작성 및 검토 이력 관리
- 유관 부서 및 외부 협력 대상과 실무 조율
- 현장·시스템·자료에서 발생한 이슈 분석 및 조치
- 운영 기준과 체크리스트 개선
- 결과 데이터 또는 피드백을 반영한 품질 개선","- 경력 5년 이상 조건에 맞는 관련 실무 경험 또는 역량 보유
- 콘텐츠 기획, 촬영, 편집, 성과 분석에 필요한 도구·절차를 이해하고 실무 적용이 가능한 분
- 업무 내용을 정확히 기록하고 일정에 맞춰 결과물을 제출할 수 있는 분
- 유관 부서와 원활하게 소통하며 협업할 수 있는 분
- 근무지 출퇴근 및 직무 수행이 가능한 분","- GTQ 그래픽기술자격 1급 보유자
- Adobe Certified Professional 보유자
- 콘텐츠 기획, 촬영, 편집, 성과 분석 관련 프로젝트 또는 현장 수행 경험
- 업무용 문서·보고서 작성 및 이력 관리 경험
- 유관 부서·외부 협력사와의 일정 조율 경험","- 지원서 또는 제출서류를 허위로 기재한 경우
- 채용 과정에서 요구한 증빙서류를 제출하지 못한 경우
- 채용검진 결과 직무 수행이 어렵다고 판단되는 경우
- 해외여행 및 근무에 결격사유가 있는 경우
- 관련 법령 또는 내부 인사규정상 채용이 불가능한 경우",서류전형 > 직무과제 > 실무면접 > 처우협의
2008,인플루언서 담당자 공개채용,37,201,20260314,20260330,16,신입·경력,계약직,충청남도,학력무관,"인플루언서 포지션은 개인·브랜드 채널의 콘텐츠 제작과 커뮤니티 운영 역할입니다. 담당 업무의 목표와 우선순위를 명확히 설정하고, 일정과 품질 기준을 함께 관리합니다.

콘텐츠 기획, 촬영, 편집, 성과 분석를 중심으로 실무를 수행하며, 요구사항과 결과물을 문서화해 업무 흐름이 누락되지 않도록 합니다.

기획·운영·현장 담당자 및 외부 협력 파트너와 수시로 협업합니다. 변경 사항은 영향 범위를 검토한 뒤 대안을 제시하고 합의된 방식으로 반영합니다.

문제 발생 시 사실관계와 원인을 먼저 확인하고, 재발 방지 방안을 업무 절차에 반영합니다. 입사 후에는 담당 영역의 실행력을 높이고, 정확성·일정 준수·이용자 관점의 완성도를 중요한 기준으로 삼습니다.","- 콘텐츠 기획, 촬영, 편집, 성과 분석 관련 업무 계획 수립 및 실행
- 담당 과제의 일정·진행 현황 관리
- 업무 산출물 작성 및 검토 이력 관리
- 유관 부서 및 외부 협력 대상과 실무 조율
- 현장·시스템·자료에서 발생한 이슈 분석 및 조치
- 운영 기준과 체크리스트 개선
- 결과 데이터 또는 피드백을 반영한 품질 개선","- 신입·경력 조건에 맞는 관련 실무 경험 또는 역량 보유
- 콘텐츠 기획, 촬영, 편집, 성과 분석에 필요한 도구·절차를 이해하고 실무 적용이 가능한 분
- 업무 내용을 정확히 기록하고 일정에 맞춰 결과물을 제출할 수 있는 분
- 유관 부서와 원활하게 소통하며 협업할 수 있는 분
- 근무지 출퇴근 및 직무 수행이 가능한 분","- GTQ 그래픽기술자격 1급 보유자
- Adobe Certified Professional 보유자
- 콘텐츠 기획, 촬영, 편집, 성과 분석 관련 프로젝트 또는 현장 수행 경험
- 업무용 문서·보고서 작성 및 이력 관리 경험
- 유관 부서·외부 협력사와의 일정 조율 경험","- 지원서 또는 제출서류를 허위로 기재한 경우
- 채용 과정에서 요구한 증빙서류를 제출하지 못한 경우
- 채용검진 결과 직무 수행이 어렵다고 판단되는 경우
- 해외여행 및 근무에 결격사유가 있는 경우
- 관련 법령 또는 내부 인사규정상 채용이 불가능한 경우",서류전형 > 1차면접 > 2차면접 > 채용검진
2009,인플루언서 정규직 모집,19,201,20260419,20260508,18,경력 2년 이상,정규직,경상남도,학사 이상,"인플루언서 포지션은 개인·브랜드 채널의 콘텐츠 제작과 커뮤니티 운영 역할입니다. 담당 업무의 목표와 우선순위를 명확히 설정하고, 일정과 품질 기준을 함께 관리합니다.

콘텐츠 기획, 촬영, 편집, 성과 분석를 중심으로 실무를 수행하며, 요구사항과 결과물을 문서화해 업무 흐름이 누락되지 않도록 합니다.

기획·운영·현장 담당자 및 외부 협력 파트너와 수시로 협업합니다. 변경 사항은 영향 범위를 검토한 뒤 대안을 제시하고 합의된 방식으로 반영합니다.

문제 발생 시 사실관계와 원인을 먼저 확인하고, 재발 방지 방안을 업무 절차에 반영합니다. 입사 후에는 담당 영역의 실행력을 높이고, 정확성·일정 준수·이용자 관점의 완성도를 중요한 기준으로 삼습니다.","- 콘텐츠 기획, 촬영, 편집, 성과 분석 관련 업무 계획 수립 및 실행
- 담당 과제의 일정·진행 현황 관리
- 업무 산출물 작성 및 검토 이력 관리
- 유관 부서 및 외부 협력 대상과 실무 조율
- 현장·시스템·자료에서 발생한 이슈 분석 및 조치
- 운영 기준과 체크리스트 개선
- 결과 데이터 또는 피드백을 반영한 품질 개선","- 경력 2년 이상 조건에 맞는 관련 실무 경험 또는 역량 보유
- 콘텐츠 기획, 촬영, 편집, 성과 분석에 필요한 도구·절차를 이해하고 실무 적용이 가능한 분
- 업무 내용을 정확히 기록하고 일정에 맞춰 결과물을 제출할 수 있는 분
- 유관 부서와 원활하게 소통하며 협업할 수 있는 분
- 근무지 출퇴근 및 직무 수행이 가능한 분","- GTQ 그래픽기술자격 1급 보유자
- Adobe Certified Professional 보유자
- 콘텐츠 기획, 촬영, 편집, 성과 분석 관련 프로젝트 또는 현장 수행 경험
- 업무용 문서·보고서 작성 및 이력 관리 경험
- 유관 부서·외부 협력사와의 일정 조율 경험","- 지원서 또는 제출서류를 허위로 기재한 경우
- 채용 과정에서 요구한 증빙서류를 제출하지 못한 경우
- 채용검진 결과 직무 수행이 어렵다고 판단되는 경우
- 해외여행 및 근무에 결격사유가 있는 경우
- 관련 법령 또는 내부 인사규정상 채용이 불가능한 경우",서류전형 > 실무면접 > 최종면접
2010,인플루언서 채용,45,201,20260524,20260615,20,경력,정규직,전북특별자치도,전문학사 이상,"인플루언서 포지션은 개인·브랜드 채널의 콘텐츠 제작과 커뮤니티 운영 역할입니다. 담당 업무의 목표와 우선순위를 명확히 설정하고, 일정과 품질 기준을 함께 관리합니다.

콘텐츠 기획, 촬영, 편집, 성과 분석를 중심으로 실무를 수행하며, 요구사항과 결과물을 문서화해 업무 흐름이 누락되지 않도록 합니다.

기획·운영·현장 담당자 및 외부 협력 파트너와 수시로 협업합니다. 변경 사항은 영향 범위를 검토한 뒤 대안을 제시하고 합의된 방식으로 반영합니다.

문제 발생 시 사실관계와 원인을 먼저 확인하고, 재발 방지 방안을 업무 절차에 반영합니다. 입사 후에는 담당 영역의 실행력을 높이고, 정확성·일정 준수·이용자 관점의 완성도를 중요한 기준으로 삼습니다.","- 콘텐츠 기획, 촬영, 편집, 성과 분석 관련 업무 계획 수립 및 실행
- 담당 과제의 일정·진행 현황 관리
- 업무 산출물 작성 및 검토 이력 관리
- 유관 부서 및 외부 협력 대상과 실무 조율
- 현장·시스템·자료에서 발생한 이슈 분석 및 조치
- 운영 기준과 체크리스트 개선
- 결과 데이터 또는 피드백을 반영한 품질 개선","- 경력 조건에 맞는 관련 실무 경험 또는 역량 보유
- 콘텐츠 기획, 촬영, 편집, 성과 분석에 필요한 도구·절차를 이해하고 실무 적용이 가능한 분
- 업무 내용을 정확히 기록하고 일정에 맞춰 결과물을 제출할 수 있는 분
- 유관 부서와 원활하게 소통하며 협업할 수 있는 분
- 근무지 출퇴근 및 직무 수행이 가능한 분","- GTQ 그래픽기술자격 1급 보유자
- Adobe Certified Professional 보유자
- 콘텐츠 기획, 촬영, 편집, 성과 분석 관련 프로젝트 또는 현장 수행 경험
- 업무용 문서·보고서 작성 및 이력 관리 경험
- 유관 부서·외부 협력사와의 일정 조율 경험","- 지원서 또는 제출서류를 허위로 기재한 경우
- 채용 과정에서 요구한 증빙서류를 제출하지 못한 경우
- 채용검진 결과 직무 수행이 어렵다고 판단되는 경우
- 해외여행 및 근무에 결격사유가 있는 경우
- 관련 법령 또는 내부 인사규정상 채용이 불가능한 경우",서류전형 > 인성검사 > 실무면접 > 최종면접
2011,통번역사 담당자 모집,2,202,20260607,20260709,3,신입,정규직,서울특별시,학력무관,"통번역사 포지션은 회의·문서·콘텐츠의 정확한 통역 및 번역 역할입니다. 담당 업무의 목표와 우선순위를 명확히 설정하고, 일정과 품질 기준을 함께 관리합니다.

용어집, 번역 메모리, 회의 자료, 검수본를 중심으로 실무를 수행하며, 요구사항과 결과물을 문서화해 업무 흐름이 누락되지 않도록 합니다.

기획·운영·현장 담당자 및 외부 협력 파트너와 수시로 협업합니다. 변경 사항은 영향 범위를 검토한 뒤 대안을 제시하고 합의된 방식으로 반영합니다.

문제 발생 시 사실관계와 원인을 먼저 확인하고, 재발 방지 방안을 업무 절차에 반영합니다. 입사 후에는 담당 영역의 실행력을 높이고, 정확성·일정 준수·이용자 관점의 완성도를 중요한 기준으로 삼습니다.","- 용어집, 번역 메모리, 회의 자료, 검수본 관련 업무 계획 수립 및 실행
- 담당 과제의 일정·진행 현황 관리
- 업무 산출물 작성 및 검토 이력 관리
- 유관 부서 및 외부 협력 대상과 실무 조율
- 현장·시스템·자료에서 발생한 이슈 분석 및 조치
- 운영 기준과 체크리스트 개선
- 결과 데이터 또는 피드백을 반영한 품질 개선","- 신입 조건에 맞는 관련 실무 경험 또는 역량 보유
- 용어집, 번역 메모리, 회의 자료, 검수본에 필요한 도구·절차를 이해하고 실무 적용이 가능한 분
- 업무 내용을 정확히 기록하고 일정에 맞춰 결과물을 제출할 수 있는 분
- 유관 부서와 원활하게 소통하며 협업할 수 있는 분
- 근무지 출퇴근 및 직무 수행이 가능한 분","- 관광통역안내사 보유자
- ITT 통번역자격증 보유자
- 용어집, 번역 메모리, 회의 자료, 검수본 관련 프로젝트 또는 현장 수행 경험
- 업무용 문서·보고서 작성 및 이력 관리 경험
- 유관 부서·외부 협력사와의 일정 조율 경험","- 지원서 또는 제출서류를 허위로 기재한 경우
- 채용 과정에서 요구한 증빙서류를 제출하지 못한 경우
- 채용검진 결과 직무 수행이 어렵다고 판단되는 경우
- 해외여행 및 근무에 결격사유가 있는 경우
- 관련 법령 또는 내부 인사규정상 채용이 불가능한 경우",서류전형 > 실무면접 > 최종면접
2012,통번역사 실무자 채용,93,202,20260712,20260816,5,경력,계약직,경기도,전문학사 이상,"통번역사 포지션은 회의·문서·콘텐츠의 정확한 통역 및 번역 역할입니다. 담당 업무의 목표와 우선순위를 명확히 설정하고, 일정과 품질 기준을 함께 관리합니다.

용어집, 번역 메모리, 회의 자료, 검수본를 중심으로 실무를 수행하며, 요구사항과 결과물을 문서화해 업무 흐름이 누락되지 않도록 합니다.

기획·운영·현장 담당자 및 외부 협력 파트너와 수시로 협업합니다. 변경 사항은 영향 범위를 검토한 뒤 대안을 제시하고 합의된 방식으로 반영합니다.

문제 발생 시 사실관계와 원인을 먼저 확인하고, 재발 방지 방안을 업무 절차에 반영합니다. 입사 후에는 담당 영역의 실행력을 높이고, 정확성·일정 준수·이용자 관점의 완성도를 중요한 기준으로 삼습니다.","- 용어집, 번역 메모리, 회의 자료, 검수본 관련 업무 계획 수립 및 실행
- 담당 과제의 일정·진행 현황 관리
- 업무 산출물 작성 및 검토 이력 관리
- 유관 부서 및 외부 협력 대상과 실무 조율
- 현장·시스템·자료에서 발생한 이슈 분석 및 조치
- 운영 기준과 체크리스트 개선
- 결과 데이터 또는 피드백을 반영한 품질 개선","- 경력 조건에 맞는 관련 실무 경험 또는 역량 보유
- 용어집, 번역 메모리, 회의 자료, 검수본에 필요한 도구·절차를 이해하고 실무 적용이 가능한 분
- 업무 내용을 정확히 기록하고 일정에 맞춰 결과물을 제출할 수 있는 분
- 유관 부서와 원활하게 소통하며 협업할 수 있는 분
- 근무지 출퇴근 및 직무 수행이 가능한 분","- 관광통역안내사 보유자
- ITT 통번역자격증 보유자
- 용어집, 번역 메모리, 회의 자료, 검수본 관련 프로젝트 또는 현장 수행 경험
- 업무용 문서·보고서 작성 및 이력 관리 경험
- 유관 부서·외부 협력사와의 일정 조율 경험","- 지원서 또는 제출서류를 허위로 기재한 경우
- 채용 과정에서 요구한 증빙서류를 제출하지 못한 경우
- 채용검진 결과 직무 수행이 어렵다고 판단되는 경우
- 해외여행 및 근무에 결격사유가 있는 경우
- 관련 법령 또는 내부 인사규정상 채용이 불가능한 경우",서류전형 > 인성검사 > 실무면접 > 최종면접
2013,통번역사 전문인력 채용,103,202,20260817,20260924,7,신입·경력,정규직,인천광역시,학사 이상,"통번역사 포지션은 회의·문서·콘텐츠의 정확한 통역 및 번역 역할입니다. 담당 업무의 목표와 우선순위를 명확히 설정하고, 일정과 품질 기준을 함께 관리합니다.

용어집, 번역 메모리, 회의 자료, 검수본를 중심으로 실무를 수행하며, 요구사항과 결과물을 문서화해 업무 흐름이 누락되지 않도록 합니다.

기획·운영·현장 담당자 및 외부 협력 파트너와 수시로 협업합니다. 변경 사항은 영향 범위를 검토한 뒤 대안을 제시하고 합의된 방식으로 반영합니다.

문제 발생 시 사실관계와 원인을 먼저 확인하고, 재발 방지 방안을 업무 절차에 반영합니다. 입사 후에는 담당 영역의 실행력을 높이고, 정확성·일정 준수·이용자 관점의 완성도를 중요한 기준으로 삼습니다.","- 용어집, 번역 메모리, 회의 자료, 검수본 관련 업무 계획 수립 및 실행
- 담당 과제의 일정·진행 현황 관리
- 업무 산출물 작성 및 검토 이력 관리
- 유관 부서 및 외부 협력 대상과 실무 조율
- 현장·시스템·자료에서 발생한 이슈 분석 및 조치
- 운영 기준과 체크리스트 개선
- 결과 데이터 또는 피드백을 반영한 품질 개선","- 신입·경력 조건에 맞는 관련 실무 경험 또는 역량 보유
- 용어집, 번역 메모리, 회의 자료, 검수본에 필요한 도구·절차를 이해하고 실무 적용이 가능한 분
- 업무 내용을 정확히 기록하고 일정에 맞춰 결과물을 제출할 수 있는 분
- 유관 부서와 원활하게 소통하며 협업할 수 있는 분
- 근무지 출퇴근 및 직무 수행이 가능한 분","- 관광통역안내사 보유자
- ITT 통번역자격증 보유자
- 용어집, 번역 메모리, 회의 자료, 검수본 관련 프로젝트 또는 현장 수행 경험
- 업무용 문서·보고서 작성 및 이력 관리 경험
- 유관 부서·외부 협력사와의 일정 조율 경험","- 지원서 또는 제출서류를 허위로 기재한 경우
- 채용 과정에서 요구한 증빙서류를 제출하지 못한 경우
- 채용검진 결과 직무 수행이 어렵다고 판단되는 경우
- 해외여행 및 근무에 결격사유가 있는 경우
- 관련 법령 또는 내부 인사규정상 채용이 불가능한 경우",서류전형 > 직무과제 > 실무면접 > 처우협의
2014,통번역사 운영 담당 채용,31,202,20260922,20261102,9,경력 2년 이상,정규직,대전광역시,학사 이상,"통번역사 포지션은 회의·문서·콘텐츠의 정확한 통역 및 번역 역할입니다. 담당 업무의 목표와 우선순위를 명확히 설정하고, 일정과 품질 기준을 함께 관리합니다.

용어집, 번역 메모리, 회의 자료, 검수본를 중심으로 실무를 수행하며, 요구사항과 결과물을 문서화해 업무 흐름이 누락되지 않도록 합니다.

기획·운영·현장 담당자 및 외부 협력 파트너와 수시로 협업합니다. 변경 사항은 영향 범위를 검토한 뒤 대안을 제시하고 합의된 방식으로 반영합니다.

문제 발생 시 사실관계와 원인을 먼저 확인하고, 재발 방지 방안을 업무 절차에 반영합니다. 입사 후에는 담당 영역의 실행력을 높이고, 정확성·일정 준수·이용자 관점의 완성도를 중요한 기준으로 삼습니다.","- 용어집, 번역 메모리, 회의 자료, 검수본 관련 업무 계획 수립 및 실행
- 담당 과제의 일정·진행 현황 관리
- 업무 산출물 작성 및 검토 이력 관리
- 유관 부서 및 외부 협력 대상과 실무 조율
- 현장·시스템·자료에서 발생한 이슈 분석 및 조치
- 운영 기준과 체크리스트 개선
- 결과 데이터 또는 피드백을 반영한 품질 개선","- 경력 2년 이상 조건에 맞는 관련 실무 경험 또는 역량 보유
- 용어집, 번역 메모리, 회의 자료, 검수본에 필요한 도구·절차를 이해하고 실무 적용이 가능한 분
- 업무 내용을 정확히 기록하고 일정에 맞춰 결과물을 제출할 수 있는 분
- 유관 부서와 원활하게 소통하며 협업할 수 있는 분
- 근무지 출퇴근 및 직무 수행이 가능한 분","- 관광통역안내사 보유자
- ITT 통번역자격증 보유자
- 용어집, 번역 메모리, 회의 자료, 검수본 관련 프로젝트 또는 현장 수행 경험
- 업무용 문서·보고서 작성 및 이력 관리 경험
- 유관 부서·외부 협력사와의 일정 조율 경험","- 지원서 또는 제출서류를 허위로 기재한 경우
- 채용 과정에서 요구한 증빙서류를 제출하지 못한 경우
- 채용검진 결과 직무 수행이 어렵다고 판단되는 경우
- 해외여행 및 근무에 결격사유가 있는 경우
- 관련 법령 또는 내부 인사규정상 채용이 불가능한 경우",서류전형 > 1차면접 > 2차면접 > 채용검진
2015,통번역사 프로젝트 인재 모집,31,202,20261002,20261115,11,경력 3년 이상,무기계약직,부산광역시,학력무관,"통번역사 포지션은 회의·문서·콘텐츠의 정확한 통역 및 번역 역할입니다. 담당 업무의 목표와 우선순위를 명확히 설정하고, 일정과 품질 기준을 함께 관리합니다.

용어집, 번역 메모리, 회의 자료, 검수본를 중심으로 실무를 수행하며, 요구사항과 결과물을 문서화해 업무 흐름이 누락되지 않도록 합니다.

기획·운영·현장 담당자 및 외부 협력 파트너와 수시로 협업합니다. 변경 사항은 영향 범위를 검토한 뒤 대안을 제시하고 합의된 방식으로 반영합니다.

문제 발생 시 사실관계와 원인을 먼저 확인하고, 재발 방지 방안을 업무 절차에 반영합니다. 입사 후에는 담당 영역의 실행력을 높이고, 정확성·일정 준수·이용자 관점의 완성도를 중요한 기준으로 삼습니다.","- 용어집, 번역 메모리, 회의 자료, 검수본 관련 업무 계획 수립 및 실행
- 담당 과제의 일정·진행 현황 관리
- 업무 산출물 작성 및 검토 이력 관리
- 유관 부서 및 외부 협력 대상과 실무 조율
- 현장·시스템·자료에서 발생한 이슈 분석 및 조치
- 운영 기준과 체크리스트 개선
- 결과 데이터 또는 피드백을 반영한 품질 개선","- 경력 3년 이상 조건에 맞는 관련 실무 경험 또는 역량 보유
- 용어집, 번역 메모리, 회의 자료, 검수본에 필요한 도구·절차를 이해하고 실무 적용이 가능한 분
- 업무 내용을 정확히 기록하고 일정에 맞춰 결과물을 제출할 수 있는 분
- 유관 부서와 원활하게 소통하며 협업할 수 있는 분
- 근무지 출퇴근 및 직무 수행이 가능한 분","- 관광통역안내사 보유자
- ITT 통번역자격증 보유자
- 용어집, 번역 메모리, 회의 자료, 검수본 관련 프로젝트 또는 현장 수행 경험
- 업무용 문서·보고서 작성 및 이력 관리 경험
- 유관 부서·외부 협력사와의 일정 조율 경험","- 지원서 또는 제출서류를 허위로 기재한 경우
- 채용 과정에서 요구한 증빙서류를 제출하지 못한 경우
- 채용검진 결과 직무 수행이 어렵다고 판단되는 경우
- 해외여행 및 근무에 결격사유가 있는 경우
- 관련 법령 또는 내부 인사규정상 채용이 불가능한 경우",서류전형 > 실무면접 > 최종면접
2016,통번역사 전담 인력 채용,68,202,20260207,20260218,13,경력 무관,기간제,광주광역시,전문학사 이상,"통번역사 포지션은 회의·문서·콘텐츠의 정확한 통역 및 번역 역할입니다. 담당 업무의 목표와 우선순위를 명확히 설정하고, 일정과 품질 기준을 함께 관리합니다.

용어집, 번역 메모리, 회의 자료, 검수본를 중심으로 실무를 수행하며, 요구사항과 결과물을 문서화해 업무 흐름이 누락되지 않도록 합니다.

기획·운영·현장 담당자 및 외부 협력 파트너와 수시로 협업합니다. 변경 사항은 영향 범위를 검토한 뒤 대안을 제시하고 합의된 방식으로 반영합니다.

문제 발생 시 사실관계와 원인을 먼저 확인하고, 재발 방지 방안을 업무 절차에 반영합니다. 입사 후에는 담당 영역의 실행력을 높이고, 정확성·일정 준수·이용자 관점의 완성도를 중요한 기준으로 삼습니다.","- 용어집, 번역 메모리, 회의 자료, 검수본 관련 업무 계획 수립 및 실행
- 담당 과제의 일정·진행 현황 관리
- 업무 산출물 작성 및 검토 이력 관리
- 유관 부서 및 외부 협력 대상과 실무 조율
- 현장·시스템·자료에서 발생한 이슈 분석 및 조치
- 운영 기준과 체크리스트 개선
- 결과 데이터 또는 피드백을 반영한 품질 개선","- 경력 무관 조건에 맞는 관련 실무 경험 또는 역량 보유
- 용어집, 번역 메모리, 회의 자료, 검수본에 필요한 도구·절차를 이해하고 실무 적용이 가능한 분
- 업무 내용을 정확히 기록하고 일정에 맞춰 결과물을 제출할 수 있는 분
- 유관 부서와 원활하게 소통하며 협업할 수 있는 분
- 근무지 출퇴근 및 직무 수행이 가능한 분","- 관광통역안내사 보유자
- ITT 통번역자격증 보유자
- 용어집, 번역 메모리, 회의 자료, 검수본 관련 프로젝트 또는 현장 수행 경험
- 업무용 문서·보고서 작성 및 이력 관리 경험
- 유관 부서·외부 협력사와의 일정 조율 경험","- 지원서 또는 제출서류를 허위로 기재한 경우
- 채용 과정에서 요구한 증빙서류를 제출하지 못한 경우
- 채용검진 결과 직무 수행이 어렵다고 판단되는 경우
- 해외여행 및 근무에 결격사유가 있는 경우
- 관련 법령 또는 내부 인사규정상 채용이 불가능한 경우",서류전형 > 인성검사 > 실무면접 > 최종면접
2017,통번역사 실무 인재 모집,39,202,20260312,20260326,15,경력 5년 이상,정규직,세종특별자치시,학사 이상,"통번역사 포지션은 회의·문서·콘텐츠의 정확한 통역 및 번역 역할입니다. 담당 업무의 목표와 우선순위를 명확히 설정하고, 일정과 품질 기준을 함께 관리합니다.

용어집, 번역 메모리, 회의 자료, 검수본를 중심으로 실무를 수행하며, 요구사항과 결과물을 문서화해 업무 흐름이 누락되지 않도록 합니다.

기획·운영·현장 담당자 및 외부 협력 파트너와 수시로 협업합니다. 변경 사항은 영향 범위를 검토한 뒤 대안을 제시하고 합의된 방식으로 반영합니다.

문제 발생 시 사실관계와 원인을 먼저 확인하고, 재발 방지 방안을 업무 절차에 반영합니다. 입사 후에는 담당 영역의 실행력을 높이고, 정확성·일정 준수·이용자 관점의 완성도를 중요한 기준으로 삼습니다.","- 용어집, 번역 메모리, 회의 자료, 검수본 관련 업무 계획 수립 및 실행
- 담당 과제의 일정·진행 현황 관리
- 업무 산출물 작성 및 검토 이력 관리
- 유관 부서 및 외부 협력 대상과 실무 조율
- 현장·시스템·자료에서 발생한 이슈 분석 및 조치
- 운영 기준과 체크리스트 개선
- 결과 데이터 또는 피드백을 반영한 품질 개선","- 경력 5년 이상 조건에 맞는 관련 실무 경험 또는 역량 보유
- 용어집, 번역 메모리, 회의 자료, 검수본에 필요한 도구·절차를 이해하고 실무 적용이 가능한 분
- 업무 내용을 정확히 기록하고 일정에 맞춰 결과물을 제출할 수 있는 분
- 유관 부서와 원활하게 소통하며 협업할 수 있는 분
- 근무지 출퇴근 및 직무 수행이 가능한 분","- 관광통역안내사 보유자
- ITT 통번역자격증 보유자
- 용어집, 번역 메모리, 회의 자료, 검수본 관련 프로젝트 또는 현장 수행 경험
- 업무용 문서·보고서 작성 및 이력 관리 경험
- 유관 부서·외부 협력사와의 일정 조율 경험","- 지원서 또는 제출서류를 허위로 기재한 경우
- 채용 과정에서 요구한 증빙서류를 제출하지 못한 경우
- 채용검진 결과 직무 수행이 어렵다고 판단되는 경우
- 해외여행 및 근무에 결격사유가 있는 경우
- 관련 법령 또는 내부 인사규정상 채용이 불가능한 경우",서류전형 > 직무과제 > 실무면접 > 처우협의
2018,통번역사 담당자 공개채용,118,202,20260417,20260504,17,신입·경력,계약직,충청남도,학력무관,"통번역사 포지션은 회의·문서·콘텐츠의 정확한 통역 및 번역 역할입니다. 담당 업무의 목표와 우선순위를 명확히 설정하고, 일정과 품질 기준을 함께 관리합니다.

용어집, 번역 메모리, 회의 자료, 검수본를 중심으로 실무를 수행하며, 요구사항과 결과물을 문서화해 업무 흐름이 누락되지 않도록 합니다.

기획·운영·현장 담당자 및 외부 협력 파트너와 수시로 협업합니다. 변경 사항은 영향 범위를 검토한 뒤 대안을 제시하고 합의된 방식으로 반영합니다.

문제 발생 시 사실관계와 원인을 먼저 확인하고, 재발 방지 방안을 업무 절차에 반영합니다. 입사 후에는 담당 영역의 실행력을 높이고, 정확성·일정 준수·이용자 관점의 완성도를 중요한 기준으로 삼습니다.","- 용어집, 번역 메모리, 회의 자료, 검수본 관련 업무 계획 수립 및 실행
- 담당 과제의 일정·진행 현황 관리
- 업무 산출물 작성 및 검토 이력 관리
- 유관 부서 및 외부 협력 대상과 실무 조율
- 현장·시스템·자료에서 발생한 이슈 분석 및 조치
- 운영 기준과 체크리스트 개선
- 결과 데이터 또는 피드백을 반영한 품질 개선","- 신입·경력 조건에 맞는 관련 실무 경험 또는 역량 보유
- 용어집, 번역 메모리, 회의 자료, 검수본에 필요한 도구·절차를 이해하고 실무 적용이 가능한 분
- 업무 내용을 정확히 기록하고 일정에 맞춰 결과물을 제출할 수 있는 분
- 유관 부서와 원활하게 소통하며 협업할 수 있는 분
- 근무지 출퇴근 및 직무 수행이 가능한 분","- 관광통역안내사 보유자
- ITT 통번역자격증 보유자
- 용어집, 번역 메모리, 회의 자료, 검수본 관련 프로젝트 또는 현장 수행 경험
- 업무용 문서·보고서 작성 및 이력 관리 경험
- 유관 부서·외부 협력사와의 일정 조율 경험","- 지원서 또는 제출서류를 허위로 기재한 경우
- 채용 과정에서 요구한 증빙서류를 제출하지 못한 경우
- 채용검진 결과 직무 수행이 어렵다고 판단되는 경우
- 해외여행 및 근무에 결격사유가 있는 경우
- 관련 법령 또는 내부 인사규정상 채용이 불가능한 경우",서류전형 > 1차면접 > 2차면접 > 채용검진
2019,통번역사 정규직 모집,89,202,20260522,20260611,19,경력 2년 이상,정규직,경상남도,학사 이상,"통번역사 포지션은 회의·문서·콘텐츠의 정확한 통역 및 번역 역할입니다. 담당 업무의 목표와 우선순위를 명확히 설정하고, 일정과 품질 기준을 함께 관리합니다.

용어집, 번역 메모리, 회의 자료, 검수본를 중심으로 실무를 수행하며, 요구사항과 결과물을 문서화해 업무 흐름이 누락되지 않도록 합니다.

기획·운영·현장 담당자 및 외부 협력 파트너와 수시로 협업합니다. 변경 사항은 영향 범위를 검토한 뒤 대안을 제시하고 합의된 방식으로 반영합니다.

문제 발생 시 사실관계와 원인을 먼저 확인하고, 재발 방지 방안을 업무 절차에 반영합니다. 입사 후에는 담당 영역의 실행력을 높이고, 정확성·일정 준수·이용자 관점의 완성도를 중요한 기준으로 삼습니다.","- 용어집, 번역 메모리, 회의 자료, 검수본 관련 업무 계획 수립 및 실행
- 담당 과제의 일정·진행 현황 관리
- 업무 산출물 작성 및 검토 이력 관리
- 유관 부서 및 외부 협력 대상과 실무 조율
- 현장·시스템·자료에서 발생한 이슈 분석 및 조치
- 운영 기준과 체크리스트 개선
- 결과 데이터 또는 피드백을 반영한 품질 개선","- 경력 2년 이상 조건에 맞는 관련 실무 경험 또는 역량 보유
- 용어집, 번역 메모리, 회의 자료, 검수본에 필요한 도구·절차를 이해하고 실무 적용이 가능한 분
- 업무 내용을 정확히 기록하고 일정에 맞춰 결과물을 제출할 수 있는 분
- 유관 부서와 원활하게 소통하며 협업할 수 있는 분
- 근무지 출퇴근 및 직무 수행이 가능한 분","- 관광통역안내사 보유자
- ITT 통번역자격증 보유자
- 용어집, 번역 메모리, 회의 자료, 검수본 관련 프로젝트 또는 현장 수행 경험
- 업무용 문서·보고서 작성 및 이력 관리 경험
- 유관 부서·외부 협력사와의 일정 조율 경험","- 지원서 또는 제출서류를 허위로 기재한 경우
- 채용 과정에서 요구한 증빙서류를 제출하지 못한 경우
- 채용검진 결과 직무 수행이 어렵다고 판단되는 경우
- 해외여행 및 근무에 결격사유가 있는 경우
- 관련 법령 또는 내부 인사규정상 채용이 불가능한 경우",서류전형 > 실무면접 > 최종면접
2020,통번역사 채용,79,202,20260602,20260625,1,경력,정규직,전북특별자치도,전문학사 이상,"통번역사 포지션은 회의·문서·콘텐츠의 정확한 통역 및 번역 역할입니다. 담당 업무의 목표와 우선순위를 명확히 설정하고, 일정과 품질 기준을 함께 관리합니다.

용어집, 번역 메모리, 회의 자료, 검수본를 중심으로 실무를 수행하며, 요구사항과 결과물을 문서화해 업무 흐름이 누락되지 않도록 합니다.

기획·운영·현장 담당자 및 외부 협력 파트너와 수시로 협업합니다. 변경 사항은 영향 범위를 검토한 뒤 대안을 제시하고 합의된 방식으로 반영합니다.

문제 발생 시 사실관계와 원인을 먼저 확인하고, 재발 방지 방안을 업무 절차에 반영합니다. 입사 후에는 담당 영역의 실행력을 높이고, 정확성·일정 준수·이용자 관점의 완성도를 중요한 기준으로 삼습니다.","- 용어집, 번역 메모리, 회의 자료, 검수본 관련 업무 계획 수립 및 실행
- 담당 과제의 일정·진행 현황 관리
- 업무 산출물 작성 및 검토 이력 관리
- 유관 부서 및 외부 협력 대상과 실무 조율
- 현장·시스템·자료에서 발생한 이슈 분석 및 조치
- 운영 기준과 체크리스트 개선
- 결과 데이터 또는 피드백을 반영한 품질 개선","- 경력 조건에 맞는 관련 실무 경험 또는 역량 보유
- 용어집, 번역 메모리, 회의 자료, 검수본에 필요한 도구·절차를 이해하고 실무 적용이 가능한 분
- 업무 내용을 정확히 기록하고 일정에 맞춰 결과물을 제출할 수 있는 분
- 유관 부서와 원활하게 소통하며 협업할 수 있는 분
- 근무지 출퇴근 및 직무 수행이 가능한 분","- 관광통역안내사 보유자
- ITT 통번역자격증 보유자
- 용어집, 번역 메모리, 회의 자료, 검수본 관련 프로젝트 또는 현장 수행 경험
- 업무용 문서·보고서 작성 및 이력 관리 경험
- 유관 부서·외부 협력사와의 일정 조율 경험","- 지원서 또는 제출서류를 허위로 기재한 경우
- 채용 과정에서 요구한 증빙서류를 제출하지 못한 경우
- 채용검진 결과 직무 수행이 어렵다고 판단되는 경우
- 해외여행 및 근무에 결격사유가 있는 경우
- 관련 법령 또는 내부 인사규정상 채용이 불가능한 경우",서류전형 > 인성검사 > 실무면접 > 최종면접
2021,큐레이터 담당자 모집,34,203,20260710,20260812,4,신입,정규직,서울특별시,학력무관,"큐레이터 포지션은 전시·소장품·교육 프로그램의 기획과 운영 역할입니다. 담당 업무의 목표와 우선순위를 명확히 설정하고, 일정과 품질 기준을 함께 관리합니다.

전시 기획서, 작품 정보, 대여 문서, 관람객 안내를 중심으로 실무를 수행하며, 요구사항과 결과물을 문서화해 업무 흐름이 누락되지 않도록 합니다.

기획·운영·현장 담당자 및 외부 협력 파트너와 수시로 협업합니다. 변경 사항은 영향 범위를 검토한 뒤 대안을 제시하고 합의된 방식으로 반영합니다.

문제 발생 시 사실관계와 원인을 먼저 확인하고, 재발 방지 방안을 업무 절차에 반영합니다. 입사 후에는 담당 영역의 실행력을 높이고, 정확성·일정 준수·이용자 관점의 완성도를 중요한 기준으로 삼습니다.","- 전시 기획서, 작품 정보, 대여 문서, 관람객 안내 관련 업무 계획 수립 및 실행
- 담당 과제의 일정·진행 현황 관리
- 업무 산출물 작성 및 검토 이력 관리
- 유관 부서 및 외부 협력 대상과 실무 조율
- 현장·시스템·자료에서 발생한 이슈 분석 및 조치
- 운영 기준과 체크리스트 개선
- 결과 데이터 또는 피드백을 반영한 품질 개선","- 신입 조건에 맞는 관련 실무 경험 또는 역량 보유
- 전시 기획서, 작품 정보, 대여 문서, 관람객 안내에 필요한 도구·절차를 이해하고 실무 적용이 가능한 분
- 업무 내용을 정확히 기록하고 일정에 맞춰 결과물을 제출할 수 있는 분
- 유관 부서와 원활하게 소통하며 협업할 수 있는 분
- 근무지 출퇴근 및 직무 수행이 가능한 분","- 학예사 자격증 보유자
- 문화예술교육사 보유자
- 전시 기획서, 작품 정보, 대여 문서, 관람객 안내 관련 프로젝트 또는 현장 수행 경험
- 업무용 문서·보고서 작성 및 이력 관리 경험
- 유관 부서·외부 협력사와의 일정 조율 경험","- 지원서 또는 제출서류를 허위로 기재한 경우
- 채용 과정에서 요구한 증빙서류를 제출하지 못한 경우
- 채용검진 결과 직무 수행이 어렵다고 판단되는 경우
- 해외여행 및 근무에 결격사유가 있는 경우
- 관련 법령 또는 내부 인사규정상 채용이 불가능한 경우",서류전형 > 실무면접 > 최종면접
2022,큐레이터 실무자 채용,15,203,20260815,20260920,6,경력,계약직,경기도,전문학사 이상,"큐레이터 포지션은 전시·소장품·교육 프로그램의 기획과 운영 역할입니다. 담당 업무의 목표와 우선순위를 명확히 설정하고, 일정과 품질 기준을 함께 관리합니다.

전시 기획서, 작품 정보, 대여 문서, 관람객 안내를 중심으로 실무를 수행하며, 요구사항과 결과물을 문서화해 업무 흐름이 누락되지 않도록 합니다.

기획·운영·현장 담당자 및 외부 협력 파트너와 수시로 협업합니다. 변경 사항은 영향 범위를 검토한 뒤 대안을 제시하고 합의된 방식으로 반영합니다.

문제 발생 시 사실관계와 원인을 먼저 확인하고, 재발 방지 방안을 업무 절차에 반영합니다. 입사 후에는 담당 영역의 실행력을 높이고, 정확성·일정 준수·이용자 관점의 완성도를 중요한 기준으로 삼습니다.","- 전시 기획서, 작품 정보, 대여 문서, 관람객 안내 관련 업무 계획 수립 및 실행
- 담당 과제의 일정·진행 현황 관리
- 업무 산출물 작성 및 검토 이력 관리
- 유관 부서 및 외부 협력 대상과 실무 조율
- 현장·시스템·자료에서 발생한 이슈 분석 및 조치
- 운영 기준과 체크리스트 개선
- 결과 데이터 또는 피드백을 반영한 품질 개선","- 경력 조건에 맞는 관련 실무 경험 또는 역량 보유
- 전시 기획서, 작품 정보, 대여 문서, 관람객 안내에 필요한 도구·절차를 이해하고 실무 적용이 가능한 분
- 업무 내용을 정확히 기록하고 일정에 맞춰 결과물을 제출할 수 있는 분
- 유관 부서와 원활하게 소통하며 협업할 수 있는 분
- 근무지 출퇴근 및 직무 수행이 가능한 분","- 학예사 자격증 보유자
- 문화예술교육사 보유자
- 전시 기획서, 작품 정보, 대여 문서, 관람객 안내 관련 프로젝트 또는 현장 수행 경험
- 업무용 문서·보고서 작성 및 이력 관리 경험
- 유관 부서·외부 협력사와의 일정 조율 경험","- 지원서 또는 제출서류를 허위로 기재한 경우
- 채용 과정에서 요구한 증빙서류를 제출하지 못한 경우
- 채용검진 결과 직무 수행이 어렵다고 판단되는 경우
- 해외여행 및 근무에 결격사유가 있는 경우
- 관련 법령 또는 내부 인사규정상 채용이 불가능한 경우",서류전형 > 인성검사 > 실무면접 > 최종면접
2023,큐레이터 전문인력 채용,34,203,20260920,20261029,8,신입·경력,정규직,인천광역시,학사 이상,"큐레이터 포지션은 전시·소장품·교육 프로그램의 기획과 운영 역할입니다. 담당 업무의 목표와 우선순위를 명확히 설정하고, 일정과 품질 기준을 함께 관리합니다.

전시 기획서, 작품 정보, 대여 문서, 관람객 안내를 중심으로 실무를 수행하며, 요구사항과 결과물을 문서화해 업무 흐름이 누락되지 않도록 합니다.

기획·운영·현장 담당자 및 외부 협력 파트너와 수시로 협업합니다. 변경 사항은 영향 범위를 검토한 뒤 대안을 제시하고 합의된 방식으로 반영합니다.

문제 발생 시 사실관계와 원인을 먼저 확인하고, 재발 방지 방안을 업무 절차에 반영합니다. 입사 후에는 담당 영역의 실행력을 높이고, 정확성·일정 준수·이용자 관점의 완성도를 중요한 기준으로 삼습니다.","- 전시 기획서, 작품 정보, 대여 문서, 관람객 안내 관련 업무 계획 수립 및 실행
- 담당 과제의 일정·진행 현황 관리
- 업무 산출물 작성 및 검토 이력 관리
- 유관 부서 및 외부 협력 대상과 실무 조율
- 현장·시스템·자료에서 발생한 이슈 분석 및 조치
- 운영 기준과 체크리스트 개선
- 결과 데이터 또는 피드백을 반영한 품질 개선","- 신입·경력 조건에 맞는 관련 실무 경험 또는 역량 보유
- 전시 기획서, 작품 정보, 대여 문서, 관람객 안내에 필요한 도구·절차를 이해하고 실무 적용이 가능한 분
- 업무 내용을 정확히 기록하고 일정에 맞춰 결과물을 제출할 수 있는 분
- 유관 부서와 원활하게 소통하며 협업할 수 있는 분
- 근무지 출퇴근 및 직무 수행이 가능한 분","- 학예사 자격증 보유자
- 문화예술교육사 보유자
- 전시 기획서, 작품 정보, 대여 문서, 관람객 안내 관련 프로젝트 또는 현장 수행 경험
- 업무용 문서·보고서 작성 및 이력 관리 경험
- 유관 부서·외부 협력사와의 일정 조율 경험","- 지원서 또는 제출서류를 허위로 기재한 경우
- 채용 과정에서 요구한 증빙서류를 제출하지 못한 경우
- 채용검진 결과 직무 수행이 어렵다고 판단되는 경우
- 해외여행 및 근무에 결격사유가 있는 경우
- 관련 법령 또는 내부 인사규정상 채용이 불가능한 경우",서류전형 > 직무과제 > 실무면접 > 처우협의
2024,큐레이터 운영 담당 채용,114,203,20261025,20261206,10,경력 2년 이상,정규직,대전광역시,학사 이상,"큐레이터 포지션은 전시·소장품·교육 프로그램의 기획과 운영 역할입니다. 담당 업무의 목표와 우선순위를 명확히 설정하고, 일정과 품질 기준을 함께 관리합니다.

전시 기획서, 작품 정보, 대여 문서, 관람객 안내를 중심으로 실무를 수행하며, 요구사항과 결과물을 문서화해 업무 흐름이 누락되지 않도록 합니다.

기획·운영·현장 담당자 및 외부 협력 파트너와 수시로 협업합니다. 변경 사항은 영향 범위를 검토한 뒤 대안을 제시하고 합의된 방식으로 반영합니다.

문제 발생 시 사실관계와 원인을 먼저 확인하고, 재발 방지 방안을 업무 절차에 반영합니다. 입사 후에는 담당 영역의 실행력을 높이고, 정확성·일정 준수·이용자 관점의 완성도를 중요한 기준으로 삼습니다.","- 전시 기획서, 작품 정보, 대여 문서, 관람객 안내 관련 업무 계획 수립 및 실행
- 담당 과제의 일정·진행 현황 관리
- 업무 산출물 작성 및 검토 이력 관리
- 유관 부서 및 외부 협력 대상과 실무 조율
- 현장·시스템·자료에서 발생한 이슈 분석 및 조치
- 운영 기준과 체크리스트 개선
- 결과 데이터 또는 피드백을 반영한 품질 개선","- 경력 2년 이상 조건에 맞는 관련 실무 경험 또는 역량 보유
- 전시 기획서, 작품 정보, 대여 문서, 관람객 안내에 필요한 도구·절차를 이해하고 실무 적용이 가능한 분
- 업무 내용을 정확히 기록하고 일정에 맞춰 결과물을 제출할 수 있는 분
- 유관 부서와 원활하게 소통하며 협업할 수 있는 분
- 근무지 출퇴근 및 직무 수행이 가능한 분","- 학예사 자격증 보유자
- 문화예술교육사 보유자
- 전시 기획서, 작품 정보, 대여 문서, 관람객 안내 관련 프로젝트 또는 현장 수행 경험
- 업무용 문서·보고서 작성 및 이력 관리 경험
- 유관 부서·외부 협력사와의 일정 조율 경험","- 지원서 또는 제출서류를 허위로 기재한 경우
- 채용 과정에서 요구한 증빙서류를 제출하지 못한 경우
- 채용검진 결과 직무 수행이 어렵다고 판단되는 경우
- 해외여행 및 근무에 결격사유가 있는 경우
- 관련 법령 또는 내부 인사규정상 채용이 불가능한 경우",서류전형 > 1차면접 > 2차면접 > 채용검진
2025,큐레이터 프로젝트 인재 모집,56,203,20260205,20260322,12,경력 3년 이상,무기계약직,부산광역시,학력무관,"큐레이터 포지션은 전시·소장품·교육 프로그램의 기획과 운영 역할입니다. 담당 업무의 목표와 우선순위를 명확히 설정하고, 일정과 품질 기준을 함께 관리합니다.

전시 기획서, 작품 정보, 대여 문서, 관람객 안내를 중심으로 실무를 수행하며, 요구사항과 결과물을 문서화해 업무 흐름이 누락되지 않도록 합니다.

기획·운영·현장 담당자 및 외부 협력 파트너와 수시로 협업합니다. 변경 사항은 영향 범위를 검토한 뒤 대안을 제시하고 합의된 방식으로 반영합니다.

문제 발생 시 사실관계와 원인을 먼저 확인하고, 재발 방지 방안을 업무 절차에 반영합니다. 입사 후에는 담당 영역의 실행력을 높이고, 정확성·일정 준수·이용자 관점의 완성도를 중요한 기준으로 삼습니다.","- 전시 기획서, 작품 정보, 대여 문서, 관람객 안내 관련 업무 계획 수립 및 실행
- 담당 과제의 일정·진행 현황 관리
- 업무 산출물 작성 및 검토 이력 관리
- 유관 부서 및 외부 협력 대상과 실무 조율
- 현장·시스템·자료에서 발생한 이슈 분석 및 조치
- 운영 기준과 체크리스트 개선
- 결과 데이터 또는 피드백을 반영한 품질 개선","- 경력 3년 이상 조건에 맞는 관련 실무 경험 또는 역량 보유
- 전시 기획서, 작품 정보, 대여 문서, 관람객 안내에 필요한 도구·절차를 이해하고 실무 적용이 가능한 분
- 업무 내용을 정확히 기록하고 일정에 맞춰 결과물을 제출할 수 있는 분
- 유관 부서와 원활하게 소통하며 협업할 수 있는 분
- 근무지 출퇴근 및 직무 수행이 가능한 분","- 학예사 자격증 보유자
- 문화예술교육사 보유자
- 전시 기획서, 작품 정보, 대여 문서, 관람객 안내 관련 프로젝트 또는 현장 수행 경험
- 업무용 문서·보고서 작성 및 이력 관리 경험
- 유관 부서·외부 협력사와의 일정 조율 경험","- 지원서 또는 제출서류를 허위로 기재한 경우
- 채용 과정에서 요구한 증빙서류를 제출하지 못한 경우
- 채용검진 결과 직무 수행이 어렵다고 판단되는 경우
- 해외여행 및 근무에 결격사유가 있는 경우
- 관련 법령 또는 내부 인사규정상 채용이 불가능한 경우",서류전형 > 실무면접 > 최종면접
2026,큐레이터 전담 인력 채용,93,203,20260310,20260322,14,경력 무관,기간제,광주광역시,전문학사 이상,"큐레이터 포지션은 전시·소장품·교육 프로그램의 기획과 운영 역할입니다. 담당 업무의 목표와 우선순위를 명확히 설정하고, 일정과 품질 기준을 함께 관리합니다.

전시 기획서, 작품 정보, 대여 문서, 관람객 안내를 중심으로 실무를 수행하며, 요구사항과 결과물을 문서화해 업무 흐름이 누락되지 않도록 합니다.

기획·운영·현장 담당자 및 외부 협력 파트너와 수시로 협업합니다. 변경 사항은 영향 범위를 검토한 뒤 대안을 제시하고 합의된 방식으로 반영합니다.

문제 발생 시 사실관계와 원인을 먼저 확인하고, 재발 방지 방안을 업무 절차에 반영합니다. 입사 후에는 담당 영역의 실행력을 높이고, 정확성·일정 준수·이용자 관점의 완성도를 중요한 기준으로 삼습니다.","- 전시 기획서, 작품 정보, 대여 문서, 관람객 안내 관련 업무 계획 수립 및 실행
- 담당 과제의 일정·진행 현황 관리
- 업무 산출물 작성 및 검토 이력 관리
- 유관 부서 및 외부 협력 대상과 실무 조율
- 현장·시스템·자료에서 발생한 이슈 분석 및 조치
- 운영 기준과 체크리스트 개선
- 결과 데이터 또는 피드백을 반영한 품질 개선","- 경력 무관 조건에 맞는 관련 실무 경험 또는 역량 보유
- 전시 기획서, 작품 정보, 대여 문서, 관람객 안내에 필요한 도구·절차를 이해하고 실무 적용이 가능한 분
- 업무 내용을 정확히 기록하고 일정에 맞춰 결과물을 제출할 수 있는 분
- 유관 부서와 원활하게 소통하며 협업할 수 있는 분
- 근무지 출퇴근 및 직무 수행이 가능한 분","- 학예사 자격증 보유자
- 문화예술교육사 보유자
- 전시 기획서, 작품 정보, 대여 문서, 관람객 안내 관련 프로젝트 또는 현장 수행 경험
- 업무용 문서·보고서 작성 및 이력 관리 경험
- 유관 부서·외부 협력사와의 일정 조율 경험","- 지원서 또는 제출서류를 허위로 기재한 경우
- 채용 과정에서 요구한 증빙서류를 제출하지 못한 경우
- 채용검진 결과 직무 수행이 어렵다고 판단되는 경우
- 해외여행 및 근무에 결격사유가 있는 경우
- 관련 법령 또는 내부 인사규정상 채용이 불가능한 경우",서류전형 > 인성검사 > 실무면접 > 최종면접
2027,큐레이터 실무 인재 모집,79,203,20260415,20260430,16,경력 5년 이상,정규직,세종특별자치시,학사 이상,"큐레이터 포지션은 전시·소장품·교육 프로그램의 기획과 운영 역할입니다. 담당 업무의 목표와 우선순위를 명확히 설정하고, 일정과 품질 기준을 함께 관리합니다.

전시 기획서, 작품 정보, 대여 문서, 관람객 안내를 중심으로 실무를 수행하며, 요구사항과 결과물을 문서화해 업무 흐름이 누락되지 않도록 합니다.

기획·운영·현장 담당자 및 외부 협력 파트너와 수시로 협업합니다. 변경 사항은 영향 범위를 검토한 뒤 대안을 제시하고 합의된 방식으로 반영합니다.

문제 발생 시 사실관계와 원인을 먼저 확인하고, 재발 방지 방안을 업무 절차에 반영합니다. 입사 후에는 담당 영역의 실행력을 높이고, 정확성·일정 준수·이용자 관점의 완성도를 중요한 기준으로 삼습니다.","- 전시 기획서, 작품 정보, 대여 문서, 관람객 안내 관련 업무 계획 수립 및 실행
- 담당 과제의 일정·진행 현황 관리
- 업무 산출물 작성 및 검토 이력 관리
- 유관 부서 및 외부 협력 대상과 실무 조율
- 현장·시스템·자료에서 발생한 이슈 분석 및 조치
- 운영 기준과 체크리스트 개선
- 결과 데이터 또는 피드백을 반영한 품질 개선","- 경력 5년 이상 조건에 맞는 관련 실무 경험 또는 역량 보유
- 전시 기획서, 작품 정보, 대여 문서, 관람객 안내에 필요한 도구·절차를 이해하고 실무 적용이 가능한 분
- 업무 내용을 정확히 기록하고 일정에 맞춰 결과물을 제출할 수 있는 분
- 유관 부서와 원활하게 소통하며 협업할 수 있는 분
- 근무지 출퇴근 및 직무 수행이 가능한 분","- 학예사 자격증 보유자
- 문화예술교육사 보유자
- 전시 기획서, 작품 정보, 대여 문서, 관람객 안내 관련 프로젝트 또는 현장 수행 경험
- 업무용 문서·보고서 작성 및 이력 관리 경험
- 유관 부서·외부 협력사와의 일정 조율 경험","- 지원서 또는 제출서류를 허위로 기재한 경우
- 채용 과정에서 요구한 증빙서류를 제출하지 못한 경우
- 채용검진 결과 직무 수행이 어렵다고 판단되는 경우
- 해외여행 및 근무에 결격사유가 있는 경우
- 관련 법령 또는 내부 인사규정상 채용이 불가능한 경우",서류전형 > 직무과제 > 실무면접 > 처우협의
2028,큐레이터 담당자 공개채용,95,203,20260520,20260607,18,신입·경력,계약직,충청남도,학력무관,"큐레이터 포지션은 전시·소장품·교육 프로그램의 기획과 운영 역할입니다. 담당 업무의 목표와 우선순위를 명확히 설정하고, 일정과 품질 기준을 함께 관리합니다.

전시 기획서, 작품 정보, 대여 문서, 관람객 안내를 중심으로 실무를 수행하며, 요구사항과 결과물을 문서화해 업무 흐름이 누락되지 않도록 합니다.

기획·운영·현장 담당자 및 외부 협력 파트너와 수시로 협업합니다. 변경 사항은 영향 범위를 검토한 뒤 대안을 제시하고 합의된 방식으로 반영합니다.

문제 발생 시 사실관계와 원인을 먼저 확인하고, 재발 방지 방안을 업무 절차에 반영합니다. 입사 후에는 담당 영역의 실행력을 높이고, 정확성·일정 준수·이용자 관점의 완성도를 중요한 기준으로 삼습니다.","- 전시 기획서, 작품 정보, 대여 문서, 관람객 안내 관련 업무 계획 수립 및 실행
- 담당 과제의 일정·진행 현황 관리
- 업무 산출물 작성 및 검토 이력 관리
- 유관 부서 및 외부 협력 대상과 실무 조율
- 현장·시스템·자료에서 발생한 이슈 분석 및 조치
- 운영 기준과 체크리스트 개선
- 결과 데이터 또는 피드백을 반영한 품질 개선","- 신입·경력 조건에 맞는 관련 실무 경험 또는 역량 보유
- 전시 기획서, 작품 정보, 대여 문서, 관람객 안내에 필요한 도구·절차를 이해하고 실무 적용이 가능한 분
- 업무 내용을 정확히 기록하고 일정에 맞춰 결과물을 제출할 수 있는 분
- 유관 부서와 원활하게 소통하며 협업할 수 있는 분
- 근무지 출퇴근 및 직무 수행이 가능한 분","- 학예사 자격증 보유자
- 문화예술교육사 보유자
- 전시 기획서, 작품 정보, 대여 문서, 관람객 안내 관련 프로젝트 또는 현장 수행 경험
- 업무용 문서·보고서 작성 및 이력 관리 경험
- 유관 부서·외부 협력사와의 일정 조율 경험","- 지원서 또는 제출서류를 허위로 기재한 경우
- 채용 과정에서 요구한 증빙서류를 제출하지 못한 경우
- 채용검진 결과 직무 수행이 어렵다고 판단되는 경우
- 해외여행 및 근무에 결격사유가 있는 경우
- 관련 법령 또는 내부 인사규정상 채용이 불가능한 경우",서류전형 > 1차면접 > 2차면접 > 채용검진
2029,큐레이터 정규직 모집,45,203,20260625,20260716,20,경력 2년 이상,정규직,경상남도,학사 이상,"큐레이터 포지션은 전시·소장품·교육 프로그램의 기획과 운영 역할입니다. 담당 업무의 목표와 우선순위를 명확히 설정하고, 일정과 품질 기준을 함께 관리합니다.

전시 기획서, 작품 정보, 대여 문서, 관람객 안내를 중심으로 실무를 수행하며, 요구사항과 결과물을 문서화해 업무 흐름이 누락되지 않도록 합니다.

기획·운영·현장 담당자 및 외부 협력 파트너와 수시로 협업합니다. 변경 사항은 영향 범위를 검토한 뒤 대안을 제시하고 합의된 방식으로 반영합니다.

문제 발생 시 사실관계와 원인을 먼저 확인하고, 재발 방지 방안을 업무 절차에 반영합니다. 입사 후에는 담당 영역의 실행력을 높이고, 정확성·일정 준수·이용자 관점의 완성도를 중요한 기준으로 삼습니다.","- 전시 기획서, 작품 정보, 대여 문서, 관람객 안내 관련 업무 계획 수립 및 실행
- 담당 과제의 일정·진행 현황 관리
- 업무 산출물 작성 및 검토 이력 관리
- 유관 부서 및 외부 협력 대상과 실무 조율
- 현장·시스템·자료에서 발생한 이슈 분석 및 조치
- 운영 기준과 체크리스트 개선
- 결과 데이터 또는 피드백을 반영한 품질 개선","- 경력 2년 이상 조건에 맞는 관련 실무 경험 또는 역량 보유
- 전시 기획서, 작품 정보, 대여 문서, 관람객 안내에 필요한 도구·절차를 이해하고 실무 적용이 가능한 분
- 업무 내용을 정확히 기록하고 일정에 맞춰 결과물을 제출할 수 있는 분
- 유관 부서와 원활하게 소통하며 협업할 수 있는 분
- 근무지 출퇴근 및 직무 수행이 가능한 분","- 학예사 자격증 보유자
- 문화예술교육사 보유자
- 전시 기획서, 작품 정보, 대여 문서, 관람객 안내 관련 프로젝트 또는 현장 수행 경험
- 업무용 문서·보고서 작성 및 이력 관리 경험
- 유관 부서·외부 협력사와의 일정 조율 경험","- 지원서 또는 제출서류를 허위로 기재한 경우
- 채용 과정에서 요구한 증빙서류를 제출하지 못한 경우
- 채용검진 결과 직무 수행이 어렵다고 판단되는 경우
- 해외여행 및 근무에 결격사유가 있는 경우
- 관련 법령 또는 내부 인사규정상 채용이 불가능한 경우",서류전형 > 실무면접 > 최종면접
2030,큐레이터 채용,138,203,20260705,20260729,2,경력,정규직,전북특별자치도,전문학사 이상,"큐레이터 포지션은 전시·소장품·교육 프로그램의 기획과 운영 역할입니다. 담당 업무의 목표와 우선순위를 명확히 설정하고, 일정과 품질 기준을 함께 관리합니다.

전시 기획서, 작품 정보, 대여 문서, 관람객 안내를 중심으로 실무를 수행하며, 요구사항과 결과물을 문서화해 업무 흐름이 누락되지 않도록 합니다.

기획·운영·현장 담당자 및 외부 협력 파트너와 수시로 협업합니다. 변경 사항은 영향 범위를 검토한 뒤 대안을 제시하고 합의된 방식으로 반영합니다.

문제 발생 시 사실관계와 원인을 먼저 확인하고, 재발 방지 방안을 업무 절차에 반영합니다. 입사 후에는 담당 영역의 실행력을 높이고, 정확성·일정 준수·이용자 관점의 완성도를 중요한 기준으로 삼습니다.","- 전시 기획서, 작품 정보, 대여 문서, 관람객 안내 관련 업무 계획 수립 및 실행
- 담당 과제의 일정·진행 현황 관리
- 업무 산출물 작성 및 검토 이력 관리
- 유관 부서 및 외부 협력 대상과 실무 조율
- 현장·시스템·자료에서 발생한 이슈 분석 및 조치
- 운영 기준과 체크리스트 개선
- 결과 데이터 또는 피드백을 반영한 품질 개선","- 경력 조건에 맞는 관련 실무 경험 또는 역량 보유
- 전시 기획서, 작품 정보, 대여 문서, 관람객 안내에 필요한 도구·절차를 이해하고 실무 적용이 가능한 분
- 업무 내용을 정확히 기록하고 일정에 맞춰 결과물을 제출할 수 있는 분
- 유관 부서와 원활하게 소통하며 협업할 수 있는 분
- 근무지 출퇴근 및 직무 수행이 가능한 분","- 학예사 자격증 보유자
- 문화예술교육사 보유자
- 전시 기획서, 작품 정보, 대여 문서, 관람객 안내 관련 프로젝트 또는 현장 수행 경험
- 업무용 문서·보고서 작성 및 이력 관리 경험
- 유관 부서·외부 협력사와의 일정 조율 경험","- 지원서 또는 제출서류를 허위로 기재한 경우
- 채용 과정에서 요구한 증빙서류를 제출하지 못한 경우
- 채용검진 결과 직무 수행이 어렵다고 판단되는 경우
- 해외여행 및 근무에 결격사유가 있는 경우
- 관련 법령 또는 내부 인사규정상 채용이 불가능한 경우",서류전형 > 인성검사 > 실무면접 > 최종면접
2031,음반기획 담당자 모집,34,204,20260813,20260916,5,신입,정규직,서울특별시,학력무관,"음반기획 포지션은 음원·공연 프로젝트의 기획과 제작 일정을 운영 역할입니다. 담당 업무의 목표와 우선순위를 명확히 설정하고, 일정과 품질 기준을 함께 관리합니다.

아티스트 협업, 발매 일정, 제작 예산, 홍보 자료를 중심으로 실무를 수행하며, 요구사항과 결과물을 문서화해 업무 흐름이 누락되지 않도록 합니다.

기획·운영·현장 담당자 및 외부 협력 파트너와 수시로 협업합니다. 변경 사항은 영향 범위를 검토한 뒤 대안을 제시하고 합의된 방식으로 반영합니다.

문제 발생 시 사실관계와 원인을 먼저 확인하고, 재발 방지 방안을 업무 절차에 반영합니다. 입사 후에는 담당 영역의 실행력을 높이고, 정확성·일정 준수·이용자 관점의 완성도를 중요한 기준으로 삼습니다.","- 아티스트 협업, 발매 일정, 제작 예산, 홍보 자료 관련 업무 계획 수립 및 실행
- 담당 과제의 일정·진행 현황 관리
- 업무 산출물 작성 및 검토 이력 관리
- 유관 부서 및 외부 협력 대상과 실무 조율
- 현장·시스템·자료에서 발생한 이슈 분석 및 조치
- 운영 기준과 체크리스트 개선
- 결과 데이터 또는 피드백을 반영한 품질 개선","- 신입 조건에 맞는 관련 실무 경험 또는 역량 보유
- 아티스트 협업, 발매 일정, 제작 예산, 홍보 자료에 필요한 도구·절차를 이해하고 실무 적용이 가능한 분
- 업무 내용을 정확히 기록하고 일정에 맞춰 결과물을 제출할 수 있는 분
- 유관 부서와 원활하게 소통하며 협업할 수 있는 분
- 근무지 출퇴근 및 직무 수행이 가능한 분","- 무대예술전문인(음향) 보유자
- 문화예술교육사 보유자
- 아티스트 협업, 발매 일정, 제작 예산, 홍보 자료 관련 프로젝트 또는 현장 수행 경험
- 업무용 문서·보고서 작성 및 이력 관리 경험
- 유관 부서·외부 협력사와의 일정 조율 경험","- 지원서 또는 제출서류를 허위로 기재한 경우
- 채용 과정에서 요구한 증빙서류를 제출하지 못한 경우
- 채용검진 결과 직무 수행이 어렵다고 판단되는 경우
- 해외여행 및 근무에 결격사유가 있는 경우
- 관련 법령 또는 내부 인사규정상 채용이 불가능한 경우",서류전형 > 실무면접 > 최종면접
2032,음반기획 실무자 채용,50,204,20260918,20261025,7,경력,계약직,경기도,전문학사 이상,"음반기획 포지션은 음원·공연 프로젝트의 기획과 제작 일정을 운영 역할입니다. 담당 업무의 목표와 우선순위를 명확히 설정하고, 일정과 품질 기준을 함께 관리합니다.

아티스트 협업, 발매 일정, 제작 예산, 홍보 자료를 중심으로 실무를 수행하며, 요구사항과 결과물을 문서화해 업무 흐름이 누락되지 않도록 합니다.

기획·운영·현장 담당자 및 외부 협력 파트너와 수시로 협업합니다. 변경 사항은 영향 범위를 검토한 뒤 대안을 제시하고 합의된 방식으로 반영합니다.

문제 발생 시 사실관계와 원인을 먼저 확인하고, 재발 방지 방안을 업무 절차에 반영합니다. 입사 후에는 담당 영역의 실행력을 높이고, 정확성·일정 준수·이용자 관점의 완성도를 중요한 기준으로 삼습니다.","- 아티스트 협업, 발매 일정, 제작 예산, 홍보 자료 관련 업무 계획 수립 및 실행
- 담당 과제의 일정·진행 현황 관리
- 업무 산출물 작성 및 검토 이력 관리
- 유관 부서 및 외부 협력 대상과 실무 조율
- 현장·시스템·자료에서 발생한 이슈 분석 및 조치
- 운영 기준과 체크리스트 개선
- 결과 데이터 또는 피드백을 반영한 품질 개선","- 경력 조건에 맞는 관련 실무 경험 또는 역량 보유
- 아티스트 협업, 발매 일정, 제작 예산, 홍보 자료에 필요한 도구·절차를 이해하고 실무 적용이 가능한 분
- 업무 내용을 정확히 기록하고 일정에 맞춰 결과물을 제출할 수 있는 분
- 유관 부서와 원활하게 소통하며 협업할 수 있는 분
- 근무지 출퇴근 및 직무 수행이 가능한 분","- 무대예술전문인(음향) 보유자
- 문화예술교육사 보유자
- 아티스트 협업, 발매 일정, 제작 예산, 홍보 자료 관련 프로젝트 또는 현장 수행 경험
- 업무용 문서·보고서 작성 및 이력 관리 경험
- 유관 부서·외부 협력사와의 일정 조율 경험","- 지원서 또는 제출서류를 허위로 기재한 경우
- 채용 과정에서 요구한 증빙서류를 제출하지 못한 경우
- 채용검진 결과 직무 수행이 어렵다고 판단되는 경우
- 해외여행 및 근무에 결격사유가 있는 경우
- 관련 법령 또는 내부 인사규정상 채용이 불가능한 경우",서류전형 > 인성검사 > 실무면접 > 최종면접
2033,음반기획 전문인력 채용,30,204,20261023,20261202,9,신입·경력,정규직,인천광역시,학사 이상,"음반기획 포지션은 음원·공연 프로젝트의 기획과 제작 일정을 운영 역할입니다. 담당 업무의 목표와 우선순위를 명확히 설정하고, 일정과 품질 기준을 함께 관리합니다.

아티스트 협업, 발매 일정, 제작 예산, 홍보 자료를 중심으로 실무를 수행하며, 요구사항과 결과물을 문서화해 업무 흐름이 누락되지 않도록 합니다.

기획·운영·현장 담당자 및 외부 협력 파트너와 수시로 협업합니다. 변경 사항은 영향 범위를 검토한 뒤 대안을 제시하고 합의된 방식으로 반영합니다.

문제 발생 시 사실관계와 원인을 먼저 확인하고, 재발 방지 방안을 업무 절차에 반영합니다. 입사 후에는 담당 영역의 실행력을 높이고, 정확성·일정 준수·이용자 관점의 완성도를 중요한 기준으로 삼습니다.","- 아티스트 협업, 발매 일정, 제작 예산, 홍보 자료 관련 업무 계획 수립 및 실행
- 담당 과제의 일정·진행 현황 관리
- 업무 산출물 작성 및 검토 이력 관리
- 유관 부서 및 외부 협력 대상과 실무 조율
- 현장·시스템·자료에서 발생한 이슈 분석 및 조치
- 운영 기준과 체크리스트 개선
- 결과 데이터 또는 피드백을 반영한 품질 개선","- 신입·경력 조건에 맞는 관련 실무 경험 또는 역량 보유
- 아티스트 협업, 발매 일정, 제작 예산, 홍보 자료에 필요한 도구·절차를 이해하고 실무 적용이 가능한 분
- 업무 내용을 정확히 기록하고 일정에 맞춰 결과물을 제출할 수 있는 분
- 유관 부서와 원활하게 소통하며 협업할 수 있는 분
- 근무지 출퇴근 및 직무 수행이 가능한 분","- 무대예술전문인(음향) 보유자
- 문화예술교육사 보유자
- 아티스트 협업, 발매 일정, 제작 예산, 홍보 자료 관련 프로젝트 또는 현장 수행 경험
- 업무용 문서·보고서 작성 및 이력 관리 경험
- 유관 부서·외부 협력사와의 일정 조율 경험","- 지원서 또는 제출서류를 허위로 기재한 경우
- 채용 과정에서 요구한 증빙서류를 제출하지 못한 경우
- 채용검진 결과 직무 수행이 어렵다고 판단되는 경우
- 해외여행 및 근무에 결격사유가 있는 경우
- 관련 법령 또는 내부 인사규정상 채용이 불가능한 경우",서류전형 > 직무과제 > 실무면접 > 처우협의
2034,음반기획 운영 담당 채용,126,204,20260203,20260318,11,경력 2년 이상,정규직,대전광역시,학사 이상,"음반기획 포지션은 음원·공연 프로젝트의 기획과 제작 일정을 운영 역할입니다. 담당 업무의 목표와 우선순위를 명확히 설정하고, 일정과 품질 기준을 함께 관리합니다.

아티스트 협업, 발매 일정, 제작 예산, 홍보 자료를 중심으로 실무를 수행하며, 요구사항과 결과물을 문서화해 업무 흐름이 누락되지 않도록 합니다.

기획·운영·현장 담당자 및 외부 협력 파트너와 수시로 협업합니다. 변경 사항은 영향 범위를 검토한 뒤 대안을 제시하고 합의된 방식으로 반영합니다.

문제 발생 시 사실관계와 원인을 먼저 확인하고, 재발 방지 방안을 업무 절차에 반영합니다. 입사 후에는 담당 영역의 실행력을 높이고, 정확성·일정 준수·이용자 관점의 완성도를 중요한 기준으로 삼습니다.","- 아티스트 협업, 발매 일정, 제작 예산, 홍보 자료 관련 업무 계획 수립 및 실행
- 담당 과제의 일정·진행 현황 관리
- 업무 산출물 작성 및 검토 이력 관리
- 유관 부서 및 외부 협력 대상과 실무 조율
- 현장·시스템·자료에서 발생한 이슈 분석 및 조치
- 운영 기준과 체크리스트 개선
- 결과 데이터 또는 피드백을 반영한 품질 개선","- 경력 2년 이상 조건에 맞는 관련 실무 경험 또는 역량 보유
- 아티스트 협업, 발매 일정, 제작 예산, 홍보 자료에 필요한 도구·절차를 이해하고 실무 적용이 가능한 분
- 업무 내용을 정확히 기록하고 일정에 맞춰 결과물을 제출할 수 있는 분
- 유관 부서와 원활하게 소통하며 협업할 수 있는 분
- 근무지 출퇴근 및 직무 수행이 가능한 분","- 무대예술전문인(음향) 보유자
- 문화예술교육사 보유자
- 아티스트 협업, 발매 일정, 제작 예산, 홍보 자료 관련 프로젝트 또는 현장 수행 경험
- 업무용 문서·보고서 작성 및 이력 관리 경험
- 유관 부서·외부 협력사와의 일정 조율 경험","- 지원서 또는 제출서류를 허위로 기재한 경우
- 채용 과정에서 요구한 증빙서류를 제출하지 못한 경우
- 채용검진 결과 직무 수행이 어렵다고 판단되는 경우
- 해외여행 및 근무에 결격사유가 있는 경우
- 관련 법령 또는 내부 인사규정상 채용이 불가능한 경우",서류전형 > 1차면접 > 2차면접 > 채용검진
2035,음반기획 프로젝트 인재 모집,129,204,20260308,20260318,13,경력 3년 이상,무기계약직,부산광역시,학력무관,"음반기획 포지션은 음원·공연 프로젝트의 기획과 제작 일정을 운영 역할입니다. 담당 업무의 목표와 우선순위를 명확히 설정하고, 일정과 품질 기준을 함께 관리합니다.

아티스트 협업, 발매 일정, 제작 예산, 홍보 자료를 중심으로 실무를 수행하며, 요구사항과 결과물을 문서화해 업무 흐름이 누락되지 않도록 합니다.

기획·운영·현장 담당자 및 외부 협력 파트너와 수시로 협업합니다. 변경 사항은 영향 범위를 검토한 뒤 대안을 제시하고 합의된 방식으로 반영합니다.

문제 발생 시 사실관계와 원인을 먼저 확인하고, 재발 방지 방안을 업무 절차에 반영합니다. 입사 후에는 담당 영역의 실행력을 높이고, 정확성·일정 준수·이용자 관점의 완성도를 중요한 기준으로 삼습니다.","- 아티스트 협업, 발매 일정, 제작 예산, 홍보 자료 관련 업무 계획 수립 및 실행
- 담당 과제의 일정·진행 현황 관리
- 업무 산출물 작성 및 검토 이력 관리
- 유관 부서 및 외부 협력 대상과 실무 조율
- 현장·시스템·자료에서 발생한 이슈 분석 및 조치
- 운영 기준과 체크리스트 개선
- 결과 데이터 또는 피드백을 반영한 품질 개선","- 경력 3년 이상 조건에 맞는 관련 실무 경험 또는 역량 보유
- 아티스트 협업, 발매 일정, 제작 예산, 홍보 자료에 필요한 도구·절차를 이해하고 실무 적용이 가능한 분
- 업무 내용을 정확히 기록하고 일정에 맞춰 결과물을 제출할 수 있는 분
- 유관 부서와 원활하게 소통하며 협업할 수 있는 분
- 근무지 출퇴근 및 직무 수행이 가능한 분","- 무대예술전문인(음향) 보유자
- 문화예술교육사 보유자
- 아티스트 협업, 발매 일정, 제작 예산, 홍보 자료 관련 프로젝트 또는 현장 수행 경험
- 업무용 문서·보고서 작성 및 이력 관리 경험
- 유관 부서·외부 협력사와의 일정 조율 경험","- 지원서 또는 제출서류를 허위로 기재한 경우
- 채용 과정에서 요구한 증빙서류를 제출하지 못한 경우
- 채용검진 결과 직무 수행이 어렵다고 판단되는 경우
- 해외여행 및 근무에 결격사유가 있는 경우
- 관련 법령 또는 내부 인사규정상 채용이 불가능한 경우",서류전형 > 실무면접 > 최종면접
2036,음반기획 전담 인력 채용,120,204,20260413,20260426,15,경력 무관,기간제,광주광역시,전문학사 이상,"음반기획 포지션은 음원·공연 프로젝트의 기획과 제작 일정을 운영 역할입니다. 담당 업무의 목표와 우선순위를 명확히 설정하고, 일정과 품질 기준을 함께 관리합니다.

아티스트 협업, 발매 일정, 제작 예산, 홍보 자료를 중심으로 실무를 수행하며, 요구사항과 결과물을 문서화해 업무 흐름이 누락되지 않도록 합니다.

기획·운영·현장 담당자 및 외부 협력 파트너와 수시로 협업합니다. 변경 사항은 영향 범위를 검토한 뒤 대안을 제시하고 합의된 방식으로 반영합니다.

문제 발생 시 사실관계와 원인을 먼저 확인하고, 재발 방지 방안을 업무 절차에 반영합니다. 입사 후에는 담당 영역의 실행력을 높이고, 정확성·일정 준수·이용자 관점의 완성도를 중요한 기준으로 삼습니다.","- 아티스트 협업, 발매 일정, 제작 예산, 홍보 자료 관련 업무 계획 수립 및 실행
- 담당 과제의 일정·진행 현황 관리
- 업무 산출물 작성 및 검토 이력 관리
- 유관 부서 및 외부 협력 대상과 실무 조율
- 현장·시스템·자료에서 발생한 이슈 분석 및 조치
- 운영 기준과 체크리스트 개선
- 결과 데이터 또는 피드백을 반영한 품질 개선","- 경력 무관 조건에 맞는 관련 실무 경험 또는 역량 보유
- 아티스트 협업, 발매 일정, 제작 예산, 홍보 자료에 필요한 도구·절차를 이해하고 실무 적용이 가능한 분
- 업무 내용을 정확히 기록하고 일정에 맞춰 결과물을 제출할 수 있는 분
- 유관 부서와 원활하게 소통하며 협업할 수 있는 분
- 근무지 출퇴근 및 직무 수행이 가능한 분","- 무대예술전문인(음향) 보유자
- 문화예술교육사 보유자
- 아티스트 협업, 발매 일정, 제작 예산, 홍보 자료 관련 프로젝트 또는 현장 수행 경험
- 업무용 문서·보고서 작성 및 이력 관리 경험
- 유관 부서·외부 협력사와의 일정 조율 경험","- 지원서 또는 제출서류를 허위로 기재한 경우
- 채용 과정에서 요구한 증빙서류를 제출하지 못한 경우
- 채용검진 결과 직무 수행이 어렵다고 판단되는 경우
- 해외여행 및 근무에 결격사유가 있는 경우
- 관련 법령 또는 내부 인사규정상 채용이 불가능한 경우",서류전형 > 인성검사 > 실무면접 > 최종면접
2037,음반기획 실무 인재 모집,147,204,20260518,20260603,17,경력 5년 이상,정규직,세종특별자치시,학사 이상,"음반기획 포지션은 음원·공연 프로젝트의 기획과 제작 일정을 운영 역할입니다. 담당 업무의 목표와 우선순위를 명확히 설정하고, 일정과 품질 기준을 함께 관리합니다.

아티스트 협업, 발매 일정, 제작 예산, 홍보 자료를 중심으로 실무를 수행하며, 요구사항과 결과물을 문서화해 업무 흐름이 누락되지 않도록 합니다.

기획·운영·현장 담당자 및 외부 협력 파트너와 수시로 협업합니다. 변경 사항은 영향 범위를 검토한 뒤 대안을 제시하고 합의된 방식으로 반영합니다.

문제 발생 시 사실관계와 원인을 먼저 확인하고, 재발 방지 방안을 업무 절차에 반영합니다. 입사 후에는 담당 영역의 실행력을 높이고, 정확성·일정 준수·이용자 관점의 완성도를 중요한 기준으로 삼습니다.","- 아티스트 협업, 발매 일정, 제작 예산, 홍보 자료 관련 업무 계획 수립 및 실행
- 담당 과제의 일정·진행 현황 관리
- 업무 산출물 작성 및 검토 이력 관리
- 유관 부서 및 외부 협력 대상과 실무 조율
- 현장·시스템·자료에서 발생한 이슈 분석 및 조치
- 운영 기준과 체크리스트 개선
- 결과 데이터 또는 피드백을 반영한 품질 개선","- 경력 5년 이상 조건에 맞는 관련 실무 경험 또는 역량 보유
- 아티스트 협업, 발매 일정, 제작 예산, 홍보 자료에 필요한 도구·절차를 이해하고 실무 적용이 가능한 분
- 업무 내용을 정확히 기록하고 일정에 맞춰 결과물을 제출할 수 있는 분
- 유관 부서와 원활하게 소통하며 협업할 수 있는 분
- 근무지 출퇴근 및 직무 수행이 가능한 분","- 무대예술전문인(음향) 보유자
- 문화예술교육사 보유자
- 아티스트 협업, 발매 일정, 제작 예산, 홍보 자료 관련 프로젝트 또는 현장 수행 경험
- 업무용 문서·보고서 작성 및 이력 관리 경험
- 유관 부서·외부 협력사와의 일정 조율 경험","- 지원서 또는 제출서류를 허위로 기재한 경우
- 채용 과정에서 요구한 증빙서류를 제출하지 못한 경우
- 채용검진 결과 직무 수행이 어렵다고 판단되는 경우
- 해외여행 및 근무에 결격사유가 있는 경우
- 관련 법령 또는 내부 인사규정상 채용이 불가능한 경우",서류전형 > 직무과제 > 실무면접 > 처우협의
2038,음반기획 담당자 공개채용,60,204,20260623,20260712,19,신입·경력,계약직,충청남도,학력무관,"음반기획 포지션은 음원·공연 프로젝트의 기획과 제작 일정을 운영 역할입니다. 담당 업무의 목표와 우선순위를 명확히 설정하고, 일정과 품질 기준을 함께 관리합니다.

아티스트 협업, 발매 일정, 제작 예산, 홍보 자료를 중심으로 실무를 수행하며, 요구사항과 결과물을 문서화해 업무 흐름이 누락되지 않도록 합니다.

기획·운영·현장 담당자 및 외부 협력 파트너와 수시로 협업합니다. 변경 사항은 영향 범위를 검토한 뒤 대안을 제시하고 합의된 방식으로 반영합니다.

문제 발생 시 사실관계와 원인을 먼저 확인하고, 재발 방지 방안을 업무 절차에 반영합니다. 입사 후에는 담당 영역의 실행력을 높이고, 정확성·일정 준수·이용자 관점의 완성도를 중요한 기준으로 삼습니다.","- 아티스트 협업, 발매 일정, 제작 예산, 홍보 자료 관련 업무 계획 수립 및 실행
- 담당 과제의 일정·진행 현황 관리
- 업무 산출물 작성 및 검토 이력 관리
- 유관 부서 및 외부 협력 대상과 실무 조율
- 현장·시스템·자료에서 발생한 이슈 분석 및 조치
- 운영 기준과 체크리스트 개선
- 결과 데이터 또는 피드백을 반영한 품질 개선","- 신입·경력 조건에 맞는 관련 실무 경험 또는 역량 보유
- 아티스트 협업, 발매 일정, 제작 예산, 홍보 자료에 필요한 도구·절차를 이해하고 실무 적용이 가능한 분
- 업무 내용을 정확히 기록하고 일정에 맞춰 결과물을 제출할 수 있는 분
- 유관 부서와 원활하게 소통하며 협업할 수 있는 분
- 근무지 출퇴근 및 직무 수행이 가능한 분","- 무대예술전문인(음향) 보유자
- 문화예술교육사 보유자
- 아티스트 협업, 발매 일정, 제작 예산, 홍보 자료 관련 프로젝트 또는 현장 수행 경험
- 업무용 문서·보고서 작성 및 이력 관리 경험
- 유관 부서·외부 협력사와의 일정 조율 경험","- 지원서 또는 제출서류를 허위로 기재한 경우
- 채용 과정에서 요구한 증빙서류를 제출하지 못한 경우
- 채용검진 결과 직무 수행이 어렵다고 판단되는 경우
- 해외여행 및 근무에 결격사유가 있는 경우
- 관련 법령 또는 내부 인사규정상 채용이 불가능한 경우",서류전형 > 1차면접 > 2차면접 > 채용검진
2039,음반기획 정규직 모집,148,204,20260703,20260725,1,경력 2년 이상,정규직,경상남도,학사 이상,"음반기획 포지션은 음원·공연 프로젝트의 기획과 제작 일정을 운영 역할입니다. 담당 업무의 목표와 우선순위를 명확히 설정하고, 일정과 품질 기준을 함께 관리합니다.

아티스트 협업, 발매 일정, 제작 예산, 홍보 자료를 중심으로 실무를 수행하며, 요구사항과 결과물을 문서화해 업무 흐름이 누락되지 않도록 합니다.

기획·운영·현장 담당자 및 외부 협력 파트너와 수시로 협업합니다. 변경 사항은 영향 범위를 검토한 뒤 대안을 제시하고 합의된 방식으로 반영합니다.

문제 발생 시 사실관계와 원인을 먼저 확인하고, 재발 방지 방안을 업무 절차에 반영합니다. 입사 후에는 담당 영역의 실행력을 높이고, 정확성·일정 준수·이용자 관점의 완성도를 중요한 기준으로 삼습니다.","- 아티스트 협업, 발매 일정, 제작 예산, 홍보 자료 관련 업무 계획 수립 및 실행
- 담당 과제의 일정·진행 현황 관리
- 업무 산출물 작성 및 검토 이력 관리
- 유관 부서 및 외부 협력 대상과 실무 조율
- 현장·시스템·자료에서 발생한 이슈 분석 및 조치
- 운영 기준과 체크리스트 개선
- 결과 데이터 또는 피드백을 반영한 품질 개선","- 경력 2년 이상 조건에 맞는 관련 실무 경험 또는 역량 보유
- 아티스트 협업, 발매 일정, 제작 예산, 홍보 자료에 필요한 도구·절차를 이해하고 실무 적용이 가능한 분
- 업무 내용을 정확히 기록하고 일정에 맞춰 결과물을 제출할 수 있는 분
- 유관 부서와 원활하게 소통하며 협업할 수 있는 분
- 근무지 출퇴근 및 직무 수행이 가능한 분","- 무대예술전문인(음향) 보유자
- 문화예술교육사 보유자
- 아티스트 협업, 발매 일정, 제작 예산, 홍보 자료 관련 프로젝트 또는 현장 수행 경험
- 업무용 문서·보고서 작성 및 이력 관리 경험
- 유관 부서·외부 협력사와의 일정 조율 경험","- 지원서 또는 제출서류를 허위로 기재한 경우
- 채용 과정에서 요구한 증빙서류를 제출하지 못한 경우
- 채용검진 결과 직무 수행이 어렵다고 판단되는 경우
- 해외여행 및 근무에 결격사유가 있는 경우
- 관련 법령 또는 내부 인사규정상 채용이 불가능한 경우",서류전형 > 실무면접 > 최종면접
2040,음반기획 채용,75,204,20260808,20260902,3,경력,정규직,전북특별자치도,전문학사 이상,"음반기획 포지션은 음원·공연 프로젝트의 기획과 제작 일정을 운영 역할입니다. 담당 업무의 목표와 우선순위를 명확히 설정하고, 일정과 품질 기준을 함께 관리합니다.

아티스트 협업, 발매 일정, 제작 예산, 홍보 자료를 중심으로 실무를 수행하며, 요구사항과 결과물을 문서화해 업무 흐름이 누락되지 않도록 합니다.

기획·운영·현장 담당자 및 외부 협력 파트너와 수시로 협업합니다. 변경 사항은 영향 범위를 검토한 뒤 대안을 제시하고 합의된 방식으로 반영합니다.

문제 발생 시 사실관계와 원인을 먼저 확인하고, 재발 방지 방안을 업무 절차에 반영합니다. 입사 후에는 담당 영역의 실행력을 높이고, 정확성·일정 준수·이용자 관점의 완성도를 중요한 기준으로 삼습니다.","- 아티스트 협업, 발매 일정, 제작 예산, 홍보 자료 관련 업무 계획 수립 및 실행
- 담당 과제의 일정·진행 현황 관리
- 업무 산출물 작성 및 검토 이력 관리
- 유관 부서 및 외부 협력 대상과 실무 조율
- 현장·시스템·자료에서 발생한 이슈 분석 및 조치
- 운영 기준과 체크리스트 개선
- 결과 데이터 또는 피드백을 반영한 품질 개선","- 경력 조건에 맞는 관련 실무 경험 또는 역량 보유
- 아티스트 협업, 발매 일정, 제작 예산, 홍보 자료에 필요한 도구·절차를 이해하고 실무 적용이 가능한 분
- 업무 내용을 정확히 기록하고 일정에 맞춰 결과물을 제출할 수 있는 분
- 유관 부서와 원활하게 소통하며 협업할 수 있는 분
- 근무지 출퇴근 및 직무 수행이 가능한 분","- 무대예술전문인(음향) 보유자
- 문화예술교육사 보유자
- 아티스트 협업, 발매 일정, 제작 예산, 홍보 자료 관련 프로젝트 또는 현장 수행 경험
- 업무용 문서·보고서 작성 및 이력 관리 경험
- 유관 부서·외부 협력사와의 일정 조율 경험","- 지원서 또는 제출서류를 허위로 기재한 경우
- 채용 과정에서 요구한 증빙서류를 제출하지 못한 경우
- 채용검진 결과 직무 수행이 어렵다고 판단되는 경우
- 해외여행 및 근무에 결격사유가 있는 경우
- 관련 법령 또는 내부 인사규정상 채용이 불가능한 경우",서류전형 > 인성검사 > 실무면접 > 최종면접
2041,스포츠강사 담당자 모집,137,205,20260916,20261021,6,신입,정규직,서울특별시,학력무관,"스포츠강사 포지션은 대상자 수준에 맞는 스포츠 수업을 운영 역할입니다. 담당 업무의 목표와 우선순위를 명확히 설정하고, 일정과 품질 기준을 함께 관리합니다.

수업 계획서, 안전 점검, 출결, 운동 지도를 중심으로 실무를 수행하며, 요구사항과 결과물을 문서화해 업무 흐름이 누락되지 않도록 합니다.

기획·운영·현장 담당자 및 외부 협력 파트너와 수시로 협업합니다. 변경 사항은 영향 범위를 검토한 뒤 대안을 제시하고 합의된 방식으로 반영합니다.

문제 발생 시 사실관계와 원인을 먼저 확인하고, 재발 방지 방안을 업무 절차에 반영합니다. 입사 후에는 담당 영역의 실행력을 높이고, 정확성·일정 준수·이용자 관점의 완성도를 중요한 기준으로 삼습니다.","- 수업 계획서, 안전 점검, 출결, 운동 지도 관련 업무 계획 수립 및 실행
- 담당 과제의 일정·진행 현황 관리
- 업무 산출물 작성 및 검토 이력 관리
- 유관 부서 및 외부 협력 대상과 실무 조율
- 현장·시스템·자료에서 발생한 이슈 분석 및 조치
- 운영 기준과 체크리스트 개선
- 결과 데이터 또는 피드백을 반영한 품질 개선","- 신입 조건에 맞는 관련 실무 경험 또는 역량 보유
- 수업 계획서, 안전 점검, 출결, 운동 지도에 필요한 도구·절차를 이해하고 실무 적용이 가능한 분
- 업무 내용을 정확히 기록하고 일정에 맞춰 결과물을 제출할 수 있는 분
- 유관 부서와 원활하게 소통하며 협업할 수 있는 분
- 근무지 출퇴근 및 직무 수행이 가능한 분","- 생활스포츠지도사 보유자
- 전문스포츠지도사 보유자
- 수업 계획서, 안전 점검, 출결, 운동 지도 관련 프로젝트 또는 현장 수행 경험
- 업무용 문서·보고서 작성 및 이력 관리 경험
- 유관 부서·외부 협력사와의 일정 조율 경험","- 지원서 또는 제출서류를 허위로 기재한 경우
- 채용 과정에서 요구한 증빙서류를 제출하지 못한 경우
- 채용검진 결과 직무 수행이 어렵다고 판단되는 경우
- 해외여행 및 근무에 결격사유가 있는 경우
- 관련 법령 또는 내부 인사규정상 채용이 불가능한 경우",서류전형 > 실무면접 > 최종면접
2042,스포츠강사 실무자 채용,95,205,20261021,20261128,8,경력,계약직,경기도,전문학사 이상,"스포츠강사 포지션은 대상자 수준에 맞는 스포츠 수업을 운영 역할입니다. 담당 업무의 목표와 우선순위를 명확히 설정하고, 일정과 품질 기준을 함께 관리합니다.

수업 계획서, 안전 점검, 출결, 운동 지도를 중심으로 실무를 수행하며, 요구사항과 결과물을 문서화해 업무 흐름이 누락되지 않도록 합니다.

기획·운영·현장 담당자 및 외부 협력 파트너와 수시로 협업합니다. 변경 사항은 영향 범위를 검토한 뒤 대안을 제시하고 합의된 방식으로 반영합니다.

문제 발생 시 사실관계와 원인을 먼저 확인하고, 재발 방지 방안을 업무 절차에 반영합니다. 입사 후에는 담당 영역의 실행력을 높이고, 정확성·일정 준수·이용자 관점의 완성도를 중요한 기준으로 삼습니다.","- 수업 계획서, 안전 점검, 출결, 운동 지도 관련 업무 계획 수립 및 실행
- 담당 과제의 일정·진행 현황 관리
- 업무 산출물 작성 및 검토 이력 관리
- 유관 부서 및 외부 협력 대상과 실무 조율
- 현장·시스템·자료에서 발생한 이슈 분석 및 조치
- 운영 기준과 체크리스트 개선
- 결과 데이터 또는 피드백을 반영한 품질 개선","- 경력 조건에 맞는 관련 실무 경험 또는 역량 보유
- 수업 계획서, 안전 점검, 출결, 운동 지도에 필요한 도구·절차를 이해하고 실무 적용이 가능한 분
- 업무 내용을 정확히 기록하고 일정에 맞춰 결과물을 제출할 수 있는 분
- 유관 부서와 원활하게 소통하며 협업할 수 있는 분
- 근무지 출퇴근 및 직무 수행이 가능한 분","- 생활스포츠지도사 보유자
- 전문스포츠지도사 보유자
- 수업 계획서, 안전 점검, 출결, 운동 지도 관련 프로젝트 또는 현장 수행 경험
- 업무용 문서·보고서 작성 및 이력 관리 경험
- 유관 부서·외부 협력사와의 일정 조율 경험","- 지원서 또는 제출서류를 허위로 기재한 경우
- 채용 과정에서 요구한 증빙서류를 제출하지 못한 경우
- 채용검진 결과 직무 수행이 어렵다고 판단되는 경우
- 해외여행 및 근무에 결격사유가 있는 경우
- 관련 법령 또는 내부 인사규정상 채용이 불가능한 경우",서류전형 > 인성검사 > 실무면접 > 최종면접
2043,스포츠강사 전문인력 채용,13,205,20260201,20260314,10,신입·경력,정규직,인천광역시,학사 이상,"스포츠강사 포지션은 대상자 수준에 맞는 스포츠 수업을 운영 역할입니다. 담당 업무의 목표와 우선순위를 명확히 설정하고, 일정과 품질 기준을 함께 관리합니다.

수업 계획서, 안전 점검, 출결, 운동 지도를 중심으로 실무를 수행하며, 요구사항과 결과물을 문서화해 업무 흐름이 누락되지 않도록 합니다.

기획·운영·현장 담당자 및 외부 협력 파트너와 수시로 협업합니다. 변경 사항은 영향 범위를 검토한 뒤 대안을 제시하고 합의된 방식으로 반영합니다.

문제 발생 시 사실관계와 원인을 먼저 확인하고, 재발 방지 방안을 업무 절차에 반영합니다. 입사 후에는 담당 영역의 실행력을 높이고, 정확성·일정 준수·이용자 관점의 완성도를 중요한 기준으로 삼습니다.","- 수업 계획서, 안전 점검, 출결, 운동 지도 관련 업무 계획 수립 및 실행
- 담당 과제의 일정·진행 현황 관리
- 업무 산출물 작성 및 검토 이력 관리
- 유관 부서 및 외부 협력 대상과 실무 조율
- 현장·시스템·자료에서 발생한 이슈 분석 및 조치
- 운영 기준과 체크리스트 개선
- 결과 데이터 또는 피드백을 반영한 품질 개선","- 신입·경력 조건에 맞는 관련 실무 경험 또는 역량 보유
- 수업 계획서, 안전 점검, 출결, 운동 지도에 필요한 도구·절차를 이해하고 실무 적용이 가능한 분
- 업무 내용을 정확히 기록하고 일정에 맞춰 결과물을 제출할 수 있는 분
- 유관 부서와 원활하게 소통하며 협업할 수 있는 분
- 근무지 출퇴근 및 직무 수행이 가능한 분","- 생활스포츠지도사 보유자
- 전문스포츠지도사 보유자
- 수업 계획서, 안전 점검, 출결, 운동 지도 관련 프로젝트 또는 현장 수행 경험
- 업무용 문서·보고서 작성 및 이력 관리 경험
- 유관 부서·외부 협력사와의 일정 조율 경험","- 지원서 또는 제출서류를 허위로 기재한 경우
- 채용 과정에서 요구한 증빙서류를 제출하지 못한 경우
- 채용검진 결과 직무 수행이 어렵다고 판단되는 경우
- 해외여행 및 근무에 결격사유가 있는 경우
- 관련 법령 또는 내부 인사규정상 채용이 불가능한 경우",서류전형 > 직무과제 > 실무면접 > 처우협의
2044,스포츠강사 운영 담당 채용,11,205,20260306,20260419,12,경력 2년 이상,정규직,대전광역시,학사 이상,"스포츠강사 포지션은 대상자 수준에 맞는 스포츠 수업을 운영 역할입니다. 담당 업무의 목표와 우선순위를 명확히 설정하고, 일정과 품질 기준을 함께 관리합니다.

수업 계획서, 안전 점검, 출결, 운동 지도를 중심으로 실무를 수행하며, 요구사항과 결과물을 문서화해 업무 흐름이 누락되지 않도록 합니다.

기획·운영·현장 담당자 및 외부 협력 파트너와 수시로 협업합니다. 변경 사항은 영향 범위를 검토한 뒤 대안을 제시하고 합의된 방식으로 반영합니다.

문제 발생 시 사실관계와 원인을 먼저 확인하고, 재발 방지 방안을 업무 절차에 반영합니다. 입사 후에는 담당 영역의 실행력을 높이고, 정확성·일정 준수·이용자 관점의 완성도를 중요한 기준으로 삼습니다.","- 수업 계획서, 안전 점검, 출결, 운동 지도 관련 업무 계획 수립 및 실행
- 담당 과제의 일정·진행 현황 관리
- 업무 산출물 작성 및 검토 이력 관리
- 유관 부서 및 외부 협력 대상과 실무 조율
- 현장·시스템·자료에서 발생한 이슈 분석 및 조치
- 운영 기준과 체크리스트 개선
- 결과 데이터 또는 피드백을 반영한 품질 개선","- 경력 2년 이상 조건에 맞는 관련 실무 경험 또는 역량 보유
- 수업 계획서, 안전 점검, 출결, 운동 지도에 필요한 도구·절차를 이해하고 실무 적용이 가능한 분
- 업무 내용을 정확히 기록하고 일정에 맞춰 결과물을 제출할 수 있는 분
- 유관 부서와 원활하게 소통하며 협업할 수 있는 분
- 근무지 출퇴근 및 직무 수행이 가능한 분","- 생활스포츠지도사 보유자
- 전문스포츠지도사 보유자
- 수업 계획서, 안전 점검, 출결, 운동 지도 관련 프로젝트 또는 현장 수행 경험
- 업무용 문서·보고서 작성 및 이력 관리 경험
- 유관 부서·외부 협력사와의 일정 조율 경험","- 지원서 또는 제출서류를 허위로 기재한 경우
- 채용 과정에서 요구한 증빙서류를 제출하지 못한 경우
- 채용검진 결과 직무 수행이 어렵다고 판단되는 경우
- 해외여행 및 근무에 결격사유가 있는 경우
- 관련 법령 또는 내부 인사규정상 채용이 불가능한 경우",서류전형 > 1차면접 > 2차면접 > 채용검진
2045,스포츠강사 프로젝트 인재 모집,49,205,20260411,20260422,14,경력 3년 이상,무기계약직,부산광역시,학력무관,"스포츠강사 포지션은 대상자 수준에 맞는 스포츠 수업을 운영 역할입니다. 담당 업무의 목표와 우선순위를 명확히 설정하고, 일정과 품질 기준을 함께 관리합니다.

수업 계획서, 안전 점검, 출결, 운동 지도를 중심으로 실무를 수행하며, 요구사항과 결과물을 문서화해 업무 흐름이 누락되지 않도록 합니다.

기획·운영·현장 담당자 및 외부 협력 파트너와 수시로 협업합니다. 변경 사항은 영향 범위를 검토한 뒤 대안을 제시하고 합의된 방식으로 반영합니다.

문제 발생 시 사실관계와 원인을 먼저 확인하고, 재발 방지 방안을 업무 절차에 반영합니다. 입사 후에는 담당 영역의 실행력을 높이고, 정확성·일정 준수·이용자 관점의 완성도를 중요한 기준으로 삼습니다.","- 수업 계획서, 안전 점검, 출결, 운동 지도 관련 업무 계획 수립 및 실행
- 담당 과제의 일정·진행 현황 관리
- 업무 산출물 작성 및 검토 이력 관리
- 유관 부서 및 외부 협력 대상과 실무 조율
- 현장·시스템·자료에서 발생한 이슈 분석 및 조치
- 운영 기준과 체크리스트 개선
- 결과 데이터 또는 피드백을 반영한 품질 개선","- 경력 3년 이상 조건에 맞는 관련 실무 경험 또는 역량 보유
- 수업 계획서, 안전 점검, 출결, 운동 지도에 필요한 도구·절차를 이해하고 실무 적용이 가능한 분
- 업무 내용을 정확히 기록하고 일정에 맞춰 결과물을 제출할 수 있는 분
- 유관 부서와 원활하게 소통하며 협업할 수 있는 분
- 근무지 출퇴근 및 직무 수행이 가능한 분","- 생활스포츠지도사 보유자
- 전문스포츠지도사 보유자
- 수업 계획서, 안전 점검, 출결, 운동 지도 관련 프로젝트 또는 현장 수행 경험
- 업무용 문서·보고서 작성 및 이력 관리 경험
- 유관 부서·외부 협력사와의 일정 조율 경험","- 지원서 또는 제출서류를 허위로 기재한 경우
- 채용 과정에서 요구한 증빙서류를 제출하지 못한 경우
- 채용검진 결과 직무 수행이 어렵다고 판단되는 경우
- 해외여행 및 근무에 결격사유가 있는 경우
- 관련 법령 또는 내부 인사규정상 채용이 불가능한 경우",서류전형 > 실무면접 > 최종면접
2046,스포츠강사 전담 인력 채용,4,205,20260516,20260530,16,경력 무관,기간제,광주광역시,전문학사 이상,"스포츠강사 포지션은 대상자 수준에 맞는 스포츠 수업을 운영 역할입니다. 담당 업무의 목표와 우선순위를 명확히 설정하고, 일정과 품질 기준을 함께 관리합니다.

수업 계획서, 안전 점검, 출결, 운동 지도를 중심으로 실무를 수행하며, 요구사항과 결과물을 문서화해 업무 흐름이 누락되지 않도록 합니다.

기획·운영·현장 담당자 및 외부 협력 파트너와 수시로 협업합니다. 변경 사항은 영향 범위를 검토한 뒤 대안을 제시하고 합의된 방식으로 반영합니다.

문제 발생 시 사실관계와 원인을 먼저 확인하고, 재발 방지 방안을 업무 절차에 반영합니다. 입사 후에는 담당 영역의 실행력을 높이고, 정확성·일정 준수·이용자 관점의 완성도를 중요한 기준으로 삼습니다.","- 수업 계획서, 안전 점검, 출결, 운동 지도 관련 업무 계획 수립 및 실행
- 담당 과제의 일정·진행 현황 관리
- 업무 산출물 작성 및 검토 이력 관리
- 유관 부서 및 외부 협력 대상과 실무 조율
- 현장·시스템·자료에서 발생한 이슈 분석 및 조치
- 운영 기준과 체크리스트 개선
- 결과 데이터 또는 피드백을 반영한 품질 개선","- 경력 무관 조건에 맞는 관련 실무 경험 또는 역량 보유
- 수업 계획서, 안전 점검, 출결, 운동 지도에 필요한 도구·절차를 이해하고 실무 적용이 가능한 분
- 업무 내용을 정확히 기록하고 일정에 맞춰 결과물을 제출할 수 있는 분
- 유관 부서와 원활하게 소통하며 협업할 수 있는 분
- 근무지 출퇴근 및 직무 수행이 가능한 분","- 생활스포츠지도사 보유자
- 전문스포츠지도사 보유자
- 수업 계획서, 안전 점검, 출결, 운동 지도 관련 프로젝트 또는 현장 수행 경험
- 업무용 문서·보고서 작성 및 이력 관리 경험
- 유관 부서·외부 협력사와의 일정 조율 경험","- 지원서 또는 제출서류를 허위로 기재한 경우
- 채용 과정에서 요구한 증빙서류를 제출하지 못한 경우
- 채용검진 결과 직무 수행이 어렵다고 판단되는 경우
- 해외여행 및 근무에 결격사유가 있는 경우
- 관련 법령 또는 내부 인사규정상 채용이 불가능한 경우",서류전형 > 인성검사 > 실무면접 > 최종면접
2047,스포츠강사 실무 인재 모집,90,205,20260621,20260708,18,경력 5년 이상,정규직,세종특별자치시,학사 이상,"스포츠강사 포지션은 대상자 수준에 맞는 스포츠 수업을 운영 역할입니다. 담당 업무의 목표와 우선순위를 명확히 설정하고, 일정과 품질 기준을 함께 관리합니다.

수업 계획서, 안전 점검, 출결, 운동 지도를 중심으로 실무를 수행하며, 요구사항과 결과물을 문서화해 업무 흐름이 누락되지 않도록 합니다.

기획·운영·현장 담당자 및 외부 협력 파트너와 수시로 협업합니다. 변경 사항은 영향 범위를 검토한 뒤 대안을 제시하고 합의된 방식으로 반영합니다.

문제 발생 시 사실관계와 원인을 먼저 확인하고, 재발 방지 방안을 업무 절차에 반영합니다. 입사 후에는 담당 영역의 실행력을 높이고, 정확성·일정 준수·이용자 관점의 완성도를 중요한 기준으로 삼습니다.","- 수업 계획서, 안전 점검, 출결, 운동 지도 관련 업무 계획 수립 및 실행
- 담당 과제의 일정·진행 현황 관리
- 업무 산출물 작성 및 검토 이력 관리
- 유관 부서 및 외부 협력 대상과 실무 조율
- 현장·시스템·자료에서 발생한 이슈 분석 및 조치
- 운영 기준과 체크리스트 개선
- 결과 데이터 또는 피드백을 반영한 품질 개선","- 경력 5년 이상 조건에 맞는 관련 실무 경험 또는 역량 보유
- 수업 계획서, 안전 점검, 출결, 운동 지도에 필요한 도구·절차를 이해하고 실무 적용이 가능한 분
- 업무 내용을 정확히 기록하고 일정에 맞춰 결과물을 제출할 수 있는 분
- 유관 부서와 원활하게 소통하며 협업할 수 있는 분
- 근무지 출퇴근 및 직무 수행이 가능한 분","- 생활스포츠지도사 보유자
- 전문스포츠지도사 보유자
- 수업 계획서, 안전 점검, 출결, 운동 지도 관련 프로젝트 또는 현장 수행 경험
- 업무용 문서·보고서 작성 및 이력 관리 경험
- 유관 부서·외부 협력사와의 일정 조율 경험","- 지원서 또는 제출서류를 허위로 기재한 경우
- 채용 과정에서 요구한 증빙서류를 제출하지 못한 경우
- 채용검진 결과 직무 수행이 어렵다고 판단되는 경우
- 해외여행 및 근무에 결격사유가 있는 경우
- 관련 법령 또는 내부 인사규정상 채용이 불가능한 경우",서류전형 > 직무과제 > 실무면접 > 처우협의
2048,스포츠강사 담당자 공개채용,104,205,20260701,20260721,20,신입·경력,계약직,충청남도,학력무관,"스포츠강사 포지션은 대상자 수준에 맞는 스포츠 수업을 운영 역할입니다. 담당 업무의 목표와 우선순위를 명확히 설정하고, 일정과 품질 기준을 함께 관리합니다.

수업 계획서, 안전 점검, 출결, 운동 지도를 중심으로 실무를 수행하며, 요구사항과 결과물을 문서화해 업무 흐름이 누락되지 않도록 합니다.

기획·운영·현장 담당자 및 외부 협력 파트너와 수시로 협업합니다. 변경 사항은 영향 범위를 검토한 뒤 대안을 제시하고 합의된 방식으로 반영합니다.

문제 발생 시 사실관계와 원인을 먼저 확인하고, 재발 방지 방안을 업무 절차에 반영합니다. 입사 후에는 담당 영역의 실행력을 높이고, 정확성·일정 준수·이용자 관점의 완성도를 중요한 기준으로 삼습니다.","- 수업 계획서, 안전 점검, 출결, 운동 지도 관련 업무 계획 수립 및 실행
- 담당 과제의 일정·진행 현황 관리
- 업무 산출물 작성 및 검토 이력 관리
- 유관 부서 및 외부 협력 대상과 실무 조율
- 현장·시스템·자료에서 발생한 이슈 분석 및 조치
- 운영 기준과 체크리스트 개선
- 결과 데이터 또는 피드백을 반영한 품질 개선","- 신입·경력 조건에 맞는 관련 실무 경험 또는 역량 보유
- 수업 계획서, 안전 점검, 출결, 운동 지도에 필요한 도구·절차를 이해하고 실무 적용이 가능한 분
- 업무 내용을 정확히 기록하고 일정에 맞춰 결과물을 제출할 수 있는 분
- 유관 부서와 원활하게 소통하며 협업할 수 있는 분
- 근무지 출퇴근 및 직무 수행이 가능한 분","- 생활스포츠지도사 보유자
- 전문스포츠지도사 보유자
- 수업 계획서, 안전 점검, 출결, 운동 지도 관련 프로젝트 또는 현장 수행 경험
- 업무용 문서·보고서 작성 및 이력 관리 경험
- 유관 부서·외부 협력사와의 일정 조율 경험","- 지원서 또는 제출서류를 허위로 기재한 경우
- 채용 과정에서 요구한 증빙서류를 제출하지 못한 경우
- 채용검진 결과 직무 수행이 어렵다고 판단되는 경우
- 해외여행 및 근무에 결격사유가 있는 경우
- 관련 법령 또는 내부 인사규정상 채용이 불가능한 경우",서류전형 > 1차면접 > 2차면접 > 채용검진
2049,스포츠강사 정규직 모집,46,205,20260806,20260829,2,경력 2년 이상,정규직,경상남도,학사 이상,"스포츠강사 포지션은 대상자 수준에 맞는 스포츠 수업을 운영 역할입니다. 담당 업무의 목표와 우선순위를 명확히 설정하고, 일정과 품질 기준을 함께 관리합니다.

수업 계획서, 안전 점검, 출결, 운동 지도를 중심으로 실무를 수행하며, 요구사항과 결과물을 문서화해 업무 흐름이 누락되지 않도록 합니다.

기획·운영·현장 담당자 및 외부 협력 파트너와 수시로 협업합니다. 변경 사항은 영향 범위를 검토한 뒤 대안을 제시하고 합의된 방식으로 반영합니다.

문제 발생 시 사실관계와 원인을 먼저 확인하고, 재발 방지 방안을 업무 절차에 반영합니다. 입사 후에는 담당 영역의 실행력을 높이고, 정확성·일정 준수·이용자 관점의 완성도를 중요한 기준으로 삼습니다.","- 수업 계획서, 안전 점검, 출결, 운동 지도 관련 업무 계획 수립 및 실행
- 담당 과제의 일정·진행 현황 관리
- 업무 산출물 작성 및 검토 이력 관리
- 유관 부서 및 외부 협력 대상과 실무 조율
- 현장·시스템·자료에서 발생한 이슈 분석 및 조치
- 운영 기준과 체크리스트 개선
- 결과 데이터 또는 피드백을 반영한 품질 개선","- 경력 2년 이상 조건에 맞는 관련 실무 경험 또는 역량 보유
- 수업 계획서, 안전 점검, 출결, 운동 지도에 필요한 도구·절차를 이해하고 실무 적용이 가능한 분
- 업무 내용을 정확히 기록하고 일정에 맞춰 결과물을 제출할 수 있는 분
- 유관 부서와 원활하게 소통하며 협업할 수 있는 분
- 근무지 출퇴근 및 직무 수행이 가능한 분","- 생활스포츠지도사 보유자
- 전문스포츠지도사 보유자
- 수업 계획서, 안전 점검, 출결, 운동 지도 관련 프로젝트 또는 현장 수행 경험
- 업무용 문서·보고서 작성 및 이력 관리 경험
- 유관 부서·외부 협력사와의 일정 조율 경험","- 지원서 또는 제출서류를 허위로 기재한 경우
- 채용 과정에서 요구한 증빙서류를 제출하지 못한 경우
- 채용검진 결과 직무 수행이 어렵다고 판단되는 경우
- 해외여행 및 근무에 결격사유가 있는 경우
- 관련 법령 또는 내부 인사규정상 채용이 불가능한 경우",서류전형 > 실무면접 > 최종면접
2050,스포츠강사 채용,91,205,20260911,20261007,4,경력,정규직,전북특별자치도,전문학사 이상,"스포츠강사 포지션은 대상자 수준에 맞는 스포츠 수업을 운영 역할입니다. 담당 업무의 목표와 우선순위를 명확히 설정하고, 일정과 품질 기준을 함께 관리합니다.

수업 계획서, 안전 점검, 출결, 운동 지도를 중심으로 실무를 수행하며, 요구사항과 결과물을 문서화해 업무 흐름이 누락되지 않도록 합니다.

기획·운영·현장 담당자 및 외부 협력 파트너와 수시로 협업합니다. 변경 사항은 영향 범위를 검토한 뒤 대안을 제시하고 합의된 방식으로 반영합니다.

문제 발생 시 사실관계와 원인을 먼저 확인하고, 재발 방지 방안을 업무 절차에 반영합니다. 입사 후에는 담당 영역의 실행력을 높이고, 정확성·일정 준수·이용자 관점의 완성도를 중요한 기준으로 삼습니다.","- 수업 계획서, 안전 점검, 출결, 운동 지도 관련 업무 계획 수립 및 실행
- 담당 과제의 일정·진행 현황 관리
- 업무 산출물 작성 및 검토 이력 관리
- 유관 부서 및 외부 협력 대상과 실무 조율
- 현장·시스템·자료에서 발생한 이슈 분석 및 조치
- 운영 기준과 체크리스트 개선
- 결과 데이터 또는 피드백을 반영한 품질 개선","- 경력 조건에 맞는 관련 실무 경험 또는 역량 보유
- 수업 계획서, 안전 점검, 출결, 운동 지도에 필요한 도구·절차를 이해하고 실무 적용이 가능한 분
- 업무 내용을 정확히 기록하고 일정에 맞춰 결과물을 제출할 수 있는 분
- 유관 부서와 원활하게 소통하며 협업할 수 있는 분
- 근무지 출퇴근 및 직무 수행이 가능한 분","- 생활스포츠지도사 보유자
- 전문스포츠지도사 보유자
- 수업 계획서, 안전 점검, 출결, 운동 지도 관련 프로젝트 또는 현장 수행 경험
- 업무용 문서·보고서 작성 및 이력 관리 경험
- 유관 부서·외부 협력사와의 일정 조율 경험","- 지원서 또는 제출서류를 허위로 기재한 경우
- 채용 과정에서 요구한 증빙서류를 제출하지 못한 경우
- 채용검진 결과 직무 수행이 어렵다고 판단되는 경우
- 해외여행 및 근무에 결격사유가 있는 경우
- 관련 법령 또는 내부 인사규정상 채용이 불가능한 경우",서류전형 > 인성검사 > 실무면접 > 최종면접
2051,AI콘텐츠크리에이터 담당자 모집,73,206,20261019,20261124,7,신입,정규직,서울특별시,학력무관,"AI콘텐츠크리에이터 포지션은 생성형 AI를 활용한 콘텐츠 기획과 제작 역할입니다. 담당 업무의 목표와 우선순위를 명확히 설정하고, 일정과 품질 기준을 함께 관리합니다.

프롬프트, 이미지·영상 생성, 편집, 성과 분석를 중심으로 실무를 수행하며, 요구사항과 결과물을 문서화해 업무 흐름이 누락되지 않도록 합니다.

기획·운영·현장 담당자 및 외부 협력 파트너와 수시로 협업합니다. 변경 사항은 영향 범위를 검토한 뒤 대안을 제시하고 합의된 방식으로 반영합니다.

문제 발생 시 사실관계와 원인을 먼저 확인하고, 재발 방지 방안을 업무 절차에 반영합니다. 입사 후에는 담당 영역의 실행력을 높이고, 정확성·일정 준수·이용자 관점의 완성도를 중요한 기준으로 삼습니다.","- 프롬프트, 이미지·영상 생성, 편집, 성과 분석 관련 업무 계획 수립 및 실행
- 담당 과제의 일정·진행 현황 관리
- 업무 산출물 작성 및 검토 이력 관리
- 유관 부서 및 외부 협력 대상과 실무 조율
- 현장·시스템·자료에서 발생한 이슈 분석 및 조치
- 운영 기준과 체크리스트 개선
- 결과 데이터 또는 피드백을 반영한 품질 개선","- 신입 조건에 맞는 관련 실무 경험 또는 역량 보유
- 프롬프트, 이미지·영상 생성, 편집, 성과 분석에 필요한 도구·절차를 이해하고 실무 적용이 가능한 분
- 업무 내용을 정확히 기록하고 일정에 맞춰 결과물을 제출할 수 있는 분
- 유관 부서와 원활하게 소통하며 협업할 수 있는 분
- 근무지 출퇴근 및 직무 수행이 가능한 분","- Adobe Certified Professional 보유자
- GTQ 그래픽기술자격 1급 보유자
- 프롬프트, 이미지·영상 생성, 편집, 성과 분석 관련 프로젝트 또는 현장 수행 경험
- 업무용 문서·보고서 작성 및 이력 관리 경험
- 유관 부서·외부 협력사와의 일정 조율 경험","- 지원서 또는 제출서류를 허위로 기재한 경우
- 채용 과정에서 요구한 증빙서류를 제출하지 못한 경우
- 채용검진 결과 직무 수행이 어렵다고 판단되는 경우
- 해외여행 및 근무에 결격사유가 있는 경우
- 관련 법령 또는 내부 인사규정상 채용이 불가능한 경우",서류전형 > 실무면접 > 최종면접
2052,AI콘텐츠크리에이터 실무자 채용,83,206,20260224,20260404,9,경력,계약직,경기도,전문학사 이상,"AI콘텐츠크리에이터 포지션은 생성형 AI를 활용한 콘텐츠 기획과 제작 역할입니다. 담당 업무의 목표와 우선순위를 명확히 설정하고, 일정과 품질 기준을 함께 관리합니다.

프롬프트, 이미지·영상 생성, 편집, 성과 분석를 중심으로 실무를 수행하며, 요구사항과 결과물을 문서화해 업무 흐름이 누락되지 않도록 합니다.

기획·운영·현장 담당자 및 외부 협력 파트너와 수시로 협업합니다. 변경 사항은 영향 범위를 검토한 뒤 대안을 제시하고 합의된 방식으로 반영합니다.

문제 발생 시 사실관계와 원인을 먼저 확인하고, 재발 방지 방안을 업무 절차에 반영합니다. 입사 후에는 담당 영역의 실행력을 높이고, 정확성·일정 준수·이용자 관점의 완성도를 중요한 기준으로 삼습니다.","- 프롬프트, 이미지·영상 생성, 편집, 성과 분석 관련 업무 계획 수립 및 실행
- 담당 과제의 일정·진행 현황 관리
- 업무 산출물 작성 및 검토 이력 관리
- 유관 부서 및 외부 협력 대상과 실무 조율
- 현장·시스템·자료에서 발생한 이슈 분석 및 조치
- 운영 기준과 체크리스트 개선
- 결과 데이터 또는 피드백을 반영한 품질 개선","- 경력 조건에 맞는 관련 실무 경험 또는 역량 보유
- 프롬프트, 이미지·영상 생성, 편집, 성과 분석에 필요한 도구·절차를 이해하고 실무 적용이 가능한 분
- 업무 내용을 정확히 기록하고 일정에 맞춰 결과물을 제출할 수 있는 분
- 유관 부서와 원활하게 소통하며 협업할 수 있는 분
- 근무지 출퇴근 및 직무 수행이 가능한 분","- Adobe Certified Professional 보유자
- GTQ 그래픽기술자격 1급 보유자
- 프롬프트, 이미지·영상 생성, 편집, 성과 분석 관련 프로젝트 또는 현장 수행 경험
- 업무용 문서·보고서 작성 및 이력 관리 경험
- 유관 부서·외부 협력사와의 일정 조율 경험","- 지원서 또는 제출서류를 허위로 기재한 경우
- 채용 과정에서 요구한 증빙서류를 제출하지 못한 경우
- 채용검진 결과 직무 수행이 어렵다고 판단되는 경우
- 해외여행 및 근무에 결격사유가 있는 경우
- 관련 법령 또는 내부 인사규정상 채용이 불가능한 경우",서류전형 > 인성검사 > 실무면접 > 최종면접
2053,AI콘텐츠크리에이터 전문인력 채용,130,206,20260304,20260415,11,신입·경력,정규직,인천광역시,학사 이상,"AI콘텐츠크리에이터 포지션은 생성형 AI를 활용한 콘텐츠 기획과 제작 역할입니다. 담당 업무의 목표와 우선순위를 명확히 설정하고, 일정과 품질 기준을 함께 관리합니다.

프롬프트, 이미지·영상 생성, 편집, 성과 분석를 중심으로 실무를 수행하며, 요구사항과 결과물을 문서화해 업무 흐름이 누락되지 않도록 합니다.

기획·운영·현장 담당자 및 외부 협력 파트너와 수시로 협업합니다. 변경 사항은 영향 범위를 검토한 뒤 대안을 제시하고 합의된 방식으로 반영합니다.

문제 발생 시 사실관계와 원인을 먼저 확인하고, 재발 방지 방안을 업무 절차에 반영합니다. 입사 후에는 담당 영역의 실행력을 높이고, 정확성·일정 준수·이용자 관점의 완성도를 중요한 기준으로 삼습니다.","- 프롬프트, 이미지·영상 생성, 편집, 성과 분석 관련 업무 계획 수립 및 실행
- 담당 과제의 일정·진행 현황 관리
- 업무 산출물 작성 및 검토 이력 관리
- 유관 부서 및 외부 협력 대상과 실무 조율
- 현장·시스템·자료에서 발생한 이슈 분석 및 조치
- 운영 기준과 체크리스트 개선
- 결과 데이터 또는 피드백을 반영한 품질 개선","- 신입·경력 조건에 맞는 관련 실무 경험 또는 역량 보유
- 프롬프트, 이미지·영상 생성, 편집, 성과 분석에 필요한 도구·절차를 이해하고 실무 적용이 가능한 분
- 업무 내용을 정확히 기록하고 일정에 맞춰 결과물을 제출할 수 있는 분
- 유관 부서와 원활하게 소통하며 협업할 수 있는 분
- 근무지 출퇴근 및 직무 수행이 가능한 분","- Adobe Certified Professional 보유자
- GTQ 그래픽기술자격 1급 보유자
- 프롬프트, 이미지·영상 생성, 편집, 성과 분석 관련 프로젝트 또는 현장 수행 경험
- 업무용 문서·보고서 작성 및 이력 관리 경험
- 유관 부서·외부 협력사와의 일정 조율 경험","- 지원서 또는 제출서류를 허위로 기재한 경우
- 채용 과정에서 요구한 증빙서류를 제출하지 못한 경우
- 채용검진 결과 직무 수행이 어렵다고 판단되는 경우
- 해외여행 및 근무에 결격사유가 있는 경우
- 관련 법령 또는 내부 인사규정상 채용이 불가능한 경우",서류전형 > 직무과제 > 실무면접 > 처우협의
2054,AI콘텐츠크리에이터 운영 담당 채용,115,206,20260409,20260524,13,경력 2년 이상,정규직,대전광역시,학사 이상,"AI콘텐츠크리에이터 포지션은 생성형 AI를 활용한 콘텐츠 기획과 제작 역할입니다. 담당 업무의 목표와 우선순위를 명확히 설정하고, 일정과 품질 기준을 함께 관리합니다.

프롬프트, 이미지·영상 생성, 편집, 성과 분석를 중심으로 실무를 수행하며, 요구사항과 결과물을 문서화해 업무 흐름이 누락되지 않도록 합니다.

기획·운영·현장 담당자 및 외부 협력 파트너와 수시로 협업합니다. 변경 사항은 영향 범위를 검토한 뒤 대안을 제시하고 합의된 방식으로 반영합니다.

문제 발생 시 사실관계와 원인을 먼저 확인하고, 재발 방지 방안을 업무 절차에 반영합니다. 입사 후에는 담당 영역의 실행력을 높이고, 정확성·일정 준수·이용자 관점의 완성도를 중요한 기준으로 삼습니다.","- 프롬프트, 이미지·영상 생성, 편집, 성과 분석 관련 업무 계획 수립 및 실행
- 담당 과제의 일정·진행 현황 관리
- 업무 산출물 작성 및 검토 이력 관리
- 유관 부서 및 외부 협력 대상과 실무 조율
- 현장·시스템·자료에서 발생한 이슈 분석 및 조치
- 운영 기준과 체크리스트 개선
- 결과 데이터 또는 피드백을 반영한 품질 개선","- 경력 2년 이상 조건에 맞는 관련 실무 경험 또는 역량 보유
- 프롬프트, 이미지·영상 생성, 편집, 성과 분석에 필요한 도구·절차를 이해하고 실무 적용이 가능한 분
- 업무 내용을 정확히 기록하고 일정에 맞춰 결과물을 제출할 수 있는 분
- 유관 부서와 원활하게 소통하며 협업할 수 있는 분
- 근무지 출퇴근 및 직무 수행이 가능한 분","- Adobe Certified Professional 보유자
- GTQ 그래픽기술자격 1급 보유자
- 프롬프트, 이미지·영상 생성, 편집, 성과 분석 관련 프로젝트 또는 현장 수행 경험
- 업무용 문서·보고서 작성 및 이력 관리 경험
- 유관 부서·외부 협력사와의 일정 조율 경험","- 지원서 또는 제출서류를 허위로 기재한 경우
- 채용 과정에서 요구한 증빙서류를 제출하지 못한 경우
- 채용검진 결과 직무 수행이 어렵다고 판단되는 경우
- 해외여행 및 근무에 결격사유가 있는 경우
- 관련 법령 또는 내부 인사규정상 채용이 불가능한 경우",서류전형 > 1차면접 > 2차면접 > 채용검진
2055,AI콘텐츠크리에이터 프로젝트 인재 모집,108,206,20260514,20260526,15,경력 3년 이상,무기계약직,부산광역시,학력무관,"AI콘텐츠크리에이터 포지션은 생성형 AI를 활용한 콘텐츠 기획과 제작 역할입니다. 담당 업무의 목표와 우선순위를 명확히 설정하고, 일정과 품질 기준을 함께 관리합니다.

프롬프트, 이미지·영상 생성, 편집, 성과 분석를 중심으로 실무를 수행하며, 요구사항과 결과물을 문서화해 업무 흐름이 누락되지 않도록 합니다.

기획·운영·현장 담당자 및 외부 협력 파트너와 수시로 협업합니다. 변경 사항은 영향 범위를 검토한 뒤 대안을 제시하고 합의된 방식으로 반영합니다.

문제 발생 시 사실관계와 원인을 먼저 확인하고, 재발 방지 방안을 업무 절차에 반영합니다. 입사 후에는 담당 영역의 실행력을 높이고, 정확성·일정 준수·이용자 관점의 완성도를 중요한 기준으로 삼습니다.","- 프롬프트, 이미지·영상 생성, 편집, 성과 분석 관련 업무 계획 수립 및 실행
- 담당 과제의 일정·진행 현황 관리
- 업무 산출물 작성 및 검토 이력 관리
- 유관 부서 및 외부 협력 대상과 실무 조율
- 현장·시스템·자료에서 발생한 이슈 분석 및 조치
- 운영 기준과 체크리스트 개선
- 결과 데이터 또는 피드백을 반영한 품질 개선","- 경력 3년 이상 조건에 맞는 관련 실무 경험 또는 역량 보유
- 프롬프트, 이미지·영상 생성, 편집, 성과 분석에 필요한 도구·절차를 이해하고 실무 적용이 가능한 분
- 업무 내용을 정확히 기록하고 일정에 맞춰 결과물을 제출할 수 있는 분
- 유관 부서와 원활하게 소통하며 협업할 수 있는 분
- 근무지 출퇴근 및 직무 수행이 가능한 분","- Adobe Certified Professional 보유자
- GTQ 그래픽기술자격 1급 보유자
- 프롬프트, 이미지·영상 생성, 편집, 성과 분석 관련 프로젝트 또는 현장 수행 경험
- 업무용 문서·보고서 작성 및 이력 관리 경험
- 유관 부서·외부 협력사와의 일정 조율 경험","- 지원서 또는 제출서류를 허위로 기재한 경우
- 채용 과정에서 요구한 증빙서류를 제출하지 못한 경우
- 채용검진 결과 직무 수행이 어렵다고 판단되는 경우
- 해외여행 및 근무에 결격사유가 있는 경우
- 관련 법령 또는 내부 인사규정상 채용이 불가능한 경우",서류전형 > 실무면접 > 최종면접
2056,AI콘텐츠크리에이터 전담 인력 채용,74,206,20260619,20260704,17,경력 무관,기간제,광주광역시,전문학사 이상,"AI콘텐츠크리에이터 포지션은 생성형 AI를 활용한 콘텐츠 기획과 제작 역할입니다. 담당 업무의 목표와 우선순위를 명확히 설정하고, 일정과 품질 기준을 함께 관리합니다.

프롬프트, 이미지·영상 생성, 편집, 성과 분석를 중심으로 실무를 수행하며, 요구사항과 결과물을 문서화해 업무 흐름이 누락되지 않도록 합니다.

기획·운영·현장 담당자 및 외부 협력 파트너와 수시로 협업합니다. 변경 사항은 영향 범위를 검토한 뒤 대안을 제시하고 합의된 방식으로 반영합니다.

문제 발생 시 사실관계와 원인을 먼저 확인하고, 재발 방지 방안을 업무 절차에 반영합니다. 입사 후에는 담당 영역의 실행력을 높이고, 정확성·일정 준수·이용자 관점의 완성도를 중요한 기준으로 삼습니다.","- 프롬프트, 이미지·영상 생성, 편집, 성과 분석 관련 업무 계획 수립 및 실행
- 담당 과제의 일정·진행 현황 관리
- 업무 산출물 작성 및 검토 이력 관리
- 유관 부서 및 외부 협력 대상과 실무 조율
- 현장·시스템·자료에서 발생한 이슈 분석 및 조치
- 운영 기준과 체크리스트 개선
- 결과 데이터 또는 피드백을 반영한 품질 개선","- 경력 무관 조건에 맞는 관련 실무 경험 또는 역량 보유
- 프롬프트, 이미지·영상 생성, 편집, 성과 분석에 필요한 도구·절차를 이해하고 실무 적용이 가능한 분
- 업무 내용을 정확히 기록하고 일정에 맞춰 결과물을 제출할 수 있는 분
- 유관 부서와 원활하게 소통하며 협업할 수 있는 분
- 근무지 출퇴근 및 직무 수행이 가능한 분","- Adobe Certified Professional 보유자
- GTQ 그래픽기술자격 1급 보유자
- 프롬프트, 이미지·영상 생성, 편집, 성과 분석 관련 프로젝트 또는 현장 수행 경험
- 업무용 문서·보고서 작성 및 이력 관리 경험
- 유관 부서·외부 협력사와의 일정 조율 경험","- 지원서 또는 제출서류를 허위로 기재한 경우
- 채용 과정에서 요구한 증빙서류를 제출하지 못한 경우
- 채용검진 결과 직무 수행이 어렵다고 판단되는 경우
- 해외여행 및 근무에 결격사유가 있는 경우
- 관련 법령 또는 내부 인사규정상 채용이 불가능한 경우",서류전형 > 인성검사 > 실무면접 > 최종면접
2057,AI콘텐츠크리에이터 실무 인재 모집,115,206,20260724,20260811,19,경력 5년 이상,정규직,세종특별자치시,학사 이상,"AI콘텐츠크리에이터 포지션은 생성형 AI를 활용한 콘텐츠 기획과 제작 역할입니다. 담당 업무의 목표와 우선순위를 명확히 설정하고, 일정과 품질 기준을 함께 관리합니다.

프롬프트, 이미지·영상 생성, 편집, 성과 분석를 중심으로 실무를 수행하며, 요구사항과 결과물을 문서화해 업무 흐름이 누락되지 않도록 합니다.

기획·운영·현장 담당자 및 외부 협력 파트너와 수시로 협업합니다. 변경 사항은 영향 범위를 검토한 뒤 대안을 제시하고 합의된 방식으로 반영합니다.

문제 발생 시 사실관계와 원인을 먼저 확인하고, 재발 방지 방안을 업무 절차에 반영합니다. 입사 후에는 담당 영역의 실행력을 높이고, 정확성·일정 준수·이용자 관점의 완성도를 중요한 기준으로 삼습니다.","- 프롬프트, 이미지·영상 생성, 편집, 성과 분석 관련 업무 계획 수립 및 실행
- 담당 과제의 일정·진행 현황 관리
- 업무 산출물 작성 및 검토 이력 관리
- 유관 부서 및 외부 협력 대상과 실무 조율
- 현장·시스템·자료에서 발생한 이슈 분석 및 조치
- 운영 기준과 체크리스트 개선
- 결과 데이터 또는 피드백을 반영한 품질 개선","- 경력 5년 이상 조건에 맞는 관련 실무 경험 또는 역량 보유
- 프롬프트, 이미지·영상 생성, 편집, 성과 분석에 필요한 도구·절차를 이해하고 실무 적용이 가능한 분
- 업무 내용을 정확히 기록하고 일정에 맞춰 결과물을 제출할 수 있는 분
- 유관 부서와 원활하게 소통하며 협업할 수 있는 분
- 근무지 출퇴근 및 직무 수행이 가능한 분","- Adobe Certified Professional 보유자
- GTQ 그래픽기술자격 1급 보유자
- 프롬프트, 이미지·영상 생성, 편집, 성과 분석 관련 프로젝트 또는 현장 수행 경험
- 업무용 문서·보고서 작성 및 이력 관리 경험
- 유관 부서·외부 협력사와의 일정 조율 경험","- 지원서 또는 제출서류를 허위로 기재한 경우
- 채용 과정에서 요구한 증빙서류를 제출하지 못한 경우
- 채용검진 결과 직무 수행이 어렵다고 판단되는 경우
- 해외여행 및 근무에 결격사유가 있는 경우
- 관련 법령 또는 내부 인사규정상 채용이 불가능한 경우",서류전형 > 직무과제 > 실무면접 > 처우협의
2058,AI콘텐츠크리에이터 담당자 공개채용,109,206,20260804,20260825,1,신입·경력,계약직,충청남도,학력무관,"AI콘텐츠크리에이터 포지션은 생성형 AI를 활용한 콘텐츠 기획과 제작 역할입니다. 담당 업무의 목표와 우선순위를 명확히 설정하고, 일정과 품질 기준을 함께 관리합니다.

프롬프트, 이미지·영상 생성, 편집, 성과 분석를 중심으로 실무를 수행하며, 요구사항과 결과물을 문서화해 업무 흐름이 누락되지 않도록 합니다.

기획·운영·현장 담당자 및 외부 협력 파트너와 수시로 협업합니다. 변경 사항은 영향 범위를 검토한 뒤 대안을 제시하고 합의된 방식으로 반영합니다.

문제 발생 시 사실관계와 원인을 먼저 확인하고, 재발 방지 방안을 업무 절차에 반영합니다. 입사 후에는 담당 영역의 실행력을 높이고, 정확성·일정 준수·이용자 관점의 완성도를 중요한 기준으로 삼습니다.","- 프롬프트, 이미지·영상 생성, 편집, 성과 분석 관련 업무 계획 수립 및 실행
- 담당 과제의 일정·진행 현황 관리
- 업무 산출물 작성 및 검토 이력 관리
- 유관 부서 및 외부 협력 대상과 실무 조율
- 현장·시스템·자료에서 발생한 이슈 분석 및 조치
- 운영 기준과 체크리스트 개선
- 결과 데이터 또는 피드백을 반영한 품질 개선","- 신입·경력 조건에 맞는 관련 실무 경험 또는 역량 보유
- 프롬프트, 이미지·영상 생성, 편집, 성과 분석에 필요한 도구·절차를 이해하고 실무 적용이 가능한 분
- 업무 내용을 정확히 기록하고 일정에 맞춰 결과물을 제출할 수 있는 분
- 유관 부서와 원활하게 소통하며 협업할 수 있는 분
- 근무지 출퇴근 및 직무 수행이 가능한 분","- Adobe Certified Professional 보유자
- GTQ 그래픽기술자격 1급 보유자
- 프롬프트, 이미지·영상 생성, 편집, 성과 분석 관련 프로젝트 또는 현장 수행 경험
- 업무용 문서·보고서 작성 및 이력 관리 경험
- 유관 부서·외부 협력사와의 일정 조율 경험","- 지원서 또는 제출서류를 허위로 기재한 경우
- 채용 과정에서 요구한 증빙서류를 제출하지 못한 경우
- 채용검진 결과 직무 수행이 어렵다고 판단되는 경우
- 해외여행 및 근무에 결격사유가 있는 경우
- 관련 법령 또는 내부 인사규정상 채용이 불가능한 경우",서류전형 > 1차면접 > 2차면접 > 채용검진
2059,AI콘텐츠크리에이터 정규직 모집,89,206,20260909,20261003,3,경력 2년 이상,정규직,경상남도,학사 이상,"AI콘텐츠크리에이터 포지션은 생성형 AI를 활용한 콘텐츠 기획과 제작 역할입니다. 담당 업무의 목표와 우선순위를 명확히 설정하고, 일정과 품질 기준을 함께 관리합니다.

프롬프트, 이미지·영상 생성, 편집, 성과 분석를 중심으로 실무를 수행하며, 요구사항과 결과물을 문서화해 업무 흐름이 누락되지 않도록 합니다.

기획·운영·현장 담당자 및 외부 협력 파트너와 수시로 협업합니다. 변경 사항은 영향 범위를 검토한 뒤 대안을 제시하고 합의된 방식으로 반영합니다.

문제 발생 시 사실관계와 원인을 먼저 확인하고, 재발 방지 방안을 업무 절차에 반영합니다. 입사 후에는 담당 영역의 실행력을 높이고, 정확성·일정 준수·이용자 관점의 완성도를 중요한 기준으로 삼습니다.","- 프롬프트, 이미지·영상 생성, 편집, 성과 분석 관련 업무 계획 수립 및 실행
- 담당 과제의 일정·진행 현황 관리
- 업무 산출물 작성 및 검토 이력 관리
- 유관 부서 및 외부 협력 대상과 실무 조율
- 현장·시스템·자료에서 발생한 이슈 분석 및 조치
- 운영 기준과 체크리스트 개선
- 결과 데이터 또는 피드백을 반영한 품질 개선","- 경력 2년 이상 조건에 맞는 관련 실무 경험 또는 역량 보유
- 프롬프트, 이미지·영상 생성, 편집, 성과 분석에 필요한 도구·절차를 이해하고 실무 적용이 가능한 분
- 업무 내용을 정확히 기록하고 일정에 맞춰 결과물을 제출할 수 있는 분
- 유관 부서와 원활하게 소통하며 협업할 수 있는 분
- 근무지 출퇴근 및 직무 수행이 가능한 분","- Adobe Certified Professional 보유자
- GTQ 그래픽기술자격 1급 보유자
- 프롬프트, 이미지·영상 생성, 편집, 성과 분석 관련 프로젝트 또는 현장 수행 경험
- 업무용 문서·보고서 작성 및 이력 관리 경험
- 유관 부서·외부 협력사와의 일정 조율 경험","- 지원서 또는 제출서류를 허위로 기재한 경우
- 채용 과정에서 요구한 증빙서류를 제출하지 못한 경우
- 채용검진 결과 직무 수행이 어렵다고 판단되는 경우
- 해외여행 및 근무에 결격사유가 있는 경우
- 관련 법령 또는 내부 인사규정상 채용이 불가능한 경우",서류전형 > 실무면접 > 최종면접
2060,AI콘텐츠크리에이터 채용,69,206,20261014,20261110,5,경력,정규직,전북특별자치도,전문학사 이상,"AI콘텐츠크리에이터 포지션은 생성형 AI를 활용한 콘텐츠 기획과 제작 역할입니다. 담당 업무의 목표와 우선순위를 명확히 설정하고, 일정과 품질 기준을 함께 관리합니다.

프롬프트, 이미지·영상 생성, 편집, 성과 분석를 중심으로 실무를 수행하며, 요구사항과 결과물을 문서화해 업무 흐름이 누락되지 않도록 합니다.

기획·운영·현장 담당자 및 외부 협력 파트너와 수시로 협업합니다. 변경 사항은 영향 범위를 검토한 뒤 대안을 제시하고 합의된 방식으로 반영합니다.

문제 발생 시 사실관계와 원인을 먼저 확인하고, 재발 방지 방안을 업무 절차에 반영합니다. 입사 후에는 담당 영역의 실행력을 높이고, 정확성·일정 준수·이용자 관점의 완성도를 중요한 기준으로 삼습니다.","- 프롬프트, 이미지·영상 생성, 편집, 성과 분석 관련 업무 계획 수립 및 실행
- 담당 과제의 일정·진행 현황 관리
- 업무 산출물 작성 및 검토 이력 관리
- 유관 부서 및 외부 협력 대상과 실무 조율
- 현장·시스템·자료에서 발생한 이슈 분석 및 조치
- 운영 기준과 체크리스트 개선
- 결과 데이터 또는 피드백을 반영한 품질 개선","- 경력 조건에 맞는 관련 실무 경험 또는 역량 보유
- 프롬프트, 이미지·영상 생성, 편집, 성과 분석에 필요한 도구·절차를 이해하고 실무 적용이 가능한 분
- 업무 내용을 정확히 기록하고 일정에 맞춰 결과물을 제출할 수 있는 분
- 유관 부서와 원활하게 소통하며 협업할 수 있는 분
- 근무지 출퇴근 및 직무 수행이 가능한 분","- Adobe Certified Professional 보유자
- GTQ 그래픽기술자격 1급 보유자
- 프롬프트, 이미지·영상 생성, 편집, 성과 분석 관련 프로젝트 또는 현장 수행 경험
- 업무용 문서·보고서 작성 및 이력 관리 경험
- 유관 부서·외부 협력사와의 일정 조율 경험","- 지원서 또는 제출서류를 허위로 기재한 경우
- 채용 과정에서 요구한 증빙서류를 제출하지 못한 경우
- 채용검진 결과 직무 수행이 어렵다고 판단되는 경우
- 해외여행 및 근무에 결격사유가 있는 경우
- 관련 법령 또는 내부 인사규정상 채용이 불가능한 경우",서류전형 > 인성검사 > 실무면접 > 최종면접
2061,사회복지사 담당자 모집,61,207,20260222,20260331,8,신입,정규직,서울특별시,학력무관,"사회복지사 포지션은 이용자 욕구에 맞는 복지 서비스와 사례관리를 수행 역할입니다. 담당 업무의 목표와 우선순위를 명확히 설정하고, 일정과 품질 기준을 함께 관리합니다.

상담 기록, 서비스 계획, 자원 연계, 사례회의를 중심으로 실무를 수행하며, 요구사항과 결과물을 문서화해 업무 흐름이 누락되지 않도록 합니다.

기획·운영·현장 담당자 및 외부 협력 파트너와 수시로 협업합니다. 변경 사항은 영향 범위를 검토한 뒤 대안을 제시하고 합의된 방식으로 반영합니다.

문제 발생 시 사실관계와 원인을 먼저 확인하고, 재발 방지 방안을 업무 절차에 반영합니다. 입사 후에는 담당 영역의 실행력을 높이고, 정확성·일정 준수·이용자 관점의 완성도를 중요한 기준으로 삼습니다.","- 상담 기록, 서비스 계획, 자원 연계, 사례회의 관련 업무 계획 수립 및 실행
- 담당 과제의 일정·진행 현황 관리
- 업무 산출물 작성 및 검토 이력 관리
- 유관 부서 및 외부 협력 대상과 실무 조율
- 현장·시스템·자료에서 발생한 이슈 분석 및 조치
- 운영 기준과 체크리스트 개선
- 결과 데이터 또는 피드백을 반영한 품질 개선","- 사회복지사 자격 보유
- 신입 조건에 맞는 관련 실무 경험 또는 역량 보유
- 상담 기록, 서비스 계획, 자원 연계, 사례회의에 필요한 도구·절차를 이해하고 실무 적용이 가능한 분
- 업무 내용을 정확히 기록하고 일정에 맞춰 결과물을 제출할 수 있는 분
- 유관 부서와 원활하게 소통하며 협업할 수 있는 분
- 근무지 출퇴근 및 직무 수행이 가능한 분","- 사회복지사 1급 보유자
- 사회복지사 2급 보유자
- 상담 기록, 서비스 계획, 자원 연계, 사례회의 관련 프로젝트 또는 현장 수행 경험
- 업무용 문서·보고서 작성 및 이력 관리 경험
- 유관 부서·외부 협력사와의 일정 조율 경험","- 지원서 또는 제출서류를 허위로 기재한 경우
- 채용 과정에서 요구한 증빙서류를 제출하지 못한 경우
- 채용검진 결과 직무 수행이 어렵다고 판단되는 경우
- 해외여행 및 근무에 결격사유가 있는 경우
- 관련 법령 또는 내부 인사규정상 채용이 불가능한 경우",서류전형 > 실무면접 > 최종면접
2062,사회복지사 실무자 채용,17,207,20260302,20260411,10,경력,계약직,경기도,전문학사 이상,"사회복지사 포지션은 이용자 욕구에 맞는 복지 서비스와 사례관리를 수행 역할입니다. 담당 업무의 목표와 우선순위를 명확히 설정하고, 일정과 품질 기준을 함께 관리합니다.

상담 기록, 서비스 계획, 자원 연계, 사례회의를 중심으로 실무를 수행하며, 요구사항과 결과물을 문서화해 업무 흐름이 누락되지 않도록 합니다.

기획·운영·현장 담당자 및 외부 협력 파트너와 수시로 협업합니다. 변경 사항은 영향 범위를 검토한 뒤 대안을 제시하고 합의된 방식으로 반영합니다.

문제 발생 시 사실관계와 원인을 먼저 확인하고, 재발 방지 방안을 업무 절차에 반영합니다. 입사 후에는 담당 영역의 실행력을 높이고, 정확성·일정 준수·이용자 관점의 완성도를 중요한 기준으로 삼습니다.","- 상담 기록, 서비스 계획, 자원 연계, 사례회의 관련 업무 계획 수립 및 실행
- 담당 과제의 일정·진행 현황 관리
- 업무 산출물 작성 및 검토 이력 관리
- 유관 부서 및 외부 협력 대상과 실무 조율
- 현장·시스템·자료에서 발생한 이슈 분석 및 조치
- 운영 기준과 체크리스트 개선
- 결과 데이터 또는 피드백을 반영한 품질 개선","- 사회복지사 자격 보유
- 경력 조건에 맞는 관련 실무 경험 또는 역량 보유
- 상담 기록, 서비스 계획, 자원 연계, 사례회의에 필요한 도구·절차를 이해하고 실무 적용이 가능한 분
- 업무 내용을 정확히 기록하고 일정에 맞춰 결과물을 제출할 수 있는 분
- 유관 부서와 원활하게 소통하며 협업할 수 있는 분
- 근무지 출퇴근 및 직무 수행이 가능한 분","- 사회복지사 1급 보유자
- 사회복지사 2급 보유자
- 상담 기록, 서비스 계획, 자원 연계, 사례회의 관련 프로젝트 또는 현장 수행 경험
- 업무용 문서·보고서 작성 및 이력 관리 경험
- 유관 부서·외부 협력사와의 일정 조율 경험","- 지원서 또는 제출서류를 허위로 기재한 경우
- 채용 과정에서 요구한 증빙서류를 제출하지 못한 경우
- 채용검진 결과 직무 수행이 어렵다고 판단되는 경우
- 해외여행 및 근무에 결격사유가 있는 경우
- 관련 법령 또는 내부 인사규정상 채용이 불가능한 경우",서류전형 > 인성검사 > 실무면접 > 최종면접
2063,사회복지사 전문인력 채용,1,207,20260407,20260520,12,신입·경력,정규직,인천광역시,학사 이상,"사회복지사 포지션은 이용자 욕구에 맞는 복지 서비스와 사례관리를 수행 역할입니다. 담당 업무의 목표와 우선순위를 명확히 설정하고, 일정과 품질 기준을 함께 관리합니다.

상담 기록, 서비스 계획, 자원 연계, 사례회의를 중심으로 실무를 수행하며, 요구사항과 결과물을 문서화해 업무 흐름이 누락되지 않도록 합니다.

기획·운영·현장 담당자 및 외부 협력 파트너와 수시로 협업합니다. 변경 사항은 영향 범위를 검토한 뒤 대안을 제시하고 합의된 방식으로 반영합니다.

문제 발생 시 사실관계와 원인을 먼저 확인하고, 재발 방지 방안을 업무 절차에 반영합니다. 입사 후에는 담당 영역의 실행력을 높이고, 정확성·일정 준수·이용자 관점의 완성도를 중요한 기준으로 삼습니다.","- 상담 기록, 서비스 계획, 자원 연계, 사례회의 관련 업무 계획 수립 및 실행
- 담당 과제의 일정·진행 현황 관리
- 업무 산출물 작성 및 검토 이력 관리
- 유관 부서 및 외부 협력 대상과 실무 조율
- 현장·시스템·자료에서 발생한 이슈 분석 및 조치
- 운영 기준과 체크리스트 개선
- 결과 데이터 또는 피드백을 반영한 품질 개선","- 사회복지사 자격 보유
- 신입·경력 조건에 맞는 관련 실무 경험 또는 역량 보유
- 상담 기록, 서비스 계획, 자원 연계, 사례회의에 필요한 도구·절차를 이해하고 실무 적용이 가능한 분
- 업무 내용을 정확히 기록하고 일정에 맞춰 결과물을 제출할 수 있는 분
- 유관 부서와 원활하게 소통하며 협업할 수 있는 분
- 근무지 출퇴근 및 직무 수행이 가능한 분","- 사회복지사 1급 보유자
- 사회복지사 2급 보유자
- 상담 기록, 서비스 계획, 자원 연계, 사례회의 관련 프로젝트 또는 현장 수행 경험
- 업무용 문서·보고서 작성 및 이력 관리 경험
- 유관 부서·외부 협력사와의 일정 조율 경험","- 지원서 또는 제출서류를 허위로 기재한 경우
- 채용 과정에서 요구한 증빙서류를 제출하지 못한 경우
- 채용검진 결과 직무 수행이 어렵다고 판단되는 경우
- 해외여행 및 근무에 결격사유가 있는 경우
- 관련 법령 또는 내부 인사규정상 채용이 불가능한 경우",서류전형 > 직무과제 > 실무면접 > 처우협의
2064,사회복지사 운영 담당 채용,54,207,20260512,20260522,14,경력 2년 이상,정규직,대전광역시,학사 이상,"사회복지사 포지션은 이용자 욕구에 맞는 복지 서비스와 사례관리를 수행 역할입니다. 담당 업무의 목표와 우선순위를 명확히 설정하고, 일정과 품질 기준을 함께 관리합니다.

상담 기록, 서비스 계획, 자원 연계, 사례회의를 중심으로 실무를 수행하며, 요구사항과 결과물을 문서화해 업무 흐름이 누락되지 않도록 합니다.

기획·운영·현장 담당자 및 외부 협력 파트너와 수시로 협업합니다. 변경 사항은 영향 범위를 검토한 뒤 대안을 제시하고 합의된 방식으로 반영합니다.

문제 발생 시 사실관계와 원인을 먼저 확인하고, 재발 방지 방안을 업무 절차에 반영합니다. 입사 후에는 담당 영역의 실행력을 높이고, 정확성·일정 준수·이용자 관점의 완성도를 중요한 기준으로 삼습니다.","- 상담 기록, 서비스 계획, 자원 연계, 사례회의 관련 업무 계획 수립 및 실행
- 담당 과제의 일정·진행 현황 관리
- 업무 산출물 작성 및 검토 이력 관리
- 유관 부서 및 외부 협력 대상과 실무 조율
- 현장·시스템·자료에서 발생한 이슈 분석 및 조치
- 운영 기준과 체크리스트 개선
- 결과 데이터 또는 피드백을 반영한 품질 개선","- 사회복지사 자격 보유
- 경력 2년 이상 조건에 맞는 관련 실무 경험 또는 역량 보유
- 상담 기록, 서비스 계획, 자원 연계, 사례회의에 필요한 도구·절차를 이해하고 실무 적용이 가능한 분
- 업무 내용을 정확히 기록하고 일정에 맞춰 결과물을 제출할 수 있는 분
- 유관 부서와 원활하게 소통하며 협업할 수 있는 분
- 근무지 출퇴근 및 직무 수행이 가능한 분","- 사회복지사 1급 보유자
- 사회복지사 2급 보유자
- 상담 기록, 서비스 계획, 자원 연계, 사례회의 관련 프로젝트 또는 현장 수행 경험
- 업무용 문서·보고서 작성 및 이력 관리 경험
- 유관 부서·외부 협력사와의 일정 조율 경험","- 지원서 또는 제출서류를 허위로 기재한 경우
- 채용 과정에서 요구한 증빙서류를 제출하지 못한 경우
- 채용검진 결과 직무 수행이 어렵다고 판단되는 경우
- 해외여행 및 근무에 결격사유가 있는 경우
- 관련 법령 또는 내부 인사규정상 채용이 불가능한 경우",서류전형 > 1차면접 > 2차면접 > 채용검진
2065,사회복지사 프로젝트 인재 모집,91,207,20260617,20260630,16,경력 3년 이상,무기계약직,부산광역시,학력무관,"사회복지사 포지션은 이용자 욕구에 맞는 복지 서비스와 사례관리를 수행 역할입니다. 담당 업무의 목표와 우선순위를 명확히 설정하고, 일정과 품질 기준을 함께 관리합니다.

상담 기록, 서비스 계획, 자원 연계, 사례회의를 중심으로 실무를 수행하며, 요구사항과 결과물을 문서화해 업무 흐름이 누락되지 않도록 합니다.

기획·운영·현장 담당자 및 외부 협력 파트너와 수시로 협업합니다. 변경 사항은 영향 범위를 검토한 뒤 대안을 제시하고 합의된 방식으로 반영합니다.

문제 발생 시 사실관계와 원인을 먼저 확인하고, 재발 방지 방안을 업무 절차에 반영합니다. 입사 후에는 담당 영역의 실행력을 높이고, 정확성·일정 준수·이용자 관점의 완성도를 중요한 기준으로 삼습니다.","- 상담 기록, 서비스 계획, 자원 연계, 사례회의 관련 업무 계획 수립 및 실행
- 담당 과제의 일정·진행 현황 관리
- 업무 산출물 작성 및 검토 이력 관리
- 유관 부서 및 외부 협력 대상과 실무 조율
- 현장·시스템·자료에서 발생한 이슈 분석 및 조치
- 운영 기준과 체크리스트 개선
- 결과 데이터 또는 피드백을 반영한 품질 개선","- 사회복지사 자격 보유
- 경력 3년 이상 조건에 맞는 관련 실무 경험 또는 역량 보유
- 상담 기록, 서비스 계획, 자원 연계, 사례회의에 필요한 도구·절차를 이해하고 실무 적용이 가능한 분
- 업무 내용을 정확히 기록하고 일정에 맞춰 결과물을 제출할 수 있는 분
- 유관 부서와 원활하게 소통하며 협업할 수 있는 분
- 근무지 출퇴근 및 직무 수행이 가능한 분","- 사회복지사 1급 보유자
- 사회복지사 2급 보유자
- 상담 기록, 서비스 계획, 자원 연계, 사례회의 관련 프로젝트 또는 현장 수행 경험
- 업무용 문서·보고서 작성 및 이력 관리 경험
- 유관 부서·외부 협력사와의 일정 조율 경험","- 지원서 또는 제출서류를 허위로 기재한 경우
- 채용 과정에서 요구한 증빙서류를 제출하지 못한 경우
- 채용검진 결과 직무 수행이 어렵다고 판단되는 경우
- 해외여행 및 근무에 결격사유가 있는 경우
- 관련 법령 또는 내부 인사규정상 채용이 불가능한 경우",서류전형 > 실무면접 > 최종면접
2066,사회복지사 전담 인력 채용,137,207,20260722,20260807,18,경력 무관,기간제,광주광역시,전문학사 이상,"사회복지사 포지션은 이용자 욕구에 맞는 복지 서비스와 사례관리를 수행 역할입니다. 담당 업무의 목표와 우선순위를 명확히 설정하고, 일정과 품질 기준을 함께 관리합니다.

상담 기록, 서비스 계획, 자원 연계, 사례회의를 중심으로 실무를 수행하며, 요구사항과 결과물을 문서화해 업무 흐름이 누락되지 않도록 합니다.

기획·운영·현장 담당자 및 외부 협력 파트너와 수시로 협업합니다. 변경 사항은 영향 범위를 검토한 뒤 대안을 제시하고 합의된 방식으로 반영합니다.

문제 발생 시 사실관계와 원인을 먼저 확인하고, 재발 방지 방안을 업무 절차에 반영합니다. 입사 후에는 담당 영역의 실행력을 높이고, 정확성·일정 준수·이용자 관점의 완성도를 중요한 기준으로 삼습니다.","- 상담 기록, 서비스 계획, 자원 연계, 사례회의 관련 업무 계획 수립 및 실행
- 담당 과제의 일정·진행 현황 관리
- 업무 산출물 작성 및 검토 이력 관리
- 유관 부서 및 외부 협력 대상과 실무 조율
- 현장·시스템·자료에서 발생한 이슈 분석 및 조치
- 운영 기준과 체크리스트 개선
- 결과 데이터 또는 피드백을 반영한 품질 개선","- 사회복지사 자격 보유
- 경력 무관 조건에 맞는 관련 실무 경험 또는 역량 보유
- 상담 기록, 서비스 계획, 자원 연계, 사례회의에 필요한 도구·절차를 이해하고 실무 적용이 가능한 분
- 업무 내용을 정확히 기록하고 일정에 맞춰 결과물을 제출할 수 있는 분
- 유관 부서와 원활하게 소통하며 협업할 수 있는 분
- 근무지 출퇴근 및 직무 수행이 가능한 분","- 사회복지사 1급 보유자
- 사회복지사 2급 보유자
- 상담 기록, 서비스 계획, 자원 연계, 사례회의 관련 프로젝트 또는 현장 수행 경험
- 업무용 문서·보고서 작성 및 이력 관리 경험
- 유관 부서·외부 협력사와의 일정 조율 경험","- 지원서 또는 제출서류를 허위로 기재한 경우
- 채용 과정에서 요구한 증빙서류를 제출하지 못한 경우
- 채용검진 결과 직무 수행이 어렵다고 판단되는 경우
- 해외여행 및 근무에 결격사유가 있는 경우
- 관련 법령 또는 내부 인사규정상 채용이 불가능한 경우",서류전형 > 인성검사 > 실무면접 > 최종면접
2067,사회복지사 실무 인재 모집,14,207,20260802,20260821,20,경력 5년 이상,정규직,세종특별자치시,학사 이상,"사회복지사 포지션은 이용자 욕구에 맞는 복지 서비스와 사례관리를 수행 역할입니다. 담당 업무의 목표와 우선순위를 명확히 설정하고, 일정과 품질 기준을 함께 관리합니다.

상담 기록, 서비스 계획, 자원 연계, 사례회의를 중심으로 실무를 수행하며, 요구사항과 결과물을 문서화해 업무 흐름이 누락되지 않도록 합니다.

기획·운영·현장 담당자 및 외부 협력 파트너와 수시로 협업합니다. 변경 사항은 영향 범위를 검토한 뒤 대안을 제시하고 합의된 방식으로 반영합니다.

문제 발생 시 사실관계와 원인을 먼저 확인하고, 재발 방지 방안을 업무 절차에 반영합니다. 입사 후에는 담당 영역의 실행력을 높이고, 정확성·일정 준수·이용자 관점의 완성도를 중요한 기준으로 삼습니다.","- 상담 기록, 서비스 계획, 자원 연계, 사례회의 관련 업무 계획 수립 및 실행
- 담당 과제의 일정·진행 현황 관리
- 업무 산출물 작성 및 검토 이력 관리
- 유관 부서 및 외부 협력 대상과 실무 조율
- 현장·시스템·자료에서 발생한 이슈 분석 및 조치
- 운영 기준과 체크리스트 개선
- 결과 데이터 또는 피드백을 반영한 품질 개선","- 사회복지사 자격 보유
- 경력 5년 이상 조건에 맞는 관련 실무 경험 또는 역량 보유
- 상담 기록, 서비스 계획, 자원 연계, 사례회의에 필요한 도구·절차를 이해하고 실무 적용이 가능한 분
- 업무 내용을 정확히 기록하고 일정에 맞춰 결과물을 제출할 수 있는 분
- 유관 부서와 원활하게 소통하며 협업할 수 있는 분
- 근무지 출퇴근 및 직무 수행이 가능한 분","- 사회복지사 1급 보유자
- 사회복지사 2급 보유자
- 상담 기록, 서비스 계획, 자원 연계, 사례회의 관련 프로젝트 또는 현장 수행 경험
- 업무용 문서·보고서 작성 및 이력 관리 경험
- 유관 부서·외부 협력사와의 일정 조율 경험","- 지원서 또는 제출서류를 허위로 기재한 경우
- 채용 과정에서 요구한 증빙서류를 제출하지 못한 경우
- 채용검진 결과 직무 수행이 어렵다고 판단되는 경우
- 해외여행 및 근무에 결격사유가 있는 경우
- 관련 법령 또는 내부 인사규정상 채용이 불가능한 경우",서류전형 > 직무과제 > 실무면접 > 처우협의
2068,사회복지사 담당자 공개채용,98,207,20260907,20260929,2,신입·경력,계약직,충청남도,학력무관,"사회복지사 포지션은 이용자 욕구에 맞는 복지 서비스와 사례관리를 수행 역할입니다. 담당 업무의 목표와 우선순위를 명확히 설정하고, 일정과 품질 기준을 함께 관리합니다.

상담 기록, 서비스 계획, 자원 연계, 사례회의를 중심으로 실무를 수행하며, 요구사항과 결과물을 문서화해 업무 흐름이 누락되지 않도록 합니다.

기획·운영·현장 담당자 및 외부 협력 파트너와 수시로 협업합니다. 변경 사항은 영향 범위를 검토한 뒤 대안을 제시하고 합의된 방식으로 반영합니다.

문제 발생 시 사실관계와 원인을 먼저 확인하고, 재발 방지 방안을 업무 절차에 반영합니다. 입사 후에는 담당 영역의 실행력을 높이고, 정확성·일정 준수·이용자 관점의 완성도를 중요한 기준으로 삼습니다.","- 상담 기록, 서비스 계획, 자원 연계, 사례회의 관련 업무 계획 수립 및 실행
- 담당 과제의 일정·진행 현황 관리
- 업무 산출물 작성 및 검토 이력 관리
- 유관 부서 및 외부 협력 대상과 실무 조율
- 현장·시스템·자료에서 발생한 이슈 분석 및 조치
- 운영 기준과 체크리스트 개선
- 결과 데이터 또는 피드백을 반영한 품질 개선","- 사회복지사 자격 보유
- 신입·경력 조건에 맞는 관련 실무 경험 또는 역량 보유
- 상담 기록, 서비스 계획, 자원 연계, 사례회의에 필요한 도구·절차를 이해하고 실무 적용이 가능한 분
- 업무 내용을 정확히 기록하고 일정에 맞춰 결과물을 제출할 수 있는 분
- 유관 부서와 원활하게 소통하며 협업할 수 있는 분
- 근무지 출퇴근 및 직무 수행이 가능한 분","- 사회복지사 1급 보유자
- 사회복지사 2급 보유자
- 상담 기록, 서비스 계획, 자원 연계, 사례회의 관련 프로젝트 또는 현장 수행 경험
- 업무용 문서·보고서 작성 및 이력 관리 경험
- 유관 부서·외부 협력사와의 일정 조율 경험","- 지원서 또는 제출서류를 허위로 기재한 경우
- 채용 과정에서 요구한 증빙서류를 제출하지 못한 경우
- 채용검진 결과 직무 수행이 어렵다고 판단되는 경우
- 해외여행 및 근무에 결격사유가 있는 경우
- 관련 법령 또는 내부 인사규정상 채용이 불가능한 경우",서류전형 > 1차면접 > 2차면접 > 채용검진
2069,사회복지사 정규직 모집,141,207,20261012,20261106,4,경력 2년 이상,정규직,경상남도,학사 이상,"사회복지사 포지션은 이용자 욕구에 맞는 복지 서비스와 사례관리를 수행 역할입니다. 담당 업무의 목표와 우선순위를 명확히 설정하고, 일정과 품질 기준을 함께 관리합니다.

상담 기록, 서비스 계획, 자원 연계, 사례회의를 중심으로 실무를 수행하며, 요구사항과 결과물을 문서화해 업무 흐름이 누락되지 않도록 합니다.

기획·운영·현장 담당자 및 외부 협력 파트너와 수시로 협업합니다. 변경 사항은 영향 범위를 검토한 뒤 대안을 제시하고 합의된 방식으로 반영합니다.

문제 발생 시 사실관계와 원인을 먼저 확인하고, 재발 방지 방안을 업무 절차에 반영합니다. 입사 후에는 담당 영역의 실행력을 높이고, 정확성·일정 준수·이용자 관점의 완성도를 중요한 기준으로 삼습니다.","- 상담 기록, 서비스 계획, 자원 연계, 사례회의 관련 업무 계획 수립 및 실행
- 담당 과제의 일정·진행 현황 관리
- 업무 산출물 작성 및 검토 이력 관리
- 유관 부서 및 외부 협력 대상과 실무 조율
- 현장·시스템·자료에서 발생한 이슈 분석 및 조치
- 운영 기준과 체크리스트 개선
- 결과 데이터 또는 피드백을 반영한 품질 개선","- 사회복지사 자격 보유
- 경력 2년 이상 조건에 맞는 관련 실무 경험 또는 역량 보유
- 상담 기록, 서비스 계획, 자원 연계, 사례회의에 필요한 도구·절차를 이해하고 실무 적용이 가능한 분
- 업무 내용을 정확히 기록하고 일정에 맞춰 결과물을 제출할 수 있는 분
- 유관 부서와 원활하게 소통하며 협업할 수 있는 분
- 근무지 출퇴근 및 직무 수행이 가능한 분","- 사회복지사 1급 보유자
- 사회복지사 2급 보유자
- 상담 기록, 서비스 계획, 자원 연계, 사례회의 관련 프로젝트 또는 현장 수행 경험
- 업무용 문서·보고서 작성 및 이력 관리 경험
- 유관 부서·외부 협력사와의 일정 조율 경험","- 지원서 또는 제출서류를 허위로 기재한 경우
- 채용 과정에서 요구한 증빙서류를 제출하지 못한 경우
- 채용검진 결과 직무 수행이 어렵다고 판단되는 경우
- 해외여행 및 근무에 결격사유가 있는 경우
- 관련 법령 또는 내부 인사규정상 채용이 불가능한 경우",서류전형 > 실무면접 > 최종면접
2070,사회복지사 채용,27,207,20260217,20260317,6,경력,정규직,전북특별자치도,전문학사 이상,"사회복지사 포지션은 이용자 욕구에 맞는 복지 서비스와 사례관리를 수행 역할입니다. 담당 업무의 목표와 우선순위를 명확히 설정하고, 일정과 품질 기준을 함께 관리합니다.

상담 기록, 서비스 계획, 자원 연계, 사례회의를 중심으로 실무를 수행하며, 요구사항과 결과물을 문서화해 업무 흐름이 누락되지 않도록 합니다.

기획·운영·현장 담당자 및 외부 협력 파트너와 수시로 협업합니다. 변경 사항은 영향 범위를 검토한 뒤 대안을 제시하고 합의된 방식으로 반영합니다.

문제 발생 시 사실관계와 원인을 먼저 확인하고, 재발 방지 방안을 업무 절차에 반영합니다. 입사 후에는 담당 영역의 실행력을 높이고, 정확성·일정 준수·이용자 관점의 완성도를 중요한 기준으로 삼습니다.","- 상담 기록, 서비스 계획, 자원 연계, 사례회의 관련 업무 계획 수립 및 실행
- 담당 과제의 일정·진행 현황 관리
- 업무 산출물 작성 및 검토 이력 관리
- 유관 부서 및 외부 협력 대상과 실무 조율
- 현장·시스템·자료에서 발생한 이슈 분석 및 조치
- 운영 기준과 체크리스트 개선
- 결과 데이터 또는 피드백을 반영한 품질 개선","- 사회복지사 자격 보유
- 경력 조건에 맞는 관련 실무 경험 또는 역량 보유
- 상담 기록, 서비스 계획, 자원 연계, 사례회의에 필요한 도구·절차를 이해하고 실무 적용이 가능한 분
- 업무 내용을 정확히 기록하고 일정에 맞춰 결과물을 제출할 수 있는 분
- 유관 부서와 원활하게 소통하며 협업할 수 있는 분
- 근무지 출퇴근 및 직무 수행이 가능한 분","- 사회복지사 1급 보유자
- 사회복지사 2급 보유자
- 상담 기록, 서비스 계획, 자원 연계, 사례회의 관련 프로젝트 또는 현장 수행 경험
- 업무용 문서·보고서 작성 및 이력 관리 경험
- 유관 부서·외부 협력사와의 일정 조율 경험","- 지원서 또는 제출서류를 허위로 기재한 경우
- 채용 과정에서 요구한 증빙서류를 제출하지 못한 경우
- 채용검진 결과 직무 수행이 어렵다고 판단되는 경우
- 해외여행 및 근무에 결격사유가 있는 경우
- 관련 법령 또는 내부 인사규정상 채용이 불가능한 경우",서류전형 > 인성검사 > 실무면접 > 최종면접
2071,요양보호사 담당자 모집,83,208,20260325,20260502,9,신입,정규직,서울특별시,학력무관,"요양보호사 포지션은 수급자의 일상생활 지원과 안전한 돌봄을 수행 역할입니다. 담당 업무의 목표와 우선순위를 명확히 설정하고, 일정과 품질 기준을 함께 관리합니다.

급여 제공 기록, 위생 관리, 식사 지원, 보호자 소통를 중심으로 실무를 수행하며, 요구사항과 결과물을 문서화해 업무 흐름이 누락되지 않도록 합니다.

기획·운영·현장 담당자 및 외부 협력 파트너와 수시로 협업합니다. 변경 사항은 영향 범위를 검토한 뒤 대안을 제시하고 합의된 방식으로 반영합니다.

문제 발생 시 사실관계와 원인을 먼저 확인하고, 재발 방지 방안을 업무 절차에 반영합니다. 입사 후에는 담당 영역의 실행력을 높이고, 정확성·일정 준수·이용자 관점의 완성도를 중요한 기준으로 삼습니다.","- 급여 제공 기록, 위생 관리, 식사 지원, 보호자 소통 관련 업무 계획 수립 및 실행
- 담당 과제의 일정·진행 현황 관리
- 업무 산출물 작성 및 검토 이력 관리
- 유관 부서 및 외부 협력 대상과 실무 조율
- 현장·시스템·자료에서 발생한 이슈 분석 및 조치
- 운영 기준과 체크리스트 개선
- 결과 데이터 또는 피드백을 반영한 품질 개선","- 요양보호사 자격증 보유
- 신입 조건에 맞는 관련 실무 경험 또는 역량 보유
- 급여 제공 기록, 위생 관리, 식사 지원, 보호자 소통에 필요한 도구·절차를 이해하고 실무 적용이 가능한 분
- 업무 내용을 정확히 기록하고 일정에 맞춰 결과물을 제출할 수 있는 분
- 유관 부서와 원활하게 소통하며 협업할 수 있는 분
- 근무지 출퇴근 및 직무 수행이 가능한 분","- 요양보호사 자격증 보유자
- 사회복지사 2급 보유자
- 급여 제공 기록, 위생 관리, 식사 지원, 보호자 소통 관련 프로젝트 또는 현장 수행 경험
- 업무용 문서·보고서 작성 및 이력 관리 경험
- 유관 부서·외부 협력사와의 일정 조율 경험","- 지원서 또는 제출서류를 허위로 기재한 경우
- 채용 과정에서 요구한 증빙서류를 제출하지 못한 경우
- 채용검진 결과 직무 수행이 어렵다고 판단되는 경우
- 해외여행 및 근무에 결격사유가 있는 경우
- 관련 법령 또는 내부 인사규정상 채용이 불가능한 경우",서류전형 > 실무면접 > 최종면접
2072,요양보호사 실무자 채용,92,208,20260405,20260516,11,경력,계약직,경기도,전문학사 이상,"요양보호사 포지션은 수급자의 일상생활 지원과 안전한 돌봄을 수행 역할입니다. 담당 업무의 목표와 우선순위를 명확히 설정하고, 일정과 품질 기준을 함께 관리합니다.

급여 제공 기록, 위생 관리, 식사 지원, 보호자 소통를 중심으로 실무를 수행하며, 요구사항과 결과물을 문서화해 업무 흐름이 누락되지 않도록 합니다.

기획·운영·현장 담당자 및 외부 협력 파트너와 수시로 협업합니다. 변경 사항은 영향 범위를 검토한 뒤 대안을 제시하고 합의된 방식으로 반영합니다.

문제 발생 시 사실관계와 원인을 먼저 확인하고, 재발 방지 방안을 업무 절차에 반영합니다. 입사 후에는 담당 영역의 실행력을 높이고, 정확성·일정 준수·이용자 관점의 완성도를 중요한 기준으로 삼습니다.","- 급여 제공 기록, 위생 관리, 식사 지원, 보호자 소통 관련 업무 계획 수립 및 실행
- 담당 과제의 일정·진행 현황 관리
- 업무 산출물 작성 및 검토 이력 관리
- 유관 부서 및 외부 협력 대상과 실무 조율
- 현장·시스템·자료에서 발생한 이슈 분석 및 조치
- 운영 기준과 체크리스트 개선
- 결과 데이터 또는 피드백을 반영한 품질 개선","- 요양보호사 자격증 보유
- 경력 조건에 맞는 관련 실무 경험 또는 역량 보유
- 급여 제공 기록, 위생 관리, 식사 지원, 보호자 소통에 필요한 도구·절차를 이해하고 실무 적용이 가능한 분
- 업무 내용을 정확히 기록하고 일정에 맞춰 결과물을 제출할 수 있는 분
- 유관 부서와 원활하게 소통하며 협업할 수 있는 분
- 근무지 출퇴근 및 직무 수행이 가능한 분","- 요양보호사 자격증 보유자
- 사회복지사 2급 보유자
- 급여 제공 기록, 위생 관리, 식사 지원, 보호자 소통 관련 프로젝트 또는 현장 수행 경험
- 업무용 문서·보고서 작성 및 이력 관리 경험
- 유관 부서·외부 협력사와의 일정 조율 경험","- 지원서 또는 제출서류를 허위로 기재한 경우
- 채용 과정에서 요구한 증빙서류를 제출하지 못한 경우
- 채용검진 결과 직무 수행이 어렵다고 판단되는 경우
- 해외여행 및 근무에 결격사유가 있는 경우
- 관련 법령 또는 내부 인사규정상 채용이 불가능한 경우",서류전형 > 인성검사 > 실무면접 > 최종면접
2073,요양보호사 전문인력 채용,1,208,20260510,20260623,13,신입·경력,정규직,인천광역시,학사 이상,"요양보호사 포지션은 수급자의 일상생활 지원과 안전한 돌봄을 수행 역할입니다. 담당 업무의 목표와 우선순위를 명확히 설정하고, 일정과 품질 기준을 함께 관리합니다.

급여 제공 기록, 위생 관리, 식사 지원, 보호자 소통를 중심으로 실무를 수행하며, 요구사항과 결과물을 문서화해 업무 흐름이 누락되지 않도록 합니다.

기획·운영·현장 담당자 및 외부 협력 파트너와 수시로 협업합니다. 변경 사항은 영향 범위를 검토한 뒤 대안을 제시하고 합의된 방식으로 반영합니다.

문제 발생 시 사실관계와 원인을 먼저 확인하고, 재발 방지 방안을 업무 절차에 반영합니다. 입사 후에는 담당 영역의 실행력을 높이고, 정확성·일정 준수·이용자 관점의 완성도를 중요한 기준으로 삼습니다.","- 급여 제공 기록, 위생 관리, 식사 지원, 보호자 소통 관련 업무 계획 수립 및 실행
- 담당 과제의 일정·진행 현황 관리
- 업무 산출물 작성 및 검토 이력 관리
- 유관 부서 및 외부 협력 대상과 실무 조율
- 현장·시스템·자료에서 발생한 이슈 분석 및 조치
- 운영 기준과 체크리스트 개선
- 결과 데이터 또는 피드백을 반영한 품질 개선","- 요양보호사 자격증 보유
- 신입·경력 조건에 맞는 관련 실무 경험 또는 역량 보유
- 급여 제공 기록, 위생 관리, 식사 지원, 보호자 소통에 필요한 도구·절차를 이해하고 실무 적용이 가능한 분
- 업무 내용을 정확히 기록하고 일정에 맞춰 결과물을 제출할 수 있는 분
- 유관 부서와 원활하게 소통하며 협업할 수 있는 분
- 근무지 출퇴근 및 직무 수행이 가능한 분","- 요양보호사 자격증 보유자
- 사회복지사 2급 보유자
- 급여 제공 기록, 위생 관리, 식사 지원, 보호자 소통 관련 프로젝트 또는 현장 수행 경험
- 업무용 문서·보고서 작성 및 이력 관리 경험
- 유관 부서·외부 협력사와의 일정 조율 경험","- 지원서 또는 제출서류를 허위로 기재한 경우
- 채용 과정에서 요구한 증빙서류를 제출하지 못한 경우
- 채용검진 결과 직무 수행이 어렵다고 판단되는 경우
- 해외여행 및 근무에 결격사유가 있는 경우
- 관련 법령 또는 내부 인사규정상 채용이 불가능한 경우",서류전형 > 직무과제 > 실무면접 > 처우협의
2074,요양보호사 운영 담당 채용,11,208,20260615,20260626,15,경력 2년 이상,정규직,대전광역시,학사 이상,"요양보호사 포지션은 수급자의 일상생활 지원과 안전한 돌봄을 수행 역할입니다. 담당 업무의 목표와 우선순위를 명확히 설정하고, 일정과 품질 기준을 함께 관리합니다.

급여 제공 기록, 위생 관리, 식사 지원, 보호자 소통를 중심으로 실무를 수행하며, 요구사항과 결과물을 문서화해 업무 흐름이 누락되지 않도록 합니다.

기획·운영·현장 담당자 및 외부 협력 파트너와 수시로 협업합니다. 변경 사항은 영향 범위를 검토한 뒤 대안을 제시하고 합의된 방식으로 반영합니다.

문제 발생 시 사실관계와 원인을 먼저 확인하고, 재발 방지 방안을 업무 절차에 반영합니다. 입사 후에는 담당 영역의 실행력을 높이고, 정확성·일정 준수·이용자 관점의 완성도를 중요한 기준으로 삼습니다.","- 급여 제공 기록, 위생 관리, 식사 지원, 보호자 소통 관련 업무 계획 수립 및 실행
- 담당 과제의 일정·진행 현황 관리
- 업무 산출물 작성 및 검토 이력 관리
- 유관 부서 및 외부 협력 대상과 실무 조율
- 현장·시스템·자료에서 발생한 이슈 분석 및 조치
- 운영 기준과 체크리스트 개선
- 결과 데이터 또는 피드백을 반영한 품질 개선","- 요양보호사 자격증 보유
- 경력 2년 이상 조건에 맞는 관련 실무 경험 또는 역량 보유
- 급여 제공 기록, 위생 관리, 식사 지원, 보호자 소통에 필요한 도구·절차를 이해하고 실무 적용이 가능한 분
- 업무 내용을 정확히 기록하고 일정에 맞춰 결과물을 제출할 수 있는 분
- 유관 부서와 원활하게 소통하며 협업할 수 있는 분
- 근무지 출퇴근 및 직무 수행이 가능한 분","- 요양보호사 자격증 보유자
- 사회복지사 2급 보유자
- 급여 제공 기록, 위생 관리, 식사 지원, 보호자 소통 관련 프로젝트 또는 현장 수행 경험
- 업무용 문서·보고서 작성 및 이력 관리 경험
- 유관 부서·외부 협력사와의 일정 조율 경험","- 지원서 또는 제출서류를 허위로 기재한 경우
- 채용 과정에서 요구한 증빙서류를 제출하지 못한 경우
- 채용검진 결과 직무 수행이 어렵다고 판단되는 경우
- 해외여행 및 근무에 결격사유가 있는 경우
- 관련 법령 또는 내부 인사규정상 채용이 불가능한 경우",서류전형 > 1차면접 > 2차면접 > 채용검진
2075,요양보호사 프로젝트 인재 모집,112,208,20260720,20260803,17,경력 3년 이상,무기계약직,부산광역시,학력무관,"요양보호사 포지션은 수급자의 일상생활 지원과 안전한 돌봄을 수행 역할입니다. 담당 업무의 목표와 우선순위를 명확히 설정하고, 일정과 품질 기준을 함께 관리합니다.

급여 제공 기록, 위생 관리, 식사 지원, 보호자 소통를 중심으로 실무를 수행하며, 요구사항과 결과물을 문서화해 업무 흐름이 누락되지 않도록 합니다.

기획·운영·현장 담당자 및 외부 협력 파트너와 수시로 협업합니다. 변경 사항은 영향 범위를 검토한 뒤 대안을 제시하고 합의된 방식으로 반영합니다.

문제 발생 시 사실관계와 원인을 먼저 확인하고, 재발 방지 방안을 업무 절차에 반영합니다. 입사 후에는 담당 영역의 실행력을 높이고, 정확성·일정 준수·이용자 관점의 완성도를 중요한 기준으로 삼습니다.","- 급여 제공 기록, 위생 관리, 식사 지원, 보호자 소통 관련 업무 계획 수립 및 실행
- 담당 과제의 일정·진행 현황 관리
- 업무 산출물 작성 및 검토 이력 관리
- 유관 부서 및 외부 협력 대상과 실무 조율
- 현장·시스템·자료에서 발생한 이슈 분석 및 조치
- 운영 기준과 체크리스트 개선
- 결과 데이터 또는 피드백을 반영한 품질 개선","- 요양보호사 자격증 보유
- 경력 3년 이상 조건에 맞는 관련 실무 경험 또는 역량 보유
- 급여 제공 기록, 위생 관리, 식사 지원, 보호자 소통에 필요한 도구·절차를 이해하고 실무 적용이 가능한 분
- 업무 내용을 정확히 기록하고 일정에 맞춰 결과물을 제출할 수 있는 분
- 유관 부서와 원활하게 소통하며 협업할 수 있는 분
- 근무지 출퇴근 및 직무 수행이 가능한 분","- 요양보호사 자격증 보유자
- 사회복지사 2급 보유자
- 급여 제공 기록, 위생 관리, 식사 지원, 보호자 소통 관련 프로젝트 또는 현장 수행 경험
- 업무용 문서·보고서 작성 및 이력 관리 경험
- 유관 부서·외부 협력사와의 일정 조율 경험","- 지원서 또는 제출서류를 허위로 기재한 경우
- 채용 과정에서 요구한 증빙서류를 제출하지 못한 경우
- 채용검진 결과 직무 수행이 어렵다고 판단되는 경우
- 해외여행 및 근무에 결격사유가 있는 경우
- 관련 법령 또는 내부 인사규정상 채용이 불가능한 경우",서류전형 > 실무면접 > 최종면접
2076,요양보호사 전담 인력 채용,48,208,20260825,20260911,19,경력 무관,기간제,광주광역시,전문학사 이상,"요양보호사 포지션은 수급자의 일상생활 지원과 안전한 돌봄을 수행 역할입니다. 담당 업무의 목표와 우선순위를 명확히 설정하고, 일정과 품질 기준을 함께 관리합니다.

급여 제공 기록, 위생 관리, 식사 지원, 보호자 소통를 중심으로 실무를 수행하며, 요구사항과 결과물을 문서화해 업무 흐름이 누락되지 않도록 합니다.

기획·운영·현장 담당자 및 외부 협력 파트너와 수시로 협업합니다. 변경 사항은 영향 범위를 검토한 뒤 대안을 제시하고 합의된 방식으로 반영합니다.

문제 발생 시 사실관계와 원인을 먼저 확인하고, 재발 방지 방안을 업무 절차에 반영합니다. 입사 후에는 담당 영역의 실행력을 높이고, 정확성·일정 준수·이용자 관점의 완성도를 중요한 기준으로 삼습니다.","- 급여 제공 기록, 위생 관리, 식사 지원, 보호자 소통 관련 업무 계획 수립 및 실행
- 담당 과제의 일정·진행 현황 관리
- 업무 산출물 작성 및 검토 이력 관리
- 유관 부서 및 외부 협력 대상과 실무 조율
- 현장·시스템·자료에서 발생한 이슈 분석 및 조치
- 운영 기준과 체크리스트 개선
- 결과 데이터 또는 피드백을 반영한 품질 개선","- 요양보호사 자격증 보유
- 경력 무관 조건에 맞는 관련 실무 경험 또는 역량 보유
- 급여 제공 기록, 위생 관리, 식사 지원, 보호자 소통에 필요한 도구·절차를 이해하고 실무 적용이 가능한 분
- 업무 내용을 정확히 기록하고 일정에 맞춰 결과물을 제출할 수 있는 분
- 유관 부서와 원활하게 소통하며 협업할 수 있는 분
- 근무지 출퇴근 및 직무 수행이 가능한 분","- 요양보호사 자격증 보유자
- 사회복지사 2급 보유자
- 급여 제공 기록, 위생 관리, 식사 지원, 보호자 소통 관련 프로젝트 또는 현장 수행 경험
- 업무용 문서·보고서 작성 및 이력 관리 경험
- 유관 부서·외부 협력사와의 일정 조율 경험","- 지원서 또는 제출서류를 허위로 기재한 경우
- 채용 과정에서 요구한 증빙서류를 제출하지 못한 경우
- 채용검진 결과 직무 수행이 어렵다고 판단되는 경우
- 해외여행 및 근무에 결격사유가 있는 경우
- 관련 법령 또는 내부 인사규정상 채용이 불가능한 경우",서류전형 > 인성검사 > 실무면접 > 최종면접
2077,요양보호사 실무 인재 모집,146,208,20260905,20260925,1,경력 5년 이상,정규직,세종특별자치시,학사 이상,"요양보호사 포지션은 수급자의 일상생활 지원과 안전한 돌봄을 수행 역할입니다. 담당 업무의 목표와 우선순위를 명확히 설정하고, 일정과 품질 기준을 함께 관리합니다.

급여 제공 기록, 위생 관리, 식사 지원, 보호자 소통를 중심으로 실무를 수행하며, 요구사항과 결과물을 문서화해 업무 흐름이 누락되지 않도록 합니다.

기획·운영·현장 담당자 및 외부 협력 파트너와 수시로 협업합니다. 변경 사항은 영향 범위를 검토한 뒤 대안을 제시하고 합의된 방식으로 반영합니다.

문제 발생 시 사실관계와 원인을 먼저 확인하고, 재발 방지 방안을 업무 절차에 반영합니다. 입사 후에는 담당 영역의 실행력을 높이고, 정확성·일정 준수·이용자 관점의 완성도를 중요한 기준으로 삼습니다.","- 급여 제공 기록, 위생 관리, 식사 지원, 보호자 소통 관련 업무 계획 수립 및 실행
- 담당 과제의 일정·진행 현황 관리
- 업무 산출물 작성 및 검토 이력 관리
- 유관 부서 및 외부 협력 대상과 실무 조율
- 현장·시스템·자료에서 발생한 이슈 분석 및 조치
- 운영 기준과 체크리스트 개선
- 결과 데이터 또는 피드백을 반영한 품질 개선","- 요양보호사 자격증 보유
- 경력 5년 이상 조건에 맞는 관련 실무 경험 또는 역량 보유
- 급여 제공 기록, 위생 관리, 식사 지원, 보호자 소통에 필요한 도구·절차를 이해하고 실무 적용이 가능한 분
- 업무 내용을 정확히 기록하고 일정에 맞춰 결과물을 제출할 수 있는 분
- 유관 부서와 원활하게 소통하며 협업할 수 있는 분
- 근무지 출퇴근 및 직무 수행이 가능한 분","- 요양보호사 자격증 보유자
- 사회복지사 2급 보유자
- 급여 제공 기록, 위생 관리, 식사 지원, 보호자 소통 관련 프로젝트 또는 현장 수행 경험
- 업무용 문서·보고서 작성 및 이력 관리 경험
- 유관 부서·외부 협력사와의 일정 조율 경험","- 지원서 또는 제출서류를 허위로 기재한 경우
- 채용 과정에서 요구한 증빙서류를 제출하지 못한 경우
- 채용검진 결과 직무 수행이 어렵다고 판단되는 경우
- 해외여행 및 근무에 결격사유가 있는 경우
- 관련 법령 또는 내부 인사규정상 채용이 불가능한 경우",서류전형 > 직무과제 > 실무면접 > 처우협의
2078,요양보호사 담당자 공개채용,137,208,20261010,20261102,3,신입·경력,계약직,충청남도,학력무관,"요양보호사 포지션은 수급자의 일상생활 지원과 안전한 돌봄을 수행 역할입니다. 담당 업무의 목표와 우선순위를 명확히 설정하고, 일정과 품질 기준을 함께 관리합니다.

급여 제공 기록, 위생 관리, 식사 지원, 보호자 소통를 중심으로 실무를 수행하며, 요구사항과 결과물을 문서화해 업무 흐름이 누락되지 않도록 합니다.

기획·운영·현장 담당자 및 외부 협력 파트너와 수시로 협업합니다. 변경 사항은 영향 범위를 검토한 뒤 대안을 제시하고 합의된 방식으로 반영합니다.

문제 발생 시 사실관계와 원인을 먼저 확인하고, 재발 방지 방안을 업무 절차에 반영합니다. 입사 후에는 담당 영역의 실행력을 높이고, 정확성·일정 준수·이용자 관점의 완성도를 중요한 기준으로 삼습니다.","- 급여 제공 기록, 위생 관리, 식사 지원, 보호자 소통 관련 업무 계획 수립 및 실행
- 담당 과제의 일정·진행 현황 관리
- 업무 산출물 작성 및 검토 이력 관리
- 유관 부서 및 외부 협력 대상과 실무 조율
- 현장·시스템·자료에서 발생한 이슈 분석 및 조치
- 운영 기준과 체크리스트 개선
- 결과 데이터 또는 피드백을 반영한 품질 개선","- 요양보호사 자격증 보유
- 신입·경력 조건에 맞는 관련 실무 경험 또는 역량 보유
- 급여 제공 기록, 위생 관리, 식사 지원, 보호자 소통에 필요한 도구·절차를 이해하고 실무 적용이 가능한 분
- 업무 내용을 정확히 기록하고 일정에 맞춰 결과물을 제출할 수 있는 분
- 유관 부서와 원활하게 소통하며 협업할 수 있는 분
- 근무지 출퇴근 및 직무 수행이 가능한 분","- 요양보호사 자격증 보유자
- 사회복지사 2급 보유자
- 급여 제공 기록, 위생 관리, 식사 지원, 보호자 소통 관련 프로젝트 또는 현장 수행 경험
- 업무용 문서·보고서 작성 및 이력 관리 경험
- 유관 부서·외부 협력사와의 일정 조율 경험","- 지원서 또는 제출서류를 허위로 기재한 경우
- 채용 과정에서 요구한 증빙서류를 제출하지 못한 경우
- 채용검진 결과 직무 수행이 어렵다고 판단되는 경우
- 해외여행 및 근무에 결격사유가 있는 경우
- 관련 법령 또는 내부 인사규정상 채용이 불가능한 경우",서류전형 > 1차면접 > 2차면접 > 채용검진
2079,요양보호사 정규직 모집,147,208,20260215,20260313,5,경력 2년 이상,정규직,경상남도,학사 이상,"요양보호사 포지션은 수급자의 일상생활 지원과 안전한 돌봄을 수행 역할입니다. 담당 업무의 목표와 우선순위를 명확히 설정하고, 일정과 품질 기준을 함께 관리합니다.

급여 제공 기록, 위생 관리, 식사 지원, 보호자 소통를 중심으로 실무를 수행하며, 요구사항과 결과물을 문서화해 업무 흐름이 누락되지 않도록 합니다.

기획·운영·현장 담당자 및 외부 협력 파트너와 수시로 협업합니다. 변경 사항은 영향 범위를 검토한 뒤 대안을 제시하고 합의된 방식으로 반영합니다.

문제 발생 시 사실관계와 원인을 먼저 확인하고, 재발 방지 방안을 업무 절차에 반영합니다. 입사 후에는 담당 영역의 실행력을 높이고, 정확성·일정 준수·이용자 관점의 완성도를 중요한 기준으로 삼습니다.","- 급여 제공 기록, 위생 관리, 식사 지원, 보호자 소통 관련 업무 계획 수립 및 실행
- 담당 과제의 일정·진행 현황 관리
- 업무 산출물 작성 및 검토 이력 관리
- 유관 부서 및 외부 협력 대상과 실무 조율
- 현장·시스템·자료에서 발생한 이슈 분석 및 조치
- 운영 기준과 체크리스트 개선
- 결과 데이터 또는 피드백을 반영한 품질 개선","- 요양보호사 자격증 보유
- 경력 2년 이상 조건에 맞는 관련 실무 경험 또는 역량 보유
- 급여 제공 기록, 위생 관리, 식사 지원, 보호자 소통에 필요한 도구·절차를 이해하고 실무 적용이 가능한 분
- 업무 내용을 정확히 기록하고 일정에 맞춰 결과물을 제출할 수 있는 분
- 유관 부서와 원활하게 소통하며 협업할 수 있는 분
- 근무지 출퇴근 및 직무 수행이 가능한 분","- 요양보호사 자격증 보유자
- 사회복지사 2급 보유자
- 급여 제공 기록, 위생 관리, 식사 지원, 보호자 소통 관련 프로젝트 또는 현장 수행 경험
- 업무용 문서·보고서 작성 및 이력 관리 경험
- 유관 부서·외부 협력사와의 일정 조율 경험","- 지원서 또는 제출서류를 허위로 기재한 경우
- 채용 과정에서 요구한 증빙서류를 제출하지 못한 경우
- 채용검진 결과 직무 수행이 어렵다고 판단되는 경우
- 해외여행 및 근무에 결격사유가 있는 경우
- 관련 법령 또는 내부 인사규정상 채용이 불가능한 경우",서류전형 > 실무면접 > 최종면접
2080,요양보호사 채용,1,208,20260320,20260418,7,경력,정규직,전북특별자치도,전문학사 이상,"요양보호사 포지션은 수급자의 일상생활 지원과 안전한 돌봄을 수행 역할입니다. 담당 업무의 목표와 우선순위를 명확히 설정하고, 일정과 품질 기준을 함께 관리합니다.

급여 제공 기록, 위생 관리, 식사 지원, 보호자 소통를 중심으로 실무를 수행하며, 요구사항과 결과물을 문서화해 업무 흐름이 누락되지 않도록 합니다.

기획·운영·현장 담당자 및 외부 협력 파트너와 수시로 협업합니다. 변경 사항은 영향 범위를 검토한 뒤 대안을 제시하고 합의된 방식으로 반영합니다.

문제 발생 시 사실관계와 원인을 먼저 확인하고, 재발 방지 방안을 업무 절차에 반영합니다. 입사 후에는 담당 영역의 실행력을 높이고, 정확성·일정 준수·이용자 관점의 완성도를 중요한 기준으로 삼습니다.","- 급여 제공 기록, 위생 관리, 식사 지원, 보호자 소통 관련 업무 계획 수립 및 실행
- 담당 과제의 일정·진행 현황 관리
- 업무 산출물 작성 및 검토 이력 관리
- 유관 부서 및 외부 협력 대상과 실무 조율
- 현장·시스템·자료에서 발생한 이슈 분석 및 조치
- 운영 기준과 체크리스트 개선
- 결과 데이터 또는 피드백을 반영한 품질 개선","- 요양보호사 자격증 보유
- 경력 조건에 맞는 관련 실무 경험 또는 역량 보유
- 급여 제공 기록, 위생 관리, 식사 지원, 보호자 소통에 필요한 도구·절차를 이해하고 실무 적용이 가능한 분
- 업무 내용을 정확히 기록하고 일정에 맞춰 결과물을 제출할 수 있는 분
- 유관 부서와 원활하게 소통하며 협업할 수 있는 분
- 근무지 출퇴근 및 직무 수행이 가능한 분","- 요양보호사 자격증 보유자
- 사회복지사 2급 보유자
- 급여 제공 기록, 위생 관리, 식사 지원, 보호자 소통 관련 프로젝트 또는 현장 수행 경험
- 업무용 문서·보고서 작성 및 이력 관리 경험
- 유관 부서·외부 협력사와의 일정 조율 경험","- 지원서 또는 제출서류를 허위로 기재한 경우
- 채용 과정에서 요구한 증빙서류를 제출하지 못한 경우
- 채용검진 결과 직무 수행이 어렵다고 판단되는 경우
- 해외여행 및 근무에 결격사유가 있는 경우
- 관련 법령 또는 내부 인사규정상 채용이 불가능한 경우",서류전형 > 인성검사 > 실무면접 > 최종면접
2081,환경미화원 담당자 모집,130,209,20260403,20260512,10,신입,정규직,서울특별시,학력무관,"환경미화원 포지션은 시설 내외부의 청결과 위생 상태를 유지 역할입니다. 담당 업무의 목표와 우선순위를 명확히 설정하고, 일정과 품질 기준을 함께 관리합니다.

청소 구역, 폐기물 분리, 소모품, 안전 수칙를 중심으로 실무를 수행하며, 요구사항과 결과물을 문서화해 업무 흐름이 누락되지 않도록 합니다.

기획·운영·현장 담당자 및 외부 협력 파트너와 수시로 협업합니다. 변경 사항은 영향 범위를 검토한 뒤 대안을 제시하고 합의된 방식으로 반영합니다.

문제 발생 시 사실관계와 원인을 먼저 확인하고, 재발 방지 방안을 업무 절차에 반영합니다. 입사 후에는 담당 영역의 실행력을 높이고, 정확성·일정 준수·이용자 관점의 완성도를 중요한 기준으로 삼습니다.","- 청소 구역, 폐기물 분리, 소모품, 안전 수칙 관련 업무 계획 수립 및 실행
- 담당 과제의 일정·진행 현황 관리
- 업무 산출물 작성 및 검토 이력 관리
- 유관 부서 및 외부 협력 대상과 실무 조율
- 현장·시스템·자료에서 발생한 이슈 분석 및 조치
- 운영 기준과 체크리스트 개선
- 결과 데이터 또는 피드백을 반영한 품질 개선","- 신입 조건에 맞는 관련 실무 경험 또는 역량 보유
- 청소 구역, 폐기물 분리, 소모품, 안전 수칙에 필요한 도구·절차를 이해하고 실무 적용이 가능한 분
- 업무 내용을 정확히 기록하고 일정에 맞춰 결과물을 제출할 수 있는 분
- 유관 부서와 원활하게 소통하며 협업할 수 있는 분
- 근무지 출퇴근 및 직무 수행이 가능한 분","- 건물위생관리사 보유자
- 방역관리사 보유자
- 청소 구역, 폐기물 분리, 소모품, 안전 수칙 관련 프로젝트 또는 현장 수행 경험
- 업무용 문서·보고서 작성 및 이력 관리 경험
- 유관 부서·외부 협력사와의 일정 조율 경험","- 지원서 또는 제출서류를 허위로 기재한 경우
- 채용 과정에서 요구한 증빙서류를 제출하지 못한 경우
- 채용검진 결과 직무 수행이 어렵다고 판단되는 경우
- 해외여행 및 근무에 결격사유가 있는 경우
- 관련 법령 또는 내부 인사규정상 채용이 불가능한 경우",서류전형 > 실무면접 > 최종면접
2082,환경미화원 실무자 채용,77,209,20260508,20260619,12,경력,계약직,경기도,전문학사 이상,"환경미화원 포지션은 시설 내외부의 청결과 위생 상태를 유지 역할입니다. 담당 업무의 목표와 우선순위를 명확히 설정하고, 일정과 품질 기준을 함께 관리합니다.

청소 구역, 폐기물 분리, 소모품, 안전 수칙를 중심으로 실무를 수행하며, 요구사항과 결과물을 문서화해 업무 흐름이 누락되지 않도록 합니다.

기획·운영·현장 담당자 및 외부 협력 파트너와 수시로 협업합니다. 변경 사항은 영향 범위를 검토한 뒤 대안을 제시하고 합의된 방식으로 반영합니다.

문제 발생 시 사실관계와 원인을 먼저 확인하고, 재발 방지 방안을 업무 절차에 반영합니다. 입사 후에는 담당 영역의 실행력을 높이고, 정확성·일정 준수·이용자 관점의 완성도를 중요한 기준으로 삼습니다.","- 청소 구역, 폐기물 분리, 소모품, 안전 수칙 관련 업무 계획 수립 및 실행
- 담당 과제의 일정·진행 현황 관리
- 업무 산출물 작성 및 검토 이력 관리
- 유관 부서 및 외부 협력 대상과 실무 조율
- 현장·시스템·자료에서 발생한 이슈 분석 및 조치
- 운영 기준과 체크리스트 개선
- 결과 데이터 또는 피드백을 반영한 품질 개선","- 경력 조건에 맞는 관련 실무 경험 또는 역량 보유
- 청소 구역, 폐기물 분리, 소모품, 안전 수칙에 필요한 도구·절차를 이해하고 실무 적용이 가능한 분
- 업무 내용을 정확히 기록하고 일정에 맞춰 결과물을 제출할 수 있는 분
- 유관 부서와 원활하게 소통하며 협업할 수 있는 분
- 근무지 출퇴근 및 직무 수행이 가능한 분","- 건물위생관리사 보유자
- 방역관리사 보유자
- 청소 구역, 폐기물 분리, 소모품, 안전 수칙 관련 프로젝트 또는 현장 수행 경험
- 업무용 문서·보고서 작성 및 이력 관리 경험
- 유관 부서·외부 협력사와의 일정 조율 경험","- 지원서 또는 제출서류를 허위로 기재한 경우
- 채용 과정에서 요구한 증빙서류를 제출하지 못한 경우
- 채용검진 결과 직무 수행이 어렵다고 판단되는 경우
- 해외여행 및 근무에 결격사유가 있는 경우
- 관련 법령 또는 내부 인사규정상 채용이 불가능한 경우",서류전형 > 인성검사 > 실무면접 > 최종면접
2083,환경미화원 전문인력 채용,91,209,20260613,20260728,14,신입·경력,정규직,인천광역시,학사 이상,"환경미화원 포지션은 시설 내외부의 청결과 위생 상태를 유지 역할입니다. 담당 업무의 목표와 우선순위를 명확히 설정하고, 일정과 품질 기준을 함께 관리합니다.

청소 구역, 폐기물 분리, 소모품, 안전 수칙를 중심으로 실무를 수행하며, 요구사항과 결과물을 문서화해 업무 흐름이 누락되지 않도록 합니다.

기획·운영·현장 담당자 및 외부 협력 파트너와 수시로 협업합니다. 변경 사항은 영향 범위를 검토한 뒤 대안을 제시하고 합의된 방식으로 반영합니다.

문제 발생 시 사실관계와 원인을 먼저 확인하고, 재발 방지 방안을 업무 절차에 반영합니다. 입사 후에는 담당 영역의 실행력을 높이고, 정확성·일정 준수·이용자 관점의 완성도를 중요한 기준으로 삼습니다.","- 청소 구역, 폐기물 분리, 소모품, 안전 수칙 관련 업무 계획 수립 및 실행
- 담당 과제의 일정·진행 현황 관리
- 업무 산출물 작성 및 검토 이력 관리
- 유관 부서 및 외부 협력 대상과 실무 조율
- 현장·시스템·자료에서 발생한 이슈 분석 및 조치
- 운영 기준과 체크리스트 개선
- 결과 데이터 또는 피드백을 반영한 품질 개선","- 신입·경력 조건에 맞는 관련 실무 경험 또는 역량 보유
- 청소 구역, 폐기물 분리, 소모품, 안전 수칙에 필요한 도구·절차를 이해하고 실무 적용이 가능한 분
- 업무 내용을 정확히 기록하고 일정에 맞춰 결과물을 제출할 수 있는 분
- 유관 부서와 원활하게 소통하며 협업할 수 있는 분
- 근무지 출퇴근 및 직무 수행이 가능한 분","- 건물위생관리사 보유자
- 방역관리사 보유자
- 청소 구역, 폐기물 분리, 소모품, 안전 수칙 관련 프로젝트 또는 현장 수행 경험
- 업무용 문서·보고서 작성 및 이력 관리 경험
- 유관 부서·외부 협력사와의 일정 조율 경험","- 지원서 또는 제출서류를 허위로 기재한 경우
- 채용 과정에서 요구한 증빙서류를 제출하지 못한 경우
- 채용검진 결과 직무 수행이 어렵다고 판단되는 경우
- 해외여행 및 근무에 결격사유가 있는 경우
- 관련 법령 또는 내부 인사규정상 채용이 불가능한 경우",서류전형 > 직무과제 > 실무면접 > 처우협의
2084,환경미화원 운영 담당 채용,38,209,20260718,20260730,16,경력 2년 이상,정규직,대전광역시,학사 이상,"환경미화원 포지션은 시설 내외부의 청결과 위생 상태를 유지 역할입니다. 담당 업무의 목표와 우선순위를 명확히 설정하고, 일정과 품질 기준을 함께 관리합니다.

청소 구역, 폐기물 분리, 소모품, 안전 수칙를 중심으로 실무를 수행하며, 요구사항과 결과물을 문서화해 업무 흐름이 누락되지 않도록 합니다.

기획·운영·현장 담당자 및 외부 협력 파트너와 수시로 협업합니다. 변경 사항은 영향 범위를 검토한 뒤 대안을 제시하고 합의된 방식으로 반영합니다.

문제 발생 시 사실관계와 원인을 먼저 확인하고, 재발 방지 방안을 업무 절차에 반영합니다. 입사 후에는 담당 영역의 실행력을 높이고, 정확성·일정 준수·이용자 관점의 완성도를 중요한 기준으로 삼습니다.","- 청소 구역, 폐기물 분리, 소모품, 안전 수칙 관련 업무 계획 수립 및 실행
- 담당 과제의 일정·진행 현황 관리
- 업무 산출물 작성 및 검토 이력 관리
- 유관 부서 및 외부 협력 대상과 실무 조율
- 현장·시스템·자료에서 발생한 이슈 분석 및 조치
- 운영 기준과 체크리스트 개선
- 결과 데이터 또는 피드백을 반영한 품질 개선","- 경력 2년 이상 조건에 맞는 관련 실무 경험 또는 역량 보유
- 청소 구역, 폐기물 분리, 소모품, 안전 수칙에 필요한 도구·절차를 이해하고 실무 적용이 가능한 분
- 업무 내용을 정확히 기록하고 일정에 맞춰 결과물을 제출할 수 있는 분
- 유관 부서와 원활하게 소통하며 협업할 수 있는 분
- 근무지 출퇴근 및 직무 수행이 가능한 분","- 건물위생관리사 보유자
- 방역관리사 보유자
- 청소 구역, 폐기물 분리, 소모품, 안전 수칙 관련 프로젝트 또는 현장 수행 경험
- 업무용 문서·보고서 작성 및 이력 관리 경험
- 유관 부서·외부 협력사와의 일정 조율 경험","- 지원서 또는 제출서류를 허위로 기재한 경우
- 채용 과정에서 요구한 증빙서류를 제출하지 못한 경우
- 채용검진 결과 직무 수행이 어렵다고 판단되는 경우
- 해외여행 및 근무에 결격사유가 있는 경우
- 관련 법령 또는 내부 인사규정상 채용이 불가능한 경우",서류전형 > 1차면접 > 2차면접 > 채용검진
2085,환경미화원 프로젝트 인재 모집,132,209,20260823,20260907,18,경력 3년 이상,무기계약직,부산광역시,학력무관,"환경미화원 포지션은 시설 내외부의 청결과 위생 상태를 유지 역할입니다. 담당 업무의 목표와 우선순위를 명확히 설정하고, 일정과 품질 기준을 함께 관리합니다.

청소 구역, 폐기물 분리, 소모품, 안전 수칙를 중심으로 실무를 수행하며, 요구사항과 결과물을 문서화해 업무 흐름이 누락되지 않도록 합니다.

기획·운영·현장 담당자 및 외부 협력 파트너와 수시로 협업합니다. 변경 사항은 영향 범위를 검토한 뒤 대안을 제시하고 합의된 방식으로 반영합니다.

문제 발생 시 사실관계와 원인을 먼저 확인하고, 재발 방지 방안을 업무 절차에 반영합니다. 입사 후에는 담당 영역의 실행력을 높이고, 정확성·일정 준수·이용자 관점의 완성도를 중요한 기준으로 삼습니다.","- 청소 구역, 폐기물 분리, 소모품, 안전 수칙 관련 업무 계획 수립 및 실행
- 담당 과제의 일정·진행 현황 관리
- 업무 산출물 작성 및 검토 이력 관리
- 유관 부서 및 외부 협력 대상과 실무 조율
- 현장·시스템·자료에서 발생한 이슈 분석 및 조치
- 운영 기준과 체크리스트 개선
- 결과 데이터 또는 피드백을 반영한 품질 개선","- 경력 3년 이상 조건에 맞는 관련 실무 경험 또는 역량 보유
- 청소 구역, 폐기물 분리, 소모품, 안전 수칙에 필요한 도구·절차를 이해하고 실무 적용이 가능한 분
- 업무 내용을 정확히 기록하고 일정에 맞춰 결과물을 제출할 수 있는 분
- 유관 부서와 원활하게 소통하며 협업할 수 있는 분
- 근무지 출퇴근 및 직무 수행이 가능한 분","- 건물위생관리사 보유자
- 방역관리사 보유자
- 청소 구역, 폐기물 분리, 소모품, 안전 수칙 관련 프로젝트 또는 현장 수행 경험
- 업무용 문서·보고서 작성 및 이력 관리 경험
- 유관 부서·외부 협력사와의 일정 조율 경험","- 지원서 또는 제출서류를 허위로 기재한 경우
- 채용 과정에서 요구한 증빙서류를 제출하지 못한 경우
- 채용검진 결과 직무 수행이 어렵다고 판단되는 경우
- 해외여행 및 근무에 결격사유가 있는 경우
- 관련 법령 또는 내부 인사규정상 채용이 불가능한 경우",서류전형 > 실무면접 > 최종면접
2086,환경미화원 전담 인력 채용,117,209,20260903,20260921,20,경력 무관,기간제,광주광역시,전문학사 이상,"환경미화원 포지션은 시설 내외부의 청결과 위생 상태를 유지 역할입니다. 담당 업무의 목표와 우선순위를 명확히 설정하고, 일정과 품질 기준을 함께 관리합니다.

청소 구역, 폐기물 분리, 소모품, 안전 수칙를 중심으로 실무를 수행하며, 요구사항과 결과물을 문서화해 업무 흐름이 누락되지 않도록 합니다.

기획·운영·현장 담당자 및 외부 협력 파트너와 수시로 협업합니다. 변경 사항은 영향 범위를 검토한 뒤 대안을 제시하고 합의된 방식으로 반영합니다.

문제 발생 시 사실관계와 원인을 먼저 확인하고, 재발 방지 방안을 업무 절차에 반영합니다. 입사 후에는 담당 영역의 실행력을 높이고, 정확성·일정 준수·이용자 관점의 완성도를 중요한 기준으로 삼습니다.","- 청소 구역, 폐기물 분리, 소모품, 안전 수칙 관련 업무 계획 수립 및 실행
- 담당 과제의 일정·진행 현황 관리
- 업무 산출물 작성 및 검토 이력 관리
- 유관 부서 및 외부 협력 대상과 실무 조율
- 현장·시스템·자료에서 발생한 이슈 분석 및 조치
- 운영 기준과 체크리스트 개선
- 결과 데이터 또는 피드백을 반영한 품질 개선","- 경력 무관 조건에 맞는 관련 실무 경험 또는 역량 보유
- 청소 구역, 폐기물 분리, 소모품, 안전 수칙에 필요한 도구·절차를 이해하고 실무 적용이 가능한 분
- 업무 내용을 정확히 기록하고 일정에 맞춰 결과물을 제출할 수 있는 분
- 유관 부서와 원활하게 소통하며 협업할 수 있는 분
- 근무지 출퇴근 및 직무 수행이 가능한 분","- 건물위생관리사 보유자
- 방역관리사 보유자
- 청소 구역, 폐기물 분리, 소모품, 안전 수칙 관련 프로젝트 또는 현장 수행 경험
- 업무용 문서·보고서 작성 및 이력 관리 경험
- 유관 부서·외부 협력사와의 일정 조율 경험","- 지원서 또는 제출서류를 허위로 기재한 경우
- 채용 과정에서 요구한 증빙서류를 제출하지 못한 경우
- 채용검진 결과 직무 수행이 어렵다고 판단되는 경우
- 해외여행 및 근무에 결격사유가 있는 경우
- 관련 법령 또는 내부 인사규정상 채용이 불가능한 경우",서류전형 > 인성검사 > 실무면접 > 최종면접
2087,환경미화원 실무 인재 모집,44,209,20261008,20261029,2,경력 5년 이상,정규직,세종특별자치시,학사 이상,"환경미화원 포지션은 시설 내외부의 청결과 위생 상태를 유지 역할입니다. 담당 업무의 목표와 우선순위를 명확히 설정하고, 일정과 품질 기준을 함께 관리합니다.

청소 구역, 폐기물 분리, 소모품, 안전 수칙를 중심으로 실무를 수행하며, 요구사항과 결과물을 문서화해 업무 흐름이 누락되지 않도록 합니다.

기획·운영·현장 담당자 및 외부 협력 파트너와 수시로 협업합니다. 변경 사항은 영향 범위를 검토한 뒤 대안을 제시하고 합의된 방식으로 반영합니다.

문제 발생 시 사실관계와 원인을 먼저 확인하고, 재발 방지 방안을 업무 절차에 반영합니다. 입사 후에는 담당 영역의 실행력을 높이고, 정확성·일정 준수·이용자 관점의 완성도를 중요한 기준으로 삼습니다.","- 청소 구역, 폐기물 분리, 소모품, 안전 수칙 관련 업무 계획 수립 및 실행
- 담당 과제의 일정·진행 현황 관리
- 업무 산출물 작성 및 검토 이력 관리
- 유관 부서 및 외부 협력 대상과 실무 조율
- 현장·시스템·자료에서 발생한 이슈 분석 및 조치
- 운영 기준과 체크리스트 개선
- 결과 데이터 또는 피드백을 반영한 품질 개선","- 경력 5년 이상 조건에 맞는 관련 실무 경험 또는 역량 보유
- 청소 구역, 폐기물 분리, 소모품, 안전 수칙에 필요한 도구·절차를 이해하고 실무 적용이 가능한 분
- 업무 내용을 정확히 기록하고 일정에 맞춰 결과물을 제출할 수 있는 분
- 유관 부서와 원활하게 소통하며 협업할 수 있는 분
- 근무지 출퇴근 및 직무 수행이 가능한 분","- 건물위생관리사 보유자
- 방역관리사 보유자
- 청소 구역, 폐기물 분리, 소모품, 안전 수칙 관련 프로젝트 또는 현장 수행 경험
- 업무용 문서·보고서 작성 및 이력 관리 경험
- 유관 부서·외부 협력사와의 일정 조율 경험","- 지원서 또는 제출서류를 허위로 기재한 경우
- 채용 과정에서 요구한 증빙서류를 제출하지 못한 경우
- 채용검진 결과 직무 수행이 어렵다고 판단되는 경우
- 해외여행 및 근무에 결격사유가 있는 경우
- 관련 법령 또는 내부 인사규정상 채용이 불가능한 경우",서류전형 > 직무과제 > 실무면접 > 처우협의
2088,환경미화원 담당자 공개채용,134,209,20260213,20260309,4,신입·경력,계약직,충청남도,학력무관,"환경미화원 포지션은 시설 내외부의 청결과 위생 상태를 유지 역할입니다. 담당 업무의 목표와 우선순위를 명확히 설정하고, 일정과 품질 기준을 함께 관리합니다.

청소 구역, 폐기물 분리, 소모품, 안전 수칙를 중심으로 실무를 수행하며, 요구사항과 결과물을 문서화해 업무 흐름이 누락되지 않도록 합니다.

기획·운영·현장 담당자 및 외부 협력 파트너와 수시로 협업합니다. 변경 사항은 영향 범위를 검토한 뒤 대안을 제시하고 합의된 방식으로 반영합니다.

문제 발생 시 사실관계와 원인을 먼저 확인하고, 재발 방지 방안을 업무 절차에 반영합니다. 입사 후에는 담당 영역의 실행력을 높이고, 정확성·일정 준수·이용자 관점의 완성도를 중요한 기준으로 삼습니다.","- 청소 구역, 폐기물 분리, 소모품, 안전 수칙 관련 업무 계획 수립 및 실행
- 담당 과제의 일정·진행 현황 관리
- 업무 산출물 작성 및 검토 이력 관리
- 유관 부서 및 외부 협력 대상과 실무 조율
- 현장·시스템·자료에서 발생한 이슈 분석 및 조치
- 운영 기준과 체크리스트 개선
- 결과 데이터 또는 피드백을 반영한 품질 개선","- 신입·경력 조건에 맞는 관련 실무 경험 또는 역량 보유
- 청소 구역, 폐기물 분리, 소모품, 안전 수칙에 필요한 도구·절차를 이해하고 실무 적용이 가능한 분
- 업무 내용을 정확히 기록하고 일정에 맞춰 결과물을 제출할 수 있는 분
- 유관 부서와 원활하게 소통하며 협업할 수 있는 분
- 근무지 출퇴근 및 직무 수행이 가능한 분","- 건물위생관리사 보유자
- 방역관리사 보유자
- 청소 구역, 폐기물 분리, 소모품, 안전 수칙 관련 프로젝트 또는 현장 수행 경험
- 업무용 문서·보고서 작성 및 이력 관리 경험
- 유관 부서·외부 협력사와의 일정 조율 경험","- 지원서 또는 제출서류를 허위로 기재한 경우
- 채용 과정에서 요구한 증빙서류를 제출하지 못한 경우
- 채용검진 결과 직무 수행이 어렵다고 판단되는 경우
- 해외여행 및 근무에 결격사유가 있는 경우
- 관련 법령 또는 내부 인사규정상 채용이 불가능한 경우",서류전형 > 1차면접 > 2차면접 > 채용검진
2089,환경미화원 정규직 모집,108,209,20260318,20260414,6,경력 2년 이상,정규직,경상남도,학사 이상,"환경미화원 포지션은 시설 내외부의 청결과 위생 상태를 유지 역할입니다. 담당 업무의 목표와 우선순위를 명확히 설정하고, 일정과 품질 기준을 함께 관리합니다.

청소 구역, 폐기물 분리, 소모품, 안전 수칙를 중심으로 실무를 수행하며, 요구사항과 결과물을 문서화해 업무 흐름이 누락되지 않도록 합니다.

기획·운영·현장 담당자 및 외부 협력 파트너와 수시로 협업합니다. 변경 사항은 영향 범위를 검토한 뒤 대안을 제시하고 합의된 방식으로 반영합니다.

문제 발생 시 사실관계와 원인을 먼저 확인하고, 재발 방지 방안을 업무 절차에 반영합니다. 입사 후에는 담당 영역의 실행력을 높이고, 정확성·일정 준수·이용자 관점의 완성도를 중요한 기준으로 삼습니다.","- 청소 구역, 폐기물 분리, 소모품, 안전 수칙 관련 업무 계획 수립 및 실행
- 담당 과제의 일정·진행 현황 관리
- 업무 산출물 작성 및 검토 이력 관리
- 유관 부서 및 외부 협력 대상과 실무 조율
- 현장·시스템·자료에서 발생한 이슈 분석 및 조치
- 운영 기준과 체크리스트 개선
- 결과 데이터 또는 피드백을 반영한 품질 개선","- 경력 2년 이상 조건에 맞는 관련 실무 경험 또는 역량 보유
- 청소 구역, 폐기물 분리, 소모품, 안전 수칙에 필요한 도구·절차를 이해하고 실무 적용이 가능한 분
- 업무 내용을 정확히 기록하고 일정에 맞춰 결과물을 제출할 수 있는 분
- 유관 부서와 원활하게 소통하며 협업할 수 있는 분
- 근무지 출퇴근 및 직무 수행이 가능한 분","- 건물위생관리사 보유자
- 방역관리사 보유자
- 청소 구역, 폐기물 분리, 소모품, 안전 수칙 관련 프로젝트 또는 현장 수행 경험
- 업무용 문서·보고서 작성 및 이력 관리 경험
- 유관 부서·외부 협력사와의 일정 조율 경험","- 지원서 또는 제출서류를 허위로 기재한 경우
- 채용 과정에서 요구한 증빙서류를 제출하지 못한 경우
- 채용검진 결과 직무 수행이 어렵다고 판단되는 경우
- 해외여행 및 근무에 결격사유가 있는 경우
- 관련 법령 또는 내부 인사규정상 채용이 불가능한 경우",서류전형 > 실무면접 > 최종면접
2090,환경미화원 채용,83,209,20260423,20260523,8,경력,정규직,전북특별자치도,전문학사 이상,"환경미화원 포지션은 시설 내외부의 청결과 위생 상태를 유지 역할입니다. 담당 업무의 목표와 우선순위를 명확히 설정하고, 일정과 품질 기준을 함께 관리합니다.

청소 구역, 폐기물 분리, 소모품, 안전 수칙를 중심으로 실무를 수행하며, 요구사항과 결과물을 문서화해 업무 흐름이 누락되지 않도록 합니다.

기획·운영·현장 담당자 및 외부 협력 파트너와 수시로 협업합니다. 변경 사항은 영향 범위를 검토한 뒤 대안을 제시하고 합의된 방식으로 반영합니다.

문제 발생 시 사실관계와 원인을 먼저 확인하고, 재발 방지 방안을 업무 절차에 반영합니다. 입사 후에는 담당 영역의 실행력을 높이고, 정확성·일정 준수·이용자 관점의 완성도를 중요한 기준으로 삼습니다.","- 청소 구역, 폐기물 분리, 소모품, 안전 수칙 관련 업무 계획 수립 및 실행
- 담당 과제의 일정·진행 현황 관리
- 업무 산출물 작성 및 검토 이력 관리
- 유관 부서 및 외부 협력 대상과 실무 조율
- 현장·시스템·자료에서 발생한 이슈 분석 및 조치
- 운영 기준과 체크리스트 개선
- 결과 데이터 또는 피드백을 반영한 품질 개선","- 경력 조건에 맞는 관련 실무 경험 또는 역량 보유
- 청소 구역, 폐기물 분리, 소모품, 안전 수칙에 필요한 도구·절차를 이해하고 실무 적용이 가능한 분
- 업무 내용을 정확히 기록하고 일정에 맞춰 결과물을 제출할 수 있는 분
- 유관 부서와 원활하게 소통하며 협업할 수 있는 분
- 근무지 출퇴근 및 직무 수행이 가능한 분","- 건물위생관리사 보유자
- 방역관리사 보유자
- 청소 구역, 폐기물 분리, 소모품, 안전 수칙 관련 프로젝트 또는 현장 수행 경험
- 업무용 문서·보고서 작성 및 이력 관리 경험
- 유관 부서·외부 협력사와의 일정 조율 경험","- 지원서 또는 제출서류를 허위로 기재한 경우
- 채용 과정에서 요구한 증빙서류를 제출하지 못한 경우
- 채용검진 결과 직무 수행이 어렵다고 판단되는 경우
- 해외여행 및 근무에 결격사유가 있는 경우
- 관련 법령 또는 내부 인사규정상 채용이 불가능한 경우",서류전형 > 인성검사 > 실무면접 > 최종면접
2091,보건관리자 담당자 모집,80,210,20260506,20260615,11,신입,정규직,서울특별시,학력무관,"보건관리자 포지션은 근로자 건강관리와 사업장 보건 업무를 수행 역할입니다. 담당 업무의 목표와 우선순위를 명확히 설정하고, 일정과 품질 기준을 함께 관리합니다.

건강검진, 유해인자, 보건교육, 건강상담를 중심으로 실무를 수행하며, 요구사항과 결과물을 문서화해 업무 흐름이 누락되지 않도록 합니다.

기획·운영·현장 담당자 및 외부 협력 파트너와 수시로 협업합니다. 변경 사항은 영향 범위를 검토한 뒤 대안을 제시하고 합의된 방식으로 반영합니다.

문제 발생 시 사실관계와 원인을 먼저 확인하고, 재발 방지 방안을 업무 절차에 반영합니다. 입사 후에는 담당 영역의 실행력을 높이고, 정확성·일정 준수·이용자 관점의 완성도를 중요한 기준으로 삼습니다.","- 건강검진, 유해인자, 보건교육, 건강상담 관련 업무 계획 수립 및 실행
- 담당 과제의 일정·진행 현황 관리
- 업무 산출물 작성 및 검토 이력 관리
- 유관 부서 및 외부 협력 대상과 실무 조율
- 현장·시스템·자료에서 발생한 이슈 분석 및 조치
- 운영 기준과 체크리스트 개선
- 결과 데이터 또는 피드백을 반영한 품질 개선","- 신입 조건에 맞는 관련 실무 경험 또는 역량 보유
- 건강검진, 유해인자, 보건교육, 건강상담에 필요한 도구·절차를 이해하고 실무 적용이 가능한 분
- 업무 내용을 정확히 기록하고 일정에 맞춰 결과물을 제출할 수 있는 분
- 유관 부서와 원활하게 소통하며 협업할 수 있는 분
- 근무지 출퇴근 및 직무 수행이 가능한 분","- 산업위생관리기사 보유자
- 간호사 면허 보유자
- 건강검진, 유해인자, 보건교육, 건강상담 관련 프로젝트 또는 현장 수행 경험
- 업무용 문서·보고서 작성 및 이력 관리 경험
- 유관 부서·외부 협력사와의 일정 조율 경험","- 지원서 또는 제출서류를 허위로 기재한 경우
- 채용 과정에서 요구한 증빙서류를 제출하지 못한 경우
- 채용검진 결과 직무 수행이 어렵다고 판단되는 경우
- 해외여행 및 근무에 결격사유가 있는 경우
- 관련 법령 또는 내부 인사규정상 채용이 불가능한 경우",서류전형 > 실무면접 > 최종면접
2092,보건관리자 실무자 채용,77,210,20260611,20260724,13,경력,계약직,경기도,전문학사 이상,"보건관리자 포지션은 근로자 건강관리와 사업장 보건 업무를 수행 역할입니다. 담당 업무의 목표와 우선순위를 명확히 설정하고, 일정과 품질 기준을 함께 관리합니다.

건강검진, 유해인자, 보건교육, 건강상담를 중심으로 실무를 수행하며, 요구사항과 결과물을 문서화해 업무 흐름이 누락되지 않도록 합니다.

기획·운영·현장 담당자 및 외부 협력 파트너와 수시로 협업합니다. 변경 사항은 영향 범위를 검토한 뒤 대안을 제시하고 합의된 방식으로 반영합니다.

문제 발생 시 사실관계와 원인을 먼저 확인하고, 재발 방지 방안을 업무 절차에 반영합니다. 입사 후에는 담당 영역의 실행력을 높이고, 정확성·일정 준수·이용자 관점의 완성도를 중요한 기준으로 삼습니다.","- 건강검진, 유해인자, 보건교육, 건강상담 관련 업무 계획 수립 및 실행
- 담당 과제의 일정·진행 현황 관리
- 업무 산출물 작성 및 검토 이력 관리
- 유관 부서 및 외부 협력 대상과 실무 조율
- 현장·시스템·자료에서 발생한 이슈 분석 및 조치
- 운영 기준과 체크리스트 개선
- 결과 데이터 또는 피드백을 반영한 품질 개선","- 경력 조건에 맞는 관련 실무 경험 또는 역량 보유
- 건강검진, 유해인자, 보건교육, 건강상담에 필요한 도구·절차를 이해하고 실무 적용이 가능한 분
- 업무 내용을 정확히 기록하고 일정에 맞춰 결과물을 제출할 수 있는 분
- 유관 부서와 원활하게 소통하며 협업할 수 있는 분
- 근무지 출퇴근 및 직무 수행이 가능한 분","- 산업위생관리기사 보유자
- 간호사 면허 보유자
- 건강검진, 유해인자, 보건교육, 건강상담 관련 프로젝트 또는 현장 수행 경험
- 업무용 문서·보고서 작성 및 이력 관리 경험
- 유관 부서·외부 협력사와의 일정 조율 경험","- 지원서 또는 제출서류를 허위로 기재한 경우
- 채용 과정에서 요구한 증빙서류를 제출하지 못한 경우
- 채용검진 결과 직무 수행이 어렵다고 판단되는 경우
- 해외여행 및 근무에 결격사유가 있는 경우
- 관련 법령 또는 내부 인사규정상 채용이 불가능한 경우",서류전형 > 인성검사 > 실무면접 > 최종면접
2093,보건관리자 전문인력 채용,78,210,20260716,20260726,15,신입·경력,정규직,인천광역시,학사 이상,"보건관리자 포지션은 근로자 건강관리와 사업장 보건 업무를 수행 역할입니다. 담당 업무의 목표와 우선순위를 명확히 설정하고, 일정과 품질 기준을 함께 관리합니다.

건강검진, 유해인자, 보건교육, 건강상담를 중심으로 실무를 수행하며, 요구사항과 결과물을 문서화해 업무 흐름이 누락되지 않도록 합니다.

기획·운영·현장 담당자 및 외부 협력 파트너와 수시로 협업합니다. 변경 사항은 영향 범위를 검토한 뒤 대안을 제시하고 합의된 방식으로 반영합니다.

문제 발생 시 사실관계와 원인을 먼저 확인하고, 재발 방지 방안을 업무 절차에 반영합니다. 입사 후에는 담당 영역의 실행력을 높이고, 정확성·일정 준수·이용자 관점의 완성도를 중요한 기준으로 삼습니다.","- 건강검진, 유해인자, 보건교육, 건강상담 관련 업무 계획 수립 및 실행
- 담당 과제의 일정·진행 현황 관리
- 업무 산출물 작성 및 검토 이력 관리
- 유관 부서 및 외부 협력 대상과 실무 조율
- 현장·시스템·자료에서 발생한 이슈 분석 및 조치
- 운영 기준과 체크리스트 개선
- 결과 데이터 또는 피드백을 반영한 품질 개선","- 신입·경력 조건에 맞는 관련 실무 경험 또는 역량 보유
- 건강검진, 유해인자, 보건교육, 건강상담에 필요한 도구·절차를 이해하고 실무 적용이 가능한 분
- 업무 내용을 정확히 기록하고 일정에 맞춰 결과물을 제출할 수 있는 분
- 유관 부서와 원활하게 소통하며 협업할 수 있는 분
- 근무지 출퇴근 및 직무 수행이 가능한 분","- 산업위생관리기사 보유자
- 간호사 면허 보유자
- 건강검진, 유해인자, 보건교육, 건강상담 관련 프로젝트 또는 현장 수행 경험
- 업무용 문서·보고서 작성 및 이력 관리 경험
- 유관 부서·외부 협력사와의 일정 조율 경험","- 지원서 또는 제출서류를 허위로 기재한 경우
- 채용 과정에서 요구한 증빙서류를 제출하지 못한 경우
- 채용검진 결과 직무 수행이 어렵다고 판단되는 경우
- 해외여행 및 근무에 결격사유가 있는 경우
- 관련 법령 또는 내부 인사규정상 채용이 불가능한 경우",서류전형 > 직무과제 > 실무면접 > 처우협의
2094,보건관리자 운영 담당 채용,137,210,20260821,20260903,17,경력 2년 이상,정규직,대전광역시,학사 이상,"보건관리자 포지션은 근로자 건강관리와 사업장 보건 업무를 수행 역할입니다. 담당 업무의 목표와 우선순위를 명확히 설정하고, 일정과 품질 기준을 함께 관리합니다.

건강검진, 유해인자, 보건교육, 건강상담를 중심으로 실무를 수행하며, 요구사항과 결과물을 문서화해 업무 흐름이 누락되지 않도록 합니다.

기획·운영·현장 담당자 및 외부 협력 파트너와 수시로 협업합니다. 변경 사항은 영향 범위를 검토한 뒤 대안을 제시하고 합의된 방식으로 반영합니다.

문제 발생 시 사실관계와 원인을 먼저 확인하고, 재발 방지 방안을 업무 절차에 반영합니다. 입사 후에는 담당 영역의 실행력을 높이고, 정확성·일정 준수·이용자 관점의 완성도를 중요한 기준으로 삼습니다.","- 건강검진, 유해인자, 보건교육, 건강상담 관련 업무 계획 수립 및 실행
- 담당 과제의 일정·진행 현황 관리
- 업무 산출물 작성 및 검토 이력 관리
- 유관 부서 및 외부 협력 대상과 실무 조율
- 현장·시스템·자료에서 발생한 이슈 분석 및 조치
- 운영 기준과 체크리스트 개선
- 결과 데이터 또는 피드백을 반영한 품질 개선","- 경력 2년 이상 조건에 맞는 관련 실무 경험 또는 역량 보유
- 건강검진, 유해인자, 보건교육, 건강상담에 필요한 도구·절차를 이해하고 실무 적용이 가능한 분
- 업무 내용을 정확히 기록하고 일정에 맞춰 결과물을 제출할 수 있는 분
- 유관 부서와 원활하게 소통하며 협업할 수 있는 분
- 근무지 출퇴근 및 직무 수행이 가능한 분","- 산업위생관리기사 보유자
- 간호사 면허 보유자
- 건강검진, 유해인자, 보건교육, 건강상담 관련 프로젝트 또는 현장 수행 경험
- 업무용 문서·보고서 작성 및 이력 관리 경험
- 유관 부서·외부 협력사와의 일정 조율 경험","- 지원서 또는 제출서류를 허위로 기재한 경우
- 채용 과정에서 요구한 증빙서류를 제출하지 못한 경우
- 채용검진 결과 직무 수행이 어렵다고 판단되는 경우
- 해외여행 및 근무에 결격사유가 있는 경우
- 관련 법령 또는 내부 인사규정상 채용이 불가능한 경우",서류전형 > 1차면접 > 2차면접 > 채용검진
2095,보건관리자 프로젝트 인재 모집,152,210,20260901,20260917,19,경력 3년 이상,무기계약직,부산광역시,학력무관,"보건관리자 포지션은 근로자 건강관리와 사업장 보건 업무를 수행 역할입니다. 담당 업무의 목표와 우선순위를 명확히 설정하고, 일정과 품질 기준을 함께 관리합니다.

건강검진, 유해인자, 보건교육, 건강상담를 중심으로 실무를 수행하며, 요구사항과 결과물을 문서화해 업무 흐름이 누락되지 않도록 합니다.

기획·운영·현장 담당자 및 외부 협력 파트너와 수시로 협업합니다. 변경 사항은 영향 범위를 검토한 뒤 대안을 제시하고 합의된 방식으로 반영합니다.

문제 발생 시 사실관계와 원인을 먼저 확인하고, 재발 방지 방안을 업무 절차에 반영합니다. 입사 후에는 담당 영역의 실행력을 높이고, 정확성·일정 준수·이용자 관점의 완성도를 중요한 기준으로 삼습니다.","- 건강검진, 유해인자, 보건교육, 건강상담 관련 업무 계획 수립 및 실행
- 담당 과제의 일정·진행 현황 관리
- 업무 산출물 작성 및 검토 이력 관리
- 유관 부서 및 외부 협력 대상과 실무 조율
- 현장·시스템·자료에서 발생한 이슈 분석 및 조치
- 운영 기준과 체크리스트 개선
- 결과 데이터 또는 피드백을 반영한 품질 개선","- 경력 3년 이상 조건에 맞는 관련 실무 경험 또는 역량 보유
- 건강검진, 유해인자, 보건교육, 건강상담에 필요한 도구·절차를 이해하고 실무 적용이 가능한 분
- 업무 내용을 정확히 기록하고 일정에 맞춰 결과물을 제출할 수 있는 분
- 유관 부서와 원활하게 소통하며 협업할 수 있는 분
- 근무지 출퇴근 및 직무 수행이 가능한 분","- 산업위생관리기사 보유자
- 간호사 면허 보유자
- 건강검진, 유해인자, 보건교육, 건강상담 관련 프로젝트 또는 현장 수행 경험
- 업무용 문서·보고서 작성 및 이력 관리 경험
- 유관 부서·외부 협력사와의 일정 조율 경험","- 지원서 또는 제출서류를 허위로 기재한 경우
- 채용 과정에서 요구한 증빙서류를 제출하지 못한 경우
- 채용검진 결과 직무 수행이 어렵다고 판단되는 경우
- 해외여행 및 근무에 결격사유가 있는 경우
- 관련 법령 또는 내부 인사규정상 채용이 불가능한 경우",서류전형 > 실무면접 > 최종면접
2096,보건관리자 전담 인력 채용,56,210,20261006,20261025,1,경력 무관,기간제,광주광역시,전문학사 이상,"보건관리자 포지션은 근로자 건강관리와 사업장 보건 업무를 수행 역할입니다. 담당 업무의 목표와 우선순위를 명확히 설정하고, 일정과 품질 기준을 함께 관리합니다.

건강검진, 유해인자, 보건교육, 건강상담를 중심으로 실무를 수행하며, 요구사항과 결과물을 문서화해 업무 흐름이 누락되지 않도록 합니다.

기획·운영·현장 담당자 및 외부 협력 파트너와 수시로 협업합니다. 변경 사항은 영향 범위를 검토한 뒤 대안을 제시하고 합의된 방식으로 반영합니다.

문제 발생 시 사실관계와 원인을 먼저 확인하고, 재발 방지 방안을 업무 절차에 반영합니다. 입사 후에는 담당 영역의 실행력을 높이고, 정확성·일정 준수·이용자 관점의 완성도를 중요한 기준으로 삼습니다.","- 건강검진, 유해인자, 보건교육, 건강상담 관련 업무 계획 수립 및 실행
- 담당 과제의 일정·진행 현황 관리
- 업무 산출물 작성 및 검토 이력 관리
- 유관 부서 및 외부 협력 대상과 실무 조율
- 현장·시스템·자료에서 발생한 이슈 분석 및 조치
- 운영 기준과 체크리스트 개선
- 결과 데이터 또는 피드백을 반영한 품질 개선","- 경력 무관 조건에 맞는 관련 실무 경험 또는 역량 보유
- 건강검진, 유해인자, 보건교육, 건강상담에 필요한 도구·절차를 이해하고 실무 적용이 가능한 분
- 업무 내용을 정확히 기록하고 일정에 맞춰 결과물을 제출할 수 있는 분
- 유관 부서와 원활하게 소통하며 협업할 수 있는 분
- 근무지 출퇴근 및 직무 수행이 가능한 분","- 산업위생관리기사 보유자
- 간호사 면허 보유자
- 건강검진, 유해인자, 보건교육, 건강상담 관련 프로젝트 또는 현장 수행 경험
- 업무용 문서·보고서 작성 및 이력 관리 경험
- 유관 부서·외부 협력사와의 일정 조율 경험","- 지원서 또는 제출서류를 허위로 기재한 경우
- 채용 과정에서 요구한 증빙서류를 제출하지 못한 경우
- 채용검진 결과 직무 수행이 어렵다고 판단되는 경우
- 해외여행 및 근무에 결격사유가 있는 경우
- 관련 법령 또는 내부 인사규정상 채용이 불가능한 경우",서류전형 > 인성검사 > 실무면접 > 최종면접
2097,보건관리자 실무 인재 모집,29,210,20260211,20260305,3,경력 5년 이상,정규직,세종특별자치시,학사 이상,"보건관리자 포지션은 근로자 건강관리와 사업장 보건 업무를 수행 역할입니다. 담당 업무의 목표와 우선순위를 명확히 설정하고, 일정과 품질 기준을 함께 관리합니다.

건강검진, 유해인자, 보건교육, 건강상담를 중심으로 실무를 수행하며, 요구사항과 결과물을 문서화해 업무 흐름이 누락되지 않도록 합니다.

기획·운영·현장 담당자 및 외부 협력 파트너와 수시로 협업합니다. 변경 사항은 영향 범위를 검토한 뒤 대안을 제시하고 합의된 방식으로 반영합니다.

문제 발생 시 사실관계와 원인을 먼저 확인하고, 재발 방지 방안을 업무 절차에 반영합니다. 입사 후에는 담당 영역의 실행력을 높이고, 정확성·일정 준수·이용자 관점의 완성도를 중요한 기준으로 삼습니다.","- 건강검진, 유해인자, 보건교육, 건강상담 관련 업무 계획 수립 및 실행
- 담당 과제의 일정·진행 현황 관리
- 업무 산출물 작성 및 검토 이력 관리
- 유관 부서 및 외부 협력 대상과 실무 조율
- 현장·시스템·자료에서 발생한 이슈 분석 및 조치
- 운영 기준과 체크리스트 개선
- 결과 데이터 또는 피드백을 반영한 품질 개선","- 경력 5년 이상 조건에 맞는 관련 실무 경험 또는 역량 보유
- 건강검진, 유해인자, 보건교육, 건강상담에 필요한 도구·절차를 이해하고 실무 적용이 가능한 분
- 업무 내용을 정확히 기록하고 일정에 맞춰 결과물을 제출할 수 있는 분
- 유관 부서와 원활하게 소통하며 협업할 수 있는 분
- 근무지 출퇴근 및 직무 수행이 가능한 분","- 산업위생관리기사 보유자
- 간호사 면허 보유자
- 건강검진, 유해인자, 보건교육, 건강상담 관련 프로젝트 또는 현장 수행 경험
- 업무용 문서·보고서 작성 및 이력 관리 경험
- 유관 부서·외부 협력사와의 일정 조율 경험","- 지원서 또는 제출서류를 허위로 기재한 경우
- 채용 과정에서 요구한 증빙서류를 제출하지 못한 경우
- 채용검진 결과 직무 수행이 어렵다고 판단되는 경우
- 해외여행 및 근무에 결격사유가 있는 경우
- 관련 법령 또는 내부 인사규정상 채용이 불가능한 경우",서류전형 > 직무과제 > 실무면접 > 처우협의
2098,보건관리자 담당자 공개채용,68,210,20260316,20260410,5,신입·경력,계약직,충청남도,학력무관,"보건관리자 포지션은 근로자 건강관리와 사업장 보건 업무를 수행 역할입니다. 담당 업무의 목표와 우선순위를 명확히 설정하고, 일정과 품질 기준을 함께 관리합니다.

건강검진, 유해인자, 보건교육, 건강상담를 중심으로 실무를 수행하며, 요구사항과 결과물을 문서화해 업무 흐름이 누락되지 않도록 합니다.

기획·운영·현장 담당자 및 외부 협력 파트너와 수시로 협업합니다. 변경 사항은 영향 범위를 검토한 뒤 대안을 제시하고 합의된 방식으로 반영합니다.

문제 발생 시 사실관계와 원인을 먼저 확인하고, 재발 방지 방안을 업무 절차에 반영합니다. 입사 후에는 담당 영역의 실행력을 높이고, 정확성·일정 준수·이용자 관점의 완성도를 중요한 기준으로 삼습니다.","- 건강검진, 유해인자, 보건교육, 건강상담 관련 업무 계획 수립 및 실행
- 담당 과제의 일정·진행 현황 관리
- 업무 산출물 작성 및 검토 이력 관리
- 유관 부서 및 외부 협력 대상과 실무 조율
- 현장·시스템·자료에서 발생한 이슈 분석 및 조치
- 운영 기준과 체크리스트 개선
- 결과 데이터 또는 피드백을 반영한 품질 개선","- 신입·경력 조건에 맞는 관련 실무 경험 또는 역량 보유
- 건강검진, 유해인자, 보건교육, 건강상담에 필요한 도구·절차를 이해하고 실무 적용이 가능한 분
- 업무 내용을 정확히 기록하고 일정에 맞춰 결과물을 제출할 수 있는 분
- 유관 부서와 원활하게 소통하며 협업할 수 있는 분
- 근무지 출퇴근 및 직무 수행이 가능한 분","- 산업위생관리기사 보유자
- 간호사 면허 보유자
- 건강검진, 유해인자, 보건교육, 건강상담 관련 프로젝트 또는 현장 수행 경험
- 업무용 문서·보고서 작성 및 이력 관리 경험
- 유관 부서·외부 협력사와의 일정 조율 경험","- 지원서 또는 제출서류를 허위로 기재한 경우
- 채용 과정에서 요구한 증빙서류를 제출하지 못한 경우
- 채용검진 결과 직무 수행이 어렵다고 판단되는 경우
- 해외여행 및 근무에 결격사유가 있는 경우
- 관련 법령 또는 내부 인사규정상 채용이 불가능한 경우",서류전형 > 1차면접 > 2차면접 > 채용검진
2099,보건관리자 정규직 모집,82,210,20260421,20260519,7,경력 2년 이상,정규직,경상남도,학사 이상,"보건관리자 포지션은 근로자 건강관리와 사업장 보건 업무를 수행 역할입니다. 담당 업무의 목표와 우선순위를 명확히 설정하고, 일정과 품질 기준을 함께 관리합니다.

건강검진, 유해인자, 보건교육, 건강상담를 중심으로 실무를 수행하며, 요구사항과 결과물을 문서화해 업무 흐름이 누락되지 않도록 합니다.

기획·운영·현장 담당자 및 외부 협력 파트너와 수시로 협업합니다. 변경 사항은 영향 범위를 검토한 뒤 대안을 제시하고 합의된 방식으로 반영합니다.

문제 발생 시 사실관계와 원인을 먼저 확인하고, 재발 방지 방안을 업무 절차에 반영합니다. 입사 후에는 담당 영역의 실행력을 높이고, 정확성·일정 준수·이용자 관점의 완성도를 중요한 기준으로 삼습니다.","- 건강검진, 유해인자, 보건교육, 건강상담 관련 업무 계획 수립 및 실행
- 담당 과제의 일정·진행 현황 관리
- 업무 산출물 작성 및 검토 이력 관리
- 유관 부서 및 외부 협력 대상과 실무 조율
- 현장·시스템·자료에서 발생한 이슈 분석 및 조치
- 운영 기준과 체크리스트 개선
- 결과 데이터 또는 피드백을 반영한 품질 개선","- 경력 2년 이상 조건에 맞는 관련 실무 경험 또는 역량 보유
- 건강검진, 유해인자, 보건교육, 건강상담에 필요한 도구·절차를 이해하고 실무 적용이 가능한 분
- 업무 내용을 정확히 기록하고 일정에 맞춰 결과물을 제출할 수 있는 분
- 유관 부서와 원활하게 소통하며 협업할 수 있는 분
- 근무지 출퇴근 및 직무 수행이 가능한 분","- 산업위생관리기사 보유자
- 간호사 면허 보유자
- 건강검진, 유해인자, 보건교육, 건강상담 관련 프로젝트 또는 현장 수행 경험
- 업무용 문서·보고서 작성 및 이력 관리 경험
- 유관 부서·외부 협력사와의 일정 조율 경험","- 지원서 또는 제출서류를 허위로 기재한 경우
- 채용 과정에서 요구한 증빙서류를 제출하지 못한 경우
- 채용검진 결과 직무 수행이 어렵다고 판단되는 경우
- 해외여행 및 근무에 결격사유가 있는 경우
- 관련 법령 또는 내부 인사규정상 채용이 불가능한 경우",서류전형 > 실무면접 > 최종면접
2100,보건관리자 채용,146,210,20260501,20260601,9,경력,정규직,전북특별자치도,전문학사 이상,"보건관리자 포지션은 근로자 건강관리와 사업장 보건 업무를 수행 역할입니다. 담당 업무의 목표와 우선순위를 명확히 설정하고, 일정과 품질 기준을 함께 관리합니다.

건강검진, 유해인자, 보건교육, 건강상담를 중심으로 실무를 수행하며, 요구사항과 결과물을 문서화해 업무 흐름이 누락되지 않도록 합니다.

기획·운영·현장 담당자 및 외부 협력 파트너와 수시로 협업합니다. 변경 사항은 영향 범위를 검토한 뒤 대안을 제시하고 합의된 방식으로 반영합니다.

문제 발생 시 사실관계와 원인을 먼저 확인하고, 재발 방지 방안을 업무 절차에 반영합니다. 입사 후에는 담당 영역의 실행력을 높이고, 정확성·일정 준수·이용자 관점의 완성도를 중요한 기준으로 삼습니다.","- 건강검진, 유해인자, 보건교육, 건강상담 관련 업무 계획 수립 및 실행
- 담당 과제의 일정·진행 현황 관리
- 업무 산출물 작성 및 검토 이력 관리
- 유관 부서 및 외부 협력 대상과 실무 조율
- 현장·시스템·자료에서 발생한 이슈 분석 및 조치
- 운영 기준과 체크리스트 개선
- 결과 데이터 또는 피드백을 반영한 품질 개선","- 경력 조건에 맞는 관련 실무 경험 또는 역량 보유
- 건강검진, 유해인자, 보건교육, 건강상담에 필요한 도구·절차를 이해하고 실무 적용이 가능한 분
- 업무 내용을 정확히 기록하고 일정에 맞춰 결과물을 제출할 수 있는 분
- 유관 부서와 원활하게 소통하며 협업할 수 있는 분
- 근무지 출퇴근 및 직무 수행이 가능한 분","- 산업위생관리기사 보유자
- 간호사 면허 보유자
- 건강검진, 유해인자, 보건교육, 건강상담 관련 프로젝트 또는 현장 수행 경험
- 업무용 문서·보고서 작성 및 이력 관리 경험
- 유관 부서·외부 협력사와의 일정 조율 경험","- 지원서 또는 제출서류를 허위로 기재한 경우
- 채용 과정에서 요구한 증빙서류를 제출하지 못한 경우
- 채용검진 결과 직무 수행이 어렵다고 판단되는 경우
- 해외여행 및 근무에 결격사유가 있는 경우
- 관련 법령 또는 내부 인사규정상 채용이 불가능한 경우",서류전형 > 인성검사 > 실무면접 > 최종면접
2101,사서 담당자 모집,28,211,20260609,20260720,12,신입,정규직,서울특별시,학력무관,"사서 포지션은 자료의 수집·분류·대출과 이용자 서비스를 운영 역할입니다. 담당 업무의 목표와 우선순위를 명확히 설정하고, 일정과 품질 기준을 함께 관리합니다.

서지 DB, 도서관 시스템, 장서 점검, 독서 프로그램를 중심으로 실무를 수행하며, 요구사항과 결과물을 문서화해 업무 흐름이 누락되지 않도록 합니다.

기획·운영·현장 담당자 및 외부 협력 파트너와 수시로 협업합니다. 변경 사항은 영향 범위를 검토한 뒤 대안을 제시하고 합의된 방식으로 반영합니다.

문제 발생 시 사실관계와 원인을 먼저 확인하고, 재발 방지 방안을 업무 절차에 반영합니다. 입사 후에는 담당 영역의 실행력을 높이고, 정확성·일정 준수·이용자 관점의 완성도를 중요한 기준으로 삼습니다.","- 서지 DB, 도서관 시스템, 장서 점검, 독서 프로그램 관련 업무 계획 수립 및 실행
- 담당 과제의 일정·진행 현황 관리
- 업무 산출물 작성 및 검토 이력 관리
- 유관 부서 및 외부 협력 대상과 실무 조율
- 현장·시스템·자료에서 발생한 이슈 분석 및 조치
- 운영 기준과 체크리스트 개선
- 결과 데이터 또는 피드백을 반영한 품질 개선","- 신입 조건에 맞는 관련 실무 경험 또는 역량 보유
- 서지 DB, 도서관 시스템, 장서 점검, 독서 프로그램에 필요한 도구·절차를 이해하고 실무 적용이 가능한 분
- 업무 내용을 정확히 기록하고 일정에 맞춰 결과물을 제출할 수 있는 분
- 유관 부서와 원활하게 소통하며 협업할 수 있는 분
- 근무지 출퇴근 및 직무 수행이 가능한 분","- 정사서 1급 보유자
- 정사서 2급 보유자
- 서지 DB, 도서관 시스템, 장서 점검, 독서 프로그램 관련 프로젝트 또는 현장 수행 경험
- 업무용 문서·보고서 작성 및 이력 관리 경험
- 유관 부서·외부 협력사와의 일정 조율 경험","- 지원서 또는 제출서류를 허위로 기재한 경우
- 채용 과정에서 요구한 증빙서류를 제출하지 못한 경우
- 채용검진 결과 직무 수행이 어렵다고 판단되는 경우
- 해외여행 및 근무에 결격사유가 있는 경우
- 관련 법령 또는 내부 인사규정상 채용이 불가능한 경우",서류전형 > 실무면접 > 최종면접
2102,사서 실무자 채용,40,211,20260714,20260827,14,경력,계약직,경기도,전문학사 이상,"사서 포지션은 자료의 수집·분류·대출과 이용자 서비스를 운영 역할입니다. 담당 업무의 목표와 우선순위를 명확히 설정하고, 일정과 품질 기준을 함께 관리합니다.

서지 DB, 도서관 시스템, 장서 점검, 독서 프로그램를 중심으로 실무를 수행하며, 요구사항과 결과물을 문서화해 업무 흐름이 누락되지 않도록 합니다.

기획·운영·현장 담당자 및 외부 협력 파트너와 수시로 협업합니다. 변경 사항은 영향 범위를 검토한 뒤 대안을 제시하고 합의된 방식으로 반영합니다.

문제 발생 시 사실관계와 원인을 먼저 확인하고, 재발 방지 방안을 업무 절차에 반영합니다. 입사 후에는 담당 영역의 실행력을 높이고, 정확성·일정 준수·이용자 관점의 완성도를 중요한 기준으로 삼습니다.","- 서지 DB, 도서관 시스템, 장서 점검, 독서 프로그램 관련 업무 계획 수립 및 실행
- 담당 과제의 일정·진행 현황 관리
- 업무 산출물 작성 및 검토 이력 관리
- 유관 부서 및 외부 협력 대상과 실무 조율
- 현장·시스템·자료에서 발생한 이슈 분석 및 조치
- 운영 기준과 체크리스트 개선
- 결과 데이터 또는 피드백을 반영한 품질 개선","- 경력 조건에 맞는 관련 실무 경험 또는 역량 보유
- 서지 DB, 도서관 시스템, 장서 점검, 독서 프로그램에 필요한 도구·절차를 이해하고 실무 적용이 가능한 분
- 업무 내용을 정확히 기록하고 일정에 맞춰 결과물을 제출할 수 있는 분
- 유관 부서와 원활하게 소통하며 협업할 수 있는 분
- 근무지 출퇴근 및 직무 수행이 가능한 분","- 정사서 1급 보유자
- 정사서 2급 보유자
- 서지 DB, 도서관 시스템, 장서 점검, 독서 프로그램 관련 프로젝트 또는 현장 수행 경험
- 업무용 문서·보고서 작성 및 이력 관리 경험
- 유관 부서·외부 협력사와의 일정 조율 경험","- 지원서 또는 제출서류를 허위로 기재한 경우
- 채용 과정에서 요구한 증빙서류를 제출하지 못한 경우
- 채용검진 결과 직무 수행이 어렵다고 판단되는 경우
- 해외여행 및 근무에 결격사유가 있는 경우
- 관련 법령 또는 내부 인사규정상 채용이 불가능한 경우",서류전형 > 인성검사 > 실무면접 > 최종면접
2103,사서 전문인력 채용,63,211,20260819,20260830,16,신입·경력,정규직,인천광역시,학사 이상,"사서 포지션은 자료의 수집·분류·대출과 이용자 서비스를 운영 역할입니다. 담당 업무의 목표와 우선순위를 명확히 설정하고, 일정과 품질 기준을 함께 관리합니다.

서지 DB, 도서관 시스템, 장서 점검, 독서 프로그램를 중심으로 실무를 수행하며, 요구사항과 결과물을 문서화해 업무 흐름이 누락되지 않도록 합니다.

기획·운영·현장 담당자 및 외부 협력 파트너와 수시로 협업합니다. 변경 사항은 영향 범위를 검토한 뒤 대안을 제시하고 합의된 방식으로 반영합니다.

문제 발생 시 사실관계와 원인을 먼저 확인하고, 재발 방지 방안을 업무 절차에 반영합니다. 입사 후에는 담당 영역의 실행력을 높이고, 정확성·일정 준수·이용자 관점의 완성도를 중요한 기준으로 삼습니다.","- 서지 DB, 도서관 시스템, 장서 점검, 독서 프로그램 관련 업무 계획 수립 및 실행
- 담당 과제의 일정·진행 현황 관리
- 업무 산출물 작성 및 검토 이력 관리
- 유관 부서 및 외부 협력 대상과 실무 조율
- 현장·시스템·자료에서 발생한 이슈 분석 및 조치
- 운영 기준과 체크리스트 개선
- 결과 데이터 또는 피드백을 반영한 품질 개선","- 신입·경력 조건에 맞는 관련 실무 경험 또는 역량 보유
- 서지 DB, 도서관 시스템, 장서 점검, 독서 프로그램에 필요한 도구·절차를 이해하고 실무 적용이 가능한 분
- 업무 내용을 정확히 기록하고 일정에 맞춰 결과물을 제출할 수 있는 분
- 유관 부서와 원활하게 소통하며 협업할 수 있는 분
- 근무지 출퇴근 및 직무 수행이 가능한 분","- 정사서 1급 보유자
- 정사서 2급 보유자
- 서지 DB, 도서관 시스템, 장서 점검, 독서 프로그램 관련 프로젝트 또는 현장 수행 경험
- 업무용 문서·보고서 작성 및 이력 관리 경험
- 유관 부서·외부 협력사와의 일정 조율 경험","- 지원서 또는 제출서류를 허위로 기재한 경우
- 채용 과정에서 요구한 증빙서류를 제출하지 못한 경우
- 채용검진 결과 직무 수행이 어렵다고 판단되는 경우
- 해외여행 및 근무에 결격사유가 있는 경우
- 관련 법령 또는 내부 인사규정상 채용이 불가능한 경우",서류전형 > 직무과제 > 실무면접 > 처우협의
2104,사서 운영 담당 채용,157,211,20260924,20261008,18,경력 2년 이상,정규직,대전광역시,학사 이상,"사서 포지션은 자료의 수집·분류·대출과 이용자 서비스를 운영 역할입니다. 담당 업무의 목표와 우선순위를 명확히 설정하고, 일정과 품질 기준을 함께 관리합니다.

서지 DB, 도서관 시스템, 장서 점검, 독서 프로그램를 중심으로 실무를 수행하며, 요구사항과 결과물을 문서화해 업무 흐름이 누락되지 않도록 합니다.

기획·운영·현장 담당자 및 외부 협력 파트너와 수시로 협업합니다. 변경 사항은 영향 범위를 검토한 뒤 대안을 제시하고 합의된 방식으로 반영합니다.

문제 발생 시 사실관계와 원인을 먼저 확인하고, 재발 방지 방안을 업무 절차에 반영합니다. 입사 후에는 담당 영역의 실행력을 높이고, 정확성·일정 준수·이용자 관점의 완성도를 중요한 기준으로 삼습니다.","- 서지 DB, 도서관 시스템, 장서 점검, 독서 프로그램 관련 업무 계획 수립 및 실행
- 담당 과제의 일정·진행 현황 관리
- 업무 산출물 작성 및 검토 이력 관리
- 유관 부서 및 외부 협력 대상과 실무 조율
- 현장·시스템·자료에서 발생한 이슈 분석 및 조치
- 운영 기준과 체크리스트 개선
- 결과 데이터 또는 피드백을 반영한 품질 개선","- 경력 2년 이상 조건에 맞는 관련 실무 경험 또는 역량 보유
- 서지 DB, 도서관 시스템, 장서 점검, 독서 프로그램에 필요한 도구·절차를 이해하고 실무 적용이 가능한 분
- 업무 내용을 정확히 기록하고 일정에 맞춰 결과물을 제출할 수 있는 분
- 유관 부서와 원활하게 소통하며 협업할 수 있는 분
- 근무지 출퇴근 및 직무 수행이 가능한 분","- 정사서 1급 보유자
- 정사서 2급 보유자
- 서지 DB, 도서관 시스템, 장서 점검, 독서 프로그램 관련 프로젝트 또는 현장 수행 경험
- 업무용 문서·보고서 작성 및 이력 관리 경험
- 유관 부서·외부 협력사와의 일정 조율 경험","- 지원서 또는 제출서류를 허위로 기재한 경우
- 채용 과정에서 요구한 증빙서류를 제출하지 못한 경우
- 채용검진 결과 직무 수행이 어렵다고 판단되는 경우
- 해외여행 및 근무에 결격사유가 있는 경우
- 관련 법령 또는 내부 인사규정상 채용이 불가능한 경우",서류전형 > 1차면접 > 2차면접 > 채용검진
2105,사서 프로젝트 인재 모집,95,211,20261004,20261021,20,경력 3년 이상,무기계약직,부산광역시,학력무관,"사서 포지션은 자료의 수집·분류·대출과 이용자 서비스를 운영 역할입니다. 담당 업무의 목표와 우선순위를 명확히 설정하고, 일정과 품질 기준을 함께 관리합니다.

서지 DB, 도서관 시스템, 장서 점검, 독서 프로그램를 중심으로 실무를 수행하며, 요구사항과 결과물을 문서화해 업무 흐름이 누락되지 않도록 합니다.

기획·운영·현장 담당자 및 외부 협력 파트너와 수시로 협업합니다. 변경 사항은 영향 범위를 검토한 뒤 대안을 제시하고 합의된 방식으로 반영합니다.

문제 발생 시 사실관계와 원인을 먼저 확인하고, 재발 방지 방안을 업무 절차에 반영합니다. 입사 후에는 담당 영역의 실행력을 높이고, 정확성·일정 준수·이용자 관점의 완성도를 중요한 기준으로 삼습니다.","- 서지 DB, 도서관 시스템, 장서 점검, 독서 프로그램 관련 업무 계획 수립 및 실행
- 담당 과제의 일정·진행 현황 관리
- 업무 산출물 작성 및 검토 이력 관리
- 유관 부서 및 외부 협력 대상과 실무 조율
- 현장·시스템·자료에서 발생한 이슈 분석 및 조치
- 운영 기준과 체크리스트 개선
- 결과 데이터 또는 피드백을 반영한 품질 개선","- 경력 3년 이상 조건에 맞는 관련 실무 경험 또는 역량 보유
- 서지 DB, 도서관 시스템, 장서 점검, 독서 프로그램에 필요한 도구·절차를 이해하고 실무 적용이 가능한 분
- 업무 내용을 정확히 기록하고 일정에 맞춰 결과물을 제출할 수 있는 분
- 유관 부서와 원활하게 소통하며 협업할 수 있는 분
- 근무지 출퇴근 및 직무 수행이 가능한 분","- 정사서 1급 보유자
- 정사서 2급 보유자
- 서지 DB, 도서관 시스템, 장서 점검, 독서 프로그램 관련 프로젝트 또는 현장 수행 경험
- 업무용 문서·보고서 작성 및 이력 관리 경험
- 유관 부서·외부 협력사와의 일정 조율 경험","- 지원서 또는 제출서류를 허위로 기재한 경우
- 채용 과정에서 요구한 증빙서류를 제출하지 못한 경우
- 채용검진 결과 직무 수행이 어렵다고 판단되는 경우
- 해외여행 및 근무에 결격사유가 있는 경우
- 관련 법령 또는 내부 인사규정상 채용이 불가능한 경우",서류전형 > 실무면접 > 최종면접
2106,사서 전담 인력 채용,102,211,20260209,20260301,2,경력 무관,기간제,광주광역시,전문학사 이상,"사서 포지션은 자료의 수집·분류·대출과 이용자 서비스를 운영 역할입니다. 담당 업무의 목표와 우선순위를 명확히 설정하고, 일정과 품질 기준을 함께 관리합니다.

서지 DB, 도서관 시스템, 장서 점검, 독서 프로그램를 중심으로 실무를 수행하며, 요구사항과 결과물을 문서화해 업무 흐름이 누락되지 않도록 합니다.

기획·운영·현장 담당자 및 외부 협력 파트너와 수시로 협업합니다. 변경 사항은 영향 범위를 검토한 뒤 대안을 제시하고 합의된 방식으로 반영합니다.

문제 발생 시 사실관계와 원인을 먼저 확인하고, 재발 방지 방안을 업무 절차에 반영합니다. 입사 후에는 담당 영역의 실행력을 높이고, 정확성·일정 준수·이용자 관점의 완성도를 중요한 기준으로 삼습니다.","- 서지 DB, 도서관 시스템, 장서 점검, 독서 프로그램 관련 업무 계획 수립 및 실행
- 담당 과제의 일정·진행 현황 관리
- 업무 산출물 작성 및 검토 이력 관리
- 유관 부서 및 외부 협력 대상과 실무 조율
- 현장·시스템·자료에서 발생한 이슈 분석 및 조치
- 운영 기준과 체크리스트 개선
- 결과 데이터 또는 피드백을 반영한 품질 개선","- 경력 무관 조건에 맞는 관련 실무 경험 또는 역량 보유
- 서지 DB, 도서관 시스템, 장서 점검, 독서 프로그램에 필요한 도구·절차를 이해하고 실무 적용이 가능한 분
- 업무 내용을 정확히 기록하고 일정에 맞춰 결과물을 제출할 수 있는 분
- 유관 부서와 원활하게 소통하며 협업할 수 있는 분
- 근무지 출퇴근 및 직무 수행이 가능한 분","- 정사서 1급 보유자
- 정사서 2급 보유자
- 서지 DB, 도서관 시스템, 장서 점검, 독서 프로그램 관련 프로젝트 또는 현장 수행 경험
- 업무용 문서·보고서 작성 및 이력 관리 경험
- 유관 부서·외부 협력사와의 일정 조율 경험","- 지원서 또는 제출서류를 허위로 기재한 경우
- 채용 과정에서 요구한 증빙서류를 제출하지 못한 경우
- 채용검진 결과 직무 수행이 어렵다고 판단되는 경우
- 해외여행 및 근무에 결격사유가 있는 경우
- 관련 법령 또는 내부 인사규정상 채용이 불가능한 경우",서류전형 > 인성검사 > 실무면접 > 최종면접
2107,사서 실무 인재 모집,56,211,20260314,20260406,4,경력 5년 이상,정규직,세종특별자치시,학사 이상,"사서 포지션은 자료의 수집·분류·대출과 이용자 서비스를 운영 역할입니다. 담당 업무의 목표와 우선순위를 명확히 설정하고, 일정과 품질 기준을 함께 관리합니다.

서지 DB, 도서관 시스템, 장서 점검, 독서 프로그램를 중심으로 실무를 수행하며, 요구사항과 결과물을 문서화해 업무 흐름이 누락되지 않도록 합니다.

기획·운영·현장 담당자 및 외부 협력 파트너와 수시로 협업합니다. 변경 사항은 영향 범위를 검토한 뒤 대안을 제시하고 합의된 방식으로 반영합니다.

문제 발생 시 사실관계와 원인을 먼저 확인하고, 재발 방지 방안을 업무 절차에 반영합니다. 입사 후에는 담당 영역의 실행력을 높이고, 정확성·일정 준수·이용자 관점의 완성도를 중요한 기준으로 삼습니다.","- 서지 DB, 도서관 시스템, 장서 점검, 독서 프로그램 관련 업무 계획 수립 및 실행
- 담당 과제의 일정·진행 현황 관리
- 업무 산출물 작성 및 검토 이력 관리
- 유관 부서 및 외부 협력 대상과 실무 조율
- 현장·시스템·자료에서 발생한 이슈 분석 및 조치
- 운영 기준과 체크리스트 개선
- 결과 데이터 또는 피드백을 반영한 품질 개선","- 경력 5년 이상 조건에 맞는 관련 실무 경험 또는 역량 보유
- 서지 DB, 도서관 시스템, 장서 점검, 독서 프로그램에 필요한 도구·절차를 이해하고 실무 적용이 가능한 분
- 업무 내용을 정확히 기록하고 일정에 맞춰 결과물을 제출할 수 있는 분
- 유관 부서와 원활하게 소통하며 협업할 수 있는 분
- 근무지 출퇴근 및 직무 수행이 가능한 분","- 정사서 1급 보유자
- 정사서 2급 보유자
- 서지 DB, 도서관 시스템, 장서 점검, 독서 프로그램 관련 프로젝트 또는 현장 수행 경험
- 업무용 문서·보고서 작성 및 이력 관리 경험
- 유관 부서·외부 협력사와의 일정 조율 경험","- 지원서 또는 제출서류를 허위로 기재한 경우
- 채용 과정에서 요구한 증빙서류를 제출하지 못한 경우
- 채용검진 결과 직무 수행이 어렵다고 판단되는 경우
- 해외여행 및 근무에 결격사유가 있는 경우
- 관련 법령 또는 내부 인사규정상 채용이 불가능한 경우",서류전형 > 직무과제 > 실무면접 > 처우협의
2108,사서 담당자 공개채용,61,211,20260419,20260515,6,신입·경력,계약직,충청남도,학력무관,"사서 포지션은 자료의 수집·분류·대출과 이용자 서비스를 운영 역할입니다. 담당 업무의 목표와 우선순위를 명확히 설정하고, 일정과 품질 기준을 함께 관리합니다.

서지 DB, 도서관 시스템, 장서 점검, 독서 프로그램를 중심으로 실무를 수행하며, 요구사항과 결과물을 문서화해 업무 흐름이 누락되지 않도록 합니다.

기획·운영·현장 담당자 및 외부 협력 파트너와 수시로 협업합니다. 변경 사항은 영향 범위를 검토한 뒤 대안을 제시하고 합의된 방식으로 반영합니다.

문제 발생 시 사실관계와 원인을 먼저 확인하고, 재발 방지 방안을 업무 절차에 반영합니다. 입사 후에는 담당 영역의 실행력을 높이고, 정확성·일정 준수·이용자 관점의 완성도를 중요한 기준으로 삼습니다.","- 서지 DB, 도서관 시스템, 장서 점검, 독서 프로그램 관련 업무 계획 수립 및 실행
- 담당 과제의 일정·진행 현황 관리
- 업무 산출물 작성 및 검토 이력 관리
- 유관 부서 및 외부 협력 대상과 실무 조율
- 현장·시스템·자료에서 발생한 이슈 분석 및 조치
- 운영 기준과 체크리스트 개선
- 결과 데이터 또는 피드백을 반영한 품질 개선","- 신입·경력 조건에 맞는 관련 실무 경험 또는 역량 보유
- 서지 DB, 도서관 시스템, 장서 점검, 독서 프로그램에 필요한 도구·절차를 이해하고 실무 적용이 가능한 분
- 업무 내용을 정확히 기록하고 일정에 맞춰 결과물을 제출할 수 있는 분
- 유관 부서와 원활하게 소통하며 협업할 수 있는 분
- 근무지 출퇴근 및 직무 수행이 가능한 분","- 정사서 1급 보유자
- 정사서 2급 보유자
- 서지 DB, 도서관 시스템, 장서 점검, 독서 프로그램 관련 프로젝트 또는 현장 수행 경험
- 업무용 문서·보고서 작성 및 이력 관리 경험
- 유관 부서·외부 협력사와의 일정 조율 경험","- 지원서 또는 제출서류를 허위로 기재한 경우
- 채용 과정에서 요구한 증빙서류를 제출하지 못한 경우
- 채용검진 결과 직무 수행이 어렵다고 판단되는 경우
- 해외여행 및 근무에 결격사유가 있는 경우
- 관련 법령 또는 내부 인사규정상 채용이 불가능한 경우",서류전형 > 1차면접 > 2차면접 > 채용검진
2109,사서 정규직 모집,145,211,20260524,20260622,8,경력 2년 이상,정규직,경상남도,학사 이상,"사서 포지션은 자료의 수집·분류·대출과 이용자 서비스를 운영 역할입니다. 담당 업무의 목표와 우선순위를 명확히 설정하고, 일정과 품질 기준을 함께 관리합니다.

서지 DB, 도서관 시스템, 장서 점검, 독서 프로그램를 중심으로 실무를 수행하며, 요구사항과 결과물을 문서화해 업무 흐름이 누락되지 않도록 합니다.

기획·운영·현장 담당자 및 외부 협력 파트너와 수시로 협업합니다. 변경 사항은 영향 범위를 검토한 뒤 대안을 제시하고 합의된 방식으로 반영합니다.

문제 발생 시 사실관계와 원인을 먼저 확인하고, 재발 방지 방안을 업무 절차에 반영합니다. 입사 후에는 담당 영역의 실행력을 높이고, 정확성·일정 준수·이용자 관점의 완성도를 중요한 기준으로 삼습니다.","- 서지 DB, 도서관 시스템, 장서 점검, 독서 프로그램 관련 업무 계획 수립 및 실행
- 담당 과제의 일정·진행 현황 관리
- 업무 산출물 작성 및 검토 이력 관리
- 유관 부서 및 외부 협력 대상과 실무 조율
- 현장·시스템·자료에서 발생한 이슈 분석 및 조치
- 운영 기준과 체크리스트 개선
- 결과 데이터 또는 피드백을 반영한 품질 개선","- 경력 2년 이상 조건에 맞는 관련 실무 경험 또는 역량 보유
- 서지 DB, 도서관 시스템, 장서 점검, 독서 프로그램에 필요한 도구·절차를 이해하고 실무 적용이 가능한 분
- 업무 내용을 정확히 기록하고 일정에 맞춰 결과물을 제출할 수 있는 분
- 유관 부서와 원활하게 소통하며 협업할 수 있는 분
- 근무지 출퇴근 및 직무 수행이 가능한 분","- 정사서 1급 보유자
- 정사서 2급 보유자
- 서지 DB, 도서관 시스템, 장서 점검, 독서 프로그램 관련 프로젝트 또는 현장 수행 경험
- 업무용 문서·보고서 작성 및 이력 관리 경험
- 유관 부서·외부 협력사와의 일정 조율 경험","- 지원서 또는 제출서류를 허위로 기재한 경우
- 채용 과정에서 요구한 증빙서류를 제출하지 못한 경우
- 채용검진 결과 직무 수행이 어렵다고 판단되는 경우
- 해외여행 및 근무에 결격사유가 있는 경우
- 관련 법령 또는 내부 인사규정상 채용이 불가능한 경우",서류전형 > 실무면접 > 최종면접
2110,사서 채용,4,211,20260604,20260706,10,경력,정규직,전북특별자치도,전문학사 이상,"사서 포지션은 자료의 수집·분류·대출과 이용자 서비스를 운영 역할입니다. 담당 업무의 목표와 우선순위를 명확히 설정하고, 일정과 품질 기준을 함께 관리합니다.

서지 DB, 도서관 시스템, 장서 점검, 독서 프로그램를 중심으로 실무를 수행하며, 요구사항과 결과물을 문서화해 업무 흐름이 누락되지 않도록 합니다.

기획·운영·현장 담당자 및 외부 협력 파트너와 수시로 협업합니다. 변경 사항은 영향 범위를 검토한 뒤 대안을 제시하고 합의된 방식으로 반영합니다.

문제 발생 시 사실관계와 원인을 먼저 확인하고, 재발 방지 방안을 업무 절차에 반영합니다. 입사 후에는 담당 영역의 실행력을 높이고, 정확성·일정 준수·이용자 관점의 완성도를 중요한 기준으로 삼습니다.","- 서지 DB, 도서관 시스템, 장서 점검, 독서 프로그램 관련 업무 계획 수립 및 실행
- 담당 과제의 일정·진행 현황 관리
- 업무 산출물 작성 및 검토 이력 관리
- 유관 부서 및 외부 협력 대상과 실무 조율
- 현장·시스템·자료에서 발생한 이슈 분석 및 조치
- 운영 기준과 체크리스트 개선
- 결과 데이터 또는 피드백을 반영한 품질 개선","- 경력 조건에 맞는 관련 실무 경험 또는 역량 보유
- 서지 DB, 도서관 시스템, 장서 점검, 독서 프로그램에 필요한 도구·절차를 이해하고 실무 적용이 가능한 분
- 업무 내용을 정확히 기록하고 일정에 맞춰 결과물을 제출할 수 있는 분
- 유관 부서와 원활하게 소통하며 협업할 수 있는 분
- 근무지 출퇴근 및 직무 수행이 가능한 분","- 정사서 1급 보유자
- 정사서 2급 보유자
- 서지 DB, 도서관 시스템, 장서 점검, 독서 프로그램 관련 프로젝트 또는 현장 수행 경험
- 업무용 문서·보고서 작성 및 이력 관리 경험
- 유관 부서·외부 협력사와의 일정 조율 경험","- 지원서 또는 제출서류를 허위로 기재한 경우
- 채용 과정에서 요구한 증빙서류를 제출하지 못한 경우
- 채용검진 결과 직무 수행이 어렵다고 판단되는 경우
- 해외여행 및 근무에 결격사유가 있는 경우
- 관련 법령 또는 내부 인사규정상 채용이 불가능한 경우",서류전형 > 인성검사 > 실무면접 > 최종면접
2111,자원봉사자 담당자 모집,150,212,20260712,20260823,13,신입,정규직,서울특별시,학력무관,"자원봉사자 포지션은 자원봉사 프로그램의 현장 운영과 참여자 지원 역할입니다. 담당 업무의 목표와 우선순위를 명확히 설정하고, 일정과 품질 기준을 함께 관리합니다.

활동 안내, 출결, 안전 지원, 결과 기록를 중심으로 실무를 수행하며, 요구사항과 결과물을 문서화해 업무 흐름이 누락되지 않도록 합니다.

기획·운영·현장 담당자 및 외부 협력 파트너와 수시로 협업합니다. 변경 사항은 영향 범위를 검토한 뒤 대안을 제시하고 합의된 방식으로 반영합니다.

문제 발생 시 사실관계와 원인을 먼저 확인하고, 재발 방지 방안을 업무 절차에 반영합니다. 입사 후에는 담당 영역의 실행력을 높이고, 정확성·일정 준수·이용자 관점의 완성도를 중요한 기준으로 삼습니다.","- 활동 안내, 출결, 안전 지원, 결과 기록 관련 업무 계획 수립 및 실행
- 담당 과제의 일정·진행 현황 관리
- 업무 산출물 작성 및 검토 이력 관리
- 유관 부서 및 외부 협력 대상과 실무 조율
- 현장·시스템·자료에서 발생한 이슈 분석 및 조치
- 운영 기준과 체크리스트 개선
- 결과 데이터 또는 피드백을 반영한 품질 개선","- 신입 조건에 맞는 관련 실무 경험 또는 역량 보유
- 활동 안내, 출결, 안전 지원, 결과 기록에 필요한 도구·절차를 이해하고 실무 적용이 가능한 분
- 업무 내용을 정확히 기록하고 일정에 맞춰 결과물을 제출할 수 있는 분
- 유관 부서와 원활하게 소통하며 협업할 수 있는 분
- 근무지 출퇴근 및 직무 수행이 가능한 분","- 사회복지사 2급 보유자
- 자원봉사관리사 보유자
- 활동 안내, 출결, 안전 지원, 결과 기록 관련 프로젝트 또는 현장 수행 경험
- 업무용 문서·보고서 작성 및 이력 관리 경험
- 유관 부서·외부 협력사와의 일정 조율 경험","- 지원서 또는 제출서류를 허위로 기재한 경우
- 채용 과정에서 요구한 증빙서류를 제출하지 못한 경우
- 채용검진 결과 직무 수행이 어렵다고 판단되는 경우
- 해외여행 및 근무에 결격사유가 있는 경우
- 관련 법령 또는 내부 인사규정상 채용이 불가능한 경우",서류전형 > 실무면접 > 최종면접
2112,자원봉사자 실무자 채용,20,212,20260817,20261001,15,경력,계약직,경기도,전문학사 이상,"자원봉사자 포지션은 자원봉사 프로그램의 현장 운영과 참여자 지원 역할입니다. 담당 업무의 목표와 우선순위를 명확히 설정하고, 일정과 품질 기준을 함께 관리합니다.

활동 안내, 출결, 안전 지원, 결과 기록를 중심으로 실무를 수행하며, 요구사항과 결과물을 문서화해 업무 흐름이 누락되지 않도록 합니다.

기획·운영·현장 담당자 및 외부 협력 파트너와 수시로 협업합니다. 변경 사항은 영향 범위를 검토한 뒤 대안을 제시하고 합의된 방식으로 반영합니다.

문제 발생 시 사실관계와 원인을 먼저 확인하고, 재발 방지 방안을 업무 절차에 반영합니다. 입사 후에는 담당 영역의 실행력을 높이고, 정확성·일정 준수·이용자 관점의 완성도를 중요한 기준으로 삼습니다.","- 활동 안내, 출결, 안전 지원, 결과 기록 관련 업무 계획 수립 및 실행
- 담당 과제의 일정·진행 현황 관리
- 업무 산출물 작성 및 검토 이력 관리
- 유관 부서 및 외부 협력 대상과 실무 조율
- 현장·시스템·자료에서 발생한 이슈 분석 및 조치
- 운영 기준과 체크리스트 개선
- 결과 데이터 또는 피드백을 반영한 품질 개선","- 경력 조건에 맞는 관련 실무 경험 또는 역량 보유
- 활동 안내, 출결, 안전 지원, 결과 기록에 필요한 도구·절차를 이해하고 실무 적용이 가능한 분
- 업무 내용을 정확히 기록하고 일정에 맞춰 결과물을 제출할 수 있는 분
- 유관 부서와 원활하게 소통하며 협업할 수 있는 분
- 근무지 출퇴근 및 직무 수행이 가능한 분","- 사회복지사 2급 보유자
- 자원봉사관리사 보유자
- 활동 안내, 출결, 안전 지원, 결과 기록 관련 프로젝트 또는 현장 수행 경험
- 업무용 문서·보고서 작성 및 이력 관리 경험
- 유관 부서·외부 협력사와의 일정 조율 경험","- 지원서 또는 제출서류를 허위로 기재한 경우
- 채용 과정에서 요구한 증빙서류를 제출하지 못한 경우
- 채용검진 결과 직무 수행이 어렵다고 판단되는 경우
- 해외여행 및 근무에 결격사유가 있는 경우
- 관련 법령 또는 내부 인사규정상 채용이 불가능한 경우",서류전형 > 인성검사 > 실무면접 > 최종면접
2113,자원봉사자 전문인력 채용,151,212,20260922,20261004,17,신입·경력,정규직,인천광역시,학사 이상,"자원봉사자 포지션은 자원봉사 프로그램의 현장 운영과 참여자 지원 역할입니다. 담당 업무의 목표와 우선순위를 명확히 설정하고, 일정과 품질 기준을 함께 관리합니다.

활동 안내, 출결, 안전 지원, 결과 기록를 중심으로 실무를 수행하며, 요구사항과 결과물을 문서화해 업무 흐름이 누락되지 않도록 합니다.

기획·운영·현장 담당자 및 외부 협력 파트너와 수시로 협업합니다. 변경 사항은 영향 범위를 검토한 뒤 대안을 제시하고 합의된 방식으로 반영합니다.

문제 발생 시 사실관계와 원인을 먼저 확인하고, 재발 방지 방안을 업무 절차에 반영합니다. 입사 후에는 담당 영역의 실행력을 높이고, 정확성·일정 준수·이용자 관점의 완성도를 중요한 기준으로 삼습니다.","- 활동 안내, 출결, 안전 지원, 결과 기록 관련 업무 계획 수립 및 실행
- 담당 과제의 일정·진행 현황 관리
- 업무 산출물 작성 및 검토 이력 관리
- 유관 부서 및 외부 협력 대상과 실무 조율
- 현장·시스템·자료에서 발생한 이슈 분석 및 조치
- 운영 기준과 체크리스트 개선
- 결과 데이터 또는 피드백을 반영한 품질 개선","- 신입·경력 조건에 맞는 관련 실무 경험 또는 역량 보유
- 활동 안내, 출결, 안전 지원, 결과 기록에 필요한 도구·절차를 이해하고 실무 적용이 가능한 분
- 업무 내용을 정확히 기록하고 일정에 맞춰 결과물을 제출할 수 있는 분
- 유관 부서와 원활하게 소통하며 협업할 수 있는 분
- 근무지 출퇴근 및 직무 수행이 가능한 분","- 사회복지사 2급 보유자
- 자원봉사관리사 보유자
- 활동 안내, 출결, 안전 지원, 결과 기록 관련 프로젝트 또는 현장 수행 경험
- 업무용 문서·보고서 작성 및 이력 관리 경험
- 유관 부서·외부 협력사와의 일정 조율 경험","- 지원서 또는 제출서류를 허위로 기재한 경우
- 채용 과정에서 요구한 증빙서류를 제출하지 못한 경우
- 채용검진 결과 직무 수행이 어렵다고 판단되는 경우
- 해외여행 및 근무에 결격사유가 있는 경우
- 관련 법령 또는 내부 인사규정상 채용이 불가능한 경우",서류전형 > 직무과제 > 실무면접 > 처우협의
2114,자원봉사자 운영 담당 채용,127,212,20261002,20261017,19,경력 2년 이상,정규직,대전광역시,학사 이상,"자원봉사자 포지션은 자원봉사 프로그램의 현장 운영과 참여자 지원 역할입니다. 담당 업무의 목표와 우선순위를 명확히 설정하고, 일정과 품질 기준을 함께 관리합니다.

활동 안내, 출결, 안전 지원, 결과 기록를 중심으로 실무를 수행하며, 요구사항과 결과물을 문서화해 업무 흐름이 누락되지 않도록 합니다.

기획·운영·현장 담당자 및 외부 협력 파트너와 수시로 협업합니다. 변경 사항은 영향 범위를 검토한 뒤 대안을 제시하고 합의된 방식으로 반영합니다.

문제 발생 시 사실관계와 원인을 먼저 확인하고, 재발 방지 방안을 업무 절차에 반영합니다. 입사 후에는 담당 영역의 실행력을 높이고, 정확성·일정 준수·이용자 관점의 완성도를 중요한 기준으로 삼습니다.","- 활동 안내, 출결, 안전 지원, 결과 기록 관련 업무 계획 수립 및 실행
- 담당 과제의 일정·진행 현황 관리
- 업무 산출물 작성 및 검토 이력 관리
- 유관 부서 및 외부 협력 대상과 실무 조율
- 현장·시스템·자료에서 발생한 이슈 분석 및 조치
- 운영 기준과 체크리스트 개선
- 결과 데이터 또는 피드백을 반영한 품질 개선","- 경력 2년 이상 조건에 맞는 관련 실무 경험 또는 역량 보유
- 활동 안내, 출결, 안전 지원, 결과 기록에 필요한 도구·절차를 이해하고 실무 적용이 가능한 분
- 업무 내용을 정확히 기록하고 일정에 맞춰 결과물을 제출할 수 있는 분
- 유관 부서와 원활하게 소통하며 협업할 수 있는 분
- 근무지 출퇴근 및 직무 수행이 가능한 분","- 사회복지사 2급 보유자
- 자원봉사관리사 보유자
- 활동 안내, 출결, 안전 지원, 결과 기록 관련 프로젝트 또는 현장 수행 경험
- 업무용 문서·보고서 작성 및 이력 관리 경험
- 유관 부서·외부 협력사와의 일정 조율 경험","- 지원서 또는 제출서류를 허위로 기재한 경우
- 채용 과정에서 요구한 증빙서류를 제출하지 못한 경우
- 채용검진 결과 직무 수행이 어렵다고 판단되는 경우
- 해외여행 및 근무에 결격사유가 있는 경우
- 관련 법령 또는 내부 인사규정상 채용이 불가능한 경우",서류전형 > 1차면접 > 2차면접 > 채용검진
2115,자원봉사자 프로젝트 인재 모집,30,212,20260207,20260225,1,경력 3년 이상,무기계약직,부산광역시,학력무관,"자원봉사자 포지션은 자원봉사 프로그램의 현장 운영과 참여자 지원 역할입니다. 담당 업무의 목표와 우선순위를 명확히 설정하고, 일정과 품질 기준을 함께 관리합니다.

활동 안내, 출결, 안전 지원, 결과 기록를 중심으로 실무를 수행하며, 요구사항과 결과물을 문서화해 업무 흐름이 누락되지 않도록 합니다.

기획·운영·현장 담당자 및 외부 협력 파트너와 수시로 협업합니다. 변경 사항은 영향 범위를 검토한 뒤 대안을 제시하고 합의된 방식으로 반영합니다.

문제 발생 시 사실관계와 원인을 먼저 확인하고, 재발 방지 방안을 업무 절차에 반영합니다. 입사 후에는 담당 영역의 실행력을 높이고, 정확성·일정 준수·이용자 관점의 완성도를 중요한 기준으로 삼습니다.","- 활동 안내, 출결, 안전 지원, 결과 기록 관련 업무 계획 수립 및 실행
- 담당 과제의 일정·진행 현황 관리
- 업무 산출물 작성 및 검토 이력 관리
- 유관 부서 및 외부 협력 대상과 실무 조율
- 현장·시스템·자료에서 발생한 이슈 분석 및 조치
- 운영 기준과 체크리스트 개선
- 결과 데이터 또는 피드백을 반영한 품질 개선","- 경력 3년 이상 조건에 맞는 관련 실무 경험 또는 역량 보유
- 활동 안내, 출결, 안전 지원, 결과 기록에 필요한 도구·절차를 이해하고 실무 적용이 가능한 분
- 업무 내용을 정확히 기록하고 일정에 맞춰 결과물을 제출할 수 있는 분
- 유관 부서와 원활하게 소통하며 협업할 수 있는 분
- 근무지 출퇴근 및 직무 수행이 가능한 분","- 사회복지사 2급 보유자
- 자원봉사관리사 보유자
- 활동 안내, 출결, 안전 지원, 결과 기록 관련 프로젝트 또는 현장 수행 경험
- 업무용 문서·보고서 작성 및 이력 관리 경험
- 유관 부서·외부 협력사와의 일정 조율 경험","- 지원서 또는 제출서류를 허위로 기재한 경우
- 채용 과정에서 요구한 증빙서류를 제출하지 못한 경우
- 채용검진 결과 직무 수행이 어렵다고 판단되는 경우
- 해외여행 및 근무에 결격사유가 있는 경우
- 관련 법령 또는 내부 인사규정상 채용이 불가능한 경우",서류전형 > 실무면접 > 최종면접
2116,자원봉사자 전담 인력 채용,115,212,20260312,20260402,3,경력 무관,기간제,광주광역시,전문학사 이상,"자원봉사자 포지션은 자원봉사 프로그램의 현장 운영과 참여자 지원 역할입니다. 담당 업무의 목표와 우선순위를 명확히 설정하고, 일정과 품질 기준을 함께 관리합니다.

활동 안내, 출결, 안전 지원, 결과 기록를 중심으로 실무를 수행하며, 요구사항과 결과물을 문서화해 업무 흐름이 누락되지 않도록 합니다.

기획·운영·현장 담당자 및 외부 협력 파트너와 수시로 협업합니다. 변경 사항은 영향 범위를 검토한 뒤 대안을 제시하고 합의된 방식으로 반영합니다.

문제 발생 시 사실관계와 원인을 먼저 확인하고, 재발 방지 방안을 업무 절차에 반영합니다. 입사 후에는 담당 영역의 실행력을 높이고, 정확성·일정 준수·이용자 관점의 완성도를 중요한 기준으로 삼습니다.","- 활동 안내, 출결, 안전 지원, 결과 기록 관련 업무 계획 수립 및 실행
- 담당 과제의 일정·진행 현황 관리
- 업무 산출물 작성 및 검토 이력 관리
- 유관 부서 및 외부 협력 대상과 실무 조율
- 현장·시스템·자료에서 발생한 이슈 분석 및 조치
- 운영 기준과 체크리스트 개선
- 결과 데이터 또는 피드백을 반영한 품질 개선","- 경력 무관 조건에 맞는 관련 실무 경험 또는 역량 보유
- 활동 안내, 출결, 안전 지원, 결과 기록에 필요한 도구·절차를 이해하고 실무 적용이 가능한 분
- 업무 내용을 정확히 기록하고 일정에 맞춰 결과물을 제출할 수 있는 분
- 유관 부서와 원활하게 소통하며 협업할 수 있는 분
- 근무지 출퇴근 및 직무 수행이 가능한 분","- 사회복지사 2급 보유자
- 자원봉사관리사 보유자
- 활동 안내, 출결, 안전 지원, 결과 기록 관련 프로젝트 또는 현장 수행 경험
- 업무용 문서·보고서 작성 및 이력 관리 경험
- 유관 부서·외부 협력사와의 일정 조율 경험","- 지원서 또는 제출서류를 허위로 기재한 경우
- 채용 과정에서 요구한 증빙서류를 제출하지 못한 경우
- 채용검진 결과 직무 수행이 어렵다고 판단되는 경우
- 해외여행 및 근무에 결격사유가 있는 경우
- 관련 법령 또는 내부 인사규정상 채용이 불가능한 경우",서류전형 > 인성검사 > 실무면접 > 최종면접
2117,자원봉사자 실무 인재 모집,138,212,20260417,20260511,5,경력 5년 이상,정규직,세종특별자치시,학사 이상,"자원봉사자 포지션은 자원봉사 프로그램의 현장 운영과 참여자 지원 역할입니다. 담당 업무의 목표와 우선순위를 명확히 설정하고, 일정과 품질 기준을 함께 관리합니다.

활동 안내, 출결, 안전 지원, 결과 기록를 중심으로 실무를 수행하며, 요구사항과 결과물을 문서화해 업무 흐름이 누락되지 않도록 합니다.

기획·운영·현장 담당자 및 외부 협력 파트너와 수시로 협업합니다. 변경 사항은 영향 범위를 검토한 뒤 대안을 제시하고 합의된 방식으로 반영합니다.

문제 발생 시 사실관계와 원인을 먼저 확인하고, 재발 방지 방안을 업무 절차에 반영합니다. 입사 후에는 담당 영역의 실행력을 높이고, 정확성·일정 준수·이용자 관점의 완성도를 중요한 기준으로 삼습니다.","- 활동 안내, 출결, 안전 지원, 결과 기록 관련 업무 계획 수립 및 실행
- 담당 과제의 일정·진행 현황 관리
- 업무 산출물 작성 및 검토 이력 관리
- 유관 부서 및 외부 협력 대상과 실무 조율
- 현장·시스템·자료에서 발생한 이슈 분석 및 조치
- 운영 기준과 체크리스트 개선
- 결과 데이터 또는 피드백을 반영한 품질 개선","- 경력 5년 이상 조건에 맞는 관련 실무 경험 또는 역량 보유
- 활동 안내, 출결, 안전 지원, 결과 기록에 필요한 도구·절차를 이해하고 실무 적용이 가능한 분
- 업무 내용을 정확히 기록하고 일정에 맞춰 결과물을 제출할 수 있는 분
- 유관 부서와 원활하게 소통하며 협업할 수 있는 분
- 근무지 출퇴근 및 직무 수행이 가능한 분","- 사회복지사 2급 보유자
- 자원봉사관리사 보유자
- 활동 안내, 출결, 안전 지원, 결과 기록 관련 프로젝트 또는 현장 수행 경험
- 업무용 문서·보고서 작성 및 이력 관리 경험
- 유관 부서·외부 협력사와의 일정 조율 경험","- 지원서 또는 제출서류를 허위로 기재한 경우
- 채용 과정에서 요구한 증빙서류를 제출하지 못한 경우
- 채용검진 결과 직무 수행이 어렵다고 판단되는 경우
- 해외여행 및 근무에 결격사유가 있는 경우
- 관련 법령 또는 내부 인사규정상 채용이 불가능한 경우",서류전형 > 직무과제 > 실무면접 > 처우협의
2118,자원봉사자 담당자 공개채용,34,212,20260522,20260618,7,신입·경력,계약직,충청남도,학력무관,"자원봉사자 포지션은 자원봉사 프로그램의 현장 운영과 참여자 지원 역할입니다. 담당 업무의 목표와 우선순위를 명확히 설정하고, 일정과 품질 기준을 함께 관리합니다.

활동 안내, 출결, 안전 지원, 결과 기록를 중심으로 실무를 수행하며, 요구사항과 결과물을 문서화해 업무 흐름이 누락되지 않도록 합니다.

기획·운영·현장 담당자 및 외부 협력 파트너와 수시로 협업합니다. 변경 사항은 영향 범위를 검토한 뒤 대안을 제시하고 합의된 방식으로 반영합니다.

문제 발생 시 사실관계와 원인을 먼저 확인하고, 재발 방지 방안을 업무 절차에 반영합니다. 입사 후에는 담당 영역의 실행력을 높이고, 정확성·일정 준수·이용자 관점의 완성도를 중요한 기준으로 삼습니다.","- 활동 안내, 출결, 안전 지원, 결과 기록 관련 업무 계획 수립 및 실행
- 담당 과제의 일정·진행 현황 관리
- 업무 산출물 작성 및 검토 이력 관리
- 유관 부서 및 외부 협력 대상과 실무 조율
- 현장·시스템·자료에서 발생한 이슈 분석 및 조치
- 운영 기준과 체크리스트 개선
- 결과 데이터 또는 피드백을 반영한 품질 개선","- 신입·경력 조건에 맞는 관련 실무 경험 또는 역량 보유
- 활동 안내, 출결, 안전 지원, 결과 기록에 필요한 도구·절차를 이해하고 실무 적용이 가능한 분
- 업무 내용을 정확히 기록하고 일정에 맞춰 결과물을 제출할 수 있는 분
- 유관 부서와 원활하게 소통하며 협업할 수 있는 분
- 근무지 출퇴근 및 직무 수행이 가능한 분","- 사회복지사 2급 보유자
- 자원봉사관리사 보유자
- 활동 안내, 출결, 안전 지원, 결과 기록 관련 프로젝트 또는 현장 수행 경험
- 업무용 문서·보고서 작성 및 이력 관리 경험
- 유관 부서·외부 협력사와의 일정 조율 경험","- 지원서 또는 제출서류를 허위로 기재한 경우
- 채용 과정에서 요구한 증빙서류를 제출하지 못한 경우
- 채용검진 결과 직무 수행이 어렵다고 판단되는 경우
- 해외여행 및 근무에 결격사유가 있는 경우
- 관련 법령 또는 내부 인사규정상 채용이 불가능한 경우",서류전형 > 1차면접 > 2차면접 > 채용검진
2119,자원봉사자 정규직 모집,106,212,20260602,20260702,9,경력 2년 이상,정규직,경상남도,학사 이상,"자원봉사자 포지션은 자원봉사 프로그램의 현장 운영과 참여자 지원 역할입니다. 담당 업무의 목표와 우선순위를 명확히 설정하고, 일정과 품질 기준을 함께 관리합니다.

활동 안내, 출결, 안전 지원, 결과 기록를 중심으로 실무를 수행하며, 요구사항과 결과물을 문서화해 업무 흐름이 누락되지 않도록 합니다.

기획·운영·현장 담당자 및 외부 협력 파트너와 수시로 협업합니다. 변경 사항은 영향 범위를 검토한 뒤 대안을 제시하고 합의된 방식으로 반영합니다.

문제 발생 시 사실관계와 원인을 먼저 확인하고, 재발 방지 방안을 업무 절차에 반영합니다. 입사 후에는 담당 영역의 실행력을 높이고, 정확성·일정 준수·이용자 관점의 완성도를 중요한 기준으로 삼습니다.","- 활동 안내, 출결, 안전 지원, 결과 기록 관련 업무 계획 수립 및 실행
- 담당 과제의 일정·진행 현황 관리
- 업무 산출물 작성 및 검토 이력 관리
- 유관 부서 및 외부 협력 대상과 실무 조율
- 현장·시스템·자료에서 발생한 이슈 분석 및 조치
- 운영 기준과 체크리스트 개선
- 결과 데이터 또는 피드백을 반영한 품질 개선","- 경력 2년 이상 조건에 맞는 관련 실무 경험 또는 역량 보유
- 활동 안내, 출결, 안전 지원, 결과 기록에 필요한 도구·절차를 이해하고 실무 적용이 가능한 분
- 업무 내용을 정확히 기록하고 일정에 맞춰 결과물을 제출할 수 있는 분
- 유관 부서와 원활하게 소통하며 협업할 수 있는 분
- 근무지 출퇴근 및 직무 수행이 가능한 분","- 사회복지사 2급 보유자
- 자원봉사관리사 보유자
- 활동 안내, 출결, 안전 지원, 결과 기록 관련 프로젝트 또는 현장 수행 경험
- 업무용 문서·보고서 작성 및 이력 관리 경험
- 유관 부서·외부 협력사와의 일정 조율 경험","- 지원서 또는 제출서류를 허위로 기재한 경우
- 채용 과정에서 요구한 증빙서류를 제출하지 못한 경우
- 채용검진 결과 직무 수행이 어렵다고 판단되는 경우
- 해외여행 및 근무에 결격사유가 있는 경우
- 관련 법령 또는 내부 인사규정상 채용이 불가능한 경우",서류전형 > 실무면접 > 최종면접
2120,자원봉사자 채용,63,212,20260707,20260809,11,경력,정규직,전북특별자치도,전문학사 이상,"자원봉사자 포지션은 자원봉사 프로그램의 현장 운영과 참여자 지원 역할입니다. 담당 업무의 목표와 우선순위를 명확히 설정하고, 일정과 품질 기준을 함께 관리합니다.

활동 안내, 출결, 안전 지원, 결과 기록를 중심으로 실무를 수행하며, 요구사항과 결과물을 문서화해 업무 흐름이 누락되지 않도록 합니다.

기획·운영·현장 담당자 및 외부 협력 파트너와 수시로 협업합니다. 변경 사항은 영향 범위를 검토한 뒤 대안을 제시하고 합의된 방식으로 반영합니다.

문제 발생 시 사실관계와 원인을 먼저 확인하고, 재발 방지 방안을 업무 절차에 반영합니다. 입사 후에는 담당 영역의 실행력을 높이고, 정확성·일정 준수·이용자 관점의 완성도를 중요한 기준으로 삼습니다.","- 활동 안내, 출결, 안전 지원, 결과 기록 관련 업무 계획 수립 및 실행
- 담당 과제의 일정·진행 현황 관리
- 업무 산출물 작성 및 검토 이력 관리
- 유관 부서 및 외부 협력 대상과 실무 조율
- 현장·시스템·자료에서 발생한 이슈 분석 및 조치
- 운영 기준과 체크리스트 개선
- 결과 데이터 또는 피드백을 반영한 품질 개선","- 경력 조건에 맞는 관련 실무 경험 또는 역량 보유
- 활동 안내, 출결, 안전 지원, 결과 기록에 필요한 도구·절차를 이해하고 실무 적용이 가능한 분
- 업무 내용을 정확히 기록하고 일정에 맞춰 결과물을 제출할 수 있는 분
- 유관 부서와 원활하게 소통하며 협업할 수 있는 분
- 근무지 출퇴근 및 직무 수행이 가능한 분","- 사회복지사 2급 보유자
- 자원봉사관리사 보유자
- 활동 안내, 출결, 안전 지원, 결과 기록 관련 프로젝트 또는 현장 수행 경험
- 업무용 문서·보고서 작성 및 이력 관리 경험
- 유관 부서·외부 협력사와의 일정 조율 경험","- 지원서 또는 제출서류를 허위로 기재한 경우
- 채용 과정에서 요구한 증빙서류를 제출하지 못한 경우
- 채용검진 결과 직무 수행이 어렵다고 판단되는 경우
- 해외여행 및 근무에 결격사유가 있는 경우
- 관련 법령 또는 내부 인사규정상 채용이 불가능한 경우",서류전형 > 인성검사 > 실무면접 > 최종면접
2121,방역·방재기사 담당자 모집,38,213,20260815,20260927,14,신입,정규직,서울특별시,학력무관,"방역·방재기사 포지션은 방역·방재 설비와 현장 안전 업무를 수행 역할입니다. 담당 업무의 목표와 우선순위를 명확히 설정하고, 일정과 품질 기준을 함께 관리합니다.

소독 일정, 방역 장비, 점검표, 긴급 대응를 중심으로 실무를 수행하며, 요구사항과 결과물을 문서화해 업무 흐름이 누락되지 않도록 합니다.

기획·운영·현장 담당자 및 외부 협력 파트너와 수시로 협업합니다. 변경 사항은 영향 범위를 검토한 뒤 대안을 제시하고 합의된 방식으로 반영합니다.

문제 발생 시 사실관계와 원인을 먼저 확인하고, 재발 방지 방안을 업무 절차에 반영합니다. 입사 후에는 담당 영역의 실행력을 높이고, 정확성·일정 준수·이용자 관점의 완성도를 중요한 기준으로 삼습니다.","- 소독 일정, 방역 장비, 점검표, 긴급 대응 관련 업무 계획 수립 및 실행
- 담당 과제의 일정·진행 현황 관리
- 업무 산출물 작성 및 검토 이력 관리
- 유관 부서 및 외부 협력 대상과 실무 조율
- 현장·시스템·자료에서 발생한 이슈 분석 및 조치
- 운영 기준과 체크리스트 개선
- 결과 데이터 또는 피드백을 반영한 품질 개선","- 신입 조건에 맞는 관련 실무 경험 또는 역량 보유
- 소독 일정, 방역 장비, 점검표, 긴급 대응에 필요한 도구·절차를 이해하고 실무 적용이 가능한 분
- 업무 내용을 정확히 기록하고 일정에 맞춰 결과물을 제출할 수 있는 분
- 유관 부서와 원활하게 소통하며 협업할 수 있는 분
- 근무지 출퇴근 및 직무 수행이 가능한 분","- 방역관리사 보유자
- 소독기술자 보유자
- 소독 일정, 방역 장비, 점검표, 긴급 대응 관련 프로젝트 또는 현장 수행 경험
- 업무용 문서·보고서 작성 및 이력 관리 경험
- 유관 부서·외부 협력사와의 일정 조율 경험","- 지원서 또는 제출서류를 허위로 기재한 경우
- 채용 과정에서 요구한 증빙서류를 제출하지 못한 경우
- 채용검진 결과 직무 수행이 어렵다고 판단되는 경우
- 해외여행 및 근무에 결격사유가 있는 경우
- 관련 법령 또는 내부 인사규정상 채용이 불가능한 경우",서류전형 > 실무면접 > 최종면접
2122,방역·방재기사 실무자 채용,60,213,20260920,20260930,16,경력,계약직,경기도,전문학사 이상,"방역·방재기사 포지션은 방역·방재 설비와 현장 안전 업무를 수행 역할입니다. 담당 업무의 목표와 우선순위를 명확히 설정하고, 일정과 품질 기준을 함께 관리합니다.

소독 일정, 방역 장비, 점검표, 긴급 대응를 중심으로 실무를 수행하며, 요구사항과 결과물을 문서화해 업무 흐름이 누락되지 않도록 합니다.

기획·운영·현장 담당자 및 외부 협력 파트너와 수시로 협업합니다. 변경 사항은 영향 범위를 검토한 뒤 대안을 제시하고 합의된 방식으로 반영합니다.

문제 발생 시 사실관계와 원인을 먼저 확인하고, 재발 방지 방안을 업무 절차에 반영합니다. 입사 후에는 담당 영역의 실행력을 높이고, 정확성·일정 준수·이용자 관점의 완성도를 중요한 기준으로 삼습니다.","- 소독 일정, 방역 장비, 점검표, 긴급 대응 관련 업무 계획 수립 및 실행
- 담당 과제의 일정·진행 현황 관리
- 업무 산출물 작성 및 검토 이력 관리
- 유관 부서 및 외부 협력 대상과 실무 조율
- 현장·시스템·자료에서 발생한 이슈 분석 및 조치
- 운영 기준과 체크리스트 개선
- 결과 데이터 또는 피드백을 반영한 품질 개선","- 경력 조건에 맞는 관련 실무 경험 또는 역량 보유
- 소독 일정, 방역 장비, 점검표, 긴급 대응에 필요한 도구·절차를 이해하고 실무 적용이 가능한 분
- 업무 내용을 정확히 기록하고 일정에 맞춰 결과물을 제출할 수 있는 분
- 유관 부서와 원활하게 소통하며 협업할 수 있는 분
- 근무지 출퇴근 및 직무 수행이 가능한 분","- 방역관리사 보유자
- 소독기술자 보유자
- 소독 일정, 방역 장비, 점검표, 긴급 대응 관련 프로젝트 또는 현장 수행 경험
- 업무용 문서·보고서 작성 및 이력 관리 경험
- 유관 부서·외부 협력사와의 일정 조율 경험","- 지원서 또는 제출서류를 허위로 기재한 경우
- 채용 과정에서 요구한 증빙서류를 제출하지 못한 경우
- 채용검진 결과 직무 수행이 어렵다고 판단되는 경우
- 해외여행 및 근무에 결격사유가 있는 경우
- 관련 법령 또는 내부 인사규정상 채용이 불가능한 경우",서류전형 > 인성검사 > 실무면접 > 최종면접
2123,방역·방재기사 전문인력 채용,152,213,20261025,20261107,18,신입·경력,정규직,인천광역시,학사 이상,"방역·방재기사 포지션은 방역·방재 설비와 현장 안전 업무를 수행 역할입니다. 담당 업무의 목표와 우선순위를 명확히 설정하고, 일정과 품질 기준을 함께 관리합니다.

소독 일정, 방역 장비, 점검표, 긴급 대응를 중심으로 실무를 수행하며, 요구사항과 결과물을 문서화해 업무 흐름이 누락되지 않도록 합니다.

기획·운영·현장 담당자 및 외부 협력 파트너와 수시로 협업합니다. 변경 사항은 영향 범위를 검토한 뒤 대안을 제시하고 합의된 방식으로 반영합니다.

문제 발생 시 사실관계와 원인을 먼저 확인하고, 재발 방지 방안을 업무 절차에 반영합니다. 입사 후에는 담당 영역의 실행력을 높이고, 정확성·일정 준수·이용자 관점의 완성도를 중요한 기준으로 삼습니다.","- 소독 일정, 방역 장비, 점검표, 긴급 대응 관련 업무 계획 수립 및 실행
- 담당 과제의 일정·진행 현황 관리
- 업무 산출물 작성 및 검토 이력 관리
- 유관 부서 및 외부 협력 대상과 실무 조율
- 현장·시스템·자료에서 발생한 이슈 분석 및 조치
- 운영 기준과 체크리스트 개선
- 결과 데이터 또는 피드백을 반영한 품질 개선","- 신입·경력 조건에 맞는 관련 실무 경험 또는 역량 보유
- 소독 일정, 방역 장비, 점검표, 긴급 대응에 필요한 도구·절차를 이해하고 실무 적용이 가능한 분
- 업무 내용을 정확히 기록하고 일정에 맞춰 결과물을 제출할 수 있는 분
- 유관 부서와 원활하게 소통하며 협업할 수 있는 분
- 근무지 출퇴근 및 직무 수행이 가능한 분","- 방역관리사 보유자
- 소독기술자 보유자
- 소독 일정, 방역 장비, 점검표, 긴급 대응 관련 프로젝트 또는 현장 수행 경험
- 업무용 문서·보고서 작성 및 이력 관리 경험
- 유관 부서·외부 협력사와의 일정 조율 경험","- 지원서 또는 제출서류를 허위로 기재한 경우
- 채용 과정에서 요구한 증빙서류를 제출하지 못한 경우
- 채용검진 결과 직무 수행이 어렵다고 판단되는 경우
- 해외여행 및 근무에 결격사유가 있는 경우
- 관련 법령 또는 내부 인사규정상 채용이 불가능한 경우",서류전형 > 직무과제 > 실무면접 > 처우협의
2124,방역·방재기사 운영 담당 채용,35,213,20260205,20260221,20,경력 2년 이상,정규직,대전광역시,학사 이상,"방역·방재기사 포지션은 방역·방재 설비와 현장 안전 업무를 수행 역할입니다. 담당 업무의 목표와 우선순위를 명확히 설정하고, 일정과 품질 기준을 함께 관리합니다.

소독 일정, 방역 장비, 점검표, 긴급 대응를 중심으로 실무를 수행하며, 요구사항과 결과물을 문서화해 업무 흐름이 누락되지 않도록 합니다.

기획·운영·현장 담당자 및 외부 협력 파트너와 수시로 협업합니다. 변경 사항은 영향 범위를 검토한 뒤 대안을 제시하고 합의된 방식으로 반영합니다.

문제 발생 시 사실관계와 원인을 먼저 확인하고, 재발 방지 방안을 업무 절차에 반영합니다. 입사 후에는 담당 영역의 실행력을 높이고, 정확성·일정 준수·이용자 관점의 완성도를 중요한 기준으로 삼습니다.","- 소독 일정, 방역 장비, 점검표, 긴급 대응 관련 업무 계획 수립 및 실행
- 담당 과제의 일정·진행 현황 관리
- 업무 산출물 작성 및 검토 이력 관리
- 유관 부서 및 외부 협력 대상과 실무 조율
- 현장·시스템·자료에서 발생한 이슈 분석 및 조치
- 운영 기준과 체크리스트 개선
- 결과 데이터 또는 피드백을 반영한 품질 개선","- 경력 2년 이상 조건에 맞는 관련 실무 경험 또는 역량 보유
- 소독 일정, 방역 장비, 점검표, 긴급 대응에 필요한 도구·절차를 이해하고 실무 적용이 가능한 분
- 업무 내용을 정확히 기록하고 일정에 맞춰 결과물을 제출할 수 있는 분
- 유관 부서와 원활하게 소통하며 협업할 수 있는 분
- 근무지 출퇴근 및 직무 수행이 가능한 분","- 방역관리사 보유자
- 소독기술자 보유자
- 소독 일정, 방역 장비, 점검표, 긴급 대응 관련 프로젝트 또는 현장 수행 경험
- 업무용 문서·보고서 작성 및 이력 관리 경험
- 유관 부서·외부 협력사와의 일정 조율 경험","- 지원서 또는 제출서류를 허위로 기재한 경우
- 채용 과정에서 요구한 증빙서류를 제출하지 못한 경우
- 채용검진 결과 직무 수행이 어렵다고 판단되는 경우
- 해외여행 및 근무에 결격사유가 있는 경우
- 관련 법령 또는 내부 인사규정상 채용이 불가능한 경우",서류전형 > 1차면접 > 2차면접 > 채용검진
2125,방역·방재기사 프로젝트 인재 모집,14,213,20260310,20260329,2,경력 3년 이상,무기계약직,부산광역시,학력무관,"방역·방재기사 포지션은 방역·방재 설비와 현장 안전 업무를 수행 역할입니다. 담당 업무의 목표와 우선순위를 명확히 설정하고, 일정과 품질 기준을 함께 관리합니다.

소독 일정, 방역 장비, 점검표, 긴급 대응를 중심으로 실무를 수행하며, 요구사항과 결과물을 문서화해 업무 흐름이 누락되지 않도록 합니다.

기획·운영·현장 담당자 및 외부 협력 파트너와 수시로 협업합니다. 변경 사항은 영향 범위를 검토한 뒤 대안을 제시하고 합의된 방식으로 반영합니다.

문제 발생 시 사실관계와 원인을 먼저 확인하고, 재발 방지 방안을 업무 절차에 반영합니다. 입사 후에는 담당 영역의 실행력을 높이고, 정확성·일정 준수·이용자 관점의 완성도를 중요한 기준으로 삼습니다.","- 소독 일정, 방역 장비, 점검표, 긴급 대응 관련 업무 계획 수립 및 실행
- 담당 과제의 일정·진행 현황 관리
- 업무 산출물 작성 및 검토 이력 관리
- 유관 부서 및 외부 협력 대상과 실무 조율
- 현장·시스템·자료에서 발생한 이슈 분석 및 조치
- 운영 기준과 체크리스트 개선
- 결과 데이터 또는 피드백을 반영한 품질 개선","- 경력 3년 이상 조건에 맞는 관련 실무 경험 또는 역량 보유
- 소독 일정, 방역 장비, 점검표, 긴급 대응에 필요한 도구·절차를 이해하고 실무 적용이 가능한 분
- 업무 내용을 정확히 기록하고 일정에 맞춰 결과물을 제출할 수 있는 분
- 유관 부서와 원활하게 소통하며 협업할 수 있는 분
- 근무지 출퇴근 및 직무 수행이 가능한 분","- 방역관리사 보유자
- 소독기술자 보유자
- 소독 일정, 방역 장비, 점검표, 긴급 대응 관련 프로젝트 또는 현장 수행 경험
- 업무용 문서·보고서 작성 및 이력 관리 경험
- 유관 부서·외부 협력사와의 일정 조율 경험","- 지원서 또는 제출서류를 허위로 기재한 경우
- 채용 과정에서 요구한 증빙서류를 제출하지 못한 경우
- 채용검진 결과 직무 수행이 어렵다고 판단되는 경우
- 해외여행 및 근무에 결격사유가 있는 경우
- 관련 법령 또는 내부 인사규정상 채용이 불가능한 경우",서류전형 > 실무면접 > 최종면접
2126,방역·방재기사 전담 인력 채용,63,213,20260415,20260507,4,경력 무관,기간제,광주광역시,전문학사 이상,"방역·방재기사 포지션은 방역·방재 설비와 현장 안전 업무를 수행 역할입니다. 담당 업무의 목표와 우선순위를 명확히 설정하고, 일정과 품질 기준을 함께 관리합니다.

소독 일정, 방역 장비, 점검표, 긴급 대응를 중심으로 실무를 수행하며, 요구사항과 결과물을 문서화해 업무 흐름이 누락되지 않도록 합니다.

기획·운영·현장 담당자 및 외부 협력 파트너와 수시로 협업합니다. 변경 사항은 영향 범위를 검토한 뒤 대안을 제시하고 합의된 방식으로 반영합니다.

문제 발생 시 사실관계와 원인을 먼저 확인하고, 재발 방지 방안을 업무 절차에 반영합니다. 입사 후에는 담당 영역의 실행력을 높이고, 정확성·일정 준수·이용자 관점의 완성도를 중요한 기준으로 삼습니다.","- 소독 일정, 방역 장비, 점검표, 긴급 대응 관련 업무 계획 수립 및 실행
- 담당 과제의 일정·진행 현황 관리
- 업무 산출물 작성 및 검토 이력 관리
- 유관 부서 및 외부 협력 대상과 실무 조율
- 현장·시스템·자료에서 발생한 이슈 분석 및 조치
- 운영 기준과 체크리스트 개선
- 결과 데이터 또는 피드백을 반영한 품질 개선","- 경력 무관 조건에 맞는 관련 실무 경험 또는 역량 보유
- 소독 일정, 방역 장비, 점검표, 긴급 대응에 필요한 도구·절차를 이해하고 실무 적용이 가능한 분
- 업무 내용을 정확히 기록하고 일정에 맞춰 결과물을 제출할 수 있는 분
- 유관 부서와 원활하게 소통하며 협업할 수 있는 분
- 근무지 출퇴근 및 직무 수행이 가능한 분","- 방역관리사 보유자
- 소독기술자 보유자
- 소독 일정, 방역 장비, 점검표, 긴급 대응 관련 프로젝트 또는 현장 수행 경험
- 업무용 문서·보고서 작성 및 이력 관리 경험
- 유관 부서·외부 협력사와의 일정 조율 경험","- 지원서 또는 제출서류를 허위로 기재한 경우
- 채용 과정에서 요구한 증빙서류를 제출하지 못한 경우
- 채용검진 결과 직무 수행이 어렵다고 판단되는 경우
- 해외여행 및 근무에 결격사유가 있는 경우
- 관련 법령 또는 내부 인사규정상 채용이 불가능한 경우",서류전형 > 인성검사 > 실무면접 > 최종면접
2127,방역·방재기사 실무 인재 모집,123,213,20260520,20260614,6,경력 5년 이상,정규직,세종특별자치시,학사 이상,"방역·방재기사 포지션은 방역·방재 설비와 현장 안전 업무를 수행 역할입니다. 담당 업무의 목표와 우선순위를 명확히 설정하고, 일정과 품질 기준을 함께 관리합니다.

소독 일정, 방역 장비, 점검표, 긴급 대응를 중심으로 실무를 수행하며, 요구사항과 결과물을 문서화해 업무 흐름이 누락되지 않도록 합니다.

기획·운영·현장 담당자 및 외부 협력 파트너와 수시로 협업합니다. 변경 사항은 영향 범위를 검토한 뒤 대안을 제시하고 합의된 방식으로 반영합니다.

문제 발생 시 사실관계와 원인을 먼저 확인하고, 재발 방지 방안을 업무 절차에 반영합니다. 입사 후에는 담당 영역의 실행력을 높이고, 정확성·일정 준수·이용자 관점의 완성도를 중요한 기준으로 삼습니다.","- 소독 일정, 방역 장비, 점검표, 긴급 대응 관련 업무 계획 수립 및 실행
- 담당 과제의 일정·진행 현황 관리
- 업무 산출물 작성 및 검토 이력 관리
- 유관 부서 및 외부 협력 대상과 실무 조율
- 현장·시스템·자료에서 발생한 이슈 분석 및 조치
- 운영 기준과 체크리스트 개선
- 결과 데이터 또는 피드백을 반영한 품질 개선","- 경력 5년 이상 조건에 맞는 관련 실무 경험 또는 역량 보유
- 소독 일정, 방역 장비, 점검표, 긴급 대응에 필요한 도구·절차를 이해하고 실무 적용이 가능한 분
- 업무 내용을 정확히 기록하고 일정에 맞춰 결과물을 제출할 수 있는 분
- 유관 부서와 원활하게 소통하며 협업할 수 있는 분
- 근무지 출퇴근 및 직무 수행이 가능한 분","- 방역관리사 보유자
- 소독기술자 보유자
- 소독 일정, 방역 장비, 점검표, 긴급 대응 관련 프로젝트 또는 현장 수행 경험
- 업무용 문서·보고서 작성 및 이력 관리 경험
- 유관 부서·외부 협력사와의 일정 조율 경험","- 지원서 또는 제출서류를 허위로 기재한 경우
- 채용 과정에서 요구한 증빙서류를 제출하지 못한 경우
- 채용검진 결과 직무 수행이 어렵다고 판단되는 경우
- 해외여행 및 근무에 결격사유가 있는 경우
- 관련 법령 또는 내부 인사규정상 채용이 불가능한 경우",서류전형 > 직무과제 > 실무면접 > 처우협의
2128,방역·방재기사 담당자 공개채용,64,213,20260625,20260723,8,신입·경력,계약직,충청남도,학력무관,"방역·방재기사 포지션은 방역·방재 설비와 현장 안전 업무를 수행 역할입니다. 담당 업무의 목표와 우선순위를 명확히 설정하고, 일정과 품질 기준을 함께 관리합니다.

소독 일정, 방역 장비, 점검표, 긴급 대응를 중심으로 실무를 수행하며, 요구사항과 결과물을 문서화해 업무 흐름이 누락되지 않도록 합니다.

기획·운영·현장 담당자 및 외부 협력 파트너와 수시로 협업합니다. 변경 사항은 영향 범위를 검토한 뒤 대안을 제시하고 합의된 방식으로 반영합니다.

문제 발생 시 사실관계와 원인을 먼저 확인하고, 재발 방지 방안을 업무 절차에 반영합니다. 입사 후에는 담당 영역의 실행력을 높이고, 정확성·일정 준수·이용자 관점의 완성도를 중요한 기준으로 삼습니다.","- 소독 일정, 방역 장비, 점검표, 긴급 대응 관련 업무 계획 수립 및 실행
- 담당 과제의 일정·진행 현황 관리
- 업무 산출물 작성 및 검토 이력 관리
- 유관 부서 및 외부 협력 대상과 실무 조율
- 현장·시스템·자료에서 발생한 이슈 분석 및 조치
- 운영 기준과 체크리스트 개선
- 결과 데이터 또는 피드백을 반영한 품질 개선","- 신입·경력 조건에 맞는 관련 실무 경험 또는 역량 보유
- 소독 일정, 방역 장비, 점검표, 긴급 대응에 필요한 도구·절차를 이해하고 실무 적용이 가능한 분
- 업무 내용을 정확히 기록하고 일정에 맞춰 결과물을 제출할 수 있는 분
- 유관 부서와 원활하게 소통하며 협업할 수 있는 분
- 근무지 출퇴근 및 직무 수행이 가능한 분","- 방역관리사 보유자
- 소독기술자 보유자
- 소독 일정, 방역 장비, 점검표, 긴급 대응 관련 프로젝트 또는 현장 수행 경험
- 업무용 문서·보고서 작성 및 이력 관리 경험
- 유관 부서·외부 협력사와의 일정 조율 경험","- 지원서 또는 제출서류를 허위로 기재한 경우
- 채용 과정에서 요구한 증빙서류를 제출하지 못한 경우
- 채용검진 결과 직무 수행이 어렵다고 판단되는 경우
- 해외여행 및 근무에 결격사유가 있는 경우
- 관련 법령 또는 내부 인사규정상 채용이 불가능한 경우",서류전형 > 1차면접 > 2차면접 > 채용검진
2129,방역·방재기사 정규직 모집,66,213,20260705,20260805,10,경력 2년 이상,정규직,경상남도,학사 이상,"방역·방재기사 포지션은 방역·방재 설비와 현장 안전 업무를 수행 역할입니다. 담당 업무의 목표와 우선순위를 명확히 설정하고, 일정과 품질 기준을 함께 관리합니다.

소독 일정, 방역 장비, 점검표, 긴급 대응를 중심으로 실무를 수행하며, 요구사항과 결과물을 문서화해 업무 흐름이 누락되지 않도록 합니다.

기획·운영·현장 담당자 및 외부 협력 파트너와 수시로 협업합니다. 변경 사항은 영향 범위를 검토한 뒤 대안을 제시하고 합의된 방식으로 반영합니다.

문제 발생 시 사실관계와 원인을 먼저 확인하고, 재발 방지 방안을 업무 절차에 반영합니다. 입사 후에는 담당 영역의 실행력을 높이고, 정확성·일정 준수·이용자 관점의 완성도를 중요한 기준으로 삼습니다.","- 소독 일정, 방역 장비, 점검표, 긴급 대응 관련 업무 계획 수립 및 실행
- 담당 과제의 일정·진행 현황 관리
- 업무 산출물 작성 및 검토 이력 관리
- 유관 부서 및 외부 협력 대상과 실무 조율
- 현장·시스템·자료에서 발생한 이슈 분석 및 조치
- 운영 기준과 체크리스트 개선
- 결과 데이터 또는 피드백을 반영한 품질 개선","- 경력 2년 이상 조건에 맞는 관련 실무 경험 또는 역량 보유
- 소독 일정, 방역 장비, 점검표, 긴급 대응에 필요한 도구·절차를 이해하고 실무 적용이 가능한 분
- 업무 내용을 정확히 기록하고 일정에 맞춰 결과물을 제출할 수 있는 분
- 유관 부서와 원활하게 소통하며 협업할 수 있는 분
- 근무지 출퇴근 및 직무 수행이 가능한 분","- 방역관리사 보유자
- 소독기술자 보유자
- 소독 일정, 방역 장비, 점검표, 긴급 대응 관련 프로젝트 또는 현장 수행 경험
- 업무용 문서·보고서 작성 및 이력 관리 경험
- 유관 부서·외부 협력사와의 일정 조율 경험","- 지원서 또는 제출서류를 허위로 기재한 경우
- 채용 과정에서 요구한 증빙서류를 제출하지 못한 경우
- 채용검진 결과 직무 수행이 어렵다고 판단되는 경우
- 해외여행 및 근무에 결격사유가 있는 경우
- 관련 법령 또는 내부 인사규정상 채용이 불가능한 경우",서류전형 > 실무면접 > 최종면접
2130,방역·방재기사 채용,23,213,20260810,20260913,12,경력,정규직,전북특별자치도,전문학사 이상,"방역·방재기사 포지션은 방역·방재 설비와 현장 안전 업무를 수행 역할입니다. 담당 업무의 목표와 우선순위를 명확히 설정하고, 일정과 품질 기준을 함께 관리합니다.

소독 일정, 방역 장비, 점검표, 긴급 대응를 중심으로 실무를 수행하며, 요구사항과 결과물을 문서화해 업무 흐름이 누락되지 않도록 합니다.

기획·운영·현장 담당자 및 외부 협력 파트너와 수시로 협업합니다. 변경 사항은 영향 범위를 검토한 뒤 대안을 제시하고 합의된 방식으로 반영합니다.

문제 발생 시 사실관계와 원인을 먼저 확인하고, 재발 방지 방안을 업무 절차에 반영합니다. 입사 후에는 담당 영역의 실행력을 높이고, 정확성·일정 준수·이용자 관점의 완성도를 중요한 기준으로 삼습니다.","- 소독 일정, 방역 장비, 점검표, 긴급 대응 관련 업무 계획 수립 및 실행
- 담당 과제의 일정·진행 현황 관리
- 업무 산출물 작성 및 검토 이력 관리
- 유관 부서 및 외부 협력 대상과 실무 조율
- 현장·시스템·자료에서 발생한 이슈 분석 및 조치
- 운영 기준과 체크리스트 개선
- 결과 데이터 또는 피드백을 반영한 품질 개선","- 경력 조건에 맞는 관련 실무 경험 또는 역량 보유
- 소독 일정, 방역 장비, 점검표, 긴급 대응에 필요한 도구·절차를 이해하고 실무 적용이 가능한 분
- 업무 내용을 정확히 기록하고 일정에 맞춰 결과물을 제출할 수 있는 분
- 유관 부서와 원활하게 소통하며 협업할 수 있는 분
- 근무지 출퇴근 및 직무 수행이 가능한 분","- 방역관리사 보유자
- 소독기술자 보유자
- 소독 일정, 방역 장비, 점검표, 긴급 대응 관련 프로젝트 또는 현장 수행 경험
- 업무용 문서·보고서 작성 및 이력 관리 경험
- 유관 부서·외부 협력사와의 일정 조율 경험","- 지원서 또는 제출서류를 허위로 기재한 경우
- 채용 과정에서 요구한 증빙서류를 제출하지 못한 경우
- 채용검진 결과 직무 수행이 어렵다고 판단되는 경우
- 해외여행 및 근무에 결격사유가 있는 경우
- 관련 법령 또는 내부 인사규정상 채용이 불가능한 경우",서류전형 > 인성검사 > 실무면접 > 최종면접
2131,백엔드개발자 담당자 모집,158,214,20260918,20261101,15,신입,정규직,서울특별시,학력무관,"백엔드개발자 포지션은 서비스의 서버 기능과 데이터 연동을 개발 역할입니다. 담당 업무의 목표와 우선순위를 명확히 설정하고, 일정과 품질 기준을 함께 관리합니다.

API, 데이터베이스, 인증, 배포 환경를 중심으로 실무를 수행하며, 요구사항과 결과물을 문서화해 업무 흐름이 누락되지 않도록 합니다.

기획·운영·현장 담당자 및 외부 협력 파트너와 수시로 협업합니다. 변경 사항은 영향 범위를 검토한 뒤 대안을 제시하고 합의된 방식으로 반영합니다.

문제 발생 시 사실관계와 원인을 먼저 확인하고, 재발 방지 방안을 업무 절차에 반영합니다. 입사 후에는 담당 영역의 실행력을 높이고, 정확성·일정 준수·이용자 관점의 완성도를 중요한 기준으로 삼습니다.","- API, 데이터베이스, 인증, 배포 환경 관련 업무 계획 수립 및 실행
- 담당 과제의 일정·진행 현황 관리
- 업무 산출물 작성 및 검토 이력 관리
- 유관 부서 및 외부 협력 대상과 실무 조율
- 현장·시스템·자료에서 발생한 이슈 분석 및 조치
- 운영 기준과 체크리스트 개선
- 결과 데이터 또는 피드백을 반영한 품질 개선","- 신입 조건에 맞는 관련 실무 경험 또는 역량 보유
- API, 데이터베이스, 인증, 배포 환경에 필요한 도구·절차를 이해하고 실무 적용이 가능한 분
- 업무 내용을 정확히 기록하고 일정에 맞춰 결과물을 제출할 수 있는 분
- 유관 부서와 원활하게 소통하며 협업할 수 있는 분
- 근무지 출퇴근 및 직무 수행이 가능한 분","- 정보처리기사 보유자
- SQLD 보유자
- API, 데이터베이스, 인증, 배포 환경 관련 프로젝트 또는 현장 수행 경험
- 업무용 문서·보고서 작성 및 이력 관리 경험
- 유관 부서·외부 협력사와의 일정 조율 경험","- 지원서 또는 제출서류를 허위로 기재한 경우
- 채용 과정에서 요구한 증빙서류를 제출하지 못한 경우
- 채용검진 결과 직무 수행이 어렵다고 판단되는 경우
- 해외여행 및 근무에 결격사유가 있는 경우
- 관련 법령 또는 내부 인사규정상 채용이 불가능한 경우",서류전형 > 실무면접 > 최종면접
2132,백엔드개발자 실무자 채용,86,214,20261023,20261103,17,경력,계약직,경기도,전문학사 이상,"백엔드개발자 포지션은 서비스의 서버 기능과 데이터 연동을 개발 역할입니다. 담당 업무의 목표와 우선순위를 명확히 설정하고, 일정과 품질 기준을 함께 관리합니다.

API, 데이터베이스, 인증, 배포 환경를 중심으로 실무를 수행하며, 요구사항과 결과물을 문서화해 업무 흐름이 누락되지 않도록 합니다.

기획·운영·현장 담당자 및 외부 협력 파트너와 수시로 협업합니다. 변경 사항은 영향 범위를 검토한 뒤 대안을 제시하고 합의된 방식으로 반영합니다.

문제 발생 시 사실관계와 원인을 먼저 확인하고, 재발 방지 방안을 업무 절차에 반영합니다. 입사 후에는 담당 영역의 실행력을 높이고, 정확성·일정 준수·이용자 관점의 완성도를 중요한 기준으로 삼습니다.","- API, 데이터베이스, 인증, 배포 환경 관련 업무 계획 수립 및 실행
- 담당 과제의 일정·진행 현황 관리
- 업무 산출물 작성 및 검토 이력 관리
- 유관 부서 및 외부 협력 대상과 실무 조율
- 현장·시스템·자료에서 발생한 이슈 분석 및 조치
- 운영 기준과 체크리스트 개선
- 결과 데이터 또는 피드백을 반영한 품질 개선","- 경력 조건에 맞는 관련 실무 경험 또는 역량 보유
- API, 데이터베이스, 인증, 배포 환경에 필요한 도구·절차를 이해하고 실무 적용이 가능한 분
- 업무 내용을 정확히 기록하고 일정에 맞춰 결과물을 제출할 수 있는 분
- 유관 부서와 원활하게 소통하며 협업할 수 있는 분
- 근무지 출퇴근 및 직무 수행이 가능한 분","- 정보처리기사 보유자
- SQLD 보유자
- API, 데이터베이스, 인증, 배포 환경 관련 프로젝트 또는 현장 수행 경험
- 업무용 문서·보고서 작성 및 이력 관리 경험
- 유관 부서·외부 협력사와의 일정 조율 경험","- 지원서 또는 제출서류를 허위로 기재한 경우
- 채용 과정에서 요구한 증빙서류를 제출하지 못한 경우
- 채용검진 결과 직무 수행이 어렵다고 판단되는 경우
- 해외여행 및 근무에 결격사유가 있는 경우
- 관련 법령 또는 내부 인사규정상 채용이 불가능한 경우",서류전형 > 인성검사 > 실무면접 > 최종면접
2133,백엔드개발자 전문인력 채용,34,214,20260203,20260217,19,신입·경력,정규직,인천광역시,학사 이상,"백엔드개발자 포지션은 서비스의 서버 기능과 데이터 연동을 개발 역할입니다. 담당 업무의 목표와 우선순위를 명확히 설정하고, 일정과 품질 기준을 함께 관리합니다.

API, 데이터베이스, 인증, 배포 환경를 중심으로 실무를 수행하며, 요구사항과 결과물을 문서화해 업무 흐름이 누락되지 않도록 합니다.

기획·운영·현장 담당자 및 외부 협력 파트너와 수시로 협업합니다. 변경 사항은 영향 범위를 검토한 뒤 대안을 제시하고 합의된 방식으로 반영합니다.

문제 발생 시 사실관계와 원인을 먼저 확인하고, 재발 방지 방안을 업무 절차에 반영합니다. 입사 후에는 담당 영역의 실행력을 높이고, 정확성·일정 준수·이용자 관점의 완성도를 중요한 기준으로 삼습니다.","- API, 데이터베이스, 인증, 배포 환경 관련 업무 계획 수립 및 실행
- 담당 과제의 일정·진행 현황 관리
- 업무 산출물 작성 및 검토 이력 관리
- 유관 부서 및 외부 협력 대상과 실무 조율
- 현장·시스템·자료에서 발생한 이슈 분석 및 조치
- 운영 기준과 체크리스트 개선
- 결과 데이터 또는 피드백을 반영한 품질 개선","- 신입·경력 조건에 맞는 관련 실무 경험 또는 역량 보유
- API, 데이터베이스, 인증, 배포 환경에 필요한 도구·절차를 이해하고 실무 적용이 가능한 분
- 업무 내용을 정확히 기록하고 일정에 맞춰 결과물을 제출할 수 있는 분
- 유관 부서와 원활하게 소통하며 협업할 수 있는 분
- 근무지 출퇴근 및 직무 수행이 가능한 분","- 정보처리기사 보유자
- SQLD 보유자
- API, 데이터베이스, 인증, 배포 환경 관련 프로젝트 또는 현장 수행 경험
- 업무용 문서·보고서 작성 및 이력 관리 경험
- 유관 부서·외부 협력사와의 일정 조율 경험","- 지원서 또는 제출서류를 허위로 기재한 경우
- 채용 과정에서 요구한 증빙서류를 제출하지 못한 경우
- 채용검진 결과 직무 수행이 어렵다고 판단되는 경우
- 해외여행 및 근무에 결격사유가 있는 경우
- 관련 법령 또는 내부 인사규정상 채용이 불가능한 경우",서류전형 > 직무과제 > 실무면접 > 처우협의
2134,백엔드개발자 운영 담당 채용,91,214,20260308,20260325,1,경력 2년 이상,정규직,대전광역시,학사 이상,"백엔드개발자 포지션은 서비스의 서버 기능과 데이터 연동을 개발 역할입니다. 담당 업무의 목표와 우선순위를 명확히 설정하고, 일정과 품질 기준을 함께 관리합니다.

API, 데이터베이스, 인증, 배포 환경를 중심으로 실무를 수행하며, 요구사항과 결과물을 문서화해 업무 흐름이 누락되지 않도록 합니다.

기획·운영·현장 담당자 및 외부 협력 파트너와 수시로 협업합니다. 변경 사항은 영향 범위를 검토한 뒤 대안을 제시하고 합의된 방식으로 반영합니다.

문제 발생 시 사실관계와 원인을 먼저 확인하고, 재발 방지 방안을 업무 절차에 반영합니다. 입사 후에는 담당 영역의 실행력을 높이고, 정확성·일정 준수·이용자 관점의 완성도를 중요한 기준으로 삼습니다.","- API, 데이터베이스, 인증, 배포 환경 관련 업무 계획 수립 및 실행
- 담당 과제의 일정·진행 현황 관리
- 업무 산출물 작성 및 검토 이력 관리
- 유관 부서 및 외부 협력 대상과 실무 조율
- 현장·시스템·자료에서 발생한 이슈 분석 및 조치
- 운영 기준과 체크리스트 개선
- 결과 데이터 또는 피드백을 반영한 품질 개선","- 경력 2년 이상 조건에 맞는 관련 실무 경험 또는 역량 보유
- API, 데이터베이스, 인증, 배포 환경에 필요한 도구·절차를 이해하고 실무 적용이 가능한 분
- 업무 내용을 정확히 기록하고 일정에 맞춰 결과물을 제출할 수 있는 분
- 유관 부서와 원활하게 소통하며 협업할 수 있는 분
- 근무지 출퇴근 및 직무 수행이 가능한 분","- 정보처리기사 보유자
- SQLD 보유자
- API, 데이터베이스, 인증, 배포 환경 관련 프로젝트 또는 현장 수행 경험
- 업무용 문서·보고서 작성 및 이력 관리 경험
- 유관 부서·외부 협력사와의 일정 조율 경험","- 지원서 또는 제출서류를 허위로 기재한 경우
- 채용 과정에서 요구한 증빙서류를 제출하지 못한 경우
- 채용검진 결과 직무 수행이 어렵다고 판단되는 경우
- 해외여행 및 근무에 결격사유가 있는 경우
- 관련 법령 또는 내부 인사규정상 채용이 불가능한 경우",서류전형 > 1차면접 > 2차면접 > 채용검진
2135,백엔드개발자 프로젝트 인재 모집,130,214,20260413,20260503,3,경력 3년 이상,무기계약직,부산광역시,학력무관,"백엔드개발자 포지션은 서비스의 서버 기능과 데이터 연동을 개발 역할입니다. 담당 업무의 목표와 우선순위를 명확히 설정하고, 일정과 품질 기준을 함께 관리합니다.

API, 데이터베이스, 인증, 배포 환경를 중심으로 실무를 수행하며, 요구사항과 결과물을 문서화해 업무 흐름이 누락되지 않도록 합니다.

기획·운영·현장 담당자 및 외부 협력 파트너와 수시로 협업합니다. 변경 사항은 영향 범위를 검토한 뒤 대안을 제시하고 합의된 방식으로 반영합니다.

문제 발생 시 사실관계와 원인을 먼저 확인하고, 재발 방지 방안을 업무 절차에 반영합니다. 입사 후에는 담당 영역의 실행력을 높이고, 정확성·일정 준수·이용자 관점의 완성도를 중요한 기준으로 삼습니다.","- API, 데이터베이스, 인증, 배포 환경 관련 업무 계획 수립 및 실행
- 담당 과제의 일정·진행 현황 관리
- 업무 산출물 작성 및 검토 이력 관리
- 유관 부서 및 외부 협력 대상과 실무 조율
- 현장·시스템·자료에서 발생한 이슈 분석 및 조치
- 운영 기준과 체크리스트 개선
- 결과 데이터 또는 피드백을 반영한 품질 개선","- 경력 3년 이상 조건에 맞는 관련 실무 경험 또는 역량 보유
- API, 데이터베이스, 인증, 배포 환경에 필요한 도구·절차를 이해하고 실무 적용이 가능한 분
- 업무 내용을 정확히 기록하고 일정에 맞춰 결과물을 제출할 수 있는 분
- 유관 부서와 원활하게 소통하며 협업할 수 있는 분
- 근무지 출퇴근 및 직무 수행이 가능한 분","- 정보처리기사 보유자
- SQLD 보유자
- API, 데이터베이스, 인증, 배포 환경 관련 프로젝트 또는 현장 수행 경험
- 업무용 문서·보고서 작성 및 이력 관리 경험
- 유관 부서·외부 협력사와의 일정 조율 경험","- 지원서 또는 제출서류를 허위로 기재한 경우
- 채용 과정에서 요구한 증빙서류를 제출하지 못한 경우
- 채용검진 결과 직무 수행이 어렵다고 판단되는 경우
- 해외여행 및 근무에 결격사유가 있는 경우
- 관련 법령 또는 내부 인사규정상 채용이 불가능한 경우",서류전형 > 실무면접 > 최종면접
2136,백엔드개발자 전담 인력 채용,147,214,20260518,20260610,5,경력 무관,기간제,광주광역시,전문학사 이상,"백엔드개발자 포지션은 서비스의 서버 기능과 데이터 연동을 개발 역할입니다. 담당 업무의 목표와 우선순위를 명확히 설정하고, 일정과 품질 기준을 함께 관리합니다.

API, 데이터베이스, 인증, 배포 환경를 중심으로 실무를 수행하며, 요구사항과 결과물을 문서화해 업무 흐름이 누락되지 않도록 합니다.

기획·운영·현장 담당자 및 외부 협력 파트너와 수시로 협업합니다. 변경 사항은 영향 범위를 검토한 뒤 대안을 제시하고 합의된 방식으로 반영합니다.

문제 발생 시 사실관계와 원인을 먼저 확인하고, 재발 방지 방안을 업무 절차에 반영합니다. 입사 후에는 담당 영역의 실행력을 높이고, 정확성·일정 준수·이용자 관점의 완성도를 중요한 기준으로 삼습니다.","- API, 데이터베이스, 인증, 배포 환경 관련 업무 계획 수립 및 실행
- 담당 과제의 일정·진행 현황 관리
- 업무 산출물 작성 및 검토 이력 관리
- 유관 부서 및 외부 협력 대상과 실무 조율
- 현장·시스템·자료에서 발생한 이슈 분석 및 조치
- 운영 기준과 체크리스트 개선
- 결과 데이터 또는 피드백을 반영한 품질 개선","- 경력 무관 조건에 맞는 관련 실무 경험 또는 역량 보유
- API, 데이터베이스, 인증, 배포 환경에 필요한 도구·절차를 이해하고 실무 적용이 가능한 분
- 업무 내용을 정확히 기록하고 일정에 맞춰 결과물을 제출할 수 있는 분
- 유관 부서와 원활하게 소통하며 협업할 수 있는 분
- 근무지 출퇴근 및 직무 수행이 가능한 분","- 정보처리기사 보유자
- SQLD 보유자
- API, 데이터베이스, 인증, 배포 환경 관련 프로젝트 또는 현장 수행 경험
- 업무용 문서·보고서 작성 및 이력 관리 경험
- 유관 부서·외부 협력사와의 일정 조율 경험","- 지원서 또는 제출서류를 허위로 기재한 경우
- 채용 과정에서 요구한 증빙서류를 제출하지 못한 경우
- 채용검진 결과 직무 수행이 어렵다고 판단되는 경우
- 해외여행 및 근무에 결격사유가 있는 경우
- 관련 법령 또는 내부 인사규정상 채용이 불가능한 경우",서류전형 > 인성검사 > 실무면접 > 최종면접
2137,백엔드개발자 실무 인재 모집,55,214,20260623,20260719,7,경력 5년 이상,정규직,세종특별자치시,학사 이상,"백엔드개발자 포지션은 서비스의 서버 기능과 데이터 연동을 개발 역할입니다. 담당 업무의 목표와 우선순위를 명확히 설정하고, 일정과 품질 기준을 함께 관리합니다.

API, 데이터베이스, 인증, 배포 환경를 중심으로 실무를 수행하며, 요구사항과 결과물을 문서화해 업무 흐름이 누락되지 않도록 합니다.

기획·운영·현장 담당자 및 외부 협력 파트너와 수시로 협업합니다. 변경 사항은 영향 범위를 검토한 뒤 대안을 제시하고 합의된 방식으로 반영합니다.

문제 발생 시 사실관계와 원인을 먼저 확인하고, 재발 방지 방안을 업무 절차에 반영합니다. 입사 후에는 담당 영역의 실행력을 높이고, 정확성·일정 준수·이용자 관점의 완성도를 중요한 기준으로 삼습니다.","- API, 데이터베이스, 인증, 배포 환경 관련 업무 계획 수립 및 실행
- 담당 과제의 일정·진행 현황 관리
- 업무 산출물 작성 및 검토 이력 관리
- 유관 부서 및 외부 협력 대상과 실무 조율
- 현장·시스템·자료에서 발생한 이슈 분석 및 조치
- 운영 기준과 체크리스트 개선
- 결과 데이터 또는 피드백을 반영한 품질 개선","- 경력 5년 이상 조건에 맞는 관련 실무 경험 또는 역량 보유
- API, 데이터베이스, 인증, 배포 환경에 필요한 도구·절차를 이해하고 실무 적용이 가능한 분
- 업무 내용을 정확히 기록하고 일정에 맞춰 결과물을 제출할 수 있는 분
- 유관 부서와 원활하게 소통하며 협업할 수 있는 분
- 근무지 출퇴근 및 직무 수행이 가능한 분","- 정보처리기사 보유자
- SQLD 보유자
- API, 데이터베이스, 인증, 배포 환경 관련 프로젝트 또는 현장 수행 경험
- 업무용 문서·보고서 작성 및 이력 관리 경험
- 유관 부서·외부 협력사와의 일정 조율 경험","- 지원서 또는 제출서류를 허위로 기재한 경우
- 채용 과정에서 요구한 증빙서류를 제출하지 못한 경우
- 채용검진 결과 직무 수행이 어렵다고 판단되는 경우
- 해외여행 및 근무에 결격사유가 있는 경우
- 관련 법령 또는 내부 인사규정상 채용이 불가능한 경우",서류전형 > 직무과제 > 실무면접 > 처우협의
2138,백엔드개발자 담당자 공개채용,87,214,20260703,20260801,9,신입·경력,계약직,충청남도,학력무관,"백엔드개발자 포지션은 서비스의 서버 기능과 데이터 연동을 개발 역할입니다. 담당 업무의 목표와 우선순위를 명확히 설정하고, 일정과 품질 기준을 함께 관리합니다.

API, 데이터베이스, 인증, 배포 환경를 중심으로 실무를 수행하며, 요구사항과 결과물을 문서화해 업무 흐름이 누락되지 않도록 합니다.

기획·운영·현장 담당자 및 외부 협력 파트너와 수시로 협업합니다. 변경 사항은 영향 범위를 검토한 뒤 대안을 제시하고 합의된 방식으로 반영합니다.

문제 발생 시 사실관계와 원인을 먼저 확인하고, 재발 방지 방안을 업무 절차에 반영합니다. 입사 후에는 담당 영역의 실행력을 높이고, 정확성·일정 준수·이용자 관점의 완성도를 중요한 기준으로 삼습니다.","- API, 데이터베이스, 인증, 배포 환경 관련 업무 계획 수립 및 실행
- 담당 과제의 일정·진행 현황 관리
- 업무 산출물 작성 및 검토 이력 관리
- 유관 부서 및 외부 협력 대상과 실무 조율
- 현장·시스템·자료에서 발생한 이슈 분석 및 조치
- 운영 기준과 체크리스트 개선
- 결과 데이터 또는 피드백을 반영한 품질 개선","- 신입·경력 조건에 맞는 관련 실무 경험 또는 역량 보유
- API, 데이터베이스, 인증, 배포 환경에 필요한 도구·절차를 이해하고 실무 적용이 가능한 분
- 업무 내용을 정확히 기록하고 일정에 맞춰 결과물을 제출할 수 있는 분
- 유관 부서와 원활하게 소통하며 협업할 수 있는 분
- 근무지 출퇴근 및 직무 수행이 가능한 분","- 정보처리기사 보유자
- SQLD 보유자
- API, 데이터베이스, 인증, 배포 환경 관련 프로젝트 또는 현장 수행 경험
- 업무용 문서·보고서 작성 및 이력 관리 경험
- 유관 부서·외부 협력사와의 일정 조율 경험","- 지원서 또는 제출서류를 허위로 기재한 경우
- 채용 과정에서 요구한 증빙서류를 제출하지 못한 경우
- 채용검진 결과 직무 수행이 어렵다고 판단되는 경우
- 해외여행 및 근무에 결격사유가 있는 경우
- 관련 법령 또는 내부 인사규정상 채용이 불가능한 경우",서류전형 > 1차면접 > 2차면접 > 채용검진
2139,백엔드개발자 정규직 모집,76,214,20260808,20260909,11,경력 2년 이상,정규직,경상남도,학사 이상,"백엔드개발자 포지션은 서비스의 서버 기능과 데이터 연동을 개발 역할입니다. 담당 업무의 목표와 우선순위를 명확히 설정하고, 일정과 품질 기준을 함께 관리합니다.

API, 데이터베이스, 인증, 배포 환경를 중심으로 실무를 수행하며, 요구사항과 결과물을 문서화해 업무 흐름이 누락되지 않도록 합니다.

기획·운영·현장 담당자 및 외부 협력 파트너와 수시로 협업합니다. 변경 사항은 영향 범위를 검토한 뒤 대안을 제시하고 합의된 방식으로 반영합니다.

문제 발생 시 사실관계와 원인을 먼저 확인하고, 재발 방지 방안을 업무 절차에 반영합니다. 입사 후에는 담당 영역의 실행력을 높이고, 정확성·일정 준수·이용자 관점의 완성도를 중요한 기준으로 삼습니다.","- API, 데이터베이스, 인증, 배포 환경 관련 업무 계획 수립 및 실행
- 담당 과제의 일정·진행 현황 관리
- 업무 산출물 작성 및 검토 이력 관리
- 유관 부서 및 외부 협력 대상과 실무 조율
- 현장·시스템·자료에서 발생한 이슈 분석 및 조치
- 운영 기준과 체크리스트 개선
- 결과 데이터 또는 피드백을 반영한 품질 개선","- 경력 2년 이상 조건에 맞는 관련 실무 경험 또는 역량 보유
- API, 데이터베이스, 인증, 배포 환경에 필요한 도구·절차를 이해하고 실무 적용이 가능한 분
- 업무 내용을 정확히 기록하고 일정에 맞춰 결과물을 제출할 수 있는 분
- 유관 부서와 원활하게 소통하며 협업할 수 있는 분
- 근무지 출퇴근 및 직무 수행이 가능한 분","- 정보처리기사 보유자
- SQLD 보유자
- API, 데이터베이스, 인증, 배포 환경 관련 프로젝트 또는 현장 수행 경험
- 업무용 문서·보고서 작성 및 이력 관리 경험
- 유관 부서·외부 협력사와의 일정 조율 경험","- 지원서 또는 제출서류를 허위로 기재한 경우
- 채용 과정에서 요구한 증빙서류를 제출하지 못한 경우
- 채용검진 결과 직무 수행이 어렵다고 판단되는 경우
- 해외여행 및 근무에 결격사유가 있는 경우
- 관련 법령 또는 내부 인사규정상 채용이 불가능한 경우",서류전형 > 실무면접 > 최종면접
2140,백엔드개발자 채용,42,214,20260913,20261018,13,경력,정규직,전북특별자치도,전문학사 이상,"백엔드개발자 포지션은 서비스의 서버 기능과 데이터 연동을 개발 역할입니다. 담당 업무의 목표와 우선순위를 명확히 설정하고, 일정과 품질 기준을 함께 관리합니다.

API, 데이터베이스, 인증, 배포 환경를 중심으로 실무를 수행하며, 요구사항과 결과물을 문서화해 업무 흐름이 누락되지 않도록 합니다.

기획·운영·현장 담당자 및 외부 협력 파트너와 수시로 협업합니다. 변경 사항은 영향 범위를 검토한 뒤 대안을 제시하고 합의된 방식으로 반영합니다.

문제 발생 시 사실관계와 원인을 먼저 확인하고, 재발 방지 방안을 업무 절차에 반영합니다. 입사 후에는 담당 영역의 실행력을 높이고, 정확성·일정 준수·이용자 관점의 완성도를 중요한 기준으로 삼습니다.","- API, 데이터베이스, 인증, 배포 환경 관련 업무 계획 수립 및 실행
- 담당 과제의 일정·진행 현황 관리
- 업무 산출물 작성 및 검토 이력 관리
- 유관 부서 및 외부 협력 대상과 실무 조율
- 현장·시스템·자료에서 발생한 이슈 분석 및 조치
- 운영 기준과 체크리스트 개선
- 결과 데이터 또는 피드백을 반영한 품질 개선","- 경력 조건에 맞는 관련 실무 경험 또는 역량 보유
- API, 데이터베이스, 인증, 배포 환경에 필요한 도구·절차를 이해하고 실무 적용이 가능한 분
- 업무 내용을 정확히 기록하고 일정에 맞춰 결과물을 제출할 수 있는 분
- 유관 부서와 원활하게 소통하며 협업할 수 있는 분
- 근무지 출퇴근 및 직무 수행이 가능한 분","- 정보처리기사 보유자
- SQLD 보유자
- API, 데이터베이스, 인증, 배포 환경 관련 프로젝트 또는 현장 수행 경험
- 업무용 문서·보고서 작성 및 이력 관리 경험
- 유관 부서·외부 협력사와의 일정 조율 경험","- 지원서 또는 제출서류를 허위로 기재한 경우
- 채용 과정에서 요구한 증빙서류를 제출하지 못한 경우
- 채용검진 결과 직무 수행이 어렵다고 판단되는 경우
- 해외여행 및 근무에 결격사유가 있는 경우
- 관련 법령 또는 내부 인사규정상 채용이 불가능한 경우",서류전형 > 인성검사 > 실무면접 > 최종면접
2141,프론트엔드개발자 담당자 모집,8,215,20261021,20261205,16,신입,정규직,서울특별시,학력무관,"프론트엔드개발자 포지션은 웹 화면의 사용성과 성능을 구현 역할입니다. 담당 업무의 목표와 우선순위를 명확히 설정하고, 일정과 품질 기준을 함께 관리합니다.

React, UI 컴포넌트, 브라우저 테스트, API 연동를 중심으로 실무를 수행하며, 요구사항과 결과물을 문서화해 업무 흐름이 누락되지 않도록 합니다.

기획·운영·현장 담당자 및 외부 협력 파트너와 수시로 협업합니다. 변경 사항은 영향 범위를 검토한 뒤 대안을 제시하고 합의된 방식으로 반영합니다.

문제 발생 시 사실관계와 원인을 먼저 확인하고, 재발 방지 방안을 업무 절차에 반영합니다. 입사 후에는 담당 영역의 실행력을 높이고, 정확성·일정 준수·이용자 관점의 완성도를 중요한 기준으로 삼습니다.","- React, UI 컴포넌트, 브라우저 테스트, API 연동 관련 업무 계획 수립 및 실행
- 담당 과제의 일정·진행 현황 관리
- 업무 산출물 작성 및 검토 이력 관리
- 유관 부서 및 외부 협력 대상과 실무 조율
- 현장·시스템·자료에서 발생한 이슈 분석 및 조치
- 운영 기준과 체크리스트 개선
- 결과 데이터 또는 피드백을 반영한 품질 개선","- 신입 조건에 맞는 관련 실무 경험 또는 역량 보유
- React, UI 컴포넌트, 브라우저 테스트, API 연동에 필요한 도구·절차를 이해하고 실무 적용이 가능한 분
- 업무 내용을 정확히 기록하고 일정에 맞춰 결과물을 제출할 수 있는 분
- 유관 부서와 원활하게 소통하며 협업할 수 있는 분
- 근무지 출퇴근 및 직무 수행이 가능한 분","- 정보처리기사 보유자
- 웹디자인기능사 보유자
- React, UI 컴포넌트, 브라우저 테스트, API 연동 관련 프로젝트 또는 현장 수행 경험
- 업무용 문서·보고서 작성 및 이력 관리 경험
- 유관 부서·외부 협력사와의 일정 조율 경험","- 지원서 또는 제출서류를 허위로 기재한 경우
- 채용 과정에서 요구한 증빙서류를 제출하지 못한 경우
- 채용검진 결과 직무 수행이 어렵다고 판단되는 경우
- 해외여행 및 근무에 결격사유가 있는 경우
- 관련 법령 또는 내부 인사규정상 채용이 불가능한 경우",서류전형 > 실무면접 > 최종면접
2142,프론트엔드개발자 실무자 채용,61,215,20260201,20260213,18,경력,계약직,경기도,전문학사 이상,"프론트엔드개발자 포지션은 웹 화면의 사용성과 성능을 구현 역할입니다. 담당 업무의 목표와 우선순위를 명확히 설정하고, 일정과 품질 기준을 함께 관리합니다.

React, UI 컴포넌트, 브라우저 테스트, API 연동를 중심으로 실무를 수행하며, 요구사항과 결과물을 문서화해 업무 흐름이 누락되지 않도록 합니다.

기획·운영·현장 담당자 및 외부 협력 파트너와 수시로 협업합니다. 변경 사항은 영향 범위를 검토한 뒤 대안을 제시하고 합의된 방식으로 반영합니다.

문제 발생 시 사실관계와 원인을 먼저 확인하고, 재발 방지 방안을 업무 절차에 반영합니다. 입사 후에는 담당 영역의 실행력을 높이고, 정확성·일정 준수·이용자 관점의 완성도를 중요한 기준으로 삼습니다.","- React, UI 컴포넌트, 브라우저 테스트, API 연동 관련 업무 계획 수립 및 실행
- 담당 과제의 일정·진행 현황 관리
- 업무 산출물 작성 및 검토 이력 관리
- 유관 부서 및 외부 협력 대상과 실무 조율
- 현장·시스템·자료에서 발생한 이슈 분석 및 조치
- 운영 기준과 체크리스트 개선
- 결과 데이터 또는 피드백을 반영한 품질 개선","- 경력 조건에 맞는 관련 실무 경험 또는 역량 보유
- React, UI 컴포넌트, 브라우저 테스트, API 연동에 필요한 도구·절차를 이해하고 실무 적용이 가능한 분
- 업무 내용을 정확히 기록하고 일정에 맞춰 결과물을 제출할 수 있는 분
- 유관 부서와 원활하게 소통하며 협업할 수 있는 분
- 근무지 출퇴근 및 직무 수행이 가능한 분","- 정보처리기사 보유자
- 웹디자인기능사 보유자
- React, UI 컴포넌트, 브라우저 테스트, API 연동 관련 프로젝트 또는 현장 수행 경험
- 업무용 문서·보고서 작성 및 이력 관리 경험
- 유관 부서·외부 협력사와의 일정 조율 경험","- 지원서 또는 제출서류를 허위로 기재한 경우
- 채용 과정에서 요구한 증빙서류를 제출하지 못한 경우
- 채용검진 결과 직무 수행이 어렵다고 판단되는 경우
- 해외여행 및 근무에 결격사유가 있는 경우
- 관련 법령 또는 내부 인사규정상 채용이 불가능한 경우",서류전형 > 인성검사 > 실무면접 > 최종면접
2143,프론트엔드개발자 전문인력 채용,113,215,20260306,20260321,20,신입·경력,정규직,인천광역시,학사 이상,"프론트엔드개발자 포지션은 웹 화면의 사용성과 성능을 구현 역할입니다. 담당 업무의 목표와 우선순위를 명확히 설정하고, 일정과 품질 기준을 함께 관리합니다.

React, UI 컴포넌트, 브라우저 테스트, API 연동를 중심으로 실무를 수행하며, 요구사항과 결과물을 문서화해 업무 흐름이 누락되지 않도록 합니다.

기획·운영·현장 담당자 및 외부 협력 파트너와 수시로 협업합니다. 변경 사항은 영향 범위를 검토한 뒤 대안을 제시하고 합의된 방식으로 반영합니다.

문제 발생 시 사실관계와 원인을 먼저 확인하고, 재발 방지 방안을 업무 절차에 반영합니다. 입사 후에는 담당 영역의 실행력을 높이고, 정확성·일정 준수·이용자 관점의 완성도를 중요한 기준으로 삼습니다.","- React, UI 컴포넌트, 브라우저 테스트, API 연동 관련 업무 계획 수립 및 실행
- 담당 과제의 일정·진행 현황 관리
- 업무 산출물 작성 및 검토 이력 관리
- 유관 부서 및 외부 협력 대상과 실무 조율
- 현장·시스템·자료에서 발생한 이슈 분석 및 조치
- 운영 기준과 체크리스트 개선
- 결과 데이터 또는 피드백을 반영한 품질 개선","- 신입·경력 조건에 맞는 관련 실무 경험 또는 역량 보유
- React, UI 컴포넌트, 브라우저 테스트, API 연동에 필요한 도구·절차를 이해하고 실무 적용이 가능한 분
- 업무 내용을 정확히 기록하고 일정에 맞춰 결과물을 제출할 수 있는 분
- 유관 부서와 원활하게 소통하며 협업할 수 있는 분
- 근무지 출퇴근 및 직무 수행이 가능한 분","- 정보처리기사 보유자
- 웹디자인기능사 보유자
- React, UI 컴포넌트, 브라우저 테스트, API 연동 관련 프로젝트 또는 현장 수행 경험
- 업무용 문서·보고서 작성 및 이력 관리 경험
- 유관 부서·외부 협력사와의 일정 조율 경험","- 지원서 또는 제출서류를 허위로 기재한 경우
- 채용 과정에서 요구한 증빙서류를 제출하지 못한 경우
- 채용검진 결과 직무 수행이 어렵다고 판단되는 경우
- 해외여행 및 근무에 결격사유가 있는 경우
- 관련 법령 또는 내부 인사규정상 채용이 불가능한 경우",서류전형 > 직무과제 > 실무면접 > 처우협의
2144,프론트엔드개발자 운영 담당 채용,129,215,20260411,20260429,2,경력 2년 이상,정규직,대전광역시,학사 이상,"프론트엔드개발자 포지션은 웹 화면의 사용성과 성능을 구현 역할입니다. 담당 업무의 목표와 우선순위를 명확히 설정하고, 일정과 품질 기준을 함께 관리합니다.

React, UI 컴포넌트, 브라우저 테스트, API 연동를 중심으로 실무를 수행하며, 요구사항과 결과물을 문서화해 업무 흐름이 누락되지 않도록 합니다.

기획·운영·현장 담당자 및 외부 협력 파트너와 수시로 협업합니다. 변경 사항은 영향 범위를 검토한 뒤 대안을 제시하고 합의된 방식으로 반영합니다.

문제 발생 시 사실관계와 원인을 먼저 확인하고, 재발 방지 방안을 업무 절차에 반영합니다. 입사 후에는 담당 영역의 실행력을 높이고, 정확성·일정 준수·이용자 관점의 완성도를 중요한 기준으로 삼습니다.","- React, UI 컴포넌트, 브라우저 테스트, API 연동 관련 업무 계획 수립 및 실행
- 담당 과제의 일정·진행 현황 관리
- 업무 산출물 작성 및 검토 이력 관리
- 유관 부서 및 외부 협력 대상과 실무 조율
- 현장·시스템·자료에서 발생한 이슈 분석 및 조치
- 운영 기준과 체크리스트 개선
- 결과 데이터 또는 피드백을 반영한 품질 개선","- 경력 2년 이상 조건에 맞는 관련 실무 경험 또는 역량 보유
- React, UI 컴포넌트, 브라우저 테스트, API 연동에 필요한 도구·절차를 이해하고 실무 적용이 가능한 분
- 업무 내용을 정확히 기록하고 일정에 맞춰 결과물을 제출할 수 있는 분
- 유관 부서와 원활하게 소통하며 협업할 수 있는 분
- 근무지 출퇴근 및 직무 수행이 가능한 분","- 정보처리기사 보유자
- 웹디자인기능사 보유자
- React, UI 컴포넌트, 브라우저 테스트, API 연동 관련 프로젝트 또는 현장 수행 경험
- 업무용 문서·보고서 작성 및 이력 관리 경험
- 유관 부서·외부 협력사와의 일정 조율 경험","- 지원서 또는 제출서류를 허위로 기재한 경우
- 채용 과정에서 요구한 증빙서류를 제출하지 못한 경우
- 채용검진 결과 직무 수행이 어렵다고 판단되는 경우
- 해외여행 및 근무에 결격사유가 있는 경우
- 관련 법령 또는 내부 인사규정상 채용이 불가능한 경우",서류전형 > 1차면접 > 2차면접 > 채용검진
2145,프론트엔드개발자 프로젝트 인재 모집,39,215,20260516,20260606,4,경력 3년 이상,무기계약직,부산광역시,학력무관,"프론트엔드개발자 포지션은 웹 화면의 사용성과 성능을 구현 역할입니다. 담당 업무의 목표와 우선순위를 명확히 설정하고, 일정과 품질 기준을 함께 관리합니다.

React, UI 컴포넌트, 브라우저 테스트, API 연동를 중심으로 실무를 수행하며, 요구사항과 결과물을 문서화해 업무 흐름이 누락되지 않도록 합니다.

기획·운영·현장 담당자 및 외부 협력 파트너와 수시로 협업합니다. 변경 사항은 영향 범위를 검토한 뒤 대안을 제시하고 합의된 방식으로 반영합니다.

문제 발생 시 사실관계와 원인을 먼저 확인하고, 재발 방지 방안을 업무 절차에 반영합니다. 입사 후에는 담당 영역의 실행력을 높이고, 정확성·일정 준수·이용자 관점의 완성도를 중요한 기준으로 삼습니다.","- React, UI 컴포넌트, 브라우저 테스트, API 연동 관련 업무 계획 수립 및 실행
- 담당 과제의 일정·진행 현황 관리
- 업무 산출물 작성 및 검토 이력 관리
- 유관 부서 및 외부 협력 대상과 실무 조율
- 현장·시스템·자료에서 발생한 이슈 분석 및 조치
- 운영 기준과 체크리스트 개선
- 결과 데이터 또는 피드백을 반영한 품질 개선","- 경력 3년 이상 조건에 맞는 관련 실무 경험 또는 역량 보유
- React, UI 컴포넌트, 브라우저 테스트, API 연동에 필요한 도구·절차를 이해하고 실무 적용이 가능한 분
- 업무 내용을 정확히 기록하고 일정에 맞춰 결과물을 제출할 수 있는 분
- 유관 부서와 원활하게 소통하며 협업할 수 있는 분
- 근무지 출퇴근 및 직무 수행이 가능한 분","- 정보처리기사 보유자
- 웹디자인기능사 보유자
- React, UI 컴포넌트, 브라우저 테스트, API 연동 관련 프로젝트 또는 현장 수행 경험
- 업무용 문서·보고서 작성 및 이력 관리 경험
- 유관 부서·외부 협력사와의 일정 조율 경험","- 지원서 또는 제출서류를 허위로 기재한 경우
- 채용 과정에서 요구한 증빙서류를 제출하지 못한 경우
- 채용검진 결과 직무 수행이 어렵다고 판단되는 경우
- 해외여행 및 근무에 결격사유가 있는 경우
- 관련 법령 또는 내부 인사규정상 채용이 불가능한 경우",서류전형 > 실무면접 > 최종면접
2146,프론트엔드개발자 전담 인력 채용,158,215,20260621,20260715,6,경력 무관,기간제,광주광역시,전문학사 이상,"프론트엔드개발자 포지션은 웹 화면의 사용성과 성능을 구현 역할입니다. 담당 업무의 목표와 우선순위를 명확히 설정하고, 일정과 품질 기준을 함께 관리합니다.

React, UI 컴포넌트, 브라우저 테스트, API 연동를 중심으로 실무를 수행하며, 요구사항과 결과물을 문서화해 업무 흐름이 누락되지 않도록 합니다.

기획·운영·현장 담당자 및 외부 협력 파트너와 수시로 협업합니다. 변경 사항은 영향 범위를 검토한 뒤 대안을 제시하고 합의된 방식으로 반영합니다.

문제 발생 시 사실관계와 원인을 먼저 확인하고, 재발 방지 방안을 업무 절차에 반영합니다. 입사 후에는 담당 영역의 실행력을 높이고, 정확성·일정 준수·이용자 관점의 완성도를 중요한 기준으로 삼습니다.","- React, UI 컴포넌트, 브라우저 테스트, API 연동 관련 업무 계획 수립 및 실행
- 담당 과제의 일정·진행 현황 관리
- 업무 산출물 작성 및 검토 이력 관리
- 유관 부서 및 외부 협력 대상과 실무 조율
- 현장·시스템·자료에서 발생한 이슈 분석 및 조치
- 운영 기준과 체크리스트 개선
- 결과 데이터 또는 피드백을 반영한 품질 개선","- 경력 무관 조건에 맞는 관련 실무 경험 또는 역량 보유
- React, UI 컴포넌트, 브라우저 테스트, API 연동에 필요한 도구·절차를 이해하고 실무 적용이 가능한 분
- 업무 내용을 정확히 기록하고 일정에 맞춰 결과물을 제출할 수 있는 분
- 유관 부서와 원활하게 소통하며 협업할 수 있는 분
- 근무지 출퇴근 및 직무 수행이 가능한 분","- 정보처리기사 보유자
- 웹디자인기능사 보유자
- React, UI 컴포넌트, 브라우저 테스트, API 연동 관련 프로젝트 또는 현장 수행 경험
- 업무용 문서·보고서 작성 및 이력 관리 경험
- 유관 부서·외부 협력사와의 일정 조율 경험","- 지원서 또는 제출서류를 허위로 기재한 경우
- 채용 과정에서 요구한 증빙서류를 제출하지 못한 경우
- 채용검진 결과 직무 수행이 어렵다고 판단되는 경우
- 해외여행 및 근무에 결격사유가 있는 경우
- 관련 법령 또는 내부 인사규정상 채용이 불가능한 경우",서류전형 > 인성검사 > 실무면접 > 최종면접
2147,프론트엔드개발자 실무 인재 모집,143,215,20260701,20260728,8,경력 5년 이상,정규직,세종특별자치시,학사 이상,"프론트엔드개발자 포지션은 웹 화면의 사용성과 성능을 구현 역할입니다. 담당 업무의 목표와 우선순위를 명확히 설정하고, 일정과 품질 기준을 함께 관리합니다.

React, UI 컴포넌트, 브라우저 테스트, API 연동를 중심으로 실무를 수행하며, 요구사항과 결과물을 문서화해 업무 흐름이 누락되지 않도록 합니다.

기획·운영·현장 담당자 및 외부 협력 파트너와 수시로 협업합니다. 변경 사항은 영향 범위를 검토한 뒤 대안을 제시하고 합의된 방식으로 반영합니다.

문제 발생 시 사실관계와 원인을 먼저 확인하고, 재발 방지 방안을 업무 절차에 반영합니다. 입사 후에는 담당 영역의 실행력을 높이고, 정확성·일정 준수·이용자 관점의 완성도를 중요한 기준으로 삼습니다.","- React, UI 컴포넌트, 브라우저 테스트, API 연동 관련 업무 계획 수립 및 실행
- 담당 과제의 일정·진행 현황 관리
- 업무 산출물 작성 및 검토 이력 관리
- 유관 부서 및 외부 협력 대상과 실무 조율
- 현장·시스템·자료에서 발생한 이슈 분석 및 조치
- 운영 기준과 체크리스트 개선
- 결과 데이터 또는 피드백을 반영한 품질 개선","- 경력 5년 이상 조건에 맞는 관련 실무 경험 또는 역량 보유
- React, UI 컴포넌트, 브라우저 테스트, API 연동에 필요한 도구·절차를 이해하고 실무 적용이 가능한 분
- 업무 내용을 정확히 기록하고 일정에 맞춰 결과물을 제출할 수 있는 분
- 유관 부서와 원활하게 소통하며 협업할 수 있는 분
- 근무지 출퇴근 및 직무 수행이 가능한 분","- 정보처리기사 보유자
- 웹디자인기능사 보유자
- React, UI 컴포넌트, 브라우저 테스트, API 연동 관련 프로젝트 또는 현장 수행 경험
- 업무용 문서·보고서 작성 및 이력 관리 경험
- 유관 부서·외부 협력사와의 일정 조율 경험","- 지원서 또는 제출서류를 허위로 기재한 경우
- 채용 과정에서 요구한 증빙서류를 제출하지 못한 경우
- 채용검진 결과 직무 수행이 어렵다고 판단되는 경우
- 해외여행 및 근무에 결격사유가 있는 경우
- 관련 법령 또는 내부 인사규정상 채용이 불가능한 경우",서류전형 > 직무과제 > 실무면접 > 처우협의
2148,프론트엔드개발자 담당자 공개채용,92,215,20260806,20260905,10,신입·경력,계약직,충청남도,학력무관,"프론트엔드개발자 포지션은 웹 화면의 사용성과 성능을 구현 역할입니다. 담당 업무의 목표와 우선순위를 명확히 설정하고, 일정과 품질 기준을 함께 관리합니다.

React, UI 컴포넌트, 브라우저 테스트, API 연동를 중심으로 실무를 수행하며, 요구사항과 결과물을 문서화해 업무 흐름이 누락되지 않도록 합니다.

기획·운영·현장 담당자 및 외부 협력 파트너와 수시로 협업합니다. 변경 사항은 영향 범위를 검토한 뒤 대안을 제시하고 합의된 방식으로 반영합니다.

문제 발생 시 사실관계와 원인을 먼저 확인하고, 재발 방지 방안을 업무 절차에 반영합니다. 입사 후에는 담당 영역의 실행력을 높이고, 정확성·일정 준수·이용자 관점의 완성도를 중요한 기준으로 삼습니다.","- React, UI 컴포넌트, 브라우저 테스트, API 연동 관련 업무 계획 수립 및 실행
- 담당 과제의 일정·진행 현황 관리
- 업무 산출물 작성 및 검토 이력 관리
- 유관 부서 및 외부 협력 대상과 실무 조율
- 현장·시스템·자료에서 발생한 이슈 분석 및 조치
- 운영 기준과 체크리스트 개선
- 결과 데이터 또는 피드백을 반영한 품질 개선","- 신입·경력 조건에 맞는 관련 실무 경험 또는 역량 보유
- React, UI 컴포넌트, 브라우저 테스트, API 연동에 필요한 도구·절차를 이해하고 실무 적용이 가능한 분
- 업무 내용을 정확히 기록하고 일정에 맞춰 결과물을 제출할 수 있는 분
- 유관 부서와 원활하게 소통하며 협업할 수 있는 분
- 근무지 출퇴근 및 직무 수행이 가능한 분","- 정보처리기사 보유자
- 웹디자인기능사 보유자
- React, UI 컴포넌트, 브라우저 테스트, API 연동 관련 프로젝트 또는 현장 수행 경험
- 업무용 문서·보고서 작성 및 이력 관리 경험
- 유관 부서·외부 협력사와의 일정 조율 경험","- 지원서 또는 제출서류를 허위로 기재한 경우
- 채용 과정에서 요구한 증빙서류를 제출하지 못한 경우
- 채용검진 결과 직무 수행이 어렵다고 판단되는 경우
- 해외여행 및 근무에 결격사유가 있는 경우
- 관련 법령 또는 내부 인사규정상 채용이 불가능한 경우",서류전형 > 1차면접 > 2차면접 > 채용검진
2149,프론트엔드개발자 정규직 모집,3,215,20260911,20261014,12,경력 2년 이상,정규직,경상남도,학사 이상,"프론트엔드개발자 포지션은 웹 화면의 사용성과 성능을 구현 역할입니다. 담당 업무의 목표와 우선순위를 명확히 설정하고, 일정과 품질 기준을 함께 관리합니다.

React, UI 컴포넌트, 브라우저 테스트, API 연동를 중심으로 실무를 수행하며, 요구사항과 결과물을 문서화해 업무 흐름이 누락되지 않도록 합니다.

기획·운영·현장 담당자 및 외부 협력 파트너와 수시로 협업합니다. 변경 사항은 영향 범위를 검토한 뒤 대안을 제시하고 합의된 방식으로 반영합니다.

문제 발생 시 사실관계와 원인을 먼저 확인하고, 재발 방지 방안을 업무 절차에 반영합니다. 입사 후에는 담당 영역의 실행력을 높이고, 정확성·일정 준수·이용자 관점의 완성도를 중요한 기준으로 삼습니다.","- React, UI 컴포넌트, 브라우저 테스트, API 연동 관련 업무 계획 수립 및 실행
- 담당 과제의 일정·진행 현황 관리
- 업무 산출물 작성 및 검토 이력 관리
- 유관 부서 및 외부 협력 대상과 실무 조율
- 현장·시스템·자료에서 발생한 이슈 분석 및 조치
- 운영 기준과 체크리스트 개선
- 결과 데이터 또는 피드백을 반영한 품질 개선","- 경력 2년 이상 조건에 맞는 관련 실무 경험 또는 역량 보유
- React, UI 컴포넌트, 브라우저 테스트, API 연동에 필요한 도구·절차를 이해하고 실무 적용이 가능한 분
- 업무 내용을 정확히 기록하고 일정에 맞춰 결과물을 제출할 수 있는 분
- 유관 부서와 원활하게 소통하며 협업할 수 있는 분
- 근무지 출퇴근 및 직무 수행이 가능한 분","- 정보처리기사 보유자
- 웹디자인기능사 보유자
- React, UI 컴포넌트, 브라우저 테스트, API 연동 관련 프로젝트 또는 현장 수행 경험
- 업무용 문서·보고서 작성 및 이력 관리 경험
- 유관 부서·외부 협력사와의 일정 조율 경험","- 지원서 또는 제출서류를 허위로 기재한 경우
- 채용 과정에서 요구한 증빙서류를 제출하지 못한 경우
- 채용검진 결과 직무 수행이 어렵다고 판단되는 경우
- 해외여행 및 근무에 결격사유가 있는 경우
- 관련 법령 또는 내부 인사규정상 채용이 불가능한 경우",서류전형 > 실무면접 > 최종면접
2150,프론트엔드개발자 채용,67,215,20261016,20261121,14,경력,정규직,전북특별자치도,전문학사 이상,"프론트엔드개발자 포지션은 웹 화면의 사용성과 성능을 구현 역할입니다. 담당 업무의 목표와 우선순위를 명확히 설정하고, 일정과 품질 기준을 함께 관리합니다.

React, UI 컴포넌트, 브라우저 테스트, API 연동를 중심으로 실무를 수행하며, 요구사항과 결과물을 문서화해 업무 흐름이 누락되지 않도록 합니다.

기획·운영·현장 담당자 및 외부 협력 파트너와 수시로 협업합니다. 변경 사항은 영향 범위를 검토한 뒤 대안을 제시하고 합의된 방식으로 반영합니다.

문제 발생 시 사실관계와 원인을 먼저 확인하고, 재발 방지 방안을 업무 절차에 반영합니다. 입사 후에는 담당 영역의 실행력을 높이고, 정확성·일정 준수·이용자 관점의 완성도를 중요한 기준으로 삼습니다.","- React, UI 컴포넌트, 브라우저 테스트, API 연동 관련 업무 계획 수립 및 실행
- 담당 과제의 일정·진행 현황 관리
- 업무 산출물 작성 및 검토 이력 관리
- 유관 부서 및 외부 협력 대상과 실무 조율
- 현장·시스템·자료에서 발생한 이슈 분석 및 조치
- 운영 기준과 체크리스트 개선
- 결과 데이터 또는 피드백을 반영한 품질 개선","- 경력 조건에 맞는 관련 실무 경험 또는 역량 보유
- React, UI 컴포넌트, 브라우저 테스트, API 연동에 필요한 도구·절차를 이해하고 실무 적용이 가능한 분
- 업무 내용을 정확히 기록하고 일정에 맞춰 결과물을 제출할 수 있는 분
- 유관 부서와 원활하게 소통하며 협업할 수 있는 분
- 근무지 출퇴근 및 직무 수행이 가능한 분","- 정보처리기사 보유자
- 웹디자인기능사 보유자
- React, UI 컴포넌트, 브라우저 테스트, API 연동 관련 프로젝트 또는 현장 수행 경험
- 업무용 문서·보고서 작성 및 이력 관리 경험
- 유관 부서·외부 협력사와의 일정 조율 경험","- 지원서 또는 제출서류를 허위로 기재한 경우
- 채용 과정에서 요구한 증빙서류를 제출하지 못한 경우
- 채용검진 결과 직무 수행이 어렵다고 판단되는 경우
- 해외여행 및 근무에 결격사유가 있는 경우
- 관련 법령 또는 내부 인사규정상 채용이 불가능한 경우",서류전형 > 인성검사 > 실무면접 > 최종면접
2151,웹개발자 담당자 모집,155,216,20260224,20260306,17,신입,정규직,서울특별시,학력무관,"웹개발자 포지션은 웹 서비스의 화면·서버 기능을 통합 개발 역할입니다. 담당 업무의 목표와 우선순위를 명확히 설정하고, 일정과 품질 기준을 함께 관리합니다.

웹 페이지, API, DB 연동, 운영 이슈를 중심으로 실무를 수행하며, 요구사항과 결과물을 문서화해 업무 흐름이 누락되지 않도록 합니다.

기획·운영·현장 담당자 및 외부 협력 파트너와 수시로 협업합니다. 변경 사항은 영향 범위를 검토한 뒤 대안을 제시하고 합의된 방식으로 반영합니다.

문제 발생 시 사실관계와 원인을 먼저 확인하고, 재발 방지 방안을 업무 절차에 반영합니다. 입사 후에는 담당 영역의 실행력을 높이고, 정확성·일정 준수·이용자 관점의 완성도를 중요한 기준으로 삼습니다.","- 웹 페이지, API, DB 연동, 운영 이슈 관련 업무 계획 수립 및 실행
- 담당 과제의 일정·진행 현황 관리
- 업무 산출물 작성 및 검토 이력 관리
- 유관 부서 및 외부 협력 대상과 실무 조율
- 현장·시스템·자료에서 발생한 이슈 분석 및 조치
- 운영 기준과 체크리스트 개선
- 결과 데이터 또는 피드백을 반영한 품질 개선","- 신입 조건에 맞는 관련 실무 경험 또는 역량 보유
- 웹 페이지, API, DB 연동, 운영 이슈에 필요한 도구·절차를 이해하고 실무 적용이 가능한 분
- 업무 내용을 정확히 기록하고 일정에 맞춰 결과물을 제출할 수 있는 분
- 유관 부서와 원활하게 소통하며 협업할 수 있는 분
- 근무지 출퇴근 및 직무 수행이 가능한 분","- 정보처리기사 보유자
- SQLD 보유자
- 웹 페이지, API, DB 연동, 운영 이슈 관련 프로젝트 또는 현장 수행 경험
- 업무용 문서·보고서 작성 및 이력 관리 경험
- 유관 부서·외부 협력사와의 일정 조율 경험","- 지원서 또는 제출서류를 허위로 기재한 경우
- 채용 과정에서 요구한 증빙서류를 제출하지 못한 경우
- 채용검진 결과 직무 수행이 어렵다고 판단되는 경우
- 해외여행 및 근무에 결격사유가 있는 경우
- 관련 법령 또는 내부 인사규정상 채용이 불가능한 경우",서류전형 > 실무면접 > 최종면접
2152,웹개발자 실무자 채용,80,216,20260304,20260317,19,경력,계약직,경기도,전문학사 이상,"웹개발자 포지션은 웹 서비스의 화면·서버 기능을 통합 개발 역할입니다. 담당 업무의 목표와 우선순위를 명확히 설정하고, 일정과 품질 기준을 함께 관리합니다.

웹 페이지, API, DB 연동, 운영 이슈를 중심으로 실무를 수행하며, 요구사항과 결과물을 문서화해 업무 흐름이 누락되지 않도록 합니다.

기획·운영·현장 담당자 및 외부 협력 파트너와 수시로 협업합니다. 변경 사항은 영향 범위를 검토한 뒤 대안을 제시하고 합의된 방식으로 반영합니다.

문제 발생 시 사실관계와 원인을 먼저 확인하고, 재발 방지 방안을 업무 절차에 반영합니다. 입사 후에는 담당 영역의 실행력을 높이고, 정확성·일정 준수·이용자 관점의 완성도를 중요한 기준으로 삼습니다.","- 웹 페이지, API, DB 연동, 운영 이슈 관련 업무 계획 수립 및 실행
- 담당 과제의 일정·진행 현황 관리
- 업무 산출물 작성 및 검토 이력 관리
- 유관 부서 및 외부 협력 대상과 실무 조율
- 현장·시스템·자료에서 발생한 이슈 분석 및 조치
- 운영 기준과 체크리스트 개선
- 결과 데이터 또는 피드백을 반영한 품질 개선","- 경력 조건에 맞는 관련 실무 경험 또는 역량 보유
- 웹 페이지, API, DB 연동, 운영 이슈에 필요한 도구·절차를 이해하고 실무 적용이 가능한 분
- 업무 내용을 정확히 기록하고 일정에 맞춰 결과물을 제출할 수 있는 분
- 유관 부서와 원활하게 소통하며 협업할 수 있는 분
- 근무지 출퇴근 및 직무 수행이 가능한 분","- 정보처리기사 보유자
- SQLD 보유자
- 웹 페이지, API, DB 연동, 운영 이슈 관련 프로젝트 또는 현장 수행 경험
- 업무용 문서·보고서 작성 및 이력 관리 경험
- 유관 부서·외부 협력사와의 일정 조율 경험","- 지원서 또는 제출서류를 허위로 기재한 경우
- 채용 과정에서 요구한 증빙서류를 제출하지 못한 경우
- 채용검진 결과 직무 수행이 어렵다고 판단되는 경우
- 해외여행 및 근무에 결격사유가 있는 경우
- 관련 법령 또는 내부 인사규정상 채용이 불가능한 경우",서류전형 > 인성검사 > 실무면접 > 최종면접
2153,웹개발자 전문인력 채용,29,216,20260409,20260425,1,신입·경력,정규직,인천광역시,학사 이상,"웹개발자 포지션은 웹 서비스의 화면·서버 기능을 통합 개발 역할입니다. 담당 업무의 목표와 우선순위를 명확히 설정하고, 일정과 품질 기준을 함께 관리합니다.

웹 페이지, API, DB 연동, 운영 이슈를 중심으로 실무를 수행하며, 요구사항과 결과물을 문서화해 업무 흐름이 누락되지 않도록 합니다.

기획·운영·현장 담당자 및 외부 협력 파트너와 수시로 협업합니다. 변경 사항은 영향 범위를 검토한 뒤 대안을 제시하고 합의된 방식으로 반영합니다.

문제 발생 시 사실관계와 원인을 먼저 확인하고, 재발 방지 방안을 업무 절차에 반영합니다. 입사 후에는 담당 영역의 실행력을 높이고, 정확성·일정 준수·이용자 관점의 완성도를 중요한 기준으로 삼습니다.","- 웹 페이지, API, DB 연동, 운영 이슈 관련 업무 계획 수립 및 실행
- 담당 과제의 일정·진행 현황 관리
- 업무 산출물 작성 및 검토 이력 관리
- 유관 부서 및 외부 협력 대상과 실무 조율
- 현장·시스템·자료에서 발생한 이슈 분석 및 조치
- 운영 기준과 체크리스트 개선
- 결과 데이터 또는 피드백을 반영한 품질 개선","- 신입·경력 조건에 맞는 관련 실무 경험 또는 역량 보유
- 웹 페이지, API, DB 연동, 운영 이슈에 필요한 도구·절차를 이해하고 실무 적용이 가능한 분
- 업무 내용을 정확히 기록하고 일정에 맞춰 결과물을 제출할 수 있는 분
- 유관 부서와 원활하게 소통하며 협업할 수 있는 분
- 근무지 출퇴근 및 직무 수행이 가능한 분","- 정보처리기사 보유자
- SQLD 보유자
- 웹 페이지, API, DB 연동, 운영 이슈 관련 프로젝트 또는 현장 수행 경험
- 업무용 문서·보고서 작성 및 이력 관리 경험
- 유관 부서·외부 협력사와의 일정 조율 경험","- 지원서 또는 제출서류를 허위로 기재한 경우
- 채용 과정에서 요구한 증빙서류를 제출하지 못한 경우
- 채용검진 결과 직무 수행이 어렵다고 판단되는 경우
- 해외여행 및 근무에 결격사유가 있는 경우
- 관련 법령 또는 내부 인사규정상 채용이 불가능한 경우",서류전형 > 직무과제 > 실무면접 > 처우협의
2154,웹개발자 운영 담당 채용,101,216,20260514,20260602,3,경력 2년 이상,정규직,대전광역시,학사 이상,"웹개발자 포지션은 웹 서비스의 화면·서버 기능을 통합 개발 역할입니다. 담당 업무의 목표와 우선순위를 명확히 설정하고, 일정과 품질 기준을 함께 관리합니다.

웹 페이지, API, DB 연동, 운영 이슈를 중심으로 실무를 수행하며, 요구사항과 결과물을 문서화해 업무 흐름이 누락되지 않도록 합니다.

기획·운영·현장 담당자 및 외부 협력 파트너와 수시로 협업합니다. 변경 사항은 영향 범위를 검토한 뒤 대안을 제시하고 합의된 방식으로 반영합니다.

문제 발생 시 사실관계와 원인을 먼저 확인하고, 재발 방지 방안을 업무 절차에 반영합니다. 입사 후에는 담당 영역의 실행력을 높이고, 정확성·일정 준수·이용자 관점의 완성도를 중요한 기준으로 삼습니다.","- 웹 페이지, API, DB 연동, 운영 이슈 관련 업무 계획 수립 및 실행
- 담당 과제의 일정·진행 현황 관리
- 업무 산출물 작성 및 검토 이력 관리
- 유관 부서 및 외부 협력 대상과 실무 조율
- 현장·시스템·자료에서 발생한 이슈 분석 및 조치
- 운영 기준과 체크리스트 개선
- 결과 데이터 또는 피드백을 반영한 품질 개선","- 경력 2년 이상 조건에 맞는 관련 실무 경험 또는 역량 보유
- 웹 페이지, API, DB 연동, 운영 이슈에 필요한 도구·절차를 이해하고 실무 적용이 가능한 분
- 업무 내용을 정확히 기록하고 일정에 맞춰 결과물을 제출할 수 있는 분
- 유관 부서와 원활하게 소통하며 협업할 수 있는 분
- 근무지 출퇴근 및 직무 수행이 가능한 분","- 정보처리기사 보유자
- SQLD 보유자
- 웹 페이지, API, DB 연동, 운영 이슈 관련 프로젝트 또는 현장 수행 경험
- 업무용 문서·보고서 작성 및 이력 관리 경험
- 유관 부서·외부 협력사와의 일정 조율 경험","- 지원서 또는 제출서류를 허위로 기재한 경우
- 채용 과정에서 요구한 증빙서류를 제출하지 못한 경우
- 채용검진 결과 직무 수행이 어렵다고 판단되는 경우
- 해외여행 및 근무에 결격사유가 있는 경우
- 관련 법령 또는 내부 인사규정상 채용이 불가능한 경우",서류전형 > 1차면접 > 2차면접 > 채용검진
2155,웹개발자 프로젝트 인재 모집,102,216,20260619,20260711,5,경력 3년 이상,무기계약직,부산광역시,학력무관,"웹개발자 포지션은 웹 서비스의 화면·서버 기능을 통합 개발 역할입니다. 담당 업무의 목표와 우선순위를 명확히 설정하고, 일정과 품질 기준을 함께 관리합니다.

웹 페이지, API, DB 연동, 운영 이슈를 중심으로 실무를 수행하며, 요구사항과 결과물을 문서화해 업무 흐름이 누락되지 않도록 합니다.

기획·운영·현장 담당자 및 외부 협력 파트너와 수시로 협업합니다. 변경 사항은 영향 범위를 검토한 뒤 대안을 제시하고 합의된 방식으로 반영합니다.

문제 발생 시 사실관계와 원인을 먼저 확인하고, 재발 방지 방안을 업무 절차에 반영합니다. 입사 후에는 담당 영역의 실행력을 높이고, 정확성·일정 준수·이용자 관점의 완성도를 중요한 기준으로 삼습니다.","- 웹 페이지, API, DB 연동, 운영 이슈 관련 업무 계획 수립 및 실행
- 담당 과제의 일정·진행 현황 관리
- 업무 산출물 작성 및 검토 이력 관리
- 유관 부서 및 외부 협력 대상과 실무 조율
- 현장·시스템·자료에서 발생한 이슈 분석 및 조치
- 운영 기준과 체크리스트 개선
- 결과 데이터 또는 피드백을 반영한 품질 개선","- 경력 3년 이상 조건에 맞는 관련 실무 경험 또는 역량 보유
- 웹 페이지, API, DB 연동, 운영 이슈에 필요한 도구·절차를 이해하고 실무 적용이 가능한 분
- 업무 내용을 정확히 기록하고 일정에 맞춰 결과물을 제출할 수 있는 분
- 유관 부서와 원활하게 소통하며 협업할 수 있는 분
- 근무지 출퇴근 및 직무 수행이 가능한 분","- 정보처리기사 보유자
- SQLD 보유자
- 웹 페이지, API, DB 연동, 운영 이슈 관련 프로젝트 또는 현장 수행 경험
- 업무용 문서·보고서 작성 및 이력 관리 경험
- 유관 부서·외부 협력사와의 일정 조율 경험","- 지원서 또는 제출서류를 허위로 기재한 경우
- 채용 과정에서 요구한 증빙서류를 제출하지 못한 경우
- 채용검진 결과 직무 수행이 어렵다고 판단되는 경우
- 해외여행 및 근무에 결격사유가 있는 경우
- 관련 법령 또는 내부 인사규정상 채용이 불가능한 경우",서류전형 > 실무면접 > 최종면접
2156,웹개발자 전담 인력 채용,15,216,20260724,20260818,7,경력 무관,기간제,광주광역시,전문학사 이상,"웹개발자 포지션은 웹 서비스의 화면·서버 기능을 통합 개발 역할입니다. 담당 업무의 목표와 우선순위를 명확히 설정하고, 일정과 품질 기준을 함께 관리합니다.

웹 페이지, API, DB 연동, 운영 이슈를 중심으로 실무를 수행하며, 요구사항과 결과물을 문서화해 업무 흐름이 누락되지 않도록 합니다.

기획·운영·현장 담당자 및 외부 협력 파트너와 수시로 협업합니다. 변경 사항은 영향 범위를 검토한 뒤 대안을 제시하고 합의된 방식으로 반영합니다.

문제 발생 시 사실관계와 원인을 먼저 확인하고, 재발 방지 방안을 업무 절차에 반영합니다. 입사 후에는 담당 영역의 실행력을 높이고, 정확성·일정 준수·이용자 관점의 완성도를 중요한 기준으로 삼습니다.","- 웹 페이지, API, DB 연동, 운영 이슈 관련 업무 계획 수립 및 실행
- 담당 과제의 일정·진행 현황 관리
- 업무 산출물 작성 및 검토 이력 관리
- 유관 부서 및 외부 협력 대상과 실무 조율
- 현장·시스템·자료에서 발생한 이슈 분석 및 조치
- 운영 기준과 체크리스트 개선
- 결과 데이터 또는 피드백을 반영한 품질 개선","- 경력 무관 조건에 맞는 관련 실무 경험 또는 역량 보유
- 웹 페이지, API, DB 연동, 운영 이슈에 필요한 도구·절차를 이해하고 실무 적용이 가능한 분
- 업무 내용을 정확히 기록하고 일정에 맞춰 결과물을 제출할 수 있는 분
- 유관 부서와 원활하게 소통하며 협업할 수 있는 분
- 근무지 출퇴근 및 직무 수행이 가능한 분","- 정보처리기사 보유자
- SQLD 보유자
- 웹 페이지, API, DB 연동, 운영 이슈 관련 프로젝트 또는 현장 수행 경험
- 업무용 문서·보고서 작성 및 이력 관리 경험
- 유관 부서·외부 협력사와의 일정 조율 경험","- 지원서 또는 제출서류를 허위로 기재한 경우
- 채용 과정에서 요구한 증빙서류를 제출하지 못한 경우
- 채용검진 결과 직무 수행이 어렵다고 판단되는 경우
- 해외여행 및 근무에 결격사유가 있는 경우
- 관련 법령 또는 내부 인사규정상 채용이 불가능한 경우",서류전형 > 인성검사 > 실무면접 > 최종면접
2157,웹개발자 실무 인재 모집,143,216,20260804,20260901,9,경력 5년 이상,정규직,세종특별자치시,학사 이상,"웹개발자 포지션은 웹 서비스의 화면·서버 기능을 통합 개발 역할입니다. 담당 업무의 목표와 우선순위를 명확히 설정하고, 일정과 품질 기준을 함께 관리합니다.

웹 페이지, API, DB 연동, 운영 이슈를 중심으로 실무를 수행하며, 요구사항과 결과물을 문서화해 업무 흐름이 누락되지 않도록 합니다.

기획·운영·현장 담당자 및 외부 협력 파트너와 수시로 협업합니다. 변경 사항은 영향 범위를 검토한 뒤 대안을 제시하고 합의된 방식으로 반영합니다.

문제 발생 시 사실관계와 원인을 먼저 확인하고, 재발 방지 방안을 업무 절차에 반영합니다. 입사 후에는 담당 영역의 실행력을 높이고, 정확성·일정 준수·이용자 관점의 완성도를 중요한 기준으로 삼습니다.","- 웹 페이지, API, DB 연동, 운영 이슈 관련 업무 계획 수립 및 실행
- 담당 과제의 일정·진행 현황 관리
- 업무 산출물 작성 및 검토 이력 관리
- 유관 부서 및 외부 협력 대상과 실무 조율
- 현장·시스템·자료에서 발생한 이슈 분석 및 조치
- 운영 기준과 체크리스트 개선
- 결과 데이터 또는 피드백을 반영한 품질 개선","- 경력 5년 이상 조건에 맞는 관련 실무 경험 또는 역량 보유
- 웹 페이지, API, DB 연동, 운영 이슈에 필요한 도구·절차를 이해하고 실무 적용이 가능한 분
- 업무 내용을 정확히 기록하고 일정에 맞춰 결과물을 제출할 수 있는 분
- 유관 부서와 원활하게 소통하며 협업할 수 있는 분
- 근무지 출퇴근 및 직무 수행이 가능한 분","- 정보처리기사 보유자
- SQLD 보유자
- 웹 페이지, API, DB 연동, 운영 이슈 관련 프로젝트 또는 현장 수행 경험
- 업무용 문서·보고서 작성 및 이력 관리 경험
- 유관 부서·외부 협력사와의 일정 조율 경험","- 지원서 또는 제출서류를 허위로 기재한 경우
- 채용 과정에서 요구한 증빙서류를 제출하지 못한 경우
- 채용검진 결과 직무 수행이 어렵다고 판단되는 경우
- 해외여행 및 근무에 결격사유가 있는 경우
- 관련 법령 또는 내부 인사규정상 채용이 불가능한 경우",서류전형 > 직무과제 > 실무면접 > 처우협의
2158,웹개발자 담당자 공개채용,51,216,20260909,20261010,11,신입·경력,계약직,충청남도,학력무관,"웹개발자 포지션은 웹 서비스의 화면·서버 기능을 통합 개발 역할입니다. 담당 업무의 목표와 우선순위를 명확히 설정하고, 일정과 품질 기준을 함께 관리합니다.

웹 페이지, API, DB 연동, 운영 이슈를 중심으로 실무를 수행하며, 요구사항과 결과물을 문서화해 업무 흐름이 누락되지 않도록 합니다.

기획·운영·현장 담당자 및 외부 협력 파트너와 수시로 협업합니다. 변경 사항은 영향 범위를 검토한 뒤 대안을 제시하고 합의된 방식으로 반영합니다.

문제 발생 시 사실관계와 원인을 먼저 확인하고, 재발 방지 방안을 업무 절차에 반영합니다. 입사 후에는 담당 영역의 실행력을 높이고, 정확성·일정 준수·이용자 관점의 완성도를 중요한 기준으로 삼습니다.","- 웹 페이지, API, DB 연동, 운영 이슈 관련 업무 계획 수립 및 실행
- 담당 과제의 일정·진행 현황 관리
- 업무 산출물 작성 및 검토 이력 관리
- 유관 부서 및 외부 협력 대상과 실무 조율
- 현장·시스템·자료에서 발생한 이슈 분석 및 조치
- 운영 기준과 체크리스트 개선
- 결과 데이터 또는 피드백을 반영한 품질 개선","- 신입·경력 조건에 맞는 관련 실무 경험 또는 역량 보유
- 웹 페이지, API, DB 연동, 운영 이슈에 필요한 도구·절차를 이해하고 실무 적용이 가능한 분
- 업무 내용을 정확히 기록하고 일정에 맞춰 결과물을 제출할 수 있는 분
- 유관 부서와 원활하게 소통하며 협업할 수 있는 분
- 근무지 출퇴근 및 직무 수행이 가능한 분","- 정보처리기사 보유자
- SQLD 보유자
- 웹 페이지, API, DB 연동, 운영 이슈 관련 프로젝트 또는 현장 수행 경험
- 업무용 문서·보고서 작성 및 이력 관리 경험
- 유관 부서·외부 협력사와의 일정 조율 경험","- 지원서 또는 제출서류를 허위로 기재한 경우
- 채용 과정에서 요구한 증빙서류를 제출하지 못한 경우
- 채용검진 결과 직무 수행이 어렵다고 판단되는 경우
- 해외여행 및 근무에 결격사유가 있는 경우
- 관련 법령 또는 내부 인사규정상 채용이 불가능한 경우",서류전형 > 1차면접 > 2차면접 > 채용검진
2159,웹개발자 정규직 모집,120,216,20261014,20261117,13,경력 2년 이상,정규직,경상남도,학사 이상,"웹개발자 포지션은 웹 서비스의 화면·서버 기능을 통합 개발 역할입니다. 담당 업무의 목표와 우선순위를 명확히 설정하고, 일정과 품질 기준을 함께 관리합니다.

웹 페이지, API, DB 연동, 운영 이슈를 중심으로 실무를 수행하며, 요구사항과 결과물을 문서화해 업무 흐름이 누락되지 않도록 합니다.

기획·운영·현장 담당자 및 외부 협력 파트너와 수시로 협업합니다. 변경 사항은 영향 범위를 검토한 뒤 대안을 제시하고 합의된 방식으로 반영합니다.

문제 발생 시 사실관계와 원인을 먼저 확인하고, 재발 방지 방안을 업무 절차에 반영합니다. 입사 후에는 담당 영역의 실행력을 높이고, 정확성·일정 준수·이용자 관점의 완성도를 중요한 기준으로 삼습니다.","- 웹 페이지, API, DB 연동, 운영 이슈 관련 업무 계획 수립 및 실행
- 담당 과제의 일정·진행 현황 관리
- 업무 산출물 작성 및 검토 이력 관리
- 유관 부서 및 외부 협력 대상과 실무 조율
- 현장·시스템·자료에서 발생한 이슈 분석 및 조치
- 운영 기준과 체크리스트 개선
- 결과 데이터 또는 피드백을 반영한 품질 개선","- 경력 2년 이상 조건에 맞는 관련 실무 경험 또는 역량 보유
- 웹 페이지, API, DB 연동, 운영 이슈에 필요한 도구·절차를 이해하고 실무 적용이 가능한 분
- 업무 내용을 정확히 기록하고 일정에 맞춰 결과물을 제출할 수 있는 분
- 유관 부서와 원활하게 소통하며 협업할 수 있는 분
- 근무지 출퇴근 및 직무 수행이 가능한 분","- 정보처리기사 보유자
- SQLD 보유자
- 웹 페이지, API, DB 연동, 운영 이슈 관련 프로젝트 또는 현장 수행 경험
- 업무용 문서·보고서 작성 및 이력 관리 경험
- 유관 부서·외부 협력사와의 일정 조율 경험","- 지원서 또는 제출서류를 허위로 기재한 경우
- 채용 과정에서 요구한 증빙서류를 제출하지 못한 경우
- 채용검진 결과 직무 수행이 어렵다고 판단되는 경우
- 해외여행 및 근무에 결격사유가 있는 경우
- 관련 법령 또는 내부 인사규정상 채용이 불가능한 경우",서류전형 > 실무면접 > 최종면접
2160,웹개발자 채용,65,216,20260219,20260328,15,경력,정규직,전북특별자치도,전문학사 이상,"웹개발자 포지션은 웹 서비스의 화면·서버 기능을 통합 개발 역할입니다. 담당 업무의 목표와 우선순위를 명확히 설정하고, 일정과 품질 기준을 함께 관리합니다.

웹 페이지, API, DB 연동, 운영 이슈를 중심으로 실무를 수행하며, 요구사항과 결과물을 문서화해 업무 흐름이 누락되지 않도록 합니다.

기획·운영·현장 담당자 및 외부 협력 파트너와 수시로 협업합니다. 변경 사항은 영향 범위를 검토한 뒤 대안을 제시하고 합의된 방식으로 반영합니다.

문제 발생 시 사실관계와 원인을 먼저 확인하고, 재발 방지 방안을 업무 절차에 반영합니다. 입사 후에는 담당 영역의 실행력을 높이고, 정확성·일정 준수·이용자 관점의 완성도를 중요한 기준으로 삼습니다.","- 웹 페이지, API, DB 연동, 운영 이슈 관련 업무 계획 수립 및 실행
- 담당 과제의 일정·진행 현황 관리
- 업무 산출물 작성 및 검토 이력 관리
- 유관 부서 및 외부 협력 대상과 실무 조율
- 현장·시스템·자료에서 발생한 이슈 분석 및 조치
- 운영 기준과 체크리스트 개선
- 결과 데이터 또는 피드백을 반영한 품질 개선","- 경력 조건에 맞는 관련 실무 경험 또는 역량 보유
- 웹 페이지, API, DB 연동, 운영 이슈에 필요한 도구·절차를 이해하고 실무 적용이 가능한 분
- 업무 내용을 정확히 기록하고 일정에 맞춰 결과물을 제출할 수 있는 분
- 유관 부서와 원활하게 소통하며 협업할 수 있는 분
- 근무지 출퇴근 및 직무 수행이 가능한 분","- 정보처리기사 보유자
- SQLD 보유자
- 웹 페이지, API, DB 연동, 운영 이슈 관련 프로젝트 또는 현장 수행 경험
- 업무용 문서·보고서 작성 및 이력 관리 경험
- 유관 부서·외부 협력사와의 일정 조율 경험","- 지원서 또는 제출서류를 허위로 기재한 경우
- 채용 과정에서 요구한 증빙서류를 제출하지 못한 경우
- 채용검진 결과 직무 수행이 어렵다고 판단되는 경우
- 해외여행 및 근무에 결격사유가 있는 경우
- 관련 법령 또는 내부 인사규정상 채용이 불가능한 경우",서류전형 > 인성검사 > 실무면접 > 최종면접
2161,앱개발자 담당자 모집,23,217,20260302,20260313,18,신입,정규직,서울특별시,학력무관,"앱개발자 포지션은 모바일 앱 기능과 안정적인 배포 환경을 개발 역할입니다. 담당 업무의 목표와 우선순위를 명확히 설정하고, 일정과 품질 기준을 함께 관리합니다.

iOS·Android 앱, API 연동, 앱스토어 배포, 오류 분석를 중심으로 실무를 수행하며, 요구사항과 결과물을 문서화해 업무 흐름이 누락되지 않도록 합니다.

기획·운영·현장 담당자 및 외부 협력 파트너와 수시로 협업합니다. 변경 사항은 영향 범위를 검토한 뒤 대안을 제시하고 합의된 방식으로 반영합니다.

문제 발생 시 사실관계와 원인을 먼저 확인하고, 재발 방지 방안을 업무 절차에 반영합니다. 입사 후에는 담당 영역의 실행력을 높이고, 정확성·일정 준수·이용자 관점의 완성도를 중요한 기준으로 삼습니다.","- iOS·Android 앱, API 연동, 앱스토어 배포, 오류 분석 관련 업무 계획 수립 및 실행
- 담당 과제의 일정·진행 현황 관리
- 업무 산출물 작성 및 검토 이력 관리
- 유관 부서 및 외부 협력 대상과 실무 조율
- 현장·시스템·자료에서 발생한 이슈 분석 및 조치
- 운영 기준과 체크리스트 개선
- 결과 데이터 또는 피드백을 반영한 품질 개선","- 신입 조건에 맞는 관련 실무 경험 또는 역량 보유
- iOS·Android 앱, API 연동, 앱스토어 배포, 오류 분석에 필요한 도구·절차를 이해하고 실무 적용이 가능한 분
- 업무 내용을 정확히 기록하고 일정에 맞춰 결과물을 제출할 수 있는 분
- 유관 부서와 원활하게 소통하며 협업할 수 있는 분
- 근무지 출퇴근 및 직무 수행이 가능한 분","- 정보처리기사 보유자
- 정보처리산업기사 보유자
- iOS·Android 앱, API 연동, 앱스토어 배포, 오류 분석 관련 프로젝트 또는 현장 수행 경험
- 업무용 문서·보고서 작성 및 이력 관리 경험
- 유관 부서·외부 협력사와의 일정 조율 경험","- 지원서 또는 제출서류를 허위로 기재한 경우
- 채용 과정에서 요구한 증빙서류를 제출하지 못한 경우
- 채용검진 결과 직무 수행이 어렵다고 판단되는 경우
- 해외여행 및 근무에 결격사유가 있는 경우
- 관련 법령 또는 내부 인사규정상 채용이 불가능한 경우",서류전형 > 실무면접 > 최종면접
2162,앱개발자 실무자 채용,89,217,20260407,20260421,20,경력,계약직,경기도,전문학사 이상,"앱개발자 포지션은 모바일 앱 기능과 안정적인 배포 환경을 개발 역할입니다. 담당 업무의 목표와 우선순위를 명확히 설정하고, 일정과 품질 기준을 함께 관리합니다.

iOS·Android 앱, API 연동, 앱스토어 배포, 오류 분석를 중심으로 실무를 수행하며, 요구사항과 결과물을 문서화해 업무 흐름이 누락되지 않도록 합니다.

기획·운영·현장 담당자 및 외부 협력 파트너와 수시로 협업합니다. 변경 사항은 영향 범위를 검토한 뒤 대안을 제시하고 합의된 방식으로 반영합니다.

문제 발생 시 사실관계와 원인을 먼저 확인하고, 재발 방지 방안을 업무 절차에 반영합니다. 입사 후에는 담당 영역의 실행력을 높이고, 정확성·일정 준수·이용자 관점의 완성도를 중요한 기준으로 삼습니다.","- iOS·Android 앱, API 연동, 앱스토어 배포, 오류 분석 관련 업무 계획 수립 및 실행
- 담당 과제의 일정·진행 현황 관리
- 업무 산출물 작성 및 검토 이력 관리
- 유관 부서 및 외부 협력 대상과 실무 조율
- 현장·시스템·자료에서 발생한 이슈 분석 및 조치
- 운영 기준과 체크리스트 개선
- 결과 데이터 또는 피드백을 반영한 품질 개선","- 경력 조건에 맞는 관련 실무 경험 또는 역량 보유
- iOS·Android 앱, API 연동, 앱스토어 배포, 오류 분석에 필요한 도구·절차를 이해하고 실무 적용이 가능한 분
- 업무 내용을 정확히 기록하고 일정에 맞춰 결과물을 제출할 수 있는 분
- 유관 부서와 원활하게 소통하며 협업할 수 있는 분
- 근무지 출퇴근 및 직무 수행이 가능한 분","- 정보처리기사 보유자
- 정보처리산업기사 보유자
- iOS·Android 앱, API 연동, 앱스토어 배포, 오류 분석 관련 프로젝트 또는 현장 수행 경험
- 업무용 문서·보고서 작성 및 이력 관리 경험
- 유관 부서·외부 협력사와의 일정 조율 경험","- 지원서 또는 제출서류를 허위로 기재한 경우
- 채용 과정에서 요구한 증빙서류를 제출하지 못한 경우
- 채용검진 결과 직무 수행이 어렵다고 판단되는 경우
- 해외여행 및 근무에 결격사유가 있는 경우
- 관련 법령 또는 내부 인사규정상 채용이 불가능한 경우",서류전형 > 인성검사 > 실무면접 > 최종면접
2163,앱개발자 전문인력 채용,69,217,20260512,20260529,2,신입·경력,정규직,인천광역시,학사 이상,"앱개발자 포지션은 모바일 앱 기능과 안정적인 배포 환경을 개발 역할입니다. 담당 업무의 목표와 우선순위를 명확히 설정하고, 일정과 품질 기준을 함께 관리합니다.

iOS·Android 앱, API 연동, 앱스토어 배포, 오류 분석를 중심으로 실무를 수행하며, 요구사항과 결과물을 문서화해 업무 흐름이 누락되지 않도록 합니다.

기획·운영·현장 담당자 및 외부 협력 파트너와 수시로 협업합니다. 변경 사항은 영향 범위를 검토한 뒤 대안을 제시하고 합의된 방식으로 반영합니다.

문제 발생 시 사실관계와 원인을 먼저 확인하고, 재발 방지 방안을 업무 절차에 반영합니다. 입사 후에는 담당 영역의 실행력을 높이고, 정확성·일정 준수·이용자 관점의 완성도를 중요한 기준으로 삼습니다.","- iOS·Android 앱, API 연동, 앱스토어 배포, 오류 분석 관련 업무 계획 수립 및 실행
- 담당 과제의 일정·진행 현황 관리
- 업무 산출물 작성 및 검토 이력 관리
- 유관 부서 및 외부 협력 대상과 실무 조율
- 현장·시스템·자료에서 발생한 이슈 분석 및 조치
- 운영 기준과 체크리스트 개선
- 결과 데이터 또는 피드백을 반영한 품질 개선","- 신입·경력 조건에 맞는 관련 실무 경험 또는 역량 보유
- iOS·Android 앱, API 연동, 앱스토어 배포, 오류 분석에 필요한 도구·절차를 이해하고 실무 적용이 가능한 분
- 업무 내용을 정확히 기록하고 일정에 맞춰 결과물을 제출할 수 있는 분
- 유관 부서와 원활하게 소통하며 협업할 수 있는 분
- 근무지 출퇴근 및 직무 수행이 가능한 분","- 정보처리기사 보유자
- 정보처리산업기사 보유자
- iOS·Android 앱, API 연동, 앱스토어 배포, 오류 분석 관련 프로젝트 또는 현장 수행 경험
- 업무용 문서·보고서 작성 및 이력 관리 경험
- 유관 부서·외부 협력사와의 일정 조율 경험","- 지원서 또는 제출서류를 허위로 기재한 경우
- 채용 과정에서 요구한 증빙서류를 제출하지 못한 경우
- 채용검진 결과 직무 수행이 어렵다고 판단되는 경우
- 해외여행 및 근무에 결격사유가 있는 경우
- 관련 법령 또는 내부 인사규정상 채용이 불가능한 경우",서류전형 > 직무과제 > 실무면접 > 처우협의
2164,앱개발자 운영 담당 채용,120,217,20260617,20260707,4,경력 2년 이상,정규직,대전광역시,학사 이상,"앱개발자 포지션은 모바일 앱 기능과 안정적인 배포 환경을 개발 역할입니다. 담당 업무의 목표와 우선순위를 명확히 설정하고, 일정과 품질 기준을 함께 관리합니다.

iOS·Android 앱, API 연동, 앱스토어 배포, 오류 분석를 중심으로 실무를 수행하며, 요구사항과 결과물을 문서화해 업무 흐름이 누락되지 않도록 합니다.

기획·운영·현장 담당자 및 외부 협력 파트너와 수시로 협업합니다. 변경 사항은 영향 범위를 검토한 뒤 대안을 제시하고 합의된 방식으로 반영합니다.

문제 발생 시 사실관계와 원인을 먼저 확인하고, 재발 방지 방안을 업무 절차에 반영합니다. 입사 후에는 담당 영역의 실행력을 높이고, 정확성·일정 준수·이용자 관점의 완성도를 중요한 기준으로 삼습니다.","- iOS·Android 앱, API 연동, 앱스토어 배포, 오류 분석 관련 업무 계획 수립 및 실행
- 담당 과제의 일정·진행 현황 관리
- 업무 산출물 작성 및 검토 이력 관리
- 유관 부서 및 외부 협력 대상과 실무 조율
- 현장·시스템·자료에서 발생한 이슈 분석 및 조치
- 운영 기준과 체크리스트 개선
- 결과 데이터 또는 피드백을 반영한 품질 개선","- 경력 2년 이상 조건에 맞는 관련 실무 경험 또는 역량 보유
- iOS·Android 앱, API 연동, 앱스토어 배포, 오류 분석에 필요한 도구·절차를 이해하고 실무 적용이 가능한 분
- 업무 내용을 정확히 기록하고 일정에 맞춰 결과물을 제출할 수 있는 분
- 유관 부서와 원활하게 소통하며 협업할 수 있는 분
- 근무지 출퇴근 및 직무 수행이 가능한 분","- 정보처리기사 보유자
- 정보처리산업기사 보유자
- iOS·Android 앱, API 연동, 앱스토어 배포, 오류 분석 관련 프로젝트 또는 현장 수행 경험
- 업무용 문서·보고서 작성 및 이력 관리 경험
- 유관 부서·외부 협력사와의 일정 조율 경험","- 지원서 또는 제출서류를 허위로 기재한 경우
- 채용 과정에서 요구한 증빙서류를 제출하지 못한 경우
- 채용검진 결과 직무 수행이 어렵다고 판단되는 경우
- 해외여행 및 근무에 결격사유가 있는 경우
- 관련 법령 또는 내부 인사규정상 채용이 불가능한 경우",서류전형 > 1차면접 > 2차면접 > 채용검진
2165,앱개발자 프로젝트 인재 모집,60,217,20260722,20260814,6,경력 3년 이상,무기계약직,부산광역시,학력무관,"앱개발자 포지션은 모바일 앱 기능과 안정적인 배포 환경을 개발 역할입니다. 담당 업무의 목표와 우선순위를 명확히 설정하고, 일정과 품질 기준을 함께 관리합니다.

iOS·Android 앱, API 연동, 앱스토어 배포, 오류 분석를 중심으로 실무를 수행하며, 요구사항과 결과물을 문서화해 업무 흐름이 누락되지 않도록 합니다.

기획·운영·현장 담당자 및 외부 협력 파트너와 수시로 협업합니다. 변경 사항은 영향 범위를 검토한 뒤 대안을 제시하고 합의된 방식으로 반영합니다.

문제 발생 시 사실관계와 원인을 먼저 확인하고, 재발 방지 방안을 업무 절차에 반영합니다. 입사 후에는 담당 영역의 실행력을 높이고, 정확성·일정 준수·이용자 관점의 완성도를 중요한 기준으로 삼습니다.","- iOS·Android 앱, API 연동, 앱스토어 배포, 오류 분석 관련 업무 계획 수립 및 실행
- 담당 과제의 일정·진행 현황 관리
- 업무 산출물 작성 및 검토 이력 관리
- 유관 부서 및 외부 협력 대상과 실무 조율
- 현장·시스템·자료에서 발생한 이슈 분석 및 조치
- 운영 기준과 체크리스트 개선
- 결과 데이터 또는 피드백을 반영한 품질 개선","- 경력 3년 이상 조건에 맞는 관련 실무 경험 또는 역량 보유
- iOS·Android 앱, API 연동, 앱스토어 배포, 오류 분석에 필요한 도구·절차를 이해하고 실무 적용이 가능한 분
- 업무 내용을 정확히 기록하고 일정에 맞춰 결과물을 제출할 수 있는 분
- 유관 부서와 원활하게 소통하며 협업할 수 있는 분
- 근무지 출퇴근 및 직무 수행이 가능한 분","- 정보처리기사 보유자
- 정보처리산업기사 보유자
- iOS·Android 앱, API 연동, 앱스토어 배포, 오류 분석 관련 프로젝트 또는 현장 수행 경험
- 업무용 문서·보고서 작성 및 이력 관리 경험
- 유관 부서·외부 협력사와의 일정 조율 경험","- 지원서 또는 제출서류를 허위로 기재한 경우
- 채용 과정에서 요구한 증빙서류를 제출하지 못한 경우
- 채용검진 결과 직무 수행이 어렵다고 판단되는 경우
- 해외여행 및 근무에 결격사유가 있는 경우
- 관련 법령 또는 내부 인사규정상 채용이 불가능한 경우",서류전형 > 실무면접 > 최종면접
2166,앱개발자 전담 인력 채용,158,217,20260802,20260828,8,경력 무관,기간제,광주광역시,전문학사 이상,"앱개발자 포지션은 모바일 앱 기능과 안정적인 배포 환경을 개발 역할입니다. 담당 업무의 목표와 우선순위를 명확히 설정하고, 일정과 품질 기준을 함께 관리합니다.

iOS·Android 앱, API 연동, 앱스토어 배포, 오류 분석를 중심으로 실무를 수행하며, 요구사항과 결과물을 문서화해 업무 흐름이 누락되지 않도록 합니다.

기획·운영·현장 담당자 및 외부 협력 파트너와 수시로 협업합니다. 변경 사항은 영향 범위를 검토한 뒤 대안을 제시하고 합의된 방식으로 반영합니다.

문제 발생 시 사실관계와 원인을 먼저 확인하고, 재발 방지 방안을 업무 절차에 반영합니다. 입사 후에는 담당 영역의 실행력을 높이고, 정확성·일정 준수·이용자 관점의 완성도를 중요한 기준으로 삼습니다.","- iOS·Android 앱, API 연동, 앱스토어 배포, 오류 분석 관련 업무 계획 수립 및 실행
- 담당 과제의 일정·진행 현황 관리
- 업무 산출물 작성 및 검토 이력 관리
- 유관 부서 및 외부 협력 대상과 실무 조율
- 현장·시스템·자료에서 발생한 이슈 분석 및 조치
- 운영 기준과 체크리스트 개선
- 결과 데이터 또는 피드백을 반영한 품질 개선","- 경력 무관 조건에 맞는 관련 실무 경험 또는 역량 보유
- iOS·Android 앱, API 연동, 앱스토어 배포, 오류 분석에 필요한 도구·절차를 이해하고 실무 적용이 가능한 분
- 업무 내용을 정확히 기록하고 일정에 맞춰 결과물을 제출할 수 있는 분
- 유관 부서와 원활하게 소통하며 협업할 수 있는 분
- 근무지 출퇴근 및 직무 수행이 가능한 분","- 정보처리기사 보유자
- 정보처리산업기사 보유자
- iOS·Android 앱, API 연동, 앱스토어 배포, 오류 분석 관련 프로젝트 또는 현장 수행 경험
- 업무용 문서·보고서 작성 및 이력 관리 경험
- 유관 부서·외부 협력사와의 일정 조율 경험","- 지원서 또는 제출서류를 허위로 기재한 경우
- 채용 과정에서 요구한 증빙서류를 제출하지 못한 경우
- 채용검진 결과 직무 수행이 어렵다고 판단되는 경우
- 해외여행 및 근무에 결격사유가 있는 경우
- 관련 법령 또는 내부 인사규정상 채용이 불가능한 경우",서류전형 > 인성검사 > 실무면접 > 최종면접
2167,앱개발자 실무 인재 모집,136,217,20260907,20261006,10,경력 5년 이상,정규직,세종특별자치시,학사 이상,"앱개발자 포지션은 모바일 앱 기능과 안정적인 배포 환경을 개발 역할입니다. 담당 업무의 목표와 우선순위를 명확히 설정하고, 일정과 품질 기준을 함께 관리합니다.

iOS·Android 앱, API 연동, 앱스토어 배포, 오류 분석를 중심으로 실무를 수행하며, 요구사항과 결과물을 문서화해 업무 흐름이 누락되지 않도록 합니다.

기획·운영·현장 담당자 및 외부 협력 파트너와 수시로 협업합니다. 변경 사항은 영향 범위를 검토한 뒤 대안을 제시하고 합의된 방식으로 반영합니다.

문제 발생 시 사실관계와 원인을 먼저 확인하고, 재발 방지 방안을 업무 절차에 반영합니다. 입사 후에는 담당 영역의 실행력을 높이고, 정확성·일정 준수·이용자 관점의 완성도를 중요한 기준으로 삼습니다.","- iOS·Android 앱, API 연동, 앱스토어 배포, 오류 분석 관련 업무 계획 수립 및 실행
- 담당 과제의 일정·진행 현황 관리
- 업무 산출물 작성 및 검토 이력 관리
- 유관 부서 및 외부 협력 대상과 실무 조율
- 현장·시스템·자료에서 발생한 이슈 분석 및 조치
- 운영 기준과 체크리스트 개선
- 결과 데이터 또는 피드백을 반영한 품질 개선","- 경력 5년 이상 조건에 맞는 관련 실무 경험 또는 역량 보유
- iOS·Android 앱, API 연동, 앱스토어 배포, 오류 분석에 필요한 도구·절차를 이해하고 실무 적용이 가능한 분
- 업무 내용을 정확히 기록하고 일정에 맞춰 결과물을 제출할 수 있는 분
- 유관 부서와 원활하게 소통하며 협업할 수 있는 분
- 근무지 출퇴근 및 직무 수행이 가능한 분","- 정보처리기사 보유자
- 정보처리산업기사 보유자
- iOS·Android 앱, API 연동, 앱스토어 배포, 오류 분석 관련 프로젝트 또는 현장 수행 경험
- 업무용 문서·보고서 작성 및 이력 관리 경험
- 유관 부서·외부 협력사와의 일정 조율 경험","- 지원서 또는 제출서류를 허위로 기재한 경우
- 채용 과정에서 요구한 증빙서류를 제출하지 못한 경우
- 채용검진 결과 직무 수행이 어렵다고 판단되는 경우
- 해외여행 및 근무에 결격사유가 있는 경우
- 관련 법령 또는 내부 인사규정상 채용이 불가능한 경우",서류전형 > 직무과제 > 실무면접 > 처우협의
2168,앱개발자 담당자 공개채용,73,217,20261012,20261113,12,신입·경력,계약직,충청남도,학력무관,"앱개발자 포지션은 모바일 앱 기능과 안정적인 배포 환경을 개발 역할입니다. 담당 업무의 목표와 우선순위를 명확히 설정하고, 일정과 품질 기준을 함께 관리합니다.

iOS·Android 앱, API 연동, 앱스토어 배포, 오류 분석를 중심으로 실무를 수행하며, 요구사항과 결과물을 문서화해 업무 흐름이 누락되지 않도록 합니다.

기획·운영·현장 담당자 및 외부 협력 파트너와 수시로 협업합니다. 변경 사항은 영향 범위를 검토한 뒤 대안을 제시하고 합의된 방식으로 반영합니다.

문제 발생 시 사실관계와 원인을 먼저 확인하고, 재발 방지 방안을 업무 절차에 반영합니다. 입사 후에는 담당 영역의 실행력을 높이고, 정확성·일정 준수·이용자 관점의 완성도를 중요한 기준으로 삼습니다.","- iOS·Android 앱, API 연동, 앱스토어 배포, 오류 분석 관련 업무 계획 수립 및 실행
- 담당 과제의 일정·진행 현황 관리
- 업무 산출물 작성 및 검토 이력 관리
- 유관 부서 및 외부 협력 대상과 실무 조율
- 현장·시스템·자료에서 발생한 이슈 분석 및 조치
- 운영 기준과 체크리스트 개선
- 결과 데이터 또는 피드백을 반영한 품질 개선","- 신입·경력 조건에 맞는 관련 실무 경험 또는 역량 보유
- iOS·Android 앱, API 연동, 앱스토어 배포, 오류 분석에 필요한 도구·절차를 이해하고 실무 적용이 가능한 분
- 업무 내용을 정확히 기록하고 일정에 맞춰 결과물을 제출할 수 있는 분
- 유관 부서와 원활하게 소통하며 협업할 수 있는 분
- 근무지 출퇴근 및 직무 수행이 가능한 분","- 정보처리기사 보유자
- 정보처리산업기사 보유자
- iOS·Android 앱, API 연동, 앱스토어 배포, 오류 분석 관련 프로젝트 또는 현장 수행 경험
- 업무용 문서·보고서 작성 및 이력 관리 경험
- 유관 부서·외부 협력사와의 일정 조율 경험","- 지원서 또는 제출서류를 허위로 기재한 경우
- 채용 과정에서 요구한 증빙서류를 제출하지 못한 경우
- 채용검진 결과 직무 수행이 어렵다고 판단되는 경우
- 해외여행 및 근무에 결격사유가 있는 경우
- 관련 법령 또는 내부 인사규정상 채용이 불가능한 경우",서류전형 > 1차면접 > 2차면접 > 채용검진
2169,앱개발자 정규직 모집,0,217,20260217,20260324,14,경력 2년 이상,정규직,경상남도,학사 이상,"앱개발자 포지션은 모바일 앱 기능과 안정적인 배포 환경을 개발 역할입니다. 담당 업무의 목표와 우선순위를 명확히 설정하고, 일정과 품질 기준을 함께 관리합니다.

iOS·Android 앱, API 연동, 앱스토어 배포, 오류 분석를 중심으로 실무를 수행하며, 요구사항과 결과물을 문서화해 업무 흐름이 누락되지 않도록 합니다.

기획·운영·현장 담당자 및 외부 협력 파트너와 수시로 협업합니다. 변경 사항은 영향 범위를 검토한 뒤 대안을 제시하고 합의된 방식으로 반영합니다.

문제 발생 시 사실관계와 원인을 먼저 확인하고, 재발 방지 방안을 업무 절차에 반영합니다. 입사 후에는 담당 영역의 실행력을 높이고, 정확성·일정 준수·이용자 관점의 완성도를 중요한 기준으로 삼습니다.","- iOS·Android 앱, API 연동, 앱스토어 배포, 오류 분석 관련 업무 계획 수립 및 실행
- 담당 과제의 일정·진행 현황 관리
- 업무 산출물 작성 및 검토 이력 관리
- 유관 부서 및 외부 협력 대상과 실무 조율
- 현장·시스템·자료에서 발생한 이슈 분석 및 조치
- 운영 기준과 체크리스트 개선
- 결과 데이터 또는 피드백을 반영한 품질 개선","- 경력 2년 이상 조건에 맞는 관련 실무 경험 또는 역량 보유
- iOS·Android 앱, API 연동, 앱스토어 배포, 오류 분석에 필요한 도구·절차를 이해하고 실무 적용이 가능한 분
- 업무 내용을 정확히 기록하고 일정에 맞춰 결과물을 제출할 수 있는 분
- 유관 부서와 원활하게 소통하며 협업할 수 있는 분
- 근무지 출퇴근 및 직무 수행이 가능한 분","- 정보처리기사 보유자
- 정보처리산업기사 보유자
- iOS·Android 앱, API 연동, 앱스토어 배포, 오류 분석 관련 프로젝트 또는 현장 수행 경험
- 업무용 문서·보고서 작성 및 이력 관리 경험
- 유관 부서·외부 협력사와의 일정 조율 경험","- 지원서 또는 제출서류를 허위로 기재한 경우
- 채용 과정에서 요구한 증빙서류를 제출하지 못한 경우
- 채용검진 결과 직무 수행이 어렵다고 판단되는 경우
- 해외여행 및 근무에 결격사유가 있는 경우
- 관련 법령 또는 내부 인사규정상 채용이 불가능한 경우",서류전형 > 실무면접 > 최종면접
2170,앱개발자 채용,75,217,20260322,20260429,16,경력,정규직,전북특별자치도,전문학사 이상,"앱개발자 포지션은 모바일 앱 기능과 안정적인 배포 환경을 개발 역할입니다. 담당 업무의 목표와 우선순위를 명확히 설정하고, 일정과 품질 기준을 함께 관리합니다.

iOS·Android 앱, API 연동, 앱스토어 배포, 오류 분석를 중심으로 실무를 수행하며, 요구사항과 결과물을 문서화해 업무 흐름이 누락되지 않도록 합니다.

기획·운영·현장 담당자 및 외부 협력 파트너와 수시로 협업합니다. 변경 사항은 영향 범위를 검토한 뒤 대안을 제시하고 합의된 방식으로 반영합니다.

문제 발생 시 사실관계와 원인을 먼저 확인하고, 재발 방지 방안을 업무 절차에 반영합니다. 입사 후에는 담당 영역의 실행력을 높이고, 정확성·일정 준수·이용자 관점의 완성도를 중요한 기준으로 삼습니다.","- iOS·Android 앱, API 연동, 앱스토어 배포, 오류 분석 관련 업무 계획 수립 및 실행
- 담당 과제의 일정·진행 현황 관리
- 업무 산출물 작성 및 검토 이력 관리
- 유관 부서 및 외부 협력 대상과 실무 조율
- 현장·시스템·자료에서 발생한 이슈 분석 및 조치
- 운영 기준과 체크리스트 개선
- 결과 데이터 또는 피드백을 반영한 품질 개선","- 경력 조건에 맞는 관련 실무 경험 또는 역량 보유
- iOS·Android 앱, API 연동, 앱스토어 배포, 오류 분석에 필요한 도구·절차를 이해하고 실무 적용이 가능한 분
- 업무 내용을 정확히 기록하고 일정에 맞춰 결과물을 제출할 수 있는 분
- 유관 부서와 원활하게 소통하며 협업할 수 있는 분
- 근무지 출퇴근 및 직무 수행이 가능한 분","- 정보처리기사 보유자
- 정보처리산업기사 보유자
- iOS·Android 앱, API 연동, 앱스토어 배포, 오류 분석 관련 프로젝트 또는 현장 수행 경험
- 업무용 문서·보고서 작성 및 이력 관리 경험
- 유관 부서·외부 협력사와의 일정 조율 경험","- 지원서 또는 제출서류를 허위로 기재한 경우
- 채용 과정에서 요구한 증빙서류를 제출하지 못한 경우
- 채용검진 결과 직무 수행이 어렵다고 판단되는 경우
- 해외여행 및 근무에 결격사유가 있는 경우
- 관련 법령 또는 내부 인사규정상 채용이 불가능한 경우",서류전형 > 인성검사 > 실무면접 > 최종면접
2171,시스템엔지니어 담당자 모집,120,218,20260405,20260417,19,신입,정규직,서울특별시,학력무관,"시스템엔지니어 포지션은 서버·운영체제 기반의 안정적인 시스템을 운영 역할입니다. 담당 업무의 목표와 우선순위를 명확히 설정하고, 일정과 품질 기준을 함께 관리합니다.

Linux, 서버 자원, 장애 대응, 운영 문서를 중심으로 실무를 수행하며, 요구사항과 결과물을 문서화해 업무 흐름이 누락되지 않도록 합니다.

기획·운영·현장 담당자 및 외부 협력 파트너와 수시로 협업합니다. 변경 사항은 영향 범위를 검토한 뒤 대안을 제시하고 합의된 방식으로 반영합니다.

문제 발생 시 사실관계와 원인을 먼저 확인하고, 재발 방지 방안을 업무 절차에 반영합니다. 입사 후에는 담당 영역의 실행력을 높이고, 정확성·일정 준수·이용자 관점의 완성도를 중요한 기준으로 삼습니다.","- Linux, 서버 자원, 장애 대응, 운영 문서 관련 업무 계획 수립 및 실행
- 담당 과제의 일정·진행 현황 관리
- 업무 산출물 작성 및 검토 이력 관리
- 유관 부서 및 외부 협력 대상과 실무 조율
- 현장·시스템·자료에서 발생한 이슈 분석 및 조치
- 운영 기준과 체크리스트 개선
- 결과 데이터 또는 피드백을 반영한 품질 개선","- 신입 조건에 맞는 관련 실무 경험 또는 역량 보유
- Linux, 서버 자원, 장애 대응, 운영 문서에 필요한 도구·절차를 이해하고 실무 적용이 가능한 분
- 업무 내용을 정확히 기록하고 일정에 맞춰 결과물을 제출할 수 있는 분
- 유관 부서와 원활하게 소통하며 협업할 수 있는 분
- 근무지 출퇴근 및 직무 수행이 가능한 분","- 정보처리기사 보유자
- 리눅스마스터 2급 보유자
- Linux, 서버 자원, 장애 대응, 운영 문서 관련 프로젝트 또는 현장 수행 경험
- 업무용 문서·보고서 작성 및 이력 관리 경험
- 유관 부서·외부 협력사와의 일정 조율 경험","- 지원서 또는 제출서류를 허위로 기재한 경우
- 채용 과정에서 요구한 증빙서류를 제출하지 못한 경우
- 채용검진 결과 직무 수행이 어렵다고 판단되는 경우
- 해외여행 및 근무에 결격사유가 있는 경우
- 관련 법령 또는 내부 인사규정상 채용이 불가능한 경우",서류전형 > 실무면접 > 최종면접
2172,시스템엔지니어 실무자 채용,69,218,20260510,20260525,1,경력,계약직,경기도,전문학사 이상,"시스템엔지니어 포지션은 서버·운영체제 기반의 안정적인 시스템을 운영 역할입니다. 담당 업무의 목표와 우선순위를 명확히 설정하고, 일정과 품질 기준을 함께 관리합니다.

Linux, 서버 자원, 장애 대응, 운영 문서를 중심으로 실무를 수행하며, 요구사항과 결과물을 문서화해 업무 흐름이 누락되지 않도록 합니다.

기획·운영·현장 담당자 및 외부 협력 파트너와 수시로 협업합니다. 변경 사항은 영향 범위를 검토한 뒤 대안을 제시하고 합의된 방식으로 반영합니다.

문제 발생 시 사실관계와 원인을 먼저 확인하고, 재발 방지 방안을 업무 절차에 반영합니다. 입사 후에는 담당 영역의 실행력을 높이고, 정확성·일정 준수·이용자 관점의 완성도를 중요한 기준으로 삼습니다.","- Linux, 서버 자원, 장애 대응, 운영 문서 관련 업무 계획 수립 및 실행
- 담당 과제의 일정·진행 현황 관리
- 업무 산출물 작성 및 검토 이력 관리
- 유관 부서 및 외부 협력 대상과 실무 조율
- 현장·시스템·자료에서 발생한 이슈 분석 및 조치
- 운영 기준과 체크리스트 개선
- 결과 데이터 또는 피드백을 반영한 품질 개선","- 경력 조건에 맞는 관련 실무 경험 또는 역량 보유
- Linux, 서버 자원, 장애 대응, 운영 문서에 필요한 도구·절차를 이해하고 실무 적용이 가능한 분
- 업무 내용을 정확히 기록하고 일정에 맞춰 결과물을 제출할 수 있는 분
- 유관 부서와 원활하게 소통하며 협업할 수 있는 분
- 근무지 출퇴근 및 직무 수행이 가능한 분","- 정보처리기사 보유자
- 리눅스마스터 2급 보유자
- Linux, 서버 자원, 장애 대응, 운영 문서 관련 프로젝트 또는 현장 수행 경험
- 업무용 문서·보고서 작성 및 이력 관리 경험
- 유관 부서·외부 협력사와의 일정 조율 경험","- 지원서 또는 제출서류를 허위로 기재한 경우
- 채용 과정에서 요구한 증빙서류를 제출하지 못한 경우
- 채용검진 결과 직무 수행이 어렵다고 판단되는 경우
- 해외여행 및 근무에 결격사유가 있는 경우
- 관련 법령 또는 내부 인사규정상 채용이 불가능한 경우",서류전형 > 인성검사 > 실무면접 > 최종면접
2173,시스템엔지니어 전문인력 채용,103,218,20260615,20260703,3,신입·경력,정규직,인천광역시,학사 이상,"시스템엔지니어 포지션은 서버·운영체제 기반의 안정적인 시스템을 운영 역할입니다. 담당 업무의 목표와 우선순위를 명확히 설정하고, 일정과 품질 기준을 함께 관리합니다.

Linux, 서버 자원, 장애 대응, 운영 문서를 중심으로 실무를 수행하며, 요구사항과 결과물을 문서화해 업무 흐름이 누락되지 않도록 합니다.

기획·운영·현장 담당자 및 외부 협력 파트너와 수시로 협업합니다. 변경 사항은 영향 범위를 검토한 뒤 대안을 제시하고 합의된 방식으로 반영합니다.

문제 발생 시 사실관계와 원인을 먼저 확인하고, 재발 방지 방안을 업무 절차에 반영합니다. 입사 후에는 담당 영역의 실행력을 높이고, 정확성·일정 준수·이용자 관점의 완성도를 중요한 기준으로 삼습니다.","- Linux, 서버 자원, 장애 대응, 운영 문서 관련 업무 계획 수립 및 실행
- 담당 과제의 일정·진행 현황 관리
- 업무 산출물 작성 및 검토 이력 관리
- 유관 부서 및 외부 협력 대상과 실무 조율
- 현장·시스템·자료에서 발생한 이슈 분석 및 조치
- 운영 기준과 체크리스트 개선
- 결과 데이터 또는 피드백을 반영한 품질 개선","- 신입·경력 조건에 맞는 관련 실무 경험 또는 역량 보유
- Linux, 서버 자원, 장애 대응, 운영 문서에 필요한 도구·절차를 이해하고 실무 적용이 가능한 분
- 업무 내용을 정확히 기록하고 일정에 맞춰 결과물을 제출할 수 있는 분
- 유관 부서와 원활하게 소통하며 협업할 수 있는 분
- 근무지 출퇴근 및 직무 수행이 가능한 분","- 정보처리기사 보유자
- 리눅스마스터 2급 보유자
- Linux, 서버 자원, 장애 대응, 운영 문서 관련 프로젝트 또는 현장 수행 경험
- 업무용 문서·보고서 작성 및 이력 관리 경험
- 유관 부서·외부 협력사와의 일정 조율 경험","- 지원서 또는 제출서류를 허위로 기재한 경우
- 채용 과정에서 요구한 증빙서류를 제출하지 못한 경우
- 채용검진 결과 직무 수행이 어렵다고 판단되는 경우
- 해외여행 및 근무에 결격사유가 있는 경우
- 관련 법령 또는 내부 인사규정상 채용이 불가능한 경우",서류전형 > 직무과제 > 실무면접 > 처우협의
2174,시스템엔지니어 운영 담당 채용,101,218,20260720,20260810,5,경력 2년 이상,정규직,대전광역시,학사 이상,"시스템엔지니어 포지션은 서버·운영체제 기반의 안정적인 시스템을 운영 역할입니다. 담당 업무의 목표와 우선순위를 명확히 설정하고, 일정과 품질 기준을 함께 관리합니다.

Linux, 서버 자원, 장애 대응, 운영 문서를 중심으로 실무를 수행하며, 요구사항과 결과물을 문서화해 업무 흐름이 누락되지 않도록 합니다.

기획·운영·현장 담당자 및 외부 협력 파트너와 수시로 협업합니다. 변경 사항은 영향 범위를 검토한 뒤 대안을 제시하고 합의된 방식으로 반영합니다.

문제 발생 시 사실관계와 원인을 먼저 확인하고, 재발 방지 방안을 업무 절차에 반영합니다. 입사 후에는 담당 영역의 실행력을 높이고, 정확성·일정 준수·이용자 관점의 완성도를 중요한 기준으로 삼습니다.","- Linux, 서버 자원, 장애 대응, 운영 문서 관련 업무 계획 수립 및 실행
- 담당 과제의 일정·진행 현황 관리
- 업무 산출물 작성 및 검토 이력 관리
- 유관 부서 및 외부 협력 대상과 실무 조율
- 현장·시스템·자료에서 발생한 이슈 분석 및 조치
- 운영 기준과 체크리스트 개선
- 결과 데이터 또는 피드백을 반영한 품질 개선","- 경력 2년 이상 조건에 맞는 관련 실무 경험 또는 역량 보유
- Linux, 서버 자원, 장애 대응, 운영 문서에 필요한 도구·절차를 이해하고 실무 적용이 가능한 분
- 업무 내용을 정확히 기록하고 일정에 맞춰 결과물을 제출할 수 있는 분
- 유관 부서와 원활하게 소통하며 협업할 수 있는 분
- 근무지 출퇴근 및 직무 수행이 가능한 분","- 정보처리기사 보유자
- 리눅스마스터 2급 보유자
- Linux, 서버 자원, 장애 대응, 운영 문서 관련 프로젝트 또는 현장 수행 경험
- 업무용 문서·보고서 작성 및 이력 관리 경험
- 유관 부서·외부 협력사와의 일정 조율 경험","- 지원서 또는 제출서류를 허위로 기재한 경우
- 채용 과정에서 요구한 증빙서류를 제출하지 못한 경우
- 채용검진 결과 직무 수행이 어렵다고 판단되는 경우
- 해외여행 및 근무에 결격사유가 있는 경우
- 관련 법령 또는 내부 인사규정상 채용이 불가능한 경우",서류전형 > 1차면접 > 2차면접 > 채용검진
2175,시스템엔지니어 프로젝트 인재 모집,135,218,20260825,20260918,7,경력 3년 이상,무기계약직,부산광역시,학력무관,"시스템엔지니어 포지션은 서버·운영체제 기반의 안정적인 시스템을 운영 역할입니다. 담당 업무의 목표와 우선순위를 명확히 설정하고, 일정과 품질 기준을 함께 관리합니다.

Linux, 서버 자원, 장애 대응, 운영 문서를 중심으로 실무를 수행하며, 요구사항과 결과물을 문서화해 업무 흐름이 누락되지 않도록 합니다.

기획·운영·현장 담당자 및 외부 협력 파트너와 수시로 협업합니다. 변경 사항은 영향 범위를 검토한 뒤 대안을 제시하고 합의된 방식으로 반영합니다.

문제 발생 시 사실관계와 원인을 먼저 확인하고, 재발 방지 방안을 업무 절차에 반영합니다. 입사 후에는 담당 영역의 실행력을 높이고, 정확성·일정 준수·이용자 관점의 완성도를 중요한 기준으로 삼습니다.","- Linux, 서버 자원, 장애 대응, 운영 문서 관련 업무 계획 수립 및 실행
- 담당 과제의 일정·진행 현황 관리
- 업무 산출물 작성 및 검토 이력 관리
- 유관 부서 및 외부 협력 대상과 실무 조율
- 현장·시스템·자료에서 발생한 이슈 분석 및 조치
- 운영 기준과 체크리스트 개선
- 결과 데이터 또는 피드백을 반영한 품질 개선","- 경력 3년 이상 조건에 맞는 관련 실무 경험 또는 역량 보유
- Linux, 서버 자원, 장애 대응, 운영 문서에 필요한 도구·절차를 이해하고 실무 적용이 가능한 분
- 업무 내용을 정확히 기록하고 일정에 맞춰 결과물을 제출할 수 있는 분
- 유관 부서와 원활하게 소통하며 협업할 수 있는 분
- 근무지 출퇴근 및 직무 수행이 가능한 분","- 정보처리기사 보유자
- 리눅스마스터 2급 보유자
- Linux, 서버 자원, 장애 대응, 운영 문서 관련 프로젝트 또는 현장 수행 경험
- 업무용 문서·보고서 작성 및 이력 관리 경험
- 유관 부서·외부 협력사와의 일정 조율 경험","- 지원서 또는 제출서류를 허위로 기재한 경우
- 채용 과정에서 요구한 증빙서류를 제출하지 못한 경우
- 채용검진 결과 직무 수행이 어렵다고 판단되는 경우
- 해외여행 및 근무에 결격사유가 있는 경우
- 관련 법령 또는 내부 인사규정상 채용이 불가능한 경우",서류전형 > 실무면접 > 최종면접
2176,시스템엔지니어 전담 인력 채용,5,218,20260905,20261002,9,경력 무관,기간제,광주광역시,전문학사 이상,"시스템엔지니어 포지션은 서버·운영체제 기반의 안정적인 시스템을 운영 역할입니다. 담당 업무의 목표와 우선순위를 명확히 설정하고, 일정과 품질 기준을 함께 관리합니다.

Linux, 서버 자원, 장애 대응, 운영 문서를 중심으로 실무를 수행하며, 요구사항과 결과물을 문서화해 업무 흐름이 누락되지 않도록 합니다.

기획·운영·현장 담당자 및 외부 협력 파트너와 수시로 협업합니다. 변경 사항은 영향 범위를 검토한 뒤 대안을 제시하고 합의된 방식으로 반영합니다.

문제 발생 시 사실관계와 원인을 먼저 확인하고, 재발 방지 방안을 업무 절차에 반영합니다. 입사 후에는 담당 영역의 실행력을 높이고, 정확성·일정 준수·이용자 관점의 완성도를 중요한 기준으로 삼습니다.","- Linux, 서버 자원, 장애 대응, 운영 문서 관련 업무 계획 수립 및 실행
- 담당 과제의 일정·진행 현황 관리
- 업무 산출물 작성 및 검토 이력 관리
- 유관 부서 및 외부 협력 대상과 실무 조율
- 현장·시스템·자료에서 발생한 이슈 분석 및 조치
- 운영 기준과 체크리스트 개선
- 결과 데이터 또는 피드백을 반영한 품질 개선","- 경력 무관 조건에 맞는 관련 실무 경험 또는 역량 보유
- Linux, 서버 자원, 장애 대응, 운영 문서에 필요한 도구·절차를 이해하고 실무 적용이 가능한 분
- 업무 내용을 정확히 기록하고 일정에 맞춰 결과물을 제출할 수 있는 분
- 유관 부서와 원활하게 소통하며 협업할 수 있는 분
- 근무지 출퇴근 및 직무 수행이 가능한 분","- 정보처리기사 보유자
- 리눅스마스터 2급 보유자
- Linux, 서버 자원, 장애 대응, 운영 문서 관련 프로젝트 또는 현장 수행 경험
- 업무용 문서·보고서 작성 및 이력 관리 경험
- 유관 부서·외부 협력사와의 일정 조율 경험","- 지원서 또는 제출서류를 허위로 기재한 경우
- 채용 과정에서 요구한 증빙서류를 제출하지 못한 경우
- 채용검진 결과 직무 수행이 어렵다고 판단되는 경우
- 해외여행 및 근무에 결격사유가 있는 경우
- 관련 법령 또는 내부 인사규정상 채용이 불가능한 경우",서류전형 > 인성검사 > 실무면접 > 최종면접
2177,시스템엔지니어 실무 인재 모집,136,218,20261010,20261109,11,경력 5년 이상,정규직,세종특별자치시,학사 이상,"시스템엔지니어 포지션은 서버·운영체제 기반의 안정적인 시스템을 운영 역할입니다. 담당 업무의 목표와 우선순위를 명확히 설정하고, 일정과 품질 기준을 함께 관리합니다.

Linux, 서버 자원, 장애 대응, 운영 문서를 중심으로 실무를 수행하며, 요구사항과 결과물을 문서화해 업무 흐름이 누락되지 않도록 합니다.

기획·운영·현장 담당자 및 외부 협력 파트너와 수시로 협업합니다. 변경 사항은 영향 범위를 검토한 뒤 대안을 제시하고 합의된 방식으로 반영합니다.

문제 발생 시 사실관계와 원인을 먼저 확인하고, 재발 방지 방안을 업무 절차에 반영합니다. 입사 후에는 담당 영역의 실행력을 높이고, 정확성·일정 준수·이용자 관점의 완성도를 중요한 기준으로 삼습니다.","- Linux, 서버 자원, 장애 대응, 운영 문서 관련 업무 계획 수립 및 실행
- 담당 과제의 일정·진행 현황 관리
- 업무 산출물 작성 및 검토 이력 관리
- 유관 부서 및 외부 협력 대상과 실무 조율
- 현장·시스템·자료에서 발생한 이슈 분석 및 조치
- 운영 기준과 체크리스트 개선
- 결과 데이터 또는 피드백을 반영한 품질 개선","- 경력 5년 이상 조건에 맞는 관련 실무 경험 또는 역량 보유
- Linux, 서버 자원, 장애 대응, 운영 문서에 필요한 도구·절차를 이해하고 실무 적용이 가능한 분
- 업무 내용을 정확히 기록하고 일정에 맞춰 결과물을 제출할 수 있는 분
- 유관 부서와 원활하게 소통하며 협업할 수 있는 분
- 근무지 출퇴근 및 직무 수행이 가능한 분","- 정보처리기사 보유자
- 리눅스마스터 2급 보유자
- Linux, 서버 자원, 장애 대응, 운영 문서 관련 프로젝트 또는 현장 수행 경험
- 업무용 문서·보고서 작성 및 이력 관리 경험
- 유관 부서·외부 협력사와의 일정 조율 경험","- 지원서 또는 제출서류를 허위로 기재한 경우
- 채용 과정에서 요구한 증빙서류를 제출하지 못한 경우
- 채용검진 결과 직무 수행이 어렵다고 판단되는 경우
- 해외여행 및 근무에 결격사유가 있는 경우
- 관련 법령 또는 내부 인사규정상 채용이 불가능한 경우",서류전형 > 직무과제 > 실무면접 > 처우협의
2178,시스템엔지니어 담당자 공개채용,12,218,20260215,20260320,13,신입·경력,계약직,충청남도,학력무관,"시스템엔지니어 포지션은 서버·운영체제 기반의 안정적인 시스템을 운영 역할입니다. 담당 업무의 목표와 우선순위를 명확히 설정하고, 일정과 품질 기준을 함께 관리합니다.

Linux, 서버 자원, 장애 대응, 운영 문서를 중심으로 실무를 수행하며, 요구사항과 결과물을 문서화해 업무 흐름이 누락되지 않도록 합니다.

기획·운영·현장 담당자 및 외부 협력 파트너와 수시로 협업합니다. 변경 사항은 영향 범위를 검토한 뒤 대안을 제시하고 합의된 방식으로 반영합니다.

문제 발생 시 사실관계와 원인을 먼저 확인하고, 재발 방지 방안을 업무 절차에 반영합니다. 입사 후에는 담당 영역의 실행력을 높이고, 정확성·일정 준수·이용자 관점의 완성도를 중요한 기준으로 삼습니다.","- Linux, 서버 자원, 장애 대응, 운영 문서 관련 업무 계획 수립 및 실행
- 담당 과제의 일정·진행 현황 관리
- 업무 산출물 작성 및 검토 이력 관리
- 유관 부서 및 외부 협력 대상과 실무 조율
- 현장·시스템·자료에서 발생한 이슈 분석 및 조치
- 운영 기준과 체크리스트 개선
- 결과 데이터 또는 피드백을 반영한 품질 개선","- 신입·경력 조건에 맞는 관련 실무 경험 또는 역량 보유
- Linux, 서버 자원, 장애 대응, 운영 문서에 필요한 도구·절차를 이해하고 실무 적용이 가능한 분
- 업무 내용을 정확히 기록하고 일정에 맞춰 결과물을 제출할 수 있는 분
- 유관 부서와 원활하게 소통하며 협업할 수 있는 분
- 근무지 출퇴근 및 직무 수행이 가능한 분","- 정보처리기사 보유자
- 리눅스마스터 2급 보유자
- Linux, 서버 자원, 장애 대응, 운영 문서 관련 프로젝트 또는 현장 수행 경험
- 업무용 문서·보고서 작성 및 이력 관리 경험
- 유관 부서·외부 협력사와의 일정 조율 경험","- 지원서 또는 제출서류를 허위로 기재한 경우
- 채용 과정에서 요구한 증빙서류를 제출하지 못한 경우
- 채용검진 결과 직무 수행이 어렵다고 판단되는 경우
- 해외여행 및 근무에 결격사유가 있는 경우
- 관련 법령 또는 내부 인사규정상 채용이 불가능한 경우",서류전형 > 1차면접 > 2차면접 > 채용검진
2179,시스템엔지니어 정규직 모집,10,218,20260320,20260425,15,경력 2년 이상,정규직,경상남도,학사 이상,"시스템엔지니어 포지션은 서버·운영체제 기반의 안정적인 시스템을 운영 역할입니다. 담당 업무의 목표와 우선순위를 명확히 설정하고, 일정과 품질 기준을 함께 관리합니다.

Linux, 서버 자원, 장애 대응, 운영 문서를 중심으로 실무를 수행하며, 요구사항과 결과물을 문서화해 업무 흐름이 누락되지 않도록 합니다.

기획·운영·현장 담당자 및 외부 협력 파트너와 수시로 협업합니다. 변경 사항은 영향 범위를 검토한 뒤 대안을 제시하고 합의된 방식으로 반영합니다.

문제 발생 시 사실관계와 원인을 먼저 확인하고, 재발 방지 방안을 업무 절차에 반영합니다. 입사 후에는 담당 영역의 실행력을 높이고, 정확성·일정 준수·이용자 관점의 완성도를 중요한 기준으로 삼습니다.","- Linux, 서버 자원, 장애 대응, 운영 문서 관련 업무 계획 수립 및 실행
- 담당 과제의 일정·진행 현황 관리
- 업무 산출물 작성 및 검토 이력 관리
- 유관 부서 및 외부 협력 대상과 실무 조율
- 현장·시스템·자료에서 발생한 이슈 분석 및 조치
- 운영 기준과 체크리스트 개선
- 결과 데이터 또는 피드백을 반영한 품질 개선","- 경력 2년 이상 조건에 맞는 관련 실무 경험 또는 역량 보유
- Linux, 서버 자원, 장애 대응, 운영 문서에 필요한 도구·절차를 이해하고 실무 적용이 가능한 분
- 업무 내용을 정확히 기록하고 일정에 맞춰 결과물을 제출할 수 있는 분
- 유관 부서와 원활하게 소통하며 협업할 수 있는 분
- 근무지 출퇴근 및 직무 수행이 가능한 분","- 정보처리기사 보유자
- 리눅스마스터 2급 보유자
- Linux, 서버 자원, 장애 대응, 운영 문서 관련 프로젝트 또는 현장 수행 경험
- 업무용 문서·보고서 작성 및 이력 관리 경험
- 유관 부서·외부 협력사와의 일정 조율 경험","- 지원서 또는 제출서류를 허위로 기재한 경우
- 채용 과정에서 요구한 증빙서류를 제출하지 못한 경우
- 채용검진 결과 직무 수행이 어렵다고 판단되는 경우
- 해외여행 및 근무에 결격사유가 있는 경우
- 관련 법령 또는 내부 인사규정상 채용이 불가능한 경우",서류전형 > 실무면접 > 최종면접
2180,시스템엔지니어 채용,107,218,20260425,20260603,17,경력,정규직,전북특별자치도,전문학사 이상,"시스템엔지니어 포지션은 서버·운영체제 기반의 안정적인 시스템을 운영 역할입니다. 담당 업무의 목표와 우선순위를 명확히 설정하고, 일정과 품질 기준을 함께 관리합니다.

Linux, 서버 자원, 장애 대응, 운영 문서를 중심으로 실무를 수행하며, 요구사항과 결과물을 문서화해 업무 흐름이 누락되지 않도록 합니다.

기획·운영·현장 담당자 및 외부 협력 파트너와 수시로 협업합니다. 변경 사항은 영향 범위를 검토한 뒤 대안을 제시하고 합의된 방식으로 반영합니다.

문제 발생 시 사실관계와 원인을 먼저 확인하고, 재발 방지 방안을 업무 절차에 반영합니다. 입사 후에는 담당 영역의 실행력을 높이고, 정확성·일정 준수·이용자 관점의 완성도를 중요한 기준으로 삼습니다.","- Linux, 서버 자원, 장애 대응, 운영 문서 관련 업무 계획 수립 및 실행
- 담당 과제의 일정·진행 현황 관리
- 업무 산출물 작성 및 검토 이력 관리
- 유관 부서 및 외부 협력 대상과 실무 조율
- 현장·시스템·자료에서 발생한 이슈 분석 및 조치
- 운영 기준과 체크리스트 개선
- 결과 데이터 또는 피드백을 반영한 품질 개선","- 경력 조건에 맞는 관련 실무 경험 또는 역량 보유
- Linux, 서버 자원, 장애 대응, 운영 문서에 필요한 도구·절차를 이해하고 실무 적용이 가능한 분
- 업무 내용을 정확히 기록하고 일정에 맞춰 결과물을 제출할 수 있는 분
- 유관 부서와 원활하게 소통하며 협업할 수 있는 분
- 근무지 출퇴근 및 직무 수행이 가능한 분","- 정보처리기사 보유자
- 리눅스마스터 2급 보유자
- Linux, 서버 자원, 장애 대응, 운영 문서 관련 프로젝트 또는 현장 수행 경험
- 업무용 문서·보고서 작성 및 이력 관리 경험
- 유관 부서·외부 협력사와의 일정 조율 경험","- 지원서 또는 제출서류를 허위로 기재한 경우
- 채용 과정에서 요구한 증빙서류를 제출하지 못한 경우
- 채용검진 결과 직무 수행이 어렵다고 판단되는 경우
- 해외여행 및 근무에 결격사유가 있는 경우
- 관련 법령 또는 내부 인사규정상 채용이 불가능한 경우",서류전형 > 인성검사 > 실무면접 > 최종면접
2181,네트워크엔지니어 담당자 모집,113,219,20260508,20260521,20,신입,정규직,서울특별시,학력무관,"네트워크엔지니어 포지션은 유·무선 네트워크의 구축과 운영을 담당 역할입니다. 담당 업무의 목표와 우선순위를 명확히 설정하고, 일정과 품질 기준을 함께 관리합니다.

라우터, 스위치, 방화벽, 회선 장애를 중심으로 실무를 수행하며, 요구사항과 결과물을 문서화해 업무 흐름이 누락되지 않도록 합니다.

기획·운영·현장 담당자 및 외부 협력 파트너와 수시로 협업합니다. 변경 사항은 영향 범위를 검토한 뒤 대안을 제시하고 합의된 방식으로 반영합니다.

문제 발생 시 사실관계와 원인을 먼저 확인하고, 재발 방지 방안을 업무 절차에 반영합니다. 입사 후에는 담당 영역의 실행력을 높이고, 정확성·일정 준수·이용자 관점의 완성도를 중요한 기준으로 삼습니다.","- 라우터, 스위치, 방화벽, 회선 장애 관련 업무 계획 수립 및 실행
- 담당 과제의 일정·진행 현황 관리
- 업무 산출물 작성 및 검토 이력 관리
- 유관 부서 및 외부 협력 대상과 실무 조율
- 현장·시스템·자료에서 발생한 이슈 분석 및 조치
- 운영 기준과 체크리스트 개선
- 결과 데이터 또는 피드백을 반영한 품질 개선","- 신입 조건에 맞는 관련 실무 경험 또는 역량 보유
- 라우터, 스위치, 방화벽, 회선 장애에 필요한 도구·절차를 이해하고 실무 적용이 가능한 분
- 업무 내용을 정확히 기록하고 일정에 맞춰 결과물을 제출할 수 있는 분
- 유관 부서와 원활하게 소통하며 협업할 수 있는 분
- 근무지 출퇴근 및 직무 수행이 가능한 분","- 정보통신기사 보유자
- 네트워크관리사 2급 보유자
- 라우터, 스위치, 방화벽, 회선 장애 관련 프로젝트 또는 현장 수행 경험
- 업무용 문서·보고서 작성 및 이력 관리 경험
- 유관 부서·외부 협력사와의 일정 조율 경험","- 지원서 또는 제출서류를 허위로 기재한 경우
- 채용 과정에서 요구한 증빙서류를 제출하지 못한 경우
- 채용검진 결과 직무 수행이 어렵다고 판단되는 경우
- 해외여행 및 근무에 결격사유가 있는 경우
- 관련 법령 또는 내부 인사규정상 채용이 불가능한 경우",서류전형 > 실무면접 > 최종면접
2182,네트워크엔지니어 실무자 채용,44,219,20260613,20260629,2,경력,계약직,경기도,전문학사 이상,"네트워크엔지니어 포지션은 유·무선 네트워크의 구축과 운영을 담당 역할입니다. 담당 업무의 목표와 우선순위를 명확히 설정하고, 일정과 품질 기준을 함께 관리합니다.

라우터, 스위치, 방화벽, 회선 장애를 중심으로 실무를 수행하며, 요구사항과 결과물을 문서화해 업무 흐름이 누락되지 않도록 합니다.

기획·운영·현장 담당자 및 외부 협력 파트너와 수시로 협업합니다. 변경 사항은 영향 범위를 검토한 뒤 대안을 제시하고 합의된 방식으로 반영합니다.

문제 발생 시 사실관계와 원인을 먼저 확인하고, 재발 방지 방안을 업무 절차에 반영합니다. 입사 후에는 담당 영역의 실행력을 높이고, 정확성·일정 준수·이용자 관점의 완성도를 중요한 기준으로 삼습니다.","- 라우터, 스위치, 방화벽, 회선 장애 관련 업무 계획 수립 및 실행
- 담당 과제의 일정·진행 현황 관리
- 업무 산출물 작성 및 검토 이력 관리
- 유관 부서 및 외부 협력 대상과 실무 조율
- 현장·시스템·자료에서 발생한 이슈 분석 및 조치
- 운영 기준과 체크리스트 개선
- 결과 데이터 또는 피드백을 반영한 품질 개선","- 경력 조건에 맞는 관련 실무 경험 또는 역량 보유
- 라우터, 스위치, 방화벽, 회선 장애에 필요한 도구·절차를 이해하고 실무 적용이 가능한 분
- 업무 내용을 정확히 기록하고 일정에 맞춰 결과물을 제출할 수 있는 분
- 유관 부서와 원활하게 소통하며 협업할 수 있는 분
- 근무지 출퇴근 및 직무 수행이 가능한 분","- 정보통신기사 보유자
- 네트워크관리사 2급 보유자
- 라우터, 스위치, 방화벽, 회선 장애 관련 프로젝트 또는 현장 수행 경험
- 업무용 문서·보고서 작성 및 이력 관리 경험
- 유관 부서·외부 협력사와의 일정 조율 경험","- 지원서 또는 제출서류를 허위로 기재한 경우
- 채용 과정에서 요구한 증빙서류를 제출하지 못한 경우
- 채용검진 결과 직무 수행이 어렵다고 판단되는 경우
- 해외여행 및 근무에 결격사유가 있는 경우
- 관련 법령 또는 내부 인사규정상 채용이 불가능한 경우",서류전형 > 인성검사 > 실무면접 > 최종면접
2183,네트워크엔지니어 전문인력 채용,27,219,20260718,20260806,4,신입·경력,정규직,인천광역시,학사 이상,"네트워크엔지니어 포지션은 유·무선 네트워크의 구축과 운영을 담당 역할입니다. 담당 업무의 목표와 우선순위를 명확히 설정하고, 일정과 품질 기준을 함께 관리합니다.

라우터, 스위치, 방화벽, 회선 장애를 중심으로 실무를 수행하며, 요구사항과 결과물을 문서화해 업무 흐름이 누락되지 않도록 합니다.

기획·운영·현장 담당자 및 외부 협력 파트너와 수시로 협업합니다. 변경 사항은 영향 범위를 검토한 뒤 대안을 제시하고 합의된 방식으로 반영합니다.

문제 발생 시 사실관계와 원인을 먼저 확인하고, 재발 방지 방안을 업무 절차에 반영합니다. 입사 후에는 담당 영역의 실행력을 높이고, 정확성·일정 준수·이용자 관점의 완성도를 중요한 기준으로 삼습니다.","- 라우터, 스위치, 방화벽, 회선 장애 관련 업무 계획 수립 및 실행
- 담당 과제의 일정·진행 현황 관리
- 업무 산출물 작성 및 검토 이력 관리
- 유관 부서 및 외부 협력 대상과 실무 조율
- 현장·시스템·자료에서 발생한 이슈 분석 및 조치
- 운영 기준과 체크리스트 개선
- 결과 데이터 또는 피드백을 반영한 품질 개선","- 신입·경력 조건에 맞는 관련 실무 경험 또는 역량 보유
- 라우터, 스위치, 방화벽, 회선 장애에 필요한 도구·절차를 이해하고 실무 적용이 가능한 분
- 업무 내용을 정확히 기록하고 일정에 맞춰 결과물을 제출할 수 있는 분
- 유관 부서와 원활하게 소통하며 협업할 수 있는 분
- 근무지 출퇴근 및 직무 수행이 가능한 분","- 정보통신기사 보유자
- 네트워크관리사 2급 보유자
- 라우터, 스위치, 방화벽, 회선 장애 관련 프로젝트 또는 현장 수행 경험
- 업무용 문서·보고서 작성 및 이력 관리 경험
- 유관 부서·외부 협력사와의 일정 조율 경험","- 지원서 또는 제출서류를 허위로 기재한 경우
- 채용 과정에서 요구한 증빙서류를 제출하지 못한 경우
- 채용검진 결과 직무 수행이 어렵다고 판단되는 경우
- 해외여행 및 근무에 결격사유가 있는 경우
- 관련 법령 또는 내부 인사규정상 채용이 불가능한 경우",서류전형 > 직무과제 > 실무면접 > 처우협의
2184,네트워크엔지니어 운영 담당 채용,77,219,20260823,20260914,6,경력 2년 이상,정규직,대전광역시,학사 이상,"네트워크엔지니어 포지션은 유·무선 네트워크의 구축과 운영을 담당 역할입니다. 담당 업무의 목표와 우선순위를 명확히 설정하고, 일정과 품질 기준을 함께 관리합니다.

라우터, 스위치, 방화벽, 회선 장애를 중심으로 실무를 수행하며, 요구사항과 결과물을 문서화해 업무 흐름이 누락되지 않도록 합니다.

기획·운영·현장 담당자 및 외부 협력 파트너와 수시로 협업합니다. 변경 사항은 영향 범위를 검토한 뒤 대안을 제시하고 합의된 방식으로 반영합니다.

문제 발생 시 사실관계와 원인을 먼저 확인하고, 재발 방지 방안을 업무 절차에 반영합니다. 입사 후에는 담당 영역의 실행력을 높이고, 정확성·일정 준수·이용자 관점의 완성도를 중요한 기준으로 삼습니다.","- 라우터, 스위치, 방화벽, 회선 장애 관련 업무 계획 수립 및 실행
- 담당 과제의 일정·진행 현황 관리
- 업무 산출물 작성 및 검토 이력 관리
- 유관 부서 및 외부 협력 대상과 실무 조율
- 현장·시스템·자료에서 발생한 이슈 분석 및 조치
- 운영 기준과 체크리스트 개선
- 결과 데이터 또는 피드백을 반영한 품질 개선","- 경력 2년 이상 조건에 맞는 관련 실무 경험 또는 역량 보유
- 라우터, 스위치, 방화벽, 회선 장애에 필요한 도구·절차를 이해하고 실무 적용이 가능한 분
- 업무 내용을 정확히 기록하고 일정에 맞춰 결과물을 제출할 수 있는 분
- 유관 부서와 원활하게 소통하며 협업할 수 있는 분
- 근무지 출퇴근 및 직무 수행이 가능한 분","- 정보통신기사 보유자
- 네트워크관리사 2급 보유자
- 라우터, 스위치, 방화벽, 회선 장애 관련 프로젝트 또는 현장 수행 경험
- 업무용 문서·보고서 작성 및 이력 관리 경험
- 유관 부서·외부 협력사와의 일정 조율 경험","- 지원서 또는 제출서류를 허위로 기재한 경우
- 채용 과정에서 요구한 증빙서류를 제출하지 못한 경우
- 채용검진 결과 직무 수행이 어렵다고 판단되는 경우
- 해외여행 및 근무에 결격사유가 있는 경우
- 관련 법령 또는 내부 인사규정상 채용이 불가능한 경우",서류전형 > 1차면접 > 2차면접 > 채용검진
2185,네트워크엔지니어 프로젝트 인재 모집,30,219,20260903,20260928,8,경력 3년 이상,무기계약직,부산광역시,학력무관,"네트워크엔지니어 포지션은 유·무선 네트워크의 구축과 운영을 담당 역할입니다. 담당 업무의 목표와 우선순위를 명확히 설정하고, 일정과 품질 기준을 함께 관리합니다.

라우터, 스위치, 방화벽, 회선 장애를 중심으로 실무를 수행하며, 요구사항과 결과물을 문서화해 업무 흐름이 누락되지 않도록 합니다.

기획·운영·현장 담당자 및 외부 협력 파트너와 수시로 협업합니다. 변경 사항은 영향 범위를 검토한 뒤 대안을 제시하고 합의된 방식으로 반영합니다.

문제 발생 시 사실관계와 원인을 먼저 확인하고, 재발 방지 방안을 업무 절차에 반영합니다. 입사 후에는 담당 영역의 실행력을 높이고, 정확성·일정 준수·이용자 관점의 완성도를 중요한 기준으로 삼습니다.","- 라우터, 스위치, 방화벽, 회선 장애 관련 업무 계획 수립 및 실행
- 담당 과제의 일정·진행 현황 관리
- 업무 산출물 작성 및 검토 이력 관리
- 유관 부서 및 외부 협력 대상과 실무 조율
- 현장·시스템·자료에서 발생한 이슈 분석 및 조치
- 운영 기준과 체크리스트 개선
- 결과 데이터 또는 피드백을 반영한 품질 개선","- 경력 3년 이상 조건에 맞는 관련 실무 경험 또는 역량 보유
- 라우터, 스위치, 방화벽, 회선 장애에 필요한 도구·절차를 이해하고 실무 적용이 가능한 분
- 업무 내용을 정확히 기록하고 일정에 맞춰 결과물을 제출할 수 있는 분
- 유관 부서와 원활하게 소통하며 협업할 수 있는 분
- 근무지 출퇴근 및 직무 수행이 가능한 분","- 정보통신기사 보유자
- 네트워크관리사 2급 보유자
- 라우터, 스위치, 방화벽, 회선 장애 관련 프로젝트 또는 현장 수행 경험
- 업무용 문서·보고서 작성 및 이력 관리 경험
- 유관 부서·외부 협력사와의 일정 조율 경험","- 지원서 또는 제출서류를 허위로 기재한 경우
- 채용 과정에서 요구한 증빙서류를 제출하지 못한 경우
- 채용검진 결과 직무 수행이 어렵다고 판단되는 경우
- 해외여행 및 근무에 결격사유가 있는 경우
- 관련 법령 또는 내부 인사규정상 채용이 불가능한 경우",서류전형 > 실무면접 > 최종면접
2186,네트워크엔지니어 전담 인력 채용,147,219,20261008,20261105,10,경력 무관,기간제,광주광역시,전문학사 이상,"네트워크엔지니어 포지션은 유·무선 네트워크의 구축과 운영을 담당 역할입니다. 담당 업무의 목표와 우선순위를 명확히 설정하고, 일정과 품질 기준을 함께 관리합니다.

라우터, 스위치, 방화벽, 회선 장애를 중심으로 실무를 수행하며, 요구사항과 결과물을 문서화해 업무 흐름이 누락되지 않도록 합니다.

기획·운영·현장 담당자 및 외부 협력 파트너와 수시로 협업합니다. 변경 사항은 영향 범위를 검토한 뒤 대안을 제시하고 합의된 방식으로 반영합니다.

문제 발생 시 사실관계와 원인을 먼저 확인하고, 재발 방지 방안을 업무 절차에 반영합니다. 입사 후에는 담당 영역의 실행력을 높이고, 정확성·일정 준수·이용자 관점의 완성도를 중요한 기준으로 삼습니다.","- 라우터, 스위치, 방화벽, 회선 장애 관련 업무 계획 수립 및 실행
- 담당 과제의 일정·진행 현황 관리
- 업무 산출물 작성 및 검토 이력 관리
- 유관 부서 및 외부 협력 대상과 실무 조율
- 현장·시스템·자료에서 발생한 이슈 분석 및 조치
- 운영 기준과 체크리스트 개선
- 결과 데이터 또는 피드백을 반영한 품질 개선","- 경력 무관 조건에 맞는 관련 실무 경험 또는 역량 보유
- 라우터, 스위치, 방화벽, 회선 장애에 필요한 도구·절차를 이해하고 실무 적용이 가능한 분
- 업무 내용을 정확히 기록하고 일정에 맞춰 결과물을 제출할 수 있는 분
- 유관 부서와 원활하게 소통하며 협업할 수 있는 분
- 근무지 출퇴근 및 직무 수행이 가능한 분","- 정보통신기사 보유자
- 네트워크관리사 2급 보유자
- 라우터, 스위치, 방화벽, 회선 장애 관련 프로젝트 또는 현장 수행 경험
- 업무용 문서·보고서 작성 및 이력 관리 경험
- 유관 부서·외부 협력사와의 일정 조율 경험","- 지원서 또는 제출서류를 허위로 기재한 경우
- 채용 과정에서 요구한 증빙서류를 제출하지 못한 경우
- 채용검진 결과 직무 수행이 어렵다고 판단되는 경우
- 해외여행 및 근무에 결격사유가 있는 경우
- 관련 법령 또는 내부 인사규정상 채용이 불가능한 경우",서류전형 > 인성검사 > 실무면접 > 최종면접
2187,네트워크엔지니어 실무 인재 모집,140,219,20260213,20260316,12,경력 5년 이상,정규직,세종특별자치시,학사 이상,"네트워크엔지니어 포지션은 유·무선 네트워크의 구축과 운영을 담당 역할입니다. 담당 업무의 목표와 우선순위를 명확히 설정하고, 일정과 품질 기준을 함께 관리합니다.

라우터, 스위치, 방화벽, 회선 장애를 중심으로 실무를 수행하며, 요구사항과 결과물을 문서화해 업무 흐름이 누락되지 않도록 합니다.

기획·운영·현장 담당자 및 외부 협력 파트너와 수시로 협업합니다. 변경 사항은 영향 범위를 검토한 뒤 대안을 제시하고 합의된 방식으로 반영합니다.

문제 발생 시 사실관계와 원인을 먼저 확인하고, 재발 방지 방안을 업무 절차에 반영합니다. 입사 후에는 담당 영역의 실행력을 높이고, 정확성·일정 준수·이용자 관점의 완성도를 중요한 기준으로 삼습니다.","- 라우터, 스위치, 방화벽, 회선 장애 관련 업무 계획 수립 및 실행
- 담당 과제의 일정·진행 현황 관리
- 업무 산출물 작성 및 검토 이력 관리
- 유관 부서 및 외부 협력 대상과 실무 조율
- 현장·시스템·자료에서 발생한 이슈 분석 및 조치
- 운영 기준과 체크리스트 개선
- 결과 데이터 또는 피드백을 반영한 품질 개선","- 경력 5년 이상 조건에 맞는 관련 실무 경험 또는 역량 보유
- 라우터, 스위치, 방화벽, 회선 장애에 필요한 도구·절차를 이해하고 실무 적용이 가능한 분
- 업무 내용을 정확히 기록하고 일정에 맞춰 결과물을 제출할 수 있는 분
- 유관 부서와 원활하게 소통하며 협업할 수 있는 분
- 근무지 출퇴근 및 직무 수행이 가능한 분","- 정보통신기사 보유자
- 네트워크관리사 2급 보유자
- 라우터, 스위치, 방화벽, 회선 장애 관련 프로젝트 또는 현장 수행 경험
- 업무용 문서·보고서 작성 및 이력 관리 경험
- 유관 부서·외부 협력사와의 일정 조율 경험","- 지원서 또는 제출서류를 허위로 기재한 경우
- 채용 과정에서 요구한 증빙서류를 제출하지 못한 경우
- 채용검진 결과 직무 수행이 어렵다고 판단되는 경우
- 해외여행 및 근무에 결격사유가 있는 경우
- 관련 법령 또는 내부 인사규정상 채용이 불가능한 경우",서류전형 > 직무과제 > 실무면접 > 처우협의
2188,네트워크엔지니어 담당자 공개채용,12,219,20260318,20260421,14,신입·경력,계약직,충청남도,학력무관,"네트워크엔지니어 포지션은 유·무선 네트워크의 구축과 운영을 담당 역할입니다. 담당 업무의 목표와 우선순위를 명확히 설정하고, 일정과 품질 기준을 함께 관리합니다.

라우터, 스위치, 방화벽, 회선 장애를 중심으로 실무를 수행하며, 요구사항과 결과물을 문서화해 업무 흐름이 누락되지 않도록 합니다.

기획·운영·현장 담당자 및 외부 협력 파트너와 수시로 협업합니다. 변경 사항은 영향 범위를 검토한 뒤 대안을 제시하고 합의된 방식으로 반영합니다.

문제 발생 시 사실관계와 원인을 먼저 확인하고, 재발 방지 방안을 업무 절차에 반영합니다. 입사 후에는 담당 영역의 실행력을 높이고, 정확성·일정 준수·이용자 관점의 완성도를 중요한 기준으로 삼습니다.","- 라우터, 스위치, 방화벽, 회선 장애 관련 업무 계획 수립 및 실행
- 담당 과제의 일정·진행 현황 관리
- 업무 산출물 작성 및 검토 이력 관리
- 유관 부서 및 외부 협력 대상과 실무 조율
- 현장·시스템·자료에서 발생한 이슈 분석 및 조치
- 운영 기준과 체크리스트 개선
- 결과 데이터 또는 피드백을 반영한 품질 개선","- 신입·경력 조건에 맞는 관련 실무 경험 또는 역량 보유
- 라우터, 스위치, 방화벽, 회선 장애에 필요한 도구·절차를 이해하고 실무 적용이 가능한 분
- 업무 내용을 정확히 기록하고 일정에 맞춰 결과물을 제출할 수 있는 분
- 유관 부서와 원활하게 소통하며 협업할 수 있는 분
- 근무지 출퇴근 및 직무 수행이 가능한 분","- 정보통신기사 보유자
- 네트워크관리사 2급 보유자
- 라우터, 스위치, 방화벽, 회선 장애 관련 프로젝트 또는 현장 수행 경험
- 업무용 문서·보고서 작성 및 이력 관리 경험
- 유관 부서·외부 협력사와의 일정 조율 경험","- 지원서 또는 제출서류를 허위로 기재한 경우
- 채용 과정에서 요구한 증빙서류를 제출하지 못한 경우
- 채용검진 결과 직무 수행이 어렵다고 판단되는 경우
- 해외여행 및 근무에 결격사유가 있는 경우
- 관련 법령 또는 내부 인사규정상 채용이 불가능한 경우",서류전형 > 1차면접 > 2차면접 > 채용검진
2189,네트워크엔지니어 정규직 모집,139,219,20260423,20260530,16,경력 2년 이상,정규직,경상남도,학사 이상,"네트워크엔지니어 포지션은 유·무선 네트워크의 구축과 운영을 담당 역할입니다. 담당 업무의 목표와 우선순위를 명확히 설정하고, 일정과 품질 기준을 함께 관리합니다.

라우터, 스위치, 방화벽, 회선 장애를 중심으로 실무를 수행하며, 요구사항과 결과물을 문서화해 업무 흐름이 누락되지 않도록 합니다.

기획·운영·현장 담당자 및 외부 협력 파트너와 수시로 협업합니다. 변경 사항은 영향 범위를 검토한 뒤 대안을 제시하고 합의된 방식으로 반영합니다.

문제 발생 시 사실관계와 원인을 먼저 확인하고, 재발 방지 방안을 업무 절차에 반영합니다. 입사 후에는 담당 영역의 실행력을 높이고, 정확성·일정 준수·이용자 관점의 완성도를 중요한 기준으로 삼습니다.","- 라우터, 스위치, 방화벽, 회선 장애 관련 업무 계획 수립 및 실행
- 담당 과제의 일정·진행 현황 관리
- 업무 산출물 작성 및 검토 이력 관리
- 유관 부서 및 외부 협력 대상과 실무 조율
- 현장·시스템·자료에서 발생한 이슈 분석 및 조치
- 운영 기준과 체크리스트 개선
- 결과 데이터 또는 피드백을 반영한 품질 개선","- 경력 2년 이상 조건에 맞는 관련 실무 경험 또는 역량 보유
- 라우터, 스위치, 방화벽, 회선 장애에 필요한 도구·절차를 이해하고 실무 적용이 가능한 분
- 업무 내용을 정확히 기록하고 일정에 맞춰 결과물을 제출할 수 있는 분
- 유관 부서와 원활하게 소통하며 협업할 수 있는 분
- 근무지 출퇴근 및 직무 수행이 가능한 분","- 정보통신기사 보유자
- 네트워크관리사 2급 보유자
- 라우터, 스위치, 방화벽, 회선 장애 관련 프로젝트 또는 현장 수행 경험
- 업무용 문서·보고서 작성 및 이력 관리 경험
- 유관 부서·외부 협력사와의 일정 조율 경험","- 지원서 또는 제출서류를 허위로 기재한 경우
- 채용 과정에서 요구한 증빙서류를 제출하지 못한 경우
- 채용검진 결과 직무 수행이 어렵다고 판단되는 경우
- 해외여행 및 근무에 결격사유가 있는 경우
- 관련 법령 또는 내부 인사규정상 채용이 불가능한 경우",서류전형 > 실무면접 > 최종면접
2190,네트워크엔지니어 채용,143,219,20260503,20260612,18,경력,정규직,전북특별자치도,전문학사 이상,"네트워크엔지니어 포지션은 유·무선 네트워크의 구축과 운영을 담당 역할입니다. 담당 업무의 목표와 우선순위를 명확히 설정하고, 일정과 품질 기준을 함께 관리합니다.

라우터, 스위치, 방화벽, 회선 장애를 중심으로 실무를 수행하며, 요구사항과 결과물을 문서화해 업무 흐름이 누락되지 않도록 합니다.

기획·운영·현장 담당자 및 외부 협력 파트너와 수시로 협업합니다. 변경 사항은 영향 범위를 검토한 뒤 대안을 제시하고 합의된 방식으로 반영합니다.

문제 발생 시 사실관계와 원인을 먼저 확인하고, 재발 방지 방안을 업무 절차에 반영합니다. 입사 후에는 담당 영역의 실행력을 높이고, 정확성·일정 준수·이용자 관점의 완성도를 중요한 기준으로 삼습니다.","- 라우터, 스위치, 방화벽, 회선 장애 관련 업무 계획 수립 및 실행
- 담당 과제의 일정·진행 현황 관리
- 업무 산출물 작성 및 검토 이력 관리
- 유관 부서 및 외부 협력 대상과 실무 조율
- 현장·시스템·자료에서 발생한 이슈 분석 및 조치
- 운영 기준과 체크리스트 개선
- 결과 데이터 또는 피드백을 반영한 품질 개선","- 경력 조건에 맞는 관련 실무 경험 또는 역량 보유
- 라우터, 스위치, 방화벽, 회선 장애에 필요한 도구·절차를 이해하고 실무 적용이 가능한 분
- 업무 내용을 정확히 기록하고 일정에 맞춰 결과물을 제출할 수 있는 분
- 유관 부서와 원활하게 소통하며 협업할 수 있는 분
- 근무지 출퇴근 및 직무 수행이 가능한 분","- 정보통신기사 보유자
- 네트워크관리사 2급 보유자
- 라우터, 스위치, 방화벽, 회선 장애 관련 프로젝트 또는 현장 수행 경험
- 업무용 문서·보고서 작성 및 이력 관리 경험
- 유관 부서·외부 협력사와의 일정 조율 경험","- 지원서 또는 제출서류를 허위로 기재한 경우
- 채용 과정에서 요구한 증빙서류를 제출하지 못한 경우
- 채용검진 결과 직무 수행이 어렵다고 판단되는 경우
- 해외여행 및 근무에 결격사유가 있는 경우
- 관련 법령 또는 내부 인사규정상 채용이 불가능한 경우",서류전형 > 인성검사 > 실무면접 > 최종면접
2191,DBA 담당자 모집,121,220,20260611,20260625,1,신입,정규직,서울특별시,학력무관,"DBA 포지션은 데이터베이스 성능·백업·권한을 관리 역할입니다. 담당 업무의 목표와 우선순위를 명확히 설정하고, 일정과 품질 기준을 함께 관리합니다.

SQL, 백업 복구, 인덱스, 접근 권한를 중심으로 실무를 수행하며, 요구사항과 결과물을 문서화해 업무 흐름이 누락되지 않도록 합니다.

기획·운영·현장 담당자 및 외부 협력 파트너와 수시로 협업합니다. 변경 사항은 영향 범위를 검토한 뒤 대안을 제시하고 합의된 방식으로 반영합니다.

문제 발생 시 사실관계와 원인을 먼저 확인하고, 재발 방지 방안을 업무 절차에 반영합니다. 입사 후에는 담당 영역의 실행력을 높이고, 정확성·일정 준수·이용자 관점의 완성도를 중요한 기준으로 삼습니다.","- SQL, 백업 복구, 인덱스, 접근 권한 관련 업무 계획 수립 및 실행
- 담당 과제의 일정·진행 현황 관리
- 업무 산출물 작성 및 검토 이력 관리
- 유관 부서 및 외부 협력 대상과 실무 조율
- 현장·시스템·자료에서 발생한 이슈 분석 및 조치
- 운영 기준과 체크리스트 개선
- 결과 데이터 또는 피드백을 반영한 품질 개선","- 신입 조건에 맞는 관련 실무 경험 또는 역량 보유
- SQL, 백업 복구, 인덱스, 접근 권한에 필요한 도구·절차를 이해하고 실무 적용이 가능한 분
- 업무 내용을 정확히 기록하고 일정에 맞춰 결과물을 제출할 수 있는 분
- 유관 부서와 원활하게 소통하며 협업할 수 있는 분
- 근무지 출퇴근 및 직무 수행이 가능한 분","- SQLD 보유자
- DAP 보유자
- SQL, 백업 복구, 인덱스, 접근 권한 관련 프로젝트 또는 현장 수행 경험
- 업무용 문서·보고서 작성 및 이력 관리 경험
- 유관 부서·외부 협력사와의 일정 조율 경험","- 지원서 또는 제출서류를 허위로 기재한 경우
- 채용 과정에서 요구한 증빙서류를 제출하지 못한 경우
- 채용검진 결과 직무 수행이 어렵다고 판단되는 경우
- 해외여행 및 근무에 결격사유가 있는 경우
- 관련 법령 또는 내부 인사규정상 채용이 불가능한 경우",서류전형 > 실무면접 > 최종면접
2192,DBA 실무자 채용,155,220,20260716,20260802,3,경력,계약직,경기도,전문학사 이상,"DBA 포지션은 데이터베이스 성능·백업·권한을 관리 역할입니다. 담당 업무의 목표와 우선순위를 명확히 설정하고, 일정과 품질 기준을 함께 관리합니다.

SQL, 백업 복구, 인덱스, 접근 권한를 중심으로 실무를 수행하며, 요구사항과 결과물을 문서화해 업무 흐름이 누락되지 않도록 합니다.

기획·운영·현장 담당자 및 외부 협력 파트너와 수시로 협업합니다. 변경 사항은 영향 범위를 검토한 뒤 대안을 제시하고 합의된 방식으로 반영합니다.

문제 발생 시 사실관계와 원인을 먼저 확인하고, 재발 방지 방안을 업무 절차에 반영합니다. 입사 후에는 담당 영역의 실행력을 높이고, 정확성·일정 준수·이용자 관점의 완성도를 중요한 기준으로 삼습니다.","- SQL, 백업 복구, 인덱스, 접근 권한 관련 업무 계획 수립 및 실행
- 담당 과제의 일정·진행 현황 관리
- 업무 산출물 작성 및 검토 이력 관리
- 유관 부서 및 외부 협력 대상과 실무 조율
- 현장·시스템·자료에서 발생한 이슈 분석 및 조치
- 운영 기준과 체크리스트 개선
- 결과 데이터 또는 피드백을 반영한 품질 개선","- 경력 조건에 맞는 관련 실무 경험 또는 역량 보유
- SQL, 백업 복구, 인덱스, 접근 권한에 필요한 도구·절차를 이해하고 실무 적용이 가능한 분
- 업무 내용을 정확히 기록하고 일정에 맞춰 결과물을 제출할 수 있는 분
- 유관 부서와 원활하게 소통하며 협업할 수 있는 분
- 근무지 출퇴근 및 직무 수행이 가능한 분","- SQLD 보유자
- DAP 보유자
- SQL, 백업 복구, 인덱스, 접근 권한 관련 프로젝트 또는 현장 수행 경험
- 업무용 문서·보고서 작성 및 이력 관리 경험
- 유관 부서·외부 협력사와의 일정 조율 경험","- 지원서 또는 제출서류를 허위로 기재한 경우
- 채용 과정에서 요구한 증빙서류를 제출하지 못한 경우
- 채용검진 결과 직무 수행이 어렵다고 판단되는 경우
- 해외여행 및 근무에 결격사유가 있는 경우
- 관련 법령 또는 내부 인사규정상 채용이 불가능한 경우",서류전형 > 인성검사 > 실무면접 > 최종면접
2193,DBA 전문인력 채용,93,220,20260821,20260910,5,신입·경력,정규직,인천광역시,학사 이상,"DBA 포지션은 데이터베이스 성능·백업·권한을 관리 역할입니다. 담당 업무의 목표와 우선순위를 명확히 설정하고, 일정과 품질 기준을 함께 관리합니다.

SQL, 백업 복구, 인덱스, 접근 권한를 중심으로 실무를 수행하며, 요구사항과 결과물을 문서화해 업무 흐름이 누락되지 않도록 합니다.

기획·운영·현장 담당자 및 외부 협력 파트너와 수시로 협업합니다. 변경 사항은 영향 범위를 검토한 뒤 대안을 제시하고 합의된 방식으로 반영합니다.

문제 발생 시 사실관계와 원인을 먼저 확인하고, 재발 방지 방안을 업무 절차에 반영합니다. 입사 후에는 담당 영역의 실행력을 높이고, 정확성·일정 준수·이용자 관점의 완성도를 중요한 기준으로 삼습니다.","- SQL, 백업 복구, 인덱스, 접근 권한 관련 업무 계획 수립 및 실행
- 담당 과제의 일정·진행 현황 관리
- 업무 산출물 작성 및 검토 이력 관리
- 유관 부서 및 외부 협력 대상과 실무 조율
- 현장·시스템·자료에서 발생한 이슈 분석 및 조치
- 운영 기준과 체크리스트 개선
- 결과 데이터 또는 피드백을 반영한 품질 개선","- 신입·경력 조건에 맞는 관련 실무 경험 또는 역량 보유
- SQL, 백업 복구, 인덱스, 접근 권한에 필요한 도구·절차를 이해하고 실무 적용이 가능한 분
- 업무 내용을 정확히 기록하고 일정에 맞춰 결과물을 제출할 수 있는 분
- 유관 부서와 원활하게 소통하며 협업할 수 있는 분
- 근무지 출퇴근 및 직무 수행이 가능한 분","- SQLD 보유자
- DAP 보유자
- SQL, 백업 복구, 인덱스, 접근 권한 관련 프로젝트 또는 현장 수행 경험
- 업무용 문서·보고서 작성 및 이력 관리 경험
- 유관 부서·외부 협력사와의 일정 조율 경험","- 지원서 또는 제출서류를 허위로 기재한 경우
- 채용 과정에서 요구한 증빙서류를 제출하지 못한 경우
- 채용검진 결과 직무 수행이 어렵다고 판단되는 경우
- 해외여행 및 근무에 결격사유가 있는 경우
- 관련 법령 또는 내부 인사규정상 채용이 불가능한 경우",서류전형 > 직무과제 > 실무면접 > 처우협의
2194,DBA 운영 담당 채용,27,220,20260901,20260924,7,경력 2년 이상,정규직,대전광역시,학사 이상,"DBA 포지션은 데이터베이스 성능·백업·권한을 관리 역할입니다. 담당 업무의 목표와 우선순위를 명확히 설정하고, 일정과 품질 기준을 함께 관리합니다.

SQL, 백업 복구, 인덱스, 접근 권한를 중심으로 실무를 수행하며, 요구사항과 결과물을 문서화해 업무 흐름이 누락되지 않도록 합니다.

기획·운영·현장 담당자 및 외부 협력 파트너와 수시로 협업합니다. 변경 사항은 영향 범위를 검토한 뒤 대안을 제시하고 합의된 방식으로 반영합니다.

문제 발생 시 사실관계와 원인을 먼저 확인하고, 재발 방지 방안을 업무 절차에 반영합니다. 입사 후에는 담당 영역의 실행력을 높이고, 정확성·일정 준수·이용자 관점의 완성도를 중요한 기준으로 삼습니다.","- SQL, 백업 복구, 인덱스, 접근 권한 관련 업무 계획 수립 및 실행
- 담당 과제의 일정·진행 현황 관리
- 업무 산출물 작성 및 검토 이력 관리
- 유관 부서 및 외부 협력 대상과 실무 조율
- 현장·시스템·자료에서 발생한 이슈 분석 및 조치
- 운영 기준과 체크리스트 개선
- 결과 데이터 또는 피드백을 반영한 품질 개선","- 경력 2년 이상 조건에 맞는 관련 실무 경험 또는 역량 보유
- SQL, 백업 복구, 인덱스, 접근 권한에 필요한 도구·절차를 이해하고 실무 적용이 가능한 분
- 업무 내용을 정확히 기록하고 일정에 맞춰 결과물을 제출할 수 있는 분
- 유관 부서와 원활하게 소통하며 협업할 수 있는 분
- 근무지 출퇴근 및 직무 수행이 가능한 분","- SQLD 보유자
- DAP 보유자
- SQL, 백업 복구, 인덱스, 접근 권한 관련 프로젝트 또는 현장 수행 경험
- 업무용 문서·보고서 작성 및 이력 관리 경험
- 유관 부서·외부 협력사와의 일정 조율 경험","- 지원서 또는 제출서류를 허위로 기재한 경우
- 채용 과정에서 요구한 증빙서류를 제출하지 못한 경우
- 채용검진 결과 직무 수행이 어렵다고 판단되는 경우
- 해외여행 및 근무에 결격사유가 있는 경우
- 관련 법령 또는 내부 인사규정상 채용이 불가능한 경우",서류전형 > 1차면접 > 2차면접 > 채용검진
2195,DBA 프로젝트 인재 모집,99,220,20261006,20261101,9,경력 3년 이상,무기계약직,부산광역시,학력무관,"DBA 포지션은 데이터베이스 성능·백업·권한을 관리 역할입니다. 담당 업무의 목표와 우선순위를 명확히 설정하고, 일정과 품질 기준을 함께 관리합니다.

SQL, 백업 복구, 인덱스, 접근 권한를 중심으로 실무를 수행하며, 요구사항과 결과물을 문서화해 업무 흐름이 누락되지 않도록 합니다.

기획·운영·현장 담당자 및 외부 협력 파트너와 수시로 협업합니다. 변경 사항은 영향 범위를 검토한 뒤 대안을 제시하고 합의된 방식으로 반영합니다.

문제 발생 시 사실관계와 원인을 먼저 확인하고, 재발 방지 방안을 업무 절차에 반영합니다. 입사 후에는 담당 영역의 실행력을 높이고, 정확성·일정 준수·이용자 관점의 완성도를 중요한 기준으로 삼습니다.","- SQL, 백업 복구, 인덱스, 접근 권한 관련 업무 계획 수립 및 실행
- 담당 과제의 일정·진행 현황 관리
- 업무 산출물 작성 및 검토 이력 관리
- 유관 부서 및 외부 협력 대상과 실무 조율
- 현장·시스템·자료에서 발생한 이슈 분석 및 조치
- 운영 기준과 체크리스트 개선
- 결과 데이터 또는 피드백을 반영한 품질 개선","- 경력 3년 이상 조건에 맞는 관련 실무 경험 또는 역량 보유
- SQL, 백업 복구, 인덱스, 접근 권한에 필요한 도구·절차를 이해하고 실무 적용이 가능한 분
- 업무 내용을 정확히 기록하고 일정에 맞춰 결과물을 제출할 수 있는 분
- 유관 부서와 원활하게 소통하며 협업할 수 있는 분
- 근무지 출퇴근 및 직무 수행이 가능한 분","- SQLD 보유자
- DAP 보유자
- SQL, 백업 복구, 인덱스, 접근 권한 관련 프로젝트 또는 현장 수행 경험
- 업무용 문서·보고서 작성 및 이력 관리 경험
- 유관 부서·외부 협력사와의 일정 조율 경험","- 지원서 또는 제출서류를 허위로 기재한 경우
- 채용 과정에서 요구한 증빙서류를 제출하지 못한 경우
- 채용검진 결과 직무 수행이 어렵다고 판단되는 경우
- 해외여행 및 근무에 결격사유가 있는 경우
- 관련 법령 또는 내부 인사규정상 채용이 불가능한 경우",서류전형 > 실무면접 > 최종면접
2196,DBA 전담 인력 채용,108,220,20260211,20260312,11,경력 무관,기간제,광주광역시,전문학사 이상,"DBA 포지션은 데이터베이스 성능·백업·권한을 관리 역할입니다. 담당 업무의 목표와 우선순위를 명확히 설정하고, 일정과 품질 기준을 함께 관리합니다.

SQL, 백업 복구, 인덱스, 접근 권한를 중심으로 실무를 수행하며, 요구사항과 결과물을 문서화해 업무 흐름이 누락되지 않도록 합니다.

기획·운영·현장 담당자 및 외부 협력 파트너와 수시로 협업합니다. 변경 사항은 영향 범위를 검토한 뒤 대안을 제시하고 합의된 방식으로 반영합니다.

문제 발생 시 사실관계와 원인을 먼저 확인하고, 재발 방지 방안을 업무 절차에 반영합니다. 입사 후에는 담당 영역의 실행력을 높이고, 정확성·일정 준수·이용자 관점의 완성도를 중요한 기준으로 삼습니다.","- SQL, 백업 복구, 인덱스, 접근 권한 관련 업무 계획 수립 및 실행
- 담당 과제의 일정·진행 현황 관리
- 업무 산출물 작성 및 검토 이력 관리
- 유관 부서 및 외부 협력 대상과 실무 조율
- 현장·시스템·자료에서 발생한 이슈 분석 및 조치
- 운영 기준과 체크리스트 개선
- 결과 데이터 또는 피드백을 반영한 품질 개선","- 경력 무관 조건에 맞는 관련 실무 경험 또는 역량 보유
- SQL, 백업 복구, 인덱스, 접근 권한에 필요한 도구·절차를 이해하고 실무 적용이 가능한 분
- 업무 내용을 정확히 기록하고 일정에 맞춰 결과물을 제출할 수 있는 분
- 유관 부서와 원활하게 소통하며 협업할 수 있는 분
- 근무지 출퇴근 및 직무 수행이 가능한 분","- SQLD 보유자
- DAP 보유자
- SQL, 백업 복구, 인덱스, 접근 권한 관련 프로젝트 또는 현장 수행 경험
- 업무용 문서·보고서 작성 및 이력 관리 경험
- 유관 부서·외부 협력사와의 일정 조율 경험","- 지원서 또는 제출서류를 허위로 기재한 경우
- 채용 과정에서 요구한 증빙서류를 제출하지 못한 경우
- 채용검진 결과 직무 수행이 어렵다고 판단되는 경우
- 해외여행 및 근무에 결격사유가 있는 경우
- 관련 법령 또는 내부 인사규정상 채용이 불가능한 경우",서류전형 > 인성검사 > 실무면접 > 최종면접
2197,DBA 실무 인재 모집,14,220,20260316,20260417,13,경력 5년 이상,정규직,세종특별자치시,학사 이상,"DBA 포지션은 데이터베이스 성능·백업·권한을 관리 역할입니다. 담당 업무의 목표와 우선순위를 명확히 설정하고, 일정과 품질 기준을 함께 관리합니다.

SQL, 백업 복구, 인덱스, 접근 권한를 중심으로 실무를 수행하며, 요구사항과 결과물을 문서화해 업무 흐름이 누락되지 않도록 합니다.

기획·운영·현장 담당자 및 외부 협력 파트너와 수시로 협업합니다. 변경 사항은 영향 범위를 검토한 뒤 대안을 제시하고 합의된 방식으로 반영합니다.

문제 발생 시 사실관계와 원인을 먼저 확인하고, 재발 방지 방안을 업무 절차에 반영합니다. 입사 후에는 담당 영역의 실행력을 높이고, 정확성·일정 준수·이용자 관점의 완성도를 중요한 기준으로 삼습니다.","- SQL, 백업 복구, 인덱스, 접근 권한 관련 업무 계획 수립 및 실행
- 담당 과제의 일정·진행 현황 관리
- 업무 산출물 작성 및 검토 이력 관리
- 유관 부서 및 외부 협력 대상과 실무 조율
- 현장·시스템·자료에서 발생한 이슈 분석 및 조치
- 운영 기준과 체크리스트 개선
- 결과 데이터 또는 피드백을 반영한 품질 개선","- 경력 5년 이상 조건에 맞는 관련 실무 경험 또는 역량 보유
- SQL, 백업 복구, 인덱스, 접근 권한에 필요한 도구·절차를 이해하고 실무 적용이 가능한 분
- 업무 내용을 정확히 기록하고 일정에 맞춰 결과물을 제출할 수 있는 분
- 유관 부서와 원활하게 소통하며 협업할 수 있는 분
- 근무지 출퇴근 및 직무 수행이 가능한 분","- SQLD 보유자
- DAP 보유자
- SQL, 백업 복구, 인덱스, 접근 권한 관련 프로젝트 또는 현장 수행 경험
- 업무용 문서·보고서 작성 및 이력 관리 경험
- 유관 부서·외부 협력사와의 일정 조율 경험","- 지원서 또는 제출서류를 허위로 기재한 경우
- 채용 과정에서 요구한 증빙서류를 제출하지 못한 경우
- 채용검진 결과 직무 수행이 어렵다고 판단되는 경우
- 해외여행 및 근무에 결격사유가 있는 경우
- 관련 법령 또는 내부 인사규정상 채용이 불가능한 경우",서류전형 > 직무과제 > 실무면접 > 처우협의
2198,DBA 담당자 공개채용,141,220,20260421,20260526,15,신입·경력,계약직,충청남도,학력무관,"DBA 포지션은 데이터베이스 성능·백업·권한을 관리 역할입니다. 담당 업무의 목표와 우선순위를 명확히 설정하고, 일정과 품질 기준을 함께 관리합니다.

SQL, 백업 복구, 인덱스, 접근 권한를 중심으로 실무를 수행하며, 요구사항과 결과물을 문서화해 업무 흐름이 누락되지 않도록 합니다.

기획·운영·현장 담당자 및 외부 협력 파트너와 수시로 협업합니다. 변경 사항은 영향 범위를 검토한 뒤 대안을 제시하고 합의된 방식으로 반영합니다.

문제 발생 시 사실관계와 원인을 먼저 확인하고, 재발 방지 방안을 업무 절차에 반영합니다. 입사 후에는 담당 영역의 실행력을 높이고, 정확성·일정 준수·이용자 관점의 완성도를 중요한 기준으로 삼습니다.","- SQL, 백업 복구, 인덱스, 접근 권한 관련 업무 계획 수립 및 실행
- 담당 과제의 일정·진행 현황 관리
- 업무 산출물 작성 및 검토 이력 관리
- 유관 부서 및 외부 협력 대상과 실무 조율
- 현장·시스템·자료에서 발생한 이슈 분석 및 조치
- 운영 기준과 체크리스트 개선
- 결과 데이터 또는 피드백을 반영한 품질 개선","- 신입·경력 조건에 맞는 관련 실무 경험 또는 역량 보유
- SQL, 백업 복구, 인덱스, 접근 권한에 필요한 도구·절차를 이해하고 실무 적용이 가능한 분
- 업무 내용을 정확히 기록하고 일정에 맞춰 결과물을 제출할 수 있는 분
- 유관 부서와 원활하게 소통하며 협업할 수 있는 분
- 근무지 출퇴근 및 직무 수행이 가능한 분","- SQLD 보유자
- DAP 보유자
- SQL, 백업 복구, 인덱스, 접근 권한 관련 프로젝트 또는 현장 수행 경험
- 업무용 문서·보고서 작성 및 이력 관리 경험
- 유관 부서·외부 협력사와의 일정 조율 경험","- 지원서 또는 제출서류를 허위로 기재한 경우
- 채용 과정에서 요구한 증빙서류를 제출하지 못한 경우
- 채용검진 결과 직무 수행이 어렵다고 판단되는 경우
- 해외여행 및 근무에 결격사유가 있는 경우
- 관련 법령 또는 내부 인사규정상 채용이 불가능한 경우",서류전형 > 1차면접 > 2차면접 > 채용검진
2199,DBA 정규직 모집,23,220,20260501,20260608,17,경력 2년 이상,정규직,경상남도,학사 이상,"DBA 포지션은 데이터베이스 성능·백업·권한을 관리 역할입니다. 담당 업무의 목표와 우선순위를 명확히 설정하고, 일정과 품질 기준을 함께 관리합니다.

SQL, 백업 복구, 인덱스, 접근 권한를 중심으로 실무를 수행하며, 요구사항과 결과물을 문서화해 업무 흐름이 누락되지 않도록 합니다.

기획·운영·현장 담당자 및 외부 협력 파트너와 수시로 협업합니다. 변경 사항은 영향 범위를 검토한 뒤 대안을 제시하고 합의된 방식으로 반영합니다.

문제 발생 시 사실관계와 원인을 먼저 확인하고, 재발 방지 방안을 업무 절차에 반영합니다. 입사 후에는 담당 영역의 실행력을 높이고, 정확성·일정 준수·이용자 관점의 완성도를 중요한 기준으로 삼습니다.","- SQL, 백업 복구, 인덱스, 접근 권한 관련 업무 계획 수립 및 실행
- 담당 과제의 일정·진행 현황 관리
- 업무 산출물 작성 및 검토 이력 관리
- 유관 부서 및 외부 협력 대상과 실무 조율
- 현장·시스템·자료에서 발생한 이슈 분석 및 조치
- 운영 기준과 체크리스트 개선
- 결과 데이터 또는 피드백을 반영한 품질 개선","- 경력 2년 이상 조건에 맞는 관련 실무 경험 또는 역량 보유
- SQL, 백업 복구, 인덱스, 접근 권한에 필요한 도구·절차를 이해하고 실무 적용이 가능한 분
- 업무 내용을 정확히 기록하고 일정에 맞춰 결과물을 제출할 수 있는 분
- 유관 부서와 원활하게 소통하며 협업할 수 있는 분
- 근무지 출퇴근 및 직무 수행이 가능한 분","- SQLD 보유자
- DAP 보유자
- SQL, 백업 복구, 인덱스, 접근 권한 관련 프로젝트 또는 현장 수행 경험
- 업무용 문서·보고서 작성 및 이력 관리 경험
- 유관 부서·외부 협력사와의 일정 조율 경험","- 지원서 또는 제출서류를 허위로 기재한 경우
- 채용 과정에서 요구한 증빙서류를 제출하지 못한 경우
- 채용검진 결과 직무 수행이 어렵다고 판단되는 경우
- 해외여행 및 근무에 결격사유가 있는 경우
- 관련 법령 또는 내부 인사규정상 채용이 불가능한 경우",서류전형 > 실무면접 > 최종면접
2200,DBA 채용,42,220,20260606,20260717,19,경력,정규직,전북특별자치도,전문학사 이상,"DBA 포지션은 데이터베이스 성능·백업·권한을 관리 역할입니다. 담당 업무의 목표와 우선순위를 명확히 설정하고, 일정과 품질 기준을 함께 관리합니다.

SQL, 백업 복구, 인덱스, 접근 권한를 중심으로 실무를 수행하며, 요구사항과 결과물을 문서화해 업무 흐름이 누락되지 않도록 합니다.

기획·운영·현장 담당자 및 외부 협력 파트너와 수시로 협업합니다. 변경 사항은 영향 범위를 검토한 뒤 대안을 제시하고 합의된 방식으로 반영합니다.

문제 발생 시 사실관계와 원인을 먼저 확인하고, 재발 방지 방안을 업무 절차에 반영합니다. 입사 후에는 담당 영역의 실행력을 높이고, 정확성·일정 준수·이용자 관점의 완성도를 중요한 기준으로 삼습니다.","- SQL, 백업 복구, 인덱스, 접근 권한 관련 업무 계획 수립 및 실행
- 담당 과제의 일정·진행 현황 관리
- 업무 산출물 작성 및 검토 이력 관리
- 유관 부서 및 외부 협력 대상과 실무 조율
- 현장·시스템·자료에서 발생한 이슈 분석 및 조치
- 운영 기준과 체크리스트 개선
- 결과 데이터 또는 피드백을 반영한 품질 개선","- 경력 조건에 맞는 관련 실무 경험 또는 역량 보유
- SQL, 백업 복구, 인덱스, 접근 권한에 필요한 도구·절차를 이해하고 실무 적용이 가능한 분
- 업무 내용을 정확히 기록하고 일정에 맞춰 결과물을 제출할 수 있는 분
- 유관 부서와 원활하게 소통하며 협업할 수 있는 분
- 근무지 출퇴근 및 직무 수행이 가능한 분","- SQLD 보유자
- DAP 보유자
- SQL, 백업 복구, 인덱스, 접근 권한 관련 프로젝트 또는 현장 수행 경험
- 업무용 문서·보고서 작성 및 이력 관리 경험
- 유관 부서·외부 협력사와의 일정 조율 경험","- 지원서 또는 제출서류를 허위로 기재한 경우
- 채용 과정에서 요구한 증빙서류를 제출하지 못한 경우
- 채용검진 결과 직무 수행이 어렵다고 판단되는 경우
- 해외여행 및 근무에 결격사유가 있는 경우
- 관련 법령 또는 내부 인사규정상 채용이 불가능한 경우",서류전형 > 인성검사 > 실무면접 > 최종면접
2201,데이터엔지니어 담당자 모집,40,221,20260714,20260729,2,신입,정규직,서울특별시,학력무관,"데이터엔지니어 포지션은 분석·서비스용 데이터 파이프라인을 구축 역할입니다. 담당 업무의 목표와 우선순위를 명확히 설정하고, 일정과 품질 기준을 함께 관리합니다.

ETL, 데이터 웨어하우스, 배치, 데이터 품질를 중심으로 실무를 수행하며, 요구사항과 결과물을 문서화해 업무 흐름이 누락되지 않도록 합니다.

기획·운영·현장 담당자 및 외부 협력 파트너와 수시로 협업합니다. 변경 사항은 영향 범위를 검토한 뒤 대안을 제시하고 합의된 방식으로 반영합니다.

문제 발생 시 사실관계와 원인을 먼저 확인하고, 재발 방지 방안을 업무 절차에 반영합니다. 입사 후에는 담당 영역의 실행력을 높이고, 정확성·일정 준수·이용자 관점의 완성도를 중요한 기준으로 삼습니다.","- ETL, 데이터 웨어하우스, 배치, 데이터 품질 관련 업무 계획 수립 및 실행
- 담당 과제의 일정·진행 현황 관리
- 업무 산출물 작성 및 검토 이력 관리
- 유관 부서 및 외부 협력 대상과 실무 조율
- 현장·시스템·자료에서 발생한 이슈 분석 및 조치
- 운영 기준과 체크리스트 개선
- 결과 데이터 또는 피드백을 반영한 품질 개선","- 신입 조건에 맞는 관련 실무 경험 또는 역량 보유
- ETL, 데이터 웨어하우스, 배치, 데이터 품질에 필요한 도구·절차를 이해하고 실무 적용이 가능한 분
- 업무 내용을 정확히 기록하고 일정에 맞춰 결과물을 제출할 수 있는 분
- 유관 부서와 원활하게 소통하며 협업할 수 있는 분
- 근무지 출퇴근 및 직무 수행이 가능한 분","- SQLD 보유자
- ADsP 보유자
- ETL, 데이터 웨어하우스, 배치, 데이터 품질 관련 프로젝트 또는 현장 수행 경험
- 업무용 문서·보고서 작성 및 이력 관리 경험
- 유관 부서·외부 협력사와의 일정 조율 경험","- 지원서 또는 제출서류를 허위로 기재한 경우
- 채용 과정에서 요구한 증빙서류를 제출하지 못한 경우
- 채용검진 결과 직무 수행이 어렵다고 판단되는 경우
- 해외여행 및 근무에 결격사유가 있는 경우
- 관련 법령 또는 내부 인사규정상 채용이 불가능한 경우",서류전형 > 실무면접 > 최종면접
2202,데이터엔지니어 실무자 채용,38,221,20260819,20260906,4,경력,계약직,경기도,전문학사 이상,"데이터엔지니어 포지션은 분석·서비스용 데이터 파이프라인을 구축 역할입니다. 담당 업무의 목표와 우선순위를 명확히 설정하고, 일정과 품질 기준을 함께 관리합니다.

ETL, 데이터 웨어하우스, 배치, 데이터 품질를 중심으로 실무를 수행하며, 요구사항과 결과물을 문서화해 업무 흐름이 누락되지 않도록 합니다.

기획·운영·현장 담당자 및 외부 협력 파트너와 수시로 협업합니다. 변경 사항은 영향 범위를 검토한 뒤 대안을 제시하고 합의된 방식으로 반영합니다.

문제 발생 시 사실관계와 원인을 먼저 확인하고, 재발 방지 방안을 업무 절차에 반영합니다. 입사 후에는 담당 영역의 실행력을 높이고, 정확성·일정 준수·이용자 관점의 완성도를 중요한 기준으로 삼습니다.","- ETL, 데이터 웨어하우스, 배치, 데이터 품질 관련 업무 계획 수립 및 실행
- 담당 과제의 일정·진행 현황 관리
- 업무 산출물 작성 및 검토 이력 관리
- 유관 부서 및 외부 협력 대상과 실무 조율
- 현장·시스템·자료에서 발생한 이슈 분석 및 조치
- 운영 기준과 체크리스트 개선
- 결과 데이터 또는 피드백을 반영한 품질 개선","- 경력 조건에 맞는 관련 실무 경험 또는 역량 보유
- ETL, 데이터 웨어하우스, 배치, 데이터 품질에 필요한 도구·절차를 이해하고 실무 적용이 가능한 분
- 업무 내용을 정확히 기록하고 일정에 맞춰 결과물을 제출할 수 있는 분
- 유관 부서와 원활하게 소통하며 협업할 수 있는 분
- 근무지 출퇴근 및 직무 수행이 가능한 분","- SQLD 보유자
- ADsP 보유자
- ETL, 데이터 웨어하우스, 배치, 데이터 품질 관련 프로젝트 또는 현장 수행 경험
- 업무용 문서·보고서 작성 및 이력 관리 경험
- 유관 부서·외부 협력사와의 일정 조율 경험","- 지원서 또는 제출서류를 허위로 기재한 경우
- 채용 과정에서 요구한 증빙서류를 제출하지 못한 경우
- 채용검진 결과 직무 수행이 어렵다고 판단되는 경우
- 해외여행 및 근무에 결격사유가 있는 경우
- 관련 법령 또는 내부 인사규정상 채용이 불가능한 경우",서류전형 > 인성검사 > 실무면접 > 최종면접
2203,데이터엔지니어 전문인력 채용,116,221,20260924,20261015,6,신입·경력,정규직,인천광역시,학사 이상,"데이터엔지니어 포지션은 분석·서비스용 데이터 파이프라인을 구축 역할입니다. 담당 업무의 목표와 우선순위를 명확히 설정하고, 일정과 품질 기준을 함께 관리합니다.

ETL, 데이터 웨어하우스, 배치, 데이터 품질를 중심으로 실무를 수행하며, 요구사항과 결과물을 문서화해 업무 흐름이 누락되지 않도록 합니다.

기획·운영·현장 담당자 및 외부 협력 파트너와 수시로 협업합니다. 변경 사항은 영향 범위를 검토한 뒤 대안을 제시하고 합의된 방식으로 반영합니다.

문제 발생 시 사실관계와 원인을 먼저 확인하고, 재발 방지 방안을 업무 절차에 반영합니다. 입사 후에는 담당 영역의 실행력을 높이고, 정확성·일정 준수·이용자 관점의 완성도를 중요한 기준으로 삼습니다.","- ETL, 데이터 웨어하우스, 배치, 데이터 품질 관련 업무 계획 수립 및 실행
- 담당 과제의 일정·진행 현황 관리
- 업무 산출물 작성 및 검토 이력 관리
- 유관 부서 및 외부 협력 대상과 실무 조율
- 현장·시스템·자료에서 발생한 이슈 분석 및 조치
- 운영 기준과 체크리스트 개선
- 결과 데이터 또는 피드백을 반영한 품질 개선","- 신입·경력 조건에 맞는 관련 실무 경험 또는 역량 보유
- ETL, 데이터 웨어하우스, 배치, 데이터 품질에 필요한 도구·절차를 이해하고 실무 적용이 가능한 분
- 업무 내용을 정확히 기록하고 일정에 맞춰 결과물을 제출할 수 있는 분
- 유관 부서와 원활하게 소통하며 협업할 수 있는 분
- 근무지 출퇴근 및 직무 수행이 가능한 분","- SQLD 보유자
- ADsP 보유자
- ETL, 데이터 웨어하우스, 배치, 데이터 품질 관련 프로젝트 또는 현장 수행 경험
- 업무용 문서·보고서 작성 및 이력 관리 경험
- 유관 부서·외부 협력사와의 일정 조율 경험","- 지원서 또는 제출서류를 허위로 기재한 경우
- 채용 과정에서 요구한 증빙서류를 제출하지 못한 경우
- 채용검진 결과 직무 수행이 어렵다고 판단되는 경우
- 해외여행 및 근무에 결격사유가 있는 경우
- 관련 법령 또는 내부 인사규정상 채용이 불가능한 경우",서류전형 > 직무과제 > 실무면접 > 처우협의
2204,데이터엔지니어 운영 담당 채용,142,221,20261004,20261028,8,경력 2년 이상,정규직,대전광역시,학사 이상,"데이터엔지니어 포지션은 분석·서비스용 데이터 파이프라인을 구축 역할입니다. 담당 업무의 목표와 우선순위를 명확히 설정하고, 일정과 품질 기준을 함께 관리합니다.

ETL, 데이터 웨어하우스, 배치, 데이터 품질를 중심으로 실무를 수행하며, 요구사항과 결과물을 문서화해 업무 흐름이 누락되지 않도록 합니다.

기획·운영·현장 담당자 및 외부 협력 파트너와 수시로 협업합니다. 변경 사항은 영향 범위를 검토한 뒤 대안을 제시하고 합의된 방식으로 반영합니다.

문제 발생 시 사실관계와 원인을 먼저 확인하고, 재발 방지 방안을 업무 절차에 반영합니다. 입사 후에는 담당 영역의 실행력을 높이고, 정확성·일정 준수·이용자 관점의 완성도를 중요한 기준으로 삼습니다.","- ETL, 데이터 웨어하우스, 배치, 데이터 품질 관련 업무 계획 수립 및 실행
- 담당 과제의 일정·진행 현황 관리
- 업무 산출물 작성 및 검토 이력 관리
- 유관 부서 및 외부 협력 대상과 실무 조율
- 현장·시스템·자료에서 발생한 이슈 분석 및 조치
- 운영 기준과 체크리스트 개선
- 결과 데이터 또는 피드백을 반영한 품질 개선","- 경력 2년 이상 조건에 맞는 관련 실무 경험 또는 역량 보유
- ETL, 데이터 웨어하우스, 배치, 데이터 품질에 필요한 도구·절차를 이해하고 실무 적용이 가능한 분
- 업무 내용을 정확히 기록하고 일정에 맞춰 결과물을 제출할 수 있는 분
- 유관 부서와 원활하게 소통하며 협업할 수 있는 분
- 근무지 출퇴근 및 직무 수행이 가능한 분","- SQLD 보유자
- ADsP 보유자
- ETL, 데이터 웨어하우스, 배치, 데이터 품질 관련 프로젝트 또는 현장 수행 경험
- 업무용 문서·보고서 작성 및 이력 관리 경험
- 유관 부서·외부 협력사와의 일정 조율 경험","- 지원서 또는 제출서류를 허위로 기재한 경우
- 채용 과정에서 요구한 증빙서류를 제출하지 못한 경우
- 채용검진 결과 직무 수행이 어렵다고 판단되는 경우
- 해외여행 및 근무에 결격사유가 있는 경우
- 관련 법령 또는 내부 인사규정상 채용이 불가능한 경우",서류전형 > 1차면접 > 2차면접 > 채용검진
2205,데이터엔지니어 프로젝트 인재 모집,21,221,20260209,20260308,10,경력 3년 이상,무기계약직,부산광역시,학력무관,"데이터엔지니어 포지션은 분석·서비스용 데이터 파이프라인을 구축 역할입니다. 담당 업무의 목표와 우선순위를 명확히 설정하고, 일정과 품질 기준을 함께 관리합니다.

ETL, 데이터 웨어하우스, 배치, 데이터 품질를 중심으로 실무를 수행하며, 요구사항과 결과물을 문서화해 업무 흐름이 누락되지 않도록 합니다.

기획·운영·현장 담당자 및 외부 협력 파트너와 수시로 협업합니다. 변경 사항은 영향 범위를 검토한 뒤 대안을 제시하고 합의된 방식으로 반영합니다.

문제 발생 시 사실관계와 원인을 먼저 확인하고, 재발 방지 방안을 업무 절차에 반영합니다. 입사 후에는 담당 영역의 실행력을 높이고, 정확성·일정 준수·이용자 관점의 완성도를 중요한 기준으로 삼습니다.","- ETL, 데이터 웨어하우스, 배치, 데이터 품질 관련 업무 계획 수립 및 실행
- 담당 과제의 일정·진행 현황 관리
- 업무 산출물 작성 및 검토 이력 관리
- 유관 부서 및 외부 협력 대상과 실무 조율
- 현장·시스템·자료에서 발생한 이슈 분석 및 조치
- 운영 기준과 체크리스트 개선
- 결과 데이터 또는 피드백을 반영한 품질 개선","- 경력 3년 이상 조건에 맞는 관련 실무 경험 또는 역량 보유
- ETL, 데이터 웨어하우스, 배치, 데이터 품질에 필요한 도구·절차를 이해하고 실무 적용이 가능한 분
- 업무 내용을 정확히 기록하고 일정에 맞춰 결과물을 제출할 수 있는 분
- 유관 부서와 원활하게 소통하며 협업할 수 있는 분
- 근무지 출퇴근 및 직무 수행이 가능한 분","- SQLD 보유자
- ADsP 보유자
- ETL, 데이터 웨어하우스, 배치, 데이터 품질 관련 프로젝트 또는 현장 수행 경험
- 업무용 문서·보고서 작성 및 이력 관리 경험
- 유관 부서·외부 협력사와의 일정 조율 경험","- 지원서 또는 제출서류를 허위로 기재한 경우
- 채용 과정에서 요구한 증빙서류를 제출하지 못한 경우
- 채용검진 결과 직무 수행이 어렵다고 판단되는 경우
- 해외여행 및 근무에 결격사유가 있는 경우
- 관련 법령 또는 내부 인사규정상 채용이 불가능한 경우",서류전형 > 실무면접 > 최종면접
2206,데이터엔지니어 전담 인력 채용,53,221,20260314,20260413,12,경력 무관,기간제,광주광역시,전문학사 이상,"데이터엔지니어 포지션은 분석·서비스용 데이터 파이프라인을 구축 역할입니다. 담당 업무의 목표와 우선순위를 명확히 설정하고, 일정과 품질 기준을 함께 관리합니다.

ETL, 데이터 웨어하우스, 배치, 데이터 품질를 중심으로 실무를 수행하며, 요구사항과 결과물을 문서화해 업무 흐름이 누락되지 않도록 합니다.

기획·운영·현장 담당자 및 외부 협력 파트너와 수시로 협업합니다. 변경 사항은 영향 범위를 검토한 뒤 대안을 제시하고 합의된 방식으로 반영합니다.

문제 발생 시 사실관계와 원인을 먼저 확인하고, 재발 방지 방안을 업무 절차에 반영합니다. 입사 후에는 담당 영역의 실행력을 높이고, 정확성·일정 준수·이용자 관점의 완성도를 중요한 기준으로 삼습니다.","- ETL, 데이터 웨어하우스, 배치, 데이터 품질 관련 업무 계획 수립 및 실행
- 담당 과제의 일정·진행 현황 관리
- 업무 산출물 작성 및 검토 이력 관리
- 유관 부서 및 외부 협력 대상과 실무 조율
- 현장·시스템·자료에서 발생한 이슈 분석 및 조치
- 운영 기준과 체크리스트 개선
- 결과 데이터 또는 피드백을 반영한 품질 개선","- 경력 무관 조건에 맞는 관련 실무 경험 또는 역량 보유
- ETL, 데이터 웨어하우스, 배치, 데이터 품질에 필요한 도구·절차를 이해하고 실무 적용이 가능한 분
- 업무 내용을 정확히 기록하고 일정에 맞춰 결과물을 제출할 수 있는 분
- 유관 부서와 원활하게 소통하며 협업할 수 있는 분
- 근무지 출퇴근 및 직무 수행이 가능한 분","- SQLD 보유자
- ADsP 보유자
- ETL, 데이터 웨어하우스, 배치, 데이터 품질 관련 프로젝트 또는 현장 수행 경험
- 업무용 문서·보고서 작성 및 이력 관리 경험
- 유관 부서·외부 협력사와의 일정 조율 경험","- 지원서 또는 제출서류를 허위로 기재한 경우
- 채용 과정에서 요구한 증빙서류를 제출하지 못한 경우
- 채용검진 결과 직무 수행이 어렵다고 판단되는 경우
- 해외여행 및 근무에 결격사유가 있는 경우
- 관련 법령 또는 내부 인사규정상 채용이 불가능한 경우",서류전형 > 인성검사 > 실무면접 > 최종면접
2207,데이터엔지니어 실무 인재 모집,144,221,20260419,20260522,14,경력 5년 이상,정규직,세종특별자치시,학사 이상,"데이터엔지니어 포지션은 분석·서비스용 데이터 파이프라인을 구축 역할입니다. 담당 업무의 목표와 우선순위를 명확히 설정하고, 일정과 품질 기준을 함께 관리합니다.

ETL, 데이터 웨어하우스, 배치, 데이터 품질를 중심으로 실무를 수행하며, 요구사항과 결과물을 문서화해 업무 흐름이 누락되지 않도록 합니다.

기획·운영·현장 담당자 및 외부 협력 파트너와 수시로 협업합니다. 변경 사항은 영향 범위를 검토한 뒤 대안을 제시하고 합의된 방식으로 반영합니다.

문제 발생 시 사실관계와 원인을 먼저 확인하고, 재발 방지 방안을 업무 절차에 반영합니다. 입사 후에는 담당 영역의 실행력을 높이고, 정확성·일정 준수·이용자 관점의 완성도를 중요한 기준으로 삼습니다.","- ETL, 데이터 웨어하우스, 배치, 데이터 품질 관련 업무 계획 수립 및 실행
- 담당 과제의 일정·진행 현황 관리
- 업무 산출물 작성 및 검토 이력 관리
- 유관 부서 및 외부 협력 대상과 실무 조율
- 현장·시스템·자료에서 발생한 이슈 분석 및 조치
- 운영 기준과 체크리스트 개선
- 결과 데이터 또는 피드백을 반영한 품질 개선","- 경력 5년 이상 조건에 맞는 관련 실무 경험 또는 역량 보유
- ETL, 데이터 웨어하우스, 배치, 데이터 품질에 필요한 도구·절차를 이해하고 실무 적용이 가능한 분
- 업무 내용을 정확히 기록하고 일정에 맞춰 결과물을 제출할 수 있는 분
- 유관 부서와 원활하게 소통하며 협업할 수 있는 분
- 근무지 출퇴근 및 직무 수행이 가능한 분","- SQLD 보유자
- ADsP 보유자
- ETL, 데이터 웨어하우스, 배치, 데이터 품질 관련 프로젝트 또는 현장 수행 경험
- 업무용 문서·보고서 작성 및 이력 관리 경험
- 유관 부서·외부 협력사와의 일정 조율 경험","- 지원서 또는 제출서류를 허위로 기재한 경우
- 채용 과정에서 요구한 증빙서류를 제출하지 못한 경우
- 채용검진 결과 직무 수행이 어렵다고 판단되는 경우
- 해외여행 및 근무에 결격사유가 있는 경우
- 관련 법령 또는 내부 인사규정상 채용이 불가능한 경우",서류전형 > 직무과제 > 실무면접 > 처우협의
2208,데이터엔지니어 담당자 공개채용,79,221,20260524,20260629,16,신입·경력,계약직,충청남도,학력무관,"데이터엔지니어 포지션은 분석·서비스용 데이터 파이프라인을 구축 역할입니다. 담당 업무의 목표와 우선순위를 명확히 설정하고, 일정과 품질 기준을 함께 관리합니다.

ETL, 데이터 웨어하우스, 배치, 데이터 품질를 중심으로 실무를 수행하며, 요구사항과 결과물을 문서화해 업무 흐름이 누락되지 않도록 합니다.

기획·운영·현장 담당자 및 외부 협력 파트너와 수시로 협업합니다. 변경 사항은 영향 범위를 검토한 뒤 대안을 제시하고 합의된 방식으로 반영합니다.

문제 발생 시 사실관계와 원인을 먼저 확인하고, 재발 방지 방안을 업무 절차에 반영합니다. 입사 후에는 담당 영역의 실행력을 높이고, 정확성·일정 준수·이용자 관점의 완성도를 중요한 기준으로 삼습니다.","- ETL, 데이터 웨어하우스, 배치, 데이터 품질 관련 업무 계획 수립 및 실행
- 담당 과제의 일정·진행 현황 관리
- 업무 산출물 작성 및 검토 이력 관리
- 유관 부서 및 외부 협력 대상과 실무 조율
- 현장·시스템·자료에서 발생한 이슈 분석 및 조치
- 운영 기준과 체크리스트 개선
- 결과 데이터 또는 피드백을 반영한 품질 개선","- 신입·경력 조건에 맞는 관련 실무 경험 또는 역량 보유
- ETL, 데이터 웨어하우스, 배치, 데이터 품질에 필요한 도구·절차를 이해하고 실무 적용이 가능한 분
- 업무 내용을 정확히 기록하고 일정에 맞춰 결과물을 제출할 수 있는 분
- 유관 부서와 원활하게 소통하며 협업할 수 있는 분
- 근무지 출퇴근 및 직무 수행이 가능한 분","- SQLD 보유자
- ADsP 보유자
- ETL, 데이터 웨어하우스, 배치, 데이터 품질 관련 프로젝트 또는 현장 수행 경험
- 업무용 문서·보고서 작성 및 이력 관리 경험
- 유관 부서·외부 협력사와의 일정 조율 경험","- 지원서 또는 제출서류를 허위로 기재한 경우
- 채용 과정에서 요구한 증빙서류를 제출하지 못한 경우
- 채용검진 결과 직무 수행이 어렵다고 판단되는 경우
- 해외여행 및 근무에 결격사유가 있는 경우
- 관련 법령 또는 내부 인사규정상 채용이 불가능한 경우",서류전형 > 1차면접 > 2차면접 > 채용검진
2209,데이터엔지니어 정규직 모집,109,221,20260604,20260713,18,경력 2년 이상,정규직,경상남도,학사 이상,"데이터엔지니어 포지션은 분석·서비스용 데이터 파이프라인을 구축 역할입니다. 담당 업무의 목표와 우선순위를 명확히 설정하고, 일정과 품질 기준을 함께 관리합니다.

ETL, 데이터 웨어하우스, 배치, 데이터 품질를 중심으로 실무를 수행하며, 요구사항과 결과물을 문서화해 업무 흐름이 누락되지 않도록 합니다.

기획·운영·현장 담당자 및 외부 협력 파트너와 수시로 협업합니다. 변경 사항은 영향 범위를 검토한 뒤 대안을 제시하고 합의된 방식으로 반영합니다.

문제 발생 시 사실관계와 원인을 먼저 확인하고, 재발 방지 방안을 업무 절차에 반영합니다. 입사 후에는 담당 영역의 실행력을 높이고, 정확성·일정 준수·이용자 관점의 완성도를 중요한 기준으로 삼습니다.","- ETL, 데이터 웨어하우스, 배치, 데이터 품질 관련 업무 계획 수립 및 실행
- 담당 과제의 일정·진행 현황 관리
- 업무 산출물 작성 및 검토 이력 관리
- 유관 부서 및 외부 협력 대상과 실무 조율
- 현장·시스템·자료에서 발생한 이슈 분석 및 조치
- 운영 기준과 체크리스트 개선
- 결과 데이터 또는 피드백을 반영한 품질 개선","- 경력 2년 이상 조건에 맞는 관련 실무 경험 또는 역량 보유
- ETL, 데이터 웨어하우스, 배치, 데이터 품질에 필요한 도구·절차를 이해하고 실무 적용이 가능한 분
- 업무 내용을 정확히 기록하고 일정에 맞춰 결과물을 제출할 수 있는 분
- 유관 부서와 원활하게 소통하며 협업할 수 있는 분
- 근무지 출퇴근 및 직무 수행이 가능한 분","- SQLD 보유자
- ADsP 보유자
- ETL, 데이터 웨어하우스, 배치, 데이터 품질 관련 프로젝트 또는 현장 수행 경험
- 업무용 문서·보고서 작성 및 이력 관리 경험
- 유관 부서·외부 협력사와의 일정 조율 경험","- 지원서 또는 제출서류를 허위로 기재한 경우
- 채용 과정에서 요구한 증빙서류를 제출하지 못한 경우
- 채용검진 결과 직무 수행이 어렵다고 판단되는 경우
- 해외여행 및 근무에 결격사유가 있는 경우
- 관련 법령 또는 내부 인사규정상 채용이 불가능한 경우",서류전형 > 실무면접 > 최종면접
2210,데이터엔지니어 채용,19,221,20260709,20260820,20,경력,정규직,전북특별자치도,전문학사 이상,"데이터엔지니어 포지션은 분석·서비스용 데이터 파이프라인을 구축 역할입니다. 담당 업무의 목표와 우선순위를 명확히 설정하고, 일정과 품질 기준을 함께 관리합니다.

ETL, 데이터 웨어하우스, 배치, 데이터 품질를 중심으로 실무를 수행하며, 요구사항과 결과물을 문서화해 업무 흐름이 누락되지 않도록 합니다.

기획·운영·현장 담당자 및 외부 협력 파트너와 수시로 협업합니다. 변경 사항은 영향 범위를 검토한 뒤 대안을 제시하고 합의된 방식으로 반영합니다.

문제 발생 시 사실관계와 원인을 먼저 확인하고, 재발 방지 방안을 업무 절차에 반영합니다. 입사 후에는 담당 영역의 실행력을 높이고, 정확성·일정 준수·이용자 관점의 완성도를 중요한 기준으로 삼습니다.","- ETL, 데이터 웨어하우스, 배치, 데이터 품질 관련 업무 계획 수립 및 실행
- 담당 과제의 일정·진행 현황 관리
- 업무 산출물 작성 및 검토 이력 관리
- 유관 부서 및 외부 협력 대상과 실무 조율
- 현장·시스템·자료에서 발생한 이슈 분석 및 조치
- 운영 기준과 체크리스트 개선
- 결과 데이터 또는 피드백을 반영한 품질 개선","- 경력 조건에 맞는 관련 실무 경험 또는 역량 보유
- ETL, 데이터 웨어하우스, 배치, 데이터 품질에 필요한 도구·절차를 이해하고 실무 적용이 가능한 분
- 업무 내용을 정확히 기록하고 일정에 맞춰 결과물을 제출할 수 있는 분
- 유관 부서와 원활하게 소통하며 협업할 수 있는 분
- 근무지 출퇴근 및 직무 수행이 가능한 분","- SQLD 보유자
- ADsP 보유자
- ETL, 데이터 웨어하우스, 배치, 데이터 품질 관련 프로젝트 또는 현장 수행 경험
- 업무용 문서·보고서 작성 및 이력 관리 경험
- 유관 부서·외부 협력사와의 일정 조율 경험","- 지원서 또는 제출서류를 허위로 기재한 경우
- 채용 과정에서 요구한 증빙서류를 제출하지 못한 경우
- 채용검진 결과 직무 수행이 어렵다고 판단되는 경우
- 해외여행 및 근무에 결격사유가 있는 경우
- 관련 법령 또는 내부 인사규정상 채용이 불가능한 경우",서류전형 > 인성검사 > 실무면접 > 최종면접
2211,데이터사이언티스트 담당자 모집,47,222,20260817,20260902,3,신입,정규직,서울특별시,학력무관,"데이터사이언티스트 포지션은 데이터 분석과 예측 모델 개발을 수행 역할입니다. 담당 업무의 목표와 우선순위를 명확히 설정하고, 일정과 품질 기준을 함께 관리합니다.

데이터 탐색, 통계 모델, 실험 설계, 분석 보고서를 중심으로 실무를 수행하며, 요구사항과 결과물을 문서화해 업무 흐름이 누락되지 않도록 합니다.

기획·운영·현장 담당자 및 외부 협력 파트너와 수시로 협업합니다. 변경 사항은 영향 범위를 검토한 뒤 대안을 제시하고 합의된 방식으로 반영합니다.

문제 발생 시 사실관계와 원인을 먼저 확인하고, 재발 방지 방안을 업무 절차에 반영합니다. 입사 후에는 담당 영역의 실행력을 높이고, 정확성·일정 준수·이용자 관점의 완성도를 중요한 기준으로 삼습니다.","- 데이터 탐색, 통계 모델, 실험 설계, 분석 보고서 관련 업무 계획 수립 및 실행
- 담당 과제의 일정·진행 현황 관리
- 업무 산출물 작성 및 검토 이력 관리
- 유관 부서 및 외부 협력 대상과 실무 조율
- 현장·시스템·자료에서 발생한 이슈 분석 및 조치
- 운영 기준과 체크리스트 개선
- 결과 데이터 또는 피드백을 반영한 품질 개선","- 신입 조건에 맞는 관련 실무 경험 또는 역량 보유
- 데이터 탐색, 통계 모델, 실험 설계, 분석 보고서에 필요한 도구·절차를 이해하고 실무 적용이 가능한 분
- 업무 내용을 정확히 기록하고 일정에 맞춰 결과물을 제출할 수 있는 분
- 유관 부서와 원활하게 소통하며 협업할 수 있는 분
- 근무지 출퇴근 및 직무 수행이 가능한 분","- ADP 보유자
- 빅데이터분석기사 보유자
- 데이터 탐색, 통계 모델, 실험 설계, 분석 보고서 관련 프로젝트 또는 현장 수행 경험
- 업무용 문서·보고서 작성 및 이력 관리 경험
- 유관 부서·외부 협력사와의 일정 조율 경험","- 지원서 또는 제출서류를 허위로 기재한 경우
- 채용 과정에서 요구한 증빙서류를 제출하지 못한 경우
- 채용검진 결과 직무 수행이 어렵다고 판단되는 경우
- 해외여행 및 근무에 결격사유가 있는 경우
- 관련 법령 또는 내부 인사규정상 채용이 불가능한 경우",서류전형 > 실무면접 > 최종면접
2212,데이터사이언티스트 실무자 채용,46,222,20260922,20261011,5,경력,계약직,경기도,전문학사 이상,"데이터사이언티스트 포지션은 데이터 분석과 예측 모델 개발을 수행 역할입니다. 담당 업무의 목표와 우선순위를 명확히 설정하고, 일정과 품질 기준을 함께 관리합니다.

데이터 탐색, 통계 모델, 실험 설계, 분석 보고서를 중심으로 실무를 수행하며, 요구사항과 결과물을 문서화해 업무 흐름이 누락되지 않도록 합니다.

기획·운영·현장 담당자 및 외부 협력 파트너와 수시로 협업합니다. 변경 사항은 영향 범위를 검토한 뒤 대안을 제시하고 합의된 방식으로 반영합니다.

문제 발생 시 사실관계와 원인을 먼저 확인하고, 재발 방지 방안을 업무 절차에 반영합니다. 입사 후에는 담당 영역의 실행력을 높이고, 정확성·일정 준수·이용자 관점의 완성도를 중요한 기준으로 삼습니다.","- 데이터 탐색, 통계 모델, 실험 설계, 분석 보고서 관련 업무 계획 수립 및 실행
- 담당 과제의 일정·진행 현황 관리
- 업무 산출물 작성 및 검토 이력 관리
- 유관 부서 및 외부 협력 대상과 실무 조율
- 현장·시스템·자료에서 발생한 이슈 분석 및 조치
- 운영 기준과 체크리스트 개선
- 결과 데이터 또는 피드백을 반영한 품질 개선","- 경력 조건에 맞는 관련 실무 경험 또는 역량 보유
- 데이터 탐색, 통계 모델, 실험 설계, 분석 보고서에 필요한 도구·절차를 이해하고 실무 적용이 가능한 분
- 업무 내용을 정확히 기록하고 일정에 맞춰 결과물을 제출할 수 있는 분
- 유관 부서와 원활하게 소통하며 협업할 수 있는 분
- 근무지 출퇴근 및 직무 수행이 가능한 분","- ADP 보유자
- 빅데이터분석기사 보유자
- 데이터 탐색, 통계 모델, 실험 설계, 분석 보고서 관련 프로젝트 또는 현장 수행 경험
- 업무용 문서·보고서 작성 및 이력 관리 경험
- 유관 부서·외부 협력사와의 일정 조율 경험","- 지원서 또는 제출서류를 허위로 기재한 경우
- 채용 과정에서 요구한 증빙서류를 제출하지 못한 경우
- 채용검진 결과 직무 수행이 어렵다고 판단되는 경우
- 해외여행 및 근무에 결격사유가 있는 경우
- 관련 법령 또는 내부 인사규정상 채용이 불가능한 경우",서류전형 > 인성검사 > 실무면접 > 최종면접
2213,데이터사이언티스트 전문인력 채용,112,222,20261002,20261024,7,신입·경력,정규직,인천광역시,학사 이상,"데이터사이언티스트 포지션은 데이터 분석과 예측 모델 개발을 수행 역할입니다. 담당 업무의 목표와 우선순위를 명확히 설정하고, 일정과 품질 기준을 함께 관리합니다.

데이터 탐색, 통계 모델, 실험 설계, 분석 보고서를 중심으로 실무를 수행하며, 요구사항과 결과물을 문서화해 업무 흐름이 누락되지 않도록 합니다.

기획·운영·현장 담당자 및 외부 협력 파트너와 수시로 협업합니다. 변경 사항은 영향 범위를 검토한 뒤 대안을 제시하고 합의된 방식으로 반영합니다.

문제 발생 시 사실관계와 원인을 먼저 확인하고, 재발 방지 방안을 업무 절차에 반영합니다. 입사 후에는 담당 영역의 실행력을 높이고, 정확성·일정 준수·이용자 관점의 완성도를 중요한 기준으로 삼습니다.","- 데이터 탐색, 통계 모델, 실험 설계, 분석 보고서 관련 업무 계획 수립 및 실행
- 담당 과제의 일정·진행 현황 관리
- 업무 산출물 작성 및 검토 이력 관리
- 유관 부서 및 외부 협력 대상과 실무 조율
- 현장·시스템·자료에서 발생한 이슈 분석 및 조치
- 운영 기준과 체크리스트 개선
- 결과 데이터 또는 피드백을 반영한 품질 개선","- 신입·경력 조건에 맞는 관련 실무 경험 또는 역량 보유
- 데이터 탐색, 통계 모델, 실험 설계, 분석 보고서에 필요한 도구·절차를 이해하고 실무 적용이 가능한 분
- 업무 내용을 정확히 기록하고 일정에 맞춰 결과물을 제출할 수 있는 분
- 유관 부서와 원활하게 소통하며 협업할 수 있는 분
- 근무지 출퇴근 및 직무 수행이 가능한 분","- ADP 보유자
- 빅데이터분석기사 보유자
- 데이터 탐색, 통계 모델, 실험 설계, 분석 보고서 관련 프로젝트 또는 현장 수행 경험
- 업무용 문서·보고서 작성 및 이력 관리 경험
- 유관 부서·외부 협력사와의 일정 조율 경험","- 지원서 또는 제출서류를 허위로 기재한 경우
- 채용 과정에서 요구한 증빙서류를 제출하지 못한 경우
- 채용검진 결과 직무 수행이 어렵다고 판단되는 경우
- 해외여행 및 근무에 결격사유가 있는 경우
- 관련 법령 또는 내부 인사규정상 채용이 불가능한 경우",서류전형 > 직무과제 > 실무면접 > 처우협의
2214,데이터사이언티스트 운영 담당 채용,96,222,20260207,20260304,9,경력 2년 이상,정규직,대전광역시,학사 이상,"데이터사이언티스트 포지션은 데이터 분석과 예측 모델 개발을 수행 역할입니다. 담당 업무의 목표와 우선순위를 명확히 설정하고, 일정과 품질 기준을 함께 관리합니다.

데이터 탐색, 통계 모델, 실험 설계, 분석 보고서를 중심으로 실무를 수행하며, 요구사항과 결과물을 문서화해 업무 흐름이 누락되지 않도록 합니다.

기획·운영·현장 담당자 및 외부 협력 파트너와 수시로 협업합니다. 변경 사항은 영향 범위를 검토한 뒤 대안을 제시하고 합의된 방식으로 반영합니다.

문제 발생 시 사실관계와 원인을 먼저 확인하고, 재발 방지 방안을 업무 절차에 반영합니다. 입사 후에는 담당 영역의 실행력을 높이고, 정확성·일정 준수·이용자 관점의 완성도를 중요한 기준으로 삼습니다.","- 데이터 탐색, 통계 모델, 실험 설계, 분석 보고서 관련 업무 계획 수립 및 실행
- 담당 과제의 일정·진행 현황 관리
- 업무 산출물 작성 및 검토 이력 관리
- 유관 부서 및 외부 협력 대상과 실무 조율
- 현장·시스템·자료에서 발생한 이슈 분석 및 조치
- 운영 기준과 체크리스트 개선
- 결과 데이터 또는 피드백을 반영한 품질 개선","- 경력 2년 이상 조건에 맞는 관련 실무 경험 또는 역량 보유
- 데이터 탐색, 통계 모델, 실험 설계, 분석 보고서에 필요한 도구·절차를 이해하고 실무 적용이 가능한 분
- 업무 내용을 정확히 기록하고 일정에 맞춰 결과물을 제출할 수 있는 분
- 유관 부서와 원활하게 소통하며 협업할 수 있는 분
- 근무지 출퇴근 및 직무 수행이 가능한 분","- ADP 보유자
- 빅데이터분석기사 보유자
- 데이터 탐색, 통계 모델, 실험 설계, 분석 보고서 관련 프로젝트 또는 현장 수행 경험
- 업무용 문서·보고서 작성 및 이력 관리 경험
- 유관 부서·외부 협력사와의 일정 조율 경험","- 지원서 또는 제출서류를 허위로 기재한 경우
- 채용 과정에서 요구한 증빙서류를 제출하지 못한 경우
- 채용검진 결과 직무 수행이 어렵다고 판단되는 경우
- 해외여행 및 근무에 결격사유가 있는 경우
- 관련 법령 또는 내부 인사규정상 채용이 불가능한 경우",서류전형 > 1차면접 > 2차면접 > 채용검진
2215,데이터사이언티스트 프로젝트 인재 모집,117,222,20260312,20260409,11,경력 3년 이상,무기계약직,부산광역시,학력무관,"데이터사이언티스트 포지션은 데이터 분석과 예측 모델 개발을 수행 역할입니다. 담당 업무의 목표와 우선순위를 명확히 설정하고, 일정과 품질 기준을 함께 관리합니다.

데이터 탐색, 통계 모델, 실험 설계, 분석 보고서를 중심으로 실무를 수행하며, 요구사항과 결과물을 문서화해 업무 흐름이 누락되지 않도록 합니다.

기획·운영·현장 담당자 및 외부 협력 파트너와 수시로 협업합니다. 변경 사항은 영향 범위를 검토한 뒤 대안을 제시하고 합의된 방식으로 반영합니다.

문제 발생 시 사실관계와 원인을 먼저 확인하고, 재발 방지 방안을 업무 절차에 반영합니다. 입사 후에는 담당 영역의 실행력을 높이고, 정확성·일정 준수·이용자 관점의 완성도를 중요한 기준으로 삼습니다.","- 데이터 탐색, 통계 모델, 실험 설계, 분석 보고서 관련 업무 계획 수립 및 실행
- 담당 과제의 일정·진행 현황 관리
- 업무 산출물 작성 및 검토 이력 관리
- 유관 부서 및 외부 협력 대상과 실무 조율
- 현장·시스템·자료에서 발생한 이슈 분석 및 조치
- 운영 기준과 체크리스트 개선
- 결과 데이터 또는 피드백을 반영한 품질 개선","- 경력 3년 이상 조건에 맞는 관련 실무 경험 또는 역량 보유
- 데이터 탐색, 통계 모델, 실험 설계, 분석 보고서에 필요한 도구·절차를 이해하고 실무 적용이 가능한 분
- 업무 내용을 정확히 기록하고 일정에 맞춰 결과물을 제출할 수 있는 분
- 유관 부서와 원활하게 소통하며 협업할 수 있는 분
- 근무지 출퇴근 및 직무 수행이 가능한 분","- ADP 보유자
- 빅데이터분석기사 보유자
- 데이터 탐색, 통계 모델, 실험 설계, 분석 보고서 관련 프로젝트 또는 현장 수행 경험
- 업무용 문서·보고서 작성 및 이력 관리 경험
- 유관 부서·외부 협력사와의 일정 조율 경험","- 지원서 또는 제출서류를 허위로 기재한 경우
- 채용 과정에서 요구한 증빙서류를 제출하지 못한 경우
- 채용검진 결과 직무 수행이 어렵다고 판단되는 경우
- 해외여행 및 근무에 결격사유가 있는 경우
- 관련 법령 또는 내부 인사규정상 채용이 불가능한 경우",서류전형 > 실무면접 > 최종면접
2216,데이터사이언티스트 전담 인력 채용,157,222,20260417,20260518,13,경력 무관,기간제,광주광역시,전문학사 이상,"데이터사이언티스트 포지션은 데이터 분석과 예측 모델 개발을 수행 역할입니다. 담당 업무의 목표와 우선순위를 명확히 설정하고, 일정과 품질 기준을 함께 관리합니다.

데이터 탐색, 통계 모델, 실험 설계, 분석 보고서를 중심으로 실무를 수행하며, 요구사항과 결과물을 문서화해 업무 흐름이 누락되지 않도록 합니다.

기획·운영·현장 담당자 및 외부 협력 파트너와 수시로 협업합니다. 변경 사항은 영향 범위를 검토한 뒤 대안을 제시하고 합의된 방식으로 반영합니다.

문제 발생 시 사실관계와 원인을 먼저 확인하고, 재발 방지 방안을 업무 절차에 반영합니다. 입사 후에는 담당 영역의 실행력을 높이고, 정확성·일정 준수·이용자 관점의 완성도를 중요한 기준으로 삼습니다.","- 데이터 탐색, 통계 모델, 실험 설계, 분석 보고서 관련 업무 계획 수립 및 실행
- 담당 과제의 일정·진행 현황 관리
- 업무 산출물 작성 및 검토 이력 관리
- 유관 부서 및 외부 협력 대상과 실무 조율
- 현장·시스템·자료에서 발생한 이슈 분석 및 조치
- 운영 기준과 체크리스트 개선
- 결과 데이터 또는 피드백을 반영한 품질 개선","- 경력 무관 조건에 맞는 관련 실무 경험 또는 역량 보유
- 데이터 탐색, 통계 모델, 실험 설계, 분석 보고서에 필요한 도구·절차를 이해하고 실무 적용이 가능한 분
- 업무 내용을 정확히 기록하고 일정에 맞춰 결과물을 제출할 수 있는 분
- 유관 부서와 원활하게 소통하며 협업할 수 있는 분
- 근무지 출퇴근 및 직무 수행이 가능한 분","- ADP 보유자
- 빅데이터분석기사 보유자
- 데이터 탐색, 통계 모델, 실험 설계, 분석 보고서 관련 프로젝트 또는 현장 수행 경험
- 업무용 문서·보고서 작성 및 이력 관리 경험
- 유관 부서·외부 협력사와의 일정 조율 경험","- 지원서 또는 제출서류를 허위로 기재한 경우
- 채용 과정에서 요구한 증빙서류를 제출하지 못한 경우
- 채용검진 결과 직무 수행이 어렵다고 판단되는 경우
- 해외여행 및 근무에 결격사유가 있는 경우
- 관련 법령 또는 내부 인사규정상 채용이 불가능한 경우",서류전형 > 인성검사 > 실무면접 > 최종면접
2217,데이터사이언티스트 실무 인재 모집,56,222,20260522,20260625,15,경력 5년 이상,정규직,세종특별자치시,학사 이상,"데이터사이언티스트 포지션은 데이터 분석과 예측 모델 개발을 수행 역할입니다. 담당 업무의 목표와 우선순위를 명확히 설정하고, 일정과 품질 기준을 함께 관리합니다.

데이터 탐색, 통계 모델, 실험 설계, 분석 보고서를 중심으로 실무를 수행하며, 요구사항과 결과물을 문서화해 업무 흐름이 누락되지 않도록 합니다.

기획·운영·현장 담당자 및 외부 협력 파트너와 수시로 협업합니다. 변경 사항은 영향 범위를 검토한 뒤 대안을 제시하고 합의된 방식으로 반영합니다.

문제 발생 시 사실관계와 원인을 먼저 확인하고, 재발 방지 방안을 업무 절차에 반영합니다. 입사 후에는 담당 영역의 실행력을 높이고, 정확성·일정 준수·이용자 관점의 완성도를 중요한 기준으로 삼습니다.","- 데이터 탐색, 통계 모델, 실험 설계, 분석 보고서 관련 업무 계획 수립 및 실행
- 담당 과제의 일정·진행 현황 관리
- 업무 산출물 작성 및 검토 이력 관리
- 유관 부서 및 외부 협력 대상과 실무 조율
- 현장·시스템·자료에서 발생한 이슈 분석 및 조치
- 운영 기준과 체크리스트 개선
- 결과 데이터 또는 피드백을 반영한 품질 개선","- 경력 5년 이상 조건에 맞는 관련 실무 경험 또는 역량 보유
- 데이터 탐색, 통계 모델, 실험 설계, 분석 보고서에 필요한 도구·절차를 이해하고 실무 적용이 가능한 분
- 업무 내용을 정확히 기록하고 일정에 맞춰 결과물을 제출할 수 있는 분
- 유관 부서와 원활하게 소통하며 협업할 수 있는 분
- 근무지 출퇴근 및 직무 수행이 가능한 분","- ADP 보유자
- 빅데이터분석기사 보유자
- 데이터 탐색, 통계 모델, 실험 설계, 분석 보고서 관련 프로젝트 또는 현장 수행 경험
- 업무용 문서·보고서 작성 및 이력 관리 경험
- 유관 부서·외부 협력사와의 일정 조율 경험","- 지원서 또는 제출서류를 허위로 기재한 경우
- 채용 과정에서 요구한 증빙서류를 제출하지 못한 경우
- 채용검진 결과 직무 수행이 어렵다고 판단되는 경우
- 해외여행 및 근무에 결격사유가 있는 경우
- 관련 법령 또는 내부 인사규정상 채용이 불가능한 경우",서류전형 > 직무과제 > 실무면접 > 처우협의
2218,데이터사이언티스트 담당자 공개채용,41,222,20260602,20260709,17,신입·경력,계약직,충청남도,학력무관,"데이터사이언티스트 포지션은 데이터 분석과 예측 모델 개발을 수행 역할입니다. 담당 업무의 목표와 우선순위를 명확히 설정하고, 일정과 품질 기준을 함께 관리합니다.

데이터 탐색, 통계 모델, 실험 설계, 분석 보고서를 중심으로 실무를 수행하며, 요구사항과 결과물을 문서화해 업무 흐름이 누락되지 않도록 합니다.

기획·운영·현장 담당자 및 외부 협력 파트너와 수시로 협업합니다. 변경 사항은 영향 범위를 검토한 뒤 대안을 제시하고 합의된 방식으로 반영합니다.

문제 발생 시 사실관계와 원인을 먼저 확인하고, 재발 방지 방안을 업무 절차에 반영합니다. 입사 후에는 담당 영역의 실행력을 높이고, 정확성·일정 준수·이용자 관점의 완성도를 중요한 기준으로 삼습니다.","- 데이터 탐색, 통계 모델, 실험 설계, 분석 보고서 관련 업무 계획 수립 및 실행
- 담당 과제의 일정·진행 현황 관리
- 업무 산출물 작성 및 검토 이력 관리
- 유관 부서 및 외부 협력 대상과 실무 조율
- 현장·시스템·자료에서 발생한 이슈 분석 및 조치
- 운영 기준과 체크리스트 개선
- 결과 데이터 또는 피드백을 반영한 품질 개선","- 신입·경력 조건에 맞는 관련 실무 경험 또는 역량 보유
- 데이터 탐색, 통계 모델, 실험 설계, 분석 보고서에 필요한 도구·절차를 이해하고 실무 적용이 가능한 분
- 업무 내용을 정확히 기록하고 일정에 맞춰 결과물을 제출할 수 있는 분
- 유관 부서와 원활하게 소통하며 협업할 수 있는 분
- 근무지 출퇴근 및 직무 수행이 가능한 분","- ADP 보유자
- 빅데이터분석기사 보유자
- 데이터 탐색, 통계 모델, 실험 설계, 분석 보고서 관련 프로젝트 또는 현장 수행 경험
- 업무용 문서·보고서 작성 및 이력 관리 경험
- 유관 부서·외부 협력사와의 일정 조율 경험","- 지원서 또는 제출서류를 허위로 기재한 경우
- 채용 과정에서 요구한 증빙서류를 제출하지 못한 경우
- 채용검진 결과 직무 수행이 어렵다고 판단되는 경우
- 해외여행 및 근무에 결격사유가 있는 경우
- 관련 법령 또는 내부 인사규정상 채용이 불가능한 경우",서류전형 > 1차면접 > 2차면접 > 채용검진
2219,데이터사이언티스트 정규직 모집,99,222,20260707,20260816,19,경력 2년 이상,정규직,경상남도,학사 이상,"데이터사이언티스트 포지션은 데이터 분석과 예측 모델 개발을 수행 역할입니다. 담당 업무의 목표와 우선순위를 명확히 설정하고, 일정과 품질 기준을 함께 관리합니다.

데이터 탐색, 통계 모델, 실험 설계, 분석 보고서를 중심으로 실무를 수행하며, 요구사항과 결과물을 문서화해 업무 흐름이 누락되지 않도록 합니다.

기획·운영·현장 담당자 및 외부 협력 파트너와 수시로 협업합니다. 변경 사항은 영향 범위를 검토한 뒤 대안을 제시하고 합의된 방식으로 반영합니다.

문제 발생 시 사실관계와 원인을 먼저 확인하고, 재발 방지 방안을 업무 절차에 반영합니다. 입사 후에는 담당 영역의 실행력을 높이고, 정확성·일정 준수·이용자 관점의 완성도를 중요한 기준으로 삼습니다.","- 데이터 탐색, 통계 모델, 실험 설계, 분석 보고서 관련 업무 계획 수립 및 실행
- 담당 과제의 일정·진행 현황 관리
- 업무 산출물 작성 및 검토 이력 관리
- 유관 부서 및 외부 협력 대상과 실무 조율
- 현장·시스템·자료에서 발생한 이슈 분석 및 조치
- 운영 기준과 체크리스트 개선
- 결과 데이터 또는 피드백을 반영한 품질 개선","- 경력 2년 이상 조건에 맞는 관련 실무 경험 또는 역량 보유
- 데이터 탐색, 통계 모델, 실험 설계, 분석 보고서에 필요한 도구·절차를 이해하고 실무 적용이 가능한 분
- 업무 내용을 정확히 기록하고 일정에 맞춰 결과물을 제출할 수 있는 분
- 유관 부서와 원활하게 소통하며 협업할 수 있는 분
- 근무지 출퇴근 및 직무 수행이 가능한 분","- ADP 보유자
- 빅데이터분석기사 보유자
- 데이터 탐색, 통계 모델, 실험 설계, 분석 보고서 관련 프로젝트 또는 현장 수행 경험
- 업무용 문서·보고서 작성 및 이력 관리 경험
- 유관 부서·외부 협력사와의 일정 조율 경험","- 지원서 또는 제출서류를 허위로 기재한 경우
- 채용 과정에서 요구한 증빙서류를 제출하지 못한 경우
- 채용검진 결과 직무 수행이 어렵다고 판단되는 경우
- 해외여행 및 근무에 결격사유가 있는 경우
- 관련 법령 또는 내부 인사규정상 채용이 불가능한 경우",서류전형 > 실무면접 > 최종면접
2220,데이터사이언티스트 채용,105,222,20260812,20260924,1,경력,정규직,전북특별자치도,전문학사 이상,"데이터사이언티스트 포지션은 데이터 분석과 예측 모델 개발을 수행 역할입니다. 담당 업무의 목표와 우선순위를 명확히 설정하고, 일정과 품질 기준을 함께 관리합니다.

데이터 탐색, 통계 모델, 실험 설계, 분석 보고서를 중심으로 실무를 수행하며, 요구사항과 결과물을 문서화해 업무 흐름이 누락되지 않도록 합니다.

기획·운영·현장 담당자 및 외부 협력 파트너와 수시로 협업합니다. 변경 사항은 영향 범위를 검토한 뒤 대안을 제시하고 합의된 방식으로 반영합니다.

문제 발생 시 사실관계와 원인을 먼저 확인하고, 재발 방지 방안을 업무 절차에 반영합니다. 입사 후에는 담당 영역의 실행력을 높이고, 정확성·일정 준수·이용자 관점의 완성도를 중요한 기준으로 삼습니다.","- 데이터 탐색, 통계 모델, 실험 설계, 분석 보고서 관련 업무 계획 수립 및 실행
- 담당 과제의 일정·진행 현황 관리
- 업무 산출물 작성 및 검토 이력 관리
- 유관 부서 및 외부 협력 대상과 실무 조율
- 현장·시스템·자료에서 발생한 이슈 분석 및 조치
- 운영 기준과 체크리스트 개선
- 결과 데이터 또는 피드백을 반영한 품질 개선","- 경력 조건에 맞는 관련 실무 경험 또는 역량 보유
- 데이터 탐색, 통계 모델, 실험 설계, 분석 보고서에 필요한 도구·절차를 이해하고 실무 적용이 가능한 분
- 업무 내용을 정확히 기록하고 일정에 맞춰 결과물을 제출할 수 있는 분
- 유관 부서와 원활하게 소통하며 협업할 수 있는 분
- 근무지 출퇴근 및 직무 수행이 가능한 분","- ADP 보유자
- 빅데이터분석기사 보유자
- 데이터 탐색, 통계 모델, 실험 설계, 분석 보고서 관련 프로젝트 또는 현장 수행 경험
- 업무용 문서·보고서 작성 및 이력 관리 경험
- 유관 부서·외부 협력사와의 일정 조율 경험","- 지원서 또는 제출서류를 허위로 기재한 경우
- 채용 과정에서 요구한 증빙서류를 제출하지 못한 경우
- 채용검진 결과 직무 수행이 어렵다고 판단되는 경우
- 해외여행 및 근무에 결격사유가 있는 경우
- 관련 법령 또는 내부 인사규정상 채용이 불가능한 경우",서류전형 > 인성검사 > 실무면접 > 최종면접
2221,보안엔지니어 담당자 모집,95,223,20260920,20261007,4,신입,정규직,서울특별시,학력무관,"보안엔지니어 포지션은 정보시스템의 보안 정책·취약점·사고 대응을 수행 역할입니다. 담당 업무의 목표와 우선순위를 명확히 설정하고, 일정과 품질 기준을 함께 관리합니다.

보안 장비, 로그, 취약점 진단, 대응 절차를 중심으로 실무를 수행하며, 요구사항과 결과물을 문서화해 업무 흐름이 누락되지 않도록 합니다.

기획·운영·현장 담당자 및 외부 협력 파트너와 수시로 협업합니다. 변경 사항은 영향 범위를 검토한 뒤 대안을 제시하고 합의된 방식으로 반영합니다.

문제 발생 시 사실관계와 원인을 먼저 확인하고, 재발 방지 방안을 업무 절차에 반영합니다. 입사 후에는 담당 영역의 실행력을 높이고, 정확성·일정 준수·이용자 관점의 완성도를 중요한 기준으로 삼습니다.","- 보안 장비, 로그, 취약점 진단, 대응 절차 관련 업무 계획 수립 및 실행
- 담당 과제의 일정·진행 현황 관리
- 업무 산출물 작성 및 검토 이력 관리
- 유관 부서 및 외부 협력 대상과 실무 조율
- 현장·시스템·자료에서 발생한 이슈 분석 및 조치
- 운영 기준과 체크리스트 개선
- 결과 데이터 또는 피드백을 반영한 품질 개선","- 신입 조건에 맞는 관련 실무 경험 또는 역량 보유
- 보안 장비, 로그, 취약점 진단, 대응 절차에 필요한 도구·절차를 이해하고 실무 적용이 가능한 분
- 업무 내용을 정확히 기록하고 일정에 맞춰 결과물을 제출할 수 있는 분
- 유관 부서와 원활하게 소통하며 협업할 수 있는 분
- 근무지 출퇴근 및 직무 수행이 가능한 분","- 정보보안기사 보유자
- ISMS-P 인증심사원 보유자
- 보안 장비, 로그, 취약점 진단, 대응 절차 관련 프로젝트 또는 현장 수행 경험
- 업무용 문서·보고서 작성 및 이력 관리 경험
- 유관 부서·외부 협력사와의 일정 조율 경험","- 지원서 또는 제출서류를 허위로 기재한 경우
- 채용 과정에서 요구한 증빙서류를 제출하지 못한 경우
- 채용검진 결과 직무 수행이 어렵다고 판단되는 경우
- 해외여행 및 근무에 결격사유가 있는 경우
- 관련 법령 또는 내부 인사규정상 채용이 불가능한 경우",서류전형 > 실무면접 > 최종면접
2222,보안엔지니어 실무자 채용,45,223,20261025,20261114,6,경력,계약직,경기도,전문학사 이상,"보안엔지니어 포지션은 정보시스템의 보안 정책·취약점·사고 대응을 수행 역할입니다. 담당 업무의 목표와 우선순위를 명확히 설정하고, 일정과 품질 기준을 함께 관리합니다.

보안 장비, 로그, 취약점 진단, 대응 절차를 중심으로 실무를 수행하며, 요구사항과 결과물을 문서화해 업무 흐름이 누락되지 않도록 합니다.

기획·운영·현장 담당자 및 외부 협력 파트너와 수시로 협업합니다. 변경 사항은 영향 범위를 검토한 뒤 대안을 제시하고 합의된 방식으로 반영합니다.

문제 발생 시 사실관계와 원인을 먼저 확인하고, 재발 방지 방안을 업무 절차에 반영합니다. 입사 후에는 담당 영역의 실행력을 높이고, 정확성·일정 준수·이용자 관점의 완성도를 중요한 기준으로 삼습니다.","- 보안 장비, 로그, 취약점 진단, 대응 절차 관련 업무 계획 수립 및 실행
- 담당 과제의 일정·진행 현황 관리
- 업무 산출물 작성 및 검토 이력 관리
- 유관 부서 및 외부 협력 대상과 실무 조율
- 현장·시스템·자료에서 발생한 이슈 분석 및 조치
- 운영 기준과 체크리스트 개선
- 결과 데이터 또는 피드백을 반영한 품질 개선","- 경력 조건에 맞는 관련 실무 경험 또는 역량 보유
- 보안 장비, 로그, 취약점 진단, 대응 절차에 필요한 도구·절차를 이해하고 실무 적용이 가능한 분
- 업무 내용을 정확히 기록하고 일정에 맞춰 결과물을 제출할 수 있는 분
- 유관 부서와 원활하게 소통하며 협업할 수 있는 분
- 근무지 출퇴근 및 직무 수행이 가능한 분","- 정보보안기사 보유자
- ISMS-P 인증심사원 보유자
- 보안 장비, 로그, 취약점 진단, 대응 절차 관련 프로젝트 또는 현장 수행 경험
- 업무용 문서·보고서 작성 및 이력 관리 경험
- 유관 부서·외부 협력사와의 일정 조율 경험","- 지원서 또는 제출서류를 허위로 기재한 경우
- 채용 과정에서 요구한 증빙서류를 제출하지 못한 경우
- 채용검진 결과 직무 수행이 어렵다고 판단되는 경우
- 해외여행 및 근무에 결격사유가 있는 경우
- 관련 법령 또는 내부 인사규정상 채용이 불가능한 경우",서류전형 > 인성검사 > 실무면접 > 최종면접
2223,보안엔지니어 전문인력 채용,50,223,20260205,20260228,8,신입·경력,정규직,인천광역시,학사 이상,"보안엔지니어 포지션은 정보시스템의 보안 정책·취약점·사고 대응을 수행 역할입니다. 담당 업무의 목표와 우선순위를 명확히 설정하고, 일정과 품질 기준을 함께 관리합니다.

보안 장비, 로그, 취약점 진단, 대응 절차를 중심으로 실무를 수행하며, 요구사항과 결과물을 문서화해 업무 흐름이 누락되지 않도록 합니다.

기획·운영·현장 담당자 및 외부 협력 파트너와 수시로 협업합니다. 변경 사항은 영향 범위를 검토한 뒤 대안을 제시하고 합의된 방식으로 반영합니다.

문제 발생 시 사실관계와 원인을 먼저 확인하고, 재발 방지 방안을 업무 절차에 반영합니다. 입사 후에는 담당 영역의 실행력을 높이고, 정확성·일정 준수·이용자 관점의 완성도를 중요한 기준으로 삼습니다.","- 보안 장비, 로그, 취약점 진단, 대응 절차 관련 업무 계획 수립 및 실행
- 담당 과제의 일정·진행 현황 관리
- 업무 산출물 작성 및 검토 이력 관리
- 유관 부서 및 외부 협력 대상과 실무 조율
- 현장·시스템·자료에서 발생한 이슈 분석 및 조치
- 운영 기준과 체크리스트 개선
- 결과 데이터 또는 피드백을 반영한 품질 개선","- 신입·경력 조건에 맞는 관련 실무 경험 또는 역량 보유
- 보안 장비, 로그, 취약점 진단, 대응 절차에 필요한 도구·절차를 이해하고 실무 적용이 가능한 분
- 업무 내용을 정확히 기록하고 일정에 맞춰 결과물을 제출할 수 있는 분
- 유관 부서와 원활하게 소통하며 협업할 수 있는 분
- 근무지 출퇴근 및 직무 수행이 가능한 분","- 정보보안기사 보유자
- ISMS-P 인증심사원 보유자
- 보안 장비, 로그, 취약점 진단, 대응 절차 관련 프로젝트 또는 현장 수행 경험
- 업무용 문서·보고서 작성 및 이력 관리 경험
- 유관 부서·외부 협력사와의 일정 조율 경험","- 지원서 또는 제출서류를 허위로 기재한 경우
- 채용 과정에서 요구한 증빙서류를 제출하지 못한 경우
- 채용검진 결과 직무 수행이 어렵다고 판단되는 경우
- 해외여행 및 근무에 결격사유가 있는 경우
- 관련 법령 또는 내부 인사규정상 채용이 불가능한 경우",서류전형 > 직무과제 > 실무면접 > 처우협의
2224,보안엔지니어 운영 담당 채용,79,223,20260310,20260405,10,경력 2년 이상,정규직,대전광역시,학사 이상,"보안엔지니어 포지션은 정보시스템의 보안 정책·취약점·사고 대응을 수행 역할입니다. 담당 업무의 목표와 우선순위를 명확히 설정하고, 일정과 품질 기준을 함께 관리합니다.

보안 장비, 로그, 취약점 진단, 대응 절차를 중심으로 실무를 수행하며, 요구사항과 결과물을 문서화해 업무 흐름이 누락되지 않도록 합니다.

기획·운영·현장 담당자 및 외부 협력 파트너와 수시로 협업합니다. 변경 사항은 영향 범위를 검토한 뒤 대안을 제시하고 합의된 방식으로 반영합니다.

문제 발생 시 사실관계와 원인을 먼저 확인하고, 재발 방지 방안을 업무 절차에 반영합니다. 입사 후에는 담당 영역의 실행력을 높이고, 정확성·일정 준수·이용자 관점의 완성도를 중요한 기준으로 삼습니다.","- 보안 장비, 로그, 취약점 진단, 대응 절차 관련 업무 계획 수립 및 실행
- 담당 과제의 일정·진행 현황 관리
- 업무 산출물 작성 및 검토 이력 관리
- 유관 부서 및 외부 협력 대상과 실무 조율
- 현장·시스템·자료에서 발생한 이슈 분석 및 조치
- 운영 기준과 체크리스트 개선
- 결과 데이터 또는 피드백을 반영한 품질 개선","- 경력 2년 이상 조건에 맞는 관련 실무 경험 또는 역량 보유
- 보안 장비, 로그, 취약점 진단, 대응 절차에 필요한 도구·절차를 이해하고 실무 적용이 가능한 분
- 업무 내용을 정확히 기록하고 일정에 맞춰 결과물을 제출할 수 있는 분
- 유관 부서와 원활하게 소통하며 협업할 수 있는 분
- 근무지 출퇴근 및 직무 수행이 가능한 분","- 정보보안기사 보유자
- ISMS-P 인증심사원 보유자
- 보안 장비, 로그, 취약점 진단, 대응 절차 관련 프로젝트 또는 현장 수행 경험
- 업무용 문서·보고서 작성 및 이력 관리 경험
- 유관 부서·외부 협력사와의 일정 조율 경험","- 지원서 또는 제출서류를 허위로 기재한 경우
- 채용 과정에서 요구한 증빙서류를 제출하지 못한 경우
- 채용검진 결과 직무 수행이 어렵다고 판단되는 경우
- 해외여행 및 근무에 결격사유가 있는 경우
- 관련 법령 또는 내부 인사규정상 채용이 불가능한 경우",서류전형 > 1차면접 > 2차면접 > 채용검진
2225,보안엔지니어 프로젝트 인재 모집,85,223,20260415,20260514,12,경력 3년 이상,무기계약직,부산광역시,학력무관,"보안엔지니어 포지션은 정보시스템의 보안 정책·취약점·사고 대응을 수행 역할입니다. 담당 업무의 목표와 우선순위를 명확히 설정하고, 일정과 품질 기준을 함께 관리합니다.

보안 장비, 로그, 취약점 진단, 대응 절차를 중심으로 실무를 수행하며, 요구사항과 결과물을 문서화해 업무 흐름이 누락되지 않도록 합니다.

기획·운영·현장 담당자 및 외부 협력 파트너와 수시로 협업합니다. 변경 사항은 영향 범위를 검토한 뒤 대안을 제시하고 합의된 방식으로 반영합니다.

문제 발생 시 사실관계와 원인을 먼저 확인하고, 재발 방지 방안을 업무 절차에 반영합니다. 입사 후에는 담당 영역의 실행력을 높이고, 정확성·일정 준수·이용자 관점의 완성도를 중요한 기준으로 삼습니다.","- 보안 장비, 로그, 취약점 진단, 대응 절차 관련 업무 계획 수립 및 실행
- 담당 과제의 일정·진행 현황 관리
- 업무 산출물 작성 및 검토 이력 관리
- 유관 부서 및 외부 협력 대상과 실무 조율
- 현장·시스템·자료에서 발생한 이슈 분석 및 조치
- 운영 기준과 체크리스트 개선
- 결과 데이터 또는 피드백을 반영한 품질 개선","- 경력 3년 이상 조건에 맞는 관련 실무 경험 또는 역량 보유
- 보안 장비, 로그, 취약점 진단, 대응 절차에 필요한 도구·절차를 이해하고 실무 적용이 가능한 분
- 업무 내용을 정확히 기록하고 일정에 맞춰 결과물을 제출할 수 있는 분
- 유관 부서와 원활하게 소통하며 협업할 수 있는 분
- 근무지 출퇴근 및 직무 수행이 가능한 분","- 정보보안기사 보유자
- ISMS-P 인증심사원 보유자
- 보안 장비, 로그, 취약점 진단, 대응 절차 관련 프로젝트 또는 현장 수행 경험
- 업무용 문서·보고서 작성 및 이력 관리 경험
- 유관 부서·외부 협력사와의 일정 조율 경험","- 지원서 또는 제출서류를 허위로 기재한 경우
- 채용 과정에서 요구한 증빙서류를 제출하지 못한 경우
- 채용검진 결과 직무 수행이 어렵다고 판단되는 경우
- 해외여행 및 근무에 결격사유가 있는 경우
- 관련 법령 또는 내부 인사규정상 채용이 불가능한 경우",서류전형 > 실무면접 > 최종면접
2226,보안엔지니어 전담 인력 채용,76,223,20260520,20260621,14,경력 무관,기간제,광주광역시,전문학사 이상,"보안엔지니어 포지션은 정보시스템의 보안 정책·취약점·사고 대응을 수행 역할입니다. 담당 업무의 목표와 우선순위를 명확히 설정하고, 일정과 품질 기준을 함께 관리합니다.

보안 장비, 로그, 취약점 진단, 대응 절차를 중심으로 실무를 수행하며, 요구사항과 결과물을 문서화해 업무 흐름이 누락되지 않도록 합니다.

기획·운영·현장 담당자 및 외부 협력 파트너와 수시로 협업합니다. 변경 사항은 영향 범위를 검토한 뒤 대안을 제시하고 합의된 방식으로 반영합니다.

문제 발생 시 사실관계와 원인을 먼저 확인하고, 재발 방지 방안을 업무 절차에 반영합니다. 입사 후에는 담당 영역의 실행력을 높이고, 정확성·일정 준수·이용자 관점의 완성도를 중요한 기준으로 삼습니다.","- 보안 장비, 로그, 취약점 진단, 대응 절차 관련 업무 계획 수립 및 실행
- 담당 과제의 일정·진행 현황 관리
- 업무 산출물 작성 및 검토 이력 관리
- 유관 부서 및 외부 협력 대상과 실무 조율
- 현장·시스템·자료에서 발생한 이슈 분석 및 조치
- 운영 기준과 체크리스트 개선
- 결과 데이터 또는 피드백을 반영한 품질 개선","- 경력 무관 조건에 맞는 관련 실무 경험 또는 역량 보유
- 보안 장비, 로그, 취약점 진단, 대응 절차에 필요한 도구·절차를 이해하고 실무 적용이 가능한 분
- 업무 내용을 정확히 기록하고 일정에 맞춰 결과물을 제출할 수 있는 분
- 유관 부서와 원활하게 소통하며 협업할 수 있는 분
- 근무지 출퇴근 및 직무 수행이 가능한 분","- 정보보안기사 보유자
- ISMS-P 인증심사원 보유자
- 보안 장비, 로그, 취약점 진단, 대응 절차 관련 프로젝트 또는 현장 수행 경험
- 업무용 문서·보고서 작성 및 이력 관리 경험
- 유관 부서·외부 협력사와의 일정 조율 경험","- 지원서 또는 제출서류를 허위로 기재한 경우
- 채용 과정에서 요구한 증빙서류를 제출하지 못한 경우
- 채용검진 결과 직무 수행이 어렵다고 판단되는 경우
- 해외여행 및 근무에 결격사유가 있는 경우
- 관련 법령 또는 내부 인사규정상 채용이 불가능한 경우",서류전형 > 인성검사 > 실무면접 > 최종면접
2227,보안엔지니어 실무 인재 모집,73,223,20260625,20260730,16,경력 5년 이상,정규직,세종특별자치시,학사 이상,"보안엔지니어 포지션은 정보시스템의 보안 정책·취약점·사고 대응을 수행 역할입니다. 담당 업무의 목표와 우선순위를 명확히 설정하고, 일정과 품질 기준을 함께 관리합니다.

보안 장비, 로그, 취약점 진단, 대응 절차를 중심으로 실무를 수행하며, 요구사항과 결과물을 문서화해 업무 흐름이 누락되지 않도록 합니다.

기획·운영·현장 담당자 및 외부 협력 파트너와 수시로 협업합니다. 변경 사항은 영향 범위를 검토한 뒤 대안을 제시하고 합의된 방식으로 반영합니다.

문제 발생 시 사실관계와 원인을 먼저 확인하고, 재발 방지 방안을 업무 절차에 반영합니다. 입사 후에는 담당 영역의 실행력을 높이고, 정확성·일정 준수·이용자 관점의 완성도를 중요한 기준으로 삼습니다.","- 보안 장비, 로그, 취약점 진단, 대응 절차 관련 업무 계획 수립 및 실행
- 담당 과제의 일정·진행 현황 관리
- 업무 산출물 작성 및 검토 이력 관리
- 유관 부서 및 외부 협력 대상과 실무 조율
- 현장·시스템·자료에서 발생한 이슈 분석 및 조치
- 운영 기준과 체크리스트 개선
- 결과 데이터 또는 피드백을 반영한 품질 개선","- 경력 5년 이상 조건에 맞는 관련 실무 경험 또는 역량 보유
- 보안 장비, 로그, 취약점 진단, 대응 절차에 필요한 도구·절차를 이해하고 실무 적용이 가능한 분
- 업무 내용을 정확히 기록하고 일정에 맞춰 결과물을 제출할 수 있는 분
- 유관 부서와 원활하게 소통하며 협업할 수 있는 분
- 근무지 출퇴근 및 직무 수행이 가능한 분","- 정보보안기사 보유자
- ISMS-P 인증심사원 보유자
- 보안 장비, 로그, 취약점 진단, 대응 절차 관련 프로젝트 또는 현장 수행 경험
- 업무용 문서·보고서 작성 및 이력 관리 경험
- 유관 부서·외부 협력사와의 일정 조율 경험","- 지원서 또는 제출서류를 허위로 기재한 경우
- 채용 과정에서 요구한 증빙서류를 제출하지 못한 경우
- 채용검진 결과 직무 수행이 어렵다고 판단되는 경우
- 해외여행 및 근무에 결격사유가 있는 경우
- 관련 법령 또는 내부 인사규정상 채용이 불가능한 경우",서류전형 > 직무과제 > 실무면접 > 처우협의
2228,보안엔지니어 담당자 공개채용,8,223,20260705,20260812,18,신입·경력,계약직,충청남도,학력무관,"보안엔지니어 포지션은 정보시스템의 보안 정책·취약점·사고 대응을 수행 역할입니다. 담당 업무의 목표와 우선순위를 명확히 설정하고, 일정과 품질 기준을 함께 관리합니다.

보안 장비, 로그, 취약점 진단, 대응 절차를 중심으로 실무를 수행하며, 요구사항과 결과물을 문서화해 업무 흐름이 누락되지 않도록 합니다.

기획·운영·현장 담당자 및 외부 협력 파트너와 수시로 협업합니다. 변경 사항은 영향 범위를 검토한 뒤 대안을 제시하고 합의된 방식으로 반영합니다.

문제 발생 시 사실관계와 원인을 먼저 확인하고, 재발 방지 방안을 업무 절차에 반영합니다. 입사 후에는 담당 영역의 실행력을 높이고, 정확성·일정 준수·이용자 관점의 완성도를 중요한 기준으로 삼습니다.","- 보안 장비, 로그, 취약점 진단, 대응 절차 관련 업무 계획 수립 및 실행
- 담당 과제의 일정·진행 현황 관리
- 업무 산출물 작성 및 검토 이력 관리
- 유관 부서 및 외부 협력 대상과 실무 조율
- 현장·시스템·자료에서 발생한 이슈 분석 및 조치
- 운영 기준과 체크리스트 개선
- 결과 데이터 또는 피드백을 반영한 품질 개선","- 신입·경력 조건에 맞는 관련 실무 경험 또는 역량 보유
- 보안 장비, 로그, 취약점 진단, 대응 절차에 필요한 도구·절차를 이해하고 실무 적용이 가능한 분
- 업무 내용을 정확히 기록하고 일정에 맞춰 결과물을 제출할 수 있는 분
- 유관 부서와 원활하게 소통하며 협업할 수 있는 분
- 근무지 출퇴근 및 직무 수행이 가능한 분","- 정보보안기사 보유자
- ISMS-P 인증심사원 보유자
- 보안 장비, 로그, 취약점 진단, 대응 절차 관련 프로젝트 또는 현장 수행 경험
- 업무용 문서·보고서 작성 및 이력 관리 경험
- 유관 부서·외부 협력사와의 일정 조율 경험","- 지원서 또는 제출서류를 허위로 기재한 경우
- 채용 과정에서 요구한 증빙서류를 제출하지 못한 경우
- 채용검진 결과 직무 수행이 어렵다고 판단되는 경우
- 해외여행 및 근무에 결격사유가 있는 경우
- 관련 법령 또는 내부 인사규정상 채용이 불가능한 경우",서류전형 > 1차면접 > 2차면접 > 채용검진
2229,보안엔지니어 정규직 모집,37,223,20260810,20260920,20,경력 2년 이상,정규직,경상남도,학사 이상,"보안엔지니어 포지션은 정보시스템의 보안 정책·취약점·사고 대응을 수행 역할입니다. 담당 업무의 목표와 우선순위를 명확히 설정하고, 일정과 품질 기준을 함께 관리합니다.

보안 장비, 로그, 취약점 진단, 대응 절차를 중심으로 실무를 수행하며, 요구사항과 결과물을 문서화해 업무 흐름이 누락되지 않도록 합니다.

기획·운영·현장 담당자 및 외부 협력 파트너와 수시로 협업합니다. 변경 사항은 영향 범위를 검토한 뒤 대안을 제시하고 합의된 방식으로 반영합니다.

문제 발생 시 사실관계와 원인을 먼저 확인하고, 재발 방지 방안을 업무 절차에 반영합니다. 입사 후에는 담당 영역의 실행력을 높이고, 정확성·일정 준수·이용자 관점의 완성도를 중요한 기준으로 삼습니다.","- 보안 장비, 로그, 취약점 진단, 대응 절차 관련 업무 계획 수립 및 실행
- 담당 과제의 일정·진행 현황 관리
- 업무 산출물 작성 및 검토 이력 관리
- 유관 부서 및 외부 협력 대상과 실무 조율
- 현장·시스템·자료에서 발생한 이슈 분석 및 조치
- 운영 기준과 체크리스트 개선
- 결과 데이터 또는 피드백을 반영한 품질 개선","- 경력 2년 이상 조건에 맞는 관련 실무 경험 또는 역량 보유
- 보안 장비, 로그, 취약점 진단, 대응 절차에 필요한 도구·절차를 이해하고 실무 적용이 가능한 분
- 업무 내용을 정확히 기록하고 일정에 맞춰 결과물을 제출할 수 있는 분
- 유관 부서와 원활하게 소통하며 협업할 수 있는 분
- 근무지 출퇴근 및 직무 수행이 가능한 분","- 정보보안기사 보유자
- ISMS-P 인증심사원 보유자
- 보안 장비, 로그, 취약점 진단, 대응 절차 관련 프로젝트 또는 현장 수행 경험
- 업무용 문서·보고서 작성 및 이력 관리 경험
- 유관 부서·외부 협력사와의 일정 조율 경험","- 지원서 또는 제출서류를 허위로 기재한 경우
- 채용 과정에서 요구한 증빙서류를 제출하지 못한 경우
- 채용검진 결과 직무 수행이 어렵다고 판단되는 경우
- 해외여행 및 근무에 결격사유가 있는 경우
- 관련 법령 또는 내부 인사규정상 채용이 불가능한 경우",서류전형 > 실무면접 > 최종면접
2230,보안엔지니어 채용,71,223,20260915,20261029,2,경력,정규직,전북특별자치도,전문학사 이상,"보안엔지니어 포지션은 정보시스템의 보안 정책·취약점·사고 대응을 수행 역할입니다. 담당 업무의 목표와 우선순위를 명확히 설정하고, 일정과 품질 기준을 함께 관리합니다.

보안 장비, 로그, 취약점 진단, 대응 절차를 중심으로 실무를 수행하며, 요구사항과 결과물을 문서화해 업무 흐름이 누락되지 않도록 합니다.

기획·운영·현장 담당자 및 외부 협력 파트너와 수시로 협업합니다. 변경 사항은 영향 범위를 검토한 뒤 대안을 제시하고 합의된 방식으로 반영합니다.

문제 발생 시 사실관계와 원인을 먼저 확인하고, 재발 방지 방안을 업무 절차에 반영합니다. 입사 후에는 담당 영역의 실행력을 높이고, 정확성·일정 준수·이용자 관점의 완성도를 중요한 기준으로 삼습니다.","- 보안 장비, 로그, 취약점 진단, 대응 절차 관련 업무 계획 수립 및 실행
- 담당 과제의 일정·진행 현황 관리
- 업무 산출물 작성 및 검토 이력 관리
- 유관 부서 및 외부 협력 대상과 실무 조율
- 현장·시스템·자료에서 발생한 이슈 분석 및 조치
- 운영 기준과 체크리스트 개선
- 결과 데이터 또는 피드백을 반영한 품질 개선","- 경력 조건에 맞는 관련 실무 경험 또는 역량 보유
- 보안 장비, 로그, 취약점 진단, 대응 절차에 필요한 도구·절차를 이해하고 실무 적용이 가능한 분
- 업무 내용을 정확히 기록하고 일정에 맞춰 결과물을 제출할 수 있는 분
- 유관 부서와 원활하게 소통하며 협업할 수 있는 분
- 근무지 출퇴근 및 직무 수행이 가능한 분","- 정보보안기사 보유자
- ISMS-P 인증심사원 보유자
- 보안 장비, 로그, 취약점 진단, 대응 절차 관련 프로젝트 또는 현장 수행 경험
- 업무용 문서·보고서 작성 및 이력 관리 경험
- 유관 부서·외부 협력사와의 일정 조율 경험","- 지원서 또는 제출서류를 허위로 기재한 경우
- 채용 과정에서 요구한 증빙서류를 제출하지 못한 경우
- 채용검진 결과 직무 수행이 어렵다고 판단되는 경우
- 해외여행 및 근무에 결격사유가 있는 경우
- 관련 법령 또는 내부 인사규정상 채용이 불가능한 경우",서류전형 > 인성검사 > 실무면접 > 최종면접
2231,소프트웨어개발자 담당자 모집,11,224,20261023,20261110,5,신입,정규직,서울특별시,학력무관,"소프트웨어개발자 포지션은 업무·서비스 요구사항을 소프트웨어 기능으로 구현 역할입니다. 담당 업무의 목표와 우선순위를 명확히 설정하고, 일정과 품질 기준을 함께 관리합니다.

설계서, 코드 리뷰, 테스트, 배포를 중심으로 실무를 수행하며, 요구사항과 결과물을 문서화해 업무 흐름이 누락되지 않도록 합니다.

기획·운영·현장 담당자 및 외부 협력 파트너와 수시로 협업합니다. 변경 사항은 영향 범위를 검토한 뒤 대안을 제시하고 합의된 방식으로 반영합니다.

문제 발생 시 사실관계와 원인을 먼저 확인하고, 재발 방지 방안을 업무 절차에 반영합니다. 입사 후에는 담당 영역의 실행력을 높이고, 정확성·일정 준수·이용자 관점의 완성도를 중요한 기준으로 삼습니다.","- 설계서, 코드 리뷰, 테스트, 배포 관련 업무 계획 수립 및 실행
- 담당 과제의 일정·진행 현황 관리
- 업무 산출물 작성 및 검토 이력 관리
- 유관 부서 및 외부 협력 대상과 실무 조율
- 현장·시스템·자료에서 발생한 이슈 분석 및 조치
- 운영 기준과 체크리스트 개선
- 결과 데이터 또는 피드백을 반영한 품질 개선","- 신입 조건에 맞는 관련 실무 경험 또는 역량 보유
- 설계서, 코드 리뷰, 테스트, 배포에 필요한 도구·절차를 이해하고 실무 적용이 가능한 분
- 업무 내용을 정확히 기록하고 일정에 맞춰 결과물을 제출할 수 있는 분
- 유관 부서와 원활하게 소통하며 협업할 수 있는 분
- 근무지 출퇴근 및 직무 수행이 가능한 분","- 정보처리기사 보유자
- SQLD 보유자
- 설계서, 코드 리뷰, 테스트, 배포 관련 프로젝트 또는 현장 수행 경험
- 업무용 문서·보고서 작성 및 이력 관리 경험
- 유관 부서·외부 협력사와의 일정 조율 경험","- 지원서 또는 제출서류를 허위로 기재한 경우
- 채용 과정에서 요구한 증빙서류를 제출하지 못한 경우
- 채용검진 결과 직무 수행이 어렵다고 판단되는 경우
- 해외여행 및 근무에 결격사유가 있는 경우
- 관련 법령 또는 내부 인사규정상 채용이 불가능한 경우",서류전형 > 실무면접 > 최종면접
2232,소프트웨어개발자 실무자 채용,86,224,20260203,20260224,7,경력,계약직,경기도,전문학사 이상,"소프트웨어개발자 포지션은 업무·서비스 요구사항을 소프트웨어 기능으로 구현 역할입니다. 담당 업무의 목표와 우선순위를 명확히 설정하고, 일정과 품질 기준을 함께 관리합니다.

설계서, 코드 리뷰, 테스트, 배포를 중심으로 실무를 수행하며, 요구사항과 결과물을 문서화해 업무 흐름이 누락되지 않도록 합니다.

기획·운영·현장 담당자 및 외부 협력 파트너와 수시로 협업합니다. 변경 사항은 영향 범위를 검토한 뒤 대안을 제시하고 합의된 방식으로 반영합니다.

문제 발생 시 사실관계와 원인을 먼저 확인하고, 재발 방지 방안을 업무 절차에 반영합니다. 입사 후에는 담당 영역의 실행력을 높이고, 정확성·일정 준수·이용자 관점의 완성도를 중요한 기준으로 삼습니다.","- 설계서, 코드 리뷰, 테스트, 배포 관련 업무 계획 수립 및 실행
- 담당 과제의 일정·진행 현황 관리
- 업무 산출물 작성 및 검토 이력 관리
- 유관 부서 및 외부 협력 대상과 실무 조율
- 현장·시스템·자료에서 발생한 이슈 분석 및 조치
- 운영 기준과 체크리스트 개선
- 결과 데이터 또는 피드백을 반영한 품질 개선","- 경력 조건에 맞는 관련 실무 경험 또는 역량 보유
- 설계서, 코드 리뷰, 테스트, 배포에 필요한 도구·절차를 이해하고 실무 적용이 가능한 분
- 업무 내용을 정확히 기록하고 일정에 맞춰 결과물을 제출할 수 있는 분
- 유관 부서와 원활하게 소통하며 협업할 수 있는 분
- 근무지 출퇴근 및 직무 수행이 가능한 분","- 정보처리기사 보유자
- SQLD 보유자
- 설계서, 코드 리뷰, 테스트, 배포 관련 프로젝트 또는 현장 수행 경험
- 업무용 문서·보고서 작성 및 이력 관리 경험
- 유관 부서·외부 협력사와의 일정 조율 경험","- 지원서 또는 제출서류를 허위로 기재한 경우
- 채용 과정에서 요구한 증빙서류를 제출하지 못한 경우
- 채용검진 결과 직무 수행이 어렵다고 판단되는 경우
- 해외여행 및 근무에 결격사유가 있는 경우
- 관련 법령 또는 내부 인사규정상 채용이 불가능한 경우",서류전형 > 인성검사 > 실무면접 > 최종면접
2233,소프트웨어개발자 전문인력 채용,4,224,20260308,20260401,9,신입·경력,정규직,인천광역시,학사 이상,"소프트웨어개발자 포지션은 업무·서비스 요구사항을 소프트웨어 기능으로 구현 역할입니다. 담당 업무의 목표와 우선순위를 명확히 설정하고, 일정과 품질 기준을 함께 관리합니다.

설계서, 코드 리뷰, 테스트, 배포를 중심으로 실무를 수행하며, 요구사항과 결과물을 문서화해 업무 흐름이 누락되지 않도록 합니다.

기획·운영·현장 담당자 및 외부 협력 파트너와 수시로 협업합니다. 변경 사항은 영향 범위를 검토한 뒤 대안을 제시하고 합의된 방식으로 반영합니다.

문제 발생 시 사실관계와 원인을 먼저 확인하고, 재발 방지 방안을 업무 절차에 반영합니다. 입사 후에는 담당 영역의 실행력을 높이고, 정확성·일정 준수·이용자 관점의 완성도를 중요한 기준으로 삼습니다.","- 설계서, 코드 리뷰, 테스트, 배포 관련 업무 계획 수립 및 실행
- 담당 과제의 일정·진행 현황 관리
- 업무 산출물 작성 및 검토 이력 관리
- 유관 부서 및 외부 협력 대상과 실무 조율
- 현장·시스템·자료에서 발생한 이슈 분석 및 조치
- 운영 기준과 체크리스트 개선
- 결과 데이터 또는 피드백을 반영한 품질 개선","- 신입·경력 조건에 맞는 관련 실무 경험 또는 역량 보유
- 설계서, 코드 리뷰, 테스트, 배포에 필요한 도구·절차를 이해하고 실무 적용이 가능한 분
- 업무 내용을 정확히 기록하고 일정에 맞춰 결과물을 제출할 수 있는 분
- 유관 부서와 원활하게 소통하며 협업할 수 있는 분
- 근무지 출퇴근 및 직무 수행이 가능한 분","- 정보처리기사 보유자
- SQLD 보유자
- 설계서, 코드 리뷰, 테스트, 배포 관련 프로젝트 또는 현장 수행 경험
- 업무용 문서·보고서 작성 및 이력 관리 경험
- 유관 부서·외부 협력사와의 일정 조율 경험","- 지원서 또는 제출서류를 허위로 기재한 경우
- 채용 과정에서 요구한 증빙서류를 제출하지 못한 경우
- 채용검진 결과 직무 수행이 어렵다고 판단되는 경우
- 해외여행 및 근무에 결격사유가 있는 경우
- 관련 법령 또는 내부 인사규정상 채용이 불가능한 경우",서류전형 > 직무과제 > 실무면접 > 처우협의
2234,소프트웨어개발자 운영 담당 채용,17,224,20260413,20260510,11,경력 2년 이상,정규직,대전광역시,학사 이상,"소프트웨어개발자 포지션은 업무·서비스 요구사항을 소프트웨어 기능으로 구현 역할입니다. 담당 업무의 목표와 우선순위를 명확히 설정하고, 일정과 품질 기준을 함께 관리합니다.

설계서, 코드 리뷰, 테스트, 배포를 중심으로 실무를 수행하며, 요구사항과 결과물을 문서화해 업무 흐름이 누락되지 않도록 합니다.

기획·운영·현장 담당자 및 외부 협력 파트너와 수시로 협업합니다. 변경 사항은 영향 범위를 검토한 뒤 대안을 제시하고 합의된 방식으로 반영합니다.

문제 발생 시 사실관계와 원인을 먼저 확인하고, 재발 방지 방안을 업무 절차에 반영합니다. 입사 후에는 담당 영역의 실행력을 높이고, 정확성·일정 준수·이용자 관점의 완성도를 중요한 기준으로 삼습니다.","- 설계서, 코드 리뷰, 테스트, 배포 관련 업무 계획 수립 및 실행
- 담당 과제의 일정·진행 현황 관리
- 업무 산출물 작성 및 검토 이력 관리
- 유관 부서 및 외부 협력 대상과 실무 조율
- 현장·시스템·자료에서 발생한 이슈 분석 및 조치
- 운영 기준과 체크리스트 개선
- 결과 데이터 또는 피드백을 반영한 품질 개선","- 경력 2년 이상 조건에 맞는 관련 실무 경험 또는 역량 보유
- 설계서, 코드 리뷰, 테스트, 배포에 필요한 도구·절차를 이해하고 실무 적용이 가능한 분
- 업무 내용을 정확히 기록하고 일정에 맞춰 결과물을 제출할 수 있는 분
- 유관 부서와 원활하게 소통하며 협업할 수 있는 분
- 근무지 출퇴근 및 직무 수행이 가능한 분","- 정보처리기사 보유자
- SQLD 보유자
- 설계서, 코드 리뷰, 테스트, 배포 관련 프로젝트 또는 현장 수행 경험
- 업무용 문서·보고서 작성 및 이력 관리 경험
- 유관 부서·외부 협력사와의 일정 조율 경험","- 지원서 또는 제출서류를 허위로 기재한 경우
- 채용 과정에서 요구한 증빙서류를 제출하지 못한 경우
- 채용검진 결과 직무 수행이 어렵다고 판단되는 경우
- 해외여행 및 근무에 결격사유가 있는 경우
- 관련 법령 또는 내부 인사규정상 채용이 불가능한 경우",서류전형 > 1차면접 > 2차면접 > 채용검진
2235,소프트웨어개발자 프로젝트 인재 모집,52,224,20260518,20260617,13,경력 3년 이상,무기계약직,부산광역시,학력무관,"소프트웨어개발자 포지션은 업무·서비스 요구사항을 소프트웨어 기능으로 구현 역할입니다. 담당 업무의 목표와 우선순위를 명확히 설정하고, 일정과 품질 기준을 함께 관리합니다.

설계서, 코드 리뷰, 테스트, 배포를 중심으로 실무를 수행하며, 요구사항과 결과물을 문서화해 업무 흐름이 누락되지 않도록 합니다.

기획·운영·현장 담당자 및 외부 협력 파트너와 수시로 협업합니다. 변경 사항은 영향 범위를 검토한 뒤 대안을 제시하고 합의된 방식으로 반영합니다.

문제 발생 시 사실관계와 원인을 먼저 확인하고, 재발 방지 방안을 업무 절차에 반영합니다. 입사 후에는 담당 영역의 실행력을 높이고, 정확성·일정 준수·이용자 관점의 완성도를 중요한 기준으로 삼습니다.","- 설계서, 코드 리뷰, 테스트, 배포 관련 업무 계획 수립 및 실행
- 담당 과제의 일정·진행 현황 관리
- 업무 산출물 작성 및 검토 이력 관리
- 유관 부서 및 외부 협력 대상과 실무 조율
- 현장·시스템·자료에서 발생한 이슈 분석 및 조치
- 운영 기준과 체크리스트 개선
- 결과 데이터 또는 피드백을 반영한 품질 개선","- 경력 3년 이상 조건에 맞는 관련 실무 경험 또는 역량 보유
- 설계서, 코드 리뷰, 테스트, 배포에 필요한 도구·절차를 이해하고 실무 적용이 가능한 분
- 업무 내용을 정확히 기록하고 일정에 맞춰 결과물을 제출할 수 있는 분
- 유관 부서와 원활하게 소통하며 협업할 수 있는 분
- 근무지 출퇴근 및 직무 수행이 가능한 분","- 정보처리기사 보유자
- SQLD 보유자
- 설계서, 코드 리뷰, 테스트, 배포 관련 프로젝트 또는 현장 수행 경험
- 업무용 문서·보고서 작성 및 이력 관리 경험
- 유관 부서·외부 협력사와의 일정 조율 경험","- 지원서 또는 제출서류를 허위로 기재한 경우
- 채용 과정에서 요구한 증빙서류를 제출하지 못한 경우
- 채용검진 결과 직무 수행이 어렵다고 판단되는 경우
- 해외여행 및 근무에 결격사유가 있는 경우
- 관련 법령 또는 내부 인사규정상 채용이 불가능한 경우",서류전형 > 실무면접 > 최종면접
2236,소프트웨어개발자 전담 인력 채용,155,224,20260623,20260726,15,경력 무관,기간제,광주광역시,전문학사 이상,"소프트웨어개발자 포지션은 업무·서비스 요구사항을 소프트웨어 기능으로 구현 역할입니다. 담당 업무의 목표와 우선순위를 명확히 설정하고, 일정과 품질 기준을 함께 관리합니다.

설계서, 코드 리뷰, 테스트, 배포를 중심으로 실무를 수행하며, 요구사항과 결과물을 문서화해 업무 흐름이 누락되지 않도록 합니다.

기획·운영·현장 담당자 및 외부 협력 파트너와 수시로 협업합니다. 변경 사항은 영향 범위를 검토한 뒤 대안을 제시하고 합의된 방식으로 반영합니다.

문제 발생 시 사실관계와 원인을 먼저 확인하고, 재발 방지 방안을 업무 절차에 반영합니다. 입사 후에는 담당 영역의 실행력을 높이고, 정확성·일정 준수·이용자 관점의 완성도를 중요한 기준으로 삼습니다.","- 설계서, 코드 리뷰, 테스트, 배포 관련 업무 계획 수립 및 실행
- 담당 과제의 일정·진행 현황 관리
- 업무 산출물 작성 및 검토 이력 관리
- 유관 부서 및 외부 협력 대상과 실무 조율
- 현장·시스템·자료에서 발생한 이슈 분석 및 조치
- 운영 기준과 체크리스트 개선
- 결과 데이터 또는 피드백을 반영한 품질 개선","- 경력 무관 조건에 맞는 관련 실무 경험 또는 역량 보유
- 설계서, 코드 리뷰, 테스트, 배포에 필요한 도구·절차를 이해하고 실무 적용이 가능한 분
- 업무 내용을 정확히 기록하고 일정에 맞춰 결과물을 제출할 수 있는 분
- 유관 부서와 원활하게 소통하며 협업할 수 있는 분
- 근무지 출퇴근 및 직무 수행이 가능한 분","- 정보처리기사 보유자
- SQLD 보유자
- 설계서, 코드 리뷰, 테스트, 배포 관련 프로젝트 또는 현장 수행 경험
- 업무용 문서·보고서 작성 및 이력 관리 경험
- 유관 부서·외부 협력사와의 일정 조율 경험","- 지원서 또는 제출서류를 허위로 기재한 경우
- 채용 과정에서 요구한 증빙서류를 제출하지 못한 경우
- 채용검진 결과 직무 수행이 어렵다고 판단되는 경우
- 해외여행 및 근무에 결격사유가 있는 경우
- 관련 법령 또는 내부 인사규정상 채용이 불가능한 경우",서류전형 > 인성검사 > 실무면접 > 최종면접
2237,소프트웨어개발자 실무 인재 모집,33,224,20260703,20260808,17,경력 5년 이상,정규직,세종특별자치시,학사 이상,"소프트웨어개발자 포지션은 업무·서비스 요구사항을 소프트웨어 기능으로 구현 역할입니다. 담당 업무의 목표와 우선순위를 명확히 설정하고, 일정과 품질 기준을 함께 관리합니다.

설계서, 코드 리뷰, 테스트, 배포를 중심으로 실무를 수행하며, 요구사항과 결과물을 문서화해 업무 흐름이 누락되지 않도록 합니다.

기획·운영·현장 담당자 및 외부 협력 파트너와 수시로 협업합니다. 변경 사항은 영향 범위를 검토한 뒤 대안을 제시하고 합의된 방식으로 반영합니다.

문제 발생 시 사실관계와 원인을 먼저 확인하고, 재발 방지 방안을 업무 절차에 반영합니다. 입사 후에는 담당 영역의 실행력을 높이고, 정확성·일정 준수·이용자 관점의 완성도를 중요한 기준으로 삼습니다.","- 설계서, 코드 리뷰, 테스트, 배포 관련 업무 계획 수립 및 실행
- 담당 과제의 일정·진행 현황 관리
- 업무 산출물 작성 및 검토 이력 관리
- 유관 부서 및 외부 협력 대상과 실무 조율
- 현장·시스템·자료에서 발생한 이슈 분석 및 조치
- 운영 기준과 체크리스트 개선
- 결과 데이터 또는 피드백을 반영한 품질 개선","- 경력 5년 이상 조건에 맞는 관련 실무 경험 또는 역량 보유
- 설계서, 코드 리뷰, 테스트, 배포에 필요한 도구·절차를 이해하고 실무 적용이 가능한 분
- 업무 내용을 정확히 기록하고 일정에 맞춰 결과물을 제출할 수 있는 분
- 유관 부서와 원활하게 소통하며 협업할 수 있는 분
- 근무지 출퇴근 및 직무 수행이 가능한 분","- 정보처리기사 보유자
- SQLD 보유자
- 설계서, 코드 리뷰, 테스트, 배포 관련 프로젝트 또는 현장 수행 경험
- 업무용 문서·보고서 작성 및 이력 관리 경험
- 유관 부서·외부 협력사와의 일정 조율 경험","- 지원서 또는 제출서류를 허위로 기재한 경우
- 채용 과정에서 요구한 증빙서류를 제출하지 못한 경우
- 채용검진 결과 직무 수행이 어렵다고 판단되는 경우
- 해외여행 및 근무에 결격사유가 있는 경우
- 관련 법령 또는 내부 인사규정상 채용이 불가능한 경우",서류전형 > 직무과제 > 실무면접 > 처우협의
2238,소프트웨어개발자 담당자 공개채용,14,224,20260808,20260916,19,신입·경력,계약직,충청남도,학력무관,"소프트웨어개발자 포지션은 업무·서비스 요구사항을 소프트웨어 기능으로 구현 역할입니다. 담당 업무의 목표와 우선순위를 명확히 설정하고, 일정과 품질 기준을 함께 관리합니다.

설계서, 코드 리뷰, 테스트, 배포를 중심으로 실무를 수행하며, 요구사항과 결과물을 문서화해 업무 흐름이 누락되지 않도록 합니다.

기획·운영·현장 담당자 및 외부 협력 파트너와 수시로 협업합니다. 변경 사항은 영향 범위를 검토한 뒤 대안을 제시하고 합의된 방식으로 반영합니다.

문제 발생 시 사실관계와 원인을 먼저 확인하고, 재발 방지 방안을 업무 절차에 반영합니다. 입사 후에는 담당 영역의 실행력을 높이고, 정확성·일정 준수·이용자 관점의 완성도를 중요한 기준으로 삼습니다.","- 설계서, 코드 리뷰, 테스트, 배포 관련 업무 계획 수립 및 실행
- 담당 과제의 일정·진행 현황 관리
- 업무 산출물 작성 및 검토 이력 관리
- 유관 부서 및 외부 협력 대상과 실무 조율
- 현장·시스템·자료에서 발생한 이슈 분석 및 조치
- 운영 기준과 체크리스트 개선
- 결과 데이터 또는 피드백을 반영한 품질 개선","- 신입·경력 조건에 맞는 관련 실무 경험 또는 역량 보유
- 설계서, 코드 리뷰, 테스트, 배포에 필요한 도구·절차를 이해하고 실무 적용이 가능한 분
- 업무 내용을 정확히 기록하고 일정에 맞춰 결과물을 제출할 수 있는 분
- 유관 부서와 원활하게 소통하며 협업할 수 있는 분
- 근무지 출퇴근 및 직무 수행이 가능한 분","- 정보처리기사 보유자
- SQLD 보유자
- 설계서, 코드 리뷰, 테스트, 배포 관련 프로젝트 또는 현장 수행 경험
- 업무용 문서·보고서 작성 및 이력 관리 경험
- 유관 부서·외부 협력사와의 일정 조율 경험","- 지원서 또는 제출서류를 허위로 기재한 경우
- 채용 과정에서 요구한 증빙서류를 제출하지 못한 경우
- 채용검진 결과 직무 수행이 어렵다고 판단되는 경우
- 해외여행 및 근무에 결격사유가 있는 경우
- 관련 법령 또는 내부 인사규정상 채용이 불가능한 경우",서류전형 > 1차면접 > 2차면접 > 채용검진
2239,소프트웨어개발자 정규직 모집,39,224,20260913,20261025,1,경력 2년 이상,정규직,경상남도,학사 이상,"소프트웨어개발자 포지션은 업무·서비스 요구사항을 소프트웨어 기능으로 구현 역할입니다. 담당 업무의 목표와 우선순위를 명확히 설정하고, 일정과 품질 기준을 함께 관리합니다.

설계서, 코드 리뷰, 테스트, 배포를 중심으로 실무를 수행하며, 요구사항과 결과물을 문서화해 업무 흐름이 누락되지 않도록 합니다.

기획·운영·현장 담당자 및 외부 협력 파트너와 수시로 협업합니다. 변경 사항은 영향 범위를 검토한 뒤 대안을 제시하고 합의된 방식으로 반영합니다.

문제 발생 시 사실관계와 원인을 먼저 확인하고, 재발 방지 방안을 업무 절차에 반영합니다. 입사 후에는 담당 영역의 실행력을 높이고, 정확성·일정 준수·이용자 관점의 완성도를 중요한 기준으로 삼습니다.","- 설계서, 코드 리뷰, 테스트, 배포 관련 업무 계획 수립 및 실행
- 담당 과제의 일정·진행 현황 관리
- 업무 산출물 작성 및 검토 이력 관리
- 유관 부서 및 외부 협력 대상과 실무 조율
- 현장·시스템·자료에서 발생한 이슈 분석 및 조치
- 운영 기준과 체크리스트 개선
- 결과 데이터 또는 피드백을 반영한 품질 개선","- 경력 2년 이상 조건에 맞는 관련 실무 경험 또는 역량 보유
- 설계서, 코드 리뷰, 테스트, 배포에 필요한 도구·절차를 이해하고 실무 적용이 가능한 분
- 업무 내용을 정확히 기록하고 일정에 맞춰 결과물을 제출할 수 있는 분
- 유관 부서와 원활하게 소통하며 협업할 수 있는 분
- 근무지 출퇴근 및 직무 수행이 가능한 분","- 정보처리기사 보유자
- SQLD 보유자
- 설계서, 코드 리뷰, 테스트, 배포 관련 프로젝트 또는 현장 수행 경험
- 업무용 문서·보고서 작성 및 이력 관리 경험
- 유관 부서·외부 협력사와의 일정 조율 경험","- 지원서 또는 제출서류를 허위로 기재한 경우
- 채용 과정에서 요구한 증빙서류를 제출하지 못한 경우
- 채용검진 결과 직무 수행이 어렵다고 판단되는 경우
- 해외여행 및 근무에 결격사유가 있는 경우
- 관련 법령 또는 내부 인사규정상 채용이 불가능한 경우",서류전형 > 실무면접 > 최종면접
2240,소프트웨어개발자 채용,158,224,20261018,20261202,3,경력,정규직,전북특별자치도,전문학사 이상,"소프트웨어개발자 포지션은 업무·서비스 요구사항을 소프트웨어 기능으로 구현 역할입니다. 담당 업무의 목표와 우선순위를 명확히 설정하고, 일정과 품질 기준을 함께 관리합니다.

설계서, 코드 리뷰, 테스트, 배포를 중심으로 실무를 수행하며, 요구사항과 결과물을 문서화해 업무 흐름이 누락되지 않도록 합니다.

기획·운영·현장 담당자 및 외부 협력 파트너와 수시로 협업합니다. 변경 사항은 영향 범위를 검토한 뒤 대안을 제시하고 합의된 방식으로 반영합니다.

문제 발생 시 사실관계와 원인을 먼저 확인하고, 재발 방지 방안을 업무 절차에 반영합니다. 입사 후에는 담당 영역의 실행력을 높이고, 정확성·일정 준수·이용자 관점의 완성도를 중요한 기준으로 삼습니다.","- 설계서, 코드 리뷰, 테스트, 배포 관련 업무 계획 수립 및 실행
- 담당 과제의 일정·진행 현황 관리
- 업무 산출물 작성 및 검토 이력 관리
- 유관 부서 및 외부 협력 대상과 실무 조율
- 현장·시스템·자료에서 발생한 이슈 분석 및 조치
- 운영 기준과 체크리스트 개선
- 결과 데이터 또는 피드백을 반영한 품질 개선","- 경력 조건에 맞는 관련 실무 경험 또는 역량 보유
- 설계서, 코드 리뷰, 테스트, 배포에 필요한 도구·절차를 이해하고 실무 적용이 가능한 분
- 업무 내용을 정확히 기록하고 일정에 맞춰 결과물을 제출할 수 있는 분
- 유관 부서와 원활하게 소통하며 협업할 수 있는 분
- 근무지 출퇴근 및 직무 수행이 가능한 분","- 정보처리기사 보유자
- SQLD 보유자
- 설계서, 코드 리뷰, 테스트, 배포 관련 프로젝트 또는 현장 수행 경험
- 업무용 문서·보고서 작성 및 이력 관리 경험
- 유관 부서·외부 협력사와의 일정 조율 경험","- 지원서 또는 제출서류를 허위로 기재한 경우
- 채용 과정에서 요구한 증빙서류를 제출하지 못한 경우
- 채용검진 결과 직무 수행이 어렵다고 판단되는 경우
- 해외여행 및 근무에 결격사유가 있는 경우
- 관련 법령 또는 내부 인사규정상 채용이 불가능한 경우",서류전형 > 인성검사 > 실무면접 > 최종면접
2241,게임개발자 담당자 모집,22,225,20260201,20260220,6,신입,정규직,서울특별시,학력무관,"게임개발자 포지션은 게임 클라이언트·서버 또는 콘텐츠 기능을 개발 역할입니다. 담당 업무의 목표와 우선순위를 명확히 설정하고, 일정과 품질 기준을 함께 관리합니다.

게임 엔진, 게임 로직, 빌드, 버그 수정를 중심으로 실무를 수행하며, 요구사항과 결과물을 문서화해 업무 흐름이 누락되지 않도록 합니다.

기획·운영·현장 담당자 및 외부 협력 파트너와 수시로 협업합니다. 변경 사항은 영향 범위를 검토한 뒤 대안을 제시하고 합의된 방식으로 반영합니다.

문제 발생 시 사실관계와 원인을 먼저 확인하고, 재발 방지 방안을 업무 절차에 반영합니다. 입사 후에는 담당 영역의 실행력을 높이고, 정확성·일정 준수·이용자 관점의 완성도를 중요한 기준으로 삼습니다.","- 게임 엔진, 게임 로직, 빌드, 버그 수정 관련 업무 계획 수립 및 실행
- 담당 과제의 일정·진행 현황 관리
- 업무 산출물 작성 및 검토 이력 관리
- 유관 부서 및 외부 협력 대상과 실무 조율
- 현장·시스템·자료에서 발생한 이슈 분석 및 조치
- 운영 기준과 체크리스트 개선
- 결과 데이터 또는 피드백을 반영한 품질 개선","- 신입 조건에 맞는 관련 실무 경험 또는 역량 보유
- 게임 엔진, 게임 로직, 빌드, 버그 수정에 필요한 도구·절차를 이해하고 실무 적용이 가능한 분
- 업무 내용을 정확히 기록하고 일정에 맞춰 결과물을 제출할 수 있는 분
- 유관 부서와 원활하게 소통하며 협업할 수 있는 분
- 근무지 출퇴근 및 직무 수행이 가능한 분","- 정보처리기사 보유자
- 정보처리산업기사 보유자
- 게임 엔진, 게임 로직, 빌드, 버그 수정 관련 프로젝트 또는 현장 수행 경험
- 업무용 문서·보고서 작성 및 이력 관리 경험
- 유관 부서·외부 협력사와의 일정 조율 경험","- 지원서 또는 제출서류를 허위로 기재한 경우
- 채용 과정에서 요구한 증빙서류를 제출하지 못한 경우
- 채용검진 결과 직무 수행이 어렵다고 판단되는 경우
- 해외여행 및 근무에 결격사유가 있는 경우
- 관련 법령 또는 내부 인사규정상 채용이 불가능한 경우",서류전형 > 실무면접 > 최종면접
2242,게임개발자 실무자 채용,14,225,20260306,20260328,8,경력,계약직,경기도,전문학사 이상,"게임개발자 포지션은 게임 클라이언트·서버 또는 콘텐츠 기능을 개발 역할입니다. 담당 업무의 목표와 우선순위를 명확히 설정하고, 일정과 품질 기준을 함께 관리합니다.

게임 엔진, 게임 로직, 빌드, 버그 수정를 중심으로 실무를 수행하며, 요구사항과 결과물을 문서화해 업무 흐름이 누락되지 않도록 합니다.

기획·운영·현장 담당자 및 외부 협력 파트너와 수시로 협업합니다. 변경 사항은 영향 범위를 검토한 뒤 대안을 제시하고 합의된 방식으로 반영합니다.

문제 발생 시 사실관계와 원인을 먼저 확인하고, 재발 방지 방안을 업무 절차에 반영합니다. 입사 후에는 담당 영역의 실행력을 높이고, 정확성·일정 준수·이용자 관점의 완성도를 중요한 기준으로 삼습니다.","- 게임 엔진, 게임 로직, 빌드, 버그 수정 관련 업무 계획 수립 및 실행
- 담당 과제의 일정·진행 현황 관리
- 업무 산출물 작성 및 검토 이력 관리
- 유관 부서 및 외부 협력 대상과 실무 조율
- 현장·시스템·자료에서 발생한 이슈 분석 및 조치
- 운영 기준과 체크리스트 개선
- 결과 데이터 또는 피드백을 반영한 품질 개선","- 경력 조건에 맞는 관련 실무 경험 또는 역량 보유
- 게임 엔진, 게임 로직, 빌드, 버그 수정에 필요한 도구·절차를 이해하고 실무 적용이 가능한 분
- 업무 내용을 정확히 기록하고 일정에 맞춰 결과물을 제출할 수 있는 분
- 유관 부서와 원활하게 소통하며 협업할 수 있는 분
- 근무지 출퇴근 및 직무 수행이 가능한 분","- 정보처리기사 보유자
- 정보처리산업기사 보유자
- 게임 엔진, 게임 로직, 빌드, 버그 수정 관련 프로젝트 또는 현장 수행 경험
- 업무용 문서·보고서 작성 및 이력 관리 경험
- 유관 부서·외부 협력사와의 일정 조율 경험","- 지원서 또는 제출서류를 허위로 기재한 경우
- 채용 과정에서 요구한 증빙서류를 제출하지 못한 경우
- 채용검진 결과 직무 수행이 어렵다고 판단되는 경우
- 해외여행 및 근무에 결격사유가 있는 경우
- 관련 법령 또는 내부 인사규정상 채용이 불가능한 경우",서류전형 > 인성검사 > 실무면접 > 최종면접
2243,게임개발자 전문인력 채용,18,225,20260411,20260506,10,신입·경력,정규직,인천광역시,학사 이상,"게임개발자 포지션은 게임 클라이언트·서버 또는 콘텐츠 기능을 개발 역할입니다. 담당 업무의 목표와 우선순위를 명확히 설정하고, 일정과 품질 기준을 함께 관리합니다.

게임 엔진, 게임 로직, 빌드, 버그 수정를 중심으로 실무를 수행하며, 요구사항과 결과물을 문서화해 업무 흐름이 누락되지 않도록 합니다.

기획·운영·현장 담당자 및 외부 협력 파트너와 수시로 협업합니다. 변경 사항은 영향 범위를 검토한 뒤 대안을 제시하고 합의된 방식으로 반영합니다.

문제 발생 시 사실관계와 원인을 먼저 확인하고, 재발 방지 방안을 업무 절차에 반영합니다. 입사 후에는 담당 영역의 실행력을 높이고, 정확성·일정 준수·이용자 관점의 완성도를 중요한 기준으로 삼습니다.","- 게임 엔진, 게임 로직, 빌드, 버그 수정 관련 업무 계획 수립 및 실행
- 담당 과제의 일정·진행 현황 관리
- 업무 산출물 작성 및 검토 이력 관리
- 유관 부서 및 외부 협력 대상과 실무 조율
- 현장·시스템·자료에서 발생한 이슈 분석 및 조치
- 운영 기준과 체크리스트 개선
- 결과 데이터 또는 피드백을 반영한 품질 개선","- 신입·경력 조건에 맞는 관련 실무 경험 또는 역량 보유
- 게임 엔진, 게임 로직, 빌드, 버그 수정에 필요한 도구·절차를 이해하고 실무 적용이 가능한 분
- 업무 내용을 정확히 기록하고 일정에 맞춰 결과물을 제출할 수 있는 분
- 유관 부서와 원활하게 소통하며 협업할 수 있는 분
- 근무지 출퇴근 및 직무 수행이 가능한 분","- 정보처리기사 보유자
- 정보처리산업기사 보유자
- 게임 엔진, 게임 로직, 빌드, 버그 수정 관련 프로젝트 또는 현장 수행 경험
- 업무용 문서·보고서 작성 및 이력 관리 경험
- 유관 부서·외부 협력사와의 일정 조율 경험","- 지원서 또는 제출서류를 허위로 기재한 경우
- 채용 과정에서 요구한 증빙서류를 제출하지 못한 경우
- 채용검진 결과 직무 수행이 어렵다고 판단되는 경우
- 해외여행 및 근무에 결격사유가 있는 경우
- 관련 법령 또는 내부 인사규정상 채용이 불가능한 경우",서류전형 > 직무과제 > 실무면접 > 처우협의
2244,게임개발자 운영 담당 채용,135,225,20260516,20260613,12,경력 2년 이상,정규직,대전광역시,학사 이상,"게임개발자 포지션은 게임 클라이언트·서버 또는 콘텐츠 기능을 개발 역할입니다. 담당 업무의 목표와 우선순위를 명확히 설정하고, 일정과 품질 기준을 함께 관리합니다.

게임 엔진, 게임 로직, 빌드, 버그 수정를 중심으로 실무를 수행하며, 요구사항과 결과물을 문서화해 업무 흐름이 누락되지 않도록 합니다.

기획·운영·현장 담당자 및 외부 협력 파트너와 수시로 협업합니다. 변경 사항은 영향 범위를 검토한 뒤 대안을 제시하고 합의된 방식으로 반영합니다.

문제 발생 시 사실관계와 원인을 먼저 확인하고, 재발 방지 방안을 업무 절차에 반영합니다. 입사 후에는 담당 영역의 실행력을 높이고, 정확성·일정 준수·이용자 관점의 완성도를 중요한 기준으로 삼습니다.","- 게임 엔진, 게임 로직, 빌드, 버그 수정 관련 업무 계획 수립 및 실행
- 담당 과제의 일정·진행 현황 관리
- 업무 산출물 작성 및 검토 이력 관리
- 유관 부서 및 외부 협력 대상과 실무 조율
- 현장·시스템·자료에서 발생한 이슈 분석 및 조치
- 운영 기준과 체크리스트 개선
- 결과 데이터 또는 피드백을 반영한 품질 개선","- 경력 2년 이상 조건에 맞는 관련 실무 경험 또는 역량 보유
- 게임 엔진, 게임 로직, 빌드, 버그 수정에 필요한 도구·절차를 이해하고 실무 적용이 가능한 분
- 업무 내용을 정확히 기록하고 일정에 맞춰 결과물을 제출할 수 있는 분
- 유관 부서와 원활하게 소통하며 협업할 수 있는 분
- 근무지 출퇴근 및 직무 수행이 가능한 분","- 정보처리기사 보유자
- 정보처리산업기사 보유자
- 게임 엔진, 게임 로직, 빌드, 버그 수정 관련 프로젝트 또는 현장 수행 경험
- 업무용 문서·보고서 작성 및 이력 관리 경험
- 유관 부서·외부 협력사와의 일정 조율 경험","- 지원서 또는 제출서류를 허위로 기재한 경우
- 채용 과정에서 요구한 증빙서류를 제출하지 못한 경우
- 채용검진 결과 직무 수행이 어렵다고 판단되는 경우
- 해외여행 및 근무에 결격사유가 있는 경우
- 관련 법령 또는 내부 인사규정상 채용이 불가능한 경우",서류전형 > 1차면접 > 2차면접 > 채용검진
2245,게임개발자 프로젝트 인재 모집,32,225,20260621,20260722,14,경력 3년 이상,무기계약직,부산광역시,학력무관,"게임개발자 포지션은 게임 클라이언트·서버 또는 콘텐츠 기능을 개발 역할입니다. 담당 업무의 목표와 우선순위를 명확히 설정하고, 일정과 품질 기준을 함께 관리합니다.

게임 엔진, 게임 로직, 빌드, 버그 수정를 중심으로 실무를 수행하며, 요구사항과 결과물을 문서화해 업무 흐름이 누락되지 않도록 합니다.

기획·운영·현장 담당자 및 외부 협력 파트너와 수시로 협업합니다. 변경 사항은 영향 범위를 검토한 뒤 대안을 제시하고 합의된 방식으로 반영합니다.

문제 발생 시 사실관계와 원인을 먼저 확인하고, 재발 방지 방안을 업무 절차에 반영합니다. 입사 후에는 담당 영역의 실행력을 높이고, 정확성·일정 준수·이용자 관점의 완성도를 중요한 기준으로 삼습니다.","- 게임 엔진, 게임 로직, 빌드, 버그 수정 관련 업무 계획 수립 및 실행
- 담당 과제의 일정·진행 현황 관리
- 업무 산출물 작성 및 검토 이력 관리
- 유관 부서 및 외부 협력 대상과 실무 조율
- 현장·시스템·자료에서 발생한 이슈 분석 및 조치
- 운영 기준과 체크리스트 개선
- 결과 데이터 또는 피드백을 반영한 품질 개선","- 경력 3년 이상 조건에 맞는 관련 실무 경험 또는 역량 보유
- 게임 엔진, 게임 로직, 빌드, 버그 수정에 필요한 도구·절차를 이해하고 실무 적용이 가능한 분
- 업무 내용을 정확히 기록하고 일정에 맞춰 결과물을 제출할 수 있는 분
- 유관 부서와 원활하게 소통하며 협업할 수 있는 분
- 근무지 출퇴근 및 직무 수행이 가능한 분","- 정보처리기사 보유자
- 정보처리산업기사 보유자
- 게임 엔진, 게임 로직, 빌드, 버그 수정 관련 프로젝트 또는 현장 수행 경험
- 업무용 문서·보고서 작성 및 이력 관리 경험
- 유관 부서·외부 협력사와의 일정 조율 경험","- 지원서 또는 제출서류를 허위로 기재한 경우
- 채용 과정에서 요구한 증빙서류를 제출하지 못한 경우
- 채용검진 결과 직무 수행이 어렵다고 판단되는 경우
- 해외여행 및 근무에 결격사유가 있는 경우
- 관련 법령 또는 내부 인사규정상 채용이 불가능한 경우",서류전형 > 실무면접 > 최종면접
2246,게임개발자 전담 인력 채용,96,225,20260701,20260804,16,경력 무관,기간제,광주광역시,전문학사 이상,"게임개발자 포지션은 게임 클라이언트·서버 또는 콘텐츠 기능을 개발 역할입니다. 담당 업무의 목표와 우선순위를 명확히 설정하고, 일정과 품질 기준을 함께 관리합니다.

게임 엔진, 게임 로직, 빌드, 버그 수정를 중심으로 실무를 수행하며, 요구사항과 결과물을 문서화해 업무 흐름이 누락되지 않도록 합니다.

기획·운영·현장 담당자 및 외부 협력 파트너와 수시로 협업합니다. 변경 사항은 영향 범위를 검토한 뒤 대안을 제시하고 합의된 방식으로 반영합니다.

문제 발생 시 사실관계와 원인을 먼저 확인하고, 재발 방지 방안을 업무 절차에 반영합니다. 입사 후에는 담당 영역의 실행력을 높이고, 정확성·일정 준수·이용자 관점의 완성도를 중요한 기준으로 삼습니다.","- 게임 엔진, 게임 로직, 빌드, 버그 수정 관련 업무 계획 수립 및 실행
- 담당 과제의 일정·진행 현황 관리
- 업무 산출물 작성 및 검토 이력 관리
- 유관 부서 및 외부 협력 대상과 실무 조율
- 현장·시스템·자료에서 발생한 이슈 분석 및 조치
- 운영 기준과 체크리스트 개선
- 결과 데이터 또는 피드백을 반영한 품질 개선","- 경력 무관 조건에 맞는 관련 실무 경험 또는 역량 보유
- 게임 엔진, 게임 로직, 빌드, 버그 수정에 필요한 도구·절차를 이해하고 실무 적용이 가능한 분
- 업무 내용을 정확히 기록하고 일정에 맞춰 결과물을 제출할 수 있는 분
- 유관 부서와 원활하게 소통하며 협업할 수 있는 분
- 근무지 출퇴근 및 직무 수행이 가능한 분","- 정보처리기사 보유자
- 정보처리산업기사 보유자
- 게임 엔진, 게임 로직, 빌드, 버그 수정 관련 프로젝트 또는 현장 수행 경험
- 업무용 문서·보고서 작성 및 이력 관리 경험
- 유관 부서·외부 협력사와의 일정 조율 경험","- 지원서 또는 제출서류를 허위로 기재한 경우
- 채용 과정에서 요구한 증빙서류를 제출하지 못한 경우
- 채용검진 결과 직무 수행이 어렵다고 판단되는 경우
- 해외여행 및 근무에 결격사유가 있는 경우
- 관련 법령 또는 내부 인사규정상 채용이 불가능한 경우",서류전형 > 인성검사 > 실무면접 > 최종면접
2247,게임개발자 실무 인재 모집,0,225,20260806,20260912,18,경력 5년 이상,정규직,세종특별자치시,학사 이상,"게임개발자 포지션은 게임 클라이언트·서버 또는 콘텐츠 기능을 개발 역할입니다. 담당 업무의 목표와 우선순위를 명확히 설정하고, 일정과 품질 기준을 함께 관리합니다.

게임 엔진, 게임 로직, 빌드, 버그 수정를 중심으로 실무를 수행하며, 요구사항과 결과물을 문서화해 업무 흐름이 누락되지 않도록 합니다.

기획·운영·현장 담당자 및 외부 협력 파트너와 수시로 협업합니다. 변경 사항은 영향 범위를 검토한 뒤 대안을 제시하고 합의된 방식으로 반영합니다.

문제 발생 시 사실관계와 원인을 먼저 확인하고, 재발 방지 방안을 업무 절차에 반영합니다. 입사 후에는 담당 영역의 실행력을 높이고, 정확성·일정 준수·이용자 관점의 완성도를 중요한 기준으로 삼습니다.","- 게임 엔진, 게임 로직, 빌드, 버그 수정 관련 업무 계획 수립 및 실행
- 담당 과제의 일정·진행 현황 관리
- 업무 산출물 작성 및 검토 이력 관리
- 유관 부서 및 외부 협력 대상과 실무 조율
- 현장·시스템·자료에서 발생한 이슈 분석 및 조치
- 운영 기준과 체크리스트 개선
- 결과 데이터 또는 피드백을 반영한 품질 개선","- 경력 5년 이상 조건에 맞는 관련 실무 경험 또는 역량 보유
- 게임 엔진, 게임 로직, 빌드, 버그 수정에 필요한 도구·절차를 이해하고 실무 적용이 가능한 분
- 업무 내용을 정확히 기록하고 일정에 맞춰 결과물을 제출할 수 있는 분
- 유관 부서와 원활하게 소통하며 협업할 수 있는 분
- 근무지 출퇴근 및 직무 수행이 가능한 분","- 정보처리기사 보유자
- 정보처리산업기사 보유자
- 게임 엔진, 게임 로직, 빌드, 버그 수정 관련 프로젝트 또는 현장 수행 경험
- 업무용 문서·보고서 작성 및 이력 관리 경험
- 유관 부서·외부 협력사와의 일정 조율 경험","- 지원서 또는 제출서류를 허위로 기재한 경우
- 채용 과정에서 요구한 증빙서류를 제출하지 못한 경우
- 채용검진 결과 직무 수행이 어렵다고 판단되는 경우
- 해외여행 및 근무에 결격사유가 있는 경우
- 관련 법령 또는 내부 인사규정상 채용이 불가능한 경우",서류전형 > 직무과제 > 실무면접 > 처우협의
2248,게임개발자 담당자 공개채용,43,225,20260911,20261021,20,신입·경력,계약직,충청남도,학력무관,"게임개발자 포지션은 게임 클라이언트·서버 또는 콘텐츠 기능을 개발 역할입니다. 담당 업무의 목표와 우선순위를 명확히 설정하고, 일정과 품질 기준을 함께 관리합니다.

게임 엔진, 게임 로직, 빌드, 버그 수정를 중심으로 실무를 수행하며, 요구사항과 결과물을 문서화해 업무 흐름이 누락되지 않도록 합니다.

기획·운영·현장 담당자 및 외부 협력 파트너와 수시로 협업합니다. 변경 사항은 영향 범위를 검토한 뒤 대안을 제시하고 합의된 방식으로 반영합니다.

문제 발생 시 사실관계와 원인을 먼저 확인하고, 재발 방지 방안을 업무 절차에 반영합니다. 입사 후에는 담당 영역의 실행력을 높이고, 정확성·일정 준수·이용자 관점의 완성도를 중요한 기준으로 삼습니다.","- 게임 엔진, 게임 로직, 빌드, 버그 수정 관련 업무 계획 수립 및 실행
- 담당 과제의 일정·진행 현황 관리
- 업무 산출물 작성 및 검토 이력 관리
- 유관 부서 및 외부 협력 대상과 실무 조율
- 현장·시스템·자료에서 발생한 이슈 분석 및 조치
- 운영 기준과 체크리스트 개선
- 결과 데이터 또는 피드백을 반영한 품질 개선","- 신입·경력 조건에 맞는 관련 실무 경험 또는 역량 보유
- 게임 엔진, 게임 로직, 빌드, 버그 수정에 필요한 도구·절차를 이해하고 실무 적용이 가능한 분
- 업무 내용을 정확히 기록하고 일정에 맞춰 결과물을 제출할 수 있는 분
- 유관 부서와 원활하게 소통하며 협업할 수 있는 분
- 근무지 출퇴근 및 직무 수행이 가능한 분","- 정보처리기사 보유자
- 정보처리산업기사 보유자
- 게임 엔진, 게임 로직, 빌드, 버그 수정 관련 프로젝트 또는 현장 수행 경험
- 업무용 문서·보고서 작성 및 이력 관리 경험
- 유관 부서·외부 협력사와의 일정 조율 경험","- 지원서 또는 제출서류를 허위로 기재한 경우
- 채용 과정에서 요구한 증빙서류를 제출하지 못한 경우
- 채용검진 결과 직무 수행이 어렵다고 판단되는 경우
- 해외여행 및 근무에 결격사유가 있는 경우
- 관련 법령 또는 내부 인사규정상 채용이 불가능한 경우",서류전형 > 1차면접 > 2차면접 > 채용검진
2249,게임개발자 정규직 모집,111,225,20261016,20261128,2,경력 2년 이상,정규직,경상남도,학사 이상,"게임개발자 포지션은 게임 클라이언트·서버 또는 콘텐츠 기능을 개발 역할입니다. 담당 업무의 목표와 우선순위를 명확히 설정하고, 일정과 품질 기준을 함께 관리합니다.

게임 엔진, 게임 로직, 빌드, 버그 수정를 중심으로 실무를 수행하며, 요구사항과 결과물을 문서화해 업무 흐름이 누락되지 않도록 합니다.

기획·운영·현장 담당자 및 외부 협력 파트너와 수시로 협업합니다. 변경 사항은 영향 범위를 검토한 뒤 대안을 제시하고 합의된 방식으로 반영합니다.

문제 발생 시 사실관계와 원인을 먼저 확인하고, 재발 방지 방안을 업무 절차에 반영합니다. 입사 후에는 담당 영역의 실행력을 높이고, 정확성·일정 준수·이용자 관점의 완성도를 중요한 기준으로 삼습니다.","- 게임 엔진, 게임 로직, 빌드, 버그 수정 관련 업무 계획 수립 및 실행
- 담당 과제의 일정·진행 현황 관리
- 업무 산출물 작성 및 검토 이력 관리
- 유관 부서 및 외부 협력 대상과 실무 조율
- 현장·시스템·자료에서 발생한 이슈 분석 및 조치
- 운영 기준과 체크리스트 개선
- 결과 데이터 또는 피드백을 반영한 품질 개선","- 경력 2년 이상 조건에 맞는 관련 실무 경험 또는 역량 보유
- 게임 엔진, 게임 로직, 빌드, 버그 수정에 필요한 도구·절차를 이해하고 실무 적용이 가능한 분
- 업무 내용을 정확히 기록하고 일정에 맞춰 결과물을 제출할 수 있는 분
- 유관 부서와 원활하게 소통하며 협업할 수 있는 분
- 근무지 출퇴근 및 직무 수행이 가능한 분","- 정보처리기사 보유자
- 정보처리산업기사 보유자
- 게임 엔진, 게임 로직, 빌드, 버그 수정 관련 프로젝트 또는 현장 수행 경험
- 업무용 문서·보고서 작성 및 이력 관리 경험
- 유관 부서·외부 협력사와의 일정 조율 경험","- 지원서 또는 제출서류를 허위로 기재한 경우
- 채용 과정에서 요구한 증빙서류를 제출하지 못한 경우
- 채용검진 결과 직무 수행이 어렵다고 판단되는 경우
- 해외여행 및 근무에 결격사유가 있는 경우
- 관련 법령 또는 내부 인사규정상 채용이 불가능한 경우",서류전형 > 실무면접 > 최종면접
2250,게임개발자 채용,90,225,20260221,20260303,4,경력,정규직,전북특별자치도,전문학사 이상,"게임개발자 포지션은 게임 클라이언트·서버 또는 콘텐츠 기능을 개발 역할입니다. 담당 업무의 목표와 우선순위를 명확히 설정하고, 일정과 품질 기준을 함께 관리합니다.

게임 엔진, 게임 로직, 빌드, 버그 수정를 중심으로 실무를 수행하며, 요구사항과 결과물을 문서화해 업무 흐름이 누락되지 않도록 합니다.

기획·운영·현장 담당자 및 외부 협력 파트너와 수시로 협업합니다. 변경 사항은 영향 범위를 검토한 뒤 대안을 제시하고 합의된 방식으로 반영합니다.

문제 발생 시 사실관계와 원인을 먼저 확인하고, 재발 방지 방안을 업무 절차에 반영합니다. 입사 후에는 담당 영역의 실행력을 높이고, 정확성·일정 준수·이용자 관점의 완성도를 중요한 기준으로 삼습니다.","- 게임 엔진, 게임 로직, 빌드, 버그 수정 관련 업무 계획 수립 및 실행
- 담당 과제의 일정·진행 현황 관리
- 업무 산출물 작성 및 검토 이력 관리
- 유관 부서 및 외부 협력 대상과 실무 조율
- 현장·시스템·자료에서 발생한 이슈 분석 및 조치
- 운영 기준과 체크리스트 개선
- 결과 데이터 또는 피드백을 반영한 품질 개선","- 경력 조건에 맞는 관련 실무 경험 또는 역량 보유
- 게임 엔진, 게임 로직, 빌드, 버그 수정에 필요한 도구·절차를 이해하고 실무 적용이 가능한 분
- 업무 내용을 정확히 기록하고 일정에 맞춰 결과물을 제출할 수 있는 분
- 유관 부서와 원활하게 소통하며 협업할 수 있는 분
- 근무지 출퇴근 및 직무 수행이 가능한 분","- 정보처리기사 보유자
- 정보처리산업기사 보유자
- 게임 엔진, 게임 로직, 빌드, 버그 수정 관련 프로젝트 또는 현장 수행 경험
- 업무용 문서·보고서 작성 및 이력 관리 경험
- 유관 부서·외부 협력사와의 일정 조율 경험","- 지원서 또는 제출서류를 허위로 기재한 경우
- 채용 과정에서 요구한 증빙서류를 제출하지 못한 경우
- 채용검진 결과 직무 수행이 어렵다고 판단되는 경우
- 해외여행 및 근무에 결격사유가 있는 경우
- 관련 법령 또는 내부 인사규정상 채용이 불가능한 경우",서류전형 > 인성검사 > 실무면접 > 최종면접
2251,하드웨어개발자 담당자 모집,37,226,20260304,20260324,7,신입,정규직,서울특별시,학력무관,"하드웨어개발자 포지션은 전자 하드웨어의 설계·검증·양산 이관을 수행 역할입니다. 담당 업무의 목표와 우선순위를 명확히 설정하고, 일정과 품질 기준을 함께 관리합니다.

회로도, PCB, 계측 장비, 시험 성적서를 중심으로 실무를 수행하며, 요구사항과 결과물을 문서화해 업무 흐름이 누락되지 않도록 합니다.

기획·운영·현장 담당자 및 외부 협력 파트너와 수시로 협업합니다. 변경 사항은 영향 범위를 검토한 뒤 대안을 제시하고 합의된 방식으로 반영합니다.

문제 발생 시 사실관계와 원인을 먼저 확인하고, 재발 방지 방안을 업무 절차에 반영합니다. 입사 후에는 담당 영역의 실행력을 높이고, 정확성·일정 준수·이용자 관점의 완성도를 중요한 기준으로 삼습니다.","- 회로도, PCB, 계측 장비, 시험 성적서 관련 업무 계획 수립 및 실행
- 담당 과제의 일정·진행 현황 관리
- 업무 산출물 작성 및 검토 이력 관리
- 유관 부서 및 외부 협력 대상과 실무 조율
- 현장·시스템·자료에서 발생한 이슈 분석 및 조치
- 운영 기준과 체크리스트 개선
- 결과 데이터 또는 피드백을 반영한 품질 개선","- 신입 조건에 맞는 관련 실무 경험 또는 역량 보유
- 회로도, PCB, 계측 장비, 시험 성적서에 필요한 도구·절차를 이해하고 실무 적용이 가능한 분
- 업무 내용을 정확히 기록하고 일정에 맞춰 결과물을 제출할 수 있는 분
- 유관 부서와 원활하게 소통하며 협업할 수 있는 분
- 근무지 출퇴근 및 직무 수행이 가능한 분","- 전자기사 보유자
- 정보통신기사 보유자
- 회로도, PCB, 계측 장비, 시험 성적서 관련 프로젝트 또는 현장 수행 경험
- 업무용 문서·보고서 작성 및 이력 관리 경험
- 유관 부서·외부 협력사와의 일정 조율 경험","- 지원서 또는 제출서류를 허위로 기재한 경우
- 채용 과정에서 요구한 증빙서류를 제출하지 못한 경우
- 채용검진 결과 직무 수행이 어렵다고 판단되는 경우
- 해외여행 및 근무에 결격사유가 있는 경우
- 관련 법령 또는 내부 인사규정상 채용이 불가능한 경우",서류전형 > 실무면접 > 최종면접
2252,하드웨어개발자 실무자 채용,53,226,20260409,20260502,9,경력,계약직,경기도,전문학사 이상,"하드웨어개발자 포지션은 전자 하드웨어의 설계·검증·양산 이관을 수행 역할입니다. 담당 업무의 목표와 우선순위를 명확히 설정하고, 일정과 품질 기준을 함께 관리합니다.

회로도, PCB, 계측 장비, 시험 성적서를 중심으로 실무를 수행하며, 요구사항과 결과물을 문서화해 업무 흐름이 누락되지 않도록 합니다.

기획·운영·현장 담당자 및 외부 협력 파트너와 수시로 협업합니다. 변경 사항은 영향 범위를 검토한 뒤 대안을 제시하고 합의된 방식으로 반영합니다.

문제 발생 시 사실관계와 원인을 먼저 확인하고, 재발 방지 방안을 업무 절차에 반영합니다. 입사 후에는 담당 영역의 실행력을 높이고, 정확성·일정 준수·이용자 관점의 완성도를 중요한 기준으로 삼습니다.","- 회로도, PCB, 계측 장비, 시험 성적서 관련 업무 계획 수립 및 실행
- 담당 과제의 일정·진행 현황 관리
- 업무 산출물 작성 및 검토 이력 관리
- 유관 부서 및 외부 협력 대상과 실무 조율
- 현장·시스템·자료에서 발생한 이슈 분석 및 조치
- 운영 기준과 체크리스트 개선
- 결과 데이터 또는 피드백을 반영한 품질 개선","- 경력 조건에 맞는 관련 실무 경험 또는 역량 보유
- 회로도, PCB, 계측 장비, 시험 성적서에 필요한 도구·절차를 이해하고 실무 적용이 가능한 분
- 업무 내용을 정확히 기록하고 일정에 맞춰 결과물을 제출할 수 있는 분
- 유관 부서와 원활하게 소통하며 협업할 수 있는 분
- 근무지 출퇴근 및 직무 수행이 가능한 분","- 전자기사 보유자
- 정보통신기사 보유자
- 회로도, PCB, 계측 장비, 시험 성적서 관련 프로젝트 또는 현장 수행 경험
- 업무용 문서·보고서 작성 및 이력 관리 경험
- 유관 부서·외부 협력사와의 일정 조율 경험","- 지원서 또는 제출서류를 허위로 기재한 경우
- 채용 과정에서 요구한 증빙서류를 제출하지 못한 경우
- 채용검진 결과 직무 수행이 어렵다고 판단되는 경우
- 해외여행 및 근무에 결격사유가 있는 경우
- 관련 법령 또는 내부 인사규정상 채용이 불가능한 경우",서류전형 > 인성검사 > 실무면접 > 최종면접
2253,하드웨어개발자 전문인력 채용,107,226,20260514,20260609,11,신입·경력,정규직,인천광역시,학사 이상,"하드웨어개발자 포지션은 전자 하드웨어의 설계·검증·양산 이관을 수행 역할입니다. 담당 업무의 목표와 우선순위를 명확히 설정하고, 일정과 품질 기준을 함께 관리합니다.

회로도, PCB, 계측 장비, 시험 성적서를 중심으로 실무를 수행하며, 요구사항과 결과물을 문서화해 업무 흐름이 누락되지 않도록 합니다.

기획·운영·현장 담당자 및 외부 협력 파트너와 수시로 협업합니다. 변경 사항은 영향 범위를 검토한 뒤 대안을 제시하고 합의된 방식으로 반영합니다.

문제 발생 시 사실관계와 원인을 먼저 확인하고, 재발 방지 방안을 업무 절차에 반영합니다. 입사 후에는 담당 영역의 실행력을 높이고, 정확성·일정 준수·이용자 관점의 완성도를 중요한 기준으로 삼습니다.","- 회로도, PCB, 계측 장비, 시험 성적서 관련 업무 계획 수립 및 실행
- 담당 과제의 일정·진행 현황 관리
- 업무 산출물 작성 및 검토 이력 관리
- 유관 부서 및 외부 협력 대상과 실무 조율
- 현장·시스템·자료에서 발생한 이슈 분석 및 조치
- 운영 기준과 체크리스트 개선
- 결과 데이터 또는 피드백을 반영한 품질 개선","- 신입·경력 조건에 맞는 관련 실무 경험 또는 역량 보유
- 회로도, PCB, 계측 장비, 시험 성적서에 필요한 도구·절차를 이해하고 실무 적용이 가능한 분
- 업무 내용을 정확히 기록하고 일정에 맞춰 결과물을 제출할 수 있는 분
- 유관 부서와 원활하게 소통하며 협업할 수 있는 분
- 근무지 출퇴근 및 직무 수행이 가능한 분","- 전자기사 보유자
- 정보통신기사 보유자
- 회로도, PCB, 계측 장비, 시험 성적서 관련 프로젝트 또는 현장 수행 경험
- 업무용 문서·보고서 작성 및 이력 관리 경험
- 유관 부서·외부 협력사와의 일정 조율 경험","- 지원서 또는 제출서류를 허위로 기재한 경우
- 채용 과정에서 요구한 증빙서류를 제출하지 못한 경우
- 채용검진 결과 직무 수행이 어렵다고 판단되는 경우
- 해외여행 및 근무에 결격사유가 있는 경우
- 관련 법령 또는 내부 인사규정상 채용이 불가능한 경우",서류전형 > 직무과제 > 실무면접 > 처우협의
2254,하드웨어개발자 운영 담당 채용,111,226,20260619,20260718,13,경력 2년 이상,정규직,대전광역시,학사 이상,"하드웨어개발자 포지션은 전자 하드웨어의 설계·검증·양산 이관을 수행 역할입니다. 담당 업무의 목표와 우선순위를 명확히 설정하고, 일정과 품질 기준을 함께 관리합니다.

회로도, PCB, 계측 장비, 시험 성적서를 중심으로 실무를 수행하며, 요구사항과 결과물을 문서화해 업무 흐름이 누락되지 않도록 합니다.

기획·운영·현장 담당자 및 외부 협력 파트너와 수시로 협업합니다. 변경 사항은 영향 범위를 검토한 뒤 대안을 제시하고 합의된 방식으로 반영합니다.

문제 발생 시 사실관계와 원인을 먼저 확인하고, 재발 방지 방안을 업무 절차에 반영합니다. 입사 후에는 담당 영역의 실행력을 높이고, 정확성·일정 준수·이용자 관점의 완성도를 중요한 기준으로 삼습니다.","- 회로도, PCB, 계측 장비, 시험 성적서 관련 업무 계획 수립 및 실행
- 담당 과제의 일정·진행 현황 관리
- 업무 산출물 작성 및 검토 이력 관리
- 유관 부서 및 외부 협력 대상과 실무 조율
- 현장·시스템·자료에서 발생한 이슈 분석 및 조치
- 운영 기준과 체크리스트 개선
- 결과 데이터 또는 피드백을 반영한 품질 개선","- 경력 2년 이상 조건에 맞는 관련 실무 경험 또는 역량 보유
- 회로도, PCB, 계측 장비, 시험 성적서에 필요한 도구·절차를 이해하고 실무 적용이 가능한 분
- 업무 내용을 정확히 기록하고 일정에 맞춰 결과물을 제출할 수 있는 분
- 유관 부서와 원활하게 소통하며 협업할 수 있는 분
- 근무지 출퇴근 및 직무 수행이 가능한 분","- 전자기사 보유자
- 정보통신기사 보유자
- 회로도, PCB, 계측 장비, 시험 성적서 관련 프로젝트 또는 현장 수행 경험
- 업무용 문서·보고서 작성 및 이력 관리 경험
- 유관 부서·외부 협력사와의 일정 조율 경험","- 지원서 또는 제출서류를 허위로 기재한 경우
- 채용 과정에서 요구한 증빙서류를 제출하지 못한 경우
- 채용검진 결과 직무 수행이 어렵다고 판단되는 경우
- 해외여행 및 근무에 결격사유가 있는 경우
- 관련 법령 또는 내부 인사규정상 채용이 불가능한 경우",서류전형 > 1차면접 > 2차면접 > 채용검진
2255,하드웨어개발자 프로젝트 인재 모집,77,226,20260724,20260825,15,경력 3년 이상,무기계약직,부산광역시,학력무관,"하드웨어개발자 포지션은 전자 하드웨어의 설계·검증·양산 이관을 수행 역할입니다. 담당 업무의 목표와 우선순위를 명확히 설정하고, 일정과 품질 기준을 함께 관리합니다.

회로도, PCB, 계측 장비, 시험 성적서를 중심으로 실무를 수행하며, 요구사항과 결과물을 문서화해 업무 흐름이 누락되지 않도록 합니다.

기획·운영·현장 담당자 및 외부 협력 파트너와 수시로 협업합니다. 변경 사항은 영향 범위를 검토한 뒤 대안을 제시하고 합의된 방식으로 반영합니다.

문제 발생 시 사실관계와 원인을 먼저 확인하고, 재발 방지 방안을 업무 절차에 반영합니다. 입사 후에는 담당 영역의 실행력을 높이고, 정확성·일정 준수·이용자 관점의 완성도를 중요한 기준으로 삼습니다.","- 회로도, PCB, 계측 장비, 시험 성적서 관련 업무 계획 수립 및 실행
- 담당 과제의 일정·진행 현황 관리
- 업무 산출물 작성 및 검토 이력 관리
- 유관 부서 및 외부 협력 대상과 실무 조율
- 현장·시스템·자료에서 발생한 이슈 분석 및 조치
- 운영 기준과 체크리스트 개선
- 결과 데이터 또는 피드백을 반영한 품질 개선","- 경력 3년 이상 조건에 맞는 관련 실무 경험 또는 역량 보유
- 회로도, PCB, 계측 장비, 시험 성적서에 필요한 도구·절차를 이해하고 실무 적용이 가능한 분
- 업무 내용을 정확히 기록하고 일정에 맞춰 결과물을 제출할 수 있는 분
- 유관 부서와 원활하게 소통하며 협업할 수 있는 분
- 근무지 출퇴근 및 직무 수행이 가능한 분","- 전자기사 보유자
- 정보통신기사 보유자
- 회로도, PCB, 계측 장비, 시험 성적서 관련 프로젝트 또는 현장 수행 경험
- 업무용 문서·보고서 작성 및 이력 관리 경험
- 유관 부서·외부 협력사와의 일정 조율 경험","- 지원서 또는 제출서류를 허위로 기재한 경우
- 채용 과정에서 요구한 증빙서류를 제출하지 못한 경우
- 채용검진 결과 직무 수행이 어렵다고 판단되는 경우
- 해외여행 및 근무에 결격사유가 있는 경우
- 관련 법령 또는 내부 인사규정상 채용이 불가능한 경우",서류전형 > 실무면접 > 최종면접
2256,하드웨어개발자 전담 인력 채용,108,226,20260804,20260908,17,경력 무관,기간제,광주광역시,전문학사 이상,"하드웨어개발자 포지션은 전자 하드웨어의 설계·검증·양산 이관을 수행 역할입니다. 담당 업무의 목표와 우선순위를 명확히 설정하고, 일정과 품질 기준을 함께 관리합니다.

회로도, PCB, 계측 장비, 시험 성적서를 중심으로 실무를 수행하며, 요구사항과 결과물을 문서화해 업무 흐름이 누락되지 않도록 합니다.

기획·운영·현장 담당자 및 외부 협력 파트너와 수시로 협업합니다. 변경 사항은 영향 범위를 검토한 뒤 대안을 제시하고 합의된 방식으로 반영합니다.

문제 발생 시 사실관계와 원인을 먼저 확인하고, 재발 방지 방안을 업무 절차에 반영합니다. 입사 후에는 담당 영역의 실행력을 높이고, 정확성·일정 준수·이용자 관점의 완성도를 중요한 기준으로 삼습니다.","- 회로도, PCB, 계측 장비, 시험 성적서 관련 업무 계획 수립 및 실행
- 담당 과제의 일정·진행 현황 관리
- 업무 산출물 작성 및 검토 이력 관리
- 유관 부서 및 외부 협력 대상과 실무 조율
- 현장·시스템·자료에서 발생한 이슈 분석 및 조치
- 운영 기준과 체크리스트 개선
- 결과 데이터 또는 피드백을 반영한 품질 개선","- 경력 무관 조건에 맞는 관련 실무 경험 또는 역량 보유
- 회로도, PCB, 계측 장비, 시험 성적서에 필요한 도구·절차를 이해하고 실무 적용이 가능한 분
- 업무 내용을 정확히 기록하고 일정에 맞춰 결과물을 제출할 수 있는 분
- 유관 부서와 원활하게 소통하며 협업할 수 있는 분
- 근무지 출퇴근 및 직무 수행이 가능한 분","- 전자기사 보유자
- 정보통신기사 보유자
- 회로도, PCB, 계측 장비, 시험 성적서 관련 프로젝트 또는 현장 수행 경험
- 업무용 문서·보고서 작성 및 이력 관리 경험
- 유관 부서·외부 협력사와의 일정 조율 경험","- 지원서 또는 제출서류를 허위로 기재한 경우
- 채용 과정에서 요구한 증빙서류를 제출하지 못한 경우
- 채용검진 결과 직무 수행이 어렵다고 판단되는 경우
- 해외여행 및 근무에 결격사유가 있는 경우
- 관련 법령 또는 내부 인사규정상 채용이 불가능한 경우",서류전형 > 인성검사 > 실무면접 > 최종면접
2257,하드웨어개발자 실무 인재 모집,0,226,20260909,20261017,19,경력 5년 이상,정규직,세종특별자치시,학사 이상,"하드웨어개발자 포지션은 전자 하드웨어의 설계·검증·양산 이관을 수행 역할입니다. 담당 업무의 목표와 우선순위를 명확히 설정하고, 일정과 품질 기준을 함께 관리합니다.

회로도, PCB, 계측 장비, 시험 성적서를 중심으로 실무를 수행하며, 요구사항과 결과물을 문서화해 업무 흐름이 누락되지 않도록 합니다.

기획·운영·현장 담당자 및 외부 협력 파트너와 수시로 협업합니다. 변경 사항은 영향 범위를 검토한 뒤 대안을 제시하고 합의된 방식으로 반영합니다.

문제 발생 시 사실관계와 원인을 먼저 확인하고, 재발 방지 방안을 업무 절차에 반영합니다. 입사 후에는 담당 영역의 실행력을 높이고, 정확성·일정 준수·이용자 관점의 완성도를 중요한 기준으로 삼습니다.","- 회로도, PCB, 계측 장비, 시험 성적서 관련 업무 계획 수립 및 실행
- 담당 과제의 일정·진행 현황 관리
- 업무 산출물 작성 및 검토 이력 관리
- 유관 부서 및 외부 협력 대상과 실무 조율
- 현장·시스템·자료에서 발생한 이슈 분석 및 조치
- 운영 기준과 체크리스트 개선
- 결과 데이터 또는 피드백을 반영한 품질 개선","- 경력 5년 이상 조건에 맞는 관련 실무 경험 또는 역량 보유
- 회로도, PCB, 계측 장비, 시험 성적서에 필요한 도구·절차를 이해하고 실무 적용이 가능한 분
- 업무 내용을 정확히 기록하고 일정에 맞춰 결과물을 제출할 수 있는 분
- 유관 부서와 원활하게 소통하며 협업할 수 있는 분
- 근무지 출퇴근 및 직무 수행이 가능한 분","- 전자기사 보유자
- 정보통신기사 보유자
- 회로도, PCB, 계측 장비, 시험 성적서 관련 프로젝트 또는 현장 수행 경험
- 업무용 문서·보고서 작성 및 이력 관리 경험
- 유관 부서·외부 협력사와의 일정 조율 경험","- 지원서 또는 제출서류를 허위로 기재한 경우
- 채용 과정에서 요구한 증빙서류를 제출하지 못한 경우
- 채용검진 결과 직무 수행이 어렵다고 판단되는 경우
- 해외여행 및 근무에 결격사유가 있는 경우
- 관련 법령 또는 내부 인사규정상 채용이 불가능한 경우",서류전형 > 직무과제 > 실무면접 > 처우협의
2258,하드웨어개발자 담당자 공개채용,38,226,20261014,20261124,1,신입·경력,계약직,충청남도,학력무관,"하드웨어개발자 포지션은 전자 하드웨어의 설계·검증·양산 이관을 수행 역할입니다. 담당 업무의 목표와 우선순위를 명확히 설정하고, 일정과 품질 기준을 함께 관리합니다.

회로도, PCB, 계측 장비, 시험 성적서를 중심으로 실무를 수행하며, 요구사항과 결과물을 문서화해 업무 흐름이 누락되지 않도록 합니다.

기획·운영·현장 담당자 및 외부 협력 파트너와 수시로 협업합니다. 변경 사항은 영향 범위를 검토한 뒤 대안을 제시하고 합의된 방식으로 반영합니다.

문제 발생 시 사실관계와 원인을 먼저 확인하고, 재발 방지 방안을 업무 절차에 반영합니다. 입사 후에는 담당 영역의 실행력을 높이고, 정확성·일정 준수·이용자 관점의 완성도를 중요한 기준으로 삼습니다.","- 회로도, PCB, 계측 장비, 시험 성적서 관련 업무 계획 수립 및 실행
- 담당 과제의 일정·진행 현황 관리
- 업무 산출물 작성 및 검토 이력 관리
- 유관 부서 및 외부 협력 대상과 실무 조율
- 현장·시스템·자료에서 발생한 이슈 분석 및 조치
- 운영 기준과 체크리스트 개선
- 결과 데이터 또는 피드백을 반영한 품질 개선","- 신입·경력 조건에 맞는 관련 실무 경험 또는 역량 보유
- 회로도, PCB, 계측 장비, 시험 성적서에 필요한 도구·절차를 이해하고 실무 적용이 가능한 분
- 업무 내용을 정확히 기록하고 일정에 맞춰 결과물을 제출할 수 있는 분
- 유관 부서와 원활하게 소통하며 협업할 수 있는 분
- 근무지 출퇴근 및 직무 수행이 가능한 분","- 전자기사 보유자
- 정보통신기사 보유자
- 회로도, PCB, 계측 장비, 시험 성적서 관련 프로젝트 또는 현장 수행 경험
- 업무용 문서·보고서 작성 및 이력 관리 경험
- 유관 부서·외부 협력사와의 일정 조율 경험","- 지원서 또는 제출서류를 허위로 기재한 경우
- 채용 과정에서 요구한 증빙서류를 제출하지 못한 경우
- 채용검진 결과 직무 수행이 어렵다고 판단되는 경우
- 해외여행 및 근무에 결격사유가 있는 경우
- 관련 법령 또는 내부 인사규정상 채용이 불가능한 경우",서류전형 > 1차면접 > 2차면접 > 채용검진
2259,하드웨어개발자 정규직 모집,118,226,20260219,20260404,3,경력 2년 이상,정규직,경상남도,학사 이상,"하드웨어개발자 포지션은 전자 하드웨어의 설계·검증·양산 이관을 수행 역할입니다. 담당 업무의 목표와 우선순위를 명확히 설정하고, 일정과 품질 기준을 함께 관리합니다.

회로도, PCB, 계측 장비, 시험 성적서를 중심으로 실무를 수행하며, 요구사항과 결과물을 문서화해 업무 흐름이 누락되지 않도록 합니다.

기획·운영·현장 담당자 및 외부 협력 파트너와 수시로 협업합니다. 변경 사항은 영향 범위를 검토한 뒤 대안을 제시하고 합의된 방식으로 반영합니다.

문제 발생 시 사실관계와 원인을 먼저 확인하고, 재발 방지 방안을 업무 절차에 반영합니다. 입사 후에는 담당 영역의 실행력을 높이고, 정확성·일정 준수·이용자 관점의 완성도를 중요한 기준으로 삼습니다.","- 회로도, PCB, 계측 장비, 시험 성적서 관련 업무 계획 수립 및 실행
- 담당 과제의 일정·진행 현황 관리
- 업무 산출물 작성 및 검토 이력 관리
- 유관 부서 및 외부 협력 대상과 실무 조율
- 현장·시스템·자료에서 발생한 이슈 분석 및 조치
- 운영 기준과 체크리스트 개선
- 결과 데이터 또는 피드백을 반영한 품질 개선","- 경력 2년 이상 조건에 맞는 관련 실무 경험 또는 역량 보유
- 회로도, PCB, 계측 장비, 시험 성적서에 필요한 도구·절차를 이해하고 실무 적용이 가능한 분
- 업무 내용을 정확히 기록하고 일정에 맞춰 결과물을 제출할 수 있는 분
- 유관 부서와 원활하게 소통하며 협업할 수 있는 분
- 근무지 출퇴근 및 직무 수행이 가능한 분","- 전자기사 보유자
- 정보통신기사 보유자
- 회로도, PCB, 계측 장비, 시험 성적서 관련 프로젝트 또는 현장 수행 경험
- 업무용 문서·보고서 작성 및 이력 관리 경험
- 유관 부서·외부 협력사와의 일정 조율 경험","- 지원서 또는 제출서류를 허위로 기재한 경우
- 채용 과정에서 요구한 증빙서류를 제출하지 못한 경우
- 채용검진 결과 직무 수행이 어렵다고 판단되는 경우
- 해외여행 및 근무에 결격사유가 있는 경우
- 관련 법령 또는 내부 인사규정상 채용이 불가능한 경우",서류전형 > 실무면접 > 최종면접
2260,하드웨어개발자 채용,90,226,20260324,20260404,5,경력,정규직,전북특별자치도,전문학사 이상,"하드웨어개발자 포지션은 전자 하드웨어의 설계·검증·양산 이관을 수행 역할입니다. 담당 업무의 목표와 우선순위를 명확히 설정하고, 일정과 품질 기준을 함께 관리합니다.

회로도, PCB, 계측 장비, 시험 성적서를 중심으로 실무를 수행하며, 요구사항과 결과물을 문서화해 업무 흐름이 누락되지 않도록 합니다.

기획·운영·현장 담당자 및 외부 협력 파트너와 수시로 협업합니다. 변경 사항은 영향 범위를 검토한 뒤 대안을 제시하고 합의된 방식으로 반영합니다.

문제 발생 시 사실관계와 원인을 먼저 확인하고, 재발 방지 방안을 업무 절차에 반영합니다. 입사 후에는 담당 영역의 실행력을 높이고, 정확성·일정 준수·이용자 관점의 완성도를 중요한 기준으로 삼습니다.","- 회로도, PCB, 계측 장비, 시험 성적서 관련 업무 계획 수립 및 실행
- 담당 과제의 일정·진행 현황 관리
- 업무 산출물 작성 및 검토 이력 관리
- 유관 부서 및 외부 협력 대상과 실무 조율
- 현장·시스템·자료에서 발생한 이슈 분석 및 조치
- 운영 기준과 체크리스트 개선
- 결과 데이터 또는 피드백을 반영한 품질 개선","- 경력 조건에 맞는 관련 실무 경험 또는 역량 보유
- 회로도, PCB, 계측 장비, 시험 성적서에 필요한 도구·절차를 이해하고 실무 적용이 가능한 분
- 업무 내용을 정확히 기록하고 일정에 맞춰 결과물을 제출할 수 있는 분
- 유관 부서와 원활하게 소통하며 협업할 수 있는 분
- 근무지 출퇴근 및 직무 수행이 가능한 분","- 전자기사 보유자
- 정보통신기사 보유자
- 회로도, PCB, 계측 장비, 시험 성적서 관련 프로젝트 또는 현장 수행 경험
- 업무용 문서·보고서 작성 및 이력 관리 경험
- 유관 부서·외부 협력사와의 일정 조율 경험","- 지원서 또는 제출서류를 허위로 기재한 경우
- 채용 과정에서 요구한 증빙서류를 제출하지 못한 경우
- 채용검진 결과 직무 수행이 어렵다고 판단되는 경우
- 해외여행 및 근무에 결격사유가 있는 경우
- 관련 법령 또는 내부 인사규정상 채용이 불가능한 경우",서류전형 > 인성검사 > 실무면접 > 최종면접
2261,AI/ML엔지니어 담당자 모집,17,227,20260407,20260428,8,신입,정규직,서울특별시,학력무관,"AI/ML엔지니어 포지션은 AI 모델을 서비스 요구에 맞게 개발·고도화 역할입니다. 담당 업무의 목표와 우선순위를 명확히 설정하고, 일정과 품질 기준을 함께 관리합니다.

학습 데이터, 모델 코드, 추론 API, 성능 지표를 중심으로 실무를 수행하며, 요구사항과 결과물을 문서화해 업무 흐름이 누락되지 않도록 합니다.

기획·운영·현장 담당자 및 외부 협력 파트너와 수시로 협업합니다. 변경 사항은 영향 범위를 검토한 뒤 대안을 제시하고 합의된 방식으로 반영합니다.

문제 발생 시 사실관계와 원인을 먼저 확인하고, 재발 방지 방안을 업무 절차에 반영합니다. 입사 후에는 담당 영역의 실행력을 높이고, 정확성·일정 준수·이용자 관점의 완성도를 중요한 기준으로 삼습니다.","- 학습 데이터, 모델 코드, 추론 API, 성능 지표 관련 업무 계획 수립 및 실행
- 담당 과제의 일정·진행 현황 관리
- 업무 산출물 작성 및 검토 이력 관리
- 유관 부서 및 외부 협력 대상과 실무 조율
- 현장·시스템·자료에서 발생한 이슈 분석 및 조치
- 운영 기준과 체크리스트 개선
- 결과 데이터 또는 피드백을 반영한 품질 개선","- 신입 조건에 맞는 관련 실무 경험 또는 역량 보유
- 학습 데이터, 모델 코드, 추론 API, 성능 지표에 필요한 도구·절차를 이해하고 실무 적용이 가능한 분
- 업무 내용을 정확히 기록하고 일정에 맞춰 결과물을 제출할 수 있는 분
- 유관 부서와 원활하게 소통하며 협업할 수 있는 분
- 근무지 출퇴근 및 직무 수행이 가능한 분","- 정보처리기사 보유자
- 빅데이터분석기사 보유자
- 학습 데이터, 모델 코드, 추론 API, 성능 지표 관련 프로젝트 또는 현장 수행 경험
- 업무용 문서·보고서 작성 및 이력 관리 경험
- 유관 부서·외부 협력사와의 일정 조율 경험","- 지원서 또는 제출서류를 허위로 기재한 경우
- 채용 과정에서 요구한 증빙서류를 제출하지 못한 경우
- 채용검진 결과 직무 수행이 어렵다고 판단되는 경우
- 해외여행 및 근무에 결격사유가 있는 경우
- 관련 법령 또는 내부 인사규정상 채용이 불가능한 경우",서류전형 > 실무면접 > 최종면접
2262,AI/ML엔지니어 실무자 채용,92,227,20260512,20260605,10,경력,계약직,경기도,전문학사 이상,"AI/ML엔지니어 포지션은 AI 모델을 서비스 요구에 맞게 개발·고도화 역할입니다. 담당 업무의 목표와 우선순위를 명확히 설정하고, 일정과 품질 기준을 함께 관리합니다.

학습 데이터, 모델 코드, 추론 API, 성능 지표를 중심으로 실무를 수행하며, 요구사항과 결과물을 문서화해 업무 흐름이 누락되지 않도록 합니다.

기획·운영·현장 담당자 및 외부 협력 파트너와 수시로 협업합니다. 변경 사항은 영향 범위를 검토한 뒤 대안을 제시하고 합의된 방식으로 반영합니다.

문제 발생 시 사실관계와 원인을 먼저 확인하고, 재발 방지 방안을 업무 절차에 반영합니다. 입사 후에는 담당 영역의 실행력을 높이고, 정확성·일정 준수·이용자 관점의 완성도를 중요한 기준으로 삼습니다.","- 학습 데이터, 모델 코드, 추론 API, 성능 지표 관련 업무 계획 수립 및 실행
- 담당 과제의 일정·진행 현황 관리
- 업무 산출물 작성 및 검토 이력 관리
- 유관 부서 및 외부 협력 대상과 실무 조율
- 현장·시스템·자료에서 발생한 이슈 분석 및 조치
- 운영 기준과 체크리스트 개선
- 결과 데이터 또는 피드백을 반영한 품질 개선","- 경력 조건에 맞는 관련 실무 경험 또는 역량 보유
- 학습 데이터, 모델 코드, 추론 API, 성능 지표에 필요한 도구·절차를 이해하고 실무 적용이 가능한 분
- 업무 내용을 정확히 기록하고 일정에 맞춰 결과물을 제출할 수 있는 분
- 유관 부서와 원활하게 소통하며 협업할 수 있는 분
- 근무지 출퇴근 및 직무 수행이 가능한 분","- 정보처리기사 보유자
- 빅데이터분석기사 보유자
- 학습 데이터, 모델 코드, 추론 API, 성능 지표 관련 프로젝트 또는 현장 수행 경험
- 업무용 문서·보고서 작성 및 이력 관리 경험
- 유관 부서·외부 협력사와의 일정 조율 경험","- 지원서 또는 제출서류를 허위로 기재한 경우
- 채용 과정에서 요구한 증빙서류를 제출하지 못한 경우
- 채용검진 결과 직무 수행이 어렵다고 판단되는 경우
- 해외여행 및 근무에 결격사유가 있는 경우
- 관련 법령 또는 내부 인사규정상 채용이 불가능한 경우",서류전형 > 인성검사 > 실무면접 > 최종면접
2263,AI/ML엔지니어 전문인력 채용,6,227,20260617,20260714,12,신입·경력,정규직,인천광역시,학사 이상,"AI/ML엔지니어 포지션은 AI 모델을 서비스 요구에 맞게 개발·고도화 역할입니다. 담당 업무의 목표와 우선순위를 명확히 설정하고, 일정과 품질 기준을 함께 관리합니다.

학습 데이터, 모델 코드, 추론 API, 성능 지표를 중심으로 실무를 수행하며, 요구사항과 결과물을 문서화해 업무 흐름이 누락되지 않도록 합니다.

기획·운영·현장 담당자 및 외부 협력 파트너와 수시로 협업합니다. 변경 사항은 영향 범위를 검토한 뒤 대안을 제시하고 합의된 방식으로 반영합니다.

문제 발생 시 사실관계와 원인을 먼저 확인하고, 재발 방지 방안을 업무 절차에 반영합니다. 입사 후에는 담당 영역의 실행력을 높이고, 정확성·일정 준수·이용자 관점의 완성도를 중요한 기준으로 삼습니다.","- 학습 데이터, 모델 코드, 추론 API, 성능 지표 관련 업무 계획 수립 및 실행
- 담당 과제의 일정·진행 현황 관리
- 업무 산출물 작성 및 검토 이력 관리
- 유관 부서 및 외부 협력 대상과 실무 조율
- 현장·시스템·자료에서 발생한 이슈 분석 및 조치
- 운영 기준과 체크리스트 개선
- 결과 데이터 또는 피드백을 반영한 품질 개선","- 신입·경력 조건에 맞는 관련 실무 경험 또는 역량 보유
- 학습 데이터, 모델 코드, 추론 API, 성능 지표에 필요한 도구·절차를 이해하고 실무 적용이 가능한 분
- 업무 내용을 정확히 기록하고 일정에 맞춰 결과물을 제출할 수 있는 분
- 유관 부서와 원활하게 소통하며 협업할 수 있는 분
- 근무지 출퇴근 및 직무 수행이 가능한 분","- 정보처리기사 보유자
- 빅데이터분석기사 보유자
- 학습 데이터, 모델 코드, 추론 API, 성능 지표 관련 프로젝트 또는 현장 수행 경험
- 업무용 문서·보고서 작성 및 이력 관리 경험
- 유관 부서·외부 협력사와의 일정 조율 경험","- 지원서 또는 제출서류를 허위로 기재한 경우
- 채용 과정에서 요구한 증빙서류를 제출하지 못한 경우
- 채용검진 결과 직무 수행이 어렵다고 판단되는 경우
- 해외여행 및 근무에 결격사유가 있는 경우
- 관련 법령 또는 내부 인사규정상 채용이 불가능한 경우",서류전형 > 직무과제 > 실무면접 > 처우협의
2264,AI/ML엔지니어 운영 담당 채용,51,227,20260722,20260821,14,경력 2년 이상,정규직,대전광역시,학사 이상,"AI/ML엔지니어 포지션은 AI 모델을 서비스 요구에 맞게 개발·고도화 역할입니다. 담당 업무의 목표와 우선순위를 명확히 설정하고, 일정과 품질 기준을 함께 관리합니다.

학습 데이터, 모델 코드, 추론 API, 성능 지표를 중심으로 실무를 수행하며, 요구사항과 결과물을 문서화해 업무 흐름이 누락되지 않도록 합니다.

기획·운영·현장 담당자 및 외부 협력 파트너와 수시로 협업합니다. 변경 사항은 영향 범위를 검토한 뒤 대안을 제시하고 합의된 방식으로 반영합니다.

문제 발생 시 사실관계와 원인을 먼저 확인하고, 재발 방지 방안을 업무 절차에 반영합니다. 입사 후에는 담당 영역의 실행력을 높이고, 정확성·일정 준수·이용자 관점의 완성도를 중요한 기준으로 삼습니다.","- 학습 데이터, 모델 코드, 추론 API, 성능 지표 관련 업무 계획 수립 및 실행
- 담당 과제의 일정·진행 현황 관리
- 업무 산출물 작성 및 검토 이력 관리
- 유관 부서 및 외부 협력 대상과 실무 조율
- 현장·시스템·자료에서 발생한 이슈 분석 및 조치
- 운영 기준과 체크리스트 개선
- 결과 데이터 또는 피드백을 반영한 품질 개선","- 경력 2년 이상 조건에 맞는 관련 실무 경험 또는 역량 보유
- 학습 데이터, 모델 코드, 추론 API, 성능 지표에 필요한 도구·절차를 이해하고 실무 적용이 가능한 분
- 업무 내용을 정확히 기록하고 일정에 맞춰 결과물을 제출할 수 있는 분
- 유관 부서와 원활하게 소통하며 협업할 수 있는 분
- 근무지 출퇴근 및 직무 수행이 가능한 분","- 정보처리기사 보유자
- 빅데이터분석기사 보유자
- 학습 데이터, 모델 코드, 추론 API, 성능 지표 관련 프로젝트 또는 현장 수행 경험
- 업무용 문서·보고서 작성 및 이력 관리 경험
- 유관 부서·외부 협력사와의 일정 조율 경험","- 지원서 또는 제출서류를 허위로 기재한 경우
- 채용 과정에서 요구한 증빙서류를 제출하지 못한 경우
- 채용검진 결과 직무 수행이 어렵다고 판단되는 경우
- 해외여행 및 근무에 결격사유가 있는 경우
- 관련 법령 또는 내부 인사규정상 채용이 불가능한 경우",서류전형 > 1차면접 > 2차면접 > 채용검진
2265,AI/ML엔지니어 프로젝트 인재 모집,2,227,20260802,20260904,16,경력 3년 이상,무기계약직,부산광역시,학력무관,"AI/ML엔지니어 포지션은 AI 모델을 서비스 요구에 맞게 개발·고도화 역할입니다. 담당 업무의 목표와 우선순위를 명확히 설정하고, 일정과 품질 기준을 함께 관리합니다.

학습 데이터, 모델 코드, 추론 API, 성능 지표를 중심으로 실무를 수행하며, 요구사항과 결과물을 문서화해 업무 흐름이 누락되지 않도록 합니다.

기획·운영·현장 담당자 및 외부 협력 파트너와 수시로 협업합니다. 변경 사항은 영향 범위를 검토한 뒤 대안을 제시하고 합의된 방식으로 반영합니다.

문제 발생 시 사실관계와 원인을 먼저 확인하고, 재발 방지 방안을 업무 절차에 반영합니다. 입사 후에는 담당 영역의 실행력을 높이고, 정확성·일정 준수·이용자 관점의 완성도를 중요한 기준으로 삼습니다.","- 학습 데이터, 모델 코드, 추론 API, 성능 지표 관련 업무 계획 수립 및 실행
- 담당 과제의 일정·진행 현황 관리
- 업무 산출물 작성 및 검토 이력 관리
- 유관 부서 및 외부 협력 대상과 실무 조율
- 현장·시스템·자료에서 발생한 이슈 분석 및 조치
- 운영 기준과 체크리스트 개선
- 결과 데이터 또는 피드백을 반영한 품질 개선","- 경력 3년 이상 조건에 맞는 관련 실무 경험 또는 역량 보유
- 학습 데이터, 모델 코드, 추론 API, 성능 지표에 필요한 도구·절차를 이해하고 실무 적용이 가능한 분
- 업무 내용을 정확히 기록하고 일정에 맞춰 결과물을 제출할 수 있는 분
- 유관 부서와 원활하게 소통하며 협업할 수 있는 분
- 근무지 출퇴근 및 직무 수행이 가능한 분","- 정보처리기사 보유자
- 빅데이터분석기사 보유자
- 학습 데이터, 모델 코드, 추론 API, 성능 지표 관련 프로젝트 또는 현장 수행 경험
- 업무용 문서·보고서 작성 및 이력 관리 경험
- 유관 부서·외부 협력사와의 일정 조율 경험","- 지원서 또는 제출서류를 허위로 기재한 경우
- 채용 과정에서 요구한 증빙서류를 제출하지 못한 경우
- 채용검진 결과 직무 수행이 어렵다고 판단되는 경우
- 해외여행 및 근무에 결격사유가 있는 경우
- 관련 법령 또는 내부 인사규정상 채용이 불가능한 경우",서류전형 > 실무면접 > 최종면접
2266,AI/ML엔지니어 전담 인력 채용,155,227,20260907,20261013,18,경력 무관,기간제,광주광역시,전문학사 이상,"AI/ML엔지니어 포지션은 AI 모델을 서비스 요구에 맞게 개발·고도화 역할입니다. 담당 업무의 목표와 우선순위를 명확히 설정하고, 일정과 품질 기준을 함께 관리합니다.

학습 데이터, 모델 코드, 추론 API, 성능 지표를 중심으로 실무를 수행하며, 요구사항과 결과물을 문서화해 업무 흐름이 누락되지 않도록 합니다.

기획·운영·현장 담당자 및 외부 협력 파트너와 수시로 협업합니다. 변경 사항은 영향 범위를 검토한 뒤 대안을 제시하고 합의된 방식으로 반영합니다.

문제 발생 시 사실관계와 원인을 먼저 확인하고, 재발 방지 방안을 업무 절차에 반영합니다. 입사 후에는 담당 영역의 실행력을 높이고, 정확성·일정 준수·이용자 관점의 완성도를 중요한 기준으로 삼습니다.","- 학습 데이터, 모델 코드, 추론 API, 성능 지표 관련 업무 계획 수립 및 실행
- 담당 과제의 일정·진행 현황 관리
- 업무 산출물 작성 및 검토 이력 관리
- 유관 부서 및 외부 협력 대상과 실무 조율
- 현장·시스템·자료에서 발생한 이슈 분석 및 조치
- 운영 기준과 체크리스트 개선
- 결과 데이터 또는 피드백을 반영한 품질 개선","- 경력 무관 조건에 맞는 관련 실무 경험 또는 역량 보유
- 학습 데이터, 모델 코드, 추론 API, 성능 지표에 필요한 도구·절차를 이해하고 실무 적용이 가능한 분
- 업무 내용을 정확히 기록하고 일정에 맞춰 결과물을 제출할 수 있는 분
- 유관 부서와 원활하게 소통하며 협업할 수 있는 분
- 근무지 출퇴근 및 직무 수행이 가능한 분","- 정보처리기사 보유자
- 빅데이터분석기사 보유자
- 학습 데이터, 모델 코드, 추론 API, 성능 지표 관련 프로젝트 또는 현장 수행 경험
- 업무용 문서·보고서 작성 및 이력 관리 경험
- 유관 부서·외부 협력사와의 일정 조율 경험","- 지원서 또는 제출서류를 허위로 기재한 경우
- 채용 과정에서 요구한 증빙서류를 제출하지 못한 경우
- 채용검진 결과 직무 수행이 어렵다고 판단되는 경우
- 해외여행 및 근무에 결격사유가 있는 경우
- 관련 법령 또는 내부 인사규정상 채용이 불가능한 경우",서류전형 > 인성검사 > 실무면접 > 최종면접
2267,AI/ML엔지니어 실무 인재 모집,152,227,20261012,20261120,20,경력 5년 이상,정규직,세종특별자치시,학사 이상,"AI/ML엔지니어 포지션은 AI 모델을 서비스 요구에 맞게 개발·고도화 역할입니다. 담당 업무의 목표와 우선순위를 명확히 설정하고, 일정과 품질 기준을 함께 관리합니다.

학습 데이터, 모델 코드, 추론 API, 성능 지표를 중심으로 실무를 수행하며, 요구사항과 결과물을 문서화해 업무 흐름이 누락되지 않도록 합니다.

기획·운영·현장 담당자 및 외부 협력 파트너와 수시로 협업합니다. 변경 사항은 영향 범위를 검토한 뒤 대안을 제시하고 합의된 방식으로 반영합니다.

문제 발생 시 사실관계와 원인을 먼저 확인하고, 재발 방지 방안을 업무 절차에 반영합니다. 입사 후에는 담당 영역의 실행력을 높이고, 정확성·일정 준수·이용자 관점의 완성도를 중요한 기준으로 삼습니다.","- 학습 데이터, 모델 코드, 추론 API, 성능 지표 관련 업무 계획 수립 및 실행
- 담당 과제의 일정·진행 현황 관리
- 업무 산출물 작성 및 검토 이력 관리
- 유관 부서 및 외부 협력 대상과 실무 조율
- 현장·시스템·자료에서 발생한 이슈 분석 및 조치
- 운영 기준과 체크리스트 개선
- 결과 데이터 또는 피드백을 반영한 품질 개선","- 경력 5년 이상 조건에 맞는 관련 실무 경험 또는 역량 보유
- 학습 데이터, 모델 코드, 추론 API, 성능 지표에 필요한 도구·절차를 이해하고 실무 적용이 가능한 분
- 업무 내용을 정확히 기록하고 일정에 맞춰 결과물을 제출할 수 있는 분
- 유관 부서와 원활하게 소통하며 협업할 수 있는 분
- 근무지 출퇴근 및 직무 수행이 가능한 분","- 정보처리기사 보유자
- 빅데이터분석기사 보유자
- 학습 데이터, 모델 코드, 추론 API, 성능 지표 관련 프로젝트 또는 현장 수행 경험
- 업무용 문서·보고서 작성 및 이력 관리 경험
- 유관 부서·외부 협력사와의 일정 조율 경험","- 지원서 또는 제출서류를 허위로 기재한 경우
- 채용 과정에서 요구한 증빙서류를 제출하지 못한 경우
- 채용검진 결과 직무 수행이 어렵다고 판단되는 경우
- 해외여행 및 근무에 결격사유가 있는 경우
- 관련 법령 또는 내부 인사규정상 채용이 불가능한 경우",서류전형 > 직무과제 > 실무면접 > 처우협의
2268,AI/ML엔지니어 담당자 공개채용,1,227,20260217,20260331,2,신입·경력,계약직,충청남도,학력무관,"AI/ML엔지니어 포지션은 AI 모델을 서비스 요구에 맞게 개발·고도화 역할입니다. 담당 업무의 목표와 우선순위를 명확히 설정하고, 일정과 품질 기준을 함께 관리합니다.

학습 데이터, 모델 코드, 추론 API, 성능 지표를 중심으로 실무를 수행하며, 요구사항과 결과물을 문서화해 업무 흐름이 누락되지 않도록 합니다.

기획·운영·현장 담당자 및 외부 협력 파트너와 수시로 협업합니다. 변경 사항은 영향 범위를 검토한 뒤 대안을 제시하고 합의된 방식으로 반영합니다.

문제 발생 시 사실관계와 원인을 먼저 확인하고, 재발 방지 방안을 업무 절차에 반영합니다. 입사 후에는 담당 영역의 실행력을 높이고, 정확성·일정 준수·이용자 관점의 완성도를 중요한 기준으로 삼습니다.","- 학습 데이터, 모델 코드, 추론 API, 성능 지표 관련 업무 계획 수립 및 실행
- 담당 과제의 일정·진행 현황 관리
- 업무 산출물 작성 및 검토 이력 관리
- 유관 부서 및 외부 협력 대상과 실무 조율
- 현장·시스템·자료에서 발생한 이슈 분석 및 조치
- 운영 기준과 체크리스트 개선
- 결과 데이터 또는 피드백을 반영한 품질 개선","- 신입·경력 조건에 맞는 관련 실무 경험 또는 역량 보유
- 학습 데이터, 모델 코드, 추론 API, 성능 지표에 필요한 도구·절차를 이해하고 실무 적용이 가능한 분
- 업무 내용을 정확히 기록하고 일정에 맞춰 결과물을 제출할 수 있는 분
- 유관 부서와 원활하게 소통하며 협업할 수 있는 분
- 근무지 출퇴근 및 직무 수행이 가능한 분","- 정보처리기사 보유자
- 빅데이터분석기사 보유자
- 학습 데이터, 모델 코드, 추론 API, 성능 지표 관련 프로젝트 또는 현장 수행 경험
- 업무용 문서·보고서 작성 및 이력 관리 경험
- 유관 부서·외부 협력사와의 일정 조율 경험","- 지원서 또는 제출서류를 허위로 기재한 경우
- 채용 과정에서 요구한 증빙서류를 제출하지 못한 경우
- 채용검진 결과 직무 수행이 어렵다고 판단되는 경우
- 해외여행 및 근무에 결격사유가 있는 경우
- 관련 법령 또는 내부 인사규정상 채용이 불가능한 경우",서류전형 > 1차면접 > 2차면접 > 채용검진
2269,AI/ML엔지니어 정규직 모집,156,227,20260322,20260506,4,경력 2년 이상,정규직,경상남도,학사 이상,"AI/ML엔지니어 포지션은 AI 모델을 서비스 요구에 맞게 개발·고도화 역할입니다. 담당 업무의 목표와 우선순위를 명확히 설정하고, 일정과 품질 기준을 함께 관리합니다.

학습 데이터, 모델 코드, 추론 API, 성능 지표를 중심으로 실무를 수행하며, 요구사항과 결과물을 문서화해 업무 흐름이 누락되지 않도록 합니다.

기획·운영·현장 담당자 및 외부 협력 파트너와 수시로 협업합니다. 변경 사항은 영향 범위를 검토한 뒤 대안을 제시하고 합의된 방식으로 반영합니다.

문제 발생 시 사실관계와 원인을 먼저 확인하고, 재발 방지 방안을 업무 절차에 반영합니다. 입사 후에는 담당 영역의 실행력을 높이고, 정확성·일정 준수·이용자 관점의 완성도를 중요한 기준으로 삼습니다.","- 학습 데이터, 모델 코드, 추론 API, 성능 지표 관련 업무 계획 수립 및 실행
- 담당 과제의 일정·진행 현황 관리
- 업무 산출물 작성 및 검토 이력 관리
- 유관 부서 및 외부 협력 대상과 실무 조율
- 현장·시스템·자료에서 발생한 이슈 분석 및 조치
- 운영 기준과 체크리스트 개선
- 결과 데이터 또는 피드백을 반영한 품질 개선","- 경력 2년 이상 조건에 맞는 관련 실무 경험 또는 역량 보유
- 학습 데이터, 모델 코드, 추론 API, 성능 지표에 필요한 도구·절차를 이해하고 실무 적용이 가능한 분
- 업무 내용을 정확히 기록하고 일정에 맞춰 결과물을 제출할 수 있는 분
- 유관 부서와 원활하게 소통하며 협업할 수 있는 분
- 근무지 출퇴근 및 직무 수행이 가능한 분","- 정보처리기사 보유자
- 빅데이터분석기사 보유자
- 학습 데이터, 모델 코드, 추론 API, 성능 지표 관련 프로젝트 또는 현장 수행 경험
- 업무용 문서·보고서 작성 및 이력 관리 경험
- 유관 부서·외부 협력사와의 일정 조율 경험","- 지원서 또는 제출서류를 허위로 기재한 경우
- 채용 과정에서 요구한 증빙서류를 제출하지 못한 경우
- 채용검진 결과 직무 수행이 어렵다고 판단되는 경우
- 해외여행 및 근무에 결격사유가 있는 경우
- 관련 법령 또는 내부 인사규정상 채용이 불가능한 경우",서류전형 > 실무면접 > 최종면접
2270,AI/ML엔지니어 채용,25,227,20260402,20260414,6,경력,정규직,전북특별자치도,전문학사 이상,"AI/ML엔지니어 포지션은 AI 모델을 서비스 요구에 맞게 개발·고도화 역할입니다. 담당 업무의 목표와 우선순위를 명확히 설정하고, 일정과 품질 기준을 함께 관리합니다.

학습 데이터, 모델 코드, 추론 API, 성능 지표를 중심으로 실무를 수행하며, 요구사항과 결과물을 문서화해 업무 흐름이 누락되지 않도록 합니다.

기획·운영·현장 담당자 및 외부 협력 파트너와 수시로 협업합니다. 변경 사항은 영향 범위를 검토한 뒤 대안을 제시하고 합의된 방식으로 반영합니다.

문제 발생 시 사실관계와 원인을 먼저 확인하고, 재발 방지 방안을 업무 절차에 반영합니다. 입사 후에는 담당 영역의 실행력을 높이고, 정확성·일정 준수·이용자 관점의 완성도를 중요한 기준으로 삼습니다.","- 학습 데이터, 모델 코드, 추론 API, 성능 지표 관련 업무 계획 수립 및 실행
- 담당 과제의 일정·진행 현황 관리
- 업무 산출물 작성 및 검토 이력 관리
- 유관 부서 및 외부 협력 대상과 실무 조율
- 현장·시스템·자료에서 발생한 이슈 분석 및 조치
- 운영 기준과 체크리스트 개선
- 결과 데이터 또는 피드백을 반영한 품질 개선","- 경력 조건에 맞는 관련 실무 경험 또는 역량 보유
- 학습 데이터, 모델 코드, 추론 API, 성능 지표에 필요한 도구·절차를 이해하고 실무 적용이 가능한 분
- 업무 내용을 정확히 기록하고 일정에 맞춰 결과물을 제출할 수 있는 분
- 유관 부서와 원활하게 소통하며 협업할 수 있는 분
- 근무지 출퇴근 및 직무 수행이 가능한 분","- 정보처리기사 보유자
- 빅데이터분석기사 보유자
- 학습 데이터, 모델 코드, 추론 API, 성능 지표 관련 프로젝트 또는 현장 수행 경험
- 업무용 문서·보고서 작성 및 이력 관리 경험
- 유관 부서·외부 협력사와의 일정 조율 경험","- 지원서 또는 제출서류를 허위로 기재한 경우
- 채용 과정에서 요구한 증빙서류를 제출하지 못한 경우
- 채용검진 결과 직무 수행이 어렵다고 판단되는 경우
- 해외여행 및 근무에 결격사유가 있는 경우
- 관련 법령 또는 내부 인사규정상 채용이 불가능한 경우",서류전형 > 인성검사 > 실무면접 > 최종면접
2271,블록체인개발자 담당자 모집,89,228,20260510,20260601,9,신입,정규직,서울특별시,학력무관,"블록체인개발자 포지션은 분산원장 기반 서비스와 스마트계약 기능을 개발 역할입니다. 담당 업무의 목표와 우선순위를 명확히 설정하고, 일정과 품질 기준을 함께 관리합니다.

스마트계약, 노드, 지갑 연동, 보안 검토를 중심으로 실무를 수행하며, 요구사항과 결과물을 문서화해 업무 흐름이 누락되지 않도록 합니다.

기획·운영·현장 담당자 및 외부 협력 파트너와 수시로 협업합니다. 변경 사항은 영향 범위를 검토한 뒤 대안을 제시하고 합의된 방식으로 반영합니다.

문제 발생 시 사실관계와 원인을 먼저 확인하고, 재발 방지 방안을 업무 절차에 반영합니다. 입사 후에는 담당 영역의 실행력을 높이고, 정확성·일정 준수·이용자 관점의 완성도를 중요한 기준으로 삼습니다.","- 스마트계약, 노드, 지갑 연동, 보안 검토 관련 업무 계획 수립 및 실행
- 담당 과제의 일정·진행 현황 관리
- 업무 산출물 작성 및 검토 이력 관리
- 유관 부서 및 외부 협력 대상과 실무 조율
- 현장·시스템·자료에서 발생한 이슈 분석 및 조치
- 운영 기준과 체크리스트 개선
- 결과 데이터 또는 피드백을 반영한 품질 개선","- 신입 조건에 맞는 관련 실무 경험 또는 역량 보유
- 스마트계약, 노드, 지갑 연동, 보안 검토에 필요한 도구·절차를 이해하고 실무 적용이 가능한 분
- 업무 내용을 정확히 기록하고 일정에 맞춰 결과물을 제출할 수 있는 분
- 유관 부서와 원활하게 소통하며 협업할 수 있는 분
- 근무지 출퇴근 및 직무 수행이 가능한 분","- 정보처리기사 보유자
- SQLD 보유자
- 스마트계약, 노드, 지갑 연동, 보안 검토 관련 프로젝트 또는 현장 수행 경험
- 업무용 문서·보고서 작성 및 이력 관리 경험
- 유관 부서·외부 협력사와의 일정 조율 경험","- 지원서 또는 제출서류를 허위로 기재한 경우
- 채용 과정에서 요구한 증빙서류를 제출하지 못한 경우
- 채용검진 결과 직무 수행이 어렵다고 판단되는 경우
- 해외여행 및 근무에 결격사유가 있는 경우
- 관련 법령 또는 내부 인사규정상 채용이 불가능한 경우",서류전형 > 실무면접 > 최종면접
2272,블록체인개발자 실무자 채용,99,228,20260615,20260710,11,경력,계약직,경기도,전문학사 이상,"블록체인개발자 포지션은 분산원장 기반 서비스와 스마트계약 기능을 개발 역할입니다. 담당 업무의 목표와 우선순위를 명확히 설정하고, 일정과 품질 기준을 함께 관리합니다.

스마트계약, 노드, 지갑 연동, 보안 검토를 중심으로 실무를 수행하며, 요구사항과 결과물을 문서화해 업무 흐름이 누락되지 않도록 합니다.

기획·운영·현장 담당자 및 외부 협력 파트너와 수시로 협업합니다. 변경 사항은 영향 범위를 검토한 뒤 대안을 제시하고 합의된 방식으로 반영합니다.

문제 발생 시 사실관계와 원인을 먼저 확인하고, 재발 방지 방안을 업무 절차에 반영합니다. 입사 후에는 담당 영역의 실행력을 높이고, 정확성·일정 준수·이용자 관점의 완성도를 중요한 기준으로 삼습니다.","- 스마트계약, 노드, 지갑 연동, 보안 검토 관련 업무 계획 수립 및 실행
- 담당 과제의 일정·진행 현황 관리
- 업무 산출물 작성 및 검토 이력 관리
- 유관 부서 및 외부 협력 대상과 실무 조율
- 현장·시스템·자료에서 발생한 이슈 분석 및 조치
- 운영 기준과 체크리스트 개선
- 결과 데이터 또는 피드백을 반영한 품질 개선","- 경력 조건에 맞는 관련 실무 경험 또는 역량 보유
- 스마트계약, 노드, 지갑 연동, 보안 검토에 필요한 도구·절차를 이해하고 실무 적용이 가능한 분
- 업무 내용을 정확히 기록하고 일정에 맞춰 결과물을 제출할 수 있는 분
- 유관 부서와 원활하게 소통하며 협업할 수 있는 분
- 근무지 출퇴근 및 직무 수행이 가능한 분","- 정보처리기사 보유자
- SQLD 보유자
- 스마트계약, 노드, 지갑 연동, 보안 검토 관련 프로젝트 또는 현장 수행 경험
- 업무용 문서·보고서 작성 및 이력 관리 경험
- 유관 부서·외부 협력사와의 일정 조율 경험","- 지원서 또는 제출서류를 허위로 기재한 경우
- 채용 과정에서 요구한 증빙서류를 제출하지 못한 경우
- 채용검진 결과 직무 수행이 어렵다고 판단되는 경우
- 해외여행 및 근무에 결격사유가 있는 경우
- 관련 법령 또는 내부 인사규정상 채용이 불가능한 경우",서류전형 > 인성검사 > 실무면접 > 최종면접
2273,블록체인개발자 전문인력 채용,13,228,20260720,20260817,13,신입·경력,정규직,인천광역시,학사 이상,"블록체인개발자 포지션은 분산원장 기반 서비스와 스마트계약 기능을 개발 역할입니다. 담당 업무의 목표와 우선순위를 명확히 설정하고, 일정과 품질 기준을 함께 관리합니다.

스마트계약, 노드, 지갑 연동, 보안 검토를 중심으로 실무를 수행하며, 요구사항과 결과물을 문서화해 업무 흐름이 누락되지 않도록 합니다.

기획·운영·현장 담당자 및 외부 협력 파트너와 수시로 협업합니다. 변경 사항은 영향 범위를 검토한 뒤 대안을 제시하고 합의된 방식으로 반영합니다.

문제 발생 시 사실관계와 원인을 먼저 확인하고, 재발 방지 방안을 업무 절차에 반영합니다. 입사 후에는 담당 영역의 실행력을 높이고, 정확성·일정 준수·이용자 관점의 완성도를 중요한 기준으로 삼습니다.","- 스마트계약, 노드, 지갑 연동, 보안 검토 관련 업무 계획 수립 및 실행
- 담당 과제의 일정·진행 현황 관리
- 업무 산출물 작성 및 검토 이력 관리
- 유관 부서 및 외부 협력 대상과 실무 조율
- 현장·시스템·자료에서 발생한 이슈 분석 및 조치
- 운영 기준과 체크리스트 개선
- 결과 데이터 또는 피드백을 반영한 품질 개선","- 신입·경력 조건에 맞는 관련 실무 경험 또는 역량 보유
- 스마트계약, 노드, 지갑 연동, 보안 검토에 필요한 도구·절차를 이해하고 실무 적용이 가능한 분
- 업무 내용을 정확히 기록하고 일정에 맞춰 결과물을 제출할 수 있는 분
- 유관 부서와 원활하게 소통하며 협업할 수 있는 분
- 근무지 출퇴근 및 직무 수행이 가능한 분","- 정보처리기사 보유자
- SQLD 보유자
- 스마트계약, 노드, 지갑 연동, 보안 검토 관련 프로젝트 또는 현장 수행 경험
- 업무용 문서·보고서 작성 및 이력 관리 경험
- 유관 부서·외부 협력사와의 일정 조율 경험","- 지원서 또는 제출서류를 허위로 기재한 경우
- 채용 과정에서 요구한 증빙서류를 제출하지 못한 경우
- 채용검진 결과 직무 수행이 어렵다고 판단되는 경우
- 해외여행 및 근무에 결격사유가 있는 경우
- 관련 법령 또는 내부 인사규정상 채용이 불가능한 경우",서류전형 > 직무과제 > 실무면접 > 처우협의
2274,블록체인개발자 운영 담당 채용,137,228,20260825,20260925,15,경력 2년 이상,정규직,대전광역시,학사 이상,"블록체인개발자 포지션은 분산원장 기반 서비스와 스마트계약 기능을 개발 역할입니다. 담당 업무의 목표와 우선순위를 명확히 설정하고, 일정과 품질 기준을 함께 관리합니다.

스마트계약, 노드, 지갑 연동, 보안 검토를 중심으로 실무를 수행하며, 요구사항과 결과물을 문서화해 업무 흐름이 누락되지 않도록 합니다.

기획·운영·현장 담당자 및 외부 협력 파트너와 수시로 협업합니다. 변경 사항은 영향 범위를 검토한 뒤 대안을 제시하고 합의된 방식으로 반영합니다.

문제 발생 시 사실관계와 원인을 먼저 확인하고, 재발 방지 방안을 업무 절차에 반영합니다. 입사 후에는 담당 영역의 실행력을 높이고, 정확성·일정 준수·이용자 관점의 완성도를 중요한 기준으로 삼습니다.","- 스마트계약, 노드, 지갑 연동, 보안 검토 관련 업무 계획 수립 및 실행
- 담당 과제의 일정·진행 현황 관리
- 업무 산출물 작성 및 검토 이력 관리
- 유관 부서 및 외부 협력 대상과 실무 조율
- 현장·시스템·자료에서 발생한 이슈 분석 및 조치
- 운영 기준과 체크리스트 개선
- 결과 데이터 또는 피드백을 반영한 품질 개선","- 경력 2년 이상 조건에 맞는 관련 실무 경험 또는 역량 보유
- 스마트계약, 노드, 지갑 연동, 보안 검토에 필요한 도구·절차를 이해하고 실무 적용이 가능한 분
- 업무 내용을 정확히 기록하고 일정에 맞춰 결과물을 제출할 수 있는 분
- 유관 부서와 원활하게 소통하며 협업할 수 있는 분
- 근무지 출퇴근 및 직무 수행이 가능한 분","- 정보처리기사 보유자
- SQLD 보유자
- 스마트계약, 노드, 지갑 연동, 보안 검토 관련 프로젝트 또는 현장 수행 경험
- 업무용 문서·보고서 작성 및 이력 관리 경험
- 유관 부서·외부 협력사와의 일정 조율 경험","- 지원서 또는 제출서류를 허위로 기재한 경우
- 채용 과정에서 요구한 증빙서류를 제출하지 못한 경우
- 채용검진 결과 직무 수행이 어렵다고 판단되는 경우
- 해외여행 및 근무에 결격사유가 있는 경우
- 관련 법령 또는 내부 인사규정상 채용이 불가능한 경우",서류전형 > 1차면접 > 2차면접 > 채용검진
2275,블록체인개발자 프로젝트 인재 모집,44,228,20260905,20261009,17,경력 3년 이상,무기계약직,부산광역시,학력무관,"블록체인개발자 포지션은 분산원장 기반 서비스와 스마트계약 기능을 개발 역할입니다. 담당 업무의 목표와 우선순위를 명확히 설정하고, 일정과 품질 기준을 함께 관리합니다.

스마트계약, 노드, 지갑 연동, 보안 검토를 중심으로 실무를 수행하며, 요구사항과 결과물을 문서화해 업무 흐름이 누락되지 않도록 합니다.

기획·운영·현장 담당자 및 외부 협력 파트너와 수시로 협업합니다. 변경 사항은 영향 범위를 검토한 뒤 대안을 제시하고 합의된 방식으로 반영합니다.

문제 발생 시 사실관계와 원인을 먼저 확인하고, 재발 방지 방안을 업무 절차에 반영합니다. 입사 후에는 담당 영역의 실행력을 높이고, 정확성·일정 준수·이용자 관점의 완성도를 중요한 기준으로 삼습니다.","- 스마트계약, 노드, 지갑 연동, 보안 검토 관련 업무 계획 수립 및 실행
- 담당 과제의 일정·진행 현황 관리
- 업무 산출물 작성 및 검토 이력 관리
- 유관 부서 및 외부 협력 대상과 실무 조율
- 현장·시스템·자료에서 발생한 이슈 분석 및 조치
- 운영 기준과 체크리스트 개선
- 결과 데이터 또는 피드백을 반영한 품질 개선","- 경력 3년 이상 조건에 맞는 관련 실무 경험 또는 역량 보유
- 스마트계약, 노드, 지갑 연동, 보안 검토에 필요한 도구·절차를 이해하고 실무 적용이 가능한 분
- 업무 내용을 정확히 기록하고 일정에 맞춰 결과물을 제출할 수 있는 분
- 유관 부서와 원활하게 소통하며 협업할 수 있는 분
- 근무지 출퇴근 및 직무 수행이 가능한 분","- 정보처리기사 보유자
- SQLD 보유자
- 스마트계약, 노드, 지갑 연동, 보안 검토 관련 프로젝트 또는 현장 수행 경험
- 업무용 문서·보고서 작성 및 이력 관리 경험
- 유관 부서·외부 협력사와의 일정 조율 경험","- 지원서 또는 제출서류를 허위로 기재한 경우
- 채용 과정에서 요구한 증빙서류를 제출하지 못한 경우
- 채용검진 결과 직무 수행이 어렵다고 판단되는 경우
- 해외여행 및 근무에 결격사유가 있는 경우
- 관련 법령 또는 내부 인사규정상 채용이 불가능한 경우",서류전형 > 실무면접 > 최종면접
2276,블록체인개발자 전담 인력 채용,115,228,20261010,20261116,19,경력 무관,기간제,광주광역시,전문학사 이상,"블록체인개발자 포지션은 분산원장 기반 서비스와 스마트계약 기능을 개발 역할입니다. 담당 업무의 목표와 우선순위를 명확히 설정하고, 일정과 품질 기준을 함께 관리합니다.

스마트계약, 노드, 지갑 연동, 보안 검토를 중심으로 실무를 수행하며, 요구사항과 결과물을 문서화해 업무 흐름이 누락되지 않도록 합니다.

기획·운영·현장 담당자 및 외부 협력 파트너와 수시로 협업합니다. 변경 사항은 영향 범위를 검토한 뒤 대안을 제시하고 합의된 방식으로 반영합니다.

문제 발생 시 사실관계와 원인을 먼저 확인하고, 재발 방지 방안을 업무 절차에 반영합니다. 입사 후에는 담당 영역의 실행력을 높이고, 정확성·일정 준수·이용자 관점의 완성도를 중요한 기준으로 삼습니다.","- 스마트계약, 노드, 지갑 연동, 보안 검토 관련 업무 계획 수립 및 실행
- 담당 과제의 일정·진행 현황 관리
- 업무 산출물 작성 및 검토 이력 관리
- 유관 부서 및 외부 협력 대상과 실무 조율
- 현장·시스템·자료에서 발생한 이슈 분석 및 조치
- 운영 기준과 체크리스트 개선
- 결과 데이터 또는 피드백을 반영한 품질 개선","- 경력 무관 조건에 맞는 관련 실무 경험 또는 역량 보유
- 스마트계약, 노드, 지갑 연동, 보안 검토에 필요한 도구·절차를 이해하고 실무 적용이 가능한 분
- 업무 내용을 정확히 기록하고 일정에 맞춰 결과물을 제출할 수 있는 분
- 유관 부서와 원활하게 소통하며 협업할 수 있는 분
- 근무지 출퇴근 및 직무 수행이 가능한 분","- 정보처리기사 보유자
- SQLD 보유자
- 스마트계약, 노드, 지갑 연동, 보안 검토 관련 프로젝트 또는 현장 수행 경험
- 업무용 문서·보고서 작성 및 이력 관리 경험
- 유관 부서·외부 협력사와의 일정 조율 경험","- 지원서 또는 제출서류를 허위로 기재한 경우
- 채용 과정에서 요구한 증빙서류를 제출하지 못한 경우
- 채용검진 결과 직무 수행이 어렵다고 판단되는 경우
- 해외여행 및 근무에 결격사유가 있는 경우
- 관련 법령 또는 내부 인사규정상 채용이 불가능한 경우",서류전형 > 인성검사 > 실무면접 > 최종면접
2277,블록체인개발자 실무 인재 모집,14,228,20260215,20260327,1,경력 5년 이상,정규직,세종특별자치시,학사 이상,"블록체인개발자 포지션은 분산원장 기반 서비스와 스마트계약 기능을 개발 역할입니다. 담당 업무의 목표와 우선순위를 명확히 설정하고, 일정과 품질 기준을 함께 관리합니다.

스마트계약, 노드, 지갑 연동, 보안 검토를 중심으로 실무를 수행하며, 요구사항과 결과물을 문서화해 업무 흐름이 누락되지 않도록 합니다.

기획·운영·현장 담당자 및 외부 협력 파트너와 수시로 협업합니다. 변경 사항은 영향 범위를 검토한 뒤 대안을 제시하고 합의된 방식으로 반영합니다.

문제 발생 시 사실관계와 원인을 먼저 확인하고, 재발 방지 방안을 업무 절차에 반영합니다. 입사 후에는 담당 영역의 실행력을 높이고, 정확성·일정 준수·이용자 관점의 완성도를 중요한 기준으로 삼습니다.","- 스마트계약, 노드, 지갑 연동, 보안 검토 관련 업무 계획 수립 및 실행
- 담당 과제의 일정·진행 현황 관리
- 업무 산출물 작성 및 검토 이력 관리
- 유관 부서 및 외부 협력 대상과 실무 조율
- 현장·시스템·자료에서 발생한 이슈 분석 및 조치
- 운영 기준과 체크리스트 개선
- 결과 데이터 또는 피드백을 반영한 품질 개선","- 경력 5년 이상 조건에 맞는 관련 실무 경험 또는 역량 보유
- 스마트계약, 노드, 지갑 연동, 보안 검토에 필요한 도구·절차를 이해하고 실무 적용이 가능한 분
- 업무 내용을 정확히 기록하고 일정에 맞춰 결과물을 제출할 수 있는 분
- 유관 부서와 원활하게 소통하며 협업할 수 있는 분
- 근무지 출퇴근 및 직무 수행이 가능한 분","- 정보처리기사 보유자
- SQLD 보유자
- 스마트계약, 노드, 지갑 연동, 보안 검토 관련 프로젝트 또는 현장 수행 경험
- 업무용 문서·보고서 작성 및 이력 관리 경험
- 유관 부서·외부 협력사와의 일정 조율 경험","- 지원서 또는 제출서류를 허위로 기재한 경우
- 채용 과정에서 요구한 증빙서류를 제출하지 못한 경우
- 채용검진 결과 직무 수행이 어렵다고 판단되는 경우
- 해외여행 및 근무에 결격사유가 있는 경우
- 관련 법령 또는 내부 인사규정상 채용이 불가능한 경우",서류전형 > 직무과제 > 실무면접 > 처우협의
2278,블록체인개발자 담당자 공개채용,158,228,20260320,20260502,3,신입·경력,계약직,충청남도,학력무관,"블록체인개발자 포지션은 분산원장 기반 서비스와 스마트계약 기능을 개발 역할입니다. 담당 업무의 목표와 우선순위를 명확히 설정하고, 일정과 품질 기준을 함께 관리합니다.

스마트계약, 노드, 지갑 연동, 보안 검토를 중심으로 실무를 수행하며, 요구사항과 결과물을 문서화해 업무 흐름이 누락되지 않도록 합니다.

기획·운영·현장 담당자 및 외부 협력 파트너와 수시로 협업합니다. 변경 사항은 영향 범위를 검토한 뒤 대안을 제시하고 합의된 방식으로 반영합니다.

문제 발생 시 사실관계와 원인을 먼저 확인하고, 재발 방지 방안을 업무 절차에 반영합니다. 입사 후에는 담당 영역의 실행력을 높이고, 정확성·일정 준수·이용자 관점의 완성도를 중요한 기준으로 삼습니다.","- 스마트계약, 노드, 지갑 연동, 보안 검토 관련 업무 계획 수립 및 실행
- 담당 과제의 일정·진행 현황 관리
- 업무 산출물 작성 및 검토 이력 관리
- 유관 부서 및 외부 협력 대상과 실무 조율
- 현장·시스템·자료에서 발생한 이슈 분석 및 조치
- 운영 기준과 체크리스트 개선
- 결과 데이터 또는 피드백을 반영한 품질 개선","- 신입·경력 조건에 맞는 관련 실무 경험 또는 역량 보유
- 스마트계약, 노드, 지갑 연동, 보안 검토에 필요한 도구·절차를 이해하고 실무 적용이 가능한 분
- 업무 내용을 정확히 기록하고 일정에 맞춰 결과물을 제출할 수 있는 분
- 유관 부서와 원활하게 소통하며 협업할 수 있는 분
- 근무지 출퇴근 및 직무 수행이 가능한 분","- 정보처리기사 보유자
- SQLD 보유자
- 스마트계약, 노드, 지갑 연동, 보안 검토 관련 프로젝트 또는 현장 수행 경험
- 업무용 문서·보고서 작성 및 이력 관리 경험
- 유관 부서·외부 협력사와의 일정 조율 경험","- 지원서 또는 제출서류를 허위로 기재한 경우
- 채용 과정에서 요구한 증빙서류를 제출하지 못한 경우
- 채용검진 결과 직무 수행이 어렵다고 판단되는 경우
- 해외여행 및 근무에 결격사유가 있는 경우
- 관련 법령 또는 내부 인사규정상 채용이 불가능한 경우",서류전형 > 1차면접 > 2차면접 > 채용검진
2279,블록체인개발자 정규직 모집,105,228,20260425,20260505,5,경력 2년 이상,정규직,경상남도,학사 이상,"블록체인개발자 포지션은 분산원장 기반 서비스와 스마트계약 기능을 개발 역할입니다. 담당 업무의 목표와 우선순위를 명확히 설정하고, 일정과 품질 기준을 함께 관리합니다.

스마트계약, 노드, 지갑 연동, 보안 검토를 중심으로 실무를 수행하며, 요구사항과 결과물을 문서화해 업무 흐름이 누락되지 않도록 합니다.

기획·운영·현장 담당자 및 외부 협력 파트너와 수시로 협업합니다. 변경 사항은 영향 범위를 검토한 뒤 대안을 제시하고 합의된 방식으로 반영합니다.

문제 발생 시 사실관계와 원인을 먼저 확인하고, 재발 방지 방안을 업무 절차에 반영합니다. 입사 후에는 담당 영역의 실행력을 높이고, 정확성·일정 준수·이용자 관점의 완성도를 중요한 기준으로 삼습니다.","- 스마트계약, 노드, 지갑 연동, 보안 검토 관련 업무 계획 수립 및 실행
- 담당 과제의 일정·진행 현황 관리
- 업무 산출물 작성 및 검토 이력 관리
- 유관 부서 및 외부 협력 대상과 실무 조율
- 현장·시스템·자료에서 발생한 이슈 분석 및 조치
- 운영 기준과 체크리스트 개선
- 결과 데이터 또는 피드백을 반영한 품질 개선","- 경력 2년 이상 조건에 맞는 관련 실무 경험 또는 역량 보유
- 스마트계약, 노드, 지갑 연동, 보안 검토에 필요한 도구·절차를 이해하고 실무 적용이 가능한 분
- 업무 내용을 정확히 기록하고 일정에 맞춰 결과물을 제출할 수 있는 분
- 유관 부서와 원활하게 소통하며 협업할 수 있는 분
- 근무지 출퇴근 및 직무 수행이 가능한 분","- 정보처리기사 보유자
- SQLD 보유자
- 스마트계약, 노드, 지갑 연동, 보안 검토 관련 프로젝트 또는 현장 수행 경험
- 업무용 문서·보고서 작성 및 이력 관리 경험
- 유관 부서·외부 협력사와의 일정 조율 경험","- 지원서 또는 제출서류를 허위로 기재한 경우
- 채용 과정에서 요구한 증빙서류를 제출하지 못한 경우
- 채용검진 결과 직무 수행이 어렵다고 판단되는 경우
- 해외여행 및 근무에 결격사유가 있는 경우
- 관련 법령 또는 내부 인사규정상 채용이 불가능한 경우",서류전형 > 실무면접 > 최종면접
2280,블록체인개발자 채용,105,228,20260505,20260518,7,경력,정규직,전북특별자치도,전문학사 이상,"블록체인개발자 포지션은 분산원장 기반 서비스와 스마트계약 기능을 개발 역할입니다. 담당 업무의 목표와 우선순위를 명확히 설정하고, 일정과 품질 기준을 함께 관리합니다.

스마트계약, 노드, 지갑 연동, 보안 검토를 중심으로 실무를 수행하며, 요구사항과 결과물을 문서화해 업무 흐름이 누락되지 않도록 합니다.

기획·운영·현장 담당자 및 외부 협력 파트너와 수시로 협업합니다. 변경 사항은 영향 범위를 검토한 뒤 대안을 제시하고 합의된 방식으로 반영합니다.

문제 발생 시 사실관계와 원인을 먼저 확인하고, 재발 방지 방안을 업무 절차에 반영합니다. 입사 후에는 담당 영역의 실행력을 높이고, 정확성·일정 준수·이용자 관점의 완성도를 중요한 기준으로 삼습니다.","- 스마트계약, 노드, 지갑 연동, 보안 검토 관련 업무 계획 수립 및 실행
- 담당 과제의 일정·진행 현황 관리
- 업무 산출물 작성 및 검토 이력 관리
- 유관 부서 및 외부 협력 대상과 실무 조율
- 현장·시스템·자료에서 발생한 이슈 분석 및 조치
- 운영 기준과 체크리스트 개선
- 결과 데이터 또는 피드백을 반영한 품질 개선","- 경력 조건에 맞는 관련 실무 경험 또는 역량 보유
- 스마트계약, 노드, 지갑 연동, 보안 검토에 필요한 도구·절차를 이해하고 실무 적용이 가능한 분
- 업무 내용을 정확히 기록하고 일정에 맞춰 결과물을 제출할 수 있는 분
- 유관 부서와 원활하게 소통하며 협업할 수 있는 분
- 근무지 출퇴근 및 직무 수행이 가능한 분","- 정보처리기사 보유자
- SQLD 보유자
- 스마트계약, 노드, 지갑 연동, 보안 검토 관련 프로젝트 또는 현장 수행 경험
- 업무용 문서·보고서 작성 및 이력 관리 경험
- 유관 부서·외부 협력사와의 일정 조율 경험","- 지원서 또는 제출서류를 허위로 기재한 경우
- 채용 과정에서 요구한 증빙서류를 제출하지 못한 경우
- 채용검진 결과 직무 수행이 어렵다고 판단되는 경우
- 해외여행 및 근무에 결격사유가 있는 경우
- 관련 법령 또는 내부 인사규정상 채용이 불가능한 경우",서류전형 > 인성검사 > 실무면접 > 최종면접
2281,클라우드엔지니어 담당자 모집,40,229,20260613,20260706,10,신입,정규직,서울특별시,학력무관,"클라우드엔지니어 포지션은 클라우드 인프라의 설계·자동화·운영을 담당 역할입니다. 담당 업무의 목표와 우선순위를 명확히 설정하고, 일정과 품질 기준을 함께 관리합니다.

클라우드 계정, IaC, 모니터링, 비용 관리를 중심으로 실무를 수행하며, 요구사항과 결과물을 문서화해 업무 흐름이 누락되지 않도록 합니다.

기획·운영·현장 담당자 및 외부 협력 파트너와 수시로 협업합니다. 변경 사항은 영향 범위를 검토한 뒤 대안을 제시하고 합의된 방식으로 반영합니다.

문제 발생 시 사실관계와 원인을 먼저 확인하고, 재발 방지 방안을 업무 절차에 반영합니다. 입사 후에는 담당 영역의 실행력을 높이고, 정확성·일정 준수·이용자 관점의 완성도를 중요한 기준으로 삼습니다.","- 클라우드 계정, IaC, 모니터링, 비용 관리 관련 업무 계획 수립 및 실행
- 담당 과제의 일정·진행 현황 관리
- 업무 산출물 작성 및 검토 이력 관리
- 유관 부서 및 외부 협력 대상과 실무 조율
- 현장·시스템·자료에서 발생한 이슈 분석 및 조치
- 운영 기준과 체크리스트 개선
- 결과 데이터 또는 피드백을 반영한 품질 개선","- 신입 조건에 맞는 관련 실무 경험 또는 역량 보유
- 클라우드 계정, IaC, 모니터링, 비용 관리에 필요한 도구·절차를 이해하고 실무 적용이 가능한 분
- 업무 내용을 정확히 기록하고 일정에 맞춰 결과물을 제출할 수 있는 분
- 유관 부서와 원활하게 소통하며 협업할 수 있는 분
- 근무지 출퇴근 및 직무 수행이 가능한 분","- 정보처리기사 보유자
- 리눅스마스터 2급 보유자
- 클라우드 계정, IaC, 모니터링, 비용 관리 관련 프로젝트 또는 현장 수행 경험
- 업무용 문서·보고서 작성 및 이력 관리 경험
- 유관 부서·외부 협력사와의 일정 조율 경험","- 지원서 또는 제출서류를 허위로 기재한 경우
- 채용 과정에서 요구한 증빙서류를 제출하지 못한 경우
- 채용검진 결과 직무 수행이 어렵다고 판단되는 경우
- 해외여행 및 근무에 결격사유가 있는 경우
- 관련 법령 또는 내부 인사규정상 채용이 불가능한 경우",서류전형 > 실무면접 > 최종면접
2282,클라우드엔지니어 실무자 채용,151,229,20260718,20260813,12,경력,계약직,경기도,전문학사 이상,"클라우드엔지니어 포지션은 클라우드 인프라의 설계·자동화·운영을 담당 역할입니다. 담당 업무의 목표와 우선순위를 명확히 설정하고, 일정과 품질 기준을 함께 관리합니다.

클라우드 계정, IaC, 모니터링, 비용 관리를 중심으로 실무를 수행하며, 요구사항과 결과물을 문서화해 업무 흐름이 누락되지 않도록 합니다.

기획·운영·현장 담당자 및 외부 협력 파트너와 수시로 협업합니다. 변경 사항은 영향 범위를 검토한 뒤 대안을 제시하고 합의된 방식으로 반영합니다.

문제 발생 시 사실관계와 원인을 먼저 확인하고, 재발 방지 방안을 업무 절차에 반영합니다. 입사 후에는 담당 영역의 실행력을 높이고, 정확성·일정 준수·이용자 관점의 완성도를 중요한 기준으로 삼습니다.","- 클라우드 계정, IaC, 모니터링, 비용 관리 관련 업무 계획 수립 및 실행
- 담당 과제의 일정·진행 현황 관리
- 업무 산출물 작성 및 검토 이력 관리
- 유관 부서 및 외부 협력 대상과 실무 조율
- 현장·시스템·자료에서 발생한 이슈 분석 및 조치
- 운영 기준과 체크리스트 개선
- 결과 데이터 또는 피드백을 반영한 품질 개선","- 경력 조건에 맞는 관련 실무 경험 또는 역량 보유
- 클라우드 계정, IaC, 모니터링, 비용 관리에 필요한 도구·절차를 이해하고 실무 적용이 가능한 분
- 업무 내용을 정확히 기록하고 일정에 맞춰 결과물을 제출할 수 있는 분
- 유관 부서와 원활하게 소통하며 협업할 수 있는 분
- 근무지 출퇴근 및 직무 수행이 가능한 분","- 정보처리기사 보유자
- 리눅스마스터 2급 보유자
- 클라우드 계정, IaC, 모니터링, 비용 관리 관련 프로젝트 또는 현장 수행 경험
- 업무용 문서·보고서 작성 및 이력 관리 경험
- 유관 부서·외부 협력사와의 일정 조율 경험","- 지원서 또는 제출서류를 허위로 기재한 경우
- 채용 과정에서 요구한 증빙서류를 제출하지 못한 경우
- 채용검진 결과 직무 수행이 어렵다고 판단되는 경우
- 해외여행 및 근무에 결격사유가 있는 경우
- 관련 법령 또는 내부 인사규정상 채용이 불가능한 경우",서류전형 > 인성검사 > 실무면접 > 최종면접
2283,클라우드엔지니어 전문인력 채용,63,229,20260823,20260921,14,신입·경력,정규직,인천광역시,학사 이상,"클라우드엔지니어 포지션은 클라우드 인프라의 설계·자동화·운영을 담당 역할입니다. 담당 업무의 목표와 우선순위를 명확히 설정하고, 일정과 품질 기준을 함께 관리합니다.

클라우드 계정, IaC, 모니터링, 비용 관리를 중심으로 실무를 수행하며, 요구사항과 결과물을 문서화해 업무 흐름이 누락되지 않도록 합니다.

기획·운영·현장 담당자 및 외부 협력 파트너와 수시로 협업합니다. 변경 사항은 영향 범위를 검토한 뒤 대안을 제시하고 합의된 방식으로 반영합니다.

문제 발생 시 사실관계와 원인을 먼저 확인하고, 재발 방지 방안을 업무 절차에 반영합니다. 입사 후에는 담당 영역의 실행력을 높이고, 정확성·일정 준수·이용자 관점의 완성도를 중요한 기준으로 삼습니다.","- 클라우드 계정, IaC, 모니터링, 비용 관리 관련 업무 계획 수립 및 실행
- 담당 과제의 일정·진행 현황 관리
- 업무 산출물 작성 및 검토 이력 관리
- 유관 부서 및 외부 협력 대상과 실무 조율
- 현장·시스템·자료에서 발생한 이슈 분석 및 조치
- 운영 기준과 체크리스트 개선
- 결과 데이터 또는 피드백을 반영한 품질 개선","- 신입·경력 조건에 맞는 관련 실무 경험 또는 역량 보유
- 클라우드 계정, IaC, 모니터링, 비용 관리에 필요한 도구·절차를 이해하고 실무 적용이 가능한 분
- 업무 내용을 정확히 기록하고 일정에 맞춰 결과물을 제출할 수 있는 분
- 유관 부서와 원활하게 소통하며 협업할 수 있는 분
- 근무지 출퇴근 및 직무 수행이 가능한 분","- 정보처리기사 보유자
- 리눅스마스터 2급 보유자
- 클라우드 계정, IaC, 모니터링, 비용 관리 관련 프로젝트 또는 현장 수행 경험
- 업무용 문서·보고서 작성 및 이력 관리 경험
- 유관 부서·외부 협력사와의 일정 조율 경험","- 지원서 또는 제출서류를 허위로 기재한 경우
- 채용 과정에서 요구한 증빙서류를 제출하지 못한 경우
- 채용검진 결과 직무 수행이 어렵다고 판단되는 경우
- 해외여행 및 근무에 결격사유가 있는 경우
- 관련 법령 또는 내부 인사규정상 채용이 불가능한 경우",서류전형 > 직무과제 > 실무면접 > 처우협의
2284,클라우드엔지니어 운영 담당 채용,124,229,20260903,20261005,16,경력 2년 이상,정규직,대전광역시,학사 이상,"클라우드엔지니어 포지션은 클라우드 인프라의 설계·자동화·운영을 담당 역할입니다. 담당 업무의 목표와 우선순위를 명확히 설정하고, 일정과 품질 기준을 함께 관리합니다.

클라우드 계정, IaC, 모니터링, 비용 관리를 중심으로 실무를 수행하며, 요구사항과 결과물을 문서화해 업무 흐름이 누락되지 않도록 합니다.

기획·운영·현장 담당자 및 외부 협력 파트너와 수시로 협업합니다. 변경 사항은 영향 범위를 검토한 뒤 대안을 제시하고 합의된 방식으로 반영합니다.

문제 발생 시 사실관계와 원인을 먼저 확인하고, 재발 방지 방안을 업무 절차에 반영합니다. 입사 후에는 담당 영역의 실행력을 높이고, 정확성·일정 준수·이용자 관점의 완성도를 중요한 기준으로 삼습니다.","- 클라우드 계정, IaC, 모니터링, 비용 관리 관련 업무 계획 수립 및 실행
- 담당 과제의 일정·진행 현황 관리
- 업무 산출물 작성 및 검토 이력 관리
- 유관 부서 및 외부 협력 대상과 실무 조율
- 현장·시스템·자료에서 발생한 이슈 분석 및 조치
- 운영 기준과 체크리스트 개선
- 결과 데이터 또는 피드백을 반영한 품질 개선","- 경력 2년 이상 조건에 맞는 관련 실무 경험 또는 역량 보유
- 클라우드 계정, IaC, 모니터링, 비용 관리에 필요한 도구·절차를 이해하고 실무 적용이 가능한 분
- 업무 내용을 정확히 기록하고 일정에 맞춰 결과물을 제출할 수 있는 분
- 유관 부서와 원활하게 소통하며 협업할 수 있는 분
- 근무지 출퇴근 및 직무 수행이 가능한 분","- 정보처리기사 보유자
- 리눅스마스터 2급 보유자
- 클라우드 계정, IaC, 모니터링, 비용 관리 관련 프로젝트 또는 현장 수행 경험
- 업무용 문서·보고서 작성 및 이력 관리 경험
- 유관 부서·외부 협력사와의 일정 조율 경험","- 지원서 또는 제출서류를 허위로 기재한 경우
- 채용 과정에서 요구한 증빙서류를 제출하지 못한 경우
- 채용검진 결과 직무 수행이 어렵다고 판단되는 경우
- 해외여행 및 근무에 결격사유가 있는 경우
- 관련 법령 또는 내부 인사규정상 채용이 불가능한 경우",서류전형 > 1차면접 > 2차면접 > 채용검진
2285,클라우드엔지니어 프로젝트 인재 모집,152,229,20261008,20261112,18,경력 3년 이상,무기계약직,부산광역시,학력무관,"클라우드엔지니어 포지션은 클라우드 인프라의 설계·자동화·운영을 담당 역할입니다. 담당 업무의 목표와 우선순위를 명확히 설정하고, 일정과 품질 기준을 함께 관리합니다.

클라우드 계정, IaC, 모니터링, 비용 관리를 중심으로 실무를 수행하며, 요구사항과 결과물을 문서화해 업무 흐름이 누락되지 않도록 합니다.

기획·운영·현장 담당자 및 외부 협력 파트너와 수시로 협업합니다. 변경 사항은 영향 범위를 검토한 뒤 대안을 제시하고 합의된 방식으로 반영합니다.

문제 발생 시 사실관계와 원인을 먼저 확인하고, 재발 방지 방안을 업무 절차에 반영합니다. 입사 후에는 담당 영역의 실행력을 높이고, 정확성·일정 준수·이용자 관점의 완성도를 중요한 기준으로 삼습니다.","- 클라우드 계정, IaC, 모니터링, 비용 관리 관련 업무 계획 수립 및 실행
- 담당 과제의 일정·진행 현황 관리
- 업무 산출물 작성 및 검토 이력 관리
- 유관 부서 및 외부 협력 대상과 실무 조율
- 현장·시스템·자료에서 발생한 이슈 분석 및 조치
- 운영 기준과 체크리스트 개선
- 결과 데이터 또는 피드백을 반영한 품질 개선","- 경력 3년 이상 조건에 맞는 관련 실무 경험 또는 역량 보유
- 클라우드 계정, IaC, 모니터링, 비용 관리에 필요한 도구·절차를 이해하고 실무 적용이 가능한 분
- 업무 내용을 정확히 기록하고 일정에 맞춰 결과물을 제출할 수 있는 분
- 유관 부서와 원활하게 소통하며 협업할 수 있는 분
- 근무지 출퇴근 및 직무 수행이 가능한 분","- 정보처리기사 보유자
- 리눅스마스터 2급 보유자
- 클라우드 계정, IaC, 모니터링, 비용 관리 관련 프로젝트 또는 현장 수행 경험
- 업무용 문서·보고서 작성 및 이력 관리 경험
- 유관 부서·외부 협력사와의 일정 조율 경험","- 지원서 또는 제출서류를 허위로 기재한 경우
- 채용 과정에서 요구한 증빙서류를 제출하지 못한 경우
- 채용검진 결과 직무 수행이 어렵다고 판단되는 경우
- 해외여행 및 근무에 결격사유가 있는 경우
- 관련 법령 또는 내부 인사규정상 채용이 불가능한 경우",서류전형 > 실무면접 > 최종면접
2286,클라우드엔지니어 전담 인력 채용,89,229,20260213,20260323,20,경력 무관,기간제,광주광역시,전문학사 이상,"클라우드엔지니어 포지션은 클라우드 인프라의 설계·자동화·운영을 담당 역할입니다. 담당 업무의 목표와 우선순위를 명확히 설정하고, 일정과 품질 기준을 함께 관리합니다.

클라우드 계정, IaC, 모니터링, 비용 관리를 중심으로 실무를 수행하며, 요구사항과 결과물을 문서화해 업무 흐름이 누락되지 않도록 합니다.

기획·운영·현장 담당자 및 외부 협력 파트너와 수시로 협업합니다. 변경 사항은 영향 범위를 검토한 뒤 대안을 제시하고 합의된 방식으로 반영합니다.

문제 발생 시 사실관계와 원인을 먼저 확인하고, 재발 방지 방안을 업무 절차에 반영합니다. 입사 후에는 담당 영역의 실행력을 높이고, 정확성·일정 준수·이용자 관점의 완성도를 중요한 기준으로 삼습니다.","- 클라우드 계정, IaC, 모니터링, 비용 관리 관련 업무 계획 수립 및 실행
- 담당 과제의 일정·진행 현황 관리
- 업무 산출물 작성 및 검토 이력 관리
- 유관 부서 및 외부 협력 대상과 실무 조율
- 현장·시스템·자료에서 발생한 이슈 분석 및 조치
- 운영 기준과 체크리스트 개선
- 결과 데이터 또는 피드백을 반영한 품질 개선","- 경력 무관 조건에 맞는 관련 실무 경험 또는 역량 보유
- 클라우드 계정, IaC, 모니터링, 비용 관리에 필요한 도구·절차를 이해하고 실무 적용이 가능한 분
- 업무 내용을 정확히 기록하고 일정에 맞춰 결과물을 제출할 수 있는 분
- 유관 부서와 원활하게 소통하며 협업할 수 있는 분
- 근무지 출퇴근 및 직무 수행이 가능한 분","- 정보처리기사 보유자
- 리눅스마스터 2급 보유자
- 클라우드 계정, IaC, 모니터링, 비용 관리 관련 프로젝트 또는 현장 수행 경험
- 업무용 문서·보고서 작성 및 이력 관리 경험
- 유관 부서·외부 협력사와의 일정 조율 경험","- 지원서 또는 제출서류를 허위로 기재한 경우
- 채용 과정에서 요구한 증빙서류를 제출하지 못한 경우
- 채용검진 결과 직무 수행이 어렵다고 판단되는 경우
- 해외여행 및 근무에 결격사유가 있는 경우
- 관련 법령 또는 내부 인사규정상 채용이 불가능한 경우",서류전형 > 인성검사 > 실무면접 > 최종면접
2287,클라우드엔지니어 실무 인재 모집,94,229,20260318,20260428,2,경력 5년 이상,정규직,세종특별자치시,학사 이상,"클라우드엔지니어 포지션은 클라우드 인프라의 설계·자동화·운영을 담당 역할입니다. 담당 업무의 목표와 우선순위를 명확히 설정하고, 일정과 품질 기준을 함께 관리합니다.

클라우드 계정, IaC, 모니터링, 비용 관리를 중심으로 실무를 수행하며, 요구사항과 결과물을 문서화해 업무 흐름이 누락되지 않도록 합니다.

기획·운영·현장 담당자 및 외부 협력 파트너와 수시로 협업합니다. 변경 사항은 영향 범위를 검토한 뒤 대안을 제시하고 합의된 방식으로 반영합니다.

문제 발생 시 사실관계와 원인을 먼저 확인하고, 재발 방지 방안을 업무 절차에 반영합니다. 입사 후에는 담당 영역의 실행력을 높이고, 정확성·일정 준수·이용자 관점의 완성도를 중요한 기준으로 삼습니다.","- 클라우드 계정, IaC, 모니터링, 비용 관리 관련 업무 계획 수립 및 실행
- 담당 과제의 일정·진행 현황 관리
- 업무 산출물 작성 및 검토 이력 관리
- 유관 부서 및 외부 협력 대상과 실무 조율
- 현장·시스템·자료에서 발생한 이슈 분석 및 조치
- 운영 기준과 체크리스트 개선
- 결과 데이터 또는 피드백을 반영한 품질 개선","- 경력 5년 이상 조건에 맞는 관련 실무 경험 또는 역량 보유
- 클라우드 계정, IaC, 모니터링, 비용 관리에 필요한 도구·절차를 이해하고 실무 적용이 가능한 분
- 업무 내용을 정확히 기록하고 일정에 맞춰 결과물을 제출할 수 있는 분
- 유관 부서와 원활하게 소통하며 협업할 수 있는 분
- 근무지 출퇴근 및 직무 수행이 가능한 분","- 정보처리기사 보유자
- 리눅스마스터 2급 보유자
- 클라우드 계정, IaC, 모니터링, 비용 관리 관련 프로젝트 또는 현장 수행 경험
- 업무용 문서·보고서 작성 및 이력 관리 경험
- 유관 부서·외부 협력사와의 일정 조율 경험","- 지원서 또는 제출서류를 허위로 기재한 경우
- 채용 과정에서 요구한 증빙서류를 제출하지 못한 경우
- 채용검진 결과 직무 수행이 어렵다고 판단되는 경우
- 해외여행 및 근무에 결격사유가 있는 경우
- 관련 법령 또는 내부 인사규정상 채용이 불가능한 경우",서류전형 > 직무과제 > 실무면접 > 처우협의
2288,클라우드엔지니어 담당자 공개채용,139,229,20260423,20260606,4,신입·경력,계약직,충청남도,학력무관,"클라우드엔지니어 포지션은 클라우드 인프라의 설계·자동화·운영을 담당 역할입니다. 담당 업무의 목표와 우선순위를 명확히 설정하고, 일정과 품질 기준을 함께 관리합니다.

클라우드 계정, IaC, 모니터링, 비용 관리를 중심으로 실무를 수행하며, 요구사항과 결과물을 문서화해 업무 흐름이 누락되지 않도록 합니다.

기획·운영·현장 담당자 및 외부 협력 파트너와 수시로 협업합니다. 변경 사항은 영향 범위를 검토한 뒤 대안을 제시하고 합의된 방식으로 반영합니다.

문제 발생 시 사실관계와 원인을 먼저 확인하고, 재발 방지 방안을 업무 절차에 반영합니다. 입사 후에는 담당 영역의 실행력을 높이고, 정확성·일정 준수·이용자 관점의 완성도를 중요한 기준으로 삼습니다.","- 클라우드 계정, IaC, 모니터링, 비용 관리 관련 업무 계획 수립 및 실행
- 담당 과제의 일정·진행 현황 관리
- 업무 산출물 작성 및 검토 이력 관리
- 유관 부서 및 외부 협력 대상과 실무 조율
- 현장·시스템·자료에서 발생한 이슈 분석 및 조치
- 운영 기준과 체크리스트 개선
- 결과 데이터 또는 피드백을 반영한 품질 개선","- 신입·경력 조건에 맞는 관련 실무 경험 또는 역량 보유
- 클라우드 계정, IaC, 모니터링, 비용 관리에 필요한 도구·절차를 이해하고 실무 적용이 가능한 분
- 업무 내용을 정확히 기록하고 일정에 맞춰 결과물을 제출할 수 있는 분
- 유관 부서와 원활하게 소통하며 협업할 수 있는 분
- 근무지 출퇴근 및 직무 수행이 가능한 분","- 정보처리기사 보유자
- 리눅스마스터 2급 보유자
- 클라우드 계정, IaC, 모니터링, 비용 관리 관련 프로젝트 또는 현장 수행 경험
- 업무용 문서·보고서 작성 및 이력 관리 경험
- 유관 부서·외부 협력사와의 일정 조율 경험","- 지원서 또는 제출서류를 허위로 기재한 경우
- 채용 과정에서 요구한 증빙서류를 제출하지 못한 경우
- 채용검진 결과 직무 수행이 어렵다고 판단되는 경우
- 해외여행 및 근무에 결격사유가 있는 경우
- 관련 법령 또는 내부 인사규정상 채용이 불가능한 경우",서류전형 > 1차면접 > 2차면접 > 채용검진
2289,클라우드엔지니어 정규직 모집,109,229,20260503,20260514,6,경력 2년 이상,정규직,경상남도,학사 이상,"클라우드엔지니어 포지션은 클라우드 인프라의 설계·자동화·운영을 담당 역할입니다. 담당 업무의 목표와 우선순위를 명확히 설정하고, 일정과 품질 기준을 함께 관리합니다.

클라우드 계정, IaC, 모니터링, 비용 관리를 중심으로 실무를 수행하며, 요구사항과 결과물을 문서화해 업무 흐름이 누락되지 않도록 합니다.

기획·운영·현장 담당자 및 외부 협력 파트너와 수시로 협업합니다. 변경 사항은 영향 범위를 검토한 뒤 대안을 제시하고 합의된 방식으로 반영합니다.

문제 발생 시 사실관계와 원인을 먼저 확인하고, 재발 방지 방안을 업무 절차에 반영합니다. 입사 후에는 담당 영역의 실행력을 높이고, 정확성·일정 준수·이용자 관점의 완성도를 중요한 기준으로 삼습니다.","- 클라우드 계정, IaC, 모니터링, 비용 관리 관련 업무 계획 수립 및 실행
- 담당 과제의 일정·진행 현황 관리
- 업무 산출물 작성 및 검토 이력 관리
- 유관 부서 및 외부 협력 대상과 실무 조율
- 현장·시스템·자료에서 발생한 이슈 분석 및 조치
- 운영 기준과 체크리스트 개선
- 결과 데이터 또는 피드백을 반영한 품질 개선","- 경력 2년 이상 조건에 맞는 관련 실무 경험 또는 역량 보유
- 클라우드 계정, IaC, 모니터링, 비용 관리에 필요한 도구·절차를 이해하고 실무 적용이 가능한 분
- 업무 내용을 정확히 기록하고 일정에 맞춰 결과물을 제출할 수 있는 분
- 유관 부서와 원활하게 소통하며 협업할 수 있는 분
- 근무지 출퇴근 및 직무 수행이 가능한 분","- 정보처리기사 보유자
- 리눅스마스터 2급 보유자
- 클라우드 계정, IaC, 모니터링, 비용 관리 관련 프로젝트 또는 현장 수행 경험
- 업무용 문서·보고서 작성 및 이력 관리 경험
- 유관 부서·외부 협력사와의 일정 조율 경험","- 지원서 또는 제출서류를 허위로 기재한 경우
- 채용 과정에서 요구한 증빙서류를 제출하지 못한 경우
- 채용검진 결과 직무 수행이 어렵다고 판단되는 경우
- 해외여행 및 근무에 결격사유가 있는 경우
- 관련 법령 또는 내부 인사규정상 채용이 불가능한 경우",서류전형 > 실무면접 > 최종면접
2290,클라우드엔지니어 채용,15,229,20260608,20260622,8,경력,정규직,전북특별자치도,전문학사 이상,"클라우드엔지니어 포지션은 클라우드 인프라의 설계·자동화·운영을 담당 역할입니다. 담당 업무의 목표와 우선순위를 명확히 설정하고, 일정과 품질 기준을 함께 관리합니다.

클라우드 계정, IaC, 모니터링, 비용 관리를 중심으로 실무를 수행하며, 요구사항과 결과물을 문서화해 업무 흐름이 누락되지 않도록 합니다.

기획·운영·현장 담당자 및 외부 협력 파트너와 수시로 협업합니다. 변경 사항은 영향 범위를 검토한 뒤 대안을 제시하고 합의된 방식으로 반영합니다.

문제 발생 시 사실관계와 원인을 먼저 확인하고, 재발 방지 방안을 업무 절차에 반영합니다. 입사 후에는 담당 영역의 실행력을 높이고, 정확성·일정 준수·이용자 관점의 완성도를 중요한 기준으로 삼습니다.","- 클라우드 계정, IaC, 모니터링, 비용 관리 관련 업무 계획 수립 및 실행
- 담당 과제의 일정·진행 현황 관리
- 업무 산출물 작성 및 검토 이력 관리
- 유관 부서 및 외부 협력 대상과 실무 조율
- 현장·시스템·자료에서 발생한 이슈 분석 및 조치
- 운영 기준과 체크리스트 개선
- 결과 데이터 또는 피드백을 반영한 품질 개선","- 경력 조건에 맞는 관련 실무 경험 또는 역량 보유
- 클라우드 계정, IaC, 모니터링, 비용 관리에 필요한 도구·절차를 이해하고 실무 적용이 가능한 분
- 업무 내용을 정확히 기록하고 일정에 맞춰 결과물을 제출할 수 있는 분
- 유관 부서와 원활하게 소통하며 협업할 수 있는 분
- 근무지 출퇴근 및 직무 수행이 가능한 분","- 정보처리기사 보유자
- 리눅스마스터 2급 보유자
- 클라우드 계정, IaC, 모니터링, 비용 관리 관련 프로젝트 또는 현장 수행 경험
- 업무용 문서·보고서 작성 및 이력 관리 경험
- 유관 부서·외부 협력사와의 일정 조율 경험","- 지원서 또는 제출서류를 허위로 기재한 경우
- 채용 과정에서 요구한 증빙서류를 제출하지 못한 경우
- 채용검진 결과 직무 수행이 어렵다고 판단되는 경우
- 해외여행 및 근무에 결격사유가 있는 경우
- 관련 법령 또는 내부 인사규정상 채용이 불가능한 경우",서류전형 > 인성검사 > 실무면접 > 최종면접
2291,웹퍼블리셔 담당자 모집,110,230,20260716,20260809,11,신입,정규직,서울특별시,학력무관,"웹퍼블리셔 포지션은 디자인 시안을 접근성 있는 웹 화면으로 구현 역할입니다. 담당 업무의 목표와 우선순위를 명확히 설정하고, 일정과 품질 기준을 함께 관리합니다.

HTML, CSS, 반응형 화면, 웹 접근성 점검를 중심으로 실무를 수행하며, 요구사항과 결과물을 문서화해 업무 흐름이 누락되지 않도록 합니다.

기획·운영·현장 담당자 및 외부 협력 파트너와 수시로 협업합니다. 변경 사항은 영향 범위를 검토한 뒤 대안을 제시하고 합의된 방식으로 반영합니다.

문제 발생 시 사실관계와 원인을 먼저 확인하고, 재발 방지 방안을 업무 절차에 반영합니다. 입사 후에는 담당 영역의 실행력을 높이고, 정확성·일정 준수·이용자 관점의 완성도를 중요한 기준으로 삼습니다.","- HTML, CSS, 반응형 화면, 웹 접근성 점검 관련 업무 계획 수립 및 실행
- 담당 과제의 일정·진행 현황 관리
- 업무 산출물 작성 및 검토 이력 관리
- 유관 부서 및 외부 협력 대상과 실무 조율
- 현장·시스템·자료에서 발생한 이슈 분석 및 조치
- 운영 기준과 체크리스트 개선
- 결과 데이터 또는 피드백을 반영한 품질 개선","- 신입 조건에 맞는 관련 실무 경험 또는 역량 보유
- HTML, CSS, 반응형 화면, 웹 접근성 점검에 필요한 도구·절차를 이해하고 실무 적용이 가능한 분
- 업무 내용을 정확히 기록하고 일정에 맞춰 결과물을 제출할 수 있는 분
- 유관 부서와 원활하게 소통하며 협업할 수 있는 분
- 근무지 출퇴근 및 직무 수행이 가능한 분","- 웹디자인기능사 보유자
- 정보처리기능사 보유자
- HTML, CSS, 반응형 화면, 웹 접근성 점검 관련 프로젝트 또는 현장 수행 경험
- 업무용 문서·보고서 작성 및 이력 관리 경험
- 유관 부서·외부 협력사와의 일정 조율 경험","- 지원서 또는 제출서류를 허위로 기재한 경우
- 채용 과정에서 요구한 증빙서류를 제출하지 못한 경우
- 채용검진 결과 직무 수행이 어렵다고 판단되는 경우
- 해외여행 및 근무에 결격사유가 있는 경우
- 관련 법령 또는 내부 인사규정상 채용이 불가능한 경우",서류전형 > 실무면접 > 최종면접
2292,웹퍼블리셔 실무자 채용,94,230,20260821,20260917,13,경력,계약직,경기도,전문학사 이상,"웹퍼블리셔 포지션은 디자인 시안을 접근성 있는 웹 화면으로 구현 역할입니다. 담당 업무의 목표와 우선순위를 명확히 설정하고, 일정과 품질 기준을 함께 관리합니다.

HTML, CSS, 반응형 화면, 웹 접근성 점검를 중심으로 실무를 수행하며, 요구사항과 결과물을 문서화해 업무 흐름이 누락되지 않도록 합니다.

기획·운영·현장 담당자 및 외부 협력 파트너와 수시로 협업합니다. 변경 사항은 영향 범위를 검토한 뒤 대안을 제시하고 합의된 방식으로 반영합니다.

문제 발생 시 사실관계와 원인을 먼저 확인하고, 재발 방지 방안을 업무 절차에 반영합니다. 입사 후에는 담당 영역의 실행력을 높이고, 정확성·일정 준수·이용자 관점의 완성도를 중요한 기준으로 삼습니다.","- HTML, CSS, 반응형 화면, 웹 접근성 점검 관련 업무 계획 수립 및 실행
- 담당 과제의 일정·진행 현황 관리
- 업무 산출물 작성 및 검토 이력 관리
- 유관 부서 및 외부 협력 대상과 실무 조율
- 현장·시스템·자료에서 발생한 이슈 분석 및 조치
- 운영 기준과 체크리스트 개선
- 결과 데이터 또는 피드백을 반영한 품질 개선","- 경력 조건에 맞는 관련 실무 경험 또는 역량 보유
- HTML, CSS, 반응형 화면, 웹 접근성 점검에 필요한 도구·절차를 이해하고 실무 적용이 가능한 분
- 업무 내용을 정확히 기록하고 일정에 맞춰 결과물을 제출할 수 있는 분
- 유관 부서와 원활하게 소통하며 협업할 수 있는 분
- 근무지 출퇴근 및 직무 수행이 가능한 분","- 웹디자인기능사 보유자
- 정보처리기능사 보유자
- HTML, CSS, 반응형 화면, 웹 접근성 점검 관련 프로젝트 또는 현장 수행 경험
- 업무용 문서·보고서 작성 및 이력 관리 경험
- 유관 부서·외부 협력사와의 일정 조율 경험","- 지원서 또는 제출서류를 허위로 기재한 경우
- 채용 과정에서 요구한 증빙서류를 제출하지 못한 경우
- 채용검진 결과 직무 수행이 어렵다고 판단되는 경우
- 해외여행 및 근무에 결격사유가 있는 경우
- 관련 법령 또는 내부 인사규정상 채용이 불가능한 경우",서류전형 > 인성검사 > 실무면접 > 최종면접
2293,웹퍼블리셔 전문인력 채용,77,230,20260901,20261001,15,신입·경력,정규직,인천광역시,학사 이상,"웹퍼블리셔 포지션은 디자인 시안을 접근성 있는 웹 화면으로 구현 역할입니다. 담당 업무의 목표와 우선순위를 명확히 설정하고, 일정과 품질 기준을 함께 관리합니다.

HTML, CSS, 반응형 화면, 웹 접근성 점검를 중심으로 실무를 수행하며, 요구사항과 결과물을 문서화해 업무 흐름이 누락되지 않도록 합니다.

기획·운영·현장 담당자 및 외부 협력 파트너와 수시로 협업합니다. 변경 사항은 영향 범위를 검토한 뒤 대안을 제시하고 합의된 방식으로 반영합니다.

문제 발생 시 사실관계와 원인을 먼저 확인하고, 재발 방지 방안을 업무 절차에 반영합니다. 입사 후에는 담당 영역의 실행력을 높이고, 정확성·일정 준수·이용자 관점의 완성도를 중요한 기준으로 삼습니다.","- HTML, CSS, 반응형 화면, 웹 접근성 점검 관련 업무 계획 수립 및 실행
- 담당 과제의 일정·진행 현황 관리
- 업무 산출물 작성 및 검토 이력 관리
- 유관 부서 및 외부 협력 대상과 실무 조율
- 현장·시스템·자료에서 발생한 이슈 분석 및 조치
- 운영 기준과 체크리스트 개선
- 결과 데이터 또는 피드백을 반영한 품질 개선","- 신입·경력 조건에 맞는 관련 실무 경험 또는 역량 보유
- HTML, CSS, 반응형 화면, 웹 접근성 점검에 필요한 도구·절차를 이해하고 실무 적용이 가능한 분
- 업무 내용을 정확히 기록하고 일정에 맞춰 결과물을 제출할 수 있는 분
- 유관 부서와 원활하게 소통하며 협업할 수 있는 분
- 근무지 출퇴근 및 직무 수행이 가능한 분","- 웹디자인기능사 보유자
- 정보처리기능사 보유자
- HTML, CSS, 반응형 화면, 웹 접근성 점검 관련 프로젝트 또는 현장 수행 경험
- 업무용 문서·보고서 작성 및 이력 관리 경험
- 유관 부서·외부 협력사와의 일정 조율 경험","- 지원서 또는 제출서류를 허위로 기재한 경우
- 채용 과정에서 요구한 증빙서류를 제출하지 못한 경우
- 채용검진 결과 직무 수행이 어렵다고 판단되는 경우
- 해외여행 및 근무에 결격사유가 있는 경우
- 관련 법령 또는 내부 인사규정상 채용이 불가능한 경우",서류전형 > 직무과제 > 실무면접 > 처우협의
2294,웹퍼블리셔 운영 담당 채용,78,230,20261006,20261108,17,경력 2년 이상,정규직,대전광역시,학사 이상,"웹퍼블리셔 포지션은 디자인 시안을 접근성 있는 웹 화면으로 구현 역할입니다. 담당 업무의 목표와 우선순위를 명확히 설정하고, 일정과 품질 기준을 함께 관리합니다.

HTML, CSS, 반응형 화면, 웹 접근성 점검를 중심으로 실무를 수행하며, 요구사항과 결과물을 문서화해 업무 흐름이 누락되지 않도록 합니다.

기획·운영·현장 담당자 및 외부 협력 파트너와 수시로 협업합니다. 변경 사항은 영향 범위를 검토한 뒤 대안을 제시하고 합의된 방식으로 반영합니다.

문제 발생 시 사실관계와 원인을 먼저 확인하고, 재발 방지 방안을 업무 절차에 반영합니다. 입사 후에는 담당 영역의 실행력을 높이고, 정확성·일정 준수·이용자 관점의 완성도를 중요한 기준으로 삼습니다.","- HTML, CSS, 반응형 화면, 웹 접근성 점검 관련 업무 계획 수립 및 실행
- 담당 과제의 일정·진행 현황 관리
- 업무 산출물 작성 및 검토 이력 관리
- 유관 부서 및 외부 협력 대상과 실무 조율
- 현장·시스템·자료에서 발생한 이슈 분석 및 조치
- 운영 기준과 체크리스트 개선
- 결과 데이터 또는 피드백을 반영한 품질 개선","- 경력 2년 이상 조건에 맞는 관련 실무 경험 또는 역량 보유
- HTML, CSS, 반응형 화면, 웹 접근성 점검에 필요한 도구·절차를 이해하고 실무 적용이 가능한 분
- 업무 내용을 정확히 기록하고 일정에 맞춰 결과물을 제출할 수 있는 분
- 유관 부서와 원활하게 소통하며 협업할 수 있는 분
- 근무지 출퇴근 및 직무 수행이 가능한 분","- 웹디자인기능사 보유자
- 정보처리기능사 보유자
- HTML, CSS, 반응형 화면, 웹 접근성 점검 관련 프로젝트 또는 현장 수행 경험
- 업무용 문서·보고서 작성 및 이력 관리 경험
- 유관 부서·외부 협력사와의 일정 조율 경험","- 지원서 또는 제출서류를 허위로 기재한 경우
- 채용 과정에서 요구한 증빙서류를 제출하지 못한 경우
- 채용검진 결과 직무 수행이 어렵다고 판단되는 경우
- 해외여행 및 근무에 결격사유가 있는 경우
- 관련 법령 또는 내부 인사규정상 채용이 불가능한 경우",서류전형 > 1차면접 > 2차면접 > 채용검진
2295,웹퍼블리셔 프로젝트 인재 모집,50,230,20260211,20260319,19,경력 3년 이상,무기계약직,부산광역시,학력무관,"웹퍼블리셔 포지션은 디자인 시안을 접근성 있는 웹 화면으로 구현 역할입니다. 담당 업무의 목표와 우선순위를 명확히 설정하고, 일정과 품질 기준을 함께 관리합니다.

HTML, CSS, 반응형 화면, 웹 접근성 점검를 중심으로 실무를 수행하며, 요구사항과 결과물을 문서화해 업무 흐름이 누락되지 않도록 합니다.

기획·운영·현장 담당자 및 외부 협력 파트너와 수시로 협업합니다. 변경 사항은 영향 범위를 검토한 뒤 대안을 제시하고 합의된 방식으로 반영합니다.

문제 발생 시 사실관계와 원인을 먼저 확인하고, 재발 방지 방안을 업무 절차에 반영합니다. 입사 후에는 담당 영역의 실행력을 높이고, 정확성·일정 준수·이용자 관점의 완성도를 중요한 기준으로 삼습니다.","- HTML, CSS, 반응형 화면, 웹 접근성 점검 관련 업무 계획 수립 및 실행
- 담당 과제의 일정·진행 현황 관리
- 업무 산출물 작성 및 검토 이력 관리
- 유관 부서 및 외부 협력 대상과 실무 조율
- 현장·시스템·자료에서 발생한 이슈 분석 및 조치
- 운영 기준과 체크리스트 개선
- 결과 데이터 또는 피드백을 반영한 품질 개선","- 경력 3년 이상 조건에 맞는 관련 실무 경험 또는 역량 보유
- HTML, CSS, 반응형 화면, 웹 접근성 점검에 필요한 도구·절차를 이해하고 실무 적용이 가능한 분
- 업무 내용을 정확히 기록하고 일정에 맞춰 결과물을 제출할 수 있는 분
- 유관 부서와 원활하게 소통하며 협업할 수 있는 분
- 근무지 출퇴근 및 직무 수행이 가능한 분","- 웹디자인기능사 보유자
- 정보처리기능사 보유자
- HTML, CSS, 반응형 화면, 웹 접근성 점검 관련 프로젝트 또는 현장 수행 경험
- 업무용 문서·보고서 작성 및 이력 관리 경험
- 유관 부서·외부 협력사와의 일정 조율 경험","- 지원서 또는 제출서류를 허위로 기재한 경우
- 채용 과정에서 요구한 증빙서류를 제출하지 못한 경우
- 채용검진 결과 직무 수행이 어렵다고 판단되는 경우
- 해외여행 및 근무에 결격사유가 있는 경우
- 관련 법령 또는 내부 인사규정상 채용이 불가능한 경우",서류전형 > 실무면접 > 최종면접
2296,웹퍼블리셔 전담 인력 채용,99,230,20260316,20260424,1,경력 무관,기간제,광주광역시,전문학사 이상,"웹퍼블리셔 포지션은 디자인 시안을 접근성 있는 웹 화면으로 구현 역할입니다. 담당 업무의 목표와 우선순위를 명확히 설정하고, 일정과 품질 기준을 함께 관리합니다.

HTML, CSS, 반응형 화면, 웹 접근성 점검를 중심으로 실무를 수행하며, 요구사항과 결과물을 문서화해 업무 흐름이 누락되지 않도록 합니다.

기획·운영·현장 담당자 및 외부 협력 파트너와 수시로 협업합니다. 변경 사항은 영향 범위를 검토한 뒤 대안을 제시하고 합의된 방식으로 반영합니다.

문제 발생 시 사실관계와 원인을 먼저 확인하고, 재발 방지 방안을 업무 절차에 반영합니다. 입사 후에는 담당 영역의 실행력을 높이고, 정확성·일정 준수·이용자 관점의 완성도를 중요한 기준으로 삼습니다.","- HTML, CSS, 반응형 화면, 웹 접근성 점검 관련 업무 계획 수립 및 실행
- 담당 과제의 일정·진행 현황 관리
- 업무 산출물 작성 및 검토 이력 관리
- 유관 부서 및 외부 협력 대상과 실무 조율
- 현장·시스템·자료에서 발생한 이슈 분석 및 조치
- 운영 기준과 체크리스트 개선
- 결과 데이터 또는 피드백을 반영한 품질 개선","- 경력 무관 조건에 맞는 관련 실무 경험 또는 역량 보유
- HTML, CSS, 반응형 화면, 웹 접근성 점검에 필요한 도구·절차를 이해하고 실무 적용이 가능한 분
- 업무 내용을 정확히 기록하고 일정에 맞춰 결과물을 제출할 수 있는 분
- 유관 부서와 원활하게 소통하며 협업할 수 있는 분
- 근무지 출퇴근 및 직무 수행이 가능한 분","- 웹디자인기능사 보유자
- 정보처리기능사 보유자
- HTML, CSS, 반응형 화면, 웹 접근성 점검 관련 프로젝트 또는 현장 수행 경험
- 업무용 문서·보고서 작성 및 이력 관리 경험
- 유관 부서·외부 협력사와의 일정 조율 경험","- 지원서 또는 제출서류를 허위로 기재한 경우
- 채용 과정에서 요구한 증빙서류를 제출하지 못한 경우
- 채용검진 결과 직무 수행이 어렵다고 판단되는 경우
- 해외여행 및 근무에 결격사유가 있는 경우
- 관련 법령 또는 내부 인사규정상 채용이 불가능한 경우",서류전형 > 인성검사 > 실무면접 > 최종면접
2297,웹퍼블리셔 실무 인재 모집,8,230,20260421,20260602,3,경력 5년 이상,정규직,세종특별자치시,학사 이상,"웹퍼블리셔 포지션은 디자인 시안을 접근성 있는 웹 화면으로 구현 역할입니다. 담당 업무의 목표와 우선순위를 명확히 설정하고, 일정과 품질 기준을 함께 관리합니다.

HTML, CSS, 반응형 화면, 웹 접근성 점검를 중심으로 실무를 수행하며, 요구사항과 결과물을 문서화해 업무 흐름이 누락되지 않도록 합니다.

기획·운영·현장 담당자 및 외부 협력 파트너와 수시로 협업합니다. 변경 사항은 영향 범위를 검토한 뒤 대안을 제시하고 합의된 방식으로 반영합니다.

문제 발생 시 사실관계와 원인을 먼저 확인하고, 재발 방지 방안을 업무 절차에 반영합니다. 입사 후에는 담당 영역의 실행력을 높이고, 정확성·일정 준수·이용자 관점의 완성도를 중요한 기준으로 삼습니다.","- HTML, CSS, 반응형 화면, 웹 접근성 점검 관련 업무 계획 수립 및 실행
- 담당 과제의 일정·진행 현황 관리
- 업무 산출물 작성 및 검토 이력 관리
- 유관 부서 및 외부 협력 대상과 실무 조율
- 현장·시스템·자료에서 발생한 이슈 분석 및 조치
- 운영 기준과 체크리스트 개선
- 결과 데이터 또는 피드백을 반영한 품질 개선","- 경력 5년 이상 조건에 맞는 관련 실무 경험 또는 역량 보유
- HTML, CSS, 반응형 화면, 웹 접근성 점검에 필요한 도구·절차를 이해하고 실무 적용이 가능한 분
- 업무 내용을 정확히 기록하고 일정에 맞춰 결과물을 제출할 수 있는 분
- 유관 부서와 원활하게 소통하며 협업할 수 있는 분
- 근무지 출퇴근 및 직무 수행이 가능한 분","- 웹디자인기능사 보유자
- 정보처리기능사 보유자
- HTML, CSS, 반응형 화면, 웹 접근성 점검 관련 프로젝트 또는 현장 수행 경험
- 업무용 문서·보고서 작성 및 이력 관리 경험
- 유관 부서·외부 협력사와의 일정 조율 경험","- 지원서 또는 제출서류를 허위로 기재한 경우
- 채용 과정에서 요구한 증빙서류를 제출하지 못한 경우
- 채용검진 결과 직무 수행이 어렵다고 판단되는 경우
- 해외여행 및 근무에 결격사유가 있는 경우
- 관련 법령 또는 내부 인사규정상 채용이 불가능한 경우",서류전형 > 직무과제 > 실무면접 > 처우협의
2298,웹퍼블리셔 담당자 공개채용,145,230,20260501,20260615,5,신입·경력,계약직,충청남도,학력무관,"웹퍼블리셔 포지션은 디자인 시안을 접근성 있는 웹 화면으로 구현 역할입니다. 담당 업무의 목표와 우선순위를 명확히 설정하고, 일정과 품질 기준을 함께 관리합니다.

HTML, CSS, 반응형 화면, 웹 접근성 점검를 중심으로 실무를 수행하며, 요구사항과 결과물을 문서화해 업무 흐름이 누락되지 않도록 합니다.

기획·운영·현장 담당자 및 외부 협력 파트너와 수시로 협업합니다. 변경 사항은 영향 범위를 검토한 뒤 대안을 제시하고 합의된 방식으로 반영합니다.

문제 발생 시 사실관계와 원인을 먼저 확인하고, 재발 방지 방안을 업무 절차에 반영합니다. 입사 후에는 담당 영역의 실행력을 높이고, 정확성·일정 준수·이용자 관점의 완성도를 중요한 기준으로 삼습니다.","- HTML, CSS, 반응형 화면, 웹 접근성 점검 관련 업무 계획 수립 및 실행
- 담당 과제의 일정·진행 현황 관리
- 업무 산출물 작성 및 검토 이력 관리
- 유관 부서 및 외부 협력 대상과 실무 조율
- 현장·시스템·자료에서 발생한 이슈 분석 및 조치
- 운영 기준과 체크리스트 개선
- 결과 데이터 또는 피드백을 반영한 품질 개선","- 신입·경력 조건에 맞는 관련 실무 경험 또는 역량 보유
- HTML, CSS, 반응형 화면, 웹 접근성 점검에 필요한 도구·절차를 이해하고 실무 적용이 가능한 분
- 업무 내용을 정확히 기록하고 일정에 맞춰 결과물을 제출할 수 있는 분
- 유관 부서와 원활하게 소통하며 협업할 수 있는 분
- 근무지 출퇴근 및 직무 수행이 가능한 분","- 웹디자인기능사 보유자
- 정보처리기능사 보유자
- HTML, CSS, 반응형 화면, 웹 접근성 점검 관련 프로젝트 또는 현장 수행 경험
- 업무용 문서·보고서 작성 및 이력 관리 경험
- 유관 부서·외부 협력사와의 일정 조율 경험","- 지원서 또는 제출서류를 허위로 기재한 경우
- 채용 과정에서 요구한 증빙서류를 제출하지 못한 경우
- 채용검진 결과 직무 수행이 어렵다고 판단되는 경우
- 해외여행 및 근무에 결격사유가 있는 경우
- 관련 법령 또는 내부 인사규정상 채용이 불가능한 경우",서류전형 > 1차면접 > 2차면접 > 채용검진
2299,웹퍼블리셔 정규직 모집,44,230,20260606,20260618,7,경력 2년 이상,정규직,경상남도,학사 이상,"웹퍼블리셔 포지션은 디자인 시안을 접근성 있는 웹 화면으로 구현 역할입니다. 담당 업무의 목표와 우선순위를 명확히 설정하고, 일정과 품질 기준을 함께 관리합니다.

HTML, CSS, 반응형 화면, 웹 접근성 점검를 중심으로 실무를 수행하며, 요구사항과 결과물을 문서화해 업무 흐름이 누락되지 않도록 합니다.

기획·운영·현장 담당자 및 외부 협력 파트너와 수시로 협업합니다. 변경 사항은 영향 범위를 검토한 뒤 대안을 제시하고 합의된 방식으로 반영합니다.

문제 발생 시 사실관계와 원인을 먼저 확인하고, 재발 방지 방안을 업무 절차에 반영합니다. 입사 후에는 담당 영역의 실행력을 높이고, 정확성·일정 준수·이용자 관점의 완성도를 중요한 기준으로 삼습니다.","- HTML, CSS, 반응형 화면, 웹 접근성 점검 관련 업무 계획 수립 및 실행
- 담당 과제의 일정·진행 현황 관리
- 업무 산출물 작성 및 검토 이력 관리
- 유관 부서 및 외부 협력 대상과 실무 조율
- 현장·시스템·자료에서 발생한 이슈 분석 및 조치
- 운영 기준과 체크리스트 개선
- 결과 데이터 또는 피드백을 반영한 품질 개선","- 경력 2년 이상 조건에 맞는 관련 실무 경험 또는 역량 보유
- HTML, CSS, 반응형 화면, 웹 접근성 점검에 필요한 도구·절차를 이해하고 실무 적용이 가능한 분
- 업무 내용을 정확히 기록하고 일정에 맞춰 결과물을 제출할 수 있는 분
- 유관 부서와 원활하게 소통하며 협업할 수 있는 분
- 근무지 출퇴근 및 직무 수행이 가능한 분","- 웹디자인기능사 보유자
- 정보처리기능사 보유자
- HTML, CSS, 반응형 화면, 웹 접근성 점검 관련 프로젝트 또는 현장 수행 경험
- 업무용 문서·보고서 작성 및 이력 관리 경험
- 유관 부서·외부 협력사와의 일정 조율 경험","- 지원서 또는 제출서류를 허위로 기재한 경우
- 채용 과정에서 요구한 증빙서류를 제출하지 못한 경우
- 채용검진 결과 직무 수행이 어렵다고 판단되는 경우
- 해외여행 및 근무에 결격사유가 있는 경우
- 관련 법령 또는 내부 인사규정상 채용이 불가능한 경우",서류전형 > 실무면접 > 최종면접
2300,웹퍼블리셔 채용,127,230,20260711,20260726,9,경력,정규직,전북특별자치도,전문학사 이상,"웹퍼블리셔 포지션은 디자인 시안을 접근성 있는 웹 화면으로 구현 역할입니다. 담당 업무의 목표와 우선순위를 명확히 설정하고, 일정과 품질 기준을 함께 관리합니다.

HTML, CSS, 반응형 화면, 웹 접근성 점검를 중심으로 실무를 수행하며, 요구사항과 결과물을 문서화해 업무 흐름이 누락되지 않도록 합니다.

기획·운영·현장 담당자 및 외부 협력 파트너와 수시로 협업합니다. 변경 사항은 영향 범위를 검토한 뒤 대안을 제시하고 합의된 방식으로 반영합니다.

문제 발생 시 사실관계와 원인을 먼저 확인하고, 재발 방지 방안을 업무 절차에 반영합니다. 입사 후에는 담당 영역의 실행력을 높이고, 정확성·일정 준수·이용자 관점의 완성도를 중요한 기준으로 삼습니다.","- HTML, CSS, 반응형 화면, 웹 접근성 점검 관련 업무 계획 수립 및 실행
- 담당 과제의 일정·진행 현황 관리
- 업무 산출물 작성 및 검토 이력 관리
- 유관 부서 및 외부 협력 대상과 실무 조율
- 현장·시스템·자료에서 발생한 이슈 분석 및 조치
- 운영 기준과 체크리스트 개선
- 결과 데이터 또는 피드백을 반영한 품질 개선","- 경력 조건에 맞는 관련 실무 경험 또는 역량 보유
- HTML, CSS, 반응형 화면, 웹 접근성 점검에 필요한 도구·절차를 이해하고 실무 적용이 가능한 분
- 업무 내용을 정확히 기록하고 일정에 맞춰 결과물을 제출할 수 있는 분
- 유관 부서와 원활하게 소통하며 협업할 수 있는 분
- 근무지 출퇴근 및 직무 수행이 가능한 분","- 웹디자인기능사 보유자
- 정보처리기능사 보유자
- HTML, CSS, 반응형 화면, 웹 접근성 점검 관련 프로젝트 또는 현장 수행 경험
- 업무용 문서·보고서 작성 및 이력 관리 경험
- 유관 부서·외부 협력사와의 일정 조율 경험","- 지원서 또는 제출서류를 허위로 기재한 경우
- 채용 과정에서 요구한 증빙서류를 제출하지 못한 경우
- 채용검진 결과 직무 수행이 어렵다고 판단되는 경우
- 해외여행 및 근무에 결격사유가 있는 경우
- 관련 법령 또는 내부 인사규정상 채용이 불가능한 경우",서류전형 > 인성검사 > 실무면접 > 최종면접
2301,IT컨설팅 담당자 모집,97,231,20260819,20260913,12,신입,정규직,서울특별시,학력무관,"IT컨설팅 포지션은 고객의 IT 과제를 분석하고 실행 방안을 제안 역할입니다. 담당 업무의 목표와 우선순위를 명확히 설정하고, 일정과 품질 기준을 함께 관리합니다.

현황 분석, 요구사항, 개선안, 프로젝트 보고서를 중심으로 실무를 수행하며, 요구사항과 결과물을 문서화해 업무 흐름이 누락되지 않도록 합니다.

기획·운영·현장 담당자 및 외부 협력 파트너와 수시로 협업합니다. 변경 사항은 영향 범위를 검토한 뒤 대안을 제시하고 합의된 방식으로 반영합니다.

문제 발생 시 사실관계와 원인을 먼저 확인하고, 재발 방지 방안을 업무 절차에 반영합니다. 입사 후에는 담당 영역의 실행력을 높이고, 정확성·일정 준수·이용자 관점의 완성도를 중요한 기준으로 삼습니다.","- 현황 분석, 요구사항, 개선안, 프로젝트 보고서 관련 업무 계획 수립 및 실행
- 담당 과제의 일정·진행 현황 관리
- 업무 산출물 작성 및 검토 이력 관리
- 유관 부서 및 외부 협력 대상과 실무 조율
- 현장·시스템·자료에서 발생한 이슈 분석 및 조치
- 운영 기준과 체크리스트 개선
- 결과 데이터 또는 피드백을 반영한 품질 개선","- 신입 조건에 맞는 관련 실무 경험 또는 역량 보유
- 현황 분석, 요구사항, 개선안, 프로젝트 보고서에 필요한 도구·절차를 이해하고 실무 적용이 가능한 분
- 업무 내용을 정확히 기록하고 일정에 맞춰 결과물을 제출할 수 있는 분
- 유관 부서와 원활하게 소통하며 협업할 수 있는 분
- 근무지 출퇴근 및 직무 수행이 가능한 분","- 정보처리기사 보유자
- PMP 보유자
- 현황 분석, 요구사항, 개선안, 프로젝트 보고서 관련 프로젝트 또는 현장 수행 경험
- 업무용 문서·보고서 작성 및 이력 관리 경험
- 유관 부서·외부 협력사와의 일정 조율 경험","- 지원서 또는 제출서류를 허위로 기재한 경우
- 채용 과정에서 요구한 증빙서류를 제출하지 못한 경우
- 채용검진 결과 직무 수행이 어렵다고 판단되는 경우
- 해외여행 및 근무에 결격사유가 있는 경우
- 관련 법령 또는 내부 인사규정상 채용이 불가능한 경우",서류전형 > 실무면접 > 최종면접
2302,IT컨설팅 실무자 채용,153,231,20260924,20261022,14,경력,계약직,경기도,전문학사 이상,"IT컨설팅 포지션은 고객의 IT 과제를 분석하고 실행 방안을 제안 역할입니다. 담당 업무의 목표와 우선순위를 명확히 설정하고, 일정과 품질 기준을 함께 관리합니다.

현황 분석, 요구사항, 개선안, 프로젝트 보고서를 중심으로 실무를 수행하며, 요구사항과 결과물을 문서화해 업무 흐름이 누락되지 않도록 합니다.

기획·운영·현장 담당자 및 외부 협력 파트너와 수시로 협업합니다. 변경 사항은 영향 범위를 검토한 뒤 대안을 제시하고 합의된 방식으로 반영합니다.

문제 발생 시 사실관계와 원인을 먼저 확인하고, 재발 방지 방안을 업무 절차에 반영합니다. 입사 후에는 담당 영역의 실행력을 높이고, 정확성·일정 준수·이용자 관점의 완성도를 중요한 기준으로 삼습니다.","- 현황 분석, 요구사항, 개선안, 프로젝트 보고서 관련 업무 계획 수립 및 실행
- 담당 과제의 일정·진행 현황 관리
- 업무 산출물 작성 및 검토 이력 관리
- 유관 부서 및 외부 협력 대상과 실무 조율
- 현장·시스템·자료에서 발생한 이슈 분석 및 조치
- 운영 기준과 체크리스트 개선
- 결과 데이터 또는 피드백을 반영한 품질 개선","- 경력 조건에 맞는 관련 실무 경험 또는 역량 보유
- 현황 분석, 요구사항, 개선안, 프로젝트 보고서에 필요한 도구·절차를 이해하고 실무 적용이 가능한 분
- 업무 내용을 정확히 기록하고 일정에 맞춰 결과물을 제출할 수 있는 분
- 유관 부서와 원활하게 소통하며 협업할 수 있는 분
- 근무지 출퇴근 및 직무 수행이 가능한 분","- 정보처리기사 보유자
- PMP 보유자
- 현황 분석, 요구사항, 개선안, 프로젝트 보고서 관련 프로젝트 또는 현장 수행 경험
- 업무용 문서·보고서 작성 및 이력 관리 경험
- 유관 부서·외부 협력사와의 일정 조율 경험","- 지원서 또는 제출서류를 허위로 기재한 경우
- 채용 과정에서 요구한 증빙서류를 제출하지 못한 경우
- 채용검진 결과 직무 수행이 어렵다고 판단되는 경우
- 해외여행 및 근무에 결격사유가 있는 경우
- 관련 법령 또는 내부 인사규정상 채용이 불가능한 경우",서류전형 > 인성검사 > 실무면접 > 최종면접
2303,IT컨설팅 전문인력 채용,78,231,20261004,20261104,16,신입·경력,정규직,인천광역시,학사 이상,"IT컨설팅 포지션은 고객의 IT 과제를 분석하고 실행 방안을 제안 역할입니다. 담당 업무의 목표와 우선순위를 명확히 설정하고, 일정과 품질 기준을 함께 관리합니다.

현황 분석, 요구사항, 개선안, 프로젝트 보고서를 중심으로 실무를 수행하며, 요구사항과 결과물을 문서화해 업무 흐름이 누락되지 않도록 합니다.

기획·운영·현장 담당자 및 외부 협력 파트너와 수시로 협업합니다. 변경 사항은 영향 범위를 검토한 뒤 대안을 제시하고 합의된 방식으로 반영합니다.

문제 발생 시 사실관계와 원인을 먼저 확인하고, 재발 방지 방안을 업무 절차에 반영합니다. 입사 후에는 담당 영역의 실행력을 높이고, 정확성·일정 준수·이용자 관점의 완성도를 중요한 기준으로 삼습니다.","- 현황 분석, 요구사항, 개선안, 프로젝트 보고서 관련 업무 계획 수립 및 실행
- 담당 과제의 일정·진행 현황 관리
- 업무 산출물 작성 및 검토 이력 관리
- 유관 부서 및 외부 협력 대상과 실무 조율
- 현장·시스템·자료에서 발생한 이슈 분석 및 조치
- 운영 기준과 체크리스트 개선
- 결과 데이터 또는 피드백을 반영한 품질 개선","- 신입·경력 조건에 맞는 관련 실무 경험 또는 역량 보유
- 현황 분석, 요구사항, 개선안, 프로젝트 보고서에 필요한 도구·절차를 이해하고 실무 적용이 가능한 분
- 업무 내용을 정확히 기록하고 일정에 맞춰 결과물을 제출할 수 있는 분
- 유관 부서와 원활하게 소통하며 협업할 수 있는 분
- 근무지 출퇴근 및 직무 수행이 가능한 분","- 정보처리기사 보유자
- PMP 보유자
- 현황 분석, 요구사항, 개선안, 프로젝트 보고서 관련 프로젝트 또는 현장 수행 경험
- 업무용 문서·보고서 작성 및 이력 관리 경험
- 유관 부서·외부 협력사와의 일정 조율 경험","- 지원서 또는 제출서류를 허위로 기재한 경우
- 채용 과정에서 요구한 증빙서류를 제출하지 못한 경우
- 채용검진 결과 직무 수행이 어렵다고 판단되는 경우
- 해외여행 및 근무에 결격사유가 있는 경우
- 관련 법령 또는 내부 인사규정상 채용이 불가능한 경우",서류전형 > 직무과제 > 실무면접 > 처우협의
2304,IT컨설팅 운영 담당 채용,151,231,20260209,20260315,18,경력 2년 이상,정규직,대전광역시,학사 이상,"IT컨설팅 포지션은 고객의 IT 과제를 분석하고 실행 방안을 제안 역할입니다. 담당 업무의 목표와 우선순위를 명확히 설정하고, 일정과 품질 기준을 함께 관리합니다.

현황 분석, 요구사항, 개선안, 프로젝트 보고서를 중심으로 실무를 수행하며, 요구사항과 결과물을 문서화해 업무 흐름이 누락되지 않도록 합니다.

기획·운영·현장 담당자 및 외부 협력 파트너와 수시로 협업합니다. 변경 사항은 영향 범위를 검토한 뒤 대안을 제시하고 합의된 방식으로 반영합니다.

문제 발생 시 사실관계와 원인을 먼저 확인하고, 재발 방지 방안을 업무 절차에 반영합니다. 입사 후에는 담당 영역의 실행력을 높이고, 정확성·일정 준수·이용자 관점의 완성도를 중요한 기준으로 삼습니다.","- 현황 분석, 요구사항, 개선안, 프로젝트 보고서 관련 업무 계획 수립 및 실행
- 담당 과제의 일정·진행 현황 관리
- 업무 산출물 작성 및 검토 이력 관리
- 유관 부서 및 외부 협력 대상과 실무 조율
- 현장·시스템·자료에서 발생한 이슈 분석 및 조치
- 운영 기준과 체크리스트 개선
- 결과 데이터 또는 피드백을 반영한 품질 개선","- 경력 2년 이상 조건에 맞는 관련 실무 경험 또는 역량 보유
- 현황 분석, 요구사항, 개선안, 프로젝트 보고서에 필요한 도구·절차를 이해하고 실무 적용이 가능한 분
- 업무 내용을 정확히 기록하고 일정에 맞춰 결과물을 제출할 수 있는 분
- 유관 부서와 원활하게 소통하며 협업할 수 있는 분
- 근무지 출퇴근 및 직무 수행이 가능한 분","- 정보처리기사 보유자
- PMP 보유자
- 현황 분석, 요구사항, 개선안, 프로젝트 보고서 관련 프로젝트 또는 현장 수행 경험
- 업무용 문서·보고서 작성 및 이력 관리 경험
- 유관 부서·외부 협력사와의 일정 조율 경험","- 지원서 또는 제출서류를 허위로 기재한 경우
- 채용 과정에서 요구한 증빙서류를 제출하지 못한 경우
- 채용검진 결과 직무 수행이 어렵다고 판단되는 경우
- 해외여행 및 근무에 결격사유가 있는 경우
- 관련 법령 또는 내부 인사규정상 채용이 불가능한 경우",서류전형 > 1차면접 > 2차면접 > 채용검진
2305,IT컨설팅 프로젝트 인재 모집,47,231,20260314,20260420,20,경력 3년 이상,무기계약직,부산광역시,학력무관,"IT컨설팅 포지션은 고객의 IT 과제를 분석하고 실행 방안을 제안 역할입니다. 담당 업무의 목표와 우선순위를 명확히 설정하고, 일정과 품질 기준을 함께 관리합니다.

현황 분석, 요구사항, 개선안, 프로젝트 보고서를 중심으로 실무를 수행하며, 요구사항과 결과물을 문서화해 업무 흐름이 누락되지 않도록 합니다.

기획·운영·현장 담당자 및 외부 협력 파트너와 수시로 협업합니다. 변경 사항은 영향 범위를 검토한 뒤 대안을 제시하고 합의된 방식으로 반영합니다.

문제 발생 시 사실관계와 원인을 먼저 확인하고, 재발 방지 방안을 업무 절차에 반영합니다. 입사 후에는 담당 영역의 실행력을 높이고, 정확성·일정 준수·이용자 관점의 완성도를 중요한 기준으로 삼습니다.","- 현황 분석, 요구사항, 개선안, 프로젝트 보고서 관련 업무 계획 수립 및 실행
- 담당 과제의 일정·진행 현황 관리
- 업무 산출물 작성 및 검토 이력 관리
- 유관 부서 및 외부 협력 대상과 실무 조율
- 현장·시스템·자료에서 발생한 이슈 분석 및 조치
- 운영 기준과 체크리스트 개선
- 결과 데이터 또는 피드백을 반영한 품질 개선","- 경력 3년 이상 조건에 맞는 관련 실무 경험 또는 역량 보유
- 현황 분석, 요구사항, 개선안, 프로젝트 보고서에 필요한 도구·절차를 이해하고 실무 적용이 가능한 분
- 업무 내용을 정확히 기록하고 일정에 맞춰 결과물을 제출할 수 있는 분
- 유관 부서와 원활하게 소통하며 협업할 수 있는 분
- 근무지 출퇴근 및 직무 수행이 가능한 분","- 정보처리기사 보유자
- PMP 보유자
- 현황 분석, 요구사항, 개선안, 프로젝트 보고서 관련 프로젝트 또는 현장 수행 경험
- 업무용 문서·보고서 작성 및 이력 관리 경험
- 유관 부서·외부 협력사와의 일정 조율 경험","- 지원서 또는 제출서류를 허위로 기재한 경우
- 채용 과정에서 요구한 증빙서류를 제출하지 못한 경우
- 채용검진 결과 직무 수행이 어렵다고 판단되는 경우
- 해외여행 및 근무에 결격사유가 있는 경우
- 관련 법령 또는 내부 인사규정상 채용이 불가능한 경우",서류전형 > 실무면접 > 최종면접
2306,IT컨설팅 전담 인력 채용,89,231,20260419,20260529,2,경력 무관,기간제,광주광역시,전문학사 이상,"IT컨설팅 포지션은 고객의 IT 과제를 분석하고 실행 방안을 제안 역할입니다. 담당 업무의 목표와 우선순위를 명확히 설정하고, 일정과 품질 기준을 함께 관리합니다.

현황 분석, 요구사항, 개선안, 프로젝트 보고서를 중심으로 실무를 수행하며, 요구사항과 결과물을 문서화해 업무 흐름이 누락되지 않도록 합니다.

기획·운영·현장 담당자 및 외부 협력 파트너와 수시로 협업합니다. 변경 사항은 영향 범위를 검토한 뒤 대안을 제시하고 합의된 방식으로 반영합니다.

문제 발생 시 사실관계와 원인을 먼저 확인하고, 재발 방지 방안을 업무 절차에 반영합니다. 입사 후에는 담당 영역의 실행력을 높이고, 정확성·일정 준수·이용자 관점의 완성도를 중요한 기준으로 삼습니다.","- 현황 분석, 요구사항, 개선안, 프로젝트 보고서 관련 업무 계획 수립 및 실행
- 담당 과제의 일정·진행 현황 관리
- 업무 산출물 작성 및 검토 이력 관리
- 유관 부서 및 외부 협력 대상과 실무 조율
- 현장·시스템·자료에서 발생한 이슈 분석 및 조치
- 운영 기준과 체크리스트 개선
- 결과 데이터 또는 피드백을 반영한 품질 개선","- 경력 무관 조건에 맞는 관련 실무 경험 또는 역량 보유
- 현황 분석, 요구사항, 개선안, 프로젝트 보고서에 필요한 도구·절차를 이해하고 실무 적용이 가능한 분
- 업무 내용을 정확히 기록하고 일정에 맞춰 결과물을 제출할 수 있는 분
- 유관 부서와 원활하게 소통하며 협업할 수 있는 분
- 근무지 출퇴근 및 직무 수행이 가능한 분","- 정보처리기사 보유자
- PMP 보유자
- 현황 분석, 요구사항, 개선안, 프로젝트 보고서 관련 프로젝트 또는 현장 수행 경험
- 업무용 문서·보고서 작성 및 이력 관리 경험
- 유관 부서·외부 협력사와의 일정 조율 경험","- 지원서 또는 제출서류를 허위로 기재한 경우
- 채용 과정에서 요구한 증빙서류를 제출하지 못한 경우
- 채용검진 결과 직무 수행이 어렵다고 판단되는 경우
- 해외여행 및 근무에 결격사유가 있는 경우
- 관련 법령 또는 내부 인사규정상 채용이 불가능한 경우",서류전형 > 인성검사 > 실무면접 > 최종면접
2307,IT컨설팅 실무 인재 모집,66,231,20260524,20260706,4,경력 5년 이상,정규직,세종특별자치시,학사 이상,"IT컨설팅 포지션은 고객의 IT 과제를 분석하고 실행 방안을 제안 역할입니다. 담당 업무의 목표와 우선순위를 명확히 설정하고, 일정과 품질 기준을 함께 관리합니다.

현황 분석, 요구사항, 개선안, 프로젝트 보고서를 중심으로 실무를 수행하며, 요구사항과 결과물을 문서화해 업무 흐름이 누락되지 않도록 합니다.

기획·운영·현장 담당자 및 외부 협력 파트너와 수시로 협업합니다. 변경 사항은 영향 범위를 검토한 뒤 대안을 제시하고 합의된 방식으로 반영합니다.

문제 발생 시 사실관계와 원인을 먼저 확인하고, 재발 방지 방안을 업무 절차에 반영합니다. 입사 후에는 담당 영역의 실행력을 높이고, 정확성·일정 준수·이용자 관점의 완성도를 중요한 기준으로 삼습니다.","- 현황 분석, 요구사항, 개선안, 프로젝트 보고서 관련 업무 계획 수립 및 실행
- 담당 과제의 일정·진행 현황 관리
- 업무 산출물 작성 및 검토 이력 관리
- 유관 부서 및 외부 협력 대상과 실무 조율
- 현장·시스템·자료에서 발생한 이슈 분석 및 조치
- 운영 기준과 체크리스트 개선
- 결과 데이터 또는 피드백을 반영한 품질 개선","- 경력 5년 이상 조건에 맞는 관련 실무 경험 또는 역량 보유
- 현황 분석, 요구사항, 개선안, 프로젝트 보고서에 필요한 도구·절차를 이해하고 실무 적용이 가능한 분
- 업무 내용을 정확히 기록하고 일정에 맞춰 결과물을 제출할 수 있는 분
- 유관 부서와 원활하게 소통하며 협업할 수 있는 분
- 근무지 출퇴근 및 직무 수행이 가능한 분","- 정보처리기사 보유자
- PMP 보유자
- 현황 분석, 요구사항, 개선안, 프로젝트 보고서 관련 프로젝트 또는 현장 수행 경험
- 업무용 문서·보고서 작성 및 이력 관리 경험
- 유관 부서·외부 협력사와의 일정 조율 경험","- 지원서 또는 제출서류를 허위로 기재한 경우
- 채용 과정에서 요구한 증빙서류를 제출하지 못한 경우
- 채용검진 결과 직무 수행이 어렵다고 판단되는 경우
- 해외여행 및 근무에 결격사유가 있는 경우
- 관련 법령 또는 내부 인사규정상 채용이 불가능한 경우",서류전형 > 직무과제 > 실무면접 > 처우협의
2308,IT컨설팅 담당자 공개채용,40,231,20260604,20260614,6,신입·경력,계약직,충청남도,학력무관,"IT컨설팅 포지션은 고객의 IT 과제를 분석하고 실행 방안을 제안 역할입니다. 담당 업무의 목표와 우선순위를 명확히 설정하고, 일정과 품질 기준을 함께 관리합니다.

현황 분석, 요구사항, 개선안, 프로젝트 보고서를 중심으로 실무를 수행하며, 요구사항과 결과물을 문서화해 업무 흐름이 누락되지 않도록 합니다.

기획·운영·현장 담당자 및 외부 협력 파트너와 수시로 협업합니다. 변경 사항은 영향 범위를 검토한 뒤 대안을 제시하고 합의된 방식으로 반영합니다.

문제 발생 시 사실관계와 원인을 먼저 확인하고, 재발 방지 방안을 업무 절차에 반영합니다. 입사 후에는 담당 영역의 실행력을 높이고, 정확성·일정 준수·이용자 관점의 완성도를 중요한 기준으로 삼습니다.","- 현황 분석, 요구사항, 개선안, 프로젝트 보고서 관련 업무 계획 수립 및 실행
- 담당 과제의 일정·진행 현황 관리
- 업무 산출물 작성 및 검토 이력 관리
- 유관 부서 및 외부 협력 대상과 실무 조율
- 현장·시스템·자료에서 발생한 이슈 분석 및 조치
- 운영 기준과 체크리스트 개선
- 결과 데이터 또는 피드백을 반영한 품질 개선","- 신입·경력 조건에 맞는 관련 실무 경험 또는 역량 보유
- 현황 분석, 요구사항, 개선안, 프로젝트 보고서에 필요한 도구·절차를 이해하고 실무 적용이 가능한 분
- 업무 내용을 정확히 기록하고 일정에 맞춰 결과물을 제출할 수 있는 분
- 유관 부서와 원활하게 소통하며 협업할 수 있는 분
- 근무지 출퇴근 및 직무 수행이 가능한 분","- 정보처리기사 보유자
- PMP 보유자
- 현황 분석, 요구사항, 개선안, 프로젝트 보고서 관련 프로젝트 또는 현장 수행 경험
- 업무용 문서·보고서 작성 및 이력 관리 경험
- 유관 부서·외부 협력사와의 일정 조율 경험","- 지원서 또는 제출서류를 허위로 기재한 경우
- 채용 과정에서 요구한 증빙서류를 제출하지 못한 경우
- 채용검진 결과 직무 수행이 어렵다고 판단되는 경우
- 해외여행 및 근무에 결격사유가 있는 경우
- 관련 법령 또는 내부 인사규정상 채용이 불가능한 경우",서류전형 > 1차면접 > 2차면접 > 채용검진
2309,IT컨설팅 정규직 모집,0,231,20260709,20260722,8,경력 2년 이상,정규직,경상남도,학사 이상,"IT컨설팅 포지션은 고객의 IT 과제를 분석하고 실행 방안을 제안 역할입니다. 담당 업무의 목표와 우선순위를 명확히 설정하고, 일정과 품질 기준을 함께 관리합니다.

현황 분석, 요구사항, 개선안, 프로젝트 보고서를 중심으로 실무를 수행하며, 요구사항과 결과물을 문서화해 업무 흐름이 누락되지 않도록 합니다.

기획·운영·현장 담당자 및 외부 협력 파트너와 수시로 협업합니다. 변경 사항은 영향 범위를 검토한 뒤 대안을 제시하고 합의된 방식으로 반영합니다.

문제 발생 시 사실관계와 원인을 먼저 확인하고, 재발 방지 방안을 업무 절차에 반영합니다. 입사 후에는 담당 영역의 실행력을 높이고, 정확성·일정 준수·이용자 관점의 완성도를 중요한 기준으로 삼습니다.","- 현황 분석, 요구사항, 개선안, 프로젝트 보고서 관련 업무 계획 수립 및 실행
- 담당 과제의 일정·진행 현황 관리
- 업무 산출물 작성 및 검토 이력 관리
- 유관 부서 및 외부 협력 대상과 실무 조율
- 현장·시스템·자료에서 발생한 이슈 분석 및 조치
- 운영 기준과 체크리스트 개선
- 결과 데이터 또는 피드백을 반영한 품질 개선","- 경력 2년 이상 조건에 맞는 관련 실무 경험 또는 역량 보유
- 현황 분석, 요구사항, 개선안, 프로젝트 보고서에 필요한 도구·절차를 이해하고 실무 적용이 가능한 분
- 업무 내용을 정확히 기록하고 일정에 맞춰 결과물을 제출할 수 있는 분
- 유관 부서와 원활하게 소통하며 협업할 수 있는 분
- 근무지 출퇴근 및 직무 수행이 가능한 분","- 정보처리기사 보유자
- PMP 보유자
- 현황 분석, 요구사항, 개선안, 프로젝트 보고서 관련 프로젝트 또는 현장 수행 경험
- 업무용 문서·보고서 작성 및 이력 관리 경험
- 유관 부서·외부 협력사와의 일정 조율 경험","- 지원서 또는 제출서류를 허위로 기재한 경우
- 채용 과정에서 요구한 증빙서류를 제출하지 못한 경우
- 채용검진 결과 직무 수행이 어렵다고 판단되는 경우
- 해외여행 및 근무에 결격사유가 있는 경우
- 관련 법령 또는 내부 인사규정상 채용이 불가능한 경우",서류전형 > 실무면접 > 최종면접
2310,IT컨설팅 채용,56,231,20260814,20260830,10,경력,정규직,전북특별자치도,전문학사 이상,"IT컨설팅 포지션은 고객의 IT 과제를 분석하고 실행 방안을 제안 역할입니다. 담당 업무의 목표와 우선순위를 명확히 설정하고, 일정과 품질 기준을 함께 관리합니다.

현황 분석, 요구사항, 개선안, 프로젝트 보고서를 중심으로 실무를 수행하며, 요구사항과 결과물을 문서화해 업무 흐름이 누락되지 않도록 합니다.

기획·운영·현장 담당자 및 외부 협력 파트너와 수시로 협업합니다. 변경 사항은 영향 범위를 검토한 뒤 대안을 제시하고 합의된 방식으로 반영합니다.

문제 발생 시 사실관계와 원인을 먼저 확인하고, 재발 방지 방안을 업무 절차에 반영합니다. 입사 후에는 담당 영역의 실행력을 높이고, 정확성·일정 준수·이용자 관점의 완성도를 중요한 기준으로 삼습니다.","- 현황 분석, 요구사항, 개선안, 프로젝트 보고서 관련 업무 계획 수립 및 실행
- 담당 과제의 일정·진행 현황 관리
- 업무 산출물 작성 및 검토 이력 관리
- 유관 부서 및 외부 협력 대상과 실무 조율
- 현장·시스템·자료에서 발생한 이슈 분석 및 조치
- 운영 기준과 체크리스트 개선
- 결과 데이터 또는 피드백을 반영한 품질 개선","- 경력 조건에 맞는 관련 실무 경험 또는 역량 보유
- 현황 분석, 요구사항, 개선안, 프로젝트 보고서에 필요한 도구·절차를 이해하고 실무 적용이 가능한 분
- 업무 내용을 정확히 기록하고 일정에 맞춰 결과물을 제출할 수 있는 분
- 유관 부서와 원활하게 소통하며 협업할 수 있는 분
- 근무지 출퇴근 및 직무 수행이 가능한 분","- 정보처리기사 보유자
- PMP 보유자
- 현황 분석, 요구사항, 개선안, 프로젝트 보고서 관련 프로젝트 또는 현장 수행 경험
- 업무용 문서·보고서 작성 및 이력 관리 경험
- 유관 부서·외부 협력사와의 일정 조율 경험","- 지원서 또는 제출서류를 허위로 기재한 경우
- 채용 과정에서 요구한 증빙서류를 제출하지 못한 경우
- 채용검진 결과 직무 수행이 어렵다고 판단되는 경우
- 해외여행 및 근무에 결격사유가 있는 경우
- 관련 법령 또는 내부 인사규정상 채용이 불가능한 경우",서류전형 > 인성검사 > 실무면접 > 최종면접
2311,QA 담당자 모집,32,232,20260922,20261018,13,신입,정규직,서울특별시,학력무관,"QA 포지션은 서비스 품질 기준 수립과 테스트·결함 관리를 수행 역할입니다. 담당 업무의 목표와 우선순위를 명확히 설정하고, 일정과 품질 기준을 함께 관리합니다.

테스트 케이스, 결함 관리, 회귀 테스트, 품질 지표를 중심으로 실무를 수행하며, 요구사항과 결과물을 문서화해 업무 흐름이 누락되지 않도록 합니다.

기획·운영·현장 담당자 및 외부 협력 파트너와 수시로 협업합니다. 변경 사항은 영향 범위를 검토한 뒤 대안을 제시하고 합의된 방식으로 반영합니다.

문제 발생 시 사실관계와 원인을 먼저 확인하고, 재발 방지 방안을 업무 절차에 반영합니다. 입사 후에는 담당 영역의 실행력을 높이고, 정확성·일정 준수·이용자 관점의 완성도를 중요한 기준으로 삼습니다.","- 테스트 케이스, 결함 관리, 회귀 테스트, 품질 지표 관련 업무 계획 수립 및 실행
- 담당 과제의 일정·진행 현황 관리
- 업무 산출물 작성 및 검토 이력 관리
- 유관 부서 및 외부 협력 대상과 실무 조율
- 현장·시스템·자료에서 발생한 이슈 분석 및 조치
- 운영 기준과 체크리스트 개선
- 결과 데이터 또는 피드백을 반영한 품질 개선","- 신입 조건에 맞는 관련 실무 경험 또는 역량 보유
- 테스트 케이스, 결함 관리, 회귀 테스트, 품질 지표에 필요한 도구·절차를 이해하고 실무 적용이 가능한 분
- 업무 내용을 정확히 기록하고 일정에 맞춰 결과물을 제출할 수 있는 분
- 유관 부서와 원활하게 소통하며 협업할 수 있는 분
- 근무지 출퇴근 및 직무 수행이 가능한 분","- 정보처리기사 보유자
- ISTQB CTFL 보유자
- 테스트 케이스, 결함 관리, 회귀 테스트, 품질 지표 관련 프로젝트 또는 현장 수행 경험
- 업무용 문서·보고서 작성 및 이력 관리 경험
- 유관 부서·외부 협력사와의 일정 조율 경험","- 지원서 또는 제출서류를 허위로 기재한 경우
- 채용 과정에서 요구한 증빙서류를 제출하지 못한 경우
- 채용검진 결과 직무 수행이 어렵다고 판단되는 경우
- 해외여행 및 근무에 결격사유가 있는 경우
- 관련 법령 또는 내부 인사규정상 채용이 불가능한 경우",서류전형 > 실무면접 > 최종면접
2312,QA 실무자 채용,77,232,20261002,20261031,15,경력,계약직,경기도,전문학사 이상,"QA 포지션은 서비스 품질 기준 수립과 테스트·결함 관리를 수행 역할입니다. 담당 업무의 목표와 우선순위를 명확히 설정하고, 일정과 품질 기준을 함께 관리합니다.

테스트 케이스, 결함 관리, 회귀 테스트, 품질 지표를 중심으로 실무를 수행하며, 요구사항과 결과물을 문서화해 업무 흐름이 누락되지 않도록 합니다.

기획·운영·현장 담당자 및 외부 협력 파트너와 수시로 협업합니다. 변경 사항은 영향 범위를 검토한 뒤 대안을 제시하고 합의된 방식으로 반영합니다.

문제 발생 시 사실관계와 원인을 먼저 확인하고, 재발 방지 방안을 업무 절차에 반영합니다. 입사 후에는 담당 영역의 실행력을 높이고, 정확성·일정 준수·이용자 관점의 완성도를 중요한 기준으로 삼습니다.","- 테스트 케이스, 결함 관리, 회귀 테스트, 품질 지표 관련 업무 계획 수립 및 실행
- 담당 과제의 일정·진행 현황 관리
- 업무 산출물 작성 및 검토 이력 관리
- 유관 부서 및 외부 협력 대상과 실무 조율
- 현장·시스템·자료에서 발생한 이슈 분석 및 조치
- 운영 기준과 체크리스트 개선
- 결과 데이터 또는 피드백을 반영한 품질 개선","- 경력 조건에 맞는 관련 실무 경험 또는 역량 보유
- 테스트 케이스, 결함 관리, 회귀 테스트, 품질 지표에 필요한 도구·절차를 이해하고 실무 적용이 가능한 분
- 업무 내용을 정확히 기록하고 일정에 맞춰 결과물을 제출할 수 있는 분
- 유관 부서와 원활하게 소통하며 협업할 수 있는 분
- 근무지 출퇴근 및 직무 수행이 가능한 분","- 정보처리기사 보유자
- ISTQB CTFL 보유자
- 테스트 케이스, 결함 관리, 회귀 테스트, 품질 지표 관련 프로젝트 또는 현장 수행 경험
- 업무용 문서·보고서 작성 및 이력 관리 경험
- 유관 부서·외부 협력사와의 일정 조율 경험","- 지원서 또는 제출서류를 허위로 기재한 경우
- 채용 과정에서 요구한 증빙서류를 제출하지 못한 경우
- 채용검진 결과 직무 수행이 어렵다고 판단되는 경우
- 해외여행 및 근무에 결격사유가 있는 경우
- 관련 법령 또는 내부 인사규정상 채용이 불가능한 경우",서류전형 > 인성검사 > 실무면접 > 최종면접
2313,QA 전문인력 채용,72,232,20260207,20260311,17,신입·경력,정규직,인천광역시,학사 이상,"QA 포지션은 서비스 품질 기준 수립과 테스트·결함 관리를 수행 역할입니다. 담당 업무의 목표와 우선순위를 명확히 설정하고, 일정과 품질 기준을 함께 관리합니다.

테스트 케이스, 결함 관리, 회귀 테스트, 품질 지표를 중심으로 실무를 수행하며, 요구사항과 결과물을 문서화해 업무 흐름이 누락되지 않도록 합니다.

기획·운영·현장 담당자 및 외부 협력 파트너와 수시로 협업합니다. 변경 사항은 영향 범위를 검토한 뒤 대안을 제시하고 합의된 방식으로 반영합니다.

문제 발생 시 사실관계와 원인을 먼저 확인하고, 재발 방지 방안을 업무 절차에 반영합니다. 입사 후에는 담당 영역의 실행력을 높이고, 정확성·일정 준수·이용자 관점의 완성도를 중요한 기준으로 삼습니다.","- 테스트 케이스, 결함 관리, 회귀 테스트, 품질 지표 관련 업무 계획 수립 및 실행
- 담당 과제의 일정·진행 현황 관리
- 업무 산출물 작성 및 검토 이력 관리
- 유관 부서 및 외부 협력 대상과 실무 조율
- 현장·시스템·자료에서 발생한 이슈 분석 및 조치
- 운영 기준과 체크리스트 개선
- 결과 데이터 또는 피드백을 반영한 품질 개선","- 신입·경력 조건에 맞는 관련 실무 경험 또는 역량 보유
- 테스트 케이스, 결함 관리, 회귀 테스트, 품질 지표에 필요한 도구·절차를 이해하고 실무 적용이 가능한 분
- 업무 내용을 정확히 기록하고 일정에 맞춰 결과물을 제출할 수 있는 분
- 유관 부서와 원활하게 소통하며 협업할 수 있는 분
- 근무지 출퇴근 및 직무 수행이 가능한 분","- 정보처리기사 보유자
- ISTQB CTFL 보유자
- 테스트 케이스, 결함 관리, 회귀 테스트, 품질 지표 관련 프로젝트 또는 현장 수행 경험
- 업무용 문서·보고서 작성 및 이력 관리 경험
- 유관 부서·외부 협력사와의 일정 조율 경험","- 지원서 또는 제출서류를 허위로 기재한 경우
- 채용 과정에서 요구한 증빙서류를 제출하지 못한 경우
- 채용검진 결과 직무 수행이 어렵다고 판단되는 경우
- 해외여행 및 근무에 결격사유가 있는 경우
- 관련 법령 또는 내부 인사규정상 채용이 불가능한 경우",서류전형 > 직무과제 > 실무면접 > 처우협의
2314,QA 운영 담당 채용,121,232,20260312,20260416,19,경력 2년 이상,정규직,대전광역시,학사 이상,"QA 포지션은 서비스 품질 기준 수립과 테스트·결함 관리를 수행 역할입니다. 담당 업무의 목표와 우선순위를 명확히 설정하고, 일정과 품질 기준을 함께 관리합니다.

테스트 케이스, 결함 관리, 회귀 테스트, 품질 지표를 중심으로 실무를 수행하며, 요구사항과 결과물을 문서화해 업무 흐름이 누락되지 않도록 합니다.

기획·운영·현장 담당자 및 외부 협력 파트너와 수시로 협업합니다. 변경 사항은 영향 범위를 검토한 뒤 대안을 제시하고 합의된 방식으로 반영합니다.

문제 발생 시 사실관계와 원인을 먼저 확인하고, 재발 방지 방안을 업무 절차에 반영합니다. 입사 후에는 담당 영역의 실행력을 높이고, 정확성·일정 준수·이용자 관점의 완성도를 중요한 기준으로 삼습니다.","- 테스트 케이스, 결함 관리, 회귀 테스트, 품질 지표 관련 업무 계획 수립 및 실행
- 담당 과제의 일정·진행 현황 관리
- 업무 산출물 작성 및 검토 이력 관리
- 유관 부서 및 외부 협력 대상과 실무 조율
- 현장·시스템·자료에서 발생한 이슈 분석 및 조치
- 운영 기준과 체크리스트 개선
- 결과 데이터 또는 피드백을 반영한 품질 개선","- 경력 2년 이상 조건에 맞는 관련 실무 경험 또는 역량 보유
- 테스트 케이스, 결함 관리, 회귀 테스트, 품질 지표에 필요한 도구·절차를 이해하고 실무 적용이 가능한 분
- 업무 내용을 정확히 기록하고 일정에 맞춰 결과물을 제출할 수 있는 분
- 유관 부서와 원활하게 소통하며 협업할 수 있는 분
- 근무지 출퇴근 및 직무 수행이 가능한 분","- 정보처리기사 보유자
- ISTQB CTFL 보유자
- 테스트 케이스, 결함 관리, 회귀 테스트, 품질 지표 관련 프로젝트 또는 현장 수행 경험
- 업무용 문서·보고서 작성 및 이력 관리 경험
- 유관 부서·외부 협력사와의 일정 조율 경험","- 지원서 또는 제출서류를 허위로 기재한 경우
- 채용 과정에서 요구한 증빙서류를 제출하지 못한 경우
- 채용검진 결과 직무 수행이 어렵다고 판단되는 경우
- 해외여행 및 근무에 결격사유가 있는 경우
- 관련 법령 또는 내부 인사규정상 채용이 불가능한 경우",서류전형 > 1차면접 > 2차면접 > 채용검진
2315,QA 프로젝트 인재 모집,106,232,20260417,20260525,1,경력 3년 이상,무기계약직,부산광역시,학력무관,"QA 포지션은 서비스 품질 기준 수립과 테스트·결함 관리를 수행 역할입니다. 담당 업무의 목표와 우선순위를 명확히 설정하고, 일정과 품질 기준을 함께 관리합니다.

테스트 케이스, 결함 관리, 회귀 테스트, 품질 지표를 중심으로 실무를 수행하며, 요구사항과 결과물을 문서화해 업무 흐름이 누락되지 않도록 합니다.

기획·운영·현장 담당자 및 외부 협력 파트너와 수시로 협업합니다. 변경 사항은 영향 범위를 검토한 뒤 대안을 제시하고 합의된 방식으로 반영합니다.

문제 발생 시 사실관계와 원인을 먼저 확인하고, 재발 방지 방안을 업무 절차에 반영합니다. 입사 후에는 담당 영역의 실행력을 높이고, 정확성·일정 준수·이용자 관점의 완성도를 중요한 기준으로 삼습니다.","- 테스트 케이스, 결함 관리, 회귀 테스트, 품질 지표 관련 업무 계획 수립 및 실행
- 담당 과제의 일정·진행 현황 관리
- 업무 산출물 작성 및 검토 이력 관리
- 유관 부서 및 외부 협력 대상과 실무 조율
- 현장·시스템·자료에서 발생한 이슈 분석 및 조치
- 운영 기준과 체크리스트 개선
- 결과 데이터 또는 피드백을 반영한 품질 개선","- 경력 3년 이상 조건에 맞는 관련 실무 경험 또는 역량 보유
- 테스트 케이스, 결함 관리, 회귀 테스트, 품질 지표에 필요한 도구·절차를 이해하고 실무 적용이 가능한 분
- 업무 내용을 정확히 기록하고 일정에 맞춰 결과물을 제출할 수 있는 분
- 유관 부서와 원활하게 소통하며 협업할 수 있는 분
- 근무지 출퇴근 및 직무 수행이 가능한 분","- 정보처리기사 보유자
- ISTQB CTFL 보유자
- 테스트 케이스, 결함 관리, 회귀 테스트, 품질 지표 관련 프로젝트 또는 현장 수행 경험
- 업무용 문서·보고서 작성 및 이력 관리 경험
- 유관 부서·외부 협력사와의 일정 조율 경험","- 지원서 또는 제출서류를 허위로 기재한 경우
- 채용 과정에서 요구한 증빙서류를 제출하지 못한 경우
- 채용검진 결과 직무 수행이 어렵다고 판단되는 경우
- 해외여행 및 근무에 결격사유가 있는 경우
- 관련 법령 또는 내부 인사규정상 채용이 불가능한 경우",서류전형 > 실무면접 > 최종면접
2316,QA 전담 인력 채용,25,232,20260522,20260702,3,경력 무관,기간제,광주광역시,전문학사 이상,"QA 포지션은 서비스 품질 기준 수립과 테스트·결함 관리를 수행 역할입니다. 담당 업무의 목표와 우선순위를 명확히 설정하고, 일정과 품질 기준을 함께 관리합니다.

테스트 케이스, 결함 관리, 회귀 테스트, 품질 지표를 중심으로 실무를 수행하며, 요구사항과 결과물을 문서화해 업무 흐름이 누락되지 않도록 합니다.

기획·운영·현장 담당자 및 외부 협력 파트너와 수시로 협업합니다. 변경 사항은 영향 범위를 검토한 뒤 대안을 제시하고 합의된 방식으로 반영합니다.

문제 발생 시 사실관계와 원인을 먼저 확인하고, 재발 방지 방안을 업무 절차에 반영합니다. 입사 후에는 담당 영역의 실행력을 높이고, 정확성·일정 준수·이용자 관점의 완성도를 중요한 기준으로 삼습니다.","- 테스트 케이스, 결함 관리, 회귀 테스트, 품질 지표 관련 업무 계획 수립 및 실행
- 담당 과제의 일정·진행 현황 관리
- 업무 산출물 작성 및 검토 이력 관리
- 유관 부서 및 외부 협력 대상과 실무 조율
- 현장·시스템·자료에서 발생한 이슈 분석 및 조치
- 운영 기준과 체크리스트 개선
- 결과 데이터 또는 피드백을 반영한 품질 개선","- 경력 무관 조건에 맞는 관련 실무 경험 또는 역량 보유
- 테스트 케이스, 결함 관리, 회귀 테스트, 품질 지표에 필요한 도구·절차를 이해하고 실무 적용이 가능한 분
- 업무 내용을 정확히 기록하고 일정에 맞춰 결과물을 제출할 수 있는 분
- 유관 부서와 원활하게 소통하며 협업할 수 있는 분
- 근무지 출퇴근 및 직무 수행이 가능한 분","- 정보처리기사 보유자
- ISTQB CTFL 보유자
- 테스트 케이스, 결함 관리, 회귀 테스트, 품질 지표 관련 프로젝트 또는 현장 수행 경험
- 업무용 문서·보고서 작성 및 이력 관리 경험
- 유관 부서·외부 협력사와의 일정 조율 경험","- 지원서 또는 제출서류를 허위로 기재한 경우
- 채용 과정에서 요구한 증빙서류를 제출하지 못한 경우
- 채용검진 결과 직무 수행이 어렵다고 판단되는 경우
- 해외여행 및 근무에 결격사유가 있는 경우
- 관련 법령 또는 내부 인사규정상 채용이 불가능한 경우",서류전형 > 인성검사 > 실무면접 > 최종면접
2317,QA 실무 인재 모집,139,232,20260602,20260716,5,경력 5년 이상,정규직,세종특별자치시,학사 이상,"QA 포지션은 서비스 품질 기준 수립과 테스트·결함 관리를 수행 역할입니다. 담당 업무의 목표와 우선순위를 명확히 설정하고, 일정과 품질 기준을 함께 관리합니다.

테스트 케이스, 결함 관리, 회귀 테스트, 품질 지표를 중심으로 실무를 수행하며, 요구사항과 결과물을 문서화해 업무 흐름이 누락되지 않도록 합니다.

기획·운영·현장 담당자 및 외부 협력 파트너와 수시로 협업합니다. 변경 사항은 영향 범위를 검토한 뒤 대안을 제시하고 합의된 방식으로 반영합니다.

문제 발생 시 사실관계와 원인을 먼저 확인하고, 재발 방지 방안을 업무 절차에 반영합니다. 입사 후에는 담당 영역의 실행력을 높이고, 정확성·일정 준수·이용자 관점의 완성도를 중요한 기준으로 삼습니다.","- 테스트 케이스, 결함 관리, 회귀 테스트, 품질 지표 관련 업무 계획 수립 및 실행
- 담당 과제의 일정·진행 현황 관리
- 업무 산출물 작성 및 검토 이력 관리
- 유관 부서 및 외부 협력 대상과 실무 조율
- 현장·시스템·자료에서 발생한 이슈 분석 및 조치
- 운영 기준과 체크리스트 개선
- 결과 데이터 또는 피드백을 반영한 품질 개선","- 경력 5년 이상 조건에 맞는 관련 실무 경험 또는 역량 보유
- 테스트 케이스, 결함 관리, 회귀 테스트, 품질 지표에 필요한 도구·절차를 이해하고 실무 적용이 가능한 분
- 업무 내용을 정확히 기록하고 일정에 맞춰 결과물을 제출할 수 있는 분
- 유관 부서와 원활하게 소통하며 협업할 수 있는 분
- 근무지 출퇴근 및 직무 수행이 가능한 분","- 정보처리기사 보유자
- ISTQB CTFL 보유자
- 테스트 케이스, 결함 관리, 회귀 테스트, 품질 지표 관련 프로젝트 또는 현장 수행 경험
- 업무용 문서·보고서 작성 및 이력 관리 경험
- 유관 부서·외부 협력사와의 일정 조율 경험","- 지원서 또는 제출서류를 허위로 기재한 경우
- 채용 과정에서 요구한 증빙서류를 제출하지 못한 경우
- 채용검진 결과 직무 수행이 어렵다고 판단되는 경우
- 해외여행 및 근무에 결격사유가 있는 경우
- 관련 법령 또는 내부 인사규정상 채용이 불가능한 경우",서류전형 > 직무과제 > 실무면접 > 처우협의
2318,QA 담당자 공개채용,156,232,20260707,20260718,7,신입·경력,계약직,충청남도,학력무관,"QA 포지션은 서비스 품질 기준 수립과 테스트·결함 관리를 수행 역할입니다. 담당 업무의 목표와 우선순위를 명확히 설정하고, 일정과 품질 기준을 함께 관리합니다.

테스트 케이스, 결함 관리, 회귀 테스트, 품질 지표를 중심으로 실무를 수행하며, 요구사항과 결과물을 문서화해 업무 흐름이 누락되지 않도록 합니다.

기획·운영·현장 담당자 및 외부 협력 파트너와 수시로 협업합니다. 변경 사항은 영향 범위를 검토한 뒤 대안을 제시하고 합의된 방식으로 반영합니다.

문제 발생 시 사실관계와 원인을 먼저 확인하고, 재발 방지 방안을 업무 절차에 반영합니다. 입사 후에는 담당 영역의 실행력을 높이고, 정확성·일정 준수·이용자 관점의 완성도를 중요한 기준으로 삼습니다.","- 테스트 케이스, 결함 관리, 회귀 테스트, 품질 지표 관련 업무 계획 수립 및 실행
- 담당 과제의 일정·진행 현황 관리
- 업무 산출물 작성 및 검토 이력 관리
- 유관 부서 및 외부 협력 대상과 실무 조율
- 현장·시스템·자료에서 발생한 이슈 분석 및 조치
- 운영 기준과 체크리스트 개선
- 결과 데이터 또는 피드백을 반영한 품질 개선","- 신입·경력 조건에 맞는 관련 실무 경험 또는 역량 보유
- 테스트 케이스, 결함 관리, 회귀 테스트, 품질 지표에 필요한 도구·절차를 이해하고 실무 적용이 가능한 분
- 업무 내용을 정확히 기록하고 일정에 맞춰 결과물을 제출할 수 있는 분
- 유관 부서와 원활하게 소통하며 협업할 수 있는 분
- 근무지 출퇴근 및 직무 수행이 가능한 분","- 정보처리기사 보유자
- ISTQB CTFL 보유자
- 테스트 케이스, 결함 관리, 회귀 테스트, 품질 지표 관련 프로젝트 또는 현장 수행 경험
- 업무용 문서·보고서 작성 및 이력 관리 경험
- 유관 부서·외부 협력사와의 일정 조율 경험","- 지원서 또는 제출서류를 허위로 기재한 경우
- 채용 과정에서 요구한 증빙서류를 제출하지 못한 경우
- 채용검진 결과 직무 수행이 어렵다고 판단되는 경우
- 해외여행 및 근무에 결격사유가 있는 경우
- 관련 법령 또는 내부 인사규정상 채용이 불가능한 경우",서류전형 > 1차면접 > 2차면접 > 채용검진
2319,QA 정규직 모집,13,232,20260812,20260826,9,경력 2년 이상,정규직,경상남도,학사 이상,"QA 포지션은 서비스 품질 기준 수립과 테스트·결함 관리를 수행 역할입니다. 담당 업무의 목표와 우선순위를 명확히 설정하고, 일정과 품질 기준을 함께 관리합니다.

테스트 케이스, 결함 관리, 회귀 테스트, 품질 지표를 중심으로 실무를 수행하며, 요구사항과 결과물을 문서화해 업무 흐름이 누락되지 않도록 합니다.

기획·운영·현장 담당자 및 외부 협력 파트너와 수시로 협업합니다. 변경 사항은 영향 범위를 검토한 뒤 대안을 제시하고 합의된 방식으로 반영합니다.

문제 발생 시 사실관계와 원인을 먼저 확인하고, 재발 방지 방안을 업무 절차에 반영합니다. 입사 후에는 담당 영역의 실행력을 높이고, 정확성·일정 준수·이용자 관점의 완성도를 중요한 기준으로 삼습니다.","- 테스트 케이스, 결함 관리, 회귀 테스트, 품질 지표 관련 업무 계획 수립 및 실행
- 담당 과제의 일정·진행 현황 관리
- 업무 산출물 작성 및 검토 이력 관리
- 유관 부서 및 외부 협력 대상과 실무 조율
- 현장·시스템·자료에서 발생한 이슈 분석 및 조치
- 운영 기준과 체크리스트 개선
- 결과 데이터 또는 피드백을 반영한 품질 개선","- 경력 2년 이상 조건에 맞는 관련 실무 경험 또는 역량 보유
- 테스트 케이스, 결함 관리, 회귀 테스트, 품질 지표에 필요한 도구·절차를 이해하고 실무 적용이 가능한 분
- 업무 내용을 정확히 기록하고 일정에 맞춰 결과물을 제출할 수 있는 분
- 유관 부서와 원활하게 소통하며 협업할 수 있는 분
- 근무지 출퇴근 및 직무 수행이 가능한 분","- 정보처리기사 보유자
- ISTQB CTFL 보유자
- 테스트 케이스, 결함 관리, 회귀 테스트, 품질 지표 관련 프로젝트 또는 현장 수행 경험
- 업무용 문서·보고서 작성 및 이력 관리 경험
- 유관 부서·외부 협력사와의 일정 조율 경험","- 지원서 또는 제출서류를 허위로 기재한 경우
- 채용 과정에서 요구한 증빙서류를 제출하지 못한 경우
- 채용검진 결과 직무 수행이 어렵다고 판단되는 경우
- 해외여행 및 근무에 결격사유가 있는 경우
- 관련 법령 또는 내부 인사규정상 채용이 불가능한 경우",서류전형 > 실무면접 > 최종면접
2320,QA 채용,136,232,20260917,20261004,11,경력,정규직,전북특별자치도,전문학사 이상,"QA 포지션은 서비스 품질 기준 수립과 테스트·결함 관리를 수행 역할입니다. 담당 업무의 목표와 우선순위를 명확히 설정하고, 일정과 품질 기준을 함께 관리합니다.

테스트 케이스, 결함 관리, 회귀 테스트, 품질 지표를 중심으로 실무를 수행하며, 요구사항과 결과물을 문서화해 업무 흐름이 누락되지 않도록 합니다.

기획·운영·현장 담당자 및 외부 협력 파트너와 수시로 협업합니다. 변경 사항은 영향 범위를 검토한 뒤 대안을 제시하고 합의된 방식으로 반영합니다.

문제 발생 시 사실관계와 원인을 먼저 확인하고, 재발 방지 방안을 업무 절차에 반영합니다. 입사 후에는 담당 영역의 실행력을 높이고, 정확성·일정 준수·이용자 관점의 완성도를 중요한 기준으로 삼습니다.","- 테스트 케이스, 결함 관리, 회귀 테스트, 품질 지표 관련 업무 계획 수립 및 실행
- 담당 과제의 일정·진행 현황 관리
- 업무 산출물 작성 및 검토 이력 관리
- 유관 부서 및 외부 협력 대상과 실무 조율
- 현장·시스템·자료에서 발생한 이슈 분석 및 조치
- 운영 기준과 체크리스트 개선
- 결과 데이터 또는 피드백을 반영한 품질 개선","- 경력 조건에 맞는 관련 실무 경험 또는 역량 보유
- 테스트 케이스, 결함 관리, 회귀 테스트, 품질 지표에 필요한 도구·절차를 이해하고 실무 적용이 가능한 분
- 업무 내용을 정확히 기록하고 일정에 맞춰 결과물을 제출할 수 있는 분
- 유관 부서와 원활하게 소통하며 협업할 수 있는 분
- 근무지 출퇴근 및 직무 수행이 가능한 분","- 정보처리기사 보유자
- ISTQB CTFL 보유자
- 테스트 케이스, 결함 관리, 회귀 테스트, 품질 지표 관련 프로젝트 또는 현장 수행 경험
- 업무용 문서·보고서 작성 및 이력 관리 경험
- 유관 부서·외부 협력사와의 일정 조율 경험","- 지원서 또는 제출서류를 허위로 기재한 경우
- 채용 과정에서 요구한 증빙서류를 제출하지 못한 경우
- 채용검진 결과 직무 수행이 어렵다고 판단되는 경우
- 해외여행 및 근무에 결격사유가 있는 경우
- 관련 법령 또는 내부 인사규정상 채용이 불가능한 경우",서류전형 > 인성검사 > 실무면접 > 최종면접
2321,AI/ML연구원 담당자 모집,101,233,20261025,20261121,14,신입,정규직,서울특별시,학력무관,"AI/ML연구원 포지션은 AI·ML 기술의 연구와 실험 검증을 수행 역할입니다. 담당 업무의 목표와 우선순위를 명확히 설정하고, 일정과 품질 기준을 함께 관리합니다.

논문 검토, 실험 설계, 모델 학습, 연구 보고서를 중심으로 실무를 수행하며, 요구사항과 결과물을 문서화해 업무 흐름이 누락되지 않도록 합니다.

기획·운영·현장 담당자 및 외부 협력 파트너와 수시로 협업합니다. 변경 사항은 영향 범위를 검토한 뒤 대안을 제시하고 합의된 방식으로 반영합니다.

문제 발생 시 사실관계와 원인을 먼저 확인하고, 재발 방지 방안을 업무 절차에 반영합니다. 입사 후에는 담당 영역의 실행력을 높이고, 정확성·일정 준수·이용자 관점의 완성도를 중요한 기준으로 삼습니다.","- 논문 검토, 실험 설계, 모델 학습, 연구 보고서 관련 업무 계획 수립 및 실행
- 담당 과제의 일정·진행 현황 관리
- 업무 산출물 작성 및 검토 이력 관리
- 유관 부서 및 외부 협력 대상과 실무 조율
- 현장·시스템·자료에서 발생한 이슈 분석 및 조치
- 운영 기준과 체크리스트 개선
- 결과 데이터 또는 피드백을 반영한 품질 개선","- 신입 조건에 맞는 관련 실무 경험 또는 역량 보유
- 논문 검토, 실험 설계, 모델 학습, 연구 보고서에 필요한 도구·절차를 이해하고 실무 적용이 가능한 분
- 업무 내용을 정확히 기록하고 일정에 맞춰 결과물을 제출할 수 있는 분
- 유관 부서와 원활하게 소통하며 협업할 수 있는 분
- 근무지 출퇴근 및 직무 수행이 가능한 분","- 빅데이터분석기사 보유자
- ADP 보유자
- 논문 검토, 실험 설계, 모델 학습, 연구 보고서 관련 프로젝트 또는 현장 수행 경험
- 업무용 문서·보고서 작성 및 이력 관리 경험
- 유관 부서·외부 협력사와의 일정 조율 경험","- 지원서 또는 제출서류를 허위로 기재한 경우
- 채용 과정에서 요구한 증빙서류를 제출하지 못한 경우
- 채용검진 결과 직무 수행이 어렵다고 판단되는 경우
- 해외여행 및 근무에 결격사유가 있는 경우
- 관련 법령 또는 내부 인사규정상 채용이 불가능한 경우",서류전형 > 실무면접 > 최종면접
2322,AI/ML연구원 실무자 채용,60,233,20260205,20260307,16,경력,계약직,경기도,전문학사 이상,"AI/ML연구원 포지션은 AI·ML 기술의 연구와 실험 검증을 수행 역할입니다. 담당 업무의 목표와 우선순위를 명확히 설정하고, 일정과 품질 기준을 함께 관리합니다.

논문 검토, 실험 설계, 모델 학습, 연구 보고서를 중심으로 실무를 수행하며, 요구사항과 결과물을 문서화해 업무 흐름이 누락되지 않도록 합니다.

기획·운영·현장 담당자 및 외부 협력 파트너와 수시로 협업합니다. 변경 사항은 영향 범위를 검토한 뒤 대안을 제시하고 합의된 방식으로 반영합니다.

문제 발생 시 사실관계와 원인을 먼저 확인하고, 재발 방지 방안을 업무 절차에 반영합니다. 입사 후에는 담당 영역의 실행력을 높이고, 정확성·일정 준수·이용자 관점의 완성도를 중요한 기준으로 삼습니다.","- 논문 검토, 실험 설계, 모델 학습, 연구 보고서 관련 업무 계획 수립 및 실행
- 담당 과제의 일정·진행 현황 관리
- 업무 산출물 작성 및 검토 이력 관리
- 유관 부서 및 외부 협력 대상과 실무 조율
- 현장·시스템·자료에서 발생한 이슈 분석 및 조치
- 운영 기준과 체크리스트 개선
- 결과 데이터 또는 피드백을 반영한 품질 개선","- 경력 조건에 맞는 관련 실무 경험 또는 역량 보유
- 논문 검토, 실험 설계, 모델 학습, 연구 보고서에 필요한 도구·절차를 이해하고 실무 적용이 가능한 분
- 업무 내용을 정확히 기록하고 일정에 맞춰 결과물을 제출할 수 있는 분
- 유관 부서와 원활하게 소통하며 협업할 수 있는 분
- 근무지 출퇴근 및 직무 수행이 가능한 분","- 빅데이터분석기사 보유자
- ADP 보유자
- 논문 검토, 실험 설계, 모델 학습, 연구 보고서 관련 프로젝트 또는 현장 수행 경험
- 업무용 문서·보고서 작성 및 이력 관리 경험
- 유관 부서·외부 협력사와의 일정 조율 경험","- 지원서 또는 제출서류를 허위로 기재한 경우
- 채용 과정에서 요구한 증빙서류를 제출하지 못한 경우
- 채용검진 결과 직무 수행이 어렵다고 판단되는 경우
- 해외여행 및 근무에 결격사유가 있는 경우
- 관련 법령 또는 내부 인사규정상 채용이 불가능한 경우",서류전형 > 인성검사 > 실무면접 > 최종면접
2323,AI/ML연구원 전문인력 채용,33,233,20260310,20260412,18,신입·경력,정규직,인천광역시,학사 이상,"AI/ML연구원 포지션은 AI·ML 기술의 연구와 실험 검증을 수행 역할입니다. 담당 업무의 목표와 우선순위를 명확히 설정하고, 일정과 품질 기준을 함께 관리합니다.

논문 검토, 실험 설계, 모델 학습, 연구 보고서를 중심으로 실무를 수행하며, 요구사항과 결과물을 문서화해 업무 흐름이 누락되지 않도록 합니다.

기획·운영·현장 담당자 및 외부 협력 파트너와 수시로 협업합니다. 변경 사항은 영향 범위를 검토한 뒤 대안을 제시하고 합의된 방식으로 반영합니다.

문제 발생 시 사실관계와 원인을 먼저 확인하고, 재발 방지 방안을 업무 절차에 반영합니다. 입사 후에는 담당 영역의 실행력을 높이고, 정확성·일정 준수·이용자 관점의 완성도를 중요한 기준으로 삼습니다.","- 논문 검토, 실험 설계, 모델 학습, 연구 보고서 관련 업무 계획 수립 및 실행
- 담당 과제의 일정·진행 현황 관리
- 업무 산출물 작성 및 검토 이력 관리
- 유관 부서 및 외부 협력 대상과 실무 조율
- 현장·시스템·자료에서 발생한 이슈 분석 및 조치
- 운영 기준과 체크리스트 개선
- 결과 데이터 또는 피드백을 반영한 품질 개선","- 신입·경력 조건에 맞는 관련 실무 경험 또는 역량 보유
- 논문 검토, 실험 설계, 모델 학습, 연구 보고서에 필요한 도구·절차를 이해하고 실무 적용이 가능한 분
- 업무 내용을 정확히 기록하고 일정에 맞춰 결과물을 제출할 수 있는 분
- 유관 부서와 원활하게 소통하며 협업할 수 있는 분
- 근무지 출퇴근 및 직무 수행이 가능한 분","- 빅데이터분석기사 보유자
- ADP 보유자
- 논문 검토, 실험 설계, 모델 학습, 연구 보고서 관련 프로젝트 또는 현장 수행 경험
- 업무용 문서·보고서 작성 및 이력 관리 경험
- 유관 부서·외부 협력사와의 일정 조율 경험","- 지원서 또는 제출서류를 허위로 기재한 경우
- 채용 과정에서 요구한 증빙서류를 제출하지 못한 경우
- 채용검진 결과 직무 수행이 어렵다고 판단되는 경우
- 해외여행 및 근무에 결격사유가 있는 경우
- 관련 법령 또는 내부 인사규정상 채용이 불가능한 경우",서류전형 > 직무과제 > 실무면접 > 처우협의
2324,AI/ML연구원 운영 담당 채용,5,233,20260415,20260521,20,경력 2년 이상,정규직,대전광역시,학사 이상,"AI/ML연구원 포지션은 AI·ML 기술의 연구와 실험 검증을 수행 역할입니다. 담당 업무의 목표와 우선순위를 명확히 설정하고, 일정과 품질 기준을 함께 관리합니다.

논문 검토, 실험 설계, 모델 학습, 연구 보고서를 중심으로 실무를 수행하며, 요구사항과 결과물을 문서화해 업무 흐름이 누락되지 않도록 합니다.

기획·운영·현장 담당자 및 외부 협력 파트너와 수시로 협업합니다. 변경 사항은 영향 범위를 검토한 뒤 대안을 제시하고 합의된 방식으로 반영합니다.

문제 발생 시 사실관계와 원인을 먼저 확인하고, 재발 방지 방안을 업무 절차에 반영합니다. 입사 후에는 담당 영역의 실행력을 높이고, 정확성·일정 준수·이용자 관점의 완성도를 중요한 기준으로 삼습니다.","- 논문 검토, 실험 설계, 모델 학습, 연구 보고서 관련 업무 계획 수립 및 실행
- 담당 과제의 일정·진행 현황 관리
- 업무 산출물 작성 및 검토 이력 관리
- 유관 부서 및 외부 협력 대상과 실무 조율
- 현장·시스템·자료에서 발생한 이슈 분석 및 조치
- 운영 기준과 체크리스트 개선
- 결과 데이터 또는 피드백을 반영한 품질 개선","- 경력 2년 이상 조건에 맞는 관련 실무 경험 또는 역량 보유
- 논문 검토, 실험 설계, 모델 학습, 연구 보고서에 필요한 도구·절차를 이해하고 실무 적용이 가능한 분
- 업무 내용을 정확히 기록하고 일정에 맞춰 결과물을 제출할 수 있는 분
- 유관 부서와 원활하게 소통하며 협업할 수 있는 분
- 근무지 출퇴근 및 직무 수행이 가능한 분","- 빅데이터분석기사 보유자
- ADP 보유자
- 논문 검토, 실험 설계, 모델 학습, 연구 보고서 관련 프로젝트 또는 현장 수행 경험
- 업무용 문서·보고서 작성 및 이력 관리 경험
- 유관 부서·외부 협력사와의 일정 조율 경험","- 지원서 또는 제출서류를 허위로 기재한 경우
- 채용 과정에서 요구한 증빙서류를 제출하지 못한 경우
- 채용검진 결과 직무 수행이 어렵다고 판단되는 경우
- 해외여행 및 근무에 결격사유가 있는 경우
- 관련 법령 또는 내부 인사규정상 채용이 불가능한 경우",서류전형 > 1차면접 > 2차면접 > 채용검진
2325,AI/ML연구원 프로젝트 인재 모집,2,233,20260520,20260628,2,경력 3년 이상,무기계약직,부산광역시,학력무관,"AI/ML연구원 포지션은 AI·ML 기술의 연구와 실험 검증을 수행 역할입니다. 담당 업무의 목표와 우선순위를 명확히 설정하고, 일정과 품질 기준을 함께 관리합니다.

논문 검토, 실험 설계, 모델 학습, 연구 보고서를 중심으로 실무를 수행하며, 요구사항과 결과물을 문서화해 업무 흐름이 누락되지 않도록 합니다.

기획·운영·현장 담당자 및 외부 협력 파트너와 수시로 협업합니다. 변경 사항은 영향 범위를 검토한 뒤 대안을 제시하고 합의된 방식으로 반영합니다.

문제 발생 시 사실관계와 원인을 먼저 확인하고, 재발 방지 방안을 업무 절차에 반영합니다. 입사 후에는 담당 영역의 실행력을 높이고, 정확성·일정 준수·이용자 관점의 완성도를 중요한 기준으로 삼습니다.","- 논문 검토, 실험 설계, 모델 학습, 연구 보고서 관련 업무 계획 수립 및 실행
- 담당 과제의 일정·진행 현황 관리
- 업무 산출물 작성 및 검토 이력 관리
- 유관 부서 및 외부 협력 대상과 실무 조율
- 현장·시스템·자료에서 발생한 이슈 분석 및 조치
- 운영 기준과 체크리스트 개선
- 결과 데이터 또는 피드백을 반영한 품질 개선","- 경력 3년 이상 조건에 맞는 관련 실무 경험 또는 역량 보유
- 논문 검토, 실험 설계, 모델 학습, 연구 보고서에 필요한 도구·절차를 이해하고 실무 적용이 가능한 분
- 업무 내용을 정확히 기록하고 일정에 맞춰 결과물을 제출할 수 있는 분
- 유관 부서와 원활하게 소통하며 협업할 수 있는 분
- 근무지 출퇴근 및 직무 수행이 가능한 분","- 빅데이터분석기사 보유자
- ADP 보유자
- 논문 검토, 실험 설계, 모델 학습, 연구 보고서 관련 프로젝트 또는 현장 수행 경험
- 업무용 문서·보고서 작성 및 이력 관리 경험
- 유관 부서·외부 협력사와의 일정 조율 경험","- 지원서 또는 제출서류를 허위로 기재한 경우
- 채용 과정에서 요구한 증빙서류를 제출하지 못한 경우
- 채용검진 결과 직무 수행이 어렵다고 판단되는 경우
- 해외여행 및 근무에 결격사유가 있는 경우
- 관련 법령 또는 내부 인사규정상 채용이 불가능한 경우",서류전형 > 실무면접 > 최종면접
2326,AI/ML연구원 전담 인력 채용,114,233,20260625,20260806,4,경력 무관,기간제,광주광역시,전문학사 이상,"AI/ML연구원 포지션은 AI·ML 기술의 연구와 실험 검증을 수행 역할입니다. 담당 업무의 목표와 우선순위를 명확히 설정하고, 일정과 품질 기준을 함께 관리합니다.

논문 검토, 실험 설계, 모델 학습, 연구 보고서를 중심으로 실무를 수행하며, 요구사항과 결과물을 문서화해 업무 흐름이 누락되지 않도록 합니다.

기획·운영·현장 담당자 및 외부 협력 파트너와 수시로 협업합니다. 변경 사항은 영향 범위를 검토한 뒤 대안을 제시하고 합의된 방식으로 반영합니다.

문제 발생 시 사실관계와 원인을 먼저 확인하고, 재발 방지 방안을 업무 절차에 반영합니다. 입사 후에는 담당 영역의 실행력을 높이고, 정확성·일정 준수·이용자 관점의 완성도를 중요한 기준으로 삼습니다.","- 논문 검토, 실험 설계, 모델 학습, 연구 보고서 관련 업무 계획 수립 및 실행
- 담당 과제의 일정·진행 현황 관리
- 업무 산출물 작성 및 검토 이력 관리
- 유관 부서 및 외부 협력 대상과 실무 조율
- 현장·시스템·자료에서 발생한 이슈 분석 및 조치
- 운영 기준과 체크리스트 개선
- 결과 데이터 또는 피드백을 반영한 품질 개선","- 경력 무관 조건에 맞는 관련 실무 경험 또는 역량 보유
- 논문 검토, 실험 설계, 모델 학습, 연구 보고서에 필요한 도구·절차를 이해하고 실무 적용이 가능한 분
- 업무 내용을 정확히 기록하고 일정에 맞춰 결과물을 제출할 수 있는 분
- 유관 부서와 원활하게 소통하며 협업할 수 있는 분
- 근무지 출퇴근 및 직무 수행이 가능한 분","- 빅데이터분석기사 보유자
- ADP 보유자
- 논문 검토, 실험 설계, 모델 학습, 연구 보고서 관련 프로젝트 또는 현장 수행 경험
- 업무용 문서·보고서 작성 및 이력 관리 경험
- 유관 부서·외부 협력사와의 일정 조율 경험","- 지원서 또는 제출서류를 허위로 기재한 경우
- 채용 과정에서 요구한 증빙서류를 제출하지 못한 경우
- 채용검진 결과 직무 수행이 어렵다고 판단되는 경우
- 해외여행 및 근무에 결격사유가 있는 경우
- 관련 법령 또는 내부 인사규정상 채용이 불가능한 경우",서류전형 > 인성검사 > 실무면접 > 최종면접
2327,AI/ML연구원 실무 인재 모집,153,233,20260705,20260819,6,경력 5년 이상,정규직,세종특별자치시,학사 이상,"AI/ML연구원 포지션은 AI·ML 기술의 연구와 실험 검증을 수행 역할입니다. 담당 업무의 목표와 우선순위를 명확히 설정하고, 일정과 품질 기준을 함께 관리합니다.

논문 검토, 실험 설계, 모델 학습, 연구 보고서를 중심으로 실무를 수행하며, 요구사항과 결과물을 문서화해 업무 흐름이 누락되지 않도록 합니다.

기획·운영·현장 담당자 및 외부 협력 파트너와 수시로 협업합니다. 변경 사항은 영향 범위를 검토한 뒤 대안을 제시하고 합의된 방식으로 반영합니다.

문제 발생 시 사실관계와 원인을 먼저 확인하고, 재발 방지 방안을 업무 절차에 반영합니다. 입사 후에는 담당 영역의 실행력을 높이고, 정확성·일정 준수·이용자 관점의 완성도를 중요한 기준으로 삼습니다.","- 논문 검토, 실험 설계, 모델 학습, 연구 보고서 관련 업무 계획 수립 및 실행
- 담당 과제의 일정·진행 현황 관리
- 업무 산출물 작성 및 검토 이력 관리
- 유관 부서 및 외부 협력 대상과 실무 조율
- 현장·시스템·자료에서 발생한 이슈 분석 및 조치
- 운영 기준과 체크리스트 개선
- 결과 데이터 또는 피드백을 반영한 품질 개선","- 경력 5년 이상 조건에 맞는 관련 실무 경험 또는 역량 보유
- 논문 검토, 실험 설계, 모델 학습, 연구 보고서에 필요한 도구·절차를 이해하고 실무 적용이 가능한 분
- 업무 내용을 정확히 기록하고 일정에 맞춰 결과물을 제출할 수 있는 분
- 유관 부서와 원활하게 소통하며 협업할 수 있는 분
- 근무지 출퇴근 및 직무 수행이 가능한 분","- 빅데이터분석기사 보유자
- ADP 보유자
- 논문 검토, 실험 설계, 모델 학습, 연구 보고서 관련 프로젝트 또는 현장 수행 경험
- 업무용 문서·보고서 작성 및 이력 관리 경험
- 유관 부서·외부 협력사와의 일정 조율 경험","- 지원서 또는 제출서류를 허위로 기재한 경우
- 채용 과정에서 요구한 증빙서류를 제출하지 못한 경우
- 채용검진 결과 직무 수행이 어렵다고 판단되는 경우
- 해외여행 및 근무에 결격사유가 있는 경우
- 관련 법령 또는 내부 인사규정상 채용이 불가능한 경우",서류전형 > 직무과제 > 실무면접 > 처우협의
2328,AI/ML연구원 담당자 공개채용,87,233,20260810,20260822,8,신입·경력,계약직,충청남도,학력무관,"AI/ML연구원 포지션은 AI·ML 기술의 연구와 실험 검증을 수행 역할입니다. 담당 업무의 목표와 우선순위를 명확히 설정하고, 일정과 품질 기준을 함께 관리합니다.

논문 검토, 실험 설계, 모델 학습, 연구 보고서를 중심으로 실무를 수행하며, 요구사항과 결과물을 문서화해 업무 흐름이 누락되지 않도록 합니다.

기획·운영·현장 담당자 및 외부 협력 파트너와 수시로 협업합니다. 변경 사항은 영향 범위를 검토한 뒤 대안을 제시하고 합의된 방식으로 반영합니다.

문제 발생 시 사실관계와 원인을 먼저 확인하고, 재발 방지 방안을 업무 절차에 반영합니다. 입사 후에는 담당 영역의 실행력을 높이고, 정확성·일정 준수·이용자 관점의 완성도를 중요한 기준으로 삼습니다.","- 논문 검토, 실험 설계, 모델 학습, 연구 보고서 관련 업무 계획 수립 및 실행
- 담당 과제의 일정·진행 현황 관리
- 업무 산출물 작성 및 검토 이력 관리
- 유관 부서 및 외부 협력 대상과 실무 조율
- 현장·시스템·자료에서 발생한 이슈 분석 및 조치
- 운영 기준과 체크리스트 개선
- 결과 데이터 또는 피드백을 반영한 품질 개선","- 신입·경력 조건에 맞는 관련 실무 경험 또는 역량 보유
- 논문 검토, 실험 설계, 모델 학습, 연구 보고서에 필요한 도구·절차를 이해하고 실무 적용이 가능한 분
- 업무 내용을 정확히 기록하고 일정에 맞춰 결과물을 제출할 수 있는 분
- 유관 부서와 원활하게 소통하며 협업할 수 있는 분
- 근무지 출퇴근 및 직무 수행이 가능한 분","- 빅데이터분석기사 보유자
- ADP 보유자
- 논문 검토, 실험 설계, 모델 학습, 연구 보고서 관련 프로젝트 또는 현장 수행 경험
- 업무용 문서·보고서 작성 및 이력 관리 경험
- 유관 부서·외부 협력사와의 일정 조율 경험","- 지원서 또는 제출서류를 허위로 기재한 경우
- 채용 과정에서 요구한 증빙서류를 제출하지 못한 경우
- 채용검진 결과 직무 수행이 어렵다고 판단되는 경우
- 해외여행 및 근무에 결격사유가 있는 경우
- 관련 법령 또는 내부 인사규정상 채용이 불가능한 경우",서류전형 > 1차면접 > 2차면접 > 채용검진
2329,AI/ML연구원 정규직 모집,26,233,20260915,20260930,10,경력 2년 이상,정규직,경상남도,학사 이상,"AI/ML연구원 포지션은 AI·ML 기술의 연구와 실험 검증을 수행 역할입니다. 담당 업무의 목표와 우선순위를 명확히 설정하고, 일정과 품질 기준을 함께 관리합니다.

논문 검토, 실험 설계, 모델 학습, 연구 보고서를 중심으로 실무를 수행하며, 요구사항과 결과물을 문서화해 업무 흐름이 누락되지 않도록 합니다.

기획·운영·현장 담당자 및 외부 협력 파트너와 수시로 협업합니다. 변경 사항은 영향 범위를 검토한 뒤 대안을 제시하고 합의된 방식으로 반영합니다.

문제 발생 시 사실관계와 원인을 먼저 확인하고, 재발 방지 방안을 업무 절차에 반영합니다. 입사 후에는 담당 영역의 실행력을 높이고, 정확성·일정 준수·이용자 관점의 완성도를 중요한 기준으로 삼습니다.","- 논문 검토, 실험 설계, 모델 학습, 연구 보고서 관련 업무 계획 수립 및 실행
- 담당 과제의 일정·진행 현황 관리
- 업무 산출물 작성 및 검토 이력 관리
- 유관 부서 및 외부 협력 대상과 실무 조율
- 현장·시스템·자료에서 발생한 이슈 분석 및 조치
- 운영 기준과 체크리스트 개선
- 결과 데이터 또는 피드백을 반영한 품질 개선","- 경력 2년 이상 조건에 맞는 관련 실무 경험 또는 역량 보유
- 논문 검토, 실험 설계, 모델 학습, 연구 보고서에 필요한 도구·절차를 이해하고 실무 적용이 가능한 분
- 업무 내용을 정확히 기록하고 일정에 맞춰 결과물을 제출할 수 있는 분
- 유관 부서와 원활하게 소통하며 협업할 수 있는 분
- 근무지 출퇴근 및 직무 수행이 가능한 분","- 빅데이터분석기사 보유자
- ADP 보유자
- 논문 검토, 실험 설계, 모델 학습, 연구 보고서 관련 프로젝트 또는 현장 수행 경험
- 업무용 문서·보고서 작성 및 이력 관리 경험
- 유관 부서·외부 협력사와의 일정 조율 경험","- 지원서 또는 제출서류를 허위로 기재한 경우
- 채용 과정에서 요구한 증빙서류를 제출하지 못한 경우
- 채용검진 결과 직무 수행이 어렵다고 판단되는 경우
- 해외여행 및 근무에 결격사유가 있는 경우
- 관련 법령 또는 내부 인사규정상 채용이 불가능한 경우",서류전형 > 실무면접 > 최종면접
2330,AI/ML연구원 채용,46,233,20261020,20261107,12,경력,정규직,전북특별자치도,전문학사 이상,"AI/ML연구원 포지션은 AI·ML 기술의 연구와 실험 검증을 수행 역할입니다. 담당 업무의 목표와 우선순위를 명확히 설정하고, 일정과 품질 기준을 함께 관리합니다.

논문 검토, 실험 설계, 모델 학습, 연구 보고서를 중심으로 실무를 수행하며, 요구사항과 결과물을 문서화해 업무 흐름이 누락되지 않도록 합니다.

기획·운영·현장 담당자 및 외부 협력 파트너와 수시로 협업합니다. 변경 사항은 영향 범위를 검토한 뒤 대안을 제시하고 합의된 방식으로 반영합니다.

문제 발생 시 사실관계와 원인을 먼저 확인하고, 재발 방지 방안을 업무 절차에 반영합니다. 입사 후에는 담당 영역의 실행력을 높이고, 정확성·일정 준수·이용자 관점의 완성도를 중요한 기준으로 삼습니다.","- 논문 검토, 실험 설계, 모델 학습, 연구 보고서 관련 업무 계획 수립 및 실행
- 담당 과제의 일정·진행 현황 관리
- 업무 산출물 작성 및 검토 이력 관리
- 유관 부서 및 외부 협력 대상과 실무 조율
- 현장·시스템·자료에서 발생한 이슈 분석 및 조치
- 운영 기준과 체크리스트 개선
- 결과 데이터 또는 피드백을 반영한 품질 개선","- 경력 조건에 맞는 관련 실무 경험 또는 역량 보유
- 논문 검토, 실험 설계, 모델 학습, 연구 보고서에 필요한 도구·절차를 이해하고 실무 적용이 가능한 분
- 업무 내용을 정확히 기록하고 일정에 맞춰 결과물을 제출할 수 있는 분
- 유관 부서와 원활하게 소통하며 협업할 수 있는 분
- 근무지 출퇴근 및 직무 수행이 가능한 분","- 빅데이터분석기사 보유자
- ADP 보유자
- 논문 검토, 실험 설계, 모델 학습, 연구 보고서 관련 프로젝트 또는 현장 수행 경험
- 업무용 문서·보고서 작성 및 이력 관리 경험
- 유관 부서·외부 협력사와의 일정 조율 경험","- 지원서 또는 제출서류를 허위로 기재한 경우
- 채용 과정에서 요구한 증빙서류를 제출하지 못한 경우
- 채용검진 결과 직무 수행이 어렵다고 판단되는 경우
- 해외여행 및 근무에 결격사유가 있는 경우
- 관련 법령 또는 내부 인사규정상 채용이 불가능한 경우",서류전형 > 인성검사 > 실무면접 > 최종면접
2331,데이터분석가 담당자 모집,140,234,20260203,20260303,15,신입,정규직,서울특별시,학력무관,"데이터분석가 포지션은 업무 의사결정을 위한 데이터 분석과 시각화를 수행 역할입니다. 담당 업무의 목표와 우선순위를 명확히 설정하고, 일정과 품질 기준을 함께 관리합니다.

SQL, 대시보드, 지표 정의, 분석 리포트를 중심으로 실무를 수행하며, 요구사항과 결과물을 문서화해 업무 흐름이 누락되지 않도록 합니다.

기획·운영·현장 담당자 및 외부 협력 파트너와 수시로 협업합니다. 변경 사항은 영향 범위를 검토한 뒤 대안을 제시하고 합의된 방식으로 반영합니다.

문제 발생 시 사실관계와 원인을 먼저 확인하고, 재발 방지 방안을 업무 절차에 반영합니다. 입사 후에는 담당 영역의 실행력을 높이고, 정확성·일정 준수·이용자 관점의 완성도를 중요한 기준으로 삼습니다.","- SQL, 대시보드, 지표 정의, 분석 리포트 관련 업무 계획 수립 및 실행
- 담당 과제의 일정·진행 현황 관리
- 업무 산출물 작성 및 검토 이력 관리
- 유관 부서 및 외부 협력 대상과 실무 조율
- 현장·시스템·자료에서 발생한 이슈 분석 및 조치
- 운영 기준과 체크리스트 개선
- 결과 데이터 또는 피드백을 반영한 품질 개선","- 신입 조건에 맞는 관련 실무 경험 또는 역량 보유
- SQL, 대시보드, 지표 정의, 분석 리포트에 필요한 도구·절차를 이해하고 실무 적용이 가능한 분
- 업무 내용을 정확히 기록하고 일정에 맞춰 결과물을 제출할 수 있는 분
- 유관 부서와 원활하게 소통하며 협업할 수 있는 분
- 근무지 출퇴근 및 직무 수행이 가능한 분","- ADsP 보유자
- SQLD 보유자
- SQL, 대시보드, 지표 정의, 분석 리포트 관련 프로젝트 또는 현장 수행 경험
- 업무용 문서·보고서 작성 및 이력 관리 경험
- 유관 부서·외부 협력사와의 일정 조율 경험","- 지원서 또는 제출서류를 허위로 기재한 경우
- 채용 과정에서 요구한 증빙서류를 제출하지 못한 경우
- 채용검진 결과 직무 수행이 어렵다고 판단되는 경우
- 해외여행 및 근무에 결격사유가 있는 경우
- 관련 법령 또는 내부 인사규정상 채용이 불가능한 경우",서류전형 > 실무면접 > 최종면접
2332,데이터분석가 실무자 채용,123,234,20260308,20260408,17,경력,계약직,경기도,전문학사 이상,"데이터분석가 포지션은 업무 의사결정을 위한 데이터 분석과 시각화를 수행 역할입니다. 담당 업무의 목표와 우선순위를 명확히 설정하고, 일정과 품질 기준을 함께 관리합니다.

SQL, 대시보드, 지표 정의, 분석 리포트를 중심으로 실무를 수행하며, 요구사항과 결과물을 문서화해 업무 흐름이 누락되지 않도록 합니다.

기획·운영·현장 담당자 및 외부 협력 파트너와 수시로 협업합니다. 변경 사항은 영향 범위를 검토한 뒤 대안을 제시하고 합의된 방식으로 반영합니다.

문제 발생 시 사실관계와 원인을 먼저 확인하고, 재발 방지 방안을 업무 절차에 반영합니다. 입사 후에는 담당 영역의 실행력을 높이고, 정확성·일정 준수·이용자 관점의 완성도를 중요한 기준으로 삼습니다.","- SQL, 대시보드, 지표 정의, 분석 리포트 관련 업무 계획 수립 및 실행
- 담당 과제의 일정·진행 현황 관리
- 업무 산출물 작성 및 검토 이력 관리
- 유관 부서 및 외부 협력 대상과 실무 조율
- 현장·시스템·자료에서 발생한 이슈 분석 및 조치
- 운영 기준과 체크리스트 개선
- 결과 데이터 또는 피드백을 반영한 품질 개선","- 경력 조건에 맞는 관련 실무 경험 또는 역량 보유
- SQL, 대시보드, 지표 정의, 분석 리포트에 필요한 도구·절차를 이해하고 실무 적용이 가능한 분
- 업무 내용을 정확히 기록하고 일정에 맞춰 결과물을 제출할 수 있는 분
- 유관 부서와 원활하게 소통하며 협업할 수 있는 분
- 근무지 출퇴근 및 직무 수행이 가능한 분","- ADsP 보유자
- SQLD 보유자
- SQL, 대시보드, 지표 정의, 분석 리포트 관련 프로젝트 또는 현장 수행 경험
- 업무용 문서·보고서 작성 및 이력 관리 경험
- 유관 부서·외부 협력사와의 일정 조율 경험","- 지원서 또는 제출서류를 허위로 기재한 경우
- 채용 과정에서 요구한 증빙서류를 제출하지 못한 경우
- 채용검진 결과 직무 수행이 어렵다고 판단되는 경우
- 해외여행 및 근무에 결격사유가 있는 경우
- 관련 법령 또는 내부 인사규정상 채용이 불가능한 경우",서류전형 > 인성검사 > 실무면접 > 최종면접
2333,데이터분석가 전문인력 채용,91,234,20260413,20260517,19,신입·경력,정규직,인천광역시,학사 이상,"데이터분석가 포지션은 업무 의사결정을 위한 데이터 분석과 시각화를 수행 역할입니다. 담당 업무의 목표와 우선순위를 명확히 설정하고, 일정과 품질 기준을 함께 관리합니다.

SQL, 대시보드, 지표 정의, 분석 리포트를 중심으로 실무를 수행하며, 요구사항과 결과물을 문서화해 업무 흐름이 누락되지 않도록 합니다.

기획·운영·현장 담당자 및 외부 협력 파트너와 수시로 협업합니다. 변경 사항은 영향 범위를 검토한 뒤 대안을 제시하고 합의된 방식으로 반영합니다.

문제 발생 시 사실관계와 원인을 먼저 확인하고, 재발 방지 방안을 업무 절차에 반영합니다. 입사 후에는 담당 영역의 실행력을 높이고, 정확성·일정 준수·이용자 관점의 완성도를 중요한 기준으로 삼습니다.","- SQL, 대시보드, 지표 정의, 분석 리포트 관련 업무 계획 수립 및 실행
- 담당 과제의 일정·진행 현황 관리
- 업무 산출물 작성 및 검토 이력 관리
- 유관 부서 및 외부 협력 대상과 실무 조율
- 현장·시스템·자료에서 발생한 이슈 분석 및 조치
- 운영 기준과 체크리스트 개선
- 결과 데이터 또는 피드백을 반영한 품질 개선","- 신입·경력 조건에 맞는 관련 실무 경험 또는 역량 보유
- SQL, 대시보드, 지표 정의, 분석 리포트에 필요한 도구·절차를 이해하고 실무 적용이 가능한 분
- 업무 내용을 정확히 기록하고 일정에 맞춰 결과물을 제출할 수 있는 분
- 유관 부서와 원활하게 소통하며 협업할 수 있는 분
- 근무지 출퇴근 및 직무 수행이 가능한 분","- ADsP 보유자
- SQLD 보유자
- SQL, 대시보드, 지표 정의, 분석 리포트 관련 프로젝트 또는 현장 수행 경험
- 업무용 문서·보고서 작성 및 이력 관리 경험
- 유관 부서·외부 협력사와의 일정 조율 경험","- 지원서 또는 제출서류를 허위로 기재한 경우
- 채용 과정에서 요구한 증빙서류를 제출하지 못한 경우
- 채용검진 결과 직무 수행이 어렵다고 판단되는 경우
- 해외여행 및 근무에 결격사유가 있는 경우
- 관련 법령 또는 내부 인사규정상 채용이 불가능한 경우",서류전형 > 직무과제 > 실무면접 > 처우협의
2334,데이터분석가 운영 담당 채용,141,234,20260518,20260624,1,경력 2년 이상,정규직,대전광역시,학사 이상,"데이터분석가 포지션은 업무 의사결정을 위한 데이터 분석과 시각화를 수행 역할입니다. 담당 업무의 목표와 우선순위를 명확히 설정하고, 일정과 품질 기준을 함께 관리합니다.

SQL, 대시보드, 지표 정의, 분석 리포트를 중심으로 실무를 수행하며, 요구사항과 결과물을 문서화해 업무 흐름이 누락되지 않도록 합니다.

기획·운영·현장 담당자 및 외부 협력 파트너와 수시로 협업합니다. 변경 사항은 영향 범위를 검토한 뒤 대안을 제시하고 합의된 방식으로 반영합니다.

문제 발생 시 사실관계와 원인을 먼저 확인하고, 재발 방지 방안을 업무 절차에 반영합니다. 입사 후에는 담당 영역의 실행력을 높이고, 정확성·일정 준수·이용자 관점의 완성도를 중요한 기준으로 삼습니다.","- SQL, 대시보드, 지표 정의, 분석 리포트 관련 업무 계획 수립 및 실행
- 담당 과제의 일정·진행 현황 관리
- 업무 산출물 작성 및 검토 이력 관리
- 유관 부서 및 외부 협력 대상과 실무 조율
- 현장·시스템·자료에서 발생한 이슈 분석 및 조치
- 운영 기준과 체크리스트 개선
- 결과 데이터 또는 피드백을 반영한 품질 개선","- 경력 2년 이상 조건에 맞는 관련 실무 경험 또는 역량 보유
- SQL, 대시보드, 지표 정의, 분석 리포트에 필요한 도구·절차를 이해하고 실무 적용이 가능한 분
- 업무 내용을 정확히 기록하고 일정에 맞춰 결과물을 제출할 수 있는 분
- 유관 부서와 원활하게 소통하며 협업할 수 있는 분
- 근무지 출퇴근 및 직무 수행이 가능한 분","- ADsP 보유자
- SQLD 보유자
- SQL, 대시보드, 지표 정의, 분석 리포트 관련 프로젝트 또는 현장 수행 경험
- 업무용 문서·보고서 작성 및 이력 관리 경험
- 유관 부서·외부 협력사와의 일정 조율 경험","- 지원서 또는 제출서류를 허위로 기재한 경우
- 채용 과정에서 요구한 증빙서류를 제출하지 못한 경우
- 채용검진 결과 직무 수행이 어렵다고 판단되는 경우
- 해외여행 및 근무에 결격사유가 있는 경우
- 관련 법령 또는 내부 인사규정상 채용이 불가능한 경우",서류전형 > 1차면접 > 2차면접 > 채용검진
2335,데이터분석가 프로젝트 인재 모집,97,234,20260623,20260802,3,경력 3년 이상,무기계약직,부산광역시,학력무관,"데이터분석가 포지션은 업무 의사결정을 위한 데이터 분석과 시각화를 수행 역할입니다. 담당 업무의 목표와 우선순위를 명확히 설정하고, 일정과 품질 기준을 함께 관리합니다.

SQL, 대시보드, 지표 정의, 분석 리포트를 중심으로 실무를 수행하며, 요구사항과 결과물을 문서화해 업무 흐름이 누락되지 않도록 합니다.

기획·운영·현장 담당자 및 외부 협력 파트너와 수시로 협업합니다. 변경 사항은 영향 범위를 검토한 뒤 대안을 제시하고 합의된 방식으로 반영합니다.

문제 발생 시 사실관계와 원인을 먼저 확인하고, 재발 방지 방안을 업무 절차에 반영합니다. 입사 후에는 담당 영역의 실행력을 높이고, 정확성·일정 준수·이용자 관점의 완성도를 중요한 기준으로 삼습니다.","- SQL, 대시보드, 지표 정의, 분석 리포트 관련 업무 계획 수립 및 실행
- 담당 과제의 일정·진행 현황 관리
- 업무 산출물 작성 및 검토 이력 관리
- 유관 부서 및 외부 협력 대상과 실무 조율
- 현장·시스템·자료에서 발생한 이슈 분석 및 조치
- 운영 기준과 체크리스트 개선
- 결과 데이터 또는 피드백을 반영한 품질 개선","- 경력 3년 이상 조건에 맞는 관련 실무 경험 또는 역량 보유
- SQL, 대시보드, 지표 정의, 분석 리포트에 필요한 도구·절차를 이해하고 실무 적용이 가능한 분
- 업무 내용을 정확히 기록하고 일정에 맞춰 결과물을 제출할 수 있는 분
- 유관 부서와 원활하게 소통하며 협업할 수 있는 분
- 근무지 출퇴근 및 직무 수행이 가능한 분","- ADsP 보유자
- SQLD 보유자
- SQL, 대시보드, 지표 정의, 분석 리포트 관련 프로젝트 또는 현장 수행 경험
- 업무용 문서·보고서 작성 및 이력 관리 경험
- 유관 부서·외부 협력사와의 일정 조율 경험","- 지원서 또는 제출서류를 허위로 기재한 경우
- 채용 과정에서 요구한 증빙서류를 제출하지 못한 경우
- 채용검진 결과 직무 수행이 어렵다고 판단되는 경우
- 해외여행 및 근무에 결격사유가 있는 경우
- 관련 법령 또는 내부 인사규정상 채용이 불가능한 경우",서류전형 > 실무면접 > 최종면접
2336,데이터분석가 전담 인력 채용,102,234,20260703,20260815,5,경력 무관,기간제,광주광역시,전문학사 이상,"데이터분석가 포지션은 업무 의사결정을 위한 데이터 분석과 시각화를 수행 역할입니다. 담당 업무의 목표와 우선순위를 명확히 설정하고, 일정과 품질 기준을 함께 관리합니다.

SQL, 대시보드, 지표 정의, 분석 리포트를 중심으로 실무를 수행하며, 요구사항과 결과물을 문서화해 업무 흐름이 누락되지 않도록 합니다.

기획·운영·현장 담당자 및 외부 협력 파트너와 수시로 협업합니다. 변경 사항은 영향 범위를 검토한 뒤 대안을 제시하고 합의된 방식으로 반영합니다.

문제 발생 시 사실관계와 원인을 먼저 확인하고, 재발 방지 방안을 업무 절차에 반영합니다. 입사 후에는 담당 영역의 실행력을 높이고, 정확성·일정 준수·이용자 관점의 완성도를 중요한 기준으로 삼습니다.","- SQL, 대시보드, 지표 정의, 분석 리포트 관련 업무 계획 수립 및 실행
- 담당 과제의 일정·진행 현황 관리
- 업무 산출물 작성 및 검토 이력 관리
- 유관 부서 및 외부 협력 대상과 실무 조율
- 현장·시스템·자료에서 발생한 이슈 분석 및 조치
- 운영 기준과 체크리스트 개선
- 결과 데이터 또는 피드백을 반영한 품질 개선","- 경력 무관 조건에 맞는 관련 실무 경험 또는 역량 보유
- SQL, 대시보드, 지표 정의, 분석 리포트에 필요한 도구·절차를 이해하고 실무 적용이 가능한 분
- 업무 내용을 정확히 기록하고 일정에 맞춰 결과물을 제출할 수 있는 분
- 유관 부서와 원활하게 소통하며 협업할 수 있는 분
- 근무지 출퇴근 및 직무 수행이 가능한 분","- ADsP 보유자
- SQLD 보유자
- SQL, 대시보드, 지표 정의, 분석 리포트 관련 프로젝트 또는 현장 수행 경험
- 업무용 문서·보고서 작성 및 이력 관리 경험
- 유관 부서·외부 협력사와의 일정 조율 경험","- 지원서 또는 제출서류를 허위로 기재한 경우
- 채용 과정에서 요구한 증빙서류를 제출하지 못한 경우
- 채용검진 결과 직무 수행이 어렵다고 판단되는 경우
- 해외여행 및 근무에 결격사유가 있는 경우
- 관련 법령 또는 내부 인사규정상 채용이 불가능한 경우",서류전형 > 인성검사 > 실무면접 > 최종면접
2337,데이터분석가 실무 인재 모집,31,234,20260808,20260818,7,경력 5년 이상,정규직,세종특별자치시,학사 이상,"데이터분석가 포지션은 업무 의사결정을 위한 데이터 분석과 시각화를 수행 역할입니다. 담당 업무의 목표와 우선순위를 명확히 설정하고, 일정과 품질 기준을 함께 관리합니다.

SQL, 대시보드, 지표 정의, 분석 리포트를 중심으로 실무를 수행하며, 요구사항과 결과물을 문서화해 업무 흐름이 누락되지 않도록 합니다.

기획·운영·현장 담당자 및 외부 협력 파트너와 수시로 협업합니다. 변경 사항은 영향 범위를 검토한 뒤 대안을 제시하고 합의된 방식으로 반영합니다.

문제 발생 시 사실관계와 원인을 먼저 확인하고, 재발 방지 방안을 업무 절차에 반영합니다. 입사 후에는 담당 영역의 실행력을 높이고, 정확성·일정 준수·이용자 관점의 완성도를 중요한 기준으로 삼습니다.","- SQL, 대시보드, 지표 정의, 분석 리포트 관련 업무 계획 수립 및 실행
- 담당 과제의 일정·진행 현황 관리
- 업무 산출물 작성 및 검토 이력 관리
- 유관 부서 및 외부 협력 대상과 실무 조율
- 현장·시스템·자료에서 발생한 이슈 분석 및 조치
- 운영 기준과 체크리스트 개선
- 결과 데이터 또는 피드백을 반영한 품질 개선","- 경력 5년 이상 조건에 맞는 관련 실무 경험 또는 역량 보유
- SQL, 대시보드, 지표 정의, 분석 리포트에 필요한 도구·절차를 이해하고 실무 적용이 가능한 분
- 업무 내용을 정확히 기록하고 일정에 맞춰 결과물을 제출할 수 있는 분
- 유관 부서와 원활하게 소통하며 협업할 수 있는 분
- 근무지 출퇴근 및 직무 수행이 가능한 분","- ADsP 보유자
- SQLD 보유자
- SQL, 대시보드, 지표 정의, 분석 리포트 관련 프로젝트 또는 현장 수행 경험
- 업무용 문서·보고서 작성 및 이력 관리 경험
- 유관 부서·외부 협력사와의 일정 조율 경험","- 지원서 또는 제출서류를 허위로 기재한 경우
- 채용 과정에서 요구한 증빙서류를 제출하지 못한 경우
- 채용검진 결과 직무 수행이 어렵다고 판단되는 경우
- 해외여행 및 근무에 결격사유가 있는 경우
- 관련 법령 또는 내부 인사규정상 채용이 불가능한 경우",서류전형 > 직무과제 > 실무면접 > 처우협의
2338,데이터분석가 담당자 공개채용,114,234,20260913,20260926,9,신입·경력,계약직,충청남도,학력무관,"데이터분석가 포지션은 업무 의사결정을 위한 데이터 분석과 시각화를 수행 역할입니다. 담당 업무의 목표와 우선순위를 명확히 설정하고, 일정과 품질 기준을 함께 관리합니다.

SQL, 대시보드, 지표 정의, 분석 리포트를 중심으로 실무를 수행하며, 요구사항과 결과물을 문서화해 업무 흐름이 누락되지 않도록 합니다.

기획·운영·현장 담당자 및 외부 협력 파트너와 수시로 협업합니다. 변경 사항은 영향 범위를 검토한 뒤 대안을 제시하고 합의된 방식으로 반영합니다.

문제 발생 시 사실관계와 원인을 먼저 확인하고, 재발 방지 방안을 업무 절차에 반영합니다. 입사 후에는 담당 영역의 실행력을 높이고, 정확성·일정 준수·이용자 관점의 완성도를 중요한 기준으로 삼습니다.","- SQL, 대시보드, 지표 정의, 분석 리포트 관련 업무 계획 수립 및 실행
- 담당 과제의 일정·진행 현황 관리
- 업무 산출물 작성 및 검토 이력 관리
- 유관 부서 및 외부 협력 대상과 실무 조율
- 현장·시스템·자료에서 발생한 이슈 분석 및 조치
- 운영 기준과 체크리스트 개선
- 결과 데이터 또는 피드백을 반영한 품질 개선","- 신입·경력 조건에 맞는 관련 실무 경험 또는 역량 보유
- SQL, 대시보드, 지표 정의, 분석 리포트에 필요한 도구·절차를 이해하고 실무 적용이 가능한 분
- 업무 내용을 정확히 기록하고 일정에 맞춰 결과물을 제출할 수 있는 분
- 유관 부서와 원활하게 소통하며 협업할 수 있는 분
- 근무지 출퇴근 및 직무 수행이 가능한 분","- ADsP 보유자
- SQLD 보유자
- SQL, 대시보드, 지표 정의, 분석 리포트 관련 프로젝트 또는 현장 수행 경험
- 업무용 문서·보고서 작성 및 이력 관리 경험
- 유관 부서·외부 협력사와의 일정 조율 경험","- 지원서 또는 제출서류를 허위로 기재한 경우
- 채용 과정에서 요구한 증빙서류를 제출하지 못한 경우
- 채용검진 결과 직무 수행이 어렵다고 판단되는 경우
- 해외여행 및 근무에 결격사유가 있는 경우
- 관련 법령 또는 내부 인사규정상 채용이 불가능한 경우",서류전형 > 1차면접 > 2차면접 > 채용검진
2339,데이터분석가 정규직 모집,122,234,20261018,20261103,11,경력 2년 이상,정규직,경상남도,학사 이상,"데이터분석가 포지션은 업무 의사결정을 위한 데이터 분석과 시각화를 수행 역할입니다. 담당 업무의 목표와 우선순위를 명확히 설정하고, 일정과 품질 기준을 함께 관리합니다.

SQL, 대시보드, 지표 정의, 분석 리포트를 중심으로 실무를 수행하며, 요구사항과 결과물을 문서화해 업무 흐름이 누락되지 않도록 합니다.

기획·운영·현장 담당자 및 외부 협력 파트너와 수시로 협업합니다. 변경 사항은 영향 범위를 검토한 뒤 대안을 제시하고 합의된 방식으로 반영합니다.

문제 발생 시 사실관계와 원인을 먼저 확인하고, 재발 방지 방안을 업무 절차에 반영합니다. 입사 후에는 담당 영역의 실행력을 높이고, 정확성·일정 준수·이용자 관점의 완성도를 중요한 기준으로 삼습니다.","- SQL, 대시보드, 지표 정의, 분석 리포트 관련 업무 계획 수립 및 실행
- 담당 과제의 일정·진행 현황 관리
- 업무 산출물 작성 및 검토 이력 관리
- 유관 부서 및 외부 협력 대상과 실무 조율
- 현장·시스템·자료에서 발생한 이슈 분석 및 조치
- 운영 기준과 체크리스트 개선
- 결과 데이터 또는 피드백을 반영한 품질 개선","- 경력 2년 이상 조건에 맞는 관련 실무 경험 또는 역량 보유
- SQL, 대시보드, 지표 정의, 분석 리포트에 필요한 도구·절차를 이해하고 실무 적용이 가능한 분
- 업무 내용을 정확히 기록하고 일정에 맞춰 결과물을 제출할 수 있는 분
- 유관 부서와 원활하게 소통하며 협업할 수 있는 분
- 근무지 출퇴근 및 직무 수행이 가능한 분","- ADsP 보유자
- SQLD 보유자
- SQL, 대시보드, 지표 정의, 분석 리포트 관련 프로젝트 또는 현장 수행 경험
- 업무용 문서·보고서 작성 및 이력 관리 경험
- 유관 부서·외부 협력사와의 일정 조율 경험","- 지원서 또는 제출서류를 허위로 기재한 경우
- 채용 과정에서 요구한 증빙서류를 제출하지 못한 경우
- 채용검진 결과 직무 수행이 어렵다고 판단되는 경우
- 해외여행 및 근무에 결격사유가 있는 경우
- 관련 법령 또는 내부 인사규정상 채용이 불가능한 경우",서류전형 > 실무면접 > 최종면접
2340,데이터분석가 채용,144,234,20260223,20260314,13,경력,정규직,전북특별자치도,전문학사 이상,"데이터분석가 포지션은 업무 의사결정을 위한 데이터 분석과 시각화를 수행 역할입니다. 담당 업무의 목표와 우선순위를 명확히 설정하고, 일정과 품질 기준을 함께 관리합니다.

SQL, 대시보드, 지표 정의, 분석 리포트를 중심으로 실무를 수행하며, 요구사항과 결과물을 문서화해 업무 흐름이 누락되지 않도록 합니다.

기획·운영·현장 담당자 및 외부 협력 파트너와 수시로 협업합니다. 변경 사항은 영향 범위를 검토한 뒤 대안을 제시하고 합의된 방식으로 반영합니다.

문제 발생 시 사실관계와 원인을 먼저 확인하고, 재발 방지 방안을 업무 절차에 반영합니다. 입사 후에는 담당 영역의 실행력을 높이고, 정확성·일정 준수·이용자 관점의 완성도를 중요한 기준으로 삼습니다.","- SQL, 대시보드, 지표 정의, 분석 리포트 관련 업무 계획 수립 및 실행
- 담당 과제의 일정·진행 현황 관리
- 업무 산출물 작성 및 검토 이력 관리
- 유관 부서 및 외부 협력 대상과 실무 조율
- 현장·시스템·자료에서 발생한 이슈 분석 및 조치
- 운영 기준과 체크리스트 개선
- 결과 데이터 또는 피드백을 반영한 품질 개선","- 경력 조건에 맞는 관련 실무 경험 또는 역량 보유
- SQL, 대시보드, 지표 정의, 분석 리포트에 필요한 도구·절차를 이해하고 실무 적용이 가능한 분
- 업무 내용을 정확히 기록하고 일정에 맞춰 결과물을 제출할 수 있는 분
- 유관 부서와 원활하게 소통하며 협업할 수 있는 분
- 근무지 출퇴근 및 직무 수행이 가능한 분","- ADsP 보유자
- SQLD 보유자
- SQL, 대시보드, 지표 정의, 분석 리포트 관련 프로젝트 또는 현장 수행 경험
- 업무용 문서·보고서 작성 및 이력 관리 경험
- 유관 부서·외부 협력사와의 일정 조율 경험","- 지원서 또는 제출서류를 허위로 기재한 경우
- 채용 과정에서 요구한 증빙서류를 제출하지 못한 경우
- 채용검진 결과 직무 수행이 어렵다고 판단되는 경우
- 해외여행 및 근무에 결격사유가 있는 경우
- 관련 법령 또는 내부 인사규정상 채용이 불가능한 경우",서류전형 > 인성검사 > 실무면접 > 최종면접
2341,데이터라벨러 담당자 모집,150,235,20260306,20260404,16,신입,정규직,서울특별시,학력무관,"데이터라벨러 포지션은 AI 학습용 데이터의 라벨링과 품질 검수를 수행 역할입니다. 담당 업무의 목표와 우선순위를 명확히 설정하고, 일정과 품질 기준을 함께 관리합니다.

라벨링 가이드, 이미지·텍스트 데이터, 검수, 오류 기록를 중심으로 실무를 수행하며, 요구사항과 결과물을 문서화해 업무 흐름이 누락되지 않도록 합니다.

기획·운영·현장 담당자 및 외부 협력 파트너와 수시로 협업합니다. 변경 사항은 영향 범위를 검토한 뒤 대안을 제시하고 합의된 방식으로 반영합니다.

문제 발생 시 사실관계와 원인을 먼저 확인하고, 재발 방지 방안을 업무 절차에 반영합니다. 입사 후에는 담당 영역의 실행력을 높이고, 정확성·일정 준수·이용자 관점의 완성도를 중요한 기준으로 삼습니다.","- 라벨링 가이드, 이미지·텍스트 데이터, 검수, 오류 기록 관련 업무 계획 수립 및 실행
- 담당 과제의 일정·진행 현황 관리
- 업무 산출물 작성 및 검토 이력 관리
- 유관 부서 및 외부 협력 대상과 실무 조율
- 현장·시스템·자료에서 발생한 이슈 분석 및 조치
- 운영 기준과 체크리스트 개선
- 결과 데이터 또는 피드백을 반영한 품질 개선","- 신입 조건에 맞는 관련 실무 경험 또는 역량 보유
- 라벨링 가이드, 이미지·텍스트 데이터, 검수, 오류 기록에 필요한 도구·절차를 이해하고 실무 적용이 가능한 분
- 업무 내용을 정확히 기록하고 일정에 맞춰 결과물을 제출할 수 있는 분
- 유관 부서와 원활하게 소통하며 협업할 수 있는 분
- 근무지 출퇴근 및 직무 수행이 가능한 분","- ADsP 보유자
- 빅데이터분석기사 보유자
- 라벨링 가이드, 이미지·텍스트 데이터, 검수, 오류 기록 관련 프로젝트 또는 현장 수행 경험
- 업무용 문서·보고서 작성 및 이력 관리 경험
- 유관 부서·외부 협력사와의 일정 조율 경험","- 지원서 또는 제출서류를 허위로 기재한 경우
- 채용 과정에서 요구한 증빙서류를 제출하지 못한 경우
- 채용검진 결과 직무 수행이 어렵다고 판단되는 경우
- 해외여행 및 근무에 결격사유가 있는 경우
- 관련 법령 또는 내부 인사규정상 채용이 불가능한 경우",서류전형 > 실무면접 > 최종면접
2342,데이터라벨러 실무자 채용,39,235,20260411,20260513,18,경력,계약직,경기도,전문학사 이상,"데이터라벨러 포지션은 AI 학습용 데이터의 라벨링과 품질 검수를 수행 역할입니다. 담당 업무의 목표와 우선순위를 명확히 설정하고, 일정과 품질 기준을 함께 관리합니다.

라벨링 가이드, 이미지·텍스트 데이터, 검수, 오류 기록를 중심으로 실무를 수행하며, 요구사항과 결과물을 문서화해 업무 흐름이 누락되지 않도록 합니다.

기획·운영·현장 담당자 및 외부 협력 파트너와 수시로 협업합니다. 변경 사항은 영향 범위를 검토한 뒤 대안을 제시하고 합의된 방식으로 반영합니다.

문제 발생 시 사실관계와 원인을 먼저 확인하고, 재발 방지 방안을 업무 절차에 반영합니다. 입사 후에는 담당 영역의 실행력을 높이고, 정확성·일정 준수·이용자 관점의 완성도를 중요한 기준으로 삼습니다.","- 라벨링 가이드, 이미지·텍스트 데이터, 검수, 오류 기록 관련 업무 계획 수립 및 실행
- 담당 과제의 일정·진행 현황 관리
- 업무 산출물 작성 및 검토 이력 관리
- 유관 부서 및 외부 협력 대상과 실무 조율
- 현장·시스템·자료에서 발생한 이슈 분석 및 조치
- 운영 기준과 체크리스트 개선
- 결과 데이터 또는 피드백을 반영한 품질 개선","- 경력 조건에 맞는 관련 실무 경험 또는 역량 보유
- 라벨링 가이드, 이미지·텍스트 데이터, 검수, 오류 기록에 필요한 도구·절차를 이해하고 실무 적용이 가능한 분
- 업무 내용을 정확히 기록하고 일정에 맞춰 결과물을 제출할 수 있는 분
- 유관 부서와 원활하게 소통하며 협업할 수 있는 분
- 근무지 출퇴근 및 직무 수행이 가능한 분","- ADsP 보유자
- 빅데이터분석기사 보유자
- 라벨링 가이드, 이미지·텍스트 데이터, 검수, 오류 기록 관련 프로젝트 또는 현장 수행 경험
- 업무용 문서·보고서 작성 및 이력 관리 경험
- 유관 부서·외부 협력사와의 일정 조율 경험","- 지원서 또는 제출서류를 허위로 기재한 경우
- 채용 과정에서 요구한 증빙서류를 제출하지 못한 경우
- 채용검진 결과 직무 수행이 어렵다고 판단되는 경우
- 해외여행 및 근무에 결격사유가 있는 경우
- 관련 법령 또는 내부 인사규정상 채용이 불가능한 경우",서류전형 > 인성검사 > 실무면접 > 최종면접
2343,데이터라벨러 전문인력 채용,119,235,20260516,20260620,20,신입·경력,정규직,인천광역시,학사 이상,"데이터라벨러 포지션은 AI 학습용 데이터의 라벨링과 품질 검수를 수행 역할입니다. 담당 업무의 목표와 우선순위를 명확히 설정하고, 일정과 품질 기준을 함께 관리합니다.

라벨링 가이드, 이미지·텍스트 데이터, 검수, 오류 기록를 중심으로 실무를 수행하며, 요구사항과 결과물을 문서화해 업무 흐름이 누락되지 않도록 합니다.

기획·운영·현장 담당자 및 외부 협력 파트너와 수시로 협업합니다. 변경 사항은 영향 범위를 검토한 뒤 대안을 제시하고 합의된 방식으로 반영합니다.

문제 발생 시 사실관계와 원인을 먼저 확인하고, 재발 방지 방안을 업무 절차에 반영합니다. 입사 후에는 담당 영역의 실행력을 높이고, 정확성·일정 준수·이용자 관점의 완성도를 중요한 기준으로 삼습니다.","- 라벨링 가이드, 이미지·텍스트 데이터, 검수, 오류 기록 관련 업무 계획 수립 및 실행
- 담당 과제의 일정·진행 현황 관리
- 업무 산출물 작성 및 검토 이력 관리
- 유관 부서 및 외부 협력 대상과 실무 조율
- 현장·시스템·자료에서 발생한 이슈 분석 및 조치
- 운영 기준과 체크리스트 개선
- 결과 데이터 또는 피드백을 반영한 품질 개선","- 신입·경력 조건에 맞는 관련 실무 경험 또는 역량 보유
- 라벨링 가이드, 이미지·텍스트 데이터, 검수, 오류 기록에 필요한 도구·절차를 이해하고 실무 적용이 가능한 분
- 업무 내용을 정확히 기록하고 일정에 맞춰 결과물을 제출할 수 있는 분
- 유관 부서와 원활하게 소통하며 협업할 수 있는 분
- 근무지 출퇴근 및 직무 수행이 가능한 분","- ADsP 보유자
- 빅데이터분석기사 보유자
- 라벨링 가이드, 이미지·텍스트 데이터, 검수, 오류 기록 관련 프로젝트 또는 현장 수행 경험
- 업무용 문서·보고서 작성 및 이력 관리 경험
- 유관 부서·외부 협력사와의 일정 조율 경험","- 지원서 또는 제출서류를 허위로 기재한 경우
- 채용 과정에서 요구한 증빙서류를 제출하지 못한 경우
- 채용검진 결과 직무 수행이 어렵다고 판단되는 경우
- 해외여행 및 근무에 결격사유가 있는 경우
- 관련 법령 또는 내부 인사규정상 채용이 불가능한 경우",서류전형 > 직무과제 > 실무면접 > 처우협의
2344,데이터라벨러 운영 담당 채용,145,235,20260621,20260729,2,경력 2년 이상,정규직,대전광역시,학사 이상,"데이터라벨러 포지션은 AI 학습용 데이터의 라벨링과 품질 검수를 수행 역할입니다. 담당 업무의 목표와 우선순위를 명확히 설정하고, 일정과 품질 기준을 함께 관리합니다.

라벨링 가이드, 이미지·텍스트 데이터, 검수, 오류 기록를 중심으로 실무를 수행하며, 요구사항과 결과물을 문서화해 업무 흐름이 누락되지 않도록 합니다.

기획·운영·현장 담당자 및 외부 협력 파트너와 수시로 협업합니다. 변경 사항은 영향 범위를 검토한 뒤 대안을 제시하고 합의된 방식으로 반영합니다.

문제 발생 시 사실관계와 원인을 먼저 확인하고, 재발 방지 방안을 업무 절차에 반영합니다. 입사 후에는 담당 영역의 실행력을 높이고, 정확성·일정 준수·이용자 관점의 완성도를 중요한 기준으로 삼습니다.","- 라벨링 가이드, 이미지·텍스트 데이터, 검수, 오류 기록 관련 업무 계획 수립 및 실행
- 담당 과제의 일정·진행 현황 관리
- 업무 산출물 작성 및 검토 이력 관리
- 유관 부서 및 외부 협력 대상과 실무 조율
- 현장·시스템·자료에서 발생한 이슈 분석 및 조치
- 운영 기준과 체크리스트 개선
- 결과 데이터 또는 피드백을 반영한 품질 개선","- 경력 2년 이상 조건에 맞는 관련 실무 경험 또는 역량 보유
- 라벨링 가이드, 이미지·텍스트 데이터, 검수, 오류 기록에 필요한 도구·절차를 이해하고 실무 적용이 가능한 분
- 업무 내용을 정확히 기록하고 일정에 맞춰 결과물을 제출할 수 있는 분
- 유관 부서와 원활하게 소통하며 협업할 수 있는 분
- 근무지 출퇴근 및 직무 수행이 가능한 분","- ADsP 보유자
- 빅데이터분석기사 보유자
- 라벨링 가이드, 이미지·텍스트 데이터, 검수, 오류 기록 관련 프로젝트 또는 현장 수행 경험
- 업무용 문서·보고서 작성 및 이력 관리 경험
- 유관 부서·외부 협력사와의 일정 조율 경험","- 지원서 또는 제출서류를 허위로 기재한 경우
- 채용 과정에서 요구한 증빙서류를 제출하지 못한 경우
- 채용검진 결과 직무 수행이 어렵다고 판단되는 경우
- 해외여행 및 근무에 결격사유가 있는 경우
- 관련 법령 또는 내부 인사규정상 채용이 불가능한 경우",서류전형 > 1차면접 > 2차면접 > 채용검진
2345,데이터라벨러 프로젝트 인재 모집,51,235,20260701,20260811,4,경력 3년 이상,무기계약직,부산광역시,학력무관,"데이터라벨러 포지션은 AI 학습용 데이터의 라벨링과 품질 검수를 수행 역할입니다. 담당 업무의 목표와 우선순위를 명확히 설정하고, 일정과 품질 기준을 함께 관리합니다.

라벨링 가이드, 이미지·텍스트 데이터, 검수, 오류 기록를 중심으로 실무를 수행하며, 요구사항과 결과물을 문서화해 업무 흐름이 누락되지 않도록 합니다.

기획·운영·현장 담당자 및 외부 협력 파트너와 수시로 협업합니다. 변경 사항은 영향 범위를 검토한 뒤 대안을 제시하고 합의된 방식으로 반영합니다.

문제 발생 시 사실관계와 원인을 먼저 확인하고, 재발 방지 방안을 업무 절차에 반영합니다. 입사 후에는 담당 영역의 실행력을 높이고, 정확성·일정 준수·이용자 관점의 완성도를 중요한 기준으로 삼습니다.","- 라벨링 가이드, 이미지·텍스트 데이터, 검수, 오류 기록 관련 업무 계획 수립 및 실행
- 담당 과제의 일정·진행 현황 관리
- 업무 산출물 작성 및 검토 이력 관리
- 유관 부서 및 외부 협력 대상과 실무 조율
- 현장·시스템·자료에서 발생한 이슈 분석 및 조치
- 운영 기준과 체크리스트 개선
- 결과 데이터 또는 피드백을 반영한 품질 개선","- 경력 3년 이상 조건에 맞는 관련 실무 경험 또는 역량 보유
- 라벨링 가이드, 이미지·텍스트 데이터, 검수, 오류 기록에 필요한 도구·절차를 이해하고 실무 적용이 가능한 분
- 업무 내용을 정확히 기록하고 일정에 맞춰 결과물을 제출할 수 있는 분
- 유관 부서와 원활하게 소통하며 협업할 수 있는 분
- 근무지 출퇴근 및 직무 수행이 가능한 분","- ADsP 보유자
- 빅데이터분석기사 보유자
- 라벨링 가이드, 이미지·텍스트 데이터, 검수, 오류 기록 관련 프로젝트 또는 현장 수행 경험
- 업무용 문서·보고서 작성 및 이력 관리 경험
- 유관 부서·외부 협력사와의 일정 조율 경험","- 지원서 또는 제출서류를 허위로 기재한 경우
- 채용 과정에서 요구한 증빙서류를 제출하지 못한 경우
- 채용검진 결과 직무 수행이 어렵다고 판단되는 경우
- 해외여행 및 근무에 결격사유가 있는 경우
- 관련 법령 또는 내부 인사규정상 채용이 불가능한 경우",서류전형 > 실무면접 > 최종면접
2346,데이터라벨러 전담 인력 채용,42,235,20260806,20260919,6,경력 무관,기간제,광주광역시,전문학사 이상,"데이터라벨러 포지션은 AI 학습용 데이터의 라벨링과 품질 검수를 수행 역할입니다. 담당 업무의 목표와 우선순위를 명확히 설정하고, 일정과 품질 기준을 함께 관리합니다.

라벨링 가이드, 이미지·텍스트 데이터, 검수, 오류 기록를 중심으로 실무를 수행하며, 요구사항과 결과물을 문서화해 업무 흐름이 누락되지 않도록 합니다.

기획·운영·현장 담당자 및 외부 협력 파트너와 수시로 협업합니다. 변경 사항은 영향 범위를 검토한 뒤 대안을 제시하고 합의된 방식으로 반영합니다.

문제 발생 시 사실관계와 원인을 먼저 확인하고, 재발 방지 방안을 업무 절차에 반영합니다. 입사 후에는 담당 영역의 실행력을 높이고, 정확성·일정 준수·이용자 관점의 완성도를 중요한 기준으로 삼습니다.","- 라벨링 가이드, 이미지·텍스트 데이터, 검수, 오류 기록 관련 업무 계획 수립 및 실행
- 담당 과제의 일정·진행 현황 관리
- 업무 산출물 작성 및 검토 이력 관리
- 유관 부서 및 외부 협력 대상과 실무 조율
- 현장·시스템·자료에서 발생한 이슈 분석 및 조치
- 운영 기준과 체크리스트 개선
- 결과 데이터 또는 피드백을 반영한 품질 개선","- 경력 무관 조건에 맞는 관련 실무 경험 또는 역량 보유
- 라벨링 가이드, 이미지·텍스트 데이터, 검수, 오류 기록에 필요한 도구·절차를 이해하고 실무 적용이 가능한 분
- 업무 내용을 정확히 기록하고 일정에 맞춰 결과물을 제출할 수 있는 분
- 유관 부서와 원활하게 소통하며 협업할 수 있는 분
- 근무지 출퇴근 및 직무 수행이 가능한 분","- ADsP 보유자
- 빅데이터분석기사 보유자
- 라벨링 가이드, 이미지·텍스트 데이터, 검수, 오류 기록 관련 프로젝트 또는 현장 수행 경험
- 업무용 문서·보고서 작성 및 이력 관리 경험
- 유관 부서·외부 협력사와의 일정 조율 경험","- 지원서 또는 제출서류를 허위로 기재한 경우
- 채용 과정에서 요구한 증빙서류를 제출하지 못한 경우
- 채용검진 결과 직무 수행이 어렵다고 판단되는 경우
- 해외여행 및 근무에 결격사유가 있는 경우
- 관련 법령 또는 내부 인사규정상 채용이 불가능한 경우",서류전형 > 인성검사 > 실무면접 > 최종면접
2347,데이터라벨러 실무 인재 모집,155,235,20260911,20260922,8,경력 5년 이상,정규직,세종특별자치시,학사 이상,"데이터라벨러 포지션은 AI 학습용 데이터의 라벨링과 품질 검수를 수행 역할입니다. 담당 업무의 목표와 우선순위를 명확히 설정하고, 일정과 품질 기준을 함께 관리합니다.

라벨링 가이드, 이미지·텍스트 데이터, 검수, 오류 기록를 중심으로 실무를 수행하며, 요구사항과 결과물을 문서화해 업무 흐름이 누락되지 않도록 합니다.

기획·운영·현장 담당자 및 외부 협력 파트너와 수시로 협업합니다. 변경 사항은 영향 범위를 검토한 뒤 대안을 제시하고 합의된 방식으로 반영합니다.

문제 발생 시 사실관계와 원인을 먼저 확인하고, 재발 방지 방안을 업무 절차에 반영합니다. 입사 후에는 담당 영역의 실행력을 높이고, 정확성·일정 준수·이용자 관점의 완성도를 중요한 기준으로 삼습니다.","- 라벨링 가이드, 이미지·텍스트 데이터, 검수, 오류 기록 관련 업무 계획 수립 및 실행
- 담당 과제의 일정·진행 현황 관리
- 업무 산출물 작성 및 검토 이력 관리
- 유관 부서 및 외부 협력 대상과 실무 조율
- 현장·시스템·자료에서 발생한 이슈 분석 및 조치
- 운영 기준과 체크리스트 개선
- 결과 데이터 또는 피드백을 반영한 품질 개선","- 경력 5년 이상 조건에 맞는 관련 실무 경험 또는 역량 보유
- 라벨링 가이드, 이미지·텍스트 데이터, 검수, 오류 기록에 필요한 도구·절차를 이해하고 실무 적용이 가능한 분
- 업무 내용을 정확히 기록하고 일정에 맞춰 결과물을 제출할 수 있는 분
- 유관 부서와 원활하게 소통하며 협업할 수 있는 분
- 근무지 출퇴근 및 직무 수행이 가능한 분","- ADsP 보유자
- 빅데이터분석기사 보유자
- 라벨링 가이드, 이미지·텍스트 데이터, 검수, 오류 기록 관련 프로젝트 또는 현장 수행 경험
- 업무용 문서·보고서 작성 및 이력 관리 경험
- 유관 부서·외부 협력사와의 일정 조율 경험","- 지원서 또는 제출서류를 허위로 기재한 경우
- 채용 과정에서 요구한 증빙서류를 제출하지 못한 경우
- 채용검진 결과 직무 수행이 어렵다고 판단되는 경우
- 해외여행 및 근무에 결격사유가 있는 경우
- 관련 법령 또는 내부 인사규정상 채용이 불가능한 경우",서류전형 > 직무과제 > 실무면접 > 처우협의
2348,데이터라벨러 담당자 공개채용,49,235,20261016,20261030,10,신입·경력,계약직,충청남도,학력무관,"데이터라벨러 포지션은 AI 학습용 데이터의 라벨링과 품질 검수를 수행 역할입니다. 담당 업무의 목표와 우선순위를 명확히 설정하고, 일정과 품질 기준을 함께 관리합니다.

라벨링 가이드, 이미지·텍스트 데이터, 검수, 오류 기록를 중심으로 실무를 수행하며, 요구사항과 결과물을 문서화해 업무 흐름이 누락되지 않도록 합니다.

기획·운영·현장 담당자 및 외부 협력 파트너와 수시로 협업합니다. 변경 사항은 영향 범위를 검토한 뒤 대안을 제시하고 합의된 방식으로 반영합니다.

문제 발생 시 사실관계와 원인을 먼저 확인하고, 재발 방지 방안을 업무 절차에 반영합니다. 입사 후에는 담당 영역의 실행력을 높이고, 정확성·일정 준수·이용자 관점의 완성도를 중요한 기준으로 삼습니다.","- 라벨링 가이드, 이미지·텍스트 데이터, 검수, 오류 기록 관련 업무 계획 수립 및 실행
- 담당 과제의 일정·진행 현황 관리
- 업무 산출물 작성 및 검토 이력 관리
- 유관 부서 및 외부 협력 대상과 실무 조율
- 현장·시스템·자료에서 발생한 이슈 분석 및 조치
- 운영 기준과 체크리스트 개선
- 결과 데이터 또는 피드백을 반영한 품질 개선","- 신입·경력 조건에 맞는 관련 실무 경험 또는 역량 보유
- 라벨링 가이드, 이미지·텍스트 데이터, 검수, 오류 기록에 필요한 도구·절차를 이해하고 실무 적용이 가능한 분
- 업무 내용을 정확히 기록하고 일정에 맞춰 결과물을 제출할 수 있는 분
- 유관 부서와 원활하게 소통하며 협업할 수 있는 분
- 근무지 출퇴근 및 직무 수행이 가능한 분","- ADsP 보유자
- 빅데이터분석기사 보유자
- 라벨링 가이드, 이미지·텍스트 데이터, 검수, 오류 기록 관련 프로젝트 또는 현장 수행 경험
- 업무용 문서·보고서 작성 및 이력 관리 경험
- 유관 부서·외부 협력사와의 일정 조율 경험","- 지원서 또는 제출서류를 허위로 기재한 경우
- 채용 과정에서 요구한 증빙서류를 제출하지 못한 경우
- 채용검진 결과 직무 수행이 어렵다고 판단되는 경우
- 해외여행 및 근무에 결격사유가 있는 경우
- 관련 법령 또는 내부 인사규정상 채용이 불가능한 경우",서류전형 > 1차면접 > 2차면접 > 채용검진
2349,데이터라벨러 정규직 모집,79,235,20260221,20260310,12,경력 2년 이상,정규직,경상남도,학사 이상,"데이터라벨러 포지션은 AI 학습용 데이터의 라벨링과 품질 검수를 수행 역할입니다. 담당 업무의 목표와 우선순위를 명확히 설정하고, 일정과 품질 기준을 함께 관리합니다.

라벨링 가이드, 이미지·텍스트 데이터, 검수, 오류 기록를 중심으로 실무를 수행하며, 요구사항과 결과물을 문서화해 업무 흐름이 누락되지 않도록 합니다.

기획·운영·현장 담당자 및 외부 협력 파트너와 수시로 협업합니다. 변경 사항은 영향 범위를 검토한 뒤 대안을 제시하고 합의된 방식으로 반영합니다.

문제 발생 시 사실관계와 원인을 먼저 확인하고, 재발 방지 방안을 업무 절차에 반영합니다. 입사 후에는 담당 영역의 실행력을 높이고, 정확성·일정 준수·이용자 관점의 완성도를 중요한 기준으로 삼습니다.","- 라벨링 가이드, 이미지·텍스트 데이터, 검수, 오류 기록 관련 업무 계획 수립 및 실행
- 담당 과제의 일정·진행 현황 관리
- 업무 산출물 작성 및 검토 이력 관리
- 유관 부서 및 외부 협력 대상과 실무 조율
- 현장·시스템·자료에서 발생한 이슈 분석 및 조치
- 운영 기준과 체크리스트 개선
- 결과 데이터 또는 피드백을 반영한 품질 개선","- 경력 2년 이상 조건에 맞는 관련 실무 경험 또는 역량 보유
- 라벨링 가이드, 이미지·텍스트 데이터, 검수, 오류 기록에 필요한 도구·절차를 이해하고 실무 적용이 가능한 분
- 업무 내용을 정확히 기록하고 일정에 맞춰 결과물을 제출할 수 있는 분
- 유관 부서와 원활하게 소통하며 협업할 수 있는 분
- 근무지 출퇴근 및 직무 수행이 가능한 분","- ADsP 보유자
- 빅데이터분석기사 보유자
- 라벨링 가이드, 이미지·텍스트 데이터, 검수, 오류 기록 관련 프로젝트 또는 현장 수행 경험
- 업무용 문서·보고서 작성 및 이력 관리 경험
- 유관 부서·외부 협력사와의 일정 조율 경험","- 지원서 또는 제출서류를 허위로 기재한 경우
- 채용 과정에서 요구한 증빙서류를 제출하지 못한 경우
- 채용검진 결과 직무 수행이 어렵다고 판단되는 경우
- 해외여행 및 근무에 결격사유가 있는 경우
- 관련 법령 또는 내부 인사규정상 채용이 불가능한 경우",서류전형 > 실무면접 > 최종면접
2350,데이터라벨러 채용,25,235,20260301,20260321,14,경력,정규직,전북특별자치도,전문학사 이상,"데이터라벨러 포지션은 AI 학습용 데이터의 라벨링과 품질 검수를 수행 역할입니다. 담당 업무의 목표와 우선순위를 명확히 설정하고, 일정과 품질 기준을 함께 관리합니다.

라벨링 가이드, 이미지·텍스트 데이터, 검수, 오류 기록를 중심으로 실무를 수행하며, 요구사항과 결과물을 문서화해 업무 흐름이 누락되지 않도록 합니다.

기획·운영·현장 담당자 및 외부 협력 파트너와 수시로 협업합니다. 변경 사항은 영향 범위를 검토한 뒤 대안을 제시하고 합의된 방식으로 반영합니다.

문제 발생 시 사실관계와 원인을 먼저 확인하고, 재발 방지 방안을 업무 절차에 반영합니다. 입사 후에는 담당 영역의 실행력을 높이고, 정확성·일정 준수·이용자 관점의 완성도를 중요한 기준으로 삼습니다.","- 라벨링 가이드, 이미지·텍스트 데이터, 검수, 오류 기록 관련 업무 계획 수립 및 실행
- 담당 과제의 일정·진행 현황 관리
- 업무 산출물 작성 및 검토 이력 관리
- 유관 부서 및 외부 협력 대상과 실무 조율
- 현장·시스템·자료에서 발생한 이슈 분석 및 조치
- 운영 기준과 체크리스트 개선
- 결과 데이터 또는 피드백을 반영한 품질 개선","- 경력 조건에 맞는 관련 실무 경험 또는 역량 보유
- 라벨링 가이드, 이미지·텍스트 데이터, 검수, 오류 기록에 필요한 도구·절차를 이해하고 실무 적용이 가능한 분
- 업무 내용을 정확히 기록하고 일정에 맞춰 결과물을 제출할 수 있는 분
- 유관 부서와 원활하게 소통하며 협업할 수 있는 분
- 근무지 출퇴근 및 직무 수행이 가능한 분","- ADsP 보유자
- 빅데이터분석기사 보유자
- 라벨링 가이드, 이미지·텍스트 데이터, 검수, 오류 기록 관련 프로젝트 또는 현장 수행 경험
- 업무용 문서·보고서 작성 및 이력 관리 경험
- 유관 부서·외부 협력사와의 일정 조율 경험","- 지원서 또는 제출서류를 허위로 기재한 경우
- 채용 과정에서 요구한 증빙서류를 제출하지 못한 경우
- 채용검진 결과 직무 수행이 어렵다고 판단되는 경우
- 해외여행 및 근무에 결격사유가 있는 경우
- 관련 법령 또는 내부 인사규정상 채용이 불가능한 경우",서류전형 > 인성검사 > 실무면접 > 최종면접
2351,프롬프트엔지니어 담당자 모집,37,236,20260409,20260509,17,신입,정규직,서울특별시,학력무관,"프롬프트엔지니어 포지션은 생성형 AI 응답 품질을 위한 프롬프트와 평가체계를 설계 역할입니다. 담당 업무의 목표와 우선순위를 명확히 설정하고, 일정과 품질 기준을 함께 관리합니다.

프롬프트 템플릿, 평가셋, 안전성 점검, 개선 실험를 중심으로 실무를 수행하며, 요구사항과 결과물을 문서화해 업무 흐름이 누락되지 않도록 합니다.

기획·운영·현장 담당자 및 외부 협력 파트너와 수시로 협업합니다. 변경 사항은 영향 범위를 검토한 뒤 대안을 제시하고 합의된 방식으로 반영합니다.

문제 발생 시 사실관계와 원인을 먼저 확인하고, 재발 방지 방안을 업무 절차에 반영합니다. 입사 후에는 담당 영역의 실행력을 높이고, 정확성·일정 준수·이용자 관점의 완성도를 중요한 기준으로 삼습니다.","- 프롬프트 템플릿, 평가셋, 안전성 점검, 개선 실험 관련 업무 계획 수립 및 실행
- 담당 과제의 일정·진행 현황 관리
- 업무 산출물 작성 및 검토 이력 관리
- 유관 부서 및 외부 협력 대상과 실무 조율
- 현장·시스템·자료에서 발생한 이슈 분석 및 조치
- 운영 기준과 체크리스트 개선
- 결과 데이터 또는 피드백을 반영한 품질 개선","- 신입 조건에 맞는 관련 실무 경험 또는 역량 보유
- 프롬프트 템플릿, 평가셋, 안전성 점검, 개선 실험에 필요한 도구·절차를 이해하고 실무 적용이 가능한 분
- 업무 내용을 정확히 기록하고 일정에 맞춰 결과물을 제출할 수 있는 분
- 유관 부서와 원활하게 소통하며 협업할 수 있는 분
- 근무지 출퇴근 및 직무 수행이 가능한 분","- 정보처리기사 보유자
- ADsP 보유자
- 프롬프트 템플릿, 평가셋, 안전성 점검, 개선 실험 관련 프로젝트 또는 현장 수행 경험
- 업무용 문서·보고서 작성 및 이력 관리 경험
- 유관 부서·외부 협력사와의 일정 조율 경험","- 지원서 또는 제출서류를 허위로 기재한 경우
- 채용 과정에서 요구한 증빙서류를 제출하지 못한 경우
- 채용검진 결과 직무 수행이 어렵다고 판단되는 경우
- 해외여행 및 근무에 결격사유가 있는 경우
- 관련 법령 또는 내부 인사규정상 채용이 불가능한 경우",서류전형 > 실무면접 > 최종면접
2352,프롬프트엔지니어 실무자 채용,42,236,20260514,20260616,19,경력,계약직,경기도,전문학사 이상,"프롬프트엔지니어 포지션은 생성형 AI 응답 품질을 위한 프롬프트와 평가체계를 설계 역할입니다. 담당 업무의 목표와 우선순위를 명확히 설정하고, 일정과 품질 기준을 함께 관리합니다.

프롬프트 템플릿, 평가셋, 안전성 점검, 개선 실험를 중심으로 실무를 수행하며, 요구사항과 결과물을 문서화해 업무 흐름이 누락되지 않도록 합니다.

기획·운영·현장 담당자 및 외부 협력 파트너와 수시로 협업합니다. 변경 사항은 영향 범위를 검토한 뒤 대안을 제시하고 합의된 방식으로 반영합니다.

문제 발생 시 사실관계와 원인을 먼저 확인하고, 재발 방지 방안을 업무 절차에 반영합니다. 입사 후에는 담당 영역의 실행력을 높이고, 정확성·일정 준수·이용자 관점의 완성도를 중요한 기준으로 삼습니다.","- 프롬프트 템플릿, 평가셋, 안전성 점검, 개선 실험 관련 업무 계획 수립 및 실행
- 담당 과제의 일정·진행 현황 관리
- 업무 산출물 작성 및 검토 이력 관리
- 유관 부서 및 외부 협력 대상과 실무 조율
- 현장·시스템·자료에서 발생한 이슈 분석 및 조치
- 운영 기준과 체크리스트 개선
- 결과 데이터 또는 피드백을 반영한 품질 개선","- 경력 조건에 맞는 관련 실무 경험 또는 역량 보유
- 프롬프트 템플릿, 평가셋, 안전성 점검, 개선 실험에 필요한 도구·절차를 이해하고 실무 적용이 가능한 분
- 업무 내용을 정확히 기록하고 일정에 맞춰 결과물을 제출할 수 있는 분
- 유관 부서와 원활하게 소통하며 협업할 수 있는 분
- 근무지 출퇴근 및 직무 수행이 가능한 분","- 정보처리기사 보유자
- ADsP 보유자
- 프롬프트 템플릿, 평가셋, 안전성 점검, 개선 실험 관련 프로젝트 또는 현장 수행 경험
- 업무용 문서·보고서 작성 및 이력 관리 경험
- 유관 부서·외부 협력사와의 일정 조율 경험","- 지원서 또는 제출서류를 허위로 기재한 경우
- 채용 과정에서 요구한 증빙서류를 제출하지 못한 경우
- 채용검진 결과 직무 수행이 어렵다고 판단되는 경우
- 해외여행 및 근무에 결격사유가 있는 경우
- 관련 법령 또는 내부 인사규정상 채용이 불가능한 경우",서류전형 > 인성검사 > 실무면접 > 최종면접
2353,프롬프트엔지니어 전문인력 채용,134,236,20260619,20260725,1,신입·경력,정규직,인천광역시,학사 이상,"프롬프트엔지니어 포지션은 생성형 AI 응답 품질을 위한 프롬프트와 평가체계를 설계 역할입니다. 담당 업무의 목표와 우선순위를 명확히 설정하고, 일정과 품질 기준을 함께 관리합니다.

프롬프트 템플릿, 평가셋, 안전성 점검, 개선 실험를 중심으로 실무를 수행하며, 요구사항과 결과물을 문서화해 업무 흐름이 누락되지 않도록 합니다.

기획·운영·현장 담당자 및 외부 협력 파트너와 수시로 협업합니다. 변경 사항은 영향 범위를 검토한 뒤 대안을 제시하고 합의된 방식으로 반영합니다.

문제 발생 시 사실관계와 원인을 먼저 확인하고, 재발 방지 방안을 업무 절차에 반영합니다. 입사 후에는 담당 영역의 실행력을 높이고, 정확성·일정 준수·이용자 관점의 완성도를 중요한 기준으로 삼습니다.","- 프롬프트 템플릿, 평가셋, 안전성 점검, 개선 실험 관련 업무 계획 수립 및 실행
- 담당 과제의 일정·진행 현황 관리
- 업무 산출물 작성 및 검토 이력 관리
- 유관 부서 및 외부 협력 대상과 실무 조율
- 현장·시스템·자료에서 발생한 이슈 분석 및 조치
- 운영 기준과 체크리스트 개선
- 결과 데이터 또는 피드백을 반영한 품질 개선","- 신입·경력 조건에 맞는 관련 실무 경험 또는 역량 보유
- 프롬프트 템플릿, 평가셋, 안전성 점검, 개선 실험에 필요한 도구·절차를 이해하고 실무 적용이 가능한 분
- 업무 내용을 정확히 기록하고 일정에 맞춰 결과물을 제출할 수 있는 분
- 유관 부서와 원활하게 소통하며 협업할 수 있는 분
- 근무지 출퇴근 및 직무 수행이 가능한 분","- 정보처리기사 보유자
- ADsP 보유자
- 프롬프트 템플릿, 평가셋, 안전성 점검, 개선 실험 관련 프로젝트 또는 현장 수행 경험
- 업무용 문서·보고서 작성 및 이력 관리 경험
- 유관 부서·외부 협력사와의 일정 조율 경험","- 지원서 또는 제출서류를 허위로 기재한 경우
- 채용 과정에서 요구한 증빙서류를 제출하지 못한 경우
- 채용검진 결과 직무 수행이 어렵다고 판단되는 경우
- 해외여행 및 근무에 결격사유가 있는 경우
- 관련 법령 또는 내부 인사규정상 채용이 불가능한 경우",서류전형 > 직무과제 > 실무면접 > 처우협의
2354,프롬프트엔지니어 운영 담당 채용,52,236,20260724,20260901,3,경력 2년 이상,정규직,대전광역시,학사 이상,"프롬프트엔지니어 포지션은 생성형 AI 응답 품질을 위한 프롬프트와 평가체계를 설계 역할입니다. 담당 업무의 목표와 우선순위를 명확히 설정하고, 일정과 품질 기준을 함께 관리합니다.

프롬프트 템플릿, 평가셋, 안전성 점검, 개선 실험를 중심으로 실무를 수행하며, 요구사항과 결과물을 문서화해 업무 흐름이 누락되지 않도록 합니다.

기획·운영·현장 담당자 및 외부 협력 파트너와 수시로 협업합니다. 변경 사항은 영향 범위를 검토한 뒤 대안을 제시하고 합의된 방식으로 반영합니다.

문제 발생 시 사실관계와 원인을 먼저 확인하고, 재발 방지 방안을 업무 절차에 반영합니다. 입사 후에는 담당 영역의 실행력을 높이고, 정확성·일정 준수·이용자 관점의 완성도를 중요한 기준으로 삼습니다.","- 프롬프트 템플릿, 평가셋, 안전성 점검, 개선 실험 관련 업무 계획 수립 및 실행
- 담당 과제의 일정·진행 현황 관리
- 업무 산출물 작성 및 검토 이력 관리
- 유관 부서 및 외부 협력 대상과 실무 조율
- 현장·시스템·자료에서 발생한 이슈 분석 및 조치
- 운영 기준과 체크리스트 개선
- 결과 데이터 또는 피드백을 반영한 품질 개선","- 경력 2년 이상 조건에 맞는 관련 실무 경험 또는 역량 보유
- 프롬프트 템플릿, 평가셋, 안전성 점검, 개선 실험에 필요한 도구·절차를 이해하고 실무 적용이 가능한 분
- 업무 내용을 정확히 기록하고 일정에 맞춰 결과물을 제출할 수 있는 분
- 유관 부서와 원활하게 소통하며 협업할 수 있는 분
- 근무지 출퇴근 및 직무 수행이 가능한 분","- 정보처리기사 보유자
- ADsP 보유자
- 프롬프트 템플릿, 평가셋, 안전성 점검, 개선 실험 관련 프로젝트 또는 현장 수행 경험
- 업무용 문서·보고서 작성 및 이력 관리 경험
- 유관 부서·외부 협력사와의 일정 조율 경험","- 지원서 또는 제출서류를 허위로 기재한 경우
- 채용 과정에서 요구한 증빙서류를 제출하지 못한 경우
- 채용검진 결과 직무 수행이 어렵다고 판단되는 경우
- 해외여행 및 근무에 결격사유가 있는 경우
- 관련 법령 또는 내부 인사규정상 채용이 불가능한 경우",서류전형 > 1차면접 > 2차면접 > 채용검진
2355,프롬프트엔지니어 프로젝트 인재 모집,138,236,20260804,20260915,5,경력 3년 이상,무기계약직,부산광역시,학력무관,"프롬프트엔지니어 포지션은 생성형 AI 응답 품질을 위한 프롬프트와 평가체계를 설계 역할입니다. 담당 업무의 목표와 우선순위를 명확히 설정하고, 일정과 품질 기준을 함께 관리합니다.

프롬프트 템플릿, 평가셋, 안전성 점검, 개선 실험를 중심으로 실무를 수행하며, 요구사항과 결과물을 문서화해 업무 흐름이 누락되지 않도록 합니다.

기획·운영·현장 담당자 및 외부 협력 파트너와 수시로 협업합니다. 변경 사항은 영향 범위를 검토한 뒤 대안을 제시하고 합의된 방식으로 반영합니다.

문제 발생 시 사실관계와 원인을 먼저 확인하고, 재발 방지 방안을 업무 절차에 반영합니다. 입사 후에는 담당 영역의 실행력을 높이고, 정확성·일정 준수·이용자 관점의 완성도를 중요한 기준으로 삼습니다.","- 프롬프트 템플릿, 평가셋, 안전성 점검, 개선 실험 관련 업무 계획 수립 및 실행
- 담당 과제의 일정·진행 현황 관리
- 업무 산출물 작성 및 검토 이력 관리
- 유관 부서 및 외부 협력 대상과 실무 조율
- 현장·시스템·자료에서 발생한 이슈 분석 및 조치
- 운영 기준과 체크리스트 개선
- 결과 데이터 또는 피드백을 반영한 품질 개선","- 경력 3년 이상 조건에 맞는 관련 실무 경험 또는 역량 보유
- 프롬프트 템플릿, 평가셋, 안전성 점검, 개선 실험에 필요한 도구·절차를 이해하고 실무 적용이 가능한 분
- 업무 내용을 정확히 기록하고 일정에 맞춰 결과물을 제출할 수 있는 분
- 유관 부서와 원활하게 소통하며 협업할 수 있는 분
- 근무지 출퇴근 및 직무 수행이 가능한 분","- 정보처리기사 보유자
- ADsP 보유자
- 프롬프트 템플릿, 평가셋, 안전성 점검, 개선 실험 관련 프로젝트 또는 현장 수행 경험
- 업무용 문서·보고서 작성 및 이력 관리 경험
- 유관 부서·외부 협력사와의 일정 조율 경험","- 지원서 또는 제출서류를 허위로 기재한 경우
- 채용 과정에서 요구한 증빙서류를 제출하지 못한 경우
- 채용검진 결과 직무 수행이 어렵다고 판단되는 경우
- 해외여행 및 근무에 결격사유가 있는 경우
- 관련 법령 또는 내부 인사규정상 채용이 불가능한 경우",서류전형 > 실무면접 > 최종면접
2356,프롬프트엔지니어 전담 인력 채용,112,236,20260909,20261024,7,경력 무관,기간제,광주광역시,전문학사 이상,"프롬프트엔지니어 포지션은 생성형 AI 응답 품질을 위한 프롬프트와 평가체계를 설계 역할입니다. 담당 업무의 목표와 우선순위를 명확히 설정하고, 일정과 품질 기준을 함께 관리합니다.

프롬프트 템플릿, 평가셋, 안전성 점검, 개선 실험를 중심으로 실무를 수행하며, 요구사항과 결과물을 문서화해 업무 흐름이 누락되지 않도록 합니다.

기획·운영·현장 담당자 및 외부 협력 파트너와 수시로 협업합니다. 변경 사항은 영향 범위를 검토한 뒤 대안을 제시하고 합의된 방식으로 반영합니다.

문제 발생 시 사실관계와 원인을 먼저 확인하고, 재발 방지 방안을 업무 절차에 반영합니다. 입사 후에는 담당 영역의 실행력을 높이고, 정확성·일정 준수·이용자 관점의 완성도를 중요한 기준으로 삼습니다.","- 프롬프트 템플릿, 평가셋, 안전성 점검, 개선 실험 관련 업무 계획 수립 및 실행
- 담당 과제의 일정·진행 현황 관리
- 업무 산출물 작성 및 검토 이력 관리
- 유관 부서 및 외부 협력 대상과 실무 조율
- 현장·시스템·자료에서 발생한 이슈 분석 및 조치
- 운영 기준과 체크리스트 개선
- 결과 데이터 또는 피드백을 반영한 품질 개선","- 경력 무관 조건에 맞는 관련 실무 경험 또는 역량 보유
- 프롬프트 템플릿, 평가셋, 안전성 점검, 개선 실험에 필요한 도구·절차를 이해하고 실무 적용이 가능한 분
- 업무 내용을 정확히 기록하고 일정에 맞춰 결과물을 제출할 수 있는 분
- 유관 부서와 원활하게 소통하며 협업할 수 있는 분
- 근무지 출퇴근 및 직무 수행이 가능한 분","- 정보처리기사 보유자
- ADsP 보유자
- 프롬프트 템플릿, 평가셋, 안전성 점검, 개선 실험 관련 프로젝트 또는 현장 수행 경험
- 업무용 문서·보고서 작성 및 이력 관리 경험
- 유관 부서·외부 협력사와의 일정 조율 경험","- 지원서 또는 제출서류를 허위로 기재한 경우
- 채용 과정에서 요구한 증빙서류를 제출하지 못한 경우
- 채용검진 결과 직무 수행이 어렵다고 판단되는 경우
- 해외여행 및 근무에 결격사유가 있는 경우
- 관련 법령 또는 내부 인사규정상 채용이 불가능한 경우",서류전형 > 인성검사 > 실무면접 > 최종면접
2357,프롬프트엔지니어 실무 인재 모집,122,236,20261014,20261026,9,경력 5년 이상,정규직,세종특별자치시,학사 이상,"프롬프트엔지니어 포지션은 생성형 AI 응답 품질을 위한 프롬프트와 평가체계를 설계 역할입니다. 담당 업무의 목표와 우선순위를 명확히 설정하고, 일정과 품질 기준을 함께 관리합니다.

프롬프트 템플릿, 평가셋, 안전성 점검, 개선 실험를 중심으로 실무를 수행하며, 요구사항과 결과물을 문서화해 업무 흐름이 누락되지 않도록 합니다.

기획·운영·현장 담당자 및 외부 협력 파트너와 수시로 협업합니다. 변경 사항은 영향 범위를 검토한 뒤 대안을 제시하고 합의된 방식으로 반영합니다.

문제 발생 시 사실관계와 원인을 먼저 확인하고, 재발 방지 방안을 업무 절차에 반영합니다. 입사 후에는 담당 영역의 실행력을 높이고, 정확성·일정 준수·이용자 관점의 완성도를 중요한 기준으로 삼습니다.","- 프롬프트 템플릿, 평가셋, 안전성 점검, 개선 실험 관련 업무 계획 수립 및 실행
- 담당 과제의 일정·진행 현황 관리
- 업무 산출물 작성 및 검토 이력 관리
- 유관 부서 및 외부 협력 대상과 실무 조율
- 현장·시스템·자료에서 발생한 이슈 분석 및 조치
- 운영 기준과 체크리스트 개선
- 결과 데이터 또는 피드백을 반영한 품질 개선","- 경력 5년 이상 조건에 맞는 관련 실무 경험 또는 역량 보유
- 프롬프트 템플릿, 평가셋, 안전성 점검, 개선 실험에 필요한 도구·절차를 이해하고 실무 적용이 가능한 분
- 업무 내용을 정확히 기록하고 일정에 맞춰 결과물을 제출할 수 있는 분
- 유관 부서와 원활하게 소통하며 협업할 수 있는 분
- 근무지 출퇴근 및 직무 수행이 가능한 분","- 정보처리기사 보유자
- ADsP 보유자
- 프롬프트 템플릿, 평가셋, 안전성 점검, 개선 실험 관련 프로젝트 또는 현장 수행 경험
- 업무용 문서·보고서 작성 및 이력 관리 경험
- 유관 부서·외부 협력사와의 일정 조율 경험","- 지원서 또는 제출서류를 허위로 기재한 경우
- 채용 과정에서 요구한 증빙서류를 제출하지 못한 경우
- 채용검진 결과 직무 수행이 어렵다고 판단되는 경우
- 해외여행 및 근무에 결격사유가 있는 경우
- 관련 법령 또는 내부 인사규정상 채용이 불가능한 경우",서류전형 > 직무과제 > 실무면접 > 처우협의
2358,프롬프트엔지니어 담당자 공개채용,149,236,20260219,20260306,11,신입·경력,계약직,충청남도,학력무관,"프롬프트엔지니어 포지션은 생성형 AI 응답 품질을 위한 프롬프트와 평가체계를 설계 역할입니다. 담당 업무의 목표와 우선순위를 명확히 설정하고, 일정과 품질 기준을 함께 관리합니다.

프롬프트 템플릿, 평가셋, 안전성 점검, 개선 실험를 중심으로 실무를 수행하며, 요구사항과 결과물을 문서화해 업무 흐름이 누락되지 않도록 합니다.

기획·운영·현장 담당자 및 외부 협력 파트너와 수시로 협업합니다. 변경 사항은 영향 범위를 검토한 뒤 대안을 제시하고 합의된 방식으로 반영합니다.

문제 발생 시 사실관계와 원인을 먼저 확인하고, 재발 방지 방안을 업무 절차에 반영합니다. 입사 후에는 담당 영역의 실행력을 높이고, 정확성·일정 준수·이용자 관점의 완성도를 중요한 기준으로 삼습니다.","- 프롬프트 템플릿, 평가셋, 안전성 점검, 개선 실험 관련 업무 계획 수립 및 실행
- 담당 과제의 일정·진행 현황 관리
- 업무 산출물 작성 및 검토 이력 관리
- 유관 부서 및 외부 협력 대상과 실무 조율
- 현장·시스템·자료에서 발생한 이슈 분석 및 조치
- 운영 기준과 체크리스트 개선
- 결과 데이터 또는 피드백을 반영한 품질 개선","- 신입·경력 조건에 맞는 관련 실무 경험 또는 역량 보유
- 프롬프트 템플릿, 평가셋, 안전성 점검, 개선 실험에 필요한 도구·절차를 이해하고 실무 적용이 가능한 분
- 업무 내용을 정확히 기록하고 일정에 맞춰 결과물을 제출할 수 있는 분
- 유관 부서와 원활하게 소통하며 협업할 수 있는 분
- 근무지 출퇴근 및 직무 수행이 가능한 분","- 정보처리기사 보유자
- ADsP 보유자
- 프롬프트 템플릿, 평가셋, 안전성 점검, 개선 실험 관련 프로젝트 또는 현장 수행 경험
- 업무용 문서·보고서 작성 및 이력 관리 경험
- 유관 부서·외부 협력사와의 일정 조율 경험","- 지원서 또는 제출서류를 허위로 기재한 경우
- 채용 과정에서 요구한 증빙서류를 제출하지 못한 경우
- 채용검진 결과 직무 수행이 어렵다고 판단되는 경우
- 해외여행 및 근무에 결격사유가 있는 경우
- 관련 법령 또는 내부 인사규정상 채용이 불가능한 경우",서류전형 > 1차면접 > 2차면접 > 채용검진
2359,프롬프트엔지니어 정규직 모집,29,236,20260324,20260411,13,경력 2년 이상,정규직,경상남도,학사 이상,"프롬프트엔지니어 포지션은 생성형 AI 응답 품질을 위한 프롬프트와 평가체계를 설계 역할입니다. 담당 업무의 목표와 우선순위를 명확히 설정하고, 일정과 품질 기준을 함께 관리합니다.

프롬프트 템플릿, 평가셋, 안전성 점검, 개선 실험를 중심으로 실무를 수행하며, 요구사항과 결과물을 문서화해 업무 흐름이 누락되지 않도록 합니다.

기획·운영·현장 담당자 및 외부 협력 파트너와 수시로 협업합니다. 변경 사항은 영향 범위를 검토한 뒤 대안을 제시하고 합의된 방식으로 반영합니다.

문제 발생 시 사실관계와 원인을 먼저 확인하고, 재발 방지 방안을 업무 절차에 반영합니다. 입사 후에는 담당 영역의 실행력을 높이고, 정확성·일정 준수·이용자 관점의 완성도를 중요한 기준으로 삼습니다.","- 프롬프트 템플릿, 평가셋, 안전성 점검, 개선 실험 관련 업무 계획 수립 및 실행
- 담당 과제의 일정·진행 현황 관리
- 업무 산출물 작성 및 검토 이력 관리
- 유관 부서 및 외부 협력 대상과 실무 조율
- 현장·시스템·자료에서 발생한 이슈 분석 및 조치
- 운영 기준과 체크리스트 개선
- 결과 데이터 또는 피드백을 반영한 품질 개선","- 경력 2년 이상 조건에 맞는 관련 실무 경험 또는 역량 보유
- 프롬프트 템플릿, 평가셋, 안전성 점검, 개선 실험에 필요한 도구·절차를 이해하고 실무 적용이 가능한 분
- 업무 내용을 정확히 기록하고 일정에 맞춰 결과물을 제출할 수 있는 분
- 유관 부서와 원활하게 소통하며 협업할 수 있는 분
- 근무지 출퇴근 및 직무 수행이 가능한 분","- 정보처리기사 보유자
- ADsP 보유자
- 프롬프트 템플릿, 평가셋, 안전성 점검, 개선 실험 관련 프로젝트 또는 현장 수행 경험
- 업무용 문서·보고서 작성 및 이력 관리 경험
- 유관 부서·외부 협력사와의 일정 조율 경험","- 지원서 또는 제출서류를 허위로 기재한 경우
- 채용 과정에서 요구한 증빙서류를 제출하지 못한 경우
- 채용검진 결과 직무 수행이 어렵다고 판단되는 경우
- 해외여행 및 근무에 결격사유가 있는 경우
- 관련 법령 또는 내부 인사규정상 채용이 불가능한 경우",서류전형 > 실무면접 > 최종면접
2360,프롬프트엔지니어 채용,78,236,20260404,20260425,15,경력,정규직,전북특별자치도,전문학사 이상,"프롬프트엔지니어 포지션은 생성형 AI 응답 품질을 위한 프롬프트와 평가체계를 설계 역할입니다. 담당 업무의 목표와 우선순위를 명확히 설정하고, 일정과 품질 기준을 함께 관리합니다.

프롬프트 템플릿, 평가셋, 안전성 점검, 개선 실험를 중심으로 실무를 수행하며, 요구사항과 결과물을 문서화해 업무 흐름이 누락되지 않도록 합니다.

기획·운영·현장 담당자 및 외부 협력 파트너와 수시로 협업합니다. 변경 사항은 영향 범위를 검토한 뒤 대안을 제시하고 합의된 방식으로 반영합니다.

문제 발생 시 사실관계와 원인을 먼저 확인하고, 재발 방지 방안을 업무 절차에 반영합니다. 입사 후에는 담당 영역의 실행력을 높이고, 정확성·일정 준수·이용자 관점의 완성도를 중요한 기준으로 삼습니다.","- 프롬프트 템플릿, 평가셋, 안전성 점검, 개선 실험 관련 업무 계획 수립 및 실행
- 담당 과제의 일정·진행 현황 관리
- 업무 산출물 작성 및 검토 이력 관리
- 유관 부서 및 외부 협력 대상과 실무 조율
- 현장·시스템·자료에서 발생한 이슈 분석 및 조치
- 운영 기준과 체크리스트 개선
- 결과 데이터 또는 피드백을 반영한 품질 개선","- 경력 조건에 맞는 관련 실무 경험 또는 역량 보유
- 프롬프트 템플릿, 평가셋, 안전성 점검, 개선 실험에 필요한 도구·절차를 이해하고 실무 적용이 가능한 분
- 업무 내용을 정확히 기록하고 일정에 맞춰 결과물을 제출할 수 있는 분
- 유관 부서와 원활하게 소통하며 협업할 수 있는 분
- 근무지 출퇴근 및 직무 수행이 가능한 분","- 정보처리기사 보유자
- ADsP 보유자
- 프롬프트 템플릿, 평가셋, 안전성 점검, 개선 실험 관련 프로젝트 또는 현장 수행 경험
- 업무용 문서·보고서 작성 및 이력 관리 경험
- 유관 부서·외부 협력사와의 일정 조율 경험","- 지원서 또는 제출서류를 허위로 기재한 경우
- 채용 과정에서 요구한 증빙서류를 제출하지 못한 경우
- 채용검진 결과 직무 수행이 어렵다고 판단되는 경우
- 해외여행 및 근무에 결격사유가 있는 경우
- 관련 법령 또는 내부 인사규정상 채용이 불가능한 경우",서류전형 > 인성검사 > 실무면접 > 최종면접
2361,AI보안전문가 담당자 모집,107,237,20260512,20260612,18,신입,정규직,서울특별시,학력무관,"AI보안전문가 포지션은 AI 시스템의 보안·안전성 위험을 분석하고 대응 역할입니다. 담당 업무의 목표와 우선순위를 명확히 설정하고, 일정과 품질 기준을 함께 관리합니다.

모델 보안, 접근 통제, 로그, 취약점 검토를 중심으로 실무를 수행하며, 요구사항과 결과물을 문서화해 업무 흐름이 누락되지 않도록 합니다.

기획·운영·현장 담당자 및 외부 협력 파트너와 수시로 협업합니다. 변경 사항은 영향 범위를 검토한 뒤 대안을 제시하고 합의된 방식으로 반영합니다.

문제 발생 시 사실관계와 원인을 먼저 확인하고, 재발 방지 방안을 업무 절차에 반영합니다. 입사 후에는 담당 영역의 실행력을 높이고, 정확성·일정 준수·이용자 관점의 완성도를 중요한 기준으로 삼습니다.","- 모델 보안, 접근 통제, 로그, 취약점 검토 관련 업무 계획 수립 및 실행
- 담당 과제의 일정·진행 현황 관리
- 업무 산출물 작성 및 검토 이력 관리
- 유관 부서 및 외부 협력 대상과 실무 조율
- 현장·시스템·자료에서 발생한 이슈 분석 및 조치
- 운영 기준과 체크리스트 개선
- 결과 데이터 또는 피드백을 반영한 품질 개선","- 신입 조건에 맞는 관련 실무 경험 또는 역량 보유
- 모델 보안, 접근 통제, 로그, 취약점 검토에 필요한 도구·절차를 이해하고 실무 적용이 가능한 분
- 업무 내용을 정확히 기록하고 일정에 맞춰 결과물을 제출할 수 있는 분
- 유관 부서와 원활하게 소통하며 협업할 수 있는 분
- 근무지 출퇴근 및 직무 수행이 가능한 분","- 정보보안기사 보유자
- ISMS-P 인증심사원 보유자
- 모델 보안, 접근 통제, 로그, 취약점 검토 관련 프로젝트 또는 현장 수행 경험
- 업무용 문서·보고서 작성 및 이력 관리 경험
- 유관 부서·외부 협력사와의 일정 조율 경험","- 지원서 또는 제출서류를 허위로 기재한 경우
- 채용 과정에서 요구한 증빙서류를 제출하지 못한 경우
- 채용검진 결과 직무 수행이 어렵다고 판단되는 경우
- 해외여행 및 근무에 결격사유가 있는 경우
- 관련 법령 또는 내부 인사규정상 채용이 불가능한 경우",서류전형 > 실무면접 > 최종면접
2362,AI보안전문가 실무자 채용,123,237,20260617,20260721,20,경력,계약직,경기도,전문학사 이상,"AI보안전문가 포지션은 AI 시스템의 보안·안전성 위험을 분석하고 대응 역할입니다. 담당 업무의 목표와 우선순위를 명확히 설정하고, 일정과 품질 기준을 함께 관리합니다.

모델 보안, 접근 통제, 로그, 취약점 검토를 중심으로 실무를 수행하며, 요구사항과 결과물을 문서화해 업무 흐름이 누락되지 않도록 합니다.

기획·운영·현장 담당자 및 외부 협력 파트너와 수시로 협업합니다. 변경 사항은 영향 범위를 검토한 뒤 대안을 제시하고 합의된 방식으로 반영합니다.

문제 발생 시 사실관계와 원인을 먼저 확인하고, 재발 방지 방안을 업무 절차에 반영합니다. 입사 후에는 담당 영역의 실행력을 높이고, 정확성·일정 준수·이용자 관점의 완성도를 중요한 기준으로 삼습니다.","- 모델 보안, 접근 통제, 로그, 취약점 검토 관련 업무 계획 수립 및 실행
- 담당 과제의 일정·진행 현황 관리
- 업무 산출물 작성 및 검토 이력 관리
- 유관 부서 및 외부 협력 대상과 실무 조율
- 현장·시스템·자료에서 발생한 이슈 분석 및 조치
- 운영 기준과 체크리스트 개선
- 결과 데이터 또는 피드백을 반영한 품질 개선","- 경력 조건에 맞는 관련 실무 경험 또는 역량 보유
- 모델 보안, 접근 통제, 로그, 취약점 검토에 필요한 도구·절차를 이해하고 실무 적용이 가능한 분
- 업무 내용을 정확히 기록하고 일정에 맞춰 결과물을 제출할 수 있는 분
- 유관 부서와 원활하게 소통하며 협업할 수 있는 분
- 근무지 출퇴근 및 직무 수행이 가능한 분","- 정보보안기사 보유자
- ISMS-P 인증심사원 보유자
- 모델 보안, 접근 통제, 로그, 취약점 검토 관련 프로젝트 또는 현장 수행 경험
- 업무용 문서·보고서 작성 및 이력 관리 경험
- 유관 부서·외부 협력사와의 일정 조율 경험","- 지원서 또는 제출서류를 허위로 기재한 경우
- 채용 과정에서 요구한 증빙서류를 제출하지 못한 경우
- 채용검진 결과 직무 수행이 어렵다고 판단되는 경우
- 해외여행 및 근무에 결격사유가 있는 경우
- 관련 법령 또는 내부 인사규정상 채용이 불가능한 경우",서류전형 > 인성검사 > 실무면접 > 최종면접
2363,AI보안전문가 전문인력 채용,30,237,20260722,20260828,2,신입·경력,정규직,인천광역시,학사 이상,"AI보안전문가 포지션은 AI 시스템의 보안·안전성 위험을 분석하고 대응 역할입니다. 담당 업무의 목표와 우선순위를 명확히 설정하고, 일정과 품질 기준을 함께 관리합니다.

모델 보안, 접근 통제, 로그, 취약점 검토를 중심으로 실무를 수행하며, 요구사항과 결과물을 문서화해 업무 흐름이 누락되지 않도록 합니다.

기획·운영·현장 담당자 및 외부 협력 파트너와 수시로 협업합니다. 변경 사항은 영향 범위를 검토한 뒤 대안을 제시하고 합의된 방식으로 반영합니다.

문제 발생 시 사실관계와 원인을 먼저 확인하고, 재발 방지 방안을 업무 절차에 반영합니다. 입사 후에는 담당 영역의 실행력을 높이고, 정확성·일정 준수·이용자 관점의 완성도를 중요한 기준으로 삼습니다.","- 모델 보안, 접근 통제, 로그, 취약점 검토 관련 업무 계획 수립 및 실행
- 담당 과제의 일정·진행 현황 관리
- 업무 산출물 작성 및 검토 이력 관리
- 유관 부서 및 외부 협력 대상과 실무 조율
- 현장·시스템·자료에서 발생한 이슈 분석 및 조치
- 운영 기준과 체크리스트 개선
- 결과 데이터 또는 피드백을 반영한 품질 개선","- 신입·경력 조건에 맞는 관련 실무 경험 또는 역량 보유
- 모델 보안, 접근 통제, 로그, 취약점 검토에 필요한 도구·절차를 이해하고 실무 적용이 가능한 분
- 업무 내용을 정확히 기록하고 일정에 맞춰 결과물을 제출할 수 있는 분
- 유관 부서와 원활하게 소통하며 협업할 수 있는 분
- 근무지 출퇴근 및 직무 수행이 가능한 분","- 정보보안기사 보유자
- ISMS-P 인증심사원 보유자
- 모델 보안, 접근 통제, 로그, 취약점 검토 관련 프로젝트 또는 현장 수행 경험
- 업무용 문서·보고서 작성 및 이력 관리 경험
- 유관 부서·외부 협력사와의 일정 조율 경험","- 지원서 또는 제출서류를 허위로 기재한 경우
- 채용 과정에서 요구한 증빙서류를 제출하지 못한 경우
- 채용검진 결과 직무 수행이 어렵다고 판단되는 경우
- 해외여행 및 근무에 결격사유가 있는 경우
- 관련 법령 또는 내부 인사규정상 채용이 불가능한 경우",서류전형 > 직무과제 > 실무면접 > 처우협의
2364,AI보안전문가 운영 담당 채용,155,237,20260802,20260911,4,경력 2년 이상,정규직,대전광역시,학사 이상,"AI보안전문가 포지션은 AI 시스템의 보안·안전성 위험을 분석하고 대응 역할입니다. 담당 업무의 목표와 우선순위를 명확히 설정하고, 일정과 품질 기준을 함께 관리합니다.

모델 보안, 접근 통제, 로그, 취약점 검토를 중심으로 실무를 수행하며, 요구사항과 결과물을 문서화해 업무 흐름이 누락되지 않도록 합니다.

기획·운영·현장 담당자 및 외부 협력 파트너와 수시로 협업합니다. 변경 사항은 영향 범위를 검토한 뒤 대안을 제시하고 합의된 방식으로 반영합니다.

문제 발생 시 사실관계와 원인을 먼저 확인하고, 재발 방지 방안을 업무 절차에 반영합니다. 입사 후에는 담당 영역의 실행력을 높이고, 정확성·일정 준수·이용자 관점의 완성도를 중요한 기준으로 삼습니다.","- 모델 보안, 접근 통제, 로그, 취약점 검토 관련 업무 계획 수립 및 실행
- 담당 과제의 일정·진행 현황 관리
- 업무 산출물 작성 및 검토 이력 관리
- 유관 부서 및 외부 협력 대상과 실무 조율
- 현장·시스템·자료에서 발생한 이슈 분석 및 조치
- 운영 기준과 체크리스트 개선
- 결과 데이터 또는 피드백을 반영한 품질 개선","- 경력 2년 이상 조건에 맞는 관련 실무 경험 또는 역량 보유
- 모델 보안, 접근 통제, 로그, 취약점 검토에 필요한 도구·절차를 이해하고 실무 적용이 가능한 분
- 업무 내용을 정확히 기록하고 일정에 맞춰 결과물을 제출할 수 있는 분
- 유관 부서와 원활하게 소통하며 협업할 수 있는 분
- 근무지 출퇴근 및 직무 수행이 가능한 분","- 정보보안기사 보유자
- ISMS-P 인증심사원 보유자
- 모델 보안, 접근 통제, 로그, 취약점 검토 관련 프로젝트 또는 현장 수행 경험
- 업무용 문서·보고서 작성 및 이력 관리 경험
- 유관 부서·외부 협력사와의 일정 조율 경험","- 지원서 또는 제출서류를 허위로 기재한 경우
- 채용 과정에서 요구한 증빙서류를 제출하지 못한 경우
- 채용검진 결과 직무 수행이 어렵다고 판단되는 경우
- 해외여행 및 근무에 결격사유가 있는 경우
- 관련 법령 또는 내부 인사규정상 채용이 불가능한 경우",서류전형 > 1차면접 > 2차면접 > 채용검진
2365,AI보안전문가 프로젝트 인재 모집,25,237,20260907,20261020,6,경력 3년 이상,무기계약직,부산광역시,학력무관,"AI보안전문가 포지션은 AI 시스템의 보안·안전성 위험을 분석하고 대응 역할입니다. 담당 업무의 목표와 우선순위를 명확히 설정하고, 일정과 품질 기준을 함께 관리합니다.

모델 보안, 접근 통제, 로그, 취약점 검토를 중심으로 실무를 수행하며, 요구사항과 결과물을 문서화해 업무 흐름이 누락되지 않도록 합니다.

기획·운영·현장 담당자 및 외부 협력 파트너와 수시로 협업합니다. 변경 사항은 영향 범위를 검토한 뒤 대안을 제시하고 합의된 방식으로 반영합니다.

문제 발생 시 사실관계와 원인을 먼저 확인하고, 재발 방지 방안을 업무 절차에 반영합니다. 입사 후에는 담당 영역의 실행력을 높이고, 정확성·일정 준수·이용자 관점의 완성도를 중요한 기준으로 삼습니다.","- 모델 보안, 접근 통제, 로그, 취약점 검토 관련 업무 계획 수립 및 실행
- 담당 과제의 일정·진행 현황 관리
- 업무 산출물 작성 및 검토 이력 관리
- 유관 부서 및 외부 협력 대상과 실무 조율
- 현장·시스템·자료에서 발생한 이슈 분석 및 조치
- 운영 기준과 체크리스트 개선
- 결과 데이터 또는 피드백을 반영한 품질 개선","- 경력 3년 이상 조건에 맞는 관련 실무 경험 또는 역량 보유
- 모델 보안, 접근 통제, 로그, 취약점 검토에 필요한 도구·절차를 이해하고 실무 적용이 가능한 분
- 업무 내용을 정확히 기록하고 일정에 맞춰 결과물을 제출할 수 있는 분
- 유관 부서와 원활하게 소통하며 협업할 수 있는 분
- 근무지 출퇴근 및 직무 수행이 가능한 분","- 정보보안기사 보유자
- ISMS-P 인증심사원 보유자
- 모델 보안, 접근 통제, 로그, 취약점 검토 관련 프로젝트 또는 현장 수행 경험
- 업무용 문서·보고서 작성 및 이력 관리 경험
- 유관 부서·외부 협력사와의 일정 조율 경험","- 지원서 또는 제출서류를 허위로 기재한 경우
- 채용 과정에서 요구한 증빙서류를 제출하지 못한 경우
- 채용검진 결과 직무 수행이 어렵다고 판단되는 경우
- 해외여행 및 근무에 결격사유가 있는 경우
- 관련 법령 또는 내부 인사규정상 채용이 불가능한 경우",서류전형 > 실무면접 > 최종면접
2366,AI보안전문가 전담 인력 채용,39,237,20261012,20261022,8,경력 무관,기간제,광주광역시,전문학사 이상,"AI보안전문가 포지션은 AI 시스템의 보안·안전성 위험을 분석하고 대응 역할입니다. 담당 업무의 목표와 우선순위를 명확히 설정하고, 일정과 품질 기준을 함께 관리합니다.

모델 보안, 접근 통제, 로그, 취약점 검토를 중심으로 실무를 수행하며, 요구사항과 결과물을 문서화해 업무 흐름이 누락되지 않도록 합니다.

기획·운영·현장 담당자 및 외부 협력 파트너와 수시로 협업합니다. 변경 사항은 영향 범위를 검토한 뒤 대안을 제시하고 합의된 방식으로 반영합니다.

문제 발생 시 사실관계와 원인을 먼저 확인하고, 재발 방지 방안을 업무 절차에 반영합니다. 입사 후에는 담당 영역의 실행력을 높이고, 정확성·일정 준수·이용자 관점의 완성도를 중요한 기준으로 삼습니다.","- 모델 보안, 접근 통제, 로그, 취약점 검토 관련 업무 계획 수립 및 실행
- 담당 과제의 일정·진행 현황 관리
- 업무 산출물 작성 및 검토 이력 관리
- 유관 부서 및 외부 협력 대상과 실무 조율
- 현장·시스템·자료에서 발생한 이슈 분석 및 조치
- 운영 기준과 체크리스트 개선
- 결과 데이터 또는 피드백을 반영한 품질 개선","- 경력 무관 조건에 맞는 관련 실무 경험 또는 역량 보유
- 모델 보안, 접근 통제, 로그, 취약점 검토에 필요한 도구·절차를 이해하고 실무 적용이 가능한 분
- 업무 내용을 정확히 기록하고 일정에 맞춰 결과물을 제출할 수 있는 분
- 유관 부서와 원활하게 소통하며 협업할 수 있는 분
- 근무지 출퇴근 및 직무 수행이 가능한 분","- 정보보안기사 보유자
- ISMS-P 인증심사원 보유자
- 모델 보안, 접근 통제, 로그, 취약점 검토 관련 프로젝트 또는 현장 수행 경험
- 업무용 문서·보고서 작성 및 이력 관리 경험
- 유관 부서·외부 협력사와의 일정 조율 경험","- 지원서 또는 제출서류를 허위로 기재한 경우
- 채용 과정에서 요구한 증빙서류를 제출하지 못한 경우
- 채용검진 결과 직무 수행이 어렵다고 판단되는 경우
- 해외여행 및 근무에 결격사유가 있는 경우
- 관련 법령 또는 내부 인사규정상 채용이 불가능한 경우",서류전형 > 인성검사 > 실무면접 > 최종면접
2367,AI보안전문가 실무 인재 모집,72,237,20260217,20260302,10,경력 5년 이상,정규직,세종특별자치시,학사 이상,"AI보안전문가 포지션은 AI 시스템의 보안·안전성 위험을 분석하고 대응 역할입니다. 담당 업무의 목표와 우선순위를 명확히 설정하고, 일정과 품질 기준을 함께 관리합니다.

모델 보안, 접근 통제, 로그, 취약점 검토를 중심으로 실무를 수행하며, 요구사항과 결과물을 문서화해 업무 흐름이 누락되지 않도록 합니다.

기획·운영·현장 담당자 및 외부 협력 파트너와 수시로 협업합니다. 변경 사항은 영향 범위를 검토한 뒤 대안을 제시하고 합의된 방식으로 반영합니다.

문제 발생 시 사실관계와 원인을 먼저 확인하고, 재발 방지 방안을 업무 절차에 반영합니다. 입사 후에는 담당 영역의 실행력을 높이고, 정확성·일정 준수·이용자 관점의 완성도를 중요한 기준으로 삼습니다.","- 모델 보안, 접근 통제, 로그, 취약점 검토 관련 업무 계획 수립 및 실행
- 담당 과제의 일정·진행 현황 관리
- 업무 산출물 작성 및 검토 이력 관리
- 유관 부서 및 외부 협력 대상과 실무 조율
- 현장·시스템·자료에서 발생한 이슈 분석 및 조치
- 운영 기준과 체크리스트 개선
- 결과 데이터 또는 피드백을 반영한 품질 개선","- 경력 5년 이상 조건에 맞는 관련 실무 경험 또는 역량 보유
- 모델 보안, 접근 통제, 로그, 취약점 검토에 필요한 도구·절차를 이해하고 실무 적용이 가능한 분
- 업무 내용을 정확히 기록하고 일정에 맞춰 결과물을 제출할 수 있는 분
- 유관 부서와 원활하게 소통하며 협업할 수 있는 분
- 근무지 출퇴근 및 직무 수행이 가능한 분","- 정보보안기사 보유자
- ISMS-P 인증심사원 보유자
- 모델 보안, 접근 통제, 로그, 취약점 검토 관련 프로젝트 또는 현장 수행 경험
- 업무용 문서·보고서 작성 및 이력 관리 경험
- 유관 부서·외부 협력사와의 일정 조율 경험","- 지원서 또는 제출서류를 허위로 기재한 경우
- 채용 과정에서 요구한 증빙서류를 제출하지 못한 경우
- 채용검진 결과 직무 수행이 어렵다고 판단되는 경우
- 해외여행 및 근무에 결격사유가 있는 경우
- 관련 법령 또는 내부 인사규정상 채용이 불가능한 경우",서류전형 > 직무과제 > 실무면접 > 처우협의
2368,AI보안전문가 담당자 공개채용,10,237,20260322,20260407,12,신입·경력,계약직,충청남도,학력무관,"AI보안전문가 포지션은 AI 시스템의 보안·안전성 위험을 분석하고 대응 역할입니다. 담당 업무의 목표와 우선순위를 명확히 설정하고, 일정과 품질 기준을 함께 관리합니다.

모델 보안, 접근 통제, 로그, 취약점 검토를 중심으로 실무를 수행하며, 요구사항과 결과물을 문서화해 업무 흐름이 누락되지 않도록 합니다.

기획·운영·현장 담당자 및 외부 협력 파트너와 수시로 협업합니다. 변경 사항은 영향 범위를 검토한 뒤 대안을 제시하고 합의된 방식으로 반영합니다.

문제 발생 시 사실관계와 원인을 먼저 확인하고, 재발 방지 방안을 업무 절차에 반영합니다. 입사 후에는 담당 영역의 실행력을 높이고, 정확성·일정 준수·이용자 관점의 완성도를 중요한 기준으로 삼습니다.","- 모델 보안, 접근 통제, 로그, 취약점 검토 관련 업무 계획 수립 및 실행
- 담당 과제의 일정·진행 현황 관리
- 업무 산출물 작성 및 검토 이력 관리
- 유관 부서 및 외부 협력 대상과 실무 조율
- 현장·시스템·자료에서 발생한 이슈 분석 및 조치
- 운영 기준과 체크리스트 개선
- 결과 데이터 또는 피드백을 반영한 품질 개선","- 신입·경력 조건에 맞는 관련 실무 경험 또는 역량 보유
- 모델 보안, 접근 통제, 로그, 취약점 검토에 필요한 도구·절차를 이해하고 실무 적용이 가능한 분
- 업무 내용을 정확히 기록하고 일정에 맞춰 결과물을 제출할 수 있는 분
- 유관 부서와 원활하게 소통하며 협업할 수 있는 분
- 근무지 출퇴근 및 직무 수행이 가능한 분","- 정보보안기사 보유자
- ISMS-P 인증심사원 보유자
- 모델 보안, 접근 통제, 로그, 취약점 검토 관련 프로젝트 또는 현장 수행 경험
- 업무용 문서·보고서 작성 및 이력 관리 경험
- 유관 부서·외부 협력사와의 일정 조율 경험","- 지원서 또는 제출서류를 허위로 기재한 경우
- 채용 과정에서 요구한 증빙서류를 제출하지 못한 경우
- 채용검진 결과 직무 수행이 어렵다고 판단되는 경우
- 해외여행 및 근무에 결격사유가 있는 경우
- 관련 법령 또는 내부 인사규정상 채용이 불가능한 경우",서류전형 > 1차면접 > 2차면접 > 채용검진
2369,AI보안전문가 정규직 모집,27,237,20260402,20260421,14,경력 2년 이상,정규직,경상남도,학사 이상,"AI보안전문가 포지션은 AI 시스템의 보안·안전성 위험을 분석하고 대응 역할입니다. 담당 업무의 목표와 우선순위를 명확히 설정하고, 일정과 품질 기준을 함께 관리합니다.

모델 보안, 접근 통제, 로그, 취약점 검토를 중심으로 실무를 수행하며, 요구사항과 결과물을 문서화해 업무 흐름이 누락되지 않도록 합니다.

기획·운영·현장 담당자 및 외부 협력 파트너와 수시로 협업합니다. 변경 사항은 영향 범위를 검토한 뒤 대안을 제시하고 합의된 방식으로 반영합니다.

문제 발생 시 사실관계와 원인을 먼저 확인하고, 재발 방지 방안을 업무 절차에 반영합니다. 입사 후에는 담당 영역의 실행력을 높이고, 정확성·일정 준수·이용자 관점의 완성도를 중요한 기준으로 삼습니다.","- 모델 보안, 접근 통제, 로그, 취약점 검토 관련 업무 계획 수립 및 실행
- 담당 과제의 일정·진행 현황 관리
- 업무 산출물 작성 및 검토 이력 관리
- 유관 부서 및 외부 협력 대상과 실무 조율
- 현장·시스템·자료에서 발생한 이슈 분석 및 조치
- 운영 기준과 체크리스트 개선
- 결과 데이터 또는 피드백을 반영한 품질 개선","- 경력 2년 이상 조건에 맞는 관련 실무 경험 또는 역량 보유
- 모델 보안, 접근 통제, 로그, 취약점 검토에 필요한 도구·절차를 이해하고 실무 적용이 가능한 분
- 업무 내용을 정확히 기록하고 일정에 맞춰 결과물을 제출할 수 있는 분
- 유관 부서와 원활하게 소통하며 협업할 수 있는 분
- 근무지 출퇴근 및 직무 수행이 가능한 분","- 정보보안기사 보유자
- ISMS-P 인증심사원 보유자
- 모델 보안, 접근 통제, 로그, 취약점 검토 관련 프로젝트 또는 현장 수행 경험
- 업무용 문서·보고서 작성 및 이력 관리 경험
- 유관 부서·외부 협력사와의 일정 조율 경험","- 지원서 또는 제출서류를 허위로 기재한 경우
- 채용 과정에서 요구한 증빙서류를 제출하지 못한 경우
- 채용검진 결과 직무 수행이 어렵다고 판단되는 경우
- 해외여행 및 근무에 결격사유가 있는 경우
- 관련 법령 또는 내부 인사규정상 채용이 불가능한 경우",서류전형 > 실무면접 > 최종면접
2370,AI보안전문가 채용,98,237,20260507,20260529,16,경력,정규직,전북특별자치도,전문학사 이상,"AI보안전문가 포지션은 AI 시스템의 보안·안전성 위험을 분석하고 대응 역할입니다. 담당 업무의 목표와 우선순위를 명확히 설정하고, 일정과 품질 기준을 함께 관리합니다.

모델 보안, 접근 통제, 로그, 취약점 검토를 중심으로 실무를 수행하며, 요구사항과 결과물을 문서화해 업무 흐름이 누락되지 않도록 합니다.

기획·운영·현장 담당자 및 외부 협력 파트너와 수시로 협업합니다. 변경 사항은 영향 범위를 검토한 뒤 대안을 제시하고 합의된 방식으로 반영합니다.

문제 발생 시 사실관계와 원인을 먼저 확인하고, 재발 방지 방안을 업무 절차에 반영합니다. 입사 후에는 담당 영역의 실행력을 높이고, 정확성·일정 준수·이용자 관점의 완성도를 중요한 기준으로 삼습니다.","- 모델 보안, 접근 통제, 로그, 취약점 검토 관련 업무 계획 수립 및 실행
- 담당 과제의 일정·진행 현황 관리
- 업무 산출물 작성 및 검토 이력 관리
- 유관 부서 및 외부 협력 대상과 실무 조율
- 현장·시스템·자료에서 발생한 이슈 분석 및 조치
- 운영 기준과 체크리스트 개선
- 결과 데이터 또는 피드백을 반영한 품질 개선","- 경력 조건에 맞는 관련 실무 경험 또는 역량 보유
- 모델 보안, 접근 통제, 로그, 취약점 검토에 필요한 도구·절차를 이해하고 실무 적용이 가능한 분
- 업무 내용을 정확히 기록하고 일정에 맞춰 결과물을 제출할 수 있는 분
- 유관 부서와 원활하게 소통하며 협업할 수 있는 분
- 근무지 출퇴근 및 직무 수행이 가능한 분","- 정보보안기사 보유자
- ISMS-P 인증심사원 보유자
- 모델 보안, 접근 통제, 로그, 취약점 검토 관련 프로젝트 또는 현장 수행 경험
- 업무용 문서·보고서 작성 및 이력 관리 경험
- 유관 부서·외부 협력사와의 일정 조율 경험","- 지원서 또는 제출서류를 허위로 기재한 경우
- 채용 과정에서 요구한 증빙서류를 제출하지 못한 경우
- 채용검진 결과 직무 수행이 어렵다고 판단되는 경우
- 해외여행 및 근무에 결격사유가 있는 경우
- 관련 법령 또는 내부 인사규정상 채용이 불가능한 경우",서류전형 > 인성검사 > 실무면접 > 최종면접
2371,MLOps엔지니어 담당자 모집,108,238,20260615,20260717,19,신입,정규직,서울특별시,학력무관,"MLOps엔지니어 포지션은 ML 모델의 학습·배포·모니터링 자동화를 구축 역할입니다. 담당 업무의 목표와 우선순위를 명확히 설정하고, 일정과 품질 기준을 함께 관리합니다.

CI/CD, 모델 레지스트리, 파이프라인, 성능 모니터링를 중심으로 실무를 수행하며, 요구사항과 결과물을 문서화해 업무 흐름이 누락되지 않도록 합니다.

기획·운영·현장 담당자 및 외부 협력 파트너와 수시로 협업합니다. 변경 사항은 영향 범위를 검토한 뒤 대안을 제시하고 합의된 방식으로 반영합니다.

문제 발생 시 사실관계와 원인을 먼저 확인하고, 재발 방지 방안을 업무 절차에 반영합니다. 입사 후에는 담당 영역의 실행력을 높이고, 정확성·일정 준수·이용자 관점의 완성도를 중요한 기준으로 삼습니다.","- CI/CD, 모델 레지스트리, 파이프라인, 성능 모니터링 관련 업무 계획 수립 및 실행
- 담당 과제의 일정·진행 현황 관리
- 업무 산출물 작성 및 검토 이력 관리
- 유관 부서 및 외부 협력 대상과 실무 조율
- 현장·시스템·자료에서 발생한 이슈 분석 및 조치
- 운영 기준과 체크리스트 개선
- 결과 데이터 또는 피드백을 반영한 품질 개선","- 신입 조건에 맞는 관련 실무 경험 또는 역량 보유
- CI/CD, 모델 레지스트리, 파이프라인, 성능 모니터링에 필요한 도구·절차를 이해하고 실무 적용이 가능한 분
- 업무 내용을 정확히 기록하고 일정에 맞춰 결과물을 제출할 수 있는 분
- 유관 부서와 원활하게 소통하며 협업할 수 있는 분
- 근무지 출퇴근 및 직무 수행이 가능한 분","- 정보처리기사 보유자
- 리눅스마스터 2급 보유자
- CI/CD, 모델 레지스트리, 파이프라인, 성능 모니터링 관련 프로젝트 또는 현장 수행 경험
- 업무용 문서·보고서 작성 및 이력 관리 경험
- 유관 부서·외부 협력사와의 일정 조율 경험","- 지원서 또는 제출서류를 허위로 기재한 경우
- 채용 과정에서 요구한 증빙서류를 제출하지 못한 경우
- 채용검진 결과 직무 수행이 어렵다고 판단되는 경우
- 해외여행 및 근무에 결격사유가 있는 경우
- 관련 법령 또는 내부 인사규정상 채용이 불가능한 경우",서류전형 > 실무면접 > 최종면접
2372,MLOps엔지니어 실무자 채용,91,238,20260720,20260824,1,경력,계약직,경기도,전문학사 이상,"MLOps엔지니어 포지션은 ML 모델의 학습·배포·모니터링 자동화를 구축 역할입니다. 담당 업무의 목표와 우선순위를 명확히 설정하고, 일정과 품질 기준을 함께 관리합니다.

CI/CD, 모델 레지스트리, 파이프라인, 성능 모니터링를 중심으로 실무를 수행하며, 요구사항과 결과물을 문서화해 업무 흐름이 누락되지 않도록 합니다.

기획·운영·현장 담당자 및 외부 협력 파트너와 수시로 협업합니다. 변경 사항은 영향 범위를 검토한 뒤 대안을 제시하고 합의된 방식으로 반영합니다.

문제 발생 시 사실관계와 원인을 먼저 확인하고, 재발 방지 방안을 업무 절차에 반영합니다. 입사 후에는 담당 영역의 실행력을 높이고, 정확성·일정 준수·이용자 관점의 완성도를 중요한 기준으로 삼습니다.","- CI/CD, 모델 레지스트리, 파이프라인, 성능 모니터링 관련 업무 계획 수립 및 실행
- 담당 과제의 일정·진행 현황 관리
- 업무 산출물 작성 및 검토 이력 관리
- 유관 부서 및 외부 협력 대상과 실무 조율
- 현장·시스템·자료에서 발생한 이슈 분석 및 조치
- 운영 기준과 체크리스트 개선
- 결과 데이터 또는 피드백을 반영한 품질 개선","- 경력 조건에 맞는 관련 실무 경험 또는 역량 보유
- CI/CD, 모델 레지스트리, 파이프라인, 성능 모니터링에 필요한 도구·절차를 이해하고 실무 적용이 가능한 분
- 업무 내용을 정확히 기록하고 일정에 맞춰 결과물을 제출할 수 있는 분
- 유관 부서와 원활하게 소통하며 협업할 수 있는 분
- 근무지 출퇴근 및 직무 수행이 가능한 분","- 정보처리기사 보유자
- 리눅스마스터 2급 보유자
- CI/CD, 모델 레지스트리, 파이프라인, 성능 모니터링 관련 프로젝트 또는 현장 수행 경험
- 업무용 문서·보고서 작성 및 이력 관리 경험
- 유관 부서·외부 협력사와의 일정 조율 경험","- 지원서 또는 제출서류를 허위로 기재한 경우
- 채용 과정에서 요구한 증빙서류를 제출하지 못한 경우
- 채용검진 결과 직무 수행이 어렵다고 판단되는 경우
- 해외여행 및 근무에 결격사유가 있는 경우
- 관련 법령 또는 내부 인사규정상 채용이 불가능한 경우",서류전형 > 인성검사 > 실무면접 > 최종면접
2373,MLOps엔지니어 전문인력 채용,63,238,20260825,20261002,3,신입·경력,정규직,인천광역시,학사 이상,"MLOps엔지니어 포지션은 ML 모델의 학습·배포·모니터링 자동화를 구축 역할입니다. 담당 업무의 목표와 우선순위를 명확히 설정하고, 일정과 품질 기준을 함께 관리합니다.

CI/CD, 모델 레지스트리, 파이프라인, 성능 모니터링를 중심으로 실무를 수행하며, 요구사항과 결과물을 문서화해 업무 흐름이 누락되지 않도록 합니다.

기획·운영·현장 담당자 및 외부 협력 파트너와 수시로 협업합니다. 변경 사항은 영향 범위를 검토한 뒤 대안을 제시하고 합의된 방식으로 반영합니다.

문제 발생 시 사실관계와 원인을 먼저 확인하고, 재발 방지 방안을 업무 절차에 반영합니다. 입사 후에는 담당 영역의 실행력을 높이고, 정확성·일정 준수·이용자 관점의 완성도를 중요한 기준으로 삼습니다.","- CI/CD, 모델 레지스트리, 파이프라인, 성능 모니터링 관련 업무 계획 수립 및 실행
- 담당 과제의 일정·진행 현황 관리
- 업무 산출물 작성 및 검토 이력 관리
- 유관 부서 및 외부 협력 대상과 실무 조율
- 현장·시스템·자료에서 발생한 이슈 분석 및 조치
- 운영 기준과 체크리스트 개선
- 결과 데이터 또는 피드백을 반영한 품질 개선","- 신입·경력 조건에 맞는 관련 실무 경험 또는 역량 보유
- CI/CD, 모델 레지스트리, 파이프라인, 성능 모니터링에 필요한 도구·절차를 이해하고 실무 적용이 가능한 분
- 업무 내용을 정확히 기록하고 일정에 맞춰 결과물을 제출할 수 있는 분
- 유관 부서와 원활하게 소통하며 협업할 수 있는 분
- 근무지 출퇴근 및 직무 수행이 가능한 분","- 정보처리기사 보유자
- 리눅스마스터 2급 보유자
- CI/CD, 모델 레지스트리, 파이프라인, 성능 모니터링 관련 프로젝트 또는 현장 수행 경험
- 업무용 문서·보고서 작성 및 이력 관리 경험
- 유관 부서·외부 협력사와의 일정 조율 경험","- 지원서 또는 제출서류를 허위로 기재한 경우
- 채용 과정에서 요구한 증빙서류를 제출하지 못한 경우
- 채용검진 결과 직무 수행이 어렵다고 판단되는 경우
- 해외여행 및 근무에 결격사유가 있는 경우
- 관련 법령 또는 내부 인사규정상 채용이 불가능한 경우",서류전형 > 직무과제 > 실무면접 > 처우협의
2374,MLOps엔지니어 운영 담당 채용,88,238,20260905,20261016,5,경력 2년 이상,정규직,대전광역시,학사 이상,"MLOps엔지니어 포지션은 ML 모델의 학습·배포·모니터링 자동화를 구축 역할입니다. 담당 업무의 목표와 우선순위를 명확히 설정하고, 일정과 품질 기준을 함께 관리합니다.

CI/CD, 모델 레지스트리, 파이프라인, 성능 모니터링를 중심으로 실무를 수행하며, 요구사항과 결과물을 문서화해 업무 흐름이 누락되지 않도록 합니다.

기획·운영·현장 담당자 및 외부 협력 파트너와 수시로 협업합니다. 변경 사항은 영향 범위를 검토한 뒤 대안을 제시하고 합의된 방식으로 반영합니다.

문제 발생 시 사실관계와 원인을 먼저 확인하고, 재발 방지 방안을 업무 절차에 반영합니다. 입사 후에는 담당 영역의 실행력을 높이고, 정확성·일정 준수·이용자 관점의 완성도를 중요한 기준으로 삼습니다.","- CI/CD, 모델 레지스트리, 파이프라인, 성능 모니터링 관련 업무 계획 수립 및 실행
- 담당 과제의 일정·진행 현황 관리
- 업무 산출물 작성 및 검토 이력 관리
- 유관 부서 및 외부 협력 대상과 실무 조율
- 현장·시스템·자료에서 발생한 이슈 분석 및 조치
- 운영 기준과 체크리스트 개선
- 결과 데이터 또는 피드백을 반영한 품질 개선","- 경력 2년 이상 조건에 맞는 관련 실무 경험 또는 역량 보유
- CI/CD, 모델 레지스트리, 파이프라인, 성능 모니터링에 필요한 도구·절차를 이해하고 실무 적용이 가능한 분
- 업무 내용을 정확히 기록하고 일정에 맞춰 결과물을 제출할 수 있는 분
- 유관 부서와 원활하게 소통하며 협업할 수 있는 분
- 근무지 출퇴근 및 직무 수행이 가능한 분","- 정보처리기사 보유자
- 리눅스마스터 2급 보유자
- CI/CD, 모델 레지스트리, 파이프라인, 성능 모니터링 관련 프로젝트 또는 현장 수행 경험
- 업무용 문서·보고서 작성 및 이력 관리 경험
- 유관 부서·외부 협력사와의 일정 조율 경험","- 지원서 또는 제출서류를 허위로 기재한 경우
- 채용 과정에서 요구한 증빙서류를 제출하지 못한 경우
- 채용검진 결과 직무 수행이 어렵다고 판단되는 경우
- 해외여행 및 근무에 결격사유가 있는 경우
- 관련 법령 또는 내부 인사규정상 채용이 불가능한 경우",서류전형 > 1차면접 > 2차면접 > 채용검진
2375,MLOps엔지니어 프로젝트 인재 모집,143,238,20261010,20261123,7,경력 3년 이상,무기계약직,부산광역시,학력무관,"MLOps엔지니어 포지션은 ML 모델의 학습·배포·모니터링 자동화를 구축 역할입니다. 담당 업무의 목표와 우선순위를 명확히 설정하고, 일정과 품질 기준을 함께 관리합니다.

CI/CD, 모델 레지스트리, 파이프라인, 성능 모니터링를 중심으로 실무를 수행하며, 요구사항과 결과물을 문서화해 업무 흐름이 누락되지 않도록 합니다.

기획·운영·현장 담당자 및 외부 협력 파트너와 수시로 협업합니다. 변경 사항은 영향 범위를 검토한 뒤 대안을 제시하고 합의된 방식으로 반영합니다.

문제 발생 시 사실관계와 원인을 먼저 확인하고, 재발 방지 방안을 업무 절차에 반영합니다. 입사 후에는 담당 영역의 실행력을 높이고, 정확성·일정 준수·이용자 관점의 완성도를 중요한 기준으로 삼습니다.","- CI/CD, 모델 레지스트리, 파이프라인, 성능 모니터링 관련 업무 계획 수립 및 실행
- 담당 과제의 일정·진행 현황 관리
- 업무 산출물 작성 및 검토 이력 관리
- 유관 부서 및 외부 협력 대상과 실무 조율
- 현장·시스템·자료에서 발생한 이슈 분석 및 조치
- 운영 기준과 체크리스트 개선
- 결과 데이터 또는 피드백을 반영한 품질 개선","- 경력 3년 이상 조건에 맞는 관련 실무 경험 또는 역량 보유
- CI/CD, 모델 레지스트리, 파이프라인, 성능 모니터링에 필요한 도구·절차를 이해하고 실무 적용이 가능한 분
- 업무 내용을 정확히 기록하고 일정에 맞춰 결과물을 제출할 수 있는 분
- 유관 부서와 원활하게 소통하며 협업할 수 있는 분
- 근무지 출퇴근 및 직무 수행이 가능한 분","- 정보처리기사 보유자
- 리눅스마스터 2급 보유자
- CI/CD, 모델 레지스트리, 파이프라인, 성능 모니터링 관련 프로젝트 또는 현장 수행 경험
- 업무용 문서·보고서 작성 및 이력 관리 경험
- 유관 부서·외부 협력사와의 일정 조율 경험","- 지원서 또는 제출서류를 허위로 기재한 경우
- 채용 과정에서 요구한 증빙서류를 제출하지 못한 경우
- 채용검진 결과 직무 수행이 어렵다고 판단되는 경우
- 해외여행 및 근무에 결격사유가 있는 경우
- 관련 법령 또는 내부 인사규정상 채용이 불가능한 경우",서류전형 > 실무면접 > 최종면접
2376,MLOps엔지니어 전담 인력 채용,99,238,20260215,20260226,9,경력 무관,기간제,광주광역시,전문학사 이상,"MLOps엔지니어 포지션은 ML 모델의 학습·배포·모니터링 자동화를 구축 역할입니다. 담당 업무의 목표와 우선순위를 명확히 설정하고, 일정과 품질 기준을 함께 관리합니다.

CI/CD, 모델 레지스트리, 파이프라인, 성능 모니터링를 중심으로 실무를 수행하며, 요구사항과 결과물을 문서화해 업무 흐름이 누락되지 않도록 합니다.

기획·운영·현장 담당자 및 외부 협력 파트너와 수시로 협업합니다. 변경 사항은 영향 범위를 검토한 뒤 대안을 제시하고 합의된 방식으로 반영합니다.

문제 발생 시 사실관계와 원인을 먼저 확인하고, 재발 방지 방안을 업무 절차에 반영합니다. 입사 후에는 담당 영역의 실행력을 높이고, 정확성·일정 준수·이용자 관점의 완성도를 중요한 기준으로 삼습니다.","- CI/CD, 모델 레지스트리, 파이프라인, 성능 모니터링 관련 업무 계획 수립 및 실행
- 담당 과제의 일정·진행 현황 관리
- 업무 산출물 작성 및 검토 이력 관리
- 유관 부서 및 외부 협력 대상과 실무 조율
- 현장·시스템·자료에서 발생한 이슈 분석 및 조치
- 운영 기준과 체크리스트 개선
- 결과 데이터 또는 피드백을 반영한 품질 개선","- 경력 무관 조건에 맞는 관련 실무 경험 또는 역량 보유
- CI/CD, 모델 레지스트리, 파이프라인, 성능 모니터링에 필요한 도구·절차를 이해하고 실무 적용이 가능한 분
- 업무 내용을 정확히 기록하고 일정에 맞춰 결과물을 제출할 수 있는 분
- 유관 부서와 원활하게 소통하며 협업할 수 있는 분
- 근무지 출퇴근 및 직무 수행이 가능한 분","- 정보처리기사 보유자
- 리눅스마스터 2급 보유자
- CI/CD, 모델 레지스트리, 파이프라인, 성능 모니터링 관련 프로젝트 또는 현장 수행 경험
- 업무용 문서·보고서 작성 및 이력 관리 경험
- 유관 부서·외부 협력사와의 일정 조율 경험","- 지원서 또는 제출서류를 허위로 기재한 경우
- 채용 과정에서 요구한 증빙서류를 제출하지 못한 경우
- 채용검진 결과 직무 수행이 어렵다고 판단되는 경우
- 해외여행 및 근무에 결격사유가 있는 경우
- 관련 법령 또는 내부 인사규정상 채용이 불가능한 경우",서류전형 > 인성검사 > 실무면접 > 최종면접
2377,MLOps엔지니어 실무 인재 모집,4,238,20260320,20260403,11,경력 5년 이상,정규직,세종특별자치시,학사 이상,"MLOps엔지니어 포지션은 ML 모델의 학습·배포·모니터링 자동화를 구축 역할입니다. 담당 업무의 목표와 우선순위를 명확히 설정하고, 일정과 품질 기준을 함께 관리합니다.

CI/CD, 모델 레지스트리, 파이프라인, 성능 모니터링를 중심으로 실무를 수행하며, 요구사항과 결과물을 문서화해 업무 흐름이 누락되지 않도록 합니다.

기획·운영·현장 담당자 및 외부 협력 파트너와 수시로 협업합니다. 변경 사항은 영향 범위를 검토한 뒤 대안을 제시하고 합의된 방식으로 반영합니다.

문제 발생 시 사실관계와 원인을 먼저 확인하고, 재발 방지 방안을 업무 절차에 반영합니다. 입사 후에는 담당 영역의 실행력을 높이고, 정확성·일정 준수·이용자 관점의 완성도를 중요한 기준으로 삼습니다.","- CI/CD, 모델 레지스트리, 파이프라인, 성능 모니터링 관련 업무 계획 수립 및 실행
- 담당 과제의 일정·진행 현황 관리
- 업무 산출물 작성 및 검토 이력 관리
- 유관 부서 및 외부 협력 대상과 실무 조율
- 현장·시스템·자료에서 발생한 이슈 분석 및 조치
- 운영 기준과 체크리스트 개선
- 결과 데이터 또는 피드백을 반영한 품질 개선","- 경력 5년 이상 조건에 맞는 관련 실무 경험 또는 역량 보유
- CI/CD, 모델 레지스트리, 파이프라인, 성능 모니터링에 필요한 도구·절차를 이해하고 실무 적용이 가능한 분
- 업무 내용을 정확히 기록하고 일정에 맞춰 결과물을 제출할 수 있는 분
- 유관 부서와 원활하게 소통하며 협업할 수 있는 분
- 근무지 출퇴근 및 직무 수행이 가능한 분","- 정보처리기사 보유자
- 리눅스마스터 2급 보유자
- CI/CD, 모델 레지스트리, 파이프라인, 성능 모니터링 관련 프로젝트 또는 현장 수행 경험
- 업무용 문서·보고서 작성 및 이력 관리 경험
- 유관 부서·외부 협력사와의 일정 조율 경험","- 지원서 또는 제출서류를 허위로 기재한 경우
- 채용 과정에서 요구한 증빙서류를 제출하지 못한 경우
- 채용검진 결과 직무 수행이 어렵다고 판단되는 경우
- 해외여행 및 근무에 결격사유가 있는 경우
- 관련 법령 또는 내부 인사규정상 채용이 불가능한 경우",서류전형 > 직무과제 > 실무면접 > 처우협의
2378,MLOps엔지니어 담당자 공개채용,98,238,20260425,20260512,13,신입·경력,계약직,충청남도,학력무관,"MLOps엔지니어 포지션은 ML 모델의 학습·배포·모니터링 자동화를 구축 역할입니다. 담당 업무의 목표와 우선순위를 명확히 설정하고, 일정과 품질 기준을 함께 관리합니다.

CI/CD, 모델 레지스트리, 파이프라인, 성능 모니터링를 중심으로 실무를 수행하며, 요구사항과 결과물을 문서화해 업무 흐름이 누락되지 않도록 합니다.

기획·운영·현장 담당자 및 외부 협력 파트너와 수시로 협업합니다. 변경 사항은 영향 범위를 검토한 뒤 대안을 제시하고 합의된 방식으로 반영합니다.

문제 발생 시 사실관계와 원인을 먼저 확인하고, 재발 방지 방안을 업무 절차에 반영합니다. 입사 후에는 담당 영역의 실행력을 높이고, 정확성·일정 준수·이용자 관점의 완성도를 중요한 기준으로 삼습니다.","- CI/CD, 모델 레지스트리, 파이프라인, 성능 모니터링 관련 업무 계획 수립 및 실행
- 담당 과제의 일정·진행 현황 관리
- 업무 산출물 작성 및 검토 이력 관리
- 유관 부서 및 외부 협력 대상과 실무 조율
- 현장·시스템·자료에서 발생한 이슈 분석 및 조치
- 운영 기준과 체크리스트 개선
- 결과 데이터 또는 피드백을 반영한 품질 개선","- 신입·경력 조건에 맞는 관련 실무 경험 또는 역량 보유
- CI/CD, 모델 레지스트리, 파이프라인, 성능 모니터링에 필요한 도구·절차를 이해하고 실무 적용이 가능한 분
- 업무 내용을 정확히 기록하고 일정에 맞춰 결과물을 제출할 수 있는 분
- 유관 부서와 원활하게 소통하며 협업할 수 있는 분
- 근무지 출퇴근 및 직무 수행이 가능한 분","- 정보처리기사 보유자
- 리눅스마스터 2급 보유자
- CI/CD, 모델 레지스트리, 파이프라인, 성능 모니터링 관련 프로젝트 또는 현장 수행 경험
- 업무용 문서·보고서 작성 및 이력 관리 경험
- 유관 부서·외부 협력사와의 일정 조율 경험","- 지원서 또는 제출서류를 허위로 기재한 경우
- 채용 과정에서 요구한 증빙서류를 제출하지 못한 경우
- 채용검진 결과 직무 수행이 어렵다고 판단되는 경우
- 해외여행 및 근무에 결격사유가 있는 경우
- 관련 법령 또는 내부 인사규정상 채용이 불가능한 경우",서류전형 > 1차면접 > 2차면접 > 채용검진
2379,MLOps엔지니어 정규직 모집,19,238,20260505,20260525,15,경력 2년 이상,정규직,경상남도,학사 이상,"MLOps엔지니어 포지션은 ML 모델의 학습·배포·모니터링 자동화를 구축 역할입니다. 담당 업무의 목표와 우선순위를 명확히 설정하고, 일정과 품질 기준을 함께 관리합니다.

CI/CD, 모델 레지스트리, 파이프라인, 성능 모니터링를 중심으로 실무를 수행하며, 요구사항과 결과물을 문서화해 업무 흐름이 누락되지 않도록 합니다.

기획·운영·현장 담당자 및 외부 협력 파트너와 수시로 협업합니다. 변경 사항은 영향 범위를 검토한 뒤 대안을 제시하고 합의된 방식으로 반영합니다.

문제 발생 시 사실관계와 원인을 먼저 확인하고, 재발 방지 방안을 업무 절차에 반영합니다. 입사 후에는 담당 영역의 실행력을 높이고, 정확성·일정 준수·이용자 관점의 완성도를 중요한 기준으로 삼습니다.","- CI/CD, 모델 레지스트리, 파이프라인, 성능 모니터링 관련 업무 계획 수립 및 실행
- 담당 과제의 일정·진행 현황 관리
- 업무 산출물 작성 및 검토 이력 관리
- 유관 부서 및 외부 협력 대상과 실무 조율
- 현장·시스템·자료에서 발생한 이슈 분석 및 조치
- 운영 기준과 체크리스트 개선
- 결과 데이터 또는 피드백을 반영한 품질 개선","- 경력 2년 이상 조건에 맞는 관련 실무 경험 또는 역량 보유
- CI/CD, 모델 레지스트리, 파이프라인, 성능 모니터링에 필요한 도구·절차를 이해하고 실무 적용이 가능한 분
- 업무 내용을 정확히 기록하고 일정에 맞춰 결과물을 제출할 수 있는 분
- 유관 부서와 원활하게 소통하며 협업할 수 있는 분
- 근무지 출퇴근 및 직무 수행이 가능한 분","- 정보처리기사 보유자
- 리눅스마스터 2급 보유자
- CI/CD, 모델 레지스트리, 파이프라인, 성능 모니터링 관련 프로젝트 또는 현장 수행 경험
- 업무용 문서·보고서 작성 및 이력 관리 경험
- 유관 부서·외부 협력사와의 일정 조율 경험","- 지원서 또는 제출서류를 허위로 기재한 경우
- 채용 과정에서 요구한 증빙서류를 제출하지 못한 경우
- 채용검진 결과 직무 수행이 어렵다고 판단되는 경우
- 해외여행 및 근무에 결격사유가 있는 경우
- 관련 법령 또는 내부 인사규정상 채용이 불가능한 경우",서류전형 > 실무면접 > 최종면접
2380,MLOps엔지니어 채용,111,238,20260610,20260703,17,경력,정규직,전북특별자치도,전문학사 이상,"MLOps엔지니어 포지션은 ML 모델의 학습·배포·모니터링 자동화를 구축 역할입니다. 담당 업무의 목표와 우선순위를 명확히 설정하고, 일정과 품질 기준을 함께 관리합니다.

CI/CD, 모델 레지스트리, 파이프라인, 성능 모니터링를 중심으로 실무를 수행하며, 요구사항과 결과물을 문서화해 업무 흐름이 누락되지 않도록 합니다.

기획·운영·현장 담당자 및 외부 협력 파트너와 수시로 협업합니다. 변경 사항은 영향 범위를 검토한 뒤 대안을 제시하고 합의된 방식으로 반영합니다.

문제 발생 시 사실관계와 원인을 먼저 확인하고, 재발 방지 방안을 업무 절차에 반영합니다. 입사 후에는 담당 영역의 실행력을 높이고, 정확성·일정 준수·이용자 관점의 완성도를 중요한 기준으로 삼습니다.","- CI/CD, 모델 레지스트리, 파이프라인, 성능 모니터링 관련 업무 계획 수립 및 실행
- 담당 과제의 일정·진행 현황 관리
- 업무 산출물 작성 및 검토 이력 관리
- 유관 부서 및 외부 협력 대상과 실무 조율
- 현장·시스템·자료에서 발생한 이슈 분석 및 조치
- 운영 기준과 체크리스트 개선
- 결과 데이터 또는 피드백을 반영한 품질 개선","- 경력 조건에 맞는 관련 실무 경험 또는 역량 보유
- CI/CD, 모델 레지스트리, 파이프라인, 성능 모니터링에 필요한 도구·절차를 이해하고 실무 적용이 가능한 분
- 업무 내용을 정확히 기록하고 일정에 맞춰 결과물을 제출할 수 있는 분
- 유관 부서와 원활하게 소통하며 협업할 수 있는 분
- 근무지 출퇴근 및 직무 수행이 가능한 분","- 정보처리기사 보유자
- 리눅스마스터 2급 보유자
- CI/CD, 모델 레지스트리, 파이프라인, 성능 모니터링 관련 프로젝트 또는 현장 수행 경험
- 업무용 문서·보고서 작성 및 이력 관리 경험
- 유관 부서·외부 협력사와의 일정 조율 경험","- 지원서 또는 제출서류를 허위로 기재한 경우
- 채용 과정에서 요구한 증빙서류를 제출하지 못한 경우
- 채용검진 결과 직무 수행이 어렵다고 판단되는 경우
- 해외여행 및 근무에 결격사유가 있는 경우
- 관련 법령 또는 내부 인사규정상 채용이 불가능한 경우",서류전형 > 인성검사 > 실무면접 > 최종면접
2381,AI서비스개발자 담당자 모집,96,239,20260718,20260820,20,신입,정규직,서울특별시,학력무관,"AI서비스개발자 포지션은 AI 기능을 사용자 서비스로 설계·개발·운영 역할입니다. 담당 업무의 목표와 우선순위를 명확히 설정하고, 일정과 품질 기준을 함께 관리합니다.

AI API, 서비스 화면, 데이터 연동, 사용성 지표를 중심으로 실무를 수행하며, 요구사항과 결과물을 문서화해 업무 흐름이 누락되지 않도록 합니다.

기획·운영·현장 담당자 및 외부 협력 파트너와 수시로 협업합니다. 변경 사항은 영향 범위를 검토한 뒤 대안을 제시하고 합의된 방식으로 반영합니다.

문제 발생 시 사실관계와 원인을 먼저 확인하고, 재발 방지 방안을 업무 절차에 반영합니다. 입사 후에는 담당 영역의 실행력을 높이고, 정확성·일정 준수·이용자 관점의 완성도를 중요한 기준으로 삼습니다.","- AI API, 서비스 화면, 데이터 연동, 사용성 지표 관련 업무 계획 수립 및 실행
- 담당 과제의 일정·진행 현황 관리
- 업무 산출물 작성 및 검토 이력 관리
- 유관 부서 및 외부 협력 대상과 실무 조율
- 현장·시스템·자료에서 발생한 이슈 분석 및 조치
- 운영 기준과 체크리스트 개선
- 결과 데이터 또는 피드백을 반영한 품질 개선","- 신입 조건에 맞는 관련 실무 경험 또는 역량 보유
- AI API, 서비스 화면, 데이터 연동, 사용성 지표에 필요한 도구·절차를 이해하고 실무 적용이 가능한 분
- 업무 내용을 정확히 기록하고 일정에 맞춰 결과물을 제출할 수 있는 분
- 유관 부서와 원활하게 소통하며 협업할 수 있는 분
- 근무지 출퇴근 및 직무 수행이 가능한 분","- 정보처리기사 보유자
- 빅데이터분석기사 보유자
- AI API, 서비스 화면, 데이터 연동, 사용성 지표 관련 프로젝트 또는 현장 수행 경험
- 업무용 문서·보고서 작성 및 이력 관리 경험
- 유관 부서·외부 협력사와의 일정 조율 경험","- 지원서 또는 제출서류를 허위로 기재한 경우
- 채용 과정에서 요구한 증빙서류를 제출하지 못한 경우
- 채용검진 결과 직무 수행이 어렵다고 판단되는 경우
- 해외여행 및 근무에 결격사유가 있는 경우
- 관련 법령 또는 내부 인사규정상 채용이 불가능한 경우",서류전형 > 실무면접 > 최종면접
2382,AI서비스개발자 실무자 채용,45,239,20260823,20260928,2,경력,계약직,경기도,전문학사 이상,"AI서비스개발자 포지션은 AI 기능을 사용자 서비스로 설계·개발·운영 역할입니다. 담당 업무의 목표와 우선순위를 명확히 설정하고, 일정과 품질 기준을 함께 관리합니다.

AI API, 서비스 화면, 데이터 연동, 사용성 지표를 중심으로 실무를 수행하며, 요구사항과 결과물을 문서화해 업무 흐름이 누락되지 않도록 합니다.

기획·운영·현장 담당자 및 외부 협력 파트너와 수시로 협업합니다. 변경 사항은 영향 범위를 검토한 뒤 대안을 제시하고 합의된 방식으로 반영합니다.

문제 발생 시 사실관계와 원인을 먼저 확인하고, 재발 방지 방안을 업무 절차에 반영합니다. 입사 후에는 담당 영역의 실행력을 높이고, 정확성·일정 준수·이용자 관점의 완성도를 중요한 기준으로 삼습니다.","- AI API, 서비스 화면, 데이터 연동, 사용성 지표 관련 업무 계획 수립 및 실행
- 담당 과제의 일정·진행 현황 관리
- 업무 산출물 작성 및 검토 이력 관리
- 유관 부서 및 외부 협력 대상과 실무 조율
- 현장·시스템·자료에서 발생한 이슈 분석 및 조치
- 운영 기준과 체크리스트 개선
- 결과 데이터 또는 피드백을 반영한 품질 개선","- 경력 조건에 맞는 관련 실무 경험 또는 역량 보유
- AI API, 서비스 화면, 데이터 연동, 사용성 지표에 필요한 도구·절차를 이해하고 실무 적용이 가능한 분
- 업무 내용을 정확히 기록하고 일정에 맞춰 결과물을 제출할 수 있는 분
- 유관 부서와 원활하게 소통하며 협업할 수 있는 분
- 근무지 출퇴근 및 직무 수행이 가능한 분","- 정보처리기사 보유자
- 빅데이터분석기사 보유자
- AI API, 서비스 화면, 데이터 연동, 사용성 지표 관련 프로젝트 또는 현장 수행 경험
- 업무용 문서·보고서 작성 및 이력 관리 경험
- 유관 부서·외부 협력사와의 일정 조율 경험","- 지원서 또는 제출서류를 허위로 기재한 경우
- 채용 과정에서 요구한 증빙서류를 제출하지 못한 경우
- 채용검진 결과 직무 수행이 어렵다고 판단되는 경우
- 해외여행 및 근무에 결격사유가 있는 경우
- 관련 법령 또는 내부 인사규정상 채용이 불가능한 경우",서류전형 > 인성검사 > 실무면접 > 최종면접
2383,AI서비스개발자 전문인력 채용,90,239,20260903,20261012,4,신입·경력,정규직,인천광역시,학사 이상,"AI서비스개발자 포지션은 AI 기능을 사용자 서비스로 설계·개발·운영 역할입니다. 담당 업무의 목표와 우선순위를 명확히 설정하고, 일정과 품질 기준을 함께 관리합니다.

AI API, 서비스 화면, 데이터 연동, 사용성 지표를 중심으로 실무를 수행하며, 요구사항과 결과물을 문서화해 업무 흐름이 누락되지 않도록 합니다.

기획·운영·현장 담당자 및 외부 협력 파트너와 수시로 협업합니다. 변경 사항은 영향 범위를 검토한 뒤 대안을 제시하고 합의된 방식으로 반영합니다.

문제 발생 시 사실관계와 원인을 먼저 확인하고, 재발 방지 방안을 업무 절차에 반영합니다. 입사 후에는 담당 영역의 실행력을 높이고, 정확성·일정 준수·이용자 관점의 완성도를 중요한 기준으로 삼습니다.","- AI API, 서비스 화면, 데이터 연동, 사용성 지표 관련 업무 계획 수립 및 실행
- 담당 과제의 일정·진행 현황 관리
- 업무 산출물 작성 및 검토 이력 관리
- 유관 부서 및 외부 협력 대상과 실무 조율
- 현장·시스템·자료에서 발생한 이슈 분석 및 조치
- 운영 기준과 체크리스트 개선
- 결과 데이터 또는 피드백을 반영한 품질 개선","- 신입·경력 조건에 맞는 관련 실무 경험 또는 역량 보유
- AI API, 서비스 화면, 데이터 연동, 사용성 지표에 필요한 도구·절차를 이해하고 실무 적용이 가능한 분
- 업무 내용을 정확히 기록하고 일정에 맞춰 결과물을 제출할 수 있는 분
- 유관 부서와 원활하게 소통하며 협업할 수 있는 분
- 근무지 출퇴근 및 직무 수행이 가능한 분","- 정보처리기사 보유자
- 빅데이터분석기사 보유자
- AI API, 서비스 화면, 데이터 연동, 사용성 지표 관련 프로젝트 또는 현장 수행 경험
- 업무용 문서·보고서 작성 및 이력 관리 경험
- 유관 부서·외부 협력사와의 일정 조율 경험","- 지원서 또는 제출서류를 허위로 기재한 경우
- 채용 과정에서 요구한 증빙서류를 제출하지 못한 경우
- 채용검진 결과 직무 수행이 어렵다고 판단되는 경우
- 해외여행 및 근무에 결격사유가 있는 경우
- 관련 법령 또는 내부 인사규정상 채용이 불가능한 경우",서류전형 > 직무과제 > 실무면접 > 처우협의
2384,AI서비스개발자 운영 담당 채용,104,239,20261008,20261119,6,경력 2년 이상,정규직,대전광역시,학사 이상,"AI서비스개발자 포지션은 AI 기능을 사용자 서비스로 설계·개발·운영 역할입니다. 담당 업무의 목표와 우선순위를 명확히 설정하고, 일정과 품질 기준을 함께 관리합니다.

AI API, 서비스 화면, 데이터 연동, 사용성 지표를 중심으로 실무를 수행하며, 요구사항과 결과물을 문서화해 업무 흐름이 누락되지 않도록 합니다.

기획·운영·현장 담당자 및 외부 협력 파트너와 수시로 협업합니다. 변경 사항은 영향 범위를 검토한 뒤 대안을 제시하고 합의된 방식으로 반영합니다.

문제 발생 시 사실관계와 원인을 먼저 확인하고, 재발 방지 방안을 업무 절차에 반영합니다. 입사 후에는 담당 영역의 실행력을 높이고, 정확성·일정 준수·이용자 관점의 완성도를 중요한 기준으로 삼습니다.","- AI API, 서비스 화면, 데이터 연동, 사용성 지표 관련 업무 계획 수립 및 실행
- 담당 과제의 일정·진행 현황 관리
- 업무 산출물 작성 및 검토 이력 관리
- 유관 부서 및 외부 협력 대상과 실무 조율
- 현장·시스템·자료에서 발생한 이슈 분석 및 조치
- 운영 기준과 체크리스트 개선
- 결과 데이터 또는 피드백을 반영한 품질 개선","- 경력 2년 이상 조건에 맞는 관련 실무 경험 또는 역량 보유
- AI API, 서비스 화면, 데이터 연동, 사용성 지표에 필요한 도구·절차를 이해하고 실무 적용이 가능한 분
- 업무 내용을 정확히 기록하고 일정에 맞춰 결과물을 제출할 수 있는 분
- 유관 부서와 원활하게 소통하며 협업할 수 있는 분
- 근무지 출퇴근 및 직무 수행이 가능한 분","- 정보처리기사 보유자
- 빅데이터분석기사 보유자
- AI API, 서비스 화면, 데이터 연동, 사용성 지표 관련 프로젝트 또는 현장 수행 경험
- 업무용 문서·보고서 작성 및 이력 관리 경험
- 유관 부서·외부 협력사와의 일정 조율 경험","- 지원서 또는 제출서류를 허위로 기재한 경우
- 채용 과정에서 요구한 증빙서류를 제출하지 못한 경우
- 채용검진 결과 직무 수행이 어렵다고 판단되는 경우
- 해외여행 및 근무에 결격사유가 있는 경우
- 관련 법령 또는 내부 인사규정상 채용이 불가능한 경우",서류전형 > 1차면접 > 2차면접 > 채용검진
2385,AI서비스개발자 프로젝트 인재 모집,35,239,20260213,20260330,8,경력 3년 이상,무기계약직,부산광역시,학력무관,"AI서비스개발자 포지션은 AI 기능을 사용자 서비스로 설계·개발·운영 역할입니다. 담당 업무의 목표와 우선순위를 명확히 설정하고, 일정과 품질 기준을 함께 관리합니다.

AI API, 서비스 화면, 데이터 연동, 사용성 지표를 중심으로 실무를 수행하며, 요구사항과 결과물을 문서화해 업무 흐름이 누락되지 않도록 합니다.

기획·운영·현장 담당자 및 외부 협력 파트너와 수시로 협업합니다. 변경 사항은 영향 범위를 검토한 뒤 대안을 제시하고 합의된 방식으로 반영합니다.

문제 발생 시 사실관계와 원인을 먼저 확인하고, 재발 방지 방안을 업무 절차에 반영합니다. 입사 후에는 담당 영역의 실행력을 높이고, 정확성·일정 준수·이용자 관점의 완성도를 중요한 기준으로 삼습니다.","- AI API, 서비스 화면, 데이터 연동, 사용성 지표 관련 업무 계획 수립 및 실행
- 담당 과제의 일정·진행 현황 관리
- 업무 산출물 작성 및 검토 이력 관리
- 유관 부서 및 외부 협력 대상과 실무 조율
- 현장·시스템·자료에서 발생한 이슈 분석 및 조치
- 운영 기준과 체크리스트 개선
- 결과 데이터 또는 피드백을 반영한 품질 개선","- 경력 3년 이상 조건에 맞는 관련 실무 경험 또는 역량 보유
- AI API, 서비스 화면, 데이터 연동, 사용성 지표에 필요한 도구·절차를 이해하고 실무 적용이 가능한 분
- 업무 내용을 정확히 기록하고 일정에 맞춰 결과물을 제출할 수 있는 분
- 유관 부서와 원활하게 소통하며 협업할 수 있는 분
- 근무지 출퇴근 및 직무 수행이 가능한 분","- 정보처리기사 보유자
- 빅데이터분석기사 보유자
- AI API, 서비스 화면, 데이터 연동, 사용성 지표 관련 프로젝트 또는 현장 수행 경험
- 업무용 문서·보고서 작성 및 이력 관리 경험
- 유관 부서·외부 협력사와의 일정 조율 경험","- 지원서 또는 제출서류를 허위로 기재한 경우
- 채용 과정에서 요구한 증빙서류를 제출하지 못한 경우
- 채용검진 결과 직무 수행이 어렵다고 판단되는 경우
- 해외여행 및 근무에 결격사유가 있는 경우
- 관련 법령 또는 내부 인사규정상 채용이 불가능한 경우",서류전형 > 실무면접 > 최종면접
2386,AI서비스개발자 전담 인력 채용,120,239,20260318,20260330,10,경력 무관,기간제,광주광역시,전문학사 이상,"AI서비스개발자 포지션은 AI 기능을 사용자 서비스로 설계·개발·운영 역할입니다. 담당 업무의 목표와 우선순위를 명확히 설정하고, 일정과 품질 기준을 함께 관리합니다.

AI API, 서비스 화면, 데이터 연동, 사용성 지표를 중심으로 실무를 수행하며, 요구사항과 결과물을 문서화해 업무 흐름이 누락되지 않도록 합니다.

기획·운영·현장 담당자 및 외부 협력 파트너와 수시로 협업합니다. 변경 사항은 영향 범위를 검토한 뒤 대안을 제시하고 합의된 방식으로 반영합니다.

문제 발생 시 사실관계와 원인을 먼저 확인하고, 재발 방지 방안을 업무 절차에 반영합니다. 입사 후에는 담당 영역의 실행력을 높이고, 정확성·일정 준수·이용자 관점의 완성도를 중요한 기준으로 삼습니다.","- AI API, 서비스 화면, 데이터 연동, 사용성 지표 관련 업무 계획 수립 및 실행
- 담당 과제의 일정·진행 현황 관리
- 업무 산출물 작성 및 검토 이력 관리
- 유관 부서 및 외부 협력 대상과 실무 조율
- 현장·시스템·자료에서 발생한 이슈 분석 및 조치
- 운영 기준과 체크리스트 개선
- 결과 데이터 또는 피드백을 반영한 품질 개선","- 경력 무관 조건에 맞는 관련 실무 경험 또는 역량 보유
- AI API, 서비스 화면, 데이터 연동, 사용성 지표에 필요한 도구·절차를 이해하고 실무 적용이 가능한 분
- 업무 내용을 정확히 기록하고 일정에 맞춰 결과물을 제출할 수 있는 분
- 유관 부서와 원활하게 소통하며 협업할 수 있는 분
- 근무지 출퇴근 및 직무 수행이 가능한 분","- 정보처리기사 보유자
- 빅데이터분석기사 보유자
- AI API, 서비스 화면, 데이터 연동, 사용성 지표 관련 프로젝트 또는 현장 수행 경험
- 업무용 문서·보고서 작성 및 이력 관리 경험
- 유관 부서·외부 협력사와의 일정 조율 경험","- 지원서 또는 제출서류를 허위로 기재한 경우
- 채용 과정에서 요구한 증빙서류를 제출하지 못한 경우
- 채용검진 결과 직무 수행이 어렵다고 판단되는 경우
- 해외여행 및 근무에 결격사유가 있는 경우
- 관련 법령 또는 내부 인사규정상 채용이 불가능한 경우",서류전형 > 인성검사 > 실무면접 > 최종면접
2387,AI서비스개발자 실무 인재 모집,44,239,20260423,20260508,12,경력 5년 이상,정규직,세종특별자치시,학사 이상,"AI서비스개발자 포지션은 AI 기능을 사용자 서비스로 설계·개발·운영 역할입니다. 담당 업무의 목표와 우선순위를 명확히 설정하고, 일정과 품질 기준을 함께 관리합니다.

AI API, 서비스 화면, 데이터 연동, 사용성 지표를 중심으로 실무를 수행하며, 요구사항과 결과물을 문서화해 업무 흐름이 누락되지 않도록 합니다.

기획·운영·현장 담당자 및 외부 협력 파트너와 수시로 협업합니다. 변경 사항은 영향 범위를 검토한 뒤 대안을 제시하고 합의된 방식으로 반영합니다.

문제 발생 시 사실관계와 원인을 먼저 확인하고, 재발 방지 방안을 업무 절차에 반영합니다. 입사 후에는 담당 영역의 실행력을 높이고, 정확성·일정 준수·이용자 관점의 완성도를 중요한 기준으로 삼습니다.","- AI API, 서비스 화면, 데이터 연동, 사용성 지표 관련 업무 계획 수립 및 실행
- 담당 과제의 일정·진행 현황 관리
- 업무 산출물 작성 및 검토 이력 관리
- 유관 부서 및 외부 협력 대상과 실무 조율
- 현장·시스템·자료에서 발생한 이슈 분석 및 조치
- 운영 기준과 체크리스트 개선
- 결과 데이터 또는 피드백을 반영한 품질 개선","- 경력 5년 이상 조건에 맞는 관련 실무 경험 또는 역량 보유
- AI API, 서비스 화면, 데이터 연동, 사용성 지표에 필요한 도구·절차를 이해하고 실무 적용이 가능한 분
- 업무 내용을 정확히 기록하고 일정에 맞춰 결과물을 제출할 수 있는 분
- 유관 부서와 원활하게 소통하며 협업할 수 있는 분
- 근무지 출퇴근 및 직무 수행이 가능한 분","- 정보처리기사 보유자
- 빅데이터분석기사 보유자
- AI API, 서비스 화면, 데이터 연동, 사용성 지표 관련 프로젝트 또는 현장 수행 경험
- 업무용 문서·보고서 작성 및 이력 관리 경험
- 유관 부서·외부 협력사와의 일정 조율 경험","- 지원서 또는 제출서류를 허위로 기재한 경우
- 채용 과정에서 요구한 증빙서류를 제출하지 못한 경우
- 채용검진 결과 직무 수행이 어렵다고 판단되는 경우
- 해외여행 및 근무에 결격사유가 있는 경우
- 관련 법령 또는 내부 인사규정상 채용이 불가능한 경우",서류전형 > 직무과제 > 실무면접 > 처우협의
2388,AI서비스개발자 담당자 공개채용,45,239,20260503,20260521,14,신입·경력,계약직,충청남도,학력무관,"AI서비스개발자 포지션은 AI 기능을 사용자 서비스로 설계·개발·운영 역할입니다. 담당 업무의 목표와 우선순위를 명확히 설정하고, 일정과 품질 기준을 함께 관리합니다.

AI API, 서비스 화면, 데이터 연동, 사용성 지표를 중심으로 실무를 수행하며, 요구사항과 결과물을 문서화해 업무 흐름이 누락되지 않도록 합니다.

기획·운영·현장 담당자 및 외부 협력 파트너와 수시로 협업합니다. 변경 사항은 영향 범위를 검토한 뒤 대안을 제시하고 합의된 방식으로 반영합니다.

문제 발생 시 사실관계와 원인을 먼저 확인하고, 재발 방지 방안을 업무 절차에 반영합니다. 입사 후에는 담당 영역의 실행력을 높이고, 정확성·일정 준수·이용자 관점의 완성도를 중요한 기준으로 삼습니다.","- AI API, 서비스 화면, 데이터 연동, 사용성 지표 관련 업무 계획 수립 및 실행
- 담당 과제의 일정·진행 현황 관리
- 업무 산출물 작성 및 검토 이력 관리
- 유관 부서 및 외부 협력 대상과 실무 조율
- 현장·시스템·자료에서 발생한 이슈 분석 및 조치
- 운영 기준과 체크리스트 개선
- 결과 데이터 또는 피드백을 반영한 품질 개선","- 신입·경력 조건에 맞는 관련 실무 경험 또는 역량 보유
- AI API, 서비스 화면, 데이터 연동, 사용성 지표에 필요한 도구·절차를 이해하고 실무 적용이 가능한 분
- 업무 내용을 정확히 기록하고 일정에 맞춰 결과물을 제출할 수 있는 분
- 유관 부서와 원활하게 소통하며 협업할 수 있는 분
- 근무지 출퇴근 및 직무 수행이 가능한 분","- 정보처리기사 보유자
- 빅데이터분석기사 보유자
- AI API, 서비스 화면, 데이터 연동, 사용성 지표 관련 프로젝트 또는 현장 수행 경험
- 업무용 문서·보고서 작성 및 이력 관리 경험
- 유관 부서·외부 협력사와의 일정 조율 경험","- 지원서 또는 제출서류를 허위로 기재한 경우
- 채용 과정에서 요구한 증빙서류를 제출하지 못한 경우
- 채용검진 결과 직무 수행이 어렵다고 판단되는 경우
- 해외여행 및 근무에 결격사유가 있는 경우
- 관련 법령 또는 내부 인사규정상 채용이 불가능한 경우",서류전형 > 1차면접 > 2차면접 > 채용검진
2389,AI서비스개발자 정규직 모집,30,239,20260608,20260629,16,경력 2년 이상,정규직,경상남도,학사 이상,"AI서비스개발자 포지션은 AI 기능을 사용자 서비스로 설계·개발·운영 역할입니다. 담당 업무의 목표와 우선순위를 명확히 설정하고, 일정과 품질 기준을 함께 관리합니다.

AI API, 서비스 화면, 데이터 연동, 사용성 지표를 중심으로 실무를 수행하며, 요구사항과 결과물을 문서화해 업무 흐름이 누락되지 않도록 합니다.

기획·운영·현장 담당자 및 외부 협력 파트너와 수시로 협업합니다. 변경 사항은 영향 범위를 검토한 뒤 대안을 제시하고 합의된 방식으로 반영합니다.

문제 발생 시 사실관계와 원인을 먼저 확인하고, 재발 방지 방안을 업무 절차에 반영합니다. 입사 후에는 담당 영역의 실행력을 높이고, 정확성·일정 준수·이용자 관점의 완성도를 중요한 기준으로 삼습니다.","- AI API, 서비스 화면, 데이터 연동, 사용성 지표 관련 업무 계획 수립 및 실행
- 담당 과제의 일정·진행 현황 관리
- 업무 산출물 작성 및 검토 이력 관리
- 유관 부서 및 외부 협력 대상과 실무 조율
- 현장·시스템·자료에서 발생한 이슈 분석 및 조치
- 운영 기준과 체크리스트 개선
- 결과 데이터 또는 피드백을 반영한 품질 개선","- 경력 2년 이상 조건에 맞는 관련 실무 경험 또는 역량 보유
- AI API, 서비스 화면, 데이터 연동, 사용성 지표에 필요한 도구·절차를 이해하고 실무 적용이 가능한 분
- 업무 내용을 정확히 기록하고 일정에 맞춰 결과물을 제출할 수 있는 분
- 유관 부서와 원활하게 소통하며 협업할 수 있는 분
- 근무지 출퇴근 및 직무 수행이 가능한 분","- 정보처리기사 보유자
- 빅데이터분석기사 보유자
- AI API, 서비스 화면, 데이터 연동, 사용성 지표 관련 프로젝트 또는 현장 수행 경험
- 업무용 문서·보고서 작성 및 이력 관리 경험
- 유관 부서·외부 협력사와의 일정 조율 경험","- 지원서 또는 제출서류를 허위로 기재한 경우
- 채용 과정에서 요구한 증빙서류를 제출하지 못한 경우
- 채용검진 결과 직무 수행이 어렵다고 판단되는 경우
- 해외여행 및 근무에 결격사유가 있는 경우
- 관련 법령 또는 내부 인사규정상 채용이 불가능한 경우",서류전형 > 실무면접 > 최종면접
2390,AI서비스개발자 채용,32,239,20260713,20260806,18,경력,정규직,전북특별자치도,전문학사 이상,"AI서비스개발자 포지션은 AI 기능을 사용자 서비스로 설계·개발·운영 역할입니다. 담당 업무의 목표와 우선순위를 명확히 설정하고, 일정과 품질 기준을 함께 관리합니다.

AI API, 서비스 화면, 데이터 연동, 사용성 지표를 중심으로 실무를 수행하며, 요구사항과 결과물을 문서화해 업무 흐름이 누락되지 않도록 합니다.

기획·운영·현장 담당자 및 외부 협력 파트너와 수시로 협업합니다. 변경 사항은 영향 범위를 검토한 뒤 대안을 제시하고 합의된 방식으로 반영합니다.

문제 발생 시 사실관계와 원인을 먼저 확인하고, 재발 방지 방안을 업무 절차에 반영합니다. 입사 후에는 담당 영역의 실행력을 높이고, 정확성·일정 준수·이용자 관점의 완성도를 중요한 기준으로 삼습니다.","- AI API, 서비스 화면, 데이터 연동, 사용성 지표 관련 업무 계획 수립 및 실행
- 담당 과제의 일정·진행 현황 관리
- 업무 산출물 작성 및 검토 이력 관리
- 유관 부서 및 외부 협력 대상과 실무 조율
- 현장·시스템·자료에서 발생한 이슈 분석 및 조치
- 운영 기준과 체크리스트 개선
- 결과 데이터 또는 피드백을 반영한 품질 개선","- 경력 조건에 맞는 관련 실무 경험 또는 역량 보유
- AI API, 서비스 화면, 데이터 연동, 사용성 지표에 필요한 도구·절차를 이해하고 실무 적용이 가능한 분
- 업무 내용을 정확히 기록하고 일정에 맞춰 결과물을 제출할 수 있는 분
- 유관 부서와 원활하게 소통하며 협업할 수 있는 분
- 근무지 출퇴근 및 직무 수행이 가능한 분","- 정보처리기사 보유자
- 빅데이터분석기사 보유자
- AI API, 서비스 화면, 데이터 연동, 사용성 지표 관련 프로젝트 또는 현장 수행 경험
- 업무용 문서·보고서 작성 및 이력 관리 경험
- 유관 부서·외부 협력사와의 일정 조율 경험","- 지원서 또는 제출서류를 허위로 기재한 경우
- 채용 과정에서 요구한 증빙서류를 제출하지 못한 경우
- 채용검진 결과 직무 수행이 어렵다고 판단되는 경우
- 해외여행 및 근무에 결격사유가 있는 경우
- 관련 법령 또는 내부 인사규정상 채용이 불가능한 경우",서류전형 > 인성검사 > 실무면접 > 최종면접
