job_posting_id,title,company_id,job_role_id,start_ymd,end_ymd,headcount,career_type,hire_type,region,edu_level,position_detail,main_duty,qualification,preference,disqualify_reason,process
1221,전기·전자엔지니어 모집,29,123,20260410,20260505,4,신입,정규직,전북특별자치도,전문학사 이상,"본 포지션은 전기·전자엔지니어 업무를 담당하며, 현장의 요구사항을 정확히 파악해 안정적인 결과를 만드는 역할입니다.

엔지니어링·설계 분야의 실무 기준과 절차에 따라 계획 수립부터 실행, 결과 확인까지 전 과정에 참여합니다.

업무 과정에서 발생하는 이슈를 데이터와 기록에 근거해 분석하고, 유관 부서와 협의하여 개선합니다.

입사 후에는 표준 절차와 내부 시스템 교육을 이수하며, 숙련도에 따라 담당 범위가 확대됩니다.

정확성, 안전, 책임 있는 의사소통을 중시하며 실무 중심의 협업 역량을 기대합니다.","- 회로 및 전장 설계 검토
- EMC·전기안전 시험 대응
- 기술 문서와 변경 이력 관리
- 협력사 기술 대응 및 부품 검토
- 안전·품질 기준 준수 여부 확인
- 제품·시스템 요구사항 분석 및 기술 검토
- 설계 사양서와 도면 작성·개정
- 시제품 제작 및 성능 시험","- 협업 부서와 원활하게 소통할 수 있는 분
- 기본적인 문서 작성 및 데이터 분석 역량
- 해외여행 및 현장 근무에 결격사유가 없는 분
- 관련 공학계열 전공 또는 동등한 실무 역량
- 도면과 기술 문서를 이해할 수 있는 분
- 문제 원인을 논리적으로 분석할 수 있는 분","- 전기기사 보유자
- 전자기사 보유자
- 제품 개발 전 과정 참여 경험
- 영어 기술 문서 독해 가능자
- 품질시스템 또는 안전규격 대응 경험","- 지원서 또는 제출서류를 허위로 기재한 경우
- 채용검진 결과 직무 수행이 어렵다고 판단되는 경우
- 해외여행 및 근무에 결격사유가 있는 경우
- 관련 법령 또는 내부 인사규정상 채용이 불가능한 경우",서류전형 > 1차면접 > 2차면접 > 채용검진
1222,전기·전자엔지니어 채용,35,123,20260615,20260717,8,경력,정규직,전라남도,학사 이상,"본 포지션은 전기·전자엔지니어 업무를 담당하며, 현장의 요구사항을 정확히 파악해 안정적인 결과를 만드는 역할입니다.

엔지니어링·설계 분야의 실무 기준과 절차에 따라 계획 수립부터 실행, 결과 확인까지 전 과정에 참여합니다.

업무 과정에서 발생하는 이슈를 데이터와 기록에 근거해 분석하고, 유관 부서와 협의하여 개선합니다.

입사 후에는 표준 절차와 내부 시스템 교육을 이수하며, 숙련도에 따라 담당 범위가 확대됩니다.

정확성, 안전, 책임 있는 의사소통을 중시하며 실무 중심의 협업 역량을 기대합니다.","- 회로 및 전장 설계 검토
- EMC·전기안전 시험 대응
- 제품·시스템 요구사항 분석 및 기술 검토
- 설계 사양서와 도면 작성·개정
- 시제품 제작 및 성능 시험
- 시험 결과 분석과 개선안 도출
- 유관 부서와 일정·품질 협업
- 기술 문서와 변경 이력 관리","- 관련 공학계열 전공 또는 동등한 실무 역량
- 도면과 기술 문서를 이해할 수 있는 분
- 문제 원인을 논리적으로 분석할 수 있는 분
- 협업 부서와 원활하게 소통할 수 있는 분
- 기본적인 문서 작성 및 데이터 분석 역량
- 해외여행 및 현장 근무에 결격사유가 없는 분","- 전자기사 보유자
- 전기공사기사 보유자
- CAD·CAE 또는 계측 도구 활용 경험
- 제품 개발 전 과정 참여 경험
- 영어 기술 문서 독해 가능자","- 지원서 또는 제출서류를 허위로 기재한 경우
- 채용검진 결과 직무 수행이 어렵다고 판단되는 경우
- 해외여행 및 근무에 결격사유가 있는 경우
- 관련 법령 또는 내부 인사규정상 채용이 불가능한 경우",서류전형 > 필기전형 > 면접전형 > 최종합격
1223,전기·전자엔지니어 담당자 모집,123,123,20260820,20260928,12,신입·경력,계약직,경상북도,학사 이상,"본 포지션은 전기·전자엔지니어 업무를 담당하며, 현장의 요구사항을 정확히 파악해 안정적인 결과를 만드는 역할입니다.

엔지니어링·설계 분야의 실무 기준과 절차에 따라 계획 수립부터 실행, 결과 확인까지 전 과정에 참여합니다.

업무 과정에서 발생하는 이슈를 데이터와 기록에 근거해 분석하고, 유관 부서와 협의하여 개선합니다.

입사 후에는 표준 절차와 내부 시스템 교육을 이수하며, 숙련도에 따라 담당 범위가 확대됩니다.

정확성, 안전, 책임 있는 의사소통을 중시하며 실무 중심의 협업 역량을 기대합니다.","- 회로 및 전장 설계 검토
- EMC·전기안전 시험 대응
- 시험 결과 분석과 개선안 도출
- 유관 부서와 일정·품질 협업
- 기술 문서와 변경 이력 관리
- 협력사 기술 대응 및 부품 검토
- 안전·품질 기준 준수 여부 확인
- 제품·시스템 요구사항 분석 및 기술 검토","- 협업 부서와 원활하게 소통할 수 있는 분
- 기본적인 문서 작성 및 데이터 분석 역량
- 해외여행 및 현장 근무에 결격사유가 없는 분
- 관련 공학계열 전공 또는 동등한 실무 역량
- 도면과 기술 문서를 이해할 수 있는 분
- 문제 원인을 논리적으로 분석할 수 있는 분","- 전기공사기사 보유자
- 전기기사 보유자
- 품질시스템 또는 안전규격 대응 경험
- CAD·CAE 또는 계측 도구 활용 경험
- 제품 개발 전 과정 참여 경험","- 지원서 또는 제출서류를 허위로 기재한 경우
- 채용검진 결과 직무 수행이 어렵다고 판단되는 경우
- 해외여행 및 근무에 결격사유가 있는 경우
- 관련 법령 또는 내부 인사규정상 채용이 불가능한 경우",서류전형 > 실무면접 > 최종면접
1224,전기·전자엔지니어 인재 채용,34,123,20261001,20261011,16,경력 2년 이상,무기계약직,경상남도,전문학사 이상,"본 포지션은 전기·전자엔지니어 업무를 담당하며, 현장의 요구사항을 정확히 파악해 안정적인 결과를 만드는 역할입니다.

엔지니어링·설계 분야의 실무 기준과 절차에 따라 계획 수립부터 실행, 결과 확인까지 전 과정에 참여합니다.

업무 과정에서 발생하는 이슈를 데이터와 기록에 근거해 분석하고, 유관 부서와 협의하여 개선합니다.

입사 후에는 표준 절차와 내부 시스템 교육을 이수하며, 숙련도에 따라 담당 범위가 확대됩니다.

정확성, 안전, 책임 있는 의사소통을 중시하며 실무 중심의 협업 역량을 기대합니다.","- 회로 및 전장 설계 검토
- EMC·전기안전 시험 대응
- 협력사 기술 대응 및 부품 검토
- 안전·품질 기준 준수 여부 확인
- 제품·시스템 요구사항 분석 및 기술 검토
- 설계 사양서와 도면 작성·개정
- 시제품 제작 및 성능 시험
- 시험 결과 분석과 개선안 도출","- 관련 공학계열 전공 또는 동등한 실무 역량
- 도면과 기술 문서를 이해할 수 있는 분
- 문제 원인을 논리적으로 분석할 수 있는 분
- 협업 부서와 원활하게 소통할 수 있는 분
- 기본적인 문서 작성 및 데이터 분석 역량
- 해외여행 및 현장 근무에 결격사유가 없는 분","- 전기기사 보유자
- 전자기사 보유자
- 영어 기술 문서 독해 가능자
- 품질시스템 또는 안전규격 대응 경험
- CAD·CAE 또는 계측 도구 활용 경험","- 지원서 또는 제출서류를 허위로 기재한 경우
- 채용검진 결과 직무 수행이 어렵다고 판단되는 경우
- 해외여행 및 근무에 결격사유가 있는 경우
- 관련 법령 또는 내부 인사규정상 채용이 불가능한 경우",서류전형 > 인성검사 > 실무면접 > 최종면접
1225,전기·전자엔지니어 실무자 모집,16,123,20260206,20260223,20,경력 3년 이상,정규직,제주특별자치도,학사 이상,"본 포지션은 전기·전자엔지니어 업무를 담당하며, 현장의 요구사항을 정확히 파악해 안정적인 결과를 만드는 역할입니다.

엔지니어링·설계 분야의 실무 기준과 절차에 따라 계획 수립부터 실행, 결과 확인까지 전 과정에 참여합니다.

업무 과정에서 발생하는 이슈를 데이터와 기록에 근거해 분석하고, 유관 부서와 협의하여 개선합니다.

입사 후에는 표준 절차와 내부 시스템 교육을 이수하며, 숙련도에 따라 담당 범위가 확대됩니다.

정확성, 안전, 책임 있는 의사소통을 중시하며 실무 중심의 협업 역량을 기대합니다.","- 회로 및 전장 설계 검토
- EMC·전기안전 시험 대응
- 설계 사양서와 도면 작성·개정
- 시제품 제작 및 성능 시험
- 시험 결과 분석과 개선안 도출
- 유관 부서와 일정·품질 협업
- 기술 문서와 변경 이력 관리
- 협력사 기술 대응 및 부품 검토","- 협업 부서와 원활하게 소통할 수 있는 분
- 기본적인 문서 작성 및 데이터 분석 역량
- 해외여행 및 현장 근무에 결격사유가 없는 분
- 관련 공학계열 전공 또는 동등한 실무 역량
- 도면과 기술 문서를 이해할 수 있는 분
- 문제 원인을 논리적으로 분석할 수 있는 분","- 전자기사 보유자
- 전기공사기사 보유자
- 제품 개발 전 과정 참여 경험
- 영어 기술 문서 독해 가능자
- 품질시스템 또는 안전규격 대응 경험","- 지원서 또는 제출서류를 허위로 기재한 경우
- 채용검진 결과 직무 수행이 어렵다고 판단되는 경우
- 해외여행 및 근무에 결격사유가 있는 경우
- 관련 법령 또는 내부 인사규정상 채용이 불가능한 경우",서류전형 > 직무과제 > 실무면접 > 처우협의
1226,전기·전자엔지니어 전문인력 채용,60,123,20260411,20260505,4,경력 무관,정규직,서울특별시,학사 이상,"본 포지션은 전기·전자엔지니어 업무를 담당하며, 현장의 요구사항을 정확히 파악해 안정적인 결과를 만드는 역할입니다.

엔지니어링·설계 분야의 실무 기준과 절차에 따라 계획 수립부터 실행, 결과 확인까지 전 과정에 참여합니다.

업무 과정에서 발생하는 이슈를 데이터와 기록에 근거해 분석하고, 유관 부서와 협의하여 개선합니다.

입사 후에는 표준 절차와 내부 시스템 교육을 이수하며, 숙련도에 따라 담당 범위가 확대됩니다.

정확성, 안전, 책임 있는 의사소통을 중시하며 실무 중심의 협업 역량을 기대합니다.","- 회로 및 전장 설계 검토
- EMC·전기안전 시험 대응
- 유관 부서와 일정·품질 협업
- 기술 문서와 변경 이력 관리
- 협력사 기술 대응 및 부품 검토
- 안전·품질 기준 준수 여부 확인
- 제품·시스템 요구사항 분석 및 기술 검토
- 설계 사양서와 도면 작성·개정","- 관련 공학계열 전공 또는 동등한 실무 역량
- 도면과 기술 문서를 이해할 수 있는 분
- 문제 원인을 논리적으로 분석할 수 있는 분
- 협업 부서와 원활하게 소통할 수 있는 분
- 기본적인 문서 작성 및 데이터 분석 역량
- 해외여행 및 현장 근무에 결격사유가 없는 분","- 전기공사기사 보유자
- 전기기사 보유자
- CAD·CAE 또는 계측 도구 활용 경험
- 제품 개발 전 과정 참여 경험
- 영어 기술 문서 독해 가능자","- 지원서 또는 제출서류를 허위로 기재한 경우
- 채용검진 결과 직무 수행이 어렵다고 판단되는 경우
- 해외여행 및 근무에 결격사유가 있는 경우
- 관련 법령 또는 내부 인사규정상 채용이 불가능한 경우",서류전형 > 1차면접 > 2차면접 > 채용검진
1227,전기·전자엔지니어 운영인력 모집,98,123,20260616,20260717,8,경력 5년 이상,계약직,부산광역시,전문학사 이상,"본 포지션은 전기·전자엔지니어 업무를 담당하며, 현장의 요구사항을 정확히 파악해 안정적인 결과를 만드는 역할입니다.

엔지니어링·설계 분야의 실무 기준과 절차에 따라 계획 수립부터 실행, 결과 확인까지 전 과정에 참여합니다.

업무 과정에서 발생하는 이슈를 데이터와 기록에 근거해 분석하고, 유관 부서와 협의하여 개선합니다.

입사 후에는 표준 절차와 내부 시스템 교육을 이수하며, 숙련도에 따라 담당 범위가 확대됩니다.

정확성, 안전, 책임 있는 의사소통을 중시하며 실무 중심의 협업 역량을 기대합니다.","- 회로 및 전장 설계 검토
- EMC·전기안전 시험 대응
- 안전·품질 기준 준수 여부 확인
- 제품·시스템 요구사항 분석 및 기술 검토
- 설계 사양서와 도면 작성·개정
- 시제품 제작 및 성능 시험
- 시험 결과 분석과 개선안 도출
- 유관 부서와 일정·품질 협업","- 협업 부서와 원활하게 소통할 수 있는 분
- 기본적인 문서 작성 및 데이터 분석 역량
- 해외여행 및 현장 근무에 결격사유가 없는 분
- 관련 공학계열 전공 또는 동등한 실무 역량
- 도면과 기술 문서를 이해할 수 있는 분
- 문제 원인을 논리적으로 분석할 수 있는 분","- 전기기사 보유자
- 전자기사 보유자
- 품질시스템 또는 안전규격 대응 경험
- CAD·CAE 또는 계측 도구 활용 경험
- 제품 개발 전 과정 참여 경험","- 지원서 또는 제출서류를 허위로 기재한 경우
- 채용검진 결과 직무 수행이 어렵다고 판단되는 경우
- 해외여행 및 근무에 결격사유가 있는 경우
- 관련 법령 또는 내부 인사규정상 채용이 불가능한 경우",서류전형 > 필기전형 > 면접전형 > 최종합격
1228,전기·전자엔지니어 프로젝트 인력 채용,21,123,20260821,20260928,12,신입,무기계약직,인천광역시,학사 이상,"본 포지션은 전기·전자엔지니어 업무를 담당하며, 현장의 요구사항을 정확히 파악해 안정적인 결과를 만드는 역할입니다.

엔지니어링·설계 분야의 실무 기준과 절차에 따라 계획 수립부터 실행, 결과 확인까지 전 과정에 참여합니다.

업무 과정에서 발생하는 이슈를 데이터와 기록에 근거해 분석하고, 유관 부서와 협의하여 개선합니다.

입사 후에는 표준 절차와 내부 시스템 교육을 이수하며, 숙련도에 따라 담당 범위가 확대됩니다.

정확성, 안전, 책임 있는 의사소통을 중시하며 실무 중심의 협업 역량을 기대합니다.","- 회로 및 전장 설계 검토
- EMC·전기안전 시험 대응
- 시제품 제작 및 성능 시험
- 시험 결과 분석과 개선안 도출
- 유관 부서와 일정·품질 협업
- 기술 문서와 변경 이력 관리
- 협력사 기술 대응 및 부품 검토
- 안전·품질 기준 준수 여부 확인","- 관련 공학계열 전공 또는 동등한 실무 역량
- 도면과 기술 문서를 이해할 수 있는 분
- 문제 원인을 논리적으로 분석할 수 있는 분
- 협업 부서와 원활하게 소통할 수 있는 분
- 기본적인 문서 작성 및 데이터 분석 역량
- 해외여행 및 현장 근무에 결격사유가 없는 분","- 전자기사 보유자
- 전기공사기사 보유자
- 영어 기술 문서 독해 가능자
- 품질시스템 또는 안전규격 대응 경험
- CAD·CAE 또는 계측 도구 활용 경험","- 지원서 또는 제출서류를 허위로 기재한 경우
- 채용검진 결과 직무 수행이 어렵다고 판단되는 경우
- 해외여행 및 근무에 결격사유가 있는 경우
- 관련 법령 또는 내부 인사규정상 채용이 불가능한 경우",서류전형 > 실무면접 > 최종면접
1229,전기·전자엔지니어 직무 채용,78,123,20261002,20261116,16,경력,정규직,대전광역시,학사 이상,"본 포지션은 전기·전자엔지니어 업무를 담당하며, 현장의 요구사항을 정확히 파악해 안정적인 결과를 만드는 역할입니다.

엔지니어링·설계 분야의 실무 기준과 절차에 따라 계획 수립부터 실행, 결과 확인까지 전 과정에 참여합니다.

업무 과정에서 발생하는 이슈를 데이터와 기록에 근거해 분석하고, 유관 부서와 협의하여 개선합니다.

입사 후에는 표준 절차와 내부 시스템 교육을 이수하며, 숙련도에 따라 담당 범위가 확대됩니다.

정확성, 안전, 책임 있는 의사소통을 중시하며 실무 중심의 협업 역량을 기대합니다.","- 회로 및 전장 설계 검토
- EMC·전기안전 시험 대응
- 기술 문서와 변경 이력 관리
- 협력사 기술 대응 및 부품 검토
- 안전·품질 기준 준수 여부 확인
- 제품·시스템 요구사항 분석 및 기술 검토
- 설계 사양서와 도면 작성·개정
- 시제품 제작 및 성능 시험","- 협업 부서와 원활하게 소통할 수 있는 분
- 기본적인 문서 작성 및 데이터 분석 역량
- 해외여행 및 현장 근무에 결격사유가 없는 분
- 관련 공학계열 전공 또는 동등한 실무 역량
- 도면과 기술 문서를 이해할 수 있는 분
- 문제 원인을 논리적으로 분석할 수 있는 분","- 전기공사기사 보유자
- 전기기사 보유자
- 제품 개발 전 과정 참여 경험
- 영어 기술 문서 독해 가능자
- 품질시스템 또는 안전규격 대응 경험","- 지원서 또는 제출서류를 허위로 기재한 경우
- 채용검진 결과 직무 수행이 어렵다고 판단되는 경우
- 해외여행 및 근무에 결격사유가 있는 경우
- 관련 법령 또는 내부 인사규정상 채용이 불가능한 경우",서류전형 > 인성검사 > 실무면접 > 최종면접
1230,전기·전자엔지니어 부문 모집,36,123,20260207,20260223,20,신입·경력,정규직,광주광역시,전문학사 이상,"본 포지션은 전기·전자엔지니어 업무를 담당하며, 현장의 요구사항을 정확히 파악해 안정적인 결과를 만드는 역할입니다.

엔지니어링·설계 분야의 실무 기준과 절차에 따라 계획 수립부터 실행, 결과 확인까지 전 과정에 참여합니다.

업무 과정에서 발생하는 이슈를 데이터와 기록에 근거해 분석하고, 유관 부서와 협의하여 개선합니다.

입사 후에는 표준 절차와 내부 시스템 교육을 이수하며, 숙련도에 따라 담당 범위가 확대됩니다.

정확성, 안전, 책임 있는 의사소통을 중시하며 실무 중심의 협업 역량을 기대합니다.","- 회로 및 전장 설계 검토
- EMC·전기안전 시험 대응
- 제품·시스템 요구사항 분석 및 기술 검토
- 설계 사양서와 도면 작성·개정
- 시제품 제작 및 성능 시험
- 시험 결과 분석과 개선안 도출
- 유관 부서와 일정·품질 협업
- 기술 문서와 변경 이력 관리","- 관련 공학계열 전공 또는 동등한 실무 역량
- 도면과 기술 문서를 이해할 수 있는 분
- 문제 원인을 논리적으로 분석할 수 있는 분
- 협업 부서와 원활하게 소통할 수 있는 분
- 기본적인 문서 작성 및 데이터 분석 역량
- 해외여행 및 현장 근무에 결격사유가 없는 분","- 전기기사 보유자
- 전자기사 보유자
- CAD·CAE 또는 계측 도구 활용 경험
- 제품 개발 전 과정 참여 경험
- 영어 기술 문서 독해 가능자","- 지원서 또는 제출서류를 허위로 기재한 경우
- 채용검진 결과 직무 수행이 어렵다고 판단되는 경우
- 해외여행 및 근무에 결격사유가 있는 경우
- 관련 법령 또는 내부 인사규정상 채용이 불가능한 경우",서류전형 > 직무과제 > 실무면접 > 처우협의
1231,기계엔지니어 모집,36,124,20260513,20260608,5,신입,정규직,전라남도,전문학사 이상,"본 포지션은 기계엔지니어 업무를 담당하며, 현장의 요구사항을 정확히 파악해 안정적인 결과를 만드는 역할입니다.

엔지니어링·설계 분야의 실무 기준과 절차에 따라 계획 수립부터 실행, 결과 확인까지 전 과정에 참여합니다.

업무 과정에서 발생하는 이슈를 데이터와 기록에 근거해 분석하고, 유관 부서와 협의하여 개선합니다.

입사 후에는 표준 절차와 내부 시스템 교육을 이수하며, 숙련도에 따라 담당 범위가 확대됩니다.

정확성, 안전, 책임 있는 의사소통을 중시하며 실무 중심의 협업 역량을 기대합니다.","- 기구 설계와 공차 검토
- 구조·열 해석 결과 검증
- 유관 부서와 일정·품질 협업
- 기술 문서와 변경 이력 관리
- 협력사 기술 대응 및 부품 검토
- 안전·품질 기준 준수 여부 확인
- 제품·시스템 요구사항 분석 및 기술 검토
- 설계 사양서와 도면 작성·개정","- 기본적인 문서 작성 및 데이터 분석 역량
- 해외여행 및 현장 근무에 결격사유가 없는 분
- 관련 공학계열 전공 또는 동등한 실무 역량
- 도면과 기술 문서를 이해할 수 있는 분
- 문제 원인을 논리적으로 분석할 수 있는 분
- 협업 부서와 원활하게 소통할 수 있는 분","- 일반기계기사 보유자
- 기계설계기사 보유자
- CAD·CAE 또는 계측 도구 활용 경험
- 제품 개발 전 과정 참여 경험
- 영어 기술 문서 독해 가능자","- 지원서 또는 제출서류를 허위로 기재한 경우
- 채용검진 결과 직무 수행이 어렵다고 판단되는 경우
- 해외여행 및 근무에 결격사유가 있는 경우
- 관련 법령 또는 내부 인사규정상 채용이 불가능한 경우",서류전형 > 필기전형 > 면접전형 > 최종합격
1232,기계엔지니어 채용,2,124,20260718,20260820,9,경력,정규직,경상북도,학사 이상,"본 포지션은 기계엔지니어 업무를 담당하며, 현장의 요구사항을 정확히 파악해 안정적인 결과를 만드는 역할입니다.

엔지니어링·설계 분야의 실무 기준과 절차에 따라 계획 수립부터 실행, 결과 확인까지 전 과정에 참여합니다.

업무 과정에서 발생하는 이슈를 데이터와 기록에 근거해 분석하고, 유관 부서와 협의하여 개선합니다.

입사 후에는 표준 절차와 내부 시스템 교육을 이수하며, 숙련도에 따라 담당 범위가 확대됩니다.

정확성, 안전, 책임 있는 의사소통을 중시하며 실무 중심의 협업 역량을 기대합니다.","- 기구 설계와 공차 검토
- 구조·열 해석 결과 검증
- 안전·품질 기준 준수 여부 확인
- 제품·시스템 요구사항 분석 및 기술 검토
- 설계 사양서와 도면 작성·개정
- 시제품 제작 및 성능 시험
- 시험 결과 분석과 개선안 도출
- 유관 부서와 일정·품질 협업","- 도면과 기술 문서를 이해할 수 있는 분
- 문제 원인을 논리적으로 분석할 수 있는 분
- 협업 부서와 원활하게 소통할 수 있는 분
- 기본적인 문서 작성 및 데이터 분석 역량
- 해외여행 및 현장 근무에 결격사유가 없는 분
- 관련 공학계열 전공 또는 동등한 실무 역량","- 기계설계기사 보유자
- 공조냉동기계기사 보유자
- 품질시스템 또는 안전규격 대응 경험
- CAD·CAE 또는 계측 도구 활용 경험
- 제품 개발 전 과정 참여 경험","- 지원서 또는 제출서류를 허위로 기재한 경우
- 채용검진 결과 직무 수행이 어렵다고 판단되는 경우
- 해외여행 및 근무에 결격사유가 있는 경우
- 관련 법령 또는 내부 인사규정상 채용이 불가능한 경우",서류전형 > 실무면접 > 최종면접
1233,기계엔지니어 담당자 모집,55,124,20260923,20261102,13,신입·경력,계약직,경상남도,학사 이상,"본 포지션은 기계엔지니어 업무를 담당하며, 현장의 요구사항을 정확히 파악해 안정적인 결과를 만드는 역할입니다.

엔지니어링·설계 분야의 실무 기준과 절차에 따라 계획 수립부터 실행, 결과 확인까지 전 과정에 참여합니다.

업무 과정에서 발생하는 이슈를 데이터와 기록에 근거해 분석하고, 유관 부서와 협의하여 개선합니다.

입사 후에는 표준 절차와 내부 시스템 교육을 이수하며, 숙련도에 따라 담당 범위가 확대됩니다.

정확성, 안전, 책임 있는 의사소통을 중시하며 실무 중심의 협업 역량을 기대합니다.","- 기구 설계와 공차 검토
- 구조·열 해석 결과 검증
- 시제품 제작 및 성능 시험
- 시험 결과 분석과 개선안 도출
- 유관 부서와 일정·품질 협업
- 기술 문서와 변경 이력 관리
- 협력사 기술 대응 및 부품 검토
- 안전·품질 기준 준수 여부 확인","- 기본적인 문서 작성 및 데이터 분석 역량
- 해외여행 및 현장 근무에 결격사유가 없는 분
- 관련 공학계열 전공 또는 동등한 실무 역량
- 도면과 기술 문서를 이해할 수 있는 분
- 문제 원인을 논리적으로 분석할 수 있는 분
- 협업 부서와 원활하게 소통할 수 있는 분","- 공조냉동기계기사 보유자
- 일반기계기사 보유자
- 영어 기술 문서 독해 가능자
- 품질시스템 또는 안전규격 대응 경험
- CAD·CAE 또는 계측 도구 활용 경험","- 지원서 또는 제출서류를 허위로 기재한 경우
- 채용검진 결과 직무 수행이 어렵다고 판단되는 경우
- 해외여행 및 근무에 결격사유가 있는 경우
- 관련 법령 또는 내부 인사규정상 채용이 불가능한 경우",서류전형 > 인성검사 > 실무면접 > 최종면접
1234,기계엔지니어 인재 채용,129,124,20260104,20260115,17,경력 2년 이상,무기계약직,제주특별자치도,전문학사 이상,"본 포지션은 기계엔지니어 업무를 담당하며, 현장의 요구사항을 정확히 파악해 안정적인 결과를 만드는 역할입니다.

엔지니어링·설계 분야의 실무 기준과 절차에 따라 계획 수립부터 실행, 결과 확인까지 전 과정에 참여합니다.

업무 과정에서 발생하는 이슈를 데이터와 기록에 근거해 분석하고, 유관 부서와 협의하여 개선합니다.

입사 후에는 표준 절차와 내부 시스템 교육을 이수하며, 숙련도에 따라 담당 범위가 확대됩니다.

정확성, 안전, 책임 있는 의사소통을 중시하며 실무 중심의 협업 역량을 기대합니다.","- 기구 설계와 공차 검토
- 구조·열 해석 결과 검증
- 기술 문서와 변경 이력 관리
- 협력사 기술 대응 및 부품 검토
- 안전·품질 기준 준수 여부 확인
- 제품·시스템 요구사항 분석 및 기술 검토
- 설계 사양서와 도면 작성·개정
- 시제품 제작 및 성능 시험","- 도면과 기술 문서를 이해할 수 있는 분
- 문제 원인을 논리적으로 분석할 수 있는 분
- 협업 부서와 원활하게 소통할 수 있는 분
- 기본적인 문서 작성 및 데이터 분석 역량
- 해외여행 및 현장 근무에 결격사유가 없는 분
- 관련 공학계열 전공 또는 동등한 실무 역량","- 일반기계기사 보유자
- 기계설계기사 보유자
- 제품 개발 전 과정 참여 경험
- 영어 기술 문서 독해 가능자
- 품질시스템 또는 안전규격 대응 경험","- 지원서 또는 제출서류를 허위로 기재한 경우
- 채용검진 결과 직무 수행이 어렵다고 판단되는 경우
- 해외여행 및 근무에 결격사유가 있는 경우
- 관련 법령 또는 내부 인사규정상 채용이 불가능한 경우",서류전형 > 직무과제 > 실무면접 > 처우협의
1235,기계엔지니어 실무자 모집,19,124,20260309,20260327,1,경력 3년 이상,정규직,서울특별시,학사 이상,"본 포지션은 기계엔지니어 업무를 담당하며, 현장의 요구사항을 정확히 파악해 안정적인 결과를 만드는 역할입니다.

엔지니어링·설계 분야의 실무 기준과 절차에 따라 계획 수립부터 실행, 결과 확인까지 전 과정에 참여합니다.

업무 과정에서 발생하는 이슈를 데이터와 기록에 근거해 분석하고, 유관 부서와 협의하여 개선합니다.

입사 후에는 표준 절차와 내부 시스템 교육을 이수하며, 숙련도에 따라 담당 범위가 확대됩니다.

정확성, 안전, 책임 있는 의사소통을 중시하며 실무 중심의 협업 역량을 기대합니다.","- 기구 설계와 공차 검토
- 구조·열 해석 결과 검증
- 제품·시스템 요구사항 분석 및 기술 검토
- 설계 사양서와 도면 작성·개정
- 시제품 제작 및 성능 시험
- 시험 결과 분석과 개선안 도출
- 유관 부서와 일정·품질 협업
- 기술 문서와 변경 이력 관리","- 기본적인 문서 작성 및 데이터 분석 역량
- 해외여행 및 현장 근무에 결격사유가 없는 분
- 관련 공학계열 전공 또는 동등한 실무 역량
- 도면과 기술 문서를 이해할 수 있는 분
- 문제 원인을 논리적으로 분석할 수 있는 분
- 협업 부서와 원활하게 소통할 수 있는 분","- 기계설계기사 보유자
- 공조냉동기계기사 보유자
- CAD·CAE 또는 계측 도구 활용 경험
- 제품 개발 전 과정 참여 경험
- 영어 기술 문서 독해 가능자","- 지원서 또는 제출서류를 허위로 기재한 경우
- 채용검진 결과 직무 수행이 어렵다고 판단되는 경우
- 해외여행 및 근무에 결격사유가 있는 경우
- 관련 법령 또는 내부 인사규정상 채용이 불가능한 경우",서류전형 > 1차면접 > 2차면접 > 채용검진
1236,기계엔지니어 전문인력 채용,9,124,20260514,20260608,5,경력 무관,정규직,부산광역시,학사 이상,"본 포지션은 기계엔지니어 업무를 담당하며, 현장의 요구사항을 정확히 파악해 안정적인 결과를 만드는 역할입니다.

엔지니어링·설계 분야의 실무 기준과 절차에 따라 계획 수립부터 실행, 결과 확인까지 전 과정에 참여합니다.

업무 과정에서 발생하는 이슈를 데이터와 기록에 근거해 분석하고, 유관 부서와 협의하여 개선합니다.

입사 후에는 표준 절차와 내부 시스템 교육을 이수하며, 숙련도에 따라 담당 범위가 확대됩니다.

정확성, 안전, 책임 있는 의사소통을 중시하며 실무 중심의 협업 역량을 기대합니다.","- 기구 설계와 공차 검토
- 구조·열 해석 결과 검증
- 시험 결과 분석과 개선안 도출
- 유관 부서와 일정·품질 협업
- 기술 문서와 변경 이력 관리
- 협력사 기술 대응 및 부품 검토
- 안전·품질 기준 준수 여부 확인
- 제품·시스템 요구사항 분석 및 기술 검토","- 도면과 기술 문서를 이해할 수 있는 분
- 문제 원인을 논리적으로 분석할 수 있는 분
- 협업 부서와 원활하게 소통할 수 있는 분
- 기본적인 문서 작성 및 데이터 분석 역량
- 해외여행 및 현장 근무에 결격사유가 없는 분
- 관련 공학계열 전공 또는 동등한 실무 역량","- 공조냉동기계기사 보유자
- 일반기계기사 보유자
- 품질시스템 또는 안전규격 대응 경험
- CAD·CAE 또는 계측 도구 활용 경험
- 제품 개발 전 과정 참여 경험","- 지원서 또는 제출서류를 허위로 기재한 경우
- 채용검진 결과 직무 수행이 어렵다고 판단되는 경우
- 해외여행 및 근무에 결격사유가 있는 경우
- 관련 법령 또는 내부 인사규정상 채용이 불가능한 경우",서류전형 > 필기전형 > 면접전형 > 최종합격
1237,기계엔지니어 운영인력 모집,46,124,20260719,20260820,9,경력 5년 이상,계약직,인천광역시,전문학사 이상,"본 포지션은 기계엔지니어 업무를 담당하며, 현장의 요구사항을 정확히 파악해 안정적인 결과를 만드는 역할입니다.

엔지니어링·설계 분야의 실무 기준과 절차에 따라 계획 수립부터 실행, 결과 확인까지 전 과정에 참여합니다.

업무 과정에서 발생하는 이슈를 데이터와 기록에 근거해 분석하고, 유관 부서와 협의하여 개선합니다.

입사 후에는 표준 절차와 내부 시스템 교육을 이수하며, 숙련도에 따라 담당 범위가 확대됩니다.

정확성, 안전, 책임 있는 의사소통을 중시하며 실무 중심의 협업 역량을 기대합니다.","- 기구 설계와 공차 검토
- 구조·열 해석 결과 검증
- 협력사 기술 대응 및 부품 검토
- 안전·품질 기준 준수 여부 확인
- 제품·시스템 요구사항 분석 및 기술 검토
- 설계 사양서와 도면 작성·개정
- 시제품 제작 및 성능 시험
- 시험 결과 분석과 개선안 도출","- 기본적인 문서 작성 및 데이터 분석 역량
- 해외여행 및 현장 근무에 결격사유가 없는 분
- 관련 공학계열 전공 또는 동등한 실무 역량
- 도면과 기술 문서를 이해할 수 있는 분
- 문제 원인을 논리적으로 분석할 수 있는 분
- 협업 부서와 원활하게 소통할 수 있는 분","- 일반기계기사 보유자
- 기계설계기사 보유자
- 영어 기술 문서 독해 가능자
- 품질시스템 또는 안전규격 대응 경험
- CAD·CAE 또는 계측 도구 활용 경험","- 지원서 또는 제출서류를 허위로 기재한 경우
- 채용검진 결과 직무 수행이 어렵다고 판단되는 경우
- 해외여행 및 근무에 결격사유가 있는 경우
- 관련 법령 또는 내부 인사규정상 채용이 불가능한 경우",서류전형 > 실무면접 > 최종면접
1238,기계엔지니어 프로젝트 인력 채용,5,124,20260924,20261102,13,신입,무기계약직,대전광역시,학사 이상,"본 포지션은 기계엔지니어 업무를 담당하며, 현장의 요구사항을 정확히 파악해 안정적인 결과를 만드는 역할입니다.

엔지니어링·설계 분야의 실무 기준과 절차에 따라 계획 수립부터 실행, 결과 확인까지 전 과정에 참여합니다.

업무 과정에서 발생하는 이슈를 데이터와 기록에 근거해 분석하고, 유관 부서와 협의하여 개선합니다.

입사 후에는 표준 절차와 내부 시스템 교육을 이수하며, 숙련도에 따라 담당 범위가 확대됩니다.

정확성, 안전, 책임 있는 의사소통을 중시하며 실무 중심의 협업 역량을 기대합니다.","- 기구 설계와 공차 검토
- 구조·열 해석 결과 검증
- 설계 사양서와 도면 작성·개정
- 시제품 제작 및 성능 시험
- 시험 결과 분석과 개선안 도출
- 유관 부서와 일정·품질 협업
- 기술 문서와 변경 이력 관리
- 협력사 기술 대응 및 부품 검토","- 도면과 기술 문서를 이해할 수 있는 분
- 문제 원인을 논리적으로 분석할 수 있는 분
- 협업 부서와 원활하게 소통할 수 있는 분
- 기본적인 문서 작성 및 데이터 분석 역량
- 해외여행 및 현장 근무에 결격사유가 없는 분
- 관련 공학계열 전공 또는 동등한 실무 역량","- 기계설계기사 보유자
- 공조냉동기계기사 보유자
- 제품 개발 전 과정 참여 경험
- 영어 기술 문서 독해 가능자
- 품질시스템 또는 안전규격 대응 경험","- 지원서 또는 제출서류를 허위로 기재한 경우
- 채용검진 결과 직무 수행이 어렵다고 판단되는 경우
- 해외여행 및 근무에 결격사유가 있는 경우
- 관련 법령 또는 내부 인사규정상 채용이 불가능한 경우",서류전형 > 인성검사 > 실무면접 > 최종면접
1239,기계엔지니어 직무 채용,38,124,20260105,20260115,17,경력,정규직,광주광역시,학사 이상,"본 포지션은 기계엔지니어 업무를 담당하며, 현장의 요구사항을 정확히 파악해 안정적인 결과를 만드는 역할입니다.

엔지니어링·설계 분야의 실무 기준과 절차에 따라 계획 수립부터 실행, 결과 확인까지 전 과정에 참여합니다.

업무 과정에서 발생하는 이슈를 데이터와 기록에 근거해 분석하고, 유관 부서와 협의하여 개선합니다.

입사 후에는 표준 절차와 내부 시스템 교육을 이수하며, 숙련도에 따라 담당 범위가 확대됩니다.

정확성, 안전, 책임 있는 의사소통을 중시하며 실무 중심의 협업 역량을 기대합니다.","- 기구 설계와 공차 검토
- 구조·열 해석 결과 검증
- 유관 부서와 일정·품질 협업
- 기술 문서와 변경 이력 관리
- 협력사 기술 대응 및 부품 검토
- 안전·품질 기준 준수 여부 확인
- 제품·시스템 요구사항 분석 및 기술 검토
- 설계 사양서와 도면 작성·개정","- 기본적인 문서 작성 및 데이터 분석 역량
- 해외여행 및 현장 근무에 결격사유가 없는 분
- 관련 공학계열 전공 또는 동등한 실무 역량
- 도면과 기술 문서를 이해할 수 있는 분
- 문제 원인을 논리적으로 분석할 수 있는 분
- 협업 부서와 원활하게 소통할 수 있는 분","- 공조냉동기계기사 보유자
- 일반기계기사 보유자
- CAD·CAE 또는 계측 도구 활용 경험
- 제품 개발 전 과정 참여 경험
- 영어 기술 문서 독해 가능자","- 지원서 또는 제출서류를 허위로 기재한 경우
- 채용검진 결과 직무 수행이 어렵다고 판단되는 경우
- 해외여행 및 근무에 결격사유가 있는 경우
- 관련 법령 또는 내부 인사규정상 채용이 불가능한 경우",서류전형 > 직무과제 > 실무면접 > 처우협의
1240,기계엔지니어 부문 모집,52,124,20260310,20260327,1,신입·경력,정규직,울산광역시,전문학사 이상,"본 포지션은 기계엔지니어 업무를 담당하며, 현장의 요구사항을 정확히 파악해 안정적인 결과를 만드는 역할입니다.

엔지니어링·설계 분야의 실무 기준과 절차에 따라 계획 수립부터 실행, 결과 확인까지 전 과정에 참여합니다.

업무 과정에서 발생하는 이슈를 데이터와 기록에 근거해 분석하고, 유관 부서와 협의하여 개선합니다.

입사 후에는 표준 절차와 내부 시스템 교육을 이수하며, 숙련도에 따라 담당 범위가 확대됩니다.

정확성, 안전, 책임 있는 의사소통을 중시하며 실무 중심의 협업 역량을 기대합니다.","- 기구 설계와 공차 검토
- 구조·열 해석 결과 검증
- 안전·품질 기준 준수 여부 확인
- 제품·시스템 요구사항 분석 및 기술 검토
- 설계 사양서와 도면 작성·개정
- 시제품 제작 및 성능 시험
- 시험 결과 분석과 개선안 도출
- 유관 부서와 일정·품질 협업","- 도면과 기술 문서를 이해할 수 있는 분
- 문제 원인을 논리적으로 분석할 수 있는 분
- 협업 부서와 원활하게 소통할 수 있는 분
- 기본적인 문서 작성 및 데이터 분석 역량
- 해외여행 및 현장 근무에 결격사유가 없는 분
- 관련 공학계열 전공 또는 동등한 실무 역량","- 일반기계기사 보유자
- 기계설계기사 보유자
- 품질시스템 또는 안전규격 대응 경험
- CAD·CAE 또는 계측 도구 활용 경험
- 제품 개발 전 과정 참여 경험","- 지원서 또는 제출서류를 허위로 기재한 경우
- 채용검진 결과 직무 수행이 어렵다고 판단되는 경우
- 해외여행 및 근무에 결격사유가 있는 경우
- 관련 법령 또는 내부 인사규정상 채용이 불가능한 경우",서류전형 > 1차면접 > 2차면접 > 채용검진
1241,설계엔지니어 모집,34,125,20260616,20260713,6,신입,정규직,경상북도,전문학사 이상,"본 포지션은 설계엔지니어 업무를 담당하며, 현장의 요구사항을 정확히 파악해 안정적인 결과를 만드는 역할입니다.

엔지니어링·설계 분야의 실무 기준과 절차에 따라 계획 수립부터 실행, 결과 확인까지 전 과정에 참여합니다.

업무 과정에서 발생하는 이슈를 데이터와 기록에 근거해 분석하고, 유관 부서와 협의하여 개선합니다.

입사 후에는 표준 절차와 내부 시스템 교육을 이수하며, 숙련도에 따라 담당 범위가 확대됩니다.

정확성, 안전, 책임 있는 의사소통을 중시하며 실무 중심의 협업 역량을 기대합니다.","- 설계엔지니어 직무 기준에 따른 실무 수행
- 설계엔지니어 관련 결과물 검토 및 개선
- 시험 결과 분석과 개선안 도출
- 유관 부서와 일정·품질 협업
- 기술 문서와 변경 이력 관리
- 협력사 기술 대응 및 부품 검토
- 안전·품질 기준 준수 여부 확인
- 제품·시스템 요구사항 분석 및 기술 검토","- 해외여행 및 현장 근무에 결격사유가 없는 분
- 관련 공학계열 전공 또는 동등한 실무 역량
- 도면과 기술 문서를 이해할 수 있는 분
- 문제 원인을 논리적으로 분석할 수 있는 분
- 협업 부서와 원활하게 소통할 수 있는 분
- 기본적인 문서 작성 및 데이터 분석 역량","- 기계설계기사 보유자
- 전산응용기계제도기능사 보유자
- 품질시스템 또는 안전규격 대응 경험
- CAD·CAE 또는 계측 도구 활용 경험
- 제품 개발 전 과정 참여 경험","- 지원서 또는 제출서류를 허위로 기재한 경우
- 채용검진 결과 직무 수행이 어렵다고 판단되는 경우
- 해외여행 및 근무에 결격사유가 있는 경우
- 관련 법령 또는 내부 인사규정상 채용이 불가능한 경우",서류전형 > 실무면접 > 최종면접
1242,설계엔지니어 채용,10,125,20260821,20260924,10,경력,정규직,경상남도,학사 이상,"본 포지션은 설계엔지니어 업무를 담당하며, 현장의 요구사항을 정확히 파악해 안정적인 결과를 만드는 역할입니다.

엔지니어링·설계 분야의 실무 기준과 절차에 따라 계획 수립부터 실행, 결과 확인까지 전 과정에 참여합니다.

업무 과정에서 발생하는 이슈를 데이터와 기록에 근거해 분석하고, 유관 부서와 협의하여 개선합니다.

입사 후에는 표준 절차와 내부 시스템 교육을 이수하며, 숙련도에 따라 담당 범위가 확대됩니다.

정확성, 안전, 책임 있는 의사소통을 중시하며 실무 중심의 협업 역량을 기대합니다.","- 설계엔지니어 직무 기준에 따른 실무 수행
- 설계엔지니어 관련 결과물 검토 및 개선
- 협력사 기술 대응 및 부품 검토
- 안전·품질 기준 준수 여부 확인
- 제품·시스템 요구사항 분석 및 기술 검토
- 설계 사양서와 도면 작성·개정
- 시제품 제작 및 성능 시험
- 시험 결과 분석과 개선안 도출","- 문제 원인을 논리적으로 분석할 수 있는 분
- 협업 부서와 원활하게 소통할 수 있는 분
- 기본적인 문서 작성 및 데이터 분석 역량
- 해외여행 및 현장 근무에 결격사유가 없는 분
- 관련 공학계열 전공 또는 동등한 실무 역량
- 도면과 기술 문서를 이해할 수 있는 분","- 전산응용기계제도기능사 보유자
- CAD실무능력평가 1급 보유자
- 영어 기술 문서 독해 가능자
- 품질시스템 또는 안전규격 대응 경험
- CAD·CAE 또는 계측 도구 활용 경험","- 지원서 또는 제출서류를 허위로 기재한 경우
- 채용검진 결과 직무 수행이 어렵다고 판단되는 경우
- 해외여행 및 근무에 결격사유가 있는 경우
- 관련 법령 또는 내부 인사규정상 채용이 불가능한 경우",서류전형 > 인성검사 > 실무면접 > 최종면접
1243,설계엔지니어 담당자 모집,133,125,20261002,20261112,14,신입·경력,계약직,제주특별자치도,학사 이상,"본 포지션은 설계엔지니어 업무를 담당하며, 현장의 요구사항을 정확히 파악해 안정적인 결과를 만드는 역할입니다.

엔지니어링·설계 분야의 실무 기준과 절차에 따라 계획 수립부터 실행, 결과 확인까지 전 과정에 참여합니다.

업무 과정에서 발생하는 이슈를 데이터와 기록에 근거해 분석하고, 유관 부서와 협의하여 개선합니다.

입사 후에는 표준 절차와 내부 시스템 교육을 이수하며, 숙련도에 따라 담당 범위가 확대됩니다.

정확성, 안전, 책임 있는 의사소통을 중시하며 실무 중심의 협업 역량을 기대합니다.","- 설계엔지니어 직무 기준에 따른 실무 수행
- 설계엔지니어 관련 결과물 검토 및 개선
- 설계 사양서와 도면 작성·개정
- 시제품 제작 및 성능 시험
- 시험 결과 분석과 개선안 도출
- 유관 부서와 일정·품질 협업
- 기술 문서와 변경 이력 관리
- 협력사 기술 대응 및 부품 검토","- 해외여행 및 현장 근무에 결격사유가 없는 분
- 관련 공학계열 전공 또는 동등한 실무 역량
- 도면과 기술 문서를 이해할 수 있는 분
- 문제 원인을 논리적으로 분석할 수 있는 분
- 협업 부서와 원활하게 소통할 수 있는 분
- 기본적인 문서 작성 및 데이터 분석 역량","- CAD실무능력평가 1급 보유자
- 기계설계기사 보유자
- 제품 개발 전 과정 참여 경험
- 영어 기술 문서 독해 가능자
- 품질시스템 또는 안전규격 대응 경험","- 지원서 또는 제출서류를 허위로 기재한 경우
- 채용검진 결과 직무 수행이 어렵다고 판단되는 경우
- 해외여행 및 근무에 결격사유가 있는 경우
- 관련 법령 또는 내부 인사규정상 채용이 불가능한 경우",서류전형 > 직무과제 > 실무면접 > 처우협의
1244,설계엔지니어 인재 채용,118,125,20260207,20260219,18,경력 2년 이상,무기계약직,서울특별시,전문학사 이상,"본 포지션은 설계엔지니어 업무를 담당하며, 현장의 요구사항을 정확히 파악해 안정적인 결과를 만드는 역할입니다.

엔지니어링·설계 분야의 실무 기준과 절차에 따라 계획 수립부터 실행, 결과 확인까지 전 과정에 참여합니다.

업무 과정에서 발생하는 이슈를 데이터와 기록에 근거해 분석하고, 유관 부서와 협의하여 개선합니다.

입사 후에는 표준 절차와 내부 시스템 교육을 이수하며, 숙련도에 따라 담당 범위가 확대됩니다.

정확성, 안전, 책임 있는 의사소통을 중시하며 실무 중심의 협업 역량을 기대합니다.","- 설계엔지니어 직무 기준에 따른 실무 수행
- 설계엔지니어 관련 결과물 검토 및 개선
- 유관 부서와 일정·품질 협업
- 기술 문서와 변경 이력 관리
- 협력사 기술 대응 및 부품 검토
- 안전·품질 기준 준수 여부 확인
- 제품·시스템 요구사항 분석 및 기술 검토
- 설계 사양서와 도면 작성·개정","- 문제 원인을 논리적으로 분석할 수 있는 분
- 협업 부서와 원활하게 소통할 수 있는 분
- 기본적인 문서 작성 및 데이터 분석 역량
- 해외여행 및 현장 근무에 결격사유가 없는 분
- 관련 공학계열 전공 또는 동등한 실무 역량
- 도면과 기술 문서를 이해할 수 있는 분","- 기계설계기사 보유자
- 전산응용기계제도기능사 보유자
- CAD·CAE 또는 계측 도구 활용 경험
- 제품 개발 전 과정 참여 경험
- 영어 기술 문서 독해 가능자","- 지원서 또는 제출서류를 허위로 기재한 경우
- 채용검진 결과 직무 수행이 어렵다고 판단되는 경우
- 해외여행 및 근무에 결격사유가 있는 경우
- 관련 법령 또는 내부 인사규정상 채용이 불가능한 경우",서류전형 > 1차면접 > 2차면접 > 채용검진
1245,설계엔지니어 실무자 모집,58,125,20260412,20260501,2,경력 3년 이상,정규직,부산광역시,학사 이상,"본 포지션은 설계엔지니어 업무를 담당하며, 현장의 요구사항을 정확히 파악해 안정적인 결과를 만드는 역할입니다.

엔지니어링·설계 분야의 실무 기준과 절차에 따라 계획 수립부터 실행, 결과 확인까지 전 과정에 참여합니다.

업무 과정에서 발생하는 이슈를 데이터와 기록에 근거해 분석하고, 유관 부서와 협의하여 개선합니다.

입사 후에는 표준 절차와 내부 시스템 교육을 이수하며, 숙련도에 따라 담당 범위가 확대됩니다.

정확성, 안전, 책임 있는 의사소통을 중시하며 실무 중심의 협업 역량을 기대합니다.","- 설계엔지니어 직무 기준에 따른 실무 수행
- 설계엔지니어 관련 결과물 검토 및 개선
- 안전·품질 기준 준수 여부 확인
- 제품·시스템 요구사항 분석 및 기술 검토
- 설계 사양서와 도면 작성·개정
- 시제품 제작 및 성능 시험
- 시험 결과 분석과 개선안 도출
- 유관 부서와 일정·품질 협업","- 해외여행 및 현장 근무에 결격사유가 없는 분
- 관련 공학계열 전공 또는 동등한 실무 역량
- 도면과 기술 문서를 이해할 수 있는 분
- 문제 원인을 논리적으로 분석할 수 있는 분
- 협업 부서와 원활하게 소통할 수 있는 분
- 기본적인 문서 작성 및 데이터 분석 역량","- 전산응용기계제도기능사 보유자
- CAD실무능력평가 1급 보유자
- 품질시스템 또는 안전규격 대응 경험
- CAD·CAE 또는 계측 도구 활용 경험
- 제품 개발 전 과정 참여 경험","- 지원서 또는 제출서류를 허위로 기재한 경우
- 채용검진 결과 직무 수행이 어렵다고 판단되는 경우
- 해외여행 및 근무에 결격사유가 있는 경우
- 관련 법령 또는 내부 인사규정상 채용이 불가능한 경우",서류전형 > 필기전형 > 면접전형 > 최종합격
1246,설계엔지니어 전문인력 채용,56,125,20260617,20260713,6,경력 무관,정규직,인천광역시,학사 이상,"본 포지션은 설계엔지니어 업무를 담당하며, 현장의 요구사항을 정확히 파악해 안정적인 결과를 만드는 역할입니다.

엔지니어링·설계 분야의 실무 기준과 절차에 따라 계획 수립부터 실행, 결과 확인까지 전 과정에 참여합니다.

업무 과정에서 발생하는 이슈를 데이터와 기록에 근거해 분석하고, 유관 부서와 협의하여 개선합니다.

입사 후에는 표준 절차와 내부 시스템 교육을 이수하며, 숙련도에 따라 담당 범위가 확대됩니다.

정확성, 안전, 책임 있는 의사소통을 중시하며 실무 중심의 협업 역량을 기대합니다.","- 설계엔지니어 직무 기준에 따른 실무 수행
- 설계엔지니어 관련 결과물 검토 및 개선
- 시제품 제작 및 성능 시험
- 시험 결과 분석과 개선안 도출
- 유관 부서와 일정·품질 협업
- 기술 문서와 변경 이력 관리
- 협력사 기술 대응 및 부품 검토
- 안전·품질 기준 준수 여부 확인","- 문제 원인을 논리적으로 분석할 수 있는 분
- 협업 부서와 원활하게 소통할 수 있는 분
- 기본적인 문서 작성 및 데이터 분석 역량
- 해외여행 및 현장 근무에 결격사유가 없는 분
- 관련 공학계열 전공 또는 동등한 실무 역량
- 도면과 기술 문서를 이해할 수 있는 분","- CAD실무능력평가 1급 보유자
- 기계설계기사 보유자
- 영어 기술 문서 독해 가능자
- 품질시스템 또는 안전규격 대응 경험
- CAD·CAE 또는 계측 도구 활용 경험","- 지원서 또는 제출서류를 허위로 기재한 경우
- 채용검진 결과 직무 수행이 어렵다고 판단되는 경우
- 해외여행 및 근무에 결격사유가 있는 경우
- 관련 법령 또는 내부 인사규정상 채용이 불가능한 경우",서류전형 > 실무면접 > 최종면접
1247,설계엔지니어 운영인력 모집,130,125,20260822,20260924,10,경력 5년 이상,계약직,대전광역시,전문학사 이상,"본 포지션은 설계엔지니어 업무를 담당하며, 현장의 요구사항을 정확히 파악해 안정적인 결과를 만드는 역할입니다.

엔지니어링·설계 분야의 실무 기준과 절차에 따라 계획 수립부터 실행, 결과 확인까지 전 과정에 참여합니다.

업무 과정에서 발생하는 이슈를 데이터와 기록에 근거해 분석하고, 유관 부서와 협의하여 개선합니다.

입사 후에는 표준 절차와 내부 시스템 교육을 이수하며, 숙련도에 따라 담당 범위가 확대됩니다.

정확성, 안전, 책임 있는 의사소통을 중시하며 실무 중심의 협업 역량을 기대합니다.","- 설계엔지니어 직무 기준에 따른 실무 수행
- 설계엔지니어 관련 결과물 검토 및 개선
- 기술 문서와 변경 이력 관리
- 협력사 기술 대응 및 부품 검토
- 안전·품질 기준 준수 여부 확인
- 제품·시스템 요구사항 분석 및 기술 검토
- 설계 사양서와 도면 작성·개정
- 시제품 제작 및 성능 시험","- 해외여행 및 현장 근무에 결격사유가 없는 분
- 관련 공학계열 전공 또는 동등한 실무 역량
- 도면과 기술 문서를 이해할 수 있는 분
- 문제 원인을 논리적으로 분석할 수 있는 분
- 협업 부서와 원활하게 소통할 수 있는 분
- 기본적인 문서 작성 및 데이터 분석 역량","- 기계설계기사 보유자
- 전산응용기계제도기능사 보유자
- 제품 개발 전 과정 참여 경험
- 영어 기술 문서 독해 가능자
- 품질시스템 또는 안전규격 대응 경험","- 지원서 또는 제출서류를 허위로 기재한 경우
- 채용검진 결과 직무 수행이 어렵다고 판단되는 경우
- 해외여행 및 근무에 결격사유가 있는 경우
- 관련 법령 또는 내부 인사규정상 채용이 불가능한 경우",서류전형 > 인성검사 > 실무면접 > 최종면접
1248,설계엔지니어 프로젝트 인력 채용,12,125,20261003,20261112,14,신입,무기계약직,광주광역시,학사 이상,"본 포지션은 설계엔지니어 업무를 담당하며, 현장의 요구사항을 정확히 파악해 안정적인 결과를 만드는 역할입니다.

엔지니어링·설계 분야의 실무 기준과 절차에 따라 계획 수립부터 실행, 결과 확인까지 전 과정에 참여합니다.

업무 과정에서 발생하는 이슈를 데이터와 기록에 근거해 분석하고, 유관 부서와 협의하여 개선합니다.

입사 후에는 표준 절차와 내부 시스템 교육을 이수하며, 숙련도에 따라 담당 범위가 확대됩니다.

정확성, 안전, 책임 있는 의사소통을 중시하며 실무 중심의 협업 역량을 기대합니다.","- 설계엔지니어 직무 기준에 따른 실무 수행
- 설계엔지니어 관련 결과물 검토 및 개선
- 제품·시스템 요구사항 분석 및 기술 검토
- 설계 사양서와 도면 작성·개정
- 시제품 제작 및 성능 시험
- 시험 결과 분석과 개선안 도출
- 유관 부서와 일정·품질 협업
- 기술 문서와 변경 이력 관리","- 문제 원인을 논리적으로 분석할 수 있는 분
- 협업 부서와 원활하게 소통할 수 있는 분
- 기본적인 문서 작성 및 데이터 분석 역량
- 해외여행 및 현장 근무에 결격사유가 없는 분
- 관련 공학계열 전공 또는 동등한 실무 역량
- 도면과 기술 문서를 이해할 수 있는 분","- 전산응용기계제도기능사 보유자
- CAD실무능력평가 1급 보유자
- CAD·CAE 또는 계측 도구 활용 경험
- 제품 개발 전 과정 참여 경험
- 영어 기술 문서 독해 가능자","- 지원서 또는 제출서류를 허위로 기재한 경우
- 채용검진 결과 직무 수행이 어렵다고 판단되는 경우
- 해외여행 및 근무에 결격사유가 있는 경우
- 관련 법령 또는 내부 인사규정상 채용이 불가능한 경우",서류전형 > 직무과제 > 실무면접 > 처우협의
1249,설계엔지니어 직무 채용,141,125,20260208,20260219,18,경력,정규직,울산광역시,학사 이상,"본 포지션은 설계엔지니어 업무를 담당하며, 현장의 요구사항을 정확히 파악해 안정적인 결과를 만드는 역할입니다.

엔지니어링·설계 분야의 실무 기준과 절차에 따라 계획 수립부터 실행, 결과 확인까지 전 과정에 참여합니다.

업무 과정에서 발생하는 이슈를 데이터와 기록에 근거해 분석하고, 유관 부서와 협의하여 개선합니다.

입사 후에는 표준 절차와 내부 시스템 교육을 이수하며, 숙련도에 따라 담당 범위가 확대됩니다.

정확성, 안전, 책임 있는 의사소통을 중시하며 실무 중심의 협업 역량을 기대합니다.","- 설계엔지니어 직무 기준에 따른 실무 수행
- 설계엔지니어 관련 결과물 검토 및 개선
- 시험 결과 분석과 개선안 도출
- 유관 부서와 일정·품질 협업
- 기술 문서와 변경 이력 관리
- 협력사 기술 대응 및 부품 검토
- 안전·품질 기준 준수 여부 확인
- 제품·시스템 요구사항 분석 및 기술 검토","- 해외여행 및 현장 근무에 결격사유가 없는 분
- 관련 공학계열 전공 또는 동등한 실무 역량
- 도면과 기술 문서를 이해할 수 있는 분
- 문제 원인을 논리적으로 분석할 수 있는 분
- 협업 부서와 원활하게 소통할 수 있는 분
- 기본적인 문서 작성 및 데이터 분석 역량","- CAD실무능력평가 1급 보유자
- 기계설계기사 보유자
- 품질시스템 또는 안전규격 대응 경험
- CAD·CAE 또는 계측 도구 활용 경험
- 제품 개발 전 과정 참여 경험","- 지원서 또는 제출서류를 허위로 기재한 경우
- 채용검진 결과 직무 수행이 어렵다고 판단되는 경우
- 해외여행 및 근무에 결격사유가 있는 경우
- 관련 법령 또는 내부 인사규정상 채용이 불가능한 경우",서류전형 > 1차면접 > 2차면접 > 채용검진
1250,설계엔지니어 부문 모집,150,125,20260413,20260501,2,신입·경력,정규직,세종특별자치시,전문학사 이상,"본 포지션은 설계엔지니어 업무를 담당하며, 현장의 요구사항을 정확히 파악해 안정적인 결과를 만드는 역할입니다.

엔지니어링·설계 분야의 실무 기준과 절차에 따라 계획 수립부터 실행, 결과 확인까지 전 과정에 참여합니다.

업무 과정에서 발생하는 이슈를 데이터와 기록에 근거해 분석하고, 유관 부서와 협의하여 개선합니다.

입사 후에는 표준 절차와 내부 시스템 교육을 이수하며, 숙련도에 따라 담당 범위가 확대됩니다.

정확성, 안전, 책임 있는 의사소통을 중시하며 실무 중심의 협업 역량을 기대합니다.","- 설계엔지니어 직무 기준에 따른 실무 수행
- 설계엔지니어 관련 결과물 검토 및 개선
- 협력사 기술 대응 및 부품 검토
- 안전·품질 기준 준수 여부 확인
- 제품·시스템 요구사항 분석 및 기술 검토
- 설계 사양서와 도면 작성·개정
- 시제품 제작 및 성능 시험
- 시험 결과 분석과 개선안 도출","- 문제 원인을 논리적으로 분석할 수 있는 분
- 협업 부서와 원활하게 소통할 수 있는 분
- 기본적인 문서 작성 및 데이터 분석 역량
- 해외여행 및 현장 근무에 결격사유가 없는 분
- 관련 공학계열 전공 또는 동등한 실무 역량
- 도면과 기술 문서를 이해할 수 있는 분","- 기계설계기사 보유자
- 전산응용기계제도기능사 보유자
- 영어 기술 문서 독해 가능자
- 품질시스템 또는 안전규격 대응 경험
- CAD·CAE 또는 계측 도구 활용 경험","- 지원서 또는 제출서류를 허위로 기재한 경우
- 채용검진 결과 직무 수행이 어렵다고 판단되는 경우
- 해외여행 및 근무에 결격사유가 있는 경우
- 관련 법령 또는 내부 인사규정상 채용이 불가능한 경우",서류전형 > 필기전형 > 면접전형 > 최종합격
1251,설비엔지니어 모집,14,126,20260719,20260816,7,신입,정규직,경상남도,전문학사 이상,"본 포지션은 설비엔지니어 업무를 담당하며, 현장의 요구사항을 정확히 파악해 안정적인 결과를 만드는 역할입니다.

엔지니어링·설계 분야의 실무 기준과 절차에 따라 계획 수립부터 실행, 결과 확인까지 전 과정에 참여합니다.

업무 과정에서 발생하는 이슈를 데이터와 기록에 근거해 분석하고, 유관 부서와 협의하여 개선합니다.

입사 후에는 표준 절차와 내부 시스템 교육을 이수하며, 숙련도에 따라 담당 범위가 확대됩니다.

정확성, 안전, 책임 있는 의사소통을 중시하며 실무 중심의 협업 역량을 기대합니다.","- 설비엔지니어 직무 기준에 따른 실무 수행
- 설비엔지니어 관련 결과물 검토 및 개선
- 시제품 제작 및 성능 시험
- 시험 결과 분석과 개선안 도출
- 유관 부서와 일정·품질 협업
- 기술 문서와 변경 이력 관리
- 협력사 기술 대응 및 부품 검토
- 안전·품질 기준 준수 여부 확인","- 관련 공학계열 전공 또는 동등한 실무 역량
- 도면과 기술 문서를 이해할 수 있는 분
- 문제 원인을 논리적으로 분석할 수 있는 분
- 협업 부서와 원활하게 소통할 수 있는 분
- 기본적인 문서 작성 및 데이터 분석 역량
- 해외여행 및 현장 근무에 결격사유가 없는 분","- 설비보전기사 보유자
- 공조냉동기계기사 보유자
- 영어 기술 문서 독해 가능자
- 품질시스템 또는 안전규격 대응 경험
- CAD·CAE 또는 계측 도구 활용 경험","- 지원서 또는 제출서류를 허위로 기재한 경우
- 채용검진 결과 직무 수행이 어렵다고 판단되는 경우
- 해외여행 및 근무에 결격사유가 있는 경우
- 관련 법령 또는 내부 인사규정상 채용이 불가능한 경우",서류전형 > 인성검사 > 실무면접 > 최종면접
1252,설비엔지니어 채용,142,126,20260924,20261029,11,경력,정규직,제주특별자치도,학사 이상,"본 포지션은 설비엔지니어 업무를 담당하며, 현장의 요구사항을 정확히 파악해 안정적인 결과를 만드는 역할입니다.

엔지니어링·설계 분야의 실무 기준과 절차에 따라 계획 수립부터 실행, 결과 확인까지 전 과정에 참여합니다.

업무 과정에서 발생하는 이슈를 데이터와 기록에 근거해 분석하고, 유관 부서와 협의하여 개선합니다.

입사 후에는 표준 절차와 내부 시스템 교육을 이수하며, 숙련도에 따라 담당 범위가 확대됩니다.

정확성, 안전, 책임 있는 의사소통을 중시하며 실무 중심의 협업 역량을 기대합니다.","- 설비엔지니어 직무 기준에 따른 실무 수행
- 설비엔지니어 관련 결과물 검토 및 개선
- 기술 문서와 변경 이력 관리
- 협력사 기술 대응 및 부품 검토
- 안전·품질 기준 준수 여부 확인
- 제품·시스템 요구사항 분석 및 기술 검토
- 설계 사양서와 도면 작성·개정
- 시제품 제작 및 성능 시험","- 협업 부서와 원활하게 소통할 수 있는 분
- 기본적인 문서 작성 및 데이터 분석 역량
- 해외여행 및 현장 근무에 결격사유가 없는 분
- 관련 공학계열 전공 또는 동등한 실무 역량
- 도면과 기술 문서를 이해할 수 있는 분
- 문제 원인을 논리적으로 분석할 수 있는 분","- 공조냉동기계기사 보유자
- 에너지관리기사 보유자
- 제품 개발 전 과정 참여 경험
- 영어 기술 문서 독해 가능자
- 품질시스템 또는 안전규격 대응 경험","- 지원서 또는 제출서류를 허위로 기재한 경우
- 채용검진 결과 직무 수행이 어렵다고 판단되는 경우
- 해외여행 및 근무에 결격사유가 있는 경우
- 관련 법령 또는 내부 인사규정상 채용이 불가능한 경우",서류전형 > 직무과제 > 실무면접 > 처우협의
1253,설비엔지니어 담당자 모집,102,126,20260105,20260216,15,신입·경력,계약직,서울특별시,학사 이상,"본 포지션은 설비엔지니어 업무를 담당하며, 현장의 요구사항을 정확히 파악해 안정적인 결과를 만드는 역할입니다.

엔지니어링·설계 분야의 실무 기준과 절차에 따라 계획 수립부터 실행, 결과 확인까지 전 과정에 참여합니다.

업무 과정에서 발생하는 이슈를 데이터와 기록에 근거해 분석하고, 유관 부서와 협의하여 개선합니다.

입사 후에는 표준 절차와 내부 시스템 교육을 이수하며, 숙련도에 따라 담당 범위가 확대됩니다.

정확성, 안전, 책임 있는 의사소통을 중시하며 실무 중심의 협업 역량을 기대합니다.","- 설비엔지니어 직무 기준에 따른 실무 수행
- 설비엔지니어 관련 결과물 검토 및 개선
- 제품·시스템 요구사항 분석 및 기술 검토
- 설계 사양서와 도면 작성·개정
- 시제품 제작 및 성능 시험
- 시험 결과 분석과 개선안 도출
- 유관 부서와 일정·품질 협업
- 기술 문서와 변경 이력 관리","- 관련 공학계열 전공 또는 동등한 실무 역량
- 도면과 기술 문서를 이해할 수 있는 분
- 문제 원인을 논리적으로 분석할 수 있는 분
- 협업 부서와 원활하게 소통할 수 있는 분
- 기본적인 문서 작성 및 데이터 분석 역량
- 해외여행 및 현장 근무에 결격사유가 없는 분","- 에너지관리기사 보유자
- 설비보전기사 보유자
- CAD·CAE 또는 계측 도구 활용 경험
- 제품 개발 전 과정 참여 경험
- 영어 기술 문서 독해 가능자","- 지원서 또는 제출서류를 허위로 기재한 경우
- 채용검진 결과 직무 수행이 어렵다고 판단되는 경우
- 해외여행 및 근무에 결격사유가 있는 경우
- 관련 법령 또는 내부 인사규정상 채용이 불가능한 경우",서류전형 > 1차면접 > 2차면접 > 채용검진
1254,설비엔지니어 인재 채용,23,126,20260310,20260323,19,경력 2년 이상,무기계약직,부산광역시,전문학사 이상,"본 포지션은 설비엔지니어 업무를 담당하며, 현장의 요구사항을 정확히 파악해 안정적인 결과를 만드는 역할입니다.

엔지니어링·설계 분야의 실무 기준과 절차에 따라 계획 수립부터 실행, 결과 확인까지 전 과정에 참여합니다.

업무 과정에서 발생하는 이슈를 데이터와 기록에 근거해 분석하고, 유관 부서와 협의하여 개선합니다.

입사 후에는 표준 절차와 내부 시스템 교육을 이수하며, 숙련도에 따라 담당 범위가 확대됩니다.

정확성, 안전, 책임 있는 의사소통을 중시하며 실무 중심의 협업 역량을 기대합니다.","- 설비엔지니어 직무 기준에 따른 실무 수행
- 설비엔지니어 관련 결과물 검토 및 개선
- 시험 결과 분석과 개선안 도출
- 유관 부서와 일정·품질 협업
- 기술 문서와 변경 이력 관리
- 협력사 기술 대응 및 부품 검토
- 안전·품질 기준 준수 여부 확인
- 제품·시스템 요구사항 분석 및 기술 검토","- 협업 부서와 원활하게 소통할 수 있는 분
- 기본적인 문서 작성 및 데이터 분석 역량
- 해외여행 및 현장 근무에 결격사유가 없는 분
- 관련 공학계열 전공 또는 동등한 실무 역량
- 도면과 기술 문서를 이해할 수 있는 분
- 문제 원인을 논리적으로 분석할 수 있는 분","- 설비보전기사 보유자
- 공조냉동기계기사 보유자
- 품질시스템 또는 안전규격 대응 경험
- CAD·CAE 또는 계측 도구 활용 경험
- 제품 개발 전 과정 참여 경험","- 지원서 또는 제출서류를 허위로 기재한 경우
- 채용검진 결과 직무 수행이 어렵다고 판단되는 경우
- 해외여행 및 근무에 결격사유가 있는 경우
- 관련 법령 또는 내부 인사규정상 채용이 불가능한 경우",서류전형 > 필기전형 > 면접전형 > 최종합격
1255,설비엔지니어 실무자 모집,94,126,20260515,20260604,3,경력 3년 이상,정규직,인천광역시,학사 이상,"본 포지션은 설비엔지니어 업무를 담당하며, 현장의 요구사항을 정확히 파악해 안정적인 결과를 만드는 역할입니다.

엔지니어링·설계 분야의 실무 기준과 절차에 따라 계획 수립부터 실행, 결과 확인까지 전 과정에 참여합니다.

업무 과정에서 발생하는 이슈를 데이터와 기록에 근거해 분석하고, 유관 부서와 협의하여 개선합니다.

입사 후에는 표준 절차와 내부 시스템 교육을 이수하며, 숙련도에 따라 담당 범위가 확대됩니다.

정확성, 안전, 책임 있는 의사소통을 중시하며 실무 중심의 협업 역량을 기대합니다.","- 설비엔지니어 직무 기준에 따른 실무 수행
- 설비엔지니어 관련 결과물 검토 및 개선
- 협력사 기술 대응 및 부품 검토
- 안전·품질 기준 준수 여부 확인
- 제품·시스템 요구사항 분석 및 기술 검토
- 설계 사양서와 도면 작성·개정
- 시제품 제작 및 성능 시험
- 시험 결과 분석과 개선안 도출","- 관련 공학계열 전공 또는 동등한 실무 역량
- 도면과 기술 문서를 이해할 수 있는 분
- 문제 원인을 논리적으로 분석할 수 있는 분
- 협업 부서와 원활하게 소통할 수 있는 분
- 기본적인 문서 작성 및 데이터 분석 역량
- 해외여행 및 현장 근무에 결격사유가 없는 분","- 공조냉동기계기사 보유자
- 에너지관리기사 보유자
- 영어 기술 문서 독해 가능자
- 품질시스템 또는 안전규격 대응 경험
- CAD·CAE 또는 계측 도구 활용 경험","- 지원서 또는 제출서류를 허위로 기재한 경우
- 채용검진 결과 직무 수행이 어렵다고 판단되는 경우
- 해외여행 및 근무에 결격사유가 있는 경우
- 관련 법령 또는 내부 인사규정상 채용이 불가능한 경우",서류전형 > 실무면접 > 최종면접
1256,설비엔지니어 전문인력 채용,139,126,20260720,20260816,7,경력 무관,정규직,대전광역시,학사 이상,"본 포지션은 설비엔지니어 업무를 담당하며, 현장의 요구사항을 정확히 파악해 안정적인 결과를 만드는 역할입니다.

엔지니어링·설계 분야의 실무 기준과 절차에 따라 계획 수립부터 실행, 결과 확인까지 전 과정에 참여합니다.

업무 과정에서 발생하는 이슈를 데이터와 기록에 근거해 분석하고, 유관 부서와 협의하여 개선합니다.

입사 후에는 표준 절차와 내부 시스템 교육을 이수하며, 숙련도에 따라 담당 범위가 확대됩니다.

정확성, 안전, 책임 있는 의사소통을 중시하며 실무 중심의 협업 역량을 기대합니다.","- 설비엔지니어 직무 기준에 따른 실무 수행
- 설비엔지니어 관련 결과물 검토 및 개선
- 설계 사양서와 도면 작성·개정
- 시제품 제작 및 성능 시험
- 시험 결과 분석과 개선안 도출
- 유관 부서와 일정·품질 협업
- 기술 문서와 변경 이력 관리
- 협력사 기술 대응 및 부품 검토","- 협업 부서와 원활하게 소통할 수 있는 분
- 기본적인 문서 작성 및 데이터 분석 역량
- 해외여행 및 현장 근무에 결격사유가 없는 분
- 관련 공학계열 전공 또는 동등한 실무 역량
- 도면과 기술 문서를 이해할 수 있는 분
- 문제 원인을 논리적으로 분석할 수 있는 분","- 에너지관리기사 보유자
- 설비보전기사 보유자
- 제품 개발 전 과정 참여 경험
- 영어 기술 문서 독해 가능자
- 품질시스템 또는 안전규격 대응 경험","- 지원서 또는 제출서류를 허위로 기재한 경우
- 채용검진 결과 직무 수행이 어렵다고 판단되는 경우
- 해외여행 및 근무에 결격사유가 있는 경우
- 관련 법령 또는 내부 인사규정상 채용이 불가능한 경우",서류전형 > 인성검사 > 실무면접 > 최종면접
1257,설비엔지니어 운영인력 모집,93,126,20260901,20261005,11,경력 5년 이상,계약직,광주광역시,전문학사 이상,"본 포지션은 설비엔지니어 업무를 담당하며, 현장의 요구사항을 정확히 파악해 안정적인 결과를 만드는 역할입니다.

엔지니어링·설계 분야의 실무 기준과 절차에 따라 계획 수립부터 실행, 결과 확인까지 전 과정에 참여합니다.

업무 과정에서 발생하는 이슈를 데이터와 기록에 근거해 분석하고, 유관 부서와 협의하여 개선합니다.

입사 후에는 표준 절차와 내부 시스템 교육을 이수하며, 숙련도에 따라 담당 범위가 확대됩니다.

정확성, 안전, 책임 있는 의사소통을 중시하며 실무 중심의 협업 역량을 기대합니다.","- 설비엔지니어 직무 기준에 따른 실무 수행
- 설비엔지니어 관련 결과물 검토 및 개선
- 유관 부서와 일정·품질 협업
- 기술 문서와 변경 이력 관리
- 협력사 기술 대응 및 부품 검토
- 안전·품질 기준 준수 여부 확인
- 제품·시스템 요구사항 분석 및 기술 검토
- 설계 사양서와 도면 작성·개정","- 관련 공학계열 전공 또는 동등한 실무 역량
- 도면과 기술 문서를 이해할 수 있는 분
- 문제 원인을 논리적으로 분석할 수 있는 분
- 협업 부서와 원활하게 소통할 수 있는 분
- 기본적인 문서 작성 및 데이터 분석 역량
- 해외여행 및 현장 근무에 결격사유가 없는 분","- 설비보전기사 보유자
- 공조냉동기계기사 보유자
- CAD·CAE 또는 계측 도구 활용 경험
- 제품 개발 전 과정 참여 경험
- 영어 기술 문서 독해 가능자","- 지원서 또는 제출서류를 허위로 기재한 경우
- 채용검진 결과 직무 수행이 어렵다고 판단되는 경우
- 해외여행 및 근무에 결격사유가 있는 경우
- 관련 법령 또는 내부 인사규정상 채용이 불가능한 경우",서류전형 > 직무과제 > 실무면접 > 처우협의
1258,설비엔지니어 프로젝트 인력 채용,34,126,20260106,20260216,15,신입,무기계약직,울산광역시,학사 이상,"본 포지션은 설비엔지니어 업무를 담당하며, 현장의 요구사항을 정확히 파악해 안정적인 결과를 만드는 역할입니다.

엔지니어링·설계 분야의 실무 기준과 절차에 따라 계획 수립부터 실행, 결과 확인까지 전 과정에 참여합니다.

업무 과정에서 발생하는 이슈를 데이터와 기록에 근거해 분석하고, 유관 부서와 협의하여 개선합니다.

입사 후에는 표준 절차와 내부 시스템 교육을 이수하며, 숙련도에 따라 담당 범위가 확대됩니다.

정확성, 안전, 책임 있는 의사소통을 중시하며 실무 중심의 협업 역량을 기대합니다.","- 설비엔지니어 직무 기준에 따른 실무 수행
- 설비엔지니어 관련 결과물 검토 및 개선
- 안전·품질 기준 준수 여부 확인
- 제품·시스템 요구사항 분석 및 기술 검토
- 설계 사양서와 도면 작성·개정
- 시제품 제작 및 성능 시험
- 시험 결과 분석과 개선안 도출
- 유관 부서와 일정·품질 협업","- 협업 부서와 원활하게 소통할 수 있는 분
- 기본적인 문서 작성 및 데이터 분석 역량
- 해외여행 및 현장 근무에 결격사유가 없는 분
- 관련 공학계열 전공 또는 동등한 실무 역량
- 도면과 기술 문서를 이해할 수 있는 분
- 문제 원인을 논리적으로 분석할 수 있는 분","- 공조냉동기계기사 보유자
- 에너지관리기사 보유자
- 품질시스템 또는 안전규격 대응 경험
- CAD·CAE 또는 계측 도구 활용 경험
- 제품 개발 전 과정 참여 경험","- 지원서 또는 제출서류를 허위로 기재한 경우
- 채용검진 결과 직무 수행이 어렵다고 판단되는 경우
- 해외여행 및 근무에 결격사유가 있는 경우
- 관련 법령 또는 내부 인사규정상 채용이 불가능한 경우",서류전형 > 1차면접 > 2차면접 > 채용검진
1259,설비엔지니어 직무 채용,142,126,20260311,20260323,19,경력,정규직,세종특별자치시,학사 이상,"본 포지션은 설비엔지니어 업무를 담당하며, 현장의 요구사항을 정확히 파악해 안정적인 결과를 만드는 역할입니다.

엔지니어링·설계 분야의 실무 기준과 절차에 따라 계획 수립부터 실행, 결과 확인까지 전 과정에 참여합니다.

업무 과정에서 발생하는 이슈를 데이터와 기록에 근거해 분석하고, 유관 부서와 협의하여 개선합니다.

입사 후에는 표준 절차와 내부 시스템 교육을 이수하며, 숙련도에 따라 담당 범위가 확대됩니다.

정확성, 안전, 책임 있는 의사소통을 중시하며 실무 중심의 협업 역량을 기대합니다.","- 설비엔지니어 직무 기준에 따른 실무 수행
- 설비엔지니어 관련 결과물 검토 및 개선
- 시제품 제작 및 성능 시험
- 시험 결과 분석과 개선안 도출
- 유관 부서와 일정·품질 협업
- 기술 문서와 변경 이력 관리
- 협력사 기술 대응 및 부품 검토
- 안전·품질 기준 준수 여부 확인","- 관련 공학계열 전공 또는 동등한 실무 역량
- 도면과 기술 문서를 이해할 수 있는 분
- 문제 원인을 논리적으로 분석할 수 있는 분
- 협업 부서와 원활하게 소통할 수 있는 분
- 기본적인 문서 작성 및 데이터 분석 역량
- 해외여행 및 현장 근무에 결격사유가 없는 분","- 에너지관리기사 보유자
- 설비보전기사 보유자
- 영어 기술 문서 독해 가능자
- 품질시스템 또는 안전규격 대응 경험
- CAD·CAE 또는 계측 도구 활용 경험","- 지원서 또는 제출서류를 허위로 기재한 경우
- 채용검진 결과 직무 수행이 어렵다고 판단되는 경우
- 해외여행 및 근무에 결격사유가 있는 경우
- 관련 법령 또는 내부 인사규정상 채용이 불가능한 경우",서류전형 > 필기전형 > 면접전형 > 최종합격
1260,설비엔지니어 부문 모집,76,126,20260516,20260604,3,신입·경력,정규직,경기도,전문학사 이상,"본 포지션은 설비엔지니어 업무를 담당하며, 현장의 요구사항을 정확히 파악해 안정적인 결과를 만드는 역할입니다.

엔지니어링·설계 분야의 실무 기준과 절차에 따라 계획 수립부터 실행, 결과 확인까지 전 과정에 참여합니다.

업무 과정에서 발생하는 이슈를 데이터와 기록에 근거해 분석하고, 유관 부서와 협의하여 개선합니다.

입사 후에는 표준 절차와 내부 시스템 교육을 이수하며, 숙련도에 따라 담당 범위가 확대됩니다.

정확성, 안전, 책임 있는 의사소통을 중시하며 실무 중심의 협업 역량을 기대합니다.","- 설비엔지니어 직무 기준에 따른 실무 수행
- 설비엔지니어 관련 결과물 검토 및 개선
- 기술 문서와 변경 이력 관리
- 협력사 기술 대응 및 부품 검토
- 안전·품질 기준 준수 여부 확인
- 제품·시스템 요구사항 분석 및 기술 검토
- 설계 사양서와 도면 작성·개정
- 시제품 제작 및 성능 시험","- 협업 부서와 원활하게 소통할 수 있는 분
- 기본적인 문서 작성 및 데이터 분석 역량
- 해외여행 및 현장 근무에 결격사유가 없는 분
- 관련 공학계열 전공 또는 동등한 실무 역량
- 도면과 기술 문서를 이해할 수 있는 분
- 문제 원인을 논리적으로 분석할 수 있는 분","- 설비보전기사 보유자
- 공조냉동기계기사 보유자
- 제품 개발 전 과정 참여 경험
- 영어 기술 문서 독해 가능자
- 품질시스템 또는 안전규격 대응 경험","- 지원서 또는 제출서류를 허위로 기재한 경우
- 채용검진 결과 직무 수행이 어렵다고 판단되는 경우
- 해외여행 및 근무에 결격사유가 있는 경우
- 관련 법령 또는 내부 인사규정상 채용이 불가능한 경우",서류전형 > 실무면접 > 최종면접
1261,반도체엔지니어 모집,111,127,20260822,20260920,8,신입,정규직,제주특별자치도,전문학사 이상,"본 포지션은 반도체엔지니어 업무를 담당하며, 현장의 요구사항을 정확히 파악해 안정적인 결과를 만드는 역할입니다.

엔지니어링·설계 분야의 실무 기준과 절차에 따라 계획 수립부터 실행, 결과 확인까지 전 과정에 참여합니다.

업무 과정에서 발생하는 이슈를 데이터와 기록에 근거해 분석하고, 유관 부서와 협의하여 개선합니다.

입사 후에는 표준 절차와 내부 시스템 교육을 이수하며, 숙련도에 따라 담당 범위가 확대됩니다.

정확성, 안전, 책임 있는 의사소통을 중시하며 실무 중심의 협업 역량을 기대합니다.","- 웨이퍼 공정 조건 최적화
- 수율·불량 데이터 분석
- 설계 사양서와 도면 작성·개정
- 시제품 제작 및 성능 시험
- 시험 결과 분석과 개선안 도출
- 유관 부서와 일정·품질 협업
- 기술 문서와 변경 이력 관리
- 협력사 기술 대응 및 부품 검토","- 도면과 기술 문서를 이해할 수 있는 분
- 문제 원인을 논리적으로 분석할 수 있는 분
- 협업 부서와 원활하게 소통할 수 있는 분
- 기본적인 문서 작성 및 데이터 분석 역량
- 해외여행 및 현장 근무에 결격사유가 없는 분
- 관련 공학계열 전공 또는 동등한 실무 역량","- 반도체설계산업기사 보유자
- 전자기사 보유자
- 제품 개발 전 과정 참여 경험
- 영어 기술 문서 독해 가능자
- 품질시스템 또는 안전규격 대응 경험","- 지원서 또는 제출서류를 허위로 기재한 경우
- 채용검진 결과 직무 수행이 어렵다고 판단되는 경우
- 해외여행 및 근무에 결격사유가 있는 경우
- 관련 법령 또는 내부 인사규정상 채용이 불가능한 경우",서류전형 > 직무과제 > 실무면접 > 처우협의
1262,반도체엔지니어 채용,119,127,20261003,20261108,12,경력,정규직,서울특별시,학사 이상,"본 포지션은 반도체엔지니어 업무를 담당하며, 현장의 요구사항을 정확히 파악해 안정적인 결과를 만드는 역할입니다.

엔지니어링·설계 분야의 실무 기준과 절차에 따라 계획 수립부터 실행, 결과 확인까지 전 과정에 참여합니다.

업무 과정에서 발생하는 이슈를 데이터와 기록에 근거해 분석하고, 유관 부서와 협의하여 개선합니다.

입사 후에는 표준 절차와 내부 시스템 교육을 이수하며, 숙련도에 따라 담당 범위가 확대됩니다.

정확성, 안전, 책임 있는 의사소통을 중시하며 실무 중심의 협업 역량을 기대합니다.","- 웨이퍼 공정 조건 최적화
- 수율·불량 데이터 분석
- 유관 부서와 일정·품질 협업
- 기술 문서와 변경 이력 관리
- 협력사 기술 대응 및 부품 검토
- 안전·품질 기준 준수 여부 확인
- 제품·시스템 요구사항 분석 및 기술 검토
- 설계 사양서와 도면 작성·개정","- 기본적인 문서 작성 및 데이터 분석 역량
- 해외여행 및 현장 근무에 결격사유가 없는 분
- 관련 공학계열 전공 또는 동등한 실무 역량
- 도면과 기술 문서를 이해할 수 있는 분
- 문제 원인을 논리적으로 분석할 수 있는 분
- 협업 부서와 원활하게 소통할 수 있는 분","- 전자기사 보유자
- 산업안전기사 보유자
- CAD·CAE 또는 계측 도구 활용 경험
- 제품 개발 전 과정 참여 경험
- 영어 기술 문서 독해 가능자","- 지원서 또는 제출서류를 허위로 기재한 경우
- 채용검진 결과 직무 수행이 어렵다고 판단되는 경우
- 해외여행 및 근무에 결격사유가 있는 경우
- 관련 법령 또는 내부 인사규정상 채용이 불가능한 경우",서류전형 > 1차면접 > 2차면접 > 채용검진
1263,반도체엔지니어 담당자 모집,117,127,20260208,20260323,16,신입·경력,계약직,부산광역시,학사 이상,"본 포지션은 반도체엔지니어 업무를 담당하며, 현장의 요구사항을 정확히 파악해 안정적인 결과를 만드는 역할입니다.

엔지니어링·설계 분야의 실무 기준과 절차에 따라 계획 수립부터 실행, 결과 확인까지 전 과정에 참여합니다.

업무 과정에서 발생하는 이슈를 데이터와 기록에 근거해 분석하고, 유관 부서와 협의하여 개선합니다.

입사 후에는 표준 절차와 내부 시스템 교육을 이수하며, 숙련도에 따라 담당 범위가 확대됩니다.

정확성, 안전, 책임 있는 의사소통을 중시하며 실무 중심의 협업 역량을 기대합니다.","- 웨이퍼 공정 조건 최적화
- 수율·불량 데이터 분석
- 안전·품질 기준 준수 여부 확인
- 제품·시스템 요구사항 분석 및 기술 검토
- 설계 사양서와 도면 작성·개정
- 시제품 제작 및 성능 시험
- 시험 결과 분석과 개선안 도출
- 유관 부서와 일정·품질 협업","- 도면과 기술 문서를 이해할 수 있는 분
- 문제 원인을 논리적으로 분석할 수 있는 분
- 협업 부서와 원활하게 소통할 수 있는 분
- 기본적인 문서 작성 및 데이터 분석 역량
- 해외여행 및 현장 근무에 결격사유가 없는 분
- 관련 공학계열 전공 또는 동등한 실무 역량","- 산업안전기사 보유자
- 반도체설계산업기사 보유자
- 품질시스템 또는 안전규격 대응 경험
- CAD·CAE 또는 계측 도구 활용 경험
- 제품 개발 전 과정 참여 경험","- 지원서 또는 제출서류를 허위로 기재한 경우
- 채용검진 결과 직무 수행이 어렵다고 판단되는 경우
- 해외여행 및 근무에 결격사유가 있는 경우
- 관련 법령 또는 내부 인사규정상 채용이 불가능한 경우",서류전형 > 필기전형 > 면접전형 > 최종합격
1264,반도체엔지니어 인재 채용,74,127,20260413,20260427,20,경력 2년 이상,무기계약직,인천광역시,전문학사 이상,"본 포지션은 반도체엔지니어 업무를 담당하며, 현장의 요구사항을 정확히 파악해 안정적인 결과를 만드는 역할입니다.

엔지니어링·설계 분야의 실무 기준과 절차에 따라 계획 수립부터 실행, 결과 확인까지 전 과정에 참여합니다.

업무 과정에서 발생하는 이슈를 데이터와 기록에 근거해 분석하고, 유관 부서와 협의하여 개선합니다.

입사 후에는 표준 절차와 내부 시스템 교육을 이수하며, 숙련도에 따라 담당 범위가 확대됩니다.

정확성, 안전, 책임 있는 의사소통을 중시하며 실무 중심의 협업 역량을 기대합니다.","- 웨이퍼 공정 조건 최적화
- 수율·불량 데이터 분석
- 시제품 제작 및 성능 시험
- 시험 결과 분석과 개선안 도출
- 유관 부서와 일정·품질 협업
- 기술 문서와 변경 이력 관리
- 협력사 기술 대응 및 부품 검토
- 안전·품질 기준 준수 여부 확인","- 기본적인 문서 작성 및 데이터 분석 역량
- 해외여행 및 현장 근무에 결격사유가 없는 분
- 관련 공학계열 전공 또는 동등한 실무 역량
- 도면과 기술 문서를 이해할 수 있는 분
- 문제 원인을 논리적으로 분석할 수 있는 분
- 협업 부서와 원활하게 소통할 수 있는 분","- 반도체설계산업기사 보유자
- 전자기사 보유자
- 영어 기술 문서 독해 가능자
- 품질시스템 또는 안전규격 대응 경험
- CAD·CAE 또는 계측 도구 활용 경험","- 지원서 또는 제출서류를 허위로 기재한 경우
- 채용검진 결과 직무 수행이 어렵다고 판단되는 경우
- 해외여행 및 근무에 결격사유가 있는 경우
- 관련 법령 또는 내부 인사규정상 채용이 불가능한 경우",서류전형 > 실무면접 > 최종면접
1265,반도체엔지니어 실무자 모집,32,127,20260618,20260709,4,경력 3년 이상,정규직,대전광역시,학사 이상,"본 포지션은 반도체엔지니어 업무를 담당하며, 현장의 요구사항을 정확히 파악해 안정적인 결과를 만드는 역할입니다.

엔지니어링·설계 분야의 실무 기준과 절차에 따라 계획 수립부터 실행, 결과 확인까지 전 과정에 참여합니다.

업무 과정에서 발생하는 이슈를 데이터와 기록에 근거해 분석하고, 유관 부서와 협의하여 개선합니다.

입사 후에는 표준 절차와 내부 시스템 교육을 이수하며, 숙련도에 따라 담당 범위가 확대됩니다.

정확성, 안전, 책임 있는 의사소통을 중시하며 실무 중심의 협업 역량을 기대합니다.","- 웨이퍼 공정 조건 최적화
- 수율·불량 데이터 분석
- 기술 문서와 변경 이력 관리
- 협력사 기술 대응 및 부품 검토
- 안전·품질 기준 준수 여부 확인
- 제품·시스템 요구사항 분석 및 기술 검토
- 설계 사양서와 도면 작성·개정
- 시제품 제작 및 성능 시험","- 도면과 기술 문서를 이해할 수 있는 분
- 문제 원인을 논리적으로 분석할 수 있는 분
- 협업 부서와 원활하게 소통할 수 있는 분
- 기본적인 문서 작성 및 데이터 분석 역량
- 해외여행 및 현장 근무에 결격사유가 없는 분
- 관련 공학계열 전공 또는 동등한 실무 역량","- 전자기사 보유자
- 산업안전기사 보유자
- 제품 개발 전 과정 참여 경험
- 영어 기술 문서 독해 가능자
- 품질시스템 또는 안전규격 대응 경험","- 지원서 또는 제출서류를 허위로 기재한 경우
- 채용검진 결과 직무 수행이 어렵다고 판단되는 경우
- 해외여행 및 근무에 결격사유가 있는 경우
- 관련 법령 또는 내부 인사규정상 채용이 불가능한 경우",서류전형 > 인성검사 > 실무면접 > 최종면접
1266,반도체엔지니어 전문인력 채용,99,127,20260823,20260920,8,경력 무관,정규직,광주광역시,학사 이상,"본 포지션은 반도체엔지니어 업무를 담당하며, 현장의 요구사항을 정확히 파악해 안정적인 결과를 만드는 역할입니다.

엔지니어링·설계 분야의 실무 기준과 절차에 따라 계획 수립부터 실행, 결과 확인까지 전 과정에 참여합니다.

업무 과정에서 발생하는 이슈를 데이터와 기록에 근거해 분석하고, 유관 부서와 협의하여 개선합니다.

입사 후에는 표준 절차와 내부 시스템 교육을 이수하며, 숙련도에 따라 담당 범위가 확대됩니다.

정확성, 안전, 책임 있는 의사소통을 중시하며 실무 중심의 협업 역량을 기대합니다.","- 웨이퍼 공정 조건 최적화
- 수율·불량 데이터 분석
- 제품·시스템 요구사항 분석 및 기술 검토
- 설계 사양서와 도면 작성·개정
- 시제품 제작 및 성능 시험
- 시험 결과 분석과 개선안 도출
- 유관 부서와 일정·품질 협업
- 기술 문서와 변경 이력 관리","- 기본적인 문서 작성 및 데이터 분석 역량
- 해외여행 및 현장 근무에 결격사유가 없는 분
- 관련 공학계열 전공 또는 동등한 실무 역량
- 도면과 기술 문서를 이해할 수 있는 분
- 문제 원인을 논리적으로 분석할 수 있는 분
- 협업 부서와 원활하게 소통할 수 있는 분","- 산업안전기사 보유자
- 반도체설계산업기사 보유자
- CAD·CAE 또는 계측 도구 활용 경험
- 제품 개발 전 과정 참여 경험
- 영어 기술 문서 독해 가능자","- 지원서 또는 제출서류를 허위로 기재한 경우
- 채용검진 결과 직무 수행이 어렵다고 판단되는 경우
- 해외여행 및 근무에 결격사유가 있는 경우
- 관련 법령 또는 내부 인사규정상 채용이 불가능한 경우",서류전형 > 직무과제 > 실무면접 > 처우협의
1267,반도체엔지니어 운영인력 모집,31,127,20261004,20261108,12,경력 5년 이상,계약직,울산광역시,전문학사 이상,"본 포지션은 반도체엔지니어 업무를 담당하며, 현장의 요구사항을 정확히 파악해 안정적인 결과를 만드는 역할입니다.

엔지니어링·설계 분야의 실무 기준과 절차에 따라 계획 수립부터 실행, 결과 확인까지 전 과정에 참여합니다.

업무 과정에서 발생하는 이슈를 데이터와 기록에 근거해 분석하고, 유관 부서와 협의하여 개선합니다.

입사 후에는 표준 절차와 내부 시스템 교육을 이수하며, 숙련도에 따라 담당 범위가 확대됩니다.

정확성, 안전, 책임 있는 의사소통을 중시하며 실무 중심의 협업 역량을 기대합니다.","- 웨이퍼 공정 조건 최적화
- 수율·불량 데이터 분석
- 시험 결과 분석과 개선안 도출
- 유관 부서와 일정·품질 협업
- 기술 문서와 변경 이력 관리
- 협력사 기술 대응 및 부품 검토
- 안전·품질 기준 준수 여부 확인
- 제품·시스템 요구사항 분석 및 기술 검토","- 도면과 기술 문서를 이해할 수 있는 분
- 문제 원인을 논리적으로 분석할 수 있는 분
- 협업 부서와 원활하게 소통할 수 있는 분
- 기본적인 문서 작성 및 데이터 분석 역량
- 해외여행 및 현장 근무에 결격사유가 없는 분
- 관련 공학계열 전공 또는 동등한 실무 역량","- 반도체설계산업기사 보유자
- 전자기사 보유자
- 품질시스템 또는 안전규격 대응 경험
- CAD·CAE 또는 계측 도구 활용 경험
- 제품 개발 전 과정 참여 경험","- 지원서 또는 제출서류를 허위로 기재한 경우
- 채용검진 결과 직무 수행이 어렵다고 판단되는 경우
- 해외여행 및 근무에 결격사유가 있는 경우
- 관련 법령 또는 내부 인사규정상 채용이 불가능한 경우",서류전형 > 1차면접 > 2차면접 > 채용검진
1268,반도체엔지니어 프로젝트 인력 채용,48,127,20260209,20260323,16,신입,무기계약직,세종특별자치시,학사 이상,"본 포지션은 반도체엔지니어 업무를 담당하며, 현장의 요구사항을 정확히 파악해 안정적인 결과를 만드는 역할입니다.

엔지니어링·설계 분야의 실무 기준과 절차에 따라 계획 수립부터 실행, 결과 확인까지 전 과정에 참여합니다.

업무 과정에서 발생하는 이슈를 데이터와 기록에 근거해 분석하고, 유관 부서와 협의하여 개선합니다.

입사 후에는 표준 절차와 내부 시스템 교육을 이수하며, 숙련도에 따라 담당 범위가 확대됩니다.

정확성, 안전, 책임 있는 의사소통을 중시하며 실무 중심의 협업 역량을 기대합니다.","- 웨이퍼 공정 조건 최적화
- 수율·불량 데이터 분석
- 협력사 기술 대응 및 부품 검토
- 안전·품질 기준 준수 여부 확인
- 제품·시스템 요구사항 분석 및 기술 검토
- 설계 사양서와 도면 작성·개정
- 시제품 제작 및 성능 시험
- 시험 결과 분석과 개선안 도출","- 기본적인 문서 작성 및 데이터 분석 역량
- 해외여행 및 현장 근무에 결격사유가 없는 분
- 관련 공학계열 전공 또는 동등한 실무 역량
- 도면과 기술 문서를 이해할 수 있는 분
- 문제 원인을 논리적으로 분석할 수 있는 분
- 협업 부서와 원활하게 소통할 수 있는 분","- 전자기사 보유자
- 산업안전기사 보유자
- 영어 기술 문서 독해 가능자
- 품질시스템 또는 안전규격 대응 경험
- CAD·CAE 또는 계측 도구 활용 경험","- 지원서 또는 제출서류를 허위로 기재한 경우
- 채용검진 결과 직무 수행이 어렵다고 판단되는 경우
- 해외여행 및 근무에 결격사유가 있는 경우
- 관련 법령 또는 내부 인사규정상 채용이 불가능한 경우",서류전형 > 필기전형 > 면접전형 > 최종합격
1269,반도체엔지니어 직무 채용,11,127,20260414,20260427,20,경력,정규직,경기도,학사 이상,"본 포지션은 반도체엔지니어 업무를 담당하며, 현장의 요구사항을 정확히 파악해 안정적인 결과를 만드는 역할입니다.

엔지니어링·설계 분야의 실무 기준과 절차에 따라 계획 수립부터 실행, 결과 확인까지 전 과정에 참여합니다.

업무 과정에서 발생하는 이슈를 데이터와 기록에 근거해 분석하고, 유관 부서와 협의하여 개선합니다.

입사 후에는 표준 절차와 내부 시스템 교육을 이수하며, 숙련도에 따라 담당 범위가 확대됩니다.

정확성, 안전, 책임 있는 의사소통을 중시하며 실무 중심의 협업 역량을 기대합니다.","- 웨이퍼 공정 조건 최적화
- 수율·불량 데이터 분석
- 설계 사양서와 도면 작성·개정
- 시제품 제작 및 성능 시험
- 시험 결과 분석과 개선안 도출
- 유관 부서와 일정·품질 협업
- 기술 문서와 변경 이력 관리
- 협력사 기술 대응 및 부품 검토","- 도면과 기술 문서를 이해할 수 있는 분
- 문제 원인을 논리적으로 분석할 수 있는 분
- 협업 부서와 원활하게 소통할 수 있는 분
- 기본적인 문서 작성 및 데이터 분석 역량
- 해외여행 및 현장 근무에 결격사유가 없는 분
- 관련 공학계열 전공 또는 동등한 실무 역량","- 산업안전기사 보유자
- 반도체설계산업기사 보유자
- 제품 개발 전 과정 참여 경험
- 영어 기술 문서 독해 가능자
- 품질시스템 또는 안전규격 대응 경험","- 지원서 또는 제출서류를 허위로 기재한 경우
- 채용검진 결과 직무 수행이 어렵다고 판단되는 경우
- 해외여행 및 근무에 결격사유가 있는 경우
- 관련 법령 또는 내부 인사규정상 채용이 불가능한 경우",서류전형 > 실무면접 > 최종면접
1270,반도체엔지니어 부문 모집,119,127,20260619,20260709,4,신입·경력,정규직,강원특별자치도,전문학사 이상,"본 포지션은 반도체엔지니어 업무를 담당하며, 현장의 요구사항을 정확히 파악해 안정적인 결과를 만드는 역할입니다.

엔지니어링·설계 분야의 실무 기준과 절차에 따라 계획 수립부터 실행, 결과 확인까지 전 과정에 참여합니다.

업무 과정에서 발생하는 이슈를 데이터와 기록에 근거해 분석하고, 유관 부서와 협의하여 개선합니다.

입사 후에는 표준 절차와 내부 시스템 교육을 이수하며, 숙련도에 따라 담당 범위가 확대됩니다.

정확성, 안전, 책임 있는 의사소통을 중시하며 실무 중심의 협업 역량을 기대합니다.","- 웨이퍼 공정 조건 최적화
- 수율·불량 데이터 분석
- 유관 부서와 일정·품질 협업
- 기술 문서와 변경 이력 관리
- 협력사 기술 대응 및 부품 검토
- 안전·품질 기준 준수 여부 확인
- 제품·시스템 요구사항 분석 및 기술 검토
- 설계 사양서와 도면 작성·개정","- 기본적인 문서 작성 및 데이터 분석 역량
- 해외여행 및 현장 근무에 결격사유가 없는 분
- 관련 공학계열 전공 또는 동등한 실무 역량
- 도면과 기술 문서를 이해할 수 있는 분
- 문제 원인을 논리적으로 분석할 수 있는 분
- 협업 부서와 원활하게 소통할 수 있는 분","- 반도체설계산업기사 보유자
- 전자기사 보유자
- CAD·CAE 또는 계측 도구 활용 경험
- 제품 개발 전 과정 참여 경험
- 영어 기술 문서 독해 가능자","- 지원서 또는 제출서류를 허위로 기재한 경우
- 채용검진 결과 직무 수행이 어렵다고 판단되는 경우
- 해외여행 및 근무에 결격사유가 있는 경우
- 관련 법령 또는 내부 인사규정상 채용이 불가능한 경우",서류전형 > 인성검사 > 실무면접 > 최종면접
1271,화학엔지니어 모집,72,128,20260901,20261001,9,신입,정규직,서울특별시,전문학사 이상,"본 포지션은 화학엔지니어 업무를 담당하며, 현장의 요구사항을 정확히 파악해 안정적인 결과를 만드는 역할입니다.

엔지니어링·설계 분야의 실무 기준과 절차에 따라 계획 수립부터 실행, 결과 확인까지 전 과정에 참여합니다.

업무 과정에서 발생하는 이슈를 데이터와 기록에 근거해 분석하고, 유관 부서와 협의하여 개선합니다.

입사 후에는 표준 절차와 내부 시스템 교육을 이수하며, 숙련도에 따라 담당 범위가 확대됩니다.

정확성, 안전, 책임 있는 의사소통을 중시하며 실무 중심의 협업 역량을 기대합니다.","- 화학 공정 물질수지 검토
- 시료 분석과 반응 조건 최적화
- 제품·시스템 요구사항 분석 및 기술 검토
- 설계 사양서와 도면 작성·개정
- 시제품 제작 및 성능 시험
- 시험 결과 분석과 개선안 도출
- 유관 부서와 일정·품질 협업
- 기술 문서와 변경 이력 관리","- 문제 원인을 논리적으로 분석할 수 있는 분
- 협업 부서와 원활하게 소통할 수 있는 분
- 기본적인 문서 작성 및 데이터 분석 역량
- 해외여행 및 현장 근무에 결격사유가 없는 분
- 관련 공학계열 전공 또는 동등한 실무 역량
- 도면과 기술 문서를 이해할 수 있는 분","- 화공기사 보유자
- 화학분석기사 보유자
- CAD·CAE 또는 계측 도구 활용 경험
- 제품 개발 전 과정 참여 경험
- 영어 기술 문서 독해 가능자","- 지원서 또는 제출서류를 허위로 기재한 경우
- 채용검진 결과 직무 수행이 어렵다고 판단되는 경우
- 해외여행 및 근무에 결격사유가 있는 경우
- 관련 법령 또는 내부 인사규정상 채용이 불가능한 경우",서류전형 > 1차면접 > 2차면접 > 채용검진
1272,화학엔지니어 채용,108,128,20260106,20260212,13,경력,정규직,부산광역시,학사 이상,"본 포지션은 화학엔지니어 업무를 담당하며, 현장의 요구사항을 정확히 파악해 안정적인 결과를 만드는 역할입니다.

엔지니어링·설계 분야의 실무 기준과 절차에 따라 계획 수립부터 실행, 결과 확인까지 전 과정에 참여합니다.

업무 과정에서 발생하는 이슈를 데이터와 기록에 근거해 분석하고, 유관 부서와 협의하여 개선합니다.

입사 후에는 표준 절차와 내부 시스템 교육을 이수하며, 숙련도에 따라 담당 범위가 확대됩니다.

정확성, 안전, 책임 있는 의사소통을 중시하며 실무 중심의 협업 역량을 기대합니다.","- 화학 공정 물질수지 검토
- 시료 분석과 반응 조건 최적화
- 시험 결과 분석과 개선안 도출
- 유관 부서와 일정·품질 협업
- 기술 문서와 변경 이력 관리
- 협력사 기술 대응 및 부품 검토
- 안전·품질 기준 준수 여부 확인
- 제품·시스템 요구사항 분석 및 기술 검토","- 해외여행 및 현장 근무에 결격사유가 없는 분
- 관련 공학계열 전공 또는 동등한 실무 역량
- 도면과 기술 문서를 이해할 수 있는 분
- 문제 원인을 논리적으로 분석할 수 있는 분
- 협업 부서와 원활하게 소통할 수 있는 분
- 기본적인 문서 작성 및 데이터 분석 역량","- 화학분석기사 보유자
- 위험물산업기사 보유자
- 품질시스템 또는 안전규격 대응 경험
- CAD·CAE 또는 계측 도구 활용 경험
- 제품 개발 전 과정 참여 경험","- 지원서 또는 제출서류를 허위로 기재한 경우
- 채용검진 결과 직무 수행이 어렵다고 판단되는 경우
- 해외여행 및 근무에 결격사유가 있는 경우
- 관련 법령 또는 내부 인사규정상 채용이 불가능한 경우",서류전형 > 필기전형 > 면접전형 > 최종합격
1273,화학엔지니어 담당자 모집,157,128,20260311,20260424,17,신입·경력,계약직,인천광역시,학사 이상,"본 포지션은 화학엔지니어 업무를 담당하며, 현장의 요구사항을 정확히 파악해 안정적인 결과를 만드는 역할입니다.

엔지니어링·설계 분야의 실무 기준과 절차에 따라 계획 수립부터 실행, 결과 확인까지 전 과정에 참여합니다.

업무 과정에서 발생하는 이슈를 데이터와 기록에 근거해 분석하고, 유관 부서와 협의하여 개선합니다.

입사 후에는 표준 절차와 내부 시스템 교육을 이수하며, 숙련도에 따라 담당 범위가 확대됩니다.

정확성, 안전, 책임 있는 의사소통을 중시하며 실무 중심의 협업 역량을 기대합니다.","- 화학 공정 물질수지 검토
- 시료 분석과 반응 조건 최적화
- 협력사 기술 대응 및 부품 검토
- 안전·품질 기준 준수 여부 확인
- 제품·시스템 요구사항 분석 및 기술 검토
- 설계 사양서와 도면 작성·개정
- 시제품 제작 및 성능 시험
- 시험 결과 분석과 개선안 도출","- 문제 원인을 논리적으로 분석할 수 있는 분
- 협업 부서와 원활하게 소통할 수 있는 분
- 기본적인 문서 작성 및 데이터 분석 역량
- 해외여행 및 현장 근무에 결격사유가 없는 분
- 관련 공학계열 전공 또는 동등한 실무 역량
- 도면과 기술 문서를 이해할 수 있는 분","- 위험물산업기사 보유자
- 화공기사 보유자
- 영어 기술 문서 독해 가능자
- 품질시스템 또는 안전규격 대응 경험
- CAD·CAE 또는 계측 도구 활용 경험","- 지원서 또는 제출서류를 허위로 기재한 경우
- 채용검진 결과 직무 수행이 어렵다고 판단되는 경우
- 해외여행 및 근무에 결격사유가 있는 경우
- 관련 법령 또는 내부 인사규정상 채용이 불가능한 경우",서류전형 > 실무면접 > 최종면접
1274,화학엔지니어 인재 채용,84,128,20260516,20260531,1,경력 2년 이상,무기계약직,대전광역시,전문학사 이상,"본 포지션은 화학엔지니어 업무를 담당하며, 현장의 요구사항을 정확히 파악해 안정적인 결과를 만드는 역할입니다.

엔지니어링·설계 분야의 실무 기준과 절차에 따라 계획 수립부터 실행, 결과 확인까지 전 과정에 참여합니다.

업무 과정에서 발생하는 이슈를 데이터와 기록에 근거해 분석하고, 유관 부서와 협의하여 개선합니다.

입사 후에는 표준 절차와 내부 시스템 교육을 이수하며, 숙련도에 따라 담당 범위가 확대됩니다.

정확성, 안전, 책임 있는 의사소통을 중시하며 실무 중심의 협업 역량을 기대합니다.","- 화학 공정 물질수지 검토
- 시료 분석과 반응 조건 최적화
- 설계 사양서와 도면 작성·개정
- 시제품 제작 및 성능 시험
- 시험 결과 분석과 개선안 도출
- 유관 부서와 일정·품질 협업
- 기술 문서와 변경 이력 관리
- 협력사 기술 대응 및 부품 검토","- 해외여행 및 현장 근무에 결격사유가 없는 분
- 관련 공학계열 전공 또는 동등한 실무 역량
- 도면과 기술 문서를 이해할 수 있는 분
- 문제 원인을 논리적으로 분석할 수 있는 분
- 협업 부서와 원활하게 소통할 수 있는 분
- 기본적인 문서 작성 및 데이터 분석 역량","- 화공기사 보유자
- 화학분석기사 보유자
- 제품 개발 전 과정 참여 경험
- 영어 기술 문서 독해 가능자
- 품질시스템 또는 안전규격 대응 경험","- 지원서 또는 제출서류를 허위로 기재한 경우
- 채용검진 결과 직무 수행이 어렵다고 판단되는 경우
- 해외여행 및 근무에 결격사유가 있는 경우
- 관련 법령 또는 내부 인사규정상 채용이 불가능한 경우",서류전형 > 인성검사 > 실무면접 > 최종면접
1275,화학엔지니어 실무자 모집,68,128,20260721,20260812,5,경력 3년 이상,정규직,광주광역시,학사 이상,"본 포지션은 화학엔지니어 업무를 담당하며, 현장의 요구사항을 정확히 파악해 안정적인 결과를 만드는 역할입니다.

엔지니어링·설계 분야의 실무 기준과 절차에 따라 계획 수립부터 실행, 결과 확인까지 전 과정에 참여합니다.

업무 과정에서 발생하는 이슈를 데이터와 기록에 근거해 분석하고, 유관 부서와 협의하여 개선합니다.

입사 후에는 표준 절차와 내부 시스템 교육을 이수하며, 숙련도에 따라 담당 범위가 확대됩니다.

정확성, 안전, 책임 있는 의사소통을 중시하며 실무 중심의 협업 역량을 기대합니다.","- 화학 공정 물질수지 검토
- 시료 분석과 반응 조건 최적화
- 유관 부서와 일정·품질 협업
- 기술 문서와 변경 이력 관리
- 협력사 기술 대응 및 부품 검토
- 안전·품질 기준 준수 여부 확인
- 제품·시스템 요구사항 분석 및 기술 검토
- 설계 사양서와 도면 작성·개정","- 문제 원인을 논리적으로 분석할 수 있는 분
- 협업 부서와 원활하게 소통할 수 있는 분
- 기본적인 문서 작성 및 데이터 분석 역량
- 해외여행 및 현장 근무에 결격사유가 없는 분
- 관련 공학계열 전공 또는 동등한 실무 역량
- 도면과 기술 문서를 이해할 수 있는 분","- 화학분석기사 보유자
- 위험물산업기사 보유자
- CAD·CAE 또는 계측 도구 활용 경험
- 제품 개발 전 과정 참여 경험
- 영어 기술 문서 독해 가능자","- 지원서 또는 제출서류를 허위로 기재한 경우
- 채용검진 결과 직무 수행이 어렵다고 판단되는 경우
- 해외여행 및 근무에 결격사유가 있는 경우
- 관련 법령 또는 내부 인사규정상 채용이 불가능한 경우",서류전형 > 직무과제 > 실무면접 > 처우협의
1276,화학엔지니어 전문인력 채용,156,128,20260902,20261001,9,경력 무관,정규직,울산광역시,학사 이상,"본 포지션은 화학엔지니어 업무를 담당하며, 현장의 요구사항을 정확히 파악해 안정적인 결과를 만드는 역할입니다.

엔지니어링·설계 분야의 실무 기준과 절차에 따라 계획 수립부터 실행, 결과 확인까지 전 과정에 참여합니다.

업무 과정에서 발생하는 이슈를 데이터와 기록에 근거해 분석하고, 유관 부서와 협의하여 개선합니다.

입사 후에는 표준 절차와 내부 시스템 교육을 이수하며, 숙련도에 따라 담당 범위가 확대됩니다.

정확성, 안전, 책임 있는 의사소통을 중시하며 실무 중심의 협업 역량을 기대합니다.","- 화학 공정 물질수지 검토
- 시료 분석과 반응 조건 최적화
- 안전·품질 기준 준수 여부 확인
- 제품·시스템 요구사항 분석 및 기술 검토
- 설계 사양서와 도면 작성·개정
- 시제품 제작 및 성능 시험
- 시험 결과 분석과 개선안 도출
- 유관 부서와 일정·품질 협업","- 해외여행 및 현장 근무에 결격사유가 없는 분
- 관련 공학계열 전공 또는 동등한 실무 역량
- 도면과 기술 문서를 이해할 수 있는 분
- 문제 원인을 논리적으로 분석할 수 있는 분
- 협업 부서와 원활하게 소통할 수 있는 분
- 기본적인 문서 작성 및 데이터 분석 역량","- 위험물산업기사 보유자
- 화공기사 보유자
- 품질시스템 또는 안전규격 대응 경험
- CAD·CAE 또는 계측 도구 활용 경험
- 제품 개발 전 과정 참여 경험","- 지원서 또는 제출서류를 허위로 기재한 경우
- 채용검진 결과 직무 수행이 어렵다고 판단되는 경우
- 해외여행 및 근무에 결격사유가 있는 경우
- 관련 법령 또는 내부 인사규정상 채용이 불가능한 경우",서류전형 > 1차면접 > 2차면접 > 채용검진
1277,화학엔지니어 운영인력 모집,150,128,20260107,20260212,13,경력 5년 이상,계약직,세종특별자치시,전문학사 이상,"본 포지션은 화학엔지니어 업무를 담당하며, 현장의 요구사항을 정확히 파악해 안정적인 결과를 만드는 역할입니다.

엔지니어링·설계 분야의 실무 기준과 절차에 따라 계획 수립부터 실행, 결과 확인까지 전 과정에 참여합니다.

업무 과정에서 발생하는 이슈를 데이터와 기록에 근거해 분석하고, 유관 부서와 협의하여 개선합니다.

입사 후에는 표준 절차와 내부 시스템 교육을 이수하며, 숙련도에 따라 담당 범위가 확대됩니다.

정확성, 안전, 책임 있는 의사소통을 중시하며 실무 중심의 협업 역량을 기대합니다.","- 화학 공정 물질수지 검토
- 시료 분석과 반응 조건 최적화
- 시제품 제작 및 성능 시험
- 시험 결과 분석과 개선안 도출
- 유관 부서와 일정·품질 협업
- 기술 문서와 변경 이력 관리
- 협력사 기술 대응 및 부품 검토
- 안전·품질 기준 준수 여부 확인","- 문제 원인을 논리적으로 분석할 수 있는 분
- 협업 부서와 원활하게 소통할 수 있는 분
- 기본적인 문서 작성 및 데이터 분석 역량
- 해외여행 및 현장 근무에 결격사유가 없는 분
- 관련 공학계열 전공 또는 동등한 실무 역량
- 도면과 기술 문서를 이해할 수 있는 분","- 화공기사 보유자
- 화학분석기사 보유자
- 영어 기술 문서 독해 가능자
- 품질시스템 또는 안전규격 대응 경험
- CAD·CAE 또는 계측 도구 활용 경험","- 지원서 또는 제출서류를 허위로 기재한 경우
- 채용검진 결과 직무 수행이 어렵다고 판단되는 경우
- 해외여행 및 근무에 결격사유가 있는 경우
- 관련 법령 또는 내부 인사규정상 채용이 불가능한 경우",서류전형 > 필기전형 > 면접전형 > 최종합격
1278,화학엔지니어 프로젝트 인력 채용,6,128,20260312,20260424,17,신입,무기계약직,경기도,학사 이상,"본 포지션은 화학엔지니어 업무를 담당하며, 현장의 요구사항을 정확히 파악해 안정적인 결과를 만드는 역할입니다.

엔지니어링·설계 분야의 실무 기준과 절차에 따라 계획 수립부터 실행, 결과 확인까지 전 과정에 참여합니다.

업무 과정에서 발생하는 이슈를 데이터와 기록에 근거해 분석하고, 유관 부서와 협의하여 개선합니다.

입사 후에는 표준 절차와 내부 시스템 교육을 이수하며, 숙련도에 따라 담당 범위가 확대됩니다.

정확성, 안전, 책임 있는 의사소통을 중시하며 실무 중심의 협업 역량을 기대합니다.","- 화학 공정 물질수지 검토
- 시료 분석과 반응 조건 최적화
- 기술 문서와 변경 이력 관리
- 협력사 기술 대응 및 부품 검토
- 안전·품질 기준 준수 여부 확인
- 제품·시스템 요구사항 분석 및 기술 검토
- 설계 사양서와 도면 작성·개정
- 시제품 제작 및 성능 시험","- 해외여행 및 현장 근무에 결격사유가 없는 분
- 관련 공학계열 전공 또는 동등한 실무 역량
- 도면과 기술 문서를 이해할 수 있는 분
- 문제 원인을 논리적으로 분석할 수 있는 분
- 협업 부서와 원활하게 소통할 수 있는 분
- 기본적인 문서 작성 및 데이터 분석 역량","- 화학분석기사 보유자
- 위험물산업기사 보유자
- 제품 개발 전 과정 참여 경험
- 영어 기술 문서 독해 가능자
- 품질시스템 또는 안전규격 대응 경험","- 지원서 또는 제출서류를 허위로 기재한 경우
- 채용검진 결과 직무 수행이 어렵다고 판단되는 경우
- 해외여행 및 근무에 결격사유가 있는 경우
- 관련 법령 또는 내부 인사규정상 채용이 불가능한 경우",서류전형 > 실무면접 > 최종면접
1279,화학엔지니어 직무 채용,44,128,20260517,20260531,1,경력,정규직,강원특별자치도,학사 이상,"본 포지션은 화학엔지니어 업무를 담당하며, 현장의 요구사항을 정확히 파악해 안정적인 결과를 만드는 역할입니다.

엔지니어링·설계 분야의 실무 기준과 절차에 따라 계획 수립부터 실행, 결과 확인까지 전 과정에 참여합니다.

업무 과정에서 발생하는 이슈를 데이터와 기록에 근거해 분석하고, 유관 부서와 협의하여 개선합니다.

입사 후에는 표준 절차와 내부 시스템 교육을 이수하며, 숙련도에 따라 담당 범위가 확대됩니다.

정확성, 안전, 책임 있는 의사소통을 중시하며 실무 중심의 협업 역량을 기대합니다.","- 화학 공정 물질수지 검토
- 시료 분석과 반응 조건 최적화
- 제품·시스템 요구사항 분석 및 기술 검토
- 설계 사양서와 도면 작성·개정
- 시제품 제작 및 성능 시험
- 시험 결과 분석과 개선안 도출
- 유관 부서와 일정·품질 협업
- 기술 문서와 변경 이력 관리","- 문제 원인을 논리적으로 분석할 수 있는 분
- 협업 부서와 원활하게 소통할 수 있는 분
- 기본적인 문서 작성 및 데이터 분석 역량
- 해외여행 및 현장 근무에 결격사유가 없는 분
- 관련 공학계열 전공 또는 동등한 실무 역량
- 도면과 기술 문서를 이해할 수 있는 분","- 위험물산업기사 보유자
- 화공기사 보유자
- CAD·CAE 또는 계측 도구 활용 경험
- 제품 개발 전 과정 참여 경험
- 영어 기술 문서 독해 가능자","- 지원서 또는 제출서류를 허위로 기재한 경우
- 채용검진 결과 직무 수행이 어렵다고 판단되는 경우
- 해외여행 및 근무에 결격사유가 있는 경우
- 관련 법령 또는 내부 인사규정상 채용이 불가능한 경우",서류전형 > 인성검사 > 실무면접 > 최종면접
1280,화학엔지니어 부문 모집,63,128,20260722,20260812,5,신입·경력,정규직,충청북도,전문학사 이상,"본 포지션은 화학엔지니어 업무를 담당하며, 현장의 요구사항을 정확히 파악해 안정적인 결과를 만드는 역할입니다.

엔지니어링·설계 분야의 실무 기준과 절차에 따라 계획 수립부터 실행, 결과 확인까지 전 과정에 참여합니다.

업무 과정에서 발생하는 이슈를 데이터와 기록에 근거해 분석하고, 유관 부서와 협의하여 개선합니다.

입사 후에는 표준 절차와 내부 시스템 교육을 이수하며, 숙련도에 따라 담당 범위가 확대됩니다.

정확성, 안전, 책임 있는 의사소통을 중시하며 실무 중심의 협업 역량을 기대합니다.","- 화학 공정 물질수지 검토
- 시료 분석과 반응 조건 최적화
- 시험 결과 분석과 개선안 도출
- 유관 부서와 일정·품질 협업
- 기술 문서와 변경 이력 관리
- 협력사 기술 대응 및 부품 검토
- 안전·품질 기준 준수 여부 확인
- 제품·시스템 요구사항 분석 및 기술 검토","- 해외여행 및 현장 근무에 결격사유가 없는 분
- 관련 공학계열 전공 또는 동등한 실무 역량
- 도면과 기술 문서를 이해할 수 있는 분
- 문제 원인을 논리적으로 분석할 수 있는 분
- 협업 부서와 원활하게 소통할 수 있는 분
- 기본적인 문서 작성 및 데이터 분석 역량","- 화공기사 보유자
- 화학분석기사 보유자
- 품질시스템 또는 안전규격 대응 경험
- CAD·CAE 또는 계측 도구 활용 경험
- 제품 개발 전 과정 참여 경험","- 지원서 또는 제출서류를 허위로 기재한 경우
- 채용검진 결과 직무 수행이 어렵다고 판단되는 경우
- 해외여행 및 근무에 결격사유가 있는 경우
- 관련 법령 또는 내부 인사규정상 채용이 불가능한 경우",서류전형 > 직무과제 > 실무면접 > 처우협의
1281,공정엔지니어 모집,22,129,20261004,20261104,10,신입,정규직,부산광역시,전문학사 이상,"본 포지션은 공정엔지니어 업무를 담당하며, 현장의 요구사항을 정확히 파악해 안정적인 결과를 만드는 역할입니다.

엔지니어링·설계 분야의 실무 기준과 절차에 따라 계획 수립부터 실행, 결과 확인까지 전 과정에 참여합니다.

업무 과정에서 발생하는 이슈를 데이터와 기록에 근거해 분석하고, 유관 부서와 협의하여 개선합니다.

입사 후에는 표준 절차와 내부 시스템 교육을 이수하며, 숙련도에 따라 담당 범위가 확대됩니다.

정확성, 안전, 책임 있는 의사소통을 중시하며 실무 중심의 협업 역량을 기대합니다.","- 공정엔지니어 직무 기준에 따른 실무 수행
- 공정엔지니어 관련 결과물 검토 및 개선
- 안전·품질 기준 준수 여부 확인
- 제품·시스템 요구사항 분석 및 기술 검토
- 설계 사양서와 도면 작성·개정
- 시제품 제작 및 성능 시험
- 시험 결과 분석과 개선안 도출
- 유관 부서와 일정·품질 협업","- 협업 부서와 원활하게 소통할 수 있는 분
- 기본적인 문서 작성 및 데이터 분석 역량
- 해외여행 및 현장 근무에 결격사유가 없는 분
- 관련 공학계열 전공 또는 동등한 실무 역량
- 도면과 기술 문서를 이해할 수 있는 분
- 문제 원인을 논리적으로 분석할 수 있는 분","- 품질경영기사 보유자
- 산업안전기사 보유자
- 품질시스템 또는 안전규격 대응 경험
- CAD·CAE 또는 계측 도구 활용 경험
- 제품 개발 전 과정 참여 경험","- 지원서 또는 제출서류를 허위로 기재한 경우
- 채용검진 결과 직무 수행이 어렵다고 판단되는 경우
- 해외여행 및 근무에 결격사유가 있는 경우
- 관련 법령 또는 내부 인사규정상 채용이 불가능한 경우",서류전형 > 필기전형 > 면접전형 > 최종합격
1282,공정엔지니어 채용,50,129,20260209,20260319,14,경력,정규직,인천광역시,학사 이상,"본 포지션은 공정엔지니어 업무를 담당하며, 현장의 요구사항을 정확히 파악해 안정적인 결과를 만드는 역할입니다.

엔지니어링·설계 분야의 실무 기준과 절차에 따라 계획 수립부터 실행, 결과 확인까지 전 과정에 참여합니다.

업무 과정에서 발생하는 이슈를 데이터와 기록에 근거해 분석하고, 유관 부서와 협의하여 개선합니다.

입사 후에는 표준 절차와 내부 시스템 교육을 이수하며, 숙련도에 따라 담당 범위가 확대됩니다.

정확성, 안전, 책임 있는 의사소통을 중시하며 실무 중심의 협업 역량을 기대합니다.","- 공정엔지니어 직무 기준에 따른 실무 수행
- 공정엔지니어 관련 결과물 검토 및 개선
- 시제품 제작 및 성능 시험
- 시험 결과 분석과 개선안 도출
- 유관 부서와 일정·품질 협업
- 기술 문서와 변경 이력 관리
- 협력사 기술 대응 및 부품 검토
- 안전·품질 기준 준수 여부 확인","- 관련 공학계열 전공 또는 동등한 실무 역량
- 도면과 기술 문서를 이해할 수 있는 분
- 문제 원인을 논리적으로 분석할 수 있는 분
- 협업 부서와 원활하게 소통할 수 있는 분
- 기본적인 문서 작성 및 데이터 분석 역량
- 해외여행 및 현장 근무에 결격사유가 없는 분","- 산업안전기사 보유자
- 6시그마 Green Belt 보유자
- 영어 기술 문서 독해 가능자
- 품질시스템 또는 안전규격 대응 경험
- CAD·CAE 또는 계측 도구 활용 경험","- 지원서 또는 제출서류를 허위로 기재한 경우
- 채용검진 결과 직무 수행이 어렵다고 판단되는 경우
- 해외여행 및 근무에 결격사유가 있는 경우
- 관련 법령 또는 내부 인사규정상 채용이 불가능한 경우",서류전형 > 실무면접 > 최종면접
1283,공정엔지니어 담당자 모집,134,129,20260414,20260529,18,신입·경력,계약직,대전광역시,학사 이상,"본 포지션은 공정엔지니어 업무를 담당하며, 현장의 요구사항을 정확히 파악해 안정적인 결과를 만드는 역할입니다.

엔지니어링·설계 분야의 실무 기준과 절차에 따라 계획 수립부터 실행, 결과 확인까지 전 과정에 참여합니다.

업무 과정에서 발생하는 이슈를 데이터와 기록에 근거해 분석하고, 유관 부서와 협의하여 개선합니다.

입사 후에는 표준 절차와 내부 시스템 교육을 이수하며, 숙련도에 따라 담당 범위가 확대됩니다.

정확성, 안전, 책임 있는 의사소통을 중시하며 실무 중심의 협업 역량을 기대합니다.","- 공정엔지니어 직무 기준에 따른 실무 수행
- 공정엔지니어 관련 결과물 검토 및 개선
- 기술 문서와 변경 이력 관리
- 협력사 기술 대응 및 부품 검토
- 안전·품질 기준 준수 여부 확인
- 제품·시스템 요구사항 분석 및 기술 검토
- 설계 사양서와 도면 작성·개정
- 시제품 제작 및 성능 시험","- 협업 부서와 원활하게 소통할 수 있는 분
- 기본적인 문서 작성 및 데이터 분석 역량
- 해외여행 및 현장 근무에 결격사유가 없는 분
- 관련 공학계열 전공 또는 동등한 실무 역량
- 도면과 기술 문서를 이해할 수 있는 분
- 문제 원인을 논리적으로 분석할 수 있는 분","- 6시그마 Green Belt 보유자
- 품질경영기사 보유자
- 제품 개발 전 과정 참여 경험
- 영어 기술 문서 독해 가능자
- 품질시스템 또는 안전규격 대응 경험","- 지원서 또는 제출서류를 허위로 기재한 경우
- 채용검진 결과 직무 수행이 어렵다고 판단되는 경우
- 해외여행 및 근무에 결격사유가 있는 경우
- 관련 법령 또는 내부 인사규정상 채용이 불가능한 경우",서류전형 > 인성검사 > 실무면접 > 최종면접
1284,공정엔지니어 인재 채용,76,129,20260619,20260705,2,경력 2년 이상,무기계약직,광주광역시,전문학사 이상,"본 포지션은 공정엔지니어 업무를 담당하며, 현장의 요구사항을 정확히 파악해 안정적인 결과를 만드는 역할입니다.

엔지니어링·설계 분야의 실무 기준과 절차에 따라 계획 수립부터 실행, 결과 확인까지 전 과정에 참여합니다.

업무 과정에서 발생하는 이슈를 데이터와 기록에 근거해 분석하고, 유관 부서와 협의하여 개선합니다.

입사 후에는 표준 절차와 내부 시스템 교육을 이수하며, 숙련도에 따라 담당 범위가 확대됩니다.

정확성, 안전, 책임 있는 의사소통을 중시하며 실무 중심의 협업 역량을 기대합니다.","- 공정엔지니어 직무 기준에 따른 실무 수행
- 공정엔지니어 관련 결과물 검토 및 개선
- 제품·시스템 요구사항 분석 및 기술 검토
- 설계 사양서와 도면 작성·개정
- 시제품 제작 및 성능 시험
- 시험 결과 분석과 개선안 도출
- 유관 부서와 일정·품질 협업
- 기술 문서와 변경 이력 관리","- 관련 공학계열 전공 또는 동등한 실무 역량
- 도면과 기술 문서를 이해할 수 있는 분
- 문제 원인을 논리적으로 분석할 수 있는 분
- 협업 부서와 원활하게 소통할 수 있는 분
- 기본적인 문서 작성 및 데이터 분석 역량
- 해외여행 및 현장 근무에 결격사유가 없는 분","- 품질경영기사 보유자
- 산업안전기사 보유자
- CAD·CAE 또는 계측 도구 활용 경험
- 제품 개발 전 과정 참여 경험
- 영어 기술 문서 독해 가능자","- 지원서 또는 제출서류를 허위로 기재한 경우
- 채용검진 결과 직무 수행이 어렵다고 판단되는 경우
- 해외여행 및 근무에 결격사유가 있는 경우
- 관련 법령 또는 내부 인사규정상 채용이 불가능한 경우",서류전형 > 직무과제 > 실무면접 > 처우협의
1285,공정엔지니어 실무자 모집,33,129,20260824,20260916,6,경력 3년 이상,정규직,울산광역시,학사 이상,"본 포지션은 공정엔지니어 업무를 담당하며, 현장의 요구사항을 정확히 파악해 안정적인 결과를 만드는 역할입니다.

엔지니어링·설계 분야의 실무 기준과 절차에 따라 계획 수립부터 실행, 결과 확인까지 전 과정에 참여합니다.

업무 과정에서 발생하는 이슈를 데이터와 기록에 근거해 분석하고, 유관 부서와 협의하여 개선합니다.

입사 후에는 표준 절차와 내부 시스템 교육을 이수하며, 숙련도에 따라 담당 범위가 확대됩니다.

정확성, 안전, 책임 있는 의사소통을 중시하며 실무 중심의 협업 역량을 기대합니다.","- 공정엔지니어 직무 기준에 따른 실무 수행
- 공정엔지니어 관련 결과물 검토 및 개선
- 시험 결과 분석과 개선안 도출
- 유관 부서와 일정·품질 협업
- 기술 문서와 변경 이력 관리
- 협력사 기술 대응 및 부품 검토
- 안전·품질 기준 준수 여부 확인
- 제품·시스템 요구사항 분석 및 기술 검토","- 협업 부서와 원활하게 소통할 수 있는 분
- 기본적인 문서 작성 및 데이터 분석 역량
- 해외여행 및 현장 근무에 결격사유가 없는 분
- 관련 공학계열 전공 또는 동등한 실무 역량
- 도면과 기술 문서를 이해할 수 있는 분
- 문제 원인을 논리적으로 분석할 수 있는 분","- 산업안전기사 보유자
- 6시그마 Green Belt 보유자
- 품질시스템 또는 안전규격 대응 경험
- CAD·CAE 또는 계측 도구 활용 경험
- 제품 개발 전 과정 참여 경험","- 지원서 또는 제출서류를 허위로 기재한 경우
- 채용검진 결과 직무 수행이 어렵다고 판단되는 경우
- 해외여행 및 근무에 결격사유가 있는 경우
- 관련 법령 또는 내부 인사규정상 채용이 불가능한 경우",서류전형 > 1차면접 > 2차면접 > 채용검진
1286,공정엔지니어 전문인력 채용,99,129,20261005,20261104,10,경력 무관,정규직,세종특별자치시,학사 이상,"본 포지션은 공정엔지니어 업무를 담당하며, 현장의 요구사항을 정확히 파악해 안정적인 결과를 만드는 역할입니다.

엔지니어링·설계 분야의 실무 기준과 절차에 따라 계획 수립부터 실행, 결과 확인까지 전 과정에 참여합니다.

업무 과정에서 발생하는 이슈를 데이터와 기록에 근거해 분석하고, 유관 부서와 협의하여 개선합니다.

입사 후에는 표준 절차와 내부 시스템 교육을 이수하며, 숙련도에 따라 담당 범위가 확대됩니다.

정확성, 안전, 책임 있는 의사소통을 중시하며 실무 중심의 협업 역량을 기대합니다.","- 공정엔지니어 직무 기준에 따른 실무 수행
- 공정엔지니어 관련 결과물 검토 및 개선
- 협력사 기술 대응 및 부품 검토
- 안전·품질 기준 준수 여부 확인
- 제품·시스템 요구사항 분석 및 기술 검토
- 설계 사양서와 도면 작성·개정
- 시제품 제작 및 성능 시험
- 시험 결과 분석과 개선안 도출","- 관련 공학계열 전공 또는 동등한 실무 역량
- 도면과 기술 문서를 이해할 수 있는 분
- 문제 원인을 논리적으로 분석할 수 있는 분
- 협업 부서와 원활하게 소통할 수 있는 분
- 기본적인 문서 작성 및 데이터 분석 역량
- 해외여행 및 현장 근무에 결격사유가 없는 분","- 6시그마 Green Belt 보유자
- 품질경영기사 보유자
- 영어 기술 문서 독해 가능자
- 품질시스템 또는 안전규격 대응 경험
- CAD·CAE 또는 계측 도구 활용 경험","- 지원서 또는 제출서류를 허위로 기재한 경우
- 채용검진 결과 직무 수행이 어렵다고 판단되는 경우
- 해외여행 및 근무에 결격사유가 있는 경우
- 관련 법령 또는 내부 인사규정상 채용이 불가능한 경우",서류전형 > 필기전형 > 면접전형 > 최종합격
1287,공정엔지니어 운영인력 모집,45,129,20260210,20260319,14,경력 5년 이상,계약직,경기도,전문학사 이상,"본 포지션은 공정엔지니어 업무를 담당하며, 현장의 요구사항을 정확히 파악해 안정적인 결과를 만드는 역할입니다.

엔지니어링·설계 분야의 실무 기준과 절차에 따라 계획 수립부터 실행, 결과 확인까지 전 과정에 참여합니다.

업무 과정에서 발생하는 이슈를 데이터와 기록에 근거해 분석하고, 유관 부서와 협의하여 개선합니다.

입사 후에는 표준 절차와 내부 시스템 교육을 이수하며, 숙련도에 따라 담당 범위가 확대됩니다.

정확성, 안전, 책임 있는 의사소통을 중시하며 실무 중심의 협업 역량을 기대합니다.","- 공정엔지니어 직무 기준에 따른 실무 수행
- 공정엔지니어 관련 결과물 검토 및 개선
- 설계 사양서와 도면 작성·개정
- 시제품 제작 및 성능 시험
- 시험 결과 분석과 개선안 도출
- 유관 부서와 일정·품질 협업
- 기술 문서와 변경 이력 관리
- 협력사 기술 대응 및 부품 검토","- 협업 부서와 원활하게 소통할 수 있는 분
- 기본적인 문서 작성 및 데이터 분석 역량
- 해외여행 및 현장 근무에 결격사유가 없는 분
- 관련 공학계열 전공 또는 동등한 실무 역량
- 도면과 기술 문서를 이해할 수 있는 분
- 문제 원인을 논리적으로 분석할 수 있는 분","- 품질경영기사 보유자
- 산업안전기사 보유자
- 제품 개발 전 과정 참여 경험
- 영어 기술 문서 독해 가능자
- 품질시스템 또는 안전규격 대응 경험","- 지원서 또는 제출서류를 허위로 기재한 경우
- 채용검진 결과 직무 수행이 어렵다고 판단되는 경우
- 해외여행 및 근무에 결격사유가 있는 경우
- 관련 법령 또는 내부 인사규정상 채용이 불가능한 경우",서류전형 > 실무면접 > 최종면접
1288,공정엔지니어 프로젝트 인력 채용,2,129,20260415,20260529,18,신입,무기계약직,강원특별자치도,학사 이상,"본 포지션은 공정엔지니어 업무를 담당하며, 현장의 요구사항을 정확히 파악해 안정적인 결과를 만드는 역할입니다.

엔지니어링·설계 분야의 실무 기준과 절차에 따라 계획 수립부터 실행, 결과 확인까지 전 과정에 참여합니다.

업무 과정에서 발생하는 이슈를 데이터와 기록에 근거해 분석하고, 유관 부서와 협의하여 개선합니다.

입사 후에는 표준 절차와 내부 시스템 교육을 이수하며, 숙련도에 따라 담당 범위가 확대됩니다.

정확성, 안전, 책임 있는 의사소통을 중시하며 실무 중심의 협업 역량을 기대합니다.","- 공정엔지니어 직무 기준에 따른 실무 수행
- 공정엔지니어 관련 결과물 검토 및 개선
- 유관 부서와 일정·품질 협업
- 기술 문서와 변경 이력 관리
- 협력사 기술 대응 및 부품 검토
- 안전·품질 기준 준수 여부 확인
- 제품·시스템 요구사항 분석 및 기술 검토
- 설계 사양서와 도면 작성·개정","- 관련 공학계열 전공 또는 동등한 실무 역량
- 도면과 기술 문서를 이해할 수 있는 분
- 문제 원인을 논리적으로 분석할 수 있는 분
- 협업 부서와 원활하게 소통할 수 있는 분
- 기본적인 문서 작성 및 데이터 분석 역량
- 해외여행 및 현장 근무에 결격사유가 없는 분","- 산업안전기사 보유자
- 6시그마 Green Belt 보유자
- CAD·CAE 또는 계측 도구 활용 경험
- 제품 개발 전 과정 참여 경험
- 영어 기술 문서 독해 가능자","- 지원서 또는 제출서류를 허위로 기재한 경우
- 채용검진 결과 직무 수행이 어렵다고 판단되는 경우
- 해외여행 및 근무에 결격사유가 있는 경우
- 관련 법령 또는 내부 인사규정상 채용이 불가능한 경우",서류전형 > 인성검사 > 실무면접 > 최종면접
1289,공정엔지니어 직무 채용,142,129,20260620,20260705,2,경력,정규직,충청북도,학사 이상,"본 포지션은 공정엔지니어 업무를 담당하며, 현장의 요구사항을 정확히 파악해 안정적인 결과를 만드는 역할입니다.

엔지니어링·설계 분야의 실무 기준과 절차에 따라 계획 수립부터 실행, 결과 확인까지 전 과정에 참여합니다.

업무 과정에서 발생하는 이슈를 데이터와 기록에 근거해 분석하고, 유관 부서와 협의하여 개선합니다.

입사 후에는 표준 절차와 내부 시스템 교육을 이수하며, 숙련도에 따라 담당 범위가 확대됩니다.

정확성, 안전, 책임 있는 의사소통을 중시하며 실무 중심의 협업 역량을 기대합니다.","- 공정엔지니어 직무 기준에 따른 실무 수행
- 공정엔지니어 관련 결과물 검토 및 개선
- 안전·품질 기준 준수 여부 확인
- 제품·시스템 요구사항 분석 및 기술 검토
- 설계 사양서와 도면 작성·개정
- 시제품 제작 및 성능 시험
- 시험 결과 분석과 개선안 도출
- 유관 부서와 일정·품질 협업","- 협업 부서와 원활하게 소통할 수 있는 분
- 기본적인 문서 작성 및 데이터 분석 역량
- 해외여행 및 현장 근무에 결격사유가 없는 분
- 관련 공학계열 전공 또는 동등한 실무 역량
- 도면과 기술 문서를 이해할 수 있는 분
- 문제 원인을 논리적으로 분석할 수 있는 분","- 6시그마 Green Belt 보유자
- 품질경영기사 보유자
- 품질시스템 또는 안전규격 대응 경험
- CAD·CAE 또는 계측 도구 활용 경험
- 제품 개발 전 과정 참여 경험","- 지원서 또는 제출서류를 허위로 기재한 경우
- 채용검진 결과 직무 수행이 어렵다고 판단되는 경우
- 해외여행 및 근무에 결격사유가 있는 경우
- 관련 법령 또는 내부 인사규정상 채용이 불가능한 경우",서류전형 > 직무과제 > 실무면접 > 처우협의
1290,공정엔지니어 부문 모집,5,129,20260801,20260823,6,신입·경력,정규직,충청남도,전문학사 이상,"본 포지션은 공정엔지니어 업무를 담당하며, 현장의 요구사항을 정확히 파악해 안정적인 결과를 만드는 역할입니다.

엔지니어링·설계 분야의 실무 기준과 절차에 따라 계획 수립부터 실행, 결과 확인까지 전 과정에 참여합니다.

업무 과정에서 발생하는 이슈를 데이터와 기록에 근거해 분석하고, 유관 부서와 협의하여 개선합니다.

입사 후에는 표준 절차와 내부 시스템 교육을 이수하며, 숙련도에 따라 담당 범위가 확대됩니다.

정확성, 안전, 책임 있는 의사소통을 중시하며 실무 중심의 협업 역량을 기대합니다.","- 공정엔지니어 직무 기준에 따른 실무 수행
- 공정엔지니어 관련 결과물 검토 및 개선
- 시제품 제작 및 성능 시험
- 시험 결과 분석과 개선안 도출
- 유관 부서와 일정·품질 협업
- 기술 문서와 변경 이력 관리
- 협력사 기술 대응 및 부품 검토
- 안전·품질 기준 준수 여부 확인","- 관련 공학계열 전공 또는 동등한 실무 역량
- 도면과 기술 문서를 이해할 수 있는 분
- 문제 원인을 논리적으로 분석할 수 있는 분
- 협업 부서와 원활하게 소통할 수 있는 분
- 기본적인 문서 작성 및 데이터 분석 역량
- 해외여행 및 현장 근무에 결격사유가 없는 분","- 품질경영기사 보유자
- 산업안전기사 보유자
- 영어 기술 문서 독해 가능자
- 품질시스템 또는 안전규격 대응 경험
- CAD·CAE 또는 계측 도구 활용 경험","- 지원서 또는 제출서류를 허위로 기재한 경우
- 채용검진 결과 직무 수행이 어렵다고 판단되는 경우
- 해외여행 및 근무에 결격사유가 있는 경우
- 관련 법령 또는 내부 인사규정상 채용이 불가능한 경우",서류전형 > 1차면접 > 2차면접 > 채용검진
1291,하드웨어엔지니어 모집,76,130,20260107,20260208,11,신입,정규직,인천광역시,전문학사 이상,"본 포지션은 하드웨어엔지니어 업무를 담당하며, 현장의 요구사항을 정확히 파악해 안정적인 결과를 만드는 역할입니다.

엔지니어링·설계 분야의 실무 기준과 절차에 따라 계획 수립부터 실행, 결과 확인까지 전 과정에 참여합니다.

업무 과정에서 발생하는 이슈를 데이터와 기록에 근거해 분석하고, 유관 부서와 협의하여 개선합니다.

입사 후에는 표준 절차와 내부 시스템 교육을 이수하며, 숙련도에 따라 담당 범위가 확대됩니다.

정확성, 안전, 책임 있는 의사소통을 중시하며 실무 중심의 협업 역량을 기대합니다.","- 하드웨어엔지니어 직무 기준에 따른 실무 수행
- 하드웨어엔지니어 관련 결과물 검토 및 개선
- 협력사 기술 대응 및 부품 검토
- 안전·품질 기준 준수 여부 확인
- 제품·시스템 요구사항 분석 및 기술 검토
- 설계 사양서와 도면 작성·개정
- 시제품 제작 및 성능 시험
- 시험 결과 분석과 개선안 도출","- 기본적인 문서 작성 및 데이터 분석 역량
- 해외여행 및 현장 근무에 결격사유가 없는 분
- 관련 공학계열 전공 또는 동등한 실무 역량
- 도면과 기술 문서를 이해할 수 있는 분
- 문제 원인을 논리적으로 분석할 수 있는 분
- 협업 부서와 원활하게 소통할 수 있는 분","- 전자기사 보유자
- 정보통신기사 보유자
- 영어 기술 문서 독해 가능자
- 품질시스템 또는 안전규격 대응 경험
- CAD·CAE 또는 계측 도구 활용 경험","- 지원서 또는 제출서류를 허위로 기재한 경우
- 채용검진 결과 직무 수행이 어렵다고 판단되는 경우
- 해외여행 및 근무에 결격사유가 있는 경우
- 관련 법령 또는 내부 인사규정상 채용이 불가능한 경우",서류전형 > 실무면접 > 최종면접
1292,하드웨어엔지니어 채용,127,130,20260312,20260420,15,경력,정규직,대전광역시,학사 이상,"본 포지션은 하드웨어엔지니어 업무를 담당하며, 현장의 요구사항을 정확히 파악해 안정적인 결과를 만드는 역할입니다.

엔지니어링·설계 분야의 실무 기준과 절차에 따라 계획 수립부터 실행, 결과 확인까지 전 과정에 참여합니다.

업무 과정에서 발생하는 이슈를 데이터와 기록에 근거해 분석하고, 유관 부서와 협의하여 개선합니다.

입사 후에는 표준 절차와 내부 시스템 교육을 이수하며, 숙련도에 따라 담당 범위가 확대됩니다.

정확성, 안전, 책임 있는 의사소통을 중시하며 실무 중심의 협업 역량을 기대합니다.","- 하드웨어엔지니어 직무 기준에 따른 실무 수행
- 하드웨어엔지니어 관련 결과물 검토 및 개선
- 설계 사양서와 도면 작성·개정
- 시제품 제작 및 성능 시험
- 시험 결과 분석과 개선안 도출
- 유관 부서와 일정·품질 협업
- 기술 문서와 변경 이력 관리
- 협력사 기술 대응 및 부품 검토","- 도면과 기술 문서를 이해할 수 있는 분
- 문제 원인을 논리적으로 분석할 수 있는 분
- 협업 부서와 원활하게 소통할 수 있는 분
- 기본적인 문서 작성 및 데이터 분석 역량
- 해외여행 및 현장 근무에 결격사유가 없는 분
- 관련 공학계열 전공 또는 동등한 실무 역량","- 정보통신기사 보유자
- 임베디드기사 보유자
- 제품 개발 전 과정 참여 경험
- 영어 기술 문서 독해 가능자
- 품질시스템 또는 안전규격 대응 경험","- 지원서 또는 제출서류를 허위로 기재한 경우
- 채용검진 결과 직무 수행이 어렵다고 판단되는 경우
- 해외여행 및 근무에 결격사유가 있는 경우
- 관련 법령 또는 내부 인사규정상 채용이 불가능한 경우",서류전형 > 인성검사 > 실무면접 > 최종면접
1293,하드웨어엔지니어 담당자 모집,155,130,20260517,20260527,19,신입·경력,계약직,광주광역시,학사 이상,"본 포지션은 하드웨어엔지니어 업무를 담당하며, 현장의 요구사항을 정확히 파악해 안정적인 결과를 만드는 역할입니다.

엔지니어링·설계 분야의 실무 기준과 절차에 따라 계획 수립부터 실행, 결과 확인까지 전 과정에 참여합니다.

업무 과정에서 발생하는 이슈를 데이터와 기록에 근거해 분석하고, 유관 부서와 협의하여 개선합니다.

입사 후에는 표준 절차와 내부 시스템 교육을 이수하며, 숙련도에 따라 담당 범위가 확대됩니다.

정확성, 안전, 책임 있는 의사소통을 중시하며 실무 중심의 협업 역량을 기대합니다.","- 하드웨어엔지니어 직무 기준에 따른 실무 수행
- 하드웨어엔지니어 관련 결과물 검토 및 개선
- 유관 부서와 일정·품질 협업
- 기술 문서와 변경 이력 관리
- 협력사 기술 대응 및 부품 검토
- 안전·품질 기준 준수 여부 확인
- 제품·시스템 요구사항 분석 및 기술 검토
- 설계 사양서와 도면 작성·개정","- 기본적인 문서 작성 및 데이터 분석 역량
- 해외여행 및 현장 근무에 결격사유가 없는 분
- 관련 공학계열 전공 또는 동등한 실무 역량
- 도면과 기술 문서를 이해할 수 있는 분
- 문제 원인을 논리적으로 분석할 수 있는 분
- 협업 부서와 원활하게 소통할 수 있는 분","- 임베디드기사 보유자
- 전자기사 보유자
- CAD·CAE 또는 계측 도구 활용 경험
- 제품 개발 전 과정 참여 경험
- 영어 기술 문서 독해 가능자","- 지원서 또는 제출서류를 허위로 기재한 경우
- 채용검진 결과 직무 수행이 어렵다고 판단되는 경우
- 해외여행 및 근무에 결격사유가 있는 경우
- 관련 법령 또는 내부 인사규정상 채용이 불가능한 경우",서류전형 > 직무과제 > 실무면접 > 처우협의
1294,하드웨어엔지니어 인재 채용,27,130,20260722,20260808,3,경력 2년 이상,무기계약직,울산광역시,전문학사 이상,"본 포지션은 하드웨어엔지니어 업무를 담당하며, 현장의 요구사항을 정확히 파악해 안정적인 결과를 만드는 역할입니다.

엔지니어링·설계 분야의 실무 기준과 절차에 따라 계획 수립부터 실행, 결과 확인까지 전 과정에 참여합니다.

업무 과정에서 발생하는 이슈를 데이터와 기록에 근거해 분석하고, 유관 부서와 협의하여 개선합니다.

입사 후에는 표준 절차와 내부 시스템 교육을 이수하며, 숙련도에 따라 담당 범위가 확대됩니다.

정확성, 안전, 책임 있는 의사소통을 중시하며 실무 중심의 협업 역량을 기대합니다.","- 하드웨어엔지니어 직무 기준에 따른 실무 수행
- 하드웨어엔지니어 관련 결과물 검토 및 개선
- 안전·품질 기준 준수 여부 확인
- 제품·시스템 요구사항 분석 및 기술 검토
- 설계 사양서와 도면 작성·개정
- 시제품 제작 및 성능 시험
- 시험 결과 분석과 개선안 도출
- 유관 부서와 일정·품질 협업","- 도면과 기술 문서를 이해할 수 있는 분
- 문제 원인을 논리적으로 분석할 수 있는 분
- 협업 부서와 원활하게 소통할 수 있는 분
- 기본적인 문서 작성 및 데이터 분석 역량
- 해외여행 및 현장 근무에 결격사유가 없는 분
- 관련 공학계열 전공 또는 동등한 실무 역량","- 전자기사 보유자
- 정보통신기사 보유자
- 품질시스템 또는 안전규격 대응 경험
- CAD·CAE 또는 계측 도구 활용 경험
- 제품 개발 전 과정 참여 경험","- 지원서 또는 제출서류를 허위로 기재한 경우
- 채용검진 결과 직무 수행이 어렵다고 판단되는 경우
- 해외여행 및 근무에 결격사유가 있는 경우
- 관련 법령 또는 내부 인사규정상 채용이 불가능한 경우",서류전형 > 1차면접 > 2차면접 > 채용검진
1295,하드웨어엔지니어 실무자 모집,24,130,20260903,20260927,7,경력 3년 이상,정규직,세종특별자치시,학사 이상,"본 포지션은 하드웨어엔지니어 업무를 담당하며, 현장의 요구사항을 정확히 파악해 안정적인 결과를 만드는 역할입니다.

엔지니어링·설계 분야의 실무 기준과 절차에 따라 계획 수립부터 실행, 결과 확인까지 전 과정에 참여합니다.

업무 과정에서 발생하는 이슈를 데이터와 기록에 근거해 분석하고, 유관 부서와 협의하여 개선합니다.

입사 후에는 표준 절차와 내부 시스템 교육을 이수하며, 숙련도에 따라 담당 범위가 확대됩니다.

정확성, 안전, 책임 있는 의사소통을 중시하며 실무 중심의 협업 역량을 기대합니다.","- 하드웨어엔지니어 직무 기준에 따른 실무 수행
- 하드웨어엔지니어 관련 결과물 검토 및 개선
- 시제품 제작 및 성능 시험
- 시험 결과 분석과 개선안 도출
- 유관 부서와 일정·품질 협업
- 기술 문서와 변경 이력 관리
- 협력사 기술 대응 및 부품 검토
- 안전·품질 기준 준수 여부 확인","- 기본적인 문서 작성 및 데이터 분석 역량
- 해외여행 및 현장 근무에 결격사유가 없는 분
- 관련 공학계열 전공 또는 동등한 실무 역량
- 도면과 기술 문서를 이해할 수 있는 분
- 문제 원인을 논리적으로 분석할 수 있는 분
- 협업 부서와 원활하게 소통할 수 있는 분","- 정보통신기사 보유자
- 임베디드기사 보유자
- 영어 기술 문서 독해 가능자
- 품질시스템 또는 안전규격 대응 경험
- CAD·CAE 또는 계측 도구 활용 경험","- 지원서 또는 제출서류를 허위로 기재한 경우
- 채용검진 결과 직무 수행이 어렵다고 판단되는 경우
- 해외여행 및 근무에 결격사유가 있는 경우
- 관련 법령 또는 내부 인사규정상 채용이 불가능한 경우",서류전형 > 필기전형 > 면접전형 > 최종합격
1296,하드웨어엔지니어 전문인력 채용,109,130,20260108,20260208,11,경력 무관,정규직,경기도,학사 이상,"본 포지션은 하드웨어엔지니어 업무를 담당하며, 현장의 요구사항을 정확히 파악해 안정적인 결과를 만드는 역할입니다.

엔지니어링·설계 분야의 실무 기준과 절차에 따라 계획 수립부터 실행, 결과 확인까지 전 과정에 참여합니다.

업무 과정에서 발생하는 이슈를 데이터와 기록에 근거해 분석하고, 유관 부서와 협의하여 개선합니다.

입사 후에는 표준 절차와 내부 시스템 교육을 이수하며, 숙련도에 따라 담당 범위가 확대됩니다.

정확성, 안전, 책임 있는 의사소통을 중시하며 실무 중심의 협업 역량을 기대합니다.","- 하드웨어엔지니어 직무 기준에 따른 실무 수행
- 하드웨어엔지니어 관련 결과물 검토 및 개선
- 기술 문서와 변경 이력 관리
- 협력사 기술 대응 및 부품 검토
- 안전·품질 기준 준수 여부 확인
- 제품·시스템 요구사항 분석 및 기술 검토
- 설계 사양서와 도면 작성·개정
- 시제품 제작 및 성능 시험","- 도면과 기술 문서를 이해할 수 있는 분
- 문제 원인을 논리적으로 분석할 수 있는 분
- 협업 부서와 원활하게 소통할 수 있는 분
- 기본적인 문서 작성 및 데이터 분석 역량
- 해외여행 및 현장 근무에 결격사유가 없는 분
- 관련 공학계열 전공 또는 동등한 실무 역량","- 임베디드기사 보유자
- 전자기사 보유자
- 제품 개발 전 과정 참여 경험
- 영어 기술 문서 독해 가능자
- 품질시스템 또는 안전규격 대응 경험","- 지원서 또는 제출서류를 허위로 기재한 경우
- 채용검진 결과 직무 수행이 어렵다고 판단되는 경우
- 해외여행 및 근무에 결격사유가 있는 경우
- 관련 법령 또는 내부 인사규정상 채용이 불가능한 경우",서류전형 > 실무면접 > 최종면접
1297,하드웨어엔지니어 운영인력 모집,91,130,20260313,20260420,15,경력 5년 이상,계약직,강원특별자치도,전문학사 이상,"본 포지션은 하드웨어엔지니어 업무를 담당하며, 현장의 요구사항을 정확히 파악해 안정적인 결과를 만드는 역할입니다.

엔지니어링·설계 분야의 실무 기준과 절차에 따라 계획 수립부터 실행, 결과 확인까지 전 과정에 참여합니다.

업무 과정에서 발생하는 이슈를 데이터와 기록에 근거해 분석하고, 유관 부서와 협의하여 개선합니다.

입사 후에는 표준 절차와 내부 시스템 교육을 이수하며, 숙련도에 따라 담당 범위가 확대됩니다.

정확성, 안전, 책임 있는 의사소통을 중시하며 실무 중심의 협업 역량을 기대합니다.","- 하드웨어엔지니어 직무 기준에 따른 실무 수행
- 하드웨어엔지니어 관련 결과물 검토 및 개선
- 제품·시스템 요구사항 분석 및 기술 검토
- 설계 사양서와 도면 작성·개정
- 시제품 제작 및 성능 시험
- 시험 결과 분석과 개선안 도출
- 유관 부서와 일정·품질 협업
- 기술 문서와 변경 이력 관리","- 기본적인 문서 작성 및 데이터 분석 역량
- 해외여행 및 현장 근무에 결격사유가 없는 분
- 관련 공학계열 전공 또는 동등한 실무 역량
- 도면과 기술 문서를 이해할 수 있는 분
- 문제 원인을 논리적으로 분석할 수 있는 분
- 협업 부서와 원활하게 소통할 수 있는 분","- 전자기사 보유자
- 정보통신기사 보유자
- CAD·CAE 또는 계측 도구 활용 경험
- 제품 개발 전 과정 참여 경험
- 영어 기술 문서 독해 가능자","- 지원서 또는 제출서류를 허위로 기재한 경우
- 채용검진 결과 직무 수행이 어렵다고 판단되는 경우
- 해외여행 및 근무에 결격사유가 있는 경우
- 관련 법령 또는 내부 인사규정상 채용이 불가능한 경우",서류전형 > 인성검사 > 실무면접 > 최종면접
1298,하드웨어엔지니어 프로젝트 인력 채용,61,130,20260518,20260702,19,신입,무기계약직,충청북도,학사 이상,"본 포지션은 하드웨어엔지니어 업무를 담당하며, 현장의 요구사항을 정확히 파악해 안정적인 결과를 만드는 역할입니다.

엔지니어링·설계 분야의 실무 기준과 절차에 따라 계획 수립부터 실행, 결과 확인까지 전 과정에 참여합니다.

업무 과정에서 발생하는 이슈를 데이터와 기록에 근거해 분석하고, 유관 부서와 협의하여 개선합니다.

입사 후에는 표준 절차와 내부 시스템 교육을 이수하며, 숙련도에 따라 담당 범위가 확대됩니다.

정확성, 안전, 책임 있는 의사소통을 중시하며 실무 중심의 협업 역량을 기대합니다.","- 하드웨어엔지니어 직무 기준에 따른 실무 수행
- 하드웨어엔지니어 관련 결과물 검토 및 개선
- 시험 결과 분석과 개선안 도출
- 유관 부서와 일정·품질 협업
- 기술 문서와 변경 이력 관리
- 협력사 기술 대응 및 부품 검토
- 안전·품질 기준 준수 여부 확인
- 제품·시스템 요구사항 분석 및 기술 검토","- 도면과 기술 문서를 이해할 수 있는 분
- 문제 원인을 논리적으로 분석할 수 있는 분
- 협업 부서와 원활하게 소통할 수 있는 분
- 기본적인 문서 작성 및 데이터 분석 역량
- 해외여행 및 현장 근무에 결격사유가 없는 분
- 관련 공학계열 전공 또는 동등한 실무 역량","- 정보통신기사 보유자
- 임베디드기사 보유자
- 품질시스템 또는 안전규격 대응 경험
- CAD·CAE 또는 계측 도구 활용 경험
- 제품 개발 전 과정 참여 경험","- 지원서 또는 제출서류를 허위로 기재한 경우
- 채용검진 결과 직무 수행이 어렵다고 판단되는 경우
- 해외여행 및 근무에 결격사유가 있는 경우
- 관련 법령 또는 내부 인사규정상 채용이 불가능한 경우",서류전형 > 직무과제 > 실무면접 > 처우협의
1299,하드웨어엔지니어 직무 채용,78,130,20260723,20260808,3,경력,정규직,충청남도,학사 이상,"본 포지션은 하드웨어엔지니어 업무를 담당하며, 현장의 요구사항을 정확히 파악해 안정적인 결과를 만드는 역할입니다.

엔지니어링·설계 분야의 실무 기준과 절차에 따라 계획 수립부터 실행, 결과 확인까지 전 과정에 참여합니다.

업무 과정에서 발생하는 이슈를 데이터와 기록에 근거해 분석하고, 유관 부서와 협의하여 개선합니다.

입사 후에는 표준 절차와 내부 시스템 교육을 이수하며, 숙련도에 따라 담당 범위가 확대됩니다.

정확성, 안전, 책임 있는 의사소통을 중시하며 실무 중심의 협업 역량을 기대합니다.","- 하드웨어엔지니어 직무 기준에 따른 실무 수행
- 하드웨어엔지니어 관련 결과물 검토 및 개선
- 협력사 기술 대응 및 부품 검토
- 안전·품질 기준 준수 여부 확인
- 제품·시스템 요구사항 분석 및 기술 검토
- 설계 사양서와 도면 작성·개정
- 시제품 제작 및 성능 시험
- 시험 결과 분석과 개선안 도출","- 기본적인 문서 작성 및 데이터 분석 역량
- 해외여행 및 현장 근무에 결격사유가 없는 분
- 관련 공학계열 전공 또는 동등한 실무 역량
- 도면과 기술 문서를 이해할 수 있는 분
- 문제 원인을 논리적으로 분석할 수 있는 분
- 협업 부서와 원활하게 소통할 수 있는 분","- 임베디드기사 보유자
- 전자기사 보유자
- 영어 기술 문서 독해 가능자
- 품질시스템 또는 안전규격 대응 경험
- CAD·CAE 또는 계측 도구 활용 경험","- 지원서 또는 제출서류를 허위로 기재한 경우
- 채용검진 결과 직무 수행이 어렵다고 판단되는 경우
- 해외여행 및 근무에 결격사유가 있는 경우
- 관련 법령 또는 내부 인사규정상 채용이 불가능한 경우",서류전형 > 1차면접 > 2차면접 > 채용검진
1300,하드웨어엔지니어 부문 모집,64,130,20260904,20260927,7,신입·경력,정규직,전북특별자치도,전문학사 이상,"본 포지션은 하드웨어엔지니어 업무를 담당하며, 현장의 요구사항을 정확히 파악해 안정적인 결과를 만드는 역할입니다.

엔지니어링·설계 분야의 실무 기준과 절차에 따라 계획 수립부터 실행, 결과 확인까지 전 과정에 참여합니다.

업무 과정에서 발생하는 이슈를 데이터와 기록에 근거해 분석하고, 유관 부서와 협의하여 개선합니다.

입사 후에는 표준 절차와 내부 시스템 교육을 이수하며, 숙련도에 따라 담당 범위가 확대됩니다.

정확성, 안전, 책임 있는 의사소통을 중시하며 실무 중심의 협업 역량을 기대합니다.","- 하드웨어엔지니어 직무 기준에 따른 실무 수행
- 하드웨어엔지니어 관련 결과물 검토 및 개선
- 설계 사양서와 도면 작성·개정
- 시제품 제작 및 성능 시험
- 시험 결과 분석과 개선안 도출
- 유관 부서와 일정·품질 협업
- 기술 문서와 변경 이력 관리
- 협력사 기술 대응 및 부품 검토","- 도면과 기술 문서를 이해할 수 있는 분
- 문제 원인을 논리적으로 분석할 수 있는 분
- 협업 부서와 원활하게 소통할 수 있는 분
- 기본적인 문서 작성 및 데이터 분석 역량
- 해외여행 및 현장 근무에 결격사유가 없는 분
- 관련 공학계열 전공 또는 동등한 실무 역량","- 전자기사 보유자
- 정보통신기사 보유자
- 제품 개발 전 과정 참여 경험
- 영어 기술 문서 독해 가능자
- 품질시스템 또는 안전규격 대응 경험","- 지원서 또는 제출서류를 허위로 기재한 경우
- 채용검진 결과 직무 수행이 어렵다고 판단되는 경우
- 해외여행 및 근무에 결격사유가 있는 경우
- 관련 법령 또는 내부 인사규정상 채용이 불가능한 경우",서류전형 > 필기전형 > 면접전형 > 최종합격
1301,통신엔지니어 모집,17,131,20260210,20260315,12,신입,정규직,대전광역시,전문학사 이상,"본 포지션은 통신엔지니어 업무를 담당하며, 현장의 요구사항을 정확히 파악해 안정적인 결과를 만드는 역할입니다.

엔지니어링·설계 분야의 실무 기준과 절차에 따라 계획 수립부터 실행, 결과 확인까지 전 과정에 참여합니다.

업무 과정에서 발생하는 이슈를 데이터와 기록에 근거해 분석하고, 유관 부서와 협의하여 개선합니다.

입사 후에는 표준 절차와 내부 시스템 교육을 이수하며, 숙련도에 따라 담당 범위가 확대됩니다.

정확성, 안전, 책임 있는 의사소통을 중시하며 실무 중심의 협업 역량을 기대합니다.","- 통신엔지니어 직무 기준에 따른 실무 수행
- 통신엔지니어 관련 결과물 검토 및 개선
- 기술 문서와 변경 이력 관리
- 협력사 기술 대응 및 부품 검토
- 안전·품질 기준 준수 여부 확인
- 제품·시스템 요구사항 분석 및 기술 검토
- 설계 사양서와 도면 작성·개정
- 시제품 제작 및 성능 시험","- 해외여행 및 현장 근무에 결격사유가 없는 분
- 관련 공학계열 전공 또는 동등한 실무 역량
- 도면과 기술 문서를 이해할 수 있는 분
- 문제 원인을 논리적으로 분석할 수 있는 분
- 협업 부서와 원활하게 소통할 수 있는 분
- 기본적인 문서 작성 및 데이터 분석 역량","- 정보통신기사 보유자
- 무선설비기사 보유자
- 제품 개발 전 과정 참여 경험
- 영어 기술 문서 독해 가능자
- 품질시스템 또는 안전규격 대응 경험","- 지원서 또는 제출서류를 허위로 기재한 경우
- 채용검진 결과 직무 수행이 어렵다고 판단되는 경우
- 해외여행 및 근무에 결격사유가 있는 경우
- 관련 법령 또는 내부 인사규정상 채용이 불가능한 경우",서류전형 > 인성검사 > 실무면접 > 최종면접
1302,통신엔지니어 채용,64,131,20260415,20260525,16,경력,정규직,광주광역시,학사 이상,"본 포지션은 통신엔지니어 업무를 담당하며, 현장의 요구사항을 정확히 파악해 안정적인 결과를 만드는 역할입니다.

엔지니어링·설계 분야의 실무 기준과 절차에 따라 계획 수립부터 실행, 결과 확인까지 전 과정에 참여합니다.

업무 과정에서 발생하는 이슈를 데이터와 기록에 근거해 분석하고, 유관 부서와 협의하여 개선합니다.

입사 후에는 표준 절차와 내부 시스템 교육을 이수하며, 숙련도에 따라 담당 범위가 확대됩니다.

정확성, 안전, 책임 있는 의사소통을 중시하며 실무 중심의 협업 역량을 기대합니다.","- 통신엔지니어 직무 기준에 따른 실무 수행
- 통신엔지니어 관련 결과물 검토 및 개선
- 제품·시스템 요구사항 분석 및 기술 검토
- 설계 사양서와 도면 작성·개정
- 시제품 제작 및 성능 시험
- 시험 결과 분석과 개선안 도출
- 유관 부서와 일정·품질 협업
- 기술 문서와 변경 이력 관리","- 문제 원인을 논리적으로 분석할 수 있는 분
- 협업 부서와 원활하게 소통할 수 있는 분
- 기본적인 문서 작성 및 데이터 분석 역량
- 해외여행 및 현장 근무에 결격사유가 없는 분
- 관련 공학계열 전공 또는 동등한 실무 역량
- 도면과 기술 문서를 이해할 수 있는 분","- 무선설비기사 보유자
- 통신선로산업기사 보유자
- CAD·CAE 또는 계측 도구 활용 경험
- 제품 개발 전 과정 참여 경험
- 영어 기술 문서 독해 가능자","- 지원서 또는 제출서류를 허위로 기재한 경우
- 채용검진 결과 직무 수행이 어렵다고 판단되는 경우
- 해외여행 및 근무에 결격사유가 있는 경우
- 관련 법령 또는 내부 인사규정상 채용이 불가능한 경우",서류전형 > 직무과제 > 실무면접 > 처우협의
1303,통신엔지니어 담당자 모집,150,131,20260620,20260701,20,신입·경력,계약직,울산광역시,학사 이상,"본 포지션은 통신엔지니어 업무를 담당하며, 현장의 요구사항을 정확히 파악해 안정적인 결과를 만드는 역할입니다.

엔지니어링·설계 분야의 실무 기준과 절차에 따라 계획 수립부터 실행, 결과 확인까지 전 과정에 참여합니다.

업무 과정에서 발생하는 이슈를 데이터와 기록에 근거해 분석하고, 유관 부서와 협의하여 개선합니다.

입사 후에는 표준 절차와 내부 시스템 교육을 이수하며, 숙련도에 따라 담당 범위가 확대됩니다.

정확성, 안전, 책임 있는 의사소통을 중시하며 실무 중심의 협업 역량을 기대합니다.","- 통신엔지니어 직무 기준에 따른 실무 수행
- 통신엔지니어 관련 결과물 검토 및 개선
- 시험 결과 분석과 개선안 도출
- 유관 부서와 일정·품질 협업
- 기술 문서와 변경 이력 관리
- 협력사 기술 대응 및 부품 검토
- 안전·품질 기준 준수 여부 확인
- 제품·시스템 요구사항 분석 및 기술 검토","- 해외여행 및 현장 근무에 결격사유가 없는 분
- 관련 공학계열 전공 또는 동등한 실무 역량
- 도면과 기술 문서를 이해할 수 있는 분
- 문제 원인을 논리적으로 분석할 수 있는 분
- 협업 부서와 원활하게 소통할 수 있는 분
- 기본적인 문서 작성 및 데이터 분석 역량","- 통신선로산업기사 보유자
- 정보통신기사 보유자
- 품질시스템 또는 안전규격 대응 경험
- CAD·CAE 또는 계측 도구 활용 경험
- 제품 개발 전 과정 참여 경험","- 지원서 또는 제출서류를 허위로 기재한 경우
- 채용검진 결과 직무 수행이 어렵다고 판단되는 경우
- 해외여행 및 근무에 결격사유가 있는 경우
- 관련 법령 또는 내부 인사규정상 채용이 불가능한 경우",서류전형 > 1차면접 > 2차면접 > 채용검진
1304,통신엔지니어 인재 채용,84,131,20260801,20260819,4,경력 2년 이상,무기계약직,세종특별자치시,전문학사 이상,"본 포지션은 통신엔지니어 업무를 담당하며, 현장의 요구사항을 정확히 파악해 안정적인 결과를 만드는 역할입니다.

엔지니어링·설계 분야의 실무 기준과 절차에 따라 계획 수립부터 실행, 결과 확인까지 전 과정에 참여합니다.

업무 과정에서 발생하는 이슈를 데이터와 기록에 근거해 분석하고, 유관 부서와 협의하여 개선합니다.

입사 후에는 표준 절차와 내부 시스템 교육을 이수하며, 숙련도에 따라 담당 범위가 확대됩니다.

정확성, 안전, 책임 있는 의사소통을 중시하며 실무 중심의 협업 역량을 기대합니다.","- 통신엔지니어 직무 기준에 따른 실무 수행
- 통신엔지니어 관련 결과물 검토 및 개선
- 협력사 기술 대응 및 부품 검토
- 안전·품질 기준 준수 여부 확인
- 제품·시스템 요구사항 분석 및 기술 검토
- 설계 사양서와 도면 작성·개정
- 시제품 제작 및 성능 시험
- 시험 결과 분석과 개선안 도출","- 문제 원인을 논리적으로 분석할 수 있는 분
- 협업 부서와 원활하게 소통할 수 있는 분
- 기본적인 문서 작성 및 데이터 분석 역량
- 해외여행 및 현장 근무에 결격사유가 없는 분
- 관련 공학계열 전공 또는 동등한 실무 역량
- 도면과 기술 문서를 이해할 수 있는 분","- 정보통신기사 보유자
- 무선설비기사 보유자
- 영어 기술 문서 독해 가능자
- 품질시스템 또는 안전규격 대응 경험
- CAD·CAE 또는 계측 도구 활용 경험","- 지원서 또는 제출서류를 허위로 기재한 경우
- 채용검진 결과 직무 수행이 어렵다고 판단되는 경우
- 해외여행 및 근무에 결격사유가 있는 경우
- 관련 법령 또는 내부 인사규정상 채용이 불가능한 경우",서류전형 > 필기전형 > 면접전형 > 최종합격
1305,통신엔지니어 실무자 모집,140,131,20261006,20261031,8,경력 3년 이상,정규직,경기도,학사 이상,"본 포지션은 통신엔지니어 업무를 담당하며, 현장의 요구사항을 정확히 파악해 안정적인 결과를 만드는 역할입니다.

엔지니어링·설계 분야의 실무 기준과 절차에 따라 계획 수립부터 실행, 결과 확인까지 전 과정에 참여합니다.

업무 과정에서 발생하는 이슈를 데이터와 기록에 근거해 분석하고, 유관 부서와 협의하여 개선합니다.

입사 후에는 표준 절차와 내부 시스템 교육을 이수하며, 숙련도에 따라 담당 범위가 확대됩니다.

정확성, 안전, 책임 있는 의사소통을 중시하며 실무 중심의 협업 역량을 기대합니다.","- 통신엔지니어 직무 기준에 따른 실무 수행
- 통신엔지니어 관련 결과물 검토 및 개선
- 설계 사양서와 도면 작성·개정
- 시제품 제작 및 성능 시험
- 시험 결과 분석과 개선안 도출
- 유관 부서와 일정·품질 협업
- 기술 문서와 변경 이력 관리
- 협력사 기술 대응 및 부품 검토","- 해외여행 및 현장 근무에 결격사유가 없는 분
- 관련 공학계열 전공 또는 동등한 실무 역량
- 도면과 기술 문서를 이해할 수 있는 분
- 문제 원인을 논리적으로 분석할 수 있는 분
- 협업 부서와 원활하게 소통할 수 있는 분
- 기본적인 문서 작성 및 데이터 분석 역량","- 무선설비기사 보유자
- 통신선로산업기사 보유자
- 제품 개발 전 과정 참여 경험
- 영어 기술 문서 독해 가능자
- 품질시스템 또는 안전규격 대응 경험","- 지원서 또는 제출서류를 허위로 기재한 경우
- 채용검진 결과 직무 수행이 어렵다고 판단되는 경우
- 해외여행 및 근무에 결격사유가 있는 경우
- 관련 법령 또는 내부 인사규정상 채용이 불가능한 경우",서류전형 > 실무면접 > 최종면접
1306,통신엔지니어 전문인력 채용,19,131,20260211,20260315,12,경력 무관,정규직,강원특별자치도,학사 이상,"본 포지션은 통신엔지니어 업무를 담당하며, 현장의 요구사항을 정확히 파악해 안정적인 결과를 만드는 역할입니다.

엔지니어링·설계 분야의 실무 기준과 절차에 따라 계획 수립부터 실행, 결과 확인까지 전 과정에 참여합니다.

업무 과정에서 발생하는 이슈를 데이터와 기록에 근거해 분석하고, 유관 부서와 협의하여 개선합니다.

입사 후에는 표준 절차와 내부 시스템 교육을 이수하며, 숙련도에 따라 담당 범위가 확대됩니다.

정확성, 안전, 책임 있는 의사소통을 중시하며 실무 중심의 협업 역량을 기대합니다.","- 통신엔지니어 직무 기준에 따른 실무 수행
- 통신엔지니어 관련 결과물 검토 및 개선
- 유관 부서와 일정·품질 협업
- 기술 문서와 변경 이력 관리
- 협력사 기술 대응 및 부품 검토
- 안전·품질 기준 준수 여부 확인
- 제품·시스템 요구사항 분석 및 기술 검토
- 설계 사양서와 도면 작성·개정","- 문제 원인을 논리적으로 분석할 수 있는 분
- 협업 부서와 원활하게 소통할 수 있는 분
- 기본적인 문서 작성 및 데이터 분석 역량
- 해외여행 및 현장 근무에 결격사유가 없는 분
- 관련 공학계열 전공 또는 동등한 실무 역량
- 도면과 기술 문서를 이해할 수 있는 분","- 통신선로산업기사 보유자
- 정보통신기사 보유자
- CAD·CAE 또는 계측 도구 활용 경험
- 제품 개발 전 과정 참여 경험
- 영어 기술 문서 독해 가능자","- 지원서 또는 제출서류를 허위로 기재한 경우
- 채용검진 결과 직무 수행이 어렵다고 판단되는 경우
- 해외여행 및 근무에 결격사유가 있는 경우
- 관련 법령 또는 내부 인사규정상 채용이 불가능한 경우",서류전형 > 인성검사 > 실무면접 > 최종면접
1307,통신엔지니어 운영인력 모집,40,131,20260416,20260525,16,경력 5년 이상,계약직,충청북도,전문학사 이상,"본 포지션은 통신엔지니어 업무를 담당하며, 현장의 요구사항을 정확히 파악해 안정적인 결과를 만드는 역할입니다.

엔지니어링·설계 분야의 실무 기준과 절차에 따라 계획 수립부터 실행, 결과 확인까지 전 과정에 참여합니다.

업무 과정에서 발생하는 이슈를 데이터와 기록에 근거해 분석하고, 유관 부서와 협의하여 개선합니다.

입사 후에는 표준 절차와 내부 시스템 교육을 이수하며, 숙련도에 따라 담당 범위가 확대됩니다.

정확성, 안전, 책임 있는 의사소통을 중시하며 실무 중심의 협업 역량을 기대합니다.","- 통신엔지니어 직무 기준에 따른 실무 수행
- 통신엔지니어 관련 결과물 검토 및 개선
- 안전·품질 기준 준수 여부 확인
- 제품·시스템 요구사항 분석 및 기술 검토
- 설계 사양서와 도면 작성·개정
- 시제품 제작 및 성능 시험
- 시험 결과 분석과 개선안 도출
- 유관 부서와 일정·품질 협업","- 해외여행 및 현장 근무에 결격사유가 없는 분
- 관련 공학계열 전공 또는 동등한 실무 역량
- 도면과 기술 문서를 이해할 수 있는 분
- 문제 원인을 논리적으로 분석할 수 있는 분
- 협업 부서와 원활하게 소통할 수 있는 분
- 기본적인 문서 작성 및 데이터 분석 역량","- 정보통신기사 보유자
- 무선설비기사 보유자
- 품질시스템 또는 안전규격 대응 경험
- CAD·CAE 또는 계측 도구 활용 경험
- 제품 개발 전 과정 참여 경험","- 지원서 또는 제출서류를 허위로 기재한 경우
- 채용검진 결과 직무 수행이 어렵다고 판단되는 경우
- 해외여행 및 근무에 결격사유가 있는 경우
- 관련 법령 또는 내부 인사규정상 채용이 불가능한 경우",서류전형 > 직무과제 > 실무면접 > 처우협의
1308,통신엔지니어 프로젝트 인력 채용,27,131,20260621,20260701,20,신입,무기계약직,충청남도,학사 이상,"본 포지션은 통신엔지니어 업무를 담당하며, 현장의 요구사항을 정확히 파악해 안정적인 결과를 만드는 역할입니다.

엔지니어링·설계 분야의 실무 기준과 절차에 따라 계획 수립부터 실행, 결과 확인까지 전 과정에 참여합니다.

업무 과정에서 발생하는 이슈를 데이터와 기록에 근거해 분석하고, 유관 부서와 협의하여 개선합니다.

입사 후에는 표준 절차와 내부 시스템 교육을 이수하며, 숙련도에 따라 담당 범위가 확대됩니다.

정확성, 안전, 책임 있는 의사소통을 중시하며 실무 중심의 협업 역량을 기대합니다.","- 통신엔지니어 직무 기준에 따른 실무 수행
- 통신엔지니어 관련 결과물 검토 및 개선
- 시제품 제작 및 성능 시험
- 시험 결과 분석과 개선안 도출
- 유관 부서와 일정·품질 협업
- 기술 문서와 변경 이력 관리
- 협력사 기술 대응 및 부품 검토
- 안전·품질 기준 준수 여부 확인","- 문제 원인을 논리적으로 분석할 수 있는 분
- 협업 부서와 원활하게 소통할 수 있는 분
- 기본적인 문서 작성 및 데이터 분석 역량
- 해외여행 및 현장 근무에 결격사유가 없는 분
- 관련 공학계열 전공 또는 동등한 실무 역량
- 도면과 기술 문서를 이해할 수 있는 분","- 무선설비기사 보유자
- 통신선로산업기사 보유자
- 영어 기술 문서 독해 가능자
- 품질시스템 또는 안전규격 대응 경험
- CAD·CAE 또는 계측 도구 활용 경험","- 지원서 또는 제출서류를 허위로 기재한 경우
- 채용검진 결과 직무 수행이 어렵다고 판단되는 경우
- 해외여행 및 근무에 결격사유가 있는 경우
- 관련 법령 또는 내부 인사규정상 채용이 불가능한 경우",서류전형 > 1차면접 > 2차면접 > 채용검진
1309,통신엔지니어 직무 채용,116,131,20260802,20260819,4,경력,정규직,전북특별자치도,학사 이상,"본 포지션은 통신엔지니어 업무를 담당하며, 현장의 요구사항을 정확히 파악해 안정적인 결과를 만드는 역할입니다.

엔지니어링·설계 분야의 실무 기준과 절차에 따라 계획 수립부터 실행, 결과 확인까지 전 과정에 참여합니다.

업무 과정에서 발생하는 이슈를 데이터와 기록에 근거해 분석하고, 유관 부서와 협의하여 개선합니다.

입사 후에는 표준 절차와 내부 시스템 교육을 이수하며, 숙련도에 따라 담당 범위가 확대됩니다.

정확성, 안전, 책임 있는 의사소통을 중시하며 실무 중심의 협업 역량을 기대합니다.","- 통신엔지니어 직무 기준에 따른 실무 수행
- 통신엔지니어 관련 결과물 검토 및 개선
- 기술 문서와 변경 이력 관리
- 협력사 기술 대응 및 부품 검토
- 안전·품질 기준 준수 여부 확인
- 제품·시스템 요구사항 분석 및 기술 검토
- 설계 사양서와 도면 작성·개정
- 시제품 제작 및 성능 시험","- 해외여행 및 현장 근무에 결격사유가 없는 분
- 관련 공학계열 전공 또는 동등한 실무 역량
- 도면과 기술 문서를 이해할 수 있는 분
- 문제 원인을 논리적으로 분석할 수 있는 분
- 협업 부서와 원활하게 소통할 수 있는 분
- 기본적인 문서 작성 및 데이터 분석 역량","- 통신선로산업기사 보유자
- 정보통신기사 보유자
- 제품 개발 전 과정 참여 경험
- 영어 기술 문서 독해 가능자
- 품질시스템 또는 안전규격 대응 경험","- 지원서 또는 제출서류를 허위로 기재한 경우
- 채용검진 결과 직무 수행이 어렵다고 판단되는 경우
- 해외여행 및 근무에 결격사유가 있는 경우
- 관련 법령 또는 내부 인사규정상 채용이 불가능한 경우",서류전형 > 필기전형 > 면접전형 > 최종합격
1310,통신엔지니어 부문 모집,36,131,20261007,20261031,8,신입·경력,정규직,전라남도,전문학사 이상,"본 포지션은 통신엔지니어 업무를 담당하며, 현장의 요구사항을 정확히 파악해 안정적인 결과를 만드는 역할입니다.

엔지니어링·설계 분야의 실무 기준과 절차에 따라 계획 수립부터 실행, 결과 확인까지 전 과정에 참여합니다.

업무 과정에서 발생하는 이슈를 데이터와 기록에 근거해 분석하고, 유관 부서와 협의하여 개선합니다.

입사 후에는 표준 절차와 내부 시스템 교육을 이수하며, 숙련도에 따라 담당 범위가 확대됩니다.

정확성, 안전, 책임 있는 의사소통을 중시하며 실무 중심의 협업 역량을 기대합니다.","- 통신엔지니어 직무 기준에 따른 실무 수행
- 통신엔지니어 관련 결과물 검토 및 개선
- 제품·시스템 요구사항 분석 및 기술 검토
- 설계 사양서와 도면 작성·개정
- 시제품 제작 및 성능 시험
- 시험 결과 분석과 개선안 도출
- 유관 부서와 일정·품질 협업
- 기술 문서와 변경 이력 관리","- 문제 원인을 논리적으로 분석할 수 있는 분
- 협업 부서와 원활하게 소통할 수 있는 분
- 기본적인 문서 작성 및 데이터 분석 역량
- 해외여행 및 현장 근무에 결격사유가 없는 분
- 관련 공학계열 전공 또는 동등한 실무 역량
- 도면과 기술 문서를 이해할 수 있는 분","- 정보통신기사 보유자
- 무선설비기사 보유자
- CAD·CAE 또는 계측 도구 활용 경험
- 제품 개발 전 과정 참여 경험
- 영어 기술 문서 독해 가능자","- 지원서 또는 제출서류를 허위로 기재한 경우
- 채용검진 결과 직무 수행이 어렵다고 판단되는 경우
- 해외여행 및 근무에 결격사유가 있는 경우
- 관련 법령 또는 내부 인사규정상 채용이 불가능한 경우",서류전형 > 실무면접 > 최종면접
1311,RF엔지니어 모집,13,132,20260313,20260416,13,신입,정규직,광주광역시,전문학사 이상,"본 포지션은 RF엔지니어 업무를 담당하며, 현장의 요구사항을 정확히 파악해 안정적인 결과를 만드는 역할입니다.

엔지니어링·설계 분야의 실무 기준과 절차에 따라 계획 수립부터 실행, 결과 확인까지 전 과정에 참여합니다.

업무 과정에서 발생하는 이슈를 데이터와 기록에 근거해 분석하고, 유관 부서와 협의하여 개선합니다.

입사 후에는 표준 절차와 내부 시스템 교육을 이수하며, 숙련도에 따라 담당 범위가 확대됩니다.

정확성, 안전, 책임 있는 의사소통을 중시하며 실무 중심의 협업 역량을 기대합니다.","- RF 회로와 안테나 성능 검증
- 네트워크 분석기를 활용한 계측
- 유관 부서와 일정·품질 협업
- 기술 문서와 변경 이력 관리
- 협력사 기술 대응 및 부품 검토
- 안전·품질 기준 준수 여부 확인
- 제품·시스템 요구사항 분석 및 기술 검토
- 설계 사양서와 도면 작성·개정","- 관련 공학계열 전공 또는 동등한 실무 역량
- 도면과 기술 문서를 이해할 수 있는 분
- 문제 원인을 논리적으로 분석할 수 있는 분
- 협업 부서와 원활하게 소통할 수 있는 분
- 기본적인 문서 작성 및 데이터 분석 역량
- 해외여행 및 현장 근무에 결격사유가 없는 분","- 무선설비기사 보유자
- 정보통신기사 보유자
- CAD·CAE 또는 계측 도구 활용 경험
- 제품 개발 전 과정 참여 경험
- 영어 기술 문서 독해 가능자","- 지원서 또는 제출서류를 허위로 기재한 경우
- 채용검진 결과 직무 수행이 어렵다고 판단되는 경우
- 해외여행 및 근무에 결격사유가 있는 경우
- 관련 법령 또는 내부 인사규정상 채용이 불가능한 경우",서류전형 > 직무과제 > 실무면접 > 처우협의
1312,RF엔지니어 채용,31,132,20260518,20260628,17,경력,정규직,울산광역시,학사 이상,"본 포지션은 RF엔지니어 업무를 담당하며, 현장의 요구사항을 정확히 파악해 안정적인 결과를 만드는 역할입니다.

엔지니어링·설계 분야의 실무 기준과 절차에 따라 계획 수립부터 실행, 결과 확인까지 전 과정에 참여합니다.

업무 과정에서 발생하는 이슈를 데이터와 기록에 근거해 분석하고, 유관 부서와 협의하여 개선합니다.

입사 후에는 표준 절차와 내부 시스템 교육을 이수하며, 숙련도에 따라 담당 범위가 확대됩니다.

정확성, 안전, 책임 있는 의사소통을 중시하며 실무 중심의 협업 역량을 기대합니다.","- RF 회로와 안테나 성능 검증
- 네트워크 분석기를 활용한 계측
- 안전·품질 기준 준수 여부 확인
- 제품·시스템 요구사항 분석 및 기술 검토
- 설계 사양서와 도면 작성·개정
- 시제품 제작 및 성능 시험
- 시험 결과 분석과 개선안 도출
- 유관 부서와 일정·품질 협업","- 협업 부서와 원활하게 소통할 수 있는 분
- 기본적인 문서 작성 및 데이터 분석 역량
- 해외여행 및 현장 근무에 결격사유가 없는 분
- 관련 공학계열 전공 또는 동등한 실무 역량
- 도면과 기술 문서를 이해할 수 있는 분
- 문제 원인을 논리적으로 분석할 수 있는 분","- 정보통신기사 보유자
- 전자기사 보유자
- 품질시스템 또는 안전규격 대응 경험
- CAD·CAE 또는 계측 도구 활용 경험
- 제품 개발 전 과정 참여 경험","- 지원서 또는 제출서류를 허위로 기재한 경우
- 채용검진 결과 직무 수행이 어렵다고 판단되는 경우
- 해외여행 및 근무에 결격사유가 있는 경우
- 관련 법령 또는 내부 인사규정상 채용이 불가능한 경우",서류전형 > 1차면접 > 2차면접 > 채용검진
1313,RF엔지니어 담당자 모집,2,132,20260723,20260804,1,신입·경력,계약직,세종특별자치시,학사 이상,"본 포지션은 RF엔지니어 업무를 담당하며, 현장의 요구사항을 정확히 파악해 안정적인 결과를 만드는 역할입니다.

엔지니어링·설계 분야의 실무 기준과 절차에 따라 계획 수립부터 실행, 결과 확인까지 전 과정에 참여합니다.

업무 과정에서 발생하는 이슈를 데이터와 기록에 근거해 분석하고, 유관 부서와 협의하여 개선합니다.

입사 후에는 표준 절차와 내부 시스템 교육을 이수하며, 숙련도에 따라 담당 범위가 확대됩니다.

정확성, 안전, 책임 있는 의사소통을 중시하며 실무 중심의 협업 역량을 기대합니다.","- RF 회로와 안테나 성능 검증
- 네트워크 분석기를 활용한 계측
- 시제품 제작 및 성능 시험
- 시험 결과 분석과 개선안 도출
- 유관 부서와 일정·품질 협업
- 기술 문서와 변경 이력 관리
- 협력사 기술 대응 및 부품 검토
- 안전·품질 기준 준수 여부 확인","- 관련 공학계열 전공 또는 동등한 실무 역량
- 도면과 기술 문서를 이해할 수 있는 분
- 문제 원인을 논리적으로 분석할 수 있는 분
- 협업 부서와 원활하게 소통할 수 있는 분
- 기본적인 문서 작성 및 데이터 분석 역량
- 해외여행 및 현장 근무에 결격사유가 없는 분","- 전자기사 보유자
- 무선설비기사 보유자
- 영어 기술 문서 독해 가능자
- 품질시스템 또는 안전규격 대응 경험
- CAD·CAE 또는 계측 도구 활용 경험","- 지원서 또는 제출서류를 허위로 기재한 경우
- 채용검진 결과 직무 수행이 어렵다고 판단되는 경우
- 해외여행 및 근무에 결격사유가 있는 경우
- 관련 법령 또는 내부 인사규정상 채용이 불가능한 경우",서류전형 > 필기전형 > 면접전형 > 최종합격
1314,RF엔지니어 인재 채용,107,132,20260904,20260923,5,경력 2년 이상,무기계약직,경기도,전문학사 이상,"본 포지션은 RF엔지니어 업무를 담당하며, 현장의 요구사항을 정확히 파악해 안정적인 결과를 만드는 역할입니다.

엔지니어링·설계 분야의 실무 기준과 절차에 따라 계획 수립부터 실행, 결과 확인까지 전 과정에 참여합니다.

업무 과정에서 발생하는 이슈를 데이터와 기록에 근거해 분석하고, 유관 부서와 협의하여 개선합니다.

입사 후에는 표준 절차와 내부 시스템 교육을 이수하며, 숙련도에 따라 담당 범위가 확대됩니다.

정확성, 안전, 책임 있는 의사소통을 중시하며 실무 중심의 협업 역량을 기대합니다.","- RF 회로와 안테나 성능 검증
- 네트워크 분석기를 활용한 계측
- 기술 문서와 변경 이력 관리
- 협력사 기술 대응 및 부품 검토
- 안전·품질 기준 준수 여부 확인
- 제품·시스템 요구사항 분석 및 기술 검토
- 설계 사양서와 도면 작성·개정
- 시제품 제작 및 성능 시험","- 협업 부서와 원활하게 소통할 수 있는 분
- 기본적인 문서 작성 및 데이터 분석 역량
- 해외여행 및 현장 근무에 결격사유가 없는 분
- 관련 공학계열 전공 또는 동등한 실무 역량
- 도면과 기술 문서를 이해할 수 있는 분
- 문제 원인을 논리적으로 분석할 수 있는 분","- 무선설비기사 보유자
- 정보통신기사 보유자
- 제품 개발 전 과정 참여 경험
- 영어 기술 문서 독해 가능자
- 품질시스템 또는 안전규격 대응 경험","- 지원서 또는 제출서류를 허위로 기재한 경우
- 채용검진 결과 직무 수행이 어렵다고 판단되는 경우
- 해외여행 및 근무에 결격사유가 있는 경우
- 관련 법령 또는 내부 인사규정상 채용이 불가능한 경우",서류전형 > 실무면접 > 최종면접
1315,RF엔지니어 실무자 모집,152,132,20260109,20260204,9,경력 3년 이상,정규직,강원특별자치도,학사 이상,"본 포지션은 RF엔지니어 업무를 담당하며, 현장의 요구사항을 정확히 파악해 안정적인 결과를 만드는 역할입니다.

엔지니어링·설계 분야의 실무 기준과 절차에 따라 계획 수립부터 실행, 결과 확인까지 전 과정에 참여합니다.

업무 과정에서 발생하는 이슈를 데이터와 기록에 근거해 분석하고, 유관 부서와 협의하여 개선합니다.

입사 후에는 표준 절차와 내부 시스템 교육을 이수하며, 숙련도에 따라 담당 범위가 확대됩니다.

정확성, 안전, 책임 있는 의사소통을 중시하며 실무 중심의 협업 역량을 기대합니다.","- RF 회로와 안테나 성능 검증
- 네트워크 분석기를 활용한 계측
- 제품·시스템 요구사항 분석 및 기술 검토
- 설계 사양서와 도면 작성·개정
- 시제품 제작 및 성능 시험
- 시험 결과 분석과 개선안 도출
- 유관 부서와 일정·품질 협업
- 기술 문서와 변경 이력 관리","- 관련 공학계열 전공 또는 동등한 실무 역량
- 도면과 기술 문서를 이해할 수 있는 분
- 문제 원인을 논리적으로 분석할 수 있는 분
- 협업 부서와 원활하게 소통할 수 있는 분
- 기본적인 문서 작성 및 데이터 분석 역량
- 해외여행 및 현장 근무에 결격사유가 없는 분","- 정보통신기사 보유자
- 전자기사 보유자
- CAD·CAE 또는 계측 도구 활용 경험
- 제품 개발 전 과정 참여 경험
- 영어 기술 문서 독해 가능자","- 지원서 또는 제출서류를 허위로 기재한 경우
- 채용검진 결과 직무 수행이 어렵다고 판단되는 경우
- 해외여행 및 근무에 결격사유가 있는 경우
- 관련 법령 또는 내부 인사규정상 채용이 불가능한 경우",서류전형 > 인성검사 > 실무면접 > 최종면접
1316,RF엔지니어 전문인력 채용,139,132,20260314,20260416,13,경력 무관,정규직,충청북도,학사 이상,"본 포지션은 RF엔지니어 업무를 담당하며, 현장의 요구사항을 정확히 파악해 안정적인 결과를 만드는 역할입니다.

엔지니어링·설계 분야의 실무 기준과 절차에 따라 계획 수립부터 실행, 결과 확인까지 전 과정에 참여합니다.

업무 과정에서 발생하는 이슈를 데이터와 기록에 근거해 분석하고, 유관 부서와 협의하여 개선합니다.

입사 후에는 표준 절차와 내부 시스템 교육을 이수하며, 숙련도에 따라 담당 범위가 확대됩니다.

정확성, 안전, 책임 있는 의사소통을 중시하며 실무 중심의 협업 역량을 기대합니다.","- RF 회로와 안테나 성능 검증
- 네트워크 분석기를 활용한 계측
- 시험 결과 분석과 개선안 도출
- 유관 부서와 일정·품질 협업
- 기술 문서와 변경 이력 관리
- 협력사 기술 대응 및 부품 검토
- 안전·품질 기준 준수 여부 확인
- 제품·시스템 요구사항 분석 및 기술 검토","- 협업 부서와 원활하게 소통할 수 있는 분
- 기본적인 문서 작성 및 데이터 분석 역량
- 해외여행 및 현장 근무에 결격사유가 없는 분
- 관련 공학계열 전공 또는 동등한 실무 역량
- 도면과 기술 문서를 이해할 수 있는 분
- 문제 원인을 논리적으로 분석할 수 있는 분","- 전자기사 보유자
- 무선설비기사 보유자
- 품질시스템 또는 안전규격 대응 경험
- CAD·CAE 또는 계측 도구 활용 경험
- 제품 개발 전 과정 참여 경험","- 지원서 또는 제출서류를 허위로 기재한 경우
- 채용검진 결과 직무 수행이 어렵다고 판단되는 경우
- 해외여행 및 근무에 결격사유가 있는 경우
- 관련 법령 또는 내부 인사규정상 채용이 불가능한 경우",서류전형 > 직무과제 > 실무면접 > 처우협의
1317,RF엔지니어 운영인력 모집,141,132,20260519,20260628,17,경력 5년 이상,계약직,충청남도,전문학사 이상,"본 포지션은 RF엔지니어 업무를 담당하며, 현장의 요구사항을 정확히 파악해 안정적인 결과를 만드는 역할입니다.

엔지니어링·설계 분야의 실무 기준과 절차에 따라 계획 수립부터 실행, 결과 확인까지 전 과정에 참여합니다.

업무 과정에서 발생하는 이슈를 데이터와 기록에 근거해 분석하고, 유관 부서와 협의하여 개선합니다.

입사 후에는 표준 절차와 내부 시스템 교육을 이수하며, 숙련도에 따라 담당 범위가 확대됩니다.

정확성, 안전, 책임 있는 의사소통을 중시하며 실무 중심의 협업 역량을 기대합니다.","- RF 회로와 안테나 성능 검증
- 네트워크 분석기를 활용한 계측
- 협력사 기술 대응 및 부품 검토
- 안전·품질 기준 준수 여부 확인
- 제품·시스템 요구사항 분석 및 기술 검토
- 설계 사양서와 도면 작성·개정
- 시제품 제작 및 성능 시험
- 시험 결과 분석과 개선안 도출","- 관련 공학계열 전공 또는 동등한 실무 역량
- 도면과 기술 문서를 이해할 수 있는 분
- 문제 원인을 논리적으로 분석할 수 있는 분
- 협업 부서와 원활하게 소통할 수 있는 분
- 기본적인 문서 작성 및 데이터 분석 역량
- 해외여행 및 현장 근무에 결격사유가 없는 분","- 무선설비기사 보유자
- 정보통신기사 보유자
- 영어 기술 문서 독해 가능자
- 품질시스템 또는 안전규격 대응 경험
- CAD·CAE 또는 계측 도구 활용 경험","- 지원서 또는 제출서류를 허위로 기재한 경우
- 채용검진 결과 직무 수행이 어렵다고 판단되는 경우
- 해외여행 및 근무에 결격사유가 있는 경우
- 관련 법령 또는 내부 인사규정상 채용이 불가능한 경우",서류전형 > 1차면접 > 2차면접 > 채용검진
1318,RF엔지니어 프로젝트 인력 채용,82,132,20260724,20260804,1,신입,무기계약직,전북특별자치도,학사 이상,"본 포지션은 RF엔지니어 업무를 담당하며, 현장의 요구사항을 정확히 파악해 안정적인 결과를 만드는 역할입니다.

엔지니어링·설계 분야의 실무 기준과 절차에 따라 계획 수립부터 실행, 결과 확인까지 전 과정에 참여합니다.

업무 과정에서 발생하는 이슈를 데이터와 기록에 근거해 분석하고, 유관 부서와 협의하여 개선합니다.

입사 후에는 표준 절차와 내부 시스템 교육을 이수하며, 숙련도에 따라 담당 범위가 확대됩니다.

정확성, 안전, 책임 있는 의사소통을 중시하며 실무 중심의 협업 역량을 기대합니다.","- RF 회로와 안테나 성능 검증
- 네트워크 분석기를 활용한 계측
- 설계 사양서와 도면 작성·개정
- 시제품 제작 및 성능 시험
- 시험 결과 분석과 개선안 도출
- 유관 부서와 일정·품질 협업
- 기술 문서와 변경 이력 관리
- 협력사 기술 대응 및 부품 검토","- 협업 부서와 원활하게 소통할 수 있는 분
- 기본적인 문서 작성 및 데이터 분석 역량
- 해외여행 및 현장 근무에 결격사유가 없는 분
- 관련 공학계열 전공 또는 동등한 실무 역량
- 도면과 기술 문서를 이해할 수 있는 분
- 문제 원인을 논리적으로 분석할 수 있는 분","- 정보통신기사 보유자
- 전자기사 보유자
- 제품 개발 전 과정 참여 경험
- 영어 기술 문서 독해 가능자
- 품질시스템 또는 안전규격 대응 경험","- 지원서 또는 제출서류를 허위로 기재한 경우
- 채용검진 결과 직무 수행이 어렵다고 판단되는 경우
- 해외여행 및 근무에 결격사유가 있는 경우
- 관련 법령 또는 내부 인사규정상 채용이 불가능한 경우",서류전형 > 필기전형 > 면접전형 > 최종합격
1319,RF엔지니어 직무 채용,26,132,20260905,20260923,5,경력,정규직,전라남도,학사 이상,"본 포지션은 RF엔지니어 업무를 담당하며, 현장의 요구사항을 정확히 파악해 안정적인 결과를 만드는 역할입니다.

엔지니어링·설계 분야의 실무 기준과 절차에 따라 계획 수립부터 실행, 결과 확인까지 전 과정에 참여합니다.

업무 과정에서 발생하는 이슈를 데이터와 기록에 근거해 분석하고, 유관 부서와 협의하여 개선합니다.

입사 후에는 표준 절차와 내부 시스템 교육을 이수하며, 숙련도에 따라 담당 범위가 확대됩니다.

정확성, 안전, 책임 있는 의사소통을 중시하며 실무 중심의 협업 역량을 기대합니다.","- RF 회로와 안테나 성능 검증
- 네트워크 분석기를 활용한 계측
- 유관 부서와 일정·품질 협업
- 기술 문서와 변경 이력 관리
- 협력사 기술 대응 및 부품 검토
- 안전·품질 기준 준수 여부 확인
- 제품·시스템 요구사항 분석 및 기술 검토
- 설계 사양서와 도면 작성·개정","- 관련 공학계열 전공 또는 동등한 실무 역량
- 도면과 기술 문서를 이해할 수 있는 분
- 문제 원인을 논리적으로 분석할 수 있는 분
- 협업 부서와 원활하게 소통할 수 있는 분
- 기본적인 문서 작성 및 데이터 분석 역량
- 해외여행 및 현장 근무에 결격사유가 없는 분","- 전자기사 보유자
- 무선설비기사 보유자
- CAD·CAE 또는 계측 도구 활용 경험
- 제품 개발 전 과정 참여 경험
- 영어 기술 문서 독해 가능자","- 지원서 또는 제출서류를 허위로 기재한 경우
- 채용검진 결과 직무 수행이 어렵다고 판단되는 경우
- 해외여행 및 근무에 결격사유가 있는 경우
- 관련 법령 또는 내부 인사규정상 채용이 불가능한 경우",서류전형 > 실무면접 > 최종면접
1320,RF엔지니어 부문 모집,123,132,20260110,20260204,9,신입·경력,정규직,경상북도,전문학사 이상,"본 포지션은 RF엔지니어 업무를 담당하며, 현장의 요구사항을 정확히 파악해 안정적인 결과를 만드는 역할입니다.

엔지니어링·설계 분야의 실무 기준과 절차에 따라 계획 수립부터 실행, 결과 확인까지 전 과정에 참여합니다.

업무 과정에서 발생하는 이슈를 데이터와 기록에 근거해 분석하고, 유관 부서와 협의하여 개선합니다.

입사 후에는 표준 절차와 내부 시스템 교육을 이수하며, 숙련도에 따라 담당 범위가 확대됩니다.

정확성, 안전, 책임 있는 의사소통을 중시하며 실무 중심의 협업 역량을 기대합니다.","- RF 회로와 안테나 성능 검증
- 네트워크 분석기를 활용한 계측
- 안전·품질 기준 준수 여부 확인
- 제품·시스템 요구사항 분석 및 기술 검토
- 설계 사양서와 도면 작성·개정
- 시제품 제작 및 성능 시험
- 시험 결과 분석과 개선안 도출
- 유관 부서와 일정·품질 협업","- 협업 부서와 원활하게 소통할 수 있는 분
- 기본적인 문서 작성 및 데이터 분석 역량
- 해외여행 및 현장 근무에 결격사유가 없는 분
- 관련 공학계열 전공 또는 동등한 실무 역량
- 도면과 기술 문서를 이해할 수 있는 분
- 문제 원인을 논리적으로 분석할 수 있는 분","- 무선설비기사 보유자
- 정보통신기사 보유자
- 품질시스템 또는 안전규격 대응 경험
- CAD·CAE 또는 계측 도구 활용 경험
- 제품 개발 전 과정 참여 경험","- 지원서 또는 제출서류를 허위로 기재한 경우
- 채용검진 결과 직무 수행이 어렵다고 판단되는 경우
- 해외여행 및 근무에 결격사유가 있는 경우
- 관련 법령 또는 내부 인사규정상 채용이 불가능한 경우",서류전형 > 인성검사 > 실무면접 > 최종면접
1321,필드엔지니어 모집,19,133,20260416,20260521,14,신입,정규직,울산광역시,전문학사 이상,"본 포지션은 필드엔지니어 업무를 담당하며, 현장의 요구사항을 정확히 파악해 안정적인 결과를 만드는 역할입니다.

엔지니어링·설계 분야의 실무 기준과 절차에 따라 계획 수립부터 실행, 결과 확인까지 전 과정에 참여합니다.

업무 과정에서 발생하는 이슈를 데이터와 기록에 근거해 분석하고, 유관 부서와 협의하여 개선합니다.

입사 후에는 표준 절차와 내부 시스템 교육을 이수하며, 숙련도에 따라 담당 범위가 확대됩니다.

정확성, 안전, 책임 있는 의사소통을 중시하며 실무 중심의 협업 역량을 기대합니다.","- 필드엔지니어 직무 기준에 따른 실무 수행
- 필드엔지니어 관련 결과물 검토 및 개선
- 시험 결과 분석과 개선안 도출
- 유관 부서와 일정·품질 협업
- 기술 문서와 변경 이력 관리
- 협력사 기술 대응 및 부품 검토
- 안전·품질 기준 준수 여부 확인
- 제품·시스템 요구사항 분석 및 기술 검토","- 도면과 기술 문서를 이해할 수 있는 분
- 문제 원인을 논리적으로 분석할 수 있는 분
- 협업 부서와 원활하게 소통할 수 있는 분
- 기본적인 문서 작성 및 데이터 분석 역량
- 해외여행 및 현장 근무에 결격사유가 없는 분
- 관련 공학계열 전공 또는 동등한 실무 역량","- 전자기사 보유자
- 전기기사 보유자
- 품질시스템 또는 안전규격 대응 경험
- CAD·CAE 또는 계측 도구 활용 경험
- 제품 개발 전 과정 참여 경험","- 지원서 또는 제출서류를 허위로 기재한 경우
- 채용검진 결과 직무 수행이 어렵다고 판단되는 경우
- 해외여행 및 근무에 결격사유가 있는 경우
- 관련 법령 또는 내부 인사규정상 채용이 불가능한 경우",서류전형 > 1차면접 > 2차면접 > 채용검진
1322,필드엔지니어 채용,110,133,20260621,20260802,18,경력,정규직,세종특별자치시,학사 이상,"본 포지션은 필드엔지니어 업무를 담당하며, 현장의 요구사항을 정확히 파악해 안정적인 결과를 만드는 역할입니다.

엔지니어링·설계 분야의 실무 기준과 절차에 따라 계획 수립부터 실행, 결과 확인까지 전 과정에 참여합니다.

업무 과정에서 발생하는 이슈를 데이터와 기록에 근거해 분석하고, 유관 부서와 협의하여 개선합니다.

입사 후에는 표준 절차와 내부 시스템 교육을 이수하며, 숙련도에 따라 담당 범위가 확대됩니다.

정확성, 안전, 책임 있는 의사소통을 중시하며 실무 중심의 협업 역량을 기대합니다.","- 필드엔지니어 직무 기준에 따른 실무 수행
- 필드엔지니어 관련 결과물 검토 및 개선
- 협력사 기술 대응 및 부품 검토
- 안전·품질 기준 준수 여부 확인
- 제품·시스템 요구사항 분석 및 기술 검토
- 설계 사양서와 도면 작성·개정
- 시제품 제작 및 성능 시험
- 시험 결과 분석과 개선안 도출","- 기본적인 문서 작성 및 데이터 분석 역량
- 해외여행 및 현장 근무에 결격사유가 없는 분
- 관련 공학계열 전공 또는 동등한 실무 역량
- 도면과 기술 문서를 이해할 수 있는 분
- 문제 원인을 논리적으로 분석할 수 있는 분
- 협업 부서와 원활하게 소통할 수 있는 분","- 전기기사 보유자
- 정보통신기사 보유자
- 영어 기술 문서 독해 가능자
- 품질시스템 또는 안전규격 대응 경험
- CAD·CAE 또는 계측 도구 활용 경험","- 지원서 또는 제출서류를 허위로 기재한 경우
- 채용검진 결과 직무 수행이 어렵다고 판단되는 경우
- 해외여행 및 근무에 결격사유가 있는 경우
- 관련 법령 또는 내부 인사규정상 채용이 불가능한 경우",서류전형 > 필기전형 > 면접전형 > 최종합격
1323,필드엔지니어 담당자 모집,8,133,20260802,20260815,2,신입·경력,계약직,경기도,학사 이상,"본 포지션은 필드엔지니어 업무를 담당하며, 현장의 요구사항을 정확히 파악해 안정적인 결과를 만드는 역할입니다.

엔지니어링·설계 분야의 실무 기준과 절차에 따라 계획 수립부터 실행, 결과 확인까지 전 과정에 참여합니다.

업무 과정에서 발생하는 이슈를 데이터와 기록에 근거해 분석하고, 유관 부서와 협의하여 개선합니다.

입사 후에는 표준 절차와 내부 시스템 교육을 이수하며, 숙련도에 따라 담당 범위가 확대됩니다.

정확성, 안전, 책임 있는 의사소통을 중시하며 실무 중심의 협업 역량을 기대합니다.","- 필드엔지니어 직무 기준에 따른 실무 수행
- 필드엔지니어 관련 결과물 검토 및 개선
- 설계 사양서와 도면 작성·개정
- 시제품 제작 및 성능 시험
- 시험 결과 분석과 개선안 도출
- 유관 부서와 일정·품질 협업
- 기술 문서와 변경 이력 관리
- 협력사 기술 대응 및 부품 검토","- 도면과 기술 문서를 이해할 수 있는 분
- 문제 원인을 논리적으로 분석할 수 있는 분
- 협업 부서와 원활하게 소통할 수 있는 분
- 기본적인 문서 작성 및 데이터 분석 역량
- 해외여행 및 현장 근무에 결격사유가 없는 분
- 관련 공학계열 전공 또는 동등한 실무 역량","- 정보통신기사 보유자
- 전자기사 보유자
- 제품 개발 전 과정 참여 경험
- 영어 기술 문서 독해 가능자
- 품질시스템 또는 안전규격 대응 경험","- 지원서 또는 제출서류를 허위로 기재한 경우
- 채용검진 결과 직무 수행이 어렵다고 판단되는 경우
- 해외여행 및 근무에 결격사유가 있는 경우
- 관련 법령 또는 내부 인사규정상 채용이 불가능한 경우",서류전형 > 실무면접 > 최종면접
1324,필드엔지니어 인재 채용,89,133,20261007,20261027,6,경력 2년 이상,무기계약직,강원특별자치도,전문학사 이상,"본 포지션은 필드엔지니어 업무를 담당하며, 현장의 요구사항을 정확히 파악해 안정적인 결과를 만드는 역할입니다.

엔지니어링·설계 분야의 실무 기준과 절차에 따라 계획 수립부터 실행, 결과 확인까지 전 과정에 참여합니다.

업무 과정에서 발생하는 이슈를 데이터와 기록에 근거해 분석하고, 유관 부서와 협의하여 개선합니다.

입사 후에는 표준 절차와 내부 시스템 교육을 이수하며, 숙련도에 따라 담당 범위가 확대됩니다.

정확성, 안전, 책임 있는 의사소통을 중시하며 실무 중심의 협업 역량을 기대합니다.","- 필드엔지니어 직무 기준에 따른 실무 수행
- 필드엔지니어 관련 결과물 검토 및 개선
- 유관 부서와 일정·품질 협업
- 기술 문서와 변경 이력 관리
- 협력사 기술 대응 및 부품 검토
- 안전·품질 기준 준수 여부 확인
- 제품·시스템 요구사항 분석 및 기술 검토
- 설계 사양서와 도면 작성·개정","- 기본적인 문서 작성 및 데이터 분석 역량
- 해외여행 및 현장 근무에 결격사유가 없는 분
- 관련 공학계열 전공 또는 동등한 실무 역량
- 도면과 기술 문서를 이해할 수 있는 분
- 문제 원인을 논리적으로 분석할 수 있는 분
- 협업 부서와 원활하게 소통할 수 있는 분","- 전자기사 보유자
- 전기기사 보유자
- CAD·CAE 또는 계측 도구 활용 경험
- 제품 개발 전 과정 참여 경험
- 영어 기술 문서 독해 가능자","- 지원서 또는 제출서류를 허위로 기재한 경우
- 채용검진 결과 직무 수행이 어렵다고 판단되는 경우
- 해외여행 및 근무에 결격사유가 있는 경우
- 관련 법령 또는 내부 인사규정상 채용이 불가능한 경우",서류전형 > 인성검사 > 실무면접 > 최종면접
1325,필드엔지니어 실무자 모집,2,133,20260212,20260311,10,경력 3년 이상,정규직,충청북도,학사 이상,"본 포지션은 필드엔지니어 업무를 담당하며, 현장의 요구사항을 정확히 파악해 안정적인 결과를 만드는 역할입니다.

엔지니어링·설계 분야의 실무 기준과 절차에 따라 계획 수립부터 실행, 결과 확인까지 전 과정에 참여합니다.

업무 과정에서 발생하는 이슈를 데이터와 기록에 근거해 분석하고, 유관 부서와 협의하여 개선합니다.

입사 후에는 표준 절차와 내부 시스템 교육을 이수하며, 숙련도에 따라 담당 범위가 확대됩니다.

정확성, 안전, 책임 있는 의사소통을 중시하며 실무 중심의 협업 역량을 기대합니다.","- 필드엔지니어 직무 기준에 따른 실무 수행
- 필드엔지니어 관련 결과물 검토 및 개선
- 안전·품질 기준 준수 여부 확인
- 제품·시스템 요구사항 분석 및 기술 검토
- 설계 사양서와 도면 작성·개정
- 시제품 제작 및 성능 시험
- 시험 결과 분석과 개선안 도출
- 유관 부서와 일정·품질 협업","- 도면과 기술 문서를 이해할 수 있는 분
- 문제 원인을 논리적으로 분석할 수 있는 분
- 협업 부서와 원활하게 소통할 수 있는 분
- 기본적인 문서 작성 및 데이터 분석 역량
- 해외여행 및 현장 근무에 결격사유가 없는 분
- 관련 공학계열 전공 또는 동등한 실무 역량","- 전기기사 보유자
- 정보통신기사 보유자
- 품질시스템 또는 안전규격 대응 경험
- CAD·CAE 또는 계측 도구 활용 경험
- 제품 개발 전 과정 참여 경험","- 지원서 또는 제출서류를 허위로 기재한 경우
- 채용검진 결과 직무 수행이 어렵다고 판단되는 경우
- 해외여행 및 근무에 결격사유가 있는 경우
- 관련 법령 또는 내부 인사규정상 채용이 불가능한 경우",서류전형 > 직무과제 > 실무면접 > 처우협의
1326,필드엔지니어 전문인력 채용,130,133,20260417,20260521,14,경력 무관,정규직,충청남도,학사 이상,"본 포지션은 필드엔지니어 업무를 담당하며, 현장의 요구사항을 정확히 파악해 안정적인 결과를 만드는 역할입니다.

엔지니어링·설계 분야의 실무 기준과 절차에 따라 계획 수립부터 실행, 결과 확인까지 전 과정에 참여합니다.

업무 과정에서 발생하는 이슈를 데이터와 기록에 근거해 분석하고, 유관 부서와 협의하여 개선합니다.

입사 후에는 표준 절차와 내부 시스템 교육을 이수하며, 숙련도에 따라 담당 범위가 확대됩니다.

정확성, 안전, 책임 있는 의사소통을 중시하며 실무 중심의 협업 역량을 기대합니다.","- 필드엔지니어 직무 기준에 따른 실무 수행
- 필드엔지니어 관련 결과물 검토 및 개선
- 시제품 제작 및 성능 시험
- 시험 결과 분석과 개선안 도출
- 유관 부서와 일정·품질 협업
- 기술 문서와 변경 이력 관리
- 협력사 기술 대응 및 부품 검토
- 안전·품질 기준 준수 여부 확인","- 기본적인 문서 작성 및 데이터 분석 역량
- 해외여행 및 현장 근무에 결격사유가 없는 분
- 관련 공학계열 전공 또는 동등한 실무 역량
- 도면과 기술 문서를 이해할 수 있는 분
- 문제 원인을 논리적으로 분석할 수 있는 분
- 협업 부서와 원활하게 소통할 수 있는 분","- 정보통신기사 보유자
- 전자기사 보유자
- 영어 기술 문서 독해 가능자
- 품질시스템 또는 안전규격 대응 경험
- CAD·CAE 또는 계측 도구 활용 경험","- 지원서 또는 제출서류를 허위로 기재한 경우
- 채용검진 결과 직무 수행이 어렵다고 판단되는 경우
- 해외여행 및 근무에 결격사유가 있는 경우
- 관련 법령 또는 내부 인사규정상 채용이 불가능한 경우",서류전형 > 1차면접 > 2차면접 > 채용검진
1327,필드엔지니어 운영인력 모집,139,133,20260622,20260802,18,경력 5년 이상,계약직,전북특별자치도,전문학사 이상,"본 포지션은 필드엔지니어 업무를 담당하며, 현장의 요구사항을 정확히 파악해 안정적인 결과를 만드는 역할입니다.

엔지니어링·설계 분야의 실무 기준과 절차에 따라 계획 수립부터 실행, 결과 확인까지 전 과정에 참여합니다.

업무 과정에서 발생하는 이슈를 데이터와 기록에 근거해 분석하고, 유관 부서와 협의하여 개선합니다.

입사 후에는 표준 절차와 내부 시스템 교육을 이수하며, 숙련도에 따라 담당 범위가 확대됩니다.

정확성, 안전, 책임 있는 의사소통을 중시하며 실무 중심의 협업 역량을 기대합니다.","- 필드엔지니어 직무 기준에 따른 실무 수행
- 필드엔지니어 관련 결과물 검토 및 개선
- 기술 문서와 변경 이력 관리
- 협력사 기술 대응 및 부품 검토
- 안전·품질 기준 준수 여부 확인
- 제품·시스템 요구사항 분석 및 기술 검토
- 설계 사양서와 도면 작성·개정
- 시제품 제작 및 성능 시험","- 도면과 기술 문서를 이해할 수 있는 분
- 문제 원인을 논리적으로 분석할 수 있는 분
- 협업 부서와 원활하게 소통할 수 있는 분
- 기본적인 문서 작성 및 데이터 분석 역량
- 해외여행 및 현장 근무에 결격사유가 없는 분
- 관련 공학계열 전공 또는 동등한 실무 역량","- 전자기사 보유자
- 전기기사 보유자
- 제품 개발 전 과정 참여 경험
- 영어 기술 문서 독해 가능자
- 품질시스템 또는 안전규격 대응 경험","- 지원서 또는 제출서류를 허위로 기재한 경우
- 채용검진 결과 직무 수행이 어렵다고 판단되는 경우
- 해외여행 및 근무에 결격사유가 있는 경우
- 관련 법령 또는 내부 인사규정상 채용이 불가능한 경우",서류전형 > 필기전형 > 면접전형 > 최종합격
1328,필드엔지니어 프로젝트 인력 채용,39,133,20260803,20260815,2,신입,무기계약직,전라남도,학사 이상,"본 포지션은 필드엔지니어 업무를 담당하며, 현장의 요구사항을 정확히 파악해 안정적인 결과를 만드는 역할입니다.

엔지니어링·설계 분야의 실무 기준과 절차에 따라 계획 수립부터 실행, 결과 확인까지 전 과정에 참여합니다.

업무 과정에서 발생하는 이슈를 데이터와 기록에 근거해 분석하고, 유관 부서와 협의하여 개선합니다.

입사 후에는 표준 절차와 내부 시스템 교육을 이수하며, 숙련도에 따라 담당 범위가 확대됩니다.

정확성, 안전, 책임 있는 의사소통을 중시하며 실무 중심의 협업 역량을 기대합니다.","- 필드엔지니어 직무 기준에 따른 실무 수행
- 필드엔지니어 관련 결과물 검토 및 개선
- 제품·시스템 요구사항 분석 및 기술 검토
- 설계 사양서와 도면 작성·개정
- 시제품 제작 및 성능 시험
- 시험 결과 분석과 개선안 도출
- 유관 부서와 일정·품질 협업
- 기술 문서와 변경 이력 관리","- 기본적인 문서 작성 및 데이터 분석 역량
- 해외여행 및 현장 근무에 결격사유가 없는 분
- 관련 공학계열 전공 또는 동등한 실무 역량
- 도면과 기술 문서를 이해할 수 있는 분
- 문제 원인을 논리적으로 분석할 수 있는 분
- 협업 부서와 원활하게 소통할 수 있는 분","- 전기기사 보유자
- 정보통신기사 보유자
- CAD·CAE 또는 계측 도구 활용 경험
- 제품 개발 전 과정 참여 경험
- 영어 기술 문서 독해 가능자","- 지원서 또는 제출서류를 허위로 기재한 경우
- 채용검진 결과 직무 수행이 어렵다고 판단되는 경우
- 해외여행 및 근무에 결격사유가 있는 경우
- 관련 법령 또는 내부 인사규정상 채용이 불가능한 경우",서류전형 > 실무면접 > 최종면접
1329,필드엔지니어 직무 채용,5,133,20261008,20261027,6,경력,정규직,경상북도,학사 이상,"본 포지션은 필드엔지니어 업무를 담당하며, 현장의 요구사항을 정확히 파악해 안정적인 결과를 만드는 역할입니다.

엔지니어링·설계 분야의 실무 기준과 절차에 따라 계획 수립부터 실행, 결과 확인까지 전 과정에 참여합니다.

업무 과정에서 발생하는 이슈를 데이터와 기록에 근거해 분석하고, 유관 부서와 협의하여 개선합니다.

입사 후에는 표준 절차와 내부 시스템 교육을 이수하며, 숙련도에 따라 담당 범위가 확대됩니다.

정확성, 안전, 책임 있는 의사소통을 중시하며 실무 중심의 협업 역량을 기대합니다.","- 필드엔지니어 직무 기준에 따른 실무 수행
- 필드엔지니어 관련 결과물 검토 및 개선
- 시험 결과 분석과 개선안 도출
- 유관 부서와 일정·품질 협업
- 기술 문서와 변경 이력 관리
- 협력사 기술 대응 및 부품 검토
- 안전·품질 기준 준수 여부 확인
- 제품·시스템 요구사항 분석 및 기술 검토","- 도면과 기술 문서를 이해할 수 있는 분
- 문제 원인을 논리적으로 분석할 수 있는 분
- 협업 부서와 원활하게 소통할 수 있는 분
- 기본적인 문서 작성 및 데이터 분석 역량
- 해외여행 및 현장 근무에 결격사유가 없는 분
- 관련 공학계열 전공 또는 동등한 실무 역량","- 정보통신기사 보유자
- 전자기사 보유자
- 품질시스템 또는 안전규격 대응 경험
- CAD·CAE 또는 계측 도구 활용 경험
- 제품 개발 전 과정 참여 경험","- 지원서 또는 제출서류를 허위로 기재한 경우
- 채용검진 결과 직무 수행이 어렵다고 판단되는 경우
- 해외여행 및 근무에 결격사유가 있는 경우
- 관련 법령 또는 내부 인사규정상 채용이 불가능한 경우",서류전형 > 인성검사 > 실무면접 > 최종면접
1330,필드엔지니어 부문 모집,61,133,20260213,20260311,10,신입·경력,정규직,경상남도,전문학사 이상,"본 포지션은 필드엔지니어 업무를 담당하며, 현장의 요구사항을 정확히 파악해 안정적인 결과를 만드는 역할입니다.

엔지니어링·설계 분야의 실무 기준과 절차에 따라 계획 수립부터 실행, 결과 확인까지 전 과정에 참여합니다.

업무 과정에서 발생하는 이슈를 데이터와 기록에 근거해 분석하고, 유관 부서와 협의하여 개선합니다.

입사 후에는 표준 절차와 내부 시스템 교육을 이수하며, 숙련도에 따라 담당 범위가 확대됩니다.

정확성, 안전, 책임 있는 의사소통을 중시하며 실무 중심의 협업 역량을 기대합니다.","- 필드엔지니어 직무 기준에 따른 실무 수행
- 필드엔지니어 관련 결과물 검토 및 개선
- 협력사 기술 대응 및 부품 검토
- 안전·품질 기준 준수 여부 확인
- 제품·시스템 요구사항 분석 및 기술 검토
- 설계 사양서와 도면 작성·개정
- 시제품 제작 및 성능 시험
- 시험 결과 분석과 개선안 도출","- 기본적인 문서 작성 및 데이터 분석 역량
- 해외여행 및 현장 근무에 결격사유가 없는 분
- 관련 공학계열 전공 또는 동등한 실무 역량
- 도면과 기술 문서를 이해할 수 있는 분
- 문제 원인을 논리적으로 분석할 수 있는 분
- 협업 부서와 원활하게 소통할 수 있는 분","- 전자기사 보유자
- 전기기사 보유자
- 영어 기술 문서 독해 가능자
- 품질시스템 또는 안전규격 대응 경험
- CAD·CAE 또는 계측 도구 활용 경험","- 지원서 또는 제출서류를 허위로 기재한 경우
- 채용검진 결과 직무 수행이 어렵다고 판단되는 경우
- 해외여행 및 근무에 결격사유가 있는 경우
- 관련 법령 또는 내부 인사규정상 채용이 불가능한 경우",서류전형 > 직무과제 > 실무면접 > 처우협의
1331,R&D·연구원 모집,11,134,20260519,20260624,15,신입,정규직,세종특별자치시,석사 이상,"본 포지션은 R&D·연구원 업무를 담당하며, 현장의 요구사항을 정확히 파악해 안정적인 결과를 만드는 역할입니다.

엔지니어링·설계 분야의 실무 기준과 절차에 따라 계획 수립부터 실행, 결과 확인까지 전 과정에 참여합니다.

업무 과정에서 발생하는 이슈를 데이터와 기록에 근거해 분석하고, 유관 부서와 협의하여 개선합니다.

입사 후에는 표준 절차와 내부 시스템 교육을 이수하며, 숙련도에 따라 담당 범위가 확대됩니다.

정확성, 안전, 책임 있는 의사소통을 중시하며 실무 중심의 협업 역량을 기대합니다.","- R&D·연구원 직무 기준에 따른 실무 수행
- R&D·연구원 관련 결과물 검토 및 개선
- 시제품 제작 및 성능 시험
- 시험 결과 분석과 개선안 도출
- 유관 부서와 일정·품질 협업
- 기술 문서와 변경 이력 관리
- 협력사 기술 대응 및 부품 검토
- 안전·품질 기준 준수 여부 확인","- 문제 원인을 논리적으로 분석할 수 있는 분
- 협업 부서와 원활하게 소통할 수 있는 분
- 기본적인 문서 작성 및 데이터 분석 역량
- 해외여행 및 현장 근무에 결격사유가 없는 분
- 관련 공학계열 전공 또는 동등한 실무 역량
- 도면과 기술 문서를 이해할 수 있는 분","- 연구실안전관리사 보유자
- 화학분석기사 보유자
- 영어 기술 문서 독해 가능자
- 품질시스템 또는 안전규격 대응 경험
- CAD·CAE 또는 계측 도구 활용 경험","- 지원서 또는 제출서류를 허위로 기재한 경우
- 채용검진 결과 직무 수행이 어렵다고 판단되는 경우
- 해외여행 및 근무에 결격사유가 있는 경우
- 관련 법령 또는 내부 인사규정상 채용이 불가능한 경우",서류전형 > 필기전형 > 면접전형 > 최종합격
1332,R&D·연구원 채용,117,134,20260724,20260905,19,경력,정규직,경기도,학사 이상,"본 포지션은 R&D·연구원 업무를 담당하며, 현장의 요구사항을 정확히 파악해 안정적인 결과를 만드는 역할입니다.

엔지니어링·설계 분야의 실무 기준과 절차에 따라 계획 수립부터 실행, 결과 확인까지 전 과정에 참여합니다.

업무 과정에서 발생하는 이슈를 데이터와 기록에 근거해 분석하고, 유관 부서와 협의하여 개선합니다.

입사 후에는 표준 절차와 내부 시스템 교육을 이수하며, 숙련도에 따라 담당 범위가 확대됩니다.

정확성, 안전, 책임 있는 의사소통을 중시하며 실무 중심의 협업 역량을 기대합니다.","- R&D·연구원 직무 기준에 따른 실무 수행
- R&D·연구원 관련 결과물 검토 및 개선
- 기술 문서와 변경 이력 관리
- 협력사 기술 대응 및 부품 검토
- 안전·품질 기준 준수 여부 확인
- 제품·시스템 요구사항 분석 및 기술 검토
- 설계 사양서와 도면 작성·개정
- 시제품 제작 및 성능 시험","- 해외여행 및 현장 근무에 결격사유가 없는 분
- 관련 공학계열 전공 또는 동등한 실무 역량
- 도면과 기술 문서를 이해할 수 있는 분
- 문제 원인을 논리적으로 분석할 수 있는 분
- 협업 부서와 원활하게 소통할 수 있는 분
- 기본적인 문서 작성 및 데이터 분석 역량","- 화학분석기사 보유자
- 품질경영기사 보유자
- 제품 개발 전 과정 참여 경험
- 영어 기술 문서 독해 가능자
- 품질시스템 또는 안전규격 대응 경험","- 지원서 또는 제출서류를 허위로 기재한 경우
- 채용검진 결과 직무 수행이 어렵다고 판단되는 경우
- 해외여행 및 근무에 결격사유가 있는 경우
- 관련 법령 또는 내부 인사규정상 채용이 불가능한 경우",서류전형 > 실무면접 > 최종면접
1333,R&D·연구원 담당자 모집,33,134,20260905,20260919,3,신입·경력,계약직,강원특별자치도,학사 이상,"본 포지션은 R&D·연구원 업무를 담당하며, 현장의 요구사항을 정확히 파악해 안정적인 결과를 만드는 역할입니다.

엔지니어링·설계 분야의 실무 기준과 절차에 따라 계획 수립부터 실행, 결과 확인까지 전 과정에 참여합니다.

업무 과정에서 발생하는 이슈를 데이터와 기록에 근거해 분석하고, 유관 부서와 협의하여 개선합니다.

입사 후에는 표준 절차와 내부 시스템 교육을 이수하며, 숙련도에 따라 담당 범위가 확대됩니다.

정확성, 안전, 책임 있는 의사소통을 중시하며 실무 중심의 협업 역량을 기대합니다.","- R&D·연구원 직무 기준에 따른 실무 수행
- R&D·연구원 관련 결과물 검토 및 개선
- 제품·시스템 요구사항 분석 및 기술 검토
- 설계 사양서와 도면 작성·개정
- 시제품 제작 및 성능 시험
- 시험 결과 분석과 개선안 도출
- 유관 부서와 일정·품질 협업
- 기술 문서와 변경 이력 관리","- 문제 원인을 논리적으로 분석할 수 있는 분
- 협업 부서와 원활하게 소통할 수 있는 분
- 기본적인 문서 작성 및 데이터 분석 역량
- 해외여행 및 현장 근무에 결격사유가 없는 분
- 관련 공학계열 전공 또는 동등한 실무 역량
- 도면과 기술 문서를 이해할 수 있는 분","- 품질경영기사 보유자
- 연구실안전관리사 보유자
- CAD·CAE 또는 계측 도구 활용 경험
- 제품 개발 전 과정 참여 경험
- 영어 기술 문서 독해 가능자","- 지원서 또는 제출서류를 허위로 기재한 경우
- 채용검진 결과 직무 수행이 어렵다고 판단되는 경우
- 해외여행 및 근무에 결격사유가 있는 경우
- 관련 법령 또는 내부 인사규정상 채용이 불가능한 경우",서류전형 > 인성검사 > 실무면접 > 최종면접
1334,R&D·연구원 인재 채용,113,134,20260110,20260131,7,경력 2년 이상,무기계약직,충청북도,석사 이상,"본 포지션은 R&D·연구원 업무를 담당하며, 현장의 요구사항을 정확히 파악해 안정적인 결과를 만드는 역할입니다.

엔지니어링·설계 분야의 실무 기준과 절차에 따라 계획 수립부터 실행, 결과 확인까지 전 과정에 참여합니다.

업무 과정에서 발생하는 이슈를 데이터와 기록에 근거해 분석하고, 유관 부서와 협의하여 개선합니다.

입사 후에는 표준 절차와 내부 시스템 교육을 이수하며, 숙련도에 따라 담당 범위가 확대됩니다.

정확성, 안전, 책임 있는 의사소통을 중시하며 실무 중심의 협업 역량을 기대합니다.","- R&D·연구원 직무 기준에 따른 실무 수행
- R&D·연구원 관련 결과물 검토 및 개선
- 시험 결과 분석과 개선안 도출
- 유관 부서와 일정·품질 협업
- 기술 문서와 변경 이력 관리
- 협력사 기술 대응 및 부품 검토
- 안전·품질 기준 준수 여부 확인
- 제품·시스템 요구사항 분석 및 기술 검토","- 해외여행 및 현장 근무에 결격사유가 없는 분
- 관련 공학계열 전공 또는 동등한 실무 역량
- 도면과 기술 문서를 이해할 수 있는 분
- 문제 원인을 논리적으로 분석할 수 있는 분
- 협업 부서와 원활하게 소통할 수 있는 분
- 기본적인 문서 작성 및 데이터 분석 역량","- 연구실안전관리사 보유자
- 화학분석기사 보유자
- 품질시스템 또는 안전규격 대응 경험
- CAD·CAE 또는 계측 도구 활용 경험
- 제품 개발 전 과정 참여 경험","- 지원서 또는 제출서류를 허위로 기재한 경우
- 채용검진 결과 직무 수행이 어렵다고 판단되는 경우
- 해외여행 및 근무에 결격사유가 있는 경우
- 관련 법령 또는 내부 인사규정상 채용이 불가능한 경우",서류전형 > 직무과제 > 실무면접 > 처우협의
1335,R&D·연구원 실무자 모집,87,134,20260315,20260412,11,경력 3년 이상,정규직,충청남도,학사 이상,"본 포지션은 R&D·연구원 업무를 담당하며, 현장의 요구사항을 정확히 파악해 안정적인 결과를 만드는 역할입니다.

엔지니어링·설계 분야의 실무 기준과 절차에 따라 계획 수립부터 실행, 결과 확인까지 전 과정에 참여합니다.

업무 과정에서 발생하는 이슈를 데이터와 기록에 근거해 분석하고, 유관 부서와 협의하여 개선합니다.

입사 후에는 표준 절차와 내부 시스템 교육을 이수하며, 숙련도에 따라 담당 범위가 확대됩니다.

정확성, 안전, 책임 있는 의사소통을 중시하며 실무 중심의 협업 역량을 기대합니다.","- R&D·연구원 직무 기준에 따른 실무 수행
- R&D·연구원 관련 결과물 검토 및 개선
- 협력사 기술 대응 및 부품 검토
- 안전·품질 기준 준수 여부 확인
- 제품·시스템 요구사항 분석 및 기술 검토
- 설계 사양서와 도면 작성·개정
- 시제품 제작 및 성능 시험
- 시험 결과 분석과 개선안 도출","- 문제 원인을 논리적으로 분석할 수 있는 분
- 협업 부서와 원활하게 소통할 수 있는 분
- 기본적인 문서 작성 및 데이터 분석 역량
- 해외여행 및 현장 근무에 결격사유가 없는 분
- 관련 공학계열 전공 또는 동등한 실무 역량
- 도면과 기술 문서를 이해할 수 있는 분","- 화학분석기사 보유자
- 품질경영기사 보유자
- 영어 기술 문서 독해 가능자
- 품질시스템 또는 안전규격 대응 경험
- CAD·CAE 또는 계측 도구 활용 경험","- 지원서 또는 제출서류를 허위로 기재한 경우
- 채용검진 결과 직무 수행이 어렵다고 판단되는 경우
- 해외여행 및 근무에 결격사유가 있는 경우
- 관련 법령 또는 내부 인사규정상 채용이 불가능한 경우",서류전형 > 1차면접 > 2차면접 > 채용검진
1336,R&D·연구원 전문인력 채용,125,134,20260520,20260624,15,경력 무관,정규직,전북특별자치도,학사 이상,"본 포지션은 R&D·연구원 업무를 담당하며, 현장의 요구사항을 정확히 파악해 안정적인 결과를 만드는 역할입니다.

엔지니어링·설계 분야의 실무 기준과 절차에 따라 계획 수립부터 실행, 결과 확인까지 전 과정에 참여합니다.

업무 과정에서 발생하는 이슈를 데이터와 기록에 근거해 분석하고, 유관 부서와 협의하여 개선합니다.

입사 후에는 표준 절차와 내부 시스템 교육을 이수하며, 숙련도에 따라 담당 범위가 확대됩니다.

정확성, 안전, 책임 있는 의사소통을 중시하며 실무 중심의 협업 역량을 기대합니다.","- R&D·연구원 직무 기준에 따른 실무 수행
- R&D·연구원 관련 결과물 검토 및 개선
- 설계 사양서와 도면 작성·개정
- 시제품 제작 및 성능 시험
- 시험 결과 분석과 개선안 도출
- 유관 부서와 일정·품질 협업
- 기술 문서와 변경 이력 관리
- 협력사 기술 대응 및 부품 검토","- 해외여행 및 현장 근무에 결격사유가 없는 분
- 관련 공학계열 전공 또는 동등한 실무 역량
- 도면과 기술 문서를 이해할 수 있는 분
- 문제 원인을 논리적으로 분석할 수 있는 분
- 협업 부서와 원활하게 소통할 수 있는 분
- 기본적인 문서 작성 및 데이터 분석 역량","- 품질경영기사 보유자
- 연구실안전관리사 보유자
- 제품 개발 전 과정 참여 경험
- 영어 기술 문서 독해 가능자
- 품질시스템 또는 안전규격 대응 경험","- 지원서 또는 제출서류를 허위로 기재한 경우
- 채용검진 결과 직무 수행이 어렵다고 판단되는 경우
- 해외여행 및 근무에 결격사유가 있는 경우
- 관련 법령 또는 내부 인사규정상 채용이 불가능한 경우",서류전형 > 필기전형 > 면접전형 > 최종합격
1337,R&D·연구원 운영인력 모집,145,134,20260701,20260812,19,경력 5년 이상,계약직,전라남도,석사 이상,"본 포지션은 R&D·연구원 업무를 담당하며, 현장의 요구사항을 정확히 파악해 안정적인 결과를 만드는 역할입니다.

엔지니어링·설계 분야의 실무 기준과 절차에 따라 계획 수립부터 실행, 결과 확인까지 전 과정에 참여합니다.

업무 과정에서 발생하는 이슈를 데이터와 기록에 근거해 분석하고, 유관 부서와 협의하여 개선합니다.

입사 후에는 표준 절차와 내부 시스템 교육을 이수하며, 숙련도에 따라 담당 범위가 확대됩니다.

정확성, 안전, 책임 있는 의사소통을 중시하며 실무 중심의 협업 역량을 기대합니다.","- R&D·연구원 직무 기준에 따른 실무 수행
- R&D·연구원 관련 결과물 검토 및 개선
- 유관 부서와 일정·품질 협업
- 기술 문서와 변경 이력 관리
- 협력사 기술 대응 및 부품 검토
- 안전·품질 기준 준수 여부 확인
- 제품·시스템 요구사항 분석 및 기술 검토
- 설계 사양서와 도면 작성·개정","- 문제 원인을 논리적으로 분석할 수 있는 분
- 협업 부서와 원활하게 소통할 수 있는 분
- 기본적인 문서 작성 및 데이터 분석 역량
- 해외여행 및 현장 근무에 결격사유가 없는 분
- 관련 공학계열 전공 또는 동등한 실무 역량
- 도면과 기술 문서를 이해할 수 있는 분","- 연구실안전관리사 보유자
- 화학분석기사 보유자
- CAD·CAE 또는 계측 도구 활용 경험
- 제품 개발 전 과정 참여 경험
- 영어 기술 문서 독해 가능자","- 지원서 또는 제출서류를 허위로 기재한 경우
- 채용검진 결과 직무 수행이 어렵다고 판단되는 경우
- 해외여행 및 근무에 결격사유가 있는 경우
- 관련 법령 또는 내부 인사규정상 채용이 불가능한 경우",서류전형 > 실무면접 > 최종면접
1338,R&D·연구원 프로젝트 인력 채용,69,134,20260906,20260919,3,신입,무기계약직,경상북도,학사 이상,"본 포지션은 R&D·연구원 업무를 담당하며, 현장의 요구사항을 정확히 파악해 안정적인 결과를 만드는 역할입니다.

엔지니어링·설계 분야의 실무 기준과 절차에 따라 계획 수립부터 실행, 결과 확인까지 전 과정에 참여합니다.

업무 과정에서 발생하는 이슈를 데이터와 기록에 근거해 분석하고, 유관 부서와 협의하여 개선합니다.

입사 후에는 표준 절차와 내부 시스템 교육을 이수하며, 숙련도에 따라 담당 범위가 확대됩니다.

정확성, 안전, 책임 있는 의사소통을 중시하며 실무 중심의 협업 역량을 기대합니다.","- R&D·연구원 직무 기준에 따른 실무 수행
- R&D·연구원 관련 결과물 검토 및 개선
- 안전·품질 기준 준수 여부 확인
- 제품·시스템 요구사항 분석 및 기술 검토
- 설계 사양서와 도면 작성·개정
- 시제품 제작 및 성능 시험
- 시험 결과 분석과 개선안 도출
- 유관 부서와 일정·품질 협업","- 해외여행 및 현장 근무에 결격사유가 없는 분
- 관련 공학계열 전공 또는 동등한 실무 역량
- 도면과 기술 문서를 이해할 수 있는 분
- 문제 원인을 논리적으로 분석할 수 있는 분
- 협업 부서와 원활하게 소통할 수 있는 분
- 기본적인 문서 작성 및 데이터 분석 역량","- 화학분석기사 보유자
- 품질경영기사 보유자
- 품질시스템 또는 안전규격 대응 경험
- CAD·CAE 또는 계측 도구 활용 경험
- 제품 개발 전 과정 참여 경험","- 지원서 또는 제출서류를 허위로 기재한 경우
- 채용검진 결과 직무 수행이 어렵다고 판단되는 경우
- 해외여행 및 근무에 결격사유가 있는 경우
- 관련 법령 또는 내부 인사규정상 채용이 불가능한 경우",서류전형 > 인성검사 > 실무면접 > 최종면접
1339,R&D·연구원 직무 채용,13,134,20260111,20260131,7,경력,정규직,경상남도,학사 이상,"본 포지션은 R&D·연구원 업무를 담당하며, 현장의 요구사항을 정확히 파악해 안정적인 결과를 만드는 역할입니다.

엔지니어링·설계 분야의 실무 기준과 절차에 따라 계획 수립부터 실행, 결과 확인까지 전 과정에 참여합니다.

업무 과정에서 발생하는 이슈를 데이터와 기록에 근거해 분석하고, 유관 부서와 협의하여 개선합니다.

입사 후에는 표준 절차와 내부 시스템 교육을 이수하며, 숙련도에 따라 담당 범위가 확대됩니다.

정확성, 안전, 책임 있는 의사소통을 중시하며 실무 중심의 협업 역량을 기대합니다.","- R&D·연구원 직무 기준에 따른 실무 수행
- R&D·연구원 관련 결과물 검토 및 개선
- 시제품 제작 및 성능 시험
- 시험 결과 분석과 개선안 도출
- 유관 부서와 일정·품질 협업
- 기술 문서와 변경 이력 관리
- 협력사 기술 대응 및 부품 검토
- 안전·품질 기준 준수 여부 확인","- 문제 원인을 논리적으로 분석할 수 있는 분
- 협업 부서와 원활하게 소통할 수 있는 분
- 기본적인 문서 작성 및 데이터 분석 역량
- 해외여행 및 현장 근무에 결격사유가 없는 분
- 관련 공학계열 전공 또는 동등한 실무 역량
- 도면과 기술 문서를 이해할 수 있는 분","- 품질경영기사 보유자
- 연구실안전관리사 보유자
- 영어 기술 문서 독해 가능자
- 품질시스템 또는 안전규격 대응 경험
- CAD·CAE 또는 계측 도구 활용 경험","- 지원서 또는 제출서류를 허위로 기재한 경우
- 채용검진 결과 직무 수행이 어렵다고 판단되는 경우
- 해외여행 및 근무에 결격사유가 있는 경우
- 관련 법령 또는 내부 인사규정상 채용이 불가능한 경우",서류전형 > 직무과제 > 실무면접 > 처우협의
1340,R&D·연구원 부문 모집,14,134,20260316,20260412,11,신입·경력,정규직,제주특별자치도,석사 이상,"본 포지션은 R&D·연구원 업무를 담당하며, 현장의 요구사항을 정확히 파악해 안정적인 결과를 만드는 역할입니다.

엔지니어링·설계 분야의 실무 기준과 절차에 따라 계획 수립부터 실행, 결과 확인까지 전 과정에 참여합니다.

업무 과정에서 발생하는 이슈를 데이터와 기록에 근거해 분석하고, 유관 부서와 협의하여 개선합니다.

입사 후에는 표준 절차와 내부 시스템 교육을 이수하며, 숙련도에 따라 담당 범위가 확대됩니다.

정확성, 안전, 책임 있는 의사소통을 중시하며 실무 중심의 협업 역량을 기대합니다.","- R&D·연구원 직무 기준에 따른 실무 수행
- R&D·연구원 관련 결과물 검토 및 개선
- 기술 문서와 변경 이력 관리
- 협력사 기술 대응 및 부품 검토
- 안전·품질 기준 준수 여부 확인
- 제품·시스템 요구사항 분석 및 기술 검토
- 설계 사양서와 도면 작성·개정
- 시제품 제작 및 성능 시험","- 해외여행 및 현장 근무에 결격사유가 없는 분
- 관련 공학계열 전공 또는 동등한 실무 역량
- 도면과 기술 문서를 이해할 수 있는 분
- 문제 원인을 논리적으로 분석할 수 있는 분
- 협업 부서와 원활하게 소통할 수 있는 분
- 기본적인 문서 작성 및 데이터 분석 역량","- 연구실안전관리사 보유자
- 화학분석기사 보유자
- 제품 개발 전 과정 참여 경험
- 영어 기술 문서 독해 가능자
- 품질시스템 또는 안전규격 대응 경험","- 지원서 또는 제출서류를 허위로 기재한 경우
- 채용검진 결과 직무 수행이 어렵다고 판단되는 경우
- 해외여행 및 근무에 결격사유가 있는 경우
- 관련 법령 또는 내부 인사규정상 채용이 불가능한 경우",서류전형 > 1차면접 > 2차면접 > 채용검진
1341,AI로봇엔지니어 모집,121,135,20260622,20260729,16,신입,정규직,경기도,전문학사 이상,"본 포지션은 AI로봇엔지니어 업무를 담당하며, 현장의 요구사항을 정확히 파악해 안정적인 결과를 만드는 역할입니다.

엔지니어링·설계 분야의 실무 기준과 절차에 따라 계획 수립부터 실행, 결과 확인까지 전 과정에 참여합니다.

업무 과정에서 발생하는 이슈를 데이터와 기록에 근거해 분석하고, 유관 부서와 협의하여 개선합니다.

입사 후에는 표준 절차와 내부 시스템 교육을 이수하며, 숙련도에 따라 담당 범위가 확대됩니다.

정확성, 안전, 책임 있는 의사소통을 중시하며 실무 중심의 협업 역량을 기대합니다.","- 로봇 제어·인지 알고리즘 개발
- 센서 융합 및 실환경 검증
- 설계 사양서와 도면 작성·개정
- 시제품 제작 및 성능 시험
- 시험 결과 분석과 개선안 도출
- 유관 부서와 일정·품질 협업
- 기술 문서와 변경 이력 관리
- 협력사 기술 대응 및 부품 검토","- 협업 부서와 원활하게 소통할 수 있는 분
- 기본적인 문서 작성 및 데이터 분석 역량
- 해외여행 및 현장 근무에 결격사유가 없는 분
- 관련 공학계열 전공 또는 동등한 실무 역량
- 도면과 기술 문서를 이해할 수 있는 분
- 문제 원인을 논리적으로 분석할 수 있는 분","- 로봇소프트웨어개발기사 보유자
- 전자기사 보유자
- 제품 개발 전 과정 참여 경험
- 영어 기술 문서 독해 가능자
- 품질시스템 또는 안전규격 대응 경험","- 지원서 또는 제출서류를 허위로 기재한 경우
- 채용검진 결과 직무 수행이 어렵다고 판단되는 경우
- 해외여행 및 근무에 결격사유가 있는 경우
- 관련 법령 또는 내부 인사규정상 채용이 불가능한 경우",서류전형 > 실무면접 > 최종면접
1342,AI로봇엔지니어 채용,155,135,20260803,20260916,20,경력,정규직,강원특별자치도,학사 이상,"본 포지션은 AI로봇엔지니어 업무를 담당하며, 현장의 요구사항을 정확히 파악해 안정적인 결과를 만드는 역할입니다.

엔지니어링·설계 분야의 실무 기준과 절차에 따라 계획 수립부터 실행, 결과 확인까지 전 과정에 참여합니다.

업무 과정에서 발생하는 이슈를 데이터와 기록에 근거해 분석하고, 유관 부서와 협의하여 개선합니다.

입사 후에는 표준 절차와 내부 시스템 교육을 이수하며, 숙련도에 따라 담당 범위가 확대됩니다.

정확성, 안전, 책임 있는 의사소통을 중시하며 실무 중심의 협업 역량을 기대합니다.","- 로봇 제어·인지 알고리즘 개발
- 센서 융합 및 실환경 검증
- 유관 부서와 일정·품질 협업
- 기술 문서와 변경 이력 관리
- 협력사 기술 대응 및 부품 검토
- 안전·품질 기준 준수 여부 확인
- 제품·시스템 요구사항 분석 및 기술 검토
- 설계 사양서와 도면 작성·개정","- 관련 공학계열 전공 또는 동등한 실무 역량
- 도면과 기술 문서를 이해할 수 있는 분
- 문제 원인을 논리적으로 분석할 수 있는 분
- 협업 부서와 원활하게 소통할 수 있는 분
- 기본적인 문서 작성 및 데이터 분석 역량
- 해외여행 및 현장 근무에 결격사유가 없는 분","- 전자기사 보유자
- 정보처리기사 보유자
- CAD·CAE 또는 계측 도구 활용 경험
- 제품 개발 전 과정 참여 경험
- 영어 기술 문서 독해 가능자","- 지원서 또는 제출서류를 허위로 기재한 경우
- 채용검진 결과 직무 수행이 어렵다고 판단되는 경우
- 해외여행 및 근무에 결격사유가 있는 경우
- 관련 법령 또는 내부 인사규정상 채용이 불가능한 경우",서류전형 > 인성검사 > 실무면접 > 최종면접
1343,AI로봇엔지니어 담당자 모집,32,135,20261008,20261023,4,신입·경력,계약직,충청북도,학사 이상,"본 포지션은 AI로봇엔지니어 업무를 담당하며, 현장의 요구사항을 정확히 파악해 안정적인 결과를 만드는 역할입니다.

엔지니어링·설계 분야의 실무 기준과 절차에 따라 계획 수립부터 실행, 결과 확인까지 전 과정에 참여합니다.

업무 과정에서 발생하는 이슈를 데이터와 기록에 근거해 분석하고, 유관 부서와 협의하여 개선합니다.

입사 후에는 표준 절차와 내부 시스템 교육을 이수하며, 숙련도에 따라 담당 범위가 확대됩니다.

정확성, 안전, 책임 있는 의사소통을 중시하며 실무 중심의 협업 역량을 기대합니다.","- 로봇 제어·인지 알고리즘 개발
- 센서 융합 및 실환경 검증
- 안전·품질 기준 준수 여부 확인
- 제품·시스템 요구사항 분석 및 기술 검토
- 설계 사양서와 도면 작성·개정
- 시제품 제작 및 성능 시험
- 시험 결과 분석과 개선안 도출
- 유관 부서와 일정·품질 협업","- 협업 부서와 원활하게 소통할 수 있는 분
- 기본적인 문서 작성 및 데이터 분석 역량
- 해외여행 및 현장 근무에 결격사유가 없는 분
- 관련 공학계열 전공 또는 동등한 실무 역량
- 도면과 기술 문서를 이해할 수 있는 분
- 문제 원인을 논리적으로 분석할 수 있는 분","- 정보처리기사 보유자
- 로봇소프트웨어개발기사 보유자
- 품질시스템 또는 안전규격 대응 경험
- CAD·CAE 또는 계측 도구 활용 경험
- 제품 개발 전 과정 참여 경험","- 지원서 또는 제출서류를 허위로 기재한 경우
- 채용검진 결과 직무 수행이 어렵다고 판단되는 경우
- 해외여행 및 근무에 결격사유가 있는 경우
- 관련 법령 또는 내부 인사규정상 채용이 불가능한 경우",서류전형 > 직무과제 > 실무면접 > 처우협의
1344,AI로봇엔지니어 인재 채용,116,135,20260213,20260307,8,경력 2년 이상,무기계약직,충청남도,전문학사 이상,"본 포지션은 AI로봇엔지니어 업무를 담당하며, 현장의 요구사항을 정확히 파악해 안정적인 결과를 만드는 역할입니다.

엔지니어링·설계 분야의 실무 기준과 절차에 따라 계획 수립부터 실행, 결과 확인까지 전 과정에 참여합니다.

업무 과정에서 발생하는 이슈를 데이터와 기록에 근거해 분석하고, 유관 부서와 협의하여 개선합니다.

입사 후에는 표준 절차와 내부 시스템 교육을 이수하며, 숙련도에 따라 담당 범위가 확대됩니다.

정확성, 안전, 책임 있는 의사소통을 중시하며 실무 중심의 협업 역량을 기대합니다.","- 로봇 제어·인지 알고리즘 개발
- 센서 융합 및 실환경 검증
- 시제품 제작 및 성능 시험
- 시험 결과 분석과 개선안 도출
- 유관 부서와 일정·품질 협업
- 기술 문서와 변경 이력 관리
- 협력사 기술 대응 및 부품 검토
- 안전·품질 기준 준수 여부 확인","- 관련 공학계열 전공 또는 동등한 실무 역량
- 도면과 기술 문서를 이해할 수 있는 분
- 문제 원인을 논리적으로 분석할 수 있는 분
- 협업 부서와 원활하게 소통할 수 있는 분
- 기본적인 문서 작성 및 데이터 분석 역량
- 해외여행 및 현장 근무에 결격사유가 없는 분","- 로봇소프트웨어개발기사 보유자
- 전자기사 보유자
- 영어 기술 문서 독해 가능자
- 품질시스템 또는 안전규격 대응 경험
- CAD·CAE 또는 계측 도구 활용 경험","- 지원서 또는 제출서류를 허위로 기재한 경우
- 채용검진 결과 직무 수행이 어렵다고 판단되는 경우
- 해외여행 및 근무에 결격사유가 있는 경우
- 관련 법령 또는 내부 인사규정상 채용이 불가능한 경우",서류전형 > 1차면접 > 2차면접 > 채용검진
1345,AI로봇엔지니어 실무자 모집,80,135,20260418,20260517,12,경력 3년 이상,정규직,전북특별자치도,학사 이상,"본 포지션은 AI로봇엔지니어 업무를 담당하며, 현장의 요구사항을 정확히 파악해 안정적인 결과를 만드는 역할입니다.

엔지니어링·설계 분야의 실무 기준과 절차에 따라 계획 수립부터 실행, 결과 확인까지 전 과정에 참여합니다.

업무 과정에서 발생하는 이슈를 데이터와 기록에 근거해 분석하고, 유관 부서와 협의하여 개선합니다.

입사 후에는 표준 절차와 내부 시스템 교육을 이수하며, 숙련도에 따라 담당 범위가 확대됩니다.

정확성, 안전, 책임 있는 의사소통을 중시하며 실무 중심의 협업 역량을 기대합니다.","- 로봇 제어·인지 알고리즘 개발
- 센서 융합 및 실환경 검증
- 기술 문서와 변경 이력 관리
- 협력사 기술 대응 및 부품 검토
- 안전·품질 기준 준수 여부 확인
- 제품·시스템 요구사항 분석 및 기술 검토
- 설계 사양서와 도면 작성·개정
- 시제품 제작 및 성능 시험","- 협업 부서와 원활하게 소통할 수 있는 분
- 기본적인 문서 작성 및 데이터 분석 역량
- 해외여행 및 현장 근무에 결격사유가 없는 분
- 관련 공학계열 전공 또는 동등한 실무 역량
- 도면과 기술 문서를 이해할 수 있는 분
- 문제 원인을 논리적으로 분석할 수 있는 분","- 전자기사 보유자
- 정보처리기사 보유자
- 제품 개발 전 과정 참여 경험
- 영어 기술 문서 독해 가능자
- 품질시스템 또는 안전규격 대응 경험","- 지원서 또는 제출서류를 허위로 기재한 경우
- 채용검진 결과 직무 수행이 어렵다고 판단되는 경우
- 해외여행 및 근무에 결격사유가 있는 경우
- 관련 법령 또는 내부 인사규정상 채용이 불가능한 경우",서류전형 > 필기전형 > 면접전형 > 최종합격
1346,AI로봇엔지니어 전문인력 채용,98,135,20260623,20260729,16,경력 무관,정규직,전라남도,학사 이상,"본 포지션은 AI로봇엔지니어 업무를 담당하며, 현장의 요구사항을 정확히 파악해 안정적인 결과를 만드는 역할입니다.

엔지니어링·설계 분야의 실무 기준과 절차에 따라 계획 수립부터 실행, 결과 확인까지 전 과정에 참여합니다.

업무 과정에서 발생하는 이슈를 데이터와 기록에 근거해 분석하고, 유관 부서와 협의하여 개선합니다.

입사 후에는 표준 절차와 내부 시스템 교육을 이수하며, 숙련도에 따라 담당 범위가 확대됩니다.

정확성, 안전, 책임 있는 의사소통을 중시하며 실무 중심의 협업 역량을 기대합니다.","- 로봇 제어·인지 알고리즘 개발
- 센서 융합 및 실환경 검증
- 제품·시스템 요구사항 분석 및 기술 검토
- 설계 사양서와 도면 작성·개정
- 시제품 제작 및 성능 시험
- 시험 결과 분석과 개선안 도출
- 유관 부서와 일정·품질 협업
- 기술 문서와 변경 이력 관리","- 관련 공학계열 전공 또는 동등한 실무 역량
- 도면과 기술 문서를 이해할 수 있는 분
- 문제 원인을 논리적으로 분석할 수 있는 분
- 협업 부서와 원활하게 소통할 수 있는 분
- 기본적인 문서 작성 및 데이터 분석 역량
- 해외여행 및 현장 근무에 결격사유가 없는 분","- 정보처리기사 보유자
- 로봇소프트웨어개발기사 보유자
- CAD·CAE 또는 계측 도구 활용 경험
- 제품 개발 전 과정 참여 경험
- 영어 기술 문서 독해 가능자","- 지원서 또는 제출서류를 허위로 기재한 경우
- 채용검진 결과 직무 수행이 어렵다고 판단되는 경우
- 해외여행 및 근무에 결격사유가 있는 경우
- 관련 법령 또는 내부 인사규정상 채용이 불가능한 경우",서류전형 > 실무면접 > 최종면접
1347,AI로봇엔지니어 운영인력 모집,62,135,20260804,20260916,20,경력 5년 이상,계약직,경상북도,전문학사 이상,"본 포지션은 AI로봇엔지니어 업무를 담당하며, 현장의 요구사항을 정확히 파악해 안정적인 결과를 만드는 역할입니다.

엔지니어링·설계 분야의 실무 기준과 절차에 따라 계획 수립부터 실행, 결과 확인까지 전 과정에 참여합니다.

업무 과정에서 발생하는 이슈를 데이터와 기록에 근거해 분석하고, 유관 부서와 협의하여 개선합니다.

입사 후에는 표준 절차와 내부 시스템 교육을 이수하며, 숙련도에 따라 담당 범위가 확대됩니다.

정확성, 안전, 책임 있는 의사소통을 중시하며 실무 중심의 협업 역량을 기대합니다.","- 로봇 제어·인지 알고리즘 개발
- 센서 융합 및 실환경 검증
- 시험 결과 분석과 개선안 도출
- 유관 부서와 일정·품질 협업
- 기술 문서와 변경 이력 관리
- 협력사 기술 대응 및 부품 검토
- 안전·품질 기준 준수 여부 확인
- 제품·시스템 요구사항 분석 및 기술 검토","- 협업 부서와 원활하게 소통할 수 있는 분
- 기본적인 문서 작성 및 데이터 분석 역량
- 해외여행 및 현장 근무에 결격사유가 없는 분
- 관련 공학계열 전공 또는 동등한 실무 역량
- 도면과 기술 문서를 이해할 수 있는 분
- 문제 원인을 논리적으로 분석할 수 있는 분","- 로봇소프트웨어개발기사 보유자
- 전자기사 보유자
- 품질시스템 또는 안전규격 대응 경험
- CAD·CAE 또는 계측 도구 활용 경험
- 제품 개발 전 과정 참여 경험","- 지원서 또는 제출서류를 허위로 기재한 경우
- 채용검진 결과 직무 수행이 어렵다고 판단되는 경우
- 해외여행 및 근무에 결격사유가 있는 경우
- 관련 법령 또는 내부 인사규정상 채용이 불가능한 경우",서류전형 > 인성검사 > 실무면접 > 최종면접
1348,AI로봇엔지니어 프로젝트 인력 채용,123,135,20261009,20261023,4,신입,무기계약직,경상남도,학사 이상,"본 포지션은 AI로봇엔지니어 업무를 담당하며, 현장의 요구사항을 정확히 파악해 안정적인 결과를 만드는 역할입니다.

엔지니어링·설계 분야의 실무 기준과 절차에 따라 계획 수립부터 실행, 결과 확인까지 전 과정에 참여합니다.

업무 과정에서 발생하는 이슈를 데이터와 기록에 근거해 분석하고, 유관 부서와 협의하여 개선합니다.

입사 후에는 표준 절차와 내부 시스템 교육을 이수하며, 숙련도에 따라 담당 범위가 확대됩니다.

정확성, 안전, 책임 있는 의사소통을 중시하며 실무 중심의 협업 역량을 기대합니다.","- 로봇 제어·인지 알고리즘 개발
- 센서 융합 및 실환경 검증
- 협력사 기술 대응 및 부품 검토
- 안전·품질 기준 준수 여부 확인
- 제품·시스템 요구사항 분석 및 기술 검토
- 설계 사양서와 도면 작성·개정
- 시제품 제작 및 성능 시험
- 시험 결과 분석과 개선안 도출","- 관련 공학계열 전공 또는 동등한 실무 역량
- 도면과 기술 문서를 이해할 수 있는 분
- 문제 원인을 논리적으로 분석할 수 있는 분
- 협업 부서와 원활하게 소통할 수 있는 분
- 기본적인 문서 작성 및 데이터 분석 역량
- 해외여행 및 현장 근무에 결격사유가 없는 분","- 전자기사 보유자
- 정보처리기사 보유자
- 영어 기술 문서 독해 가능자
- 품질시스템 또는 안전규격 대응 경험
- CAD·CAE 또는 계측 도구 활용 경험","- 지원서 또는 제출서류를 허위로 기재한 경우
- 채용검진 결과 직무 수행이 어렵다고 판단되는 경우
- 해외여행 및 근무에 결격사유가 있는 경우
- 관련 법령 또는 내부 인사규정상 채용이 불가능한 경우",서류전형 > 직무과제 > 실무면접 > 처우협의
1349,AI로봇엔지니어 직무 채용,56,135,20260214,20260307,8,경력,정규직,제주특별자치도,학사 이상,"본 포지션은 AI로봇엔지니어 업무를 담당하며, 현장의 요구사항을 정확히 파악해 안정적인 결과를 만드는 역할입니다.

엔지니어링·설계 분야의 실무 기준과 절차에 따라 계획 수립부터 실행, 결과 확인까지 전 과정에 참여합니다.

업무 과정에서 발생하는 이슈를 데이터와 기록에 근거해 분석하고, 유관 부서와 협의하여 개선합니다.

입사 후에는 표준 절차와 내부 시스템 교육을 이수하며, 숙련도에 따라 담당 범위가 확대됩니다.

정확성, 안전, 책임 있는 의사소통을 중시하며 실무 중심의 협업 역량을 기대합니다.","- 로봇 제어·인지 알고리즘 개발
- 센서 융합 및 실환경 검증
- 설계 사양서와 도면 작성·개정
- 시제품 제작 및 성능 시험
- 시험 결과 분석과 개선안 도출
- 유관 부서와 일정·품질 협업
- 기술 문서와 변경 이력 관리
- 협력사 기술 대응 및 부품 검토","- 협업 부서와 원활하게 소통할 수 있는 분
- 기본적인 문서 작성 및 데이터 분석 역량
- 해외여행 및 현장 근무에 결격사유가 없는 분
- 관련 공학계열 전공 또는 동등한 실무 역량
- 도면과 기술 문서를 이해할 수 있는 분
- 문제 원인을 논리적으로 분석할 수 있는 분","- 정보처리기사 보유자
- 로봇소프트웨어개발기사 보유자
- 제품 개발 전 과정 참여 경험
- 영어 기술 문서 독해 가능자
- 품질시스템 또는 안전규격 대응 경험","- 지원서 또는 제출서류를 허위로 기재한 경우
- 채용검진 결과 직무 수행이 어렵다고 판단되는 경우
- 해외여행 및 근무에 결격사유가 있는 경우
- 관련 법령 또는 내부 인사규정상 채용이 불가능한 경우",서류전형 > 1차면접 > 2차면접 > 채용검진
1350,AI로봇엔지니어 부문 모집,44,135,20260419,20260517,12,신입·경력,정규직,서울특별시,전문학사 이상,"본 포지션은 AI로봇엔지니어 업무를 담당하며, 현장의 요구사항을 정확히 파악해 안정적인 결과를 만드는 역할입니다.

엔지니어링·설계 분야의 실무 기준과 절차에 따라 계획 수립부터 실행, 결과 확인까지 전 과정에 참여합니다.

업무 과정에서 발생하는 이슈를 데이터와 기록에 근거해 분석하고, 유관 부서와 협의하여 개선합니다.

입사 후에는 표준 절차와 내부 시스템 교육을 이수하며, 숙련도에 따라 담당 범위가 확대됩니다.

정확성, 안전, 책임 있는 의사소통을 중시하며 실무 중심의 협업 역량을 기대합니다.","- 로봇 제어·인지 알고리즘 개발
- 센서 융합 및 실환경 검증
- 유관 부서와 일정·품질 협업
- 기술 문서와 변경 이력 관리
- 협력사 기술 대응 및 부품 검토
- 안전·품질 기준 준수 여부 확인
- 제품·시스템 요구사항 분석 및 기술 검토
- 설계 사양서와 도면 작성·개정","- 관련 공학계열 전공 또는 동등한 실무 역량
- 도면과 기술 문서를 이해할 수 있는 분
- 문제 원인을 논리적으로 분석할 수 있는 분
- 협업 부서와 원활하게 소통할 수 있는 분
- 기본적인 문서 작성 및 데이터 분석 역량
- 해외여행 및 현장 근무에 결격사유가 없는 분","- 로봇소프트웨어개발기사 보유자
- 전자기사 보유자
- CAD·CAE 또는 계측 도구 활용 경험
- 제품 개발 전 과정 참여 경험
- 영어 기술 문서 독해 가능자","- 지원서 또는 제출서류를 허위로 기재한 경우
- 채용검진 결과 직무 수행이 어렵다고 판단되는 경우
- 해외여행 및 근무에 결격사유가 있는 경우
- 관련 법령 또는 내부 인사규정상 채용이 불가능한 경우",서류전형 > 필기전형 > 면접전형 > 최종합격
1351,생산직종사자 모집,114,136,20260701,20260808,17,신입,정규직,강원특별자치도,전문학사 이상,"본 포지션은 생산직종사자 업무를 담당하며, 현장의 요구사항을 정확히 파악해 안정적인 결과를 만드는 역할입니다.

제조·생산 분야의 실무 기준과 절차에 따라 계획 수립부터 실행, 결과 확인까지 전 과정에 참여합니다.

업무 과정에서 발생하는 이슈를 데이터와 기록에 근거해 분석하고, 유관 부서와 협의하여 개선합니다.

입사 후에는 표준 절차와 내부 시스템 교육을 이수하며, 숙련도에 따라 담당 범위가 확대됩니다.

정확성, 안전, 책임 있는 의사소통을 중시하며 실무 중심의 협업 역량을 기대합니다.","- 생산직종사자 직무 기준에 따른 실무 수행
- 생산직종사자 관련 결과물 검토 및 개선
- 생산계획에 따른 공정·설비 운영
- 작업표준 및 안전수칙 준수
- 생산실적과 비가동 원인 기록
- 공정 품질 확인 및 이상 보고
- 자재 투입과 재고 상태 확인
- 설비 일상점검 및 작업장 정리","- 교대근무 또는 탄력근무가 가능한 분
- 기초적인 생산 기록 작성이 가능한 분
- 협업과 의사소통에 책임감이 있는 분
- 제조 현장 근무가 가능한 분
- 안전수칙과 작업표준을 성실히 준수하는 분
- 교대근무 또는 탄력근무가 가능한 분","- 생산자동화기능사 보유자
- 지게차운전기능사 보유자
- 스마트팩토리 시스템 사용 경험
- 품질개선 활동 참여 경험
- 인근 거주자 또는 차량 소지자","- 지원서 또는 제출서류를 허위로 기재한 경우
- 채용검진 결과 직무 수행이 어렵다고 판단되는 경우
- 해외여행 및 근무에 결격사유가 있는 경우
- 관련 법령 또는 내부 인사규정상 채용이 불가능한 경우",서류전형 > 인성검사 > 실무면접 > 최종면접
1352,생산직종사자 채용,89,136,20260906,20261021,1,경력,정규직,충청북도,학력무관,"본 포지션은 생산직종사자 업무를 담당하며, 현장의 요구사항을 정확히 파악해 안정적인 결과를 만드는 역할입니다.

제조·생산 분야의 실무 기준과 절차에 따라 계획 수립부터 실행, 결과 확인까지 전 과정에 참여합니다.

업무 과정에서 발생하는 이슈를 데이터와 기록에 근거해 분석하고, 유관 부서와 협의하여 개선합니다.

입사 후에는 표준 절차와 내부 시스템 교육을 이수하며, 숙련도에 따라 담당 범위가 확대됩니다.

정확성, 안전, 책임 있는 의사소통을 중시하며 실무 중심의 협업 역량을 기대합니다.","- 생산직종사자 직무 기준에 따른 실무 수행
- 생산직종사자 관련 결과물 검토 및 개선
- 공정 품질 확인 및 이상 보고
- 자재 투입과 재고 상태 확인
- 설비 일상점검 및 작업장 정리
- 개선활동과 원가 절감 과제 참여
- 교대조 및 유관 부서 업무 인수인계
- 생산계획에 따른 공정·설비 운영","- 제조 현장 근무가 가능한 분
- 안전수칙과 작업표준을 성실히 준수하는 분
- 교대근무 또는 탄력근무가 가능한 분
- 기초적인 생산 기록 작성이 가능한 분
- 협업과 의사소통에 책임감이 있는 분
- 제조 현장 근무가 가능한 분","- 지게차운전기능사 보유자
- 위험물기능사 보유자
- 동종 제조공정 경험자
- 지게차·용접·전기 등 관련 자격 보유자
- 스마트팩토리 시스템 사용 경험","- 지원서 또는 제출서류를 허위로 기재한 경우
- 채용검진 결과 직무 수행이 어렵다고 판단되는 경우
- 해외여행 및 근무에 결격사유가 있는 경우
- 관련 법령 또는 내부 인사규정상 채용이 불가능한 경우",서류전형 > 직무과제 > 실무면접 > 처우협의
1353,생산직종사자 담당자 모집,38,136,20260111,20260127,5,신입·경력,계약직,충청남도,전문학사 이상,"본 포지션은 생산직종사자 업무를 담당하며, 현장의 요구사항을 정확히 파악해 안정적인 결과를 만드는 역할입니다.

제조·생산 분야의 실무 기준과 절차에 따라 계획 수립부터 실행, 결과 확인까지 전 과정에 참여합니다.

업무 과정에서 발생하는 이슈를 데이터와 기록에 근거해 분석하고, 유관 부서와 협의하여 개선합니다.

입사 후에는 표준 절차와 내부 시스템 교육을 이수하며, 숙련도에 따라 담당 범위가 확대됩니다.

정확성, 안전, 책임 있는 의사소통을 중시하며 실무 중심의 협업 역량을 기대합니다.","- 생산직종사자 직무 기준에 따른 실무 수행
- 생산직종사자 관련 결과물 검토 및 개선
- 개선활동과 원가 절감 과제 참여
- 교대조 및 유관 부서 업무 인수인계
- 생산계획에 따른 공정·설비 운영
- 작업표준 및 안전수칙 준수
- 생산실적과 비가동 원인 기록
- 공정 품질 확인 및 이상 보고","- 기초적인 생산 기록 작성이 가능한 분
- 협업과 의사소통에 책임감이 있는 분
- 제조 현장 근무가 가능한 분
- 안전수칙과 작업표준을 성실히 준수하는 분
- 교대근무 또는 탄력근무가 가능한 분
- 기초적인 생산 기록 작성이 가능한 분","- 위험물기능사 보유자
- 생산자동화기능사 보유자
- 품질개선 활동 참여 경험
- 인근 거주자 또는 차량 소지자
- 동종 제조공정 경험자","- 지원서 또는 제출서류를 허위로 기재한 경우
- 채용검진 결과 직무 수행이 어렵다고 판단되는 경우
- 해외여행 및 근무에 결격사유가 있는 경우
- 관련 법령 또는 내부 인사규정상 채용이 불가능한 경우",서류전형 > 1차면접 > 2차면접 > 채용검진
1354,생산직종사자 인재 채용,19,136,20260316,20260408,9,경력 2년 이상,무기계약직,전북특별자치도,학력무관,"본 포지션은 생산직종사자 업무를 담당하며, 현장의 요구사항을 정확히 파악해 안정적인 결과를 만드는 역할입니다.

제조·생산 분야의 실무 기준과 절차에 따라 계획 수립부터 실행, 결과 확인까지 전 과정에 참여합니다.

업무 과정에서 발생하는 이슈를 데이터와 기록에 근거해 분석하고, 유관 부서와 협의하여 개선합니다.

입사 후에는 표준 절차와 내부 시스템 교육을 이수하며, 숙련도에 따라 담당 범위가 확대됩니다.

정확성, 안전, 책임 있는 의사소통을 중시하며 실무 중심의 협업 역량을 기대합니다.","- 생산직종사자 직무 기준에 따른 실무 수행
- 생산직종사자 관련 결과물 검토 및 개선
- 작업표준 및 안전수칙 준수
- 생산실적과 비가동 원인 기록
- 공정 품질 확인 및 이상 보고
- 자재 투입과 재고 상태 확인
- 설비 일상점검 및 작업장 정리
- 개선활동과 원가 절감 과제 참여","- 안전수칙과 작업표준을 성실히 준수하는 분
- 교대근무 또는 탄력근무가 가능한 분
- 기초적인 생산 기록 작성이 가능한 분
- 협업과 의사소통에 책임감이 있는 분
- 제조 현장 근무가 가능한 분
- 안전수칙과 작업표준을 성실히 준수하는 분","- 생산자동화기능사 보유자
- 지게차운전기능사 보유자
- 지게차·용접·전기 등 관련 자격 보유자
- 스마트팩토리 시스템 사용 경험
- 품질개선 활동 참여 경험","- 지원서 또는 제출서류를 허위로 기재한 경우
- 채용검진 결과 직무 수행이 어렵다고 판단되는 경우
- 해외여행 및 근무에 결격사유가 있는 경우
- 관련 법령 또는 내부 인사규정상 채용이 불가능한 경우",서류전형 > 필기전형 > 면접전형 > 최종합격
1355,생산직종사자 실무자 모집,30,136,20260521,20260620,13,경력 3년 이상,정규직,전라남도,전문학사 이상,"본 포지션은 생산직종사자 업무를 담당하며, 현장의 요구사항을 정확히 파악해 안정적인 결과를 만드는 역할입니다.

제조·생산 분야의 실무 기준과 절차에 따라 계획 수립부터 실행, 결과 확인까지 전 과정에 참여합니다.

업무 과정에서 발생하는 이슈를 데이터와 기록에 근거해 분석하고, 유관 부서와 협의하여 개선합니다.

입사 후에는 표준 절차와 내부 시스템 교육을 이수하며, 숙련도에 따라 담당 범위가 확대됩니다.

정확성, 안전, 책임 있는 의사소통을 중시하며 실무 중심의 협업 역량을 기대합니다.","- 생산직종사자 직무 기준에 따른 실무 수행
- 생산직종사자 관련 결과물 검토 및 개선
- 자재 투입과 재고 상태 확인
- 설비 일상점검 및 작업장 정리
- 개선활동과 원가 절감 과제 참여
- 교대조 및 유관 부서 업무 인수인계
- 생산계획에 따른 공정·설비 운영
- 작업표준 및 안전수칙 준수","- 협업과 의사소통에 책임감이 있는 분
- 제조 현장 근무가 가능한 분
- 안전수칙과 작업표준을 성실히 준수하는 분
- 교대근무 또는 탄력근무가 가능한 분
- 기초적인 생산 기록 작성이 가능한 분
- 협업과 의사소통에 책임감이 있는 분","- 지게차운전기능사 보유자
- 위험물기능사 보유자
- 인근 거주자 또는 차량 소지자
- 동종 제조공정 경험자
- 지게차·용접·전기 등 관련 자격 보유자","- 지원서 또는 제출서류를 허위로 기재한 경우
- 채용검진 결과 직무 수행이 어렵다고 판단되는 경우
- 해외여행 및 근무에 결격사유가 있는 경우
- 관련 법령 또는 내부 인사규정상 채용이 불가능한 경우",서류전형 > 실무면접 > 최종면접
1356,생산직종사자 전문인력 채용,102,136,20260702,20260808,17,경력 무관,정규직,경상북도,학력무관,"본 포지션은 생산직종사자 업무를 담당하며, 현장의 요구사항을 정확히 파악해 안정적인 결과를 만드는 역할입니다.

제조·생산 분야의 실무 기준과 절차에 따라 계획 수립부터 실행, 결과 확인까지 전 과정에 참여합니다.

업무 과정에서 발생하는 이슈를 데이터와 기록에 근거해 분석하고, 유관 부서와 협의하여 개선합니다.

입사 후에는 표준 절차와 내부 시스템 교육을 이수하며, 숙련도에 따라 담당 범위가 확대됩니다.

정확성, 안전, 책임 있는 의사소통을 중시하며 실무 중심의 협업 역량을 기대합니다.","- 생산직종사자 직무 기준에 따른 실무 수행
- 생산직종사자 관련 결과물 검토 및 개선
- 교대조 및 유관 부서 업무 인수인계
- 생산계획에 따른 공정·설비 운영
- 작업표준 및 안전수칙 준수
- 생산실적과 비가동 원인 기록
- 공정 품질 확인 및 이상 보고
- 자재 투입과 재고 상태 확인","- 교대근무 또는 탄력근무가 가능한 분
- 기초적인 생산 기록 작성이 가능한 분
- 협업과 의사소통에 책임감이 있는 분
- 제조 현장 근무가 가능한 분
- 안전수칙과 작업표준을 성실히 준수하는 분
- 교대근무 또는 탄력근무가 가능한 분","- 위험물기능사 보유자
- 생산자동화기능사 보유자
- 스마트팩토리 시스템 사용 경험
- 품질개선 활동 참여 경험
- 인근 거주자 또는 차량 소지자","- 지원서 또는 제출서류를 허위로 기재한 경우
- 채용검진 결과 직무 수행이 어렵다고 판단되는 경우
- 해외여행 및 근무에 결격사유가 있는 경우
- 관련 법령 또는 내부 인사규정상 채용이 불가능한 경우",서류전형 > 인성검사 > 실무면접 > 최종면접
1357,생산직종사자 운영인력 모집,40,136,20260907,20261021,1,경력 5년 이상,계약직,경상남도,전문학사 이상,"본 포지션은 생산직종사자 업무를 담당하며, 현장의 요구사항을 정확히 파악해 안정적인 결과를 만드는 역할입니다.

제조·생산 분야의 실무 기준과 절차에 따라 계획 수립부터 실행, 결과 확인까지 전 과정에 참여합니다.

업무 과정에서 발생하는 이슈를 데이터와 기록에 근거해 분석하고, 유관 부서와 협의하여 개선합니다.

입사 후에는 표준 절차와 내부 시스템 교육을 이수하며, 숙련도에 따라 담당 범위가 확대됩니다.

정확성, 안전, 책임 있는 의사소통을 중시하며 실무 중심의 협업 역량을 기대합니다.","- 생산직종사자 직무 기준에 따른 실무 수행
- 생산직종사자 관련 결과물 검토 및 개선
- 생산실적과 비가동 원인 기록
- 공정 품질 확인 및 이상 보고
- 자재 투입과 재고 상태 확인
- 설비 일상점검 및 작업장 정리
- 개선활동과 원가 절감 과제 참여
- 교대조 및 유관 부서 업무 인수인계","- 제조 현장 근무가 가능한 분
- 안전수칙과 작업표준을 성실히 준수하는 분
- 교대근무 또는 탄력근무가 가능한 분
- 기초적인 생산 기록 작성이 가능한 분
- 협업과 의사소통에 책임감이 있는 분
- 제조 현장 근무가 가능한 분","- 생산자동화기능사 보유자
- 지게차운전기능사 보유자
- 동종 제조공정 경험자
- 지게차·용접·전기 등 관련 자격 보유자
- 스마트팩토리 시스템 사용 경험","- 지원서 또는 제출서류를 허위로 기재한 경우
- 채용검진 결과 직무 수행이 어렵다고 판단되는 경우
- 해외여행 및 근무에 결격사유가 있는 경우
- 관련 법령 또는 내부 인사규정상 채용이 불가능한 경우",서류전형 > 직무과제 > 실무면접 > 처우협의
1358,생산직종사자 프로젝트 인력 채용,85,136,20260112,20260127,5,신입,무기계약직,제주특별자치도,학력무관,"본 포지션은 생산직종사자 업무를 담당하며, 현장의 요구사항을 정확히 파악해 안정적인 결과를 만드는 역할입니다.

제조·생산 분야의 실무 기준과 절차에 따라 계획 수립부터 실행, 결과 확인까지 전 과정에 참여합니다.

업무 과정에서 발생하는 이슈를 데이터와 기록에 근거해 분석하고, 유관 부서와 협의하여 개선합니다.

입사 후에는 표준 절차와 내부 시스템 교육을 이수하며, 숙련도에 따라 담당 범위가 확대됩니다.

정확성, 안전, 책임 있는 의사소통을 중시하며 실무 중심의 협업 역량을 기대합니다.","- 생산직종사자 직무 기준에 따른 실무 수행
- 생산직종사자 관련 결과물 검토 및 개선
- 설비 일상점검 및 작업장 정리
- 개선활동과 원가 절감 과제 참여
- 교대조 및 유관 부서 업무 인수인계
- 생산계획에 따른 공정·설비 운영
- 작업표준 및 안전수칙 준수
- 생산실적과 비가동 원인 기록","- 기초적인 생산 기록 작성이 가능한 분
- 협업과 의사소통에 책임감이 있는 분
- 제조 현장 근무가 가능한 분
- 안전수칙과 작업표준을 성실히 준수하는 분
- 교대근무 또는 탄력근무가 가능한 분
- 기초적인 생산 기록 작성이 가능한 분","- 지게차운전기능사 보유자
- 위험물기능사 보유자
- 품질개선 활동 참여 경험
- 인근 거주자 또는 차량 소지자
- 동종 제조공정 경험자","- 지원서 또는 제출서류를 허위로 기재한 경우
- 채용검진 결과 직무 수행이 어렵다고 판단되는 경우
- 해외여행 및 근무에 결격사유가 있는 경우
- 관련 법령 또는 내부 인사규정상 채용이 불가능한 경우",서류전형 > 1차면접 > 2차면접 > 채용검진
1359,생산직종사자 직무 채용,91,136,20260317,20260408,9,경력,정규직,서울특별시,전문학사 이상,"본 포지션은 생산직종사자 업무를 담당하며, 현장의 요구사항을 정확히 파악해 안정적인 결과를 만드는 역할입니다.

제조·생산 분야의 실무 기준과 절차에 따라 계획 수립부터 실행, 결과 확인까지 전 과정에 참여합니다.

업무 과정에서 발생하는 이슈를 데이터와 기록에 근거해 분석하고, 유관 부서와 협의하여 개선합니다.

입사 후에는 표준 절차와 내부 시스템 교육을 이수하며, 숙련도에 따라 담당 범위가 확대됩니다.

정확성, 안전, 책임 있는 의사소통을 중시하며 실무 중심의 협업 역량을 기대합니다.","- 생산직종사자 직무 기준에 따른 실무 수행
- 생산직종사자 관련 결과물 검토 및 개선
- 생산계획에 따른 공정·설비 운영
- 작업표준 및 안전수칙 준수
- 생산실적과 비가동 원인 기록
- 공정 품질 확인 및 이상 보고
- 자재 투입과 재고 상태 확인
- 설비 일상점검 및 작업장 정리","- 안전수칙과 작업표준을 성실히 준수하는 분
- 교대근무 또는 탄력근무가 가능한 분
- 기초적인 생산 기록 작성이 가능한 분
- 협업과 의사소통에 책임감이 있는 분
- 제조 현장 근무가 가능한 분
- 안전수칙과 작업표준을 성실히 준수하는 분","- 위험물기능사 보유자
- 생산자동화기능사 보유자
- 지게차·용접·전기 등 관련 자격 보유자
- 스마트팩토리 시스템 사용 경험
- 품질개선 활동 참여 경험","- 지원서 또는 제출서류를 허위로 기재한 경우
- 채용검진 결과 직무 수행이 어렵다고 판단되는 경우
- 해외여행 및 근무에 결격사유가 있는 경우
- 관련 법령 또는 내부 인사규정상 채용이 불가능한 경우",서류전형 > 필기전형 > 면접전형 > 최종합격
1360,생산직종사자 부문 모집,118,136,20260522,20260620,13,신입·경력,정규직,부산광역시,학력무관,"본 포지션은 생산직종사자 업무를 담당하며, 현장의 요구사항을 정확히 파악해 안정적인 결과를 만드는 역할입니다.

제조·생산 분야의 실무 기준과 절차에 따라 계획 수립부터 실행, 결과 확인까지 전 과정에 참여합니다.

업무 과정에서 발생하는 이슈를 데이터와 기록에 근거해 분석하고, 유관 부서와 협의하여 개선합니다.

입사 후에는 표준 절차와 내부 시스템 교육을 이수하며, 숙련도에 따라 담당 범위가 확대됩니다.

정확성, 안전, 책임 있는 의사소통을 중시하며 실무 중심의 협업 역량을 기대합니다.","- 생산직종사자 직무 기준에 따른 실무 수행
- 생산직종사자 관련 결과물 검토 및 개선
- 공정 품질 확인 및 이상 보고
- 자재 투입과 재고 상태 확인
- 설비 일상점검 및 작업장 정리
- 개선활동과 원가 절감 과제 참여
- 교대조 및 유관 부서 업무 인수인계
- 생산계획에 따른 공정·설비 운영","- 협업과 의사소통에 책임감이 있는 분
- 제조 현장 근무가 가능한 분
- 안전수칙과 작업표준을 성실히 준수하는 분
- 교대근무 또는 탄력근무가 가능한 분
- 기초적인 생산 기록 작성이 가능한 분
- 협업과 의사소통에 책임감이 있는 분","- 생산자동화기능사 보유자
- 지게차운전기능사 보유자
- 인근 거주자 또는 차량 소지자
- 동종 제조공정 경험자
- 지게차·용접·전기 등 관련 자격 보유자","- 지원서 또는 제출서류를 허위로 기재한 경우
- 채용검진 결과 직무 수행이 어렵다고 판단되는 경우
- 해외여행 및 근무에 결격사유가 있는 경우
- 관련 법령 또는 내부 인사규정상 채용이 불가능한 경우",서류전형 > 실무면접 > 최종면접
1361,생산·공정관리자 모집,127,137,20260804,20260912,18,신입,정규직,충청북도,전문학사 이상,"본 포지션은 생산·공정관리자 업무를 담당하며, 현장의 요구사항을 정확히 파악해 안정적인 결과를 만드는 역할입니다.

제조·생산 분야의 실무 기준과 절차에 따라 계획 수립부터 실행, 결과 확인까지 전 과정에 참여합니다.

업무 과정에서 발생하는 이슈를 데이터와 기록에 근거해 분석하고, 유관 부서와 협의하여 개선합니다.

입사 후에는 표준 절차와 내부 시스템 교육을 이수하며, 숙련도에 따라 담당 범위가 확대됩니다.

정확성, 안전, 책임 있는 의사소통을 중시하며 실무 중심의 협업 역량을 기대합니다.","- 생산·공정관리자 직무 기준에 따른 실무 수행
- 생산·공정관리자 관련 결과물 검토 및 개선
- 교대조 및 유관 부서 업무 인수인계
- 생산계획에 따른 공정·설비 운영
- 작업표준 및 안전수칙 준수
- 생산실적과 비가동 원인 기록
- 공정 품질 확인 및 이상 보고
- 자재 투입과 재고 상태 확인","- 협업과 의사소통에 책임감이 있는 분
- 제조 현장 근무가 가능한 분
- 안전수칙과 작업표준을 성실히 준수하는 분
- 교대근무 또는 탄력근무가 가능한 분
- 기초적인 생산 기록 작성이 가능한 분
- 협업과 의사소통에 책임감이 있는 분","- 품질경영기사 보유자
- 산업안전기사 보유자
- 인근 거주자 또는 차량 소지자
- 동종 제조공정 경험자
- 지게차·용접·전기 등 관련 자격 보유자","- 지원서 또는 제출서류를 허위로 기재한 경우
- 채용검진 결과 직무 수행이 어렵다고 판단되는 경우
- 해외여행 및 근무에 결격사유가 있는 경우
- 관련 법령 또는 내부 인사규정상 채용이 불가능한 경우",서류전형 > 직무과제 > 실무면접 > 처우협의
1362,생산·공정관리자 채용,132,137,20261009,20261019,2,경력,정규직,충청남도,학력무관,"본 포지션은 생산·공정관리자 업무를 담당하며, 현장의 요구사항을 정확히 파악해 안정적인 결과를 만드는 역할입니다.

제조·생산 분야의 실무 기준과 절차에 따라 계획 수립부터 실행, 결과 확인까지 전 과정에 참여합니다.

업무 과정에서 발생하는 이슈를 데이터와 기록에 근거해 분석하고, 유관 부서와 협의하여 개선합니다.

입사 후에는 표준 절차와 내부 시스템 교육을 이수하며, 숙련도에 따라 담당 범위가 확대됩니다.

정확성, 안전, 책임 있는 의사소통을 중시하며 실무 중심의 협업 역량을 기대합니다.","- 생산·공정관리자 직무 기준에 따른 실무 수행
- 생산·공정관리자 관련 결과물 검토 및 개선
- 생산실적과 비가동 원인 기록
- 공정 품질 확인 및 이상 보고
- 자재 투입과 재고 상태 확인
- 설비 일상점검 및 작업장 정리
- 개선활동과 원가 절감 과제 참여
- 교대조 및 유관 부서 업무 인수인계","- 교대근무 또는 탄력근무가 가능한 분
- 기초적인 생산 기록 작성이 가능한 분
- 협업과 의사소통에 책임감이 있는 분
- 제조 현장 근무가 가능한 분
- 안전수칙과 작업표준을 성실히 준수하는 분
- 교대근무 또는 탄력근무가 가능한 분","- 산업안전기사 보유자
- 생산자동화산업기사 보유자
- 스마트팩토리 시스템 사용 경험
- 품질개선 활동 참여 경험
- 인근 거주자 또는 차량 소지자","- 지원서 또는 제출서류를 허위로 기재한 경우
- 채용검진 결과 직무 수행이 어렵다고 판단되는 경우
- 해외여행 및 근무에 결격사유가 있는 경우
- 관련 법령 또는 내부 인사규정상 채용이 불가능한 경우",서류전형 > 1차면접 > 2차면접 > 채용검진
1363,생산·공정관리자 담당자 모집,22,137,20260214,20260303,6,신입·경력,계약직,전북특별자치도,전문학사 이상,"본 포지션은 생산·공정관리자 업무를 담당하며, 현장의 요구사항을 정확히 파악해 안정적인 결과를 만드는 역할입니다.

제조·생산 분야의 실무 기준과 절차에 따라 계획 수립부터 실행, 결과 확인까지 전 과정에 참여합니다.

업무 과정에서 발생하는 이슈를 데이터와 기록에 근거해 분석하고, 유관 부서와 협의하여 개선합니다.

입사 후에는 표준 절차와 내부 시스템 교육을 이수하며, 숙련도에 따라 담당 범위가 확대됩니다.

정확성, 안전, 책임 있는 의사소통을 중시하며 실무 중심의 협업 역량을 기대합니다.","- 생산·공정관리자 직무 기준에 따른 실무 수행
- 생산·공정관리자 관련 결과물 검토 및 개선
- 설비 일상점검 및 작업장 정리
- 개선활동과 원가 절감 과제 참여
- 교대조 및 유관 부서 업무 인수인계
- 생산계획에 따른 공정·설비 운영
- 작업표준 및 안전수칙 준수
- 생산실적과 비가동 원인 기록","- 제조 현장 근무가 가능한 분
- 안전수칙과 작업표준을 성실히 준수하는 분
- 교대근무 또는 탄력근무가 가능한 분
- 기초적인 생산 기록 작성이 가능한 분
- 협업과 의사소통에 책임감이 있는 분
- 제조 현장 근무가 가능한 분","- 생산자동화산업기사 보유자
- 품질경영기사 보유자
- 동종 제조공정 경험자
- 지게차·용접·전기 등 관련 자격 보유자
- 스마트팩토리 시스템 사용 경험","- 지원서 또는 제출서류를 허위로 기재한 경우
- 채용검진 결과 직무 수행이 어렵다고 판단되는 경우
- 해외여행 및 근무에 결격사유가 있는 경우
- 관련 법령 또는 내부 인사규정상 채용이 불가능한 경우",서류전형 > 필기전형 > 면접전형 > 최종합격
1364,생산·공정관리자 인재 채용,125,137,20260419,20260513,10,경력 2년 이상,무기계약직,전라남도,학력무관,"본 포지션은 생산·공정관리자 업무를 담당하며, 현장의 요구사항을 정확히 파악해 안정적인 결과를 만드는 역할입니다.

제조·생산 분야의 실무 기준과 절차에 따라 계획 수립부터 실행, 결과 확인까지 전 과정에 참여합니다.

업무 과정에서 발생하는 이슈를 데이터와 기록에 근거해 분석하고, 유관 부서와 협의하여 개선합니다.

입사 후에는 표준 절차와 내부 시스템 교육을 이수하며, 숙련도에 따라 담당 범위가 확대됩니다.

정확성, 안전, 책임 있는 의사소통을 중시하며 실무 중심의 협업 역량을 기대합니다.","- 생산·공정관리자 직무 기준에 따른 실무 수행
- 생산·공정관리자 관련 결과물 검토 및 개선
- 생산계획에 따른 공정·설비 운영
- 작업표준 및 안전수칙 준수
- 생산실적과 비가동 원인 기록
- 공정 품질 확인 및 이상 보고
- 자재 투입과 재고 상태 확인
- 설비 일상점검 및 작업장 정리","- 기초적인 생산 기록 작성이 가능한 분
- 협업과 의사소통에 책임감이 있는 분
- 제조 현장 근무가 가능한 분
- 안전수칙과 작업표준을 성실히 준수하는 분
- 교대근무 또는 탄력근무가 가능한 분
- 기초적인 생산 기록 작성이 가능한 분","- 품질경영기사 보유자
- 산업안전기사 보유자
- 품질개선 활동 참여 경험
- 인근 거주자 또는 차량 소지자
- 동종 제조공정 경험자","- 지원서 또는 제출서류를 허위로 기재한 경우
- 채용검진 결과 직무 수행이 어렵다고 판단되는 경우
- 해외여행 및 근무에 결격사유가 있는 경우
- 관련 법령 또는 내부 인사규정상 채용이 불가능한 경우",서류전형 > 실무면접 > 최종면접
1365,생산·공정관리자 실무자 모집,30,137,20260624,20260725,14,경력 3년 이상,정규직,경상북도,전문학사 이상,"본 포지션은 생산·공정관리자 업무를 담당하며, 현장의 요구사항을 정확히 파악해 안정적인 결과를 만드는 역할입니다.

제조·생산 분야의 실무 기준과 절차에 따라 계획 수립부터 실행, 결과 확인까지 전 과정에 참여합니다.

업무 과정에서 발생하는 이슈를 데이터와 기록에 근거해 분석하고, 유관 부서와 협의하여 개선합니다.

입사 후에는 표준 절차와 내부 시스템 교육을 이수하며, 숙련도에 따라 담당 범위가 확대됩니다.

정확성, 안전, 책임 있는 의사소통을 중시하며 실무 중심의 협업 역량을 기대합니다.","- 생산·공정관리자 직무 기준에 따른 실무 수행
- 생산·공정관리자 관련 결과물 검토 및 개선
- 공정 품질 확인 및 이상 보고
- 자재 투입과 재고 상태 확인
- 설비 일상점검 및 작업장 정리
- 개선활동과 원가 절감 과제 참여
- 교대조 및 유관 부서 업무 인수인계
- 생산계획에 따른 공정·설비 운영","- 안전수칙과 작업표준을 성실히 준수하는 분
- 교대근무 또는 탄력근무가 가능한 분
- 기초적인 생산 기록 작성이 가능한 분
- 협업과 의사소통에 책임감이 있는 분
- 제조 현장 근무가 가능한 분
- 안전수칙과 작업표준을 성실히 준수하는 분","- 산업안전기사 보유자
- 생산자동화산업기사 보유자
- 지게차·용접·전기 등 관련 자격 보유자
- 스마트팩토리 시스템 사용 경험
- 품질개선 활동 참여 경험","- 지원서 또는 제출서류를 허위로 기재한 경우
- 채용검진 결과 직무 수행이 어렵다고 판단되는 경우
- 해외여행 및 근무에 결격사유가 있는 경우
- 관련 법령 또는 내부 인사규정상 채용이 불가능한 경우",서류전형 > 인성검사 > 실무면접 > 최종면접
1366,생산·공정관리자 전문인력 채용,62,137,20260805,20260912,18,경력 무관,정규직,경상남도,학력무관,"본 포지션은 생산·공정관리자 업무를 담당하며, 현장의 요구사항을 정확히 파악해 안정적인 결과를 만드는 역할입니다.

제조·생산 분야의 실무 기준과 절차에 따라 계획 수립부터 실행, 결과 확인까지 전 과정에 참여합니다.

업무 과정에서 발생하는 이슈를 데이터와 기록에 근거해 분석하고, 유관 부서와 협의하여 개선합니다.

입사 후에는 표준 절차와 내부 시스템 교육을 이수하며, 숙련도에 따라 담당 범위가 확대됩니다.

정확성, 안전, 책임 있는 의사소통을 중시하며 실무 중심의 협업 역량을 기대합니다.","- 생산·공정관리자 직무 기준에 따른 실무 수행
- 생산·공정관리자 관련 결과물 검토 및 개선
- 개선활동과 원가 절감 과제 참여
- 교대조 및 유관 부서 업무 인수인계
- 생산계획에 따른 공정·설비 운영
- 작업표준 및 안전수칙 준수
- 생산실적과 비가동 원인 기록
- 공정 품질 확인 및 이상 보고","- 협업과 의사소통에 책임감이 있는 분
- 제조 현장 근무가 가능한 분
- 안전수칙과 작업표준을 성실히 준수하는 분
- 교대근무 또는 탄력근무가 가능한 분
- 기초적인 생산 기록 작성이 가능한 분
- 협업과 의사소통에 책임감이 있는 분","- 생산자동화산업기사 보유자
- 품질경영기사 보유자
- 인근 거주자 또는 차량 소지자
- 동종 제조공정 경험자
- 지게차·용접·전기 등 관련 자격 보유자","- 지원서 또는 제출서류를 허위로 기재한 경우
- 채용검진 결과 직무 수행이 어렵다고 판단되는 경우
- 해외여행 및 근무에 결격사유가 있는 경우
- 관련 법령 또는 내부 인사규정상 채용이 불가능한 경우",서류전형 > 직무과제 > 실무면접 > 처우협의
1367,생산·공정관리자 운영인력 모집,79,137,20261010,20261124,2,경력 5년 이상,계약직,제주특별자치도,전문학사 이상,"본 포지션은 생산·공정관리자 업무를 담당하며, 현장의 요구사항을 정확히 파악해 안정적인 결과를 만드는 역할입니다.

제조·생산 분야의 실무 기준과 절차에 따라 계획 수립부터 실행, 결과 확인까지 전 과정에 참여합니다.

업무 과정에서 발생하는 이슈를 데이터와 기록에 근거해 분석하고, 유관 부서와 협의하여 개선합니다.

입사 후에는 표준 절차와 내부 시스템 교육을 이수하며, 숙련도에 따라 담당 범위가 확대됩니다.

정확성, 안전, 책임 있는 의사소통을 중시하며 실무 중심의 협업 역량을 기대합니다.","- 생산·공정관리자 직무 기준에 따른 실무 수행
- 생산·공정관리자 관련 결과물 검토 및 개선
- 작업표준 및 안전수칙 준수
- 생산실적과 비가동 원인 기록
- 공정 품질 확인 및 이상 보고
- 자재 투입과 재고 상태 확인
- 설비 일상점검 및 작업장 정리
- 개선활동과 원가 절감 과제 참여","- 교대근무 또는 탄력근무가 가능한 분
- 기초적인 생산 기록 작성이 가능한 분
- 협업과 의사소통에 책임감이 있는 분
- 제조 현장 근무가 가능한 분
- 안전수칙과 작업표준을 성실히 준수하는 분
- 교대근무 또는 탄력근무가 가능한 분","- 품질경영기사 보유자
- 산업안전기사 보유자
- 스마트팩토리 시스템 사용 경험
- 품질개선 활동 참여 경험
- 인근 거주자 또는 차량 소지자","- 지원서 또는 제출서류를 허위로 기재한 경우
- 채용검진 결과 직무 수행이 어렵다고 판단되는 경우
- 해외여행 및 근무에 결격사유가 있는 경우
- 관련 법령 또는 내부 인사규정상 채용이 불가능한 경우",서류전형 > 1차면접 > 2차면접 > 채용검진
1368,생산·공정관리자 프로젝트 인력 채용,7,137,20260215,20260303,6,신입,무기계약직,서울특별시,학력무관,"본 포지션은 생산·공정관리자 업무를 담당하며, 현장의 요구사항을 정확히 파악해 안정적인 결과를 만드는 역할입니다.

제조·생산 분야의 실무 기준과 절차에 따라 계획 수립부터 실행, 결과 확인까지 전 과정에 참여합니다.

업무 과정에서 발생하는 이슈를 데이터와 기록에 근거해 분석하고, 유관 부서와 협의하여 개선합니다.

입사 후에는 표준 절차와 내부 시스템 교육을 이수하며, 숙련도에 따라 담당 범위가 확대됩니다.

정확성, 안전, 책임 있는 의사소통을 중시하며 실무 중심의 협업 역량을 기대합니다.","- 생산·공정관리자 직무 기준에 따른 실무 수행
- 생산·공정관리자 관련 결과물 검토 및 개선
- 자재 투입과 재고 상태 확인
- 설비 일상점검 및 작업장 정리
- 개선활동과 원가 절감 과제 참여
- 교대조 및 유관 부서 업무 인수인계
- 생산계획에 따른 공정·설비 운영
- 작업표준 및 안전수칙 준수","- 제조 현장 근무가 가능한 분
- 안전수칙과 작업표준을 성실히 준수하는 분
- 교대근무 또는 탄력근무가 가능한 분
- 기초적인 생산 기록 작성이 가능한 분
- 협업과 의사소통에 책임감이 있는 분
- 제조 현장 근무가 가능한 분","- 산업안전기사 보유자
- 생산자동화산업기사 보유자
- 동종 제조공정 경험자
- 지게차·용접·전기 등 관련 자격 보유자
- 스마트팩토리 시스템 사용 경험","- 지원서 또는 제출서류를 허위로 기재한 경우
- 채용검진 결과 직무 수행이 어렵다고 판단되는 경우
- 해외여행 및 근무에 결격사유가 있는 경우
- 관련 법령 또는 내부 인사규정상 채용이 불가능한 경우",서류전형 > 필기전형 > 면접전형 > 최종합격
1369,생산·공정관리자 직무 채용,17,137,20260420,20260513,10,경력,정규직,부산광역시,전문학사 이상,"본 포지션은 생산·공정관리자 업무를 담당하며, 현장의 요구사항을 정확히 파악해 안정적인 결과를 만드는 역할입니다.

제조·생산 분야의 실무 기준과 절차에 따라 계획 수립부터 실행, 결과 확인까지 전 과정에 참여합니다.

업무 과정에서 발생하는 이슈를 데이터와 기록에 근거해 분석하고, 유관 부서와 협의하여 개선합니다.

입사 후에는 표준 절차와 내부 시스템 교육을 이수하며, 숙련도에 따라 담당 범위가 확대됩니다.

정확성, 안전, 책임 있는 의사소통을 중시하며 실무 중심의 협업 역량을 기대합니다.","- 생산·공정관리자 직무 기준에 따른 실무 수행
- 생산·공정관리자 관련 결과물 검토 및 개선
- 교대조 및 유관 부서 업무 인수인계
- 생산계획에 따른 공정·설비 운영
- 작업표준 및 안전수칙 준수
- 생산실적과 비가동 원인 기록
- 공정 품질 확인 및 이상 보고
- 자재 투입과 재고 상태 확인","- 기초적인 생산 기록 작성이 가능한 분
- 협업과 의사소통에 책임감이 있는 분
- 제조 현장 근무가 가능한 분
- 안전수칙과 작업표준을 성실히 준수하는 분
- 교대근무 또는 탄력근무가 가능한 분
- 기초적인 생산 기록 작성이 가능한 분","- 생산자동화산업기사 보유자
- 품질경영기사 보유자
- 품질개선 활동 참여 경험
- 인근 거주자 또는 차량 소지자
- 동종 제조공정 경험자","- 지원서 또는 제출서류를 허위로 기재한 경우
- 채용검진 결과 직무 수행이 어렵다고 판단되는 경우
- 해외여행 및 근무에 결격사유가 있는 경우
- 관련 법령 또는 내부 인사규정상 채용이 불가능한 경우",서류전형 > 실무면접 > 최종면접
1370,생산·공정관리자 부문 모집,32,137,20260601,20260701,14,신입·경력,정규직,인천광역시,학력무관,"본 포지션은 생산·공정관리자 업무를 담당하며, 현장의 요구사항을 정확히 파악해 안정적인 결과를 만드는 역할입니다.

제조·생산 분야의 실무 기준과 절차에 따라 계획 수립부터 실행, 결과 확인까지 전 과정에 참여합니다.

업무 과정에서 발생하는 이슈를 데이터와 기록에 근거해 분석하고, 유관 부서와 협의하여 개선합니다.

입사 후에는 표준 절차와 내부 시스템 교육을 이수하며, 숙련도에 따라 담당 범위가 확대됩니다.

정확성, 안전, 책임 있는 의사소통을 중시하며 실무 중심의 협업 역량을 기대합니다.","- 생산·공정관리자 직무 기준에 따른 실무 수행
- 생산·공정관리자 관련 결과물 검토 및 개선
- 생산실적과 비가동 원인 기록
- 공정 품질 확인 및 이상 보고
- 자재 투입과 재고 상태 확인
- 설비 일상점검 및 작업장 정리
- 개선활동과 원가 절감 과제 참여
- 교대조 및 유관 부서 업무 인수인계","- 안전수칙과 작업표준을 성실히 준수하는 분
- 교대근무 또는 탄력근무가 가능한 분
- 기초적인 생산 기록 작성이 가능한 분
- 협업과 의사소통에 책임감이 있는 분
- 제조 현장 근무가 가능한 분
- 안전수칙과 작업표준을 성실히 준수하는 분","- 품질경영기사 보유자
- 산업안전기사 보유자
- 지게차·용접·전기 등 관련 자격 보유자
- 스마트팩토리 시스템 사용 경험
- 품질개선 활동 참여 경험","- 지원서 또는 제출서류를 허위로 기재한 경우
- 채용검진 결과 직무 수행이 어렵다고 판단되는 경우
- 해외여행 및 근무에 결격사유가 있는 경우
- 관련 법령 또는 내부 인사규정상 채용이 불가능한 경우",서류전형 > 인성검사 > 실무면접 > 최종면접
1371,품질관리자 모집,151,138,20260907,20261017,19,신입,정규직,충청남도,전문학사 이상,"본 포지션은 품질관리자 업무를 담당하며, 현장의 요구사항을 정확히 파악해 안정적인 결과를 만드는 역할입니다.

제조·생산 분야의 실무 기준과 절차에 따라 계획 수립부터 실행, 결과 확인까지 전 과정에 참여합니다.

업무 과정에서 발생하는 이슈를 데이터와 기록에 근거해 분석하고, 유관 부서와 협의하여 개선합니다.

입사 후에는 표준 절차와 내부 시스템 교육을 이수하며, 숙련도에 따라 담당 범위가 확대됩니다.

정확성, 안전, 책임 있는 의사소통을 중시하며 실무 중심의 협업 역량을 기대합니다.","- 품질관리자 직무 기준에 따른 실무 수행
- 품질관리자 관련 결과물 검토 및 개선
- 개선활동과 원가 절감 과제 참여
- 교대조 및 유관 부서 업무 인수인계
- 생산계획에 따른 공정·설비 운영
- 작업표준 및 안전수칙 준수
- 생산실적과 비가동 원인 기록
- 공정 품질 확인 및 이상 보고","- 안전수칙과 작업표준을 성실히 준수하는 분
- 교대근무 또는 탄력근무가 가능한 분
- 기초적인 생산 기록 작성이 가능한 분
- 협업과 의사소통에 책임감이 있는 분
- 제조 현장 근무가 가능한 분
- 안전수칙과 작업표준을 성실히 준수하는 분","- 품질경영기사 보유자
- ISO 9001 심사원보 보유자
- 지게차·용접·전기 등 관련 자격 보유자
- 스마트팩토리 시스템 사용 경험
- 품질개선 활동 참여 경험","- 지원서 또는 제출서류를 허위로 기재한 경우
- 채용검진 결과 직무 수행이 어렵다고 판단되는 경우
- 해외여행 및 근무에 결격사유가 있는 경우
- 관련 법령 또는 내부 인사규정상 채용이 불가능한 경우",서류전형 > 1차면접 > 2차면접 > 채용검진
1372,품질관리자 채용,40,138,20260112,20260123,3,경력,정규직,전북특별자치도,학력무관,"본 포지션은 품질관리자 업무를 담당하며, 현장의 요구사항을 정확히 파악해 안정적인 결과를 만드는 역할입니다.

제조·생산 분야의 실무 기준과 절차에 따라 계획 수립부터 실행, 결과 확인까지 전 과정에 참여합니다.

업무 과정에서 발생하는 이슈를 데이터와 기록에 근거해 분석하고, 유관 부서와 협의하여 개선합니다.

입사 후에는 표준 절차와 내부 시스템 교육을 이수하며, 숙련도에 따라 담당 범위가 확대됩니다.

정확성, 안전, 책임 있는 의사소통을 중시하며 실무 중심의 협업 역량을 기대합니다.","- 품질관리자 직무 기준에 따른 실무 수행
- 품질관리자 관련 결과물 검토 및 개선
- 작업표준 및 안전수칙 준수
- 생산실적과 비가동 원인 기록
- 공정 품질 확인 및 이상 보고
- 자재 투입과 재고 상태 확인
- 설비 일상점검 및 작업장 정리
- 개선활동과 원가 절감 과제 참여","- 협업과 의사소통에 책임감이 있는 분
- 제조 현장 근무가 가능한 분
- 안전수칙과 작업표준을 성실히 준수하는 분
- 교대근무 또는 탄력근무가 가능한 분
- 기초적인 생산 기록 작성이 가능한 분
- 협업과 의사소통에 책임감이 있는 분","- ISO 9001 심사원보 보유자
- 6시그마 Green Belt 보유자
- 인근 거주자 또는 차량 소지자
- 동종 제조공정 경험자
- 지게차·용접·전기 등 관련 자격 보유자","- 지원서 또는 제출서류를 허위로 기재한 경우
- 채용검진 결과 직무 수행이 어렵다고 판단되는 경우
- 해외여행 및 근무에 결격사유가 있는 경우
- 관련 법령 또는 내부 인사규정상 채용이 불가능한 경우",서류전형 > 필기전형 > 면접전형 > 최종합격
1373,품질관리자 담당자 모집,52,138,20260317,20260404,7,신입·경력,계약직,전라남도,전문학사 이상,"본 포지션은 품질관리자 업무를 담당하며, 현장의 요구사항을 정확히 파악해 안정적인 결과를 만드는 역할입니다.

제조·생산 분야의 실무 기준과 절차에 따라 계획 수립부터 실행, 결과 확인까지 전 과정에 참여합니다.

업무 과정에서 발생하는 이슈를 데이터와 기록에 근거해 분석하고, 유관 부서와 협의하여 개선합니다.

입사 후에는 표준 절차와 내부 시스템 교육을 이수하며, 숙련도에 따라 담당 범위가 확대됩니다.

정확성, 안전, 책임 있는 의사소통을 중시하며 실무 중심의 협업 역량을 기대합니다.","- 품질관리자 직무 기준에 따른 실무 수행
- 품질관리자 관련 결과물 검토 및 개선
- 자재 투입과 재고 상태 확인
- 설비 일상점검 및 작업장 정리
- 개선활동과 원가 절감 과제 참여
- 교대조 및 유관 부서 업무 인수인계
- 생산계획에 따른 공정·설비 운영
- 작업표준 및 안전수칙 준수","- 교대근무 또는 탄력근무가 가능한 분
- 기초적인 생산 기록 작성이 가능한 분
- 협업과 의사소통에 책임감이 있는 분
- 제조 현장 근무가 가능한 분
- 안전수칙과 작업표준을 성실히 준수하는 분
- 교대근무 또는 탄력근무가 가능한 분","- 6시그마 Green Belt 보유자
- 품질경영기사 보유자
- 스마트팩토리 시스템 사용 경험
- 품질개선 활동 참여 경험
- 인근 거주자 또는 차량 소지자","- 지원서 또는 제출서류를 허위로 기재한 경우
- 채용검진 결과 직무 수행이 어렵다고 판단되는 경우
- 해외여행 및 근무에 결격사유가 있는 경우
- 관련 법령 또는 내부 인사규정상 채용이 불가능한 경우",서류전형 > 실무면접 > 최종면접
1374,품질관리자 인재 채용,79,138,20260522,20260616,11,경력 2년 이상,무기계약직,경상북도,학력무관,"본 포지션은 품질관리자 업무를 담당하며, 현장의 요구사항을 정확히 파악해 안정적인 결과를 만드는 역할입니다.

제조·생산 분야의 실무 기준과 절차에 따라 계획 수립부터 실행, 결과 확인까지 전 과정에 참여합니다.

업무 과정에서 발생하는 이슈를 데이터와 기록에 근거해 분석하고, 유관 부서와 협의하여 개선합니다.

입사 후에는 표준 절차와 내부 시스템 교육을 이수하며, 숙련도에 따라 담당 범위가 확대됩니다.

정확성, 안전, 책임 있는 의사소통을 중시하며 실무 중심의 협업 역량을 기대합니다.","- 품질관리자 직무 기준에 따른 실무 수행
- 품질관리자 관련 결과물 검토 및 개선
- 교대조 및 유관 부서 업무 인수인계
- 생산계획에 따른 공정·설비 운영
- 작업표준 및 안전수칙 준수
- 생산실적과 비가동 원인 기록
- 공정 품질 확인 및 이상 보고
- 자재 투입과 재고 상태 확인","- 제조 현장 근무가 가능한 분
- 안전수칙과 작업표준을 성실히 준수하는 분
- 교대근무 또는 탄력근무가 가능한 분
- 기초적인 생산 기록 작성이 가능한 분
- 협업과 의사소통에 책임감이 있는 분
- 제조 현장 근무가 가능한 분","- 품질경영기사 보유자
- ISO 9001 심사원보 보유자
- 동종 제조공정 경험자
- 지게차·용접·전기 등 관련 자격 보유자
- 스마트팩토리 시스템 사용 경험","- 지원서 또는 제출서류를 허위로 기재한 경우
- 채용검진 결과 직무 수행이 어렵다고 판단되는 경우
- 해외여행 및 근무에 결격사유가 있는 경우
- 관련 법령 또는 내부 인사규정상 채용이 불가능한 경우",서류전형 > 인성검사 > 실무면접 > 최종면접
1375,품질관리자 실무자 모집,89,138,20260703,20260804,15,경력 3년 이상,정규직,경상남도,전문학사 이상,"본 포지션은 품질관리자 업무를 담당하며, 현장의 요구사항을 정확히 파악해 안정적인 결과를 만드는 역할입니다.

제조·생산 분야의 실무 기준과 절차에 따라 계획 수립부터 실행, 결과 확인까지 전 과정에 참여합니다.

업무 과정에서 발생하는 이슈를 데이터와 기록에 근거해 분석하고, 유관 부서와 협의하여 개선합니다.

입사 후에는 표준 절차와 내부 시스템 교육을 이수하며, 숙련도에 따라 담당 범위가 확대됩니다.

정확성, 안전, 책임 있는 의사소통을 중시하며 실무 중심의 협업 역량을 기대합니다.","- 품질관리자 직무 기준에 따른 실무 수행
- 품질관리자 관련 결과물 검토 및 개선
- 생산실적과 비가동 원인 기록
- 공정 품질 확인 및 이상 보고
- 자재 투입과 재고 상태 확인
- 설비 일상점검 및 작업장 정리
- 개선활동과 원가 절감 과제 참여
- 교대조 및 유관 부서 업무 인수인계","- 기초적인 생산 기록 작성이 가능한 분
- 협업과 의사소통에 책임감이 있는 분
- 제조 현장 근무가 가능한 분
- 안전수칙과 작업표준을 성실히 준수하는 분
- 교대근무 또는 탄력근무가 가능한 분
- 기초적인 생산 기록 작성이 가능한 분","- ISO 9001 심사원보 보유자
- 6시그마 Green Belt 보유자
- 품질개선 활동 참여 경험
- 인근 거주자 또는 차량 소지자
- 동종 제조공정 경험자","- 지원서 또는 제출서류를 허위로 기재한 경우
- 채용검진 결과 직무 수행이 어렵다고 판단되는 경우
- 해외여행 및 근무에 결격사유가 있는 경우
- 관련 법령 또는 내부 인사규정상 채용이 불가능한 경우",서류전형 > 직무과제 > 실무면접 > 처우협의
1376,품질관리자 전문인력 채용,71,138,20260908,20261017,19,경력 무관,정규직,제주특별자치도,학력무관,"본 포지션은 품질관리자 업무를 담당하며, 현장의 요구사항을 정확히 파악해 안정적인 결과를 만드는 역할입니다.

제조·생산 분야의 실무 기준과 절차에 따라 계획 수립부터 실행, 결과 확인까지 전 과정에 참여합니다.

업무 과정에서 발생하는 이슈를 데이터와 기록에 근거해 분석하고, 유관 부서와 협의하여 개선합니다.

입사 후에는 표준 절차와 내부 시스템 교육을 이수하며, 숙련도에 따라 담당 범위가 확대됩니다.

정확성, 안전, 책임 있는 의사소통을 중시하며 실무 중심의 협업 역량을 기대합니다.","- 품질관리자 직무 기준에 따른 실무 수행
- 품질관리자 관련 결과물 검토 및 개선
- 설비 일상점검 및 작업장 정리
- 개선활동과 원가 절감 과제 참여
- 교대조 및 유관 부서 업무 인수인계
- 생산계획에 따른 공정·설비 운영
- 작업표준 및 안전수칙 준수
- 생산실적과 비가동 원인 기록","- 안전수칙과 작업표준을 성실히 준수하는 분
- 교대근무 또는 탄력근무가 가능한 분
- 기초적인 생산 기록 작성이 가능한 분
- 협업과 의사소통에 책임감이 있는 분
- 제조 현장 근무가 가능한 분
- 안전수칙과 작업표준을 성실히 준수하는 분","- 6시그마 Green Belt 보유자
- 품질경영기사 보유자
- 지게차·용접·전기 등 관련 자격 보유자
- 스마트팩토리 시스템 사용 경험
- 품질개선 활동 참여 경험","- 지원서 또는 제출서류를 허위로 기재한 경우
- 채용검진 결과 직무 수행이 어렵다고 판단되는 경우
- 해외여행 및 근무에 결격사유가 있는 경우
- 관련 법령 또는 내부 인사규정상 채용이 불가능한 경우",서류전형 > 1차면접 > 2차면접 > 채용검진
1377,품질관리자 운영인력 모집,84,138,20260113,20260123,3,경력 5년 이상,계약직,서울특별시,전문학사 이상,"본 포지션은 품질관리자 업무를 담당하며, 현장의 요구사항을 정확히 파악해 안정적인 결과를 만드는 역할입니다.

제조·생산 분야의 실무 기준과 절차에 따라 계획 수립부터 실행, 결과 확인까지 전 과정에 참여합니다.

업무 과정에서 발생하는 이슈를 데이터와 기록에 근거해 분석하고, 유관 부서와 협의하여 개선합니다.

입사 후에는 표준 절차와 내부 시스템 교육을 이수하며, 숙련도에 따라 담당 범위가 확대됩니다.

정확성, 안전, 책임 있는 의사소통을 중시하며 실무 중심의 협업 역량을 기대합니다.","- 품질관리자 직무 기준에 따른 실무 수행
- 품질관리자 관련 결과물 검토 및 개선
- 생산계획에 따른 공정·설비 운영
- 작업표준 및 안전수칙 준수
- 생산실적과 비가동 원인 기록
- 공정 품질 확인 및 이상 보고
- 자재 투입과 재고 상태 확인
- 설비 일상점검 및 작업장 정리","- 협업과 의사소통에 책임감이 있는 분
- 제조 현장 근무가 가능한 분
- 안전수칙과 작업표준을 성실히 준수하는 분
- 교대근무 또는 탄력근무가 가능한 분
- 기초적인 생산 기록 작성이 가능한 분
- 협업과 의사소통에 책임감이 있는 분","- 품질경영기사 보유자
- ISO 9001 심사원보 보유자
- 인근 거주자 또는 차량 소지자
- 동종 제조공정 경험자
- 지게차·용접·전기 등 관련 자격 보유자","- 지원서 또는 제출서류를 허위로 기재한 경우
- 채용검진 결과 직무 수행이 어렵다고 판단되는 경우
- 해외여행 및 근무에 결격사유가 있는 경우
- 관련 법령 또는 내부 인사규정상 채용이 불가능한 경우",서류전형 > 필기전형 > 면접전형 > 최종합격
1378,품질관리자 프로젝트 인력 채용,25,138,20260318,20260404,7,신입,무기계약직,부산광역시,학력무관,"본 포지션은 품질관리자 업무를 담당하며, 현장의 요구사항을 정확히 파악해 안정적인 결과를 만드는 역할입니다.

제조·생산 분야의 실무 기준과 절차에 따라 계획 수립부터 실행, 결과 확인까지 전 과정에 참여합니다.

업무 과정에서 발생하는 이슈를 데이터와 기록에 근거해 분석하고, 유관 부서와 협의하여 개선합니다.

입사 후에는 표준 절차와 내부 시스템 교육을 이수하며, 숙련도에 따라 담당 범위가 확대됩니다.

정확성, 안전, 책임 있는 의사소통을 중시하며 실무 중심의 협업 역량을 기대합니다.","- 품질관리자 직무 기준에 따른 실무 수행
- 품질관리자 관련 결과물 검토 및 개선
- 공정 품질 확인 및 이상 보고
- 자재 투입과 재고 상태 확인
- 설비 일상점검 및 작업장 정리
- 개선활동과 원가 절감 과제 참여
- 교대조 및 유관 부서 업무 인수인계
- 생산계획에 따른 공정·설비 운영","- 교대근무 또는 탄력근무가 가능한 분
- 기초적인 생산 기록 작성이 가능한 분
- 협업과 의사소통에 책임감이 있는 분
- 제조 현장 근무가 가능한 분
- 안전수칙과 작업표준을 성실히 준수하는 분
- 교대근무 또는 탄력근무가 가능한 분","- ISO 9001 심사원보 보유자
- 6시그마 Green Belt 보유자
- 스마트팩토리 시스템 사용 경험
- 품질개선 활동 참여 경험
- 인근 거주자 또는 차량 소지자","- 지원서 또는 제출서류를 허위로 기재한 경우
- 채용검진 결과 직무 수행이 어렵다고 판단되는 경우
- 해외여행 및 근무에 결격사유가 있는 경우
- 관련 법령 또는 내부 인사규정상 채용이 불가능한 경우",서류전형 > 실무면접 > 최종면접
1379,품질관리자 직무 채용,116,138,20260523,20260616,11,경력,정규직,인천광역시,전문학사 이상,"본 포지션은 품질관리자 업무를 담당하며, 현장의 요구사항을 정확히 파악해 안정적인 결과를 만드는 역할입니다.

제조·생산 분야의 실무 기준과 절차에 따라 계획 수립부터 실행, 결과 확인까지 전 과정에 참여합니다.

업무 과정에서 발생하는 이슈를 데이터와 기록에 근거해 분석하고, 유관 부서와 협의하여 개선합니다.

입사 후에는 표준 절차와 내부 시스템 교육을 이수하며, 숙련도에 따라 담당 범위가 확대됩니다.

정확성, 안전, 책임 있는 의사소통을 중시하며 실무 중심의 협업 역량을 기대합니다.","- 품질관리자 직무 기준에 따른 실무 수행
- 품질관리자 관련 결과물 검토 및 개선
- 개선활동과 원가 절감 과제 참여
- 교대조 및 유관 부서 업무 인수인계
- 생산계획에 따른 공정·설비 운영
- 작업표준 및 안전수칙 준수
- 생산실적과 비가동 원인 기록
- 공정 품질 확인 및 이상 보고","- 제조 현장 근무가 가능한 분
- 안전수칙과 작업표준을 성실히 준수하는 분
- 교대근무 또는 탄력근무가 가능한 분
- 기초적인 생산 기록 작성이 가능한 분
- 협업과 의사소통에 책임감이 있는 분
- 제조 현장 근무가 가능한 분","- 6시그마 Green Belt 보유자
- 품질경영기사 보유자
- 동종 제조공정 경험자
- 지게차·용접·전기 등 관련 자격 보유자
- 스마트팩토리 시스템 사용 경험","- 지원서 또는 제출서류를 허위로 기재한 경우
- 채용검진 결과 직무 수행이 어렵다고 판단되는 경우
- 해외여행 및 근무에 결격사유가 있는 경우
- 관련 법령 또는 내부 인사규정상 채용이 불가능한 경우",서류전형 > 인성검사 > 실무면접 > 최종면접
1380,품질관리자 부문 모집,81,138,20260704,20260804,15,신입·경력,정규직,대전광역시,학력무관,"본 포지션은 품질관리자 업무를 담당하며, 현장의 요구사항을 정확히 파악해 안정적인 결과를 만드는 역할입니다.

제조·생산 분야의 실무 기준과 절차에 따라 계획 수립부터 실행, 결과 확인까지 전 과정에 참여합니다.

업무 과정에서 발생하는 이슈를 데이터와 기록에 근거해 분석하고, 유관 부서와 협의하여 개선합니다.

입사 후에는 표준 절차와 내부 시스템 교육을 이수하며, 숙련도에 따라 담당 범위가 확대됩니다.

정확성, 안전, 책임 있는 의사소통을 중시하며 실무 중심의 협업 역량을 기대합니다.","- 품질관리자 직무 기준에 따른 실무 수행
- 품질관리자 관련 결과물 검토 및 개선
- 작업표준 및 안전수칙 준수
- 생산실적과 비가동 원인 기록
- 공정 품질 확인 및 이상 보고
- 자재 투입과 재고 상태 확인
- 설비 일상점검 및 작업장 정리
- 개선활동과 원가 절감 과제 참여","- 기초적인 생산 기록 작성이 가능한 분
- 협업과 의사소통에 책임감이 있는 분
- 제조 현장 근무가 가능한 분
- 안전수칙과 작업표준을 성실히 준수하는 분
- 교대근무 또는 탄력근무가 가능한 분
- 기초적인 생산 기록 작성이 가능한 분","- 품질경영기사 보유자
- ISO 9001 심사원보 보유자
- 품질개선 활동 참여 경험
- 인근 거주자 또는 차량 소지자
- 동종 제조공정 경험자","- 지원서 또는 제출서류를 허위로 기재한 경우
- 채용검진 결과 직무 수행이 어렵다고 판단되는 경우
- 해외여행 및 근무에 결격사유가 있는 경우
- 관련 법령 또는 내부 인사규정상 채용이 불가능한 경우",서류전형 > 직무과제 > 실무면접 > 처우협의
1381,포장·가공담당자 모집,26,139,20261010,20261120,20,신입,정규직,전북특별자치도,전문학사 이상,"본 포지션은 포장·가공담당자 업무를 담당하며, 현장의 요구사항을 정확히 파악해 안정적인 결과를 만드는 역할입니다.

제조·생산 분야의 실무 기준과 절차에 따라 계획 수립부터 실행, 결과 확인까지 전 과정에 참여합니다.

업무 과정에서 발생하는 이슈를 데이터와 기록에 근거해 분석하고, 유관 부서와 협의하여 개선합니다.

입사 후에는 표준 절차와 내부 시스템 교육을 이수하며, 숙련도에 따라 담당 범위가 확대됩니다.

정확성, 안전, 책임 있는 의사소통을 중시하며 실무 중심의 협업 역량을 기대합니다.","- 포장·가공담당자 직무 기준에 따른 실무 수행
- 포장·가공담당자 관련 결과물 검토 및 개선
- 설비 일상점검 및 작업장 정리
- 개선활동과 원가 절감 과제 참여
- 교대조 및 유관 부서 업무 인수인계
- 생산계획에 따른 공정·설비 운영
- 작업표준 및 안전수칙 준수
- 생산실적과 비가동 원인 기록","- 기초적인 생산 기록 작성이 가능한 분
- 협업과 의사소통에 책임감이 있는 분
- 제조 현장 근무가 가능한 분
- 안전수칙과 작업표준을 성실히 준수하는 분
- 교대근무 또는 탄력근무가 가능한 분
- 기초적인 생산 기록 작성이 가능한 분","- 포장산업기사 보유자
- 식품가공기능사 보유자
- 품질개선 활동 참여 경험
- 인근 거주자 또는 차량 소지자
- 동종 제조공정 경험자","- 지원서 또는 제출서류를 허위로 기재한 경우
- 채용검진 결과 직무 수행이 어렵다고 판단되는 경우
- 해외여행 및 근무에 결격사유가 있는 경우
- 관련 법령 또는 내부 인사규정상 채용이 불가능한 경우",서류전형 > 필기전형 > 면접전형 > 최종합격
1382,포장·가공담당자 채용,30,139,20260215,20260227,4,경력,정규직,전라남도,학력무관,"본 포지션은 포장·가공담당자 업무를 담당하며, 현장의 요구사항을 정확히 파악해 안정적인 결과를 만드는 역할입니다.

제조·생산 분야의 실무 기준과 절차에 따라 계획 수립부터 실행, 결과 확인까지 전 과정에 참여합니다.

업무 과정에서 발생하는 이슈를 데이터와 기록에 근거해 분석하고, 유관 부서와 협의하여 개선합니다.

입사 후에는 표준 절차와 내부 시스템 교육을 이수하며, 숙련도에 따라 담당 범위가 확대됩니다.

정확성, 안전, 책임 있는 의사소통을 중시하며 실무 중심의 협업 역량을 기대합니다.","- 포장·가공담당자 직무 기준에 따른 실무 수행
- 포장·가공담당자 관련 결과물 검토 및 개선
- 생산계획에 따른 공정·설비 운영
- 작업표준 및 안전수칙 준수
- 생산실적과 비가동 원인 기록
- 공정 품질 확인 및 이상 보고
- 자재 투입과 재고 상태 확인
- 설비 일상점검 및 작업장 정리","- 안전수칙과 작업표준을 성실히 준수하는 분
- 교대근무 또는 탄력근무가 가능한 분
- 기초적인 생산 기록 작성이 가능한 분
- 협업과 의사소통에 책임감이 있는 분
- 제조 현장 근무가 가능한 분
- 안전수칙과 작업표준을 성실히 준수하는 분","- 식품가공기능사 보유자
- 지게차운전기능사 보유자
- 지게차·용접·전기 등 관련 자격 보유자
- 스마트팩토리 시스템 사용 경험
- 품질개선 활동 참여 경험","- 지원서 또는 제출서류를 허위로 기재한 경우
- 채용검진 결과 직무 수행이 어렵다고 판단되는 경우
- 해외여행 및 근무에 결격사유가 있는 경우
- 관련 법령 또는 내부 인사규정상 채용이 불가능한 경우",서류전형 > 실무면접 > 최종면접
1383,포장·가공담당자 담당자 모집,81,139,20260420,20260509,8,신입·경력,계약직,경상북도,전문학사 이상,"본 포지션은 포장·가공담당자 업무를 담당하며, 현장의 요구사항을 정확히 파악해 안정적인 결과를 만드는 역할입니다.

제조·생산 분야의 실무 기준과 절차에 따라 계획 수립부터 실행, 결과 확인까지 전 과정에 참여합니다.

업무 과정에서 발생하는 이슈를 데이터와 기록에 근거해 분석하고, 유관 부서와 협의하여 개선합니다.

입사 후에는 표준 절차와 내부 시스템 교육을 이수하며, 숙련도에 따라 담당 범위가 확대됩니다.

정확성, 안전, 책임 있는 의사소통을 중시하며 실무 중심의 협업 역량을 기대합니다.","- 포장·가공담당자 직무 기준에 따른 실무 수행
- 포장·가공담당자 관련 결과물 검토 및 개선
- 공정 품질 확인 및 이상 보고
- 자재 투입과 재고 상태 확인
- 설비 일상점검 및 작업장 정리
- 개선활동과 원가 절감 과제 참여
- 교대조 및 유관 부서 업무 인수인계
- 생산계획에 따른 공정·설비 운영","- 협업과 의사소통에 책임감이 있는 분
- 제조 현장 근무가 가능한 분
- 안전수칙과 작업표준을 성실히 준수하는 분
- 교대근무 또는 탄력근무가 가능한 분
- 기초적인 생산 기록 작성이 가능한 분
- 협업과 의사소통에 책임감이 있는 분","- 지게차운전기능사 보유자
- 포장산업기사 보유자
- 인근 거주자 또는 차량 소지자
- 동종 제조공정 경험자
- 지게차·용접·전기 등 관련 자격 보유자","- 지원서 또는 제출서류를 허위로 기재한 경우
- 채용검진 결과 직무 수행이 어렵다고 판단되는 경우
- 해외여행 및 근무에 결격사유가 있는 경우
- 관련 법령 또는 내부 인사규정상 채용이 불가능한 경우",서류전형 > 인성검사 > 실무면접 > 최종면접
1384,포장·가공담당자 인재 채용,94,139,20260601,20260627,12,경력 2년 이상,무기계약직,경상남도,학력무관,"본 포지션은 포장·가공담당자 업무를 담당하며, 현장의 요구사항을 정확히 파악해 안정적인 결과를 만드는 역할입니다.

제조·생산 분야의 실무 기준과 절차에 따라 계획 수립부터 실행, 결과 확인까지 전 과정에 참여합니다.

업무 과정에서 발생하는 이슈를 데이터와 기록에 근거해 분석하고, 유관 부서와 협의하여 개선합니다.

입사 후에는 표준 절차와 내부 시스템 교육을 이수하며, 숙련도에 따라 담당 범위가 확대됩니다.

정확성, 안전, 책임 있는 의사소통을 중시하며 실무 중심의 협업 역량을 기대합니다.","- 포장·가공담당자 직무 기준에 따른 실무 수행
- 포장·가공담당자 관련 결과물 검토 및 개선
- 개선활동과 원가 절감 과제 참여
- 교대조 및 유관 부서 업무 인수인계
- 생산계획에 따른 공정·설비 운영
- 작업표준 및 안전수칙 준수
- 생산실적과 비가동 원인 기록
- 공정 품질 확인 및 이상 보고","- 교대근무 또는 탄력근무가 가능한 분
- 기초적인 생산 기록 작성이 가능한 분
- 협업과 의사소통에 책임감이 있는 분
- 제조 현장 근무가 가능한 분
- 안전수칙과 작업표준을 성실히 준수하는 분
- 교대근무 또는 탄력근무가 가능한 분","- 포장산업기사 보유자
- 식품가공기능사 보유자
- 스마트팩토리 시스템 사용 경험
- 품질개선 활동 참여 경험
- 인근 거주자 또는 차량 소지자","- 지원서 또는 제출서류를 허위로 기재한 경우
- 채용검진 결과 직무 수행이 어렵다고 판단되는 경우
- 해외여행 및 근무에 결격사유가 있는 경우
- 관련 법령 또는 내부 인사규정상 채용이 불가능한 경우",서류전형 > 직무과제 > 실무면접 > 처우협의
1385,포장·가공담당자 실무자 모집,15,139,20260806,20260908,16,경력 3년 이상,정규직,제주특별자치도,전문학사 이상,"본 포지션은 포장·가공담당자 업무를 담당하며, 현장의 요구사항을 정확히 파악해 안정적인 결과를 만드는 역할입니다.

제조·생산 분야의 실무 기준과 절차에 따라 계획 수립부터 실행, 결과 확인까지 전 과정에 참여합니다.

업무 과정에서 발생하는 이슈를 데이터와 기록에 근거해 분석하고, 유관 부서와 협의하여 개선합니다.

입사 후에는 표준 절차와 내부 시스템 교육을 이수하며, 숙련도에 따라 담당 범위가 확대됩니다.

정확성, 안전, 책임 있는 의사소통을 중시하며 실무 중심의 협업 역량을 기대합니다.","- 포장·가공담당자 직무 기준에 따른 실무 수행
- 포장·가공담당자 관련 결과물 검토 및 개선
- 작업표준 및 안전수칙 준수
- 생산실적과 비가동 원인 기록
- 공정 품질 확인 및 이상 보고
- 자재 투입과 재고 상태 확인
- 설비 일상점검 및 작업장 정리
- 개선활동과 원가 절감 과제 참여","- 제조 현장 근무가 가능한 분
- 안전수칙과 작업표준을 성실히 준수하는 분
- 교대근무 또는 탄력근무가 가능한 분
- 기초적인 생산 기록 작성이 가능한 분
- 협업과 의사소통에 책임감이 있는 분
- 제조 현장 근무가 가능한 분","- 식품가공기능사 보유자
- 지게차운전기능사 보유자
- 동종 제조공정 경험자
- 지게차·용접·전기 등 관련 자격 보유자
- 스마트팩토리 시스템 사용 경험","- 지원서 또는 제출서류를 허위로 기재한 경우
- 채용검진 결과 직무 수행이 어렵다고 판단되는 경우
- 해외여행 및 근무에 결격사유가 있는 경우
- 관련 법령 또는 내부 인사규정상 채용이 불가능한 경우",서류전형 > 1차면접 > 2차면접 > 채용검진
1386,포장·가공담당자 전문인력 채용,49,139,20261011,20261120,20,경력 무관,정규직,서울특별시,학력무관,"본 포지션은 포장·가공담당자 업무를 담당하며, 현장의 요구사항을 정확히 파악해 안정적인 결과를 만드는 역할입니다.

제조·생산 분야의 실무 기준과 절차에 따라 계획 수립부터 실행, 결과 확인까지 전 과정에 참여합니다.

업무 과정에서 발생하는 이슈를 데이터와 기록에 근거해 분석하고, 유관 부서와 협의하여 개선합니다.

입사 후에는 표준 절차와 내부 시스템 교육을 이수하며, 숙련도에 따라 담당 범위가 확대됩니다.

정확성, 안전, 책임 있는 의사소통을 중시하며 실무 중심의 협업 역량을 기대합니다.","- 포장·가공담당자 직무 기준에 따른 실무 수행
- 포장·가공담당자 관련 결과물 검토 및 개선
- 자재 투입과 재고 상태 확인
- 설비 일상점검 및 작업장 정리
- 개선활동과 원가 절감 과제 참여
- 교대조 및 유관 부서 업무 인수인계
- 생산계획에 따른 공정·설비 운영
- 작업표준 및 안전수칙 준수","- 기초적인 생산 기록 작성이 가능한 분
- 협업과 의사소통에 책임감이 있는 분
- 제조 현장 근무가 가능한 분
- 안전수칙과 작업표준을 성실히 준수하는 분
- 교대근무 또는 탄력근무가 가능한 분
- 기초적인 생산 기록 작성이 가능한 분","- 지게차운전기능사 보유자
- 포장산업기사 보유자
- 품질개선 활동 참여 경험
- 인근 거주자 또는 차량 소지자
- 동종 제조공정 경험자","- 지원서 또는 제출서류를 허위로 기재한 경우
- 채용검진 결과 직무 수행이 어렵다고 판단되는 경우
- 해외여행 및 근무에 결격사유가 있는 경우
- 관련 법령 또는 내부 인사규정상 채용이 불가능한 경우",서류전형 > 필기전형 > 면접전형 > 최종합격
1387,포장·가공담당자 운영인력 모집,25,139,20260216,20260227,4,경력 5년 이상,계약직,부산광역시,전문학사 이상,"본 포지션은 포장·가공담당자 업무를 담당하며, 현장의 요구사항을 정확히 파악해 안정적인 결과를 만드는 역할입니다.

제조·생산 분야의 실무 기준과 절차에 따라 계획 수립부터 실행, 결과 확인까지 전 과정에 참여합니다.

업무 과정에서 발생하는 이슈를 데이터와 기록에 근거해 분석하고, 유관 부서와 협의하여 개선합니다.

입사 후에는 표준 절차와 내부 시스템 교육을 이수하며, 숙련도에 따라 담당 범위가 확대됩니다.

정확성, 안전, 책임 있는 의사소통을 중시하며 실무 중심의 협업 역량을 기대합니다.","- 포장·가공담당자 직무 기준에 따른 실무 수행
- 포장·가공담당자 관련 결과물 검토 및 개선
- 교대조 및 유관 부서 업무 인수인계
- 생산계획에 따른 공정·설비 운영
- 작업표준 및 안전수칙 준수
- 생산실적과 비가동 원인 기록
- 공정 품질 확인 및 이상 보고
- 자재 투입과 재고 상태 확인","- 안전수칙과 작업표준을 성실히 준수하는 분
- 교대근무 또는 탄력근무가 가능한 분
- 기초적인 생산 기록 작성이 가능한 분
- 협업과 의사소통에 책임감이 있는 분
- 제조 현장 근무가 가능한 분
- 안전수칙과 작업표준을 성실히 준수하는 분","- 포장산업기사 보유자
- 식품가공기능사 보유자
- 지게차·용접·전기 등 관련 자격 보유자
- 스마트팩토리 시스템 사용 경험
- 품질개선 활동 참여 경험","- 지원서 또는 제출서류를 허위로 기재한 경우
- 채용검진 결과 직무 수행이 어렵다고 판단되는 경우
- 해외여행 및 근무에 결격사유가 있는 경우
- 관련 법령 또는 내부 인사규정상 채용이 불가능한 경우",서류전형 > 실무면접 > 최종면접
1388,포장·가공담당자 프로젝트 인력 채용,43,139,20260421,20260509,8,신입,무기계약직,인천광역시,학력무관,"본 포지션은 포장·가공담당자 업무를 담당하며, 현장의 요구사항을 정확히 파악해 안정적인 결과를 만드는 역할입니다.

제조·생산 분야의 실무 기준과 절차에 따라 계획 수립부터 실행, 결과 확인까지 전 과정에 참여합니다.

업무 과정에서 발생하는 이슈를 데이터와 기록에 근거해 분석하고, 유관 부서와 협의하여 개선합니다.

입사 후에는 표준 절차와 내부 시스템 교육을 이수하며, 숙련도에 따라 담당 범위가 확대됩니다.

정확성, 안전, 책임 있는 의사소통을 중시하며 실무 중심의 협업 역량을 기대합니다.","- 포장·가공담당자 직무 기준에 따른 실무 수행
- 포장·가공담당자 관련 결과물 검토 및 개선
- 생산실적과 비가동 원인 기록
- 공정 품질 확인 및 이상 보고
- 자재 투입과 재고 상태 확인
- 설비 일상점검 및 작업장 정리
- 개선활동과 원가 절감 과제 참여
- 교대조 및 유관 부서 업무 인수인계","- 협업과 의사소통에 책임감이 있는 분
- 제조 현장 근무가 가능한 분
- 안전수칙과 작업표준을 성실히 준수하는 분
- 교대근무 또는 탄력근무가 가능한 분
- 기초적인 생산 기록 작성이 가능한 분
- 협업과 의사소통에 책임감이 있는 분","- 식품가공기능사 보유자
- 지게차운전기능사 보유자
- 인근 거주자 또는 차량 소지자
- 동종 제조공정 경험자
- 지게차·용접·전기 등 관련 자격 보유자","- 지원서 또는 제출서류를 허위로 기재한 경우
- 채용검진 결과 직무 수행이 어렵다고 판단되는 경우
- 해외여행 및 근무에 결격사유가 있는 경우
- 관련 법령 또는 내부 인사규정상 채용이 불가능한 경우",서류전형 > 인성검사 > 실무면접 > 최종면접
1389,포장·가공담당자 직무 채용,7,139,20260602,20260627,12,경력,정규직,대전광역시,전문학사 이상,"본 포지션은 포장·가공담당자 업무를 담당하며, 현장의 요구사항을 정확히 파악해 안정적인 결과를 만드는 역할입니다.

제조·생산 분야의 실무 기준과 절차에 따라 계획 수립부터 실행, 결과 확인까지 전 과정에 참여합니다.

업무 과정에서 발생하는 이슈를 데이터와 기록에 근거해 분석하고, 유관 부서와 협의하여 개선합니다.

입사 후에는 표준 절차와 내부 시스템 교육을 이수하며, 숙련도에 따라 담당 범위가 확대됩니다.

정확성, 안전, 책임 있는 의사소통을 중시하며 실무 중심의 협업 역량을 기대합니다.","- 포장·가공담당자 직무 기준에 따른 실무 수행
- 포장·가공담당자 관련 결과물 검토 및 개선
- 설비 일상점검 및 작업장 정리
- 개선활동과 원가 절감 과제 참여
- 교대조 및 유관 부서 업무 인수인계
- 생산계획에 따른 공정·설비 운영
- 작업표준 및 안전수칙 준수
- 생산실적과 비가동 원인 기록","- 교대근무 또는 탄력근무가 가능한 분
- 기초적인 생산 기록 작성이 가능한 분
- 협업과 의사소통에 책임감이 있는 분
- 제조 현장 근무가 가능한 분
- 안전수칙과 작업표준을 성실히 준수하는 분
- 교대근무 또는 탄력근무가 가능한 분","- 지게차운전기능사 보유자
- 포장산업기사 보유자
- 스마트팩토리 시스템 사용 경험
- 품질개선 활동 참여 경험
- 인근 거주자 또는 차량 소지자","- 지원서 또는 제출서류를 허위로 기재한 경우
- 채용검진 결과 직무 수행이 어렵다고 판단되는 경우
- 해외여행 및 근무에 결격사유가 있는 경우
- 관련 법령 또는 내부 인사규정상 채용이 불가능한 경우",서류전형 > 직무과제 > 실무면접 > 처우협의
1390,포장·가공담당자 부문 모집,24,139,20260807,20260908,16,신입·경력,정규직,광주광역시,학력무관,"본 포지션은 포장·가공담당자 업무를 담당하며, 현장의 요구사항을 정확히 파악해 안정적인 결과를 만드는 역할입니다.

제조·생산 분야의 실무 기준과 절차에 따라 계획 수립부터 실행, 결과 확인까지 전 과정에 참여합니다.

업무 과정에서 발생하는 이슈를 데이터와 기록에 근거해 분석하고, 유관 부서와 협의하여 개선합니다.

입사 후에는 표준 절차와 내부 시스템 교육을 이수하며, 숙련도에 따라 담당 범위가 확대됩니다.

정확성, 안전, 책임 있는 의사소통을 중시하며 실무 중심의 협업 역량을 기대합니다.","- 포장·가공담당자 직무 기준에 따른 실무 수행
- 포장·가공담당자 관련 결과물 검토 및 개선
- 생산계획에 따른 공정·설비 운영
- 작업표준 및 안전수칙 준수
- 생산실적과 비가동 원인 기록
- 공정 품질 확인 및 이상 보고
- 자재 투입과 재고 상태 확인
- 설비 일상점검 및 작업장 정리","- 제조 현장 근무가 가능한 분
- 안전수칙과 작업표준을 성실히 준수하는 분
- 교대근무 또는 탄력근무가 가능한 분
- 기초적인 생산 기록 작성이 가능한 분
- 협업과 의사소통에 책임감이 있는 분
- 제조 현장 근무가 가능한 분","- 포장산업기사 보유자
- 식품가공기능사 보유자
- 동종 제조공정 경험자
- 지게차·용접·전기 등 관련 자격 보유자
- 스마트팩토리 시스템 사용 경험","- 지원서 또는 제출서류를 허위로 기재한 경우
- 채용검진 결과 직무 수행이 어렵다고 판단되는 경우
- 해외여행 및 근무에 결격사유가 있는 경우
- 관련 법령 또는 내부 인사규정상 채용이 불가능한 경우",서류전형 > 1차면접 > 2차면접 > 채용검진
1391,공장관리자 모집,81,140,20260113,20260224,1,신입,정규직,전라남도,전문학사 이상,"본 포지션은 공장관리자 업무를 담당하며, 현장의 요구사항을 정확히 파악해 안정적인 결과를 만드는 역할입니다.

제조·생산 분야의 실무 기준과 절차에 따라 계획 수립부터 실행, 결과 확인까지 전 과정에 참여합니다.

업무 과정에서 발생하는 이슈를 데이터와 기록에 근거해 분석하고, 유관 부서와 협의하여 개선합니다.

입사 후에는 표준 절차와 내부 시스템 교육을 이수하며, 숙련도에 따라 담당 범위가 확대됩니다.

정확성, 안전, 책임 있는 의사소통을 중시하며 실무 중심의 협업 역량을 기대합니다.","- 공장관리자 직무 기준에 따른 실무 수행
- 공장관리자 관련 결과물 검토 및 개선
- 자재 투입과 재고 상태 확인
- 설비 일상점검 및 작업장 정리
- 개선활동과 원가 절감 과제 참여
- 교대조 및 유관 부서 업무 인수인계
- 생산계획에 따른 공정·설비 운영
- 작업표준 및 안전수칙 준수","- 제조 현장 근무가 가능한 분
- 안전수칙과 작업표준을 성실히 준수하는 분
- 교대근무 또는 탄력근무가 가능한 분
- 기초적인 생산 기록 작성이 가능한 분
- 협업과 의사소통에 책임감이 있는 분
- 제조 현장 근무가 가능한 분","- 산업안전기사 보유자
- 소방설비기사(전기분야) 보유자
- 동종 제조공정 경험자
- 지게차·용접·전기 등 관련 자격 보유자
- 스마트팩토리 시스템 사용 경험","- 지원서 또는 제출서류를 허위로 기재한 경우
- 채용검진 결과 직무 수행이 어렵다고 판단되는 경우
- 해외여행 및 근무에 결격사유가 있는 경우
- 관련 법령 또는 내부 인사규정상 채용이 불가능한 경우",서류전형 > 실무면접 > 최종면접
1392,공장관리자 채용,144,140,20260318,20260331,5,경력,정규직,경상북도,학력무관,"본 포지션은 공장관리자 업무를 담당하며, 현장의 요구사항을 정확히 파악해 안정적인 결과를 만드는 역할입니다.

제조·생산 분야의 실무 기준과 절차에 따라 계획 수립부터 실행, 결과 확인까지 전 과정에 참여합니다.

업무 과정에서 발생하는 이슈를 데이터와 기록에 근거해 분석하고, 유관 부서와 협의하여 개선합니다.

입사 후에는 표준 절차와 내부 시스템 교육을 이수하며, 숙련도에 따라 담당 범위가 확대됩니다.

정확성, 안전, 책임 있는 의사소통을 중시하며 실무 중심의 협업 역량을 기대합니다.","- 공장관리자 직무 기준에 따른 실무 수행
- 공장관리자 관련 결과물 검토 및 개선
- 교대조 및 유관 부서 업무 인수인계
- 생산계획에 따른 공정·설비 운영
- 작업표준 및 안전수칙 준수
- 생산실적과 비가동 원인 기록
- 공정 품질 확인 및 이상 보고
- 자재 투입과 재고 상태 확인","- 기초적인 생산 기록 작성이 가능한 분
- 협업과 의사소통에 책임감이 있는 분
- 제조 현장 근무가 가능한 분
- 안전수칙과 작업표준을 성실히 준수하는 분
- 교대근무 또는 탄력근무가 가능한 분
- 기초적인 생산 기록 작성이 가능한 분","- 소방설비기사(전기분야) 보유자
- 에너지관리기사 보유자
- 품질개선 활동 참여 경험
- 인근 거주자 또는 차량 소지자
- 동종 제조공정 경험자","- 지원서 또는 제출서류를 허위로 기재한 경우
- 채용검진 결과 직무 수행이 어렵다고 판단되는 경우
- 해외여행 및 근무에 결격사유가 있는 경우
- 관련 법령 또는 내부 인사규정상 채용이 불가능한 경우",서류전형 > 인성검사 > 실무면접 > 최종면접
1393,공장관리자 담당자 모집,91,140,20260523,20260612,9,신입·경력,계약직,경상남도,전문학사 이상,"본 포지션은 공장관리자 업무를 담당하며, 현장의 요구사항을 정확히 파악해 안정적인 결과를 만드는 역할입니다.

제조·생산 분야의 실무 기준과 절차에 따라 계획 수립부터 실행, 결과 확인까지 전 과정에 참여합니다.

업무 과정에서 발생하는 이슈를 데이터와 기록에 근거해 분석하고, 유관 부서와 협의하여 개선합니다.

입사 후에는 표준 절차와 내부 시스템 교육을 이수하며, 숙련도에 따라 담당 범위가 확대됩니다.

정확성, 안전, 책임 있는 의사소통을 중시하며 실무 중심의 협업 역량을 기대합니다.","- 공장관리자 직무 기준에 따른 실무 수행
- 공장관리자 관련 결과물 검토 및 개선
- 생산실적과 비가동 원인 기록
- 공정 품질 확인 및 이상 보고
- 자재 투입과 재고 상태 확인
- 설비 일상점검 및 작업장 정리
- 개선활동과 원가 절감 과제 참여
- 교대조 및 유관 부서 업무 인수인계","- 안전수칙과 작업표준을 성실히 준수하는 분
- 교대근무 또는 탄력근무가 가능한 분
- 기초적인 생산 기록 작성이 가능한 분
- 협업과 의사소통에 책임감이 있는 분
- 제조 현장 근무가 가능한 분
- 안전수칙과 작업표준을 성실히 준수하는 분","- 에너지관리기사 보유자
- 산업안전기사 보유자
- 지게차·용접·전기 등 관련 자격 보유자
- 스마트팩토리 시스템 사용 경험
- 품질개선 활동 참여 경험","- 지원서 또는 제출서류를 허위로 기재한 경우
- 채용검진 결과 직무 수행이 어렵다고 판단되는 경우
- 해외여행 및 근무에 결격사유가 있는 경우
- 관련 법령 또는 내부 인사규정상 채용이 불가능한 경우",서류전형 > 직무과제 > 실무면접 > 처우협의
1394,공장관리자 인재 채용,56,140,20260704,20260731,13,경력 2년 이상,무기계약직,제주특별자치도,학력무관,"본 포지션은 공장관리자 업무를 담당하며, 현장의 요구사항을 정확히 파악해 안정적인 결과를 만드는 역할입니다.

제조·생산 분야의 실무 기준과 절차에 따라 계획 수립부터 실행, 결과 확인까지 전 과정에 참여합니다.

업무 과정에서 발생하는 이슈를 데이터와 기록에 근거해 분석하고, 유관 부서와 협의하여 개선합니다.

입사 후에는 표준 절차와 내부 시스템 교육을 이수하며, 숙련도에 따라 담당 범위가 확대됩니다.

정확성, 안전, 책임 있는 의사소통을 중시하며 실무 중심의 협업 역량을 기대합니다.","- 공장관리자 직무 기준에 따른 실무 수행
- 공장관리자 관련 결과물 검토 및 개선
- 설비 일상점검 및 작업장 정리
- 개선활동과 원가 절감 과제 참여
- 교대조 및 유관 부서 업무 인수인계
- 생산계획에 따른 공정·설비 운영
- 작업표준 및 안전수칙 준수
- 생산실적과 비가동 원인 기록","- 협업과 의사소통에 책임감이 있는 분
- 제조 현장 근무가 가능한 분
- 안전수칙과 작업표준을 성실히 준수하는 분
- 교대근무 또는 탄력근무가 가능한 분
- 기초적인 생산 기록 작성이 가능한 분
- 협업과 의사소통에 책임감이 있는 분","- 산업안전기사 보유자
- 소방설비기사(전기분야) 보유자
- 인근 거주자 또는 차량 소지자
- 동종 제조공정 경험자
- 지게차·용접·전기 등 관련 자격 보유자","- 지원서 또는 제출서류를 허위로 기재한 경우
- 채용검진 결과 직무 수행이 어렵다고 판단되는 경우
- 해외여행 및 근무에 결격사유가 있는 경우
- 관련 법령 또는 내부 인사규정상 채용이 불가능한 경우",서류전형 > 1차면접 > 2차면접 > 채용검진
1395,공장관리자 실무자 모집,54,140,20260909,20261013,17,경력 3년 이상,정규직,서울특별시,전문학사 이상,"본 포지션은 공장관리자 업무를 담당하며, 현장의 요구사항을 정확히 파악해 안정적인 결과를 만드는 역할입니다.

제조·생산 분야의 실무 기준과 절차에 따라 계획 수립부터 실행, 결과 확인까지 전 과정에 참여합니다.

업무 과정에서 발생하는 이슈를 데이터와 기록에 근거해 분석하고, 유관 부서와 협의하여 개선합니다.

입사 후에는 표준 절차와 내부 시스템 교육을 이수하며, 숙련도에 따라 담당 범위가 확대됩니다.

정확성, 안전, 책임 있는 의사소통을 중시하며 실무 중심의 협업 역량을 기대합니다.","- 공장관리자 직무 기준에 따른 실무 수행
- 공장관리자 관련 결과물 검토 및 개선
- 생산계획에 따른 공정·설비 운영
- 작업표준 및 안전수칙 준수
- 생산실적과 비가동 원인 기록
- 공정 품질 확인 및 이상 보고
- 자재 투입과 재고 상태 확인
- 설비 일상점검 및 작업장 정리","- 교대근무 또는 탄력근무가 가능한 분
- 기초적인 생산 기록 작성이 가능한 분
- 협업과 의사소통에 책임감이 있는 분
- 제조 현장 근무가 가능한 분
- 안전수칙과 작업표준을 성실히 준수하는 분
- 교대근무 또는 탄력근무가 가능한 분","- 소방설비기사(전기분야) 보유자
- 에너지관리기사 보유자
- 스마트팩토리 시스템 사용 경험
- 품질개선 활동 참여 경험
- 인근 거주자 또는 차량 소지자","- 지원서 또는 제출서류를 허위로 기재한 경우
- 채용검진 결과 직무 수행이 어렵다고 판단되는 경우
- 해외여행 및 근무에 결격사유가 있는 경우
- 관련 법령 또는 내부 인사규정상 채용이 불가능한 경우",서류전형 > 필기전형 > 면접전형 > 최종합격
1396,공장관리자 전문인력 채용,118,140,20260114,20260224,1,경력 무관,정규직,부산광역시,학력무관,"본 포지션은 공장관리자 업무를 담당하며, 현장의 요구사항을 정확히 파악해 안정적인 결과를 만드는 역할입니다.

제조·생산 분야의 실무 기준과 절차에 따라 계획 수립부터 실행, 결과 확인까지 전 과정에 참여합니다.

업무 과정에서 발생하는 이슈를 데이터와 기록에 근거해 분석하고, 유관 부서와 협의하여 개선합니다.

입사 후에는 표준 절차와 내부 시스템 교육을 이수하며, 숙련도에 따라 담당 범위가 확대됩니다.

정확성, 안전, 책임 있는 의사소통을 중시하며 실무 중심의 협업 역량을 기대합니다.","- 공장관리자 직무 기준에 따른 실무 수행
- 공장관리자 관련 결과물 검토 및 개선
- 공정 품질 확인 및 이상 보고
- 자재 투입과 재고 상태 확인
- 설비 일상점검 및 작업장 정리
- 개선활동과 원가 절감 과제 참여
- 교대조 및 유관 부서 업무 인수인계
- 생산계획에 따른 공정·설비 운영","- 제조 현장 근무가 가능한 분
- 안전수칙과 작업표준을 성실히 준수하는 분
- 교대근무 또는 탄력근무가 가능한 분
- 기초적인 생산 기록 작성이 가능한 분
- 협업과 의사소통에 책임감이 있는 분
- 제조 현장 근무가 가능한 분","- 에너지관리기사 보유자
- 산업안전기사 보유자
- 동종 제조공정 경험자
- 지게차·용접·전기 등 관련 자격 보유자
- 스마트팩토리 시스템 사용 경험","- 지원서 또는 제출서류를 허위로 기재한 경우
- 채용검진 결과 직무 수행이 어렵다고 판단되는 경우
- 해외여행 및 근무에 결격사유가 있는 경우
- 관련 법령 또는 내부 인사규정상 채용이 불가능한 경우",서류전형 > 실무면접 > 최종면접
1397,공장관리자 운영인력 모집,142,140,20260319,20260331,5,경력 5년 이상,계약직,인천광역시,전문학사 이상,"본 포지션은 공장관리자 업무를 담당하며, 현장의 요구사항을 정확히 파악해 안정적인 결과를 만드는 역할입니다.

제조·생산 분야의 실무 기준과 절차에 따라 계획 수립부터 실행, 결과 확인까지 전 과정에 참여합니다.

업무 과정에서 발생하는 이슈를 데이터와 기록에 근거해 분석하고, 유관 부서와 협의하여 개선합니다.

입사 후에는 표준 절차와 내부 시스템 교육을 이수하며, 숙련도에 따라 담당 범위가 확대됩니다.

정확성, 안전, 책임 있는 의사소통을 중시하며 실무 중심의 협업 역량을 기대합니다.","- 공장관리자 직무 기준에 따른 실무 수행
- 공장관리자 관련 결과물 검토 및 개선
- 개선활동과 원가 절감 과제 참여
- 교대조 및 유관 부서 업무 인수인계
- 생산계획에 따른 공정·설비 운영
- 작업표준 및 안전수칙 준수
- 생산실적과 비가동 원인 기록
- 공정 품질 확인 및 이상 보고","- 기초적인 생산 기록 작성이 가능한 분
- 협업과 의사소통에 책임감이 있는 분
- 제조 현장 근무가 가능한 분
- 안전수칙과 작업표준을 성실히 준수하는 분
- 교대근무 또는 탄력근무가 가능한 분
- 기초적인 생산 기록 작성이 가능한 분","- 산업안전기사 보유자
- 소방설비기사(전기분야) 보유자
- 품질개선 활동 참여 경험
- 인근 거주자 또는 차량 소지자
- 동종 제조공정 경험자","- 지원서 또는 제출서류를 허위로 기재한 경우
- 채용검진 결과 직무 수행이 어렵다고 판단되는 경우
- 해외여행 및 근무에 결격사유가 있는 경우
- 관련 법령 또는 내부 인사규정상 채용이 불가능한 경우",서류전형 > 인성검사 > 실무면접 > 최종면접
1398,공장관리자 프로젝트 인력 채용,156,140,20260524,20260612,9,신입,무기계약직,대전광역시,학력무관,"본 포지션은 공장관리자 업무를 담당하며, 현장의 요구사항을 정확히 파악해 안정적인 결과를 만드는 역할입니다.

제조·생산 분야의 실무 기준과 절차에 따라 계획 수립부터 실행, 결과 확인까지 전 과정에 참여합니다.

업무 과정에서 발생하는 이슈를 데이터와 기록에 근거해 분석하고, 유관 부서와 협의하여 개선합니다.

입사 후에는 표준 절차와 내부 시스템 교육을 이수하며, 숙련도에 따라 담당 범위가 확대됩니다.

정확성, 안전, 책임 있는 의사소통을 중시하며 실무 중심의 협업 역량을 기대합니다.","- 공장관리자 직무 기준에 따른 실무 수행
- 공장관리자 관련 결과물 검토 및 개선
- 작업표준 및 안전수칙 준수
- 생산실적과 비가동 원인 기록
- 공정 품질 확인 및 이상 보고
- 자재 투입과 재고 상태 확인
- 설비 일상점검 및 작업장 정리
- 개선활동과 원가 절감 과제 참여","- 안전수칙과 작업표준을 성실히 준수하는 분
- 교대근무 또는 탄력근무가 가능한 분
- 기초적인 생산 기록 작성이 가능한 분
- 협업과 의사소통에 책임감이 있는 분
- 제조 현장 근무가 가능한 분
- 안전수칙과 작업표준을 성실히 준수하는 분","- 소방설비기사(전기분야) 보유자
- 에너지관리기사 보유자
- 지게차·용접·전기 등 관련 자격 보유자
- 스마트팩토리 시스템 사용 경험
- 품질개선 활동 참여 경험","- 지원서 또는 제출서류를 허위로 기재한 경우
- 채용검진 결과 직무 수행이 어렵다고 판단되는 경우
- 해외여행 및 근무에 결격사유가 있는 경우
- 관련 법령 또는 내부 인사규정상 채용이 불가능한 경우",서류전형 > 직무과제 > 실무면접 > 처우협의
1399,공장관리자 직무 채용,55,140,20260705,20260731,13,경력,정규직,광주광역시,전문학사 이상,"본 포지션은 공장관리자 업무를 담당하며, 현장의 요구사항을 정확히 파악해 안정적인 결과를 만드는 역할입니다.

제조·생산 분야의 실무 기준과 절차에 따라 계획 수립부터 실행, 결과 확인까지 전 과정에 참여합니다.

업무 과정에서 발생하는 이슈를 데이터와 기록에 근거해 분석하고, 유관 부서와 협의하여 개선합니다.

입사 후에는 표준 절차와 내부 시스템 교육을 이수하며, 숙련도에 따라 담당 범위가 확대됩니다.

정확성, 안전, 책임 있는 의사소통을 중시하며 실무 중심의 협업 역량을 기대합니다.","- 공장관리자 직무 기준에 따른 실무 수행
- 공장관리자 관련 결과물 검토 및 개선
- 자재 투입과 재고 상태 확인
- 설비 일상점검 및 작업장 정리
- 개선활동과 원가 절감 과제 참여
- 교대조 및 유관 부서 업무 인수인계
- 생산계획에 따른 공정·설비 운영
- 작업표준 및 안전수칙 준수","- 협업과 의사소통에 책임감이 있는 분
- 제조 현장 근무가 가능한 분
- 안전수칙과 작업표준을 성실히 준수하는 분
- 교대근무 또는 탄력근무가 가능한 분
- 기초적인 생산 기록 작성이 가능한 분
- 협업과 의사소통에 책임감이 있는 분","- 에너지관리기사 보유자
- 산업안전기사 보유자
- 인근 거주자 또는 차량 소지자
- 동종 제조공정 경험자
- 지게차·용접·전기 등 관련 자격 보유자","- 지원서 또는 제출서류를 허위로 기재한 경우
- 채용검진 결과 직무 수행이 어렵다고 판단되는 경우
- 해외여행 및 근무에 결격사유가 있는 경우
- 관련 법령 또는 내부 인사규정상 채용이 불가능한 경우",서류전형 > 1차면접 > 2차면접 > 채용검진
1400,공장관리자 부문 모집,65,140,20260910,20261013,17,신입·경력,정규직,울산광역시,학력무관,"본 포지션은 공장관리자 업무를 담당하며, 현장의 요구사항을 정확히 파악해 안정적인 결과를 만드는 역할입니다.

제조·생산 분야의 실무 기준과 절차에 따라 계획 수립부터 실행, 결과 확인까지 전 과정에 참여합니다.

업무 과정에서 발생하는 이슈를 데이터와 기록에 근거해 분석하고, 유관 부서와 협의하여 개선합니다.

입사 후에는 표준 절차와 내부 시스템 교육을 이수하며, 숙련도에 따라 담당 범위가 확대됩니다.

정확성, 안전, 책임 있는 의사소통을 중시하며 실무 중심의 협업 역량을 기대합니다.","- 공장관리자 직무 기준에 따른 실무 수행
- 공장관리자 관련 결과물 검토 및 개선
- 교대조 및 유관 부서 업무 인수인계
- 생산계획에 따른 공정·설비 운영
- 작업표준 및 안전수칙 준수
- 생산실적과 비가동 원인 기록
- 공정 품질 확인 및 이상 보고
- 자재 투입과 재고 상태 확인","- 교대근무 또는 탄력근무가 가능한 분
- 기초적인 생산 기록 작성이 가능한 분
- 협업과 의사소통에 책임감이 있는 분
- 제조 현장 근무가 가능한 분
- 안전수칙과 작업표준을 성실히 준수하는 분
- 교대근무 또는 탄력근무가 가능한 분","- 산업안전기사 보유자
- 소방설비기사(전기분야) 보유자
- 스마트팩토리 시스템 사용 경험
- 품질개선 활동 참여 경험
- 인근 거주자 또는 차량 소지자","- 지원서 또는 제출서류를 허위로 기재한 경우
- 채용검진 결과 직무 수행이 어렵다고 판단되는 경우
- 해외여행 및 근무에 결격사유가 있는 경우
- 관련 법령 또는 내부 인사규정상 채용이 불가능한 경우",서류전형 > 필기전형 > 면접전형 > 최종합격
1401,용접사 모집,67,141,20260216,20260331,2,신입,정규직,경상북도,전문학사 이상,"본 포지션은 용접사 업무를 담당하며, 현장의 요구사항을 정확히 파악해 안정적인 결과를 만드는 역할입니다.

제조·생산 분야의 실무 기준과 절차에 따라 계획 수립부터 실행, 결과 확인까지 전 과정에 참여합니다.

업무 과정에서 발생하는 이슈를 데이터와 기록에 근거해 분석하고, 유관 부서와 협의하여 개선합니다.

입사 후에는 표준 절차와 내부 시스템 교육을 이수하며, 숙련도에 따라 담당 범위가 확대됩니다.

정확성, 안전, 책임 있는 의사소통을 중시하며 실무 중심의 협업 역량을 기대합니다.","- 도면에 따른 용접 작업
- 용접부 외관검사와 결함 보수
- 공정 품질 확인 및 이상 보고
- 자재 투입과 재고 상태 확인
- 설비 일상점검 및 작업장 정리
- 개선활동과 원가 절감 과제 참여
- 교대조 및 유관 부서 업무 인수인계
- 생산계획에 따른 공정·설비 운영","- 교대근무 또는 탄력근무가 가능한 분
- 기초적인 생산 기록 작성이 가능한 분
- 협업과 의사소통에 책임감이 있는 분
- 제조 현장 근무가 가능한 분
- 안전수칙과 작업표준을 성실히 준수하는 분
- 교대근무 또는 탄력근무가 가능한 분","- 용접기능사 보유자
- 특수용접기능사 보유자
- 스마트팩토리 시스템 사용 경험
- 품질개선 활동 참여 경험
- 인근 거주자 또는 차량 소지자","- 지원서 또는 제출서류를 허위로 기재한 경우
- 채용검진 결과 직무 수행이 어렵다고 판단되는 경우
- 해외여행 및 근무에 결격사유가 있는 경우
- 관련 법령 또는 내부 인사규정상 채용이 불가능한 경우",서류전형 > 인성검사 > 실무면접 > 최종면접
1402,용접사 채용,126,141,20260421,20260505,6,경력,정규직,경상남도,학력무관,"본 포지션은 용접사 업무를 담당하며, 현장의 요구사항을 정확히 파악해 안정적인 결과를 만드는 역할입니다.

제조·생산 분야의 실무 기준과 절차에 따라 계획 수립부터 실행, 결과 확인까지 전 과정에 참여합니다.

업무 과정에서 발생하는 이슈를 데이터와 기록에 근거해 분석하고, 유관 부서와 협의하여 개선합니다.

입사 후에는 표준 절차와 내부 시스템 교육을 이수하며, 숙련도에 따라 담당 범위가 확대됩니다.

정확성, 안전, 책임 있는 의사소통을 중시하며 실무 중심의 협업 역량을 기대합니다.","- 도면에 따른 용접 작업
- 용접부 외관검사와 결함 보수
- 개선활동과 원가 절감 과제 참여
- 교대조 및 유관 부서 업무 인수인계
- 생산계획에 따른 공정·설비 운영
- 작업표준 및 안전수칙 준수
- 생산실적과 비가동 원인 기록
- 공정 품질 확인 및 이상 보고","- 제조 현장 근무가 가능한 분
- 안전수칙과 작업표준을 성실히 준수하는 분
- 교대근무 또는 탄력근무가 가능한 분
- 기초적인 생산 기록 작성이 가능한 분
- 협업과 의사소통에 책임감이 있는 분
- 제조 현장 근무가 가능한 분","- 특수용접기능사 보유자
- 용접산업기사 보유자
- 동종 제조공정 경험자
- 지게차·용접·전기 등 관련 자격 보유자
- 스마트팩토리 시스템 사용 경험","- 지원서 또는 제출서류를 허위로 기재한 경우
- 채용검진 결과 직무 수행이 어렵다고 판단되는 경우
- 해외여행 및 근무에 결격사유가 있는 경우
- 관련 법령 또는 내부 인사규정상 채용이 불가능한 경우",서류전형 > 직무과제 > 실무면접 > 처우협의
1403,용접사 담당자 모집,80,141,20260602,20260623,10,신입·경력,계약직,제주특별자치도,전문학사 이상,"본 포지션은 용접사 업무를 담당하며, 현장의 요구사항을 정확히 파악해 안정적인 결과를 만드는 역할입니다.

제조·생산 분야의 실무 기준과 절차에 따라 계획 수립부터 실행, 결과 확인까지 전 과정에 참여합니다.

업무 과정에서 발생하는 이슈를 데이터와 기록에 근거해 분석하고, 유관 부서와 협의하여 개선합니다.

입사 후에는 표준 절차와 내부 시스템 교육을 이수하며, 숙련도에 따라 담당 범위가 확대됩니다.

정확성, 안전, 책임 있는 의사소통을 중시하며 실무 중심의 협업 역량을 기대합니다.","- 도면에 따른 용접 작업
- 용접부 외관검사와 결함 보수
- 작업표준 및 안전수칙 준수
- 생산실적과 비가동 원인 기록
- 공정 품질 확인 및 이상 보고
- 자재 투입과 재고 상태 확인
- 설비 일상점검 및 작업장 정리
- 개선활동과 원가 절감 과제 참여","- 기초적인 생산 기록 작성이 가능한 분
- 협업과 의사소통에 책임감이 있는 분
- 제조 현장 근무가 가능한 분
- 안전수칙과 작업표준을 성실히 준수하는 분
- 교대근무 또는 탄력근무가 가능한 분
- 기초적인 생산 기록 작성이 가능한 분","- 용접산업기사 보유자
- 용접기능사 보유자
- 품질개선 활동 참여 경험
- 인근 거주자 또는 차량 소지자
- 동종 제조공정 경험자","- 지원서 또는 제출서류를 허위로 기재한 경우
- 채용검진 결과 직무 수행이 어렵다고 판단되는 경우
- 해외여행 및 근무에 결격사유가 있는 경우
- 관련 법령 또는 내부 인사규정상 채용이 불가능한 경우",서류전형 > 1차면접 > 2차면접 > 채용검진
1404,용접사 인재 채용,157,141,20260807,20260904,14,경력 2년 이상,무기계약직,서울특별시,학력무관,"본 포지션은 용접사 업무를 담당하며, 현장의 요구사항을 정확히 파악해 안정적인 결과를 만드는 역할입니다.

제조·생산 분야의 실무 기준과 절차에 따라 계획 수립부터 실행, 결과 확인까지 전 과정에 참여합니다.

업무 과정에서 발생하는 이슈를 데이터와 기록에 근거해 분석하고, 유관 부서와 협의하여 개선합니다.

입사 후에는 표준 절차와 내부 시스템 교육을 이수하며, 숙련도에 따라 담당 범위가 확대됩니다.

정확성, 안전, 책임 있는 의사소통을 중시하며 실무 중심의 협업 역량을 기대합니다.","- 도면에 따른 용접 작업
- 용접부 외관검사와 결함 보수
- 자재 투입과 재고 상태 확인
- 설비 일상점검 및 작업장 정리
- 개선활동과 원가 절감 과제 참여
- 교대조 및 유관 부서 업무 인수인계
- 생산계획에 따른 공정·설비 운영
- 작업표준 및 안전수칙 준수","- 안전수칙과 작업표준을 성실히 준수하는 분
- 교대근무 또는 탄력근무가 가능한 분
- 기초적인 생산 기록 작성이 가능한 분
- 협업과 의사소통에 책임감이 있는 분
- 제조 현장 근무가 가능한 분
- 안전수칙과 작업표준을 성실히 준수하는 분","- 용접기능사 보유자
- 특수용접기능사 보유자
- 지게차·용접·전기 등 관련 자격 보유자
- 스마트팩토리 시스템 사용 경험
- 품질개선 활동 참여 경험","- 지원서 또는 제출서류를 허위로 기재한 경우
- 채용검진 결과 직무 수행이 어렵다고 판단되는 경우
- 해외여행 및 근무에 결격사유가 있는 경우
- 관련 법령 또는 내부 인사규정상 채용이 불가능한 경우",서류전형 > 필기전형 > 면접전형 > 최종합격
1405,용접사 실무자 모집,122,141,20261012,20261116,18,경력 3년 이상,정규직,부산광역시,전문학사 이상,"본 포지션은 용접사 업무를 담당하며, 현장의 요구사항을 정확히 파악해 안정적인 결과를 만드는 역할입니다.

제조·생산 분야의 실무 기준과 절차에 따라 계획 수립부터 실행, 결과 확인까지 전 과정에 참여합니다.

업무 과정에서 발생하는 이슈를 데이터와 기록에 근거해 분석하고, 유관 부서와 협의하여 개선합니다.

입사 후에는 표준 절차와 내부 시스템 교육을 이수하며, 숙련도에 따라 담당 범위가 확대됩니다.

정확성, 안전, 책임 있는 의사소통을 중시하며 실무 중심의 협업 역량을 기대합니다.","- 도면에 따른 용접 작업
- 용접부 외관검사와 결함 보수
- 교대조 및 유관 부서 업무 인수인계
- 생산계획에 따른 공정·설비 운영
- 작업표준 및 안전수칙 준수
- 생산실적과 비가동 원인 기록
- 공정 품질 확인 및 이상 보고
- 자재 투입과 재고 상태 확인","- 협업과 의사소통에 책임감이 있는 분
- 제조 현장 근무가 가능한 분
- 안전수칙과 작업표준을 성실히 준수하는 분
- 교대근무 또는 탄력근무가 가능한 분
- 기초적인 생산 기록 작성이 가능한 분
- 협업과 의사소통에 책임감이 있는 분","- 특수용접기능사 보유자
- 용접산업기사 보유자
- 인근 거주자 또는 차량 소지자
- 동종 제조공정 경험자
- 지게차·용접·전기 등 관련 자격 보유자","- 지원서 또는 제출서류를 허위로 기재한 경우
- 채용검진 결과 직무 수행이 어렵다고 판단되는 경우
- 해외여행 및 근무에 결격사유가 있는 경우
- 관련 법령 또는 내부 인사규정상 채용이 불가능한 경우",서류전형 > 실무면접 > 최종면접
1406,용접사 전문인력 채용,28,141,20260217,20260331,2,경력 무관,정규직,인천광역시,학력무관,"본 포지션은 용접사 업무를 담당하며, 현장의 요구사항을 정확히 파악해 안정적인 결과를 만드는 역할입니다.

제조·생산 분야의 실무 기준과 절차에 따라 계획 수립부터 실행, 결과 확인까지 전 과정에 참여합니다.

업무 과정에서 발생하는 이슈를 데이터와 기록에 근거해 분석하고, 유관 부서와 협의하여 개선합니다.

입사 후에는 표준 절차와 내부 시스템 교육을 이수하며, 숙련도에 따라 담당 범위가 확대됩니다.

정확성, 안전, 책임 있는 의사소통을 중시하며 실무 중심의 협업 역량을 기대합니다.","- 도면에 따른 용접 작업
- 용접부 외관검사와 결함 보수
- 생산실적과 비가동 원인 기록
- 공정 품질 확인 및 이상 보고
- 자재 투입과 재고 상태 확인
- 설비 일상점검 및 작업장 정리
- 개선활동과 원가 절감 과제 참여
- 교대조 및 유관 부서 업무 인수인계","- 교대근무 또는 탄력근무가 가능한 분
- 기초적인 생산 기록 작성이 가능한 분
- 협업과 의사소통에 책임감이 있는 분
- 제조 현장 근무가 가능한 분
- 안전수칙과 작업표준을 성실히 준수하는 분
- 교대근무 또는 탄력근무가 가능한 분","- 용접산업기사 보유자
- 용접기능사 보유자
- 스마트팩토리 시스템 사용 경험
- 품질개선 활동 참여 경험
- 인근 거주자 또는 차량 소지자","- 지원서 또는 제출서류를 허위로 기재한 경우
- 채용검진 결과 직무 수행이 어렵다고 판단되는 경우
- 해외여행 및 근무에 결격사유가 있는 경우
- 관련 법령 또는 내부 인사규정상 채용이 불가능한 경우",서류전형 > 인성검사 > 실무면접 > 최종면접
1407,용접사 운영인력 모집,133,141,20260422,20260505,6,경력 5년 이상,계약직,대전광역시,전문학사 이상,"본 포지션은 용접사 업무를 담당하며, 현장의 요구사항을 정확히 파악해 안정적인 결과를 만드는 역할입니다.

제조·생산 분야의 실무 기준과 절차에 따라 계획 수립부터 실행, 결과 확인까지 전 과정에 참여합니다.

업무 과정에서 발생하는 이슈를 데이터와 기록에 근거해 분석하고, 유관 부서와 협의하여 개선합니다.

입사 후에는 표준 절차와 내부 시스템 교육을 이수하며, 숙련도에 따라 담당 범위가 확대됩니다.

정확성, 안전, 책임 있는 의사소통을 중시하며 실무 중심의 협업 역량을 기대합니다.","- 도면에 따른 용접 작업
- 용접부 외관검사와 결함 보수
- 설비 일상점검 및 작업장 정리
- 개선활동과 원가 절감 과제 참여
- 교대조 및 유관 부서 업무 인수인계
- 생산계획에 따른 공정·설비 운영
- 작업표준 및 안전수칙 준수
- 생산실적과 비가동 원인 기록","- 제조 현장 근무가 가능한 분
- 안전수칙과 작업표준을 성실히 준수하는 분
- 교대근무 또는 탄력근무가 가능한 분
- 기초적인 생산 기록 작성이 가능한 분
- 협업과 의사소통에 책임감이 있는 분
- 제조 현장 근무가 가능한 분","- 용접기능사 보유자
- 특수용접기능사 보유자
- 동종 제조공정 경험자
- 지게차·용접·전기 등 관련 자격 보유자
- 스마트팩토리 시스템 사용 경험","- 지원서 또는 제출서류를 허위로 기재한 경우
- 채용검진 결과 직무 수행이 어렵다고 판단되는 경우
- 해외여행 및 근무에 결격사유가 있는 경우
- 관련 법령 또는 내부 인사규정상 채용이 불가능한 경우",서류전형 > 직무과제 > 실무면접 > 처우협의
1408,용접사 프로젝트 인력 채용,118,141,20260603,20260623,10,신입,무기계약직,광주광역시,학력무관,"본 포지션은 용접사 업무를 담당하며, 현장의 요구사항을 정확히 파악해 안정적인 결과를 만드는 역할입니다.

제조·생산 분야의 실무 기준과 절차에 따라 계획 수립부터 실행, 결과 확인까지 전 과정에 참여합니다.

업무 과정에서 발생하는 이슈를 데이터와 기록에 근거해 분석하고, 유관 부서와 협의하여 개선합니다.

입사 후에는 표준 절차와 내부 시스템 교육을 이수하며, 숙련도에 따라 담당 범위가 확대됩니다.

정확성, 안전, 책임 있는 의사소통을 중시하며 실무 중심의 협업 역량을 기대합니다.","- 도면에 따른 용접 작업
- 용접부 외관검사와 결함 보수
- 생산계획에 따른 공정·설비 운영
- 작업표준 및 안전수칙 준수
- 생산실적과 비가동 원인 기록
- 공정 품질 확인 및 이상 보고
- 자재 투입과 재고 상태 확인
- 설비 일상점검 및 작업장 정리","- 기초적인 생산 기록 작성이 가능한 분
- 협업과 의사소통에 책임감이 있는 분
- 제조 현장 근무가 가능한 분
- 안전수칙과 작업표준을 성실히 준수하는 분
- 교대근무 또는 탄력근무가 가능한 분
- 기초적인 생산 기록 작성이 가능한 분","- 특수용접기능사 보유자
- 용접산업기사 보유자
- 품질개선 활동 참여 경험
- 인근 거주자 또는 차량 소지자
- 동종 제조공정 경험자","- 지원서 또는 제출서류를 허위로 기재한 경우
- 채용검진 결과 직무 수행이 어렵다고 판단되는 경우
- 해외여행 및 근무에 결격사유가 있는 경우
- 관련 법령 또는 내부 인사규정상 채용이 불가능한 경우",서류전형 > 1차면접 > 2차면접 > 채용검진
1409,용접사 직무 채용,130,141,20260808,20260904,14,경력,정규직,울산광역시,전문학사 이상,"본 포지션은 용접사 업무를 담당하며, 현장의 요구사항을 정확히 파악해 안정적인 결과를 만드는 역할입니다.

제조·생산 분야의 실무 기준과 절차에 따라 계획 수립부터 실행, 결과 확인까지 전 과정에 참여합니다.

업무 과정에서 발생하는 이슈를 데이터와 기록에 근거해 분석하고, 유관 부서와 협의하여 개선합니다.

입사 후에는 표준 절차와 내부 시스템 교육을 이수하며, 숙련도에 따라 담당 범위가 확대됩니다.

정확성, 안전, 책임 있는 의사소통을 중시하며 실무 중심의 협업 역량을 기대합니다.","- 도면에 따른 용접 작업
- 용접부 외관검사와 결함 보수
- 공정 품질 확인 및 이상 보고
- 자재 투입과 재고 상태 확인
- 설비 일상점검 및 작업장 정리
- 개선활동과 원가 절감 과제 참여
- 교대조 및 유관 부서 업무 인수인계
- 생산계획에 따른 공정·설비 운영","- 안전수칙과 작업표준을 성실히 준수하는 분
- 교대근무 또는 탄력근무가 가능한 분
- 기초적인 생산 기록 작성이 가능한 분
- 협업과 의사소통에 책임감이 있는 분
- 제조 현장 근무가 가능한 분
- 안전수칙과 작업표준을 성실히 준수하는 분","- 용접산업기사 보유자
- 용접기능사 보유자
- 지게차·용접·전기 등 관련 자격 보유자
- 스마트팩토리 시스템 사용 경험
- 품질개선 활동 참여 경험","- 지원서 또는 제출서류를 허위로 기재한 경우
- 채용검진 결과 직무 수행이 어렵다고 판단되는 경우
- 해외여행 및 근무에 결격사유가 있는 경우
- 관련 법령 또는 내부 인사규정상 채용이 불가능한 경우",서류전형 > 필기전형 > 면접전형 > 최종합격
1410,용접사 부문 모집,106,141,20261013,20261116,18,신입·경력,정규직,세종특별자치시,학력무관,"본 포지션은 용접사 업무를 담당하며, 현장의 요구사항을 정확히 파악해 안정적인 결과를 만드는 역할입니다.

제조·생산 분야의 실무 기준과 절차에 따라 계획 수립부터 실행, 결과 확인까지 전 과정에 참여합니다.

업무 과정에서 발생하는 이슈를 데이터와 기록에 근거해 분석하고, 유관 부서와 협의하여 개선합니다.

입사 후에는 표준 절차와 내부 시스템 교육을 이수하며, 숙련도에 따라 담당 범위가 확대됩니다.

정확성, 안전, 책임 있는 의사소통을 중시하며 실무 중심의 협업 역량을 기대합니다.","- 도면에 따른 용접 작업
- 용접부 외관검사와 결함 보수
- 개선활동과 원가 절감 과제 참여
- 교대조 및 유관 부서 업무 인수인계
- 생산계획에 따른 공정·설비 운영
- 작업표준 및 안전수칙 준수
- 생산실적과 비가동 원인 기록
- 공정 품질 확인 및 이상 보고","- 협업과 의사소통에 책임감이 있는 분
- 제조 현장 근무가 가능한 분
- 안전수칙과 작업표준을 성실히 준수하는 분
- 교대근무 또는 탄력근무가 가능한 분
- 기초적인 생산 기록 작성이 가능한 분
- 협업과 의사소통에 책임감이 있는 분","- 용접기능사 보유자
- 특수용접기능사 보유자
- 인근 거주자 또는 차량 소지자
- 동종 제조공정 경험자
- 지게차·용접·전기 등 관련 자격 보유자","- 지원서 또는 제출서류를 허위로 기재한 경우
- 채용검진 결과 직무 수행이 어렵다고 판단되는 경우
- 해외여행 및 근무에 결격사유가 있는 경우
- 관련 법령 또는 내부 인사규정상 채용이 불가능한 경우",서류전형 > 실무면접 > 최종면접
1411,유치원·보육교사 모집,131,142,20260319,20260502,3,신입,정규직,경상남도,전문학사 이상,"본 포지션은 유치원·보육교사 업무를 담당하며, 현장의 요구사항을 정확히 파악해 안정적인 결과를 만드는 역할입니다.

교육 분야의 실무 기준과 절차에 따라 계획 수립부터 실행, 결과 확인까지 전 과정에 참여합니다.

업무 과정에서 발생하는 이슈를 데이터와 기록에 근거해 분석하고, 유관 부서와 협의하여 개선합니다.

입사 후에는 표준 절차와 내부 시스템 교육을 이수하며, 숙련도에 따라 담당 범위가 확대됩니다.

정확성, 안전, 책임 있는 의사소통을 중시하며 실무 중심의 협업 역량을 기대합니다.","- 놀이 중심 보육과정 운영
- 영유아 발달 관찰일지 작성
- 수업자료와 평가도구 개발
- 학습 결과 분석 및 피드백 제공
- 학습자·보호자 상담과 기록 관리
- 교육과정 개선 회의 참여
- 출결·성적 등 학사 행정 처리
- 안전하고 포용적인 학습환경 조성","- 유치원 정교사 2급 또는 보육교사 2급 자격를 보유한 분
- 해당 분야 전공 또는 교육 역량을 갖춘 분
- 학습자 중심으로 명확하게 설명할 수 있는 분
- 수업계획서와 교육자료 작성이 가능한 분
- 개인정보와 교육윤리를 준수할 수 있는 분
- 협업과 상담 커뮤니케이션 역량","- 유치원 정교사 2급 보유자
- 보육교사 2급 보유자
- AI·디지털 교육도구 활용 경험
- 교원·보육·평생교육 관련 자격 보유자
- 온라인 수업 및 LMS 운영 경험","- 지원서 또는 제출서류를 허위로 기재한 경우
- 채용검진 결과 직무 수행이 어렵다고 판단되는 경우
- 해외여행 및 근무에 결격사유가 있는 경우
- 관련 법령 또는 내부 인사규정상 채용이 불가능한 경우",서류전형 > 직무과제 > 실무면접 > 처우협의
1412,유치원·보육교사 채용,36,142,20260524,20260608,7,경력,계약직,제주특별자치도,학사 이상,"본 포지션은 유치원·보육교사 업무를 담당하며, 현장의 요구사항을 정확히 파악해 안정적인 결과를 만드는 역할입니다.

교육 분야의 실무 기준과 절차에 따라 계획 수립부터 실행, 결과 확인까지 전 과정에 참여합니다.

업무 과정에서 발생하는 이슈를 데이터와 기록에 근거해 분석하고, 유관 부서와 협의하여 개선합니다.

입사 후에는 표준 절차와 내부 시스템 교육을 이수하며, 숙련도에 따라 담당 범위가 확대됩니다.

정확성, 안전, 책임 있는 의사소통을 중시하며 실무 중심의 협업 역량을 기대합니다.","- 놀이 중심 보육과정 운영
- 영유아 발달 관찰일지 작성
- 교육과정 개선 회의 참여
- 출결·성적 등 학사 행정 처리
- 안전하고 포용적인 학습환경 조성
- 학습자 수준 진단과 교육계획 수립
- 교과·과정별 수업 운영
- 수업자료와 평가도구 개발","- 유치원 정교사 2급 또는 보육교사 2급 자격를 보유한 분
- 개인정보와 교육윤리를 준수할 수 있는 분
- 협업과 상담 커뮤니케이션 역량
- 해당 분야 전공 또는 교육 역량을 갖춘 분
- 학습자 중심으로 명확하게 설명할 수 있는 분
- 수업계획서와 교육자료 작성이 가능한 분","- 보육교사 2급 보유자
- 유아숲지도사 보유자
- 교육 콘텐츠 기획·제작 경험
- 상담 또는 학습코칭 경험
- AI·디지털 교육도구 활용 경험","- 지원서 또는 제출서류를 허위로 기재한 경우
- 채용검진 결과 직무 수행이 어렵다고 판단되는 경우
- 해외여행 및 근무에 결격사유가 있는 경우
- 관련 법령 또는 내부 인사규정상 채용이 불가능한 경우",서류전형 > 1차면접 > 2차면접 > 채용검진
1413,유치원·보육교사 담당자 모집,49,142,20260705,20260727,11,신입·경력,기간제,서울특별시,학사 이상,"본 포지션은 유치원·보육교사 업무를 담당하며, 현장의 요구사항을 정확히 파악해 안정적인 결과를 만드는 역할입니다.

교육 분야의 실무 기준과 절차에 따라 계획 수립부터 실행, 결과 확인까지 전 과정에 참여합니다.

업무 과정에서 발생하는 이슈를 데이터와 기록에 근거해 분석하고, 유관 부서와 협의하여 개선합니다.

입사 후에는 표준 절차와 내부 시스템 교육을 이수하며, 숙련도에 따라 담당 범위가 확대됩니다.

정확성, 안전, 책임 있는 의사소통을 중시하며 실무 중심의 협업 역량을 기대합니다.","- 놀이 중심 보육과정 운영
- 영유아 발달 관찰일지 작성
- 학습자 수준 진단과 교육계획 수립
- 교과·과정별 수업 운영
- 수업자료와 평가도구 개발
- 학습 결과 분석 및 피드백 제공
- 학습자·보호자 상담과 기록 관리
- 교육과정 개선 회의 참여","- 유치원 정교사 2급 또는 보육교사 2급 자격를 보유한 분
- 학습자 중심으로 명확하게 설명할 수 있는 분
- 수업계획서와 교육자료 작성이 가능한 분
- 개인정보와 교육윤리를 준수할 수 있는 분
- 협업과 상담 커뮤니케이션 역량
- 해당 분야 전공 또는 교육 역량을 갖춘 분","- 유아숲지도사 보유자
- 유치원 정교사 2급 보유자
- 교원·보육·평생교육 관련 자격 보유자
- 온라인 수업 및 LMS 운영 경험
- 교육 콘텐츠 기획·제작 경험","- 지원서 또는 제출서류를 허위로 기재한 경우
- 채용검진 결과 직무 수행이 어렵다고 판단되는 경우
- 해외여행 및 근무에 결격사유가 있는 경우
- 관련 법령 또는 내부 인사규정상 채용이 불가능한 경우",서류전형 > 필기전형 > 면접전형 > 최종합격
1414,유치원·보육교사 인재 채용,28,142,20260910,20261009,15,경력 2년 이상,무기계약직,부산광역시,전문학사 이상,"본 포지션은 유치원·보육교사 업무를 담당하며, 현장의 요구사항을 정확히 파악해 안정적인 결과를 만드는 역할입니다.

교육 분야의 실무 기준과 절차에 따라 계획 수립부터 실행, 결과 확인까지 전 과정에 참여합니다.

업무 과정에서 발생하는 이슈를 데이터와 기록에 근거해 분석하고, 유관 부서와 협의하여 개선합니다.

입사 후에는 표준 절차와 내부 시스템 교육을 이수하며, 숙련도에 따라 담당 범위가 확대됩니다.

정확성, 안전, 책임 있는 의사소통을 중시하며 실무 중심의 협업 역량을 기대합니다.","- 놀이 중심 보육과정 운영
- 영유아 발달 관찰일지 작성
- 학습 결과 분석 및 피드백 제공
- 학습자·보호자 상담과 기록 관리
- 교육과정 개선 회의 참여
- 출결·성적 등 학사 행정 처리
- 안전하고 포용적인 학습환경 조성
- 학습자 수준 진단과 교육계획 수립","- 유치원 정교사 2급 또는 보육교사 2급 자격를 보유한 분
- 협업과 상담 커뮤니케이션 역량
- 해당 분야 전공 또는 교육 역량을 갖춘 분
- 학습자 중심으로 명확하게 설명할 수 있는 분
- 수업계획서와 교육자료 작성이 가능한 분
- 개인정보와 교육윤리를 준수할 수 있는 분","- 유치원 정교사 2급 보유자
- 보육교사 2급 보유자
- 상담 또는 학습코칭 경험
- AI·디지털 교육도구 활용 경험
- 교원·보육·평생교육 관련 자격 보유자","- 지원서 또는 제출서류를 허위로 기재한 경우
- 채용검진 결과 직무 수행이 어렵다고 판단되는 경우
- 해외여행 및 근무에 결격사유가 있는 경우
- 관련 법령 또는 내부 인사규정상 채용이 불가능한 경우",서류전형 > 실무면접 > 최종면접
1415,유치원·보육교사 실무자 모집,11,142,20260115,20260220,19,경력 3년 이상,정규직,인천광역시,학사 이상,"본 포지션은 유치원·보육교사 업무를 담당하며, 현장의 요구사항을 정확히 파악해 안정적인 결과를 만드는 역할입니다.

교육 분야의 실무 기준과 절차에 따라 계획 수립부터 실행, 결과 확인까지 전 과정에 참여합니다.

업무 과정에서 발생하는 이슈를 데이터와 기록에 근거해 분석하고, 유관 부서와 협의하여 개선합니다.

입사 후에는 표준 절차와 내부 시스템 교육을 이수하며, 숙련도에 따라 담당 범위가 확대됩니다.

정확성, 안전, 책임 있는 의사소통을 중시하며 실무 중심의 협업 역량을 기대합니다.","- 놀이 중심 보육과정 운영
- 영유아 발달 관찰일지 작성
- 출결·성적 등 학사 행정 처리
- 안전하고 포용적인 학습환경 조성
- 학습자 수준 진단과 교육계획 수립
- 교과·과정별 수업 운영
- 수업자료와 평가도구 개발
- 학습 결과 분석 및 피드백 제공","- 유치원 정교사 2급 또는 보육교사 2급 자격를 보유한 분
- 수업계획서와 교육자료 작성이 가능한 분
- 개인정보와 교육윤리를 준수할 수 있는 분
- 협업과 상담 커뮤니케이션 역량
- 해당 분야 전공 또는 교육 역량을 갖춘 분
- 학습자 중심으로 명확하게 설명할 수 있는 분","- 보육교사 2급 보유자
- 유아숲지도사 보유자
- 온라인 수업 및 LMS 운영 경험
- 교육 콘텐츠 기획·제작 경험
- 상담 또는 학습코칭 경험","- 지원서 또는 제출서류를 허위로 기재한 경우
- 채용검진 결과 직무 수행이 어렵다고 판단되는 경우
- 해외여행 및 근무에 결격사유가 있는 경우
- 관련 법령 또는 내부 인사규정상 채용이 불가능한 경우",서류전형 > 인성검사 > 실무면접 > 최종면접
1416,유치원·보육교사 전문인력 채용,33,142,20260320,20260502,3,경력 무관,계약직,대전광역시,학사 이상,"본 포지션은 유치원·보육교사 업무를 담당하며, 현장의 요구사항을 정확히 파악해 안정적인 결과를 만드는 역할입니다.

교육 분야의 실무 기준과 절차에 따라 계획 수립부터 실행, 결과 확인까지 전 과정에 참여합니다.

업무 과정에서 발생하는 이슈를 데이터와 기록에 근거해 분석하고, 유관 부서와 협의하여 개선합니다.

입사 후에는 표준 절차와 내부 시스템 교육을 이수하며, 숙련도에 따라 담당 범위가 확대됩니다.

정확성, 안전, 책임 있는 의사소통을 중시하며 실무 중심의 협업 역량을 기대합니다.","- 놀이 중심 보육과정 운영
- 영유아 발달 관찰일지 작성
- 교과·과정별 수업 운영
- 수업자료와 평가도구 개발
- 학습 결과 분석 및 피드백 제공
- 학습자·보호자 상담과 기록 관리
- 교육과정 개선 회의 참여
- 출결·성적 등 학사 행정 처리","- 유치원 정교사 2급 또는 보육교사 2급 자격를 보유한 분
- 해당 분야 전공 또는 교육 역량을 갖춘 분
- 학습자 중심으로 명확하게 설명할 수 있는 분
- 수업계획서와 교육자료 작성이 가능한 분
- 개인정보와 교육윤리를 준수할 수 있는 분
- 협업과 상담 커뮤니케이션 역량","- 유아숲지도사 보유자
- 유치원 정교사 2급 보유자
- AI·디지털 교육도구 활용 경험
- 교원·보육·평생교육 관련 자격 보유자
- 온라인 수업 및 LMS 운영 경험","- 지원서 또는 제출서류를 허위로 기재한 경우
- 채용검진 결과 직무 수행이 어렵다고 판단되는 경우
- 해외여행 및 근무에 결격사유가 있는 경우
- 관련 법령 또는 내부 인사규정상 채용이 불가능한 경우",서류전형 > 직무과제 > 실무면접 > 처우협의
1417,유치원·보육교사 운영인력 모집,81,142,20260501,20260515,7,경력 5년 이상,기간제,광주광역시,전문학사 이상,"본 포지션은 유치원·보육교사 업무를 담당하며, 현장의 요구사항을 정확히 파악해 안정적인 결과를 만드는 역할입니다.

교육 분야의 실무 기준과 절차에 따라 계획 수립부터 실행, 결과 확인까지 전 과정에 참여합니다.

업무 과정에서 발생하는 이슈를 데이터와 기록에 근거해 분석하고, 유관 부서와 협의하여 개선합니다.

입사 후에는 표준 절차와 내부 시스템 교육을 이수하며, 숙련도에 따라 담당 범위가 확대됩니다.

정확성, 안전, 책임 있는 의사소통을 중시하며 실무 중심의 협업 역량을 기대합니다.","- 놀이 중심 보육과정 운영
- 영유아 발달 관찰일지 작성
- 학습자·보호자 상담과 기록 관리
- 교육과정 개선 회의 참여
- 출결·성적 등 학사 행정 처리
- 안전하고 포용적인 학습환경 조성
- 학습자 수준 진단과 교육계획 수립
- 교과·과정별 수업 운영","- 유치원 정교사 2급 또는 보육교사 2급 자격를 보유한 분
- 개인정보와 교육윤리를 준수할 수 있는 분
- 협업과 상담 커뮤니케이션 역량
- 해당 분야 전공 또는 교육 역량을 갖춘 분
- 학습자 중심으로 명확하게 설명할 수 있는 분
- 수업계획서와 교육자료 작성이 가능한 분","- 유치원 정교사 2급 보유자
- 보육교사 2급 보유자
- 교육 콘텐츠 기획·제작 경험
- 상담 또는 학습코칭 경험
- AI·디지털 교육도구 활용 경험","- 지원서 또는 제출서류를 허위로 기재한 경우
- 채용검진 결과 직무 수행이 어렵다고 판단되는 경우
- 해외여행 및 근무에 결격사유가 있는 경우
- 관련 법령 또는 내부 인사규정상 채용이 불가능한 경우",서류전형 > 1차면접 > 2차면접 > 채용검진
1418,유치원·보육교사 프로젝트 인력 채용,16,142,20260706,20260727,11,신입,무기계약직,울산광역시,학사 이상,"본 포지션은 유치원·보육교사 업무를 담당하며, 현장의 요구사항을 정확히 파악해 안정적인 결과를 만드는 역할입니다.

교육 분야의 실무 기준과 절차에 따라 계획 수립부터 실행, 결과 확인까지 전 과정에 참여합니다.

업무 과정에서 발생하는 이슈를 데이터와 기록에 근거해 분석하고, 유관 부서와 협의하여 개선합니다.

입사 후에는 표준 절차와 내부 시스템 교육을 이수하며, 숙련도에 따라 담당 범위가 확대됩니다.

정확성, 안전, 책임 있는 의사소통을 중시하며 실무 중심의 협업 역량을 기대합니다.","- 놀이 중심 보육과정 운영
- 영유아 발달 관찰일지 작성
- 안전하고 포용적인 학습환경 조성
- 학습자 수준 진단과 교육계획 수립
- 교과·과정별 수업 운영
- 수업자료와 평가도구 개발
- 학습 결과 분석 및 피드백 제공
- 학습자·보호자 상담과 기록 관리","- 유치원 정교사 2급 또는 보육교사 2급 자격를 보유한 분
- 학습자 중심으로 명확하게 설명할 수 있는 분
- 수업계획서와 교육자료 작성이 가능한 분
- 개인정보와 교육윤리를 준수할 수 있는 분
- 협업과 상담 커뮤니케이션 역량
- 해당 분야 전공 또는 교육 역량을 갖춘 분","- 보육교사 2급 보유자
- 유아숲지도사 보유자
- 교원·보육·평생교육 관련 자격 보유자
- 온라인 수업 및 LMS 운영 경험
- 교육 콘텐츠 기획·제작 경험","- 지원서 또는 제출서류를 허위로 기재한 경우
- 채용검진 결과 직무 수행이 어렵다고 판단되는 경우
- 해외여행 및 근무에 결격사유가 있는 경우
- 관련 법령 또는 내부 인사규정상 채용이 불가능한 경우",서류전형 > 필기전형 > 면접전형 > 최종합격
1419,유치원·보육교사 직무 채용,108,142,20260911,20261009,15,경력,정규직,세종특별자치시,학사 이상,"본 포지션은 유치원·보육교사 업무를 담당하며, 현장의 요구사항을 정확히 파악해 안정적인 결과를 만드는 역할입니다.

교육 분야의 실무 기준과 절차에 따라 계획 수립부터 실행, 결과 확인까지 전 과정에 참여합니다.

업무 과정에서 발생하는 이슈를 데이터와 기록에 근거해 분석하고, 유관 부서와 협의하여 개선합니다.

입사 후에는 표준 절차와 내부 시스템 교육을 이수하며, 숙련도에 따라 담당 범위가 확대됩니다.

정확성, 안전, 책임 있는 의사소통을 중시하며 실무 중심의 협업 역량을 기대합니다.","- 놀이 중심 보육과정 운영
- 영유아 발달 관찰일지 작성
- 수업자료와 평가도구 개발
- 학습 결과 분석 및 피드백 제공
- 학습자·보호자 상담과 기록 관리
- 교육과정 개선 회의 참여
- 출결·성적 등 학사 행정 처리
- 안전하고 포용적인 학습환경 조성","- 유치원 정교사 2급 또는 보육교사 2급 자격를 보유한 분
- 협업과 상담 커뮤니케이션 역량
- 해당 분야 전공 또는 교육 역량을 갖춘 분
- 학습자 중심으로 명확하게 설명할 수 있는 분
- 수업계획서와 교육자료 작성이 가능한 분
- 개인정보와 교육윤리를 준수할 수 있는 분","- 유아숲지도사 보유자
- 유치원 정교사 2급 보유자
- 상담 또는 학습코칭 경험
- AI·디지털 교육도구 활용 경험
- 교원·보육·평생교육 관련 자격 보유자","- 지원서 또는 제출서류를 허위로 기재한 경우
- 채용검진 결과 직무 수행이 어렵다고 판단되는 경우
- 해외여행 및 근무에 결격사유가 있는 경우
- 관련 법령 또는 내부 인사규정상 채용이 불가능한 경우",서류전형 > 실무면접 > 최종면접
1420,유치원·보육교사 부문 모집,62,142,20260116,20260220,19,신입·경력,계약직,경기도,전문학사 이상,"본 포지션은 유치원·보육교사 업무를 담당하며, 현장의 요구사항을 정확히 파악해 안정적인 결과를 만드는 역할입니다.

교육 분야의 실무 기준과 절차에 따라 계획 수립부터 실행, 결과 확인까지 전 과정에 참여합니다.

업무 과정에서 발생하는 이슈를 데이터와 기록에 근거해 분석하고, 유관 부서와 협의하여 개선합니다.

입사 후에는 표준 절차와 내부 시스템 교육을 이수하며, 숙련도에 따라 담당 범위가 확대됩니다.

정확성, 안전, 책임 있는 의사소통을 중시하며 실무 중심의 협업 역량을 기대합니다.","- 놀이 중심 보육과정 운영
- 영유아 발달 관찰일지 작성
- 교육과정 개선 회의 참여
- 출결·성적 등 학사 행정 처리
- 안전하고 포용적인 학습환경 조성
- 학습자 수준 진단과 교육계획 수립
- 교과·과정별 수업 운영
- 수업자료와 평가도구 개발","- 유치원 정교사 2급 또는 보육교사 2급 자격를 보유한 분
- 수업계획서와 교육자료 작성이 가능한 분
- 개인정보와 교육윤리를 준수할 수 있는 분
- 협업과 상담 커뮤니케이션 역량
- 해당 분야 전공 또는 교육 역량을 갖춘 분
- 학습자 중심으로 명확하게 설명할 수 있는 분","- 유치원 정교사 2급 보유자
- 보육교사 2급 보유자
- 온라인 수업 및 LMS 운영 경험
- 교육 콘텐츠 기획·제작 경험
- 상담 또는 학습코칭 경험","- 지원서 또는 제출서류를 허위로 기재한 경우
- 채용검진 결과 직무 수행이 어렵다고 판단되는 경우
- 해외여행 및 근무에 결격사유가 있는 경우
- 관련 법령 또는 내부 인사규정상 채용이 불가능한 경우",서류전형 > 인성검사 > 실무면접 > 최종면접
1421,학교·특수학교교사 모집,152,143,20260422,20260606,4,신입,정규직,제주특별자치도,전문학사 이상,"본 포지션은 학교·특수학교교사 업무를 담당하며, 현장의 요구사항을 정확히 파악해 안정적인 결과를 만드는 역할입니다.

교육 분야의 실무 기준과 절차에 따라 계획 수립부터 실행, 결과 확인까지 전 과정에 참여합니다.

업무 과정에서 발생하는 이슈를 데이터와 기록에 근거해 분석하고, 유관 부서와 협의하여 개선합니다.

입사 후에는 표준 절차와 내부 시스템 교육을 이수하며, 숙련도에 따라 담당 범위가 확대됩니다.

정확성, 안전, 책임 있는 의사소통을 중시하며 실무 중심의 협업 역량을 기대합니다.","- 개별화교육계획 수립
- 학생 생활지도와 보호자 상담
- 교과·과정별 수업 운영
- 수업자료와 평가도구 개발
- 학습 결과 분석 및 피드백 제공
- 학습자·보호자 상담과 기록 관리
- 교육과정 개선 회의 참여
- 출결·성적 등 학사 행정 처리","- 해당 표시과목의 정교사 또는 특수학교 정교사 자격를 보유한 분
- 수업계획서와 교육자료 작성이 가능한 분
- 개인정보와 교육윤리를 준수할 수 있는 분
- 협업과 상담 커뮤니케이션 역량
- 해당 분야 전공 또는 교육 역량을 갖춘 분
- 학습자 중심으로 명확하게 설명할 수 있는 분","- 중등학교 정교사 2급 보유자
- 특수학교 정교사 2급 보유자
- 온라인 수업 및 LMS 운영 경험
- 교육 콘텐츠 기획·제작 경험
- 상담 또는 학습코칭 경험","- 지원서 또는 제출서류를 허위로 기재한 경우
- 채용검진 결과 직무 수행이 어렵다고 판단되는 경우
- 해외여행 및 근무에 결격사유가 있는 경우
- 관련 법령 또는 내부 인사규정상 채용이 불가능한 경우",서류전형 > 1차면접 > 2차면접 > 채용검진
1422,학교·특수학교교사 채용,131,143,20260603,20260619,8,경력,계약직,서울특별시,학사 이상,"본 포지션은 학교·특수학교교사 업무를 담당하며, 현장의 요구사항을 정확히 파악해 안정적인 결과를 만드는 역할입니다.

교육 분야의 실무 기준과 절차에 따라 계획 수립부터 실행, 결과 확인까지 전 과정에 참여합니다.

업무 과정에서 발생하는 이슈를 데이터와 기록에 근거해 분석하고, 유관 부서와 협의하여 개선합니다.

입사 후에는 표준 절차와 내부 시스템 교육을 이수하며, 숙련도에 따라 담당 범위가 확대됩니다.

정확성, 안전, 책임 있는 의사소통을 중시하며 실무 중심의 협업 역량을 기대합니다.","- 개별화교육계획 수립
- 학생 생활지도와 보호자 상담
- 학습자·보호자 상담과 기록 관리
- 교육과정 개선 회의 참여
- 출결·성적 등 학사 행정 처리
- 안전하고 포용적인 학습환경 조성
- 학습자 수준 진단과 교육계획 수립
- 교과·과정별 수업 운영","- 해당 표시과목의 정교사 또는 특수학교 정교사 자격를 보유한 분
- 해당 분야 전공 또는 교육 역량을 갖춘 분
- 학습자 중심으로 명확하게 설명할 수 있는 분
- 수업계획서와 교육자료 작성이 가능한 분
- 개인정보와 교육윤리를 준수할 수 있는 분
- 협업과 상담 커뮤니케이션 역량","- 특수학교 정교사 2급 보유자
- 전문상담교사 2급 보유자
- AI·디지털 교육도구 활용 경험
- 교원·보육·평생교육 관련 자격 보유자
- 온라인 수업 및 LMS 운영 경험","- 지원서 또는 제출서류를 허위로 기재한 경우
- 채용검진 결과 직무 수행이 어렵다고 판단되는 경우
- 해외여행 및 근무에 결격사유가 있는 경우
- 관련 법령 또는 내부 인사규정상 채용이 불가능한 경우",서류전형 > 필기전형 > 면접전형 > 최종합격
1423,학교·특수학교교사 담당자 모집,151,143,20260808,20260831,12,신입·경력,기간제,부산광역시,학사 이상,"본 포지션은 학교·특수학교교사 업무를 담당하며, 현장의 요구사항을 정확히 파악해 안정적인 결과를 만드는 역할입니다.

교육 분야의 실무 기준과 절차에 따라 계획 수립부터 실행, 결과 확인까지 전 과정에 참여합니다.

업무 과정에서 발생하는 이슈를 데이터와 기록에 근거해 분석하고, 유관 부서와 협의하여 개선합니다.

입사 후에는 표준 절차와 내부 시스템 교육을 이수하며, 숙련도에 따라 담당 범위가 확대됩니다.

정확성, 안전, 책임 있는 의사소통을 중시하며 실무 중심의 협업 역량을 기대합니다.","- 개별화교육계획 수립
- 학생 생활지도와 보호자 상담
- 안전하고 포용적인 학습환경 조성
- 학습자 수준 진단과 교육계획 수립
- 교과·과정별 수업 운영
- 수업자료와 평가도구 개발
- 학습 결과 분석 및 피드백 제공
- 학습자·보호자 상담과 기록 관리","- 해당 표시과목의 정교사 또는 특수학교 정교사 자격를 보유한 분
- 개인정보와 교육윤리를 준수할 수 있는 분
- 협업과 상담 커뮤니케이션 역량
- 해당 분야 전공 또는 교육 역량을 갖춘 분
- 학습자 중심으로 명확하게 설명할 수 있는 분
- 수업계획서와 교육자료 작성이 가능한 분","- 전문상담교사 2급 보유자
- 중등학교 정교사 2급 보유자
- 교육 콘텐츠 기획·제작 경험
- 상담 또는 학습코칭 경험
- AI·디지털 교육도구 활용 경험","- 지원서 또는 제출서류를 허위로 기재한 경우
- 채용검진 결과 직무 수행이 어렵다고 판단되는 경우
- 해외여행 및 근무에 결격사유가 있는 경우
- 관련 법령 또는 내부 인사규정상 채용이 불가능한 경우",서류전형 > 실무면접 > 최종면접
1424,학교·특수학교교사 인재 채용,130,143,20261013,20261112,16,경력 2년 이상,무기계약직,인천광역시,전문학사 이상,"본 포지션은 학교·특수학교교사 업무를 담당하며, 현장의 요구사항을 정확히 파악해 안정적인 결과를 만드는 역할입니다.

교육 분야의 실무 기준과 절차에 따라 계획 수립부터 실행, 결과 확인까지 전 과정에 참여합니다.

업무 과정에서 발생하는 이슈를 데이터와 기록에 근거해 분석하고, 유관 부서와 협의하여 개선합니다.

입사 후에는 표준 절차와 내부 시스템 교육을 이수하며, 숙련도에 따라 담당 범위가 확대됩니다.

정확성, 안전, 책임 있는 의사소통을 중시하며 실무 중심의 협업 역량을 기대합니다.","- 개별화교육계획 수립
- 학생 생활지도와 보호자 상담
- 수업자료와 평가도구 개발
- 학습 결과 분석 및 피드백 제공
- 학습자·보호자 상담과 기록 관리
- 교육과정 개선 회의 참여
- 출결·성적 등 학사 행정 처리
- 안전하고 포용적인 학습환경 조성","- 해당 표시과목의 정교사 또는 특수학교 정교사 자격를 보유한 분
- 학습자 중심으로 명확하게 설명할 수 있는 분
- 수업계획서와 교육자료 작성이 가능한 분
- 개인정보와 교육윤리를 준수할 수 있는 분
- 협업과 상담 커뮤니케이션 역량
- 해당 분야 전공 또는 교육 역량을 갖춘 분","- 중등학교 정교사 2급 보유자
- 특수학교 정교사 2급 보유자
- 교원·보육·평생교육 관련 자격 보유자
- 온라인 수업 및 LMS 운영 경험
- 교육 콘텐츠 기획·제작 경험","- 지원서 또는 제출서류를 허위로 기재한 경우
- 채용검진 결과 직무 수행이 어렵다고 판단되는 경우
- 해외여행 및 근무에 결격사유가 있는 경우
- 관련 법령 또는 내부 인사규정상 채용이 불가능한 경우",서류전형 > 인성검사 > 실무면접 > 최종면접
1425,학교·특수학교교사 실무자 모집,110,143,20260218,20260327,20,경력 3년 이상,정규직,대전광역시,학사 이상,"본 포지션은 학교·특수학교교사 업무를 담당하며, 현장의 요구사항을 정확히 파악해 안정적인 결과를 만드는 역할입니다.

교육 분야의 실무 기준과 절차에 따라 계획 수립부터 실행, 결과 확인까지 전 과정에 참여합니다.

업무 과정에서 발생하는 이슈를 데이터와 기록에 근거해 분석하고, 유관 부서와 협의하여 개선합니다.

입사 후에는 표준 절차와 내부 시스템 교육을 이수하며, 숙련도에 따라 담당 범위가 확대됩니다.

정확성, 안전, 책임 있는 의사소통을 중시하며 실무 중심의 협업 역량을 기대합니다.","- 개별화교육계획 수립
- 학생 생활지도와 보호자 상담
- 교육과정 개선 회의 참여
- 출결·성적 등 학사 행정 처리
- 안전하고 포용적인 학습환경 조성
- 학습자 수준 진단과 교육계획 수립
- 교과·과정별 수업 운영
- 수업자료와 평가도구 개발","- 해당 표시과목의 정교사 또는 특수학교 정교사 자격를 보유한 분
- 협업과 상담 커뮤니케이션 역량
- 해당 분야 전공 또는 교육 역량을 갖춘 분
- 학습자 중심으로 명확하게 설명할 수 있는 분
- 수업계획서와 교육자료 작성이 가능한 분
- 개인정보와 교육윤리를 준수할 수 있는 분","- 특수학교 정교사 2급 보유자
- 전문상담교사 2급 보유자
- 상담 또는 학습코칭 경험
- AI·디지털 교육도구 활용 경험
- 교원·보육·평생교육 관련 자격 보유자","- 지원서 또는 제출서류를 허위로 기재한 경우
- 채용검진 결과 직무 수행이 어렵다고 판단되는 경우
- 해외여행 및 근무에 결격사유가 있는 경우
- 관련 법령 또는 내부 인사규정상 채용이 불가능한 경우",서류전형 > 직무과제 > 실무면접 > 처우협의
1426,학교·특수학교교사 전문인력 채용,44,143,20260423,20260606,4,경력 무관,계약직,광주광역시,학사 이상,"본 포지션은 학교·특수학교교사 업무를 담당하며, 현장의 요구사항을 정확히 파악해 안정적인 결과를 만드는 역할입니다.

교육 분야의 실무 기준과 절차에 따라 계획 수립부터 실행, 결과 확인까지 전 과정에 참여합니다.

업무 과정에서 발생하는 이슈를 데이터와 기록에 근거해 분석하고, 유관 부서와 협의하여 개선합니다.

입사 후에는 표준 절차와 내부 시스템 교육을 이수하며, 숙련도에 따라 담당 범위가 확대됩니다.

정확성, 안전, 책임 있는 의사소통을 중시하며 실무 중심의 협업 역량을 기대합니다.","- 개별화교육계획 수립
- 학생 생활지도와 보호자 상담
- 학습자 수준 진단과 교육계획 수립
- 교과·과정별 수업 운영
- 수업자료와 평가도구 개발
- 학습 결과 분석 및 피드백 제공
- 학습자·보호자 상담과 기록 관리
- 교육과정 개선 회의 참여","- 해당 표시과목의 정교사 또는 특수학교 정교사 자격를 보유한 분
- 수업계획서와 교육자료 작성이 가능한 분
- 개인정보와 교육윤리를 준수할 수 있는 분
- 협업과 상담 커뮤니케이션 역량
- 해당 분야 전공 또는 교육 역량을 갖춘 분
- 학습자 중심으로 명확하게 설명할 수 있는 분","- 전문상담교사 2급 보유자
- 중등학교 정교사 2급 보유자
- 온라인 수업 및 LMS 운영 경험
- 교육 콘텐츠 기획·제작 경험
- 상담 또는 학습코칭 경험","- 지원서 또는 제출서류를 허위로 기재한 경우
- 채용검진 결과 직무 수행이 어렵다고 판단되는 경우
- 해외여행 및 근무에 결격사유가 있는 경우
- 관련 법령 또는 내부 인사규정상 채용이 불가능한 경우",서류전형 > 1차면접 > 2차면접 > 채용검진
1427,학교·특수학교교사 운영인력 모집,141,143,20260604,20260619,8,경력 5년 이상,기간제,울산광역시,전문학사 이상,"본 포지션은 학교·특수학교교사 업무를 담당하며, 현장의 요구사항을 정확히 파악해 안정적인 결과를 만드는 역할입니다.

교육 분야의 실무 기준과 절차에 따라 계획 수립부터 실행, 결과 확인까지 전 과정에 참여합니다.

업무 과정에서 발생하는 이슈를 데이터와 기록에 근거해 분석하고, 유관 부서와 협의하여 개선합니다.

입사 후에는 표준 절차와 내부 시스템 교육을 이수하며, 숙련도에 따라 담당 범위가 확대됩니다.

정확성, 안전, 책임 있는 의사소통을 중시하며 실무 중심의 협업 역량을 기대합니다.","- 개별화교육계획 수립
- 학생 생활지도와 보호자 상담
- 학습 결과 분석 및 피드백 제공
- 학습자·보호자 상담과 기록 관리
- 교육과정 개선 회의 참여
- 출결·성적 등 학사 행정 처리
- 안전하고 포용적인 학습환경 조성
- 학습자 수준 진단과 교육계획 수립","- 해당 표시과목의 정교사 또는 특수학교 정교사 자격를 보유한 분
- 해당 분야 전공 또는 교육 역량을 갖춘 분
- 학습자 중심으로 명확하게 설명할 수 있는 분
- 수업계획서와 교육자료 작성이 가능한 분
- 개인정보와 교육윤리를 준수할 수 있는 분
- 협업과 상담 커뮤니케이션 역량","- 중등학교 정교사 2급 보유자
- 특수학교 정교사 2급 보유자
- AI·디지털 교육도구 활용 경험
- 교원·보육·평생교육 관련 자격 보유자
- 온라인 수업 및 LMS 운영 경험","- 지원서 또는 제출서류를 허위로 기재한 경우
- 채용검진 결과 직무 수행이 어렵다고 판단되는 경우
- 해외여행 및 근무에 결격사유가 있는 경우
- 관련 법령 또는 내부 인사규정상 채용이 불가능한 경우",서류전형 > 필기전형 > 면접전형 > 최종합격
1428,학교·특수학교교사 프로젝트 인력 채용,2,143,20260809,20260831,12,신입,무기계약직,세종특별자치시,학사 이상,"본 포지션은 학교·특수학교교사 업무를 담당하며, 현장의 요구사항을 정확히 파악해 안정적인 결과를 만드는 역할입니다.

교육 분야의 실무 기준과 절차에 따라 계획 수립부터 실행, 결과 확인까지 전 과정에 참여합니다.

업무 과정에서 발생하는 이슈를 데이터와 기록에 근거해 분석하고, 유관 부서와 협의하여 개선합니다.

입사 후에는 표준 절차와 내부 시스템 교육을 이수하며, 숙련도에 따라 담당 범위가 확대됩니다.

정확성, 안전, 책임 있는 의사소통을 중시하며 실무 중심의 협업 역량을 기대합니다.","- 개별화교육계획 수립
- 학생 생활지도와 보호자 상담
- 출결·성적 등 학사 행정 처리
- 안전하고 포용적인 학습환경 조성
- 학습자 수준 진단과 교육계획 수립
- 교과·과정별 수업 운영
- 수업자료와 평가도구 개발
- 학습 결과 분석 및 피드백 제공","- 해당 표시과목의 정교사 또는 특수학교 정교사 자격를 보유한 분
- 개인정보와 교육윤리를 준수할 수 있는 분
- 협업과 상담 커뮤니케이션 역량
- 해당 분야 전공 또는 교육 역량을 갖춘 분
- 학습자 중심으로 명확하게 설명할 수 있는 분
- 수업계획서와 교육자료 작성이 가능한 분","- 특수학교 정교사 2급 보유자
- 전문상담교사 2급 보유자
- 교육 콘텐츠 기획·제작 경험
- 상담 또는 학습코칭 경험
- AI·디지털 교육도구 활용 경험","- 지원서 또는 제출서류를 허위로 기재한 경우
- 채용검진 결과 직무 수행이 어렵다고 판단되는 경우
- 해외여행 및 근무에 결격사유가 있는 경우
- 관련 법령 또는 내부 인사규정상 채용이 불가능한 경우",서류전형 > 실무면접 > 최종면접
1429,학교·특수학교교사 직무 채용,3,143,20261014,20261112,16,경력,정규직,경기도,학사 이상,"본 포지션은 학교·특수학교교사 업무를 담당하며, 현장의 요구사항을 정확히 파악해 안정적인 결과를 만드는 역할입니다.

교육 분야의 실무 기준과 절차에 따라 계획 수립부터 실행, 결과 확인까지 전 과정에 참여합니다.

업무 과정에서 발생하는 이슈를 데이터와 기록에 근거해 분석하고, 유관 부서와 협의하여 개선합니다.

입사 후에는 표준 절차와 내부 시스템 교육을 이수하며, 숙련도에 따라 담당 범위가 확대됩니다.

정확성, 안전, 책임 있는 의사소통을 중시하며 실무 중심의 협업 역량을 기대합니다.","- 개별화교육계획 수립
- 학생 생활지도와 보호자 상담
- 교과·과정별 수업 운영
- 수업자료와 평가도구 개발
- 학습 결과 분석 및 피드백 제공
- 학습자·보호자 상담과 기록 관리
- 교육과정 개선 회의 참여
- 출결·성적 등 학사 행정 처리","- 해당 표시과목의 정교사 또는 특수학교 정교사 자격를 보유한 분
- 학습자 중심으로 명확하게 설명할 수 있는 분
- 수업계획서와 교육자료 작성이 가능한 분
- 개인정보와 교육윤리를 준수할 수 있는 분
- 협업과 상담 커뮤니케이션 역량
- 해당 분야 전공 또는 교육 역량을 갖춘 분","- 전문상담교사 2급 보유자
- 중등학교 정교사 2급 보유자
- 교원·보육·평생교육 관련 자격 보유자
- 온라인 수업 및 LMS 운영 경험
- 교육 콘텐츠 기획·제작 경험","- 지원서 또는 제출서류를 허위로 기재한 경우
- 채용검진 결과 직무 수행이 어렵다고 판단되는 경우
- 해외여행 및 근무에 결격사유가 있는 경우
- 관련 법령 또는 내부 인사규정상 채용이 불가능한 경우",서류전형 > 인성검사 > 실무면접 > 최종면접
1430,학교·특수학교교사 부문 모집,139,143,20260219,20260327,20,신입·경력,계약직,강원특별자치도,전문학사 이상,"본 포지션은 학교·특수학교교사 업무를 담당하며, 현장의 요구사항을 정확히 파악해 안정적인 결과를 만드는 역할입니다.

교육 분야의 실무 기준과 절차에 따라 계획 수립부터 실행, 결과 확인까지 전 과정에 참여합니다.

업무 과정에서 발생하는 이슈를 데이터와 기록에 근거해 분석하고, 유관 부서와 협의하여 개선합니다.

입사 후에는 표준 절차와 내부 시스템 교육을 이수하며, 숙련도에 따라 담당 범위가 확대됩니다.

정확성, 안전, 책임 있는 의사소통을 중시하며 실무 중심의 협업 역량을 기대합니다.","- 개별화교육계획 수립
- 학생 생활지도와 보호자 상담
- 학습자·보호자 상담과 기록 관리
- 교육과정 개선 회의 참여
- 출결·성적 등 학사 행정 처리
- 안전하고 포용적인 학습환경 조성
- 학습자 수준 진단과 교육계획 수립
- 교과·과정별 수업 운영","- 해당 표시과목의 정교사 또는 특수학교 정교사 자격를 보유한 분
- 협업과 상담 커뮤니케이션 역량
- 해당 분야 전공 또는 교육 역량을 갖춘 분
- 학습자 중심으로 명확하게 설명할 수 있는 분
- 수업계획서와 교육자료 작성이 가능한 분
- 개인정보와 교육윤리를 준수할 수 있는 분","- 중등학교 정교사 2급 보유자
- 특수학교 정교사 2급 보유자
- 상담 또는 학습코칭 경험
- AI·디지털 교육도구 활용 경험
- 교원·보육·평생교육 관련 자격 보유자","- 지원서 또는 제출서류를 허위로 기재한 경우
- 채용검진 결과 직무 수행이 어렵다고 판단되는 경우
- 해외여행 및 근무에 결격사유가 있는 경우
- 관련 법령 또는 내부 인사규정상 채용이 불가능한 경우",서류전형 > 직무과제 > 실무면접 > 처우협의
1431,대학교수·강사 모집,56,144,20260501,20260511,5,신입,정규직,서울특별시,석사 이상,"본 포지션은 대학교수·강사 업무를 담당하며, 현장의 요구사항을 정확히 파악해 안정적인 결과를 만드는 역할입니다.

교육 분야의 실무 기준과 절차에 따라 계획 수립부터 실행, 결과 확인까지 전 과정에 참여합니다.

업무 과정에서 발생하는 이슈를 데이터와 기록에 근거해 분석하고, 유관 부서와 협의하여 개선합니다.

입사 후에는 표준 절차와 내부 시스템 교육을 이수하며, 숙련도에 따라 담당 범위가 확대됩니다.

정확성, 안전, 책임 있는 의사소통을 중시하며 실무 중심의 협업 역량을 기대합니다.","- 대학교수·강사 직무 기준에 따른 실무 수행
- 대학교수·강사 관련 결과물 검토 및 개선
- 학습자 수준 진단과 교육계획 수립
- 교과·과정별 수업 운영
- 수업자료와 평가도구 개발
- 학습 결과 분석 및 피드백 제공
- 학습자·보호자 상담과 기록 관리
- 교육과정 개선 회의 참여","- 개인정보와 교육윤리를 준수할 수 있는 분
- 협업과 상담 커뮤니케이션 역량
- 해당 분야 전공 또는 교육 역량을 갖춘 분
- 학습자 중심으로 명확하게 설명할 수 있는 분
- 수업계획서와 교육자료 작성이 가능한 분
- 개인정보와 교육윤리를 준수할 수 있는 분","- 평생교육사 2급 보유자
- 직업능력개발훈련교사 보유자
- 상담 또는 학습코칭 경험
- AI·디지털 교육도구 활용 경험
- 교원·보육·평생교육 관련 자격 보유자","- 지원서 또는 제출서류를 허위로 기재한 경우
- 채용검진 결과 직무 수행이 어렵다고 판단되는 경우
- 해외여행 및 근무에 결격사유가 있는 경우
- 관련 법령 또는 내부 인사규정상 채용이 불가능한 경우",서류전형 > 필기전형 > 면접전형 > 최종합격
1432,대학교수·강사 채용,140,144,20260706,20260723,9,경력,계약직,부산광역시,학사 이상,"본 포지션은 대학교수·강사 업무를 담당하며, 현장의 요구사항을 정확히 파악해 안정적인 결과를 만드는 역할입니다.

교육 분야의 실무 기준과 절차에 따라 계획 수립부터 실행, 결과 확인까지 전 과정에 참여합니다.

업무 과정에서 발생하는 이슈를 데이터와 기록에 근거해 분석하고, 유관 부서와 협의하여 개선합니다.

입사 후에는 표준 절차와 내부 시스템 교육을 이수하며, 숙련도에 따라 담당 범위가 확대됩니다.

정확성, 안전, 책임 있는 의사소통을 중시하며 실무 중심의 협업 역량을 기대합니다.","- 대학교수·강사 직무 기준에 따른 실무 수행
- 대학교수·강사 관련 결과물 검토 및 개선
- 학습 결과 분석 및 피드백 제공
- 학습자·보호자 상담과 기록 관리
- 교육과정 개선 회의 참여
- 출결·성적 등 학사 행정 처리
- 안전하고 포용적인 학습환경 조성
- 학습자 수준 진단과 교육계획 수립","- 학습자 중심으로 명확하게 설명할 수 있는 분
- 수업계획서와 교육자료 작성이 가능한 분
- 개인정보와 교육윤리를 준수할 수 있는 분
- 협업과 상담 커뮤니케이션 역량
- 해당 분야 전공 또는 교육 역량을 갖춘 분
- 학습자 중심으로 명확하게 설명할 수 있는 분","- 직업능력개발훈련교사 보유자
- 중등학교 정교사 2급 보유자
- 온라인 수업 및 LMS 운영 경험
- 교육 콘텐츠 기획·제작 경험
- 상담 또는 학습코칭 경험","- 지원서 또는 제출서류를 허위로 기재한 경우
- 채용검진 결과 직무 수행이 어렵다고 판단되는 경우
- 해외여행 및 근무에 결격사유가 있는 경우
- 관련 법령 또는 내부 인사규정상 채용이 불가능한 경우",서류전형 > 실무면접 > 최종면접
1433,대학교수·강사 담당자 모집,100,144,20260911,20261005,13,신입·경력,기간제,인천광역시,학사 이상,"본 포지션은 대학교수·강사 업무를 담당하며, 현장의 요구사항을 정확히 파악해 안정적인 결과를 만드는 역할입니다.

교육 분야의 실무 기준과 절차에 따라 계획 수립부터 실행, 결과 확인까지 전 과정에 참여합니다.

업무 과정에서 발생하는 이슈를 데이터와 기록에 근거해 분석하고, 유관 부서와 협의하여 개선합니다.

입사 후에는 표준 절차와 내부 시스템 교육을 이수하며, 숙련도에 따라 담당 범위가 확대됩니다.

정확성, 안전, 책임 있는 의사소통을 중시하며 실무 중심의 협업 역량을 기대합니다.","- 대학교수·강사 직무 기준에 따른 실무 수행
- 대학교수·강사 관련 결과물 검토 및 개선
- 출결·성적 등 학사 행정 처리
- 안전하고 포용적인 학습환경 조성
- 학습자 수준 진단과 교육계획 수립
- 교과·과정별 수업 운영
- 수업자료와 평가도구 개발
- 학습 결과 분석 및 피드백 제공","- 협업과 상담 커뮤니케이션 역량
- 해당 분야 전공 또는 교육 역량을 갖춘 분
- 학습자 중심으로 명확하게 설명할 수 있는 분
- 수업계획서와 교육자료 작성이 가능한 분
- 개인정보와 교육윤리를 준수할 수 있는 분
- 협업과 상담 커뮤니케이션 역량","- 중등학교 정교사 2급 보유자
- 평생교육사 2급 보유자
- AI·디지털 교육도구 활용 경험
- 교원·보육·평생교육 관련 자격 보유자
- 온라인 수업 및 LMS 운영 경험","- 지원서 또는 제출서류를 허위로 기재한 경우
- 채용검진 결과 직무 수행이 어렵다고 판단되는 경우
- 해외여행 및 근무에 결격사유가 있는 경우
- 관련 법령 또는 내부 인사규정상 채용이 불가능한 경우",서류전형 > 인성검사 > 실무면접 > 최종면접
1434,대학교수·강사 인재 채용,79,144,20260116,20260216,17,경력 2년 이상,무기계약직,대전광역시,석사 이상,"본 포지션은 대학교수·강사 업무를 담당하며, 현장의 요구사항을 정확히 파악해 안정적인 결과를 만드는 역할입니다.

교육 분야의 실무 기준과 절차에 따라 계획 수립부터 실행, 결과 확인까지 전 과정에 참여합니다.

업무 과정에서 발생하는 이슈를 데이터와 기록에 근거해 분석하고, 유관 부서와 협의하여 개선합니다.

입사 후에는 표준 절차와 내부 시스템 교육을 이수하며, 숙련도에 따라 담당 범위가 확대됩니다.

정확성, 안전, 책임 있는 의사소통을 중시하며 실무 중심의 협업 역량을 기대합니다.","- 대학교수·강사 직무 기준에 따른 실무 수행
- 대학교수·강사 관련 결과물 검토 및 개선
- 교과·과정별 수업 운영
- 수업자료와 평가도구 개발
- 학습 결과 분석 및 피드백 제공
- 학습자·보호자 상담과 기록 관리
- 교육과정 개선 회의 참여
- 출결·성적 등 학사 행정 처리","- 수업계획서와 교육자료 작성이 가능한 분
- 개인정보와 교육윤리를 준수할 수 있는 분
- 협업과 상담 커뮤니케이션 역량
- 해당 분야 전공 또는 교육 역량을 갖춘 분
- 학습자 중심으로 명확하게 설명할 수 있는 분
- 수업계획서와 교육자료 작성이 가능한 분","- 평생교육사 2급 보유자
- 직업능력개발훈련교사 보유자
- 교육 콘텐츠 기획·제작 경험
- 상담 또는 학습코칭 경험
- AI·디지털 교육도구 활용 경험","- 지원서 또는 제출서류를 허위로 기재한 경우
- 채용검진 결과 직무 수행이 어렵다고 판단되는 경우
- 해외여행 및 근무에 결격사유가 있는 경우
- 관련 법령 또는 내부 인사규정상 채용이 불가능한 경우",서류전형 > 직무과제 > 실무면접 > 처우협의
1435,대학교수·강사 실무자 모집,115,144,20260321,20260428,1,경력 3년 이상,정규직,광주광역시,학사 이상,"본 포지션은 대학교수·강사 업무를 담당하며, 현장의 요구사항을 정확히 파악해 안정적인 결과를 만드는 역할입니다.

교육 분야의 실무 기준과 절차에 따라 계획 수립부터 실행, 결과 확인까지 전 과정에 참여합니다.

업무 과정에서 발생하는 이슈를 데이터와 기록에 근거해 분석하고, 유관 부서와 협의하여 개선합니다.

입사 후에는 표준 절차와 내부 시스템 교육을 이수하며, 숙련도에 따라 담당 범위가 확대됩니다.

정확성, 안전, 책임 있는 의사소통을 중시하며 실무 중심의 협업 역량을 기대합니다.","- 대학교수·강사 직무 기준에 따른 실무 수행
- 대학교수·강사 관련 결과물 검토 및 개선
- 학습자·보호자 상담과 기록 관리
- 교육과정 개선 회의 참여
- 출결·성적 등 학사 행정 처리
- 안전하고 포용적인 학습환경 조성
- 학습자 수준 진단과 교육계획 수립
- 교과·과정별 수업 운영","- 해당 분야 전공 또는 교육 역량을 갖춘 분
- 학습자 중심으로 명확하게 설명할 수 있는 분
- 수업계획서와 교육자료 작성이 가능한 분
- 개인정보와 교육윤리를 준수할 수 있는 분
- 협업과 상담 커뮤니케이션 역량
- 해당 분야 전공 또는 교육 역량을 갖춘 분","- 직업능력개발훈련교사 보유자
- 중등학교 정교사 2급 보유자
- 교원·보육·평생교육 관련 자격 보유자
- 온라인 수업 및 LMS 운영 경험
- 교육 콘텐츠 기획·제작 경험","- 지원서 또는 제출서류를 허위로 기재한 경우
- 채용검진 결과 직무 수행이 어렵다고 판단되는 경우
- 해외여행 및 근무에 결격사유가 있는 경우
- 관련 법령 또는 내부 인사규정상 채용이 불가능한 경우",서류전형 > 1차면접 > 2차면접 > 채용검진
1436,대학교수·강사 전문인력 채용,25,144,20260502,20260616,5,경력 무관,계약직,울산광역시,학사 이상,"본 포지션은 대학교수·강사 업무를 담당하며, 현장의 요구사항을 정확히 파악해 안정적인 결과를 만드는 역할입니다.

교육 분야의 실무 기준과 절차에 따라 계획 수립부터 실행, 결과 확인까지 전 과정에 참여합니다.

업무 과정에서 발생하는 이슈를 데이터와 기록에 근거해 분석하고, 유관 부서와 협의하여 개선합니다.

입사 후에는 표준 절차와 내부 시스템 교육을 이수하며, 숙련도에 따라 담당 범위가 확대됩니다.

정확성, 안전, 책임 있는 의사소통을 중시하며 실무 중심의 협업 역량을 기대합니다.","- 대학교수·강사 직무 기준에 따른 실무 수행
- 대학교수·강사 관련 결과물 검토 및 개선
- 안전하고 포용적인 학습환경 조성
- 학습자 수준 진단과 교육계획 수립
- 교과·과정별 수업 운영
- 수업자료와 평가도구 개발
- 학습 결과 분석 및 피드백 제공
- 학습자·보호자 상담과 기록 관리","- 개인정보와 교육윤리를 준수할 수 있는 분
- 협업과 상담 커뮤니케이션 역량
- 해당 분야 전공 또는 교육 역량을 갖춘 분
- 학습자 중심으로 명확하게 설명할 수 있는 분
- 수업계획서와 교육자료 작성이 가능한 분
- 개인정보와 교육윤리를 준수할 수 있는 분","- 중등학교 정교사 2급 보유자
- 평생교육사 2급 보유자
- 상담 또는 학습코칭 경험
- AI·디지털 교육도구 활용 경험
- 교원·보육·평생교육 관련 자격 보유자","- 지원서 또는 제출서류를 허위로 기재한 경우
- 채용검진 결과 직무 수행이 어렵다고 판단되는 경우
- 해외여행 및 근무에 결격사유가 있는 경우
- 관련 법령 또는 내부 인사규정상 채용이 불가능한 경우",서류전형 > 필기전형 > 면접전형 > 최종합격
1437,대학교수·강사 운영인력 모집,147,144,20260707,20260723,9,경력 5년 이상,기간제,세종특별자치시,석사 이상,"본 포지션은 대학교수·강사 업무를 담당하며, 현장의 요구사항을 정확히 파악해 안정적인 결과를 만드는 역할입니다.

교육 분야의 실무 기준과 절차에 따라 계획 수립부터 실행, 결과 확인까지 전 과정에 참여합니다.

업무 과정에서 발생하는 이슈를 데이터와 기록에 근거해 분석하고, 유관 부서와 협의하여 개선합니다.

입사 후에는 표준 절차와 내부 시스템 교육을 이수하며, 숙련도에 따라 담당 범위가 확대됩니다.

정확성, 안전, 책임 있는 의사소통을 중시하며 실무 중심의 협업 역량을 기대합니다.","- 대학교수·강사 직무 기준에 따른 실무 수행
- 대학교수·강사 관련 결과물 검토 및 개선
- 수업자료와 평가도구 개발
- 학습 결과 분석 및 피드백 제공
- 학습자·보호자 상담과 기록 관리
- 교육과정 개선 회의 참여
- 출결·성적 등 학사 행정 처리
- 안전하고 포용적인 학습환경 조성","- 학습자 중심으로 명확하게 설명할 수 있는 분
- 수업계획서와 교육자료 작성이 가능한 분
- 개인정보와 교육윤리를 준수할 수 있는 분
- 협업과 상담 커뮤니케이션 역량
- 해당 분야 전공 또는 교육 역량을 갖춘 분
- 학습자 중심으로 명확하게 설명할 수 있는 분","- 평생교육사 2급 보유자
- 직업능력개발훈련교사 보유자
- 온라인 수업 및 LMS 운영 경험
- 교육 콘텐츠 기획·제작 경험
- 상담 또는 학습코칭 경험","- 지원서 또는 제출서류를 허위로 기재한 경우
- 채용검진 결과 직무 수행이 어렵다고 판단되는 경우
- 해외여행 및 근무에 결격사유가 있는 경우
- 관련 법령 또는 내부 인사규정상 채용이 불가능한 경우",서류전형 > 실무면접 > 최종면접
1438,대학교수·강사 프로젝트 인력 채용,39,144,20260912,20261005,13,신입,무기계약직,경기도,학사 이상,"본 포지션은 대학교수·강사 업무를 담당하며, 현장의 요구사항을 정확히 파악해 안정적인 결과를 만드는 역할입니다.

교육 분야의 실무 기준과 절차에 따라 계획 수립부터 실행, 결과 확인까지 전 과정에 참여합니다.

업무 과정에서 발생하는 이슈를 데이터와 기록에 근거해 분석하고, 유관 부서와 협의하여 개선합니다.

입사 후에는 표준 절차와 내부 시스템 교육을 이수하며, 숙련도에 따라 담당 범위가 확대됩니다.

정확성, 안전, 책임 있는 의사소통을 중시하며 실무 중심의 협업 역량을 기대합니다.","- 대학교수·강사 직무 기준에 따른 실무 수행
- 대학교수·강사 관련 결과물 검토 및 개선
- 교육과정 개선 회의 참여
- 출결·성적 등 학사 행정 처리
- 안전하고 포용적인 학습환경 조성
- 학습자 수준 진단과 교육계획 수립
- 교과·과정별 수업 운영
- 수업자료와 평가도구 개발","- 협업과 상담 커뮤니케이션 역량
- 해당 분야 전공 또는 교육 역량을 갖춘 분
- 학습자 중심으로 명확하게 설명할 수 있는 분
- 수업계획서와 교육자료 작성이 가능한 분
- 개인정보와 교육윤리를 준수할 수 있는 분
- 협업과 상담 커뮤니케이션 역량","- 직업능력개발훈련교사 보유자
- 중등학교 정교사 2급 보유자
- AI·디지털 교육도구 활용 경험
- 교원·보육·평생교육 관련 자격 보유자
- 온라인 수업 및 LMS 운영 경험","- 지원서 또는 제출서류를 허위로 기재한 경우
- 채용검진 결과 직무 수행이 어렵다고 판단되는 경우
- 해외여행 및 근무에 결격사유가 있는 경우
- 관련 법령 또는 내부 인사규정상 채용이 불가능한 경우",서류전형 > 인성검사 > 실무면접 > 최종면접
1439,대학교수·강사 직무 채용,32,144,20260117,20260216,17,경력,정규직,강원특별자치도,학사 이상,"본 포지션은 대학교수·강사 업무를 담당하며, 현장의 요구사항을 정확히 파악해 안정적인 결과를 만드는 역할입니다.

교육 분야의 실무 기준과 절차에 따라 계획 수립부터 실행, 결과 확인까지 전 과정에 참여합니다.

업무 과정에서 발생하는 이슈를 데이터와 기록에 근거해 분석하고, 유관 부서와 협의하여 개선합니다.

입사 후에는 표준 절차와 내부 시스템 교육을 이수하며, 숙련도에 따라 담당 범위가 확대됩니다.

정확성, 안전, 책임 있는 의사소통을 중시하며 실무 중심의 협업 역량을 기대합니다.","- 대학교수·강사 직무 기준에 따른 실무 수행
- 대학교수·강사 관련 결과물 검토 및 개선
- 학습자 수준 진단과 교육계획 수립
- 교과·과정별 수업 운영
- 수업자료와 평가도구 개발
- 학습 결과 분석 및 피드백 제공
- 학습자·보호자 상담과 기록 관리
- 교육과정 개선 회의 참여","- 수업계획서와 교육자료 작성이 가능한 분
- 개인정보와 교육윤리를 준수할 수 있는 분
- 협업과 상담 커뮤니케이션 역량
- 해당 분야 전공 또는 교육 역량을 갖춘 분
- 학습자 중심으로 명확하게 설명할 수 있는 분
- 수업계획서와 교육자료 작성이 가능한 분","- 중등학교 정교사 2급 보유자
- 평생교육사 2급 보유자
- 교육 콘텐츠 기획·제작 경험
- 상담 또는 학습코칭 경험
- AI·디지털 교육도구 활용 경험","- 지원서 또는 제출서류를 허위로 기재한 경우
- 채용검진 결과 직무 수행이 어렵다고 판단되는 경우
- 해외여행 및 근무에 결격사유가 있는 경우
- 관련 법령 또는 내부 인사규정상 채용이 불가능한 경우",서류전형 > 직무과제 > 실무면접 > 처우협의
1440,대학교수·강사 부문 모집,154,144,20260322,20260428,1,신입·경력,계약직,충청북도,석사 이상,"본 포지션은 대학교수·강사 업무를 담당하며, 현장의 요구사항을 정확히 파악해 안정적인 결과를 만드는 역할입니다.

교육 분야의 실무 기준과 절차에 따라 계획 수립부터 실행, 결과 확인까지 전 과정에 참여합니다.

업무 과정에서 발생하는 이슈를 데이터와 기록에 근거해 분석하고, 유관 부서와 협의하여 개선합니다.

입사 후에는 표준 절차와 내부 시스템 교육을 이수하며, 숙련도에 따라 담당 범위가 확대됩니다.

정확성, 안전, 책임 있는 의사소통을 중시하며 실무 중심의 협업 역량을 기대합니다.","- 대학교수·강사 직무 기준에 따른 실무 수행
- 대학교수·강사 관련 결과물 검토 및 개선
- 학습 결과 분석 및 피드백 제공
- 학습자·보호자 상담과 기록 관리
- 교육과정 개선 회의 참여
- 출결·성적 등 학사 행정 처리
- 안전하고 포용적인 학습환경 조성
- 학습자 수준 진단과 교육계획 수립","- 해당 분야 전공 또는 교육 역량을 갖춘 분
- 학습자 중심으로 명확하게 설명할 수 있는 분
- 수업계획서와 교육자료 작성이 가능한 분
- 개인정보와 교육윤리를 준수할 수 있는 분
- 협업과 상담 커뮤니케이션 역량
- 해당 분야 전공 또는 교육 역량을 갖춘 분","- 평생교육사 2급 보유자
- 직업능력개발훈련교사 보유자
- 교원·보육·평생교육 관련 자격 보유자
- 온라인 수업 및 LMS 운영 경험
- 교육 콘텐츠 기획·제작 경험","- 지원서 또는 제출서류를 허위로 기재한 경우
- 채용검진 결과 직무 수행이 어렵다고 판단되는 경우
- 해외여행 및 근무에 결격사유가 있는 경우
- 관련 법령 또는 내부 인사규정상 채용이 불가능한 경우",서류전형 > 1차면접 > 2차면접 > 채용검진
1441,학원강사 모집,90,145,20260604,20260615,6,신입,정규직,부산광역시,전문학사 이상,"본 포지션은 학원강사 업무를 담당하며, 현장의 요구사항을 정확히 파악해 안정적인 결과를 만드는 역할입니다.

교육 분야의 실무 기준과 절차에 따라 계획 수립부터 실행, 결과 확인까지 전 과정에 참여합니다.

업무 과정에서 발생하는 이슈를 데이터와 기록에 근거해 분석하고, 유관 부서와 협의하여 개선합니다.

입사 후에는 표준 절차와 내부 시스템 교육을 이수하며, 숙련도에 따라 담당 범위가 확대됩니다.

정확성, 안전, 책임 있는 의사소통을 중시하며 실무 중심의 협업 역량을 기대합니다.","- 학원강사 직무 기준에 따른 실무 수행
- 학원강사 관련 결과물 검토 및 개선
- 안전하고 포용적인 학습환경 조성
- 학습자 수준 진단과 교육계획 수립
- 교과·과정별 수업 운영
- 수업자료와 평가도구 개발
- 학습 결과 분석 및 피드백 제공
- 학습자·보호자 상담과 기록 관리","- 해당 분야 전공 또는 교육 역량을 갖춘 분
- 학습자 중심으로 명확하게 설명할 수 있는 분
- 수업계획서와 교육자료 작성이 가능한 분
- 개인정보와 교육윤리를 준수할 수 있는 분
- 협업과 상담 커뮤니케이션 역량
- 해당 분야 전공 또는 교육 역량을 갖춘 분","- 중등학교 정교사 2급 보유자
- 평생교육사 2급 보유자
- 교원·보육·평생교육 관련 자격 보유자
- 온라인 수업 및 LMS 운영 경험
- 교육 콘텐츠 기획·제작 경험","- 지원서 또는 제출서류를 허위로 기재한 경우
- 채용검진 결과 직무 수행이 어렵다고 판단되는 경우
- 해외여행 및 근무에 결격사유가 있는 경우
- 관련 법령 또는 내부 인사규정상 채용이 불가능한 경우",서류전형 > 실무면접 > 최종면접
1442,학원강사 채용,123,145,20260809,20260827,10,경력,계약직,인천광역시,학사 이상,"본 포지션은 학원강사 업무를 담당하며, 현장의 요구사항을 정확히 파악해 안정적인 결과를 만드는 역할입니다.

교육 분야의 실무 기준과 절차에 따라 계획 수립부터 실행, 결과 확인까지 전 과정에 참여합니다.

업무 과정에서 발생하는 이슈를 데이터와 기록에 근거해 분석하고, 유관 부서와 협의하여 개선합니다.

입사 후에는 표준 절차와 내부 시스템 교육을 이수하며, 숙련도에 따라 담당 범위가 확대됩니다.

정확성, 안전, 책임 있는 의사소통을 중시하며 실무 중심의 협업 역량을 기대합니다.","- 학원강사 직무 기준에 따른 실무 수행
- 학원강사 관련 결과물 검토 및 개선
- 수업자료와 평가도구 개발
- 학습 결과 분석 및 피드백 제공
- 학습자·보호자 상담과 기록 관리
- 교육과정 개선 회의 참여
- 출결·성적 등 학사 행정 처리
- 안전하고 포용적인 학습환경 조성","- 개인정보와 교육윤리를 준수할 수 있는 분
- 협업과 상담 커뮤니케이션 역량
- 해당 분야 전공 또는 교육 역량을 갖춘 분
- 학습자 중심으로 명확하게 설명할 수 있는 분
- 수업계획서와 교육자료 작성이 가능한 분
- 개인정보와 교육윤리를 준수할 수 있는 분","- 평생교육사 2급 보유자
- 청소년지도사 2급 보유자
- 상담 또는 학습코칭 경험
- AI·디지털 교육도구 활용 경험
- 교원·보육·평생교육 관련 자격 보유자","- 지원서 또는 제출서류를 허위로 기재한 경우
- 채용검진 결과 직무 수행이 어렵다고 판단되는 경우
- 해외여행 및 근무에 결격사유가 있는 경우
- 관련 법령 또는 내부 인사규정상 채용이 불가능한 경우",서류전형 > 인성검사 > 실무면접 > 최종면접
1443,학원강사 담당자 모집,44,145,20261014,20261108,14,신입·경력,기간제,대전광역시,학사 이상,"본 포지션은 학원강사 업무를 담당하며, 현장의 요구사항을 정확히 파악해 안정적인 결과를 만드는 역할입니다.

교육 분야의 실무 기준과 절차에 따라 계획 수립부터 실행, 결과 확인까지 전 과정에 참여합니다.

업무 과정에서 발생하는 이슈를 데이터와 기록에 근거해 분석하고, 유관 부서와 협의하여 개선합니다.

입사 후에는 표준 절차와 내부 시스템 교육을 이수하며, 숙련도에 따라 담당 범위가 확대됩니다.

정확성, 안전, 책임 있는 의사소통을 중시하며 실무 중심의 협업 역량을 기대합니다.","- 학원강사 직무 기준에 따른 실무 수행
- 학원강사 관련 결과물 검토 및 개선
- 교육과정 개선 회의 참여
- 출결·성적 등 학사 행정 처리
- 안전하고 포용적인 학습환경 조성
- 학습자 수준 진단과 교육계획 수립
- 교과·과정별 수업 운영
- 수업자료와 평가도구 개발","- 학습자 중심으로 명확하게 설명할 수 있는 분
- 수업계획서와 교육자료 작성이 가능한 분
- 개인정보와 교육윤리를 준수할 수 있는 분
- 협업과 상담 커뮤니케이션 역량
- 해당 분야 전공 또는 교육 역량을 갖춘 분
- 학습자 중심으로 명확하게 설명할 수 있는 분","- 청소년지도사 2급 보유자
- 중등학교 정교사 2급 보유자
- 온라인 수업 및 LMS 운영 경험
- 교육 콘텐츠 기획·제작 경험
- 상담 또는 학습코칭 경험","- 지원서 또는 제출서류를 허위로 기재한 경우
- 채용검진 결과 직무 수행이 어렵다고 판단되는 경우
- 해외여행 및 근무에 결격사유가 있는 경우
- 관련 법령 또는 내부 인사규정상 채용이 불가능한 경우",서류전형 > 직무과제 > 실무면접 > 처우협의
1444,학원강사 인재 채용,100,145,20260219,20260323,18,경력 2년 이상,무기계약직,광주광역시,전문학사 이상,"본 포지션은 학원강사 업무를 담당하며, 현장의 요구사항을 정확히 파악해 안정적인 결과를 만드는 역할입니다.

교육 분야의 실무 기준과 절차에 따라 계획 수립부터 실행, 결과 확인까지 전 과정에 참여합니다.

업무 과정에서 발생하는 이슈를 데이터와 기록에 근거해 분석하고, 유관 부서와 협의하여 개선합니다.

입사 후에는 표준 절차와 내부 시스템 교육을 이수하며, 숙련도에 따라 담당 범위가 확대됩니다.

정확성, 안전, 책임 있는 의사소통을 중시하며 실무 중심의 협업 역량을 기대합니다.","- 학원강사 직무 기준에 따른 실무 수행
- 학원강사 관련 결과물 검토 및 개선
- 학습자 수준 진단과 교육계획 수립
- 교과·과정별 수업 운영
- 수업자료와 평가도구 개발
- 학습 결과 분석 및 피드백 제공
- 학습자·보호자 상담과 기록 관리
- 교육과정 개선 회의 참여","- 협업과 상담 커뮤니케이션 역량
- 해당 분야 전공 또는 교육 역량을 갖춘 분
- 학습자 중심으로 명확하게 설명할 수 있는 분
- 수업계획서와 교육자료 작성이 가능한 분
- 개인정보와 교육윤리를 준수할 수 있는 분
- 협업과 상담 커뮤니케이션 역량","- 중등학교 정교사 2급 보유자
- 평생교육사 2급 보유자
- AI·디지털 교육도구 활용 경험
- 교원·보육·평생교육 관련 자격 보유자
- 온라인 수업 및 LMS 운영 경험","- 지원서 또는 제출서류를 허위로 기재한 경우
- 채용검진 결과 직무 수행이 어렵다고 판단되는 경우
- 해외여행 및 근무에 결격사유가 있는 경우
- 관련 법령 또는 내부 인사규정상 채용이 불가능한 경우",서류전형 > 1차면접 > 2차면접 > 채용검진
1445,학원강사 실무자 모집,87,145,20260424,20260602,2,경력 3년 이상,정규직,울산광역시,학사 이상,"본 포지션은 학원강사 업무를 담당하며, 현장의 요구사항을 정확히 파악해 안정적인 결과를 만드는 역할입니다.

교육 분야의 실무 기준과 절차에 따라 계획 수립부터 실행, 결과 확인까지 전 과정에 참여합니다.

업무 과정에서 발생하는 이슈를 데이터와 기록에 근거해 분석하고, 유관 부서와 협의하여 개선합니다.

입사 후에는 표준 절차와 내부 시스템 교육을 이수하며, 숙련도에 따라 담당 범위가 확대됩니다.

정확성, 안전, 책임 있는 의사소통을 중시하며 실무 중심의 협업 역량을 기대합니다.","- 학원강사 직무 기준에 따른 실무 수행
- 학원강사 관련 결과물 검토 및 개선
- 학습 결과 분석 및 피드백 제공
- 학습자·보호자 상담과 기록 관리
- 교육과정 개선 회의 참여
- 출결·성적 등 학사 행정 처리
- 안전하고 포용적인 학습환경 조성
- 학습자 수준 진단과 교육계획 수립","- 수업계획서와 교육자료 작성이 가능한 분
- 개인정보와 교육윤리를 준수할 수 있는 분
- 협업과 상담 커뮤니케이션 역량
- 해당 분야 전공 또는 교육 역량을 갖춘 분
- 학습자 중심으로 명확하게 설명할 수 있는 분
- 수업계획서와 교육자료 작성이 가능한 분","- 평생교육사 2급 보유자
- 청소년지도사 2급 보유자
- 교육 콘텐츠 기획·제작 경험
- 상담 또는 학습코칭 경험
- AI·디지털 교육도구 활용 경험","- 지원서 또는 제출서류를 허위로 기재한 경우
- 채용검진 결과 직무 수행이 어렵다고 판단되는 경우
- 해외여행 및 근무에 결격사유가 있는 경우
- 관련 법령 또는 내부 인사규정상 채용이 불가능한 경우",서류전형 > 필기전형 > 면접전형 > 최종합격
1446,학원강사 전문인력 채용,56,145,20260605,20260615,6,경력 무관,계약직,세종특별자치시,학사 이상,"본 포지션은 학원강사 업무를 담당하며, 현장의 요구사항을 정확히 파악해 안정적인 결과를 만드는 역할입니다.

교육 분야의 실무 기준과 절차에 따라 계획 수립부터 실행, 결과 확인까지 전 과정에 참여합니다.

업무 과정에서 발생하는 이슈를 데이터와 기록에 근거해 분석하고, 유관 부서와 협의하여 개선합니다.

입사 후에는 표준 절차와 내부 시스템 교육을 이수하며, 숙련도에 따라 담당 범위가 확대됩니다.

정확성, 안전, 책임 있는 의사소통을 중시하며 실무 중심의 협업 역량을 기대합니다.","- 학원강사 직무 기준에 따른 실무 수행
- 학원강사 관련 결과물 검토 및 개선
- 출결·성적 등 학사 행정 처리
- 안전하고 포용적인 학습환경 조성
- 학습자 수준 진단과 교육계획 수립
- 교과·과정별 수업 운영
- 수업자료와 평가도구 개발
- 학습 결과 분석 및 피드백 제공","- 해당 분야 전공 또는 교육 역량을 갖춘 분
- 학습자 중심으로 명확하게 설명할 수 있는 분
- 수업계획서와 교육자료 작성이 가능한 분
- 개인정보와 교육윤리를 준수할 수 있는 분
- 협업과 상담 커뮤니케이션 역량
- 해당 분야 전공 또는 교육 역량을 갖춘 분","- 청소년지도사 2급 보유자
- 중등학교 정교사 2급 보유자
- 교원·보육·평생교육 관련 자격 보유자
- 온라인 수업 및 LMS 운영 경험
- 교육 콘텐츠 기획·제작 경험","- 지원서 또는 제출서류를 허위로 기재한 경우
- 채용검진 결과 직무 수행이 어렵다고 판단되는 경우
- 해외여행 및 근무에 결격사유가 있는 경우
- 관련 법령 또는 내부 인사규정상 채용이 불가능한 경우",서류전형 > 실무면접 > 최종면접
1447,학원강사 운영인력 모집,79,145,20260810,20260827,10,경력 5년 이상,기간제,경기도,전문학사 이상,"본 포지션은 학원강사 업무를 담당하며, 현장의 요구사항을 정확히 파악해 안정적인 결과를 만드는 역할입니다.

교육 분야의 실무 기준과 절차에 따라 계획 수립부터 실행, 결과 확인까지 전 과정에 참여합니다.

업무 과정에서 발생하는 이슈를 데이터와 기록에 근거해 분석하고, 유관 부서와 협의하여 개선합니다.

입사 후에는 표준 절차와 내부 시스템 교육을 이수하며, 숙련도에 따라 담당 범위가 확대됩니다.

정확성, 안전, 책임 있는 의사소통을 중시하며 실무 중심의 협업 역량을 기대합니다.","- 학원강사 직무 기준에 따른 실무 수행
- 학원강사 관련 결과물 검토 및 개선
- 교과·과정별 수업 운영
- 수업자료와 평가도구 개발
- 학습 결과 분석 및 피드백 제공
- 학습자·보호자 상담과 기록 관리
- 교육과정 개선 회의 참여
- 출결·성적 등 학사 행정 처리","- 개인정보와 교육윤리를 준수할 수 있는 분
- 협업과 상담 커뮤니케이션 역량
- 해당 분야 전공 또는 교육 역량을 갖춘 분
- 학습자 중심으로 명확하게 설명할 수 있는 분
- 수업계획서와 교육자료 작성이 가능한 분
- 개인정보와 교육윤리를 준수할 수 있는 분","- 중등학교 정교사 2급 보유자
- 평생교육사 2급 보유자
- 상담 또는 학습코칭 경험
- AI·디지털 교육도구 활용 경험
- 교원·보육·평생교육 관련 자격 보유자","- 지원서 또는 제출서류를 허위로 기재한 경우
- 채용검진 결과 직무 수행이 어렵다고 판단되는 경우
- 해외여행 및 근무에 결격사유가 있는 경우
- 관련 법령 또는 내부 인사규정상 채용이 불가능한 경우",서류전형 > 인성검사 > 실무면접 > 최종면접
1448,학원강사 프로젝트 인력 채용,159,145,20261015,20261108,14,신입,무기계약직,강원특별자치도,학사 이상,"본 포지션은 학원강사 업무를 담당하며, 현장의 요구사항을 정확히 파악해 안정적인 결과를 만드는 역할입니다.

교육 분야의 실무 기준과 절차에 따라 계획 수립부터 실행, 결과 확인까지 전 과정에 참여합니다.

업무 과정에서 발생하는 이슈를 데이터와 기록에 근거해 분석하고, 유관 부서와 협의하여 개선합니다.

입사 후에는 표준 절차와 내부 시스템 교육을 이수하며, 숙련도에 따라 담당 범위가 확대됩니다.

정확성, 안전, 책임 있는 의사소통을 중시하며 실무 중심의 협업 역량을 기대합니다.","- 학원강사 직무 기준에 따른 실무 수행
- 학원강사 관련 결과물 검토 및 개선
- 학습자·보호자 상담과 기록 관리
- 교육과정 개선 회의 참여
- 출결·성적 등 학사 행정 처리
- 안전하고 포용적인 학습환경 조성
- 학습자 수준 진단과 교육계획 수립
- 교과·과정별 수업 운영","- 학습자 중심으로 명확하게 설명할 수 있는 분
- 수업계획서와 교육자료 작성이 가능한 분
- 개인정보와 교육윤리를 준수할 수 있는 분
- 협업과 상담 커뮤니케이션 역량
- 해당 분야 전공 또는 교육 역량을 갖춘 분
- 학습자 중심으로 명확하게 설명할 수 있는 분","- 평생교육사 2급 보유자
- 청소년지도사 2급 보유자
- 온라인 수업 및 LMS 운영 경험
- 교육 콘텐츠 기획·제작 경험
- 상담 또는 학습코칭 경험","- 지원서 또는 제출서류를 허위로 기재한 경우
- 채용검진 결과 직무 수행이 어렵다고 판단되는 경우
- 해외여행 및 근무에 결격사유가 있는 경우
- 관련 법령 또는 내부 인사규정상 채용이 불가능한 경우",서류전형 > 직무과제 > 실무면접 > 처우협의
1449,학원강사 직무 채용,33,145,20260220,20260323,18,경력,정규직,충청북도,학사 이상,"본 포지션은 학원강사 업무를 담당하며, 현장의 요구사항을 정확히 파악해 안정적인 결과를 만드는 역할입니다.

교육 분야의 실무 기준과 절차에 따라 계획 수립부터 실행, 결과 확인까지 전 과정에 참여합니다.

업무 과정에서 발생하는 이슈를 데이터와 기록에 근거해 분석하고, 유관 부서와 협의하여 개선합니다.

입사 후에는 표준 절차와 내부 시스템 교육을 이수하며, 숙련도에 따라 담당 범위가 확대됩니다.

정확성, 안전, 책임 있는 의사소통을 중시하며 실무 중심의 협업 역량을 기대합니다.","- 학원강사 직무 기준에 따른 실무 수행
- 학원강사 관련 결과물 검토 및 개선
- 안전하고 포용적인 학습환경 조성
- 학습자 수준 진단과 교육계획 수립
- 교과·과정별 수업 운영
- 수업자료와 평가도구 개발
- 학습 결과 분석 및 피드백 제공
- 학습자·보호자 상담과 기록 관리","- 협업과 상담 커뮤니케이션 역량
- 해당 분야 전공 또는 교육 역량을 갖춘 분
- 학습자 중심으로 명확하게 설명할 수 있는 분
- 수업계획서와 교육자료 작성이 가능한 분
- 개인정보와 교육윤리를 준수할 수 있는 분
- 협업과 상담 커뮤니케이션 역량","- 청소년지도사 2급 보유자
- 중등학교 정교사 2급 보유자
- AI·디지털 교육도구 활용 경험
- 교원·보육·평생교육 관련 자격 보유자
- 온라인 수업 및 LMS 운영 경험","- 지원서 또는 제출서류를 허위로 기재한 경우
- 채용검진 결과 직무 수행이 어렵다고 판단되는 경우
- 해외여행 및 근무에 결격사유가 있는 경우
- 관련 법령 또는 내부 인사규정상 채용이 불가능한 경우",서류전형 > 1차면접 > 2차면접 > 채용검진
1450,학원강사 부문 모집,27,145,20260401,20260509,2,신입·경력,계약직,충청남도,전문학사 이상,"본 포지션은 학원강사 업무를 담당하며, 현장의 요구사항을 정확히 파악해 안정적인 결과를 만드는 역할입니다.

교육 분야의 실무 기준과 절차에 따라 계획 수립부터 실행, 결과 확인까지 전 과정에 참여합니다.

업무 과정에서 발생하는 이슈를 데이터와 기록에 근거해 분석하고, 유관 부서와 협의하여 개선합니다.

입사 후에는 표준 절차와 내부 시스템 교육을 이수하며, 숙련도에 따라 담당 범위가 확대됩니다.

정확성, 안전, 책임 있는 의사소통을 중시하며 실무 중심의 협업 역량을 기대합니다.","- 학원강사 직무 기준에 따른 실무 수행
- 학원강사 관련 결과물 검토 및 개선
- 수업자료와 평가도구 개발
- 학습 결과 분석 및 피드백 제공
- 학습자·보호자 상담과 기록 관리
- 교육과정 개선 회의 참여
- 출결·성적 등 학사 행정 처리
- 안전하고 포용적인 학습환경 조성","- 수업계획서와 교육자료 작성이 가능한 분
- 개인정보와 교육윤리를 준수할 수 있는 분
- 협업과 상담 커뮤니케이션 역량
- 해당 분야 전공 또는 교육 역량을 갖춘 분
- 학습자 중심으로 명확하게 설명할 수 있는 분
- 수업계획서와 교육자료 작성이 가능한 분","- 중등학교 정교사 2급 보유자
- 평생교육사 2급 보유자
- 교육 콘텐츠 기획·제작 경험
- 상담 또는 학습코칭 경험
- AI·디지털 교육도구 활용 경험","- 지원서 또는 제출서류를 허위로 기재한 경우
- 채용검진 결과 직무 수행이 어렵다고 판단되는 경우
- 해외여행 및 근무에 결격사유가 있는 경우
- 관련 법령 또는 내부 인사규정상 채용이 불가능한 경우",서류전형 > 필기전형 > 면접전형 > 최종합격
1451,외국어강사 모집,53,146,20260707,20260719,7,신입,정규직,인천광역시,전문학사 이상,"본 포지션은 외국어강사 업무를 담당하며, 현장의 요구사항을 정확히 파악해 안정적인 결과를 만드는 역할입니다.

교육 분야의 실무 기준과 절차에 따라 계획 수립부터 실행, 결과 확인까지 전 과정에 참여합니다.

업무 과정에서 발생하는 이슈를 데이터와 기록에 근거해 분석하고, 유관 부서와 협의하여 개선합니다.

입사 후에는 표준 절차와 내부 시스템 교육을 이수하며, 숙련도에 따라 담당 범위가 확대됩니다.

정확성, 안전, 책임 있는 의사소통을 중시하며 실무 중심의 협업 역량을 기대합니다.","- 외국어강사 직무 기준에 따른 실무 수행
- 외국어강사 관련 결과물 검토 및 개선
- 출결·성적 등 학사 행정 처리
- 안전하고 포용적인 학습환경 조성
- 학습자 수준 진단과 교육계획 수립
- 교과·과정별 수업 운영
- 수업자료와 평가도구 개발
- 학습 결과 분석 및 피드백 제공","- 수업계획서와 교육자료 작성이 가능한 분
- 개인정보와 교육윤리를 준수할 수 있는 분
- 협업과 상담 커뮤니케이션 역량
- 해당 분야 전공 또는 교육 역량을 갖춘 분
- 학습자 중심으로 명확하게 설명할 수 있는 분
- 수업계획서와 교육자료 작성이 가능한 분","- TESOL Certificate 보유자
- TOEIC Speaking AL 보유자
- 교육 콘텐츠 기획·제작 경험
- 상담 또는 학습코칭 경험
- AI·디지털 교육도구 활용 경험","- 지원서 또는 제출서류를 허위로 기재한 경우
- 채용검진 결과 직무 수행이 어렵다고 판단되는 경우
- 해외여행 및 근무에 결격사유가 있는 경우
- 관련 법령 또는 내부 인사규정상 채용이 불가능한 경우",서류전형 > 인성검사 > 실무면접 > 최종면접
1452,외국어강사 채용,75,146,20260912,20261001,11,경력,계약직,대전광역시,학사 이상,"본 포지션은 외국어강사 업무를 담당하며, 현장의 요구사항을 정확히 파악해 안정적인 결과를 만드는 역할입니다.

교육 분야의 실무 기준과 절차에 따라 계획 수립부터 실행, 결과 확인까지 전 과정에 참여합니다.

업무 과정에서 발생하는 이슈를 데이터와 기록에 근거해 분석하고, 유관 부서와 협의하여 개선합니다.

입사 후에는 표준 절차와 내부 시스템 교육을 이수하며, 숙련도에 따라 담당 범위가 확대됩니다.

정확성, 안전, 책임 있는 의사소통을 중시하며 실무 중심의 협업 역량을 기대합니다.","- 외국어강사 직무 기준에 따른 실무 수행
- 외국어강사 관련 결과물 검토 및 개선
- 교과·과정별 수업 운영
- 수업자료와 평가도구 개발
- 학습 결과 분석 및 피드백 제공
- 학습자·보호자 상담과 기록 관리
- 교육과정 개선 회의 참여
- 출결·성적 등 학사 행정 처리","- 해당 분야 전공 또는 교육 역량을 갖춘 분
- 학습자 중심으로 명확하게 설명할 수 있는 분
- 수업계획서와 교육자료 작성이 가능한 분
- 개인정보와 교육윤리를 준수할 수 있는 분
- 협업과 상담 커뮤니케이션 역량
- 해당 분야 전공 또는 교육 역량을 갖춘 분","- TOEIC Speaking AL 보유자
- 한국어교원 2급 보유자
- 교원·보육·평생교육 관련 자격 보유자
- 온라인 수업 및 LMS 운영 경험
- 교육 콘텐츠 기획·제작 경험","- 지원서 또는 제출서류를 허위로 기재한 경우
- 채용검진 결과 직무 수행이 어렵다고 판단되는 경우
- 해외여행 및 근무에 결격사유가 있는 경우
- 관련 법령 또는 내부 인사규정상 채용이 불가능한 경우",서류전형 > 직무과제 > 실무면접 > 처우협의
1453,외국어강사 담당자 모집,143,146,20260117,20260212,15,신입·경력,기간제,광주광역시,학사 이상,"본 포지션은 외국어강사 업무를 담당하며, 현장의 요구사항을 정확히 파악해 안정적인 결과를 만드는 역할입니다.

교육 분야의 실무 기준과 절차에 따라 계획 수립부터 실행, 결과 확인까지 전 과정에 참여합니다.

업무 과정에서 발생하는 이슈를 데이터와 기록에 근거해 분석하고, 유관 부서와 협의하여 개선합니다.

입사 후에는 표준 절차와 내부 시스템 교육을 이수하며, 숙련도에 따라 담당 범위가 확대됩니다.

정확성, 안전, 책임 있는 의사소통을 중시하며 실무 중심의 협업 역량을 기대합니다.","- 외국어강사 직무 기준에 따른 실무 수행
- 외국어강사 관련 결과물 검토 및 개선
- 학습자·보호자 상담과 기록 관리
- 교육과정 개선 회의 참여
- 출결·성적 등 학사 행정 처리
- 안전하고 포용적인 학습환경 조성
- 학습자 수준 진단과 교육계획 수립
- 교과·과정별 수업 운영","- 개인정보와 교육윤리를 준수할 수 있는 분
- 협업과 상담 커뮤니케이션 역량
- 해당 분야 전공 또는 교육 역량을 갖춘 분
- 학습자 중심으로 명확하게 설명할 수 있는 분
- 수업계획서와 교육자료 작성이 가능한 분
- 개인정보와 교육윤리를 준수할 수 있는 분","- 한국어교원 2급 보유자
- TESOL Certificate 보유자
- 상담 또는 학습코칭 경험
- AI·디지털 교육도구 활용 경험
- 교원·보육·평생교육 관련 자격 보유자","- 지원서 또는 제출서류를 허위로 기재한 경우
- 채용검진 결과 직무 수행이 어렵다고 판단되는 경우
- 해외여행 및 근무에 결격사유가 있는 경우
- 관련 법령 또는 내부 인사규정상 채용이 불가능한 경우",서류전형 > 1차면접 > 2차면접 > 채용검진
1454,외국어강사 인재 채용,81,146,20260322,20260424,19,경력 2년 이상,무기계약직,울산광역시,전문학사 이상,"본 포지션은 외국어강사 업무를 담당하며, 현장의 요구사항을 정확히 파악해 안정적인 결과를 만드는 역할입니다.

교육 분야의 실무 기준과 절차에 따라 계획 수립부터 실행, 결과 확인까지 전 과정에 참여합니다.

업무 과정에서 발생하는 이슈를 데이터와 기록에 근거해 분석하고, 유관 부서와 협의하여 개선합니다.

입사 후에는 표준 절차와 내부 시스템 교육을 이수하며, 숙련도에 따라 담당 범위가 확대됩니다.

정확성, 안전, 책임 있는 의사소통을 중시하며 실무 중심의 협업 역량을 기대합니다.","- 외국어강사 직무 기준에 따른 실무 수행
- 외국어강사 관련 결과물 검토 및 개선
- 안전하고 포용적인 학습환경 조성
- 학습자 수준 진단과 교육계획 수립
- 교과·과정별 수업 운영
- 수업자료와 평가도구 개발
- 학습 결과 분석 및 피드백 제공
- 학습자·보호자 상담과 기록 관리","- 학습자 중심으로 명확하게 설명할 수 있는 분
- 수업계획서와 교육자료 작성이 가능한 분
- 개인정보와 교육윤리를 준수할 수 있는 분
- 협업과 상담 커뮤니케이션 역량
- 해당 분야 전공 또는 교육 역량을 갖춘 분
- 학습자 중심으로 명확하게 설명할 수 있는 분","- TESOL Certificate 보유자
- TOEIC Speaking AL 보유자
- 온라인 수업 및 LMS 운영 경험
- 교육 콘텐츠 기획·제작 경험
- 상담 또는 학습코칭 경험","- 지원서 또는 제출서류를 허위로 기재한 경우
- 채용검진 결과 직무 수행이 어렵다고 판단되는 경우
- 해외여행 및 근무에 결격사유가 있는 경우
- 관련 법령 또는 내부 인사규정상 채용이 불가능한 경우",서류전형 > 필기전형 > 면접전형 > 최종합격
1455,외국어강사 실무자 모집,57,146,20260503,20260612,3,경력 3년 이상,정규직,세종특별자치시,학사 이상,"본 포지션은 외국어강사 업무를 담당하며, 현장의 요구사항을 정확히 파악해 안정적인 결과를 만드는 역할입니다.

교육 분야의 실무 기준과 절차에 따라 계획 수립부터 실행, 결과 확인까지 전 과정에 참여합니다.

업무 과정에서 발생하는 이슈를 데이터와 기록에 근거해 분석하고, 유관 부서와 협의하여 개선합니다.

입사 후에는 표준 절차와 내부 시스템 교육을 이수하며, 숙련도에 따라 담당 범위가 확대됩니다.

정확성, 안전, 책임 있는 의사소통을 중시하며 실무 중심의 협업 역량을 기대합니다.","- 외국어강사 직무 기준에 따른 실무 수행
- 외국어강사 관련 결과물 검토 및 개선
- 수업자료와 평가도구 개발
- 학습 결과 분석 및 피드백 제공
- 학습자·보호자 상담과 기록 관리
- 교육과정 개선 회의 참여
- 출결·성적 등 학사 행정 처리
- 안전하고 포용적인 학습환경 조성","- 협업과 상담 커뮤니케이션 역량
- 해당 분야 전공 또는 교육 역량을 갖춘 분
- 학습자 중심으로 명확하게 설명할 수 있는 분
- 수업계획서와 교육자료 작성이 가능한 분
- 개인정보와 교육윤리를 준수할 수 있는 분
- 협업과 상담 커뮤니케이션 역량","- TOEIC Speaking AL 보유자
- 한국어교원 2급 보유자
- AI·디지털 교육도구 활용 경험
- 교원·보육·평생교육 관련 자격 보유자
- 온라인 수업 및 LMS 운영 경험","- 지원서 또는 제출서류를 허위로 기재한 경우
- 채용검진 결과 직무 수행이 어렵다고 판단되는 경우
- 해외여행 및 근무에 결격사유가 있는 경우
- 관련 법령 또는 내부 인사규정상 채용이 불가능한 경우",서류전형 > 실무면접 > 최종면접
1456,외국어강사 전문인력 채용,43,146,20260708,20260719,7,경력 무관,계약직,경기도,학사 이상,"본 포지션은 외국어강사 업무를 담당하며, 현장의 요구사항을 정확히 파악해 안정적인 결과를 만드는 역할입니다.

교육 분야의 실무 기준과 절차에 따라 계획 수립부터 실행, 결과 확인까지 전 과정에 참여합니다.

업무 과정에서 발생하는 이슈를 데이터와 기록에 근거해 분석하고, 유관 부서와 협의하여 개선합니다.

입사 후에는 표준 절차와 내부 시스템 교육을 이수하며, 숙련도에 따라 담당 범위가 확대됩니다.

정확성, 안전, 책임 있는 의사소통을 중시하며 실무 중심의 협업 역량을 기대합니다.","- 외국어강사 직무 기준에 따른 실무 수행
- 외국어강사 관련 결과물 검토 및 개선
- 교육과정 개선 회의 참여
- 출결·성적 등 학사 행정 처리
- 안전하고 포용적인 학습환경 조성
- 학습자 수준 진단과 교육계획 수립
- 교과·과정별 수업 운영
- 수업자료와 평가도구 개발","- 수업계획서와 교육자료 작성이 가능한 분
- 개인정보와 교육윤리를 준수할 수 있는 분
- 협업과 상담 커뮤니케이션 역량
- 해당 분야 전공 또는 교육 역량을 갖춘 분
- 학습자 중심으로 명확하게 설명할 수 있는 분
- 수업계획서와 교육자료 작성이 가능한 분","- 한국어교원 2급 보유자
- TESOL Certificate 보유자
- 교육 콘텐츠 기획·제작 경험
- 상담 또는 학습코칭 경험
- AI·디지털 교육도구 활용 경험","- 지원서 또는 제출서류를 허위로 기재한 경우
- 채용검진 결과 직무 수행이 어렵다고 판단되는 경우
- 해외여행 및 근무에 결격사유가 있는 경우
- 관련 법령 또는 내부 인사규정상 채용이 불가능한 경우",서류전형 > 인성검사 > 실무면접 > 최종면접
1457,외국어강사 운영인력 모집,145,146,20260913,20261001,11,경력 5년 이상,기간제,강원특별자치도,전문학사 이상,"본 포지션은 외국어강사 업무를 담당하며, 현장의 요구사항을 정확히 파악해 안정적인 결과를 만드는 역할입니다.

교육 분야의 실무 기준과 절차에 따라 계획 수립부터 실행, 결과 확인까지 전 과정에 참여합니다.

업무 과정에서 발생하는 이슈를 데이터와 기록에 근거해 분석하고, 유관 부서와 협의하여 개선합니다.

입사 후에는 표준 절차와 내부 시스템 교육을 이수하며, 숙련도에 따라 담당 범위가 확대됩니다.

정확성, 안전, 책임 있는 의사소통을 중시하며 실무 중심의 협업 역량을 기대합니다.","- 외국어강사 직무 기준에 따른 실무 수행
- 외국어강사 관련 결과물 검토 및 개선
- 학습자 수준 진단과 교육계획 수립
- 교과·과정별 수업 운영
- 수업자료와 평가도구 개발
- 학습 결과 분석 및 피드백 제공
- 학습자·보호자 상담과 기록 관리
- 교육과정 개선 회의 참여","- 해당 분야 전공 또는 교육 역량을 갖춘 분
- 학습자 중심으로 명확하게 설명할 수 있는 분
- 수업계획서와 교육자료 작성이 가능한 분
- 개인정보와 교육윤리를 준수할 수 있는 분
- 협업과 상담 커뮤니케이션 역량
- 해당 분야 전공 또는 교육 역량을 갖춘 분","- TESOL Certificate 보유자
- TOEIC Speaking AL 보유자
- 교원·보육·평생교육 관련 자격 보유자
- 온라인 수업 및 LMS 운영 경험
- 교육 콘텐츠 기획·제작 경험","- 지원서 또는 제출서류를 허위로 기재한 경우
- 채용검진 결과 직무 수행이 어렵다고 판단되는 경우
- 해외여행 및 근무에 결격사유가 있는 경우
- 관련 법령 또는 내부 인사규정상 채용이 불가능한 경우",서류전형 > 직무과제 > 실무면접 > 처우협의
1458,외국어강사 프로젝트 인력 채용,83,146,20260118,20260212,15,신입,무기계약직,충청북도,학사 이상,"본 포지션은 외국어강사 업무를 담당하며, 현장의 요구사항을 정확히 파악해 안정적인 결과를 만드는 역할입니다.

교육 분야의 실무 기준과 절차에 따라 계획 수립부터 실행, 결과 확인까지 전 과정에 참여합니다.

업무 과정에서 발생하는 이슈를 데이터와 기록에 근거해 분석하고, 유관 부서와 협의하여 개선합니다.

입사 후에는 표준 절차와 내부 시스템 교육을 이수하며, 숙련도에 따라 담당 범위가 확대됩니다.

정확성, 안전, 책임 있는 의사소통을 중시하며 실무 중심의 협업 역량을 기대합니다.","- 외국어강사 직무 기준에 따른 실무 수행
- 외국어강사 관련 결과물 검토 및 개선
- 학습 결과 분석 및 피드백 제공
- 학습자·보호자 상담과 기록 관리
- 교육과정 개선 회의 참여
- 출결·성적 등 학사 행정 처리
- 안전하고 포용적인 학습환경 조성
- 학습자 수준 진단과 교육계획 수립","- 개인정보와 교육윤리를 준수할 수 있는 분
- 협업과 상담 커뮤니케이션 역량
- 해당 분야 전공 또는 교육 역량을 갖춘 분
- 학습자 중심으로 명확하게 설명할 수 있는 분
- 수업계획서와 교육자료 작성이 가능한 분
- 개인정보와 교육윤리를 준수할 수 있는 분","- TOEIC Speaking AL 보유자
- 한국어교원 2급 보유자
- 상담 또는 학습코칭 경험
- AI·디지털 교육도구 활용 경험
- 교원·보육·평생교육 관련 자격 보유자","- 지원서 또는 제출서류를 허위로 기재한 경우
- 채용검진 결과 직무 수행이 어렵다고 판단되는 경우
- 해외여행 및 근무에 결격사유가 있는 경우
- 관련 법령 또는 내부 인사규정상 채용이 불가능한 경우",서류전형 > 1차면접 > 2차면접 > 채용검진
1459,외국어강사 직무 채용,112,146,20260323,20260424,19,경력,정규직,충청남도,학사 이상,"본 포지션은 외국어강사 업무를 담당하며, 현장의 요구사항을 정확히 파악해 안정적인 결과를 만드는 역할입니다.

교육 분야의 실무 기준과 절차에 따라 계획 수립부터 실행, 결과 확인까지 전 과정에 참여합니다.

업무 과정에서 발생하는 이슈를 데이터와 기록에 근거해 분석하고, 유관 부서와 협의하여 개선합니다.

입사 후에는 표준 절차와 내부 시스템 교육을 이수하며, 숙련도에 따라 담당 범위가 확대됩니다.

정확성, 안전, 책임 있는 의사소통을 중시하며 실무 중심의 협업 역량을 기대합니다.","- 외국어강사 직무 기준에 따른 실무 수행
- 외국어강사 관련 결과물 검토 및 개선
- 출결·성적 등 학사 행정 처리
- 안전하고 포용적인 학습환경 조성
- 학습자 수준 진단과 교육계획 수립
- 교과·과정별 수업 운영
- 수업자료와 평가도구 개발
- 학습 결과 분석 및 피드백 제공","- 학습자 중심으로 명확하게 설명할 수 있는 분
- 수업계획서와 교육자료 작성이 가능한 분
- 개인정보와 교육윤리를 준수할 수 있는 분
- 협업과 상담 커뮤니케이션 역량
- 해당 분야 전공 또는 교육 역량을 갖춘 분
- 학습자 중심으로 명확하게 설명할 수 있는 분","- 한국어교원 2급 보유자
- TESOL Certificate 보유자
- 온라인 수업 및 LMS 운영 경험
- 교육 콘텐츠 기획·제작 경험
- 상담 또는 학습코칭 경험","- 지원서 또는 제출서류를 허위로 기재한 경우
- 채용검진 결과 직무 수행이 어렵다고 판단되는 경우
- 해외여행 및 근무에 결격사유가 있는 경우
- 관련 법령 또는 내부 인사규정상 채용이 불가능한 경우",서류전형 > 필기전형 > 면접전형 > 최종합격
1460,외국어강사 부문 모집,52,146,20260504,20260612,3,신입·경력,계약직,전북특별자치도,전문학사 이상,"본 포지션은 외국어강사 업무를 담당하며, 현장의 요구사항을 정확히 파악해 안정적인 결과를 만드는 역할입니다.

교육 분야의 실무 기준과 절차에 따라 계획 수립부터 실행, 결과 확인까지 전 과정에 참여합니다.

업무 과정에서 발생하는 이슈를 데이터와 기록에 근거해 분석하고, 유관 부서와 협의하여 개선합니다.

입사 후에는 표준 절차와 내부 시스템 교육을 이수하며, 숙련도에 따라 담당 범위가 확대됩니다.

정확성, 안전, 책임 있는 의사소통을 중시하며 실무 중심의 협업 역량을 기대합니다.","- 외국어강사 직무 기준에 따른 실무 수행
- 외국어강사 관련 결과물 검토 및 개선
- 교과·과정별 수업 운영
- 수업자료와 평가도구 개발
- 학습 결과 분석 및 피드백 제공
- 학습자·보호자 상담과 기록 관리
- 교육과정 개선 회의 참여
- 출결·성적 등 학사 행정 처리","- 협업과 상담 커뮤니케이션 역량
- 해당 분야 전공 또는 교육 역량을 갖춘 분
- 학습자 중심으로 명확하게 설명할 수 있는 분
- 수업계획서와 교육자료 작성이 가능한 분
- 개인정보와 교육윤리를 준수할 수 있는 분
- 협업과 상담 커뮤니케이션 역량","- TESOL Certificate 보유자
- TOEIC Speaking AL 보유자
- AI·디지털 교육도구 활용 경험
- 교원·보육·평생교육 관련 자격 보유자
- 온라인 수업 및 LMS 운영 경험","- 지원서 또는 제출서류를 허위로 기재한 경우
- 채용검진 결과 직무 수행이 어렵다고 판단되는 경우
- 해외여행 및 근무에 결격사유가 있는 경우
- 관련 법령 또는 내부 인사규정상 채용이 불가능한 경우",서류전형 > 실무면접 > 최종면접
1461,기술·전문강사 모집,109,147,20260810,20260823,8,신입,정규직,대전광역시,전문학사 이상,"본 포지션은 기술·전문강사 업무를 담당하며, 현장의 요구사항을 정확히 파악해 안정적인 결과를 만드는 역할입니다.

교육 분야의 실무 기준과 절차에 따라 계획 수립부터 실행, 결과 확인까지 전 과정에 참여합니다.

업무 과정에서 발생하는 이슈를 데이터와 기록에 근거해 분석하고, 유관 부서와 협의하여 개선합니다.

입사 후에는 표준 절차와 내부 시스템 교육을 이수하며, 숙련도에 따라 담당 범위가 확대됩니다.

정확성, 안전, 책임 있는 의사소통을 중시하며 실무 중심의 협업 역량을 기대합니다.","- 기술·전문강사 직무 기준에 따른 실무 수행
- 기술·전문강사 관련 결과물 검토 및 개선
- 교육과정 개선 회의 참여
- 출결·성적 등 학사 행정 처리
- 안전하고 포용적인 학습환경 조성
- 학습자 수준 진단과 교육계획 수립
- 교과·과정별 수업 운영
- 수업자료와 평가도구 개발","- 협업과 상담 커뮤니케이션 역량
- 해당 분야 전공 또는 교육 역량을 갖춘 분
- 학습자 중심으로 명확하게 설명할 수 있는 분
- 수업계획서와 교육자료 작성이 가능한 분
- 개인정보와 교육윤리를 준수할 수 있는 분
- 협업과 상담 커뮤니케이션 역량","- 직업능력개발훈련교사 보유자
- 평생교육사 2급 보유자
- AI·디지털 교육도구 활용 경험
- 교원·보육·평생교육 관련 자격 보유자
- 온라인 수업 및 LMS 운영 경험","- 지원서 또는 제출서류를 허위로 기재한 경우
- 채용검진 결과 직무 수행이 어렵다고 판단되는 경우
- 해외여행 및 근무에 결격사유가 있는 경우
- 관련 법령 또는 내부 인사규정상 채용이 불가능한 경우",서류전형 > 직무과제 > 실무면접 > 처우협의
1462,기술·전문강사 채용,121,147,20261015,20261104,12,경력,계약직,광주광역시,학사 이상,"본 포지션은 기술·전문강사 업무를 담당하며, 현장의 요구사항을 정확히 파악해 안정적인 결과를 만드는 역할입니다.

교육 분야의 실무 기준과 절차에 따라 계획 수립부터 실행, 결과 확인까지 전 과정에 참여합니다.

업무 과정에서 발생하는 이슈를 데이터와 기록에 근거해 분석하고, 유관 부서와 협의하여 개선합니다.

입사 후에는 표준 절차와 내부 시스템 교육을 이수하며, 숙련도에 따라 담당 범위가 확대됩니다.

정확성, 안전, 책임 있는 의사소통을 중시하며 실무 중심의 협업 역량을 기대합니다.","- 기술·전문강사 직무 기준에 따른 실무 수행
- 기술·전문강사 관련 결과물 검토 및 개선
- 학습자 수준 진단과 교육계획 수립
- 교과·과정별 수업 운영
- 수업자료와 평가도구 개발
- 학습 결과 분석 및 피드백 제공
- 학습자·보호자 상담과 기록 관리
- 교육과정 개선 회의 참여","- 수업계획서와 교육자료 작성이 가능한 분
- 개인정보와 교육윤리를 준수할 수 있는 분
- 협업과 상담 커뮤니케이션 역량
- 해당 분야 전공 또는 교육 역량을 갖춘 분
- 학습자 중심으로 명확하게 설명할 수 있는 분
- 수업계획서와 교육자료 작성이 가능한 분","- 평생교육사 2급 보유자
- 산업안전기사 보유자
- 교육 콘텐츠 기획·제작 경험
- 상담 또는 학습코칭 경험
- AI·디지털 교육도구 활용 경험","- 지원서 또는 제출서류를 허위로 기재한 경우
- 채용검진 결과 직무 수행이 어렵다고 판단되는 경우
- 해외여행 및 근무에 결격사유가 있는 경우
- 관련 법령 또는 내부 인사규정상 채용이 불가능한 경우",서류전형 > 1차면접 > 2차면접 > 채용검진
1463,기술·전문강사 담당자 모집,70,147,20260220,20260319,16,신입·경력,기간제,울산광역시,학사 이상,"본 포지션은 기술·전문강사 업무를 담당하며, 현장의 요구사항을 정확히 파악해 안정적인 결과를 만드는 역할입니다.

교육 분야의 실무 기준과 절차에 따라 계획 수립부터 실행, 결과 확인까지 전 과정에 참여합니다.

업무 과정에서 발생하는 이슈를 데이터와 기록에 근거해 분석하고, 유관 부서와 협의하여 개선합니다.

입사 후에는 표준 절차와 내부 시스템 교육을 이수하며, 숙련도에 따라 담당 범위가 확대됩니다.

정확성, 안전, 책임 있는 의사소통을 중시하며 실무 중심의 협업 역량을 기대합니다.","- 기술·전문강사 직무 기준에 따른 실무 수행
- 기술·전문강사 관련 결과물 검토 및 개선
- 학습 결과 분석 및 피드백 제공
- 학습자·보호자 상담과 기록 관리
- 교육과정 개선 회의 참여
- 출결·성적 등 학사 행정 처리
- 안전하고 포용적인 학습환경 조성
- 학습자 수준 진단과 교육계획 수립","- 해당 분야 전공 또는 교육 역량을 갖춘 분
- 학습자 중심으로 명확하게 설명할 수 있는 분
- 수업계획서와 교육자료 작성이 가능한 분
- 개인정보와 교육윤리를 준수할 수 있는 분
- 협업과 상담 커뮤니케이션 역량
- 해당 분야 전공 또는 교육 역량을 갖춘 분","- 산업안전기사 보유자
- 직업능력개발훈련교사 보유자
- 교원·보육·평생교육 관련 자격 보유자
- 온라인 수업 및 LMS 운영 경험
- 교육 콘텐츠 기획·제작 경험","- 지원서 또는 제출서류를 허위로 기재한 경우
- 채용검진 결과 직무 수행이 어렵다고 판단되는 경우
- 해외여행 및 근무에 결격사유가 있는 경우
- 관련 법령 또는 내부 인사규정상 채용이 불가능한 경우",서류전형 > 필기전형 > 면접전형 > 최종합격
1464,기술·전문강사 인재 채용,54,147,20260401,20260505,20,경력 2년 이상,무기계약직,세종특별자치시,전문학사 이상,"본 포지션은 기술·전문강사 업무를 담당하며, 현장의 요구사항을 정확히 파악해 안정적인 결과를 만드는 역할입니다.

교육 분야의 실무 기준과 절차에 따라 계획 수립부터 실행, 결과 확인까지 전 과정에 참여합니다.

업무 과정에서 발생하는 이슈를 데이터와 기록에 근거해 분석하고, 유관 부서와 협의하여 개선합니다.

입사 후에는 표준 절차와 내부 시스템 교육을 이수하며, 숙련도에 따라 담당 범위가 확대됩니다.

정확성, 안전, 책임 있는 의사소통을 중시하며 실무 중심의 협업 역량을 기대합니다.","- 기술·전문강사 직무 기준에 따른 실무 수행
- 기술·전문강사 관련 결과물 검토 및 개선
- 출결·성적 등 학사 행정 처리
- 안전하고 포용적인 학습환경 조성
- 학습자 수준 진단과 교육계획 수립
- 교과·과정별 수업 운영
- 수업자료와 평가도구 개발
- 학습 결과 분석 및 피드백 제공","- 개인정보와 교육윤리를 준수할 수 있는 분
- 협업과 상담 커뮤니케이션 역량
- 해당 분야 전공 또는 교육 역량을 갖춘 분
- 학습자 중심으로 명확하게 설명할 수 있는 분
- 수업계획서와 교육자료 작성이 가능한 분
- 개인정보와 교육윤리를 준수할 수 있는 분","- 직업능력개발훈련교사 보유자
- 평생교육사 2급 보유자
- 상담 또는 학습코칭 경험
- AI·디지털 교육도구 활용 경험
- 교원·보육·평생교육 관련 자격 보유자","- 지원서 또는 제출서류를 허위로 기재한 경우
- 채용검진 결과 직무 수행이 어렵다고 판단되는 경우
- 해외여행 및 근무에 결격사유가 있는 경우
- 관련 법령 또는 내부 인사규정상 채용이 불가능한 경우",서류전형 > 실무면접 > 최종면접
1465,기술·전문강사 실무자 모집,144,147,20260606,20260717,4,경력 3년 이상,정규직,경기도,학사 이상,"본 포지션은 기술·전문강사 업무를 담당하며, 현장의 요구사항을 정확히 파악해 안정적인 결과를 만드는 역할입니다.

교육 분야의 실무 기준과 절차에 따라 계획 수립부터 실행, 결과 확인까지 전 과정에 참여합니다.

업무 과정에서 발생하는 이슈를 데이터와 기록에 근거해 분석하고, 유관 부서와 협의하여 개선합니다.

입사 후에는 표준 절차와 내부 시스템 교육을 이수하며, 숙련도에 따라 담당 범위가 확대됩니다.

정확성, 안전, 책임 있는 의사소통을 중시하며 실무 중심의 협업 역량을 기대합니다.","- 기술·전문강사 직무 기준에 따른 실무 수행
- 기술·전문강사 관련 결과물 검토 및 개선
- 교과·과정별 수업 운영
- 수업자료와 평가도구 개발
- 학습 결과 분석 및 피드백 제공
- 학습자·보호자 상담과 기록 관리
- 교육과정 개선 회의 참여
- 출결·성적 등 학사 행정 처리","- 학습자 중심으로 명확하게 설명할 수 있는 분
- 수업계획서와 교육자료 작성이 가능한 분
- 개인정보와 교육윤리를 준수할 수 있는 분
- 협업과 상담 커뮤니케이션 역량
- 해당 분야 전공 또는 교육 역량을 갖춘 분
- 학습자 중심으로 명확하게 설명할 수 있는 분","- 평생교육사 2급 보유자
- 산업안전기사 보유자
- 온라인 수업 및 LMS 운영 경험
- 교육 콘텐츠 기획·제작 경험
- 상담 또는 학습코칭 경험","- 지원서 또는 제출서류를 허위로 기재한 경우
- 채용검진 결과 직무 수행이 어렵다고 판단되는 경우
- 해외여행 및 근무에 결격사유가 있는 경우
- 관련 법령 또는 내부 인사규정상 채용이 불가능한 경우",서류전형 > 인성검사 > 실무면접 > 최종면접
1466,기술·전문강사 전문인력 채용,4,147,20260811,20260823,8,경력 무관,계약직,강원특별자치도,학사 이상,"본 포지션은 기술·전문강사 업무를 담당하며, 현장의 요구사항을 정확히 파악해 안정적인 결과를 만드는 역할입니다.

교육 분야의 실무 기준과 절차에 따라 계획 수립부터 실행, 결과 확인까지 전 과정에 참여합니다.

업무 과정에서 발생하는 이슈를 데이터와 기록에 근거해 분석하고, 유관 부서와 협의하여 개선합니다.

입사 후에는 표준 절차와 내부 시스템 교육을 이수하며, 숙련도에 따라 담당 범위가 확대됩니다.

정확성, 안전, 책임 있는 의사소통을 중시하며 실무 중심의 협업 역량을 기대합니다.","- 기술·전문강사 직무 기준에 따른 실무 수행
- 기술·전문강사 관련 결과물 검토 및 개선
- 학습자·보호자 상담과 기록 관리
- 교육과정 개선 회의 참여
- 출결·성적 등 학사 행정 처리
- 안전하고 포용적인 학습환경 조성
- 학습자 수준 진단과 교육계획 수립
- 교과·과정별 수업 운영","- 협업과 상담 커뮤니케이션 역량
- 해당 분야 전공 또는 교육 역량을 갖춘 분
- 학습자 중심으로 명확하게 설명할 수 있는 분
- 수업계획서와 교육자료 작성이 가능한 분
- 개인정보와 교육윤리를 준수할 수 있는 분
- 협업과 상담 커뮤니케이션 역량","- 산업안전기사 보유자
- 직업능력개발훈련교사 보유자
- AI·디지털 교육도구 활용 경험
- 교원·보육·평생교육 관련 자격 보유자
- 온라인 수업 및 LMS 운영 경험","- 지원서 또는 제출서류를 허위로 기재한 경우
- 채용검진 결과 직무 수행이 어렵다고 판단되는 경우
- 해외여행 및 근무에 결격사유가 있는 경우
- 관련 법령 또는 내부 인사규정상 채용이 불가능한 경우",서류전형 > 직무과제 > 실무면접 > 처우협의
1467,기술·전문강사 운영인력 모집,4,147,20261016,20261104,12,경력 5년 이상,기간제,충청북도,전문학사 이상,"본 포지션은 기술·전문강사 업무를 담당하며, 현장의 요구사항을 정확히 파악해 안정적인 결과를 만드는 역할입니다.

교육 분야의 실무 기준과 절차에 따라 계획 수립부터 실행, 결과 확인까지 전 과정에 참여합니다.

업무 과정에서 발생하는 이슈를 데이터와 기록에 근거해 분석하고, 유관 부서와 협의하여 개선합니다.

입사 후에는 표준 절차와 내부 시스템 교육을 이수하며, 숙련도에 따라 담당 범위가 확대됩니다.

정확성, 안전, 책임 있는 의사소통을 중시하며 실무 중심의 협업 역량을 기대합니다.","- 기술·전문강사 직무 기준에 따른 실무 수행
- 기술·전문강사 관련 결과물 검토 및 개선
- 안전하고 포용적인 학습환경 조성
- 학습자 수준 진단과 교육계획 수립
- 교과·과정별 수업 운영
- 수업자료와 평가도구 개발
- 학습 결과 분석 및 피드백 제공
- 학습자·보호자 상담과 기록 관리","- 수업계획서와 교육자료 작성이 가능한 분
- 개인정보와 교육윤리를 준수할 수 있는 분
- 협업과 상담 커뮤니케이션 역량
- 해당 분야 전공 또는 교육 역량을 갖춘 분
- 학습자 중심으로 명확하게 설명할 수 있는 분
- 수업계획서와 교육자료 작성이 가능한 분","- 직업능력개발훈련교사 보유자
- 평생교육사 2급 보유자
- 교육 콘텐츠 기획·제작 경험
- 상담 또는 학습코칭 경험
- AI·디지털 교육도구 활용 경험","- 지원서 또는 제출서류를 허위로 기재한 경우
- 채용검진 결과 직무 수행이 어렵다고 판단되는 경우
- 해외여행 및 근무에 결격사유가 있는 경우
- 관련 법령 또는 내부 인사규정상 채용이 불가능한 경우",서류전형 > 1차면접 > 2차면접 > 채용검진
1468,기술·전문강사 프로젝트 인력 채용,158,147,20260221,20260319,16,신입,무기계약직,충청남도,학사 이상,"본 포지션은 기술·전문강사 업무를 담당하며, 현장의 요구사항을 정확히 파악해 안정적인 결과를 만드는 역할입니다.

교육 분야의 실무 기준과 절차에 따라 계획 수립부터 실행, 결과 확인까지 전 과정에 참여합니다.

업무 과정에서 발생하는 이슈를 데이터와 기록에 근거해 분석하고, 유관 부서와 협의하여 개선합니다.

입사 후에는 표준 절차와 내부 시스템 교육을 이수하며, 숙련도에 따라 담당 범위가 확대됩니다.

정확성, 안전, 책임 있는 의사소통을 중시하며 실무 중심의 협업 역량을 기대합니다.","- 기술·전문강사 직무 기준에 따른 실무 수행
- 기술·전문강사 관련 결과물 검토 및 개선
- 수업자료와 평가도구 개발
- 학습 결과 분석 및 피드백 제공
- 학습자·보호자 상담과 기록 관리
- 교육과정 개선 회의 참여
- 출결·성적 등 학사 행정 처리
- 안전하고 포용적인 학습환경 조성","- 해당 분야 전공 또는 교육 역량을 갖춘 분
- 학습자 중심으로 명확하게 설명할 수 있는 분
- 수업계획서와 교육자료 작성이 가능한 분
- 개인정보와 교육윤리를 준수할 수 있는 분
- 협업과 상담 커뮤니케이션 역량
- 해당 분야 전공 또는 교육 역량을 갖춘 분","- 평생교육사 2급 보유자
- 산업안전기사 보유자
- 교원·보육·평생교육 관련 자격 보유자
- 온라인 수업 및 LMS 운영 경험
- 교육 콘텐츠 기획·제작 경험","- 지원서 또는 제출서류를 허위로 기재한 경우
- 채용검진 결과 직무 수행이 어렵다고 판단되는 경우
- 해외여행 및 근무에 결격사유가 있는 경우
- 관련 법령 또는 내부 인사규정상 채용이 불가능한 경우",서류전형 > 필기전형 > 면접전형 > 최종합격
1469,기술·전문강사 직무 채용,77,147,20260402,20260505,20,경력,정규직,전북특별자치도,학사 이상,"본 포지션은 기술·전문강사 업무를 담당하며, 현장의 요구사항을 정확히 파악해 안정적인 결과를 만드는 역할입니다.

교육 분야의 실무 기준과 절차에 따라 계획 수립부터 실행, 결과 확인까지 전 과정에 참여합니다.

업무 과정에서 발생하는 이슈를 데이터와 기록에 근거해 분석하고, 유관 부서와 협의하여 개선합니다.

입사 후에는 표준 절차와 내부 시스템 교육을 이수하며, 숙련도에 따라 담당 범위가 확대됩니다.

정확성, 안전, 책임 있는 의사소통을 중시하며 실무 중심의 협업 역량을 기대합니다.","- 기술·전문강사 직무 기준에 따른 실무 수행
- 기술·전문강사 관련 결과물 검토 및 개선
- 교육과정 개선 회의 참여
- 출결·성적 등 학사 행정 처리
- 안전하고 포용적인 학습환경 조성
- 학습자 수준 진단과 교육계획 수립
- 교과·과정별 수업 운영
- 수업자료와 평가도구 개발","- 개인정보와 교육윤리를 준수할 수 있는 분
- 협업과 상담 커뮤니케이션 역량
- 해당 분야 전공 또는 교육 역량을 갖춘 분
- 학습자 중심으로 명확하게 설명할 수 있는 분
- 수업계획서와 교육자료 작성이 가능한 분
- 개인정보와 교육윤리를 준수할 수 있는 분","- 산업안전기사 보유자
- 직업능력개발훈련교사 보유자
- 상담 또는 학습코칭 경험
- AI·디지털 교육도구 활용 경험
- 교원·보육·평생교육 관련 자격 보유자","- 지원서 또는 제출서류를 허위로 기재한 경우
- 채용검진 결과 직무 수행이 어렵다고 판단되는 경우
- 해외여행 및 근무에 결격사유가 있는 경우
- 관련 법령 또는 내부 인사규정상 채용이 불가능한 경우",서류전형 > 실무면접 > 최종면접
1470,기술·전문강사 부문 모집,146,147,20260607,20260717,4,신입·경력,계약직,전라남도,전문학사 이상,"본 포지션은 기술·전문강사 업무를 담당하며, 현장의 요구사항을 정확히 파악해 안정적인 결과를 만드는 역할입니다.

교육 분야의 실무 기준과 절차에 따라 계획 수립부터 실행, 결과 확인까지 전 과정에 참여합니다.

업무 과정에서 발생하는 이슈를 데이터와 기록에 근거해 분석하고, 유관 부서와 협의하여 개선합니다.

입사 후에는 표준 절차와 내부 시스템 교육을 이수하며, 숙련도에 따라 담당 범위가 확대됩니다.

정확성, 안전, 책임 있는 의사소통을 중시하며 실무 중심의 협업 역량을 기대합니다.","- 기술·전문강사 직무 기준에 따른 실무 수행
- 기술·전문강사 관련 결과물 검토 및 개선
- 학습자 수준 진단과 교육계획 수립
- 교과·과정별 수업 운영
- 수업자료와 평가도구 개발
- 학습 결과 분석 및 피드백 제공
- 학습자·보호자 상담과 기록 관리
- 교육과정 개선 회의 참여","- 학습자 중심으로 명확하게 설명할 수 있는 분
- 수업계획서와 교육자료 작성이 가능한 분
- 개인정보와 교육윤리를 준수할 수 있는 분
- 협업과 상담 커뮤니케이션 역량
- 해당 분야 전공 또는 교육 역량을 갖춘 분
- 학습자 중심으로 명확하게 설명할 수 있는 분","- 직업능력개발훈련교사 보유자
- 평생교육사 2급 보유자
- 온라인 수업 및 LMS 운영 경험
- 교육 콘텐츠 기획·제작 경험
- 상담 또는 학습코칭 경험","- 지원서 또는 제출서류를 허위로 기재한 경우
- 채용검진 결과 직무 수행이 어렵다고 판단되는 경우
- 해외여행 및 근무에 결격사유가 있는 경우
- 관련 법령 또는 내부 인사규정상 채용이 불가능한 경우",서류전형 > 인성검사 > 실무면접 > 최종면접
1471,학습지·방문교사 모집,141,148,20260913,20260927,9,신입,정규직,광주광역시,전문학사 이상,"본 포지션은 학습지·방문교사 업무를 담당하며, 현장의 요구사항을 정확히 파악해 안정적인 결과를 만드는 역할입니다.

교육 분야의 실무 기준과 절차에 따라 계획 수립부터 실행, 결과 확인까지 전 과정에 참여합니다.

업무 과정에서 발생하는 이슈를 데이터와 기록에 근거해 분석하고, 유관 부서와 협의하여 개선합니다.

입사 후에는 표준 절차와 내부 시스템 교육을 이수하며, 숙련도에 따라 담당 범위가 확대됩니다.

정확성, 안전, 책임 있는 의사소통을 중시하며 실무 중심의 협업 역량을 기대합니다.","- 학습지·방문교사 직무 기준에 따른 실무 수행
- 학습지·방문교사 관련 결과물 검토 및 개선
- 학습자·보호자 상담과 기록 관리
- 교육과정 개선 회의 참여
- 출결·성적 등 학사 행정 처리
- 안전하고 포용적인 학습환경 조성
- 학습자 수준 진단과 교육계획 수립
- 교과·과정별 수업 운영","- 학습자 중심으로 명확하게 설명할 수 있는 분
- 수업계획서와 교육자료 작성이 가능한 분
- 개인정보와 교육윤리를 준수할 수 있는 분
- 협업과 상담 커뮤니케이션 역량
- 해당 분야 전공 또는 교육 역량을 갖춘 분
- 학습자 중심으로 명확하게 설명할 수 있는 분","- 독서지도사 보유자
- 아동심리상담사 보유자
- 온라인 수업 및 LMS 운영 경험
- 교육 콘텐츠 기획·제작 경험
- 상담 또는 학습코칭 경험","- 지원서 또는 제출서류를 허위로 기재한 경우
- 채용검진 결과 직무 수행이 어렵다고 판단되는 경우
- 해외여행 및 근무에 결격사유가 있는 경우
- 관련 법령 또는 내부 인사규정상 채용이 불가능한 경우",서류전형 > 1차면접 > 2차면접 > 채용검진
1472,학습지·방문교사 채용,96,148,20260118,20260208,13,경력,계약직,울산광역시,학사 이상,"본 포지션은 학습지·방문교사 업무를 담당하며, 현장의 요구사항을 정확히 파악해 안정적인 결과를 만드는 역할입니다.

교육 분야의 실무 기준과 절차에 따라 계획 수립부터 실행, 결과 확인까지 전 과정에 참여합니다.

업무 과정에서 발생하는 이슈를 데이터와 기록에 근거해 분석하고, 유관 부서와 협의하여 개선합니다.

입사 후에는 표준 절차와 내부 시스템 교육을 이수하며, 숙련도에 따라 담당 범위가 확대됩니다.

정확성, 안전, 책임 있는 의사소통을 중시하며 실무 중심의 협업 역량을 기대합니다.","- 학습지·방문교사 직무 기준에 따른 실무 수행
- 학습지·방문교사 관련 결과물 검토 및 개선
- 안전하고 포용적인 학습환경 조성
- 학습자 수준 진단과 교육계획 수립
- 교과·과정별 수업 운영
- 수업자료와 평가도구 개발
- 학습 결과 분석 및 피드백 제공
- 학습자·보호자 상담과 기록 관리","- 협업과 상담 커뮤니케이션 역량
- 해당 분야 전공 또는 교육 역량을 갖춘 분
- 학습자 중심으로 명확하게 설명할 수 있는 분
- 수업계획서와 교육자료 작성이 가능한 분
- 개인정보와 교육윤리를 준수할 수 있는 분
- 협업과 상담 커뮤니케이션 역량","- 아동심리상담사 보유자
- 한국어교원 2급 보유자
- AI·디지털 교육도구 활용 경험
- 교원·보육·평생교육 관련 자격 보유자
- 온라인 수업 및 LMS 운영 경험","- 지원서 또는 제출서류를 허위로 기재한 경우
- 채용검진 결과 직무 수행이 어렵다고 판단되는 경우
- 해외여행 및 근무에 결격사유가 있는 경우
- 관련 법령 또는 내부 인사규정상 채용이 불가능한 경우",서류전형 > 필기전형 > 면접전형 > 최종합격
1473,학습지·방문교사 담당자 모집,148,148,20260323,20260420,17,신입·경력,기간제,세종특별자치시,학사 이상,"본 포지션은 학습지·방문교사 업무를 담당하며, 현장의 요구사항을 정확히 파악해 안정적인 결과를 만드는 역할입니다.

교육 분야의 실무 기준과 절차에 따라 계획 수립부터 실행, 결과 확인까지 전 과정에 참여합니다.

업무 과정에서 발생하는 이슈를 데이터와 기록에 근거해 분석하고, 유관 부서와 협의하여 개선합니다.

입사 후에는 표준 절차와 내부 시스템 교육을 이수하며, 숙련도에 따라 담당 범위가 확대됩니다.

정확성, 안전, 책임 있는 의사소통을 중시하며 실무 중심의 협업 역량을 기대합니다.","- 학습지·방문교사 직무 기준에 따른 실무 수행
- 학습지·방문교사 관련 결과물 검토 및 개선
- 수업자료와 평가도구 개발
- 학습 결과 분석 및 피드백 제공
- 학습자·보호자 상담과 기록 관리
- 교육과정 개선 회의 참여
- 출결·성적 등 학사 행정 처리
- 안전하고 포용적인 학습환경 조성","- 수업계획서와 교육자료 작성이 가능한 분
- 개인정보와 교육윤리를 준수할 수 있는 분
- 협업과 상담 커뮤니케이션 역량
- 해당 분야 전공 또는 교육 역량을 갖춘 분
- 학습자 중심으로 명확하게 설명할 수 있는 분
- 수업계획서와 교육자료 작성이 가능한 분","- 한국어교원 2급 보유자
- 독서지도사 보유자
- 교육 콘텐츠 기획·제작 경험
- 상담 또는 학습코칭 경험
- AI·디지털 교육도구 활용 경험","- 지원서 또는 제출서류를 허위로 기재한 경우
- 채용검진 결과 직무 수행이 어렵다고 판단되는 경우
- 해외여행 및 근무에 결격사유가 있는 경우
- 관련 법령 또는 내부 인사규정상 채용이 불가능한 경우",서류전형 > 실무면접 > 최종면접
1474,학습지·방문교사 인재 채용,41,148,20260504,20260608,1,경력 2년 이상,무기계약직,경기도,전문학사 이상,"본 포지션은 학습지·방문교사 업무를 담당하며, 현장의 요구사항을 정확히 파악해 안정적인 결과를 만드는 역할입니다.

교육 분야의 실무 기준과 절차에 따라 계획 수립부터 실행, 결과 확인까지 전 과정에 참여합니다.

업무 과정에서 발생하는 이슈를 데이터와 기록에 근거해 분석하고, 유관 부서와 협의하여 개선합니다.

입사 후에는 표준 절차와 내부 시스템 교육을 이수하며, 숙련도에 따라 담당 범위가 확대됩니다.

정확성, 안전, 책임 있는 의사소통을 중시하며 실무 중심의 협업 역량을 기대합니다.","- 학습지·방문교사 직무 기준에 따른 실무 수행
- 학습지·방문교사 관련 결과물 검토 및 개선
- 교육과정 개선 회의 참여
- 출결·성적 등 학사 행정 처리
- 안전하고 포용적인 학습환경 조성
- 학습자 수준 진단과 교육계획 수립
- 교과·과정별 수업 운영
- 수업자료와 평가도구 개발","- 해당 분야 전공 또는 교육 역량을 갖춘 분
- 학습자 중심으로 명확하게 설명할 수 있는 분
- 수업계획서와 교육자료 작성이 가능한 분
- 개인정보와 교육윤리를 준수할 수 있는 분
- 협업과 상담 커뮤니케이션 역량
- 해당 분야 전공 또는 교육 역량을 갖춘 분","- 독서지도사 보유자
- 아동심리상담사 보유자
- 교원·보육·평생교육 관련 자격 보유자
- 온라인 수업 및 LMS 운영 경험
- 교육 콘텐츠 기획·제작 경험","- 지원서 또는 제출서류를 허위로 기재한 경우
- 채용검진 결과 직무 수행이 어렵다고 판단되는 경우
- 해외여행 및 근무에 결격사유가 있는 경우
- 관련 법령 또는 내부 인사규정상 채용이 불가능한 경우",서류전형 > 인성검사 > 실무면접 > 최종면접
1475,학습지·방문교사 실무자 모집,105,148,20260709,20260820,5,경력 3년 이상,정규직,강원특별자치도,학사 이상,"본 포지션은 학습지·방문교사 업무를 담당하며, 현장의 요구사항을 정확히 파악해 안정적인 결과를 만드는 역할입니다.

교육 분야의 실무 기준과 절차에 따라 계획 수립부터 실행, 결과 확인까지 전 과정에 참여합니다.

업무 과정에서 발생하는 이슈를 데이터와 기록에 근거해 분석하고, 유관 부서와 협의하여 개선합니다.

입사 후에는 표준 절차와 내부 시스템 교육을 이수하며, 숙련도에 따라 담당 범위가 확대됩니다.

정확성, 안전, 책임 있는 의사소통을 중시하며 실무 중심의 협업 역량을 기대합니다.","- 학습지·방문교사 직무 기준에 따른 실무 수행
- 학습지·방문교사 관련 결과물 검토 및 개선
- 학습자 수준 진단과 교육계획 수립
- 교과·과정별 수업 운영
- 수업자료와 평가도구 개발
- 학습 결과 분석 및 피드백 제공
- 학습자·보호자 상담과 기록 관리
- 교육과정 개선 회의 참여","- 개인정보와 교육윤리를 준수할 수 있는 분
- 협업과 상담 커뮤니케이션 역량
- 해당 분야 전공 또는 교육 역량을 갖춘 분
- 학습자 중심으로 명확하게 설명할 수 있는 분
- 수업계획서와 교육자료 작성이 가능한 분
- 개인정보와 교육윤리를 준수할 수 있는 분","- 아동심리상담사 보유자
- 한국어교원 2급 보유자
- 상담 또는 학습코칭 경험
- AI·디지털 교육도구 활용 경험
- 교원·보육·평생교육 관련 자격 보유자","- 지원서 또는 제출서류를 허위로 기재한 경우
- 채용검진 결과 직무 수행이 어렵다고 판단되는 경우
- 해외여행 및 근무에 결격사유가 있는 경우
- 관련 법령 또는 내부 인사규정상 채용이 불가능한 경우",서류전형 > 직무과제 > 실무면접 > 처우협의
1476,학습지·방문교사 전문인력 채용,125,148,20260914,20260927,9,경력 무관,계약직,충청북도,학사 이상,"본 포지션은 학습지·방문교사 업무를 담당하며, 현장의 요구사항을 정확히 파악해 안정적인 결과를 만드는 역할입니다.

교육 분야의 실무 기준과 절차에 따라 계획 수립부터 실행, 결과 확인까지 전 과정에 참여합니다.

업무 과정에서 발생하는 이슈를 데이터와 기록에 근거해 분석하고, 유관 부서와 협의하여 개선합니다.

입사 후에는 표준 절차와 내부 시스템 교육을 이수하며, 숙련도에 따라 담당 범위가 확대됩니다.

정확성, 안전, 책임 있는 의사소통을 중시하며 실무 중심의 협업 역량을 기대합니다.","- 학습지·방문교사 직무 기준에 따른 실무 수행
- 학습지·방문교사 관련 결과물 검토 및 개선
- 학습 결과 분석 및 피드백 제공
- 학습자·보호자 상담과 기록 관리
- 교육과정 개선 회의 참여
- 출결·성적 등 학사 행정 처리
- 안전하고 포용적인 학습환경 조성
- 학습자 수준 진단과 교육계획 수립","- 학습자 중심으로 명확하게 설명할 수 있는 분
- 수업계획서와 교육자료 작성이 가능한 분
- 개인정보와 교육윤리를 준수할 수 있는 분
- 협업과 상담 커뮤니케이션 역량
- 해당 분야 전공 또는 교육 역량을 갖춘 분
- 학습자 중심으로 명확하게 설명할 수 있는 분","- 한국어교원 2급 보유자
- 독서지도사 보유자
- 온라인 수업 및 LMS 운영 경험
- 교육 콘텐츠 기획·제작 경험
- 상담 또는 학습코칭 경험","- 지원서 또는 제출서류를 허위로 기재한 경우
- 채용검진 결과 직무 수행이 어렵다고 판단되는 경우
- 해외여행 및 근무에 결격사유가 있는 경우
- 관련 법령 또는 내부 인사규정상 채용이 불가능한 경우",서류전형 > 1차면접 > 2차면접 > 채용검진
1477,학습지·방문교사 운영인력 모집,91,148,20260119,20260208,13,경력 5년 이상,기간제,충청남도,전문학사 이상,"본 포지션은 학습지·방문교사 업무를 담당하며, 현장의 요구사항을 정확히 파악해 안정적인 결과를 만드는 역할입니다.

교육 분야의 실무 기준과 절차에 따라 계획 수립부터 실행, 결과 확인까지 전 과정에 참여합니다.

업무 과정에서 발생하는 이슈를 데이터와 기록에 근거해 분석하고, 유관 부서와 협의하여 개선합니다.

입사 후에는 표준 절차와 내부 시스템 교육을 이수하며, 숙련도에 따라 담당 범위가 확대됩니다.

정확성, 안전, 책임 있는 의사소통을 중시하며 실무 중심의 협업 역량을 기대합니다.","- 학습지·방문교사 직무 기준에 따른 실무 수행
- 학습지·방문교사 관련 결과물 검토 및 개선
- 출결·성적 등 학사 행정 처리
- 안전하고 포용적인 학습환경 조성
- 학습자 수준 진단과 교육계획 수립
- 교과·과정별 수업 운영
- 수업자료와 평가도구 개발
- 학습 결과 분석 및 피드백 제공","- 협업과 상담 커뮤니케이션 역량
- 해당 분야 전공 또는 교육 역량을 갖춘 분
- 학습자 중심으로 명확하게 설명할 수 있는 분
- 수업계획서와 교육자료 작성이 가능한 분
- 개인정보와 교육윤리를 준수할 수 있는 분
- 협업과 상담 커뮤니케이션 역량","- 독서지도사 보유자
- 아동심리상담사 보유자
- AI·디지털 교육도구 활용 경험
- 교원·보육·평생교육 관련 자격 보유자
- 온라인 수업 및 LMS 운영 경험","- 지원서 또는 제출서류를 허위로 기재한 경우
- 채용검진 결과 직무 수행이 어렵다고 판단되는 경우
- 해외여행 및 근무에 결격사유가 있는 경우
- 관련 법령 또는 내부 인사규정상 채용이 불가능한 경우",서류전형 > 필기전형 > 면접전형 > 최종합격
1478,학습지·방문교사 프로젝트 인력 채용,1,148,20260324,20260420,17,신입,무기계약직,전북특별자치도,학사 이상,"본 포지션은 학습지·방문교사 업무를 담당하며, 현장의 요구사항을 정확히 파악해 안정적인 결과를 만드는 역할입니다.

교육 분야의 실무 기준과 절차에 따라 계획 수립부터 실행, 결과 확인까지 전 과정에 참여합니다.

업무 과정에서 발생하는 이슈를 데이터와 기록에 근거해 분석하고, 유관 부서와 협의하여 개선합니다.

입사 후에는 표준 절차와 내부 시스템 교육을 이수하며, 숙련도에 따라 담당 범위가 확대됩니다.

정확성, 안전, 책임 있는 의사소통을 중시하며 실무 중심의 협업 역량을 기대합니다.","- 학습지·방문교사 직무 기준에 따른 실무 수행
- 학습지·방문교사 관련 결과물 검토 및 개선
- 교과·과정별 수업 운영
- 수업자료와 평가도구 개발
- 학습 결과 분석 및 피드백 제공
- 학습자·보호자 상담과 기록 관리
- 교육과정 개선 회의 참여
- 출결·성적 등 학사 행정 처리","- 수업계획서와 교육자료 작성이 가능한 분
- 개인정보와 교육윤리를 준수할 수 있는 분
- 협업과 상담 커뮤니케이션 역량
- 해당 분야 전공 또는 교육 역량을 갖춘 분
- 학습자 중심으로 명확하게 설명할 수 있는 분
- 수업계획서와 교육자료 작성이 가능한 분","- 아동심리상담사 보유자
- 한국어교원 2급 보유자
- 교육 콘텐츠 기획·제작 경험
- 상담 또는 학습코칭 경험
- AI·디지털 교육도구 활용 경험","- 지원서 또는 제출서류를 허위로 기재한 경우
- 채용검진 결과 직무 수행이 어렵다고 판단되는 경우
- 해외여행 및 근무에 결격사유가 있는 경우
- 관련 법령 또는 내부 인사규정상 채용이 불가능한 경우",서류전형 > 실무면접 > 최종면접
1479,학습지·방문교사 직무 채용,71,148,20260505,20260608,1,경력,정규직,전라남도,학사 이상,"본 포지션은 학습지·방문교사 업무를 담당하며, 현장의 요구사항을 정확히 파악해 안정적인 결과를 만드는 역할입니다.

교육 분야의 실무 기준과 절차에 따라 계획 수립부터 실행, 결과 확인까지 전 과정에 참여합니다.

업무 과정에서 발생하는 이슈를 데이터와 기록에 근거해 분석하고, 유관 부서와 협의하여 개선합니다.

입사 후에는 표준 절차와 내부 시스템 교육을 이수하며, 숙련도에 따라 담당 범위가 확대됩니다.

정확성, 안전, 책임 있는 의사소통을 중시하며 실무 중심의 협업 역량을 기대합니다.","- 학습지·방문교사 직무 기준에 따른 실무 수행
- 학습지·방문교사 관련 결과물 검토 및 개선
- 학습자·보호자 상담과 기록 관리
- 교육과정 개선 회의 참여
- 출결·성적 등 학사 행정 처리
- 안전하고 포용적인 학습환경 조성
- 학습자 수준 진단과 교육계획 수립
- 교과·과정별 수업 운영","- 해당 분야 전공 또는 교육 역량을 갖춘 분
- 학습자 중심으로 명확하게 설명할 수 있는 분
- 수업계획서와 교육자료 작성이 가능한 분
- 개인정보와 교육윤리를 준수할 수 있는 분
- 협업과 상담 커뮤니케이션 역량
- 해당 분야 전공 또는 교육 역량을 갖춘 분","- 한국어교원 2급 보유자
- 독서지도사 보유자
- 교원·보육·평생교육 관련 자격 보유자
- 온라인 수업 및 LMS 운영 경험
- 교육 콘텐츠 기획·제작 경험","- 지원서 또는 제출서류를 허위로 기재한 경우
- 채용검진 결과 직무 수행이 어렵다고 판단되는 경우
- 해외여행 및 근무에 결격사유가 있는 경우
- 관련 법령 또는 내부 인사규정상 채용이 불가능한 경우",서류전형 > 인성검사 > 실무면접 > 최종면접
1480,학습지·방문교사 부문 모집,133,148,20260710,20260820,5,신입·경력,계약직,경상북도,전문학사 이상,"본 포지션은 학습지·방문교사 업무를 담당하며, 현장의 요구사항을 정확히 파악해 안정적인 결과를 만드는 역할입니다.

교육 분야의 실무 기준과 절차에 따라 계획 수립부터 실행, 결과 확인까지 전 과정에 참여합니다.

업무 과정에서 발생하는 이슈를 데이터와 기록에 근거해 분석하고, 유관 부서와 협의하여 개선합니다.

입사 후에는 표준 절차와 내부 시스템 교육을 이수하며, 숙련도에 따라 담당 범위가 확대됩니다.

정확성, 안전, 책임 있는 의사소통을 중시하며 실무 중심의 협업 역량을 기대합니다.","- 학습지·방문교사 직무 기준에 따른 실무 수행
- 학습지·방문교사 관련 결과물 검토 및 개선
- 안전하고 포용적인 학습환경 조성
- 학습자 수준 진단과 교육계획 수립
- 교과·과정별 수업 운영
- 수업자료와 평가도구 개발
- 학습 결과 분석 및 피드백 제공
- 학습자·보호자 상담과 기록 관리","- 개인정보와 교육윤리를 준수할 수 있는 분
- 협업과 상담 커뮤니케이션 역량
- 해당 분야 전공 또는 교육 역량을 갖춘 분
- 학습자 중심으로 명확하게 설명할 수 있는 분
- 수업계획서와 교육자료 작성이 가능한 분
- 개인정보와 교육윤리를 준수할 수 있는 분","- 독서지도사 보유자
- 아동심리상담사 보유자
- 상담 또는 학습코칭 경험
- AI·디지털 교육도구 활용 경험
- 교원·보육·평생교육 관련 자격 보유자","- 지원서 또는 제출서류를 허위로 기재한 경우
- 채용검진 결과 직무 수행이 어렵다고 판단되는 경우
- 해외여행 및 근무에 결격사유가 있는 경우
- 관련 법령 또는 내부 인사규정상 채용이 불가능한 경우",서류전형 > 직무과제 > 실무면접 > 처우협의
1481,학원상담·운영 모집,123,149,20261016,20261031,10,신입,정규직,울산광역시,전문학사 이상,"본 포지션은 학원상담·운영 업무를 담당하며, 현장의 요구사항을 정확히 파악해 안정적인 결과를 만드는 역할입니다.

교육 분야의 실무 기준과 절차에 따라 계획 수립부터 실행, 결과 확인까지 전 과정에 참여합니다.

업무 과정에서 발생하는 이슈를 데이터와 기록에 근거해 분석하고, 유관 부서와 협의하여 개선합니다.

입사 후에는 표준 절차와 내부 시스템 교육을 이수하며, 숙련도에 따라 담당 범위가 확대됩니다.

정확성, 안전, 책임 있는 의사소통을 중시하며 실무 중심의 협업 역량을 기대합니다.","- 학원상담·운영 직무 기준에 따른 실무 수행
- 학원상담·운영 관련 결과물 검토 및 개선
- 학습 결과 분석 및 피드백 제공
- 학습자·보호자 상담과 기록 관리
- 교육과정 개선 회의 참여
- 출결·성적 등 학사 행정 처리
- 안전하고 포용적인 학습환경 조성
- 학습자 수준 진단과 교육계획 수립","- 개인정보와 교육윤리를 준수할 수 있는 분
- 협업과 상담 커뮤니케이션 역량
- 해당 분야 전공 또는 교육 역량을 갖춘 분
- 학습자 중심으로 명확하게 설명할 수 있는 분
- 수업계획서와 교육자료 작성이 가능한 분
- 개인정보와 교육윤리를 준수할 수 있는 분","- 청소년상담사 3급 보유자
- 직업상담사 2급 보유자
- 상담 또는 학습코칭 경험
- AI·디지털 교육도구 활용 경험
- 교원·보육·평생교육 관련 자격 보유자","- 지원서 또는 제출서류를 허위로 기재한 경우
- 채용검진 결과 직무 수행이 어렵다고 판단되는 경우
- 해외여행 및 근무에 결격사유가 있는 경우
- 관련 법령 또는 내부 인사규정상 채용이 불가능한 경우",서류전형 > 필기전형 > 면접전형 > 최종합격
1482,학원상담·운영 채용,34,149,20260221,20260315,14,경력,계약직,세종특별자치시,학사 이상,"본 포지션은 학원상담·운영 업무를 담당하며, 현장의 요구사항을 정확히 파악해 안정적인 결과를 만드는 역할입니다.

교육 분야의 실무 기준과 절차에 따라 계획 수립부터 실행, 결과 확인까지 전 과정에 참여합니다.

업무 과정에서 발생하는 이슈를 데이터와 기록에 근거해 분석하고, 유관 부서와 협의하여 개선합니다.

입사 후에는 표준 절차와 내부 시스템 교육을 이수하며, 숙련도에 따라 담당 범위가 확대됩니다.

정확성, 안전, 책임 있는 의사소통을 중시하며 실무 중심의 협업 역량을 기대합니다.","- 학원상담·운영 직무 기준에 따른 실무 수행
- 학원상담·운영 관련 결과물 검토 및 개선
- 출결·성적 등 학사 행정 처리
- 안전하고 포용적인 학습환경 조성
- 학습자 수준 진단과 교육계획 수립
- 교과·과정별 수업 운영
- 수업자료와 평가도구 개발
- 학습 결과 분석 및 피드백 제공","- 학습자 중심으로 명확하게 설명할 수 있는 분
- 수업계획서와 교육자료 작성이 가능한 분
- 개인정보와 교육윤리를 준수할 수 있는 분
- 협업과 상담 커뮤니케이션 역량
- 해당 분야 전공 또는 교육 역량을 갖춘 분
- 학습자 중심으로 명확하게 설명할 수 있는 분","- 직업상담사 2급 보유자
- 평생교육사 2급 보유자
- 온라인 수업 및 LMS 운영 경험
- 교육 콘텐츠 기획·제작 경험
- 상담 또는 학습코칭 경험","- 지원서 또는 제출서류를 허위로 기재한 경우
- 채용검진 결과 직무 수행이 어렵다고 판단되는 경우
- 해외여행 및 근무에 결격사유가 있는 경우
- 관련 법령 또는 내부 인사규정상 채용이 불가능한 경우",서류전형 > 실무면접 > 최종면접
1483,학원상담·운영 담당자 모집,149,149,20260402,20260501,18,신입·경력,기간제,경기도,학사 이상,"본 포지션은 학원상담·운영 업무를 담당하며, 현장의 요구사항을 정확히 파악해 안정적인 결과를 만드는 역할입니다.

교육 분야의 실무 기준과 절차에 따라 계획 수립부터 실행, 결과 확인까지 전 과정에 참여합니다.

업무 과정에서 발생하는 이슈를 데이터와 기록에 근거해 분석하고, 유관 부서와 협의하여 개선합니다.

입사 후에는 표준 절차와 내부 시스템 교육을 이수하며, 숙련도에 따라 담당 범위가 확대됩니다.

정확성, 안전, 책임 있는 의사소통을 중시하며 실무 중심의 협업 역량을 기대합니다.","- 학원상담·운영 직무 기준에 따른 실무 수행
- 학원상담·운영 관련 결과물 검토 및 개선
- 교과·과정별 수업 운영
- 수업자료와 평가도구 개발
- 학습 결과 분석 및 피드백 제공
- 학습자·보호자 상담과 기록 관리
- 교육과정 개선 회의 참여
- 출결·성적 등 학사 행정 처리","- 협업과 상담 커뮤니케이션 역량
- 해당 분야 전공 또는 교육 역량을 갖춘 분
- 학습자 중심으로 명확하게 설명할 수 있는 분
- 수업계획서와 교육자료 작성이 가능한 분
- 개인정보와 교육윤리를 준수할 수 있는 분
- 협업과 상담 커뮤니케이션 역량","- 평생교육사 2급 보유자
- 청소년상담사 3급 보유자
- AI·디지털 교육도구 활용 경험
- 교원·보육·평생교육 관련 자격 보유자
- 온라인 수업 및 LMS 운영 경험","- 지원서 또는 제출서류를 허위로 기재한 경우
- 채용검진 결과 직무 수행이 어렵다고 판단되는 경우
- 해외여행 및 근무에 결격사유가 있는 경우
- 관련 법령 또는 내부 인사규정상 채용이 불가능한 경우",서류전형 > 인성검사 > 실무면접 > 최종면접
1484,학원상담·운영 인재 채용,140,149,20260607,20260713,2,경력 2년 이상,무기계약직,강원특별자치도,전문학사 이상,"본 포지션은 학원상담·운영 업무를 담당하며, 현장의 요구사항을 정확히 파악해 안정적인 결과를 만드는 역할입니다.

교육 분야의 실무 기준과 절차에 따라 계획 수립부터 실행, 결과 확인까지 전 과정에 참여합니다.

업무 과정에서 발생하는 이슈를 데이터와 기록에 근거해 분석하고, 유관 부서와 협의하여 개선합니다.

입사 후에는 표준 절차와 내부 시스템 교육을 이수하며, 숙련도에 따라 담당 범위가 확대됩니다.

정확성, 안전, 책임 있는 의사소통을 중시하며 실무 중심의 협업 역량을 기대합니다.","- 학원상담·운영 직무 기준에 따른 실무 수행
- 학원상담·운영 관련 결과물 검토 및 개선
- 학습자·보호자 상담과 기록 관리
- 교육과정 개선 회의 참여
- 출결·성적 등 학사 행정 처리
- 안전하고 포용적인 학습환경 조성
- 학습자 수준 진단과 교육계획 수립
- 교과·과정별 수업 운영","- 수업계획서와 교육자료 작성이 가능한 분
- 개인정보와 교육윤리를 준수할 수 있는 분
- 협업과 상담 커뮤니케이션 역량
- 해당 분야 전공 또는 교육 역량을 갖춘 분
- 학습자 중심으로 명확하게 설명할 수 있는 분
- 수업계획서와 교육자료 작성이 가능한 분","- 청소년상담사 3급 보유자
- 직업상담사 2급 보유자
- 교육 콘텐츠 기획·제작 경험
- 상담 또는 학습코칭 경험
- AI·디지털 교육도구 활용 경험","- 지원서 또는 제출서류를 허위로 기재한 경우
- 채용검진 결과 직무 수행이 어렵다고 판단되는 경우
- 해외여행 및 근무에 결격사유가 있는 경우
- 관련 법령 또는 내부 인사규정상 채용이 불가능한 경우",서류전형 > 직무과제 > 실무면접 > 처우협의
1485,학원상담·운영 실무자 모집,68,149,20260812,20260924,6,경력 3년 이상,정규직,충청북도,학사 이상,"본 포지션은 학원상담·운영 업무를 담당하며, 현장의 요구사항을 정확히 파악해 안정적인 결과를 만드는 역할입니다.

교육 분야의 실무 기준과 절차에 따라 계획 수립부터 실행, 결과 확인까지 전 과정에 참여합니다.

업무 과정에서 발생하는 이슈를 데이터와 기록에 근거해 분석하고, 유관 부서와 협의하여 개선합니다.

입사 후에는 표준 절차와 내부 시스템 교육을 이수하며, 숙련도에 따라 담당 범위가 확대됩니다.

정확성, 안전, 책임 있는 의사소통을 중시하며 실무 중심의 협업 역량을 기대합니다.","- 학원상담·운영 직무 기준에 따른 실무 수행
- 학원상담·운영 관련 결과물 검토 및 개선
- 안전하고 포용적인 학습환경 조성
- 학습자 수준 진단과 교육계획 수립
- 교과·과정별 수업 운영
- 수업자료와 평가도구 개발
- 학습 결과 분석 및 피드백 제공
- 학습자·보호자 상담과 기록 관리","- 해당 분야 전공 또는 교육 역량을 갖춘 분
- 학습자 중심으로 명확하게 설명할 수 있는 분
- 수업계획서와 교육자료 작성이 가능한 분
- 개인정보와 교육윤리를 준수할 수 있는 분
- 협업과 상담 커뮤니케이션 역량
- 해당 분야 전공 또는 교육 역량을 갖춘 분","- 직업상담사 2급 보유자
- 평생교육사 2급 보유자
- 교원·보육·평생교육 관련 자격 보유자
- 온라인 수업 및 LMS 운영 경험
- 교육 콘텐츠 기획·제작 경험","- 지원서 또는 제출서류를 허위로 기재한 경우
- 채용검진 결과 직무 수행이 어렵다고 판단되는 경우
- 해외여행 및 근무에 결격사유가 있는 경우
- 관련 법령 또는 내부 인사규정상 채용이 불가능한 경우",서류전형 > 1차면접 > 2차면접 > 채용검진
1486,학원상담·운영 전문인력 채용,94,149,20261017,20261031,10,경력 무관,계약직,충청남도,학사 이상,"본 포지션은 학원상담·운영 업무를 담당하며, 현장의 요구사항을 정확히 파악해 안정적인 결과를 만드는 역할입니다.

교육 분야의 실무 기준과 절차에 따라 계획 수립부터 실행, 결과 확인까지 전 과정에 참여합니다.

업무 과정에서 발생하는 이슈를 데이터와 기록에 근거해 분석하고, 유관 부서와 협의하여 개선합니다.

입사 후에는 표준 절차와 내부 시스템 교육을 이수하며, 숙련도에 따라 담당 범위가 확대됩니다.

정확성, 안전, 책임 있는 의사소통을 중시하며 실무 중심의 협업 역량을 기대합니다.","- 학원상담·운영 직무 기준에 따른 실무 수행
- 학원상담·운영 관련 결과물 검토 및 개선
- 수업자료와 평가도구 개발
- 학습 결과 분석 및 피드백 제공
- 학습자·보호자 상담과 기록 관리
- 교육과정 개선 회의 참여
- 출결·성적 등 학사 행정 처리
- 안전하고 포용적인 학습환경 조성","- 개인정보와 교육윤리를 준수할 수 있는 분
- 협업과 상담 커뮤니케이션 역량
- 해당 분야 전공 또는 교육 역량을 갖춘 분
- 학습자 중심으로 명확하게 설명할 수 있는 분
- 수업계획서와 교육자료 작성이 가능한 분
- 개인정보와 교육윤리를 준수할 수 있는 분","- 평생교육사 2급 보유자
- 청소년상담사 3급 보유자
- 상담 또는 학습코칭 경험
- AI·디지털 교육도구 활용 경험
- 교원·보육·평생교육 관련 자격 보유자","- 지원서 또는 제출서류를 허위로 기재한 경우
- 채용검진 결과 직무 수행이 어렵다고 판단되는 경우
- 해외여행 및 근무에 결격사유가 있는 경우
- 관련 법령 또는 내부 인사규정상 채용이 불가능한 경우",서류전형 > 필기전형 > 면접전형 > 최종합격
1487,학원상담·운영 운영인력 모집,25,149,20260222,20260315,14,경력 5년 이상,기간제,전북특별자치도,전문학사 이상,"본 포지션은 학원상담·운영 업무를 담당하며, 현장의 요구사항을 정확히 파악해 안정적인 결과를 만드는 역할입니다.

교육 분야의 실무 기준과 절차에 따라 계획 수립부터 실행, 결과 확인까지 전 과정에 참여합니다.

업무 과정에서 발생하는 이슈를 데이터와 기록에 근거해 분석하고, 유관 부서와 협의하여 개선합니다.

입사 후에는 표준 절차와 내부 시스템 교육을 이수하며, 숙련도에 따라 담당 범위가 확대됩니다.

정확성, 안전, 책임 있는 의사소통을 중시하며 실무 중심의 협업 역량을 기대합니다.","- 학원상담·운영 직무 기준에 따른 실무 수행
- 학원상담·운영 관련 결과물 검토 및 개선
- 교육과정 개선 회의 참여
- 출결·성적 등 학사 행정 처리
- 안전하고 포용적인 학습환경 조성
- 학습자 수준 진단과 교육계획 수립
- 교과·과정별 수업 운영
- 수업자료와 평가도구 개발","- 학습자 중심으로 명확하게 설명할 수 있는 분
- 수업계획서와 교육자료 작성이 가능한 분
- 개인정보와 교육윤리를 준수할 수 있는 분
- 협업과 상담 커뮤니케이션 역량
- 해당 분야 전공 또는 교육 역량을 갖춘 분
- 학습자 중심으로 명확하게 설명할 수 있는 분","- 청소년상담사 3급 보유자
- 직업상담사 2급 보유자
- 온라인 수업 및 LMS 운영 경험
- 교육 콘텐츠 기획·제작 경험
- 상담 또는 학습코칭 경험","- 지원서 또는 제출서류를 허위로 기재한 경우
- 채용검진 결과 직무 수행이 어렵다고 판단되는 경우
- 해외여행 및 근무에 결격사유가 있는 경우
- 관련 법령 또는 내부 인사규정상 채용이 불가능한 경우",서류전형 > 실무면접 > 최종면접
1488,학원상담·운영 프로젝트 인력 채용,120,149,20260403,20260501,18,신입,무기계약직,전라남도,학사 이상,"본 포지션은 학원상담·운영 업무를 담당하며, 현장의 요구사항을 정확히 파악해 안정적인 결과를 만드는 역할입니다.

교육 분야의 실무 기준과 절차에 따라 계획 수립부터 실행, 결과 확인까지 전 과정에 참여합니다.

업무 과정에서 발생하는 이슈를 데이터와 기록에 근거해 분석하고, 유관 부서와 협의하여 개선합니다.

입사 후에는 표준 절차와 내부 시스템 교육을 이수하며, 숙련도에 따라 담당 범위가 확대됩니다.

정확성, 안전, 책임 있는 의사소통을 중시하며 실무 중심의 협업 역량을 기대합니다.","- 학원상담·운영 직무 기준에 따른 실무 수행
- 학원상담·운영 관련 결과물 검토 및 개선
- 학습자 수준 진단과 교육계획 수립
- 교과·과정별 수업 운영
- 수업자료와 평가도구 개발
- 학습 결과 분석 및 피드백 제공
- 학습자·보호자 상담과 기록 관리
- 교육과정 개선 회의 참여","- 협업과 상담 커뮤니케이션 역량
- 해당 분야 전공 또는 교육 역량을 갖춘 분
- 학습자 중심으로 명확하게 설명할 수 있는 분
- 수업계획서와 교육자료 작성이 가능한 분
- 개인정보와 교육윤리를 준수할 수 있는 분
- 협업과 상담 커뮤니케이션 역량","- 직업상담사 2급 보유자
- 평생교육사 2급 보유자
- AI·디지털 교육도구 활용 경험
- 교원·보육·평생교육 관련 자격 보유자
- 온라인 수업 및 LMS 운영 경험","- 지원서 또는 제출서류를 허위로 기재한 경우
- 채용검진 결과 직무 수행이 어렵다고 판단되는 경우
- 해외여행 및 근무에 결격사유가 있는 경우
- 관련 법령 또는 내부 인사규정상 채용이 불가능한 경우",서류전형 > 인성검사 > 실무면접 > 최종면접
1489,학원상담·운영 직무 채용,80,149,20260608,20260713,2,경력,정규직,경상북도,학사 이상,"본 포지션은 학원상담·운영 업무를 담당하며, 현장의 요구사항을 정확히 파악해 안정적인 결과를 만드는 역할입니다.

교육 분야의 실무 기준과 절차에 따라 계획 수립부터 실행, 결과 확인까지 전 과정에 참여합니다.

업무 과정에서 발생하는 이슈를 데이터와 기록에 근거해 분석하고, 유관 부서와 협의하여 개선합니다.

입사 후에는 표준 절차와 내부 시스템 교육을 이수하며, 숙련도에 따라 담당 범위가 확대됩니다.

정확성, 안전, 책임 있는 의사소통을 중시하며 실무 중심의 협업 역량을 기대합니다.","- 학원상담·운영 직무 기준에 따른 실무 수행
- 학원상담·운영 관련 결과물 검토 및 개선
- 학습 결과 분석 및 피드백 제공
- 학습자·보호자 상담과 기록 관리
- 교육과정 개선 회의 참여
- 출결·성적 등 학사 행정 처리
- 안전하고 포용적인 학습환경 조성
- 학습자 수준 진단과 교육계획 수립","- 수업계획서와 교육자료 작성이 가능한 분
- 개인정보와 교육윤리를 준수할 수 있는 분
- 협업과 상담 커뮤니케이션 역량
- 해당 분야 전공 또는 교육 역량을 갖춘 분
- 학습자 중심으로 명확하게 설명할 수 있는 분
- 수업계획서와 교육자료 작성이 가능한 분","- 평생교육사 2급 보유자
- 청소년상담사 3급 보유자
- 교육 콘텐츠 기획·제작 경험
- 상담 또는 학습코칭 경험
- AI·디지털 교육도구 활용 경험","- 지원서 또는 제출서류를 허위로 기재한 경우
- 채용검진 결과 직무 수행이 어렵다고 판단되는 경우
- 해외여행 및 근무에 결격사유가 있는 경우
- 관련 법령 또는 내부 인사규정상 채용이 불가능한 경우",서류전형 > 직무과제 > 실무면접 > 처우협의
1490,학원상담·운영 부문 모집,42,149,20260813,20260924,6,신입·경력,계약직,경상남도,전문학사 이상,"본 포지션은 학원상담·운영 업무를 담당하며, 현장의 요구사항을 정확히 파악해 안정적인 결과를 만드는 역할입니다.

교육 분야의 실무 기준과 절차에 따라 계획 수립부터 실행, 결과 확인까지 전 과정에 참여합니다.

업무 과정에서 발생하는 이슈를 데이터와 기록에 근거해 분석하고, 유관 부서와 협의하여 개선합니다.

입사 후에는 표준 절차와 내부 시스템 교육을 이수하며, 숙련도에 따라 담당 범위가 확대됩니다.

정확성, 안전, 책임 있는 의사소통을 중시하며 실무 중심의 협업 역량을 기대합니다.","- 학원상담·운영 직무 기준에 따른 실무 수행
- 학원상담·운영 관련 결과물 검토 및 개선
- 출결·성적 등 학사 행정 처리
- 안전하고 포용적인 학습환경 조성
- 학습자 수준 진단과 교육계획 수립
- 교과·과정별 수업 운영
- 수업자료와 평가도구 개발
- 학습 결과 분석 및 피드백 제공","- 해당 분야 전공 또는 교육 역량을 갖춘 분
- 학습자 중심으로 명확하게 설명할 수 있는 분
- 수업계획서와 교육자료 작성이 가능한 분
- 개인정보와 교육윤리를 준수할 수 있는 분
- 협업과 상담 커뮤니케이션 역량
- 해당 분야 전공 또는 교육 역량을 갖춘 분","- 청소년상담사 3급 보유자
- 직업상담사 2급 보유자
- 교원·보육·평생교육 관련 자격 보유자
- 온라인 수업 및 LMS 운영 경험
- 교육 콘텐츠 기획·제작 경험","- 지원서 또는 제출서류를 허위로 기재한 경우
- 채용검진 결과 직무 수행이 어렵다고 판단되는 경우
- 해외여행 및 근무에 결격사유가 있는 경우
- 관련 법령 또는 내부 인사규정상 채용이 불가능한 경우",서류전형 > 1차면접 > 2차면접 > 채용검진
1491,교직원·조교 모집,143,150,20260119,20260204,11,신입,정규직,세종특별자치시,전문학사 이상,"본 포지션은 교직원·조교 업무를 담당하며, 현장의 요구사항을 정확히 파악해 안정적인 결과를 만드는 역할입니다.

교육 분야의 실무 기준과 절차에 따라 계획 수립부터 실행, 결과 확인까지 전 과정에 참여합니다.

업무 과정에서 발생하는 이슈를 데이터와 기록에 근거해 분석하고, 유관 부서와 협의하여 개선합니다.

입사 후에는 표준 절차와 내부 시스템 교육을 이수하며, 숙련도에 따라 담당 범위가 확대됩니다.

정확성, 안전, 책임 있는 의사소통을 중시하며 실무 중심의 협업 역량을 기대합니다.","- 교직원·조교 직무 기준에 따른 실무 수행
- 교직원·조교 관련 결과물 검토 및 개선
- 수업자료와 평가도구 개발
- 학습 결과 분석 및 피드백 제공
- 학습자·보호자 상담과 기록 관리
- 교육과정 개선 회의 참여
- 출결·성적 등 학사 행정 처리
- 안전하고 포용적인 학습환경 조성","- 해당 분야 전공 또는 교육 역량을 갖춘 분
- 학습자 중심으로 명확하게 설명할 수 있는 분
- 수업계획서와 교육자료 작성이 가능한 분
- 개인정보와 교육윤리를 준수할 수 있는 분
- 협업과 상담 커뮤니케이션 역량
- 해당 분야 전공 또는 교육 역량을 갖춘 분","- 컴퓨터활용능력 1급 보유자
- 워드프로세서 보유자
- 교원·보육·평생교육 관련 자격 보유자
- 온라인 수업 및 LMS 운영 경험
- 교육 콘텐츠 기획·제작 경험","- 지원서 또는 제출서류를 허위로 기재한 경우
- 채용검진 결과 직무 수행이 어렵다고 판단되는 경우
- 해외여행 및 근무에 결격사유가 있는 경우
- 관련 법령 또는 내부 인사규정상 채용이 불가능한 경우",서류전형 > 실무면접 > 최종면접
1492,교직원·조교 채용,68,150,20260324,20260416,15,경력,계약직,경기도,학사 이상,"본 포지션은 교직원·조교 업무를 담당하며, 현장의 요구사항을 정확히 파악해 안정적인 결과를 만드는 역할입니다.

교육 분야의 실무 기준과 절차에 따라 계획 수립부터 실행, 결과 확인까지 전 과정에 참여합니다.

업무 과정에서 발생하는 이슈를 데이터와 기록에 근거해 분석하고, 유관 부서와 협의하여 개선합니다.

입사 후에는 표준 절차와 내부 시스템 교육을 이수하며, 숙련도에 따라 담당 범위가 확대됩니다.

정확성, 안전, 책임 있는 의사소통을 중시하며 실무 중심의 협업 역량을 기대합니다.","- 교직원·조교 직무 기준에 따른 실무 수행
- 교직원·조교 관련 결과물 검토 및 개선
- 교육과정 개선 회의 참여
- 출결·성적 등 학사 행정 처리
- 안전하고 포용적인 학습환경 조성
- 학습자 수준 진단과 교육계획 수립
- 교과·과정별 수업 운영
- 수업자료와 평가도구 개발","- 개인정보와 교육윤리를 준수할 수 있는 분
- 협업과 상담 커뮤니케이션 역량
- 해당 분야 전공 또는 교육 역량을 갖춘 분
- 학습자 중심으로 명확하게 설명할 수 있는 분
- 수업계획서와 교육자료 작성이 가능한 분
- 개인정보와 교육윤리를 준수할 수 있는 분","- 워드프로세서 보유자
- 평생교육사 2급 보유자
- 상담 또는 학습코칭 경험
- AI·디지털 교육도구 활용 경험
- 교원·보육·평생교육 관련 자격 보유자","- 지원서 또는 제출서류를 허위로 기재한 경우
- 채용검진 결과 직무 수행이 어렵다고 판단되는 경우
- 해외여행 및 근무에 결격사유가 있는 경우
- 관련 법령 또는 내부 인사규정상 채용이 불가능한 경우",서류전형 > 인성검사 > 실무면접 > 최종면접
1493,교직원·조교 담당자 모집,59,150,20260505,20260604,19,신입·경력,기간제,강원특별자치도,학사 이상,"본 포지션은 교직원·조교 업무를 담당하며, 현장의 요구사항을 정확히 파악해 안정적인 결과를 만드는 역할입니다.

교육 분야의 실무 기준과 절차에 따라 계획 수립부터 실행, 결과 확인까지 전 과정에 참여합니다.

업무 과정에서 발생하는 이슈를 데이터와 기록에 근거해 분석하고, 유관 부서와 협의하여 개선합니다.

입사 후에는 표준 절차와 내부 시스템 교육을 이수하며, 숙련도에 따라 담당 범위가 확대됩니다.

정확성, 안전, 책임 있는 의사소통을 중시하며 실무 중심의 협업 역량을 기대합니다.","- 교직원·조교 직무 기준에 따른 실무 수행
- 교직원·조교 관련 결과물 검토 및 개선
- 학습자 수준 진단과 교육계획 수립
- 교과·과정별 수업 운영
- 수업자료와 평가도구 개발
- 학습 결과 분석 및 피드백 제공
- 학습자·보호자 상담과 기록 관리
- 교육과정 개선 회의 참여","- 학습자 중심으로 명확하게 설명할 수 있는 분
- 수업계획서와 교육자료 작성이 가능한 분
- 개인정보와 교육윤리를 준수할 수 있는 분
- 협업과 상담 커뮤니케이션 역량
- 해당 분야 전공 또는 교육 역량을 갖춘 분
- 학습자 중심으로 명확하게 설명할 수 있는 분","- 평생교육사 2급 보유자
- 컴퓨터활용능력 1급 보유자
- 온라인 수업 및 LMS 운영 경험
- 교육 콘텐츠 기획·제작 경험
- 상담 또는 학습코칭 경험","- 지원서 또는 제출서류를 허위로 기재한 경우
- 채용검진 결과 직무 수행이 어렵다고 판단되는 경우
- 해외여행 및 근무에 결격사유가 있는 경우
- 관련 법령 또는 내부 인사규정상 채용이 불가능한 경우",서류전형 > 직무과제 > 실무면접 > 처우협의
1494,교직원·조교 인재 채용,125,150,20260710,20260816,3,경력 2년 이상,무기계약직,충청북도,전문학사 이상,"본 포지션은 교직원·조교 업무를 담당하며, 현장의 요구사항을 정확히 파악해 안정적인 결과를 만드는 역할입니다.

교육 분야의 실무 기준과 절차에 따라 계획 수립부터 실행, 결과 확인까지 전 과정에 참여합니다.

업무 과정에서 발생하는 이슈를 데이터와 기록에 근거해 분석하고, 유관 부서와 협의하여 개선합니다.

입사 후에는 표준 절차와 내부 시스템 교육을 이수하며, 숙련도에 따라 담당 범위가 확대됩니다.

정확성, 안전, 책임 있는 의사소통을 중시하며 실무 중심의 협업 역량을 기대합니다.","- 교직원·조교 직무 기준에 따른 실무 수행
- 교직원·조교 관련 결과물 검토 및 개선
- 학습 결과 분석 및 피드백 제공
- 학습자·보호자 상담과 기록 관리
- 교육과정 개선 회의 참여
- 출결·성적 등 학사 행정 처리
- 안전하고 포용적인 학습환경 조성
- 학습자 수준 진단과 교육계획 수립","- 협업과 상담 커뮤니케이션 역량
- 해당 분야 전공 또는 교육 역량을 갖춘 분
- 학습자 중심으로 명확하게 설명할 수 있는 분
- 수업계획서와 교육자료 작성이 가능한 분
- 개인정보와 교육윤리를 준수할 수 있는 분
- 협업과 상담 커뮤니케이션 역량","- 컴퓨터활용능력 1급 보유자
- 워드프로세서 보유자
- AI·디지털 교육도구 활용 경험
- 교원·보육·평생교육 관련 자격 보유자
- 온라인 수업 및 LMS 운영 경험","- 지원서 또는 제출서류를 허위로 기재한 경우
- 채용검진 결과 직무 수행이 어렵다고 판단되는 경우
- 해외여행 및 근무에 결격사유가 있는 경우
- 관련 법령 또는 내부 인사규정상 채용이 불가능한 경우",서류전형 > 1차면접 > 2차면접 > 채용검진
1495,교직원·조교 실무자 모집,94,150,20260915,20261029,7,경력 3년 이상,정규직,충청남도,학사 이상,"본 포지션은 교직원·조교 업무를 담당하며, 현장의 요구사항을 정확히 파악해 안정적인 결과를 만드는 역할입니다.

교육 분야의 실무 기준과 절차에 따라 계획 수립부터 실행, 결과 확인까지 전 과정에 참여합니다.

업무 과정에서 발생하는 이슈를 데이터와 기록에 근거해 분석하고, 유관 부서와 협의하여 개선합니다.

입사 후에는 표준 절차와 내부 시스템 교육을 이수하며, 숙련도에 따라 담당 범위가 확대됩니다.

정확성, 안전, 책임 있는 의사소통을 중시하며 실무 중심의 협업 역량을 기대합니다.","- 교직원·조교 직무 기준에 따른 실무 수행
- 교직원·조교 관련 결과물 검토 및 개선
- 출결·성적 등 학사 행정 처리
- 안전하고 포용적인 학습환경 조성
- 학습자 수준 진단과 교육계획 수립
- 교과·과정별 수업 운영
- 수업자료와 평가도구 개발
- 학습 결과 분석 및 피드백 제공","- 수업계획서와 교육자료 작성이 가능한 분
- 개인정보와 교육윤리를 준수할 수 있는 분
- 협업과 상담 커뮤니케이션 역량
- 해당 분야 전공 또는 교육 역량을 갖춘 분
- 학습자 중심으로 명확하게 설명할 수 있는 분
- 수업계획서와 교육자료 작성이 가능한 분","- 워드프로세서 보유자
- 평생교육사 2급 보유자
- 교육 콘텐츠 기획·제작 경험
- 상담 또는 학습코칭 경험
- AI·디지털 교육도구 활용 경험","- 지원서 또는 제출서류를 허위로 기재한 경우
- 채용검진 결과 직무 수행이 어렵다고 판단되는 경우
- 해외여행 및 근무에 결격사유가 있는 경우
- 관련 법령 또는 내부 인사규정상 채용이 불가능한 경우",서류전형 > 필기전형 > 면접전형 > 최종합격
1496,교직원·조교 전문인력 채용,128,150,20260120,20260204,11,경력 무관,계약직,전북특별자치도,학사 이상,"본 포지션은 교직원·조교 업무를 담당하며, 현장의 요구사항을 정확히 파악해 안정적인 결과를 만드는 역할입니다.

교육 분야의 실무 기준과 절차에 따라 계획 수립부터 실행, 결과 확인까지 전 과정에 참여합니다.

업무 과정에서 발생하는 이슈를 데이터와 기록에 근거해 분석하고, 유관 부서와 협의하여 개선합니다.

입사 후에는 표준 절차와 내부 시스템 교육을 이수하며, 숙련도에 따라 담당 범위가 확대됩니다.

정확성, 안전, 책임 있는 의사소통을 중시하며 실무 중심의 협업 역량을 기대합니다.","- 교직원·조교 직무 기준에 따른 실무 수행
- 교직원·조교 관련 결과물 검토 및 개선
- 교과·과정별 수업 운영
- 수업자료와 평가도구 개발
- 학습 결과 분석 및 피드백 제공
- 학습자·보호자 상담과 기록 관리
- 교육과정 개선 회의 참여
- 출결·성적 등 학사 행정 처리","- 해당 분야 전공 또는 교육 역량을 갖춘 분
- 학습자 중심으로 명확하게 설명할 수 있는 분
- 수업계획서와 교육자료 작성이 가능한 분
- 개인정보와 교육윤리를 준수할 수 있는 분
- 협업과 상담 커뮤니케이션 역량
- 해당 분야 전공 또는 교육 역량을 갖춘 분","- 평생교육사 2급 보유자
- 컴퓨터활용능력 1급 보유자
- 교원·보육·평생교육 관련 자격 보유자
- 온라인 수업 및 LMS 운영 경험
- 교육 콘텐츠 기획·제작 경험","- 지원서 또는 제출서류를 허위로 기재한 경우
- 채용검진 결과 직무 수행이 어렵다고 판단되는 경우
- 해외여행 및 근무에 결격사유가 있는 경우
- 관련 법령 또는 내부 인사규정상 채용이 불가능한 경우",서류전형 > 실무면접 > 최종면접
1497,교직원·조교 운영인력 모집,102,150,20260301,20260323,15,경력 5년 이상,기간제,전라남도,전문학사 이상,"본 포지션은 교직원·조교 업무를 담당하며, 현장의 요구사항을 정확히 파악해 안정적인 결과를 만드는 역할입니다.

교육 분야의 실무 기준과 절차에 따라 계획 수립부터 실행, 결과 확인까지 전 과정에 참여합니다.

업무 과정에서 발생하는 이슈를 데이터와 기록에 근거해 분석하고, 유관 부서와 협의하여 개선합니다.

입사 후에는 표준 절차와 내부 시스템 교육을 이수하며, 숙련도에 따라 담당 범위가 확대됩니다.

정확성, 안전, 책임 있는 의사소통을 중시하며 실무 중심의 협업 역량을 기대합니다.","- 교직원·조교 직무 기준에 따른 실무 수행
- 교직원·조교 관련 결과물 검토 및 개선
- 학습자·보호자 상담과 기록 관리
- 교육과정 개선 회의 참여
- 출결·성적 등 학사 행정 처리
- 안전하고 포용적인 학습환경 조성
- 학습자 수준 진단과 교육계획 수립
- 교과·과정별 수업 운영","- 개인정보와 교육윤리를 준수할 수 있는 분
- 협업과 상담 커뮤니케이션 역량
- 해당 분야 전공 또는 교육 역량을 갖춘 분
- 학습자 중심으로 명확하게 설명할 수 있는 분
- 수업계획서와 교육자료 작성이 가능한 분
- 개인정보와 교육윤리를 준수할 수 있는 분","- 컴퓨터활용능력 1급 보유자
- 워드프로세서 보유자
- 상담 또는 학습코칭 경험
- AI·디지털 교육도구 활용 경험
- 교원·보육·평생교육 관련 자격 보유자","- 지원서 또는 제출서류를 허위로 기재한 경우
- 채용검진 결과 직무 수행이 어렵다고 판단되는 경우
- 해외여행 및 근무에 결격사유가 있는 경우
- 관련 법령 또는 내부 인사규정상 채용이 불가능한 경우",서류전형 > 인성검사 > 실무면접 > 최종면접
1498,교직원·조교 프로젝트 인력 채용,141,150,20260506,20260604,19,신입,무기계약직,경상북도,학사 이상,"본 포지션은 교직원·조교 업무를 담당하며, 현장의 요구사항을 정확히 파악해 안정적인 결과를 만드는 역할입니다.

교육 분야의 실무 기준과 절차에 따라 계획 수립부터 실행, 결과 확인까지 전 과정에 참여합니다.

업무 과정에서 발생하는 이슈를 데이터와 기록에 근거해 분석하고, 유관 부서와 협의하여 개선합니다.

입사 후에는 표준 절차와 내부 시스템 교육을 이수하며, 숙련도에 따라 담당 범위가 확대됩니다.

정확성, 안전, 책임 있는 의사소통을 중시하며 실무 중심의 협업 역량을 기대합니다.","- 교직원·조교 직무 기준에 따른 실무 수행
- 교직원·조교 관련 결과물 검토 및 개선
- 안전하고 포용적인 학습환경 조성
- 학습자 수준 진단과 교육계획 수립
- 교과·과정별 수업 운영
- 수업자료와 평가도구 개발
- 학습 결과 분석 및 피드백 제공
- 학습자·보호자 상담과 기록 관리","- 학습자 중심으로 명확하게 설명할 수 있는 분
- 수업계획서와 교육자료 작성이 가능한 분
- 개인정보와 교육윤리를 준수할 수 있는 분
- 협업과 상담 커뮤니케이션 역량
- 해당 분야 전공 또는 교육 역량을 갖춘 분
- 학습자 중심으로 명확하게 설명할 수 있는 분","- 워드프로세서 보유자
- 평생교육사 2급 보유자
- 온라인 수업 및 LMS 운영 경험
- 교육 콘텐츠 기획·제작 경험
- 상담 또는 학습코칭 경험","- 지원서 또는 제출서류를 허위로 기재한 경우
- 채용검진 결과 직무 수행이 어렵다고 판단되는 경우
- 해외여행 및 근무에 결격사유가 있는 경우
- 관련 법령 또는 내부 인사규정상 채용이 불가능한 경우",서류전형 > 직무과제 > 실무면접 > 처우협의
1499,교직원·조교 직무 채용,46,150,20260711,20260816,3,경력,정규직,경상남도,학사 이상,"본 포지션은 교직원·조교 업무를 담당하며, 현장의 요구사항을 정확히 파악해 안정적인 결과를 만드는 역할입니다.

교육 분야의 실무 기준과 절차에 따라 계획 수립부터 실행, 결과 확인까지 전 과정에 참여합니다.

업무 과정에서 발생하는 이슈를 데이터와 기록에 근거해 분석하고, 유관 부서와 협의하여 개선합니다.

입사 후에는 표준 절차와 내부 시스템 교육을 이수하며, 숙련도에 따라 담당 범위가 확대됩니다.

정확성, 안전, 책임 있는 의사소통을 중시하며 실무 중심의 협업 역량을 기대합니다.","- 교직원·조교 직무 기준에 따른 실무 수행
- 교직원·조교 관련 결과물 검토 및 개선
- 수업자료와 평가도구 개발
- 학습 결과 분석 및 피드백 제공
- 학습자·보호자 상담과 기록 관리
- 교육과정 개선 회의 참여
- 출결·성적 등 학사 행정 처리
- 안전하고 포용적인 학습환경 조성","- 협업과 상담 커뮤니케이션 역량
- 해당 분야 전공 또는 교육 역량을 갖춘 분
- 학습자 중심으로 명확하게 설명할 수 있는 분
- 수업계획서와 교육자료 작성이 가능한 분
- 개인정보와 교육윤리를 준수할 수 있는 분
- 협업과 상담 커뮤니케이션 역량","- 평생교육사 2급 보유자
- 컴퓨터활용능력 1급 보유자
- AI·디지털 교육도구 활용 경험
- 교원·보육·평생교육 관련 자격 보유자
- 온라인 수업 및 LMS 운영 경험","- 지원서 또는 제출서류를 허위로 기재한 경우
- 채용검진 결과 직무 수행이 어렵다고 판단되는 경우
- 해외여행 및 근무에 결격사유가 있는 경우
- 관련 법령 또는 내부 인사규정상 채용이 불가능한 경우",서류전형 > 1차면접 > 2차면접 > 채용검진
1500,교직원·조교 부문 모집,12,150,20260916,20261029,7,신입·경력,계약직,제주특별자치도,전문학사 이상,"본 포지션은 교직원·조교 업무를 담당하며, 현장의 요구사항을 정확히 파악해 안정적인 결과를 만드는 역할입니다.

교육 분야의 실무 기준과 절차에 따라 계획 수립부터 실행, 결과 확인까지 전 과정에 참여합니다.

업무 과정에서 발생하는 이슈를 데이터와 기록에 근거해 분석하고, 유관 부서와 협의하여 개선합니다.

입사 후에는 표준 절차와 내부 시스템 교육을 이수하며, 숙련도에 따라 담당 범위가 확대됩니다.

정확성, 안전, 책임 있는 의사소통을 중시하며 실무 중심의 협업 역량을 기대합니다.","- 교직원·조교 직무 기준에 따른 실무 수행
- 교직원·조교 관련 결과물 검토 및 개선
- 교육과정 개선 회의 참여
- 출결·성적 등 학사 행정 처리
- 안전하고 포용적인 학습환경 조성
- 학습자 수준 진단과 교육계획 수립
- 교과·과정별 수업 운영
- 수업자료와 평가도구 개발","- 수업계획서와 교육자료 작성이 가능한 분
- 개인정보와 교육윤리를 준수할 수 있는 분
- 협업과 상담 커뮤니케이션 역량
- 해당 분야 전공 또는 교육 역량을 갖춘 분
- 학습자 중심으로 명확하게 설명할 수 있는 분
- 수업계획서와 교육자료 작성이 가능한 분","- 컴퓨터활용능력 1급 보유자
- 워드프로세서 보유자
- 교육 콘텐츠 기획·제작 경험
- 상담 또는 학습코칭 경험
- AI·디지털 교육도구 활용 경험","- 지원서 또는 제출서류를 허위로 기재한 경우
- 채용검진 결과 직무 수행이 어렵다고 판단되는 경우
- 해외여행 및 근무에 결격사유가 있는 경우
- 관련 법령 또는 내부 인사규정상 채용이 불가능한 경우",서류전형 > 필기전형 > 면접전형 > 최종합격
1501,교재개발·교수설계 모집,159,151,20260222,20260311,12,신입,정규직,경기도,전문학사 이상,"본 포지션은 교재개발·교수설계 업무를 담당하며, 현장의 요구사항을 정확히 파악해 안정적인 결과를 만드는 역할입니다.

교육 분야의 실무 기준과 절차에 따라 계획 수립부터 실행, 결과 확인까지 전 과정에 참여합니다.

업무 과정에서 발생하는 이슈를 데이터와 기록에 근거해 분석하고, 유관 부서와 협의하여 개선합니다.

입사 후에는 표준 절차와 내부 시스템 교육을 이수하며, 숙련도에 따라 담당 범위가 확대됩니다.

정확성, 안전, 책임 있는 의사소통을 중시하며 실무 중심의 협업 역량을 기대합니다.","- 교재개발·교수설계 직무 기준에 따른 실무 수행
- 교재개발·교수설계 관련 결과물 검토 및 개선
- 교과·과정별 수업 운영
- 수업자료와 평가도구 개발
- 학습 결과 분석 및 피드백 제공
- 학습자·보호자 상담과 기록 관리
- 교육과정 개선 회의 참여
- 출결·성적 등 학사 행정 처리","- 수업계획서와 교육자료 작성이 가능한 분
- 개인정보와 교육윤리를 준수할 수 있는 분
- 협업과 상담 커뮤니케이션 역량
- 해당 분야 전공 또는 교육 역량을 갖춘 분
- 학습자 중심으로 명확하게 설명할 수 있는 분
- 수업계획서와 교육자료 작성이 가능한 분","- 평생교육사 2급 보유자
- 이러닝운영관리사 보유자
- 교육 콘텐츠 기획·제작 경험
- 상담 또는 학습코칭 경험
- AI·디지털 교육도구 활용 경험","- 지원서 또는 제출서류를 허위로 기재한 경우
- 채용검진 결과 직무 수행이 어렵다고 판단되는 경우
- 해외여행 및 근무에 결격사유가 있는 경우
- 관련 법령 또는 내부 인사규정상 채용이 불가능한 경우",서류전형 > 인성검사 > 실무면접 > 최종면접
1502,교재개발·교수설계 채용,58,151,20260403,20260427,16,경력,계약직,강원특별자치도,학사 이상,"본 포지션은 교재개발·교수설계 업무를 담당하며, 현장의 요구사항을 정확히 파악해 안정적인 결과를 만드는 역할입니다.

교육 분야의 실무 기준과 절차에 따라 계획 수립부터 실행, 결과 확인까지 전 과정에 참여합니다.

업무 과정에서 발생하는 이슈를 데이터와 기록에 근거해 분석하고, 유관 부서와 협의하여 개선합니다.

입사 후에는 표준 절차와 내부 시스템 교육을 이수하며, 숙련도에 따라 담당 범위가 확대됩니다.

정확성, 안전, 책임 있는 의사소통을 중시하며 실무 중심의 협업 역량을 기대합니다.","- 교재개발·교수설계 직무 기준에 따른 실무 수행
- 교재개발·교수설계 관련 결과물 검토 및 개선
- 학습자·보호자 상담과 기록 관리
- 교육과정 개선 회의 참여
- 출결·성적 등 학사 행정 처리
- 안전하고 포용적인 학습환경 조성
- 학습자 수준 진단과 교육계획 수립
- 교과·과정별 수업 운영","- 해당 분야 전공 또는 교육 역량을 갖춘 분
- 학습자 중심으로 명확하게 설명할 수 있는 분
- 수업계획서와 교육자료 작성이 가능한 분
- 개인정보와 교육윤리를 준수할 수 있는 분
- 협업과 상담 커뮤니케이션 역량
- 해당 분야 전공 또는 교육 역량을 갖춘 분","- 이러닝운영관리사 보유자
- 중등학교 정교사 2급 보유자
- 교원·보육·평생교육 관련 자격 보유자
- 온라인 수업 및 LMS 운영 경험
- 교육 콘텐츠 기획·제작 경험","- 지원서 또는 제출서류를 허위로 기재한 경우
- 채용검진 결과 직무 수행이 어렵다고 판단되는 경우
- 해외여행 및 근무에 결격사유가 있는 경우
- 관련 법령 또는 내부 인사규정상 채용이 불가능한 경우",서류전형 > 직무과제 > 실무면접 > 처우협의
1503,교재개발·교수설계 담당자 모집,75,151,20260608,20260709,20,신입·경력,기간제,충청북도,학사 이상,"본 포지션은 교재개발·교수설계 업무를 담당하며, 현장의 요구사항을 정확히 파악해 안정적인 결과를 만드는 역할입니다.

교육 분야의 실무 기준과 절차에 따라 계획 수립부터 실행, 결과 확인까지 전 과정에 참여합니다.

업무 과정에서 발생하는 이슈를 데이터와 기록에 근거해 분석하고, 유관 부서와 협의하여 개선합니다.

입사 후에는 표준 절차와 내부 시스템 교육을 이수하며, 숙련도에 따라 담당 범위가 확대됩니다.

정확성, 안전, 책임 있는 의사소통을 중시하며 실무 중심의 협업 역량을 기대합니다.","- 교재개발·교수설계 직무 기준에 따른 실무 수행
- 교재개발·교수설계 관련 결과물 검토 및 개선
- 안전하고 포용적인 학습환경 조성
- 학습자 수준 진단과 교육계획 수립
- 교과·과정별 수업 운영
- 수업자료와 평가도구 개발
- 학습 결과 분석 및 피드백 제공
- 학습자·보호자 상담과 기록 관리","- 개인정보와 교육윤리를 준수할 수 있는 분
- 협업과 상담 커뮤니케이션 역량
- 해당 분야 전공 또는 교육 역량을 갖춘 분
- 학습자 중심으로 명확하게 설명할 수 있는 분
- 수업계획서와 교육자료 작성이 가능한 분
- 개인정보와 교육윤리를 준수할 수 있는 분","- 중등학교 정교사 2급 보유자
- 평생교육사 2급 보유자
- 상담 또는 학습코칭 경험
- AI·디지털 교육도구 활용 경험
- 교원·보육·평생교육 관련 자격 보유자","- 지원서 또는 제출서류를 허위로 기재한 경우
- 채용검진 결과 직무 수행이 어렵다고 판단되는 경우
- 해외여행 및 근무에 결격사유가 있는 경우
- 관련 법령 또는 내부 인사규정상 채용이 불가능한 경우",서류전형 > 1차면접 > 2차면접 > 채용검진
1504,교재개발·교수설계 인재 채용,22,151,20260813,20260920,4,경력 2년 이상,무기계약직,충청남도,전문학사 이상,"본 포지션은 교재개발·교수설계 업무를 담당하며, 현장의 요구사항을 정확히 파악해 안정적인 결과를 만드는 역할입니다.

교육 분야의 실무 기준과 절차에 따라 계획 수립부터 실행, 결과 확인까지 전 과정에 참여합니다.

업무 과정에서 발생하는 이슈를 데이터와 기록에 근거해 분석하고, 유관 부서와 협의하여 개선합니다.

입사 후에는 표준 절차와 내부 시스템 교육을 이수하며, 숙련도에 따라 담당 범위가 확대됩니다.

정확성, 안전, 책임 있는 의사소통을 중시하며 실무 중심의 협업 역량을 기대합니다.","- 교재개발·교수설계 직무 기준에 따른 실무 수행
- 교재개발·교수설계 관련 결과물 검토 및 개선
- 수업자료와 평가도구 개발
- 학습 결과 분석 및 피드백 제공
- 학습자·보호자 상담과 기록 관리
- 교육과정 개선 회의 참여
- 출결·성적 등 학사 행정 처리
- 안전하고 포용적인 학습환경 조성","- 학습자 중심으로 명확하게 설명할 수 있는 분
- 수업계획서와 교육자료 작성이 가능한 분
- 개인정보와 교육윤리를 준수할 수 있는 분
- 협업과 상담 커뮤니케이션 역량
- 해당 분야 전공 또는 교육 역량을 갖춘 분
- 학습자 중심으로 명확하게 설명할 수 있는 분","- 평생교육사 2급 보유자
- 이러닝운영관리사 보유자
- 온라인 수업 및 LMS 운영 경험
- 교육 콘텐츠 기획·제작 경험
- 상담 또는 학습코칭 경험","- 지원서 또는 제출서류를 허위로 기재한 경우
- 채용검진 결과 직무 수행이 어렵다고 판단되는 경우
- 해외여행 및 근무에 결격사유가 있는 경우
- 관련 법령 또는 내부 인사규정상 채용이 불가능한 경우",서류전형 > 필기전형 > 면접전형 > 최종합격
1505,교재개발·교수설계 실무자 모집,136,151,20261018,20261202,8,경력 3년 이상,정규직,전북특별자치도,학사 이상,"본 포지션은 교재개발·교수설계 업무를 담당하며, 현장의 요구사항을 정확히 파악해 안정적인 결과를 만드는 역할입니다.

교육 분야의 실무 기준과 절차에 따라 계획 수립부터 실행, 결과 확인까지 전 과정에 참여합니다.

업무 과정에서 발생하는 이슈를 데이터와 기록에 근거해 분석하고, 유관 부서와 협의하여 개선합니다.

입사 후에는 표준 절차와 내부 시스템 교육을 이수하며, 숙련도에 따라 담당 범위가 확대됩니다.

정확성, 안전, 책임 있는 의사소통을 중시하며 실무 중심의 협업 역량을 기대합니다.","- 교재개발·교수설계 직무 기준에 따른 실무 수행
- 교재개발·교수설계 관련 결과물 검토 및 개선
- 교육과정 개선 회의 참여
- 출결·성적 등 학사 행정 처리
- 안전하고 포용적인 학습환경 조성
- 학습자 수준 진단과 교육계획 수립
- 교과·과정별 수업 운영
- 수업자료와 평가도구 개발","- 협업과 상담 커뮤니케이션 역량
- 해당 분야 전공 또는 교육 역량을 갖춘 분
- 학습자 중심으로 명확하게 설명할 수 있는 분
- 수업계획서와 교육자료 작성이 가능한 분
- 개인정보와 교육윤리를 준수할 수 있는 분
- 협업과 상담 커뮤니케이션 역량","- 이러닝운영관리사 보유자
- 중등학교 정교사 2급 보유자
- AI·디지털 교육도구 활용 경험
- 교원·보육·평생교육 관련 자격 보유자
- 온라인 수업 및 LMS 운영 경험","- 지원서 또는 제출서류를 허위로 기재한 경우
- 채용검진 결과 직무 수행이 어렵다고 판단되는 경우
- 해외여행 및 근무에 결격사유가 있는 경우
- 관련 법령 또는 내부 인사규정상 채용이 불가능한 경우",서류전형 > 실무면접 > 최종면접
1506,교재개발·교수설계 전문인력 채용,51,151,20260223,20260311,12,경력 무관,계약직,전라남도,학사 이상,"본 포지션은 교재개발·교수설계 업무를 담당하며, 현장의 요구사항을 정확히 파악해 안정적인 결과를 만드는 역할입니다.

교육 분야의 실무 기준과 절차에 따라 계획 수립부터 실행, 결과 확인까지 전 과정에 참여합니다.

업무 과정에서 발생하는 이슈를 데이터와 기록에 근거해 분석하고, 유관 부서와 협의하여 개선합니다.

입사 후에는 표준 절차와 내부 시스템 교육을 이수하며, 숙련도에 따라 담당 범위가 확대됩니다.

정확성, 안전, 책임 있는 의사소통을 중시하며 실무 중심의 협업 역량을 기대합니다.","- 교재개발·교수설계 직무 기준에 따른 실무 수행
- 교재개발·교수설계 관련 결과물 검토 및 개선
- 학습자 수준 진단과 교육계획 수립
- 교과·과정별 수업 운영
- 수업자료와 평가도구 개발
- 학습 결과 분석 및 피드백 제공
- 학습자·보호자 상담과 기록 관리
- 교육과정 개선 회의 참여","- 수업계획서와 교육자료 작성이 가능한 분
- 개인정보와 교육윤리를 준수할 수 있는 분
- 협업과 상담 커뮤니케이션 역량
- 해당 분야 전공 또는 교육 역량을 갖춘 분
- 학습자 중심으로 명확하게 설명할 수 있는 분
- 수업계획서와 교육자료 작성이 가능한 분","- 중등학교 정교사 2급 보유자
- 평생교육사 2급 보유자
- 교육 콘텐츠 기획·제작 경험
- 상담 또는 학습코칭 경험
- AI·디지털 교육도구 활용 경험","- 지원서 또는 제출서류를 허위로 기재한 경우
- 채용검진 결과 직무 수행이 어렵다고 판단되는 경우
- 해외여행 및 근무에 결격사유가 있는 경우
- 관련 법령 또는 내부 인사규정상 채용이 불가능한 경우",서류전형 > 인성검사 > 실무면접 > 최종면접
1507,교재개발·교수설계 운영인력 모집,100,151,20260404,20260427,16,경력 5년 이상,기간제,경상북도,전문학사 이상,"본 포지션은 교재개발·교수설계 업무를 담당하며, 현장의 요구사항을 정확히 파악해 안정적인 결과를 만드는 역할입니다.

교육 분야의 실무 기준과 절차에 따라 계획 수립부터 실행, 결과 확인까지 전 과정에 참여합니다.

업무 과정에서 발생하는 이슈를 데이터와 기록에 근거해 분석하고, 유관 부서와 협의하여 개선합니다.

입사 후에는 표준 절차와 내부 시스템 교육을 이수하며, 숙련도에 따라 담당 범위가 확대됩니다.

정확성, 안전, 책임 있는 의사소통을 중시하며 실무 중심의 협업 역량을 기대합니다.","- 교재개발·교수설계 직무 기준에 따른 실무 수행
- 교재개발·교수설계 관련 결과물 검토 및 개선
- 학습 결과 분석 및 피드백 제공
- 학습자·보호자 상담과 기록 관리
- 교육과정 개선 회의 참여
- 출결·성적 등 학사 행정 처리
- 안전하고 포용적인 학습환경 조성
- 학습자 수준 진단과 교육계획 수립","- 해당 분야 전공 또는 교육 역량을 갖춘 분
- 학습자 중심으로 명확하게 설명할 수 있는 분
- 수업계획서와 교육자료 작성이 가능한 분
- 개인정보와 교육윤리를 준수할 수 있는 분
- 협업과 상담 커뮤니케이션 역량
- 해당 분야 전공 또는 교육 역량을 갖춘 분","- 평생교육사 2급 보유자
- 이러닝운영관리사 보유자
- 교원·보육·평생교육 관련 자격 보유자
- 온라인 수업 및 LMS 운영 경험
- 교육 콘텐츠 기획·제작 경험","- 지원서 또는 제출서류를 허위로 기재한 경우
- 채용검진 결과 직무 수행이 어렵다고 판단되는 경우
- 해외여행 및 근무에 결격사유가 있는 경우
- 관련 법령 또는 내부 인사규정상 채용이 불가능한 경우",서류전형 > 직무과제 > 실무면접 > 처우협의
1508,교재개발·교수설계 프로젝트 인력 채용,52,151,20260609,20260709,20,신입,무기계약직,경상남도,학사 이상,"본 포지션은 교재개발·교수설계 업무를 담당하며, 현장의 요구사항을 정확히 파악해 안정적인 결과를 만드는 역할입니다.

교육 분야의 실무 기준과 절차에 따라 계획 수립부터 실행, 결과 확인까지 전 과정에 참여합니다.

업무 과정에서 발생하는 이슈를 데이터와 기록에 근거해 분석하고, 유관 부서와 협의하여 개선합니다.

입사 후에는 표준 절차와 내부 시스템 교육을 이수하며, 숙련도에 따라 담당 범위가 확대됩니다.

정확성, 안전, 책임 있는 의사소통을 중시하며 실무 중심의 협업 역량을 기대합니다.","- 교재개발·교수설계 직무 기준에 따른 실무 수행
- 교재개발·교수설계 관련 결과물 검토 및 개선
- 출결·성적 등 학사 행정 처리
- 안전하고 포용적인 학습환경 조성
- 학습자 수준 진단과 교육계획 수립
- 교과·과정별 수업 운영
- 수업자료와 평가도구 개발
- 학습 결과 분석 및 피드백 제공","- 개인정보와 교육윤리를 준수할 수 있는 분
- 협업과 상담 커뮤니케이션 역량
- 해당 분야 전공 또는 교육 역량을 갖춘 분
- 학습자 중심으로 명확하게 설명할 수 있는 분
- 수업계획서와 교육자료 작성이 가능한 분
- 개인정보와 교육윤리를 준수할 수 있는 분","- 이러닝운영관리사 보유자
- 중등학교 정교사 2급 보유자
- 상담 또는 학습코칭 경험
- AI·디지털 교육도구 활용 경험
- 교원·보육·평생교육 관련 자격 보유자","- 지원서 또는 제출서류를 허위로 기재한 경우
- 채용검진 결과 직무 수행이 어렵다고 판단되는 경우
- 해외여행 및 근무에 결격사유가 있는 경우
- 관련 법령 또는 내부 인사규정상 채용이 불가능한 경우",서류전형 > 1차면접 > 2차면접 > 채용검진
1509,교재개발·교수설계 직무 채용,84,151,20260814,20260920,4,경력,정규직,제주특별자치도,학사 이상,"본 포지션은 교재개발·교수설계 업무를 담당하며, 현장의 요구사항을 정확히 파악해 안정적인 결과를 만드는 역할입니다.

교육 분야의 실무 기준과 절차에 따라 계획 수립부터 실행, 결과 확인까지 전 과정에 참여합니다.

업무 과정에서 발생하는 이슈를 데이터와 기록에 근거해 분석하고, 유관 부서와 협의하여 개선합니다.

입사 후에는 표준 절차와 내부 시스템 교육을 이수하며, 숙련도에 따라 담당 범위가 확대됩니다.

정확성, 안전, 책임 있는 의사소통을 중시하며 실무 중심의 협업 역량을 기대합니다.","- 교재개발·교수설계 직무 기준에 따른 실무 수행
- 교재개발·교수설계 관련 결과물 검토 및 개선
- 교과·과정별 수업 운영
- 수업자료와 평가도구 개발
- 학습 결과 분석 및 피드백 제공
- 학습자·보호자 상담과 기록 관리
- 교육과정 개선 회의 참여
- 출결·성적 등 학사 행정 처리","- 학습자 중심으로 명확하게 설명할 수 있는 분
- 수업계획서와 교육자료 작성이 가능한 분
- 개인정보와 교육윤리를 준수할 수 있는 분
- 협업과 상담 커뮤니케이션 역량
- 해당 분야 전공 또는 교육 역량을 갖춘 분
- 학습자 중심으로 명확하게 설명할 수 있는 분","- 중등학교 정교사 2급 보유자
- 평생교육사 2급 보유자
- 온라인 수업 및 LMS 운영 경험
- 교육 콘텐츠 기획·제작 경험
- 상담 또는 학습코칭 경험","- 지원서 또는 제출서류를 허위로 기재한 경우
- 채용검진 결과 직무 수행이 어렵다고 판단되는 경우
- 해외여행 및 근무에 결격사유가 있는 경우
- 관련 법령 또는 내부 인사규정상 채용이 불가능한 경우",서류전형 > 필기전형 > 면접전형 > 최종합격
1510,교재개발·교수설계 부문 모집,102,151,20261019,20261202,8,신입·경력,계약직,서울특별시,전문학사 이상,"본 포지션은 교재개발·교수설계 업무를 담당하며, 현장의 요구사항을 정확히 파악해 안정적인 결과를 만드는 역할입니다.

교육 분야의 실무 기준과 절차에 따라 계획 수립부터 실행, 결과 확인까지 전 과정에 참여합니다.

업무 과정에서 발생하는 이슈를 데이터와 기록에 근거해 분석하고, 유관 부서와 협의하여 개선합니다.

입사 후에는 표준 절차와 내부 시스템 교육을 이수하며, 숙련도에 따라 담당 범위가 확대됩니다.

정확성, 안전, 책임 있는 의사소통을 중시하며 실무 중심의 협업 역량을 기대합니다.","- 교재개발·교수설계 직무 기준에 따른 실무 수행
- 교재개발·교수설계 관련 결과물 검토 및 개선
- 학습자·보호자 상담과 기록 관리
- 교육과정 개선 회의 참여
- 출결·성적 등 학사 행정 처리
- 안전하고 포용적인 학습환경 조성
- 학습자 수준 진단과 교육계획 수립
- 교과·과정별 수업 운영","- 협업과 상담 커뮤니케이션 역량
- 해당 분야 전공 또는 교육 역량을 갖춘 분
- 학습자 중심으로 명확하게 설명할 수 있는 분
- 수업계획서와 교육자료 작성이 가능한 분
- 개인정보와 교육윤리를 준수할 수 있는 분
- 협업과 상담 커뮤니케이션 역량","- 평생교육사 2급 보유자
- 이러닝운영관리사 보유자
- AI·디지털 교육도구 활용 경험
- 교원·보육·평생교육 관련 자격 보유자
- 온라인 수업 및 LMS 운영 경험","- 지원서 또는 제출서류를 허위로 기재한 경우
- 채용검진 결과 직무 수행이 어렵다고 판단되는 경우
- 해외여행 및 근무에 결격사유가 있는 경우
- 관련 법령 또는 내부 인사규정상 채용이 불가능한 경우",서류전형 > 실무면접 > 최종면접
1511,AI교육컨설턴트 모집,42,152,20260301,20260319,13,신입,정규직,강원특별자치도,전문학사 이상,"본 포지션은 AI교육컨설턴트 업무를 담당하며, 현장의 요구사항을 정확히 파악해 안정적인 결과를 만드는 역할입니다.

교육 분야의 실무 기준과 절차에 따라 계획 수립부터 실행, 결과 확인까지 전 과정에 참여합니다.

업무 과정에서 발생하는 이슈를 데이터와 기록에 근거해 분석하고, 유관 부서와 협의하여 개선합니다.

입사 후에는 표준 절차와 내부 시스템 교육을 이수하며, 숙련도에 따라 담당 범위가 확대됩니다.

정확성, 안전, 책임 있는 의사소통을 중시하며 실무 중심의 협업 역량을 기대합니다.","- AI 교육과정 도입 컨설팅
- 교원 대상 생성형 AI 활용 연수
- 학습자 수준 진단과 교육계획 수립
- 교과·과정별 수업 운영
- 수업자료와 평가도구 개발
- 학습 결과 분석 및 피드백 제공
- 학습자·보호자 상담과 기록 관리
- 교육과정 개선 회의 참여","- 협업과 상담 커뮤니케이션 역량
- 해당 분야 전공 또는 교육 역량을 갖춘 분
- 학습자 중심으로 명확하게 설명할 수 있는 분
- 수업계획서와 교육자료 작성이 가능한 분
- 개인정보와 교육윤리를 준수할 수 있는 분
- 협업과 상담 커뮤니케이션 역량","- 정보처리기사 보유자
- AICE Associate 보유자
- AI·디지털 교육도구 활용 경험
- 교원·보육·평생교육 관련 자격 보유자
- 온라인 수업 및 LMS 운영 경험","- 지원서 또는 제출서류를 허위로 기재한 경우
- 채용검진 결과 직무 수행이 어렵다고 판단되는 경우
- 해외여행 및 근무에 결격사유가 있는 경우
- 관련 법령 또는 내부 인사규정상 채용이 불가능한 경우",서류전형 > 직무과제 > 실무면접 > 처우협의
1512,AI교육컨설턴트 채용,80,152,20260506,20260531,17,경력,계약직,충청북도,학사 이상,"본 포지션은 AI교육컨설턴트 업무를 담당하며, 현장의 요구사항을 정확히 파악해 안정적인 결과를 만드는 역할입니다.

교육 분야의 실무 기준과 절차에 따라 계획 수립부터 실행, 결과 확인까지 전 과정에 참여합니다.

업무 과정에서 발생하는 이슈를 데이터와 기록에 근거해 분석하고, 유관 부서와 협의하여 개선합니다.

입사 후에는 표준 절차와 내부 시스템 교육을 이수하며, 숙련도에 따라 담당 범위가 확대됩니다.

정확성, 안전, 책임 있는 의사소통을 중시하며 실무 중심의 협업 역량을 기대합니다.","- AI 교육과정 도입 컨설팅
- 교원 대상 생성형 AI 활용 연수
- 학습 결과 분석 및 피드백 제공
- 학습자·보호자 상담과 기록 관리
- 교육과정 개선 회의 참여
- 출결·성적 등 학사 행정 처리
- 안전하고 포용적인 학습환경 조성
- 학습자 수준 진단과 교육계획 수립","- 수업계획서와 교육자료 작성이 가능한 분
- 개인정보와 교육윤리를 준수할 수 있는 분
- 협업과 상담 커뮤니케이션 역량
- 해당 분야 전공 또는 교육 역량을 갖춘 분
- 학습자 중심으로 명확하게 설명할 수 있는 분
- 수업계획서와 교육자료 작성이 가능한 분","- AICE Associate 보유자
- Google for Education 공인 트레이너 보유자
- 교육 콘텐츠 기획·제작 경험
- 상담 또는 학습코칭 경험
- AI·디지털 교육도구 활용 경험","- 지원서 또는 제출서류를 허위로 기재한 경우
- 채용검진 결과 직무 수행이 어렵다고 판단되는 경우
- 해외여행 및 근무에 결격사유가 있는 경우
- 관련 법령 또는 내부 인사규정상 채용이 불가능한 경우",서류전형 > 1차면접 > 2차면접 > 채용검진
1513,AI교육컨설턴트 담당자 모집,16,152,20260711,20260812,1,신입·경력,기간제,충청남도,학사 이상,"본 포지션은 AI교육컨설턴트 업무를 담당하며, 현장의 요구사항을 정확히 파악해 안정적인 결과를 만드는 역할입니다.

교육 분야의 실무 기준과 절차에 따라 계획 수립부터 실행, 결과 확인까지 전 과정에 참여합니다.

업무 과정에서 발생하는 이슈를 데이터와 기록에 근거해 분석하고, 유관 부서와 협의하여 개선합니다.

입사 후에는 표준 절차와 내부 시스템 교육을 이수하며, 숙련도에 따라 담당 범위가 확대됩니다.

정확성, 안전, 책임 있는 의사소통을 중시하며 실무 중심의 협업 역량을 기대합니다.","- AI 교육과정 도입 컨설팅
- 교원 대상 생성형 AI 활용 연수
- 출결·성적 등 학사 행정 처리
- 안전하고 포용적인 학습환경 조성
- 학습자 수준 진단과 교육계획 수립
- 교과·과정별 수업 운영
- 수업자료와 평가도구 개발
- 학습 결과 분석 및 피드백 제공","- 해당 분야 전공 또는 교육 역량을 갖춘 분
- 학습자 중심으로 명확하게 설명할 수 있는 분
- 수업계획서와 교육자료 작성이 가능한 분
- 개인정보와 교육윤리를 준수할 수 있는 분
- 협업과 상담 커뮤니케이션 역량
- 해당 분야 전공 또는 교육 역량을 갖춘 분","- Google for Education 공인 트레이너 보유자
- 정보처리기사 보유자
- 교원·보육·평생교육 관련 자격 보유자
- 온라인 수업 및 LMS 운영 경험
- 교육 콘텐츠 기획·제작 경험","- 지원서 또는 제출서류를 허위로 기재한 경우
- 채용검진 결과 직무 수행이 어렵다고 판단되는 경우
- 해외여행 및 근무에 결격사유가 있는 경우
- 관련 법령 또는 내부 인사규정상 채용이 불가능한 경우",서류전형 > 필기전형 > 면접전형 > 최종합격
1514,AI교육컨설턴트 인재 채용,53,152,20260916,20261025,5,경력 2년 이상,무기계약직,전북특별자치도,전문학사 이상,"본 포지션은 AI교육컨설턴트 업무를 담당하며, 현장의 요구사항을 정확히 파악해 안정적인 결과를 만드는 역할입니다.

교육 분야의 실무 기준과 절차에 따라 계획 수립부터 실행, 결과 확인까지 전 과정에 참여합니다.

업무 과정에서 발생하는 이슈를 데이터와 기록에 근거해 분석하고, 유관 부서와 협의하여 개선합니다.

입사 후에는 표준 절차와 내부 시스템 교육을 이수하며, 숙련도에 따라 담당 범위가 확대됩니다.

정확성, 안전, 책임 있는 의사소통을 중시하며 실무 중심의 협업 역량을 기대합니다.","- AI 교육과정 도입 컨설팅
- 교원 대상 생성형 AI 활용 연수
- 교과·과정별 수업 운영
- 수업자료와 평가도구 개발
- 학습 결과 분석 및 피드백 제공
- 학습자·보호자 상담과 기록 관리
- 교육과정 개선 회의 참여
- 출결·성적 등 학사 행정 처리","- 개인정보와 교육윤리를 준수할 수 있는 분
- 협업과 상담 커뮤니케이션 역량
- 해당 분야 전공 또는 교육 역량을 갖춘 분
- 학습자 중심으로 명확하게 설명할 수 있는 분
- 수업계획서와 교육자료 작성이 가능한 분
- 개인정보와 교육윤리를 준수할 수 있는 분","- 정보처리기사 보유자
- AICE Associate 보유자
- 상담 또는 학습코칭 경험
- AI·디지털 교육도구 활용 경험
- 교원·보육·평생교육 관련 자격 보유자","- 지원서 또는 제출서류를 허위로 기재한 경우
- 채용검진 결과 직무 수행이 어렵다고 판단되는 경우
- 해외여행 및 근무에 결격사유가 있는 경우
- 관련 법령 또는 내부 인사규정상 채용이 불가능한 경우",서류전형 > 실무면접 > 최종면접
1515,AI교육컨설턴트 실무자 모집,70,152,20260121,20260131,9,경력 3년 이상,정규직,전라남도,학사 이상,"본 포지션은 AI교육컨설턴트 업무를 담당하며, 현장의 요구사항을 정확히 파악해 안정적인 결과를 만드는 역할입니다.

교육 분야의 실무 기준과 절차에 따라 계획 수립부터 실행, 결과 확인까지 전 과정에 참여합니다.

업무 과정에서 발생하는 이슈를 데이터와 기록에 근거해 분석하고, 유관 부서와 협의하여 개선합니다.

입사 후에는 표준 절차와 내부 시스템 교육을 이수하며, 숙련도에 따라 담당 범위가 확대됩니다.

정확성, 안전, 책임 있는 의사소통을 중시하며 실무 중심의 협업 역량을 기대합니다.","- AI 교육과정 도입 컨설팅
- 교원 대상 생성형 AI 활용 연수
- 학습자·보호자 상담과 기록 관리
- 교육과정 개선 회의 참여
- 출결·성적 등 학사 행정 처리
- 안전하고 포용적인 학습환경 조성
- 학습자 수준 진단과 교육계획 수립
- 교과·과정별 수업 운영","- 학습자 중심으로 명확하게 설명할 수 있는 분
- 수업계획서와 교육자료 작성이 가능한 분
- 개인정보와 교육윤리를 준수할 수 있는 분
- 협업과 상담 커뮤니케이션 역량
- 해당 분야 전공 또는 교육 역량을 갖춘 분
- 학습자 중심으로 명확하게 설명할 수 있는 분","- AICE Associate 보유자
- Google for Education 공인 트레이너 보유자
- 온라인 수업 및 LMS 운영 경험
- 교육 콘텐츠 기획·제작 경험
- 상담 또는 학습코칭 경험","- 지원서 또는 제출서류를 허위로 기재한 경우
- 채용검진 결과 직무 수행이 어렵다고 판단되는 경우
- 해외여행 및 근무에 결격사유가 있는 경우
- 관련 법령 또는 내부 인사규정상 채용이 불가능한 경우",서류전형 > 인성검사 > 실무면접 > 최종면접
1516,AI교육컨설턴트 전문인력 채용,143,152,20260302,20260319,13,경력 무관,계약직,경상북도,학사 이상,"본 포지션은 AI교육컨설턴트 업무를 담당하며, 현장의 요구사항을 정확히 파악해 안정적인 결과를 만드는 역할입니다.

교육 분야의 실무 기준과 절차에 따라 계획 수립부터 실행, 결과 확인까지 전 과정에 참여합니다.

업무 과정에서 발생하는 이슈를 데이터와 기록에 근거해 분석하고, 유관 부서와 협의하여 개선합니다.

입사 후에는 표준 절차와 내부 시스템 교육을 이수하며, 숙련도에 따라 담당 범위가 확대됩니다.

정확성, 안전, 책임 있는 의사소통을 중시하며 실무 중심의 협업 역량을 기대합니다.","- AI 교육과정 도입 컨설팅
- 교원 대상 생성형 AI 활용 연수
- 안전하고 포용적인 학습환경 조성
- 학습자 수준 진단과 교육계획 수립
- 교과·과정별 수업 운영
- 수업자료와 평가도구 개발
- 학습 결과 분석 및 피드백 제공
- 학습자·보호자 상담과 기록 관리","- 협업과 상담 커뮤니케이션 역량
- 해당 분야 전공 또는 교육 역량을 갖춘 분
- 학습자 중심으로 명확하게 설명할 수 있는 분
- 수업계획서와 교육자료 작성이 가능한 분
- 개인정보와 교육윤리를 준수할 수 있는 분
- 협업과 상담 커뮤니케이션 역량","- Google for Education 공인 트레이너 보유자
- 정보처리기사 보유자
- AI·디지털 교육도구 활용 경험
- 교원·보육·평생교육 관련 자격 보유자
- 온라인 수업 및 LMS 운영 경험","- 지원서 또는 제출서류를 허위로 기재한 경우
- 채용검진 결과 직무 수행이 어렵다고 판단되는 경우
- 해외여행 및 근무에 결격사유가 있는 경우
- 관련 법령 또는 내부 인사규정상 채용이 불가능한 경우",서류전형 > 직무과제 > 실무면접 > 처우협의
1517,AI교육컨설턴트 운영인력 모집,24,152,20260507,20260531,17,경력 5년 이상,기간제,경상남도,전문학사 이상,"본 포지션은 AI교육컨설턴트 업무를 담당하며, 현장의 요구사항을 정확히 파악해 안정적인 결과를 만드는 역할입니다.

교육 분야의 실무 기준과 절차에 따라 계획 수립부터 실행, 결과 확인까지 전 과정에 참여합니다.

업무 과정에서 발생하는 이슈를 데이터와 기록에 근거해 분석하고, 유관 부서와 협의하여 개선합니다.

입사 후에는 표준 절차와 내부 시스템 교육을 이수하며, 숙련도에 따라 담당 범위가 확대됩니다.

정확성, 안전, 책임 있는 의사소통을 중시하며 실무 중심의 협업 역량을 기대합니다.","- AI 교육과정 도입 컨설팅
- 교원 대상 생성형 AI 활용 연수
- 수업자료와 평가도구 개발
- 학습 결과 분석 및 피드백 제공
- 학습자·보호자 상담과 기록 관리
- 교육과정 개선 회의 참여
- 출결·성적 등 학사 행정 처리
- 안전하고 포용적인 학습환경 조성","- 수업계획서와 교육자료 작성이 가능한 분
- 개인정보와 교육윤리를 준수할 수 있는 분
- 협업과 상담 커뮤니케이션 역량
- 해당 분야 전공 또는 교육 역량을 갖춘 분
- 학습자 중심으로 명확하게 설명할 수 있는 분
- 수업계획서와 교육자료 작성이 가능한 분","- 정보처리기사 보유자
- AICE Associate 보유자
- 교육 콘텐츠 기획·제작 경험
- 상담 또는 학습코칭 경험
- AI·디지털 교육도구 활용 경험","- 지원서 또는 제출서류를 허위로 기재한 경우
- 채용검진 결과 직무 수행이 어렵다고 판단되는 경우
- 해외여행 및 근무에 결격사유가 있는 경우
- 관련 법령 또는 내부 인사규정상 채용이 불가능한 경우",서류전형 > 1차면접 > 2차면접 > 채용검진
1518,AI교육컨설턴트 프로젝트 인력 채용,52,152,20260712,20260812,1,신입,무기계약직,제주특별자치도,학사 이상,"본 포지션은 AI교육컨설턴트 업무를 담당하며, 현장의 요구사항을 정확히 파악해 안정적인 결과를 만드는 역할입니다.

교육 분야의 실무 기준과 절차에 따라 계획 수립부터 실행, 결과 확인까지 전 과정에 참여합니다.

업무 과정에서 발생하는 이슈를 데이터와 기록에 근거해 분석하고, 유관 부서와 협의하여 개선합니다.

입사 후에는 표준 절차와 내부 시스템 교육을 이수하며, 숙련도에 따라 담당 범위가 확대됩니다.

정확성, 안전, 책임 있는 의사소통을 중시하며 실무 중심의 협업 역량을 기대합니다.","- AI 교육과정 도입 컨설팅
- 교원 대상 생성형 AI 활용 연수
- 교육과정 개선 회의 참여
- 출결·성적 등 학사 행정 처리
- 안전하고 포용적인 학습환경 조성
- 학습자 수준 진단과 교육계획 수립
- 교과·과정별 수업 운영
- 수업자료와 평가도구 개발","- 해당 분야 전공 또는 교육 역량을 갖춘 분
- 학습자 중심으로 명확하게 설명할 수 있는 분
- 수업계획서와 교육자료 작성이 가능한 분
- 개인정보와 교육윤리를 준수할 수 있는 분
- 협업과 상담 커뮤니케이션 역량
- 해당 분야 전공 또는 교육 역량을 갖춘 분","- AICE Associate 보유자
- Google for Education 공인 트레이너 보유자
- 교원·보육·평생교육 관련 자격 보유자
- 온라인 수업 및 LMS 운영 경험
- 교육 콘텐츠 기획·제작 경험","- 지원서 또는 제출서류를 허위로 기재한 경우
- 채용검진 결과 직무 수행이 어렵다고 판단되는 경우
- 해외여행 및 근무에 결격사유가 있는 경우
- 관련 법령 또는 내부 인사규정상 채용이 불가능한 경우",서류전형 > 필기전형 > 면접전형 > 최종합격
1519,AI교육컨설턴트 직무 채용,24,152,20260917,20261025,5,경력,정규직,서울특별시,학사 이상,"본 포지션은 AI교육컨설턴트 업무를 담당하며, 현장의 요구사항을 정확히 파악해 안정적인 결과를 만드는 역할입니다.

교육 분야의 실무 기준과 절차에 따라 계획 수립부터 실행, 결과 확인까지 전 과정에 참여합니다.

업무 과정에서 발생하는 이슈를 데이터와 기록에 근거해 분석하고, 유관 부서와 협의하여 개선합니다.

입사 후에는 표준 절차와 내부 시스템 교육을 이수하며, 숙련도에 따라 담당 범위가 확대됩니다.

정확성, 안전, 책임 있는 의사소통을 중시하며 실무 중심의 협업 역량을 기대합니다.","- AI 교육과정 도입 컨설팅
- 교원 대상 생성형 AI 활용 연수
- 학습자 수준 진단과 교육계획 수립
- 교과·과정별 수업 운영
- 수업자료와 평가도구 개발
- 학습 결과 분석 및 피드백 제공
- 학습자·보호자 상담과 기록 관리
- 교육과정 개선 회의 참여","- 개인정보와 교육윤리를 준수할 수 있는 분
- 협업과 상담 커뮤니케이션 역량
- 해당 분야 전공 또는 교육 역량을 갖춘 분
- 학습자 중심으로 명확하게 설명할 수 있는 분
- 수업계획서와 교육자료 작성이 가능한 분
- 개인정보와 교육윤리를 준수할 수 있는 분","- Google for Education 공인 트레이너 보유자
- 정보처리기사 보유자
- 상담 또는 학습코칭 경험
- AI·디지털 교육도구 활용 경험
- 교원·보육·평생교육 관련 자격 보유자","- 지원서 또는 제출서류를 허위로 기재한 경우
- 채용검진 결과 직무 수행이 어렵다고 판단되는 경우
- 해외여행 및 근무에 결격사유가 있는 경우
- 관련 법령 또는 내부 인사규정상 채용이 불가능한 경우",서류전형 > 실무면접 > 최종면접
1520,AI교육컨설턴트 부문 모집,10,152,20260122,20260308,9,신입·경력,계약직,부산광역시,전문학사 이상,"본 포지션은 AI교육컨설턴트 업무를 담당하며, 현장의 요구사항을 정확히 파악해 안정적인 결과를 만드는 역할입니다.

교육 분야의 실무 기준과 절차에 따라 계획 수립부터 실행, 결과 확인까지 전 과정에 참여합니다.

업무 과정에서 발생하는 이슈를 데이터와 기록에 근거해 분석하고, 유관 부서와 협의하여 개선합니다.

입사 후에는 표준 절차와 내부 시스템 교육을 이수하며, 숙련도에 따라 담당 범위가 확대됩니다.

정확성, 안전, 책임 있는 의사소통을 중시하며 실무 중심의 협업 역량을 기대합니다.","- AI 교육과정 도입 컨설팅
- 교원 대상 생성형 AI 활용 연수
- 학습 결과 분석 및 피드백 제공
- 학습자·보호자 상담과 기록 관리
- 교육과정 개선 회의 참여
- 출결·성적 등 학사 행정 처리
- 안전하고 포용적인 학습환경 조성
- 학습자 수준 진단과 교육계획 수립","- 학습자 중심으로 명확하게 설명할 수 있는 분
- 수업계획서와 교육자료 작성이 가능한 분
- 개인정보와 교육윤리를 준수할 수 있는 분
- 협업과 상담 커뮤니케이션 역량
- 해당 분야 전공 또는 교육 역량을 갖춘 분
- 학습자 중심으로 명확하게 설명할 수 있는 분","- 정보처리기사 보유자
- AICE Associate 보유자
- 온라인 수업 및 LMS 운영 경험
- 교육 콘텐츠 기획·제작 경험
- 상담 또는 학습코칭 경험","- 지원서 또는 제출서류를 허위로 기재한 경우
- 채용검진 결과 직무 수행이 어렵다고 판단되는 경우
- 해외여행 및 근무에 결격사유가 있는 경우
- 관련 법령 또는 내부 인사규정상 채용이 불가능한 경우",서류전형 > 인성검사 > 실무면접 > 최종면접
1521,건축가 모집,49,153,20260404,20260423,14,신입,정규직,충청북도,전문학사 이상,"본 포지션은 건축가 업무를 담당하며, 현장의 요구사항을 정확히 파악해 안정적인 결과를 만드는 역할입니다.

건축·시설 분야의 실무 기준과 절차에 따라 계획 수립부터 실행, 결과 확인까지 전 과정에 참여합니다.

업무 과정에서 발생하는 이슈를 데이터와 기록에 근거해 분석하고, 유관 부서와 협의하여 개선합니다.

입사 후에는 표준 절차와 내부 시스템 교육을 이수하며, 숙련도에 따라 담당 범위가 확대됩니다.

정확성, 안전, 책임 있는 의사소통을 중시하며 실무 중심의 협업 역량을 기대합니다.","- 건축가 직무 기준에 따른 실무 수행
- 건축가 관련 결과물 검토 및 개선
- 발주처·감리·유관 부서 보고
- 현장·시설 상태 점검 및 작업계획 수립
- 도면·시방서·물량 내역 검토
- 공정·품질·원가·안전 관리
- 협력업체 작업 조율 및 검수
- 인허가·점검 관련 서류 작성","- 건축사 면허를 보유한 분
- 현장 일정에 맞춘 근무가 가능한 분
- 기본 문서 작성과 보고 역량
- 안전수칙 및 관계 법령을 준수할 수 있는 분
- 건축·토목·전기·안전 등 관련 분야 이해
- 도면과 시방서 독해가 가능한 분","- 건축사 보유자
- 건축기사 보유자
- 운전면허 보유 및 출장 가능자
- 건설·시설관리 현장 경험
- CAD·BIM·적산 프로그램 활용 경험","- 지원서 또는 제출서류를 허위로 기재한 경우
- 채용검진 결과 직무 수행이 어렵다고 판단되는 경우
- 해외여행 및 근무에 결격사유가 있는 경우
- 관련 법령 또는 내부 인사규정상 채용이 불가능한 경우",서류전형 > 1차면접 > 2차면접 > 채용검진
1522,건축가 채용,158,153,20260609,20260705,18,경력,정규직,충청남도,학사 이상,"본 포지션은 건축가 업무를 담당하며, 현장의 요구사항을 정확히 파악해 안정적인 결과를 만드는 역할입니다.

건축·시설 분야의 실무 기준과 절차에 따라 계획 수립부터 실행, 결과 확인까지 전 과정에 참여합니다.

업무 과정에서 발생하는 이슈를 데이터와 기록에 근거해 분석하고, 유관 부서와 협의하여 개선합니다.

입사 후에는 표준 절차와 내부 시스템 교육을 이수하며, 숙련도에 따라 담당 범위가 확대됩니다.

정확성, 안전, 책임 있는 의사소통을 중시하며 실무 중심의 협업 역량을 기대합니다.","- 건축가 직무 기준에 따른 실무 수행
- 건축가 관련 결과물 검토 및 개선
- 공정·품질·원가·안전 관리
- 협력업체 작업 조율 및 검수
- 인허가·점검 관련 서류 작성
- 하자·민원 원인 파악과 조치
- 점검 결과 및 유지보수 이력 관리
- 발주처·감리·유관 부서 보고","- 건축사 면허를 보유한 분
- 건축·토목·전기·안전 등 관련 분야 이해
- 도면과 시방서 독해가 가능한 분
- 현장 일정에 맞춘 근무가 가능한 분
- 기본 문서 작성과 보고 역량
- 안전수칙 및 관계 법령을 준수할 수 있는 분","- 건축기사 보유자
- BIM 운용전문가 1급 보유자
- 공공·대형 프로젝트 수행 경험
- 운전면허 보유 및 출장 가능자
- 건설·시설관리 현장 경험","- 지원서 또는 제출서류를 허위로 기재한 경우
- 채용검진 결과 직무 수행이 어렵다고 판단되는 경우
- 해외여행 및 근무에 결격사유가 있는 경우
- 관련 법령 또는 내부 인사규정상 채용이 불가능한 경우",서류전형 > 필기전형 > 면접전형 > 최종합격
1523,건축가 담당자 모집,123,153,20260814,20260916,2,신입·경력,계약직,전북특별자치도,학사 이상,"본 포지션은 건축가 업무를 담당하며, 현장의 요구사항을 정확히 파악해 안정적인 결과를 만드는 역할입니다.

건축·시설 분야의 실무 기준과 절차에 따라 계획 수립부터 실행, 결과 확인까지 전 과정에 참여합니다.

업무 과정에서 발생하는 이슈를 데이터와 기록에 근거해 분석하고, 유관 부서와 협의하여 개선합니다.

입사 후에는 표준 절차와 내부 시스템 교육을 이수하며, 숙련도에 따라 담당 범위가 확대됩니다.

정확성, 안전, 책임 있는 의사소통을 중시하며 실무 중심의 협업 역량을 기대합니다.","- 건축가 직무 기준에 따른 실무 수행
- 건축가 관련 결과물 검토 및 개선
- 하자·민원 원인 파악과 조치
- 점검 결과 및 유지보수 이력 관리
- 발주처·감리·유관 부서 보고
- 현장·시설 상태 점검 및 작업계획 수립
- 도면·시방서·물량 내역 검토
- 공정·품질·원가·안전 관리","- 건축사 면허를 보유한 분
- 기본 문서 작성과 보고 역량
- 안전수칙 및 관계 법령을 준수할 수 있는 분
- 건축·토목·전기·안전 등 관련 분야 이해
- 도면과 시방서 독해가 가능한 분
- 현장 일정에 맞춘 근무가 가능한 분","- BIM 운용전문가 1급 보유자
- 건축사 보유자
- CAD·BIM·적산 프로그램 활용 경험
- 공공·대형 프로젝트 수행 경험
- 운전면허 보유 및 출장 가능자","- 지원서 또는 제출서류를 허위로 기재한 경우
- 채용검진 결과 직무 수행이 어렵다고 판단되는 경우
- 해외여행 및 근무에 결격사유가 있는 경우
- 관련 법령 또는 내부 인사규정상 채용이 불가능한 경우",서류전형 > 실무면접 > 최종면접
1524,건축가 인재 채용,59,153,20261019,20261128,6,경력 2년 이상,무기계약직,전라남도,전문학사 이상,"본 포지션은 건축가 업무를 담당하며, 현장의 요구사항을 정확히 파악해 안정적인 결과를 만드는 역할입니다.

건축·시설 분야의 실무 기준과 절차에 따라 계획 수립부터 실행, 결과 확인까지 전 과정에 참여합니다.

업무 과정에서 발생하는 이슈를 데이터와 기록에 근거해 분석하고, 유관 부서와 협의하여 개선합니다.

입사 후에는 표준 절차와 내부 시스템 교육을 이수하며, 숙련도에 따라 담당 범위가 확대됩니다.

정확성, 안전, 책임 있는 의사소통을 중시하며 실무 중심의 협업 역량을 기대합니다.","- 건축가 직무 기준에 따른 실무 수행
- 건축가 관련 결과물 검토 및 개선
- 현장·시설 상태 점검 및 작업계획 수립
- 도면·시방서·물량 내역 검토
- 공정·품질·원가·안전 관리
- 협력업체 작업 조율 및 검수
- 인허가·점검 관련 서류 작성
- 하자·민원 원인 파악과 조치","- 건축사 면허를 보유한 분
- 도면과 시방서 독해가 가능한 분
- 현장 일정에 맞춘 근무가 가능한 분
- 기본 문서 작성과 보고 역량
- 안전수칙 및 관계 법령을 준수할 수 있는 분
- 건축·토목·전기·안전 등 관련 분야 이해","- 건축사 보유자
- 건축기사 보유자
- 건설·시설관리 현장 경험
- CAD·BIM·적산 프로그램 활용 경험
- 공공·대형 프로젝트 수행 경험","- 지원서 또는 제출서류를 허위로 기재한 경우
- 채용검진 결과 직무 수행이 어렵다고 판단되는 경우
- 해외여행 및 근무에 결격사유가 있는 경우
- 관련 법령 또는 내부 인사규정상 채용이 불가능한 경우",서류전형 > 인성검사 > 실무면접 > 최종면접
1525,건축가 실무자 모집,126,153,20260224,20260307,10,경력 3년 이상,정규직,경상북도,학사 이상,"본 포지션은 건축가 업무를 담당하며, 현장의 요구사항을 정확히 파악해 안정적인 결과를 만드는 역할입니다.

건축·시설 분야의 실무 기준과 절차에 따라 계획 수립부터 실행, 결과 확인까지 전 과정에 참여합니다.

업무 과정에서 발생하는 이슈를 데이터와 기록에 근거해 분석하고, 유관 부서와 협의하여 개선합니다.

입사 후에는 표준 절차와 내부 시스템 교육을 이수하며, 숙련도에 따라 담당 범위가 확대됩니다.

정확성, 안전, 책임 있는 의사소통을 중시하며 실무 중심의 협업 역량을 기대합니다.","- 건축가 직무 기준에 따른 실무 수행
- 건축가 관련 결과물 검토 및 개선
- 협력업체 작업 조율 및 검수
- 인허가·점검 관련 서류 작성
- 하자·민원 원인 파악과 조치
- 점검 결과 및 유지보수 이력 관리
- 발주처·감리·유관 부서 보고
- 현장·시설 상태 점검 및 작업계획 수립","- 건축사 면허를 보유한 분
- 안전수칙 및 관계 법령을 준수할 수 있는 분
- 건축·토목·전기·안전 등 관련 분야 이해
- 도면과 시방서 독해가 가능한 분
- 현장 일정에 맞춘 근무가 가능한 분
- 기본 문서 작성과 보고 역량","- 건축기사 보유자
- BIM 운용전문가 1급 보유자
- 운전면허 보유 및 출장 가능자
- 건설·시설관리 현장 경험
- CAD·BIM·적산 프로그램 활용 경험","- 지원서 또는 제출서류를 허위로 기재한 경우
- 채용검진 결과 직무 수행이 어렵다고 판단되는 경우
- 해외여행 및 근무에 결격사유가 있는 경우
- 관련 법령 또는 내부 인사규정상 채용이 불가능한 경우",서류전형 > 직무과제 > 실무면접 > 처우협의
1526,건축가 전문인력 채용,63,153,20260405,20260423,14,경력 무관,정규직,경상남도,학사 이상,"본 포지션은 건축가 업무를 담당하며, 현장의 요구사항을 정확히 파악해 안정적인 결과를 만드는 역할입니다.

건축·시설 분야의 실무 기준과 절차에 따라 계획 수립부터 실행, 결과 확인까지 전 과정에 참여합니다.

업무 과정에서 발생하는 이슈를 데이터와 기록에 근거해 분석하고, 유관 부서와 협의하여 개선합니다.

입사 후에는 표준 절차와 내부 시스템 교육을 이수하며, 숙련도에 따라 담당 범위가 확대됩니다.

정확성, 안전, 책임 있는 의사소통을 중시하며 실무 중심의 협업 역량을 기대합니다.","- 건축가 직무 기준에 따른 실무 수행
- 건축가 관련 결과물 검토 및 개선
- 점검 결과 및 유지보수 이력 관리
- 발주처·감리·유관 부서 보고
- 현장·시설 상태 점검 및 작업계획 수립
- 도면·시방서·물량 내역 검토
- 공정·품질·원가·안전 관리
- 협력업체 작업 조율 및 검수","- 건축사 면허를 보유한 분
- 현장 일정에 맞춘 근무가 가능한 분
- 기본 문서 작성과 보고 역량
- 안전수칙 및 관계 법령을 준수할 수 있는 분
- 건축·토목·전기·안전 등 관련 분야 이해
- 도면과 시방서 독해가 가능한 분","- BIM 운용전문가 1급 보유자
- 건축사 보유자
- 공공·대형 프로젝트 수행 경험
- 운전면허 보유 및 출장 가능자
- 건설·시설관리 현장 경험","- 지원서 또는 제출서류를 허위로 기재한 경우
- 채용검진 결과 직무 수행이 어렵다고 판단되는 경우
- 해외여행 및 근무에 결격사유가 있는 경우
- 관련 법령 또는 내부 인사규정상 채용이 불가능한 경우",서류전형 > 1차면접 > 2차면접 > 채용검진
1527,건축가 운영인력 모집,18,153,20260610,20260705,18,경력 5년 이상,계약직,제주특별자치도,전문학사 이상,"본 포지션은 건축가 업무를 담당하며, 현장의 요구사항을 정확히 파악해 안정적인 결과를 만드는 역할입니다.

건축·시설 분야의 실무 기준과 절차에 따라 계획 수립부터 실행, 결과 확인까지 전 과정에 참여합니다.

업무 과정에서 발생하는 이슈를 데이터와 기록에 근거해 분석하고, 유관 부서와 협의하여 개선합니다.

입사 후에는 표준 절차와 내부 시스템 교육을 이수하며, 숙련도에 따라 담당 범위가 확대됩니다.

정확성, 안전, 책임 있는 의사소통을 중시하며 실무 중심의 협업 역량을 기대합니다.","- 건축가 직무 기준에 따른 실무 수행
- 건축가 관련 결과물 검토 및 개선
- 도면·시방서·물량 내역 검토
- 공정·품질·원가·안전 관리
- 협력업체 작업 조율 및 검수
- 인허가·점검 관련 서류 작성
- 하자·민원 원인 파악과 조치
- 점검 결과 및 유지보수 이력 관리","- 건축사 면허를 보유한 분
- 건축·토목·전기·안전 등 관련 분야 이해
- 도면과 시방서 독해가 가능한 분
- 현장 일정에 맞춘 근무가 가능한 분
- 기본 문서 작성과 보고 역량
- 안전수칙 및 관계 법령을 준수할 수 있는 분","- 건축사 보유자
- 건축기사 보유자
- CAD·BIM·적산 프로그램 활용 경험
- 공공·대형 프로젝트 수행 경험
- 운전면허 보유 및 출장 가능자","- 지원서 또는 제출서류를 허위로 기재한 경우
- 채용검진 결과 직무 수행이 어렵다고 판단되는 경우
- 해외여행 및 근무에 결격사유가 있는 경우
- 관련 법령 또는 내부 인사규정상 채용이 불가능한 경우",서류전형 > 필기전형 > 면접전형 > 최종합격
1528,건축가 프로젝트 인력 채용,44,153,20260815,20260916,2,신입,무기계약직,서울특별시,학사 이상,"본 포지션은 건축가 업무를 담당하며, 현장의 요구사항을 정확히 파악해 안정적인 결과를 만드는 역할입니다.

건축·시설 분야의 실무 기준과 절차에 따라 계획 수립부터 실행, 결과 확인까지 전 과정에 참여합니다.

업무 과정에서 발생하는 이슈를 데이터와 기록에 근거해 분석하고, 유관 부서와 협의하여 개선합니다.

입사 후에는 표준 절차와 내부 시스템 교육을 이수하며, 숙련도에 따라 담당 범위가 확대됩니다.

정확성, 안전, 책임 있는 의사소통을 중시하며 실무 중심의 협업 역량을 기대합니다.","- 건축가 직무 기준에 따른 실무 수행
- 건축가 관련 결과물 검토 및 개선
- 인허가·점검 관련 서류 작성
- 하자·민원 원인 파악과 조치
- 점검 결과 및 유지보수 이력 관리
- 발주처·감리·유관 부서 보고
- 현장·시설 상태 점검 및 작업계획 수립
- 도면·시방서·물량 내역 검토","- 건축사 면허를 보유한 분
- 기본 문서 작성과 보고 역량
- 안전수칙 및 관계 법령을 준수할 수 있는 분
- 건축·토목·전기·안전 등 관련 분야 이해
- 도면과 시방서 독해가 가능한 분
- 현장 일정에 맞춘 근무가 가능한 분","- 건축기사 보유자
- BIM 운용전문가 1급 보유자
- 건설·시설관리 현장 경험
- CAD·BIM·적산 프로그램 활용 경험
- 공공·대형 프로젝트 수행 경험","- 지원서 또는 제출서류를 허위로 기재한 경우
- 채용검진 결과 직무 수행이 어렵다고 판단되는 경우
- 해외여행 및 근무에 결격사유가 있는 경우
- 관련 법령 또는 내부 인사규정상 채용이 불가능한 경우",서류전형 > 실무면접 > 최종면접
1529,건축가 직무 채용,109,153,20261020,20261128,6,경력,정규직,부산광역시,학사 이상,"본 포지션은 건축가 업무를 담당하며, 현장의 요구사항을 정확히 파악해 안정적인 결과를 만드는 역할입니다.

건축·시설 분야의 실무 기준과 절차에 따라 계획 수립부터 실행, 결과 확인까지 전 과정에 참여합니다.

업무 과정에서 발생하는 이슈를 데이터와 기록에 근거해 분석하고, 유관 부서와 협의하여 개선합니다.

입사 후에는 표준 절차와 내부 시스템 교육을 이수하며, 숙련도에 따라 담당 범위가 확대됩니다.

정확성, 안전, 책임 있는 의사소통을 중시하며 실무 중심의 협업 역량을 기대합니다.","- 건축가 직무 기준에 따른 실무 수행
- 건축가 관련 결과물 검토 및 개선
- 발주처·감리·유관 부서 보고
- 현장·시설 상태 점검 및 작업계획 수립
- 도면·시방서·물량 내역 검토
- 공정·품질·원가·안전 관리
- 협력업체 작업 조율 및 검수
- 인허가·점검 관련 서류 작성","- 건축사 면허를 보유한 분
- 도면과 시방서 독해가 가능한 분
- 현장 일정에 맞춘 근무가 가능한 분
- 기본 문서 작성과 보고 역량
- 안전수칙 및 관계 법령을 준수할 수 있는 분
- 건축·토목·전기·안전 등 관련 분야 이해","- BIM 운용전문가 1급 보유자
- 건축사 보유자
- 운전면허 보유 및 출장 가능자
- 건설·시설관리 현장 경험
- CAD·BIM·적산 프로그램 활용 경험","- 지원서 또는 제출서류를 허위로 기재한 경우
- 채용검진 결과 직무 수행이 어렵다고 판단되는 경우
- 해외여행 및 근무에 결격사유가 있는 경우
- 관련 법령 또는 내부 인사규정상 채용이 불가능한 경우",서류전형 > 인성검사 > 실무면접 > 최종면접
1530,건축가 부문 모집,93,153,20260201,20260211,10,신입·경력,정규직,인천광역시,전문학사 이상,"본 포지션은 건축가 업무를 담당하며, 현장의 요구사항을 정확히 파악해 안정적인 결과를 만드는 역할입니다.

건축·시설 분야의 실무 기준과 절차에 따라 계획 수립부터 실행, 결과 확인까지 전 과정에 참여합니다.

업무 과정에서 발생하는 이슈를 데이터와 기록에 근거해 분석하고, 유관 부서와 협의하여 개선합니다.

입사 후에는 표준 절차와 내부 시스템 교육을 이수하며, 숙련도에 따라 담당 범위가 확대됩니다.

정확성, 안전, 책임 있는 의사소통을 중시하며 실무 중심의 협업 역량을 기대합니다.","- 건축가 직무 기준에 따른 실무 수행
- 건축가 관련 결과물 검토 및 개선
- 공정·품질·원가·안전 관리
- 협력업체 작업 조율 및 검수
- 인허가·점검 관련 서류 작성
- 하자·민원 원인 파악과 조치
- 점검 결과 및 유지보수 이력 관리
- 발주처·감리·유관 부서 보고","- 건축사 면허를 보유한 분
- 안전수칙 및 관계 법령을 준수할 수 있는 분
- 건축·토목·전기·안전 등 관련 분야 이해
- 도면과 시방서 독해가 가능한 분
- 현장 일정에 맞춘 근무가 가능한 분
- 기본 문서 작성과 보고 역량","- 건축사 보유자
- 건축기사 보유자
- 공공·대형 프로젝트 수행 경험
- 운전면허 보유 및 출장 가능자
- 건설·시설관리 현장 경험","- 지원서 또는 제출서류를 허위로 기재한 경우
- 채용검진 결과 직무 수행이 어렵다고 판단되는 경우
- 해외여행 및 근무에 결격사유가 있는 경우
- 관련 법령 또는 내부 인사규정상 채용이 불가능한 경우",서류전형 > 직무과제 > 실무면접 > 처우협의
1531,건축기사 모집,153,154,20260507,20260527,15,신입,정규직,충청남도,전문학사 이상,"본 포지션은 건축기사 업무를 담당하며, 현장의 요구사항을 정확히 파악해 안정적인 결과를 만드는 역할입니다.

건축·시설 분야의 실무 기준과 절차에 따라 계획 수립부터 실행, 결과 확인까지 전 과정에 참여합니다.

업무 과정에서 발생하는 이슈를 데이터와 기록에 근거해 분석하고, 유관 부서와 협의하여 개선합니다.

입사 후에는 표준 절차와 내부 시스템 교육을 이수하며, 숙련도에 따라 담당 범위가 확대됩니다.

정확성, 안전, 책임 있는 의사소통을 중시하며 실무 중심의 협업 역량을 기대합니다.","- 건축기사 직무 기준에 따른 실무 수행
- 건축기사 관련 결과물 검토 및 개선
- 점검 결과 및 유지보수 이력 관리
- 발주처·감리·유관 부서 보고
- 현장·시설 상태 점검 및 작업계획 수립
- 도면·시방서·물량 내역 검토
- 공정·품질·원가·안전 관리
- 협력업체 작업 조율 및 검수","- 기본 문서 작성과 보고 역량
- 안전수칙 및 관계 법령을 준수할 수 있는 분
- 건축·토목·전기·안전 등 관련 분야 이해
- 도면과 시방서 독해가 가능한 분
- 현장 일정에 맞춘 근무가 가능한 분
- 기본 문서 작성과 보고 역량","- 건축기사 보유자
- 건축산업기사 보유자
- 공공·대형 프로젝트 수행 경험
- 운전면허 보유 및 출장 가능자
- 건설·시설관리 현장 경험","- 지원서 또는 제출서류를 허위로 기재한 경우
- 채용검진 결과 직무 수행이 어렵다고 판단되는 경우
- 해외여행 및 근무에 결격사유가 있는 경우
- 관련 법령 또는 내부 인사규정상 채용이 불가능한 경우",서류전형 > 필기전형 > 면접전형 > 최종합격
1532,건축기사 채용,21,154,20260712,20260808,19,경력,정규직,전북특별자치도,학사 이상,"본 포지션은 건축기사 업무를 담당하며, 현장의 요구사항을 정확히 파악해 안정적인 결과를 만드는 역할입니다.

건축·시설 분야의 실무 기준과 절차에 따라 계획 수립부터 실행, 결과 확인까지 전 과정에 참여합니다.

업무 과정에서 발생하는 이슈를 데이터와 기록에 근거해 분석하고, 유관 부서와 협의하여 개선합니다.

입사 후에는 표준 절차와 내부 시스템 교육을 이수하며, 숙련도에 따라 담당 범위가 확대됩니다.

정확성, 안전, 책임 있는 의사소통을 중시하며 실무 중심의 협업 역량을 기대합니다.","- 건축기사 직무 기준에 따른 실무 수행
- 건축기사 관련 결과물 검토 및 개선
- 도면·시방서·물량 내역 검토
- 공정·품질·원가·안전 관리
- 협력업체 작업 조율 및 검수
- 인허가·점검 관련 서류 작성
- 하자·민원 원인 파악과 조치
- 점검 결과 및 유지보수 이력 관리","- 도면과 시방서 독해가 가능한 분
- 현장 일정에 맞춘 근무가 가능한 분
- 기본 문서 작성과 보고 역량
- 안전수칙 및 관계 법령을 준수할 수 있는 분
- 건축·토목·전기·안전 등 관련 분야 이해
- 도면과 시방서 독해가 가능한 분","- 건축산업기사 보유자
- 실내건축기사 보유자
- CAD·BIM·적산 프로그램 활용 경험
- 공공·대형 프로젝트 수행 경험
- 운전면허 보유 및 출장 가능자","- 지원서 또는 제출서류를 허위로 기재한 경우
- 채용검진 결과 직무 수행이 어렵다고 판단되는 경우
- 해외여행 및 근무에 결격사유가 있는 경우
- 관련 법령 또는 내부 인사규정상 채용이 불가능한 경우",서류전형 > 실무면접 > 최종면접
1533,건축기사 담당자 모집,51,154,20260917,20261021,3,신입·경력,계약직,전라남도,학사 이상,"본 포지션은 건축기사 업무를 담당하며, 현장의 요구사항을 정확히 파악해 안정적인 결과를 만드는 역할입니다.

건축·시설 분야의 실무 기준과 절차에 따라 계획 수립부터 실행, 결과 확인까지 전 과정에 참여합니다.

업무 과정에서 발생하는 이슈를 데이터와 기록에 근거해 분석하고, 유관 부서와 협의하여 개선합니다.

입사 후에는 표준 절차와 내부 시스템 교육을 이수하며, 숙련도에 따라 담당 범위가 확대됩니다.

정확성, 안전, 책임 있는 의사소통을 중시하며 실무 중심의 협업 역량을 기대합니다.","- 건축기사 직무 기준에 따른 실무 수행
- 건축기사 관련 결과물 검토 및 개선
- 인허가·점검 관련 서류 작성
- 하자·민원 원인 파악과 조치
- 점검 결과 및 유지보수 이력 관리
- 발주처·감리·유관 부서 보고
- 현장·시설 상태 점검 및 작업계획 수립
- 도면·시방서·물량 내역 검토","- 안전수칙 및 관계 법령을 준수할 수 있는 분
- 건축·토목·전기·안전 등 관련 분야 이해
- 도면과 시방서 독해가 가능한 분
- 현장 일정에 맞춘 근무가 가능한 분
- 기본 문서 작성과 보고 역량
- 안전수칙 및 관계 법령을 준수할 수 있는 분","- 실내건축기사 보유자
- 건축기사 보유자
- 건설·시설관리 현장 경험
- CAD·BIM·적산 프로그램 활용 경험
- 공공·대형 프로젝트 수행 경험","- 지원서 또는 제출서류를 허위로 기재한 경우
- 채용검진 결과 직무 수행이 어렵다고 판단되는 경우
- 해외여행 및 근무에 결격사유가 있는 경우
- 관련 법령 또는 내부 인사규정상 채용이 불가능한 경우",서류전형 > 인성검사 > 실무면접 > 최종면접
1534,건축기사 인재 채용,134,154,20260122,20260304,7,경력 2년 이상,무기계약직,경상북도,전문학사 이상,"본 포지션은 건축기사 업무를 담당하며, 현장의 요구사항을 정확히 파악해 안정적인 결과를 만드는 역할입니다.

건축·시설 분야의 실무 기준과 절차에 따라 계획 수립부터 실행, 결과 확인까지 전 과정에 참여합니다.

업무 과정에서 발생하는 이슈를 데이터와 기록에 근거해 분석하고, 유관 부서와 협의하여 개선합니다.

입사 후에는 표준 절차와 내부 시스템 교육을 이수하며, 숙련도에 따라 담당 범위가 확대됩니다.

정확성, 안전, 책임 있는 의사소통을 중시하며 실무 중심의 협업 역량을 기대합니다.","- 건축기사 직무 기준에 따른 실무 수행
- 건축기사 관련 결과물 검토 및 개선
- 발주처·감리·유관 부서 보고
- 현장·시설 상태 점검 및 작업계획 수립
- 도면·시방서·물량 내역 검토
- 공정·품질·원가·안전 관리
- 협력업체 작업 조율 및 검수
- 인허가·점검 관련 서류 작성","- 현장 일정에 맞춘 근무가 가능한 분
- 기본 문서 작성과 보고 역량
- 안전수칙 및 관계 법령을 준수할 수 있는 분
- 건축·토목·전기·안전 등 관련 분야 이해
- 도면과 시방서 독해가 가능한 분
- 현장 일정에 맞춘 근무가 가능한 분","- 건축기사 보유자
- 건축산업기사 보유자
- 운전면허 보유 및 출장 가능자
- 건설·시설관리 현장 경험
- CAD·BIM·적산 프로그램 활용 경험","- 지원서 또는 제출서류를 허위로 기재한 경우
- 채용검진 결과 직무 수행이 어렵다고 판단되는 경우
- 해외여행 및 근무에 결격사유가 있는 경우
- 관련 법령 또는 내부 인사규정상 채용이 불가능한 경우",서류전형 > 직무과제 > 실무면접 > 처우협의
1535,건축기사 실무자 모집,97,154,20260303,20260315,11,경력 3년 이상,정규직,경상남도,학사 이상,"본 포지션은 건축기사 업무를 담당하며, 현장의 요구사항을 정확히 파악해 안정적인 결과를 만드는 역할입니다.

건축·시설 분야의 실무 기준과 절차에 따라 계획 수립부터 실행, 결과 확인까지 전 과정에 참여합니다.

업무 과정에서 발생하는 이슈를 데이터와 기록에 근거해 분석하고, 유관 부서와 협의하여 개선합니다.

입사 후에는 표준 절차와 내부 시스템 교육을 이수하며, 숙련도에 따라 담당 범위가 확대됩니다.

정확성, 안전, 책임 있는 의사소통을 중시하며 실무 중심의 협업 역량을 기대합니다.","- 건축기사 직무 기준에 따른 실무 수행
- 건축기사 관련 결과물 검토 및 개선
- 공정·품질·원가·안전 관리
- 협력업체 작업 조율 및 검수
- 인허가·점검 관련 서류 작성
- 하자·민원 원인 파악과 조치
- 점검 결과 및 유지보수 이력 관리
- 발주처·감리·유관 부서 보고","- 건축·토목·전기·안전 등 관련 분야 이해
- 도면과 시방서 독해가 가능한 분
- 현장 일정에 맞춘 근무가 가능한 분
- 기본 문서 작성과 보고 역량
- 안전수칙 및 관계 법령을 준수할 수 있는 분
- 건축·토목·전기·안전 등 관련 분야 이해","- 건축산업기사 보유자
- 실내건축기사 보유자
- 공공·대형 프로젝트 수행 경험
- 운전면허 보유 및 출장 가능자
- 건설·시설관리 현장 경험","- 지원서 또는 제출서류를 허위로 기재한 경우
- 채용검진 결과 직무 수행이 어렵다고 판단되는 경우
- 해외여행 및 근무에 결격사유가 있는 경우
- 관련 법령 또는 내부 인사규정상 채용이 불가능한 경우",서류전형 > 1차면접 > 2차면접 > 채용검진
1536,건축기사 전문인력 채용,121,154,20260508,20260527,15,경력 무관,정규직,제주특별자치도,학사 이상,"본 포지션은 건축기사 업무를 담당하며, 현장의 요구사항을 정확히 파악해 안정적인 결과를 만드는 역할입니다.

건축·시설 분야의 실무 기준과 절차에 따라 계획 수립부터 실행, 결과 확인까지 전 과정에 참여합니다.

업무 과정에서 발생하는 이슈를 데이터와 기록에 근거해 분석하고, 유관 부서와 협의하여 개선합니다.

입사 후에는 표준 절차와 내부 시스템 교육을 이수하며, 숙련도에 따라 담당 범위가 확대됩니다.

정확성, 안전, 책임 있는 의사소통을 중시하며 실무 중심의 협업 역량을 기대합니다.","- 건축기사 직무 기준에 따른 실무 수행
- 건축기사 관련 결과물 검토 및 개선
- 하자·민원 원인 파악과 조치
- 점검 결과 및 유지보수 이력 관리
- 발주처·감리·유관 부서 보고
- 현장·시설 상태 점검 및 작업계획 수립
- 도면·시방서·물량 내역 검토
- 공정·품질·원가·안전 관리","- 기본 문서 작성과 보고 역량
- 안전수칙 및 관계 법령을 준수할 수 있는 분
- 건축·토목·전기·안전 등 관련 분야 이해
- 도면과 시방서 독해가 가능한 분
- 현장 일정에 맞춘 근무가 가능한 분
- 기본 문서 작성과 보고 역량","- 실내건축기사 보유자
- 건축기사 보유자
- CAD·BIM·적산 프로그램 활용 경험
- 공공·대형 프로젝트 수행 경험
- 운전면허 보유 및 출장 가능자","- 지원서 또는 제출서류를 허위로 기재한 경우
- 채용검진 결과 직무 수행이 어렵다고 판단되는 경우
- 해외여행 및 근무에 결격사유가 있는 경우
- 관련 법령 또는 내부 인사규정상 채용이 불가능한 경우",서류전형 > 필기전형 > 면접전형 > 최종합격
1537,건축기사 운영인력 모집,52,154,20260713,20260808,19,경력 5년 이상,계약직,서울특별시,전문학사 이상,"본 포지션은 건축기사 업무를 담당하며, 현장의 요구사항을 정확히 파악해 안정적인 결과를 만드는 역할입니다.

건축·시설 분야의 실무 기준과 절차에 따라 계획 수립부터 실행, 결과 확인까지 전 과정에 참여합니다.

업무 과정에서 발생하는 이슈를 데이터와 기록에 근거해 분석하고, 유관 부서와 협의하여 개선합니다.

입사 후에는 표준 절차와 내부 시스템 교육을 이수하며, 숙련도에 따라 담당 범위가 확대됩니다.

정확성, 안전, 책임 있는 의사소통을 중시하며 실무 중심의 협업 역량을 기대합니다.","- 건축기사 직무 기준에 따른 실무 수행
- 건축기사 관련 결과물 검토 및 개선
- 현장·시설 상태 점검 및 작업계획 수립
- 도면·시방서·물량 내역 검토
- 공정·품질·원가·안전 관리
- 협력업체 작업 조율 및 검수
- 인허가·점검 관련 서류 작성
- 하자·민원 원인 파악과 조치","- 도면과 시방서 독해가 가능한 분
- 현장 일정에 맞춘 근무가 가능한 분
- 기본 문서 작성과 보고 역량
- 안전수칙 및 관계 법령을 준수할 수 있는 분
- 건축·토목·전기·안전 등 관련 분야 이해
- 도면과 시방서 독해가 가능한 분","- 건축기사 보유자
- 건축산업기사 보유자
- 건설·시설관리 현장 경험
- CAD·BIM·적산 프로그램 활용 경험
- 공공·대형 프로젝트 수행 경험","- 지원서 또는 제출서류를 허위로 기재한 경우
- 채용검진 결과 직무 수행이 어렵다고 판단되는 경우
- 해외여행 및 근무에 결격사유가 있는 경우
- 관련 법령 또는 내부 인사규정상 채용이 불가능한 경우",서류전형 > 실무면접 > 최종면접
1538,건축기사 프로젝트 인력 채용,49,154,20260918,20261021,3,신입,무기계약직,부산광역시,학사 이상,"본 포지션은 건축기사 업무를 담당하며, 현장의 요구사항을 정확히 파악해 안정적인 결과를 만드는 역할입니다.

건축·시설 분야의 실무 기준과 절차에 따라 계획 수립부터 실행, 결과 확인까지 전 과정에 참여합니다.

업무 과정에서 발생하는 이슈를 데이터와 기록에 근거해 분석하고, 유관 부서와 협의하여 개선합니다.

입사 후에는 표준 절차와 내부 시스템 교육을 이수하며, 숙련도에 따라 담당 범위가 확대됩니다.

정확성, 안전, 책임 있는 의사소통을 중시하며 실무 중심의 협업 역량을 기대합니다.","- 건축기사 직무 기준에 따른 실무 수행
- 건축기사 관련 결과물 검토 및 개선
- 협력업체 작업 조율 및 검수
- 인허가·점검 관련 서류 작성
- 하자·민원 원인 파악과 조치
- 점검 결과 및 유지보수 이력 관리
- 발주처·감리·유관 부서 보고
- 현장·시설 상태 점검 및 작업계획 수립","- 안전수칙 및 관계 법령을 준수할 수 있는 분
- 건축·토목·전기·안전 등 관련 분야 이해
- 도면과 시방서 독해가 가능한 분
- 현장 일정에 맞춘 근무가 가능한 분
- 기본 문서 작성과 보고 역량
- 안전수칙 및 관계 법령을 준수할 수 있는 분","- 건축산업기사 보유자
- 실내건축기사 보유자
- 운전면허 보유 및 출장 가능자
- 건설·시설관리 현장 경험
- CAD·BIM·적산 프로그램 활용 경험","- 지원서 또는 제출서류를 허위로 기재한 경우
- 채용검진 결과 직무 수행이 어렵다고 판단되는 경우
- 해외여행 및 근무에 결격사유가 있는 경우
- 관련 법령 또는 내부 인사규정상 채용이 불가능한 경우",서류전형 > 인성검사 > 실무면접 > 최종면접
1539,건축기사 직무 채용,27,154,20260123,20260304,7,경력,정규직,인천광역시,학사 이상,"본 포지션은 건축기사 업무를 담당하며, 현장의 요구사항을 정확히 파악해 안정적인 결과를 만드는 역할입니다.

건축·시설 분야의 실무 기준과 절차에 따라 계획 수립부터 실행, 결과 확인까지 전 과정에 참여합니다.

업무 과정에서 발생하는 이슈를 데이터와 기록에 근거해 분석하고, 유관 부서와 협의하여 개선합니다.

입사 후에는 표준 절차와 내부 시스템 교육을 이수하며, 숙련도에 따라 담당 범위가 확대됩니다.

정확성, 안전, 책임 있는 의사소통을 중시하며 실무 중심의 협업 역량을 기대합니다.","- 건축기사 직무 기준에 따른 실무 수행
- 건축기사 관련 결과물 검토 및 개선
- 점검 결과 및 유지보수 이력 관리
- 발주처·감리·유관 부서 보고
- 현장·시설 상태 점검 및 작업계획 수립
- 도면·시방서·물량 내역 검토
- 공정·품질·원가·안전 관리
- 협력업체 작업 조율 및 검수","- 현장 일정에 맞춘 근무가 가능한 분
- 기본 문서 작성과 보고 역량
- 안전수칙 및 관계 법령을 준수할 수 있는 분
- 건축·토목·전기·안전 등 관련 분야 이해
- 도면과 시방서 독해가 가능한 분
- 현장 일정에 맞춘 근무가 가능한 분","- 실내건축기사 보유자
- 건축기사 보유자
- 공공·대형 프로젝트 수행 경험
- 운전면허 보유 및 출장 가능자
- 건설·시설관리 현장 경험","- 지원서 또는 제출서류를 허위로 기재한 경우
- 채용검진 결과 직무 수행이 어렵다고 판단되는 경우
- 해외여행 및 근무에 결격사유가 있는 경우
- 관련 법령 또는 내부 인사규정상 채용이 불가능한 경우",서류전형 > 직무과제 > 실무면접 > 처우협의
1540,건축기사 부문 모집,15,154,20260304,20260315,11,신입·경력,정규직,대전광역시,전문학사 이상,"본 포지션은 건축기사 업무를 담당하며, 현장의 요구사항을 정확히 파악해 안정적인 결과를 만드는 역할입니다.

건축·시설 분야의 실무 기준과 절차에 따라 계획 수립부터 실행, 결과 확인까지 전 과정에 참여합니다.

업무 과정에서 발생하는 이슈를 데이터와 기록에 근거해 분석하고, 유관 부서와 협의하여 개선합니다.

입사 후에는 표준 절차와 내부 시스템 교육을 이수하며, 숙련도에 따라 담당 범위가 확대됩니다.

정확성, 안전, 책임 있는 의사소통을 중시하며 실무 중심의 협업 역량을 기대합니다.","- 건축기사 직무 기준에 따른 실무 수행
- 건축기사 관련 결과물 검토 및 개선
- 도면·시방서·물량 내역 검토
- 공정·품질·원가·안전 관리
- 협력업체 작업 조율 및 검수
- 인허가·점검 관련 서류 작성
- 하자·민원 원인 파악과 조치
- 점검 결과 및 유지보수 이력 관리","- 건축·토목·전기·안전 등 관련 분야 이해
- 도면과 시방서 독해가 가능한 분
- 현장 일정에 맞춘 근무가 가능한 분
- 기본 문서 작성과 보고 역량
- 안전수칙 및 관계 법령을 준수할 수 있는 분
- 건축·토목·전기·안전 등 관련 분야 이해","- 건축기사 보유자
- 건축산업기사 보유자
- CAD·BIM·적산 프로그램 활용 경험
- 공공·대형 프로젝트 수행 경험
- 운전면허 보유 및 출장 가능자","- 지원서 또는 제출서류를 허위로 기재한 경우
- 채용검진 결과 직무 수행이 어렵다고 판단되는 경우
- 해외여행 및 근무에 결격사유가 있는 경우
- 관련 법령 또는 내부 인사규정상 채용이 불가능한 경우",서류전형 > 1차면접 > 2차면접 > 채용검진
1541,시공기사 모집,27,155,20260610,20260701,16,신입,정규직,전북특별자치도,전문학사 이상,"본 포지션은 시공기사 업무를 담당하며, 현장의 요구사항을 정확히 파악해 안정적인 결과를 만드는 역할입니다.

건축·시설 분야의 실무 기준과 절차에 따라 계획 수립부터 실행, 결과 확인까지 전 과정에 참여합니다.

업무 과정에서 발생하는 이슈를 데이터와 기록에 근거해 분석하고, 유관 부서와 협의하여 개선합니다.

입사 후에는 표준 절차와 내부 시스템 교육을 이수하며, 숙련도에 따라 담당 범위가 확대됩니다.

정확성, 안전, 책임 있는 의사소통을 중시하며 실무 중심의 협업 역량을 기대합니다.","- 시공기사 직무 기준에 따른 실무 수행
- 시공기사 관련 결과물 검토 및 개선
- 하자·민원 원인 파악과 조치
- 점검 결과 및 유지보수 이력 관리
- 발주처·감리·유관 부서 보고
- 현장·시설 상태 점검 및 작업계획 수립
- 도면·시방서·물량 내역 검토
- 공정·품질·원가·안전 관리","- 건축·토목·전기·안전 등 관련 분야 이해
- 도면과 시방서 독해가 가능한 분
- 현장 일정에 맞춘 근무가 가능한 분
- 기본 문서 작성과 보고 역량
- 안전수칙 및 관계 법령을 준수할 수 있는 분
- 건축·토목·전기·안전 등 관련 분야 이해","- 건축기사 보유자
- 토목기사 보유자
- CAD·BIM·적산 프로그램 활용 경험
- 공공·대형 프로젝트 수행 경험
- 운전면허 보유 및 출장 가능자","- 지원서 또는 제출서류를 허위로 기재한 경우
- 채용검진 결과 직무 수행이 어렵다고 판단되는 경우
- 해외여행 및 근무에 결격사유가 있는 경우
- 관련 법령 또는 내부 인사규정상 채용이 불가능한 경우",서류전형 > 실무면접 > 최종면접
1542,시공기사 채용,149,155,20260815,20260912,20,경력,정규직,전라남도,학사 이상,"본 포지션은 시공기사 업무를 담당하며, 현장의 요구사항을 정확히 파악해 안정적인 결과를 만드는 역할입니다.

건축·시설 분야의 실무 기준과 절차에 따라 계획 수립부터 실행, 결과 확인까지 전 과정에 참여합니다.

업무 과정에서 발생하는 이슈를 데이터와 기록에 근거해 분석하고, 유관 부서와 협의하여 개선합니다.

입사 후에는 표준 절차와 내부 시스템 교육을 이수하며, 숙련도에 따라 담당 범위가 확대됩니다.

정확성, 안전, 책임 있는 의사소통을 중시하며 실무 중심의 협업 역량을 기대합니다.","- 시공기사 직무 기준에 따른 실무 수행
- 시공기사 관련 결과물 검토 및 개선
- 현장·시설 상태 점검 및 작업계획 수립
- 도면·시방서·물량 내역 검토
- 공정·품질·원가·안전 관리
- 협력업체 작업 조율 및 검수
- 인허가·점검 관련 서류 작성
- 하자·민원 원인 파악과 조치","- 기본 문서 작성과 보고 역량
- 안전수칙 및 관계 법령을 준수할 수 있는 분
- 건축·토목·전기·안전 등 관련 분야 이해
- 도면과 시방서 독해가 가능한 분
- 현장 일정에 맞춘 근무가 가능한 분
- 기본 문서 작성과 보고 역량","- 토목기사 보유자
- 건설안전기사 보유자
- 건설·시설관리 현장 경험
- CAD·BIM·적산 프로그램 활용 경험
- 공공·대형 프로젝트 수행 경험","- 지원서 또는 제출서류를 허위로 기재한 경우
- 채용검진 결과 직무 수행이 어렵다고 판단되는 경우
- 해외여행 및 근무에 결격사유가 있는 경우
- 관련 법령 또는 내부 인사규정상 채용이 불가능한 경우",서류전형 > 인성검사 > 실무면접 > 최종면접
1543,시공기사 담당자 모집,132,155,20261020,20261124,4,신입·경력,계약직,경상북도,학사 이상,"본 포지션은 시공기사 업무를 담당하며, 현장의 요구사항을 정확히 파악해 안정적인 결과를 만드는 역할입니다.

건축·시설 분야의 실무 기준과 절차에 따라 계획 수립부터 실행, 결과 확인까지 전 과정에 참여합니다.

업무 과정에서 발생하는 이슈를 데이터와 기록에 근거해 분석하고, 유관 부서와 협의하여 개선합니다.

입사 후에는 표준 절차와 내부 시스템 교육을 이수하며, 숙련도에 따라 담당 범위가 확대됩니다.

정확성, 안전, 책임 있는 의사소통을 중시하며 실무 중심의 협업 역량을 기대합니다.","- 시공기사 직무 기준에 따른 실무 수행
- 시공기사 관련 결과물 검토 및 개선
- 협력업체 작업 조율 및 검수
- 인허가·점검 관련 서류 작성
- 하자·민원 원인 파악과 조치
- 점검 결과 및 유지보수 이력 관리
- 발주처·감리·유관 부서 보고
- 현장·시설 상태 점검 및 작업계획 수립","- 도면과 시방서 독해가 가능한 분
- 현장 일정에 맞춘 근무가 가능한 분
- 기본 문서 작성과 보고 역량
- 안전수칙 및 관계 법령을 준수할 수 있는 분
- 건축·토목·전기·안전 등 관련 분야 이해
- 도면과 시방서 독해가 가능한 분","- 건설안전기사 보유자
- 건축기사 보유자
- 운전면허 보유 및 출장 가능자
- 건설·시설관리 현장 경험
- CAD·BIM·적산 프로그램 활용 경험","- 지원서 또는 제출서류를 허위로 기재한 경우
- 채용검진 결과 직무 수행이 어렵다고 판단되는 경우
- 해외여행 및 근무에 결격사유가 있는 경우
- 관련 법령 또는 내부 인사규정상 채용이 불가능한 경우",서류전형 > 직무과제 > 실무면접 > 처우협의
1544,시공기사 인재 채용,111,155,20260201,20260315,8,경력 2년 이상,무기계약직,경상남도,전문학사 이상,"본 포지션은 시공기사 업무를 담당하며, 현장의 요구사항을 정확히 파악해 안정적인 결과를 만드는 역할입니다.

건축·시설 분야의 실무 기준과 절차에 따라 계획 수립부터 실행, 결과 확인까지 전 과정에 참여합니다.

업무 과정에서 발생하는 이슈를 데이터와 기록에 근거해 분석하고, 유관 부서와 협의하여 개선합니다.

입사 후에는 표준 절차와 내부 시스템 교육을 이수하며, 숙련도에 따라 담당 범위가 확대됩니다.

정확성, 안전, 책임 있는 의사소통을 중시하며 실무 중심의 협업 역량을 기대합니다.","- 시공기사 직무 기준에 따른 실무 수행
- 시공기사 관련 결과물 검토 및 개선
- 점검 결과 및 유지보수 이력 관리
- 발주처·감리·유관 부서 보고
- 현장·시설 상태 점검 및 작업계획 수립
- 도면·시방서·물량 내역 검토
- 공정·품질·원가·안전 관리
- 협력업체 작업 조율 및 검수","- 안전수칙 및 관계 법령을 준수할 수 있는 분
- 건축·토목·전기·안전 등 관련 분야 이해
- 도면과 시방서 독해가 가능한 분
- 현장 일정에 맞춘 근무가 가능한 분
- 기본 문서 작성과 보고 역량
- 안전수칙 및 관계 법령을 준수할 수 있는 분","- 건축기사 보유자
- 토목기사 보유자
- 공공·대형 프로젝트 수행 경험
- 운전면허 보유 및 출장 가능자
- 건설·시설관리 현장 경험","- 지원서 또는 제출서류를 허위로 기재한 경우
- 채용검진 결과 직무 수행이 어렵다고 판단되는 경우
- 해외여행 및 근무에 결격사유가 있는 경우
- 관련 법령 또는 내부 인사규정상 채용이 불가능한 경우",서류전형 > 1차면접 > 2차면접 > 채용검진
1545,시공기사 실무자 모집,83,155,20260406,20260419,12,경력 3년 이상,정규직,제주특별자치도,학사 이상,"본 포지션은 시공기사 업무를 담당하며, 현장의 요구사항을 정확히 파악해 안정적인 결과를 만드는 역할입니다.

건축·시설 분야의 실무 기준과 절차에 따라 계획 수립부터 실행, 결과 확인까지 전 과정에 참여합니다.

업무 과정에서 발생하는 이슈를 데이터와 기록에 근거해 분석하고, 유관 부서와 협의하여 개선합니다.

입사 후에는 표준 절차와 내부 시스템 교육을 이수하며, 숙련도에 따라 담당 범위가 확대됩니다.

정확성, 안전, 책임 있는 의사소통을 중시하며 실무 중심의 협업 역량을 기대합니다.","- 시공기사 직무 기준에 따른 실무 수행
- 시공기사 관련 결과물 검토 및 개선
- 도면·시방서·물량 내역 검토
- 공정·품질·원가·안전 관리
- 협력업체 작업 조율 및 검수
- 인허가·점검 관련 서류 작성
- 하자·민원 원인 파악과 조치
- 점검 결과 및 유지보수 이력 관리","- 현장 일정에 맞춘 근무가 가능한 분
- 기본 문서 작성과 보고 역량
- 안전수칙 및 관계 법령을 준수할 수 있는 분
- 건축·토목·전기·안전 등 관련 분야 이해
- 도면과 시방서 독해가 가능한 분
- 현장 일정에 맞춘 근무가 가능한 분","- 토목기사 보유자
- 건설안전기사 보유자
- CAD·BIM·적산 프로그램 활용 경험
- 공공·대형 프로젝트 수행 경험
- 운전면허 보유 및 출장 가능자","- 지원서 또는 제출서류를 허위로 기재한 경우
- 채용검진 결과 직무 수행이 어렵다고 판단되는 경우
- 해외여행 및 근무에 결격사유가 있는 경우
- 관련 법령 또는 내부 인사규정상 채용이 불가능한 경우",서류전형 > 필기전형 > 면접전형 > 최종합격
1546,시공기사 전문인력 채용,78,155,20260611,20260701,16,경력 무관,정규직,서울특별시,학사 이상,"본 포지션은 시공기사 업무를 담당하며, 현장의 요구사항을 정확히 파악해 안정적인 결과를 만드는 역할입니다.

건축·시설 분야의 실무 기준과 절차에 따라 계획 수립부터 실행, 결과 확인까지 전 과정에 참여합니다.

업무 과정에서 발생하는 이슈를 데이터와 기록에 근거해 분석하고, 유관 부서와 협의하여 개선합니다.

입사 후에는 표준 절차와 내부 시스템 교육을 이수하며, 숙련도에 따라 담당 범위가 확대됩니다.

정확성, 안전, 책임 있는 의사소통을 중시하며 실무 중심의 협업 역량을 기대합니다.","- 시공기사 직무 기준에 따른 실무 수행
- 시공기사 관련 결과물 검토 및 개선
- 인허가·점검 관련 서류 작성
- 하자·민원 원인 파악과 조치
- 점검 결과 및 유지보수 이력 관리
- 발주처·감리·유관 부서 보고
- 현장·시설 상태 점검 및 작업계획 수립
- 도면·시방서·물량 내역 검토","- 건축·토목·전기·안전 등 관련 분야 이해
- 도면과 시방서 독해가 가능한 분
- 현장 일정에 맞춘 근무가 가능한 분
- 기본 문서 작성과 보고 역량
- 안전수칙 및 관계 법령을 준수할 수 있는 분
- 건축·토목·전기·안전 등 관련 분야 이해","- 건설안전기사 보유자
- 건축기사 보유자
- 건설·시설관리 현장 경험
- CAD·BIM·적산 프로그램 활용 경험
- 공공·대형 프로젝트 수행 경험","- 지원서 또는 제출서류를 허위로 기재한 경우
- 채용검진 결과 직무 수행이 어렵다고 판단되는 경우
- 해외여행 및 근무에 결격사유가 있는 경우
- 관련 법령 또는 내부 인사규정상 채용이 불가능한 경우",서류전형 > 실무면접 > 최종면접
1547,시공기사 운영인력 모집,110,155,20260816,20260912,20,경력 5년 이상,계약직,부산광역시,전문학사 이상,"본 포지션은 시공기사 업무를 담당하며, 현장의 요구사항을 정확히 파악해 안정적인 결과를 만드는 역할입니다.

건축·시설 분야의 실무 기준과 절차에 따라 계획 수립부터 실행, 결과 확인까지 전 과정에 참여합니다.

업무 과정에서 발생하는 이슈를 데이터와 기록에 근거해 분석하고, 유관 부서와 협의하여 개선합니다.

입사 후에는 표준 절차와 내부 시스템 교육을 이수하며, 숙련도에 따라 담당 범위가 확대됩니다.

정확성, 안전, 책임 있는 의사소통을 중시하며 실무 중심의 협업 역량을 기대합니다.","- 시공기사 직무 기준에 따른 실무 수행
- 시공기사 관련 결과물 검토 및 개선
- 발주처·감리·유관 부서 보고
- 현장·시설 상태 점검 및 작업계획 수립
- 도면·시방서·물량 내역 검토
- 공정·품질·원가·안전 관리
- 협력업체 작업 조율 및 검수
- 인허가·점검 관련 서류 작성","- 기본 문서 작성과 보고 역량
- 안전수칙 및 관계 법령을 준수할 수 있는 분
- 건축·토목·전기·안전 등 관련 분야 이해
- 도면과 시방서 독해가 가능한 분
- 현장 일정에 맞춘 근무가 가능한 분
- 기본 문서 작성과 보고 역량","- 건축기사 보유자
- 토목기사 보유자
- 운전면허 보유 및 출장 가능자
- 건설·시설관리 현장 경험
- CAD·BIM·적산 프로그램 활용 경험","- 지원서 또는 제출서류를 허위로 기재한 경우
- 채용검진 결과 직무 수행이 어렵다고 판단되는 경우
- 해외여행 및 근무에 결격사유가 있는 경우
- 관련 법령 또는 내부 인사규정상 채용이 불가능한 경우",서류전형 > 인성검사 > 실무면접 > 최종면접
1548,시공기사 프로젝트 인력 채용,26,155,20261021,20261124,4,신입,무기계약직,인천광역시,학사 이상,"본 포지션은 시공기사 업무를 담당하며, 현장의 요구사항을 정확히 파악해 안정적인 결과를 만드는 역할입니다.

건축·시설 분야의 실무 기준과 절차에 따라 계획 수립부터 실행, 결과 확인까지 전 과정에 참여합니다.

업무 과정에서 발생하는 이슈를 데이터와 기록에 근거해 분석하고, 유관 부서와 협의하여 개선합니다.

입사 후에는 표준 절차와 내부 시스템 교육을 이수하며, 숙련도에 따라 담당 범위가 확대됩니다.

정확성, 안전, 책임 있는 의사소통을 중시하며 실무 중심의 협업 역량을 기대합니다.","- 시공기사 직무 기준에 따른 실무 수행
- 시공기사 관련 결과물 검토 및 개선
- 공정·품질·원가·안전 관리
- 협력업체 작업 조율 및 검수
- 인허가·점검 관련 서류 작성
- 하자·민원 원인 파악과 조치
- 점검 결과 및 유지보수 이력 관리
- 발주처·감리·유관 부서 보고","- 도면과 시방서 독해가 가능한 분
- 현장 일정에 맞춘 근무가 가능한 분
- 기본 문서 작성과 보고 역량
- 안전수칙 및 관계 법령을 준수할 수 있는 분
- 건축·토목·전기·안전 등 관련 분야 이해
- 도면과 시방서 독해가 가능한 분","- 토목기사 보유자
- 건설안전기사 보유자
- 공공·대형 프로젝트 수행 경험
- 운전면허 보유 및 출장 가능자
- 건설·시설관리 현장 경험","- 지원서 또는 제출서류를 허위로 기재한 경우
- 채용검진 결과 직무 수행이 어렵다고 판단되는 경우
- 해외여행 및 근무에 결격사유가 있는 경우
- 관련 법령 또는 내부 인사규정상 채용이 불가능한 경우",서류전형 > 직무과제 > 실무면접 > 처우협의
1549,시공기사 직무 채용,47,155,20260202,20260315,8,경력,정규직,대전광역시,학사 이상,"본 포지션은 시공기사 업무를 담당하며, 현장의 요구사항을 정확히 파악해 안정적인 결과를 만드는 역할입니다.

건축·시설 분야의 실무 기준과 절차에 따라 계획 수립부터 실행, 결과 확인까지 전 과정에 참여합니다.

업무 과정에서 발생하는 이슈를 데이터와 기록에 근거해 분석하고, 유관 부서와 협의하여 개선합니다.

입사 후에는 표준 절차와 내부 시스템 교육을 이수하며, 숙련도에 따라 담당 범위가 확대됩니다.

정확성, 안전, 책임 있는 의사소통을 중시하며 실무 중심의 협업 역량을 기대합니다.","- 시공기사 직무 기준에 따른 실무 수행
- 시공기사 관련 결과물 검토 및 개선
- 하자·민원 원인 파악과 조치
- 점검 결과 및 유지보수 이력 관리
- 발주처·감리·유관 부서 보고
- 현장·시설 상태 점검 및 작업계획 수립
- 도면·시방서·물량 내역 검토
- 공정·품질·원가·안전 관리","- 안전수칙 및 관계 법령을 준수할 수 있는 분
- 건축·토목·전기·안전 등 관련 분야 이해
- 도면과 시방서 독해가 가능한 분
- 현장 일정에 맞춘 근무가 가능한 분
- 기본 문서 작성과 보고 역량
- 안전수칙 및 관계 법령을 준수할 수 있는 분","- 건설안전기사 보유자
- 건축기사 보유자
- CAD·BIM·적산 프로그램 활용 경험
- 공공·대형 프로젝트 수행 경험
- 운전면허 보유 및 출장 가능자","- 지원서 또는 제출서류를 허위로 기재한 경우
- 채용검진 결과 직무 수행이 어렵다고 판단되는 경우
- 해외여행 및 근무에 결격사유가 있는 경우
- 관련 법령 또는 내부 인사규정상 채용이 불가능한 경우",서류전형 > 1차면접 > 2차면접 > 채용검진
1550,시공기사 부문 모집,13,155,20260407,20260419,12,신입·경력,정규직,광주광역시,전문학사 이상,"본 포지션은 시공기사 업무를 담당하며, 현장의 요구사항을 정확히 파악해 안정적인 결과를 만드는 역할입니다.

건축·시설 분야의 실무 기준과 절차에 따라 계획 수립부터 실행, 결과 확인까지 전 과정에 참여합니다.

업무 과정에서 발생하는 이슈를 데이터와 기록에 근거해 분석하고, 유관 부서와 협의하여 개선합니다.

입사 후에는 표준 절차와 내부 시스템 교육을 이수하며, 숙련도에 따라 담당 범위가 확대됩니다.

정확성, 안전, 책임 있는 의사소통을 중시하며 실무 중심의 협업 역량을 기대합니다.","- 시공기사 직무 기준에 따른 실무 수행
- 시공기사 관련 결과물 검토 및 개선
- 현장·시설 상태 점검 및 작업계획 수립
- 도면·시방서·물량 내역 검토
- 공정·품질·원가·안전 관리
- 협력업체 작업 조율 및 검수
- 인허가·점검 관련 서류 작성
- 하자·민원 원인 파악과 조치","- 현장 일정에 맞춘 근무가 가능한 분
- 기본 문서 작성과 보고 역량
- 안전수칙 및 관계 법령을 준수할 수 있는 분
- 건축·토목·전기·안전 등 관련 분야 이해
- 도면과 시방서 독해가 가능한 분
- 현장 일정에 맞춘 근무가 가능한 분","- 건축기사 보유자
- 토목기사 보유자
- 건설·시설관리 현장 경험
- CAD·BIM·적산 프로그램 활용 경험
- 공공·대형 프로젝트 수행 경험","- 지원서 또는 제출서류를 허위로 기재한 경우
- 채용검진 결과 직무 수행이 어렵다고 판단되는 경우
- 해외여행 및 근무에 결격사유가 있는 경우
- 관련 법령 또는 내부 인사규정상 채용이 불가능한 경우",서류전형 > 필기전형 > 면접전형 > 최종합격
1551,전기기사 모집,138,156,20260713,20260804,17,신입,정규직,전라남도,전문학사 이상,"본 포지션은 전기기사 업무를 담당하며, 현장의 요구사항을 정확히 파악해 안정적인 결과를 만드는 역할입니다.

건축·시설 분야의 실무 기준과 절차에 따라 계획 수립부터 실행, 결과 확인까지 전 과정에 참여합니다.

업무 과정에서 발생하는 이슈를 데이터와 기록에 근거해 분석하고, 유관 부서와 협의하여 개선합니다.

입사 후에는 표준 절차와 내부 시스템 교육을 이수하며, 숙련도에 따라 담당 범위가 확대됩니다.

정확성, 안전, 책임 있는 의사소통을 중시하며 실무 중심의 협업 역량을 기대합니다.","- 전기기사 직무 기준에 따른 실무 수행
- 전기기사 관련 결과물 검토 및 개선
- 인허가·점검 관련 서류 작성
- 하자·민원 원인 파악과 조치
- 점검 결과 및 유지보수 이력 관리
- 발주처·감리·유관 부서 보고
- 현장·시설 상태 점검 및 작업계획 수립
- 도면·시방서·물량 내역 검토","- 현장 일정에 맞춘 근무가 가능한 분
- 기본 문서 작성과 보고 역량
- 안전수칙 및 관계 법령을 준수할 수 있는 분
- 건축·토목·전기·안전 등 관련 분야 이해
- 도면과 시방서 독해가 가능한 분
- 현장 일정에 맞춘 근무가 가능한 분","- 전기기사 보유자
- 전기공사기사 보유자
- 건설·시설관리 현장 경험
- CAD·BIM·적산 프로그램 활용 경험
- 공공·대형 프로젝트 수행 경험","- 지원서 또는 제출서류를 허위로 기재한 경우
- 채용검진 결과 직무 수행이 어렵다고 판단되는 경우
- 해외여행 및 근무에 결격사유가 있는 경우
- 관련 법령 또는 내부 인사규정상 채용이 불가능한 경우",서류전형 > 인성검사 > 실무면접 > 최종면접
1552,전기기사 채용,102,156,20260918,20261017,1,경력,정규직,경상북도,학사 이상,"본 포지션은 전기기사 업무를 담당하며, 현장의 요구사항을 정확히 파악해 안정적인 결과를 만드는 역할입니다.

건축·시설 분야의 실무 기준과 절차에 따라 계획 수립부터 실행, 결과 확인까지 전 과정에 참여합니다.

업무 과정에서 발생하는 이슈를 데이터와 기록에 근거해 분석하고, 유관 부서와 협의하여 개선합니다.

입사 후에는 표준 절차와 내부 시스템 교육을 이수하며, 숙련도에 따라 담당 범위가 확대됩니다.

정확성, 안전, 책임 있는 의사소통을 중시하며 실무 중심의 협업 역량을 기대합니다.","- 전기기사 직무 기준에 따른 실무 수행
- 전기기사 관련 결과물 검토 및 개선
- 발주처·감리·유관 부서 보고
- 현장·시설 상태 점검 및 작업계획 수립
- 도면·시방서·물량 내역 검토
- 공정·품질·원가·안전 관리
- 협력업체 작업 조율 및 검수
- 인허가·점검 관련 서류 작성","- 건축·토목·전기·안전 등 관련 분야 이해
- 도면과 시방서 독해가 가능한 분
- 현장 일정에 맞춘 근무가 가능한 분
- 기본 문서 작성과 보고 역량
- 안전수칙 및 관계 법령을 준수할 수 있는 분
- 건축·토목·전기·안전 등 관련 분야 이해","- 전기공사기사 보유자
- 소방설비기사(전기분야) 보유자
- 운전면허 보유 및 출장 가능자
- 건설·시설관리 현장 경험
- CAD·BIM·적산 프로그램 활용 경험","- 지원서 또는 제출서류를 허위로 기재한 경우
- 채용검진 결과 직무 수행이 어렵다고 판단되는 경우
- 해외여행 및 근무에 결격사유가 있는 경우
- 관련 법령 또는 내부 인사규정상 채용이 불가능한 경우",서류전형 > 직무과제 > 실무면접 > 처우협의
1553,전기기사 담당자 모집,80,156,20260123,20260228,5,신입·경력,계약직,경상남도,학사 이상,"본 포지션은 전기기사 업무를 담당하며, 현장의 요구사항을 정확히 파악해 안정적인 결과를 만드는 역할입니다.

건축·시설 분야의 실무 기준과 절차에 따라 계획 수립부터 실행, 결과 확인까지 전 과정에 참여합니다.

업무 과정에서 발생하는 이슈를 데이터와 기록에 근거해 분석하고, 유관 부서와 협의하여 개선합니다.

입사 후에는 표준 절차와 내부 시스템 교육을 이수하며, 숙련도에 따라 담당 범위가 확대됩니다.

정확성, 안전, 책임 있는 의사소통을 중시하며 실무 중심의 협업 역량을 기대합니다.","- 전기기사 직무 기준에 따른 실무 수행
- 전기기사 관련 결과물 검토 및 개선
- 공정·품질·원가·안전 관리
- 협력업체 작업 조율 및 검수
- 인허가·점검 관련 서류 작성
- 하자·민원 원인 파악과 조치
- 점검 결과 및 유지보수 이력 관리
- 발주처·감리·유관 부서 보고","- 기본 문서 작성과 보고 역량
- 안전수칙 및 관계 법령을 준수할 수 있는 분
- 건축·토목·전기·안전 등 관련 분야 이해
- 도면과 시방서 독해가 가능한 분
- 현장 일정에 맞춘 근무가 가능한 분
- 기본 문서 작성과 보고 역량","- 소방설비기사(전기분야) 보유자
- 전기기사 보유자
- 공공·대형 프로젝트 수행 경험
- 운전면허 보유 및 출장 가능자
- 건설·시설관리 현장 경험","- 지원서 또는 제출서류를 허위로 기재한 경우
- 채용검진 결과 직무 수행이 어렵다고 판단되는 경우
- 해외여행 및 근무에 결격사유가 있는 경우
- 관련 법령 또는 내부 인사규정상 채용이 불가능한 경우",서류전형 > 1차면접 > 2차면접 > 채용검진
1554,전기기사 인재 채용,79,156,20260304,20260416,9,경력 2년 이상,무기계약직,제주특별자치도,전문학사 이상,"본 포지션은 전기기사 업무를 담당하며, 현장의 요구사항을 정확히 파악해 안정적인 결과를 만드는 역할입니다.

건축·시설 분야의 실무 기준과 절차에 따라 계획 수립부터 실행, 결과 확인까지 전 과정에 참여합니다.

업무 과정에서 발생하는 이슈를 데이터와 기록에 근거해 분석하고, 유관 부서와 협의하여 개선합니다.

입사 후에는 표준 절차와 내부 시스템 교육을 이수하며, 숙련도에 따라 담당 범위가 확대됩니다.

정확성, 안전, 책임 있는 의사소통을 중시하며 실무 중심의 협업 역량을 기대합니다.","- 전기기사 직무 기준에 따른 실무 수행
- 전기기사 관련 결과물 검토 및 개선
- 하자·민원 원인 파악과 조치
- 점검 결과 및 유지보수 이력 관리
- 발주처·감리·유관 부서 보고
- 현장·시설 상태 점검 및 작업계획 수립
- 도면·시방서·물량 내역 검토
- 공정·품질·원가·안전 관리","- 도면과 시방서 독해가 가능한 분
- 현장 일정에 맞춘 근무가 가능한 분
- 기본 문서 작성과 보고 역량
- 안전수칙 및 관계 법령을 준수할 수 있는 분
- 건축·토목·전기·안전 등 관련 분야 이해
- 도면과 시방서 독해가 가능한 분","- 전기기사 보유자
- 전기공사기사 보유자
- CAD·BIM·적산 프로그램 활용 경험
- 공공·대형 프로젝트 수행 경험
- 운전면허 보유 및 출장 가능자","- 지원서 또는 제출서류를 허위로 기재한 경우
- 채용검진 결과 직무 수행이 어렵다고 판단되는 경우
- 해외여행 및 근무에 결격사유가 있는 경우
- 관련 법령 또는 내부 인사규정상 채용이 불가능한 경우",서류전형 > 필기전형 > 면접전형 > 최종합격
1555,전기기사 실무자 모집,49,156,20260509,20260523,13,경력 3년 이상,정규직,서울특별시,학사 이상,"본 포지션은 전기기사 업무를 담당하며, 현장의 요구사항을 정확히 파악해 안정적인 결과를 만드는 역할입니다.

건축·시설 분야의 실무 기준과 절차에 따라 계획 수립부터 실행, 결과 확인까지 전 과정에 참여합니다.

업무 과정에서 발생하는 이슈를 데이터와 기록에 근거해 분석하고, 유관 부서와 협의하여 개선합니다.

입사 후에는 표준 절차와 내부 시스템 교육을 이수하며, 숙련도에 따라 담당 범위가 확대됩니다.

정확성, 안전, 책임 있는 의사소통을 중시하며 실무 중심의 협업 역량을 기대합니다.","- 전기기사 직무 기준에 따른 실무 수행
- 전기기사 관련 결과물 검토 및 개선
- 현장·시설 상태 점검 및 작업계획 수립
- 도면·시방서·물량 내역 검토
- 공정·품질·원가·안전 관리
- 협력업체 작업 조율 및 검수
- 인허가·점검 관련 서류 작성
- 하자·민원 원인 파악과 조치","- 안전수칙 및 관계 법령을 준수할 수 있는 분
- 건축·토목·전기·안전 등 관련 분야 이해
- 도면과 시방서 독해가 가능한 분
- 현장 일정에 맞춘 근무가 가능한 분
- 기본 문서 작성과 보고 역량
- 안전수칙 및 관계 법령을 준수할 수 있는 분","- 전기공사기사 보유자
- 소방설비기사(전기분야) 보유자
- 건설·시설관리 현장 경험
- CAD·BIM·적산 프로그램 활용 경험
- 공공·대형 프로젝트 수행 경험","- 지원서 또는 제출서류를 허위로 기재한 경우
- 채용검진 결과 직무 수행이 어렵다고 판단되는 경우
- 해외여행 및 근무에 결격사유가 있는 경우
- 관련 법령 또는 내부 인사규정상 채용이 불가능한 경우",서류전형 > 실무면접 > 최종면접
1556,전기기사 전문인력 채용,6,156,20260714,20260804,17,경력 무관,정규직,부산광역시,학사 이상,"본 포지션은 전기기사 업무를 담당하며, 현장의 요구사항을 정확히 파악해 안정적인 결과를 만드는 역할입니다.

건축·시설 분야의 실무 기준과 절차에 따라 계획 수립부터 실행, 결과 확인까지 전 과정에 참여합니다.

업무 과정에서 발생하는 이슈를 데이터와 기록에 근거해 분석하고, 유관 부서와 협의하여 개선합니다.

입사 후에는 표준 절차와 내부 시스템 교육을 이수하며, 숙련도에 따라 담당 범위가 확대됩니다.

정확성, 안전, 책임 있는 의사소통을 중시하며 실무 중심의 협업 역량을 기대합니다.","- 전기기사 직무 기준에 따른 실무 수행
- 전기기사 관련 결과물 검토 및 개선
- 협력업체 작업 조율 및 검수
- 인허가·점검 관련 서류 작성
- 하자·민원 원인 파악과 조치
- 점검 결과 및 유지보수 이력 관리
- 발주처·감리·유관 부서 보고
- 현장·시설 상태 점검 및 작업계획 수립","- 현장 일정에 맞춘 근무가 가능한 분
- 기본 문서 작성과 보고 역량
- 안전수칙 및 관계 법령을 준수할 수 있는 분
- 건축·토목·전기·안전 등 관련 분야 이해
- 도면과 시방서 독해가 가능한 분
- 현장 일정에 맞춘 근무가 가능한 분","- 소방설비기사(전기분야) 보유자
- 전기기사 보유자
- 운전면허 보유 및 출장 가능자
- 건설·시설관리 현장 경험
- CAD·BIM·적산 프로그램 활용 경험","- 지원서 또는 제출서류를 허위로 기재한 경우
- 채용검진 결과 직무 수행이 어렵다고 판단되는 경우
- 해외여행 및 근무에 결격사유가 있는 경우
- 관련 법령 또는 내부 인사규정상 채용이 불가능한 경우",서류전형 > 인성검사 > 실무면접 > 최종면접
1557,전기기사 운영인력 모집,142,156,20260919,20261017,1,경력 5년 이상,계약직,인천광역시,전문학사 이상,"본 포지션은 전기기사 업무를 담당하며, 현장의 요구사항을 정확히 파악해 안정적인 결과를 만드는 역할입니다.

건축·시설 분야의 실무 기준과 절차에 따라 계획 수립부터 실행, 결과 확인까지 전 과정에 참여합니다.

업무 과정에서 발생하는 이슈를 데이터와 기록에 근거해 분석하고, 유관 부서와 협의하여 개선합니다.

입사 후에는 표준 절차와 내부 시스템 교육을 이수하며, 숙련도에 따라 담당 범위가 확대됩니다.

정확성, 안전, 책임 있는 의사소통을 중시하며 실무 중심의 협업 역량을 기대합니다.","- 전기기사 직무 기준에 따른 실무 수행
- 전기기사 관련 결과물 검토 및 개선
- 점검 결과 및 유지보수 이력 관리
- 발주처·감리·유관 부서 보고
- 현장·시설 상태 점검 및 작업계획 수립
- 도면·시방서·물량 내역 검토
- 공정·품질·원가·안전 관리
- 협력업체 작업 조율 및 검수","- 건축·토목·전기·안전 등 관련 분야 이해
- 도면과 시방서 독해가 가능한 분
- 현장 일정에 맞춘 근무가 가능한 분
- 기본 문서 작성과 보고 역량
- 안전수칙 및 관계 법령을 준수할 수 있는 분
- 건축·토목·전기·안전 등 관련 분야 이해","- 전기기사 보유자
- 전기공사기사 보유자
- 공공·대형 프로젝트 수행 경험
- 운전면허 보유 및 출장 가능자
- 건설·시설관리 현장 경험","- 지원서 또는 제출서류를 허위로 기재한 경우
- 채용검진 결과 직무 수행이 어렵다고 판단되는 경우
- 해외여행 및 근무에 결격사유가 있는 경우
- 관련 법령 또는 내부 인사규정상 채용이 불가능한 경우",서류전형 > 직무과제 > 실무면접 > 처우협의
1558,전기기사 프로젝트 인력 채용,1,156,20260124,20260228,5,신입,무기계약직,대전광역시,학사 이상,"본 포지션은 전기기사 업무를 담당하며, 현장의 요구사항을 정확히 파악해 안정적인 결과를 만드는 역할입니다.

건축·시설 분야의 실무 기준과 절차에 따라 계획 수립부터 실행, 결과 확인까지 전 과정에 참여합니다.

업무 과정에서 발생하는 이슈를 데이터와 기록에 근거해 분석하고, 유관 부서와 협의하여 개선합니다.

입사 후에는 표준 절차와 내부 시스템 교육을 이수하며, 숙련도에 따라 담당 범위가 확대됩니다.

정확성, 안전, 책임 있는 의사소통을 중시하며 실무 중심의 협업 역량을 기대합니다.","- 전기기사 직무 기준에 따른 실무 수행
- 전기기사 관련 결과물 검토 및 개선
- 도면·시방서·물량 내역 검토
- 공정·품질·원가·안전 관리
- 협력업체 작업 조율 및 검수
- 인허가·점검 관련 서류 작성
- 하자·민원 원인 파악과 조치
- 점검 결과 및 유지보수 이력 관리","- 기본 문서 작성과 보고 역량
- 안전수칙 및 관계 법령을 준수할 수 있는 분
- 건축·토목·전기·안전 등 관련 분야 이해
- 도면과 시방서 독해가 가능한 분
- 현장 일정에 맞춘 근무가 가능한 분
- 기본 문서 작성과 보고 역량","- 전기공사기사 보유자
- 소방설비기사(전기분야) 보유자
- CAD·BIM·적산 프로그램 활용 경험
- 공공·대형 프로젝트 수행 경험
- 운전면허 보유 및 출장 가능자","- 지원서 또는 제출서류를 허위로 기재한 경우
- 채용검진 결과 직무 수행이 어렵다고 판단되는 경우
- 해외여행 및 근무에 결격사유가 있는 경우
- 관련 법령 또는 내부 인사규정상 채용이 불가능한 경우",서류전형 > 1차면접 > 2차면접 > 채용검진
1559,전기기사 직무 채용,56,156,20260305,20260416,9,경력,정규직,광주광역시,학사 이상,"본 포지션은 전기기사 업무를 담당하며, 현장의 요구사항을 정확히 파악해 안정적인 결과를 만드는 역할입니다.

건축·시설 분야의 실무 기준과 절차에 따라 계획 수립부터 실행, 결과 확인까지 전 과정에 참여합니다.

업무 과정에서 발생하는 이슈를 데이터와 기록에 근거해 분석하고, 유관 부서와 협의하여 개선합니다.

입사 후에는 표준 절차와 내부 시스템 교육을 이수하며, 숙련도에 따라 담당 범위가 확대됩니다.

정확성, 안전, 책임 있는 의사소통을 중시하며 실무 중심의 협업 역량을 기대합니다.","- 전기기사 직무 기준에 따른 실무 수행
- 전기기사 관련 결과물 검토 및 개선
- 인허가·점검 관련 서류 작성
- 하자·민원 원인 파악과 조치
- 점검 결과 및 유지보수 이력 관리
- 발주처·감리·유관 부서 보고
- 현장·시설 상태 점검 및 작업계획 수립
- 도면·시방서·물량 내역 검토","- 도면과 시방서 독해가 가능한 분
- 현장 일정에 맞춘 근무가 가능한 분
- 기본 문서 작성과 보고 역량
- 안전수칙 및 관계 법령을 준수할 수 있는 분
- 건축·토목·전기·안전 등 관련 분야 이해
- 도면과 시방서 독해가 가능한 분","- 소방설비기사(전기분야) 보유자
- 전기기사 보유자
- 건설·시설관리 현장 경험
- CAD·BIM·적산 프로그램 활용 경험
- 공공·대형 프로젝트 수행 경험","- 지원서 또는 제출서류를 허위로 기재한 경우
- 채용검진 결과 직무 수행이 어렵다고 판단되는 경우
- 해외여행 및 근무에 결격사유가 있는 경우
- 관련 법령 또는 내부 인사규정상 채용이 불가능한 경우",서류전형 > 필기전형 > 면접전형 > 최종합격
1560,전기기사 부문 모집,95,156,20260510,20260523,13,신입·경력,정규직,울산광역시,전문학사 이상,"본 포지션은 전기기사 업무를 담당하며, 현장의 요구사항을 정확히 파악해 안정적인 결과를 만드는 역할입니다.

건축·시설 분야의 실무 기준과 절차에 따라 계획 수립부터 실행, 결과 확인까지 전 과정에 참여합니다.

업무 과정에서 발생하는 이슈를 데이터와 기록에 근거해 분석하고, 유관 부서와 협의하여 개선합니다.

입사 후에는 표준 절차와 내부 시스템 교육을 이수하며, 숙련도에 따라 담당 범위가 확대됩니다.

정확성, 안전, 책임 있는 의사소통을 중시하며 실무 중심의 협업 역량을 기대합니다.","- 전기기사 직무 기준에 따른 실무 수행
- 전기기사 관련 결과물 검토 및 개선
- 발주처·감리·유관 부서 보고
- 현장·시설 상태 점검 및 작업계획 수립
- 도면·시방서·물량 내역 검토
- 공정·품질·원가·안전 관리
- 협력업체 작업 조율 및 검수
- 인허가·점검 관련 서류 작성","- 안전수칙 및 관계 법령을 준수할 수 있는 분
- 건축·토목·전기·안전 등 관련 분야 이해
- 도면과 시방서 독해가 가능한 분
- 현장 일정에 맞춘 근무가 가능한 분
- 기본 문서 작성과 보고 역량
- 안전수칙 및 관계 법령을 준수할 수 있는 분","- 전기기사 보유자
- 전기공사기사 보유자
- 운전면허 보유 및 출장 가능자
- 건설·시설관리 현장 경험
- CAD·BIM·적산 프로그램 활용 경험","- 지원서 또는 제출서류를 허위로 기재한 경우
- 채용검진 결과 직무 수행이 어렵다고 판단되는 경우
- 해외여행 및 근무에 결격사유가 있는 경우
- 관련 법령 또는 내부 인사규정상 채용이 불가능한 경우",서류전형 > 실무면접 > 최종면접
1561,토목기사 모집,119,157,20260816,20260908,18,신입,정규직,경상북도,전문학사 이상,"본 포지션은 토목기사 업무를 담당하며, 현장의 요구사항을 정확히 파악해 안정적인 결과를 만드는 역할입니다.

건축·시설 분야의 실무 기준과 절차에 따라 계획 수립부터 실행, 결과 확인까지 전 과정에 참여합니다.

업무 과정에서 발생하는 이슈를 데이터와 기록에 근거해 분석하고, 유관 부서와 협의하여 개선합니다.

입사 후에는 표준 절차와 내부 시스템 교육을 이수하며, 숙련도에 따라 담당 범위가 확대됩니다.

정확성, 안전, 책임 있는 의사소통을 중시하며 실무 중심의 협업 역량을 기대합니다.","- 토목기사 직무 기준에 따른 실무 수행
- 토목기사 관련 결과물 검토 및 개선
- 협력업체 작업 조율 및 검수
- 인허가·점검 관련 서류 작성
- 하자·민원 원인 파악과 조치
- 점검 결과 및 유지보수 이력 관리
- 발주처·감리·유관 부서 보고
- 현장·시설 상태 점검 및 작업계획 수립","- 안전수칙 및 관계 법령을 준수할 수 있는 분
- 건축·토목·전기·안전 등 관련 분야 이해
- 도면과 시방서 독해가 가능한 분
- 현장 일정에 맞춘 근무가 가능한 분
- 기본 문서 작성과 보고 역량
- 안전수칙 및 관계 법령을 준수할 수 있는 분","- 토목기사 보유자
- 건설재료시험기사 보유자
- 운전면허 보유 및 출장 가능자
- 건설·시설관리 현장 경험
- CAD·BIM·적산 프로그램 활용 경험","- 지원서 또는 제출서류를 허위로 기재한 경우
- 채용검진 결과 직무 수행이 어렵다고 판단되는 경우
- 해외여행 및 근무에 결격사유가 있는 경우
- 관련 법령 또는 내부 인사규정상 채용이 불가능한 경우",서류전형 > 직무과제 > 실무면접 > 처우협의
1562,토목기사 채용,44,157,20261021,20261120,2,경력,정규직,경상남도,학사 이상,"본 포지션은 토목기사 업무를 담당하며, 현장의 요구사항을 정확히 파악해 안정적인 결과를 만드는 역할입니다.

건축·시설 분야의 실무 기준과 절차에 따라 계획 수립부터 실행, 결과 확인까지 전 과정에 참여합니다.

업무 과정에서 발생하는 이슈를 데이터와 기록에 근거해 분석하고, 유관 부서와 협의하여 개선합니다.

입사 후에는 표준 절차와 내부 시스템 교육을 이수하며, 숙련도에 따라 담당 범위가 확대됩니다.

정확성, 안전, 책임 있는 의사소통을 중시하며 실무 중심의 협업 역량을 기대합니다.","- 토목기사 직무 기준에 따른 실무 수행
- 토목기사 관련 결과물 검토 및 개선
- 점검 결과 및 유지보수 이력 관리
- 발주처·감리·유관 부서 보고
- 현장·시설 상태 점검 및 작업계획 수립
- 도면·시방서·물량 내역 검토
- 공정·품질·원가·안전 관리
- 협력업체 작업 조율 및 검수","- 현장 일정에 맞춘 근무가 가능한 분
- 기본 문서 작성과 보고 역량
- 안전수칙 및 관계 법령을 준수할 수 있는 분
- 건축·토목·전기·안전 등 관련 분야 이해
- 도면과 시방서 독해가 가능한 분
- 현장 일정에 맞춘 근무가 가능한 분","- 건설재료시험기사 보유자
- 측량및지형공간정보기사 보유자
- 공공·대형 프로젝트 수행 경험
- 운전면허 보유 및 출장 가능자
- 건설·시설관리 현장 경험","- 지원서 또는 제출서류를 허위로 기재한 경우
- 채용검진 결과 직무 수행이 어렵다고 판단되는 경우
- 해외여행 및 근무에 결격사유가 있는 경우
- 관련 법령 또는 내부 인사규정상 채용이 불가능한 경우",서류전형 > 1차면접 > 2차면접 > 채용검진
1563,토목기사 담당자 모집,101,157,20260202,20260311,6,신입·경력,계약직,제주특별자치도,학사 이상,"본 포지션은 토목기사 업무를 담당하며, 현장의 요구사항을 정확히 파악해 안정적인 결과를 만드는 역할입니다.

건축·시설 분야의 실무 기준과 절차에 따라 계획 수립부터 실행, 결과 확인까지 전 과정에 참여합니다.

업무 과정에서 발생하는 이슈를 데이터와 기록에 근거해 분석하고, 유관 부서와 협의하여 개선합니다.

입사 후에는 표준 절차와 내부 시스템 교육을 이수하며, 숙련도에 따라 담당 범위가 확대됩니다.

정확성, 안전, 책임 있는 의사소통을 중시하며 실무 중심의 협업 역량을 기대합니다.","- 토목기사 직무 기준에 따른 실무 수행
- 토목기사 관련 결과물 검토 및 개선
- 도면·시방서·물량 내역 검토
- 공정·품질·원가·안전 관리
- 협력업체 작업 조율 및 검수
- 인허가·점검 관련 서류 작성
- 하자·민원 원인 파악과 조치
- 점검 결과 및 유지보수 이력 관리","- 건축·토목·전기·안전 등 관련 분야 이해
- 도면과 시방서 독해가 가능한 분
- 현장 일정에 맞춘 근무가 가능한 분
- 기본 문서 작성과 보고 역량
- 안전수칙 및 관계 법령을 준수할 수 있는 분
- 건축·토목·전기·안전 등 관련 분야 이해","- 측량및지형공간정보기사 보유자
- 토목기사 보유자
- CAD·BIM·적산 프로그램 활용 경험
- 공공·대형 프로젝트 수행 경험
- 운전면허 보유 및 출장 가능자","- 지원서 또는 제출서류를 허위로 기재한 경우
- 채용검진 결과 직무 수행이 어렵다고 판단되는 경우
- 해외여행 및 근무에 결격사유가 있는 경우
- 관련 법령 또는 내부 인사규정상 채용이 불가능한 경우",서류전형 > 필기전형 > 면접전형 > 최종합격
1564,토목기사 인재 채용,137,157,20260407,20260521,10,경력 2년 이상,무기계약직,서울특별시,전문학사 이상,"본 포지션은 토목기사 업무를 담당하며, 현장의 요구사항을 정확히 파악해 안정적인 결과를 만드는 역할입니다.

건축·시설 분야의 실무 기준과 절차에 따라 계획 수립부터 실행, 결과 확인까지 전 과정에 참여합니다.

업무 과정에서 발생하는 이슈를 데이터와 기록에 근거해 분석하고, 유관 부서와 협의하여 개선합니다.

입사 후에는 표준 절차와 내부 시스템 교육을 이수하며, 숙련도에 따라 담당 범위가 확대됩니다.

정확성, 안전, 책임 있는 의사소통을 중시하며 실무 중심의 협업 역량을 기대합니다.","- 토목기사 직무 기준에 따른 실무 수행
- 토목기사 관련 결과물 검토 및 개선
- 인허가·점검 관련 서류 작성
- 하자·민원 원인 파악과 조치
- 점검 결과 및 유지보수 이력 관리
- 발주처·감리·유관 부서 보고
- 현장·시설 상태 점검 및 작업계획 수립
- 도면·시방서·물량 내역 검토","- 기본 문서 작성과 보고 역량
- 안전수칙 및 관계 법령을 준수할 수 있는 분
- 건축·토목·전기·안전 등 관련 분야 이해
- 도면과 시방서 독해가 가능한 분
- 현장 일정에 맞춘 근무가 가능한 분
- 기본 문서 작성과 보고 역량","- 토목기사 보유자
- 건설재료시험기사 보유자
- 건설·시설관리 현장 경험
- CAD·BIM·적산 프로그램 활용 경험
- 공공·대형 프로젝트 수행 경험","- 지원서 또는 제출서류를 허위로 기재한 경우
- 채용검진 결과 직무 수행이 어렵다고 판단되는 경우
- 해외여행 및 근무에 결격사유가 있는 경우
- 관련 법령 또는 내부 인사규정상 채용이 불가능한 경우",서류전형 > 실무면접 > 최종면접
1565,토목기사 실무자 모집,39,157,20260612,20260627,14,경력 3년 이상,정규직,부산광역시,학사 이상,"본 포지션은 토목기사 업무를 담당하며, 현장의 요구사항을 정확히 파악해 안정적인 결과를 만드는 역할입니다.

건축·시설 분야의 실무 기준과 절차에 따라 계획 수립부터 실행, 결과 확인까지 전 과정에 참여합니다.

업무 과정에서 발생하는 이슈를 데이터와 기록에 근거해 분석하고, 유관 부서와 협의하여 개선합니다.

입사 후에는 표준 절차와 내부 시스템 교육을 이수하며, 숙련도에 따라 담당 범위가 확대됩니다.

정확성, 안전, 책임 있는 의사소통을 중시하며 실무 중심의 협업 역량을 기대합니다.","- 토목기사 직무 기준에 따른 실무 수행
- 토목기사 관련 결과물 검토 및 개선
- 발주처·감리·유관 부서 보고
- 현장·시설 상태 점검 및 작업계획 수립
- 도면·시방서·물량 내역 검토
- 공정·품질·원가·안전 관리
- 협력업체 작업 조율 및 검수
- 인허가·점검 관련 서류 작성","- 도면과 시방서 독해가 가능한 분
- 현장 일정에 맞춘 근무가 가능한 분
- 기본 문서 작성과 보고 역량
- 안전수칙 및 관계 법령을 준수할 수 있는 분
- 건축·토목·전기·안전 등 관련 분야 이해
- 도면과 시방서 독해가 가능한 분","- 건설재료시험기사 보유자
- 측량및지형공간정보기사 보유자
- 운전면허 보유 및 출장 가능자
- 건설·시설관리 현장 경험
- CAD·BIM·적산 프로그램 활용 경험","- 지원서 또는 제출서류를 허위로 기재한 경우
- 채용검진 결과 직무 수행이 어렵다고 판단되는 경우
- 해외여행 및 근무에 결격사유가 있는 경우
- 관련 법령 또는 내부 인사규정상 채용이 불가능한 경우",서류전형 > 인성검사 > 실무면접 > 최종면접
1566,토목기사 전문인력 채용,113,157,20260817,20260908,18,경력 무관,정규직,인천광역시,학사 이상,"본 포지션은 토목기사 업무를 담당하며, 현장의 요구사항을 정확히 파악해 안정적인 결과를 만드는 역할입니다.

건축·시설 분야의 실무 기준과 절차에 따라 계획 수립부터 실행, 결과 확인까지 전 과정에 참여합니다.

업무 과정에서 발생하는 이슈를 데이터와 기록에 근거해 분석하고, 유관 부서와 협의하여 개선합니다.

입사 후에는 표준 절차와 내부 시스템 교육을 이수하며, 숙련도에 따라 담당 범위가 확대됩니다.

정확성, 안전, 책임 있는 의사소통을 중시하며 실무 중심의 협업 역량을 기대합니다.","- 토목기사 직무 기준에 따른 실무 수행
- 토목기사 관련 결과물 검토 및 개선
- 공정·품질·원가·안전 관리
- 협력업체 작업 조율 및 검수
- 인허가·점검 관련 서류 작성
- 하자·민원 원인 파악과 조치
- 점검 결과 및 유지보수 이력 관리
- 발주처·감리·유관 부서 보고","- 안전수칙 및 관계 법령을 준수할 수 있는 분
- 건축·토목·전기·안전 등 관련 분야 이해
- 도면과 시방서 독해가 가능한 분
- 현장 일정에 맞춘 근무가 가능한 분
- 기본 문서 작성과 보고 역량
- 안전수칙 및 관계 법령을 준수할 수 있는 분","- 측량및지형공간정보기사 보유자
- 토목기사 보유자
- 공공·대형 프로젝트 수행 경험
- 운전면허 보유 및 출장 가능자
- 건설·시설관리 현장 경험","- 지원서 또는 제출서류를 허위로 기재한 경우
- 채용검진 결과 직무 수행이 어렵다고 판단되는 경우
- 해외여행 및 근무에 결격사유가 있는 경우
- 관련 법령 또는 내부 인사규정상 채용이 불가능한 경우",서류전형 > 직무과제 > 실무면접 > 처우협의
1567,토목기사 운영인력 모집,144,157,20261022,20261120,2,경력 5년 이상,계약직,대전광역시,전문학사 이상,"본 포지션은 토목기사 업무를 담당하며, 현장의 요구사항을 정확히 파악해 안정적인 결과를 만드는 역할입니다.

건축·시설 분야의 실무 기준과 절차에 따라 계획 수립부터 실행, 결과 확인까지 전 과정에 참여합니다.

업무 과정에서 발생하는 이슈를 데이터와 기록에 근거해 분석하고, 유관 부서와 협의하여 개선합니다.

입사 후에는 표준 절차와 내부 시스템 교육을 이수하며, 숙련도에 따라 담당 범위가 확대됩니다.

정확성, 안전, 책임 있는 의사소통을 중시하며 실무 중심의 협업 역량을 기대합니다.","- 토목기사 직무 기준에 따른 실무 수행
- 토목기사 관련 결과물 검토 및 개선
- 하자·민원 원인 파악과 조치
- 점검 결과 및 유지보수 이력 관리
- 발주처·감리·유관 부서 보고
- 현장·시설 상태 점검 및 작업계획 수립
- 도면·시방서·물량 내역 검토
- 공정·품질·원가·안전 관리","- 현장 일정에 맞춘 근무가 가능한 분
- 기본 문서 작성과 보고 역량
- 안전수칙 및 관계 법령을 준수할 수 있는 분
- 건축·토목·전기·안전 등 관련 분야 이해
- 도면과 시방서 독해가 가능한 분
- 현장 일정에 맞춘 근무가 가능한 분","- 토목기사 보유자
- 건설재료시험기사 보유자
- CAD·BIM·적산 프로그램 활용 경험
- 공공·대형 프로젝트 수행 경험
- 운전면허 보유 및 출장 가능자","- 지원서 또는 제출서류를 허위로 기재한 경우
- 채용검진 결과 직무 수행이 어렵다고 판단되는 경우
- 해외여행 및 근무에 결격사유가 있는 경우
- 관련 법령 또는 내부 인사규정상 채용이 불가능한 경우",서류전형 > 1차면접 > 2차면접 > 채용검진
1568,토목기사 프로젝트 인력 채용,29,157,20260203,20260311,6,신입,무기계약직,광주광역시,학사 이상,"본 포지션은 토목기사 업무를 담당하며, 현장의 요구사항을 정확히 파악해 안정적인 결과를 만드는 역할입니다.

건축·시설 분야의 실무 기준과 절차에 따라 계획 수립부터 실행, 결과 확인까지 전 과정에 참여합니다.

업무 과정에서 발생하는 이슈를 데이터와 기록에 근거해 분석하고, 유관 부서와 협의하여 개선합니다.

입사 후에는 표준 절차와 내부 시스템 교육을 이수하며, 숙련도에 따라 담당 범위가 확대됩니다.

정확성, 안전, 책임 있는 의사소통을 중시하며 실무 중심의 협업 역량을 기대합니다.","- 토목기사 직무 기준에 따른 실무 수행
- 토목기사 관련 결과물 검토 및 개선
- 현장·시설 상태 점검 및 작업계획 수립
- 도면·시방서·물량 내역 검토
- 공정·품질·원가·안전 관리
- 협력업체 작업 조율 및 검수
- 인허가·점검 관련 서류 작성
- 하자·민원 원인 파악과 조치","- 건축·토목·전기·안전 등 관련 분야 이해
- 도면과 시방서 독해가 가능한 분
- 현장 일정에 맞춘 근무가 가능한 분
- 기본 문서 작성과 보고 역량
- 안전수칙 및 관계 법령을 준수할 수 있는 분
- 건축·토목·전기·안전 등 관련 분야 이해","- 건설재료시험기사 보유자
- 측량및지형공간정보기사 보유자
- 건설·시설관리 현장 경험
- CAD·BIM·적산 프로그램 활용 경험
- 공공·대형 프로젝트 수행 경험","- 지원서 또는 제출서류를 허위로 기재한 경우
- 채용검진 결과 직무 수행이 어렵다고 판단되는 경우
- 해외여행 및 근무에 결격사유가 있는 경우
- 관련 법령 또는 내부 인사규정상 채용이 불가능한 경우",서류전형 > 필기전형 > 면접전형 > 최종합격
1569,토목기사 직무 채용,70,157,20260408,20260521,10,경력,정규직,울산광역시,학사 이상,"본 포지션은 토목기사 업무를 담당하며, 현장의 요구사항을 정확히 파악해 안정적인 결과를 만드는 역할입니다.

건축·시설 분야의 실무 기준과 절차에 따라 계획 수립부터 실행, 결과 확인까지 전 과정에 참여합니다.

업무 과정에서 발생하는 이슈를 데이터와 기록에 근거해 분석하고, 유관 부서와 협의하여 개선합니다.

입사 후에는 표준 절차와 내부 시스템 교육을 이수하며, 숙련도에 따라 담당 범위가 확대됩니다.

정확성, 안전, 책임 있는 의사소통을 중시하며 실무 중심의 협업 역량을 기대합니다.","- 토목기사 직무 기준에 따른 실무 수행
- 토목기사 관련 결과물 검토 및 개선
- 협력업체 작업 조율 및 검수
- 인허가·점검 관련 서류 작성
- 하자·민원 원인 파악과 조치
- 점검 결과 및 유지보수 이력 관리
- 발주처·감리·유관 부서 보고
- 현장·시설 상태 점검 및 작업계획 수립","- 기본 문서 작성과 보고 역량
- 안전수칙 및 관계 법령을 준수할 수 있는 분
- 건축·토목·전기·안전 등 관련 분야 이해
- 도면과 시방서 독해가 가능한 분
- 현장 일정에 맞춘 근무가 가능한 분
- 기본 문서 작성과 보고 역량","- 측량및지형공간정보기사 보유자
- 토목기사 보유자
- 운전면허 보유 및 출장 가능자
- 건설·시설관리 현장 경험
- CAD·BIM·적산 프로그램 활용 경험","- 지원서 또는 제출서류를 허위로 기재한 경우
- 채용검진 결과 직무 수행이 어렵다고 판단되는 경우
- 해외여행 및 근무에 결격사유가 있는 경우
- 관련 법령 또는 내부 인사규정상 채용이 불가능한 경우",서류전형 > 실무면접 > 최종면접
1570,토목기사 부문 모집,112,157,20260613,20260627,14,신입·경력,정규직,세종특별자치시,전문학사 이상,"본 포지션은 토목기사 업무를 담당하며, 현장의 요구사항을 정확히 파악해 안정적인 결과를 만드는 역할입니다.

건축·시설 분야의 실무 기준과 절차에 따라 계획 수립부터 실행, 결과 확인까지 전 과정에 참여합니다.

업무 과정에서 발생하는 이슈를 데이터와 기록에 근거해 분석하고, 유관 부서와 협의하여 개선합니다.

입사 후에는 표준 절차와 내부 시스템 교육을 이수하며, 숙련도에 따라 담당 범위가 확대됩니다.

정확성, 안전, 책임 있는 의사소통을 중시하며 실무 중심의 협업 역량을 기대합니다.","- 토목기사 직무 기준에 따른 실무 수행
- 토목기사 관련 결과물 검토 및 개선
- 점검 결과 및 유지보수 이력 관리
- 발주처·감리·유관 부서 보고
- 현장·시설 상태 점검 및 작업계획 수립
- 도면·시방서·물량 내역 검토
- 공정·품질·원가·안전 관리
- 협력업체 작업 조율 및 검수","- 도면과 시방서 독해가 가능한 분
- 현장 일정에 맞춘 근무가 가능한 분
- 기본 문서 작성과 보고 역량
- 안전수칙 및 관계 법령을 준수할 수 있는 분
- 건축·토목·전기·안전 등 관련 분야 이해
- 도면과 시방서 독해가 가능한 분","- 토목기사 보유자
- 건설재료시험기사 보유자
- 공공·대형 프로젝트 수행 경험
- 운전면허 보유 및 출장 가능자
- 건설·시설관리 현장 경험","- 지원서 또는 제출서류를 허위로 기재한 경우
- 채용검진 결과 직무 수행이 어렵다고 판단되는 경우
- 해외여행 및 근무에 결격사유가 있는 경우
- 관련 법령 또는 내부 인사규정상 채용이 불가능한 경우",서류전형 > 인성검사 > 실무면접 > 최종면접
1571,시설관리자 모집,109,158,20260919,20261013,19,신입,정규직,경상남도,전문학사 이상,"본 포지션은 시설관리자 업무를 담당하며, 현장의 요구사항을 정확히 파악해 안정적인 결과를 만드는 역할입니다.

건축·시설 분야의 실무 기준과 절차에 따라 계획 수립부터 실행, 결과 확인까지 전 과정에 참여합니다.

업무 과정에서 발생하는 이슈를 데이터와 기록에 근거해 분석하고, 유관 부서와 협의하여 개선합니다.

입사 후에는 표준 절차와 내부 시스템 교육을 이수하며, 숙련도에 따라 담당 범위가 확대됩니다.

정확성, 안전, 책임 있는 의사소통을 중시하며 실무 중심의 협업 역량을 기대합니다.","- 시설관리자 직무 기준에 따른 실무 수행
- 시설관리자 관련 결과물 검토 및 개선
- 공정·품질·원가·안전 관리
- 협력업체 작업 조율 및 검수
- 인허가·점검 관련 서류 작성
- 하자·민원 원인 파악과 조치
- 점검 결과 및 유지보수 이력 관리
- 발주처·감리·유관 부서 보고","- 도면과 시방서 독해가 가능한 분
- 현장 일정에 맞춘 근무가 가능한 분
- 기본 문서 작성과 보고 역량
- 안전수칙 및 관계 법령을 준수할 수 있는 분
- 건축·토목·전기·안전 등 관련 분야 이해
- 도면과 시방서 독해가 가능한 분","- 전기기사 보유자
- 공조냉동기계기사 보유자
- 공공·대형 프로젝트 수행 경험
- 운전면허 보유 및 출장 가능자
- 건설·시설관리 현장 경험","- 지원서 또는 제출서류를 허위로 기재한 경우
- 채용검진 결과 직무 수행이 어렵다고 판단되는 경우
- 해외여행 및 근무에 결격사유가 있는 경우
- 관련 법령 또는 내부 인사규정상 채용이 불가능한 경우",서류전형 > 1차면접 > 2차면접 > 채용검진
1572,시설관리자 채용,16,158,20260124,20260224,3,경력,정규직,제주특별자치도,학사 이상,"본 포지션은 시설관리자 업무를 담당하며, 현장의 요구사항을 정확히 파악해 안정적인 결과를 만드는 역할입니다.

건축·시설 분야의 실무 기준과 절차에 따라 계획 수립부터 실행, 결과 확인까지 전 과정에 참여합니다.

업무 과정에서 발생하는 이슈를 데이터와 기록에 근거해 분석하고, 유관 부서와 협의하여 개선합니다.

입사 후에는 표준 절차와 내부 시스템 교육을 이수하며, 숙련도에 따라 담당 범위가 확대됩니다.

정확성, 안전, 책임 있는 의사소통을 중시하며 실무 중심의 협업 역량을 기대합니다.","- 시설관리자 직무 기준에 따른 실무 수행
- 시설관리자 관련 결과물 검토 및 개선
- 하자·민원 원인 파악과 조치
- 점검 결과 및 유지보수 이력 관리
- 발주처·감리·유관 부서 보고
- 현장·시설 상태 점검 및 작업계획 수립
- 도면·시방서·물량 내역 검토
- 공정·품질·원가·안전 관리","- 안전수칙 및 관계 법령을 준수할 수 있는 분
- 건축·토목·전기·안전 등 관련 분야 이해
- 도면과 시방서 독해가 가능한 분
- 현장 일정에 맞춘 근무가 가능한 분
- 기본 문서 작성과 보고 역량
- 안전수칙 및 관계 법령을 준수할 수 있는 분","- 공조냉동기계기사 보유자
- 에너지관리기사 보유자
- CAD·BIM·적산 프로그램 활용 경험
- 공공·대형 프로젝트 수행 경험
- 운전면허 보유 및 출장 가능자","- 지원서 또는 제출서류를 허위로 기재한 경우
- 채용검진 결과 직무 수행이 어렵다고 판단되는 경우
- 해외여행 및 근무에 결격사유가 있는 경우
- 관련 법령 또는 내부 인사규정상 채용이 불가능한 경우",서류전형 > 필기전형 > 면접전형 > 최종합격
1573,시설관리자 담당자 모집,107,158,20260305,20260412,7,신입·경력,계약직,서울특별시,학사 이상,"본 포지션은 시설관리자 업무를 담당하며, 현장의 요구사항을 정확히 파악해 안정적인 결과를 만드는 역할입니다.

건축·시설 분야의 실무 기준과 절차에 따라 계획 수립부터 실행, 결과 확인까지 전 과정에 참여합니다.

업무 과정에서 발생하는 이슈를 데이터와 기록에 근거해 분석하고, 유관 부서와 협의하여 개선합니다.

입사 후에는 표준 절차와 내부 시스템 교육을 이수하며, 숙련도에 따라 담당 범위가 확대됩니다.

정확성, 안전, 책임 있는 의사소통을 중시하며 실무 중심의 협업 역량을 기대합니다.","- 시설관리자 직무 기준에 따른 실무 수행
- 시설관리자 관련 결과물 검토 및 개선
- 현장·시설 상태 점검 및 작업계획 수립
- 도면·시방서·물량 내역 검토
- 공정·품질·원가·안전 관리
- 협력업체 작업 조율 및 검수
- 인허가·점검 관련 서류 작성
- 하자·민원 원인 파악과 조치","- 현장 일정에 맞춘 근무가 가능한 분
- 기본 문서 작성과 보고 역량
- 안전수칙 및 관계 법령을 준수할 수 있는 분
- 건축·토목·전기·안전 등 관련 분야 이해
- 도면과 시방서 독해가 가능한 분
- 현장 일정에 맞춘 근무가 가능한 분","- 에너지관리기사 보유자
- 전기기사 보유자
- 건설·시설관리 현장 경험
- CAD·BIM·적산 프로그램 활용 경험
- 공공·대형 프로젝트 수행 경험","- 지원서 또는 제출서류를 허위로 기재한 경우
- 채용검진 결과 직무 수행이 어렵다고 판단되는 경우
- 해외여행 및 근무에 결격사유가 있는 경우
- 관련 법령 또는 내부 인사규정상 채용이 불가능한 경우",서류전형 > 실무면접 > 최종면접
1574,시설관리자 인재 채용,152,158,20260510,20260624,11,경력 2년 이상,무기계약직,부산광역시,전문학사 이상,"본 포지션은 시설관리자 업무를 담당하며, 현장의 요구사항을 정확히 파악해 안정적인 결과를 만드는 역할입니다.

건축·시설 분야의 실무 기준과 절차에 따라 계획 수립부터 실행, 결과 확인까지 전 과정에 참여합니다.

업무 과정에서 발생하는 이슈를 데이터와 기록에 근거해 분석하고, 유관 부서와 협의하여 개선합니다.

입사 후에는 표준 절차와 내부 시스템 교육을 이수하며, 숙련도에 따라 담당 범위가 확대됩니다.

정확성, 안전, 책임 있는 의사소통을 중시하며 실무 중심의 협업 역량을 기대합니다.","- 시설관리자 직무 기준에 따른 실무 수행
- 시설관리자 관련 결과물 검토 및 개선
- 협력업체 작업 조율 및 검수
- 인허가·점검 관련 서류 작성
- 하자·민원 원인 파악과 조치
- 점검 결과 및 유지보수 이력 관리
- 발주처·감리·유관 부서 보고
- 현장·시설 상태 점검 및 작업계획 수립","- 건축·토목·전기·안전 등 관련 분야 이해
- 도면과 시방서 독해가 가능한 분
- 현장 일정에 맞춘 근무가 가능한 분
- 기본 문서 작성과 보고 역량
- 안전수칙 및 관계 법령을 준수할 수 있는 분
- 건축·토목·전기·안전 등 관련 분야 이해","- 전기기사 보유자
- 공조냉동기계기사 보유자
- 운전면허 보유 및 출장 가능자
- 건설·시설관리 현장 경험
- CAD·BIM·적산 프로그램 활용 경험","- 지원서 또는 제출서류를 허위로 기재한 경우
- 채용검진 결과 직무 수행이 어렵다고 판단되는 경우
- 해외여행 및 근무에 결격사유가 있는 경우
- 관련 법령 또는 내부 인사규정상 채용이 불가능한 경우",서류전형 > 인성검사 > 실무면접 > 최종면접
1575,시설관리자 실무자 모집,46,158,20260715,20260731,15,경력 3년 이상,정규직,인천광역시,학사 이상,"본 포지션은 시설관리자 업무를 담당하며, 현장의 요구사항을 정확히 파악해 안정적인 결과를 만드는 역할입니다.

건축·시설 분야의 실무 기준과 절차에 따라 계획 수립부터 실행, 결과 확인까지 전 과정에 참여합니다.

업무 과정에서 발생하는 이슈를 데이터와 기록에 근거해 분석하고, 유관 부서와 협의하여 개선합니다.

입사 후에는 표준 절차와 내부 시스템 교육을 이수하며, 숙련도에 따라 담당 범위가 확대됩니다.

정확성, 안전, 책임 있는 의사소통을 중시하며 실무 중심의 협업 역량을 기대합니다.","- 시설관리자 직무 기준에 따른 실무 수행
- 시설관리자 관련 결과물 검토 및 개선
- 점검 결과 및 유지보수 이력 관리
- 발주처·감리·유관 부서 보고
- 현장·시설 상태 점검 및 작업계획 수립
- 도면·시방서·물량 내역 검토
- 공정·품질·원가·안전 관리
- 협력업체 작업 조율 및 검수","- 기본 문서 작성과 보고 역량
- 안전수칙 및 관계 법령을 준수할 수 있는 분
- 건축·토목·전기·안전 등 관련 분야 이해
- 도면과 시방서 독해가 가능한 분
- 현장 일정에 맞춘 근무가 가능한 분
- 기본 문서 작성과 보고 역량","- 공조냉동기계기사 보유자
- 에너지관리기사 보유자
- 공공·대형 프로젝트 수행 경험
- 운전면허 보유 및 출장 가능자
- 건설·시설관리 현장 경험","- 지원서 또는 제출서류를 허위로 기재한 경우
- 채용검진 결과 직무 수행이 어렵다고 판단되는 경우
- 해외여행 및 근무에 결격사유가 있는 경우
- 관련 법령 또는 내부 인사규정상 채용이 불가능한 경우",서류전형 > 직무과제 > 실무면접 > 처우협의
1576,시설관리자 전문인력 채용,157,158,20260920,20261013,19,경력 무관,정규직,대전광역시,학사 이상,"본 포지션은 시설관리자 업무를 담당하며, 현장의 요구사항을 정확히 파악해 안정적인 결과를 만드는 역할입니다.

건축·시설 분야의 실무 기준과 절차에 따라 계획 수립부터 실행, 결과 확인까지 전 과정에 참여합니다.

업무 과정에서 발생하는 이슈를 데이터와 기록에 근거해 분석하고, 유관 부서와 협의하여 개선합니다.

입사 후에는 표준 절차와 내부 시스템 교육을 이수하며, 숙련도에 따라 담당 범위가 확대됩니다.

정확성, 안전, 책임 있는 의사소통을 중시하며 실무 중심의 협업 역량을 기대합니다.","- 시설관리자 직무 기준에 따른 실무 수행
- 시설관리자 관련 결과물 검토 및 개선
- 도면·시방서·물량 내역 검토
- 공정·품질·원가·안전 관리
- 협력업체 작업 조율 및 검수
- 인허가·점검 관련 서류 작성
- 하자·민원 원인 파악과 조치
- 점검 결과 및 유지보수 이력 관리","- 도면과 시방서 독해가 가능한 분
- 현장 일정에 맞춘 근무가 가능한 분
- 기본 문서 작성과 보고 역량
- 안전수칙 및 관계 법령을 준수할 수 있는 분
- 건축·토목·전기·안전 등 관련 분야 이해
- 도면과 시방서 독해가 가능한 분","- 에너지관리기사 보유자
- 전기기사 보유자
- CAD·BIM·적산 프로그램 활용 경험
- 공공·대형 프로젝트 수행 경험
- 운전면허 보유 및 출장 가능자","- 지원서 또는 제출서류를 허위로 기재한 경우
- 채용검진 결과 직무 수행이 어렵다고 판단되는 경우
- 해외여행 및 근무에 결격사유가 있는 경우
- 관련 법령 또는 내부 인사규정상 채용이 불가능한 경우",서류전형 > 1차면접 > 2차면접 > 채용검진
1577,시설관리자 운영인력 모집,42,158,20260101,20260131,3,경력 5년 이상,계약직,광주광역시,전문학사 이상,"본 포지션은 시설관리자 업무를 담당하며, 현장의 요구사항을 정확히 파악해 안정적인 결과를 만드는 역할입니다.

건축·시설 분야의 실무 기준과 절차에 따라 계획 수립부터 실행, 결과 확인까지 전 과정에 참여합니다.

업무 과정에서 발생하는 이슈를 데이터와 기록에 근거해 분석하고, 유관 부서와 협의하여 개선합니다.

입사 후에는 표준 절차와 내부 시스템 교육을 이수하며, 숙련도에 따라 담당 범위가 확대됩니다.

정확성, 안전, 책임 있는 의사소통을 중시하며 실무 중심의 협업 역량을 기대합니다.","- 시설관리자 직무 기준에 따른 실무 수행
- 시설관리자 관련 결과물 검토 및 개선
- 인허가·점검 관련 서류 작성
- 하자·민원 원인 파악과 조치
- 점검 결과 및 유지보수 이력 관리
- 발주처·감리·유관 부서 보고
- 현장·시설 상태 점검 및 작업계획 수립
- 도면·시방서·물량 내역 검토","- 안전수칙 및 관계 법령을 준수할 수 있는 분
- 건축·토목·전기·안전 등 관련 분야 이해
- 도면과 시방서 독해가 가능한 분
- 현장 일정에 맞춘 근무가 가능한 분
- 기본 문서 작성과 보고 역량
- 안전수칙 및 관계 법령을 준수할 수 있는 분","- 전기기사 보유자
- 공조냉동기계기사 보유자
- 건설·시설관리 현장 경험
- CAD·BIM·적산 프로그램 활용 경험
- 공공·대형 프로젝트 수행 경험","- 지원서 또는 제출서류를 허위로 기재한 경우
- 채용검진 결과 직무 수행이 어렵다고 판단되는 경우
- 해외여행 및 근무에 결격사유가 있는 경우
- 관련 법령 또는 내부 인사규정상 채용이 불가능한 경우",서류전형 > 필기전형 > 면접전형 > 최종합격
1578,시설관리자 프로젝트 인력 채용,142,158,20260306,20260412,7,신입,무기계약직,울산광역시,학사 이상,"본 포지션은 시설관리자 업무를 담당하며, 현장의 요구사항을 정확히 파악해 안정적인 결과를 만드는 역할입니다.

건축·시설 분야의 실무 기준과 절차에 따라 계획 수립부터 실행, 결과 확인까지 전 과정에 참여합니다.

업무 과정에서 발생하는 이슈를 데이터와 기록에 근거해 분석하고, 유관 부서와 협의하여 개선합니다.

입사 후에는 표준 절차와 내부 시스템 교육을 이수하며, 숙련도에 따라 담당 범위가 확대됩니다.

정확성, 안전, 책임 있는 의사소통을 중시하며 실무 중심의 협업 역량을 기대합니다.","- 시설관리자 직무 기준에 따른 실무 수행
- 시설관리자 관련 결과물 검토 및 개선
- 발주처·감리·유관 부서 보고
- 현장·시설 상태 점검 및 작업계획 수립
- 도면·시방서·물량 내역 검토
- 공정·품질·원가·안전 관리
- 협력업체 작업 조율 및 검수
- 인허가·점검 관련 서류 작성","- 현장 일정에 맞춘 근무가 가능한 분
- 기본 문서 작성과 보고 역량
- 안전수칙 및 관계 법령을 준수할 수 있는 분
- 건축·토목·전기·안전 등 관련 분야 이해
- 도면과 시방서 독해가 가능한 분
- 현장 일정에 맞춘 근무가 가능한 분","- 공조냉동기계기사 보유자
- 에너지관리기사 보유자
- 운전면허 보유 및 출장 가능자
- 건설·시설관리 현장 경험
- CAD·BIM·적산 프로그램 활용 경험","- 지원서 또는 제출서류를 허위로 기재한 경우
- 채용검진 결과 직무 수행이 어렵다고 판단되는 경우
- 해외여행 및 근무에 결격사유가 있는 경우
- 관련 법령 또는 내부 인사규정상 채용이 불가능한 경우",서류전형 > 실무면접 > 최종면접
1579,시설관리자 직무 채용,110,158,20260511,20260624,11,경력,정규직,세종특별자치시,학사 이상,"본 포지션은 시설관리자 업무를 담당하며, 현장의 요구사항을 정확히 파악해 안정적인 결과를 만드는 역할입니다.

건축·시설 분야의 실무 기준과 절차에 따라 계획 수립부터 실행, 결과 확인까지 전 과정에 참여합니다.

업무 과정에서 발생하는 이슈를 데이터와 기록에 근거해 분석하고, 유관 부서와 협의하여 개선합니다.

입사 후에는 표준 절차와 내부 시스템 교육을 이수하며, 숙련도에 따라 담당 범위가 확대됩니다.

정확성, 안전, 책임 있는 의사소통을 중시하며 실무 중심의 협업 역량을 기대합니다.","- 시설관리자 직무 기준에 따른 실무 수행
- 시설관리자 관련 결과물 검토 및 개선
- 공정·품질·원가·안전 관리
- 협력업체 작업 조율 및 검수
- 인허가·점검 관련 서류 작성
- 하자·민원 원인 파악과 조치
- 점검 결과 및 유지보수 이력 관리
- 발주처·감리·유관 부서 보고","- 건축·토목·전기·안전 등 관련 분야 이해
- 도면과 시방서 독해가 가능한 분
- 현장 일정에 맞춘 근무가 가능한 분
- 기본 문서 작성과 보고 역량
- 안전수칙 및 관계 법령을 준수할 수 있는 분
- 건축·토목·전기·안전 등 관련 분야 이해","- 에너지관리기사 보유자
- 전기기사 보유자
- 공공·대형 프로젝트 수행 경험
- 운전면허 보유 및 출장 가능자
- 건설·시설관리 현장 경험","- 지원서 또는 제출서류를 허위로 기재한 경우
- 채용검진 결과 직무 수행이 어렵다고 판단되는 경우
- 해외여행 및 근무에 결격사유가 있는 경우
- 관련 법령 또는 내부 인사규정상 채용이 불가능한 경우",서류전형 > 인성검사 > 실무면접 > 최종면접
1580,시설관리자 부문 모집,49,158,20260716,20260731,15,신입·경력,정규직,경기도,전문학사 이상,"본 포지션은 시설관리자 업무를 담당하며, 현장의 요구사항을 정확히 파악해 안정적인 결과를 만드는 역할입니다.

건축·시설 분야의 실무 기준과 절차에 따라 계획 수립부터 실행, 결과 확인까지 전 과정에 참여합니다.

업무 과정에서 발생하는 이슈를 데이터와 기록에 근거해 분석하고, 유관 부서와 협의하여 개선합니다.

입사 후에는 표준 절차와 내부 시스템 교육을 이수하며, 숙련도에 따라 담당 범위가 확대됩니다.

정확성, 안전, 책임 있는 의사소통을 중시하며 실무 중심의 협업 역량을 기대합니다.","- 시설관리자 직무 기준에 따른 실무 수행
- 시설관리자 관련 결과물 검토 및 개선
- 하자·민원 원인 파악과 조치
- 점검 결과 및 유지보수 이력 관리
- 발주처·감리·유관 부서 보고
- 현장·시설 상태 점검 및 작업계획 수립
- 도면·시방서·물량 내역 검토
- 공정·품질·원가·안전 관리","- 기본 문서 작성과 보고 역량
- 안전수칙 및 관계 법령을 준수할 수 있는 분
- 건축·토목·전기·안전 등 관련 분야 이해
- 도면과 시방서 독해가 가능한 분
- 현장 일정에 맞춘 근무가 가능한 분
- 기본 문서 작성과 보고 역량","- 전기기사 보유자
- 공조냉동기계기사 보유자
- CAD·BIM·적산 프로그램 활용 경험
- 공공·대형 프로젝트 수행 경험
- 운전면허 보유 및 출장 가능자","- 지원서 또는 제출서류를 허위로 기재한 경우
- 채용검진 결과 직무 수행이 어렵다고 판단되는 경우
- 해외여행 및 근무에 결격사유가 있는 경우
- 관련 법령 또는 내부 인사규정상 채용이 불가능한 경우",서류전형 > 직무과제 > 실무면접 > 처우협의
1581,현장관리자 모집,16,159,20261022,20261116,20,신입,정규직,제주특별자치도,전문학사 이상,"본 포지션은 현장관리자 업무를 담당하며, 현장의 요구사항을 정확히 파악해 안정적인 결과를 만드는 역할입니다.

건축·시설 분야의 실무 기준과 절차에 따라 계획 수립부터 실행, 결과 확인까지 전 과정에 참여합니다.

업무 과정에서 발생하는 이슈를 데이터와 기록에 근거해 분석하고, 유관 부서와 협의하여 개선합니다.

입사 후에는 표준 절차와 내부 시스템 교육을 이수하며, 숙련도에 따라 담당 범위가 확대됩니다.

정확성, 안전, 책임 있는 의사소통을 중시하며 실무 중심의 협업 역량을 기대합니다.","- 현장관리자 직무 기준에 따른 실무 수행
- 현장관리자 관련 결과물 검토 및 개선
- 도면·시방서·물량 내역 검토
- 공정·품질·원가·안전 관리
- 협력업체 작업 조율 및 검수
- 인허가·점검 관련 서류 작성
- 하자·민원 원인 파악과 조치
- 점검 결과 및 유지보수 이력 관리","- 기본 문서 작성과 보고 역량
- 안전수칙 및 관계 법령을 준수할 수 있는 분
- 건축·토목·전기·안전 등 관련 분야 이해
- 도면과 시방서 독해가 가능한 분
- 현장 일정에 맞춘 근무가 가능한 분
- 기본 문서 작성과 보고 역량","- 건축기사 보유자
- 건설안전기사 보유자
- CAD·BIM·적산 프로그램 활용 경험
- 공공·대형 프로젝트 수행 경험
- 운전면허 보유 및 출장 가능자","- 지원서 또는 제출서류를 허위로 기재한 경우
- 채용검진 결과 직무 수행이 어렵다고 판단되는 경우
- 해외여행 및 근무에 결격사유가 있는 경우
- 관련 법령 또는 내부 인사규정상 채용이 불가능한 경우",서류전형 > 필기전형 > 면접전형 > 최종합격
1582,현장관리자 채용,32,159,20260203,20260307,4,경력,정규직,서울특별시,학사 이상,"본 포지션은 현장관리자 업무를 담당하며, 현장의 요구사항을 정확히 파악해 안정적인 결과를 만드는 역할입니다.

건축·시설 분야의 실무 기준과 절차에 따라 계획 수립부터 실행, 결과 확인까지 전 과정에 참여합니다.

업무 과정에서 발생하는 이슈를 데이터와 기록에 근거해 분석하고, 유관 부서와 협의하여 개선합니다.

입사 후에는 표준 절차와 내부 시스템 교육을 이수하며, 숙련도에 따라 담당 범위가 확대됩니다.

정확성, 안전, 책임 있는 의사소통을 중시하며 실무 중심의 협업 역량을 기대합니다.","- 현장관리자 직무 기준에 따른 실무 수행
- 현장관리자 관련 결과물 검토 및 개선
- 인허가·점검 관련 서류 작성
- 하자·민원 원인 파악과 조치
- 점검 결과 및 유지보수 이력 관리
- 발주처·감리·유관 부서 보고
- 현장·시설 상태 점검 및 작업계획 수립
- 도면·시방서·물량 내역 검토","- 도면과 시방서 독해가 가능한 분
- 현장 일정에 맞춘 근무가 가능한 분
- 기본 문서 작성과 보고 역량
- 안전수칙 및 관계 법령을 준수할 수 있는 분
- 건축·토목·전기·안전 등 관련 분야 이해
- 도면과 시방서 독해가 가능한 분","- 건설안전기사 보유자
- 산업안전기사 보유자
- 건설·시설관리 현장 경험
- CAD·BIM·적산 프로그램 활용 경험
- 공공·대형 프로젝트 수행 경험","- 지원서 또는 제출서류를 허위로 기재한 경우
- 채용검진 결과 직무 수행이 어렵다고 판단되는 경우
- 해외여행 및 근무에 결격사유가 있는 경우
- 관련 법령 또는 내부 인사규정상 채용이 불가능한 경우",서류전형 > 실무면접 > 최종면접
1583,현장관리자 담당자 모집,141,159,20260408,20260517,8,신입·경력,계약직,부산광역시,학사 이상,"본 포지션은 현장관리자 업무를 담당하며, 현장의 요구사항을 정확히 파악해 안정적인 결과를 만드는 역할입니다.

건축·시설 분야의 실무 기준과 절차에 따라 계획 수립부터 실행, 결과 확인까지 전 과정에 참여합니다.

업무 과정에서 발생하는 이슈를 데이터와 기록에 근거해 분석하고, 유관 부서와 협의하여 개선합니다.

입사 후에는 표준 절차와 내부 시스템 교육을 이수하며, 숙련도에 따라 담당 범위가 확대됩니다.

정확성, 안전, 책임 있는 의사소통을 중시하며 실무 중심의 협업 역량을 기대합니다.","- 현장관리자 직무 기준에 따른 실무 수행
- 현장관리자 관련 결과물 검토 및 개선
- 발주처·감리·유관 부서 보고
- 현장·시설 상태 점검 및 작업계획 수립
- 도면·시방서·물량 내역 검토
- 공정·품질·원가·안전 관리
- 협력업체 작업 조율 및 검수
- 인허가·점검 관련 서류 작성","- 안전수칙 및 관계 법령을 준수할 수 있는 분
- 건축·토목·전기·안전 등 관련 분야 이해
- 도면과 시방서 독해가 가능한 분
- 현장 일정에 맞춘 근무가 가능한 분
- 기본 문서 작성과 보고 역량
- 안전수칙 및 관계 법령을 준수할 수 있는 분","- 산업안전기사 보유자
- 건축기사 보유자
- 운전면허 보유 및 출장 가능자
- 건설·시설관리 현장 경험
- CAD·BIM·적산 프로그램 활용 경험","- 지원서 또는 제출서류를 허위로 기재한 경우
- 채용검진 결과 직무 수행이 어렵다고 판단되는 경우
- 해외여행 및 근무에 결격사유가 있는 경우
- 관련 법령 또는 내부 인사규정상 채용이 불가능한 경우",서류전형 > 인성검사 > 실무면접 > 최종면접
1584,현장관리자 인재 채용,108,159,20260613,20260623,12,경력 2년 이상,무기계약직,인천광역시,전문학사 이상,"본 포지션은 현장관리자 업무를 담당하며, 현장의 요구사항을 정확히 파악해 안정적인 결과를 만드는 역할입니다.

건축·시설 분야의 실무 기준과 절차에 따라 계획 수립부터 실행, 결과 확인까지 전 과정에 참여합니다.

업무 과정에서 발생하는 이슈를 데이터와 기록에 근거해 분석하고, 유관 부서와 협의하여 개선합니다.

입사 후에는 표준 절차와 내부 시스템 교육을 이수하며, 숙련도에 따라 담당 범위가 확대됩니다.

정확성, 안전, 책임 있는 의사소통을 중시하며 실무 중심의 협업 역량을 기대합니다.","- 현장관리자 직무 기준에 따른 실무 수행
- 현장관리자 관련 결과물 검토 및 개선
- 공정·품질·원가·안전 관리
- 협력업체 작업 조율 및 검수
- 인허가·점검 관련 서류 작성
- 하자·민원 원인 파악과 조치
- 점검 결과 및 유지보수 이력 관리
- 발주처·감리·유관 부서 보고","- 현장 일정에 맞춘 근무가 가능한 분
- 기본 문서 작성과 보고 역량
- 안전수칙 및 관계 법령을 준수할 수 있는 분
- 건축·토목·전기·안전 등 관련 분야 이해
- 도면과 시방서 독해가 가능한 분
- 현장 일정에 맞춘 근무가 가능한 분","- 건축기사 보유자
- 건설안전기사 보유자
- 공공·대형 프로젝트 수행 경험
- 운전면허 보유 및 출장 가능자
- 건설·시설관리 현장 경험","- 지원서 또는 제출서류를 허위로 기재한 경우
- 채용검진 결과 직무 수행이 어렵다고 판단되는 경우
- 해외여행 및 근무에 결격사유가 있는 경우
- 관련 법령 또는 내부 인사규정상 채용이 불가능한 경우",서류전형 > 직무과제 > 실무면접 > 처우협의
1585,현장관리자 실무자 모집,90,159,20260818,20260904,16,경력 3년 이상,정규직,대전광역시,학사 이상,"본 포지션은 현장관리자 업무를 담당하며, 현장의 요구사항을 정확히 파악해 안정적인 결과를 만드는 역할입니다.

건축·시설 분야의 실무 기준과 절차에 따라 계획 수립부터 실행, 결과 확인까지 전 과정에 참여합니다.

업무 과정에서 발생하는 이슈를 데이터와 기록에 근거해 분석하고, 유관 부서와 협의하여 개선합니다.

입사 후에는 표준 절차와 내부 시스템 교육을 이수하며, 숙련도에 따라 담당 범위가 확대됩니다.

정확성, 안전, 책임 있는 의사소통을 중시하며 실무 중심의 협업 역량을 기대합니다.","- 현장관리자 직무 기준에 따른 실무 수행
- 현장관리자 관련 결과물 검토 및 개선
- 하자·민원 원인 파악과 조치
- 점검 결과 및 유지보수 이력 관리
- 발주처·감리·유관 부서 보고
- 현장·시설 상태 점검 및 작업계획 수립
- 도면·시방서·물량 내역 검토
- 공정·품질·원가·안전 관리","- 건축·토목·전기·안전 등 관련 분야 이해
- 도면과 시방서 독해가 가능한 분
- 현장 일정에 맞춘 근무가 가능한 분
- 기본 문서 작성과 보고 역량
- 안전수칙 및 관계 법령을 준수할 수 있는 분
- 건축·토목·전기·안전 등 관련 분야 이해","- 건설안전기사 보유자
- 산업안전기사 보유자
- CAD·BIM·적산 프로그램 활용 경험
- 공공·대형 프로젝트 수행 경험
- 운전면허 보유 및 출장 가능자","- 지원서 또는 제출서류를 허위로 기재한 경우
- 채용검진 결과 직무 수행이 어렵다고 판단되는 경우
- 해외여행 및 근무에 결격사유가 있는 경우
- 관련 법령 또는 내부 인사규정상 채용이 불가능한 경우",서류전형 > 1차면접 > 2차면접 > 채용검진
1586,현장관리자 전문인력 채용,61,159,20261023,20261116,20,경력 무관,정규직,광주광역시,학사 이상,"본 포지션은 현장관리자 업무를 담당하며, 현장의 요구사항을 정확히 파악해 안정적인 결과를 만드는 역할입니다.

건축·시설 분야의 실무 기준과 절차에 따라 계획 수립부터 실행, 결과 확인까지 전 과정에 참여합니다.

업무 과정에서 발생하는 이슈를 데이터와 기록에 근거해 분석하고, 유관 부서와 협의하여 개선합니다.

입사 후에는 표준 절차와 내부 시스템 교육을 이수하며, 숙련도에 따라 담당 범위가 확대됩니다.

정확성, 안전, 책임 있는 의사소통을 중시하며 실무 중심의 협업 역량을 기대합니다.","- 현장관리자 직무 기준에 따른 실무 수행
- 현장관리자 관련 결과물 검토 및 개선
- 현장·시설 상태 점검 및 작업계획 수립
- 도면·시방서·물량 내역 검토
- 공정·품질·원가·안전 관리
- 협력업체 작업 조율 및 검수
- 인허가·점검 관련 서류 작성
- 하자·민원 원인 파악과 조치","- 기본 문서 작성과 보고 역량
- 안전수칙 및 관계 법령을 준수할 수 있는 분
- 건축·토목·전기·안전 등 관련 분야 이해
- 도면과 시방서 독해가 가능한 분
- 현장 일정에 맞춘 근무가 가능한 분
- 기본 문서 작성과 보고 역량","- 산업안전기사 보유자
- 건축기사 보유자
- 건설·시설관리 현장 경험
- CAD·BIM·적산 프로그램 활용 경험
- 공공·대형 프로젝트 수행 경험","- 지원서 또는 제출서류를 허위로 기재한 경우
- 채용검진 결과 직무 수행이 어렵다고 판단되는 경우
- 해외여행 및 근무에 결격사유가 있는 경우
- 관련 법령 또는 내부 인사규정상 채용이 불가능한 경우",서류전형 > 필기전형 > 면접전형 > 최종합격
1587,현장관리자 운영인력 모집,19,159,20260204,20260307,4,경력 5년 이상,계약직,울산광역시,전문학사 이상,"본 포지션은 현장관리자 업무를 담당하며, 현장의 요구사항을 정확히 파악해 안정적인 결과를 만드는 역할입니다.

건축·시설 분야의 실무 기준과 절차에 따라 계획 수립부터 실행, 결과 확인까지 전 과정에 참여합니다.

업무 과정에서 발생하는 이슈를 데이터와 기록에 근거해 분석하고, 유관 부서와 협의하여 개선합니다.

입사 후에는 표준 절차와 내부 시스템 교육을 이수하며, 숙련도에 따라 담당 범위가 확대됩니다.

정확성, 안전, 책임 있는 의사소통을 중시하며 실무 중심의 협업 역량을 기대합니다.","- 현장관리자 직무 기준에 따른 실무 수행
- 현장관리자 관련 결과물 검토 및 개선
- 협력업체 작업 조율 및 검수
- 인허가·점검 관련 서류 작성
- 하자·민원 원인 파악과 조치
- 점검 결과 및 유지보수 이력 관리
- 발주처·감리·유관 부서 보고
- 현장·시설 상태 점검 및 작업계획 수립","- 도면과 시방서 독해가 가능한 분
- 현장 일정에 맞춘 근무가 가능한 분
- 기본 문서 작성과 보고 역량
- 안전수칙 및 관계 법령을 준수할 수 있는 분
- 건축·토목·전기·안전 등 관련 분야 이해
- 도면과 시방서 독해가 가능한 분","- 건축기사 보유자
- 건설안전기사 보유자
- 운전면허 보유 및 출장 가능자
- 건설·시설관리 현장 경험
- CAD·BIM·적산 프로그램 활용 경험","- 지원서 또는 제출서류를 허위로 기재한 경우
- 채용검진 결과 직무 수행이 어렵다고 판단되는 경우
- 해외여행 및 근무에 결격사유가 있는 경우
- 관련 법령 또는 내부 인사규정상 채용이 불가능한 경우",서류전형 > 실무면접 > 최종면접
1588,현장관리자 프로젝트 인력 채용,85,159,20260409,20260517,8,신입,무기계약직,세종특별자치시,학사 이상,"본 포지션은 현장관리자 업무를 담당하며, 현장의 요구사항을 정확히 파악해 안정적인 결과를 만드는 역할입니다.

건축·시설 분야의 실무 기준과 절차에 따라 계획 수립부터 실행, 결과 확인까지 전 과정에 참여합니다.

업무 과정에서 발생하는 이슈를 데이터와 기록에 근거해 분석하고, 유관 부서와 협의하여 개선합니다.

입사 후에는 표준 절차와 내부 시스템 교육을 이수하며, 숙련도에 따라 담당 범위가 확대됩니다.

정확성, 안전, 책임 있는 의사소통을 중시하며 실무 중심의 협업 역량을 기대합니다.","- 현장관리자 직무 기준에 따른 실무 수행
- 현장관리자 관련 결과물 검토 및 개선
- 점검 결과 및 유지보수 이력 관리
- 발주처·감리·유관 부서 보고
- 현장·시설 상태 점검 및 작업계획 수립
- 도면·시방서·물량 내역 검토
- 공정·품질·원가·안전 관리
- 협력업체 작업 조율 및 검수","- 안전수칙 및 관계 법령을 준수할 수 있는 분
- 건축·토목·전기·안전 등 관련 분야 이해
- 도면과 시방서 독해가 가능한 분
- 현장 일정에 맞춘 근무가 가능한 분
- 기본 문서 작성과 보고 역량
- 안전수칙 및 관계 법령을 준수할 수 있는 분","- 건설안전기사 보유자
- 산업안전기사 보유자
- 공공·대형 프로젝트 수행 경험
- 운전면허 보유 및 출장 가능자
- 건설·시설관리 현장 경험","- 지원서 또는 제출서류를 허위로 기재한 경우
- 채용검진 결과 직무 수행이 어렵다고 판단되는 경우
- 해외여행 및 근무에 결격사유가 있는 경우
- 관련 법령 또는 내부 인사규정상 채용이 불가능한 경우",서류전형 > 인성검사 > 실무면접 > 최종면접
1589,현장관리자 직무 채용,106,159,20260614,20260729,12,경력,정규직,경기도,학사 이상,"본 포지션은 현장관리자 업무를 담당하며, 현장의 요구사항을 정확히 파악해 안정적인 결과를 만드는 역할입니다.

건축·시설 분야의 실무 기준과 절차에 따라 계획 수립부터 실행, 결과 확인까지 전 과정에 참여합니다.

업무 과정에서 발생하는 이슈를 데이터와 기록에 근거해 분석하고, 유관 부서와 협의하여 개선합니다.

입사 후에는 표준 절차와 내부 시스템 교육을 이수하며, 숙련도에 따라 담당 범위가 확대됩니다.

정확성, 안전, 책임 있는 의사소통을 중시하며 실무 중심의 협업 역량을 기대합니다.","- 현장관리자 직무 기준에 따른 실무 수행
- 현장관리자 관련 결과물 검토 및 개선
- 도면·시방서·물량 내역 검토
- 공정·품질·원가·안전 관리
- 협력업체 작업 조율 및 검수
- 인허가·점검 관련 서류 작성
- 하자·민원 원인 파악과 조치
- 점검 결과 및 유지보수 이력 관리","- 현장 일정에 맞춘 근무가 가능한 분
- 기본 문서 작성과 보고 역량
- 안전수칙 및 관계 법령을 준수할 수 있는 분
- 건축·토목·전기·안전 등 관련 분야 이해
- 도면과 시방서 독해가 가능한 분
- 현장 일정에 맞춘 근무가 가능한 분","- 산업안전기사 보유자
- 건축기사 보유자
- CAD·BIM·적산 프로그램 활용 경험
- 공공·대형 프로젝트 수행 경험
- 운전면허 보유 및 출장 가능자","- 지원서 또는 제출서류를 허위로 기재한 경우
- 채용검진 결과 직무 수행이 어렵다고 판단되는 경우
- 해외여행 및 근무에 결격사유가 있는 경우
- 관련 법령 또는 내부 인사규정상 채용이 불가능한 경우",서류전형 > 직무과제 > 실무면접 > 처우협의
1590,현장관리자 부문 모집,99,159,20260819,20260904,16,신입·경력,정규직,강원특별자치도,전문학사 이상,"본 포지션은 현장관리자 업무를 담당하며, 현장의 요구사항을 정확히 파악해 안정적인 결과를 만드는 역할입니다.

건축·시설 분야의 실무 기준과 절차에 따라 계획 수립부터 실행, 결과 확인까지 전 과정에 참여합니다.

업무 과정에서 발생하는 이슈를 데이터와 기록에 근거해 분석하고, 유관 부서와 협의하여 개선합니다.

입사 후에는 표준 절차와 내부 시스템 교육을 이수하며, 숙련도에 따라 담당 범위가 확대됩니다.

정확성, 안전, 책임 있는 의사소통을 중시하며 실무 중심의 협업 역량을 기대합니다.","- 현장관리자 직무 기준에 따른 실무 수행
- 현장관리자 관련 결과물 검토 및 개선
- 인허가·점검 관련 서류 작성
- 하자·민원 원인 파악과 조치
- 점검 결과 및 유지보수 이력 관리
- 발주처·감리·유관 부서 보고
- 현장·시설 상태 점검 및 작업계획 수립
- 도면·시방서·물량 내역 검토","- 건축·토목·전기·안전 등 관련 분야 이해
- 도면과 시방서 독해가 가능한 분
- 현장 일정에 맞춘 근무가 가능한 분
- 기본 문서 작성과 보고 역량
- 안전수칙 및 관계 법령을 준수할 수 있는 분
- 건축·토목·전기·안전 등 관련 분야 이해","- 건축기사 보유자
- 건설안전기사 보유자
- 건설·시설관리 현장 경험
- CAD·BIM·적산 프로그램 활용 경험
- 공공·대형 프로젝트 수행 경험","- 지원서 또는 제출서류를 허위로 기재한 경우
- 채용검진 결과 직무 수행이 어렵다고 판단되는 경우
- 해외여행 및 근무에 결격사유가 있는 경우
- 관련 법령 또는 내부 인사규정상 채용이 불가능한 경우",서류전형 > 1차면접 > 2차면접 > 채용검진
1591,안전관리자 모집,142,160,20260101,20260127,1,신입,정규직,서울특별시,전문학사 이상,"본 포지션은 안전관리자 업무를 담당하며, 현장의 요구사항을 정확히 파악해 안정적인 결과를 만드는 역할입니다.

건축·시설 분야의 실무 기준과 절차에 따라 계획 수립부터 실행, 결과 확인까지 전 과정에 참여합니다.

업무 과정에서 발생하는 이슈를 데이터와 기록에 근거해 분석하고, 유관 부서와 협의하여 개선합니다.

입사 후에는 표준 절차와 내부 시스템 교육을 이수하며, 숙련도에 따라 담당 범위가 확대됩니다.

정확성, 안전, 책임 있는 의사소통을 중시하며 실무 중심의 협업 역량을 기대합니다.","- 안전관리자 직무 기준에 따른 실무 수행
- 안전관리자 관련 결과물 검토 및 개선
- 현장·시설 상태 점검 및 작업계획 수립
- 도면·시방서·물량 내역 검토
- 공정·품질·원가·안전 관리
- 협력업체 작업 조율 및 검수
- 인허가·점검 관련 서류 작성
- 하자·민원 원인 파악과 조치","- 건축·토목·전기·안전 등 관련 분야 이해
- 도면과 시방서 독해가 가능한 분
- 현장 일정에 맞춘 근무가 가능한 분
- 기본 문서 작성과 보고 역량
- 안전수칙 및 관계 법령을 준수할 수 있는 분
- 건축·토목·전기·안전 등 관련 분야 이해","- 산업안전기사 보유자
- 건설안전기사 보유자
- 건설·시설관리 현장 경험
- CAD·BIM·적산 프로그램 활용 경험
- 공공·대형 프로젝트 수행 경험","- 지원서 또는 제출서류를 허위로 기재한 경우
- 채용검진 결과 직무 수행이 어렵다고 판단되는 경우
- 해외여행 및 근무에 결격사유가 있는 경우
- 관련 법령 또는 내부 인사규정상 채용이 불가능한 경우",서류전형 > 실무면접 > 최종면접
1592,안전관리자 채용,103,160,20260306,20260408,5,경력,정규직,부산광역시,학사 이상,"본 포지션은 안전관리자 업무를 담당하며, 현장의 요구사항을 정확히 파악해 안정적인 결과를 만드는 역할입니다.

건축·시설 분야의 실무 기준과 절차에 따라 계획 수립부터 실행, 결과 확인까지 전 과정에 참여합니다.

업무 과정에서 발생하는 이슈를 데이터와 기록에 근거해 분석하고, 유관 부서와 협의하여 개선합니다.

입사 후에는 표준 절차와 내부 시스템 교육을 이수하며, 숙련도에 따라 담당 범위가 확대됩니다.

정확성, 안전, 책임 있는 의사소통을 중시하며 실무 중심의 협업 역량을 기대합니다.","- 안전관리자 직무 기준에 따른 실무 수행
- 안전관리자 관련 결과물 검토 및 개선
- 협력업체 작업 조율 및 검수
- 인허가·점검 관련 서류 작성
- 하자·민원 원인 파악과 조치
- 점검 결과 및 유지보수 이력 관리
- 발주처·감리·유관 부서 보고
- 현장·시설 상태 점검 및 작업계획 수립","- 기본 문서 작성과 보고 역량
- 안전수칙 및 관계 법령을 준수할 수 있는 분
- 건축·토목·전기·안전 등 관련 분야 이해
- 도면과 시방서 독해가 가능한 분
- 현장 일정에 맞춘 근무가 가능한 분
- 기본 문서 작성과 보고 역량","- 건설안전기사 보유자
- 산업위생관리기사 보유자
- 운전면허 보유 및 출장 가능자
- 건설·시설관리 현장 경험
- CAD·BIM·적산 프로그램 활용 경험","- 지원서 또는 제출서류를 허위로 기재한 경우
- 채용검진 결과 직무 수행이 어렵다고 판단되는 경우
- 해외여행 및 근무에 결격사유가 있는 경우
- 관련 법령 또는 내부 인사규정상 채용이 불가능한 경우",서류전형 > 인성검사 > 실무면접 > 최종면접
1593,안전관리자 담당자 모집,48,160,20260511,20260620,9,신입·경력,계약직,인천광역시,학사 이상,"본 포지션은 안전관리자 업무를 담당하며, 현장의 요구사항을 정확히 파악해 안정적인 결과를 만드는 역할입니다.

건축·시설 분야의 실무 기준과 절차에 따라 계획 수립부터 실행, 결과 확인까지 전 과정에 참여합니다.

업무 과정에서 발생하는 이슈를 데이터와 기록에 근거해 분석하고, 유관 부서와 협의하여 개선합니다.

입사 후에는 표준 절차와 내부 시스템 교육을 이수하며, 숙련도에 따라 담당 범위가 확대됩니다.

정확성, 안전, 책임 있는 의사소통을 중시하며 실무 중심의 협업 역량을 기대합니다.","- 안전관리자 직무 기준에 따른 실무 수행
- 안전관리자 관련 결과물 검토 및 개선
- 점검 결과 및 유지보수 이력 관리
- 발주처·감리·유관 부서 보고
- 현장·시설 상태 점검 및 작업계획 수립
- 도면·시방서·물량 내역 검토
- 공정·품질·원가·안전 관리
- 협력업체 작업 조율 및 검수","- 도면과 시방서 독해가 가능한 분
- 현장 일정에 맞춘 근무가 가능한 분
- 기본 문서 작성과 보고 역량
- 안전수칙 및 관계 법령을 준수할 수 있는 분
- 건축·토목·전기·안전 등 관련 분야 이해
- 도면과 시방서 독해가 가능한 분","- 산업위생관리기사 보유자
- 산업안전기사 보유자
- 공공·대형 프로젝트 수행 경험
- 운전면허 보유 및 출장 가능자
- 건설·시설관리 현장 경험","- 지원서 또는 제출서류를 허위로 기재한 경우
- 채용검진 결과 직무 수행이 어렵다고 판단되는 경우
- 해외여행 및 근무에 결격사유가 있는 경우
- 관련 법령 또는 내부 인사규정상 채용이 불가능한 경우",서류전형 > 직무과제 > 실무면접 > 처우협의
1594,안전관리자 인재 채용,18,160,20260716,20260727,13,경력 2년 이상,무기계약직,대전광역시,전문학사 이상,"본 포지션은 안전관리자 업무를 담당하며, 현장의 요구사항을 정확히 파악해 안정적인 결과를 만드는 역할입니다.

건축·시설 분야의 실무 기준과 절차에 따라 계획 수립부터 실행, 결과 확인까지 전 과정에 참여합니다.

업무 과정에서 발생하는 이슈를 데이터와 기록에 근거해 분석하고, 유관 부서와 협의하여 개선합니다.

입사 후에는 표준 절차와 내부 시스템 교육을 이수하며, 숙련도에 따라 담당 범위가 확대됩니다.

정확성, 안전, 책임 있는 의사소통을 중시하며 실무 중심의 협업 역량을 기대합니다.","- 안전관리자 직무 기준에 따른 실무 수행
- 안전관리자 관련 결과물 검토 및 개선
- 도면·시방서·물량 내역 검토
- 공정·품질·원가·안전 관리
- 협력업체 작업 조율 및 검수
- 인허가·점검 관련 서류 작성
- 하자·민원 원인 파악과 조치
- 점검 결과 및 유지보수 이력 관리","- 안전수칙 및 관계 법령을 준수할 수 있는 분
- 건축·토목·전기·안전 등 관련 분야 이해
- 도면과 시방서 독해가 가능한 분
- 현장 일정에 맞춘 근무가 가능한 분
- 기본 문서 작성과 보고 역량
- 안전수칙 및 관계 법령을 준수할 수 있는 분","- 산업안전기사 보유자
- 건설안전기사 보유자
- CAD·BIM·적산 프로그램 활용 경험
- 공공·대형 프로젝트 수행 경험
- 운전면허 보유 및 출장 가능자","- 지원서 또는 제출서류를 허위로 기재한 경우
- 채용검진 결과 직무 수행이 어렵다고 판단되는 경우
- 해외여행 및 근무에 결격사유가 있는 경우
- 관련 법령 또는 내부 인사규정상 채용이 불가능한 경우",서류전형 > 1차면접 > 2차면접 > 채용검진
1595,안전관리자 실무자 모집,153,160,20260921,20261009,17,경력 3년 이상,정규직,광주광역시,학사 이상,"본 포지션은 안전관리자 업무를 담당하며, 현장의 요구사항을 정확히 파악해 안정적인 결과를 만드는 역할입니다.

건축·시설 분야의 실무 기준과 절차에 따라 계획 수립부터 실행, 결과 확인까지 전 과정에 참여합니다.

업무 과정에서 발생하는 이슈를 데이터와 기록에 근거해 분석하고, 유관 부서와 협의하여 개선합니다.

입사 후에는 표준 절차와 내부 시스템 교육을 이수하며, 숙련도에 따라 담당 범위가 확대됩니다.

정확성, 안전, 책임 있는 의사소통을 중시하며 실무 중심의 협업 역량을 기대합니다.","- 안전관리자 직무 기준에 따른 실무 수행
- 안전관리자 관련 결과물 검토 및 개선
- 인허가·점검 관련 서류 작성
- 하자·민원 원인 파악과 조치
- 점검 결과 및 유지보수 이력 관리
- 발주처·감리·유관 부서 보고
- 현장·시설 상태 점검 및 작업계획 수립
- 도면·시방서·물량 내역 검토","- 현장 일정에 맞춘 근무가 가능한 분
- 기본 문서 작성과 보고 역량
- 안전수칙 및 관계 법령을 준수할 수 있는 분
- 건축·토목·전기·안전 등 관련 분야 이해
- 도면과 시방서 독해가 가능한 분
- 현장 일정에 맞춘 근무가 가능한 분","- 건설안전기사 보유자
- 산업위생관리기사 보유자
- 건설·시설관리 현장 경험
- CAD·BIM·적산 프로그램 활용 경험
- 공공·대형 프로젝트 수행 경험","- 지원서 또는 제출서류를 허위로 기재한 경우
- 채용검진 결과 직무 수행이 어렵다고 판단되는 경우
- 해외여행 및 근무에 결격사유가 있는 경우
- 관련 법령 또는 내부 인사규정상 채용이 불가능한 경우",서류전형 > 필기전형 > 면접전형 > 최종합격
1596,안전관리자 전문인력 채용,146,160,20260102,20260127,1,경력 무관,정규직,울산광역시,학사 이상,"본 포지션은 안전관리자 업무를 담당하며, 현장의 요구사항을 정확히 파악해 안정적인 결과를 만드는 역할입니다.

건축·시설 분야의 실무 기준과 절차에 따라 계획 수립부터 실행, 결과 확인까지 전 과정에 참여합니다.

업무 과정에서 발생하는 이슈를 데이터와 기록에 근거해 분석하고, 유관 부서와 협의하여 개선합니다.

입사 후에는 표준 절차와 내부 시스템 교육을 이수하며, 숙련도에 따라 담당 범위가 확대됩니다.

정확성, 안전, 책임 있는 의사소통을 중시하며 실무 중심의 협업 역량을 기대합니다.","- 안전관리자 직무 기준에 따른 실무 수행
- 안전관리자 관련 결과물 검토 및 개선
- 발주처·감리·유관 부서 보고
- 현장·시설 상태 점검 및 작업계획 수립
- 도면·시방서·물량 내역 검토
- 공정·품질·원가·안전 관리
- 협력업체 작업 조율 및 검수
- 인허가·점검 관련 서류 작성","- 건축·토목·전기·안전 등 관련 분야 이해
- 도면과 시방서 독해가 가능한 분
- 현장 일정에 맞춘 근무가 가능한 분
- 기본 문서 작성과 보고 역량
- 안전수칙 및 관계 법령을 준수할 수 있는 분
- 건축·토목·전기·안전 등 관련 분야 이해","- 산업위생관리기사 보유자
- 산업안전기사 보유자
- 운전면허 보유 및 출장 가능자
- 건설·시설관리 현장 경험
- CAD·BIM·적산 프로그램 활용 경험","- 지원서 또는 제출서류를 허위로 기재한 경우
- 채용검진 결과 직무 수행이 어렵다고 판단되는 경우
- 해외여행 및 근무에 결격사유가 있는 경우
- 관련 법령 또는 내부 인사규정상 채용이 불가능한 경우",서류전형 > 실무면접 > 최종면접
1597,안전관리자 운영인력 모집,4,160,20260307,20260408,5,경력 5년 이상,계약직,세종특별자치시,전문학사 이상,"본 포지션은 안전관리자 업무를 담당하며, 현장의 요구사항을 정확히 파악해 안정적인 결과를 만드는 역할입니다.

건축·시설 분야의 실무 기준과 절차에 따라 계획 수립부터 실행, 결과 확인까지 전 과정에 참여합니다.

업무 과정에서 발생하는 이슈를 데이터와 기록에 근거해 분석하고, 유관 부서와 협의하여 개선합니다.

입사 후에는 표준 절차와 내부 시스템 교육을 이수하며, 숙련도에 따라 담당 범위가 확대됩니다.

정확성, 안전, 책임 있는 의사소통을 중시하며 실무 중심의 협업 역량을 기대합니다.","- 안전관리자 직무 기준에 따른 실무 수행
- 안전관리자 관련 결과물 검토 및 개선
- 공정·품질·원가·안전 관리
- 협력업체 작업 조율 및 검수
- 인허가·점검 관련 서류 작성
- 하자·민원 원인 파악과 조치
- 점검 결과 및 유지보수 이력 관리
- 발주처·감리·유관 부서 보고","- 기본 문서 작성과 보고 역량
- 안전수칙 및 관계 법령을 준수할 수 있는 분
- 건축·토목·전기·안전 등 관련 분야 이해
- 도면과 시방서 독해가 가능한 분
- 현장 일정에 맞춘 근무가 가능한 분
- 기본 문서 작성과 보고 역량","- 산업안전기사 보유자
- 건설안전기사 보유자
- 공공·대형 프로젝트 수행 경험
- 운전면허 보유 및 출장 가능자
- 건설·시설관리 현장 경험","- 지원서 또는 제출서류를 허위로 기재한 경우
- 채용검진 결과 직무 수행이 어렵다고 판단되는 경우
- 해외여행 및 근무에 결격사유가 있는 경우
- 관련 법령 또는 내부 인사규정상 채용이 불가능한 경우",서류전형 > 인성검사 > 실무면접 > 최종면접
1598,안전관리자 프로젝트 인력 채용,64,160,20260512,20260620,9,신입,무기계약직,경기도,학사 이상,"본 포지션은 안전관리자 업무를 담당하며, 현장의 요구사항을 정확히 파악해 안정적인 결과를 만드는 역할입니다.

건축·시설 분야의 실무 기준과 절차에 따라 계획 수립부터 실행, 결과 확인까지 전 과정에 참여합니다.

업무 과정에서 발생하는 이슈를 데이터와 기록에 근거해 분석하고, 유관 부서와 협의하여 개선합니다.

입사 후에는 표준 절차와 내부 시스템 교육을 이수하며, 숙련도에 따라 담당 범위가 확대됩니다.

정확성, 안전, 책임 있는 의사소통을 중시하며 실무 중심의 협업 역량을 기대합니다.","- 안전관리자 직무 기준에 따른 실무 수행
- 안전관리자 관련 결과물 검토 및 개선
- 하자·민원 원인 파악과 조치
- 점검 결과 및 유지보수 이력 관리
- 발주처·감리·유관 부서 보고
- 현장·시설 상태 점검 및 작업계획 수립
- 도면·시방서·물량 내역 검토
- 공정·품질·원가·안전 관리","- 도면과 시방서 독해가 가능한 분
- 현장 일정에 맞춘 근무가 가능한 분
- 기본 문서 작성과 보고 역량
- 안전수칙 및 관계 법령을 준수할 수 있는 분
- 건축·토목·전기·안전 등 관련 분야 이해
- 도면과 시방서 독해가 가능한 분","- 건설안전기사 보유자
- 산업위생관리기사 보유자
- CAD·BIM·적산 프로그램 활용 경험
- 공공·대형 프로젝트 수행 경험
- 운전면허 보유 및 출장 가능자","- 지원서 또는 제출서류를 허위로 기재한 경우
- 채용검진 결과 직무 수행이 어렵다고 판단되는 경우
- 해외여행 및 근무에 결격사유가 있는 경우
- 관련 법령 또는 내부 인사규정상 채용이 불가능한 경우",서류전형 > 직무과제 > 실무면접 > 처우협의
1599,안전관리자 직무 채용,54,160,20260717,20260727,13,경력,정규직,강원특별자치도,학사 이상,"본 포지션은 안전관리자 업무를 담당하며, 현장의 요구사항을 정확히 파악해 안정적인 결과를 만드는 역할입니다.

건축·시설 분야의 실무 기준과 절차에 따라 계획 수립부터 실행, 결과 확인까지 전 과정에 참여합니다.

업무 과정에서 발생하는 이슈를 데이터와 기록에 근거해 분석하고, 유관 부서와 협의하여 개선합니다.

입사 후에는 표준 절차와 내부 시스템 교육을 이수하며, 숙련도에 따라 담당 범위가 확대됩니다.

정확성, 안전, 책임 있는 의사소통을 중시하며 실무 중심의 협업 역량을 기대합니다.","- 안전관리자 직무 기준에 따른 실무 수행
- 안전관리자 관련 결과물 검토 및 개선
- 현장·시설 상태 점검 및 작업계획 수립
- 도면·시방서·물량 내역 검토
- 공정·품질·원가·안전 관리
- 협력업체 작업 조율 및 검수
- 인허가·점검 관련 서류 작성
- 하자·민원 원인 파악과 조치","- 안전수칙 및 관계 법령을 준수할 수 있는 분
- 건축·토목·전기·안전 등 관련 분야 이해
- 도면과 시방서 독해가 가능한 분
- 현장 일정에 맞춘 근무가 가능한 분
- 기본 문서 작성과 보고 역량
- 안전수칙 및 관계 법령을 준수할 수 있는 분","- 산업위생관리기사 보유자
- 산업안전기사 보유자
- 건설·시설관리 현장 경험
- CAD·BIM·적산 프로그램 활용 경험
- 공공·대형 프로젝트 수행 경험","- 지원서 또는 제출서류를 허위로 기재한 경우
- 채용검진 결과 직무 수행이 어렵다고 판단되는 경우
- 해외여행 및 근무에 결격사유가 있는 경우
- 관련 법령 또는 내부 인사규정상 채용이 불가능한 경우",서류전형 > 1차면접 > 2차면접 > 채용검진
1600,안전관리자 부문 모집,142,160,20260922,20261009,17,신입·경력,정규직,충청북도,전문학사 이상,"본 포지션은 안전관리자 업무를 담당하며, 현장의 요구사항을 정확히 파악해 안정적인 결과를 만드는 역할입니다.

건축·시설 분야의 실무 기준과 절차에 따라 계획 수립부터 실행, 결과 확인까지 전 과정에 참여합니다.

업무 과정에서 발생하는 이슈를 데이터와 기록에 근거해 분석하고, 유관 부서와 협의하여 개선합니다.

입사 후에는 표준 절차와 내부 시스템 교육을 이수하며, 숙련도에 따라 담당 범위가 확대됩니다.

정확성, 안전, 책임 있는 의사소통을 중시하며 실무 중심의 협업 역량을 기대합니다.","- 안전관리자 직무 기준에 따른 실무 수행
- 안전관리자 관련 결과물 검토 및 개선
- 협력업체 작업 조율 및 검수
- 인허가·점검 관련 서류 작성
- 하자·민원 원인 파악과 조치
- 점검 결과 및 유지보수 이력 관리
- 발주처·감리·유관 부서 보고
- 현장·시설 상태 점검 및 작업계획 수립","- 현장 일정에 맞춘 근무가 가능한 분
- 기본 문서 작성과 보고 역량
- 안전수칙 및 관계 법령을 준수할 수 있는 분
- 건축·토목·전기·안전 등 관련 분야 이해
- 도면과 시방서 독해가 가능한 분
- 현장 일정에 맞춘 근무가 가능한 분","- 산업안전기사 보유자
- 건설안전기사 보유자
- 운전면허 보유 및 출장 가능자
- 건설·시설관리 현장 경험
- CAD·BIM·적산 프로그램 활용 경험","- 지원서 또는 제출서류를 허위로 기재한 경우
- 채용검진 결과 직무 수행이 어렵다고 판단되는 경우
- 해외여행 및 근무에 결격사유가 있는 경우
- 관련 법령 또는 내부 인사규정상 채용이 불가능한 경우",서류전형 > 필기전형 > 면접전형 > 최종합격
1601,공무 모집,24,161,20260204,20260303,2,신입,정규직,부산광역시,전문학사 이상,"본 포지션은 공무 업무를 담당하며, 현장의 요구사항을 정확히 파악해 안정적인 결과를 만드는 역할입니다.

건축·시설 분야의 실무 기준과 절차에 따라 계획 수립부터 실행, 결과 확인까지 전 과정에 참여합니다.

업무 과정에서 발생하는 이슈를 데이터와 기록에 근거해 분석하고, 유관 부서와 협의하여 개선합니다.

입사 후에는 표준 절차와 내부 시스템 교육을 이수하며, 숙련도에 따라 담당 범위가 확대됩니다.

정확성, 안전, 책임 있는 의사소통을 중시하며 실무 중심의 협업 역량을 기대합니다.","- 공무 직무 기준에 따른 실무 수행
- 공무 관련 결과물 검토 및 개선
- 발주처·감리·유관 부서 보고
- 현장·시설 상태 점검 및 작업계획 수립
- 도면·시방서·물량 내역 검토
- 공정·품질·원가·안전 관리
- 협력업체 작업 조율 및 검수
- 인허가·점검 관련 서류 작성","- 현장 일정에 맞춘 근무가 가능한 분
- 기본 문서 작성과 보고 역량
- 안전수칙 및 관계 법령을 준수할 수 있는 분
- 건축·토목·전기·안전 등 관련 분야 이해
- 도면과 시방서 독해가 가능한 분
- 현장 일정에 맞춘 근무가 가능한 분","- 건축기사 보유자
- 전기공사기사 보유자
- 운전면허 보유 및 출장 가능자
- 건설·시설관리 현장 경험
- CAD·BIM·적산 프로그램 활용 경험","- 지원서 또는 제출서류를 허위로 기재한 경우
- 채용검진 결과 직무 수행이 어렵다고 판단되는 경우
- 해외여행 및 근무에 결격사유가 있는 경우
- 관련 법령 또는 내부 인사규정상 채용이 불가능한 경우",서류전형 > 인성검사 > 실무면접 > 최종면접
1602,공무 채용,55,161,20260409,20260513,6,경력,정규직,인천광역시,학사 이상,"본 포지션은 공무 업무를 담당하며, 현장의 요구사항을 정확히 파악해 안정적인 결과를 만드는 역할입니다.

건축·시설 분야의 실무 기준과 절차에 따라 계획 수립부터 실행, 결과 확인까지 전 과정에 참여합니다.

업무 과정에서 발생하는 이슈를 데이터와 기록에 근거해 분석하고, 유관 부서와 협의하여 개선합니다.

입사 후에는 표준 절차와 내부 시스템 교육을 이수하며, 숙련도에 따라 담당 범위가 확대됩니다.

정확성, 안전, 책임 있는 의사소통을 중시하며 실무 중심의 협업 역량을 기대합니다.","- 공무 직무 기준에 따른 실무 수행
- 공무 관련 결과물 검토 및 개선
- 공정·품질·원가·안전 관리
- 협력업체 작업 조율 및 검수
- 인허가·점검 관련 서류 작성
- 하자·민원 원인 파악과 조치
- 점검 결과 및 유지보수 이력 관리
- 발주처·감리·유관 부서 보고","- 건축·토목·전기·안전 등 관련 분야 이해
- 도면과 시방서 독해가 가능한 분
- 현장 일정에 맞춘 근무가 가능한 분
- 기본 문서 작성과 보고 역량
- 안전수칙 및 관계 법령을 준수할 수 있는 분
- 건축·토목·전기·안전 등 관련 분야 이해","- 전기공사기사 보유자
- 소방설비기사(기계분야) 보유자
- 공공·대형 프로젝트 수행 경험
- 운전면허 보유 및 출장 가능자
- 건설·시설관리 현장 경험","- 지원서 또는 제출서류를 허위로 기재한 경우
- 채용검진 결과 직무 수행이 어렵다고 판단되는 경우
- 해외여행 및 근무에 결격사유가 있는 경우
- 관련 법령 또는 내부 인사규정상 채용이 불가능한 경우",서류전형 > 직무과제 > 실무면접 > 처우협의
1603,공무 담당자 모집,5,161,20260614,20260725,10,신입·경력,계약직,대전광역시,학사 이상,"본 포지션은 공무 업무를 담당하며, 현장의 요구사항을 정확히 파악해 안정적인 결과를 만드는 역할입니다.

건축·시설 분야의 실무 기준과 절차에 따라 계획 수립부터 실행, 결과 확인까지 전 과정에 참여합니다.

업무 과정에서 발생하는 이슈를 데이터와 기록에 근거해 분석하고, 유관 부서와 협의하여 개선합니다.

입사 후에는 표준 절차와 내부 시스템 교육을 이수하며, 숙련도에 따라 담당 범위가 확대됩니다.

정확성, 안전, 책임 있는 의사소통을 중시하며 실무 중심의 협업 역량을 기대합니다.","- 공무 직무 기준에 따른 실무 수행
- 공무 관련 결과물 검토 및 개선
- 하자·민원 원인 파악과 조치
- 점검 결과 및 유지보수 이력 관리
- 발주처·감리·유관 부서 보고
- 현장·시설 상태 점검 및 작업계획 수립
- 도면·시방서·물량 내역 검토
- 공정·품질·원가·안전 관리","- 기본 문서 작성과 보고 역량
- 안전수칙 및 관계 법령을 준수할 수 있는 분
- 건축·토목·전기·안전 등 관련 분야 이해
- 도면과 시방서 독해가 가능한 분
- 현장 일정에 맞춘 근무가 가능한 분
- 기본 문서 작성과 보고 역량","- 소방설비기사(기계분야) 보유자
- 건축기사 보유자
- CAD·BIM·적산 프로그램 활용 경험
- 공공·대형 프로젝트 수행 경험
- 운전면허 보유 및 출장 가능자","- 지원서 또는 제출서류를 허위로 기재한 경우
- 채용검진 결과 직무 수행이 어렵다고 판단되는 경우
- 해외여행 및 근무에 결격사유가 있는 경우
- 관련 법령 또는 내부 인사규정상 채용이 불가능한 경우",서류전형 > 1차면접 > 2차면접 > 채용검진
1604,공무 인재 채용,13,161,20260819,20260831,14,경력 2년 이상,무기계약직,광주광역시,전문학사 이상,"본 포지션은 공무 업무를 담당하며, 현장의 요구사항을 정확히 파악해 안정적인 결과를 만드는 역할입니다.

건축·시설 분야의 실무 기준과 절차에 따라 계획 수립부터 실행, 결과 확인까지 전 과정에 참여합니다.

업무 과정에서 발생하는 이슈를 데이터와 기록에 근거해 분석하고, 유관 부서와 협의하여 개선합니다.

입사 후에는 표준 절차와 내부 시스템 교육을 이수하며, 숙련도에 따라 담당 범위가 확대됩니다.

정확성, 안전, 책임 있는 의사소통을 중시하며 실무 중심의 협업 역량을 기대합니다.","- 공무 직무 기준에 따른 실무 수행
- 공무 관련 결과물 검토 및 개선
- 현장·시설 상태 점검 및 작업계획 수립
- 도면·시방서·물량 내역 검토
- 공정·품질·원가·안전 관리
- 협력업체 작업 조율 및 검수
- 인허가·점검 관련 서류 작성
- 하자·민원 원인 파악과 조치","- 도면과 시방서 독해가 가능한 분
- 현장 일정에 맞춘 근무가 가능한 분
- 기본 문서 작성과 보고 역량
- 안전수칙 및 관계 법령을 준수할 수 있는 분
- 건축·토목·전기·안전 등 관련 분야 이해
- 도면과 시방서 독해가 가능한 분","- 건축기사 보유자
- 전기공사기사 보유자
- 건설·시설관리 현장 경험
- CAD·BIM·적산 프로그램 활용 경험
- 공공·대형 프로젝트 수행 경험","- 지원서 또는 제출서류를 허위로 기재한 경우
- 채용검진 결과 직무 수행이 어렵다고 판단되는 경우
- 해외여행 및 근무에 결격사유가 있는 경우
- 관련 법령 또는 내부 인사규정상 채용이 불가능한 경우",서류전형 > 필기전형 > 면접전형 > 최종합격
1605,공무 실무자 모집,141,161,20261024,20261112,18,경력 3년 이상,정규직,울산광역시,학사 이상,"본 포지션은 공무 업무를 담당하며, 현장의 요구사항을 정확히 파악해 안정적인 결과를 만드는 역할입니다.

건축·시설 분야의 실무 기준과 절차에 따라 계획 수립부터 실행, 결과 확인까지 전 과정에 참여합니다.

업무 과정에서 발생하는 이슈를 데이터와 기록에 근거해 분석하고, 유관 부서와 협의하여 개선합니다.

입사 후에는 표준 절차와 내부 시스템 교육을 이수하며, 숙련도에 따라 담당 범위가 확대됩니다.

정확성, 안전, 책임 있는 의사소통을 중시하며 실무 중심의 협업 역량을 기대합니다.","- 공무 직무 기준에 따른 실무 수행
- 공무 관련 결과물 검토 및 개선
- 협력업체 작업 조율 및 검수
- 인허가·점검 관련 서류 작성
- 하자·민원 원인 파악과 조치
- 점검 결과 및 유지보수 이력 관리
- 발주처·감리·유관 부서 보고
- 현장·시설 상태 점검 및 작업계획 수립","- 안전수칙 및 관계 법령을 준수할 수 있는 분
- 건축·토목·전기·안전 등 관련 분야 이해
- 도면과 시방서 독해가 가능한 분
- 현장 일정에 맞춘 근무가 가능한 분
- 기본 문서 작성과 보고 역량
- 안전수칙 및 관계 법령을 준수할 수 있는 분","- 전기공사기사 보유자
- 소방설비기사(기계분야) 보유자
- 운전면허 보유 및 출장 가능자
- 건설·시설관리 현장 경험
- CAD·BIM·적산 프로그램 활용 경험","- 지원서 또는 제출서류를 허위로 기재한 경우
- 채용검진 결과 직무 수행이 어렵다고 판단되는 경우
- 해외여행 및 근무에 결격사유가 있는 경우
- 관련 법령 또는 내부 인사규정상 채용이 불가능한 경우",서류전형 > 실무면접 > 최종면접
1606,공무 전문인력 채용,46,161,20260205,20260303,2,경력 무관,정규직,세종특별자치시,학사 이상,"본 포지션은 공무 업무를 담당하며, 현장의 요구사항을 정확히 파악해 안정적인 결과를 만드는 역할입니다.

건축·시설 분야의 실무 기준과 절차에 따라 계획 수립부터 실행, 결과 확인까지 전 과정에 참여합니다.

업무 과정에서 발생하는 이슈를 데이터와 기록에 근거해 분석하고, 유관 부서와 협의하여 개선합니다.

입사 후에는 표준 절차와 내부 시스템 교육을 이수하며, 숙련도에 따라 담당 범위가 확대됩니다.

정확성, 안전, 책임 있는 의사소통을 중시하며 실무 중심의 협업 역량을 기대합니다.","- 공무 직무 기준에 따른 실무 수행
- 공무 관련 결과물 검토 및 개선
- 점검 결과 및 유지보수 이력 관리
- 발주처·감리·유관 부서 보고
- 현장·시설 상태 점검 및 작업계획 수립
- 도면·시방서·물량 내역 검토
- 공정·품질·원가·안전 관리
- 협력업체 작업 조율 및 검수","- 현장 일정에 맞춘 근무가 가능한 분
- 기본 문서 작성과 보고 역량
- 안전수칙 및 관계 법령을 준수할 수 있는 분
- 건축·토목·전기·안전 등 관련 분야 이해
- 도면과 시방서 독해가 가능한 분
- 현장 일정에 맞춘 근무가 가능한 분","- 소방설비기사(기계분야) 보유자
- 건축기사 보유자
- 공공·대형 프로젝트 수행 경험
- 운전면허 보유 및 출장 가능자
- 건설·시설관리 현장 경험","- 지원서 또는 제출서류를 허위로 기재한 경우
- 채용검진 결과 직무 수행이 어렵다고 판단되는 경우
- 해외여행 및 근무에 결격사유가 있는 경우
- 관련 법령 또는 내부 인사규정상 채용이 불가능한 경우",서류전형 > 인성검사 > 실무면접 > 최종면접
1607,공무 운영인력 모집,141,161,20260410,20260513,6,경력 5년 이상,계약직,경기도,전문학사 이상,"본 포지션은 공무 업무를 담당하며, 현장의 요구사항을 정확히 파악해 안정적인 결과를 만드는 역할입니다.

건축·시설 분야의 실무 기준과 절차에 따라 계획 수립부터 실행, 결과 확인까지 전 과정에 참여합니다.

업무 과정에서 발생하는 이슈를 데이터와 기록에 근거해 분석하고, 유관 부서와 협의하여 개선합니다.

입사 후에는 표준 절차와 내부 시스템 교육을 이수하며, 숙련도에 따라 담당 범위가 확대됩니다.

정확성, 안전, 책임 있는 의사소통을 중시하며 실무 중심의 협업 역량을 기대합니다.","- 공무 직무 기준에 따른 실무 수행
- 공무 관련 결과물 검토 및 개선
- 도면·시방서·물량 내역 검토
- 공정·품질·원가·안전 관리
- 협력업체 작업 조율 및 검수
- 인허가·점검 관련 서류 작성
- 하자·민원 원인 파악과 조치
- 점검 결과 및 유지보수 이력 관리","- 건축·토목·전기·안전 등 관련 분야 이해
- 도면과 시방서 독해가 가능한 분
- 현장 일정에 맞춘 근무가 가능한 분
- 기본 문서 작성과 보고 역량
- 안전수칙 및 관계 법령을 준수할 수 있는 분
- 건축·토목·전기·안전 등 관련 분야 이해","- 건축기사 보유자
- 전기공사기사 보유자
- CAD·BIM·적산 프로그램 활용 경험
- 공공·대형 프로젝트 수행 경험
- 운전면허 보유 및 출장 가능자","- 지원서 또는 제출서류를 허위로 기재한 경우
- 채용검진 결과 직무 수행이 어렵다고 판단되는 경우
- 해외여행 및 근무에 결격사유가 있는 경우
- 관련 법령 또는 내부 인사규정상 채용이 불가능한 경우",서류전형 > 직무과제 > 실무면접 > 처우협의
1608,공무 프로젝트 인력 채용,137,161,20260615,20260725,10,신입,무기계약직,강원특별자치도,학사 이상,"본 포지션은 공무 업무를 담당하며, 현장의 요구사항을 정확히 파악해 안정적인 결과를 만드는 역할입니다.

건축·시설 분야의 실무 기준과 절차에 따라 계획 수립부터 실행, 결과 확인까지 전 과정에 참여합니다.

업무 과정에서 발생하는 이슈를 데이터와 기록에 근거해 분석하고, 유관 부서와 협의하여 개선합니다.

입사 후에는 표준 절차와 내부 시스템 교육을 이수하며, 숙련도에 따라 담당 범위가 확대됩니다.

정확성, 안전, 책임 있는 의사소통을 중시하며 실무 중심의 협업 역량을 기대합니다.","- 공무 직무 기준에 따른 실무 수행
- 공무 관련 결과물 검토 및 개선
- 인허가·점검 관련 서류 작성
- 하자·민원 원인 파악과 조치
- 점검 결과 및 유지보수 이력 관리
- 발주처·감리·유관 부서 보고
- 현장·시설 상태 점검 및 작업계획 수립
- 도면·시방서·물량 내역 검토","- 기본 문서 작성과 보고 역량
- 안전수칙 및 관계 법령을 준수할 수 있는 분
- 건축·토목·전기·안전 등 관련 분야 이해
- 도면과 시방서 독해가 가능한 분
- 현장 일정에 맞춘 근무가 가능한 분
- 기본 문서 작성과 보고 역량","- 전기공사기사 보유자
- 소방설비기사(기계분야) 보유자
- 건설·시설관리 현장 경험
- CAD·BIM·적산 프로그램 활용 경험
- 공공·대형 프로젝트 수행 경험","- 지원서 또는 제출서류를 허위로 기재한 경우
- 채용검진 결과 직무 수행이 어렵다고 판단되는 경우
- 해외여행 및 근무에 결격사유가 있는 경우
- 관련 법령 또는 내부 인사규정상 채용이 불가능한 경우",서류전형 > 1차면접 > 2차면접 > 채용검진
1609,공무 직무 채용,121,161,20260820,20260831,14,경력,정규직,충청북도,학사 이상,"본 포지션은 공무 업무를 담당하며, 현장의 요구사항을 정확히 파악해 안정적인 결과를 만드는 역할입니다.

건축·시설 분야의 실무 기준과 절차에 따라 계획 수립부터 실행, 결과 확인까지 전 과정에 참여합니다.

업무 과정에서 발생하는 이슈를 데이터와 기록에 근거해 분석하고, 유관 부서와 협의하여 개선합니다.

입사 후에는 표준 절차와 내부 시스템 교육을 이수하며, 숙련도에 따라 담당 범위가 확대됩니다.

정확성, 안전, 책임 있는 의사소통을 중시하며 실무 중심의 협업 역량을 기대합니다.","- 공무 직무 기준에 따른 실무 수행
- 공무 관련 결과물 검토 및 개선
- 발주처·감리·유관 부서 보고
- 현장·시설 상태 점검 및 작업계획 수립
- 도면·시방서·물량 내역 검토
- 공정·품질·원가·안전 관리
- 협력업체 작업 조율 및 검수
- 인허가·점검 관련 서류 작성","- 도면과 시방서 독해가 가능한 분
- 현장 일정에 맞춘 근무가 가능한 분
- 기본 문서 작성과 보고 역량
- 안전수칙 및 관계 법령을 준수할 수 있는 분
- 건축·토목·전기·안전 등 관련 분야 이해
- 도면과 시방서 독해가 가능한 분","- 소방설비기사(기계분야) 보유자
- 건축기사 보유자
- 운전면허 보유 및 출장 가능자
- 건설·시설관리 현장 경험
- CAD·BIM·적산 프로그램 활용 경험","- 지원서 또는 제출서류를 허위로 기재한 경우
- 채용검진 결과 직무 수행이 어렵다고 판단되는 경우
- 해외여행 및 근무에 결격사유가 있는 경우
- 관련 법령 또는 내부 인사규정상 채용이 불가능한 경우",서류전형 > 필기전형 > 면접전형 > 최종합격
1610,공무 부문 모집,91,161,20261001,20261019,18,신입·경력,정규직,충청남도,전문학사 이상,"본 포지션은 공무 업무를 담당하며, 현장의 요구사항을 정확히 파악해 안정적인 결과를 만드는 역할입니다.

건축·시설 분야의 실무 기준과 절차에 따라 계획 수립부터 실행, 결과 확인까지 전 과정에 참여합니다.

업무 과정에서 발생하는 이슈를 데이터와 기록에 근거해 분석하고, 유관 부서와 협의하여 개선합니다.

입사 후에는 표준 절차와 내부 시스템 교육을 이수하며, 숙련도에 따라 담당 범위가 확대됩니다.

정확성, 안전, 책임 있는 의사소통을 중시하며 실무 중심의 협업 역량을 기대합니다.","- 공무 직무 기준에 따른 실무 수행
- 공무 관련 결과물 검토 및 개선
- 공정·품질·원가·안전 관리
- 협력업체 작업 조율 및 검수
- 인허가·점검 관련 서류 작성
- 하자·민원 원인 파악과 조치
- 점검 결과 및 유지보수 이력 관리
- 발주처·감리·유관 부서 보고","- 안전수칙 및 관계 법령을 준수할 수 있는 분
- 건축·토목·전기·안전 등 관련 분야 이해
- 도면과 시방서 독해가 가능한 분
- 현장 일정에 맞춘 근무가 가능한 분
- 기본 문서 작성과 보고 역량
- 안전수칙 및 관계 법령을 준수할 수 있는 분","- 건축기사 보유자
- 전기공사기사 보유자
- 공공·대형 프로젝트 수행 경험
- 운전면허 보유 및 출장 가능자
- 건설·시설관리 현장 경험","- 지원서 또는 제출서류를 허위로 기재한 경우
- 채용검진 결과 직무 수행이 어렵다고 판단되는 경우
- 해외여행 및 근무에 결격사유가 있는 경우
- 관련 법령 또는 내부 인사규정상 채용이 불가능한 경우",서류전형 > 실무면접 > 최종면접
1611,소방설비 모집,117,162,20260307,20260404,3,신입,정규직,인천광역시,전문학사 이상,"본 포지션은 소방설비 업무를 담당하며, 현장의 요구사항을 정확히 파악해 안정적인 결과를 만드는 역할입니다.

건축·시설 분야의 실무 기준과 절차에 따라 계획 수립부터 실행, 결과 확인까지 전 과정에 참여합니다.

업무 과정에서 발생하는 이슈를 데이터와 기록에 근거해 분석하고, 유관 부서와 협의하여 개선합니다.

입사 후에는 표준 절차와 내부 시스템 교육을 이수하며, 숙련도에 따라 담당 범위가 확대됩니다.

정확성, 안전, 책임 있는 의사소통을 중시하며 실무 중심의 협업 역량을 기대합니다.","- 소방시설 점검과 기능시험
- 소방 관련 법정기록 관리
- 점검 결과 및 유지보수 이력 관리
- 발주처·감리·유관 부서 보고
- 현장·시설 상태 점검 및 작업계획 수립
- 도면·시방서·물량 내역 검토
- 공정·품질·원가·안전 관리
- 협력업체 작업 조율 및 검수","- 안전수칙 및 관계 법령을 준수할 수 있는 분
- 건축·토목·전기·안전 등 관련 분야 이해
- 도면과 시방서 독해가 가능한 분
- 현장 일정에 맞춘 근무가 가능한 분
- 기본 문서 작성과 보고 역량
- 안전수칙 및 관계 법령을 준수할 수 있는 분","- 소방설비기사(전기분야) 보유자
- 소방설비기사(기계분야) 보유자
- 공공·대형 프로젝트 수행 경험
- 운전면허 보유 및 출장 가능자
- 건설·시설관리 현장 경험","- 지원서 또는 제출서류를 허위로 기재한 경우
- 채용검진 결과 직무 수행이 어렵다고 판단되는 경우
- 해외여행 및 근무에 결격사유가 있는 경우
- 관련 법령 또는 내부 인사규정상 채용이 불가능한 경우",서류전형 > 직무과제 > 실무면접 > 처우협의
1612,소방설비 채용,107,162,20260512,20260616,7,경력,정규직,대전광역시,학사 이상,"본 포지션은 소방설비 업무를 담당하며, 현장의 요구사항을 정확히 파악해 안정적인 결과를 만드는 역할입니다.

건축·시설 분야의 실무 기준과 절차에 따라 계획 수립부터 실행, 결과 확인까지 전 과정에 참여합니다.

업무 과정에서 발생하는 이슈를 데이터와 기록에 근거해 분석하고, 유관 부서와 협의하여 개선합니다.

입사 후에는 표준 절차와 내부 시스템 교육을 이수하며, 숙련도에 따라 담당 범위가 확대됩니다.

정확성, 안전, 책임 있는 의사소통을 중시하며 실무 중심의 협업 역량을 기대합니다.","- 소방시설 점검과 기능시험
- 소방 관련 법정기록 관리
- 도면·시방서·물량 내역 검토
- 공정·품질·원가·안전 관리
- 협력업체 작업 조율 및 검수
- 인허가·점검 관련 서류 작성
- 하자·민원 원인 파악과 조치
- 점검 결과 및 유지보수 이력 관리","- 현장 일정에 맞춘 근무가 가능한 분
- 기본 문서 작성과 보고 역량
- 안전수칙 및 관계 법령을 준수할 수 있는 분
- 건축·토목·전기·안전 등 관련 분야 이해
- 도면과 시방서 독해가 가능한 분
- 현장 일정에 맞춘 근무가 가능한 분","- 소방설비기사(기계분야) 보유자
- 소방시설관리사 보유자
- CAD·BIM·적산 프로그램 활용 경험
- 공공·대형 프로젝트 수행 경험
- 운전면허 보유 및 출장 가능자","- 지원서 또는 제출서류를 허위로 기재한 경우
- 채용검진 결과 직무 수행이 어렵다고 판단되는 경우
- 해외여행 및 근무에 결격사유가 있는 경우
- 관련 법령 또는 내부 인사규정상 채용이 불가능한 경우",서류전형 > 1차면접 > 2차면접 > 채용검진
1613,소방설비 담당자 모집,84,162,20260717,20260828,11,신입·경력,계약직,광주광역시,학사 이상,"본 포지션은 소방설비 업무를 담당하며, 현장의 요구사항을 정확히 파악해 안정적인 결과를 만드는 역할입니다.

건축·시설 분야의 실무 기준과 절차에 따라 계획 수립부터 실행, 결과 확인까지 전 과정에 참여합니다.

업무 과정에서 발생하는 이슈를 데이터와 기록에 근거해 분석하고, 유관 부서와 협의하여 개선합니다.

입사 후에는 표준 절차와 내부 시스템 교육을 이수하며, 숙련도에 따라 담당 범위가 확대됩니다.

정확성, 안전, 책임 있는 의사소통을 중시하며 실무 중심의 협업 역량을 기대합니다.","- 소방시설 점검과 기능시험
- 소방 관련 법정기록 관리
- 인허가·점검 관련 서류 작성
- 하자·민원 원인 파악과 조치
- 점검 결과 및 유지보수 이력 관리
- 발주처·감리·유관 부서 보고
- 현장·시설 상태 점검 및 작업계획 수립
- 도면·시방서·물량 내역 검토","- 건축·토목·전기·안전 등 관련 분야 이해
- 도면과 시방서 독해가 가능한 분
- 현장 일정에 맞춘 근무가 가능한 분
- 기본 문서 작성과 보고 역량
- 안전수칙 및 관계 법령을 준수할 수 있는 분
- 건축·토목·전기·안전 등 관련 분야 이해","- 소방시설관리사 보유자
- 소방설비기사(전기분야) 보유자
- 건설·시설관리 현장 경험
- CAD·BIM·적산 프로그램 활용 경험
- 공공·대형 프로젝트 수행 경험","- 지원서 또는 제출서류를 허위로 기재한 경우
- 채용검진 결과 직무 수행이 어렵다고 판단되는 경우
- 해외여행 및 근무에 결격사유가 있는 경우
- 관련 법령 또는 내부 인사규정상 채용이 불가능한 경우",서류전형 > 필기전형 > 면접전형 > 최종합격
1614,소방설비 인재 채용,44,162,20260922,20261005,15,경력 2년 이상,무기계약직,울산광역시,전문학사 이상,"본 포지션은 소방설비 업무를 담당하며, 현장의 요구사항을 정확히 파악해 안정적인 결과를 만드는 역할입니다.

건축·시설 분야의 실무 기준과 절차에 따라 계획 수립부터 실행, 결과 확인까지 전 과정에 참여합니다.

업무 과정에서 발생하는 이슈를 데이터와 기록에 근거해 분석하고, 유관 부서와 협의하여 개선합니다.

입사 후에는 표준 절차와 내부 시스템 교육을 이수하며, 숙련도에 따라 담당 범위가 확대됩니다.

정확성, 안전, 책임 있는 의사소통을 중시하며 실무 중심의 협업 역량을 기대합니다.","- 소방시설 점검과 기능시험
- 소방 관련 법정기록 관리
- 발주처·감리·유관 부서 보고
- 현장·시설 상태 점검 및 작업계획 수립
- 도면·시방서·물량 내역 검토
- 공정·품질·원가·안전 관리
- 협력업체 작업 조율 및 검수
- 인허가·점검 관련 서류 작성","- 기본 문서 작성과 보고 역량
- 안전수칙 및 관계 법령을 준수할 수 있는 분
- 건축·토목·전기·안전 등 관련 분야 이해
- 도면과 시방서 독해가 가능한 분
- 현장 일정에 맞춘 근무가 가능한 분
- 기본 문서 작성과 보고 역량","- 소방설비기사(전기분야) 보유자
- 소방설비기사(기계분야) 보유자
- 운전면허 보유 및 출장 가능자
- 건설·시설관리 현장 경험
- CAD·BIM·적산 프로그램 활용 경험","- 지원서 또는 제출서류를 허위로 기재한 경우
- 채용검진 결과 직무 수행이 어렵다고 판단되는 경우
- 해외여행 및 근무에 결격사유가 있는 경우
- 관련 법령 또는 내부 인사규정상 채용이 불가능한 경우",서류전형 > 실무면접 > 최종면접
1615,소방설비 실무자 모집,51,162,20260103,20260123,19,경력 3년 이상,정규직,세종특별자치시,학사 이상,"본 포지션은 소방설비 업무를 담당하며, 현장의 요구사항을 정확히 파악해 안정적인 결과를 만드는 역할입니다.

건축·시설 분야의 실무 기준과 절차에 따라 계획 수립부터 실행, 결과 확인까지 전 과정에 참여합니다.

업무 과정에서 발생하는 이슈를 데이터와 기록에 근거해 분석하고, 유관 부서와 협의하여 개선합니다.

입사 후에는 표준 절차와 내부 시스템 교육을 이수하며, 숙련도에 따라 담당 범위가 확대됩니다.

정확성, 안전, 책임 있는 의사소통을 중시하며 실무 중심의 협업 역량을 기대합니다.","- 소방시설 점검과 기능시험
- 소방 관련 법정기록 관리
- 공정·품질·원가·안전 관리
- 협력업체 작업 조율 및 검수
- 인허가·점검 관련 서류 작성
- 하자·민원 원인 파악과 조치
- 점검 결과 및 유지보수 이력 관리
- 발주처·감리·유관 부서 보고","- 도면과 시방서 독해가 가능한 분
- 현장 일정에 맞춘 근무가 가능한 분
- 기본 문서 작성과 보고 역량
- 안전수칙 및 관계 법령을 준수할 수 있는 분
- 건축·토목·전기·안전 등 관련 분야 이해
- 도면과 시방서 독해가 가능한 분","- 소방설비기사(기계분야) 보유자
- 소방시설관리사 보유자
- 공공·대형 프로젝트 수행 경험
- 운전면허 보유 및 출장 가능자
- 건설·시설관리 현장 경험","- 지원서 또는 제출서류를 허위로 기재한 경우
- 채용검진 결과 직무 수행이 어렵다고 판단되는 경우
- 해외여행 및 근무에 결격사유가 있는 경우
- 관련 법령 또는 내부 인사규정상 채용이 불가능한 경우",서류전형 > 인성검사 > 실무면접 > 최종면접
1616,소방설비 전문인력 채용,82,162,20260308,20260404,3,경력 무관,정규직,경기도,학사 이상,"본 포지션은 소방설비 업무를 담당하며, 현장의 요구사항을 정확히 파악해 안정적인 결과를 만드는 역할입니다.

건축·시설 분야의 실무 기준과 절차에 따라 계획 수립부터 실행, 결과 확인까지 전 과정에 참여합니다.

업무 과정에서 발생하는 이슈를 데이터와 기록에 근거해 분석하고, 유관 부서와 협의하여 개선합니다.

입사 후에는 표준 절차와 내부 시스템 교육을 이수하며, 숙련도에 따라 담당 범위가 확대됩니다.

정확성, 안전, 책임 있는 의사소통을 중시하며 실무 중심의 협업 역량을 기대합니다.","- 소방시설 점검과 기능시험
- 소방 관련 법정기록 관리
- 하자·민원 원인 파악과 조치
- 점검 결과 및 유지보수 이력 관리
- 발주처·감리·유관 부서 보고
- 현장·시설 상태 점검 및 작업계획 수립
- 도면·시방서·물량 내역 검토
- 공정·품질·원가·안전 관리","- 안전수칙 및 관계 법령을 준수할 수 있는 분
- 건축·토목·전기·안전 등 관련 분야 이해
- 도면과 시방서 독해가 가능한 분
- 현장 일정에 맞춘 근무가 가능한 분
- 기본 문서 작성과 보고 역량
- 안전수칙 및 관계 법령을 준수할 수 있는 분","- 소방시설관리사 보유자
- 소방설비기사(전기분야) 보유자
- CAD·BIM·적산 프로그램 활용 경험
- 공공·대형 프로젝트 수행 경험
- 운전면허 보유 및 출장 가능자","- 지원서 또는 제출서류를 허위로 기재한 경우
- 채용검진 결과 직무 수행이 어렵다고 판단되는 경우
- 해외여행 및 근무에 결격사유가 있는 경우
- 관련 법령 또는 내부 인사규정상 채용이 불가능한 경우",서류전형 > 직무과제 > 실무면접 > 처우협의
1617,소방설비 운영인력 모집,135,162,20260513,20260616,7,경력 5년 이상,계약직,강원특별자치도,전문학사 이상,"본 포지션은 소방설비 업무를 담당하며, 현장의 요구사항을 정확히 파악해 안정적인 결과를 만드는 역할입니다.

건축·시설 분야의 실무 기준과 절차에 따라 계획 수립부터 실행, 결과 확인까지 전 과정에 참여합니다.

업무 과정에서 발생하는 이슈를 데이터와 기록에 근거해 분석하고, 유관 부서와 협의하여 개선합니다.

입사 후에는 표준 절차와 내부 시스템 교육을 이수하며, 숙련도에 따라 담당 범위가 확대됩니다.

정확성, 안전, 책임 있는 의사소통을 중시하며 실무 중심의 협업 역량을 기대합니다.","- 소방시설 점검과 기능시험
- 소방 관련 법정기록 관리
- 현장·시설 상태 점검 및 작업계획 수립
- 도면·시방서·물량 내역 검토
- 공정·품질·원가·안전 관리
- 협력업체 작업 조율 및 검수
- 인허가·점검 관련 서류 작성
- 하자·민원 원인 파악과 조치","- 현장 일정에 맞춘 근무가 가능한 분
- 기본 문서 작성과 보고 역량
- 안전수칙 및 관계 법령을 준수할 수 있는 분
- 건축·토목·전기·안전 등 관련 분야 이해
- 도면과 시방서 독해가 가능한 분
- 현장 일정에 맞춘 근무가 가능한 분","- 소방설비기사(전기분야) 보유자
- 소방설비기사(기계분야) 보유자
- 건설·시설관리 현장 경험
- CAD·BIM·적산 프로그램 활용 경험
- 공공·대형 프로젝트 수행 경험","- 지원서 또는 제출서류를 허위로 기재한 경우
- 채용검진 결과 직무 수행이 어렵다고 판단되는 경우
- 해외여행 및 근무에 결격사유가 있는 경우
- 관련 법령 또는 내부 인사규정상 채용이 불가능한 경우",서류전형 > 1차면접 > 2차면접 > 채용검진
1618,소방설비 프로젝트 인력 채용,0,162,20260718,20260828,11,신입,무기계약직,충청북도,학사 이상,"본 포지션은 소방설비 업무를 담당하며, 현장의 요구사항을 정확히 파악해 안정적인 결과를 만드는 역할입니다.

건축·시설 분야의 실무 기준과 절차에 따라 계획 수립부터 실행, 결과 확인까지 전 과정에 참여합니다.

업무 과정에서 발생하는 이슈를 데이터와 기록에 근거해 분석하고, 유관 부서와 협의하여 개선합니다.

입사 후에는 표준 절차와 내부 시스템 교육을 이수하며, 숙련도에 따라 담당 범위가 확대됩니다.

정확성, 안전, 책임 있는 의사소통을 중시하며 실무 중심의 협업 역량을 기대합니다.","- 소방시설 점검과 기능시험
- 소방 관련 법정기록 관리
- 협력업체 작업 조율 및 검수
- 인허가·점검 관련 서류 작성
- 하자·민원 원인 파악과 조치
- 점검 결과 및 유지보수 이력 관리
- 발주처·감리·유관 부서 보고
- 현장·시설 상태 점검 및 작업계획 수립","- 건축·토목·전기·안전 등 관련 분야 이해
- 도면과 시방서 독해가 가능한 분
- 현장 일정에 맞춘 근무가 가능한 분
- 기본 문서 작성과 보고 역량
- 안전수칙 및 관계 법령을 준수할 수 있는 분
- 건축·토목·전기·안전 등 관련 분야 이해","- 소방설비기사(기계분야) 보유자
- 소방시설관리사 보유자
- 운전면허 보유 및 출장 가능자
- 건설·시설관리 현장 경험
- CAD·BIM·적산 프로그램 활용 경험","- 지원서 또는 제출서류를 허위로 기재한 경우
- 채용검진 결과 직무 수행이 어렵다고 판단되는 경우
- 해외여행 및 근무에 결격사유가 있는 경우
- 관련 법령 또는 내부 인사규정상 채용이 불가능한 경우",서류전형 > 필기전형 > 면접전형 > 최종합격
1619,소방설비 직무 채용,44,162,20260923,20261005,15,경력,정규직,충청남도,학사 이상,"본 포지션은 소방설비 업무를 담당하며, 현장의 요구사항을 정확히 파악해 안정적인 결과를 만드는 역할입니다.

건축·시설 분야의 실무 기준과 절차에 따라 계획 수립부터 실행, 결과 확인까지 전 과정에 참여합니다.

업무 과정에서 발생하는 이슈를 데이터와 기록에 근거해 분석하고, 유관 부서와 협의하여 개선합니다.

입사 후에는 표준 절차와 내부 시스템 교육을 이수하며, 숙련도에 따라 담당 범위가 확대됩니다.

정확성, 안전, 책임 있는 의사소통을 중시하며 실무 중심의 협업 역량을 기대합니다.","- 소방시설 점검과 기능시험
- 소방 관련 법정기록 관리
- 점검 결과 및 유지보수 이력 관리
- 발주처·감리·유관 부서 보고
- 현장·시설 상태 점검 및 작업계획 수립
- 도면·시방서·물량 내역 검토
- 공정·품질·원가·안전 관리
- 협력업체 작업 조율 및 검수","- 기본 문서 작성과 보고 역량
- 안전수칙 및 관계 법령을 준수할 수 있는 분
- 건축·토목·전기·안전 등 관련 분야 이해
- 도면과 시방서 독해가 가능한 분
- 현장 일정에 맞춘 근무가 가능한 분
- 기본 문서 작성과 보고 역량","- 소방시설관리사 보유자
- 소방설비기사(전기분야) 보유자
- 공공·대형 프로젝트 수행 경험
- 운전면허 보유 및 출장 가능자
- 건설·시설관리 현장 경험","- 지원서 또는 제출서류를 허위로 기재한 경우
- 채용검진 결과 직무 수행이 어렵다고 판단되는 경우
- 해외여행 및 근무에 결격사유가 있는 경우
- 관련 법령 또는 내부 인사규정상 채용이 불가능한 경우",서류전형 > 실무면접 > 최종면접
1620,소방설비 부문 모집,124,162,20260104,20260123,19,신입·경력,정규직,전북특별자치도,전문학사 이상,"본 포지션은 소방설비 업무를 담당하며, 현장의 요구사항을 정확히 파악해 안정적인 결과를 만드는 역할입니다.

건축·시설 분야의 실무 기준과 절차에 따라 계획 수립부터 실행, 결과 확인까지 전 과정에 참여합니다.

업무 과정에서 발생하는 이슈를 데이터와 기록에 근거해 분석하고, 유관 부서와 협의하여 개선합니다.

입사 후에는 표준 절차와 내부 시스템 교육을 이수하며, 숙련도에 따라 담당 범위가 확대됩니다.

정확성, 안전, 책임 있는 의사소통을 중시하며 실무 중심의 협업 역량을 기대합니다.","- 소방시설 점검과 기능시험
- 소방 관련 법정기록 관리
- 도면·시방서·물량 내역 검토
- 공정·품질·원가·안전 관리
- 협력업체 작업 조율 및 검수
- 인허가·점검 관련 서류 작성
- 하자·민원 원인 파악과 조치
- 점검 결과 및 유지보수 이력 관리","- 도면과 시방서 독해가 가능한 분
- 현장 일정에 맞춘 근무가 가능한 분
- 기본 문서 작성과 보고 역량
- 안전수칙 및 관계 법령을 준수할 수 있는 분
- 건축·토목·전기·안전 등 관련 분야 이해
- 도면과 시방서 독해가 가능한 분","- 소방설비기사(전기분야) 보유자
- 소방설비기사(기계분야) 보유자
- CAD·BIM·적산 프로그램 활용 경험
- 공공·대형 프로젝트 수행 경험
- 운전면허 보유 및 출장 가능자","- 지원서 또는 제출서류를 허위로 기재한 경우
- 채용검진 결과 직무 수행이 어렵다고 판단되는 경우
- 해외여행 및 근무에 결격사유가 있는 경우
- 관련 법령 또는 내부 인사규정상 채용이 불가능한 경우",서류전형 > 인성검사 > 실무면접 > 최종면접
1621,현장보조 모집,37,163,20260410,20260509,4,신입,정규직,대전광역시,전문학사 이상,"본 포지션은 현장보조 업무를 담당하며, 현장의 요구사항을 정확히 파악해 안정적인 결과를 만드는 역할입니다.

건축·시설 분야의 실무 기준과 절차에 따라 계획 수립부터 실행, 결과 확인까지 전 과정에 참여합니다.

업무 과정에서 발생하는 이슈를 데이터와 기록에 근거해 분석하고, 유관 부서와 협의하여 개선합니다.

입사 후에는 표준 절차와 내부 시스템 교육을 이수하며, 숙련도에 따라 담당 범위가 확대됩니다.

정확성, 안전, 책임 있는 의사소통을 중시하며 실무 중심의 협업 역량을 기대합니다.","- 현장보조 직무 기준에 따른 실무 수행
- 현장보조 관련 결과물 검토 및 개선
- 하자·민원 원인 파악과 조치
- 점검 결과 및 유지보수 이력 관리
- 발주처·감리·유관 부서 보고
- 현장·시설 상태 점검 및 작업계획 수립
- 도면·시방서·물량 내역 검토
- 공정·품질·원가·안전 관리","- 도면과 시방서 독해가 가능한 분
- 현장 일정에 맞춘 근무가 가능한 분
- 기본 문서 작성과 보고 역량
- 안전수칙 및 관계 법령을 준수할 수 있는 분
- 건축·토목·전기·안전 등 관련 분야 이해
- 도면과 시방서 독해가 가능한 분","- 건축도장기능사 보유자
- 전산응용건축제도기능사 보유자
- CAD·BIM·적산 프로그램 활용 경험
- 공공·대형 프로젝트 수행 경험
- 운전면허 보유 및 출장 가능자","- 지원서 또는 제출서류를 허위로 기재한 경우
- 채용검진 결과 직무 수행이 어렵다고 판단되는 경우
- 해외여행 및 근무에 결격사유가 있는 경우
- 관련 법령 또는 내부 인사규정상 채용이 불가능한 경우",서류전형 > 1차면접 > 2차면접 > 채용검진
1622,현장보조 채용,146,163,20260615,20260721,8,경력,정규직,광주광역시,학력무관,"본 포지션은 현장보조 업무를 담당하며, 현장의 요구사항을 정확히 파악해 안정적인 결과를 만드는 역할입니다.

건축·시설 분야의 실무 기준과 절차에 따라 계획 수립부터 실행, 결과 확인까지 전 과정에 참여합니다.

업무 과정에서 발생하는 이슈를 데이터와 기록에 근거해 분석하고, 유관 부서와 협의하여 개선합니다.

입사 후에는 표준 절차와 내부 시스템 교육을 이수하며, 숙련도에 따라 담당 범위가 확대됩니다.

정확성, 안전, 책임 있는 의사소통을 중시하며 실무 중심의 협업 역량을 기대합니다.","- 현장보조 직무 기준에 따른 실무 수행
- 현장보조 관련 결과물 검토 및 개선
- 현장·시설 상태 점검 및 작업계획 수립
- 도면·시방서·물량 내역 검토
- 공정·품질·원가·안전 관리
- 협력업체 작업 조율 및 검수
- 인허가·점검 관련 서류 작성
- 하자·민원 원인 파악과 조치","- 안전수칙 및 관계 법령을 준수할 수 있는 분
- 건축·토목·전기·안전 등 관련 분야 이해
- 도면과 시방서 독해가 가능한 분
- 현장 일정에 맞춘 근무가 가능한 분
- 기본 문서 작성과 보고 역량
- 안전수칙 및 관계 법령을 준수할 수 있는 분","- 전산응용건축제도기능사 보유자
- 지게차운전기능사 보유자
- 건설·시설관리 현장 경험
- CAD·BIM·적산 프로그램 활용 경험
- 공공·대형 프로젝트 수행 경험","- 지원서 또는 제출서류를 허위로 기재한 경우
- 채용검진 결과 직무 수행이 어렵다고 판단되는 경우
- 해외여행 및 근무에 결격사유가 있는 경우
- 관련 법령 또는 내부 인사규정상 채용이 불가능한 경우",서류전형 > 필기전형 > 면접전형 > 최종합격
1623,현장보조 담당자 모집,77,163,20260820,20261002,12,신입·경력,계약직,울산광역시,전문학사 이상,"본 포지션은 현장보조 업무를 담당하며, 현장의 요구사항을 정확히 파악해 안정적인 결과를 만드는 역할입니다.

건축·시설 분야의 실무 기준과 절차에 따라 계획 수립부터 실행, 결과 확인까지 전 과정에 참여합니다.

업무 과정에서 발생하는 이슈를 데이터와 기록에 근거해 분석하고, 유관 부서와 협의하여 개선합니다.

입사 후에는 표준 절차와 내부 시스템 교육을 이수하며, 숙련도에 따라 담당 범위가 확대됩니다.

정확성, 안전, 책임 있는 의사소통을 중시하며 실무 중심의 협업 역량을 기대합니다.","- 현장보조 직무 기준에 따른 실무 수행
- 현장보조 관련 결과물 검토 및 개선
- 협력업체 작업 조율 및 검수
- 인허가·점검 관련 서류 작성
- 하자·민원 원인 파악과 조치
- 점검 결과 및 유지보수 이력 관리
- 발주처·감리·유관 부서 보고
- 현장·시설 상태 점검 및 작업계획 수립","- 현장 일정에 맞춘 근무가 가능한 분
- 기본 문서 작성과 보고 역량
- 안전수칙 및 관계 법령을 준수할 수 있는 분
- 건축·토목·전기·안전 등 관련 분야 이해
- 도면과 시방서 독해가 가능한 분
- 현장 일정에 맞춘 근무가 가능한 분","- 지게차운전기능사 보유자
- 건축도장기능사 보유자
- 운전면허 보유 및 출장 가능자
- 건설·시설관리 현장 경험
- CAD·BIM·적산 프로그램 활용 경험","- 지원서 또는 제출서류를 허위로 기재한 경우
- 채용검진 결과 직무 수행이 어렵다고 판단되는 경우
- 해외여행 및 근무에 결격사유가 있는 경우
- 관련 법령 또는 내부 인사규정상 채용이 불가능한 경우",서류전형 > 실무면접 > 최종면접
1624,현장보조 인재 채용,129,163,20261001,20261015,16,경력 2년 이상,무기계약직,세종특별자치시,학력무관,"본 포지션은 현장보조 업무를 담당하며, 현장의 요구사항을 정확히 파악해 안정적인 결과를 만드는 역할입니다.

건축·시설 분야의 실무 기준과 절차에 따라 계획 수립부터 실행, 결과 확인까지 전 과정에 참여합니다.

업무 과정에서 발생하는 이슈를 데이터와 기록에 근거해 분석하고, 유관 부서와 협의하여 개선합니다.

입사 후에는 표준 절차와 내부 시스템 교육을 이수하며, 숙련도에 따라 담당 범위가 확대됩니다.

정확성, 안전, 책임 있는 의사소통을 중시하며 실무 중심의 협업 역량을 기대합니다.","- 현장보조 직무 기준에 따른 실무 수행
- 현장보조 관련 결과물 검토 및 개선
- 점검 결과 및 유지보수 이력 관리
- 발주처·감리·유관 부서 보고
- 현장·시설 상태 점검 및 작업계획 수립
- 도면·시방서·물량 내역 검토
- 공정·품질·원가·안전 관리
- 협력업체 작업 조율 및 검수","- 건축·토목·전기·안전 등 관련 분야 이해
- 도면과 시방서 독해가 가능한 분
- 현장 일정에 맞춘 근무가 가능한 분
- 기본 문서 작성과 보고 역량
- 안전수칙 및 관계 법령을 준수할 수 있는 분
- 건축·토목·전기·안전 등 관련 분야 이해","- 건축도장기능사 보유자
- 전산응용건축제도기능사 보유자
- 공공·대형 프로젝트 수행 경험
- 운전면허 보유 및 출장 가능자
- 건설·시설관리 현장 경험","- 지원서 또는 제출서류를 허위로 기재한 경우
- 채용검진 결과 직무 수행이 어렵다고 판단되는 경우
- 해외여행 및 근무에 결격사유가 있는 경우
- 관련 법령 또는 내부 인사규정상 채용이 불가능한 경우",서류전형 > 인성검사 > 실무면접 > 최종면접
1625,현장보조 실무자 모집,58,163,20260206,20260227,20,경력 3년 이상,정규직,경기도,전문학사 이상,"본 포지션은 현장보조 업무를 담당하며, 현장의 요구사항을 정확히 파악해 안정적인 결과를 만드는 역할입니다.

건축·시설 분야의 실무 기준과 절차에 따라 계획 수립부터 실행, 결과 확인까지 전 과정에 참여합니다.

업무 과정에서 발생하는 이슈를 데이터와 기록에 근거해 분석하고, 유관 부서와 협의하여 개선합니다.

입사 후에는 표준 절차와 내부 시스템 교육을 이수하며, 숙련도에 따라 담당 범위가 확대됩니다.

정확성, 안전, 책임 있는 의사소통을 중시하며 실무 중심의 협업 역량을 기대합니다.","- 현장보조 직무 기준에 따른 실무 수행
- 현장보조 관련 결과물 검토 및 개선
- 도면·시방서·물량 내역 검토
- 공정·품질·원가·안전 관리
- 협력업체 작업 조율 및 검수
- 인허가·점검 관련 서류 작성
- 하자·민원 원인 파악과 조치
- 점검 결과 및 유지보수 이력 관리","- 기본 문서 작성과 보고 역량
- 안전수칙 및 관계 법령을 준수할 수 있는 분
- 건축·토목·전기·안전 등 관련 분야 이해
- 도면과 시방서 독해가 가능한 분
- 현장 일정에 맞춘 근무가 가능한 분
- 기본 문서 작성과 보고 역량","- 전산응용건축제도기능사 보유자
- 지게차운전기능사 보유자
- CAD·BIM·적산 프로그램 활용 경험
- 공공·대형 프로젝트 수행 경험
- 운전면허 보유 및 출장 가능자","- 지원서 또는 제출서류를 허위로 기재한 경우
- 채용검진 결과 직무 수행이 어렵다고 판단되는 경우
- 해외여행 및 근무에 결격사유가 있는 경우
- 관련 법령 또는 내부 인사규정상 채용이 불가능한 경우",서류전형 > 직무과제 > 실무면접 > 처우협의
1626,현장보조 전문인력 채용,19,163,20260411,20260509,4,경력 무관,정규직,강원특별자치도,학력무관,"본 포지션은 현장보조 업무를 담당하며, 현장의 요구사항을 정확히 파악해 안정적인 결과를 만드는 역할입니다.

건축·시설 분야의 실무 기준과 절차에 따라 계획 수립부터 실행, 결과 확인까지 전 과정에 참여합니다.

업무 과정에서 발생하는 이슈를 데이터와 기록에 근거해 분석하고, 유관 부서와 협의하여 개선합니다.

입사 후에는 표준 절차와 내부 시스템 교육을 이수하며, 숙련도에 따라 담당 범위가 확대됩니다.

정확성, 안전, 책임 있는 의사소통을 중시하며 실무 중심의 협업 역량을 기대합니다.","- 현장보조 직무 기준에 따른 실무 수행
- 현장보조 관련 결과물 검토 및 개선
- 인허가·점검 관련 서류 작성
- 하자·민원 원인 파악과 조치
- 점검 결과 및 유지보수 이력 관리
- 발주처·감리·유관 부서 보고
- 현장·시설 상태 점검 및 작업계획 수립
- 도면·시방서·물량 내역 검토","- 도면과 시방서 독해가 가능한 분
- 현장 일정에 맞춘 근무가 가능한 분
- 기본 문서 작성과 보고 역량
- 안전수칙 및 관계 법령을 준수할 수 있는 분
- 건축·토목·전기·안전 등 관련 분야 이해
- 도면과 시방서 독해가 가능한 분","- 지게차운전기능사 보유자
- 건축도장기능사 보유자
- 건설·시설관리 현장 경험
- CAD·BIM·적산 프로그램 활용 경험
- 공공·대형 프로젝트 수행 경험","- 지원서 또는 제출서류를 허위로 기재한 경우
- 채용검진 결과 직무 수행이 어렵다고 판단되는 경우
- 해외여행 및 근무에 결격사유가 있는 경우
- 관련 법령 또는 내부 인사규정상 채용이 불가능한 경우",서류전형 > 1차면접 > 2차면접 > 채용검진
1627,현장보조 운영인력 모집,98,163,20260616,20260721,8,경력 5년 이상,계약직,충청북도,전문학사 이상,"본 포지션은 현장보조 업무를 담당하며, 현장의 요구사항을 정확히 파악해 안정적인 결과를 만드는 역할입니다.

건축·시설 분야의 실무 기준과 절차에 따라 계획 수립부터 실행, 결과 확인까지 전 과정에 참여합니다.

업무 과정에서 발생하는 이슈를 데이터와 기록에 근거해 분석하고, 유관 부서와 협의하여 개선합니다.

입사 후에는 표준 절차와 내부 시스템 교육을 이수하며, 숙련도에 따라 담당 범위가 확대됩니다.

정확성, 안전, 책임 있는 의사소통을 중시하며 실무 중심의 협업 역량을 기대합니다.","- 현장보조 직무 기준에 따른 실무 수행
- 현장보조 관련 결과물 검토 및 개선
- 발주처·감리·유관 부서 보고
- 현장·시설 상태 점검 및 작업계획 수립
- 도면·시방서·물량 내역 검토
- 공정·품질·원가·안전 관리
- 협력업체 작업 조율 및 검수
- 인허가·점검 관련 서류 작성","- 안전수칙 및 관계 법령을 준수할 수 있는 분
- 건축·토목·전기·안전 등 관련 분야 이해
- 도면과 시방서 독해가 가능한 분
- 현장 일정에 맞춘 근무가 가능한 분
- 기본 문서 작성과 보고 역량
- 안전수칙 및 관계 법령을 준수할 수 있는 분","- 건축도장기능사 보유자
- 전산응용건축제도기능사 보유자
- 운전면허 보유 및 출장 가능자
- 건설·시설관리 현장 경험
- CAD·BIM·적산 프로그램 활용 경험","- 지원서 또는 제출서류를 허위로 기재한 경우
- 채용검진 결과 직무 수행이 어렵다고 판단되는 경우
- 해외여행 및 근무에 결격사유가 있는 경우
- 관련 법령 또는 내부 인사규정상 채용이 불가능한 경우",서류전형 > 필기전형 > 면접전형 > 최종합격
1628,현장보조 프로젝트 인력 채용,25,163,20260821,20261002,12,신입,무기계약직,충청남도,학력무관,"본 포지션은 현장보조 업무를 담당하며, 현장의 요구사항을 정확히 파악해 안정적인 결과를 만드는 역할입니다.

건축·시설 분야의 실무 기준과 절차에 따라 계획 수립부터 실행, 결과 확인까지 전 과정에 참여합니다.

업무 과정에서 발생하는 이슈를 데이터와 기록에 근거해 분석하고, 유관 부서와 협의하여 개선합니다.

입사 후에는 표준 절차와 내부 시스템 교육을 이수하며, 숙련도에 따라 담당 범위가 확대됩니다.

정확성, 안전, 책임 있는 의사소통을 중시하며 실무 중심의 협업 역량을 기대합니다.","- 현장보조 직무 기준에 따른 실무 수행
- 현장보조 관련 결과물 검토 및 개선
- 공정·품질·원가·안전 관리
- 협력업체 작업 조율 및 검수
- 인허가·점검 관련 서류 작성
- 하자·민원 원인 파악과 조치
- 점검 결과 및 유지보수 이력 관리
- 발주처·감리·유관 부서 보고","- 현장 일정에 맞춘 근무가 가능한 분
- 기본 문서 작성과 보고 역량
- 안전수칙 및 관계 법령을 준수할 수 있는 분
- 건축·토목·전기·안전 등 관련 분야 이해
- 도면과 시방서 독해가 가능한 분
- 현장 일정에 맞춘 근무가 가능한 분","- 전산응용건축제도기능사 보유자
- 지게차운전기능사 보유자
- 공공·대형 프로젝트 수행 경험
- 운전면허 보유 및 출장 가능자
- 건설·시설관리 현장 경험","- 지원서 또는 제출서류를 허위로 기재한 경우
- 채용검진 결과 직무 수행이 어렵다고 판단되는 경우
- 해외여행 및 근무에 결격사유가 있는 경우
- 관련 법령 또는 내부 인사규정상 채용이 불가능한 경우",서류전형 > 실무면접 > 최종면접
1629,현장보조 직무 채용,87,163,20261002,20261015,16,경력,정규직,전북특별자치도,전문학사 이상,"본 포지션은 현장보조 업무를 담당하며, 현장의 요구사항을 정확히 파악해 안정적인 결과를 만드는 역할입니다.

건축·시설 분야의 실무 기준과 절차에 따라 계획 수립부터 실행, 결과 확인까지 전 과정에 참여합니다.

업무 과정에서 발생하는 이슈를 데이터와 기록에 근거해 분석하고, 유관 부서와 협의하여 개선합니다.

입사 후에는 표준 절차와 내부 시스템 교육을 이수하며, 숙련도에 따라 담당 범위가 확대됩니다.

정확성, 안전, 책임 있는 의사소통을 중시하며 실무 중심의 협업 역량을 기대합니다.","- 현장보조 직무 기준에 따른 실무 수행
- 현장보조 관련 결과물 검토 및 개선
- 하자·민원 원인 파악과 조치
- 점검 결과 및 유지보수 이력 관리
- 발주처·감리·유관 부서 보고
- 현장·시설 상태 점검 및 작업계획 수립
- 도면·시방서·물량 내역 검토
- 공정·품질·원가·안전 관리","- 건축·토목·전기·안전 등 관련 분야 이해
- 도면과 시방서 독해가 가능한 분
- 현장 일정에 맞춘 근무가 가능한 분
- 기본 문서 작성과 보고 역량
- 안전수칙 및 관계 법령을 준수할 수 있는 분
- 건축·토목·전기·안전 등 관련 분야 이해","- 지게차운전기능사 보유자
- 건축도장기능사 보유자
- CAD·BIM·적산 프로그램 활용 경험
- 공공·대형 프로젝트 수행 경험
- 운전면허 보유 및 출장 가능자","- 지원서 또는 제출서류를 허위로 기재한 경우
- 채용검진 결과 직무 수행이 어렵다고 판단되는 경우
- 해외여행 및 근무에 결격사유가 있는 경우
- 관련 법령 또는 내부 인사규정상 채용이 불가능한 경우",서류전형 > 인성검사 > 실무면접 > 최종면접
1630,현장보조 부문 모집,142,163,20260207,20260227,20,신입·경력,정규직,전라남도,학력무관,"본 포지션은 현장보조 업무를 담당하며, 현장의 요구사항을 정확히 파악해 안정적인 결과를 만드는 역할입니다.

건축·시설 분야의 실무 기준과 절차에 따라 계획 수립부터 실행, 결과 확인까지 전 과정에 참여합니다.

업무 과정에서 발생하는 이슈를 데이터와 기록에 근거해 분석하고, 유관 부서와 협의하여 개선합니다.

입사 후에는 표준 절차와 내부 시스템 교육을 이수하며, 숙련도에 따라 담당 범위가 확대됩니다.

정확성, 안전, 책임 있는 의사소통을 중시하며 실무 중심의 협업 역량을 기대합니다.","- 현장보조 직무 기준에 따른 실무 수행
- 현장보조 관련 결과물 검토 및 개선
- 현장·시설 상태 점검 및 작업계획 수립
- 도면·시방서·물량 내역 검토
- 공정·품질·원가·안전 관리
- 협력업체 작업 조율 및 검수
- 인허가·점검 관련 서류 작성
- 하자·민원 원인 파악과 조치","- 기본 문서 작성과 보고 역량
- 안전수칙 및 관계 법령을 준수할 수 있는 분
- 건축·토목·전기·안전 등 관련 분야 이해
- 도면과 시방서 독해가 가능한 분
- 현장 일정에 맞춘 근무가 가능한 분
- 기본 문서 작성과 보고 역량","- 건축도장기능사 보유자
- 전산응용건축제도기능사 보유자
- 건설·시설관리 현장 경험
- CAD·BIM·적산 프로그램 활용 경험
- 공공·대형 프로젝트 수행 경험","- 지원서 또는 제출서류를 허위로 기재한 경우
- 채용검진 결과 직무 수행이 어렵다고 판단되는 경우
- 해외여행 및 근무에 결격사유가 있는 경우
- 관련 법령 또는 내부 인사규정상 채용이 불가능한 경우",서류전형 > 직무과제 > 실무면접 > 처우협의
1631,감리원 모집,29,164,20260513,20260612,5,신입,정규직,광주광역시,전문학사 이상,"본 포지션은 감리원 업무를 담당하며, 현장의 요구사항을 정확히 파악해 안정적인 결과를 만드는 역할입니다.

건축·시설 분야의 실무 기준과 절차에 따라 계획 수립부터 실행, 결과 확인까지 전 과정에 참여합니다.

업무 과정에서 발생하는 이슈를 데이터와 기록에 근거해 분석하고, 유관 부서와 협의하여 개선합니다.

입사 후에는 표준 절차와 내부 시스템 교육을 이수하며, 숙련도에 따라 담당 범위가 확대됩니다.

정확성, 안전, 책임 있는 의사소통을 중시하며 실무 중심의 협업 역량을 기대합니다.","- 감리원 직무 기준에 따른 실무 수행
- 감리원 관련 결과물 검토 및 개선
- 인허가·점검 관련 서류 작성
- 하자·민원 원인 파악과 조치
- 점검 결과 및 유지보수 이력 관리
- 발주처·감리·유관 부서 보고
- 현장·시설 상태 점검 및 작업계획 수립
- 도면·시방서·물량 내역 검토","- 기본 문서 작성과 보고 역량
- 안전수칙 및 관계 법령을 준수할 수 있는 분
- 건축·토목·전기·안전 등 관련 분야 이해
- 도면과 시방서 독해가 가능한 분
- 현장 일정에 맞춘 근무가 가능한 분
- 기본 문서 작성과 보고 역량","- 건축기사 보유자
- 토목기사 보유자
- 건설·시설관리 현장 경험
- CAD·BIM·적산 프로그램 활용 경험
- 공공·대형 프로젝트 수행 경험","- 지원서 또는 제출서류를 허위로 기재한 경우
- 채용검진 결과 직무 수행이 어렵다고 판단되는 경우
- 해외여행 및 근무에 결격사유가 있는 경우
- 관련 법령 또는 내부 인사규정상 채용이 불가능한 경우",서류전형 > 필기전형 > 면접전형 > 최종합격
1632,감리원 채용,111,164,20260718,20260824,9,경력,정규직,울산광역시,학사 이상,"본 포지션은 감리원 업무를 담당하며, 현장의 요구사항을 정확히 파악해 안정적인 결과를 만드는 역할입니다.

건축·시설 분야의 실무 기준과 절차에 따라 계획 수립부터 실행, 결과 확인까지 전 과정에 참여합니다.

업무 과정에서 발생하는 이슈를 데이터와 기록에 근거해 분석하고, 유관 부서와 협의하여 개선합니다.

입사 후에는 표준 절차와 내부 시스템 교육을 이수하며, 숙련도에 따라 담당 범위가 확대됩니다.

정확성, 안전, 책임 있는 의사소통을 중시하며 실무 중심의 협업 역량을 기대합니다.","- 감리원 직무 기준에 따른 실무 수행
- 감리원 관련 결과물 검토 및 개선
- 발주처·감리·유관 부서 보고
- 현장·시설 상태 점검 및 작업계획 수립
- 도면·시방서·물량 내역 검토
- 공정·품질·원가·안전 관리
- 협력업체 작업 조율 및 검수
- 인허가·점검 관련 서류 작성","- 도면과 시방서 독해가 가능한 분
- 현장 일정에 맞춘 근무가 가능한 분
- 기본 문서 작성과 보고 역량
- 안전수칙 및 관계 법령을 준수할 수 있는 분
- 건축·토목·전기·안전 등 관련 분야 이해
- 도면과 시방서 독해가 가능한 분","- 토목기사 보유자
- 전기기사 보유자
- 운전면허 보유 및 출장 가능자
- 건설·시설관리 현장 경험
- CAD·BIM·적산 프로그램 활용 경험","- 지원서 또는 제출서류를 허위로 기재한 경우
- 채용검진 결과 직무 수행이 어렵다고 판단되는 경우
- 해외여행 및 근무에 결격사유가 있는 경우
- 관련 법령 또는 내부 인사규정상 채용이 불가능한 경우",서류전형 > 실무면접 > 최종면접
1633,감리원 담당자 모집,111,164,20260923,20261106,13,신입·경력,계약직,세종특별자치시,학사 이상,"본 포지션은 감리원 업무를 담당하며, 현장의 요구사항을 정확히 파악해 안정적인 결과를 만드는 역할입니다.

건축·시설 분야의 실무 기준과 절차에 따라 계획 수립부터 실행, 결과 확인까지 전 과정에 참여합니다.

업무 과정에서 발생하는 이슈를 데이터와 기록에 근거해 분석하고, 유관 부서와 협의하여 개선합니다.

입사 후에는 표준 절차와 내부 시스템 교육을 이수하며, 숙련도에 따라 담당 범위가 확대됩니다.

정확성, 안전, 책임 있는 의사소통을 중시하며 실무 중심의 협업 역량을 기대합니다.","- 감리원 직무 기준에 따른 실무 수행
- 감리원 관련 결과물 검토 및 개선
- 공정·품질·원가·안전 관리
- 협력업체 작업 조율 및 검수
- 인허가·점검 관련 서류 작성
- 하자·민원 원인 파악과 조치
- 점검 결과 및 유지보수 이력 관리
- 발주처·감리·유관 부서 보고","- 안전수칙 및 관계 법령을 준수할 수 있는 분
- 건축·토목·전기·안전 등 관련 분야 이해
- 도면과 시방서 독해가 가능한 분
- 현장 일정에 맞춘 근무가 가능한 분
- 기본 문서 작성과 보고 역량
- 안전수칙 및 관계 법령을 준수할 수 있는 분","- 전기기사 보유자
- 건축기사 보유자
- 공공·대형 프로젝트 수행 경험
- 운전면허 보유 및 출장 가능자
- 건설·시설관리 현장 경험","- 지원서 또는 제출서류를 허위로 기재한 경우
- 채용검진 결과 직무 수행이 어렵다고 판단되는 경우
- 해외여행 및 근무에 결격사유가 있는 경우
- 관련 법령 또는 내부 인사규정상 채용이 불가능한 경우",서류전형 > 인성검사 > 실무면접 > 최종면접
1634,감리원 인재 채용,78,164,20260104,20260119,17,경력 2년 이상,무기계약직,경기도,전문학사 이상,"본 포지션은 감리원 업무를 담당하며, 현장의 요구사항을 정확히 파악해 안정적인 결과를 만드는 역할입니다.

건축·시설 분야의 실무 기준과 절차에 따라 계획 수립부터 실행, 결과 확인까지 전 과정에 참여합니다.

업무 과정에서 발생하는 이슈를 데이터와 기록에 근거해 분석하고, 유관 부서와 협의하여 개선합니다.

입사 후에는 표준 절차와 내부 시스템 교육을 이수하며, 숙련도에 따라 담당 범위가 확대됩니다.

정확성, 안전, 책임 있는 의사소통을 중시하며 실무 중심의 협업 역량을 기대합니다.","- 감리원 직무 기준에 따른 실무 수행
- 감리원 관련 결과물 검토 및 개선
- 하자·민원 원인 파악과 조치
- 점검 결과 및 유지보수 이력 관리
- 발주처·감리·유관 부서 보고
- 현장·시설 상태 점검 및 작업계획 수립
- 도면·시방서·물량 내역 검토
- 공정·품질·원가·안전 관리","- 현장 일정에 맞춘 근무가 가능한 분
- 기본 문서 작성과 보고 역량
- 안전수칙 및 관계 법령을 준수할 수 있는 분
- 건축·토목·전기·안전 등 관련 분야 이해
- 도면과 시방서 독해가 가능한 분
- 현장 일정에 맞춘 근무가 가능한 분","- 건축기사 보유자
- 토목기사 보유자
- CAD·BIM·적산 프로그램 활용 경험
- 공공·대형 프로젝트 수행 경험
- 운전면허 보유 및 출장 가능자","- 지원서 또는 제출서류를 허위로 기재한 경우
- 채용검진 결과 직무 수행이 어렵다고 판단되는 경우
- 해외여행 및 근무에 결격사유가 있는 경우
- 관련 법령 또는 내부 인사규정상 채용이 불가능한 경우",서류전형 > 직무과제 > 실무면접 > 처우협의
1635,감리원 실무자 모집,54,164,20260309,20260331,1,경력 3년 이상,정규직,강원특별자치도,학사 이상,"본 포지션은 감리원 업무를 담당하며, 현장의 요구사항을 정확히 파악해 안정적인 결과를 만드는 역할입니다.

건축·시설 분야의 실무 기준과 절차에 따라 계획 수립부터 실행, 결과 확인까지 전 과정에 참여합니다.

업무 과정에서 발생하는 이슈를 데이터와 기록에 근거해 분석하고, 유관 부서와 협의하여 개선합니다.

입사 후에는 표준 절차와 내부 시스템 교육을 이수하며, 숙련도에 따라 담당 범위가 확대됩니다.

정확성, 안전, 책임 있는 의사소통을 중시하며 실무 중심의 협업 역량을 기대합니다.","- 감리원 직무 기준에 따른 실무 수행
- 감리원 관련 결과물 검토 및 개선
- 현장·시설 상태 점검 및 작업계획 수립
- 도면·시방서·물량 내역 검토
- 공정·품질·원가·안전 관리
- 협력업체 작업 조율 및 검수
- 인허가·점검 관련 서류 작성
- 하자·민원 원인 파악과 조치","- 건축·토목·전기·안전 등 관련 분야 이해
- 도면과 시방서 독해가 가능한 분
- 현장 일정에 맞춘 근무가 가능한 분
- 기본 문서 작성과 보고 역량
- 안전수칙 및 관계 법령을 준수할 수 있는 분
- 건축·토목·전기·안전 등 관련 분야 이해","- 토목기사 보유자
- 전기기사 보유자
- 건설·시설관리 현장 경험
- CAD·BIM·적산 프로그램 활용 경험
- 공공·대형 프로젝트 수행 경험","- 지원서 또는 제출서류를 허위로 기재한 경우
- 채용검진 결과 직무 수행이 어렵다고 판단되는 경우
- 해외여행 및 근무에 결격사유가 있는 경우
- 관련 법령 또는 내부 인사규정상 채용이 불가능한 경우",서류전형 > 1차면접 > 2차면접 > 채용검진
1636,감리원 전문인력 채용,88,164,20260514,20260612,5,경력 무관,정규직,충청북도,학사 이상,"본 포지션은 감리원 업무를 담당하며, 현장의 요구사항을 정확히 파악해 안정적인 결과를 만드는 역할입니다.

건축·시설 분야의 실무 기준과 절차에 따라 계획 수립부터 실행, 결과 확인까지 전 과정에 참여합니다.

업무 과정에서 발생하는 이슈를 데이터와 기록에 근거해 분석하고, 유관 부서와 협의하여 개선합니다.

입사 후에는 표준 절차와 내부 시스템 교육을 이수하며, 숙련도에 따라 담당 범위가 확대됩니다.

정확성, 안전, 책임 있는 의사소통을 중시하며 실무 중심의 협업 역량을 기대합니다.","- 감리원 직무 기준에 따른 실무 수행
- 감리원 관련 결과물 검토 및 개선
- 협력업체 작업 조율 및 검수
- 인허가·점검 관련 서류 작성
- 하자·민원 원인 파악과 조치
- 점검 결과 및 유지보수 이력 관리
- 발주처·감리·유관 부서 보고
- 현장·시설 상태 점검 및 작업계획 수립","- 기본 문서 작성과 보고 역량
- 안전수칙 및 관계 법령을 준수할 수 있는 분
- 건축·토목·전기·안전 등 관련 분야 이해
- 도면과 시방서 독해가 가능한 분
- 현장 일정에 맞춘 근무가 가능한 분
- 기본 문서 작성과 보고 역량","- 전기기사 보유자
- 건축기사 보유자
- 운전면허 보유 및 출장 가능자
- 건설·시설관리 현장 경험
- CAD·BIM·적산 프로그램 활용 경험","- 지원서 또는 제출서류를 허위로 기재한 경우
- 채용검진 결과 직무 수행이 어렵다고 판단되는 경우
- 해외여행 및 근무에 결격사유가 있는 경우
- 관련 법령 또는 내부 인사규정상 채용이 불가능한 경우",서류전형 > 필기전형 > 면접전형 > 최종합격
1637,감리원 운영인력 모집,137,164,20260719,20260824,9,경력 5년 이상,계약직,충청남도,전문학사 이상,"본 포지션은 감리원 업무를 담당하며, 현장의 요구사항을 정확히 파악해 안정적인 결과를 만드는 역할입니다.

건축·시설 분야의 실무 기준과 절차에 따라 계획 수립부터 실행, 결과 확인까지 전 과정에 참여합니다.

업무 과정에서 발생하는 이슈를 데이터와 기록에 근거해 분석하고, 유관 부서와 협의하여 개선합니다.

입사 후에는 표준 절차와 내부 시스템 교육을 이수하며, 숙련도에 따라 담당 범위가 확대됩니다.

정확성, 안전, 책임 있는 의사소통을 중시하며 실무 중심의 협업 역량을 기대합니다.","- 감리원 직무 기준에 따른 실무 수행
- 감리원 관련 결과물 검토 및 개선
- 점검 결과 및 유지보수 이력 관리
- 발주처·감리·유관 부서 보고
- 현장·시설 상태 점검 및 작업계획 수립
- 도면·시방서·물량 내역 검토
- 공정·품질·원가·안전 관리
- 협력업체 작업 조율 및 검수","- 도면과 시방서 독해가 가능한 분
- 현장 일정에 맞춘 근무가 가능한 분
- 기본 문서 작성과 보고 역량
- 안전수칙 및 관계 법령을 준수할 수 있는 분
- 건축·토목·전기·안전 등 관련 분야 이해
- 도면과 시방서 독해가 가능한 분","- 건축기사 보유자
- 토목기사 보유자
- 공공·대형 프로젝트 수행 경험
- 운전면허 보유 및 출장 가능자
- 건설·시설관리 현장 경험","- 지원서 또는 제출서류를 허위로 기재한 경우
- 채용검진 결과 직무 수행이 어렵다고 판단되는 경우
- 해외여행 및 근무에 결격사유가 있는 경우
- 관련 법령 또는 내부 인사규정상 채용이 불가능한 경우",서류전형 > 실무면접 > 최종면접
1638,감리원 프로젝트 인력 채용,111,164,20260924,20261106,13,신입,무기계약직,전북특별자치도,학사 이상,"본 포지션은 감리원 업무를 담당하며, 현장의 요구사항을 정확히 파악해 안정적인 결과를 만드는 역할입니다.

건축·시설 분야의 실무 기준과 절차에 따라 계획 수립부터 실행, 결과 확인까지 전 과정에 참여합니다.

업무 과정에서 발생하는 이슈를 데이터와 기록에 근거해 분석하고, 유관 부서와 협의하여 개선합니다.

입사 후에는 표준 절차와 내부 시스템 교육을 이수하며, 숙련도에 따라 담당 범위가 확대됩니다.

정확성, 안전, 책임 있는 의사소통을 중시하며 실무 중심의 협업 역량을 기대합니다.","- 감리원 직무 기준에 따른 실무 수행
- 감리원 관련 결과물 검토 및 개선
- 도면·시방서·물량 내역 검토
- 공정·품질·원가·안전 관리
- 협력업체 작업 조율 및 검수
- 인허가·점검 관련 서류 작성
- 하자·민원 원인 파악과 조치
- 점검 결과 및 유지보수 이력 관리","- 안전수칙 및 관계 법령을 준수할 수 있는 분
- 건축·토목·전기·안전 등 관련 분야 이해
- 도면과 시방서 독해가 가능한 분
- 현장 일정에 맞춘 근무가 가능한 분
- 기본 문서 작성과 보고 역량
- 안전수칙 및 관계 법령을 준수할 수 있는 분","- 토목기사 보유자
- 전기기사 보유자
- CAD·BIM·적산 프로그램 활용 경험
- 공공·대형 프로젝트 수행 경험
- 운전면허 보유 및 출장 가능자","- 지원서 또는 제출서류를 허위로 기재한 경우
- 채용검진 결과 직무 수행이 어렵다고 판단되는 경우
- 해외여행 및 근무에 결격사유가 있는 경우
- 관련 법령 또는 내부 인사규정상 채용이 불가능한 경우",서류전형 > 인성검사 > 실무면접 > 최종면접
1639,감리원 직무 채용,154,164,20260105,20260119,17,경력,정규직,전라남도,학사 이상,"본 포지션은 감리원 업무를 담당하며, 현장의 요구사항을 정확히 파악해 안정적인 결과를 만드는 역할입니다.

건축·시설 분야의 실무 기준과 절차에 따라 계획 수립부터 실행, 결과 확인까지 전 과정에 참여합니다.

업무 과정에서 발생하는 이슈를 데이터와 기록에 근거해 분석하고, 유관 부서와 협의하여 개선합니다.

입사 후에는 표준 절차와 내부 시스템 교육을 이수하며, 숙련도에 따라 담당 범위가 확대됩니다.

정확성, 안전, 책임 있는 의사소통을 중시하며 실무 중심의 협업 역량을 기대합니다.","- 감리원 직무 기준에 따른 실무 수행
- 감리원 관련 결과물 검토 및 개선
- 인허가·점검 관련 서류 작성
- 하자·민원 원인 파악과 조치
- 점검 결과 및 유지보수 이력 관리
- 발주처·감리·유관 부서 보고
- 현장·시설 상태 점검 및 작업계획 수립
- 도면·시방서·물량 내역 검토","- 현장 일정에 맞춘 근무가 가능한 분
- 기본 문서 작성과 보고 역량
- 안전수칙 및 관계 법령을 준수할 수 있는 분
- 건축·토목·전기·안전 등 관련 분야 이해
- 도면과 시방서 독해가 가능한 분
- 현장 일정에 맞춘 근무가 가능한 분","- 전기기사 보유자
- 건축기사 보유자
- 건설·시설관리 현장 경험
- CAD·BIM·적산 프로그램 활용 경험
- 공공·대형 프로젝트 수행 경험","- 지원서 또는 제출서류를 허위로 기재한 경우
- 채용검진 결과 직무 수행이 어렵다고 판단되는 경우
- 해외여행 및 근무에 결격사유가 있는 경우
- 관련 법령 또는 내부 인사규정상 채용이 불가능한 경우",서류전형 > 직무과제 > 실무면접 > 처우협의
1640,감리원 부문 모집,118,164,20260310,20260331,1,신입·경력,정규직,경상북도,전문학사 이상,"본 포지션은 감리원 업무를 담당하며, 현장의 요구사항을 정확히 파악해 안정적인 결과를 만드는 역할입니다.

건축·시설 분야의 실무 기준과 절차에 따라 계획 수립부터 실행, 결과 확인까지 전 과정에 참여합니다.

업무 과정에서 발생하는 이슈를 데이터와 기록에 근거해 분석하고, 유관 부서와 협의하여 개선합니다.

입사 후에는 표준 절차와 내부 시스템 교육을 이수하며, 숙련도에 따라 담당 범위가 확대됩니다.

정확성, 안전, 책임 있는 의사소통을 중시하며 실무 중심의 협업 역량을 기대합니다.","- 감리원 직무 기준에 따른 실무 수행
- 감리원 관련 결과물 검토 및 개선
- 발주처·감리·유관 부서 보고
- 현장·시설 상태 점검 및 작업계획 수립
- 도면·시방서·물량 내역 검토
- 공정·품질·원가·안전 관리
- 협력업체 작업 조율 및 검수
- 인허가·점검 관련 서류 작성","- 건축·토목·전기·안전 등 관련 분야 이해
- 도면과 시방서 독해가 가능한 분
- 현장 일정에 맞춘 근무가 가능한 분
- 기본 문서 작성과 보고 역량
- 안전수칙 및 관계 법령을 준수할 수 있는 분
- 건축·토목·전기·안전 등 관련 분야 이해","- 건축기사 보유자
- 토목기사 보유자
- 운전면허 보유 및 출장 가능자
- 건설·시설관리 현장 경험
- CAD·BIM·적산 프로그램 활용 경험","- 지원서 또는 제출서류를 허위로 기재한 경우
- 채용검진 결과 직무 수행이 어렵다고 판단되는 경우
- 해외여행 및 근무에 결격사유가 있는 경우
- 관련 법령 또는 내부 인사규정상 채용이 불가능한 경우",서류전형 > 1차면접 > 2차면접 > 채용검진
1641,도시·조경설계 모집,95,165,20260616,20260717,6,신입,정규직,울산광역시,전문학사 이상,"본 포지션은 도시·조경설계 업무를 담당하며, 현장의 요구사항을 정확히 파악해 안정적인 결과를 만드는 역할입니다.

건축·시설 분야의 실무 기준과 절차에 따라 계획 수립부터 실행, 결과 확인까지 전 과정에 참여합니다.

업무 과정에서 발생하는 이슈를 데이터와 기록에 근거해 분석하고, 유관 부서와 협의하여 개선합니다.

입사 후에는 표준 절차와 내부 시스템 교육을 이수하며, 숙련도에 따라 담당 범위가 확대됩니다.

정확성, 안전, 책임 있는 의사소통을 중시하며 실무 중심의 협업 역량을 기대합니다.","- 도시·조경설계 직무 기준에 따른 실무 수행
- 도시·조경설계 관련 결과물 검토 및 개선
- 협력업체 작업 조율 및 검수
- 인허가·점검 관련 서류 작성
- 하자·민원 원인 파악과 조치
- 점검 결과 및 유지보수 이력 관리
- 발주처·감리·유관 부서 보고
- 현장·시설 상태 점검 및 작업계획 수립","- 건축·토목·전기·안전 등 관련 분야 이해
- 도면과 시방서 독해가 가능한 분
- 현장 일정에 맞춘 근무가 가능한 분
- 기본 문서 작성과 보고 역량
- 안전수칙 및 관계 법령을 준수할 수 있는 분
- 건축·토목·전기·안전 등 관련 분야 이해","- 조경기사 보유자
- 도시계획기사 보유자
- 운전면허 보유 및 출장 가능자
- 건설·시설관리 현장 경험
- CAD·BIM·적산 프로그램 활용 경험","- 지원서 또는 제출서류를 허위로 기재한 경우
- 채용검진 결과 직무 수행이 어렵다고 판단되는 경우
- 해외여행 및 근무에 결격사유가 있는 경우
- 관련 법령 또는 내부 인사규정상 채용이 불가능한 경우",서류전형 > 실무면접 > 최종면접
1642,도시·조경설계 채용,21,165,20260821,20260928,10,경력,정규직,세종특별자치시,학사 이상,"본 포지션은 도시·조경설계 업무를 담당하며, 현장의 요구사항을 정확히 파악해 안정적인 결과를 만드는 역할입니다.

건축·시설 분야의 실무 기준과 절차에 따라 계획 수립부터 실행, 결과 확인까지 전 과정에 참여합니다.

업무 과정에서 발생하는 이슈를 데이터와 기록에 근거해 분석하고, 유관 부서와 협의하여 개선합니다.

입사 후에는 표준 절차와 내부 시스템 교육을 이수하며, 숙련도에 따라 담당 범위가 확대됩니다.

정확성, 안전, 책임 있는 의사소통을 중시하며 실무 중심의 협업 역량을 기대합니다.","- 도시·조경설계 직무 기준에 따른 실무 수행
- 도시·조경설계 관련 결과물 검토 및 개선
- 점검 결과 및 유지보수 이력 관리
- 발주처·감리·유관 부서 보고
- 현장·시설 상태 점검 및 작업계획 수립
- 도면·시방서·물량 내역 검토
- 공정·품질·원가·안전 관리
- 협력업체 작업 조율 및 검수","- 기본 문서 작성과 보고 역량
- 안전수칙 및 관계 법령을 준수할 수 있는 분
- 건축·토목·전기·안전 등 관련 분야 이해
- 도면과 시방서 독해가 가능한 분
- 현장 일정에 맞춘 근무가 가능한 분
- 기본 문서 작성과 보고 역량","- 도시계획기사 보유자
- 생태복원기사 보유자
- 공공·대형 프로젝트 수행 경험
- 운전면허 보유 및 출장 가능자
- 건설·시설관리 현장 경험","- 지원서 또는 제출서류를 허위로 기재한 경우
- 채용검진 결과 직무 수행이 어렵다고 판단되는 경우
- 해외여행 및 근무에 결격사유가 있는 경우
- 관련 법령 또는 내부 인사규정상 채용이 불가능한 경우",서류전형 > 인성검사 > 실무면접 > 최종면접
1643,도시·조경설계 담당자 모집,32,165,20261002,20261116,14,신입·경력,계약직,경기도,학사 이상,"본 포지션은 도시·조경설계 업무를 담당하며, 현장의 요구사항을 정확히 파악해 안정적인 결과를 만드는 역할입니다.

건축·시설 분야의 실무 기준과 절차에 따라 계획 수립부터 실행, 결과 확인까지 전 과정에 참여합니다.

업무 과정에서 발생하는 이슈를 데이터와 기록에 근거해 분석하고, 유관 부서와 협의하여 개선합니다.

입사 후에는 표준 절차와 내부 시스템 교육을 이수하며, 숙련도에 따라 담당 범위가 확대됩니다.

정확성, 안전, 책임 있는 의사소통을 중시하며 실무 중심의 협업 역량을 기대합니다.","- 도시·조경설계 직무 기준에 따른 실무 수행
- 도시·조경설계 관련 결과물 검토 및 개선
- 도면·시방서·물량 내역 검토
- 공정·품질·원가·안전 관리
- 협력업체 작업 조율 및 검수
- 인허가·점검 관련 서류 작성
- 하자·민원 원인 파악과 조치
- 점검 결과 및 유지보수 이력 관리","- 도면과 시방서 독해가 가능한 분
- 현장 일정에 맞춘 근무가 가능한 분
- 기본 문서 작성과 보고 역량
- 안전수칙 및 관계 법령을 준수할 수 있는 분
- 건축·토목·전기·안전 등 관련 분야 이해
- 도면과 시방서 독해가 가능한 분","- 생태복원기사 보유자
- 조경기사 보유자
- CAD·BIM·적산 프로그램 활용 경험
- 공공·대형 프로젝트 수행 경험
- 운전면허 보유 및 출장 가능자","- 지원서 또는 제출서류를 허위로 기재한 경우
- 채용검진 결과 직무 수행이 어렵다고 판단되는 경우
- 해외여행 및 근무에 결격사유가 있는 경우
- 관련 법령 또는 내부 인사규정상 채용이 불가능한 경우",서류전형 > 직무과제 > 실무면접 > 처우협의
1644,도시·조경설계 인재 채용,1,165,20260207,20260223,18,경력 2년 이상,무기계약직,강원특별자치도,전문학사 이상,"본 포지션은 도시·조경설계 업무를 담당하며, 현장의 요구사항을 정확히 파악해 안정적인 결과를 만드는 역할입니다.

건축·시설 분야의 실무 기준과 절차에 따라 계획 수립부터 실행, 결과 확인까지 전 과정에 참여합니다.

업무 과정에서 발생하는 이슈를 데이터와 기록에 근거해 분석하고, 유관 부서와 협의하여 개선합니다.

입사 후에는 표준 절차와 내부 시스템 교육을 이수하며, 숙련도에 따라 담당 범위가 확대됩니다.

정확성, 안전, 책임 있는 의사소통을 중시하며 실무 중심의 협업 역량을 기대합니다.","- 도시·조경설계 직무 기준에 따른 실무 수행
- 도시·조경설계 관련 결과물 검토 및 개선
- 인허가·점검 관련 서류 작성
- 하자·민원 원인 파악과 조치
- 점검 결과 및 유지보수 이력 관리
- 발주처·감리·유관 부서 보고
- 현장·시설 상태 점검 및 작업계획 수립
- 도면·시방서·물량 내역 검토","- 안전수칙 및 관계 법령을 준수할 수 있는 분
- 건축·토목·전기·안전 등 관련 분야 이해
- 도면과 시방서 독해가 가능한 분
- 현장 일정에 맞춘 근무가 가능한 분
- 기본 문서 작성과 보고 역량
- 안전수칙 및 관계 법령을 준수할 수 있는 분","- 조경기사 보유자
- 도시계획기사 보유자
- 건설·시설관리 현장 경험
- CAD·BIM·적산 프로그램 활용 경험
- 공공·대형 프로젝트 수행 경험","- 지원서 또는 제출서류를 허위로 기재한 경우
- 채용검진 결과 직무 수행이 어렵다고 판단되는 경우
- 해외여행 및 근무에 결격사유가 있는 경우
- 관련 법령 또는 내부 인사규정상 채용이 불가능한 경우",서류전형 > 1차면접 > 2차면접 > 채용검진
1645,도시·조경설계 실무자 모집,1,165,20260412,20260505,2,경력 3년 이상,정규직,충청북도,학사 이상,"본 포지션은 도시·조경설계 업무를 담당하며, 현장의 요구사항을 정확히 파악해 안정적인 결과를 만드는 역할입니다.

건축·시설 분야의 실무 기준과 절차에 따라 계획 수립부터 실행, 결과 확인까지 전 과정에 참여합니다.

업무 과정에서 발생하는 이슈를 데이터와 기록에 근거해 분석하고, 유관 부서와 협의하여 개선합니다.

입사 후에는 표준 절차와 내부 시스템 교육을 이수하며, 숙련도에 따라 담당 범위가 확대됩니다.

정확성, 안전, 책임 있는 의사소통을 중시하며 실무 중심의 협업 역량을 기대합니다.","- 도시·조경설계 직무 기준에 따른 실무 수행
- 도시·조경설계 관련 결과물 검토 및 개선
- 발주처·감리·유관 부서 보고
- 현장·시설 상태 점검 및 작업계획 수립
- 도면·시방서·물량 내역 검토
- 공정·품질·원가·안전 관리
- 협력업체 작업 조율 및 검수
- 인허가·점검 관련 서류 작성","- 현장 일정에 맞춘 근무가 가능한 분
- 기본 문서 작성과 보고 역량
- 안전수칙 및 관계 법령을 준수할 수 있는 분
- 건축·토목·전기·안전 등 관련 분야 이해
- 도면과 시방서 독해가 가능한 분
- 현장 일정에 맞춘 근무가 가능한 분","- 도시계획기사 보유자
- 생태복원기사 보유자
- 운전면허 보유 및 출장 가능자
- 건설·시설관리 현장 경험
- CAD·BIM·적산 프로그램 활용 경험","- 지원서 또는 제출서류를 허위로 기재한 경우
- 채용검진 결과 직무 수행이 어렵다고 판단되는 경우
- 해외여행 및 근무에 결격사유가 있는 경우
- 관련 법령 또는 내부 인사규정상 채용이 불가능한 경우",서류전형 > 필기전형 > 면접전형 > 최종합격
1646,도시·조경설계 전문인력 채용,29,165,20260617,20260717,6,경력 무관,정규직,충청남도,학사 이상,"본 포지션은 도시·조경설계 업무를 담당하며, 현장의 요구사항을 정확히 파악해 안정적인 결과를 만드는 역할입니다.

건축·시설 분야의 실무 기준과 절차에 따라 계획 수립부터 실행, 결과 확인까지 전 과정에 참여합니다.

업무 과정에서 발생하는 이슈를 데이터와 기록에 근거해 분석하고, 유관 부서와 협의하여 개선합니다.

입사 후에는 표준 절차와 내부 시스템 교육을 이수하며, 숙련도에 따라 담당 범위가 확대됩니다.

정확성, 안전, 책임 있는 의사소통을 중시하며 실무 중심의 협업 역량을 기대합니다.","- 도시·조경설계 직무 기준에 따른 실무 수행
- 도시·조경설계 관련 결과물 검토 및 개선
- 공정·품질·원가·안전 관리
- 협력업체 작업 조율 및 검수
- 인허가·점검 관련 서류 작성
- 하자·민원 원인 파악과 조치
- 점검 결과 및 유지보수 이력 관리
- 발주처·감리·유관 부서 보고","- 건축·토목·전기·안전 등 관련 분야 이해
- 도면과 시방서 독해가 가능한 분
- 현장 일정에 맞춘 근무가 가능한 분
- 기본 문서 작성과 보고 역량
- 안전수칙 및 관계 법령을 준수할 수 있는 분
- 건축·토목·전기·안전 등 관련 분야 이해","- 생태복원기사 보유자
- 조경기사 보유자
- 공공·대형 프로젝트 수행 경험
- 운전면허 보유 및 출장 가능자
- 건설·시설관리 현장 경험","- 지원서 또는 제출서류를 허위로 기재한 경우
- 채용검진 결과 직무 수행이 어렵다고 판단되는 경우
- 해외여행 및 근무에 결격사유가 있는 경우
- 관련 법령 또는 내부 인사규정상 채용이 불가능한 경우",서류전형 > 실무면접 > 최종면접
1647,도시·조경설계 운영인력 모집,111,165,20260822,20260928,10,경력 5년 이상,계약직,전북특별자치도,전문학사 이상,"본 포지션은 도시·조경설계 업무를 담당하며, 현장의 요구사항을 정확히 파악해 안정적인 결과를 만드는 역할입니다.

건축·시설 분야의 실무 기준과 절차에 따라 계획 수립부터 실행, 결과 확인까지 전 과정에 참여합니다.

업무 과정에서 발생하는 이슈를 데이터와 기록에 근거해 분석하고, 유관 부서와 협의하여 개선합니다.

입사 후에는 표준 절차와 내부 시스템 교육을 이수하며, 숙련도에 따라 담당 범위가 확대됩니다.

정확성, 안전, 책임 있는 의사소통을 중시하며 실무 중심의 협업 역량을 기대합니다.","- 도시·조경설계 직무 기준에 따른 실무 수행
- 도시·조경설계 관련 결과물 검토 및 개선
- 하자·민원 원인 파악과 조치
- 점검 결과 및 유지보수 이력 관리
- 발주처·감리·유관 부서 보고
- 현장·시설 상태 점검 및 작업계획 수립
- 도면·시방서·물량 내역 검토
- 공정·품질·원가·안전 관리","- 기본 문서 작성과 보고 역량
- 안전수칙 및 관계 법령을 준수할 수 있는 분
- 건축·토목·전기·안전 등 관련 분야 이해
- 도면과 시방서 독해가 가능한 분
- 현장 일정에 맞춘 근무가 가능한 분
- 기본 문서 작성과 보고 역량","- 조경기사 보유자
- 도시계획기사 보유자
- CAD·BIM·적산 프로그램 활용 경험
- 공공·대형 프로젝트 수행 경험
- 운전면허 보유 및 출장 가능자","- 지원서 또는 제출서류를 허위로 기재한 경우
- 채용검진 결과 직무 수행이 어렵다고 판단되는 경우
- 해외여행 및 근무에 결격사유가 있는 경우
- 관련 법령 또는 내부 인사규정상 채용이 불가능한 경우",서류전형 > 인성검사 > 실무면접 > 최종면접
1648,도시·조경설계 프로젝트 인력 채용,40,165,20261003,20261116,14,신입,무기계약직,전라남도,학사 이상,"본 포지션은 도시·조경설계 업무를 담당하며, 현장의 요구사항을 정확히 파악해 안정적인 결과를 만드는 역할입니다.

건축·시설 분야의 실무 기준과 절차에 따라 계획 수립부터 실행, 결과 확인까지 전 과정에 참여합니다.

업무 과정에서 발생하는 이슈를 데이터와 기록에 근거해 분석하고, 유관 부서와 협의하여 개선합니다.

입사 후에는 표준 절차와 내부 시스템 교육을 이수하며, 숙련도에 따라 담당 범위가 확대됩니다.

정확성, 안전, 책임 있는 의사소통을 중시하며 실무 중심의 협업 역량을 기대합니다.","- 도시·조경설계 직무 기준에 따른 실무 수행
- 도시·조경설계 관련 결과물 검토 및 개선
- 현장·시설 상태 점검 및 작업계획 수립
- 도면·시방서·물량 내역 검토
- 공정·품질·원가·안전 관리
- 협력업체 작업 조율 및 검수
- 인허가·점검 관련 서류 작성
- 하자·민원 원인 파악과 조치","- 도면과 시방서 독해가 가능한 분
- 현장 일정에 맞춘 근무가 가능한 분
- 기본 문서 작성과 보고 역량
- 안전수칙 및 관계 법령을 준수할 수 있는 분
- 건축·토목·전기·안전 등 관련 분야 이해
- 도면과 시방서 독해가 가능한 분","- 도시계획기사 보유자
- 생태복원기사 보유자
- 건설·시설관리 현장 경험
- CAD·BIM·적산 프로그램 활용 경험
- 공공·대형 프로젝트 수행 경험","- 지원서 또는 제출서류를 허위로 기재한 경우
- 채용검진 결과 직무 수행이 어렵다고 판단되는 경우
- 해외여행 및 근무에 결격사유가 있는 경우
- 관련 법령 또는 내부 인사규정상 채용이 불가능한 경우",서류전형 > 직무과제 > 실무면접 > 처우협의
1649,도시·조경설계 직무 채용,126,165,20260208,20260223,18,경력,정규직,경상북도,학사 이상,"본 포지션은 도시·조경설계 업무를 담당하며, 현장의 요구사항을 정확히 파악해 안정적인 결과를 만드는 역할입니다.

건축·시설 분야의 실무 기준과 절차에 따라 계획 수립부터 실행, 결과 확인까지 전 과정에 참여합니다.

업무 과정에서 발생하는 이슈를 데이터와 기록에 근거해 분석하고, 유관 부서와 협의하여 개선합니다.

입사 후에는 표준 절차와 내부 시스템 교육을 이수하며, 숙련도에 따라 담당 범위가 확대됩니다.

정확성, 안전, 책임 있는 의사소통을 중시하며 실무 중심의 협업 역량을 기대합니다.","- 도시·조경설계 직무 기준에 따른 실무 수행
- 도시·조경설계 관련 결과물 검토 및 개선
- 협력업체 작업 조율 및 검수
- 인허가·점검 관련 서류 작성
- 하자·민원 원인 파악과 조치
- 점검 결과 및 유지보수 이력 관리
- 발주처·감리·유관 부서 보고
- 현장·시설 상태 점검 및 작업계획 수립","- 안전수칙 및 관계 법령을 준수할 수 있는 분
- 건축·토목·전기·안전 등 관련 분야 이해
- 도면과 시방서 독해가 가능한 분
- 현장 일정에 맞춘 근무가 가능한 분
- 기본 문서 작성과 보고 역량
- 안전수칙 및 관계 법령을 준수할 수 있는 분","- 생태복원기사 보유자
- 조경기사 보유자
- 운전면허 보유 및 출장 가능자
- 건설·시설관리 현장 경험
- CAD·BIM·적산 프로그램 활용 경험","- 지원서 또는 제출서류를 허위로 기재한 경우
- 채용검진 결과 직무 수행이 어렵다고 판단되는 경우
- 해외여행 및 근무에 결격사유가 있는 경우
- 관련 법령 또는 내부 인사규정상 채용이 불가능한 경우",서류전형 > 1차면접 > 2차면접 > 채용검진
1650,도시·조경설계 부문 모집,1,165,20260413,20260505,2,신입·경력,정규직,경상남도,전문학사 이상,"본 포지션은 도시·조경설계 업무를 담당하며, 현장의 요구사항을 정확히 파악해 안정적인 결과를 만드는 역할입니다.

건축·시설 분야의 실무 기준과 절차에 따라 계획 수립부터 실행, 결과 확인까지 전 과정에 참여합니다.

업무 과정에서 발생하는 이슈를 데이터와 기록에 근거해 분석하고, 유관 부서와 협의하여 개선합니다.

입사 후에는 표준 절차와 내부 시스템 교육을 이수하며, 숙련도에 따라 담당 범위가 확대됩니다.

정확성, 안전, 책임 있는 의사소통을 중시하며 실무 중심의 협업 역량을 기대합니다.","- 도시·조경설계 직무 기준에 따른 실무 수행
- 도시·조경설계 관련 결과물 검토 및 개선
- 점검 결과 및 유지보수 이력 관리
- 발주처·감리·유관 부서 보고
- 현장·시설 상태 점검 및 작업계획 수립
- 도면·시방서·물량 내역 검토
- 공정·품질·원가·안전 관리
- 협력업체 작업 조율 및 검수","- 현장 일정에 맞춘 근무가 가능한 분
- 기본 문서 작성과 보고 역량
- 안전수칙 및 관계 법령을 준수할 수 있는 분
- 건축·토목·전기·안전 등 관련 분야 이해
- 도면과 시방서 독해가 가능한 분
- 현장 일정에 맞춘 근무가 가능한 분","- 조경기사 보유자
- 도시계획기사 보유자
- 공공·대형 프로젝트 수행 경험
- 운전면허 보유 및 출장 가능자
- 건설·시설관리 현장 경험","- 지원서 또는 제출서류를 허위로 기재한 경우
- 채용검진 결과 직무 수행이 어렵다고 판단되는 경우
- 해외여행 및 근무에 결격사유가 있는 경우
- 관련 법령 또는 내부 인사규정상 채용이 불가능한 경우",서류전형 > 필기전형 > 면접전형 > 최종합격
1651,환경기사 모집,111,166,20260719,20260820,7,신입,정규직,세종특별자치시,전문학사 이상,"본 포지션은 환경기사 업무를 담당하며, 현장의 요구사항을 정확히 파악해 안정적인 결과를 만드는 역할입니다.

건축·시설 분야의 실무 기준과 절차에 따라 계획 수립부터 실행, 결과 확인까지 전 과정에 참여합니다.

업무 과정에서 발생하는 이슈를 데이터와 기록에 근거해 분석하고, 유관 부서와 협의하여 개선합니다.

입사 후에는 표준 절차와 내부 시스템 교육을 이수하며, 숙련도에 따라 담당 범위가 확대됩니다.

정확성, 안전, 책임 있는 의사소통을 중시하며 실무 중심의 협업 역량을 기대합니다.","- 환경기사 직무 기준에 따른 실무 수행
- 환경기사 관련 결과물 검토 및 개선
- 공정·품질·원가·안전 관리
- 협력업체 작업 조율 및 검수
- 인허가·점검 관련 서류 작성
- 하자·민원 원인 파악과 조치
- 점검 결과 및 유지보수 이력 관리
- 발주처·감리·유관 부서 보고","- 현장 일정에 맞춘 근무가 가능한 분
- 기본 문서 작성과 보고 역량
- 안전수칙 및 관계 법령을 준수할 수 있는 분
- 건축·토목·전기·안전 등 관련 분야 이해
- 도면과 시방서 독해가 가능한 분
- 현장 일정에 맞춘 근무가 가능한 분","- 대기환경기사 보유자
- 수질환경기사 보유자
- 공공·대형 프로젝트 수행 경험
- 운전면허 보유 및 출장 가능자
- 건설·시설관리 현장 경험","- 지원서 또는 제출서류를 허위로 기재한 경우
- 채용검진 결과 직무 수행이 어렵다고 판단되는 경우
- 해외여행 및 근무에 결격사유가 있는 경우
- 관련 법령 또는 내부 인사규정상 채용이 불가능한 경우",서류전형 > 인성검사 > 실무면접 > 최종면접
1652,환경기사 채용,74,166,20260924,20261102,11,경력,정규직,경기도,학사 이상,"본 포지션은 환경기사 업무를 담당하며, 현장의 요구사항을 정확히 파악해 안정적인 결과를 만드는 역할입니다.

건축·시설 분야의 실무 기준과 절차에 따라 계획 수립부터 실행, 결과 확인까지 전 과정에 참여합니다.

업무 과정에서 발생하는 이슈를 데이터와 기록에 근거해 분석하고, 유관 부서와 협의하여 개선합니다.

입사 후에는 표준 절차와 내부 시스템 교육을 이수하며, 숙련도에 따라 담당 범위가 확대됩니다.

정확성, 안전, 책임 있는 의사소통을 중시하며 실무 중심의 협업 역량을 기대합니다.","- 환경기사 직무 기준에 따른 실무 수행
- 환경기사 관련 결과물 검토 및 개선
- 하자·민원 원인 파악과 조치
- 점검 결과 및 유지보수 이력 관리
- 발주처·감리·유관 부서 보고
- 현장·시설 상태 점검 및 작업계획 수립
- 도면·시방서·물량 내역 검토
- 공정·품질·원가·안전 관리","- 건축·토목·전기·안전 등 관련 분야 이해
- 도면과 시방서 독해가 가능한 분
- 현장 일정에 맞춘 근무가 가능한 분
- 기본 문서 작성과 보고 역량
- 안전수칙 및 관계 법령을 준수할 수 있는 분
- 건축·토목·전기·안전 등 관련 분야 이해","- 수질환경기사 보유자
- 폐기물처리기사 보유자
- CAD·BIM·적산 프로그램 활용 경험
- 공공·대형 프로젝트 수행 경험
- 운전면허 보유 및 출장 가능자","- 지원서 또는 제출서류를 허위로 기재한 경우
- 채용검진 결과 직무 수행이 어렵다고 판단되는 경우
- 해외여행 및 근무에 결격사유가 있는 경우
- 관련 법령 또는 내부 인사규정상 채용이 불가능한 경우",서류전형 > 직무과제 > 실무면접 > 처우협의
1653,환경기사 담당자 모집,50,166,20260105,20260115,15,신입·경력,계약직,강원특별자치도,학사 이상,"본 포지션은 환경기사 업무를 담당하며, 현장의 요구사항을 정확히 파악해 안정적인 결과를 만드는 역할입니다.

건축·시설 분야의 실무 기준과 절차에 따라 계획 수립부터 실행, 결과 확인까지 전 과정에 참여합니다.

업무 과정에서 발생하는 이슈를 데이터와 기록에 근거해 분석하고, 유관 부서와 협의하여 개선합니다.

입사 후에는 표준 절차와 내부 시스템 교육을 이수하며, 숙련도에 따라 담당 범위가 확대됩니다.

정확성, 안전, 책임 있는 의사소통을 중시하며 실무 중심의 협업 역량을 기대합니다.","- 환경기사 직무 기준에 따른 실무 수행
- 환경기사 관련 결과물 검토 및 개선
- 현장·시설 상태 점검 및 작업계획 수립
- 도면·시방서·물량 내역 검토
- 공정·품질·원가·안전 관리
- 협력업체 작업 조율 및 검수
- 인허가·점검 관련 서류 작성
- 하자·민원 원인 파악과 조치","- 기본 문서 작성과 보고 역량
- 안전수칙 및 관계 법령을 준수할 수 있는 분
- 건축·토목·전기·안전 등 관련 분야 이해
- 도면과 시방서 독해가 가능한 분
- 현장 일정에 맞춘 근무가 가능한 분
- 기본 문서 작성과 보고 역량","- 폐기물처리기사 보유자
- 대기환경기사 보유자
- 건설·시설관리 현장 경험
- CAD·BIM·적산 프로그램 활용 경험
- 공공·대형 프로젝트 수행 경험","- 지원서 또는 제출서류를 허위로 기재한 경우
- 채용검진 결과 직무 수행이 어렵다고 판단되는 경우
- 해외여행 및 근무에 결격사유가 있는 경우
- 관련 법령 또는 내부 인사규정상 채용이 불가능한 경우",서류전형 > 1차면접 > 2차면접 > 채용검진
1654,환경기사 인재 채용,118,166,20260310,20260327,19,경력 2년 이상,무기계약직,충청북도,전문학사 이상,"본 포지션은 환경기사 업무를 담당하며, 현장의 요구사항을 정확히 파악해 안정적인 결과를 만드는 역할입니다.

건축·시설 분야의 실무 기준과 절차에 따라 계획 수립부터 실행, 결과 확인까지 전 과정에 참여합니다.

업무 과정에서 발생하는 이슈를 데이터와 기록에 근거해 분석하고, 유관 부서와 협의하여 개선합니다.

입사 후에는 표준 절차와 내부 시스템 교육을 이수하며, 숙련도에 따라 담당 범위가 확대됩니다.

정확성, 안전, 책임 있는 의사소통을 중시하며 실무 중심의 협업 역량을 기대합니다.","- 환경기사 직무 기준에 따른 실무 수행
- 환경기사 관련 결과물 검토 및 개선
- 협력업체 작업 조율 및 검수
- 인허가·점검 관련 서류 작성
- 하자·민원 원인 파악과 조치
- 점검 결과 및 유지보수 이력 관리
- 발주처·감리·유관 부서 보고
- 현장·시설 상태 점검 및 작업계획 수립","- 도면과 시방서 독해가 가능한 분
- 현장 일정에 맞춘 근무가 가능한 분
- 기본 문서 작성과 보고 역량
- 안전수칙 및 관계 법령을 준수할 수 있는 분
- 건축·토목·전기·안전 등 관련 분야 이해
- 도면과 시방서 독해가 가능한 분","- 대기환경기사 보유자
- 수질환경기사 보유자
- 운전면허 보유 및 출장 가능자
- 건설·시설관리 현장 경험
- CAD·BIM·적산 프로그램 활용 경험","- 지원서 또는 제출서류를 허위로 기재한 경우
- 채용검진 결과 직무 수행이 어렵다고 판단되는 경우
- 해외여행 및 근무에 결격사유가 있는 경우
- 관련 법령 또는 내부 인사규정상 채용이 불가능한 경우",서류전형 > 필기전형 > 면접전형 > 최종합격
1655,환경기사 실무자 모집,127,166,20260515,20260608,3,경력 3년 이상,정규직,충청남도,학사 이상,"본 포지션은 환경기사 업무를 담당하며, 현장의 요구사항을 정확히 파악해 안정적인 결과를 만드는 역할입니다.

건축·시설 분야의 실무 기준과 절차에 따라 계획 수립부터 실행, 결과 확인까지 전 과정에 참여합니다.

업무 과정에서 발생하는 이슈를 데이터와 기록에 근거해 분석하고, 유관 부서와 협의하여 개선합니다.

입사 후에는 표준 절차와 내부 시스템 교육을 이수하며, 숙련도에 따라 담당 범위가 확대됩니다.

정확성, 안전, 책임 있는 의사소통을 중시하며 실무 중심의 협업 역량을 기대합니다.","- 환경기사 직무 기준에 따른 실무 수행
- 환경기사 관련 결과물 검토 및 개선
- 점검 결과 및 유지보수 이력 관리
- 발주처·감리·유관 부서 보고
- 현장·시설 상태 점검 및 작업계획 수립
- 도면·시방서·물량 내역 검토
- 공정·품질·원가·안전 관리
- 협력업체 작업 조율 및 검수","- 안전수칙 및 관계 법령을 준수할 수 있는 분
- 건축·토목·전기·안전 등 관련 분야 이해
- 도면과 시방서 독해가 가능한 분
- 현장 일정에 맞춘 근무가 가능한 분
- 기본 문서 작성과 보고 역량
- 안전수칙 및 관계 법령을 준수할 수 있는 분","- 수질환경기사 보유자
- 폐기물처리기사 보유자
- 공공·대형 프로젝트 수행 경험
- 운전면허 보유 및 출장 가능자
- 건설·시설관리 현장 경험","- 지원서 또는 제출서류를 허위로 기재한 경우
- 채용검진 결과 직무 수행이 어렵다고 판단되는 경우
- 해외여행 및 근무에 결격사유가 있는 경우
- 관련 법령 또는 내부 인사규정상 채용이 불가능한 경우",서류전형 > 실무면접 > 최종면접
1656,환경기사 전문인력 채용,110,166,20260720,20260820,7,경력 무관,정규직,전북특별자치도,학사 이상,"본 포지션은 환경기사 업무를 담당하며, 현장의 요구사항을 정확히 파악해 안정적인 결과를 만드는 역할입니다.

건축·시설 분야의 실무 기준과 절차에 따라 계획 수립부터 실행, 결과 확인까지 전 과정에 참여합니다.

업무 과정에서 발생하는 이슈를 데이터와 기록에 근거해 분석하고, 유관 부서와 협의하여 개선합니다.

입사 후에는 표준 절차와 내부 시스템 교육을 이수하며, 숙련도에 따라 담당 범위가 확대됩니다.

정확성, 안전, 책임 있는 의사소통을 중시하며 실무 중심의 협업 역량을 기대합니다.","- 환경기사 직무 기준에 따른 실무 수행
- 환경기사 관련 결과물 검토 및 개선
- 도면·시방서·물량 내역 검토
- 공정·품질·원가·안전 관리
- 협력업체 작업 조율 및 검수
- 인허가·점검 관련 서류 작성
- 하자·민원 원인 파악과 조치
- 점검 결과 및 유지보수 이력 관리","- 현장 일정에 맞춘 근무가 가능한 분
- 기본 문서 작성과 보고 역량
- 안전수칙 및 관계 법령을 준수할 수 있는 분
- 건축·토목·전기·안전 등 관련 분야 이해
- 도면과 시방서 독해가 가능한 분
- 현장 일정에 맞춘 근무가 가능한 분","- 폐기물처리기사 보유자
- 대기환경기사 보유자
- CAD·BIM·적산 프로그램 활용 경험
- 공공·대형 프로젝트 수행 경험
- 운전면허 보유 및 출장 가능자","- 지원서 또는 제출서류를 허위로 기재한 경우
- 채용검진 결과 직무 수행이 어렵다고 판단되는 경우
- 해외여행 및 근무에 결격사유가 있는 경우
- 관련 법령 또는 내부 인사규정상 채용이 불가능한 경우",서류전형 > 인성검사 > 실무면접 > 최종면접
1657,환경기사 운영인력 모집,52,166,20260901,20261009,11,경력 5년 이상,계약직,전라남도,전문학사 이상,"본 포지션은 환경기사 업무를 담당하며, 현장의 요구사항을 정확히 파악해 안정적인 결과를 만드는 역할입니다.

건축·시설 분야의 실무 기준과 절차에 따라 계획 수립부터 실행, 결과 확인까지 전 과정에 참여합니다.

업무 과정에서 발생하는 이슈를 데이터와 기록에 근거해 분석하고, 유관 부서와 협의하여 개선합니다.

입사 후에는 표준 절차와 내부 시스템 교육을 이수하며, 숙련도에 따라 담당 범위가 확대됩니다.

정확성, 안전, 책임 있는 의사소통을 중시하며 실무 중심의 협업 역량을 기대합니다.","- 환경기사 직무 기준에 따른 실무 수행
- 환경기사 관련 결과물 검토 및 개선
- 인허가·점검 관련 서류 작성
- 하자·민원 원인 파악과 조치
- 점검 결과 및 유지보수 이력 관리
- 발주처·감리·유관 부서 보고
- 현장·시설 상태 점검 및 작업계획 수립
- 도면·시방서·물량 내역 검토","- 건축·토목·전기·안전 등 관련 분야 이해
- 도면과 시방서 독해가 가능한 분
- 현장 일정에 맞춘 근무가 가능한 분
- 기본 문서 작성과 보고 역량
- 안전수칙 및 관계 법령을 준수할 수 있는 분
- 건축·토목·전기·안전 등 관련 분야 이해","- 대기환경기사 보유자
- 수질환경기사 보유자
- 건설·시설관리 현장 경험
- CAD·BIM·적산 프로그램 활용 경험
- 공공·대형 프로젝트 수행 경험","- 지원서 또는 제출서류를 허위로 기재한 경우
- 채용검진 결과 직무 수행이 어렵다고 판단되는 경우
- 해외여행 및 근무에 결격사유가 있는 경우
- 관련 법령 또는 내부 인사규정상 채용이 불가능한 경우",서류전형 > 직무과제 > 실무면접 > 처우협의
1658,환경기사 프로젝트 인력 채용,106,166,20260106,20260220,15,신입,무기계약직,경상북도,학사 이상,"본 포지션은 환경기사 업무를 담당하며, 현장의 요구사항을 정확히 파악해 안정적인 결과를 만드는 역할입니다.

건축·시설 분야의 실무 기준과 절차에 따라 계획 수립부터 실행, 결과 확인까지 전 과정에 참여합니다.

업무 과정에서 발생하는 이슈를 데이터와 기록에 근거해 분석하고, 유관 부서와 협의하여 개선합니다.

입사 후에는 표준 절차와 내부 시스템 교육을 이수하며, 숙련도에 따라 담당 범위가 확대됩니다.

정확성, 안전, 책임 있는 의사소통을 중시하며 실무 중심의 협업 역량을 기대합니다.","- 환경기사 직무 기준에 따른 실무 수행
- 환경기사 관련 결과물 검토 및 개선
- 발주처·감리·유관 부서 보고
- 현장·시설 상태 점검 및 작업계획 수립
- 도면·시방서·물량 내역 검토
- 공정·품질·원가·안전 관리
- 협력업체 작업 조율 및 검수
- 인허가·점검 관련 서류 작성","- 기본 문서 작성과 보고 역량
- 안전수칙 및 관계 법령을 준수할 수 있는 분
- 건축·토목·전기·안전 등 관련 분야 이해
- 도면과 시방서 독해가 가능한 분
- 현장 일정에 맞춘 근무가 가능한 분
- 기본 문서 작성과 보고 역량","- 수질환경기사 보유자
- 폐기물처리기사 보유자
- 운전면허 보유 및 출장 가능자
- 건설·시설관리 현장 경험
- CAD·BIM·적산 프로그램 활용 경험","- 지원서 또는 제출서류를 허위로 기재한 경우
- 채용검진 결과 직무 수행이 어렵다고 판단되는 경우
- 해외여행 및 근무에 결격사유가 있는 경우
- 관련 법령 또는 내부 인사규정상 채용이 불가능한 경우",서류전형 > 1차면접 > 2차면접 > 채용검진
1659,환경기사 직무 채용,10,166,20260311,20260327,19,경력,정규직,경상남도,학사 이상,"본 포지션은 환경기사 업무를 담당하며, 현장의 요구사항을 정확히 파악해 안정적인 결과를 만드는 역할입니다.

건축·시설 분야의 실무 기준과 절차에 따라 계획 수립부터 실행, 결과 확인까지 전 과정에 참여합니다.

업무 과정에서 발생하는 이슈를 데이터와 기록에 근거해 분석하고, 유관 부서와 협의하여 개선합니다.

입사 후에는 표준 절차와 내부 시스템 교육을 이수하며, 숙련도에 따라 담당 범위가 확대됩니다.

정확성, 안전, 책임 있는 의사소통을 중시하며 실무 중심의 협업 역량을 기대합니다.","- 환경기사 직무 기준에 따른 실무 수행
- 환경기사 관련 결과물 검토 및 개선
- 공정·품질·원가·안전 관리
- 협력업체 작업 조율 및 검수
- 인허가·점검 관련 서류 작성
- 하자·민원 원인 파악과 조치
- 점검 결과 및 유지보수 이력 관리
- 발주처·감리·유관 부서 보고","- 도면과 시방서 독해가 가능한 분
- 현장 일정에 맞춘 근무가 가능한 분
- 기본 문서 작성과 보고 역량
- 안전수칙 및 관계 법령을 준수할 수 있는 분
- 건축·토목·전기·안전 등 관련 분야 이해
- 도면과 시방서 독해가 가능한 분","- 폐기물처리기사 보유자
- 대기환경기사 보유자
- 공공·대형 프로젝트 수행 경험
- 운전면허 보유 및 출장 가능자
- 건설·시설관리 현장 경험","- 지원서 또는 제출서류를 허위로 기재한 경우
- 채용검진 결과 직무 수행이 어렵다고 판단되는 경우
- 해외여행 및 근무에 결격사유가 있는 경우
- 관련 법령 또는 내부 인사규정상 채용이 불가능한 경우",서류전형 > 필기전형 > 면접전형 > 최종합격
1660,환경기사 부문 모집,18,166,20260516,20260608,3,신입·경력,정규직,제주특별자치도,전문학사 이상,"본 포지션은 환경기사 업무를 담당하며, 현장의 요구사항을 정확히 파악해 안정적인 결과를 만드는 역할입니다.

건축·시설 분야의 실무 기준과 절차에 따라 계획 수립부터 실행, 결과 확인까지 전 과정에 참여합니다.

업무 과정에서 발생하는 이슈를 데이터와 기록에 근거해 분석하고, 유관 부서와 협의하여 개선합니다.

입사 후에는 표준 절차와 내부 시스템 교육을 이수하며, 숙련도에 따라 담당 범위가 확대됩니다.

정확성, 안전, 책임 있는 의사소통을 중시하며 실무 중심의 협업 역량을 기대합니다.","- 환경기사 직무 기준에 따른 실무 수행
- 환경기사 관련 결과물 검토 및 개선
- 하자·민원 원인 파악과 조치
- 점검 결과 및 유지보수 이력 관리
- 발주처·감리·유관 부서 보고
- 현장·시설 상태 점검 및 작업계획 수립
- 도면·시방서·물량 내역 검토
- 공정·품질·원가·안전 관리","- 안전수칙 및 관계 법령을 준수할 수 있는 분
- 건축·토목·전기·안전 등 관련 분야 이해
- 도면과 시방서 독해가 가능한 분
- 현장 일정에 맞춘 근무가 가능한 분
- 기본 문서 작성과 보고 역량
- 안전수칙 및 관계 법령을 준수할 수 있는 분","- 대기환경기사 보유자
- 수질환경기사 보유자
- CAD·BIM·적산 프로그램 활용 경험
- 공공·대형 프로젝트 수행 경험
- 운전면허 보유 및 출장 가능자","- 지원서 또는 제출서류를 허위로 기재한 경우
- 채용검진 결과 직무 수행이 어렵다고 판단되는 경우
- 해외여행 및 근무에 결격사유가 있는 경우
- 관련 법령 또는 내부 인사규정상 채용이 불가능한 경우",서류전형 > 실무면접 > 최종면접
1661,비파괴검사원 모집,100,167,20260822,20260924,8,신입,정규직,경기도,전문학사 이상,"본 포지션은 비파괴검사원 업무를 담당하며, 현장의 요구사항을 정확히 파악해 안정적인 결과를 만드는 역할입니다.

건축·시설 분야의 실무 기준과 절차에 따라 계획 수립부터 실행, 결과 확인까지 전 과정에 참여합니다.

업무 과정에서 발생하는 이슈를 데이터와 기록에 근거해 분석하고, 유관 부서와 협의하여 개선합니다.

입사 후에는 표준 절차와 내부 시스템 교육을 이수하며, 숙련도에 따라 담당 범위가 확대됩니다.

정확성, 안전, 책임 있는 의사소통을 중시하며 실무 중심의 협업 역량을 기대합니다.","- UT·MT·PT 등 비파괴검사 수행
- 검사 성적서 작성과 판독
- 도면·시방서·물량 내역 검토
- 공정·품질·원가·안전 관리
- 협력업체 작업 조율 및 검수
- 인허가·점검 관련 서류 작성
- 하자·민원 원인 파악과 조치
- 점검 결과 및 유지보수 이력 관리","- 안전수칙 및 관계 법령을 준수할 수 있는 분
- 건축·토목·전기·안전 등 관련 분야 이해
- 도면과 시방서 독해가 가능한 분
- 현장 일정에 맞춘 근무가 가능한 분
- 기본 문서 작성과 보고 역량
- 안전수칙 및 관계 법령을 준수할 수 있는 분","- 초음파비파괴검사기사 보유자
- 자기비파괴검사기사 보유자
- CAD·BIM·적산 프로그램 활용 경험
- 공공·대형 프로젝트 수행 경험
- 운전면허 보유 및 출장 가능자","- 지원서 또는 제출서류를 허위로 기재한 경우
- 채용검진 결과 직무 수행이 어렵다고 판단되는 경우
- 해외여행 및 근무에 결격사유가 있는 경우
- 관련 법령 또는 내부 인사규정상 채용이 불가능한 경우",서류전형 > 직무과제 > 실무면접 > 처우협의
1662,비파괴검사원 채용,146,167,20261003,20261112,12,경력,정규직,강원특별자치도,학사 이상,"본 포지션은 비파괴검사원 업무를 담당하며, 현장의 요구사항을 정확히 파악해 안정적인 결과를 만드는 역할입니다.

건축·시설 분야의 실무 기준과 절차에 따라 계획 수립부터 실행, 결과 확인까지 전 과정에 참여합니다.

업무 과정에서 발생하는 이슈를 데이터와 기록에 근거해 분석하고, 유관 부서와 협의하여 개선합니다.

입사 후에는 표준 절차와 내부 시스템 교육을 이수하며, 숙련도에 따라 담당 범위가 확대됩니다.

정확성, 안전, 책임 있는 의사소통을 중시하며 실무 중심의 협업 역량을 기대합니다.","- UT·MT·PT 등 비파괴검사 수행
- 검사 성적서 작성과 판독
- 인허가·점검 관련 서류 작성
- 하자·민원 원인 파악과 조치
- 점검 결과 및 유지보수 이력 관리
- 발주처·감리·유관 부서 보고
- 현장·시설 상태 점검 및 작업계획 수립
- 도면·시방서·물량 내역 검토","- 현장 일정에 맞춘 근무가 가능한 분
- 기본 문서 작성과 보고 역량
- 안전수칙 및 관계 법령을 준수할 수 있는 분
- 건축·토목·전기·안전 등 관련 분야 이해
- 도면과 시방서 독해가 가능한 분
- 현장 일정에 맞춘 근무가 가능한 분","- 자기비파괴검사기사 보유자
- 침투비파괴검사기사 보유자
- 건설·시설관리 현장 경험
- CAD·BIM·적산 프로그램 활용 경험
- 공공·대형 프로젝트 수행 경험","- 지원서 또는 제출서류를 허위로 기재한 경우
- 채용검진 결과 직무 수행이 어렵다고 판단되는 경우
- 해외여행 및 근무에 결격사유가 있는 경우
- 관련 법령 또는 내부 인사규정상 채용이 불가능한 경우",서류전형 > 1차면접 > 2차면접 > 채용검진
1663,비파괴검사원 담당자 모집,91,167,20260208,20260219,16,신입·경력,계약직,충청북도,학사 이상,"본 포지션은 비파괴검사원 업무를 담당하며, 현장의 요구사항을 정확히 파악해 안정적인 결과를 만드는 역할입니다.

건축·시설 분야의 실무 기준과 절차에 따라 계획 수립부터 실행, 결과 확인까지 전 과정에 참여합니다.

업무 과정에서 발생하는 이슈를 데이터와 기록에 근거해 분석하고, 유관 부서와 협의하여 개선합니다.

입사 후에는 표준 절차와 내부 시스템 교육을 이수하며, 숙련도에 따라 담당 범위가 확대됩니다.

정확성, 안전, 책임 있는 의사소통을 중시하며 실무 중심의 협업 역량을 기대합니다.","- UT·MT·PT 등 비파괴검사 수행
- 검사 성적서 작성과 판독
- 발주처·감리·유관 부서 보고
- 현장·시설 상태 점검 및 작업계획 수립
- 도면·시방서·물량 내역 검토
- 공정·품질·원가·안전 관리
- 협력업체 작업 조율 및 검수
- 인허가·점검 관련 서류 작성","- 건축·토목·전기·안전 등 관련 분야 이해
- 도면과 시방서 독해가 가능한 분
- 현장 일정에 맞춘 근무가 가능한 분
- 기본 문서 작성과 보고 역량
- 안전수칙 및 관계 법령을 준수할 수 있는 분
- 건축·토목·전기·안전 등 관련 분야 이해","- 침투비파괴검사기사 보유자
- 초음파비파괴검사기사 보유자
- 운전면허 보유 및 출장 가능자
- 건설·시설관리 현장 경험
- CAD·BIM·적산 프로그램 활용 경험","- 지원서 또는 제출서류를 허위로 기재한 경우
- 채용검진 결과 직무 수행이 어렵다고 판단되는 경우
- 해외여행 및 근무에 결격사유가 있는 경우
- 관련 법령 또는 내부 인사규정상 채용이 불가능한 경우",서류전형 > 필기전형 > 면접전형 > 최종합격
1664,비파괴검사원 인재 채용,130,167,20260413,20260501,20,경력 2년 이상,무기계약직,충청남도,전문학사 이상,"본 포지션은 비파괴검사원 업무를 담당하며, 현장의 요구사항을 정확히 파악해 안정적인 결과를 만드는 역할입니다.

건축·시설 분야의 실무 기준과 절차에 따라 계획 수립부터 실행, 결과 확인까지 전 과정에 참여합니다.

업무 과정에서 발생하는 이슈를 데이터와 기록에 근거해 분석하고, 유관 부서와 협의하여 개선합니다.

입사 후에는 표준 절차와 내부 시스템 교육을 이수하며, 숙련도에 따라 담당 범위가 확대됩니다.

정확성, 안전, 책임 있는 의사소통을 중시하며 실무 중심의 협업 역량을 기대합니다.","- UT·MT·PT 등 비파괴검사 수행
- 검사 성적서 작성과 판독
- 공정·품질·원가·안전 관리
- 협력업체 작업 조율 및 검수
- 인허가·점검 관련 서류 작성
- 하자·민원 원인 파악과 조치
- 점검 결과 및 유지보수 이력 관리
- 발주처·감리·유관 부서 보고","- 기본 문서 작성과 보고 역량
- 안전수칙 및 관계 법령을 준수할 수 있는 분
- 건축·토목·전기·안전 등 관련 분야 이해
- 도면과 시방서 독해가 가능한 분
- 현장 일정에 맞춘 근무가 가능한 분
- 기본 문서 작성과 보고 역량","- 초음파비파괴검사기사 보유자
- 자기비파괴검사기사 보유자
- 공공·대형 프로젝트 수행 경험
- 운전면허 보유 및 출장 가능자
- 건설·시설관리 현장 경험","- 지원서 또는 제출서류를 허위로 기재한 경우
- 채용검진 결과 직무 수행이 어렵다고 판단되는 경우
- 해외여행 및 근무에 결격사유가 있는 경우
- 관련 법령 또는 내부 인사규정상 채용이 불가능한 경우",서류전형 > 실무면접 > 최종면접
1665,비파괴검사원 실무자 모집,58,167,20260618,20260713,4,경력 3년 이상,정규직,전북특별자치도,학사 이상,"본 포지션은 비파괴검사원 업무를 담당하며, 현장의 요구사항을 정확히 파악해 안정적인 결과를 만드는 역할입니다.

건축·시설 분야의 실무 기준과 절차에 따라 계획 수립부터 실행, 결과 확인까지 전 과정에 참여합니다.

업무 과정에서 발생하는 이슈를 데이터와 기록에 근거해 분석하고, 유관 부서와 협의하여 개선합니다.

입사 후에는 표준 절차와 내부 시스템 교육을 이수하며, 숙련도에 따라 담당 범위가 확대됩니다.

정확성, 안전, 책임 있는 의사소통을 중시하며 실무 중심의 협업 역량을 기대합니다.","- UT·MT·PT 등 비파괴검사 수행
- 검사 성적서 작성과 판독
- 하자·민원 원인 파악과 조치
- 점검 결과 및 유지보수 이력 관리
- 발주처·감리·유관 부서 보고
- 현장·시설 상태 점검 및 작업계획 수립
- 도면·시방서·물량 내역 검토
- 공정·품질·원가·안전 관리","- 도면과 시방서 독해가 가능한 분
- 현장 일정에 맞춘 근무가 가능한 분
- 기본 문서 작성과 보고 역량
- 안전수칙 및 관계 법령을 준수할 수 있는 분
- 건축·토목·전기·안전 등 관련 분야 이해
- 도면과 시방서 독해가 가능한 분","- 자기비파괴검사기사 보유자
- 침투비파괴검사기사 보유자
- CAD·BIM·적산 프로그램 활용 경험
- 공공·대형 프로젝트 수행 경험
- 운전면허 보유 및 출장 가능자","- 지원서 또는 제출서류를 허위로 기재한 경우
- 채용검진 결과 직무 수행이 어렵다고 판단되는 경우
- 해외여행 및 근무에 결격사유가 있는 경우
- 관련 법령 또는 내부 인사규정상 채용이 불가능한 경우",서류전형 > 인성검사 > 실무면접 > 최종면접
1666,비파괴검사원 전문인력 채용,110,167,20260823,20260924,8,경력 무관,정규직,전라남도,학사 이상,"본 포지션은 비파괴검사원 업무를 담당하며, 현장의 요구사항을 정확히 파악해 안정적인 결과를 만드는 역할입니다.

건축·시설 분야의 실무 기준과 절차에 따라 계획 수립부터 실행, 결과 확인까지 전 과정에 참여합니다.

업무 과정에서 발생하는 이슈를 데이터와 기록에 근거해 분석하고, 유관 부서와 협의하여 개선합니다.

입사 후에는 표준 절차와 내부 시스템 교육을 이수하며, 숙련도에 따라 담당 범위가 확대됩니다.

정확성, 안전, 책임 있는 의사소통을 중시하며 실무 중심의 협업 역량을 기대합니다.","- UT·MT·PT 등 비파괴검사 수행
- 검사 성적서 작성과 판독
- 현장·시설 상태 점검 및 작업계획 수립
- 도면·시방서·물량 내역 검토
- 공정·품질·원가·안전 관리
- 협력업체 작업 조율 및 검수
- 인허가·점검 관련 서류 작성
- 하자·민원 원인 파악과 조치","- 안전수칙 및 관계 법령을 준수할 수 있는 분
- 건축·토목·전기·안전 등 관련 분야 이해
- 도면과 시방서 독해가 가능한 분
- 현장 일정에 맞춘 근무가 가능한 분
- 기본 문서 작성과 보고 역량
- 안전수칙 및 관계 법령을 준수할 수 있는 분","- 침투비파괴검사기사 보유자
- 초음파비파괴검사기사 보유자
- 건설·시설관리 현장 경험
- CAD·BIM·적산 프로그램 활용 경험
- 공공·대형 프로젝트 수행 경험","- 지원서 또는 제출서류를 허위로 기재한 경우
- 채용검진 결과 직무 수행이 어렵다고 판단되는 경우
- 해외여행 및 근무에 결격사유가 있는 경우
- 관련 법령 또는 내부 인사규정상 채용이 불가능한 경우",서류전형 > 직무과제 > 실무면접 > 처우협의
1667,비파괴검사원 운영인력 모집,9,167,20261004,20261112,12,경력 5년 이상,계약직,경상북도,전문학사 이상,"본 포지션은 비파괴검사원 업무를 담당하며, 현장의 요구사항을 정확히 파악해 안정적인 결과를 만드는 역할입니다.

건축·시설 분야의 실무 기준과 절차에 따라 계획 수립부터 실행, 결과 확인까지 전 과정에 참여합니다.

업무 과정에서 발생하는 이슈를 데이터와 기록에 근거해 분석하고, 유관 부서와 협의하여 개선합니다.

입사 후에는 표준 절차와 내부 시스템 교육을 이수하며, 숙련도에 따라 담당 범위가 확대됩니다.

정확성, 안전, 책임 있는 의사소통을 중시하며 실무 중심의 협업 역량을 기대합니다.","- UT·MT·PT 등 비파괴검사 수행
- 검사 성적서 작성과 판독
- 협력업체 작업 조율 및 검수
- 인허가·점검 관련 서류 작성
- 하자·민원 원인 파악과 조치
- 점검 결과 및 유지보수 이력 관리
- 발주처·감리·유관 부서 보고
- 현장·시설 상태 점검 및 작업계획 수립","- 현장 일정에 맞춘 근무가 가능한 분
- 기본 문서 작성과 보고 역량
- 안전수칙 및 관계 법령을 준수할 수 있는 분
- 건축·토목·전기·안전 등 관련 분야 이해
- 도면과 시방서 독해가 가능한 분
- 현장 일정에 맞춘 근무가 가능한 분","- 초음파비파괴검사기사 보유자
- 자기비파괴검사기사 보유자
- 운전면허 보유 및 출장 가능자
- 건설·시설관리 현장 경험
- CAD·BIM·적산 프로그램 활용 경험","- 지원서 또는 제출서류를 허위로 기재한 경우
- 채용검진 결과 직무 수행이 어렵다고 판단되는 경우
- 해외여행 및 근무에 결격사유가 있는 경우
- 관련 법령 또는 내부 인사규정상 채용이 불가능한 경우",서류전형 > 1차면접 > 2차면접 > 채용검진
1668,비파괴검사원 프로젝트 인력 채용,121,167,20260209,20260219,16,신입,무기계약직,경상남도,학사 이상,"본 포지션은 비파괴검사원 업무를 담당하며, 현장의 요구사항을 정확히 파악해 안정적인 결과를 만드는 역할입니다.

건축·시설 분야의 실무 기준과 절차에 따라 계획 수립부터 실행, 결과 확인까지 전 과정에 참여합니다.

업무 과정에서 발생하는 이슈를 데이터와 기록에 근거해 분석하고, 유관 부서와 협의하여 개선합니다.

입사 후에는 표준 절차와 내부 시스템 교육을 이수하며, 숙련도에 따라 담당 범위가 확대됩니다.

정확성, 안전, 책임 있는 의사소통을 중시하며 실무 중심의 협업 역량을 기대합니다.","- UT·MT·PT 등 비파괴검사 수행
- 검사 성적서 작성과 판독
- 점검 결과 및 유지보수 이력 관리
- 발주처·감리·유관 부서 보고
- 현장·시설 상태 점검 및 작업계획 수립
- 도면·시방서·물량 내역 검토
- 공정·품질·원가·안전 관리
- 협력업체 작업 조율 및 검수","- 건축·토목·전기·안전 등 관련 분야 이해
- 도면과 시방서 독해가 가능한 분
- 현장 일정에 맞춘 근무가 가능한 분
- 기본 문서 작성과 보고 역량
- 안전수칙 및 관계 법령을 준수할 수 있는 분
- 건축·토목·전기·안전 등 관련 분야 이해","- 자기비파괴검사기사 보유자
- 침투비파괴검사기사 보유자
- 공공·대형 프로젝트 수행 경험
- 운전면허 보유 및 출장 가능자
- 건설·시설관리 현장 경험","- 지원서 또는 제출서류를 허위로 기재한 경우
- 채용검진 결과 직무 수행이 어렵다고 판단되는 경우
- 해외여행 및 근무에 결격사유가 있는 경우
- 관련 법령 또는 내부 인사규정상 채용이 불가능한 경우",서류전형 > 필기전형 > 면접전형 > 최종합격
1669,비파괴검사원 직무 채용,155,167,20260414,20260501,20,경력,정규직,제주특별자치도,학사 이상,"본 포지션은 비파괴검사원 업무를 담당하며, 현장의 요구사항을 정확히 파악해 안정적인 결과를 만드는 역할입니다.

건축·시설 분야의 실무 기준과 절차에 따라 계획 수립부터 실행, 결과 확인까지 전 과정에 참여합니다.

업무 과정에서 발생하는 이슈를 데이터와 기록에 근거해 분석하고, 유관 부서와 협의하여 개선합니다.

입사 후에는 표준 절차와 내부 시스템 교육을 이수하며, 숙련도에 따라 담당 범위가 확대됩니다.

정확성, 안전, 책임 있는 의사소통을 중시하며 실무 중심의 협업 역량을 기대합니다.","- UT·MT·PT 등 비파괴검사 수행
- 검사 성적서 작성과 판독
- 도면·시방서·물량 내역 검토
- 공정·품질·원가·안전 관리
- 협력업체 작업 조율 및 검수
- 인허가·점검 관련 서류 작성
- 하자·민원 원인 파악과 조치
- 점검 결과 및 유지보수 이력 관리","- 기본 문서 작성과 보고 역량
- 안전수칙 및 관계 법령을 준수할 수 있는 분
- 건축·토목·전기·안전 등 관련 분야 이해
- 도면과 시방서 독해가 가능한 분
- 현장 일정에 맞춘 근무가 가능한 분
- 기본 문서 작성과 보고 역량","- 침투비파괴검사기사 보유자
- 초음파비파괴검사기사 보유자
- CAD·BIM·적산 프로그램 활용 경험
- 공공·대형 프로젝트 수행 경험
- 운전면허 보유 및 출장 가능자","- 지원서 또는 제출서류를 허위로 기재한 경우
- 채용검진 결과 직무 수행이 어렵다고 판단되는 경우
- 해외여행 및 근무에 결격사유가 있는 경우
- 관련 법령 또는 내부 인사규정상 채용이 불가능한 경우",서류전형 > 실무면접 > 최종면접
1670,비파괴검사원 부문 모집,1,167,20260619,20260713,4,신입·경력,정규직,서울특별시,전문학사 이상,"본 포지션은 비파괴검사원 업무를 담당하며, 현장의 요구사항을 정확히 파악해 안정적인 결과를 만드는 역할입니다.

건축·시설 분야의 실무 기준과 절차에 따라 계획 수립부터 실행, 결과 확인까지 전 과정에 참여합니다.

업무 과정에서 발생하는 이슈를 데이터와 기록에 근거해 분석하고, 유관 부서와 협의하여 개선합니다.

입사 후에는 표준 절차와 내부 시스템 교육을 이수하며, 숙련도에 따라 담당 범위가 확대됩니다.

정확성, 안전, 책임 있는 의사소통을 중시하며 실무 중심의 협업 역량을 기대합니다.","- UT·MT·PT 등 비파괴검사 수행
- 검사 성적서 작성과 판독
- 인허가·점검 관련 서류 작성
- 하자·민원 원인 파악과 조치
- 점검 결과 및 유지보수 이력 관리
- 발주처·감리·유관 부서 보고
- 현장·시설 상태 점검 및 작업계획 수립
- 도면·시방서·물량 내역 검토","- 도면과 시방서 독해가 가능한 분
- 현장 일정에 맞춘 근무가 가능한 분
- 기본 문서 작성과 보고 역량
- 안전수칙 및 관계 법령을 준수할 수 있는 분
- 건축·토목·전기·안전 등 관련 분야 이해
- 도면과 시방서 독해가 가능한 분","- 초음파비파괴검사기사 보유자
- 자기비파괴검사기사 보유자
- 건설·시설관리 현장 경험
- CAD·BIM·적산 프로그램 활용 경험
- 공공·대형 프로젝트 수행 경험","- 지원서 또는 제출서류를 허위로 기재한 경우
- 채용검진 결과 직무 수행이 어렵다고 판단되는 경우
- 해외여행 및 근무에 결격사유가 있는 경우
- 관련 법령 또는 내부 인사규정상 채용이 불가능한 경우",서류전형 > 인성검사 > 실무면접 > 최종면접
1671,공인중개사 모집,82,168,20260901,20261005,9,신입,정규직,강원특별자치도,전문학사 이상,"본 포지션은 공인중개사 업무를 담당하며, 현장의 요구사항을 정확히 파악해 안정적인 결과를 만드는 역할입니다.

건축·시설 분야의 실무 기준과 절차에 따라 계획 수립부터 실행, 결과 확인까지 전 과정에 참여합니다.

업무 과정에서 발생하는 이슈를 데이터와 기록에 근거해 분석하고, 유관 부서와 협의하여 개선합니다.

입사 후에는 표준 절차와 내부 시스템 교육을 이수하며, 숙련도에 따라 담당 범위가 확대됩니다.

정확성, 안전, 책임 있는 의사소통을 중시하며 실무 중심의 협업 역량을 기대합니다.","- 매물 조사와 중개계약 지원
- 권리관계 및 거래서류 확인
- 현장·시설 상태 점검 및 작업계획 수립
- 도면·시방서·물량 내역 검토
- 공정·품질·원가·안전 관리
- 협력업체 작업 조율 및 검수
- 인허가·점검 관련 서류 작성
- 하자·민원 원인 파악과 조치","- 공인중개사 자격를 보유한 분
- 현장 일정에 맞춘 근무가 가능한 분
- 기본 문서 작성과 보고 역량
- 안전수칙 및 관계 법령을 준수할 수 있는 분
- 건축·토목·전기·안전 등 관련 분야 이해
- 도면과 시방서 독해가 가능한 분","- 공인중개사 보유자
- 주택관리사보 보유자
- 건설·시설관리 현장 경험
- CAD·BIM·적산 프로그램 활용 경험
- 공공·대형 프로젝트 수행 경험","- 지원서 또는 제출서류를 허위로 기재한 경우
- 채용검진 결과 직무 수행이 어렵다고 판단되는 경우
- 해외여행 및 근무에 결격사유가 있는 경우
- 관련 법령 또는 내부 인사규정상 채용이 불가능한 경우",서류전형 > 1차면접 > 2차면접 > 채용검진
1672,공인중개사 채용,111,168,20260106,20260216,13,경력,정규직,충청북도,학사 이상,"본 포지션은 공인중개사 업무를 담당하며, 현장의 요구사항을 정확히 파악해 안정적인 결과를 만드는 역할입니다.

건축·시설 분야의 실무 기준과 절차에 따라 계획 수립부터 실행, 결과 확인까지 전 과정에 참여합니다.

업무 과정에서 발생하는 이슈를 데이터와 기록에 근거해 분석하고, 유관 부서와 협의하여 개선합니다.

입사 후에는 표준 절차와 내부 시스템 교육을 이수하며, 숙련도에 따라 담당 범위가 확대됩니다.

정확성, 안전, 책임 있는 의사소통을 중시하며 실무 중심의 협업 역량을 기대합니다.","- 매물 조사와 중개계약 지원
- 권리관계 및 거래서류 확인
- 협력업체 작업 조율 및 검수
- 인허가·점검 관련 서류 작성
- 하자·민원 원인 파악과 조치
- 점검 결과 및 유지보수 이력 관리
- 발주처·감리·유관 부서 보고
- 현장·시설 상태 점검 및 작업계획 수립","- 공인중개사 자격를 보유한 분
- 건축·토목·전기·안전 등 관련 분야 이해
- 도면과 시방서 독해가 가능한 분
- 현장 일정에 맞춘 근무가 가능한 분
- 기본 문서 작성과 보고 역량
- 안전수칙 및 관계 법령을 준수할 수 있는 분","- 주택관리사보 보유자
- 부동산자산관리사 보유자
- 운전면허 보유 및 출장 가능자
- 건설·시설관리 현장 경험
- CAD·BIM·적산 프로그램 활용 경험","- 지원서 또는 제출서류를 허위로 기재한 경우
- 채용검진 결과 직무 수행이 어렵다고 판단되는 경우
- 해외여행 및 근무에 결격사유가 있는 경우
- 관련 법령 또는 내부 인사규정상 채용이 불가능한 경우",서류전형 > 필기전형 > 면접전형 > 최종합격
1673,공인중개사 담당자 모집,36,168,20260311,20260323,17,신입·경력,계약직,충청남도,학사 이상,"본 포지션은 공인중개사 업무를 담당하며, 현장의 요구사항을 정확히 파악해 안정적인 결과를 만드는 역할입니다.

건축·시설 분야의 실무 기준과 절차에 따라 계획 수립부터 실행, 결과 확인까지 전 과정에 참여합니다.

업무 과정에서 발생하는 이슈를 데이터와 기록에 근거해 분석하고, 유관 부서와 협의하여 개선합니다.

입사 후에는 표준 절차와 내부 시스템 교육을 이수하며, 숙련도에 따라 담당 범위가 확대됩니다.

정확성, 안전, 책임 있는 의사소통을 중시하며 실무 중심의 협업 역량을 기대합니다.","- 매물 조사와 중개계약 지원
- 권리관계 및 거래서류 확인
- 점검 결과 및 유지보수 이력 관리
- 발주처·감리·유관 부서 보고
- 현장·시설 상태 점검 및 작업계획 수립
- 도면·시방서·물량 내역 검토
- 공정·품질·원가·안전 관리
- 협력업체 작업 조율 및 검수","- 공인중개사 자격를 보유한 분
- 기본 문서 작성과 보고 역량
- 안전수칙 및 관계 법령을 준수할 수 있는 분
- 건축·토목·전기·안전 등 관련 분야 이해
- 도면과 시방서 독해가 가능한 분
- 현장 일정에 맞춘 근무가 가능한 분","- 부동산자산관리사 보유자
- 공인중개사 보유자
- 공공·대형 프로젝트 수행 경험
- 운전면허 보유 및 출장 가능자
- 건설·시설관리 현장 경험","- 지원서 또는 제출서류를 허위로 기재한 경우
- 채용검진 결과 직무 수행이 어렵다고 판단되는 경우
- 해외여행 및 근무에 결격사유가 있는 경우
- 관련 법령 또는 내부 인사규정상 채용이 불가능한 경우",서류전형 > 실무면접 > 최종면접
1674,공인중개사 인재 채용,140,168,20260516,20260604,1,경력 2년 이상,무기계약직,전북특별자치도,전문학사 이상,"본 포지션은 공인중개사 업무를 담당하며, 현장의 요구사항을 정확히 파악해 안정적인 결과를 만드는 역할입니다.

건축·시설 분야의 실무 기준과 절차에 따라 계획 수립부터 실행, 결과 확인까지 전 과정에 참여합니다.

업무 과정에서 발생하는 이슈를 데이터와 기록에 근거해 분석하고, 유관 부서와 협의하여 개선합니다.

입사 후에는 표준 절차와 내부 시스템 교육을 이수하며, 숙련도에 따라 담당 범위가 확대됩니다.

정확성, 안전, 책임 있는 의사소통을 중시하며 실무 중심의 협업 역량을 기대합니다.","- 매물 조사와 중개계약 지원
- 권리관계 및 거래서류 확인
- 도면·시방서·물량 내역 검토
- 공정·품질·원가·안전 관리
- 협력업체 작업 조율 및 검수
- 인허가·점검 관련 서류 작성
- 하자·민원 원인 파악과 조치
- 점검 결과 및 유지보수 이력 관리","- 공인중개사 자격를 보유한 분
- 도면과 시방서 독해가 가능한 분
- 현장 일정에 맞춘 근무가 가능한 분
- 기본 문서 작성과 보고 역량
- 안전수칙 및 관계 법령을 준수할 수 있는 분
- 건축·토목·전기·안전 등 관련 분야 이해","- 공인중개사 보유자
- 주택관리사보 보유자
- CAD·BIM·적산 프로그램 활용 경험
- 공공·대형 프로젝트 수행 경험
- 운전면허 보유 및 출장 가능자","- 지원서 또는 제출서류를 허위로 기재한 경우
- 채용검진 결과 직무 수행이 어렵다고 판단되는 경우
- 해외여행 및 근무에 결격사유가 있는 경우
- 관련 법령 또는 내부 인사규정상 채용이 불가능한 경우",서류전형 > 인성검사 > 실무면접 > 최종면접
1675,공인중개사 실무자 모집,45,168,20260721,20260816,5,경력 3년 이상,정규직,전라남도,학사 이상,"본 포지션은 공인중개사 업무를 담당하며, 현장의 요구사항을 정확히 파악해 안정적인 결과를 만드는 역할입니다.

건축·시설 분야의 실무 기준과 절차에 따라 계획 수립부터 실행, 결과 확인까지 전 과정에 참여합니다.

업무 과정에서 발생하는 이슈를 데이터와 기록에 근거해 분석하고, 유관 부서와 협의하여 개선합니다.

입사 후에는 표준 절차와 내부 시스템 교육을 이수하며, 숙련도에 따라 담당 범위가 확대됩니다.

정확성, 안전, 책임 있는 의사소통을 중시하며 실무 중심의 협업 역량을 기대합니다.","- 매물 조사와 중개계약 지원
- 권리관계 및 거래서류 확인
- 인허가·점검 관련 서류 작성
- 하자·민원 원인 파악과 조치
- 점검 결과 및 유지보수 이력 관리
- 발주처·감리·유관 부서 보고
- 현장·시설 상태 점검 및 작업계획 수립
- 도면·시방서·물량 내역 검토","- 공인중개사 자격를 보유한 분
- 안전수칙 및 관계 법령을 준수할 수 있는 분
- 건축·토목·전기·안전 등 관련 분야 이해
- 도면과 시방서 독해가 가능한 분
- 현장 일정에 맞춘 근무가 가능한 분
- 기본 문서 작성과 보고 역량","- 주택관리사보 보유자
- 부동산자산관리사 보유자
- 건설·시설관리 현장 경험
- CAD·BIM·적산 프로그램 활용 경험
- 공공·대형 프로젝트 수행 경험","- 지원서 또는 제출서류를 허위로 기재한 경우
- 채용검진 결과 직무 수행이 어렵다고 판단되는 경우
- 해외여행 및 근무에 결격사유가 있는 경우
- 관련 법령 또는 내부 인사규정상 채용이 불가능한 경우",서류전형 > 직무과제 > 실무면접 > 처우협의
1676,공인중개사 전문인력 채용,42,168,20260902,20261005,9,경력 무관,정규직,경상북도,학사 이상,"본 포지션은 공인중개사 업무를 담당하며, 현장의 요구사항을 정확히 파악해 안정적인 결과를 만드는 역할입니다.

건축·시설 분야의 실무 기준과 절차에 따라 계획 수립부터 실행, 결과 확인까지 전 과정에 참여합니다.

업무 과정에서 발생하는 이슈를 데이터와 기록에 근거해 분석하고, 유관 부서와 협의하여 개선합니다.

입사 후에는 표준 절차와 내부 시스템 교육을 이수하며, 숙련도에 따라 담당 범위가 확대됩니다.

정확성, 안전, 책임 있는 의사소통을 중시하며 실무 중심의 협업 역량을 기대합니다.","- 매물 조사와 중개계약 지원
- 권리관계 및 거래서류 확인
- 발주처·감리·유관 부서 보고
- 현장·시설 상태 점검 및 작업계획 수립
- 도면·시방서·물량 내역 검토
- 공정·품질·원가·안전 관리
- 협력업체 작업 조율 및 검수
- 인허가·점검 관련 서류 작성","- 공인중개사 자격를 보유한 분
- 현장 일정에 맞춘 근무가 가능한 분
- 기본 문서 작성과 보고 역량
- 안전수칙 및 관계 법령을 준수할 수 있는 분
- 건축·토목·전기·안전 등 관련 분야 이해
- 도면과 시방서 독해가 가능한 분","- 부동산자산관리사 보유자
- 공인중개사 보유자
- 운전면허 보유 및 출장 가능자
- 건설·시설관리 현장 경험
- CAD·BIM·적산 프로그램 활용 경험","- 지원서 또는 제출서류를 허위로 기재한 경우
- 채용검진 결과 직무 수행이 어렵다고 판단되는 경우
- 해외여행 및 근무에 결격사유가 있는 경우
- 관련 법령 또는 내부 인사규정상 채용이 불가능한 경우",서류전형 > 1차면접 > 2차면접 > 채용검진
1677,공인중개사 운영인력 모집,4,168,20260107,20260216,13,경력 5년 이상,계약직,경상남도,전문학사 이상,"본 포지션은 공인중개사 업무를 담당하며, 현장의 요구사항을 정확히 파악해 안정적인 결과를 만드는 역할입니다.

건축·시설 분야의 실무 기준과 절차에 따라 계획 수립부터 실행, 결과 확인까지 전 과정에 참여합니다.

업무 과정에서 발생하는 이슈를 데이터와 기록에 근거해 분석하고, 유관 부서와 협의하여 개선합니다.

입사 후에는 표준 절차와 내부 시스템 교육을 이수하며, 숙련도에 따라 담당 범위가 확대됩니다.

정확성, 안전, 책임 있는 의사소통을 중시하며 실무 중심의 협업 역량을 기대합니다.","- 매물 조사와 중개계약 지원
- 권리관계 및 거래서류 확인
- 공정·품질·원가·안전 관리
- 협력업체 작업 조율 및 검수
- 인허가·점검 관련 서류 작성
- 하자·민원 원인 파악과 조치
- 점검 결과 및 유지보수 이력 관리
- 발주처·감리·유관 부서 보고","- 공인중개사 자격를 보유한 분
- 건축·토목·전기·안전 등 관련 분야 이해
- 도면과 시방서 독해가 가능한 분
- 현장 일정에 맞춘 근무가 가능한 분
- 기본 문서 작성과 보고 역량
- 안전수칙 및 관계 법령을 준수할 수 있는 분","- 공인중개사 보유자
- 주택관리사보 보유자
- 공공·대형 프로젝트 수행 경험
- 운전면허 보유 및 출장 가능자
- 건설·시설관리 현장 경험","- 지원서 또는 제출서류를 허위로 기재한 경우
- 채용검진 결과 직무 수행이 어렵다고 판단되는 경우
- 해외여행 및 근무에 결격사유가 있는 경우
- 관련 법령 또는 내부 인사규정상 채용이 불가능한 경우",서류전형 > 필기전형 > 면접전형 > 최종합격
1678,공인중개사 프로젝트 인력 채용,142,168,20260312,20260323,17,신입,무기계약직,제주특별자치도,학사 이상,"본 포지션은 공인중개사 업무를 담당하며, 현장의 요구사항을 정확히 파악해 안정적인 결과를 만드는 역할입니다.

건축·시설 분야의 실무 기준과 절차에 따라 계획 수립부터 실행, 결과 확인까지 전 과정에 참여합니다.

업무 과정에서 발생하는 이슈를 데이터와 기록에 근거해 분석하고, 유관 부서와 협의하여 개선합니다.

입사 후에는 표준 절차와 내부 시스템 교육을 이수하며, 숙련도에 따라 담당 범위가 확대됩니다.

정확성, 안전, 책임 있는 의사소통을 중시하며 실무 중심의 협업 역량을 기대합니다.","- 매물 조사와 중개계약 지원
- 권리관계 및 거래서류 확인
- 하자·민원 원인 파악과 조치
- 점검 결과 및 유지보수 이력 관리
- 발주처·감리·유관 부서 보고
- 현장·시설 상태 점검 및 작업계획 수립
- 도면·시방서·물량 내역 검토
- 공정·품질·원가·안전 관리","- 공인중개사 자격를 보유한 분
- 기본 문서 작성과 보고 역량
- 안전수칙 및 관계 법령을 준수할 수 있는 분
- 건축·토목·전기·안전 등 관련 분야 이해
- 도면과 시방서 독해가 가능한 분
- 현장 일정에 맞춘 근무가 가능한 분","- 주택관리사보 보유자
- 부동산자산관리사 보유자
- CAD·BIM·적산 프로그램 활용 경험
- 공공·대형 프로젝트 수행 경험
- 운전면허 보유 및 출장 가능자","- 지원서 또는 제출서류를 허위로 기재한 경우
- 채용검진 결과 직무 수행이 어렵다고 판단되는 경우
- 해외여행 및 근무에 결격사유가 있는 경우
- 관련 법령 또는 내부 인사규정상 채용이 불가능한 경우",서류전형 > 실무면접 > 최종면접
1679,공인중개사 직무 채용,144,168,20260517,20260604,1,경력,정규직,서울특별시,학사 이상,"본 포지션은 공인중개사 업무를 담당하며, 현장의 요구사항을 정확히 파악해 안정적인 결과를 만드는 역할입니다.

건축·시설 분야의 실무 기준과 절차에 따라 계획 수립부터 실행, 결과 확인까지 전 과정에 참여합니다.

업무 과정에서 발생하는 이슈를 데이터와 기록에 근거해 분석하고, 유관 부서와 협의하여 개선합니다.

입사 후에는 표준 절차와 내부 시스템 교육을 이수하며, 숙련도에 따라 담당 범위가 확대됩니다.

정확성, 안전, 책임 있는 의사소통을 중시하며 실무 중심의 협업 역량을 기대합니다.","- 매물 조사와 중개계약 지원
- 권리관계 및 거래서류 확인
- 현장·시설 상태 점검 및 작업계획 수립
- 도면·시방서·물량 내역 검토
- 공정·품질·원가·안전 관리
- 협력업체 작업 조율 및 검수
- 인허가·점검 관련 서류 작성
- 하자·민원 원인 파악과 조치","- 공인중개사 자격를 보유한 분
- 도면과 시방서 독해가 가능한 분
- 현장 일정에 맞춘 근무가 가능한 분
- 기본 문서 작성과 보고 역량
- 안전수칙 및 관계 법령을 준수할 수 있는 분
- 건축·토목·전기·안전 등 관련 분야 이해","- 부동산자산관리사 보유자
- 공인중개사 보유자
- 건설·시설관리 현장 경험
- CAD·BIM·적산 프로그램 활용 경험
- 공공·대형 프로젝트 수행 경험","- 지원서 또는 제출서류를 허위로 기재한 경우
- 채용검진 결과 직무 수행이 어렵다고 판단되는 경우
- 해외여행 및 근무에 결격사유가 있는 경우
- 관련 법령 또는 내부 인사규정상 채용이 불가능한 경우",서류전형 > 인성검사 > 실무면접 > 최종면접
1680,공인중개사 부문 모집,74,168,20260722,20260816,5,신입·경력,정규직,부산광역시,전문학사 이상,"본 포지션은 공인중개사 업무를 담당하며, 현장의 요구사항을 정확히 파악해 안정적인 결과를 만드는 역할입니다.

건축·시설 분야의 실무 기준과 절차에 따라 계획 수립부터 실행, 결과 확인까지 전 과정에 참여합니다.

업무 과정에서 발생하는 이슈를 데이터와 기록에 근거해 분석하고, 유관 부서와 협의하여 개선합니다.

입사 후에는 표준 절차와 내부 시스템 교육을 이수하며, 숙련도에 따라 담당 범위가 확대됩니다.

정확성, 안전, 책임 있는 의사소통을 중시하며 실무 중심의 협업 역량을 기대합니다.","- 매물 조사와 중개계약 지원
- 권리관계 및 거래서류 확인
- 협력업체 작업 조율 및 검수
- 인허가·점검 관련 서류 작성
- 하자·민원 원인 파악과 조치
- 점검 결과 및 유지보수 이력 관리
- 발주처·감리·유관 부서 보고
- 현장·시설 상태 점검 및 작업계획 수립","- 공인중개사 자격를 보유한 분
- 안전수칙 및 관계 법령을 준수할 수 있는 분
- 건축·토목·전기·안전 등 관련 분야 이해
- 도면과 시방서 독해가 가능한 분
- 현장 일정에 맞춘 근무가 가능한 분
- 기본 문서 작성과 보고 역량","- 공인중개사 보유자
- 주택관리사보 보유자
- 운전면허 보유 및 출장 가능자
- 건설·시설관리 현장 경험
- CAD·BIM·적산 프로그램 활용 경험","- 지원서 또는 제출서류를 허위로 기재한 경우
- 채용검진 결과 직무 수행이 어렵다고 판단되는 경우
- 해외여행 및 근무에 결격사유가 있는 경우
- 관련 법령 또는 내부 인사규정상 채용이 불가능한 경우",서류전형 > 직무과제 > 실무면접 > 처우협의
1681,감정평가사 모집,127,169,20261004,20261108,10,경력,정규직,충청북도,전문학사 이상,"본 포지션은 감정평가사 업무를 담당하며, 현장의 요구사항을 정확히 파악해 안정적인 결과를 만드는 역할입니다.

건축·시설 분야의 실무 기준과 절차에 따라 계획 수립부터 실행, 결과 확인까지 전 과정에 참여합니다.

업무 과정에서 발생하는 이슈를 데이터와 기록에 근거해 분석하고, 유관 부서와 협의하여 개선합니다.

입사 후에는 표준 절차와 내부 시스템 교육을 이수하며, 숙련도에 따라 담당 범위가 확대됩니다.

정확성, 안전, 책임 있는 의사소통을 중시하며 실무 중심의 협업 역량을 기대합니다.","- 대상 물건 조사와 가치 분석
- 감정평가서 작성 및 검토
- 발주처·감리·유관 부서 보고
- 현장·시설 상태 점검 및 작업계획 수립
- 도면·시방서·물량 내역 검토
- 공정·품질·원가·안전 관리
- 협력업체 작업 조율 및 검수
- 인허가·점검 관련 서류 작성","- 감정평가사 자격를 보유한 분
- 안전수칙 및 관계 법령을 준수할 수 있는 분
- 건축·토목·전기·안전 등 관련 분야 이해
- 도면과 시방서 독해가 가능한 분
- 현장 일정에 맞춘 근무가 가능한 분
- 기본 문서 작성과 보고 역량","- 감정평가사 보유자
- 공인중개사 보유자
- 운전면허 보유 및 출장 가능자
- 건설·시설관리 현장 경험
- CAD·BIM·적산 프로그램 활용 경험","- 지원서 또는 제출서류를 허위로 기재한 경우
- 채용검진 결과 직무 수행이 어렵다고 판단되는 경우
- 해외여행 및 근무에 결격사유가 있는 경우
- 관련 법령 또는 내부 인사규정상 채용이 불가능한 경우",서류전형 > 필기전형 > 면접전형 > 최종합격
1682,감정평가사 채용,124,169,20260209,20260323,14,경력 3년 이상,정규직,충청남도,학사 이상,"본 포지션은 감정평가사 업무를 담당하며, 현장의 요구사항을 정확히 파악해 안정적인 결과를 만드는 역할입니다.

건축·시설 분야의 실무 기준과 절차에 따라 계획 수립부터 실행, 결과 확인까지 전 과정에 참여합니다.

업무 과정에서 발생하는 이슈를 데이터와 기록에 근거해 분석하고, 유관 부서와 협의하여 개선합니다.

입사 후에는 표준 절차와 내부 시스템 교육을 이수하며, 숙련도에 따라 담당 범위가 확대됩니다.

정확성, 안전, 책임 있는 의사소통을 중시하며 실무 중심의 협업 역량을 기대합니다.","- 대상 물건 조사와 가치 분석
- 감정평가서 작성 및 검토
- 공정·품질·원가·안전 관리
- 협력업체 작업 조율 및 검수
- 인허가·점검 관련 서류 작성
- 하자·민원 원인 파악과 조치
- 점검 결과 및 유지보수 이력 관리
- 발주처·감리·유관 부서 보고","- 감정평가사 자격를 보유한 분
- 현장 일정에 맞춘 근무가 가능한 분
- 기본 문서 작성과 보고 역량
- 안전수칙 및 관계 법령을 준수할 수 있는 분
- 건축·토목·전기·안전 등 관련 분야 이해
- 도면과 시방서 독해가 가능한 분","- 공인중개사 보유자
- 투자자산운용사 보유자
- 공공·대형 프로젝트 수행 경험
- 운전면허 보유 및 출장 가능자
- 건설·시설관리 현장 경험","- 지원서 또는 제출서류를 허위로 기재한 경우
- 채용검진 결과 직무 수행이 어렵다고 판단되는 경우
- 해외여행 및 근무에 결격사유가 있는 경우
- 관련 법령 또는 내부 인사규정상 채용이 불가능한 경우",서류전형 > 실무면접 > 최종면접
1683,감정평가사 담당자 모집,22,169,20260414,20260427,18,경력,계약직,전북특별자치도,학사 이상,"본 포지션은 감정평가사 업무를 담당하며, 현장의 요구사항을 정확히 파악해 안정적인 결과를 만드는 역할입니다.

건축·시설 분야의 실무 기준과 절차에 따라 계획 수립부터 실행, 결과 확인까지 전 과정에 참여합니다.

업무 과정에서 발생하는 이슈를 데이터와 기록에 근거해 분석하고, 유관 부서와 협의하여 개선합니다.

입사 후에는 표준 절차와 내부 시스템 교육을 이수하며, 숙련도에 따라 담당 범위가 확대됩니다.

정확성, 안전, 책임 있는 의사소통을 중시하며 실무 중심의 협업 역량을 기대합니다.","- 대상 물건 조사와 가치 분석
- 감정평가서 작성 및 검토
- 하자·민원 원인 파악과 조치
- 점검 결과 및 유지보수 이력 관리
- 발주처·감리·유관 부서 보고
- 현장·시설 상태 점검 및 작업계획 수립
- 도면·시방서·물량 내역 검토
- 공정·품질·원가·안전 관리","- 감정평가사 자격를 보유한 분
- 건축·토목·전기·안전 등 관련 분야 이해
- 도면과 시방서 독해가 가능한 분
- 현장 일정에 맞춘 근무가 가능한 분
- 기본 문서 작성과 보고 역량
- 안전수칙 및 관계 법령을 준수할 수 있는 분","- 투자자산운용사 보유자
- 감정평가사 보유자
- CAD·BIM·적산 프로그램 활용 경험
- 공공·대형 프로젝트 수행 경험
- 운전면허 보유 및 출장 가능자","- 지원서 또는 제출서류를 허위로 기재한 경우
- 채용검진 결과 직무 수행이 어렵다고 판단되는 경우
- 해외여행 및 근무에 결격사유가 있는 경우
- 관련 법령 또는 내부 인사규정상 채용이 불가능한 경우",서류전형 > 인성검사 > 실무면접 > 최종면접
1684,감정평가사 인재 채용,93,169,20260619,20260709,2,경력 3년 이상,무기계약직,전라남도,전문학사 이상,"본 포지션은 감정평가사 업무를 담당하며, 현장의 요구사항을 정확히 파악해 안정적인 결과를 만드는 역할입니다.

건축·시설 분야의 실무 기준과 절차에 따라 계획 수립부터 실행, 결과 확인까지 전 과정에 참여합니다.

업무 과정에서 발생하는 이슈를 데이터와 기록에 근거해 분석하고, 유관 부서와 협의하여 개선합니다.

입사 후에는 표준 절차와 내부 시스템 교육을 이수하며, 숙련도에 따라 담당 범위가 확대됩니다.

정확성, 안전, 책임 있는 의사소통을 중시하며 실무 중심의 협업 역량을 기대합니다.","- 대상 물건 조사와 가치 분석
- 감정평가서 작성 및 검토
- 현장·시설 상태 점검 및 작업계획 수립
- 도면·시방서·물량 내역 검토
- 공정·품질·원가·안전 관리
- 협력업체 작업 조율 및 검수
- 인허가·점검 관련 서류 작성
- 하자·민원 원인 파악과 조치","- 감정평가사 자격를 보유한 분
- 기본 문서 작성과 보고 역량
- 안전수칙 및 관계 법령을 준수할 수 있는 분
- 건축·토목·전기·안전 등 관련 분야 이해
- 도면과 시방서 독해가 가능한 분
- 현장 일정에 맞춘 근무가 가능한 분","- 감정평가사 보유자
- 공인중개사 보유자
- 건설·시설관리 현장 경험
- CAD·BIM·적산 프로그램 활용 경험
- 공공·대형 프로젝트 수행 경험","- 지원서 또는 제출서류를 허위로 기재한 경우
- 채용검진 결과 직무 수행이 어렵다고 판단되는 경우
- 해외여행 및 근무에 결격사유가 있는 경우
- 관련 법령 또는 내부 인사규정상 채용이 불가능한 경우",서류전형 > 직무과제 > 실무면접 > 처우협의
1685,감정평가사 실무자 모집,50,169,20260824,20260920,6,경력,정규직,경상북도,학사 이상,"본 포지션은 감정평가사 업무를 담당하며, 현장의 요구사항을 정확히 파악해 안정적인 결과를 만드는 역할입니다.

건축·시설 분야의 실무 기준과 절차에 따라 계획 수립부터 실행, 결과 확인까지 전 과정에 참여합니다.

업무 과정에서 발생하는 이슈를 데이터와 기록에 근거해 분석하고, 유관 부서와 협의하여 개선합니다.

입사 후에는 표준 절차와 내부 시스템 교육을 이수하며, 숙련도에 따라 담당 범위가 확대됩니다.

정확성, 안전, 책임 있는 의사소통을 중시하며 실무 중심의 협업 역량을 기대합니다.","- 대상 물건 조사와 가치 분석
- 감정평가서 작성 및 검토
- 협력업체 작업 조율 및 검수
- 인허가·점검 관련 서류 작성
- 하자·민원 원인 파악과 조치
- 점검 결과 및 유지보수 이력 관리
- 발주처·감리·유관 부서 보고
- 현장·시설 상태 점검 및 작업계획 수립","- 감정평가사 자격를 보유한 분
- 도면과 시방서 독해가 가능한 분
- 현장 일정에 맞춘 근무가 가능한 분
- 기본 문서 작성과 보고 역량
- 안전수칙 및 관계 법령을 준수할 수 있는 분
- 건축·토목·전기·안전 등 관련 분야 이해","- 공인중개사 보유자
- 투자자산운용사 보유자
- 운전면허 보유 및 출장 가능자
- 건설·시설관리 현장 경험
- CAD·BIM·적산 프로그램 활용 경험","- 지원서 또는 제출서류를 허위로 기재한 경우
- 채용검진 결과 직무 수행이 어렵다고 판단되는 경우
- 해외여행 및 근무에 결격사유가 있는 경우
- 관련 법령 또는 내부 인사규정상 채용이 불가능한 경우",서류전형 > 1차면접 > 2차면접 > 채용검진
1686,감정평가사 전문인력 채용,61,169,20261005,20261108,10,경력 3년 이상,정규직,경상남도,학사 이상,"본 포지션은 감정평가사 업무를 담당하며, 현장의 요구사항을 정확히 파악해 안정적인 결과를 만드는 역할입니다.

건축·시설 분야의 실무 기준과 절차에 따라 계획 수립부터 실행, 결과 확인까지 전 과정에 참여합니다.

업무 과정에서 발생하는 이슈를 데이터와 기록에 근거해 분석하고, 유관 부서와 협의하여 개선합니다.

입사 후에는 표준 절차와 내부 시스템 교육을 이수하며, 숙련도에 따라 담당 범위가 확대됩니다.

정확성, 안전, 책임 있는 의사소통을 중시하며 실무 중심의 협업 역량을 기대합니다.","- 대상 물건 조사와 가치 분석
- 감정평가서 작성 및 검토
- 점검 결과 및 유지보수 이력 관리
- 발주처·감리·유관 부서 보고
- 현장·시설 상태 점검 및 작업계획 수립
- 도면·시방서·물량 내역 검토
- 공정·품질·원가·안전 관리
- 협력업체 작업 조율 및 검수","- 감정평가사 자격를 보유한 분
- 안전수칙 및 관계 법령을 준수할 수 있는 분
- 건축·토목·전기·안전 등 관련 분야 이해
- 도면과 시방서 독해가 가능한 분
- 현장 일정에 맞춘 근무가 가능한 분
- 기본 문서 작성과 보고 역량","- 투자자산운용사 보유자
- 감정평가사 보유자
- 공공·대형 프로젝트 수행 경험
- 운전면허 보유 및 출장 가능자
- 건설·시설관리 현장 경험","- 지원서 또는 제출서류를 허위로 기재한 경우
- 채용검진 결과 직무 수행이 어렵다고 판단되는 경우
- 해외여행 및 근무에 결격사유가 있는 경우
- 관련 법령 또는 내부 인사규정상 채용이 불가능한 경우",서류전형 > 필기전형 > 면접전형 > 최종합격
1687,감정평가사 운영인력 모집,2,169,20260210,20260323,14,경력,계약직,제주특별자치도,전문학사 이상,"본 포지션은 감정평가사 업무를 담당하며, 현장의 요구사항을 정확히 파악해 안정적인 결과를 만드는 역할입니다.

건축·시설 분야의 실무 기준과 절차에 따라 계획 수립부터 실행, 결과 확인까지 전 과정에 참여합니다.

업무 과정에서 발생하는 이슈를 데이터와 기록에 근거해 분석하고, 유관 부서와 협의하여 개선합니다.

입사 후에는 표준 절차와 내부 시스템 교육을 이수하며, 숙련도에 따라 담당 범위가 확대됩니다.

정확성, 안전, 책임 있는 의사소통을 중시하며 실무 중심의 협업 역량을 기대합니다.","- 대상 물건 조사와 가치 분석
- 감정평가서 작성 및 검토
- 도면·시방서·물량 내역 검토
- 공정·품질·원가·안전 관리
- 협력업체 작업 조율 및 검수
- 인허가·점검 관련 서류 작성
- 하자·민원 원인 파악과 조치
- 점검 결과 및 유지보수 이력 관리","- 감정평가사 자격를 보유한 분
- 현장 일정에 맞춘 근무가 가능한 분
- 기본 문서 작성과 보고 역량
- 안전수칙 및 관계 법령을 준수할 수 있는 분
- 건축·토목·전기·안전 등 관련 분야 이해
- 도면과 시방서 독해가 가능한 분","- 감정평가사 보유자
- 공인중개사 보유자
- CAD·BIM·적산 프로그램 활용 경험
- 공공·대형 프로젝트 수행 경험
- 운전면허 보유 및 출장 가능자","- 지원서 또는 제출서류를 허위로 기재한 경우
- 채용검진 결과 직무 수행이 어렵다고 판단되는 경우
- 해외여행 및 근무에 결격사유가 있는 경우
- 관련 법령 또는 내부 인사규정상 채용이 불가능한 경우",서류전형 > 실무면접 > 최종면접
1688,감정평가사 프로젝트 인력 채용,26,169,20260415,20260427,18,경력 3년 이상,무기계약직,서울특별시,학사 이상,"본 포지션은 감정평가사 업무를 담당하며, 현장의 요구사항을 정확히 파악해 안정적인 결과를 만드는 역할입니다.

건축·시설 분야의 실무 기준과 절차에 따라 계획 수립부터 실행, 결과 확인까지 전 과정에 참여합니다.

업무 과정에서 발생하는 이슈를 데이터와 기록에 근거해 분석하고, 유관 부서와 협의하여 개선합니다.

입사 후에는 표준 절차와 내부 시스템 교육을 이수하며, 숙련도에 따라 담당 범위가 확대됩니다.

정확성, 안전, 책임 있는 의사소통을 중시하며 실무 중심의 협업 역량을 기대합니다.","- 대상 물건 조사와 가치 분석
- 감정평가서 작성 및 검토
- 인허가·점검 관련 서류 작성
- 하자·민원 원인 파악과 조치
- 점검 결과 및 유지보수 이력 관리
- 발주처·감리·유관 부서 보고
- 현장·시설 상태 점검 및 작업계획 수립
- 도면·시방서·물량 내역 검토","- 감정평가사 자격를 보유한 분
- 건축·토목·전기·안전 등 관련 분야 이해
- 도면과 시방서 독해가 가능한 분
- 현장 일정에 맞춘 근무가 가능한 분
- 기본 문서 작성과 보고 역량
- 안전수칙 및 관계 법령을 준수할 수 있는 분","- 공인중개사 보유자
- 투자자산운용사 보유자
- 건설·시설관리 현장 경험
- CAD·BIM·적산 프로그램 활용 경험
- 공공·대형 프로젝트 수행 경험","- 지원서 또는 제출서류를 허위로 기재한 경우
- 채용검진 결과 직무 수행이 어렵다고 판단되는 경우
- 해외여행 및 근무에 결격사유가 있는 경우
- 관련 법령 또는 내부 인사규정상 채용이 불가능한 경우",서류전형 > 인성검사 > 실무면접 > 최종면접
1689,감정평가사 직무 채용,89,169,20260620,20260709,2,경력,정규직,부산광역시,학사 이상,"본 포지션은 감정평가사 업무를 담당하며, 현장의 요구사항을 정확히 파악해 안정적인 결과를 만드는 역할입니다.

건축·시설 분야의 실무 기준과 절차에 따라 계획 수립부터 실행, 결과 확인까지 전 과정에 참여합니다.

업무 과정에서 발생하는 이슈를 데이터와 기록에 근거해 분석하고, 유관 부서와 협의하여 개선합니다.

입사 후에는 표준 절차와 내부 시스템 교육을 이수하며, 숙련도에 따라 담당 범위가 확대됩니다.

정확성, 안전, 책임 있는 의사소통을 중시하며 실무 중심의 협업 역량을 기대합니다.","- 대상 물건 조사와 가치 분석
- 감정평가서 작성 및 검토
- 발주처·감리·유관 부서 보고
- 현장·시설 상태 점검 및 작업계획 수립
- 도면·시방서·물량 내역 검토
- 공정·품질·원가·안전 관리
- 협력업체 작업 조율 및 검수
- 인허가·점검 관련 서류 작성","- 감정평가사 자격를 보유한 분
- 기본 문서 작성과 보고 역량
- 안전수칙 및 관계 법령을 준수할 수 있는 분
- 건축·토목·전기·안전 등 관련 분야 이해
- 도면과 시방서 독해가 가능한 분
- 현장 일정에 맞춘 근무가 가능한 분","- 투자자산운용사 보유자
- 감정평가사 보유자
- 운전면허 보유 및 출장 가능자
- 건설·시설관리 현장 경험
- CAD·BIM·적산 프로그램 활용 경험","- 지원서 또는 제출서류를 허위로 기재한 경우
- 채용검진 결과 직무 수행이 어렵다고 판단되는 경우
- 해외여행 및 근무에 결격사유가 있는 경우
- 관련 법령 또는 내부 인사규정상 채용이 불가능한 경우",서류전형 > 직무과제 > 실무면접 > 처우협의
1690,감정평가사 부문 모집,102,169,20260801,20260827,6,경력 3년 이상,정규직,인천광역시,전문학사 이상,"본 포지션은 감정평가사 업무를 담당하며, 현장의 요구사항을 정확히 파악해 안정적인 결과를 만드는 역할입니다.

건축·시설 분야의 실무 기준과 절차에 따라 계획 수립부터 실행, 결과 확인까지 전 과정에 참여합니다.

업무 과정에서 발생하는 이슈를 데이터와 기록에 근거해 분석하고, 유관 부서와 협의하여 개선합니다.

입사 후에는 표준 절차와 내부 시스템 교육을 이수하며, 숙련도에 따라 담당 범위가 확대됩니다.

정확성, 안전, 책임 있는 의사소통을 중시하며 실무 중심의 협업 역량을 기대합니다.","- 대상 물건 조사와 가치 분석
- 감정평가서 작성 및 검토
- 공정·품질·원가·안전 관리
- 협력업체 작업 조율 및 검수
- 인허가·점검 관련 서류 작성
- 하자·민원 원인 파악과 조치
- 점검 결과 및 유지보수 이력 관리
- 발주처·감리·유관 부서 보고","- 감정평가사 자격를 보유한 분
- 도면과 시방서 독해가 가능한 분
- 현장 일정에 맞춘 근무가 가능한 분
- 기본 문서 작성과 보고 역량
- 안전수칙 및 관계 법령을 준수할 수 있는 분
- 건축·토목·전기·안전 등 관련 분야 이해","- 감정평가사 보유자
- 공인중개사 보유자
- 공공·대형 프로젝트 수행 경험
- 운전면허 보유 및 출장 가능자
- 건설·시설관리 현장 경험","- 지원서 또는 제출서류를 허위로 기재한 경우
- 채용검진 결과 직무 수행이 어렵다고 판단되는 경우
- 해외여행 및 근무에 결격사유가 있는 경우
- 관련 법령 또는 내부 인사규정상 채용이 불가능한 경우",서류전형 > 1차면접 > 2차면접 > 채용검진
1691,분양매니저 모집,68,170,20260107,20260212,11,신입,정규직,충청남도,전문학사 이상,"본 포지션은 분양매니저 업무를 담당하며, 현장의 요구사항을 정확히 파악해 안정적인 결과를 만드는 역할입니다.

건축·시설 분야의 실무 기준과 절차에 따라 계획 수립부터 실행, 결과 확인까지 전 과정에 참여합니다.

업무 과정에서 발생하는 이슈를 데이터와 기록에 근거해 분석하고, 유관 부서와 협의하여 개선합니다.

입사 후에는 표준 절차와 내부 시스템 교육을 이수하며, 숙련도에 따라 담당 범위가 확대됩니다.

정확성, 안전, 책임 있는 의사소통을 중시하며 실무 중심의 협업 역량을 기대합니다.","- 분양매니저 직무 기준에 따른 실무 수행
- 분양매니저 관련 결과물 검토 및 개선
- 점검 결과 및 유지보수 이력 관리
- 발주처·감리·유관 부서 보고
- 현장·시설 상태 점검 및 작업계획 수립
- 도면·시방서·물량 내역 검토
- 공정·품질·원가·안전 관리
- 협력업체 작업 조율 및 검수","- 건축·토목·전기·안전 등 관련 분야 이해
- 도면과 시방서 독해가 가능한 분
- 현장 일정에 맞춘 근무가 가능한 분
- 기본 문서 작성과 보고 역량
- 안전수칙 및 관계 법령을 준수할 수 있는 분
- 건축·토목·전기·안전 등 관련 분야 이해","- 공인중개사 보유자
- 주택관리사보 보유자
- 공공·대형 프로젝트 수행 경험
- 운전면허 보유 및 출장 가능자
- 건설·시설관리 현장 경험","- 지원서 또는 제출서류를 허위로 기재한 경우
- 채용검진 결과 직무 수행이 어렵다고 판단되는 경우
- 해외여행 및 근무에 결격사유가 있는 경우
- 관련 법령 또는 내부 인사규정상 채용이 불가능한 경우",서류전형 > 실무면접 > 최종면접
1692,분양매니저 채용,134,170,20260312,20260424,15,경력,정규직,전북특별자치도,학력무관,"본 포지션은 분양매니저 업무를 담당하며, 현장의 요구사항을 정확히 파악해 안정적인 결과를 만드는 역할입니다.

건축·시설 분야의 실무 기준과 절차에 따라 계획 수립부터 실행, 결과 확인까지 전 과정에 참여합니다.

업무 과정에서 발생하는 이슈를 데이터와 기록에 근거해 분석하고, 유관 부서와 협의하여 개선합니다.

입사 후에는 표준 절차와 내부 시스템 교육을 이수하며, 숙련도에 따라 담당 범위가 확대됩니다.

정확성, 안전, 책임 있는 의사소통을 중시하며 실무 중심의 협업 역량을 기대합니다.","- 분양매니저 직무 기준에 따른 실무 수행
- 분양매니저 관련 결과물 검토 및 개선
- 도면·시방서·물량 내역 검토
- 공정·품질·원가·안전 관리
- 협력업체 작업 조율 및 검수
- 인허가·점검 관련 서류 작성
- 하자·민원 원인 파악과 조치
- 점검 결과 및 유지보수 이력 관리","- 기본 문서 작성과 보고 역량
- 안전수칙 및 관계 법령을 준수할 수 있는 분
- 건축·토목·전기·안전 등 관련 분야 이해
- 도면과 시방서 독해가 가능한 분
- 현장 일정에 맞춘 근무가 가능한 분
- 기본 문서 작성과 보고 역량","- 주택관리사보 보유자
- 텔레마케팅관리사 보유자
- CAD·BIM·적산 프로그램 활용 경험
- 공공·대형 프로젝트 수행 경험
- 운전면허 보유 및 출장 가능자","- 지원서 또는 제출서류를 허위로 기재한 경우
- 채용검진 결과 직무 수행이 어렵다고 판단되는 경우
- 해외여행 및 근무에 결격사유가 있는 경우
- 관련 법령 또는 내부 인사규정상 채용이 불가능한 경우",서류전형 > 인성검사 > 실무면접 > 최종면접
1693,분양매니저 담당자 모집,129,170,20260517,20260531,19,신입·경력,계약직,전라남도,전문학사 이상,"본 포지션은 분양매니저 업무를 담당하며, 현장의 요구사항을 정확히 파악해 안정적인 결과를 만드는 역할입니다.

건축·시설 분야의 실무 기준과 절차에 따라 계획 수립부터 실행, 결과 확인까지 전 과정에 참여합니다.

업무 과정에서 발생하는 이슈를 데이터와 기록에 근거해 분석하고, 유관 부서와 협의하여 개선합니다.

입사 후에는 표준 절차와 내부 시스템 교육을 이수하며, 숙련도에 따라 담당 범위가 확대됩니다.

정확성, 안전, 책임 있는 의사소통을 중시하며 실무 중심의 협업 역량을 기대합니다.","- 분양매니저 직무 기준에 따른 실무 수행
- 분양매니저 관련 결과물 검토 및 개선
- 인허가·점검 관련 서류 작성
- 하자·민원 원인 파악과 조치
- 점검 결과 및 유지보수 이력 관리
- 발주처·감리·유관 부서 보고
- 현장·시설 상태 점검 및 작업계획 수립
- 도면·시방서·물량 내역 검토","- 도면과 시방서 독해가 가능한 분
- 현장 일정에 맞춘 근무가 가능한 분
- 기본 문서 작성과 보고 역량
- 안전수칙 및 관계 법령을 준수할 수 있는 분
- 건축·토목·전기·안전 등 관련 분야 이해
- 도면과 시방서 독해가 가능한 분","- 텔레마케팅관리사 보유자
- 공인중개사 보유자
- 건설·시설관리 현장 경험
- CAD·BIM·적산 프로그램 활용 경험
- 공공·대형 프로젝트 수행 경험","- 지원서 또는 제출서류를 허위로 기재한 경우
- 채용검진 결과 직무 수행이 어렵다고 판단되는 경우
- 해외여행 및 근무에 결격사유가 있는 경우
- 관련 법령 또는 내부 인사규정상 채용이 불가능한 경우",서류전형 > 직무과제 > 실무면접 > 처우협의
1694,분양매니저 인재 채용,21,170,20260722,20260812,3,경력 2년 이상,무기계약직,경상북도,학력무관,"본 포지션은 분양매니저 업무를 담당하며, 현장의 요구사항을 정확히 파악해 안정적인 결과를 만드는 역할입니다.

건축·시설 분야의 실무 기준과 절차에 따라 계획 수립부터 실행, 결과 확인까지 전 과정에 참여합니다.

업무 과정에서 발생하는 이슈를 데이터와 기록에 근거해 분석하고, 유관 부서와 협의하여 개선합니다.

입사 후에는 표준 절차와 내부 시스템 교육을 이수하며, 숙련도에 따라 담당 범위가 확대됩니다.

정확성, 안전, 책임 있는 의사소통을 중시하며 실무 중심의 협업 역량을 기대합니다.","- 분양매니저 직무 기준에 따른 실무 수행
- 분양매니저 관련 결과물 검토 및 개선
- 발주처·감리·유관 부서 보고
- 현장·시설 상태 점검 및 작업계획 수립
- 도면·시방서·물량 내역 검토
- 공정·품질·원가·안전 관리
- 협력업체 작업 조율 및 검수
- 인허가·점검 관련 서류 작성","- 안전수칙 및 관계 법령을 준수할 수 있는 분
- 건축·토목·전기·안전 등 관련 분야 이해
- 도면과 시방서 독해가 가능한 분
- 현장 일정에 맞춘 근무가 가능한 분
- 기본 문서 작성과 보고 역량
- 안전수칙 및 관계 법령을 준수할 수 있는 분","- 공인중개사 보유자
- 주택관리사보 보유자
- 운전면허 보유 및 출장 가능자
- 건설·시설관리 현장 경험
- CAD·BIM·적산 프로그램 활용 경험","- 지원서 또는 제출서류를 허위로 기재한 경우
- 채용검진 결과 직무 수행이 어렵다고 판단되는 경우
- 해외여행 및 근무에 결격사유가 있는 경우
- 관련 법령 또는 내부 인사규정상 채용이 불가능한 경우",서류전형 > 1차면접 > 2차면접 > 채용검진
1695,분양매니저 실무자 모집,88,170,20260903,20261001,7,경력 3년 이상,정규직,경상남도,전문학사 이상,"본 포지션은 분양매니저 업무를 담당하며, 현장의 요구사항을 정확히 파악해 안정적인 결과를 만드는 역할입니다.

건축·시설 분야의 실무 기준과 절차에 따라 계획 수립부터 실행, 결과 확인까지 전 과정에 참여합니다.

업무 과정에서 발생하는 이슈를 데이터와 기록에 근거해 분석하고, 유관 부서와 협의하여 개선합니다.

입사 후에는 표준 절차와 내부 시스템 교육을 이수하며, 숙련도에 따라 담당 범위가 확대됩니다.

정확성, 안전, 책임 있는 의사소통을 중시하며 실무 중심의 협업 역량을 기대합니다.","- 분양매니저 직무 기준에 따른 실무 수행
- 분양매니저 관련 결과물 검토 및 개선
- 공정·품질·원가·안전 관리
- 협력업체 작업 조율 및 검수
- 인허가·점검 관련 서류 작성
- 하자·민원 원인 파악과 조치
- 점검 결과 및 유지보수 이력 관리
- 발주처·감리·유관 부서 보고","- 현장 일정에 맞춘 근무가 가능한 분
- 기본 문서 작성과 보고 역량
- 안전수칙 및 관계 법령을 준수할 수 있는 분
- 건축·토목·전기·안전 등 관련 분야 이해
- 도면과 시방서 독해가 가능한 분
- 현장 일정에 맞춘 근무가 가능한 분","- 주택관리사보 보유자
- 텔레마케팅관리사 보유자
- 공공·대형 프로젝트 수행 경험
- 운전면허 보유 및 출장 가능자
- 건설·시설관리 현장 경험","- 지원서 또는 제출서류를 허위로 기재한 경우
- 채용검진 결과 직무 수행이 어렵다고 판단되는 경우
- 해외여행 및 근무에 결격사유가 있는 경우
- 관련 법령 또는 내부 인사규정상 채용이 불가능한 경우",서류전형 > 필기전형 > 면접전형 > 최종합격
1696,분양매니저 전문인력 채용,152,170,20260108,20260212,11,경력 무관,정규직,제주특별자치도,학력무관,"본 포지션은 분양매니저 업무를 담당하며, 현장의 요구사항을 정확히 파악해 안정적인 결과를 만드는 역할입니다.

건축·시설 분야의 실무 기준과 절차에 따라 계획 수립부터 실행, 결과 확인까지 전 과정에 참여합니다.

업무 과정에서 발생하는 이슈를 데이터와 기록에 근거해 분석하고, 유관 부서와 협의하여 개선합니다.

입사 후에는 표준 절차와 내부 시스템 교육을 이수하며, 숙련도에 따라 담당 범위가 확대됩니다.

정확성, 안전, 책임 있는 의사소통을 중시하며 실무 중심의 협업 역량을 기대합니다.","- 분양매니저 직무 기준에 따른 실무 수행
- 분양매니저 관련 결과물 검토 및 개선
- 하자·민원 원인 파악과 조치
- 점검 결과 및 유지보수 이력 관리
- 발주처·감리·유관 부서 보고
- 현장·시설 상태 점검 및 작업계획 수립
- 도면·시방서·물량 내역 검토
- 공정·품질·원가·안전 관리","- 건축·토목·전기·안전 등 관련 분야 이해
- 도면과 시방서 독해가 가능한 분
- 현장 일정에 맞춘 근무가 가능한 분
- 기본 문서 작성과 보고 역량
- 안전수칙 및 관계 법령을 준수할 수 있는 분
- 건축·토목·전기·안전 등 관련 분야 이해","- 텔레마케팅관리사 보유자
- 공인중개사 보유자
- CAD·BIM·적산 프로그램 활용 경험
- 공공·대형 프로젝트 수행 경험
- 운전면허 보유 및 출장 가능자","- 지원서 또는 제출서류를 허위로 기재한 경우
- 채용검진 결과 직무 수행이 어렵다고 판단되는 경우
- 해외여행 및 근무에 결격사유가 있는 경우
- 관련 법령 또는 내부 인사규정상 채용이 불가능한 경우",서류전형 > 실무면접 > 최종면접
1697,분양매니저 운영인력 모집,136,170,20260313,20260424,15,경력 5년 이상,계약직,서울특별시,전문학사 이상,"본 포지션은 분양매니저 업무를 담당하며, 현장의 요구사항을 정확히 파악해 안정적인 결과를 만드는 역할입니다.

건축·시설 분야의 실무 기준과 절차에 따라 계획 수립부터 실행, 결과 확인까지 전 과정에 참여합니다.

업무 과정에서 발생하는 이슈를 데이터와 기록에 근거해 분석하고, 유관 부서와 협의하여 개선합니다.

입사 후에는 표준 절차와 내부 시스템 교육을 이수하며, 숙련도에 따라 담당 범위가 확대됩니다.

정확성, 안전, 책임 있는 의사소통을 중시하며 실무 중심의 협업 역량을 기대합니다.","- 분양매니저 직무 기준에 따른 실무 수행
- 분양매니저 관련 결과물 검토 및 개선
- 현장·시설 상태 점검 및 작업계획 수립
- 도면·시방서·물량 내역 검토
- 공정·품질·원가·안전 관리
- 협력업체 작업 조율 및 검수
- 인허가·점검 관련 서류 작성
- 하자·민원 원인 파악과 조치","- 기본 문서 작성과 보고 역량
- 안전수칙 및 관계 법령을 준수할 수 있는 분
- 건축·토목·전기·안전 등 관련 분야 이해
- 도면과 시방서 독해가 가능한 분
- 현장 일정에 맞춘 근무가 가능한 분
- 기본 문서 작성과 보고 역량","- 공인중개사 보유자
- 주택관리사보 보유자
- 건설·시설관리 현장 경험
- CAD·BIM·적산 프로그램 활용 경험
- 공공·대형 프로젝트 수행 경험","- 지원서 또는 제출서류를 허위로 기재한 경우
- 채용검진 결과 직무 수행이 어렵다고 판단되는 경우
- 해외여행 및 근무에 결격사유가 있는 경우
- 관련 법령 또는 내부 인사규정상 채용이 불가능한 경우",서류전형 > 인성검사 > 실무면접 > 최종면접
1698,분양매니저 프로젝트 인력 채용,38,170,20260518,20260531,19,신입,무기계약직,부산광역시,학력무관,"본 포지션은 분양매니저 업무를 담당하며, 현장의 요구사항을 정확히 파악해 안정적인 결과를 만드는 역할입니다.

건축·시설 분야의 실무 기준과 절차에 따라 계획 수립부터 실행, 결과 확인까지 전 과정에 참여합니다.

업무 과정에서 발생하는 이슈를 데이터와 기록에 근거해 분석하고, 유관 부서와 협의하여 개선합니다.

입사 후에는 표준 절차와 내부 시스템 교육을 이수하며, 숙련도에 따라 담당 범위가 확대됩니다.

정확성, 안전, 책임 있는 의사소통을 중시하며 실무 중심의 협업 역량을 기대합니다.","- 분양매니저 직무 기준에 따른 실무 수행
- 분양매니저 관련 결과물 검토 및 개선
- 협력업체 작업 조율 및 검수
- 인허가·점검 관련 서류 작성
- 하자·민원 원인 파악과 조치
- 점검 결과 및 유지보수 이력 관리
- 발주처·감리·유관 부서 보고
- 현장·시설 상태 점검 및 작업계획 수립","- 도면과 시방서 독해가 가능한 분
- 현장 일정에 맞춘 근무가 가능한 분
- 기본 문서 작성과 보고 역량
- 안전수칙 및 관계 법령을 준수할 수 있는 분
- 건축·토목·전기·안전 등 관련 분야 이해
- 도면과 시방서 독해가 가능한 분","- 주택관리사보 보유자
- 텔레마케팅관리사 보유자
- 운전면허 보유 및 출장 가능자
- 건설·시설관리 현장 경험
- CAD·BIM·적산 프로그램 활용 경험","- 지원서 또는 제출서류를 허위로 기재한 경우
- 채용검진 결과 직무 수행이 어렵다고 판단되는 경우
- 해외여행 및 근무에 결격사유가 있는 경우
- 관련 법령 또는 내부 인사규정상 채용이 불가능한 경우",서류전형 > 직무과제 > 실무면접 > 처우협의
1699,분양매니저 직무 채용,11,170,20260723,20260812,3,경력,정규직,인천광역시,전문학사 이상,"본 포지션은 분양매니저 업무를 담당하며, 현장의 요구사항을 정확히 파악해 안정적인 결과를 만드는 역할입니다.

건축·시설 분야의 실무 기준과 절차에 따라 계획 수립부터 실행, 결과 확인까지 전 과정에 참여합니다.

업무 과정에서 발생하는 이슈를 데이터와 기록에 근거해 분석하고, 유관 부서와 협의하여 개선합니다.

입사 후에는 표준 절차와 내부 시스템 교육을 이수하며, 숙련도에 따라 담당 범위가 확대됩니다.

정확성, 안전, 책임 있는 의사소통을 중시하며 실무 중심의 협업 역량을 기대합니다.","- 분양매니저 직무 기준에 따른 실무 수행
- 분양매니저 관련 결과물 검토 및 개선
- 점검 결과 및 유지보수 이력 관리
- 발주처·감리·유관 부서 보고
- 현장·시설 상태 점검 및 작업계획 수립
- 도면·시방서·물량 내역 검토
- 공정·품질·원가·안전 관리
- 협력업체 작업 조율 및 검수","- 안전수칙 및 관계 법령을 준수할 수 있는 분
- 건축·토목·전기·안전 등 관련 분야 이해
- 도면과 시방서 독해가 가능한 분
- 현장 일정에 맞춘 근무가 가능한 분
- 기본 문서 작성과 보고 역량
- 안전수칙 및 관계 법령을 준수할 수 있는 분","- 텔레마케팅관리사 보유자
- 공인중개사 보유자
- 공공·대형 프로젝트 수행 경험
- 운전면허 보유 및 출장 가능자
- 건설·시설관리 현장 경험","- 지원서 또는 제출서류를 허위로 기재한 경우
- 채용검진 결과 직무 수행이 어렵다고 판단되는 경우
- 해외여행 및 근무에 결격사유가 있는 경우
- 관련 법령 또는 내부 인사규정상 채용이 불가능한 경우",서류전형 > 1차면접 > 2차면접 > 채용검진
1700,분양매니저 부문 모집,7,170,20260904,20261001,7,신입·경력,정규직,대전광역시,학력무관,"본 포지션은 분양매니저 업무를 담당하며, 현장의 요구사항을 정확히 파악해 안정적인 결과를 만드는 역할입니다.

건축·시설 분야의 실무 기준과 절차에 따라 계획 수립부터 실행, 결과 확인까지 전 과정에 참여합니다.

업무 과정에서 발생하는 이슈를 데이터와 기록에 근거해 분석하고, 유관 부서와 협의하여 개선합니다.

입사 후에는 표준 절차와 내부 시스템 교육을 이수하며, 숙련도에 따라 담당 범위가 확대됩니다.

정확성, 안전, 책임 있는 의사소통을 중시하며 실무 중심의 협업 역량을 기대합니다.","- 분양매니저 직무 기준에 따른 실무 수행
- 분양매니저 관련 결과물 검토 및 개선
- 도면·시방서·물량 내역 검토
- 공정·품질·원가·안전 관리
- 협력업체 작업 조율 및 검수
- 인허가·점검 관련 서류 작성
- 하자·민원 원인 파악과 조치
- 점검 결과 및 유지보수 이력 관리","- 현장 일정에 맞춘 근무가 가능한 분
- 기본 문서 작성과 보고 역량
- 안전수칙 및 관계 법령을 준수할 수 있는 분
- 건축·토목·전기·안전 등 관련 분야 이해
- 도면과 시방서 독해가 가능한 분
- 현장 일정에 맞춘 근무가 가능한 분","- 공인중개사 보유자
- 주택관리사보 보유자
- CAD·BIM·적산 프로그램 활용 경험
- 공공·대형 프로젝트 수행 경험
- 운전면허 보유 및 출장 가능자","- 지원서 또는 제출서류를 허위로 기재한 경우
- 채용검진 결과 직무 수행이 어렵다고 판단되는 경우
- 해외여행 및 근무에 결격사유가 있는 경우
- 관련 법령 또는 내부 인사규정상 채용이 불가능한 경우",서류전형 > 필기전형 > 면접전형 > 최종합격
1701,의사 모집,8,171,20260210,20260319,12,경력,정규직,전북특별자치도,학사 이상,"본 포지션은 의사 업무를 담당하며, 현장의 요구사항을 정확히 파악해 안정적인 결과를 만드는 역할입니다.

의료·바이오 분야의 실무 기준과 절차에 따라 계획 수립부터 실행, 결과 확인까지 전 과정에 참여합니다.

업무 과정에서 발생하는 이슈를 데이터와 기록에 근거해 분석하고, 유관 부서와 협의하여 개선합니다.

입사 후에는 표준 절차와 내부 시스템 교육을 이수하며, 숙련도에 따라 담당 범위가 확대됩니다.

정확성, 안전, 책임 있는 의사소통을 중시하며 실무 중심의 협업 역량을 기대합니다.","- 외래·입원 환자 진료
- 검사 결과 판독과 치료계획 수립
- 대상자 안내 및 문의 대응
- 장비·시약·의약품 재고와 상태 확인
- 관련 법규 및 표준운영절차 준수
- 환자·대상자 상태 확인 및 업무계획 수립
- 직무 범위 내 처치·검사·연구 업무 수행
- 의무·연구 기록 정확성 관리","- 의사 면허를 보유한 분
- 교대근무 또는 일정 조정이 가능한 분
- 의료·연구 윤리와 안전기준을 준수할 수 있는 분
- 직무 관련 면허·자격 또는 전공 요건 충족
- 환자·대상자의 개인정보를 보호할 수 있는 분
- 정확한 기록과 확인 절차를 준수하는 분","- 의사 면허 보유자
- 전문의 자격 보유자
- EMR·LIS·CTMS 등 시스템 사용 경험
- 임상·연구 데이터 관리 경험
- 외국어 의사소통 가능자","- 지원서 또는 제출서류를 허위로 기재한 경우
- 채용검진 결과 직무 수행이 어렵다고 판단되는 경우
- 해외여행 및 근무에 결격사유가 있는 경우
- 관련 법령 또는 내부 인사규정상 채용이 불가능한 경우",서류전형 > 인성검사 > 실무면접 > 최종면접
1702,의사 채용,101,171,20260415,20260529,16,경력 3년 이상,정규직,전라남도,학사 이상,"본 포지션은 의사 업무를 담당하며, 현장의 요구사항을 정확히 파악해 안정적인 결과를 만드는 역할입니다.

의료·바이오 분야의 실무 기준과 절차에 따라 계획 수립부터 실행, 결과 확인까지 전 과정에 참여합니다.

업무 과정에서 발생하는 이슈를 데이터와 기록에 근거해 분석하고, 유관 부서와 협의하여 개선합니다.

입사 후에는 표준 절차와 내부 시스템 교육을 이수하며, 숙련도에 따라 담당 범위가 확대됩니다.

정확성, 안전, 책임 있는 의사소통을 중시하며 실무 중심의 협업 역량을 기대합니다.","- 외래·입원 환자 진료
- 검사 결과 판독과 치료계획 수립
- 환자·대상자 상태 확인 및 업무계획 수립
- 직무 범위 내 처치·검사·연구 업무 수행
- 의무·연구 기록 정확성 관리
- 감염관리와 안전수칙 준수
- 의료진·연구진·행정부서 협업
- 대상자 안내 및 문의 대응","- 의사 면허를 보유한 분
- 환자·대상자의 개인정보를 보호할 수 있는 분
- 정확한 기록과 확인 절차를 준수하는 분
- 교대근무 또는 일정 조정이 가능한 분
- 의료·연구 윤리와 안전기준을 준수할 수 있는 분
- 직무 관련 면허·자격 또는 전공 요건 충족","- 전문의 자격 보유자
- BLS Provider 보유자
- 종합병원·연구기관·제약바이오 업계 경험
- 관련 전문 자격 또는 교육 이수자
- EMR·LIS·CTMS 등 시스템 사용 경험","- 지원서 또는 제출서류를 허위로 기재한 경우
- 채용검진 결과 직무 수행이 어렵다고 판단되는 경우
- 해외여행 및 근무에 결격사유가 있는 경우
- 관련 법령 또는 내부 인사규정상 채용이 불가능한 경우",서류전형 > 직무과제 > 실무면접 > 처우협의
1703,의사 담당자 모집,96,171,20260620,20260705,20,경력,계약직,경상북도,학사 이상,"본 포지션은 의사 업무를 담당하며, 현장의 요구사항을 정확히 파악해 안정적인 결과를 만드는 역할입니다.

의료·바이오 분야의 실무 기준과 절차에 따라 계획 수립부터 실행, 결과 확인까지 전 과정에 참여합니다.

업무 과정에서 발생하는 이슈를 데이터와 기록에 근거해 분석하고, 유관 부서와 협의하여 개선합니다.

입사 후에는 표준 절차와 내부 시스템 교육을 이수하며, 숙련도에 따라 담당 범위가 확대됩니다.

정확성, 안전, 책임 있는 의사소통을 중시하며 실무 중심의 협업 역량을 기대합니다.","- 외래·입원 환자 진료
- 검사 결과 판독과 치료계획 수립
- 감염관리와 안전수칙 준수
- 의료진·연구진·행정부서 협업
- 대상자 안내 및 문의 대응
- 장비·시약·의약품 재고와 상태 확인
- 관련 법규 및 표준운영절차 준수
- 환자·대상자 상태 확인 및 업무계획 수립","- 의사 면허를 보유한 분
- 의료·연구 윤리와 안전기준을 준수할 수 있는 분
- 직무 관련 면허·자격 또는 전공 요건 충족
- 환자·대상자의 개인정보를 보호할 수 있는 분
- 정확한 기록과 확인 절차를 준수하는 분
- 교대근무 또는 일정 조정이 가능한 분","- BLS Provider 보유자
- 의사 면허 보유자
- 임상·연구 데이터 관리 경험
- 외국어 의사소통 가능자
- 종합병원·연구기관·제약바이오 업계 경험","- 지원서 또는 제출서류를 허위로 기재한 경우
- 채용검진 결과 직무 수행이 어렵다고 판단되는 경우
- 해외여행 및 근무에 결격사유가 있는 경우
- 관련 법령 또는 내부 인사규정상 채용이 불가능한 경우",서류전형 > 1차면접 > 2차면접 > 채용검진
1704,의사 인재 채용,83,171,20260801,20260823,4,경력 3년 이상,무기계약직,경상남도,학사 이상,"본 포지션은 의사 업무를 담당하며, 현장의 요구사항을 정확히 파악해 안정적인 결과를 만드는 역할입니다.

의료·바이오 분야의 실무 기준과 절차에 따라 계획 수립부터 실행, 결과 확인까지 전 과정에 참여합니다.

업무 과정에서 발생하는 이슈를 데이터와 기록에 근거해 분석하고, 유관 부서와 협의하여 개선합니다.

입사 후에는 표준 절차와 내부 시스템 교육을 이수하며, 숙련도에 따라 담당 범위가 확대됩니다.

정확성, 안전, 책임 있는 의사소통을 중시하며 실무 중심의 협업 역량을 기대합니다.","- 외래·입원 환자 진료
- 검사 결과 판독과 치료계획 수립
- 장비·시약·의약품 재고와 상태 확인
- 관련 법규 및 표준운영절차 준수
- 환자·대상자 상태 확인 및 업무계획 수립
- 직무 범위 내 처치·검사·연구 업무 수행
- 의무·연구 기록 정확성 관리
- 감염관리와 안전수칙 준수","- 의사 면허를 보유한 분
- 정확한 기록과 확인 절차를 준수하는 분
- 교대근무 또는 일정 조정이 가능한 분
- 의료·연구 윤리와 안전기준을 준수할 수 있는 분
- 직무 관련 면허·자격 또는 전공 요건 충족
- 환자·대상자의 개인정보를 보호할 수 있는 분","- 의사 면허 보유자
- 전문의 자격 보유자
- 관련 전문 자격 또는 교육 이수자
- EMR·LIS·CTMS 등 시스템 사용 경험
- 임상·연구 데이터 관리 경험","- 지원서 또는 제출서류를 허위로 기재한 경우
- 채용검진 결과 직무 수행이 어렵다고 판단되는 경우
- 해외여행 및 근무에 결격사유가 있는 경우
- 관련 법령 또는 내부 인사규정상 채용이 불가능한 경우",서류전형 > 필기전형 > 면접전형 > 최종합격
1705,의사 실무자 모집,77,171,20261006,20261104,8,경력,정규직,제주특별자치도,학사 이상,"본 포지션은 의사 업무를 담당하며, 현장의 요구사항을 정확히 파악해 안정적인 결과를 만드는 역할입니다.

의료·바이오 분야의 실무 기준과 절차에 따라 계획 수립부터 실행, 결과 확인까지 전 과정에 참여합니다.

업무 과정에서 발생하는 이슈를 데이터와 기록에 근거해 분석하고, 유관 부서와 협의하여 개선합니다.

입사 후에는 표준 절차와 내부 시스템 교육을 이수하며, 숙련도에 따라 담당 범위가 확대됩니다.

정확성, 안전, 책임 있는 의사소통을 중시하며 실무 중심의 협업 역량을 기대합니다.","- 외래·입원 환자 진료
- 검사 결과 판독과 치료계획 수립
- 직무 범위 내 처치·검사·연구 업무 수행
- 의무·연구 기록 정확성 관리
- 감염관리와 안전수칙 준수
- 의료진·연구진·행정부서 협업
- 대상자 안내 및 문의 대응
- 장비·시약·의약품 재고와 상태 확인","- 의사 면허를 보유한 분
- 직무 관련 면허·자격 또는 전공 요건 충족
- 환자·대상자의 개인정보를 보호할 수 있는 분
- 정확한 기록과 확인 절차를 준수하는 분
- 교대근무 또는 일정 조정이 가능한 분
- 의료·연구 윤리와 안전기준을 준수할 수 있는 분","- 전문의 자격 보유자
- BLS Provider 보유자
- 외국어 의사소통 가능자
- 종합병원·연구기관·제약바이오 업계 경험
- 관련 전문 자격 또는 교육 이수자","- 지원서 또는 제출서류를 허위로 기재한 경우
- 채용검진 결과 직무 수행이 어렵다고 판단되는 경우
- 해외여행 및 근무에 결격사유가 있는 경우
- 관련 법령 또는 내부 인사규정상 채용이 불가능한 경우",서류전형 > 실무면접 > 최종면접
1706,의사 전문인력 채용,78,171,20260211,20260319,12,경력 3년 이상,정규직,서울특별시,학사 이상,"본 포지션은 의사 업무를 담당하며, 현장의 요구사항을 정확히 파악해 안정적인 결과를 만드는 역할입니다.

의료·바이오 분야의 실무 기준과 절차에 따라 계획 수립부터 실행, 결과 확인까지 전 과정에 참여합니다.

업무 과정에서 발생하는 이슈를 데이터와 기록에 근거해 분석하고, 유관 부서와 협의하여 개선합니다.

입사 후에는 표준 절차와 내부 시스템 교육을 이수하며, 숙련도에 따라 담당 범위가 확대됩니다.

정확성, 안전, 책임 있는 의사소통을 중시하며 실무 중심의 협업 역량을 기대합니다.","- 외래·입원 환자 진료
- 검사 결과 판독과 치료계획 수립
- 의료진·연구진·행정부서 협업
- 대상자 안내 및 문의 대응
- 장비·시약·의약품 재고와 상태 확인
- 관련 법규 및 표준운영절차 준수
- 환자·대상자 상태 확인 및 업무계획 수립
- 직무 범위 내 처치·검사·연구 업무 수행","- 의사 면허를 보유한 분
- 교대근무 또는 일정 조정이 가능한 분
- 의료·연구 윤리와 안전기준을 준수할 수 있는 분
- 직무 관련 면허·자격 또는 전공 요건 충족
- 환자·대상자의 개인정보를 보호할 수 있는 분
- 정확한 기록과 확인 절차를 준수하는 분","- BLS Provider 보유자
- 의사 면허 보유자
- EMR·LIS·CTMS 등 시스템 사용 경험
- 임상·연구 데이터 관리 경험
- 외국어 의사소통 가능자","- 지원서 또는 제출서류를 허위로 기재한 경우
- 채용검진 결과 직무 수행이 어렵다고 판단되는 경우
- 해외여행 및 근무에 결격사유가 있는 경우
- 관련 법령 또는 내부 인사규정상 채용이 불가능한 경우",서류전형 > 인성검사 > 실무면접 > 최종면접
1707,의사 운영인력 모집,10,171,20260416,20260529,16,경력,계약직,부산광역시,학사 이상,"본 포지션은 의사 업무를 담당하며, 현장의 요구사항을 정확히 파악해 안정적인 결과를 만드는 역할입니다.

의료·바이오 분야의 실무 기준과 절차에 따라 계획 수립부터 실행, 결과 확인까지 전 과정에 참여합니다.

업무 과정에서 발생하는 이슈를 데이터와 기록에 근거해 분석하고, 유관 부서와 협의하여 개선합니다.

입사 후에는 표준 절차와 내부 시스템 교육을 이수하며, 숙련도에 따라 담당 범위가 확대됩니다.

정확성, 안전, 책임 있는 의사소통을 중시하며 실무 중심의 협업 역량을 기대합니다.","- 외래·입원 환자 진료
- 검사 결과 판독과 치료계획 수립
- 관련 법규 및 표준운영절차 준수
- 환자·대상자 상태 확인 및 업무계획 수립
- 직무 범위 내 처치·검사·연구 업무 수행
- 의무·연구 기록 정확성 관리
- 감염관리와 안전수칙 준수
- 의료진·연구진·행정부서 협업","- 의사 면허를 보유한 분
- 환자·대상자의 개인정보를 보호할 수 있는 분
- 정확한 기록과 확인 절차를 준수하는 분
- 교대근무 또는 일정 조정이 가능한 분
- 의료·연구 윤리와 안전기준을 준수할 수 있는 분
- 직무 관련 면허·자격 또는 전공 요건 충족","- 의사 면허 보유자
- 전문의 자격 보유자
- 종합병원·연구기관·제약바이오 업계 경험
- 관련 전문 자격 또는 교육 이수자
- EMR·LIS·CTMS 등 시스템 사용 경험","- 지원서 또는 제출서류를 허위로 기재한 경우
- 채용검진 결과 직무 수행이 어렵다고 판단되는 경우
- 해외여행 및 근무에 결격사유가 있는 경우
- 관련 법령 또는 내부 인사규정상 채용이 불가능한 경우",서류전형 > 직무과제 > 실무면접 > 처우협의
1708,의사 프로젝트 인력 채용,70,171,20260621,20260705,20,경력 3년 이상,무기계약직,인천광역시,학사 이상,"본 포지션은 의사 업무를 담당하며, 현장의 요구사항을 정확히 파악해 안정적인 결과를 만드는 역할입니다.

의료·바이오 분야의 실무 기준과 절차에 따라 계획 수립부터 실행, 결과 확인까지 전 과정에 참여합니다.

업무 과정에서 발생하는 이슈를 데이터와 기록에 근거해 분석하고, 유관 부서와 협의하여 개선합니다.

입사 후에는 표준 절차와 내부 시스템 교육을 이수하며, 숙련도에 따라 담당 범위가 확대됩니다.

정확성, 안전, 책임 있는 의사소통을 중시하며 실무 중심의 협업 역량을 기대합니다.","- 외래·입원 환자 진료
- 검사 결과 판독과 치료계획 수립
- 의무·연구 기록 정확성 관리
- 감염관리와 안전수칙 준수
- 의료진·연구진·행정부서 협업
- 대상자 안내 및 문의 대응
- 장비·시약·의약품 재고와 상태 확인
- 관련 법규 및 표준운영절차 준수","- 의사 면허를 보유한 분
- 의료·연구 윤리와 안전기준을 준수할 수 있는 분
- 직무 관련 면허·자격 또는 전공 요건 충족
- 환자·대상자의 개인정보를 보호할 수 있는 분
- 정확한 기록과 확인 절차를 준수하는 분
- 교대근무 또는 일정 조정이 가능한 분","- 전문의 자격 보유자
- BLS Provider 보유자
- 임상·연구 데이터 관리 경험
- 외국어 의사소통 가능자
- 종합병원·연구기관·제약바이오 업계 경험","- 지원서 또는 제출서류를 허위로 기재한 경우
- 채용검진 결과 직무 수행이 어렵다고 판단되는 경우
- 해외여행 및 근무에 결격사유가 있는 경우
- 관련 법령 또는 내부 인사규정상 채용이 불가능한 경우",서류전형 > 1차면접 > 2차면접 > 채용검진
1709,의사 직무 채용,7,171,20260802,20260823,4,경력,정규직,대전광역시,학사 이상,"본 포지션은 의사 업무를 담당하며, 현장의 요구사항을 정확히 파악해 안정적인 결과를 만드는 역할입니다.

의료·바이오 분야의 실무 기준과 절차에 따라 계획 수립부터 실행, 결과 확인까지 전 과정에 참여합니다.

업무 과정에서 발생하는 이슈를 데이터와 기록에 근거해 분석하고, 유관 부서와 협의하여 개선합니다.

입사 후에는 표준 절차와 내부 시스템 교육을 이수하며, 숙련도에 따라 담당 범위가 확대됩니다.

정확성, 안전, 책임 있는 의사소통을 중시하며 실무 중심의 협업 역량을 기대합니다.","- 외래·입원 환자 진료
- 검사 결과 판독과 치료계획 수립
- 대상자 안내 및 문의 대응
- 장비·시약·의약품 재고와 상태 확인
- 관련 법규 및 표준운영절차 준수
- 환자·대상자 상태 확인 및 업무계획 수립
- 직무 범위 내 처치·검사·연구 업무 수행
- 의무·연구 기록 정확성 관리","- 의사 면허를 보유한 분
- 정확한 기록과 확인 절차를 준수하는 분
- 교대근무 또는 일정 조정이 가능한 분
- 의료·연구 윤리와 안전기준을 준수할 수 있는 분
- 직무 관련 면허·자격 또는 전공 요건 충족
- 환자·대상자의 개인정보를 보호할 수 있는 분","- BLS Provider 보유자
- 의사 면허 보유자
- 관련 전문 자격 또는 교육 이수자
- EMR·LIS·CTMS 등 시스템 사용 경험
- 임상·연구 데이터 관리 경험","- 지원서 또는 제출서류를 허위로 기재한 경우
- 채용검진 결과 직무 수행이 어렵다고 판단되는 경우
- 해외여행 및 근무에 결격사유가 있는 경우
- 관련 법령 또는 내부 인사규정상 채용이 불가능한 경우",서류전형 > 필기전형 > 면접전형 > 최종합격
1710,의사 부문 모집,94,171,20261007,20261104,8,경력 3년 이상,정규직,광주광역시,학사 이상,"본 포지션은 의사 업무를 담당하며, 현장의 요구사항을 정확히 파악해 안정적인 결과를 만드는 역할입니다.

의료·바이오 분야의 실무 기준과 절차에 따라 계획 수립부터 실행, 결과 확인까지 전 과정에 참여합니다.

업무 과정에서 발생하는 이슈를 데이터와 기록에 근거해 분석하고, 유관 부서와 협의하여 개선합니다.

입사 후에는 표준 절차와 내부 시스템 교육을 이수하며, 숙련도에 따라 담당 범위가 확대됩니다.

정확성, 안전, 책임 있는 의사소통을 중시하며 실무 중심의 협업 역량을 기대합니다.","- 외래·입원 환자 진료
- 검사 결과 판독과 치료계획 수립
- 환자·대상자 상태 확인 및 업무계획 수립
- 직무 범위 내 처치·검사·연구 업무 수행
- 의무·연구 기록 정확성 관리
- 감염관리와 안전수칙 준수
- 의료진·연구진·행정부서 협업
- 대상자 안내 및 문의 대응","- 의사 면허를 보유한 분
- 직무 관련 면허·자격 또는 전공 요건 충족
- 환자·대상자의 개인정보를 보호할 수 있는 분
- 정확한 기록과 확인 절차를 준수하는 분
- 교대근무 또는 일정 조정이 가능한 분
- 의료·연구 윤리와 안전기준을 준수할 수 있는 분","- 의사 면허 보유자
- 전문의 자격 보유자
- 외국어 의사소통 가능자
- 종합병원·연구기관·제약바이오 업계 경험
- 관련 전문 자격 또는 교육 이수자","- 지원서 또는 제출서류를 허위로 기재한 경우
- 채용검진 결과 직무 수행이 어렵다고 판단되는 경우
- 해외여행 및 근무에 결격사유가 있는 경우
- 관련 법령 또는 내부 인사규정상 채용이 불가능한 경우",서류전형 > 실무면접 > 최종면접
1711,한의사 모집,143,172,20260313,20260420,13,경력,정규직,전라남도,학사 이상,"본 포지션은 한의사 업무를 담당하며, 현장의 요구사항을 정확히 파악해 안정적인 결과를 만드는 역할입니다.

의료·바이오 분야의 실무 기준과 절차에 따라 계획 수립부터 실행, 결과 확인까지 전 과정에 참여합니다.

업무 과정에서 발생하는 이슈를 데이터와 기록에 근거해 분석하고, 유관 부서와 협의하여 개선합니다.

입사 후에는 표준 절차와 내부 시스템 교육을 이수하며, 숙련도에 따라 담당 범위가 확대됩니다.

정확성, 안전, 책임 있는 의사소통을 중시하며 실무 중심의 협업 역량을 기대합니다.","- 한방 진료와 처방
- 침·뜸 등 한방 치료 수행
- 의료진·연구진·행정부서 협업
- 대상자 안내 및 문의 대응
- 장비·시약·의약품 재고와 상태 확인
- 관련 법규 및 표준운영절차 준수
- 환자·대상자 상태 확인 및 업무계획 수립
- 직무 범위 내 처치·검사·연구 업무 수행","- 한의사 면허를 보유한 분
- 직무 관련 면허·자격 또는 전공 요건 충족
- 환자·대상자의 개인정보를 보호할 수 있는 분
- 정확한 기록과 확인 절차를 준수하는 분
- 교대근무 또는 일정 조정이 가능한 분
- 의료·연구 윤리와 안전기준을 준수할 수 있는 분","- 한의사 면허 보유자
- 한방 전문의 자격 보유자
- 외국어 의사소통 가능자
- 종합병원·연구기관·제약바이오 업계 경험
- 관련 전문 자격 또는 교육 이수자","- 지원서 또는 제출서류를 허위로 기재한 경우
- 채용검진 결과 직무 수행이 어렵다고 판단되는 경우
- 해외여행 및 근무에 결격사유가 있는 경우
- 관련 법령 또는 내부 인사규정상 채용이 불가능한 경우",서류전형 > 직무과제 > 실무면접 > 처우협의
1712,한의사 채용,13,172,20260518,20260702,17,경력 3년 이상,정규직,경상북도,학사 이상,"본 포지션은 한의사 업무를 담당하며, 현장의 요구사항을 정확히 파악해 안정적인 결과를 만드는 역할입니다.

의료·바이오 분야의 실무 기준과 절차에 따라 계획 수립부터 실행, 결과 확인까지 전 과정에 참여합니다.

업무 과정에서 발생하는 이슈를 데이터와 기록에 근거해 분석하고, 유관 부서와 협의하여 개선합니다.

입사 후에는 표준 절차와 내부 시스템 교육을 이수하며, 숙련도에 따라 담당 범위가 확대됩니다.

정확성, 안전, 책임 있는 의사소통을 중시하며 실무 중심의 협업 역량을 기대합니다.","- 한방 진료와 처방
- 침·뜸 등 한방 치료 수행
- 관련 법규 및 표준운영절차 준수
- 환자·대상자 상태 확인 및 업무계획 수립
- 직무 범위 내 처치·검사·연구 업무 수행
- 의무·연구 기록 정확성 관리
- 감염관리와 안전수칙 준수
- 의료진·연구진·행정부서 협업","- 한의사 면허를 보유한 분
- 교대근무 또는 일정 조정이 가능한 분
- 의료·연구 윤리와 안전기준을 준수할 수 있는 분
- 직무 관련 면허·자격 또는 전공 요건 충족
- 환자·대상자의 개인정보를 보호할 수 있는 분
- 정확한 기록과 확인 절차를 준수하는 분","- 한방 전문의 자격 보유자
- BLS Provider 보유자
- EMR·LIS·CTMS 등 시스템 사용 경험
- 임상·연구 데이터 관리 경험
- 외국어 의사소통 가능자","- 지원서 또는 제출서류를 허위로 기재한 경우
- 채용검진 결과 직무 수행이 어렵다고 판단되는 경우
- 해외여행 및 근무에 결격사유가 있는 경우
- 관련 법령 또는 내부 인사규정상 채용이 불가능한 경우",서류전형 > 1차면접 > 2차면접 > 채용검진
1713,한의사 담당자 모집,98,172,20260723,20260808,1,경력,계약직,경상남도,학사 이상,"본 포지션은 한의사 업무를 담당하며, 현장의 요구사항을 정확히 파악해 안정적인 결과를 만드는 역할입니다.

의료·바이오 분야의 실무 기준과 절차에 따라 계획 수립부터 실행, 결과 확인까지 전 과정에 참여합니다.

업무 과정에서 발생하는 이슈를 데이터와 기록에 근거해 분석하고, 유관 부서와 협의하여 개선합니다.

입사 후에는 표준 절차와 내부 시스템 교육을 이수하며, 숙련도에 따라 담당 범위가 확대됩니다.

정확성, 안전, 책임 있는 의사소통을 중시하며 실무 중심의 협업 역량을 기대합니다.","- 한방 진료와 처방
- 침·뜸 등 한방 치료 수행
- 의무·연구 기록 정확성 관리
- 감염관리와 안전수칙 준수
- 의료진·연구진·행정부서 협업
- 대상자 안내 및 문의 대응
- 장비·시약·의약품 재고와 상태 확인
- 관련 법규 및 표준운영절차 준수","- 한의사 면허를 보유한 분
- 환자·대상자의 개인정보를 보호할 수 있는 분
- 정확한 기록과 확인 절차를 준수하는 분
- 교대근무 또는 일정 조정이 가능한 분
- 의료·연구 윤리와 안전기준을 준수할 수 있는 분
- 직무 관련 면허·자격 또는 전공 요건 충족","- BLS Provider 보유자
- 한의사 면허 보유자
- 종합병원·연구기관·제약바이오 업계 경험
- 관련 전문 자격 또는 교육 이수자
- EMR·LIS·CTMS 등 시스템 사용 경험","- 지원서 또는 제출서류를 허위로 기재한 경우
- 채용검진 결과 직무 수행이 어렵다고 판단되는 경우
- 해외여행 및 근무에 결격사유가 있는 경우
- 관련 법령 또는 내부 인사규정상 채용이 불가능한 경우",서류전형 > 필기전형 > 면접전형 > 최종합격
1714,한의사 인재 채용,74,172,20260904,20260927,5,경력 3년 이상,무기계약직,제주특별자치도,학사 이상,"본 포지션은 한의사 업무를 담당하며, 현장의 요구사항을 정확히 파악해 안정적인 결과를 만드는 역할입니다.

의료·바이오 분야의 실무 기준과 절차에 따라 계획 수립부터 실행, 결과 확인까지 전 과정에 참여합니다.

업무 과정에서 발생하는 이슈를 데이터와 기록에 근거해 분석하고, 유관 부서와 협의하여 개선합니다.

입사 후에는 표준 절차와 내부 시스템 교육을 이수하며, 숙련도에 따라 담당 범위가 확대됩니다.

정확성, 안전, 책임 있는 의사소통을 중시하며 실무 중심의 협업 역량을 기대합니다.","- 한방 진료와 처방
- 침·뜸 등 한방 치료 수행
- 대상자 안내 및 문의 대응
- 장비·시약·의약품 재고와 상태 확인
- 관련 법규 및 표준운영절차 준수
- 환자·대상자 상태 확인 및 업무계획 수립
- 직무 범위 내 처치·검사·연구 업무 수행
- 의무·연구 기록 정확성 관리","- 한의사 면허를 보유한 분
- 의료·연구 윤리와 안전기준을 준수할 수 있는 분
- 직무 관련 면허·자격 또는 전공 요건 충족
- 환자·대상자의 개인정보를 보호할 수 있는 분
- 정확한 기록과 확인 절차를 준수하는 분
- 교대근무 또는 일정 조정이 가능한 분","- 한의사 면허 보유자
- 한방 전문의 자격 보유자
- 임상·연구 데이터 관리 경험
- 외국어 의사소통 가능자
- 종합병원·연구기관·제약바이오 업계 경험","- 지원서 또는 제출서류를 허위로 기재한 경우
- 채용검진 결과 직무 수행이 어렵다고 판단되는 경우
- 해외여행 및 근무에 결격사유가 있는 경우
- 관련 법령 또는 내부 인사규정상 채용이 불가능한 경우",서류전형 > 실무면접 > 최종면접
1715,한의사 실무자 모집,159,172,20260109,20260208,9,경력,정규직,서울특별시,학사 이상,"본 포지션은 한의사 업무를 담당하며, 현장의 요구사항을 정확히 파악해 안정적인 결과를 만드는 역할입니다.

의료·바이오 분야의 실무 기준과 절차에 따라 계획 수립부터 실행, 결과 확인까지 전 과정에 참여합니다.

업무 과정에서 발생하는 이슈를 데이터와 기록에 근거해 분석하고, 유관 부서와 협의하여 개선합니다.

입사 후에는 표준 절차와 내부 시스템 교육을 이수하며, 숙련도에 따라 담당 범위가 확대됩니다.

정확성, 안전, 책임 있는 의사소통을 중시하며 실무 중심의 협업 역량을 기대합니다.","- 한방 진료와 처방
- 침·뜸 등 한방 치료 수행
- 환자·대상자 상태 확인 및 업무계획 수립
- 직무 범위 내 처치·검사·연구 업무 수행
- 의무·연구 기록 정확성 관리
- 감염관리와 안전수칙 준수
- 의료진·연구진·행정부서 협업
- 대상자 안내 및 문의 대응","- 한의사 면허를 보유한 분
- 정확한 기록과 확인 절차를 준수하는 분
- 교대근무 또는 일정 조정이 가능한 분
- 의료·연구 윤리와 안전기준을 준수할 수 있는 분
- 직무 관련 면허·자격 또는 전공 요건 충족
- 환자·대상자의 개인정보를 보호할 수 있는 분","- 한방 전문의 자격 보유자
- BLS Provider 보유자
- 관련 전문 자격 또는 교육 이수자
- EMR·LIS·CTMS 등 시스템 사용 경험
- 임상·연구 데이터 관리 경험","- 지원서 또는 제출서류를 허위로 기재한 경우
- 채용검진 결과 직무 수행이 어렵다고 판단되는 경우
- 해외여행 및 근무에 결격사유가 있는 경우
- 관련 법령 또는 내부 인사규정상 채용이 불가능한 경우",서류전형 > 인성검사 > 실무면접 > 최종면접
1716,한의사 전문인력 채용,159,172,20260314,20260420,13,경력 3년 이상,정규직,부산광역시,학사 이상,"본 포지션은 한의사 업무를 담당하며, 현장의 요구사항을 정확히 파악해 안정적인 결과를 만드는 역할입니다.

의료·바이오 분야의 실무 기준과 절차에 따라 계획 수립부터 실행, 결과 확인까지 전 과정에 참여합니다.

업무 과정에서 발생하는 이슈를 데이터와 기록에 근거해 분석하고, 유관 부서와 협의하여 개선합니다.

입사 후에는 표준 절차와 내부 시스템 교육을 이수하며, 숙련도에 따라 담당 범위가 확대됩니다.

정확성, 안전, 책임 있는 의사소통을 중시하며 실무 중심의 협업 역량을 기대합니다.","- 한방 진료와 처방
- 침·뜸 등 한방 치료 수행
- 감염관리와 안전수칙 준수
- 의료진·연구진·행정부서 협업
- 대상자 안내 및 문의 대응
- 장비·시약·의약품 재고와 상태 확인
- 관련 법규 및 표준운영절차 준수
- 환자·대상자 상태 확인 및 업무계획 수립","- 한의사 면허를 보유한 분
- 직무 관련 면허·자격 또는 전공 요건 충족
- 환자·대상자의 개인정보를 보호할 수 있는 분
- 정확한 기록과 확인 절차를 준수하는 분
- 교대근무 또는 일정 조정이 가능한 분
- 의료·연구 윤리와 안전기준을 준수할 수 있는 분","- BLS Provider 보유자
- 한의사 면허 보유자
- 외국어 의사소통 가능자
- 종합병원·연구기관·제약바이오 업계 경험
- 관련 전문 자격 또는 교육 이수자","- 지원서 또는 제출서류를 허위로 기재한 경우
- 채용검진 결과 직무 수행이 어렵다고 판단되는 경우
- 해외여행 및 근무에 결격사유가 있는 경우
- 관련 법령 또는 내부 인사규정상 채용이 불가능한 경우",서류전형 > 직무과제 > 실무면접 > 처우협의
1717,한의사 운영인력 모집,40,172,20260519,20260702,17,경력,계약직,인천광역시,학사 이상,"본 포지션은 한의사 업무를 담당하며, 현장의 요구사항을 정확히 파악해 안정적인 결과를 만드는 역할입니다.

의료·바이오 분야의 실무 기준과 절차에 따라 계획 수립부터 실행, 결과 확인까지 전 과정에 참여합니다.

업무 과정에서 발생하는 이슈를 데이터와 기록에 근거해 분석하고, 유관 부서와 협의하여 개선합니다.

입사 후에는 표준 절차와 내부 시스템 교육을 이수하며, 숙련도에 따라 담당 범위가 확대됩니다.

정확성, 안전, 책임 있는 의사소통을 중시하며 실무 중심의 협업 역량을 기대합니다.","- 한방 진료와 처방
- 침·뜸 등 한방 치료 수행
- 장비·시약·의약품 재고와 상태 확인
- 관련 법규 및 표준운영절차 준수
- 환자·대상자 상태 확인 및 업무계획 수립
- 직무 범위 내 처치·검사·연구 업무 수행
- 의무·연구 기록 정확성 관리
- 감염관리와 안전수칙 준수","- 한의사 면허를 보유한 분
- 교대근무 또는 일정 조정이 가능한 분
- 의료·연구 윤리와 안전기준을 준수할 수 있는 분
- 직무 관련 면허·자격 또는 전공 요건 충족
- 환자·대상자의 개인정보를 보호할 수 있는 분
- 정확한 기록과 확인 절차를 준수하는 분","- 한의사 면허 보유자
- 한방 전문의 자격 보유자
- EMR·LIS·CTMS 등 시스템 사용 경험
- 임상·연구 데이터 관리 경험
- 외국어 의사소통 가능자","- 지원서 또는 제출서류를 허위로 기재한 경우
- 채용검진 결과 직무 수행이 어렵다고 판단되는 경우
- 해외여행 및 근무에 결격사유가 있는 경우
- 관련 법령 또는 내부 인사규정상 채용이 불가능한 경우",서류전형 > 1차면접 > 2차면접 > 채용검진
1718,한의사 프로젝트 인력 채용,32,172,20260724,20260808,1,경력 3년 이상,무기계약직,대전광역시,학사 이상,"본 포지션은 한의사 업무를 담당하며, 현장의 요구사항을 정확히 파악해 안정적인 결과를 만드는 역할입니다.

의료·바이오 분야의 실무 기준과 절차에 따라 계획 수립부터 실행, 결과 확인까지 전 과정에 참여합니다.

업무 과정에서 발생하는 이슈를 데이터와 기록에 근거해 분석하고, 유관 부서와 협의하여 개선합니다.

입사 후에는 표준 절차와 내부 시스템 교육을 이수하며, 숙련도에 따라 담당 범위가 확대됩니다.

정확성, 안전, 책임 있는 의사소통을 중시하며 실무 중심의 협업 역량을 기대합니다.","- 한방 진료와 처방
- 침·뜸 등 한방 치료 수행
- 직무 범위 내 처치·검사·연구 업무 수행
- 의무·연구 기록 정확성 관리
- 감염관리와 안전수칙 준수
- 의료진·연구진·행정부서 협업
- 대상자 안내 및 문의 대응
- 장비·시약·의약품 재고와 상태 확인","- 한의사 면허를 보유한 분
- 환자·대상자의 개인정보를 보호할 수 있는 분
- 정확한 기록과 확인 절차를 준수하는 분
- 교대근무 또는 일정 조정이 가능한 분
- 의료·연구 윤리와 안전기준을 준수할 수 있는 분
- 직무 관련 면허·자격 또는 전공 요건 충족","- 한방 전문의 자격 보유자
- BLS Provider 보유자
- 종합병원·연구기관·제약바이오 업계 경험
- 관련 전문 자격 또는 교육 이수자
- EMR·LIS·CTMS 등 시스템 사용 경험","- 지원서 또는 제출서류를 허위로 기재한 경우
- 채용검진 결과 직무 수행이 어렵다고 판단되는 경우
- 해외여행 및 근무에 결격사유가 있는 경우
- 관련 법령 또는 내부 인사규정상 채용이 불가능한 경우",서류전형 > 필기전형 > 면접전형 > 최종합격
1719,한의사 직무 채용,65,172,20260905,20260927,5,경력,정규직,광주광역시,학사 이상,"본 포지션은 한의사 업무를 담당하며, 현장의 요구사항을 정확히 파악해 안정적인 결과를 만드는 역할입니다.

의료·바이오 분야의 실무 기준과 절차에 따라 계획 수립부터 실행, 결과 확인까지 전 과정에 참여합니다.

업무 과정에서 발생하는 이슈를 데이터와 기록에 근거해 분석하고, 유관 부서와 협의하여 개선합니다.

입사 후에는 표준 절차와 내부 시스템 교육을 이수하며, 숙련도에 따라 담당 범위가 확대됩니다.

정확성, 안전, 책임 있는 의사소통을 중시하며 실무 중심의 협업 역량을 기대합니다.","- 한방 진료와 처방
- 침·뜸 등 한방 치료 수행
- 의료진·연구진·행정부서 협업
- 대상자 안내 및 문의 대응
- 장비·시약·의약품 재고와 상태 확인
- 관련 법규 및 표준운영절차 준수
- 환자·대상자 상태 확인 및 업무계획 수립
- 직무 범위 내 처치·검사·연구 업무 수행","- 한의사 면허를 보유한 분
- 의료·연구 윤리와 안전기준을 준수할 수 있는 분
- 직무 관련 면허·자격 또는 전공 요건 충족
- 환자·대상자의 개인정보를 보호할 수 있는 분
- 정확한 기록과 확인 절차를 준수하는 분
- 교대근무 또는 일정 조정이 가능한 분","- BLS Provider 보유자
- 한의사 면허 보유자
- 임상·연구 데이터 관리 경험
- 외국어 의사소통 가능자
- 종합병원·연구기관·제약바이오 업계 경험","- 지원서 또는 제출서류를 허위로 기재한 경우
- 채용검진 결과 직무 수행이 어렵다고 판단되는 경우
- 해외여행 및 근무에 결격사유가 있는 경우
- 관련 법령 또는 내부 인사규정상 채용이 불가능한 경우",서류전형 > 실무면접 > 최종면접
1720,한의사 부문 모집,31,172,20260110,20260208,9,경력 3년 이상,정규직,울산광역시,학사 이상,"본 포지션은 한의사 업무를 담당하며, 현장의 요구사항을 정확히 파악해 안정적인 결과를 만드는 역할입니다.

의료·바이오 분야의 실무 기준과 절차에 따라 계획 수립부터 실행, 결과 확인까지 전 과정에 참여합니다.

업무 과정에서 발생하는 이슈를 데이터와 기록에 근거해 분석하고, 유관 부서와 협의하여 개선합니다.

입사 후에는 표준 절차와 내부 시스템 교육을 이수하며, 숙련도에 따라 담당 범위가 확대됩니다.

정확성, 안전, 책임 있는 의사소통을 중시하며 실무 중심의 협업 역량을 기대합니다.","- 한방 진료와 처방
- 침·뜸 등 한방 치료 수행
- 관련 법규 및 표준운영절차 준수
- 환자·대상자 상태 확인 및 업무계획 수립
- 직무 범위 내 처치·검사·연구 업무 수행
- 의무·연구 기록 정확성 관리
- 감염관리와 안전수칙 준수
- 의료진·연구진·행정부서 협업","- 한의사 면허를 보유한 분
- 정확한 기록과 확인 절차를 준수하는 분
- 교대근무 또는 일정 조정이 가능한 분
- 의료·연구 윤리와 안전기준을 준수할 수 있는 분
- 직무 관련 면허·자격 또는 전공 요건 충족
- 환자·대상자의 개인정보를 보호할 수 있는 분","- 한의사 면허 보유자
- 한방 전문의 자격 보유자
- 관련 전문 자격 또는 교육 이수자
- EMR·LIS·CTMS 등 시스템 사용 경험
- 임상·연구 데이터 관리 경험","- 지원서 또는 제출서류를 허위로 기재한 경우
- 채용검진 결과 직무 수행이 어렵다고 판단되는 경우
- 해외여행 및 근무에 결격사유가 있는 경우
- 관련 법령 또는 내부 인사규정상 채용이 불가능한 경우",서류전형 > 인성검사 > 실무면접 > 최종면접
1721,간호사 모집,84,173,20260416,20260525,14,신입,정규직,경상북도,전문학사 이상,"본 포지션은 간호사 업무를 담당하며, 현장의 요구사항을 정확히 파악해 안정적인 결과를 만드는 역할입니다.

의료·바이오 분야의 실무 기준과 절차에 따라 계획 수립부터 실행, 결과 확인까지 전 과정에 참여합니다.

업무 과정에서 발생하는 이슈를 데이터와 기록에 근거해 분석하고, 유관 부서와 협의하여 개선합니다.

입사 후에는 표준 절차와 내부 시스템 교육을 이수하며, 숙련도에 따라 담당 범위가 확대됩니다.

정확성, 안전, 책임 있는 의사소통을 중시하며 실무 중심의 협업 역량을 기대합니다.","- 환자 간호사정과 투약 관리
- 간호기록 및 인수인계
- 감염관리와 안전수칙 준수
- 의료진·연구진·행정부서 협업
- 대상자 안내 및 문의 대응
- 장비·시약·의약품 재고와 상태 확인
- 관련 법규 및 표준운영절차 준수
- 환자·대상자 상태 확인 및 업무계획 수립","- 간호사 면허를 보유한 분
- 정확한 기록과 확인 절차를 준수하는 분
- 교대근무 또는 일정 조정이 가능한 분
- 의료·연구 윤리와 안전기준을 준수할 수 있는 분
- 직무 관련 면허·자격 또는 전공 요건 충족
- 환자·대상자의 개인정보를 보호할 수 있는 분","- 간호사 면허 보유자
- BLS Provider 보유자
- 관련 전문 자격 또는 교육 이수자
- EMR·LIS·CTMS 등 시스템 사용 경험
- 임상·연구 데이터 관리 경험","- 지원서 또는 제출서류를 허위로 기재한 경우
- 채용검진 결과 직무 수행이 어렵다고 판단되는 경우
- 해외여행 및 근무에 결격사유가 있는 경우
- 관련 법령 또는 내부 인사규정상 채용이 불가능한 경우",서류전형 > 1차면접 > 2차면접 > 채용검진
1722,간호사 채용,127,173,20260621,20260701,18,경력,정규직,경상남도,학사 이상,"본 포지션은 간호사 업무를 담당하며, 현장의 요구사항을 정확히 파악해 안정적인 결과를 만드는 역할입니다.

의료·바이오 분야의 실무 기준과 절차에 따라 계획 수립부터 실행, 결과 확인까지 전 과정에 참여합니다.

업무 과정에서 발생하는 이슈를 데이터와 기록에 근거해 분석하고, 유관 부서와 협의하여 개선합니다.

입사 후에는 표준 절차와 내부 시스템 교육을 이수하며, 숙련도에 따라 담당 범위가 확대됩니다.

정확성, 안전, 책임 있는 의사소통을 중시하며 실무 중심의 협업 역량을 기대합니다.","- 환자 간호사정과 투약 관리
- 간호기록 및 인수인계
- 장비·시약·의약품 재고와 상태 확인
- 관련 법규 및 표준운영절차 준수
- 환자·대상자 상태 확인 및 업무계획 수립
- 직무 범위 내 처치·검사·연구 업무 수행
- 의무·연구 기록 정확성 관리
- 감염관리와 안전수칙 준수","- 간호사 면허를 보유한 분
- 직무 관련 면허·자격 또는 전공 요건 충족
- 환자·대상자의 개인정보를 보호할 수 있는 분
- 정확한 기록과 확인 절차를 준수하는 분
- 교대근무 또는 일정 조정이 가능한 분
- 의료·연구 윤리와 안전기준을 준수할 수 있는 분","- BLS Provider 보유자
- 전문간호사 자격 보유자
- 외국어 의사소통 가능자
- 종합병원·연구기관·제약바이오 업계 경험
- 관련 전문 자격 또는 교육 이수자","- 지원서 또는 제출서류를 허위로 기재한 경우
- 채용검진 결과 직무 수행이 어렵다고 판단되는 경우
- 해외여행 및 근무에 결격사유가 있는 경우
- 관련 법령 또는 내부 인사규정상 채용이 불가능한 경우",서류전형 > 필기전형 > 면접전형 > 최종합격
1723,간호사 담당자 모집,114,173,20260802,20260819,2,신입·경력,계약직,제주특별자치도,학사 이상,"본 포지션은 간호사 업무를 담당하며, 현장의 요구사항을 정확히 파악해 안정적인 결과를 만드는 역할입니다.

의료·바이오 분야의 실무 기준과 절차에 따라 계획 수립부터 실행, 결과 확인까지 전 과정에 참여합니다.

업무 과정에서 발생하는 이슈를 데이터와 기록에 근거해 분석하고, 유관 부서와 협의하여 개선합니다.

입사 후에는 표준 절차와 내부 시스템 교육을 이수하며, 숙련도에 따라 담당 범위가 확대됩니다.

정확성, 안전, 책임 있는 의사소통을 중시하며 실무 중심의 협업 역량을 기대합니다.","- 환자 간호사정과 투약 관리
- 간호기록 및 인수인계
- 직무 범위 내 처치·검사·연구 업무 수행
- 의무·연구 기록 정확성 관리
- 감염관리와 안전수칙 준수
- 의료진·연구진·행정부서 협업
- 대상자 안내 및 문의 대응
- 장비·시약·의약품 재고와 상태 확인","- 간호사 면허를 보유한 분
- 교대근무 또는 일정 조정이 가능한 분
- 의료·연구 윤리와 안전기준을 준수할 수 있는 분
- 직무 관련 면허·자격 또는 전공 요건 충족
- 환자·대상자의 개인정보를 보호할 수 있는 분
- 정확한 기록과 확인 절차를 준수하는 분","- 전문간호사 자격 보유자
- 간호사 면허 보유자
- EMR·LIS·CTMS 등 시스템 사용 경험
- 임상·연구 데이터 관리 경험
- 외국어 의사소통 가능자","- 지원서 또는 제출서류를 허위로 기재한 경우
- 채용검진 결과 직무 수행이 어렵다고 판단되는 경우
- 해외여행 및 근무에 결격사유가 있는 경우
- 관련 법령 또는 내부 인사규정상 채용이 불가능한 경우",서류전형 > 실무면접 > 최종면접
1724,간호사 인재 채용,150,173,20261007,20261031,6,경력 2년 이상,무기계약직,서울특별시,전문학사 이상,"본 포지션은 간호사 업무를 담당하며, 현장의 요구사항을 정확히 파악해 안정적인 결과를 만드는 역할입니다.

의료·바이오 분야의 실무 기준과 절차에 따라 계획 수립부터 실행, 결과 확인까지 전 과정에 참여합니다.

업무 과정에서 발생하는 이슈를 데이터와 기록에 근거해 분석하고, 유관 부서와 협의하여 개선합니다.

입사 후에는 표준 절차와 내부 시스템 교육을 이수하며, 숙련도에 따라 담당 범위가 확대됩니다.

정확성, 안전, 책임 있는 의사소통을 중시하며 실무 중심의 협업 역량을 기대합니다.","- 환자 간호사정과 투약 관리
- 간호기록 및 인수인계
- 의료진·연구진·행정부서 협업
- 대상자 안내 및 문의 대응
- 장비·시약·의약품 재고와 상태 확인
- 관련 법규 및 표준운영절차 준수
- 환자·대상자 상태 확인 및 업무계획 수립
- 직무 범위 내 처치·검사·연구 업무 수행","- 간호사 면허를 보유한 분
- 환자·대상자의 개인정보를 보호할 수 있는 분
- 정확한 기록과 확인 절차를 준수하는 분
- 교대근무 또는 일정 조정이 가능한 분
- 의료·연구 윤리와 안전기준을 준수할 수 있는 분
- 직무 관련 면허·자격 또는 전공 요건 충족","- 간호사 면허 보유자
- BLS Provider 보유자
- 종합병원·연구기관·제약바이오 업계 경험
- 관련 전문 자격 또는 교육 이수자
- EMR·LIS·CTMS 등 시스템 사용 경험","- 지원서 또는 제출서류를 허위로 기재한 경우
- 채용검진 결과 직무 수행이 어렵다고 판단되는 경우
- 해외여행 및 근무에 결격사유가 있는 경우
- 관련 법령 또는 내부 인사규정상 채용이 불가능한 경우",서류전형 > 인성검사 > 실무면접 > 최종면접
1725,간호사 실무자 모집,111,173,20260212,20260315,10,경력 3년 이상,정규직,부산광역시,학사 이상,"본 포지션은 간호사 업무를 담당하며, 현장의 요구사항을 정확히 파악해 안정적인 결과를 만드는 역할입니다.

의료·바이오 분야의 실무 기준과 절차에 따라 계획 수립부터 실행, 결과 확인까지 전 과정에 참여합니다.

업무 과정에서 발생하는 이슈를 데이터와 기록에 근거해 분석하고, 유관 부서와 협의하여 개선합니다.

입사 후에는 표준 절차와 내부 시스템 교육을 이수하며, 숙련도에 따라 담당 범위가 확대됩니다.

정확성, 안전, 책임 있는 의사소통을 중시하며 실무 중심의 협업 역량을 기대합니다.","- 환자 간호사정과 투약 관리
- 간호기록 및 인수인계
- 관련 법규 및 표준운영절차 준수
- 환자·대상자 상태 확인 및 업무계획 수립
- 직무 범위 내 처치·검사·연구 업무 수행
- 의무·연구 기록 정확성 관리
- 감염관리와 안전수칙 준수
- 의료진·연구진·행정부서 협업","- 간호사 면허를 보유한 분
- 의료·연구 윤리와 안전기준을 준수할 수 있는 분
- 직무 관련 면허·자격 또는 전공 요건 충족
- 환자·대상자의 개인정보를 보호할 수 있는 분
- 정확한 기록과 확인 절차를 준수하는 분
- 교대근무 또는 일정 조정이 가능한 분","- BLS Provider 보유자
- 전문간호사 자격 보유자
- 임상·연구 데이터 관리 경험
- 외국어 의사소통 가능자
- 종합병원·연구기관·제약바이오 업계 경험","- 지원서 또는 제출서류를 허위로 기재한 경우
- 채용검진 결과 직무 수행이 어렵다고 판단되는 경우
- 해외여행 및 근무에 결격사유가 있는 경우
- 관련 법령 또는 내부 인사규정상 채용이 불가능한 경우",서류전형 > 직무과제 > 실무면접 > 처우협의
1726,간호사 전문인력 채용,159,173,20260417,20260525,14,경력 무관,정규직,인천광역시,학사 이상,"본 포지션은 간호사 업무를 담당하며, 현장의 요구사항을 정확히 파악해 안정적인 결과를 만드는 역할입니다.

의료·바이오 분야의 실무 기준과 절차에 따라 계획 수립부터 실행, 결과 확인까지 전 과정에 참여합니다.

업무 과정에서 발생하는 이슈를 데이터와 기록에 근거해 분석하고, 유관 부서와 협의하여 개선합니다.

입사 후에는 표준 절차와 내부 시스템 교육을 이수하며, 숙련도에 따라 담당 범위가 확대됩니다.

정확성, 안전, 책임 있는 의사소통을 중시하며 실무 중심의 협업 역량을 기대합니다.","- 환자 간호사정과 투약 관리
- 간호기록 및 인수인계
- 의무·연구 기록 정확성 관리
- 감염관리와 안전수칙 준수
- 의료진·연구진·행정부서 협업
- 대상자 안내 및 문의 대응
- 장비·시약·의약품 재고와 상태 확인
- 관련 법규 및 표준운영절차 준수","- 간호사 면허를 보유한 분
- 정확한 기록과 확인 절차를 준수하는 분
- 교대근무 또는 일정 조정이 가능한 분
- 의료·연구 윤리와 안전기준을 준수할 수 있는 분
- 직무 관련 면허·자격 또는 전공 요건 충족
- 환자·대상자의 개인정보를 보호할 수 있는 분","- 전문간호사 자격 보유자
- 간호사 면허 보유자
- 관련 전문 자격 또는 교육 이수자
- EMR·LIS·CTMS 등 시스템 사용 경험
- 임상·연구 데이터 관리 경험","- 지원서 또는 제출서류를 허위로 기재한 경우
- 채용검진 결과 직무 수행이 어렵다고 판단되는 경우
- 해외여행 및 근무에 결격사유가 있는 경우
- 관련 법령 또는 내부 인사규정상 채용이 불가능한 경우",서류전형 > 1차면접 > 2차면접 > 채용검진
1727,간호사 운영인력 모집,91,173,20260622,20260806,18,경력 5년 이상,계약직,대전광역시,전문학사 이상,"본 포지션은 간호사 업무를 담당하며, 현장의 요구사항을 정확히 파악해 안정적인 결과를 만드는 역할입니다.

의료·바이오 분야의 실무 기준과 절차에 따라 계획 수립부터 실행, 결과 확인까지 전 과정에 참여합니다.

업무 과정에서 발생하는 이슈를 데이터와 기록에 근거해 분석하고, 유관 부서와 협의하여 개선합니다.

입사 후에는 표준 절차와 내부 시스템 교육을 이수하며, 숙련도에 따라 담당 범위가 확대됩니다.

정확성, 안전, 책임 있는 의사소통을 중시하며 실무 중심의 협업 역량을 기대합니다.","- 환자 간호사정과 투약 관리
- 간호기록 및 인수인계
- 대상자 안내 및 문의 대응
- 장비·시약·의약품 재고와 상태 확인
- 관련 법규 및 표준운영절차 준수
- 환자·대상자 상태 확인 및 업무계획 수립
- 직무 범위 내 처치·검사·연구 업무 수행
- 의무·연구 기록 정확성 관리","- 간호사 면허를 보유한 분
- 직무 관련 면허·자격 또는 전공 요건 충족
- 환자·대상자의 개인정보를 보호할 수 있는 분
- 정확한 기록과 확인 절차를 준수하는 분
- 교대근무 또는 일정 조정이 가능한 분
- 의료·연구 윤리와 안전기준을 준수할 수 있는 분","- 간호사 면허 보유자
- BLS Provider 보유자
- 외국어 의사소통 가능자
- 종합병원·연구기관·제약바이오 업계 경험
- 관련 전문 자격 또는 교육 이수자","- 지원서 또는 제출서류를 허위로 기재한 경우
- 채용검진 결과 직무 수행이 어렵다고 판단되는 경우
- 해외여행 및 근무에 결격사유가 있는 경우
- 관련 법령 또는 내부 인사규정상 채용이 불가능한 경우",서류전형 > 필기전형 > 면접전형 > 최종합격
1728,간호사 프로젝트 인력 채용,5,173,20260803,20260819,2,신입,무기계약직,광주광역시,학사 이상,"본 포지션은 간호사 업무를 담당하며, 현장의 요구사항을 정확히 파악해 안정적인 결과를 만드는 역할입니다.

의료·바이오 분야의 실무 기준과 절차에 따라 계획 수립부터 실행, 결과 확인까지 전 과정에 참여합니다.

업무 과정에서 발생하는 이슈를 데이터와 기록에 근거해 분석하고, 유관 부서와 협의하여 개선합니다.

입사 후에는 표준 절차와 내부 시스템 교육을 이수하며, 숙련도에 따라 담당 범위가 확대됩니다.

정확성, 안전, 책임 있는 의사소통을 중시하며 실무 중심의 협업 역량을 기대합니다.","- 환자 간호사정과 투약 관리
- 간호기록 및 인수인계
- 환자·대상자 상태 확인 및 업무계획 수립
- 직무 범위 내 처치·검사·연구 업무 수행
- 의무·연구 기록 정확성 관리
- 감염관리와 안전수칙 준수
- 의료진·연구진·행정부서 협업
- 대상자 안내 및 문의 대응","- 간호사 면허를 보유한 분
- 교대근무 또는 일정 조정이 가능한 분
- 의료·연구 윤리와 안전기준을 준수할 수 있는 분
- 직무 관련 면허·자격 또는 전공 요건 충족
- 환자·대상자의 개인정보를 보호할 수 있는 분
- 정확한 기록과 확인 절차를 준수하는 분","- BLS Provider 보유자
- 전문간호사 자격 보유자
- EMR·LIS·CTMS 등 시스템 사용 경험
- 임상·연구 데이터 관리 경험
- 외국어 의사소통 가능자","- 지원서 또는 제출서류를 허위로 기재한 경우
- 채용검진 결과 직무 수행이 어렵다고 판단되는 경우
- 해외여행 및 근무에 결격사유가 있는 경우
- 관련 법령 또는 내부 인사규정상 채용이 불가능한 경우",서류전형 > 실무면접 > 최종면접
1729,간호사 직무 채용,98,173,20261008,20261031,6,경력,정규직,울산광역시,학사 이상,"본 포지션은 간호사 업무를 담당하며, 현장의 요구사항을 정확히 파악해 안정적인 결과를 만드는 역할입니다.

의료·바이오 분야의 실무 기준과 절차에 따라 계획 수립부터 실행, 결과 확인까지 전 과정에 참여합니다.

업무 과정에서 발생하는 이슈를 데이터와 기록에 근거해 분석하고, 유관 부서와 협의하여 개선합니다.

입사 후에는 표준 절차와 내부 시스템 교육을 이수하며, 숙련도에 따라 담당 범위가 확대됩니다.

정확성, 안전, 책임 있는 의사소통을 중시하며 실무 중심의 협업 역량을 기대합니다.","- 환자 간호사정과 투약 관리
- 간호기록 및 인수인계
- 감염관리와 안전수칙 준수
- 의료진·연구진·행정부서 협업
- 대상자 안내 및 문의 대응
- 장비·시약·의약품 재고와 상태 확인
- 관련 법규 및 표준운영절차 준수
- 환자·대상자 상태 확인 및 업무계획 수립","- 간호사 면허를 보유한 분
- 환자·대상자의 개인정보를 보호할 수 있는 분
- 정확한 기록과 확인 절차를 준수하는 분
- 교대근무 또는 일정 조정이 가능한 분
- 의료·연구 윤리와 안전기준을 준수할 수 있는 분
- 직무 관련 면허·자격 또는 전공 요건 충족","- 전문간호사 자격 보유자
- 간호사 면허 보유자
- 종합병원·연구기관·제약바이오 업계 경험
- 관련 전문 자격 또는 교육 이수자
- EMR·LIS·CTMS 등 시스템 사용 경험","- 지원서 또는 제출서류를 허위로 기재한 경우
- 채용검진 결과 직무 수행이 어렵다고 판단되는 경우
- 해외여행 및 근무에 결격사유가 있는 경우
- 관련 법령 또는 내부 인사규정상 채용이 불가능한 경우",서류전형 > 인성검사 > 실무면접 > 최종면접
1730,간호사 부문 모집,138,173,20260213,20260315,10,신입·경력,정규직,세종특별자치시,전문학사 이상,"본 포지션은 간호사 업무를 담당하며, 현장의 요구사항을 정확히 파악해 안정적인 결과를 만드는 역할입니다.

의료·바이오 분야의 실무 기준과 절차에 따라 계획 수립부터 실행, 결과 확인까지 전 과정에 참여합니다.

업무 과정에서 발생하는 이슈를 데이터와 기록에 근거해 분석하고, 유관 부서와 협의하여 개선합니다.

입사 후에는 표준 절차와 내부 시스템 교육을 이수하며, 숙련도에 따라 담당 범위가 확대됩니다.

정확성, 안전, 책임 있는 의사소통을 중시하며 실무 중심의 협업 역량을 기대합니다.","- 환자 간호사정과 투약 관리
- 간호기록 및 인수인계
- 장비·시약·의약품 재고와 상태 확인
- 관련 법규 및 표준운영절차 준수
- 환자·대상자 상태 확인 및 업무계획 수립
- 직무 범위 내 처치·검사·연구 업무 수행
- 의무·연구 기록 정확성 관리
- 감염관리와 안전수칙 준수","- 간호사 면허를 보유한 분
- 의료·연구 윤리와 안전기준을 준수할 수 있는 분
- 직무 관련 면허·자격 또는 전공 요건 충족
- 환자·대상자의 개인정보를 보호할 수 있는 분
- 정확한 기록과 확인 절차를 준수하는 분
- 교대근무 또는 일정 조정이 가능한 분","- 간호사 면허 보유자
- BLS Provider 보유자
- 임상·연구 데이터 관리 경험
- 외국어 의사소통 가능자
- 종합병원·연구기관·제약바이오 업계 경험","- 지원서 또는 제출서류를 허위로 기재한 경우
- 채용검진 결과 직무 수행이 어렵다고 판단되는 경우
- 해외여행 및 근무에 결격사유가 있는 경우
- 관련 법령 또는 내부 인사규정상 채용이 불가능한 경우",서류전형 > 직무과제 > 실무면접 > 처우협의
1731,간호조무사 모집,3,174,20260519,20260628,15,신입,정규직,경상남도,전문학사 이상,"본 포지션은 간호조무사 업무를 담당하며, 현장의 요구사항을 정확히 파악해 안정적인 결과를 만드는 역할입니다.

의료·바이오 분야의 실무 기준과 절차에 따라 계획 수립부터 실행, 결과 확인까지 전 과정에 참여합니다.

업무 과정에서 발생하는 이슈를 데이터와 기록에 근거해 분석하고, 유관 부서와 협의하여 개선합니다.

입사 후에는 표준 절차와 내부 시스템 교육을 이수하며, 숙련도에 따라 담당 범위가 확대됩니다.

정확성, 안전, 책임 있는 의사소통을 중시하며 실무 중심의 협업 역량을 기대합니다.","- 간호조무사 직무 기준에 따른 실무 수행
- 간호조무사 관련 결과물 검토 및 개선
- 의무·연구 기록 정확성 관리
- 감염관리와 안전수칙 준수
- 의료진·연구진·행정부서 협업
- 대상자 안내 및 문의 대응
- 장비·시약·의약품 재고와 상태 확인
- 관련 법규 및 표준운영절차 준수","- 간호조무사 자격를 보유한 분
- 의료·연구 윤리와 안전기준을 준수할 수 있는 분
- 직무 관련 면허·자격 또는 전공 요건 충족
- 환자·대상자의 개인정보를 보호할 수 있는 분
- 정확한 기록과 확인 절차를 준수하는 분
- 교대근무 또는 일정 조정이 가능한 분","- 간호조무사 자격 보유자
- BLS Provider 보유자
- 임상·연구 데이터 관리 경험
- 외국어 의사소통 가능자
- 종합병원·연구기관·제약바이오 업계 경험","- 지원서 또는 제출서류를 허위로 기재한 경우
- 채용검진 결과 직무 수행이 어렵다고 판단되는 경우
- 해외여행 및 근무에 결격사유가 있는 경우
- 관련 법령 또는 내부 인사규정상 채용이 불가능한 경우",서류전형 > 필기전형 > 면접전형 > 최종합격
1732,간호조무사 채용,90,174,20260724,20260804,19,경력,정규직,제주특별자치도,학사 이상,"본 포지션은 간호조무사 업무를 담당하며, 현장의 요구사항을 정확히 파악해 안정적인 결과를 만드는 역할입니다.

의료·바이오 분야의 실무 기준과 절차에 따라 계획 수립부터 실행, 결과 확인까지 전 과정에 참여합니다.

업무 과정에서 발생하는 이슈를 데이터와 기록에 근거해 분석하고, 유관 부서와 협의하여 개선합니다.

입사 후에는 표준 절차와 내부 시스템 교육을 이수하며, 숙련도에 따라 담당 범위가 확대됩니다.

정확성, 안전, 책임 있는 의사소통을 중시하며 실무 중심의 협업 역량을 기대합니다.","- 간호조무사 직무 기준에 따른 실무 수행
- 간호조무사 관련 결과물 검토 및 개선
- 대상자 안내 및 문의 대응
- 장비·시약·의약품 재고와 상태 확인
- 관련 법규 및 표준운영절차 준수
- 환자·대상자 상태 확인 및 업무계획 수립
- 직무 범위 내 처치·검사·연구 업무 수행
- 의무·연구 기록 정확성 관리","- 간호조무사 자격를 보유한 분
- 정확한 기록과 확인 절차를 준수하는 분
- 교대근무 또는 일정 조정이 가능한 분
- 의료·연구 윤리와 안전기준을 준수할 수 있는 분
- 직무 관련 면허·자격 또는 전공 요건 충족
- 환자·대상자의 개인정보를 보호할 수 있는 분","- BLS Provider 보유자
- 병원코디네이터 자격 보유자
- 관련 전문 자격 또는 교육 이수자
- EMR·LIS·CTMS 등 시스템 사용 경험
- 임상·연구 데이터 관리 경험","- 지원서 또는 제출서류를 허위로 기재한 경우
- 채용검진 결과 직무 수행이 어렵다고 판단되는 경우
- 해외여행 및 근무에 결격사유가 있는 경우
- 관련 법령 또는 내부 인사규정상 채용이 불가능한 경우",서류전형 > 실무면접 > 최종면접
1733,간호조무사 담당자 모집,138,174,20260905,20260923,3,신입·경력,계약직,서울특별시,학사 이상,"본 포지션은 간호조무사 업무를 담당하며, 현장의 요구사항을 정확히 파악해 안정적인 결과를 만드는 역할입니다.

의료·바이오 분야의 실무 기준과 절차에 따라 계획 수립부터 실행, 결과 확인까지 전 과정에 참여합니다.

업무 과정에서 발생하는 이슈를 데이터와 기록에 근거해 분석하고, 유관 부서와 협의하여 개선합니다.

입사 후에는 표준 절차와 내부 시스템 교육을 이수하며, 숙련도에 따라 담당 범위가 확대됩니다.

정확성, 안전, 책임 있는 의사소통을 중시하며 실무 중심의 협업 역량을 기대합니다.","- 간호조무사 직무 기준에 따른 실무 수행
- 간호조무사 관련 결과물 검토 및 개선
- 환자·대상자 상태 확인 및 업무계획 수립
- 직무 범위 내 처치·검사·연구 업무 수행
- 의무·연구 기록 정확성 관리
- 감염관리와 안전수칙 준수
- 의료진·연구진·행정부서 협업
- 대상자 안내 및 문의 대응","- 간호조무사 자격를 보유한 분
- 직무 관련 면허·자격 또는 전공 요건 충족
- 환자·대상자의 개인정보를 보호할 수 있는 분
- 정확한 기록과 확인 절차를 준수하는 분
- 교대근무 또는 일정 조정이 가능한 분
- 의료·연구 윤리와 안전기준을 준수할 수 있는 분","- 병원코디네이터 자격 보유자
- 간호조무사 자격 보유자
- 외국어 의사소통 가능자
- 종합병원·연구기관·제약바이오 업계 경험
- 관련 전문 자격 또는 교육 이수자","- 지원서 또는 제출서류를 허위로 기재한 경우
- 채용검진 결과 직무 수행이 어렵다고 판단되는 경우
- 해외여행 및 근무에 결격사유가 있는 경우
- 관련 법령 또는 내부 인사규정상 채용이 불가능한 경우",서류전형 > 인성검사 > 실무면접 > 최종면접
1734,간호조무사 인재 채용,16,174,20260110,20260204,7,경력 2년 이상,무기계약직,부산광역시,전문학사 이상,"본 포지션은 간호조무사 업무를 담당하며, 현장의 요구사항을 정확히 파악해 안정적인 결과를 만드는 역할입니다.

의료·바이오 분야의 실무 기준과 절차에 따라 계획 수립부터 실행, 결과 확인까지 전 과정에 참여합니다.

업무 과정에서 발생하는 이슈를 데이터와 기록에 근거해 분석하고, 유관 부서와 협의하여 개선합니다.

입사 후에는 표준 절차와 내부 시스템 교육을 이수하며, 숙련도에 따라 담당 범위가 확대됩니다.

정확성, 안전, 책임 있는 의사소통을 중시하며 실무 중심의 협업 역량을 기대합니다.","- 간호조무사 직무 기준에 따른 실무 수행
- 간호조무사 관련 결과물 검토 및 개선
- 감염관리와 안전수칙 준수
- 의료진·연구진·행정부서 협업
- 대상자 안내 및 문의 대응
- 장비·시약·의약품 재고와 상태 확인
- 관련 법규 및 표준운영절차 준수
- 환자·대상자 상태 확인 및 업무계획 수립","- 간호조무사 자격를 보유한 분
- 교대근무 또는 일정 조정이 가능한 분
- 의료·연구 윤리와 안전기준을 준수할 수 있는 분
- 직무 관련 면허·자격 또는 전공 요건 충족
- 환자·대상자의 개인정보를 보호할 수 있는 분
- 정확한 기록과 확인 절차를 준수하는 분","- 간호조무사 자격 보유자
- BLS Provider 보유자
- EMR·LIS·CTMS 등 시스템 사용 경험
- 임상·연구 데이터 관리 경험
- 외국어 의사소통 가능자","- 지원서 또는 제출서류를 허위로 기재한 경우
- 채용검진 결과 직무 수행이 어렵다고 판단되는 경우
- 해외여행 및 근무에 결격사유가 있는 경우
- 관련 법령 또는 내부 인사규정상 채용이 불가능한 경우",서류전형 > 직무과제 > 실무면접 > 처우협의
1735,간호조무사 실무자 모집,4,174,20260315,20260416,11,경력 3년 이상,정규직,인천광역시,학사 이상,"본 포지션은 간호조무사 업무를 담당하며, 현장의 요구사항을 정확히 파악해 안정적인 결과를 만드는 역할입니다.

의료·바이오 분야의 실무 기준과 절차에 따라 계획 수립부터 실행, 결과 확인까지 전 과정에 참여합니다.

업무 과정에서 발생하는 이슈를 데이터와 기록에 근거해 분석하고, 유관 부서와 협의하여 개선합니다.

입사 후에는 표준 절차와 내부 시스템 교육을 이수하며, 숙련도에 따라 담당 범위가 확대됩니다.

정확성, 안전, 책임 있는 의사소통을 중시하며 실무 중심의 협업 역량을 기대합니다.","- 간호조무사 직무 기준에 따른 실무 수행
- 간호조무사 관련 결과물 검토 및 개선
- 장비·시약·의약품 재고와 상태 확인
- 관련 법규 및 표준운영절차 준수
- 환자·대상자 상태 확인 및 업무계획 수립
- 직무 범위 내 처치·검사·연구 업무 수행
- 의무·연구 기록 정확성 관리
- 감염관리와 안전수칙 준수","- 간호조무사 자격를 보유한 분
- 환자·대상자의 개인정보를 보호할 수 있는 분
- 정확한 기록과 확인 절차를 준수하는 분
- 교대근무 또는 일정 조정이 가능한 분
- 의료·연구 윤리와 안전기준을 준수할 수 있는 분
- 직무 관련 면허·자격 또는 전공 요건 충족","- BLS Provider 보유자
- 병원코디네이터 자격 보유자
- 종합병원·연구기관·제약바이오 업계 경험
- 관련 전문 자격 또는 교육 이수자
- EMR·LIS·CTMS 등 시스템 사용 경험","- 지원서 또는 제출서류를 허위로 기재한 경우
- 채용검진 결과 직무 수행이 어렵다고 판단되는 경우
- 해외여행 및 근무에 결격사유가 있는 경우
- 관련 법령 또는 내부 인사규정상 채용이 불가능한 경우",서류전형 > 1차면접 > 2차면접 > 채용검진
1736,간호조무사 전문인력 채용,11,174,20260520,20260628,15,경력 무관,정규직,대전광역시,학사 이상,"본 포지션은 간호조무사 업무를 담당하며, 현장의 요구사항을 정확히 파악해 안정적인 결과를 만드는 역할입니다.

의료·바이오 분야의 실무 기준과 절차에 따라 계획 수립부터 실행, 결과 확인까지 전 과정에 참여합니다.

업무 과정에서 발생하는 이슈를 데이터와 기록에 근거해 분석하고, 유관 부서와 협의하여 개선합니다.

입사 후에는 표준 절차와 내부 시스템 교육을 이수하며, 숙련도에 따라 담당 범위가 확대됩니다.

정확성, 안전, 책임 있는 의사소통을 중시하며 실무 중심의 협업 역량을 기대합니다.","- 간호조무사 직무 기준에 따른 실무 수행
- 간호조무사 관련 결과물 검토 및 개선
- 직무 범위 내 처치·검사·연구 업무 수행
- 의무·연구 기록 정확성 관리
- 감염관리와 안전수칙 준수
- 의료진·연구진·행정부서 협업
- 대상자 안내 및 문의 대응
- 장비·시약·의약품 재고와 상태 확인","- 간호조무사 자격를 보유한 분
- 의료·연구 윤리와 안전기준을 준수할 수 있는 분
- 직무 관련 면허·자격 또는 전공 요건 충족
- 환자·대상자의 개인정보를 보호할 수 있는 분
- 정확한 기록과 확인 절차를 준수하는 분
- 교대근무 또는 일정 조정이 가능한 분","- 병원코디네이터 자격 보유자
- 간호조무사 자격 보유자
- 임상·연구 데이터 관리 경험
- 외국어 의사소통 가능자
- 종합병원·연구기관·제약바이오 업계 경험","- 지원서 또는 제출서류를 허위로 기재한 경우
- 채용검진 결과 직무 수행이 어렵다고 판단되는 경우
- 해외여행 및 근무에 결격사유가 있는 경우
- 관련 법령 또는 내부 인사규정상 채용이 불가능한 경우",서류전형 > 필기전형 > 면접전형 > 최종합격
1737,간호조무사 운영인력 모집,43,174,20260701,20260711,19,경력 5년 이상,계약직,광주광역시,전문학사 이상,"본 포지션은 간호조무사 업무를 담당하며, 현장의 요구사항을 정확히 파악해 안정적인 결과를 만드는 역할입니다.

의료·바이오 분야의 실무 기준과 절차에 따라 계획 수립부터 실행, 결과 확인까지 전 과정에 참여합니다.

업무 과정에서 발생하는 이슈를 데이터와 기록에 근거해 분석하고, 유관 부서와 협의하여 개선합니다.

입사 후에는 표준 절차와 내부 시스템 교육을 이수하며, 숙련도에 따라 담당 범위가 확대됩니다.

정확성, 안전, 책임 있는 의사소통을 중시하며 실무 중심의 협업 역량을 기대합니다.","- 간호조무사 직무 기준에 따른 실무 수행
- 간호조무사 관련 결과물 검토 및 개선
- 의료진·연구진·행정부서 협업
- 대상자 안내 및 문의 대응
- 장비·시약·의약품 재고와 상태 확인
- 관련 법규 및 표준운영절차 준수
- 환자·대상자 상태 확인 및 업무계획 수립
- 직무 범위 내 처치·검사·연구 업무 수행","- 간호조무사 자격를 보유한 분
- 정확한 기록과 확인 절차를 준수하는 분
- 교대근무 또는 일정 조정이 가능한 분
- 의료·연구 윤리와 안전기준을 준수할 수 있는 분
- 직무 관련 면허·자격 또는 전공 요건 충족
- 환자·대상자의 개인정보를 보호할 수 있는 분","- 간호조무사 자격 보유자
- BLS Provider 보유자
- 관련 전문 자격 또는 교육 이수자
- EMR·LIS·CTMS 등 시스템 사용 경험
- 임상·연구 데이터 관리 경험","- 지원서 또는 제출서류를 허위로 기재한 경우
- 채용검진 결과 직무 수행이 어렵다고 판단되는 경우
- 해외여행 및 근무에 결격사유가 있는 경우
- 관련 법령 또는 내부 인사규정상 채용이 불가능한 경우",서류전형 > 실무면접 > 최종면접
1738,간호조무사 프로젝트 인력 채용,38,174,20260906,20260923,3,신입,무기계약직,울산광역시,학사 이상,"본 포지션은 간호조무사 업무를 담당하며, 현장의 요구사항을 정확히 파악해 안정적인 결과를 만드는 역할입니다.

의료·바이오 분야의 실무 기준과 절차에 따라 계획 수립부터 실행, 결과 확인까지 전 과정에 참여합니다.

업무 과정에서 발생하는 이슈를 데이터와 기록에 근거해 분석하고, 유관 부서와 협의하여 개선합니다.

입사 후에는 표준 절차와 내부 시스템 교육을 이수하며, 숙련도에 따라 담당 범위가 확대됩니다.

정확성, 안전, 책임 있는 의사소통을 중시하며 실무 중심의 협업 역량을 기대합니다.","- 간호조무사 직무 기준에 따른 실무 수행
- 간호조무사 관련 결과물 검토 및 개선
- 관련 법규 및 표준운영절차 준수
- 환자·대상자 상태 확인 및 업무계획 수립
- 직무 범위 내 처치·검사·연구 업무 수행
- 의무·연구 기록 정확성 관리
- 감염관리와 안전수칙 준수
- 의료진·연구진·행정부서 협업","- 간호조무사 자격를 보유한 분
- 직무 관련 면허·자격 또는 전공 요건 충족
- 환자·대상자의 개인정보를 보호할 수 있는 분
- 정확한 기록과 확인 절차를 준수하는 분
- 교대근무 또는 일정 조정이 가능한 분
- 의료·연구 윤리와 안전기준을 준수할 수 있는 분","- BLS Provider 보유자
- 병원코디네이터 자격 보유자
- 외국어 의사소통 가능자
- 종합병원·연구기관·제약바이오 업계 경험
- 관련 전문 자격 또는 교육 이수자","- 지원서 또는 제출서류를 허위로 기재한 경우
- 채용검진 결과 직무 수행이 어렵다고 판단되는 경우
- 해외여행 및 근무에 결격사유가 있는 경우
- 관련 법령 또는 내부 인사규정상 채용이 불가능한 경우",서류전형 > 인성검사 > 실무면접 > 최종면접
1739,간호조무사 직무 채용,58,174,20260111,20260204,7,경력,정규직,세종특별자치시,학사 이상,"본 포지션은 간호조무사 업무를 담당하며, 현장의 요구사항을 정확히 파악해 안정적인 결과를 만드는 역할입니다.

의료·바이오 분야의 실무 기준과 절차에 따라 계획 수립부터 실행, 결과 확인까지 전 과정에 참여합니다.

업무 과정에서 발생하는 이슈를 데이터와 기록에 근거해 분석하고, 유관 부서와 협의하여 개선합니다.

입사 후에는 표준 절차와 내부 시스템 교육을 이수하며, 숙련도에 따라 담당 범위가 확대됩니다.

정확성, 안전, 책임 있는 의사소통을 중시하며 실무 중심의 협업 역량을 기대합니다.","- 간호조무사 직무 기준에 따른 실무 수행
- 간호조무사 관련 결과물 검토 및 개선
- 의무·연구 기록 정확성 관리
- 감염관리와 안전수칙 준수
- 의료진·연구진·행정부서 협업
- 대상자 안내 및 문의 대응
- 장비·시약·의약품 재고와 상태 확인
- 관련 법규 및 표준운영절차 준수","- 간호조무사 자격를 보유한 분
- 교대근무 또는 일정 조정이 가능한 분
- 의료·연구 윤리와 안전기준을 준수할 수 있는 분
- 직무 관련 면허·자격 또는 전공 요건 충족
- 환자·대상자의 개인정보를 보호할 수 있는 분
- 정확한 기록과 확인 절차를 준수하는 분","- 병원코디네이터 자격 보유자
- 간호조무사 자격 보유자
- EMR·LIS·CTMS 등 시스템 사용 경험
- 임상·연구 데이터 관리 경험
- 외국어 의사소통 가능자","- 지원서 또는 제출서류를 허위로 기재한 경우
- 채용검진 결과 직무 수행이 어렵다고 판단되는 경우
- 해외여행 및 근무에 결격사유가 있는 경우
- 관련 법령 또는 내부 인사규정상 채용이 불가능한 경우",서류전형 > 직무과제 > 실무면접 > 처우협의
1740,간호조무사 부문 모집,51,174,20260316,20260416,11,신입·경력,정규직,경기도,전문학사 이상,"본 포지션은 간호조무사 업무를 담당하며, 현장의 요구사항을 정확히 파악해 안정적인 결과를 만드는 역할입니다.

의료·바이오 분야의 실무 기준과 절차에 따라 계획 수립부터 실행, 결과 확인까지 전 과정에 참여합니다.

업무 과정에서 발생하는 이슈를 데이터와 기록에 근거해 분석하고, 유관 부서와 협의하여 개선합니다.

입사 후에는 표준 절차와 내부 시스템 교육을 이수하며, 숙련도에 따라 담당 범위가 확대됩니다.

정확성, 안전, 책임 있는 의사소통을 중시하며 실무 중심의 협업 역량을 기대합니다.","- 간호조무사 직무 기준에 따른 실무 수행
- 간호조무사 관련 결과물 검토 및 개선
- 대상자 안내 및 문의 대응
- 장비·시약·의약품 재고와 상태 확인
- 관련 법규 및 표준운영절차 준수
- 환자·대상자 상태 확인 및 업무계획 수립
- 직무 범위 내 처치·검사·연구 업무 수행
- 의무·연구 기록 정확성 관리","- 간호조무사 자격를 보유한 분
- 환자·대상자의 개인정보를 보호할 수 있는 분
- 정확한 기록과 확인 절차를 준수하는 분
- 교대근무 또는 일정 조정이 가능한 분
- 의료·연구 윤리와 안전기준을 준수할 수 있는 분
- 직무 관련 면허·자격 또는 전공 요건 충족","- 간호조무사 자격 보유자
- BLS Provider 보유자
- 종합병원·연구기관·제약바이오 업계 경험
- 관련 전문 자격 또는 교육 이수자
- EMR·LIS·CTMS 등 시스템 사용 경험","- 지원서 또는 제출서류를 허위로 기재한 경우
- 채용검진 결과 직무 수행이 어렵다고 판단되는 경우
- 해외여행 및 근무에 결격사유가 있는 경우
- 관련 법령 또는 내부 인사규정상 채용이 불가능한 경우",서류전형 > 1차면접 > 2차면접 > 채용검진
1741,약사·한약사 모집,149,175,20260622,20260802,16,경력,정규직,제주특별자치도,학사 이상,"본 포지션은 약사·한약사 업무를 담당하며, 현장의 요구사항을 정확히 파악해 안정적인 결과를 만드는 역할입니다.

의료·바이오 분야의 실무 기준과 절차에 따라 계획 수립부터 실행, 결과 확인까지 전 과정에 참여합니다.

업무 과정에서 발생하는 이슈를 데이터와 기록에 근거해 분석하고, 유관 부서와 협의하여 개선합니다.

입사 후에는 표준 절차와 내부 시스템 교육을 이수하며, 숙련도에 따라 담당 범위가 확대됩니다.

정확성, 안전, 책임 있는 의사소통을 중시하며 실무 중심의 협업 역량을 기대합니다.","- 처방 조제와 복약지도
- 의약품 안전·재고 관리
- 직무 범위 내 처치·검사·연구 업무 수행
- 의무·연구 기록 정확성 관리
- 감염관리와 안전수칙 준수
- 의료진·연구진·행정부서 협업
- 대상자 안내 및 문의 대응
- 장비·시약·의약품 재고와 상태 확인","- 약사 또는 한약사 면허를 보유한 분
- 환자·대상자의 개인정보를 보호할 수 있는 분
- 정확한 기록과 확인 절차를 준수하는 분
- 교대근무 또는 일정 조정이 가능한 분
- 의료·연구 윤리와 안전기준을 준수할 수 있는 분
- 직무 관련 면허·자격 또는 전공 요건 충족","- 약사 면허 보유자
- 한약사 면허 보유자
- 종합병원·연구기관·제약바이오 업계 경험
- 관련 전문 자격 또는 교육 이수자
- EMR·LIS·CTMS 등 시스템 사용 경험","- 지원서 또는 제출서류를 허위로 기재한 경우
- 채용검진 결과 직무 수행이 어렵다고 판단되는 경우
- 해외여행 및 근무에 결격사유가 있는 경우
- 관련 법령 또는 내부 인사규정상 채용이 불가능한 경우",서류전형 > 실무면접 > 최종면접
1742,약사·한약사 채용,64,175,20260803,20260815,20,경력 3년 이상,정규직,서울특별시,학사 이상,"본 포지션은 약사·한약사 업무를 담당하며, 현장의 요구사항을 정확히 파악해 안정적인 결과를 만드는 역할입니다.

의료·바이오 분야의 실무 기준과 절차에 따라 계획 수립부터 실행, 결과 확인까지 전 과정에 참여합니다.

업무 과정에서 발생하는 이슈를 데이터와 기록에 근거해 분석하고, 유관 부서와 협의하여 개선합니다.

입사 후에는 표준 절차와 내부 시스템 교육을 이수하며, 숙련도에 따라 담당 범위가 확대됩니다.

정확성, 안전, 책임 있는 의사소통을 중시하며 실무 중심의 협업 역량을 기대합니다.","- 처방 조제와 복약지도
- 의약품 안전·재고 관리
- 의료진·연구진·행정부서 협업
- 대상자 안내 및 문의 대응
- 장비·시약·의약품 재고와 상태 확인
- 관련 법규 및 표준운영절차 준수
- 환자·대상자 상태 확인 및 업무계획 수립
- 직무 범위 내 처치·검사·연구 업무 수행","- 약사 또는 한약사 면허를 보유한 분
- 의료·연구 윤리와 안전기준을 준수할 수 있는 분
- 직무 관련 면허·자격 또는 전공 요건 충족
- 환자·대상자의 개인정보를 보호할 수 있는 분
- 정확한 기록과 확인 절차를 준수하는 분
- 교대근무 또는 일정 조정이 가능한 분","- 한약사 면허 보유자
- 의약품유통관리사 보유자
- 임상·연구 데이터 관리 경험
- 외국어 의사소통 가능자
- 종합병원·연구기관·제약바이오 업계 경험","- 지원서 또는 제출서류를 허위로 기재한 경우
- 채용검진 결과 직무 수행이 어렵다고 판단되는 경우
- 해외여행 및 근무에 결격사유가 있는 경우
- 관련 법령 또는 내부 인사규정상 채용이 불가능한 경우",서류전형 > 인성검사 > 실무면접 > 최종면접
1743,약사·한약사 담당자 모집,44,175,20261008,20261027,4,경력,계약직,부산광역시,학사 이상,"본 포지션은 약사·한약사 업무를 담당하며, 현장의 요구사항을 정확히 파악해 안정적인 결과를 만드는 역할입니다.

의료·바이오 분야의 실무 기준과 절차에 따라 계획 수립부터 실행, 결과 확인까지 전 과정에 참여합니다.

업무 과정에서 발생하는 이슈를 데이터와 기록에 근거해 분석하고, 유관 부서와 협의하여 개선합니다.

입사 후에는 표준 절차와 내부 시스템 교육을 이수하며, 숙련도에 따라 담당 범위가 확대됩니다.

정확성, 안전, 책임 있는 의사소통을 중시하며 실무 중심의 협업 역량을 기대합니다.","- 처방 조제와 복약지도
- 의약품 안전·재고 관리
- 관련 법규 및 표준운영절차 준수
- 환자·대상자 상태 확인 및 업무계획 수립
- 직무 범위 내 처치·검사·연구 업무 수행
- 의무·연구 기록 정확성 관리
- 감염관리와 안전수칙 준수
- 의료진·연구진·행정부서 협업","- 약사 또는 한약사 면허를 보유한 분
- 정확한 기록과 확인 절차를 준수하는 분
- 교대근무 또는 일정 조정이 가능한 분
- 의료·연구 윤리와 안전기준을 준수할 수 있는 분
- 직무 관련 면허·자격 또는 전공 요건 충족
- 환자·대상자의 개인정보를 보호할 수 있는 분","- 의약품유통관리사 보유자
- 약사 면허 보유자
- 관련 전문 자격 또는 교육 이수자
- EMR·LIS·CTMS 등 시스템 사용 경험
- 임상·연구 데이터 관리 경험","- 지원서 또는 제출서류를 허위로 기재한 경우
- 채용검진 결과 직무 수행이 어렵다고 판단되는 경우
- 해외여행 및 근무에 결격사유가 있는 경우
- 관련 법령 또는 내부 인사규정상 채용이 불가능한 경우",서류전형 > 직무과제 > 실무면접 > 처우협의
1744,약사·한약사 인재 채용,35,175,20260213,20260311,8,경력 3년 이상,무기계약직,인천광역시,학사 이상,"본 포지션은 약사·한약사 업무를 담당하며, 현장의 요구사항을 정확히 파악해 안정적인 결과를 만드는 역할입니다.

의료·바이오 분야의 실무 기준과 절차에 따라 계획 수립부터 실행, 결과 확인까지 전 과정에 참여합니다.

업무 과정에서 발생하는 이슈를 데이터와 기록에 근거해 분석하고, 유관 부서와 협의하여 개선합니다.

입사 후에는 표준 절차와 내부 시스템 교육을 이수하며, 숙련도에 따라 담당 범위가 확대됩니다.

정확성, 안전, 책임 있는 의사소통을 중시하며 실무 중심의 협업 역량을 기대합니다.","- 처방 조제와 복약지도
- 의약품 안전·재고 관리
- 의무·연구 기록 정확성 관리
- 감염관리와 안전수칙 준수
- 의료진·연구진·행정부서 협업
- 대상자 안내 및 문의 대응
- 장비·시약·의약품 재고와 상태 확인
- 관련 법규 및 표준운영절차 준수","- 약사 또는 한약사 면허를 보유한 분
- 직무 관련 면허·자격 또는 전공 요건 충족
- 환자·대상자의 개인정보를 보호할 수 있는 분
- 정확한 기록과 확인 절차를 준수하는 분
- 교대근무 또는 일정 조정이 가능한 분
- 의료·연구 윤리와 안전기준을 준수할 수 있는 분","- 약사 면허 보유자
- 한약사 면허 보유자
- 외국어 의사소통 가능자
- 종합병원·연구기관·제약바이오 업계 경험
- 관련 전문 자격 또는 교육 이수자","- 지원서 또는 제출서류를 허위로 기재한 경우
- 채용검진 결과 직무 수행이 어렵다고 판단되는 경우
- 해외여행 및 근무에 결격사유가 있는 경우
- 관련 법령 또는 내부 인사규정상 채용이 불가능한 경우",서류전형 > 1차면접 > 2차면접 > 채용검진
1745,약사·한약사 실무자 모집,50,175,20260418,20260521,12,경력,정규직,대전광역시,학사 이상,"본 포지션은 약사·한약사 업무를 담당하며, 현장의 요구사항을 정확히 파악해 안정적인 결과를 만드는 역할입니다.

의료·바이오 분야의 실무 기준과 절차에 따라 계획 수립부터 실행, 결과 확인까지 전 과정에 참여합니다.

업무 과정에서 발생하는 이슈를 데이터와 기록에 근거해 분석하고, 유관 부서와 협의하여 개선합니다.

입사 후에는 표준 절차와 내부 시스템 교육을 이수하며, 숙련도에 따라 담당 범위가 확대됩니다.

정확성, 안전, 책임 있는 의사소통을 중시하며 실무 중심의 협업 역량을 기대합니다.","- 처방 조제와 복약지도
- 의약품 안전·재고 관리
- 대상자 안내 및 문의 대응
- 장비·시약·의약품 재고와 상태 확인
- 관련 법규 및 표준운영절차 준수
- 환자·대상자 상태 확인 및 업무계획 수립
- 직무 범위 내 처치·검사·연구 업무 수행
- 의무·연구 기록 정확성 관리","- 약사 또는 한약사 면허를 보유한 분
- 교대근무 또는 일정 조정이 가능한 분
- 의료·연구 윤리와 안전기준을 준수할 수 있는 분
- 직무 관련 면허·자격 또는 전공 요건 충족
- 환자·대상자의 개인정보를 보호할 수 있는 분
- 정확한 기록과 확인 절차를 준수하는 분","- 한약사 면허 보유자
- 의약품유통관리사 보유자
- EMR·LIS·CTMS 등 시스템 사용 경험
- 임상·연구 데이터 관리 경험
- 외국어 의사소통 가능자","- 지원서 또는 제출서류를 허위로 기재한 경우
- 채용검진 결과 직무 수행이 어렵다고 판단되는 경우
- 해외여행 및 근무에 결격사유가 있는 경우
- 관련 법령 또는 내부 인사규정상 채용이 불가능한 경우",서류전형 > 필기전형 > 면접전형 > 최종합격
1746,약사·한약사 전문인력 채용,66,175,20260623,20260802,16,경력 3년 이상,정규직,광주광역시,학사 이상,"본 포지션은 약사·한약사 업무를 담당하며, 현장의 요구사항을 정확히 파악해 안정적인 결과를 만드는 역할입니다.

의료·바이오 분야의 실무 기준과 절차에 따라 계획 수립부터 실행, 결과 확인까지 전 과정에 참여합니다.

업무 과정에서 발생하는 이슈를 데이터와 기록에 근거해 분석하고, 유관 부서와 협의하여 개선합니다.

입사 후에는 표준 절차와 내부 시스템 교육을 이수하며, 숙련도에 따라 담당 범위가 확대됩니다.

정확성, 안전, 책임 있는 의사소통을 중시하며 실무 중심의 협업 역량을 기대합니다.","- 처방 조제와 복약지도
- 의약품 안전·재고 관리
- 환자·대상자 상태 확인 및 업무계획 수립
- 직무 범위 내 처치·검사·연구 업무 수행
- 의무·연구 기록 정확성 관리
- 감염관리와 안전수칙 준수
- 의료진·연구진·행정부서 협업
- 대상자 안내 및 문의 대응","- 약사 또는 한약사 면허를 보유한 분
- 환자·대상자의 개인정보를 보호할 수 있는 분
- 정확한 기록과 확인 절차를 준수하는 분
- 교대근무 또는 일정 조정이 가능한 분
- 의료·연구 윤리와 안전기준을 준수할 수 있는 분
- 직무 관련 면허·자격 또는 전공 요건 충족","- 의약품유통관리사 보유자
- 약사 면허 보유자
- 종합병원·연구기관·제약바이오 업계 경험
- 관련 전문 자격 또는 교육 이수자
- EMR·LIS·CTMS 등 시스템 사용 경험","- 지원서 또는 제출서류를 허위로 기재한 경우
- 채용검진 결과 직무 수행이 어렵다고 판단되는 경우
- 해외여행 및 근무에 결격사유가 있는 경우
- 관련 법령 또는 내부 인사규정상 채용이 불가능한 경우",서류전형 > 실무면접 > 최종면접
1747,약사·한약사 운영인력 모집,149,175,20260804,20260815,20,경력,계약직,울산광역시,학사 이상,"본 포지션은 약사·한약사 업무를 담당하며, 현장의 요구사항을 정확히 파악해 안정적인 결과를 만드는 역할입니다.

의료·바이오 분야의 실무 기준과 절차에 따라 계획 수립부터 실행, 결과 확인까지 전 과정에 참여합니다.

업무 과정에서 발생하는 이슈를 데이터와 기록에 근거해 분석하고, 유관 부서와 협의하여 개선합니다.

입사 후에는 표준 절차와 내부 시스템 교육을 이수하며, 숙련도에 따라 담당 범위가 확대됩니다.

정확성, 안전, 책임 있는 의사소통을 중시하며 실무 중심의 협업 역량을 기대합니다.","- 처방 조제와 복약지도
- 의약품 안전·재고 관리
- 감염관리와 안전수칙 준수
- 의료진·연구진·행정부서 협업
- 대상자 안내 및 문의 대응
- 장비·시약·의약품 재고와 상태 확인
- 관련 법규 및 표준운영절차 준수
- 환자·대상자 상태 확인 및 업무계획 수립","- 약사 또는 한약사 면허를 보유한 분
- 의료·연구 윤리와 안전기준을 준수할 수 있는 분
- 직무 관련 면허·자격 또는 전공 요건 충족
- 환자·대상자의 개인정보를 보호할 수 있는 분
- 정확한 기록과 확인 절차를 준수하는 분
- 교대근무 또는 일정 조정이 가능한 분","- 약사 면허 보유자
- 한약사 면허 보유자
- 임상·연구 데이터 관리 경험
- 외국어 의사소통 가능자
- 종합병원·연구기관·제약바이오 업계 경험","- 지원서 또는 제출서류를 허위로 기재한 경우
- 채용검진 결과 직무 수행이 어렵다고 판단되는 경우
- 해외여행 및 근무에 결격사유가 있는 경우
- 관련 법령 또는 내부 인사규정상 채용이 불가능한 경우",서류전형 > 인성검사 > 실무면접 > 최종면접
1748,약사·한약사 프로젝트 인력 채용,68,175,20261009,20261027,4,경력 3년 이상,무기계약직,세종특별자치시,학사 이상,"본 포지션은 약사·한약사 업무를 담당하며, 현장의 요구사항을 정확히 파악해 안정적인 결과를 만드는 역할입니다.

의료·바이오 분야의 실무 기준과 절차에 따라 계획 수립부터 실행, 결과 확인까지 전 과정에 참여합니다.

업무 과정에서 발생하는 이슈를 데이터와 기록에 근거해 분석하고, 유관 부서와 협의하여 개선합니다.

입사 후에는 표준 절차와 내부 시스템 교육을 이수하며, 숙련도에 따라 담당 범위가 확대됩니다.

정확성, 안전, 책임 있는 의사소통을 중시하며 실무 중심의 협업 역량을 기대합니다.","- 처방 조제와 복약지도
- 의약품 안전·재고 관리
- 장비·시약·의약품 재고와 상태 확인
- 관련 법규 및 표준운영절차 준수
- 환자·대상자 상태 확인 및 업무계획 수립
- 직무 범위 내 처치·검사·연구 업무 수행
- 의무·연구 기록 정확성 관리
- 감염관리와 안전수칙 준수","- 약사 또는 한약사 면허를 보유한 분
- 정확한 기록과 확인 절차를 준수하는 분
- 교대근무 또는 일정 조정이 가능한 분
- 의료·연구 윤리와 안전기준을 준수할 수 있는 분
- 직무 관련 면허·자격 또는 전공 요건 충족
- 환자·대상자의 개인정보를 보호할 수 있는 분","- 한약사 면허 보유자
- 의약품유통관리사 보유자
- 관련 전문 자격 또는 교육 이수자
- EMR·LIS·CTMS 등 시스템 사용 경험
- 임상·연구 데이터 관리 경험","- 지원서 또는 제출서류를 허위로 기재한 경우
- 채용검진 결과 직무 수행이 어렵다고 판단되는 경우
- 해외여행 및 근무에 결격사유가 있는 경우
- 관련 법령 또는 내부 인사규정상 채용이 불가능한 경우",서류전형 > 직무과제 > 실무면접 > 처우협의
1749,약사·한약사 직무 채용,4,175,20260214,20260311,8,경력,정규직,경기도,학사 이상,"본 포지션은 약사·한약사 업무를 담당하며, 현장의 요구사항을 정확히 파악해 안정적인 결과를 만드는 역할입니다.

의료·바이오 분야의 실무 기준과 절차에 따라 계획 수립부터 실행, 결과 확인까지 전 과정에 참여합니다.

업무 과정에서 발생하는 이슈를 데이터와 기록에 근거해 분석하고, 유관 부서와 협의하여 개선합니다.

입사 후에는 표준 절차와 내부 시스템 교육을 이수하며, 숙련도에 따라 담당 범위가 확대됩니다.

정확성, 안전, 책임 있는 의사소통을 중시하며 실무 중심의 협업 역량을 기대합니다.","- 처방 조제와 복약지도
- 의약품 안전·재고 관리
- 직무 범위 내 처치·검사·연구 업무 수행
- 의무·연구 기록 정확성 관리
- 감염관리와 안전수칙 준수
- 의료진·연구진·행정부서 협업
- 대상자 안내 및 문의 대응
- 장비·시약·의약품 재고와 상태 확인","- 약사 또는 한약사 면허를 보유한 분
- 직무 관련 면허·자격 또는 전공 요건 충족
- 환자·대상자의 개인정보를 보호할 수 있는 분
- 정확한 기록과 확인 절차를 준수하는 분
- 교대근무 또는 일정 조정이 가능한 분
- 의료·연구 윤리와 안전기준을 준수할 수 있는 분","- 의약품유통관리사 보유자
- 약사 면허 보유자
- 외국어 의사소통 가능자
- 종합병원·연구기관·제약바이오 업계 경험
- 관련 전문 자격 또는 교육 이수자","- 지원서 또는 제출서류를 허위로 기재한 경우
- 채용검진 결과 직무 수행이 어렵다고 판단되는 경우
- 해외여행 및 근무에 결격사유가 있는 경우
- 관련 법령 또는 내부 인사규정상 채용이 불가능한 경우",서류전형 > 1차면접 > 2차면접 > 채용검진
1750,약사·한약사 부문 모집,108,175,20260419,20260521,12,경력 3년 이상,정규직,강원특별자치도,학사 이상,"본 포지션은 약사·한약사 업무를 담당하며, 현장의 요구사항을 정확히 파악해 안정적인 결과를 만드는 역할입니다.

의료·바이오 분야의 실무 기준과 절차에 따라 계획 수립부터 실행, 결과 확인까지 전 과정에 참여합니다.

업무 과정에서 발생하는 이슈를 데이터와 기록에 근거해 분석하고, 유관 부서와 협의하여 개선합니다.

입사 후에는 표준 절차와 내부 시스템 교육을 이수하며, 숙련도에 따라 담당 범위가 확대됩니다.

정확성, 안전, 책임 있는 의사소통을 중시하며 실무 중심의 협업 역량을 기대합니다.","- 처방 조제와 복약지도
- 의약품 안전·재고 관리
- 의료진·연구진·행정부서 협업
- 대상자 안내 및 문의 대응
- 장비·시약·의약품 재고와 상태 확인
- 관련 법규 및 표준운영절차 준수
- 환자·대상자 상태 확인 및 업무계획 수립
- 직무 범위 내 처치·검사·연구 업무 수행","- 약사 또는 한약사 면허를 보유한 분
- 교대근무 또는 일정 조정이 가능한 분
- 의료·연구 윤리와 안전기준을 준수할 수 있는 분
- 직무 관련 면허·자격 또는 전공 요건 충족
- 환자·대상자의 개인정보를 보호할 수 있는 분
- 정확한 기록과 확인 절차를 준수하는 분","- 약사 면허 보유자
- 한약사 면허 보유자
- EMR·LIS·CTMS 등 시스템 사용 경험
- 임상·연구 데이터 관리 경험
- 외국어 의사소통 가능자","- 지원서 또는 제출서류를 허위로 기재한 경우
- 채용검진 결과 직무 수행이 어렵다고 판단되는 경우
- 해외여행 및 근무에 결격사유가 있는 경우
- 관련 법령 또는 내부 인사규정상 채용이 불가능한 경우",서류전형 > 필기전형 > 면접전형 > 최종합격
1751,의료기사 모집,56,176,20260701,20260812,17,신입,정규직,서울특별시,전문학사 이상,"본 포지션은 의료기사 업무를 담당하며, 현장의 요구사항을 정확히 파악해 안정적인 결과를 만드는 역할입니다.

의료·바이오 분야의 실무 기준과 절차에 따라 계획 수립부터 실행, 결과 확인까지 전 과정에 참여합니다.

업무 과정에서 발생하는 이슈를 데이터와 기록에 근거해 분석하고, 유관 부서와 협의하여 개선합니다.

입사 후에는 표준 절차와 내부 시스템 교육을 이수하며, 숙련도에 따라 담당 범위가 확대됩니다.

정확성, 안전, 책임 있는 의사소통을 중시하며 실무 중심의 협업 역량을 기대합니다.","- 의료기사 직무 기준에 따른 실무 수행
- 의료기사 관련 결과물 검토 및 개선
- 환자·대상자 상태 확인 및 업무계획 수립
- 직무 범위 내 처치·검사·연구 업무 수행
- 의무·연구 기록 정확성 관리
- 감염관리와 안전수칙 준수
- 의료진·연구진·행정부서 협업
- 대상자 안내 및 문의 대응","- 채용 분야에 해당하는 의료기사 면허를 보유한 분
- 교대근무 또는 일정 조정이 가능한 분
- 의료·연구 윤리와 안전기준을 준수할 수 있는 분
- 직무 관련 면허·자격 또는 전공 요건 충족
- 환자·대상자의 개인정보를 보호할 수 있는 분
- 정확한 기록과 확인 절차를 준수하는 분","- 임상병리사 면허 보유자
- 방사선사 면허 보유자
- EMR·LIS·CTMS 등 시스템 사용 경험
- 임상·연구 데이터 관리 경험
- 외국어 의사소통 가능자","- 지원서 또는 제출서류를 허위로 기재한 경우
- 채용검진 결과 직무 수행이 어렵다고 판단되는 경우
- 해외여행 및 근무에 결격사유가 있는 경우
- 관련 법령 또는 내부 인사규정상 채용이 불가능한 경우",서류전형 > 인성검사 > 실무면접 > 최종면접
1752,의료기사 채용,104,176,20260906,20260919,1,경력,정규직,부산광역시,학사 이상,"본 포지션은 의료기사 업무를 담당하며, 현장의 요구사항을 정확히 파악해 안정적인 결과를 만드는 역할입니다.

의료·바이오 분야의 실무 기준과 절차에 따라 계획 수립부터 실행, 결과 확인까지 전 과정에 참여합니다.

업무 과정에서 발생하는 이슈를 데이터와 기록에 근거해 분석하고, 유관 부서와 협의하여 개선합니다.

입사 후에는 표준 절차와 내부 시스템 교육을 이수하며, 숙련도에 따라 담당 범위가 확대됩니다.

정확성, 안전, 책임 있는 의사소통을 중시하며 실무 중심의 협업 역량을 기대합니다.","- 의료기사 직무 기준에 따른 실무 수행
- 의료기사 관련 결과물 검토 및 개선
- 감염관리와 안전수칙 준수
- 의료진·연구진·행정부서 협업
- 대상자 안내 및 문의 대응
- 장비·시약·의약품 재고와 상태 확인
- 관련 법규 및 표준운영절차 준수
- 환자·대상자 상태 확인 및 업무계획 수립","- 채용 분야에 해당하는 의료기사 면허를 보유한 분
- 환자·대상자의 개인정보를 보호할 수 있는 분
- 정확한 기록과 확인 절차를 준수하는 분
- 교대근무 또는 일정 조정이 가능한 분
- 의료·연구 윤리와 안전기준을 준수할 수 있는 분
- 직무 관련 면허·자격 또는 전공 요건 충족","- 방사선사 면허 보유자
- 물리치료사 면허 보유자
- 종합병원·연구기관·제약바이오 업계 경험
- 관련 전문 자격 또는 교육 이수자
- EMR·LIS·CTMS 등 시스템 사용 경험","- 지원서 또는 제출서류를 허위로 기재한 경우
- 채용검진 결과 직무 수행이 어렵다고 판단되는 경우
- 해외여행 및 근무에 결격사유가 있는 경우
- 관련 법령 또는 내부 인사규정상 채용이 불가능한 경우",서류전형 > 직무과제 > 실무면접 > 처우협의
1753,의료기사 담당자 모집,10,176,20260111,20260131,5,신입·경력,계약직,인천광역시,학사 이상,"본 포지션은 의료기사 업무를 담당하며, 현장의 요구사항을 정확히 파악해 안정적인 결과를 만드는 역할입니다.

의료·바이오 분야의 실무 기준과 절차에 따라 계획 수립부터 실행, 결과 확인까지 전 과정에 참여합니다.

업무 과정에서 발생하는 이슈를 데이터와 기록에 근거해 분석하고, 유관 부서와 협의하여 개선합니다.

입사 후에는 표준 절차와 내부 시스템 교육을 이수하며, 숙련도에 따라 담당 범위가 확대됩니다.

정확성, 안전, 책임 있는 의사소통을 중시하며 실무 중심의 협업 역량을 기대합니다.","- 의료기사 직무 기준에 따른 실무 수행
- 의료기사 관련 결과물 검토 및 개선
- 장비·시약·의약품 재고와 상태 확인
- 관련 법규 및 표준운영절차 준수
- 환자·대상자 상태 확인 및 업무계획 수립
- 직무 범위 내 처치·검사·연구 업무 수행
- 의무·연구 기록 정확성 관리
- 감염관리와 안전수칙 준수","- 채용 분야에 해당하는 의료기사 면허를 보유한 분
- 의료·연구 윤리와 안전기준을 준수할 수 있는 분
- 직무 관련 면허·자격 또는 전공 요건 충족
- 환자·대상자의 개인정보를 보호할 수 있는 분
- 정확한 기록과 확인 절차를 준수하는 분
- 교대근무 또는 일정 조정이 가능한 분","- 물리치료사 면허 보유자
- 임상병리사 면허 보유자
- 임상·연구 데이터 관리 경험
- 외국어 의사소통 가능자
- 종합병원·연구기관·제약바이오 업계 경험","- 지원서 또는 제출서류를 허위로 기재한 경우
- 채용검진 결과 직무 수행이 어렵다고 판단되는 경우
- 해외여행 및 근무에 결격사유가 있는 경우
- 관련 법령 또는 내부 인사규정상 채용이 불가능한 경우",서류전형 > 1차면접 > 2차면접 > 채용검진
1754,의료기사 인재 채용,62,176,20260316,20260412,9,경력 2년 이상,무기계약직,대전광역시,전문학사 이상,"본 포지션은 의료기사 업무를 담당하며, 현장의 요구사항을 정확히 파악해 안정적인 결과를 만드는 역할입니다.

의료·바이오 분야의 실무 기준과 절차에 따라 계획 수립부터 실행, 결과 확인까지 전 과정에 참여합니다.

업무 과정에서 발생하는 이슈를 데이터와 기록에 근거해 분석하고, 유관 부서와 협의하여 개선합니다.

입사 후에는 표준 절차와 내부 시스템 교육을 이수하며, 숙련도에 따라 담당 범위가 확대됩니다.

정확성, 안전, 책임 있는 의사소통을 중시하며 실무 중심의 협업 역량을 기대합니다.","- 의료기사 직무 기준에 따른 실무 수행
- 의료기사 관련 결과물 검토 및 개선
- 직무 범위 내 처치·검사·연구 업무 수행
- 의무·연구 기록 정확성 관리
- 감염관리와 안전수칙 준수
- 의료진·연구진·행정부서 협업
- 대상자 안내 및 문의 대응
- 장비·시약·의약품 재고와 상태 확인","- 채용 분야에 해당하는 의료기사 면허를 보유한 분
- 정확한 기록과 확인 절차를 준수하는 분
- 교대근무 또는 일정 조정이 가능한 분
- 의료·연구 윤리와 안전기준을 준수할 수 있는 분
- 직무 관련 면허·자격 또는 전공 요건 충족
- 환자·대상자의 개인정보를 보호할 수 있는 분","- 임상병리사 면허 보유자
- 방사선사 면허 보유자
- 관련 전문 자격 또는 교육 이수자
- EMR·LIS·CTMS 등 시스템 사용 경험
- 임상·연구 데이터 관리 경험","- 지원서 또는 제출서류를 허위로 기재한 경우
- 채용검진 결과 직무 수행이 어렵다고 판단되는 경우
- 해외여행 및 근무에 결격사유가 있는 경우
- 관련 법령 또는 내부 인사규정상 채용이 불가능한 경우",서류전형 > 필기전형 > 면접전형 > 최종합격
1755,의료기사 실무자 모집,111,176,20260521,20260624,13,경력 3년 이상,정규직,광주광역시,학사 이상,"본 포지션은 의료기사 업무를 담당하며, 현장의 요구사항을 정확히 파악해 안정적인 결과를 만드는 역할입니다.

의료·바이오 분야의 실무 기준과 절차에 따라 계획 수립부터 실행, 결과 확인까지 전 과정에 참여합니다.

업무 과정에서 발생하는 이슈를 데이터와 기록에 근거해 분석하고, 유관 부서와 협의하여 개선합니다.

입사 후에는 표준 절차와 내부 시스템 교육을 이수하며, 숙련도에 따라 담당 범위가 확대됩니다.

정확성, 안전, 책임 있는 의사소통을 중시하며 실무 중심의 협업 역량을 기대합니다.","- 의료기사 직무 기준에 따른 실무 수행
- 의료기사 관련 결과물 검토 및 개선
- 의료진·연구진·행정부서 협업
- 대상자 안내 및 문의 대응
- 장비·시약·의약품 재고와 상태 확인
- 관련 법규 및 표준운영절차 준수
- 환자·대상자 상태 확인 및 업무계획 수립
- 직무 범위 내 처치·검사·연구 업무 수행","- 채용 분야에 해당하는 의료기사 면허를 보유한 분
- 직무 관련 면허·자격 또는 전공 요건 충족
- 환자·대상자의 개인정보를 보호할 수 있는 분
- 정확한 기록과 확인 절차를 준수하는 분
- 교대근무 또는 일정 조정이 가능한 분
- 의료·연구 윤리와 안전기준을 준수할 수 있는 분","- 방사선사 면허 보유자
- 물리치료사 면허 보유자
- 외국어 의사소통 가능자
- 종합병원·연구기관·제약바이오 업계 경험
- 관련 전문 자격 또는 교육 이수자","- 지원서 또는 제출서류를 허위로 기재한 경우
- 채용검진 결과 직무 수행이 어렵다고 판단되는 경우
- 해외여행 및 근무에 결격사유가 있는 경우
- 관련 법령 또는 내부 인사규정상 채용이 불가능한 경우",서류전형 > 실무면접 > 최종면접
1756,의료기사 전문인력 채용,80,176,20260702,20260812,17,경력 무관,정규직,울산광역시,학사 이상,"본 포지션은 의료기사 업무를 담당하며, 현장의 요구사항을 정확히 파악해 안정적인 결과를 만드는 역할입니다.

의료·바이오 분야의 실무 기준과 절차에 따라 계획 수립부터 실행, 결과 확인까지 전 과정에 참여합니다.

업무 과정에서 발생하는 이슈를 데이터와 기록에 근거해 분석하고, 유관 부서와 협의하여 개선합니다.

입사 후에는 표준 절차와 내부 시스템 교육을 이수하며, 숙련도에 따라 담당 범위가 확대됩니다.

정확성, 안전, 책임 있는 의사소통을 중시하며 실무 중심의 협업 역량을 기대합니다.","- 의료기사 직무 기준에 따른 실무 수행
- 의료기사 관련 결과물 검토 및 개선
- 관련 법규 및 표준운영절차 준수
- 환자·대상자 상태 확인 및 업무계획 수립
- 직무 범위 내 처치·검사·연구 업무 수행
- 의무·연구 기록 정확성 관리
- 감염관리와 안전수칙 준수
- 의료진·연구진·행정부서 협업","- 채용 분야에 해당하는 의료기사 면허를 보유한 분
- 교대근무 또는 일정 조정이 가능한 분
- 의료·연구 윤리와 안전기준을 준수할 수 있는 분
- 직무 관련 면허·자격 또는 전공 요건 충족
- 환자·대상자의 개인정보를 보호할 수 있는 분
- 정확한 기록과 확인 절차를 준수하는 분","- 물리치료사 면허 보유자
- 임상병리사 면허 보유자
- EMR·LIS·CTMS 등 시스템 사용 경험
- 임상·연구 데이터 관리 경험
- 외국어 의사소통 가능자","- 지원서 또는 제출서류를 허위로 기재한 경우
- 채용검진 결과 직무 수행이 어렵다고 판단되는 경우
- 해외여행 및 근무에 결격사유가 있는 경우
- 관련 법령 또는 내부 인사규정상 채용이 불가능한 경우",서류전형 > 인성검사 > 실무면접 > 최종면접
1757,의료기사 운영인력 모집,54,176,20260907,20260919,1,경력 5년 이상,계약직,세종특별자치시,전문학사 이상,"본 포지션은 의료기사 업무를 담당하며, 현장의 요구사항을 정확히 파악해 안정적인 결과를 만드는 역할입니다.

의료·바이오 분야의 실무 기준과 절차에 따라 계획 수립부터 실행, 결과 확인까지 전 과정에 참여합니다.

업무 과정에서 발생하는 이슈를 데이터와 기록에 근거해 분석하고, 유관 부서와 협의하여 개선합니다.

입사 후에는 표준 절차와 내부 시스템 교육을 이수하며, 숙련도에 따라 담당 범위가 확대됩니다.

정확성, 안전, 책임 있는 의사소통을 중시하며 실무 중심의 협업 역량을 기대합니다.","- 의료기사 직무 기준에 따른 실무 수행
- 의료기사 관련 결과물 검토 및 개선
- 의무·연구 기록 정확성 관리
- 감염관리와 안전수칙 준수
- 의료진·연구진·행정부서 협업
- 대상자 안내 및 문의 대응
- 장비·시약·의약품 재고와 상태 확인
- 관련 법규 및 표준운영절차 준수","- 채용 분야에 해당하는 의료기사 면허를 보유한 분
- 환자·대상자의 개인정보를 보호할 수 있는 분
- 정확한 기록과 확인 절차를 준수하는 분
- 교대근무 또는 일정 조정이 가능한 분
- 의료·연구 윤리와 안전기준을 준수할 수 있는 분
- 직무 관련 면허·자격 또는 전공 요건 충족","- 임상병리사 면허 보유자
- 방사선사 면허 보유자
- 종합병원·연구기관·제약바이오 업계 경험
- 관련 전문 자격 또는 교육 이수자
- EMR·LIS·CTMS 등 시스템 사용 경험","- 지원서 또는 제출서류를 허위로 기재한 경우
- 채용검진 결과 직무 수행이 어렵다고 판단되는 경우
- 해외여행 및 근무에 결격사유가 있는 경우
- 관련 법령 또는 내부 인사규정상 채용이 불가능한 경우",서류전형 > 직무과제 > 실무면접 > 처우협의
1758,의료기사 프로젝트 인력 채용,109,176,20260112,20260131,5,신입,무기계약직,경기도,학사 이상,"본 포지션은 의료기사 업무를 담당하며, 현장의 요구사항을 정확히 파악해 안정적인 결과를 만드는 역할입니다.

의료·바이오 분야의 실무 기준과 절차에 따라 계획 수립부터 실행, 결과 확인까지 전 과정에 참여합니다.

업무 과정에서 발생하는 이슈를 데이터와 기록에 근거해 분석하고, 유관 부서와 협의하여 개선합니다.

입사 후에는 표준 절차와 내부 시스템 교육을 이수하며, 숙련도에 따라 담당 범위가 확대됩니다.

정확성, 안전, 책임 있는 의사소통을 중시하며 실무 중심의 협업 역량을 기대합니다.","- 의료기사 직무 기준에 따른 실무 수행
- 의료기사 관련 결과물 검토 및 개선
- 대상자 안내 및 문의 대응
- 장비·시약·의약품 재고와 상태 확인
- 관련 법규 및 표준운영절차 준수
- 환자·대상자 상태 확인 및 업무계획 수립
- 직무 범위 내 처치·검사·연구 업무 수행
- 의무·연구 기록 정확성 관리","- 채용 분야에 해당하는 의료기사 면허를 보유한 분
- 의료·연구 윤리와 안전기준을 준수할 수 있는 분
- 직무 관련 면허·자격 또는 전공 요건 충족
- 환자·대상자의 개인정보를 보호할 수 있는 분
- 정확한 기록과 확인 절차를 준수하는 분
- 교대근무 또는 일정 조정이 가능한 분","- 방사선사 면허 보유자
- 물리치료사 면허 보유자
- 임상·연구 데이터 관리 경험
- 외국어 의사소통 가능자
- 종합병원·연구기관·제약바이오 업계 경험","- 지원서 또는 제출서류를 허위로 기재한 경우
- 채용검진 결과 직무 수행이 어렵다고 판단되는 경우
- 해외여행 및 근무에 결격사유가 있는 경우
- 관련 법령 또는 내부 인사규정상 채용이 불가능한 경우",서류전형 > 1차면접 > 2차면접 > 채용검진
1759,의료기사 직무 채용,125,176,20260317,20260412,9,경력,정규직,강원특별자치도,학사 이상,"본 포지션은 의료기사 업무를 담당하며, 현장의 요구사항을 정확히 파악해 안정적인 결과를 만드는 역할입니다.

의료·바이오 분야의 실무 기준과 절차에 따라 계획 수립부터 실행, 결과 확인까지 전 과정에 참여합니다.

업무 과정에서 발생하는 이슈를 데이터와 기록에 근거해 분석하고, 유관 부서와 협의하여 개선합니다.

입사 후에는 표준 절차와 내부 시스템 교육을 이수하며, 숙련도에 따라 담당 범위가 확대됩니다.

정확성, 안전, 책임 있는 의사소통을 중시하며 실무 중심의 협업 역량을 기대합니다.","- 의료기사 직무 기준에 따른 실무 수행
- 의료기사 관련 결과물 검토 및 개선
- 환자·대상자 상태 확인 및 업무계획 수립
- 직무 범위 내 처치·검사·연구 업무 수행
- 의무·연구 기록 정확성 관리
- 감염관리와 안전수칙 준수
- 의료진·연구진·행정부서 협업
- 대상자 안내 및 문의 대응","- 채용 분야에 해당하는 의료기사 면허를 보유한 분
- 정확한 기록과 확인 절차를 준수하는 분
- 교대근무 또는 일정 조정이 가능한 분
- 의료·연구 윤리와 안전기준을 준수할 수 있는 분
- 직무 관련 면허·자격 또는 전공 요건 충족
- 환자·대상자의 개인정보를 보호할 수 있는 분","- 물리치료사 면허 보유자
- 임상병리사 면허 보유자
- 관련 전문 자격 또는 교육 이수자
- EMR·LIS·CTMS 등 시스템 사용 경험
- 임상·연구 데이터 관리 경험","- 지원서 또는 제출서류를 허위로 기재한 경우
- 채용검진 결과 직무 수행이 어렵다고 판단되는 경우
- 해외여행 및 근무에 결격사유가 있는 경우
- 관련 법령 또는 내부 인사규정상 채용이 불가능한 경우",서류전형 > 필기전형 > 면접전형 > 최종합격
1760,의료기사 부문 모집,45,176,20260522,20260624,13,신입·경력,정규직,충청북도,전문학사 이상,"본 포지션은 의료기사 업무를 담당하며, 현장의 요구사항을 정확히 파악해 안정적인 결과를 만드는 역할입니다.

의료·바이오 분야의 실무 기준과 절차에 따라 계획 수립부터 실행, 결과 확인까지 전 과정에 참여합니다.

업무 과정에서 발생하는 이슈를 데이터와 기록에 근거해 분석하고, 유관 부서와 협의하여 개선합니다.

입사 후에는 표준 절차와 내부 시스템 교육을 이수하며, 숙련도에 따라 담당 범위가 확대됩니다.

정확성, 안전, 책임 있는 의사소통을 중시하며 실무 중심의 협업 역량을 기대합니다.","- 의료기사 직무 기준에 따른 실무 수행
- 의료기사 관련 결과물 검토 및 개선
- 감염관리와 안전수칙 준수
- 의료진·연구진·행정부서 협업
- 대상자 안내 및 문의 대응
- 장비·시약·의약품 재고와 상태 확인
- 관련 법규 및 표준운영절차 준수
- 환자·대상자 상태 확인 및 업무계획 수립","- 채용 분야에 해당하는 의료기사 면허를 보유한 분
- 직무 관련 면허·자격 또는 전공 요건 충족
- 환자·대상자의 개인정보를 보호할 수 있는 분
- 정확한 기록과 확인 절차를 준수하는 분
- 교대근무 또는 일정 조정이 가능한 분
- 의료·연구 윤리와 안전기준을 준수할 수 있는 분","- 임상병리사 면허 보유자
- 방사선사 면허 보유자
- 외국어 의사소통 가능자
- 종합병원·연구기관·제약바이오 업계 경험
- 관련 전문 자격 또는 교육 이수자","- 지원서 또는 제출서류를 허위로 기재한 경우
- 채용검진 결과 직무 수행이 어렵다고 판단되는 경우
- 해외여행 및 근무에 결격사유가 있는 경우
- 관련 법령 또는 내부 인사규정상 채용이 불가능한 경우",서류전형 > 실무면접 > 최종면접
1761,수의사 모집,25,177,20260804,20260916,18,경력,정규직,부산광역시,학사 이상,"본 포지션은 수의사 업무를 담당하며, 현장의 요구사항을 정확히 파악해 안정적인 결과를 만드는 역할입니다.

의료·바이오 분야의 실무 기준과 절차에 따라 계획 수립부터 실행, 결과 확인까지 전 과정에 참여합니다.

업무 과정에서 발생하는 이슈를 데이터와 기록에 근거해 분석하고, 유관 부서와 협의하여 개선합니다.

입사 후에는 표준 절차와 내부 시스템 교육을 이수하며, 숙련도에 따라 담당 범위가 확대됩니다.

정확성, 안전, 책임 있는 의사소통을 중시하며 실무 중심의 협업 역량을 기대합니다.","- 동물 진료와 예방접종
- 검사 판독과 치료계획 수립
- 관련 법규 및 표준운영절차 준수
- 환자·대상자 상태 확인 및 업무계획 수립
- 직무 범위 내 처치·검사·연구 업무 수행
- 의무·연구 기록 정확성 관리
- 감염관리와 안전수칙 준수
- 의료진·연구진·행정부서 협업","- 수의사 면허를 보유한 분
- 직무 관련 면허·자격 또는 전공 요건 충족
- 환자·대상자의 개인정보를 보호할 수 있는 분
- 정확한 기록과 확인 절차를 준수하는 분
- 교대근무 또는 일정 조정이 가능한 분
- 의료·연구 윤리와 안전기준을 준수할 수 있는 분","- 수의사 면허 보유자
- 수의영상의학 전문의 자격 보유자
- 외국어 의사소통 가능자
- 종합병원·연구기관·제약바이오 업계 경험
- 관련 전문 자격 또는 교육 이수자","- 지원서 또는 제출서류를 허위로 기재한 경우
- 채용검진 결과 직무 수행이 어렵다고 판단되는 경우
- 해외여행 및 근무에 결격사유가 있는 경우
- 관련 법령 또는 내부 인사규정상 채용이 불가능한 경우",서류전형 > 직무과제 > 실무면접 > 처우협의
1762,수의사 채용,56,177,20261009,20261023,2,경력 3년 이상,정규직,인천광역시,학사 이상,"본 포지션은 수의사 업무를 담당하며, 현장의 요구사항을 정확히 파악해 안정적인 결과를 만드는 역할입니다.

의료·바이오 분야의 실무 기준과 절차에 따라 계획 수립부터 실행, 결과 확인까지 전 과정에 참여합니다.

업무 과정에서 발생하는 이슈를 데이터와 기록에 근거해 분석하고, 유관 부서와 협의하여 개선합니다.

입사 후에는 표준 절차와 내부 시스템 교육을 이수하며, 숙련도에 따라 담당 범위가 확대됩니다.

정확성, 안전, 책임 있는 의사소통을 중시하며 실무 중심의 협업 역량을 기대합니다.","- 동물 진료와 예방접종
- 검사 판독과 치료계획 수립
- 의무·연구 기록 정확성 관리
- 감염관리와 안전수칙 준수
- 의료진·연구진·행정부서 협업
- 대상자 안내 및 문의 대응
- 장비·시약·의약품 재고와 상태 확인
- 관련 법규 및 표준운영절차 준수","- 수의사 면허를 보유한 분
- 교대근무 또는 일정 조정이 가능한 분
- 의료·연구 윤리와 안전기준을 준수할 수 있는 분
- 직무 관련 면허·자격 또는 전공 요건 충족
- 환자·대상자의 개인정보를 보호할 수 있는 분
- 정확한 기록과 확인 절차를 준수하는 분","- 수의영상의학 전문의 자격 보유자
- 동물보건 관련 교육 수료 보유자
- EMR·LIS·CTMS 등 시스템 사용 경험
- 임상·연구 데이터 관리 경험
- 외국어 의사소통 가능자","- 지원서 또는 제출서류를 허위로 기재한 경우
- 채용검진 결과 직무 수행이 어렵다고 판단되는 경우
- 해외여행 및 근무에 결격사유가 있는 경우
- 관련 법령 또는 내부 인사규정상 채용이 불가능한 경우",서류전형 > 1차면접 > 2차면접 > 채용검진
1763,수의사 담당자 모집,38,177,20260214,20260307,6,경력,계약직,대전광역시,학사 이상,"본 포지션은 수의사 업무를 담당하며, 현장의 요구사항을 정확히 파악해 안정적인 결과를 만드는 역할입니다.

의료·바이오 분야의 실무 기준과 절차에 따라 계획 수립부터 실행, 결과 확인까지 전 과정에 참여합니다.

업무 과정에서 발생하는 이슈를 데이터와 기록에 근거해 분석하고, 유관 부서와 협의하여 개선합니다.

입사 후에는 표준 절차와 내부 시스템 교육을 이수하며, 숙련도에 따라 담당 범위가 확대됩니다.

정확성, 안전, 책임 있는 의사소통을 중시하며 실무 중심의 협업 역량을 기대합니다.","- 동물 진료와 예방접종
- 검사 판독과 치료계획 수립
- 대상자 안내 및 문의 대응
- 장비·시약·의약품 재고와 상태 확인
- 관련 법규 및 표준운영절차 준수
- 환자·대상자 상태 확인 및 업무계획 수립
- 직무 범위 내 처치·검사·연구 업무 수행
- 의무·연구 기록 정확성 관리","- 수의사 면허를 보유한 분
- 환자·대상자의 개인정보를 보호할 수 있는 분
- 정확한 기록과 확인 절차를 준수하는 분
- 교대근무 또는 일정 조정이 가능한 분
- 의료·연구 윤리와 안전기준을 준수할 수 있는 분
- 직무 관련 면허·자격 또는 전공 요건 충족","- 동물보건 관련 교육 수료 보유자
- 수의사 면허 보유자
- 종합병원·연구기관·제약바이오 업계 경험
- 관련 전문 자격 또는 교육 이수자
- EMR·LIS·CTMS 등 시스템 사용 경험","- 지원서 또는 제출서류를 허위로 기재한 경우
- 채용검진 결과 직무 수행이 어렵다고 판단되는 경우
- 해외여행 및 근무에 결격사유가 있는 경우
- 관련 법령 또는 내부 인사규정상 채용이 불가능한 경우",서류전형 > 필기전형 > 면접전형 > 최종합격
1764,수의사 인재 채용,82,177,20260419,20260517,10,경력 3년 이상,무기계약직,광주광역시,학사 이상,"본 포지션은 수의사 업무를 담당하며, 현장의 요구사항을 정확히 파악해 안정적인 결과를 만드는 역할입니다.

의료·바이오 분야의 실무 기준과 절차에 따라 계획 수립부터 실행, 결과 확인까지 전 과정에 참여합니다.

업무 과정에서 발생하는 이슈를 데이터와 기록에 근거해 분석하고, 유관 부서와 협의하여 개선합니다.

입사 후에는 표준 절차와 내부 시스템 교육을 이수하며, 숙련도에 따라 담당 범위가 확대됩니다.

정확성, 안전, 책임 있는 의사소통을 중시하며 실무 중심의 협업 역량을 기대합니다.","- 동물 진료와 예방접종
- 검사 판독과 치료계획 수립
- 환자·대상자 상태 확인 및 업무계획 수립
- 직무 범위 내 처치·검사·연구 업무 수행
- 의무·연구 기록 정확성 관리
- 감염관리와 안전수칙 준수
- 의료진·연구진·행정부서 협업
- 대상자 안내 및 문의 대응","- 수의사 면허를 보유한 분
- 의료·연구 윤리와 안전기준을 준수할 수 있는 분
- 직무 관련 면허·자격 또는 전공 요건 충족
- 환자·대상자의 개인정보를 보호할 수 있는 분
- 정확한 기록과 확인 절차를 준수하는 분
- 교대근무 또는 일정 조정이 가능한 분","- 수의사 면허 보유자
- 수의영상의학 전문의 자격 보유자
- 임상·연구 데이터 관리 경험
- 외국어 의사소통 가능자
- 종합병원·연구기관·제약바이오 업계 경험","- 지원서 또는 제출서류를 허위로 기재한 경우
- 채용검진 결과 직무 수행이 어렵다고 판단되는 경우
- 해외여행 및 근무에 결격사유가 있는 경우
- 관련 법령 또는 내부 인사규정상 채용이 불가능한 경우",서류전형 > 실무면접 > 최종면접
1765,수의사 실무자 모집,44,177,20260624,20260729,14,경력,정규직,울산광역시,학사 이상,"본 포지션은 수의사 업무를 담당하며, 현장의 요구사항을 정확히 파악해 안정적인 결과를 만드는 역할입니다.

의료·바이오 분야의 실무 기준과 절차에 따라 계획 수립부터 실행, 결과 확인까지 전 과정에 참여합니다.

업무 과정에서 발생하는 이슈를 데이터와 기록에 근거해 분석하고, 유관 부서와 협의하여 개선합니다.

입사 후에는 표준 절차와 내부 시스템 교육을 이수하며, 숙련도에 따라 담당 범위가 확대됩니다.

정확성, 안전, 책임 있는 의사소통을 중시하며 실무 중심의 협업 역량을 기대합니다.","- 동물 진료와 예방접종
- 검사 판독과 치료계획 수립
- 감염관리와 안전수칙 준수
- 의료진·연구진·행정부서 협업
- 대상자 안내 및 문의 대응
- 장비·시약·의약품 재고와 상태 확인
- 관련 법규 및 표준운영절차 준수
- 환자·대상자 상태 확인 및 업무계획 수립","- 수의사 면허를 보유한 분
- 정확한 기록과 확인 절차를 준수하는 분
- 교대근무 또는 일정 조정이 가능한 분
- 의료·연구 윤리와 안전기준을 준수할 수 있는 분
- 직무 관련 면허·자격 또는 전공 요건 충족
- 환자·대상자의 개인정보를 보호할 수 있는 분","- 수의영상의학 전문의 자격 보유자
- 동물보건 관련 교육 수료 보유자
- 관련 전문 자격 또는 교육 이수자
- EMR·LIS·CTMS 등 시스템 사용 경험
- 임상·연구 데이터 관리 경험","- 지원서 또는 제출서류를 허위로 기재한 경우
- 채용검진 결과 직무 수행이 어렵다고 판단되는 경우
- 해외여행 및 근무에 결격사유가 있는 경우
- 관련 법령 또는 내부 인사규정상 채용이 불가능한 경우",서류전형 > 인성검사 > 실무면접 > 최종면접
1766,수의사 전문인력 채용,15,177,20260805,20260916,18,경력 3년 이상,정규직,세종특별자치시,학사 이상,"본 포지션은 수의사 업무를 담당하며, 현장의 요구사항을 정확히 파악해 안정적인 결과를 만드는 역할입니다.

의료·바이오 분야의 실무 기준과 절차에 따라 계획 수립부터 실행, 결과 확인까지 전 과정에 참여합니다.

업무 과정에서 발생하는 이슈를 데이터와 기록에 근거해 분석하고, 유관 부서와 협의하여 개선합니다.

입사 후에는 표준 절차와 내부 시스템 교육을 이수하며, 숙련도에 따라 담당 범위가 확대됩니다.

정확성, 안전, 책임 있는 의사소통을 중시하며 실무 중심의 협업 역량을 기대합니다.","- 동물 진료와 예방접종
- 검사 판독과 치료계획 수립
- 장비·시약·의약품 재고와 상태 확인
- 관련 법규 및 표준운영절차 준수
- 환자·대상자 상태 확인 및 업무계획 수립
- 직무 범위 내 처치·검사·연구 업무 수행
- 의무·연구 기록 정확성 관리
- 감염관리와 안전수칙 준수","- 수의사 면허를 보유한 분
- 직무 관련 면허·자격 또는 전공 요건 충족
- 환자·대상자의 개인정보를 보호할 수 있는 분
- 정확한 기록과 확인 절차를 준수하는 분
- 교대근무 또는 일정 조정이 가능한 분
- 의료·연구 윤리와 안전기준을 준수할 수 있는 분","- 동물보건 관련 교육 수료 보유자
- 수의사 면허 보유자
- 외국어 의사소통 가능자
- 종합병원·연구기관·제약바이오 업계 경험
- 관련 전문 자격 또는 교육 이수자","- 지원서 또는 제출서류를 허위로 기재한 경우
- 채용검진 결과 직무 수행이 어렵다고 판단되는 경우
- 해외여행 및 근무에 결격사유가 있는 경우
- 관련 법령 또는 내부 인사규정상 채용이 불가능한 경우",서류전형 > 직무과제 > 실무면접 > 처우협의
1767,수의사 운영인력 모집,25,177,20261010,20261023,2,경력,계약직,경기도,학사 이상,"본 포지션은 수의사 업무를 담당하며, 현장의 요구사항을 정확히 파악해 안정적인 결과를 만드는 역할입니다.

의료·바이오 분야의 실무 기준과 절차에 따라 계획 수립부터 실행, 결과 확인까지 전 과정에 참여합니다.

업무 과정에서 발생하는 이슈를 데이터와 기록에 근거해 분석하고, 유관 부서와 협의하여 개선합니다.

입사 후에는 표준 절차와 내부 시스템 교육을 이수하며, 숙련도에 따라 담당 범위가 확대됩니다.

정확성, 안전, 책임 있는 의사소통을 중시하며 실무 중심의 협업 역량을 기대합니다.","- 동물 진료와 예방접종
- 검사 판독과 치료계획 수립
- 직무 범위 내 처치·검사·연구 업무 수행
- 의무·연구 기록 정확성 관리
- 감염관리와 안전수칙 준수
- 의료진·연구진·행정부서 협업
- 대상자 안내 및 문의 대응
- 장비·시약·의약품 재고와 상태 확인","- 수의사 면허를 보유한 분
- 교대근무 또는 일정 조정이 가능한 분
- 의료·연구 윤리와 안전기준을 준수할 수 있는 분
- 직무 관련 면허·자격 또는 전공 요건 충족
- 환자·대상자의 개인정보를 보호할 수 있는 분
- 정확한 기록과 확인 절차를 준수하는 분","- 수의사 면허 보유자
- 수의영상의학 전문의 자격 보유자
- EMR·LIS·CTMS 등 시스템 사용 경험
- 임상·연구 데이터 관리 경험
- 외국어 의사소통 가능자","- 지원서 또는 제출서류를 허위로 기재한 경우
- 채용검진 결과 직무 수행이 어렵다고 판단되는 경우
- 해외여행 및 근무에 결격사유가 있는 경우
- 관련 법령 또는 내부 인사규정상 채용이 불가능한 경우",서류전형 > 1차면접 > 2차면접 > 채용검진
1768,수의사 프로젝트 인력 채용,99,177,20260215,20260307,6,경력 3년 이상,무기계약직,강원특별자치도,학사 이상,"본 포지션은 수의사 업무를 담당하며, 현장의 요구사항을 정확히 파악해 안정적인 결과를 만드는 역할입니다.

의료·바이오 분야의 실무 기준과 절차에 따라 계획 수립부터 실행, 결과 확인까지 전 과정에 참여합니다.

업무 과정에서 발생하는 이슈를 데이터와 기록에 근거해 분석하고, 유관 부서와 협의하여 개선합니다.

입사 후에는 표준 절차와 내부 시스템 교육을 이수하며, 숙련도에 따라 담당 범위가 확대됩니다.

정확성, 안전, 책임 있는 의사소통을 중시하며 실무 중심의 협업 역량을 기대합니다.","- 동물 진료와 예방접종
- 검사 판독과 치료계획 수립
- 의료진·연구진·행정부서 협업
- 대상자 안내 및 문의 대응
- 장비·시약·의약품 재고와 상태 확인
- 관련 법규 및 표준운영절차 준수
- 환자·대상자 상태 확인 및 업무계획 수립
- 직무 범위 내 처치·검사·연구 업무 수행","- 수의사 면허를 보유한 분
- 환자·대상자의 개인정보를 보호할 수 있는 분
- 정확한 기록과 확인 절차를 준수하는 분
- 교대근무 또는 일정 조정이 가능한 분
- 의료·연구 윤리와 안전기준을 준수할 수 있는 분
- 직무 관련 면허·자격 또는 전공 요건 충족","- 수의영상의학 전문의 자격 보유자
- 동물보건 관련 교육 수료 보유자
- 종합병원·연구기관·제약바이오 업계 경험
- 관련 전문 자격 또는 교육 이수자
- EMR·LIS·CTMS 등 시스템 사용 경험","- 지원서 또는 제출서류를 허위로 기재한 경우
- 채용검진 결과 직무 수행이 어렵다고 판단되는 경우
- 해외여행 및 근무에 결격사유가 있는 경우
- 관련 법령 또는 내부 인사규정상 채용이 불가능한 경우",서류전형 > 필기전형 > 면접전형 > 최종합격
1769,수의사 직무 채용,85,177,20260420,20260517,10,경력,정규직,충청북도,학사 이상,"본 포지션은 수의사 업무를 담당하며, 현장의 요구사항을 정확히 파악해 안정적인 결과를 만드는 역할입니다.

의료·바이오 분야의 실무 기준과 절차에 따라 계획 수립부터 실행, 결과 확인까지 전 과정에 참여합니다.

업무 과정에서 발생하는 이슈를 데이터와 기록에 근거해 분석하고, 유관 부서와 협의하여 개선합니다.

입사 후에는 표준 절차와 내부 시스템 교육을 이수하며, 숙련도에 따라 담당 범위가 확대됩니다.

정확성, 안전, 책임 있는 의사소통을 중시하며 실무 중심의 협업 역량을 기대합니다.","- 동물 진료와 예방접종
- 검사 판독과 치료계획 수립
- 관련 법규 및 표준운영절차 준수
- 환자·대상자 상태 확인 및 업무계획 수립
- 직무 범위 내 처치·검사·연구 업무 수행
- 의무·연구 기록 정확성 관리
- 감염관리와 안전수칙 준수
- 의료진·연구진·행정부서 협업","- 수의사 면허를 보유한 분
- 의료·연구 윤리와 안전기준을 준수할 수 있는 분
- 직무 관련 면허·자격 또는 전공 요건 충족
- 환자·대상자의 개인정보를 보호할 수 있는 분
- 정확한 기록과 확인 절차를 준수하는 분
- 교대근무 또는 일정 조정이 가능한 분","- 동물보건 관련 교육 수료 보유자
- 수의사 면허 보유자
- 임상·연구 데이터 관리 경험
- 외국어 의사소통 가능자
- 종합병원·연구기관·제약바이오 업계 경험","- 지원서 또는 제출서류를 허위로 기재한 경우
- 채용검진 결과 직무 수행이 어렵다고 판단되는 경우
- 해외여행 및 근무에 결격사유가 있는 경우
- 관련 법령 또는 내부 인사규정상 채용이 불가능한 경우",서류전형 > 실무면접 > 최종면접
1770,수의사 부문 모집,112,177,20260601,20260705,14,경력 3년 이상,정규직,충청남도,학사 이상,"본 포지션은 수의사 업무를 담당하며, 현장의 요구사항을 정확히 파악해 안정적인 결과를 만드는 역할입니다.

의료·바이오 분야의 실무 기준과 절차에 따라 계획 수립부터 실행, 결과 확인까지 전 과정에 참여합니다.

업무 과정에서 발생하는 이슈를 데이터와 기록에 근거해 분석하고, 유관 부서와 협의하여 개선합니다.

입사 후에는 표준 절차와 내부 시스템 교육을 이수하며, 숙련도에 따라 담당 범위가 확대됩니다.

정확성, 안전, 책임 있는 의사소통을 중시하며 실무 중심의 협업 역량을 기대합니다.","- 동물 진료와 예방접종
- 검사 판독과 치료계획 수립
- 의무·연구 기록 정확성 관리
- 감염관리와 안전수칙 준수
- 의료진·연구진·행정부서 협업
- 대상자 안내 및 문의 대응
- 장비·시약·의약품 재고와 상태 확인
- 관련 법규 및 표준운영절차 준수","- 수의사 면허를 보유한 분
- 정확한 기록과 확인 절차를 준수하는 분
- 교대근무 또는 일정 조정이 가능한 분
- 의료·연구 윤리와 안전기준을 준수할 수 있는 분
- 직무 관련 면허·자격 또는 전공 요건 충족
- 환자·대상자의 개인정보를 보호할 수 있는 분","- 수의사 면허 보유자
- 수의영상의학 전문의 자격 보유자
- 관련 전문 자격 또는 교육 이수자
- EMR·LIS·CTMS 등 시스템 사용 경험
- 임상·연구 데이터 관리 경험","- 지원서 또는 제출서류를 허위로 기재한 경우
- 채용검진 결과 직무 수행이 어렵다고 판단되는 경우
- 해외여행 및 근무에 결격사유가 있는 경우
- 관련 법령 또는 내부 인사규정상 채용이 불가능한 경우",서류전형 > 인성검사 > 실무면접 > 최종면접
1771,수의테크니션 모집,62,178,20260907,20261021,19,신입,정규직,인천광역시,전문학사 이상,"본 포지션은 수의테크니션 업무를 담당하며, 현장의 요구사항을 정확히 파악해 안정적인 결과를 만드는 역할입니다.

의료·바이오 분야의 실무 기준과 절차에 따라 계획 수립부터 실행, 결과 확인까지 전 과정에 참여합니다.

업무 과정에서 발생하는 이슈를 데이터와 기록에 근거해 분석하고, 유관 부서와 협의하여 개선합니다.

입사 후에는 표준 절차와 내부 시스템 교육을 이수하며, 숙련도에 따라 담당 범위가 확대됩니다.

정확성, 안전, 책임 있는 의사소통을 중시하며 실무 중심의 협업 역량을 기대합니다.","- 수의테크니션 직무 기준에 따른 실무 수행
- 수의테크니션 관련 결과물 검토 및 개선
- 장비·시약·의약품 재고와 상태 확인
- 관련 법규 및 표준운영절차 준수
- 환자·대상자 상태 확인 및 업무계획 수립
- 직무 범위 내 처치·검사·연구 업무 수행
- 의무·연구 기록 정확성 관리
- 감염관리와 안전수칙 준수","- 동물보건사 자격를 보유한 분
- 정확한 기록과 확인 절차를 준수하는 분
- 교대근무 또는 일정 조정이 가능한 분
- 의료·연구 윤리와 안전기준을 준수할 수 있는 분
- 직무 관련 면허·자격 또는 전공 요건 충족
- 환자·대상자의 개인정보를 보호할 수 있는 분","- 동물보건사 자격 보유자
- 반려동물관리사 보유자
- 관련 전문 자격 또는 교육 이수자
- EMR·LIS·CTMS 등 시스템 사용 경험
- 임상·연구 데이터 관리 경험","- 지원서 또는 제출서류를 허위로 기재한 경우
- 채용검진 결과 직무 수행이 어렵다고 판단되는 경우
- 해외여행 및 근무에 결격사유가 있는 경우
- 관련 법령 또는 내부 인사규정상 채용이 불가능한 경우",서류전형 > 1차면접 > 2차면접 > 채용검진
1772,수의테크니션 채용,24,178,20260112,20260127,3,경력,정규직,대전광역시,학사 이상,"본 포지션은 수의테크니션 업무를 담당하며, 현장의 요구사항을 정확히 파악해 안정적인 결과를 만드는 역할입니다.

의료·바이오 분야의 실무 기준과 절차에 따라 계획 수립부터 실행, 결과 확인까지 전 과정에 참여합니다.

업무 과정에서 발생하는 이슈를 데이터와 기록에 근거해 분석하고, 유관 부서와 협의하여 개선합니다.

입사 후에는 표준 절차와 내부 시스템 교육을 이수하며, 숙련도에 따라 담당 범위가 확대됩니다.

정확성, 안전, 책임 있는 의사소통을 중시하며 실무 중심의 협업 역량을 기대합니다.","- 수의테크니션 직무 기준에 따른 실무 수행
- 수의테크니션 관련 결과물 검토 및 개선
- 직무 범위 내 처치·검사·연구 업무 수행
- 의무·연구 기록 정확성 관리
- 감염관리와 안전수칙 준수
- 의료진·연구진·행정부서 협업
- 대상자 안내 및 문의 대응
- 장비·시약·의약품 재고와 상태 확인","- 동물보건사 자격를 보유한 분
- 직무 관련 면허·자격 또는 전공 요건 충족
- 환자·대상자의 개인정보를 보호할 수 있는 분
- 정확한 기록과 확인 절차를 준수하는 분
- 교대근무 또는 일정 조정이 가능한 분
- 의료·연구 윤리와 안전기준을 준수할 수 있는 분","- 반려동물관리사 보유자
- BLS Provider 보유자
- 외국어 의사소통 가능자
- 종합병원·연구기관·제약바이오 업계 경험
- 관련 전문 자격 또는 교육 이수자","- 지원서 또는 제출서류를 허위로 기재한 경우
- 채용검진 결과 직무 수행이 어렵다고 판단되는 경우
- 해외여행 및 근무에 결격사유가 있는 경우
- 관련 법령 또는 내부 인사규정상 채용이 불가능한 경우",서류전형 > 필기전형 > 면접전형 > 최종합격
1773,수의테크니션 담당자 모집,107,178,20260317,20260408,7,신입·경력,계약직,광주광역시,학사 이상,"본 포지션은 수의테크니션 업무를 담당하며, 현장의 요구사항을 정확히 파악해 안정적인 결과를 만드는 역할입니다.

의료·바이오 분야의 실무 기준과 절차에 따라 계획 수립부터 실행, 결과 확인까지 전 과정에 참여합니다.

업무 과정에서 발생하는 이슈를 데이터와 기록에 근거해 분석하고, 유관 부서와 협의하여 개선합니다.

입사 후에는 표준 절차와 내부 시스템 교육을 이수하며, 숙련도에 따라 담당 범위가 확대됩니다.

정확성, 안전, 책임 있는 의사소통을 중시하며 실무 중심의 협업 역량을 기대합니다.","- 수의테크니션 직무 기준에 따른 실무 수행
- 수의테크니션 관련 결과물 검토 및 개선
- 의료진·연구진·행정부서 협업
- 대상자 안내 및 문의 대응
- 장비·시약·의약품 재고와 상태 확인
- 관련 법규 및 표준운영절차 준수
- 환자·대상자 상태 확인 및 업무계획 수립
- 직무 범위 내 처치·검사·연구 업무 수행","- 동물보건사 자격를 보유한 분
- 교대근무 또는 일정 조정이 가능한 분
- 의료·연구 윤리와 안전기준을 준수할 수 있는 분
- 직무 관련 면허·자격 또는 전공 요건 충족
- 환자·대상자의 개인정보를 보호할 수 있는 분
- 정확한 기록과 확인 절차를 준수하는 분","- BLS Provider 보유자
- 동물보건사 자격 보유자
- EMR·LIS·CTMS 등 시스템 사용 경험
- 임상·연구 데이터 관리 경험
- 외국어 의사소통 가능자","- 지원서 또는 제출서류를 허위로 기재한 경우
- 채용검진 결과 직무 수행이 어렵다고 판단되는 경우
- 해외여행 및 근무에 결격사유가 있는 경우
- 관련 법령 또는 내부 인사규정상 채용이 불가능한 경우",서류전형 > 실무면접 > 최종면접
1774,수의테크니션 인재 채용,140,178,20260522,20260620,11,경력 2년 이상,무기계약직,울산광역시,전문학사 이상,"본 포지션은 수의테크니션 업무를 담당하며, 현장의 요구사항을 정확히 파악해 안정적인 결과를 만드는 역할입니다.

의료·바이오 분야의 실무 기준과 절차에 따라 계획 수립부터 실행, 결과 확인까지 전 과정에 참여합니다.

업무 과정에서 발생하는 이슈를 데이터와 기록에 근거해 분석하고, 유관 부서와 협의하여 개선합니다.

입사 후에는 표준 절차와 내부 시스템 교육을 이수하며, 숙련도에 따라 담당 범위가 확대됩니다.

정확성, 안전, 책임 있는 의사소통을 중시하며 실무 중심의 협업 역량을 기대합니다.","- 수의테크니션 직무 기준에 따른 실무 수행
- 수의테크니션 관련 결과물 검토 및 개선
- 관련 법규 및 표준운영절차 준수
- 환자·대상자 상태 확인 및 업무계획 수립
- 직무 범위 내 처치·검사·연구 업무 수행
- 의무·연구 기록 정확성 관리
- 감염관리와 안전수칙 준수
- 의료진·연구진·행정부서 협업","- 동물보건사 자격를 보유한 분
- 환자·대상자의 개인정보를 보호할 수 있는 분
- 정확한 기록과 확인 절차를 준수하는 분
- 교대근무 또는 일정 조정이 가능한 분
- 의료·연구 윤리와 안전기준을 준수할 수 있는 분
- 직무 관련 면허·자격 또는 전공 요건 충족","- 동물보건사 자격 보유자
- 반려동물관리사 보유자
- 종합병원·연구기관·제약바이오 업계 경험
- 관련 전문 자격 또는 교육 이수자
- EMR·LIS·CTMS 등 시스템 사용 경험","- 지원서 또는 제출서류를 허위로 기재한 경우
- 채용검진 결과 직무 수행이 어렵다고 판단되는 경우
- 해외여행 및 근무에 결격사유가 있는 경우
- 관련 법령 또는 내부 인사규정상 채용이 불가능한 경우",서류전형 > 인성검사 > 실무면접 > 최종면접
1775,수의테크니션 실무자 모집,119,178,20260703,20260808,15,경력 3년 이상,정규직,세종특별자치시,학사 이상,"본 포지션은 수의테크니션 업무를 담당하며, 현장의 요구사항을 정확히 파악해 안정적인 결과를 만드는 역할입니다.

의료·바이오 분야의 실무 기준과 절차에 따라 계획 수립부터 실행, 결과 확인까지 전 과정에 참여합니다.

업무 과정에서 발생하는 이슈를 데이터와 기록에 근거해 분석하고, 유관 부서와 협의하여 개선합니다.

입사 후에는 표준 절차와 내부 시스템 교육을 이수하며, 숙련도에 따라 담당 범위가 확대됩니다.

정확성, 안전, 책임 있는 의사소통을 중시하며 실무 중심의 협업 역량을 기대합니다.","- 수의테크니션 직무 기준에 따른 실무 수행
- 수의테크니션 관련 결과물 검토 및 개선
- 의무·연구 기록 정확성 관리
- 감염관리와 안전수칙 준수
- 의료진·연구진·행정부서 협업
- 대상자 안내 및 문의 대응
- 장비·시약·의약품 재고와 상태 확인
- 관련 법규 및 표준운영절차 준수","- 동물보건사 자격를 보유한 분
- 의료·연구 윤리와 안전기준을 준수할 수 있는 분
- 직무 관련 면허·자격 또는 전공 요건 충족
- 환자·대상자의 개인정보를 보호할 수 있는 분
- 정확한 기록과 확인 절차를 준수하는 분
- 교대근무 또는 일정 조정이 가능한 분","- 반려동물관리사 보유자
- BLS Provider 보유자
- 임상·연구 데이터 관리 경험
- 외국어 의사소통 가능자
- 종합병원·연구기관·제약바이오 업계 경험","- 지원서 또는 제출서류를 허위로 기재한 경우
- 채용검진 결과 직무 수행이 어렵다고 판단되는 경우
- 해외여행 및 근무에 결격사유가 있는 경우
- 관련 법령 또는 내부 인사규정상 채용이 불가능한 경우",서류전형 > 직무과제 > 실무면접 > 처우협의
1776,수의테크니션 전문인력 채용,101,178,20260908,20261021,19,경력 무관,정규직,경기도,학사 이상,"본 포지션은 수의테크니션 업무를 담당하며, 현장의 요구사항을 정확히 파악해 안정적인 결과를 만드는 역할입니다.

의료·바이오 분야의 실무 기준과 절차에 따라 계획 수립부터 실행, 결과 확인까지 전 과정에 참여합니다.

업무 과정에서 발생하는 이슈를 데이터와 기록에 근거해 분석하고, 유관 부서와 협의하여 개선합니다.

입사 후에는 표준 절차와 내부 시스템 교육을 이수하며, 숙련도에 따라 담당 범위가 확대됩니다.

정확성, 안전, 책임 있는 의사소통을 중시하며 실무 중심의 협업 역량을 기대합니다.","- 수의테크니션 직무 기준에 따른 실무 수행
- 수의테크니션 관련 결과물 검토 및 개선
- 대상자 안내 및 문의 대응
- 장비·시약·의약품 재고와 상태 확인
- 관련 법규 및 표준운영절차 준수
- 환자·대상자 상태 확인 및 업무계획 수립
- 직무 범위 내 처치·검사·연구 업무 수행
- 의무·연구 기록 정확성 관리","- 동물보건사 자격를 보유한 분
- 정확한 기록과 확인 절차를 준수하는 분
- 교대근무 또는 일정 조정이 가능한 분
- 의료·연구 윤리와 안전기준을 준수할 수 있는 분
- 직무 관련 면허·자격 또는 전공 요건 충족
- 환자·대상자의 개인정보를 보호할 수 있는 분","- BLS Provider 보유자
- 동물보건사 자격 보유자
- 관련 전문 자격 또는 교육 이수자
- EMR·LIS·CTMS 등 시스템 사용 경험
- 임상·연구 데이터 관리 경험","- 지원서 또는 제출서류를 허위로 기재한 경우
- 채용검진 결과 직무 수행이 어렵다고 판단되는 경우
- 해외여행 및 근무에 결격사유가 있는 경우
- 관련 법령 또는 내부 인사규정상 채용이 불가능한 경우",서류전형 > 1차면접 > 2차면접 > 채용검진
1777,수의테크니션 운영인력 모집,15,178,20260113,20260127,3,경력 5년 이상,계약직,강원특별자치도,전문학사 이상,"본 포지션은 수의테크니션 업무를 담당하며, 현장의 요구사항을 정확히 파악해 안정적인 결과를 만드는 역할입니다.

의료·바이오 분야의 실무 기준과 절차에 따라 계획 수립부터 실행, 결과 확인까지 전 과정에 참여합니다.

업무 과정에서 발생하는 이슈를 데이터와 기록에 근거해 분석하고, 유관 부서와 협의하여 개선합니다.

입사 후에는 표준 절차와 내부 시스템 교육을 이수하며, 숙련도에 따라 담당 범위가 확대됩니다.

정확성, 안전, 책임 있는 의사소통을 중시하며 실무 중심의 협업 역량을 기대합니다.","- 수의테크니션 직무 기준에 따른 실무 수행
- 수의테크니션 관련 결과물 검토 및 개선
- 환자·대상자 상태 확인 및 업무계획 수립
- 직무 범위 내 처치·검사·연구 업무 수행
- 의무·연구 기록 정확성 관리
- 감염관리와 안전수칙 준수
- 의료진·연구진·행정부서 협업
- 대상자 안내 및 문의 대응","- 동물보건사 자격를 보유한 분
- 직무 관련 면허·자격 또는 전공 요건 충족
- 환자·대상자의 개인정보를 보호할 수 있는 분
- 정확한 기록과 확인 절차를 준수하는 분
- 교대근무 또는 일정 조정이 가능한 분
- 의료·연구 윤리와 안전기준을 준수할 수 있는 분","- 동물보건사 자격 보유자
- 반려동물관리사 보유자
- 외국어 의사소통 가능자
- 종합병원·연구기관·제약바이오 업계 경험
- 관련 전문 자격 또는 교육 이수자","- 지원서 또는 제출서류를 허위로 기재한 경우
- 채용검진 결과 직무 수행이 어렵다고 판단되는 경우
- 해외여행 및 근무에 결격사유가 있는 경우
- 관련 법령 또는 내부 인사규정상 채용이 불가능한 경우",서류전형 > 필기전형 > 면접전형 > 최종합격
1778,수의테크니션 프로젝트 인력 채용,36,178,20260318,20260408,7,신입,무기계약직,충청북도,학사 이상,"본 포지션은 수의테크니션 업무를 담당하며, 현장의 요구사항을 정확히 파악해 안정적인 결과를 만드는 역할입니다.

의료·바이오 분야의 실무 기준과 절차에 따라 계획 수립부터 실행, 결과 확인까지 전 과정에 참여합니다.

업무 과정에서 발생하는 이슈를 데이터와 기록에 근거해 분석하고, 유관 부서와 협의하여 개선합니다.

입사 후에는 표준 절차와 내부 시스템 교육을 이수하며, 숙련도에 따라 담당 범위가 확대됩니다.

정확성, 안전, 책임 있는 의사소통을 중시하며 실무 중심의 협업 역량을 기대합니다.","- 수의테크니션 직무 기준에 따른 실무 수행
- 수의테크니션 관련 결과물 검토 및 개선
- 감염관리와 안전수칙 준수
- 의료진·연구진·행정부서 협업
- 대상자 안내 및 문의 대응
- 장비·시약·의약품 재고와 상태 확인
- 관련 법규 및 표준운영절차 준수
- 환자·대상자 상태 확인 및 업무계획 수립","- 동물보건사 자격를 보유한 분
- 교대근무 또는 일정 조정이 가능한 분
- 의료·연구 윤리와 안전기준을 준수할 수 있는 분
- 직무 관련 면허·자격 또는 전공 요건 충족
- 환자·대상자의 개인정보를 보호할 수 있는 분
- 정확한 기록과 확인 절차를 준수하는 분","- 반려동물관리사 보유자
- BLS Provider 보유자
- EMR·LIS·CTMS 등 시스템 사용 경험
- 임상·연구 데이터 관리 경험
- 외국어 의사소통 가능자","- 지원서 또는 제출서류를 허위로 기재한 경우
- 채용검진 결과 직무 수행이 어렵다고 판단되는 경우
- 해외여행 및 근무에 결격사유가 있는 경우
- 관련 법령 또는 내부 인사규정상 채용이 불가능한 경우",서류전형 > 실무면접 > 최종면접
1779,수의테크니션 직무 채용,63,178,20260523,20260620,11,경력,정규직,충청남도,학사 이상,"본 포지션은 수의테크니션 업무를 담당하며, 현장의 요구사항을 정확히 파악해 안정적인 결과를 만드는 역할입니다.

의료·바이오 분야의 실무 기준과 절차에 따라 계획 수립부터 실행, 결과 확인까지 전 과정에 참여합니다.

업무 과정에서 발생하는 이슈를 데이터와 기록에 근거해 분석하고, 유관 부서와 협의하여 개선합니다.

입사 후에는 표준 절차와 내부 시스템 교육을 이수하며, 숙련도에 따라 담당 범위가 확대됩니다.

정확성, 안전, 책임 있는 의사소통을 중시하며 실무 중심의 협업 역량을 기대합니다.","- 수의테크니션 직무 기준에 따른 실무 수행
- 수의테크니션 관련 결과물 검토 및 개선
- 장비·시약·의약품 재고와 상태 확인
- 관련 법규 및 표준운영절차 준수
- 환자·대상자 상태 확인 및 업무계획 수립
- 직무 범위 내 처치·검사·연구 업무 수행
- 의무·연구 기록 정확성 관리
- 감염관리와 안전수칙 준수","- 동물보건사 자격를 보유한 분
- 환자·대상자의 개인정보를 보호할 수 있는 분
- 정확한 기록과 확인 절차를 준수하는 분
- 교대근무 또는 일정 조정이 가능한 분
- 의료·연구 윤리와 안전기준을 준수할 수 있는 분
- 직무 관련 면허·자격 또는 전공 요건 충족","- BLS Provider 보유자
- 동물보건사 자격 보유자
- 종합병원·연구기관·제약바이오 업계 경험
- 관련 전문 자격 또는 교육 이수자
- EMR·LIS·CTMS 등 시스템 사용 경험","- 지원서 또는 제출서류를 허위로 기재한 경우
- 채용검진 결과 직무 수행이 어렵다고 판단되는 경우
- 해외여행 및 근무에 결격사유가 있는 경우
- 관련 법령 또는 내부 인사규정상 채용이 불가능한 경우",서류전형 > 인성검사 > 실무면접 > 최종면접
1780,수의테크니션 부문 모집,66,178,20260704,20260808,15,신입·경력,정규직,전북특별자치도,전문학사 이상,"본 포지션은 수의테크니션 업무를 담당하며, 현장의 요구사항을 정확히 파악해 안정적인 결과를 만드는 역할입니다.

의료·바이오 분야의 실무 기준과 절차에 따라 계획 수립부터 실행, 결과 확인까지 전 과정에 참여합니다.

업무 과정에서 발생하는 이슈를 데이터와 기록에 근거해 분석하고, 유관 부서와 협의하여 개선합니다.

입사 후에는 표준 절차와 내부 시스템 교육을 이수하며, 숙련도에 따라 담당 범위가 확대됩니다.

정확성, 안전, 책임 있는 의사소통을 중시하며 실무 중심의 협업 역량을 기대합니다.","- 수의테크니션 직무 기준에 따른 실무 수행
- 수의테크니션 관련 결과물 검토 및 개선
- 직무 범위 내 처치·검사·연구 업무 수행
- 의무·연구 기록 정확성 관리
- 감염관리와 안전수칙 준수
- 의료진·연구진·행정부서 협업
- 대상자 안내 및 문의 대응
- 장비·시약·의약품 재고와 상태 확인","- 동물보건사 자격를 보유한 분
- 의료·연구 윤리와 안전기준을 준수할 수 있는 분
- 직무 관련 면허·자격 또는 전공 요건 충족
- 환자·대상자의 개인정보를 보호할 수 있는 분
- 정확한 기록과 확인 절차를 준수하는 분
- 교대근무 또는 일정 조정이 가능한 분","- 동물보건사 자격 보유자
- 반려동물관리사 보유자
- 임상·연구 데이터 관리 경험
- 외국어 의사소통 가능자
- 종합병원·연구기관·제약바이오 업계 경험","- 지원서 또는 제출서류를 허위로 기재한 경우
- 채용검진 결과 직무 수행이 어렵다고 판단되는 경우
- 해외여행 및 근무에 결격사유가 있는 경우
- 관련 법령 또는 내부 인사규정상 채용이 불가능한 경우",서류전형 > 직무과제 > 실무면접 > 처우협의
1781,병원코디네이터 모집,104,179,20261010,20261124,20,신입,정규직,대전광역시,전문학사 이상,"본 포지션은 병원코디네이터 업무를 담당하며, 현장의 요구사항을 정확히 파악해 안정적인 결과를 만드는 역할입니다.

의료·바이오 분야의 실무 기준과 절차에 따라 계획 수립부터 실행, 결과 확인까지 전 과정에 참여합니다.

업무 과정에서 발생하는 이슈를 데이터와 기록에 근거해 분석하고, 유관 부서와 협의하여 개선합니다.

입사 후에는 표준 절차와 내부 시스템 교육을 이수하며, 숙련도에 따라 담당 범위가 확대됩니다.

정확성, 안전, 책임 있는 의사소통을 중시하며 실무 중심의 협업 역량을 기대합니다.","- 병원코디네이터 직무 기준에 따른 실무 수행
- 병원코디네이터 관련 결과물 검토 및 개선
- 대상자 안내 및 문의 대응
- 장비·시약·의약품 재고와 상태 확인
- 관련 법규 및 표준운영절차 준수
- 환자·대상자 상태 확인 및 업무계획 수립
- 직무 범위 내 처치·검사·연구 업무 수행
- 의무·연구 기록 정확성 관리","- 교대근무 또는 일정 조정이 가능한 분
- 의료·연구 윤리와 안전기준을 준수할 수 있는 분
- 직무 관련 면허·자격 또는 전공 요건 충족
- 환자·대상자의 개인정보를 보호할 수 있는 분
- 정확한 기록과 확인 절차를 준수하는 분
- 교대근무 또는 일정 조정이 가능한 분","- 병원코디네이터 자격 보유자
- 보건교육사 3급 보유자
- 임상·연구 데이터 관리 경험
- 외국어 의사소통 가능자
- 종합병원·연구기관·제약바이오 업계 경험","- 지원서 또는 제출서류를 허위로 기재한 경우
- 채용검진 결과 직무 수행이 어렵다고 판단되는 경우
- 해외여행 및 근무에 결격사유가 있는 경우
- 관련 법령 또는 내부 인사규정상 채용이 불가능한 경우",서류전형 > 필기전형 > 면접전형 > 최종합격
1782,병원코디네이터 채용,48,179,20260215,20260303,4,경력,정규직,광주광역시,학력무관,"본 포지션은 병원코디네이터 업무를 담당하며, 현장의 요구사항을 정확히 파악해 안정적인 결과를 만드는 역할입니다.

의료·바이오 분야의 실무 기준과 절차에 따라 계획 수립부터 실행, 결과 확인까지 전 과정에 참여합니다.

업무 과정에서 발생하는 이슈를 데이터와 기록에 근거해 분석하고, 유관 부서와 협의하여 개선합니다.

입사 후에는 표준 절차와 내부 시스템 교육을 이수하며, 숙련도에 따라 담당 범위가 확대됩니다.

정확성, 안전, 책임 있는 의사소통을 중시하며 실무 중심의 협업 역량을 기대합니다.","- 병원코디네이터 직무 기준에 따른 실무 수행
- 병원코디네이터 관련 결과물 검토 및 개선
- 환자·대상자 상태 확인 및 업무계획 수립
- 직무 범위 내 처치·검사·연구 업무 수행
- 의무·연구 기록 정확성 관리
- 감염관리와 안전수칙 준수
- 의료진·연구진·행정부서 협업
- 대상자 안내 및 문의 대응","- 환자·대상자의 개인정보를 보호할 수 있는 분
- 정확한 기록과 확인 절차를 준수하는 분
- 교대근무 또는 일정 조정이 가능한 분
- 의료·연구 윤리와 안전기준을 준수할 수 있는 분
- 직무 관련 면허·자격 또는 전공 요건 충족
- 환자·대상자의 개인정보를 보호할 수 있는 분","- 보건교육사 3급 보유자
- 컴퓨터활용능력 1급 보유자
- 관련 전문 자격 또는 교육 이수자
- EMR·LIS·CTMS 등 시스템 사용 경험
- 임상·연구 데이터 관리 경험","- 지원서 또는 제출서류를 허위로 기재한 경우
- 채용검진 결과 직무 수행이 어렵다고 판단되는 경우
- 해외여행 및 근무에 결격사유가 있는 경우
- 관련 법령 또는 내부 인사규정상 채용이 불가능한 경우",서류전형 > 실무면접 > 최종면접
1783,병원코디네이터 담당자 모집,115,179,20260420,20260513,8,신입·경력,계약직,울산광역시,전문학사 이상,"본 포지션은 병원코디네이터 업무를 담당하며, 현장의 요구사항을 정확히 파악해 안정적인 결과를 만드는 역할입니다.

의료·바이오 분야의 실무 기준과 절차에 따라 계획 수립부터 실행, 결과 확인까지 전 과정에 참여합니다.

업무 과정에서 발생하는 이슈를 데이터와 기록에 근거해 분석하고, 유관 부서와 협의하여 개선합니다.

입사 후에는 표준 절차와 내부 시스템 교육을 이수하며, 숙련도에 따라 담당 범위가 확대됩니다.

정확성, 안전, 책임 있는 의사소통을 중시하며 실무 중심의 협업 역량을 기대합니다.","- 병원코디네이터 직무 기준에 따른 실무 수행
- 병원코디네이터 관련 결과물 검토 및 개선
- 감염관리와 안전수칙 준수
- 의료진·연구진·행정부서 협업
- 대상자 안내 및 문의 대응
- 장비·시약·의약품 재고와 상태 확인
- 관련 법규 및 표준운영절차 준수
- 환자·대상자 상태 확인 및 업무계획 수립","- 의료·연구 윤리와 안전기준을 준수할 수 있는 분
- 직무 관련 면허·자격 또는 전공 요건 충족
- 환자·대상자의 개인정보를 보호할 수 있는 분
- 정확한 기록과 확인 절차를 준수하는 분
- 교대근무 또는 일정 조정이 가능한 분
- 의료·연구 윤리와 안전기준을 준수할 수 있는 분","- 컴퓨터활용능력 1급 보유자
- 병원코디네이터 자격 보유자
- 외국어 의사소통 가능자
- 종합병원·연구기관·제약바이오 업계 경험
- 관련 전문 자격 또는 교육 이수자","- 지원서 또는 제출서류를 허위로 기재한 경우
- 채용검진 결과 직무 수행이 어렵다고 판단되는 경우
- 해외여행 및 근무에 결격사유가 있는 경우
- 관련 법령 또는 내부 인사규정상 채용이 불가능한 경우",서류전형 > 인성검사 > 실무면접 > 최종면접
1784,병원코디네이터 인재 채용,151,179,20260601,20260701,12,경력 2년 이상,무기계약직,세종특별자치시,학력무관,"본 포지션은 병원코디네이터 업무를 담당하며, 현장의 요구사항을 정확히 파악해 안정적인 결과를 만드는 역할입니다.

의료·바이오 분야의 실무 기준과 절차에 따라 계획 수립부터 실행, 결과 확인까지 전 과정에 참여합니다.

업무 과정에서 발생하는 이슈를 데이터와 기록에 근거해 분석하고, 유관 부서와 협의하여 개선합니다.

입사 후에는 표준 절차와 내부 시스템 교육을 이수하며, 숙련도에 따라 담당 범위가 확대됩니다.

정확성, 안전, 책임 있는 의사소통을 중시하며 실무 중심의 협업 역량을 기대합니다.","- 병원코디네이터 직무 기준에 따른 실무 수행
- 병원코디네이터 관련 결과물 검토 및 개선
- 장비·시약·의약품 재고와 상태 확인
- 관련 법규 및 표준운영절차 준수
- 환자·대상자 상태 확인 및 업무계획 수립
- 직무 범위 내 처치·검사·연구 업무 수행
- 의무·연구 기록 정확성 관리
- 감염관리와 안전수칙 준수","- 정확한 기록과 확인 절차를 준수하는 분
- 교대근무 또는 일정 조정이 가능한 분
- 의료·연구 윤리와 안전기준을 준수할 수 있는 분
- 직무 관련 면허·자격 또는 전공 요건 충족
- 환자·대상자의 개인정보를 보호할 수 있는 분
- 정확한 기록과 확인 절차를 준수하는 분","- 병원코디네이터 자격 보유자
- 보건교육사 3급 보유자
- EMR·LIS·CTMS 등 시스템 사용 경험
- 임상·연구 데이터 관리 경험
- 외국어 의사소통 가능자","- 지원서 또는 제출서류를 허위로 기재한 경우
- 채용검진 결과 직무 수행이 어렵다고 판단되는 경우
- 해외여행 및 근무에 결격사유가 있는 경우
- 관련 법령 또는 내부 인사규정상 채용이 불가능한 경우",서류전형 > 직무과제 > 실무면접 > 처우협의
1785,병원코디네이터 실무자 모집,32,179,20260806,20260912,16,경력 3년 이상,정규직,경기도,전문학사 이상,"본 포지션은 병원코디네이터 업무를 담당하며, 현장의 요구사항을 정확히 파악해 안정적인 결과를 만드는 역할입니다.

의료·바이오 분야의 실무 기준과 절차에 따라 계획 수립부터 실행, 결과 확인까지 전 과정에 참여합니다.

업무 과정에서 발생하는 이슈를 데이터와 기록에 근거해 분석하고, 유관 부서와 협의하여 개선합니다.

입사 후에는 표준 절차와 내부 시스템 교육을 이수하며, 숙련도에 따라 담당 범위가 확대됩니다.

정확성, 안전, 책임 있는 의사소통을 중시하며 실무 중심의 협업 역량을 기대합니다.","- 병원코디네이터 직무 기준에 따른 실무 수행
- 병원코디네이터 관련 결과물 검토 및 개선
- 직무 범위 내 처치·검사·연구 업무 수행
- 의무·연구 기록 정확성 관리
- 감염관리와 안전수칙 준수
- 의료진·연구진·행정부서 협업
- 대상자 안내 및 문의 대응
- 장비·시약·의약품 재고와 상태 확인","- 직무 관련 면허·자격 또는 전공 요건 충족
- 환자·대상자의 개인정보를 보호할 수 있는 분
- 정확한 기록과 확인 절차를 준수하는 분
- 교대근무 또는 일정 조정이 가능한 분
- 의료·연구 윤리와 안전기준을 준수할 수 있는 분
- 직무 관련 면허·자격 또는 전공 요건 충족","- 보건교육사 3급 보유자
- 컴퓨터활용능력 1급 보유자
- 종합병원·연구기관·제약바이오 업계 경험
- 관련 전문 자격 또는 교육 이수자
- EMR·LIS·CTMS 등 시스템 사용 경험","- 지원서 또는 제출서류를 허위로 기재한 경우
- 채용검진 결과 직무 수행이 어렵다고 판단되는 경우
- 해외여행 및 근무에 결격사유가 있는 경우
- 관련 법령 또는 내부 인사규정상 채용이 불가능한 경우",서류전형 > 1차면접 > 2차면접 > 채용검진
1786,병원코디네이터 전문인력 채용,117,179,20261011,20261124,20,경력 무관,정규직,강원특별자치도,학력무관,"본 포지션은 병원코디네이터 업무를 담당하며, 현장의 요구사항을 정확히 파악해 안정적인 결과를 만드는 역할입니다.

의료·바이오 분야의 실무 기준과 절차에 따라 계획 수립부터 실행, 결과 확인까지 전 과정에 참여합니다.

업무 과정에서 발생하는 이슈를 데이터와 기록에 근거해 분석하고, 유관 부서와 협의하여 개선합니다.

입사 후에는 표준 절차와 내부 시스템 교육을 이수하며, 숙련도에 따라 담당 범위가 확대됩니다.

정확성, 안전, 책임 있는 의사소통을 중시하며 실무 중심의 협업 역량을 기대합니다.","- 병원코디네이터 직무 기준에 따른 실무 수행
- 병원코디네이터 관련 결과물 검토 및 개선
- 의료진·연구진·행정부서 협업
- 대상자 안내 및 문의 대응
- 장비·시약·의약품 재고와 상태 확인
- 관련 법규 및 표준운영절차 준수
- 환자·대상자 상태 확인 및 업무계획 수립
- 직무 범위 내 처치·검사·연구 업무 수행","- 교대근무 또는 일정 조정이 가능한 분
- 의료·연구 윤리와 안전기준을 준수할 수 있는 분
- 직무 관련 면허·자격 또는 전공 요건 충족
- 환자·대상자의 개인정보를 보호할 수 있는 분
- 정확한 기록과 확인 절차를 준수하는 분
- 교대근무 또는 일정 조정이 가능한 분","- 컴퓨터활용능력 1급 보유자
- 병원코디네이터 자격 보유자
- 임상·연구 데이터 관리 경험
- 외국어 의사소통 가능자
- 종합병원·연구기관·제약바이오 업계 경험","- 지원서 또는 제출서류를 허위로 기재한 경우
- 채용검진 결과 직무 수행이 어렵다고 판단되는 경우
- 해외여행 및 근무에 결격사유가 있는 경우
- 관련 법령 또는 내부 인사규정상 채용이 불가능한 경우",서류전형 > 필기전형 > 면접전형 > 최종합격
1787,병원코디네이터 운영인력 모집,11,179,20260216,20260303,4,경력 5년 이상,계약직,충청북도,전문학사 이상,"본 포지션은 병원코디네이터 업무를 담당하며, 현장의 요구사항을 정확히 파악해 안정적인 결과를 만드는 역할입니다.

의료·바이오 분야의 실무 기준과 절차에 따라 계획 수립부터 실행, 결과 확인까지 전 과정에 참여합니다.

업무 과정에서 발생하는 이슈를 데이터와 기록에 근거해 분석하고, 유관 부서와 협의하여 개선합니다.

입사 후에는 표준 절차와 내부 시스템 교육을 이수하며, 숙련도에 따라 담당 범위가 확대됩니다.

정확성, 안전, 책임 있는 의사소통을 중시하며 실무 중심의 협업 역량을 기대합니다.","- 병원코디네이터 직무 기준에 따른 실무 수행
- 병원코디네이터 관련 결과물 검토 및 개선
- 관련 법규 및 표준운영절차 준수
- 환자·대상자 상태 확인 및 업무계획 수립
- 직무 범위 내 처치·검사·연구 업무 수행
- 의무·연구 기록 정확성 관리
- 감염관리와 안전수칙 준수
- 의료진·연구진·행정부서 협업","- 환자·대상자의 개인정보를 보호할 수 있는 분
- 정확한 기록과 확인 절차를 준수하는 분
- 교대근무 또는 일정 조정이 가능한 분
- 의료·연구 윤리와 안전기준을 준수할 수 있는 분
- 직무 관련 면허·자격 또는 전공 요건 충족
- 환자·대상자의 개인정보를 보호할 수 있는 분","- 병원코디네이터 자격 보유자
- 보건교육사 3급 보유자
- 관련 전문 자격 또는 교육 이수자
- EMR·LIS·CTMS 등 시스템 사용 경험
- 임상·연구 데이터 관리 경험","- 지원서 또는 제출서류를 허위로 기재한 경우
- 채용검진 결과 직무 수행이 어렵다고 판단되는 경우
- 해외여행 및 근무에 결격사유가 있는 경우
- 관련 법령 또는 내부 인사규정상 채용이 불가능한 경우",서류전형 > 실무면접 > 최종면접
1788,병원코디네이터 프로젝트 인력 채용,136,179,20260421,20260513,8,신입,무기계약직,충청남도,학력무관,"본 포지션은 병원코디네이터 업무를 담당하며, 현장의 요구사항을 정확히 파악해 안정적인 결과를 만드는 역할입니다.

의료·바이오 분야의 실무 기준과 절차에 따라 계획 수립부터 실행, 결과 확인까지 전 과정에 참여합니다.

업무 과정에서 발생하는 이슈를 데이터와 기록에 근거해 분석하고, 유관 부서와 협의하여 개선합니다.

입사 후에는 표준 절차와 내부 시스템 교육을 이수하며, 숙련도에 따라 담당 범위가 확대됩니다.

정확성, 안전, 책임 있는 의사소통을 중시하며 실무 중심의 협업 역량을 기대합니다.","- 병원코디네이터 직무 기준에 따른 실무 수행
- 병원코디네이터 관련 결과물 검토 및 개선
- 의무·연구 기록 정확성 관리
- 감염관리와 안전수칙 준수
- 의료진·연구진·행정부서 협업
- 대상자 안내 및 문의 대응
- 장비·시약·의약품 재고와 상태 확인
- 관련 법규 및 표준운영절차 준수","- 의료·연구 윤리와 안전기준을 준수할 수 있는 분
- 직무 관련 면허·자격 또는 전공 요건 충족
- 환자·대상자의 개인정보를 보호할 수 있는 분
- 정확한 기록과 확인 절차를 준수하는 분
- 교대근무 또는 일정 조정이 가능한 분
- 의료·연구 윤리와 안전기준을 준수할 수 있는 분","- 보건교육사 3급 보유자
- 컴퓨터활용능력 1급 보유자
- 외국어 의사소통 가능자
- 종합병원·연구기관·제약바이오 업계 경험
- 관련 전문 자격 또는 교육 이수자","- 지원서 또는 제출서류를 허위로 기재한 경우
- 채용검진 결과 직무 수행이 어렵다고 판단되는 경우
- 해외여행 및 근무에 결격사유가 있는 경우
- 관련 법령 또는 내부 인사규정상 채용이 불가능한 경우",서류전형 > 인성검사 > 실무면접 > 최종면접
1789,병원코디네이터 직무 채용,81,179,20260602,20260701,12,경력,정규직,전북특별자치도,전문학사 이상,"본 포지션은 병원코디네이터 업무를 담당하며, 현장의 요구사항을 정확히 파악해 안정적인 결과를 만드는 역할입니다.

의료·바이오 분야의 실무 기준과 절차에 따라 계획 수립부터 실행, 결과 확인까지 전 과정에 참여합니다.

업무 과정에서 발생하는 이슈를 데이터와 기록에 근거해 분석하고, 유관 부서와 협의하여 개선합니다.

입사 후에는 표준 절차와 내부 시스템 교육을 이수하며, 숙련도에 따라 담당 범위가 확대됩니다.

정확성, 안전, 책임 있는 의사소통을 중시하며 실무 중심의 협업 역량을 기대합니다.","- 병원코디네이터 직무 기준에 따른 실무 수행
- 병원코디네이터 관련 결과물 검토 및 개선
- 대상자 안내 및 문의 대응
- 장비·시약·의약품 재고와 상태 확인
- 관련 법규 및 표준운영절차 준수
- 환자·대상자 상태 확인 및 업무계획 수립
- 직무 범위 내 처치·검사·연구 업무 수행
- 의무·연구 기록 정확성 관리","- 정확한 기록과 확인 절차를 준수하는 분
- 교대근무 또는 일정 조정이 가능한 분
- 의료·연구 윤리와 안전기준을 준수할 수 있는 분
- 직무 관련 면허·자격 또는 전공 요건 충족
- 환자·대상자의 개인정보를 보호할 수 있는 분
- 정확한 기록과 확인 절차를 준수하는 분","- 컴퓨터활용능력 1급 보유자
- 병원코디네이터 자격 보유자
- EMR·LIS·CTMS 등 시스템 사용 경험
- 임상·연구 데이터 관리 경험
- 외국어 의사소통 가능자","- 지원서 또는 제출서류를 허위로 기재한 경우
- 채용검진 결과 직무 수행이 어렵다고 판단되는 경우
- 해외여행 및 근무에 결격사유가 있는 경우
- 관련 법령 또는 내부 인사규정상 채용이 불가능한 경우",서류전형 > 직무과제 > 실무면접 > 처우협의
1790,병원코디네이터 부문 모집,114,179,20260807,20260912,16,신입·경력,정규직,전라남도,학력무관,"본 포지션은 병원코디네이터 업무를 담당하며, 현장의 요구사항을 정확히 파악해 안정적인 결과를 만드는 역할입니다.

의료·바이오 분야의 실무 기준과 절차에 따라 계획 수립부터 실행, 결과 확인까지 전 과정에 참여합니다.

업무 과정에서 발생하는 이슈를 데이터와 기록에 근거해 분석하고, 유관 부서와 협의하여 개선합니다.

입사 후에는 표준 절차와 내부 시스템 교육을 이수하며, 숙련도에 따라 담당 범위가 확대됩니다.

정확성, 안전, 책임 있는 의사소통을 중시하며 실무 중심의 협업 역량을 기대합니다.","- 병원코디네이터 직무 기준에 따른 실무 수행
- 병원코디네이터 관련 결과물 검토 및 개선
- 환자·대상자 상태 확인 및 업무계획 수립
- 직무 범위 내 처치·검사·연구 업무 수행
- 의무·연구 기록 정확성 관리
- 감염관리와 안전수칙 준수
- 의료진·연구진·행정부서 협업
- 대상자 안내 및 문의 대응","- 직무 관련 면허·자격 또는 전공 요건 충족
- 환자·대상자의 개인정보를 보호할 수 있는 분
- 정확한 기록과 확인 절차를 준수하는 분
- 교대근무 또는 일정 조정이 가능한 분
- 의료·연구 윤리와 안전기준을 준수할 수 있는 분
- 직무 관련 면허·자격 또는 전공 요건 충족","- 병원코디네이터 자격 보유자
- 보건교육사 3급 보유자
- 종합병원·연구기관·제약바이오 업계 경험
- 관련 전문 자격 또는 교육 이수자
- EMR·LIS·CTMS 등 시스템 사용 경험","- 지원서 또는 제출서류를 허위로 기재한 경우
- 채용검진 결과 직무 수행이 어렵다고 판단되는 경우
- 해외여행 및 근무에 결격사유가 있는 경우
- 관련 법령 또는 내부 인사규정상 채용이 불가능한 경우",서류전형 > 1차면접 > 2차면접 > 채용검진
1791,원무행정 모집,7,180,20260113,20260123,1,신입,정규직,광주광역시,전문학사 이상,"본 포지션은 원무행정 업무를 담당하며, 현장의 요구사항을 정확히 파악해 안정적인 결과를 만드는 역할입니다.

의료·바이오 분야의 실무 기준과 절차에 따라 계획 수립부터 실행, 결과 확인까지 전 과정에 참여합니다.

업무 과정에서 발생하는 이슈를 데이터와 기록에 근거해 분석하고, 유관 부서와 협의하여 개선합니다.

입사 후에는 표준 절차와 내부 시스템 교육을 이수하며, 숙련도에 따라 담당 범위가 확대됩니다.

정확성, 안전, 책임 있는 의사소통을 중시하며 실무 중심의 협업 역량을 기대합니다.","- 원무행정 직무 기준에 따른 실무 수행
- 원무행정 관련 결과물 검토 및 개선
- 의료진·연구진·행정부서 협업
- 대상자 안내 및 문의 대응
- 장비·시약·의약품 재고와 상태 확인
- 관련 법규 및 표준운영절차 준수
- 환자·대상자 상태 확인 및 업무계획 수립
- 직무 범위 내 처치·검사·연구 업무 수행","- 직무 관련 면허·자격 또는 전공 요건 충족
- 환자·대상자의 개인정보를 보호할 수 있는 분
- 정확한 기록과 확인 절차를 준수하는 분
- 교대근무 또는 일정 조정이 가능한 분
- 의료·연구 윤리와 안전기준을 준수할 수 있는 분
- 직무 관련 면허·자격 또는 전공 요건 충족","- 병원행정사 보유자
- 건강보험사 보유자
- 종합병원·연구기관·제약바이오 업계 경험
- 관련 전문 자격 또는 교육 이수자
- EMR·LIS·CTMS 등 시스템 사용 경험","- 지원서 또는 제출서류를 허위로 기재한 경우
- 채용검진 결과 직무 수행이 어렵다고 판단되는 경우
- 해외여행 및 근무에 결격사유가 있는 경우
- 관련 법령 또는 내부 인사규정상 채용이 불가능한 경우",서류전형 > 실무면접 > 최종면접
1792,원무행정 채용,136,180,20260318,20260404,5,경력,정규직,울산광역시,학력무관,"본 포지션은 원무행정 업무를 담당하며, 현장의 요구사항을 정확히 파악해 안정적인 결과를 만드는 역할입니다.

의료·바이오 분야의 실무 기준과 절차에 따라 계획 수립부터 실행, 결과 확인까지 전 과정에 참여합니다.

업무 과정에서 발생하는 이슈를 데이터와 기록에 근거해 분석하고, 유관 부서와 협의하여 개선합니다.

입사 후에는 표준 절차와 내부 시스템 교육을 이수하며, 숙련도에 따라 담당 범위가 확대됩니다.

정확성, 안전, 책임 있는 의사소통을 중시하며 실무 중심의 협업 역량을 기대합니다.","- 원무행정 직무 기준에 따른 실무 수행
- 원무행정 관련 결과물 검토 및 개선
- 관련 법규 및 표준운영절차 준수
- 환자·대상자 상태 확인 및 업무계획 수립
- 직무 범위 내 처치·검사·연구 업무 수행
- 의무·연구 기록 정확성 관리
- 감염관리와 안전수칙 준수
- 의료진·연구진·행정부서 협업","- 교대근무 또는 일정 조정이 가능한 분
- 의료·연구 윤리와 안전기준을 준수할 수 있는 분
- 직무 관련 면허·자격 또는 전공 요건 충족
- 환자·대상자의 개인정보를 보호할 수 있는 분
- 정확한 기록과 확인 절차를 준수하는 분
- 교대근무 또는 일정 조정이 가능한 분","- 건강보험사 보유자
- 컴퓨터활용능력 1급 보유자
- 임상·연구 데이터 관리 경험
- 외국어 의사소통 가능자
- 종합병원·연구기관·제약바이오 업계 경험","- 지원서 또는 제출서류를 허위로 기재한 경우
- 채용검진 결과 직무 수행이 어렵다고 판단되는 경우
- 해외여행 및 근무에 결격사유가 있는 경우
- 관련 법령 또는 내부 인사규정상 채용이 불가능한 경우",서류전형 > 인성검사 > 실무면접 > 최종면접
1793,원무행정 담당자 모집,66,180,20260523,20260616,9,신입·경력,계약직,세종특별자치시,전문학사 이상,"본 포지션은 원무행정 업무를 담당하며, 현장의 요구사항을 정확히 파악해 안정적인 결과를 만드는 역할입니다.

의료·바이오 분야의 실무 기준과 절차에 따라 계획 수립부터 실행, 결과 확인까지 전 과정에 참여합니다.

업무 과정에서 발생하는 이슈를 데이터와 기록에 근거해 분석하고, 유관 부서와 협의하여 개선합니다.

입사 후에는 표준 절차와 내부 시스템 교육을 이수하며, 숙련도에 따라 담당 범위가 확대됩니다.

정확성, 안전, 책임 있는 의사소통을 중시하며 실무 중심의 협업 역량을 기대합니다.","- 원무행정 직무 기준에 따른 실무 수행
- 원무행정 관련 결과물 검토 및 개선
- 의무·연구 기록 정확성 관리
- 감염관리와 안전수칙 준수
- 의료진·연구진·행정부서 협업
- 대상자 안내 및 문의 대응
- 장비·시약·의약품 재고와 상태 확인
- 관련 법규 및 표준운영절차 준수","- 환자·대상자의 개인정보를 보호할 수 있는 분
- 정확한 기록과 확인 절차를 준수하는 분
- 교대근무 또는 일정 조정이 가능한 분
- 의료·연구 윤리와 안전기준을 준수할 수 있는 분
- 직무 관련 면허·자격 또는 전공 요건 충족
- 환자·대상자의 개인정보를 보호할 수 있는 분","- 컴퓨터활용능력 1급 보유자
- 병원행정사 보유자
- 관련 전문 자격 또는 교육 이수자
- EMR·LIS·CTMS 등 시스템 사용 경험
- 임상·연구 데이터 관리 경험","- 지원서 또는 제출서류를 허위로 기재한 경우
- 채용검진 결과 직무 수행이 어렵다고 판단되는 경우
- 해외여행 및 근무에 결격사유가 있는 경우
- 관련 법령 또는 내부 인사규정상 채용이 불가능한 경우",서류전형 > 직무과제 > 실무면접 > 처우협의
1794,원무행정 인재 채용,144,180,20260704,20260804,13,경력 2년 이상,무기계약직,경기도,학력무관,"본 포지션은 원무행정 업무를 담당하며, 현장의 요구사항을 정확히 파악해 안정적인 결과를 만드는 역할입니다.

의료·바이오 분야의 실무 기준과 절차에 따라 계획 수립부터 실행, 결과 확인까지 전 과정에 참여합니다.

업무 과정에서 발생하는 이슈를 데이터와 기록에 근거해 분석하고, 유관 부서와 협의하여 개선합니다.

입사 후에는 표준 절차와 내부 시스템 교육을 이수하며, 숙련도에 따라 담당 범위가 확대됩니다.

정확성, 안전, 책임 있는 의사소통을 중시하며 실무 중심의 협업 역량을 기대합니다.","- 원무행정 직무 기준에 따른 실무 수행
- 원무행정 관련 결과물 검토 및 개선
- 대상자 안내 및 문의 대응
- 장비·시약·의약품 재고와 상태 확인
- 관련 법규 및 표준운영절차 준수
- 환자·대상자 상태 확인 및 업무계획 수립
- 직무 범위 내 처치·검사·연구 업무 수행
- 의무·연구 기록 정확성 관리","- 의료·연구 윤리와 안전기준을 준수할 수 있는 분
- 직무 관련 면허·자격 또는 전공 요건 충족
- 환자·대상자의 개인정보를 보호할 수 있는 분
- 정확한 기록과 확인 절차를 준수하는 분
- 교대근무 또는 일정 조정이 가능한 분
- 의료·연구 윤리와 안전기준을 준수할 수 있는 분","- 병원행정사 보유자
- 건강보험사 보유자
- 외국어 의사소통 가능자
- 종합병원·연구기관·제약바이오 업계 경험
- 관련 전문 자격 또는 교육 이수자","- 지원서 또는 제출서류를 허위로 기재한 경우
- 채용검진 결과 직무 수행이 어렵다고 판단되는 경우
- 해외여행 및 근무에 결격사유가 있는 경우
- 관련 법령 또는 내부 인사규정상 채용이 불가능한 경우",서류전형 > 1차면접 > 2차면접 > 채용검진
1795,원무행정 실무자 모집,45,180,20260909,20261017,17,경력 3년 이상,정규직,강원특별자치도,전문학사 이상,"본 포지션은 원무행정 업무를 담당하며, 현장의 요구사항을 정확히 파악해 안정적인 결과를 만드는 역할입니다.

의료·바이오 분야의 실무 기준과 절차에 따라 계획 수립부터 실행, 결과 확인까지 전 과정에 참여합니다.

업무 과정에서 발생하는 이슈를 데이터와 기록에 근거해 분석하고, 유관 부서와 협의하여 개선합니다.

입사 후에는 표준 절차와 내부 시스템 교육을 이수하며, 숙련도에 따라 담당 범위가 확대됩니다.

정확성, 안전, 책임 있는 의사소통을 중시하며 실무 중심의 협업 역량을 기대합니다.","- 원무행정 직무 기준에 따른 실무 수행
- 원무행정 관련 결과물 검토 및 개선
- 환자·대상자 상태 확인 및 업무계획 수립
- 직무 범위 내 처치·검사·연구 업무 수행
- 의무·연구 기록 정확성 관리
- 감염관리와 안전수칙 준수
- 의료진·연구진·행정부서 협업
- 대상자 안내 및 문의 대응","- 정확한 기록과 확인 절차를 준수하는 분
- 교대근무 또는 일정 조정이 가능한 분
- 의료·연구 윤리와 안전기준을 준수할 수 있는 분
- 직무 관련 면허·자격 또는 전공 요건 충족
- 환자·대상자의 개인정보를 보호할 수 있는 분
- 정확한 기록과 확인 절차를 준수하는 분","- 건강보험사 보유자
- 컴퓨터활용능력 1급 보유자
- EMR·LIS·CTMS 등 시스템 사용 경험
- 임상·연구 데이터 관리 경험
- 외국어 의사소통 가능자","- 지원서 또는 제출서류를 허위로 기재한 경우
- 채용검진 결과 직무 수행이 어렵다고 판단되는 경우
- 해외여행 및 근무에 결격사유가 있는 경우
- 관련 법령 또는 내부 인사규정상 채용이 불가능한 경우",서류전형 > 필기전형 > 면접전형 > 최종합격
1796,원무행정 전문인력 채용,88,180,20260114,20260228,1,경력 무관,정규직,충청북도,학력무관,"본 포지션은 원무행정 업무를 담당하며, 현장의 요구사항을 정확히 파악해 안정적인 결과를 만드는 역할입니다.

의료·바이오 분야의 실무 기준과 절차에 따라 계획 수립부터 실행, 결과 확인까지 전 과정에 참여합니다.

업무 과정에서 발생하는 이슈를 데이터와 기록에 근거해 분석하고, 유관 부서와 협의하여 개선합니다.

입사 후에는 표준 절차와 내부 시스템 교육을 이수하며, 숙련도에 따라 담당 범위가 확대됩니다.

정확성, 안전, 책임 있는 의사소통을 중시하며 실무 중심의 협업 역량을 기대합니다.","- 원무행정 직무 기준에 따른 실무 수행
- 원무행정 관련 결과물 검토 및 개선
- 감염관리와 안전수칙 준수
- 의료진·연구진·행정부서 협업
- 대상자 안내 및 문의 대응
- 장비·시약·의약품 재고와 상태 확인
- 관련 법규 및 표준운영절차 준수
- 환자·대상자 상태 확인 및 업무계획 수립","- 직무 관련 면허·자격 또는 전공 요건 충족
- 환자·대상자의 개인정보를 보호할 수 있는 분
- 정확한 기록과 확인 절차를 준수하는 분
- 교대근무 또는 일정 조정이 가능한 분
- 의료·연구 윤리와 안전기준을 준수할 수 있는 분
- 직무 관련 면허·자격 또는 전공 요건 충족","- 컴퓨터활용능력 1급 보유자
- 병원행정사 보유자
- 종합병원·연구기관·제약바이오 업계 경험
- 관련 전문 자격 또는 교육 이수자
- EMR·LIS·CTMS 등 시스템 사용 경험","- 지원서 또는 제출서류를 허위로 기재한 경우
- 채용검진 결과 직무 수행이 어렵다고 판단되는 경우
- 해외여행 및 근무에 결격사유가 있는 경우
- 관련 법령 또는 내부 인사규정상 채용이 불가능한 경우",서류전형 > 실무면접 > 최종면접
1797,원무행정 운영인력 모집,40,180,20260319,20260404,5,경력 5년 이상,계약직,충청남도,전문학사 이상,"본 포지션은 원무행정 업무를 담당하며, 현장의 요구사항을 정확히 파악해 안정적인 결과를 만드는 역할입니다.

의료·바이오 분야의 실무 기준과 절차에 따라 계획 수립부터 실행, 결과 확인까지 전 과정에 참여합니다.

업무 과정에서 발생하는 이슈를 데이터와 기록에 근거해 분석하고, 유관 부서와 협의하여 개선합니다.

입사 후에는 표준 절차와 내부 시스템 교육을 이수하며, 숙련도에 따라 담당 범위가 확대됩니다.

정확성, 안전, 책임 있는 의사소통을 중시하며 실무 중심의 협업 역량을 기대합니다.","- 원무행정 직무 기준에 따른 실무 수행
- 원무행정 관련 결과물 검토 및 개선
- 장비·시약·의약품 재고와 상태 확인
- 관련 법규 및 표준운영절차 준수
- 환자·대상자 상태 확인 및 업무계획 수립
- 직무 범위 내 처치·검사·연구 업무 수행
- 의무·연구 기록 정확성 관리
- 감염관리와 안전수칙 준수","- 교대근무 또는 일정 조정이 가능한 분
- 의료·연구 윤리와 안전기준을 준수할 수 있는 분
- 직무 관련 면허·자격 또는 전공 요건 충족
- 환자·대상자의 개인정보를 보호할 수 있는 분
- 정확한 기록과 확인 절차를 준수하는 분
- 교대근무 또는 일정 조정이 가능한 분","- 병원행정사 보유자
- 건강보험사 보유자
- 임상·연구 데이터 관리 경험
- 외국어 의사소통 가능자
- 종합병원·연구기관·제약바이오 업계 경험","- 지원서 또는 제출서류를 허위로 기재한 경우
- 채용검진 결과 직무 수행이 어렵다고 판단되는 경우
- 해외여행 및 근무에 결격사유가 있는 경우
- 관련 법령 또는 내부 인사규정상 채용이 불가능한 경우",서류전형 > 인성검사 > 실무면접 > 최종면접
1798,원무행정 프로젝트 인력 채용,105,180,20260524,20260616,9,신입,무기계약직,전북특별자치도,학력무관,"본 포지션은 원무행정 업무를 담당하며, 현장의 요구사항을 정확히 파악해 안정적인 결과를 만드는 역할입니다.

의료·바이오 분야의 실무 기준과 절차에 따라 계획 수립부터 실행, 결과 확인까지 전 과정에 참여합니다.

업무 과정에서 발생하는 이슈를 데이터와 기록에 근거해 분석하고, 유관 부서와 협의하여 개선합니다.

입사 후에는 표준 절차와 내부 시스템 교육을 이수하며, 숙련도에 따라 담당 범위가 확대됩니다.

정확성, 안전, 책임 있는 의사소통을 중시하며 실무 중심의 협업 역량을 기대합니다.","- 원무행정 직무 기준에 따른 실무 수행
- 원무행정 관련 결과물 검토 및 개선
- 직무 범위 내 처치·검사·연구 업무 수행
- 의무·연구 기록 정확성 관리
- 감염관리와 안전수칙 준수
- 의료진·연구진·행정부서 협업
- 대상자 안내 및 문의 대응
- 장비·시약·의약품 재고와 상태 확인","- 환자·대상자의 개인정보를 보호할 수 있는 분
- 정확한 기록과 확인 절차를 준수하는 분
- 교대근무 또는 일정 조정이 가능한 분
- 의료·연구 윤리와 안전기준을 준수할 수 있는 분
- 직무 관련 면허·자격 또는 전공 요건 충족
- 환자·대상자의 개인정보를 보호할 수 있는 분","- 건강보험사 보유자
- 컴퓨터활용능력 1급 보유자
- 관련 전문 자격 또는 교육 이수자
- EMR·LIS·CTMS 등 시스템 사용 경험
- 임상·연구 데이터 관리 경험","- 지원서 또는 제출서류를 허위로 기재한 경우
- 채용검진 결과 직무 수행이 어렵다고 판단되는 경우
- 해외여행 및 근무에 결격사유가 있는 경우
- 관련 법령 또는 내부 인사규정상 채용이 불가능한 경우",서류전형 > 직무과제 > 실무면접 > 처우협의
1799,원무행정 직무 채용,63,180,20260705,20260804,13,경력,정규직,전라남도,전문학사 이상,"본 포지션은 원무행정 업무를 담당하며, 현장의 요구사항을 정확히 파악해 안정적인 결과를 만드는 역할입니다.

의료·바이오 분야의 실무 기준과 절차에 따라 계획 수립부터 실행, 결과 확인까지 전 과정에 참여합니다.

업무 과정에서 발생하는 이슈를 데이터와 기록에 근거해 분석하고, 유관 부서와 협의하여 개선합니다.

입사 후에는 표준 절차와 내부 시스템 교육을 이수하며, 숙련도에 따라 담당 범위가 확대됩니다.

정확성, 안전, 책임 있는 의사소통을 중시하며 실무 중심의 협업 역량을 기대합니다.","- 원무행정 직무 기준에 따른 실무 수행
- 원무행정 관련 결과물 검토 및 개선
- 의료진·연구진·행정부서 협업
- 대상자 안내 및 문의 대응
- 장비·시약·의약품 재고와 상태 확인
- 관련 법규 및 표준운영절차 준수
- 환자·대상자 상태 확인 및 업무계획 수립
- 직무 범위 내 처치·검사·연구 업무 수행","- 의료·연구 윤리와 안전기준을 준수할 수 있는 분
- 직무 관련 면허·자격 또는 전공 요건 충족
- 환자·대상자의 개인정보를 보호할 수 있는 분
- 정확한 기록과 확인 절차를 준수하는 분
- 교대근무 또는 일정 조정이 가능한 분
- 의료·연구 윤리와 안전기준을 준수할 수 있는 분","- 컴퓨터활용능력 1급 보유자
- 병원행정사 보유자
- 외국어 의사소통 가능자
- 종합병원·연구기관·제약바이오 업계 경험
- 관련 전문 자격 또는 교육 이수자","- 지원서 또는 제출서류를 허위로 기재한 경우
- 채용검진 결과 직무 수행이 어렵다고 판단되는 경우
- 해외여행 및 근무에 결격사유가 있는 경우
- 관련 법령 또는 내부 인사규정상 채용이 불가능한 경우",서류전형 > 1차면접 > 2차면접 > 채용검진
1800,원무행정 부문 모집,152,180,20260910,20261017,17,신입·경력,정규직,경상북도,학력무관,"본 포지션은 원무행정 업무를 담당하며, 현장의 요구사항을 정확히 파악해 안정적인 결과를 만드는 역할입니다.

의료·바이오 분야의 실무 기준과 절차에 따라 계획 수립부터 실행, 결과 확인까지 전 과정에 참여합니다.

업무 과정에서 발생하는 이슈를 데이터와 기록에 근거해 분석하고, 유관 부서와 협의하여 개선합니다.

입사 후에는 표준 절차와 내부 시스템 교육을 이수하며, 숙련도에 따라 담당 범위가 확대됩니다.

정확성, 안전, 책임 있는 의사소통을 중시하며 실무 중심의 협업 역량을 기대합니다.","- 원무행정 직무 기준에 따른 실무 수행
- 원무행정 관련 결과물 검토 및 개선
- 관련 법규 및 표준운영절차 준수
- 환자·대상자 상태 확인 및 업무계획 수립
- 직무 범위 내 처치·검사·연구 업무 수행
- 의무·연구 기록 정확성 관리
- 감염관리와 안전수칙 준수
- 의료진·연구진·행정부서 협업","- 정확한 기록과 확인 절차를 준수하는 분
- 교대근무 또는 일정 조정이 가능한 분
- 의료·연구 윤리와 안전기준을 준수할 수 있는 분
- 직무 관련 면허·자격 또는 전공 요건 충족
- 환자·대상자의 개인정보를 보호할 수 있는 분
- 정확한 기록과 확인 절차를 준수하는 분","- 병원행정사 보유자
- 건강보험사 보유자
- EMR·LIS·CTMS 등 시스템 사용 경험
- 임상·연구 데이터 관리 경험
- 외국어 의사소통 가능자","- 지원서 또는 제출서류를 허위로 기재한 경우
- 채용검진 결과 직무 수행이 어렵다고 판단되는 경우
- 해외여행 및 근무에 결격사유가 있는 경우
- 관련 법령 또는 내부 인사규정상 채용이 불가능한 경우",서류전형 > 필기전형 > 면접전형 > 최종합격
1801,기타의료종사자 모집,68,181,20260216,20260227,2,신입,정규직,울산광역시,전문학사 이상,"본 포지션은 기타의료종사자 업무를 담당하며, 현장의 요구사항을 정확히 파악해 안정적인 결과를 만드는 역할입니다.

의료·바이오 분야의 실무 기준과 절차에 따라 계획 수립부터 실행, 결과 확인까지 전 과정에 참여합니다.

업무 과정에서 발생하는 이슈를 데이터와 기록에 근거해 분석하고, 유관 부서와 협의하여 개선합니다.

입사 후에는 표준 절차와 내부 시스템 교육을 이수하며, 숙련도에 따라 담당 범위가 확대됩니다.

정확성, 안전, 책임 있는 의사소통을 중시하며 실무 중심의 협업 역량을 기대합니다.","- 기타의료종사자 직무 기준에 따른 실무 수행
- 기타의료종사자 관련 결과물 검토 및 개선
- 감염관리와 안전수칙 준수
- 의료진·연구진·행정부서 협업
- 대상자 안내 및 문의 대응
- 장비·시약·의약품 재고와 상태 확인
- 관련 법규 및 표준운영절차 준수
- 환자·대상자 상태 확인 및 업무계획 수립","- 정확한 기록과 확인 절차를 준수하는 분
- 교대근무 또는 일정 조정이 가능한 분
- 의료·연구 윤리와 안전기준을 준수할 수 있는 분
- 직무 관련 면허·자격 또는 전공 요건 충족
- 환자·대상자의 개인정보를 보호할 수 있는 분
- 정확한 기록과 확인 절차를 준수하는 분","- 보건교육사 3급 보유자
- 응급구조사 2급 보유자
- EMR·LIS·CTMS 등 시스템 사용 경험
- 임상·연구 데이터 관리 경험
- 외국어 의사소통 가능자","- 지원서 또는 제출서류를 허위로 기재한 경우
- 채용검진 결과 직무 수행이 어렵다고 판단되는 경우
- 해외여행 및 근무에 결격사유가 있는 경우
- 관련 법령 또는 내부 인사규정상 채용이 불가능한 경우",서류전형 > 인성검사 > 실무면접 > 최종면접
1802,기타의료종사자 채용,118,181,20260421,20260509,6,경력,정규직,세종특별자치시,학사 이상,"본 포지션은 기타의료종사자 업무를 담당하며, 현장의 요구사항을 정확히 파악해 안정적인 결과를 만드는 역할입니다.

의료·바이오 분야의 실무 기준과 절차에 따라 계획 수립부터 실행, 결과 확인까지 전 과정에 참여합니다.

업무 과정에서 발생하는 이슈를 데이터와 기록에 근거해 분석하고, 유관 부서와 협의하여 개선합니다.

입사 후에는 표준 절차와 내부 시스템 교육을 이수하며, 숙련도에 따라 담당 범위가 확대됩니다.

정확성, 안전, 책임 있는 의사소통을 중시하며 실무 중심의 협업 역량을 기대합니다.","- 기타의료종사자 직무 기준에 따른 실무 수행
- 기타의료종사자 관련 결과물 검토 및 개선
- 장비·시약·의약품 재고와 상태 확인
- 관련 법규 및 표준운영절차 준수
- 환자·대상자 상태 확인 및 업무계획 수립
- 직무 범위 내 처치·검사·연구 업무 수행
- 의무·연구 기록 정확성 관리
- 감염관리와 안전수칙 준수","- 직무 관련 면허·자격 또는 전공 요건 충족
- 환자·대상자의 개인정보를 보호할 수 있는 분
- 정확한 기록과 확인 절차를 준수하는 분
- 교대근무 또는 일정 조정이 가능한 분
- 의료·연구 윤리와 안전기준을 준수할 수 있는 분
- 직무 관련 면허·자격 또는 전공 요건 충족","- 응급구조사 2급 보유자
- BLS Provider 보유자
- 종합병원·연구기관·제약바이오 업계 경험
- 관련 전문 자격 또는 교육 이수자
- EMR·LIS·CTMS 등 시스템 사용 경험","- 지원서 또는 제출서류를 허위로 기재한 경우
- 채용검진 결과 직무 수행이 어렵다고 판단되는 경우
- 해외여행 및 근무에 결격사유가 있는 경우
- 관련 법령 또는 내부 인사규정상 채용이 불가능한 경우",서류전형 > 직무과제 > 실무면접 > 처우협의
1803,기타의료종사자 담당자 모집,47,181,20260602,20260627,10,신입·경력,계약직,경기도,학사 이상,"본 포지션은 기타의료종사자 업무를 담당하며, 현장의 요구사항을 정확히 파악해 안정적인 결과를 만드는 역할입니다.

의료·바이오 분야의 실무 기준과 절차에 따라 계획 수립부터 실행, 결과 확인까지 전 과정에 참여합니다.

업무 과정에서 발생하는 이슈를 데이터와 기록에 근거해 분석하고, 유관 부서와 협의하여 개선합니다.

입사 후에는 표준 절차와 내부 시스템 교육을 이수하며, 숙련도에 따라 담당 범위가 확대됩니다.

정확성, 안전, 책임 있는 의사소통을 중시하며 실무 중심의 협업 역량을 기대합니다.","- 기타의료종사자 직무 기준에 따른 실무 수행
- 기타의료종사자 관련 결과물 검토 및 개선
- 직무 범위 내 처치·검사·연구 업무 수행
- 의무·연구 기록 정확성 관리
- 감염관리와 안전수칙 준수
- 의료진·연구진·행정부서 협업
- 대상자 안내 및 문의 대응
- 장비·시약·의약품 재고와 상태 확인","- 교대근무 또는 일정 조정이 가능한 분
- 의료·연구 윤리와 안전기준을 준수할 수 있는 분
- 직무 관련 면허·자격 또는 전공 요건 충족
- 환자·대상자의 개인정보를 보호할 수 있는 분
- 정확한 기록과 확인 절차를 준수하는 분
- 교대근무 또는 일정 조정이 가능한 분","- BLS Provider 보유자
- 보건교육사 3급 보유자
- 임상·연구 데이터 관리 경험
- 외국어 의사소통 가능자
- 종합병원·연구기관·제약바이오 업계 경험","- 지원서 또는 제출서류를 허위로 기재한 경우
- 채용검진 결과 직무 수행이 어렵다고 판단되는 경우
- 해외여행 및 근무에 결격사유가 있는 경우
- 관련 법령 또는 내부 인사규정상 채용이 불가능한 경우",서류전형 > 1차면접 > 2차면접 > 채용검진
1804,기타의료종사자 인재 채용,77,181,20260807,20260908,14,경력 2년 이상,무기계약직,강원특별자치도,전문학사 이상,"본 포지션은 기타의료종사자 업무를 담당하며, 현장의 요구사항을 정확히 파악해 안정적인 결과를 만드는 역할입니다.

의료·바이오 분야의 실무 기준과 절차에 따라 계획 수립부터 실행, 결과 확인까지 전 과정에 참여합니다.

업무 과정에서 발생하는 이슈를 데이터와 기록에 근거해 분석하고, 유관 부서와 협의하여 개선합니다.

입사 후에는 표준 절차와 내부 시스템 교육을 이수하며, 숙련도에 따라 담당 범위가 확대됩니다.

정확성, 안전, 책임 있는 의사소통을 중시하며 실무 중심의 협업 역량을 기대합니다.","- 기타의료종사자 직무 기준에 따른 실무 수행
- 기타의료종사자 관련 결과물 검토 및 개선
- 의료진·연구진·행정부서 협업
- 대상자 안내 및 문의 대응
- 장비·시약·의약품 재고와 상태 확인
- 관련 법규 및 표준운영절차 준수
- 환자·대상자 상태 확인 및 업무계획 수립
- 직무 범위 내 처치·검사·연구 업무 수행","- 환자·대상자의 개인정보를 보호할 수 있는 분
- 정확한 기록과 확인 절차를 준수하는 분
- 교대근무 또는 일정 조정이 가능한 분
- 의료·연구 윤리와 안전기준을 준수할 수 있는 분
- 직무 관련 면허·자격 또는 전공 요건 충족
- 환자·대상자의 개인정보를 보호할 수 있는 분","- 보건교육사 3급 보유자
- 응급구조사 2급 보유자
- 관련 전문 자격 또는 교육 이수자
- EMR·LIS·CTMS 등 시스템 사용 경험
- 임상·연구 데이터 관리 경험","- 지원서 또는 제출서류를 허위로 기재한 경우
- 채용검진 결과 직무 수행이 어렵다고 판단되는 경우
- 해외여행 및 근무에 결격사유가 있는 경우
- 관련 법령 또는 내부 인사규정상 채용이 불가능한 경우",서류전형 > 필기전형 > 면접전형 > 최종합격
1805,기타의료종사자 실무자 모집,122,181,20261012,20261120,18,경력 3년 이상,정규직,충청북도,학사 이상,"본 포지션은 기타의료종사자 업무를 담당하며, 현장의 요구사항을 정확히 파악해 안정적인 결과를 만드는 역할입니다.

의료·바이오 분야의 실무 기준과 절차에 따라 계획 수립부터 실행, 결과 확인까지 전 과정에 참여합니다.

업무 과정에서 발생하는 이슈를 데이터와 기록에 근거해 분석하고, 유관 부서와 협의하여 개선합니다.

입사 후에는 표준 절차와 내부 시스템 교육을 이수하며, 숙련도에 따라 담당 범위가 확대됩니다.

정확성, 안전, 책임 있는 의사소통을 중시하며 실무 중심의 협업 역량을 기대합니다.","- 기타의료종사자 직무 기준에 따른 실무 수행
- 기타의료종사자 관련 결과물 검토 및 개선
- 관련 법규 및 표준운영절차 준수
- 환자·대상자 상태 확인 및 업무계획 수립
- 직무 범위 내 처치·검사·연구 업무 수행
- 의무·연구 기록 정확성 관리
- 감염관리와 안전수칙 준수
- 의료진·연구진·행정부서 협업","- 의료·연구 윤리와 안전기준을 준수할 수 있는 분
- 직무 관련 면허·자격 또는 전공 요건 충족
- 환자·대상자의 개인정보를 보호할 수 있는 분
- 정확한 기록과 확인 절차를 준수하는 분
- 교대근무 또는 일정 조정이 가능한 분
- 의료·연구 윤리와 안전기준을 준수할 수 있는 분","- 응급구조사 2급 보유자
- BLS Provider 보유자
- 외국어 의사소통 가능자
- 종합병원·연구기관·제약바이오 업계 경험
- 관련 전문 자격 또는 교육 이수자","- 지원서 또는 제출서류를 허위로 기재한 경우
- 채용검진 결과 직무 수행이 어렵다고 판단되는 경우
- 해외여행 및 근무에 결격사유가 있는 경우
- 관련 법령 또는 내부 인사규정상 채용이 불가능한 경우",서류전형 > 실무면접 > 최종면접
1806,기타의료종사자 전문인력 채용,140,181,20260217,20260227,2,경력 무관,정규직,충청남도,학사 이상,"본 포지션은 기타의료종사자 업무를 담당하며, 현장의 요구사항을 정확히 파악해 안정적인 결과를 만드는 역할입니다.

의료·바이오 분야의 실무 기준과 절차에 따라 계획 수립부터 실행, 결과 확인까지 전 과정에 참여합니다.

업무 과정에서 발생하는 이슈를 데이터와 기록에 근거해 분석하고, 유관 부서와 협의하여 개선합니다.

입사 후에는 표준 절차와 내부 시스템 교육을 이수하며, 숙련도에 따라 담당 범위가 확대됩니다.

정확성, 안전, 책임 있는 의사소통을 중시하며 실무 중심의 협업 역량을 기대합니다.","- 기타의료종사자 직무 기준에 따른 실무 수행
- 기타의료종사자 관련 결과물 검토 및 개선
- 의무·연구 기록 정확성 관리
- 감염관리와 안전수칙 준수
- 의료진·연구진·행정부서 협업
- 대상자 안내 및 문의 대응
- 장비·시약·의약품 재고와 상태 확인
- 관련 법규 및 표준운영절차 준수","- 정확한 기록과 확인 절차를 준수하는 분
- 교대근무 또는 일정 조정이 가능한 분
- 의료·연구 윤리와 안전기준을 준수할 수 있는 분
- 직무 관련 면허·자격 또는 전공 요건 충족
- 환자·대상자의 개인정보를 보호할 수 있는 분
- 정확한 기록과 확인 절차를 준수하는 분","- BLS Provider 보유자
- 보건교육사 3급 보유자
- EMR·LIS·CTMS 등 시스템 사용 경험
- 임상·연구 데이터 관리 경험
- 외국어 의사소통 가능자","- 지원서 또는 제출서류를 허위로 기재한 경우
- 채용검진 결과 직무 수행이 어렵다고 판단되는 경우
- 해외여행 및 근무에 결격사유가 있는 경우
- 관련 법령 또는 내부 인사규정상 채용이 불가능한 경우",서류전형 > 인성검사 > 실무면접 > 최종면접
1807,기타의료종사자 운영인력 모집,37,181,20260422,20260509,6,경력 5년 이상,계약직,전북특별자치도,전문학사 이상,"본 포지션은 기타의료종사자 업무를 담당하며, 현장의 요구사항을 정확히 파악해 안정적인 결과를 만드는 역할입니다.

의료·바이오 분야의 실무 기준과 절차에 따라 계획 수립부터 실행, 결과 확인까지 전 과정에 참여합니다.

업무 과정에서 발생하는 이슈를 데이터와 기록에 근거해 분석하고, 유관 부서와 협의하여 개선합니다.

입사 후에는 표준 절차와 내부 시스템 교육을 이수하며, 숙련도에 따라 담당 범위가 확대됩니다.

정확성, 안전, 책임 있는 의사소통을 중시하며 실무 중심의 협업 역량을 기대합니다.","- 기타의료종사자 직무 기준에 따른 실무 수행
- 기타의료종사자 관련 결과물 검토 및 개선
- 대상자 안내 및 문의 대응
- 장비·시약·의약품 재고와 상태 확인
- 관련 법규 및 표준운영절차 준수
- 환자·대상자 상태 확인 및 업무계획 수립
- 직무 범위 내 처치·검사·연구 업무 수행
- 의무·연구 기록 정확성 관리","- 직무 관련 면허·자격 또는 전공 요건 충족
- 환자·대상자의 개인정보를 보호할 수 있는 분
- 정확한 기록과 확인 절차를 준수하는 분
- 교대근무 또는 일정 조정이 가능한 분
- 의료·연구 윤리와 안전기준을 준수할 수 있는 분
- 직무 관련 면허·자격 또는 전공 요건 충족","- 보건교육사 3급 보유자
- 응급구조사 2급 보유자
- 종합병원·연구기관·제약바이오 업계 경험
- 관련 전문 자격 또는 교육 이수자
- EMR·LIS·CTMS 등 시스템 사용 경험","- 지원서 또는 제출서류를 허위로 기재한 경우
- 채용검진 결과 직무 수행이 어렵다고 판단되는 경우
- 해외여행 및 근무에 결격사유가 있는 경우
- 관련 법령 또는 내부 인사규정상 채용이 불가능한 경우",서류전형 > 직무과제 > 실무면접 > 처우협의
1808,기타의료종사자 프로젝트 인력 채용,131,181,20260603,20260627,10,신입,무기계약직,전라남도,학사 이상,"본 포지션은 기타의료종사자 업무를 담당하며, 현장의 요구사항을 정확히 파악해 안정적인 결과를 만드는 역할입니다.

의료·바이오 분야의 실무 기준과 절차에 따라 계획 수립부터 실행, 결과 확인까지 전 과정에 참여합니다.

업무 과정에서 발생하는 이슈를 데이터와 기록에 근거해 분석하고, 유관 부서와 협의하여 개선합니다.

입사 후에는 표준 절차와 내부 시스템 교육을 이수하며, 숙련도에 따라 담당 범위가 확대됩니다.

정확성, 안전, 책임 있는 의사소통을 중시하며 실무 중심의 협업 역량을 기대합니다.","- 기타의료종사자 직무 기준에 따른 실무 수행
- 기타의료종사자 관련 결과물 검토 및 개선
- 환자·대상자 상태 확인 및 업무계획 수립
- 직무 범위 내 처치·검사·연구 업무 수행
- 의무·연구 기록 정확성 관리
- 감염관리와 안전수칙 준수
- 의료진·연구진·행정부서 협업
- 대상자 안내 및 문의 대응","- 교대근무 또는 일정 조정이 가능한 분
- 의료·연구 윤리와 안전기준을 준수할 수 있는 분
- 직무 관련 면허·자격 또는 전공 요건 충족
- 환자·대상자의 개인정보를 보호할 수 있는 분
- 정확한 기록과 확인 절차를 준수하는 분
- 교대근무 또는 일정 조정이 가능한 분","- 응급구조사 2급 보유자
- BLS Provider 보유자
- 임상·연구 데이터 관리 경험
- 외국어 의사소통 가능자
- 종합병원·연구기관·제약바이오 업계 경험","- 지원서 또는 제출서류를 허위로 기재한 경우
- 채용검진 결과 직무 수행이 어렵다고 판단되는 경우
- 해외여행 및 근무에 결격사유가 있는 경우
- 관련 법령 또는 내부 인사규정상 채용이 불가능한 경우",서류전형 > 1차면접 > 2차면접 > 채용검진
1809,기타의료종사자 직무 채용,141,181,20260808,20260908,14,경력,정규직,경상북도,학사 이상,"본 포지션은 기타의료종사자 업무를 담당하며, 현장의 요구사항을 정확히 파악해 안정적인 결과를 만드는 역할입니다.

의료·바이오 분야의 실무 기준과 절차에 따라 계획 수립부터 실행, 결과 확인까지 전 과정에 참여합니다.

업무 과정에서 발생하는 이슈를 데이터와 기록에 근거해 분석하고, 유관 부서와 협의하여 개선합니다.

입사 후에는 표준 절차와 내부 시스템 교육을 이수하며, 숙련도에 따라 담당 범위가 확대됩니다.

정확성, 안전, 책임 있는 의사소통을 중시하며 실무 중심의 협업 역량을 기대합니다.","- 기타의료종사자 직무 기준에 따른 실무 수행
- 기타의료종사자 관련 결과물 검토 및 개선
- 감염관리와 안전수칙 준수
- 의료진·연구진·행정부서 협업
- 대상자 안내 및 문의 대응
- 장비·시약·의약품 재고와 상태 확인
- 관련 법규 및 표준운영절차 준수
- 환자·대상자 상태 확인 및 업무계획 수립","- 환자·대상자의 개인정보를 보호할 수 있는 분
- 정확한 기록과 확인 절차를 준수하는 분
- 교대근무 또는 일정 조정이 가능한 분
- 의료·연구 윤리와 안전기준을 준수할 수 있는 분
- 직무 관련 면허·자격 또는 전공 요건 충족
- 환자·대상자의 개인정보를 보호할 수 있는 분","- BLS Provider 보유자
- 보건교육사 3급 보유자
- 관련 전문 자격 또는 교육 이수자
- EMR·LIS·CTMS 등 시스템 사용 경험
- 임상·연구 데이터 관리 경험","- 지원서 또는 제출서류를 허위로 기재한 경우
- 채용검진 결과 직무 수행이 어렵다고 판단되는 경우
- 해외여행 및 근무에 결격사유가 있는 경우
- 관련 법령 또는 내부 인사규정상 채용이 불가능한 경우",서류전형 > 필기전형 > 면접전형 > 최종합격
1810,기타의료종사자 부문 모집,154,181,20261013,20261120,18,신입·경력,정규직,경상남도,전문학사 이상,"본 포지션은 기타의료종사자 업무를 담당하며, 현장의 요구사항을 정확히 파악해 안정적인 결과를 만드는 역할입니다.

의료·바이오 분야의 실무 기준과 절차에 따라 계획 수립부터 실행, 결과 확인까지 전 과정에 참여합니다.

업무 과정에서 발생하는 이슈를 데이터와 기록에 근거해 분석하고, 유관 부서와 협의하여 개선합니다.

입사 후에는 표준 절차와 내부 시스템 교육을 이수하며, 숙련도에 따라 담당 범위가 확대됩니다.

정확성, 안전, 책임 있는 의사소통을 중시하며 실무 중심의 협업 역량을 기대합니다.","- 기타의료종사자 직무 기준에 따른 실무 수행
- 기타의료종사자 관련 결과물 검토 및 개선
- 장비·시약·의약품 재고와 상태 확인
- 관련 법규 및 표준운영절차 준수
- 환자·대상자 상태 확인 및 업무계획 수립
- 직무 범위 내 처치·검사·연구 업무 수행
- 의무·연구 기록 정확성 관리
- 감염관리와 안전수칙 준수","- 의료·연구 윤리와 안전기준을 준수할 수 있는 분
- 직무 관련 면허·자격 또는 전공 요건 충족
- 환자·대상자의 개인정보를 보호할 수 있는 분
- 정확한 기록과 확인 절차를 준수하는 분
- 교대근무 또는 일정 조정이 가능한 분
- 의료·연구 윤리와 안전기준을 준수할 수 있는 분","- 보건교육사 3급 보유자
- 응급구조사 2급 보유자
- 외국어 의사소통 가능자
- 종합병원·연구기관·제약바이오 업계 경험
- 관련 전문 자격 또는 교육 이수자","- 지원서 또는 제출서류를 허위로 기재한 경우
- 채용검진 결과 직무 수행이 어렵다고 판단되는 경우
- 해외여행 및 근무에 결격사유가 있는 경우
- 관련 법령 또는 내부 인사규정상 채용이 불가능한 경우",서류전형 > 실무면접 > 최종면접
1811,의료·약무보조 모집,11,182,20260319,20260331,3,신입,정규직,세종특별자치시,전문학사 이상,"본 포지션은 의료·약무보조 업무를 담당하며, 현장의 요구사항을 정확히 파악해 안정적인 결과를 만드는 역할입니다.

의료·바이오 분야의 실무 기준과 절차에 따라 계획 수립부터 실행, 결과 확인까지 전 과정에 참여합니다.

업무 과정에서 발생하는 이슈를 데이터와 기록에 근거해 분석하고, 유관 부서와 협의하여 개선합니다.

입사 후에는 표준 절차와 내부 시스템 교육을 이수하며, 숙련도에 따라 담당 범위가 확대됩니다.

정확성, 안전, 책임 있는 의사소통을 중시하며 실무 중심의 협업 역량을 기대합니다.","- 의료·약무보조 직무 기준에 따른 실무 수행
- 의료·약무보조 관련 결과물 검토 및 개선
- 의무·연구 기록 정확성 관리
- 감염관리와 안전수칙 준수
- 의료진·연구진·행정부서 협업
- 대상자 안내 및 문의 대응
- 장비·시약·의약품 재고와 상태 확인
- 관련 법규 및 표준운영절차 준수","- 의료·연구 윤리와 안전기준을 준수할 수 있는 분
- 직무 관련 면허·자격 또는 전공 요건 충족
- 환자·대상자의 개인정보를 보호할 수 있는 분
- 정확한 기록과 확인 절차를 준수하는 분
- 교대근무 또는 일정 조정이 가능한 분
- 의료·연구 윤리와 안전기준을 준수할 수 있는 분","- 간호조무사 자격 보유자
- 병원코디네이터 자격 보유자
- 외국어 의사소통 가능자
- 종합병원·연구기관·제약바이오 업계 경험
- 관련 전문 자격 또는 교육 이수자","- 지원서 또는 제출서류를 허위로 기재한 경우
- 채용검진 결과 직무 수행이 어렵다고 판단되는 경우
- 해외여행 및 근무에 결격사유가 있는 경우
- 관련 법령 또는 내부 인사규정상 채용이 불가능한 경우",서류전형 > 직무과제 > 실무면접 > 처우협의
1812,의료·약무보조 채용,137,182,20260524,20260612,7,경력,정규직,경기도,학력무관,"본 포지션은 의료·약무보조 업무를 담당하며, 현장의 요구사항을 정확히 파악해 안정적인 결과를 만드는 역할입니다.

의료·바이오 분야의 실무 기준과 절차에 따라 계획 수립부터 실행, 결과 확인까지 전 과정에 참여합니다.

업무 과정에서 발생하는 이슈를 데이터와 기록에 근거해 분석하고, 유관 부서와 협의하여 개선합니다.

입사 후에는 표준 절차와 내부 시스템 교육을 이수하며, 숙련도에 따라 담당 범위가 확대됩니다.

정확성, 안전, 책임 있는 의사소통을 중시하며 실무 중심의 협업 역량을 기대합니다.","- 의료·약무보조 직무 기준에 따른 실무 수행
- 의료·약무보조 관련 결과물 검토 및 개선
- 대상자 안내 및 문의 대응
- 장비·시약·의약품 재고와 상태 확인
- 관련 법규 및 표준운영절차 준수
- 환자·대상자 상태 확인 및 업무계획 수립
- 직무 범위 내 처치·검사·연구 업무 수행
- 의무·연구 기록 정확성 관리","- 정확한 기록과 확인 절차를 준수하는 분
- 교대근무 또는 일정 조정이 가능한 분
- 의료·연구 윤리와 안전기준을 준수할 수 있는 분
- 직무 관련 면허·자격 또는 전공 요건 충족
- 환자·대상자의 개인정보를 보호할 수 있는 분
- 정확한 기록과 확인 절차를 준수하는 분","- 병원코디네이터 자격 보유자
- BLS Provider 보유자
- EMR·LIS·CTMS 등 시스템 사용 경험
- 임상·연구 데이터 관리 경험
- 외국어 의사소통 가능자","- 지원서 또는 제출서류를 허위로 기재한 경우
- 채용검진 결과 직무 수행이 어렵다고 판단되는 경우
- 해외여행 및 근무에 결격사유가 있는 경우
- 관련 법령 또는 내부 인사규정상 채용이 불가능한 경우",서류전형 > 1차면접 > 2차면접 > 채용검진
1813,의료·약무보조 담당자 모집,128,182,20260705,20260731,11,신입·경력,계약직,강원특별자치도,전문학사 이상,"본 포지션은 의료·약무보조 업무를 담당하며, 현장의 요구사항을 정확히 파악해 안정적인 결과를 만드는 역할입니다.

의료·바이오 분야의 실무 기준과 절차에 따라 계획 수립부터 실행, 결과 확인까지 전 과정에 참여합니다.

업무 과정에서 발생하는 이슈를 데이터와 기록에 근거해 분석하고, 유관 부서와 협의하여 개선합니다.

입사 후에는 표준 절차와 내부 시스템 교육을 이수하며, 숙련도에 따라 담당 범위가 확대됩니다.

정확성, 안전, 책임 있는 의사소통을 중시하며 실무 중심의 협업 역량을 기대합니다.","- 의료·약무보조 직무 기준에 따른 실무 수행
- 의료·약무보조 관련 결과물 검토 및 개선
- 환자·대상자 상태 확인 및 업무계획 수립
- 직무 범위 내 처치·검사·연구 업무 수행
- 의무·연구 기록 정확성 관리
- 감염관리와 안전수칙 준수
- 의료진·연구진·행정부서 협업
- 대상자 안내 및 문의 대응","- 직무 관련 면허·자격 또는 전공 요건 충족
- 환자·대상자의 개인정보를 보호할 수 있는 분
- 정확한 기록과 확인 절차를 준수하는 분
- 교대근무 또는 일정 조정이 가능한 분
- 의료·연구 윤리와 안전기준을 준수할 수 있는 분
- 직무 관련 면허·자격 또는 전공 요건 충족","- BLS Provider 보유자
- 간호조무사 자격 보유자
- 종합병원·연구기관·제약바이오 업계 경험
- 관련 전문 자격 또는 교육 이수자
- EMR·LIS·CTMS 등 시스템 사용 경험","- 지원서 또는 제출서류를 허위로 기재한 경우
- 채용검진 결과 직무 수행이 어렵다고 판단되는 경우
- 해외여행 및 근무에 결격사유가 있는 경우
- 관련 법령 또는 내부 인사규정상 채용이 불가능한 경우",서류전형 > 필기전형 > 면접전형 > 최종합격
1814,의료·약무보조 인재 채용,6,182,20260910,20261013,15,경력 2년 이상,무기계약직,충청북도,학력무관,"본 포지션은 의료·약무보조 업무를 담당하며, 현장의 요구사항을 정확히 파악해 안정적인 결과를 만드는 역할입니다.

의료·바이오 분야의 실무 기준과 절차에 따라 계획 수립부터 실행, 결과 확인까지 전 과정에 참여합니다.

업무 과정에서 발생하는 이슈를 데이터와 기록에 근거해 분석하고, 유관 부서와 협의하여 개선합니다.

입사 후에는 표준 절차와 내부 시스템 교육을 이수하며, 숙련도에 따라 담당 범위가 확대됩니다.

정확성, 안전, 책임 있는 의사소통을 중시하며 실무 중심의 협업 역량을 기대합니다.","- 의료·약무보조 직무 기준에 따른 실무 수행
- 의료·약무보조 관련 결과물 검토 및 개선
- 감염관리와 안전수칙 준수
- 의료진·연구진·행정부서 협업
- 대상자 안내 및 문의 대응
- 장비·시약·의약품 재고와 상태 확인
- 관련 법규 및 표준운영절차 준수
- 환자·대상자 상태 확인 및 업무계획 수립","- 교대근무 또는 일정 조정이 가능한 분
- 의료·연구 윤리와 안전기준을 준수할 수 있는 분
- 직무 관련 면허·자격 또는 전공 요건 충족
- 환자·대상자의 개인정보를 보호할 수 있는 분
- 정확한 기록과 확인 절차를 준수하는 분
- 교대근무 또는 일정 조정이 가능한 분","- 간호조무사 자격 보유자
- 병원코디네이터 자격 보유자
- 임상·연구 데이터 관리 경험
- 외국어 의사소통 가능자
- 종합병원·연구기관·제약바이오 업계 경험","- 지원서 또는 제출서류를 허위로 기재한 경우
- 채용검진 결과 직무 수행이 어렵다고 판단되는 경우
- 해외여행 및 근무에 결격사유가 있는 경우
- 관련 법령 또는 내부 인사규정상 채용이 불가능한 경우",서류전형 > 실무면접 > 최종면접
1815,의료·약무보조 실무자 모집,19,182,20260115,20260224,19,경력 3년 이상,정규직,충청남도,전문학사 이상,"본 포지션은 의료·약무보조 업무를 담당하며, 현장의 요구사항을 정확히 파악해 안정적인 결과를 만드는 역할입니다.

의료·바이오 분야의 실무 기준과 절차에 따라 계획 수립부터 실행, 결과 확인까지 전 과정에 참여합니다.

업무 과정에서 발생하는 이슈를 데이터와 기록에 근거해 분석하고, 유관 부서와 협의하여 개선합니다.

입사 후에는 표준 절차와 내부 시스템 교육을 이수하며, 숙련도에 따라 담당 범위가 확대됩니다.

정확성, 안전, 책임 있는 의사소통을 중시하며 실무 중심의 협업 역량을 기대합니다.","- 의료·약무보조 직무 기준에 따른 실무 수행
- 의료·약무보조 관련 결과물 검토 및 개선
- 장비·시약·의약품 재고와 상태 확인
- 관련 법규 및 표준운영절차 준수
- 환자·대상자 상태 확인 및 업무계획 수립
- 직무 범위 내 처치·검사·연구 업무 수행
- 의무·연구 기록 정확성 관리
- 감염관리와 안전수칙 준수","- 환자·대상자의 개인정보를 보호할 수 있는 분
- 정확한 기록과 확인 절차를 준수하는 분
- 교대근무 또는 일정 조정이 가능한 분
- 의료·연구 윤리와 안전기준을 준수할 수 있는 분
- 직무 관련 면허·자격 또는 전공 요건 충족
- 환자·대상자의 개인정보를 보호할 수 있는 분","- 병원코디네이터 자격 보유자
- BLS Provider 보유자
- 관련 전문 자격 또는 교육 이수자
- EMR·LIS·CTMS 등 시스템 사용 경험
- 임상·연구 데이터 관리 경험","- 지원서 또는 제출서류를 허위로 기재한 경우
- 채용검진 결과 직무 수행이 어렵다고 판단되는 경우
- 해외여행 및 근무에 결격사유가 있는 경우
- 관련 법령 또는 내부 인사규정상 채용이 불가능한 경우",서류전형 > 인성검사 > 실무면접 > 최종면접
1816,의료·약무보조 전문인력 채용,63,182,20260320,20260331,3,경력 무관,정규직,전북특별자치도,학력무관,"본 포지션은 의료·약무보조 업무를 담당하며, 현장의 요구사항을 정확히 파악해 안정적인 결과를 만드는 역할입니다.

의료·바이오 분야의 실무 기준과 절차에 따라 계획 수립부터 실행, 결과 확인까지 전 과정에 참여합니다.

업무 과정에서 발생하는 이슈를 데이터와 기록에 근거해 분석하고, 유관 부서와 협의하여 개선합니다.

입사 후에는 표준 절차와 내부 시스템 교육을 이수하며, 숙련도에 따라 담당 범위가 확대됩니다.

정확성, 안전, 책임 있는 의사소통을 중시하며 실무 중심의 협업 역량을 기대합니다.","- 의료·약무보조 직무 기준에 따른 실무 수행
- 의료·약무보조 관련 결과물 검토 및 개선
- 직무 범위 내 처치·검사·연구 업무 수행
- 의무·연구 기록 정확성 관리
- 감염관리와 안전수칙 준수
- 의료진·연구진·행정부서 협업
- 대상자 안내 및 문의 대응
- 장비·시약·의약품 재고와 상태 확인","- 의료·연구 윤리와 안전기준을 준수할 수 있는 분
- 직무 관련 면허·자격 또는 전공 요건 충족
- 환자·대상자의 개인정보를 보호할 수 있는 분
- 정확한 기록과 확인 절차를 준수하는 분
- 교대근무 또는 일정 조정이 가능한 분
- 의료·연구 윤리와 안전기준을 준수할 수 있는 분","- BLS Provider 보유자
- 간호조무사 자격 보유자
- 외국어 의사소통 가능자
- 종합병원·연구기관·제약바이오 업계 경험
- 관련 전문 자격 또는 교육 이수자","- 지원서 또는 제출서류를 허위로 기재한 경우
- 채용검진 결과 직무 수행이 어렵다고 판단되는 경우
- 해외여행 및 근무에 결격사유가 있는 경우
- 관련 법령 또는 내부 인사규정상 채용이 불가능한 경우",서류전형 > 직무과제 > 실무면접 > 처우협의
1817,의료·약무보조 운영인력 모집,92,182,20260501,20260519,7,경력 5년 이상,계약직,전라남도,전문학사 이상,"본 포지션은 의료·약무보조 업무를 담당하며, 현장의 요구사항을 정확히 파악해 안정적인 결과를 만드는 역할입니다.

의료·바이오 분야의 실무 기준과 절차에 따라 계획 수립부터 실행, 결과 확인까지 전 과정에 참여합니다.

업무 과정에서 발생하는 이슈를 데이터와 기록에 근거해 분석하고, 유관 부서와 협의하여 개선합니다.

입사 후에는 표준 절차와 내부 시스템 교육을 이수하며, 숙련도에 따라 담당 범위가 확대됩니다.

정확성, 안전, 책임 있는 의사소통을 중시하며 실무 중심의 협업 역량을 기대합니다.","- 의료·약무보조 직무 기준에 따른 실무 수행
- 의료·약무보조 관련 결과물 검토 및 개선
- 의료진·연구진·행정부서 협업
- 대상자 안내 및 문의 대응
- 장비·시약·의약품 재고와 상태 확인
- 관련 법규 및 표준운영절차 준수
- 환자·대상자 상태 확인 및 업무계획 수립
- 직무 범위 내 처치·검사·연구 업무 수행","- 정확한 기록과 확인 절차를 준수하는 분
- 교대근무 또는 일정 조정이 가능한 분
- 의료·연구 윤리와 안전기준을 준수할 수 있는 분
- 직무 관련 면허·자격 또는 전공 요건 충족
- 환자·대상자의 개인정보를 보호할 수 있는 분
- 정확한 기록과 확인 절차를 준수하는 분","- 간호조무사 자격 보유자
- 병원코디네이터 자격 보유자
- EMR·LIS·CTMS 등 시스템 사용 경험
- 임상·연구 데이터 관리 경험
- 외국어 의사소통 가능자","- 지원서 또는 제출서류를 허위로 기재한 경우
- 채용검진 결과 직무 수행이 어렵다고 판단되는 경우
- 해외여행 및 근무에 결격사유가 있는 경우
- 관련 법령 또는 내부 인사규정상 채용이 불가능한 경우",서류전형 > 1차면접 > 2차면접 > 채용검진
1818,의료·약무보조 프로젝트 인력 채용,0,182,20260706,20260731,11,신입,무기계약직,경상북도,학력무관,"본 포지션은 의료·약무보조 업무를 담당하며, 현장의 요구사항을 정확히 파악해 안정적인 결과를 만드는 역할입니다.

의료·바이오 분야의 실무 기준과 절차에 따라 계획 수립부터 실행, 결과 확인까지 전 과정에 참여합니다.

업무 과정에서 발생하는 이슈를 데이터와 기록에 근거해 분석하고, 유관 부서와 협의하여 개선합니다.

입사 후에는 표준 절차와 내부 시스템 교육을 이수하며, 숙련도에 따라 담당 범위가 확대됩니다.

정확성, 안전, 책임 있는 의사소통을 중시하며 실무 중심의 협업 역량을 기대합니다.","- 의료·약무보조 직무 기준에 따른 실무 수행
- 의료·약무보조 관련 결과물 검토 및 개선
- 관련 법규 및 표준운영절차 준수
- 환자·대상자 상태 확인 및 업무계획 수립
- 직무 범위 내 처치·검사·연구 업무 수행
- 의무·연구 기록 정확성 관리
- 감염관리와 안전수칙 준수
- 의료진·연구진·행정부서 협업","- 직무 관련 면허·자격 또는 전공 요건 충족
- 환자·대상자의 개인정보를 보호할 수 있는 분
- 정확한 기록과 확인 절차를 준수하는 분
- 교대근무 또는 일정 조정이 가능한 분
- 의료·연구 윤리와 안전기준을 준수할 수 있는 분
- 직무 관련 면허·자격 또는 전공 요건 충족","- 병원코디네이터 자격 보유자
- BLS Provider 보유자
- 종합병원·연구기관·제약바이오 업계 경험
- 관련 전문 자격 또는 교육 이수자
- EMR·LIS·CTMS 등 시스템 사용 경험","- 지원서 또는 제출서류를 허위로 기재한 경우
- 채용검진 결과 직무 수행이 어렵다고 판단되는 경우
- 해외여행 및 근무에 결격사유가 있는 경우
- 관련 법령 또는 내부 인사규정상 채용이 불가능한 경우",서류전형 > 필기전형 > 면접전형 > 최종합격
1819,의료·약무보조 직무 채용,57,182,20260911,20261013,15,경력,정규직,경상남도,전문학사 이상,"본 포지션은 의료·약무보조 업무를 담당하며, 현장의 요구사항을 정확히 파악해 안정적인 결과를 만드는 역할입니다.

의료·바이오 분야의 실무 기준과 절차에 따라 계획 수립부터 실행, 결과 확인까지 전 과정에 참여합니다.

업무 과정에서 발생하는 이슈를 데이터와 기록에 근거해 분석하고, 유관 부서와 협의하여 개선합니다.

입사 후에는 표준 절차와 내부 시스템 교육을 이수하며, 숙련도에 따라 담당 범위가 확대됩니다.

정확성, 안전, 책임 있는 의사소통을 중시하며 실무 중심의 협업 역량을 기대합니다.","- 의료·약무보조 직무 기준에 따른 실무 수행
- 의료·약무보조 관련 결과물 검토 및 개선
- 의무·연구 기록 정확성 관리
- 감염관리와 안전수칙 준수
- 의료진·연구진·행정부서 협업
- 대상자 안내 및 문의 대응
- 장비·시약·의약품 재고와 상태 확인
- 관련 법규 및 표준운영절차 준수","- 교대근무 또는 일정 조정이 가능한 분
- 의료·연구 윤리와 안전기준을 준수할 수 있는 분
- 직무 관련 면허·자격 또는 전공 요건 충족
- 환자·대상자의 개인정보를 보호할 수 있는 분
- 정확한 기록과 확인 절차를 준수하는 분
- 교대근무 또는 일정 조정이 가능한 분","- BLS Provider 보유자
- 간호조무사 자격 보유자
- 임상·연구 데이터 관리 경험
- 외국어 의사소통 가능자
- 종합병원·연구기관·제약바이오 업계 경험","- 지원서 또는 제출서류를 허위로 기재한 경우
- 채용검진 결과 직무 수행이 어렵다고 판단되는 경우
- 해외여행 및 근무에 결격사유가 있는 경우
- 관련 법령 또는 내부 인사규정상 채용이 불가능한 경우",서류전형 > 실무면접 > 최종면접
1820,의료·약무보조 부문 모집,136,182,20260116,20260224,19,신입·경력,정규직,제주특별자치도,학력무관,"본 포지션은 의료·약무보조 업무를 담당하며, 현장의 요구사항을 정확히 파악해 안정적인 결과를 만드는 역할입니다.

의료·바이오 분야의 실무 기준과 절차에 따라 계획 수립부터 실행, 결과 확인까지 전 과정에 참여합니다.

업무 과정에서 발생하는 이슈를 데이터와 기록에 근거해 분석하고, 유관 부서와 협의하여 개선합니다.

입사 후에는 표준 절차와 내부 시스템 교육을 이수하며, 숙련도에 따라 담당 범위가 확대됩니다.

정확성, 안전, 책임 있는 의사소통을 중시하며 실무 중심의 협업 역량을 기대합니다.","- 의료·약무보조 직무 기준에 따른 실무 수행
- 의료·약무보조 관련 결과물 검토 및 개선
- 대상자 안내 및 문의 대응
- 장비·시약·의약품 재고와 상태 확인
- 관련 법규 및 표준운영절차 준수
- 환자·대상자 상태 확인 및 업무계획 수립
- 직무 범위 내 처치·검사·연구 업무 수행
- 의무·연구 기록 정확성 관리","- 환자·대상자의 개인정보를 보호할 수 있는 분
- 정확한 기록과 확인 절차를 준수하는 분
- 교대근무 또는 일정 조정이 가능한 분
- 의료·연구 윤리와 안전기준을 준수할 수 있는 분
- 직무 관련 면허·자격 또는 전공 요건 충족
- 환자·대상자의 개인정보를 보호할 수 있는 분","- 간호조무사 자격 보유자
- 병원코디네이터 자격 보유자
- 관련 전문 자격 또는 교육 이수자
- EMR·LIS·CTMS 등 시스템 사용 경험
- 임상·연구 데이터 관리 경험","- 지원서 또는 제출서류를 허위로 기재한 경우
- 채용검진 결과 직무 수행이 어렵다고 판단되는 경우
- 해외여행 및 근무에 결격사유가 있는 경우
- 관련 법령 또는 내부 인사규정상 채용이 불가능한 경우",서류전형 > 인성검사 > 실무면접 > 최종면접
1821,바이오·제약연구원 모집,54,183,20260422,20260505,4,신입,정규직,경기도,석사 이상,"본 포지션은 바이오·제약연구원 업무를 담당하며, 현장의 요구사항을 정확히 파악해 안정적인 결과를 만드는 역할입니다.

의료·바이오 분야의 실무 기준과 절차에 따라 계획 수립부터 실행, 결과 확인까지 전 과정에 참여합니다.

업무 과정에서 발생하는 이슈를 데이터와 기록에 근거해 분석하고, 유관 부서와 협의하여 개선합니다.

입사 후에는 표준 절차와 내부 시스템 교육을 이수하며, 숙련도에 따라 담당 범위가 확대됩니다.

정확성, 안전, 책임 있는 의사소통을 중시하며 실무 중심의 협업 역량을 기대합니다.","- 세포·단백질 기반 실험 수행
- 시험법 개발과 데이터 해석
- 직무 범위 내 처치·검사·연구 업무 수행
- 의무·연구 기록 정확성 관리
- 감염관리와 안전수칙 준수
- 의료진·연구진·행정부서 협업
- 대상자 안내 및 문의 대응
- 장비·시약·의약품 재고와 상태 확인","- 환자·대상자의 개인정보를 보호할 수 있는 분
- 정확한 기록과 확인 절차를 준수하는 분
- 교대근무 또는 일정 조정이 가능한 분
- 의료·연구 윤리와 안전기준을 준수할 수 있는 분
- 직무 관련 면허·자격 또는 전공 요건 충족
- 환자·대상자의 개인정보를 보호할 수 있는 분","- 바이오화학제품제조기사 보유자
- 화학분석기사 보유자
- 관련 전문 자격 또는 교육 이수자
- EMR·LIS·CTMS 등 시스템 사용 경험
- 임상·연구 데이터 관리 경험","- 지원서 또는 제출서류를 허위로 기재한 경우
- 채용검진 결과 직무 수행이 어렵다고 판단되는 경우
- 해외여행 및 근무에 결격사유가 있는 경우
- 관련 법령 또는 내부 인사규정상 채용이 불가능한 경우",서류전형 > 1차면접 > 2차면접 > 채용검진
1822,바이오·제약연구원 채용,106,183,20260603,20260623,8,경력,정규직,강원특별자치도,학사 이상,"본 포지션은 바이오·제약연구원 업무를 담당하며, 현장의 요구사항을 정확히 파악해 안정적인 결과를 만드는 역할입니다.

의료·바이오 분야의 실무 기준과 절차에 따라 계획 수립부터 실행, 결과 확인까지 전 과정에 참여합니다.

업무 과정에서 발생하는 이슈를 데이터와 기록에 근거해 분석하고, 유관 부서와 협의하여 개선합니다.

입사 후에는 표준 절차와 내부 시스템 교육을 이수하며, 숙련도에 따라 담당 범위가 확대됩니다.

정확성, 안전, 책임 있는 의사소통을 중시하며 실무 중심의 협업 역량을 기대합니다.","- 세포·단백질 기반 실험 수행
- 시험법 개발과 데이터 해석
- 의료진·연구진·행정부서 협업
- 대상자 안내 및 문의 대응
- 장비·시약·의약품 재고와 상태 확인
- 관련 법규 및 표준운영절차 준수
- 환자·대상자 상태 확인 및 업무계획 수립
- 직무 범위 내 처치·검사·연구 업무 수행","- 의료·연구 윤리와 안전기준을 준수할 수 있는 분
- 직무 관련 면허·자격 또는 전공 요건 충족
- 환자·대상자의 개인정보를 보호할 수 있는 분
- 정확한 기록과 확인 절차를 준수하는 분
- 교대근무 또는 일정 조정이 가능한 분
- 의료·연구 윤리와 안전기준을 준수할 수 있는 분","- 화학분석기사 보유자
- GMP 기술인 보유자
- 외국어 의사소통 가능자
- 종합병원·연구기관·제약바이오 업계 경험
- 관련 전문 자격 또는 교육 이수자","- 지원서 또는 제출서류를 허위로 기재한 경우
- 채용검진 결과 직무 수행이 어렵다고 판단되는 경우
- 해외여행 및 근무에 결격사유가 있는 경우
- 관련 법령 또는 내부 인사규정상 채용이 불가능한 경우",서류전형 > 필기전형 > 면접전형 > 최종합격
1823,바이오·제약연구원 담당자 모집,34,183,20260808,20260904,12,신입·경력,계약직,충청북도,학사 이상,"본 포지션은 바이오·제약연구원 업무를 담당하며, 현장의 요구사항을 정확히 파악해 안정적인 결과를 만드는 역할입니다.

의료·바이오 분야의 실무 기준과 절차에 따라 계획 수립부터 실행, 결과 확인까지 전 과정에 참여합니다.

업무 과정에서 발생하는 이슈를 데이터와 기록에 근거해 분석하고, 유관 부서와 협의하여 개선합니다.

입사 후에는 표준 절차와 내부 시스템 교육을 이수하며, 숙련도에 따라 담당 범위가 확대됩니다.

정확성, 안전, 책임 있는 의사소통을 중시하며 실무 중심의 협업 역량을 기대합니다.","- 세포·단백질 기반 실험 수행
- 시험법 개발과 데이터 해석
- 관련 법규 및 표준운영절차 준수
- 환자·대상자 상태 확인 및 업무계획 수립
- 직무 범위 내 처치·검사·연구 업무 수행
- 의무·연구 기록 정확성 관리
- 감염관리와 안전수칙 준수
- 의료진·연구진·행정부서 협업","- 정확한 기록과 확인 절차를 준수하는 분
- 교대근무 또는 일정 조정이 가능한 분
- 의료·연구 윤리와 안전기준을 준수할 수 있는 분
- 직무 관련 면허·자격 또는 전공 요건 충족
- 환자·대상자의 개인정보를 보호할 수 있는 분
- 정확한 기록과 확인 절차를 준수하는 분","- GMP 기술인 보유자
- 바이오화학제품제조기사 보유자
- EMR·LIS·CTMS 등 시스템 사용 경험
- 임상·연구 데이터 관리 경험
- 외국어 의사소통 가능자","- 지원서 또는 제출서류를 허위로 기재한 경우
- 채용검진 결과 직무 수행이 어렵다고 판단되는 경우
- 해외여행 및 근무에 결격사유가 있는 경우
- 관련 법령 또는 내부 인사규정상 채용이 불가능한 경우",서류전형 > 실무면접 > 최종면접
1824,바이오·제약연구원 인재 채용,78,183,20261013,20261116,16,경력 2년 이상,무기계약직,충청남도,석사 이상,"본 포지션은 바이오·제약연구원 업무를 담당하며, 현장의 요구사항을 정확히 파악해 안정적인 결과를 만드는 역할입니다.

의료·바이오 분야의 실무 기준과 절차에 따라 계획 수립부터 실행, 결과 확인까지 전 과정에 참여합니다.

업무 과정에서 발생하는 이슈를 데이터와 기록에 근거해 분석하고, 유관 부서와 협의하여 개선합니다.

입사 후에는 표준 절차와 내부 시스템 교육을 이수하며, 숙련도에 따라 담당 범위가 확대됩니다.

정확성, 안전, 책임 있는 의사소통을 중시하며 실무 중심의 협업 역량을 기대합니다.","- 세포·단백질 기반 실험 수행
- 시험법 개발과 데이터 해석
- 의무·연구 기록 정확성 관리
- 감염관리와 안전수칙 준수
- 의료진·연구진·행정부서 협업
- 대상자 안내 및 문의 대응
- 장비·시약·의약품 재고와 상태 확인
- 관련 법규 및 표준운영절차 준수","- 직무 관련 면허·자격 또는 전공 요건 충족
- 환자·대상자의 개인정보를 보호할 수 있는 분
- 정확한 기록과 확인 절차를 준수하는 분
- 교대근무 또는 일정 조정이 가능한 분
- 의료·연구 윤리와 안전기준을 준수할 수 있는 분
- 직무 관련 면허·자격 또는 전공 요건 충족","- 바이오화학제품제조기사 보유자
- 화학분석기사 보유자
- 종합병원·연구기관·제약바이오 업계 경험
- 관련 전문 자격 또는 교육 이수자
- EMR·LIS·CTMS 등 시스템 사용 경험","- 지원서 또는 제출서류를 허위로 기재한 경우
- 채용검진 결과 직무 수행이 어렵다고 판단되는 경우
- 해외여행 및 근무에 결격사유가 있는 경우
- 관련 법령 또는 내부 인사규정상 채용이 불가능한 경우",서류전형 > 인성검사 > 실무면접 > 최종면접
1825,바이오·제약연구원 실무자 모집,14,183,20260218,20260331,20,경력 3년 이상,정규직,전북특별자치도,학사 이상,"본 포지션은 바이오·제약연구원 업무를 담당하며, 현장의 요구사항을 정확히 파악해 안정적인 결과를 만드는 역할입니다.

의료·바이오 분야의 실무 기준과 절차에 따라 계획 수립부터 실행, 결과 확인까지 전 과정에 참여합니다.

업무 과정에서 발생하는 이슈를 데이터와 기록에 근거해 분석하고, 유관 부서와 협의하여 개선합니다.

입사 후에는 표준 절차와 내부 시스템 교육을 이수하며, 숙련도에 따라 담당 범위가 확대됩니다.

정확성, 안전, 책임 있는 의사소통을 중시하며 실무 중심의 협업 역량을 기대합니다.","- 세포·단백질 기반 실험 수행
- 시험법 개발과 데이터 해석
- 대상자 안내 및 문의 대응
- 장비·시약·의약품 재고와 상태 확인
- 관련 법규 및 표준운영절차 준수
- 환자·대상자 상태 확인 및 업무계획 수립
- 직무 범위 내 처치·검사·연구 업무 수행
- 의무·연구 기록 정확성 관리","- 교대근무 또는 일정 조정이 가능한 분
- 의료·연구 윤리와 안전기준을 준수할 수 있는 분
- 직무 관련 면허·자격 또는 전공 요건 충족
- 환자·대상자의 개인정보를 보호할 수 있는 분
- 정확한 기록과 확인 절차를 준수하는 분
- 교대근무 또는 일정 조정이 가능한 분","- 화학분석기사 보유자
- GMP 기술인 보유자
- 임상·연구 데이터 관리 경험
- 외국어 의사소통 가능자
- 종합병원·연구기관·제약바이오 업계 경험","- 지원서 또는 제출서류를 허위로 기재한 경우
- 채용검진 결과 직무 수행이 어렵다고 판단되는 경우
- 해외여행 및 근무에 결격사유가 있는 경우
- 관련 법령 또는 내부 인사규정상 채용이 불가능한 경우",서류전형 > 직무과제 > 실무면접 > 처우협의
1826,바이오·제약연구원 전문인력 채용,75,183,20260423,20260505,4,경력 무관,정규직,전라남도,학사 이상,"본 포지션은 바이오·제약연구원 업무를 담당하며, 현장의 요구사항을 정확히 파악해 안정적인 결과를 만드는 역할입니다.

의료·바이오 분야의 실무 기준과 절차에 따라 계획 수립부터 실행, 결과 확인까지 전 과정에 참여합니다.

업무 과정에서 발생하는 이슈를 데이터와 기록에 근거해 분석하고, 유관 부서와 협의하여 개선합니다.

입사 후에는 표준 절차와 내부 시스템 교육을 이수하며, 숙련도에 따라 담당 범위가 확대됩니다.

정확성, 안전, 책임 있는 의사소통을 중시하며 실무 중심의 협업 역량을 기대합니다.","- 세포·단백질 기반 실험 수행
- 시험법 개발과 데이터 해석
- 환자·대상자 상태 확인 및 업무계획 수립
- 직무 범위 내 처치·검사·연구 업무 수행
- 의무·연구 기록 정확성 관리
- 감염관리와 안전수칙 준수
- 의료진·연구진·행정부서 협업
- 대상자 안내 및 문의 대응","- 환자·대상자의 개인정보를 보호할 수 있는 분
- 정확한 기록과 확인 절차를 준수하는 분
- 교대근무 또는 일정 조정이 가능한 분
- 의료·연구 윤리와 안전기준을 준수할 수 있는 분
- 직무 관련 면허·자격 또는 전공 요건 충족
- 환자·대상자의 개인정보를 보호할 수 있는 분","- GMP 기술인 보유자
- 바이오화학제품제조기사 보유자
- 관련 전문 자격 또는 교육 이수자
- EMR·LIS·CTMS 등 시스템 사용 경험
- 임상·연구 데이터 관리 경험","- 지원서 또는 제출서류를 허위로 기재한 경우
- 채용검진 결과 직무 수행이 어렵다고 판단되는 경우
- 해외여행 및 근무에 결격사유가 있는 경우
- 관련 법령 또는 내부 인사규정상 채용이 불가능한 경우",서류전형 > 1차면접 > 2차면접 > 채용검진
1827,바이오·제약연구원 운영인력 모집,156,183,20260604,20260623,8,경력 5년 이상,계약직,경상북도,석사 이상,"본 포지션은 바이오·제약연구원 업무를 담당하며, 현장의 요구사항을 정확히 파악해 안정적인 결과를 만드는 역할입니다.

의료·바이오 분야의 실무 기준과 절차에 따라 계획 수립부터 실행, 결과 확인까지 전 과정에 참여합니다.

업무 과정에서 발생하는 이슈를 데이터와 기록에 근거해 분석하고, 유관 부서와 협의하여 개선합니다.

입사 후에는 표준 절차와 내부 시스템 교육을 이수하며, 숙련도에 따라 담당 범위가 확대됩니다.

정확성, 안전, 책임 있는 의사소통을 중시하며 실무 중심의 협업 역량을 기대합니다.","- 세포·단백질 기반 실험 수행
- 시험법 개발과 데이터 해석
- 감염관리와 안전수칙 준수
- 의료진·연구진·행정부서 협업
- 대상자 안내 및 문의 대응
- 장비·시약·의약품 재고와 상태 확인
- 관련 법규 및 표준운영절차 준수
- 환자·대상자 상태 확인 및 업무계획 수립","- 의료·연구 윤리와 안전기준을 준수할 수 있는 분
- 직무 관련 면허·자격 또는 전공 요건 충족
- 환자·대상자의 개인정보를 보호할 수 있는 분
- 정확한 기록과 확인 절차를 준수하는 분
- 교대근무 또는 일정 조정이 가능한 분
- 의료·연구 윤리와 안전기준을 준수할 수 있는 분","- 바이오화학제품제조기사 보유자
- 화학분석기사 보유자
- 외국어 의사소통 가능자
- 종합병원·연구기관·제약바이오 업계 경험
- 관련 전문 자격 또는 교육 이수자","- 지원서 또는 제출서류를 허위로 기재한 경우
- 채용검진 결과 직무 수행이 어렵다고 판단되는 경우
- 해외여행 및 근무에 결격사유가 있는 경우
- 관련 법령 또는 내부 인사규정상 채용이 불가능한 경우",서류전형 > 필기전형 > 면접전형 > 최종합격
1828,바이오·제약연구원 프로젝트 인력 채용,10,183,20260809,20260904,12,신입,무기계약직,경상남도,학사 이상,"본 포지션은 바이오·제약연구원 업무를 담당하며, 현장의 요구사항을 정확히 파악해 안정적인 결과를 만드는 역할입니다.

의료·바이오 분야의 실무 기준과 절차에 따라 계획 수립부터 실행, 결과 확인까지 전 과정에 참여합니다.

업무 과정에서 발생하는 이슈를 데이터와 기록에 근거해 분석하고, 유관 부서와 협의하여 개선합니다.

입사 후에는 표준 절차와 내부 시스템 교육을 이수하며, 숙련도에 따라 담당 범위가 확대됩니다.

정확성, 안전, 책임 있는 의사소통을 중시하며 실무 중심의 협업 역량을 기대합니다.","- 세포·단백질 기반 실험 수행
- 시험법 개발과 데이터 해석
- 장비·시약·의약품 재고와 상태 확인
- 관련 법규 및 표준운영절차 준수
- 환자·대상자 상태 확인 및 업무계획 수립
- 직무 범위 내 처치·검사·연구 업무 수행
- 의무·연구 기록 정확성 관리
- 감염관리와 안전수칙 준수","- 정확한 기록과 확인 절차를 준수하는 분
- 교대근무 또는 일정 조정이 가능한 분
- 의료·연구 윤리와 안전기준을 준수할 수 있는 분
- 직무 관련 면허·자격 또는 전공 요건 충족
- 환자·대상자의 개인정보를 보호할 수 있는 분
- 정확한 기록과 확인 절차를 준수하는 분","- 화학분석기사 보유자
- GMP 기술인 보유자
- EMR·LIS·CTMS 등 시스템 사용 경험
- 임상·연구 데이터 관리 경험
- 외국어 의사소통 가능자","- 지원서 또는 제출서류를 허위로 기재한 경우
- 채용검진 결과 직무 수행이 어렵다고 판단되는 경우
- 해외여행 및 근무에 결격사유가 있는 경우
- 관련 법령 또는 내부 인사규정상 채용이 불가능한 경우",서류전형 > 실무면접 > 최종면접
1829,바이오·제약연구원 직무 채용,21,183,20261014,20261116,16,경력,정규직,제주특별자치도,학사 이상,"본 포지션은 바이오·제약연구원 업무를 담당하며, 현장의 요구사항을 정확히 파악해 안정적인 결과를 만드는 역할입니다.

의료·바이오 분야의 실무 기준과 절차에 따라 계획 수립부터 실행, 결과 확인까지 전 과정에 참여합니다.

업무 과정에서 발생하는 이슈를 데이터와 기록에 근거해 분석하고, 유관 부서와 협의하여 개선합니다.

입사 후에는 표준 절차와 내부 시스템 교육을 이수하며, 숙련도에 따라 담당 범위가 확대됩니다.

정확성, 안전, 책임 있는 의사소통을 중시하며 실무 중심의 협업 역량을 기대합니다.","- 세포·단백질 기반 실험 수행
- 시험법 개발과 데이터 해석
- 직무 범위 내 처치·검사·연구 업무 수행
- 의무·연구 기록 정확성 관리
- 감염관리와 안전수칙 준수
- 의료진·연구진·행정부서 협업
- 대상자 안내 및 문의 대응
- 장비·시약·의약품 재고와 상태 확인","- 직무 관련 면허·자격 또는 전공 요건 충족
- 환자·대상자의 개인정보를 보호할 수 있는 분
- 정확한 기록과 확인 절차를 준수하는 분
- 교대근무 또는 일정 조정이 가능한 분
- 의료·연구 윤리와 안전기준을 준수할 수 있는 분
- 직무 관련 면허·자격 또는 전공 요건 충족","- GMP 기술인 보유자
- 바이오화학제품제조기사 보유자
- 종합병원·연구기관·제약바이오 업계 경험
- 관련 전문 자격 또는 교육 이수자
- EMR·LIS·CTMS 등 시스템 사용 경험","- 지원서 또는 제출서류를 허위로 기재한 경우
- 채용검진 결과 직무 수행이 어렵다고 판단되는 경우
- 해외여행 및 근무에 결격사유가 있는 경우
- 관련 법령 또는 내부 인사규정상 채용이 불가능한 경우",서류전형 > 인성검사 > 실무면접 > 최종면접
1830,바이오·제약연구원 부문 모집,107,183,20260219,20260331,20,신입·경력,정규직,서울특별시,석사 이상,"본 포지션은 바이오·제약연구원 업무를 담당하며, 현장의 요구사항을 정확히 파악해 안정적인 결과를 만드는 역할입니다.

의료·바이오 분야의 실무 기준과 절차에 따라 계획 수립부터 실행, 결과 확인까지 전 과정에 참여합니다.

업무 과정에서 발생하는 이슈를 데이터와 기록에 근거해 분석하고, 유관 부서와 협의하여 개선합니다.

입사 후에는 표준 절차와 내부 시스템 교육을 이수하며, 숙련도에 따라 담당 범위가 확대됩니다.

정확성, 안전, 책임 있는 의사소통을 중시하며 실무 중심의 협업 역량을 기대합니다.","- 세포·단백질 기반 실험 수행
- 시험법 개발과 데이터 해석
- 의료진·연구진·행정부서 협업
- 대상자 안내 및 문의 대응
- 장비·시약·의약품 재고와 상태 확인
- 관련 법규 및 표준운영절차 준수
- 환자·대상자 상태 확인 및 업무계획 수립
- 직무 범위 내 처치·검사·연구 업무 수행","- 교대근무 또는 일정 조정이 가능한 분
- 의료·연구 윤리와 안전기준을 준수할 수 있는 분
- 직무 관련 면허·자격 또는 전공 요건 충족
- 환자·대상자의 개인정보를 보호할 수 있는 분
- 정확한 기록과 확인 절차를 준수하는 분
- 교대근무 또는 일정 조정이 가능한 분","- 바이오화학제품제조기사 보유자
- 화학분석기사 보유자
- 임상·연구 데이터 관리 경험
- 외국어 의사소통 가능자
- 종합병원·연구기관·제약바이오 업계 경험","- 지원서 또는 제출서류를 허위로 기재한 경우
- 채용검진 결과 직무 수행이 어렵다고 판단되는 경우
- 해외여행 및 근무에 결격사유가 있는 경우
- 관련 법령 또는 내부 인사규정상 채용이 불가능한 경우",서류전형 > 직무과제 > 실무면접 > 처우협의
1831,임상연구원 모집,133,184,20260501,20260515,5,신입,정규직,강원특별자치도,석사 이상,"본 포지션은 임상연구원 업무를 담당하며, 현장의 요구사항을 정확히 파악해 안정적인 결과를 만드는 역할입니다.

의료·바이오 분야의 실무 기준과 절차에 따라 계획 수립부터 실행, 결과 확인까지 전 과정에 참여합니다.

업무 과정에서 발생하는 이슈를 데이터와 기록에 근거해 분석하고, 유관 부서와 협의하여 개선합니다.

입사 후에는 표준 절차와 내부 시스템 교육을 이수하며, 숙련도에 따라 담당 범위가 확대됩니다.

정확성, 안전, 책임 있는 의사소통을 중시하며 실무 중심의 협업 역량을 기대합니다.","- 임상시험 계획과 기관 관리
- CRF·CTMS 데이터 점검
- 환자·대상자 상태 확인 및 업무계획 수립
- 직무 범위 내 처치·검사·연구 업무 수행
- 의무·연구 기록 정확성 관리
- 감염관리와 안전수칙 준수
- 의료진·연구진·행정부서 협업
- 대상자 안내 및 문의 대응","- 교대근무 또는 일정 조정이 가능한 분
- 의료·연구 윤리와 안전기준을 준수할 수 있는 분
- 직무 관련 면허·자격 또는 전공 요건 충족
- 환자·대상자의 개인정보를 보호할 수 있는 분
- 정확한 기록과 확인 절차를 준수하는 분
- 교대근무 또는 일정 조정이 가능한 분","- 임상시험종사자 교육 수료 보유자
- ACRP-CP 보유자
- 임상·연구 데이터 관리 경험
- 외국어 의사소통 가능자
- 종합병원·연구기관·제약바이오 업계 경험","- 지원서 또는 제출서류를 허위로 기재한 경우
- 채용검진 결과 직무 수행이 어렵다고 판단되는 경우
- 해외여행 및 근무에 결격사유가 있는 경우
- 관련 법령 또는 내부 인사규정상 채용이 불가능한 경우",서류전형 > 필기전형 > 면접전형 > 최종합격
1832,임상연구원 채용,151,184,20260706,20260727,9,경력,정규직,충청북도,학사 이상,"본 포지션은 임상연구원 업무를 담당하며, 현장의 요구사항을 정확히 파악해 안정적인 결과를 만드는 역할입니다.

의료·바이오 분야의 실무 기준과 절차에 따라 계획 수립부터 실행, 결과 확인까지 전 과정에 참여합니다.

업무 과정에서 발생하는 이슈를 데이터와 기록에 근거해 분석하고, 유관 부서와 협의하여 개선합니다.

입사 후에는 표준 절차와 내부 시스템 교육을 이수하며, 숙련도에 따라 담당 범위가 확대됩니다.

정확성, 안전, 책임 있는 의사소통을 중시하며 실무 중심의 협업 역량을 기대합니다.","- 임상시험 계획과 기관 관리
- CRF·CTMS 데이터 점검
- 감염관리와 안전수칙 준수
- 의료진·연구진·행정부서 협업
- 대상자 안내 및 문의 대응
- 장비·시약·의약품 재고와 상태 확인
- 관련 법규 및 표준운영절차 준수
- 환자·대상자 상태 확인 및 업무계획 수립","- 환자·대상자의 개인정보를 보호할 수 있는 분
- 정확한 기록과 확인 절차를 준수하는 분
- 교대근무 또는 일정 조정이 가능한 분
- 의료·연구 윤리와 안전기준을 준수할 수 있는 분
- 직무 관련 면허·자격 또는 전공 요건 충족
- 환자·대상자의 개인정보를 보호할 수 있는 분","- ACRP-CP 보유자
- SOCRA CCRP 보유자
- 관련 전문 자격 또는 교육 이수자
- EMR·LIS·CTMS 등 시스템 사용 경험
- 임상·연구 데이터 관리 경험","- 지원서 또는 제출서류를 허위로 기재한 경우
- 채용검진 결과 직무 수행이 어렵다고 판단되는 경우
- 해외여행 및 근무에 결격사유가 있는 경우
- 관련 법령 또는 내부 인사규정상 채용이 불가능한 경우",서류전형 > 실무면접 > 최종면접
1833,임상연구원 담당자 모집,35,184,20260911,20261009,13,신입·경력,계약직,충청남도,학사 이상,"본 포지션은 임상연구원 업무를 담당하며, 현장의 요구사항을 정확히 파악해 안정적인 결과를 만드는 역할입니다.

의료·바이오 분야의 실무 기준과 절차에 따라 계획 수립부터 실행, 결과 확인까지 전 과정에 참여합니다.

업무 과정에서 발생하는 이슈를 데이터와 기록에 근거해 분석하고, 유관 부서와 협의하여 개선합니다.

입사 후에는 표준 절차와 내부 시스템 교육을 이수하며, 숙련도에 따라 담당 범위가 확대됩니다.

정확성, 안전, 책임 있는 의사소통을 중시하며 실무 중심의 협업 역량을 기대합니다.","- 임상시험 계획과 기관 관리
- CRF·CTMS 데이터 점검
- 장비·시약·의약품 재고와 상태 확인
- 관련 법규 및 표준운영절차 준수
- 환자·대상자 상태 확인 및 업무계획 수립
- 직무 범위 내 처치·검사·연구 업무 수행
- 의무·연구 기록 정확성 관리
- 감염관리와 안전수칙 준수","- 의료·연구 윤리와 안전기준을 준수할 수 있는 분
- 직무 관련 면허·자격 또는 전공 요건 충족
- 환자·대상자의 개인정보를 보호할 수 있는 분
- 정확한 기록과 확인 절차를 준수하는 분
- 교대근무 또는 일정 조정이 가능한 분
- 의료·연구 윤리와 안전기준을 준수할 수 있는 분","- SOCRA CCRP 보유자
- 임상시험종사자 교육 수료 보유자
- 외국어 의사소통 가능자
- 종합병원·연구기관·제약바이오 업계 경험
- 관련 전문 자격 또는 교육 이수자","- 지원서 또는 제출서류를 허위로 기재한 경우
- 채용검진 결과 직무 수행이 어렵다고 판단되는 경우
- 해외여행 및 근무에 결격사유가 있는 경우
- 관련 법령 또는 내부 인사규정상 채용이 불가능한 경우",서류전형 > 인성검사 > 실무면접 > 최종면접
1834,임상연구원 인재 채용,54,184,20260116,20260220,17,경력 2년 이상,무기계약직,전북특별자치도,석사 이상,"본 포지션은 임상연구원 업무를 담당하며, 현장의 요구사항을 정확히 파악해 안정적인 결과를 만드는 역할입니다.

의료·바이오 분야의 실무 기준과 절차에 따라 계획 수립부터 실행, 결과 확인까지 전 과정에 참여합니다.

업무 과정에서 발생하는 이슈를 데이터와 기록에 근거해 분석하고, 유관 부서와 협의하여 개선합니다.

입사 후에는 표준 절차와 내부 시스템 교육을 이수하며, 숙련도에 따라 담당 범위가 확대됩니다.

정확성, 안전, 책임 있는 의사소통을 중시하며 실무 중심의 협업 역량을 기대합니다.","- 임상시험 계획과 기관 관리
- CRF·CTMS 데이터 점검
- 직무 범위 내 처치·검사·연구 업무 수행
- 의무·연구 기록 정확성 관리
- 감염관리와 안전수칙 준수
- 의료진·연구진·행정부서 협업
- 대상자 안내 및 문의 대응
- 장비·시약·의약품 재고와 상태 확인","- 정확한 기록과 확인 절차를 준수하는 분
- 교대근무 또는 일정 조정이 가능한 분
- 의료·연구 윤리와 안전기준을 준수할 수 있는 분
- 직무 관련 면허·자격 또는 전공 요건 충족
- 환자·대상자의 개인정보를 보호할 수 있는 분
- 정확한 기록과 확인 절차를 준수하는 분","- 임상시험종사자 교육 수료 보유자
- ACRP-CP 보유자
- EMR·LIS·CTMS 등 시스템 사용 경험
- 임상·연구 데이터 관리 경험
- 외국어 의사소통 가능자","- 지원서 또는 제출서류를 허위로 기재한 경우
- 채용검진 결과 직무 수행이 어렵다고 판단되는 경우
- 해외여행 및 근무에 결격사유가 있는 경우
- 관련 법령 또는 내부 인사규정상 채용이 불가능한 경우",서류전형 > 직무과제 > 실무면접 > 처우협의
1835,임상연구원 실무자 모집,82,184,20260321,20260502,1,경력 3년 이상,정규직,전라남도,학사 이상,"본 포지션은 임상연구원 업무를 담당하며, 현장의 요구사항을 정확히 파악해 안정적인 결과를 만드는 역할입니다.

의료·바이오 분야의 실무 기준과 절차에 따라 계획 수립부터 실행, 결과 확인까지 전 과정에 참여합니다.

업무 과정에서 발생하는 이슈를 데이터와 기록에 근거해 분석하고, 유관 부서와 협의하여 개선합니다.

입사 후에는 표준 절차와 내부 시스템 교육을 이수하며, 숙련도에 따라 담당 범위가 확대됩니다.

정확성, 안전, 책임 있는 의사소통을 중시하며 실무 중심의 협업 역량을 기대합니다.","- 임상시험 계획과 기관 관리
- CRF·CTMS 데이터 점검
- 의료진·연구진·행정부서 협업
- 대상자 안내 및 문의 대응
- 장비·시약·의약품 재고와 상태 확인
- 관련 법규 및 표준운영절차 준수
- 환자·대상자 상태 확인 및 업무계획 수립
- 직무 범위 내 처치·검사·연구 업무 수행","- 직무 관련 면허·자격 또는 전공 요건 충족
- 환자·대상자의 개인정보를 보호할 수 있는 분
- 정확한 기록과 확인 절차를 준수하는 분
- 교대근무 또는 일정 조정이 가능한 분
- 의료·연구 윤리와 안전기준을 준수할 수 있는 분
- 직무 관련 면허·자격 또는 전공 요건 충족","- ACRP-CP 보유자
- SOCRA CCRP 보유자
- 종합병원·연구기관·제약바이오 업계 경험
- 관련 전문 자격 또는 교육 이수자
- EMR·LIS·CTMS 등 시스템 사용 경험","- 지원서 또는 제출서류를 허위로 기재한 경우
- 채용검진 결과 직무 수행이 어렵다고 판단되는 경우
- 해외여행 및 근무에 결격사유가 있는 경우
- 관련 법령 또는 내부 인사규정상 채용이 불가능한 경우",서류전형 > 1차면접 > 2차면접 > 채용검진
1836,임상연구원 전문인력 채용,132,184,20260502,20260515,5,경력 무관,정규직,경상북도,학사 이상,"본 포지션은 임상연구원 업무를 담당하며, 현장의 요구사항을 정확히 파악해 안정적인 결과를 만드는 역할입니다.

의료·바이오 분야의 실무 기준과 절차에 따라 계획 수립부터 실행, 결과 확인까지 전 과정에 참여합니다.

업무 과정에서 발생하는 이슈를 데이터와 기록에 근거해 분석하고, 유관 부서와 협의하여 개선합니다.

입사 후에는 표준 절차와 내부 시스템 교육을 이수하며, 숙련도에 따라 담당 범위가 확대됩니다.

정확성, 안전, 책임 있는 의사소통을 중시하며 실무 중심의 협업 역량을 기대합니다.","- 임상시험 계획과 기관 관리
- CRF·CTMS 데이터 점검
- 관련 법규 및 표준운영절차 준수
- 환자·대상자 상태 확인 및 업무계획 수립
- 직무 범위 내 처치·검사·연구 업무 수행
- 의무·연구 기록 정확성 관리
- 감염관리와 안전수칙 준수
- 의료진·연구진·행정부서 협업","- 교대근무 또는 일정 조정이 가능한 분
- 의료·연구 윤리와 안전기준을 준수할 수 있는 분
- 직무 관련 면허·자격 또는 전공 요건 충족
- 환자·대상자의 개인정보를 보호할 수 있는 분
- 정확한 기록과 확인 절차를 준수하는 분
- 교대근무 또는 일정 조정이 가능한 분","- SOCRA CCRP 보유자
- 임상시험종사자 교육 수료 보유자
- 임상·연구 데이터 관리 경험
- 외국어 의사소통 가능자
- 종합병원·연구기관·제약바이오 업계 경험","- 지원서 또는 제출서류를 허위로 기재한 경우
- 채용검진 결과 직무 수행이 어렵다고 판단되는 경우
- 해외여행 및 근무에 결격사유가 있는 경우
- 관련 법령 또는 내부 인사규정상 채용이 불가능한 경우",서류전형 > 필기전형 > 면접전형 > 최종합격
1837,임상연구원 운영인력 모집,82,184,20260707,20260727,9,경력 5년 이상,계약직,경상남도,석사 이상,"본 포지션은 임상연구원 업무를 담당하며, 현장의 요구사항을 정확히 파악해 안정적인 결과를 만드는 역할입니다.

의료·바이오 분야의 실무 기준과 절차에 따라 계획 수립부터 실행, 결과 확인까지 전 과정에 참여합니다.

업무 과정에서 발생하는 이슈를 데이터와 기록에 근거해 분석하고, 유관 부서와 협의하여 개선합니다.

입사 후에는 표준 절차와 내부 시스템 교육을 이수하며, 숙련도에 따라 담당 범위가 확대됩니다.

정확성, 안전, 책임 있는 의사소통을 중시하며 실무 중심의 협업 역량을 기대합니다.","- 임상시험 계획과 기관 관리
- CRF·CTMS 데이터 점검
- 의무·연구 기록 정확성 관리
- 감염관리와 안전수칙 준수
- 의료진·연구진·행정부서 협업
- 대상자 안내 및 문의 대응
- 장비·시약·의약품 재고와 상태 확인
- 관련 법규 및 표준운영절차 준수","- 환자·대상자의 개인정보를 보호할 수 있는 분
- 정확한 기록과 확인 절차를 준수하는 분
- 교대근무 또는 일정 조정이 가능한 분
- 의료·연구 윤리와 안전기준을 준수할 수 있는 분
- 직무 관련 면허·자격 또는 전공 요건 충족
- 환자·대상자의 개인정보를 보호할 수 있는 분","- 임상시험종사자 교육 수료 보유자
- ACRP-CP 보유자
- 관련 전문 자격 또는 교육 이수자
- EMR·LIS·CTMS 등 시스템 사용 경험
- 임상·연구 데이터 관리 경험","- 지원서 또는 제출서류를 허위로 기재한 경우
- 채용검진 결과 직무 수행이 어렵다고 판단되는 경우
- 해외여행 및 근무에 결격사유가 있는 경우
- 관련 법령 또는 내부 인사규정상 채용이 불가능한 경우",서류전형 > 실무면접 > 최종면접
1838,임상연구원 프로젝트 인력 채용,34,184,20260912,20261009,13,신입,무기계약직,제주특별자치도,학사 이상,"본 포지션은 임상연구원 업무를 담당하며, 현장의 요구사항을 정확히 파악해 안정적인 결과를 만드는 역할입니다.

의료·바이오 분야의 실무 기준과 절차에 따라 계획 수립부터 실행, 결과 확인까지 전 과정에 참여합니다.

업무 과정에서 발생하는 이슈를 데이터와 기록에 근거해 분석하고, 유관 부서와 협의하여 개선합니다.

입사 후에는 표준 절차와 내부 시스템 교육을 이수하며, 숙련도에 따라 담당 범위가 확대됩니다.

정확성, 안전, 책임 있는 의사소통을 중시하며 실무 중심의 협업 역량을 기대합니다.","- 임상시험 계획과 기관 관리
- CRF·CTMS 데이터 점검
- 대상자 안내 및 문의 대응
- 장비·시약·의약품 재고와 상태 확인
- 관련 법규 및 표준운영절차 준수
- 환자·대상자 상태 확인 및 업무계획 수립
- 직무 범위 내 처치·검사·연구 업무 수행
- 의무·연구 기록 정확성 관리","- 의료·연구 윤리와 안전기준을 준수할 수 있는 분
- 직무 관련 면허·자격 또는 전공 요건 충족
- 환자·대상자의 개인정보를 보호할 수 있는 분
- 정확한 기록과 확인 절차를 준수하는 분
- 교대근무 또는 일정 조정이 가능한 분
- 의료·연구 윤리와 안전기준을 준수할 수 있는 분","- ACRP-CP 보유자
- SOCRA CCRP 보유자
- 외국어 의사소통 가능자
- 종합병원·연구기관·제약바이오 업계 경험
- 관련 전문 자격 또는 교육 이수자","- 지원서 또는 제출서류를 허위로 기재한 경우
- 채용검진 결과 직무 수행이 어렵다고 판단되는 경우
- 해외여행 및 근무에 결격사유가 있는 경우
- 관련 법령 또는 내부 인사규정상 채용이 불가능한 경우",서류전형 > 인성검사 > 실무면접 > 최종면접
1839,임상연구원 직무 채용,39,184,20260117,20260220,17,경력,정규직,서울특별시,학사 이상,"본 포지션은 임상연구원 업무를 담당하며, 현장의 요구사항을 정확히 파악해 안정적인 결과를 만드는 역할입니다.

의료·바이오 분야의 실무 기준과 절차에 따라 계획 수립부터 실행, 결과 확인까지 전 과정에 참여합니다.

업무 과정에서 발생하는 이슈를 데이터와 기록에 근거해 분석하고, 유관 부서와 협의하여 개선합니다.

입사 후에는 표준 절차와 내부 시스템 교육을 이수하며, 숙련도에 따라 담당 범위가 확대됩니다.

정확성, 안전, 책임 있는 의사소통을 중시하며 실무 중심의 협업 역량을 기대합니다.","- 임상시험 계획과 기관 관리
- CRF·CTMS 데이터 점검
- 환자·대상자 상태 확인 및 업무계획 수립
- 직무 범위 내 처치·검사·연구 업무 수행
- 의무·연구 기록 정확성 관리
- 감염관리와 안전수칙 준수
- 의료진·연구진·행정부서 협업
- 대상자 안내 및 문의 대응","- 정확한 기록과 확인 절차를 준수하는 분
- 교대근무 또는 일정 조정이 가능한 분
- 의료·연구 윤리와 안전기준을 준수할 수 있는 분
- 직무 관련 면허·자격 또는 전공 요건 충족
- 환자·대상자의 개인정보를 보호할 수 있는 분
- 정확한 기록과 확인 절차를 준수하는 분","- SOCRA CCRP 보유자
- 임상시험종사자 교육 수료 보유자
- EMR·LIS·CTMS 등 시스템 사용 경험
- 임상·연구 데이터 관리 경험
- 외국어 의사소통 가능자","- 지원서 또는 제출서류를 허위로 기재한 경우
- 채용검진 결과 직무 수행이 어렵다고 판단되는 경우
- 해외여행 및 근무에 결격사유가 있는 경우
- 관련 법령 또는 내부 인사규정상 채용이 불가능한 경우",서류전형 > 직무과제 > 실무면접 > 처우협의
1840,임상연구원 부문 모집,113,184,20260322,20260502,1,신입·경력,정규직,부산광역시,석사 이상,"본 포지션은 임상연구원 업무를 담당하며, 현장의 요구사항을 정확히 파악해 안정적인 결과를 만드는 역할입니다.

의료·바이오 분야의 실무 기준과 절차에 따라 계획 수립부터 실행, 결과 확인까지 전 과정에 참여합니다.

업무 과정에서 발생하는 이슈를 데이터와 기록에 근거해 분석하고, 유관 부서와 협의하여 개선합니다.

입사 후에는 표준 절차와 내부 시스템 교육을 이수하며, 숙련도에 따라 담당 범위가 확대됩니다.

정확성, 안전, 책임 있는 의사소통을 중시하며 실무 중심의 협업 역량을 기대합니다.","- 임상시험 계획과 기관 관리
- CRF·CTMS 데이터 점검
- 감염관리와 안전수칙 준수
- 의료진·연구진·행정부서 협업
- 대상자 안내 및 문의 대응
- 장비·시약·의약품 재고와 상태 확인
- 관련 법규 및 표준운영절차 준수
- 환자·대상자 상태 확인 및 업무계획 수립","- 직무 관련 면허·자격 또는 전공 요건 충족
- 환자·대상자의 개인정보를 보호할 수 있는 분
- 정확한 기록과 확인 절차를 준수하는 분
- 교대근무 또는 일정 조정이 가능한 분
- 의료·연구 윤리와 안전기준을 준수할 수 있는 분
- 직무 관련 면허·자격 또는 전공 요건 충족","- 임상시험종사자 교육 수료 보유자
- ACRP-CP 보유자
- 종합병원·연구기관·제약바이오 업계 경험
- 관련 전문 자격 또는 교육 이수자
- EMR·LIS·CTMS 등 시스템 사용 경험","- 지원서 또는 제출서류를 허위로 기재한 경우
- 채용검진 결과 직무 수행이 어렵다고 판단되는 경우
- 해외여행 및 근무에 결격사유가 있는 경우
- 관련 법령 또는 내부 인사규정상 채용이 불가능한 경우",서류전형 > 1차면접 > 2차면접 > 채용검진
